ISO-10303-21;
HEADER;
FILE_DESCRIPTION(('Designed by EasyEDA Pro'),'2;1');
FILE_NAME('Open CASCADE Shape Model','2026-05-12T08:58:30',('Author'),(
    'Open CASCADE'),'Open CASCADE STEP processor 7.8','Open CASCADE 7.8'
  ,'Unknown');
FILE_SCHEMA(('AUTOMOTIVE_DESIGN { 1 0 10303 214 1 1 1 1 }'));
ENDSEC;
DATA;
#1 = APPLICATION_PROTOCOL_DEFINITION('international standard',
  'automotive_design',2000,#2);
#2 = APPLICATION_CONTEXT(
  'core data for automotive mechanical design processes');
#3 = SHAPE_DEFINITION_REPRESENTATION(#4,#10);
#4 = PRODUCT_DEFINITION_SHAPE('','',#5);
#5 = PRODUCT_DEFINITION('design','',#6,#9);
#6 = PRODUCT_DEFINITION_FORMATION('','',#7);
#7 = PRODUCT('EasyEDA PCB Model~5ZeZ','EasyEDA PCB Model~5ZeZ','',(#8));
#8 = PRODUCT_CONTEXT('',#2,'mechanical');
#9 = PRODUCT_DEFINITION_CONTEXT('part definition',#2,'design');
#10 = SHAPE_REPRESENTATION('',(#11,#15,#19,#23,#27,#31,#35,#39,#43,#47,
    #51,#55,#59,#63,#67,#71,#75,#79,#83,#87,#91,#95,#99,#103,#107,#111,
    #115,#119,#123,#127,#131,#135,#139,#143,#147,#151,#155,#159,#163,
    #167,#171,#175,#179,#183,#187,#191,#195,#199,#203,#207,#211,#215,
    #219,#223,#227,#231,#235,#239,#243,#247,#251,#255,#259,#263,#267,
    #271,#275,#279,#283,#287,#291,#295,#299,#303,#307,#311,#315,#319,
    #323,#327,#331,#335,#339,#343,#347,#351,#355,#359,#363,#367,#371,
    #375,#379,#383,#387,#391,#395,#399,#403,#407,#411,#415,#419,#423,
    #427,#431,#435,#439,#443,#447,#451,#455,#459,#463,#467,#471,#475,
    #479,#483,#487,#491,#495,#499,#503,#507,#511,#515,#519,#523,#527,
    #531,#535,#539,#543,#547,#551,#555,#559,#563,#567,#571,#575,#579,
    #583,#587,#591,#595,#599,#603,#607,#611,#615,#619,#623,#627,#631,
    #635,#639,#643,#647,#651,#655,#659,#663,#667,#671,#675,#679,#683,
    #687,#691,#695,#699,#703,#707,#711,#715,#719,#723,#727,#731,#735,
    #739,#743,#747,#751,#755,#759,#763,#767,#771,#775,#779,#783,#787,
    #791,#795,#799,#803,#807,#811,#815,#819,#823,#827,#831,#835,#839,
    #843,#847,#851,#855,#859,#863,#867,#871,#875,#879,#883,#887,#891,
    #895,#899,#903,#907,#911,#915,#919,#923,#927,#931,#935,#939,#943,
    #947,#951,#955,#959,#963,#967,#971,#975,#979,#983,#987,#991,#995,
    #999,#1003,#1007,#1011,#1015,#1019,#1023,#1027,#1031,#1035,#1039,
    #1043,#1047,#1051,#1055,#1059,#1063,#1067,#1071,#1075,#1079,#1083,
    #1087,#1091,#1095,#1099,#1103,#1107,#1111,#1115,#1119,#1123,#1127,
    #1131,#1135,#1139,#1143,#1147,#1151,#1155,#1159,#1163,#1167,#1171,
    #1175,#1179,#1183,#1187,#1191,#1195,#1199,#1203,#1207,#1211,#1215,
    #1219,#1223,#1227,#1231,#1235,#1239,#1243,#1247,#1251,#1255,#1259,
    #1263,#1267,#1271,#1275,#1279,#1283,#1287,#1291,#1295,#1299,#1303,
    #1307,#1311,#1315,#1319,#1323,#1327,#1331,#1335,#1339,#1343,#1347,
    #1351,#1355,#1359,#1363,#1367,#1371,#1375,#1379,#1383,#1387,#1391,
    #1395,#1399,#1403,#1407,#1411,#1415,#1419,#1423,#1427,#1431,#1435,
    #1439,#1443,#1447,#1451,#1455,#1459,#1463,#1467,#1471,#1475,#1479,
    #1483),#1487);
#11 = AXIS2_PLACEMENT_3D('',#12,#13,#14);
#12 = CARTESIAN_POINT('',(0.,0.,0.));
#13 = DIRECTION('',(0.,0.,1.));
#14 = DIRECTION('',(1.,0.,-0.));
#15 = AXIS2_PLACEMENT_3D('',#16,#17,#18);
#16 = CARTESIAN_POINT('',(0.,0.,0.));
#17 = DIRECTION('',(0.,0.,1.));
#18 = DIRECTION('',(1.,0.,-0.));
#19 = AXIS2_PLACEMENT_3D('',#20,#21,#22);
#20 = CARTESIAN_POINT('',(0.,0.,1.548354076708));
#21 = DIRECTION('',(0.,0.,1.));
#22 = DIRECTION('',(1.,0.,-0.));
#23 = AXIS2_PLACEMENT_3D('',#24,#25,#26);
#24 = CARTESIAN_POINT('',(0.,0.,-1.E-02));
#25 = DIRECTION('',(0.,0.,1.));
#26 = DIRECTION('',(1.,0.,-0.));
#27 = AXIS2_PLACEMENT_3D('',#28,#29,#30);
#28 = CARTESIAN_POINT('',(0.,0.,0.));
#29 = DIRECTION('',(0.,0.,1.));
#30 = DIRECTION('',(1.,0.,-0.));
#31 = AXIS2_PLACEMENT_3D('',#32,#33,#34);
#32 = CARTESIAN_POINT('',(0.,0.,0.));
#33 = DIRECTION('',(0.,0.,1.));
#34 = DIRECTION('',(1.,0.,-0.));
#35 = AXIS2_PLACEMENT_3D('',#36,#37,#38);
#36 = CARTESIAN_POINT('',(24.877536195072,4.551546863094,1.538354076708)
  );
#37 = DIRECTION('',(-0.,0.,1.));
#38 = DIRECTION('',(1.110223024625E-16,-1.,0.));
#39 = AXIS2_PLACEMENT_3D('',#40,#41,#42);
#40 = CARTESIAN_POINT('',(11.671922783846,4.551546863094,1.538354076708)
  );
#41 = DIRECTION('',(-0.,0.,1.));
#42 = DIRECTION('',(1.110223024625E-16,-1.,0.));
#43 = AXIS2_PLACEMENT_3D('',#44,#45,#46);
#44 = CARTESIAN_POINT('',(11.567922275845,11.687183134366,1.538354076708
    ));
#45 = DIRECTION('',(0.,-0.,1.));
#46 = DIRECTION('',(1.110223024625E-16,1.,0.));
#47 = AXIS2_PLACEMENT_3D('',#48,#49,#50);
#48 = CARTESIAN_POINT('',(24.877536195072,11.687183134366,1.538354076708
    ));
#49 = DIRECTION('',(0.,-0.,1.));
#50 = DIRECTION('',(1.110223024625E-16,1.,0.));
#51 = AXIS2_PLACEMENT_3D('',#52,#53,#54);
#52 = CARTESIAN_POINT('',(65.578630937262,39.357795275591,1.538354076708
    ));
#53 = DIRECTION('',(0.,0.,1.));
#54 = DIRECTION('',(1.,0.,0.));
#55 = AXIS2_PLACEMENT_3D('',#56,#57,#58);
#56 = CARTESIAN_POINT('',(60.798514097028,38.42063500127,1.538354076708)
  );
#57 = DIRECTION('',(0.,0.,1.));
#58 = DIRECTION('',(1.,0.,0.));
#59 = AXIS2_PLACEMENT_3D('',#60,#61,#62);
#60 = CARTESIAN_POINT('',(28.305422910846,4.354810769622,1.538354076708)
  );
#61 = DIRECTION('',(0.,0.,1.));
#62 = DIRECTION('',(-1.,1.224646799147E-16,0.));
#63 = AXIS2_PLACEMENT_3D('',#64,#65,#66);
#64 = CARTESIAN_POINT('',(28.575311150622,45.564737109474,1.538354076708
    ));
#65 = DIRECTION('',(0.,-0.,1.));
#66 = DIRECTION('',(1.110223024625E-16,1.,0.));
#67 = AXIS2_PLACEMENT_3D('',#68,#69,#70);
#68 = CARTESIAN_POINT('',(34.504244348489,11.025900431801,1.538354076708
    ));
#69 = DIRECTION('',(0.,0.,1.));
#70 = DIRECTION('',(1.,0.,0.));
#71 = AXIS2_PLACEMENT_3D('',#72,#73,#74);
#72 = CARTESIAN_POINT('',(16.386507493015,47.138072136144,1.538354076708
    ));
#73 = DIRECTION('',(-0.,0.,1.));
#74 = DIRECTION('',(1.110223024625E-16,-1.,0.));
#75 = AXIS2_PLACEMENT_3D('',#76,#77,#78);
#76 = CARTESIAN_POINT('',(29.841668783338,26.16382016764,1.538354076708)
  );
#77 = DIRECTION('',(0.,0.,1.));
#78 = DIRECTION('',(1.,0.,0.));
#79 = AXIS2_PLACEMENT_3D('',#80,#81,#82);
#80 = CARTESIAN_POINT('',(18.321854203708,8.163662687325,1.538354076708)
  );
#81 = DIRECTION('',(0.,0.,1.));
#82 = DIRECTION('',(1.,0.,0.));
#83 = AXIS2_PLACEMENT_3D('',#84,#85,#86);
#84 = CARTESIAN_POINT('',(33.154345948692,7.676799593599,1.538354076708)
  );
#85 = DIRECTION('',(-0.,0.,1.));
#86 = DIRECTION('',(1.110223024625E-16,-1.,0.));
#87 = AXIS2_PLACEMENT_3D('',#88,#89,#90);
#88 = CARTESIAN_POINT('',(44.437988315977,34.63855981712,0.));
#89 = DIRECTION('',(1.224646799147E-16,0.,-1.));
#90 = DIRECTION('',(1.,1.224646799147E-16,1.224646799147E-16));
#91 = AXIS2_PLACEMENT_3D('',#92,#93,#94);
#92 = CARTESIAN_POINT('',(10.859751079502,47.430708661417,1.538354076708
    ));
#93 = DIRECTION('',(0.,0.,1.));
#94 = DIRECTION('',(-1.,1.224646799147E-16,0.));
#95 = AXIS2_PLACEMENT_3D('',#96,#97,#98);
#96 = CARTESIAN_POINT('',(23.498529337059,7.324889509779,1.538354076708)
  );
#97 = DIRECTION('',(-0.,0.,1.));
#98 = DIRECTION('',(1.110223024625E-16,-1.,0.));
#99 = AXIS2_PLACEMENT_3D('',#100,#101,#102);
#100 = CARTESIAN_POINT('',(21.623860807722,7.324889509779,1.538354076708
    ));
#101 = DIRECTION('',(0.,-0.,1.));
#102 = DIRECTION('',(1.110223024625E-16,1.,0.));
#103 = AXIS2_PLACEMENT_3D('',#104,#105,#106);
#104 = CARTESIAN_POINT('',(13.129946659893,7.325143510287,1.538354076708
    ));
#105 = DIRECTION('',(-0.,0.,1.));
#106 = DIRECTION('',(1.110223024625E-16,-1.,0.));
#107 = AXIS2_PLACEMENT_3D('',#108,#109,#110);
#108 = CARTESIAN_POINT('',(14.892847345695,7.316253492507,1.538354076708
    ));
#109 = DIRECTION('',(0.,-0.,1.));
#110 = DIRECTION('',(1.110223024625E-16,1.,0.));
#111 = AXIS2_PLACEMENT_3D('',#112,#113,#114);
#112 = CARTESIAN_POINT('',(14.027594615189,9.011376682753,1.538354076708
    ));
#113 = DIRECTION('',(0.,-0.,1.));
#114 = DIRECTION('',(1.110223024625E-16,1.,0.));
#115 = AXIS2_PLACEMENT_3D('',#116,#117,#118);
#116 = CARTESIAN_POINT('',(14.892847345695,9.002486664973,1.538354076708
    ));
#117 = DIRECTION('',(-0.,0.,1.));
#118 = DIRECTION('',(1.110223024625E-16,-1.,0.));
#119 = AXIS2_PLACEMENT_3D('',#120,#121,#122);
#120 = CARTESIAN_POINT('',(22.561193802388,9.002486664973,1.538354076708
    ));
#121 = DIRECTION('',(0.,-0.,1.));
#122 = DIRECTION('',(1.110223024625E-16,1.,0.));
#123 = AXIS2_PLACEMENT_3D('',#124,#125,#126);
#124 = CARTESIAN_POINT('',(21.623860807722,9.002486664973,1.538354076708
    ));
#125 = DIRECTION('',(-0.,0.,1.));
#126 = DIRECTION('',(1.110223024625E-16,-1.,0.));
#127 = AXIS2_PLACEMENT_3D('',#128,#129,#130);
#128 = CARTESIAN_POINT('',(19.626012192024,5.133037846076,0.));
#129 = DIRECTION('',(1.224646799147E-16,0.,-1.));
#130 = DIRECTION('',(2.22044604925E-16,-1.,2.719262146894E-32));
#131 = AXIS2_PLACEMENT_3D('',#132,#133,#134);
#132 = CARTESIAN_POINT('',(15.477696215392,5.133037846076,0.));
#133 = DIRECTION('',(1.224646799147E-16,0.,-1.));
#134 = DIRECTION('',(2.22044604925E-16,-1.,2.719262146894E-32));
#135 = AXIS2_PLACEMENT_3D('',#136,#137,#138);
#136 = CARTESIAN_POINT('',(17.814500889002,11.655059690119,0.));
#137 = DIRECTION('',(1.224646799147E-16,0.,-1.));
#138 = DIRECTION('',(-1.110223024625E-16,1.,-1.359631073447E-32));
#139 = AXIS2_PLACEMENT_3D('',#140,#141,#142);
#140 = CARTESIAN_POINT('',(50.831727203454,21.10159004318,0.));
#141 = DIRECTION('',(1.224646799147E-16,0.,-1.));
#142 = DIRECTION('',(-1.,0.,-1.224646799147E-16));
#143 = AXIS2_PLACEMENT_3D('',#144,#145,#146);
#144 = CARTESIAN_POINT('',(47.998892557785,23.87696977394,0.));
#145 = DIRECTION('',(1.224646799147E-16,0.,-1.));
#146 = DIRECTION('',(2.22044604925E-16,-1.,2.719262146894E-32));
#147 = AXIS2_PLACEMENT_3D('',#148,#149,#150);
#148 = CARTESIAN_POINT('',(56.032512065024,2.506390652781,0.));
#149 = DIRECTION('',(1.224646799147E-16,0.,-1.));
#150 = DIRECTION('',(-1.,0.,-1.224646799147E-16));
#151 = AXIS2_PLACEMENT_3D('',#152,#153,#154);
#152 = CARTESIAN_POINT('',(60.452120904242,2.51682499365,0.));
#153 = DIRECTION('',(1.224646799147E-16,0.,-1.));
#154 = DIRECTION('',(-1.,0.,-1.224646799147E-16));
#155 = AXIS2_PLACEMENT_3D('',#156,#157,#158);
#156 = CARTESIAN_POINT('',(46.762397764796,34.017284734569,0.));
#157 = DIRECTION('',(1.224646799147E-16,0.,-1.));
#158 = DIRECTION('',(-1.110223024625E-16,1.,-1.359631073447E-32));
#159 = AXIS2_PLACEMENT_3D('',#160,#161,#162);
#160 = CARTESIAN_POINT('',(26.386634493269,39.118978917958,0.));
#161 = DIRECTION('',(1.224646799147E-16,0.,-1.));
#162 = DIRECTION('',(-1.,0.,-1.224646799147E-16));
#163 = AXIS2_PLACEMENT_3D('',#164,#165,#166);
#164 = CARTESIAN_POINT('',(48.790040640081,29.432148844298,0.));
#165 = DIRECTION('',(1.224646799147E-16,0.,-1.));
#166 = DIRECTION('',(-1.110223024625E-16,1.,-1.359631073447E-32));
#167 = AXIS2_PLACEMENT_3D('',#168,#169,#170);
#168 = CARTESIAN_POINT('',(26.377744475489,41.023982727965,0.));
#169 = DIRECTION('',(1.224646799147E-16,0.,-1.));
#170 = DIRECTION('',(1.,1.224646799147E-16,1.224646799147E-16));
#171 = AXIS2_PLACEMENT_3D('',#172,#173,#174);
#172 = CARTESIAN_POINT('',(32.498382016764,38.166477012954,0.));
#173 = DIRECTION('',(1.224646799147E-16,0.,-1.));
#174 = DIRECTION('',(-1.,0.,-1.224646799147E-16));
#175 = AXIS2_PLACEMENT_3D('',#176,#177,#178);
#176 = CARTESIAN_POINT('',(26.377744475489,40.071480822962,0.));
#177 = DIRECTION('',(1.224646799147E-16,0.,-1.));
#178 = DIRECTION('',(1.,1.224646799147E-16,1.224646799147E-16));
#179 = AXIS2_PLACEMENT_3D('',#180,#181,#182);
#180 = CARTESIAN_POINT('',(50.392506985014,30.260292100584,0.));
#181 = DIRECTION('',(1.224646799147E-16,0.,-1.));
#182 = DIRECTION('',(-1.110223024625E-16,1.,-1.359631073447E-32));
#183 = AXIS2_PLACEMENT_3D('',#184,#185,#186);
#184 = CARTESIAN_POINT('',(26.386634493269,38.166477012954,0.));
#185 = DIRECTION('',(1.224646799147E-16,0.,-1.));
#186 = DIRECTION('',(-1.,0.,-1.224646799147E-16));
#187 = AXIS2_PLACEMENT_3D('',#188,#189,#190);
#188 = CARTESIAN_POINT('',(32.489491998984,40.071480822962,0.));
#189 = DIRECTION('',(1.224646799147E-16,0.,-1.));
#190 = DIRECTION('',(1.,1.224646799147E-16,1.224646799147E-16));
#191 = AXIS2_PLACEMENT_3D('',#192,#193,#194);
#192 = CARTESIAN_POINT('',(26.386634493269,37.253063246126,0.));
#193 = DIRECTION('',(1.224646799147E-16,0.,-1.));
#194 = DIRECTION('',(-1.,0.,-1.224646799147E-16));
#195 = AXIS2_PLACEMENT_3D('',#196,#197,#198);
#196 = CARTESIAN_POINT('',(32.498382016764,39.118978917958,0.));
#197 = DIRECTION('',(1.224646799147E-16,0.,-1.));
#198 = DIRECTION('',(-1.,0.,-1.224646799147E-16));
#199 = AXIS2_PLACEMENT_3D('',#200,#201,#202);
#200 = CARTESIAN_POINT('',(36.004516129032,8.553309626619,1.538354076708
    ));
#201 = DIRECTION('',(0.,0.,1.));
#202 = DIRECTION('',(-1.,1.224646799147E-16,0.));
#203 = AXIS2_PLACEMENT_3D('',#204,#205,#206);
#204 = CARTESIAN_POINT('',(36.017272034544,7.639131318263,1.538354076708
    ));
#205 = DIRECTION('',(0.,0.,1.));
#206 = DIRECTION('',(1.,0.,0.));
#207 = AXIS2_PLACEMENT_3D('',#208,#209,#210);
#208 = CARTESIAN_POINT('',(52.723302006604,33.747500635001,0.));
#209 = DIRECTION('',(1.224646799147E-16,0.,-1.));
#210 = DIRECTION('',(-1.110223024625E-16,1.,-1.359631073447E-32));
#211 = AXIS2_PLACEMENT_3D('',#212,#213,#214);
#212 = CARTESIAN_POINT('',(21.624323088646,23.668798577597,
    1.538354076708));
#213 = DIRECTION('',(-0.,0.,1.));
#214 = DIRECTION('',(1.110223024625E-16,-1.,0.));
#215 = AXIS2_PLACEMENT_3D('',#216,#217,#218);
#216 = CARTESIAN_POINT('',(13.568326136652,28.702057404115,0.));
#217 = DIRECTION('',(1.224646799147E-16,0.,-1.));
#218 = DIRECTION('',(-1.,0.,-1.224646799147E-16));
#219 = AXIS2_PLACEMENT_3D('',#220,#221,#222);
#220 = CARTESIAN_POINT('',(13.207970535941,26.93078486157,1.538354076708
    ));
#221 = DIRECTION('',(0.,0.,1.));
#222 = DIRECTION('',(1.,0.,0.));
#223 = AXIS2_PLACEMENT_3D('',#224,#225,#226);
#224 = CARTESIAN_POINT('',(13.209197358395,23.263647447295,
    1.538354076708));
#225 = DIRECTION('',(0.,0.,1.));
#226 = DIRECTION('',(-1.,1.224646799147E-16,0.));
#227 = AXIS2_PLACEMENT_3D('',#228,#229,#230);
#228 = CARTESIAN_POINT('',(16.167642875286,23.659908559817,
    1.538354076708));
#229 = DIRECTION('',(0.,-0.,1.));
#230 = DIRECTION('',(1.110223024625E-16,1.,0.));
#231 = AXIS2_PLACEMENT_3D('',#232,#233,#234);
#232 = CARTESIAN_POINT('',(51.081727203454,2.476489712979,0.));
#233 = DIRECTION('',(1.224646799147E-16,0.,-1.));
#234 = DIRECTION('',(1.,1.224646799147E-16,1.224646799147E-16));
#235 = AXIS2_PLACEMENT_3D('',#236,#237,#238);
#236 = CARTESIAN_POINT('',(12.843848107696,20.759928879858,
    1.538354076708));
#237 = DIRECTION('',(0.,0.,1.));
#238 = DIRECTION('',(-1.,1.224646799147E-16,0.));
#239 = AXIS2_PLACEMENT_3D('',#240,#241,#242);
#240 = CARTESIAN_POINT('',(12.834958089916,21.587277114554,
    1.538354076708));
#241 = DIRECTION('',(0.,0.,1.));
#242 = DIRECTION('',(1.,0.,0.));
#243 = AXIS2_PLACEMENT_3D('',#244,#245,#246);
#244 = CARTESIAN_POINT('',(10.863162306325,35.648211836424,0.));
#245 = DIRECTION('',(1.224646799147E-16,0.,-1.));
#246 = DIRECTION('',(-1.110223024625E-16,1.,-1.359631073447E-32));
#247 = AXIS2_PLACEMENT_3D('',#248,#249,#250);
#248 = CARTESIAN_POINT('',(11.730175260351,35.648211836424,0.));
#249 = DIRECTION('',(1.224646799147E-16,0.,-1.));
#250 = DIRECTION('',(-1.110223024625E-16,1.,-1.359631073447E-32));
#251 = AXIS2_PLACEMENT_3D('',#252,#253,#254);
#252 = CARTESIAN_POINT('',(12.597188214376,35.648211836424,0.));
#253 = DIRECTION('',(1.224646799147E-16,0.,-1.));
#254 = DIRECTION('',(-1.110223024625E-16,1.,-1.359631073447E-32));
#255 = AXIS2_PLACEMENT_3D('',#256,#257,#258);
#256 = CARTESIAN_POINT('',(13.464201168402,35.648211836424,0.));
#257 = DIRECTION('',(1.224646799147E-16,0.,-1.));
#258 = DIRECTION('',(-1.110223024625E-16,1.,-1.359631073447E-32));
#259 = AXIS2_PLACEMENT_3D('',#260,#261,#262);
#260 = CARTESIAN_POINT('',(9.792120904242,40.239344678689,0.));
#261 = DIRECTION('',(1.224646799147E-16,0.,-1.));
#262 = DIRECTION('',(-1.,0.,-1.224646799147E-16));
#263 = AXIS2_PLACEMENT_3D('',#264,#265,#266);
#264 = CARTESIAN_POINT('',(10.008732537465,35.652656845314,0.));
#265 = DIRECTION('',(1.224646799147E-16,0.,-1.));
#266 = DIRECTION('',(2.22044604925E-16,-1.,2.719262146894E-32));
#267 = AXIS2_PLACEMENT_3D('',#268,#269,#270);
#268 = CARTESIAN_POINT('',(21.981328422657,38.325778511557,0.));
#269 = DIRECTION('',(1.224646799147E-16,0.,-1.));
#270 = DIRECTION('',(1.,1.224646799147E-16,1.224646799147E-16));
#271 = AXIS2_PLACEMENT_3D('',#272,#273,#274);
#272 = CARTESIAN_POINT('',(21.981328422657,37.500802641605,0.));
#273 = DIRECTION('',(1.224646799147E-16,0.,-1.));
#274 = DIRECTION('',(1.,1.224646799147E-16,1.224646799147E-16));
#275 = AXIS2_PLACEMENT_3D('',#276,#277,#278);
#276 = CARTESIAN_POINT('',(76.763782067564,34.861107442215,
    1.538354076708));
#277 = DIRECTION('',(0.,-0.,1.));
#278 = DIRECTION('',(1.110223024625E-16,1.,0.));
#279 = AXIS2_PLACEMENT_3D('',#280,#281,#282);
#280 = CARTESIAN_POINT('',(79.302090424181,34.861107442215,
    1.538354076708));
#281 = DIRECTION('',(0.,-0.,1.));
#282 = DIRECTION('',(1.110223024625E-16,1.,0.));
#283 = AXIS2_PLACEMENT_3D('',#284,#285,#286);
#284 = CARTESIAN_POINT('',(77.596621793244,34.861107442215,
    1.538354076708));
#285 = DIRECTION('',(0.,-0.,1.));
#286 = DIRECTION('',(1.110223024625E-16,1.,0.));
#287 = AXIS2_PLACEMENT_3D('',#288,#289,#290);
#288 = CARTESIAN_POINT('',(78.45874523749,34.861107442215,1.538354076708
    ));
#289 = DIRECTION('',(0.,-0.,1.));
#290 = DIRECTION('',(1.110223024625E-16,1.,0.));
#291 = AXIS2_PLACEMENT_3D('',#292,#293,#294);
#292 = CARTESIAN_POINT('',(93.227564135128,25.995290830582,
    1.538354076708));
#293 = DIRECTION('',(-0.,0.,1.));
#294 = DIRECTION('',(1.110223024625E-16,-1.,0.));
#295 = AXIS2_PLACEMENT_3D('',#296,#297,#298);
#296 = CARTESIAN_POINT('',(93.227564135128,18.494389128778,
    1.538354076708));
#297 = DIRECTION('',(-0.,0.,1.));
#298 = DIRECTION('',(1.110223024625E-16,-1.,0.));
#299 = AXIS2_PLACEMENT_3D('',#300,#301,#302);
#300 = CARTESIAN_POINT('',(88.554206248413,18.186436372873,0.));
#301 = DIRECTION('',(1.224646799147E-16,0.,-1.));
#302 = DIRECTION('',(-1.,0.,-1.224646799147E-16));
#303 = AXIS2_PLACEMENT_3D('',#304,#305,#306);
#304 = CARTESIAN_POINT('',(88.554206248413,17.272034544069,0.));
#305 = DIRECTION('',(1.224646799147E-16,0.,-1.));
#306 = DIRECTION('',(-1.,0.,-1.224646799147E-16));
#307 = AXIS2_PLACEMENT_3D('',#308,#309,#310);
#308 = CARTESIAN_POINT('',(88.554206248413,16.357632715265,0.));
#309 = DIRECTION('',(1.224646799147E-16,0.,-1.));
#310 = DIRECTION('',(-1.,0.,-1.224646799147E-16));
#311 = AXIS2_PLACEMENT_3D('',#312,#313,#314);
#312 = CARTESIAN_POINT('',(88.545316230632,22.604798069596,0.));
#313 = DIRECTION('',(1.224646799147E-16,0.,-1.));
#314 = DIRECTION('',(1.,1.224646799147E-16,1.224646799147E-16));
#315 = AXIS2_PLACEMENT_3D('',#316,#317,#318);
#316 = CARTESIAN_POINT('',(91.957561595123,33.219987299975,
    1.538354076708));
#317 = DIRECTION('',(0.,-0.,1.));
#318 = DIRECTION('',(1.110223024625E-16,1.,0.));
#319 = AXIS2_PLACEMENT_3D('',#320,#321,#322);
#320 = CARTESIAN_POINT('',(89.33190500381,14.58982981966,1.538354076708)
  );
#321 = DIRECTION('',(0.,0.,1.));
#322 = DIRECTION('',(-1.,1.224646799147E-16,0.));
#323 = AXIS2_PLACEMENT_3D('',#324,#325,#326);
#324 = CARTESIAN_POINT('',(70.381808483617,41.412898145796,
    1.538354076708));
#325 = DIRECTION('',(0.,0.,1.));
#326 = DIRECTION('',(-1.,1.224646799147E-16,0.));
#327 = AXIS2_PLACEMENT_3D('',#328,#329,#330);
#328 = CARTESIAN_POINT('',(76.962153924308,44.057429514859,0.));
#329 = DIRECTION('',(1.224646799147E-16,0.,-1.));
#330 = DIRECTION('',(1.,1.224646799147E-16,1.224646799147E-16));
#331 = AXIS2_PLACEMENT_3D('',#332,#333,#334);
#332 = CARTESIAN_POINT('',(75.224069088138,43.251054102108,0.));
#333 = DIRECTION('',(1.224646799147E-16,0.,-1.));
#334 = DIRECTION('',(-1.,0.,-1.224646799147E-16));
#335 = AXIS2_PLACEMENT_3D('',#336,#337,#338);
#336 = CARTESIAN_POINT('',(78.045638811278,47.955295910592,
    1.538354076708));
#337 = DIRECTION('',(0.,0.,1.));
#338 = DIRECTION('',(1.,0.,0.));
#339 = AXIS2_PLACEMENT_3D('',#340,#341,#342);
#340 = CARTESIAN_POINT('',(89.32301498603,15.51443484887,1.538354076708)
  );
#341 = DIRECTION('',(0.,0.,1.));
#342 = DIRECTION('',(1.,0.,0.));
#343 = AXIS2_PLACEMENT_3D('',#344,#345,#346);
#344 = CARTESIAN_POINT('',(94.497566675133,33.219987299975,
    1.538354076708));
#345 = DIRECTION('',(0.,-0.,1.));
#346 = DIRECTION('',(1.110223024625E-16,1.,0.));
#347 = AXIS2_PLACEMENT_3D('',#348,#349,#350);
#348 = CARTESIAN_POINT('',(89.32301498603,13.680734061468,1.538354076708
    ));
#349 = DIRECTION('',(0.,0.,1.));
#350 = DIRECTION('',(1.,0.,0.));
#351 = AXIS2_PLACEMENT_3D('',#352,#353,#354);
#352 = CARTESIAN_POINT('',(82.694411988824,25.050403860808,
    1.538354076708));
#353 = DIRECTION('',(-0.,0.,1.));
#354 = DIRECTION('',(1.110223024625E-16,-1.,0.));
#355 = AXIS2_PLACEMENT_3D('',#356,#357,#358);
#356 = CARTESIAN_POINT('',(80.127792735585,25.050403860808,
    1.538354076708));
#357 = DIRECTION('',(-0.,0.,1.));
#358 = DIRECTION('',(1.110223024625E-16,-1.,0.));
#359 = AXIS2_PLACEMENT_3D('',#360,#361,#362);
#360 = CARTESIAN_POINT('',(82.476634493269,19.332677165354,
    1.538354076708));
#361 = DIRECTION('',(0.,-0.,1.));
#362 = DIRECTION('',(1.110223024625E-16,1.,0.));
#363 = AXIS2_PLACEMENT_3D('',#364,#365,#366);
#364 = CARTESIAN_POINT('',(80.34557023114,19.346946913894,1.538354076708
    ));
#365 = DIRECTION('',(-0.,0.,1.));
#366 = DIRECTION('',(1.110223024625E-16,-1.,0.));
#367 = AXIS2_PLACEMENT_3D('',#368,#369,#370);
#368 = CARTESIAN_POINT('',(58.645148590297,39.691480822962,
    1.538354076708));
#369 = DIRECTION('',(0.,-0.,1.));
#370 = DIRECTION('',(1.110223024625E-16,1.,0.));
#371 = AXIS2_PLACEMENT_3D('',#372,#373,#374);
#372 = CARTESIAN_POINT('',(57.778704597409,39.691480822962,
    1.538354076708));
#373 = DIRECTION('',(-0.,0.,1.));
#374 = DIRECTION('',(1.110223024625E-16,-1.,0.));
#375 = AXIS2_PLACEMENT_3D('',#376,#377,#378);
#376 = CARTESIAN_POINT('',(4.233063246126,10.941318262637,0.));
#377 = DIRECTION('',(1.224646799147E-16,0.,-1.));
#378 = DIRECTION('',(1.,1.224646799147E-16,1.224646799147E-16));
#379 = AXIS2_PLACEMENT_3D('',#380,#381,#382);
#380 = CARTESIAN_POINT('',(78.821808483617,47.135392430785,
    1.538354076708));
#381 = DIRECTION('',(0.,0.,1.));
#382 = DIRECTION('',(1.,0.,0.));
#383 = AXIS2_PLACEMENT_3D('',#384,#385,#386);
#384 = CARTESIAN_POINT('',(77.268524257049,47.124704089408,
    1.538354076708));
#385 = DIRECTION('',(0.,0.,1.));
#386 = DIRECTION('',(-1.,1.224646799147E-16,0.));
#387 = AXIS2_PLACEMENT_3D('',#388,#389,#390);
#388 = CARTESIAN_POINT('',(73.238262636525,39.770134620269,
    1.538354076708));
#389 = DIRECTION('',(0.,-0.,1.));
#390 = DIRECTION('',(1.110223024625E-16,1.,0.));
#391 = AXIS2_PLACEMENT_3D('',#392,#393,#394);
#392 = CARTESIAN_POINT('',(70.381808483617,40.522138684277,
    1.538354076708));
#393 = DIRECTION('',(0.,0.,1.));
#394 = DIRECTION('',(-1.,1.224646799147E-16,0.));
#395 = AXIS2_PLACEMENT_3D('',#396,#397,#398);
#396 = CARTESIAN_POINT('',(65.278130556261,2.51682499365,0.));
#397 = DIRECTION('',(1.224646799147E-16,0.,-1.));
#398 = DIRECTION('',(-1.,0.,-1.224646799147E-16));
#399 = AXIS2_PLACEMENT_3D('',#400,#401,#402);
#400 = CARTESIAN_POINT('',(70.10414020828,2.51682499365,0.));
#401 = DIRECTION('',(1.224646799147E-16,0.,-1.));
#402 = DIRECTION('',(-1.,0.,-1.224646799147E-16));
#403 = AXIS2_PLACEMENT_3D('',#404,#405,#406);
#404 = CARTESIAN_POINT('',(74.969969519939,2.51682499365,0.));
#405 = DIRECTION('',(1.224646799147E-16,0.,-1.));
#406 = DIRECTION('',(-1.,0.,-1.224646799147E-16));
#407 = AXIS2_PLACEMENT_3D('',#408,#409,#410);
#408 = CARTESIAN_POINT('',(79.806959613919,2.506136652273,0.));
#409 = DIRECTION('',(1.224646799147E-16,0.,-1.));
#410 = DIRECTION('',(-1.,0.,-1.224646799147E-16));
#411 = AXIS2_PLACEMENT_3D('',#412,#413,#414);
#412 = CARTESIAN_POINT('',(24.848834137668,6.938605537211,1.538354076708
    ));
#413 = DIRECTION('',(-0.,0.,1.));
#414 = DIRECTION('',(1.110223024625E-16,-1.,0.));
#415 = AXIS2_PLACEMENT_3D('',#416,#417,#418);
#416 = CARTESIAN_POINT('',(11.671922783846,6.938859537719,1.538354076708
    ));
#417 = DIRECTION('',(-0.,0.,1.));
#418 = DIRECTION('',(1.110223024625E-16,-1.,0.));
#419 = AXIS2_PLACEMENT_3D('',#420,#421,#422);
#420 = CARTESIAN_POINT('',(11.671922783846,9.397660655321,1.538354076708
    ));
#421 = DIRECTION('',(0.,-0.,1.));
#422 = DIRECTION('',(1.110223024625E-16,1.,0.));
#423 = AXIS2_PLACEMENT_3D('',#424,#425,#426);
#424 = CARTESIAN_POINT('',(24.848834137668,9.388770637541,1.538354076708
    ));
#425 = DIRECTION('',(0.,-0.,1.));
#426 = DIRECTION('',(1.110223024625E-16,1.,0.));
#427 = AXIS2_PLACEMENT_3D('',#428,#429,#430);
#428 = CARTESIAN_POINT('',(17.096644653289,12.624048768098,
    1.538354076708));
#429 = DIRECTION('',(0.,0.,1.));
#430 = DIRECTION('',(1.,0.,0.));
#431 = AXIS2_PLACEMENT_3D('',#432,#433,#434);
#432 = CARTESIAN_POINT('',(19.546555753112,12.624048768098,
    1.538354076708));
#433 = DIRECTION('',(0.,0.,1.));
#434 = DIRECTION('',(-1.,1.224646799147E-16,0.));
#435 = AXIS2_PLACEMENT_3D('',#436,#437,#438);
#436 = CARTESIAN_POINT('',(17.096644653289,4.03620523241,1.538354076708)
  );
#437 = DIRECTION('',(0.,0.,1.));
#438 = DIRECTION('',(1.,0.,0.));
#439 = AXIS2_PLACEMENT_3D('',#440,#441,#442);
#440 = CARTESIAN_POINT('',(19.546555753112,4.03620523241,1.538354076708)
  );
#441 = DIRECTION('',(0.,0.,1.));
#442 = DIRECTION('',(-1.,1.224646799147E-16,0.));
#443 = AXIS2_PLACEMENT_3D('',#444,#445,#446);
#444 = CARTESIAN_POINT('',(78.396362712725,15.264086868174,
    1.538354076708));
#445 = DIRECTION('',(0.,-0.,1.));
#446 = DIRECTION('',(1.110223024625E-16,1.,0.));
#447 = AXIS2_PLACEMENT_3D('',#448,#449,#450);
#448 = CARTESIAN_POINT('',(75.459253238506,20.700027940056,
    1.538354076708));
#449 = DIRECTION('',(0.,0.,1.));
#450 = DIRECTION('',(1.,0.,0.));
#451 = AXIS2_PLACEMENT_3D('',#452,#453,#454);
#452 = CARTESIAN_POINT('',(65.7036499873,40.99222504445,1.538354076708)
  );
#453 = DIRECTION('',(0.,0.,1.));
#454 = DIRECTION('',(-1.,1.224646799147E-16,0.));
#455 = AXIS2_PLACEMENT_3D('',#456,#457,#458);
#456 = CARTESIAN_POINT('',(65.7036499873,45.768514097028,1.538354076708)
  );
#457 = DIRECTION('',(0.,0.,1.));
#458 = DIRECTION('',(-1.,1.224646799147E-16,0.));
#459 = AXIS2_PLACEMENT_3D('',#460,#461,#462);
#460 = CARTESIAN_POINT('',(65.704366268733,46.933220726441,
    1.538354076708));
#461 = DIRECTION('',(0.,0.,1.));
#462 = DIRECTION('',(-1.,1.224646799147E-16,0.));
#463 = AXIS2_PLACEMENT_3D('',#464,#465,#466);
#464 = CARTESIAN_POINT('',(53.294836169672,46.201747523495,
    1.538354076708));
#465 = DIRECTION('',(0.,-0.,1.));
#466 = DIRECTION('',(1.110223024625E-16,1.,0.));
#467 = AXIS2_PLACEMENT_3D('',#468,#469,#470);
#468 = CARTESIAN_POINT('',(54.392245364491,46.201028702057,
    1.538354076708));
#469 = DIRECTION('',(0.,-0.,1.));
#470 = DIRECTION('',(1.110223024625E-16,1.,0.));
#471 = AXIS2_PLACEMENT_3D('',#472,#473,#474);
#472 = CARTESIAN_POINT('',(60.727952755906,39.884597409195,
    1.538354076708));
#473 = DIRECTION('',(0.,0.,1.));
#474 = DIRECTION('',(-1.,1.224646799147E-16,0.));
#475 = AXIS2_PLACEMENT_3D('',#476,#477,#478);
#476 = CARTESIAN_POINT('',(55.507053594107,46.202461264923,
    1.538354076708));
#477 = DIRECTION('',(-0.,0.,1.));
#478 = DIRECTION('',(1.110223024625E-16,-1.,0.));
#479 = AXIS2_PLACEMENT_3D('',#480,#481,#482);
#480 = CARTESIAN_POINT('',(14.778298196596,20.722143764288,
    1.538354076708));
#481 = DIRECTION('',(0.,-0.,1.));
#482 = DIRECTION('',(1.110223024625E-16,1.,0.));
#483 = AXIS2_PLACEMENT_3D('',#484,#485,#486);
#484 = CARTESIAN_POINT('',(14.781877063754,17.860612141224,
    1.538354076708));
#485 = DIRECTION('',(-0.,0.,1.));
#486 = DIRECTION('',(1.110223024625E-16,-1.,0.));
#487 = AXIS2_PLACEMENT_3D('',#488,#489,#490);
#488 = CARTESIAN_POINT('',(68.73634493269,47.109291338583,1.538354076708
    ));
#489 = DIRECTION('',(0.,0.,1.));
#490 = DIRECTION('',(1.,0.,0.));
#491 = AXIS2_PLACEMENT_3D('',#492,#493,#494);
#492 = CARTESIAN_POINT('',(68.68554483109,40.519138938278,1.538354076708
    ));
#493 = DIRECTION('',(0.,0.,1.));
#494 = DIRECTION('',(1.,0.,0.));
#495 = AXIS2_PLACEMENT_3D('',#496,#497,#498);
#496 = CARTESIAN_POINT('',(70.47602997206,46.350982981966,1.538354076708
    ));
#497 = DIRECTION('',(0.,0.,1.));
#498 = DIRECTION('',(-1.,1.224646799147E-16,0.));
#499 = AXIS2_PLACEMENT_3D('',#500,#501,#502);
#500 = CARTESIAN_POINT('',(68.68554483109,39.61207518415,1.538354076708)
  );
#501 = DIRECTION('',(0.,0.,1.));
#502 = DIRECTION('',(1.,0.,0.));
#503 = AXIS2_PLACEMENT_3D('',#504,#505,#506);
#504 = CARTESIAN_POINT('',(68.73634493269,46.329997459995,1.538354076708
    ));
#505 = DIRECTION('',(0.,0.,1.));
#506 = DIRECTION('',(1.,0.,0.));
#507 = AXIS2_PLACEMENT_3D('',#508,#509,#510);
#508 = CARTESIAN_POINT('',(29.492410464821,10.913103886208,
    1.538354076708));
#509 = DIRECTION('',(0.,0.,1.));
#510 = DIRECTION('',(-1.,1.224646799147E-16,0.));
#511 = AXIS2_PLACEMENT_3D('',#512,#513,#514);
#512 = CARTESIAN_POINT('',(29.492410464821,12.273136906274,
    1.538354076708));
#513 = DIRECTION('',(0.,0.,1.));
#514 = DIRECTION('',(-1.,1.224646799147E-16,0.));
#515 = AXIS2_PLACEMENT_3D('',#516,#517,#518);
#516 = CARTESIAN_POINT('',(30.544856489713,4.551460502921,1.538354076708
    ));
#517 = DIRECTION('',(0.,0.,1.));
#518 = DIRECTION('',(1.,0.,0.));
#519 = AXIS2_PLACEMENT_3D('',#520,#521,#522);
#520 = CARTESIAN_POINT('',(81.055275590551,36.544132588265,
    1.538354076708));
#521 = DIRECTION('',(0.,-0.,1.));
#522 = DIRECTION('',(1.110223024625E-16,1.,0.));
#523 = AXIS2_PLACEMENT_3D('',#524,#525,#526);
#524 = CARTESIAN_POINT('',(28.334848869698,6.369789179578,1.538354076708
    ));
#525 = DIRECTION('',(0.,0.,1.));
#526 = DIRECTION('',(1.,0.,0.));
#527 = AXIS2_PLACEMENT_3D('',#528,#529,#530);
#528 = CARTESIAN_POINT('',(28.334848869698,5.488971297943,1.538354076708
    ));
#529 = DIRECTION('',(0.,0.,1.));
#530 = DIRECTION('',(1.,0.,0.));
#531 = AXIS2_PLACEMENT_3D('',#532,#533,#534);
#532 = CARTESIAN_POINT('',(84.362095504191,41.514620269241,
    1.538354076708));
#533 = DIRECTION('',(0.,0.,1.));
#534 = DIRECTION('',(-1.,1.224646799147E-16,0.));
#535 = AXIS2_PLACEMENT_3D('',#536,#537,#538);
#536 = CARTESIAN_POINT('',(84.362095504191,39.431793243586,
    1.538354076708));
#537 = DIRECTION('',(0.,0.,1.));
#538 = DIRECTION('',(-1.,1.224646799147E-16,0.));
#539 = AXIS2_PLACEMENT_3D('',#540,#541,#542);
#540 = CARTESIAN_POINT('',(5.199888239776,40.000078740157,1.538354076708
    ));
#541 = DIRECTION('',(-0.,0.,1.));
#542 = DIRECTION('',(1.110223024625E-16,-1.,0.));
#543 = AXIS2_PLACEMENT_3D('',#544,#545,#546);
#544 = CARTESIAN_POINT('',(5.199888239776,26.000050800102,1.538354076708
    ));
#545 = DIRECTION('',(-0.,0.,1.));
#546 = DIRECTION('',(1.110223024625E-16,-1.,0.));
#547 = AXIS2_PLACEMENT_3D('',#548,#549,#550);
#548 = CARTESIAN_POINT('',(5.20001016002,12.000022860046,1.538354076708)
  );
#549 = DIRECTION('',(-0.,0.,1.));
#550 = DIRECTION('',(1.110223024625E-16,-1.,0.));
#551 = AXIS2_PLACEMENT_3D('',#552,#553,#554);
#552 = CARTESIAN_POINT('',(22.561193802388,7.324889509779,1.538354076708
    ));
#553 = DIRECTION('',(-0.,0.,1.));
#554 = DIRECTION('',(1.110223024625E-16,-1.,0.));
#555 = AXIS2_PLACEMENT_3D('',#556,#557,#558);
#556 = CARTESIAN_POINT('',(14.011397002794,7.325143510287,1.538354076708
    ));
#557 = DIRECTION('',(-0.,0.,1.));
#558 = DIRECTION('',(1.110223024625E-16,-1.,0.));
#559 = AXIS2_PLACEMENT_3D('',#560,#561,#562);
#560 = CARTESIAN_POINT('',(13.114843789688,9.011376682753,1.538354076708
    ));
#561 = DIRECTION('',(0.,-0.,1.));
#562 = DIRECTION('',(1.110223024625E-16,1.,0.));
#563 = AXIS2_PLACEMENT_3D('',#564,#565,#566);
#564 = CARTESIAN_POINT('',(23.498529337059,9.002486664973,1.538354076708
    ));
#565 = DIRECTION('',(0.,-0.,1.));
#566 = DIRECTION('',(1.110223024625E-16,1.,0.));
#567 = AXIS2_PLACEMENT_3D('',#568,#569,#570);
#568 = CARTESIAN_POINT('',(17.303362966726,11.415471170942,
    1.538354076708));
#569 = DIRECTION('',(0.,0.,1.));
#570 = DIRECTION('',(1.,0.,0.));
#571 = AXIS2_PLACEMENT_3D('',#572,#573,#574);
#572 = CARTESIAN_POINT('',(19.421092202184,11.415471170942,
    1.538354076708));
#573 = DIRECTION('',(0.,0.,1.));
#574 = DIRECTION('',(-1.,1.224646799147E-16,0.));
#575 = AXIS2_PLACEMENT_3D('',#576,#577,#578);
#576 = CARTESIAN_POINT('',(17.303362966726,4.991818643637,1.538354076708
    ));
#577 = DIRECTION('',(0.,0.,1.));
#578 = DIRECTION('',(1.,0.,0.));
#579 = AXIS2_PLACEMENT_3D('',#580,#581,#582);
#580 = CARTESIAN_POINT('',(19.421092202184,4.991818643637,1.538354076708
    ));
#581 = DIRECTION('',(0.,0.,1.));
#582 = DIRECTION('',(-1.,1.224646799147E-16,0.));
#583 = AXIS2_PLACEMENT_3D('',#584,#585,#586);
#584 = CARTESIAN_POINT('',(20.506906273813,5.124147828296,0.));
#585 = DIRECTION('',(1.224646799147E-16,0.,-1.));
#586 = DIRECTION('',(-1.110223024625E-16,1.,-1.359631073447E-32));
#587 = AXIS2_PLACEMENT_3D('',#588,#589,#590);
#588 = CARTESIAN_POINT('',(16.459283718567,5.124147828296,0.));
#589 = DIRECTION('',(1.224646799147E-16,0.,-1.));
#590 = DIRECTION('',(-1.110223024625E-16,1.,-1.359631073447E-32));
#591 = AXIS2_PLACEMENT_3D('',#592,#593,#594);
#592 = CARTESIAN_POINT('',(16.848930657861,11.663949707899,0.));
#593 = DIRECTION('',(1.224646799147E-16,0.,-1.));
#594 = DIRECTION('',(2.22044604925E-16,-1.,2.719262146894E-32));
#595 = AXIS2_PLACEMENT_3D('',#596,#597,#598);
#596 = CARTESIAN_POINT('',(41.965537211074,34.626885953772,0.));
#597 = DIRECTION('',(1.224646799147E-16,0.,-1.));
#598 = DIRECTION('',(2.22044604925E-16,-1.,2.719262146894E-32));
#599 = AXIS2_PLACEMENT_3D('',#600,#601,#602);
#600 = CARTESIAN_POINT('',(50.183296926594,33.756390652781,0.));
#601 = DIRECTION('',(1.224646799147E-16,0.,-1.));
#602 = DIRECTION('',(2.22044604925E-16,-1.,2.719262146894E-32));
#603 = AXIS2_PLACEMENT_3D('',#604,#605,#606);
#604 = CARTESIAN_POINT('',(24.869420878842,27.700553721107,0.));
#605 = DIRECTION('',(1.224646799147E-16,0.,-1.));
#606 = DIRECTION('',(-1.110223024625E-16,1.,-1.359631073447E-32));
#607 = AXIS2_PLACEMENT_3D('',#608,#609,#610);
#608 = CARTESIAN_POINT('',(24.860774701549,26.114846329693,0.));
#609 = DIRECTION('',(1.224646799147E-16,0.,-1.));
#610 = DIRECTION('',(-1.110223024625E-16,1.,-1.359631073447E-32));
#611 = AXIS2_PLACEMENT_3D('',#612,#613,#614);
#612 = CARTESIAN_POINT('',(25.756477012954,27.700553721107,0.));
#613 = DIRECTION('',(1.224646799147E-16,0.,-1.));
#614 = DIRECTION('',(-1.110223024625E-16,1.,-1.359631073447E-32));
#615 = AXIS2_PLACEMENT_3D('',#616,#617,#618);
#616 = CARTESIAN_POINT('',(25.739184658369,26.114846329693,0.));
#617 = DIRECTION('',(1.224646799147E-16,0.,-1.));
#618 = DIRECTION('',(-1.110223024625E-16,1.,-1.359631073447E-32));
#619 = AXIS2_PLACEMENT_3D('',#620,#621,#622);
#620 = CARTESIAN_POINT('',(11.952537465075,45.205082550165,
    1.538354076708));
#621 = DIRECTION('',(0.,0.,1.));
#622 = DIRECTION('',(1.,0.,0.));
#623 = AXIS2_PLACEMENT_3D('',#624,#625,#626);
#624 = CARTESIAN_POINT('',(9.740607061214,45.194394208788,1.538354076708
    ));
#625 = DIRECTION('',(0.,0.,1.));
#626 = DIRECTION('',(-1.,1.224646799147E-16,0.));
#627 = AXIS2_PLACEMENT_3D('',#628,#629,#630);
#628 = CARTESIAN_POINT('',(13.876598933198,48.314577089154,
    1.538354076708));
#629 = DIRECTION('',(-0.,0.,1.));
#630 = DIRECTION('',(1.110223024625E-16,-1.,0.));
#631 = AXIS2_PLACEMENT_3D('',#632,#633,#634);
#632 = CARTESIAN_POINT('',(26.386634493269,36.370843281687,0.));
#633 = DIRECTION('',(1.224646799147E-16,0.,-1.));
#634 = DIRECTION('',(-1.,0.,-1.224646799147E-16));
#635 = AXIS2_PLACEMENT_3D('',#636,#637,#638);
#636 = CARTESIAN_POINT('',(57.549311658623,31.461612903226,0.));
#637 = DIRECTION('',(1.224646799147E-16,0.,-1.));
#638 = DIRECTION('',(2.22044604925E-16,-1.,2.719262146894E-32));
#639 = AXIS2_PLACEMENT_3D('',#640,#641,#642);
#640 = CARTESIAN_POINT('',(59.182118364237,16.352788925578,0.));
#641 = DIRECTION('',(1.224646799147E-16,0.,-1.));
#642 = DIRECTION('',(-1.110223024625E-16,1.,-1.359631073447E-32));
#643 = AXIS2_PLACEMENT_3D('',#644,#645,#646);
#644 = CARTESIAN_POINT('',(48.790040640081,21.472608585217,0.));
#645 = DIRECTION('',(1.224646799147E-16,0.,-1.));
#646 = DIRECTION('',(2.22044604925E-16,-1.,2.719262146894E-32));
#647 = AXIS2_PLACEMENT_3D('',#648,#649,#650);
#648 = CARTESIAN_POINT('',(52.022862585725,17.075420370841,0.));
#649 = DIRECTION('',(1.224646799147E-16,0.,-1.));
#650 = DIRECTION('',(-1.,0.,-1.224646799147E-16));
#651 = AXIS2_PLACEMENT_3D('',#652,#653,#654);
#652 = CARTESIAN_POINT('',(45.596535433071,18.26111506223,0.));
#653 = DIRECTION('',(1.224646799147E-16,0.,-1.));
#654 = DIRECTION('',(1.,1.224646799147E-16,1.224646799147E-16));
#655 = AXIS2_PLACEMENT_3D('',#656,#657,#658);
#656 = CARTESIAN_POINT('',(46.757952755906,29.076548133096,0.));
#657 = DIRECTION('',(1.224646799147E-16,0.,-1.));
#658 = DIRECTION('',(1.,1.224646799147E-16,1.224646799147E-16));
#659 = AXIS2_PLACEMENT_3D('',#660,#661,#662);
#660 = CARTESIAN_POINT('',(44.781193802388,29.333088646177,0.));
#661 = DIRECTION('',(1.224646799147E-16,0.,-1.));
#662 = DIRECTION('',(-1.110223024625E-16,1.,-1.359631073447E-32));
#663 = AXIS2_PLACEMENT_3D('',#664,#665,#666);
#664 = CARTESIAN_POINT('',(43.576926593853,19.475328930658,0.));
#665 = DIRECTION('',(1.224646799147E-16,0.,-1.));
#666 = DIRECTION('',(1.,1.224646799147E-16,1.224646799147E-16));
#667 = AXIS2_PLACEMENT_3D('',#668,#669,#670);
#668 = CARTESIAN_POINT('',(45.217195834392,32.276954533909,0.));
#669 = DIRECTION('',(1.224646799147E-16,0.,-1.));
#670 = DIRECTION('',(1.,1.224646799147E-16,1.224646799147E-16));
#671 = AXIS2_PLACEMENT_3D('',#672,#673,#674);
#672 = CARTESIAN_POINT('',(47.998892557785,19.873716027432,0.));
#673 = DIRECTION('',(1.224646799147E-16,0.,-1.));
#674 = DIRECTION('',(-1.110223024625E-16,1.,-1.359631073447E-32));
#675 = AXIS2_PLACEMENT_3D('',#676,#677,#678);
#676 = CARTESIAN_POINT('',(48.455638811278,25.06334010668,0.));
#677 = DIRECTION('',(1.224646799147E-16,0.,-1.));
#678 = DIRECTION('',(-1.,0.,-1.224646799147E-16));
#679 = AXIS2_PLACEMENT_3D('',#680,#681,#682);
#680 = CARTESIAN_POINT('',(51.985915671831,23.038321056642,0.));
#681 = DIRECTION('',(1.224646799147E-16,0.,-1.));
#682 = DIRECTION('',(2.22044604925E-16,-1.,2.719262146894E-32));
#683 = AXIS2_PLACEMENT_3D('',#684,#685,#686);
#684 = CARTESIAN_POINT('',(51.985915671831,24.645956311913,0.));
#685 = DIRECTION('',(1.224646799147E-16,0.,-1.));
#686 = DIRECTION('',(2.22044604925E-16,-1.,2.719262146894E-32));
#687 = AXIS2_PLACEMENT_3D('',#688,#689,#690);
#688 = CARTESIAN_POINT('',(50.003050546101,25.855521971044,0.));
#689 = DIRECTION('',(1.224646799147E-16,0.,-1.));
#690 = DIRECTION('',(1.,1.224646799147E-16,1.224646799147E-16));
#691 = AXIS2_PLACEMENT_3D('',#692,#693,#694);
#692 = CARTESIAN_POINT('',(50.822837185674,21.908610617221,0.));
#693 = DIRECTION('',(1.224646799147E-16,0.,-1.));
#694 = DIRECTION('',(1.,1.224646799147E-16,1.224646799147E-16));
#695 = AXIS2_PLACEMENT_3D('',#696,#697,#698);
#696 = CARTESIAN_POINT('',(50.831727203454,22.705336550673,0.));
#697 = DIRECTION('',(1.224646799147E-16,0.,-1.));
#698 = DIRECTION('',(-1.,0.,-1.224646799147E-16));
#699 = AXIS2_PLACEMENT_3D('',#700,#701,#702);
#700 = CARTESIAN_POINT('',(48.851529083058,23.86807975616,0.));
#701 = DIRECTION('',(1.224646799147E-16,0.,-1.));
#702 = DIRECTION('',(-1.110223024625E-16,1.,-1.359631073447E-32));
#703 = AXIS2_PLACEMENT_3D('',#704,#705,#706);
#704 = CARTESIAN_POINT('',(53.235214630429,22.609377698755,0.));
#705 = DIRECTION('',(1.224646799147E-16,0.,-1.));
#706 = DIRECTION('',(1.,1.224646799147E-16,1.224646799147E-16));
#707 = AXIS2_PLACEMENT_3D('',#708,#709,#710);
#708 = CARTESIAN_POINT('',(48.778186436373,26.273070866142,0.));
#709 = DIRECTION('',(1.224646799147E-16,0.,-1.));
#710 = DIRECTION('',(2.22044604925E-16,-1.,2.719262146894E-32));
#711 = AXIS2_PLACEMENT_3D('',#712,#713,#714);
#712 = CARTESIAN_POINT('',(52.787404114808,27.044544069088,0.));
#713 = DIRECTION('',(1.224646799147E-16,0.,-1.));
#714 = DIRECTION('',(2.22044604925E-16,-1.,2.719262146894E-32));
#715 = AXIS2_PLACEMENT_3D('',#716,#717,#718);
#716 = CARTESIAN_POINT('',(53.244104648209,23.482877825756,0.));
#717 = DIRECTION('',(1.224646799147E-16,0.,-1.));
#718 = DIRECTION('',(-1.,0.,-1.224646799147E-16));
#719 = AXIS2_PLACEMENT_3D('',#720,#721,#722);
#720 = CARTESIAN_POINT('',(53.244104648209,25.069425958852,0.));
#721 = DIRECTION('',(1.224646799147E-16,0.,-1.));
#722 = DIRECTION('',(-1.,0.,-1.224646799147E-16));
#723 = AXIS2_PLACEMENT_3D('',#724,#725,#726);
#724 = CARTESIAN_POINT('',(49.652217424435,21.463718567437,0.));
#725 = DIRECTION('',(1.224646799147E-16,0.,-1.));
#726 = DIRECTION('',(-1.110223024625E-16,1.,-1.359631073447E-32));
#727 = AXIS2_PLACEMENT_3D('',#728,#729,#730);
#728 = CARTESIAN_POINT('',(53.235214630429,24.262171704343,0.));
#729 = DIRECTION('',(1.224646799147E-16,0.,-1.));
#730 = DIRECTION('',(1.,1.224646799147E-16,1.224646799147E-16));
#731 = AXIS2_PLACEMENT_3D('',#732,#733,#734);
#732 = CARTESIAN_POINT('',(26.642636525273,30.143350266701,0.));
#733 = DIRECTION('',(1.224646799147E-16,0.,-1.));
#734 = DIRECTION('',(-1.110223024625E-16,1.,-1.359631073447E-32));
#735 = AXIS2_PLACEMENT_3D('',#736,#737,#738);
#736 = CARTESIAN_POINT('',(26.642636525273,31.761676403353,0.));
#737 = DIRECTION('',(1.224646799147E-16,0.,-1.));
#738 = DIRECTION('',(-1.110223024625E-16,1.,-1.359631073447E-32));
#739 = AXIS2_PLACEMENT_3D('',#740,#741,#742);
#740 = CARTESIAN_POINT('',(26.642636525273,28.568547117094,0.));
#741 = DIRECTION('',(1.224646799147E-16,0.,-1.));
#742 = DIRECTION('',(2.22044604925E-16,-1.,2.719262146894E-32));
#743 = AXIS2_PLACEMENT_3D('',#744,#745,#746);
#744 = CARTESIAN_POINT('',(26.561249682499,22.18190500381,0.));
#745 = DIRECTION('',(1.224646799147E-16,0.,-1.));
#746 = DIRECTION('',(-1.110223024625E-16,1.,-1.359631073447E-32));
#747 = AXIS2_PLACEMENT_3D('',#748,#749,#750);
#748 = CARTESIAN_POINT('',(32.715730251461,32.175354330709,0.));
#749 = DIRECTION('',(1.224646799147E-16,0.,-1.));
#750 = DIRECTION('',(-1.,0.,-1.224646799147E-16));
#751 = AXIS2_PLACEMENT_3D('',#752,#753,#754);
#752 = CARTESIAN_POINT('',(33.383116586233,22.644229108458,0.));
#753 = DIRECTION('',(1.224646799147E-16,0.,-1.));
#754 = DIRECTION('',(-1.,0.,-1.224646799147E-16));
#755 = AXIS2_PLACEMENT_3D('',#756,#757,#758);
#756 = CARTESIAN_POINT('',(33.050132080264,30.956151892304,0.));
#757 = DIRECTION('',(1.224646799147E-16,0.,-1.));
#758 = DIRECTION('',(2.22044604925E-16,-1.,2.719262146894E-32));
#759 = AXIS2_PLACEMENT_3D('',#760,#761,#762);
#760 = CARTESIAN_POINT('',(27.421930403861,25.3547498095,0.));
#761 = DIRECTION('',(1.224646799147E-16,0.,-1.));
#762 = DIRECTION('',(2.22044604925E-16,-1.,2.719262146894E-32));
#763 = AXIS2_PLACEMENT_3D('',#764,#765,#766);
#764 = CARTESIAN_POINT('',(11.304734569469,27.795415290831,
    1.538354076708));
#765 = DIRECTION('',(0.,0.,1.));
#766 = DIRECTION('',(1.,0.,0.));
#767 = AXIS2_PLACEMENT_3D('',#768,#769,#770);
#768 = CARTESIAN_POINT('',(14.979987299975,23.249047498095,
    1.538354076708));
#769 = DIRECTION('',(0.,0.,1.));
#770 = DIRECTION('',(1.,0.,0.));
#771 = AXIS2_PLACEMENT_3D('',#772,#773,#774);
#772 = CARTESIAN_POINT('',(14.979987299975,24.069812039624,
    1.538354076708));
#773 = DIRECTION('',(0.,0.,1.));
#774 = DIRECTION('',(1.,0.,0.));
#775 = AXIS2_PLACEMENT_3D('',#776,#777,#778);
#776 = CARTESIAN_POINT('',(17.238257556515,23.659908559817,
    1.538354076708));
#777 = DIRECTION('',(0.,-0.,1.));
#778 = DIRECTION('',(1.110223024625E-16,1.,0.));
#779 = AXIS2_PLACEMENT_3D('',#780,#781,#782);
#780 = CARTESIAN_POINT('',(11.304734569469,26.93078486157,1.538354076708
    ));
#781 = DIRECTION('',(0.,0.,1.));
#782 = DIRECTION('',(1.,0.,0.));
#783 = AXIS2_PLACEMENT_3D('',#784,#785,#786);
#784 = CARTESIAN_POINT('',(13.559436118872,31.668463296927,0.));
#785 = DIRECTION('',(1.224646799147E-16,0.,-1.));
#786 = DIRECTION('',(1.,1.224646799147E-16,1.224646799147E-16));
#787 = AXIS2_PLACEMENT_3D('',#788,#789,#790);
#788 = CARTESIAN_POINT('',(13.216860553721,27.795415290831,
    1.538354076708));
#789 = DIRECTION('',(0.,0.,1.));
#790 = DIRECTION('',(-1.,1.224646799147E-16,0.));
#791 = AXIS2_PLACEMENT_3D('',#792,#793,#794);
#792 = CARTESIAN_POINT('',(18.055072390145,23.667274574549,
    1.538354076708));
#793 = DIRECTION('',(0.,-0.,1.));
#794 = DIRECTION('',(1.110223024625E-16,1.,0.));
#795 = AXIS2_PLACEMENT_3D('',#796,#797,#798);
#796 = CARTESIAN_POINT('',(19.125285750572,23.667274574549,
    1.538354076708));
#797 = DIRECTION('',(0.,-0.,1.));
#798 = DIRECTION('',(1.110223024625E-16,1.,0.));
#799 = AXIS2_PLACEMENT_3D('',#800,#801,#802);
#800 = CARTESIAN_POINT('',(19.941297942596,23.659908559817,
    1.538354076708));
#801 = DIRECTION('',(0.,-0.,1.));
#802 = DIRECTION('',(1.110223024625E-16,1.,0.));
#803 = AXIS2_PLACEMENT_3D('',#804,#805,#806);
#804 = CARTESIAN_POINT('',(13.559436118872,27.799540259081,0.));
#805 = DIRECTION('',(1.224646799147E-16,0.,-1.));
#806 = DIRECTION('',(1.,1.224646799147E-16,1.224646799147E-16));
#807 = AXIS2_PLACEMENT_3D('',#808,#809,#810);
#808 = CARTESIAN_POINT('',(65.389448818898,23.340127000254,
    1.538354076708));
#809 = DIRECTION('',(0.,-0.,1.));
#810 = DIRECTION('',(1.110223024625E-16,1.,0.));
#811 = AXIS2_PLACEMENT_3D('',#812,#813,#814);
#812 = CARTESIAN_POINT('',(64.603540767082,23.344572009144,
    1.538354076708));
#813 = DIRECTION('',(0.,-0.,1.));
#814 = DIRECTION('',(1.110223024625E-16,1.,0.));
#815 = AXIS2_PLACEMENT_3D('',#816,#817,#818);
#816 = CARTESIAN_POINT('',(64.590093980188,33.735712471425,
    1.538354076708));
#817 = DIRECTION('',(-0.,0.,1.));
#818 = DIRECTION('',(1.110223024625E-16,-1.,0.));
#819 = AXIS2_PLACEMENT_3D('',#820,#821,#822);
#820 = CARTESIAN_POINT('',(65.402895605791,33.731267462535,
    1.538354076708));
#821 = DIRECTION('',(-0.,0.,1.));
#822 = DIRECTION('',(1.110223024625E-16,-1.,0.));
#823 = AXIS2_PLACEMENT_3D('',#824,#825,#826);
#824 = CARTESIAN_POINT('',(77.336342392685,27.712009144018,
    1.538354076708));
#825 = DIRECTION('',(0.,0.,1.));
#826 = DIRECTION('',(-1.,1.224646799147E-16,0.));
#827 = AXIS2_PLACEMENT_3D('',#828,#829,#830);
#828 = CARTESIAN_POINT('',(77.331897383795,26.946162052324,
    1.538354076708));
#829 = DIRECTION('',(0.,0.,1.));
#830 = DIRECTION('',(-1.,1.224646799147E-16,0.));
#831 = AXIS2_PLACEMENT_3D('',#832,#833,#834);
#832 = CARTESIAN_POINT('',(75.100947421895,35.257317754636,
    1.538354076708));
#833 = DIRECTION('',(0.,0.,1.));
#834 = DIRECTION('',(1.,0.,0.));
#835 = AXIS2_PLACEMENT_3D('',#836,#837,#838);
#836 = CARTESIAN_POINT('',(75.105392430785,34.478023876048,
    1.538354076708));
#837 = DIRECTION('',(0.,0.,1.));
#838 = DIRECTION('',(1.,0.,0.));
#839 = AXIS2_PLACEMENT_3D('',#840,#841,#842);
#840 = CARTESIAN_POINT('',(18.162829565659,21.574871729743,
    1.538354076708));
#841 = DIRECTION('',(0.,0.,1.));
#842 = DIRECTION('',(-1.,1.224646799147E-16,0.));
#843 = AXIS2_PLACEMENT_3D('',#844,#845,#846);
#844 = CARTESIAN_POINT('',(18.162829565659,20.66046990094,1.538354076708
    ));
#845 = DIRECTION('',(0.,0.,1.));
#846 = DIRECTION('',(-1.,1.224646799147E-16,0.));
#847 = AXIS2_PLACEMENT_3D('',#848,#849,#850);
#848 = CARTESIAN_POINT('',(18.635529591059,15.630058420117,
    1.538354076708));
#849 = DIRECTION('',(0.,-0.,1.));
#850 = DIRECTION('',(1.110223024625E-16,1.,0.));
#851 = AXIS2_PLACEMENT_3D('',#852,#853,#854);
#852 = CARTESIAN_POINT('',(17.685516891034,15.630058420117,
    1.538354076708));
#853 = DIRECTION('',(0.,-0.,1.));
#854 = DIRECTION('',(1.110223024625E-16,1.,0.));
#855 = AXIS2_PLACEMENT_3D('',#856,#857,#858);
#856 = CARTESIAN_POINT('',(79.534818389637,14.834632969266,
    1.538354076708));
#857 = DIRECTION('',(0.,-0.,1.));
#858 = DIRECTION('',(1.110223024625E-16,1.,0.));
#859 = AXIS2_PLACEMENT_3D('',#860,#861,#862);
#860 = CARTESIAN_POINT('',(78.295562611125,18.768280416561,
    1.538354076708));
#861 = DIRECTION('',(0.,-0.,1.));
#862 = DIRECTION('',(1.110223024625E-16,1.,0.));
#863 = AXIS2_PLACEMENT_3D('',#864,#865,#866);
#864 = CARTESIAN_POINT('',(81.411102362205,19.349428498857,
    1.538354076708));
#865 = DIRECTION('',(-0.,0.,1.));
#866 = DIRECTION('',(1.110223024625E-16,-1.,0.));
#867 = AXIS2_PLACEMENT_3D('',#868,#869,#870);
#868 = CARTESIAN_POINT('',(81.406657353315,24.628752857506,
    1.538354076708));
#869 = DIRECTION('',(0.,0.,1.));
#870 = DIRECTION('',(1.,0.,0.));
#871 = AXIS2_PLACEMENT_3D('',#872,#873,#874);
#872 = CARTESIAN_POINT('',(81.411102362205,25.4454000508,1.538354076708)
  );
#873 = DIRECTION('',(0.,0.,1.));
#874 = DIRECTION('',(1.,0.,0.));
#875 = AXIS2_PLACEMENT_3D('',#876,#877,#878);
#876 = CARTESIAN_POINT('',(82.302136144272,26.330901701803,
    1.538354076708));
#877 = DIRECTION('',(0.,0.,1.));
#878 = DIRECTION('',(1.,0.,0.));
#879 = AXIS2_PLACEMENT_3D('',#880,#881,#882);
#880 = CARTESIAN_POINT('',(80.520068580137,26.330901701803,
    1.538354076708));
#881 = DIRECTION('',(0.,0.,1.));
#882 = DIRECTION('',(1.,0.,0.));
#883 = AXIS2_PLACEMENT_3D('',#884,#885,#886);
#884 = CARTESIAN_POINT('',(11.189484378969,21.194734569469,
    1.538354076708));
#885 = DIRECTION('',(0.,-0.,1.));
#886 = DIRECTION('',(1.110223024625E-16,1.,0.));
#887 = AXIS2_PLACEMENT_3D('',#888,#889,#890);
#888 = CARTESIAN_POINT('',(18.986723393447,35.358026416053,0.));
#889 = DIRECTION('',(1.224646799147E-16,0.,-1.));
#890 = DIRECTION('',(1.,1.224646799147E-16,1.224646799147E-16));
#891 = AXIS2_PLACEMENT_3D('',#892,#893,#894);
#892 = CARTESIAN_POINT('',(14.057406654813,33.303497586995,0.));
#893 = DIRECTION('',(1.224646799147E-16,0.,-1.));
#894 = DIRECTION('',(-1.,0.,-1.224646799147E-16));
#895 = AXIS2_PLACEMENT_3D('',#896,#897,#898);
#896 = CARTESIAN_POINT('',(18.972283464567,39.503571247142,0.));
#897 = DIRECTION('',(1.224646799147E-16,0.,-1.));
#898 = DIRECTION('',(1.,1.224646799147E-16,1.224646799147E-16));
#899 = AXIS2_PLACEMENT_3D('',#900,#901,#902);
#900 = CARTESIAN_POINT('',(16.06524003048,42.19620523241,0.));
#901 = DIRECTION('',(1.224646799147E-16,0.,-1.));
#902 = DIRECTION('',(-1.110223024625E-16,1.,-1.359631073447E-32));
#903 = AXIS2_PLACEMENT_3D('',#904,#905,#906);
#904 = CARTESIAN_POINT('',(18.986723393447,37.128554737109,0.));
#905 = DIRECTION('',(1.224646799147E-16,0.,-1.));
#906 = DIRECTION('',(1.,1.224646799147E-16,1.224646799147E-16));
#907 = AXIS2_PLACEMENT_3D('',#908,#909,#910);
#908 = CARTESIAN_POINT('',(9.741145542291,37.128554737109,0.));
#909 = DIRECTION('',(1.224646799147E-16,0.,-1.));
#910 = DIRECTION('',(1.,1.224646799147E-16,1.224646799147E-16));
#911 = AXIS2_PLACEMENT_3D('',#912,#913,#914);
#912 = CARTESIAN_POINT('',(12.196283972568,42.19620523241,0.));
#913 = DIRECTION('',(1.224646799147E-16,0.,-1.));
#914 = DIRECTION('',(-1.110223024625E-16,1.,-1.359631073447E-32));
#915 = AXIS2_PLACEMENT_3D('',#916,#917,#918);
#916 = CARTESIAN_POINT('',(18.768882397765,42.122362204724,0.));
#917 = DIRECTION('',(1.224646799147E-16,0.,-1.));
#918 = DIRECTION('',(-1.110223024625E-16,1.,-1.359631073447E-32));
#919 = AXIS2_PLACEMENT_3D('',#920,#921,#922);
#920 = CARTESIAN_POINT('',(19.584894589789,42.122362204724,0.));
#921 = DIRECTION('',(1.224646799147E-16,0.,-1.));
#922 = DIRECTION('',(-1.110223024625E-16,1.,-1.359631073447E-32));
#923 = AXIS2_PLACEMENT_3D('',#924,#925,#926);
#924 = CARTESIAN_POINT('',(72.676537973076,44.032029464059,0.));
#925 = DIRECTION('',(1.224646799147E-16,0.,-1.));
#926 = DIRECTION('',(1.,1.224646799147E-16,1.224646799147E-16));
#927 = AXIS2_PLACEMENT_3D('',#928,#929,#930);
#928 = CARTESIAN_POINT('',(68.68254508509,41.423586487173,1.538354076708
    ));
#929 = DIRECTION('',(0.,0.,1.));
#930 = DIRECTION('',(1.,0.,0.));
#931 = AXIS2_PLACEMENT_3D('',#932,#933,#934);
#932 = CARTESIAN_POINT('',(70.479029718059,47.112291084582,
    1.538354076708));
#933 = DIRECTION('',(0.,0.,1.));
#934 = DIRECTION('',(-1.,1.224646799147E-16,0.));
#935 = AXIS2_PLACEMENT_3D('',#936,#937,#938);
#936 = CARTESIAN_POINT('',(70.381808483617,39.604386588773,
    1.538354076708));
#937 = DIRECTION('',(0.,0.,1.));
#938 = DIRECTION('',(-1.,1.224646799147E-16,0.));
#939 = AXIS2_PLACEMENT_3D('',#940,#941,#942);
#940 = CARTESIAN_POINT('',(75.224069088138,44.067066294133,0.));
#941 = DIRECTION('',(1.224646799147E-16,0.,-1.));
#942 = DIRECTION('',(-1.,0.,-1.224646799147E-16));
#943 = AXIS2_PLACEMENT_3D('',#944,#945,#946);
#944 = CARTESIAN_POINT('',(84.304259588519,40.49302006604,1.538354076708
    ));
#945 = DIRECTION('',(0.,0.,1.));
#946 = DIRECTION('',(1.,0.,0.));
#947 = AXIS2_PLACEMENT_3D('',#948,#949,#950);
#948 = CARTESIAN_POINT('',(80.778186436373,45.954008128016,
    1.538354076708));
#949 = DIRECTION('',(0.,-0.,1.));
#950 = DIRECTION('',(1.110223024625E-16,1.,0.));
#951 = AXIS2_PLACEMENT_3D('',#952,#953,#954);
#952 = CARTESIAN_POINT('',(76.874432308865,45.911376682753,
    1.538354076708));
#953 = DIRECTION('',(0.,-0.,1.));
#954 = DIRECTION('',(1.110223024625E-16,1.,0.));
#955 = AXIS2_PLACEMENT_3D('',#956,#957,#958);
#956 = CARTESIAN_POINT('',(79.302090424181,36.553022606045,
    1.538354076708));
#957 = DIRECTION('',(-0.,0.,1.));
#958 = DIRECTION('',(1.110223024625E-16,-1.,0.));
#959 = AXIS2_PLACEMENT_3D('',#960,#961,#962);
#960 = CARTESIAN_POINT('',(76.557178054356,45.364490728981,0.));
#961 = DIRECTION('',(1.224646799147E-16,0.,-1.));
#962 = DIRECTION('',(-1.110223024625E-16,1.,-1.359631073447E-32));
#963 = AXIS2_PLACEMENT_3D('',#964,#965,#966);
#964 = CARTESIAN_POINT('',(79.204183388367,45.911376682753,
    1.538354076708));
#965 = DIRECTION('',(0.,-0.,1.));
#966 = DIRECTION('',(1.110223024625E-16,1.,0.));
#967 = AXIS2_PLACEMENT_3D('',#968,#969,#970);
#968 = CARTESIAN_POINT('',(84.353205486411,42.564823469647,
    1.538354076708));
#969 = DIRECTION('',(0.,0.,1.));
#970 = DIRECTION('',(1.,0.,0.));
#971 = AXIS2_PLACEMENT_3D('',#972,#973,#974);
#972 = CARTESIAN_POINT('',(75.676283972568,41.992471424943,0.));
#973 = DIRECTION('',(1.224646799147E-16,0.,-1.));
#974 = DIRECTION('',(-1.110223024625E-16,1.,-1.359631073447E-32));
#975 = AXIS2_PLACEMENT_3D('',#976,#977,#978);
#976 = CARTESIAN_POINT('',(73.999872999746,43.650439420879,0.));
#977 = DIRECTION('',(1.224646799147E-16,0.,-1.));
#978 = DIRECTION('',(-1.110223024625E-16,1.,-1.359631073447E-32));
#979 = AXIS2_PLACEMENT_3D('',#980,#981,#982);
#980 = CARTESIAN_POINT('',(77.596621793244,36.553022606045,
    1.538354076708));
#981 = DIRECTION('',(-0.,0.,1.));
#982 = DIRECTION('',(1.110223024625E-16,-1.,0.));
#983 = AXIS2_PLACEMENT_3D('',#984,#985,#986);
#984 = CARTESIAN_POINT('',(84.353205486411,43.401648463297,
    1.538354076708));
#985 = DIRECTION('',(0.,0.,1.));
#986 = DIRECTION('',(1.,0.,0.));
#987 = AXIS2_PLACEMENT_3D('',#988,#989,#990);
#988 = CARTESIAN_POINT('',(78.469433578867,36.553022606045,
    1.538354076708));
#989 = DIRECTION('',(-0.,0.,1.));
#990 = DIRECTION('',(1.110223024625E-16,-1.,0.));
#991 = AXIS2_PLACEMENT_3D('',#992,#993,#994);
#992 = CARTESIAN_POINT('',(74.592171704343,39.319278638557,
    1.538354076708));
#993 = DIRECTION('',(0.,0.,1.));
#994 = DIRECTION('',(-1.,1.224646799147E-16,0.));
#995 = AXIS2_PLACEMENT_3D('',#996,#997,#998);
#996 = CARTESIAN_POINT('',(74.592171704343,40.190647701295,
    1.538354076708));
#997 = DIRECTION('',(0.,0.,1.));
#998 = DIRECTION('',(-1.,1.224646799147E-16,0.));
#999 = AXIS2_PLACEMENT_3D('',#1000,#1001,#1002);
#1000 = CARTESIAN_POINT('',(78.439479298959,45.920266700533,
    1.538354076708));
#1001 = DIRECTION('',(-0.,0.,1.));
#1002 = DIRECTION('',(1.110223024625E-16,-1.,0.));
#1003 = AXIS2_PLACEMENT_3D('',#1004,#1005,#1006);
#1004 = CARTESIAN_POINT('',(77.66252984506,45.920266700533,
    1.538354076708));
#1005 = DIRECTION('',(-0.,0.,1.));
#1006 = DIRECTION('',(1.110223024625E-16,-1.,0.));
#1007 = AXIS2_PLACEMENT_3D('',#1008,#1009,#1010);
#1008 = CARTESIAN_POINT('',(80.174470408941,36.553022606045,
    1.538354076708));
#1009 = DIRECTION('',(-0.,0.,1.));
#1010 = DIRECTION('',(1.110223024625E-16,-1.,0.));
#1011 = AXIS2_PLACEMENT_3D('',#1012,#1013,#1014);
#1012 = CARTESIAN_POINT('',(76.763782067564,36.553022606045,
    1.538354076708));
#1013 = DIRECTION('',(-0.,0.,1.));
#1014 = DIRECTION('',(1.110223024625E-16,-1.,0.));
#1015 = AXIS2_PLACEMENT_3D('',#1016,#1017,#1018);
#1016 = CARTESIAN_POINT('',(88.989918719837,23.976400812802,0.));
#1017 = DIRECTION('',(1.224646799147E-16,0.,-1.));
#1018 = DIRECTION('',(-1.110223024625E-16,1.,-1.359631073447E-32));
#1019 = AXIS2_PLACEMENT_3D('',#1020,#1021,#1022);
#1020 = CARTESIAN_POINT('',(91.957561595123,25.995290830582,
    1.538354076708));
#1021 = DIRECTION('',(-0.,0.,1.));
#1022 = DIRECTION('',(1.110223024625E-16,-1.,0.));
#1023 = AXIS2_PLACEMENT_3D('',#1024,#1025,#1026);
#1024 = CARTESIAN_POINT('',(94.497566675133,25.995290830582,
    1.538354076708));
#1025 = DIRECTION('',(-0.,0.,1.));
#1026 = DIRECTION('',(1.110223024625E-16,-1.,0.));
#1027 = AXIS2_PLACEMENT_3D('',#1028,#1029,#1030);
#1028 = CARTESIAN_POINT('',(94.497566675133,18.494389128778,
    1.538354076708));
#1029 = DIRECTION('',(-0.,0.,1.));
#1030 = DIRECTION('',(1.110223024625E-16,-1.,0.));
#1031 = AXIS2_PLACEMENT_3D('',#1032,#1033,#1034);
#1032 = CARTESIAN_POINT('',(91.957561595123,18.494389128778,
    1.538354076708));
#1033 = DIRECTION('',(-0.,0.,1.));
#1034 = DIRECTION('',(1.110223024625E-16,-1.,0.));
#1035 = AXIS2_PLACEMENT_3D('',#1036,#1037,#1038);
#1036 = CARTESIAN_POINT('',(88.545316230632,20.848679197358,0.));
#1037 = DIRECTION('',(1.224646799147E-16,0.,-1.));
#1038 = DIRECTION('',(1.,1.224646799147E-16,1.224646799147E-16));
#1039 = AXIS2_PLACEMENT_3D('',#1040,#1041,#1042);
#1040 = CARTESIAN_POINT('',(88.554206248413,21.726738633477,0.));
#1041 = DIRECTION('',(1.224646799147E-16,0.,-1.));
#1042 = DIRECTION('',(-1.,0.,-1.224646799147E-16));
#1043 = AXIS2_PLACEMENT_3D('',#1044,#1045,#1046);
#1044 = CARTESIAN_POINT('',(88.554206248413,19.092560325121,0.));
#1045 = DIRECTION('',(1.224646799147E-16,0.,-1.));
#1046 = DIRECTION('',(-1.,0.,-1.224646799147E-16));
#1047 = AXIS2_PLACEMENT_3D('',#1048,#1049,#1050);
#1048 = CARTESIAN_POINT('',(88.554206248413,19.97061976124,0.));
#1049 = DIRECTION('',(1.224646799147E-16,0.,-1.));
#1050 = DIRECTION('',(-1.,0.,-1.224646799147E-16));
#1051 = AXIS2_PLACEMENT_3D('',#1052,#1053,#1054);
#1052 = CARTESIAN_POINT('',(72.680982981966,43.215382270765,0.));
#1053 = DIRECTION('',(1.224646799147E-16,0.,-1.));
#1054 = DIRECTION('',(-1.,0.,-1.224646799147E-16));
#1055 = AXIS2_PLACEMENT_3D('',#1056,#1057,#1058);
#1056 = CARTESIAN_POINT('',(23.982364744729,27.700553721107,0.));
#1057 = DIRECTION('',(1.224646799147E-16,0.,-1.));
#1058 = DIRECTION('',(-1.110223024625E-16,1.,-1.359631073447E-32));
#1059 = AXIS2_PLACEMENT_3D('',#1060,#1061,#1062);
#1060 = CARTESIAN_POINT('',(23.982364744729,26.114846329693,0.));
#1061 = DIRECTION('',(1.224646799147E-16,0.,-1.));
#1062 = DIRECTION('',(-1.110223024625E-16,1.,-1.359631073447E-32));
#1063 = AXIS2_PLACEMENT_3D('',#1064,#1065,#1066);
#1064 = CARTESIAN_POINT('',(47.117998475997,24.652324104648,0.));
#1065 = DIRECTION('',(1.224646799147E-16,0.,-1.));
#1066 = DIRECTION('',(-1.110223024625E-16,1.,-1.359631073447E-32));
#1067 = AXIS2_PLACEMENT_3D('',#1068,#1069,#1070);
#1068 = CARTESIAN_POINT('',(47.219598679197,27.857345694691,0.));
#1069 = DIRECTION('',(1.224646799147E-16,0.,-1.));
#1070 = DIRECTION('',(-1.110223024625E-16,1.,-1.359631073447E-32));
#1071 = AXIS2_PLACEMENT_3D('',#1072,#1073,#1074);
#1072 = CARTESIAN_POINT('',(34.384465328931,25.39665989332,0.));
#1073 = DIRECTION('',(1.224646799147E-16,0.,-1.));
#1074 = DIRECTION('',(-1.110223024625E-16,1.,-1.359631073447E-32));
#1075 = AXIS2_PLACEMENT_3D('',#1076,#1077,#1078);
#1076 = CARTESIAN_POINT('',(32.65604013208,24.058971297943,0.));
#1077 = DIRECTION('',(1.224646799147E-16,0.,-1.));
#1078 = DIRECTION('',(1.,1.224646799147E-16,1.224646799147E-16));
#1079 = AXIS2_PLACEMENT_3D('',#1080,#1081,#1082);
#1080 = CARTESIAN_POINT('',(6.171092202184,39.141150622301,0.));
#1081 = DIRECTION('',(1.224646799147E-16,0.,-1.));
#1082 = DIRECTION('',(2.22044604925E-16,-1.,2.719262146894E-32));
#1083 = AXIS2_PLACEMENT_3D('',#1084,#1085,#1086);
#1084 = CARTESIAN_POINT('',(6.171092202184,40.785222250445,0.));
#1085 = DIRECTION('',(1.224646799147E-16,0.,-1.));
#1086 = DIRECTION('',(-1.110223024625E-16,1.,-1.359631073447E-32));
#1087 = AXIS2_PLACEMENT_3D('',#1088,#1089,#1090);
#1088 = CARTESIAN_POINT('',(51.876634493269,33.747500635001,0.));
#1089 = DIRECTION('',(1.224646799147E-16,0.,-1.));
#1090 = DIRECTION('',(-1.110223024625E-16,1.,-1.359631073447E-32));
#1091 = AXIS2_PLACEMENT_3D('',#1092,#1093,#1094);
#1092 = CARTESIAN_POINT('',(51.029964439929,33.756390652781,0.));
#1093 = DIRECTION('',(1.224646799147E-16,0.,-1.));
#1094 = DIRECTION('',(2.22044604925E-16,-1.,2.719262146894E-32));
#1095 = AXIS2_PLACEMENT_3D('',#1096,#1097,#1098);
#1096 = CARTESIAN_POINT('',(18.845054610109,48.362646685293,
    1.538354076708));
#1097 = DIRECTION('',(-0.,0.,1.));
#1098 = DIRECTION('',(1.110223024625E-16,-1.,0.));
#1099 = AXIS2_PLACEMENT_3D('',#1100,#1101,#1102);
#1100 = CARTESIAN_POINT('',(18.834366268733,45.951800863602,
    1.538354076708));
#1101 = DIRECTION('',(0.,-0.,1.));
#1102 = DIRECTION('',(1.110223024625E-16,1.,0.));
#1103 = AXIS2_PLACEMENT_3D('',#1104,#1105,#1106);
#1104 = CARTESIAN_POINT('',(47.613690627381,21.05078994158,0.));
#1105 = DIRECTION('',(1.224646799147E-16,0.,-1.));
#1106 = DIRECTION('',(-1.,0.,-1.224646799147E-16));
#1107 = AXIS2_PLACEMENT_3D('',#1108,#1109,#1110);
#1108 = CARTESIAN_POINT('',(47.998892557785,22.320134620269,0.));
#1109 = DIRECTION('',(1.224646799147E-16,0.,-1.));
#1110 = DIRECTION('',(2.22044604925E-16,-1.,2.719262146894E-32));
#1111 = AXIS2_PLACEMENT_3D('',#1112,#1113,#1114);
#1112 = CARTESIAN_POINT('',(13.207970535941,25.141879603759,
    1.538354076708));
#1113 = DIRECTION('',(0.,0.,1.));
#1114 = DIRECTION('',(1.,0.,0.));
#1115 = AXIS2_PLACEMENT_3D('',#1116,#1117,#1118);
#1116 = CARTESIAN_POINT('',(13.216860553721,24.159156718313,
    1.538354076708));
#1117 = DIRECTION('',(0.,0.,1.));
#1118 = DIRECTION('',(-1.,1.224646799147E-16,0.));
#1119 = AXIS2_PLACEMENT_3D('',#1120,#1121,#1122);
#1120 = CARTESIAN_POINT('',(13.568326136652,29.733444246888,0.));
#1121 = DIRECTION('',(1.224646799147E-16,0.,-1.));
#1122 = DIRECTION('',(-1.,0.,-1.224646799147E-16));
#1123 = AXIS2_PLACEMENT_3D('',#1124,#1125,#1126);
#1124 = CARTESIAN_POINT('',(13.207970535941,26.125118110236,
    1.538354076708));
#1125 = DIRECTION('',(0.,0.,1.));
#1126 = DIRECTION('',(1.,0.,0.));
#1127 = AXIS2_PLACEMENT_3D('',#1128,#1129,#1130);
#1128 = CARTESIAN_POINT('',(20.75731013462,23.667274574549,
    1.538354076708));
#1129 = DIRECTION('',(0.,-0.,1.));
#1130 = DIRECTION('',(1.110223024625E-16,1.,0.));
#1131 = AXIS2_PLACEMENT_3D('',#1132,#1133,#1134);
#1132 = CARTESIAN_POINT('',(6.171092202184,24.924833629667,0.));
#1133 = DIRECTION('',(1.224646799147E-16,0.,-1.));
#1134 = DIRECTION('',(2.22044604925E-16,-1.,2.719262146894E-32));
#1135 = AXIS2_PLACEMENT_3D('',#1136,#1137,#1138);
#1136 = CARTESIAN_POINT('',(6.171092202184,26.638196596393,0.));
#1137 = DIRECTION('',(1.224646799147E-16,0.,-1.));
#1138 = DIRECTION('',(-1.110223024625E-16,1.,-1.359631073447E-32));
#1139 = AXIS2_PLACEMENT_3D('',#1140,#1141,#1142);
#1140 = CARTESIAN_POINT('',(78.032575565151,33.537637795276,
    1.538354076708));
#1141 = DIRECTION('',(0.,0.,1.));
#1142 = DIRECTION('',(1.,0.,0.));
#1143 = AXIS2_PLACEMENT_3D('',#1144,#1145,#1146);
#1144 = CARTESIAN_POINT('',(58.826517653035,31.902463804928,0.));
#1145 = DIRECTION('',(1.224646799147E-16,0.,-1.));
#1146 = DIRECTION('',(-0.707106781187,-0.707106781187,
    -8.659560562355E-17));
#1147 = AXIS2_PLACEMENT_3D('',#1148,#1149,#1150);
#1148 = CARTESIAN_POINT('',(70.031143002286,14.770457200914,
    1.538354076708));
#1149 = DIRECTION('',(0.,-0.,1.));
#1150 = DIRECTION('',(1.110223024625E-16,1.,0.));
#1151 = AXIS2_PLACEMENT_3D('',#1152,#1153,#1154);
#1152 = CARTESIAN_POINT('',(68.417376174752,17.310462280925,
    1.538354076708));
#1153 = DIRECTION('',(0.,-0.,1.));
#1154 = DIRECTION('',(1.110223024625E-16,1.,0.));
#1155 = AXIS2_PLACEMENT_3D('',#1156,#1157,#1158);
#1156 = CARTESIAN_POINT('',(70.031143002286,17.310462280925,
    1.538354076708));
#1157 = DIRECTION('',(0.,-0.,1.));
#1158 = DIRECTION('',(1.110223024625E-16,1.,0.));
#1159 = AXIS2_PLACEMENT_3D('',#1160,#1161,#1162);
#1160 = CARTESIAN_POINT('',(75.897137414275,22.612712725425,
    1.538354076708));
#1161 = DIRECTION('',(0.,0.,1.));
#1162 = DIRECTION('',(-1.,1.224646799147E-16,0.));
#1163 = AXIS2_PLACEMENT_3D('',#1164,#1165,#1166);
#1164 = CARTESIAN_POINT('',(75.893606807214,21.791577343155,
    1.538354076708));
#1165 = DIRECTION('',(0.,0.,1.));
#1166 = DIRECTION('',(-1.,1.224646799147E-16,0.));
#1167 = AXIS2_PLACEMENT_3D('',#1168,#1169,#1170);
#1168 = CARTESIAN_POINT('',(71.881181102362,17.310462280925,
    1.538354076708));
#1169 = DIRECTION('',(0.,-0.,1.));
#1170 = DIRECTION('',(1.110223024625E-16,1.,0.));
#1171 = AXIS2_PLACEMENT_3D('',#1172,#1173,#1174);
#1172 = CARTESIAN_POINT('',(69.239575819152,14.770457200914,
    1.538354076708));
#1173 = DIRECTION('',(0.,-0.,1.));
#1174 = DIRECTION('',(1.110223024625E-16,1.,0.));
#1175 = AXIS2_PLACEMENT_3D('',#1176,#1177,#1178);
#1176 = CARTESIAN_POINT('',(69.239575819152,17.310462280925,
    1.538354076708));
#1177 = DIRECTION('',(0.,-0.,1.));
#1178 = DIRECTION('',(1.110223024625E-16,1.,0.));
#1179 = AXIS2_PLACEMENT_3D('',#1180,#1181,#1182);
#1180 = CARTESIAN_POINT('',(71.881181102362,14.770457200914,
    1.538354076708));
#1181 = DIRECTION('',(0.,-0.,1.));
#1182 = DIRECTION('',(1.110223024625E-16,1.,0.));
#1183 = AXIS2_PLACEMENT_3D('',#1184,#1185,#1186);
#1184 = CARTESIAN_POINT('',(66.558763017526,14.770457200914,
    1.538354076708));
#1185 = DIRECTION('',(0.,-0.,1.));
#1186 = DIRECTION('',(1.110223024625E-16,1.,0.));
#1187 = AXIS2_PLACEMENT_3D('',#1188,#1189,#1190);
#1188 = CARTESIAN_POINT('',(67.350574041148,14.770457200914,
    1.538354076708));
#1189 = DIRECTION('',(0.,-0.,1.));
#1190 = DIRECTION('',(1.110223024625E-16,1.,0.));
#1191 = AXIS2_PLACEMENT_3D('',#1192,#1193,#1194);
#1192 = CARTESIAN_POINT('',(66.558763017526,17.310462280925,
    1.538354076708));
#1193 = DIRECTION('',(0.,-0.,1.));
#1194 = DIRECTION('',(1.110223024625E-16,1.,0.));
#1195 = AXIS2_PLACEMENT_3D('',#1196,#1197,#1198);
#1196 = CARTESIAN_POINT('',(67.350574041148,17.310462280925,
    1.538354076708));
#1197 = DIRECTION('',(0.,-0.,1.));
#1198 = DIRECTION('',(1.110223024625E-16,1.,0.));
#1199 = AXIS2_PLACEMENT_3D('',#1200,#1201,#1202);
#1200 = CARTESIAN_POINT('',(62.084503429007,33.448323596647,
    1.538354076708));
#1201 = DIRECTION('',(0.,0.,1.));
#1202 = DIRECTION('',(1.,0.,0.));
#1203 = AXIS2_PLACEMENT_3D('',#1204,#1205,#1206);
#1204 = CARTESIAN_POINT('',(61.214122428245,33.423406146812,0.));
#1205 = DIRECTION('',(1.224646799147E-16,0.,-1.));
#1206 = DIRECTION('',(1.,1.224646799147E-16,1.224646799147E-16));
#1207 = AXIS2_PLACEMENT_3D('',#1208,#1209,#1210);
#1208 = CARTESIAN_POINT('',(62.084503429007,30.886461772924,
    1.538354076708));
#1209 = DIRECTION('',(0.,0.,1.));
#1210 = DIRECTION('',(1.,0.,0.));
#1211 = AXIS2_PLACEMENT_3D('',#1212,#1213,#1214);
#1212 = CARTESIAN_POINT('',(62.992125984252,33.423406146812,0.));
#1213 = DIRECTION('',(1.224646799147E-16,0.,-1.));
#1214 = DIRECTION('',(1.,1.224646799147E-16,1.224646799147E-16));
#1215 = AXIS2_PLACEMENT_3D('',#1216,#1217,#1218);
#1216 = CARTESIAN_POINT('',(57.200914401829,27.370543561087,0.));
#1217 = DIRECTION('',(1.224646799147E-16,0.,-1.));
#1218 = DIRECTION('',(-1.,0.,-1.224646799147E-16));
#1219 = AXIS2_PLACEMENT_3D('',#1220,#1221,#1222);
#1220 = CARTESIAN_POINT('',(61.694178308357,27.778869697739,
    1.538354076708));
#1221 = DIRECTION('',(-0.,0.,1.));
#1222 = DIRECTION('',(1.110223024625E-16,-1.,0.));
#1223 = AXIS2_PLACEMENT_3D('',#1224,#1225,#1226);
#1224 = CARTESIAN_POINT('',(58.504424688849,25.554884429769,0.));
#1225 = DIRECTION('',(1.224646799147E-16,0.,-1.));
#1226 = DIRECTION('',(2.22044604925E-16,-1.,2.719262146894E-32));
#1227 = AXIS2_PLACEMENT_3D('',#1228,#1229,#1230);
#1228 = CARTESIAN_POINT('',(66.141732283465,28.202120904242,0.));
#1229 = DIRECTION('',(1.224646799147E-16,0.,-1.));
#1230 = DIRECTION('',(2.22044604925E-16,-1.,2.719262146894E-32));
#1231 = AXIS2_PLACEMENT_3D('',#1232,#1233,#1234);
#1232 = CARTESIAN_POINT('',(61.694178308357,24.275349250699,
    1.538354076708));
#1233 = DIRECTION('',(-0.,0.,1.));
#1234 = DIRECTION('',(1.110223024625E-16,-1.,0.));
#1235 = AXIS2_PLACEMENT_3D('',#1236,#1237,#1238);
#1236 = CARTESIAN_POINT('',(57.549311658623,26.174536449073,0.));
#1237 = DIRECTION('',(1.224646799147E-16,0.,-1.));
#1238 = DIRECTION('',(2.22044604925E-16,-1.,2.719262146894E-32));
#1239 = AXIS2_PLACEMENT_3D('',#1240,#1241,#1242);
#1240 = CARTESIAN_POINT('',(61.694178308357,22.523591567183,
    1.538354076708));
#1241 = DIRECTION('',(-0.,0.,1.));
#1242 = DIRECTION('',(1.110223024625E-16,-1.,0.));
#1243 = AXIS2_PLACEMENT_3D('',#1244,#1245,#1246);
#1244 = CARTESIAN_POINT('',(56.496723393447,24.312971805944,0.));
#1245 = DIRECTION('',(1.224646799147E-16,0.,-1.));
#1246 = DIRECTION('',(-1.,0.,-1.224646799147E-16));
#1247 = AXIS2_PLACEMENT_3D('',#1248,#1249,#1250);
#1248 = CARTESIAN_POINT('',(61.694178308357,20.771831343663,
    1.538354076708));
#1249 = DIRECTION('',(-0.,0.,1.));
#1250 = DIRECTION('',(1.110223024625E-16,-1.,0.));
#1251 = AXIS2_PLACEMENT_3D('',#1252,#1253,#1254);
#1252 = CARTESIAN_POINT('',(54.813309626619,24.262171704343,0.));
#1253 = DIRECTION('',(1.224646799147E-16,0.,-1.));
#1254 = DIRECTION('',(-1.,0.,-1.224646799147E-16));
#1255 = AXIS2_PLACEMENT_3D('',#1256,#1257,#1258);
#1256 = CARTESIAN_POINT('',(55.531496062992,22.57810515621,0.));
#1257 = DIRECTION('',(1.224646799147E-16,0.,-1.));
#1258 = DIRECTION('',(-1.,0.,-1.224646799147E-16));
#1259 = AXIS2_PLACEMENT_3D('',#1260,#1261,#1262);
#1260 = CARTESIAN_POINT('',(56.388112776226,28.297254254509,0.));
#1261 = DIRECTION('',(1.224646799147E-16,0.,-1.));
#1262 = DIRECTION('',(-1.,0.,-1.224646799147E-16));
#1263 = AXIS2_PLACEMENT_3D('',#1264,#1265,#1266);
#1264 = CARTESIAN_POINT('',(61.694178308357,26.027109474219,
    1.538354076708));
#1265 = DIRECTION('',(-0.,0.,1.));
#1266 = DIRECTION('',(1.110223024625E-16,-1.,0.));
#1267 = AXIS2_PLACEMENT_3D('',#1268,#1269,#1270);
#1268 = CARTESIAN_POINT('',(71.058981457963,17.310462280925,
    1.538354076708));
#1269 = DIRECTION('',(0.,-0.,1.));
#1270 = DIRECTION('',(1.110223024625E-16,1.,0.));
#1271 = AXIS2_PLACEMENT_3D('',#1272,#1273,#1274);
#1272 = CARTESIAN_POINT('',(72.703380746761,17.310462280925,
    1.538354076708));
#1273 = DIRECTION('',(0.,-0.,1.));
#1274 = DIRECTION('',(1.110223024625E-16,1.,0.));
#1275 = AXIS2_PLACEMENT_3D('',#1276,#1277,#1278);
#1276 = CARTESIAN_POINT('',(71.06493522987,14.770457200914,
    1.538354076708));
#1277 = DIRECTION('',(0.,-0.,1.));
#1278 = DIRECTION('',(1.110223024625E-16,1.,0.));
#1279 = AXIS2_PLACEMENT_3D('',#1280,#1281,#1282);
#1280 = CARTESIAN_POINT('',(72.703380746761,14.770457200914,
    1.538354076708));
#1281 = DIRECTION('',(0.,-0.,1.));
#1282 = DIRECTION('',(1.110223024625E-16,1.,0.));
#1283 = AXIS2_PLACEMENT_3D('',#1284,#1285,#1286);
#1284 = CARTESIAN_POINT('',(68.417376174752,14.770457200914,
    1.538354076708));
#1285 = DIRECTION('',(0.,-0.,1.));
#1286 = DIRECTION('',(1.110223024625E-16,1.,0.));
#1287 = AXIS2_PLACEMENT_3D('',#1288,#1289,#1290);
#1288 = CARTESIAN_POINT('',(83.542166624333,19.351391922784,
    1.538354076708));
#1289 = DIRECTION('',(-0.,0.,1.));
#1290 = DIRECTION('',(1.110223024625E-16,-1.,0.));
#1291 = AXIS2_PLACEMENT_3D('',#1292,#1293,#1294);
#1292 = CARTESIAN_POINT('',(79.280038100076,19.351391922784,
    1.538354076708));
#1293 = DIRECTION('',(-0.,0.,1.));
#1294 = DIRECTION('',(1.110223024625E-16,-1.,0.));
#1295 = AXIS2_PLACEMENT_3D('',#1296,#1297,#1298);
#1296 = CARTESIAN_POINT('',(85.03937007874,22.20667513335,1.538354076708
    ));
#1297 = DIRECTION('',(-0.,0.,1.));
#1298 = DIRECTION('',(1.110223024625E-16,-1.,0.));
#1299 = AXIS2_PLACEMENT_3D('',#1300,#1301,#1302);
#1300 = CARTESIAN_POINT('',(77.83286004572,22.20667513335,1.538354076708
    ));
#1301 = DIRECTION('',(-0.,0.,1.));
#1302 = DIRECTION('',(1.110223024625E-16,-1.,0.));
#1303 = AXIS2_PLACEMENT_3D('',#1304,#1305,#1306);
#1304 = CARTESIAN_POINT('',(58.200584201168,38.445262890526,
    1.538354076708));
#1305 = DIRECTION('',(0.,0.,1.));
#1306 = DIRECTION('',(-1.,1.224646799147E-16,0.));
#1307 = AXIS2_PLACEMENT_3D('',#1308,#1309,#1310);
#1308 = CARTESIAN_POINT('',(58.232440944882,2.641605283211,0.));
#1309 = DIRECTION('',(1.224646799147E-16,0.,-1.));
#1310 = DIRECTION('',(-1.,0.,-1.224646799147E-16));
#1311 = AXIS2_PLACEMENT_3D('',#1312,#1313,#1314);
#1312 = CARTESIAN_POINT('',(53.390906781814,2.601016002032,0.));
#1313 = DIRECTION('',(1.224646799147E-16,0.,-1.));
#1314 = DIRECTION('',(1.,1.224646799147E-16,1.224646799147E-16));
#1315 = AXIS2_PLACEMENT_3D('',#1316,#1317,#1318);
#1316 = CARTESIAN_POINT('',(63.07397510795,2.641605283211,0.));
#1317 = DIRECTION('',(1.224646799147E-16,0.,-1.));
#1318 = DIRECTION('',(-1.,0.,-1.224646799147E-16));
#1319 = AXIS2_PLACEMENT_3D('',#1320,#1321,#1322);
#1320 = CARTESIAN_POINT('',(67.915511811024,2.641605283211,0.));
#1321 = DIRECTION('',(1.224646799147E-16,0.,-1.));
#1322 = DIRECTION('',(-1.,0.,-1.224646799147E-16));
#1323 = AXIS2_PLACEMENT_3D('',#1324,#1325,#1326);
#1324 = CARTESIAN_POINT('',(72.757045974092,2.641605283211,0.));
#1325 = DIRECTION('',(1.224646799147E-16,0.,-1.));
#1326 = DIRECTION('',(-1.,0.,-1.224646799147E-16));
#1327 = AXIS2_PLACEMENT_3D('',#1328,#1329,#1330);
#1328 = CARTESIAN_POINT('',(77.59858013716,2.641605283211,0.));
#1329 = DIRECTION('',(1.224646799147E-16,0.,-1.));
#1330 = DIRECTION('',(-1.,0.,-1.224646799147E-16));
#1331 = AXIS2_PLACEMENT_3D('',#1332,#1333,#1334);
#1332 = CARTESIAN_POINT('',(20.429723139446,20.149575819152,
    1.538354076708));
#1333 = DIRECTION('',(0.,-0.,1.));
#1334 = DIRECTION('',(1.110223024625E-16,1.,0.));
#1335 = AXIS2_PLACEMENT_3D('',#1336,#1337,#1338);
#1336 = CARTESIAN_POINT('',(11.36237998476,24.605527051054,
    1.538354076708));
#1337 = DIRECTION('',(-0.,0.,1.));
#1338 = DIRECTION('',(1.110223024625E-16,-1.,0.));
#1339 = AXIS2_PLACEMENT_3D('',#1340,#1341,#1342);
#1340 = CARTESIAN_POINT('',(12.407528575057,30.692346964694,
    1.538354076708));
#1341 = DIRECTION('',(0.,0.,1.));
#1342 = DIRECTION('',(-1.,1.224646799147E-16,0.));
#1343 = AXIS2_PLACEMENT_3D('',#1344,#1345,#1346);
#1344 = CARTESIAN_POINT('',(15.608282956566,24.480365760732,0.));
#1345 = DIRECTION('',(1.224646799147E-16,0.,-1.));
#1346 = DIRECTION('',(1.,1.224646799147E-16,1.224646799147E-16));
#1347 = AXIS2_PLACEMENT_3D('',#1348,#1349,#1350);
#1348 = CARTESIAN_POINT('',(70.994064008128,28.697995935992,
    1.538354076708));
#1349 = DIRECTION('',(0.,-0.,1.));
#1350 = DIRECTION('',(1.110223024625E-16,1.,0.));
#1351 = AXIS2_PLACEMENT_3D('',#1352,#1353,#1354);
#1352 = CARTESIAN_POINT('',(15.810236220472,38.895323850648,
    1.538354076708));
#1353 = DIRECTION('',(0.,0.,1.));
#1354 = DIRECTION('',(1.,0.,0.));
#1355 = AXIS2_PLACEMENT_3D('',#1356,#1357,#1358);
#1356 = CARTESIAN_POINT('',(12.687239014478,14.908663957328,
    1.538354076708));
#1357 = DIRECTION('',(0.,0.,1.));
#1358 = DIRECTION('',(-1.,1.224646799147E-16,0.));
#1359 = AXIS2_PLACEMENT_3D('',#1360,#1361,#1362);
#1360 = CARTESIAN_POINT('',(9.74112014224,38.345791211582,0.));
#1361 = DIRECTION('',(1.224646799147E-16,0.,-1.));
#1362 = DIRECTION('',(1.,1.224646799147E-16,1.224646799147E-16));
#1363 = AXIS2_PLACEMENT_3D('',#1364,#1365,#1366);
#1364 = CARTESIAN_POINT('',(9.792120904242,41.180678181356,0.));
#1365 = DIRECTION('',(1.224646799147E-16,0.,-1.));
#1366 = DIRECTION('',(1.,1.224646799147E-16,1.224646799147E-16));
#1367 = AXIS2_PLACEMENT_3D('',#1368,#1369,#1370);
#1368 = CARTESIAN_POINT('',(50.024094488189,27.479489458979,0.));
#1369 = DIRECTION('',(1.224646799147E-16,0.,-1.));
#1370 = DIRECTION('',(1.,1.224646799147E-16,1.224646799147E-16));
#1371 = AXIS2_PLACEMENT_3D('',#1372,#1373,#1374);
#1372 = CARTESIAN_POINT('',(3.570053340107,40.07682499365,0.));
#1373 = DIRECTION('',(1.224646799147E-16,0.,-1.));
#1374 = DIRECTION('',(1.,1.224646799147E-16,1.224646799147E-16));
#1375 = AXIS2_PLACEMENT_3D('',#1376,#1377,#1378);
#1376 = CARTESIAN_POINT('',(18.158384556769,18.355369570739,
    1.538354076708));
#1377 = DIRECTION('',(0.,-0.,1.));
#1378 = DIRECTION('',(1.110223024625E-16,1.,0.));
#1379 = AXIS2_PLACEMENT_3D('',#1380,#1381,#1382);
#1380 = CARTESIAN_POINT('',(65.702024384049,43.492491744983,
    1.538354076708));
#1381 = DIRECTION('',(0.,-0.,1.));
#1382 = DIRECTION('',(1.110223024625E-16,1.,0.));
#1383 = AXIS2_PLACEMENT_3D('',#1384,#1385,#1386);
#1384 = CARTESIAN_POINT('',(29.491694183388,8.649118618237,
    1.538354076708));
#1385 = DIRECTION('',(0.,-0.,1.));
#1386 = DIRECTION('',(1.110223024625E-16,1.,0.));
#1387 = AXIS2_PLACEMENT_3D('',#1388,#1389,#1390);
#1388 = CARTESIAN_POINT('',(69.694345948692,43.81334518669,
    1.538354076708));
#1389 = DIRECTION('',(0.,-0.,1.));
#1390 = DIRECTION('',(1.110223024625E-16,1.,0.));
#1391 = AXIS2_PLACEMENT_3D('',#1392,#1393,#1394);
#1392 = CARTESIAN_POINT('',(81.411102362205,22.20223012446,
    1.538354076708));
#1393 = DIRECTION('',(0.,-0.,1.));
#1394 = DIRECTION('',(1.110223024625E-16,1.,0.));
#1395 = AXIS2_PLACEMENT_3D('',#1396,#1397,#1398);
#1396 = CARTESIAN_POINT('',(75.834157988316,16.94348996698,
    1.538354076708));
#1397 = DIRECTION('',(0.,0.,1.));
#1398 = DIRECTION('',(1.,0.,0.));
#1399 = AXIS2_PLACEMENT_3D('',#1400,#1401,#1402);
#1400 = CARTESIAN_POINT('',(59.980988061976,44.306951993904,
    1.538354076708));
#1401 = DIRECTION('',(0.,0.,1.));
#1402 = DIRECTION('',(-1.,1.224646799147E-16,0.));
#1403 = AXIS2_PLACEMENT_3D('',#1404,#1405,#1406);
#1404 = CARTESIAN_POINT('',(4.227381254763,12.801191262383,0.));
#1405 = DIRECTION('',(1.224646799147E-16,0.,-1.));
#1406 = DIRECTION('',(-1.110223024625E-16,1.,-1.359631073447E-32));
#1407 = AXIS2_PLACEMENT_3D('',#1408,#1409,#1410);
#1408 = CARTESIAN_POINT('',(12.206583693167,18.358529337059,
    1.538354076708));
#1409 = DIRECTION('',(0.,-0.,1.));
#1410 = DIRECTION('',(1.110223024625E-16,1.,0.));
#1411 = AXIS2_PLACEMENT_3D('',#1412,#1413,#1414);
#1412 = CARTESIAN_POINT('',(74.0408001016,37.089466598933,1.538354076708
    ));
#1413 = DIRECTION('',(-0.,0.,1.));
#1414 = DIRECTION('',(1.110223024625E-16,-1.,0.));
#1415 = AXIS2_PLACEMENT_3D('',#1416,#1417,#1418);
#1416 = CARTESIAN_POINT('',(93.000185420371,41.000081280163,
    1.538354076708));
#1417 = DIRECTION('',(0.,0.,1.));
#1418 = DIRECTION('',(1.,0.,0.));
#1419 = AXIS2_PLACEMENT_3D('',#1420,#1421,#1422);
#1420 = CARTESIAN_POINT('',(30.544856489713,5.435808991618,
    1.538354076708));
#1421 = DIRECTION('',(0.,0.,1.));
#1422 = DIRECTION('',(-1.,1.224646799147E-16,0.));
#1423 = AXIS2_PLACEMENT_3D('',#1424,#1425,#1426);
#1424 = CARTESIAN_POINT('',(30.544856489713,6.374968249937,
    1.538354076708));
#1425 = DIRECTION('',(0.,0.,1.));
#1426 = DIRECTION('',(1.,0.,0.));
#1427 = AXIS2_PLACEMENT_3D('',#1428,#1429,#1430);
#1428 = CARTESIAN_POINT('',(78.490172720345,45.708557277115,0.));
#1429 = DIRECTION('',(1.224646799147E-16,0.,-1.));
#1430 = DIRECTION('',(-1.,0.,-1.224646799147E-16));
#1431 = AXIS2_PLACEMENT_3D('',#1432,#1433,#1434);
#1432 = CARTESIAN_POINT('',(78.84744475489,36.065273050546,0.));
#1433 = DIRECTION('',(1.224646799147E-16,0.,-1.));
#1434 = DIRECTION('',(2.22044604925E-16,-1.,2.719262146894E-32));
#1435 = AXIS2_PLACEMENT_3D('',#1436,#1437,#1438);
#1436 = CARTESIAN_POINT('',(75.42477520955,45.752174244348,0.));
#1437 = DIRECTION('',(1.224646799147E-16,0.,-1.));
#1438 = DIRECTION('',(-1.110223024625E-16,1.,-1.359631073447E-32));
#1439 = AXIS2_PLACEMENT_3D('',#1440,#1441,#1442);
#1440 = CARTESIAN_POINT('',(73.936210312421,41.757680975362,0.));
#1441 = DIRECTION('',(1.224646799147E-16,0.,-1.));
#1442 = DIRECTION('',(-1.,0.,-1.224646799147E-16));
#1443 = AXIS2_PLACEMENT_3D('',#1444,#1445,#1446);
#1444 = CARTESIAN_POINT('',(77.273350266701,36.068072136144,0.));
#1445 = DIRECTION('',(1.224646799147E-16,0.,-1.));
#1446 = DIRECTION('',(-1.110223024625E-16,1.,-1.359631073447E-32));
#1447 = AXIS2_PLACEMENT_3D('',#1448,#1449,#1450);
#1448 = CARTESIAN_POINT('',(81.991363982728,36.068072136144,0.));
#1449 = DIRECTION('',(1.224646799147E-16,0.,-1.));
#1450 = DIRECTION('',(-1.110223024625E-16,1.,-1.359631073447E-32));
#1451 = AXIS2_PLACEMENT_3D('',#1452,#1453,#1454);
#1452 = CARTESIAN_POINT('',(51.60319024638,24.66141986284,1.538354076708
    ));
#1453 = DIRECTION('',(0.,0.,1.));
#1454 = DIRECTION('',(1.,0.,0.));
#1455 = AXIS2_PLACEMENT_3D('',#1456,#1457,#1458);
#1456 = CARTESIAN_POINT('',(40.902611125222,8.721130302261,
    1.538354076708));
#1457 = DIRECTION('',(0.,0.,1.));
#1458 = DIRECTION('',(1.,0.,0.));
#1459 = AXIS2_PLACEMENT_3D('',#1460,#1461,#1462);
#1460 = CARTESIAN_POINT('',(42.57048514097,4.12524511049,1.538354076708)
  );
#1461 = DIRECTION('',(0.,0.,1.));
#1462 = DIRECTION('',(1.,0.,0.));
#1463 = AXIS2_PLACEMENT_3D('',#1464,#1465,#1466);
#1464 = CARTESIAN_POINT('',(17.910439420879,28.044988569977,
    1.538354076708));
#1465 = DIRECTION('',(0.,-0.,1.));
#1466 = DIRECTION('',(1.110223024625E-16,1.,0.));
#1467 = AXIS2_PLACEMENT_3D('',#1468,#1469,#1470);
#1468 = CARTESIAN_POINT('',(29.695364490729,39.118978917958,
    1.538354076708));
#1469 = DIRECTION('',(0.,-0.,1.));
#1470 = DIRECTION('',(1.110223024625E-16,1.,0.));
#1471 = AXIS2_PLACEMENT_3D('',#1472,#1473,#1474);
#1472 = CARTESIAN_POINT('',(79.533027686055,41.295588011176,
    1.538354076708));
#1473 = DIRECTION('',(-0.,0.,1.));
#1474 = DIRECTION('',(1.110223024625E-16,-1.,0.));
#1475 = AXIS2_PLACEMENT_3D('',#1476,#1477,#1478);
#1476 = CARTESIAN_POINT('',(73.678709677419,45.64617475235,
    1.538354076708));
#1477 = DIRECTION('',(0.,-0.,1.));
#1478 = DIRECTION('',(1.110223024625E-16,1.,0.));
#1479 = AXIS2_PLACEMENT_3D('',#1480,#1481,#1482);
#1480 = CARTESIAN_POINT('',(65.500132080264,7.00001524003,1.538354076708
    ));
#1481 = DIRECTION('',(0.,0.,1.));
#1482 = DIRECTION('',(1.,0.,0.));
#1483 = AXIS2_PLACEMENT_3D('',#1484,#1485,#1486);
#1484 = CARTESIAN_POINT('',(93.227564135128,22.200281940564,
    1.538354076708));
#1485 = DIRECTION('',(-0.,0.,1.));
#1486 = DIRECTION('',(1.110223024625E-16,-1.,0.));
#1487 = ( GEOMETRIC_REPRESENTATION_CONTEXT(3) 
GLOBAL_UNCERTAINTY_ASSIGNED_CONTEXT((#1491)) 
GLOBAL_UNIT_ASSIGNED_CONTEXT((#1488,#1489,#1490)) REPRESENTATION_CONTEXT
('Context #1','3D Context with UNIT and UNCERTAINTY') );
#1488 = ( LENGTH_UNIT() NAMED_UNIT(*) SI_UNIT(.MILLI.,.METRE.) );
#1489 = ( NAMED_UNIT(*) PLANE_ANGLE_UNIT() SI_UNIT($,.RADIAN.) );
#1490 = ( NAMED_UNIT(*) SI_UNIT($,.STERADIAN.) SOLID_ANGLE_UNIT() );
#1491 = UNCERTAINTY_MEASURE_WITH_UNIT(LENGTH_MEASURE(2.E-07),#1488,
  'distance_accuracy_value','confusion accuracy');
#1492 = PRODUCT_RELATED_PRODUCT_CATEGORY('part',$,(#7));
#1493 = SHAPE_DEFINITION_REPRESENTATION(#1494,#1500);
#1494 = PRODUCT_DEFINITION_SHAPE('','',#1495);
#1495 = PRODUCT_DEFINITION('design','',#1496,#1499);
#1496 = PRODUCT_DEFINITION_FORMATION('','',#1497);
#1497 = PRODUCT('Board~5ZeZ','Board~5ZeZ','',(#1498));
#1498 = PRODUCT_CONTEXT('',#2,'mechanical');
#1499 = PRODUCT_DEFINITION_CONTEXT('part definition',#2,'design');
#1500 = ADVANCED_BREP_SHAPE_REPRESENTATION('',(#11,#1501),#4581);
#1501 = MANIFOLD_SOLID_BREP('',#1502);
#1502 = CLOSED_SHELL('',(#1503,#1543,#1576,#1607,#1640,#1671,#1704,#1735
    ,#1759,#1799,#1832,#1863,#1887,#1927,#1960,#1991,#2015,#2055,#2088,
    #2119,#2143,#2183,#2216,#2247,#2271,#2311,#2344,#2375,#2399,#2439,
    #2472,#2503,#2527,#2569,#2593,#2635,#2659,#2701,#2725,#2767,#2791,
    #2833,#2857,#2899,#2923,#2963,#2996,#3027,#3051,#3091,#3124,#3155,
    #3179,#3219,#3252,#3283,#3307,#3347,#3380,#3411,#3435,#3475,#3508,
    #3539,#3563,#3603,#3636,#3667,#3691,#3733,#3757,#3799,#3823,#3865,
    #3889,#3931,#3955,#3997,#4021,#4063,#4087,#4129,#4153,#4195,#4219,
    #4261,#4285,#4433));
#1503 = ADVANCED_FACE('',(#1504),#1538,.T.);
#1504 = FACE_BOUND('',#1505,.T.);
#1505 = EDGE_LOOP('',(#1506,#1516,#1524,#1532));
#1506 = ORIENTED_EDGE('',*,*,#1507,.T.);
#1507 = EDGE_CURVE('',#1508,#1510,#1512,.T.);
#1508 = VERTEX_POINT('',#1509);
#1509 = CARTESIAN_POINT('',(3.00000508001,51.987404114808,0.));
#1510 = VERTEX_POINT('',#1511);
#1511 = CARTESIAN_POINT('',(3.00000508001,51.987404114808,1.538354076708
    ));
#1512 = LINE('',#1513,#1514);
#1513 = CARTESIAN_POINT('',(3.00000508001,51.987404114808,0.));
#1514 = VECTOR('',#1515,1.);
#1515 = DIRECTION('',(0.,0.,1.));
#1516 = ORIENTED_EDGE('',*,*,#1517,.T.);
#1517 = EDGE_CURVE('',#1510,#1518,#1520,.T.);
#1518 = VERTEX_POINT('',#1519);
#1519 = CARTESIAN_POINT('',(97.000195580391,51.987404114808,
    1.538354076708));
#1520 = LINE('',#1521,#1522);
#1521 = CARTESIAN_POINT('',(3.00000508001,51.987404114808,1.538354076708
    ));
#1522 = VECTOR('',#1523,1.);
#1523 = DIRECTION('',(1.,0.,0.));
#1524 = ORIENTED_EDGE('',*,*,#1525,.F.);
#1525 = EDGE_CURVE('',#1526,#1518,#1528,.T.);
#1526 = VERTEX_POINT('',#1527);
#1527 = CARTESIAN_POINT('',(97.000195580391,51.987404114808,0.));
#1528 = LINE('',#1529,#1530);
#1529 = CARTESIAN_POINT('',(97.000195580391,51.987404114808,0.));
#1530 = VECTOR('',#1531,1.);
#1531 = DIRECTION('',(0.,0.,1.));
#1532 = ORIENTED_EDGE('',*,*,#1533,.F.);
#1533 = EDGE_CURVE('',#1508,#1526,#1534,.T.);
#1534 = LINE('',#1535,#1536);
#1535 = CARTESIAN_POINT('',(3.00000508001,51.987404114808,0.));
#1536 = VECTOR('',#1537,1.);
#1537 = DIRECTION('',(1.,0.,0.));
#1538 = PLANE('',#1539);
#1539 = AXIS2_PLACEMENT_3D('',#1540,#1541,#1542);
#1540 = CARTESIAN_POINT('',(3.00000508001,51.987404114808,0.));
#1541 = DIRECTION('',(0.,1.,0.));
#1542 = DIRECTION('',(1.,0.,0.));
#1543 = ADVANCED_FACE('',(#1544),#1571,.T.);
#1544 = FACE_BOUND('',#1545,.T.);
#1545 = EDGE_LOOP('',(#1546,#1547,#1556,#1564));
#1546 = ORIENTED_EDGE('',*,*,#1525,.T.);
#1547 = ORIENTED_EDGE('',*,*,#1548,.T.);
#1548 = EDGE_CURVE('',#1518,#1549,#1551,.T.);
#1549 = VERTEX_POINT('',#1550);
#1550 = CARTESIAN_POINT('',(99.987500635001,49.000099060198,
    1.538354076708));
#1551 = CIRCLE('',#1552,2.98730505461);
#1552 = AXIS2_PLACEMENT_3D('',#1553,#1554,#1555);
#1553 = CARTESIAN_POINT('',(97.000195580391,49.000099060198,
    1.538354076708));
#1554 = DIRECTION('',(0.,0.,-1.));
#1555 = DIRECTION('',(0.,1.,0.));
#1556 = ORIENTED_EDGE('',*,*,#1557,.F.);
#1557 = EDGE_CURVE('',#1558,#1549,#1560,.T.);
#1558 = VERTEX_POINT('',#1559);
#1559 = CARTESIAN_POINT('',(99.987500635001,49.000099060198,0.));
#1560 = LINE('',#1561,#1562);
#1561 = CARTESIAN_POINT('',(99.987500635001,49.000099060198,0.));
#1562 = VECTOR('',#1563,1.);
#1563 = DIRECTION('',(0.,0.,1.));
#1564 = ORIENTED_EDGE('',*,*,#1565,.F.);
#1565 = EDGE_CURVE('',#1526,#1558,#1566,.T.);
#1566 = CIRCLE('',#1567,2.98730505461);
#1567 = AXIS2_PLACEMENT_3D('',#1568,#1569,#1570);
#1568 = CARTESIAN_POINT('',(97.000195580391,49.000099060198,0.));
#1569 = DIRECTION('',(0.,0.,-1.));
#1570 = DIRECTION('',(0.,1.,0.));
#1571 = CYLINDRICAL_SURFACE('',#1572,2.98730505461);
#1572 = AXIS2_PLACEMENT_3D('',#1573,#1574,#1575);
#1573 = CARTESIAN_POINT('',(97.000195580391,49.000099060198,0.));
#1574 = DIRECTION('',(0.,0.,-1.));
#1575 = DIRECTION('',(0.,1.,0.));
#1576 = ADVANCED_FACE('',(#1577),#1602,.T.);
#1577 = FACE_BOUND('',#1578,.T.);
#1578 = EDGE_LOOP('',(#1579,#1580,#1588,#1596));
#1579 = ORIENTED_EDGE('',*,*,#1557,.T.);
#1580 = ORIENTED_EDGE('',*,*,#1581,.T.);
#1581 = EDGE_CURVE('',#1549,#1582,#1584,.T.);
#1582 = VERTEX_POINT('',#1583);
#1583 = CARTESIAN_POINT('',(99.987500635001,3.00000508001,1.538354076708
    ));
#1584 = LINE('',#1585,#1586);
#1585 = CARTESIAN_POINT('',(99.987500635001,49.000099060198,
    1.538354076708));
#1586 = VECTOR('',#1587,1.);
#1587 = DIRECTION('',(-3.089309930828E-16,-1.,0.));
#1588 = ORIENTED_EDGE('',*,*,#1589,.F.);
#1589 = EDGE_CURVE('',#1590,#1582,#1592,.T.);
#1590 = VERTEX_POINT('',#1591);
#1591 = CARTESIAN_POINT('',(99.987500635001,3.00000508001,0.));
#1592 = LINE('',#1593,#1594);
#1593 = CARTESIAN_POINT('',(99.987500635001,3.00000508001,0.));
#1594 = VECTOR('',#1595,1.);
#1595 = DIRECTION('',(0.,0.,1.));
#1596 = ORIENTED_EDGE('',*,*,#1597,.F.);
#1597 = EDGE_CURVE('',#1558,#1590,#1598,.T.);
#1598 = LINE('',#1599,#1600);
#1599 = CARTESIAN_POINT('',(99.987500635001,49.000099060198,0.));
#1600 = VECTOR('',#1601,1.);
#1601 = DIRECTION('',(-3.089309930828E-16,-1.,0.));
#1602 = PLANE('',#1603);
#1603 = AXIS2_PLACEMENT_3D('',#1604,#1605,#1606);
#1604 = CARTESIAN_POINT('',(99.987500635001,49.000099060198,0.));
#1605 = DIRECTION('',(1.,-3.089309930828E-16,0.));
#1606 = DIRECTION('',(-3.089309930828E-16,-1.,0.));
#1607 = ADVANCED_FACE('',(#1608),#1635,.T.);
#1608 = FACE_BOUND('',#1609,.T.);
#1609 = EDGE_LOOP('',(#1610,#1611,#1620,#1628));
#1610 = ORIENTED_EDGE('',*,*,#1589,.T.);
#1611 = ORIENTED_EDGE('',*,*,#1612,.T.);
#1612 = EDGE_CURVE('',#1582,#1613,#1615,.T.);
#1613 = VERTEX_POINT('',#1614);
#1614 = CARTESIAN_POINT('',(97.000195580391,1.270002540005E-02,
    1.538354076708));
#1615 = CIRCLE('',#1616,2.98730505461);
#1616 = AXIS2_PLACEMENT_3D('',#1617,#1618,#1619);
#1617 = CARTESIAN_POINT('',(97.000195580391,3.00000508001,1.538354076708
    ));
#1618 = DIRECTION('',(0.,0.,-1.));
#1619 = DIRECTION('',(1.,1.051176515275E-16,0.));
#1620 = ORIENTED_EDGE('',*,*,#1621,.F.);
#1621 = EDGE_CURVE('',#1622,#1613,#1624,.T.);
#1622 = VERTEX_POINT('',#1623);
#1623 = CARTESIAN_POINT('',(97.000195580391,1.270002540005E-02,0.));
#1624 = LINE('',#1625,#1626);
#1625 = CARTESIAN_POINT('',(97.000195580391,1.270002540005E-02,0.));
#1626 = VECTOR('',#1627,1.);
#1627 = DIRECTION('',(0.,0.,1.));
#1628 = ORIENTED_EDGE('',*,*,#1629,.F.);
#1629 = EDGE_CURVE('',#1590,#1622,#1630,.T.);
#1630 = CIRCLE('',#1631,2.98730505461);
#1631 = AXIS2_PLACEMENT_3D('',#1632,#1633,#1634);
#1632 = CARTESIAN_POINT('',(97.000195580391,3.00000508001,0.));
#1633 = DIRECTION('',(0.,0.,-1.));
#1634 = DIRECTION('',(1.,1.051176515275E-16,0.));
#1635 = CYLINDRICAL_SURFACE('',#1636,2.98730505461);
#1636 = AXIS2_PLACEMENT_3D('',#1637,#1638,#1639);
#1637 = CARTESIAN_POINT('',(97.000195580391,3.00000508001,0.));
#1638 = DIRECTION('',(0.,0.,-1.));
#1639 = DIRECTION('',(1.,1.051176515275E-16,0.));
#1640 = ADVANCED_FACE('',(#1641),#1666,.T.);
#1641 = FACE_BOUND('',#1642,.T.);
#1642 = EDGE_LOOP('',(#1643,#1644,#1652,#1660));
#1643 = ORIENTED_EDGE('',*,*,#1621,.T.);
#1644 = ORIENTED_EDGE('',*,*,#1645,.T.);
#1645 = EDGE_CURVE('',#1613,#1646,#1648,.T.);
#1646 = VERTEX_POINT('',#1647);
#1647 = CARTESIAN_POINT('',(3.00000508001,1.270002540005E-02,
    1.538354076708));
#1648 = LINE('',#1649,#1650);
#1649 = CARTESIAN_POINT('',(97.000195580391,1.270002540005E-02,
    1.538354076708));
#1650 = VECTOR('',#1651,1.);
#1651 = DIRECTION('',(-1.,-8.0461479014E-18,0.));
#1652 = ORIENTED_EDGE('',*,*,#1653,.F.);
#1653 = EDGE_CURVE('',#1654,#1646,#1656,.T.);
#1654 = VERTEX_POINT('',#1655);
#1655 = CARTESIAN_POINT('',(3.00000508001,1.270002540005E-02,0.));
#1656 = LINE('',#1657,#1658);
#1657 = CARTESIAN_POINT('',(3.00000508001,1.270002540005E-02,0.));
#1658 = VECTOR('',#1659,1.);
#1659 = DIRECTION('',(0.,0.,1.));
#1660 = ORIENTED_EDGE('',*,*,#1661,.F.);
#1661 = EDGE_CURVE('',#1622,#1654,#1662,.T.);
#1662 = LINE('',#1663,#1664);
#1663 = CARTESIAN_POINT('',(97.000195580391,1.270002540005E-02,0.));
#1664 = VECTOR('',#1665,1.);
#1665 = DIRECTION('',(-1.,-8.0461479014E-18,0.));
#1666 = PLANE('',#1667);
#1667 = AXIS2_PLACEMENT_3D('',#1668,#1669,#1670);
#1668 = CARTESIAN_POINT('',(97.000195580391,1.270002540005E-02,0.));
#1669 = DIRECTION('',(8.0461479014E-18,-1.,0.));
#1670 = DIRECTION('',(-1.,-8.0461479014E-18,0.));
#1671 = ADVANCED_FACE('',(#1672),#1699,.T.);
#1672 = FACE_BOUND('',#1673,.T.);
#1673 = EDGE_LOOP('',(#1674,#1675,#1684,#1692));
#1674 = ORIENTED_EDGE('',*,*,#1653,.T.);
#1675 = ORIENTED_EDGE('',*,*,#1676,.T.);
#1676 = EDGE_CURVE('',#1646,#1677,#1679,.T.);
#1677 = VERTEX_POINT('',#1678);
#1678 = CARTESIAN_POINT('',(1.270002540005E-02,3.00000508001,
    1.538354076708));
#1679 = CIRCLE('',#1680,2.98730505461);
#1680 = AXIS2_PLACEMENT_3D('',#1681,#1682,#1683);
#1681 = CARTESIAN_POINT('',(3.00000508001,3.00000508001,1.538354076708)
  );
#1682 = DIRECTION('',(0.,0.,-1.));
#1683 = DIRECTION('',(0.,-1.,-0.));
#1684 = ORIENTED_EDGE('',*,*,#1685,.F.);
#1685 = EDGE_CURVE('',#1686,#1677,#1688,.T.);
#1686 = VERTEX_POINT('',#1687);
#1687 = CARTESIAN_POINT('',(1.270002540005E-02,3.00000508001,0.));
#1688 = LINE('',#1689,#1690);
#1689 = CARTESIAN_POINT('',(1.270002540005E-02,3.00000508001,0.));
#1690 = VECTOR('',#1691,1.);
#1691 = DIRECTION('',(0.,0.,1.));
#1692 = ORIENTED_EDGE('',*,*,#1693,.F.);
#1693 = EDGE_CURVE('',#1654,#1686,#1694,.T.);
#1694 = CIRCLE('',#1695,2.98730505461);
#1695 = AXIS2_PLACEMENT_3D('',#1696,#1697,#1698);
#1696 = CARTESIAN_POINT('',(3.00000508001,3.00000508001,0.));
#1697 = DIRECTION('',(0.,0.,-1.));
#1698 = DIRECTION('',(0.,-1.,-0.));
#1699 = CYLINDRICAL_SURFACE('',#1700,2.98730505461);
#1700 = AXIS2_PLACEMENT_3D('',#1701,#1702,#1703);
#1701 = CARTESIAN_POINT('',(3.00000508001,3.00000508001,0.));
#1702 = DIRECTION('',(0.,0.,-1.));
#1703 = DIRECTION('',(0.,-1.,-0.));
#1704 = ADVANCED_FACE('',(#1705),#1730,.T.);
#1705 = FACE_BOUND('',#1706,.T.);
#1706 = EDGE_LOOP('',(#1707,#1708,#1716,#1724));
#1707 = ORIENTED_EDGE('',*,*,#1685,.T.);
#1708 = ORIENTED_EDGE('',*,*,#1709,.T.);
#1709 = EDGE_CURVE('',#1677,#1710,#1712,.T.);
#1710 = VERTEX_POINT('',#1711);
#1711 = CARTESIAN_POINT('',(1.270002540005E-02,49.000099060198,
    1.538354076708));
#1712 = LINE('',#1713,#1714);
#1713 = CARTESIAN_POINT('',(1.270002540005E-02,3.00000508001,
    1.538354076708));
#1714 = VECTOR('',#1715,1.);
#1715 = DIRECTION('',(7.391415361845E-17,1.,0.));
#1716 = ORIENTED_EDGE('',*,*,#1717,.F.);
#1717 = EDGE_CURVE('',#1718,#1710,#1720,.T.);
#1718 = VERTEX_POINT('',#1719);
#1719 = CARTESIAN_POINT('',(1.270002540005E-02,49.000099060198,0.));
#1720 = LINE('',#1721,#1722);
#1721 = CARTESIAN_POINT('',(1.270002540005E-02,49.000099060198,0.));
#1722 = VECTOR('',#1723,1.);
#1723 = DIRECTION('',(0.,0.,1.));
#1724 = ORIENTED_EDGE('',*,*,#1725,.F.);
#1725 = EDGE_CURVE('',#1686,#1718,#1726,.T.);
#1726 = LINE('',#1727,#1728);
#1727 = CARTESIAN_POINT('',(1.270002540005E-02,3.00000508001,0.));
#1728 = VECTOR('',#1729,1.);
#1729 = DIRECTION('',(7.391415361845E-17,1.,0.));
#1730 = PLANE('',#1731);
#1731 = AXIS2_PLACEMENT_3D('',#1732,#1733,#1734);
#1732 = CARTESIAN_POINT('',(1.270002540005E-02,3.00000508001,0.));
#1733 = DIRECTION('',(-1.,7.391415361845E-17,0.));
#1734 = DIRECTION('',(7.391415361845E-17,1.,0.));
#1735 = ADVANCED_FACE('',(#1736),#1754,.T.);
#1736 = FACE_BOUND('',#1737,.T.);
#1737 = EDGE_LOOP('',(#1738,#1739,#1746,#1747));
#1738 = ORIENTED_EDGE('',*,*,#1717,.T.);
#1739 = ORIENTED_EDGE('',*,*,#1740,.T.);
#1740 = EDGE_CURVE('',#1710,#1510,#1741,.T.);
#1741 = CIRCLE('',#1742,2.98730505461);
#1742 = AXIS2_PLACEMENT_3D('',#1743,#1744,#1745);
#1743 = CARTESIAN_POINT('',(3.00000508001,49.000099060198,1.538354076708
    ));
#1744 = DIRECTION('',(0.,0.,-1.));
#1745 = DIRECTION('',(-1.,-1.051176515275E-16,-0.));
#1746 = ORIENTED_EDGE('',*,*,#1507,.F.);
#1747 = ORIENTED_EDGE('',*,*,#1748,.F.);
#1748 = EDGE_CURVE('',#1718,#1508,#1749,.T.);
#1749 = CIRCLE('',#1750,2.98730505461);
#1750 = AXIS2_PLACEMENT_3D('',#1751,#1752,#1753);
#1751 = CARTESIAN_POINT('',(3.00000508001,49.000099060198,0.));
#1752 = DIRECTION('',(0.,0.,-1.));
#1753 = DIRECTION('',(-1.,-1.051176515275E-16,-0.));
#1754 = CYLINDRICAL_SURFACE('',#1755,2.98730505461);
#1755 = AXIS2_PLACEMENT_3D('',#1756,#1757,#1758);
#1756 = CARTESIAN_POINT('',(3.00000508001,49.000099060198,0.));
#1757 = DIRECTION('',(0.,0.,-1.));
#1758 = DIRECTION('',(-1.,-1.051176515275E-16,-0.));
#1759 = ADVANCED_FACE('',(#1760),#1794,.T.);
#1760 = FACE_BOUND('',#1761,.T.);
#1761 = EDGE_LOOP('',(#1762,#1772,#1780,#1788));
#1762 = ORIENTED_EDGE('',*,*,#1763,.T.);
#1763 = EDGE_CURVE('',#1764,#1766,#1768,.T.);
#1764 = VERTEX_POINT('',#1765);
#1765 = CARTESIAN_POINT('',(3.025669291339,44.725046990094,0.));
#1766 = VERTEX_POINT('',#1767);
#1767 = CARTESIAN_POINT('',(3.025669291339,44.725046990094,
    1.538354076708));
#1768 = LINE('',#1769,#1770);
#1769 = CARTESIAN_POINT('',(3.025669291339,44.725046990094,0.));
#1770 = VECTOR('',#1771,1.);
#1771 = DIRECTION('',(0.,0.,1.));
#1772 = ORIENTED_EDGE('',*,*,#1773,.T.);
#1773 = EDGE_CURVE('',#1766,#1774,#1776,.T.);
#1774 = VERTEX_POINT('',#1775);
#1775 = CARTESIAN_POINT('',(2.425669291339,44.725046990094,
    1.538354076708));
#1776 = LINE('',#1777,#1778);
#1777 = CARTESIAN_POINT('',(3.025669291339,44.725046990094,
    1.538354076708));
#1778 = VECTOR('',#1779,1.);
#1779 = DIRECTION('',(-1.,0.,0.));
#1780 = ORIENTED_EDGE('',*,*,#1781,.F.);
#1781 = EDGE_CURVE('',#1782,#1774,#1784,.T.);
#1782 = VERTEX_POINT('',#1783);
#1783 = CARTESIAN_POINT('',(2.425669291339,44.725046990094,0.));
#1784 = LINE('',#1785,#1786);
#1785 = CARTESIAN_POINT('',(2.425669291339,44.725046990094,0.));
#1786 = VECTOR('',#1787,1.);
#1787 = DIRECTION('',(0.,0.,1.));
#1788 = ORIENTED_EDGE('',*,*,#1789,.F.);
#1789 = EDGE_CURVE('',#1764,#1782,#1790,.T.);
#1790 = LINE('',#1791,#1792);
#1791 = CARTESIAN_POINT('',(3.025669291339,44.725046990094,0.));
#1792 = VECTOR('',#1793,1.);
#1793 = DIRECTION('',(-1.,0.,0.));
#1794 = PLANE('',#1795);
#1795 = AXIS2_PLACEMENT_3D('',#1796,#1797,#1798);
#1796 = CARTESIAN_POINT('',(3.025669291339,44.725046990094,0.));
#1797 = DIRECTION('',(0.,-1.,0.));
#1798 = DIRECTION('',(-1.,0.,0.));
#1799 = ADVANCED_FACE('',(#1800),#1827,.F.);
#1800 = FACE_BOUND('',#1801,.T.);
#1801 = EDGE_LOOP('',(#1802,#1803,#1812,#1820));
#1802 = ORIENTED_EDGE('',*,*,#1781,.T.);
#1803 = ORIENTED_EDGE('',*,*,#1804,.T.);
#1804 = EDGE_CURVE('',#1774,#1805,#1807,.T.);
#1805 = VERTEX_POINT('',#1806);
#1806 = CARTESIAN_POINT('',(2.425669291339,43.925046990094,
    1.538354076708));
#1807 = CIRCLE('',#1808,0.4);
#1808 = AXIS2_PLACEMENT_3D('',#1809,#1810,#1811);
#1809 = CARTESIAN_POINT('',(2.425669291339,44.325046990094,
    1.538354076708));
#1810 = DIRECTION('',(0.,0.,1.));
#1811 = DIRECTION('',(-1.110223024625E-16,1.,0.));
#1812 = ORIENTED_EDGE('',*,*,#1813,.F.);
#1813 = EDGE_CURVE('',#1814,#1805,#1816,.T.);
#1814 = VERTEX_POINT('',#1815);
#1815 = CARTESIAN_POINT('',(2.425669291339,43.925046990094,0.));
#1816 = LINE('',#1817,#1818);
#1817 = CARTESIAN_POINT('',(2.425669291339,43.925046990094,0.));
#1818 = VECTOR('',#1819,1.);
#1819 = DIRECTION('',(0.,0.,1.));
#1820 = ORIENTED_EDGE('',*,*,#1821,.F.);
#1821 = EDGE_CURVE('',#1782,#1814,#1822,.T.);
#1822 = CIRCLE('',#1823,0.4);
#1823 = AXIS2_PLACEMENT_3D('',#1824,#1825,#1826);
#1824 = CARTESIAN_POINT('',(2.425669291339,44.325046990094,0.));
#1825 = DIRECTION('',(0.,0.,1.));
#1826 = DIRECTION('',(-1.110223024625E-16,1.,0.));
#1827 = CYLINDRICAL_SURFACE('',#1828,0.4);
#1828 = AXIS2_PLACEMENT_3D('',#1829,#1830,#1831);
#1829 = CARTESIAN_POINT('',(2.425669291339,44.325046990094,0.));
#1830 = DIRECTION('',(-0.,-0.,-1.));
#1831 = DIRECTION('',(-1.110223024625E-16,1.,0.));
#1832 = ADVANCED_FACE('',(#1833),#1858,.T.);
#1833 = FACE_BOUND('',#1834,.T.);
#1834 = EDGE_LOOP('',(#1835,#1836,#1844,#1852));
#1835 = ORIENTED_EDGE('',*,*,#1813,.T.);
#1836 = ORIENTED_EDGE('',*,*,#1837,.T.);
#1837 = EDGE_CURVE('',#1805,#1838,#1840,.T.);
#1838 = VERTEX_POINT('',#1839);
#1839 = CARTESIAN_POINT('',(3.025669291339,43.925046990094,
    1.538354076708));
#1840 = LINE('',#1841,#1842);
#1841 = CARTESIAN_POINT('',(2.425669291339,43.925046990094,
    1.538354076708));
#1842 = VECTOR('',#1843,1.);
#1843 = DIRECTION('',(1.,-1.184237892933E-14,0.));
#1844 = ORIENTED_EDGE('',*,*,#1845,.F.);
#1845 = EDGE_CURVE('',#1846,#1838,#1848,.T.);
#1846 = VERTEX_POINT('',#1847);
#1847 = CARTESIAN_POINT('',(3.025669291339,43.925046990094,0.));
#1848 = LINE('',#1849,#1850);
#1849 = CARTESIAN_POINT('',(3.025669291339,43.925046990094,0.));
#1850 = VECTOR('',#1851,1.);
#1851 = DIRECTION('',(0.,0.,1.));
#1852 = ORIENTED_EDGE('',*,*,#1853,.F.);
#1853 = EDGE_CURVE('',#1814,#1846,#1854,.T.);
#1854 = LINE('',#1855,#1856);
#1855 = CARTESIAN_POINT('',(2.425669291339,43.925046990094,0.));
#1856 = VECTOR('',#1857,1.);
#1857 = DIRECTION('',(1.,-1.184237892933E-14,0.));
#1858 = PLANE('',#1859);
#1859 = AXIS2_PLACEMENT_3D('',#1860,#1861,#1862);
#1860 = CARTESIAN_POINT('',(2.425669291339,43.925046990094,0.));
#1861 = DIRECTION('',(1.184237892933E-14,1.,-0.));
#1862 = DIRECTION('',(1.,-1.184237892933E-14,0.));
#1863 = ADVANCED_FACE('',(#1864),#1882,.F.);
#1864 = FACE_BOUND('',#1865,.T.);
#1865 = EDGE_LOOP('',(#1866,#1867,#1874,#1875));
#1866 = ORIENTED_EDGE('',*,*,#1845,.T.);
#1867 = ORIENTED_EDGE('',*,*,#1868,.T.);
#1868 = EDGE_CURVE('',#1838,#1766,#1869,.T.);
#1869 = CIRCLE('',#1870,0.4);
#1870 = AXIS2_PLACEMENT_3D('',#1871,#1872,#1873);
#1871 = CARTESIAN_POINT('',(3.025669291339,44.325046990094,
    1.538354076708));
#1872 = DIRECTION('',(0.,0.,1.));
#1873 = DIRECTION('',(1.110223024625E-16,-1.,0.));
#1874 = ORIENTED_EDGE('',*,*,#1763,.F.);
#1875 = ORIENTED_EDGE('',*,*,#1876,.F.);
#1876 = EDGE_CURVE('',#1846,#1764,#1877,.T.);
#1877 = CIRCLE('',#1878,0.4);
#1878 = AXIS2_PLACEMENT_3D('',#1879,#1880,#1881);
#1879 = CARTESIAN_POINT('',(3.025669291339,44.325046990094,0.));
#1880 = DIRECTION('',(0.,0.,1.));
#1881 = DIRECTION('',(1.110223024625E-16,-1.,0.));
#1882 = CYLINDRICAL_SURFACE('',#1883,0.4);
#1883 = AXIS2_PLACEMENT_3D('',#1884,#1885,#1886);
#1884 = CARTESIAN_POINT('',(3.025669291339,44.325046990094,0.));
#1885 = DIRECTION('',(-0.,-0.,-1.));
#1886 = DIRECTION('',(1.110223024625E-16,-1.,0.));
#1887 = ADVANCED_FACE('',(#1888),#1922,.T.);
#1888 = FACE_BOUND('',#1889,.T.);
#1889 = EDGE_LOOP('',(#1890,#1900,#1908,#1916));
#1890 = ORIENTED_EDGE('',*,*,#1891,.T.);
#1891 = EDGE_CURVE('',#1892,#1894,#1896,.T.);
#1892 = VERTEX_POINT('',#1893);
#1893 = CARTESIAN_POINT('',(3.025669291339,30.725019050038,0.));
#1894 = VERTEX_POINT('',#1895);
#1895 = CARTESIAN_POINT('',(3.025669291339,30.725019050038,
    1.538354076708));
#1896 = LINE('',#1897,#1898);
#1897 = CARTESIAN_POINT('',(3.025669291339,30.725019050038,0.));
#1898 = VECTOR('',#1899,1.);
#1899 = DIRECTION('',(0.,0.,1.));
#1900 = ORIENTED_EDGE('',*,*,#1901,.T.);
#1901 = EDGE_CURVE('',#1894,#1902,#1904,.T.);
#1902 = VERTEX_POINT('',#1903);
#1903 = CARTESIAN_POINT('',(2.425669291339,30.725019050038,
    1.538354076708));
#1904 = LINE('',#1905,#1906);
#1905 = CARTESIAN_POINT('',(3.025669291339,30.725019050038,
    1.538354076708));
#1906 = VECTOR('',#1907,1.);
#1907 = DIRECTION('',(-1.,0.,0.));
#1908 = ORIENTED_EDGE('',*,*,#1909,.F.);
#1909 = EDGE_CURVE('',#1910,#1902,#1912,.T.);
#1910 = VERTEX_POINT('',#1911);
#1911 = CARTESIAN_POINT('',(2.425669291339,30.725019050038,0.));
#1912 = LINE('',#1913,#1914);
#1913 = CARTESIAN_POINT('',(2.425669291339,30.725019050038,0.));
#1914 = VECTOR('',#1915,1.);
#1915 = DIRECTION('',(0.,0.,1.));
#1916 = ORIENTED_EDGE('',*,*,#1917,.F.);
#1917 = EDGE_CURVE('',#1892,#1910,#1918,.T.);
#1918 = LINE('',#1919,#1920);
#1919 = CARTESIAN_POINT('',(3.025669291339,30.725019050038,0.));
#1920 = VECTOR('',#1921,1.);
#1921 = DIRECTION('',(-1.,0.,0.));
#1922 = PLANE('',#1923);
#1923 = AXIS2_PLACEMENT_3D('',#1924,#1925,#1926);
#1924 = CARTESIAN_POINT('',(3.025669291339,30.725019050038,0.));
#1925 = DIRECTION('',(0.,-1.,0.));
#1926 = DIRECTION('',(-1.,0.,0.));
#1927 = ADVANCED_FACE('',(#1928),#1955,.F.);
#1928 = FACE_BOUND('',#1929,.T.);
#1929 = EDGE_LOOP('',(#1930,#1931,#1940,#1948));
#1930 = ORIENTED_EDGE('',*,*,#1909,.T.);
#1931 = ORIENTED_EDGE('',*,*,#1932,.T.);
#1932 = EDGE_CURVE('',#1902,#1933,#1935,.T.);
#1933 = VERTEX_POINT('',#1934);
#1934 = CARTESIAN_POINT('',(2.425669291339,29.925019050038,
    1.538354076708));
#1935 = CIRCLE('',#1936,0.4);
#1936 = AXIS2_PLACEMENT_3D('',#1937,#1938,#1939);
#1937 = CARTESIAN_POINT('',(2.425669291339,30.325019050038,
    1.538354076708));
#1938 = DIRECTION('',(0.,0.,1.));
#1939 = DIRECTION('',(-1.110223024625E-16,1.,0.));
#1940 = ORIENTED_EDGE('',*,*,#1941,.F.);
#1941 = EDGE_CURVE('',#1942,#1933,#1944,.T.);
#1942 = VERTEX_POINT('',#1943);
#1943 = CARTESIAN_POINT('',(2.425669291339,29.925019050038,0.));
#1944 = LINE('',#1945,#1946);
#1945 = CARTESIAN_POINT('',(2.425669291339,29.925019050038,0.));
#1946 = VECTOR('',#1947,1.);
#1947 = DIRECTION('',(0.,0.,1.));
#1948 = ORIENTED_EDGE('',*,*,#1949,.F.);
#1949 = EDGE_CURVE('',#1910,#1942,#1950,.T.);
#1950 = CIRCLE('',#1951,0.4);
#1951 = AXIS2_PLACEMENT_3D('',#1952,#1953,#1954);
#1952 = CARTESIAN_POINT('',(2.425669291339,30.325019050038,0.));
#1953 = DIRECTION('',(0.,0.,1.));
#1954 = DIRECTION('',(-1.110223024625E-16,1.,0.));
#1955 = CYLINDRICAL_SURFACE('',#1956,0.4);
#1956 = AXIS2_PLACEMENT_3D('',#1957,#1958,#1959);
#1957 = CARTESIAN_POINT('',(2.425669291339,30.325019050038,0.));
#1958 = DIRECTION('',(-0.,-0.,-1.));
#1959 = DIRECTION('',(-1.110223024625E-16,1.,0.));
#1960 = ADVANCED_FACE('',(#1961),#1986,.T.);
#1961 = FACE_BOUND('',#1962,.T.);
#1962 = EDGE_LOOP('',(#1963,#1964,#1972,#1980));
#1963 = ORIENTED_EDGE('',*,*,#1941,.T.);
#1964 = ORIENTED_EDGE('',*,*,#1965,.T.);
#1965 = EDGE_CURVE('',#1933,#1966,#1968,.T.);
#1966 = VERTEX_POINT('',#1967);
#1967 = CARTESIAN_POINT('',(3.025669291339,29.925019050038,
    1.538354076708));
#1968 = LINE('',#1969,#1970);
#1969 = CARTESIAN_POINT('',(2.425669291339,29.925019050038,
    1.538354076708));
#1970 = VECTOR('',#1971,1.);
#1971 = DIRECTION('',(1.,0.,0.));
#1972 = ORIENTED_EDGE('',*,*,#1973,.F.);
#1973 = EDGE_CURVE('',#1974,#1966,#1976,.T.);
#1974 = VERTEX_POINT('',#1975);
#1975 = CARTESIAN_POINT('',(3.025669291339,29.925019050038,0.));
#1976 = LINE('',#1977,#1978);
#1977 = CARTESIAN_POINT('',(3.025669291339,29.925019050038,0.));
#1978 = VECTOR('',#1979,1.);
#1979 = DIRECTION('',(0.,0.,1.));
#1980 = ORIENTED_EDGE('',*,*,#1981,.F.);
#1981 = EDGE_CURVE('',#1942,#1974,#1982,.T.);
#1982 = LINE('',#1983,#1984);
#1983 = CARTESIAN_POINT('',(2.425669291339,29.925019050038,0.));
#1984 = VECTOR('',#1985,1.);
#1985 = DIRECTION('',(1.,0.,0.));
#1986 = PLANE('',#1987);
#1987 = AXIS2_PLACEMENT_3D('',#1988,#1989,#1990);
#1988 = CARTESIAN_POINT('',(2.425669291339,29.925019050038,0.));
#1989 = DIRECTION('',(0.,1.,0.));
#1990 = DIRECTION('',(1.,0.,0.));
#1991 = ADVANCED_FACE('',(#1992),#2010,.F.);
#1992 = FACE_BOUND('',#1993,.T.);
#1993 = EDGE_LOOP('',(#1994,#1995,#2002,#2003));
#1994 = ORIENTED_EDGE('',*,*,#1973,.T.);
#1995 = ORIENTED_EDGE('',*,*,#1996,.T.);
#1996 = EDGE_CURVE('',#1966,#1894,#1997,.T.);
#1997 = CIRCLE('',#1998,0.4);
#1998 = AXIS2_PLACEMENT_3D('',#1999,#2000,#2001);
#1999 = CARTESIAN_POINT('',(3.025669291339,30.325019050038,
    1.538354076708));
#2000 = DIRECTION('',(0.,0.,1.));
#2001 = DIRECTION('',(1.110223024625E-16,-1.,0.));
#2002 = ORIENTED_EDGE('',*,*,#1891,.F.);
#2003 = ORIENTED_EDGE('',*,*,#2004,.F.);
#2004 = EDGE_CURVE('',#1974,#1892,#2005,.T.);
#2005 = CIRCLE('',#2006,0.4);
#2006 = AXIS2_PLACEMENT_3D('',#2007,#2008,#2009);
#2007 = CARTESIAN_POINT('',(3.025669291339,30.325019050038,0.));
#2008 = DIRECTION('',(0.,0.,1.));
#2009 = DIRECTION('',(1.110223024625E-16,-1.,0.));
#2010 = CYLINDRICAL_SURFACE('',#2011,0.4);
#2011 = AXIS2_PLACEMENT_3D('',#2012,#2013,#2014);
#2012 = CARTESIAN_POINT('',(3.025669291339,30.325019050038,0.));
#2013 = DIRECTION('',(-0.,-0.,-1.));
#2014 = DIRECTION('',(1.110223024625E-16,-1.,0.));
#2015 = ADVANCED_FACE('',(#2016),#2050,.T.);
#2016 = FACE_BOUND('',#2017,.T.);
#2017 = EDGE_LOOP('',(#2018,#2028,#2036,#2044));
#2018 = ORIENTED_EDGE('',*,*,#2019,.T.);
#2019 = EDGE_CURVE('',#2020,#2022,#2024,.T.);
#2020 = VERTEX_POINT('',#2021);
#2021 = CARTESIAN_POINT('',(3.025669291339,22.075082550165,0.));
#2022 = VERTEX_POINT('',#2023);
#2023 = CARTESIAN_POINT('',(3.025669291339,22.075082550165,
    1.538354076708));
#2024 = LINE('',#2025,#2026);
#2025 = CARTESIAN_POINT('',(3.025669291339,22.075082550165,0.));
#2026 = VECTOR('',#2027,1.);
#2027 = DIRECTION('',(0.,0.,1.));
#2028 = ORIENTED_EDGE('',*,*,#2029,.T.);
#2029 = EDGE_CURVE('',#2022,#2030,#2032,.T.);
#2030 = VERTEX_POINT('',#2031);
#2031 = CARTESIAN_POINT('',(2.425669291339,22.075082550165,
    1.538354076708));
#2032 = LINE('',#2033,#2034);
#2033 = CARTESIAN_POINT('',(3.025669291339,22.075082550165,
    1.538354076708));
#2034 = VECTOR('',#2035,1.);
#2035 = DIRECTION('',(-1.,0.,0.));
#2036 = ORIENTED_EDGE('',*,*,#2037,.F.);
#2037 = EDGE_CURVE('',#2038,#2030,#2040,.T.);
#2038 = VERTEX_POINT('',#2039);
#2039 = CARTESIAN_POINT('',(2.425669291339,22.075082550165,0.));
#2040 = LINE('',#2041,#2042);
#2041 = CARTESIAN_POINT('',(2.425669291339,22.075082550165,0.));
#2042 = VECTOR('',#2043,1.);
#2043 = DIRECTION('',(0.,0.,1.));
#2044 = ORIENTED_EDGE('',*,*,#2045,.F.);
#2045 = EDGE_CURVE('',#2020,#2038,#2046,.T.);
#2046 = LINE('',#2047,#2048);
#2047 = CARTESIAN_POINT('',(3.025669291339,22.075082550165,0.));
#2048 = VECTOR('',#2049,1.);
#2049 = DIRECTION('',(-1.,0.,0.));
#2050 = PLANE('',#2051);
#2051 = AXIS2_PLACEMENT_3D('',#2052,#2053,#2054);
#2052 = CARTESIAN_POINT('',(3.025669291339,22.075082550165,0.));
#2053 = DIRECTION('',(0.,-1.,0.));
#2054 = DIRECTION('',(-1.,0.,0.));
#2055 = ADVANCED_FACE('',(#2056),#2083,.F.);
#2056 = FACE_BOUND('',#2057,.T.);
#2057 = EDGE_LOOP('',(#2058,#2059,#2068,#2076));
#2058 = ORIENTED_EDGE('',*,*,#2037,.T.);
#2059 = ORIENTED_EDGE('',*,*,#2060,.T.);
#2060 = EDGE_CURVE('',#2030,#2061,#2063,.T.);
#2061 = VERTEX_POINT('',#2062);
#2062 = CARTESIAN_POINT('',(2.425669291339,21.275082550165,
    1.538354076708));
#2063 = CIRCLE('',#2064,0.4);
#2064 = AXIS2_PLACEMENT_3D('',#2065,#2066,#2067);
#2065 = CARTESIAN_POINT('',(2.425669291339,21.675082550165,
    1.538354076708));
#2066 = DIRECTION('',(0.,0.,1.));
#2067 = DIRECTION('',(-1.110223024625E-16,1.,0.));
#2068 = ORIENTED_EDGE('',*,*,#2069,.F.);
#2069 = EDGE_CURVE('',#2070,#2061,#2072,.T.);
#2070 = VERTEX_POINT('',#2071);
#2071 = CARTESIAN_POINT('',(2.425669291339,21.275082550165,0.));
#2072 = LINE('',#2073,#2074);
#2073 = CARTESIAN_POINT('',(2.425669291339,21.275082550165,0.));
#2074 = VECTOR('',#2075,1.);
#2075 = DIRECTION('',(0.,0.,1.));
#2076 = ORIENTED_EDGE('',*,*,#2077,.F.);
#2077 = EDGE_CURVE('',#2038,#2070,#2078,.T.);
#2078 = CIRCLE('',#2079,0.4);
#2079 = AXIS2_PLACEMENT_3D('',#2080,#2081,#2082);
#2080 = CARTESIAN_POINT('',(2.425669291339,21.675082550165,0.));
#2081 = DIRECTION('',(0.,0.,1.));
#2082 = DIRECTION('',(-1.110223024625E-16,1.,0.));
#2083 = CYLINDRICAL_SURFACE('',#2084,0.4);
#2084 = AXIS2_PLACEMENT_3D('',#2085,#2086,#2087);
#2085 = CARTESIAN_POINT('',(2.425669291339,21.675082550165,0.));
#2086 = DIRECTION('',(-0.,-0.,-1.));
#2087 = DIRECTION('',(-1.110223024625E-16,1.,0.));
#2088 = ADVANCED_FACE('',(#2089),#2114,.T.);
#2089 = FACE_BOUND('',#2090,.T.);
#2090 = EDGE_LOOP('',(#2091,#2092,#2100,#2108));
#2091 = ORIENTED_EDGE('',*,*,#2069,.T.);
#2092 = ORIENTED_EDGE('',*,*,#2093,.T.);
#2093 = EDGE_CURVE('',#2061,#2094,#2096,.T.);
#2094 = VERTEX_POINT('',#2095);
#2095 = CARTESIAN_POINT('',(3.025669291339,21.275082550165,
    1.538354076708));
#2096 = LINE('',#2097,#2098);
#2097 = CARTESIAN_POINT('',(2.425669291339,21.275082550165,
    1.538354076708));
#2098 = VECTOR('',#2099,1.);
#2099 = DIRECTION('',(1.,0.,0.));
#2100 = ORIENTED_EDGE('',*,*,#2101,.F.);
#2101 = EDGE_CURVE('',#2102,#2094,#2104,.T.);
#2102 = VERTEX_POINT('',#2103);
#2103 = CARTESIAN_POINT('',(3.025669291339,21.275082550165,0.));
#2104 = LINE('',#2105,#2106);
#2105 = CARTESIAN_POINT('',(3.025669291339,21.275082550165,0.));
#2106 = VECTOR('',#2107,1.);
#2107 = DIRECTION('',(0.,0.,1.));
#2108 = ORIENTED_EDGE('',*,*,#2109,.F.);
#2109 = EDGE_CURVE('',#2070,#2102,#2110,.T.);
#2110 = LINE('',#2111,#2112);
#2111 = CARTESIAN_POINT('',(2.425669291339,21.275082550165,0.));
#2112 = VECTOR('',#2113,1.);
#2113 = DIRECTION('',(1.,0.,0.));
#2114 = PLANE('',#2115);
#2115 = AXIS2_PLACEMENT_3D('',#2116,#2117,#2118);
#2116 = CARTESIAN_POINT('',(2.425669291339,21.275082550165,0.));
#2117 = DIRECTION('',(0.,1.,0.));
#2118 = DIRECTION('',(1.,0.,0.));
#2119 = ADVANCED_FACE('',(#2120),#2138,.F.);
#2120 = FACE_BOUND('',#2121,.T.);
#2121 = EDGE_LOOP('',(#2122,#2123,#2130,#2131));
#2122 = ORIENTED_EDGE('',*,*,#2101,.T.);
#2123 = ORIENTED_EDGE('',*,*,#2124,.T.);
#2124 = EDGE_CURVE('',#2094,#2022,#2125,.T.);
#2125 = CIRCLE('',#2126,0.4);
#2126 = AXIS2_PLACEMENT_3D('',#2127,#2128,#2129);
#2127 = CARTESIAN_POINT('',(3.025669291339,21.675082550165,
    1.538354076708));
#2128 = DIRECTION('',(0.,0.,1.));
#2129 = DIRECTION('',(1.110223024625E-16,-1.,0.));
#2130 = ORIENTED_EDGE('',*,*,#2019,.F.);
#2131 = ORIENTED_EDGE('',*,*,#2132,.F.);
#2132 = EDGE_CURVE('',#2102,#2020,#2133,.T.);
#2133 = CIRCLE('',#2134,0.4);
#2134 = AXIS2_PLACEMENT_3D('',#2135,#2136,#2137);
#2135 = CARTESIAN_POINT('',(3.025669291339,21.675082550165,0.));
#2136 = DIRECTION('',(0.,0.,1.));
#2137 = DIRECTION('',(1.110223024625E-16,-1.,0.));
#2138 = CYLINDRICAL_SURFACE('',#2139,0.4);
#2139 = AXIS2_PLACEMENT_3D('',#2140,#2141,#2142);
#2140 = CARTESIAN_POINT('',(3.025669291339,21.675082550165,0.));
#2141 = DIRECTION('',(-0.,-0.,-1.));
#2142 = DIRECTION('',(1.110223024625E-16,-1.,0.));
#2143 = ADVANCED_FACE('',(#2144),#2178,.T.);
#2144 = FACE_BOUND('',#2145,.T.);
#2145 = EDGE_LOOP('',(#2146,#2156,#2164,#2172));
#2146 = ORIENTED_EDGE('',*,*,#2147,.T.);
#2147 = EDGE_CURVE('',#2148,#2150,#2152,.T.);
#2148 = VERTEX_POINT('',#2149);
#2149 = CARTESIAN_POINT('',(3.025669291339,36.075110490221,0.));
#2150 = VERTEX_POINT('',#2151);
#2151 = CARTESIAN_POINT('',(3.025669291339,36.075110490221,
    1.538354076708));
#2152 = LINE('',#2153,#2154);
#2153 = CARTESIAN_POINT('',(3.025669291339,36.075110490221,0.));
#2154 = VECTOR('',#2155,1.);
#2155 = DIRECTION('',(0.,0.,1.));
#2156 = ORIENTED_EDGE('',*,*,#2157,.T.);
#2157 = EDGE_CURVE('',#2150,#2158,#2160,.T.);
#2158 = VERTEX_POINT('',#2159);
#2159 = CARTESIAN_POINT('',(2.425669291339,36.075110490221,
    1.538354076708));
#2160 = LINE('',#2161,#2162);
#2161 = CARTESIAN_POINT('',(3.025669291339,36.075110490221,
    1.538354076708));
#2162 = VECTOR('',#2163,1.);
#2163 = DIRECTION('',(-1.,0.,0.));
#2164 = ORIENTED_EDGE('',*,*,#2165,.F.);
#2165 = EDGE_CURVE('',#2166,#2158,#2168,.T.);
#2166 = VERTEX_POINT('',#2167);
#2167 = CARTESIAN_POINT('',(2.425669291339,36.075110490221,0.));
#2168 = LINE('',#2169,#2170);
#2169 = CARTESIAN_POINT('',(2.425669291339,36.075110490221,0.));
#2170 = VECTOR('',#2171,1.);
#2171 = DIRECTION('',(0.,0.,1.));
#2172 = ORIENTED_EDGE('',*,*,#2173,.F.);
#2173 = EDGE_CURVE('',#2148,#2166,#2174,.T.);
#2174 = LINE('',#2175,#2176);
#2175 = CARTESIAN_POINT('',(3.025669291339,36.075110490221,0.));
#2176 = VECTOR('',#2177,1.);
#2177 = DIRECTION('',(-1.,0.,0.));
#2178 = PLANE('',#2179);
#2179 = AXIS2_PLACEMENT_3D('',#2180,#2181,#2182);
#2180 = CARTESIAN_POINT('',(3.025669291339,36.075110490221,0.));
#2181 = DIRECTION('',(0.,-1.,0.));
#2182 = DIRECTION('',(-1.,0.,0.));
#2183 = ADVANCED_FACE('',(#2184),#2211,.F.);
#2184 = FACE_BOUND('',#2185,.T.);
#2185 = EDGE_LOOP('',(#2186,#2187,#2196,#2204));
#2186 = ORIENTED_EDGE('',*,*,#2165,.T.);
#2187 = ORIENTED_EDGE('',*,*,#2188,.T.);
#2188 = EDGE_CURVE('',#2158,#2189,#2191,.T.);
#2189 = VERTEX_POINT('',#2190);
#2190 = CARTESIAN_POINT('',(2.425669291339,35.275110490221,
    1.538354076708));
#2191 = CIRCLE('',#2192,0.4);
#2192 = AXIS2_PLACEMENT_3D('',#2193,#2194,#2195);
#2193 = CARTESIAN_POINT('',(2.425669291339,35.675110490221,
    1.538354076708));
#2194 = DIRECTION('',(0.,0.,1.));
#2195 = DIRECTION('',(-1.110223024625E-16,1.,0.));
#2196 = ORIENTED_EDGE('',*,*,#2197,.F.);
#2197 = EDGE_CURVE('',#2198,#2189,#2200,.T.);
#2198 = VERTEX_POINT('',#2199);
#2199 = CARTESIAN_POINT('',(2.425669291339,35.275110490221,0.));
#2200 = LINE('',#2201,#2202);
#2201 = CARTESIAN_POINT('',(2.425669291339,35.275110490221,0.));
#2202 = VECTOR('',#2203,1.);
#2203 = DIRECTION('',(0.,0.,1.));
#2204 = ORIENTED_EDGE('',*,*,#2205,.F.);
#2205 = EDGE_CURVE('',#2166,#2198,#2206,.T.);
#2206 = CIRCLE('',#2207,0.4);
#2207 = AXIS2_PLACEMENT_3D('',#2208,#2209,#2210);
#2208 = CARTESIAN_POINT('',(2.425669291339,35.675110490221,0.));
#2209 = DIRECTION('',(0.,0.,1.));
#2210 = DIRECTION('',(-1.110223024625E-16,1.,0.));
#2211 = CYLINDRICAL_SURFACE('',#2212,0.4);
#2212 = AXIS2_PLACEMENT_3D('',#2213,#2214,#2215);
#2213 = CARTESIAN_POINT('',(2.425669291339,35.675110490221,0.));
#2214 = DIRECTION('',(-0.,-0.,-1.));
#2215 = DIRECTION('',(-1.110223024625E-16,1.,0.));
#2216 = ADVANCED_FACE('',(#2217),#2242,.T.);
#2217 = FACE_BOUND('',#2218,.T.);
#2218 = EDGE_LOOP('',(#2219,#2220,#2228,#2236));
#2219 = ORIENTED_EDGE('',*,*,#2197,.T.);
#2220 = ORIENTED_EDGE('',*,*,#2221,.T.);
#2221 = EDGE_CURVE('',#2189,#2222,#2224,.T.);
#2222 = VERTEX_POINT('',#2223);
#2223 = CARTESIAN_POINT('',(3.025669291339,35.275110490221,
    1.538354076708));
#2224 = LINE('',#2225,#2226);
#2225 = CARTESIAN_POINT('',(2.425669291339,35.275110490221,
    1.538354076708));
#2226 = VECTOR('',#2227,1.);
#2227 = DIRECTION('',(1.,-1.184237892933E-14,0.));
#2228 = ORIENTED_EDGE('',*,*,#2229,.F.);
#2229 = EDGE_CURVE('',#2230,#2222,#2232,.T.);
#2230 = VERTEX_POINT('',#2231);
#2231 = CARTESIAN_POINT('',(3.025669291339,35.275110490221,0.));
#2232 = LINE('',#2233,#2234);
#2233 = CARTESIAN_POINT('',(3.025669291339,35.275110490221,0.));
#2234 = VECTOR('',#2235,1.);
#2235 = DIRECTION('',(0.,0.,1.));
#2236 = ORIENTED_EDGE('',*,*,#2237,.F.);
#2237 = EDGE_CURVE('',#2198,#2230,#2238,.T.);
#2238 = LINE('',#2239,#2240);
#2239 = CARTESIAN_POINT('',(2.425669291339,35.275110490221,0.));
#2240 = VECTOR('',#2241,1.);
#2241 = DIRECTION('',(1.,-1.184237892933E-14,0.));
#2242 = PLANE('',#2243);
#2243 = AXIS2_PLACEMENT_3D('',#2244,#2245,#2246);
#2244 = CARTESIAN_POINT('',(2.425669291339,35.275110490221,0.));
#2245 = DIRECTION('',(1.184237892933E-14,1.,-0.));
#2246 = DIRECTION('',(1.,-1.184237892933E-14,0.));
#2247 = ADVANCED_FACE('',(#2248),#2266,.F.);
#2248 = FACE_BOUND('',#2249,.T.);
#2249 = EDGE_LOOP('',(#2250,#2251,#2258,#2259));
#2250 = ORIENTED_EDGE('',*,*,#2229,.T.);
#2251 = ORIENTED_EDGE('',*,*,#2252,.T.);
#2252 = EDGE_CURVE('',#2222,#2150,#2253,.T.);
#2253 = CIRCLE('',#2254,0.4);
#2254 = AXIS2_PLACEMENT_3D('',#2255,#2256,#2257);
#2255 = CARTESIAN_POINT('',(3.025669291339,35.675110490221,
    1.538354076708));
#2256 = DIRECTION('',(0.,0.,1.));
#2257 = DIRECTION('',(1.110223024625E-16,-1.,0.));
#2258 = ORIENTED_EDGE('',*,*,#2147,.F.);
#2259 = ORIENTED_EDGE('',*,*,#2260,.F.);
#2260 = EDGE_CURVE('',#2230,#2148,#2261,.T.);
#2261 = CIRCLE('',#2262,0.4);
#2262 = AXIS2_PLACEMENT_3D('',#2263,#2264,#2265);
#2263 = CARTESIAN_POINT('',(3.025669291339,35.675110490221,0.));
#2264 = DIRECTION('',(0.,0.,1.));
#2265 = DIRECTION('',(1.110223024625E-16,-1.,0.));
#2266 = CYLINDRICAL_SURFACE('',#2267,0.4);
#2267 = AXIS2_PLACEMENT_3D('',#2268,#2269,#2270);
#2268 = CARTESIAN_POINT('',(3.025669291339,35.675110490221,0.));
#2269 = DIRECTION('',(-0.,-0.,-1.));
#2270 = DIRECTION('',(1.110223024625E-16,-1.,0.));
#2271 = ADVANCED_FACE('',(#2272),#2306,.T.);
#2272 = FACE_BOUND('',#2273,.T.);
#2273 = EDGE_LOOP('',(#2274,#2284,#2292,#2300));
#2274 = ORIENTED_EDGE('',*,*,#2275,.T.);
#2275 = EDGE_CURVE('',#2276,#2278,#2280,.T.);
#2276 = VERTEX_POINT('',#2277);
#2277 = CARTESIAN_POINT('',(3.025791211582,16.724991109982,0.));
#2278 = VERTEX_POINT('',#2279);
#2279 = CARTESIAN_POINT('',(3.025791211582,16.724991109982,
    1.538354076708));
#2280 = LINE('',#2281,#2282);
#2281 = CARTESIAN_POINT('',(3.025791211582,16.724991109982,0.));
#2282 = VECTOR('',#2283,1.);
#2283 = DIRECTION('',(0.,0.,1.));
#2284 = ORIENTED_EDGE('',*,*,#2285,.T.);
#2285 = EDGE_CURVE('',#2278,#2286,#2288,.T.);
#2286 = VERTEX_POINT('',#2287);
#2287 = CARTESIAN_POINT('',(2.425791211582,16.724991109982,
    1.538354076708));
#2288 = LINE('',#2289,#2290);
#2289 = CARTESIAN_POINT('',(3.025791211582,16.724991109982,
    1.538354076708));
#2290 = VECTOR('',#2291,1.);
#2291 = DIRECTION('',(-1.,0.,0.));
#2292 = ORIENTED_EDGE('',*,*,#2293,.F.);
#2293 = EDGE_CURVE('',#2294,#2286,#2296,.T.);
#2294 = VERTEX_POINT('',#2295);
#2295 = CARTESIAN_POINT('',(2.425791211582,16.724991109982,0.));
#2296 = LINE('',#2297,#2298);
#2297 = CARTESIAN_POINT('',(2.425791211582,16.724991109982,0.));
#2298 = VECTOR('',#2299,1.);
#2299 = DIRECTION('',(0.,0.,1.));
#2300 = ORIENTED_EDGE('',*,*,#2301,.F.);
#2301 = EDGE_CURVE('',#2276,#2294,#2302,.T.);
#2302 = LINE('',#2303,#2304);
#2303 = CARTESIAN_POINT('',(3.025791211582,16.724991109982,0.));
#2304 = VECTOR('',#2305,1.);
#2305 = DIRECTION('',(-1.,0.,0.));
#2306 = PLANE('',#2307);
#2307 = AXIS2_PLACEMENT_3D('',#2308,#2309,#2310);
#2308 = CARTESIAN_POINT('',(3.025791211582,16.724991109982,0.));
#2309 = DIRECTION('',(0.,-1.,0.));
#2310 = DIRECTION('',(-1.,0.,0.));
#2311 = ADVANCED_FACE('',(#2312),#2339,.F.);
#2312 = FACE_BOUND('',#2313,.T.);
#2313 = EDGE_LOOP('',(#2314,#2315,#2324,#2332));
#2314 = ORIENTED_EDGE('',*,*,#2293,.T.);
#2315 = ORIENTED_EDGE('',*,*,#2316,.T.);
#2316 = EDGE_CURVE('',#2286,#2317,#2319,.T.);
#2317 = VERTEX_POINT('',#2318);
#2318 = CARTESIAN_POINT('',(2.425791211582,15.924991109982,
    1.538354076708));
#2319 = CIRCLE('',#2320,0.4);
#2320 = AXIS2_PLACEMENT_3D('',#2321,#2322,#2323);
#2321 = CARTESIAN_POINT('',(2.425791211582,16.324991109982,
    1.538354076708));
#2322 = DIRECTION('',(0.,0.,1.));
#2323 = DIRECTION('',(-1.110223024625E-16,1.,0.));
#2324 = ORIENTED_EDGE('',*,*,#2325,.F.);
#2325 = EDGE_CURVE('',#2326,#2317,#2328,.T.);
#2326 = VERTEX_POINT('',#2327);
#2327 = CARTESIAN_POINT('',(2.425791211582,15.924991109982,0.));
#2328 = LINE('',#2329,#2330);
#2329 = CARTESIAN_POINT('',(2.425791211582,15.924991109982,0.));
#2330 = VECTOR('',#2331,1.);
#2331 = DIRECTION('',(0.,0.,1.));
#2332 = ORIENTED_EDGE('',*,*,#2333,.F.);
#2333 = EDGE_CURVE('',#2294,#2326,#2334,.T.);
#2334 = CIRCLE('',#2335,0.4);
#2335 = AXIS2_PLACEMENT_3D('',#2336,#2337,#2338);
#2336 = CARTESIAN_POINT('',(2.425791211582,16.324991109982,0.));
#2337 = DIRECTION('',(0.,0.,1.));
#2338 = DIRECTION('',(-1.110223024625E-16,1.,0.));
#2339 = CYLINDRICAL_SURFACE('',#2340,0.4);
#2340 = AXIS2_PLACEMENT_3D('',#2341,#2342,#2343);
#2341 = CARTESIAN_POINT('',(2.425791211582,16.324991109982,0.));
#2342 = DIRECTION('',(-0.,-0.,-1.));
#2343 = DIRECTION('',(-1.110223024625E-16,1.,0.));
#2344 = ADVANCED_FACE('',(#2345),#2370,.T.);
#2345 = FACE_BOUND('',#2346,.T.);
#2346 = EDGE_LOOP('',(#2347,#2348,#2356,#2364));
#2347 = ORIENTED_EDGE('',*,*,#2325,.T.);
#2348 = ORIENTED_EDGE('',*,*,#2349,.T.);
#2349 = EDGE_CURVE('',#2317,#2350,#2352,.T.);
#2350 = VERTEX_POINT('',#2351);
#2351 = CARTESIAN_POINT('',(3.025791211582,15.924991109982,
    1.538354076708));
#2352 = LINE('',#2353,#2354);
#2353 = CARTESIAN_POINT('',(2.425791211582,15.924991109982,
    1.538354076708));
#2354 = VECTOR('',#2355,1.);
#2355 = DIRECTION('',(1.,0.,0.));
#2356 = ORIENTED_EDGE('',*,*,#2357,.F.);
#2357 = EDGE_CURVE('',#2358,#2350,#2360,.T.);
#2358 = VERTEX_POINT('',#2359);
#2359 = CARTESIAN_POINT('',(3.025791211582,15.924991109982,0.));
#2360 = LINE('',#2361,#2362);
#2361 = CARTESIAN_POINT('',(3.025791211582,15.924991109982,0.));
#2362 = VECTOR('',#2363,1.);
#2363 = DIRECTION('',(0.,0.,1.));
#2364 = ORIENTED_EDGE('',*,*,#2365,.F.);
#2365 = EDGE_CURVE('',#2326,#2358,#2366,.T.);
#2366 = LINE('',#2367,#2368);
#2367 = CARTESIAN_POINT('',(2.425791211582,15.924991109982,0.));
#2368 = VECTOR('',#2369,1.);
#2369 = DIRECTION('',(1.,0.,0.));
#2370 = PLANE('',#2371);
#2371 = AXIS2_PLACEMENT_3D('',#2372,#2373,#2374);
#2372 = CARTESIAN_POINT('',(2.425791211582,15.924991109982,0.));
#2373 = DIRECTION('',(0.,1.,0.));
#2374 = DIRECTION('',(1.,0.,0.));
#2375 = ADVANCED_FACE('',(#2376),#2394,.F.);
#2376 = FACE_BOUND('',#2377,.T.);
#2377 = EDGE_LOOP('',(#2378,#2379,#2386,#2387));
#2378 = ORIENTED_EDGE('',*,*,#2357,.T.);
#2379 = ORIENTED_EDGE('',*,*,#2380,.T.);
#2380 = EDGE_CURVE('',#2350,#2278,#2381,.T.);
#2381 = CIRCLE('',#2382,0.4);
#2382 = AXIS2_PLACEMENT_3D('',#2383,#2384,#2385);
#2383 = CARTESIAN_POINT('',(3.025791211582,16.324991109982,
    1.538354076708));
#2384 = DIRECTION('',(0.,0.,1.));
#2385 = DIRECTION('',(1.110223024625E-16,-1.,0.));
#2386 = ORIENTED_EDGE('',*,*,#2275,.F.);
#2387 = ORIENTED_EDGE('',*,*,#2388,.F.);
#2388 = EDGE_CURVE('',#2358,#2276,#2389,.T.);
#2389 = CIRCLE('',#2390,0.4);
#2390 = AXIS2_PLACEMENT_3D('',#2391,#2392,#2393);
#2391 = CARTESIAN_POINT('',(3.025791211582,16.324991109982,0.));
#2392 = DIRECTION('',(0.,0.,1.));
#2393 = DIRECTION('',(1.110223024625E-16,-1.,0.));
#2394 = CYLINDRICAL_SURFACE('',#2395,0.4);
#2395 = AXIS2_PLACEMENT_3D('',#2396,#2397,#2398);
#2396 = CARTESIAN_POINT('',(3.025791211582,16.324991109982,0.));
#2397 = DIRECTION('',(-0.,-0.,-1.));
#2398 = DIRECTION('',(1.110223024625E-16,-1.,0.));
#2399 = ADVANCED_FACE('',(#2400),#2434,.T.);
#2400 = FACE_BOUND('',#2401,.T.);
#2401 = EDGE_LOOP('',(#2402,#2412,#2420,#2428));
#2402 = ORIENTED_EDGE('',*,*,#2403,.T.);
#2403 = EDGE_CURVE('',#2404,#2406,#2408,.T.);
#2404 = VERTEX_POINT('',#2405);
#2405 = CARTESIAN_POINT('',(3.025791211582,8.075054610109,0.));
#2406 = VERTEX_POINT('',#2407);
#2407 = CARTESIAN_POINT('',(3.025791211582,8.075054610109,1.538354076708
    ));
#2408 = LINE('',#2409,#2410);
#2409 = CARTESIAN_POINT('',(3.025791211582,8.075054610109,0.));
#2410 = VECTOR('',#2411,1.);
#2411 = DIRECTION('',(0.,0.,1.));
#2412 = ORIENTED_EDGE('',*,*,#2413,.T.);
#2413 = EDGE_CURVE('',#2406,#2414,#2416,.T.);
#2414 = VERTEX_POINT('',#2415);
#2415 = CARTESIAN_POINT('',(2.425791211582,8.075054610109,1.538354076708
    ));
#2416 = LINE('',#2417,#2418);
#2417 = CARTESIAN_POINT('',(3.025791211582,8.075054610109,1.538354076708
    ));
#2418 = VECTOR('',#2419,1.);
#2419 = DIRECTION('',(-1.,0.,0.));
#2420 = ORIENTED_EDGE('',*,*,#2421,.F.);
#2421 = EDGE_CURVE('',#2422,#2414,#2424,.T.);
#2422 = VERTEX_POINT('',#2423);
#2423 = CARTESIAN_POINT('',(2.425791211582,8.075054610109,0.));
#2424 = LINE('',#2425,#2426);
#2425 = CARTESIAN_POINT('',(2.425791211582,8.075054610109,0.));
#2426 = VECTOR('',#2427,1.);
#2427 = DIRECTION('',(0.,0.,1.));
#2428 = ORIENTED_EDGE('',*,*,#2429,.F.);
#2429 = EDGE_CURVE('',#2404,#2422,#2430,.T.);
#2430 = LINE('',#2431,#2432);
#2431 = CARTESIAN_POINT('',(3.025791211582,8.075054610109,0.));
#2432 = VECTOR('',#2433,1.);
#2433 = DIRECTION('',(-1.,0.,0.));
#2434 = PLANE('',#2435);
#2435 = AXIS2_PLACEMENT_3D('',#2436,#2437,#2438);
#2436 = CARTESIAN_POINT('',(3.025791211582,8.075054610109,0.));
#2437 = DIRECTION('',(0.,-1.,0.));
#2438 = DIRECTION('',(-1.,0.,0.));
#2439 = ADVANCED_FACE('',(#2440),#2467,.F.);
#2440 = FACE_BOUND('',#2441,.T.);
#2441 = EDGE_LOOP('',(#2442,#2443,#2452,#2460));
#2442 = ORIENTED_EDGE('',*,*,#2421,.T.);
#2443 = ORIENTED_EDGE('',*,*,#2444,.T.);
#2444 = EDGE_CURVE('',#2414,#2445,#2447,.T.);
#2445 = VERTEX_POINT('',#2446);
#2446 = CARTESIAN_POINT('',(2.425791211582,7.275054610109,1.538354076708
    ));
#2447 = CIRCLE('',#2448,0.4);
#2448 = AXIS2_PLACEMENT_3D('',#2449,#2450,#2451);
#2449 = CARTESIAN_POINT('',(2.425791211582,7.675054610109,1.538354076708
    ));
#2450 = DIRECTION('',(0.,0.,1.));
#2451 = DIRECTION('',(-1.110223024625E-16,1.,0.));
#2452 = ORIENTED_EDGE('',*,*,#2453,.F.);
#2453 = EDGE_CURVE('',#2454,#2445,#2456,.T.);
#2454 = VERTEX_POINT('',#2455);
#2455 = CARTESIAN_POINT('',(2.425791211582,7.275054610109,0.));
#2456 = LINE('',#2457,#2458);
#2457 = CARTESIAN_POINT('',(2.425791211582,7.275054610109,0.));
#2458 = VECTOR('',#2459,1.);
#2459 = DIRECTION('',(0.,0.,1.));
#2460 = ORIENTED_EDGE('',*,*,#2461,.F.);
#2461 = EDGE_CURVE('',#2422,#2454,#2462,.T.);
#2462 = CIRCLE('',#2463,0.4);
#2463 = AXIS2_PLACEMENT_3D('',#2464,#2465,#2466);
#2464 = CARTESIAN_POINT('',(2.425791211582,7.675054610109,0.));
#2465 = DIRECTION('',(0.,0.,1.));
#2466 = DIRECTION('',(-1.110223024625E-16,1.,0.));
#2467 = CYLINDRICAL_SURFACE('',#2468,0.4);
#2468 = AXIS2_PLACEMENT_3D('',#2469,#2470,#2471);
#2469 = CARTESIAN_POINT('',(2.425791211582,7.675054610109,0.));
#2470 = DIRECTION('',(-0.,-0.,-1.));
#2471 = DIRECTION('',(-1.110223024625E-16,1.,0.));
#2472 = ADVANCED_FACE('',(#2473),#2498,.T.);
#2473 = FACE_BOUND('',#2474,.T.);
#2474 = EDGE_LOOP('',(#2475,#2476,#2484,#2492));
#2475 = ORIENTED_EDGE('',*,*,#2453,.T.);
#2476 = ORIENTED_EDGE('',*,*,#2477,.T.);
#2477 = EDGE_CURVE('',#2445,#2478,#2480,.T.);
#2478 = VERTEX_POINT('',#2479);
#2479 = CARTESIAN_POINT('',(3.025791211582,7.275054610109,1.538354076708
    ));
#2480 = LINE('',#2481,#2482);
#2481 = CARTESIAN_POINT('',(2.425791211582,7.275054610109,1.538354076708
    ));
#2482 = VECTOR('',#2483,1.);
#2483 = DIRECTION('',(1.,0.,0.));
#2484 = ORIENTED_EDGE('',*,*,#2485,.F.);
#2485 = EDGE_CURVE('',#2486,#2478,#2488,.T.);
#2486 = VERTEX_POINT('',#2487);
#2487 = CARTESIAN_POINT('',(3.025791211582,7.275054610109,0.));
#2488 = LINE('',#2489,#2490);
#2489 = CARTESIAN_POINT('',(3.025791211582,7.275054610109,0.));
#2490 = VECTOR('',#2491,1.);
#2491 = DIRECTION('',(0.,0.,1.));
#2492 = ORIENTED_EDGE('',*,*,#2493,.F.);
#2493 = EDGE_CURVE('',#2454,#2486,#2494,.T.);
#2494 = LINE('',#2495,#2496);
#2495 = CARTESIAN_POINT('',(2.425791211582,7.275054610109,0.));
#2496 = VECTOR('',#2497,1.);
#2497 = DIRECTION('',(1.,0.,0.));
#2498 = PLANE('',#2499);
#2499 = AXIS2_PLACEMENT_3D('',#2500,#2501,#2502);
#2500 = CARTESIAN_POINT('',(2.425791211582,7.275054610109,0.));
#2501 = DIRECTION('',(0.,1.,0.));
#2502 = DIRECTION('',(1.,0.,0.));
#2503 = ADVANCED_FACE('',(#2504),#2522,.F.);
#2504 = FACE_BOUND('',#2505,.T.);
#2505 = EDGE_LOOP('',(#2506,#2507,#2514,#2515));
#2506 = ORIENTED_EDGE('',*,*,#2485,.T.);
#2507 = ORIENTED_EDGE('',*,*,#2508,.T.);
#2508 = EDGE_CURVE('',#2478,#2406,#2509,.T.);
#2509 = CIRCLE('',#2510,0.4);
#2510 = AXIS2_PLACEMENT_3D('',#2511,#2512,#2513);
#2511 = CARTESIAN_POINT('',(3.025791211582,7.675054610109,1.538354076708
    ));
#2512 = DIRECTION('',(0.,0.,1.));
#2513 = DIRECTION('',(1.110223024625E-16,-1.,0.));
#2514 = ORIENTED_EDGE('',*,*,#2403,.F.);
#2515 = ORIENTED_EDGE('',*,*,#2516,.F.);
#2516 = EDGE_CURVE('',#2486,#2404,#2517,.T.);
#2517 = CIRCLE('',#2518,0.4);
#2518 = AXIS2_PLACEMENT_3D('',#2519,#2520,#2521);
#2519 = CARTESIAN_POINT('',(3.025791211582,7.675054610109,0.));
#2520 = DIRECTION('',(0.,0.,1.));
#2521 = DIRECTION('',(1.110223024625E-16,-1.,0.));
#2522 = CYLINDRICAL_SURFACE('',#2523,0.4);
#2523 = AXIS2_PLACEMENT_3D('',#2524,#2525,#2526);
#2524 = CARTESIAN_POINT('',(3.025791211582,7.675054610109,0.));
#2525 = DIRECTION('',(-0.,-0.,-1.));
#2526 = DIRECTION('',(1.110223024625E-16,-1.,0.));
#2527 = ADVANCED_FACE('',(#2528),#2564,.F.);
#2528 = FACE_BOUND('',#2529,.T.);
#2529 = EDGE_LOOP('',(#2530,#2540,#2549,#2557));
#2530 = ORIENTED_EDGE('',*,*,#2531,.T.);
#2531 = EDGE_CURVE('',#2532,#2534,#2536,.T.);
#2532 = VERTEX_POINT('',#2533);
#2533 = CARTESIAN_POINT('',(6.780558801118,23.100127000254,0.));
#2534 = VERTEX_POINT('',#2535);
#2535 = CARTESIAN_POINT('',(6.780558801118,23.100127000254,
    1.538354076708));
#2536 = LINE('',#2537,#2538);
#2537 = CARTESIAN_POINT('',(6.780558801118,23.100127000254,0.));
#2538 = VECTOR('',#2539,1.);
#2539 = DIRECTION('',(0.,0.,1.));
#2540 = ORIENTED_EDGE('',*,*,#2541,.T.);
#2541 = EDGE_CURVE('',#2534,#2542,#2544,.T.);
#2542 = VERTEX_POINT('',#2543);
#2543 = CARTESIAN_POINT('',(6.030546101092,23.100127000254,
    1.538354076708));
#2544 = CIRCLE('',#2545,0.375006350013);
#2545 = AXIS2_PLACEMENT_3D('',#2546,#2547,#2548);
#2546 = CARTESIAN_POINT('',(6.405552451105,23.100127000254,
    1.538354076708));
#2547 = DIRECTION('',(0.,0.,1.));
#2548 = DIRECTION('',(1.,1.110223024625E-16,-0.));
#2549 = ORIENTED_EDGE('',*,*,#2550,.F.);
#2550 = EDGE_CURVE('',#2551,#2542,#2553,.T.);
#2551 = VERTEX_POINT('',#2552);
#2552 = CARTESIAN_POINT('',(6.030546101092,23.100127000254,0.));
#2553 = LINE('',#2554,#2555);
#2554 = CARTESIAN_POINT('',(6.030546101092,23.100127000254,0.));
#2555 = VECTOR('',#2556,1.);
#2556 = DIRECTION('',(0.,0.,1.));
#2557 = ORIENTED_EDGE('',*,*,#2558,.F.);
#2558 = EDGE_CURVE('',#2532,#2551,#2559,.T.);
#2559 = CIRCLE('',#2560,0.375006350013);
#2560 = AXIS2_PLACEMENT_3D('',#2561,#2562,#2563);
#2561 = CARTESIAN_POINT('',(6.405552451105,23.100127000254,0.));
#2562 = DIRECTION('',(0.,0.,1.));
#2563 = DIRECTION('',(1.,1.110223024625E-16,-0.));
#2564 = CYLINDRICAL_SURFACE('',#2565,0.375006350013);
#2565 = AXIS2_PLACEMENT_3D('',#2566,#2567,#2568);
#2566 = CARTESIAN_POINT('',(6.405552451105,23.100127000254,0.));
#2567 = DIRECTION('',(-0.,-0.,-1.));
#2568 = DIRECTION('',(1.,1.110223024625E-16,-0.));
#2569 = ADVANCED_FACE('',(#2570),#2588,.F.);
#2570 = FACE_BOUND('',#2571,.T.);
#2571 = EDGE_LOOP('',(#2572,#2573,#2580,#2581));
#2572 = ORIENTED_EDGE('',*,*,#2550,.T.);
#2573 = ORIENTED_EDGE('',*,*,#2574,.T.);
#2574 = EDGE_CURVE('',#2542,#2534,#2575,.T.);
#2575 = CIRCLE('',#2576,0.375006350013);
#2576 = AXIS2_PLACEMENT_3D('',#2577,#2578,#2579);
#2577 = CARTESIAN_POINT('',(6.405552451105,23.100127000254,
    1.538354076708));
#2578 = DIRECTION('',(0.,0.,1.));
#2579 = DIRECTION('',(-1.,-1.110223024625E-16,0.));
#2580 = ORIENTED_EDGE('',*,*,#2531,.F.);
#2581 = ORIENTED_EDGE('',*,*,#2582,.F.);
#2582 = EDGE_CURVE('',#2551,#2532,#2583,.T.);
#2583 = CIRCLE('',#2584,0.375006350013);
#2584 = AXIS2_PLACEMENT_3D('',#2585,#2586,#2587);
#2585 = CARTESIAN_POINT('',(6.405552451105,23.100127000254,0.));
#2586 = DIRECTION('',(0.,0.,1.));
#2587 = DIRECTION('',(-1.,-1.110223024625E-16,0.));
#2588 = CYLINDRICAL_SURFACE('',#2589,0.375006350013);
#2589 = AXIS2_PLACEMENT_3D('',#2590,#2591,#2592);
#2590 = CARTESIAN_POINT('',(6.405552451105,23.100127000254,0.));
#2591 = DIRECTION('',(-0.,-0.,-1.));
#2592 = DIRECTION('',(-1.,-1.110223024625E-16,0.));
#2593 = ADVANCED_FACE('',(#2594),#2630,.F.);
#2594 = FACE_BOUND('',#2595,.T.);
#2595 = EDGE_LOOP('',(#2596,#2606,#2615,#2623));
#2596 = ORIENTED_EDGE('',*,*,#2597,.T.);
#2597 = EDGE_CURVE('',#2598,#2600,#2602,.T.);
#2598 = VERTEX_POINT('',#2599);
#2599 = CARTESIAN_POINT('',(6.780558801118,37.10015494031,0.));
#2600 = VERTEX_POINT('',#2601);
#2601 = CARTESIAN_POINT('',(6.780558801118,37.10015494031,1.538354076708
    ));
#2602 = LINE('',#2603,#2604);
#2603 = CARTESIAN_POINT('',(6.780558801118,37.10015494031,0.));
#2604 = VECTOR('',#2605,1.);
#2605 = DIRECTION('',(0.,0.,1.));
#2606 = ORIENTED_EDGE('',*,*,#2607,.T.);
#2607 = EDGE_CURVE('',#2600,#2608,#2610,.T.);
#2608 = VERTEX_POINT('',#2609);
#2609 = CARTESIAN_POINT('',(6.030546101092,37.10015494031,1.538354076708
    ));
#2610 = CIRCLE('',#2611,0.375006350013);
#2611 = AXIS2_PLACEMENT_3D('',#2612,#2613,#2614);
#2612 = CARTESIAN_POINT('',(6.405552451105,37.10015494031,1.538354076708
    ));
#2613 = DIRECTION('',(0.,0.,1.));
#2614 = DIRECTION('',(1.,1.110223024625E-16,-0.));
#2615 = ORIENTED_EDGE('',*,*,#2616,.F.);
#2616 = EDGE_CURVE('',#2617,#2608,#2619,.T.);
#2617 = VERTEX_POINT('',#2618);
#2618 = CARTESIAN_POINT('',(6.030546101092,37.10015494031,0.));
#2619 = LINE('',#2620,#2621);
#2620 = CARTESIAN_POINT('',(6.030546101092,37.10015494031,0.));
#2621 = VECTOR('',#2622,1.);
#2622 = DIRECTION('',(0.,0.,1.));
#2623 = ORIENTED_EDGE('',*,*,#2624,.F.);
#2624 = EDGE_CURVE('',#2598,#2617,#2625,.T.);
#2625 = CIRCLE('',#2626,0.375006350013);
#2626 = AXIS2_PLACEMENT_3D('',#2627,#2628,#2629);
#2627 = CARTESIAN_POINT('',(6.405552451105,37.10015494031,0.));
#2628 = DIRECTION('',(0.,0.,1.));
#2629 = DIRECTION('',(1.,1.110223024625E-16,-0.));
#2630 = CYLINDRICAL_SURFACE('',#2631,0.375006350013);
#2631 = AXIS2_PLACEMENT_3D('',#2632,#2633,#2634);
#2632 = CARTESIAN_POINT('',(6.405552451105,37.10015494031,0.));
#2633 = DIRECTION('',(-0.,-0.,-1.));
#2634 = DIRECTION('',(1.,1.110223024625E-16,-0.));
#2635 = ADVANCED_FACE('',(#2636),#2654,.F.);
#2636 = FACE_BOUND('',#2637,.T.);
#2637 = EDGE_LOOP('',(#2638,#2639,#2646,#2647));
#2638 = ORIENTED_EDGE('',*,*,#2616,.T.);
#2639 = ORIENTED_EDGE('',*,*,#2640,.T.);
#2640 = EDGE_CURVE('',#2608,#2600,#2641,.T.);
#2641 = CIRCLE('',#2642,0.375006350013);
#2642 = AXIS2_PLACEMENT_3D('',#2643,#2644,#2645);
#2643 = CARTESIAN_POINT('',(6.405552451105,37.10015494031,1.538354076708
    ));
#2644 = DIRECTION('',(0.,0.,1.));
#2645 = DIRECTION('',(-1.,-1.110223024625E-16,0.));
#2646 = ORIENTED_EDGE('',*,*,#2597,.F.);
#2647 = ORIENTED_EDGE('',*,*,#2648,.F.);
#2648 = EDGE_CURVE('',#2617,#2598,#2649,.T.);
#2649 = CIRCLE('',#2650,0.375006350013);
#2650 = AXIS2_PLACEMENT_3D('',#2651,#2652,#2653);
#2651 = CARTESIAN_POINT('',(6.405552451105,37.10015494031,0.));
#2652 = DIRECTION('',(0.,0.,1.));
#2653 = DIRECTION('',(-1.,-1.110223024625E-16,0.));
#2654 = CYLINDRICAL_SURFACE('',#2655,0.375006350013);
#2655 = AXIS2_PLACEMENT_3D('',#2656,#2657,#2658);
#2656 = CARTESIAN_POINT('',(6.405552451105,37.10015494031,0.));
#2657 = DIRECTION('',(-0.,-0.,-1.));
#2658 = DIRECTION('',(-1.,-1.110223024625E-16,0.));
#2659 = ADVANCED_FACE('',(#2660),#2696,.F.);
#2660 = FACE_BOUND('',#2661,.T.);
#2661 = EDGE_LOOP('',(#2662,#2672,#2681,#2689));
#2662 = ORIENTED_EDGE('',*,*,#2663,.T.);
#2663 = EDGE_CURVE('',#2664,#2666,#2668,.T.);
#2664 = VERTEX_POINT('',#2665);
#2665 = CARTESIAN_POINT('',(6.780558801118,28.899974599949,0.));
#2666 = VERTEX_POINT('',#2667);
#2667 = CARTESIAN_POINT('',(6.780558801118,28.899974599949,
    1.538354076708));
#2668 = LINE('',#2669,#2670);
#2669 = CARTESIAN_POINT('',(6.780558801118,28.899974599949,0.));
#2670 = VECTOR('',#2671,1.);
#2671 = DIRECTION('',(0.,0.,1.));
#2672 = ORIENTED_EDGE('',*,*,#2673,.T.);
#2673 = EDGE_CURVE('',#2666,#2674,#2676,.T.);
#2674 = VERTEX_POINT('',#2675);
#2675 = CARTESIAN_POINT('',(6.030546101092,28.899974599949,
    1.538354076708));
#2676 = CIRCLE('',#2677,0.375006350013);
#2677 = AXIS2_PLACEMENT_3D('',#2678,#2679,#2680);
#2678 = CARTESIAN_POINT('',(6.405552451105,28.899974599949,
    1.538354076708));
#2679 = DIRECTION('',(0.,0.,1.));
#2680 = DIRECTION('',(1.,1.110223024625E-16,-0.));
#2681 = ORIENTED_EDGE('',*,*,#2682,.F.);
#2682 = EDGE_CURVE('',#2683,#2674,#2685,.T.);
#2683 = VERTEX_POINT('',#2684);
#2684 = CARTESIAN_POINT('',(6.030546101092,28.899974599949,0.));
#2685 = LINE('',#2686,#2687);
#2686 = CARTESIAN_POINT('',(6.030546101092,28.899974599949,0.));
#2687 = VECTOR('',#2688,1.);
#2688 = DIRECTION('',(0.,0.,1.));
#2689 = ORIENTED_EDGE('',*,*,#2690,.F.);
#2690 = EDGE_CURVE('',#2664,#2683,#2691,.T.);
#2691 = CIRCLE('',#2692,0.375006350013);
#2692 = AXIS2_PLACEMENT_3D('',#2693,#2694,#2695);
#2693 = CARTESIAN_POINT('',(6.405552451105,28.899974599949,0.));
#2694 = DIRECTION('',(0.,0.,1.));
#2695 = DIRECTION('',(1.,1.110223024625E-16,-0.));
#2696 = CYLINDRICAL_SURFACE('',#2697,0.375006350013);
#2697 = AXIS2_PLACEMENT_3D('',#2698,#2699,#2700);
#2698 = CARTESIAN_POINT('',(6.405552451105,28.899974599949,0.));
#2699 = DIRECTION('',(-0.,-0.,-1.));
#2700 = DIRECTION('',(1.,1.110223024625E-16,-0.));
#2701 = ADVANCED_FACE('',(#2702),#2720,.F.);
#2702 = FACE_BOUND('',#2703,.T.);
#2703 = EDGE_LOOP('',(#2704,#2705,#2712,#2713));
#2704 = ORIENTED_EDGE('',*,*,#2682,.T.);
#2705 = ORIENTED_EDGE('',*,*,#2706,.T.);
#2706 = EDGE_CURVE('',#2674,#2666,#2707,.T.);
#2707 = CIRCLE('',#2708,0.375006350013);
#2708 = AXIS2_PLACEMENT_3D('',#2709,#2710,#2711);
#2709 = CARTESIAN_POINT('',(6.405552451105,28.899974599949,
    1.538354076708));
#2710 = DIRECTION('',(0.,0.,1.));
#2711 = DIRECTION('',(-1.,-1.110223024625E-16,0.));
#2712 = ORIENTED_EDGE('',*,*,#2663,.F.);
#2713 = ORIENTED_EDGE('',*,*,#2714,.F.);
#2714 = EDGE_CURVE('',#2683,#2664,#2715,.T.);
#2715 = CIRCLE('',#2716,0.375006350013);
#2716 = AXIS2_PLACEMENT_3D('',#2717,#2718,#2719);
#2717 = CARTESIAN_POINT('',(6.405552451105,28.899974599949,0.));
#2718 = DIRECTION('',(0.,0.,1.));
#2719 = DIRECTION('',(-1.,-1.110223024625E-16,0.));
#2720 = CYLINDRICAL_SURFACE('',#2721,0.375006350013);
#2721 = AXIS2_PLACEMENT_3D('',#2722,#2723,#2724);
#2722 = CARTESIAN_POINT('',(6.405552451105,28.899974599949,0.));
#2723 = DIRECTION('',(-0.,-0.,-1.));
#2724 = DIRECTION('',(-1.,-1.110223024625E-16,0.));
#2725 = ADVANCED_FACE('',(#2726),#2762,.F.);
#2726 = FACE_BOUND('',#2727,.T.);
#2727 = EDGE_LOOP('',(#2728,#2738,#2747,#2755));
#2728 = ORIENTED_EDGE('',*,*,#2729,.T.);
#2729 = EDGE_CURVE('',#2730,#2732,#2734,.T.);
#2730 = VERTEX_POINT('',#2731);
#2731 = CARTESIAN_POINT('',(6.780558801118,42.900002540005,0.));
#2732 = VERTEX_POINT('',#2733);
#2733 = CARTESIAN_POINT('',(6.780558801118,42.900002540005,
    1.538354076708));
#2734 = LINE('',#2735,#2736);
#2735 = CARTESIAN_POINT('',(6.780558801118,42.900002540005,0.));
#2736 = VECTOR('',#2737,1.);
#2737 = DIRECTION('',(0.,0.,1.));
#2738 = ORIENTED_EDGE('',*,*,#2739,.T.);
#2739 = EDGE_CURVE('',#2732,#2740,#2742,.T.);
#2740 = VERTEX_POINT('',#2741);
#2741 = CARTESIAN_POINT('',(6.030546101092,42.900002540005,
    1.538354076708));
#2742 = CIRCLE('',#2743,0.375006350013);
#2743 = AXIS2_PLACEMENT_3D('',#2744,#2745,#2746);
#2744 = CARTESIAN_POINT('',(6.405552451105,42.900002540005,
    1.538354076708));
#2745 = DIRECTION('',(0.,0.,1.));
#2746 = DIRECTION('',(1.,1.110223024625E-16,-0.));
#2747 = ORIENTED_EDGE('',*,*,#2748,.F.);
#2748 = EDGE_CURVE('',#2749,#2740,#2751,.T.);
#2749 = VERTEX_POINT('',#2750);
#2750 = CARTESIAN_POINT('',(6.030546101092,42.900002540005,0.));
#2751 = LINE('',#2752,#2753);
#2752 = CARTESIAN_POINT('',(6.030546101092,42.900002540005,0.));
#2753 = VECTOR('',#2754,1.);
#2754 = DIRECTION('',(0.,0.,1.));
#2755 = ORIENTED_EDGE('',*,*,#2756,.F.);
#2756 = EDGE_CURVE('',#2730,#2749,#2757,.T.);
#2757 = CIRCLE('',#2758,0.375006350013);
#2758 = AXIS2_PLACEMENT_3D('',#2759,#2760,#2761);
#2759 = CARTESIAN_POINT('',(6.405552451105,42.900002540005,0.));
#2760 = DIRECTION('',(0.,0.,1.));
#2761 = DIRECTION('',(1.,1.110223024625E-16,-0.));
#2762 = CYLINDRICAL_SURFACE('',#2763,0.375006350013);
#2763 = AXIS2_PLACEMENT_3D('',#2764,#2765,#2766);
#2764 = CARTESIAN_POINT('',(6.405552451105,42.900002540005,0.));
#2765 = DIRECTION('',(-0.,-0.,-1.));
#2766 = DIRECTION('',(1.,1.110223024625E-16,-0.));
#2767 = ADVANCED_FACE('',(#2768),#2786,.F.);
#2768 = FACE_BOUND('',#2769,.T.);
#2769 = EDGE_LOOP('',(#2770,#2771,#2778,#2779));
#2770 = ORIENTED_EDGE('',*,*,#2748,.T.);
#2771 = ORIENTED_EDGE('',*,*,#2772,.T.);
#2772 = EDGE_CURVE('',#2740,#2732,#2773,.T.);
#2773 = CIRCLE('',#2774,0.375006350013);
#2774 = AXIS2_PLACEMENT_3D('',#2775,#2776,#2777);
#2775 = CARTESIAN_POINT('',(6.405552451105,42.900002540005,
    1.538354076708));
#2776 = DIRECTION('',(0.,0.,1.));
#2777 = DIRECTION('',(-1.,-1.110223024625E-16,0.));
#2778 = ORIENTED_EDGE('',*,*,#2729,.F.);
#2779 = ORIENTED_EDGE('',*,*,#2780,.F.);
#2780 = EDGE_CURVE('',#2749,#2730,#2781,.T.);
#2781 = CIRCLE('',#2782,0.375006350013);
#2782 = AXIS2_PLACEMENT_3D('',#2783,#2784,#2785);
#2783 = CARTESIAN_POINT('',(6.405552451105,42.900002540005,0.));
#2784 = DIRECTION('',(0.,0.,1.));
#2785 = DIRECTION('',(-1.,-1.110223024625E-16,0.));
#2786 = CYLINDRICAL_SURFACE('',#2787,0.375006350013);
#2787 = AXIS2_PLACEMENT_3D('',#2788,#2789,#2790);
#2788 = CARTESIAN_POINT('',(6.405552451105,42.900002540005,0.));
#2789 = DIRECTION('',(-0.,-0.,-1.));
#2790 = DIRECTION('',(-1.,-1.110223024625E-16,0.));
#2791 = ADVANCED_FACE('',(#2792),#2828,.F.);
#2792 = FACE_BOUND('',#2793,.T.);
#2793 = EDGE_LOOP('',(#2794,#2804,#2813,#2821));
#2794 = ORIENTED_EDGE('',*,*,#2795,.T.);
#2795 = EDGE_CURVE('',#2796,#2798,#2800,.T.);
#2796 = VERTEX_POINT('',#2797);
#2797 = CARTESIAN_POINT('',(6.780680721361,14.899946659893,0.));
#2798 = VERTEX_POINT('',#2799);
#2799 = CARTESIAN_POINT('',(6.780680721361,14.899946659893,
    1.538354076708));
#2800 = LINE('',#2801,#2802);
#2801 = CARTESIAN_POINT('',(6.780680721361,14.899946659893,0.));
#2802 = VECTOR('',#2803,1.);
#2803 = DIRECTION('',(0.,0.,1.));
#2804 = ORIENTED_EDGE('',*,*,#2805,.T.);
#2805 = EDGE_CURVE('',#2798,#2806,#2808,.T.);
#2806 = VERTEX_POINT('',#2807);
#2807 = CARTESIAN_POINT('',(6.030668021336,14.899946659893,
    1.538354076708));
#2808 = CIRCLE('',#2809,0.375006350013);
#2809 = AXIS2_PLACEMENT_3D('',#2810,#2811,#2812);
#2810 = CARTESIAN_POINT('',(6.405674371349,14.899946659893,
    1.538354076708));
#2811 = DIRECTION('',(0.,0.,1.));
#2812 = DIRECTION('',(1.,1.110223024625E-16,-0.));
#2813 = ORIENTED_EDGE('',*,*,#2814,.F.);
#2814 = EDGE_CURVE('',#2815,#2806,#2817,.T.);
#2815 = VERTEX_POINT('',#2816);
#2816 = CARTESIAN_POINT('',(6.030668021336,14.899946659893,0.));
#2817 = LINE('',#2818,#2819);
#2818 = CARTESIAN_POINT('',(6.030668021336,14.899946659893,0.));
#2819 = VECTOR('',#2820,1.);
#2820 = DIRECTION('',(0.,0.,1.));
#2821 = ORIENTED_EDGE('',*,*,#2822,.F.);
#2822 = EDGE_CURVE('',#2796,#2815,#2823,.T.);
#2823 = CIRCLE('',#2824,0.375006350013);
#2824 = AXIS2_PLACEMENT_3D('',#2825,#2826,#2827);
#2825 = CARTESIAN_POINT('',(6.405674371349,14.899946659893,0.));
#2826 = DIRECTION('',(0.,0.,1.));
#2827 = DIRECTION('',(1.,1.110223024625E-16,-0.));
#2828 = CYLINDRICAL_SURFACE('',#2829,0.375006350013);
#2829 = AXIS2_PLACEMENT_3D('',#2830,#2831,#2832);
#2830 = CARTESIAN_POINT('',(6.405674371349,14.899946659893,0.));
#2831 = DIRECTION('',(-0.,-0.,-1.));
#2832 = DIRECTION('',(1.,1.110223024625E-16,-0.));
#2833 = ADVANCED_FACE('',(#2834),#2852,.F.);
#2834 = FACE_BOUND('',#2835,.T.);
#2835 = EDGE_LOOP('',(#2836,#2837,#2844,#2845));
#2836 = ORIENTED_EDGE('',*,*,#2814,.T.);
#2837 = ORIENTED_EDGE('',*,*,#2838,.T.);
#2838 = EDGE_CURVE('',#2806,#2798,#2839,.T.);
#2839 = CIRCLE('',#2840,0.375006350013);
#2840 = AXIS2_PLACEMENT_3D('',#2841,#2842,#2843);
#2841 = CARTESIAN_POINT('',(6.405674371349,14.899946659893,
    1.538354076708));
#2842 = DIRECTION('',(0.,0.,1.));
#2843 = DIRECTION('',(-1.,-1.110223024625E-16,0.));
#2844 = ORIENTED_EDGE('',*,*,#2795,.F.);
#2845 = ORIENTED_EDGE('',*,*,#2846,.F.);
#2846 = EDGE_CURVE('',#2815,#2796,#2847,.T.);
#2847 = CIRCLE('',#2848,0.375006350013);
#2848 = AXIS2_PLACEMENT_3D('',#2849,#2850,#2851);
#2849 = CARTESIAN_POINT('',(6.405674371349,14.899946659893,0.));
#2850 = DIRECTION('',(0.,0.,1.));
#2851 = DIRECTION('',(-1.,-1.110223024625E-16,0.));
#2852 = CYLINDRICAL_SURFACE('',#2853,0.375006350013);
#2853 = AXIS2_PLACEMENT_3D('',#2854,#2855,#2856);
#2854 = CARTESIAN_POINT('',(6.405674371349,14.899946659893,0.));
#2855 = DIRECTION('',(-0.,-0.,-1.));
#2856 = DIRECTION('',(-1.,-1.110223024625E-16,0.));
#2857 = ADVANCED_FACE('',(#2858),#2894,.F.);
#2858 = FACE_BOUND('',#2859,.T.);
#2859 = EDGE_LOOP('',(#2860,#2870,#2879,#2887));
#2860 = ORIENTED_EDGE('',*,*,#2861,.T.);
#2861 = EDGE_CURVE('',#2862,#2864,#2866,.T.);
#2862 = VERTEX_POINT('',#2863);
#2863 = CARTESIAN_POINT('',(6.780680721361,9.100099060198,0.));
#2864 = VERTEX_POINT('',#2865);
#2865 = CARTESIAN_POINT('',(6.780680721361,9.100099060198,1.538354076708
    ));
#2866 = LINE('',#2867,#2868);
#2867 = CARTESIAN_POINT('',(6.780680721361,9.100099060198,0.));
#2868 = VECTOR('',#2869,1.);
#2869 = DIRECTION('',(0.,0.,1.));
#2870 = ORIENTED_EDGE('',*,*,#2871,.T.);
#2871 = EDGE_CURVE('',#2864,#2872,#2874,.T.);
#2872 = VERTEX_POINT('',#2873);
#2873 = CARTESIAN_POINT('',(6.030668021336,9.100099060198,1.538354076708
    ));
#2874 = CIRCLE('',#2875,0.375006350013);
#2875 = AXIS2_PLACEMENT_3D('',#2876,#2877,#2878);
#2876 = CARTESIAN_POINT('',(6.405674371349,9.100099060198,1.538354076708
    ));
#2877 = DIRECTION('',(0.,0.,1.));
#2878 = DIRECTION('',(1.,1.110223024625E-16,-0.));
#2879 = ORIENTED_EDGE('',*,*,#2880,.F.);
#2880 = EDGE_CURVE('',#2881,#2872,#2883,.T.);
#2881 = VERTEX_POINT('',#2882);
#2882 = CARTESIAN_POINT('',(6.030668021336,9.100099060198,0.));
#2883 = LINE('',#2884,#2885);
#2884 = CARTESIAN_POINT('',(6.030668021336,9.100099060198,0.));
#2885 = VECTOR('',#2886,1.);
#2886 = DIRECTION('',(0.,0.,1.));
#2887 = ORIENTED_EDGE('',*,*,#2888,.F.);
#2888 = EDGE_CURVE('',#2862,#2881,#2889,.T.);
#2889 = CIRCLE('',#2890,0.375006350013);
#2890 = AXIS2_PLACEMENT_3D('',#2891,#2892,#2893);
#2891 = CARTESIAN_POINT('',(6.405674371349,9.100099060198,0.));
#2892 = DIRECTION('',(0.,0.,1.));
#2893 = DIRECTION('',(1.,1.110223024625E-16,-0.));
#2894 = CYLINDRICAL_SURFACE('',#2895,0.375006350013);
#2895 = AXIS2_PLACEMENT_3D('',#2896,#2897,#2898);
#2896 = CARTESIAN_POINT('',(6.405674371349,9.100099060198,0.));
#2897 = DIRECTION('',(-0.,-0.,-1.));
#2898 = DIRECTION('',(1.,1.110223024625E-16,-0.));
#2899 = ADVANCED_FACE('',(#2900),#2918,.F.);
#2900 = FACE_BOUND('',#2901,.T.);
#2901 = EDGE_LOOP('',(#2902,#2903,#2910,#2911));
#2902 = ORIENTED_EDGE('',*,*,#2880,.T.);
#2903 = ORIENTED_EDGE('',*,*,#2904,.T.);
#2904 = EDGE_CURVE('',#2872,#2864,#2905,.T.);
#2905 = CIRCLE('',#2906,0.375006350013);
#2906 = AXIS2_PLACEMENT_3D('',#2907,#2908,#2909);
#2907 = CARTESIAN_POINT('',(6.405674371349,9.100099060198,1.538354076708
    ));
#2908 = DIRECTION('',(0.,0.,1.));
#2909 = DIRECTION('',(-1.,-1.110223024625E-16,0.));
#2910 = ORIENTED_EDGE('',*,*,#2861,.F.);
#2911 = ORIENTED_EDGE('',*,*,#2912,.F.);
#2912 = EDGE_CURVE('',#2881,#2862,#2913,.T.);
#2913 = CIRCLE('',#2914,0.375006350013);
#2914 = AXIS2_PLACEMENT_3D('',#2915,#2916,#2917);
#2915 = CARTESIAN_POINT('',(6.405674371349,9.100099060198,0.));
#2916 = DIRECTION('',(0.,0.,1.));
#2917 = DIRECTION('',(-1.,-1.110223024625E-16,0.));
#2918 = CYLINDRICAL_SURFACE('',#2919,0.375006350013);
#2919 = AXIS2_PLACEMENT_3D('',#2920,#2921,#2922);
#2920 = CARTESIAN_POINT('',(6.405674371349,9.100099060198,0.));
#2921 = DIRECTION('',(-0.,-0.,-1.));
#2922 = DIRECTION('',(-1.,-1.110223024625E-16,0.));
#2923 = ADVANCED_FACE('',(#2924),#2958,.T.);
#2924 = FACE_BOUND('',#2925,.T.);
#2925 = EDGE_LOOP('',(#2926,#2936,#2944,#2952));
#2926 = ORIENTED_EDGE('',*,*,#2927,.T.);
#2927 = EDGE_CURVE('',#2928,#2930,#2932,.T.);
#2928 = VERTEX_POINT('',#2929);
#2929 = CARTESIAN_POINT('',(7.305692151384,30.725171450343,0.));
#2930 = VERTEX_POINT('',#2931);
#2931 = CARTESIAN_POINT('',(7.305692151384,30.725171450343,
    1.538354076708));
#2932 = LINE('',#2933,#2934);
#2933 = CARTESIAN_POINT('',(7.305692151384,30.725171450343,0.));
#2934 = VECTOR('',#2935,1.);
#2935 = DIRECTION('',(0.,0.,1.));
#2936 = ORIENTED_EDGE('',*,*,#2937,.T.);
#2937 = EDGE_CURVE('',#2930,#2938,#2940,.T.);
#2938 = VERTEX_POINT('',#2939);
#2939 = CARTESIAN_POINT('',(6.505666751334,30.725171450343,
    1.538354076708));
#2940 = LINE('',#2941,#2942);
#2941 = CARTESIAN_POINT('',(7.305692151384,30.725171450343,
    1.538354076708));
#2942 = VECTOR('',#2943,1.);
#2943 = DIRECTION('',(-1.,0.,0.));
#2944 = ORIENTED_EDGE('',*,*,#2945,.F.);
#2945 = EDGE_CURVE('',#2946,#2938,#2948,.T.);
#2946 = VERTEX_POINT('',#2947);
#2947 = CARTESIAN_POINT('',(6.505666751334,30.725171450343,0.));
#2948 = LINE('',#2949,#2950);
#2949 = CARTESIAN_POINT('',(6.505666751334,30.725171450343,0.));
#2950 = VECTOR('',#2951,1.);
#2951 = DIRECTION('',(0.,0.,1.));
#2952 = ORIENTED_EDGE('',*,*,#2953,.F.);
#2953 = EDGE_CURVE('',#2928,#2946,#2954,.T.);
#2954 = LINE('',#2955,#2956);
#2955 = CARTESIAN_POINT('',(7.305692151384,30.725171450343,0.));
#2956 = VECTOR('',#2957,1.);
#2957 = DIRECTION('',(-1.,0.,0.));
#2958 = PLANE('',#2959);
#2959 = AXIS2_PLACEMENT_3D('',#2960,#2961,#2962);
#2960 = CARTESIAN_POINT('',(7.305692151384,30.725171450343,0.));
#2961 = DIRECTION('',(0.,-1.,0.));
#2962 = DIRECTION('',(-1.,0.,0.));
#2963 = ADVANCED_FACE('',(#2964),#2991,.F.);
#2964 = FACE_BOUND('',#2965,.T.);
#2965 = EDGE_LOOP('',(#2966,#2967,#2976,#2984));
#2966 = ORIENTED_EDGE('',*,*,#2945,.T.);
#2967 = ORIENTED_EDGE('',*,*,#2968,.T.);
#2968 = EDGE_CURVE('',#2938,#2969,#2971,.T.);
#2969 = VERTEX_POINT('',#2970);
#2970 = CARTESIAN_POINT('',(6.505666751334,29.925171450343,
    1.538354076708));
#2971 = CIRCLE('',#2972,0.4);
#2972 = AXIS2_PLACEMENT_3D('',#2973,#2974,#2975);
#2973 = CARTESIAN_POINT('',(6.505666751334,30.325171450343,
    1.538354076708));
#2974 = DIRECTION('',(0.,0.,1.));
#2975 = DIRECTION('',(-1.110223024625E-16,1.,0.));
#2976 = ORIENTED_EDGE('',*,*,#2977,.F.);
#2977 = EDGE_CURVE('',#2978,#2969,#2980,.T.);
#2978 = VERTEX_POINT('',#2979);
#2979 = CARTESIAN_POINT('',(6.505666751334,29.925171450343,0.));
#2980 = LINE('',#2981,#2982);
#2981 = CARTESIAN_POINT('',(6.505666751334,29.925171450343,0.));
#2982 = VECTOR('',#2983,1.);
#2983 = DIRECTION('',(0.,0.,1.));
#2984 = ORIENTED_EDGE('',*,*,#2985,.F.);
#2985 = EDGE_CURVE('',#2946,#2978,#2986,.T.);
#2986 = CIRCLE('',#2987,0.4);
#2987 = AXIS2_PLACEMENT_3D('',#2988,#2989,#2990);
#2988 = CARTESIAN_POINT('',(6.505666751334,30.325171450343,0.));
#2989 = DIRECTION('',(0.,0.,1.));
#2990 = DIRECTION('',(-1.110223024625E-16,1.,0.));
#2991 = CYLINDRICAL_SURFACE('',#2992,0.4);
#2992 = AXIS2_PLACEMENT_3D('',#2993,#2994,#2995);
#2993 = CARTESIAN_POINT('',(6.505666751334,30.325171450343,0.));
#2994 = DIRECTION('',(-0.,-0.,-1.));
#2995 = DIRECTION('',(-1.110223024625E-16,1.,0.));
#2996 = ADVANCED_FACE('',(#2997),#3022,.T.);
#2997 = FACE_BOUND('',#2998,.T.);
#2998 = EDGE_LOOP('',(#2999,#3000,#3008,#3016));
#2999 = ORIENTED_EDGE('',*,*,#2977,.T.);
#3000 = ORIENTED_EDGE('',*,*,#3001,.T.);
#3001 = EDGE_CURVE('',#2969,#3002,#3004,.T.);
#3002 = VERTEX_POINT('',#3003);
#3003 = CARTESIAN_POINT('',(7.305692151384,29.925171450343,
    1.538354076708));
#3004 = LINE('',#3005,#3006);
#3005 = CARTESIAN_POINT('',(6.505666751334,29.925171450343,
    1.538354076708));
#3006 = VECTOR('',#3007,1.);
#3007 = DIRECTION('',(1.,0.,0.));
#3008 = ORIENTED_EDGE('',*,*,#3009,.F.);
#3009 = EDGE_CURVE('',#3010,#3002,#3012,.T.);
#3010 = VERTEX_POINT('',#3011);
#3011 = CARTESIAN_POINT('',(7.305692151384,29.925171450343,0.));
#3012 = LINE('',#3013,#3014);
#3013 = CARTESIAN_POINT('',(7.305692151384,29.925171450343,0.));
#3014 = VECTOR('',#3015,1.);
#3015 = DIRECTION('',(0.,0.,1.));
#3016 = ORIENTED_EDGE('',*,*,#3017,.F.);
#3017 = EDGE_CURVE('',#2978,#3010,#3018,.T.);
#3018 = LINE('',#3019,#3020);
#3019 = CARTESIAN_POINT('',(6.505666751334,29.925171450343,0.));
#3020 = VECTOR('',#3021,1.);
#3021 = DIRECTION('',(1.,0.,0.));
#3022 = PLANE('',#3023);
#3023 = AXIS2_PLACEMENT_3D('',#3024,#3025,#3026);
#3024 = CARTESIAN_POINT('',(6.505666751334,29.925171450343,0.));
#3025 = DIRECTION('',(0.,1.,0.));
#3026 = DIRECTION('',(1.,0.,0.));
#3027 = ADVANCED_FACE('',(#3028),#3046,.F.);
#3028 = FACE_BOUND('',#3029,.T.);
#3029 = EDGE_LOOP('',(#3030,#3031,#3038,#3039));
#3030 = ORIENTED_EDGE('',*,*,#3009,.T.);
#3031 = ORIENTED_EDGE('',*,*,#3032,.T.);
#3032 = EDGE_CURVE('',#3002,#2930,#3033,.T.);
#3033 = CIRCLE('',#3034,0.4);
#3034 = AXIS2_PLACEMENT_3D('',#3035,#3036,#3037);
#3035 = CARTESIAN_POINT('',(7.305692151384,30.325171450343,
    1.538354076708));
#3036 = DIRECTION('',(0.,0.,1.));
#3037 = DIRECTION('',(1.110223024625E-16,-1.,0.));
#3038 = ORIENTED_EDGE('',*,*,#2927,.F.);
#3039 = ORIENTED_EDGE('',*,*,#3040,.F.);
#3040 = EDGE_CURVE('',#3010,#2928,#3041,.T.);
#3041 = CIRCLE('',#3042,0.4);
#3042 = AXIS2_PLACEMENT_3D('',#3043,#3044,#3045);
#3043 = CARTESIAN_POINT('',(7.305692151384,30.325171450343,0.));
#3044 = DIRECTION('',(0.,0.,1.));
#3045 = DIRECTION('',(1.110223024625E-16,-1.,0.));
#3046 = CYLINDRICAL_SURFACE('',#3047,0.4);
#3047 = AXIS2_PLACEMENT_3D('',#3048,#3049,#3050);
#3048 = CARTESIAN_POINT('',(7.305692151384,30.325171450343,0.));
#3049 = DIRECTION('',(-0.,-0.,-1.));
#3050 = DIRECTION('',(1.110223024625E-16,-1.,0.));
#3051 = ADVANCED_FACE('',(#3052),#3086,.T.);
#3052 = FACE_BOUND('',#3053,.T.);
#3053 = EDGE_LOOP('',(#3054,#3064,#3072,#3080));
#3054 = ORIENTED_EDGE('',*,*,#3055,.T.);
#3055 = EDGE_CURVE('',#3056,#3058,#3060,.T.);
#3056 = VERTEX_POINT('',#3057);
#3057 = CARTESIAN_POINT('',(7.305692151384,44.725199390399,0.));
#3058 = VERTEX_POINT('',#3059);
#3059 = CARTESIAN_POINT('',(7.305692151384,44.725199390399,
    1.538354076708));
#3060 = LINE('',#3061,#3062);
#3061 = CARTESIAN_POINT('',(7.305692151384,44.725199390399,0.));
#3062 = VECTOR('',#3063,1.);
#3063 = DIRECTION('',(0.,0.,1.));
#3064 = ORIENTED_EDGE('',*,*,#3065,.T.);
#3065 = EDGE_CURVE('',#3058,#3066,#3068,.T.);
#3066 = VERTEX_POINT('',#3067);
#3067 = CARTESIAN_POINT('',(6.505666751334,44.725199390399,
    1.538354076708));
#3068 = LINE('',#3069,#3070);
#3069 = CARTESIAN_POINT('',(7.305692151384,44.725199390399,
    1.538354076708));
#3070 = VECTOR('',#3071,1.);
#3071 = DIRECTION('',(-1.,0.,0.));
#3072 = ORIENTED_EDGE('',*,*,#3073,.F.);
#3073 = EDGE_CURVE('',#3074,#3066,#3076,.T.);
#3074 = VERTEX_POINT('',#3075);
#3075 = CARTESIAN_POINT('',(6.505666751334,44.725199390399,0.));
#3076 = LINE('',#3077,#3078);
#3077 = CARTESIAN_POINT('',(6.505666751334,44.725199390399,0.));
#3078 = VECTOR('',#3079,1.);
#3079 = DIRECTION('',(0.,0.,1.));
#3080 = ORIENTED_EDGE('',*,*,#3081,.F.);
#3081 = EDGE_CURVE('',#3056,#3074,#3082,.T.);
#3082 = LINE('',#3083,#3084);
#3083 = CARTESIAN_POINT('',(7.305692151384,44.725199390399,0.));
#3084 = VECTOR('',#3085,1.);
#3085 = DIRECTION('',(-1.,0.,0.));
#3086 = PLANE('',#3087);
#3087 = AXIS2_PLACEMENT_3D('',#3088,#3089,#3090);
#3088 = CARTESIAN_POINT('',(7.305692151384,44.725199390399,0.));
#3089 = DIRECTION('',(0.,-1.,0.));
#3090 = DIRECTION('',(-1.,0.,0.));
#3091 = ADVANCED_FACE('',(#3092),#3119,.F.);
#3092 = FACE_BOUND('',#3093,.T.);
#3093 = EDGE_LOOP('',(#3094,#3095,#3104,#3112));
#3094 = ORIENTED_EDGE('',*,*,#3073,.T.);
#3095 = ORIENTED_EDGE('',*,*,#3096,.T.);
#3096 = EDGE_CURVE('',#3066,#3097,#3099,.T.);
#3097 = VERTEX_POINT('',#3098);
#3098 = CARTESIAN_POINT('',(6.505666751334,43.925199390399,
    1.538354076708));
#3099 = CIRCLE('',#3100,0.4);
#3100 = AXIS2_PLACEMENT_3D('',#3101,#3102,#3103);
#3101 = CARTESIAN_POINT('',(6.505666751334,44.325199390399,
    1.538354076708));
#3102 = DIRECTION('',(0.,0.,1.));
#3103 = DIRECTION('',(-1.110223024625E-16,1.,0.));
#3104 = ORIENTED_EDGE('',*,*,#3105,.F.);
#3105 = EDGE_CURVE('',#3106,#3097,#3108,.T.);
#3106 = VERTEX_POINT('',#3107);
#3107 = CARTESIAN_POINT('',(6.505666751334,43.925199390399,0.));
#3108 = LINE('',#3109,#3110);
#3109 = CARTESIAN_POINT('',(6.505666751334,43.925199390399,0.));
#3110 = VECTOR('',#3111,1.);
#3111 = DIRECTION('',(0.,0.,1.));
#3112 = ORIENTED_EDGE('',*,*,#3113,.F.);
#3113 = EDGE_CURVE('',#3074,#3106,#3114,.T.);
#3114 = CIRCLE('',#3115,0.4);
#3115 = AXIS2_PLACEMENT_3D('',#3116,#3117,#3118);
#3116 = CARTESIAN_POINT('',(6.505666751334,44.325199390399,0.));
#3117 = DIRECTION('',(0.,0.,1.));
#3118 = DIRECTION('',(-1.110223024625E-16,1.,0.));
#3119 = CYLINDRICAL_SURFACE('',#3120,0.4);
#3120 = AXIS2_PLACEMENT_3D('',#3121,#3122,#3123);
#3121 = CARTESIAN_POINT('',(6.505666751334,44.325199390399,0.));
#3122 = DIRECTION('',(-0.,-0.,-1.));
#3123 = DIRECTION('',(-1.110223024625E-16,1.,0.));
#3124 = ADVANCED_FACE('',(#3125),#3150,.T.);
#3125 = FACE_BOUND('',#3126,.T.);
#3126 = EDGE_LOOP('',(#3127,#3128,#3136,#3144));
#3127 = ORIENTED_EDGE('',*,*,#3105,.T.);
#3128 = ORIENTED_EDGE('',*,*,#3129,.T.);
#3129 = EDGE_CURVE('',#3097,#3130,#3132,.T.);
#3130 = VERTEX_POINT('',#3131);
#3131 = CARTESIAN_POINT('',(7.305692151384,43.925199390399,
    1.538354076708));
#3132 = LINE('',#3133,#3134);
#3133 = CARTESIAN_POINT('',(6.505666751334,43.925199390399,
    1.538354076708));
#3134 = VECTOR('',#3135,1.);
#3135 = DIRECTION('',(1.,0.,0.));
#3136 = ORIENTED_EDGE('',*,*,#3137,.F.);
#3137 = EDGE_CURVE('',#3138,#3130,#3140,.T.);
#3138 = VERTEX_POINT('',#3139);
#3139 = CARTESIAN_POINT('',(7.305692151384,43.925199390399,0.));
#3140 = LINE('',#3141,#3142);
#3141 = CARTESIAN_POINT('',(7.305692151384,43.925199390399,0.));
#3142 = VECTOR('',#3143,1.);
#3143 = DIRECTION('',(0.,0.,1.));
#3144 = ORIENTED_EDGE('',*,*,#3145,.F.);
#3145 = EDGE_CURVE('',#3106,#3138,#3146,.T.);
#3146 = LINE('',#3147,#3148);
#3147 = CARTESIAN_POINT('',(6.505666751334,43.925199390399,0.));
#3148 = VECTOR('',#3149,1.);
#3149 = DIRECTION('',(1.,0.,0.));
#3150 = PLANE('',#3151);
#3151 = AXIS2_PLACEMENT_3D('',#3152,#3153,#3154);
#3152 = CARTESIAN_POINT('',(6.505666751334,43.925199390399,0.));
#3153 = DIRECTION('',(0.,1.,0.));
#3154 = DIRECTION('',(1.,0.,0.));
#3155 = ADVANCED_FACE('',(#3156),#3174,.F.);
#3156 = FACE_BOUND('',#3157,.T.);
#3157 = EDGE_LOOP('',(#3158,#3159,#3166,#3167));
#3158 = ORIENTED_EDGE('',*,*,#3137,.T.);
#3159 = ORIENTED_EDGE('',*,*,#3160,.T.);
#3160 = EDGE_CURVE('',#3130,#3058,#3161,.T.);
#3161 = CIRCLE('',#3162,0.4);
#3162 = AXIS2_PLACEMENT_3D('',#3163,#3164,#3165);
#3163 = CARTESIAN_POINT('',(7.305692151384,44.325199390399,
    1.538354076708));
#3164 = DIRECTION('',(0.,0.,1.));
#3165 = DIRECTION('',(1.110223024625E-16,-1.,0.));
#3166 = ORIENTED_EDGE('',*,*,#3055,.F.);
#3167 = ORIENTED_EDGE('',*,*,#3168,.F.);
#3168 = EDGE_CURVE('',#3138,#3056,#3169,.T.);
#3169 = CIRCLE('',#3170,0.4);
#3170 = AXIS2_PLACEMENT_3D('',#3171,#3172,#3173);
#3171 = CARTESIAN_POINT('',(7.305692151384,44.325199390399,0.));
#3172 = DIRECTION('',(0.,0.,1.));
#3173 = DIRECTION('',(1.110223024625E-16,-1.,0.));
#3174 = CYLINDRICAL_SURFACE('',#3175,0.4);
#3175 = AXIS2_PLACEMENT_3D('',#3176,#3177,#3178);
#3176 = CARTESIAN_POINT('',(7.305692151384,44.325199390399,0.));
#3177 = DIRECTION('',(-0.,-0.,-1.));
#3178 = DIRECTION('',(1.110223024625E-16,-1.,0.));
#3179 = ADVANCED_FACE('',(#3180),#3214,.T.);
#3180 = FACE_BOUND('',#3181,.T.);
#3181 = EDGE_LOOP('',(#3182,#3192,#3200,#3208));
#3182 = ORIENTED_EDGE('',*,*,#3183,.T.);
#3183 = EDGE_CURVE('',#3184,#3186,#3188,.T.);
#3184 = VERTEX_POINT('',#3185);
#3185 = CARTESIAN_POINT('',(7.305666751334,36.074958089916,0.));
#3186 = VERTEX_POINT('',#3187);
#3187 = CARTESIAN_POINT('',(7.305666751334,36.074958089916,
    1.538354076708));
#3188 = LINE('',#3189,#3190);
#3189 = CARTESIAN_POINT('',(7.305666751334,36.074958089916,0.));
#3190 = VECTOR('',#3191,1.);
#3191 = DIRECTION('',(0.,0.,1.));
#3192 = ORIENTED_EDGE('',*,*,#3193,.T.);
#3193 = EDGE_CURVE('',#3186,#3194,#3196,.T.);
#3194 = VERTEX_POINT('',#3195);
#3195 = CARTESIAN_POINT('',(6.505692151384,36.074958089916,
    1.538354076708));
#3196 = LINE('',#3197,#3198);
#3197 = CARTESIAN_POINT('',(7.305666751334,36.074958089916,
    1.538354076708));
#3198 = VECTOR('',#3199,1.);
#3199 = DIRECTION('',(-1.,0.,0.));
#3200 = ORIENTED_EDGE('',*,*,#3201,.F.);
#3201 = EDGE_CURVE('',#3202,#3194,#3204,.T.);
#3202 = VERTEX_POINT('',#3203);
#3203 = CARTESIAN_POINT('',(6.505692151384,36.074958089916,0.));
#3204 = LINE('',#3205,#3206);
#3205 = CARTESIAN_POINT('',(6.505692151384,36.074958089916,0.));
#3206 = VECTOR('',#3207,1.);
#3207 = DIRECTION('',(0.,0.,1.));
#3208 = ORIENTED_EDGE('',*,*,#3209,.F.);
#3209 = EDGE_CURVE('',#3184,#3202,#3210,.T.);
#3210 = LINE('',#3211,#3212);
#3211 = CARTESIAN_POINT('',(7.305666751334,36.074958089916,0.));
#3212 = VECTOR('',#3213,1.);
#3213 = DIRECTION('',(-1.,0.,0.));
#3214 = PLANE('',#3215);
#3215 = AXIS2_PLACEMENT_3D('',#3216,#3217,#3218);
#3216 = CARTESIAN_POINT('',(7.305666751334,36.074958089916,0.));
#3217 = DIRECTION('',(0.,-1.,0.));
#3218 = DIRECTION('',(-1.,0.,0.));
#3219 = ADVANCED_FACE('',(#3220),#3247,.F.);
#3220 = FACE_BOUND('',#3221,.T.);
#3221 = EDGE_LOOP('',(#3222,#3223,#3232,#3240));
#3222 = ORIENTED_EDGE('',*,*,#3201,.T.);
#3223 = ORIENTED_EDGE('',*,*,#3224,.T.);
#3224 = EDGE_CURVE('',#3194,#3225,#3227,.T.);
#3225 = VERTEX_POINT('',#3226);
#3226 = CARTESIAN_POINT('',(6.505692151384,35.274958089916,
    1.538354076708));
#3227 = CIRCLE('',#3228,0.4);
#3228 = AXIS2_PLACEMENT_3D('',#3229,#3230,#3231);
#3229 = CARTESIAN_POINT('',(6.505692151384,35.674958089916,
    1.538354076708));
#3230 = DIRECTION('',(0.,0.,1.));
#3231 = DIRECTION('',(-1.110223024625E-16,1.,0.));
#3232 = ORIENTED_EDGE('',*,*,#3233,.F.);
#3233 = EDGE_CURVE('',#3234,#3225,#3236,.T.);
#3234 = VERTEX_POINT('',#3235);
#3235 = CARTESIAN_POINT('',(6.505692151384,35.274958089916,0.));
#3236 = LINE('',#3237,#3238);
#3237 = CARTESIAN_POINT('',(6.505692151384,35.274958089916,0.));
#3238 = VECTOR('',#3239,1.);
#3239 = DIRECTION('',(0.,0.,1.));
#3240 = ORIENTED_EDGE('',*,*,#3241,.F.);
#3241 = EDGE_CURVE('',#3202,#3234,#3242,.T.);
#3242 = CIRCLE('',#3243,0.4);
#3243 = AXIS2_PLACEMENT_3D('',#3244,#3245,#3246);
#3244 = CARTESIAN_POINT('',(6.505692151384,35.674958089916,0.));
#3245 = DIRECTION('',(0.,0.,1.));
#3246 = DIRECTION('',(-1.110223024625E-16,1.,0.));
#3247 = CYLINDRICAL_SURFACE('',#3248,0.4);
#3248 = AXIS2_PLACEMENT_3D('',#3249,#3250,#3251);
#3249 = CARTESIAN_POINT('',(6.505692151384,35.674958089916,0.));
#3250 = DIRECTION('',(-0.,-0.,-1.));
#3251 = DIRECTION('',(-1.110223024625E-16,1.,0.));
#3252 = ADVANCED_FACE('',(#3253),#3278,.T.);
#3253 = FACE_BOUND('',#3254,.T.);
#3254 = EDGE_LOOP('',(#3255,#3256,#3264,#3272));
#3255 = ORIENTED_EDGE('',*,*,#3233,.T.);
#3256 = ORIENTED_EDGE('',*,*,#3257,.T.);
#3257 = EDGE_CURVE('',#3225,#3258,#3260,.T.);
#3258 = VERTEX_POINT('',#3259);
#3259 = CARTESIAN_POINT('',(7.305666751334,35.274958089916,
    1.538354076708));
#3260 = LINE('',#3261,#3262);
#3261 = CARTESIAN_POINT('',(6.505692151384,35.274958089916,
    1.538354076708));
#3262 = VECTOR('',#3263,1.);
#3263 = DIRECTION('',(1.,-8.882066203167E-15,0.));
#3264 = ORIENTED_EDGE('',*,*,#3265,.F.);
#3265 = EDGE_CURVE('',#3266,#3258,#3268,.T.);
#3266 = VERTEX_POINT('',#3267);
#3267 = CARTESIAN_POINT('',(7.305666751334,35.274958089916,0.));
#3268 = LINE('',#3269,#3270);
#3269 = CARTESIAN_POINT('',(7.305666751334,35.274958089916,0.));
#3270 = VECTOR('',#3271,1.);
#3271 = DIRECTION('',(0.,0.,1.));
#3272 = ORIENTED_EDGE('',*,*,#3273,.F.);
#3273 = EDGE_CURVE('',#3234,#3266,#3274,.T.);
#3274 = LINE('',#3275,#3276);
#3275 = CARTESIAN_POINT('',(6.505692151384,35.274958089916,0.));
#3276 = VECTOR('',#3277,1.);
#3277 = DIRECTION('',(1.,-8.882066203167E-15,0.));
#3278 = PLANE('',#3279);
#3279 = AXIS2_PLACEMENT_3D('',#3280,#3281,#3282);
#3280 = CARTESIAN_POINT('',(6.505692151384,35.274958089916,0.));
#3281 = DIRECTION('',(8.882066203167E-15,1.,-0.));
#3282 = DIRECTION('',(1.,-8.882066203167E-15,0.));
#3283 = ADVANCED_FACE('',(#3284),#3302,.F.);
#3284 = FACE_BOUND('',#3285,.T.);
#3285 = EDGE_LOOP('',(#3286,#3287,#3294,#3295));
#3286 = ORIENTED_EDGE('',*,*,#3265,.T.);
#3287 = ORIENTED_EDGE('',*,*,#3288,.T.);
#3288 = EDGE_CURVE('',#3258,#3186,#3289,.T.);
#3289 = CIRCLE('',#3290,0.4);
#3290 = AXIS2_PLACEMENT_3D('',#3291,#3292,#3293);
#3291 = CARTESIAN_POINT('',(7.305666751334,35.674958089916,
    1.538354076708));
#3292 = DIRECTION('',(0.,0.,1.));
#3293 = DIRECTION('',(1.110223024625E-16,-1.,0.));
#3294 = ORIENTED_EDGE('',*,*,#3183,.F.);
#3295 = ORIENTED_EDGE('',*,*,#3296,.F.);
#3296 = EDGE_CURVE('',#3266,#3184,#3297,.T.);
#3297 = CIRCLE('',#3298,0.4);
#3298 = AXIS2_PLACEMENT_3D('',#3299,#3300,#3301);
#3299 = CARTESIAN_POINT('',(7.305666751334,35.674958089916,0.));
#3300 = DIRECTION('',(0.,0.,1.));
#3301 = DIRECTION('',(1.110223024625E-16,-1.,0.));
#3302 = CYLINDRICAL_SURFACE('',#3303,0.4);
#3303 = AXIS2_PLACEMENT_3D('',#3304,#3305,#3306);
#3304 = CARTESIAN_POINT('',(7.305666751334,35.674958089916,0.));
#3305 = DIRECTION('',(-0.,-0.,-1.));
#3306 = DIRECTION('',(1.110223024625E-16,-1.,0.));
#3307 = ADVANCED_FACE('',(#3308),#3342,.T.);
#3308 = FACE_BOUND('',#3309,.T.);
#3309 = EDGE_LOOP('',(#3310,#3320,#3328,#3336));
#3310 = ORIENTED_EDGE('',*,*,#3311,.T.);
#3311 = EDGE_CURVE('',#3312,#3314,#3316,.T.);
#3312 = VERTEX_POINT('',#3313);
#3313 = CARTESIAN_POINT('',(7.305666751334,22.07493014986,0.));
#3314 = VERTEX_POINT('',#3315);
#3315 = CARTESIAN_POINT('',(7.305666751334,22.07493014986,1.538354076708
    ));
#3316 = LINE('',#3317,#3318);
#3317 = CARTESIAN_POINT('',(7.305666751334,22.07493014986,0.));
#3318 = VECTOR('',#3319,1.);
#3319 = DIRECTION('',(0.,0.,1.));
#3320 = ORIENTED_EDGE('',*,*,#3321,.T.);
#3321 = EDGE_CURVE('',#3314,#3322,#3324,.T.);
#3322 = VERTEX_POINT('',#3323);
#3323 = CARTESIAN_POINT('',(6.505692151384,22.07493014986,1.538354076708
    ));
#3324 = LINE('',#3325,#3326);
#3325 = CARTESIAN_POINT('',(7.305666751334,22.07493014986,1.538354076708
    ));
#3326 = VECTOR('',#3327,1.);
#3327 = DIRECTION('',(-1.,0.,0.));
#3328 = ORIENTED_EDGE('',*,*,#3329,.F.);
#3329 = EDGE_CURVE('',#3330,#3322,#3332,.T.);
#3330 = VERTEX_POINT('',#3331);
#3331 = CARTESIAN_POINT('',(6.505692151384,22.07493014986,0.));
#3332 = LINE('',#3333,#3334);
#3333 = CARTESIAN_POINT('',(6.505692151384,22.07493014986,0.));
#3334 = VECTOR('',#3335,1.);
#3335 = DIRECTION('',(0.,0.,1.));
#3336 = ORIENTED_EDGE('',*,*,#3337,.F.);
#3337 = EDGE_CURVE('',#3312,#3330,#3338,.T.);
#3338 = LINE('',#3339,#3340);
#3339 = CARTESIAN_POINT('',(7.305666751334,22.07493014986,0.));
#3340 = VECTOR('',#3341,1.);
#3341 = DIRECTION('',(-1.,0.,0.));
#3342 = PLANE('',#3343);
#3343 = AXIS2_PLACEMENT_3D('',#3344,#3345,#3346);
#3344 = CARTESIAN_POINT('',(7.305666751334,22.07493014986,0.));
#3345 = DIRECTION('',(0.,-1.,0.));
#3346 = DIRECTION('',(-1.,0.,0.));
#3347 = ADVANCED_FACE('',(#3348),#3375,.F.);
#3348 = FACE_BOUND('',#3349,.T.);
#3349 = EDGE_LOOP('',(#3350,#3351,#3360,#3368));
#3350 = ORIENTED_EDGE('',*,*,#3329,.T.);
#3351 = ORIENTED_EDGE('',*,*,#3352,.T.);
#3352 = EDGE_CURVE('',#3322,#3353,#3355,.T.);
#3353 = VERTEX_POINT('',#3354);
#3354 = CARTESIAN_POINT('',(6.505692151384,21.27493014986,1.538354076708
    ));
#3355 = CIRCLE('',#3356,0.4);
#3356 = AXIS2_PLACEMENT_3D('',#3357,#3358,#3359);
#3357 = CARTESIAN_POINT('',(6.505692151384,21.67493014986,1.538354076708
    ));
#3358 = DIRECTION('',(0.,0.,1.));
#3359 = DIRECTION('',(-1.110223024625E-16,1.,0.));
#3360 = ORIENTED_EDGE('',*,*,#3361,.F.);
#3361 = EDGE_CURVE('',#3362,#3353,#3364,.T.);
#3362 = VERTEX_POINT('',#3363);
#3363 = CARTESIAN_POINT('',(6.505692151384,21.27493014986,0.));
#3364 = LINE('',#3365,#3366);
#3365 = CARTESIAN_POINT('',(6.505692151384,21.27493014986,0.));
#3366 = VECTOR('',#3367,1.);
#3367 = DIRECTION('',(0.,0.,1.));
#3368 = ORIENTED_EDGE('',*,*,#3369,.F.);
#3369 = EDGE_CURVE('',#3330,#3362,#3370,.T.);
#3370 = CIRCLE('',#3371,0.4);
#3371 = AXIS2_PLACEMENT_3D('',#3372,#3373,#3374);
#3372 = CARTESIAN_POINT('',(6.505692151384,21.67493014986,0.));
#3373 = DIRECTION('',(0.,0.,1.));
#3374 = DIRECTION('',(-1.110223024625E-16,1.,0.));
#3375 = CYLINDRICAL_SURFACE('',#3376,0.4);
#3376 = AXIS2_PLACEMENT_3D('',#3377,#3378,#3379);
#3377 = CARTESIAN_POINT('',(6.505692151384,21.67493014986,0.));
#3378 = DIRECTION('',(-0.,-0.,-1.));
#3379 = DIRECTION('',(-1.110223024625E-16,1.,0.));
#3380 = ADVANCED_FACE('',(#3381),#3406,.T.);
#3381 = FACE_BOUND('',#3382,.T.);
#3382 = EDGE_LOOP('',(#3383,#3384,#3392,#3400));
#3383 = ORIENTED_EDGE('',*,*,#3361,.T.);
#3384 = ORIENTED_EDGE('',*,*,#3385,.T.);
#3385 = EDGE_CURVE('',#3353,#3386,#3388,.T.);
#3386 = VERTEX_POINT('',#3387);
#3387 = CARTESIAN_POINT('',(7.305666751334,21.27493014986,1.538354076708
    ));
#3388 = LINE('',#3389,#3390);
#3389 = CARTESIAN_POINT('',(6.505692151384,21.27493014986,1.538354076708
    ));
#3390 = VECTOR('',#3391,1.);
#3391 = DIRECTION('',(1.,0.,0.));
#3392 = ORIENTED_EDGE('',*,*,#3393,.F.);
#3393 = EDGE_CURVE('',#3394,#3386,#3396,.T.);
#3394 = VERTEX_POINT('',#3395);
#3395 = CARTESIAN_POINT('',(7.305666751334,21.27493014986,0.));
#3396 = LINE('',#3397,#3398);
#3397 = CARTESIAN_POINT('',(7.305666751334,21.27493014986,0.));
#3398 = VECTOR('',#3399,1.);
#3399 = DIRECTION('',(0.,0.,1.));
#3400 = ORIENTED_EDGE('',*,*,#3401,.F.);
#3401 = EDGE_CURVE('',#3362,#3394,#3402,.T.);
#3402 = LINE('',#3403,#3404);
#3403 = CARTESIAN_POINT('',(6.505692151384,21.27493014986,0.));
#3404 = VECTOR('',#3405,1.);
#3405 = DIRECTION('',(1.,0.,0.));
#3406 = PLANE('',#3407);
#3407 = AXIS2_PLACEMENT_3D('',#3408,#3409,#3410);
#3408 = CARTESIAN_POINT('',(6.505692151384,21.27493014986,0.));
#3409 = DIRECTION('',(0.,1.,0.));
#3410 = DIRECTION('',(1.,0.,0.));
#3411 = ADVANCED_FACE('',(#3412),#3430,.F.);
#3412 = FACE_BOUND('',#3413,.T.);
#3413 = EDGE_LOOP('',(#3414,#3415,#3422,#3423));
#3414 = ORIENTED_EDGE('',*,*,#3393,.T.);
#3415 = ORIENTED_EDGE('',*,*,#3416,.T.);
#3416 = EDGE_CURVE('',#3386,#3314,#3417,.T.);
#3417 = CIRCLE('',#3418,0.4);
#3418 = AXIS2_PLACEMENT_3D('',#3419,#3420,#3421);
#3419 = CARTESIAN_POINT('',(7.305666751334,21.67493014986,1.538354076708
    ));
#3420 = DIRECTION('',(0.,0.,1.));
#3421 = DIRECTION('',(1.110223024625E-16,-1.,0.));
#3422 = ORIENTED_EDGE('',*,*,#3311,.F.);
#3423 = ORIENTED_EDGE('',*,*,#3424,.F.);
#3424 = EDGE_CURVE('',#3394,#3312,#3425,.T.);
#3425 = CIRCLE('',#3426,0.4);
#3426 = AXIS2_PLACEMENT_3D('',#3427,#3428,#3429);
#3427 = CARTESIAN_POINT('',(7.305666751334,21.67493014986,0.));
#3428 = DIRECTION('',(0.,0.,1.));
#3429 = DIRECTION('',(1.110223024625E-16,-1.,0.));
#3430 = CYLINDRICAL_SURFACE('',#3431,0.4);
#3431 = AXIS2_PLACEMENT_3D('',#3432,#3433,#3434);
#3432 = CARTESIAN_POINT('',(7.305666751334,21.67493014986,0.));
#3433 = DIRECTION('',(-0.,-0.,-1.));
#3434 = DIRECTION('',(1.110223024625E-16,-1.,0.));
#3435 = ADVANCED_FACE('',(#3436),#3470,.T.);
#3436 = FACE_BOUND('',#3437,.T.);
#3437 = EDGE_LOOP('',(#3438,#3448,#3456,#3464));
#3438 = ORIENTED_EDGE('',*,*,#3439,.T.);
#3439 = EDGE_CURVE('',#3440,#3442,#3444,.T.);
#3440 = VERTEX_POINT('',#3441);
#3441 = CARTESIAN_POINT('',(7.305814071628,16.725143510287,0.));
#3442 = VERTEX_POINT('',#3443);
#3443 = CARTESIAN_POINT('',(7.305814071628,16.725143510287,
    1.538354076708));
#3444 = LINE('',#3445,#3446);
#3445 = CARTESIAN_POINT('',(7.305814071628,16.725143510287,0.));
#3446 = VECTOR('',#3447,1.);
#3447 = DIRECTION('',(0.,0.,1.));
#3448 = ORIENTED_EDGE('',*,*,#3449,.T.);
#3449 = EDGE_CURVE('',#3442,#3450,#3452,.T.);
#3450 = VERTEX_POINT('',#3451);
#3451 = CARTESIAN_POINT('',(6.505788671577,16.725143510287,
    1.538354076708));
#3452 = LINE('',#3453,#3454);
#3453 = CARTESIAN_POINT('',(7.305814071628,16.725143510287,
    1.538354076708));
#3454 = VECTOR('',#3455,1.);
#3455 = DIRECTION('',(-1.,0.,0.));
#3456 = ORIENTED_EDGE('',*,*,#3457,.F.);
#3457 = EDGE_CURVE('',#3458,#3450,#3460,.T.);
#3458 = VERTEX_POINT('',#3459);
#3459 = CARTESIAN_POINT('',(6.505788671577,16.725143510287,0.));
#3460 = LINE('',#3461,#3462);
#3461 = CARTESIAN_POINT('',(6.505788671577,16.725143510287,0.));
#3462 = VECTOR('',#3463,1.);
#3463 = DIRECTION('',(0.,0.,1.));
#3464 = ORIENTED_EDGE('',*,*,#3465,.F.);
#3465 = EDGE_CURVE('',#3440,#3458,#3466,.T.);
#3466 = LINE('',#3467,#3468);
#3467 = CARTESIAN_POINT('',(7.305814071628,16.725143510287,0.));
#3468 = VECTOR('',#3469,1.);
#3469 = DIRECTION('',(-1.,0.,0.));
#3470 = PLANE('',#3471);
#3471 = AXIS2_PLACEMENT_3D('',#3472,#3473,#3474);
#3472 = CARTESIAN_POINT('',(7.305814071628,16.725143510287,0.));
#3473 = DIRECTION('',(0.,-1.,0.));
#3474 = DIRECTION('',(-1.,0.,0.));
#3475 = ADVANCED_FACE('',(#3476),#3503,.F.);
#3476 = FACE_BOUND('',#3477,.T.);
#3477 = EDGE_LOOP('',(#3478,#3479,#3488,#3496));
#3478 = ORIENTED_EDGE('',*,*,#3457,.T.);
#3479 = ORIENTED_EDGE('',*,*,#3480,.T.);
#3480 = EDGE_CURVE('',#3450,#3481,#3483,.T.);
#3481 = VERTEX_POINT('',#3482);
#3482 = CARTESIAN_POINT('',(6.505788671577,15.925143510287,
    1.538354076708));
#3483 = CIRCLE('',#3484,0.4);
#3484 = AXIS2_PLACEMENT_3D('',#3485,#3486,#3487);
#3485 = CARTESIAN_POINT('',(6.505788671577,16.325143510287,
    1.538354076708));
#3486 = DIRECTION('',(0.,0.,1.));
#3487 = DIRECTION('',(-1.110223024625E-16,1.,0.));
#3488 = ORIENTED_EDGE('',*,*,#3489,.F.);
#3489 = EDGE_CURVE('',#3490,#3481,#3492,.T.);
#3490 = VERTEX_POINT('',#3491);
#3491 = CARTESIAN_POINT('',(6.505788671577,15.925143510287,0.));
#3492 = LINE('',#3493,#3494);
#3493 = CARTESIAN_POINT('',(6.505788671577,15.925143510287,0.));
#3494 = VECTOR('',#3495,1.);
#3495 = DIRECTION('',(0.,0.,1.));
#3496 = ORIENTED_EDGE('',*,*,#3497,.F.);
#3497 = EDGE_CURVE('',#3458,#3490,#3498,.T.);
#3498 = CIRCLE('',#3499,0.4);
#3499 = AXIS2_PLACEMENT_3D('',#3500,#3501,#3502);
#3500 = CARTESIAN_POINT('',(6.505788671577,16.325143510287,0.));
#3501 = DIRECTION('',(0.,0.,1.));
#3502 = DIRECTION('',(-1.110223024625E-16,1.,0.));
#3503 = CYLINDRICAL_SURFACE('',#3504,0.4);
#3504 = AXIS2_PLACEMENT_3D('',#3505,#3506,#3507);
#3505 = CARTESIAN_POINT('',(6.505788671577,16.325143510287,0.));
#3506 = DIRECTION('',(-0.,-0.,-1.));
#3507 = DIRECTION('',(-1.110223024625E-16,1.,0.));
#3508 = ADVANCED_FACE('',(#3509),#3534,.T.);
#3509 = FACE_BOUND('',#3510,.T.);
#3510 = EDGE_LOOP('',(#3511,#3512,#3520,#3528));
#3511 = ORIENTED_EDGE('',*,*,#3489,.T.);
#3512 = ORIENTED_EDGE('',*,*,#3513,.T.);
#3513 = EDGE_CURVE('',#3481,#3514,#3516,.T.);
#3514 = VERTEX_POINT('',#3515);
#3515 = CARTESIAN_POINT('',(7.305814071628,15.925143510287,
    1.538354076708));
#3516 = LINE('',#3517,#3518);
#3517 = CARTESIAN_POINT('',(6.505788671577,15.925143510287,
    1.538354076708));
#3518 = VECTOR('',#3519,1.);
#3519 = DIRECTION('',(1.,2.220375552186E-15,0.));
#3520 = ORIENTED_EDGE('',*,*,#3521,.F.);
#3521 = EDGE_CURVE('',#3522,#3514,#3524,.T.);
#3522 = VERTEX_POINT('',#3523);
#3523 = CARTESIAN_POINT('',(7.305814071628,15.925143510287,0.));
#3524 = LINE('',#3525,#3526);
#3525 = CARTESIAN_POINT('',(7.305814071628,15.925143510287,0.));
#3526 = VECTOR('',#3527,1.);
#3527 = DIRECTION('',(0.,0.,1.));
#3528 = ORIENTED_EDGE('',*,*,#3529,.F.);
#3529 = EDGE_CURVE('',#3490,#3522,#3530,.T.);
#3530 = LINE('',#3531,#3532);
#3531 = CARTESIAN_POINT('',(6.505788671577,15.925143510287,0.));
#3532 = VECTOR('',#3533,1.);
#3533 = DIRECTION('',(1.,2.220375552186E-15,0.));
#3534 = PLANE('',#3535);
#3535 = AXIS2_PLACEMENT_3D('',#3536,#3537,#3538);
#3536 = CARTESIAN_POINT('',(6.505788671577,15.925143510287,0.));
#3537 = DIRECTION('',(-2.220375552186E-15,1.,0.));
#3538 = DIRECTION('',(1.,2.220375552186E-15,0.));
#3539 = ADVANCED_FACE('',(#3540),#3558,.F.);
#3540 = FACE_BOUND('',#3541,.T.);
#3541 = EDGE_LOOP('',(#3542,#3543,#3550,#3551));
#3542 = ORIENTED_EDGE('',*,*,#3521,.T.);
#3543 = ORIENTED_EDGE('',*,*,#3544,.T.);
#3544 = EDGE_CURVE('',#3514,#3442,#3545,.T.);
#3545 = CIRCLE('',#3546,0.4);
#3546 = AXIS2_PLACEMENT_3D('',#3547,#3548,#3549);
#3547 = CARTESIAN_POINT('',(7.305814071628,16.325143510287,
    1.538354076708));
#3548 = DIRECTION('',(0.,0.,1.));
#3549 = DIRECTION('',(1.110223024625E-16,-1.,0.));
#3550 = ORIENTED_EDGE('',*,*,#3439,.F.);
#3551 = ORIENTED_EDGE('',*,*,#3552,.F.);
#3552 = EDGE_CURVE('',#3522,#3440,#3553,.T.);
#3553 = CIRCLE('',#3554,0.4);
#3554 = AXIS2_PLACEMENT_3D('',#3555,#3556,#3557);
#3555 = CARTESIAN_POINT('',(7.305814071628,16.325143510287,0.));
#3556 = DIRECTION('',(0.,0.,1.));
#3557 = DIRECTION('',(1.110223024625E-16,-1.,0.));
#3558 = CYLINDRICAL_SURFACE('',#3559,0.4);
#3559 = AXIS2_PLACEMENT_3D('',#3560,#3561,#3562);
#3560 = CARTESIAN_POINT('',(7.305814071628,16.325143510287,0.));
#3561 = DIRECTION('',(-0.,-0.,-1.));
#3562 = DIRECTION('',(1.110223024625E-16,-1.,0.));
#3563 = ADVANCED_FACE('',(#3564),#3598,.T.);
#3564 = FACE_BOUND('',#3565,.T.);
#3565 = EDGE_LOOP('',(#3566,#3576,#3584,#3592));
#3566 = ORIENTED_EDGE('',*,*,#3567,.T.);
#3567 = EDGE_CURVE('',#3568,#3570,#3572,.T.);
#3568 = VERTEX_POINT('',#3569);
#3569 = CARTESIAN_POINT('',(7.305788671577,8.074902209804,0.));
#3570 = VERTEX_POINT('',#3571);
#3571 = CARTESIAN_POINT('',(7.305788671577,8.074902209804,1.538354076708
    ));
#3572 = LINE('',#3573,#3574);
#3573 = CARTESIAN_POINT('',(7.305788671577,8.074902209804,0.));
#3574 = VECTOR('',#3575,1.);
#3575 = DIRECTION('',(0.,0.,1.));
#3576 = ORIENTED_EDGE('',*,*,#3577,.T.);
#3577 = EDGE_CURVE('',#3570,#3578,#3580,.T.);
#3578 = VERTEX_POINT('',#3579);
#3579 = CARTESIAN_POINT('',(6.505814071628,8.074902209804,1.538354076708
    ));
#3580 = LINE('',#3581,#3582);
#3581 = CARTESIAN_POINT('',(7.305788671577,8.074902209804,1.538354076708
    ));
#3582 = VECTOR('',#3583,1.);
#3583 = DIRECTION('',(-1.,0.,0.));
#3584 = ORIENTED_EDGE('',*,*,#3585,.F.);
#3585 = EDGE_CURVE('',#3586,#3578,#3588,.T.);
#3586 = VERTEX_POINT('',#3587);
#3587 = CARTESIAN_POINT('',(6.505814071628,8.074902209804,0.));
#3588 = LINE('',#3589,#3590);
#3589 = CARTESIAN_POINT('',(6.505814071628,8.074902209804,0.));
#3590 = VECTOR('',#3591,1.);
#3591 = DIRECTION('',(0.,0.,1.));
#3592 = ORIENTED_EDGE('',*,*,#3593,.F.);
#3593 = EDGE_CURVE('',#3568,#3586,#3594,.T.);
#3594 = LINE('',#3595,#3596);
#3595 = CARTESIAN_POINT('',(7.305788671577,8.074902209804,0.));
#3596 = VECTOR('',#3597,1.);
#3597 = DIRECTION('',(-1.,0.,0.));
#3598 = PLANE('',#3599);
#3599 = AXIS2_PLACEMENT_3D('',#3600,#3601,#3602);
#3600 = CARTESIAN_POINT('',(7.305788671577,8.074902209804,0.));
#3601 = DIRECTION('',(0.,-1.,0.));
#3602 = DIRECTION('',(-1.,0.,0.));
#3603 = ADVANCED_FACE('',(#3604),#3631,.F.);
#3604 = FACE_BOUND('',#3605,.T.);
#3605 = EDGE_LOOP('',(#3606,#3607,#3616,#3624));
#3606 = ORIENTED_EDGE('',*,*,#3585,.T.);
#3607 = ORIENTED_EDGE('',*,*,#3608,.T.);
#3608 = EDGE_CURVE('',#3578,#3609,#3611,.T.);
#3609 = VERTEX_POINT('',#3610);
#3610 = CARTESIAN_POINT('',(6.505814071628,7.274902209804,1.538354076708
    ));
#3611 = CIRCLE('',#3612,0.4);
#3612 = AXIS2_PLACEMENT_3D('',#3613,#3614,#3615);
#3613 = CARTESIAN_POINT('',(6.505814071628,7.674902209804,1.538354076708
    ));
#3614 = DIRECTION('',(0.,0.,1.));
#3615 = DIRECTION('',(-1.110223024625E-16,1.,0.));
#3616 = ORIENTED_EDGE('',*,*,#3617,.F.);
#3617 = EDGE_CURVE('',#3618,#3609,#3620,.T.);
#3618 = VERTEX_POINT('',#3619);
#3619 = CARTESIAN_POINT('',(6.505814071628,7.274902209804,0.));
#3620 = LINE('',#3621,#3622);
#3621 = CARTESIAN_POINT('',(6.505814071628,7.274902209804,0.));
#3622 = VECTOR('',#3623,1.);
#3623 = DIRECTION('',(0.,0.,1.));
#3624 = ORIENTED_EDGE('',*,*,#3625,.F.);
#3625 = EDGE_CURVE('',#3586,#3618,#3626,.T.);
#3626 = CIRCLE('',#3627,0.4);
#3627 = AXIS2_PLACEMENT_3D('',#3628,#3629,#3630);
#3628 = CARTESIAN_POINT('',(6.505814071628,7.674902209804,0.));
#3629 = DIRECTION('',(0.,0.,1.));
#3630 = DIRECTION('',(-1.110223024625E-16,1.,0.));
#3631 = CYLINDRICAL_SURFACE('',#3632,0.4);
#3632 = AXIS2_PLACEMENT_3D('',#3633,#3634,#3635);
#3633 = CARTESIAN_POINT('',(6.505814071628,7.674902209804,0.));
#3634 = DIRECTION('',(-0.,-0.,-1.));
#3635 = DIRECTION('',(-1.110223024625E-16,1.,0.));
#3636 = ADVANCED_FACE('',(#3637),#3662,.T.);
#3637 = FACE_BOUND('',#3638,.T.);
#3638 = EDGE_LOOP('',(#3639,#3640,#3648,#3656));
#3639 = ORIENTED_EDGE('',*,*,#3617,.T.);
#3640 = ORIENTED_EDGE('',*,*,#3641,.T.);
#3641 = EDGE_CURVE('',#3609,#3642,#3644,.T.);
#3642 = VERTEX_POINT('',#3643);
#3643 = CARTESIAN_POINT('',(7.305788671577,7.274902209804,1.538354076708
    ));
#3644 = LINE('',#3645,#3646);
#3645 = CARTESIAN_POINT('',(6.505814071628,7.274902209804,1.538354076708
    ));
#3646 = VECTOR('',#3647,1.);
#3647 = DIRECTION('',(1.,0.,0.));
#3648 = ORIENTED_EDGE('',*,*,#3649,.F.);
#3649 = EDGE_CURVE('',#3650,#3642,#3652,.T.);
#3650 = VERTEX_POINT('',#3651);
#3651 = CARTESIAN_POINT('',(7.305788671577,7.274902209804,0.));
#3652 = LINE('',#3653,#3654);
#3653 = CARTESIAN_POINT('',(7.305788671577,7.274902209804,0.));
#3654 = VECTOR('',#3655,1.);
#3655 = DIRECTION('',(0.,0.,1.));
#3656 = ORIENTED_EDGE('',*,*,#3657,.F.);
#3657 = EDGE_CURVE('',#3618,#3650,#3658,.T.);
#3658 = LINE('',#3659,#3660);
#3659 = CARTESIAN_POINT('',(6.505814071628,7.274902209804,0.));
#3660 = VECTOR('',#3661,1.);
#3661 = DIRECTION('',(1.,0.,0.));
#3662 = PLANE('',#3663);
#3663 = AXIS2_PLACEMENT_3D('',#3664,#3665,#3666);
#3664 = CARTESIAN_POINT('',(6.505814071628,7.274902209804,0.));
#3665 = DIRECTION('',(0.,1.,0.));
#3666 = DIRECTION('',(1.,0.,0.));
#3667 = ADVANCED_FACE('',(#3668),#3686,.F.);
#3668 = FACE_BOUND('',#3669,.T.);
#3669 = EDGE_LOOP('',(#3670,#3671,#3678,#3679));
#3670 = ORIENTED_EDGE('',*,*,#3649,.T.);
#3671 = ORIENTED_EDGE('',*,*,#3672,.T.);
#3672 = EDGE_CURVE('',#3642,#3570,#3673,.T.);
#3673 = CIRCLE('',#3674,0.4);
#3674 = AXIS2_PLACEMENT_3D('',#3675,#3676,#3677);
#3675 = CARTESIAN_POINT('',(7.305788671577,7.674902209804,1.538354076708
    ));
#3676 = DIRECTION('',(0.,0.,1.));
#3677 = DIRECTION('',(1.110223024625E-16,-1.,0.));
#3678 = ORIENTED_EDGE('',*,*,#3567,.F.);
#3679 = ORIENTED_EDGE('',*,*,#3680,.F.);
#3680 = EDGE_CURVE('',#3650,#3568,#3681,.T.);
#3681 = CIRCLE('',#3682,0.4);
#3682 = AXIS2_PLACEMENT_3D('',#3683,#3684,#3685);
#3683 = CARTESIAN_POINT('',(7.305788671577,7.674902209804,0.));
#3684 = DIRECTION('',(0.,0.,1.));
#3685 = DIRECTION('',(1.110223024625E-16,-1.,0.));
#3686 = CYLINDRICAL_SURFACE('',#3687,0.4);
#3687 = AXIS2_PLACEMENT_3D('',#3688,#3689,#3690);
#3688 = CARTESIAN_POINT('',(7.305788671577,7.674902209804,0.));
#3689 = DIRECTION('',(-0.,-0.,-1.));
#3690 = DIRECTION('',(1.110223024625E-16,-1.,0.));
#3691 = ADVANCED_FACE('',(#3692),#3728,.F.);
#3692 = FACE_BOUND('',#3693,.T.);
#3693 = EDGE_LOOP('',(#3694,#3704,#3713,#3721));
#3694 = ORIENTED_EDGE('',*,*,#3695,.T.);
#3695 = EDGE_CURVE('',#3696,#3698,#3700,.T.);
#3696 = VERTEX_POINT('',#3697);
#3697 = CARTESIAN_POINT('',(37.050073660147,4.50001016002,0.));
#3698 = VERTEX_POINT('',#3699);
#3699 = CARTESIAN_POINT('',(37.050073660147,4.50001016002,1.538354076708
    ));
#3700 = LINE('',#3701,#3702);
#3701 = CARTESIAN_POINT('',(37.050073660147,4.50001016002,0.));
#3702 = VECTOR('',#3703,1.);
#3703 = DIRECTION('',(0.,0.,1.));
#3704 = ORIENTED_EDGE('',*,*,#3705,.T.);
#3705 = EDGE_CURVE('',#3698,#3706,#3708,.T.);
#3706 = VERTEX_POINT('',#3707);
#3707 = CARTESIAN_POINT('',(34.950068580137,4.50001016002,1.538354076708
    ));
#3708 = CIRCLE('',#3709,1.050002540005);
#3709 = AXIS2_PLACEMENT_3D('',#3710,#3711,#3712);
#3710 = CARTESIAN_POINT('',(36.000071120142,4.50001016002,1.538354076708
    ));
#3711 = DIRECTION('',(0.,0.,1.));
#3712 = DIRECTION('',(1.,1.110223024625E-16,-0.));
#3713 = ORIENTED_EDGE('',*,*,#3714,.F.);
#3714 = EDGE_CURVE('',#3715,#3706,#3717,.T.);
#3715 = VERTEX_POINT('',#3716);
#3716 = CARTESIAN_POINT('',(34.950068580137,4.50001016002,0.));
#3717 = LINE('',#3718,#3719);
#3718 = CARTESIAN_POINT('',(34.950068580137,4.50001016002,0.));
#3719 = VECTOR('',#3720,1.);
#3720 = DIRECTION('',(0.,0.,1.));
#3721 = ORIENTED_EDGE('',*,*,#3722,.F.);
#3722 = EDGE_CURVE('',#3696,#3715,#3723,.T.);
#3723 = CIRCLE('',#3724,1.050002540005);
#3724 = AXIS2_PLACEMENT_3D('',#3725,#3726,#3727);
#3725 = CARTESIAN_POINT('',(36.000071120142,4.50001016002,0.));
#3726 = DIRECTION('',(0.,0.,1.));
#3727 = DIRECTION('',(1.,1.110223024625E-16,-0.));
#3728 = CYLINDRICAL_SURFACE('',#3729,1.050002540005);
#3729 = AXIS2_PLACEMENT_3D('',#3730,#3731,#3732);
#3730 = CARTESIAN_POINT('',(36.000071120142,4.50001016002,0.));
#3731 = DIRECTION('',(-0.,-0.,-1.));
#3732 = DIRECTION('',(1.,1.110223024625E-16,-0.));
#3733 = ADVANCED_FACE('',(#3734),#3752,.F.);
#3734 = FACE_BOUND('',#3735,.T.);
#3735 = EDGE_LOOP('',(#3736,#3737,#3744,#3745));
#3736 = ORIENTED_EDGE('',*,*,#3714,.T.);
#3737 = ORIENTED_EDGE('',*,*,#3738,.T.);
#3738 = EDGE_CURVE('',#3706,#3698,#3739,.T.);
#3739 = CIRCLE('',#3740,1.050002540005);
#3740 = AXIS2_PLACEMENT_3D('',#3741,#3742,#3743);
#3741 = CARTESIAN_POINT('',(36.000071120142,4.50001016002,1.538354076708
    ));
#3742 = DIRECTION('',(0.,0.,1.));
#3743 = DIRECTION('',(-1.,-1.110223024625E-16,0.));
#3744 = ORIENTED_EDGE('',*,*,#3695,.F.);
#3745 = ORIENTED_EDGE('',*,*,#3746,.F.);
#3746 = EDGE_CURVE('',#3715,#3696,#3747,.T.);
#3747 = CIRCLE('',#3748,1.050002540005);
#3748 = AXIS2_PLACEMENT_3D('',#3749,#3750,#3751);
#3749 = CARTESIAN_POINT('',(36.000071120142,4.50001016002,0.));
#3750 = DIRECTION('',(0.,0.,1.));
#3751 = DIRECTION('',(-1.,-1.110223024625E-16,0.));
#3752 = CYLINDRICAL_SURFACE('',#3753,1.050002540005);
#3753 = AXIS2_PLACEMENT_3D('',#3754,#3755,#3756);
#3754 = CARTESIAN_POINT('',(36.000071120142,4.50001016002,0.));
#3755 = DIRECTION('',(-0.,-0.,-1.));
#3756 = DIRECTION('',(-1.,-1.110223024625E-16,0.));
#3757 = ADVANCED_FACE('',(#3758),#3794,.F.);
#3758 = FACE_BOUND('',#3759,.T.);
#3759 = EDGE_LOOP('',(#3760,#3770,#3779,#3787));
#3760 = ORIENTED_EDGE('',*,*,#3761,.T.);
#3761 = EDGE_CURVE('',#3762,#3764,#3766,.T.);
#3762 = VERTEX_POINT('',#3763);
#3763 = CARTESIAN_POINT('',(37.050073660147,47.500093980188,0.));
#3764 = VERTEX_POINT('',#3765);
#3765 = CARTESIAN_POINT('',(37.050073660147,47.500093980188,
    1.538354076708));
#3766 = LINE('',#3767,#3768);
#3767 = CARTESIAN_POINT('',(37.050073660147,47.500093980188,0.));
#3768 = VECTOR('',#3769,1.);
#3769 = DIRECTION('',(0.,0.,1.));
#3770 = ORIENTED_EDGE('',*,*,#3771,.T.);
#3771 = EDGE_CURVE('',#3764,#3772,#3774,.T.);
#3772 = VERTEX_POINT('',#3773);
#3773 = CARTESIAN_POINT('',(34.950068580137,47.500093980188,
    1.538354076708));
#3774 = CIRCLE('',#3775,1.050002540005);
#3775 = AXIS2_PLACEMENT_3D('',#3776,#3777,#3778);
#3776 = CARTESIAN_POINT('',(36.000071120142,47.500093980188,
    1.538354076708));
#3777 = DIRECTION('',(0.,0.,1.));
#3778 = DIRECTION('',(1.,1.110223024625E-16,-0.));
#3779 = ORIENTED_EDGE('',*,*,#3780,.F.);
#3780 = EDGE_CURVE('',#3781,#3772,#3783,.T.);
#3781 = VERTEX_POINT('',#3782);
#3782 = CARTESIAN_POINT('',(34.950068580137,47.500093980188,0.));
#3783 = LINE('',#3784,#3785);
#3784 = CARTESIAN_POINT('',(34.950068580137,47.500093980188,0.));
#3785 = VECTOR('',#3786,1.);
#3786 = DIRECTION('',(0.,0.,1.));
#3787 = ORIENTED_EDGE('',*,*,#3788,.F.);
#3788 = EDGE_CURVE('',#3762,#3781,#3789,.T.);
#3789 = CIRCLE('',#3790,1.050002540005);
#3790 = AXIS2_PLACEMENT_3D('',#3791,#3792,#3793);
#3791 = CARTESIAN_POINT('',(36.000071120142,47.500093980188,0.));
#3792 = DIRECTION('',(0.,0.,1.));
#3793 = DIRECTION('',(1.,1.110223024625E-16,-0.));
#3794 = CYLINDRICAL_SURFACE('',#3795,1.050002540005);
#3795 = AXIS2_PLACEMENT_3D('',#3796,#3797,#3798);
#3796 = CARTESIAN_POINT('',(36.000071120142,47.500093980188,0.));
#3797 = DIRECTION('',(-0.,-0.,-1.));
#3798 = DIRECTION('',(1.,1.110223024625E-16,-0.));
#3799 = ADVANCED_FACE('',(#3800),#3818,.F.);
#3800 = FACE_BOUND('',#3801,.T.);
#3801 = EDGE_LOOP('',(#3802,#3803,#3810,#3811));
#3802 = ORIENTED_EDGE('',*,*,#3780,.T.);
#3803 = ORIENTED_EDGE('',*,*,#3804,.T.);
#3804 = EDGE_CURVE('',#3772,#3764,#3805,.T.);
#3805 = CIRCLE('',#3806,1.050002540005);
#3806 = AXIS2_PLACEMENT_3D('',#3807,#3808,#3809);
#3807 = CARTESIAN_POINT('',(36.000071120142,47.500093980188,
    1.538354076708));
#3808 = DIRECTION('',(0.,0.,1.));
#3809 = DIRECTION('',(-1.,-1.110223024625E-16,0.));
#3810 = ORIENTED_EDGE('',*,*,#3761,.F.);
#3811 = ORIENTED_EDGE('',*,*,#3812,.F.);
#3812 = EDGE_CURVE('',#3781,#3762,#3813,.T.);
#3813 = CIRCLE('',#3814,1.050002540005);
#3814 = AXIS2_PLACEMENT_3D('',#3815,#3816,#3817);
#3815 = CARTESIAN_POINT('',(36.000071120142,47.500093980188,0.));
#3816 = DIRECTION('',(0.,0.,1.));
#3817 = DIRECTION('',(-1.,-1.110223024625E-16,0.));
#3818 = CYLINDRICAL_SURFACE('',#3819,1.050002540005);
#3819 = AXIS2_PLACEMENT_3D('',#3820,#3821,#3822);
#3820 = CARTESIAN_POINT('',(36.000071120142,47.500093980188,0.));
#3821 = DIRECTION('',(-0.,-0.,-1.));
#3822 = DIRECTION('',(-1.,-1.110223024625E-16,0.));
#3823 = ADVANCED_FACE('',(#3824),#3860,.F.);
#3824 = FACE_BOUND('',#3825,.T.);
#3825 = EDGE_LOOP('',(#3826,#3836,#3845,#3853));
#3826 = ORIENTED_EDGE('',*,*,#3827,.T.);
#3827 = EDGE_CURVE('',#3828,#3830,#3832,.T.);
#3828 = VERTEX_POINT('',#3829);
#3829 = CARTESIAN_POINT('',(89.050177800356,4.50001016002,0.));
#3830 = VERTEX_POINT('',#3831);
#3831 = CARTESIAN_POINT('',(89.050177800356,4.50001016002,1.538354076708
    ));
#3832 = LINE('',#3833,#3834);
#3833 = CARTESIAN_POINT('',(89.050177800356,4.50001016002,0.));
#3834 = VECTOR('',#3835,1.);
#3835 = DIRECTION('',(0.,0.,1.));
#3836 = ORIENTED_EDGE('',*,*,#3837,.T.);
#3837 = EDGE_CURVE('',#3830,#3838,#3840,.T.);
#3838 = VERTEX_POINT('',#3839);
#3839 = CARTESIAN_POINT('',(86.950172720345,4.50001016002,1.538354076708
    ));
#3840 = CIRCLE('',#3841,1.050002540005);
#3841 = AXIS2_PLACEMENT_3D('',#3842,#3843,#3844);
#3842 = CARTESIAN_POINT('',(88.000175260351,4.50001016002,1.538354076708
    ));
#3843 = DIRECTION('',(0.,0.,1.));
#3844 = DIRECTION('',(1.,1.110223024625E-16,-0.));
#3845 = ORIENTED_EDGE('',*,*,#3846,.F.);
#3846 = EDGE_CURVE('',#3847,#3838,#3849,.T.);
#3847 = VERTEX_POINT('',#3848);
#3848 = CARTESIAN_POINT('',(86.950172720345,4.50001016002,0.));
#3849 = LINE('',#3850,#3851);
#3850 = CARTESIAN_POINT('',(86.950172720345,4.50001016002,0.));
#3851 = VECTOR('',#3852,1.);
#3852 = DIRECTION('',(0.,0.,1.));
#3853 = ORIENTED_EDGE('',*,*,#3854,.F.);
#3854 = EDGE_CURVE('',#3828,#3847,#3855,.T.);
#3855 = CIRCLE('',#3856,1.050002540005);
#3856 = AXIS2_PLACEMENT_3D('',#3857,#3858,#3859);
#3857 = CARTESIAN_POINT('',(88.000175260351,4.50001016002,0.));
#3858 = DIRECTION('',(0.,0.,1.));
#3859 = DIRECTION('',(1.,1.110223024625E-16,-0.));
#3860 = CYLINDRICAL_SURFACE('',#3861,1.050002540005);
#3861 = AXIS2_PLACEMENT_3D('',#3862,#3863,#3864);
#3862 = CARTESIAN_POINT('',(88.000175260351,4.50001016002,0.));
#3863 = DIRECTION('',(-0.,-0.,-1.));
#3864 = DIRECTION('',(1.,1.110223024625E-16,-0.));
#3865 = ADVANCED_FACE('',(#3866),#3884,.F.);
#3866 = FACE_BOUND('',#3867,.T.);
#3867 = EDGE_LOOP('',(#3868,#3869,#3876,#3877));
#3868 = ORIENTED_EDGE('',*,*,#3846,.T.);
#3869 = ORIENTED_EDGE('',*,*,#3870,.T.);
#3870 = EDGE_CURVE('',#3838,#3830,#3871,.T.);
#3871 = CIRCLE('',#3872,1.050002540005);
#3872 = AXIS2_PLACEMENT_3D('',#3873,#3874,#3875);
#3873 = CARTESIAN_POINT('',(88.000175260351,4.50001016002,1.538354076708
    ));
#3874 = DIRECTION('',(0.,0.,1.));
#3875 = DIRECTION('',(-1.,-1.110223024625E-16,0.));
#3876 = ORIENTED_EDGE('',*,*,#3827,.F.);
#3877 = ORIENTED_EDGE('',*,*,#3878,.F.);
#3878 = EDGE_CURVE('',#3847,#3828,#3879,.T.);
#3879 = CIRCLE('',#3880,1.050002540005);
#3880 = AXIS2_PLACEMENT_3D('',#3881,#3882,#3883);
#3881 = CARTESIAN_POINT('',(88.000175260351,4.50001016002,0.));
#3882 = DIRECTION('',(0.,0.,1.));
#3883 = DIRECTION('',(-1.,-1.110223024625E-16,0.));
#3884 = CYLINDRICAL_SURFACE('',#3885,1.050002540005);
#3885 = AXIS2_PLACEMENT_3D('',#3886,#3887,#3888);
#3886 = CARTESIAN_POINT('',(88.000175260351,4.50001016002,0.));
#3887 = DIRECTION('',(-0.,-0.,-1.));
#3888 = DIRECTION('',(-1.,-1.110223024625E-16,0.));
#3889 = ADVANCED_FACE('',(#3890),#3926,.F.);
#3890 = FACE_BOUND('',#3891,.T.);
#3891 = EDGE_LOOP('',(#3892,#3902,#3911,#3919));
#3892 = ORIENTED_EDGE('',*,*,#3893,.T.);
#3893 = EDGE_CURVE('',#3894,#3896,#3898,.T.);
#3894 = VERTEX_POINT('',#3895);
#3895 = CARTESIAN_POINT('',(89.050177800356,47.500093980188,0.));
#3896 = VERTEX_POINT('',#3897);
#3897 = CARTESIAN_POINT('',(89.050177800356,47.500093980188,
    1.538354076708));
#3898 = LINE('',#3899,#3900);
#3899 = CARTESIAN_POINT('',(89.050177800356,47.500093980188,0.));
#3900 = VECTOR('',#3901,1.);
#3901 = DIRECTION('',(0.,0.,1.));
#3902 = ORIENTED_EDGE('',*,*,#3903,.T.);
#3903 = EDGE_CURVE('',#3896,#3904,#3906,.T.);
#3904 = VERTEX_POINT('',#3905);
#3905 = CARTESIAN_POINT('',(86.950172720345,47.500093980188,
    1.538354076708));
#3906 = CIRCLE('',#3907,1.050002540005);
#3907 = AXIS2_PLACEMENT_3D('',#3908,#3909,#3910);
#3908 = CARTESIAN_POINT('',(88.000175260351,47.500093980188,
    1.538354076708));
#3909 = DIRECTION('',(0.,0.,1.));
#3910 = DIRECTION('',(1.,1.110223024625E-16,-0.));
#3911 = ORIENTED_EDGE('',*,*,#3912,.F.);
#3912 = EDGE_CURVE('',#3913,#3904,#3915,.T.);
#3913 = VERTEX_POINT('',#3914);
#3914 = CARTESIAN_POINT('',(86.950172720345,47.500093980188,0.));
#3915 = LINE('',#3916,#3917);
#3916 = CARTESIAN_POINT('',(86.950172720345,47.500093980188,0.));
#3917 = VECTOR('',#3918,1.);
#3918 = DIRECTION('',(0.,0.,1.));
#3919 = ORIENTED_EDGE('',*,*,#3920,.F.);
#3920 = EDGE_CURVE('',#3894,#3913,#3921,.T.);
#3921 = CIRCLE('',#3922,1.050002540005);
#3922 = AXIS2_PLACEMENT_3D('',#3923,#3924,#3925);
#3923 = CARTESIAN_POINT('',(88.000175260351,47.500093980188,0.));
#3924 = DIRECTION('',(0.,0.,1.));
#3925 = DIRECTION('',(1.,1.110223024625E-16,-0.));
#3926 = CYLINDRICAL_SURFACE('',#3927,1.050002540005);
#3927 = AXIS2_PLACEMENT_3D('',#3928,#3929,#3930);
#3928 = CARTESIAN_POINT('',(88.000175260351,47.500093980188,0.));
#3929 = DIRECTION('',(-0.,-0.,-1.));
#3930 = DIRECTION('',(1.,1.110223024625E-16,-0.));
#3931 = ADVANCED_FACE('',(#3932),#3950,.F.);
#3932 = FACE_BOUND('',#3933,.T.);
#3933 = EDGE_LOOP('',(#3934,#3935,#3942,#3943));
#3934 = ORIENTED_EDGE('',*,*,#3912,.T.);
#3935 = ORIENTED_EDGE('',*,*,#3936,.T.);
#3936 = EDGE_CURVE('',#3904,#3896,#3937,.T.);
#3937 = CIRCLE('',#3938,1.050002540005);
#3938 = AXIS2_PLACEMENT_3D('',#3939,#3940,#3941);
#3939 = CARTESIAN_POINT('',(88.000175260351,47.500093980188,
    1.538354076708));
#3940 = DIRECTION('',(0.,0.,1.));
#3941 = DIRECTION('',(-1.,-1.110223024625E-16,0.));
#3942 = ORIENTED_EDGE('',*,*,#3893,.F.);
#3943 = ORIENTED_EDGE('',*,*,#3944,.F.);
#3944 = EDGE_CURVE('',#3913,#3894,#3945,.T.);
#3945 = CIRCLE('',#3946,1.050002540005);
#3946 = AXIS2_PLACEMENT_3D('',#3947,#3948,#3949);
#3947 = CARTESIAN_POINT('',(88.000175260351,47.500093980188,0.));
#3948 = DIRECTION('',(0.,0.,1.));
#3949 = DIRECTION('',(-1.,-1.110223024625E-16,0.));
#3950 = CYLINDRICAL_SURFACE('',#3951,1.050002540005);
#3951 = AXIS2_PLACEMENT_3D('',#3952,#3953,#3954);
#3952 = CARTESIAN_POINT('',(88.000175260351,47.500093980188,0.));
#3953 = DIRECTION('',(-0.,-0.,-1.));
#3954 = DIRECTION('',(-1.,-1.110223024625E-16,0.));
#3955 = ADVANCED_FACE('',(#3956),#3992,.F.);
#3956 = FACE_BOUND('',#3957,.T.);
#3957 = EDGE_LOOP('',(#3958,#3968,#3977,#3985));
#3958 = ORIENTED_EDGE('',*,*,#3959,.T.);
#3959 = EDGE_CURVE('',#3960,#3962,#3964,.T.);
#3960 = VERTEX_POINT('',#3961);
#3961 = CARTESIAN_POINT('',(91.225306070612,38.475189230378,0.));
#3962 = VERTEX_POINT('',#3963);
#3963 = CARTESIAN_POINT('',(91.225306070612,38.475189230378,
    1.538354076708));
#3964 = LINE('',#3965,#3966);
#3965 = CARTESIAN_POINT('',(91.225306070612,38.475189230378,0.));
#3966 = VECTOR('',#3967,1.);
#3967 = DIRECTION('',(0.,0.,1.));
#3968 = ORIENTED_EDGE('',*,*,#3969,.T.);
#3969 = EDGE_CURVE('',#3962,#3970,#3972,.T.);
#3970 = VERTEX_POINT('',#3971);
#3971 = CARTESIAN_POINT('',(89.725280670561,38.475189230378,
    1.538354076708));
#3972 = CIRCLE('',#3973,0.750012700025);
#3973 = AXIS2_PLACEMENT_3D('',#3974,#3975,#3976);
#3974 = CARTESIAN_POINT('',(90.475293370587,38.475189230378,
    1.538354076708));
#3975 = DIRECTION('',(0.,0.,1.));
#3976 = DIRECTION('',(1.,1.110223024625E-16,-0.));
#3977 = ORIENTED_EDGE('',*,*,#3978,.F.);
#3978 = EDGE_CURVE('',#3979,#3970,#3981,.T.);
#3979 = VERTEX_POINT('',#3980);
#3980 = CARTESIAN_POINT('',(89.725280670561,38.475189230378,0.));
#3981 = LINE('',#3982,#3983);
#3982 = CARTESIAN_POINT('',(89.725280670561,38.475189230378,0.));
#3983 = VECTOR('',#3984,1.);
#3984 = DIRECTION('',(0.,0.,1.));
#3985 = ORIENTED_EDGE('',*,*,#3986,.F.);
#3986 = EDGE_CURVE('',#3960,#3979,#3987,.T.);
#3987 = CIRCLE('',#3988,0.750012700025);
#3988 = AXIS2_PLACEMENT_3D('',#3989,#3990,#3991);
#3989 = CARTESIAN_POINT('',(90.475293370587,38.475189230378,0.));
#3990 = DIRECTION('',(0.,0.,1.));
#3991 = DIRECTION('',(1.,1.110223024625E-16,-0.));
#3992 = CYLINDRICAL_SURFACE('',#3993,0.750012700025);
#3993 = AXIS2_PLACEMENT_3D('',#3994,#3995,#3996);
#3994 = CARTESIAN_POINT('',(90.475293370587,38.475189230378,0.));
#3995 = DIRECTION('',(-0.,-0.,-1.));
#3996 = DIRECTION('',(1.,1.110223024625E-16,-0.));
#3997 = ADVANCED_FACE('',(#3998),#4016,.F.);
#3998 = FACE_BOUND('',#3999,.T.);
#3999 = EDGE_LOOP('',(#4000,#4001,#4008,#4009));
#4000 = ORIENTED_EDGE('',*,*,#3978,.T.);
#4001 = ORIENTED_EDGE('',*,*,#4002,.T.);
#4002 = EDGE_CURVE('',#3970,#3962,#4003,.T.);
#4003 = CIRCLE('',#4004,0.750012700025);
#4004 = AXIS2_PLACEMENT_3D('',#4005,#4006,#4007);
#4005 = CARTESIAN_POINT('',(90.475293370587,38.475189230378,
    1.538354076708));
#4006 = DIRECTION('',(0.,0.,1.));
#4007 = DIRECTION('',(-1.,-1.110223024625E-16,0.));
#4008 = ORIENTED_EDGE('',*,*,#3959,.F.);
#4009 = ORIENTED_EDGE('',*,*,#4010,.F.);
#4010 = EDGE_CURVE('',#3979,#3960,#4011,.T.);
#4011 = CIRCLE('',#4012,0.750012700025);
#4012 = AXIS2_PLACEMENT_3D('',#4013,#4014,#4015);
#4013 = CARTESIAN_POINT('',(90.475293370587,38.475189230378,0.));
#4014 = DIRECTION('',(0.,0.,1.));
#4015 = DIRECTION('',(-1.,-1.110223024625E-16,0.));
#4016 = CYLINDRICAL_SURFACE('',#4017,0.750012700025);
#4017 = AXIS2_PLACEMENT_3D('',#4018,#4019,#4020);
#4018 = CARTESIAN_POINT('',(90.475293370587,38.475189230378,0.));
#4019 = DIRECTION('',(-0.,-0.,-1.));
#4020 = DIRECTION('',(-1.,-1.110223024625E-16,0.));
#4021 = ADVANCED_FACE('',(#4022),#4058,.F.);
#4022 = FACE_BOUND('',#4023,.T.);
#4023 = EDGE_LOOP('',(#4024,#4034,#4043,#4051));
#4024 = ORIENTED_EDGE('',*,*,#4025,.T.);
#4025 = EDGE_CURVE('',#4026,#4028,#4030,.T.);
#4026 = VERTEX_POINT('',#4027);
#4027 = CARTESIAN_POINT('',(91.225306070612,43.524973329947,0.));
#4028 = VERTEX_POINT('',#4029);
#4029 = CARTESIAN_POINT('',(91.225306070612,43.524973329947,
    1.538354076708));
#4030 = LINE('',#4031,#4032);
#4031 = CARTESIAN_POINT('',(91.225306070612,43.524973329947,0.));
#4032 = VECTOR('',#4033,1.);
#4033 = DIRECTION('',(0.,0.,1.));
#4034 = ORIENTED_EDGE('',*,*,#4035,.T.);
#4035 = EDGE_CURVE('',#4028,#4036,#4038,.T.);
#4036 = VERTEX_POINT('',#4037);
#4037 = CARTESIAN_POINT('',(89.725280670561,43.524973329947,
    1.538354076708));
#4038 = CIRCLE('',#4039,0.750012700025);
#4039 = AXIS2_PLACEMENT_3D('',#4040,#4041,#4042);
#4040 = CARTESIAN_POINT('',(90.475293370587,43.524973329947,
    1.538354076708));
#4041 = DIRECTION('',(0.,0.,1.));
#4042 = DIRECTION('',(1.,1.110223024625E-16,-0.));
#4043 = ORIENTED_EDGE('',*,*,#4044,.F.);
#4044 = EDGE_CURVE('',#4045,#4036,#4047,.T.);
#4045 = VERTEX_POINT('',#4046);
#4046 = CARTESIAN_POINT('',(89.725280670561,43.524973329947,0.));
#4047 = LINE('',#4048,#4049);
#4048 = CARTESIAN_POINT('',(89.725280670561,43.524973329947,0.));
#4049 = VECTOR('',#4050,1.);
#4050 = DIRECTION('',(0.,0.,1.));
#4051 = ORIENTED_EDGE('',*,*,#4052,.F.);
#4052 = EDGE_CURVE('',#4026,#4045,#4053,.T.);
#4053 = CIRCLE('',#4054,0.750012700025);
#4054 = AXIS2_PLACEMENT_3D('',#4055,#4056,#4057);
#4055 = CARTESIAN_POINT('',(90.475293370587,43.524973329947,0.));
#4056 = DIRECTION('',(0.,0.,1.));
#4057 = DIRECTION('',(1.,1.110223024625E-16,-0.));
#4058 = CYLINDRICAL_SURFACE('',#4059,0.750012700025);
#4059 = AXIS2_PLACEMENT_3D('',#4060,#4061,#4062);
#4060 = CARTESIAN_POINT('',(90.475293370587,43.524973329947,0.));
#4061 = DIRECTION('',(-0.,-0.,-1.));
#4062 = DIRECTION('',(1.,1.110223024625E-16,-0.));
#4063 = ADVANCED_FACE('',(#4064),#4082,.F.);
#4064 = FACE_BOUND('',#4065,.T.);
#4065 = EDGE_LOOP('',(#4066,#4067,#4074,#4075));
#4066 = ORIENTED_EDGE('',*,*,#4044,.T.);
#4067 = ORIENTED_EDGE('',*,*,#4068,.T.);
#4068 = EDGE_CURVE('',#4036,#4028,#4069,.T.);
#4069 = CIRCLE('',#4070,0.750012700025);
#4070 = AXIS2_PLACEMENT_3D('',#4071,#4072,#4073);
#4071 = CARTESIAN_POINT('',(90.475293370587,43.524973329947,
    1.538354076708));
#4072 = DIRECTION('',(0.,0.,1.));
#4073 = DIRECTION('',(-1.,-1.110223024625E-16,0.));
#4074 = ORIENTED_EDGE('',*,*,#4025,.F.);
#4075 = ORIENTED_EDGE('',*,*,#4076,.F.);
#4076 = EDGE_CURVE('',#4045,#4026,#4077,.T.);
#4077 = CIRCLE('',#4078,0.750012700025);
#4078 = AXIS2_PLACEMENT_3D('',#4079,#4080,#4081);
#4079 = CARTESIAN_POINT('',(90.475293370587,43.524973329947,0.));
#4080 = DIRECTION('',(0.,0.,1.));
#4081 = DIRECTION('',(-1.,-1.110223024625E-16,0.));
#4082 = CYLINDRICAL_SURFACE('',#4083,0.750012700025);
#4083 = AXIS2_PLACEMENT_3D('',#4084,#4085,#4086);
#4084 = CARTESIAN_POINT('',(90.475293370587,43.524973329947,0.));
#4085 = DIRECTION('',(-0.,-0.,-1.));
#4086 = DIRECTION('',(-1.,-1.110223024625E-16,0.));
#4087 = ADVANCED_FACE('',(#4088),#4124,.F.);
#4088 = FACE_BOUND('',#4089,.T.);
#4089 = EDGE_LOOP('',(#4090,#4100,#4109,#4117));
#4090 = ORIENTED_EDGE('',*,*,#4091,.T.);
#4091 = EDGE_CURVE('',#4092,#4094,#4096,.T.);
#4092 = VERTEX_POINT('',#4093);
#4093 = CARTESIAN_POINT('',(93.700185420371,41.000081280163,0.));
#4094 = VERTEX_POINT('',#4095);
#4095 = CARTESIAN_POINT('',(93.700185420371,41.000081280163,
    1.538354076708));
#4096 = LINE('',#4097,#4098);
#4097 = CARTESIAN_POINT('',(93.700185420371,41.000081280163,0.));
#4098 = VECTOR('',#4099,1.);
#4099 = DIRECTION('',(0.,0.,1.));
#4100 = ORIENTED_EDGE('',*,*,#4101,.T.);
#4101 = EDGE_CURVE('',#4094,#4102,#4104,.T.);
#4102 = VERTEX_POINT('',#4103);
#4103 = CARTESIAN_POINT('',(92.300185420371,41.000081280163,
    1.538354076708));
#4104 = CIRCLE('',#4105,0.7);
#4105 = AXIS2_PLACEMENT_3D('',#4106,#4107,#4108);
#4106 = CARTESIAN_POINT('',(93.000185420371,41.000081280163,
    1.538354076708));
#4107 = DIRECTION('',(0.,0.,1.));
#4108 = DIRECTION('',(1.,1.110223024625E-16,-0.));
#4109 = ORIENTED_EDGE('',*,*,#4110,.F.);
#4110 = EDGE_CURVE('',#4111,#4102,#4113,.T.);
#4111 = VERTEX_POINT('',#4112);
#4112 = CARTESIAN_POINT('',(92.300185420371,41.000081280163,0.));
#4113 = LINE('',#4114,#4115);
#4114 = CARTESIAN_POINT('',(92.300185420371,41.000081280163,0.));
#4115 = VECTOR('',#4116,1.);
#4116 = DIRECTION('',(0.,0.,1.));
#4117 = ORIENTED_EDGE('',*,*,#4118,.F.);
#4118 = EDGE_CURVE('',#4092,#4111,#4119,.T.);
#4119 = CIRCLE('',#4120,0.7);
#4120 = AXIS2_PLACEMENT_3D('',#4121,#4122,#4123);
#4121 = CARTESIAN_POINT('',(93.000185420371,41.000081280163,0.));
#4122 = DIRECTION('',(0.,0.,1.));
#4123 = DIRECTION('',(1.,1.110223024625E-16,-0.));
#4124 = CYLINDRICAL_SURFACE('',#4125,0.7);
#4125 = AXIS2_PLACEMENT_3D('',#4126,#4127,#4128);
#4126 = CARTESIAN_POINT('',(93.000185420371,41.000081280163,0.));
#4127 = DIRECTION('',(-0.,-0.,-1.));
#4128 = DIRECTION('',(1.,1.110223024625E-16,-0.));
#4129 = ADVANCED_FACE('',(#4130),#4148,.F.);
#4130 = FACE_BOUND('',#4131,.T.);
#4131 = EDGE_LOOP('',(#4132,#4133,#4140,#4141));
#4132 = ORIENTED_EDGE('',*,*,#4110,.T.);
#4133 = ORIENTED_EDGE('',*,*,#4134,.T.);
#4134 = EDGE_CURVE('',#4102,#4094,#4135,.T.);
#4135 = CIRCLE('',#4136,0.7);
#4136 = AXIS2_PLACEMENT_3D('',#4137,#4138,#4139);
#4137 = CARTESIAN_POINT('',(93.000185420371,41.000081280163,
    1.538354076708));
#4138 = DIRECTION('',(0.,0.,1.));
#4139 = DIRECTION('',(-1.,-1.110223024625E-16,0.));
#4140 = ORIENTED_EDGE('',*,*,#4091,.F.);
#4141 = ORIENTED_EDGE('',*,*,#4142,.F.);
#4142 = EDGE_CURVE('',#4111,#4092,#4143,.T.);
#4143 = CIRCLE('',#4144,0.7);
#4144 = AXIS2_PLACEMENT_3D('',#4145,#4146,#4147);
#4145 = CARTESIAN_POINT('',(93.000185420371,41.000081280163,0.));
#4146 = DIRECTION('',(0.,0.,1.));
#4147 = DIRECTION('',(-1.,-1.110223024625E-16,0.));
#4148 = CYLINDRICAL_SURFACE('',#4149,0.7);
#4149 = AXIS2_PLACEMENT_3D('',#4150,#4151,#4152);
#4150 = CARTESIAN_POINT('',(93.000185420371,41.000081280163,0.));
#4151 = DIRECTION('',(-0.,-0.,-1.));
#4152 = DIRECTION('',(-1.,-1.110223024625E-16,0.));
#4153 = ADVANCED_FACE('',(#4154),#4190,.F.);
#4154 = FACE_BOUND('',#4155,.T.);
#4155 = EDGE_LOOP('',(#4156,#4166,#4175,#4183));
#4156 = ORIENTED_EDGE('',*,*,#4157,.T.);
#4157 = EDGE_CURVE('',#4158,#4160,#4162,.T.);
#4158 = VERTEX_POINT('',#4159);
#4159 = CARTESIAN_POINT('',(96.27509017018,38.475189230378,0.));
#4160 = VERTEX_POINT('',#4161);
#4161 = CARTESIAN_POINT('',(96.27509017018,38.475189230378,
    1.538354076708));
#4162 = LINE('',#4163,#4164);
#4163 = CARTESIAN_POINT('',(96.27509017018,38.475189230378,0.));
#4164 = VECTOR('',#4165,1.);
#4165 = DIRECTION('',(0.,0.,1.));
#4166 = ORIENTED_EDGE('',*,*,#4167,.T.);
#4167 = EDGE_CURVE('',#4160,#4168,#4170,.T.);
#4168 = VERTEX_POINT('',#4169);
#4169 = CARTESIAN_POINT('',(94.77506477013,38.475189230378,
    1.538354076708));
#4170 = CIRCLE('',#4171,0.750012700025);
#4171 = AXIS2_PLACEMENT_3D('',#4172,#4173,#4174);
#4172 = CARTESIAN_POINT('',(95.525077470155,38.475189230378,
    1.538354076708));
#4173 = DIRECTION('',(0.,0.,1.));
#4174 = DIRECTION('',(1.,1.110223024625E-16,-0.));
#4175 = ORIENTED_EDGE('',*,*,#4176,.F.);
#4176 = EDGE_CURVE('',#4177,#4168,#4179,.T.);
#4177 = VERTEX_POINT('',#4178);
#4178 = CARTESIAN_POINT('',(94.77506477013,38.475189230378,0.));
#4179 = LINE('',#4180,#4181);
#4180 = CARTESIAN_POINT('',(94.77506477013,38.475189230378,0.));
#4181 = VECTOR('',#4182,1.);
#4182 = DIRECTION('',(0.,0.,1.));
#4183 = ORIENTED_EDGE('',*,*,#4184,.F.);
#4184 = EDGE_CURVE('',#4158,#4177,#4185,.T.);
#4185 = CIRCLE('',#4186,0.750012700025);
#4186 = AXIS2_PLACEMENT_3D('',#4187,#4188,#4189);
#4187 = CARTESIAN_POINT('',(95.525077470155,38.475189230378,0.));
#4188 = DIRECTION('',(0.,0.,1.));
#4189 = DIRECTION('',(1.,1.110223024625E-16,-0.));
#4190 = CYLINDRICAL_SURFACE('',#4191,0.750012700025);
#4191 = AXIS2_PLACEMENT_3D('',#4192,#4193,#4194);
#4192 = CARTESIAN_POINT('',(95.525077470155,38.475189230378,0.));
#4193 = DIRECTION('',(-0.,-0.,-1.));
#4194 = DIRECTION('',(1.,1.110223024625E-16,-0.));
#4195 = ADVANCED_FACE('',(#4196),#4214,.F.);
#4196 = FACE_BOUND('',#4197,.T.);
#4197 = EDGE_LOOP('',(#4198,#4199,#4206,#4207));
#4198 = ORIENTED_EDGE('',*,*,#4176,.T.);
#4199 = ORIENTED_EDGE('',*,*,#4200,.T.);
#4200 = EDGE_CURVE('',#4168,#4160,#4201,.T.);
#4201 = CIRCLE('',#4202,0.750012700025);
#4202 = AXIS2_PLACEMENT_3D('',#4203,#4204,#4205);
#4203 = CARTESIAN_POINT('',(95.525077470155,38.475189230378,
    1.538354076708));
#4204 = DIRECTION('',(0.,0.,1.));
#4205 = DIRECTION('',(-1.,-1.110223024625E-16,0.));
#4206 = ORIENTED_EDGE('',*,*,#4157,.F.);
#4207 = ORIENTED_EDGE('',*,*,#4208,.F.);
#4208 = EDGE_CURVE('',#4177,#4158,#4209,.T.);
#4209 = CIRCLE('',#4210,0.750012700025);
#4210 = AXIS2_PLACEMENT_3D('',#4211,#4212,#4213);
#4211 = CARTESIAN_POINT('',(95.525077470155,38.475189230378,0.));
#4212 = DIRECTION('',(0.,0.,1.));
#4213 = DIRECTION('',(-1.,-1.110223024625E-16,0.));
#4214 = CYLINDRICAL_SURFACE('',#4215,0.750012700025);
#4215 = AXIS2_PLACEMENT_3D('',#4216,#4217,#4218);
#4216 = CARTESIAN_POINT('',(95.525077470155,38.475189230378,0.));
#4217 = DIRECTION('',(-0.,-0.,-1.));
#4218 = DIRECTION('',(-1.,-1.110223024625E-16,0.));
#4219 = ADVANCED_FACE('',(#4220),#4256,.F.);
#4220 = FACE_BOUND('',#4221,.T.);
#4221 = EDGE_LOOP('',(#4222,#4232,#4241,#4249));
#4222 = ORIENTED_EDGE('',*,*,#4223,.T.);
#4223 = EDGE_CURVE('',#4224,#4226,#4228,.T.);
#4224 = VERTEX_POINT('',#4225);
#4225 = CARTESIAN_POINT('',(96.27509017018,43.524973329947,0.));
#4226 = VERTEX_POINT('',#4227);
#4227 = CARTESIAN_POINT('',(96.27509017018,43.524973329947,
    1.538354076708));
#4228 = LINE('',#4229,#4230);
#4229 = CARTESIAN_POINT('',(96.27509017018,43.524973329947,0.));
#4230 = VECTOR('',#4231,1.);
#4231 = DIRECTION('',(0.,0.,1.));
#4232 = ORIENTED_EDGE('',*,*,#4233,.T.);
#4233 = EDGE_CURVE('',#4226,#4234,#4236,.T.);
#4234 = VERTEX_POINT('',#4235);
#4235 = CARTESIAN_POINT('',(94.77506477013,43.524973329947,
    1.538354076708));
#4236 = CIRCLE('',#4237,0.750012700025);
#4237 = AXIS2_PLACEMENT_3D('',#4238,#4239,#4240);
#4238 = CARTESIAN_POINT('',(95.525077470155,43.524973329947,
    1.538354076708));
#4239 = DIRECTION('',(0.,0.,1.));
#4240 = DIRECTION('',(1.,1.110223024625E-16,-0.));
#4241 = ORIENTED_EDGE('',*,*,#4242,.F.);
#4242 = EDGE_CURVE('',#4243,#4234,#4245,.T.);
#4243 = VERTEX_POINT('',#4244);
#4244 = CARTESIAN_POINT('',(94.77506477013,43.524973329947,0.));
#4245 = LINE('',#4246,#4247);
#4246 = CARTESIAN_POINT('',(94.77506477013,43.524973329947,0.));
#4247 = VECTOR('',#4248,1.);
#4248 = DIRECTION('',(0.,0.,1.));
#4249 = ORIENTED_EDGE('',*,*,#4250,.F.);
#4250 = EDGE_CURVE('',#4224,#4243,#4251,.T.);
#4251 = CIRCLE('',#4252,0.750012700025);
#4252 = AXIS2_PLACEMENT_3D('',#4253,#4254,#4255);
#4253 = CARTESIAN_POINT('',(95.525077470155,43.524973329947,0.));
#4254 = DIRECTION('',(0.,0.,1.));
#4255 = DIRECTION('',(1.,1.110223024625E-16,-0.));
#4256 = CYLINDRICAL_SURFACE('',#4257,0.750012700025);
#4257 = AXIS2_PLACEMENT_3D('',#4258,#4259,#4260);
#4258 = CARTESIAN_POINT('',(95.525077470155,43.524973329947,0.));
#4259 = DIRECTION('',(-0.,-0.,-1.));
#4260 = DIRECTION('',(1.,1.110223024625E-16,-0.));
#4261 = ADVANCED_FACE('',(#4262),#4280,.F.);
#4262 = FACE_BOUND('',#4263,.T.);
#4263 = EDGE_LOOP('',(#4264,#4265,#4272,#4273));
#4264 = ORIENTED_EDGE('',*,*,#4242,.T.);
#4265 = ORIENTED_EDGE('',*,*,#4266,.T.);
#4266 = EDGE_CURVE('',#4234,#4226,#4267,.T.);
#4267 = CIRCLE('',#4268,0.750012700025);
#4268 = AXIS2_PLACEMENT_3D('',#4269,#4270,#4271);
#4269 = CARTESIAN_POINT('',(95.525077470155,43.524973329947,
    1.538354076708));
#4270 = DIRECTION('',(0.,0.,1.));
#4271 = DIRECTION('',(-1.,-1.110223024625E-16,0.));
#4272 = ORIENTED_EDGE('',*,*,#4223,.F.);
#4273 = ORIENTED_EDGE('',*,*,#4274,.F.);
#4274 = EDGE_CURVE('',#4243,#4224,#4275,.T.);
#4275 = CIRCLE('',#4276,0.750012700025);
#4276 = AXIS2_PLACEMENT_3D('',#4277,#4278,#4279);
#4277 = CARTESIAN_POINT('',(95.525077470155,43.524973329947,0.));
#4278 = DIRECTION('',(0.,0.,1.));
#4279 = DIRECTION('',(-1.,-1.110223024625E-16,0.));
#4280 = CYLINDRICAL_SURFACE('',#4281,0.750012700025);
#4281 = AXIS2_PLACEMENT_3D('',#4282,#4283,#4284);
#4282 = CARTESIAN_POINT('',(95.525077470155,43.524973329947,0.));
#4283 = DIRECTION('',(-0.,-0.,-1.));
#4284 = DIRECTION('',(-1.,-1.110223024625E-16,0.));
#4285 = ADVANCED_FACE('',(#4286,#4296,#4302,#4308,#4314,#4320,#4326,
    #4332,#4336,#4340,#4344,#4348,#4352,#4356,#4362,#4368,#4374,#4380,
    #4386,#4392,#4396,#4400,#4404,#4408,#4412,#4416,#4420,#4424),#4428,
  .T.);
#4286 = FACE_BOUND('',#4287,.T.);
#4287 = EDGE_LOOP('',(#4288,#4289,#4290,#4291,#4292,#4293,#4294,#4295));
#4288 = ORIENTED_EDGE('',*,*,#1533,.T.);
#4289 = ORIENTED_EDGE('',*,*,#1565,.T.);
#4290 = ORIENTED_EDGE('',*,*,#1597,.T.);
#4291 = ORIENTED_EDGE('',*,*,#1629,.T.);
#4292 = ORIENTED_EDGE('',*,*,#1661,.T.);
#4293 = ORIENTED_EDGE('',*,*,#1693,.T.);
#4294 = ORIENTED_EDGE('',*,*,#1725,.T.);
#4295 = ORIENTED_EDGE('',*,*,#1748,.T.);
#4296 = FACE_BOUND('',#4297,.T.);
#4297 = EDGE_LOOP('',(#4298,#4299,#4300,#4301));
#4298 = ORIENTED_EDGE('',*,*,#1789,.T.);
#4299 = ORIENTED_EDGE('',*,*,#1821,.T.);
#4300 = ORIENTED_EDGE('',*,*,#1853,.T.);
#4301 = ORIENTED_EDGE('',*,*,#1876,.T.);
#4302 = FACE_BOUND('',#4303,.T.);
#4303 = EDGE_LOOP('',(#4304,#4305,#4306,#4307));
#4304 = ORIENTED_EDGE('',*,*,#1917,.T.);
#4305 = ORIENTED_EDGE('',*,*,#1949,.T.);
#4306 = ORIENTED_EDGE('',*,*,#1981,.T.);
#4307 = ORIENTED_EDGE('',*,*,#2004,.T.);
#4308 = FACE_BOUND('',#4309,.T.);
#4309 = EDGE_LOOP('',(#4310,#4311,#4312,#4313));
#4310 = ORIENTED_EDGE('',*,*,#2045,.T.);
#4311 = ORIENTED_EDGE('',*,*,#2077,.T.);
#4312 = ORIENTED_EDGE('',*,*,#2109,.T.);
#4313 = ORIENTED_EDGE('',*,*,#2132,.T.);
#4314 = FACE_BOUND('',#4315,.T.);
#4315 = EDGE_LOOP('',(#4316,#4317,#4318,#4319));
#4316 = ORIENTED_EDGE('',*,*,#2173,.T.);
#4317 = ORIENTED_EDGE('',*,*,#2205,.T.);
#4318 = ORIENTED_EDGE('',*,*,#2237,.T.);
#4319 = ORIENTED_EDGE('',*,*,#2260,.T.);
#4320 = FACE_BOUND('',#4321,.T.);
#4321 = EDGE_LOOP('',(#4322,#4323,#4324,#4325));
#4322 = ORIENTED_EDGE('',*,*,#2301,.T.);
#4323 = ORIENTED_EDGE('',*,*,#2333,.T.);
#4324 = ORIENTED_EDGE('',*,*,#2365,.T.);
#4325 = ORIENTED_EDGE('',*,*,#2388,.T.);
#4326 = FACE_BOUND('',#4327,.T.);
#4327 = EDGE_LOOP('',(#4328,#4329,#4330,#4331));
#4328 = ORIENTED_EDGE('',*,*,#2429,.T.);
#4329 = ORIENTED_EDGE('',*,*,#2461,.T.);
#4330 = ORIENTED_EDGE('',*,*,#2493,.T.);
#4331 = ORIENTED_EDGE('',*,*,#2516,.T.);
#4332 = FACE_BOUND('',#4333,.T.);
#4333 = EDGE_LOOP('',(#4334,#4335));
#4334 = ORIENTED_EDGE('',*,*,#2558,.T.);
#4335 = ORIENTED_EDGE('',*,*,#2582,.T.);
#4336 = FACE_BOUND('',#4337,.T.);
#4337 = EDGE_LOOP('',(#4338,#4339));
#4338 = ORIENTED_EDGE('',*,*,#2624,.T.);
#4339 = ORIENTED_EDGE('',*,*,#2648,.T.);
#4340 = FACE_BOUND('',#4341,.T.);
#4341 = EDGE_LOOP('',(#4342,#4343));
#4342 = ORIENTED_EDGE('',*,*,#2690,.T.);
#4343 = ORIENTED_EDGE('',*,*,#2714,.T.);
#4344 = FACE_BOUND('',#4345,.T.);
#4345 = EDGE_LOOP('',(#4346,#4347));
#4346 = ORIENTED_EDGE('',*,*,#2756,.T.);
#4347 = ORIENTED_EDGE('',*,*,#2780,.T.);
#4348 = FACE_BOUND('',#4349,.T.);
#4349 = EDGE_LOOP('',(#4350,#4351));
#4350 = ORIENTED_EDGE('',*,*,#2822,.T.);
#4351 = ORIENTED_EDGE('',*,*,#2846,.T.);
#4352 = FACE_BOUND('',#4353,.T.);
#4353 = EDGE_LOOP('',(#4354,#4355));
#4354 = ORIENTED_EDGE('',*,*,#2888,.T.);
#4355 = ORIENTED_EDGE('',*,*,#2912,.T.);
#4356 = FACE_BOUND('',#4357,.T.);
#4357 = EDGE_LOOP('',(#4358,#4359,#4360,#4361));
#4358 = ORIENTED_EDGE('',*,*,#2953,.T.);
#4359 = ORIENTED_EDGE('',*,*,#2985,.T.);
#4360 = ORIENTED_EDGE('',*,*,#3017,.T.);
#4361 = ORIENTED_EDGE('',*,*,#3040,.T.);
#4362 = FACE_BOUND('',#4363,.T.);
#4363 = EDGE_LOOP('',(#4364,#4365,#4366,#4367));
#4364 = ORIENTED_EDGE('',*,*,#3081,.T.);
#4365 = ORIENTED_EDGE('',*,*,#3113,.T.);
#4366 = ORIENTED_EDGE('',*,*,#3145,.T.);
#4367 = ORIENTED_EDGE('',*,*,#3168,.T.);
#4368 = FACE_BOUND('',#4369,.T.);
#4369 = EDGE_LOOP('',(#4370,#4371,#4372,#4373));
#4370 = ORIENTED_EDGE('',*,*,#3209,.T.);
#4371 = ORIENTED_EDGE('',*,*,#3241,.T.);
#4372 = ORIENTED_EDGE('',*,*,#3273,.T.);
#4373 = ORIENTED_EDGE('',*,*,#3296,.T.);
#4374 = FACE_BOUND('',#4375,.T.);
#4375 = EDGE_LOOP('',(#4376,#4377,#4378,#4379));
#4376 = ORIENTED_EDGE('',*,*,#3337,.T.);
#4377 = ORIENTED_EDGE('',*,*,#3369,.T.);
#4378 = ORIENTED_EDGE('',*,*,#3401,.T.);
#4379 = ORIENTED_EDGE('',*,*,#3424,.T.);
#4380 = FACE_BOUND('',#4381,.T.);
#4381 = EDGE_LOOP('',(#4382,#4383,#4384,#4385));
#4382 = ORIENTED_EDGE('',*,*,#3465,.T.);
#4383 = ORIENTED_EDGE('',*,*,#3497,.T.);
#4384 = ORIENTED_EDGE('',*,*,#3529,.T.);
#4385 = ORIENTED_EDGE('',*,*,#3552,.T.);
#4386 = FACE_BOUND('',#4387,.T.);
#4387 = EDGE_LOOP('',(#4388,#4389,#4390,#4391));
#4388 = ORIENTED_EDGE('',*,*,#3593,.T.);
#4389 = ORIENTED_EDGE('',*,*,#3625,.T.);
#4390 = ORIENTED_EDGE('',*,*,#3657,.T.);
#4391 = ORIENTED_EDGE('',*,*,#3680,.T.);
#4392 = FACE_BOUND('',#4393,.T.);
#4393 = EDGE_LOOP('',(#4394,#4395));
#4394 = ORIENTED_EDGE('',*,*,#3722,.T.);
#4395 = ORIENTED_EDGE('',*,*,#3746,.T.);
#4396 = FACE_BOUND('',#4397,.T.);
#4397 = EDGE_LOOP('',(#4398,#4399));
#4398 = ORIENTED_EDGE('',*,*,#3788,.T.);
#4399 = ORIENTED_EDGE('',*,*,#3812,.T.);
#4400 = FACE_BOUND('',#4401,.T.);
#4401 = EDGE_LOOP('',(#4402,#4403));
#4402 = ORIENTED_EDGE('',*,*,#3854,.T.);
#4403 = ORIENTED_EDGE('',*,*,#3878,.T.);
#4404 = FACE_BOUND('',#4405,.T.);
#4405 = EDGE_LOOP('',(#4406,#4407));
#4406 = ORIENTED_EDGE('',*,*,#3920,.T.);
#4407 = ORIENTED_EDGE('',*,*,#3944,.T.);
#4408 = FACE_BOUND('',#4409,.T.);
#4409 = EDGE_LOOP('',(#4410,#4411));
#4410 = ORIENTED_EDGE('',*,*,#3986,.T.);
#4411 = ORIENTED_EDGE('',*,*,#4010,.T.);
#4412 = FACE_BOUND('',#4413,.T.);
#4413 = EDGE_LOOP('',(#4414,#4415));
#4414 = ORIENTED_EDGE('',*,*,#4052,.T.);
#4415 = ORIENTED_EDGE('',*,*,#4076,.T.);
#4416 = FACE_BOUND('',#4417,.T.);
#4417 = EDGE_LOOP('',(#4418,#4419));
#4418 = ORIENTED_EDGE('',*,*,#4118,.T.);
#4419 = ORIENTED_EDGE('',*,*,#4142,.T.);
#4420 = FACE_BOUND('',#4421,.T.);
#4421 = EDGE_LOOP('',(#4422,#4423));
#4422 = ORIENTED_EDGE('',*,*,#4184,.T.);
#4423 = ORIENTED_EDGE('',*,*,#4208,.T.);
#4424 = FACE_BOUND('',#4425,.T.);
#4425 = EDGE_LOOP('',(#4426,#4427));
#4426 = ORIENTED_EDGE('',*,*,#4250,.T.);
#4427 = ORIENTED_EDGE('',*,*,#4274,.T.);
#4428 = PLANE('',#4429);
#4429 = AXIS2_PLACEMENT_3D('',#4430,#4431,#4432);
#4430 = CARTESIAN_POINT('',(50.000100330201,26.000052070104,0.));
#4431 = DIRECTION('',(-0.,-0.,-1.));
#4432 = DIRECTION('',(-1.,0.,0.));
#4433 = ADVANCED_FACE('',(#4434,#4444,#4450,#4456,#4462,#4468,#4474,
    #4480,#4484,#4488,#4492,#4496,#4500,#4504,#4510,#4516,#4522,#4528,
    #4534,#4540,#4544,#4548,#4552,#4556,#4560,#4564,#4568,#4572),#4576,
  .F.);
#4434 = FACE_BOUND('',#4435,.F.);
#4435 = EDGE_LOOP('',(#4436,#4437,#4438,#4439,#4440,#4441,#4442,#4443));
#4436 = ORIENTED_EDGE('',*,*,#1517,.T.);
#4437 = ORIENTED_EDGE('',*,*,#1548,.T.);
#4438 = ORIENTED_EDGE('',*,*,#1581,.T.);
#4439 = ORIENTED_EDGE('',*,*,#1612,.T.);
#4440 = ORIENTED_EDGE('',*,*,#1645,.T.);
#4441 = ORIENTED_EDGE('',*,*,#1676,.T.);
#4442 = ORIENTED_EDGE('',*,*,#1709,.T.);
#4443 = ORIENTED_EDGE('',*,*,#1740,.T.);
#4444 = FACE_BOUND('',#4445,.F.);
#4445 = EDGE_LOOP('',(#4446,#4447,#4448,#4449));
#4446 = ORIENTED_EDGE('',*,*,#1773,.T.);
#4447 = ORIENTED_EDGE('',*,*,#1804,.T.);
#4448 = ORIENTED_EDGE('',*,*,#1837,.T.);
#4449 = ORIENTED_EDGE('',*,*,#1868,.T.);
#4450 = FACE_BOUND('',#4451,.F.);
#4451 = EDGE_LOOP('',(#4452,#4453,#4454,#4455));
#4452 = ORIENTED_EDGE('',*,*,#1901,.T.);
#4453 = ORIENTED_EDGE('',*,*,#1932,.T.);
#4454 = ORIENTED_EDGE('',*,*,#1965,.T.);
#4455 = ORIENTED_EDGE('',*,*,#1996,.T.);
#4456 = FACE_BOUND('',#4457,.F.);
#4457 = EDGE_LOOP('',(#4458,#4459,#4460,#4461));
#4458 = ORIENTED_EDGE('',*,*,#2029,.T.);
#4459 = ORIENTED_EDGE('',*,*,#2060,.T.);
#4460 = ORIENTED_EDGE('',*,*,#2093,.T.);
#4461 = ORIENTED_EDGE('',*,*,#2124,.T.);
#4462 = FACE_BOUND('',#4463,.F.);
#4463 = EDGE_LOOP('',(#4464,#4465,#4466,#4467));
#4464 = ORIENTED_EDGE('',*,*,#2157,.T.);
#4465 = ORIENTED_EDGE('',*,*,#2188,.T.);
#4466 = ORIENTED_EDGE('',*,*,#2221,.T.);
#4467 = ORIENTED_EDGE('',*,*,#2252,.T.);
#4468 = FACE_BOUND('',#4469,.F.);
#4469 = EDGE_LOOP('',(#4470,#4471,#4472,#4473));
#4470 = ORIENTED_EDGE('',*,*,#2285,.T.);
#4471 = ORIENTED_EDGE('',*,*,#2316,.T.);
#4472 = ORIENTED_EDGE('',*,*,#2349,.T.);
#4473 = ORIENTED_EDGE('',*,*,#2380,.T.);
#4474 = FACE_BOUND('',#4475,.F.);
#4475 = EDGE_LOOP('',(#4476,#4477,#4478,#4479));
#4476 = ORIENTED_EDGE('',*,*,#2413,.T.);
#4477 = ORIENTED_EDGE('',*,*,#2444,.T.);
#4478 = ORIENTED_EDGE('',*,*,#2477,.T.);
#4479 = ORIENTED_EDGE('',*,*,#2508,.T.);
#4480 = FACE_BOUND('',#4481,.F.);
#4481 = EDGE_LOOP('',(#4482,#4483));
#4482 = ORIENTED_EDGE('',*,*,#2541,.T.);
#4483 = ORIENTED_EDGE('',*,*,#2574,.T.);
#4484 = FACE_BOUND('',#4485,.F.);
#4485 = EDGE_LOOP('',(#4486,#4487));
#4486 = ORIENTED_EDGE('',*,*,#2607,.T.);
#4487 = ORIENTED_EDGE('',*,*,#2640,.T.);
#4488 = FACE_BOUND('',#4489,.F.);
#4489 = EDGE_LOOP('',(#4490,#4491));
#4490 = ORIENTED_EDGE('',*,*,#2673,.T.);
#4491 = ORIENTED_EDGE('',*,*,#2706,.T.);
#4492 = FACE_BOUND('',#4493,.F.);
#4493 = EDGE_LOOP('',(#4494,#4495));
#4494 = ORIENTED_EDGE('',*,*,#2739,.T.);
#4495 = ORIENTED_EDGE('',*,*,#2772,.T.);
#4496 = FACE_BOUND('',#4497,.F.);
#4497 = EDGE_LOOP('',(#4498,#4499));
#4498 = ORIENTED_EDGE('',*,*,#2805,.T.);
#4499 = ORIENTED_EDGE('',*,*,#2838,.T.);
#4500 = FACE_BOUND('',#4501,.F.);
#4501 = EDGE_LOOP('',(#4502,#4503));
#4502 = ORIENTED_EDGE('',*,*,#2871,.T.);
#4503 = ORIENTED_EDGE('',*,*,#2904,.T.);
#4504 = FACE_BOUND('',#4505,.F.);
#4505 = EDGE_LOOP('',(#4506,#4507,#4508,#4509));
#4506 = ORIENTED_EDGE('',*,*,#2937,.T.);
#4507 = ORIENTED_EDGE('',*,*,#2968,.T.);
#4508 = ORIENTED_EDGE('',*,*,#3001,.T.);
#4509 = ORIENTED_EDGE('',*,*,#3032,.T.);
#4510 = FACE_BOUND('',#4511,.F.);
#4511 = EDGE_LOOP('',(#4512,#4513,#4514,#4515));
#4512 = ORIENTED_EDGE('',*,*,#3065,.T.);
#4513 = ORIENTED_EDGE('',*,*,#3096,.T.);
#4514 = ORIENTED_EDGE('',*,*,#3129,.T.);
#4515 = ORIENTED_EDGE('',*,*,#3160,.T.);
#4516 = FACE_BOUND('',#4517,.F.);
#4517 = EDGE_LOOP('',(#4518,#4519,#4520,#4521));
#4518 = ORIENTED_EDGE('',*,*,#3193,.T.);
#4519 = ORIENTED_EDGE('',*,*,#3224,.T.);
#4520 = ORIENTED_EDGE('',*,*,#3257,.T.);
#4521 = ORIENTED_EDGE('',*,*,#3288,.T.);
#4522 = FACE_BOUND('',#4523,.F.);
#4523 = EDGE_LOOP('',(#4524,#4525,#4526,#4527));
#4524 = ORIENTED_EDGE('',*,*,#3321,.T.);
#4525 = ORIENTED_EDGE('',*,*,#3352,.T.);
#4526 = ORIENTED_EDGE('',*,*,#3385,.T.);
#4527 = ORIENTED_EDGE('',*,*,#3416,.T.);
#4528 = FACE_BOUND('',#4529,.F.);
#4529 = EDGE_LOOP('',(#4530,#4531,#4532,#4533));
#4530 = ORIENTED_EDGE('',*,*,#3449,.T.);
#4531 = ORIENTED_EDGE('',*,*,#3480,.T.);
#4532 = ORIENTED_EDGE('',*,*,#3513,.T.);
#4533 = ORIENTED_EDGE('',*,*,#3544,.T.);
#4534 = FACE_BOUND('',#4535,.F.);
#4535 = EDGE_LOOP('',(#4536,#4537,#4538,#4539));
#4536 = ORIENTED_EDGE('',*,*,#3577,.T.);
#4537 = ORIENTED_EDGE('',*,*,#3608,.T.);
#4538 = ORIENTED_EDGE('',*,*,#3641,.T.);
#4539 = ORIENTED_EDGE('',*,*,#3672,.T.);
#4540 = FACE_BOUND('',#4541,.F.);
#4541 = EDGE_LOOP('',(#4542,#4543));
#4542 = ORIENTED_EDGE('',*,*,#3705,.T.);
#4543 = ORIENTED_EDGE('',*,*,#3738,.T.);
#4544 = FACE_BOUND('',#4545,.F.);
#4545 = EDGE_LOOP('',(#4546,#4547));
#4546 = ORIENTED_EDGE('',*,*,#3771,.T.);
#4547 = ORIENTED_EDGE('',*,*,#3804,.T.);
#4548 = FACE_BOUND('',#4549,.F.);
#4549 = EDGE_LOOP('',(#4550,#4551));
#4550 = ORIENTED_EDGE('',*,*,#3837,.T.);
#4551 = ORIENTED_EDGE('',*,*,#3870,.T.);
#4552 = FACE_BOUND('',#4553,.F.);
#4553 = EDGE_LOOP('',(#4554,#4555));
#4554 = ORIENTED_EDGE('',*,*,#3903,.T.);
#4555 = ORIENTED_EDGE('',*,*,#3936,.T.);
#4556 = FACE_BOUND('',#4557,.F.);
#4557 = EDGE_LOOP('',(#4558,#4559));
#4558 = ORIENTED_EDGE('',*,*,#3969,.T.);
#4559 = ORIENTED_EDGE('',*,*,#4002,.T.);
#4560 = FACE_BOUND('',#4561,.F.);
#4561 = EDGE_LOOP('',(#4562,#4563));
#4562 = ORIENTED_EDGE('',*,*,#4035,.T.);
#4563 = ORIENTED_EDGE('',*,*,#4068,.T.);
#4564 = FACE_BOUND('',#4565,.F.);
#4565 = EDGE_LOOP('',(#4566,#4567));
#4566 = ORIENTED_EDGE('',*,*,#4101,.T.);
#4567 = ORIENTED_EDGE('',*,*,#4134,.T.);
#4568 = FACE_BOUND('',#4569,.F.);
#4569 = EDGE_LOOP('',(#4570,#4571));
#4570 = ORIENTED_EDGE('',*,*,#4167,.T.);
#4571 = ORIENTED_EDGE('',*,*,#4200,.T.);
#4572 = FACE_BOUND('',#4573,.F.);
#4573 = EDGE_LOOP('',(#4574,#4575));
#4574 = ORIENTED_EDGE('',*,*,#4233,.T.);
#4575 = ORIENTED_EDGE('',*,*,#4266,.T.);
#4576 = PLANE('',#4577);
#4577 = AXIS2_PLACEMENT_3D('',#4578,#4579,#4580);
#4578 = CARTESIAN_POINT('',(50.000100330201,26.000052070104,
    1.538354076708));
#4579 = DIRECTION('',(-0.,-0.,-1.));
#4580 = DIRECTION('',(-1.,0.,0.));
#4581 = ( GEOMETRIC_REPRESENTATION_CONTEXT(3) 
GLOBAL_UNCERTAINTY_ASSIGNED_CONTEXT((#4585)) 
GLOBAL_UNIT_ASSIGNED_CONTEXT((#4582,#4583,#4584)) REPRESENTATION_CONTEXT
('Context #1','3D Context with UNIT and UNCERTAINTY') );
#4582 = ( LENGTH_UNIT() NAMED_UNIT(*) SI_UNIT(.MILLI.,.METRE.) );
#4583 = ( NAMED_UNIT(*) PLANE_ANGLE_UNIT() SI_UNIT($,.RADIAN.) );
#4584 = ( NAMED_UNIT(*) SI_UNIT($,.STERADIAN.) SOLID_ANGLE_UNIT() );
#4585 = UNCERTAINTY_MEASURE_WITH_UNIT(LENGTH_MEASURE(1.E-07),#4582,
  'distance_accuracy_value','confusion accuracy');
#4586 = CONTEXT_DEPENDENT_SHAPE_REPRESENTATION(#4587,#4589);
#4587 = ( REPRESENTATION_RELATIONSHIP('','',#1500,#10) 
REPRESENTATION_RELATIONSHIP_WITH_TRANSFORMATION(#4588) 
SHAPE_REPRESENTATION_RELATIONSHIP() );
#4588 = ITEM_DEFINED_TRANSFORMATION('','',#11,#15);
#4589 = PRODUCT_DEFINITION_SHAPE('Placement','Placement of an item',
  #4590);
#4590 = NEXT_ASSEMBLY_USAGE_OCCURRENCE('1','=>[0:1:1:2]','',#5,#1495,$);
#4591 = PRODUCT_RELATED_PRODUCT_CATEGORY('part',$,(#1497));
#4592 = SHAPE_DEFINITION_REPRESENTATION(#4593,#4599);
#4593 = PRODUCT_DEFINITION_SHAPE('','',#4594);
#4594 = PRODUCT_DEFINITION('design','',#4595,#4598);
#4595 = PRODUCT_DEFINITION_FORMATION('','',#4596);
#4596 = PRODUCT('TopCopper~5ZeZ','TopCopper~5ZeZ','',(#4597));
#4597 = PRODUCT_CONTEXT('',#2,'mechanical');
#4598 = PRODUCT_DEFINITION_CONTEXT('part definition',#2,'design');
#4599 = SHAPE_REPRESENTATION('',(#11),#4600);
#4600 = ( GEOMETRIC_REPRESENTATION_CONTEXT(3) 
GLOBAL_UNCERTAINTY_ASSIGNED_CONTEXT((#4604)) 
GLOBAL_UNIT_ASSIGNED_CONTEXT((#4601,#4602,#4603)) REPRESENTATION_CONTEXT
('Context #1','3D Context with UNIT and UNCERTAINTY') );
#4601 = ( LENGTH_UNIT() NAMED_UNIT(*) SI_UNIT(.MILLI.,.METRE.) );
#4602 = ( NAMED_UNIT(*) PLANE_ANGLE_UNIT() SI_UNIT($,.RADIAN.) );
#4603 = ( NAMED_UNIT(*) SI_UNIT($,.STERADIAN.) SOLID_ANGLE_UNIT() );
#4604 = UNCERTAINTY_MEASURE_WITH_UNIT(LENGTH_MEASURE(1.E-07),#4601,
  'distance_accuracy_value','confusion accuracy');
#4605 = CONTEXT_DEPENDENT_SHAPE_REPRESENTATION(#4606,#4608);
#4606 = ( REPRESENTATION_RELATIONSHIP('','',#4599,#10) 
REPRESENTATION_RELATIONSHIP_WITH_TRANSFORMATION(#4607) 
SHAPE_REPRESENTATION_RELATIONSHIP() );
#4607 = ITEM_DEFINED_TRANSFORMATION('','',#11,#19);
#4608 = PRODUCT_DEFINITION_SHAPE('Placement','Placement of an item',
  #4609);
#4609 = NEXT_ASSEMBLY_USAGE_OCCURRENCE('2','=>[0:1:1:3]','',#5,#4594,$);
#4610 = PRODUCT_RELATED_PRODUCT_CATEGORY('part',$,(#4596));
#4611 = SHAPE_DEFINITION_REPRESENTATION(#4612,#4618);
#4612 = PRODUCT_DEFINITION_SHAPE('','',#4613);
#4613 = PRODUCT_DEFINITION('design','',#4614,#4617);
#4614 = PRODUCT_DEFINITION_FORMATION('','',#4615);
#4615 = PRODUCT('BottomCopper~5ZeZ','BottomCopper~5ZeZ','',(#4616));
#4616 = PRODUCT_CONTEXT('',#2,'mechanical');
#4617 = PRODUCT_DEFINITION_CONTEXT('part definition',#2,'design');
#4618 = SHAPE_REPRESENTATION('',(#11),#4619);
#4619 = ( GEOMETRIC_REPRESENTATION_CONTEXT(3) 
GLOBAL_UNCERTAINTY_ASSIGNED_CONTEXT((#4623)) 
GLOBAL_UNIT_ASSIGNED_CONTEXT((#4620,#4621,#4622)) REPRESENTATION_CONTEXT
('Context #1','3D Context with UNIT and UNCERTAINTY') );
#4620 = ( LENGTH_UNIT() NAMED_UNIT(*) SI_UNIT(.MILLI.,.METRE.) );
#4621 = ( NAMED_UNIT(*) PLANE_ANGLE_UNIT() SI_UNIT($,.RADIAN.) );
#4622 = ( NAMED_UNIT(*) SI_UNIT($,.STERADIAN.) SOLID_ANGLE_UNIT() );
#4623 = UNCERTAINTY_MEASURE_WITH_UNIT(LENGTH_MEASURE(1.E-07),#4620,
  'distance_accuracy_value','confusion accuracy');
#4624 = CONTEXT_DEPENDENT_SHAPE_REPRESENTATION(#4625,#4627);
#4625 = ( REPRESENTATION_RELATIONSHIP('','',#4618,#10) 
REPRESENTATION_RELATIONSHIP_WITH_TRANSFORMATION(#4626) 
SHAPE_REPRESENTATION_RELATIONSHIP() );
#4626 = ITEM_DEFINED_TRANSFORMATION('','',#11,#23);
#4627 = PRODUCT_DEFINITION_SHAPE('Placement','Placement of an item',
  #4628);
#4628 = NEXT_ASSEMBLY_USAGE_OCCURRENCE('3','=>[0:1:1:4]','',#5,#4613,$);
#4629 = PRODUCT_RELATED_PRODUCT_CATEGORY('part',$,(#4615));
#4630 = SHAPE_DEFINITION_REPRESENTATION(#4631,#4637);
#4631 = PRODUCT_DEFINITION_SHAPE('','',#4632);
#4632 = PRODUCT_DEFINITION('design','',#4633,#4636);
#4633 = PRODUCT_DEFINITION_FORMATION('','',#4634);
#4634 = PRODUCT('TopFpcStiffener~5ZeZ','TopFpcStiffener~5ZeZ','',(#4635)
  );
#4635 = PRODUCT_CONTEXT('',#2,'mechanical');
#4636 = PRODUCT_DEFINITION_CONTEXT('part definition',#2,'design');
#4637 = SHAPE_REPRESENTATION('',(#11),#4638);
#4638 = ( GEOMETRIC_REPRESENTATION_CONTEXT(3) 
GLOBAL_UNCERTAINTY_ASSIGNED_CONTEXT((#4642)) 
GLOBAL_UNIT_ASSIGNED_CONTEXT((#4639,#4640,#4641)) REPRESENTATION_CONTEXT
('Context #1','3D Context with UNIT and UNCERTAINTY') );
#4639 = ( LENGTH_UNIT() NAMED_UNIT(*) SI_UNIT(.MILLI.,.METRE.) );
#4640 = ( NAMED_UNIT(*) PLANE_ANGLE_UNIT() SI_UNIT($,.RADIAN.) );
#4641 = ( NAMED_UNIT(*) SI_UNIT($,.STERADIAN.) SOLID_ANGLE_UNIT() );
#4642 = UNCERTAINTY_MEASURE_WITH_UNIT(LENGTH_MEASURE(1.E-07),#4639,
  'distance_accuracy_value','confusion accuracy');
#4643 = CONTEXT_DEPENDENT_SHAPE_REPRESENTATION(#4644,#4646);
#4644 = ( REPRESENTATION_RELATIONSHIP('','',#4637,#10) 
REPRESENTATION_RELATIONSHIP_WITH_TRANSFORMATION(#4645) 
SHAPE_REPRESENTATION_RELATIONSHIP() );
#4645 = ITEM_DEFINED_TRANSFORMATION('','',#11,#27);
#4646 = PRODUCT_DEFINITION_SHAPE('Placement','Placement of an item',
  #4647);
#4647 = NEXT_ASSEMBLY_USAGE_OCCURRENCE('4','=>[0:1:1:5]','',#5,#4632,$);
#4648 = PRODUCT_RELATED_PRODUCT_CATEGORY('part',$,(#4634));
#4649 = SHAPE_DEFINITION_REPRESENTATION(#4650,#4656);
#4650 = PRODUCT_DEFINITION_SHAPE('','',#4651);
#4651 = PRODUCT_DEFINITION('design','',#4652,#4655);
#4652 = PRODUCT_DEFINITION_FORMATION('','',#4653);
#4653 = PRODUCT('BottomFpcStiffener~5ZeZ','BottomFpcStiffener~5ZeZ','',(
    #4654));
#4654 = PRODUCT_CONTEXT('',#2,'mechanical');
#4655 = PRODUCT_DEFINITION_CONTEXT('part definition',#2,'design');
#4656 = SHAPE_REPRESENTATION('',(#11),#4657);
#4657 = ( GEOMETRIC_REPRESENTATION_CONTEXT(3) 
GLOBAL_UNCERTAINTY_ASSIGNED_CONTEXT((#4661)) 
GLOBAL_UNIT_ASSIGNED_CONTEXT((#4658,#4659,#4660)) REPRESENTATION_CONTEXT
('Context #1','3D Context with UNIT and UNCERTAINTY') );
#4658 = ( LENGTH_UNIT() NAMED_UNIT(*) SI_UNIT(.MILLI.,.METRE.) );
#4659 = ( NAMED_UNIT(*) PLANE_ANGLE_UNIT() SI_UNIT($,.RADIAN.) );
#4660 = ( NAMED_UNIT(*) SI_UNIT($,.STERADIAN.) SOLID_ANGLE_UNIT() );
#4661 = UNCERTAINTY_MEASURE_WITH_UNIT(LENGTH_MEASURE(1.E-07),#4658,
  'distance_accuracy_value','confusion accuracy');
#4662 = CONTEXT_DEPENDENT_SHAPE_REPRESENTATION(#4663,#4665);
#4663 = ( REPRESENTATION_RELATIONSHIP('','',#4656,#10) 
REPRESENTATION_RELATIONSHIP_WITH_TRANSFORMATION(#4664) 
SHAPE_REPRESENTATION_RELATIONSHIP() );
#4664 = ITEM_DEFINED_TRANSFORMATION('','',#11,#31);
#4665 = PRODUCT_DEFINITION_SHAPE('Placement','Placement of an item',
  #4666);
#4666 = NEXT_ASSEMBLY_USAGE_OCCURRENCE('5','=>[0:1:1:6]','',#5,#4651,$);
#4667 = PRODUCT_RELATED_PRODUCT_CATEGORY('part',$,(#4653));
#4668 = SHAPE_DEFINITION_REPRESENTATION(#4669,#4675);
#4669 = PRODUCT_DEFINITION_SHAPE('','',#4670);
#4670 = PRODUCT_DEFINITION('design','',#4671,#4674);
#4671 = PRODUCT_DEFINITION_FORMATION('','',#4672);
#4672 = PRODUCT(
'L2~FILTER-SMD_4P-L1.0-W0.5-L_YFF15PC~FILTER-SMD_4P-L1.0-W0.5-H0.5-L_
YFF15PC~5ZeZ',
'L2~FILTER-SMD_4P-L1.0-W0.5-L_YFF15PC~FILTER-SMD_4P-L1.0-W0.5-H0.5-L_
YFF15PC~5ZeZ','',(#4673));
#4673 = PRODUCT_CONTEXT('',#2,'mechanical');
#4674 = PRODUCT_DEFINITION_CONTEXT('part definition',#2,'design');
#4675 = SHAPE_REPRESENTATION('',(#11,#4676),#4680);
#4676 = AXIS2_PLACEMENT_3D('',#4677,#4678,#4679);
#4677 = CARTESIAN_POINT('',(0.,0.,0.));
#4678 = DIRECTION('',(0.,0.,1.));
#4679 = DIRECTION('',(1.,0.,-0.));
#4680 = ( GEOMETRIC_REPRESENTATION_CONTEXT(3) 
GLOBAL_UNCERTAINTY_ASSIGNED_CONTEXT((#4684)) 
GLOBAL_UNIT_ASSIGNED_CONTEXT((#4681,#4682,#4683)) REPRESENTATION_CONTEXT
('Context #1','3D Context with UNIT and UNCERTAINTY') );
#4681 = ( LENGTH_UNIT() NAMED_UNIT(*) SI_UNIT(.MILLI.,.METRE.) );
#4682 = ( NAMED_UNIT(*) PLANE_ANGLE_UNIT() SI_UNIT($,.RADIAN.) );
#4683 = ( NAMED_UNIT(*) SI_UNIT($,.STERADIAN.) SOLID_ANGLE_UNIT() );
#4684 = UNCERTAINTY_MEASURE_WITH_UNIT(LENGTH_MEASURE(2.E-07),#4681,
  'distance_accuracy_value','confusion accuracy');
#4685 = CONTEXT_DEPENDENT_SHAPE_REPRESENTATION(#4686,#4688);
#4686 = ( REPRESENTATION_RELATIONSHIP('','',#4675,#10) 
REPRESENTATION_RELATIONSHIP_WITH_TRANSFORMATION(#4687) 
SHAPE_REPRESENTATION_RELATIONSHIP() );
#4687 = ITEM_DEFINED_TRANSFORMATION('','',#11,#35);
#4688 = PRODUCT_DEFINITION_SHAPE('Placement','Placement of an item',
  #4689);
#4689 = NEXT_ASSEMBLY_USAGE_OCCURRENCE('7','=>[0:1:1:8]','',#5,#4670,$);
#4690 = PRODUCT_RELATED_PRODUCT_CATEGORY('part',$,(#4672));
#4691 = SHAPE_DEFINITION_REPRESENTATION(#4692,#4698);
#4692 = PRODUCT_DEFINITION_SHAPE('','',#4693);
#4693 = PRODUCT_DEFINITION('design','',#4694,#4697);
#4694 = PRODUCT_DEFINITION_FORMATION('','',#4695);
#4695 = PRODUCT(
'L13~FILTER-SMD_4P-L1.0-W0.5-L_YFF15PC~FILTER-SMD_4P-L1.0-W0.5-H0.5-L_
YFF15PC~5ZeZ',
'L13~FILTER-SMD_4P-L1.0-W0.5-L_YFF15PC~FILTER-SMD_4P-L1.0-W0.5-H0.5-L_
YFF15PC~5ZeZ','',(#4696));
#4696 = PRODUCT_CONTEXT('',#2,'mechanical');
#4697 = PRODUCT_DEFINITION_CONTEXT('part definition',#2,'design');
#4698 = ADVANCED_BREP_SHAPE_REPRESENTATION('',(#11,#4699),#4837);
#4699 = MANIFOLD_SOLID_BREP('',#4700);
#4700 = CLOSED_SHELL('',(#4701,#4737,#4773,#4793,#4813,#4825));
#4701 = ADVANCED_FACE('',(#4702),#4732,.F.);
#4702 = FACE_BOUND('',#4703,.F.);
#4703 = EDGE_LOOP('',(#4704,#4713,#4720,#4727));
#4704 = ORIENTED_EDGE('',*,*,#4705,.F.);
#4705 = EDGE_CURVE('',#4706,#4708,#4710,.T.);
#4706 = VERTEX_POINT('',#4707);
#4707 = CARTESIAN_POINT('',(-0.51,-0.26,0.));
#4708 = VERTEX_POINT('',#4709);
#4709 = CARTESIAN_POINT('',(-0.51,-0.26,0.762001524003));
#4710 = B_SPLINE_CURVE_WITH_KNOTS('',1,(#4711,#4712),.UNSPECIFIED.,.F.,
  .F.,(2,2),(0.,0.762001524003),.PIECEWISE_BEZIER_KNOTS.);
#4711 = CARTESIAN_POINT('',(-0.51,-0.26,0.));
#4712 = CARTESIAN_POINT('',(-0.51,-0.26,0.762001524003));
#4713 = ORIENTED_EDGE('',*,*,#4714,.T.);
#4714 = EDGE_CURVE('',#4706,#4715,#4717,.T.);
#4715 = VERTEX_POINT('',#4716);
#4716 = CARTESIAN_POINT('',(-0.51,0.26,0.));
#4717 = B_SPLINE_CURVE_WITH_KNOTS('',1,(#4718,#4719),.UNSPECIFIED.,.F.,
  .F.,(2,2),(0.,0.762001524003),.PIECEWISE_BEZIER_KNOTS.);
#4718 = CARTESIAN_POINT('',(-0.51,-0.26,0.));
#4719 = CARTESIAN_POINT('',(-0.51,0.26,0.));
#4720 = ORIENTED_EDGE('',*,*,#4721,.T.);
#4721 = EDGE_CURVE('',#4715,#4722,#4724,.T.);
#4722 = VERTEX_POINT('',#4723);
#4723 = CARTESIAN_POINT('',(-0.51,0.26,0.762001524003));
#4724 = B_SPLINE_CURVE_WITH_KNOTS('',1,(#4725,#4726),.UNSPECIFIED.,.F.,
  .F.,(2,2),(0.,0.762001524003),.PIECEWISE_BEZIER_KNOTS.);
#4725 = CARTESIAN_POINT('',(-0.51,0.26,0.));
#4726 = CARTESIAN_POINT('',(-0.51,0.26,0.762001524003));
#4727 = ORIENTED_EDGE('',*,*,#4728,.F.);
#4728 = EDGE_CURVE('',#4708,#4722,#4729,.T.);
#4729 = B_SPLINE_CURVE_WITH_KNOTS('',1,(#4730,#4731),.UNSPECIFIED.,.F.,
  .F.,(2,2),(0.,0.762001524003),.PIECEWISE_BEZIER_KNOTS.);
#4730 = CARTESIAN_POINT('',(-0.51,-0.26,0.762001524003));
#4731 = CARTESIAN_POINT('',(-0.51,0.26,0.762001524003));
#4732 = B_SPLINE_SURFACE_WITH_KNOTS('',1,1,(
    (#4733,#4734)
    ,(#4735,#4736
    )),.UNSPECIFIED.,.F.,.F.,.F.,(2,2),(2,2),(0.,0.762001524003),(
    -0.762001524003,0.),.PIECEWISE_BEZIER_KNOTS.);
#4733 = CARTESIAN_POINT('',(-0.51,0.26,0.));
#4734 = CARTESIAN_POINT('',(-0.51,-0.26,0.));
#4735 = CARTESIAN_POINT('',(-0.51,0.26,0.762001524003));
#4736 = CARTESIAN_POINT('',(-0.51,-0.26,0.762001524003));
#4737 = ADVANCED_FACE('',(#4738),#4768,.T.);
#4738 = FACE_BOUND('',#4739,.T.);
#4739 = EDGE_LOOP('',(#4740,#4749,#4756,#4763));
#4740 = ORIENTED_EDGE('',*,*,#4741,.F.);
#4741 = EDGE_CURVE('',#4742,#4744,#4746,.T.);
#4742 = VERTEX_POINT('',#4743);
#4743 = CARTESIAN_POINT('',(0.51,-0.26,0.));
#4744 = VERTEX_POINT('',#4745);
#4745 = CARTESIAN_POINT('',(0.51,-0.26,0.762001524003));
#4746 = B_SPLINE_CURVE_WITH_KNOTS('',1,(#4747,#4748),.UNSPECIFIED.,.F.,
  .F.,(2,2),(0.,0.762001524003),.PIECEWISE_BEZIER_KNOTS.);
#4747 = CARTESIAN_POINT('',(0.51,-0.26,0.));
#4748 = CARTESIAN_POINT('',(0.51,-0.26,0.762001524003));
#4749 = ORIENTED_EDGE('',*,*,#4750,.T.);
#4750 = EDGE_CURVE('',#4742,#4751,#4753,.T.);
#4751 = VERTEX_POINT('',#4752);
#4752 = CARTESIAN_POINT('',(0.51,0.26,0.));
#4753 = B_SPLINE_CURVE_WITH_KNOTS('',1,(#4754,#4755),.UNSPECIFIED.,.F.,
  .F.,(2,2),(0.,0.762001524003),.PIECEWISE_BEZIER_KNOTS.);
#4754 = CARTESIAN_POINT('',(0.51,-0.26,0.));
#4755 = CARTESIAN_POINT('',(0.51,0.26,0.));
#4756 = ORIENTED_EDGE('',*,*,#4757,.T.);
#4757 = EDGE_CURVE('',#4751,#4758,#4760,.T.);
#4758 = VERTEX_POINT('',#4759);
#4759 = CARTESIAN_POINT('',(0.51,0.26,0.762001524003));
#4760 = B_SPLINE_CURVE_WITH_KNOTS('',1,(#4761,#4762),.UNSPECIFIED.,.F.,
  .F.,(2,2),(0.,0.762001524003),.PIECEWISE_BEZIER_KNOTS.);
#4761 = CARTESIAN_POINT('',(0.51,0.26,0.));
#4762 = CARTESIAN_POINT('',(0.51,0.26,0.762001524003));
#4763 = ORIENTED_EDGE('',*,*,#4764,.F.);
#4764 = EDGE_CURVE('',#4744,#4758,#4765,.T.);
#4765 = B_SPLINE_CURVE_WITH_KNOTS('',1,(#4766,#4767),.UNSPECIFIED.,.F.,
  .F.,(2,2),(0.,0.762001524003),.PIECEWISE_BEZIER_KNOTS.);
#4766 = CARTESIAN_POINT('',(0.51,-0.26,0.762001524003));
#4767 = CARTESIAN_POINT('',(0.51,0.26,0.762001524003));
#4768 = B_SPLINE_SURFACE_WITH_KNOTS('',1,1,(
    (#4769,#4770)
    ,(#4771,#4772
    )),.UNSPECIFIED.,.F.,.F.,.F.,(2,2),(2,2),(0.,0.762001524003),(
    -0.762001524003,0.),.PIECEWISE_BEZIER_KNOTS.);
#4769 = CARTESIAN_POINT('',(0.51,0.26,0.));
#4770 = CARTESIAN_POINT('',(0.51,-0.26,0.));
#4771 = CARTESIAN_POINT('',(0.51,0.26,0.762001524003));
#4772 = CARTESIAN_POINT('',(0.51,-0.26,0.762001524003));
#4773 = ADVANCED_FACE('',(#4774),#4788,.F.);
#4774 = FACE_BOUND('',#4775,.F.);
#4775 = EDGE_LOOP('',(#4776,#4781,#4782,#4787));
#4776 = ORIENTED_EDGE('',*,*,#4777,.F.);
#4777 = EDGE_CURVE('',#4706,#4742,#4778,.T.);
#4778 = B_SPLINE_CURVE_WITH_KNOTS('',1,(#4779,#4780),.UNSPECIFIED.,.F.,
  .F.,(2,2),(0.,0.762001524003),.PIECEWISE_BEZIER_KNOTS.);
#4779 = CARTESIAN_POINT('',(-0.51,-0.26,0.));
#4780 = CARTESIAN_POINT('',(0.51,-0.26,0.));
#4781 = ORIENTED_EDGE('',*,*,#4705,.T.);
#4782 = ORIENTED_EDGE('',*,*,#4783,.T.);
#4783 = EDGE_CURVE('',#4708,#4744,#4784,.T.);
#4784 = B_SPLINE_CURVE_WITH_KNOTS('',1,(#4785,#4786),.UNSPECIFIED.,.F.,
  .F.,(2,2),(0.,0.762001524003),.PIECEWISE_BEZIER_KNOTS.);
#4785 = CARTESIAN_POINT('',(-0.51,-0.26,0.762001524003));
#4786 = CARTESIAN_POINT('',(0.51,-0.26,0.762001524003));
#4787 = ORIENTED_EDGE('',*,*,#4741,.F.);
#4788 = B_SPLINE_SURFACE_WITH_KNOTS('',1,1,(
    (#4789,#4790)
    ,(#4791,#4792
    )),.UNSPECIFIED.,.F.,.F.,.F.,(2,2),(2,2),(0.,0.762001524003),(0.,
    0.762001524003),.PIECEWISE_BEZIER_KNOTS.);
#4789 = CARTESIAN_POINT('',(-0.51,-0.26,0.));
#4790 = CARTESIAN_POINT('',(0.51,-0.26,0.));
#4791 = CARTESIAN_POINT('',(-0.51,-0.26,0.762001524003));
#4792 = CARTESIAN_POINT('',(0.51,-0.26,0.762001524003));
#4793 = ADVANCED_FACE('',(#4794),#4808,.T.);
#4794 = FACE_BOUND('',#4795,.T.);
#4795 = EDGE_LOOP('',(#4796,#4801,#4802,#4807));
#4796 = ORIENTED_EDGE('',*,*,#4797,.F.);
#4797 = EDGE_CURVE('',#4715,#4751,#4798,.T.);
#4798 = B_SPLINE_CURVE_WITH_KNOTS('',1,(#4799,#4800),.UNSPECIFIED.,.F.,
  .F.,(2,2),(0.,0.762001524003),.PIECEWISE_BEZIER_KNOTS.);
#4799 = CARTESIAN_POINT('',(-0.51,0.26,0.));
#4800 = CARTESIAN_POINT('',(0.51,0.26,0.));
#4801 = ORIENTED_EDGE('',*,*,#4721,.T.);
#4802 = ORIENTED_EDGE('',*,*,#4803,.T.);
#4803 = EDGE_CURVE('',#4722,#4758,#4804,.T.);
#4804 = B_SPLINE_CURVE_WITH_KNOTS('',1,(#4805,#4806),.UNSPECIFIED.,.F.,
  .F.,(2,2),(0.,0.762001524003),.PIECEWISE_BEZIER_KNOTS.);
#4805 = CARTESIAN_POINT('',(-0.51,0.26,0.762001524003));
#4806 = CARTESIAN_POINT('',(0.51,0.26,0.762001524003));
#4807 = ORIENTED_EDGE('',*,*,#4757,.F.);
#4808 = B_SPLINE_SURFACE_WITH_KNOTS('',1,1,(
    (#4809,#4810)
    ,(#4811,#4812
    )),.UNSPECIFIED.,.F.,.F.,.F.,(2,2),(2,2),(0.,0.762001524003),(0.,
    0.762001524003),.PIECEWISE_BEZIER_KNOTS.);
#4809 = CARTESIAN_POINT('',(-0.51,0.26,0.));
#4810 = CARTESIAN_POINT('',(0.51,0.26,0.));
#4811 = CARTESIAN_POINT('',(-0.51,0.26,0.762001524003));
#4812 = CARTESIAN_POINT('',(0.51,0.26,0.762001524003));
#4813 = ADVANCED_FACE('',(#4814),#4820,.F.);
#4814 = FACE_BOUND('',#4815,.F.);
#4815 = EDGE_LOOP('',(#4816,#4817,#4818,#4819));
#4816 = ORIENTED_EDGE('',*,*,#4714,.F.);
#4817 = ORIENTED_EDGE('',*,*,#4777,.T.);
#4818 = ORIENTED_EDGE('',*,*,#4750,.T.);
#4819 = ORIENTED_EDGE('',*,*,#4797,.F.);
#4820 = B_SPLINE_SURFACE_WITH_KNOTS('',1,1,(
    (#4821,#4822)
    ,(#4823,#4824
    )),.UNSPECIFIED.,.F.,.F.,.F.,(2,2),(2,2),(0.,0.762001524003),(0.,
    0.762001524003),.PIECEWISE_BEZIER_KNOTS.);
#4821 = CARTESIAN_POINT('',(-0.51,-0.26,0.));
#4822 = CARTESIAN_POINT('',(-0.51,0.26,0.));
#4823 = CARTESIAN_POINT('',(0.51,-0.26,0.));
#4824 = CARTESIAN_POINT('',(0.51,0.26,0.));
#4825 = ADVANCED_FACE('',(#4826),#4832,.T.);
#4826 = FACE_BOUND('',#4827,.T.);
#4827 = EDGE_LOOP('',(#4828,#4829,#4830,#4831));
#4828 = ORIENTED_EDGE('',*,*,#4728,.F.);
#4829 = ORIENTED_EDGE('',*,*,#4783,.T.);
#4830 = ORIENTED_EDGE('',*,*,#4764,.T.);
#4831 = ORIENTED_EDGE('',*,*,#4803,.F.);
#4832 = B_SPLINE_SURFACE_WITH_KNOTS('',1,1,(
    (#4833,#4834)
    ,(#4835,#4836
    )),.UNSPECIFIED.,.F.,.F.,.F.,(2,2),(2,2),(0.,0.762001524003),(0.,
    0.762001524003),.PIECEWISE_BEZIER_KNOTS.);
#4833 = CARTESIAN_POINT('',(-0.51,-0.26,0.762001524003));
#4834 = CARTESIAN_POINT('',(-0.51,0.26,0.762001524003));
#4835 = CARTESIAN_POINT('',(0.51,-0.26,0.762001524003));
#4836 = CARTESIAN_POINT('',(0.51,0.26,0.762001524003));
#4837 = ( GEOMETRIC_REPRESENTATION_CONTEXT(3) 
GLOBAL_UNCERTAINTY_ASSIGNED_CONTEXT((#4841)) 
GLOBAL_UNIT_ASSIGNED_CONTEXT((#4838,#4839,#4840)) REPRESENTATION_CONTEXT
('Context #1','3D Context with UNIT and UNCERTAINTY') );
#4838 = ( LENGTH_UNIT() NAMED_UNIT(*) SI_UNIT(.MILLI.,.METRE.) );
#4839 = ( NAMED_UNIT(*) PLANE_ANGLE_UNIT() SI_UNIT($,.RADIAN.) );
#4840 = ( NAMED_UNIT(*) SI_UNIT($,.STERADIAN.) SOLID_ANGLE_UNIT() );
#4841 = UNCERTAINTY_MEASURE_WITH_UNIT(LENGTH_MEASURE(2.E-07),#4838,
  'distance_accuracy_value','confusion accuracy');
#4842 = CONTEXT_DEPENDENT_SHAPE_REPRESENTATION(#4843,#4845);
#4843 = ( REPRESENTATION_RELATIONSHIP('','',#4698,#4675) 
REPRESENTATION_RELATIONSHIP_WITH_TRANSFORMATION(#4844) 
SHAPE_REPRESENTATION_RELATIONSHIP() );
#4844 = ITEM_DEFINED_TRANSFORMATION('','',#11,#4676);
#4845 = PRODUCT_DEFINITION_SHAPE('Placement','Placement of an item',
  #4846);
#4846 = NEXT_ASSEMBLY_USAGE_OCCURRENCE('6','=>[0:1:1:7]','',#4670,#4693,
  $);
#4847 = PRODUCT_RELATED_PRODUCT_CATEGORY('part',$,(#4695));
#4848 = CONTEXT_DEPENDENT_SHAPE_REPRESENTATION(#4849,#4851);
#4849 = ( REPRESENTATION_RELATIONSHIP('','',#4698,#10) 
REPRESENTATION_RELATIONSHIP_WITH_TRANSFORMATION(#4850) 
SHAPE_REPRESENTATION_RELATIONSHIP() );
#4850 = ITEM_DEFINED_TRANSFORMATION('','',#11,#39);
#4851 = PRODUCT_DEFINITION_SHAPE('Placement','Placement of an item',
  #4852);
#4852 = NEXT_ASSEMBLY_USAGE_OCCURRENCE('8','=>[0:1:1:7]','',#5,#4693,$);
#4853 = CONTEXT_DEPENDENT_SHAPE_REPRESENTATION(#4854,#4856);
#4854 = ( REPRESENTATION_RELATIONSHIP('','',#4698,#10) 
REPRESENTATION_RELATIONSHIP_WITH_TRANSFORMATION(#4855) 
SHAPE_REPRESENTATION_RELATIONSHIP() );
#4855 = ITEM_DEFINED_TRANSFORMATION('','',#11,#43);
#4856 = PRODUCT_DEFINITION_SHAPE('Placement','Placement of an item',
  #4857);
#4857 = NEXT_ASSEMBLY_USAGE_OCCURRENCE('9','=>[0:1:1:7]','',#5,#4693,$);
#4858 = CONTEXT_DEPENDENT_SHAPE_REPRESENTATION(#4859,#4861);
#4859 = ( REPRESENTATION_RELATIONSHIP('','',#4698,#10) 
REPRESENTATION_RELATIONSHIP_WITH_TRANSFORMATION(#4860) 
SHAPE_REPRESENTATION_RELATIONSHIP() );
#4860 = ITEM_DEFINED_TRANSFORMATION('','',#11,#47);
#4861 = PRODUCT_DEFINITION_SHAPE('Placement','Placement of an item',
  #4862);
#4862 = NEXT_ASSEMBLY_USAGE_OCCURRENCE('10','=>[0:1:1:7]','',#5,#4693,$
  );
#4863 = CONTEXT_DEPENDENT_SHAPE_REPRESENTATION(#4864,#4866);
#4864 = ( REPRESENTATION_RELATIONSHIP('','',#4698,#10) 
REPRESENTATION_RELATIONSHIP_WITH_TRANSFORMATION(#4865) 
SHAPE_REPRESENTATION_RELATIONSHIP() );
#4865 = ITEM_DEFINED_TRANSFORMATION('','',#11,#51);
#4866 = PRODUCT_DEFINITION_SHAPE('Placement','Placement of an item',
  #4867);
#4867 = NEXT_ASSEMBLY_USAGE_OCCURRENCE('11','=>[0:1:1:7]','',#5,#4693,$
  );
#4868 = CONTEXT_DEPENDENT_SHAPE_REPRESENTATION(#4869,#4871);
#4869 = ( REPRESENTATION_RELATIONSHIP('','',#4698,#10) 
REPRESENTATION_RELATIONSHIP_WITH_TRANSFORMATION(#4870) 
SHAPE_REPRESENTATION_RELATIONSHIP() );
#4870 = ITEM_DEFINED_TRANSFORMATION('','',#11,#55);
#4871 = PRODUCT_DEFINITION_SHAPE('Placement','Placement of an item',
  #4872);
#4872 = NEXT_ASSEMBLY_USAGE_OCCURRENCE('12','=>[0:1:1:7]','',#5,#4693,$
  );
#4873 = CONTEXT_DEPENDENT_SHAPE_REPRESENTATION(#4874,#4876);
#4874 = ( REPRESENTATION_RELATIONSHIP('','',#4698,#10) 
REPRESENTATION_RELATIONSHIP_WITH_TRANSFORMATION(#4875) 
SHAPE_REPRESENTATION_RELATIONSHIP() );
#4875 = ITEM_DEFINED_TRANSFORMATION('','',#11,#59);
#4876 = PRODUCT_DEFINITION_SHAPE('Placement','Placement of an item',
  #4877);
#4877 = NEXT_ASSEMBLY_USAGE_OCCURRENCE('13','=>[0:1:1:7]','',#5,#4693,$
  );
#4878 = SHAPE_DEFINITION_REPRESENTATION(#4879,#4885);
#4879 = PRODUCT_DEFINITION_SHAPE('','',#4880);
#4880 = PRODUCT_DEFINITION('design','',#4881,#4884);
#4881 = PRODUCT_DEFINITION_FORMATION('','',#4882);
#4882 = PRODUCT(
  'SW1~SW-SMD_DSHP02TSGER~SW-SMD_4P-L4.1-W5.4-H2.3-LS8.4-P1.27~5ZeZ',
  'SW1~SW-SMD_DSHP02TSGER~SW-SMD_4P-L4.1-W5.4-H2.3-LS8.4-P1.27~5ZeZ','',
  (#4883));
#4883 = PRODUCT_CONTEXT('',#2,'mechanical');
#4884 = PRODUCT_DEFINITION_CONTEXT('part definition',#2,'design');
#4885 = SHAPE_REPRESENTATION('',(#11,#4886),#4890);
#4886 = AXIS2_PLACEMENT_3D('',#4887,#4888,#4889);
#4887 = CARTESIAN_POINT('',(0.,0.,0.));
#4888 = DIRECTION('',(0.,0.,1.));
#4889 = DIRECTION('',(1.,0.,-0.));
#4890 = ( GEOMETRIC_REPRESENTATION_CONTEXT(3) 
GLOBAL_UNCERTAINTY_ASSIGNED_CONTEXT((#4894)) 
GLOBAL_UNIT_ASSIGNED_CONTEXT((#4891,#4892,#4893)) REPRESENTATION_CONTEXT
('Context #1','3D Context with UNIT and UNCERTAINTY') );
#4891 = ( LENGTH_UNIT() NAMED_UNIT(*) SI_UNIT(.MILLI.,.METRE.) );
#4892 = ( NAMED_UNIT(*) PLANE_ANGLE_UNIT() SI_UNIT($,.RADIAN.) );
#4893 = ( NAMED_UNIT(*) SI_UNIT($,.STERADIAN.) SOLID_ANGLE_UNIT() );
#4894 = UNCERTAINTY_MEASURE_WITH_UNIT(LENGTH_MEASURE(1.E-06),#4891,
  'distance_accuracy_value','confusion accuracy');
#4895 = CONTEXT_DEPENDENT_SHAPE_REPRESENTATION(#4896,#4898);
#4896 = ( REPRESENTATION_RELATIONSHIP('','',#4885,#10) 
REPRESENTATION_RELATIONSHIP_WITH_TRANSFORMATION(#4897) 
SHAPE_REPRESENTATION_RELATIONSHIP() );
#4897 = ITEM_DEFINED_TRANSFORMATION('','',#11,#63);
#4898 = PRODUCT_DEFINITION_SHAPE('Placement','Placement of an item',
  #4899);
#4899 = NEXT_ASSEMBLY_USAGE_OCCURRENCE('15','=>[0:1:1:10]','',#5,#4880,$
  );
#4900 = PRODUCT_RELATED_PRODUCT_CATEGORY('part',$,(#4882));
#4901 = SHAPE_DEFINITION_REPRESENTATION(#4902,#4908);
#4902 = PRODUCT_DEFINITION_SHAPE('','',#4903);
#4903 = PRODUCT_DEFINITION('design','',#4904,#4907);
#4904 = PRODUCT_DEFINITION_FORMATION('','',#4905);
#4905 = PRODUCT(
  'SW-SMD_DSHP02TSGER~SW-SMD_4P-L4.1-W5.4-H2.3-LS8.4-P1.27~5ZeZ',
  'SW-SMD_DSHP02TSGER~SW-SMD_4P-L4.1-W5.4-H2.3-LS8.4-P1.27~5ZeZ','',(
    #4906));
#4906 = PRODUCT_CONTEXT('',#2,'mechanical');
#4907 = PRODUCT_DEFINITION_CONTEXT('part definition',#2,'design');
#4908 = ADVANCED_BREP_SHAPE_REPRESENTATION('',(#11,#4909),#5047);
#4909 = MANIFOLD_SOLID_BREP('',#4910);
#4910 = CLOSED_SHELL('',(#4911,#4947,#4983,#5003,#5023,#5035));
#4911 = ADVANCED_FACE('',(#4912),#4942,.F.);
#4912 = FACE_BOUND('',#4913,.F.);
#4913 = EDGE_LOOP('',(#4914,#4923,#4930,#4937));
#4914 = ORIENTED_EDGE('',*,*,#4915,.F.);
#4915 = EDGE_CURVE('',#4916,#4918,#4920,.T.);
#4916 = VERTEX_POINT('',#4917);
#4917 = CARTESIAN_POINT('',(2.075003810008,4.175,0.));
#4918 = VERTEX_POINT('',#4919);
#4919 = CARTESIAN_POINT('',(2.075003810008,4.175,0.762001524003));
#4920 = B_SPLINE_CURVE_WITH_KNOTS('',1,(#4921,#4922),.UNSPECIFIED.,.F.,
  .F.,(2,2),(0.,0.762001524003),.PIECEWISE_BEZIER_KNOTS.);
#4921 = CARTESIAN_POINT('',(2.075003810008,4.175,0.));
#4922 = CARTESIAN_POINT('',(2.075003810008,4.175,0.762001524003));
#4923 = ORIENTED_EDGE('',*,*,#4924,.T.);
#4924 = EDGE_CURVE('',#4916,#4925,#4927,.T.);
#4925 = VERTEX_POINT('',#4926);
#4926 = CARTESIAN_POINT('',(2.075003810008,-4.175,0.));
#4927 = B_SPLINE_CURVE_WITH_KNOTS('',1,(#4928,#4929),.UNSPECIFIED.,.F.,
  .F.,(2,2),(0.,0.762001524003),.PIECEWISE_BEZIER_KNOTS.);
#4928 = CARTESIAN_POINT('',(2.075003810008,4.175,0.));
#4929 = CARTESIAN_POINT('',(2.075003810008,-4.175,0.));
#4930 = ORIENTED_EDGE('',*,*,#4931,.T.);
#4931 = EDGE_CURVE('',#4925,#4932,#4934,.T.);
#4932 = VERTEX_POINT('',#4933);
#4933 = CARTESIAN_POINT('',(2.075003810008,-4.175,0.762001524003));
#4934 = B_SPLINE_CURVE_WITH_KNOTS('',1,(#4935,#4936),.UNSPECIFIED.,.F.,
  .F.,(2,2),(0.,0.762001524003),.PIECEWISE_BEZIER_KNOTS.);
#4935 = CARTESIAN_POINT('',(2.075003810008,-4.175,0.));
#4936 = CARTESIAN_POINT('',(2.075003810008,-4.175,0.762001524003));
#4937 = ORIENTED_EDGE('',*,*,#4938,.F.);
#4938 = EDGE_CURVE('',#4918,#4932,#4939,.T.);
#4939 = B_SPLINE_CURVE_WITH_KNOTS('',1,(#4940,#4941),.UNSPECIFIED.,.F.,
  .F.,(2,2),(0.,0.762001524003),.PIECEWISE_BEZIER_KNOTS.);
#4940 = CARTESIAN_POINT('',(2.075003810008,4.175,0.762001524003));
#4941 = CARTESIAN_POINT('',(2.075003810008,-4.175,0.762001524003));
#4942 = B_SPLINE_SURFACE_WITH_KNOTS('',1,1,(
    (#4943,#4944)
    ,(#4945,#4946
    )),.UNSPECIFIED.,.F.,.F.,.F.,(2,2),(2,2),(0.,0.762001524003),(
    -0.762001524003,0.),.PIECEWISE_BEZIER_KNOTS.);
#4943 = CARTESIAN_POINT('',(2.075003810008,-4.175,0.));
#4944 = CARTESIAN_POINT('',(2.075003810008,4.175,0.));
#4945 = CARTESIAN_POINT('',(2.075003810008,-4.175,0.762001524003));
#4946 = CARTESIAN_POINT('',(2.075003810008,4.175,0.762001524003));
#4947 = ADVANCED_FACE('',(#4948),#4978,.T.);
#4948 = FACE_BOUND('',#4949,.T.);
#4949 = EDGE_LOOP('',(#4950,#4959,#4966,#4973));
#4950 = ORIENTED_EDGE('',*,*,#4951,.F.);
#4951 = EDGE_CURVE('',#4952,#4954,#4956,.T.);
#4952 = VERTEX_POINT('',#4953);
#4953 = CARTESIAN_POINT('',(-2.064996189992,4.175,0.));
#4954 = VERTEX_POINT('',#4955);
#4955 = CARTESIAN_POINT('',(-2.064996189992,4.175,0.762001524003));
#4956 = B_SPLINE_CURVE_WITH_KNOTS('',1,(#4957,#4958),.UNSPECIFIED.,.F.,
  .F.,(2,2),(0.,0.762001524003),.PIECEWISE_BEZIER_KNOTS.);
#4957 = CARTESIAN_POINT('',(-2.064996189992,4.175,0.));
#4958 = CARTESIAN_POINT('',(-2.064996189992,4.175,0.762001524003));
#4959 = ORIENTED_EDGE('',*,*,#4960,.T.);
#4960 = EDGE_CURVE('',#4952,#4961,#4963,.T.);
#4961 = VERTEX_POINT('',#4962);
#4962 = CARTESIAN_POINT('',(-2.064996189992,-4.175,0.));
#4963 = B_SPLINE_CURVE_WITH_KNOTS('',1,(#4964,#4965),.UNSPECIFIED.,.F.,
  .F.,(2,2),(0.,0.762001524003),.PIECEWISE_BEZIER_KNOTS.);
#4964 = CARTESIAN_POINT('',(-2.064996189992,4.175,0.));
#4965 = CARTESIAN_POINT('',(-2.064996189992,-4.175,0.));
#4966 = ORIENTED_EDGE('',*,*,#4967,.T.);
#4967 = EDGE_CURVE('',#4961,#4968,#4970,.T.);
#4968 = VERTEX_POINT('',#4969);
#4969 = CARTESIAN_POINT('',(-2.064996189992,-4.175,0.762001524003));
#4970 = B_SPLINE_CURVE_WITH_KNOTS('',1,(#4971,#4972),.UNSPECIFIED.,.F.,
  .F.,(2,2),(0.,0.762001524003),.PIECEWISE_BEZIER_KNOTS.);
#4971 = CARTESIAN_POINT('',(-2.064996189992,-4.175,0.));
#4972 = CARTESIAN_POINT('',(-2.064996189992,-4.175,0.762001524003));
#4973 = ORIENTED_EDGE('',*,*,#4974,.F.);
#4974 = EDGE_CURVE('',#4954,#4968,#4975,.T.);
#4975 = B_SPLINE_CURVE_WITH_KNOTS('',1,(#4976,#4977),.UNSPECIFIED.,.F.,
  .F.,(2,2),(0.,0.762001524003),.PIECEWISE_BEZIER_KNOTS.);
#4976 = CARTESIAN_POINT('',(-2.064996189992,4.175,0.762001524003));
#4977 = CARTESIAN_POINT('',(-2.064996189992,-4.175,0.762001524003));
#4978 = B_SPLINE_SURFACE_WITH_KNOTS('',1,1,(
    (#4979,#4980)
    ,(#4981,#4982
    )),.UNSPECIFIED.,.F.,.F.,.F.,(2,2),(2,2),(0.,0.762001524003),(
    -0.762001524003,0.),.PIECEWISE_BEZIER_KNOTS.);
#4979 = CARTESIAN_POINT('',(-2.064996189992,-4.175,0.));
#4980 = CARTESIAN_POINT('',(-2.064996189992,4.175,0.));
#4981 = CARTESIAN_POINT('',(-2.064996189992,-4.175,0.762001524003));
#4982 = CARTESIAN_POINT('',(-2.064996189992,4.175,0.762001524003));
#4983 = ADVANCED_FACE('',(#4984),#4998,.F.);
#4984 = FACE_BOUND('',#4985,.F.);
#4985 = EDGE_LOOP('',(#4986,#4991,#4992,#4997));
#4986 = ORIENTED_EDGE('',*,*,#4987,.F.);
#4987 = EDGE_CURVE('',#4916,#4952,#4988,.T.);
#4988 = B_SPLINE_CURVE_WITH_KNOTS('',1,(#4989,#4990),.UNSPECIFIED.,.F.,
  .F.,(2,2),(0.,0.762001524003),.PIECEWISE_BEZIER_KNOTS.);
#4989 = CARTESIAN_POINT('',(2.075003810008,4.175,0.));
#4990 = CARTESIAN_POINT('',(-2.064996189992,4.175,0.));
#4991 = ORIENTED_EDGE('',*,*,#4915,.T.);
#4992 = ORIENTED_EDGE('',*,*,#4993,.T.);
#4993 = EDGE_CURVE('',#4918,#4954,#4994,.T.);
#4994 = B_SPLINE_CURVE_WITH_KNOTS('',1,(#4995,#4996),.UNSPECIFIED.,.F.,
  .F.,(2,2),(0.,0.762001524003),.PIECEWISE_BEZIER_KNOTS.);
#4995 = CARTESIAN_POINT('',(2.075003810008,4.175,0.762001524003));
#4996 = CARTESIAN_POINT('',(-2.064996189992,4.175,0.762001524003));
#4997 = ORIENTED_EDGE('',*,*,#4951,.F.);
#4998 = B_SPLINE_SURFACE_WITH_KNOTS('',1,1,(
    (#4999,#5000)
    ,(#5001,#5002
    )),.UNSPECIFIED.,.F.,.F.,.F.,(2,2),(2,2),(0.,0.762001524003),(0.,
    0.762001524003),.PIECEWISE_BEZIER_KNOTS.);
#4999 = CARTESIAN_POINT('',(2.075003810008,4.175,0.));
#5000 = CARTESIAN_POINT('',(-2.064996189992,4.175,0.));
#5001 = CARTESIAN_POINT('',(2.075003810008,4.175,0.762001524003));
#5002 = CARTESIAN_POINT('',(-2.064996189992,4.175,0.762001524003));
#5003 = ADVANCED_FACE('',(#5004),#5018,.T.);
#5004 = FACE_BOUND('',#5005,.T.);
#5005 = EDGE_LOOP('',(#5006,#5011,#5012,#5017));
#5006 = ORIENTED_EDGE('',*,*,#5007,.F.);
#5007 = EDGE_CURVE('',#4925,#4961,#5008,.T.);
#5008 = B_SPLINE_CURVE_WITH_KNOTS('',1,(#5009,#5010),.UNSPECIFIED.,.F.,
  .F.,(2,2),(0.,0.762001524003),.PIECEWISE_BEZIER_KNOTS.);
#5009 = CARTESIAN_POINT('',(2.075003810008,-4.175,0.));
#5010 = CARTESIAN_POINT('',(-2.064996189992,-4.175,0.));
#5011 = ORIENTED_EDGE('',*,*,#4931,.T.);
#5012 = ORIENTED_EDGE('',*,*,#5013,.T.);
#5013 = EDGE_CURVE('',#4932,#4968,#5014,.T.);
#5014 = B_SPLINE_CURVE_WITH_KNOTS('',1,(#5015,#5016),.UNSPECIFIED.,.F.,
  .F.,(2,2),(0.,0.762001524003),.PIECEWISE_BEZIER_KNOTS.);
#5015 = CARTESIAN_POINT('',(2.075003810008,-4.175,0.762001524003));
#5016 = CARTESIAN_POINT('',(-2.064996189992,-4.175,0.762001524003));
#5017 = ORIENTED_EDGE('',*,*,#4967,.F.);
#5018 = B_SPLINE_SURFACE_WITH_KNOTS('',1,1,(
    (#5019,#5020)
    ,(#5021,#5022
    )),.UNSPECIFIED.,.F.,.F.,.F.,(2,2),(2,2),(0.,0.762001524003),(0.,
    0.762001524003),.PIECEWISE_BEZIER_KNOTS.);
#5019 = CARTESIAN_POINT('',(2.075003810008,-4.175,0.));
#5020 = CARTESIAN_POINT('',(-2.064996189992,-4.175,0.));
#5021 = CARTESIAN_POINT('',(2.075003810008,-4.175,0.762001524003));
#5022 = CARTESIAN_POINT('',(-2.064996189992,-4.175,0.762001524003));
#5023 = ADVANCED_FACE('',(#5024),#5030,.F.);
#5024 = FACE_BOUND('',#5025,.F.);
#5025 = EDGE_LOOP('',(#5026,#5027,#5028,#5029));
#5026 = ORIENTED_EDGE('',*,*,#4924,.F.);
#5027 = ORIENTED_EDGE('',*,*,#4987,.T.);
#5028 = ORIENTED_EDGE('',*,*,#4960,.T.);
#5029 = ORIENTED_EDGE('',*,*,#5007,.F.);
#5030 = B_SPLINE_SURFACE_WITH_KNOTS('',1,1,(
    (#5031,#5032)
    ,(#5033,#5034
    )),.UNSPECIFIED.,.F.,.F.,.F.,(2,2),(2,2),(0.,0.762001524003),(0.,
    0.762001524003),.PIECEWISE_BEZIER_KNOTS.);
#5031 = CARTESIAN_POINT('',(2.075003810008,4.175,0.));
#5032 = CARTESIAN_POINT('',(2.075003810008,-4.175,0.));
#5033 = CARTESIAN_POINT('',(-2.064996189992,4.175,0.));
#5034 = CARTESIAN_POINT('',(-2.064996189992,-4.175,0.));
#5035 = ADVANCED_FACE('',(#5036),#5042,.T.);
#5036 = FACE_BOUND('',#5037,.T.);
#5037 = EDGE_LOOP('',(#5038,#5039,#5040,#5041));
#5038 = ORIENTED_EDGE('',*,*,#4938,.F.);
#5039 = ORIENTED_EDGE('',*,*,#4993,.T.);
#5040 = ORIENTED_EDGE('',*,*,#4974,.T.);
#5041 = ORIENTED_EDGE('',*,*,#5013,.F.);
#5042 = B_SPLINE_SURFACE_WITH_KNOTS('',1,1,(
    (#5043,#5044)
    ,(#5045,#5046
    )),.UNSPECIFIED.,.F.,.F.,.F.,(2,2),(2,2),(0.,0.762001524003),(0.,
    0.762001524003),.PIECEWISE_BEZIER_KNOTS.);
#5043 = CARTESIAN_POINT('',(2.075003810008,4.175,0.762001524003));
#5044 = CARTESIAN_POINT('',(2.075003810008,-4.175,0.762001524003));
#5045 = CARTESIAN_POINT('',(-2.064996189992,4.175,0.762001524003));
#5046 = CARTESIAN_POINT('',(-2.064996189992,-4.175,0.762001524003));
#5047 = ( GEOMETRIC_REPRESENTATION_CONTEXT(3) 
GLOBAL_UNCERTAINTY_ASSIGNED_CONTEXT((#5051)) 
GLOBAL_UNIT_ASSIGNED_CONTEXT((#5048,#5049,#5050)) REPRESENTATION_CONTEXT
('Context #1','3D Context with UNIT and UNCERTAINTY') );
#5048 = ( LENGTH_UNIT() NAMED_UNIT(*) SI_UNIT(.MILLI.,.METRE.) );
#5049 = ( NAMED_UNIT(*) PLANE_ANGLE_UNIT() SI_UNIT($,.RADIAN.) );
#5050 = ( NAMED_UNIT(*) SI_UNIT($,.STERADIAN.) SOLID_ANGLE_UNIT() );
#5051 = UNCERTAINTY_MEASURE_WITH_UNIT(LENGTH_MEASURE(1.E-06),#5048,
  'distance_accuracy_value','confusion accuracy');
#5052 = CONTEXT_DEPENDENT_SHAPE_REPRESENTATION(#5053,#5055);
#5053 = ( REPRESENTATION_RELATIONSHIP('','',#4908,#4885) 
REPRESENTATION_RELATIONSHIP_WITH_TRANSFORMATION(#5054) 
SHAPE_REPRESENTATION_RELATIONSHIP() );
#5054 = ITEM_DEFINED_TRANSFORMATION('','',#11,#4886);
#5055 = PRODUCT_DEFINITION_SHAPE('Placement','Placement of an item',
  #5056);
#5056 = NEXT_ASSEMBLY_USAGE_OCCURRENCE('14','=>[0:1:1:9]','',#4880,#4903
  ,$);
#5057 = PRODUCT_RELATED_PRODUCT_CATEGORY('part',$,(#4905));
#5058 = SHAPE_DEFINITION_REPRESENTATION(#5059,#5065);
#5059 = PRODUCT_DEFINITION_SHAPE('','',#5060);
#5060 = PRODUCT_DEFINITION('design','',#5061,#5064);
#5061 = PRODUCT_DEFINITION_FORMATION('','',#5062);
#5062 = PRODUCT(
'SW2~KEY-SMD_4P-L4.2-W3.4-P2.15-LS4.7~KEY-SMD_
4P-L4.2-W3.4-P2.15-LS4.7~5ZeZ',
'SW2~KEY-SMD_4P-L4.2-W3.4-P2.15-LS4.7~KEY-SMD_
4P-L4.2-W3.4-P2.15-LS4.7~5ZeZ','',(#5063));
#5063 = PRODUCT_CONTEXT('',#2,'mechanical');
#5064 = PRODUCT_DEFINITION_CONTEXT('part definition',#2,'design');
#5065 = SHAPE_REPRESENTATION('',(#11,#5066),#5070);
#5066 = AXIS2_PLACEMENT_3D('',#5067,#5068,#5069);
#5067 = CARTESIAN_POINT('',(0.,0.,0.));
#5068 = DIRECTION('',(0.,0.,1.));
#5069 = DIRECTION('',(1.,0.,-0.));
#5070 = ( GEOMETRIC_REPRESENTATION_CONTEXT(3) 
GLOBAL_UNCERTAINTY_ASSIGNED_CONTEXT((#5074)) 
GLOBAL_UNIT_ASSIGNED_CONTEXT((#5071,#5072,#5073)) REPRESENTATION_CONTEXT
('Context #1','3D Context with UNIT and UNCERTAINTY') );
#5071 = ( LENGTH_UNIT() NAMED_UNIT(*) SI_UNIT(.MILLI.,.METRE.) );
#5072 = ( NAMED_UNIT(*) PLANE_ANGLE_UNIT() SI_UNIT($,.RADIAN.) );
#5073 = ( NAMED_UNIT(*) SI_UNIT($,.STERADIAN.) SOLID_ANGLE_UNIT() );
#5074 = UNCERTAINTY_MEASURE_WITH_UNIT(LENGTH_MEASURE(5.E-07),#5071,
  'distance_accuracy_value','confusion accuracy');
#5075 = CONTEXT_DEPENDENT_SHAPE_REPRESENTATION(#5076,#5078);
#5076 = ( REPRESENTATION_RELATIONSHIP('','',#5065,#10) 
REPRESENTATION_RELATIONSHIP_WITH_TRANSFORMATION(#5077) 
SHAPE_REPRESENTATION_RELATIONSHIP() );
#5077 = ITEM_DEFINED_TRANSFORMATION('','',#11,#67);
#5078 = PRODUCT_DEFINITION_SHAPE('Placement','Placement of an item',
  #5079);
#5079 = NEXT_ASSEMBLY_USAGE_OCCURRENCE('17','=>[0:1:1:12]','',#5,#5060,$
  );
#5080 = PRODUCT_RELATED_PRODUCT_CATEGORY('part',$,(#5062));
#5081 = SHAPE_DEFINITION_REPRESENTATION(#5082,#5088);
#5082 = PRODUCT_DEFINITION_SHAPE('','',#5083);
#5083 = PRODUCT_DEFINITION('design','',#5084,#5087);
#5084 = PRODUCT_DEFINITION_FORMATION('','',#5085);
#5085 = PRODUCT(
'KEY-SMD_4P-L4.2-W3.4-P2.15-LS4.7~KEY-SMD_4P-L4.2-W3.4-P2.15-LS4.7~5ZeZ'
  ,
'KEY-SMD_4P-L4.2-W3.4-P2.15-LS4.7~KEY-SMD_4P-L4.2-W3.4-P2.15-LS4.7~5ZeZ'
  ,'',(#5086));
#5086 = PRODUCT_CONTEXT('',#2,'mechanical');
#5087 = PRODUCT_DEFINITION_CONTEXT('part definition',#2,'design');
#5088 = ADVANCED_BREP_SHAPE_REPRESENTATION('',(#11,#5089),#5227);
#5089 = MANIFOLD_SOLID_BREP('',#5090);
#5090 = CLOSED_SHELL('',(#5091,#5127,#5163,#5183,#5203,#5215));
#5091 = ADVANCED_FACE('',(#5092),#5122,.F.);
#5092 = FACE_BOUND('',#5093,.F.);
#5093 = EDGE_LOOP('',(#5094,#5103,#5110,#5117));
#5094 = ORIENTED_EDGE('',*,*,#5095,.F.);
#5095 = EDGE_CURVE('',#5096,#5098,#5100,.T.);
#5096 = VERTEX_POINT('',#5097);
#5097 = CARTESIAN_POINT('',(-2.350076200152,-1.699974599949,0.));
#5098 = VERTEX_POINT('',#5099);
#5099 = CARTESIAN_POINT('',(-2.350076200152,-1.699974599949,
    0.762001524003));
#5100 = B_SPLINE_CURVE_WITH_KNOTS('',1,(#5101,#5102),.UNSPECIFIED.,.F.,
  .F.,(2,2),(0.,0.762001524003),.PIECEWISE_BEZIER_KNOTS.);
#5101 = CARTESIAN_POINT('',(-2.350076200152,-1.699974599949,0.));
#5102 = CARTESIAN_POINT('',(-2.350076200152,-1.699974599949,
    0.762001524003));
#5103 = ORIENTED_EDGE('',*,*,#5104,.T.);
#5104 = EDGE_CURVE('',#5096,#5105,#5107,.T.);
#5105 = VERTEX_POINT('',#5106);
#5106 = CARTESIAN_POINT('',(-2.350076200152,1.700025400051,0.));
#5107 = B_SPLINE_CURVE_WITH_KNOTS('',1,(#5108,#5109),.UNSPECIFIED.,.F.,
  .F.,(2,2),(0.,0.762001524003),.PIECEWISE_BEZIER_KNOTS.);
#5108 = CARTESIAN_POINT('',(-2.350076200152,-1.699974599949,0.));
#5109 = CARTESIAN_POINT('',(-2.350076200152,1.700025400051,0.));
#5110 = ORIENTED_EDGE('',*,*,#5111,.T.);
#5111 = EDGE_CURVE('',#5105,#5112,#5114,.T.);
#5112 = VERTEX_POINT('',#5113);
#5113 = CARTESIAN_POINT('',(-2.350076200152,1.700025400051,
    0.762001524003));
#5114 = B_SPLINE_CURVE_WITH_KNOTS('',1,(#5115,#5116),.UNSPECIFIED.,.F.,
  .F.,(2,2),(0.,0.762001524003),.PIECEWISE_BEZIER_KNOTS.);
#5115 = CARTESIAN_POINT('',(-2.350076200152,1.700025400051,0.));
#5116 = CARTESIAN_POINT('',(-2.350076200152,1.700025400051,
    0.762001524003));
#5117 = ORIENTED_EDGE('',*,*,#5118,.F.);
#5118 = EDGE_CURVE('',#5098,#5112,#5119,.T.);
#5119 = B_SPLINE_CURVE_WITH_KNOTS('',1,(#5120,#5121),.UNSPECIFIED.,.F.,
  .F.,(2,2),(0.,0.762001524003),.PIECEWISE_BEZIER_KNOTS.);
#5120 = CARTESIAN_POINT('',(-2.350076200152,-1.699974599949,
    0.762001524003));
#5121 = CARTESIAN_POINT('',(-2.350076200152,1.700025400051,
    0.762001524003));
#5122 = B_SPLINE_SURFACE_WITH_KNOTS('',1,1,(
    (#5123,#5124)
    ,(#5125,#5126
    )),.UNSPECIFIED.,.F.,.F.,.F.,(2,2),(2,2),(0.,0.762001524003),(
    -0.762001524003,0.),.PIECEWISE_BEZIER_KNOTS.);
#5123 = CARTESIAN_POINT('',(-2.350076200152,1.700025400051,0.));
#5124 = CARTESIAN_POINT('',(-2.350076200152,-1.699974599949,0.));
#5125 = CARTESIAN_POINT('',(-2.350076200152,1.700025400051,
    0.762001524003));
#5126 = CARTESIAN_POINT('',(-2.350076200152,-1.699974599949,
    0.762001524003));
#5127 = ADVANCED_FACE('',(#5128),#5158,.T.);
#5128 = FACE_BOUND('',#5129,.T.);
#5129 = EDGE_LOOP('',(#5130,#5139,#5146,#5153));
#5130 = ORIENTED_EDGE('',*,*,#5131,.F.);
#5131 = EDGE_CURVE('',#5132,#5134,#5136,.T.);
#5132 = VERTEX_POINT('',#5133);
#5133 = CARTESIAN_POINT('',(2.349923799848,-1.699974599949,0.));
#5134 = VERTEX_POINT('',#5135);
#5135 = CARTESIAN_POINT('',(2.349923799848,-1.699974599949,
    0.762001524003));
#5136 = B_SPLINE_CURVE_WITH_KNOTS('',1,(#5137,#5138),.UNSPECIFIED.,.F.,
  .F.,(2,2),(0.,0.762001524003),.PIECEWISE_BEZIER_KNOTS.);
#5137 = CARTESIAN_POINT('',(2.349923799848,-1.699974599949,0.));
#5138 = CARTESIAN_POINT('',(2.349923799848,-1.699974599949,
    0.762001524003));
#5139 = ORIENTED_EDGE('',*,*,#5140,.T.);
#5140 = EDGE_CURVE('',#5132,#5141,#5143,.T.);
#5141 = VERTEX_POINT('',#5142);
#5142 = CARTESIAN_POINT('',(2.349923799848,1.700025400051,0.));
#5143 = B_SPLINE_CURVE_WITH_KNOTS('',1,(#5144,#5145),.UNSPECIFIED.,.F.,
  .F.,(2,2),(0.,0.762001524003),.PIECEWISE_BEZIER_KNOTS.);
#5144 = CARTESIAN_POINT('',(2.349923799848,-1.699974599949,0.));
#5145 = CARTESIAN_POINT('',(2.349923799848,1.700025400051,0.));
#5146 = ORIENTED_EDGE('',*,*,#5147,.T.);
#5147 = EDGE_CURVE('',#5141,#5148,#5150,.T.);
#5148 = VERTEX_POINT('',#5149);
#5149 = CARTESIAN_POINT('',(2.349923799848,1.700025400051,0.762001524003
    ));
#5150 = B_SPLINE_CURVE_WITH_KNOTS('',1,(#5151,#5152),.UNSPECIFIED.,.F.,
  .F.,(2,2),(0.,0.762001524003),.PIECEWISE_BEZIER_KNOTS.);
#5151 = CARTESIAN_POINT('',(2.349923799848,1.700025400051,0.));
#5152 = CARTESIAN_POINT('',(2.349923799848,1.700025400051,0.762001524003
    ));
#5153 = ORIENTED_EDGE('',*,*,#5154,.F.);
#5154 = EDGE_CURVE('',#5134,#5148,#5155,.T.);
#5155 = B_SPLINE_CURVE_WITH_KNOTS('',1,(#5156,#5157),.UNSPECIFIED.,.F.,
  .F.,(2,2),(0.,0.762001524003),.PIECEWISE_BEZIER_KNOTS.);
#5156 = CARTESIAN_POINT('',(2.349923799848,-1.699974599949,
    0.762001524003));
#5157 = CARTESIAN_POINT('',(2.349923799848,1.700025400051,0.762001524003
    ));
#5158 = B_SPLINE_SURFACE_WITH_KNOTS('',1,1,(
    (#5159,#5160)
    ,(#5161,#5162
    )),.UNSPECIFIED.,.F.,.F.,.F.,(2,2),(2,2),(0.,0.762001524003),(
    -0.762001524003,0.),.PIECEWISE_BEZIER_KNOTS.);
#5159 = CARTESIAN_POINT('',(2.349923799848,1.700025400051,0.));
#5160 = CARTESIAN_POINT('',(2.349923799848,-1.699974599949,0.));
#5161 = CARTESIAN_POINT('',(2.349923799848,1.700025400051,0.762001524003
    ));
#5162 = CARTESIAN_POINT('',(2.349923799848,-1.699974599949,
    0.762001524003));
#5163 = ADVANCED_FACE('',(#5164),#5178,.F.);
#5164 = FACE_BOUND('',#5165,.F.);
#5165 = EDGE_LOOP('',(#5166,#5171,#5172,#5177));
#5166 = ORIENTED_EDGE('',*,*,#5167,.F.);
#5167 = EDGE_CURVE('',#5096,#5132,#5168,.T.);
#5168 = B_SPLINE_CURVE_WITH_KNOTS('',1,(#5169,#5170),.UNSPECIFIED.,.F.,
  .F.,(2,2),(0.,0.762001524003),.PIECEWISE_BEZIER_KNOTS.);
#5169 = CARTESIAN_POINT('',(-2.350076200152,-1.699974599949,0.));
#5170 = CARTESIAN_POINT('',(2.349923799848,-1.699974599949,0.));
#5171 = ORIENTED_EDGE('',*,*,#5095,.T.);
#5172 = ORIENTED_EDGE('',*,*,#5173,.T.);
#5173 = EDGE_CURVE('',#5098,#5134,#5174,.T.);
#5174 = B_SPLINE_CURVE_WITH_KNOTS('',1,(#5175,#5176),.UNSPECIFIED.,.F.,
  .F.,(2,2),(0.,0.762001524003),.PIECEWISE_BEZIER_KNOTS.);
#5175 = CARTESIAN_POINT('',(-2.350076200152,-1.699974599949,
    0.762001524003));
#5176 = CARTESIAN_POINT('',(2.349923799848,-1.699974599949,
    0.762001524003));
#5177 = ORIENTED_EDGE('',*,*,#5131,.F.);
#5178 = B_SPLINE_SURFACE_WITH_KNOTS('',1,1,(
    (#5179,#5180)
    ,(#5181,#5182
    )),.UNSPECIFIED.,.F.,.F.,.F.,(2,2),(2,2),(0.,0.762001524003),(0.,
    0.762001524003),.PIECEWISE_BEZIER_KNOTS.);
#5179 = CARTESIAN_POINT('',(-2.350076200152,-1.699974599949,0.));
#5180 = CARTESIAN_POINT('',(2.349923799848,-1.699974599949,0.));
#5181 = CARTESIAN_POINT('',(-2.350076200152,-1.699974599949,
    0.762001524003));
#5182 = CARTESIAN_POINT('',(2.349923799848,-1.699974599949,
    0.762001524003));
#5183 = ADVANCED_FACE('',(#5184),#5198,.T.);
#5184 = FACE_BOUND('',#5185,.T.);
#5185 = EDGE_LOOP('',(#5186,#5191,#5192,#5197));
#5186 = ORIENTED_EDGE('',*,*,#5187,.F.);
#5187 = EDGE_CURVE('',#5105,#5141,#5188,.T.);
#5188 = B_SPLINE_CURVE_WITH_KNOTS('',1,(#5189,#5190),.UNSPECIFIED.,.F.,
  .F.,(2,2),(0.,0.762001524003),.PIECEWISE_BEZIER_KNOTS.);
#5189 = CARTESIAN_POINT('',(-2.350076200152,1.700025400051,0.));
#5190 = CARTESIAN_POINT('',(2.349923799848,1.700025400051,0.));
#5191 = ORIENTED_EDGE('',*,*,#5111,.T.);
#5192 = ORIENTED_EDGE('',*,*,#5193,.T.);
#5193 = EDGE_CURVE('',#5112,#5148,#5194,.T.);
#5194 = B_SPLINE_CURVE_WITH_KNOTS('',1,(#5195,#5196),.UNSPECIFIED.,.F.,
  .F.,(2,2),(0.,0.762001524003),.PIECEWISE_BEZIER_KNOTS.);
#5195 = CARTESIAN_POINT('',(-2.350076200152,1.700025400051,
    0.762001524003));
#5196 = CARTESIAN_POINT('',(2.349923799848,1.700025400051,0.762001524003
    ));
#5197 = ORIENTED_EDGE('',*,*,#5147,.F.);
#5198 = B_SPLINE_SURFACE_WITH_KNOTS('',1,1,(
    (#5199,#5200)
    ,(#5201,#5202
    )),.UNSPECIFIED.,.F.,.F.,.F.,(2,2),(2,2),(0.,0.762001524003),(0.,
    0.762001524003),.PIECEWISE_BEZIER_KNOTS.);
#5199 = CARTESIAN_POINT('',(-2.350076200152,1.700025400051,0.));
#5200 = CARTESIAN_POINT('',(2.349923799848,1.700025400051,0.));
#5201 = CARTESIAN_POINT('',(-2.350076200152,1.700025400051,
    0.762001524003));
#5202 = CARTESIAN_POINT('',(2.349923799848,1.700025400051,0.762001524003
    ));
#5203 = ADVANCED_FACE('',(#5204),#5210,.F.);
#5204 = FACE_BOUND('',#5205,.F.);
#5205 = EDGE_LOOP('',(#5206,#5207,#5208,#5209));
#5206 = ORIENTED_EDGE('',*,*,#5104,.F.);
#5207 = ORIENTED_EDGE('',*,*,#5167,.T.);
#5208 = ORIENTED_EDGE('',*,*,#5140,.T.);
#5209 = ORIENTED_EDGE('',*,*,#5187,.F.);
#5210 = B_SPLINE_SURFACE_WITH_KNOTS('',1,1,(
    (#5211,#5212)
    ,(#5213,#5214
    )),.UNSPECIFIED.,.F.,.F.,.F.,(2,2),(2,2),(0.,0.762001524003),(0.,
    0.762001524003),.PIECEWISE_BEZIER_KNOTS.);
#5211 = CARTESIAN_POINT('',(-2.350076200152,-1.699974599949,0.));
#5212 = CARTESIAN_POINT('',(-2.350076200152,1.700025400051,0.));
#5213 = CARTESIAN_POINT('',(2.349923799848,-1.699974599949,0.));
#5214 = CARTESIAN_POINT('',(2.349923799848,1.700025400051,0.));
#5215 = ADVANCED_FACE('',(#5216),#5222,.T.);
#5216 = FACE_BOUND('',#5217,.T.);
#5217 = EDGE_LOOP('',(#5218,#5219,#5220,#5221));
#5218 = ORIENTED_EDGE('',*,*,#5118,.F.);
#5219 = ORIENTED_EDGE('',*,*,#5173,.T.);
#5220 = ORIENTED_EDGE('',*,*,#5154,.T.);
#5221 = ORIENTED_EDGE('',*,*,#5193,.F.);
#5222 = B_SPLINE_SURFACE_WITH_KNOTS('',1,1,(
    (#5223,#5224)
    ,(#5225,#5226
    )),.UNSPECIFIED.,.F.,.F.,.F.,(2,2),(2,2),(0.,0.762001524003),(0.,
    0.762001524003),.PIECEWISE_BEZIER_KNOTS.);
#5223 = CARTESIAN_POINT('',(-2.350076200152,-1.699974599949,
    0.762001524003));
#5224 = CARTESIAN_POINT('',(-2.350076200152,1.700025400051,
    0.762001524003));
#5225 = CARTESIAN_POINT('',(2.349923799848,-1.699974599949,
    0.762001524003));
#5226 = CARTESIAN_POINT('',(2.349923799848,1.700025400051,0.762001524003
    ));
#5227 = ( GEOMETRIC_REPRESENTATION_CONTEXT(3) 
GLOBAL_UNCERTAINTY_ASSIGNED_CONTEXT((#5231)) 
GLOBAL_UNIT_ASSIGNED_CONTEXT((#5228,#5229,#5230)) REPRESENTATION_CONTEXT
('Context #1','3D Context with UNIT and UNCERTAINTY') );
#5228 = ( LENGTH_UNIT() NAMED_UNIT(*) SI_UNIT(.MILLI.,.METRE.) );
#5229 = ( NAMED_UNIT(*) PLANE_ANGLE_UNIT() SI_UNIT($,.RADIAN.) );
#5230 = ( NAMED_UNIT(*) SI_UNIT($,.STERADIAN.) SOLID_ANGLE_UNIT() );
#5231 = UNCERTAINTY_MEASURE_WITH_UNIT(LENGTH_MEASURE(5.E-07),#5228,
  'distance_accuracy_value','confusion accuracy');
#5232 = CONTEXT_DEPENDENT_SHAPE_REPRESENTATION(#5233,#5235);
#5233 = ( REPRESENTATION_RELATIONSHIP('','',#5088,#5065) 
REPRESENTATION_RELATIONSHIP_WITH_TRANSFORMATION(#5234) 
SHAPE_REPRESENTATION_RELATIONSHIP() );
#5234 = ITEM_DEFINED_TRANSFORMATION('','',#11,#5066);
#5235 = PRODUCT_DEFINITION_SHAPE('Placement','Placement of an item',
  #5236);
#5236 = NEXT_ASSEMBLY_USAGE_OCCURRENCE('16','=>[0:1:1:11]','',#5060,
  #5083,$);
#5237 = PRODUCT_RELATED_PRODUCT_CATEGORY('part',$,(#5085));
#5238 = SHAPE_DEFINITION_REPRESENTATION(#5239,#5245);
#5239 = PRODUCT_DEFINITION_SHAPE('','',#5240);
#5240 = PRODUCT_DEFINITION('design','',#5241,#5244);
#5241 = PRODUCT_DEFINITION_FORMATION('','',#5242);
#5242 = PRODUCT(
'U2~SOT-23-6_L2.9-W1.6-P0.95-LS2.8-BR~SOT-23-6_
L2.9-W1.6-H1.5-LS2.8-P0.95~5ZeZ',
'U2~SOT-23-6_L2.9-W1.6-P0.95-LS2.8-BR~SOT-23-6_
L2.9-W1.6-H1.5-LS2.8-P0.95~5ZeZ','',(#5243));
#5243 = PRODUCT_CONTEXT('',#2,'mechanical');
#5244 = PRODUCT_DEFINITION_CONTEXT('part definition',#2,'design');
#5245 = SHAPE_REPRESENTATION('',(#11,#5246),#5250);
#5246 = AXIS2_PLACEMENT_3D('',#5247,#5248,#5249);
#5247 = CARTESIAN_POINT('',(0.,0.,0.));
#5248 = DIRECTION('',(0.,0.,1.));
#5249 = DIRECTION('',(1.,0.,-0.));
#5250 = ( GEOMETRIC_REPRESENTATION_CONTEXT(3) 
GLOBAL_UNCERTAINTY_ASSIGNED_CONTEXT((#5254)) 
GLOBAL_UNIT_ASSIGNED_CONTEXT((#5251,#5252,#5253)) REPRESENTATION_CONTEXT
('Context #1','3D Context with UNIT and UNCERTAINTY') );
#5251 = ( LENGTH_UNIT() NAMED_UNIT(*) SI_UNIT(.MILLI.,.METRE.) );
#5252 = ( NAMED_UNIT(*) PLANE_ANGLE_UNIT() SI_UNIT($,.RADIAN.) );
#5253 = ( NAMED_UNIT(*) SI_UNIT($,.STERADIAN.) SOLID_ANGLE_UNIT() );
#5254 = UNCERTAINTY_MEASURE_WITH_UNIT(LENGTH_MEASURE(5.E-07),#5251,
  'distance_accuracy_value','confusion accuracy');
#5255 = CONTEXT_DEPENDENT_SHAPE_REPRESENTATION(#5256,#5258);
#5256 = ( REPRESENTATION_RELATIONSHIP('','',#5245,#10) 
REPRESENTATION_RELATIONSHIP_WITH_TRANSFORMATION(#5257) 
SHAPE_REPRESENTATION_RELATIONSHIP() );
#5257 = ITEM_DEFINED_TRANSFORMATION('','',#11,#71);
#5258 = PRODUCT_DEFINITION_SHAPE('Placement','Placement of an item',
  #5259);
#5259 = NEXT_ASSEMBLY_USAGE_OCCURRENCE('19','=>[0:1:1:14]','',#5,#5240,$
  );
#5260 = PRODUCT_RELATED_PRODUCT_CATEGORY('part',$,(#5242));
#5261 = SHAPE_DEFINITION_REPRESENTATION(#5262,#5268);
#5262 = PRODUCT_DEFINITION_SHAPE('','',#5263);
#5263 = PRODUCT_DEFINITION('design','',#5264,#5267);
#5264 = PRODUCT_DEFINITION_FORMATION('','',#5265);
#5265 = PRODUCT(
'SOT-23-6_L2.9-W1.6-P0.95-LS2.8-BR~SOT-23-6_
L2.9-W1.6-H1.5-LS2.8-P0.95~5ZeZ',
'SOT-23-6_L2.9-W1.6-P0.95-LS2.8-BR~SOT-23-6_
L2.9-W1.6-H1.5-LS2.8-P0.95~5ZeZ','',(#5266));
#5266 = PRODUCT_CONTEXT('',#2,'mechanical');
#5267 = PRODUCT_DEFINITION_CONTEXT('part definition',#2,'design');
#5268 = ADVANCED_BREP_SHAPE_REPRESENTATION('',(#11,#5269),#5407);
#5269 = MANIFOLD_SOLID_BREP('',#5270);
#5270 = CLOSED_SHELL('',(#5271,#5307,#5343,#5363,#5383,#5395));
#5271 = ADVANCED_FACE('',(#5272),#5302,.F.);
#5272 = FACE_BOUND('',#5273,.F.);
#5273 = EDGE_LOOP('',(#5274,#5283,#5290,#5297));
#5274 = ORIENTED_EDGE('',*,*,#5275,.F.);
#5275 = EDGE_CURVE('',#5276,#5278,#5280,.T.);
#5276 = VERTEX_POINT('',#5277);
#5277 = CARTESIAN_POINT('',(1.406384429769,1.449923799848,0.));
#5278 = VERTEX_POINT('',#5279);
#5279 = CARTESIAN_POINT('',(1.406384429769,1.449923799848,0.762001524003
    ));
#5280 = B_SPLINE_CURVE_WITH_KNOTS('',1,(#5281,#5282),.UNSPECIFIED.,.F.,
  .F.,(2,2),(0.,0.762001524003),.PIECEWISE_BEZIER_KNOTS.);
#5281 = CARTESIAN_POINT('',(1.406384429769,1.449923799848,0.));
#5282 = CARTESIAN_POINT('',(1.406384429769,1.449923799848,0.762001524003
    ));
#5283 = ORIENTED_EDGE('',*,*,#5284,.T.);
#5284 = EDGE_CURVE('',#5276,#5285,#5287,.T.);
#5285 = VERTEX_POINT('',#5286);
#5286 = CARTESIAN_POINT('',(1.406384429769,-1.450076200152,0.));
#5287 = B_SPLINE_CURVE_WITH_KNOTS('',1,(#5288,#5289),.UNSPECIFIED.,.F.,
  .F.,(2,2),(0.,0.762001524003),.PIECEWISE_BEZIER_KNOTS.);
#5288 = CARTESIAN_POINT('',(1.406384429769,1.449923799848,0.));
#5289 = CARTESIAN_POINT('',(1.406384429769,-1.450076200152,0.));
#5290 = ORIENTED_EDGE('',*,*,#5291,.T.);
#5291 = EDGE_CURVE('',#5285,#5292,#5294,.T.);
#5292 = VERTEX_POINT('',#5293);
#5293 = CARTESIAN_POINT('',(1.406384429769,-1.450076200152,
    0.762001524003));
#5294 = B_SPLINE_CURVE_WITH_KNOTS('',1,(#5295,#5296),.UNSPECIFIED.,.F.,
  .F.,(2,2),(0.,0.762001524003),.PIECEWISE_BEZIER_KNOTS.);
#5295 = CARTESIAN_POINT('',(1.406384429769,-1.450076200152,0.));
#5296 = CARTESIAN_POINT('',(1.406384429769,-1.450076200152,
    0.762001524003));
#5297 = ORIENTED_EDGE('',*,*,#5298,.F.);
#5298 = EDGE_CURVE('',#5278,#5292,#5299,.T.);
#5299 = B_SPLINE_CURVE_WITH_KNOTS('',1,(#5300,#5301),.UNSPECIFIED.,.F.,
  .F.,(2,2),(0.,0.762001524003),.PIECEWISE_BEZIER_KNOTS.);
#5300 = CARTESIAN_POINT('',(1.406384429769,1.449923799848,0.762001524003
    ));
#5301 = CARTESIAN_POINT('',(1.406384429769,-1.450076200152,
    0.762001524003));
#5302 = B_SPLINE_SURFACE_WITH_KNOTS('',1,1,(
    (#5303,#5304)
    ,(#5305,#5306
    )),.UNSPECIFIED.,.F.,.F.,.F.,(2,2),(2,2),(0.,0.762001524003),(
    -0.762001524003,0.),.PIECEWISE_BEZIER_KNOTS.);
#5303 = CARTESIAN_POINT('',(1.406384429769,-1.450076200152,0.));
#5304 = CARTESIAN_POINT('',(1.406384429769,1.449923799848,0.));
#5305 = CARTESIAN_POINT('',(1.406384429769,-1.450076200152,
    0.762001524003));
#5306 = CARTESIAN_POINT('',(1.406384429769,1.449923799848,0.762001524003
    ));
#5307 = ADVANCED_FACE('',(#5308),#5338,.T.);
#5308 = FACE_BOUND('',#5309,.T.);
#5309 = EDGE_LOOP('',(#5310,#5319,#5326,#5333));
#5310 = ORIENTED_EDGE('',*,*,#5311,.F.);
#5311 = EDGE_CURVE('',#5312,#5314,#5316,.T.);
#5312 = VERTEX_POINT('',#5313);
#5313 = CARTESIAN_POINT('',(-1.406333629667,1.449923799848,0.));
#5314 = VERTEX_POINT('',#5315);
#5315 = CARTESIAN_POINT('',(-1.406333629667,1.449923799848,
    0.762001524003));
#5316 = B_SPLINE_CURVE_WITH_KNOTS('',1,(#5317,#5318),.UNSPECIFIED.,.F.,
  .F.,(2,2),(0.,0.762001524003),.PIECEWISE_BEZIER_KNOTS.);
#5317 = CARTESIAN_POINT('',(-1.406333629667,1.449923799848,0.));
#5318 = CARTESIAN_POINT('',(-1.406333629667,1.449923799848,
    0.762001524003));
#5319 = ORIENTED_EDGE('',*,*,#5320,.T.);
#5320 = EDGE_CURVE('',#5312,#5321,#5323,.T.);
#5321 = VERTEX_POINT('',#5322);
#5322 = CARTESIAN_POINT('',(-1.406333629667,-1.450076200152,0.));
#5323 = B_SPLINE_CURVE_WITH_KNOTS('',1,(#5324,#5325),.UNSPECIFIED.,.F.,
  .F.,(2,2),(0.,0.762001524003),.PIECEWISE_BEZIER_KNOTS.);
#5324 = CARTESIAN_POINT('',(-1.406333629667,1.449923799848,0.));
#5325 = CARTESIAN_POINT('',(-1.406333629667,-1.450076200152,0.));
#5326 = ORIENTED_EDGE('',*,*,#5327,.T.);
#5327 = EDGE_CURVE('',#5321,#5328,#5330,.T.);
#5328 = VERTEX_POINT('',#5329);
#5329 = CARTESIAN_POINT('',(-1.406333629667,-1.450076200152,
    0.762001524003));
#5330 = B_SPLINE_CURVE_WITH_KNOTS('',1,(#5331,#5332),.UNSPECIFIED.,.F.,
  .F.,(2,2),(0.,0.762001524003),.PIECEWISE_BEZIER_KNOTS.);
#5331 = CARTESIAN_POINT('',(-1.406333629667,-1.450076200152,0.));
#5332 = CARTESIAN_POINT('',(-1.406333629667,-1.450076200152,
    0.762001524003));
#5333 = ORIENTED_EDGE('',*,*,#5334,.F.);
#5334 = EDGE_CURVE('',#5314,#5328,#5335,.T.);
#5335 = B_SPLINE_CURVE_WITH_KNOTS('',1,(#5336,#5337),.UNSPECIFIED.,.F.,
  .F.,(2,2),(0.,0.762001524003),.PIECEWISE_BEZIER_KNOTS.);
#5336 = CARTESIAN_POINT('',(-1.406333629667,1.449923799848,
    0.762001524003));
#5337 = CARTESIAN_POINT('',(-1.406333629667,-1.450076200152,
    0.762001524003));
#5338 = B_SPLINE_SURFACE_WITH_KNOTS('',1,1,(
    (#5339,#5340)
    ,(#5341,#5342
    )),.UNSPECIFIED.,.F.,.F.,.F.,(2,2),(2,2),(0.,0.762001524003),(
    -0.762001524003,0.),.PIECEWISE_BEZIER_KNOTS.);
#5339 = CARTESIAN_POINT('',(-1.406333629667,-1.450076200152,0.));
#5340 = CARTESIAN_POINT('',(-1.406333629667,1.449923799848,0.));
#5341 = CARTESIAN_POINT('',(-1.406333629667,-1.450076200152,
    0.762001524003));
#5342 = CARTESIAN_POINT('',(-1.406333629667,1.449923799848,
    0.762001524003));
#5343 = ADVANCED_FACE('',(#5344),#5358,.F.);
#5344 = FACE_BOUND('',#5345,.F.);
#5345 = EDGE_LOOP('',(#5346,#5351,#5352,#5357));
#5346 = ORIENTED_EDGE('',*,*,#5347,.F.);
#5347 = EDGE_CURVE('',#5276,#5312,#5348,.T.);
#5348 = B_SPLINE_CURVE_WITH_KNOTS('',1,(#5349,#5350),.UNSPECIFIED.,.F.,
  .F.,(2,2),(0.,0.762001524003),.PIECEWISE_BEZIER_KNOTS.);
#5349 = CARTESIAN_POINT('',(1.406384429769,1.449923799848,0.));
#5350 = CARTESIAN_POINT('',(-1.406333629667,1.449923799848,0.));
#5351 = ORIENTED_EDGE('',*,*,#5275,.T.);
#5352 = ORIENTED_EDGE('',*,*,#5353,.T.);
#5353 = EDGE_CURVE('',#5278,#5314,#5354,.T.);
#5354 = B_SPLINE_CURVE_WITH_KNOTS('',1,(#5355,#5356),.UNSPECIFIED.,.F.,
  .F.,(2,2),(0.,0.762001524003),.PIECEWISE_BEZIER_KNOTS.);
#5355 = CARTESIAN_POINT('',(1.406384429769,1.449923799848,0.762001524003
    ));
#5356 = CARTESIAN_POINT('',(-1.406333629667,1.449923799848,
    0.762001524003));
#5357 = ORIENTED_EDGE('',*,*,#5311,.F.);
#5358 = B_SPLINE_SURFACE_WITH_KNOTS('',1,1,(
    (#5359,#5360)
    ,(#5361,#5362
    )),.UNSPECIFIED.,.F.,.F.,.F.,(2,2),(2,2),(0.,0.762001524003),(0.,
    0.762001524003),.PIECEWISE_BEZIER_KNOTS.);
#5359 = CARTESIAN_POINT('',(1.406384429769,1.449923799848,0.));
#5360 = CARTESIAN_POINT('',(-1.406333629667,1.449923799848,0.));
#5361 = CARTESIAN_POINT('',(1.406384429769,1.449923799848,0.762001524003
    ));
#5362 = CARTESIAN_POINT('',(-1.406333629667,1.449923799848,
    0.762001524003));
#5363 = ADVANCED_FACE('',(#5364),#5378,.T.);
#5364 = FACE_BOUND('',#5365,.T.);
#5365 = EDGE_LOOP('',(#5366,#5371,#5372,#5377));
#5366 = ORIENTED_EDGE('',*,*,#5367,.F.);
#5367 = EDGE_CURVE('',#5285,#5321,#5368,.T.);
#5368 = B_SPLINE_CURVE_WITH_KNOTS('',1,(#5369,#5370),.UNSPECIFIED.,.F.,
  .F.,(2,2),(0.,0.762001524003),.PIECEWISE_BEZIER_KNOTS.);
#5369 = CARTESIAN_POINT('',(1.406384429769,-1.450076200152,0.));
#5370 = CARTESIAN_POINT('',(-1.406333629667,-1.450076200152,0.));
#5371 = ORIENTED_EDGE('',*,*,#5291,.T.);
#5372 = ORIENTED_EDGE('',*,*,#5373,.T.);
#5373 = EDGE_CURVE('',#5292,#5328,#5374,.T.);
#5374 = B_SPLINE_CURVE_WITH_KNOTS('',1,(#5375,#5376),.UNSPECIFIED.,.F.,
  .F.,(2,2),(0.,0.762001524003),.PIECEWISE_BEZIER_KNOTS.);
#5375 = CARTESIAN_POINT('',(1.406384429769,-1.450076200152,
    0.762001524003));
#5376 = CARTESIAN_POINT('',(-1.406333629667,-1.450076200152,
    0.762001524003));
#5377 = ORIENTED_EDGE('',*,*,#5327,.F.);
#5378 = B_SPLINE_SURFACE_WITH_KNOTS('',1,1,(
    (#5379,#5380)
    ,(#5381,#5382
    )),.UNSPECIFIED.,.F.,.F.,.F.,(2,2),(2,2),(0.,0.762001524003),(0.,
    0.762001524003),.PIECEWISE_BEZIER_KNOTS.);
#5379 = CARTESIAN_POINT('',(1.406384429769,-1.450076200152,0.));
#5380 = CARTESIAN_POINT('',(-1.406333629667,-1.450076200152,0.));
#5381 = CARTESIAN_POINT('',(1.406384429769,-1.450076200152,
    0.762001524003));
#5382 = CARTESIAN_POINT('',(-1.406333629667,-1.450076200152,
    0.762001524003));
#5383 = ADVANCED_FACE('',(#5384),#5390,.F.);
#5384 = FACE_BOUND('',#5385,.F.);
#5385 = EDGE_LOOP('',(#5386,#5387,#5388,#5389));
#5386 = ORIENTED_EDGE('',*,*,#5284,.F.);
#5387 = ORIENTED_EDGE('',*,*,#5347,.T.);
#5388 = ORIENTED_EDGE('',*,*,#5320,.T.);
#5389 = ORIENTED_EDGE('',*,*,#5367,.F.);
#5390 = B_SPLINE_SURFACE_WITH_KNOTS('',1,1,(
    (#5391,#5392)
    ,(#5393,#5394
    )),.UNSPECIFIED.,.F.,.F.,.F.,(2,2),(2,2),(0.,0.762001524003),(0.,
    0.762001524003),.PIECEWISE_BEZIER_KNOTS.);
#5391 = CARTESIAN_POINT('',(1.406384429769,1.449923799848,0.));
#5392 = CARTESIAN_POINT('',(1.406384429769,-1.450076200152,0.));
#5393 = CARTESIAN_POINT('',(-1.406333629667,1.449923799848,0.));
#5394 = CARTESIAN_POINT('',(-1.406333629667,-1.450076200152,0.));
#5395 = ADVANCED_FACE('',(#5396),#5402,.T.);
#5396 = FACE_BOUND('',#5397,.T.);
#5397 = EDGE_LOOP('',(#5398,#5399,#5400,#5401));
#5398 = ORIENTED_EDGE('',*,*,#5298,.F.);
#5399 = ORIENTED_EDGE('',*,*,#5353,.T.);
#5400 = ORIENTED_EDGE('',*,*,#5334,.T.);
#5401 = ORIENTED_EDGE('',*,*,#5373,.F.);
#5402 = B_SPLINE_SURFACE_WITH_KNOTS('',1,1,(
    (#5403,#5404)
    ,(#5405,#5406
    )),.UNSPECIFIED.,.F.,.F.,.F.,(2,2),(2,2),(0.,0.762001524003),(0.,
    0.762001524003),.PIECEWISE_BEZIER_KNOTS.);
#5403 = CARTESIAN_POINT('',(1.406384429769,1.449923799848,0.762001524003
    ));
#5404 = CARTESIAN_POINT('',(1.406384429769,-1.450076200152,
    0.762001524003));
#5405 = CARTESIAN_POINT('',(-1.406333629667,1.449923799848,
    0.762001524003));
#5406 = CARTESIAN_POINT('',(-1.406333629667,-1.450076200152,
    0.762001524003));
#5407 = ( GEOMETRIC_REPRESENTATION_CONTEXT(3) 
GLOBAL_UNCERTAINTY_ASSIGNED_CONTEXT((#5411)) 
GLOBAL_UNIT_ASSIGNED_CONTEXT((#5408,#5409,#5410)) REPRESENTATION_CONTEXT
('Context #1','3D Context with UNIT and UNCERTAINTY') );
#5408 = ( LENGTH_UNIT() NAMED_UNIT(*) SI_UNIT(.MILLI.,.METRE.) );
#5409 = ( NAMED_UNIT(*) PLANE_ANGLE_UNIT() SI_UNIT($,.RADIAN.) );
#5410 = ( NAMED_UNIT(*) SI_UNIT($,.STERADIAN.) SOLID_ANGLE_UNIT() );
#5411 = UNCERTAINTY_MEASURE_WITH_UNIT(LENGTH_MEASURE(5.E-07),#5408,
  'distance_accuracy_value','confusion accuracy');
#5412 = CONTEXT_DEPENDENT_SHAPE_REPRESENTATION(#5413,#5415);
#5413 = ( REPRESENTATION_RELATIONSHIP('','',#5268,#5245) 
REPRESENTATION_RELATIONSHIP_WITH_TRANSFORMATION(#5414) 
SHAPE_REPRESENTATION_RELATIONSHIP() );
#5414 = ITEM_DEFINED_TRANSFORMATION('','',#11,#5246);
#5415 = PRODUCT_DEFINITION_SHAPE('Placement','Placement of an item',
  #5416);
#5416 = NEXT_ASSEMBLY_USAGE_OCCURRENCE('18','=>[0:1:1:13]','',#5240,
  #5263,$);
#5417 = PRODUCT_RELATED_PRODUCT_CATEGORY('part',$,(#5265));
#5418 = SHAPE_DEFINITION_REPRESENTATION(#5419,#5425);
#5419 = PRODUCT_DEFINITION_SHAPE('','',#5420);
#5420 = PRODUCT_DEFINITION('design','',#5421,#5424);
#5421 = PRODUCT_DEFINITION_FORMATION('','',#5422);
#5422 = PRODUCT(
'U3~FBGA-96_L14.0-W8.0-R16-C6-P0.80-TL~FBGA-96_
L14.0-W8.0-H1.1-P0.8~5ZeZ',
'U3~FBGA-96_L14.0-W8.0-R16-C6-P0.80-TL~FBGA-96_
L14.0-W8.0-H1.1-P0.8~5ZeZ','',(#5423));
#5423 = PRODUCT_CONTEXT('',#2,'mechanical');
#5424 = PRODUCT_DEFINITION_CONTEXT('part definition',#2,'design');
#5425 = SHAPE_REPRESENTATION('',(#11,#5426),#5430);
#5426 = AXIS2_PLACEMENT_3D('',#5427,#5428,#5429);
#5427 = CARTESIAN_POINT('',(0.,0.,0.));
#5428 = DIRECTION('',(0.,0.,1.));
#5429 = DIRECTION('',(1.,0.,-0.));
#5430 = ( GEOMETRIC_REPRESENTATION_CONTEXT(3) 
GLOBAL_UNCERTAINTY_ASSIGNED_CONTEXT((#5434)) 
GLOBAL_UNIT_ASSIGNED_CONTEXT((#5431,#5432,#5433)) REPRESENTATION_CONTEXT
('Context #1','3D Context with UNIT and UNCERTAINTY') );
#5431 = ( LENGTH_UNIT() NAMED_UNIT(*) SI_UNIT(.MILLI.,.METRE.) );
#5432 = ( NAMED_UNIT(*) PLANE_ANGLE_UNIT() SI_UNIT($,.RADIAN.) );
#5433 = ( NAMED_UNIT(*) SI_UNIT($,.STERADIAN.) SOLID_ANGLE_UNIT() );
#5434 = UNCERTAINTY_MEASURE_WITH_UNIT(LENGTH_MEASURE(2.E-06),#5431,
  'distance_accuracy_value','confusion accuracy');
#5435 = CONTEXT_DEPENDENT_SHAPE_REPRESENTATION(#5436,#5438);
#5436 = ( REPRESENTATION_RELATIONSHIP('','',#5425,#10) 
REPRESENTATION_RELATIONSHIP_WITH_TRANSFORMATION(#5437) 
SHAPE_REPRESENTATION_RELATIONSHIP() );
#5437 = ITEM_DEFINED_TRANSFORMATION('','',#11,#75);
#5438 = PRODUCT_DEFINITION_SHAPE('Placement','Placement of an item',
  #5439);
#5439 = NEXT_ASSEMBLY_USAGE_OCCURRENCE('21','=>[0:1:1:16]','',#5,#5420,$
  );
#5440 = PRODUCT_RELATED_PRODUCT_CATEGORY('part',$,(#5422));
#5441 = SHAPE_DEFINITION_REPRESENTATION(#5442,#5448);
#5442 = PRODUCT_DEFINITION_SHAPE('','',#5443);
#5443 = PRODUCT_DEFINITION('design','',#5444,#5447);
#5444 = PRODUCT_DEFINITION_FORMATION('','',#5445);
#5445 = PRODUCT(
  'FBGA-96_L14.0-W8.0-R16-C6-P0.80-TL~FBGA-96_L14.0-W8.0-H1.1-P0.8~5ZeZ'
  ,
  'FBGA-96_L14.0-W8.0-R16-C6-P0.80-TL~FBGA-96_L14.0-W8.0-H1.1-P0.8~5ZeZ'
  ,'',(#5446));
#5446 = PRODUCT_CONTEXT('',#2,'mechanical');
#5447 = PRODUCT_DEFINITION_CONTEXT('part definition',#2,'design');
#5448 = ADVANCED_BREP_SHAPE_REPRESENTATION('',(#11,#5449),#5587);
#5449 = MANIFOLD_SOLID_BREP('',#5450);
#5450 = CLOSED_SHELL('',(#5451,#5487,#5523,#5543,#5563,#5575));
#5451 = ADVANCED_FACE('',(#5452),#5482,.F.);
#5452 = FACE_BOUND('',#5453,.F.);
#5453 = EDGE_LOOP('',(#5454,#5463,#5470,#5477));
#5454 = ORIENTED_EDGE('',*,*,#5455,.F.);
#5455 = EDGE_CURVE('',#5456,#5458,#5460,.T.);
#5456 = VERTEX_POINT('',#5457);
#5457 = CARTESIAN_POINT('',(-5.750063500127,-6.5,0.));
#5458 = VERTEX_POINT('',#5459);
#5459 = CARTESIAN_POINT('',(-5.750063500127,-6.5,1.100076200152));
#5460 = B_SPLINE_CURVE_WITH_KNOTS('',1,(#5461,#5462),.UNSPECIFIED.,.F.,
  .F.,(2,2),(0.,0.762001524003),.PIECEWISE_BEZIER_KNOTS.);
#5461 = CARTESIAN_POINT('',(-5.750063500127,-6.5,0.));
#5462 = CARTESIAN_POINT('',(-5.750063500127,-6.5,1.100076200152));
#5463 = ORIENTED_EDGE('',*,*,#5464,.T.);
#5464 = EDGE_CURVE('',#5456,#5465,#5467,.T.);
#5465 = VERTEX_POINT('',#5466);
#5466 = CARTESIAN_POINT('',(-5.750063500127,6.5,0.));
#5467 = B_SPLINE_CURVE_WITH_KNOTS('',1,(#5468,#5469),.UNSPECIFIED.,.F.,
  .F.,(2,2),(0.,0.762001524003),.PIECEWISE_BEZIER_KNOTS.);
#5468 = CARTESIAN_POINT('',(-5.750063500127,-6.5,0.));
#5469 = CARTESIAN_POINT('',(-5.750063500127,6.5,0.));
#5470 = ORIENTED_EDGE('',*,*,#5471,.T.);
#5471 = EDGE_CURVE('',#5465,#5472,#5474,.T.);
#5472 = VERTEX_POINT('',#5473);
#5473 = CARTESIAN_POINT('',(-5.750063500127,6.5,1.100076200152));
#5474 = B_SPLINE_CURVE_WITH_KNOTS('',1,(#5475,#5476),.UNSPECIFIED.,.F.,
  .F.,(2,2),(0.,0.762001524003),.PIECEWISE_BEZIER_KNOTS.);
#5475 = CARTESIAN_POINT('',(-5.750063500127,6.5,0.));
#5476 = CARTESIAN_POINT('',(-5.750063500127,6.5,1.100076200152));
#5477 = ORIENTED_EDGE('',*,*,#5478,.F.);
#5478 = EDGE_CURVE('',#5458,#5472,#5479,.T.);
#5479 = B_SPLINE_CURVE_WITH_KNOTS('',1,(#5480,#5481),.UNSPECIFIED.,.F.,
  .F.,(2,2),(0.,0.762001524003),.PIECEWISE_BEZIER_KNOTS.);
#5480 = CARTESIAN_POINT('',(-5.750063500127,-6.5,1.100076200152));
#5481 = CARTESIAN_POINT('',(-5.750063500127,6.5,1.100076200152));
#5482 = B_SPLINE_SURFACE_WITH_KNOTS('',1,1,(
    (#5483,#5484)
    ,(#5485,#5486
    )),.UNSPECIFIED.,.F.,.F.,.F.,(2,2),(2,2),(0.,0.762001524003),(
    -0.762001524003,0.),.PIECEWISE_BEZIER_KNOTS.);
#5483 = CARTESIAN_POINT('',(-5.750063500127,6.5,0.));
#5484 = CARTESIAN_POINT('',(-5.750063500127,-6.5,0.));
#5485 = CARTESIAN_POINT('',(-5.750063500127,6.5,1.100076200152));
#5486 = CARTESIAN_POINT('',(-5.750063500127,-6.5,1.100076200152));
#5487 = ADVANCED_FACE('',(#5488),#5518,.T.);
#5488 = FACE_BOUND('',#5489,.T.);
#5489 = EDGE_LOOP('',(#5490,#5499,#5506,#5513));
#5490 = ORIENTED_EDGE('',*,*,#5491,.F.);
#5491 = EDGE_CURVE('',#5492,#5494,#5496,.T.);
#5492 = VERTEX_POINT('',#5493);
#5493 = CARTESIAN_POINT('',(5.750063500127,-6.5,0.));
#5494 = VERTEX_POINT('',#5495);
#5495 = CARTESIAN_POINT('',(5.750063500127,-6.5,1.100076200152));
#5496 = B_SPLINE_CURVE_WITH_KNOTS('',1,(#5497,#5498),.UNSPECIFIED.,.F.,
  .F.,(2,2),(0.,0.762001524003),.PIECEWISE_BEZIER_KNOTS.);
#5497 = CARTESIAN_POINT('',(5.750063500127,-6.5,0.));
#5498 = CARTESIAN_POINT('',(5.750063500127,-6.5,1.100076200152));
#5499 = ORIENTED_EDGE('',*,*,#5500,.T.);
#5500 = EDGE_CURVE('',#5492,#5501,#5503,.T.);
#5501 = VERTEX_POINT('',#5502);
#5502 = CARTESIAN_POINT('',(5.750063500127,6.5,0.));
#5503 = B_SPLINE_CURVE_WITH_KNOTS('',1,(#5504,#5505),.UNSPECIFIED.,.F.,
  .F.,(2,2),(0.,0.762001524003),.PIECEWISE_BEZIER_KNOTS.);
#5504 = CARTESIAN_POINT('',(5.750063500127,-6.5,0.));
#5505 = CARTESIAN_POINT('',(5.750063500127,6.5,0.));
#5506 = ORIENTED_EDGE('',*,*,#5507,.T.);
#5507 = EDGE_CURVE('',#5501,#5508,#5510,.T.);
#5508 = VERTEX_POINT('',#5509);
#5509 = CARTESIAN_POINT('',(5.750063500127,6.5,1.100076200152));
#5510 = B_SPLINE_CURVE_WITH_KNOTS('',1,(#5511,#5512),.UNSPECIFIED.,.F.,
  .F.,(2,2),(0.,0.762001524003),.PIECEWISE_BEZIER_KNOTS.);
#5511 = CARTESIAN_POINT('',(5.750063500127,6.5,0.));
#5512 = CARTESIAN_POINT('',(5.750063500127,6.5,1.100076200152));
#5513 = ORIENTED_EDGE('',*,*,#5514,.F.);
#5514 = EDGE_CURVE('',#5494,#5508,#5515,.T.);
#5515 = B_SPLINE_CURVE_WITH_KNOTS('',1,(#5516,#5517),.UNSPECIFIED.,.F.,
  .F.,(2,2),(0.,0.762001524003),.PIECEWISE_BEZIER_KNOTS.);
#5516 = CARTESIAN_POINT('',(5.750063500127,-6.5,1.100076200152));
#5517 = CARTESIAN_POINT('',(5.750063500127,6.5,1.100076200152));
#5518 = B_SPLINE_SURFACE_WITH_KNOTS('',1,1,(
    (#5519,#5520)
    ,(#5521,#5522
    )),.UNSPECIFIED.,.F.,.F.,.F.,(2,2),(2,2),(0.,0.762001524003),(
    -0.762001524003,0.),.PIECEWISE_BEZIER_KNOTS.);
#5519 = CARTESIAN_POINT('',(5.750063500127,6.5,0.));
#5520 = CARTESIAN_POINT('',(5.750063500127,-6.5,0.));
#5521 = CARTESIAN_POINT('',(5.750063500127,6.5,1.100076200152));
#5522 = CARTESIAN_POINT('',(5.750063500127,-6.5,1.100076200152));
#5523 = ADVANCED_FACE('',(#5524),#5538,.F.);
#5524 = FACE_BOUND('',#5525,.F.);
#5525 = EDGE_LOOP('',(#5526,#5531,#5532,#5537));
#5526 = ORIENTED_EDGE('',*,*,#5527,.F.);
#5527 = EDGE_CURVE('',#5456,#5492,#5528,.T.);
#5528 = B_SPLINE_CURVE_WITH_KNOTS('',1,(#5529,#5530),.UNSPECIFIED.,.F.,
  .F.,(2,2),(0.,0.762001524003),.PIECEWISE_BEZIER_KNOTS.);
#5529 = CARTESIAN_POINT('',(-5.750063500127,-6.5,0.));
#5530 = CARTESIAN_POINT('',(5.750063500127,-6.5,0.));
#5531 = ORIENTED_EDGE('',*,*,#5455,.T.);
#5532 = ORIENTED_EDGE('',*,*,#5533,.T.);
#5533 = EDGE_CURVE('',#5458,#5494,#5534,.T.);
#5534 = B_SPLINE_CURVE_WITH_KNOTS('',1,(#5535,#5536),.UNSPECIFIED.,.F.,
  .F.,(2,2),(0.,0.762001524003),.PIECEWISE_BEZIER_KNOTS.);
#5535 = CARTESIAN_POINT('',(-5.750063500127,-6.5,1.100076200152));
#5536 = CARTESIAN_POINT('',(5.750063500127,-6.5,1.100076200152));
#5537 = ORIENTED_EDGE('',*,*,#5491,.F.);
#5538 = B_SPLINE_SURFACE_WITH_KNOTS('',1,1,(
    (#5539,#5540)
    ,(#5541,#5542
    )),.UNSPECIFIED.,.F.,.F.,.F.,(2,2),(2,2),(0.,0.762001524003),(0.,
    0.762001524003),.PIECEWISE_BEZIER_KNOTS.);
#5539 = CARTESIAN_POINT('',(-5.750063500127,-6.5,0.));
#5540 = CARTESIAN_POINT('',(5.750063500127,-6.5,0.));
#5541 = CARTESIAN_POINT('',(-5.750063500127,-6.5,1.100076200152));
#5542 = CARTESIAN_POINT('',(5.750063500127,-6.5,1.100076200152));
#5543 = ADVANCED_FACE('',(#5544),#5558,.T.);
#5544 = FACE_BOUND('',#5545,.T.);
#5545 = EDGE_LOOP('',(#5546,#5551,#5552,#5557));
#5546 = ORIENTED_EDGE('',*,*,#5547,.F.);
#5547 = EDGE_CURVE('',#5465,#5501,#5548,.T.);
#5548 = B_SPLINE_CURVE_WITH_KNOTS('',1,(#5549,#5550),.UNSPECIFIED.,.F.,
  .F.,(2,2),(0.,0.762001524003),.PIECEWISE_BEZIER_KNOTS.);
#5549 = CARTESIAN_POINT('',(-5.750063500127,6.5,0.));
#5550 = CARTESIAN_POINT('',(5.750063500127,6.5,0.));
#5551 = ORIENTED_EDGE('',*,*,#5471,.T.);
#5552 = ORIENTED_EDGE('',*,*,#5553,.T.);
#5553 = EDGE_CURVE('',#5472,#5508,#5554,.T.);
#5554 = B_SPLINE_CURVE_WITH_KNOTS('',1,(#5555,#5556),.UNSPECIFIED.,.F.,
  .F.,(2,2),(0.,0.762001524003),.PIECEWISE_BEZIER_KNOTS.);
#5555 = CARTESIAN_POINT('',(-5.750063500127,6.5,1.100076200152));
#5556 = CARTESIAN_POINT('',(5.750063500127,6.5,1.100076200152));
#5557 = ORIENTED_EDGE('',*,*,#5507,.F.);
#5558 = B_SPLINE_SURFACE_WITH_KNOTS('',1,1,(
    (#5559,#5560)
    ,(#5561,#5562
    )),.UNSPECIFIED.,.F.,.F.,.F.,(2,2),(2,2),(0.,0.762001524003),(0.,
    0.762001524003),.PIECEWISE_BEZIER_KNOTS.);
#5559 = CARTESIAN_POINT('',(-5.750063500127,6.5,0.));
#5560 = CARTESIAN_POINT('',(5.750063500127,6.5,0.));
#5561 = CARTESIAN_POINT('',(-5.750063500127,6.5,1.100076200152));
#5562 = CARTESIAN_POINT('',(5.750063500127,6.5,1.100076200152));
#5563 = ADVANCED_FACE('',(#5564),#5570,.F.);
#5564 = FACE_BOUND('',#5565,.F.);
#5565 = EDGE_LOOP('',(#5566,#5567,#5568,#5569));
#5566 = ORIENTED_EDGE('',*,*,#5464,.F.);
#5567 = ORIENTED_EDGE('',*,*,#5527,.T.);
#5568 = ORIENTED_EDGE('',*,*,#5500,.T.);
#5569 = ORIENTED_EDGE('',*,*,#5547,.F.);
#5570 = B_SPLINE_SURFACE_WITH_KNOTS('',1,1,(
    (#5571,#5572)
    ,(#5573,#5574
    )),.UNSPECIFIED.,.F.,.F.,.F.,(2,2),(2,2),(0.,0.762001524003),(0.,
    0.762001524003),.PIECEWISE_BEZIER_KNOTS.);
#5571 = CARTESIAN_POINT('',(-5.750063500127,-6.5,0.));
#5572 = CARTESIAN_POINT('',(-5.750063500127,6.5,0.));
#5573 = CARTESIAN_POINT('',(5.750063500127,-6.5,0.));
#5574 = CARTESIAN_POINT('',(5.750063500127,6.5,0.));
#5575 = ADVANCED_FACE('',(#5576),#5582,.T.);
#5576 = FACE_BOUND('',#5577,.T.);
#5577 = EDGE_LOOP('',(#5578,#5579,#5580,#5581));
#5578 = ORIENTED_EDGE('',*,*,#5478,.F.);
#5579 = ORIENTED_EDGE('',*,*,#5533,.T.);
#5580 = ORIENTED_EDGE('',*,*,#5514,.T.);
#5581 = ORIENTED_EDGE('',*,*,#5553,.F.);
#5582 = B_SPLINE_SURFACE_WITH_KNOTS('',1,1,(
    (#5583,#5584)
    ,(#5585,#5586
    )),.UNSPECIFIED.,.F.,.F.,.F.,(2,2),(2,2),(0.,0.762001524003),(0.,
    0.762001524003),.PIECEWISE_BEZIER_KNOTS.);
#5583 = CARTESIAN_POINT('',(-5.750063500127,-6.5,1.100076200152));
#5584 = CARTESIAN_POINT('',(-5.750063500127,6.5,1.100076200152));
#5585 = CARTESIAN_POINT('',(5.750063500127,-6.5,1.100076200152));
#5586 = CARTESIAN_POINT('',(5.750063500127,6.5,1.100076200152));
#5587 = ( GEOMETRIC_REPRESENTATION_CONTEXT(3) 
GLOBAL_UNCERTAINTY_ASSIGNED_CONTEXT((#5591)) 
GLOBAL_UNIT_ASSIGNED_CONTEXT((#5588,#5589,#5590)) REPRESENTATION_CONTEXT
('Context #1','3D Context with UNIT and UNCERTAINTY') );
#5588 = ( LENGTH_UNIT() NAMED_UNIT(*) SI_UNIT(.MILLI.,.METRE.) );
#5589 = ( NAMED_UNIT(*) PLANE_ANGLE_UNIT() SI_UNIT($,.RADIAN.) );
#5590 = ( NAMED_UNIT(*) SI_UNIT($,.STERADIAN.) SOLID_ANGLE_UNIT() );
#5591 = UNCERTAINTY_MEASURE_WITH_UNIT(LENGTH_MEASURE(2.E-06),#5588,
  'distance_accuracy_value','confusion accuracy');
#5592 = CONTEXT_DEPENDENT_SHAPE_REPRESENTATION(#5593,#5595);
#5593 = ( REPRESENTATION_RELATIONSHIP('','',#5448,#5425) 
REPRESENTATION_RELATIONSHIP_WITH_TRANSFORMATION(#5594) 
SHAPE_REPRESENTATION_RELATIONSHIP() );
#5594 = ITEM_DEFINED_TRANSFORMATION('','',#11,#5426);
#5595 = PRODUCT_DEFINITION_SHAPE('Placement','Placement of an item',
  #5596);
#5596 = NEXT_ASSEMBLY_USAGE_OCCURRENCE('20','=>[0:1:1:15]','',#5420,
  #5443,$);
#5597 = PRODUCT_RELATED_PRODUCT_CATEGORY('part',$,(#5445));
#5598 = SHAPE_DEFINITION_REPRESENTATION(#5599,#5605);
#5599 = PRODUCT_DEFINITION_SHAPE('','',#5600);
#5600 = PRODUCT_DEFINITION('design','',#5601,#5604);
#5601 = PRODUCT_DEFINITION_FORMATION('','',#5602);
#5602 = PRODUCT(
'U4~VQFN-24_L4.0-W4.0-P0.50-TL-EP2.5~VQFN-24_
L4.0-W4.0-P0.50-TL-EP2.5~5ZeZ',
'U4~VQFN-24_L4.0-W4.0-P0.50-TL-EP2.5~VQFN-24_
L4.0-W4.0-P0.50-TL-EP2.5~5ZeZ','',(#5603));
#5603 = PRODUCT_CONTEXT('',#2,'mechanical');
#5604 = PRODUCT_DEFINITION_CONTEXT('part definition',#2,'design');
#5605 = SHAPE_REPRESENTATION('',(#11,#5606),#5610);
#5606 = AXIS2_PLACEMENT_3D('',#5607,#5608,#5609);
#5607 = CARTESIAN_POINT('',(0.,0.,0.));
#5608 = DIRECTION('',(0.,0.,1.));
#5609 = DIRECTION('',(1.,0.,-0.));
#5610 = ( GEOMETRIC_REPRESENTATION_CONTEXT(3) 
GLOBAL_UNCERTAINTY_ASSIGNED_CONTEXT((#5614)) 
GLOBAL_UNIT_ASSIGNED_CONTEXT((#5611,#5612,#5613)) REPRESENTATION_CONTEXT
('Context #1','3D Context with UNIT and UNCERTAINTY') );
#5611 = ( LENGTH_UNIT() NAMED_UNIT(*) SI_UNIT(.MILLI.,.METRE.) );
#5612 = ( NAMED_UNIT(*) PLANE_ANGLE_UNIT() SI_UNIT($,.RADIAN.) );
#5613 = ( NAMED_UNIT(*) SI_UNIT($,.STERADIAN.) SOLID_ANGLE_UNIT() );
#5614 = UNCERTAINTY_MEASURE_WITH_UNIT(LENGTH_MEASURE(5.E-07),#5611,
  'distance_accuracy_value','confusion accuracy');
#5615 = CONTEXT_DEPENDENT_SHAPE_REPRESENTATION(#5616,#5618);
#5616 = ( REPRESENTATION_RELATIONSHIP('','',#5605,#10) 
REPRESENTATION_RELATIONSHIP_WITH_TRANSFORMATION(#5617) 
SHAPE_REPRESENTATION_RELATIONSHIP() );
#5617 = ITEM_DEFINED_TRANSFORMATION('','',#11,#79);
#5618 = PRODUCT_DEFINITION_SHAPE('Placement','Placement of an item',
  #5619);
#5619 = NEXT_ASSEMBLY_USAGE_OCCURRENCE('23','=>[0:1:1:18]','',#5,#5600,$
  );
#5620 = PRODUCT_RELATED_PRODUCT_CATEGORY('part',$,(#5602));
#5621 = SHAPE_DEFINITION_REPRESENTATION(#5622,#5628);
#5622 = PRODUCT_DEFINITION_SHAPE('','',#5623);
#5623 = PRODUCT_DEFINITION('design','',#5624,#5627);
#5624 = PRODUCT_DEFINITION_FORMATION('','',#5625);
#5625 = PRODUCT(
'VQFN-24_L4.0-W4.0-P0.50-TL-EP2.5~VQFN-24_L4.0-W4.0-P0.50-TL-EP2.5~5ZeZ'
  ,
'VQFN-24_L4.0-W4.0-P0.50-TL-EP2.5~VQFN-24_L4.0-W4.0-P0.50-TL-EP2.5~5ZeZ'
  ,'',(#5626));
#5626 = PRODUCT_CONTEXT('',#2,'mechanical');
#5627 = PRODUCT_DEFINITION_CONTEXT('part definition',#2,'design');
#5628 = ADVANCED_BREP_SHAPE_REPRESENTATION('',(#11,#5629),#5767);
#5629 = MANIFOLD_SOLID_BREP('',#5630);
#5630 = CLOSED_SHELL('',(#5631,#5667,#5703,#5723,#5743,#5755));
#5631 = ADVANCED_FACE('',(#5632),#5662,.F.);
#5632 = FACE_BOUND('',#5633,.F.);
#5633 = EDGE_LOOP('',(#5634,#5643,#5650,#5657));
#5634 = ORIENTED_EDGE('',*,*,#5635,.F.);
#5635 = EDGE_CURVE('',#5636,#5638,#5640,.T.);
#5636 = VERTEX_POINT('',#5637);
#5637 = CARTESIAN_POINT('',(-2.00999491999,-2.00999491999,0.));
#5638 = VERTEX_POINT('',#5639);
#5639 = CARTESIAN_POINT('',(-2.00999491999,-2.00999491999,0.762001524003
    ));
#5640 = B_SPLINE_CURVE_WITH_KNOTS('',1,(#5641,#5642),.UNSPECIFIED.,.F.,
  .F.,(2,2),(0.,0.762001524003),.PIECEWISE_BEZIER_KNOTS.);
#5641 = CARTESIAN_POINT('',(-2.00999491999,-2.00999491999,0.));
#5642 = CARTESIAN_POINT('',(-2.00999491999,-2.00999491999,0.762001524003
    ));
#5643 = ORIENTED_EDGE('',*,*,#5644,.T.);
#5644 = EDGE_CURVE('',#5636,#5645,#5647,.T.);
#5645 = VERTEX_POINT('',#5646);
#5646 = CARTESIAN_POINT('',(-2.00999491999,2.00999491999,0.));
#5647 = B_SPLINE_CURVE_WITH_KNOTS('',1,(#5648,#5649),.UNSPECIFIED.,.F.,
  .F.,(2,2),(0.,0.762001524003),.PIECEWISE_BEZIER_KNOTS.);
#5648 = CARTESIAN_POINT('',(-2.00999491999,-2.00999491999,0.));
#5649 = CARTESIAN_POINT('',(-2.00999491999,2.00999491999,0.));
#5650 = ORIENTED_EDGE('',*,*,#5651,.T.);
#5651 = EDGE_CURVE('',#5645,#5652,#5654,.T.);
#5652 = VERTEX_POINT('',#5653);
#5653 = CARTESIAN_POINT('',(-2.00999491999,2.00999491999,0.762001524003)
  );
#5654 = B_SPLINE_CURVE_WITH_KNOTS('',1,(#5655,#5656),.UNSPECIFIED.,.F.,
  .F.,(2,2),(0.,0.762001524003),.PIECEWISE_BEZIER_KNOTS.);
#5655 = CARTESIAN_POINT('',(-2.00999491999,2.00999491999,0.));
#5656 = CARTESIAN_POINT('',(-2.00999491999,2.00999491999,0.762001524003)
  );
#5657 = ORIENTED_EDGE('',*,*,#5658,.F.);
#5658 = EDGE_CURVE('',#5638,#5652,#5659,.T.);
#5659 = B_SPLINE_CURVE_WITH_KNOTS('',1,(#5660,#5661),.UNSPECIFIED.,.F.,
  .F.,(2,2),(0.,0.762001524003),.PIECEWISE_BEZIER_KNOTS.);
#5660 = CARTESIAN_POINT('',(-2.00999491999,-2.00999491999,0.762001524003
    ));
#5661 = CARTESIAN_POINT('',(-2.00999491999,2.00999491999,0.762001524003)
  );
#5662 = B_SPLINE_SURFACE_WITH_KNOTS('',1,1,(
    (#5663,#5664)
    ,(#5665,#5666
    )),.UNSPECIFIED.,.F.,.F.,.F.,(2,2),(2,2),(0.,0.762001524003),(
    -0.762001524003,0.),.PIECEWISE_BEZIER_KNOTS.);
#5663 = CARTESIAN_POINT('',(-2.00999491999,2.00999491999,0.));
#5664 = CARTESIAN_POINT('',(-2.00999491999,-2.00999491999,0.));
#5665 = CARTESIAN_POINT('',(-2.00999491999,2.00999491999,0.762001524003)
  );
#5666 = CARTESIAN_POINT('',(-2.00999491999,-2.00999491999,0.762001524003
    ));
#5667 = ADVANCED_FACE('',(#5668),#5698,.T.);
#5668 = FACE_BOUND('',#5669,.T.);
#5669 = EDGE_LOOP('',(#5670,#5679,#5686,#5693));
#5670 = ORIENTED_EDGE('',*,*,#5671,.F.);
#5671 = EDGE_CURVE('',#5672,#5674,#5676,.T.);
#5672 = VERTEX_POINT('',#5673);
#5673 = CARTESIAN_POINT('',(2.00999491999,-2.00999491999,0.));
#5674 = VERTEX_POINT('',#5675);
#5675 = CARTESIAN_POINT('',(2.00999491999,-2.00999491999,0.762001524003)
  );
#5676 = B_SPLINE_CURVE_WITH_KNOTS('',1,(#5677,#5678),.UNSPECIFIED.,.F.,
  .F.,(2,2),(0.,0.762001524003),.PIECEWISE_BEZIER_KNOTS.);
#5677 = CARTESIAN_POINT('',(2.00999491999,-2.00999491999,0.));
#5678 = CARTESIAN_POINT('',(2.00999491999,-2.00999491999,0.762001524003)
  );
#5679 = ORIENTED_EDGE('',*,*,#5680,.T.);
#5680 = EDGE_CURVE('',#5672,#5681,#5683,.T.);
#5681 = VERTEX_POINT('',#5682);
#5682 = CARTESIAN_POINT('',(2.00999491999,2.00999491999,0.));
#5683 = B_SPLINE_CURVE_WITH_KNOTS('',1,(#5684,#5685),.UNSPECIFIED.,.F.,
  .F.,(2,2),(0.,0.762001524003),.PIECEWISE_BEZIER_KNOTS.);
#5684 = CARTESIAN_POINT('',(2.00999491999,-2.00999491999,0.));
#5685 = CARTESIAN_POINT('',(2.00999491999,2.00999491999,0.));
#5686 = ORIENTED_EDGE('',*,*,#5687,.T.);
#5687 = EDGE_CURVE('',#5681,#5688,#5690,.T.);
#5688 = VERTEX_POINT('',#5689);
#5689 = CARTESIAN_POINT('',(2.00999491999,2.00999491999,0.762001524003)
  );
#5690 = B_SPLINE_CURVE_WITH_KNOTS('',1,(#5691,#5692),.UNSPECIFIED.,.F.,
  .F.,(2,2),(0.,0.762001524003),.PIECEWISE_BEZIER_KNOTS.);
#5691 = CARTESIAN_POINT('',(2.00999491999,2.00999491999,0.));
#5692 = CARTESIAN_POINT('',(2.00999491999,2.00999491999,0.762001524003)
  );
#5693 = ORIENTED_EDGE('',*,*,#5694,.F.);
#5694 = EDGE_CURVE('',#5674,#5688,#5695,.T.);
#5695 = B_SPLINE_CURVE_WITH_KNOTS('',1,(#5696,#5697),.UNSPECIFIED.,.F.,
  .F.,(2,2),(0.,0.762001524003),.PIECEWISE_BEZIER_KNOTS.);
#5696 = CARTESIAN_POINT('',(2.00999491999,-2.00999491999,0.762001524003)
  );
#5697 = CARTESIAN_POINT('',(2.00999491999,2.00999491999,0.762001524003)
  );
#5698 = B_SPLINE_SURFACE_WITH_KNOTS('',1,1,(
    (#5699,#5700)
    ,(#5701,#5702
    )),.UNSPECIFIED.,.F.,.F.,.F.,(2,2),(2,2),(0.,0.762001524003),(
    -0.762001524003,0.),.PIECEWISE_BEZIER_KNOTS.);
#5699 = CARTESIAN_POINT('',(2.00999491999,2.00999491999,0.));
#5700 = CARTESIAN_POINT('',(2.00999491999,-2.00999491999,0.));
#5701 = CARTESIAN_POINT('',(2.00999491999,2.00999491999,0.762001524003)
  );
#5702 = CARTESIAN_POINT('',(2.00999491999,-2.00999491999,0.762001524003)
  );
#5703 = ADVANCED_FACE('',(#5704),#5718,.F.);
#5704 = FACE_BOUND('',#5705,.F.);
#5705 = EDGE_LOOP('',(#5706,#5711,#5712,#5717));
#5706 = ORIENTED_EDGE('',*,*,#5707,.F.);
#5707 = EDGE_CURVE('',#5636,#5672,#5708,.T.);
#5708 = B_SPLINE_CURVE_WITH_KNOTS('',1,(#5709,#5710),.UNSPECIFIED.,.F.,
  .F.,(2,2),(0.,0.762001524003),.PIECEWISE_BEZIER_KNOTS.);
#5709 = CARTESIAN_POINT('',(-2.00999491999,-2.00999491999,0.));
#5710 = CARTESIAN_POINT('',(2.00999491999,-2.00999491999,0.));
#5711 = ORIENTED_EDGE('',*,*,#5635,.T.);
#5712 = ORIENTED_EDGE('',*,*,#5713,.T.);
#5713 = EDGE_CURVE('',#5638,#5674,#5714,.T.);
#5714 = B_SPLINE_CURVE_WITH_KNOTS('',1,(#5715,#5716),.UNSPECIFIED.,.F.,
  .F.,(2,2),(0.,0.762001524003),.PIECEWISE_BEZIER_KNOTS.);
#5715 = CARTESIAN_POINT('',(-2.00999491999,-2.00999491999,0.762001524003
    ));
#5716 = CARTESIAN_POINT('',(2.00999491999,-2.00999491999,0.762001524003)
  );
#5717 = ORIENTED_EDGE('',*,*,#5671,.F.);
#5718 = B_SPLINE_SURFACE_WITH_KNOTS('',1,1,(
    (#5719,#5720)
    ,(#5721,#5722
    )),.UNSPECIFIED.,.F.,.F.,.F.,(2,2),(2,2),(0.,0.762001524003),(0.,
    0.762001524003),.PIECEWISE_BEZIER_KNOTS.);
#5719 = CARTESIAN_POINT('',(-2.00999491999,-2.00999491999,0.));
#5720 = CARTESIAN_POINT('',(2.00999491999,-2.00999491999,0.));
#5721 = CARTESIAN_POINT('',(-2.00999491999,-2.00999491999,0.762001524003
    ));
#5722 = CARTESIAN_POINT('',(2.00999491999,-2.00999491999,0.762001524003)
  );
#5723 = ADVANCED_FACE('',(#5724),#5738,.T.);
#5724 = FACE_BOUND('',#5725,.T.);
#5725 = EDGE_LOOP('',(#5726,#5731,#5732,#5737));
#5726 = ORIENTED_EDGE('',*,*,#5727,.F.);
#5727 = EDGE_CURVE('',#5645,#5681,#5728,.T.);
#5728 = B_SPLINE_CURVE_WITH_KNOTS('',1,(#5729,#5730),.UNSPECIFIED.,.F.,
  .F.,(2,2),(0.,0.762001524003),.PIECEWISE_BEZIER_KNOTS.);
#5729 = CARTESIAN_POINT('',(-2.00999491999,2.00999491999,0.));
#5730 = CARTESIAN_POINT('',(2.00999491999,2.00999491999,0.));
#5731 = ORIENTED_EDGE('',*,*,#5651,.T.);
#5732 = ORIENTED_EDGE('',*,*,#5733,.T.);
#5733 = EDGE_CURVE('',#5652,#5688,#5734,.T.);
#5734 = B_SPLINE_CURVE_WITH_KNOTS('',1,(#5735,#5736),.UNSPECIFIED.,.F.,
  .F.,(2,2),(0.,0.762001524003),.PIECEWISE_BEZIER_KNOTS.);
#5735 = CARTESIAN_POINT('',(-2.00999491999,2.00999491999,0.762001524003)
  );
#5736 = CARTESIAN_POINT('',(2.00999491999,2.00999491999,0.762001524003)
  );
#5737 = ORIENTED_EDGE('',*,*,#5687,.F.);
#5738 = B_SPLINE_SURFACE_WITH_KNOTS('',1,1,(
    (#5739,#5740)
    ,(#5741,#5742
    )),.UNSPECIFIED.,.F.,.F.,.F.,(2,2),(2,2),(0.,0.762001524003),(0.,
    0.762001524003),.PIECEWISE_BEZIER_KNOTS.);
#5739 = CARTESIAN_POINT('',(-2.00999491999,2.00999491999,0.));
#5740 = CARTESIAN_POINT('',(2.00999491999,2.00999491999,0.));
#5741 = CARTESIAN_POINT('',(-2.00999491999,2.00999491999,0.762001524003)
  );
#5742 = CARTESIAN_POINT('',(2.00999491999,2.00999491999,0.762001524003)
  );
#5743 = ADVANCED_FACE('',(#5744),#5750,.F.);
#5744 = FACE_BOUND('',#5745,.F.);
#5745 = EDGE_LOOP('',(#5746,#5747,#5748,#5749));
#5746 = ORIENTED_EDGE('',*,*,#5644,.F.);
#5747 = ORIENTED_EDGE('',*,*,#5707,.T.);
#5748 = ORIENTED_EDGE('',*,*,#5680,.T.);
#5749 = ORIENTED_EDGE('',*,*,#5727,.F.);
#5750 = B_SPLINE_SURFACE_WITH_KNOTS('',1,1,(
    (#5751,#5752)
    ,(#5753,#5754
    )),.UNSPECIFIED.,.F.,.F.,.F.,(2,2),(2,2),(0.,0.762001524003),(0.,
    0.762001524003),.PIECEWISE_BEZIER_KNOTS.);
#5751 = CARTESIAN_POINT('',(-2.00999491999,-2.00999491999,0.));
#5752 = CARTESIAN_POINT('',(-2.00999491999,2.00999491999,0.));
#5753 = CARTESIAN_POINT('',(2.00999491999,-2.00999491999,0.));
#5754 = CARTESIAN_POINT('',(2.00999491999,2.00999491999,0.));
#5755 = ADVANCED_FACE('',(#5756),#5762,.T.);
#5756 = FACE_BOUND('',#5757,.T.);
#5757 = EDGE_LOOP('',(#5758,#5759,#5760,#5761));
#5758 = ORIENTED_EDGE('',*,*,#5658,.F.);
#5759 = ORIENTED_EDGE('',*,*,#5713,.T.);
#5760 = ORIENTED_EDGE('',*,*,#5694,.T.);
#5761 = ORIENTED_EDGE('',*,*,#5733,.F.);
#5762 = B_SPLINE_SURFACE_WITH_KNOTS('',1,1,(
    (#5763,#5764)
    ,(#5765,#5766
    )),.UNSPECIFIED.,.F.,.F.,.F.,(2,2),(2,2),(0.,0.762001524003),(0.,
    0.762001524003),.PIECEWISE_BEZIER_KNOTS.);
#5763 = CARTESIAN_POINT('',(-2.00999491999,-2.00999491999,0.762001524003
    ));
#5764 = CARTESIAN_POINT('',(-2.00999491999,2.00999491999,0.762001524003)
  );
#5765 = CARTESIAN_POINT('',(2.00999491999,-2.00999491999,0.762001524003)
  );
#5766 = CARTESIAN_POINT('',(2.00999491999,2.00999491999,0.762001524003)
  );
#5767 = ( GEOMETRIC_REPRESENTATION_CONTEXT(3) 
GLOBAL_UNCERTAINTY_ASSIGNED_CONTEXT((#5771)) 
GLOBAL_UNIT_ASSIGNED_CONTEXT((#5768,#5769,#5770)) REPRESENTATION_CONTEXT
('Context #1','3D Context with UNIT and UNCERTAINTY') );
#5768 = ( LENGTH_UNIT() NAMED_UNIT(*) SI_UNIT(.MILLI.,.METRE.) );
#5769 = ( NAMED_UNIT(*) PLANE_ANGLE_UNIT() SI_UNIT($,.RADIAN.) );
#5770 = ( NAMED_UNIT(*) SI_UNIT($,.STERADIAN.) SOLID_ANGLE_UNIT() );
#5771 = UNCERTAINTY_MEASURE_WITH_UNIT(LENGTH_MEASURE(5.E-07),#5768,
  'distance_accuracy_value','confusion accuracy');
#5772 = CONTEXT_DEPENDENT_SHAPE_REPRESENTATION(#5773,#5775);
#5773 = ( REPRESENTATION_RELATIONSHIP('','',#5628,#5605) 
REPRESENTATION_RELATIONSHIP_WITH_TRANSFORMATION(#5774) 
SHAPE_REPRESENTATION_RELATIONSHIP() );
#5774 = ITEM_DEFINED_TRANSFORMATION('','',#11,#5606);
#5775 = PRODUCT_DEFINITION_SHAPE('Placement','Placement of an item',
  #5776);
#5776 = NEXT_ASSEMBLY_USAGE_OCCURRENCE('22','=>[0:1:1:17]','',#5600,
  #5623,$);
#5777 = PRODUCT_RELATED_PRODUCT_CATEGORY('part',$,(#5625));
#5778 = SHAPE_DEFINITION_REPRESENTATION(#5779,#5785);
#5779 = PRODUCT_DEFINITION_SHAPE('','',#5780);
#5780 = PRODUCT_DEFINITION('design','',#5781,#5784);
#5781 = PRODUCT_DEFINITION_FORMATION('','',#5782);
#5782 = PRODUCT(
'U12~SOT-323-3_L2.0-W1.2-P1.30-LS2.3-BL~SOT-323-3_
L2.0-W1.2-P1.30-LS2.3-BL~5ZeZ',
'U12~SOT-323-3_L2.0-W1.2-P1.30-LS2.3-BL~SOT-323-3_
L2.0-W1.2-P1.30-LS2.3-BL~5ZeZ','',(#5783));
#5783 = PRODUCT_CONTEXT('',#2,'mechanical');
#5784 = PRODUCT_DEFINITION_CONTEXT('part definition',#2,'design');
#5785 = SHAPE_REPRESENTATION('',(#11,#5786),#5790);
#5786 = AXIS2_PLACEMENT_3D('',#5787,#5788,#5789);
#5787 = CARTESIAN_POINT('',(0.,0.,0.));
#5788 = DIRECTION('',(0.,0.,1.));
#5789 = DIRECTION('',(1.,0.,-0.));
#5790 = ( GEOMETRIC_REPRESENTATION_CONTEXT(3) 
GLOBAL_UNCERTAINTY_ASSIGNED_CONTEXT((#5794)) 
GLOBAL_UNIT_ASSIGNED_CONTEXT((#5791,#5792,#5793)) REPRESENTATION_CONTEXT
('Context #1','3D Context with UNIT and UNCERTAINTY') );
#5791 = ( LENGTH_UNIT() NAMED_UNIT(*) SI_UNIT(.MILLI.,.METRE.) );
#5792 = ( NAMED_UNIT(*) PLANE_ANGLE_UNIT() SI_UNIT($,.RADIAN.) );
#5793 = ( NAMED_UNIT(*) SI_UNIT($,.STERADIAN.) SOLID_ANGLE_UNIT() );
#5794 = UNCERTAINTY_MEASURE_WITH_UNIT(LENGTH_MEASURE(2.E-07),#5791,
  'distance_accuracy_value','confusion accuracy');
#5795 = CONTEXT_DEPENDENT_SHAPE_REPRESENTATION(#5796,#5798);
#5796 = ( REPRESENTATION_RELATIONSHIP('','',#5785,#10) 
REPRESENTATION_RELATIONSHIP_WITH_TRANSFORMATION(#5797) 
SHAPE_REPRESENTATION_RELATIONSHIP() );
#5797 = ITEM_DEFINED_TRANSFORMATION('','',#11,#83);
#5798 = PRODUCT_DEFINITION_SHAPE('Placement','Placement of an item',
  #5799);
#5799 = NEXT_ASSEMBLY_USAGE_OCCURRENCE('25','=>[0:1:1:20]','',#5,#5780,$
  );
#5800 = PRODUCT_RELATED_PRODUCT_CATEGORY('part',$,(#5782));
#5801 = SHAPE_DEFINITION_REPRESENTATION(#5802,#5808);
#5802 = PRODUCT_DEFINITION_SHAPE('','',#5803);
#5803 = PRODUCT_DEFINITION('design','',#5804,#5807);
#5804 = PRODUCT_DEFINITION_FORMATION('','',#5805);
#5805 = PRODUCT(
'SOT-323-3_L2.0-W1.2-P1.30-LS2.3-BL~SOT-323-3_
L2.0-W1.2-P1.30-LS2.3-BL~5ZeZ',
'SOT-323-3_L2.0-W1.2-P1.30-LS2.3-BL~SOT-323-3_
L2.0-W1.2-P1.30-LS2.3-BL~5ZeZ','',(#5806));
#5806 = PRODUCT_CONTEXT('',#2,'mechanical');
#5807 = PRODUCT_DEFINITION_CONTEXT('part definition',#2,'design');
#5808 = ADVANCED_BREP_SHAPE_REPRESENTATION('',(#11,#5809),#5947);
#5809 = MANIFOLD_SOLID_BREP('',#5810);
#5810 = CLOSED_SHELL('',(#5811,#5847,#5883,#5903,#5923,#5935));
#5811 = ADVANCED_FACE('',(#5812),#5842,.F.);
#5812 = FACE_BOUND('',#5813,.F.);
#5813 = EDGE_LOOP('',(#5814,#5823,#5830,#5837));
#5814 = ORIENTED_EDGE('',*,*,#5815,.F.);
#5815 = EDGE_CURVE('',#5816,#5818,#5820,.T.);
#5816 = VERTEX_POINT('',#5817);
#5817 = CARTESIAN_POINT('',(-0.975006350013,-1.137503175006,0.));
#5818 = VERTEX_POINT('',#5819);
#5819 = CARTESIAN_POINT('',(-0.975006350013,-1.137503175006,
    0.762001524003));
#5820 = B_SPLINE_CURVE_WITH_KNOTS('',1,(#5821,#5822),.UNSPECIFIED.,.F.,
  .F.,(2,2),(0.,0.762001524003),.PIECEWISE_BEZIER_KNOTS.);
#5821 = CARTESIAN_POINT('',(-0.975006350013,-1.137503175006,0.));
#5822 = CARTESIAN_POINT('',(-0.975006350013,-1.137503175006,
    0.762001524003));
#5823 = ORIENTED_EDGE('',*,*,#5824,.T.);
#5824 = EDGE_CURVE('',#5816,#5825,#5827,.T.);
#5825 = VERTEX_POINT('',#5826);
#5826 = CARTESIAN_POINT('',(-0.975006350013,1.137503175006,0.));
#5827 = B_SPLINE_CURVE_WITH_KNOTS('',1,(#5828,#5829),.UNSPECIFIED.,.F.,
  .F.,(2,2),(0.,0.762001524003),.PIECEWISE_BEZIER_KNOTS.);
#5828 = CARTESIAN_POINT('',(-0.975006350013,-1.137503175006,0.));
#5829 = CARTESIAN_POINT('',(-0.975006350013,1.137503175006,0.));
#5830 = ORIENTED_EDGE('',*,*,#5831,.T.);
#5831 = EDGE_CURVE('',#5825,#5832,#5834,.T.);
#5832 = VERTEX_POINT('',#5833);
#5833 = CARTESIAN_POINT('',(-0.975006350013,1.137503175006,
    0.762001524003));
#5834 = B_SPLINE_CURVE_WITH_KNOTS('',1,(#5835,#5836),.UNSPECIFIED.,.F.,
  .F.,(2,2),(0.,0.762001524003),.PIECEWISE_BEZIER_KNOTS.);
#5835 = CARTESIAN_POINT('',(-0.975006350013,1.137503175006,0.));
#5836 = CARTESIAN_POINT('',(-0.975006350013,1.137503175006,
    0.762001524003));
#5837 = ORIENTED_EDGE('',*,*,#5838,.F.);
#5838 = EDGE_CURVE('',#5818,#5832,#5839,.T.);
#5839 = B_SPLINE_CURVE_WITH_KNOTS('',1,(#5840,#5841),.UNSPECIFIED.,.F.,
  .F.,(2,2),(0.,0.762001524003),.PIECEWISE_BEZIER_KNOTS.);
#5840 = CARTESIAN_POINT('',(-0.975006350013,-1.137503175006,
    0.762001524003));
#5841 = CARTESIAN_POINT('',(-0.975006350013,1.137503175006,
    0.762001524003));
#5842 = B_SPLINE_SURFACE_WITH_KNOTS('',1,1,(
    (#5843,#5844)
    ,(#5845,#5846
    )),.UNSPECIFIED.,.F.,.F.,.F.,(2,2),(2,2),(0.,0.762001524003),(
    -0.762001524003,0.),.PIECEWISE_BEZIER_KNOTS.);
#5843 = CARTESIAN_POINT('',(-0.975006350013,1.137503175006,0.));
#5844 = CARTESIAN_POINT('',(-0.975006350013,-1.137503175006,0.));
#5845 = CARTESIAN_POINT('',(-0.975006350013,1.137503175006,
    0.762001524003));
#5846 = CARTESIAN_POINT('',(-0.975006350013,-1.137503175006,
    0.762001524003));
#5847 = ADVANCED_FACE('',(#5848),#5878,.T.);
#5848 = FACE_BOUND('',#5849,.T.);
#5849 = EDGE_LOOP('',(#5850,#5859,#5866,#5873));
#5850 = ORIENTED_EDGE('',*,*,#5851,.F.);
#5851 = EDGE_CURVE('',#5852,#5854,#5856,.T.);
#5852 = VERTEX_POINT('',#5853);
#5853 = CARTESIAN_POINT('',(0.975006350013,-1.137503175006,0.));
#5854 = VERTEX_POINT('',#5855);
#5855 = CARTESIAN_POINT('',(0.975006350013,-1.137503175006,
    0.762001524003));
#5856 = B_SPLINE_CURVE_WITH_KNOTS('',1,(#5857,#5858),.UNSPECIFIED.,.F.,
  .F.,(2,2),(0.,0.762001524003),.PIECEWISE_BEZIER_KNOTS.);
#5857 = CARTESIAN_POINT('',(0.975006350013,-1.137503175006,0.));
#5858 = CARTESIAN_POINT('',(0.975006350013,-1.137503175006,
    0.762001524003));
#5859 = ORIENTED_EDGE('',*,*,#5860,.T.);
#5860 = EDGE_CURVE('',#5852,#5861,#5863,.T.);
#5861 = VERTEX_POINT('',#5862);
#5862 = CARTESIAN_POINT('',(0.975006350013,1.137503175006,0.));
#5863 = B_SPLINE_CURVE_WITH_KNOTS('',1,(#5864,#5865),.UNSPECIFIED.,.F.,
  .F.,(2,2),(0.,0.762001524003),.PIECEWISE_BEZIER_KNOTS.);
#5864 = CARTESIAN_POINT('',(0.975006350013,-1.137503175006,0.));
#5865 = CARTESIAN_POINT('',(0.975006350013,1.137503175006,0.));
#5866 = ORIENTED_EDGE('',*,*,#5867,.T.);
#5867 = EDGE_CURVE('',#5861,#5868,#5870,.T.);
#5868 = VERTEX_POINT('',#5869);
#5869 = CARTESIAN_POINT('',(0.975006350013,1.137503175006,0.762001524003
    ));
#5870 = B_SPLINE_CURVE_WITH_KNOTS('',1,(#5871,#5872),.UNSPECIFIED.,.F.,
  .F.,(2,2),(0.,0.762001524003),.PIECEWISE_BEZIER_KNOTS.);
#5871 = CARTESIAN_POINT('',(0.975006350013,1.137503175006,0.));
#5872 = CARTESIAN_POINT('',(0.975006350013,1.137503175006,0.762001524003
    ));
#5873 = ORIENTED_EDGE('',*,*,#5874,.F.);
#5874 = EDGE_CURVE('',#5854,#5868,#5875,.T.);
#5875 = B_SPLINE_CURVE_WITH_KNOTS('',1,(#5876,#5877),.UNSPECIFIED.,.F.,
  .F.,(2,2),(0.,0.762001524003),.PIECEWISE_BEZIER_KNOTS.);
#5876 = CARTESIAN_POINT('',(0.975006350013,-1.137503175006,
    0.762001524003));
#5877 = CARTESIAN_POINT('',(0.975006350013,1.137503175006,0.762001524003
    ));
#5878 = B_SPLINE_SURFACE_WITH_KNOTS('',1,1,(
    (#5879,#5880)
    ,(#5881,#5882
    )),.UNSPECIFIED.,.F.,.F.,.F.,(2,2),(2,2),(0.,0.762001524003),(
    -0.762001524003,0.),.PIECEWISE_BEZIER_KNOTS.);
#5879 = CARTESIAN_POINT('',(0.975006350013,1.137503175006,0.));
#5880 = CARTESIAN_POINT('',(0.975006350013,-1.137503175006,0.));
#5881 = CARTESIAN_POINT('',(0.975006350013,1.137503175006,0.762001524003
    ));
#5882 = CARTESIAN_POINT('',(0.975006350013,-1.137503175006,
    0.762001524003));
#5883 = ADVANCED_FACE('',(#5884),#5898,.F.);
#5884 = FACE_BOUND('',#5885,.F.);
#5885 = EDGE_LOOP('',(#5886,#5891,#5892,#5897));
#5886 = ORIENTED_EDGE('',*,*,#5887,.F.);
#5887 = EDGE_CURVE('',#5816,#5852,#5888,.T.);
#5888 = B_SPLINE_CURVE_WITH_KNOTS('',1,(#5889,#5890),.UNSPECIFIED.,.F.,
  .F.,(2,2),(0.,0.762001524003),.PIECEWISE_BEZIER_KNOTS.);
#5889 = CARTESIAN_POINT('',(-0.975006350013,-1.137503175006,0.));
#5890 = CARTESIAN_POINT('',(0.975006350013,-1.137503175006,0.));
#5891 = ORIENTED_EDGE('',*,*,#5815,.T.);
#5892 = ORIENTED_EDGE('',*,*,#5893,.T.);
#5893 = EDGE_CURVE('',#5818,#5854,#5894,.T.);
#5894 = B_SPLINE_CURVE_WITH_KNOTS('',1,(#5895,#5896),.UNSPECIFIED.,.F.,
  .F.,(2,2),(0.,0.762001524003),.PIECEWISE_BEZIER_KNOTS.);
#5895 = CARTESIAN_POINT('',(-0.975006350013,-1.137503175006,
    0.762001524003));
#5896 = CARTESIAN_POINT('',(0.975006350013,-1.137503175006,
    0.762001524003));
#5897 = ORIENTED_EDGE('',*,*,#5851,.F.);
#5898 = B_SPLINE_SURFACE_WITH_KNOTS('',1,1,(
    (#5899,#5900)
    ,(#5901,#5902
    )),.UNSPECIFIED.,.F.,.F.,.F.,(2,2),(2,2),(0.,0.762001524003),(0.,
    0.762001524003),.PIECEWISE_BEZIER_KNOTS.);
#5899 = CARTESIAN_POINT('',(-0.975006350013,-1.137503175006,0.));
#5900 = CARTESIAN_POINT('',(0.975006350013,-1.137503175006,0.));
#5901 = CARTESIAN_POINT('',(-0.975006350013,-1.137503175006,
    0.762001524003));
#5902 = CARTESIAN_POINT('',(0.975006350013,-1.137503175006,
    0.762001524003));
#5903 = ADVANCED_FACE('',(#5904),#5918,.T.);
#5904 = FACE_BOUND('',#5905,.T.);
#5905 = EDGE_LOOP('',(#5906,#5911,#5912,#5917));
#5906 = ORIENTED_EDGE('',*,*,#5907,.F.);
#5907 = EDGE_CURVE('',#5825,#5861,#5908,.T.);
#5908 = B_SPLINE_CURVE_WITH_KNOTS('',1,(#5909,#5910),.UNSPECIFIED.,.F.,
  .F.,(2,2),(0.,0.762001524003),.PIECEWISE_BEZIER_KNOTS.);
#5909 = CARTESIAN_POINT('',(-0.975006350013,1.137503175006,0.));
#5910 = CARTESIAN_POINT('',(0.975006350013,1.137503175006,0.));
#5911 = ORIENTED_EDGE('',*,*,#5831,.T.);
#5912 = ORIENTED_EDGE('',*,*,#5913,.T.);
#5913 = EDGE_CURVE('',#5832,#5868,#5914,.T.);
#5914 = B_SPLINE_CURVE_WITH_KNOTS('',1,(#5915,#5916),.UNSPECIFIED.,.F.,
  .F.,(2,2),(0.,0.762001524003),.PIECEWISE_BEZIER_KNOTS.);
#5915 = CARTESIAN_POINT('',(-0.975006350013,1.137503175006,
    0.762001524003));
#5916 = CARTESIAN_POINT('',(0.975006350013,1.137503175006,0.762001524003
    ));
#5917 = ORIENTED_EDGE('',*,*,#5867,.F.);
#5918 = B_SPLINE_SURFACE_WITH_KNOTS('',1,1,(
    (#5919,#5920)
    ,(#5921,#5922
    )),.UNSPECIFIED.,.F.,.F.,.F.,(2,2),(2,2),(0.,0.762001524003),(0.,
    0.762001524003),.PIECEWISE_BEZIER_KNOTS.);
#5919 = CARTESIAN_POINT('',(-0.975006350013,1.137503175006,0.));
#5920 = CARTESIAN_POINT('',(0.975006350013,1.137503175006,0.));
#5921 = CARTESIAN_POINT('',(-0.975006350013,1.137503175006,
    0.762001524003));
#5922 = CARTESIAN_POINT('',(0.975006350013,1.137503175006,0.762001524003
    ));
#5923 = ADVANCED_FACE('',(#5924),#5930,.F.);
#5924 = FACE_BOUND('',#5925,.F.);
#5925 = EDGE_LOOP('',(#5926,#5927,#5928,#5929));
#5926 = ORIENTED_EDGE('',*,*,#5824,.F.);
#5927 = ORIENTED_EDGE('',*,*,#5887,.T.);
#5928 = ORIENTED_EDGE('',*,*,#5860,.T.);
#5929 = ORIENTED_EDGE('',*,*,#5907,.F.);
#5930 = B_SPLINE_SURFACE_WITH_KNOTS('',1,1,(
    (#5931,#5932)
    ,(#5933,#5934
    )),.UNSPECIFIED.,.F.,.F.,.F.,(2,2),(2,2),(0.,0.762001524003),(0.,
    0.762001524003),.PIECEWISE_BEZIER_KNOTS.);
#5931 = CARTESIAN_POINT('',(-0.975006350013,-1.137503175006,0.));
#5932 = CARTESIAN_POINT('',(-0.975006350013,1.137503175006,0.));
#5933 = CARTESIAN_POINT('',(0.975006350013,-1.137503175006,0.));
#5934 = CARTESIAN_POINT('',(0.975006350013,1.137503175006,0.));
#5935 = ADVANCED_FACE('',(#5936),#5942,.T.);
#5936 = FACE_BOUND('',#5937,.T.);
#5937 = EDGE_LOOP('',(#5938,#5939,#5940,#5941));
#5938 = ORIENTED_EDGE('',*,*,#5838,.F.);
#5939 = ORIENTED_EDGE('',*,*,#5893,.T.);
#5940 = ORIENTED_EDGE('',*,*,#5874,.T.);
#5941 = ORIENTED_EDGE('',*,*,#5913,.F.);
#5942 = B_SPLINE_SURFACE_WITH_KNOTS('',1,1,(
    (#5943,#5944)
    ,(#5945,#5946
    )),.UNSPECIFIED.,.F.,.F.,.F.,(2,2),(2,2),(0.,0.762001524003),(0.,
    0.762001524003),.PIECEWISE_BEZIER_KNOTS.);
#5943 = CARTESIAN_POINT('',(-0.975006350013,-1.137503175006,
    0.762001524003));
#5944 = CARTESIAN_POINT('',(-0.975006350013,1.137503175006,
    0.762001524003));
#5945 = CARTESIAN_POINT('',(0.975006350013,-1.137503175006,
    0.762001524003));
#5946 = CARTESIAN_POINT('',(0.975006350013,1.137503175006,0.762001524003
    ));
#5947 = ( GEOMETRIC_REPRESENTATION_CONTEXT(3) 
GLOBAL_UNCERTAINTY_ASSIGNED_CONTEXT((#5951)) 
GLOBAL_UNIT_ASSIGNED_CONTEXT((#5948,#5949,#5950)) REPRESENTATION_CONTEXT
('Context #1','3D Context with UNIT and UNCERTAINTY') );
#5948 = ( LENGTH_UNIT() NAMED_UNIT(*) SI_UNIT(.MILLI.,.METRE.) );
#5949 = ( NAMED_UNIT(*) PLANE_ANGLE_UNIT() SI_UNIT($,.RADIAN.) );
#5950 = ( NAMED_UNIT(*) SI_UNIT($,.STERADIAN.) SOLID_ANGLE_UNIT() );
#5951 = UNCERTAINTY_MEASURE_WITH_UNIT(LENGTH_MEASURE(2.E-07),#5948,
  'distance_accuracy_value','confusion accuracy');
#5952 = CONTEXT_DEPENDENT_SHAPE_REPRESENTATION(#5953,#5955);
#5953 = ( REPRESENTATION_RELATIONSHIP('','',#5808,#5785) 
REPRESENTATION_RELATIONSHIP_WITH_TRANSFORMATION(#5954) 
SHAPE_REPRESENTATION_RELATIONSHIP() );
#5954 = ITEM_DEFINED_TRANSFORMATION('','',#11,#5786);
#5955 = PRODUCT_DEFINITION_SHAPE('Placement','Placement of an item',
  #5956);
#5956 = NEXT_ASSEMBLY_USAGE_OCCURRENCE('24','=>[0:1:1:19]','',#5780,
  #5803,$);
#5957 = PRODUCT_RELATED_PRODUCT_CATEGORY('part',$,(#5805));
#5958 = SHAPE_DEFINITION_REPRESENTATION(#5959,#5965);
#5959 = PRODUCT_DEFINITION_SHAPE('','',#5960);
#5960 = PRODUCT_DEFINITION('design','',#5961,#5964);
#5961 = PRODUCT_DEFINITION_FORMATION('','',#5962);
#5962 = PRODUCT(
  'X1~OSC-SMD_4P-L2.5-W2.0-BL~OSC-SMD_4P-L2.5-W2.0-H0.6~5ZeZ',
  'X1~OSC-SMD_4P-L2.5-W2.0-BL~OSC-SMD_4P-L2.5-W2.0-H0.6~5ZeZ','',(#5963)
  );
#5963 = PRODUCT_CONTEXT('',#2,'mechanical');
#5964 = PRODUCT_DEFINITION_CONTEXT('part definition',#2,'design');
#5965 = SHAPE_REPRESENTATION('',(#11,#5966),#5970);
#5966 = AXIS2_PLACEMENT_3D('',#5967,#5968,#5969);
#5967 = CARTESIAN_POINT('',(0.,0.,0.));
#5968 = DIRECTION('',(0.,0.,1.));
#5969 = DIRECTION('',(1.,0.,-0.));
#5970 = ( GEOMETRIC_REPRESENTATION_CONTEXT(3) 
GLOBAL_UNCERTAINTY_ASSIGNED_CONTEXT((#5974)) 
GLOBAL_UNIT_ASSIGNED_CONTEXT((#5971,#5972,#5973)) REPRESENTATION_CONTEXT
('Context #1','3D Context with UNIT and UNCERTAINTY') );
#5971 = ( LENGTH_UNIT() NAMED_UNIT(*) SI_UNIT(.MILLI.,.METRE.) );
#5972 = ( NAMED_UNIT(*) PLANE_ANGLE_UNIT() SI_UNIT($,.RADIAN.) );
#5973 = ( NAMED_UNIT(*) SI_UNIT($,.STERADIAN.) SOLID_ANGLE_UNIT() );
#5974 = UNCERTAINTY_MEASURE_WITH_UNIT(LENGTH_MEASURE(2.E-07),#5971,
  'distance_accuracy_value','confusion accuracy');
#5975 = CONTEXT_DEPENDENT_SHAPE_REPRESENTATION(#5976,#5978);
#5976 = ( REPRESENTATION_RELATIONSHIP('','',#5965,#10) 
REPRESENTATION_RELATIONSHIP_WITH_TRANSFORMATION(#5977) 
SHAPE_REPRESENTATION_RELATIONSHIP() );
#5977 = ITEM_DEFINED_TRANSFORMATION('','',#11,#87);
#5978 = PRODUCT_DEFINITION_SHAPE('Placement','Placement of an item',
  #5979);
#5979 = NEXT_ASSEMBLY_USAGE_OCCURRENCE('27','=>[0:1:1:22]','',#5,#5960,$
  );
#5980 = PRODUCT_RELATED_PRODUCT_CATEGORY('part',$,(#5962));
#5981 = SHAPE_DEFINITION_REPRESENTATION(#5982,#5988);
#5982 = PRODUCT_DEFINITION_SHAPE('','',#5983);
#5983 = PRODUCT_DEFINITION('design','',#5984,#5987);
#5984 = PRODUCT_DEFINITION_FORMATION('','',#5985);
#5985 = PRODUCT('OSC-SMD_4P-L2.5-W2.0-BL~OSC-SMD_4P-L2.5-W2.0-H0.6~5ZeZ'
  ,'OSC-SMD_4P-L2.5-W2.0-BL~OSC-SMD_4P-L2.5-W2.0-H0.6~5ZeZ','',(#5986));
#5986 = PRODUCT_CONTEXT('',#2,'mechanical');
#5987 = PRODUCT_DEFINITION_CONTEXT('part definition',#2,'design');
#5988 = ADVANCED_BREP_SHAPE_REPRESENTATION('',(#11,#5989),#6127);
#5989 = MANIFOLD_SOLID_BREP('',#5990);
#5990 = CLOSED_SHELL('',(#5991,#6027,#6063,#6083,#6103,#6115));
#5991 = ADVANCED_FACE('',(#5992),#6022,.F.);
#5992 = FACE_BOUND('',#5993,.F.);
#5993 = EDGE_LOOP('',(#5994,#6003,#6010,#6017));
#5994 = ORIENTED_EDGE('',*,*,#5995,.F.);
#5995 = EDGE_CURVE('',#5996,#5998,#6000,.T.);
#5996 = VERTEX_POINT('',#5997);
#5997 = CARTESIAN_POINT('',(-1.249987299975,-1.,0.));
#5998 = VERTEX_POINT('',#5999);
#5999 = CARTESIAN_POINT('',(-1.249987299975,-1.,0.762001524003));
#6000 = B_SPLINE_CURVE_WITH_KNOTS('',1,(#6001,#6002),.UNSPECIFIED.,.F.,
  .F.,(2,2),(0.,0.762001524003),.PIECEWISE_BEZIER_KNOTS.);
#6001 = CARTESIAN_POINT('',(-1.249987299975,-1.,0.));
#6002 = CARTESIAN_POINT('',(-1.249987299975,-1.,0.762001524003));
#6003 = ORIENTED_EDGE('',*,*,#6004,.T.);
#6004 = EDGE_CURVE('',#5996,#6005,#6007,.T.);
#6005 = VERTEX_POINT('',#6006);
#6006 = CARTESIAN_POINT('',(-1.249987299975,1.,0.));
#6007 = B_SPLINE_CURVE_WITH_KNOTS('',1,(#6008,#6009),.UNSPECIFIED.,.F.,
  .F.,(2,2),(0.,0.762001524003),.PIECEWISE_BEZIER_KNOTS.);
#6008 = CARTESIAN_POINT('',(-1.249987299975,-1.,0.));
#6009 = CARTESIAN_POINT('',(-1.249987299975,1.,0.));
#6010 = ORIENTED_EDGE('',*,*,#6011,.T.);
#6011 = EDGE_CURVE('',#6005,#6012,#6014,.T.);
#6012 = VERTEX_POINT('',#6013);
#6013 = CARTESIAN_POINT('',(-1.249987299975,1.,0.762001524003));
#6014 = B_SPLINE_CURVE_WITH_KNOTS('',1,(#6015,#6016),.UNSPECIFIED.,.F.,
  .F.,(2,2),(0.,0.762001524003),.PIECEWISE_BEZIER_KNOTS.);
#6015 = CARTESIAN_POINT('',(-1.249987299975,1.,0.));
#6016 = CARTESIAN_POINT('',(-1.249987299975,1.,0.762001524003));
#6017 = ORIENTED_EDGE('',*,*,#6018,.F.);
#6018 = EDGE_CURVE('',#5998,#6012,#6019,.T.);
#6019 = B_SPLINE_CURVE_WITH_KNOTS('',1,(#6020,#6021),.UNSPECIFIED.,.F.,
  .F.,(2,2),(0.,0.762001524003),.PIECEWISE_BEZIER_KNOTS.);
#6020 = CARTESIAN_POINT('',(-1.249987299975,-1.,0.762001524003));
#6021 = CARTESIAN_POINT('',(-1.249987299975,1.,0.762001524003));
#6022 = B_SPLINE_SURFACE_WITH_KNOTS('',1,1,(
    (#6023,#6024)
    ,(#6025,#6026
    )),.UNSPECIFIED.,.F.,.F.,.F.,(2,2),(2,2),(0.,0.762001524003),(
    -0.762001524003,0.),.PIECEWISE_BEZIER_KNOTS.);
#6023 = CARTESIAN_POINT('',(-1.249987299975,1.,0.));
#6024 = CARTESIAN_POINT('',(-1.249987299975,-1.,0.));
#6025 = CARTESIAN_POINT('',(-1.249987299975,1.,0.762001524003));
#6026 = CARTESIAN_POINT('',(-1.249987299975,-1.,0.762001524003));
#6027 = ADVANCED_FACE('',(#6028),#6058,.T.);
#6028 = FACE_BOUND('',#6029,.T.);
#6029 = EDGE_LOOP('',(#6030,#6039,#6046,#6053));
#6030 = ORIENTED_EDGE('',*,*,#6031,.F.);
#6031 = EDGE_CURVE('',#6032,#6034,#6036,.T.);
#6032 = VERTEX_POINT('',#6033);
#6033 = CARTESIAN_POINT('',(1.250012700025,-1.,0.));
#6034 = VERTEX_POINT('',#6035);
#6035 = CARTESIAN_POINT('',(1.250012700025,-1.,0.762001524003));
#6036 = B_SPLINE_CURVE_WITH_KNOTS('',1,(#6037,#6038),.UNSPECIFIED.,.F.,
  .F.,(2,2),(0.,0.762001524003),.PIECEWISE_BEZIER_KNOTS.);
#6037 = CARTESIAN_POINT('',(1.250012700025,-1.,0.));
#6038 = CARTESIAN_POINT('',(1.250012700025,-1.,0.762001524003));
#6039 = ORIENTED_EDGE('',*,*,#6040,.T.);
#6040 = EDGE_CURVE('',#6032,#6041,#6043,.T.);
#6041 = VERTEX_POINT('',#6042);
#6042 = CARTESIAN_POINT('',(1.250012700025,1.,0.));
#6043 = B_SPLINE_CURVE_WITH_KNOTS('',1,(#6044,#6045),.UNSPECIFIED.,.F.,
  .F.,(2,2),(0.,0.762001524003),.PIECEWISE_BEZIER_KNOTS.);
#6044 = CARTESIAN_POINT('',(1.250012700025,-1.,0.));
#6045 = CARTESIAN_POINT('',(1.250012700025,1.,0.));
#6046 = ORIENTED_EDGE('',*,*,#6047,.T.);
#6047 = EDGE_CURVE('',#6041,#6048,#6050,.T.);
#6048 = VERTEX_POINT('',#6049);
#6049 = CARTESIAN_POINT('',(1.250012700025,1.,0.762001524003));
#6050 = B_SPLINE_CURVE_WITH_KNOTS('',1,(#6051,#6052),.UNSPECIFIED.,.F.,
  .F.,(2,2),(0.,0.762001524003),.PIECEWISE_BEZIER_KNOTS.);
#6051 = CARTESIAN_POINT('',(1.250012700025,1.,0.));
#6052 = CARTESIAN_POINT('',(1.250012700025,1.,0.762001524003));
#6053 = ORIENTED_EDGE('',*,*,#6054,.F.);
#6054 = EDGE_CURVE('',#6034,#6048,#6055,.T.);
#6055 = B_SPLINE_CURVE_WITH_KNOTS('',1,(#6056,#6057),.UNSPECIFIED.,.F.,
  .F.,(2,2),(0.,0.762001524003),.PIECEWISE_BEZIER_KNOTS.);
#6056 = CARTESIAN_POINT('',(1.250012700025,-1.,0.762001524003));
#6057 = CARTESIAN_POINT('',(1.250012700025,1.,0.762001524003));
#6058 = B_SPLINE_SURFACE_WITH_KNOTS('',1,1,(
    (#6059,#6060)
    ,(#6061,#6062
    )),.UNSPECIFIED.,.F.,.F.,.F.,(2,2),(2,2),(0.,0.762001524003),(
    -0.762001524003,0.),.PIECEWISE_BEZIER_KNOTS.);
#6059 = CARTESIAN_POINT('',(1.250012700025,1.,0.));
#6060 = CARTESIAN_POINT('',(1.250012700025,-1.,0.));
#6061 = CARTESIAN_POINT('',(1.250012700025,1.,0.762001524003));
#6062 = CARTESIAN_POINT('',(1.250012700025,-1.,0.762001524003));
#6063 = ADVANCED_FACE('',(#6064),#6078,.F.);
#6064 = FACE_BOUND('',#6065,.F.);
#6065 = EDGE_LOOP('',(#6066,#6071,#6072,#6077));
#6066 = ORIENTED_EDGE('',*,*,#6067,.F.);
#6067 = EDGE_CURVE('',#5996,#6032,#6068,.T.);
#6068 = B_SPLINE_CURVE_WITH_KNOTS('',1,(#6069,#6070),.UNSPECIFIED.,.F.,
  .F.,(2,2),(0.,0.762001524003),.PIECEWISE_BEZIER_KNOTS.);
#6069 = CARTESIAN_POINT('',(-1.249987299975,-1.,0.));
#6070 = CARTESIAN_POINT('',(1.250012700025,-1.,0.));
#6071 = ORIENTED_EDGE('',*,*,#5995,.T.);
#6072 = ORIENTED_EDGE('',*,*,#6073,.T.);
#6073 = EDGE_CURVE('',#5998,#6034,#6074,.T.);
#6074 = B_SPLINE_CURVE_WITH_KNOTS('',1,(#6075,#6076),.UNSPECIFIED.,.F.,
  .F.,(2,2),(0.,0.762001524003),.PIECEWISE_BEZIER_KNOTS.);
#6075 = CARTESIAN_POINT('',(-1.249987299975,-1.,0.762001524003));
#6076 = CARTESIAN_POINT('',(1.250012700025,-1.,0.762001524003));
#6077 = ORIENTED_EDGE('',*,*,#6031,.F.);
#6078 = B_SPLINE_SURFACE_WITH_KNOTS('',1,1,(
    (#6079,#6080)
    ,(#6081,#6082
    )),.UNSPECIFIED.,.F.,.F.,.F.,(2,2),(2,2),(0.,0.762001524003),(0.,
    0.762001524003),.PIECEWISE_BEZIER_KNOTS.);
#6079 = CARTESIAN_POINT('',(-1.249987299975,-1.,0.));
#6080 = CARTESIAN_POINT('',(1.250012700025,-1.,0.));
#6081 = CARTESIAN_POINT('',(-1.249987299975,-1.,0.762001524003));
#6082 = CARTESIAN_POINT('',(1.250012700025,-1.,0.762001524003));
#6083 = ADVANCED_FACE('',(#6084),#6098,.T.);
#6084 = FACE_BOUND('',#6085,.T.);
#6085 = EDGE_LOOP('',(#6086,#6091,#6092,#6097));
#6086 = ORIENTED_EDGE('',*,*,#6087,.F.);
#6087 = EDGE_CURVE('',#6005,#6041,#6088,.T.);
#6088 = B_SPLINE_CURVE_WITH_KNOTS('',1,(#6089,#6090),.UNSPECIFIED.,.F.,
  .F.,(2,2),(0.,0.762001524003),.PIECEWISE_BEZIER_KNOTS.);
#6089 = CARTESIAN_POINT('',(-1.249987299975,1.,0.));
#6090 = CARTESIAN_POINT('',(1.250012700025,1.,0.));
#6091 = ORIENTED_EDGE('',*,*,#6011,.T.);
#6092 = ORIENTED_EDGE('',*,*,#6093,.T.);
#6093 = EDGE_CURVE('',#6012,#6048,#6094,.T.);
#6094 = B_SPLINE_CURVE_WITH_KNOTS('',1,(#6095,#6096),.UNSPECIFIED.,.F.,
  .F.,(2,2),(0.,0.762001524003),.PIECEWISE_BEZIER_KNOTS.);
#6095 = CARTESIAN_POINT('',(-1.249987299975,1.,0.762001524003));
#6096 = CARTESIAN_POINT('',(1.250012700025,1.,0.762001524003));
#6097 = ORIENTED_EDGE('',*,*,#6047,.F.);
#6098 = B_SPLINE_SURFACE_WITH_KNOTS('',1,1,(
    (#6099,#6100)
    ,(#6101,#6102
    )),.UNSPECIFIED.,.F.,.F.,.F.,(2,2),(2,2),(0.,0.762001524003),(0.,
    0.762001524003),.PIECEWISE_BEZIER_KNOTS.);
#6099 = CARTESIAN_POINT('',(-1.249987299975,1.,0.));
#6100 = CARTESIAN_POINT('',(1.250012700025,1.,0.));
#6101 = CARTESIAN_POINT('',(-1.249987299975,1.,0.762001524003));
#6102 = CARTESIAN_POINT('',(1.250012700025,1.,0.762001524003));
#6103 = ADVANCED_FACE('',(#6104),#6110,.F.);
#6104 = FACE_BOUND('',#6105,.F.);
#6105 = EDGE_LOOP('',(#6106,#6107,#6108,#6109));
#6106 = ORIENTED_EDGE('',*,*,#6004,.F.);
#6107 = ORIENTED_EDGE('',*,*,#6067,.T.);
#6108 = ORIENTED_EDGE('',*,*,#6040,.T.);
#6109 = ORIENTED_EDGE('',*,*,#6087,.F.);
#6110 = B_SPLINE_SURFACE_WITH_KNOTS('',1,1,(
    (#6111,#6112)
    ,(#6113,#6114
    )),.UNSPECIFIED.,.F.,.F.,.F.,(2,2),(2,2),(0.,0.762001524003),(0.,
    0.762001524003),.PIECEWISE_BEZIER_KNOTS.);
#6111 = CARTESIAN_POINT('',(-1.249987299975,-1.,0.));
#6112 = CARTESIAN_POINT('',(-1.249987299975,1.,0.));
#6113 = CARTESIAN_POINT('',(1.250012700025,-1.,0.));
#6114 = CARTESIAN_POINT('',(1.250012700025,1.,0.));
#6115 = ADVANCED_FACE('',(#6116),#6122,.T.);
#6116 = FACE_BOUND('',#6117,.T.);
#6117 = EDGE_LOOP('',(#6118,#6119,#6120,#6121));
#6118 = ORIENTED_EDGE('',*,*,#6018,.F.);
#6119 = ORIENTED_EDGE('',*,*,#6073,.T.);
#6120 = ORIENTED_EDGE('',*,*,#6054,.T.);
#6121 = ORIENTED_EDGE('',*,*,#6093,.F.);
#6122 = B_SPLINE_SURFACE_WITH_KNOTS('',1,1,(
    (#6123,#6124)
    ,(#6125,#6126
    )),.UNSPECIFIED.,.F.,.F.,.F.,(2,2),(2,2),(0.,0.762001524003),(0.,
    0.762001524003),.PIECEWISE_BEZIER_KNOTS.);
#6123 = CARTESIAN_POINT('',(-1.249987299975,-1.,0.762001524003));
#6124 = CARTESIAN_POINT('',(-1.249987299975,1.,0.762001524003));
#6125 = CARTESIAN_POINT('',(1.250012700025,-1.,0.762001524003));
#6126 = CARTESIAN_POINT('',(1.250012700025,1.,0.762001524003));
#6127 = ( GEOMETRIC_REPRESENTATION_CONTEXT(3) 
GLOBAL_UNCERTAINTY_ASSIGNED_CONTEXT((#6131)) 
GLOBAL_UNIT_ASSIGNED_CONTEXT((#6128,#6129,#6130)) REPRESENTATION_CONTEXT
('Context #1','3D Context with UNIT and UNCERTAINTY') );
#6128 = ( LENGTH_UNIT() NAMED_UNIT(*) SI_UNIT(.MILLI.,.METRE.) );
#6129 = ( NAMED_UNIT(*) PLANE_ANGLE_UNIT() SI_UNIT($,.RADIAN.) );
#6130 = ( NAMED_UNIT(*) SI_UNIT($,.STERADIAN.) SOLID_ANGLE_UNIT() );
#6131 = UNCERTAINTY_MEASURE_WITH_UNIT(LENGTH_MEASURE(2.E-07),#6128,
  'distance_accuracy_value','confusion accuracy');
#6132 = CONTEXT_DEPENDENT_SHAPE_REPRESENTATION(#6133,#6135);
#6133 = ( REPRESENTATION_RELATIONSHIP('','',#5988,#5965) 
REPRESENTATION_RELATIONSHIP_WITH_TRANSFORMATION(#6134) 
SHAPE_REPRESENTATION_RELATIONSHIP() );
#6134 = ITEM_DEFINED_TRANSFORMATION('','',#11,#5966);
#6135 = PRODUCT_DEFINITION_SHAPE('Placement','Placement of an item',
  #6136);
#6136 = NEXT_ASSEMBLY_USAGE_OCCURRENCE('26','=>[0:1:1:21]','',#5960,
  #5983,$);
#6137 = PRODUCT_RELATED_PRODUCT_CATEGORY('part',$,(#5985));
#6138 = SHAPE_DEFINITION_REPRESENTATION(#6139,#6145);
#6139 = PRODUCT_DEFINITION_SHAPE('','',#6140);
#6140 = PRODUCT_DEFINITION('design','',#6141,#6144);
#6141 = PRODUCT_DEFINITION_FORMATION('','',#6142);
#6142 = PRODUCT(
  'X2~CRYSTAL-SMD_4P-L2.5-W2.0-BL-A~CRYSTAL-SMD_4P-L2.5-W2.0-BL-A~5ZeZ',
  'X2~CRYSTAL-SMD_4P-L2.5-W2.0-BL-A~CRYSTAL-SMD_4P-L2.5-W2.0-BL-A~5ZeZ',
  '',(#6143));
#6143 = PRODUCT_CONTEXT('',#2,'mechanical');
#6144 = PRODUCT_DEFINITION_CONTEXT('part definition',#2,'design');
#6145 = SHAPE_REPRESENTATION('',(#11,#6146),#6150);
#6146 = AXIS2_PLACEMENT_3D('',#6147,#6148,#6149);
#6147 = CARTESIAN_POINT('',(0.,0.,0.));
#6148 = DIRECTION('',(0.,0.,1.));
#6149 = DIRECTION('',(1.,0.,-0.));
#6150 = ( GEOMETRIC_REPRESENTATION_CONTEXT(3) 
GLOBAL_UNCERTAINTY_ASSIGNED_CONTEXT((#6154)) 
GLOBAL_UNIT_ASSIGNED_CONTEXT((#6151,#6152,#6153)) REPRESENTATION_CONTEXT
('Context #1','3D Context with UNIT and UNCERTAINTY') );
#6151 = ( LENGTH_UNIT() NAMED_UNIT(*) SI_UNIT(.MILLI.,.METRE.) );
#6152 = ( NAMED_UNIT(*) PLANE_ANGLE_UNIT() SI_UNIT($,.RADIAN.) );
#6153 = ( NAMED_UNIT(*) SI_UNIT($,.STERADIAN.) SOLID_ANGLE_UNIT() );
#6154 = UNCERTAINTY_MEASURE_WITH_UNIT(LENGTH_MEASURE(2.E-07),#6151,
  'distance_accuracy_value','confusion accuracy');
#6155 = CONTEXT_DEPENDENT_SHAPE_REPRESENTATION(#6156,#6158);
#6156 = ( REPRESENTATION_RELATIONSHIP('','',#6145,#10) 
REPRESENTATION_RELATIONSHIP_WITH_TRANSFORMATION(#6157) 
SHAPE_REPRESENTATION_RELATIONSHIP() );
#6157 = ITEM_DEFINED_TRANSFORMATION('','',#11,#91);
#6158 = PRODUCT_DEFINITION_SHAPE('Placement','Placement of an item',
  #6159);
#6159 = NEXT_ASSEMBLY_USAGE_OCCURRENCE('29','=>[0:1:1:24]','',#5,#6140,$
  );
#6160 = PRODUCT_RELATED_PRODUCT_CATEGORY('part',$,(#6142));
#6161 = SHAPE_DEFINITION_REPRESENTATION(#6162,#6168);
#6162 = PRODUCT_DEFINITION_SHAPE('','',#6163);
#6163 = PRODUCT_DEFINITION('design','',#6164,#6167);
#6164 = PRODUCT_DEFINITION_FORMATION('','',#6165);
#6165 = PRODUCT(
  'CRYSTAL-SMD_4P-L2.5-W2.0-BL-A~CRYSTAL-SMD_4P-L2.5-W2.0-BL-A~5ZeZ',
  'CRYSTAL-SMD_4P-L2.5-W2.0-BL-A~CRYSTAL-SMD_4P-L2.5-W2.0-BL-A~5ZeZ','',
  (#6166));
#6166 = PRODUCT_CONTEXT('',#2,'mechanical');
#6167 = PRODUCT_DEFINITION_CONTEXT('part definition',#2,'design');
#6168 = ADVANCED_BREP_SHAPE_REPRESENTATION('',(#11,#6169),#6307);
#6169 = MANIFOLD_SOLID_BREP('',#6170);
#6170 = CLOSED_SHELL('',(#6171,#6207,#6243,#6263,#6283,#6295));
#6171 = ADVANCED_FACE('',(#6172),#6202,.F.);
#6172 = FACE_BOUND('',#6173,.F.);
#6173 = EDGE_LOOP('',(#6174,#6183,#6190,#6197));
#6174 = ORIENTED_EDGE('',*,*,#6175,.F.);
#6175 = EDGE_CURVE('',#6176,#6178,#6180,.T.);
#6176 = VERTEX_POINT('',#6177);
#6177 = CARTESIAN_POINT('',(-1.25,-1.025006350013,0.));
#6178 = VERTEX_POINT('',#6179);
#6179 = CARTESIAN_POINT('',(-1.25,-1.025006350013,0.762001524003));
#6180 = B_SPLINE_CURVE_WITH_KNOTS('',1,(#6181,#6182),.UNSPECIFIED.,.F.,
  .F.,(2,2),(0.,0.762001524003),.PIECEWISE_BEZIER_KNOTS.);
#6181 = CARTESIAN_POINT('',(-1.25,-1.025006350013,0.));
#6182 = CARTESIAN_POINT('',(-1.25,-1.025006350013,0.762001524003));
#6183 = ORIENTED_EDGE('',*,*,#6184,.T.);
#6184 = EDGE_CURVE('',#6176,#6185,#6187,.T.);
#6185 = VERTEX_POINT('',#6186);
#6186 = CARTESIAN_POINT('',(-1.25,1.025006350013,0.));
#6187 = B_SPLINE_CURVE_WITH_KNOTS('',1,(#6188,#6189),.UNSPECIFIED.,.F.,
  .F.,(2,2),(0.,0.762001524003),.PIECEWISE_BEZIER_KNOTS.);
#6188 = CARTESIAN_POINT('',(-1.25,-1.025006350013,0.));
#6189 = CARTESIAN_POINT('',(-1.25,1.025006350013,0.));
#6190 = ORIENTED_EDGE('',*,*,#6191,.T.);
#6191 = EDGE_CURVE('',#6185,#6192,#6194,.T.);
#6192 = VERTEX_POINT('',#6193);
#6193 = CARTESIAN_POINT('',(-1.25,1.025006350013,0.762001524003));
#6194 = B_SPLINE_CURVE_WITH_KNOTS('',1,(#6195,#6196),.UNSPECIFIED.,.F.,
  .F.,(2,2),(0.,0.762001524003),.PIECEWISE_BEZIER_KNOTS.);
#6195 = CARTESIAN_POINT('',(-1.25,1.025006350013,0.));
#6196 = CARTESIAN_POINT('',(-1.25,1.025006350013,0.762001524003));
#6197 = ORIENTED_EDGE('',*,*,#6198,.F.);
#6198 = EDGE_CURVE('',#6178,#6192,#6199,.T.);
#6199 = B_SPLINE_CURVE_WITH_KNOTS('',1,(#6200,#6201),.UNSPECIFIED.,.F.,
  .F.,(2,2),(0.,0.762001524003),.PIECEWISE_BEZIER_KNOTS.);
#6200 = CARTESIAN_POINT('',(-1.25,-1.025006350013,0.762001524003));
#6201 = CARTESIAN_POINT('',(-1.25,1.025006350013,0.762001524003));
#6202 = B_SPLINE_SURFACE_WITH_KNOTS('',1,1,(
    (#6203,#6204)
    ,(#6205,#6206
    )),.UNSPECIFIED.,.F.,.F.,.F.,(2,2),(2,2),(0.,0.762001524003),(
    -0.762001524003,0.),.PIECEWISE_BEZIER_KNOTS.);
#6203 = CARTESIAN_POINT('',(-1.25,1.025006350013,0.));
#6204 = CARTESIAN_POINT('',(-1.25,-1.025006350013,0.));
#6205 = CARTESIAN_POINT('',(-1.25,1.025006350013,0.762001524003));
#6206 = CARTESIAN_POINT('',(-1.25,-1.025006350013,0.762001524003));
#6207 = ADVANCED_FACE('',(#6208),#6238,.T.);
#6208 = FACE_BOUND('',#6209,.T.);
#6209 = EDGE_LOOP('',(#6210,#6219,#6226,#6233));
#6210 = ORIENTED_EDGE('',*,*,#6211,.F.);
#6211 = EDGE_CURVE('',#6212,#6214,#6216,.T.);
#6212 = VERTEX_POINT('',#6213);
#6213 = CARTESIAN_POINT('',(1.25,-1.025006350013,0.));
#6214 = VERTEX_POINT('',#6215);
#6215 = CARTESIAN_POINT('',(1.25,-1.025006350013,0.762001524003));
#6216 = B_SPLINE_CURVE_WITH_KNOTS('',1,(#6217,#6218),.UNSPECIFIED.,.F.,
  .F.,(2,2),(0.,0.762001524003),.PIECEWISE_BEZIER_KNOTS.);
#6217 = CARTESIAN_POINT('',(1.25,-1.025006350013,0.));
#6218 = CARTESIAN_POINT('',(1.25,-1.025006350013,0.762001524003));
#6219 = ORIENTED_EDGE('',*,*,#6220,.T.);
#6220 = EDGE_CURVE('',#6212,#6221,#6223,.T.);
#6221 = VERTEX_POINT('',#6222);
#6222 = CARTESIAN_POINT('',(1.25,1.025006350013,0.));
#6223 = B_SPLINE_CURVE_WITH_KNOTS('',1,(#6224,#6225),.UNSPECIFIED.,.F.,
  .F.,(2,2),(0.,0.762001524003),.PIECEWISE_BEZIER_KNOTS.);
#6224 = CARTESIAN_POINT('',(1.25,-1.025006350013,0.));
#6225 = CARTESIAN_POINT('',(1.25,1.025006350013,0.));
#6226 = ORIENTED_EDGE('',*,*,#6227,.T.);
#6227 = EDGE_CURVE('',#6221,#6228,#6230,.T.);
#6228 = VERTEX_POINT('',#6229);
#6229 = CARTESIAN_POINT('',(1.25,1.025006350013,0.762001524003));
#6230 = B_SPLINE_CURVE_WITH_KNOTS('',1,(#6231,#6232),.UNSPECIFIED.,.F.,
  .F.,(2,2),(0.,0.762001524003),.PIECEWISE_BEZIER_KNOTS.);
#6231 = CARTESIAN_POINT('',(1.25,1.025006350013,0.));
#6232 = CARTESIAN_POINT('',(1.25,1.025006350013,0.762001524003));
#6233 = ORIENTED_EDGE('',*,*,#6234,.F.);
#6234 = EDGE_CURVE('',#6214,#6228,#6235,.T.);
#6235 = B_SPLINE_CURVE_WITH_KNOTS('',1,(#6236,#6237),.UNSPECIFIED.,.F.,
  .F.,(2,2),(0.,0.762001524003),.PIECEWISE_BEZIER_KNOTS.);
#6236 = CARTESIAN_POINT('',(1.25,-1.025006350013,0.762001524003));
#6237 = CARTESIAN_POINT('',(1.25,1.025006350013,0.762001524003));
#6238 = B_SPLINE_SURFACE_WITH_KNOTS('',1,1,(
    (#6239,#6240)
    ,(#6241,#6242
    )),.UNSPECIFIED.,.F.,.F.,.F.,(2,2),(2,2),(0.,0.762001524003),(
    -0.762001524003,0.),.PIECEWISE_BEZIER_KNOTS.);
#6239 = CARTESIAN_POINT('',(1.25,1.025006350013,0.));
#6240 = CARTESIAN_POINT('',(1.25,-1.025006350013,0.));
#6241 = CARTESIAN_POINT('',(1.25,1.025006350013,0.762001524003));
#6242 = CARTESIAN_POINT('',(1.25,-1.025006350013,0.762001524003));
#6243 = ADVANCED_FACE('',(#6244),#6258,.F.);
#6244 = FACE_BOUND('',#6245,.F.);
#6245 = EDGE_LOOP('',(#6246,#6251,#6252,#6257));
#6246 = ORIENTED_EDGE('',*,*,#6247,.F.);
#6247 = EDGE_CURVE('',#6176,#6212,#6248,.T.);
#6248 = B_SPLINE_CURVE_WITH_KNOTS('',1,(#6249,#6250),.UNSPECIFIED.,.F.,
  .F.,(2,2),(0.,0.762001524003),.PIECEWISE_BEZIER_KNOTS.);
#6249 = CARTESIAN_POINT('',(-1.25,-1.025006350013,0.));
#6250 = CARTESIAN_POINT('',(1.25,-1.025006350013,0.));
#6251 = ORIENTED_EDGE('',*,*,#6175,.T.);
#6252 = ORIENTED_EDGE('',*,*,#6253,.T.);
#6253 = EDGE_CURVE('',#6178,#6214,#6254,.T.);
#6254 = B_SPLINE_CURVE_WITH_KNOTS('',1,(#6255,#6256),.UNSPECIFIED.,.F.,
  .F.,(2,2),(0.,0.762001524003),.PIECEWISE_BEZIER_KNOTS.);
#6255 = CARTESIAN_POINT('',(-1.25,-1.025006350013,0.762001524003));
#6256 = CARTESIAN_POINT('',(1.25,-1.025006350013,0.762001524003));
#6257 = ORIENTED_EDGE('',*,*,#6211,.F.);
#6258 = B_SPLINE_SURFACE_WITH_KNOTS('',1,1,(
    (#6259,#6260)
    ,(#6261,#6262
    )),.UNSPECIFIED.,.F.,.F.,.F.,(2,2),(2,2),(0.,0.762001524003),(0.,
    0.762001524003),.PIECEWISE_BEZIER_KNOTS.);
#6259 = CARTESIAN_POINT('',(-1.25,-1.025006350013,0.));
#6260 = CARTESIAN_POINT('',(1.25,-1.025006350013,0.));
#6261 = CARTESIAN_POINT('',(-1.25,-1.025006350013,0.762001524003));
#6262 = CARTESIAN_POINT('',(1.25,-1.025006350013,0.762001524003));
#6263 = ADVANCED_FACE('',(#6264),#6278,.T.);
#6264 = FACE_BOUND('',#6265,.T.);
#6265 = EDGE_LOOP('',(#6266,#6271,#6272,#6277));
#6266 = ORIENTED_EDGE('',*,*,#6267,.F.);
#6267 = EDGE_CURVE('',#6185,#6221,#6268,.T.);
#6268 = B_SPLINE_CURVE_WITH_KNOTS('',1,(#6269,#6270),.UNSPECIFIED.,.F.,
  .F.,(2,2),(0.,0.762001524003),.PIECEWISE_BEZIER_KNOTS.);
#6269 = CARTESIAN_POINT('',(-1.25,1.025006350013,0.));
#6270 = CARTESIAN_POINT('',(1.25,1.025006350013,0.));
#6271 = ORIENTED_EDGE('',*,*,#6191,.T.);
#6272 = ORIENTED_EDGE('',*,*,#6273,.T.);
#6273 = EDGE_CURVE('',#6192,#6228,#6274,.T.);
#6274 = B_SPLINE_CURVE_WITH_KNOTS('',1,(#6275,#6276),.UNSPECIFIED.,.F.,
  .F.,(2,2),(0.,0.762001524003),.PIECEWISE_BEZIER_KNOTS.);
#6275 = CARTESIAN_POINT('',(-1.25,1.025006350013,0.762001524003));
#6276 = CARTESIAN_POINT('',(1.25,1.025006350013,0.762001524003));
#6277 = ORIENTED_EDGE('',*,*,#6227,.F.);
#6278 = B_SPLINE_SURFACE_WITH_KNOTS('',1,1,(
    (#6279,#6280)
    ,(#6281,#6282
    )),.UNSPECIFIED.,.F.,.F.,.F.,(2,2),(2,2),(0.,0.762001524003),(0.,
    0.762001524003),.PIECEWISE_BEZIER_KNOTS.);
#6279 = CARTESIAN_POINT('',(-1.25,1.025006350013,0.));
#6280 = CARTESIAN_POINT('',(1.25,1.025006350013,0.));
#6281 = CARTESIAN_POINT('',(-1.25,1.025006350013,0.762001524003));
#6282 = CARTESIAN_POINT('',(1.25,1.025006350013,0.762001524003));
#6283 = ADVANCED_FACE('',(#6284),#6290,.F.);
#6284 = FACE_BOUND('',#6285,.F.);
#6285 = EDGE_LOOP('',(#6286,#6287,#6288,#6289));
#6286 = ORIENTED_EDGE('',*,*,#6184,.F.);
#6287 = ORIENTED_EDGE('',*,*,#6247,.T.);
#6288 = ORIENTED_EDGE('',*,*,#6220,.T.);
#6289 = ORIENTED_EDGE('',*,*,#6267,.F.);
#6290 = B_SPLINE_SURFACE_WITH_KNOTS('',1,1,(
    (#6291,#6292)
    ,(#6293,#6294
    )),.UNSPECIFIED.,.F.,.F.,.F.,(2,2),(2,2),(0.,0.762001524003),(0.,
    0.762001524003),.PIECEWISE_BEZIER_KNOTS.);
#6291 = CARTESIAN_POINT('',(-1.25,-1.025006350013,0.));
#6292 = CARTESIAN_POINT('',(-1.25,1.025006350013,0.));
#6293 = CARTESIAN_POINT('',(1.25,-1.025006350013,0.));
#6294 = CARTESIAN_POINT('',(1.25,1.025006350013,0.));
#6295 = ADVANCED_FACE('',(#6296),#6302,.T.);
#6296 = FACE_BOUND('',#6297,.T.);
#6297 = EDGE_LOOP('',(#6298,#6299,#6300,#6301));
#6298 = ORIENTED_EDGE('',*,*,#6198,.F.);
#6299 = ORIENTED_EDGE('',*,*,#6253,.T.);
#6300 = ORIENTED_EDGE('',*,*,#6234,.T.);
#6301 = ORIENTED_EDGE('',*,*,#6273,.F.);
#6302 = B_SPLINE_SURFACE_WITH_KNOTS('',1,1,(
    (#6303,#6304)
    ,(#6305,#6306
    )),.UNSPECIFIED.,.F.,.F.,.F.,(2,2),(2,2),(0.,0.762001524003),(0.,
    0.762001524003),.PIECEWISE_BEZIER_KNOTS.);
#6303 = CARTESIAN_POINT('',(-1.25,-1.025006350013,0.762001524003));
#6304 = CARTESIAN_POINT('',(-1.25,1.025006350013,0.762001524003));
#6305 = CARTESIAN_POINT('',(1.25,-1.025006350013,0.762001524003));
#6306 = CARTESIAN_POINT('',(1.25,1.025006350013,0.762001524003));
#6307 = ( GEOMETRIC_REPRESENTATION_CONTEXT(3) 
GLOBAL_UNCERTAINTY_ASSIGNED_CONTEXT((#6311)) 
GLOBAL_UNIT_ASSIGNED_CONTEXT((#6308,#6309,#6310)) REPRESENTATION_CONTEXT
('Context #1','3D Context with UNIT and UNCERTAINTY') );
#6308 = ( LENGTH_UNIT() NAMED_UNIT(*) SI_UNIT(.MILLI.,.METRE.) );
#6309 = ( NAMED_UNIT(*) PLANE_ANGLE_UNIT() SI_UNIT($,.RADIAN.) );
#6310 = ( NAMED_UNIT(*) SI_UNIT($,.STERADIAN.) SOLID_ANGLE_UNIT() );
#6311 = UNCERTAINTY_MEASURE_WITH_UNIT(LENGTH_MEASURE(2.E-07),#6308,
  'distance_accuracy_value','confusion accuracy');
#6312 = CONTEXT_DEPENDENT_SHAPE_REPRESENTATION(#6313,#6315);
#6313 = ( REPRESENTATION_RELATIONSHIP('','',#6168,#6145) 
REPRESENTATION_RELATIONSHIP_WITH_TRANSFORMATION(#6314) 
SHAPE_REPRESENTATION_RELATIONSHIP() );
#6314 = ITEM_DEFINED_TRANSFORMATION('','',#11,#6146);
#6315 = PRODUCT_DEFINITION_SHAPE('Placement','Placement of an item',
  #6316);
#6316 = NEXT_ASSEMBLY_USAGE_OCCURRENCE('28','=>[0:1:1:23]','',#6140,
  #6163,$);
#6317 = PRODUCT_RELATED_PRODUCT_CATEGORY('part',$,(#6165));
#6318 = SHAPE_DEFINITION_REPRESENTATION(#6319,#6325);
#6319 = PRODUCT_DEFINITION_SHAPE('','',#6320);
#6320 = PRODUCT_DEFINITION('design','',#6321,#6324);
#6321 = PRODUCT_DEFINITION_FORMATION('','',#6322);
#6322 = PRODUCT('R13~R0402~R0402_L1.0-W0.5-H0.4~5ZeZ',
  'R13~R0402~R0402_L1.0-W0.5-H0.4~5ZeZ','',(#6323));
#6323 = PRODUCT_CONTEXT('',#2,'mechanical');
#6324 = PRODUCT_DEFINITION_CONTEXT('part definition',#2,'design');
#6325 = SHAPE_REPRESENTATION('',(#11,#6326),#6330);
#6326 = AXIS2_PLACEMENT_3D('',#6327,#6328,#6329);
#6327 = CARTESIAN_POINT('',(0.,0.,0.));
#6328 = DIRECTION('',(0.,0.,1.));
#6329 = DIRECTION('',(1.,0.,-0.));
#6330 = ( GEOMETRIC_REPRESENTATION_CONTEXT(3) 
GLOBAL_UNCERTAINTY_ASSIGNED_CONTEXT((#6334)) 
GLOBAL_UNIT_ASSIGNED_CONTEXT((#6331,#6332,#6333)) REPRESENTATION_CONTEXT
('Context #1','3D Context with UNIT and UNCERTAINTY') );
#6331 = ( LENGTH_UNIT() NAMED_UNIT(*) SI_UNIT(.MILLI.,.METRE.) );
#6332 = ( NAMED_UNIT(*) PLANE_ANGLE_UNIT() SI_UNIT($,.RADIAN.) );
#6333 = ( NAMED_UNIT(*) SI_UNIT($,.STERADIAN.) SOLID_ANGLE_UNIT() );
#6334 = UNCERTAINTY_MEASURE_WITH_UNIT(LENGTH_MEASURE(1.E-07),#6331,
  'distance_accuracy_value','confusion accuracy');
#6335 = CONTEXT_DEPENDENT_SHAPE_REPRESENTATION(#6336,#6338);
#6336 = ( REPRESENTATION_RELATIONSHIP('','',#6325,#10) 
REPRESENTATION_RELATIONSHIP_WITH_TRANSFORMATION(#6337) 
SHAPE_REPRESENTATION_RELATIONSHIP() );
#6337 = ITEM_DEFINED_TRANSFORMATION('','',#11,#95);
#6338 = PRODUCT_DEFINITION_SHAPE('Placement','Placement of an item',
  #6339);
#6339 = NEXT_ASSEMBLY_USAGE_OCCURRENCE('31','=>[0:1:1:26]','',#5,#6320,$
  );
#6340 = PRODUCT_RELATED_PRODUCT_CATEGORY('part',$,(#6322));
#6341 = SHAPE_DEFINITION_REPRESENTATION(#6342,#6348);
#6342 = PRODUCT_DEFINITION_SHAPE('','',#6343);
#6343 = PRODUCT_DEFINITION('design','',#6344,#6347);
#6344 = PRODUCT_DEFINITION_FORMATION('','',#6345);
#6345 = PRODUCT('R179~R0402~R0402_L1.0-W0.5-H0.4~5ZeZ',
  'R179~R0402~R0402_L1.0-W0.5-H0.4~5ZeZ','',(#6346));
#6346 = PRODUCT_CONTEXT('',#2,'mechanical');
#6347 = PRODUCT_DEFINITION_CONTEXT('part definition',#2,'design');
#6348 = ADVANCED_BREP_SHAPE_REPRESENTATION('',(#11,#6349),#6487);
#6349 = MANIFOLD_SOLID_BREP('',#6350);
#6350 = CLOSED_SHELL('',(#6351,#6387,#6423,#6443,#6463,#6475));
#6351 = ADVANCED_FACE('',(#6352),#6382,.F.);
#6352 = FACE_BOUND('',#6353,.F.);
#6353 = EDGE_LOOP('',(#6354,#6363,#6370,#6377));
#6354 = ORIENTED_EDGE('',*,*,#6355,.F.);
#6355 = EDGE_CURVE('',#6356,#6358,#6360,.T.);
#6356 = VERTEX_POINT('',#6357);
#6357 = CARTESIAN_POINT('',(-0.5,-0.25,0.));
#6358 = VERTEX_POINT('',#6359);
#6359 = CARTESIAN_POINT('',(-0.5,-0.25,0.762001524003));
#6360 = B_SPLINE_CURVE_WITH_KNOTS('',1,(#6361,#6362),.UNSPECIFIED.,.F.,
  .F.,(2,2),(0.,0.762001524003),.PIECEWISE_BEZIER_KNOTS.);
#6361 = CARTESIAN_POINT('',(-0.5,-0.25,0.));
#6362 = CARTESIAN_POINT('',(-0.5,-0.25,0.762001524003));
#6363 = ORIENTED_EDGE('',*,*,#6364,.T.);
#6364 = EDGE_CURVE('',#6356,#6365,#6367,.T.);
#6365 = VERTEX_POINT('',#6366);
#6366 = CARTESIAN_POINT('',(-0.5,0.25,0.));
#6367 = B_SPLINE_CURVE_WITH_KNOTS('',1,(#6368,#6369),.UNSPECIFIED.,.F.,
  .F.,(2,2),(0.,0.762001524003),.PIECEWISE_BEZIER_KNOTS.);
#6368 = CARTESIAN_POINT('',(-0.5,-0.25,0.));
#6369 = CARTESIAN_POINT('',(-0.5,0.25,0.));
#6370 = ORIENTED_EDGE('',*,*,#6371,.T.);
#6371 = EDGE_CURVE('',#6365,#6372,#6374,.T.);
#6372 = VERTEX_POINT('',#6373);
#6373 = CARTESIAN_POINT('',(-0.5,0.25,0.762001524003));
#6374 = B_SPLINE_CURVE_WITH_KNOTS('',1,(#6375,#6376),.UNSPECIFIED.,.F.,
  .F.,(2,2),(0.,0.762001524003),.PIECEWISE_BEZIER_KNOTS.);
#6375 = CARTESIAN_POINT('',(-0.5,0.25,0.));
#6376 = CARTESIAN_POINT('',(-0.5,0.25,0.762001524003));
#6377 = ORIENTED_EDGE('',*,*,#6378,.F.);
#6378 = EDGE_CURVE('',#6358,#6372,#6379,.T.);
#6379 = B_SPLINE_CURVE_WITH_KNOTS('',1,(#6380,#6381),.UNSPECIFIED.,.F.,
  .F.,(2,2),(0.,0.762001524003),.PIECEWISE_BEZIER_KNOTS.);
#6380 = CARTESIAN_POINT('',(-0.5,-0.25,0.762001524003));
#6381 = CARTESIAN_POINT('',(-0.5,0.25,0.762001524003));
#6382 = B_SPLINE_SURFACE_WITH_KNOTS('',1,1,(
    (#6383,#6384)
    ,(#6385,#6386
    )),.UNSPECIFIED.,.F.,.F.,.F.,(2,2),(2,2),(0.,0.762001524003),(
    -0.762001524003,0.),.PIECEWISE_BEZIER_KNOTS.);
#6383 = CARTESIAN_POINT('',(-0.5,0.25,0.));
#6384 = CARTESIAN_POINT('',(-0.5,-0.25,0.));
#6385 = CARTESIAN_POINT('',(-0.5,0.25,0.762001524003));
#6386 = CARTESIAN_POINT('',(-0.5,-0.25,0.762001524003));
#6387 = ADVANCED_FACE('',(#6388),#6418,.T.);
#6388 = FACE_BOUND('',#6389,.T.);
#6389 = EDGE_LOOP('',(#6390,#6399,#6406,#6413));
#6390 = ORIENTED_EDGE('',*,*,#6391,.F.);
#6391 = EDGE_CURVE('',#6392,#6394,#6396,.T.);
#6392 = VERTEX_POINT('',#6393);
#6393 = CARTESIAN_POINT('',(0.5,-0.25,0.));
#6394 = VERTEX_POINT('',#6395);
#6395 = CARTESIAN_POINT('',(0.5,-0.25,0.762001524003));
#6396 = B_SPLINE_CURVE_WITH_KNOTS('',1,(#6397,#6398),.UNSPECIFIED.,.F.,
  .F.,(2,2),(0.,0.762001524003),.PIECEWISE_BEZIER_KNOTS.);
#6397 = CARTESIAN_POINT('',(0.5,-0.25,0.));
#6398 = CARTESIAN_POINT('',(0.5,-0.25,0.762001524003));
#6399 = ORIENTED_EDGE('',*,*,#6400,.T.);
#6400 = EDGE_CURVE('',#6392,#6401,#6403,.T.);
#6401 = VERTEX_POINT('',#6402);
#6402 = CARTESIAN_POINT('',(0.5,0.25,0.));
#6403 = B_SPLINE_CURVE_WITH_KNOTS('',1,(#6404,#6405),.UNSPECIFIED.,.F.,
  .F.,(2,2),(0.,0.762001524003),.PIECEWISE_BEZIER_KNOTS.);
#6404 = CARTESIAN_POINT('',(0.5,-0.25,0.));
#6405 = CARTESIAN_POINT('',(0.5,0.25,0.));
#6406 = ORIENTED_EDGE('',*,*,#6407,.T.);
#6407 = EDGE_CURVE('',#6401,#6408,#6410,.T.);
#6408 = VERTEX_POINT('',#6409);
#6409 = CARTESIAN_POINT('',(0.5,0.25,0.762001524003));
#6410 = B_SPLINE_CURVE_WITH_KNOTS('',1,(#6411,#6412),.UNSPECIFIED.,.F.,
  .F.,(2,2),(0.,0.762001524003),.PIECEWISE_BEZIER_KNOTS.);
#6411 = CARTESIAN_POINT('',(0.5,0.25,0.));
#6412 = CARTESIAN_POINT('',(0.5,0.25,0.762001524003));
#6413 = ORIENTED_EDGE('',*,*,#6414,.F.);
#6414 = EDGE_CURVE('',#6394,#6408,#6415,.T.);
#6415 = B_SPLINE_CURVE_WITH_KNOTS('',1,(#6416,#6417),.UNSPECIFIED.,.F.,
  .F.,(2,2),(0.,0.762001524003),.PIECEWISE_BEZIER_KNOTS.);
#6416 = CARTESIAN_POINT('',(0.5,-0.25,0.762001524003));
#6417 = CARTESIAN_POINT('',(0.5,0.25,0.762001524003));
#6418 = B_SPLINE_SURFACE_WITH_KNOTS('',1,1,(
    (#6419,#6420)
    ,(#6421,#6422
    )),.UNSPECIFIED.,.F.,.F.,.F.,(2,2),(2,2),(0.,0.762001524003),(
    -0.762001524003,0.),.PIECEWISE_BEZIER_KNOTS.);
#6419 = CARTESIAN_POINT('',(0.5,0.25,0.));
#6420 = CARTESIAN_POINT('',(0.5,-0.25,0.));
#6421 = CARTESIAN_POINT('',(0.5,0.25,0.762001524003));
#6422 = CARTESIAN_POINT('',(0.5,-0.25,0.762001524003));
#6423 = ADVANCED_FACE('',(#6424),#6438,.F.);
#6424 = FACE_BOUND('',#6425,.F.);
#6425 = EDGE_LOOP('',(#6426,#6431,#6432,#6437));
#6426 = ORIENTED_EDGE('',*,*,#6427,.F.);
#6427 = EDGE_CURVE('',#6356,#6392,#6428,.T.);
#6428 = B_SPLINE_CURVE_WITH_KNOTS('',1,(#6429,#6430),.UNSPECIFIED.,.F.,
  .F.,(2,2),(0.,0.762001524003),.PIECEWISE_BEZIER_KNOTS.);
#6429 = CARTESIAN_POINT('',(-0.5,-0.25,0.));
#6430 = CARTESIAN_POINT('',(0.5,-0.25,0.));
#6431 = ORIENTED_EDGE('',*,*,#6355,.T.);
#6432 = ORIENTED_EDGE('',*,*,#6433,.T.);
#6433 = EDGE_CURVE('',#6358,#6394,#6434,.T.);
#6434 = B_SPLINE_CURVE_WITH_KNOTS('',1,(#6435,#6436),.UNSPECIFIED.,.F.,
  .F.,(2,2),(0.,0.762001524003),.PIECEWISE_BEZIER_KNOTS.);
#6435 = CARTESIAN_POINT('',(-0.5,-0.25,0.762001524003));
#6436 = CARTESIAN_POINT('',(0.5,-0.25,0.762001524003));
#6437 = ORIENTED_EDGE('',*,*,#6391,.F.);
#6438 = B_SPLINE_SURFACE_WITH_KNOTS('',1,1,(
    (#6439,#6440)
    ,(#6441,#6442
    )),.UNSPECIFIED.,.F.,.F.,.F.,(2,2),(2,2),(0.,0.762001524003),(0.,
    0.762001524003),.PIECEWISE_BEZIER_KNOTS.);
#6439 = CARTESIAN_POINT('',(-0.5,-0.25,0.));
#6440 = CARTESIAN_POINT('',(0.5,-0.25,0.));
#6441 = CARTESIAN_POINT('',(-0.5,-0.25,0.762001524003));
#6442 = CARTESIAN_POINT('',(0.5,-0.25,0.762001524003));
#6443 = ADVANCED_FACE('',(#6444),#6458,.T.);
#6444 = FACE_BOUND('',#6445,.T.);
#6445 = EDGE_LOOP('',(#6446,#6451,#6452,#6457));
#6446 = ORIENTED_EDGE('',*,*,#6447,.F.);
#6447 = EDGE_CURVE('',#6365,#6401,#6448,.T.);
#6448 = B_SPLINE_CURVE_WITH_KNOTS('',1,(#6449,#6450),.UNSPECIFIED.,.F.,
  .F.,(2,2),(0.,0.762001524003),.PIECEWISE_BEZIER_KNOTS.);
#6449 = CARTESIAN_POINT('',(-0.5,0.25,0.));
#6450 = CARTESIAN_POINT('',(0.5,0.25,0.));
#6451 = ORIENTED_EDGE('',*,*,#6371,.T.);
#6452 = ORIENTED_EDGE('',*,*,#6453,.T.);
#6453 = EDGE_CURVE('',#6372,#6408,#6454,.T.);
#6454 = B_SPLINE_CURVE_WITH_KNOTS('',1,(#6455,#6456),.UNSPECIFIED.,.F.,
  .F.,(2,2),(0.,0.762001524003),.PIECEWISE_BEZIER_KNOTS.);
#6455 = CARTESIAN_POINT('',(-0.5,0.25,0.762001524003));
#6456 = CARTESIAN_POINT('',(0.5,0.25,0.762001524003));
#6457 = ORIENTED_EDGE('',*,*,#6407,.F.);
#6458 = B_SPLINE_SURFACE_WITH_KNOTS('',1,1,(
    (#6459,#6460)
    ,(#6461,#6462
    )),.UNSPECIFIED.,.F.,.F.,.F.,(2,2),(2,2),(0.,0.762001524003),(0.,
    0.762001524003),.PIECEWISE_BEZIER_KNOTS.);
#6459 = CARTESIAN_POINT('',(-0.5,0.25,0.));
#6460 = CARTESIAN_POINT('',(0.5,0.25,0.));
#6461 = CARTESIAN_POINT('',(-0.5,0.25,0.762001524003));
#6462 = CARTESIAN_POINT('',(0.5,0.25,0.762001524003));
#6463 = ADVANCED_FACE('',(#6464),#6470,.F.);
#6464 = FACE_BOUND('',#6465,.F.);
#6465 = EDGE_LOOP('',(#6466,#6467,#6468,#6469));
#6466 = ORIENTED_EDGE('',*,*,#6364,.F.);
#6467 = ORIENTED_EDGE('',*,*,#6427,.T.);
#6468 = ORIENTED_EDGE('',*,*,#6400,.T.);
#6469 = ORIENTED_EDGE('',*,*,#6447,.F.);
#6470 = B_SPLINE_SURFACE_WITH_KNOTS('',1,1,(
    (#6471,#6472)
    ,(#6473,#6474
    )),.UNSPECIFIED.,.F.,.F.,.F.,(2,2),(2,2),(0.,0.762001524003),(0.,
    0.762001524003),.PIECEWISE_BEZIER_KNOTS.);
#6471 = CARTESIAN_POINT('',(-0.5,-0.25,0.));
#6472 = CARTESIAN_POINT('',(-0.5,0.25,0.));
#6473 = CARTESIAN_POINT('',(0.5,-0.25,0.));
#6474 = CARTESIAN_POINT('',(0.5,0.25,0.));
#6475 = ADVANCED_FACE('',(#6476),#6482,.T.);
#6476 = FACE_BOUND('',#6477,.T.);
#6477 = EDGE_LOOP('',(#6478,#6479,#6480,#6481));
#6478 = ORIENTED_EDGE('',*,*,#6378,.F.);
#6479 = ORIENTED_EDGE('',*,*,#6433,.T.);
#6480 = ORIENTED_EDGE('',*,*,#6414,.T.);
#6481 = ORIENTED_EDGE('',*,*,#6453,.F.);
#6482 = B_SPLINE_SURFACE_WITH_KNOTS('',1,1,(
    (#6483,#6484)
    ,(#6485,#6486
    )),.UNSPECIFIED.,.F.,.F.,.F.,(2,2),(2,2),(0.,0.762001524003),(0.,
    0.762001524003),.PIECEWISE_BEZIER_KNOTS.);
#6483 = CARTESIAN_POINT('',(-0.5,-0.25,0.762001524003));
#6484 = CARTESIAN_POINT('',(-0.5,0.25,0.762001524003));
#6485 = CARTESIAN_POINT('',(0.5,-0.25,0.762001524003));
#6486 = CARTESIAN_POINT('',(0.5,0.25,0.762001524003));
#6487 = ( GEOMETRIC_REPRESENTATION_CONTEXT(3) 
GLOBAL_UNCERTAINTY_ASSIGNED_CONTEXT((#6491)) 
GLOBAL_UNIT_ASSIGNED_CONTEXT((#6488,#6489,#6490)) REPRESENTATION_CONTEXT
('Context #1','3D Context with UNIT and UNCERTAINTY') );
#6488 = ( LENGTH_UNIT() NAMED_UNIT(*) SI_UNIT(.MILLI.,.METRE.) );
#6489 = ( NAMED_UNIT(*) PLANE_ANGLE_UNIT() SI_UNIT($,.RADIAN.) );
#6490 = ( NAMED_UNIT(*) SI_UNIT($,.STERADIAN.) SOLID_ANGLE_UNIT() );
#6491 = UNCERTAINTY_MEASURE_WITH_UNIT(LENGTH_MEASURE(1.E-07),#6488,
  'distance_accuracy_value','confusion accuracy');
#6492 = CONTEXT_DEPENDENT_SHAPE_REPRESENTATION(#6493,#6495);
#6493 = ( REPRESENTATION_RELATIONSHIP('','',#6348,#6325) 
REPRESENTATION_RELATIONSHIP_WITH_TRANSFORMATION(#6494) 
SHAPE_REPRESENTATION_RELATIONSHIP() );
#6494 = ITEM_DEFINED_TRANSFORMATION('','',#11,#6326);
#6495 = PRODUCT_DEFINITION_SHAPE('Placement','Placement of an item',
  #6496);
#6496 = NEXT_ASSEMBLY_USAGE_OCCURRENCE('30','=>[0:1:1:25]','',#6320,
  #6343,$);
#6497 = PRODUCT_RELATED_PRODUCT_CATEGORY('part',$,(#6345));
#6498 = CONTEXT_DEPENDENT_SHAPE_REPRESENTATION(#6499,#6501);
#6499 = ( REPRESENTATION_RELATIONSHIP('','',#6348,#10) 
REPRESENTATION_RELATIONSHIP_WITH_TRANSFORMATION(#6500) 
SHAPE_REPRESENTATION_RELATIONSHIP() );
#6500 = ITEM_DEFINED_TRANSFORMATION('','',#11,#99);
#6501 = PRODUCT_DEFINITION_SHAPE('Placement','Placement of an item',
  #6502);
#6502 = NEXT_ASSEMBLY_USAGE_OCCURRENCE('32','=>[0:1:1:25]','',#5,#6343,$
  );
#6503 = CONTEXT_DEPENDENT_SHAPE_REPRESENTATION(#6504,#6506);
#6504 = ( REPRESENTATION_RELATIONSHIP('','',#6348,#10) 
REPRESENTATION_RELATIONSHIP_WITH_TRANSFORMATION(#6505) 
SHAPE_REPRESENTATION_RELATIONSHIP() );
#6505 = ITEM_DEFINED_TRANSFORMATION('','',#11,#103);
#6506 = PRODUCT_DEFINITION_SHAPE('Placement','Placement of an item',
  #6507);
#6507 = NEXT_ASSEMBLY_USAGE_OCCURRENCE('33','=>[0:1:1:25]','',#5,#6343,$
  );
#6508 = CONTEXT_DEPENDENT_SHAPE_REPRESENTATION(#6509,#6511);
#6509 = ( REPRESENTATION_RELATIONSHIP('','',#6348,#10) 
REPRESENTATION_RELATIONSHIP_WITH_TRANSFORMATION(#6510) 
SHAPE_REPRESENTATION_RELATIONSHIP() );
#6510 = ITEM_DEFINED_TRANSFORMATION('','',#11,#107);
#6511 = PRODUCT_DEFINITION_SHAPE('Placement','Placement of an item',
  #6512);
#6512 = NEXT_ASSEMBLY_USAGE_OCCURRENCE('34','=>[0:1:1:25]','',#5,#6343,$
  );
#6513 = CONTEXT_DEPENDENT_SHAPE_REPRESENTATION(#6514,#6516);
#6514 = ( REPRESENTATION_RELATIONSHIP('','',#6348,#10) 
REPRESENTATION_RELATIONSHIP_WITH_TRANSFORMATION(#6515) 
SHAPE_REPRESENTATION_RELATIONSHIP() );
#6515 = ITEM_DEFINED_TRANSFORMATION('','',#11,#111);
#6516 = PRODUCT_DEFINITION_SHAPE('Placement','Placement of an item',
  #6517);
#6517 = NEXT_ASSEMBLY_USAGE_OCCURRENCE('35','=>[0:1:1:25]','',#5,#6343,$
  );
#6518 = CONTEXT_DEPENDENT_SHAPE_REPRESENTATION(#6519,#6521);
#6519 = ( REPRESENTATION_RELATIONSHIP('','',#6348,#10) 
REPRESENTATION_RELATIONSHIP_WITH_TRANSFORMATION(#6520) 
SHAPE_REPRESENTATION_RELATIONSHIP() );
#6520 = ITEM_DEFINED_TRANSFORMATION('','',#11,#115);
#6521 = PRODUCT_DEFINITION_SHAPE('Placement','Placement of an item',
  #6522);
#6522 = NEXT_ASSEMBLY_USAGE_OCCURRENCE('36','=>[0:1:1:25]','',#5,#6343,$
  );
#6523 = CONTEXT_DEPENDENT_SHAPE_REPRESENTATION(#6524,#6526);
#6524 = ( REPRESENTATION_RELATIONSHIP('','',#6348,#10) 
REPRESENTATION_RELATIONSHIP_WITH_TRANSFORMATION(#6525) 
SHAPE_REPRESENTATION_RELATIONSHIP() );
#6525 = ITEM_DEFINED_TRANSFORMATION('','',#11,#119);
#6526 = PRODUCT_DEFINITION_SHAPE('Placement','Placement of an item',
  #6527);
#6527 = NEXT_ASSEMBLY_USAGE_OCCURRENCE('37','=>[0:1:1:25]','',#5,#6343,$
  );
#6528 = CONTEXT_DEPENDENT_SHAPE_REPRESENTATION(#6529,#6531);
#6529 = ( REPRESENTATION_RELATIONSHIP('','',#6348,#10) 
REPRESENTATION_RELATIONSHIP_WITH_TRANSFORMATION(#6530) 
SHAPE_REPRESENTATION_RELATIONSHIP() );
#6530 = ITEM_DEFINED_TRANSFORMATION('','',#11,#123);
#6531 = PRODUCT_DEFINITION_SHAPE('Placement','Placement of an item',
  #6532);
#6532 = NEXT_ASSEMBLY_USAGE_OCCURRENCE('38','=>[0:1:1:25]','',#5,#6343,$
  );
#6533 = CONTEXT_DEPENDENT_SHAPE_REPRESENTATION(#6534,#6536);
#6534 = ( REPRESENTATION_RELATIONSHIP('','',#6348,#10) 
REPRESENTATION_RELATIONSHIP_WITH_TRANSFORMATION(#6535) 
SHAPE_REPRESENTATION_RELATIONSHIP() );
#6535 = ITEM_DEFINED_TRANSFORMATION('','',#11,#127);
#6536 = PRODUCT_DEFINITION_SHAPE('Placement','Placement of an item',
  #6537);
#6537 = NEXT_ASSEMBLY_USAGE_OCCURRENCE('39','=>[0:1:1:25]','',#5,#6343,$
  );
#6538 = CONTEXT_DEPENDENT_SHAPE_REPRESENTATION(#6539,#6541);
#6539 = ( REPRESENTATION_RELATIONSHIP('','',#6348,#10) 
REPRESENTATION_RELATIONSHIP_WITH_TRANSFORMATION(#6540) 
SHAPE_REPRESENTATION_RELATIONSHIP() );
#6540 = ITEM_DEFINED_TRANSFORMATION('','',#11,#131);
#6541 = PRODUCT_DEFINITION_SHAPE('Placement','Placement of an item',
  #6542);
#6542 = NEXT_ASSEMBLY_USAGE_OCCURRENCE('40','=>[0:1:1:25]','',#5,#6343,$
  );
#6543 = CONTEXT_DEPENDENT_SHAPE_REPRESENTATION(#6544,#6546);
#6544 = ( REPRESENTATION_RELATIONSHIP('','',#6348,#10) 
REPRESENTATION_RELATIONSHIP_WITH_TRANSFORMATION(#6545) 
SHAPE_REPRESENTATION_RELATIONSHIP() );
#6545 = ITEM_DEFINED_TRANSFORMATION('','',#11,#135);
#6546 = PRODUCT_DEFINITION_SHAPE('Placement','Placement of an item',
  #6547);
#6547 = NEXT_ASSEMBLY_USAGE_OCCURRENCE('41','=>[0:1:1:25]','',#5,#6343,$
  );
#6548 = CONTEXT_DEPENDENT_SHAPE_REPRESENTATION(#6549,#6551);
#6549 = ( REPRESENTATION_RELATIONSHIP('','',#6348,#10) 
REPRESENTATION_RELATIONSHIP_WITH_TRANSFORMATION(#6550) 
SHAPE_REPRESENTATION_RELATIONSHIP() );
#6550 = ITEM_DEFINED_TRANSFORMATION('','',#11,#139);
#6551 = PRODUCT_DEFINITION_SHAPE('Placement','Placement of an item',
  #6552);
#6552 = NEXT_ASSEMBLY_USAGE_OCCURRENCE('42','=>[0:1:1:25]','',#5,#6343,$
  );
#6553 = CONTEXT_DEPENDENT_SHAPE_REPRESENTATION(#6554,#6556);
#6554 = ( REPRESENTATION_RELATIONSHIP('','',#6348,#10) 
REPRESENTATION_RELATIONSHIP_WITH_TRANSFORMATION(#6555) 
SHAPE_REPRESENTATION_RELATIONSHIP() );
#6555 = ITEM_DEFINED_TRANSFORMATION('','',#11,#143);
#6556 = PRODUCT_DEFINITION_SHAPE('Placement','Placement of an item',
  #6557);
#6557 = NEXT_ASSEMBLY_USAGE_OCCURRENCE('43','=>[0:1:1:25]','',#5,#6343,$
  );
#6558 = CONTEXT_DEPENDENT_SHAPE_REPRESENTATION(#6559,#6561);
#6559 = ( REPRESENTATION_RELATIONSHIP('','',#6348,#10) 
REPRESENTATION_RELATIONSHIP_WITH_TRANSFORMATION(#6560) 
SHAPE_REPRESENTATION_RELATIONSHIP() );
#6560 = ITEM_DEFINED_TRANSFORMATION('','',#11,#147);
#6561 = PRODUCT_DEFINITION_SHAPE('Placement','Placement of an item',
  #6562);
#6562 = NEXT_ASSEMBLY_USAGE_OCCURRENCE('44','=>[0:1:1:25]','',#5,#6343,$
  );
#6563 = CONTEXT_DEPENDENT_SHAPE_REPRESENTATION(#6564,#6566);
#6564 = ( REPRESENTATION_RELATIONSHIP('','',#6348,#10) 
REPRESENTATION_RELATIONSHIP_WITH_TRANSFORMATION(#6565) 
SHAPE_REPRESENTATION_RELATIONSHIP() );
#6565 = ITEM_DEFINED_TRANSFORMATION('','',#11,#151);
#6566 = PRODUCT_DEFINITION_SHAPE('Placement','Placement of an item',
  #6567);
#6567 = NEXT_ASSEMBLY_USAGE_OCCURRENCE('45','=>[0:1:1:25]','',#5,#6343,$
  );
#6568 = CONTEXT_DEPENDENT_SHAPE_REPRESENTATION(#6569,#6571);
#6569 = ( REPRESENTATION_RELATIONSHIP('','',#6348,#10) 
REPRESENTATION_RELATIONSHIP_WITH_TRANSFORMATION(#6570) 
SHAPE_REPRESENTATION_RELATIONSHIP() );
#6570 = ITEM_DEFINED_TRANSFORMATION('','',#11,#155);
#6571 = PRODUCT_DEFINITION_SHAPE('Placement','Placement of an item',
  #6572);
#6572 = NEXT_ASSEMBLY_USAGE_OCCURRENCE('46','=>[0:1:1:25]','',#5,#6343,$
  );
#6573 = CONTEXT_DEPENDENT_SHAPE_REPRESENTATION(#6574,#6576);
#6574 = ( REPRESENTATION_RELATIONSHIP('','',#6348,#10) 
REPRESENTATION_RELATIONSHIP_WITH_TRANSFORMATION(#6575) 
SHAPE_REPRESENTATION_RELATIONSHIP() );
#6575 = ITEM_DEFINED_TRANSFORMATION('','',#11,#159);
#6576 = PRODUCT_DEFINITION_SHAPE('Placement','Placement of an item',
  #6577);
#6577 = NEXT_ASSEMBLY_USAGE_OCCURRENCE('47','=>[0:1:1:25]','',#5,#6343,$
  );
#6578 = CONTEXT_DEPENDENT_SHAPE_REPRESENTATION(#6579,#6581);
#6579 = ( REPRESENTATION_RELATIONSHIP('','',#6348,#10) 
REPRESENTATION_RELATIONSHIP_WITH_TRANSFORMATION(#6580) 
SHAPE_REPRESENTATION_RELATIONSHIP() );
#6580 = ITEM_DEFINED_TRANSFORMATION('','',#11,#163);
#6581 = PRODUCT_DEFINITION_SHAPE('Placement','Placement of an item',
  #6582);
#6582 = NEXT_ASSEMBLY_USAGE_OCCURRENCE('48','=>[0:1:1:25]','',#5,#6343,$
  );
#6583 = CONTEXT_DEPENDENT_SHAPE_REPRESENTATION(#6584,#6586);
#6584 = ( REPRESENTATION_RELATIONSHIP('','',#6348,#10) 
REPRESENTATION_RELATIONSHIP_WITH_TRANSFORMATION(#6585) 
SHAPE_REPRESENTATION_RELATIONSHIP() );
#6585 = ITEM_DEFINED_TRANSFORMATION('','',#11,#167);
#6586 = PRODUCT_DEFINITION_SHAPE('Placement','Placement of an item',
  #6587);
#6587 = NEXT_ASSEMBLY_USAGE_OCCURRENCE('49','=>[0:1:1:25]','',#5,#6343,$
  );
#6588 = CONTEXT_DEPENDENT_SHAPE_REPRESENTATION(#6589,#6591);
#6589 = ( REPRESENTATION_RELATIONSHIP('','',#6348,#10) 
REPRESENTATION_RELATIONSHIP_WITH_TRANSFORMATION(#6590) 
SHAPE_REPRESENTATION_RELATIONSHIP() );
#6590 = ITEM_DEFINED_TRANSFORMATION('','',#11,#171);
#6591 = PRODUCT_DEFINITION_SHAPE('Placement','Placement of an item',
  #6592);
#6592 = NEXT_ASSEMBLY_USAGE_OCCURRENCE('50','=>[0:1:1:25]','',#5,#6343,$
  );
#6593 = CONTEXT_DEPENDENT_SHAPE_REPRESENTATION(#6594,#6596);
#6594 = ( REPRESENTATION_RELATIONSHIP('','',#6348,#10) 
REPRESENTATION_RELATIONSHIP_WITH_TRANSFORMATION(#6595) 
SHAPE_REPRESENTATION_RELATIONSHIP() );
#6595 = ITEM_DEFINED_TRANSFORMATION('','',#11,#175);
#6596 = PRODUCT_DEFINITION_SHAPE('Placement','Placement of an item',
  #6597);
#6597 = NEXT_ASSEMBLY_USAGE_OCCURRENCE('51','=>[0:1:1:25]','',#5,#6343,$
  );
#6598 = CONTEXT_DEPENDENT_SHAPE_REPRESENTATION(#6599,#6601);
#6599 = ( REPRESENTATION_RELATIONSHIP('','',#6348,#10) 
REPRESENTATION_RELATIONSHIP_WITH_TRANSFORMATION(#6600) 
SHAPE_REPRESENTATION_RELATIONSHIP() );
#6600 = ITEM_DEFINED_TRANSFORMATION('','',#11,#179);
#6601 = PRODUCT_DEFINITION_SHAPE('Placement','Placement of an item',
  #6602);
#6602 = NEXT_ASSEMBLY_USAGE_OCCURRENCE('52','=>[0:1:1:25]','',#5,#6343,$
  );
#6603 = CONTEXT_DEPENDENT_SHAPE_REPRESENTATION(#6604,#6606);
#6604 = ( REPRESENTATION_RELATIONSHIP('','',#6348,#10) 
REPRESENTATION_RELATIONSHIP_WITH_TRANSFORMATION(#6605) 
SHAPE_REPRESENTATION_RELATIONSHIP() );
#6605 = ITEM_DEFINED_TRANSFORMATION('','',#11,#183);
#6606 = PRODUCT_DEFINITION_SHAPE('Placement','Placement of an item',
  #6607);
#6607 = NEXT_ASSEMBLY_USAGE_OCCURRENCE('53','=>[0:1:1:25]','',#5,#6343,$
  );
#6608 = CONTEXT_DEPENDENT_SHAPE_REPRESENTATION(#6609,#6611);
#6609 = ( REPRESENTATION_RELATIONSHIP('','',#6348,#10) 
REPRESENTATION_RELATIONSHIP_WITH_TRANSFORMATION(#6610) 
SHAPE_REPRESENTATION_RELATIONSHIP() );
#6610 = ITEM_DEFINED_TRANSFORMATION('','',#11,#187);
#6611 = PRODUCT_DEFINITION_SHAPE('Placement','Placement of an item',
  #6612);
#6612 = NEXT_ASSEMBLY_USAGE_OCCURRENCE('54','=>[0:1:1:25]','',#5,#6343,$
  );
#6613 = CONTEXT_DEPENDENT_SHAPE_REPRESENTATION(#6614,#6616);
#6614 = ( REPRESENTATION_RELATIONSHIP('','',#6348,#10) 
REPRESENTATION_RELATIONSHIP_WITH_TRANSFORMATION(#6615) 
SHAPE_REPRESENTATION_RELATIONSHIP() );
#6615 = ITEM_DEFINED_TRANSFORMATION('','',#11,#191);
#6616 = PRODUCT_DEFINITION_SHAPE('Placement','Placement of an item',
  #6617);
#6617 = NEXT_ASSEMBLY_USAGE_OCCURRENCE('55','=>[0:1:1:25]','',#5,#6343,$
  );
#6618 = CONTEXT_DEPENDENT_SHAPE_REPRESENTATION(#6619,#6621);
#6619 = ( REPRESENTATION_RELATIONSHIP('','',#6348,#10) 
REPRESENTATION_RELATIONSHIP_WITH_TRANSFORMATION(#6620) 
SHAPE_REPRESENTATION_RELATIONSHIP() );
#6620 = ITEM_DEFINED_TRANSFORMATION('','',#11,#195);
#6621 = PRODUCT_DEFINITION_SHAPE('Placement','Placement of an item',
  #6622);
#6622 = NEXT_ASSEMBLY_USAGE_OCCURRENCE('56','=>[0:1:1:25]','',#5,#6343,$
  );
#6623 = CONTEXT_DEPENDENT_SHAPE_REPRESENTATION(#6624,#6626);
#6624 = ( REPRESENTATION_RELATIONSHIP('','',#6348,#10) 
REPRESENTATION_RELATIONSHIP_WITH_TRANSFORMATION(#6625) 
SHAPE_REPRESENTATION_RELATIONSHIP() );
#6625 = ITEM_DEFINED_TRANSFORMATION('','',#11,#199);
#6626 = PRODUCT_DEFINITION_SHAPE('Placement','Placement of an item',
  #6627);
#6627 = NEXT_ASSEMBLY_USAGE_OCCURRENCE('57','=>[0:1:1:25]','',#5,#6343,$
  );
#6628 = CONTEXT_DEPENDENT_SHAPE_REPRESENTATION(#6629,#6631);
#6629 = ( REPRESENTATION_RELATIONSHIP('','',#6348,#10) 
REPRESENTATION_RELATIONSHIP_WITH_TRANSFORMATION(#6630) 
SHAPE_REPRESENTATION_RELATIONSHIP() );
#6630 = ITEM_DEFINED_TRANSFORMATION('','',#11,#203);
#6631 = PRODUCT_DEFINITION_SHAPE('Placement','Placement of an item',
  #6632);
#6632 = NEXT_ASSEMBLY_USAGE_OCCURRENCE('58','=>[0:1:1:25]','',#5,#6343,$
  );
#6633 = CONTEXT_DEPENDENT_SHAPE_REPRESENTATION(#6634,#6636);
#6634 = ( REPRESENTATION_RELATIONSHIP('','',#6348,#10) 
REPRESENTATION_RELATIONSHIP_WITH_TRANSFORMATION(#6635) 
SHAPE_REPRESENTATION_RELATIONSHIP() );
#6635 = ITEM_DEFINED_TRANSFORMATION('','',#11,#207);
#6636 = PRODUCT_DEFINITION_SHAPE('Placement','Placement of an item',
  #6637);
#6637 = NEXT_ASSEMBLY_USAGE_OCCURRENCE('59','=>[0:1:1:25]','',#5,#6343,$
  );
#6638 = CONTEXT_DEPENDENT_SHAPE_REPRESENTATION(#6639,#6641);
#6639 = ( REPRESENTATION_RELATIONSHIP('','',#6348,#10) 
REPRESENTATION_RELATIONSHIP_WITH_TRANSFORMATION(#6640) 
SHAPE_REPRESENTATION_RELATIONSHIP() );
#6640 = ITEM_DEFINED_TRANSFORMATION('','',#11,#211);
#6641 = PRODUCT_DEFINITION_SHAPE('Placement','Placement of an item',
  #6642);
#6642 = NEXT_ASSEMBLY_USAGE_OCCURRENCE('60','=>[0:1:1:25]','',#5,#6343,$
  );
#6643 = CONTEXT_DEPENDENT_SHAPE_REPRESENTATION(#6644,#6646);
#6644 = ( REPRESENTATION_RELATIONSHIP('','',#6348,#10) 
REPRESENTATION_RELATIONSHIP_WITH_TRANSFORMATION(#6645) 
SHAPE_REPRESENTATION_RELATIONSHIP() );
#6645 = ITEM_DEFINED_TRANSFORMATION('','',#11,#215);
#6646 = PRODUCT_DEFINITION_SHAPE('Placement','Placement of an item',
  #6647);
#6647 = NEXT_ASSEMBLY_USAGE_OCCURRENCE('61','=>[0:1:1:25]','',#5,#6343,$
  );
#6648 = CONTEXT_DEPENDENT_SHAPE_REPRESENTATION(#6649,#6651);
#6649 = ( REPRESENTATION_RELATIONSHIP('','',#6348,#10) 
REPRESENTATION_RELATIONSHIP_WITH_TRANSFORMATION(#6650) 
SHAPE_REPRESENTATION_RELATIONSHIP() );
#6650 = ITEM_DEFINED_TRANSFORMATION('','',#11,#219);
#6651 = PRODUCT_DEFINITION_SHAPE('Placement','Placement of an item',
  #6652);
#6652 = NEXT_ASSEMBLY_USAGE_OCCURRENCE('62','=>[0:1:1:25]','',#5,#6343,$
  );
#6653 = CONTEXT_DEPENDENT_SHAPE_REPRESENTATION(#6654,#6656);
#6654 = ( REPRESENTATION_RELATIONSHIP('','',#6348,#10) 
REPRESENTATION_RELATIONSHIP_WITH_TRANSFORMATION(#6655) 
SHAPE_REPRESENTATION_RELATIONSHIP() );
#6655 = ITEM_DEFINED_TRANSFORMATION('','',#11,#223);
#6656 = PRODUCT_DEFINITION_SHAPE('Placement','Placement of an item',
  #6657);
#6657 = NEXT_ASSEMBLY_USAGE_OCCURRENCE('63','=>[0:1:1:25]','',#5,#6343,$
  );
#6658 = CONTEXT_DEPENDENT_SHAPE_REPRESENTATION(#6659,#6661);
#6659 = ( REPRESENTATION_RELATIONSHIP('','',#6348,#10) 
REPRESENTATION_RELATIONSHIP_WITH_TRANSFORMATION(#6660) 
SHAPE_REPRESENTATION_RELATIONSHIP() );
#6660 = ITEM_DEFINED_TRANSFORMATION('','',#11,#227);
#6661 = PRODUCT_DEFINITION_SHAPE('Placement','Placement of an item',
  #6662);
#6662 = NEXT_ASSEMBLY_USAGE_OCCURRENCE('64','=>[0:1:1:25]','',#5,#6343,$
  );
#6663 = CONTEXT_DEPENDENT_SHAPE_REPRESENTATION(#6664,#6666);
#6664 = ( REPRESENTATION_RELATIONSHIP('','',#6348,#10) 
REPRESENTATION_RELATIONSHIP_WITH_TRANSFORMATION(#6665) 
SHAPE_REPRESENTATION_RELATIONSHIP() );
#6665 = ITEM_DEFINED_TRANSFORMATION('','',#11,#231);
#6666 = PRODUCT_DEFINITION_SHAPE('Placement','Placement of an item',
  #6667);
#6667 = NEXT_ASSEMBLY_USAGE_OCCURRENCE('65','=>[0:1:1:25]','',#5,#6343,$
  );
#6668 = CONTEXT_DEPENDENT_SHAPE_REPRESENTATION(#6669,#6671);
#6669 = ( REPRESENTATION_RELATIONSHIP('','',#6348,#10) 
REPRESENTATION_RELATIONSHIP_WITH_TRANSFORMATION(#6670) 
SHAPE_REPRESENTATION_RELATIONSHIP() );
#6670 = ITEM_DEFINED_TRANSFORMATION('','',#11,#235);
#6671 = PRODUCT_DEFINITION_SHAPE('Placement','Placement of an item',
  #6672);
#6672 = NEXT_ASSEMBLY_USAGE_OCCURRENCE('66','=>[0:1:1:25]','',#5,#6343,$
  );
#6673 = CONTEXT_DEPENDENT_SHAPE_REPRESENTATION(#6674,#6676);
#6674 = ( REPRESENTATION_RELATIONSHIP('','',#6348,#10) 
REPRESENTATION_RELATIONSHIP_WITH_TRANSFORMATION(#6675) 
SHAPE_REPRESENTATION_RELATIONSHIP() );
#6675 = ITEM_DEFINED_TRANSFORMATION('','',#11,#239);
#6676 = PRODUCT_DEFINITION_SHAPE('Placement','Placement of an item',
  #6677);
#6677 = NEXT_ASSEMBLY_USAGE_OCCURRENCE('67','=>[0:1:1:25]','',#5,#6343,$
  );
#6678 = CONTEXT_DEPENDENT_SHAPE_REPRESENTATION(#6679,#6681);
#6679 = ( REPRESENTATION_RELATIONSHIP('','',#6348,#10) 
REPRESENTATION_RELATIONSHIP_WITH_TRANSFORMATION(#6680) 
SHAPE_REPRESENTATION_RELATIONSHIP() );
#6680 = ITEM_DEFINED_TRANSFORMATION('','',#11,#243);
#6681 = PRODUCT_DEFINITION_SHAPE('Placement','Placement of an item',
  #6682);
#6682 = NEXT_ASSEMBLY_USAGE_OCCURRENCE('68','=>[0:1:1:25]','',#5,#6343,$
  );
#6683 = CONTEXT_DEPENDENT_SHAPE_REPRESENTATION(#6684,#6686);
#6684 = ( REPRESENTATION_RELATIONSHIP('','',#6348,#10) 
REPRESENTATION_RELATIONSHIP_WITH_TRANSFORMATION(#6685) 
SHAPE_REPRESENTATION_RELATIONSHIP() );
#6685 = ITEM_DEFINED_TRANSFORMATION('','',#11,#247);
#6686 = PRODUCT_DEFINITION_SHAPE('Placement','Placement of an item',
  #6687);
#6687 = NEXT_ASSEMBLY_USAGE_OCCURRENCE('69','=>[0:1:1:25]','',#5,#6343,$
  );
#6688 = CONTEXT_DEPENDENT_SHAPE_REPRESENTATION(#6689,#6691);
#6689 = ( REPRESENTATION_RELATIONSHIP('','',#6348,#10) 
REPRESENTATION_RELATIONSHIP_WITH_TRANSFORMATION(#6690) 
SHAPE_REPRESENTATION_RELATIONSHIP() );
#6690 = ITEM_DEFINED_TRANSFORMATION('','',#11,#251);
#6691 = PRODUCT_DEFINITION_SHAPE('Placement','Placement of an item',
  #6692);
#6692 = NEXT_ASSEMBLY_USAGE_OCCURRENCE('70','=>[0:1:1:25]','',#5,#6343,$
  );
#6693 = CONTEXT_DEPENDENT_SHAPE_REPRESENTATION(#6694,#6696);
#6694 = ( REPRESENTATION_RELATIONSHIP('','',#6348,#10) 
REPRESENTATION_RELATIONSHIP_WITH_TRANSFORMATION(#6695) 
SHAPE_REPRESENTATION_RELATIONSHIP() );
#6695 = ITEM_DEFINED_TRANSFORMATION('','',#11,#255);
#6696 = PRODUCT_DEFINITION_SHAPE('Placement','Placement of an item',
  #6697);
#6697 = NEXT_ASSEMBLY_USAGE_OCCURRENCE('71','=>[0:1:1:25]','',#5,#6343,$
  );
#6698 = CONTEXT_DEPENDENT_SHAPE_REPRESENTATION(#6699,#6701);
#6699 = ( REPRESENTATION_RELATIONSHIP('','',#6348,#10) 
REPRESENTATION_RELATIONSHIP_WITH_TRANSFORMATION(#6700) 
SHAPE_REPRESENTATION_RELATIONSHIP() );
#6700 = ITEM_DEFINED_TRANSFORMATION('','',#11,#259);
#6701 = PRODUCT_DEFINITION_SHAPE('Placement','Placement of an item',
  #6702);
#6702 = NEXT_ASSEMBLY_USAGE_OCCURRENCE('72','=>[0:1:1:25]','',#5,#6343,$
  );
#6703 = CONTEXT_DEPENDENT_SHAPE_REPRESENTATION(#6704,#6706);
#6704 = ( REPRESENTATION_RELATIONSHIP('','',#6348,#10) 
REPRESENTATION_RELATIONSHIP_WITH_TRANSFORMATION(#6705) 
SHAPE_REPRESENTATION_RELATIONSHIP() );
#6705 = ITEM_DEFINED_TRANSFORMATION('','',#11,#263);
#6706 = PRODUCT_DEFINITION_SHAPE('Placement','Placement of an item',
  #6707);
#6707 = NEXT_ASSEMBLY_USAGE_OCCURRENCE('73','=>[0:1:1:25]','',#5,#6343,$
  );
#6708 = CONTEXT_DEPENDENT_SHAPE_REPRESENTATION(#6709,#6711);
#6709 = ( REPRESENTATION_RELATIONSHIP('','',#6348,#10) 
REPRESENTATION_RELATIONSHIP_WITH_TRANSFORMATION(#6710) 
SHAPE_REPRESENTATION_RELATIONSHIP() );
#6710 = ITEM_DEFINED_TRANSFORMATION('','',#11,#267);
#6711 = PRODUCT_DEFINITION_SHAPE('Placement','Placement of an item',
  #6712);
#6712 = NEXT_ASSEMBLY_USAGE_OCCURRENCE('74','=>[0:1:1:25]','',#5,#6343,$
  );
#6713 = CONTEXT_DEPENDENT_SHAPE_REPRESENTATION(#6714,#6716);
#6714 = ( REPRESENTATION_RELATIONSHIP('','',#6348,#10) 
REPRESENTATION_RELATIONSHIP_WITH_TRANSFORMATION(#6715) 
SHAPE_REPRESENTATION_RELATIONSHIP() );
#6715 = ITEM_DEFINED_TRANSFORMATION('','',#11,#271);
#6716 = PRODUCT_DEFINITION_SHAPE('Placement','Placement of an item',
  #6717);
#6717 = NEXT_ASSEMBLY_USAGE_OCCURRENCE('75','=>[0:1:1:25]','',#5,#6343,$
  );
#6718 = CONTEXT_DEPENDENT_SHAPE_REPRESENTATION(#6719,#6721);
#6719 = ( REPRESENTATION_RELATIONSHIP('','',#6348,#10) 
REPRESENTATION_RELATIONSHIP_WITH_TRANSFORMATION(#6720) 
SHAPE_REPRESENTATION_RELATIONSHIP() );
#6720 = ITEM_DEFINED_TRANSFORMATION('','',#11,#275);
#6721 = PRODUCT_DEFINITION_SHAPE('Placement','Placement of an item',
  #6722);
#6722 = NEXT_ASSEMBLY_USAGE_OCCURRENCE('76','=>[0:1:1:25]','',#5,#6343,$
  );
#6723 = CONTEXT_DEPENDENT_SHAPE_REPRESENTATION(#6724,#6726);
#6724 = ( REPRESENTATION_RELATIONSHIP('','',#6348,#10) 
REPRESENTATION_RELATIONSHIP_WITH_TRANSFORMATION(#6725) 
SHAPE_REPRESENTATION_RELATIONSHIP() );
#6725 = ITEM_DEFINED_TRANSFORMATION('','',#11,#279);
#6726 = PRODUCT_DEFINITION_SHAPE('Placement','Placement of an item',
  #6727);
#6727 = NEXT_ASSEMBLY_USAGE_OCCURRENCE('77','=>[0:1:1:25]','',#5,#6343,$
  );
#6728 = CONTEXT_DEPENDENT_SHAPE_REPRESENTATION(#6729,#6731);
#6729 = ( REPRESENTATION_RELATIONSHIP('','',#6348,#10) 
REPRESENTATION_RELATIONSHIP_WITH_TRANSFORMATION(#6730) 
SHAPE_REPRESENTATION_RELATIONSHIP() );
#6730 = ITEM_DEFINED_TRANSFORMATION('','',#11,#283);
#6731 = PRODUCT_DEFINITION_SHAPE('Placement','Placement of an item',
  #6732);
#6732 = NEXT_ASSEMBLY_USAGE_OCCURRENCE('78','=>[0:1:1:25]','',#5,#6343,$
  );
#6733 = CONTEXT_DEPENDENT_SHAPE_REPRESENTATION(#6734,#6736);
#6734 = ( REPRESENTATION_RELATIONSHIP('','',#6348,#10) 
REPRESENTATION_RELATIONSHIP_WITH_TRANSFORMATION(#6735) 
SHAPE_REPRESENTATION_RELATIONSHIP() );
#6735 = ITEM_DEFINED_TRANSFORMATION('','',#11,#287);
#6736 = PRODUCT_DEFINITION_SHAPE('Placement','Placement of an item',
  #6737);
#6737 = NEXT_ASSEMBLY_USAGE_OCCURRENCE('79','=>[0:1:1:25]','',#5,#6343,$
  );
#6738 = CONTEXT_DEPENDENT_SHAPE_REPRESENTATION(#6739,#6741);
#6739 = ( REPRESENTATION_RELATIONSHIP('','',#6348,#10) 
REPRESENTATION_RELATIONSHIP_WITH_TRANSFORMATION(#6740) 
SHAPE_REPRESENTATION_RELATIONSHIP() );
#6740 = ITEM_DEFINED_TRANSFORMATION('','',#11,#291);
#6741 = PRODUCT_DEFINITION_SHAPE('Placement','Placement of an item',
  #6742);
#6742 = NEXT_ASSEMBLY_USAGE_OCCURRENCE('80','=>[0:1:1:25]','',#5,#6343,$
  );
#6743 = CONTEXT_DEPENDENT_SHAPE_REPRESENTATION(#6744,#6746);
#6744 = ( REPRESENTATION_RELATIONSHIP('','',#6348,#10) 
REPRESENTATION_RELATIONSHIP_WITH_TRANSFORMATION(#6745) 
SHAPE_REPRESENTATION_RELATIONSHIP() );
#6745 = ITEM_DEFINED_TRANSFORMATION('','',#11,#295);
#6746 = PRODUCT_DEFINITION_SHAPE('Placement','Placement of an item',
  #6747);
#6747 = NEXT_ASSEMBLY_USAGE_OCCURRENCE('81','=>[0:1:1:25]','',#5,#6343,$
  );
#6748 = CONTEXT_DEPENDENT_SHAPE_REPRESENTATION(#6749,#6751);
#6749 = ( REPRESENTATION_RELATIONSHIP('','',#6348,#10) 
REPRESENTATION_RELATIONSHIP_WITH_TRANSFORMATION(#6750) 
SHAPE_REPRESENTATION_RELATIONSHIP() );
#6750 = ITEM_DEFINED_TRANSFORMATION('','',#11,#299);
#6751 = PRODUCT_DEFINITION_SHAPE('Placement','Placement of an item',
  #6752);
#6752 = NEXT_ASSEMBLY_USAGE_OCCURRENCE('82','=>[0:1:1:25]','',#5,#6343,$
  );
#6753 = CONTEXT_DEPENDENT_SHAPE_REPRESENTATION(#6754,#6756);
#6754 = ( REPRESENTATION_RELATIONSHIP('','',#6348,#10) 
REPRESENTATION_RELATIONSHIP_WITH_TRANSFORMATION(#6755) 
SHAPE_REPRESENTATION_RELATIONSHIP() );
#6755 = ITEM_DEFINED_TRANSFORMATION('','',#11,#303);
#6756 = PRODUCT_DEFINITION_SHAPE('Placement','Placement of an item',
  #6757);
#6757 = NEXT_ASSEMBLY_USAGE_OCCURRENCE('83','=>[0:1:1:25]','',#5,#6343,$
  );
#6758 = CONTEXT_DEPENDENT_SHAPE_REPRESENTATION(#6759,#6761);
#6759 = ( REPRESENTATION_RELATIONSHIP('','',#6348,#10) 
REPRESENTATION_RELATIONSHIP_WITH_TRANSFORMATION(#6760) 
SHAPE_REPRESENTATION_RELATIONSHIP() );
#6760 = ITEM_DEFINED_TRANSFORMATION('','',#11,#307);
#6761 = PRODUCT_DEFINITION_SHAPE('Placement','Placement of an item',
  #6762);
#6762 = NEXT_ASSEMBLY_USAGE_OCCURRENCE('84','=>[0:1:1:25]','',#5,#6343,$
  );
#6763 = CONTEXT_DEPENDENT_SHAPE_REPRESENTATION(#6764,#6766);
#6764 = ( REPRESENTATION_RELATIONSHIP('','',#6348,#10) 
REPRESENTATION_RELATIONSHIP_WITH_TRANSFORMATION(#6765) 
SHAPE_REPRESENTATION_RELATIONSHIP() );
#6765 = ITEM_DEFINED_TRANSFORMATION('','',#11,#311);
#6766 = PRODUCT_DEFINITION_SHAPE('Placement','Placement of an item',
  #6767);
#6767 = NEXT_ASSEMBLY_USAGE_OCCURRENCE('85','=>[0:1:1:25]','',#5,#6343,$
  );
#6768 = CONTEXT_DEPENDENT_SHAPE_REPRESENTATION(#6769,#6771);
#6769 = ( REPRESENTATION_RELATIONSHIP('','',#6348,#10) 
REPRESENTATION_RELATIONSHIP_WITH_TRANSFORMATION(#6770) 
SHAPE_REPRESENTATION_RELATIONSHIP() );
#6770 = ITEM_DEFINED_TRANSFORMATION('','',#11,#315);
#6771 = PRODUCT_DEFINITION_SHAPE('Placement','Placement of an item',
  #6772);
#6772 = NEXT_ASSEMBLY_USAGE_OCCURRENCE('86','=>[0:1:1:25]','',#5,#6343,$
  );
#6773 = CONTEXT_DEPENDENT_SHAPE_REPRESENTATION(#6774,#6776);
#6774 = ( REPRESENTATION_RELATIONSHIP('','',#6348,#10) 
REPRESENTATION_RELATIONSHIP_WITH_TRANSFORMATION(#6775) 
SHAPE_REPRESENTATION_RELATIONSHIP() );
#6775 = ITEM_DEFINED_TRANSFORMATION('','',#11,#319);
#6776 = PRODUCT_DEFINITION_SHAPE('Placement','Placement of an item',
  #6777);
#6777 = NEXT_ASSEMBLY_USAGE_OCCURRENCE('87','=>[0:1:1:25]','',#5,#6343,$
  );
#6778 = CONTEXT_DEPENDENT_SHAPE_REPRESENTATION(#6779,#6781);
#6779 = ( REPRESENTATION_RELATIONSHIP('','',#6348,#10) 
REPRESENTATION_RELATIONSHIP_WITH_TRANSFORMATION(#6780) 
SHAPE_REPRESENTATION_RELATIONSHIP() );
#6780 = ITEM_DEFINED_TRANSFORMATION('','',#11,#323);
#6781 = PRODUCT_DEFINITION_SHAPE('Placement','Placement of an item',
  #6782);
#6782 = NEXT_ASSEMBLY_USAGE_OCCURRENCE('88','=>[0:1:1:25]','',#5,#6343,$
  );
#6783 = CONTEXT_DEPENDENT_SHAPE_REPRESENTATION(#6784,#6786);
#6784 = ( REPRESENTATION_RELATIONSHIP('','',#6348,#10) 
REPRESENTATION_RELATIONSHIP_WITH_TRANSFORMATION(#6785) 
SHAPE_REPRESENTATION_RELATIONSHIP() );
#6785 = ITEM_DEFINED_TRANSFORMATION('','',#11,#327);
#6786 = PRODUCT_DEFINITION_SHAPE('Placement','Placement of an item',
  #6787);
#6787 = NEXT_ASSEMBLY_USAGE_OCCURRENCE('89','=>[0:1:1:25]','',#5,#6343,$
  );
#6788 = CONTEXT_DEPENDENT_SHAPE_REPRESENTATION(#6789,#6791);
#6789 = ( REPRESENTATION_RELATIONSHIP('','',#6348,#10) 
REPRESENTATION_RELATIONSHIP_WITH_TRANSFORMATION(#6790) 
SHAPE_REPRESENTATION_RELATIONSHIP() );
#6790 = ITEM_DEFINED_TRANSFORMATION('','',#11,#331);
#6791 = PRODUCT_DEFINITION_SHAPE('Placement','Placement of an item',
  #6792);
#6792 = NEXT_ASSEMBLY_USAGE_OCCURRENCE('90','=>[0:1:1:25]','',#5,#6343,$
  );
#6793 = CONTEXT_DEPENDENT_SHAPE_REPRESENTATION(#6794,#6796);
#6794 = ( REPRESENTATION_RELATIONSHIP('','',#6348,#10) 
REPRESENTATION_RELATIONSHIP_WITH_TRANSFORMATION(#6795) 
SHAPE_REPRESENTATION_RELATIONSHIP() );
#6795 = ITEM_DEFINED_TRANSFORMATION('','',#11,#335);
#6796 = PRODUCT_DEFINITION_SHAPE('Placement','Placement of an item',
  #6797);
#6797 = NEXT_ASSEMBLY_USAGE_OCCURRENCE('91','=>[0:1:1:25]','',#5,#6343,$
  );
#6798 = CONTEXT_DEPENDENT_SHAPE_REPRESENTATION(#6799,#6801);
#6799 = ( REPRESENTATION_RELATIONSHIP('','',#6348,#10) 
REPRESENTATION_RELATIONSHIP_WITH_TRANSFORMATION(#6800) 
SHAPE_REPRESENTATION_RELATIONSHIP() );
#6800 = ITEM_DEFINED_TRANSFORMATION('','',#11,#339);
#6801 = PRODUCT_DEFINITION_SHAPE('Placement','Placement of an item',
  #6802);
#6802 = NEXT_ASSEMBLY_USAGE_OCCURRENCE('92','=>[0:1:1:25]','',#5,#6343,$
  );
#6803 = CONTEXT_DEPENDENT_SHAPE_REPRESENTATION(#6804,#6806);
#6804 = ( REPRESENTATION_RELATIONSHIP('','',#6348,#10) 
REPRESENTATION_RELATIONSHIP_WITH_TRANSFORMATION(#6805) 
SHAPE_REPRESENTATION_RELATIONSHIP() );
#6805 = ITEM_DEFINED_TRANSFORMATION('','',#11,#343);
#6806 = PRODUCT_DEFINITION_SHAPE('Placement','Placement of an item',
  #6807);
#6807 = NEXT_ASSEMBLY_USAGE_OCCURRENCE('93','=>[0:1:1:25]','',#5,#6343,$
  );
#6808 = CONTEXT_DEPENDENT_SHAPE_REPRESENTATION(#6809,#6811);
#6809 = ( REPRESENTATION_RELATIONSHIP('','',#6348,#10) 
REPRESENTATION_RELATIONSHIP_WITH_TRANSFORMATION(#6810) 
SHAPE_REPRESENTATION_RELATIONSHIP() );
#6810 = ITEM_DEFINED_TRANSFORMATION('','',#11,#347);
#6811 = PRODUCT_DEFINITION_SHAPE('Placement','Placement of an item',
  #6812);
#6812 = NEXT_ASSEMBLY_USAGE_OCCURRENCE('94','=>[0:1:1:25]','',#5,#6343,$
  );
#6813 = CONTEXT_DEPENDENT_SHAPE_REPRESENTATION(#6814,#6816);
#6814 = ( REPRESENTATION_RELATIONSHIP('','',#6348,#10) 
REPRESENTATION_RELATIONSHIP_WITH_TRANSFORMATION(#6815) 
SHAPE_REPRESENTATION_RELATIONSHIP() );
#6815 = ITEM_DEFINED_TRANSFORMATION('','',#11,#351);
#6816 = PRODUCT_DEFINITION_SHAPE('Placement','Placement of an item',
  #6817);
#6817 = NEXT_ASSEMBLY_USAGE_OCCURRENCE('95','=>[0:1:1:25]','',#5,#6343,$
  );
#6818 = CONTEXT_DEPENDENT_SHAPE_REPRESENTATION(#6819,#6821);
#6819 = ( REPRESENTATION_RELATIONSHIP('','',#6348,#10) 
REPRESENTATION_RELATIONSHIP_WITH_TRANSFORMATION(#6820) 
SHAPE_REPRESENTATION_RELATIONSHIP() );
#6820 = ITEM_DEFINED_TRANSFORMATION('','',#11,#355);
#6821 = PRODUCT_DEFINITION_SHAPE('Placement','Placement of an item',
  #6822);
#6822 = NEXT_ASSEMBLY_USAGE_OCCURRENCE('96','=>[0:1:1:25]','',#5,#6343,$
  );
#6823 = CONTEXT_DEPENDENT_SHAPE_REPRESENTATION(#6824,#6826);
#6824 = ( REPRESENTATION_RELATIONSHIP('','',#6348,#10) 
REPRESENTATION_RELATIONSHIP_WITH_TRANSFORMATION(#6825) 
SHAPE_REPRESENTATION_RELATIONSHIP() );
#6825 = ITEM_DEFINED_TRANSFORMATION('','',#11,#359);
#6826 = PRODUCT_DEFINITION_SHAPE('Placement','Placement of an item',
  #6827);
#6827 = NEXT_ASSEMBLY_USAGE_OCCURRENCE('97','=>[0:1:1:25]','',#5,#6343,$
  );
#6828 = CONTEXT_DEPENDENT_SHAPE_REPRESENTATION(#6829,#6831);
#6829 = ( REPRESENTATION_RELATIONSHIP('','',#6348,#10) 
REPRESENTATION_RELATIONSHIP_WITH_TRANSFORMATION(#6830) 
SHAPE_REPRESENTATION_RELATIONSHIP() );
#6830 = ITEM_DEFINED_TRANSFORMATION('','',#11,#363);
#6831 = PRODUCT_DEFINITION_SHAPE('Placement','Placement of an item',
  #6832);
#6832 = NEXT_ASSEMBLY_USAGE_OCCURRENCE('98','=>[0:1:1:25]','',#5,#6343,$
  );
#6833 = CONTEXT_DEPENDENT_SHAPE_REPRESENTATION(#6834,#6836);
#6834 = ( REPRESENTATION_RELATIONSHIP('','',#6348,#10) 
REPRESENTATION_RELATIONSHIP_WITH_TRANSFORMATION(#6835) 
SHAPE_REPRESENTATION_RELATIONSHIP() );
#6835 = ITEM_DEFINED_TRANSFORMATION('','',#11,#367);
#6836 = PRODUCT_DEFINITION_SHAPE('Placement','Placement of an item',
  #6837);
#6837 = NEXT_ASSEMBLY_USAGE_OCCURRENCE('99','=>[0:1:1:25]','',#5,#6343,$
  );
#6838 = CONTEXT_DEPENDENT_SHAPE_REPRESENTATION(#6839,#6841);
#6839 = ( REPRESENTATION_RELATIONSHIP('','',#6348,#10) 
REPRESENTATION_RELATIONSHIP_WITH_TRANSFORMATION(#6840) 
SHAPE_REPRESENTATION_RELATIONSHIP() );
#6840 = ITEM_DEFINED_TRANSFORMATION('','',#11,#371);
#6841 = PRODUCT_DEFINITION_SHAPE('Placement','Placement of an item',
  #6842);
#6842 = NEXT_ASSEMBLY_USAGE_OCCURRENCE('100','=>[0:1:1:25]','',#5,#6343,
  $);
#6843 = CONTEXT_DEPENDENT_SHAPE_REPRESENTATION(#6844,#6846);
#6844 = ( REPRESENTATION_RELATIONSHIP('','',#6348,#10) 
REPRESENTATION_RELATIONSHIP_WITH_TRANSFORMATION(#6845) 
SHAPE_REPRESENTATION_RELATIONSHIP() );
#6845 = ITEM_DEFINED_TRANSFORMATION('','',#11,#375);
#6846 = PRODUCT_DEFINITION_SHAPE('Placement','Placement of an item',
  #6847);
#6847 = NEXT_ASSEMBLY_USAGE_OCCURRENCE('101','=>[0:1:1:25]','',#5,#6343,
  $);
#6848 = CONTEXT_DEPENDENT_SHAPE_REPRESENTATION(#6849,#6851);
#6849 = ( REPRESENTATION_RELATIONSHIP('','',#6348,#10) 
REPRESENTATION_RELATIONSHIP_WITH_TRANSFORMATION(#6850) 
SHAPE_REPRESENTATION_RELATIONSHIP() );
#6850 = ITEM_DEFINED_TRANSFORMATION('','',#11,#379);
#6851 = PRODUCT_DEFINITION_SHAPE('Placement','Placement of an item',
  #6852);
#6852 = NEXT_ASSEMBLY_USAGE_OCCURRENCE('102','=>[0:1:1:25]','',#5,#6343,
  $);
#6853 = CONTEXT_DEPENDENT_SHAPE_REPRESENTATION(#6854,#6856);
#6854 = ( REPRESENTATION_RELATIONSHIP('','',#6348,#10) 
REPRESENTATION_RELATIONSHIP_WITH_TRANSFORMATION(#6855) 
SHAPE_REPRESENTATION_RELATIONSHIP() );
#6855 = ITEM_DEFINED_TRANSFORMATION('','',#11,#383);
#6856 = PRODUCT_DEFINITION_SHAPE('Placement','Placement of an item',
  #6857);
#6857 = NEXT_ASSEMBLY_USAGE_OCCURRENCE('103','=>[0:1:1:25]','',#5,#6343,
  $);
#6858 = CONTEXT_DEPENDENT_SHAPE_REPRESENTATION(#6859,#6861);
#6859 = ( REPRESENTATION_RELATIONSHIP('','',#6348,#10) 
REPRESENTATION_RELATIONSHIP_WITH_TRANSFORMATION(#6860) 
SHAPE_REPRESENTATION_RELATIONSHIP() );
#6860 = ITEM_DEFINED_TRANSFORMATION('','',#11,#387);
#6861 = PRODUCT_DEFINITION_SHAPE('Placement','Placement of an item',
  #6862);
#6862 = NEXT_ASSEMBLY_USAGE_OCCURRENCE('104','=>[0:1:1:25]','',#5,#6343,
  $);
#6863 = CONTEXT_DEPENDENT_SHAPE_REPRESENTATION(#6864,#6866);
#6864 = ( REPRESENTATION_RELATIONSHIP('','',#6348,#10) 
REPRESENTATION_RELATIONSHIP_WITH_TRANSFORMATION(#6865) 
SHAPE_REPRESENTATION_RELATIONSHIP() );
#6865 = ITEM_DEFINED_TRANSFORMATION('','',#11,#391);
#6866 = PRODUCT_DEFINITION_SHAPE('Placement','Placement of an item',
  #6867);
#6867 = NEXT_ASSEMBLY_USAGE_OCCURRENCE('105','=>[0:1:1:25]','',#5,#6343,
  $);
#6868 = CONTEXT_DEPENDENT_SHAPE_REPRESENTATION(#6869,#6871);
#6869 = ( REPRESENTATION_RELATIONSHIP('','',#6348,#10) 
REPRESENTATION_RELATIONSHIP_WITH_TRANSFORMATION(#6870) 
SHAPE_REPRESENTATION_RELATIONSHIP() );
#6870 = ITEM_DEFINED_TRANSFORMATION('','',#11,#395);
#6871 = PRODUCT_DEFINITION_SHAPE('Placement','Placement of an item',
  #6872);
#6872 = NEXT_ASSEMBLY_USAGE_OCCURRENCE('106','=>[0:1:1:25]','',#5,#6343,
  $);
#6873 = CONTEXT_DEPENDENT_SHAPE_REPRESENTATION(#6874,#6876);
#6874 = ( REPRESENTATION_RELATIONSHIP('','',#6348,#10) 
REPRESENTATION_RELATIONSHIP_WITH_TRANSFORMATION(#6875) 
SHAPE_REPRESENTATION_RELATIONSHIP() );
#6875 = ITEM_DEFINED_TRANSFORMATION('','',#11,#399);
#6876 = PRODUCT_DEFINITION_SHAPE('Placement','Placement of an item',
  #6877);
#6877 = NEXT_ASSEMBLY_USAGE_OCCURRENCE('107','=>[0:1:1:25]','',#5,#6343,
  $);
#6878 = CONTEXT_DEPENDENT_SHAPE_REPRESENTATION(#6879,#6881);
#6879 = ( REPRESENTATION_RELATIONSHIP('','',#6348,#10) 
REPRESENTATION_RELATIONSHIP_WITH_TRANSFORMATION(#6880) 
SHAPE_REPRESENTATION_RELATIONSHIP() );
#6880 = ITEM_DEFINED_TRANSFORMATION('','',#11,#403);
#6881 = PRODUCT_DEFINITION_SHAPE('Placement','Placement of an item',
  #6882);
#6882 = NEXT_ASSEMBLY_USAGE_OCCURRENCE('108','=>[0:1:1:25]','',#5,#6343,
  $);
#6883 = CONTEXT_DEPENDENT_SHAPE_REPRESENTATION(#6884,#6886);
#6884 = ( REPRESENTATION_RELATIONSHIP('','',#6348,#10) 
REPRESENTATION_RELATIONSHIP_WITH_TRANSFORMATION(#6885) 
SHAPE_REPRESENTATION_RELATIONSHIP() );
#6885 = ITEM_DEFINED_TRANSFORMATION('','',#11,#407);
#6886 = PRODUCT_DEFINITION_SHAPE('Placement','Placement of an item',
  #6887);
#6887 = NEXT_ASSEMBLY_USAGE_OCCURRENCE('109','=>[0:1:1:25]','',#5,#6343,
  $);
#6888 = SHAPE_DEFINITION_REPRESENTATION(#6889,#6895);
#6889 = PRODUCT_DEFINITION_SHAPE('','',#6890);
#6890 = PRODUCT_DEFINITION('design','',#6891,#6894);
#6891 = PRODUCT_DEFINITION_FORMATION('','',#6892);
#6892 = PRODUCT('C32~C0603~C0603_L1.6-W0.8-H0.8~5ZeZ',
  'C32~C0603~C0603_L1.6-W0.8-H0.8~5ZeZ','',(#6893));
#6893 = PRODUCT_CONTEXT('',#2,'mechanical');
#6894 = PRODUCT_DEFINITION_CONTEXT('part definition',#2,'design');
#6895 = SHAPE_REPRESENTATION('',(#11,#6896),#6900);
#6896 = AXIS2_PLACEMENT_3D('',#6897,#6898,#6899);
#6897 = CARTESIAN_POINT('',(0.,0.,0.));
#6898 = DIRECTION('',(0.,0.,1.));
#6899 = DIRECTION('',(1.,0.,-0.));
#6900 = ( GEOMETRIC_REPRESENTATION_CONTEXT(3) 
GLOBAL_UNCERTAINTY_ASSIGNED_CONTEXT((#6904)) 
GLOBAL_UNIT_ASSIGNED_CONTEXT((#6901,#6902,#6903)) REPRESENTATION_CONTEXT
('Context #1','3D Context with UNIT and UNCERTAINTY') );
#6901 = ( LENGTH_UNIT() NAMED_UNIT(*) SI_UNIT(.MILLI.,.METRE.) );
#6902 = ( NAMED_UNIT(*) PLANE_ANGLE_UNIT() SI_UNIT($,.RADIAN.) );
#6903 = ( NAMED_UNIT(*) SI_UNIT($,.STERADIAN.) SOLID_ANGLE_UNIT() );
#6904 = UNCERTAINTY_MEASURE_WITH_UNIT(LENGTH_MEASURE(2.E-07),#6901,
  'distance_accuracy_value','confusion accuracy');
#6905 = CONTEXT_DEPENDENT_SHAPE_REPRESENTATION(#6906,#6908);
#6906 = ( REPRESENTATION_RELATIONSHIP('','',#6895,#10) 
REPRESENTATION_RELATIONSHIP_WITH_TRANSFORMATION(#6907) 
SHAPE_REPRESENTATION_RELATIONSHIP() );
#6907 = ITEM_DEFINED_TRANSFORMATION('','',#11,#411);
#6908 = PRODUCT_DEFINITION_SHAPE('Placement','Placement of an item',
  #6909);
#6909 = NEXT_ASSEMBLY_USAGE_OCCURRENCE('111','=>[0:1:1:28]','',#5,#6890,
  $);
#6910 = PRODUCT_RELATED_PRODUCT_CATEGORY('part',$,(#6892));
#6911 = SHAPE_DEFINITION_REPRESENTATION(#6912,#6918);
#6912 = PRODUCT_DEFINITION_SHAPE('','',#6913);
#6913 = PRODUCT_DEFINITION('design','',#6914,#6917);
#6914 = PRODUCT_DEFINITION_FORMATION('','',#6915);
#6915 = PRODUCT('C192~C0402~C0603_L1.6-W0.8-H0.8~5ZeZ',
  'C192~C0402~C0603_L1.6-W0.8-H0.8~5ZeZ','',(#6916));
#6916 = PRODUCT_CONTEXT('',#2,'mechanical');
#6917 = PRODUCT_DEFINITION_CONTEXT('part definition',#2,'design');
#6918 = ADVANCED_BREP_SHAPE_REPRESENTATION('',(#11,#6919),#7057);
#6919 = MANIFOLD_SOLID_BREP('',#6920);
#6920 = CLOSED_SHELL('',(#6921,#6957,#6993,#7013,#7033,#7045));
#6921 = ADVANCED_FACE('',(#6922),#6952,.F.);
#6922 = FACE_BOUND('',#6923,.F.);
#6923 = EDGE_LOOP('',(#6924,#6933,#6940,#6947));
#6924 = ORIENTED_EDGE('',*,*,#6925,.F.);
#6925 = EDGE_CURVE('',#6926,#6928,#6930,.T.);
#6926 = VERTEX_POINT('',#6927);
#6927 = CARTESIAN_POINT('',(-0.8,-0.4,0.));
#6928 = VERTEX_POINT('',#6929);
#6929 = CARTESIAN_POINT('',(-0.8,-0.4,0.762001524003));
#6930 = B_SPLINE_CURVE_WITH_KNOTS('',1,(#6931,#6932),.UNSPECIFIED.,.F.,
  .F.,(2,2),(0.,0.762001524003),.PIECEWISE_BEZIER_KNOTS.);
#6931 = CARTESIAN_POINT('',(-0.8,-0.4,0.));
#6932 = CARTESIAN_POINT('',(-0.8,-0.4,0.762001524003));
#6933 = ORIENTED_EDGE('',*,*,#6934,.T.);
#6934 = EDGE_CURVE('',#6926,#6935,#6937,.T.);
#6935 = VERTEX_POINT('',#6936);
#6936 = CARTESIAN_POINT('',(-0.8,0.4,0.));
#6937 = B_SPLINE_CURVE_WITH_KNOTS('',1,(#6938,#6939),.UNSPECIFIED.,.F.,
  .F.,(2,2),(0.,0.762001524003),.PIECEWISE_BEZIER_KNOTS.);
#6938 = CARTESIAN_POINT('',(-0.8,-0.4,0.));
#6939 = CARTESIAN_POINT('',(-0.8,0.4,0.));
#6940 = ORIENTED_EDGE('',*,*,#6941,.T.);
#6941 = EDGE_CURVE('',#6935,#6942,#6944,.T.);
#6942 = VERTEX_POINT('',#6943);
#6943 = CARTESIAN_POINT('',(-0.8,0.4,0.762001524003));
#6944 = B_SPLINE_CURVE_WITH_KNOTS('',1,(#6945,#6946),.UNSPECIFIED.,.F.,
  .F.,(2,2),(0.,0.762001524003),.PIECEWISE_BEZIER_KNOTS.);
#6945 = CARTESIAN_POINT('',(-0.8,0.4,0.));
#6946 = CARTESIAN_POINT('',(-0.8,0.4,0.762001524003));
#6947 = ORIENTED_EDGE('',*,*,#6948,.F.);
#6948 = EDGE_CURVE('',#6928,#6942,#6949,.T.);
#6949 = B_SPLINE_CURVE_WITH_KNOTS('',1,(#6950,#6951),.UNSPECIFIED.,.F.,
  .F.,(2,2),(0.,0.762001524003),.PIECEWISE_BEZIER_KNOTS.);
#6950 = CARTESIAN_POINT('',(-0.8,-0.4,0.762001524003));
#6951 = CARTESIAN_POINT('',(-0.8,0.4,0.762001524003));
#6952 = B_SPLINE_SURFACE_WITH_KNOTS('',1,1,(
    (#6953,#6954)
    ,(#6955,#6956
    )),.UNSPECIFIED.,.F.,.F.,.F.,(2,2),(2,2),(0.,0.762001524003),(
    -0.762001524003,0.),.PIECEWISE_BEZIER_KNOTS.);
#6953 = CARTESIAN_POINT('',(-0.8,0.4,0.));
#6954 = CARTESIAN_POINT('',(-0.8,-0.4,0.));
#6955 = CARTESIAN_POINT('',(-0.8,0.4,0.762001524003));
#6956 = CARTESIAN_POINT('',(-0.8,-0.4,0.762001524003));
#6957 = ADVANCED_FACE('',(#6958),#6988,.T.);
#6958 = FACE_BOUND('',#6959,.T.);
#6959 = EDGE_LOOP('',(#6960,#6969,#6976,#6983));
#6960 = ORIENTED_EDGE('',*,*,#6961,.F.);
#6961 = EDGE_CURVE('',#6962,#6964,#6966,.T.);
#6962 = VERTEX_POINT('',#6963);
#6963 = CARTESIAN_POINT('',(0.8,-0.4,0.));
#6964 = VERTEX_POINT('',#6965);
#6965 = CARTESIAN_POINT('',(0.8,-0.4,0.762001524003));
#6966 = B_SPLINE_CURVE_WITH_KNOTS('',1,(#6967,#6968),.UNSPECIFIED.,.F.,
  .F.,(2,2),(0.,0.762001524003),.PIECEWISE_BEZIER_KNOTS.);
#6967 = CARTESIAN_POINT('',(0.8,-0.4,0.));
#6968 = CARTESIAN_POINT('',(0.8,-0.4,0.762001524003));
#6969 = ORIENTED_EDGE('',*,*,#6970,.T.);
#6970 = EDGE_CURVE('',#6962,#6971,#6973,.T.);
#6971 = VERTEX_POINT('',#6972);
#6972 = CARTESIAN_POINT('',(0.8,0.4,0.));
#6973 = B_SPLINE_CURVE_WITH_KNOTS('',1,(#6974,#6975),.UNSPECIFIED.,.F.,
  .F.,(2,2),(0.,0.762001524003),.PIECEWISE_BEZIER_KNOTS.);
#6974 = CARTESIAN_POINT('',(0.8,-0.4,0.));
#6975 = CARTESIAN_POINT('',(0.8,0.4,0.));
#6976 = ORIENTED_EDGE('',*,*,#6977,.T.);
#6977 = EDGE_CURVE('',#6971,#6978,#6980,.T.);
#6978 = VERTEX_POINT('',#6979);
#6979 = CARTESIAN_POINT('',(0.8,0.4,0.762001524003));
#6980 = B_SPLINE_CURVE_WITH_KNOTS('',1,(#6981,#6982),.UNSPECIFIED.,.F.,
  .F.,(2,2),(0.,0.762001524003),.PIECEWISE_BEZIER_KNOTS.);
#6981 = CARTESIAN_POINT('',(0.8,0.4,0.));
#6982 = CARTESIAN_POINT('',(0.8,0.4,0.762001524003));
#6983 = ORIENTED_EDGE('',*,*,#6984,.F.);
#6984 = EDGE_CURVE('',#6964,#6978,#6985,.T.);
#6985 = B_SPLINE_CURVE_WITH_KNOTS('',1,(#6986,#6987),.UNSPECIFIED.,.F.,
  .F.,(2,2),(0.,0.762001524003),.PIECEWISE_BEZIER_KNOTS.);
#6986 = CARTESIAN_POINT('',(0.8,-0.4,0.762001524003));
#6987 = CARTESIAN_POINT('',(0.8,0.4,0.762001524003));
#6988 = B_SPLINE_SURFACE_WITH_KNOTS('',1,1,(
    (#6989,#6990)
    ,(#6991,#6992
    )),.UNSPECIFIED.,.F.,.F.,.F.,(2,2),(2,2),(0.,0.762001524003),(
    -0.762001524003,0.),.PIECEWISE_BEZIER_KNOTS.);
#6989 = CARTESIAN_POINT('',(0.8,0.4,0.));
#6990 = CARTESIAN_POINT('',(0.8,-0.4,0.));
#6991 = CARTESIAN_POINT('',(0.8,0.4,0.762001524003));
#6992 = CARTESIAN_POINT('',(0.8,-0.4,0.762001524003));
#6993 = ADVANCED_FACE('',(#6994),#7008,.F.);
#6994 = FACE_BOUND('',#6995,.F.);
#6995 = EDGE_LOOP('',(#6996,#7001,#7002,#7007));
#6996 = ORIENTED_EDGE('',*,*,#6997,.F.);
#6997 = EDGE_CURVE('',#6926,#6962,#6998,.T.);
#6998 = B_SPLINE_CURVE_WITH_KNOTS('',1,(#6999,#7000),.UNSPECIFIED.,.F.,
  .F.,(2,2),(0.,0.762001524003),.PIECEWISE_BEZIER_KNOTS.);
#6999 = CARTESIAN_POINT('',(-0.8,-0.4,0.));
#7000 = CARTESIAN_POINT('',(0.8,-0.4,0.));
#7001 = ORIENTED_EDGE('',*,*,#6925,.T.);
#7002 = ORIENTED_EDGE('',*,*,#7003,.T.);
#7003 = EDGE_CURVE('',#6928,#6964,#7004,.T.);
#7004 = B_SPLINE_CURVE_WITH_KNOTS('',1,(#7005,#7006),.UNSPECIFIED.,.F.,
  .F.,(2,2),(0.,0.762001524003),.PIECEWISE_BEZIER_KNOTS.);
#7005 = CARTESIAN_POINT('',(-0.8,-0.4,0.762001524003));
#7006 = CARTESIAN_POINT('',(0.8,-0.4,0.762001524003));
#7007 = ORIENTED_EDGE('',*,*,#6961,.F.);
#7008 = B_SPLINE_SURFACE_WITH_KNOTS('',1,1,(
    (#7009,#7010)
    ,(#7011,#7012
    )),.UNSPECIFIED.,.F.,.F.,.F.,(2,2),(2,2),(0.,0.762001524003),(0.,
    0.762001524003),.PIECEWISE_BEZIER_KNOTS.);
#7009 = CARTESIAN_POINT('',(-0.8,-0.4,0.));
#7010 = CARTESIAN_POINT('',(0.8,-0.4,0.));
#7011 = CARTESIAN_POINT('',(-0.8,-0.4,0.762001524003));
#7012 = CARTESIAN_POINT('',(0.8,-0.4,0.762001524003));
#7013 = ADVANCED_FACE('',(#7014),#7028,.T.);
#7014 = FACE_BOUND('',#7015,.T.);
#7015 = EDGE_LOOP('',(#7016,#7021,#7022,#7027));
#7016 = ORIENTED_EDGE('',*,*,#7017,.F.);
#7017 = EDGE_CURVE('',#6935,#6971,#7018,.T.);
#7018 = B_SPLINE_CURVE_WITH_KNOTS('',1,(#7019,#7020),.UNSPECIFIED.,.F.,
  .F.,(2,2),(0.,0.762001524003),.PIECEWISE_BEZIER_KNOTS.);
#7019 = CARTESIAN_POINT('',(-0.8,0.4,0.));
#7020 = CARTESIAN_POINT('',(0.8,0.4,0.));
#7021 = ORIENTED_EDGE('',*,*,#6941,.T.);
#7022 = ORIENTED_EDGE('',*,*,#7023,.T.);
#7023 = EDGE_CURVE('',#6942,#6978,#7024,.T.);
#7024 = B_SPLINE_CURVE_WITH_KNOTS('',1,(#7025,#7026),.UNSPECIFIED.,.F.,
  .F.,(2,2),(0.,0.762001524003),.PIECEWISE_BEZIER_KNOTS.);
#7025 = CARTESIAN_POINT('',(-0.8,0.4,0.762001524003));
#7026 = CARTESIAN_POINT('',(0.8,0.4,0.762001524003));
#7027 = ORIENTED_EDGE('',*,*,#6977,.F.);
#7028 = B_SPLINE_SURFACE_WITH_KNOTS('',1,1,(
    (#7029,#7030)
    ,(#7031,#7032
    )),.UNSPECIFIED.,.F.,.F.,.F.,(2,2),(2,2),(0.,0.762001524003),(0.,
    0.762001524003),.PIECEWISE_BEZIER_KNOTS.);
#7029 = CARTESIAN_POINT('',(-0.8,0.4,0.));
#7030 = CARTESIAN_POINT('',(0.8,0.4,0.));
#7031 = CARTESIAN_POINT('',(-0.8,0.4,0.762001524003));
#7032 = CARTESIAN_POINT('',(0.8,0.4,0.762001524003));
#7033 = ADVANCED_FACE('',(#7034),#7040,.F.);
#7034 = FACE_BOUND('',#7035,.F.);
#7035 = EDGE_LOOP('',(#7036,#7037,#7038,#7039));
#7036 = ORIENTED_EDGE('',*,*,#6934,.F.);
#7037 = ORIENTED_EDGE('',*,*,#6997,.T.);
#7038 = ORIENTED_EDGE('',*,*,#6970,.T.);
#7039 = ORIENTED_EDGE('',*,*,#7017,.F.);
#7040 = B_SPLINE_SURFACE_WITH_KNOTS('',1,1,(
    (#7041,#7042)
    ,(#7043,#7044
    )),.UNSPECIFIED.,.F.,.F.,.F.,(2,2),(2,2),(0.,0.762001524003),(0.,
    0.762001524003),.PIECEWISE_BEZIER_KNOTS.);
#7041 = CARTESIAN_POINT('',(-0.8,-0.4,0.));
#7042 = CARTESIAN_POINT('',(-0.8,0.4,0.));
#7043 = CARTESIAN_POINT('',(0.8,-0.4,0.));
#7044 = CARTESIAN_POINT('',(0.8,0.4,0.));
#7045 = ADVANCED_FACE('',(#7046),#7052,.T.);
#7046 = FACE_BOUND('',#7047,.T.);
#7047 = EDGE_LOOP('',(#7048,#7049,#7050,#7051));
#7048 = ORIENTED_EDGE('',*,*,#6948,.F.);
#7049 = ORIENTED_EDGE('',*,*,#7003,.T.);
#7050 = ORIENTED_EDGE('',*,*,#6984,.T.);
#7051 = ORIENTED_EDGE('',*,*,#7023,.F.);
#7052 = B_SPLINE_SURFACE_WITH_KNOTS('',1,1,(
    (#7053,#7054)
    ,(#7055,#7056
    )),.UNSPECIFIED.,.F.,.F.,.F.,(2,2),(2,2),(0.,0.762001524003),(0.,
    0.762001524003),.PIECEWISE_BEZIER_KNOTS.);
#7053 = CARTESIAN_POINT('',(-0.8,-0.4,0.762001524003));
#7054 = CARTESIAN_POINT('',(-0.8,0.4,0.762001524003));
#7055 = CARTESIAN_POINT('',(0.8,-0.4,0.762001524003));
#7056 = CARTESIAN_POINT('',(0.8,0.4,0.762001524003));
#7057 = ( GEOMETRIC_REPRESENTATION_CONTEXT(3) 
GLOBAL_UNCERTAINTY_ASSIGNED_CONTEXT((#7061)) 
GLOBAL_UNIT_ASSIGNED_CONTEXT((#7058,#7059,#7060)) REPRESENTATION_CONTEXT
('Context #1','3D Context with UNIT and UNCERTAINTY') );
#7058 = ( LENGTH_UNIT() NAMED_UNIT(*) SI_UNIT(.MILLI.,.METRE.) );
#7059 = ( NAMED_UNIT(*) PLANE_ANGLE_UNIT() SI_UNIT($,.RADIAN.) );
#7060 = ( NAMED_UNIT(*) SI_UNIT($,.STERADIAN.) SOLID_ANGLE_UNIT() );
#7061 = UNCERTAINTY_MEASURE_WITH_UNIT(LENGTH_MEASURE(2.E-07),#7058,
  'distance_accuracy_value','confusion accuracy');
#7062 = CONTEXT_DEPENDENT_SHAPE_REPRESENTATION(#7063,#7065);
#7063 = ( REPRESENTATION_RELATIONSHIP('','',#6918,#6895) 
REPRESENTATION_RELATIONSHIP_WITH_TRANSFORMATION(#7064) 
SHAPE_REPRESENTATION_RELATIONSHIP() );
#7064 = ITEM_DEFINED_TRANSFORMATION('','',#11,#6896);
#7065 = PRODUCT_DEFINITION_SHAPE('Placement','Placement of an item',
  #7066);
#7066 = NEXT_ASSEMBLY_USAGE_OCCURRENCE('110','=>[0:1:1:27]','',#6890,
  #6913,$);
#7067 = PRODUCT_RELATED_PRODUCT_CATEGORY('part',$,(#6915));
#7068 = CONTEXT_DEPENDENT_SHAPE_REPRESENTATION(#7069,#7071);
#7069 = ( REPRESENTATION_RELATIONSHIP('','',#6918,#10) 
REPRESENTATION_RELATIONSHIP_WITH_TRANSFORMATION(#7070) 
SHAPE_REPRESENTATION_RELATIONSHIP() );
#7070 = ITEM_DEFINED_TRANSFORMATION('','',#11,#415);
#7071 = PRODUCT_DEFINITION_SHAPE('Placement','Placement of an item',
  #7072);
#7072 = NEXT_ASSEMBLY_USAGE_OCCURRENCE('112','=>[0:1:1:27]','',#5,#6913,
  $);
#7073 = CONTEXT_DEPENDENT_SHAPE_REPRESENTATION(#7074,#7076);
#7074 = ( REPRESENTATION_RELATIONSHIP('','',#6918,#10) 
REPRESENTATION_RELATIONSHIP_WITH_TRANSFORMATION(#7075) 
SHAPE_REPRESENTATION_RELATIONSHIP() );
#7075 = ITEM_DEFINED_TRANSFORMATION('','',#11,#419);
#7076 = PRODUCT_DEFINITION_SHAPE('Placement','Placement of an item',
  #7077);
#7077 = NEXT_ASSEMBLY_USAGE_OCCURRENCE('113','=>[0:1:1:27]','',#5,#6913,
  $);
#7078 = CONTEXT_DEPENDENT_SHAPE_REPRESENTATION(#7079,#7081);
#7079 = ( REPRESENTATION_RELATIONSHIP('','',#6918,#10) 
REPRESENTATION_RELATIONSHIP_WITH_TRANSFORMATION(#7080) 
SHAPE_REPRESENTATION_RELATIONSHIP() );
#7080 = ITEM_DEFINED_TRANSFORMATION('','',#11,#423);
#7081 = PRODUCT_DEFINITION_SHAPE('Placement','Placement of an item',
  #7082);
#7082 = NEXT_ASSEMBLY_USAGE_OCCURRENCE('114','=>[0:1:1:27]','',#5,#6913,
  $);
#7083 = CONTEXT_DEPENDENT_SHAPE_REPRESENTATION(#7084,#7086);
#7084 = ( REPRESENTATION_RELATIONSHIP('','',#6918,#10) 
REPRESENTATION_RELATIONSHIP_WITH_TRANSFORMATION(#7085) 
SHAPE_REPRESENTATION_RELATIONSHIP() );
#7085 = ITEM_DEFINED_TRANSFORMATION('','',#11,#427);
#7086 = PRODUCT_DEFINITION_SHAPE('Placement','Placement of an item',
  #7087);
#7087 = NEXT_ASSEMBLY_USAGE_OCCURRENCE('115','=>[0:1:1:27]','',#5,#6913,
  $);
#7088 = CONTEXT_DEPENDENT_SHAPE_REPRESENTATION(#7089,#7091);
#7089 = ( REPRESENTATION_RELATIONSHIP('','',#6918,#10) 
REPRESENTATION_RELATIONSHIP_WITH_TRANSFORMATION(#7090) 
SHAPE_REPRESENTATION_RELATIONSHIP() );
#7090 = ITEM_DEFINED_TRANSFORMATION('','',#11,#431);
#7091 = PRODUCT_DEFINITION_SHAPE('Placement','Placement of an item',
  #7092);
#7092 = NEXT_ASSEMBLY_USAGE_OCCURRENCE('116','=>[0:1:1:27]','',#5,#6913,
  $);
#7093 = CONTEXT_DEPENDENT_SHAPE_REPRESENTATION(#7094,#7096);
#7094 = ( REPRESENTATION_RELATIONSHIP('','',#6918,#10) 
REPRESENTATION_RELATIONSHIP_WITH_TRANSFORMATION(#7095) 
SHAPE_REPRESENTATION_RELATIONSHIP() );
#7095 = ITEM_DEFINED_TRANSFORMATION('','',#11,#435);
#7096 = PRODUCT_DEFINITION_SHAPE('Placement','Placement of an item',
  #7097);
#7097 = NEXT_ASSEMBLY_USAGE_OCCURRENCE('117','=>[0:1:1:27]','',#5,#6913,
  $);
#7098 = CONTEXT_DEPENDENT_SHAPE_REPRESENTATION(#7099,#7101);
#7099 = ( REPRESENTATION_RELATIONSHIP('','',#6918,#10) 
REPRESENTATION_RELATIONSHIP_WITH_TRANSFORMATION(#7100) 
SHAPE_REPRESENTATION_RELATIONSHIP() );
#7100 = ITEM_DEFINED_TRANSFORMATION('','',#11,#439);
#7101 = PRODUCT_DEFINITION_SHAPE('Placement','Placement of an item',
  #7102);
#7102 = NEXT_ASSEMBLY_USAGE_OCCURRENCE('118','=>[0:1:1:27]','',#5,#6913,
  $);
#7103 = CONTEXT_DEPENDENT_SHAPE_REPRESENTATION(#7104,#7106);
#7104 = ( REPRESENTATION_RELATIONSHIP('','',#6918,#10) 
REPRESENTATION_RELATIONSHIP_WITH_TRANSFORMATION(#7105) 
SHAPE_REPRESENTATION_RELATIONSHIP() );
#7105 = ITEM_DEFINED_TRANSFORMATION('','',#11,#443);
#7106 = PRODUCT_DEFINITION_SHAPE('Placement','Placement of an item',
  #7107);
#7107 = NEXT_ASSEMBLY_USAGE_OCCURRENCE('119','=>[0:1:1:27]','',#5,#6913,
  $);
#7108 = CONTEXT_DEPENDENT_SHAPE_REPRESENTATION(#7109,#7111);
#7109 = ( REPRESENTATION_RELATIONSHIP('','',#6918,#10) 
REPRESENTATION_RELATIONSHIP_WITH_TRANSFORMATION(#7110) 
SHAPE_REPRESENTATION_RELATIONSHIP() );
#7110 = ITEM_DEFINED_TRANSFORMATION('','',#11,#447);
#7111 = PRODUCT_DEFINITION_SHAPE('Placement','Placement of an item',
  #7112);
#7112 = NEXT_ASSEMBLY_USAGE_OCCURRENCE('120','=>[0:1:1:27]','',#5,#6913,
  $);
#7113 = CONTEXT_DEPENDENT_SHAPE_REPRESENTATION(#7114,#7116);
#7114 = ( REPRESENTATION_RELATIONSHIP('','',#6918,#10) 
REPRESENTATION_RELATIONSHIP_WITH_TRANSFORMATION(#7115) 
SHAPE_REPRESENTATION_RELATIONSHIP() );
#7115 = ITEM_DEFINED_TRANSFORMATION('','',#11,#451);
#7116 = PRODUCT_DEFINITION_SHAPE('Placement','Placement of an item',
  #7117);
#7117 = NEXT_ASSEMBLY_USAGE_OCCURRENCE('121','=>[0:1:1:27]','',#5,#6913,
  $);
#7118 = CONTEXT_DEPENDENT_SHAPE_REPRESENTATION(#7119,#7121);
#7119 = ( REPRESENTATION_RELATIONSHIP('','',#6918,#10) 
REPRESENTATION_RELATIONSHIP_WITH_TRANSFORMATION(#7120) 
SHAPE_REPRESENTATION_RELATIONSHIP() );
#7120 = ITEM_DEFINED_TRANSFORMATION('','',#11,#455);
#7121 = PRODUCT_DEFINITION_SHAPE('Placement','Placement of an item',
  #7122);
#7122 = NEXT_ASSEMBLY_USAGE_OCCURRENCE('122','=>[0:1:1:27]','',#5,#6913,
  $);
#7123 = CONTEXT_DEPENDENT_SHAPE_REPRESENTATION(#7124,#7126);
#7124 = ( REPRESENTATION_RELATIONSHIP('','',#6918,#10) 
REPRESENTATION_RELATIONSHIP_WITH_TRANSFORMATION(#7125) 
SHAPE_REPRESENTATION_RELATIONSHIP() );
#7125 = ITEM_DEFINED_TRANSFORMATION('','',#11,#459);
#7126 = PRODUCT_DEFINITION_SHAPE('Placement','Placement of an item',
  #7127);
#7127 = NEXT_ASSEMBLY_USAGE_OCCURRENCE('123','=>[0:1:1:27]','',#5,#6913,
  $);
#7128 = CONTEXT_DEPENDENT_SHAPE_REPRESENTATION(#7129,#7131);
#7129 = ( REPRESENTATION_RELATIONSHIP('','',#6918,#10) 
REPRESENTATION_RELATIONSHIP_WITH_TRANSFORMATION(#7130) 
SHAPE_REPRESENTATION_RELATIONSHIP() );
#7130 = ITEM_DEFINED_TRANSFORMATION('','',#11,#463);
#7131 = PRODUCT_DEFINITION_SHAPE('Placement','Placement of an item',
  #7132);
#7132 = NEXT_ASSEMBLY_USAGE_OCCURRENCE('124','=>[0:1:1:27]','',#5,#6913,
  $);
#7133 = CONTEXT_DEPENDENT_SHAPE_REPRESENTATION(#7134,#7136);
#7134 = ( REPRESENTATION_RELATIONSHIP('','',#6918,#10) 
REPRESENTATION_RELATIONSHIP_WITH_TRANSFORMATION(#7135) 
SHAPE_REPRESENTATION_RELATIONSHIP() );
#7135 = ITEM_DEFINED_TRANSFORMATION('','',#11,#467);
#7136 = PRODUCT_DEFINITION_SHAPE('Placement','Placement of an item',
  #7137);
#7137 = NEXT_ASSEMBLY_USAGE_OCCURRENCE('125','=>[0:1:1:27]','',#5,#6913,
  $);
#7138 = CONTEXT_DEPENDENT_SHAPE_REPRESENTATION(#7139,#7141);
#7139 = ( REPRESENTATION_RELATIONSHIP('','',#6918,#10) 
REPRESENTATION_RELATIONSHIP_WITH_TRANSFORMATION(#7140) 
SHAPE_REPRESENTATION_RELATIONSHIP() );
#7140 = ITEM_DEFINED_TRANSFORMATION('','',#11,#471);
#7141 = PRODUCT_DEFINITION_SHAPE('Placement','Placement of an item',
  #7142);
#7142 = NEXT_ASSEMBLY_USAGE_OCCURRENCE('126','=>[0:1:1:27]','',#5,#6913,
  $);
#7143 = CONTEXT_DEPENDENT_SHAPE_REPRESENTATION(#7144,#7146);
#7144 = ( REPRESENTATION_RELATIONSHIP('','',#6918,#10) 
REPRESENTATION_RELATIONSHIP_WITH_TRANSFORMATION(#7145) 
SHAPE_REPRESENTATION_RELATIONSHIP() );
#7145 = ITEM_DEFINED_TRANSFORMATION('','',#11,#475);
#7146 = PRODUCT_DEFINITION_SHAPE('Placement','Placement of an item',
  #7147);
#7147 = NEXT_ASSEMBLY_USAGE_OCCURRENCE('127','=>[0:1:1:27]','',#5,#6913,
  $);
#7148 = CONTEXT_DEPENDENT_SHAPE_REPRESENTATION(#7149,#7151);
#7149 = ( REPRESENTATION_RELATIONSHIP('','',#6918,#10) 
REPRESENTATION_RELATIONSHIP_WITH_TRANSFORMATION(#7150) 
SHAPE_REPRESENTATION_RELATIONSHIP() );
#7150 = ITEM_DEFINED_TRANSFORMATION('','',#11,#479);
#7151 = PRODUCT_DEFINITION_SHAPE('Placement','Placement of an item',
  #7152);
#7152 = NEXT_ASSEMBLY_USAGE_OCCURRENCE('128','=>[0:1:1:27]','',#5,#6913,
  $);
#7153 = CONTEXT_DEPENDENT_SHAPE_REPRESENTATION(#7154,#7156);
#7154 = ( REPRESENTATION_RELATIONSHIP('','',#6918,#10) 
REPRESENTATION_RELATIONSHIP_WITH_TRANSFORMATION(#7155) 
SHAPE_REPRESENTATION_RELATIONSHIP() );
#7155 = ITEM_DEFINED_TRANSFORMATION('','',#11,#483);
#7156 = PRODUCT_DEFINITION_SHAPE('Placement','Placement of an item',
  #7157);
#7157 = NEXT_ASSEMBLY_USAGE_OCCURRENCE('129','=>[0:1:1:27]','',#5,#6913,
  $);
#7158 = CONTEXT_DEPENDENT_SHAPE_REPRESENTATION(#7159,#7161);
#7159 = ( REPRESENTATION_RELATIONSHIP('','',#6918,#10) 
REPRESENTATION_RELATIONSHIP_WITH_TRANSFORMATION(#7160) 
SHAPE_REPRESENTATION_RELATIONSHIP() );
#7160 = ITEM_DEFINED_TRANSFORMATION('','',#11,#487);
#7161 = PRODUCT_DEFINITION_SHAPE('Placement','Placement of an item',
  #7162);
#7162 = NEXT_ASSEMBLY_USAGE_OCCURRENCE('130','=>[0:1:1:27]','',#5,#6913,
  $);
#7163 = CONTEXT_DEPENDENT_SHAPE_REPRESENTATION(#7164,#7166);
#7164 = ( REPRESENTATION_RELATIONSHIP('','',#6918,#10) 
REPRESENTATION_RELATIONSHIP_WITH_TRANSFORMATION(#7165) 
SHAPE_REPRESENTATION_RELATIONSHIP() );
#7165 = ITEM_DEFINED_TRANSFORMATION('','',#11,#491);
#7166 = PRODUCT_DEFINITION_SHAPE('Placement','Placement of an item',
  #7167);
#7167 = NEXT_ASSEMBLY_USAGE_OCCURRENCE('131','=>[0:1:1:27]','',#5,#6913,
  $);
#7168 = CONTEXT_DEPENDENT_SHAPE_REPRESENTATION(#7169,#7171);
#7169 = ( REPRESENTATION_RELATIONSHIP('','',#6918,#10) 
REPRESENTATION_RELATIONSHIP_WITH_TRANSFORMATION(#7170) 
SHAPE_REPRESENTATION_RELATIONSHIP() );
#7170 = ITEM_DEFINED_TRANSFORMATION('','',#11,#495);
#7171 = PRODUCT_DEFINITION_SHAPE('Placement','Placement of an item',
  #7172);
#7172 = NEXT_ASSEMBLY_USAGE_OCCURRENCE('132','=>[0:1:1:27]','',#5,#6913,
  $);
#7173 = CONTEXT_DEPENDENT_SHAPE_REPRESENTATION(#7174,#7176);
#7174 = ( REPRESENTATION_RELATIONSHIP('','',#6918,#10) 
REPRESENTATION_RELATIONSHIP_WITH_TRANSFORMATION(#7175) 
SHAPE_REPRESENTATION_RELATIONSHIP() );
#7175 = ITEM_DEFINED_TRANSFORMATION('','',#11,#499);
#7176 = PRODUCT_DEFINITION_SHAPE('Placement','Placement of an item',
  #7177);
#7177 = NEXT_ASSEMBLY_USAGE_OCCURRENCE('133','=>[0:1:1:27]','',#5,#6913,
  $);
#7178 = CONTEXT_DEPENDENT_SHAPE_REPRESENTATION(#7179,#7181);
#7179 = ( REPRESENTATION_RELATIONSHIP('','',#6918,#10) 
REPRESENTATION_RELATIONSHIP_WITH_TRANSFORMATION(#7180) 
SHAPE_REPRESENTATION_RELATIONSHIP() );
#7180 = ITEM_DEFINED_TRANSFORMATION('','',#11,#503);
#7181 = PRODUCT_DEFINITION_SHAPE('Placement','Placement of an item',
  #7182);
#7182 = NEXT_ASSEMBLY_USAGE_OCCURRENCE('134','=>[0:1:1:27]','',#5,#6913,
  $);
#7183 = CONTEXT_DEPENDENT_SHAPE_REPRESENTATION(#7184,#7186);
#7184 = ( REPRESENTATION_RELATIONSHIP('','',#6918,#10) 
REPRESENTATION_RELATIONSHIP_WITH_TRANSFORMATION(#7185) 
SHAPE_REPRESENTATION_RELATIONSHIP() );
#7185 = ITEM_DEFINED_TRANSFORMATION('','',#11,#507);
#7186 = PRODUCT_DEFINITION_SHAPE('Placement','Placement of an item',
  #7187);
#7187 = NEXT_ASSEMBLY_USAGE_OCCURRENCE('135','=>[0:1:1:27]','',#5,#6913,
  $);
#7188 = CONTEXT_DEPENDENT_SHAPE_REPRESENTATION(#7189,#7191);
#7189 = ( REPRESENTATION_RELATIONSHIP('','',#6918,#10) 
REPRESENTATION_RELATIONSHIP_WITH_TRANSFORMATION(#7190) 
SHAPE_REPRESENTATION_RELATIONSHIP() );
#7190 = ITEM_DEFINED_TRANSFORMATION('','',#11,#511);
#7191 = PRODUCT_DEFINITION_SHAPE('Placement','Placement of an item',
  #7192);
#7192 = NEXT_ASSEMBLY_USAGE_OCCURRENCE('136','=>[0:1:1:27]','',#5,#6913,
  $);
#7193 = CONTEXT_DEPENDENT_SHAPE_REPRESENTATION(#7194,#7196);
#7194 = ( REPRESENTATION_RELATIONSHIP('','',#6918,#10) 
REPRESENTATION_RELATIONSHIP_WITH_TRANSFORMATION(#7195) 
SHAPE_REPRESENTATION_RELATIONSHIP() );
#7195 = ITEM_DEFINED_TRANSFORMATION('','',#11,#515);
#7196 = PRODUCT_DEFINITION_SHAPE('Placement','Placement of an item',
  #7197);
#7197 = NEXT_ASSEMBLY_USAGE_OCCURRENCE('137','=>[0:1:1:27]','',#5,#6913,
  $);
#7198 = CONTEXT_DEPENDENT_SHAPE_REPRESENTATION(#7199,#7201);
#7199 = ( REPRESENTATION_RELATIONSHIP('','',#6918,#10) 
REPRESENTATION_RELATIONSHIP_WITH_TRANSFORMATION(#7200) 
SHAPE_REPRESENTATION_RELATIONSHIP() );
#7200 = ITEM_DEFINED_TRANSFORMATION('','',#11,#519);
#7201 = PRODUCT_DEFINITION_SHAPE('Placement','Placement of an item',
  #7202);
#7202 = NEXT_ASSEMBLY_USAGE_OCCURRENCE('138','=>[0:1:1:27]','',#5,#6913,
  $);
#7203 = CONTEXT_DEPENDENT_SHAPE_REPRESENTATION(#7204,#7206);
#7204 = ( REPRESENTATION_RELATIONSHIP('','',#6918,#10) 
REPRESENTATION_RELATIONSHIP_WITH_TRANSFORMATION(#7205) 
SHAPE_REPRESENTATION_RELATIONSHIP() );
#7205 = ITEM_DEFINED_TRANSFORMATION('','',#11,#523);
#7206 = PRODUCT_DEFINITION_SHAPE('Placement','Placement of an item',
  #7207);
#7207 = NEXT_ASSEMBLY_USAGE_OCCURRENCE('139','=>[0:1:1:27]','',#5,#6913,
  $);
#7208 = CONTEXT_DEPENDENT_SHAPE_REPRESENTATION(#7209,#7211);
#7209 = ( REPRESENTATION_RELATIONSHIP('','',#6918,#10) 
REPRESENTATION_RELATIONSHIP_WITH_TRANSFORMATION(#7210) 
SHAPE_REPRESENTATION_RELATIONSHIP() );
#7210 = ITEM_DEFINED_TRANSFORMATION('','',#11,#527);
#7211 = PRODUCT_DEFINITION_SHAPE('Placement','Placement of an item',
  #7212);
#7212 = NEXT_ASSEMBLY_USAGE_OCCURRENCE('140','=>[0:1:1:27]','',#5,#6913,
  $);
#7213 = CONTEXT_DEPENDENT_SHAPE_REPRESENTATION(#7214,#7216);
#7214 = ( REPRESENTATION_RELATIONSHIP('','',#6918,#10) 
REPRESENTATION_RELATIONSHIP_WITH_TRANSFORMATION(#7215) 
SHAPE_REPRESENTATION_RELATIONSHIP() );
#7215 = ITEM_DEFINED_TRANSFORMATION('','',#11,#531);
#7216 = PRODUCT_DEFINITION_SHAPE('Placement','Placement of an item',
  #7217);
#7217 = NEXT_ASSEMBLY_USAGE_OCCURRENCE('141','=>[0:1:1:27]','',#5,#6913,
  $);
#7218 = CONTEXT_DEPENDENT_SHAPE_REPRESENTATION(#7219,#7221);
#7219 = ( REPRESENTATION_RELATIONSHIP('','',#6918,#10) 
REPRESENTATION_RELATIONSHIP_WITH_TRANSFORMATION(#7220) 
SHAPE_REPRESENTATION_RELATIONSHIP() );
#7220 = ITEM_DEFINED_TRANSFORMATION('','',#11,#535);
#7221 = PRODUCT_DEFINITION_SHAPE('Placement','Placement of an item',
  #7222);
#7222 = NEXT_ASSEMBLY_USAGE_OCCURRENCE('142','=>[0:1:1:27]','',#5,#6913,
  $);
#7223 = SHAPE_DEFINITION_REPRESENTATION(#7224,#7230);
#7224 = PRODUCT_DEFINITION_SHAPE('','',#7225);
#7225 = PRODUCT_DEFINITION('design','',#7226,#7229);
#7226 = PRODUCT_DEFINITION_FORMATION('','',#7227);
#7227 = PRODUCT(
  'USBC1~USB-C_SMD-TYPE-C-31-M-12~USB-C_SMD-TYPE-C-31-M-12~5ZeZ',
  'USBC1~USB-C_SMD-TYPE-C-31-M-12~USB-C_SMD-TYPE-C-31-M-12~5ZeZ','',(
    #7228));
#7228 = PRODUCT_CONTEXT('',#2,'mechanical');
#7229 = PRODUCT_DEFINITION_CONTEXT('part definition',#2,'design');
#7230 = SHAPE_REPRESENTATION('',(#11,#7231),#7235);
#7231 = AXIS2_PLACEMENT_3D('',#7232,#7233,#7234);
#7232 = CARTESIAN_POINT('',(0.,0.,0.));
#7233 = DIRECTION('',(0.,0.,1.));
#7234 = DIRECTION('',(1.,0.,-0.));
#7235 = ( GEOMETRIC_REPRESENTATION_CONTEXT(3) 
GLOBAL_UNCERTAINTY_ASSIGNED_CONTEXT((#7239)) 
GLOBAL_UNIT_ASSIGNED_CONTEXT((#7236,#7237,#7238)) REPRESENTATION_CONTEXT
('Context #1','3D Context with UNIT and UNCERTAINTY') );
#7236 = ( LENGTH_UNIT() NAMED_UNIT(*) SI_UNIT(.MILLI.,.METRE.) );
#7237 = ( NAMED_UNIT(*) PLANE_ANGLE_UNIT() SI_UNIT($,.RADIAN.) );
#7238 = ( NAMED_UNIT(*) SI_UNIT($,.STERADIAN.) SOLID_ANGLE_UNIT() );
#7239 = UNCERTAINTY_MEASURE_WITH_UNIT(LENGTH_MEASURE(1.E-06),#7236,
  'distance_accuracy_value','confusion accuracy');
#7240 = CONTEXT_DEPENDENT_SHAPE_REPRESENTATION(#7241,#7243);
#7241 = ( REPRESENTATION_RELATIONSHIP('','',#7230,#10) 
REPRESENTATION_RELATIONSHIP_WITH_TRANSFORMATION(#7242) 
SHAPE_REPRESENTATION_RELATIONSHIP() );
#7242 = ITEM_DEFINED_TRANSFORMATION('','',#11,#539);
#7243 = PRODUCT_DEFINITION_SHAPE('Placement','Placement of an item',
  #7244);
#7244 = NEXT_ASSEMBLY_USAGE_OCCURRENCE('144','=>[0:1:1:30]','',#5,#7225,
  $);
#7245 = PRODUCT_RELATED_PRODUCT_CATEGORY('part',$,(#7227));
#7246 = SHAPE_DEFINITION_REPRESENTATION(#7247,#7253);
#7247 = PRODUCT_DEFINITION_SHAPE('','',#7248);
#7248 = PRODUCT_DEFINITION('design','',#7249,#7252);
#7249 = PRODUCT_DEFINITION_FORMATION('','',#7250);
#7250 = PRODUCT(
  'USBC3~USB-C_SMD-TYPE-C-31-M-12~USB-C_SMD-TYPE-C-31-M-12~5ZeZ',
  'USBC3~USB-C_SMD-TYPE-C-31-M-12~USB-C_SMD-TYPE-C-31-M-12~5ZeZ','',(
    #7251));
#7251 = PRODUCT_CONTEXT('',#2,'mechanical');
#7252 = PRODUCT_DEFINITION_CONTEXT('part definition',#2,'design');
#7253 = ADVANCED_BREP_SHAPE_REPRESENTATION('',(#11,#7254),#7392);
#7254 = MANIFOLD_SOLID_BREP('',#7255);
#7255 = CLOSED_SHELL('',(#7256,#7292,#7328,#7348,#7368,#7380));
#7256 = ADVANCED_FACE('',(#7257),#7287,.F.);
#7257 = FACE_BOUND('',#7258,.F.);
#7258 = EDGE_LOOP('',(#7259,#7268,#7275,#7282));
#7259 = ORIENTED_EDGE('',*,*,#7260,.F.);
#7260 = EDGE_CURVE('',#7261,#7263,#7265,.T.);
#7261 = VERTEX_POINT('',#7262);
#7262 = CARTESIAN_POINT('',(4.47,2.805956311913,-1.));
#7263 = VERTEX_POINT('',#7264);
#7264 = CARTESIAN_POINT('',(4.47,2.805956311913,-0.237998475997));
#7265 = B_SPLINE_CURVE_WITH_KNOTS('',1,(#7266,#7267),.UNSPECIFIED.,.F.,
  .F.,(2,2),(0.,0.762001524003),.PIECEWISE_BEZIER_KNOTS.);
#7266 = CARTESIAN_POINT('',(4.47,2.805956311913,-1.));
#7267 = CARTESIAN_POINT('',(4.47,2.805956311913,-0.237998475997));
#7268 = ORIENTED_EDGE('',*,*,#7269,.T.);
#7269 = EDGE_CURVE('',#7261,#7270,#7272,.T.);
#7270 = VERTEX_POINT('',#7271);
#7271 = CARTESIAN_POINT('',(4.47,-5.094043688087,-1.));
#7272 = B_SPLINE_CURVE_WITH_KNOTS('',1,(#7273,#7274),.UNSPECIFIED.,.F.,
  .F.,(2,2),(0.,0.762001524003),.PIECEWISE_BEZIER_KNOTS.);
#7273 = CARTESIAN_POINT('',(4.47,2.805956311913,-1.));
#7274 = CARTESIAN_POINT('',(4.47,-5.094043688087,-1.));
#7275 = ORIENTED_EDGE('',*,*,#7276,.T.);
#7276 = EDGE_CURVE('',#7270,#7277,#7279,.T.);
#7277 = VERTEX_POINT('',#7278);
#7278 = CARTESIAN_POINT('',(4.47,-5.094043688087,-0.237998475997));
#7279 = B_SPLINE_CURVE_WITH_KNOTS('',1,(#7280,#7281),.UNSPECIFIED.,.F.,
  .F.,(2,2),(0.,0.762001524003),.PIECEWISE_BEZIER_KNOTS.);
#7280 = CARTESIAN_POINT('',(4.47,-5.094043688087,-1.));
#7281 = CARTESIAN_POINT('',(4.47,-5.094043688087,-0.237998475997));
#7282 = ORIENTED_EDGE('',*,*,#7283,.F.);
#7283 = EDGE_CURVE('',#7263,#7277,#7284,.T.);
#7284 = B_SPLINE_CURVE_WITH_KNOTS('',1,(#7285,#7286),.UNSPECIFIED.,.F.,
  .F.,(2,2),(0.,0.762001524003),.PIECEWISE_BEZIER_KNOTS.);
#7285 = CARTESIAN_POINT('',(4.47,2.805956311913,-0.237998475997));
#7286 = CARTESIAN_POINT('',(4.47,-5.094043688087,-0.237998475997));
#7287 = B_SPLINE_SURFACE_WITH_KNOTS('',1,1,(
    (#7288,#7289)
    ,(#7290,#7291
    )),.UNSPECIFIED.,.F.,.F.,.F.,(2,2),(2,2),(0.,0.762001524003),(
    -0.762001524003,0.),.PIECEWISE_BEZIER_KNOTS.);
#7288 = CARTESIAN_POINT('',(4.47,-5.094043688087,-1.));
#7289 = CARTESIAN_POINT('',(4.47,2.805956311913,-1.));
#7290 = CARTESIAN_POINT('',(4.47,-5.094043688087,-0.237998475997));
#7291 = CARTESIAN_POINT('',(4.47,2.805956311913,-0.237998475997));
#7292 = ADVANCED_FACE('',(#7293),#7323,.T.);
#7293 = FACE_BOUND('',#7294,.T.);
#7294 = EDGE_LOOP('',(#7295,#7304,#7311,#7318));
#7295 = ORIENTED_EDGE('',*,*,#7296,.F.);
#7296 = EDGE_CURVE('',#7297,#7299,#7301,.T.);
#7297 = VERTEX_POINT('',#7298);
#7298 = CARTESIAN_POINT('',(-4.47,2.805956311913,-1.));
#7299 = VERTEX_POINT('',#7300);
#7300 = CARTESIAN_POINT('',(-4.47,2.805956311913,-0.237998475997));
#7301 = B_SPLINE_CURVE_WITH_KNOTS('',1,(#7302,#7303),.UNSPECIFIED.,.F.,
  .F.,(2,2),(0.,0.762001524003),.PIECEWISE_BEZIER_KNOTS.);
#7302 = CARTESIAN_POINT('',(-4.47,2.805956311913,-1.));
#7303 = CARTESIAN_POINT('',(-4.47,2.805956311913,-0.237998475997));
#7304 = ORIENTED_EDGE('',*,*,#7305,.T.);
#7305 = EDGE_CURVE('',#7297,#7306,#7308,.T.);
#7306 = VERTEX_POINT('',#7307);
#7307 = CARTESIAN_POINT('',(-4.47,-5.094043688087,-1.));
#7308 = B_SPLINE_CURVE_WITH_KNOTS('',1,(#7309,#7310),.UNSPECIFIED.,.F.,
  .F.,(2,2),(0.,0.762001524003),.PIECEWISE_BEZIER_KNOTS.);
#7309 = CARTESIAN_POINT('',(-4.47,2.805956311913,-1.));
#7310 = CARTESIAN_POINT('',(-4.47,-5.094043688087,-1.));
#7311 = ORIENTED_EDGE('',*,*,#7312,.T.);
#7312 = EDGE_CURVE('',#7306,#7313,#7315,.T.);
#7313 = VERTEX_POINT('',#7314);
#7314 = CARTESIAN_POINT('',(-4.47,-5.094043688087,-0.237998475997));
#7315 = B_SPLINE_CURVE_WITH_KNOTS('',1,(#7316,#7317),.UNSPECIFIED.,.F.,
  .F.,(2,2),(0.,0.762001524003),.PIECEWISE_BEZIER_KNOTS.);
#7316 = CARTESIAN_POINT('',(-4.47,-5.094043688087,-1.));
#7317 = CARTESIAN_POINT('',(-4.47,-5.094043688087,-0.237998475997));
#7318 = ORIENTED_EDGE('',*,*,#7319,.F.);
#7319 = EDGE_CURVE('',#7299,#7313,#7320,.T.);
#7320 = B_SPLINE_CURVE_WITH_KNOTS('',1,(#7321,#7322),.UNSPECIFIED.,.F.,
  .F.,(2,2),(0.,0.762001524003),.PIECEWISE_BEZIER_KNOTS.);
#7321 = CARTESIAN_POINT('',(-4.47,2.805956311913,-0.237998475997));
#7322 = CARTESIAN_POINT('',(-4.47,-5.094043688087,-0.237998475997));
#7323 = B_SPLINE_SURFACE_WITH_KNOTS('',1,1,(
    (#7324,#7325)
    ,(#7326,#7327
    )),.UNSPECIFIED.,.F.,.F.,.F.,(2,2),(2,2),(0.,0.762001524003),(
    -0.762001524003,0.),.PIECEWISE_BEZIER_KNOTS.);
#7324 = CARTESIAN_POINT('',(-4.47,-5.094043688087,-1.));
#7325 = CARTESIAN_POINT('',(-4.47,2.805956311913,-1.));
#7326 = CARTESIAN_POINT('',(-4.47,-5.094043688087,-0.237998475997));
#7327 = CARTESIAN_POINT('',(-4.47,2.805956311913,-0.237998475997));
#7328 = ADVANCED_FACE('',(#7329),#7343,.F.);
#7329 = FACE_BOUND('',#7330,.F.);
#7330 = EDGE_LOOP('',(#7331,#7336,#7337,#7342));
#7331 = ORIENTED_EDGE('',*,*,#7332,.F.);
#7332 = EDGE_CURVE('',#7261,#7297,#7333,.T.);
#7333 = B_SPLINE_CURVE_WITH_KNOTS('',1,(#7334,#7335),.UNSPECIFIED.,.F.,
  .F.,(2,2),(0.,0.762001524003),.PIECEWISE_BEZIER_KNOTS.);
#7334 = CARTESIAN_POINT('',(4.47,2.805956311913,-1.));
#7335 = CARTESIAN_POINT('',(-4.47,2.805956311913,-1.));
#7336 = ORIENTED_EDGE('',*,*,#7260,.T.);
#7337 = ORIENTED_EDGE('',*,*,#7338,.T.);
#7338 = EDGE_CURVE('',#7263,#7299,#7339,.T.);
#7339 = B_SPLINE_CURVE_WITH_KNOTS('',1,(#7340,#7341),.UNSPECIFIED.,.F.,
  .F.,(2,2),(0.,0.762001524003),.PIECEWISE_BEZIER_KNOTS.);
#7340 = CARTESIAN_POINT('',(4.47,2.805956311913,-0.237998475997));
#7341 = CARTESIAN_POINT('',(-4.47,2.805956311913,-0.237998475997));
#7342 = ORIENTED_EDGE('',*,*,#7296,.F.);
#7343 = B_SPLINE_SURFACE_WITH_KNOTS('',1,1,(
    (#7344,#7345)
    ,(#7346,#7347
    )),.UNSPECIFIED.,.F.,.F.,.F.,(2,2),(2,2),(0.,0.762001524003),(0.,
    0.762001524003),.PIECEWISE_BEZIER_KNOTS.);
#7344 = CARTESIAN_POINT('',(4.47,2.805956311913,-1.));
#7345 = CARTESIAN_POINT('',(-4.47,2.805956311913,-1.));
#7346 = CARTESIAN_POINT('',(4.47,2.805956311913,-0.237998475997));
#7347 = CARTESIAN_POINT('',(-4.47,2.805956311913,-0.237998475997));
#7348 = ADVANCED_FACE('',(#7349),#7363,.T.);
#7349 = FACE_BOUND('',#7350,.T.);
#7350 = EDGE_LOOP('',(#7351,#7356,#7357,#7362));
#7351 = ORIENTED_EDGE('',*,*,#7352,.F.);
#7352 = EDGE_CURVE('',#7270,#7306,#7353,.T.);
#7353 = B_SPLINE_CURVE_WITH_KNOTS('',1,(#7354,#7355),.UNSPECIFIED.,.F.,
  .F.,(2,2),(0.,0.762001524003),.PIECEWISE_BEZIER_KNOTS.);
#7354 = CARTESIAN_POINT('',(4.47,-5.094043688087,-1.));
#7355 = CARTESIAN_POINT('',(-4.47,-5.094043688087,-1.));
#7356 = ORIENTED_EDGE('',*,*,#7276,.T.);
#7357 = ORIENTED_EDGE('',*,*,#7358,.T.);
#7358 = EDGE_CURVE('',#7277,#7313,#7359,.T.);
#7359 = B_SPLINE_CURVE_WITH_KNOTS('',1,(#7360,#7361),.UNSPECIFIED.,.F.,
  .F.,(2,2),(0.,0.762001524003),.PIECEWISE_BEZIER_KNOTS.);
#7360 = CARTESIAN_POINT('',(4.47,-5.094043688087,-0.237998475997));
#7361 = CARTESIAN_POINT('',(-4.47,-5.094043688087,-0.237998475997));
#7362 = ORIENTED_EDGE('',*,*,#7312,.F.);
#7363 = B_SPLINE_SURFACE_WITH_KNOTS('',1,1,(
    (#7364,#7365)
    ,(#7366,#7367
    )),.UNSPECIFIED.,.F.,.F.,.F.,(2,2),(2,2),(0.,0.762001524003),(0.,
    0.762001524003),.PIECEWISE_BEZIER_KNOTS.);
#7364 = CARTESIAN_POINT('',(4.47,-5.094043688087,-1.));
#7365 = CARTESIAN_POINT('',(-4.47,-5.094043688087,-1.));
#7366 = CARTESIAN_POINT('',(4.47,-5.094043688087,-0.237998475997));
#7367 = CARTESIAN_POINT('',(-4.47,-5.094043688087,-0.237998475997));
#7368 = ADVANCED_FACE('',(#7369),#7375,.F.);
#7369 = FACE_BOUND('',#7370,.F.);
#7370 = EDGE_LOOP('',(#7371,#7372,#7373,#7374));
#7371 = ORIENTED_EDGE('',*,*,#7269,.F.);
#7372 = ORIENTED_EDGE('',*,*,#7332,.T.);
#7373 = ORIENTED_EDGE('',*,*,#7305,.T.);
#7374 = ORIENTED_EDGE('',*,*,#7352,.F.);
#7375 = B_SPLINE_SURFACE_WITH_KNOTS('',1,1,(
    (#7376,#7377)
    ,(#7378,#7379
    )),.UNSPECIFIED.,.F.,.F.,.F.,(2,2),(2,2),(0.,0.762001524003),(0.,
    0.762001524003),.PIECEWISE_BEZIER_KNOTS.);
#7376 = CARTESIAN_POINT('',(4.47,2.805956311913,-1.));
#7377 = CARTESIAN_POINT('',(4.47,-5.094043688087,-1.));
#7378 = CARTESIAN_POINT('',(-4.47,2.805956311913,-1.));
#7379 = CARTESIAN_POINT('',(-4.47,-5.094043688087,-1.));
#7380 = ADVANCED_FACE('',(#7381),#7387,.T.);
#7381 = FACE_BOUND('',#7382,.T.);
#7382 = EDGE_LOOP('',(#7383,#7384,#7385,#7386));
#7383 = ORIENTED_EDGE('',*,*,#7283,.F.);
#7384 = ORIENTED_EDGE('',*,*,#7338,.T.);
#7385 = ORIENTED_EDGE('',*,*,#7319,.T.);
#7386 = ORIENTED_EDGE('',*,*,#7358,.F.);
#7387 = B_SPLINE_SURFACE_WITH_KNOTS('',1,1,(
    (#7388,#7389)
    ,(#7390,#7391
    )),.UNSPECIFIED.,.F.,.F.,.F.,(2,2),(2,2),(0.,0.762001524003),(0.,
    0.762001524003),.PIECEWISE_BEZIER_KNOTS.);
#7388 = CARTESIAN_POINT('',(4.47,2.805956311913,-0.237998475997));
#7389 = CARTESIAN_POINT('',(4.47,-5.094043688087,-0.237998475997));
#7390 = CARTESIAN_POINT('',(-4.47,2.805956311913,-0.237998475997));
#7391 = CARTESIAN_POINT('',(-4.47,-5.094043688087,-0.237998475997));
#7392 = ( GEOMETRIC_REPRESENTATION_CONTEXT(3) 
GLOBAL_UNCERTAINTY_ASSIGNED_CONTEXT((#7396)) 
GLOBAL_UNIT_ASSIGNED_CONTEXT((#7393,#7394,#7395)) REPRESENTATION_CONTEXT
('Context #1','3D Context with UNIT and UNCERTAINTY') );
#7393 = ( LENGTH_UNIT() NAMED_UNIT(*) SI_UNIT(.MILLI.,.METRE.) );
#7394 = ( NAMED_UNIT(*) PLANE_ANGLE_UNIT() SI_UNIT($,.RADIAN.) );
#7395 = ( NAMED_UNIT(*) SI_UNIT($,.STERADIAN.) SOLID_ANGLE_UNIT() );
#7396 = UNCERTAINTY_MEASURE_WITH_UNIT(LENGTH_MEASURE(1.E-06),#7393,
  'distance_accuracy_value','confusion accuracy');
#7397 = CONTEXT_DEPENDENT_SHAPE_REPRESENTATION(#7398,#7400);
#7398 = ( REPRESENTATION_RELATIONSHIP('','',#7253,#7230) 
REPRESENTATION_RELATIONSHIP_WITH_TRANSFORMATION(#7399) 
SHAPE_REPRESENTATION_RELATIONSHIP() );
#7399 = ITEM_DEFINED_TRANSFORMATION('','',#11,#7231);
#7400 = PRODUCT_DEFINITION_SHAPE('Placement','Placement of an item',
  #7401);
#7401 = NEXT_ASSEMBLY_USAGE_OCCURRENCE('143','=>[0:1:1:29]','',#7225,
  #7248,$);
#7402 = PRODUCT_RELATED_PRODUCT_CATEGORY('part',$,(#7250));
#7403 = CONTEXT_DEPENDENT_SHAPE_REPRESENTATION(#7404,#7406);
#7404 = ( REPRESENTATION_RELATIONSHIP('','',#7253,#10) 
REPRESENTATION_RELATIONSHIP_WITH_TRANSFORMATION(#7405) 
SHAPE_REPRESENTATION_RELATIONSHIP() );
#7405 = ITEM_DEFINED_TRANSFORMATION('','',#11,#543);
#7406 = PRODUCT_DEFINITION_SHAPE('Placement','Placement of an item',
  #7407);
#7407 = NEXT_ASSEMBLY_USAGE_OCCURRENCE('145','=>[0:1:1:29]','',#5,#7248,
  $);
#7408 = CONTEXT_DEPENDENT_SHAPE_REPRESENTATION(#7409,#7411);
#7409 = ( REPRESENTATION_RELATIONSHIP('','',#7253,#10) 
REPRESENTATION_RELATIONSHIP_WITH_TRANSFORMATION(#7410) 
SHAPE_REPRESENTATION_RELATIONSHIP() );
#7410 = ITEM_DEFINED_TRANSFORMATION('','',#11,#547);
#7411 = PRODUCT_DEFINITION_SHAPE('Placement','Placement of an item',
  #7412);
#7412 = NEXT_ASSEMBLY_USAGE_OCCURRENCE('146','=>[0:1:1:29]','',#5,#7248,
  $);
#7413 = SHAPE_DEFINITION_REPRESENTATION(#7414,#7420);
#7414 = PRODUCT_DEFINITION_SHAPE('','',#7415);
#7415 = PRODUCT_DEFINITION('design','',#7416,#7419);
#7416 = PRODUCT_DEFINITION_FORMATION('','',#7417);
#7417 = PRODUCT('C40~C0402~C0402_L1.0-W0.5-H0.5~5ZeZ',
  'C40~C0402~C0402_L1.0-W0.5-H0.5~5ZeZ','',(#7418));
#7418 = PRODUCT_CONTEXT('',#2,'mechanical');
#7419 = PRODUCT_DEFINITION_CONTEXT('part definition',#2,'design');
#7420 = SHAPE_REPRESENTATION('',(#11,#7421),#7425);
#7421 = AXIS2_PLACEMENT_3D('',#7422,#7423,#7424);
#7422 = CARTESIAN_POINT('',(0.,0.,0.));
#7423 = DIRECTION('',(0.,0.,1.));
#7424 = DIRECTION('',(1.,0.,-0.));
#7425 = ( GEOMETRIC_REPRESENTATION_CONTEXT(3) 
GLOBAL_UNCERTAINTY_ASSIGNED_CONTEXT((#7429)) 
GLOBAL_UNIT_ASSIGNED_CONTEXT((#7426,#7427,#7428)) REPRESENTATION_CONTEXT
('Context #1','3D Context with UNIT and UNCERTAINTY') );
#7426 = ( LENGTH_UNIT() NAMED_UNIT(*) SI_UNIT(.MILLI.,.METRE.) );
#7427 = ( NAMED_UNIT(*) PLANE_ANGLE_UNIT() SI_UNIT($,.RADIAN.) );
#7428 = ( NAMED_UNIT(*) SI_UNIT($,.STERADIAN.) SOLID_ANGLE_UNIT() );
#7429 = UNCERTAINTY_MEASURE_WITH_UNIT(LENGTH_MEASURE(1.E-07),#7426,
  'distance_accuracy_value','confusion accuracy');
#7430 = CONTEXT_DEPENDENT_SHAPE_REPRESENTATION(#7431,#7433);
#7431 = ( REPRESENTATION_RELATIONSHIP('','',#7420,#10) 
REPRESENTATION_RELATIONSHIP_WITH_TRANSFORMATION(#7432) 
SHAPE_REPRESENTATION_RELATIONSHIP() );
#7432 = ITEM_DEFINED_TRANSFORMATION('','',#11,#551);
#7433 = PRODUCT_DEFINITION_SHAPE('Placement','Placement of an item',
  #7434);
#7434 = NEXT_ASSEMBLY_USAGE_OCCURRENCE('148','=>[0:1:1:32]','',#5,#7415,
  $);
#7435 = PRODUCT_RELATED_PRODUCT_CATEGORY('part',$,(#7417));
#7436 = SHAPE_DEFINITION_REPRESENTATION(#7437,#7443);
#7437 = PRODUCT_DEFINITION_SHAPE('','',#7438);
#7438 = PRODUCT_DEFINITION('design','',#7439,#7442);
#7439 = PRODUCT_DEFINITION_FORMATION('','',#7440);
#7440 = PRODUCT('C203~C0402~C0402_L1.0-W0.5-H0.5~5ZeZ',
  'C203~C0402~C0402_L1.0-W0.5-H0.5~5ZeZ','',(#7441));
#7441 = PRODUCT_CONTEXT('',#2,'mechanical');
#7442 = PRODUCT_DEFINITION_CONTEXT('part definition',#2,'design');
#7443 = ADVANCED_BREP_SHAPE_REPRESENTATION('',(#11,#7444),#7582);
#7444 = MANIFOLD_SOLID_BREP('',#7445);
#7445 = CLOSED_SHELL('',(#7446,#7482,#7518,#7538,#7558,#7570));
#7446 = ADVANCED_FACE('',(#7447),#7477,.F.);
#7447 = FACE_BOUND('',#7448,.F.);
#7448 = EDGE_LOOP('',(#7449,#7458,#7465,#7472));
#7449 = ORIENTED_EDGE('',*,*,#7450,.F.);
#7450 = EDGE_CURVE('',#7451,#7453,#7455,.T.);
#7451 = VERTEX_POINT('',#7452);
#7452 = CARTESIAN_POINT('',(-0.5,-0.25,0.));
#7453 = VERTEX_POINT('',#7454);
#7454 = CARTESIAN_POINT('',(-0.5,-0.25,0.762001524003));
#7455 = B_SPLINE_CURVE_WITH_KNOTS('',1,(#7456,#7457),.UNSPECIFIED.,.F.,
  .F.,(2,2),(0.,0.762001524003),.PIECEWISE_BEZIER_KNOTS.);
#7456 = CARTESIAN_POINT('',(-0.5,-0.25,0.));
#7457 = CARTESIAN_POINT('',(-0.5,-0.25,0.762001524003));
#7458 = ORIENTED_EDGE('',*,*,#7459,.T.);
#7459 = EDGE_CURVE('',#7451,#7460,#7462,.T.);
#7460 = VERTEX_POINT('',#7461);
#7461 = CARTESIAN_POINT('',(-0.5,0.25,0.));
#7462 = B_SPLINE_CURVE_WITH_KNOTS('',1,(#7463,#7464),.UNSPECIFIED.,.F.,
  .F.,(2,2),(0.,0.762001524003),.PIECEWISE_BEZIER_KNOTS.);
#7463 = CARTESIAN_POINT('',(-0.5,-0.25,0.));
#7464 = CARTESIAN_POINT('',(-0.5,0.25,0.));
#7465 = ORIENTED_EDGE('',*,*,#7466,.T.);
#7466 = EDGE_CURVE('',#7460,#7467,#7469,.T.);
#7467 = VERTEX_POINT('',#7468);
#7468 = CARTESIAN_POINT('',(-0.5,0.25,0.762001524003));
#7469 = B_SPLINE_CURVE_WITH_KNOTS('',1,(#7470,#7471),.UNSPECIFIED.,.F.,
  .F.,(2,2),(0.,0.762001524003),.PIECEWISE_BEZIER_KNOTS.);
#7470 = CARTESIAN_POINT('',(-0.5,0.25,0.));
#7471 = CARTESIAN_POINT('',(-0.5,0.25,0.762001524003));
#7472 = ORIENTED_EDGE('',*,*,#7473,.F.);
#7473 = EDGE_CURVE('',#7453,#7467,#7474,.T.);
#7474 = B_SPLINE_CURVE_WITH_KNOTS('',1,(#7475,#7476),.UNSPECIFIED.,.F.,
  .F.,(2,2),(0.,0.762001524003),.PIECEWISE_BEZIER_KNOTS.);
#7475 = CARTESIAN_POINT('',(-0.5,-0.25,0.762001524003));
#7476 = CARTESIAN_POINT('',(-0.5,0.25,0.762001524003));
#7477 = B_SPLINE_SURFACE_WITH_KNOTS('',1,1,(
    (#7478,#7479)
    ,(#7480,#7481
    )),.UNSPECIFIED.,.F.,.F.,.F.,(2,2),(2,2),(0.,0.762001524003),(
    -0.762001524003,0.),.PIECEWISE_BEZIER_KNOTS.);
#7478 = CARTESIAN_POINT('',(-0.5,0.25,0.));
#7479 = CARTESIAN_POINT('',(-0.5,-0.25,0.));
#7480 = CARTESIAN_POINT('',(-0.5,0.25,0.762001524003));
#7481 = CARTESIAN_POINT('',(-0.5,-0.25,0.762001524003));
#7482 = ADVANCED_FACE('',(#7483),#7513,.T.);
#7483 = FACE_BOUND('',#7484,.T.);
#7484 = EDGE_LOOP('',(#7485,#7494,#7501,#7508));
#7485 = ORIENTED_EDGE('',*,*,#7486,.F.);
#7486 = EDGE_CURVE('',#7487,#7489,#7491,.T.);
#7487 = VERTEX_POINT('',#7488);
#7488 = CARTESIAN_POINT('',(0.5,-0.25,0.));
#7489 = VERTEX_POINT('',#7490);
#7490 = CARTESIAN_POINT('',(0.5,-0.25,0.762001524003));
#7491 = B_SPLINE_CURVE_WITH_KNOTS('',1,(#7492,#7493),.UNSPECIFIED.,.F.,
  .F.,(2,2),(0.,0.762001524003),.PIECEWISE_BEZIER_KNOTS.);
#7492 = CARTESIAN_POINT('',(0.5,-0.25,0.));
#7493 = CARTESIAN_POINT('',(0.5,-0.25,0.762001524003));
#7494 = ORIENTED_EDGE('',*,*,#7495,.T.);
#7495 = EDGE_CURVE('',#7487,#7496,#7498,.T.);
#7496 = VERTEX_POINT('',#7497);
#7497 = CARTESIAN_POINT('',(0.5,0.25,0.));
#7498 = B_SPLINE_CURVE_WITH_KNOTS('',1,(#7499,#7500),.UNSPECIFIED.,.F.,
  .F.,(2,2),(0.,0.762001524003),.PIECEWISE_BEZIER_KNOTS.);
#7499 = CARTESIAN_POINT('',(0.5,-0.25,0.));
#7500 = CARTESIAN_POINT('',(0.5,0.25,0.));
#7501 = ORIENTED_EDGE('',*,*,#7502,.T.);
#7502 = EDGE_CURVE('',#7496,#7503,#7505,.T.);
#7503 = VERTEX_POINT('',#7504);
#7504 = CARTESIAN_POINT('',(0.5,0.25,0.762001524003));
#7505 = B_SPLINE_CURVE_WITH_KNOTS('',1,(#7506,#7507),.UNSPECIFIED.,.F.,
  .F.,(2,2),(0.,0.762001524003),.PIECEWISE_BEZIER_KNOTS.);
#7506 = CARTESIAN_POINT('',(0.5,0.25,0.));
#7507 = CARTESIAN_POINT('',(0.5,0.25,0.762001524003));
#7508 = ORIENTED_EDGE('',*,*,#7509,.F.);
#7509 = EDGE_CURVE('',#7489,#7503,#7510,.T.);
#7510 = B_SPLINE_CURVE_WITH_KNOTS('',1,(#7511,#7512),.UNSPECIFIED.,.F.,
  .F.,(2,2),(0.,0.762001524003),.PIECEWISE_BEZIER_KNOTS.);
#7511 = CARTESIAN_POINT('',(0.5,-0.25,0.762001524003));
#7512 = CARTESIAN_POINT('',(0.5,0.25,0.762001524003));
#7513 = B_SPLINE_SURFACE_WITH_KNOTS('',1,1,(
    (#7514,#7515)
    ,(#7516,#7517
    )),.UNSPECIFIED.,.F.,.F.,.F.,(2,2),(2,2),(0.,0.762001524003),(
    -0.762001524003,0.),.PIECEWISE_BEZIER_KNOTS.);
#7514 = CARTESIAN_POINT('',(0.5,0.25,0.));
#7515 = CARTESIAN_POINT('',(0.5,-0.25,0.));
#7516 = CARTESIAN_POINT('',(0.5,0.25,0.762001524003));
#7517 = CARTESIAN_POINT('',(0.5,-0.25,0.762001524003));
#7518 = ADVANCED_FACE('',(#7519),#7533,.F.);
#7519 = FACE_BOUND('',#7520,.F.);
#7520 = EDGE_LOOP('',(#7521,#7526,#7527,#7532));
#7521 = ORIENTED_EDGE('',*,*,#7522,.F.);
#7522 = EDGE_CURVE('',#7451,#7487,#7523,.T.);
#7523 = B_SPLINE_CURVE_WITH_KNOTS('',1,(#7524,#7525),.UNSPECIFIED.,.F.,
  .F.,(2,2),(0.,0.762001524003),.PIECEWISE_BEZIER_KNOTS.);
#7524 = CARTESIAN_POINT('',(-0.5,-0.25,0.));
#7525 = CARTESIAN_POINT('',(0.5,-0.25,0.));
#7526 = ORIENTED_EDGE('',*,*,#7450,.T.);
#7527 = ORIENTED_EDGE('',*,*,#7528,.T.);
#7528 = EDGE_CURVE('',#7453,#7489,#7529,.T.);
#7529 = B_SPLINE_CURVE_WITH_KNOTS('',1,(#7530,#7531),.UNSPECIFIED.,.F.,
  .F.,(2,2),(0.,0.762001524003),.PIECEWISE_BEZIER_KNOTS.);
#7530 = CARTESIAN_POINT('',(-0.5,-0.25,0.762001524003));
#7531 = CARTESIAN_POINT('',(0.5,-0.25,0.762001524003));
#7532 = ORIENTED_EDGE('',*,*,#7486,.F.);
#7533 = B_SPLINE_SURFACE_WITH_KNOTS('',1,1,(
    (#7534,#7535)
    ,(#7536,#7537
    )),.UNSPECIFIED.,.F.,.F.,.F.,(2,2),(2,2),(0.,0.762001524003),(0.,
    0.762001524003),.PIECEWISE_BEZIER_KNOTS.);
#7534 = CARTESIAN_POINT('',(-0.5,-0.25,0.));
#7535 = CARTESIAN_POINT('',(0.5,-0.25,0.));
#7536 = CARTESIAN_POINT('',(-0.5,-0.25,0.762001524003));
#7537 = CARTESIAN_POINT('',(0.5,-0.25,0.762001524003));
#7538 = ADVANCED_FACE('',(#7539),#7553,.T.);
#7539 = FACE_BOUND('',#7540,.T.);
#7540 = EDGE_LOOP('',(#7541,#7546,#7547,#7552));
#7541 = ORIENTED_EDGE('',*,*,#7542,.F.);
#7542 = EDGE_CURVE('',#7460,#7496,#7543,.T.);
#7543 = B_SPLINE_CURVE_WITH_KNOTS('',1,(#7544,#7545),.UNSPECIFIED.,.F.,
  .F.,(2,2),(0.,0.762001524003),.PIECEWISE_BEZIER_KNOTS.);
#7544 = CARTESIAN_POINT('',(-0.5,0.25,0.));
#7545 = CARTESIAN_POINT('',(0.5,0.25,0.));
#7546 = ORIENTED_EDGE('',*,*,#7466,.T.);
#7547 = ORIENTED_EDGE('',*,*,#7548,.T.);
#7548 = EDGE_CURVE('',#7467,#7503,#7549,.T.);
#7549 = B_SPLINE_CURVE_WITH_KNOTS('',1,(#7550,#7551),.UNSPECIFIED.,.F.,
  .F.,(2,2),(0.,0.762001524003),.PIECEWISE_BEZIER_KNOTS.);
#7550 = CARTESIAN_POINT('',(-0.5,0.25,0.762001524003));
#7551 = CARTESIAN_POINT('',(0.5,0.25,0.762001524003));
#7552 = ORIENTED_EDGE('',*,*,#7502,.F.);
#7553 = B_SPLINE_SURFACE_WITH_KNOTS('',1,1,(
    (#7554,#7555)
    ,(#7556,#7557
    )),.UNSPECIFIED.,.F.,.F.,.F.,(2,2),(2,2),(0.,0.762001524003),(0.,
    0.762001524003),.PIECEWISE_BEZIER_KNOTS.);
#7554 = CARTESIAN_POINT('',(-0.5,0.25,0.));
#7555 = CARTESIAN_POINT('',(0.5,0.25,0.));
#7556 = CARTESIAN_POINT('',(-0.5,0.25,0.762001524003));
#7557 = CARTESIAN_POINT('',(0.5,0.25,0.762001524003));
#7558 = ADVANCED_FACE('',(#7559),#7565,.F.);
#7559 = FACE_BOUND('',#7560,.F.);
#7560 = EDGE_LOOP('',(#7561,#7562,#7563,#7564));
#7561 = ORIENTED_EDGE('',*,*,#7459,.F.);
#7562 = ORIENTED_EDGE('',*,*,#7522,.T.);
#7563 = ORIENTED_EDGE('',*,*,#7495,.T.);
#7564 = ORIENTED_EDGE('',*,*,#7542,.F.);
#7565 = B_SPLINE_SURFACE_WITH_KNOTS('',1,1,(
    (#7566,#7567)
    ,(#7568,#7569
    )),.UNSPECIFIED.,.F.,.F.,.F.,(2,2),(2,2),(0.,0.762001524003),(0.,
    0.762001524003),.PIECEWISE_BEZIER_KNOTS.);
#7566 = CARTESIAN_POINT('',(-0.5,-0.25,0.));
#7567 = CARTESIAN_POINT('',(-0.5,0.25,0.));
#7568 = CARTESIAN_POINT('',(0.5,-0.25,0.));
#7569 = CARTESIAN_POINT('',(0.5,0.25,0.));
#7570 = ADVANCED_FACE('',(#7571),#7577,.T.);
#7571 = FACE_BOUND('',#7572,.T.);
#7572 = EDGE_LOOP('',(#7573,#7574,#7575,#7576));
#7573 = ORIENTED_EDGE('',*,*,#7473,.F.);
#7574 = ORIENTED_EDGE('',*,*,#7528,.T.);
#7575 = ORIENTED_EDGE('',*,*,#7509,.T.);
#7576 = ORIENTED_EDGE('',*,*,#7548,.F.);
#7577 = B_SPLINE_SURFACE_WITH_KNOTS('',1,1,(
    (#7578,#7579)
    ,(#7580,#7581
    )),.UNSPECIFIED.,.F.,.F.,.F.,(2,2),(2,2),(0.,0.762001524003),(0.,
    0.762001524003),.PIECEWISE_BEZIER_KNOTS.);
#7578 = CARTESIAN_POINT('',(-0.5,-0.25,0.762001524003));
#7579 = CARTESIAN_POINT('',(-0.5,0.25,0.762001524003));
#7580 = CARTESIAN_POINT('',(0.5,-0.25,0.762001524003));
#7581 = CARTESIAN_POINT('',(0.5,0.25,0.762001524003));
#7582 = ( GEOMETRIC_REPRESENTATION_CONTEXT(3) 
GLOBAL_UNCERTAINTY_ASSIGNED_CONTEXT((#7586)) 
GLOBAL_UNIT_ASSIGNED_CONTEXT((#7583,#7584,#7585)) REPRESENTATION_CONTEXT
('Context #1','3D Context with UNIT and UNCERTAINTY') );
#7583 = ( LENGTH_UNIT() NAMED_UNIT(*) SI_UNIT(.MILLI.,.METRE.) );
#7584 = ( NAMED_UNIT(*) PLANE_ANGLE_UNIT() SI_UNIT($,.RADIAN.) );
#7585 = ( NAMED_UNIT(*) SI_UNIT($,.STERADIAN.) SOLID_ANGLE_UNIT() );
#7586 = UNCERTAINTY_MEASURE_WITH_UNIT(LENGTH_MEASURE(1.E-07),#7583,
  'distance_accuracy_value','confusion accuracy');
#7587 = CONTEXT_DEPENDENT_SHAPE_REPRESENTATION(#7588,#7590);
#7588 = ( REPRESENTATION_RELATIONSHIP('','',#7443,#7420) 
REPRESENTATION_RELATIONSHIP_WITH_TRANSFORMATION(#7589) 
SHAPE_REPRESENTATION_RELATIONSHIP() );
#7589 = ITEM_DEFINED_TRANSFORMATION('','',#11,#7421);
#7590 = PRODUCT_DEFINITION_SHAPE('Placement','Placement of an item',
  #7591);
#7591 = NEXT_ASSEMBLY_USAGE_OCCURRENCE('147','=>[0:1:1:31]','',#7415,
  #7438,$);
#7592 = PRODUCT_RELATED_PRODUCT_CATEGORY('part',$,(#7440));
#7593 = CONTEXT_DEPENDENT_SHAPE_REPRESENTATION(#7594,#7596);
#7594 = ( REPRESENTATION_RELATIONSHIP('','',#7443,#10) 
REPRESENTATION_RELATIONSHIP_WITH_TRANSFORMATION(#7595) 
SHAPE_REPRESENTATION_RELATIONSHIP() );
#7595 = ITEM_DEFINED_TRANSFORMATION('','',#11,#555);
#7596 = PRODUCT_DEFINITION_SHAPE('Placement','Placement of an item',
  #7597);
#7597 = NEXT_ASSEMBLY_USAGE_OCCURRENCE('149','=>[0:1:1:31]','',#5,#7438,
  $);
#7598 = CONTEXT_DEPENDENT_SHAPE_REPRESENTATION(#7599,#7601);
#7599 = ( REPRESENTATION_RELATIONSHIP('','',#7443,#10) 
REPRESENTATION_RELATIONSHIP_WITH_TRANSFORMATION(#7600) 
SHAPE_REPRESENTATION_RELATIONSHIP() );
#7600 = ITEM_DEFINED_TRANSFORMATION('','',#11,#559);
#7601 = PRODUCT_DEFINITION_SHAPE('Placement','Placement of an item',
  #7602);
#7602 = NEXT_ASSEMBLY_USAGE_OCCURRENCE('150','=>[0:1:1:31]','',#5,#7438,
  $);
#7603 = CONTEXT_DEPENDENT_SHAPE_REPRESENTATION(#7604,#7606);
#7604 = ( REPRESENTATION_RELATIONSHIP('','',#7443,#10) 
REPRESENTATION_RELATIONSHIP_WITH_TRANSFORMATION(#7605) 
SHAPE_REPRESENTATION_RELATIONSHIP() );
#7605 = ITEM_DEFINED_TRANSFORMATION('','',#11,#563);
#7606 = PRODUCT_DEFINITION_SHAPE('Placement','Placement of an item',
  #7607);
#7607 = NEXT_ASSEMBLY_USAGE_OCCURRENCE('151','=>[0:1:1:31]','',#5,#7438,
  $);
#7608 = CONTEXT_DEPENDENT_SHAPE_REPRESENTATION(#7609,#7611);
#7609 = ( REPRESENTATION_RELATIONSHIP('','',#7443,#10) 
REPRESENTATION_RELATIONSHIP_WITH_TRANSFORMATION(#7610) 
SHAPE_REPRESENTATION_RELATIONSHIP() );
#7610 = ITEM_DEFINED_TRANSFORMATION('','',#11,#567);
#7611 = PRODUCT_DEFINITION_SHAPE('Placement','Placement of an item',
  #7612);
#7612 = NEXT_ASSEMBLY_USAGE_OCCURRENCE('152','=>[0:1:1:31]','',#5,#7438,
  $);
#7613 = CONTEXT_DEPENDENT_SHAPE_REPRESENTATION(#7614,#7616);
#7614 = ( REPRESENTATION_RELATIONSHIP('','',#7443,#10) 
REPRESENTATION_RELATIONSHIP_WITH_TRANSFORMATION(#7615) 
SHAPE_REPRESENTATION_RELATIONSHIP() );
#7615 = ITEM_DEFINED_TRANSFORMATION('','',#11,#571);
#7616 = PRODUCT_DEFINITION_SHAPE('Placement','Placement of an item',
  #7617);
#7617 = NEXT_ASSEMBLY_USAGE_OCCURRENCE('153','=>[0:1:1:31]','',#5,#7438,
  $);
#7618 = CONTEXT_DEPENDENT_SHAPE_REPRESENTATION(#7619,#7621);
#7619 = ( REPRESENTATION_RELATIONSHIP('','',#7443,#10) 
REPRESENTATION_RELATIONSHIP_WITH_TRANSFORMATION(#7620) 
SHAPE_REPRESENTATION_RELATIONSHIP() );
#7620 = ITEM_DEFINED_TRANSFORMATION('','',#11,#575);
#7621 = PRODUCT_DEFINITION_SHAPE('Placement','Placement of an item',
  #7622);
#7622 = NEXT_ASSEMBLY_USAGE_OCCURRENCE('154','=>[0:1:1:31]','',#5,#7438,
  $);
#7623 = CONTEXT_DEPENDENT_SHAPE_REPRESENTATION(#7624,#7626);
#7624 = ( REPRESENTATION_RELATIONSHIP('','',#7443,#10) 
REPRESENTATION_RELATIONSHIP_WITH_TRANSFORMATION(#7625) 
SHAPE_REPRESENTATION_RELATIONSHIP() );
#7625 = ITEM_DEFINED_TRANSFORMATION('','',#11,#579);
#7626 = PRODUCT_DEFINITION_SHAPE('Placement','Placement of an item',
  #7627);
#7627 = NEXT_ASSEMBLY_USAGE_OCCURRENCE('155','=>[0:1:1:31]','',#5,#7438,
  $);
#7628 = CONTEXT_DEPENDENT_SHAPE_REPRESENTATION(#7629,#7631);
#7629 = ( REPRESENTATION_RELATIONSHIP('','',#7443,#10) 
REPRESENTATION_RELATIONSHIP_WITH_TRANSFORMATION(#7630) 
SHAPE_REPRESENTATION_RELATIONSHIP() );
#7630 = ITEM_DEFINED_TRANSFORMATION('','',#11,#583);
#7631 = PRODUCT_DEFINITION_SHAPE('Placement','Placement of an item',
  #7632);
#7632 = NEXT_ASSEMBLY_USAGE_OCCURRENCE('156','=>[0:1:1:31]','',#5,#7438,
  $);
#7633 = CONTEXT_DEPENDENT_SHAPE_REPRESENTATION(#7634,#7636);
#7634 = ( REPRESENTATION_RELATIONSHIP('','',#7443,#10) 
REPRESENTATION_RELATIONSHIP_WITH_TRANSFORMATION(#7635) 
SHAPE_REPRESENTATION_RELATIONSHIP() );
#7635 = ITEM_DEFINED_TRANSFORMATION('','',#11,#587);
#7636 = PRODUCT_DEFINITION_SHAPE('Placement','Placement of an item',
  #7637);
#7637 = NEXT_ASSEMBLY_USAGE_OCCURRENCE('157','=>[0:1:1:31]','',#5,#7438,
  $);
#7638 = CONTEXT_DEPENDENT_SHAPE_REPRESENTATION(#7639,#7641);
#7639 = ( REPRESENTATION_RELATIONSHIP('','',#7443,#10) 
REPRESENTATION_RELATIONSHIP_WITH_TRANSFORMATION(#7640) 
SHAPE_REPRESENTATION_RELATIONSHIP() );
#7640 = ITEM_DEFINED_TRANSFORMATION('','',#11,#591);
#7641 = PRODUCT_DEFINITION_SHAPE('Placement','Placement of an item',
  #7642);
#7642 = NEXT_ASSEMBLY_USAGE_OCCURRENCE('158','=>[0:1:1:31]','',#5,#7438,
  $);
#7643 = CONTEXT_DEPENDENT_SHAPE_REPRESENTATION(#7644,#7646);
#7644 = ( REPRESENTATION_RELATIONSHIP('','',#7443,#10) 
REPRESENTATION_RELATIONSHIP_WITH_TRANSFORMATION(#7645) 
SHAPE_REPRESENTATION_RELATIONSHIP() );
#7645 = ITEM_DEFINED_TRANSFORMATION('','',#11,#595);
#7646 = PRODUCT_DEFINITION_SHAPE('Placement','Placement of an item',
  #7647);
#7647 = NEXT_ASSEMBLY_USAGE_OCCURRENCE('159','=>[0:1:1:31]','',#5,#7438,
  $);
#7648 = CONTEXT_DEPENDENT_SHAPE_REPRESENTATION(#7649,#7651);
#7649 = ( REPRESENTATION_RELATIONSHIP('','',#7443,#10) 
REPRESENTATION_RELATIONSHIP_WITH_TRANSFORMATION(#7650) 
SHAPE_REPRESENTATION_RELATIONSHIP() );
#7650 = ITEM_DEFINED_TRANSFORMATION('','',#11,#599);
#7651 = PRODUCT_DEFINITION_SHAPE('Placement','Placement of an item',
  #7652);
#7652 = NEXT_ASSEMBLY_USAGE_OCCURRENCE('160','=>[0:1:1:31]','',#5,#7438,
  $);
#7653 = CONTEXT_DEPENDENT_SHAPE_REPRESENTATION(#7654,#7656);
#7654 = ( REPRESENTATION_RELATIONSHIP('','',#7443,#10) 
REPRESENTATION_RELATIONSHIP_WITH_TRANSFORMATION(#7655) 
SHAPE_REPRESENTATION_RELATIONSHIP() );
#7655 = ITEM_DEFINED_TRANSFORMATION('','',#11,#603);
#7656 = PRODUCT_DEFINITION_SHAPE('Placement','Placement of an item',
  #7657);
#7657 = NEXT_ASSEMBLY_USAGE_OCCURRENCE('161','=>[0:1:1:31]','',#5,#7438,
  $);
#7658 = CONTEXT_DEPENDENT_SHAPE_REPRESENTATION(#7659,#7661);
#7659 = ( REPRESENTATION_RELATIONSHIP('','',#7443,#10) 
REPRESENTATION_RELATIONSHIP_WITH_TRANSFORMATION(#7660) 
SHAPE_REPRESENTATION_RELATIONSHIP() );
#7660 = ITEM_DEFINED_TRANSFORMATION('','',#11,#607);
#7661 = PRODUCT_DEFINITION_SHAPE('Placement','Placement of an item',
  #7662);
#7662 = NEXT_ASSEMBLY_USAGE_OCCURRENCE('162','=>[0:1:1:31]','',#5,#7438,
  $);
#7663 = CONTEXT_DEPENDENT_SHAPE_REPRESENTATION(#7664,#7666);
#7664 = ( REPRESENTATION_RELATIONSHIP('','',#7443,#10) 
REPRESENTATION_RELATIONSHIP_WITH_TRANSFORMATION(#7665) 
SHAPE_REPRESENTATION_RELATIONSHIP() );
#7665 = ITEM_DEFINED_TRANSFORMATION('','',#11,#611);
#7666 = PRODUCT_DEFINITION_SHAPE('Placement','Placement of an item',
  #7667);
#7667 = NEXT_ASSEMBLY_USAGE_OCCURRENCE('163','=>[0:1:1:31]','',#5,#7438,
  $);
#7668 = CONTEXT_DEPENDENT_SHAPE_REPRESENTATION(#7669,#7671);
#7669 = ( REPRESENTATION_RELATIONSHIP('','',#7443,#10) 
REPRESENTATION_RELATIONSHIP_WITH_TRANSFORMATION(#7670) 
SHAPE_REPRESENTATION_RELATIONSHIP() );
#7670 = ITEM_DEFINED_TRANSFORMATION('','',#11,#615);
#7671 = PRODUCT_DEFINITION_SHAPE('Placement','Placement of an item',
  #7672);
#7672 = NEXT_ASSEMBLY_USAGE_OCCURRENCE('164','=>[0:1:1:31]','',#5,#7438,
  $);
#7673 = CONTEXT_DEPENDENT_SHAPE_REPRESENTATION(#7674,#7676);
#7674 = ( REPRESENTATION_RELATIONSHIP('','',#7443,#10) 
REPRESENTATION_RELATIONSHIP_WITH_TRANSFORMATION(#7675) 
SHAPE_REPRESENTATION_RELATIONSHIP() );
#7675 = ITEM_DEFINED_TRANSFORMATION('','',#11,#619);
#7676 = PRODUCT_DEFINITION_SHAPE('Placement','Placement of an item',
  #7677);
#7677 = NEXT_ASSEMBLY_USAGE_OCCURRENCE('165','=>[0:1:1:31]','',#5,#7438,
  $);
#7678 = CONTEXT_DEPENDENT_SHAPE_REPRESENTATION(#7679,#7681);
#7679 = ( REPRESENTATION_RELATIONSHIP('','',#7443,#10) 
REPRESENTATION_RELATIONSHIP_WITH_TRANSFORMATION(#7680) 
SHAPE_REPRESENTATION_RELATIONSHIP() );
#7680 = ITEM_DEFINED_TRANSFORMATION('','',#11,#623);
#7681 = PRODUCT_DEFINITION_SHAPE('Placement','Placement of an item',
  #7682);
#7682 = NEXT_ASSEMBLY_USAGE_OCCURRENCE('166','=>[0:1:1:31]','',#5,#7438,
  $);
#7683 = CONTEXT_DEPENDENT_SHAPE_REPRESENTATION(#7684,#7686);
#7684 = ( REPRESENTATION_RELATIONSHIP('','',#7443,#10) 
REPRESENTATION_RELATIONSHIP_WITH_TRANSFORMATION(#7685) 
SHAPE_REPRESENTATION_RELATIONSHIP() );
#7685 = ITEM_DEFINED_TRANSFORMATION('','',#11,#627);
#7686 = PRODUCT_DEFINITION_SHAPE('Placement','Placement of an item',
  #7687);
#7687 = NEXT_ASSEMBLY_USAGE_OCCURRENCE('167','=>[0:1:1:31]','',#5,#7438,
  $);
#7688 = CONTEXT_DEPENDENT_SHAPE_REPRESENTATION(#7689,#7691);
#7689 = ( REPRESENTATION_RELATIONSHIP('','',#7443,#10) 
REPRESENTATION_RELATIONSHIP_WITH_TRANSFORMATION(#7690) 
SHAPE_REPRESENTATION_RELATIONSHIP() );
#7690 = ITEM_DEFINED_TRANSFORMATION('','',#11,#631);
#7691 = PRODUCT_DEFINITION_SHAPE('Placement','Placement of an item',
  #7692);
#7692 = NEXT_ASSEMBLY_USAGE_OCCURRENCE('168','=>[0:1:1:31]','',#5,#7438,
  $);
#7693 = CONTEXT_DEPENDENT_SHAPE_REPRESENTATION(#7694,#7696);
#7694 = ( REPRESENTATION_RELATIONSHIP('','',#7443,#10) 
REPRESENTATION_RELATIONSHIP_WITH_TRANSFORMATION(#7695) 
SHAPE_REPRESENTATION_RELATIONSHIP() );
#7695 = ITEM_DEFINED_TRANSFORMATION('','',#11,#635);
#7696 = PRODUCT_DEFINITION_SHAPE('Placement','Placement of an item',
  #7697);
#7697 = NEXT_ASSEMBLY_USAGE_OCCURRENCE('169','=>[0:1:1:31]','',#5,#7438,
  $);
#7698 = CONTEXT_DEPENDENT_SHAPE_REPRESENTATION(#7699,#7701);
#7699 = ( REPRESENTATION_RELATIONSHIP('','',#7443,#10) 
REPRESENTATION_RELATIONSHIP_WITH_TRANSFORMATION(#7700) 
SHAPE_REPRESENTATION_RELATIONSHIP() );
#7700 = ITEM_DEFINED_TRANSFORMATION('','',#11,#639);
#7701 = PRODUCT_DEFINITION_SHAPE('Placement','Placement of an item',
  #7702);
#7702 = NEXT_ASSEMBLY_USAGE_OCCURRENCE('170','=>[0:1:1:31]','',#5,#7438,
  $);
#7703 = CONTEXT_DEPENDENT_SHAPE_REPRESENTATION(#7704,#7706);
#7704 = ( REPRESENTATION_RELATIONSHIP('','',#7443,#10) 
REPRESENTATION_RELATIONSHIP_WITH_TRANSFORMATION(#7705) 
SHAPE_REPRESENTATION_RELATIONSHIP() );
#7705 = ITEM_DEFINED_TRANSFORMATION('','',#11,#643);
#7706 = PRODUCT_DEFINITION_SHAPE('Placement','Placement of an item',
  #7707);
#7707 = NEXT_ASSEMBLY_USAGE_OCCURRENCE('171','=>[0:1:1:31]','',#5,#7438,
  $);
#7708 = CONTEXT_DEPENDENT_SHAPE_REPRESENTATION(#7709,#7711);
#7709 = ( REPRESENTATION_RELATIONSHIP('','',#7443,#10) 
REPRESENTATION_RELATIONSHIP_WITH_TRANSFORMATION(#7710) 
SHAPE_REPRESENTATION_RELATIONSHIP() );
#7710 = ITEM_DEFINED_TRANSFORMATION('','',#11,#647);
#7711 = PRODUCT_DEFINITION_SHAPE('Placement','Placement of an item',
  #7712);
#7712 = NEXT_ASSEMBLY_USAGE_OCCURRENCE('172','=>[0:1:1:31]','',#5,#7438,
  $);
#7713 = CONTEXT_DEPENDENT_SHAPE_REPRESENTATION(#7714,#7716);
#7714 = ( REPRESENTATION_RELATIONSHIP('','',#7443,#10) 
REPRESENTATION_RELATIONSHIP_WITH_TRANSFORMATION(#7715) 
SHAPE_REPRESENTATION_RELATIONSHIP() );
#7715 = ITEM_DEFINED_TRANSFORMATION('','',#11,#651);
#7716 = PRODUCT_DEFINITION_SHAPE('Placement','Placement of an item',
  #7717);
#7717 = NEXT_ASSEMBLY_USAGE_OCCURRENCE('173','=>[0:1:1:31]','',#5,#7438,
  $);
#7718 = CONTEXT_DEPENDENT_SHAPE_REPRESENTATION(#7719,#7721);
#7719 = ( REPRESENTATION_RELATIONSHIP('','',#7443,#10) 
REPRESENTATION_RELATIONSHIP_WITH_TRANSFORMATION(#7720) 
SHAPE_REPRESENTATION_RELATIONSHIP() );
#7720 = ITEM_DEFINED_TRANSFORMATION('','',#11,#655);
#7721 = PRODUCT_DEFINITION_SHAPE('Placement','Placement of an item',
  #7722);
#7722 = NEXT_ASSEMBLY_USAGE_OCCURRENCE('174','=>[0:1:1:31]','',#5,#7438,
  $);
#7723 = CONTEXT_DEPENDENT_SHAPE_REPRESENTATION(#7724,#7726);
#7724 = ( REPRESENTATION_RELATIONSHIP('','',#7443,#10) 
REPRESENTATION_RELATIONSHIP_WITH_TRANSFORMATION(#7725) 
SHAPE_REPRESENTATION_RELATIONSHIP() );
#7725 = ITEM_DEFINED_TRANSFORMATION('','',#11,#659);
#7726 = PRODUCT_DEFINITION_SHAPE('Placement','Placement of an item',
  #7727);
#7727 = NEXT_ASSEMBLY_USAGE_OCCURRENCE('175','=>[0:1:1:31]','',#5,#7438,
  $);
#7728 = CONTEXT_DEPENDENT_SHAPE_REPRESENTATION(#7729,#7731);
#7729 = ( REPRESENTATION_RELATIONSHIP('','',#7443,#10) 
REPRESENTATION_RELATIONSHIP_WITH_TRANSFORMATION(#7730) 
SHAPE_REPRESENTATION_RELATIONSHIP() );
#7730 = ITEM_DEFINED_TRANSFORMATION('','',#11,#663);
#7731 = PRODUCT_DEFINITION_SHAPE('Placement','Placement of an item',
  #7732);
#7732 = NEXT_ASSEMBLY_USAGE_OCCURRENCE('176','=>[0:1:1:31]','',#5,#7438,
  $);
#7733 = CONTEXT_DEPENDENT_SHAPE_REPRESENTATION(#7734,#7736);
#7734 = ( REPRESENTATION_RELATIONSHIP('','',#7443,#10) 
REPRESENTATION_RELATIONSHIP_WITH_TRANSFORMATION(#7735) 
SHAPE_REPRESENTATION_RELATIONSHIP() );
#7735 = ITEM_DEFINED_TRANSFORMATION('','',#11,#667);
#7736 = PRODUCT_DEFINITION_SHAPE('Placement','Placement of an item',
  #7737);
#7737 = NEXT_ASSEMBLY_USAGE_OCCURRENCE('177','=>[0:1:1:31]','',#5,#7438,
  $);
#7738 = CONTEXT_DEPENDENT_SHAPE_REPRESENTATION(#7739,#7741);
#7739 = ( REPRESENTATION_RELATIONSHIP('','',#7443,#10) 
REPRESENTATION_RELATIONSHIP_WITH_TRANSFORMATION(#7740) 
SHAPE_REPRESENTATION_RELATIONSHIP() );
#7740 = ITEM_DEFINED_TRANSFORMATION('','',#11,#671);
#7741 = PRODUCT_DEFINITION_SHAPE('Placement','Placement of an item',
  #7742);
#7742 = NEXT_ASSEMBLY_USAGE_OCCURRENCE('178','=>[0:1:1:31]','',#5,#7438,
  $);
#7743 = CONTEXT_DEPENDENT_SHAPE_REPRESENTATION(#7744,#7746);
#7744 = ( REPRESENTATION_RELATIONSHIP('','',#7443,#10) 
REPRESENTATION_RELATIONSHIP_WITH_TRANSFORMATION(#7745) 
SHAPE_REPRESENTATION_RELATIONSHIP() );
#7745 = ITEM_DEFINED_TRANSFORMATION('','',#11,#675);
#7746 = PRODUCT_DEFINITION_SHAPE('Placement','Placement of an item',
  #7747);
#7747 = NEXT_ASSEMBLY_USAGE_OCCURRENCE('179','=>[0:1:1:31]','',#5,#7438,
  $);
#7748 = CONTEXT_DEPENDENT_SHAPE_REPRESENTATION(#7749,#7751);
#7749 = ( REPRESENTATION_RELATIONSHIP('','',#7443,#10) 
REPRESENTATION_RELATIONSHIP_WITH_TRANSFORMATION(#7750) 
SHAPE_REPRESENTATION_RELATIONSHIP() );
#7750 = ITEM_DEFINED_TRANSFORMATION('','',#11,#679);
#7751 = PRODUCT_DEFINITION_SHAPE('Placement','Placement of an item',
  #7752);
#7752 = NEXT_ASSEMBLY_USAGE_OCCURRENCE('180','=>[0:1:1:31]','',#5,#7438,
  $);
#7753 = CONTEXT_DEPENDENT_SHAPE_REPRESENTATION(#7754,#7756);
#7754 = ( REPRESENTATION_RELATIONSHIP('','',#7443,#10) 
REPRESENTATION_RELATIONSHIP_WITH_TRANSFORMATION(#7755) 
SHAPE_REPRESENTATION_RELATIONSHIP() );
#7755 = ITEM_DEFINED_TRANSFORMATION('','',#11,#683);
#7756 = PRODUCT_DEFINITION_SHAPE('Placement','Placement of an item',
  #7757);
#7757 = NEXT_ASSEMBLY_USAGE_OCCURRENCE('181','=>[0:1:1:31]','',#5,#7438,
  $);
#7758 = CONTEXT_DEPENDENT_SHAPE_REPRESENTATION(#7759,#7761);
#7759 = ( REPRESENTATION_RELATIONSHIP('','',#7443,#10) 
REPRESENTATION_RELATIONSHIP_WITH_TRANSFORMATION(#7760) 
SHAPE_REPRESENTATION_RELATIONSHIP() );
#7760 = ITEM_DEFINED_TRANSFORMATION('','',#11,#687);
#7761 = PRODUCT_DEFINITION_SHAPE('Placement','Placement of an item',
  #7762);
#7762 = NEXT_ASSEMBLY_USAGE_OCCURRENCE('182','=>[0:1:1:31]','',#5,#7438,
  $);
#7763 = CONTEXT_DEPENDENT_SHAPE_REPRESENTATION(#7764,#7766);
#7764 = ( REPRESENTATION_RELATIONSHIP('','',#7443,#10) 
REPRESENTATION_RELATIONSHIP_WITH_TRANSFORMATION(#7765) 
SHAPE_REPRESENTATION_RELATIONSHIP() );
#7765 = ITEM_DEFINED_TRANSFORMATION('','',#11,#691);
#7766 = PRODUCT_DEFINITION_SHAPE('Placement','Placement of an item',
  #7767);
#7767 = NEXT_ASSEMBLY_USAGE_OCCURRENCE('183','=>[0:1:1:31]','',#5,#7438,
  $);
#7768 = CONTEXT_DEPENDENT_SHAPE_REPRESENTATION(#7769,#7771);
#7769 = ( REPRESENTATION_RELATIONSHIP('','',#7443,#10) 
REPRESENTATION_RELATIONSHIP_WITH_TRANSFORMATION(#7770) 
SHAPE_REPRESENTATION_RELATIONSHIP() );
#7770 = ITEM_DEFINED_TRANSFORMATION('','',#11,#695);
#7771 = PRODUCT_DEFINITION_SHAPE('Placement','Placement of an item',
  #7772);
#7772 = NEXT_ASSEMBLY_USAGE_OCCURRENCE('184','=>[0:1:1:31]','',#5,#7438,
  $);
#7773 = CONTEXT_DEPENDENT_SHAPE_REPRESENTATION(#7774,#7776);
#7774 = ( REPRESENTATION_RELATIONSHIP('','',#7443,#10) 
REPRESENTATION_RELATIONSHIP_WITH_TRANSFORMATION(#7775) 
SHAPE_REPRESENTATION_RELATIONSHIP() );
#7775 = ITEM_DEFINED_TRANSFORMATION('','',#11,#699);
#7776 = PRODUCT_DEFINITION_SHAPE('Placement','Placement of an item',
  #7777);
#7777 = NEXT_ASSEMBLY_USAGE_OCCURRENCE('185','=>[0:1:1:31]','',#5,#7438,
  $);
#7778 = CONTEXT_DEPENDENT_SHAPE_REPRESENTATION(#7779,#7781);
#7779 = ( REPRESENTATION_RELATIONSHIP('','',#7443,#10) 
REPRESENTATION_RELATIONSHIP_WITH_TRANSFORMATION(#7780) 
SHAPE_REPRESENTATION_RELATIONSHIP() );
#7780 = ITEM_DEFINED_TRANSFORMATION('','',#11,#703);
#7781 = PRODUCT_DEFINITION_SHAPE('Placement','Placement of an item',
  #7782);
#7782 = NEXT_ASSEMBLY_USAGE_OCCURRENCE('186','=>[0:1:1:31]','',#5,#7438,
  $);
#7783 = CONTEXT_DEPENDENT_SHAPE_REPRESENTATION(#7784,#7786);
#7784 = ( REPRESENTATION_RELATIONSHIP('','',#7443,#10) 
REPRESENTATION_RELATIONSHIP_WITH_TRANSFORMATION(#7785) 
SHAPE_REPRESENTATION_RELATIONSHIP() );
#7785 = ITEM_DEFINED_TRANSFORMATION('','',#11,#707);
#7786 = PRODUCT_DEFINITION_SHAPE('Placement','Placement of an item',
  #7787);
#7787 = NEXT_ASSEMBLY_USAGE_OCCURRENCE('187','=>[0:1:1:31]','',#5,#7438,
  $);
#7788 = CONTEXT_DEPENDENT_SHAPE_REPRESENTATION(#7789,#7791);
#7789 = ( REPRESENTATION_RELATIONSHIP('','',#7443,#10) 
REPRESENTATION_RELATIONSHIP_WITH_TRANSFORMATION(#7790) 
SHAPE_REPRESENTATION_RELATIONSHIP() );
#7790 = ITEM_DEFINED_TRANSFORMATION('','',#11,#711);
#7791 = PRODUCT_DEFINITION_SHAPE('Placement','Placement of an item',
  #7792);
#7792 = NEXT_ASSEMBLY_USAGE_OCCURRENCE('188','=>[0:1:1:31]','',#5,#7438,
  $);
#7793 = CONTEXT_DEPENDENT_SHAPE_REPRESENTATION(#7794,#7796);
#7794 = ( REPRESENTATION_RELATIONSHIP('','',#7443,#10) 
REPRESENTATION_RELATIONSHIP_WITH_TRANSFORMATION(#7795) 
SHAPE_REPRESENTATION_RELATIONSHIP() );
#7795 = ITEM_DEFINED_TRANSFORMATION('','',#11,#715);
#7796 = PRODUCT_DEFINITION_SHAPE('Placement','Placement of an item',
  #7797);
#7797 = NEXT_ASSEMBLY_USAGE_OCCURRENCE('189','=>[0:1:1:31]','',#5,#7438,
  $);
#7798 = CONTEXT_DEPENDENT_SHAPE_REPRESENTATION(#7799,#7801);
#7799 = ( REPRESENTATION_RELATIONSHIP('','',#7443,#10) 
REPRESENTATION_RELATIONSHIP_WITH_TRANSFORMATION(#7800) 
SHAPE_REPRESENTATION_RELATIONSHIP() );
#7800 = ITEM_DEFINED_TRANSFORMATION('','',#11,#719);
#7801 = PRODUCT_DEFINITION_SHAPE('Placement','Placement of an item',
  #7802);
#7802 = NEXT_ASSEMBLY_USAGE_OCCURRENCE('190','=>[0:1:1:31]','',#5,#7438,
  $);
#7803 = CONTEXT_DEPENDENT_SHAPE_REPRESENTATION(#7804,#7806);
#7804 = ( REPRESENTATION_RELATIONSHIP('','',#7443,#10) 
REPRESENTATION_RELATIONSHIP_WITH_TRANSFORMATION(#7805) 
SHAPE_REPRESENTATION_RELATIONSHIP() );
#7805 = ITEM_DEFINED_TRANSFORMATION('','',#11,#723);
#7806 = PRODUCT_DEFINITION_SHAPE('Placement','Placement of an item',
  #7807);
#7807 = NEXT_ASSEMBLY_USAGE_OCCURRENCE('191','=>[0:1:1:31]','',#5,#7438,
  $);
#7808 = CONTEXT_DEPENDENT_SHAPE_REPRESENTATION(#7809,#7811);
#7809 = ( REPRESENTATION_RELATIONSHIP('','',#7443,#10) 
REPRESENTATION_RELATIONSHIP_WITH_TRANSFORMATION(#7810) 
SHAPE_REPRESENTATION_RELATIONSHIP() );
#7810 = ITEM_DEFINED_TRANSFORMATION('','',#11,#727);
#7811 = PRODUCT_DEFINITION_SHAPE('Placement','Placement of an item',
  #7812);
#7812 = NEXT_ASSEMBLY_USAGE_OCCURRENCE('192','=>[0:1:1:31]','',#5,#7438,
  $);
#7813 = CONTEXT_DEPENDENT_SHAPE_REPRESENTATION(#7814,#7816);
#7814 = ( REPRESENTATION_RELATIONSHIP('','',#7443,#10) 
REPRESENTATION_RELATIONSHIP_WITH_TRANSFORMATION(#7815) 
SHAPE_REPRESENTATION_RELATIONSHIP() );
#7815 = ITEM_DEFINED_TRANSFORMATION('','',#11,#731);
#7816 = PRODUCT_DEFINITION_SHAPE('Placement','Placement of an item',
  #7817);
#7817 = NEXT_ASSEMBLY_USAGE_OCCURRENCE('193','=>[0:1:1:31]','',#5,#7438,
  $);
#7818 = CONTEXT_DEPENDENT_SHAPE_REPRESENTATION(#7819,#7821);
#7819 = ( REPRESENTATION_RELATIONSHIP('','',#7443,#10) 
REPRESENTATION_RELATIONSHIP_WITH_TRANSFORMATION(#7820) 
SHAPE_REPRESENTATION_RELATIONSHIP() );
#7820 = ITEM_DEFINED_TRANSFORMATION('','',#11,#735);
#7821 = PRODUCT_DEFINITION_SHAPE('Placement','Placement of an item',
  #7822);
#7822 = NEXT_ASSEMBLY_USAGE_OCCURRENCE('194','=>[0:1:1:31]','',#5,#7438,
  $);
#7823 = CONTEXT_DEPENDENT_SHAPE_REPRESENTATION(#7824,#7826);
#7824 = ( REPRESENTATION_RELATIONSHIP('','',#7443,#10) 
REPRESENTATION_RELATIONSHIP_WITH_TRANSFORMATION(#7825) 
SHAPE_REPRESENTATION_RELATIONSHIP() );
#7825 = ITEM_DEFINED_TRANSFORMATION('','',#11,#739);
#7826 = PRODUCT_DEFINITION_SHAPE('Placement','Placement of an item',
  #7827);
#7827 = NEXT_ASSEMBLY_USAGE_OCCURRENCE('195','=>[0:1:1:31]','',#5,#7438,
  $);
#7828 = CONTEXT_DEPENDENT_SHAPE_REPRESENTATION(#7829,#7831);
#7829 = ( REPRESENTATION_RELATIONSHIP('','',#7443,#10) 
REPRESENTATION_RELATIONSHIP_WITH_TRANSFORMATION(#7830) 
SHAPE_REPRESENTATION_RELATIONSHIP() );
#7830 = ITEM_DEFINED_TRANSFORMATION('','',#11,#743);
#7831 = PRODUCT_DEFINITION_SHAPE('Placement','Placement of an item',
  #7832);
#7832 = NEXT_ASSEMBLY_USAGE_OCCURRENCE('196','=>[0:1:1:31]','',#5,#7438,
  $);
#7833 = CONTEXT_DEPENDENT_SHAPE_REPRESENTATION(#7834,#7836);
#7834 = ( REPRESENTATION_RELATIONSHIP('','',#7443,#10) 
REPRESENTATION_RELATIONSHIP_WITH_TRANSFORMATION(#7835) 
SHAPE_REPRESENTATION_RELATIONSHIP() );
#7835 = ITEM_DEFINED_TRANSFORMATION('','',#11,#747);
#7836 = PRODUCT_DEFINITION_SHAPE('Placement','Placement of an item',
  #7837);
#7837 = NEXT_ASSEMBLY_USAGE_OCCURRENCE('197','=>[0:1:1:31]','',#5,#7438,
  $);
#7838 = CONTEXT_DEPENDENT_SHAPE_REPRESENTATION(#7839,#7841);
#7839 = ( REPRESENTATION_RELATIONSHIP('','',#7443,#10) 
REPRESENTATION_RELATIONSHIP_WITH_TRANSFORMATION(#7840) 
SHAPE_REPRESENTATION_RELATIONSHIP() );
#7840 = ITEM_DEFINED_TRANSFORMATION('','',#11,#751);
#7841 = PRODUCT_DEFINITION_SHAPE('Placement','Placement of an item',
  #7842);
#7842 = NEXT_ASSEMBLY_USAGE_OCCURRENCE('198','=>[0:1:1:31]','',#5,#7438,
  $);
#7843 = CONTEXT_DEPENDENT_SHAPE_REPRESENTATION(#7844,#7846);
#7844 = ( REPRESENTATION_RELATIONSHIP('','',#7443,#10) 
REPRESENTATION_RELATIONSHIP_WITH_TRANSFORMATION(#7845) 
SHAPE_REPRESENTATION_RELATIONSHIP() );
#7845 = ITEM_DEFINED_TRANSFORMATION('','',#11,#755);
#7846 = PRODUCT_DEFINITION_SHAPE('Placement','Placement of an item',
  #7847);
#7847 = NEXT_ASSEMBLY_USAGE_OCCURRENCE('199','=>[0:1:1:31]','',#5,#7438,
  $);
#7848 = CONTEXT_DEPENDENT_SHAPE_REPRESENTATION(#7849,#7851);
#7849 = ( REPRESENTATION_RELATIONSHIP('','',#7443,#10) 
REPRESENTATION_RELATIONSHIP_WITH_TRANSFORMATION(#7850) 
SHAPE_REPRESENTATION_RELATIONSHIP() );
#7850 = ITEM_DEFINED_TRANSFORMATION('','',#11,#759);
#7851 = PRODUCT_DEFINITION_SHAPE('Placement','Placement of an item',
  #7852);
#7852 = NEXT_ASSEMBLY_USAGE_OCCURRENCE('200','=>[0:1:1:31]','',#5,#7438,
  $);
#7853 = CONTEXT_DEPENDENT_SHAPE_REPRESENTATION(#7854,#7856);
#7854 = ( REPRESENTATION_RELATIONSHIP('','',#7443,#10) 
REPRESENTATION_RELATIONSHIP_WITH_TRANSFORMATION(#7855) 
SHAPE_REPRESENTATION_RELATIONSHIP() );
#7855 = ITEM_DEFINED_TRANSFORMATION('','',#11,#763);
#7856 = PRODUCT_DEFINITION_SHAPE('Placement','Placement of an item',
  #7857);
#7857 = NEXT_ASSEMBLY_USAGE_OCCURRENCE('201','=>[0:1:1:31]','',#5,#7438,
  $);
#7858 = CONTEXT_DEPENDENT_SHAPE_REPRESENTATION(#7859,#7861);
#7859 = ( REPRESENTATION_RELATIONSHIP('','',#7443,#10) 
REPRESENTATION_RELATIONSHIP_WITH_TRANSFORMATION(#7860) 
SHAPE_REPRESENTATION_RELATIONSHIP() );
#7860 = ITEM_DEFINED_TRANSFORMATION('','',#11,#767);
#7861 = PRODUCT_DEFINITION_SHAPE('Placement','Placement of an item',
  #7862);
#7862 = NEXT_ASSEMBLY_USAGE_OCCURRENCE('202','=>[0:1:1:31]','',#5,#7438,
  $);
#7863 = CONTEXT_DEPENDENT_SHAPE_REPRESENTATION(#7864,#7866);
#7864 = ( REPRESENTATION_RELATIONSHIP('','',#7443,#10) 
REPRESENTATION_RELATIONSHIP_WITH_TRANSFORMATION(#7865) 
SHAPE_REPRESENTATION_RELATIONSHIP() );
#7865 = ITEM_DEFINED_TRANSFORMATION('','',#11,#771);
#7866 = PRODUCT_DEFINITION_SHAPE('Placement','Placement of an item',
  #7867);
#7867 = NEXT_ASSEMBLY_USAGE_OCCURRENCE('203','=>[0:1:1:31]','',#5,#7438,
  $);
#7868 = CONTEXT_DEPENDENT_SHAPE_REPRESENTATION(#7869,#7871);
#7869 = ( REPRESENTATION_RELATIONSHIP('','',#7443,#10) 
REPRESENTATION_RELATIONSHIP_WITH_TRANSFORMATION(#7870) 
SHAPE_REPRESENTATION_RELATIONSHIP() );
#7870 = ITEM_DEFINED_TRANSFORMATION('','',#11,#775);
#7871 = PRODUCT_DEFINITION_SHAPE('Placement','Placement of an item',
  #7872);
#7872 = NEXT_ASSEMBLY_USAGE_OCCURRENCE('204','=>[0:1:1:31]','',#5,#7438,
  $);
#7873 = CONTEXT_DEPENDENT_SHAPE_REPRESENTATION(#7874,#7876);
#7874 = ( REPRESENTATION_RELATIONSHIP('','',#7443,#10) 
REPRESENTATION_RELATIONSHIP_WITH_TRANSFORMATION(#7875) 
SHAPE_REPRESENTATION_RELATIONSHIP() );
#7875 = ITEM_DEFINED_TRANSFORMATION('','',#11,#779);
#7876 = PRODUCT_DEFINITION_SHAPE('Placement','Placement of an item',
  #7877);
#7877 = NEXT_ASSEMBLY_USAGE_OCCURRENCE('205','=>[0:1:1:31]','',#5,#7438,
  $);
#7878 = CONTEXT_DEPENDENT_SHAPE_REPRESENTATION(#7879,#7881);
#7879 = ( REPRESENTATION_RELATIONSHIP('','',#7443,#10) 
REPRESENTATION_RELATIONSHIP_WITH_TRANSFORMATION(#7880) 
SHAPE_REPRESENTATION_RELATIONSHIP() );
#7880 = ITEM_DEFINED_TRANSFORMATION('','',#11,#783);
#7881 = PRODUCT_DEFINITION_SHAPE('Placement','Placement of an item',
  #7882);
#7882 = NEXT_ASSEMBLY_USAGE_OCCURRENCE('206','=>[0:1:1:31]','',#5,#7438,
  $);
#7883 = CONTEXT_DEPENDENT_SHAPE_REPRESENTATION(#7884,#7886);
#7884 = ( REPRESENTATION_RELATIONSHIP('','',#7443,#10) 
REPRESENTATION_RELATIONSHIP_WITH_TRANSFORMATION(#7885) 
SHAPE_REPRESENTATION_RELATIONSHIP() );
#7885 = ITEM_DEFINED_TRANSFORMATION('','',#11,#787);
#7886 = PRODUCT_DEFINITION_SHAPE('Placement','Placement of an item',
  #7887);
#7887 = NEXT_ASSEMBLY_USAGE_OCCURRENCE('207','=>[0:1:1:31]','',#5,#7438,
  $);
#7888 = CONTEXT_DEPENDENT_SHAPE_REPRESENTATION(#7889,#7891);
#7889 = ( REPRESENTATION_RELATIONSHIP('','',#7443,#10) 
REPRESENTATION_RELATIONSHIP_WITH_TRANSFORMATION(#7890) 
SHAPE_REPRESENTATION_RELATIONSHIP() );
#7890 = ITEM_DEFINED_TRANSFORMATION('','',#11,#791);
#7891 = PRODUCT_DEFINITION_SHAPE('Placement','Placement of an item',
  #7892);
#7892 = NEXT_ASSEMBLY_USAGE_OCCURRENCE('208','=>[0:1:1:31]','',#5,#7438,
  $);
#7893 = CONTEXT_DEPENDENT_SHAPE_REPRESENTATION(#7894,#7896);
#7894 = ( REPRESENTATION_RELATIONSHIP('','',#7443,#10) 
REPRESENTATION_RELATIONSHIP_WITH_TRANSFORMATION(#7895) 
SHAPE_REPRESENTATION_RELATIONSHIP() );
#7895 = ITEM_DEFINED_TRANSFORMATION('','',#11,#795);
#7896 = PRODUCT_DEFINITION_SHAPE('Placement','Placement of an item',
  #7897);
#7897 = NEXT_ASSEMBLY_USAGE_OCCURRENCE('209','=>[0:1:1:31]','',#5,#7438,
  $);
#7898 = CONTEXT_DEPENDENT_SHAPE_REPRESENTATION(#7899,#7901);
#7899 = ( REPRESENTATION_RELATIONSHIP('','',#7443,#10) 
REPRESENTATION_RELATIONSHIP_WITH_TRANSFORMATION(#7900) 
SHAPE_REPRESENTATION_RELATIONSHIP() );
#7900 = ITEM_DEFINED_TRANSFORMATION('','',#11,#799);
#7901 = PRODUCT_DEFINITION_SHAPE('Placement','Placement of an item',
  #7902);
#7902 = NEXT_ASSEMBLY_USAGE_OCCURRENCE('210','=>[0:1:1:31]','',#5,#7438,
  $);
#7903 = CONTEXT_DEPENDENT_SHAPE_REPRESENTATION(#7904,#7906);
#7904 = ( REPRESENTATION_RELATIONSHIP('','',#7443,#10) 
REPRESENTATION_RELATIONSHIP_WITH_TRANSFORMATION(#7905) 
SHAPE_REPRESENTATION_RELATIONSHIP() );
#7905 = ITEM_DEFINED_TRANSFORMATION('','',#11,#803);
#7906 = PRODUCT_DEFINITION_SHAPE('Placement','Placement of an item',
  #7907);
#7907 = NEXT_ASSEMBLY_USAGE_OCCURRENCE('211','=>[0:1:1:31]','',#5,#7438,
  $);
#7908 = CONTEXT_DEPENDENT_SHAPE_REPRESENTATION(#7909,#7911);
#7909 = ( REPRESENTATION_RELATIONSHIP('','',#7443,#10) 
REPRESENTATION_RELATIONSHIP_WITH_TRANSFORMATION(#7910) 
SHAPE_REPRESENTATION_RELATIONSHIP() );
#7910 = ITEM_DEFINED_TRANSFORMATION('','',#11,#807);
#7911 = PRODUCT_DEFINITION_SHAPE('Placement','Placement of an item',
  #7912);
#7912 = NEXT_ASSEMBLY_USAGE_OCCURRENCE('212','=>[0:1:1:31]','',#5,#7438,
  $);
#7913 = CONTEXT_DEPENDENT_SHAPE_REPRESENTATION(#7914,#7916);
#7914 = ( REPRESENTATION_RELATIONSHIP('','',#7443,#10) 
REPRESENTATION_RELATIONSHIP_WITH_TRANSFORMATION(#7915) 
SHAPE_REPRESENTATION_RELATIONSHIP() );
#7915 = ITEM_DEFINED_TRANSFORMATION('','',#11,#811);
#7916 = PRODUCT_DEFINITION_SHAPE('Placement','Placement of an item',
  #7917);
#7917 = NEXT_ASSEMBLY_USAGE_OCCURRENCE('213','=>[0:1:1:31]','',#5,#7438,
  $);
#7918 = CONTEXT_DEPENDENT_SHAPE_REPRESENTATION(#7919,#7921);
#7919 = ( REPRESENTATION_RELATIONSHIP('','',#7443,#10) 
REPRESENTATION_RELATIONSHIP_WITH_TRANSFORMATION(#7920) 
SHAPE_REPRESENTATION_RELATIONSHIP() );
#7920 = ITEM_DEFINED_TRANSFORMATION('','',#11,#815);
#7921 = PRODUCT_DEFINITION_SHAPE('Placement','Placement of an item',
  #7922);
#7922 = NEXT_ASSEMBLY_USAGE_OCCURRENCE('214','=>[0:1:1:31]','',#5,#7438,
  $);
#7923 = CONTEXT_DEPENDENT_SHAPE_REPRESENTATION(#7924,#7926);
#7924 = ( REPRESENTATION_RELATIONSHIP('','',#7443,#10) 
REPRESENTATION_RELATIONSHIP_WITH_TRANSFORMATION(#7925) 
SHAPE_REPRESENTATION_RELATIONSHIP() );
#7925 = ITEM_DEFINED_TRANSFORMATION('','',#11,#819);
#7926 = PRODUCT_DEFINITION_SHAPE('Placement','Placement of an item',
  #7927);
#7927 = NEXT_ASSEMBLY_USAGE_OCCURRENCE('215','=>[0:1:1:31]','',#5,#7438,
  $);
#7928 = CONTEXT_DEPENDENT_SHAPE_REPRESENTATION(#7929,#7931);
#7929 = ( REPRESENTATION_RELATIONSHIP('','',#7443,#10) 
REPRESENTATION_RELATIONSHIP_WITH_TRANSFORMATION(#7930) 
SHAPE_REPRESENTATION_RELATIONSHIP() );
#7930 = ITEM_DEFINED_TRANSFORMATION('','',#11,#823);
#7931 = PRODUCT_DEFINITION_SHAPE('Placement','Placement of an item',
  #7932);
#7932 = NEXT_ASSEMBLY_USAGE_OCCURRENCE('216','=>[0:1:1:31]','',#5,#7438,
  $);
#7933 = CONTEXT_DEPENDENT_SHAPE_REPRESENTATION(#7934,#7936);
#7934 = ( REPRESENTATION_RELATIONSHIP('','',#7443,#10) 
REPRESENTATION_RELATIONSHIP_WITH_TRANSFORMATION(#7935) 
SHAPE_REPRESENTATION_RELATIONSHIP() );
#7935 = ITEM_DEFINED_TRANSFORMATION('','',#11,#827);
#7936 = PRODUCT_DEFINITION_SHAPE('Placement','Placement of an item',
  #7937);
#7937 = NEXT_ASSEMBLY_USAGE_OCCURRENCE('217','=>[0:1:1:31]','',#5,#7438,
  $);
#7938 = CONTEXT_DEPENDENT_SHAPE_REPRESENTATION(#7939,#7941);
#7939 = ( REPRESENTATION_RELATIONSHIP('','',#7443,#10) 
REPRESENTATION_RELATIONSHIP_WITH_TRANSFORMATION(#7940) 
SHAPE_REPRESENTATION_RELATIONSHIP() );
#7940 = ITEM_DEFINED_TRANSFORMATION('','',#11,#831);
#7941 = PRODUCT_DEFINITION_SHAPE('Placement','Placement of an item',
  #7942);
#7942 = NEXT_ASSEMBLY_USAGE_OCCURRENCE('218','=>[0:1:1:31]','',#5,#7438,
  $);
#7943 = CONTEXT_DEPENDENT_SHAPE_REPRESENTATION(#7944,#7946);
#7944 = ( REPRESENTATION_RELATIONSHIP('','',#7443,#10) 
REPRESENTATION_RELATIONSHIP_WITH_TRANSFORMATION(#7945) 
SHAPE_REPRESENTATION_RELATIONSHIP() );
#7945 = ITEM_DEFINED_TRANSFORMATION('','',#11,#835);
#7946 = PRODUCT_DEFINITION_SHAPE('Placement','Placement of an item',
  #7947);
#7947 = NEXT_ASSEMBLY_USAGE_OCCURRENCE('219','=>[0:1:1:31]','',#5,#7438,
  $);
#7948 = CONTEXT_DEPENDENT_SHAPE_REPRESENTATION(#7949,#7951);
#7949 = ( REPRESENTATION_RELATIONSHIP('','',#7443,#10) 
REPRESENTATION_RELATIONSHIP_WITH_TRANSFORMATION(#7950) 
SHAPE_REPRESENTATION_RELATIONSHIP() );
#7950 = ITEM_DEFINED_TRANSFORMATION('','',#11,#839);
#7951 = PRODUCT_DEFINITION_SHAPE('Placement','Placement of an item',
  #7952);
#7952 = NEXT_ASSEMBLY_USAGE_OCCURRENCE('220','=>[0:1:1:31]','',#5,#7438,
  $);
#7953 = CONTEXT_DEPENDENT_SHAPE_REPRESENTATION(#7954,#7956);
#7954 = ( REPRESENTATION_RELATIONSHIP('','',#7443,#10) 
REPRESENTATION_RELATIONSHIP_WITH_TRANSFORMATION(#7955) 
SHAPE_REPRESENTATION_RELATIONSHIP() );
#7955 = ITEM_DEFINED_TRANSFORMATION('','',#11,#843);
#7956 = PRODUCT_DEFINITION_SHAPE('Placement','Placement of an item',
  #7957);
#7957 = NEXT_ASSEMBLY_USAGE_OCCURRENCE('221','=>[0:1:1:31]','',#5,#7438,
  $);
#7958 = CONTEXT_DEPENDENT_SHAPE_REPRESENTATION(#7959,#7961);
#7959 = ( REPRESENTATION_RELATIONSHIP('','',#7443,#10) 
REPRESENTATION_RELATIONSHIP_WITH_TRANSFORMATION(#7960) 
SHAPE_REPRESENTATION_RELATIONSHIP() );
#7960 = ITEM_DEFINED_TRANSFORMATION('','',#11,#847);
#7961 = PRODUCT_DEFINITION_SHAPE('Placement','Placement of an item',
  #7962);
#7962 = NEXT_ASSEMBLY_USAGE_OCCURRENCE('222','=>[0:1:1:31]','',#5,#7438,
  $);
#7963 = CONTEXT_DEPENDENT_SHAPE_REPRESENTATION(#7964,#7966);
#7964 = ( REPRESENTATION_RELATIONSHIP('','',#7443,#10) 
REPRESENTATION_RELATIONSHIP_WITH_TRANSFORMATION(#7965) 
SHAPE_REPRESENTATION_RELATIONSHIP() );
#7965 = ITEM_DEFINED_TRANSFORMATION('','',#11,#851);
#7966 = PRODUCT_DEFINITION_SHAPE('Placement','Placement of an item',
  #7967);
#7967 = NEXT_ASSEMBLY_USAGE_OCCURRENCE('223','=>[0:1:1:31]','',#5,#7438,
  $);
#7968 = CONTEXT_DEPENDENT_SHAPE_REPRESENTATION(#7969,#7971);
#7969 = ( REPRESENTATION_RELATIONSHIP('','',#7443,#10) 
REPRESENTATION_RELATIONSHIP_WITH_TRANSFORMATION(#7970) 
SHAPE_REPRESENTATION_RELATIONSHIP() );
#7970 = ITEM_DEFINED_TRANSFORMATION('','',#11,#855);
#7971 = PRODUCT_DEFINITION_SHAPE('Placement','Placement of an item',
  #7972);
#7972 = NEXT_ASSEMBLY_USAGE_OCCURRENCE('224','=>[0:1:1:31]','',#5,#7438,
  $);
#7973 = CONTEXT_DEPENDENT_SHAPE_REPRESENTATION(#7974,#7976);
#7974 = ( REPRESENTATION_RELATIONSHIP('','',#7443,#10) 
REPRESENTATION_RELATIONSHIP_WITH_TRANSFORMATION(#7975) 
SHAPE_REPRESENTATION_RELATIONSHIP() );
#7975 = ITEM_DEFINED_TRANSFORMATION('','',#11,#859);
#7976 = PRODUCT_DEFINITION_SHAPE('Placement','Placement of an item',
  #7977);
#7977 = NEXT_ASSEMBLY_USAGE_OCCURRENCE('225','=>[0:1:1:31]','',#5,#7438,
  $);
#7978 = CONTEXT_DEPENDENT_SHAPE_REPRESENTATION(#7979,#7981);
#7979 = ( REPRESENTATION_RELATIONSHIP('','',#7443,#10) 
REPRESENTATION_RELATIONSHIP_WITH_TRANSFORMATION(#7980) 
SHAPE_REPRESENTATION_RELATIONSHIP() );
#7980 = ITEM_DEFINED_TRANSFORMATION('','',#11,#863);
#7981 = PRODUCT_DEFINITION_SHAPE('Placement','Placement of an item',
  #7982);
#7982 = NEXT_ASSEMBLY_USAGE_OCCURRENCE('226','=>[0:1:1:31]','',#5,#7438,
  $);
#7983 = CONTEXT_DEPENDENT_SHAPE_REPRESENTATION(#7984,#7986);
#7984 = ( REPRESENTATION_RELATIONSHIP('','',#7443,#10) 
REPRESENTATION_RELATIONSHIP_WITH_TRANSFORMATION(#7985) 
SHAPE_REPRESENTATION_RELATIONSHIP() );
#7985 = ITEM_DEFINED_TRANSFORMATION('','',#11,#867);
#7986 = PRODUCT_DEFINITION_SHAPE('Placement','Placement of an item',
  #7987);
#7987 = NEXT_ASSEMBLY_USAGE_OCCURRENCE('227','=>[0:1:1:31]','',#5,#7438,
  $);
#7988 = CONTEXT_DEPENDENT_SHAPE_REPRESENTATION(#7989,#7991);
#7989 = ( REPRESENTATION_RELATIONSHIP('','',#7443,#10) 
REPRESENTATION_RELATIONSHIP_WITH_TRANSFORMATION(#7990) 
SHAPE_REPRESENTATION_RELATIONSHIP() );
#7990 = ITEM_DEFINED_TRANSFORMATION('','',#11,#871);
#7991 = PRODUCT_DEFINITION_SHAPE('Placement','Placement of an item',
  #7992);
#7992 = NEXT_ASSEMBLY_USAGE_OCCURRENCE('228','=>[0:1:1:31]','',#5,#7438,
  $);
#7993 = CONTEXT_DEPENDENT_SHAPE_REPRESENTATION(#7994,#7996);
#7994 = ( REPRESENTATION_RELATIONSHIP('','',#7443,#10) 
REPRESENTATION_RELATIONSHIP_WITH_TRANSFORMATION(#7995) 
SHAPE_REPRESENTATION_RELATIONSHIP() );
#7995 = ITEM_DEFINED_TRANSFORMATION('','',#11,#875);
#7996 = PRODUCT_DEFINITION_SHAPE('Placement','Placement of an item',
  #7997);
#7997 = NEXT_ASSEMBLY_USAGE_OCCURRENCE('229','=>[0:1:1:31]','',#5,#7438,
  $);
#7998 = CONTEXT_DEPENDENT_SHAPE_REPRESENTATION(#7999,#8001);
#7999 = ( REPRESENTATION_RELATIONSHIP('','',#7443,#10) 
REPRESENTATION_RELATIONSHIP_WITH_TRANSFORMATION(#8000) 
SHAPE_REPRESENTATION_RELATIONSHIP() );
#8000 = ITEM_DEFINED_TRANSFORMATION('','',#11,#879);
#8001 = PRODUCT_DEFINITION_SHAPE('Placement','Placement of an item',
  #8002);
#8002 = NEXT_ASSEMBLY_USAGE_OCCURRENCE('230','=>[0:1:1:31]','',#5,#7438,
  $);
#8003 = CONTEXT_DEPENDENT_SHAPE_REPRESENTATION(#8004,#8006);
#8004 = ( REPRESENTATION_RELATIONSHIP('','',#7443,#10) 
REPRESENTATION_RELATIONSHIP_WITH_TRANSFORMATION(#8005) 
SHAPE_REPRESENTATION_RELATIONSHIP() );
#8005 = ITEM_DEFINED_TRANSFORMATION('','',#11,#883);
#8006 = PRODUCT_DEFINITION_SHAPE('Placement','Placement of an item',
  #8007);
#8007 = NEXT_ASSEMBLY_USAGE_OCCURRENCE('231','=>[0:1:1:31]','',#5,#7438,
  $);
#8008 = CONTEXT_DEPENDENT_SHAPE_REPRESENTATION(#8009,#8011);
#8009 = ( REPRESENTATION_RELATIONSHIP('','',#7443,#10) 
REPRESENTATION_RELATIONSHIP_WITH_TRANSFORMATION(#8010) 
SHAPE_REPRESENTATION_RELATIONSHIP() );
#8010 = ITEM_DEFINED_TRANSFORMATION('','',#11,#887);
#8011 = PRODUCT_DEFINITION_SHAPE('Placement','Placement of an item',
  #8012);
#8012 = NEXT_ASSEMBLY_USAGE_OCCURRENCE('232','=>[0:1:1:31]','',#5,#7438,
  $);
#8013 = CONTEXT_DEPENDENT_SHAPE_REPRESENTATION(#8014,#8016);
#8014 = ( REPRESENTATION_RELATIONSHIP('','',#7443,#10) 
REPRESENTATION_RELATIONSHIP_WITH_TRANSFORMATION(#8015) 
SHAPE_REPRESENTATION_RELATIONSHIP() );
#8015 = ITEM_DEFINED_TRANSFORMATION('','',#11,#891);
#8016 = PRODUCT_DEFINITION_SHAPE('Placement','Placement of an item',
  #8017);
#8017 = NEXT_ASSEMBLY_USAGE_OCCURRENCE('233','=>[0:1:1:31]','',#5,#7438,
  $);
#8018 = CONTEXT_DEPENDENT_SHAPE_REPRESENTATION(#8019,#8021);
#8019 = ( REPRESENTATION_RELATIONSHIP('','',#7443,#10) 
REPRESENTATION_RELATIONSHIP_WITH_TRANSFORMATION(#8020) 
SHAPE_REPRESENTATION_RELATIONSHIP() );
#8020 = ITEM_DEFINED_TRANSFORMATION('','',#11,#895);
#8021 = PRODUCT_DEFINITION_SHAPE('Placement','Placement of an item',
  #8022);
#8022 = NEXT_ASSEMBLY_USAGE_OCCURRENCE('234','=>[0:1:1:31]','',#5,#7438,
  $);
#8023 = CONTEXT_DEPENDENT_SHAPE_REPRESENTATION(#8024,#8026);
#8024 = ( REPRESENTATION_RELATIONSHIP('','',#7443,#10) 
REPRESENTATION_RELATIONSHIP_WITH_TRANSFORMATION(#8025) 
SHAPE_REPRESENTATION_RELATIONSHIP() );
#8025 = ITEM_DEFINED_TRANSFORMATION('','',#11,#899);
#8026 = PRODUCT_DEFINITION_SHAPE('Placement','Placement of an item',
  #8027);
#8027 = NEXT_ASSEMBLY_USAGE_OCCURRENCE('235','=>[0:1:1:31]','',#5,#7438,
  $);
#8028 = CONTEXT_DEPENDENT_SHAPE_REPRESENTATION(#8029,#8031);
#8029 = ( REPRESENTATION_RELATIONSHIP('','',#7443,#10) 
REPRESENTATION_RELATIONSHIP_WITH_TRANSFORMATION(#8030) 
SHAPE_REPRESENTATION_RELATIONSHIP() );
#8030 = ITEM_DEFINED_TRANSFORMATION('','',#11,#903);
#8031 = PRODUCT_DEFINITION_SHAPE('Placement','Placement of an item',
  #8032);
#8032 = NEXT_ASSEMBLY_USAGE_OCCURRENCE('236','=>[0:1:1:31]','',#5,#7438,
  $);
#8033 = CONTEXT_DEPENDENT_SHAPE_REPRESENTATION(#8034,#8036);
#8034 = ( REPRESENTATION_RELATIONSHIP('','',#7443,#10) 
REPRESENTATION_RELATIONSHIP_WITH_TRANSFORMATION(#8035) 
SHAPE_REPRESENTATION_RELATIONSHIP() );
#8035 = ITEM_DEFINED_TRANSFORMATION('','',#11,#907);
#8036 = PRODUCT_DEFINITION_SHAPE('Placement','Placement of an item',
  #8037);
#8037 = NEXT_ASSEMBLY_USAGE_OCCURRENCE('237','=>[0:1:1:31]','',#5,#7438,
  $);
#8038 = CONTEXT_DEPENDENT_SHAPE_REPRESENTATION(#8039,#8041);
#8039 = ( REPRESENTATION_RELATIONSHIP('','',#7443,#10) 
REPRESENTATION_RELATIONSHIP_WITH_TRANSFORMATION(#8040) 
SHAPE_REPRESENTATION_RELATIONSHIP() );
#8040 = ITEM_DEFINED_TRANSFORMATION('','',#11,#911);
#8041 = PRODUCT_DEFINITION_SHAPE('Placement','Placement of an item',
  #8042);
#8042 = NEXT_ASSEMBLY_USAGE_OCCURRENCE('238','=>[0:1:1:31]','',#5,#7438,
  $);
#8043 = CONTEXT_DEPENDENT_SHAPE_REPRESENTATION(#8044,#8046);
#8044 = ( REPRESENTATION_RELATIONSHIP('','',#7443,#10) 
REPRESENTATION_RELATIONSHIP_WITH_TRANSFORMATION(#8045) 
SHAPE_REPRESENTATION_RELATIONSHIP() );
#8045 = ITEM_DEFINED_TRANSFORMATION('','',#11,#915);
#8046 = PRODUCT_DEFINITION_SHAPE('Placement','Placement of an item',
  #8047);
#8047 = NEXT_ASSEMBLY_USAGE_OCCURRENCE('239','=>[0:1:1:31]','',#5,#7438,
  $);
#8048 = CONTEXT_DEPENDENT_SHAPE_REPRESENTATION(#8049,#8051);
#8049 = ( REPRESENTATION_RELATIONSHIP('','',#7443,#10) 
REPRESENTATION_RELATIONSHIP_WITH_TRANSFORMATION(#8050) 
SHAPE_REPRESENTATION_RELATIONSHIP() );
#8050 = ITEM_DEFINED_TRANSFORMATION('','',#11,#919);
#8051 = PRODUCT_DEFINITION_SHAPE('Placement','Placement of an item',
  #8052);
#8052 = NEXT_ASSEMBLY_USAGE_OCCURRENCE('240','=>[0:1:1:31]','',#5,#7438,
  $);
#8053 = CONTEXT_DEPENDENT_SHAPE_REPRESENTATION(#8054,#8056);
#8054 = ( REPRESENTATION_RELATIONSHIP('','',#7443,#10) 
REPRESENTATION_RELATIONSHIP_WITH_TRANSFORMATION(#8055) 
SHAPE_REPRESENTATION_RELATIONSHIP() );
#8055 = ITEM_DEFINED_TRANSFORMATION('','',#11,#923);
#8056 = PRODUCT_DEFINITION_SHAPE('Placement','Placement of an item',
  #8057);
#8057 = NEXT_ASSEMBLY_USAGE_OCCURRENCE('241','=>[0:1:1:31]','',#5,#7438,
  $);
#8058 = CONTEXT_DEPENDENT_SHAPE_REPRESENTATION(#8059,#8061);
#8059 = ( REPRESENTATION_RELATIONSHIP('','',#7443,#10) 
REPRESENTATION_RELATIONSHIP_WITH_TRANSFORMATION(#8060) 
SHAPE_REPRESENTATION_RELATIONSHIP() );
#8060 = ITEM_DEFINED_TRANSFORMATION('','',#11,#927);
#8061 = PRODUCT_DEFINITION_SHAPE('Placement','Placement of an item',
  #8062);
#8062 = NEXT_ASSEMBLY_USAGE_OCCURRENCE('242','=>[0:1:1:31]','',#5,#7438,
  $);
#8063 = CONTEXT_DEPENDENT_SHAPE_REPRESENTATION(#8064,#8066);
#8064 = ( REPRESENTATION_RELATIONSHIP('','',#7443,#10) 
REPRESENTATION_RELATIONSHIP_WITH_TRANSFORMATION(#8065) 
SHAPE_REPRESENTATION_RELATIONSHIP() );
#8065 = ITEM_DEFINED_TRANSFORMATION('','',#11,#931);
#8066 = PRODUCT_DEFINITION_SHAPE('Placement','Placement of an item',
  #8067);
#8067 = NEXT_ASSEMBLY_USAGE_OCCURRENCE('243','=>[0:1:1:31]','',#5,#7438,
  $);
#8068 = CONTEXT_DEPENDENT_SHAPE_REPRESENTATION(#8069,#8071);
#8069 = ( REPRESENTATION_RELATIONSHIP('','',#7443,#10) 
REPRESENTATION_RELATIONSHIP_WITH_TRANSFORMATION(#8070) 
SHAPE_REPRESENTATION_RELATIONSHIP() );
#8070 = ITEM_DEFINED_TRANSFORMATION('','',#11,#935);
#8071 = PRODUCT_DEFINITION_SHAPE('Placement','Placement of an item',
  #8072);
#8072 = NEXT_ASSEMBLY_USAGE_OCCURRENCE('244','=>[0:1:1:31]','',#5,#7438,
  $);
#8073 = CONTEXT_DEPENDENT_SHAPE_REPRESENTATION(#8074,#8076);
#8074 = ( REPRESENTATION_RELATIONSHIP('','',#7443,#10) 
REPRESENTATION_RELATIONSHIP_WITH_TRANSFORMATION(#8075) 
SHAPE_REPRESENTATION_RELATIONSHIP() );
#8075 = ITEM_DEFINED_TRANSFORMATION('','',#11,#939);
#8076 = PRODUCT_DEFINITION_SHAPE('Placement','Placement of an item',
  #8077);
#8077 = NEXT_ASSEMBLY_USAGE_OCCURRENCE('245','=>[0:1:1:31]','',#5,#7438,
  $);
#8078 = CONTEXT_DEPENDENT_SHAPE_REPRESENTATION(#8079,#8081);
#8079 = ( REPRESENTATION_RELATIONSHIP('','',#7443,#10) 
REPRESENTATION_RELATIONSHIP_WITH_TRANSFORMATION(#8080) 
SHAPE_REPRESENTATION_RELATIONSHIP() );
#8080 = ITEM_DEFINED_TRANSFORMATION('','',#11,#943);
#8081 = PRODUCT_DEFINITION_SHAPE('Placement','Placement of an item',
  #8082);
#8082 = NEXT_ASSEMBLY_USAGE_OCCURRENCE('246','=>[0:1:1:31]','',#5,#7438,
  $);
#8083 = CONTEXT_DEPENDENT_SHAPE_REPRESENTATION(#8084,#8086);
#8084 = ( REPRESENTATION_RELATIONSHIP('','',#7443,#10) 
REPRESENTATION_RELATIONSHIP_WITH_TRANSFORMATION(#8085) 
SHAPE_REPRESENTATION_RELATIONSHIP() );
#8085 = ITEM_DEFINED_TRANSFORMATION('','',#11,#947);
#8086 = PRODUCT_DEFINITION_SHAPE('Placement','Placement of an item',
  #8087);
#8087 = NEXT_ASSEMBLY_USAGE_OCCURRENCE('247','=>[0:1:1:31]','',#5,#7438,
  $);
#8088 = CONTEXT_DEPENDENT_SHAPE_REPRESENTATION(#8089,#8091);
#8089 = ( REPRESENTATION_RELATIONSHIP('','',#7443,#10) 
REPRESENTATION_RELATIONSHIP_WITH_TRANSFORMATION(#8090) 
SHAPE_REPRESENTATION_RELATIONSHIP() );
#8090 = ITEM_DEFINED_TRANSFORMATION('','',#11,#951);
#8091 = PRODUCT_DEFINITION_SHAPE('Placement','Placement of an item',
  #8092);
#8092 = NEXT_ASSEMBLY_USAGE_OCCURRENCE('248','=>[0:1:1:31]','',#5,#7438,
  $);
#8093 = CONTEXT_DEPENDENT_SHAPE_REPRESENTATION(#8094,#8096);
#8094 = ( REPRESENTATION_RELATIONSHIP('','',#7443,#10) 
REPRESENTATION_RELATIONSHIP_WITH_TRANSFORMATION(#8095) 
SHAPE_REPRESENTATION_RELATIONSHIP() );
#8095 = ITEM_DEFINED_TRANSFORMATION('','',#11,#955);
#8096 = PRODUCT_DEFINITION_SHAPE('Placement','Placement of an item',
  #8097);
#8097 = NEXT_ASSEMBLY_USAGE_OCCURRENCE('249','=>[0:1:1:31]','',#5,#7438,
  $);
#8098 = CONTEXT_DEPENDENT_SHAPE_REPRESENTATION(#8099,#8101);
#8099 = ( REPRESENTATION_RELATIONSHIP('','',#7443,#10) 
REPRESENTATION_RELATIONSHIP_WITH_TRANSFORMATION(#8100) 
SHAPE_REPRESENTATION_RELATIONSHIP() );
#8100 = ITEM_DEFINED_TRANSFORMATION('','',#11,#959);
#8101 = PRODUCT_DEFINITION_SHAPE('Placement','Placement of an item',
  #8102);
#8102 = NEXT_ASSEMBLY_USAGE_OCCURRENCE('250','=>[0:1:1:31]','',#5,#7438,
  $);
#8103 = CONTEXT_DEPENDENT_SHAPE_REPRESENTATION(#8104,#8106);
#8104 = ( REPRESENTATION_RELATIONSHIP('','',#7443,#10) 
REPRESENTATION_RELATIONSHIP_WITH_TRANSFORMATION(#8105) 
SHAPE_REPRESENTATION_RELATIONSHIP() );
#8105 = ITEM_DEFINED_TRANSFORMATION('','',#11,#963);
#8106 = PRODUCT_DEFINITION_SHAPE('Placement','Placement of an item',
  #8107);
#8107 = NEXT_ASSEMBLY_USAGE_OCCURRENCE('251','=>[0:1:1:31]','',#5,#7438,
  $);
#8108 = CONTEXT_DEPENDENT_SHAPE_REPRESENTATION(#8109,#8111);
#8109 = ( REPRESENTATION_RELATIONSHIP('','',#7443,#10) 
REPRESENTATION_RELATIONSHIP_WITH_TRANSFORMATION(#8110) 
SHAPE_REPRESENTATION_RELATIONSHIP() );
#8110 = ITEM_DEFINED_TRANSFORMATION('','',#11,#967);
#8111 = PRODUCT_DEFINITION_SHAPE('Placement','Placement of an item',
  #8112);
#8112 = NEXT_ASSEMBLY_USAGE_OCCURRENCE('252','=>[0:1:1:31]','',#5,#7438,
  $);
#8113 = CONTEXT_DEPENDENT_SHAPE_REPRESENTATION(#8114,#8116);
#8114 = ( REPRESENTATION_RELATIONSHIP('','',#7443,#10) 
REPRESENTATION_RELATIONSHIP_WITH_TRANSFORMATION(#8115) 
SHAPE_REPRESENTATION_RELATIONSHIP() );
#8115 = ITEM_DEFINED_TRANSFORMATION('','',#11,#971);
#8116 = PRODUCT_DEFINITION_SHAPE('Placement','Placement of an item',
  #8117);
#8117 = NEXT_ASSEMBLY_USAGE_OCCURRENCE('253','=>[0:1:1:31]','',#5,#7438,
  $);
#8118 = CONTEXT_DEPENDENT_SHAPE_REPRESENTATION(#8119,#8121);
#8119 = ( REPRESENTATION_RELATIONSHIP('','',#7443,#10) 
REPRESENTATION_RELATIONSHIP_WITH_TRANSFORMATION(#8120) 
SHAPE_REPRESENTATION_RELATIONSHIP() );
#8120 = ITEM_DEFINED_TRANSFORMATION('','',#11,#975);
#8121 = PRODUCT_DEFINITION_SHAPE('Placement','Placement of an item',
  #8122);
#8122 = NEXT_ASSEMBLY_USAGE_OCCURRENCE('254','=>[0:1:1:31]','',#5,#7438,
  $);
#8123 = CONTEXT_DEPENDENT_SHAPE_REPRESENTATION(#8124,#8126);
#8124 = ( REPRESENTATION_RELATIONSHIP('','',#7443,#10) 
REPRESENTATION_RELATIONSHIP_WITH_TRANSFORMATION(#8125) 
SHAPE_REPRESENTATION_RELATIONSHIP() );
#8125 = ITEM_DEFINED_TRANSFORMATION('','',#11,#979);
#8126 = PRODUCT_DEFINITION_SHAPE('Placement','Placement of an item',
  #8127);
#8127 = NEXT_ASSEMBLY_USAGE_OCCURRENCE('255','=>[0:1:1:31]','',#5,#7438,
  $);
#8128 = CONTEXT_DEPENDENT_SHAPE_REPRESENTATION(#8129,#8131);
#8129 = ( REPRESENTATION_RELATIONSHIP('','',#7443,#10) 
REPRESENTATION_RELATIONSHIP_WITH_TRANSFORMATION(#8130) 
SHAPE_REPRESENTATION_RELATIONSHIP() );
#8130 = ITEM_DEFINED_TRANSFORMATION('','',#11,#983);
#8131 = PRODUCT_DEFINITION_SHAPE('Placement','Placement of an item',
  #8132);
#8132 = NEXT_ASSEMBLY_USAGE_OCCURRENCE('256','=>[0:1:1:31]','',#5,#7438,
  $);
#8133 = CONTEXT_DEPENDENT_SHAPE_REPRESENTATION(#8134,#8136);
#8134 = ( REPRESENTATION_RELATIONSHIP('','',#7443,#10) 
REPRESENTATION_RELATIONSHIP_WITH_TRANSFORMATION(#8135) 
SHAPE_REPRESENTATION_RELATIONSHIP() );
#8135 = ITEM_DEFINED_TRANSFORMATION('','',#11,#987);
#8136 = PRODUCT_DEFINITION_SHAPE('Placement','Placement of an item',
  #8137);
#8137 = NEXT_ASSEMBLY_USAGE_OCCURRENCE('257','=>[0:1:1:31]','',#5,#7438,
  $);
#8138 = CONTEXT_DEPENDENT_SHAPE_REPRESENTATION(#8139,#8141);
#8139 = ( REPRESENTATION_RELATIONSHIP('','',#7443,#10) 
REPRESENTATION_RELATIONSHIP_WITH_TRANSFORMATION(#8140) 
SHAPE_REPRESENTATION_RELATIONSHIP() );
#8140 = ITEM_DEFINED_TRANSFORMATION('','',#11,#991);
#8141 = PRODUCT_DEFINITION_SHAPE('Placement','Placement of an item',
  #8142);
#8142 = NEXT_ASSEMBLY_USAGE_OCCURRENCE('258','=>[0:1:1:31]','',#5,#7438,
  $);
#8143 = CONTEXT_DEPENDENT_SHAPE_REPRESENTATION(#8144,#8146);
#8144 = ( REPRESENTATION_RELATIONSHIP('','',#7443,#10) 
REPRESENTATION_RELATIONSHIP_WITH_TRANSFORMATION(#8145) 
SHAPE_REPRESENTATION_RELATIONSHIP() );
#8145 = ITEM_DEFINED_TRANSFORMATION('','',#11,#995);
#8146 = PRODUCT_DEFINITION_SHAPE('Placement','Placement of an item',
  #8147);
#8147 = NEXT_ASSEMBLY_USAGE_OCCURRENCE('259','=>[0:1:1:31]','',#5,#7438,
  $);
#8148 = CONTEXT_DEPENDENT_SHAPE_REPRESENTATION(#8149,#8151);
#8149 = ( REPRESENTATION_RELATIONSHIP('','',#7443,#10) 
REPRESENTATION_RELATIONSHIP_WITH_TRANSFORMATION(#8150) 
SHAPE_REPRESENTATION_RELATIONSHIP() );
#8150 = ITEM_DEFINED_TRANSFORMATION('','',#11,#999);
#8151 = PRODUCT_DEFINITION_SHAPE('Placement','Placement of an item',
  #8152);
#8152 = NEXT_ASSEMBLY_USAGE_OCCURRENCE('260','=>[0:1:1:31]','',#5,#7438,
  $);
#8153 = CONTEXT_DEPENDENT_SHAPE_REPRESENTATION(#8154,#8156);
#8154 = ( REPRESENTATION_RELATIONSHIP('','',#7443,#10) 
REPRESENTATION_RELATIONSHIP_WITH_TRANSFORMATION(#8155) 
SHAPE_REPRESENTATION_RELATIONSHIP() );
#8155 = ITEM_DEFINED_TRANSFORMATION('','',#11,#1003);
#8156 = PRODUCT_DEFINITION_SHAPE('Placement','Placement of an item',
  #8157);
#8157 = NEXT_ASSEMBLY_USAGE_OCCURRENCE('261','=>[0:1:1:31]','',#5,#7438,
  $);
#8158 = CONTEXT_DEPENDENT_SHAPE_REPRESENTATION(#8159,#8161);
#8159 = ( REPRESENTATION_RELATIONSHIP('','',#7443,#10) 
REPRESENTATION_RELATIONSHIP_WITH_TRANSFORMATION(#8160) 
SHAPE_REPRESENTATION_RELATIONSHIP() );
#8160 = ITEM_DEFINED_TRANSFORMATION('','',#11,#1007);
#8161 = PRODUCT_DEFINITION_SHAPE('Placement','Placement of an item',
  #8162);
#8162 = NEXT_ASSEMBLY_USAGE_OCCURRENCE('262','=>[0:1:1:31]','',#5,#7438,
  $);
#8163 = CONTEXT_DEPENDENT_SHAPE_REPRESENTATION(#8164,#8166);
#8164 = ( REPRESENTATION_RELATIONSHIP('','',#7443,#10) 
REPRESENTATION_RELATIONSHIP_WITH_TRANSFORMATION(#8165) 
SHAPE_REPRESENTATION_RELATIONSHIP() );
#8165 = ITEM_DEFINED_TRANSFORMATION('','',#11,#1011);
#8166 = PRODUCT_DEFINITION_SHAPE('Placement','Placement of an item',
  #8167);
#8167 = NEXT_ASSEMBLY_USAGE_OCCURRENCE('263','=>[0:1:1:31]','',#5,#7438,
  $);
#8168 = CONTEXT_DEPENDENT_SHAPE_REPRESENTATION(#8169,#8171);
#8169 = ( REPRESENTATION_RELATIONSHIP('','',#7443,#10) 
REPRESENTATION_RELATIONSHIP_WITH_TRANSFORMATION(#8170) 
SHAPE_REPRESENTATION_RELATIONSHIP() );
#8170 = ITEM_DEFINED_TRANSFORMATION('','',#11,#1015);
#8171 = PRODUCT_DEFINITION_SHAPE('Placement','Placement of an item',
  #8172);
#8172 = NEXT_ASSEMBLY_USAGE_OCCURRENCE('264','=>[0:1:1:31]','',#5,#7438,
  $);
#8173 = CONTEXT_DEPENDENT_SHAPE_REPRESENTATION(#8174,#8176);
#8174 = ( REPRESENTATION_RELATIONSHIP('','',#7443,#10) 
REPRESENTATION_RELATIONSHIP_WITH_TRANSFORMATION(#8175) 
SHAPE_REPRESENTATION_RELATIONSHIP() );
#8175 = ITEM_DEFINED_TRANSFORMATION('','',#11,#1019);
#8176 = PRODUCT_DEFINITION_SHAPE('Placement','Placement of an item',
  #8177);
#8177 = NEXT_ASSEMBLY_USAGE_OCCURRENCE('265','=>[0:1:1:31]','',#5,#7438,
  $);
#8178 = CONTEXT_DEPENDENT_SHAPE_REPRESENTATION(#8179,#8181);
#8179 = ( REPRESENTATION_RELATIONSHIP('','',#7443,#10) 
REPRESENTATION_RELATIONSHIP_WITH_TRANSFORMATION(#8180) 
SHAPE_REPRESENTATION_RELATIONSHIP() );
#8180 = ITEM_DEFINED_TRANSFORMATION('','',#11,#1023);
#8181 = PRODUCT_DEFINITION_SHAPE('Placement','Placement of an item',
  #8182);
#8182 = NEXT_ASSEMBLY_USAGE_OCCURRENCE('266','=>[0:1:1:31]','',#5,#7438,
  $);
#8183 = CONTEXT_DEPENDENT_SHAPE_REPRESENTATION(#8184,#8186);
#8184 = ( REPRESENTATION_RELATIONSHIP('','',#7443,#10) 
REPRESENTATION_RELATIONSHIP_WITH_TRANSFORMATION(#8185) 
SHAPE_REPRESENTATION_RELATIONSHIP() );
#8185 = ITEM_DEFINED_TRANSFORMATION('','',#11,#1027);
#8186 = PRODUCT_DEFINITION_SHAPE('Placement','Placement of an item',
  #8187);
#8187 = NEXT_ASSEMBLY_USAGE_OCCURRENCE('267','=>[0:1:1:31]','',#5,#7438,
  $);
#8188 = CONTEXT_DEPENDENT_SHAPE_REPRESENTATION(#8189,#8191);
#8189 = ( REPRESENTATION_RELATIONSHIP('','',#7443,#10) 
REPRESENTATION_RELATIONSHIP_WITH_TRANSFORMATION(#8190) 
SHAPE_REPRESENTATION_RELATIONSHIP() );
#8190 = ITEM_DEFINED_TRANSFORMATION('','',#11,#1031);
#8191 = PRODUCT_DEFINITION_SHAPE('Placement','Placement of an item',
  #8192);
#8192 = NEXT_ASSEMBLY_USAGE_OCCURRENCE('268','=>[0:1:1:31]','',#5,#7438,
  $);
#8193 = CONTEXT_DEPENDENT_SHAPE_REPRESENTATION(#8194,#8196);
#8194 = ( REPRESENTATION_RELATIONSHIP('','',#7443,#10) 
REPRESENTATION_RELATIONSHIP_WITH_TRANSFORMATION(#8195) 
SHAPE_REPRESENTATION_RELATIONSHIP() );
#8195 = ITEM_DEFINED_TRANSFORMATION('','',#11,#1035);
#8196 = PRODUCT_DEFINITION_SHAPE('Placement','Placement of an item',
  #8197);
#8197 = NEXT_ASSEMBLY_USAGE_OCCURRENCE('269','=>[0:1:1:31]','',#5,#7438,
  $);
#8198 = CONTEXT_DEPENDENT_SHAPE_REPRESENTATION(#8199,#8201);
#8199 = ( REPRESENTATION_RELATIONSHIP('','',#7443,#10) 
REPRESENTATION_RELATIONSHIP_WITH_TRANSFORMATION(#8200) 
SHAPE_REPRESENTATION_RELATIONSHIP() );
#8200 = ITEM_DEFINED_TRANSFORMATION('','',#11,#1039);
#8201 = PRODUCT_DEFINITION_SHAPE('Placement','Placement of an item',
  #8202);
#8202 = NEXT_ASSEMBLY_USAGE_OCCURRENCE('270','=>[0:1:1:31]','',#5,#7438,
  $);
#8203 = CONTEXT_DEPENDENT_SHAPE_REPRESENTATION(#8204,#8206);
#8204 = ( REPRESENTATION_RELATIONSHIP('','',#7443,#10) 
REPRESENTATION_RELATIONSHIP_WITH_TRANSFORMATION(#8205) 
SHAPE_REPRESENTATION_RELATIONSHIP() );
#8205 = ITEM_DEFINED_TRANSFORMATION('','',#11,#1043);
#8206 = PRODUCT_DEFINITION_SHAPE('Placement','Placement of an item',
  #8207);
#8207 = NEXT_ASSEMBLY_USAGE_OCCURRENCE('271','=>[0:1:1:31]','',#5,#7438,
  $);
#8208 = CONTEXT_DEPENDENT_SHAPE_REPRESENTATION(#8209,#8211);
#8209 = ( REPRESENTATION_RELATIONSHIP('','',#7443,#10) 
REPRESENTATION_RELATIONSHIP_WITH_TRANSFORMATION(#8210) 
SHAPE_REPRESENTATION_RELATIONSHIP() );
#8210 = ITEM_DEFINED_TRANSFORMATION('','',#11,#1047);
#8211 = PRODUCT_DEFINITION_SHAPE('Placement','Placement of an item',
  #8212);
#8212 = NEXT_ASSEMBLY_USAGE_OCCURRENCE('272','=>[0:1:1:31]','',#5,#7438,
  $);
#8213 = CONTEXT_DEPENDENT_SHAPE_REPRESENTATION(#8214,#8216);
#8214 = ( REPRESENTATION_RELATIONSHIP('','',#7443,#10) 
REPRESENTATION_RELATIONSHIP_WITH_TRANSFORMATION(#8215) 
SHAPE_REPRESENTATION_RELATIONSHIP() );
#8215 = ITEM_DEFINED_TRANSFORMATION('','',#11,#1051);
#8216 = PRODUCT_DEFINITION_SHAPE('Placement','Placement of an item',
  #8217);
#8217 = NEXT_ASSEMBLY_USAGE_OCCURRENCE('273','=>[0:1:1:31]','',#5,#7438,
  $);
#8218 = SHAPE_DEFINITION_REPRESENTATION(#8219,#8225);
#8219 = PRODUCT_DEFINITION_SHAPE('','',#8220);
#8220 = PRODUCT_DEFINITION('design','',#8221,#8224);
#8221 = PRODUCT_DEFINITION_FORMATION('','',#8222);
#8222 = PRODUCT('R1~R0402~R0402_L1.0-W0.5-H0.5~5ZeZ',
  'R1~R0402~R0402_L1.0-W0.5-H0.5~5ZeZ','',(#8223));
#8223 = PRODUCT_CONTEXT('',#2,'mechanical');
#8224 = PRODUCT_DEFINITION_CONTEXT('part definition',#2,'design');
#8225 = SHAPE_REPRESENTATION('',(#11,#8226),#8230);
#8226 = AXIS2_PLACEMENT_3D('',#8227,#8228,#8229);
#8227 = CARTESIAN_POINT('',(0.,0.,0.));
#8228 = DIRECTION('',(0.,0.,1.));
#8229 = DIRECTION('',(1.,0.,-0.));
#8230 = ( GEOMETRIC_REPRESENTATION_CONTEXT(3) 
GLOBAL_UNCERTAINTY_ASSIGNED_CONTEXT((#8234)) 
GLOBAL_UNIT_ASSIGNED_CONTEXT((#8231,#8232,#8233)) REPRESENTATION_CONTEXT
('Context #1','3D Context with UNIT and UNCERTAINTY') );
#8231 = ( LENGTH_UNIT() NAMED_UNIT(*) SI_UNIT(.MILLI.,.METRE.) );
#8232 = ( NAMED_UNIT(*) PLANE_ANGLE_UNIT() SI_UNIT($,.RADIAN.) );
#8233 = ( NAMED_UNIT(*) SI_UNIT($,.STERADIAN.) SOLID_ANGLE_UNIT() );
#8234 = UNCERTAINTY_MEASURE_WITH_UNIT(LENGTH_MEASURE(1.E-07),#8231,
  'distance_accuracy_value','confusion accuracy');
#8235 = CONTEXT_DEPENDENT_SHAPE_REPRESENTATION(#8236,#8238);
#8236 = ( REPRESENTATION_RELATIONSHIP('','',#8225,#10) 
REPRESENTATION_RELATIONSHIP_WITH_TRANSFORMATION(#8237) 
SHAPE_REPRESENTATION_RELATIONSHIP() );
#8237 = ITEM_DEFINED_TRANSFORMATION('','',#11,#1055);
#8238 = PRODUCT_DEFINITION_SHAPE('Placement','Placement of an item',
  #8239);
#8239 = NEXT_ASSEMBLY_USAGE_OCCURRENCE('275','=>[0:1:1:34]','',#5,#8220,
  $);
#8240 = PRODUCT_RELATED_PRODUCT_CATEGORY('part',$,(#8222));
#8241 = SHAPE_DEFINITION_REPRESENTATION(#8242,#8248);
#8242 = PRODUCT_DEFINITION_SHAPE('','',#8243);
#8243 = PRODUCT_DEFINITION('design','',#8244,#8247);
#8244 = PRODUCT_DEFINITION_FORMATION('','',#8245);
#8245 = PRODUCT('R136~R0402~R0402_L1.0-W0.5-H0.5~5ZeZ',
  'R136~R0402~R0402_L1.0-W0.5-H0.5~5ZeZ','',(#8246));
#8246 = PRODUCT_CONTEXT('',#2,'mechanical');
#8247 = PRODUCT_DEFINITION_CONTEXT('part definition',#2,'design');
#8248 = ADVANCED_BREP_SHAPE_REPRESENTATION('',(#11,#8249),#8387);
#8249 = MANIFOLD_SOLID_BREP('',#8250);
#8250 = CLOSED_SHELL('',(#8251,#8287,#8323,#8343,#8363,#8375));
#8251 = ADVANCED_FACE('',(#8252),#8282,.F.);
#8252 = FACE_BOUND('',#8253,.F.);
#8253 = EDGE_LOOP('',(#8254,#8263,#8270,#8277));
#8254 = ORIENTED_EDGE('',*,*,#8255,.F.);
#8255 = EDGE_CURVE('',#8256,#8258,#8260,.T.);
#8256 = VERTEX_POINT('',#8257);
#8257 = CARTESIAN_POINT('',(-0.5,-0.249987299975,0.));
#8258 = VERTEX_POINT('',#8259);
#8259 = CARTESIAN_POINT('',(-0.5,-0.249987299975,0.762001524003));
#8260 = B_SPLINE_CURVE_WITH_KNOTS('',1,(#8261,#8262),.UNSPECIFIED.,.F.,
  .F.,(2,2),(0.,0.762001524003),.PIECEWISE_BEZIER_KNOTS.);
#8261 = CARTESIAN_POINT('',(-0.5,-0.249987299975,0.));
#8262 = CARTESIAN_POINT('',(-0.5,-0.249987299975,0.762001524003));
#8263 = ORIENTED_EDGE('',*,*,#8264,.T.);
#8264 = EDGE_CURVE('',#8256,#8265,#8267,.T.);
#8265 = VERTEX_POINT('',#8266);
#8266 = CARTESIAN_POINT('',(-0.5,0.250012700025,0.));
#8267 = B_SPLINE_CURVE_WITH_KNOTS('',1,(#8268,#8269),.UNSPECIFIED.,.F.,
  .F.,(2,2),(0.,0.762001524003),.PIECEWISE_BEZIER_KNOTS.);
#8268 = CARTESIAN_POINT('',(-0.5,-0.249987299975,0.));
#8269 = CARTESIAN_POINT('',(-0.5,0.250012700025,0.));
#8270 = ORIENTED_EDGE('',*,*,#8271,.T.);
#8271 = EDGE_CURVE('',#8265,#8272,#8274,.T.);
#8272 = VERTEX_POINT('',#8273);
#8273 = CARTESIAN_POINT('',(-0.5,0.250012700025,0.762001524003));
#8274 = B_SPLINE_CURVE_WITH_KNOTS('',1,(#8275,#8276),.UNSPECIFIED.,.F.,
  .F.,(2,2),(0.,0.762001524003),.PIECEWISE_BEZIER_KNOTS.);
#8275 = CARTESIAN_POINT('',(-0.5,0.250012700025,0.));
#8276 = CARTESIAN_POINT('',(-0.5,0.250012700025,0.762001524003));
#8277 = ORIENTED_EDGE('',*,*,#8278,.F.);
#8278 = EDGE_CURVE('',#8258,#8272,#8279,.T.);
#8279 = B_SPLINE_CURVE_WITH_KNOTS('',1,(#8280,#8281),.UNSPECIFIED.,.F.,
  .F.,(2,2),(0.,0.762001524003),.PIECEWISE_BEZIER_KNOTS.);
#8280 = CARTESIAN_POINT('',(-0.5,-0.249987299975,0.762001524003));
#8281 = CARTESIAN_POINT('',(-0.5,0.250012700025,0.762001524003));
#8282 = B_SPLINE_SURFACE_WITH_KNOTS('',1,1,(
    (#8283,#8284)
    ,(#8285,#8286
    )),.UNSPECIFIED.,.F.,.F.,.F.,(2,2),(2,2),(0.,0.762001524003),(
    -0.762001524003,0.),.PIECEWISE_BEZIER_KNOTS.);
#8283 = CARTESIAN_POINT('',(-0.5,0.250012700025,0.));
#8284 = CARTESIAN_POINT('',(-0.5,-0.249987299975,0.));
#8285 = CARTESIAN_POINT('',(-0.5,0.250012700025,0.762001524003));
#8286 = CARTESIAN_POINT('',(-0.5,-0.249987299975,0.762001524003));
#8287 = ADVANCED_FACE('',(#8288),#8318,.T.);
#8288 = FACE_BOUND('',#8289,.T.);
#8289 = EDGE_LOOP('',(#8290,#8299,#8306,#8313));
#8290 = ORIENTED_EDGE('',*,*,#8291,.F.);
#8291 = EDGE_CURVE('',#8292,#8294,#8296,.T.);
#8292 = VERTEX_POINT('',#8293);
#8293 = CARTESIAN_POINT('',(0.5,-0.249987299975,0.));
#8294 = VERTEX_POINT('',#8295);
#8295 = CARTESIAN_POINT('',(0.5,-0.249987299975,0.762001524003));
#8296 = B_SPLINE_CURVE_WITH_KNOTS('',1,(#8297,#8298),.UNSPECIFIED.,.F.,
  .F.,(2,2),(0.,0.762001524003),.PIECEWISE_BEZIER_KNOTS.);
#8297 = CARTESIAN_POINT('',(0.5,-0.249987299975,0.));
#8298 = CARTESIAN_POINT('',(0.5,-0.249987299975,0.762001524003));
#8299 = ORIENTED_EDGE('',*,*,#8300,.T.);
#8300 = EDGE_CURVE('',#8292,#8301,#8303,.T.);
#8301 = VERTEX_POINT('',#8302);
#8302 = CARTESIAN_POINT('',(0.5,0.250012700025,0.));
#8303 = B_SPLINE_CURVE_WITH_KNOTS('',1,(#8304,#8305),.UNSPECIFIED.,.F.,
  .F.,(2,2),(0.,0.762001524003),.PIECEWISE_BEZIER_KNOTS.);
#8304 = CARTESIAN_POINT('',(0.5,-0.249987299975,0.));
#8305 = CARTESIAN_POINT('',(0.5,0.250012700025,0.));
#8306 = ORIENTED_EDGE('',*,*,#8307,.T.);
#8307 = EDGE_CURVE('',#8301,#8308,#8310,.T.);
#8308 = VERTEX_POINT('',#8309);
#8309 = CARTESIAN_POINT('',(0.5,0.250012700025,0.762001524003));
#8310 = B_SPLINE_CURVE_WITH_KNOTS('',1,(#8311,#8312),.UNSPECIFIED.,.F.,
  .F.,(2,2),(0.,0.762001524003),.PIECEWISE_BEZIER_KNOTS.);
#8311 = CARTESIAN_POINT('',(0.5,0.250012700025,0.));
#8312 = CARTESIAN_POINT('',(0.5,0.250012700025,0.762001524003));
#8313 = ORIENTED_EDGE('',*,*,#8314,.F.);
#8314 = EDGE_CURVE('',#8294,#8308,#8315,.T.);
#8315 = B_SPLINE_CURVE_WITH_KNOTS('',1,(#8316,#8317),.UNSPECIFIED.,.F.,
  .F.,(2,2),(0.,0.762001524003),.PIECEWISE_BEZIER_KNOTS.);
#8316 = CARTESIAN_POINT('',(0.5,-0.249987299975,0.762001524003));
#8317 = CARTESIAN_POINT('',(0.5,0.250012700025,0.762001524003));
#8318 = B_SPLINE_SURFACE_WITH_KNOTS('',1,1,(
    (#8319,#8320)
    ,(#8321,#8322
    )),.UNSPECIFIED.,.F.,.F.,.F.,(2,2),(2,2),(0.,0.762001524003),(
    -0.762001524003,0.),.PIECEWISE_BEZIER_KNOTS.);
#8319 = CARTESIAN_POINT('',(0.5,0.250012700025,0.));
#8320 = CARTESIAN_POINT('',(0.5,-0.249987299975,0.));
#8321 = CARTESIAN_POINT('',(0.5,0.250012700025,0.762001524003));
#8322 = CARTESIAN_POINT('',(0.5,-0.249987299975,0.762001524003));
#8323 = ADVANCED_FACE('',(#8324),#8338,.F.);
#8324 = FACE_BOUND('',#8325,.F.);
#8325 = EDGE_LOOP('',(#8326,#8331,#8332,#8337));
#8326 = ORIENTED_EDGE('',*,*,#8327,.F.);
#8327 = EDGE_CURVE('',#8256,#8292,#8328,.T.);
#8328 = B_SPLINE_CURVE_WITH_KNOTS('',1,(#8329,#8330),.UNSPECIFIED.,.F.,
  .F.,(2,2),(0.,0.762001524003),.PIECEWISE_BEZIER_KNOTS.);
#8329 = CARTESIAN_POINT('',(-0.5,-0.249987299975,0.));
#8330 = CARTESIAN_POINT('',(0.5,-0.249987299975,0.));
#8331 = ORIENTED_EDGE('',*,*,#8255,.T.);
#8332 = ORIENTED_EDGE('',*,*,#8333,.T.);
#8333 = EDGE_CURVE('',#8258,#8294,#8334,.T.);
#8334 = B_SPLINE_CURVE_WITH_KNOTS('',1,(#8335,#8336),.UNSPECIFIED.,.F.,
  .F.,(2,2),(0.,0.762001524003),.PIECEWISE_BEZIER_KNOTS.);
#8335 = CARTESIAN_POINT('',(-0.5,-0.249987299975,0.762001524003));
#8336 = CARTESIAN_POINT('',(0.5,-0.249987299975,0.762001524003));
#8337 = ORIENTED_EDGE('',*,*,#8291,.F.);
#8338 = B_SPLINE_SURFACE_WITH_KNOTS('',1,1,(
    (#8339,#8340)
    ,(#8341,#8342
    )),.UNSPECIFIED.,.F.,.F.,.F.,(2,2),(2,2),(0.,0.762001524003),(0.,
    0.762001524003),.PIECEWISE_BEZIER_KNOTS.);
#8339 = CARTESIAN_POINT('',(-0.5,-0.249987299975,0.));
#8340 = CARTESIAN_POINT('',(0.5,-0.249987299975,0.));
#8341 = CARTESIAN_POINT('',(-0.5,-0.249987299975,0.762001524003));
#8342 = CARTESIAN_POINT('',(0.5,-0.249987299975,0.762001524003));
#8343 = ADVANCED_FACE('',(#8344),#8358,.T.);
#8344 = FACE_BOUND('',#8345,.T.);
#8345 = EDGE_LOOP('',(#8346,#8351,#8352,#8357));
#8346 = ORIENTED_EDGE('',*,*,#8347,.F.);
#8347 = EDGE_CURVE('',#8265,#8301,#8348,.T.);
#8348 = B_SPLINE_CURVE_WITH_KNOTS('',1,(#8349,#8350),.UNSPECIFIED.,.F.,
  .F.,(2,2),(0.,0.762001524003),.PIECEWISE_BEZIER_KNOTS.);
#8349 = CARTESIAN_POINT('',(-0.5,0.250012700025,0.));
#8350 = CARTESIAN_POINT('',(0.5,0.250012700025,0.));
#8351 = ORIENTED_EDGE('',*,*,#8271,.T.);
#8352 = ORIENTED_EDGE('',*,*,#8353,.T.);
#8353 = EDGE_CURVE('',#8272,#8308,#8354,.T.);
#8354 = B_SPLINE_CURVE_WITH_KNOTS('',1,(#8355,#8356),.UNSPECIFIED.,.F.,
  .F.,(2,2),(0.,0.762001524003),.PIECEWISE_BEZIER_KNOTS.);
#8355 = CARTESIAN_POINT('',(-0.5,0.250012700025,0.762001524003));
#8356 = CARTESIAN_POINT('',(0.5,0.250012700025,0.762001524003));
#8357 = ORIENTED_EDGE('',*,*,#8307,.F.);
#8358 = B_SPLINE_SURFACE_WITH_KNOTS('',1,1,(
    (#8359,#8360)
    ,(#8361,#8362
    )),.UNSPECIFIED.,.F.,.F.,.F.,(2,2),(2,2),(0.,0.762001524003),(0.,
    0.762001524003),.PIECEWISE_BEZIER_KNOTS.);
#8359 = CARTESIAN_POINT('',(-0.5,0.250012700025,0.));
#8360 = CARTESIAN_POINT('',(0.5,0.250012700025,0.));
#8361 = CARTESIAN_POINT('',(-0.5,0.250012700025,0.762001524003));
#8362 = CARTESIAN_POINT('',(0.5,0.250012700025,0.762001524003));
#8363 = ADVANCED_FACE('',(#8364),#8370,.F.);
#8364 = FACE_BOUND('',#8365,.F.);
#8365 = EDGE_LOOP('',(#8366,#8367,#8368,#8369));
#8366 = ORIENTED_EDGE('',*,*,#8264,.F.);
#8367 = ORIENTED_EDGE('',*,*,#8327,.T.);
#8368 = ORIENTED_EDGE('',*,*,#8300,.T.);
#8369 = ORIENTED_EDGE('',*,*,#8347,.F.);
#8370 = B_SPLINE_SURFACE_WITH_KNOTS('',1,1,(
    (#8371,#8372)
    ,(#8373,#8374
    )),.UNSPECIFIED.,.F.,.F.,.F.,(2,2),(2,2),(0.,0.762001524003),(0.,
    0.762001524003),.PIECEWISE_BEZIER_KNOTS.);
#8371 = CARTESIAN_POINT('',(-0.5,-0.249987299975,0.));
#8372 = CARTESIAN_POINT('',(-0.5,0.250012700025,0.));
#8373 = CARTESIAN_POINT('',(0.5,-0.249987299975,0.));
#8374 = CARTESIAN_POINT('',(0.5,0.250012700025,0.));
#8375 = ADVANCED_FACE('',(#8376),#8382,.T.);
#8376 = FACE_BOUND('',#8377,.T.);
#8377 = EDGE_LOOP('',(#8378,#8379,#8380,#8381));
#8378 = ORIENTED_EDGE('',*,*,#8278,.F.);
#8379 = ORIENTED_EDGE('',*,*,#8333,.T.);
#8380 = ORIENTED_EDGE('',*,*,#8314,.T.);
#8381 = ORIENTED_EDGE('',*,*,#8353,.F.);
#8382 = B_SPLINE_SURFACE_WITH_KNOTS('',1,1,(
    (#8383,#8384)
    ,(#8385,#8386
    )),.UNSPECIFIED.,.F.,.F.,.F.,(2,2),(2,2),(0.,0.762001524003),(0.,
    0.762001524003),.PIECEWISE_BEZIER_KNOTS.);
#8383 = CARTESIAN_POINT('',(-0.5,-0.249987299975,0.762001524003));
#8384 = CARTESIAN_POINT('',(-0.5,0.250012700025,0.762001524003));
#8385 = CARTESIAN_POINT('',(0.5,-0.249987299975,0.762001524003));
#8386 = CARTESIAN_POINT('',(0.5,0.250012700025,0.762001524003));
#8387 = ( GEOMETRIC_REPRESENTATION_CONTEXT(3) 
GLOBAL_UNCERTAINTY_ASSIGNED_CONTEXT((#8391)) 
GLOBAL_UNIT_ASSIGNED_CONTEXT((#8388,#8389,#8390)) REPRESENTATION_CONTEXT
('Context #1','3D Context with UNIT and UNCERTAINTY') );
#8388 = ( LENGTH_UNIT() NAMED_UNIT(*) SI_UNIT(.MILLI.,.METRE.) );
#8389 = ( NAMED_UNIT(*) PLANE_ANGLE_UNIT() SI_UNIT($,.RADIAN.) );
#8390 = ( NAMED_UNIT(*) SI_UNIT($,.STERADIAN.) SOLID_ANGLE_UNIT() );
#8391 = UNCERTAINTY_MEASURE_WITH_UNIT(LENGTH_MEASURE(1.E-07),#8388,
  'distance_accuracy_value','confusion accuracy');
#8392 = CONTEXT_DEPENDENT_SHAPE_REPRESENTATION(#8393,#8395);
#8393 = ( REPRESENTATION_RELATIONSHIP('','',#8248,#8225) 
REPRESENTATION_RELATIONSHIP_WITH_TRANSFORMATION(#8394) 
SHAPE_REPRESENTATION_RELATIONSHIP() );
#8394 = ITEM_DEFINED_TRANSFORMATION('','',#11,#8226);
#8395 = PRODUCT_DEFINITION_SHAPE('Placement','Placement of an item',
  #8396);
#8396 = NEXT_ASSEMBLY_USAGE_OCCURRENCE('274','=>[0:1:1:33]','',#8220,
  #8243,$);
#8397 = PRODUCT_RELATED_PRODUCT_CATEGORY('part',$,(#8245));
#8398 = CONTEXT_DEPENDENT_SHAPE_REPRESENTATION(#8399,#8401);
#8399 = ( REPRESENTATION_RELATIONSHIP('','',#8248,#10) 
REPRESENTATION_RELATIONSHIP_WITH_TRANSFORMATION(#8400) 
SHAPE_REPRESENTATION_RELATIONSHIP() );
#8400 = ITEM_DEFINED_TRANSFORMATION('','',#11,#1059);
#8401 = PRODUCT_DEFINITION_SHAPE('Placement','Placement of an item',
  #8402);
#8402 = NEXT_ASSEMBLY_USAGE_OCCURRENCE('276','=>[0:1:1:33]','',#5,#8243,
  $);
#8403 = CONTEXT_DEPENDENT_SHAPE_REPRESENTATION(#8404,#8406);
#8404 = ( REPRESENTATION_RELATIONSHIP('','',#8248,#10) 
REPRESENTATION_RELATIONSHIP_WITH_TRANSFORMATION(#8405) 
SHAPE_REPRESENTATION_RELATIONSHIP() );
#8405 = ITEM_DEFINED_TRANSFORMATION('','',#11,#1063);
#8406 = PRODUCT_DEFINITION_SHAPE('Placement','Placement of an item',
  #8407);
#8407 = NEXT_ASSEMBLY_USAGE_OCCURRENCE('277','=>[0:1:1:33]','',#5,#8243,
  $);
#8408 = CONTEXT_DEPENDENT_SHAPE_REPRESENTATION(#8409,#8411);
#8409 = ( REPRESENTATION_RELATIONSHIP('','',#8248,#10) 
REPRESENTATION_RELATIONSHIP_WITH_TRANSFORMATION(#8410) 
SHAPE_REPRESENTATION_RELATIONSHIP() );
#8410 = ITEM_DEFINED_TRANSFORMATION('','',#11,#1067);
#8411 = PRODUCT_DEFINITION_SHAPE('Placement','Placement of an item',
  #8412);
#8412 = NEXT_ASSEMBLY_USAGE_OCCURRENCE('278','=>[0:1:1:33]','',#5,#8243,
  $);
#8413 = CONTEXT_DEPENDENT_SHAPE_REPRESENTATION(#8414,#8416);
#8414 = ( REPRESENTATION_RELATIONSHIP('','',#8248,#10) 
REPRESENTATION_RELATIONSHIP_WITH_TRANSFORMATION(#8415) 
SHAPE_REPRESENTATION_RELATIONSHIP() );
#8415 = ITEM_DEFINED_TRANSFORMATION('','',#11,#1071);
#8416 = PRODUCT_DEFINITION_SHAPE('Placement','Placement of an item',
  #8417);
#8417 = NEXT_ASSEMBLY_USAGE_OCCURRENCE('279','=>[0:1:1:33]','',#5,#8243,
  $);
#8418 = CONTEXT_DEPENDENT_SHAPE_REPRESENTATION(#8419,#8421);
#8419 = ( REPRESENTATION_RELATIONSHIP('','',#8248,#10) 
REPRESENTATION_RELATIONSHIP_WITH_TRANSFORMATION(#8420) 
SHAPE_REPRESENTATION_RELATIONSHIP() );
#8420 = ITEM_DEFINED_TRANSFORMATION('','',#11,#1075);
#8421 = PRODUCT_DEFINITION_SHAPE('Placement','Placement of an item',
  #8422);
#8422 = NEXT_ASSEMBLY_USAGE_OCCURRENCE('280','=>[0:1:1:33]','',#5,#8243,
  $);
#8423 = CONTEXT_DEPENDENT_SHAPE_REPRESENTATION(#8424,#8426);
#8424 = ( REPRESENTATION_RELATIONSHIP('','',#8248,#10) 
REPRESENTATION_RELATIONSHIP_WITH_TRANSFORMATION(#8425) 
SHAPE_REPRESENTATION_RELATIONSHIP() );
#8425 = ITEM_DEFINED_TRANSFORMATION('','',#11,#1079);
#8426 = PRODUCT_DEFINITION_SHAPE('Placement','Placement of an item',
  #8427);
#8427 = NEXT_ASSEMBLY_USAGE_OCCURRENCE('281','=>[0:1:1:33]','',#5,#8243,
  $);
#8428 = CONTEXT_DEPENDENT_SHAPE_REPRESENTATION(#8429,#8431);
#8429 = ( REPRESENTATION_RELATIONSHIP('','',#8248,#10) 
REPRESENTATION_RELATIONSHIP_WITH_TRANSFORMATION(#8430) 
SHAPE_REPRESENTATION_RELATIONSHIP() );
#8430 = ITEM_DEFINED_TRANSFORMATION('','',#11,#1083);
#8431 = PRODUCT_DEFINITION_SHAPE('Placement','Placement of an item',
  #8432);
#8432 = NEXT_ASSEMBLY_USAGE_OCCURRENCE('282','=>[0:1:1:33]','',#5,#8243,
  $);
#8433 = CONTEXT_DEPENDENT_SHAPE_REPRESENTATION(#8434,#8436);
#8434 = ( REPRESENTATION_RELATIONSHIP('','',#8248,#10) 
REPRESENTATION_RELATIONSHIP_WITH_TRANSFORMATION(#8435) 
SHAPE_REPRESENTATION_RELATIONSHIP() );
#8435 = ITEM_DEFINED_TRANSFORMATION('','',#11,#1087);
#8436 = PRODUCT_DEFINITION_SHAPE('Placement','Placement of an item',
  #8437);
#8437 = NEXT_ASSEMBLY_USAGE_OCCURRENCE('283','=>[0:1:1:33]','',#5,#8243,
  $);
#8438 = CONTEXT_DEPENDENT_SHAPE_REPRESENTATION(#8439,#8441);
#8439 = ( REPRESENTATION_RELATIONSHIP('','',#8248,#10) 
REPRESENTATION_RELATIONSHIP_WITH_TRANSFORMATION(#8440) 
SHAPE_REPRESENTATION_RELATIONSHIP() );
#8440 = ITEM_DEFINED_TRANSFORMATION('','',#11,#1091);
#8441 = PRODUCT_DEFINITION_SHAPE('Placement','Placement of an item',
  #8442);
#8442 = NEXT_ASSEMBLY_USAGE_OCCURRENCE('284','=>[0:1:1:33]','',#5,#8243,
  $);
#8443 = CONTEXT_DEPENDENT_SHAPE_REPRESENTATION(#8444,#8446);
#8444 = ( REPRESENTATION_RELATIONSHIP('','',#8248,#10) 
REPRESENTATION_RELATIONSHIP_WITH_TRANSFORMATION(#8445) 
SHAPE_REPRESENTATION_RELATIONSHIP() );
#8445 = ITEM_DEFINED_TRANSFORMATION('','',#11,#1095);
#8446 = PRODUCT_DEFINITION_SHAPE('Placement','Placement of an item',
  #8447);
#8447 = NEXT_ASSEMBLY_USAGE_OCCURRENCE('285','=>[0:1:1:33]','',#5,#8243,
  $);
#8448 = CONTEXT_DEPENDENT_SHAPE_REPRESENTATION(#8449,#8451);
#8449 = ( REPRESENTATION_RELATIONSHIP('','',#8248,#10) 
REPRESENTATION_RELATIONSHIP_WITH_TRANSFORMATION(#8450) 
SHAPE_REPRESENTATION_RELATIONSHIP() );
#8450 = ITEM_DEFINED_TRANSFORMATION('','',#11,#1099);
#8451 = PRODUCT_DEFINITION_SHAPE('Placement','Placement of an item',
  #8452);
#8452 = NEXT_ASSEMBLY_USAGE_OCCURRENCE('286','=>[0:1:1:33]','',#5,#8243,
  $);
#8453 = CONTEXT_DEPENDENT_SHAPE_REPRESENTATION(#8454,#8456);
#8454 = ( REPRESENTATION_RELATIONSHIP('','',#8248,#10) 
REPRESENTATION_RELATIONSHIP_WITH_TRANSFORMATION(#8455) 
SHAPE_REPRESENTATION_RELATIONSHIP() );
#8455 = ITEM_DEFINED_TRANSFORMATION('','',#11,#1103);
#8456 = PRODUCT_DEFINITION_SHAPE('Placement','Placement of an item',
  #8457);
#8457 = NEXT_ASSEMBLY_USAGE_OCCURRENCE('287','=>[0:1:1:33]','',#5,#8243,
  $);
#8458 = CONTEXT_DEPENDENT_SHAPE_REPRESENTATION(#8459,#8461);
#8459 = ( REPRESENTATION_RELATIONSHIP('','',#8248,#10) 
REPRESENTATION_RELATIONSHIP_WITH_TRANSFORMATION(#8460) 
SHAPE_REPRESENTATION_RELATIONSHIP() );
#8460 = ITEM_DEFINED_TRANSFORMATION('','',#11,#1107);
#8461 = PRODUCT_DEFINITION_SHAPE('Placement','Placement of an item',
  #8462);
#8462 = NEXT_ASSEMBLY_USAGE_OCCURRENCE('288','=>[0:1:1:33]','',#5,#8243,
  $);
#8463 = CONTEXT_DEPENDENT_SHAPE_REPRESENTATION(#8464,#8466);
#8464 = ( REPRESENTATION_RELATIONSHIP('','',#8248,#10) 
REPRESENTATION_RELATIONSHIP_WITH_TRANSFORMATION(#8465) 
SHAPE_REPRESENTATION_RELATIONSHIP() );
#8465 = ITEM_DEFINED_TRANSFORMATION('','',#11,#1111);
#8466 = PRODUCT_DEFINITION_SHAPE('Placement','Placement of an item',
  #8467);
#8467 = NEXT_ASSEMBLY_USAGE_OCCURRENCE('289','=>[0:1:1:33]','',#5,#8243,
  $);
#8468 = CONTEXT_DEPENDENT_SHAPE_REPRESENTATION(#8469,#8471);
#8469 = ( REPRESENTATION_RELATIONSHIP('','',#8248,#10) 
REPRESENTATION_RELATIONSHIP_WITH_TRANSFORMATION(#8470) 
SHAPE_REPRESENTATION_RELATIONSHIP() );
#8470 = ITEM_DEFINED_TRANSFORMATION('','',#11,#1115);
#8471 = PRODUCT_DEFINITION_SHAPE('Placement','Placement of an item',
  #8472);
#8472 = NEXT_ASSEMBLY_USAGE_OCCURRENCE('290','=>[0:1:1:33]','',#5,#8243,
  $);
#8473 = CONTEXT_DEPENDENT_SHAPE_REPRESENTATION(#8474,#8476);
#8474 = ( REPRESENTATION_RELATIONSHIP('','',#8248,#10) 
REPRESENTATION_RELATIONSHIP_WITH_TRANSFORMATION(#8475) 
SHAPE_REPRESENTATION_RELATIONSHIP() );
#8475 = ITEM_DEFINED_TRANSFORMATION('','',#11,#1119);
#8476 = PRODUCT_DEFINITION_SHAPE('Placement','Placement of an item',
  #8477);
#8477 = NEXT_ASSEMBLY_USAGE_OCCURRENCE('291','=>[0:1:1:33]','',#5,#8243,
  $);
#8478 = CONTEXT_DEPENDENT_SHAPE_REPRESENTATION(#8479,#8481);
#8479 = ( REPRESENTATION_RELATIONSHIP('','',#8248,#10) 
REPRESENTATION_RELATIONSHIP_WITH_TRANSFORMATION(#8480) 
SHAPE_REPRESENTATION_RELATIONSHIP() );
#8480 = ITEM_DEFINED_TRANSFORMATION('','',#11,#1123);
#8481 = PRODUCT_DEFINITION_SHAPE('Placement','Placement of an item',
  #8482);
#8482 = NEXT_ASSEMBLY_USAGE_OCCURRENCE('292','=>[0:1:1:33]','',#5,#8243,
  $);
#8483 = CONTEXT_DEPENDENT_SHAPE_REPRESENTATION(#8484,#8486);
#8484 = ( REPRESENTATION_RELATIONSHIP('','',#8248,#10) 
REPRESENTATION_RELATIONSHIP_WITH_TRANSFORMATION(#8485) 
SHAPE_REPRESENTATION_RELATIONSHIP() );
#8485 = ITEM_DEFINED_TRANSFORMATION('','',#11,#1127);
#8486 = PRODUCT_DEFINITION_SHAPE('Placement','Placement of an item',
  #8487);
#8487 = NEXT_ASSEMBLY_USAGE_OCCURRENCE('293','=>[0:1:1:33]','',#5,#8243,
  $);
#8488 = CONTEXT_DEPENDENT_SHAPE_REPRESENTATION(#8489,#8491);
#8489 = ( REPRESENTATION_RELATIONSHIP('','',#8248,#10) 
REPRESENTATION_RELATIONSHIP_WITH_TRANSFORMATION(#8490) 
SHAPE_REPRESENTATION_RELATIONSHIP() );
#8490 = ITEM_DEFINED_TRANSFORMATION('','',#11,#1131);
#8491 = PRODUCT_DEFINITION_SHAPE('Placement','Placement of an item',
  #8492);
#8492 = NEXT_ASSEMBLY_USAGE_OCCURRENCE('294','=>[0:1:1:33]','',#5,#8243,
  $);
#8493 = CONTEXT_DEPENDENT_SHAPE_REPRESENTATION(#8494,#8496);
#8494 = ( REPRESENTATION_RELATIONSHIP('','',#8248,#10) 
REPRESENTATION_RELATIONSHIP_WITH_TRANSFORMATION(#8495) 
SHAPE_REPRESENTATION_RELATIONSHIP() );
#8495 = ITEM_DEFINED_TRANSFORMATION('','',#11,#1135);
#8496 = PRODUCT_DEFINITION_SHAPE('Placement','Placement of an item',
  #8497);
#8497 = NEXT_ASSEMBLY_USAGE_OCCURRENCE('295','=>[0:1:1:33]','',#5,#8243,
  $);
#8498 = CONTEXT_DEPENDENT_SHAPE_REPRESENTATION(#8499,#8501);
#8499 = ( REPRESENTATION_RELATIONSHIP('','',#8248,#10) 
REPRESENTATION_RELATIONSHIP_WITH_TRANSFORMATION(#8500) 
SHAPE_REPRESENTATION_RELATIONSHIP() );
#8500 = ITEM_DEFINED_TRANSFORMATION('','',#11,#1139);
#8501 = PRODUCT_DEFINITION_SHAPE('Placement','Placement of an item',
  #8502);
#8502 = NEXT_ASSEMBLY_USAGE_OCCURRENCE('296','=>[0:1:1:33]','',#5,#8243,
  $);
#8503 = CONTEXT_DEPENDENT_SHAPE_REPRESENTATION(#8504,#8506);
#8504 = ( REPRESENTATION_RELATIONSHIP('','',#8248,#10) 
REPRESENTATION_RELATIONSHIP_WITH_TRANSFORMATION(#8505) 
SHAPE_REPRESENTATION_RELATIONSHIP() );
#8505 = ITEM_DEFINED_TRANSFORMATION('','',#11,#1143);
#8506 = PRODUCT_DEFINITION_SHAPE('Placement','Placement of an item',
  #8507);
#8507 = NEXT_ASSEMBLY_USAGE_OCCURRENCE('297','=>[0:1:1:33]','',#5,#8243,
  $);
#8508 = CONTEXT_DEPENDENT_SHAPE_REPRESENTATION(#8509,#8511);
#8509 = ( REPRESENTATION_RELATIONSHIP('','',#8248,#10) 
REPRESENTATION_RELATIONSHIP_WITH_TRANSFORMATION(#8510) 
SHAPE_REPRESENTATION_RELATIONSHIP() );
#8510 = ITEM_DEFINED_TRANSFORMATION('','',#11,#1147);
#8511 = PRODUCT_DEFINITION_SHAPE('Placement','Placement of an item',
  #8512);
#8512 = NEXT_ASSEMBLY_USAGE_OCCURRENCE('298','=>[0:1:1:33]','',#5,#8243,
  $);
#8513 = CONTEXT_DEPENDENT_SHAPE_REPRESENTATION(#8514,#8516);
#8514 = ( REPRESENTATION_RELATIONSHIP('','',#8248,#10) 
REPRESENTATION_RELATIONSHIP_WITH_TRANSFORMATION(#8515) 
SHAPE_REPRESENTATION_RELATIONSHIP() );
#8515 = ITEM_DEFINED_TRANSFORMATION('','',#11,#1151);
#8516 = PRODUCT_DEFINITION_SHAPE('Placement','Placement of an item',
  #8517);
#8517 = NEXT_ASSEMBLY_USAGE_OCCURRENCE('299','=>[0:1:1:33]','',#5,#8243,
  $);
#8518 = CONTEXT_DEPENDENT_SHAPE_REPRESENTATION(#8519,#8521);
#8519 = ( REPRESENTATION_RELATIONSHIP('','',#8248,#10) 
REPRESENTATION_RELATIONSHIP_WITH_TRANSFORMATION(#8520) 
SHAPE_REPRESENTATION_RELATIONSHIP() );
#8520 = ITEM_DEFINED_TRANSFORMATION('','',#11,#1155);
#8521 = PRODUCT_DEFINITION_SHAPE('Placement','Placement of an item',
  #8522);
#8522 = NEXT_ASSEMBLY_USAGE_OCCURRENCE('300','=>[0:1:1:33]','',#5,#8243,
  $);
#8523 = CONTEXT_DEPENDENT_SHAPE_REPRESENTATION(#8524,#8526);
#8524 = ( REPRESENTATION_RELATIONSHIP('','',#8248,#10) 
REPRESENTATION_RELATIONSHIP_WITH_TRANSFORMATION(#8525) 
SHAPE_REPRESENTATION_RELATIONSHIP() );
#8525 = ITEM_DEFINED_TRANSFORMATION('','',#11,#1159);
#8526 = PRODUCT_DEFINITION_SHAPE('Placement','Placement of an item',
  #8527);
#8527 = NEXT_ASSEMBLY_USAGE_OCCURRENCE('301','=>[0:1:1:33]','',#5,#8243,
  $);
#8528 = CONTEXT_DEPENDENT_SHAPE_REPRESENTATION(#8529,#8531);
#8529 = ( REPRESENTATION_RELATIONSHIP('','',#8248,#10) 
REPRESENTATION_RELATIONSHIP_WITH_TRANSFORMATION(#8530) 
SHAPE_REPRESENTATION_RELATIONSHIP() );
#8530 = ITEM_DEFINED_TRANSFORMATION('','',#11,#1163);
#8531 = PRODUCT_DEFINITION_SHAPE('Placement','Placement of an item',
  #8532);
#8532 = NEXT_ASSEMBLY_USAGE_OCCURRENCE('302','=>[0:1:1:33]','',#5,#8243,
  $);
#8533 = CONTEXT_DEPENDENT_SHAPE_REPRESENTATION(#8534,#8536);
#8534 = ( REPRESENTATION_RELATIONSHIP('','',#8248,#10) 
REPRESENTATION_RELATIONSHIP_WITH_TRANSFORMATION(#8535) 
SHAPE_REPRESENTATION_RELATIONSHIP() );
#8535 = ITEM_DEFINED_TRANSFORMATION('','',#11,#1167);
#8536 = PRODUCT_DEFINITION_SHAPE('Placement','Placement of an item',
  #8537);
#8537 = NEXT_ASSEMBLY_USAGE_OCCURRENCE('303','=>[0:1:1:33]','',#5,#8243,
  $);
#8538 = CONTEXT_DEPENDENT_SHAPE_REPRESENTATION(#8539,#8541);
#8539 = ( REPRESENTATION_RELATIONSHIP('','',#8248,#10) 
REPRESENTATION_RELATIONSHIP_WITH_TRANSFORMATION(#8540) 
SHAPE_REPRESENTATION_RELATIONSHIP() );
#8540 = ITEM_DEFINED_TRANSFORMATION('','',#11,#1171);
#8541 = PRODUCT_DEFINITION_SHAPE('Placement','Placement of an item',
  #8542);
#8542 = NEXT_ASSEMBLY_USAGE_OCCURRENCE('304','=>[0:1:1:33]','',#5,#8243,
  $);
#8543 = CONTEXT_DEPENDENT_SHAPE_REPRESENTATION(#8544,#8546);
#8544 = ( REPRESENTATION_RELATIONSHIP('','',#8248,#10) 
REPRESENTATION_RELATIONSHIP_WITH_TRANSFORMATION(#8545) 
SHAPE_REPRESENTATION_RELATIONSHIP() );
#8545 = ITEM_DEFINED_TRANSFORMATION('','',#11,#1175);
#8546 = PRODUCT_DEFINITION_SHAPE('Placement','Placement of an item',
  #8547);
#8547 = NEXT_ASSEMBLY_USAGE_OCCURRENCE('305','=>[0:1:1:33]','',#5,#8243,
  $);
#8548 = CONTEXT_DEPENDENT_SHAPE_REPRESENTATION(#8549,#8551);
#8549 = ( REPRESENTATION_RELATIONSHIP('','',#8248,#10) 
REPRESENTATION_RELATIONSHIP_WITH_TRANSFORMATION(#8550) 
SHAPE_REPRESENTATION_RELATIONSHIP() );
#8550 = ITEM_DEFINED_TRANSFORMATION('','',#11,#1179);
#8551 = PRODUCT_DEFINITION_SHAPE('Placement','Placement of an item',
  #8552);
#8552 = NEXT_ASSEMBLY_USAGE_OCCURRENCE('306','=>[0:1:1:33]','',#5,#8243,
  $);
#8553 = CONTEXT_DEPENDENT_SHAPE_REPRESENTATION(#8554,#8556);
#8554 = ( REPRESENTATION_RELATIONSHIP('','',#8248,#10) 
REPRESENTATION_RELATIONSHIP_WITH_TRANSFORMATION(#8555) 
SHAPE_REPRESENTATION_RELATIONSHIP() );
#8555 = ITEM_DEFINED_TRANSFORMATION('','',#11,#1183);
#8556 = PRODUCT_DEFINITION_SHAPE('Placement','Placement of an item',
  #8557);
#8557 = NEXT_ASSEMBLY_USAGE_OCCURRENCE('307','=>[0:1:1:33]','',#5,#8243,
  $);
#8558 = CONTEXT_DEPENDENT_SHAPE_REPRESENTATION(#8559,#8561);
#8559 = ( REPRESENTATION_RELATIONSHIP('','',#8248,#10) 
REPRESENTATION_RELATIONSHIP_WITH_TRANSFORMATION(#8560) 
SHAPE_REPRESENTATION_RELATIONSHIP() );
#8560 = ITEM_DEFINED_TRANSFORMATION('','',#11,#1187);
#8561 = PRODUCT_DEFINITION_SHAPE('Placement','Placement of an item',
  #8562);
#8562 = NEXT_ASSEMBLY_USAGE_OCCURRENCE('308','=>[0:1:1:33]','',#5,#8243,
  $);
#8563 = CONTEXT_DEPENDENT_SHAPE_REPRESENTATION(#8564,#8566);
#8564 = ( REPRESENTATION_RELATIONSHIP('','',#8248,#10) 
REPRESENTATION_RELATIONSHIP_WITH_TRANSFORMATION(#8565) 
SHAPE_REPRESENTATION_RELATIONSHIP() );
#8565 = ITEM_DEFINED_TRANSFORMATION('','',#11,#1191);
#8566 = PRODUCT_DEFINITION_SHAPE('Placement','Placement of an item',
  #8567);
#8567 = NEXT_ASSEMBLY_USAGE_OCCURRENCE('309','=>[0:1:1:33]','',#5,#8243,
  $);
#8568 = CONTEXT_DEPENDENT_SHAPE_REPRESENTATION(#8569,#8571);
#8569 = ( REPRESENTATION_RELATIONSHIP('','',#8248,#10) 
REPRESENTATION_RELATIONSHIP_WITH_TRANSFORMATION(#8570) 
SHAPE_REPRESENTATION_RELATIONSHIP() );
#8570 = ITEM_DEFINED_TRANSFORMATION('','',#11,#1195);
#8571 = PRODUCT_DEFINITION_SHAPE('Placement','Placement of an item',
  #8572);
#8572 = NEXT_ASSEMBLY_USAGE_OCCURRENCE('310','=>[0:1:1:33]','',#5,#8243,
  $);
#8573 = CONTEXT_DEPENDENT_SHAPE_REPRESENTATION(#8574,#8576);
#8574 = ( REPRESENTATION_RELATIONSHIP('','',#8248,#10) 
REPRESENTATION_RELATIONSHIP_WITH_TRANSFORMATION(#8575) 
SHAPE_REPRESENTATION_RELATIONSHIP() );
#8575 = ITEM_DEFINED_TRANSFORMATION('','',#11,#1199);
#8576 = PRODUCT_DEFINITION_SHAPE('Placement','Placement of an item',
  #8577);
#8577 = NEXT_ASSEMBLY_USAGE_OCCURRENCE('311','=>[0:1:1:33]','',#5,#8243,
  $);
#8578 = CONTEXT_DEPENDENT_SHAPE_REPRESENTATION(#8579,#8581);
#8579 = ( REPRESENTATION_RELATIONSHIP('','',#8248,#10) 
REPRESENTATION_RELATIONSHIP_WITH_TRANSFORMATION(#8580) 
SHAPE_REPRESENTATION_RELATIONSHIP() );
#8580 = ITEM_DEFINED_TRANSFORMATION('','',#11,#1203);
#8581 = PRODUCT_DEFINITION_SHAPE('Placement','Placement of an item',
  #8582);
#8582 = NEXT_ASSEMBLY_USAGE_OCCURRENCE('312','=>[0:1:1:33]','',#5,#8243,
  $);
#8583 = CONTEXT_DEPENDENT_SHAPE_REPRESENTATION(#8584,#8586);
#8584 = ( REPRESENTATION_RELATIONSHIP('','',#8248,#10) 
REPRESENTATION_RELATIONSHIP_WITH_TRANSFORMATION(#8585) 
SHAPE_REPRESENTATION_RELATIONSHIP() );
#8585 = ITEM_DEFINED_TRANSFORMATION('','',#11,#1207);
#8586 = PRODUCT_DEFINITION_SHAPE('Placement','Placement of an item',
  #8587);
#8587 = NEXT_ASSEMBLY_USAGE_OCCURRENCE('313','=>[0:1:1:33]','',#5,#8243,
  $);
#8588 = CONTEXT_DEPENDENT_SHAPE_REPRESENTATION(#8589,#8591);
#8589 = ( REPRESENTATION_RELATIONSHIP('','',#8248,#10) 
REPRESENTATION_RELATIONSHIP_WITH_TRANSFORMATION(#8590) 
SHAPE_REPRESENTATION_RELATIONSHIP() );
#8590 = ITEM_DEFINED_TRANSFORMATION('','',#11,#1211);
#8591 = PRODUCT_DEFINITION_SHAPE('Placement','Placement of an item',
  #8592);
#8592 = NEXT_ASSEMBLY_USAGE_OCCURRENCE('314','=>[0:1:1:33]','',#5,#8243,
  $);
#8593 = CONTEXT_DEPENDENT_SHAPE_REPRESENTATION(#8594,#8596);
#8594 = ( REPRESENTATION_RELATIONSHIP('','',#8248,#10) 
REPRESENTATION_RELATIONSHIP_WITH_TRANSFORMATION(#8595) 
SHAPE_REPRESENTATION_RELATIONSHIP() );
#8595 = ITEM_DEFINED_TRANSFORMATION('','',#11,#1215);
#8596 = PRODUCT_DEFINITION_SHAPE('Placement','Placement of an item',
  #8597);
#8597 = NEXT_ASSEMBLY_USAGE_OCCURRENCE('315','=>[0:1:1:33]','',#5,#8243,
  $);
#8598 = CONTEXT_DEPENDENT_SHAPE_REPRESENTATION(#8599,#8601);
#8599 = ( REPRESENTATION_RELATIONSHIP('','',#8248,#10) 
REPRESENTATION_RELATIONSHIP_WITH_TRANSFORMATION(#8600) 
SHAPE_REPRESENTATION_RELATIONSHIP() );
#8600 = ITEM_DEFINED_TRANSFORMATION('','',#11,#1219);
#8601 = PRODUCT_DEFINITION_SHAPE('Placement','Placement of an item',
  #8602);
#8602 = NEXT_ASSEMBLY_USAGE_OCCURRENCE('316','=>[0:1:1:33]','',#5,#8243,
  $);
#8603 = CONTEXT_DEPENDENT_SHAPE_REPRESENTATION(#8604,#8606);
#8604 = ( REPRESENTATION_RELATIONSHIP('','',#8248,#10) 
REPRESENTATION_RELATIONSHIP_WITH_TRANSFORMATION(#8605) 
SHAPE_REPRESENTATION_RELATIONSHIP() );
#8605 = ITEM_DEFINED_TRANSFORMATION('','',#11,#1223);
#8606 = PRODUCT_DEFINITION_SHAPE('Placement','Placement of an item',
  #8607);
#8607 = NEXT_ASSEMBLY_USAGE_OCCURRENCE('317','=>[0:1:1:33]','',#5,#8243,
  $);
#8608 = CONTEXT_DEPENDENT_SHAPE_REPRESENTATION(#8609,#8611);
#8609 = ( REPRESENTATION_RELATIONSHIP('','',#8248,#10) 
REPRESENTATION_RELATIONSHIP_WITH_TRANSFORMATION(#8610) 
SHAPE_REPRESENTATION_RELATIONSHIP() );
#8610 = ITEM_DEFINED_TRANSFORMATION('','',#11,#1227);
#8611 = PRODUCT_DEFINITION_SHAPE('Placement','Placement of an item',
  #8612);
#8612 = NEXT_ASSEMBLY_USAGE_OCCURRENCE('318','=>[0:1:1:33]','',#5,#8243,
  $);
#8613 = CONTEXT_DEPENDENT_SHAPE_REPRESENTATION(#8614,#8616);
#8614 = ( REPRESENTATION_RELATIONSHIP('','',#8248,#10) 
REPRESENTATION_RELATIONSHIP_WITH_TRANSFORMATION(#8615) 
SHAPE_REPRESENTATION_RELATIONSHIP() );
#8615 = ITEM_DEFINED_TRANSFORMATION('','',#11,#1231);
#8616 = PRODUCT_DEFINITION_SHAPE('Placement','Placement of an item',
  #8617);
#8617 = NEXT_ASSEMBLY_USAGE_OCCURRENCE('319','=>[0:1:1:33]','',#5,#8243,
  $);
#8618 = CONTEXT_DEPENDENT_SHAPE_REPRESENTATION(#8619,#8621);
#8619 = ( REPRESENTATION_RELATIONSHIP('','',#8248,#10) 
REPRESENTATION_RELATIONSHIP_WITH_TRANSFORMATION(#8620) 
SHAPE_REPRESENTATION_RELATIONSHIP() );
#8620 = ITEM_DEFINED_TRANSFORMATION('','',#11,#1235);
#8621 = PRODUCT_DEFINITION_SHAPE('Placement','Placement of an item',
  #8622);
#8622 = NEXT_ASSEMBLY_USAGE_OCCURRENCE('320','=>[0:1:1:33]','',#5,#8243,
  $);
#8623 = CONTEXT_DEPENDENT_SHAPE_REPRESENTATION(#8624,#8626);
#8624 = ( REPRESENTATION_RELATIONSHIP('','',#8248,#10) 
REPRESENTATION_RELATIONSHIP_WITH_TRANSFORMATION(#8625) 
SHAPE_REPRESENTATION_RELATIONSHIP() );
#8625 = ITEM_DEFINED_TRANSFORMATION('','',#11,#1239);
#8626 = PRODUCT_DEFINITION_SHAPE('Placement','Placement of an item',
  #8627);
#8627 = NEXT_ASSEMBLY_USAGE_OCCURRENCE('321','=>[0:1:1:33]','',#5,#8243,
  $);
#8628 = CONTEXT_DEPENDENT_SHAPE_REPRESENTATION(#8629,#8631);
#8629 = ( REPRESENTATION_RELATIONSHIP('','',#8248,#10) 
REPRESENTATION_RELATIONSHIP_WITH_TRANSFORMATION(#8630) 
SHAPE_REPRESENTATION_RELATIONSHIP() );
#8630 = ITEM_DEFINED_TRANSFORMATION('','',#11,#1243);
#8631 = PRODUCT_DEFINITION_SHAPE('Placement','Placement of an item',
  #8632);
#8632 = NEXT_ASSEMBLY_USAGE_OCCURRENCE('322','=>[0:1:1:33]','',#5,#8243,
  $);
#8633 = CONTEXT_DEPENDENT_SHAPE_REPRESENTATION(#8634,#8636);
#8634 = ( REPRESENTATION_RELATIONSHIP('','',#8248,#10) 
REPRESENTATION_RELATIONSHIP_WITH_TRANSFORMATION(#8635) 
SHAPE_REPRESENTATION_RELATIONSHIP() );
#8635 = ITEM_DEFINED_TRANSFORMATION('','',#11,#1247);
#8636 = PRODUCT_DEFINITION_SHAPE('Placement','Placement of an item',
  #8637);
#8637 = NEXT_ASSEMBLY_USAGE_OCCURRENCE('323','=>[0:1:1:33]','',#5,#8243,
  $);
#8638 = CONTEXT_DEPENDENT_SHAPE_REPRESENTATION(#8639,#8641);
#8639 = ( REPRESENTATION_RELATIONSHIP('','',#8248,#10) 
REPRESENTATION_RELATIONSHIP_WITH_TRANSFORMATION(#8640) 
SHAPE_REPRESENTATION_RELATIONSHIP() );
#8640 = ITEM_DEFINED_TRANSFORMATION('','',#11,#1251);
#8641 = PRODUCT_DEFINITION_SHAPE('Placement','Placement of an item',
  #8642);
#8642 = NEXT_ASSEMBLY_USAGE_OCCURRENCE('324','=>[0:1:1:33]','',#5,#8243,
  $);
#8643 = CONTEXT_DEPENDENT_SHAPE_REPRESENTATION(#8644,#8646);
#8644 = ( REPRESENTATION_RELATIONSHIP('','',#8248,#10) 
REPRESENTATION_RELATIONSHIP_WITH_TRANSFORMATION(#8645) 
SHAPE_REPRESENTATION_RELATIONSHIP() );
#8645 = ITEM_DEFINED_TRANSFORMATION('','',#11,#1255);
#8646 = PRODUCT_DEFINITION_SHAPE('Placement','Placement of an item',
  #8647);
#8647 = NEXT_ASSEMBLY_USAGE_OCCURRENCE('325','=>[0:1:1:33]','',#5,#8243,
  $);
#8648 = CONTEXT_DEPENDENT_SHAPE_REPRESENTATION(#8649,#8651);
#8649 = ( REPRESENTATION_RELATIONSHIP('','',#8248,#10) 
REPRESENTATION_RELATIONSHIP_WITH_TRANSFORMATION(#8650) 
SHAPE_REPRESENTATION_RELATIONSHIP() );
#8650 = ITEM_DEFINED_TRANSFORMATION('','',#11,#1259);
#8651 = PRODUCT_DEFINITION_SHAPE('Placement','Placement of an item',
  #8652);
#8652 = NEXT_ASSEMBLY_USAGE_OCCURRENCE('326','=>[0:1:1:33]','',#5,#8243,
  $);
#8653 = CONTEXT_DEPENDENT_SHAPE_REPRESENTATION(#8654,#8656);
#8654 = ( REPRESENTATION_RELATIONSHIP('','',#8248,#10) 
REPRESENTATION_RELATIONSHIP_WITH_TRANSFORMATION(#8655) 
SHAPE_REPRESENTATION_RELATIONSHIP() );
#8655 = ITEM_DEFINED_TRANSFORMATION('','',#11,#1263);
#8656 = PRODUCT_DEFINITION_SHAPE('Placement','Placement of an item',
  #8657);
#8657 = NEXT_ASSEMBLY_USAGE_OCCURRENCE('327','=>[0:1:1:33]','',#5,#8243,
  $);
#8658 = CONTEXT_DEPENDENT_SHAPE_REPRESENTATION(#8659,#8661);
#8659 = ( REPRESENTATION_RELATIONSHIP('','',#8248,#10) 
REPRESENTATION_RELATIONSHIP_WITH_TRANSFORMATION(#8660) 
SHAPE_REPRESENTATION_RELATIONSHIP() );
#8660 = ITEM_DEFINED_TRANSFORMATION('','',#11,#1267);
#8661 = PRODUCT_DEFINITION_SHAPE('Placement','Placement of an item',
  #8662);
#8662 = NEXT_ASSEMBLY_USAGE_OCCURRENCE('328','=>[0:1:1:33]','',#5,#8243,
  $);
#8663 = CONTEXT_DEPENDENT_SHAPE_REPRESENTATION(#8664,#8666);
#8664 = ( REPRESENTATION_RELATIONSHIP('','',#8248,#10) 
REPRESENTATION_RELATIONSHIP_WITH_TRANSFORMATION(#8665) 
SHAPE_REPRESENTATION_RELATIONSHIP() );
#8665 = ITEM_DEFINED_TRANSFORMATION('','',#11,#1271);
#8666 = PRODUCT_DEFINITION_SHAPE('Placement','Placement of an item',
  #8667);
#8667 = NEXT_ASSEMBLY_USAGE_OCCURRENCE('329','=>[0:1:1:33]','',#5,#8243,
  $);
#8668 = CONTEXT_DEPENDENT_SHAPE_REPRESENTATION(#8669,#8671);
#8669 = ( REPRESENTATION_RELATIONSHIP('','',#8248,#10) 
REPRESENTATION_RELATIONSHIP_WITH_TRANSFORMATION(#8670) 
SHAPE_REPRESENTATION_RELATIONSHIP() );
#8670 = ITEM_DEFINED_TRANSFORMATION('','',#11,#1275);
#8671 = PRODUCT_DEFINITION_SHAPE('Placement','Placement of an item',
  #8672);
#8672 = NEXT_ASSEMBLY_USAGE_OCCURRENCE('330','=>[0:1:1:33]','',#5,#8243,
  $);
#8673 = CONTEXT_DEPENDENT_SHAPE_REPRESENTATION(#8674,#8676);
#8674 = ( REPRESENTATION_RELATIONSHIP('','',#8248,#10) 
REPRESENTATION_RELATIONSHIP_WITH_TRANSFORMATION(#8675) 
SHAPE_REPRESENTATION_RELATIONSHIP() );
#8675 = ITEM_DEFINED_TRANSFORMATION('','',#11,#1279);
#8676 = PRODUCT_DEFINITION_SHAPE('Placement','Placement of an item',
  #8677);
#8677 = NEXT_ASSEMBLY_USAGE_OCCURRENCE('331','=>[0:1:1:33]','',#5,#8243,
  $);
#8678 = CONTEXT_DEPENDENT_SHAPE_REPRESENTATION(#8679,#8681);
#8679 = ( REPRESENTATION_RELATIONSHIP('','',#8248,#10) 
REPRESENTATION_RELATIONSHIP_WITH_TRANSFORMATION(#8680) 
SHAPE_REPRESENTATION_RELATIONSHIP() );
#8680 = ITEM_DEFINED_TRANSFORMATION('','',#11,#1283);
#8681 = PRODUCT_DEFINITION_SHAPE('Placement','Placement of an item',
  #8682);
#8682 = NEXT_ASSEMBLY_USAGE_OCCURRENCE('332','=>[0:1:1:33]','',#5,#8243,
  $);
#8683 = CONTEXT_DEPENDENT_SHAPE_REPRESENTATION(#8684,#8686);
#8684 = ( REPRESENTATION_RELATIONSHIP('','',#8248,#10) 
REPRESENTATION_RELATIONSHIP_WITH_TRANSFORMATION(#8685) 
SHAPE_REPRESENTATION_RELATIONSHIP() );
#8685 = ITEM_DEFINED_TRANSFORMATION('','',#11,#1287);
#8686 = PRODUCT_DEFINITION_SHAPE('Placement','Placement of an item',
  #8687);
#8687 = NEXT_ASSEMBLY_USAGE_OCCURRENCE('333','=>[0:1:1:33]','',#5,#8243,
  $);
#8688 = CONTEXT_DEPENDENT_SHAPE_REPRESENTATION(#8689,#8691);
#8689 = ( REPRESENTATION_RELATIONSHIP('','',#8248,#10) 
REPRESENTATION_RELATIONSHIP_WITH_TRANSFORMATION(#8690) 
SHAPE_REPRESENTATION_RELATIONSHIP() );
#8690 = ITEM_DEFINED_TRANSFORMATION('','',#11,#1291);
#8691 = PRODUCT_DEFINITION_SHAPE('Placement','Placement of an item',
  #8692);
#8692 = NEXT_ASSEMBLY_USAGE_OCCURRENCE('334','=>[0:1:1:33]','',#5,#8243,
  $);
#8693 = CONTEXT_DEPENDENT_SHAPE_REPRESENTATION(#8694,#8696);
#8694 = ( REPRESENTATION_RELATIONSHIP('','',#8248,#10) 
REPRESENTATION_RELATIONSHIP_WITH_TRANSFORMATION(#8695) 
SHAPE_REPRESENTATION_RELATIONSHIP() );
#8695 = ITEM_DEFINED_TRANSFORMATION('','',#11,#1295);
#8696 = PRODUCT_DEFINITION_SHAPE('Placement','Placement of an item',
  #8697);
#8697 = NEXT_ASSEMBLY_USAGE_OCCURRENCE('335','=>[0:1:1:33]','',#5,#8243,
  $);
#8698 = CONTEXT_DEPENDENT_SHAPE_REPRESENTATION(#8699,#8701);
#8699 = ( REPRESENTATION_RELATIONSHIP('','',#8248,#10) 
REPRESENTATION_RELATIONSHIP_WITH_TRANSFORMATION(#8700) 
SHAPE_REPRESENTATION_RELATIONSHIP() );
#8700 = ITEM_DEFINED_TRANSFORMATION('','',#11,#1299);
#8701 = PRODUCT_DEFINITION_SHAPE('Placement','Placement of an item',
  #8702);
#8702 = NEXT_ASSEMBLY_USAGE_OCCURRENCE('336','=>[0:1:1:33]','',#5,#8243,
  $);
#8703 = CONTEXT_DEPENDENT_SHAPE_REPRESENTATION(#8704,#8706);
#8704 = ( REPRESENTATION_RELATIONSHIP('','',#8248,#10) 
REPRESENTATION_RELATIONSHIP_WITH_TRANSFORMATION(#8705) 
SHAPE_REPRESENTATION_RELATIONSHIP() );
#8705 = ITEM_DEFINED_TRANSFORMATION('','',#11,#1303);
#8706 = PRODUCT_DEFINITION_SHAPE('Placement','Placement of an item',
  #8707);
#8707 = NEXT_ASSEMBLY_USAGE_OCCURRENCE('337','=>[0:1:1:33]','',#5,#8243,
  $);
#8708 = SHAPE_DEFINITION_REPRESENTATION(#8709,#8715);
#8709 = PRODUCT_DEFINITION_SHAPE('','',#8710);
#8710 = PRODUCT_DEFINITION('design','',#8711,#8714);
#8711 = PRODUCT_DEFINITION_FORMATION('','',#8712);
#8712 = PRODUCT('LED1~LED0603-RD~LED0603-RD~5ZeZ',
  'LED1~LED0603-RD~LED0603-RD~5ZeZ','',(#8713));
#8713 = PRODUCT_CONTEXT('',#2,'mechanical');
#8714 = PRODUCT_DEFINITION_CONTEXT('part definition',#2,'design');
#8715 = SHAPE_REPRESENTATION('',(#11,#8716),#8720);
#8716 = AXIS2_PLACEMENT_3D('',#8717,#8718,#8719);
#8717 = CARTESIAN_POINT('',(0.,0.,0.));
#8718 = DIRECTION('',(0.,0.,1.));
#8719 = DIRECTION('',(1.,0.,-0.));
#8720 = ( GEOMETRIC_REPRESENTATION_CONTEXT(3) 
GLOBAL_UNCERTAINTY_ASSIGNED_CONTEXT((#8724)) 
GLOBAL_UNIT_ASSIGNED_CONTEXT((#8721,#8722,#8723)) REPRESENTATION_CONTEXT
('Context #1','3D Context with UNIT and UNCERTAINTY') );
#8721 = ( LENGTH_UNIT() NAMED_UNIT(*) SI_UNIT(.MILLI.,.METRE.) );
#8722 = ( NAMED_UNIT(*) PLANE_ANGLE_UNIT() SI_UNIT($,.RADIAN.) );
#8723 = ( NAMED_UNIT(*) SI_UNIT($,.STERADIAN.) SOLID_ANGLE_UNIT() );
#8724 = UNCERTAINTY_MEASURE_WITH_UNIT(LENGTH_MEASURE(2.E-07),#8721,
  'distance_accuracy_value','confusion accuracy');
#8725 = CONTEXT_DEPENDENT_SHAPE_REPRESENTATION(#8726,#8728);
#8726 = ( REPRESENTATION_RELATIONSHIP('','',#8715,#10) 
REPRESENTATION_RELATIONSHIP_WITH_TRANSFORMATION(#8727) 
SHAPE_REPRESENTATION_RELATIONSHIP() );
#8727 = ITEM_DEFINED_TRANSFORMATION('','',#11,#1307);
#8728 = PRODUCT_DEFINITION_SHAPE('Placement','Placement of an item',
  #8729);
#8729 = NEXT_ASSEMBLY_USAGE_OCCURRENCE('339','=>[0:1:1:36]','',#5,#8710,
  $);
#8730 = PRODUCT_RELATED_PRODUCT_CATEGORY('part',$,(#8712));
#8731 = SHAPE_DEFINITION_REPRESENTATION(#8732,#8738);
#8732 = PRODUCT_DEFINITION_SHAPE('','',#8733);
#8733 = PRODUCT_DEFINITION('design','',#8734,#8737);
#8734 = PRODUCT_DEFINITION_FORMATION('','',#8735);
#8735 = PRODUCT('LED96~LED0603-RD~LED0603-RD~5ZeZ',
  'LED96~LED0603-RD~LED0603-RD~5ZeZ','',(#8736));
#8736 = PRODUCT_CONTEXT('',#2,'mechanical');
#8737 = PRODUCT_DEFINITION_CONTEXT('part definition',#2,'design');
#8738 = ADVANCED_BREP_SHAPE_REPRESENTATION('',(#11,#8739),#8877);
#8739 = MANIFOLD_SOLID_BREP('',#8740);
#8740 = CLOSED_SHELL('',(#8741,#8777,#8813,#8833,#8853,#8865));
#8741 = ADVANCED_FACE('',(#8742),#8772,.F.);
#8742 = FACE_BOUND('',#8743,.F.);
#8743 = EDGE_LOOP('',(#8744,#8753,#8760,#8767));
#8744 = ORIENTED_EDGE('',*,*,#8745,.F.);
#8745 = EDGE_CURVE('',#8746,#8748,#8750,.T.);
#8746 = VERTEX_POINT('',#8747);
#8747 = CARTESIAN_POINT('',(-0.81,-0.40999491999,0.));
#8748 = VERTEX_POINT('',#8749);
#8749 = CARTESIAN_POINT('',(-0.81,-0.40999491999,0.762001524003));
#8750 = B_SPLINE_CURVE_WITH_KNOTS('',1,(#8751,#8752),.UNSPECIFIED.,.F.,
  .F.,(2,2),(0.,0.762001524003),.PIECEWISE_BEZIER_KNOTS.);
#8751 = CARTESIAN_POINT('',(-0.81,-0.40999491999,0.));
#8752 = CARTESIAN_POINT('',(-0.81,-0.40999491999,0.762001524003));
#8753 = ORIENTED_EDGE('',*,*,#8754,.T.);
#8754 = EDGE_CURVE('',#8746,#8755,#8757,.T.);
#8755 = VERTEX_POINT('',#8756);
#8756 = CARTESIAN_POINT('',(-0.81,0.40999491999,0.));
#8757 = B_SPLINE_CURVE_WITH_KNOTS('',1,(#8758,#8759),.UNSPECIFIED.,.F.,
  .F.,(2,2),(0.,0.762001524003),.PIECEWISE_BEZIER_KNOTS.);
#8758 = CARTESIAN_POINT('',(-0.81,-0.40999491999,0.));
#8759 = CARTESIAN_POINT('',(-0.81,0.40999491999,0.));
#8760 = ORIENTED_EDGE('',*,*,#8761,.T.);
#8761 = EDGE_CURVE('',#8755,#8762,#8764,.T.);
#8762 = VERTEX_POINT('',#8763);
#8763 = CARTESIAN_POINT('',(-0.81,0.40999491999,0.762001524003));
#8764 = B_SPLINE_CURVE_WITH_KNOTS('',1,(#8765,#8766),.UNSPECIFIED.,.F.,
  .F.,(2,2),(0.,0.762001524003),.PIECEWISE_BEZIER_KNOTS.);
#8765 = CARTESIAN_POINT('',(-0.81,0.40999491999,0.));
#8766 = CARTESIAN_POINT('',(-0.81,0.40999491999,0.762001524003));
#8767 = ORIENTED_EDGE('',*,*,#8768,.F.);
#8768 = EDGE_CURVE('',#8748,#8762,#8769,.T.);
#8769 = B_SPLINE_CURVE_WITH_KNOTS('',1,(#8770,#8771),.UNSPECIFIED.,.F.,
  .F.,(2,2),(0.,0.762001524003),.PIECEWISE_BEZIER_KNOTS.);
#8770 = CARTESIAN_POINT('',(-0.81,-0.40999491999,0.762001524003));
#8771 = CARTESIAN_POINT('',(-0.81,0.40999491999,0.762001524003));
#8772 = B_SPLINE_SURFACE_WITH_KNOTS('',1,1,(
    (#8773,#8774)
    ,(#8775,#8776
    )),.UNSPECIFIED.,.F.,.F.,.F.,(2,2),(2,2),(0.,0.762001524003),(
    -0.762001524003,0.),.PIECEWISE_BEZIER_KNOTS.);
#8773 = CARTESIAN_POINT('',(-0.81,0.40999491999,0.));
#8774 = CARTESIAN_POINT('',(-0.81,-0.40999491999,0.));
#8775 = CARTESIAN_POINT('',(-0.81,0.40999491999,0.762001524003));
#8776 = CARTESIAN_POINT('',(-0.81,-0.40999491999,0.762001524003));
#8777 = ADVANCED_FACE('',(#8778),#8808,.T.);
#8778 = FACE_BOUND('',#8779,.T.);
#8779 = EDGE_LOOP('',(#8780,#8789,#8796,#8803));
#8780 = ORIENTED_EDGE('',*,*,#8781,.F.);
#8781 = EDGE_CURVE('',#8782,#8784,#8786,.T.);
#8782 = VERTEX_POINT('',#8783);
#8783 = CARTESIAN_POINT('',(0.81,-0.40999491999,0.));
#8784 = VERTEX_POINT('',#8785);
#8785 = CARTESIAN_POINT('',(0.81,-0.40999491999,0.762001524003));
#8786 = B_SPLINE_CURVE_WITH_KNOTS('',1,(#8787,#8788),.UNSPECIFIED.,.F.,
  .F.,(2,2),(0.,0.762001524003),.PIECEWISE_BEZIER_KNOTS.);
#8787 = CARTESIAN_POINT('',(0.81,-0.40999491999,0.));
#8788 = CARTESIAN_POINT('',(0.81,-0.40999491999,0.762001524003));
#8789 = ORIENTED_EDGE('',*,*,#8790,.T.);
#8790 = EDGE_CURVE('',#8782,#8791,#8793,.T.);
#8791 = VERTEX_POINT('',#8792);
#8792 = CARTESIAN_POINT('',(0.81,0.40999491999,0.));
#8793 = B_SPLINE_CURVE_WITH_KNOTS('',1,(#8794,#8795),.UNSPECIFIED.,.F.,
  .F.,(2,2),(0.,0.762001524003),.PIECEWISE_BEZIER_KNOTS.);
#8794 = CARTESIAN_POINT('',(0.81,-0.40999491999,0.));
#8795 = CARTESIAN_POINT('',(0.81,0.40999491999,0.));
#8796 = ORIENTED_EDGE('',*,*,#8797,.T.);
#8797 = EDGE_CURVE('',#8791,#8798,#8800,.T.);
#8798 = VERTEX_POINT('',#8799);
#8799 = CARTESIAN_POINT('',(0.81,0.40999491999,0.762001524003));
#8800 = B_SPLINE_CURVE_WITH_KNOTS('',1,(#8801,#8802),.UNSPECIFIED.,.F.,
  .F.,(2,2),(0.,0.762001524003),.PIECEWISE_BEZIER_KNOTS.);
#8801 = CARTESIAN_POINT('',(0.81,0.40999491999,0.));
#8802 = CARTESIAN_POINT('',(0.81,0.40999491999,0.762001524003));
#8803 = ORIENTED_EDGE('',*,*,#8804,.F.);
#8804 = EDGE_CURVE('',#8784,#8798,#8805,.T.);
#8805 = B_SPLINE_CURVE_WITH_KNOTS('',1,(#8806,#8807),.UNSPECIFIED.,.F.,
  .F.,(2,2),(0.,0.762001524003),.PIECEWISE_BEZIER_KNOTS.);
#8806 = CARTESIAN_POINT('',(0.81,-0.40999491999,0.762001524003));
#8807 = CARTESIAN_POINT('',(0.81,0.40999491999,0.762001524003));
#8808 = B_SPLINE_SURFACE_WITH_KNOTS('',1,1,(
    (#8809,#8810)
    ,(#8811,#8812
    )),.UNSPECIFIED.,.F.,.F.,.F.,(2,2),(2,2),(0.,0.762001524003),(
    -0.762001524003,0.),.PIECEWISE_BEZIER_KNOTS.);
#8809 = CARTESIAN_POINT('',(0.81,0.40999491999,0.));
#8810 = CARTESIAN_POINT('',(0.81,-0.40999491999,0.));
#8811 = CARTESIAN_POINT('',(0.81,0.40999491999,0.762001524003));
#8812 = CARTESIAN_POINT('',(0.81,-0.40999491999,0.762001524003));
#8813 = ADVANCED_FACE('',(#8814),#8828,.F.);
#8814 = FACE_BOUND('',#8815,.F.);
#8815 = EDGE_LOOP('',(#8816,#8821,#8822,#8827));
#8816 = ORIENTED_EDGE('',*,*,#8817,.F.);
#8817 = EDGE_CURVE('',#8746,#8782,#8818,.T.);
#8818 = B_SPLINE_CURVE_WITH_KNOTS('',1,(#8819,#8820),.UNSPECIFIED.,.F.,
  .F.,(2,2),(0.,0.762001524003),.PIECEWISE_BEZIER_KNOTS.);
#8819 = CARTESIAN_POINT('',(-0.81,-0.40999491999,0.));
#8820 = CARTESIAN_POINT('',(0.81,-0.40999491999,0.));
#8821 = ORIENTED_EDGE('',*,*,#8745,.T.);
#8822 = ORIENTED_EDGE('',*,*,#8823,.T.);
#8823 = EDGE_CURVE('',#8748,#8784,#8824,.T.);
#8824 = B_SPLINE_CURVE_WITH_KNOTS('',1,(#8825,#8826),.UNSPECIFIED.,.F.,
  .F.,(2,2),(0.,0.762001524003),.PIECEWISE_BEZIER_KNOTS.);
#8825 = CARTESIAN_POINT('',(-0.81,-0.40999491999,0.762001524003));
#8826 = CARTESIAN_POINT('',(0.81,-0.40999491999,0.762001524003));
#8827 = ORIENTED_EDGE('',*,*,#8781,.F.);
#8828 = B_SPLINE_SURFACE_WITH_KNOTS('',1,1,(
    (#8829,#8830)
    ,(#8831,#8832
    )),.UNSPECIFIED.,.F.,.F.,.F.,(2,2),(2,2),(0.,0.762001524003),(0.,
    0.762001524003),.PIECEWISE_BEZIER_KNOTS.);
#8829 = CARTESIAN_POINT('',(-0.81,-0.40999491999,0.));
#8830 = CARTESIAN_POINT('',(0.81,-0.40999491999,0.));
#8831 = CARTESIAN_POINT('',(-0.81,-0.40999491999,0.762001524003));
#8832 = CARTESIAN_POINT('',(0.81,-0.40999491999,0.762001524003));
#8833 = ADVANCED_FACE('',(#8834),#8848,.T.);
#8834 = FACE_BOUND('',#8835,.T.);
#8835 = EDGE_LOOP('',(#8836,#8841,#8842,#8847));
#8836 = ORIENTED_EDGE('',*,*,#8837,.F.);
#8837 = EDGE_CURVE('',#8755,#8791,#8838,.T.);
#8838 = B_SPLINE_CURVE_WITH_KNOTS('',1,(#8839,#8840),.UNSPECIFIED.,.F.,
  .F.,(2,2),(0.,0.762001524003),.PIECEWISE_BEZIER_KNOTS.);
#8839 = CARTESIAN_POINT('',(-0.81,0.40999491999,0.));
#8840 = CARTESIAN_POINT('',(0.81,0.40999491999,0.));
#8841 = ORIENTED_EDGE('',*,*,#8761,.T.);
#8842 = ORIENTED_EDGE('',*,*,#8843,.T.);
#8843 = EDGE_CURVE('',#8762,#8798,#8844,.T.);
#8844 = B_SPLINE_CURVE_WITH_KNOTS('',1,(#8845,#8846),.UNSPECIFIED.,.F.,
  .F.,(2,2),(0.,0.762001524003),.PIECEWISE_BEZIER_KNOTS.);
#8845 = CARTESIAN_POINT('',(-0.81,0.40999491999,0.762001524003));
#8846 = CARTESIAN_POINT('',(0.81,0.40999491999,0.762001524003));
#8847 = ORIENTED_EDGE('',*,*,#8797,.F.);
#8848 = B_SPLINE_SURFACE_WITH_KNOTS('',1,1,(
    (#8849,#8850)
    ,(#8851,#8852
    )),.UNSPECIFIED.,.F.,.F.,.F.,(2,2),(2,2),(0.,0.762001524003),(0.,
    0.762001524003),.PIECEWISE_BEZIER_KNOTS.);
#8849 = CARTESIAN_POINT('',(-0.81,0.40999491999,0.));
#8850 = CARTESIAN_POINT('',(0.81,0.40999491999,0.));
#8851 = CARTESIAN_POINT('',(-0.81,0.40999491999,0.762001524003));
#8852 = CARTESIAN_POINT('',(0.81,0.40999491999,0.762001524003));
#8853 = ADVANCED_FACE('',(#8854),#8860,.F.);
#8854 = FACE_BOUND('',#8855,.F.);
#8855 = EDGE_LOOP('',(#8856,#8857,#8858,#8859));
#8856 = ORIENTED_EDGE('',*,*,#8754,.F.);
#8857 = ORIENTED_EDGE('',*,*,#8817,.T.);
#8858 = ORIENTED_EDGE('',*,*,#8790,.T.);
#8859 = ORIENTED_EDGE('',*,*,#8837,.F.);
#8860 = B_SPLINE_SURFACE_WITH_KNOTS('',1,1,(
    (#8861,#8862)
    ,(#8863,#8864
    )),.UNSPECIFIED.,.F.,.F.,.F.,(2,2),(2,2),(0.,0.762001524003),(0.,
    0.762001524003),.PIECEWISE_BEZIER_KNOTS.);
#8861 = CARTESIAN_POINT('',(-0.81,-0.40999491999,0.));
#8862 = CARTESIAN_POINT('',(-0.81,0.40999491999,0.));
#8863 = CARTESIAN_POINT('',(0.81,-0.40999491999,0.));
#8864 = CARTESIAN_POINT('',(0.81,0.40999491999,0.));
#8865 = ADVANCED_FACE('',(#8866),#8872,.T.);
#8866 = FACE_BOUND('',#8867,.T.);
#8867 = EDGE_LOOP('',(#8868,#8869,#8870,#8871));
#8868 = ORIENTED_EDGE('',*,*,#8768,.F.);
#8869 = ORIENTED_EDGE('',*,*,#8823,.T.);
#8870 = ORIENTED_EDGE('',*,*,#8804,.T.);
#8871 = ORIENTED_EDGE('',*,*,#8843,.F.);
#8872 = B_SPLINE_SURFACE_WITH_KNOTS('',1,1,(
    (#8873,#8874)
    ,(#8875,#8876
    )),.UNSPECIFIED.,.F.,.F.,.F.,(2,2),(2,2),(0.,0.762001524003),(0.,
    0.762001524003),.PIECEWISE_BEZIER_KNOTS.);
#8873 = CARTESIAN_POINT('',(-0.81,-0.40999491999,0.762001524003));
#8874 = CARTESIAN_POINT('',(-0.81,0.40999491999,0.762001524003));
#8875 = CARTESIAN_POINT('',(0.81,-0.40999491999,0.762001524003));
#8876 = CARTESIAN_POINT('',(0.81,0.40999491999,0.762001524003));
#8877 = ( GEOMETRIC_REPRESENTATION_CONTEXT(3) 
GLOBAL_UNCERTAINTY_ASSIGNED_CONTEXT((#8881)) 
GLOBAL_UNIT_ASSIGNED_CONTEXT((#8878,#8879,#8880)) REPRESENTATION_CONTEXT
('Context #1','3D Context with UNIT and UNCERTAINTY') );
#8878 = ( LENGTH_UNIT() NAMED_UNIT(*) SI_UNIT(.MILLI.,.METRE.) );
#8879 = ( NAMED_UNIT(*) PLANE_ANGLE_UNIT() SI_UNIT($,.RADIAN.) );
#8880 = ( NAMED_UNIT(*) SI_UNIT($,.STERADIAN.) SOLID_ANGLE_UNIT() );
#8881 = UNCERTAINTY_MEASURE_WITH_UNIT(LENGTH_MEASURE(2.E-07),#8878,
  'distance_accuracy_value','confusion accuracy');
#8882 = CONTEXT_DEPENDENT_SHAPE_REPRESENTATION(#8883,#8885);
#8883 = ( REPRESENTATION_RELATIONSHIP('','',#8738,#8715) 
REPRESENTATION_RELATIONSHIP_WITH_TRANSFORMATION(#8884) 
SHAPE_REPRESENTATION_RELATIONSHIP() );
#8884 = ITEM_DEFINED_TRANSFORMATION('','',#11,#8716);
#8885 = PRODUCT_DEFINITION_SHAPE('Placement','Placement of an item',
  #8886);
#8886 = NEXT_ASSEMBLY_USAGE_OCCURRENCE('338','=>[0:1:1:35]','',#8710,
  #8733,$);
#8887 = PRODUCT_RELATED_PRODUCT_CATEGORY('part',$,(#8735));
#8888 = CONTEXT_DEPENDENT_SHAPE_REPRESENTATION(#8889,#8891);
#8889 = ( REPRESENTATION_RELATIONSHIP('','',#8738,#10) 
REPRESENTATION_RELATIONSHIP_WITH_TRANSFORMATION(#8890) 
SHAPE_REPRESENTATION_RELATIONSHIP() );
#8890 = ITEM_DEFINED_TRANSFORMATION('','',#11,#1311);
#8891 = PRODUCT_DEFINITION_SHAPE('Placement','Placement of an item',
  #8892);
#8892 = NEXT_ASSEMBLY_USAGE_OCCURRENCE('340','=>[0:1:1:35]','',#5,#8733,
  $);
#8893 = CONTEXT_DEPENDENT_SHAPE_REPRESENTATION(#8894,#8896);
#8894 = ( REPRESENTATION_RELATIONSHIP('','',#8738,#10) 
REPRESENTATION_RELATIONSHIP_WITH_TRANSFORMATION(#8895) 
SHAPE_REPRESENTATION_RELATIONSHIP() );
#8895 = ITEM_DEFINED_TRANSFORMATION('','',#11,#1315);
#8896 = PRODUCT_DEFINITION_SHAPE('Placement','Placement of an item',
  #8897);
#8897 = NEXT_ASSEMBLY_USAGE_OCCURRENCE('341','=>[0:1:1:35]','',#5,#8733,
  $);
#8898 = CONTEXT_DEPENDENT_SHAPE_REPRESENTATION(#8899,#8901);
#8899 = ( REPRESENTATION_RELATIONSHIP('','',#8738,#10) 
REPRESENTATION_RELATIONSHIP_WITH_TRANSFORMATION(#8900) 
SHAPE_REPRESENTATION_RELATIONSHIP() );
#8900 = ITEM_DEFINED_TRANSFORMATION('','',#11,#1319);
#8901 = PRODUCT_DEFINITION_SHAPE('Placement','Placement of an item',
  #8902);
#8902 = NEXT_ASSEMBLY_USAGE_OCCURRENCE('342','=>[0:1:1:35]','',#5,#8733,
  $);
#8903 = CONTEXT_DEPENDENT_SHAPE_REPRESENTATION(#8904,#8906);
#8904 = ( REPRESENTATION_RELATIONSHIP('','',#8738,#10) 
REPRESENTATION_RELATIONSHIP_WITH_TRANSFORMATION(#8905) 
SHAPE_REPRESENTATION_RELATIONSHIP() );
#8905 = ITEM_DEFINED_TRANSFORMATION('','',#11,#1323);
#8906 = PRODUCT_DEFINITION_SHAPE('Placement','Placement of an item',
  #8907);
#8907 = NEXT_ASSEMBLY_USAGE_OCCURRENCE('343','=>[0:1:1:35]','',#5,#8733,
  $);
#8908 = CONTEXT_DEPENDENT_SHAPE_REPRESENTATION(#8909,#8911);
#8909 = ( REPRESENTATION_RELATIONSHIP('','',#8738,#10) 
REPRESENTATION_RELATIONSHIP_WITH_TRANSFORMATION(#8910) 
SHAPE_REPRESENTATION_RELATIONSHIP() );
#8910 = ITEM_DEFINED_TRANSFORMATION('','',#11,#1327);
#8911 = PRODUCT_DEFINITION_SHAPE('Placement','Placement of an item',
  #8912);
#8912 = NEXT_ASSEMBLY_USAGE_OCCURRENCE('344','=>[0:1:1:35]','',#5,#8733,
  $);
#8913 = SHAPE_DEFINITION_REPRESENTATION(#8914,#8920);
#8914 = PRODUCT_DEFINITION_SHAPE('','',#8915);
#8915 = PRODUCT_DEFINITION('design','',#8916,#8919);
#8916 = PRODUCT_DEFINITION_FORMATION('','',#8917);
#8917 = PRODUCT(
  'D3~SOD-323_L1.8-W1.3-LS2.5-RD~SOD-323_L1.8-W1.3-LS2.5-RD~5ZeZ',
  'D3~SOD-323_L1.8-W1.3-LS2.5-RD~SOD-323_L1.8-W1.3-LS2.5-RD~5ZeZ','',(
    #8918));
#8918 = PRODUCT_CONTEXT('',#2,'mechanical');
#8919 = PRODUCT_DEFINITION_CONTEXT('part definition',#2,'design');
#8920 = SHAPE_REPRESENTATION('',(#11,#8921),#8925);
#8921 = AXIS2_PLACEMENT_3D('',#8922,#8923,#8924);
#8922 = CARTESIAN_POINT('',(0.,0.,0.));
#8923 = DIRECTION('',(0.,0.,1.));
#8924 = DIRECTION('',(1.,0.,-0.));
#8925 = ( GEOMETRIC_REPRESENTATION_CONTEXT(3) 
GLOBAL_UNCERTAINTY_ASSIGNED_CONTEXT((#8929)) 
GLOBAL_UNIT_ASSIGNED_CONTEXT((#8926,#8927,#8928)) REPRESENTATION_CONTEXT
('Context #1','3D Context with UNIT and UNCERTAINTY') );
#8926 = ( LENGTH_UNIT() NAMED_UNIT(*) SI_UNIT(.MILLI.,.METRE.) );
#8927 = ( NAMED_UNIT(*) PLANE_ANGLE_UNIT() SI_UNIT($,.RADIAN.) );
#8928 = ( NAMED_UNIT(*) SI_UNIT($,.STERADIAN.) SOLID_ANGLE_UNIT() );
#8929 = UNCERTAINTY_MEASURE_WITH_UNIT(LENGTH_MEASURE(5.E-07),#8926,
  'distance_accuracy_value','confusion accuracy');
#8930 = CONTEXT_DEPENDENT_SHAPE_REPRESENTATION(#8931,#8933);
#8931 = ( REPRESENTATION_RELATIONSHIP('','',#8920,#10) 
REPRESENTATION_RELATIONSHIP_WITH_TRANSFORMATION(#8932) 
SHAPE_REPRESENTATION_RELATIONSHIP() );
#8932 = ITEM_DEFINED_TRANSFORMATION('','',#11,#1331);
#8933 = PRODUCT_DEFINITION_SHAPE('Placement','Placement of an item',
  #8934);
#8934 = NEXT_ASSEMBLY_USAGE_OCCURRENCE('346','=>[0:1:1:38]','',#5,#8915,
  $);
#8935 = PRODUCT_RELATED_PRODUCT_CATEGORY('part',$,(#8917));
#8936 = SHAPE_DEFINITION_REPRESENTATION(#8937,#8943);
#8937 = PRODUCT_DEFINITION_SHAPE('','',#8938);
#8938 = PRODUCT_DEFINITION('design','',#8939,#8942);
#8939 = PRODUCT_DEFINITION_FORMATION('','',#8940);
#8940 = PRODUCT(
  'D4~SOD-323_L1.8-W1.3-LS2.5-RD~SOD-323_L1.8-W1.3-LS2.5-RD~5ZeZ',
  'D4~SOD-323_L1.8-W1.3-LS2.5-RD~SOD-323_L1.8-W1.3-LS2.5-RD~5ZeZ','',(
    #8941));
#8941 = PRODUCT_CONTEXT('',#2,'mechanical');
#8942 = PRODUCT_DEFINITION_CONTEXT('part definition',#2,'design');
#8943 = ADVANCED_BREP_SHAPE_REPRESENTATION('',(#11,#8944),#9082);
#8944 = MANIFOLD_SOLID_BREP('',#8945);
#8945 = CLOSED_SHELL('',(#8946,#8982,#9018,#9038,#9058,#9070));
#8946 = ADVANCED_FACE('',(#8947),#8977,.F.);
#8947 = FACE_BOUND('',#8948,.F.);
#8948 = EDGE_LOOP('',(#8949,#8958,#8965,#8972));
#8949 = ORIENTED_EDGE('',*,*,#8950,.F.);
#8950 = EDGE_CURVE('',#8951,#8953,#8955,.T.);
#8951 = VERTEX_POINT('',#8952);
#8952 = CARTESIAN_POINT('',(-1.325,-0.65,0.));
#8953 = VERTEX_POINT('',#8954);
#8954 = CARTESIAN_POINT('',(-1.325,-0.65,0.762001524003));
#8955 = B_SPLINE_CURVE_WITH_KNOTS('',1,(#8956,#8957),.UNSPECIFIED.,.F.,
  .F.,(2,2),(0.,0.762001524003),.PIECEWISE_BEZIER_KNOTS.);
#8956 = CARTESIAN_POINT('',(-1.325,-0.65,0.));
#8957 = CARTESIAN_POINT('',(-1.325,-0.65,0.762001524003));
#8958 = ORIENTED_EDGE('',*,*,#8959,.T.);
#8959 = EDGE_CURVE('',#8951,#8960,#8962,.T.);
#8960 = VERTEX_POINT('',#8961);
#8961 = CARTESIAN_POINT('',(-1.325,0.65,0.));
#8962 = B_SPLINE_CURVE_WITH_KNOTS('',1,(#8963,#8964),.UNSPECIFIED.,.F.,
  .F.,(2,2),(0.,0.762001524003),.PIECEWISE_BEZIER_KNOTS.);
#8963 = CARTESIAN_POINT('',(-1.325,-0.65,0.));
#8964 = CARTESIAN_POINT('',(-1.325,0.65,0.));
#8965 = ORIENTED_EDGE('',*,*,#8966,.T.);
#8966 = EDGE_CURVE('',#8960,#8967,#8969,.T.);
#8967 = VERTEX_POINT('',#8968);
#8968 = CARTESIAN_POINT('',(-1.325,0.65,0.762001524003));
#8969 = B_SPLINE_CURVE_WITH_KNOTS('',1,(#8970,#8971),.UNSPECIFIED.,.F.,
  .F.,(2,2),(0.,0.762001524003),.PIECEWISE_BEZIER_KNOTS.);
#8970 = CARTESIAN_POINT('',(-1.325,0.65,0.));
#8971 = CARTESIAN_POINT('',(-1.325,0.65,0.762001524003));
#8972 = ORIENTED_EDGE('',*,*,#8973,.F.);
#8973 = EDGE_CURVE('',#8953,#8967,#8974,.T.);
#8974 = B_SPLINE_CURVE_WITH_KNOTS('',1,(#8975,#8976),.UNSPECIFIED.,.F.,
  .F.,(2,2),(0.,0.762001524003),.PIECEWISE_BEZIER_KNOTS.);
#8975 = CARTESIAN_POINT('',(-1.325,-0.65,0.762001524003));
#8976 = CARTESIAN_POINT('',(-1.325,0.65,0.762001524003));
#8977 = B_SPLINE_SURFACE_WITH_KNOTS('',1,1,(
    (#8978,#8979)
    ,(#8980,#8981
    )),.UNSPECIFIED.,.F.,.F.,.F.,(2,2),(2,2),(0.,0.762001524003),(
    -0.762001524003,0.),.PIECEWISE_BEZIER_KNOTS.);
#8978 = CARTESIAN_POINT('',(-1.325,0.65,0.));
#8979 = CARTESIAN_POINT('',(-1.325,-0.65,0.));
#8980 = CARTESIAN_POINT('',(-1.325,0.65,0.762001524003));
#8981 = CARTESIAN_POINT('',(-1.325,-0.65,0.762001524003));
#8982 = ADVANCED_FACE('',(#8983),#9013,.T.);
#8983 = FACE_BOUND('',#8984,.T.);
#8984 = EDGE_LOOP('',(#8985,#8994,#9001,#9008));
#8985 = ORIENTED_EDGE('',*,*,#8986,.F.);
#8986 = EDGE_CURVE('',#8987,#8989,#8991,.T.);
#8987 = VERTEX_POINT('',#8988);
#8988 = CARTESIAN_POINT('',(1.325,-0.65,0.));
#8989 = VERTEX_POINT('',#8990);
#8990 = CARTESIAN_POINT('',(1.325,-0.65,0.762001524003));
#8991 = B_SPLINE_CURVE_WITH_KNOTS('',1,(#8992,#8993),.UNSPECIFIED.,.F.,
  .F.,(2,2),(0.,0.762001524003),.PIECEWISE_BEZIER_KNOTS.);
#8992 = CARTESIAN_POINT('',(1.325,-0.65,0.));
#8993 = CARTESIAN_POINT('',(1.325,-0.65,0.762001524003));
#8994 = ORIENTED_EDGE('',*,*,#8995,.T.);
#8995 = EDGE_CURVE('',#8987,#8996,#8998,.T.);
#8996 = VERTEX_POINT('',#8997);
#8997 = CARTESIAN_POINT('',(1.325,0.65,0.));
#8998 = B_SPLINE_CURVE_WITH_KNOTS('',1,(#8999,#9000),.UNSPECIFIED.,.F.,
  .F.,(2,2),(0.,0.762001524003),.PIECEWISE_BEZIER_KNOTS.);
#8999 = CARTESIAN_POINT('',(1.325,-0.65,0.));
#9000 = CARTESIAN_POINT('',(1.325,0.65,0.));
#9001 = ORIENTED_EDGE('',*,*,#9002,.T.);
#9002 = EDGE_CURVE('',#8996,#9003,#9005,.T.);
#9003 = VERTEX_POINT('',#9004);
#9004 = CARTESIAN_POINT('',(1.325,0.65,0.762001524003));
#9005 = B_SPLINE_CURVE_WITH_KNOTS('',1,(#9006,#9007),.UNSPECIFIED.,.F.,
  .F.,(2,2),(0.,0.762001524003),.PIECEWISE_BEZIER_KNOTS.);
#9006 = CARTESIAN_POINT('',(1.325,0.65,0.));
#9007 = CARTESIAN_POINT('',(1.325,0.65,0.762001524003));
#9008 = ORIENTED_EDGE('',*,*,#9009,.F.);
#9009 = EDGE_CURVE('',#8989,#9003,#9010,.T.);
#9010 = B_SPLINE_CURVE_WITH_KNOTS('',1,(#9011,#9012),.UNSPECIFIED.,.F.,
  .F.,(2,2),(0.,0.762001524003),.PIECEWISE_BEZIER_KNOTS.);
#9011 = CARTESIAN_POINT('',(1.325,-0.65,0.762001524003));
#9012 = CARTESIAN_POINT('',(1.325,0.65,0.762001524003));
#9013 = B_SPLINE_SURFACE_WITH_KNOTS('',1,1,(
    (#9014,#9015)
    ,(#9016,#9017
    )),.UNSPECIFIED.,.F.,.F.,.F.,(2,2),(2,2),(0.,0.762001524003),(
    -0.762001524003,0.),.PIECEWISE_BEZIER_KNOTS.);
#9014 = CARTESIAN_POINT('',(1.325,0.65,0.));
#9015 = CARTESIAN_POINT('',(1.325,-0.65,0.));
#9016 = CARTESIAN_POINT('',(1.325,0.65,0.762001524003));
#9017 = CARTESIAN_POINT('',(1.325,-0.65,0.762001524003));
#9018 = ADVANCED_FACE('',(#9019),#9033,.F.);
#9019 = FACE_BOUND('',#9020,.F.);
#9020 = EDGE_LOOP('',(#9021,#9026,#9027,#9032));
#9021 = ORIENTED_EDGE('',*,*,#9022,.F.);
#9022 = EDGE_CURVE('',#8951,#8987,#9023,.T.);
#9023 = B_SPLINE_CURVE_WITH_KNOTS('',1,(#9024,#9025),.UNSPECIFIED.,.F.,
  .F.,(2,2),(0.,0.762001524003),.PIECEWISE_BEZIER_KNOTS.);
#9024 = CARTESIAN_POINT('',(-1.325,-0.65,0.));
#9025 = CARTESIAN_POINT('',(1.325,-0.65,0.));
#9026 = ORIENTED_EDGE('',*,*,#8950,.T.);
#9027 = ORIENTED_EDGE('',*,*,#9028,.T.);
#9028 = EDGE_CURVE('',#8953,#8989,#9029,.T.);
#9029 = B_SPLINE_CURVE_WITH_KNOTS('',1,(#9030,#9031),.UNSPECIFIED.,.F.,
  .F.,(2,2),(0.,0.762001524003),.PIECEWISE_BEZIER_KNOTS.);
#9030 = CARTESIAN_POINT('',(-1.325,-0.65,0.762001524003));
#9031 = CARTESIAN_POINT('',(1.325,-0.65,0.762001524003));
#9032 = ORIENTED_EDGE('',*,*,#8986,.F.);
#9033 = B_SPLINE_SURFACE_WITH_KNOTS('',1,1,(
    (#9034,#9035)
    ,(#9036,#9037
    )),.UNSPECIFIED.,.F.,.F.,.F.,(2,2),(2,2),(0.,0.762001524003),(0.,
    0.762001524003),.PIECEWISE_BEZIER_KNOTS.);
#9034 = CARTESIAN_POINT('',(-1.325,-0.65,0.));
#9035 = CARTESIAN_POINT('',(1.325,-0.65,0.));
#9036 = CARTESIAN_POINT('',(-1.325,-0.65,0.762001524003));
#9037 = CARTESIAN_POINT('',(1.325,-0.65,0.762001524003));
#9038 = ADVANCED_FACE('',(#9039),#9053,.T.);
#9039 = FACE_BOUND('',#9040,.T.);
#9040 = EDGE_LOOP('',(#9041,#9046,#9047,#9052));
#9041 = ORIENTED_EDGE('',*,*,#9042,.F.);
#9042 = EDGE_CURVE('',#8960,#8996,#9043,.T.);
#9043 = B_SPLINE_CURVE_WITH_KNOTS('',1,(#9044,#9045),.UNSPECIFIED.,.F.,
  .F.,(2,2),(0.,0.762001524003),.PIECEWISE_BEZIER_KNOTS.);
#9044 = CARTESIAN_POINT('',(-1.325,0.65,0.));
#9045 = CARTESIAN_POINT('',(1.325,0.65,0.));
#9046 = ORIENTED_EDGE('',*,*,#8966,.T.);
#9047 = ORIENTED_EDGE('',*,*,#9048,.T.);
#9048 = EDGE_CURVE('',#8967,#9003,#9049,.T.);
#9049 = B_SPLINE_CURVE_WITH_KNOTS('',1,(#9050,#9051),.UNSPECIFIED.,.F.,
  .F.,(2,2),(0.,0.762001524003),.PIECEWISE_BEZIER_KNOTS.);
#9050 = CARTESIAN_POINT('',(-1.325,0.65,0.762001524003));
#9051 = CARTESIAN_POINT('',(1.325,0.65,0.762001524003));
#9052 = ORIENTED_EDGE('',*,*,#9002,.F.);
#9053 = B_SPLINE_SURFACE_WITH_KNOTS('',1,1,(
    (#9054,#9055)
    ,(#9056,#9057
    )),.UNSPECIFIED.,.F.,.F.,.F.,(2,2),(2,2),(0.,0.762001524003),(0.,
    0.762001524003),.PIECEWISE_BEZIER_KNOTS.);
#9054 = CARTESIAN_POINT('',(-1.325,0.65,0.));
#9055 = CARTESIAN_POINT('',(1.325,0.65,0.));
#9056 = CARTESIAN_POINT('',(-1.325,0.65,0.762001524003));
#9057 = CARTESIAN_POINT('',(1.325,0.65,0.762001524003));
#9058 = ADVANCED_FACE('',(#9059),#9065,.F.);
#9059 = FACE_BOUND('',#9060,.F.);
#9060 = EDGE_LOOP('',(#9061,#9062,#9063,#9064));
#9061 = ORIENTED_EDGE('',*,*,#8959,.F.);
#9062 = ORIENTED_EDGE('',*,*,#9022,.T.);
#9063 = ORIENTED_EDGE('',*,*,#8995,.T.);
#9064 = ORIENTED_EDGE('',*,*,#9042,.F.);
#9065 = B_SPLINE_SURFACE_WITH_KNOTS('',1,1,(
    (#9066,#9067)
    ,(#9068,#9069
    )),.UNSPECIFIED.,.F.,.F.,.F.,(2,2),(2,2),(0.,0.762001524003),(0.,
    0.762001524003),.PIECEWISE_BEZIER_KNOTS.);
#9066 = CARTESIAN_POINT('',(-1.325,-0.65,0.));
#9067 = CARTESIAN_POINT('',(-1.325,0.65,0.));
#9068 = CARTESIAN_POINT('',(1.325,-0.65,0.));
#9069 = CARTESIAN_POINT('',(1.325,0.65,0.));
#9070 = ADVANCED_FACE('',(#9071),#9077,.T.);
#9071 = FACE_BOUND('',#9072,.T.);
#9072 = EDGE_LOOP('',(#9073,#9074,#9075,#9076));
#9073 = ORIENTED_EDGE('',*,*,#8973,.F.);
#9074 = ORIENTED_EDGE('',*,*,#9028,.T.);
#9075 = ORIENTED_EDGE('',*,*,#9009,.T.);
#9076 = ORIENTED_EDGE('',*,*,#9048,.F.);
#9077 = B_SPLINE_SURFACE_WITH_KNOTS('',1,1,(
    (#9078,#9079)
    ,(#9080,#9081
    )),.UNSPECIFIED.,.F.,.F.,.F.,(2,2),(2,2),(0.,0.762001524003),(0.,
    0.762001524003),.PIECEWISE_BEZIER_KNOTS.);
#9078 = CARTESIAN_POINT('',(-1.325,-0.65,0.762001524003));
#9079 = CARTESIAN_POINT('',(-1.325,0.65,0.762001524003));
#9080 = CARTESIAN_POINT('',(1.325,-0.65,0.762001524003));
#9081 = CARTESIAN_POINT('',(1.325,0.65,0.762001524003));
#9082 = ( GEOMETRIC_REPRESENTATION_CONTEXT(3) 
GLOBAL_UNCERTAINTY_ASSIGNED_CONTEXT((#9086)) 
GLOBAL_UNIT_ASSIGNED_CONTEXT((#9083,#9084,#9085)) REPRESENTATION_CONTEXT
('Context #1','3D Context with UNIT and UNCERTAINTY') );
#9083 = ( LENGTH_UNIT() NAMED_UNIT(*) SI_UNIT(.MILLI.,.METRE.) );
#9084 = ( NAMED_UNIT(*) PLANE_ANGLE_UNIT() SI_UNIT($,.RADIAN.) );
#9085 = ( NAMED_UNIT(*) SI_UNIT($,.STERADIAN.) SOLID_ANGLE_UNIT() );
#9086 = UNCERTAINTY_MEASURE_WITH_UNIT(LENGTH_MEASURE(5.E-07),#9083,
  'distance_accuracy_value','confusion accuracy');
#9087 = CONTEXT_DEPENDENT_SHAPE_REPRESENTATION(#9088,#9090);
#9088 = ( REPRESENTATION_RELATIONSHIP('','',#8943,#8920) 
REPRESENTATION_RELATIONSHIP_WITH_TRANSFORMATION(#9089) 
SHAPE_REPRESENTATION_RELATIONSHIP() );
#9089 = ITEM_DEFINED_TRANSFORMATION('','',#11,#8921);
#9090 = PRODUCT_DEFINITION_SHAPE('Placement','Placement of an item',
  #9091);
#9091 = NEXT_ASSEMBLY_USAGE_OCCURRENCE('345','=>[0:1:1:37]','',#8915,
  #8938,$);
#9092 = PRODUCT_RELATED_PRODUCT_CATEGORY('part',$,(#8940));
#9093 = CONTEXT_DEPENDENT_SHAPE_REPRESENTATION(#9094,#9096);
#9094 = ( REPRESENTATION_RELATIONSHIP('','',#8943,#10) 
REPRESENTATION_RELATIONSHIP_WITH_TRANSFORMATION(#9095) 
SHAPE_REPRESENTATION_RELATIONSHIP() );
#9095 = ITEM_DEFINED_TRANSFORMATION('','',#11,#1335);
#9096 = PRODUCT_DEFINITION_SHAPE('Placement','Placement of an item',
  #9097);
#9097 = NEXT_ASSEMBLY_USAGE_OCCURRENCE('347','=>[0:1:1:37]','',#5,#8938,
  $);
#9098 = SHAPE_DEFINITION_REPRESENTATION(#9099,#9105);
#9099 = PRODUCT_DEFINITION_SHAPE('','',#9100);
#9100 = PRODUCT_DEFINITION('design','',#9101,#9104);
#9101 = PRODUCT_DEFINITION_FORMATION('','',#9102);
#9102 = PRODUCT(
'U33~SOT-23-5_L3.0-W1.7-P0.95-LS2.8-BR~SOT-23-5_
L2.9-W1.6-H1.1-LS2.8-P0.95~5ZeZ',
'U33~SOT-23-5_L3.0-W1.7-P0.95-LS2.8-BR~SOT-23-5_
L2.9-W1.6-H1.1-LS2.8-P0.95~5ZeZ','',(#9103));
#9103 = PRODUCT_CONTEXT('',#2,'mechanical');
#9104 = PRODUCT_DEFINITION_CONTEXT('part definition',#2,'design');
#9105 = SHAPE_REPRESENTATION('',(#11,#9106),#9110);
#9106 = AXIS2_PLACEMENT_3D('',#9107,#9108,#9109);
#9107 = CARTESIAN_POINT('',(0.,0.,0.));
#9108 = DIRECTION('',(0.,0.,1.));
#9109 = DIRECTION('',(1.,0.,-0.));
#9110 = ( GEOMETRIC_REPRESENTATION_CONTEXT(3) 
GLOBAL_UNCERTAINTY_ASSIGNED_CONTEXT((#9114)) 
GLOBAL_UNIT_ASSIGNED_CONTEXT((#9111,#9112,#9113)) REPRESENTATION_CONTEXT
('Context #1','3D Context with UNIT and UNCERTAINTY') );
#9111 = ( LENGTH_UNIT() NAMED_UNIT(*) SI_UNIT(.MILLI.,.METRE.) );
#9112 = ( NAMED_UNIT(*) PLANE_ANGLE_UNIT() SI_UNIT($,.RADIAN.) );
#9113 = ( NAMED_UNIT(*) SI_UNIT($,.STERADIAN.) SOLID_ANGLE_UNIT() );
#9114 = UNCERTAINTY_MEASURE_WITH_UNIT(LENGTH_MEASURE(5.E-07),#9111,
  'distance_accuracy_value','confusion accuracy');
#9115 = CONTEXT_DEPENDENT_SHAPE_REPRESENTATION(#9116,#9118);
#9116 = ( REPRESENTATION_RELATIONSHIP('','',#9105,#10) 
REPRESENTATION_RELATIONSHIP_WITH_TRANSFORMATION(#9117) 
SHAPE_REPRESENTATION_RELATIONSHIP() );
#9117 = ITEM_DEFINED_TRANSFORMATION('','',#11,#1339);
#9118 = PRODUCT_DEFINITION_SHAPE('Placement','Placement of an item',
  #9119);
#9119 = NEXT_ASSEMBLY_USAGE_OCCURRENCE('349','=>[0:1:1:40]','',#5,#9100,
  $);
#9120 = PRODUCT_RELATED_PRODUCT_CATEGORY('part',$,(#9102));
#9121 = SHAPE_DEFINITION_REPRESENTATION(#9122,#9128);
#9122 = PRODUCT_DEFINITION_SHAPE('','',#9123);
#9123 = PRODUCT_DEFINITION('design','',#9124,#9127);
#9124 = PRODUCT_DEFINITION_FORMATION('','',#9125);
#9125 = PRODUCT(
'SOT-23-5_L3.0-W1.7-P0.95-LS2.8-BR~SOT-23-5_
L2.9-W1.6-H1.1-LS2.8-P0.95~5ZeZ',
'SOT-23-5_L3.0-W1.7-P0.95-LS2.8-BR~SOT-23-5_
L2.9-W1.6-H1.1-LS2.8-P0.95~5ZeZ','',(#9126));
#9126 = PRODUCT_CONTEXT('',#2,'mechanical');
#9127 = PRODUCT_DEFINITION_CONTEXT('part definition',#2,'design');
#9128 = ADVANCED_BREP_SHAPE_REPRESENTATION('',(#11,#9129),#9267);
#9129 = MANIFOLD_SOLID_BREP('',#9130);
#9130 = CLOSED_SHELL('',(#9131,#9167,#9203,#9223,#9243,#9255));
#9131 = ADVANCED_FACE('',(#9132),#9162,.F.);
#9132 = FACE_BOUND('',#9133,.F.);
#9133 = EDGE_LOOP('',(#9134,#9143,#9150,#9157));
#9134 = ORIENTED_EDGE('',*,*,#9135,.F.);
#9135 = EDGE_CURVE('',#9136,#9138,#9140,.T.);
#9136 = VERTEX_POINT('',#9137);
#9137 = CARTESIAN_POINT('',(1.45,1.39237998476,0.));
#9138 = VERTEX_POINT('',#9139);
#9139 = CARTESIAN_POINT('',(1.45,1.39237998476,0.762001524003));
#9140 = B_SPLINE_CURVE_WITH_KNOTS('',1,(#9141,#9142),.UNSPECIFIED.,.F.,
  .F.,(2,2),(0.,0.762001524003),.PIECEWISE_BEZIER_KNOTS.);
#9141 = CARTESIAN_POINT('',(1.45,1.39237998476,0.));
#9142 = CARTESIAN_POINT('',(1.45,1.39237998476,0.762001524003));
#9143 = ORIENTED_EDGE('',*,*,#9144,.T.);
#9144 = EDGE_CURVE('',#9136,#9145,#9147,.T.);
#9145 = VERTEX_POINT('',#9146);
#9146 = CARTESIAN_POINT('',(1.45,-1.39237998476,0.));
#9147 = B_SPLINE_CURVE_WITH_KNOTS('',1,(#9148,#9149),.UNSPECIFIED.,.F.,
  .F.,(2,2),(0.,0.762001524003),.PIECEWISE_BEZIER_KNOTS.);
#9148 = CARTESIAN_POINT('',(1.45,1.39237998476,0.));
#9149 = CARTESIAN_POINT('',(1.45,-1.39237998476,0.));
#9150 = ORIENTED_EDGE('',*,*,#9151,.T.);
#9151 = EDGE_CURVE('',#9145,#9152,#9154,.T.);
#9152 = VERTEX_POINT('',#9153);
#9153 = CARTESIAN_POINT('',(1.45,-1.39237998476,0.762001524003));
#9154 = B_SPLINE_CURVE_WITH_KNOTS('',1,(#9155,#9156),.UNSPECIFIED.,.F.,
  .F.,(2,2),(0.,0.762001524003),.PIECEWISE_BEZIER_KNOTS.);
#9155 = CARTESIAN_POINT('',(1.45,-1.39237998476,0.));
#9156 = CARTESIAN_POINT('',(1.45,-1.39237998476,0.762001524003));
#9157 = ORIENTED_EDGE('',*,*,#9158,.F.);
#9158 = EDGE_CURVE('',#9138,#9152,#9159,.T.);
#9159 = B_SPLINE_CURVE_WITH_KNOTS('',1,(#9160,#9161),.UNSPECIFIED.,.F.,
  .F.,(2,2),(0.,0.762001524003),.PIECEWISE_BEZIER_KNOTS.);
#9160 = CARTESIAN_POINT('',(1.45,1.39237998476,0.762001524003));
#9161 = CARTESIAN_POINT('',(1.45,-1.39237998476,0.762001524003));
#9162 = B_SPLINE_SURFACE_WITH_KNOTS('',1,1,(
    (#9163,#9164)
    ,(#9165,#9166
    )),.UNSPECIFIED.,.F.,.F.,.F.,(2,2),(2,2),(0.,0.762001524003),(
    -0.762001524003,0.),.PIECEWISE_BEZIER_KNOTS.);
#9163 = CARTESIAN_POINT('',(1.45,-1.39237998476,0.));
#9164 = CARTESIAN_POINT('',(1.45,1.39237998476,0.));
#9165 = CARTESIAN_POINT('',(1.45,-1.39237998476,0.762001524003));
#9166 = CARTESIAN_POINT('',(1.45,1.39237998476,0.762001524003));
#9167 = ADVANCED_FACE('',(#9168),#9198,.T.);
#9168 = FACE_BOUND('',#9169,.T.);
#9169 = EDGE_LOOP('',(#9170,#9179,#9186,#9193));
#9170 = ORIENTED_EDGE('',*,*,#9171,.F.);
#9171 = EDGE_CURVE('',#9172,#9174,#9176,.T.);
#9172 = VERTEX_POINT('',#9173);
#9173 = CARTESIAN_POINT('',(-1.45,1.39237998476,0.));
#9174 = VERTEX_POINT('',#9175);
#9175 = CARTESIAN_POINT('',(-1.45,1.39237998476,0.762001524003));
#9176 = B_SPLINE_CURVE_WITH_KNOTS('',1,(#9177,#9178),.UNSPECIFIED.,.F.,
  .F.,(2,2),(0.,0.762001524003),.PIECEWISE_BEZIER_KNOTS.);
#9177 = CARTESIAN_POINT('',(-1.45,1.39237998476,0.));
#9178 = CARTESIAN_POINT('',(-1.45,1.39237998476,0.762001524003));
#9179 = ORIENTED_EDGE('',*,*,#9180,.T.);
#9180 = EDGE_CURVE('',#9172,#9181,#9183,.T.);
#9181 = VERTEX_POINT('',#9182);
#9182 = CARTESIAN_POINT('',(-1.45,-1.39237998476,0.));
#9183 = B_SPLINE_CURVE_WITH_KNOTS('',1,(#9184,#9185),.UNSPECIFIED.,.F.,
  .F.,(2,2),(0.,0.762001524003),.PIECEWISE_BEZIER_KNOTS.);
#9184 = CARTESIAN_POINT('',(-1.45,1.39237998476,0.));
#9185 = CARTESIAN_POINT('',(-1.45,-1.39237998476,0.));
#9186 = ORIENTED_EDGE('',*,*,#9187,.T.);
#9187 = EDGE_CURVE('',#9181,#9188,#9190,.T.);
#9188 = VERTEX_POINT('',#9189);
#9189 = CARTESIAN_POINT('',(-1.45,-1.39237998476,0.762001524003));
#9190 = B_SPLINE_CURVE_WITH_KNOTS('',1,(#9191,#9192),.UNSPECIFIED.,.F.,
  .F.,(2,2),(0.,0.762001524003),.PIECEWISE_BEZIER_KNOTS.);
#9191 = CARTESIAN_POINT('',(-1.45,-1.39237998476,0.));
#9192 = CARTESIAN_POINT('',(-1.45,-1.39237998476,0.762001524003));
#9193 = ORIENTED_EDGE('',*,*,#9194,.F.);
#9194 = EDGE_CURVE('',#9174,#9188,#9195,.T.);
#9195 = B_SPLINE_CURVE_WITH_KNOTS('',1,(#9196,#9197),.UNSPECIFIED.,.F.,
  .F.,(2,2),(0.,0.762001524003),.PIECEWISE_BEZIER_KNOTS.);
#9196 = CARTESIAN_POINT('',(-1.45,1.39237998476,0.762001524003));
#9197 = CARTESIAN_POINT('',(-1.45,-1.39237998476,0.762001524003));
#9198 = B_SPLINE_SURFACE_WITH_KNOTS('',1,1,(
    (#9199,#9200)
    ,(#9201,#9202
    )),.UNSPECIFIED.,.F.,.F.,.F.,(2,2),(2,2),(0.,0.762001524003),(
    -0.762001524003,0.),.PIECEWISE_BEZIER_KNOTS.);
#9199 = CARTESIAN_POINT('',(-1.45,-1.39237998476,0.));
#9200 = CARTESIAN_POINT('',(-1.45,1.39237998476,0.));
#9201 = CARTESIAN_POINT('',(-1.45,-1.39237998476,0.762001524003));
#9202 = CARTESIAN_POINT('',(-1.45,1.39237998476,0.762001524003));
#9203 = ADVANCED_FACE('',(#9204),#9218,.F.);
#9204 = FACE_BOUND('',#9205,.F.);
#9205 = EDGE_LOOP('',(#9206,#9211,#9212,#9217));
#9206 = ORIENTED_EDGE('',*,*,#9207,.F.);
#9207 = EDGE_CURVE('',#9136,#9172,#9208,.T.);
#9208 = B_SPLINE_CURVE_WITH_KNOTS('',1,(#9209,#9210),.UNSPECIFIED.,.F.,
  .F.,(2,2),(0.,0.762001524003),.PIECEWISE_BEZIER_KNOTS.);
#9209 = CARTESIAN_POINT('',(1.45,1.39237998476,0.));
#9210 = CARTESIAN_POINT('',(-1.45,1.39237998476,0.));
#9211 = ORIENTED_EDGE('',*,*,#9135,.T.);
#9212 = ORIENTED_EDGE('',*,*,#9213,.T.);
#9213 = EDGE_CURVE('',#9138,#9174,#9214,.T.);
#9214 = B_SPLINE_CURVE_WITH_KNOTS('',1,(#9215,#9216),.UNSPECIFIED.,.F.,
  .F.,(2,2),(0.,0.762001524003),.PIECEWISE_BEZIER_KNOTS.);
#9215 = CARTESIAN_POINT('',(1.45,1.39237998476,0.762001524003));
#9216 = CARTESIAN_POINT('',(-1.45,1.39237998476,0.762001524003));
#9217 = ORIENTED_EDGE('',*,*,#9171,.F.);
#9218 = B_SPLINE_SURFACE_WITH_KNOTS('',1,1,(
    (#9219,#9220)
    ,(#9221,#9222
    )),.UNSPECIFIED.,.F.,.F.,.F.,(2,2),(2,2),(0.,0.762001524003),(0.,
    0.762001524003),.PIECEWISE_BEZIER_KNOTS.);
#9219 = CARTESIAN_POINT('',(1.45,1.39237998476,0.));
#9220 = CARTESIAN_POINT('',(-1.45,1.39237998476,0.));
#9221 = CARTESIAN_POINT('',(1.45,1.39237998476,0.762001524003));
#9222 = CARTESIAN_POINT('',(-1.45,1.39237998476,0.762001524003));
#9223 = ADVANCED_FACE('',(#9224),#9238,.T.);
#9224 = FACE_BOUND('',#9225,.T.);
#9225 = EDGE_LOOP('',(#9226,#9231,#9232,#9237));
#9226 = ORIENTED_EDGE('',*,*,#9227,.F.);
#9227 = EDGE_CURVE('',#9145,#9181,#9228,.T.);
#9228 = B_SPLINE_CURVE_WITH_KNOTS('',1,(#9229,#9230),.UNSPECIFIED.,.F.,
  .F.,(2,2),(0.,0.762001524003),.PIECEWISE_BEZIER_KNOTS.);
#9229 = CARTESIAN_POINT('',(1.45,-1.39237998476,0.));
#9230 = CARTESIAN_POINT('',(-1.45,-1.39237998476,0.));
#9231 = ORIENTED_EDGE('',*,*,#9151,.T.);
#9232 = ORIENTED_EDGE('',*,*,#9233,.T.);
#9233 = EDGE_CURVE('',#9152,#9188,#9234,.T.);
#9234 = B_SPLINE_CURVE_WITH_KNOTS('',1,(#9235,#9236),.UNSPECIFIED.,.F.,
  .F.,(2,2),(0.,0.762001524003),.PIECEWISE_BEZIER_KNOTS.);
#9235 = CARTESIAN_POINT('',(1.45,-1.39237998476,0.762001524003));
#9236 = CARTESIAN_POINT('',(-1.45,-1.39237998476,0.762001524003));
#9237 = ORIENTED_EDGE('',*,*,#9187,.F.);
#9238 = B_SPLINE_SURFACE_WITH_KNOTS('',1,1,(
    (#9239,#9240)
    ,(#9241,#9242
    )),.UNSPECIFIED.,.F.,.F.,.F.,(2,2),(2,2),(0.,0.762001524003),(0.,
    0.762001524003),.PIECEWISE_BEZIER_KNOTS.);
#9239 = CARTESIAN_POINT('',(1.45,-1.39237998476,0.));
#9240 = CARTESIAN_POINT('',(-1.45,-1.39237998476,0.));
#9241 = CARTESIAN_POINT('',(1.45,-1.39237998476,0.762001524003));
#9242 = CARTESIAN_POINT('',(-1.45,-1.39237998476,0.762001524003));
#9243 = ADVANCED_FACE('',(#9244),#9250,.F.);
#9244 = FACE_BOUND('',#9245,.F.);
#9245 = EDGE_LOOP('',(#9246,#9247,#9248,#9249));
#9246 = ORIENTED_EDGE('',*,*,#9144,.F.);
#9247 = ORIENTED_EDGE('',*,*,#9207,.T.);
#9248 = ORIENTED_EDGE('',*,*,#9180,.T.);
#9249 = ORIENTED_EDGE('',*,*,#9227,.F.);
#9250 = B_SPLINE_SURFACE_WITH_KNOTS('',1,1,(
    (#9251,#9252)
    ,(#9253,#9254
    )),.UNSPECIFIED.,.F.,.F.,.F.,(2,2),(2,2),(0.,0.762001524003),(0.,
    0.762001524003),.PIECEWISE_BEZIER_KNOTS.);
#9251 = CARTESIAN_POINT('',(1.45,1.39237998476,0.));
#9252 = CARTESIAN_POINT('',(1.45,-1.39237998476,0.));
#9253 = CARTESIAN_POINT('',(-1.45,1.39237998476,0.));
#9254 = CARTESIAN_POINT('',(-1.45,-1.39237998476,0.));
#9255 = ADVANCED_FACE('',(#9256),#9262,.T.);
#9256 = FACE_BOUND('',#9257,.T.);
#9257 = EDGE_LOOP('',(#9258,#9259,#9260,#9261));
#9258 = ORIENTED_EDGE('',*,*,#9158,.F.);
#9259 = ORIENTED_EDGE('',*,*,#9213,.T.);
#9260 = ORIENTED_EDGE('',*,*,#9194,.T.);
#9261 = ORIENTED_EDGE('',*,*,#9233,.F.);
#9262 = B_SPLINE_SURFACE_WITH_KNOTS('',1,1,(
    (#9263,#9264)
    ,(#9265,#9266
    )),.UNSPECIFIED.,.F.,.F.,.F.,(2,2),(2,2),(0.,0.762001524003),(0.,
    0.762001524003),.PIECEWISE_BEZIER_KNOTS.);
#9263 = CARTESIAN_POINT('',(1.45,1.39237998476,0.762001524003));
#9264 = CARTESIAN_POINT('',(1.45,-1.39237998476,0.762001524003));
#9265 = CARTESIAN_POINT('',(-1.45,1.39237998476,0.762001524003));
#9266 = CARTESIAN_POINT('',(-1.45,-1.39237998476,0.762001524003));
#9267 = ( GEOMETRIC_REPRESENTATION_CONTEXT(3) 
GLOBAL_UNCERTAINTY_ASSIGNED_CONTEXT((#9271)) 
GLOBAL_UNIT_ASSIGNED_CONTEXT((#9268,#9269,#9270)) REPRESENTATION_CONTEXT
('Context #1','3D Context with UNIT and UNCERTAINTY') );
#9268 = ( LENGTH_UNIT() NAMED_UNIT(*) SI_UNIT(.MILLI.,.METRE.) );
#9269 = ( NAMED_UNIT(*) PLANE_ANGLE_UNIT() SI_UNIT($,.RADIAN.) );
#9270 = ( NAMED_UNIT(*) SI_UNIT($,.STERADIAN.) SOLID_ANGLE_UNIT() );
#9271 = UNCERTAINTY_MEASURE_WITH_UNIT(LENGTH_MEASURE(5.E-07),#9268,
  'distance_accuracy_value','confusion accuracy');
#9272 = CONTEXT_DEPENDENT_SHAPE_REPRESENTATION(#9273,#9275);
#9273 = ( REPRESENTATION_RELATIONSHIP('','',#9128,#9105) 
REPRESENTATION_RELATIONSHIP_WITH_TRANSFORMATION(#9274) 
SHAPE_REPRESENTATION_RELATIONSHIP() );
#9274 = ITEM_DEFINED_TRANSFORMATION('','',#11,#9106);
#9275 = PRODUCT_DEFINITION_SHAPE('Placement','Placement of an item',
  #9276);
#9276 = NEXT_ASSEMBLY_USAGE_OCCURRENCE('348','=>[0:1:1:39]','',#9100,
  #9123,$);
#9277 = PRODUCT_RELATED_PRODUCT_CATEGORY('part',$,(#9125));
#9278 = SHAPE_DEFINITION_REPRESENTATION(#9279,#9285);
#9279 = PRODUCT_DEFINITION_SHAPE('','',#9280);
#9280 = PRODUCT_DEFINITION('design','',#9281,#9284);
#9281 = PRODUCT_DEFINITION_FORMATION('','',#9282);
#9282 = PRODUCT(
  'X4~CRYSTAL-SMD_4P-L3.2-W2.5-BL~CRYSTAL-SMD_4P-L3.2-W2.5-BL~5ZeZ',
  'X4~CRYSTAL-SMD_4P-L3.2-W2.5-BL~CRYSTAL-SMD_4P-L3.2-W2.5-BL~5ZeZ','',(
    #9283));
#9283 = PRODUCT_CONTEXT('',#2,'mechanical');
#9284 = PRODUCT_DEFINITION_CONTEXT('part definition',#2,'design');
#9285 = SHAPE_REPRESENTATION('',(#11,#9286),#9290);
#9286 = AXIS2_PLACEMENT_3D('',#9287,#9288,#9289);
#9287 = CARTESIAN_POINT('',(0.,0.,0.));
#9288 = DIRECTION('',(0.,0.,1.));
#9289 = DIRECTION('',(1.,0.,-0.));
#9290 = ( GEOMETRIC_REPRESENTATION_CONTEXT(3) 
GLOBAL_UNCERTAINTY_ASSIGNED_CONTEXT((#9294)) 
GLOBAL_UNIT_ASSIGNED_CONTEXT((#9291,#9292,#9293)) REPRESENTATION_CONTEXT
('Context #1','3D Context with UNIT and UNCERTAINTY') );
#9291 = ( LENGTH_UNIT() NAMED_UNIT(*) SI_UNIT(.MILLI.,.METRE.) );
#9292 = ( NAMED_UNIT(*) PLANE_ANGLE_UNIT() SI_UNIT($,.RADIAN.) );
#9293 = ( NAMED_UNIT(*) SI_UNIT($,.STERADIAN.) SOLID_ANGLE_UNIT() );
#9294 = UNCERTAINTY_MEASURE_WITH_UNIT(LENGTH_MEASURE(5.E-07),#9291,
  'distance_accuracy_value','confusion accuracy');
#9295 = CONTEXT_DEPENDENT_SHAPE_REPRESENTATION(#9296,#9298);
#9296 = ( REPRESENTATION_RELATIONSHIP('','',#9285,#10) 
REPRESENTATION_RELATIONSHIP_WITH_TRANSFORMATION(#9297) 
SHAPE_REPRESENTATION_RELATIONSHIP() );
#9297 = ITEM_DEFINED_TRANSFORMATION('','',#11,#1343);
#9298 = PRODUCT_DEFINITION_SHAPE('Placement','Placement of an item',
  #9299);
#9299 = NEXT_ASSEMBLY_USAGE_OCCURRENCE('351','=>[0:1:1:42]','',#5,#9280,
  $);
#9300 = PRODUCT_RELATED_PRODUCT_CATEGORY('part',$,(#9282));
#9301 = SHAPE_DEFINITION_REPRESENTATION(#9302,#9308);
#9302 = PRODUCT_DEFINITION_SHAPE('','',#9303);
#9303 = PRODUCT_DEFINITION('design','',#9304,#9307);
#9304 = PRODUCT_DEFINITION_FORMATION('','',#9305);
#9305 = PRODUCT(
  'CRYSTAL-SMD_4P-L3.2-W2.5-BL~CRYSTAL-SMD_4P-L3.2-W2.5-BL~5ZeZ',
  'CRYSTAL-SMD_4P-L3.2-W2.5-BL~CRYSTAL-SMD_4P-L3.2-W2.5-BL~5ZeZ','',(
    #9306));
#9306 = PRODUCT_CONTEXT('',#2,'mechanical');
#9307 = PRODUCT_DEFINITION_CONTEXT('part definition',#2,'design');
#9308 = ADVANCED_BREP_SHAPE_REPRESENTATION('',(#11,#9309),#9447);
#9309 = MANIFOLD_SOLID_BREP('',#9310);
#9310 = CLOSED_SHELL('',(#9311,#9347,#9383,#9403,#9423,#9435));
#9311 = ADVANCED_FACE('',(#9312),#9342,.F.);
#9312 = FACE_BOUND('',#9313,.F.);
#9313 = EDGE_LOOP('',(#9314,#9323,#9330,#9337));
#9314 = ORIENTED_EDGE('',*,*,#9315,.F.);
#9315 = EDGE_CURVE('',#9316,#9318,#9320,.T.);
#9316 = VERTEX_POINT('',#9317);
#9317 = CARTESIAN_POINT('',(-1.6,-1.25,0.));
#9318 = VERTEX_POINT('',#9319);
#9319 = CARTESIAN_POINT('',(-1.6,-1.25,0.762001524003));
#9320 = B_SPLINE_CURVE_WITH_KNOTS('',1,(#9321,#9322),.UNSPECIFIED.,.F.,
  .F.,(2,2),(0.,0.762001524003),.PIECEWISE_BEZIER_KNOTS.);
#9321 = CARTESIAN_POINT('',(-1.6,-1.25,0.));
#9322 = CARTESIAN_POINT('',(-1.6,-1.25,0.762001524003));
#9323 = ORIENTED_EDGE('',*,*,#9324,.T.);
#9324 = EDGE_CURVE('',#9316,#9325,#9327,.T.);
#9325 = VERTEX_POINT('',#9326);
#9326 = CARTESIAN_POINT('',(-1.6,1.25,0.));
#9327 = B_SPLINE_CURVE_WITH_KNOTS('',1,(#9328,#9329),.UNSPECIFIED.,.F.,
  .F.,(2,2),(0.,0.762001524003),.PIECEWISE_BEZIER_KNOTS.);
#9328 = CARTESIAN_POINT('',(-1.6,-1.25,0.));
#9329 = CARTESIAN_POINT('',(-1.6,1.25,0.));
#9330 = ORIENTED_EDGE('',*,*,#9331,.T.);
#9331 = EDGE_CURVE('',#9325,#9332,#9334,.T.);
#9332 = VERTEX_POINT('',#9333);
#9333 = CARTESIAN_POINT('',(-1.6,1.25,0.762001524003));
#9334 = B_SPLINE_CURVE_WITH_KNOTS('',1,(#9335,#9336),.UNSPECIFIED.,.F.,
  .F.,(2,2),(0.,0.762001524003),.PIECEWISE_BEZIER_KNOTS.);
#9335 = CARTESIAN_POINT('',(-1.6,1.25,0.));
#9336 = CARTESIAN_POINT('',(-1.6,1.25,0.762001524003));
#9337 = ORIENTED_EDGE('',*,*,#9338,.F.);
#9338 = EDGE_CURVE('',#9318,#9332,#9339,.T.);
#9339 = B_SPLINE_CURVE_WITH_KNOTS('',1,(#9340,#9341),.UNSPECIFIED.,.F.,
  .F.,(2,2),(0.,0.762001524003),.PIECEWISE_BEZIER_KNOTS.);
#9340 = CARTESIAN_POINT('',(-1.6,-1.25,0.762001524003));
#9341 = CARTESIAN_POINT('',(-1.6,1.25,0.762001524003));
#9342 = B_SPLINE_SURFACE_WITH_KNOTS('',1,1,(
    (#9343,#9344)
    ,(#9345,#9346
    )),.UNSPECIFIED.,.F.,.F.,.F.,(2,2),(2,2),(0.,0.762001524003),(
    -0.762001524003,0.),.PIECEWISE_BEZIER_KNOTS.);
#9343 = CARTESIAN_POINT('',(-1.6,1.25,0.));
#9344 = CARTESIAN_POINT('',(-1.6,-1.25,0.));
#9345 = CARTESIAN_POINT('',(-1.6,1.25,0.762001524003));
#9346 = CARTESIAN_POINT('',(-1.6,-1.25,0.762001524003));
#9347 = ADVANCED_FACE('',(#9348),#9378,.T.);
#9348 = FACE_BOUND('',#9349,.T.);
#9349 = EDGE_LOOP('',(#9350,#9359,#9366,#9373));
#9350 = ORIENTED_EDGE('',*,*,#9351,.F.);
#9351 = EDGE_CURVE('',#9352,#9354,#9356,.T.);
#9352 = VERTEX_POINT('',#9353);
#9353 = CARTESIAN_POINT('',(1.6,-1.25,0.));
#9354 = VERTEX_POINT('',#9355);
#9355 = CARTESIAN_POINT('',(1.6,-1.25,0.762001524003));
#9356 = B_SPLINE_CURVE_WITH_KNOTS('',1,(#9357,#9358),.UNSPECIFIED.,.F.,
  .F.,(2,2),(0.,0.762001524003),.PIECEWISE_BEZIER_KNOTS.);
#9357 = CARTESIAN_POINT('',(1.6,-1.25,0.));
#9358 = CARTESIAN_POINT('',(1.6,-1.25,0.762001524003));
#9359 = ORIENTED_EDGE('',*,*,#9360,.T.);
#9360 = EDGE_CURVE('',#9352,#9361,#9363,.T.);
#9361 = VERTEX_POINT('',#9362);
#9362 = CARTESIAN_POINT('',(1.6,1.25,0.));
#9363 = B_SPLINE_CURVE_WITH_KNOTS('',1,(#9364,#9365),.UNSPECIFIED.,.F.,
  .F.,(2,2),(0.,0.762001524003),.PIECEWISE_BEZIER_KNOTS.);
#9364 = CARTESIAN_POINT('',(1.6,-1.25,0.));
#9365 = CARTESIAN_POINT('',(1.6,1.25,0.));
#9366 = ORIENTED_EDGE('',*,*,#9367,.T.);
#9367 = EDGE_CURVE('',#9361,#9368,#9370,.T.);
#9368 = VERTEX_POINT('',#9369);
#9369 = CARTESIAN_POINT('',(1.6,1.25,0.762001524003));
#9370 = B_SPLINE_CURVE_WITH_KNOTS('',1,(#9371,#9372),.UNSPECIFIED.,.F.,
  .F.,(2,2),(0.,0.762001524003),.PIECEWISE_BEZIER_KNOTS.);
#9371 = CARTESIAN_POINT('',(1.6,1.25,0.));
#9372 = CARTESIAN_POINT('',(1.6,1.25,0.762001524003));
#9373 = ORIENTED_EDGE('',*,*,#9374,.F.);
#9374 = EDGE_CURVE('',#9354,#9368,#9375,.T.);
#9375 = B_SPLINE_CURVE_WITH_KNOTS('',1,(#9376,#9377),.UNSPECIFIED.,.F.,
  .F.,(2,2),(0.,0.762001524003),.PIECEWISE_BEZIER_KNOTS.);
#9376 = CARTESIAN_POINT('',(1.6,-1.25,0.762001524003));
#9377 = CARTESIAN_POINT('',(1.6,1.25,0.762001524003));
#9378 = B_SPLINE_SURFACE_WITH_KNOTS('',1,1,(
    (#9379,#9380)
    ,(#9381,#9382
    )),.UNSPECIFIED.,.F.,.F.,.F.,(2,2),(2,2),(0.,0.762001524003),(
    -0.762001524003,0.),.PIECEWISE_BEZIER_KNOTS.);
#9379 = CARTESIAN_POINT('',(1.6,1.25,0.));
#9380 = CARTESIAN_POINT('',(1.6,-1.25,0.));
#9381 = CARTESIAN_POINT('',(1.6,1.25,0.762001524003));
#9382 = CARTESIAN_POINT('',(1.6,-1.25,0.762001524003));
#9383 = ADVANCED_FACE('',(#9384),#9398,.F.);
#9384 = FACE_BOUND('',#9385,.F.);
#9385 = EDGE_LOOP('',(#9386,#9391,#9392,#9397));
#9386 = ORIENTED_EDGE('',*,*,#9387,.F.);
#9387 = EDGE_CURVE('',#9316,#9352,#9388,.T.);
#9388 = B_SPLINE_CURVE_WITH_KNOTS('',1,(#9389,#9390),.UNSPECIFIED.,.F.,
  .F.,(2,2),(0.,0.762001524003),.PIECEWISE_BEZIER_KNOTS.);
#9389 = CARTESIAN_POINT('',(-1.6,-1.25,0.));
#9390 = CARTESIAN_POINT('',(1.6,-1.25,0.));
#9391 = ORIENTED_EDGE('',*,*,#9315,.T.);
#9392 = ORIENTED_EDGE('',*,*,#9393,.T.);
#9393 = EDGE_CURVE('',#9318,#9354,#9394,.T.);
#9394 = B_SPLINE_CURVE_WITH_KNOTS('',1,(#9395,#9396),.UNSPECIFIED.,.F.,
  .F.,(2,2),(0.,0.762001524003),.PIECEWISE_BEZIER_KNOTS.);
#9395 = CARTESIAN_POINT('',(-1.6,-1.25,0.762001524003));
#9396 = CARTESIAN_POINT('',(1.6,-1.25,0.762001524003));
#9397 = ORIENTED_EDGE('',*,*,#9351,.F.);
#9398 = B_SPLINE_SURFACE_WITH_KNOTS('',1,1,(
    (#9399,#9400)
    ,(#9401,#9402
    )),.UNSPECIFIED.,.F.,.F.,.F.,(2,2),(2,2),(0.,0.762001524003),(0.,
    0.762001524003),.PIECEWISE_BEZIER_KNOTS.);
#9399 = CARTESIAN_POINT('',(-1.6,-1.25,0.));
#9400 = CARTESIAN_POINT('',(1.6,-1.25,0.));
#9401 = CARTESIAN_POINT('',(-1.6,-1.25,0.762001524003));
#9402 = CARTESIAN_POINT('',(1.6,-1.25,0.762001524003));
#9403 = ADVANCED_FACE('',(#9404),#9418,.T.);
#9404 = FACE_BOUND('',#9405,.T.);
#9405 = EDGE_LOOP('',(#9406,#9411,#9412,#9417));
#9406 = ORIENTED_EDGE('',*,*,#9407,.F.);
#9407 = EDGE_CURVE('',#9325,#9361,#9408,.T.);
#9408 = B_SPLINE_CURVE_WITH_KNOTS('',1,(#9409,#9410),.UNSPECIFIED.,.F.,
  .F.,(2,2),(0.,0.762001524003),.PIECEWISE_BEZIER_KNOTS.);
#9409 = CARTESIAN_POINT('',(-1.6,1.25,0.));
#9410 = CARTESIAN_POINT('',(1.6,1.25,0.));
#9411 = ORIENTED_EDGE('',*,*,#9331,.T.);
#9412 = ORIENTED_EDGE('',*,*,#9413,.T.);
#9413 = EDGE_CURVE('',#9332,#9368,#9414,.T.);
#9414 = B_SPLINE_CURVE_WITH_KNOTS('',1,(#9415,#9416),.UNSPECIFIED.,.F.,
  .F.,(2,2),(0.,0.762001524003),.PIECEWISE_BEZIER_KNOTS.);
#9415 = CARTESIAN_POINT('',(-1.6,1.25,0.762001524003));
#9416 = CARTESIAN_POINT('',(1.6,1.25,0.762001524003));
#9417 = ORIENTED_EDGE('',*,*,#9367,.F.);
#9418 = B_SPLINE_SURFACE_WITH_KNOTS('',1,1,(
    (#9419,#9420)
    ,(#9421,#9422
    )),.UNSPECIFIED.,.F.,.F.,.F.,(2,2),(2,2),(0.,0.762001524003),(0.,
    0.762001524003),.PIECEWISE_BEZIER_KNOTS.);
#9419 = CARTESIAN_POINT('',(-1.6,1.25,0.));
#9420 = CARTESIAN_POINT('',(1.6,1.25,0.));
#9421 = CARTESIAN_POINT('',(-1.6,1.25,0.762001524003));
#9422 = CARTESIAN_POINT('',(1.6,1.25,0.762001524003));
#9423 = ADVANCED_FACE('',(#9424),#9430,.F.);
#9424 = FACE_BOUND('',#9425,.F.);
#9425 = EDGE_LOOP('',(#9426,#9427,#9428,#9429));
#9426 = ORIENTED_EDGE('',*,*,#9324,.F.);
#9427 = ORIENTED_EDGE('',*,*,#9387,.T.);
#9428 = ORIENTED_EDGE('',*,*,#9360,.T.);
#9429 = ORIENTED_EDGE('',*,*,#9407,.F.);
#9430 = B_SPLINE_SURFACE_WITH_KNOTS('',1,1,(
    (#9431,#9432)
    ,(#9433,#9434
    )),.UNSPECIFIED.,.F.,.F.,.F.,(2,2),(2,2),(0.,0.762001524003),(0.,
    0.762001524003),.PIECEWISE_BEZIER_KNOTS.);
#9431 = CARTESIAN_POINT('',(-1.6,-1.25,0.));
#9432 = CARTESIAN_POINT('',(-1.6,1.25,0.));
#9433 = CARTESIAN_POINT('',(1.6,-1.25,0.));
#9434 = CARTESIAN_POINT('',(1.6,1.25,0.));
#9435 = ADVANCED_FACE('',(#9436),#9442,.T.);
#9436 = FACE_BOUND('',#9437,.T.);
#9437 = EDGE_LOOP('',(#9438,#9439,#9440,#9441));
#9438 = ORIENTED_EDGE('',*,*,#9338,.F.);
#9439 = ORIENTED_EDGE('',*,*,#9393,.T.);
#9440 = ORIENTED_EDGE('',*,*,#9374,.T.);
#9441 = ORIENTED_EDGE('',*,*,#9413,.F.);
#9442 = B_SPLINE_SURFACE_WITH_KNOTS('',1,1,(
    (#9443,#9444)
    ,(#9445,#9446
    )),.UNSPECIFIED.,.F.,.F.,.F.,(2,2),(2,2),(0.,0.762001524003),(0.,
    0.762001524003),.PIECEWISE_BEZIER_KNOTS.);
#9443 = CARTESIAN_POINT('',(-1.6,-1.25,0.762001524003));
#9444 = CARTESIAN_POINT('',(-1.6,1.25,0.762001524003));
#9445 = CARTESIAN_POINT('',(1.6,-1.25,0.762001524003));
#9446 = CARTESIAN_POINT('',(1.6,1.25,0.762001524003));
#9447 = ( GEOMETRIC_REPRESENTATION_CONTEXT(3) 
GLOBAL_UNCERTAINTY_ASSIGNED_CONTEXT((#9451)) 
GLOBAL_UNIT_ASSIGNED_CONTEXT((#9448,#9449,#9450)) REPRESENTATION_CONTEXT
('Context #1','3D Context with UNIT and UNCERTAINTY') );
#9448 = ( LENGTH_UNIT() NAMED_UNIT(*) SI_UNIT(.MILLI.,.METRE.) );
#9449 = ( NAMED_UNIT(*) PLANE_ANGLE_UNIT() SI_UNIT($,.RADIAN.) );
#9450 = ( NAMED_UNIT(*) SI_UNIT($,.STERADIAN.) SOLID_ANGLE_UNIT() );
#9451 = UNCERTAINTY_MEASURE_WITH_UNIT(LENGTH_MEASURE(5.E-07),#9448,
  'distance_accuracy_value','confusion accuracy');
#9452 = CONTEXT_DEPENDENT_SHAPE_REPRESENTATION(#9453,#9455);
#9453 = ( REPRESENTATION_RELATIONSHIP('','',#9308,#9285) 
REPRESENTATION_RELATIONSHIP_WITH_TRANSFORMATION(#9454) 
SHAPE_REPRESENTATION_RELATIONSHIP() );
#9454 = ITEM_DEFINED_TRANSFORMATION('','',#11,#9286);
#9455 = PRODUCT_DEFINITION_SHAPE('Placement','Placement of an item',
  #9456);
#9456 = NEXT_ASSEMBLY_USAGE_OCCURRENCE('350','=>[0:1:1:41]','',#9280,
  #9303,$);
#9457 = PRODUCT_RELATED_PRODUCT_CATEGORY('part',$,(#9305));
#9458 = SHAPE_DEFINITION_REPRESENTATION(#9459,#9465);
#9459 = PRODUCT_DEFINITION_SHAPE('','',#9460);
#9460 = PRODUCT_DEFINITION('design','',#9461,#9464);
#9461 = PRODUCT_DEFINITION_FORMATION('','',#9462);
#9462 = PRODUCT(
  'U34~QFN-64_L9.0-W9.0-P0.50-BL-EP7.2~QFN-64_L9.0-W9.0-H1.0-P0.50~5ZeZ'
  ,
  'U34~QFN-64_L9.0-W9.0-P0.50-BL-EP7.2~QFN-64_L9.0-W9.0-H1.0-P0.50~5ZeZ'
  ,'',(#9463));
#9463 = PRODUCT_CONTEXT('',#2,'mechanical');
#9464 = PRODUCT_DEFINITION_CONTEXT('part definition',#2,'design');
#9465 = SHAPE_REPRESENTATION('',(#11,#9466),#9470);
#9466 = AXIS2_PLACEMENT_3D('',#9467,#9468,#9469);
#9467 = CARTESIAN_POINT('',(0.,0.,0.));
#9468 = DIRECTION('',(0.,0.,1.));
#9469 = DIRECTION('',(1.,0.,-0.));
#9470 = ( GEOMETRIC_REPRESENTATION_CONTEXT(3) 
GLOBAL_UNCERTAINTY_ASSIGNED_CONTEXT((#9474)) 
GLOBAL_UNIT_ASSIGNED_CONTEXT((#9471,#9472,#9473)) REPRESENTATION_CONTEXT
('Context #1','3D Context with UNIT and UNCERTAINTY') );
#9471 = ( LENGTH_UNIT() NAMED_UNIT(*) SI_UNIT(.MILLI.,.METRE.) );
#9472 = ( NAMED_UNIT(*) PLANE_ANGLE_UNIT() SI_UNIT($,.RADIAN.) );
#9473 = ( NAMED_UNIT(*) SI_UNIT($,.STERADIAN.) SOLID_ANGLE_UNIT() );
#9474 = UNCERTAINTY_MEASURE_WITH_UNIT(LENGTH_MEASURE(1.E-06),#9471,
  'distance_accuracy_value','confusion accuracy');
#9475 = CONTEXT_DEPENDENT_SHAPE_REPRESENTATION(#9476,#9478);
#9476 = ( REPRESENTATION_RELATIONSHIP('','',#9465,#10) 
REPRESENTATION_RELATIONSHIP_WITH_TRANSFORMATION(#9477) 
SHAPE_REPRESENTATION_RELATIONSHIP() );
#9477 = ITEM_DEFINED_TRANSFORMATION('','',#11,#1347);
#9478 = PRODUCT_DEFINITION_SHAPE('Placement','Placement of an item',
  #9479);
#9479 = NEXT_ASSEMBLY_USAGE_OCCURRENCE('353','=>[0:1:1:44]','',#5,#9460,
  $);
#9480 = PRODUCT_RELATED_PRODUCT_CATEGORY('part',$,(#9462));
#9481 = SHAPE_DEFINITION_REPRESENTATION(#9482,#9488);
#9482 = PRODUCT_DEFINITION_SHAPE('','',#9483);
#9483 = PRODUCT_DEFINITION('design','',#9484,#9487);
#9484 = PRODUCT_DEFINITION_FORMATION('','',#9485);
#9485 = PRODUCT(
  'QFN-64_L9.0-W9.0-P0.50-BL-EP7.2~QFN-64_L9.0-W9.0-H1.0-P0.50~5ZeZ',
  'QFN-64_L9.0-W9.0-P0.50-BL-EP7.2~QFN-64_L9.0-W9.0-H1.0-P0.50~5ZeZ','',
  (#9486));
#9486 = PRODUCT_CONTEXT('',#2,'mechanical');
#9487 = PRODUCT_DEFINITION_CONTEXT('part definition',#2,'design');
#9488 = ADVANCED_BREP_SHAPE_REPRESENTATION('',(#11,#9489),#9627);
#9489 = MANIFOLD_SOLID_BREP('',#9490);
#9490 = CLOSED_SHELL('',(#9491,#9527,#9563,#9583,#9603,#9615));
#9491 = ADVANCED_FACE('',(#9492),#9522,.F.);
#9492 = FACE_BOUND('',#9493,.F.);
#9493 = EDGE_LOOP('',(#9494,#9503,#9510,#9517));
#9494 = ORIENTED_EDGE('',*,*,#9495,.F.);
#9495 = EDGE_CURVE('',#9496,#9498,#9500,.T.);
#9496 = VERTEX_POINT('',#9497);
#9497 = CARTESIAN_POINT('',(4.500025400051,-4.500012700025,0.));
#9498 = VERTEX_POINT('',#9499);
#9499 = CARTESIAN_POINT('',(4.500025400051,-4.500012700025,
    0.762001524003));
#9500 = B_SPLINE_CURVE_WITH_KNOTS('',1,(#9501,#9502),.UNSPECIFIED.,.F.,
  .F.,(2,2),(0.,0.762001524003),.PIECEWISE_BEZIER_KNOTS.);
#9501 = CARTESIAN_POINT('',(4.500025400051,-4.500012700025,0.));
#9502 = CARTESIAN_POINT('',(4.500025400051,-4.500012700025,
    0.762001524003));
#9503 = ORIENTED_EDGE('',*,*,#9504,.T.);
#9504 = EDGE_CURVE('',#9496,#9505,#9507,.T.);
#9505 = VERTEX_POINT('',#9506);
#9506 = CARTESIAN_POINT('',(-4.500025400051,-4.500012700025,0.));
#9507 = B_SPLINE_CURVE_WITH_KNOTS('',1,(#9508,#9509),.UNSPECIFIED.,.F.,
  .F.,(2,2),(0.,0.762001524003),.PIECEWISE_BEZIER_KNOTS.);
#9508 = CARTESIAN_POINT('',(4.500025400051,-4.500012700025,0.));
#9509 = CARTESIAN_POINT('',(-4.500025400051,-4.500012700025,0.));
#9510 = ORIENTED_EDGE('',*,*,#9511,.T.);
#9511 = EDGE_CURVE('',#9505,#9512,#9514,.T.);
#9512 = VERTEX_POINT('',#9513);
#9513 = CARTESIAN_POINT('',(-4.500025400051,-4.500012700025,
    0.762001524003));
#9514 = B_SPLINE_CURVE_WITH_KNOTS('',1,(#9515,#9516),.UNSPECIFIED.,.F.,
  .F.,(2,2),(0.,0.762001524003),.PIECEWISE_BEZIER_KNOTS.);
#9515 = CARTESIAN_POINT('',(-4.500025400051,-4.500012700025,0.));
#9516 = CARTESIAN_POINT('',(-4.500025400051,-4.500012700025,
    0.762001524003));
#9517 = ORIENTED_EDGE('',*,*,#9518,.F.);
#9518 = EDGE_CURVE('',#9498,#9512,#9519,.T.);
#9519 = B_SPLINE_CURVE_WITH_KNOTS('',1,(#9520,#9521),.UNSPECIFIED.,.F.,
  .F.,(2,2),(0.,0.762001524003),.PIECEWISE_BEZIER_KNOTS.);
#9520 = CARTESIAN_POINT('',(4.500025400051,-4.500012700025,
    0.762001524003));
#9521 = CARTESIAN_POINT('',(-4.500025400051,-4.500012700025,
    0.762001524003));
#9522 = B_SPLINE_SURFACE_WITH_KNOTS('',1,1,(
    (#9523,#9524)
    ,(#9525,#9526
    )),.UNSPECIFIED.,.F.,.F.,.F.,(2,2),(2,2),(0.,0.762001524003),(
    -0.762001524003,0.),.PIECEWISE_BEZIER_KNOTS.);
#9523 = CARTESIAN_POINT('',(-4.500025400051,-4.500012700025,0.));
#9524 = CARTESIAN_POINT('',(4.500025400051,-4.500012700025,0.));
#9525 = CARTESIAN_POINT('',(-4.500025400051,-4.500012700025,
    0.762001524003));
#9526 = CARTESIAN_POINT('',(4.500025400051,-4.500012700025,
    0.762001524003));
#9527 = ADVANCED_FACE('',(#9528),#9558,.T.);
#9528 = FACE_BOUND('',#9529,.T.);
#9529 = EDGE_LOOP('',(#9530,#9539,#9546,#9553));
#9530 = ORIENTED_EDGE('',*,*,#9531,.F.);
#9531 = EDGE_CURVE('',#9532,#9534,#9536,.T.);
#9532 = VERTEX_POINT('',#9533);
#9533 = CARTESIAN_POINT('',(4.500025400051,4.500012700025,0.));
#9534 = VERTEX_POINT('',#9535);
#9535 = CARTESIAN_POINT('',(4.500025400051,4.500012700025,0.762001524003
    ));
#9536 = B_SPLINE_CURVE_WITH_KNOTS('',1,(#9537,#9538),.UNSPECIFIED.,.F.,
  .F.,(2,2),(0.,0.762001524003),.PIECEWISE_BEZIER_KNOTS.);
#9537 = CARTESIAN_POINT('',(4.500025400051,4.500012700025,0.));
#9538 = CARTESIAN_POINT('',(4.500025400051,4.500012700025,0.762001524003
    ));
#9539 = ORIENTED_EDGE('',*,*,#9540,.T.);
#9540 = EDGE_CURVE('',#9532,#9541,#9543,.T.);
#9541 = VERTEX_POINT('',#9542);
#9542 = CARTESIAN_POINT('',(-4.500025400051,4.500012700025,0.));
#9543 = B_SPLINE_CURVE_WITH_KNOTS('',1,(#9544,#9545),.UNSPECIFIED.,.F.,
  .F.,(2,2),(0.,0.762001524003),.PIECEWISE_BEZIER_KNOTS.);
#9544 = CARTESIAN_POINT('',(4.500025400051,4.500012700025,0.));
#9545 = CARTESIAN_POINT('',(-4.500025400051,4.500012700025,0.));
#9546 = ORIENTED_EDGE('',*,*,#9547,.T.);
#9547 = EDGE_CURVE('',#9541,#9548,#9550,.T.);
#9548 = VERTEX_POINT('',#9549);
#9549 = CARTESIAN_POINT('',(-4.500025400051,4.500012700025,
    0.762001524003));
#9550 = B_SPLINE_CURVE_WITH_KNOTS('',1,(#9551,#9552),.UNSPECIFIED.,.F.,
  .F.,(2,2),(0.,0.762001524003),.PIECEWISE_BEZIER_KNOTS.);
#9551 = CARTESIAN_POINT('',(-4.500025400051,4.500012700025,0.));
#9552 = CARTESIAN_POINT('',(-4.500025400051,4.500012700025,
    0.762001524003));
#9553 = ORIENTED_EDGE('',*,*,#9554,.F.);
#9554 = EDGE_CURVE('',#9534,#9548,#9555,.T.);
#9555 = B_SPLINE_CURVE_WITH_KNOTS('',1,(#9556,#9557),.UNSPECIFIED.,.F.,
  .F.,(2,2),(0.,0.762001524003),.PIECEWISE_BEZIER_KNOTS.);
#9556 = CARTESIAN_POINT('',(4.500025400051,4.500012700025,0.762001524003
    ));
#9557 = CARTESIAN_POINT('',(-4.500025400051,4.500012700025,
    0.762001524003));
#9558 = B_SPLINE_SURFACE_WITH_KNOTS('',1,1,(
    (#9559,#9560)
    ,(#9561,#9562
    )),.UNSPECIFIED.,.F.,.F.,.F.,(2,2),(2,2),(0.,0.762001524003),(
    -0.762001524003,0.),.PIECEWISE_BEZIER_KNOTS.);
#9559 = CARTESIAN_POINT('',(-4.500025400051,4.500012700025,0.));
#9560 = CARTESIAN_POINT('',(4.500025400051,4.500012700025,0.));
#9561 = CARTESIAN_POINT('',(-4.500025400051,4.500012700025,
    0.762001524003));
#9562 = CARTESIAN_POINT('',(4.500025400051,4.500012700025,0.762001524003
    ));
#9563 = ADVANCED_FACE('',(#9564),#9578,.F.);
#9564 = FACE_BOUND('',#9565,.F.);
#9565 = EDGE_LOOP('',(#9566,#9571,#9572,#9577));
#9566 = ORIENTED_EDGE('',*,*,#9567,.F.);
#9567 = EDGE_CURVE('',#9496,#9532,#9568,.T.);
#9568 = B_SPLINE_CURVE_WITH_KNOTS('',1,(#9569,#9570),.UNSPECIFIED.,.F.,
  .F.,(2,2),(0.,0.762001524003),.PIECEWISE_BEZIER_KNOTS.);
#9569 = CARTESIAN_POINT('',(4.500025400051,-4.500012700025,0.));
#9570 = CARTESIAN_POINT('',(4.500025400051,4.500012700025,0.));
#9571 = ORIENTED_EDGE('',*,*,#9495,.T.);
#9572 = ORIENTED_EDGE('',*,*,#9573,.T.);
#9573 = EDGE_CURVE('',#9498,#9534,#9574,.T.);
#9574 = B_SPLINE_CURVE_WITH_KNOTS('',1,(#9575,#9576),.UNSPECIFIED.,.F.,
  .F.,(2,2),(0.,0.762001524003),.PIECEWISE_BEZIER_KNOTS.);
#9575 = CARTESIAN_POINT('',(4.500025400051,-4.500012700025,
    0.762001524003));
#9576 = CARTESIAN_POINT('',(4.500025400051,4.500012700025,0.762001524003
    ));
#9577 = ORIENTED_EDGE('',*,*,#9531,.F.);
#9578 = B_SPLINE_SURFACE_WITH_KNOTS('',1,1,(
    (#9579,#9580)
    ,(#9581,#9582
    )),.UNSPECIFIED.,.F.,.F.,.F.,(2,2),(2,2),(0.,0.762001524003),(0.,
    0.762001524003),.PIECEWISE_BEZIER_KNOTS.);
#9579 = CARTESIAN_POINT('',(4.500025400051,-4.500012700025,0.));
#9580 = CARTESIAN_POINT('',(4.500025400051,4.500012700025,0.));
#9581 = CARTESIAN_POINT('',(4.500025400051,-4.500012700025,
    0.762001524003));
#9582 = CARTESIAN_POINT('',(4.500025400051,4.500012700025,0.762001524003
    ));
#9583 = ADVANCED_FACE('',(#9584),#9598,.T.);
#9584 = FACE_BOUND('',#9585,.T.);
#9585 = EDGE_LOOP('',(#9586,#9591,#9592,#9597));
#9586 = ORIENTED_EDGE('',*,*,#9587,.F.);
#9587 = EDGE_CURVE('',#9505,#9541,#9588,.T.);
#9588 = B_SPLINE_CURVE_WITH_KNOTS('',1,(#9589,#9590),.UNSPECIFIED.,.F.,
  .F.,(2,2),(0.,0.762001524003),.PIECEWISE_BEZIER_KNOTS.);
#9589 = CARTESIAN_POINT('',(-4.500025400051,-4.500012700025,0.));
#9590 = CARTESIAN_POINT('',(-4.500025400051,4.500012700025,0.));
#9591 = ORIENTED_EDGE('',*,*,#9511,.T.);
#9592 = ORIENTED_EDGE('',*,*,#9593,.T.);
#9593 = EDGE_CURVE('',#9512,#9548,#9594,.T.);
#9594 = B_SPLINE_CURVE_WITH_KNOTS('',1,(#9595,#9596),.UNSPECIFIED.,.F.,
  .F.,(2,2),(0.,0.762001524003),.PIECEWISE_BEZIER_KNOTS.);
#9595 = CARTESIAN_POINT('',(-4.500025400051,-4.500012700025,
    0.762001524003));
#9596 = CARTESIAN_POINT('',(-4.500025400051,4.500012700025,
    0.762001524003));
#9597 = ORIENTED_EDGE('',*,*,#9547,.F.);
#9598 = B_SPLINE_SURFACE_WITH_KNOTS('',1,1,(
    (#9599,#9600)
    ,(#9601,#9602
    )),.UNSPECIFIED.,.F.,.F.,.F.,(2,2),(2,2),(0.,0.762001524003),(0.,
    0.762001524003),.PIECEWISE_BEZIER_KNOTS.);
#9599 = CARTESIAN_POINT('',(-4.500025400051,-4.500012700025,0.));
#9600 = CARTESIAN_POINT('',(-4.500025400051,4.500012700025,0.));
#9601 = CARTESIAN_POINT('',(-4.500025400051,-4.500012700025,
    0.762001524003));
#9602 = CARTESIAN_POINT('',(-4.500025400051,4.500012700025,
    0.762001524003));
#9603 = ADVANCED_FACE('',(#9604),#9610,.F.);
#9604 = FACE_BOUND('',#9605,.F.);
#9605 = EDGE_LOOP('',(#9606,#9607,#9608,#9609));
#9606 = ORIENTED_EDGE('',*,*,#9504,.F.);
#9607 = ORIENTED_EDGE('',*,*,#9567,.T.);
#9608 = ORIENTED_EDGE('',*,*,#9540,.T.);
#9609 = ORIENTED_EDGE('',*,*,#9587,.F.);
#9610 = B_SPLINE_SURFACE_WITH_KNOTS('',1,1,(
    (#9611,#9612)
    ,(#9613,#9614
    )),.UNSPECIFIED.,.F.,.F.,.F.,(2,2),(2,2),(0.,0.762001524003),(0.,
    0.762001524003),.PIECEWISE_BEZIER_KNOTS.);
#9611 = CARTESIAN_POINT('',(4.500025400051,-4.500012700025,0.));
#9612 = CARTESIAN_POINT('',(-4.500025400051,-4.500012700025,0.));
#9613 = CARTESIAN_POINT('',(4.500025400051,4.500012700025,0.));
#9614 = CARTESIAN_POINT('',(-4.500025400051,4.500012700025,0.));
#9615 = ADVANCED_FACE('',(#9616),#9622,.T.);
#9616 = FACE_BOUND('',#9617,.T.);
#9617 = EDGE_LOOP('',(#9618,#9619,#9620,#9621));
#9618 = ORIENTED_EDGE('',*,*,#9518,.F.);
#9619 = ORIENTED_EDGE('',*,*,#9573,.T.);
#9620 = ORIENTED_EDGE('',*,*,#9554,.T.);
#9621 = ORIENTED_EDGE('',*,*,#9593,.F.);
#9622 = B_SPLINE_SURFACE_WITH_KNOTS('',1,1,(
    (#9623,#9624)
    ,(#9625,#9626
    )),.UNSPECIFIED.,.F.,.F.,.F.,(2,2),(2,2),(0.,0.762001524003),(0.,
    0.762001524003),.PIECEWISE_BEZIER_KNOTS.);
#9623 = CARTESIAN_POINT('',(4.500025400051,-4.500012700025,
    0.762001524003));
#9624 = CARTESIAN_POINT('',(-4.500025400051,-4.500012700025,
    0.762001524003));
#9625 = CARTESIAN_POINT('',(4.500025400051,4.500012700025,0.762001524003
    ));
#9626 = CARTESIAN_POINT('',(-4.500025400051,4.500012700025,
    0.762001524003));
#9627 = ( GEOMETRIC_REPRESENTATION_CONTEXT(3) 
GLOBAL_UNCERTAINTY_ASSIGNED_CONTEXT((#9631)) 
GLOBAL_UNIT_ASSIGNED_CONTEXT((#9628,#9629,#9630)) REPRESENTATION_CONTEXT
('Context #1','3D Context with UNIT and UNCERTAINTY') );
#9628 = ( LENGTH_UNIT() NAMED_UNIT(*) SI_UNIT(.MILLI.,.METRE.) );
#9629 = ( NAMED_UNIT(*) PLANE_ANGLE_UNIT() SI_UNIT($,.RADIAN.) );
#9630 = ( NAMED_UNIT(*) SI_UNIT($,.STERADIAN.) SOLID_ANGLE_UNIT() );
#9631 = UNCERTAINTY_MEASURE_WITH_UNIT(LENGTH_MEASURE(1.E-06),#9628,
  'distance_accuracy_value','confusion accuracy');
#9632 = CONTEXT_DEPENDENT_SHAPE_REPRESENTATION(#9633,#9635);
#9633 = ( REPRESENTATION_RELATIONSHIP('','',#9488,#9465) 
REPRESENTATION_RELATIONSHIP_WITH_TRANSFORMATION(#9634) 
SHAPE_REPRESENTATION_RELATIONSHIP() );
#9634 = ITEM_DEFINED_TRANSFORMATION('','',#11,#9466);
#9635 = PRODUCT_DEFINITION_SHAPE('Placement','Placement of an item',
  #9636);
#9636 = NEXT_ASSEMBLY_USAGE_OCCURRENCE('352','=>[0:1:1:43]','',#9460,
  #9483,$);
#9637 = PRODUCT_RELATED_PRODUCT_CATEGORY('part',$,(#9485));
#9638 = SHAPE_DEFINITION_REPRESENTATION(#9639,#9645);
#9639 = PRODUCT_DEFINITION_SHAPE('','',#9640);
#9640 = PRODUCT_DEFINITION('design','',#9641,#9644);
#9641 = PRODUCT_DEFINITION_FORMATION('','',#9642);
#9642 = PRODUCT(
  'U43~QFN-64_L9.0-W9.0-P0.50-TL-EP4.3~QFN-64_L9.0-W9.0-H1.0-P0.50~5ZeZ'
  ,
  'U43~QFN-64_L9.0-W9.0-P0.50-TL-EP4.3~QFN-64_L9.0-W9.0-H1.0-P0.50~5ZeZ'
  ,'',(#9643));
#9643 = PRODUCT_CONTEXT('',#2,'mechanical');
#9644 = PRODUCT_DEFINITION_CONTEXT('part definition',#2,'design');
#9645 = SHAPE_REPRESENTATION('',(#11,#9646),#9650);
#9646 = AXIS2_PLACEMENT_3D('',#9647,#9648,#9649);
#9647 = CARTESIAN_POINT('',(0.,0.,0.));
#9648 = DIRECTION('',(0.,0.,1.));
#9649 = DIRECTION('',(1.,0.,-0.));
#9650 = ( GEOMETRIC_REPRESENTATION_CONTEXT(3) 
GLOBAL_UNCERTAINTY_ASSIGNED_CONTEXT((#9654)) 
GLOBAL_UNIT_ASSIGNED_CONTEXT((#9651,#9652,#9653)) REPRESENTATION_CONTEXT
('Context #1','3D Context with UNIT and UNCERTAINTY') );
#9651 = ( LENGTH_UNIT() NAMED_UNIT(*) SI_UNIT(.MILLI.,.METRE.) );
#9652 = ( NAMED_UNIT(*) PLANE_ANGLE_UNIT() SI_UNIT($,.RADIAN.) );
#9653 = ( NAMED_UNIT(*) SI_UNIT($,.STERADIAN.) SOLID_ANGLE_UNIT() );
#9654 = UNCERTAINTY_MEASURE_WITH_UNIT(LENGTH_MEASURE(1.E-06),#9651,
  'distance_accuracy_value','confusion accuracy');
#9655 = CONTEXT_DEPENDENT_SHAPE_REPRESENTATION(#9656,#9658);
#9656 = ( REPRESENTATION_RELATIONSHIP('','',#9645,#10) 
REPRESENTATION_RELATIONSHIP_WITH_TRANSFORMATION(#9657) 
SHAPE_REPRESENTATION_RELATIONSHIP() );
#9657 = ITEM_DEFINED_TRANSFORMATION('','',#11,#1351);
#9658 = PRODUCT_DEFINITION_SHAPE('Placement','Placement of an item',
  #9659);
#9659 = NEXT_ASSEMBLY_USAGE_OCCURRENCE('355','=>[0:1:1:46]','',#5,#9640,
  $);
#9660 = PRODUCT_RELATED_PRODUCT_CATEGORY('part',$,(#9642));
#9661 = SHAPE_DEFINITION_REPRESENTATION(#9662,#9668);
#9662 = PRODUCT_DEFINITION_SHAPE('','',#9663);
#9663 = PRODUCT_DEFINITION('design','',#9664,#9667);
#9664 = PRODUCT_DEFINITION_FORMATION('','',#9665);
#9665 = PRODUCT(
  'QFN-64_L9.0-W9.0-P0.50-TL-EP4.3~QFN-64_L9.0-W9.0-H1.0-P0.50~5ZeZ',
  'QFN-64_L9.0-W9.0-P0.50-TL-EP4.3~QFN-64_L9.0-W9.0-H1.0-P0.50~5ZeZ','',
  (#9666));
#9666 = PRODUCT_CONTEXT('',#2,'mechanical');
#9667 = PRODUCT_DEFINITION_CONTEXT('part definition',#2,'design');
#9668 = ADVANCED_BREP_SHAPE_REPRESENTATION('',(#11,#9669),#9807);
#9669 = MANIFOLD_SOLID_BREP('',#9670);
#9670 = CLOSED_SHELL('',(#9671,#9707,#9743,#9763,#9783,#9795));
#9671 = ADVANCED_FACE('',(#9672),#9702,.F.);
#9672 = FACE_BOUND('',#9673,.F.);
#9673 = EDGE_LOOP('',(#9674,#9683,#9690,#9697));
#9674 = ORIENTED_EDGE('',*,*,#9675,.F.);
#9675 = EDGE_CURVE('',#9676,#9678,#9680,.T.);
#9676 = VERTEX_POINT('',#9677);
#9677 = CARTESIAN_POINT('',(-4.500012700025,-4.500012700025,0.));
#9678 = VERTEX_POINT('',#9679);
#9679 = CARTESIAN_POINT('',(-4.500012700025,-4.500012700025,
    0.762001524003));
#9680 = B_SPLINE_CURVE_WITH_KNOTS('',1,(#9681,#9682),.UNSPECIFIED.,.F.,
  .F.,(2,2),(0.,0.762001524003),.PIECEWISE_BEZIER_KNOTS.);
#9681 = CARTESIAN_POINT('',(-4.500012700025,-4.500012700025,0.));
#9682 = CARTESIAN_POINT('',(-4.500012700025,-4.500012700025,
    0.762001524003));
#9683 = ORIENTED_EDGE('',*,*,#9684,.T.);
#9684 = EDGE_CURVE('',#9676,#9685,#9687,.T.);
#9685 = VERTEX_POINT('',#9686);
#9686 = CARTESIAN_POINT('',(-4.500012700025,4.500012700025,0.));
#9687 = B_SPLINE_CURVE_WITH_KNOTS('',1,(#9688,#9689),.UNSPECIFIED.,.F.,
  .F.,(2,2),(0.,0.762001524003),.PIECEWISE_BEZIER_KNOTS.);
#9688 = CARTESIAN_POINT('',(-4.500012700025,-4.500012700025,0.));
#9689 = CARTESIAN_POINT('',(-4.500012700025,4.500012700025,0.));
#9690 = ORIENTED_EDGE('',*,*,#9691,.T.);
#9691 = EDGE_CURVE('',#9685,#9692,#9694,.T.);
#9692 = VERTEX_POINT('',#9693);
#9693 = CARTESIAN_POINT('',(-4.500012700025,4.500012700025,
    0.762001524003));
#9694 = B_SPLINE_CURVE_WITH_KNOTS('',1,(#9695,#9696),.UNSPECIFIED.,.F.,
  .F.,(2,2),(0.,0.762001524003),.PIECEWISE_BEZIER_KNOTS.);
#9695 = CARTESIAN_POINT('',(-4.500012700025,4.500012700025,0.));
#9696 = CARTESIAN_POINT('',(-4.500012700025,4.500012700025,
    0.762001524003));
#9697 = ORIENTED_EDGE('',*,*,#9698,.F.);
#9698 = EDGE_CURVE('',#9678,#9692,#9699,.T.);
#9699 = B_SPLINE_CURVE_WITH_KNOTS('',1,(#9700,#9701),.UNSPECIFIED.,.F.,
  .F.,(2,2),(0.,0.762001524003),.PIECEWISE_BEZIER_KNOTS.);
#9700 = CARTESIAN_POINT('',(-4.500012700025,-4.500012700025,
    0.762001524003));
#9701 = CARTESIAN_POINT('',(-4.500012700025,4.500012700025,
    0.762001524003));
#9702 = B_SPLINE_SURFACE_WITH_KNOTS('',1,1,(
    (#9703,#9704)
    ,(#9705,#9706
    )),.UNSPECIFIED.,.F.,.F.,.F.,(2,2),(2,2),(0.,0.762001524003),(
    -0.762001524003,0.),.PIECEWISE_BEZIER_KNOTS.);
#9703 = CARTESIAN_POINT('',(-4.500012700025,4.500012700025,0.));
#9704 = CARTESIAN_POINT('',(-4.500012700025,-4.500012700025,0.));
#9705 = CARTESIAN_POINT('',(-4.500012700025,4.500012700025,
    0.762001524003));
#9706 = CARTESIAN_POINT('',(-4.500012700025,-4.500012700025,
    0.762001524003));
#9707 = ADVANCED_FACE('',(#9708),#9738,.T.);
#9708 = FACE_BOUND('',#9709,.T.);
#9709 = EDGE_LOOP('',(#9710,#9719,#9726,#9733));
#9710 = ORIENTED_EDGE('',*,*,#9711,.F.);
#9711 = EDGE_CURVE('',#9712,#9714,#9716,.T.);
#9712 = VERTEX_POINT('',#9713);
#9713 = CARTESIAN_POINT('',(4.500012700025,-4.500012700025,0.));
#9714 = VERTEX_POINT('',#9715);
#9715 = CARTESIAN_POINT('',(4.500012700025,-4.500012700025,
    0.762001524003));
#9716 = B_SPLINE_CURVE_WITH_KNOTS('',1,(#9717,#9718),.UNSPECIFIED.,.F.,
  .F.,(2,2),(0.,0.762001524003),.PIECEWISE_BEZIER_KNOTS.);
#9717 = CARTESIAN_POINT('',(4.500012700025,-4.500012700025,0.));
#9718 = CARTESIAN_POINT('',(4.500012700025,-4.500012700025,
    0.762001524003));
#9719 = ORIENTED_EDGE('',*,*,#9720,.T.);
#9720 = EDGE_CURVE('',#9712,#9721,#9723,.T.);
#9721 = VERTEX_POINT('',#9722);
#9722 = CARTESIAN_POINT('',(4.500012700025,4.500012700025,0.));
#9723 = B_SPLINE_CURVE_WITH_KNOTS('',1,(#9724,#9725),.UNSPECIFIED.,.F.,
  .F.,(2,2),(0.,0.762001524003),.PIECEWISE_BEZIER_KNOTS.);
#9724 = CARTESIAN_POINT('',(4.500012700025,-4.500012700025,0.));
#9725 = CARTESIAN_POINT('',(4.500012700025,4.500012700025,0.));
#9726 = ORIENTED_EDGE('',*,*,#9727,.T.);
#9727 = EDGE_CURVE('',#9721,#9728,#9730,.T.);
#9728 = VERTEX_POINT('',#9729);
#9729 = CARTESIAN_POINT('',(4.500012700025,4.500012700025,0.762001524003
    ));
#9730 = B_SPLINE_CURVE_WITH_KNOTS('',1,(#9731,#9732),.UNSPECIFIED.,.F.,
  .F.,(2,2),(0.,0.762001524003),.PIECEWISE_BEZIER_KNOTS.);
#9731 = CARTESIAN_POINT('',(4.500012700025,4.500012700025,0.));
#9732 = CARTESIAN_POINT('',(4.500012700025,4.500012700025,0.762001524003
    ));
#9733 = ORIENTED_EDGE('',*,*,#9734,.F.);
#9734 = EDGE_CURVE('',#9714,#9728,#9735,.T.);
#9735 = B_SPLINE_CURVE_WITH_KNOTS('',1,(#9736,#9737),.UNSPECIFIED.,.F.,
  .F.,(2,2),(0.,0.762001524003),.PIECEWISE_BEZIER_KNOTS.);
#9736 = CARTESIAN_POINT('',(4.500012700025,-4.500012700025,
    0.762001524003));
#9737 = CARTESIAN_POINT('',(4.500012700025,4.500012700025,0.762001524003
    ));
#9738 = B_SPLINE_SURFACE_WITH_KNOTS('',1,1,(
    (#9739,#9740)
    ,(#9741,#9742
    )),.UNSPECIFIED.,.F.,.F.,.F.,(2,2),(2,2),(0.,0.762001524003),(
    -0.762001524003,0.),.PIECEWISE_BEZIER_KNOTS.);
#9739 = CARTESIAN_POINT('',(4.500012700025,4.500012700025,0.));
#9740 = CARTESIAN_POINT('',(4.500012700025,-4.500012700025,0.));
#9741 = CARTESIAN_POINT('',(4.500012700025,4.500012700025,0.762001524003
    ));
#9742 = CARTESIAN_POINT('',(4.500012700025,-4.500012700025,
    0.762001524003));
#9743 = ADVANCED_FACE('',(#9744),#9758,.F.);
#9744 = FACE_BOUND('',#9745,.F.);
#9745 = EDGE_LOOP('',(#9746,#9751,#9752,#9757));
#9746 = ORIENTED_EDGE('',*,*,#9747,.F.);
#9747 = EDGE_CURVE('',#9676,#9712,#9748,.T.);
#9748 = B_SPLINE_CURVE_WITH_KNOTS('',1,(#9749,#9750),.UNSPECIFIED.,.F.,
  .F.,(2,2),(0.,0.762001524003),.PIECEWISE_BEZIER_KNOTS.);
#9749 = CARTESIAN_POINT('',(-4.500012700025,-4.500012700025,0.));
#9750 = CARTESIAN_POINT('',(4.500012700025,-4.500012700025,0.));
#9751 = ORIENTED_EDGE('',*,*,#9675,.T.);
#9752 = ORIENTED_EDGE('',*,*,#9753,.T.);
#9753 = EDGE_CURVE('',#9678,#9714,#9754,.T.);
#9754 = B_SPLINE_CURVE_WITH_KNOTS('',1,(#9755,#9756),.UNSPECIFIED.,.F.,
  .F.,(2,2),(0.,0.762001524003),.PIECEWISE_BEZIER_KNOTS.);
#9755 = CARTESIAN_POINT('',(-4.500012700025,-4.500012700025,
    0.762001524003));
#9756 = CARTESIAN_POINT('',(4.500012700025,-4.500012700025,
    0.762001524003));
#9757 = ORIENTED_EDGE('',*,*,#9711,.F.);
#9758 = B_SPLINE_SURFACE_WITH_KNOTS('',1,1,(
    (#9759,#9760)
    ,(#9761,#9762
    )),.UNSPECIFIED.,.F.,.F.,.F.,(2,2),(2,2),(0.,0.762001524003),(0.,
    0.762001524003),.PIECEWISE_BEZIER_KNOTS.);
#9759 = CARTESIAN_POINT('',(-4.500012700025,-4.500012700025,0.));
#9760 = CARTESIAN_POINT('',(4.500012700025,-4.500012700025,0.));
#9761 = CARTESIAN_POINT('',(-4.500012700025,-4.500012700025,
    0.762001524003));
#9762 = CARTESIAN_POINT('',(4.500012700025,-4.500012700025,
    0.762001524003));
#9763 = ADVANCED_FACE('',(#9764),#9778,.T.);
#9764 = FACE_BOUND('',#9765,.T.);
#9765 = EDGE_LOOP('',(#9766,#9771,#9772,#9777));
#9766 = ORIENTED_EDGE('',*,*,#9767,.F.);
#9767 = EDGE_CURVE('',#9685,#9721,#9768,.T.);
#9768 = B_SPLINE_CURVE_WITH_KNOTS('',1,(#9769,#9770),.UNSPECIFIED.,.F.,
  .F.,(2,2),(0.,0.762001524003),.PIECEWISE_BEZIER_KNOTS.);
#9769 = CARTESIAN_POINT('',(-4.500012700025,4.500012700025,0.));
#9770 = CARTESIAN_POINT('',(4.500012700025,4.500012700025,0.));
#9771 = ORIENTED_EDGE('',*,*,#9691,.T.);
#9772 = ORIENTED_EDGE('',*,*,#9773,.T.);
#9773 = EDGE_CURVE('',#9692,#9728,#9774,.T.);
#9774 = B_SPLINE_CURVE_WITH_KNOTS('',1,(#9775,#9776),.UNSPECIFIED.,.F.,
  .F.,(2,2),(0.,0.762001524003),.PIECEWISE_BEZIER_KNOTS.);
#9775 = CARTESIAN_POINT('',(-4.500012700025,4.500012700025,
    0.762001524003));
#9776 = CARTESIAN_POINT('',(4.500012700025,4.500012700025,0.762001524003
    ));
#9777 = ORIENTED_EDGE('',*,*,#9727,.F.);
#9778 = B_SPLINE_SURFACE_WITH_KNOTS('',1,1,(
    (#9779,#9780)
    ,(#9781,#9782
    )),.UNSPECIFIED.,.F.,.F.,.F.,(2,2),(2,2),(0.,0.762001524003),(0.,
    0.762001524003),.PIECEWISE_BEZIER_KNOTS.);
#9779 = CARTESIAN_POINT('',(-4.500012700025,4.500012700025,0.));
#9780 = CARTESIAN_POINT('',(4.500012700025,4.500012700025,0.));
#9781 = CARTESIAN_POINT('',(-4.500012700025,4.500012700025,
    0.762001524003));
#9782 = CARTESIAN_POINT('',(4.500012700025,4.500012700025,0.762001524003
    ));
#9783 = ADVANCED_FACE('',(#9784),#9790,.F.);
#9784 = FACE_BOUND('',#9785,.F.);
#9785 = EDGE_LOOP('',(#9786,#9787,#9788,#9789));
#9786 = ORIENTED_EDGE('',*,*,#9684,.F.);
#9787 = ORIENTED_EDGE('',*,*,#9747,.T.);
#9788 = ORIENTED_EDGE('',*,*,#9720,.T.);
#9789 = ORIENTED_EDGE('',*,*,#9767,.F.);
#9790 = B_SPLINE_SURFACE_WITH_KNOTS('',1,1,(
    (#9791,#9792)
    ,(#9793,#9794
    )),.UNSPECIFIED.,.F.,.F.,.F.,(2,2),(2,2),(0.,0.762001524003),(0.,
    0.762001524003),.PIECEWISE_BEZIER_KNOTS.);
#9791 = CARTESIAN_POINT('',(-4.500012700025,-4.500012700025,0.));
#9792 = CARTESIAN_POINT('',(-4.500012700025,4.500012700025,0.));
#9793 = CARTESIAN_POINT('',(4.500012700025,-4.500012700025,0.));
#9794 = CARTESIAN_POINT('',(4.500012700025,4.500012700025,0.));
#9795 = ADVANCED_FACE('',(#9796),#9802,.T.);
#9796 = FACE_BOUND('',#9797,.T.);
#9797 = EDGE_LOOP('',(#9798,#9799,#9800,#9801));
#9798 = ORIENTED_EDGE('',*,*,#9698,.F.);
#9799 = ORIENTED_EDGE('',*,*,#9753,.T.);
#9800 = ORIENTED_EDGE('',*,*,#9734,.T.);
#9801 = ORIENTED_EDGE('',*,*,#9773,.F.);
#9802 = B_SPLINE_SURFACE_WITH_KNOTS('',1,1,(
    (#9803,#9804)
    ,(#9805,#9806
    )),.UNSPECIFIED.,.F.,.F.,.F.,(2,2),(2,2),(0.,0.762001524003),(0.,
    0.762001524003),.PIECEWISE_BEZIER_KNOTS.);
#9803 = CARTESIAN_POINT('',(-4.500012700025,-4.500012700025,
    0.762001524003));
#9804 = CARTESIAN_POINT('',(-4.500012700025,4.500012700025,
    0.762001524003));
#9805 = CARTESIAN_POINT('',(4.500012700025,-4.500012700025,
    0.762001524003));
#9806 = CARTESIAN_POINT('',(4.500012700025,4.500012700025,0.762001524003
    ));
#9807 = ( GEOMETRIC_REPRESENTATION_CONTEXT(3) 
GLOBAL_UNCERTAINTY_ASSIGNED_CONTEXT((#9811)) 
GLOBAL_UNIT_ASSIGNED_CONTEXT((#9808,#9809,#9810)) REPRESENTATION_CONTEXT
('Context #1','3D Context with UNIT and UNCERTAINTY') );
#9808 = ( LENGTH_UNIT() NAMED_UNIT(*) SI_UNIT(.MILLI.,.METRE.) );
#9809 = ( NAMED_UNIT(*) PLANE_ANGLE_UNIT() SI_UNIT($,.RADIAN.) );
#9810 = ( NAMED_UNIT(*) SI_UNIT($,.STERADIAN.) SOLID_ANGLE_UNIT() );
#9811 = UNCERTAINTY_MEASURE_WITH_UNIT(LENGTH_MEASURE(1.E-06),#9808,
  'distance_accuracy_value','confusion accuracy');
#9812 = CONTEXT_DEPENDENT_SHAPE_REPRESENTATION(#9813,#9815);
#9813 = ( REPRESENTATION_RELATIONSHIP('','',#9668,#9645) 
REPRESENTATION_RELATIONSHIP_WITH_TRANSFORMATION(#9814) 
SHAPE_REPRESENTATION_RELATIONSHIP() );
#9814 = ITEM_DEFINED_TRANSFORMATION('','',#11,#9646);
#9815 = PRODUCT_DEFINITION_SHAPE('Placement','Placement of an item',
  #9816);
#9816 = NEXT_ASSEMBLY_USAGE_OCCURRENCE('354','=>[0:1:1:45]','',#9640,
  #9663,$);
#9817 = PRODUCT_RELATED_PRODUCT_CATEGORY('part',$,(#9665));
#9818 = SHAPE_DEFINITION_REPRESENTATION(#9819,#9825);
#9819 = PRODUCT_DEFINITION_SHAPE('','',#9820);
#9820 = PRODUCT_DEFINITION('design','',#9821,#9824);
#9821 = PRODUCT_DEFINITION_FORMATION('','',#9822);
#9822 = PRODUCT('C172~C0805~C0805_L2.0-W1.3-H1.3~5ZeZ',
  'C172~C0805~C0805_L2.0-W1.3-H1.3~5ZeZ','',(#9823));
#9823 = PRODUCT_CONTEXT('',#2,'mechanical');
#9824 = PRODUCT_DEFINITION_CONTEXT('part definition',#2,'design');
#9825 = SHAPE_REPRESENTATION('',(#11,#9826),#9830);
#9826 = AXIS2_PLACEMENT_3D('',#9827,#9828,#9829);
#9827 = CARTESIAN_POINT('',(0.,0.,0.));
#9828 = DIRECTION('',(0.,0.,1.));
#9829 = DIRECTION('',(1.,0.,-0.));
#9830 = ( GEOMETRIC_REPRESENTATION_CONTEXT(3) 
GLOBAL_UNCERTAINTY_ASSIGNED_CONTEXT((#9834)) 
GLOBAL_UNIT_ASSIGNED_CONTEXT((#9831,#9832,#9833)) REPRESENTATION_CONTEXT
('Context #1','3D Context with UNIT and UNCERTAINTY') );
#9831 = ( LENGTH_UNIT() NAMED_UNIT(*) SI_UNIT(.MILLI.,.METRE.) );
#9832 = ( NAMED_UNIT(*) PLANE_ANGLE_UNIT() SI_UNIT($,.RADIAN.) );
#9833 = ( NAMED_UNIT(*) SI_UNIT($,.STERADIAN.) SOLID_ANGLE_UNIT() );
#9834 = UNCERTAINTY_MEASURE_WITH_UNIT(LENGTH_MEASURE(2.E-07),#9831,
  'distance_accuracy_value','confusion accuracy');
#9835 = CONTEXT_DEPENDENT_SHAPE_REPRESENTATION(#9836,#9838);
#9836 = ( REPRESENTATION_RELATIONSHIP('','',#9825,#10) 
REPRESENTATION_RELATIONSHIP_WITH_TRANSFORMATION(#9837) 
SHAPE_REPRESENTATION_RELATIONSHIP() );
#9837 = ITEM_DEFINED_TRANSFORMATION('','',#11,#1355);
#9838 = PRODUCT_DEFINITION_SHAPE('Placement','Placement of an item',
  #9839);
#9839 = NEXT_ASSEMBLY_USAGE_OCCURRENCE('357','=>[0:1:1:48]','',#5,#9820,
  $);
#9840 = PRODUCT_RELATED_PRODUCT_CATEGORY('part',$,(#9822));
#9841 = SHAPE_DEFINITION_REPRESENTATION(#9842,#9848);
#9842 = PRODUCT_DEFINITION_SHAPE('','',#9843);
#9843 = PRODUCT_DEFINITION('design','',#9844,#9847);
#9844 = PRODUCT_DEFINITION_FORMATION('','',#9845);
#9845 = PRODUCT('C0805~C0805_L2.0-W1.3-H1.3~5ZeZ',
  'C0805~C0805_L2.0-W1.3-H1.3~5ZeZ','',(#9846));
#9846 = PRODUCT_CONTEXT('',#2,'mechanical');
#9847 = PRODUCT_DEFINITION_CONTEXT('part definition',#2,'design');
#9848 = ADVANCED_BREP_SHAPE_REPRESENTATION('',(#11,#9849),#9987);
#9849 = MANIFOLD_SOLID_BREP('',#9850);
#9850 = CLOSED_SHELL('',(#9851,#9887,#9923,#9943,#9963,#9975));
#9851 = ADVANCED_FACE('',(#9852),#9882,.F.);
#9852 = FACE_BOUND('',#9853,.F.);
#9853 = EDGE_LOOP('',(#9854,#9863,#9870,#9877));
#9854 = ORIENTED_EDGE('',*,*,#9855,.F.);
#9855 = EDGE_CURVE('',#9856,#9858,#9860,.T.);
#9856 = VERTEX_POINT('',#9857);
#9857 = CARTESIAN_POINT('',(-1.,-0.649987299975,0.));
#9858 = VERTEX_POINT('',#9859);
#9859 = CARTESIAN_POINT('',(-1.,-0.649987299975,0.762001524003));
#9860 = B_SPLINE_CURVE_WITH_KNOTS('',1,(#9861,#9862),.UNSPECIFIED.,.F.,
  .F.,(2,2),(0.,0.762001524003),.PIECEWISE_BEZIER_KNOTS.);
#9861 = CARTESIAN_POINT('',(-1.,-0.649987299975,0.));
#9862 = CARTESIAN_POINT('',(-1.,-0.649987299975,0.762001524003));
#9863 = ORIENTED_EDGE('',*,*,#9864,.T.);
#9864 = EDGE_CURVE('',#9856,#9865,#9867,.T.);
#9865 = VERTEX_POINT('',#9866);
#9866 = CARTESIAN_POINT('',(-1.,0.650012700025,0.));
#9867 = B_SPLINE_CURVE_WITH_KNOTS('',1,(#9868,#9869),.UNSPECIFIED.,.F.,
  .F.,(2,2),(0.,0.762001524003),.PIECEWISE_BEZIER_KNOTS.);
#9868 = CARTESIAN_POINT('',(-1.,-0.649987299975,0.));
#9869 = CARTESIAN_POINT('',(-1.,0.650012700025,0.));
#9870 = ORIENTED_EDGE('',*,*,#9871,.T.);
#9871 = EDGE_CURVE('',#9865,#9872,#9874,.T.);
#9872 = VERTEX_POINT('',#9873);
#9873 = CARTESIAN_POINT('',(-1.,0.650012700025,0.762001524003));
#9874 = B_SPLINE_CURVE_WITH_KNOTS('',1,(#9875,#9876),.UNSPECIFIED.,.F.,
  .F.,(2,2),(0.,0.762001524003),.PIECEWISE_BEZIER_KNOTS.);
#9875 = CARTESIAN_POINT('',(-1.,0.650012700025,0.));
#9876 = CARTESIAN_POINT('',(-1.,0.650012700025,0.762001524003));
#9877 = ORIENTED_EDGE('',*,*,#9878,.F.);
#9878 = EDGE_CURVE('',#9858,#9872,#9879,.T.);
#9879 = B_SPLINE_CURVE_WITH_KNOTS('',1,(#9880,#9881),.UNSPECIFIED.,.F.,
  .F.,(2,2),(0.,0.762001524003),.PIECEWISE_BEZIER_KNOTS.);
#9880 = CARTESIAN_POINT('',(-1.,-0.649987299975,0.762001524003));
#9881 = CARTESIAN_POINT('',(-1.,0.650012700025,0.762001524003));
#9882 = B_SPLINE_SURFACE_WITH_KNOTS('',1,1,(
    (#9883,#9884)
    ,(#9885,#9886
    )),.UNSPECIFIED.,.F.,.F.,.F.,(2,2),(2,2),(0.,0.762001524003),(
    -0.762001524003,0.),.PIECEWISE_BEZIER_KNOTS.);
#9883 = CARTESIAN_POINT('',(-1.,0.650012700025,0.));
#9884 = CARTESIAN_POINT('',(-1.,-0.649987299975,0.));
#9885 = CARTESIAN_POINT('',(-1.,0.650012700025,0.762001524003));
#9886 = CARTESIAN_POINT('',(-1.,-0.649987299975,0.762001524003));
#9887 = ADVANCED_FACE('',(#9888),#9918,.T.);
#9888 = FACE_BOUND('',#9889,.T.);
#9889 = EDGE_LOOP('',(#9890,#9899,#9906,#9913));
#9890 = ORIENTED_EDGE('',*,*,#9891,.F.);
#9891 = EDGE_CURVE('',#9892,#9894,#9896,.T.);
#9892 = VERTEX_POINT('',#9893);
#9893 = CARTESIAN_POINT('',(1.,-0.649987299975,0.));
#9894 = VERTEX_POINT('',#9895);
#9895 = CARTESIAN_POINT('',(1.,-0.649987299975,0.762001524003));
#9896 = B_SPLINE_CURVE_WITH_KNOTS('',1,(#9897,#9898),.UNSPECIFIED.,.F.,
  .F.,(2,2),(0.,0.762001524003),.PIECEWISE_BEZIER_KNOTS.);
#9897 = CARTESIAN_POINT('',(1.,-0.649987299975,0.));
#9898 = CARTESIAN_POINT('',(1.,-0.649987299975,0.762001524003));
#9899 = ORIENTED_EDGE('',*,*,#9900,.T.);
#9900 = EDGE_CURVE('',#9892,#9901,#9903,.T.);
#9901 = VERTEX_POINT('',#9902);
#9902 = CARTESIAN_POINT('',(1.,0.650012700025,0.));
#9903 = B_SPLINE_CURVE_WITH_KNOTS('',1,(#9904,#9905),.UNSPECIFIED.,.F.,
  .F.,(2,2),(0.,0.762001524003),.PIECEWISE_BEZIER_KNOTS.);
#9904 = CARTESIAN_POINT('',(1.,-0.649987299975,0.));
#9905 = CARTESIAN_POINT('',(1.,0.650012700025,0.));
#9906 = ORIENTED_EDGE('',*,*,#9907,.T.);
#9907 = EDGE_CURVE('',#9901,#9908,#9910,.T.);
#9908 = VERTEX_POINT('',#9909);
#9909 = CARTESIAN_POINT('',(1.,0.650012700025,0.762001524003));
#9910 = B_SPLINE_CURVE_WITH_KNOTS('',1,(#9911,#9912),.UNSPECIFIED.,.F.,
  .F.,(2,2),(0.,0.762001524003),.PIECEWISE_BEZIER_KNOTS.);
#9911 = CARTESIAN_POINT('',(1.,0.650012700025,0.));
#9912 = CARTESIAN_POINT('',(1.,0.650012700025,0.762001524003));
#9913 = ORIENTED_EDGE('',*,*,#9914,.F.);
#9914 = EDGE_CURVE('',#9894,#9908,#9915,.T.);
#9915 = B_SPLINE_CURVE_WITH_KNOTS('',1,(#9916,#9917),.UNSPECIFIED.,.F.,
  .F.,(2,2),(0.,0.762001524003),.PIECEWISE_BEZIER_KNOTS.);
#9916 = CARTESIAN_POINT('',(1.,-0.649987299975,0.762001524003));
#9917 = CARTESIAN_POINT('',(1.,0.650012700025,0.762001524003));
#9918 = B_SPLINE_SURFACE_WITH_KNOTS('',1,1,(
    (#9919,#9920)
    ,(#9921,#9922
    )),.UNSPECIFIED.,.F.,.F.,.F.,(2,2),(2,2),(0.,0.762001524003),(
    -0.762001524003,0.),.PIECEWISE_BEZIER_KNOTS.);
#9919 = CARTESIAN_POINT('',(1.,0.650012700025,0.));
#9920 = CARTESIAN_POINT('',(1.,-0.649987299975,0.));
#9921 = CARTESIAN_POINT('',(1.,0.650012700025,0.762001524003));
#9922 = CARTESIAN_POINT('',(1.,-0.649987299975,0.762001524003));
#9923 = ADVANCED_FACE('',(#9924),#9938,.F.);
#9924 = FACE_BOUND('',#9925,.F.);
#9925 = EDGE_LOOP('',(#9926,#9931,#9932,#9937));
#9926 = ORIENTED_EDGE('',*,*,#9927,.F.);
#9927 = EDGE_CURVE('',#9856,#9892,#9928,.T.);
#9928 = B_SPLINE_CURVE_WITH_KNOTS('',1,(#9929,#9930),.UNSPECIFIED.,.F.,
  .F.,(2,2),(0.,0.762001524003),.PIECEWISE_BEZIER_KNOTS.);
#9929 = CARTESIAN_POINT('',(-1.,-0.649987299975,0.));
#9930 = CARTESIAN_POINT('',(1.,-0.649987299975,0.));
#9931 = ORIENTED_EDGE('',*,*,#9855,.T.);
#9932 = ORIENTED_EDGE('',*,*,#9933,.T.);
#9933 = EDGE_CURVE('',#9858,#9894,#9934,.T.);
#9934 = B_SPLINE_CURVE_WITH_KNOTS('',1,(#9935,#9936),.UNSPECIFIED.,.F.,
  .F.,(2,2),(0.,0.762001524003),.PIECEWISE_BEZIER_KNOTS.);
#9935 = CARTESIAN_POINT('',(-1.,-0.649987299975,0.762001524003));
#9936 = CARTESIAN_POINT('',(1.,-0.649987299975,0.762001524003));
#9937 = ORIENTED_EDGE('',*,*,#9891,.F.);
#9938 = B_SPLINE_SURFACE_WITH_KNOTS('',1,1,(
    (#9939,#9940)
    ,(#9941,#9942
    )),.UNSPECIFIED.,.F.,.F.,.F.,(2,2),(2,2),(0.,0.762001524003),(0.,
    0.762001524003),.PIECEWISE_BEZIER_KNOTS.);
#9939 = CARTESIAN_POINT('',(-1.,-0.649987299975,0.));
#9940 = CARTESIAN_POINT('',(1.,-0.649987299975,0.));
#9941 = CARTESIAN_POINT('',(-1.,-0.649987299975,0.762001524003));
#9942 = CARTESIAN_POINT('',(1.,-0.649987299975,0.762001524003));
#9943 = ADVANCED_FACE('',(#9944),#9958,.T.);
#9944 = FACE_BOUND('',#9945,.T.);
#9945 = EDGE_LOOP('',(#9946,#9951,#9952,#9957));
#9946 = ORIENTED_EDGE('',*,*,#9947,.F.);
#9947 = EDGE_CURVE('',#9865,#9901,#9948,.T.);
#9948 = B_SPLINE_CURVE_WITH_KNOTS('',1,(#9949,#9950),.UNSPECIFIED.,.F.,
  .F.,(2,2),(0.,0.762001524003),.PIECEWISE_BEZIER_KNOTS.);
#9949 = CARTESIAN_POINT('',(-1.,0.650012700025,0.));
#9950 = CARTESIAN_POINT('',(1.,0.650012700025,0.));
#9951 = ORIENTED_EDGE('',*,*,#9871,.T.);
#9952 = ORIENTED_EDGE('',*,*,#9953,.T.);
#9953 = EDGE_CURVE('',#9872,#9908,#9954,.T.);
#9954 = B_SPLINE_CURVE_WITH_KNOTS('',1,(#9955,#9956),.UNSPECIFIED.,.F.,
  .F.,(2,2),(0.,0.762001524003),.PIECEWISE_BEZIER_KNOTS.);
#9955 = CARTESIAN_POINT('',(-1.,0.650012700025,0.762001524003));
#9956 = CARTESIAN_POINT('',(1.,0.650012700025,0.762001524003));
#9957 = ORIENTED_EDGE('',*,*,#9907,.F.);
#9958 = B_SPLINE_SURFACE_WITH_KNOTS('',1,1,(
    (#9959,#9960)
    ,(#9961,#9962
    )),.UNSPECIFIED.,.F.,.F.,.F.,(2,2),(2,2),(0.,0.762001524003),(0.,
    0.762001524003),.PIECEWISE_BEZIER_KNOTS.);
#9959 = CARTESIAN_POINT('',(-1.,0.650012700025,0.));
#9960 = CARTESIAN_POINT('',(1.,0.650012700025,0.));
#9961 = CARTESIAN_POINT('',(-1.,0.650012700025,0.762001524003));
#9962 = CARTESIAN_POINT('',(1.,0.650012700025,0.762001524003));
#9963 = ADVANCED_FACE('',(#9964),#9970,.F.);
#9964 = FACE_BOUND('',#9965,.F.);
#9965 = EDGE_LOOP('',(#9966,#9967,#9968,#9969));
#9966 = ORIENTED_EDGE('',*,*,#9864,.F.);
#9967 = ORIENTED_EDGE('',*,*,#9927,.T.);
#9968 = ORIENTED_EDGE('',*,*,#9900,.T.);
#9969 = ORIENTED_EDGE('',*,*,#9947,.F.);
#9970 = B_SPLINE_SURFACE_WITH_KNOTS('',1,1,(
    (#9971,#9972)
    ,(#9973,#9974
    )),.UNSPECIFIED.,.F.,.F.,.F.,(2,2),(2,2),(0.,0.762001524003),(0.,
    0.762001524003),.PIECEWISE_BEZIER_KNOTS.);
#9971 = CARTESIAN_POINT('',(-1.,-0.649987299975,0.));
#9972 = CARTESIAN_POINT('',(-1.,0.650012700025,0.));
#9973 = CARTESIAN_POINT('',(1.,-0.649987299975,0.));
#9974 = CARTESIAN_POINT('',(1.,0.650012700025,0.));
#9975 = ADVANCED_FACE('',(#9976),#9982,.T.);
#9976 = FACE_BOUND('',#9977,.T.);
#9977 = EDGE_LOOP('',(#9978,#9979,#9980,#9981));
#9978 = ORIENTED_EDGE('',*,*,#9878,.F.);
#9979 = ORIENTED_EDGE('',*,*,#9933,.T.);
#9980 = ORIENTED_EDGE('',*,*,#9914,.T.);
#9981 = ORIENTED_EDGE('',*,*,#9953,.F.);
#9982 = B_SPLINE_SURFACE_WITH_KNOTS('',1,1,(
    (#9983,#9984)
    ,(#9985,#9986
    )),.UNSPECIFIED.,.F.,.F.,.F.,(2,2),(2,2),(0.,0.762001524003),(0.,
    0.762001524003),.PIECEWISE_BEZIER_KNOTS.);
#9983 = CARTESIAN_POINT('',(-1.,-0.649987299975,0.762001524003));
#9984 = CARTESIAN_POINT('',(-1.,0.650012700025,0.762001524003));
#9985 = CARTESIAN_POINT('',(1.,-0.649987299975,0.762001524003));
#9986 = CARTESIAN_POINT('',(1.,0.650012700025,0.762001524003));
#9987 = ( GEOMETRIC_REPRESENTATION_CONTEXT(3) 
GLOBAL_UNCERTAINTY_ASSIGNED_CONTEXT((#9991)) 
GLOBAL_UNIT_ASSIGNED_CONTEXT((#9988,#9989,#9990)) REPRESENTATION_CONTEXT
('Context #1','3D Context with UNIT and UNCERTAINTY') );
#9988 = ( LENGTH_UNIT() NAMED_UNIT(*) SI_UNIT(.MILLI.,.METRE.) );
#9989 = ( NAMED_UNIT(*) PLANE_ANGLE_UNIT() SI_UNIT($,.RADIAN.) );
#9990 = ( NAMED_UNIT(*) SI_UNIT($,.STERADIAN.) SOLID_ANGLE_UNIT() );
#9991 = UNCERTAINTY_MEASURE_WITH_UNIT(LENGTH_MEASURE(2.E-07),#9988,
  'distance_accuracy_value','confusion accuracy');
#9992 = CONTEXT_DEPENDENT_SHAPE_REPRESENTATION(#9993,#9995);
#9993 = ( REPRESENTATION_RELATIONSHIP('','',#9848,#9825) 
REPRESENTATION_RELATIONSHIP_WITH_TRANSFORMATION(#9994) 
SHAPE_REPRESENTATION_RELATIONSHIP() );
#9994 = ITEM_DEFINED_TRANSFORMATION('','',#11,#9826);
#9995 = PRODUCT_DEFINITION_SHAPE('Placement','Placement of an item',
  #9996);
#9996 = NEXT_ASSEMBLY_USAGE_OCCURRENCE('356','=>[0:1:1:47]','',#9820,
  #9843,$);
#9997 = PRODUCT_RELATED_PRODUCT_CATEGORY('part',$,(#9845));
#9998 = SHAPE_DEFINITION_REPRESENTATION(#9999,#10005);
#9999 = PRODUCT_DEFINITION_SHAPE('','',#10000);
#10000 = PRODUCT_DEFINITION('design','',#10001,#10004);
#10001 = PRODUCT_DEFINITION_FORMATION('','',#10002);
#10002 = PRODUCT('L14~L0402~L0402_L1.0-W0.5-H0.5_BEAD~5ZeZ',
  'L14~L0402~L0402_L1.0-W0.5-H0.5_BEAD~5ZeZ','',(#10003));
#10003 = PRODUCT_CONTEXT('',#2,'mechanical');
#10004 = PRODUCT_DEFINITION_CONTEXT('part definition',#2,'design');
#10005 = SHAPE_REPRESENTATION('',(#11,#10006),#10010);
#10006 = AXIS2_PLACEMENT_3D('',#10007,#10008,#10009);
#10007 = CARTESIAN_POINT('',(0.,0.,0.));
#10008 = DIRECTION('',(0.,0.,1.));
#10009 = DIRECTION('',(1.,0.,-0.));
#10010 = ( GEOMETRIC_REPRESENTATION_CONTEXT(3) 
GLOBAL_UNCERTAINTY_ASSIGNED_CONTEXT((#10014)) 
GLOBAL_UNIT_ASSIGNED_CONTEXT((#10011,#10012,#10013)) 
REPRESENTATION_CONTEXT('Context #1',
  '3D Context with UNIT and UNCERTAINTY') );
#10011 = ( LENGTH_UNIT() NAMED_UNIT(*) SI_UNIT(.MILLI.,.METRE.) );
#10012 = ( NAMED_UNIT(*) PLANE_ANGLE_UNIT() SI_UNIT($,.RADIAN.) );
#10013 = ( NAMED_UNIT(*) SI_UNIT($,.STERADIAN.) SOLID_ANGLE_UNIT() );
#10014 = UNCERTAINTY_MEASURE_WITH_UNIT(LENGTH_MEASURE(1.E-07),#10011,
  'distance_accuracy_value','confusion accuracy');
#10015 = CONTEXT_DEPENDENT_SHAPE_REPRESENTATION(#10016,#10018);
#10016 = ( REPRESENTATION_RELATIONSHIP('','',#10005,#10) 
REPRESENTATION_RELATIONSHIP_WITH_TRANSFORMATION(#10017) 
SHAPE_REPRESENTATION_RELATIONSHIP() );
#10017 = ITEM_DEFINED_TRANSFORMATION('','',#11,#1359);
#10018 = PRODUCT_DEFINITION_SHAPE('Placement','Placement of an item',
  #10019);
#10019 = NEXT_ASSEMBLY_USAGE_OCCURRENCE('359','=>[0:1:1:50]','',#5,
  #10000,$);
#10020 = PRODUCT_RELATED_PRODUCT_CATEGORY('part',$,(#10002));
#10021 = SHAPE_DEFINITION_REPRESENTATION(#10022,#10028);
#10022 = PRODUCT_DEFINITION_SHAPE('','',#10023);
#10023 = PRODUCT_DEFINITION('design','',#10024,#10027);
#10024 = PRODUCT_DEFINITION_FORMATION('','',#10025);
#10025 = PRODUCT('L1~L0402~L0402_L1.0-W0.5-H0.5_BEAD~5ZeZ',
  'L1~L0402~L0402_L1.0-W0.5-H0.5_BEAD~5ZeZ','',(#10026));
#10026 = PRODUCT_CONTEXT('',#2,'mechanical');
#10027 = PRODUCT_DEFINITION_CONTEXT('part definition',#2,'design');
#10028 = ADVANCED_BREP_SHAPE_REPRESENTATION('',(#11,#10029),#10167);
#10029 = MANIFOLD_SOLID_BREP('',#10030);
#10030 = CLOSED_SHELL('',(#10031,#10067,#10103,#10123,#10143,#10155));
#10031 = ADVANCED_FACE('',(#10032),#10062,.F.);
#10032 = FACE_BOUND('',#10033,.F.);
#10033 = EDGE_LOOP('',(#10034,#10043,#10050,#10057));
#10034 = ORIENTED_EDGE('',*,*,#10035,.F.);
#10035 = EDGE_CURVE('',#10036,#10038,#10040,.T.);
#10036 = VERTEX_POINT('',#10037);
#10037 = CARTESIAN_POINT('',(-0.5,-0.249987299975,0.));
#10038 = VERTEX_POINT('',#10039);
#10039 = CARTESIAN_POINT('',(-0.5,-0.249987299975,0.762001524003));
#10040 = B_SPLINE_CURVE_WITH_KNOTS('',1,(#10041,#10042),.UNSPECIFIED.,
  .F.,.F.,(2,2),(0.,0.762001524003),.PIECEWISE_BEZIER_KNOTS.);
#10041 = CARTESIAN_POINT('',(-0.5,-0.249987299975,0.));
#10042 = CARTESIAN_POINT('',(-0.5,-0.249987299975,0.762001524003));
#10043 = ORIENTED_EDGE('',*,*,#10044,.T.);
#10044 = EDGE_CURVE('',#10036,#10045,#10047,.T.);
#10045 = VERTEX_POINT('',#10046);
#10046 = CARTESIAN_POINT('',(-0.5,0.250012700025,0.));
#10047 = B_SPLINE_CURVE_WITH_KNOTS('',1,(#10048,#10049),.UNSPECIFIED.,
  .F.,.F.,(2,2),(0.,0.762001524003),.PIECEWISE_BEZIER_KNOTS.);
#10048 = CARTESIAN_POINT('',(-0.5,-0.249987299975,0.));
#10049 = CARTESIAN_POINT('',(-0.5,0.250012700025,0.));
#10050 = ORIENTED_EDGE('',*,*,#10051,.T.);
#10051 = EDGE_CURVE('',#10045,#10052,#10054,.T.);
#10052 = VERTEX_POINT('',#10053);
#10053 = CARTESIAN_POINT('',(-0.5,0.250012700025,0.762001524003));
#10054 = B_SPLINE_CURVE_WITH_KNOTS('',1,(#10055,#10056),.UNSPECIFIED.,
  .F.,.F.,(2,2),(0.,0.762001524003),.PIECEWISE_BEZIER_KNOTS.);
#10055 = CARTESIAN_POINT('',(-0.5,0.250012700025,0.));
#10056 = CARTESIAN_POINT('',(-0.5,0.250012700025,0.762001524003));
#10057 = ORIENTED_EDGE('',*,*,#10058,.F.);
#10058 = EDGE_CURVE('',#10038,#10052,#10059,.T.);
#10059 = B_SPLINE_CURVE_WITH_KNOTS('',1,(#10060,#10061),.UNSPECIFIED.,
  .F.,.F.,(2,2),(0.,0.762001524003),.PIECEWISE_BEZIER_KNOTS.);
#10060 = CARTESIAN_POINT('',(-0.5,-0.249987299975,0.762001524003));
#10061 = CARTESIAN_POINT('',(-0.5,0.250012700025,0.762001524003));
#10062 = B_SPLINE_SURFACE_WITH_KNOTS('',1,1,(
    (#10063,#10064)
    ,(#10065,#10066
    )),.UNSPECIFIED.,.F.,.F.,.F.,(2,2),(2,2),(0.,0.762001524003),(
    -0.762001524003,0.),.PIECEWISE_BEZIER_KNOTS.);
#10063 = CARTESIAN_POINT('',(-0.5,0.250012700025,0.));
#10064 = CARTESIAN_POINT('',(-0.5,-0.249987299975,0.));
#10065 = CARTESIAN_POINT('',(-0.5,0.250012700025,0.762001524003));
#10066 = CARTESIAN_POINT('',(-0.5,-0.249987299975,0.762001524003));
#10067 = ADVANCED_FACE('',(#10068),#10098,.T.);
#10068 = FACE_BOUND('',#10069,.T.);
#10069 = EDGE_LOOP('',(#10070,#10079,#10086,#10093));
#10070 = ORIENTED_EDGE('',*,*,#10071,.F.);
#10071 = EDGE_CURVE('',#10072,#10074,#10076,.T.);
#10072 = VERTEX_POINT('',#10073);
#10073 = CARTESIAN_POINT('',(0.5,-0.249987299975,0.));
#10074 = VERTEX_POINT('',#10075);
#10075 = CARTESIAN_POINT('',(0.5,-0.249987299975,0.762001524003));
#10076 = B_SPLINE_CURVE_WITH_KNOTS('',1,(#10077,#10078),.UNSPECIFIED.,
  .F.,.F.,(2,2),(0.,0.762001524003),.PIECEWISE_BEZIER_KNOTS.);
#10077 = CARTESIAN_POINT('',(0.5,-0.249987299975,0.));
#10078 = CARTESIAN_POINT('',(0.5,-0.249987299975,0.762001524003));
#10079 = ORIENTED_EDGE('',*,*,#10080,.T.);
#10080 = EDGE_CURVE('',#10072,#10081,#10083,.T.);
#10081 = VERTEX_POINT('',#10082);
#10082 = CARTESIAN_POINT('',(0.5,0.250012700025,0.));
#10083 = B_SPLINE_CURVE_WITH_KNOTS('',1,(#10084,#10085),.UNSPECIFIED.,
  .F.,.F.,(2,2),(0.,0.762001524003),.PIECEWISE_BEZIER_KNOTS.);
#10084 = CARTESIAN_POINT('',(0.5,-0.249987299975,0.));
#10085 = CARTESIAN_POINT('',(0.5,0.250012700025,0.));
#10086 = ORIENTED_EDGE('',*,*,#10087,.T.);
#10087 = EDGE_CURVE('',#10081,#10088,#10090,.T.);
#10088 = VERTEX_POINT('',#10089);
#10089 = CARTESIAN_POINT('',(0.5,0.250012700025,0.762001524003));
#10090 = B_SPLINE_CURVE_WITH_KNOTS('',1,(#10091,#10092),.UNSPECIFIED.,
  .F.,.F.,(2,2),(0.,0.762001524003),.PIECEWISE_BEZIER_KNOTS.);
#10091 = CARTESIAN_POINT('',(0.5,0.250012700025,0.));
#10092 = CARTESIAN_POINT('',(0.5,0.250012700025,0.762001524003));
#10093 = ORIENTED_EDGE('',*,*,#10094,.F.);
#10094 = EDGE_CURVE('',#10074,#10088,#10095,.T.);
#10095 = B_SPLINE_CURVE_WITH_KNOTS('',1,(#10096,#10097),.UNSPECIFIED.,
  .F.,.F.,(2,2),(0.,0.762001524003),.PIECEWISE_BEZIER_KNOTS.);
#10096 = CARTESIAN_POINT('',(0.5,-0.249987299975,0.762001524003));
#10097 = CARTESIAN_POINT('',(0.5,0.250012700025,0.762001524003));
#10098 = B_SPLINE_SURFACE_WITH_KNOTS('',1,1,(
    (#10099,#10100)
    ,(#10101,#10102
    )),.UNSPECIFIED.,.F.,.F.,.F.,(2,2),(2,2),(0.,0.762001524003),(
    -0.762001524003,0.),.PIECEWISE_BEZIER_KNOTS.);
#10099 = CARTESIAN_POINT('',(0.5,0.250012700025,0.));
#10100 = CARTESIAN_POINT('',(0.5,-0.249987299975,0.));
#10101 = CARTESIAN_POINT('',(0.5,0.250012700025,0.762001524003));
#10102 = CARTESIAN_POINT('',(0.5,-0.249987299975,0.762001524003));
#10103 = ADVANCED_FACE('',(#10104),#10118,.F.);
#10104 = FACE_BOUND('',#10105,.F.);
#10105 = EDGE_LOOP('',(#10106,#10111,#10112,#10117));
#10106 = ORIENTED_EDGE('',*,*,#10107,.F.);
#10107 = EDGE_CURVE('',#10036,#10072,#10108,.T.);
#10108 = B_SPLINE_CURVE_WITH_KNOTS('',1,(#10109,#10110),.UNSPECIFIED.,
  .F.,.F.,(2,2),(0.,0.762001524003),.PIECEWISE_BEZIER_KNOTS.);
#10109 = CARTESIAN_POINT('',(-0.5,-0.249987299975,0.));
#10110 = CARTESIAN_POINT('',(0.5,-0.249987299975,0.));
#10111 = ORIENTED_EDGE('',*,*,#10035,.T.);
#10112 = ORIENTED_EDGE('',*,*,#10113,.T.);
#10113 = EDGE_CURVE('',#10038,#10074,#10114,.T.);
#10114 = B_SPLINE_CURVE_WITH_KNOTS('',1,(#10115,#10116),.UNSPECIFIED.,
  .F.,.F.,(2,2),(0.,0.762001524003),.PIECEWISE_BEZIER_KNOTS.);
#10115 = CARTESIAN_POINT('',(-0.5,-0.249987299975,0.762001524003));
#10116 = CARTESIAN_POINT('',(0.5,-0.249987299975,0.762001524003));
#10117 = ORIENTED_EDGE('',*,*,#10071,.F.);
#10118 = B_SPLINE_SURFACE_WITH_KNOTS('',1,1,(
    (#10119,#10120)
    ,(#10121,#10122
    )),.UNSPECIFIED.,.F.,.F.,.F.,(2,2),(2,2),(0.,0.762001524003),(0.,
    0.762001524003),.PIECEWISE_BEZIER_KNOTS.);
#10119 = CARTESIAN_POINT('',(-0.5,-0.249987299975,0.));
#10120 = CARTESIAN_POINT('',(0.5,-0.249987299975,0.));
#10121 = CARTESIAN_POINT('',(-0.5,-0.249987299975,0.762001524003));
#10122 = CARTESIAN_POINT('',(0.5,-0.249987299975,0.762001524003));
#10123 = ADVANCED_FACE('',(#10124),#10138,.T.);
#10124 = FACE_BOUND('',#10125,.T.);
#10125 = EDGE_LOOP('',(#10126,#10131,#10132,#10137));
#10126 = ORIENTED_EDGE('',*,*,#10127,.F.);
#10127 = EDGE_CURVE('',#10045,#10081,#10128,.T.);
#10128 = B_SPLINE_CURVE_WITH_KNOTS('',1,(#10129,#10130),.UNSPECIFIED.,
  .F.,.F.,(2,2),(0.,0.762001524003),.PIECEWISE_BEZIER_KNOTS.);
#10129 = CARTESIAN_POINT('',(-0.5,0.250012700025,0.));
#10130 = CARTESIAN_POINT('',(0.5,0.250012700025,0.));
#10131 = ORIENTED_EDGE('',*,*,#10051,.T.);
#10132 = ORIENTED_EDGE('',*,*,#10133,.T.);
#10133 = EDGE_CURVE('',#10052,#10088,#10134,.T.);
#10134 = B_SPLINE_CURVE_WITH_KNOTS('',1,(#10135,#10136),.UNSPECIFIED.,
  .F.,.F.,(2,2),(0.,0.762001524003),.PIECEWISE_BEZIER_KNOTS.);
#10135 = CARTESIAN_POINT('',(-0.5,0.250012700025,0.762001524003));
#10136 = CARTESIAN_POINT('',(0.5,0.250012700025,0.762001524003));
#10137 = ORIENTED_EDGE('',*,*,#10087,.F.);
#10138 = B_SPLINE_SURFACE_WITH_KNOTS('',1,1,(
    (#10139,#10140)
    ,(#10141,#10142
    )),.UNSPECIFIED.,.F.,.F.,.F.,(2,2),(2,2),(0.,0.762001524003),(0.,
    0.762001524003),.PIECEWISE_BEZIER_KNOTS.);
#10139 = CARTESIAN_POINT('',(-0.5,0.250012700025,0.));
#10140 = CARTESIAN_POINT('',(0.5,0.250012700025,0.));
#10141 = CARTESIAN_POINT('',(-0.5,0.250012700025,0.762001524003));
#10142 = CARTESIAN_POINT('',(0.5,0.250012700025,0.762001524003));
#10143 = ADVANCED_FACE('',(#10144),#10150,.F.);
#10144 = FACE_BOUND('',#10145,.F.);
#10145 = EDGE_LOOP('',(#10146,#10147,#10148,#10149));
#10146 = ORIENTED_EDGE('',*,*,#10044,.F.);
#10147 = ORIENTED_EDGE('',*,*,#10107,.T.);
#10148 = ORIENTED_EDGE('',*,*,#10080,.T.);
#10149 = ORIENTED_EDGE('',*,*,#10127,.F.);
#10150 = B_SPLINE_SURFACE_WITH_KNOTS('',1,1,(
    (#10151,#10152)
    ,(#10153,#10154
    )),.UNSPECIFIED.,.F.,.F.,.F.,(2,2),(2,2),(0.,0.762001524003),(0.,
    0.762001524003),.PIECEWISE_BEZIER_KNOTS.);
#10151 = CARTESIAN_POINT('',(-0.5,-0.249987299975,0.));
#10152 = CARTESIAN_POINT('',(-0.5,0.250012700025,0.));
#10153 = CARTESIAN_POINT('',(0.5,-0.249987299975,0.));
#10154 = CARTESIAN_POINT('',(0.5,0.250012700025,0.));
#10155 = ADVANCED_FACE('',(#10156),#10162,.T.);
#10156 = FACE_BOUND('',#10157,.T.);
#10157 = EDGE_LOOP('',(#10158,#10159,#10160,#10161));
#10158 = ORIENTED_EDGE('',*,*,#10058,.F.);
#10159 = ORIENTED_EDGE('',*,*,#10113,.T.);
#10160 = ORIENTED_EDGE('',*,*,#10094,.T.);
#10161 = ORIENTED_EDGE('',*,*,#10133,.F.);
#10162 = B_SPLINE_SURFACE_WITH_KNOTS('',1,1,(
    (#10163,#10164)
    ,(#10165,#10166
    )),.UNSPECIFIED.,.F.,.F.,.F.,(2,2),(2,2),(0.,0.762001524003),(0.,
    0.762001524003),.PIECEWISE_BEZIER_KNOTS.);
#10163 = CARTESIAN_POINT('',(-0.5,-0.249987299975,0.762001524003));
#10164 = CARTESIAN_POINT('',(-0.5,0.250012700025,0.762001524003));
#10165 = CARTESIAN_POINT('',(0.5,-0.249987299975,0.762001524003));
#10166 = CARTESIAN_POINT('',(0.5,0.250012700025,0.762001524003));
#10167 = ( GEOMETRIC_REPRESENTATION_CONTEXT(3) 
GLOBAL_UNCERTAINTY_ASSIGNED_CONTEXT((#10171)) 
GLOBAL_UNIT_ASSIGNED_CONTEXT((#10168,#10169,#10170)) 
REPRESENTATION_CONTEXT('Context #1',
  '3D Context with UNIT and UNCERTAINTY') );
#10168 = ( LENGTH_UNIT() NAMED_UNIT(*) SI_UNIT(.MILLI.,.METRE.) );
#10169 = ( NAMED_UNIT(*) PLANE_ANGLE_UNIT() SI_UNIT($,.RADIAN.) );
#10170 = ( NAMED_UNIT(*) SI_UNIT($,.STERADIAN.) SOLID_ANGLE_UNIT() );
#10171 = UNCERTAINTY_MEASURE_WITH_UNIT(LENGTH_MEASURE(1.E-07),#10168,
  'distance_accuracy_value','confusion accuracy');
#10172 = CONTEXT_DEPENDENT_SHAPE_REPRESENTATION(#10173,#10175);
#10173 = ( REPRESENTATION_RELATIONSHIP('','',#10028,#10005) 
REPRESENTATION_RELATIONSHIP_WITH_TRANSFORMATION(#10174) 
SHAPE_REPRESENTATION_RELATIONSHIP() );
#10174 = ITEM_DEFINED_TRANSFORMATION('','',#11,#10006);
#10175 = PRODUCT_DEFINITION_SHAPE('Placement','Placement of an item',
  #10176);
#10176 = NEXT_ASSEMBLY_USAGE_OCCURRENCE('358','=>[0:1:1:49]','',#10000,
  #10023,$);
#10177 = PRODUCT_RELATED_PRODUCT_CATEGORY('part',$,(#10025));
#10178 = CONTEXT_DEPENDENT_SHAPE_REPRESENTATION(#10179,#10181);
#10179 = ( REPRESENTATION_RELATIONSHIP('','',#10028,#10) 
REPRESENTATION_RELATIONSHIP_WITH_TRANSFORMATION(#10180) 
SHAPE_REPRESENTATION_RELATIONSHIP() );
#10180 = ITEM_DEFINED_TRANSFORMATION('','',#11,#1363);
#10181 = PRODUCT_DEFINITION_SHAPE('Placement','Placement of an item',
  #10182);
#10182 = NEXT_ASSEMBLY_USAGE_OCCURRENCE('360','=>[0:1:1:49]','',#5,
  #10023,$);
#10183 = CONTEXT_DEPENDENT_SHAPE_REPRESENTATION(#10184,#10186);
#10184 = ( REPRESENTATION_RELATIONSHIP('','',#10028,#10) 
REPRESENTATION_RELATIONSHIP_WITH_TRANSFORMATION(#10185) 
SHAPE_REPRESENTATION_RELATIONSHIP() );
#10185 = ITEM_DEFINED_TRANSFORMATION('','',#11,#1367);
#10186 = PRODUCT_DEFINITION_SHAPE('Placement','Placement of an item',
  #10187);
#10187 = NEXT_ASSEMBLY_USAGE_OCCURRENCE('361','=>[0:1:1:49]','',#5,
  #10023,$);
#10188 = SHAPE_DEFINITION_REPRESENTATION(#10189,#10195);
#10189 = PRODUCT_DEFINITION_SHAPE('','',#10190);
#10190 = PRODUCT_DEFINITION('design','',#10191,#10194);
#10191 = PRODUCT_DEFINITION_FORMATION('','',#10192);
#10192 = PRODUCT('R152~R0805~R0805_L2.0-W1.3-H0.6~5ZeZ',
  'R152~R0805~R0805_L2.0-W1.3-H0.6~5ZeZ','',(#10193));
#10193 = PRODUCT_CONTEXT('',#2,'mechanical');
#10194 = PRODUCT_DEFINITION_CONTEXT('part definition',#2,'design');
#10195 = SHAPE_REPRESENTATION('',(#11,#10196),#10200);
#10196 = AXIS2_PLACEMENT_3D('',#10197,#10198,#10199);
#10197 = CARTESIAN_POINT('',(0.,0.,0.));
#10198 = DIRECTION('',(0.,0.,1.));
#10199 = DIRECTION('',(1.,0.,-0.));
#10200 = ( GEOMETRIC_REPRESENTATION_CONTEXT(3) 
GLOBAL_UNCERTAINTY_ASSIGNED_CONTEXT((#10204)) 
GLOBAL_UNIT_ASSIGNED_CONTEXT((#10201,#10202,#10203)) 
REPRESENTATION_CONTEXT('Context #1',
  '3D Context with UNIT and UNCERTAINTY') );
#10201 = ( LENGTH_UNIT() NAMED_UNIT(*) SI_UNIT(.MILLI.,.METRE.) );
#10202 = ( NAMED_UNIT(*) PLANE_ANGLE_UNIT() SI_UNIT($,.RADIAN.) );
#10203 = ( NAMED_UNIT(*) SI_UNIT($,.STERADIAN.) SOLID_ANGLE_UNIT() );
#10204 = UNCERTAINTY_MEASURE_WITH_UNIT(LENGTH_MEASURE(2.E-07),#10201,
  'distance_accuracy_value','confusion accuracy');
#10205 = CONTEXT_DEPENDENT_SHAPE_REPRESENTATION(#10206,#10208);
#10206 = ( REPRESENTATION_RELATIONSHIP('','',#10195,#10) 
REPRESENTATION_RELATIONSHIP_WITH_TRANSFORMATION(#10207) 
SHAPE_REPRESENTATION_RELATIONSHIP() );
#10207 = ITEM_DEFINED_TRANSFORMATION('','',#11,#1371);
#10208 = PRODUCT_DEFINITION_SHAPE('Placement','Placement of an item',
  #10209);
#10209 = NEXT_ASSEMBLY_USAGE_OCCURRENCE('363','=>[0:1:1:52]','',#5,
  #10190,$);
#10210 = PRODUCT_RELATED_PRODUCT_CATEGORY('part',$,(#10192));
#10211 = SHAPE_DEFINITION_REPRESENTATION(#10212,#10218);
#10212 = PRODUCT_DEFINITION_SHAPE('','',#10213);
#10213 = PRODUCT_DEFINITION('design','',#10214,#10217);
#10214 = PRODUCT_DEFINITION_FORMATION('','',#10215);
#10215 = PRODUCT('R0805~R0805_L2.0-W1.3-H0.6~5ZeZ',
  'R0805~R0805_L2.0-W1.3-H0.6~5ZeZ','',(#10216));
#10216 = PRODUCT_CONTEXT('',#2,'mechanical');
#10217 = PRODUCT_DEFINITION_CONTEXT('part definition',#2,'design');
#10218 = ADVANCED_BREP_SHAPE_REPRESENTATION('',(#11,#10219),#10357);
#10219 = MANIFOLD_SOLID_BREP('',#10220);
#10220 = CLOSED_SHELL('',(#10221,#10257,#10293,#10313,#10333,#10345));
#10221 = ADVANCED_FACE('',(#10222),#10252,.F.);
#10222 = FACE_BOUND('',#10223,.F.);
#10223 = EDGE_LOOP('',(#10224,#10233,#10240,#10247));
#10224 = ORIENTED_EDGE('',*,*,#10225,.F.);
#10225 = EDGE_CURVE('',#10226,#10228,#10230,.T.);
#10226 = VERTEX_POINT('',#10227);
#10227 = CARTESIAN_POINT('',(-1.,-0.650012700025,0.));
#10228 = VERTEX_POINT('',#10229);
#10229 = CARTESIAN_POINT('',(-1.,-0.650012700025,0.762001524003));
#10230 = B_SPLINE_CURVE_WITH_KNOTS('',1,(#10231,#10232),.UNSPECIFIED.,
  .F.,.F.,(2,2),(0.,0.762001524003),.PIECEWISE_BEZIER_KNOTS.);
#10231 = CARTESIAN_POINT('',(-1.,-0.650012700025,0.));
#10232 = CARTESIAN_POINT('',(-1.,-0.650012700025,0.762001524003));
#10233 = ORIENTED_EDGE('',*,*,#10234,.T.);
#10234 = EDGE_CURVE('',#10226,#10235,#10237,.T.);
#10235 = VERTEX_POINT('',#10236);
#10236 = CARTESIAN_POINT('',(-1.,0.649987299975,0.));
#10237 = B_SPLINE_CURVE_WITH_KNOTS('',1,(#10238,#10239),.UNSPECIFIED.,
  .F.,.F.,(2,2),(0.,0.762001524003),.PIECEWISE_BEZIER_KNOTS.);
#10238 = CARTESIAN_POINT('',(-1.,-0.650012700025,0.));
#10239 = CARTESIAN_POINT('',(-1.,0.649987299975,0.));
#10240 = ORIENTED_EDGE('',*,*,#10241,.T.);
#10241 = EDGE_CURVE('',#10235,#10242,#10244,.T.);
#10242 = VERTEX_POINT('',#10243);
#10243 = CARTESIAN_POINT('',(-1.,0.649987299975,0.762001524003));
#10244 = B_SPLINE_CURVE_WITH_KNOTS('',1,(#10245,#10246),.UNSPECIFIED.,
  .F.,.F.,(2,2),(0.,0.762001524003),.PIECEWISE_BEZIER_KNOTS.);
#10245 = CARTESIAN_POINT('',(-1.,0.649987299975,0.));
#10246 = CARTESIAN_POINT('',(-1.,0.649987299975,0.762001524003));
#10247 = ORIENTED_EDGE('',*,*,#10248,.F.);
#10248 = EDGE_CURVE('',#10228,#10242,#10249,.T.);
#10249 = B_SPLINE_CURVE_WITH_KNOTS('',1,(#10250,#10251),.UNSPECIFIED.,
  .F.,.F.,(2,2),(0.,0.762001524003),.PIECEWISE_BEZIER_KNOTS.);
#10250 = CARTESIAN_POINT('',(-1.,-0.650012700025,0.762001524003));
#10251 = CARTESIAN_POINT('',(-1.,0.649987299975,0.762001524003));
#10252 = B_SPLINE_SURFACE_WITH_KNOTS('',1,1,(
    (#10253,#10254)
    ,(#10255,#10256
    )),.UNSPECIFIED.,.F.,.F.,.F.,(2,2),(2,2),(0.,0.762001524003),(
    -0.762001524003,0.),.PIECEWISE_BEZIER_KNOTS.);
#10253 = CARTESIAN_POINT('',(-1.,0.649987299975,0.));
#10254 = CARTESIAN_POINT('',(-1.,-0.650012700025,0.));
#10255 = CARTESIAN_POINT('',(-1.,0.649987299975,0.762001524003));
#10256 = CARTESIAN_POINT('',(-1.,-0.650012700025,0.762001524003));
#10257 = ADVANCED_FACE('',(#10258),#10288,.T.);
#10258 = FACE_BOUND('',#10259,.T.);
#10259 = EDGE_LOOP('',(#10260,#10269,#10276,#10283));
#10260 = ORIENTED_EDGE('',*,*,#10261,.F.);
#10261 = EDGE_CURVE('',#10262,#10264,#10266,.T.);
#10262 = VERTEX_POINT('',#10263);
#10263 = CARTESIAN_POINT('',(1.,-0.650012700025,0.));
#10264 = VERTEX_POINT('',#10265);
#10265 = CARTESIAN_POINT('',(1.,-0.650012700025,0.762001524003));
#10266 = B_SPLINE_CURVE_WITH_KNOTS('',1,(#10267,#10268),.UNSPECIFIED.,
  .F.,.F.,(2,2),(0.,0.762001524003),.PIECEWISE_BEZIER_KNOTS.);
#10267 = CARTESIAN_POINT('',(1.,-0.650012700025,0.));
#10268 = CARTESIAN_POINT('',(1.,-0.650012700025,0.762001524003));
#10269 = ORIENTED_EDGE('',*,*,#10270,.T.);
#10270 = EDGE_CURVE('',#10262,#10271,#10273,.T.);
#10271 = VERTEX_POINT('',#10272);
#10272 = CARTESIAN_POINT('',(1.,0.649987299975,0.));
#10273 = B_SPLINE_CURVE_WITH_KNOTS('',1,(#10274,#10275),.UNSPECIFIED.,
  .F.,.F.,(2,2),(0.,0.762001524003),.PIECEWISE_BEZIER_KNOTS.);
#10274 = CARTESIAN_POINT('',(1.,-0.650012700025,0.));
#10275 = CARTESIAN_POINT('',(1.,0.649987299975,0.));
#10276 = ORIENTED_EDGE('',*,*,#10277,.T.);
#10277 = EDGE_CURVE('',#10271,#10278,#10280,.T.);
#10278 = VERTEX_POINT('',#10279);
#10279 = CARTESIAN_POINT('',(1.,0.649987299975,0.762001524003));
#10280 = B_SPLINE_CURVE_WITH_KNOTS('',1,(#10281,#10282),.UNSPECIFIED.,
  .F.,.F.,(2,2),(0.,0.762001524003),.PIECEWISE_BEZIER_KNOTS.);
#10281 = CARTESIAN_POINT('',(1.,0.649987299975,0.));
#10282 = CARTESIAN_POINT('',(1.,0.649987299975,0.762001524003));
#10283 = ORIENTED_EDGE('',*,*,#10284,.F.);
#10284 = EDGE_CURVE('',#10264,#10278,#10285,.T.);
#10285 = B_SPLINE_CURVE_WITH_KNOTS('',1,(#10286,#10287),.UNSPECIFIED.,
  .F.,.F.,(2,2),(0.,0.762001524003),.PIECEWISE_BEZIER_KNOTS.);
#10286 = CARTESIAN_POINT('',(1.,-0.650012700025,0.762001524003));
#10287 = CARTESIAN_POINT('',(1.,0.649987299975,0.762001524003));
#10288 = B_SPLINE_SURFACE_WITH_KNOTS('',1,1,(
    (#10289,#10290)
    ,(#10291,#10292
    )),.UNSPECIFIED.,.F.,.F.,.F.,(2,2),(2,2),(0.,0.762001524003),(
    -0.762001524003,0.),.PIECEWISE_BEZIER_KNOTS.);
#10289 = CARTESIAN_POINT('',(1.,0.649987299975,0.));
#10290 = CARTESIAN_POINT('',(1.,-0.650012700025,0.));
#10291 = CARTESIAN_POINT('',(1.,0.649987299975,0.762001524003));
#10292 = CARTESIAN_POINT('',(1.,-0.650012700025,0.762001524003));
#10293 = ADVANCED_FACE('',(#10294),#10308,.F.);
#10294 = FACE_BOUND('',#10295,.F.);
#10295 = EDGE_LOOP('',(#10296,#10301,#10302,#10307));
#10296 = ORIENTED_EDGE('',*,*,#10297,.F.);
#10297 = EDGE_CURVE('',#10226,#10262,#10298,.T.);
#10298 = B_SPLINE_CURVE_WITH_KNOTS('',1,(#10299,#10300),.UNSPECIFIED.,
  .F.,.F.,(2,2),(0.,0.762001524003),.PIECEWISE_BEZIER_KNOTS.);
#10299 = CARTESIAN_POINT('',(-1.,-0.650012700025,0.));
#10300 = CARTESIAN_POINT('',(1.,-0.650012700025,0.));
#10301 = ORIENTED_EDGE('',*,*,#10225,.T.);
#10302 = ORIENTED_EDGE('',*,*,#10303,.T.);
#10303 = EDGE_CURVE('',#10228,#10264,#10304,.T.);
#10304 = B_SPLINE_CURVE_WITH_KNOTS('',1,(#10305,#10306),.UNSPECIFIED.,
  .F.,.F.,(2,2),(0.,0.762001524003),.PIECEWISE_BEZIER_KNOTS.);
#10305 = CARTESIAN_POINT('',(-1.,-0.650012700025,0.762001524003));
#10306 = CARTESIAN_POINT('',(1.,-0.650012700025,0.762001524003));
#10307 = ORIENTED_EDGE('',*,*,#10261,.F.);
#10308 = B_SPLINE_SURFACE_WITH_KNOTS('',1,1,(
    (#10309,#10310)
    ,(#10311,#10312
    )),.UNSPECIFIED.,.F.,.F.,.F.,(2,2),(2,2),(0.,0.762001524003),(0.,
    0.762001524003),.PIECEWISE_BEZIER_KNOTS.);
#10309 = CARTESIAN_POINT('',(-1.,-0.650012700025,0.));
#10310 = CARTESIAN_POINT('',(1.,-0.650012700025,0.));
#10311 = CARTESIAN_POINT('',(-1.,-0.650012700025,0.762001524003));
#10312 = CARTESIAN_POINT('',(1.,-0.650012700025,0.762001524003));
#10313 = ADVANCED_FACE('',(#10314),#10328,.T.);
#10314 = FACE_BOUND('',#10315,.T.);
#10315 = EDGE_LOOP('',(#10316,#10321,#10322,#10327));
#10316 = ORIENTED_EDGE('',*,*,#10317,.F.);
#10317 = EDGE_CURVE('',#10235,#10271,#10318,.T.);
#10318 = B_SPLINE_CURVE_WITH_KNOTS('',1,(#10319,#10320),.UNSPECIFIED.,
  .F.,.F.,(2,2),(0.,0.762001524003),.PIECEWISE_BEZIER_KNOTS.);
#10319 = CARTESIAN_POINT('',(-1.,0.649987299975,0.));
#10320 = CARTESIAN_POINT('',(1.,0.649987299975,0.));
#10321 = ORIENTED_EDGE('',*,*,#10241,.T.);
#10322 = ORIENTED_EDGE('',*,*,#10323,.T.);
#10323 = EDGE_CURVE('',#10242,#10278,#10324,.T.);
#10324 = B_SPLINE_CURVE_WITH_KNOTS('',1,(#10325,#10326),.UNSPECIFIED.,
  .F.,.F.,(2,2),(0.,0.762001524003),.PIECEWISE_BEZIER_KNOTS.);
#10325 = CARTESIAN_POINT('',(-1.,0.649987299975,0.762001524003));
#10326 = CARTESIAN_POINT('',(1.,0.649987299975,0.762001524003));
#10327 = ORIENTED_EDGE('',*,*,#10277,.F.);
#10328 = B_SPLINE_SURFACE_WITH_KNOTS('',1,1,(
    (#10329,#10330)
    ,(#10331,#10332
    )),.UNSPECIFIED.,.F.,.F.,.F.,(2,2),(2,2),(0.,0.762001524003),(0.,
    0.762001524003),.PIECEWISE_BEZIER_KNOTS.);
#10329 = CARTESIAN_POINT('',(-1.,0.649987299975,0.));
#10330 = CARTESIAN_POINT('',(1.,0.649987299975,0.));
#10331 = CARTESIAN_POINT('',(-1.,0.649987299975,0.762001524003));
#10332 = CARTESIAN_POINT('',(1.,0.649987299975,0.762001524003));
#10333 = ADVANCED_FACE('',(#10334),#10340,.F.);
#10334 = FACE_BOUND('',#10335,.F.);
#10335 = EDGE_LOOP('',(#10336,#10337,#10338,#10339));
#10336 = ORIENTED_EDGE('',*,*,#10234,.F.);
#10337 = ORIENTED_EDGE('',*,*,#10297,.T.);
#10338 = ORIENTED_EDGE('',*,*,#10270,.T.);
#10339 = ORIENTED_EDGE('',*,*,#10317,.F.);
#10340 = B_SPLINE_SURFACE_WITH_KNOTS('',1,1,(
    (#10341,#10342)
    ,(#10343,#10344
    )),.UNSPECIFIED.,.F.,.F.,.F.,(2,2),(2,2),(0.,0.762001524003),(0.,
    0.762001524003),.PIECEWISE_BEZIER_KNOTS.);
#10341 = CARTESIAN_POINT('',(-1.,-0.650012700025,0.));
#10342 = CARTESIAN_POINT('',(-1.,0.649987299975,0.));
#10343 = CARTESIAN_POINT('',(1.,-0.650012700025,0.));
#10344 = CARTESIAN_POINT('',(1.,0.649987299975,0.));
#10345 = ADVANCED_FACE('',(#10346),#10352,.T.);
#10346 = FACE_BOUND('',#10347,.T.);
#10347 = EDGE_LOOP('',(#10348,#10349,#10350,#10351));
#10348 = ORIENTED_EDGE('',*,*,#10248,.F.);
#10349 = ORIENTED_EDGE('',*,*,#10303,.T.);
#10350 = ORIENTED_EDGE('',*,*,#10284,.T.);
#10351 = ORIENTED_EDGE('',*,*,#10323,.F.);
#10352 = B_SPLINE_SURFACE_WITH_KNOTS('',1,1,(
    (#10353,#10354)
    ,(#10355,#10356
    )),.UNSPECIFIED.,.F.,.F.,.F.,(2,2),(2,2),(0.,0.762001524003),(0.,
    0.762001524003),.PIECEWISE_BEZIER_KNOTS.);
#10353 = CARTESIAN_POINT('',(-1.,-0.650012700025,0.762001524003));
#10354 = CARTESIAN_POINT('',(-1.,0.649987299975,0.762001524003));
#10355 = CARTESIAN_POINT('',(1.,-0.650012700025,0.762001524003));
#10356 = CARTESIAN_POINT('',(1.,0.649987299975,0.762001524003));
#10357 = ( GEOMETRIC_REPRESENTATION_CONTEXT(3) 
GLOBAL_UNCERTAINTY_ASSIGNED_CONTEXT((#10361)) 
GLOBAL_UNIT_ASSIGNED_CONTEXT((#10358,#10359,#10360)) 
REPRESENTATION_CONTEXT('Context #1',
  '3D Context with UNIT and UNCERTAINTY') );
#10358 = ( LENGTH_UNIT() NAMED_UNIT(*) SI_UNIT(.MILLI.,.METRE.) );
#10359 = ( NAMED_UNIT(*) PLANE_ANGLE_UNIT() SI_UNIT($,.RADIAN.) );
#10360 = ( NAMED_UNIT(*) SI_UNIT($,.STERADIAN.) SOLID_ANGLE_UNIT() );
#10361 = UNCERTAINTY_MEASURE_WITH_UNIT(LENGTH_MEASURE(2.E-07),#10358,
  'distance_accuracy_value','confusion accuracy');
#10362 = CONTEXT_DEPENDENT_SHAPE_REPRESENTATION(#10363,#10365);
#10363 = ( REPRESENTATION_RELATIONSHIP('','',#10218,#10195) 
REPRESENTATION_RELATIONSHIP_WITH_TRANSFORMATION(#10364) 
SHAPE_REPRESENTATION_RELATIONSHIP() );
#10364 = ITEM_DEFINED_TRANSFORMATION('','',#11,#10196);
#10365 = PRODUCT_DEFINITION_SHAPE('Placement','Placement of an item',
  #10366);
#10366 = NEXT_ASSEMBLY_USAGE_OCCURRENCE('362','=>[0:1:1:51]','',#10190,
  #10213,$);
#10367 = PRODUCT_RELATED_PRODUCT_CATEGORY('part',$,(#10215));
#10368 = SHAPE_DEFINITION_REPRESENTATION(#10369,#10375);
#10369 = PRODUCT_DEFINITION_SHAPE('','',#10370);
#10370 = PRODUCT_DEFINITION('design','',#10371,#10374);
#10371 = PRODUCT_DEFINITION_FORMATION('','',#10372);
#10372 = PRODUCT(
  'U11~WSON-6_L2.0-W2.0-P0.65-TL-EP~WSON-6_L2.0-W2.0-H0.8-P0.65~5ZeZ',
  'U11~WSON-6_L2.0-W2.0-P0.65-TL-EP~WSON-6_L2.0-W2.0-H0.8-P0.65~5ZeZ',''
  ,(#10373));
#10373 = PRODUCT_CONTEXT('',#2,'mechanical');
#10374 = PRODUCT_DEFINITION_CONTEXT('part definition',#2,'design');
#10375 = SHAPE_REPRESENTATION('',(#11,#10376),#10380);
#10376 = AXIS2_PLACEMENT_3D('',#10377,#10378,#10379);
#10377 = CARTESIAN_POINT('',(0.,0.,0.));
#10378 = DIRECTION('',(0.,0.,1.));
#10379 = DIRECTION('',(1.,0.,-0.));
#10380 = ( GEOMETRIC_REPRESENTATION_CONTEXT(3) 
GLOBAL_UNCERTAINTY_ASSIGNED_CONTEXT((#10384)) 
GLOBAL_UNIT_ASSIGNED_CONTEXT((#10381,#10382,#10383)) 
REPRESENTATION_CONTEXT('Context #1',
  '3D Context with UNIT and UNCERTAINTY') );
#10381 = ( LENGTH_UNIT() NAMED_UNIT(*) SI_UNIT(.MILLI.,.METRE.) );
#10382 = ( NAMED_UNIT(*) PLANE_ANGLE_UNIT() SI_UNIT($,.RADIAN.) );
#10383 = ( NAMED_UNIT(*) SI_UNIT($,.STERADIAN.) SOLID_ANGLE_UNIT() );
#10384 = UNCERTAINTY_MEASURE_WITH_UNIT(LENGTH_MEASURE(2.E-07),#10381,
  'distance_accuracy_value','confusion accuracy');
#10385 = CONTEXT_DEPENDENT_SHAPE_REPRESENTATION(#10386,#10388);
#10386 = ( REPRESENTATION_RELATIONSHIP('','',#10375,#10) 
REPRESENTATION_RELATIONSHIP_WITH_TRANSFORMATION(#10387) 
SHAPE_REPRESENTATION_RELATIONSHIP() );
#10387 = ITEM_DEFINED_TRANSFORMATION('','',#11,#1375);
#10388 = PRODUCT_DEFINITION_SHAPE('Placement','Placement of an item',
  #10389);
#10389 = NEXT_ASSEMBLY_USAGE_OCCURRENCE('365','=>[0:1:1:54]','',#5,
  #10370,$);
#10390 = PRODUCT_RELATED_PRODUCT_CATEGORY('part',$,(#10372));
#10391 = SHAPE_DEFINITION_REPRESENTATION(#10392,#10398);
#10392 = PRODUCT_DEFINITION_SHAPE('','',#10393);
#10393 = PRODUCT_DEFINITION('design','',#10394,#10397);
#10394 = PRODUCT_DEFINITION_FORMATION('','',#10395);
#10395 = PRODUCT(
  'U42~WSON-6_L2.0-W2.0-P0.65-TL-EP~WSON-6_L2.0-W2.0-H0.8-P0.65~5ZeZ',
  'U42~WSON-6_L2.0-W2.0-P0.65-TL-EP~WSON-6_L2.0-W2.0-H0.8-P0.65~5ZeZ',''
  ,(#10396));
#10396 = PRODUCT_CONTEXT('',#2,'mechanical');
#10397 = PRODUCT_DEFINITION_CONTEXT('part definition',#2,'design');
#10398 = ADVANCED_BREP_SHAPE_REPRESENTATION('',(#11,#10399),#10537);
#10399 = MANIFOLD_SOLID_BREP('',#10400);
#10400 = CLOSED_SHELL('',(#10401,#10437,#10473,#10493,#10513,#10525));
#10401 = ADVANCED_FACE('',(#10402),#10432,.F.);
#10402 = FACE_BOUND('',#10403,.F.);
#10403 = EDGE_LOOP('',(#10404,#10413,#10420,#10427));
#10404 = ORIENTED_EDGE('',*,*,#10405,.F.);
#10405 = EDGE_CURVE('',#10406,#10408,#10410,.T.);
#10406 = VERTEX_POINT('',#10407);
#10407 = CARTESIAN_POINT('',(-1.00999491999,-1.,0.));
#10408 = VERTEX_POINT('',#10409);
#10409 = CARTESIAN_POINT('',(-1.00999491999,-1.,0.762001524003));
#10410 = B_SPLINE_CURVE_WITH_KNOTS('',1,(#10411,#10412),.UNSPECIFIED.,
  .F.,.F.,(2,2),(0.,0.762001524003),.PIECEWISE_BEZIER_KNOTS.);
#10411 = CARTESIAN_POINT('',(-1.00999491999,-1.,0.));
#10412 = CARTESIAN_POINT('',(-1.00999491999,-1.,0.762001524003));
#10413 = ORIENTED_EDGE('',*,*,#10414,.T.);
#10414 = EDGE_CURVE('',#10406,#10415,#10417,.T.);
#10415 = VERTEX_POINT('',#10416);
#10416 = CARTESIAN_POINT('',(-1.00999491999,1.,0.));
#10417 = B_SPLINE_CURVE_WITH_KNOTS('',1,(#10418,#10419),.UNSPECIFIED.,
  .F.,.F.,(2,2),(0.,0.762001524003),.PIECEWISE_BEZIER_KNOTS.);
#10418 = CARTESIAN_POINT('',(-1.00999491999,-1.,0.));
#10419 = CARTESIAN_POINT('',(-1.00999491999,1.,0.));
#10420 = ORIENTED_EDGE('',*,*,#10421,.T.);
#10421 = EDGE_CURVE('',#10415,#10422,#10424,.T.);
#10422 = VERTEX_POINT('',#10423);
#10423 = CARTESIAN_POINT('',(-1.00999491999,1.,0.762001524003));
#10424 = B_SPLINE_CURVE_WITH_KNOTS('',1,(#10425,#10426),.UNSPECIFIED.,
  .F.,.F.,(2,2),(0.,0.762001524003),.PIECEWISE_BEZIER_KNOTS.);
#10425 = CARTESIAN_POINT('',(-1.00999491999,1.,0.));
#10426 = CARTESIAN_POINT('',(-1.00999491999,1.,0.762001524003));
#10427 = ORIENTED_EDGE('',*,*,#10428,.F.);
#10428 = EDGE_CURVE('',#10408,#10422,#10429,.T.);
#10429 = B_SPLINE_CURVE_WITH_KNOTS('',1,(#10430,#10431),.UNSPECIFIED.,
  .F.,.F.,(2,2),(0.,0.762001524003),.PIECEWISE_BEZIER_KNOTS.);
#10430 = CARTESIAN_POINT('',(-1.00999491999,-1.,0.762001524003));
#10431 = CARTESIAN_POINT('',(-1.00999491999,1.,0.762001524003));
#10432 = B_SPLINE_SURFACE_WITH_KNOTS('',1,1,(
    (#10433,#10434)
    ,(#10435,#10436
    )),.UNSPECIFIED.,.F.,.F.,.F.,(2,2),(2,2),(0.,0.762001524003),(
    -0.762001524003,0.),.PIECEWISE_BEZIER_KNOTS.);
#10433 = CARTESIAN_POINT('',(-1.00999491999,1.,0.));
#10434 = CARTESIAN_POINT('',(-1.00999491999,-1.,0.));
#10435 = CARTESIAN_POINT('',(-1.00999491999,1.,0.762001524003));
#10436 = CARTESIAN_POINT('',(-1.00999491999,-1.,0.762001524003));
#10437 = ADVANCED_FACE('',(#10438),#10468,.T.);
#10438 = FACE_BOUND('',#10439,.T.);
#10439 = EDGE_LOOP('',(#10440,#10449,#10456,#10463));
#10440 = ORIENTED_EDGE('',*,*,#10441,.F.);
#10441 = EDGE_CURVE('',#10442,#10444,#10446,.T.);
#10442 = VERTEX_POINT('',#10443);
#10443 = CARTESIAN_POINT('',(1.00999491999,-1.,0.));
#10444 = VERTEX_POINT('',#10445);
#10445 = CARTESIAN_POINT('',(1.00999491999,-1.,0.762001524003));
#10446 = B_SPLINE_CURVE_WITH_KNOTS('',1,(#10447,#10448),.UNSPECIFIED.,
  .F.,.F.,(2,2),(0.,0.762001524003),.PIECEWISE_BEZIER_KNOTS.);
#10447 = CARTESIAN_POINT('',(1.00999491999,-1.,0.));
#10448 = CARTESIAN_POINT('',(1.00999491999,-1.,0.762001524003));
#10449 = ORIENTED_EDGE('',*,*,#10450,.T.);
#10450 = EDGE_CURVE('',#10442,#10451,#10453,.T.);
#10451 = VERTEX_POINT('',#10452);
#10452 = CARTESIAN_POINT('',(1.00999491999,1.,0.));
#10453 = B_SPLINE_CURVE_WITH_KNOTS('',1,(#10454,#10455),.UNSPECIFIED.,
  .F.,.F.,(2,2),(0.,0.762001524003),.PIECEWISE_BEZIER_KNOTS.);
#10454 = CARTESIAN_POINT('',(1.00999491999,-1.,0.));
#10455 = CARTESIAN_POINT('',(1.00999491999,1.,0.));
#10456 = ORIENTED_EDGE('',*,*,#10457,.T.);
#10457 = EDGE_CURVE('',#10451,#10458,#10460,.T.);
#10458 = VERTEX_POINT('',#10459);
#10459 = CARTESIAN_POINT('',(1.00999491999,1.,0.762001524003));
#10460 = B_SPLINE_CURVE_WITH_KNOTS('',1,(#10461,#10462),.UNSPECIFIED.,
  .F.,.F.,(2,2),(0.,0.762001524003),.PIECEWISE_BEZIER_KNOTS.);
#10461 = CARTESIAN_POINT('',(1.00999491999,1.,0.));
#10462 = CARTESIAN_POINT('',(1.00999491999,1.,0.762001524003));
#10463 = ORIENTED_EDGE('',*,*,#10464,.F.);
#10464 = EDGE_CURVE('',#10444,#10458,#10465,.T.);
#10465 = B_SPLINE_CURVE_WITH_KNOTS('',1,(#10466,#10467),.UNSPECIFIED.,
  .F.,.F.,(2,2),(0.,0.762001524003),.PIECEWISE_BEZIER_KNOTS.);
#10466 = CARTESIAN_POINT('',(1.00999491999,-1.,0.762001524003));
#10467 = CARTESIAN_POINT('',(1.00999491999,1.,0.762001524003));
#10468 = B_SPLINE_SURFACE_WITH_KNOTS('',1,1,(
    (#10469,#10470)
    ,(#10471,#10472
    )),.UNSPECIFIED.,.F.,.F.,.F.,(2,2),(2,2),(0.,0.762001524003),(
    -0.762001524003,0.),.PIECEWISE_BEZIER_KNOTS.);
#10469 = CARTESIAN_POINT('',(1.00999491999,1.,0.));
#10470 = CARTESIAN_POINT('',(1.00999491999,-1.,0.));
#10471 = CARTESIAN_POINT('',(1.00999491999,1.,0.762001524003));
#10472 = CARTESIAN_POINT('',(1.00999491999,-1.,0.762001524003));
#10473 = ADVANCED_FACE('',(#10474),#10488,.F.);
#10474 = FACE_BOUND('',#10475,.F.);
#10475 = EDGE_LOOP('',(#10476,#10481,#10482,#10487));
#10476 = ORIENTED_EDGE('',*,*,#10477,.F.);
#10477 = EDGE_CURVE('',#10406,#10442,#10478,.T.);
#10478 = B_SPLINE_CURVE_WITH_KNOTS('',1,(#10479,#10480),.UNSPECIFIED.,
  .F.,.F.,(2,2),(0.,0.762001524003),.PIECEWISE_BEZIER_KNOTS.);
#10479 = CARTESIAN_POINT('',(-1.00999491999,-1.,0.));
#10480 = CARTESIAN_POINT('',(1.00999491999,-1.,0.));
#10481 = ORIENTED_EDGE('',*,*,#10405,.T.);
#10482 = ORIENTED_EDGE('',*,*,#10483,.T.);
#10483 = EDGE_CURVE('',#10408,#10444,#10484,.T.);
#10484 = B_SPLINE_CURVE_WITH_KNOTS('',1,(#10485,#10486),.UNSPECIFIED.,
  .F.,.F.,(2,2),(0.,0.762001524003),.PIECEWISE_BEZIER_KNOTS.);
#10485 = CARTESIAN_POINT('',(-1.00999491999,-1.,0.762001524003));
#10486 = CARTESIAN_POINT('',(1.00999491999,-1.,0.762001524003));
#10487 = ORIENTED_EDGE('',*,*,#10441,.F.);
#10488 = B_SPLINE_SURFACE_WITH_KNOTS('',1,1,(
    (#10489,#10490)
    ,(#10491,#10492
    )),.UNSPECIFIED.,.F.,.F.,.F.,(2,2),(2,2),(0.,0.762001524003),(0.,
    0.762001524003),.PIECEWISE_BEZIER_KNOTS.);
#10489 = CARTESIAN_POINT('',(-1.00999491999,-1.,0.));
#10490 = CARTESIAN_POINT('',(1.00999491999,-1.,0.));
#10491 = CARTESIAN_POINT('',(-1.00999491999,-1.,0.762001524003));
#10492 = CARTESIAN_POINT('',(1.00999491999,-1.,0.762001524003));
#10493 = ADVANCED_FACE('',(#10494),#10508,.T.);
#10494 = FACE_BOUND('',#10495,.T.);
#10495 = EDGE_LOOP('',(#10496,#10501,#10502,#10507));
#10496 = ORIENTED_EDGE('',*,*,#10497,.F.);
#10497 = EDGE_CURVE('',#10415,#10451,#10498,.T.);
#10498 = B_SPLINE_CURVE_WITH_KNOTS('',1,(#10499,#10500),.UNSPECIFIED.,
  .F.,.F.,(2,2),(0.,0.762001524003),.PIECEWISE_BEZIER_KNOTS.);
#10499 = CARTESIAN_POINT('',(-1.00999491999,1.,0.));
#10500 = CARTESIAN_POINT('',(1.00999491999,1.,0.));
#10501 = ORIENTED_EDGE('',*,*,#10421,.T.);
#10502 = ORIENTED_EDGE('',*,*,#10503,.T.);
#10503 = EDGE_CURVE('',#10422,#10458,#10504,.T.);
#10504 = B_SPLINE_CURVE_WITH_KNOTS('',1,(#10505,#10506),.UNSPECIFIED.,
  .F.,.F.,(2,2),(0.,0.762001524003),.PIECEWISE_BEZIER_KNOTS.);
#10505 = CARTESIAN_POINT('',(-1.00999491999,1.,0.762001524003));
#10506 = CARTESIAN_POINT('',(1.00999491999,1.,0.762001524003));
#10507 = ORIENTED_EDGE('',*,*,#10457,.F.);
#10508 = B_SPLINE_SURFACE_WITH_KNOTS('',1,1,(
    (#10509,#10510)
    ,(#10511,#10512
    )),.UNSPECIFIED.,.F.,.F.,.F.,(2,2),(2,2),(0.,0.762001524003),(0.,
    0.762001524003),.PIECEWISE_BEZIER_KNOTS.);
#10509 = CARTESIAN_POINT('',(-1.00999491999,1.,0.));
#10510 = CARTESIAN_POINT('',(1.00999491999,1.,0.));
#10511 = CARTESIAN_POINT('',(-1.00999491999,1.,0.762001524003));
#10512 = CARTESIAN_POINT('',(1.00999491999,1.,0.762001524003));
#10513 = ADVANCED_FACE('',(#10514),#10520,.F.);
#10514 = FACE_BOUND('',#10515,.F.);
#10515 = EDGE_LOOP('',(#10516,#10517,#10518,#10519));
#10516 = ORIENTED_EDGE('',*,*,#10414,.F.);
#10517 = ORIENTED_EDGE('',*,*,#10477,.T.);
#10518 = ORIENTED_EDGE('',*,*,#10450,.T.);
#10519 = ORIENTED_EDGE('',*,*,#10497,.F.);
#10520 = B_SPLINE_SURFACE_WITH_KNOTS('',1,1,(
    (#10521,#10522)
    ,(#10523,#10524
    )),.UNSPECIFIED.,.F.,.F.,.F.,(2,2),(2,2),(0.,0.762001524003),(0.,
    0.762001524003),.PIECEWISE_BEZIER_KNOTS.);
#10521 = CARTESIAN_POINT('',(-1.00999491999,-1.,0.));
#10522 = CARTESIAN_POINT('',(-1.00999491999,1.,0.));
#10523 = CARTESIAN_POINT('',(1.00999491999,-1.,0.));
#10524 = CARTESIAN_POINT('',(1.00999491999,1.,0.));
#10525 = ADVANCED_FACE('',(#10526),#10532,.T.);
#10526 = FACE_BOUND('',#10527,.T.);
#10527 = EDGE_LOOP('',(#10528,#10529,#10530,#10531));
#10528 = ORIENTED_EDGE('',*,*,#10428,.F.);
#10529 = ORIENTED_EDGE('',*,*,#10483,.T.);
#10530 = ORIENTED_EDGE('',*,*,#10464,.T.);
#10531 = ORIENTED_EDGE('',*,*,#10503,.F.);
#10532 = B_SPLINE_SURFACE_WITH_KNOTS('',1,1,(
    (#10533,#10534)
    ,(#10535,#10536
    )),.UNSPECIFIED.,.F.,.F.,.F.,(2,2),(2,2),(0.,0.762001524003),(0.,
    0.762001524003),.PIECEWISE_BEZIER_KNOTS.);
#10533 = CARTESIAN_POINT('',(-1.00999491999,-1.,0.762001524003));
#10534 = CARTESIAN_POINT('',(-1.00999491999,1.,0.762001524003));
#10535 = CARTESIAN_POINT('',(1.00999491999,-1.,0.762001524003));
#10536 = CARTESIAN_POINT('',(1.00999491999,1.,0.762001524003));
#10537 = ( GEOMETRIC_REPRESENTATION_CONTEXT(3) 
GLOBAL_UNCERTAINTY_ASSIGNED_CONTEXT((#10541)) 
GLOBAL_UNIT_ASSIGNED_CONTEXT((#10538,#10539,#10540)) 
REPRESENTATION_CONTEXT('Context #1',
  '3D Context with UNIT and UNCERTAINTY') );
#10538 = ( LENGTH_UNIT() NAMED_UNIT(*) SI_UNIT(.MILLI.,.METRE.) );
#10539 = ( NAMED_UNIT(*) PLANE_ANGLE_UNIT() SI_UNIT($,.RADIAN.) );
#10540 = ( NAMED_UNIT(*) SI_UNIT($,.STERADIAN.) SOLID_ANGLE_UNIT() );
#10541 = UNCERTAINTY_MEASURE_WITH_UNIT(LENGTH_MEASURE(2.E-07),#10538,
  'distance_accuracy_value','confusion accuracy');
#10542 = CONTEXT_DEPENDENT_SHAPE_REPRESENTATION(#10543,#10545);
#10543 = ( REPRESENTATION_RELATIONSHIP('','',#10398,#10375) 
REPRESENTATION_RELATIONSHIP_WITH_TRANSFORMATION(#10544) 
SHAPE_REPRESENTATION_RELATIONSHIP() );
#10544 = ITEM_DEFINED_TRANSFORMATION('','',#11,#10376);
#10545 = PRODUCT_DEFINITION_SHAPE('Placement','Placement of an item',
  #10546);
#10546 = NEXT_ASSEMBLY_USAGE_OCCURRENCE('364','=>[0:1:1:53]','',#10370,
  #10393,$);
#10547 = PRODUCT_RELATED_PRODUCT_CATEGORY('part',$,(#10395));
#10548 = CONTEXT_DEPENDENT_SHAPE_REPRESENTATION(#10549,#10551);
#10549 = ( REPRESENTATION_RELATIONSHIP('','',#10398,#10) 
REPRESENTATION_RELATIONSHIP_WITH_TRANSFORMATION(#10550) 
SHAPE_REPRESENTATION_RELATIONSHIP() );
#10550 = ITEM_DEFINED_TRANSFORMATION('','',#11,#1379);
#10551 = PRODUCT_DEFINITION_SHAPE('Placement','Placement of an item',
  #10552);
#10552 = NEXT_ASSEMBLY_USAGE_OCCURRENCE('366','=>[0:1:1:53]','',#5,
  #10393,$);
#10553 = CONTEXT_DEPENDENT_SHAPE_REPRESENTATION(#10554,#10556);
#10554 = ( REPRESENTATION_RELATIONSHIP('','',#10398,#10) 
REPRESENTATION_RELATIONSHIP_WITH_TRANSFORMATION(#10555) 
SHAPE_REPRESENTATION_RELATIONSHIP() );
#10555 = ITEM_DEFINED_TRANSFORMATION('','',#11,#1383);
#10556 = PRODUCT_DEFINITION_SHAPE('Placement','Placement of an item',
  #10557);
#10557 = NEXT_ASSEMBLY_USAGE_OCCURRENCE('367','=>[0:1:1:53]','',#5,
  #10393,$);
#10558 = SHAPE_DEFINITION_REPRESENTATION(#10559,#10565);
#10559 = PRODUCT_DEFINITION_SHAPE('','',#10560);
#10560 = PRODUCT_DEFINITION('design','',#10561,#10564);
#10561 = PRODUCT_DEFINITION_FORMATION('','',#10562);
#10562 = PRODUCT(
  'U13~SON-10_L2.5-W2.5-P0.50-TL-EP~SON-10_L2.5-W2.5-H0.8-P0.50~5ZeZ',
  'U13~SON-10_L2.5-W2.5-P0.50-TL-EP~SON-10_L2.5-W2.5-H0.8-P0.50~5ZeZ',''
  ,(#10563));
#10563 = PRODUCT_CONTEXT('',#2,'mechanical');
#10564 = PRODUCT_DEFINITION_CONTEXT('part definition',#2,'design');
#10565 = SHAPE_REPRESENTATION('',(#11,#10566),#10570);
#10566 = AXIS2_PLACEMENT_3D('',#10567,#10568,#10569);
#10567 = CARTESIAN_POINT('',(0.,0.,0.));
#10568 = DIRECTION('',(0.,0.,1.));
#10569 = DIRECTION('',(1.,0.,-0.));
#10570 = ( GEOMETRIC_REPRESENTATION_CONTEXT(3) 
GLOBAL_UNCERTAINTY_ASSIGNED_CONTEXT((#10574)) 
GLOBAL_UNIT_ASSIGNED_CONTEXT((#10571,#10572,#10573)) 
REPRESENTATION_CONTEXT('Context #1',
  '3D Context with UNIT and UNCERTAINTY') );
#10571 = ( LENGTH_UNIT() NAMED_UNIT(*) SI_UNIT(.MILLI.,.METRE.) );
#10572 = ( NAMED_UNIT(*) PLANE_ANGLE_UNIT() SI_UNIT($,.RADIAN.) );
#10573 = ( NAMED_UNIT(*) SI_UNIT($,.STERADIAN.) SOLID_ANGLE_UNIT() );
#10574 = UNCERTAINTY_MEASURE_WITH_UNIT(LENGTH_MEASURE(2.E-07),#10571,
  'distance_accuracy_value','confusion accuracy');
#10575 = CONTEXT_DEPENDENT_SHAPE_REPRESENTATION(#10576,#10578);
#10576 = ( REPRESENTATION_RELATIONSHIP('','',#10565,#10) 
REPRESENTATION_RELATIONSHIP_WITH_TRANSFORMATION(#10577) 
SHAPE_REPRESENTATION_RELATIONSHIP() );
#10577 = ITEM_DEFINED_TRANSFORMATION('','',#11,#1387);
#10578 = PRODUCT_DEFINITION_SHAPE('Placement','Placement of an item',
  #10579);
#10579 = NEXT_ASSEMBLY_USAGE_OCCURRENCE('369','=>[0:1:1:56]','',#5,
  #10560,$);
#10580 = PRODUCT_RELATED_PRODUCT_CATEGORY('part',$,(#10562));
#10581 = SHAPE_DEFINITION_REPRESENTATION(#10582,#10588);
#10582 = PRODUCT_DEFINITION_SHAPE('','',#10583);
#10583 = PRODUCT_DEFINITION('design','',#10584,#10587);
#10584 = PRODUCT_DEFINITION_FORMATION('','',#10585);
#10585 = PRODUCT(
  'SON-10_L2.5-W2.5-P0.50-TL-EP~SON-10_L2.5-W2.5-H0.8-P0.50~5ZeZ',
  'SON-10_L2.5-W2.5-P0.50-TL-EP~SON-10_L2.5-W2.5-H0.8-P0.50~5ZeZ','',(
    #10586));
#10586 = PRODUCT_CONTEXT('',#2,'mechanical');
#10587 = PRODUCT_DEFINITION_CONTEXT('part definition',#2,'design');
#10588 = ADVANCED_BREP_SHAPE_REPRESENTATION('',(#11,#10589),#10727);
#10589 = MANIFOLD_SOLID_BREP('',#10590);
#10590 = CLOSED_SHELL('',(#10591,#10627,#10663,#10683,#10703,#10715));
#10591 = ADVANCED_FACE('',(#10592),#10622,.F.);
#10592 = FACE_BOUND('',#10593,.F.);
#10593 = EDGE_LOOP('',(#10594,#10603,#10610,#10617));
#10594 = ORIENTED_EDGE('',*,*,#10595,.F.);
#10595 = EDGE_CURVE('',#10596,#10598,#10600,.T.);
#10596 = VERTEX_POINT('',#10597);
#10597 = CARTESIAN_POINT('',(-1.25,-1.240093980188,0.));
#10598 = VERTEX_POINT('',#10599);
#10599 = CARTESIAN_POINT('',(-1.25,-1.240093980188,0.762001524003));
#10600 = B_SPLINE_CURVE_WITH_KNOTS('',1,(#10601,#10602),.UNSPECIFIED.,
  .F.,.F.,(2,2),(0.,0.762001524003),.PIECEWISE_BEZIER_KNOTS.);
#10601 = CARTESIAN_POINT('',(-1.25,-1.240093980188,0.));
#10602 = CARTESIAN_POINT('',(-1.25,-1.240093980188,0.762001524003));
#10603 = ORIENTED_EDGE('',*,*,#10604,.T.);
#10604 = EDGE_CURVE('',#10596,#10605,#10607,.T.);
#10605 = VERTEX_POINT('',#10606);
#10606 = CARTESIAN_POINT('',(-1.25,1.240068580137,0.));
#10607 = B_SPLINE_CURVE_WITH_KNOTS('',1,(#10608,#10609),.UNSPECIFIED.,
  .F.,.F.,(2,2),(0.,0.762001524003),.PIECEWISE_BEZIER_KNOTS.);
#10608 = CARTESIAN_POINT('',(-1.25,-1.240093980188,0.));
#10609 = CARTESIAN_POINT('',(-1.25,1.240068580137,0.));
#10610 = ORIENTED_EDGE('',*,*,#10611,.T.);
#10611 = EDGE_CURVE('',#10605,#10612,#10614,.T.);
#10612 = VERTEX_POINT('',#10613);
#10613 = CARTESIAN_POINT('',(-1.25,1.240068580137,0.762001524003));
#10614 = B_SPLINE_CURVE_WITH_KNOTS('',1,(#10615,#10616),.UNSPECIFIED.,
  .F.,.F.,(2,2),(0.,0.762001524003),.PIECEWISE_BEZIER_KNOTS.);
#10615 = CARTESIAN_POINT('',(-1.25,1.240068580137,0.));
#10616 = CARTESIAN_POINT('',(-1.25,1.240068580137,0.762001524003));
#10617 = ORIENTED_EDGE('',*,*,#10618,.F.);
#10618 = EDGE_CURVE('',#10598,#10612,#10619,.T.);
#10619 = B_SPLINE_CURVE_WITH_KNOTS('',1,(#10620,#10621),.UNSPECIFIED.,
  .F.,.F.,(2,2),(0.,0.762001524003),.PIECEWISE_BEZIER_KNOTS.);
#10620 = CARTESIAN_POINT('',(-1.25,-1.240093980188,0.762001524003));
#10621 = CARTESIAN_POINT('',(-1.25,1.240068580137,0.762001524003));
#10622 = B_SPLINE_SURFACE_WITH_KNOTS('',1,1,(
    (#10623,#10624)
    ,(#10625,#10626
    )),.UNSPECIFIED.,.F.,.F.,.F.,(2,2),(2,2),(0.,0.762001524003),(
    -0.762001524003,0.),.PIECEWISE_BEZIER_KNOTS.);
#10623 = CARTESIAN_POINT('',(-1.25,1.240068580137,0.));
#10624 = CARTESIAN_POINT('',(-1.25,-1.240093980188,0.));
#10625 = CARTESIAN_POINT('',(-1.25,1.240068580137,0.762001524003));
#10626 = CARTESIAN_POINT('',(-1.25,-1.240093980188,0.762001524003));
#10627 = ADVANCED_FACE('',(#10628),#10658,.T.);
#10628 = FACE_BOUND('',#10629,.T.);
#10629 = EDGE_LOOP('',(#10630,#10639,#10646,#10653));
#10630 = ORIENTED_EDGE('',*,*,#10631,.F.);
#10631 = EDGE_CURVE('',#10632,#10634,#10636,.T.);
#10632 = VERTEX_POINT('',#10633);
#10633 = CARTESIAN_POINT('',(1.25,-1.240093980188,0.));
#10634 = VERTEX_POINT('',#10635);
#10635 = CARTESIAN_POINT('',(1.25,-1.240093980188,0.762001524003));
#10636 = B_SPLINE_CURVE_WITH_KNOTS('',1,(#10637,#10638),.UNSPECIFIED.,
  .F.,.F.,(2,2),(0.,0.762001524003),.PIECEWISE_BEZIER_KNOTS.);
#10637 = CARTESIAN_POINT('',(1.25,-1.240093980188,0.));
#10638 = CARTESIAN_POINT('',(1.25,-1.240093980188,0.762001524003));
#10639 = ORIENTED_EDGE('',*,*,#10640,.T.);
#10640 = EDGE_CURVE('',#10632,#10641,#10643,.T.);
#10641 = VERTEX_POINT('',#10642);
#10642 = CARTESIAN_POINT('',(1.25,1.240068580137,0.));
#10643 = B_SPLINE_CURVE_WITH_KNOTS('',1,(#10644,#10645),.UNSPECIFIED.,
  .F.,.F.,(2,2),(0.,0.762001524003),.PIECEWISE_BEZIER_KNOTS.);
#10644 = CARTESIAN_POINT('',(1.25,-1.240093980188,0.));
#10645 = CARTESIAN_POINT('',(1.25,1.240068580137,0.));
#10646 = ORIENTED_EDGE('',*,*,#10647,.T.);
#10647 = EDGE_CURVE('',#10641,#10648,#10650,.T.);
#10648 = VERTEX_POINT('',#10649);
#10649 = CARTESIAN_POINT('',(1.25,1.240068580137,0.762001524003));
#10650 = B_SPLINE_CURVE_WITH_KNOTS('',1,(#10651,#10652),.UNSPECIFIED.,
  .F.,.F.,(2,2),(0.,0.762001524003),.PIECEWISE_BEZIER_KNOTS.);
#10651 = CARTESIAN_POINT('',(1.25,1.240068580137,0.));
#10652 = CARTESIAN_POINT('',(1.25,1.240068580137,0.762001524003));
#10653 = ORIENTED_EDGE('',*,*,#10654,.F.);
#10654 = EDGE_CURVE('',#10634,#10648,#10655,.T.);
#10655 = B_SPLINE_CURVE_WITH_KNOTS('',1,(#10656,#10657),.UNSPECIFIED.,
  .F.,.F.,(2,2),(0.,0.762001524003),.PIECEWISE_BEZIER_KNOTS.);
#10656 = CARTESIAN_POINT('',(1.25,-1.240093980188,0.762001524003));
#10657 = CARTESIAN_POINT('',(1.25,1.240068580137,0.762001524003));
#10658 = B_SPLINE_SURFACE_WITH_KNOTS('',1,1,(
    (#10659,#10660)
    ,(#10661,#10662
    )),.UNSPECIFIED.,.F.,.F.,.F.,(2,2),(2,2),(0.,0.762001524003),(
    -0.762001524003,0.),.PIECEWISE_BEZIER_KNOTS.);
#10659 = CARTESIAN_POINT('',(1.25,1.240068580137,0.));
#10660 = CARTESIAN_POINT('',(1.25,-1.240093980188,0.));
#10661 = CARTESIAN_POINT('',(1.25,1.240068580137,0.762001524003));
#10662 = CARTESIAN_POINT('',(1.25,-1.240093980188,0.762001524003));
#10663 = ADVANCED_FACE('',(#10664),#10678,.F.);
#10664 = FACE_BOUND('',#10665,.F.);
#10665 = EDGE_LOOP('',(#10666,#10671,#10672,#10677));
#10666 = ORIENTED_EDGE('',*,*,#10667,.F.);
#10667 = EDGE_CURVE('',#10596,#10632,#10668,.T.);
#10668 = B_SPLINE_CURVE_WITH_KNOTS('',1,(#10669,#10670),.UNSPECIFIED.,
  .F.,.F.,(2,2),(0.,0.762001524003),.PIECEWISE_BEZIER_KNOTS.);
#10669 = CARTESIAN_POINT('',(-1.25,-1.240093980188,0.));
#10670 = CARTESIAN_POINT('',(1.25,-1.240093980188,0.));
#10671 = ORIENTED_EDGE('',*,*,#10595,.T.);
#10672 = ORIENTED_EDGE('',*,*,#10673,.T.);
#10673 = EDGE_CURVE('',#10598,#10634,#10674,.T.);
#10674 = B_SPLINE_CURVE_WITH_KNOTS('',1,(#10675,#10676),.UNSPECIFIED.,
  .F.,.F.,(2,2),(0.,0.762001524003),.PIECEWISE_BEZIER_KNOTS.);
#10675 = CARTESIAN_POINT('',(-1.25,-1.240093980188,0.762001524003));
#10676 = CARTESIAN_POINT('',(1.25,-1.240093980188,0.762001524003));
#10677 = ORIENTED_EDGE('',*,*,#10631,.F.);
#10678 = B_SPLINE_SURFACE_WITH_KNOTS('',1,1,(
    (#10679,#10680)
    ,(#10681,#10682
    )),.UNSPECIFIED.,.F.,.F.,.F.,(2,2),(2,2),(0.,0.762001524003),(0.,
    0.762001524003),.PIECEWISE_BEZIER_KNOTS.);
#10679 = CARTESIAN_POINT('',(-1.25,-1.240093980188,0.));
#10680 = CARTESIAN_POINT('',(1.25,-1.240093980188,0.));
#10681 = CARTESIAN_POINT('',(-1.25,-1.240093980188,0.762001524003));
#10682 = CARTESIAN_POINT('',(1.25,-1.240093980188,0.762001524003));
#10683 = ADVANCED_FACE('',(#10684),#10698,.T.);
#10684 = FACE_BOUND('',#10685,.T.);
#10685 = EDGE_LOOP('',(#10686,#10691,#10692,#10697));
#10686 = ORIENTED_EDGE('',*,*,#10687,.F.);
#10687 = EDGE_CURVE('',#10605,#10641,#10688,.T.);
#10688 = B_SPLINE_CURVE_WITH_KNOTS('',1,(#10689,#10690),.UNSPECIFIED.,
  .F.,.F.,(2,2),(0.,0.762001524003),.PIECEWISE_BEZIER_KNOTS.);
#10689 = CARTESIAN_POINT('',(-1.25,1.240068580137,0.));
#10690 = CARTESIAN_POINT('',(1.25,1.240068580137,0.));
#10691 = ORIENTED_EDGE('',*,*,#10611,.T.);
#10692 = ORIENTED_EDGE('',*,*,#10693,.T.);
#10693 = EDGE_CURVE('',#10612,#10648,#10694,.T.);
#10694 = B_SPLINE_CURVE_WITH_KNOTS('',1,(#10695,#10696),.UNSPECIFIED.,
  .F.,.F.,(2,2),(0.,0.762001524003),.PIECEWISE_BEZIER_KNOTS.);
#10695 = CARTESIAN_POINT('',(-1.25,1.240068580137,0.762001524003));
#10696 = CARTESIAN_POINT('',(1.25,1.240068580137,0.762001524003));
#10697 = ORIENTED_EDGE('',*,*,#10647,.F.);
#10698 = B_SPLINE_SURFACE_WITH_KNOTS('',1,1,(
    (#10699,#10700)
    ,(#10701,#10702
    )),.UNSPECIFIED.,.F.,.F.,.F.,(2,2),(2,2),(0.,0.762001524003),(0.,
    0.762001524003),.PIECEWISE_BEZIER_KNOTS.);
#10699 = CARTESIAN_POINT('',(-1.25,1.240068580137,0.));
#10700 = CARTESIAN_POINT('',(1.25,1.240068580137,0.));
#10701 = CARTESIAN_POINT('',(-1.25,1.240068580137,0.762001524003));
#10702 = CARTESIAN_POINT('',(1.25,1.240068580137,0.762001524003));
#10703 = ADVANCED_FACE('',(#10704),#10710,.F.);
#10704 = FACE_BOUND('',#10705,.F.);
#10705 = EDGE_LOOP('',(#10706,#10707,#10708,#10709));
#10706 = ORIENTED_EDGE('',*,*,#10604,.F.);
#10707 = ORIENTED_EDGE('',*,*,#10667,.T.);
#10708 = ORIENTED_EDGE('',*,*,#10640,.T.);
#10709 = ORIENTED_EDGE('',*,*,#10687,.F.);
#10710 = B_SPLINE_SURFACE_WITH_KNOTS('',1,1,(
    (#10711,#10712)
    ,(#10713,#10714
    )),.UNSPECIFIED.,.F.,.F.,.F.,(2,2),(2,2),(0.,0.762001524003),(0.,
    0.762001524003),.PIECEWISE_BEZIER_KNOTS.);
#10711 = CARTESIAN_POINT('',(-1.25,-1.240093980188,0.));
#10712 = CARTESIAN_POINT('',(-1.25,1.240068580137,0.));
#10713 = CARTESIAN_POINT('',(1.25,-1.240093980188,0.));
#10714 = CARTESIAN_POINT('',(1.25,1.240068580137,0.));
#10715 = ADVANCED_FACE('',(#10716),#10722,.T.);
#10716 = FACE_BOUND('',#10717,.T.);
#10717 = EDGE_LOOP('',(#10718,#10719,#10720,#10721));
#10718 = ORIENTED_EDGE('',*,*,#10618,.F.);
#10719 = ORIENTED_EDGE('',*,*,#10673,.T.);
#10720 = ORIENTED_EDGE('',*,*,#10654,.T.);
#10721 = ORIENTED_EDGE('',*,*,#10693,.F.);
#10722 = B_SPLINE_SURFACE_WITH_KNOTS('',1,1,(
    (#10723,#10724)
    ,(#10725,#10726
    )),.UNSPECIFIED.,.F.,.F.,.F.,(2,2),(2,2),(0.,0.762001524003),(0.,
    0.762001524003),.PIECEWISE_BEZIER_KNOTS.);
#10723 = CARTESIAN_POINT('',(-1.25,-1.240093980188,0.762001524003));
#10724 = CARTESIAN_POINT('',(-1.25,1.240068580137,0.762001524003));
#10725 = CARTESIAN_POINT('',(1.25,-1.240093980188,0.762001524003));
#10726 = CARTESIAN_POINT('',(1.25,1.240068580137,0.762001524003));
#10727 = ( GEOMETRIC_REPRESENTATION_CONTEXT(3) 
GLOBAL_UNCERTAINTY_ASSIGNED_CONTEXT((#10731)) 
GLOBAL_UNIT_ASSIGNED_CONTEXT((#10728,#10729,#10730)) 
REPRESENTATION_CONTEXT('Context #1',
  '3D Context with UNIT and UNCERTAINTY') );
#10728 = ( LENGTH_UNIT() NAMED_UNIT(*) SI_UNIT(.MILLI.,.METRE.) );
#10729 = ( NAMED_UNIT(*) PLANE_ANGLE_UNIT() SI_UNIT($,.RADIAN.) );
#10730 = ( NAMED_UNIT(*) SI_UNIT($,.STERADIAN.) SOLID_ANGLE_UNIT() );
#10731 = UNCERTAINTY_MEASURE_WITH_UNIT(LENGTH_MEASURE(2.E-07),#10728,
  'distance_accuracy_value','confusion accuracy');
#10732 = CONTEXT_DEPENDENT_SHAPE_REPRESENTATION(#10733,#10735);
#10733 = ( REPRESENTATION_RELATIONSHIP('','',#10588,#10565) 
REPRESENTATION_RELATIONSHIP_WITH_TRANSFORMATION(#10734) 
SHAPE_REPRESENTATION_RELATIONSHIP() );
#10734 = ITEM_DEFINED_TRANSFORMATION('','',#11,#10566);
#10735 = PRODUCT_DEFINITION_SHAPE('Placement','Placement of an item',
  #10736);
#10736 = NEXT_ASSEMBLY_USAGE_OCCURRENCE('368','=>[0:1:1:55]','',#10560,
  #10583,$);
#10737 = PRODUCT_RELATED_PRODUCT_CATEGORY('part',$,(#10585));
#10738 = SHAPE_DEFINITION_REPRESENTATION(#10739,#10745);
#10739 = PRODUCT_DEFINITION_SHAPE('','',#10740);
#10740 = PRODUCT_DEFINITION('design','',#10741,#10744);
#10741 = PRODUCT_DEFINITION_FORMATION('','',#10742);
#10742 = PRODUCT(
'U37~VSSOP-8_L3.0-W3.0-P0.65-LS5.0-BL~VSSOP-8_
L3.0-W3.0-H1.1-LS4.9-P0.65~5ZeZ',
'U37~VSSOP-8_L3.0-W3.0-P0.65-LS5.0-BL~VSSOP-8_
L3.0-W3.0-H1.1-LS4.9-P0.65~5ZeZ','',(#10743));
#10743 = PRODUCT_CONTEXT('',#2,'mechanical');
#10744 = PRODUCT_DEFINITION_CONTEXT('part definition',#2,'design');
#10745 = SHAPE_REPRESENTATION('',(#11,#10746),#10750);
#10746 = AXIS2_PLACEMENT_3D('',#10747,#10748,#10749);
#10747 = CARTESIAN_POINT('',(0.,0.,0.));
#10748 = DIRECTION('',(0.,0.,1.));
#10749 = DIRECTION('',(1.,0.,-0.));
#10750 = ( GEOMETRIC_REPRESENTATION_CONTEXT(3) 
GLOBAL_UNCERTAINTY_ASSIGNED_CONTEXT((#10754)) 
GLOBAL_UNIT_ASSIGNED_CONTEXT((#10751,#10752,#10753)) 
REPRESENTATION_CONTEXT('Context #1',
  '3D Context with UNIT and UNCERTAINTY') );
#10751 = ( LENGTH_UNIT() NAMED_UNIT(*) SI_UNIT(.MILLI.,.METRE.) );
#10752 = ( NAMED_UNIT(*) PLANE_ANGLE_UNIT() SI_UNIT($,.RADIAN.) );
#10753 = ( NAMED_UNIT(*) SI_UNIT($,.STERADIAN.) SOLID_ANGLE_UNIT() );
#10754 = UNCERTAINTY_MEASURE_WITH_UNIT(LENGTH_MEASURE(5.E-07),#10751,
  'distance_accuracy_value','confusion accuracy');
#10755 = CONTEXT_DEPENDENT_SHAPE_REPRESENTATION(#10756,#10758);
#10756 = ( REPRESENTATION_RELATIONSHIP('','',#10745,#10) 
REPRESENTATION_RELATIONSHIP_WITH_TRANSFORMATION(#10757) 
SHAPE_REPRESENTATION_RELATIONSHIP() );
#10757 = ITEM_DEFINED_TRANSFORMATION('','',#11,#1391);
#10758 = PRODUCT_DEFINITION_SHAPE('Placement','Placement of an item',
  #10759);
#10759 = NEXT_ASSEMBLY_USAGE_OCCURRENCE('371','=>[0:1:1:58]','',#5,
  #10740,$);
#10760 = PRODUCT_RELATED_PRODUCT_CATEGORY('part',$,(#10742));
#10761 = SHAPE_DEFINITION_REPRESENTATION(#10762,#10768);
#10762 = PRODUCT_DEFINITION_SHAPE('','',#10763);
#10763 = PRODUCT_DEFINITION('design','',#10764,#10767);
#10764 = PRODUCT_DEFINITION_FORMATION('','',#10765);
#10765 = PRODUCT(
'U47~VSSOP-8_L3.0-W3.0-P0.65-LS4.9-BL~VSSOP-8_
L3.0-W3.0-H1.1-LS4.9-P0.65~5ZeZ',
'U47~VSSOP-8_L3.0-W3.0-P0.65-LS4.9-BL~VSSOP-8_
L3.0-W3.0-H1.1-LS4.9-P0.65~5ZeZ','',(#10766));
#10766 = PRODUCT_CONTEXT('',#2,'mechanical');
#10767 = PRODUCT_DEFINITION_CONTEXT('part definition',#2,'design');
#10768 = ADVANCED_BREP_SHAPE_REPRESENTATION('',(#11,#10769),#10907);
#10769 = MANIFOLD_SOLID_BREP('',#10770);
#10770 = CLOSED_SHELL('',(#10771,#10807,#10843,#10863,#10883,#10895));
#10771 = ADVANCED_FACE('',(#10772),#10802,.F.);
#10772 = FACE_BOUND('',#10773,.F.);
#10773 = EDGE_LOOP('',(#10774,#10783,#10790,#10797));
#10774 = ORIENTED_EDGE('',*,*,#10775,.F.);
#10775 = EDGE_CURVE('',#10776,#10778,#10780,.T.);
#10776 = VERTEX_POINT('',#10777);
#10777 = CARTESIAN_POINT('',(1.5,-2.506265303531,0.));
#10778 = VERTEX_POINT('',#10779);
#10779 = CARTESIAN_POINT('',(1.5,-2.506265303531,0.762001524003));
#10780 = B_SPLINE_CURVE_WITH_KNOTS('',1,(#10781,#10782),.UNSPECIFIED.,
  .F.,.F.,(2,2),(0.,0.762001524003),.PIECEWISE_BEZIER_KNOTS.);
#10781 = CARTESIAN_POINT('',(1.5,-2.506265303531,0.));
#10782 = CARTESIAN_POINT('',(1.5,-2.506265303531,0.762001524003));
#10783 = ORIENTED_EDGE('',*,*,#10784,.T.);
#10784 = EDGE_CURVE('',#10776,#10785,#10787,.T.);
#10785 = VERTEX_POINT('',#10786);
#10786 = CARTESIAN_POINT('',(-1.5,-2.506265303531,0.));
#10787 = B_SPLINE_CURVE_WITH_KNOTS('',1,(#10788,#10789),.UNSPECIFIED.,
  .F.,.F.,(2,2),(0.,0.762001524003),.PIECEWISE_BEZIER_KNOTS.);
#10788 = CARTESIAN_POINT('',(1.5,-2.506265303531,0.));
#10789 = CARTESIAN_POINT('',(-1.5,-2.506265303531,0.));
#10790 = ORIENTED_EDGE('',*,*,#10791,.T.);
#10791 = EDGE_CURVE('',#10785,#10792,#10794,.T.);
#10792 = VERTEX_POINT('',#10793);
#10793 = CARTESIAN_POINT('',(-1.5,-2.506265303531,0.762001524003));
#10794 = B_SPLINE_CURVE_WITH_KNOTS('',1,(#10795,#10796),.UNSPECIFIED.,
  .F.,.F.,(2,2),(0.,0.762001524003),.PIECEWISE_BEZIER_KNOTS.);
#10795 = CARTESIAN_POINT('',(-1.5,-2.506265303531,0.));
#10796 = CARTESIAN_POINT('',(-1.5,-2.506265303531,0.762001524003));
#10797 = ORIENTED_EDGE('',*,*,#10798,.F.);
#10798 = EDGE_CURVE('',#10778,#10792,#10799,.T.);
#10799 = B_SPLINE_CURVE_WITH_KNOTS('',1,(#10800,#10801),.UNSPECIFIED.,
  .F.,.F.,(2,2),(0.,0.762001524003),.PIECEWISE_BEZIER_KNOTS.);
#10800 = CARTESIAN_POINT('',(1.5,-2.506265303531,0.762001524003));
#10801 = CARTESIAN_POINT('',(-1.5,-2.506265303531,0.762001524003));
#10802 = B_SPLINE_SURFACE_WITH_KNOTS('',1,1,(
    (#10803,#10804)
    ,(#10805,#10806
    )),.UNSPECIFIED.,.F.,.F.,.F.,(2,2),(2,2),(0.,0.762001524003),(
    -0.762001524003,0.),.PIECEWISE_BEZIER_KNOTS.);
#10803 = CARTESIAN_POINT('',(-1.5,-2.506265303531,0.));
#10804 = CARTESIAN_POINT('',(1.5,-2.506265303531,0.));
#10805 = CARTESIAN_POINT('',(-1.5,-2.506265303531,0.762001524003));
#10806 = CARTESIAN_POINT('',(1.5,-2.506265303531,0.762001524003));
#10807 = ADVANCED_FACE('',(#10808),#10838,.T.);
#10808 = FACE_BOUND('',#10809,.T.);
#10809 = EDGE_LOOP('',(#10810,#10819,#10826,#10833));
#10810 = ORIENTED_EDGE('',*,*,#10811,.F.);
#10811 = EDGE_CURVE('',#10812,#10814,#10816,.T.);
#10812 = VERTEX_POINT('',#10813);
#10813 = CARTESIAN_POINT('',(1.5,2.506290703581,0.));
#10814 = VERTEX_POINT('',#10815);
#10815 = CARTESIAN_POINT('',(1.5,2.506290703581,0.762001524003));
#10816 = B_SPLINE_CURVE_WITH_KNOTS('',1,(#10817,#10818),.UNSPECIFIED.,
  .F.,.F.,(2,2),(0.,0.762001524003),.PIECEWISE_BEZIER_KNOTS.);
#10817 = CARTESIAN_POINT('',(1.5,2.506290703581,0.));
#10818 = CARTESIAN_POINT('',(1.5,2.506290703581,0.762001524003));
#10819 = ORIENTED_EDGE('',*,*,#10820,.T.);
#10820 = EDGE_CURVE('',#10812,#10821,#10823,.T.);
#10821 = VERTEX_POINT('',#10822);
#10822 = CARTESIAN_POINT('',(-1.5,2.506290703581,0.));
#10823 = B_SPLINE_CURVE_WITH_KNOTS('',1,(#10824,#10825),.UNSPECIFIED.,
  .F.,.F.,(2,2),(0.,0.762001524003),.PIECEWISE_BEZIER_KNOTS.);
#10824 = CARTESIAN_POINT('',(1.5,2.506290703581,0.));
#10825 = CARTESIAN_POINT('',(-1.5,2.506290703581,0.));
#10826 = ORIENTED_EDGE('',*,*,#10827,.T.);
#10827 = EDGE_CURVE('',#10821,#10828,#10830,.T.);
#10828 = VERTEX_POINT('',#10829);
#10829 = CARTESIAN_POINT('',(-1.5,2.506290703581,0.762001524003));
#10830 = B_SPLINE_CURVE_WITH_KNOTS('',1,(#10831,#10832),.UNSPECIFIED.,
  .F.,.F.,(2,2),(0.,0.762001524003),.PIECEWISE_BEZIER_KNOTS.);
#10831 = CARTESIAN_POINT('',(-1.5,2.506290703581,0.));
#10832 = CARTESIAN_POINT('',(-1.5,2.506290703581,0.762001524003));
#10833 = ORIENTED_EDGE('',*,*,#10834,.F.);
#10834 = EDGE_CURVE('',#10814,#10828,#10835,.T.);
#10835 = B_SPLINE_CURVE_WITH_KNOTS('',1,(#10836,#10837),.UNSPECIFIED.,
  .F.,.F.,(2,2),(0.,0.762001524003),.PIECEWISE_BEZIER_KNOTS.);
#10836 = CARTESIAN_POINT('',(1.5,2.506290703581,0.762001524003));
#10837 = CARTESIAN_POINT('',(-1.5,2.506290703581,0.762001524003));
#10838 = B_SPLINE_SURFACE_WITH_KNOTS('',1,1,(
    (#10839,#10840)
    ,(#10841,#10842
    )),.UNSPECIFIED.,.F.,.F.,.F.,(2,2),(2,2),(0.,0.762001524003),(
    -0.762001524003,0.),.PIECEWISE_BEZIER_KNOTS.);
#10839 = CARTESIAN_POINT('',(-1.5,2.506290703581,0.));
#10840 = CARTESIAN_POINT('',(1.5,2.506290703581,0.));
#10841 = CARTESIAN_POINT('',(-1.5,2.506290703581,0.762001524003));
#10842 = CARTESIAN_POINT('',(1.5,2.506290703581,0.762001524003));
#10843 = ADVANCED_FACE('',(#10844),#10858,.F.);
#10844 = FACE_BOUND('',#10845,.F.);
#10845 = EDGE_LOOP('',(#10846,#10851,#10852,#10857));
#10846 = ORIENTED_EDGE('',*,*,#10847,.F.);
#10847 = EDGE_CURVE('',#10776,#10812,#10848,.T.);
#10848 = B_SPLINE_CURVE_WITH_KNOTS('',1,(#10849,#10850),.UNSPECIFIED.,
  .F.,.F.,(2,2),(0.,0.762001524003),.PIECEWISE_BEZIER_KNOTS.);
#10849 = CARTESIAN_POINT('',(1.5,-2.506265303531,0.));
#10850 = CARTESIAN_POINT('',(1.5,2.506290703581,0.));
#10851 = ORIENTED_EDGE('',*,*,#10775,.T.);
#10852 = ORIENTED_EDGE('',*,*,#10853,.T.);
#10853 = EDGE_CURVE('',#10778,#10814,#10854,.T.);
#10854 = B_SPLINE_CURVE_WITH_KNOTS('',1,(#10855,#10856),.UNSPECIFIED.,
  .F.,.F.,(2,2),(0.,0.762001524003),.PIECEWISE_BEZIER_KNOTS.);
#10855 = CARTESIAN_POINT('',(1.5,-2.506265303531,0.762001524003));
#10856 = CARTESIAN_POINT('',(1.5,2.506290703581,0.762001524003));
#10857 = ORIENTED_EDGE('',*,*,#10811,.F.);
#10858 = B_SPLINE_SURFACE_WITH_KNOTS('',1,1,(
    (#10859,#10860)
    ,(#10861,#10862
    )),.UNSPECIFIED.,.F.,.F.,.F.,(2,2),(2,2),(0.,0.762001524003),(0.,
    0.762001524003),.PIECEWISE_BEZIER_KNOTS.);
#10859 = CARTESIAN_POINT('',(1.5,-2.506265303531,0.));
#10860 = CARTESIAN_POINT('',(1.5,2.506290703581,0.));
#10861 = CARTESIAN_POINT('',(1.5,-2.506265303531,0.762001524003));
#10862 = CARTESIAN_POINT('',(1.5,2.506290703581,0.762001524003));
#10863 = ADVANCED_FACE('',(#10864),#10878,.T.);
#10864 = FACE_BOUND('',#10865,.T.);
#10865 = EDGE_LOOP('',(#10866,#10871,#10872,#10877));
#10866 = ORIENTED_EDGE('',*,*,#10867,.F.);
#10867 = EDGE_CURVE('',#10785,#10821,#10868,.T.);
#10868 = B_SPLINE_CURVE_WITH_KNOTS('',1,(#10869,#10870),.UNSPECIFIED.,
  .F.,.F.,(2,2),(0.,0.762001524003),.PIECEWISE_BEZIER_KNOTS.);
#10869 = CARTESIAN_POINT('',(-1.5,-2.506265303531,0.));
#10870 = CARTESIAN_POINT('',(-1.5,2.506290703581,0.));
#10871 = ORIENTED_EDGE('',*,*,#10791,.T.);
#10872 = ORIENTED_EDGE('',*,*,#10873,.T.);
#10873 = EDGE_CURVE('',#10792,#10828,#10874,.T.);
#10874 = B_SPLINE_CURVE_WITH_KNOTS('',1,(#10875,#10876),.UNSPECIFIED.,
  .F.,.F.,(2,2),(0.,0.762001524003),.PIECEWISE_BEZIER_KNOTS.);
#10875 = CARTESIAN_POINT('',(-1.5,-2.506265303531,0.762001524003));
#10876 = CARTESIAN_POINT('',(-1.5,2.506290703581,0.762001524003));
#10877 = ORIENTED_EDGE('',*,*,#10827,.F.);
#10878 = B_SPLINE_SURFACE_WITH_KNOTS('',1,1,(
    (#10879,#10880)
    ,(#10881,#10882
    )),.UNSPECIFIED.,.F.,.F.,.F.,(2,2),(2,2),(0.,0.762001524003),(0.,
    0.762001524003),.PIECEWISE_BEZIER_KNOTS.);
#10879 = CARTESIAN_POINT('',(-1.5,-2.506265303531,0.));
#10880 = CARTESIAN_POINT('',(-1.5,2.506290703581,0.));
#10881 = CARTESIAN_POINT('',(-1.5,-2.506265303531,0.762001524003));
#10882 = CARTESIAN_POINT('',(-1.5,2.506290703581,0.762001524003));
#10883 = ADVANCED_FACE('',(#10884),#10890,.F.);
#10884 = FACE_BOUND('',#10885,.F.);
#10885 = EDGE_LOOP('',(#10886,#10887,#10888,#10889));
#10886 = ORIENTED_EDGE('',*,*,#10784,.F.);
#10887 = ORIENTED_EDGE('',*,*,#10847,.T.);
#10888 = ORIENTED_EDGE('',*,*,#10820,.T.);
#10889 = ORIENTED_EDGE('',*,*,#10867,.F.);
#10890 = B_SPLINE_SURFACE_WITH_KNOTS('',1,1,(
    (#10891,#10892)
    ,(#10893,#10894
    )),.UNSPECIFIED.,.F.,.F.,.F.,(2,2),(2,2),(0.,0.762001524003),(0.,
    0.762001524003),.PIECEWISE_BEZIER_KNOTS.);
#10891 = CARTESIAN_POINT('',(1.5,-2.506265303531,0.));
#10892 = CARTESIAN_POINT('',(-1.5,-2.506265303531,0.));
#10893 = CARTESIAN_POINT('',(1.5,2.506290703581,0.));
#10894 = CARTESIAN_POINT('',(-1.5,2.506290703581,0.));
#10895 = ADVANCED_FACE('',(#10896),#10902,.T.);
#10896 = FACE_BOUND('',#10897,.T.);
#10897 = EDGE_LOOP('',(#10898,#10899,#10900,#10901));
#10898 = ORIENTED_EDGE('',*,*,#10798,.F.);
#10899 = ORIENTED_EDGE('',*,*,#10853,.T.);
#10900 = ORIENTED_EDGE('',*,*,#10834,.T.);
#10901 = ORIENTED_EDGE('',*,*,#10873,.F.);
#10902 = B_SPLINE_SURFACE_WITH_KNOTS('',1,1,(
    (#10903,#10904)
    ,(#10905,#10906
    )),.UNSPECIFIED.,.F.,.F.,.F.,(2,2),(2,2),(0.,0.762001524003),(0.,
    0.762001524003),.PIECEWISE_BEZIER_KNOTS.);
#10903 = CARTESIAN_POINT('',(1.5,-2.506265303531,0.762001524003));
#10904 = CARTESIAN_POINT('',(-1.5,-2.506265303531,0.762001524003));
#10905 = CARTESIAN_POINT('',(1.5,2.506290703581,0.762001524003));
#10906 = CARTESIAN_POINT('',(-1.5,2.506290703581,0.762001524003));
#10907 = ( GEOMETRIC_REPRESENTATION_CONTEXT(3) 
GLOBAL_UNCERTAINTY_ASSIGNED_CONTEXT((#10911)) 
GLOBAL_UNIT_ASSIGNED_CONTEXT((#10908,#10909,#10910)) 
REPRESENTATION_CONTEXT('Context #1',
  '3D Context with UNIT and UNCERTAINTY') );
#10908 = ( LENGTH_UNIT() NAMED_UNIT(*) SI_UNIT(.MILLI.,.METRE.) );
#10909 = ( NAMED_UNIT(*) PLANE_ANGLE_UNIT() SI_UNIT($,.RADIAN.) );
#10910 = ( NAMED_UNIT(*) SI_UNIT($,.STERADIAN.) SOLID_ANGLE_UNIT() );
#10911 = UNCERTAINTY_MEASURE_WITH_UNIT(LENGTH_MEASURE(5.E-07),#10908,
  'distance_accuracy_value','confusion accuracy');
#10912 = CONTEXT_DEPENDENT_SHAPE_REPRESENTATION(#10913,#10915);
#10913 = ( REPRESENTATION_RELATIONSHIP('','',#10768,#10745) 
REPRESENTATION_RELATIONSHIP_WITH_TRANSFORMATION(#10914) 
SHAPE_REPRESENTATION_RELATIONSHIP() );
#10914 = ITEM_DEFINED_TRANSFORMATION('','',#11,#10746);
#10915 = PRODUCT_DEFINITION_SHAPE('Placement','Placement of an item',
  #10916);
#10916 = NEXT_ASSEMBLY_USAGE_OCCURRENCE('370','=>[0:1:1:57]','',#10740,
  #10763,$);
#10917 = PRODUCT_RELATED_PRODUCT_CATEGORY('part',$,(#10765));
#10918 = CONTEXT_DEPENDENT_SHAPE_REPRESENTATION(#10919,#10921);
#10919 = ( REPRESENTATION_RELATIONSHIP('','',#10768,#10) 
REPRESENTATION_RELATIONSHIP_WITH_TRANSFORMATION(#10920) 
SHAPE_REPRESENTATION_RELATIONSHIP() );
#10920 = ITEM_DEFINED_TRANSFORMATION('','',#11,#1395);
#10921 = PRODUCT_DEFINITION_SHAPE('Placement','Placement of an item',
  #10922);
#10922 = NEXT_ASSEMBLY_USAGE_OCCURRENCE('372','=>[0:1:1:57]','',#5,
  #10763,$);
#10923 = SHAPE_DEFINITION_REPRESENTATION(#10924,#10930);
#10924 = PRODUCT_DEFINITION_SHAPE('','',#10925);
#10925 = PRODUCT_DEFINITION('design','',#10926,#10929);
#10926 = PRODUCT_DEFINITION_FORMATION('','',#10927);
#10927 = PRODUCT(
  'U39~VQFN-20_L5.0-W5.0-P0.65-TL-EP~VQFN-20_L5.0-W5.0-H1.0-P0.65~5ZeZ',
  'U39~VQFN-20_L5.0-W5.0-P0.65-TL-EP~VQFN-20_L5.0-W5.0-H1.0-P0.65~5ZeZ',
  '',(#10928));
#10928 = PRODUCT_CONTEXT('',#2,'mechanical');
#10929 = PRODUCT_DEFINITION_CONTEXT('part definition',#2,'design');
#10930 = SHAPE_REPRESENTATION('',(#11,#10931),#10935);
#10931 = AXIS2_PLACEMENT_3D('',#10932,#10933,#10934);
#10932 = CARTESIAN_POINT('',(0.,0.,0.));
#10933 = DIRECTION('',(0.,0.,1.));
#10934 = DIRECTION('',(1.,0.,-0.));
#10935 = ( GEOMETRIC_REPRESENTATION_CONTEXT(3) 
GLOBAL_UNCERTAINTY_ASSIGNED_CONTEXT((#10939)) 
GLOBAL_UNIT_ASSIGNED_CONTEXT((#10936,#10937,#10938)) 
REPRESENTATION_CONTEXT('Context #1',
  '3D Context with UNIT and UNCERTAINTY') );
#10936 = ( LENGTH_UNIT() NAMED_UNIT(*) SI_UNIT(.MILLI.,.METRE.) );
#10937 = ( NAMED_UNIT(*) PLANE_ANGLE_UNIT() SI_UNIT($,.RADIAN.) );
#10938 = ( NAMED_UNIT(*) SI_UNIT($,.STERADIAN.) SOLID_ANGLE_UNIT() );
#10939 = UNCERTAINTY_MEASURE_WITH_UNIT(LENGTH_MEASURE(5.E-07),#10936,
  'distance_accuracy_value','confusion accuracy');
#10940 = CONTEXT_DEPENDENT_SHAPE_REPRESENTATION(#10941,#10943);
#10941 = ( REPRESENTATION_RELATIONSHIP('','',#10930,#10) 
REPRESENTATION_RELATIONSHIP_WITH_TRANSFORMATION(#10942) 
SHAPE_REPRESENTATION_RELATIONSHIP() );
#10942 = ITEM_DEFINED_TRANSFORMATION('','',#11,#1399);
#10943 = PRODUCT_DEFINITION_SHAPE('Placement','Placement of an item',
  #10944);
#10944 = NEXT_ASSEMBLY_USAGE_OCCURRENCE('374','=>[0:1:1:60]','',#5,
  #10925,$);
#10945 = PRODUCT_RELATED_PRODUCT_CATEGORY('part',$,(#10927));
#10946 = SHAPE_DEFINITION_REPRESENTATION(#10947,#10953);
#10947 = PRODUCT_DEFINITION_SHAPE('','',#10948);
#10948 = PRODUCT_DEFINITION('design','',#10949,#10952);
#10949 = PRODUCT_DEFINITION_FORMATION('','',#10950);
#10950 = PRODUCT(
  'VQFN-20_L5.0-W5.0-P0.65-TL-EP~VQFN-20_L5.0-W5.0-H1.0-P0.65~5ZeZ',
  'VQFN-20_L5.0-W5.0-P0.65-TL-EP~VQFN-20_L5.0-W5.0-H1.0-P0.65~5ZeZ','',(
    #10951));
#10951 = PRODUCT_CONTEXT('',#2,'mechanical');
#10952 = PRODUCT_DEFINITION_CONTEXT('part definition',#2,'design');
#10953 = ADVANCED_BREP_SHAPE_REPRESENTATION('',(#11,#10954),#11092);
#10954 = MANIFOLD_SOLID_BREP('',#10955);
#10955 = CLOSED_SHELL('',(#10956,#10992,#11028,#11048,#11068,#11080));
#10956 = ADVANCED_FACE('',(#10957),#10987,.F.);
#10957 = FACE_BOUND('',#10958,.F.);
#10958 = EDGE_LOOP('',(#10959,#10968,#10975,#10982));
#10959 = ORIENTED_EDGE('',*,*,#10960,.F.);
#10960 = EDGE_CURVE('',#10961,#10963,#10965,.T.);
#10961 = VERTEX_POINT('',#10962);
#10962 = CARTESIAN_POINT('',(-2.510152400305,-2.509847599695,0.));
#10963 = VERTEX_POINT('',#10964);
#10964 = CARTESIAN_POINT('',(-2.510152400305,-2.509847599695,
    0.762001524003));
#10965 = B_SPLINE_CURVE_WITH_KNOTS('',1,(#10966,#10967),.UNSPECIFIED.,
  .F.,.F.,(2,2),(0.,0.762001524003),.PIECEWISE_BEZIER_KNOTS.);
#10966 = CARTESIAN_POINT('',(-2.510152400305,-2.509847599695,0.));
#10967 = CARTESIAN_POINT('',(-2.510152400305,-2.509847599695,
    0.762001524003));
#10968 = ORIENTED_EDGE('',*,*,#10969,.T.);
#10969 = EDGE_CURVE('',#10961,#10970,#10972,.T.);
#10970 = VERTEX_POINT('',#10971);
#10971 = CARTESIAN_POINT('',(-2.510152400305,2.510152400305,0.));
#10972 = B_SPLINE_CURVE_WITH_KNOTS('',1,(#10973,#10974),.UNSPECIFIED.,
  .F.,.F.,(2,2),(0.,0.762001524003),.PIECEWISE_BEZIER_KNOTS.);
#10973 = CARTESIAN_POINT('',(-2.510152400305,-2.509847599695,0.));
#10974 = CARTESIAN_POINT('',(-2.510152400305,2.510152400305,0.));
#10975 = ORIENTED_EDGE('',*,*,#10976,.T.);
#10976 = EDGE_CURVE('',#10970,#10977,#10979,.T.);
#10977 = VERTEX_POINT('',#10978);
#10978 = CARTESIAN_POINT('',(-2.510152400305,2.510152400305,
    0.762001524003));
#10979 = B_SPLINE_CURVE_WITH_KNOTS('',1,(#10980,#10981),.UNSPECIFIED.,
  .F.,.F.,(2,2),(0.,0.762001524003),.PIECEWISE_BEZIER_KNOTS.);
#10980 = CARTESIAN_POINT('',(-2.510152400305,2.510152400305,0.));
#10981 = CARTESIAN_POINT('',(-2.510152400305,2.510152400305,
    0.762001524003));
#10982 = ORIENTED_EDGE('',*,*,#10983,.F.);
#10983 = EDGE_CURVE('',#10963,#10977,#10984,.T.);
#10984 = B_SPLINE_CURVE_WITH_KNOTS('',1,(#10985,#10986),.UNSPECIFIED.,
  .F.,.F.,(2,2),(0.,0.762001524003),.PIECEWISE_BEZIER_KNOTS.);
#10985 = CARTESIAN_POINT('',(-2.510152400305,-2.509847599695,
    0.762001524003));
#10986 = CARTESIAN_POINT('',(-2.510152400305,2.510152400305,
    0.762001524003));
#10987 = B_SPLINE_SURFACE_WITH_KNOTS('',1,1,(
    (#10988,#10989)
    ,(#10990,#10991
    )),.UNSPECIFIED.,.F.,.F.,.F.,(2,2),(2,2),(0.,0.762001524003),(
    -0.762001524003,0.),.PIECEWISE_BEZIER_KNOTS.);
#10988 = CARTESIAN_POINT('',(-2.510152400305,2.510152400305,0.));
#10989 = CARTESIAN_POINT('',(-2.510152400305,-2.509847599695,0.));
#10990 = CARTESIAN_POINT('',(-2.510152400305,2.510152400305,
    0.762001524003));
#10991 = CARTESIAN_POINT('',(-2.510152400305,-2.509847599695,
    0.762001524003));
#10992 = ADVANCED_FACE('',(#10993),#11023,.T.);
#10993 = FACE_BOUND('',#10994,.T.);
#10994 = EDGE_LOOP('',(#10995,#11004,#11011,#11018));
#10995 = ORIENTED_EDGE('',*,*,#10996,.F.);
#10996 = EDGE_CURVE('',#10997,#10999,#11001,.T.);
#10997 = VERTEX_POINT('',#10998);
#10998 = CARTESIAN_POINT('',(2.509847599695,-2.509847599695,0.));
#10999 = VERTEX_POINT('',#11000);
#11000 = CARTESIAN_POINT('',(2.509847599695,-2.509847599695,
    0.762001524003));
#11001 = B_SPLINE_CURVE_WITH_KNOTS('',1,(#11002,#11003),.UNSPECIFIED.,
  .F.,.F.,(2,2),(0.,0.762001524003),.PIECEWISE_BEZIER_KNOTS.);
#11002 = CARTESIAN_POINT('',(2.509847599695,-2.509847599695,0.));
#11003 = CARTESIAN_POINT('',(2.509847599695,-2.509847599695,
    0.762001524003));
#11004 = ORIENTED_EDGE('',*,*,#11005,.T.);
#11005 = EDGE_CURVE('',#10997,#11006,#11008,.T.);
#11006 = VERTEX_POINT('',#11007);
#11007 = CARTESIAN_POINT('',(2.509847599695,2.510152400305,0.));
#11008 = B_SPLINE_CURVE_WITH_KNOTS('',1,(#11009,#11010),.UNSPECIFIED.,
  .F.,.F.,(2,2),(0.,0.762001524003),.PIECEWISE_BEZIER_KNOTS.);
#11009 = CARTESIAN_POINT('',(2.509847599695,-2.509847599695,0.));
#11010 = CARTESIAN_POINT('',(2.509847599695,2.510152400305,0.));
#11011 = ORIENTED_EDGE('',*,*,#11012,.T.);
#11012 = EDGE_CURVE('',#11006,#11013,#11015,.T.);
#11013 = VERTEX_POINT('',#11014);
#11014 = CARTESIAN_POINT('',(2.509847599695,2.510152400305,
    0.762001524003));
#11015 = B_SPLINE_CURVE_WITH_KNOTS('',1,(#11016,#11017),.UNSPECIFIED.,
  .F.,.F.,(2,2),(0.,0.762001524003),.PIECEWISE_BEZIER_KNOTS.);
#11016 = CARTESIAN_POINT('',(2.509847599695,2.510152400305,0.));
#11017 = CARTESIAN_POINT('',(2.509847599695,2.510152400305,
    0.762001524003));
#11018 = ORIENTED_EDGE('',*,*,#11019,.F.);
#11019 = EDGE_CURVE('',#10999,#11013,#11020,.T.);
#11020 = B_SPLINE_CURVE_WITH_KNOTS('',1,(#11021,#11022),.UNSPECIFIED.,
  .F.,.F.,(2,2),(0.,0.762001524003),.PIECEWISE_BEZIER_KNOTS.);
#11021 = CARTESIAN_POINT('',(2.509847599695,-2.509847599695,
    0.762001524003));
#11022 = CARTESIAN_POINT('',(2.509847599695,2.510152400305,
    0.762001524003));
#11023 = B_SPLINE_SURFACE_WITH_KNOTS('',1,1,(
    (#11024,#11025)
    ,(#11026,#11027
    )),.UNSPECIFIED.,.F.,.F.,.F.,(2,2),(2,2),(0.,0.762001524003),(
    -0.762001524003,0.),.PIECEWISE_BEZIER_KNOTS.);
#11024 = CARTESIAN_POINT('',(2.509847599695,2.510152400305,0.));
#11025 = CARTESIAN_POINT('',(2.509847599695,-2.509847599695,0.));
#11026 = CARTESIAN_POINT('',(2.509847599695,2.510152400305,
    0.762001524003));
#11027 = CARTESIAN_POINT('',(2.509847599695,-2.509847599695,
    0.762001524003));
#11028 = ADVANCED_FACE('',(#11029),#11043,.F.);
#11029 = FACE_BOUND('',#11030,.F.);
#11030 = EDGE_LOOP('',(#11031,#11036,#11037,#11042));
#11031 = ORIENTED_EDGE('',*,*,#11032,.F.);
#11032 = EDGE_CURVE('',#10961,#10997,#11033,.T.);
#11033 = B_SPLINE_CURVE_WITH_KNOTS('',1,(#11034,#11035),.UNSPECIFIED.,
  .F.,.F.,(2,2),(0.,0.762001524003),.PIECEWISE_BEZIER_KNOTS.);
#11034 = CARTESIAN_POINT('',(-2.510152400305,-2.509847599695,0.));
#11035 = CARTESIAN_POINT('',(2.509847599695,-2.509847599695,0.));
#11036 = ORIENTED_EDGE('',*,*,#10960,.T.);
#11037 = ORIENTED_EDGE('',*,*,#11038,.T.);
#11038 = EDGE_CURVE('',#10963,#10999,#11039,.T.);
#11039 = B_SPLINE_CURVE_WITH_KNOTS('',1,(#11040,#11041),.UNSPECIFIED.,
  .F.,.F.,(2,2),(0.,0.762001524003),.PIECEWISE_BEZIER_KNOTS.);
#11040 = CARTESIAN_POINT('',(-2.510152400305,-2.509847599695,
    0.762001524003));
#11041 = CARTESIAN_POINT('',(2.509847599695,-2.509847599695,
    0.762001524003));
#11042 = ORIENTED_EDGE('',*,*,#10996,.F.);
#11043 = B_SPLINE_SURFACE_WITH_KNOTS('',1,1,(
    (#11044,#11045)
    ,(#11046,#11047
    )),.UNSPECIFIED.,.F.,.F.,.F.,(2,2),(2,2),(0.,0.762001524003),(0.,
    0.762001524003),.PIECEWISE_BEZIER_KNOTS.);
#11044 = CARTESIAN_POINT('',(-2.510152400305,-2.509847599695,0.));
#11045 = CARTESIAN_POINT('',(2.509847599695,-2.509847599695,0.));
#11046 = CARTESIAN_POINT('',(-2.510152400305,-2.509847599695,
    0.762001524003));
#11047 = CARTESIAN_POINT('',(2.509847599695,-2.509847599695,
    0.762001524003));
#11048 = ADVANCED_FACE('',(#11049),#11063,.T.);
#11049 = FACE_BOUND('',#11050,.T.);
#11050 = EDGE_LOOP('',(#11051,#11056,#11057,#11062));
#11051 = ORIENTED_EDGE('',*,*,#11052,.F.);
#11052 = EDGE_CURVE('',#10970,#11006,#11053,.T.);
#11053 = B_SPLINE_CURVE_WITH_KNOTS('',1,(#11054,#11055),.UNSPECIFIED.,
  .F.,.F.,(2,2),(0.,0.762001524003),.PIECEWISE_BEZIER_KNOTS.);
#11054 = CARTESIAN_POINT('',(-2.510152400305,2.510152400305,0.));
#11055 = CARTESIAN_POINT('',(2.509847599695,2.510152400305,0.));
#11056 = ORIENTED_EDGE('',*,*,#10976,.T.);
#11057 = ORIENTED_EDGE('',*,*,#11058,.T.);
#11058 = EDGE_CURVE('',#10977,#11013,#11059,.T.);
#11059 = B_SPLINE_CURVE_WITH_KNOTS('',1,(#11060,#11061),.UNSPECIFIED.,
  .F.,.F.,(2,2),(0.,0.762001524003),.PIECEWISE_BEZIER_KNOTS.);
#11060 = CARTESIAN_POINT('',(-2.510152400305,2.510152400305,
    0.762001524003));
#11061 = CARTESIAN_POINT('',(2.509847599695,2.510152400305,
    0.762001524003));
#11062 = ORIENTED_EDGE('',*,*,#11012,.F.);
#11063 = B_SPLINE_SURFACE_WITH_KNOTS('',1,1,(
    (#11064,#11065)
    ,(#11066,#11067
    )),.UNSPECIFIED.,.F.,.F.,.F.,(2,2),(2,2),(0.,0.762001524003),(0.,
    0.762001524003),.PIECEWISE_BEZIER_KNOTS.);
#11064 = CARTESIAN_POINT('',(-2.510152400305,2.510152400305,0.));
#11065 = CARTESIAN_POINT('',(2.509847599695,2.510152400305,0.));
#11066 = CARTESIAN_POINT('',(-2.510152400305,2.510152400305,
    0.762001524003));
#11067 = CARTESIAN_POINT('',(2.509847599695,2.510152400305,
    0.762001524003));
#11068 = ADVANCED_FACE('',(#11069),#11075,.F.);
#11069 = FACE_BOUND('',#11070,.F.);
#11070 = EDGE_LOOP('',(#11071,#11072,#11073,#11074));
#11071 = ORIENTED_EDGE('',*,*,#10969,.F.);
#11072 = ORIENTED_EDGE('',*,*,#11032,.T.);
#11073 = ORIENTED_EDGE('',*,*,#11005,.T.);
#11074 = ORIENTED_EDGE('',*,*,#11052,.F.);
#11075 = B_SPLINE_SURFACE_WITH_KNOTS('',1,1,(
    (#11076,#11077)
    ,(#11078,#11079
    )),.UNSPECIFIED.,.F.,.F.,.F.,(2,2),(2,2),(0.,0.762001524003),(0.,
    0.762001524003),.PIECEWISE_BEZIER_KNOTS.);
#11076 = CARTESIAN_POINT('',(-2.510152400305,-2.509847599695,0.));
#11077 = CARTESIAN_POINT('',(-2.510152400305,2.510152400305,0.));
#11078 = CARTESIAN_POINT('',(2.509847599695,-2.509847599695,0.));
#11079 = CARTESIAN_POINT('',(2.509847599695,2.510152400305,0.));
#11080 = ADVANCED_FACE('',(#11081),#11087,.T.);
#11081 = FACE_BOUND('',#11082,.T.);
#11082 = EDGE_LOOP('',(#11083,#11084,#11085,#11086));
#11083 = ORIENTED_EDGE('',*,*,#10983,.F.);
#11084 = ORIENTED_EDGE('',*,*,#11038,.T.);
#11085 = ORIENTED_EDGE('',*,*,#11019,.T.);
#11086 = ORIENTED_EDGE('',*,*,#11058,.F.);
#11087 = B_SPLINE_SURFACE_WITH_KNOTS('',1,1,(
    (#11088,#11089)
    ,(#11090,#11091
    )),.UNSPECIFIED.,.F.,.F.,.F.,(2,2),(2,2),(0.,0.762001524003),(0.,
    0.762001524003),.PIECEWISE_BEZIER_KNOTS.);
#11088 = CARTESIAN_POINT('',(-2.510152400305,-2.509847599695,
    0.762001524003));
#11089 = CARTESIAN_POINT('',(-2.510152400305,2.510152400305,
    0.762001524003));
#11090 = CARTESIAN_POINT('',(2.509847599695,-2.509847599695,
    0.762001524003));
#11091 = CARTESIAN_POINT('',(2.509847599695,2.510152400305,
    0.762001524003));
#11092 = ( GEOMETRIC_REPRESENTATION_CONTEXT(3) 
GLOBAL_UNCERTAINTY_ASSIGNED_CONTEXT((#11096)) 
GLOBAL_UNIT_ASSIGNED_CONTEXT((#11093,#11094,#11095)) 
REPRESENTATION_CONTEXT('Context #1',
  '3D Context with UNIT and UNCERTAINTY') );
#11093 = ( LENGTH_UNIT() NAMED_UNIT(*) SI_UNIT(.MILLI.,.METRE.) );
#11094 = ( NAMED_UNIT(*) PLANE_ANGLE_UNIT() SI_UNIT($,.RADIAN.) );
#11095 = ( NAMED_UNIT(*) SI_UNIT($,.STERADIAN.) SOLID_ANGLE_UNIT() );
#11096 = UNCERTAINTY_MEASURE_WITH_UNIT(LENGTH_MEASURE(5.E-07),#11093,
  'distance_accuracy_value','confusion accuracy');
#11097 = CONTEXT_DEPENDENT_SHAPE_REPRESENTATION(#11098,#11100);
#11098 = ( REPRESENTATION_RELATIONSHIP('','',#10953,#10930) 
REPRESENTATION_RELATIONSHIP_WITH_TRANSFORMATION(#11099) 
SHAPE_REPRESENTATION_RELATIONSHIP() );
#11099 = ITEM_DEFINED_TRANSFORMATION('','',#11,#10931);
#11100 = PRODUCT_DEFINITION_SHAPE('Placement','Placement of an item',
  #11101);
#11101 = NEXT_ASSEMBLY_USAGE_OCCURRENCE('373','=>[0:1:1:59]','',#10925,
  #10948,$);
#11102 = PRODUCT_RELATED_PRODUCT_CATEGORY('part',$,(#10950));
#11103 = SHAPE_DEFINITION_REPRESENTATION(#11104,#11110);
#11104 = PRODUCT_DEFINITION_SHAPE('','',#11105);
#11105 = PRODUCT_DEFINITION('design','',#11106,#11109);
#11106 = PRODUCT_DEFINITION_FORMATION('','',#11107);
#11107 = PRODUCT(
  'U40~DFN-10_L2.0-W2.0-P0.40-BL-EP~DFN-10_L2.0-W2.0-H0.8-P0.40~5ZeZ',
  'U40~DFN-10_L2.0-W2.0-P0.40-BL-EP~DFN-10_L2.0-W2.0-H0.8-P0.40~5ZeZ',''
  ,(#11108));
#11108 = PRODUCT_CONTEXT('',#2,'mechanical');
#11109 = PRODUCT_DEFINITION_CONTEXT('part definition',#2,'design');
#11110 = SHAPE_REPRESENTATION('',(#11,#11111),#11115);
#11111 = AXIS2_PLACEMENT_3D('',#11112,#11113,#11114);
#11112 = CARTESIAN_POINT('',(0.,0.,0.));
#11113 = DIRECTION('',(0.,0.,1.));
#11114 = DIRECTION('',(1.,0.,-0.));
#11115 = ( GEOMETRIC_REPRESENTATION_CONTEXT(3) 
GLOBAL_UNCERTAINTY_ASSIGNED_CONTEXT((#11119)) 
GLOBAL_UNIT_ASSIGNED_CONTEXT((#11116,#11117,#11118)) 
REPRESENTATION_CONTEXT('Context #1',
  '3D Context with UNIT and UNCERTAINTY') );
#11116 = ( LENGTH_UNIT() NAMED_UNIT(*) SI_UNIT(.MILLI.,.METRE.) );
#11117 = ( NAMED_UNIT(*) PLANE_ANGLE_UNIT() SI_UNIT($,.RADIAN.) );
#11118 = ( NAMED_UNIT(*) SI_UNIT($,.STERADIAN.) SOLID_ANGLE_UNIT() );
#11119 = UNCERTAINTY_MEASURE_WITH_UNIT(LENGTH_MEASURE(2.E-07),#11116,
  'distance_accuracy_value','confusion accuracy');
#11120 = CONTEXT_DEPENDENT_SHAPE_REPRESENTATION(#11121,#11123);
#11121 = ( REPRESENTATION_RELATIONSHIP('','',#11110,#10) 
REPRESENTATION_RELATIONSHIP_WITH_TRANSFORMATION(#11122) 
SHAPE_REPRESENTATION_RELATIONSHIP() );
#11122 = ITEM_DEFINED_TRANSFORMATION('','',#11,#1403);
#11123 = PRODUCT_DEFINITION_SHAPE('Placement','Placement of an item',
  #11124);
#11124 = NEXT_ASSEMBLY_USAGE_OCCURRENCE('376','=>[0:1:1:62]','',#5,
  #11105,$);
#11125 = PRODUCT_RELATED_PRODUCT_CATEGORY('part',$,(#11107));
#11126 = SHAPE_DEFINITION_REPRESENTATION(#11127,#11133);
#11127 = PRODUCT_DEFINITION_SHAPE('','',#11128);
#11128 = PRODUCT_DEFINITION('design','',#11129,#11132);
#11129 = PRODUCT_DEFINITION_FORMATION('','',#11130);
#11130 = PRODUCT(
  'DFN-10_L2.0-W2.0-P0.40-BL-EP~DFN-10_L2.0-W2.0-H0.8-P0.40~5ZeZ',
  'DFN-10_L2.0-W2.0-P0.40-BL-EP~DFN-10_L2.0-W2.0-H0.8-P0.40~5ZeZ','',(
    #11131));
#11131 = PRODUCT_CONTEXT('',#2,'mechanical');
#11132 = PRODUCT_DEFINITION_CONTEXT('part definition',#2,'design');
#11133 = ADVANCED_BREP_SHAPE_REPRESENTATION('',(#11,#11134),#11272);
#11134 = MANIFOLD_SOLID_BREP('',#11135);
#11135 = CLOSED_SHELL('',(#11136,#11172,#11208,#11228,#11248,#11260));
#11136 = ADVANCED_FACE('',(#11137),#11167,.F.);
#11137 = FACE_BOUND('',#11138,.F.);
#11138 = EDGE_LOOP('',(#11139,#11148,#11155,#11162));
#11139 = ORIENTED_EDGE('',*,*,#11140,.F.);
#11140 = EDGE_CURVE('',#11141,#11143,#11145,.T.);
#11141 = VERTEX_POINT('',#11142);
#11142 = CARTESIAN_POINT('',(-1.,-1.00999491999,0.));
#11143 = VERTEX_POINT('',#11144);
#11144 = CARTESIAN_POINT('',(-1.,-1.00999491999,0.762001524003));
#11145 = B_SPLINE_CURVE_WITH_KNOTS('',1,(#11146,#11147),.UNSPECIFIED.,
  .F.,.F.,(2,2),(0.,0.762001524003),.PIECEWISE_BEZIER_KNOTS.);
#11146 = CARTESIAN_POINT('',(-1.,-1.00999491999,0.));
#11147 = CARTESIAN_POINT('',(-1.,-1.00999491999,0.762001524003));
#11148 = ORIENTED_EDGE('',*,*,#11149,.T.);
#11149 = EDGE_CURVE('',#11141,#11150,#11152,.T.);
#11150 = VERTEX_POINT('',#11151);
#11151 = CARTESIAN_POINT('',(-1.,1.00999491999,0.));
#11152 = B_SPLINE_CURVE_WITH_KNOTS('',1,(#11153,#11154),.UNSPECIFIED.,
  .F.,.F.,(2,2),(0.,0.762001524003),.PIECEWISE_BEZIER_KNOTS.);
#11153 = CARTESIAN_POINT('',(-1.,-1.00999491999,0.));
#11154 = CARTESIAN_POINT('',(-1.,1.00999491999,0.));
#11155 = ORIENTED_EDGE('',*,*,#11156,.T.);
#11156 = EDGE_CURVE('',#11150,#11157,#11159,.T.);
#11157 = VERTEX_POINT('',#11158);
#11158 = CARTESIAN_POINT('',(-1.,1.00999491999,0.762001524003));
#11159 = B_SPLINE_CURVE_WITH_KNOTS('',1,(#11160,#11161),.UNSPECIFIED.,
  .F.,.F.,(2,2),(0.,0.762001524003),.PIECEWISE_BEZIER_KNOTS.);
#11160 = CARTESIAN_POINT('',(-1.,1.00999491999,0.));
#11161 = CARTESIAN_POINT('',(-1.,1.00999491999,0.762001524003));
#11162 = ORIENTED_EDGE('',*,*,#11163,.F.);
#11163 = EDGE_CURVE('',#11143,#11157,#11164,.T.);
#11164 = B_SPLINE_CURVE_WITH_KNOTS('',1,(#11165,#11166),.UNSPECIFIED.,
  .F.,.F.,(2,2),(0.,0.762001524003),.PIECEWISE_BEZIER_KNOTS.);
#11165 = CARTESIAN_POINT('',(-1.,-1.00999491999,0.762001524003));
#11166 = CARTESIAN_POINT('',(-1.,1.00999491999,0.762001524003));
#11167 = B_SPLINE_SURFACE_WITH_KNOTS('',1,1,(
    (#11168,#11169)
    ,(#11170,#11171
    )),.UNSPECIFIED.,.F.,.F.,.F.,(2,2),(2,2),(0.,0.762001524003),(
    -0.762001524003,0.),.PIECEWISE_BEZIER_KNOTS.);
#11168 = CARTESIAN_POINT('',(-1.,1.00999491999,0.));
#11169 = CARTESIAN_POINT('',(-1.,-1.00999491999,0.));
#11170 = CARTESIAN_POINT('',(-1.,1.00999491999,0.762001524003));
#11171 = CARTESIAN_POINT('',(-1.,-1.00999491999,0.762001524003));
#11172 = ADVANCED_FACE('',(#11173),#11203,.T.);
#11173 = FACE_BOUND('',#11174,.T.);
#11174 = EDGE_LOOP('',(#11175,#11184,#11191,#11198));
#11175 = ORIENTED_EDGE('',*,*,#11176,.F.);
#11176 = EDGE_CURVE('',#11177,#11179,#11181,.T.);
#11177 = VERTEX_POINT('',#11178);
#11178 = CARTESIAN_POINT('',(1.,-1.00999491999,0.));
#11179 = VERTEX_POINT('',#11180);
#11180 = CARTESIAN_POINT('',(1.,-1.00999491999,0.762001524003));
#11181 = B_SPLINE_CURVE_WITH_KNOTS('',1,(#11182,#11183),.UNSPECIFIED.,
  .F.,.F.,(2,2),(0.,0.762001524003),.PIECEWISE_BEZIER_KNOTS.);
#11182 = CARTESIAN_POINT('',(1.,-1.00999491999,0.));
#11183 = CARTESIAN_POINT('',(1.,-1.00999491999,0.762001524003));
#11184 = ORIENTED_EDGE('',*,*,#11185,.T.);
#11185 = EDGE_CURVE('',#11177,#11186,#11188,.T.);
#11186 = VERTEX_POINT('',#11187);
#11187 = CARTESIAN_POINT('',(1.,1.00999491999,0.));
#11188 = B_SPLINE_CURVE_WITH_KNOTS('',1,(#11189,#11190),.UNSPECIFIED.,
  .F.,.F.,(2,2),(0.,0.762001524003),.PIECEWISE_BEZIER_KNOTS.);
#11189 = CARTESIAN_POINT('',(1.,-1.00999491999,0.));
#11190 = CARTESIAN_POINT('',(1.,1.00999491999,0.));
#11191 = ORIENTED_EDGE('',*,*,#11192,.T.);
#11192 = EDGE_CURVE('',#11186,#11193,#11195,.T.);
#11193 = VERTEX_POINT('',#11194);
#11194 = CARTESIAN_POINT('',(1.,1.00999491999,0.762001524003));
#11195 = B_SPLINE_CURVE_WITH_KNOTS('',1,(#11196,#11197),.UNSPECIFIED.,
  .F.,.F.,(2,2),(0.,0.762001524003),.PIECEWISE_BEZIER_KNOTS.);
#11196 = CARTESIAN_POINT('',(1.,1.00999491999,0.));
#11197 = CARTESIAN_POINT('',(1.,1.00999491999,0.762001524003));
#11198 = ORIENTED_EDGE('',*,*,#11199,.F.);
#11199 = EDGE_CURVE('',#11179,#11193,#11200,.T.);
#11200 = B_SPLINE_CURVE_WITH_KNOTS('',1,(#11201,#11202),.UNSPECIFIED.,
  .F.,.F.,(2,2),(0.,0.762001524003),.PIECEWISE_BEZIER_KNOTS.);
#11201 = CARTESIAN_POINT('',(1.,-1.00999491999,0.762001524003));
#11202 = CARTESIAN_POINT('',(1.,1.00999491999,0.762001524003));
#11203 = B_SPLINE_SURFACE_WITH_KNOTS('',1,1,(
    (#11204,#11205)
    ,(#11206,#11207
    )),.UNSPECIFIED.,.F.,.F.,.F.,(2,2),(2,2),(0.,0.762001524003),(
    -0.762001524003,0.),.PIECEWISE_BEZIER_KNOTS.);
#11204 = CARTESIAN_POINT('',(1.,1.00999491999,0.));
#11205 = CARTESIAN_POINT('',(1.,-1.00999491999,0.));
#11206 = CARTESIAN_POINT('',(1.,1.00999491999,0.762001524003));
#11207 = CARTESIAN_POINT('',(1.,-1.00999491999,0.762001524003));
#11208 = ADVANCED_FACE('',(#11209),#11223,.F.);
#11209 = FACE_BOUND('',#11210,.F.);
#11210 = EDGE_LOOP('',(#11211,#11216,#11217,#11222));
#11211 = ORIENTED_EDGE('',*,*,#11212,.F.);
#11212 = EDGE_CURVE('',#11141,#11177,#11213,.T.);
#11213 = B_SPLINE_CURVE_WITH_KNOTS('',1,(#11214,#11215),.UNSPECIFIED.,
  .F.,.F.,(2,2),(0.,0.762001524003),.PIECEWISE_BEZIER_KNOTS.);
#11214 = CARTESIAN_POINT('',(-1.,-1.00999491999,0.));
#11215 = CARTESIAN_POINT('',(1.,-1.00999491999,0.));
#11216 = ORIENTED_EDGE('',*,*,#11140,.T.);
#11217 = ORIENTED_EDGE('',*,*,#11218,.T.);
#11218 = EDGE_CURVE('',#11143,#11179,#11219,.T.);
#11219 = B_SPLINE_CURVE_WITH_KNOTS('',1,(#11220,#11221),.UNSPECIFIED.,
  .F.,.F.,(2,2),(0.,0.762001524003),.PIECEWISE_BEZIER_KNOTS.);
#11220 = CARTESIAN_POINT('',(-1.,-1.00999491999,0.762001524003));
#11221 = CARTESIAN_POINT('',(1.,-1.00999491999,0.762001524003));
#11222 = ORIENTED_EDGE('',*,*,#11176,.F.);
#11223 = B_SPLINE_SURFACE_WITH_KNOTS('',1,1,(
    (#11224,#11225)
    ,(#11226,#11227
    )),.UNSPECIFIED.,.F.,.F.,.F.,(2,2),(2,2),(0.,0.762001524003),(0.,
    0.762001524003),.PIECEWISE_BEZIER_KNOTS.);
#11224 = CARTESIAN_POINT('',(-1.,-1.00999491999,0.));
#11225 = CARTESIAN_POINT('',(1.,-1.00999491999,0.));
#11226 = CARTESIAN_POINT('',(-1.,-1.00999491999,0.762001524003));
#11227 = CARTESIAN_POINT('',(1.,-1.00999491999,0.762001524003));
#11228 = ADVANCED_FACE('',(#11229),#11243,.T.);
#11229 = FACE_BOUND('',#11230,.T.);
#11230 = EDGE_LOOP('',(#11231,#11236,#11237,#11242));
#11231 = ORIENTED_EDGE('',*,*,#11232,.F.);
#11232 = EDGE_CURVE('',#11150,#11186,#11233,.T.);
#11233 = B_SPLINE_CURVE_WITH_KNOTS('',1,(#11234,#11235),.UNSPECIFIED.,
  .F.,.F.,(2,2),(0.,0.762001524003),.PIECEWISE_BEZIER_KNOTS.);
#11234 = CARTESIAN_POINT('',(-1.,1.00999491999,0.));
#11235 = CARTESIAN_POINT('',(1.,1.00999491999,0.));
#11236 = ORIENTED_EDGE('',*,*,#11156,.T.);
#11237 = ORIENTED_EDGE('',*,*,#11238,.T.);
#11238 = EDGE_CURVE('',#11157,#11193,#11239,.T.);
#11239 = B_SPLINE_CURVE_WITH_KNOTS('',1,(#11240,#11241),.UNSPECIFIED.,
  .F.,.F.,(2,2),(0.,0.762001524003),.PIECEWISE_BEZIER_KNOTS.);
#11240 = CARTESIAN_POINT('',(-1.,1.00999491999,0.762001524003));
#11241 = CARTESIAN_POINT('',(1.,1.00999491999,0.762001524003));
#11242 = ORIENTED_EDGE('',*,*,#11192,.F.);
#11243 = B_SPLINE_SURFACE_WITH_KNOTS('',1,1,(
    (#11244,#11245)
    ,(#11246,#11247
    )),.UNSPECIFIED.,.F.,.F.,.F.,(2,2),(2,2),(0.,0.762001524003),(0.,
    0.762001524003),.PIECEWISE_BEZIER_KNOTS.);
#11244 = CARTESIAN_POINT('',(-1.,1.00999491999,0.));
#11245 = CARTESIAN_POINT('',(1.,1.00999491999,0.));
#11246 = CARTESIAN_POINT('',(-1.,1.00999491999,0.762001524003));
#11247 = CARTESIAN_POINT('',(1.,1.00999491999,0.762001524003));
#11248 = ADVANCED_FACE('',(#11249),#11255,.F.);
#11249 = FACE_BOUND('',#11250,.F.);
#11250 = EDGE_LOOP('',(#11251,#11252,#11253,#11254));
#11251 = ORIENTED_EDGE('',*,*,#11149,.F.);
#11252 = ORIENTED_EDGE('',*,*,#11212,.T.);
#11253 = ORIENTED_EDGE('',*,*,#11185,.T.);
#11254 = ORIENTED_EDGE('',*,*,#11232,.F.);
#11255 = B_SPLINE_SURFACE_WITH_KNOTS('',1,1,(
    (#11256,#11257)
    ,(#11258,#11259
    )),.UNSPECIFIED.,.F.,.F.,.F.,(2,2),(2,2),(0.,0.762001524003),(0.,
    0.762001524003),.PIECEWISE_BEZIER_KNOTS.);
#11256 = CARTESIAN_POINT('',(-1.,-1.00999491999,0.));
#11257 = CARTESIAN_POINT('',(-1.,1.00999491999,0.));
#11258 = CARTESIAN_POINT('',(1.,-1.00999491999,0.));
#11259 = CARTESIAN_POINT('',(1.,1.00999491999,0.));
#11260 = ADVANCED_FACE('',(#11261),#11267,.T.);
#11261 = FACE_BOUND('',#11262,.T.);
#11262 = EDGE_LOOP('',(#11263,#11264,#11265,#11266));
#11263 = ORIENTED_EDGE('',*,*,#11163,.F.);
#11264 = ORIENTED_EDGE('',*,*,#11218,.T.);
#11265 = ORIENTED_EDGE('',*,*,#11199,.T.);
#11266 = ORIENTED_EDGE('',*,*,#11238,.F.);
#11267 = B_SPLINE_SURFACE_WITH_KNOTS('',1,1,(
    (#11268,#11269)
    ,(#11270,#11271
    )),.UNSPECIFIED.,.F.,.F.,.F.,(2,2),(2,2),(0.,0.762001524003),(0.,
    0.762001524003),.PIECEWISE_BEZIER_KNOTS.);
#11268 = CARTESIAN_POINT('',(-1.,-1.00999491999,0.762001524003));
#11269 = CARTESIAN_POINT('',(-1.,1.00999491999,0.762001524003));
#11270 = CARTESIAN_POINT('',(1.,-1.00999491999,0.762001524003));
#11271 = CARTESIAN_POINT('',(1.,1.00999491999,0.762001524003));
#11272 = ( GEOMETRIC_REPRESENTATION_CONTEXT(3) 
GLOBAL_UNCERTAINTY_ASSIGNED_CONTEXT((#11276)) 
GLOBAL_UNIT_ASSIGNED_CONTEXT((#11273,#11274,#11275)) 
REPRESENTATION_CONTEXT('Context #1',
  '3D Context with UNIT and UNCERTAINTY') );
#11273 = ( LENGTH_UNIT() NAMED_UNIT(*) SI_UNIT(.MILLI.,.METRE.) );
#11274 = ( NAMED_UNIT(*) PLANE_ANGLE_UNIT() SI_UNIT($,.RADIAN.) );
#11275 = ( NAMED_UNIT(*) SI_UNIT($,.STERADIAN.) SOLID_ANGLE_UNIT() );
#11276 = UNCERTAINTY_MEASURE_WITH_UNIT(LENGTH_MEASURE(2.E-07),#11273,
  'distance_accuracy_value','confusion accuracy');
#11277 = CONTEXT_DEPENDENT_SHAPE_REPRESENTATION(#11278,#11280);
#11278 = ( REPRESENTATION_RELATIONSHIP('','',#11133,#11110) 
REPRESENTATION_RELATIONSHIP_WITH_TRANSFORMATION(#11279) 
SHAPE_REPRESENTATION_RELATIONSHIP() );
#11279 = ITEM_DEFINED_TRANSFORMATION('','',#11,#11111);
#11280 = PRODUCT_DEFINITION_SHAPE('Placement','Placement of an item',
  #11281);
#11281 = NEXT_ASSEMBLY_USAGE_OCCURRENCE('375','=>[0:1:1:61]','',#11105,
  #11128,$);
#11282 = PRODUCT_RELATED_PRODUCT_CATEGORY('part',$,(#11130));
#11283 = SHAPE_DEFINITION_REPRESENTATION(#11284,#11290);
#11284 = PRODUCT_DEFINITION_SHAPE('','',#11285);
#11285 = PRODUCT_DEFINITION('design','',#11286,#11289);
#11286 = PRODUCT_DEFINITION_FORMATION('','',#11287);
#11287 = PRODUCT(
  'U41~USIP-8_L3.0-W2.8-P0.65-TL-EP~USIP-8_L3.0-W2.8-P0.65-TL-EP~5ZeZ',
  'U41~USIP-8_L3.0-W2.8-P0.65-TL-EP~USIP-8_L3.0-W2.8-P0.65-TL-EP~5ZeZ',
  '',(#11288));
#11288 = PRODUCT_CONTEXT('',#2,'mechanical');
#11289 = PRODUCT_DEFINITION_CONTEXT('part definition',#2,'design');
#11290 = SHAPE_REPRESENTATION('',(#11,#11291),#11295);
#11291 = AXIS2_PLACEMENT_3D('',#11292,#11293,#11294);
#11292 = CARTESIAN_POINT('',(0.,0.,0.));
#11293 = DIRECTION('',(0.,0.,1.));
#11294 = DIRECTION('',(1.,0.,-0.));
#11295 = ( GEOMETRIC_REPRESENTATION_CONTEXT(3) 
GLOBAL_UNCERTAINTY_ASSIGNED_CONTEXT((#11299)) 
GLOBAL_UNIT_ASSIGNED_CONTEXT((#11296,#11297,#11298)) 
REPRESENTATION_CONTEXT('Context #1',
  '3D Context with UNIT and UNCERTAINTY') );
#11296 = ( LENGTH_UNIT() NAMED_UNIT(*) SI_UNIT(.MILLI.,.METRE.) );
#11297 = ( NAMED_UNIT(*) PLANE_ANGLE_UNIT() SI_UNIT($,.RADIAN.) );
#11298 = ( NAMED_UNIT(*) SI_UNIT($,.STERADIAN.) SOLID_ANGLE_UNIT() );
#11299 = UNCERTAINTY_MEASURE_WITH_UNIT(LENGTH_MEASURE(5.E-07),#11296,
  'distance_accuracy_value','confusion accuracy');
#11300 = CONTEXT_DEPENDENT_SHAPE_REPRESENTATION(#11301,#11303);
#11301 = ( REPRESENTATION_RELATIONSHIP('','',#11290,#10) 
REPRESENTATION_RELATIONSHIP_WITH_TRANSFORMATION(#11302) 
SHAPE_REPRESENTATION_RELATIONSHIP() );
#11302 = ITEM_DEFINED_TRANSFORMATION('','',#11,#1407);
#11303 = PRODUCT_DEFINITION_SHAPE('Placement','Placement of an item',
  #11304);
#11304 = NEXT_ASSEMBLY_USAGE_OCCURRENCE('378','=>[0:1:1:64]','',#5,
  #11285,$);
#11305 = PRODUCT_RELATED_PRODUCT_CATEGORY('part',$,(#11287));
#11306 = SHAPE_DEFINITION_REPRESENTATION(#11307,#11313);
#11307 = PRODUCT_DEFINITION_SHAPE('','',#11308);
#11308 = PRODUCT_DEFINITION('design','',#11309,#11312);
#11309 = PRODUCT_DEFINITION_FORMATION('','',#11310);
#11310 = PRODUCT(
  'USIP-8_L3.0-W2.8-P0.65-TL-EP~USIP-8_L3.0-W2.8-P0.65-TL-EP~5ZeZ',
  'USIP-8_L3.0-W2.8-P0.65-TL-EP~USIP-8_L3.0-W2.8-P0.65-TL-EP~5ZeZ','',(
    #11311));
#11311 = PRODUCT_CONTEXT('',#2,'mechanical');
#11312 = PRODUCT_DEFINITION_CONTEXT('part definition',#2,'design');
#11313 = ADVANCED_BREP_SHAPE_REPRESENTATION('',(#11,#11314),#11452);
#11314 = MANIFOLD_SOLID_BREP('',#11315);
#11315 = CLOSED_SHELL('',(#11316,#11352,#11388,#11408,#11428,#11440));
#11316 = ADVANCED_FACE('',(#11317),#11347,.F.);
#11317 = FACE_BOUND('',#11318,.F.);
#11318 = EDGE_LOOP('',(#11319,#11328,#11335,#11342));
#11319 = ORIENTED_EDGE('',*,*,#11320,.F.);
#11320 = EDGE_CURVE('',#11321,#11323,#11325,.T.);
#11321 = VERTEX_POINT('',#11322);
#11322 = CARTESIAN_POINT('',(1.4,1.5,0.));
#11323 = VERTEX_POINT('',#11324);
#11324 = CARTESIAN_POINT('',(1.4,1.5,0.762001524003));
#11325 = B_SPLINE_CURVE_WITH_KNOTS('',1,(#11326,#11327),.UNSPECIFIED.,
  .F.,.F.,(2,2),(0.,0.762001524003),.PIECEWISE_BEZIER_KNOTS.);
#11326 = CARTESIAN_POINT('',(1.4,1.5,0.));
#11327 = CARTESIAN_POINT('',(1.4,1.5,0.762001524003));
#11328 = ORIENTED_EDGE('',*,*,#11329,.T.);
#11329 = EDGE_CURVE('',#11321,#11330,#11332,.T.);
#11330 = VERTEX_POINT('',#11331);
#11331 = CARTESIAN_POINT('',(1.4,-1.5,0.));
#11332 = B_SPLINE_CURVE_WITH_KNOTS('',1,(#11333,#11334),.UNSPECIFIED.,
  .F.,.F.,(2,2),(0.,0.762001524003),.PIECEWISE_BEZIER_KNOTS.);
#11333 = CARTESIAN_POINT('',(1.4,1.5,0.));
#11334 = CARTESIAN_POINT('',(1.4,-1.5,0.));
#11335 = ORIENTED_EDGE('',*,*,#11336,.T.);
#11336 = EDGE_CURVE('',#11330,#11337,#11339,.T.);
#11337 = VERTEX_POINT('',#11338);
#11338 = CARTESIAN_POINT('',(1.4,-1.5,0.762001524003));
#11339 = B_SPLINE_CURVE_WITH_KNOTS('',1,(#11340,#11341),.UNSPECIFIED.,
  .F.,.F.,(2,2),(0.,0.762001524003),.PIECEWISE_BEZIER_KNOTS.);
#11340 = CARTESIAN_POINT('',(1.4,-1.5,0.));
#11341 = CARTESIAN_POINT('',(1.4,-1.5,0.762001524003));
#11342 = ORIENTED_EDGE('',*,*,#11343,.F.);
#11343 = EDGE_CURVE('',#11323,#11337,#11344,.T.);
#11344 = B_SPLINE_CURVE_WITH_KNOTS('',1,(#11345,#11346),.UNSPECIFIED.,
  .F.,.F.,(2,2),(0.,0.762001524003),.PIECEWISE_BEZIER_KNOTS.);
#11345 = CARTESIAN_POINT('',(1.4,1.5,0.762001524003));
#11346 = CARTESIAN_POINT('',(1.4,-1.5,0.762001524003));
#11347 = B_SPLINE_SURFACE_WITH_KNOTS('',1,1,(
    (#11348,#11349)
    ,(#11350,#11351
    )),.UNSPECIFIED.,.F.,.F.,.F.,(2,2),(2,2),(0.,0.762001524003),(
    -0.762001524003,0.),.PIECEWISE_BEZIER_KNOTS.);
#11348 = CARTESIAN_POINT('',(1.4,-1.5,0.));
#11349 = CARTESIAN_POINT('',(1.4,1.5,0.));
#11350 = CARTESIAN_POINT('',(1.4,-1.5,0.762001524003));
#11351 = CARTESIAN_POINT('',(1.4,1.5,0.762001524003));
#11352 = ADVANCED_FACE('',(#11353),#11383,.T.);
#11353 = FACE_BOUND('',#11354,.T.);
#11354 = EDGE_LOOP('',(#11355,#11364,#11371,#11378));
#11355 = ORIENTED_EDGE('',*,*,#11356,.F.);
#11356 = EDGE_CURVE('',#11357,#11359,#11361,.T.);
#11357 = VERTEX_POINT('',#11358);
#11358 = CARTESIAN_POINT('',(-1.4,1.5,0.));
#11359 = VERTEX_POINT('',#11360);
#11360 = CARTESIAN_POINT('',(-1.4,1.5,0.762001524003));
#11361 = B_SPLINE_CURVE_WITH_KNOTS('',1,(#11362,#11363),.UNSPECIFIED.,
  .F.,.F.,(2,2),(0.,0.762001524003),.PIECEWISE_BEZIER_KNOTS.);
#11362 = CARTESIAN_POINT('',(-1.4,1.5,0.));
#11363 = CARTESIAN_POINT('',(-1.4,1.5,0.762001524003));
#11364 = ORIENTED_EDGE('',*,*,#11365,.T.);
#11365 = EDGE_CURVE('',#11357,#11366,#11368,.T.);
#11366 = VERTEX_POINT('',#11367);
#11367 = CARTESIAN_POINT('',(-1.4,-1.5,0.));
#11368 = B_SPLINE_CURVE_WITH_KNOTS('',1,(#11369,#11370),.UNSPECIFIED.,
  .F.,.F.,(2,2),(0.,0.762001524003),.PIECEWISE_BEZIER_KNOTS.);
#11369 = CARTESIAN_POINT('',(-1.4,1.5,0.));
#11370 = CARTESIAN_POINT('',(-1.4,-1.5,0.));
#11371 = ORIENTED_EDGE('',*,*,#11372,.T.);
#11372 = EDGE_CURVE('',#11366,#11373,#11375,.T.);
#11373 = VERTEX_POINT('',#11374);
#11374 = CARTESIAN_POINT('',(-1.4,-1.5,0.762001524003));
#11375 = B_SPLINE_CURVE_WITH_KNOTS('',1,(#11376,#11377),.UNSPECIFIED.,
  .F.,.F.,(2,2),(0.,0.762001524003),.PIECEWISE_BEZIER_KNOTS.);
#11376 = CARTESIAN_POINT('',(-1.4,-1.5,0.));
#11377 = CARTESIAN_POINT('',(-1.4,-1.5,0.762001524003));
#11378 = ORIENTED_EDGE('',*,*,#11379,.F.);
#11379 = EDGE_CURVE('',#11359,#11373,#11380,.T.);
#11380 = B_SPLINE_CURVE_WITH_KNOTS('',1,(#11381,#11382),.UNSPECIFIED.,
  .F.,.F.,(2,2),(0.,0.762001524003),.PIECEWISE_BEZIER_KNOTS.);
#11381 = CARTESIAN_POINT('',(-1.4,1.5,0.762001524003));
#11382 = CARTESIAN_POINT('',(-1.4,-1.5,0.762001524003));
#11383 = B_SPLINE_SURFACE_WITH_KNOTS('',1,1,(
    (#11384,#11385)
    ,(#11386,#11387
    )),.UNSPECIFIED.,.F.,.F.,.F.,(2,2),(2,2),(0.,0.762001524003),(
    -0.762001524003,0.),.PIECEWISE_BEZIER_KNOTS.);
#11384 = CARTESIAN_POINT('',(-1.4,-1.5,0.));
#11385 = CARTESIAN_POINT('',(-1.4,1.5,0.));
#11386 = CARTESIAN_POINT('',(-1.4,-1.5,0.762001524003));
#11387 = CARTESIAN_POINT('',(-1.4,1.5,0.762001524003));
#11388 = ADVANCED_FACE('',(#11389),#11403,.F.);
#11389 = FACE_BOUND('',#11390,.F.);
#11390 = EDGE_LOOP('',(#11391,#11396,#11397,#11402));
#11391 = ORIENTED_EDGE('',*,*,#11392,.F.);
#11392 = EDGE_CURVE('',#11321,#11357,#11393,.T.);
#11393 = B_SPLINE_CURVE_WITH_KNOTS('',1,(#11394,#11395),.UNSPECIFIED.,
  .F.,.F.,(2,2),(0.,0.762001524003),.PIECEWISE_BEZIER_KNOTS.);
#11394 = CARTESIAN_POINT('',(1.4,1.5,0.));
#11395 = CARTESIAN_POINT('',(-1.4,1.5,0.));
#11396 = ORIENTED_EDGE('',*,*,#11320,.T.);
#11397 = ORIENTED_EDGE('',*,*,#11398,.T.);
#11398 = EDGE_CURVE('',#11323,#11359,#11399,.T.);
#11399 = B_SPLINE_CURVE_WITH_KNOTS('',1,(#11400,#11401),.UNSPECIFIED.,
  .F.,.F.,(2,2),(0.,0.762001524003),.PIECEWISE_BEZIER_KNOTS.);
#11400 = CARTESIAN_POINT('',(1.4,1.5,0.762001524003));
#11401 = CARTESIAN_POINT('',(-1.4,1.5,0.762001524003));
#11402 = ORIENTED_EDGE('',*,*,#11356,.F.);
#11403 = B_SPLINE_SURFACE_WITH_KNOTS('',1,1,(
    (#11404,#11405)
    ,(#11406,#11407
    )),.UNSPECIFIED.,.F.,.F.,.F.,(2,2),(2,2),(0.,0.762001524003),(0.,
    0.762001524003),.PIECEWISE_BEZIER_KNOTS.);
#11404 = CARTESIAN_POINT('',(1.4,1.5,0.));
#11405 = CARTESIAN_POINT('',(-1.4,1.5,0.));
#11406 = CARTESIAN_POINT('',(1.4,1.5,0.762001524003));
#11407 = CARTESIAN_POINT('',(-1.4,1.5,0.762001524003));
#11408 = ADVANCED_FACE('',(#11409),#11423,.T.);
#11409 = FACE_BOUND('',#11410,.T.);
#11410 = EDGE_LOOP('',(#11411,#11416,#11417,#11422));
#11411 = ORIENTED_EDGE('',*,*,#11412,.F.);
#11412 = EDGE_CURVE('',#11330,#11366,#11413,.T.);
#11413 = B_SPLINE_CURVE_WITH_KNOTS('',1,(#11414,#11415),.UNSPECIFIED.,
  .F.,.F.,(2,2),(0.,0.762001524003),.PIECEWISE_BEZIER_KNOTS.);
#11414 = CARTESIAN_POINT('',(1.4,-1.5,0.));
#11415 = CARTESIAN_POINT('',(-1.4,-1.5,0.));
#11416 = ORIENTED_EDGE('',*,*,#11336,.T.);
#11417 = ORIENTED_EDGE('',*,*,#11418,.T.);
#11418 = EDGE_CURVE('',#11337,#11373,#11419,.T.);
#11419 = B_SPLINE_CURVE_WITH_KNOTS('',1,(#11420,#11421),.UNSPECIFIED.,
  .F.,.F.,(2,2),(0.,0.762001524003),.PIECEWISE_BEZIER_KNOTS.);
#11420 = CARTESIAN_POINT('',(1.4,-1.5,0.762001524003));
#11421 = CARTESIAN_POINT('',(-1.4,-1.5,0.762001524003));
#11422 = ORIENTED_EDGE('',*,*,#11372,.F.);
#11423 = B_SPLINE_SURFACE_WITH_KNOTS('',1,1,(
    (#11424,#11425)
    ,(#11426,#11427
    )),.UNSPECIFIED.,.F.,.F.,.F.,(2,2),(2,2),(0.,0.762001524003),(0.,
    0.762001524003),.PIECEWISE_BEZIER_KNOTS.);
#11424 = CARTESIAN_POINT('',(1.4,-1.5,0.));
#11425 = CARTESIAN_POINT('',(-1.4,-1.5,0.));
#11426 = CARTESIAN_POINT('',(1.4,-1.5,0.762001524003));
#11427 = CARTESIAN_POINT('',(-1.4,-1.5,0.762001524003));
#11428 = ADVANCED_FACE('',(#11429),#11435,.F.);
#11429 = FACE_BOUND('',#11430,.F.);
#11430 = EDGE_LOOP('',(#11431,#11432,#11433,#11434));
#11431 = ORIENTED_EDGE('',*,*,#11329,.F.);
#11432 = ORIENTED_EDGE('',*,*,#11392,.T.);
#11433 = ORIENTED_EDGE('',*,*,#11365,.T.);
#11434 = ORIENTED_EDGE('',*,*,#11412,.F.);
#11435 = B_SPLINE_SURFACE_WITH_KNOTS('',1,1,(
    (#11436,#11437)
    ,(#11438,#11439
    )),.UNSPECIFIED.,.F.,.F.,.F.,(2,2),(2,2),(0.,0.762001524003),(0.,
    0.762001524003),.PIECEWISE_BEZIER_KNOTS.);
#11436 = CARTESIAN_POINT('',(1.4,1.5,0.));
#11437 = CARTESIAN_POINT('',(1.4,-1.5,0.));
#11438 = CARTESIAN_POINT('',(-1.4,1.5,0.));
#11439 = CARTESIAN_POINT('',(-1.4,-1.5,0.));
#11440 = ADVANCED_FACE('',(#11441),#11447,.T.);
#11441 = FACE_BOUND('',#11442,.T.);
#11442 = EDGE_LOOP('',(#11443,#11444,#11445,#11446));
#11443 = ORIENTED_EDGE('',*,*,#11343,.F.);
#11444 = ORIENTED_EDGE('',*,*,#11398,.T.);
#11445 = ORIENTED_EDGE('',*,*,#11379,.T.);
#11446 = ORIENTED_EDGE('',*,*,#11418,.F.);
#11447 = B_SPLINE_SURFACE_WITH_KNOTS('',1,1,(
    (#11448,#11449)
    ,(#11450,#11451
    )),.UNSPECIFIED.,.F.,.F.,.F.,(2,2),(2,2),(0.,0.762001524003),(0.,
    0.762001524003),.PIECEWISE_BEZIER_KNOTS.);
#11448 = CARTESIAN_POINT('',(1.4,1.5,0.762001524003));
#11449 = CARTESIAN_POINT('',(1.4,-1.5,0.762001524003));
#11450 = CARTESIAN_POINT('',(-1.4,1.5,0.762001524003));
#11451 = CARTESIAN_POINT('',(-1.4,-1.5,0.762001524003));
#11452 = ( GEOMETRIC_REPRESENTATION_CONTEXT(3) 
GLOBAL_UNCERTAINTY_ASSIGNED_CONTEXT((#11456)) 
GLOBAL_UNIT_ASSIGNED_CONTEXT((#11453,#11454,#11455)) 
REPRESENTATION_CONTEXT('Context #1',
  '3D Context with UNIT and UNCERTAINTY') );
#11453 = ( LENGTH_UNIT() NAMED_UNIT(*) SI_UNIT(.MILLI.,.METRE.) );
#11454 = ( NAMED_UNIT(*) PLANE_ANGLE_UNIT() SI_UNIT($,.RADIAN.) );
#11455 = ( NAMED_UNIT(*) SI_UNIT($,.STERADIAN.) SOLID_ANGLE_UNIT() );
#11456 = UNCERTAINTY_MEASURE_WITH_UNIT(LENGTH_MEASURE(5.E-07),#11453,
  'distance_accuracy_value','confusion accuracy');
#11457 = CONTEXT_DEPENDENT_SHAPE_REPRESENTATION(#11458,#11460);
#11458 = ( REPRESENTATION_RELATIONSHIP('','',#11313,#11290) 
REPRESENTATION_RELATIONSHIP_WITH_TRANSFORMATION(#11459) 
SHAPE_REPRESENTATION_RELATIONSHIP() );
#11459 = ITEM_DEFINED_TRANSFORMATION('','',#11,#11291);
#11460 = PRODUCT_DEFINITION_SHAPE('Placement','Placement of an item',
  #11461);
#11461 = NEXT_ASSEMBLY_USAGE_OCCURRENCE('377','=>[0:1:1:63]','',#11285,
  #11308,$);
#11462 = PRODUCT_RELATED_PRODUCT_CATEGORY('part',$,(#11310));
#11463 = SHAPE_DEFINITION_REPRESENTATION(#11464,#11470);
#11464 = PRODUCT_DEFINITION_SHAPE('','',#11465);
#11465 = PRODUCT_DEFINITION('design','',#11466,#11469);
#11466 = PRODUCT_DEFINITION_FORMATION('','',#11467);
#11467 = PRODUCT(
'RF5~IPEX4-SMD_4P-L1.8-W1.7-LS2.0-L_KH-IPEX4-2020~IPEX4-SMD_
4P-L1.8-W1.7-LS2.0-L_KH-IPEX4-2020~5ZeZ',
'RF5~IPEX4-SMD_4P-L1.8-W1.7-LS2.0-L_KH-IPEX4-2020~IPEX4-SMD_
4P-L1.8-W1.7-LS2.0-L_KH-IPEX4-2020~5ZeZ','',(#11468));
#11468 = PRODUCT_CONTEXT('',#2,'mechanical');
#11469 = PRODUCT_DEFINITION_CONTEXT('part definition',#2,'design');
#11470 = SHAPE_REPRESENTATION('',(#11,#11471),#11475);
#11471 = AXIS2_PLACEMENT_3D('',#11472,#11473,#11474);
#11472 = CARTESIAN_POINT('',(0.,0.,0.));
#11473 = DIRECTION('',(0.,0.,1.));
#11474 = DIRECTION('',(1.,0.,-0.));
#11475 = ( GEOMETRIC_REPRESENTATION_CONTEXT(3) 
GLOBAL_UNCERTAINTY_ASSIGNED_CONTEXT((#11479)) 
GLOBAL_UNIT_ASSIGNED_CONTEXT((#11476,#11477,#11478)) 
REPRESENTATION_CONTEXT('Context #1',
  '3D Context with UNIT and UNCERTAINTY') );
#11476 = ( LENGTH_UNIT() NAMED_UNIT(*) SI_UNIT(.MILLI.,.METRE.) );
#11477 = ( NAMED_UNIT(*) PLANE_ANGLE_UNIT() SI_UNIT($,.RADIAN.) );
#11478 = ( NAMED_UNIT(*) SI_UNIT($,.STERADIAN.) SOLID_ANGLE_UNIT() );
#11479 = UNCERTAINTY_MEASURE_WITH_UNIT(LENGTH_MEASURE(2.E-07),#11476,
  'distance_accuracy_value','confusion accuracy');
#11480 = CONTEXT_DEPENDENT_SHAPE_REPRESENTATION(#11481,#11483);
#11481 = ( REPRESENTATION_RELATIONSHIP('','',#11470,#10) 
REPRESENTATION_RELATIONSHIP_WITH_TRANSFORMATION(#11482) 
SHAPE_REPRESENTATION_RELATIONSHIP() );
#11482 = ITEM_DEFINED_TRANSFORMATION('','',#11,#1411);
#11483 = PRODUCT_DEFINITION_SHAPE('Placement','Placement of an item',
  #11484);
#11484 = NEXT_ASSEMBLY_USAGE_OCCURRENCE('380','=>[0:1:1:66]','',#5,
  #11465,$);
#11485 = PRODUCT_RELATED_PRODUCT_CATEGORY('part',$,(#11467));
#11486 = SHAPE_DEFINITION_REPRESENTATION(#11487,#11493);
#11487 = PRODUCT_DEFINITION_SHAPE('','',#11488);
#11488 = PRODUCT_DEFINITION('design','',#11489,#11492);
#11489 = PRODUCT_DEFINITION_FORMATION('','',#11490);
#11490 = PRODUCT(
'IPEX4-SMD_4P-L1.8-W1.7-LS2.0-L_KH-IPEX4-2020~IPEX4-SMD_
4P-L1.8-W1.7-LS2.0-L_KH-IPEX4-2020~5ZeZ',
'IPEX4-SMD_4P-L1.8-W1.7-LS2.0-L_KH-IPEX4-2020~IPEX4-SMD_
4P-L1.8-W1.7-LS2.0-L_KH-IPEX4-2020~5ZeZ','',(#11491));
#11491 = PRODUCT_CONTEXT('',#2,'mechanical');
#11492 = PRODUCT_DEFINITION_CONTEXT('part definition',#2,'design');
#11493 = ADVANCED_BREP_SHAPE_REPRESENTATION('',(#11,#11494),#11632);
#11494 = MANIFOLD_SOLID_BREP('',#11495);
#11495 = CLOSED_SHELL('',(#11496,#11532,#11568,#11588,#11608,#11620));
#11496 = ADVANCED_FACE('',(#11497),#11527,.F.);
#11497 = FACE_BOUND('',#11498,.F.);
#11498 = EDGE_LOOP('',(#11499,#11508,#11515,#11522));
#11499 = ORIENTED_EDGE('',*,*,#11500,.F.);
#11500 = EDGE_CURVE('',#11501,#11503,#11505,.T.);
#11501 = VERTEX_POINT('',#11502);
#11502 = CARTESIAN_POINT('',(0.75999491999,1.,0.));
#11503 = VERTEX_POINT('',#11504);
#11504 = CARTESIAN_POINT('',(0.75999491999,1.,0.762001524003));
#11505 = B_SPLINE_CURVE_WITH_KNOTS('',1,(#11506,#11507),.UNSPECIFIED.,
  .F.,.F.,(2,2),(0.,0.762001524003),.PIECEWISE_BEZIER_KNOTS.);
#11506 = CARTESIAN_POINT('',(0.75999491999,1.,0.));
#11507 = CARTESIAN_POINT('',(0.75999491999,1.,0.762001524003));
#11508 = ORIENTED_EDGE('',*,*,#11509,.T.);
#11509 = EDGE_CURVE('',#11501,#11510,#11512,.T.);
#11510 = VERTEX_POINT('',#11511);
#11511 = CARTESIAN_POINT('',(0.75999491999,-1.,0.));
#11512 = B_SPLINE_CURVE_WITH_KNOTS('',1,(#11513,#11514),.UNSPECIFIED.,
  .F.,.F.,(2,2),(0.,0.762001524003),.PIECEWISE_BEZIER_KNOTS.);
#11513 = CARTESIAN_POINT('',(0.75999491999,1.,0.));
#11514 = CARTESIAN_POINT('',(0.75999491999,-1.,0.));
#11515 = ORIENTED_EDGE('',*,*,#11516,.T.);
#11516 = EDGE_CURVE('',#11510,#11517,#11519,.T.);
#11517 = VERTEX_POINT('',#11518);
#11518 = CARTESIAN_POINT('',(0.75999491999,-1.,0.762001524003));
#11519 = B_SPLINE_CURVE_WITH_KNOTS('',1,(#11520,#11521),.UNSPECIFIED.,
  .F.,.F.,(2,2),(0.,0.762001524003),.PIECEWISE_BEZIER_KNOTS.);
#11520 = CARTESIAN_POINT('',(0.75999491999,-1.,0.));
#11521 = CARTESIAN_POINT('',(0.75999491999,-1.,0.762001524003));
#11522 = ORIENTED_EDGE('',*,*,#11523,.F.);
#11523 = EDGE_CURVE('',#11503,#11517,#11524,.T.);
#11524 = B_SPLINE_CURVE_WITH_KNOTS('',1,(#11525,#11526),.UNSPECIFIED.,
  .F.,.F.,(2,2),(0.,0.762001524003),.PIECEWISE_BEZIER_KNOTS.);
#11525 = CARTESIAN_POINT('',(0.75999491999,1.,0.762001524003));
#11526 = CARTESIAN_POINT('',(0.75999491999,-1.,0.762001524003));
#11527 = B_SPLINE_SURFACE_WITH_KNOTS('',1,1,(
    (#11528,#11529)
    ,(#11530,#11531
    )),.UNSPECIFIED.,.F.,.F.,.F.,(2,2),(2,2),(0.,0.762001524003),(
    -0.762001524003,0.),.PIECEWISE_BEZIER_KNOTS.);
#11528 = CARTESIAN_POINT('',(0.75999491999,-1.,0.));
#11529 = CARTESIAN_POINT('',(0.75999491999,1.,0.));
#11530 = CARTESIAN_POINT('',(0.75999491999,-1.,0.762001524003));
#11531 = CARTESIAN_POINT('',(0.75999491999,1.,0.762001524003));
#11532 = ADVANCED_FACE('',(#11533),#11563,.T.);
#11533 = FACE_BOUND('',#11534,.T.);
#11534 = EDGE_LOOP('',(#11535,#11544,#11551,#11558));
#11535 = ORIENTED_EDGE('',*,*,#11536,.F.);
#11536 = EDGE_CURVE('',#11537,#11539,#11541,.T.);
#11537 = VERTEX_POINT('',#11538);
#11538 = CARTESIAN_POINT('',(-1.24000508001,1.,0.));
#11539 = VERTEX_POINT('',#11540);
#11540 = CARTESIAN_POINT('',(-1.24000508001,1.,0.762001524003));
#11541 = B_SPLINE_CURVE_WITH_KNOTS('',1,(#11542,#11543),.UNSPECIFIED.,
  .F.,.F.,(2,2),(0.,0.762001524003),.PIECEWISE_BEZIER_KNOTS.);
#11542 = CARTESIAN_POINT('',(-1.24000508001,1.,0.));
#11543 = CARTESIAN_POINT('',(-1.24000508001,1.,0.762001524003));
#11544 = ORIENTED_EDGE('',*,*,#11545,.T.);
#11545 = EDGE_CURVE('',#11537,#11546,#11548,.T.);
#11546 = VERTEX_POINT('',#11547);
#11547 = CARTESIAN_POINT('',(-1.24000508001,-1.,0.));
#11548 = B_SPLINE_CURVE_WITH_KNOTS('',1,(#11549,#11550),.UNSPECIFIED.,
  .F.,.F.,(2,2),(0.,0.762001524003),.PIECEWISE_BEZIER_KNOTS.);
#11549 = CARTESIAN_POINT('',(-1.24000508001,1.,0.));
#11550 = CARTESIAN_POINT('',(-1.24000508001,-1.,0.));
#11551 = ORIENTED_EDGE('',*,*,#11552,.T.);
#11552 = EDGE_CURVE('',#11546,#11553,#11555,.T.);
#11553 = VERTEX_POINT('',#11554);
#11554 = CARTESIAN_POINT('',(-1.24000508001,-1.,0.762001524003));
#11555 = B_SPLINE_CURVE_WITH_KNOTS('',1,(#11556,#11557),.UNSPECIFIED.,
  .F.,.F.,(2,2),(0.,0.762001524003),.PIECEWISE_BEZIER_KNOTS.);
#11556 = CARTESIAN_POINT('',(-1.24000508001,-1.,0.));
#11557 = CARTESIAN_POINT('',(-1.24000508001,-1.,0.762001524003));
#11558 = ORIENTED_EDGE('',*,*,#11559,.F.);
#11559 = EDGE_CURVE('',#11539,#11553,#11560,.T.);
#11560 = B_SPLINE_CURVE_WITH_KNOTS('',1,(#11561,#11562),.UNSPECIFIED.,
  .F.,.F.,(2,2),(0.,0.762001524003),.PIECEWISE_BEZIER_KNOTS.);
#11561 = CARTESIAN_POINT('',(-1.24000508001,1.,0.762001524003));
#11562 = CARTESIAN_POINT('',(-1.24000508001,-1.,0.762001524003));
#11563 = B_SPLINE_SURFACE_WITH_KNOTS('',1,1,(
    (#11564,#11565)
    ,(#11566,#11567
    )),.UNSPECIFIED.,.F.,.F.,.F.,(2,2),(2,2),(0.,0.762001524003),(
    -0.762001524003,0.),.PIECEWISE_BEZIER_KNOTS.);
#11564 = CARTESIAN_POINT('',(-1.24000508001,-1.,0.));
#11565 = CARTESIAN_POINT('',(-1.24000508001,1.,0.));
#11566 = CARTESIAN_POINT('',(-1.24000508001,-1.,0.762001524003));
#11567 = CARTESIAN_POINT('',(-1.24000508001,1.,0.762001524003));
#11568 = ADVANCED_FACE('',(#11569),#11583,.F.);
#11569 = FACE_BOUND('',#11570,.F.);
#11570 = EDGE_LOOP('',(#11571,#11576,#11577,#11582));
#11571 = ORIENTED_EDGE('',*,*,#11572,.F.);
#11572 = EDGE_CURVE('',#11501,#11537,#11573,.T.);
#11573 = B_SPLINE_CURVE_WITH_KNOTS('',1,(#11574,#11575),.UNSPECIFIED.,
  .F.,.F.,(2,2),(0.,0.762001524003),.PIECEWISE_BEZIER_KNOTS.);
#11574 = CARTESIAN_POINT('',(0.75999491999,1.,0.));
#11575 = CARTESIAN_POINT('',(-1.24000508001,1.,0.));
#11576 = ORIENTED_EDGE('',*,*,#11500,.T.);
#11577 = ORIENTED_EDGE('',*,*,#11578,.T.);
#11578 = EDGE_CURVE('',#11503,#11539,#11579,.T.);
#11579 = B_SPLINE_CURVE_WITH_KNOTS('',1,(#11580,#11581),.UNSPECIFIED.,
  .F.,.F.,(2,2),(0.,0.762001524003),.PIECEWISE_BEZIER_KNOTS.);
#11580 = CARTESIAN_POINT('',(0.75999491999,1.,0.762001524003));
#11581 = CARTESIAN_POINT('',(-1.24000508001,1.,0.762001524003));
#11582 = ORIENTED_EDGE('',*,*,#11536,.F.);
#11583 = B_SPLINE_SURFACE_WITH_KNOTS('',1,1,(
    (#11584,#11585)
    ,(#11586,#11587
    )),.UNSPECIFIED.,.F.,.F.,.F.,(2,2),(2,2),(0.,0.762001524003),(0.,
    0.762001524003),.PIECEWISE_BEZIER_KNOTS.);
#11584 = CARTESIAN_POINT('',(0.75999491999,1.,0.));
#11585 = CARTESIAN_POINT('',(-1.24000508001,1.,0.));
#11586 = CARTESIAN_POINT('',(0.75999491999,1.,0.762001524003));
#11587 = CARTESIAN_POINT('',(-1.24000508001,1.,0.762001524003));
#11588 = ADVANCED_FACE('',(#11589),#11603,.T.);
#11589 = FACE_BOUND('',#11590,.T.);
#11590 = EDGE_LOOP('',(#11591,#11596,#11597,#11602));
#11591 = ORIENTED_EDGE('',*,*,#11592,.F.);
#11592 = EDGE_CURVE('',#11510,#11546,#11593,.T.);
#11593 = B_SPLINE_CURVE_WITH_KNOTS('',1,(#11594,#11595),.UNSPECIFIED.,
  .F.,.F.,(2,2),(0.,0.762001524003),.PIECEWISE_BEZIER_KNOTS.);
#11594 = CARTESIAN_POINT('',(0.75999491999,-1.,0.));
#11595 = CARTESIAN_POINT('',(-1.24000508001,-1.,0.));
#11596 = ORIENTED_EDGE('',*,*,#11516,.T.);
#11597 = ORIENTED_EDGE('',*,*,#11598,.T.);
#11598 = EDGE_CURVE('',#11517,#11553,#11599,.T.);
#11599 = B_SPLINE_CURVE_WITH_KNOTS('',1,(#11600,#11601),.UNSPECIFIED.,
  .F.,.F.,(2,2),(0.,0.762001524003),.PIECEWISE_BEZIER_KNOTS.);
#11600 = CARTESIAN_POINT('',(0.75999491999,-1.,0.762001524003));
#11601 = CARTESIAN_POINT('',(-1.24000508001,-1.,0.762001524003));
#11602 = ORIENTED_EDGE('',*,*,#11552,.F.);
#11603 = B_SPLINE_SURFACE_WITH_KNOTS('',1,1,(
    (#11604,#11605)
    ,(#11606,#11607
    )),.UNSPECIFIED.,.F.,.F.,.F.,(2,2),(2,2),(0.,0.762001524003),(0.,
    0.762001524003),.PIECEWISE_BEZIER_KNOTS.);
#11604 = CARTESIAN_POINT('',(0.75999491999,-1.,0.));
#11605 = CARTESIAN_POINT('',(-1.24000508001,-1.,0.));
#11606 = CARTESIAN_POINT('',(0.75999491999,-1.,0.762001524003));
#11607 = CARTESIAN_POINT('',(-1.24000508001,-1.,0.762001524003));
#11608 = ADVANCED_FACE('',(#11609),#11615,.F.);
#11609 = FACE_BOUND('',#11610,.F.);
#11610 = EDGE_LOOP('',(#11611,#11612,#11613,#11614));
#11611 = ORIENTED_EDGE('',*,*,#11509,.F.);
#11612 = ORIENTED_EDGE('',*,*,#11572,.T.);
#11613 = ORIENTED_EDGE('',*,*,#11545,.T.);
#11614 = ORIENTED_EDGE('',*,*,#11592,.F.);
#11615 = B_SPLINE_SURFACE_WITH_KNOTS('',1,1,(
    (#11616,#11617)
    ,(#11618,#11619
    )),.UNSPECIFIED.,.F.,.F.,.F.,(2,2),(2,2),(0.,0.762001524003),(0.,
    0.762001524003),.PIECEWISE_BEZIER_KNOTS.);
#11616 = CARTESIAN_POINT('',(0.75999491999,1.,0.));
#11617 = CARTESIAN_POINT('',(0.75999491999,-1.,0.));
#11618 = CARTESIAN_POINT('',(-1.24000508001,1.,0.));
#11619 = CARTESIAN_POINT('',(-1.24000508001,-1.,0.));
#11620 = ADVANCED_FACE('',(#11621),#11627,.T.);
#11621 = FACE_BOUND('',#11622,.T.);
#11622 = EDGE_LOOP('',(#11623,#11624,#11625,#11626));
#11623 = ORIENTED_EDGE('',*,*,#11523,.F.);
#11624 = ORIENTED_EDGE('',*,*,#11578,.T.);
#11625 = ORIENTED_EDGE('',*,*,#11559,.T.);
#11626 = ORIENTED_EDGE('',*,*,#11598,.F.);
#11627 = B_SPLINE_SURFACE_WITH_KNOTS('',1,1,(
    (#11628,#11629)
    ,(#11630,#11631
    )),.UNSPECIFIED.,.F.,.F.,.F.,(2,2),(2,2),(0.,0.762001524003),(0.,
    0.762001524003),.PIECEWISE_BEZIER_KNOTS.);
#11628 = CARTESIAN_POINT('',(0.75999491999,1.,0.762001524003));
#11629 = CARTESIAN_POINT('',(0.75999491999,-1.,0.762001524003));
#11630 = CARTESIAN_POINT('',(-1.24000508001,1.,0.762001524003));
#11631 = CARTESIAN_POINT('',(-1.24000508001,-1.,0.762001524003));
#11632 = ( GEOMETRIC_REPRESENTATION_CONTEXT(3) 
GLOBAL_UNCERTAINTY_ASSIGNED_CONTEXT((#11636)) 
GLOBAL_UNIT_ASSIGNED_CONTEXT((#11633,#11634,#11635)) 
REPRESENTATION_CONTEXT('Context #1',
  '3D Context with UNIT and UNCERTAINTY') );
#11633 = ( LENGTH_UNIT() NAMED_UNIT(*) SI_UNIT(.MILLI.,.METRE.) );
#11634 = ( NAMED_UNIT(*) PLANE_ANGLE_UNIT() SI_UNIT($,.RADIAN.) );
#11635 = ( NAMED_UNIT(*) SI_UNIT($,.STERADIAN.) SOLID_ANGLE_UNIT() );
#11636 = UNCERTAINTY_MEASURE_WITH_UNIT(LENGTH_MEASURE(2.E-07),#11633,
  'distance_accuracy_value','confusion accuracy');
#11637 = CONTEXT_DEPENDENT_SHAPE_REPRESENTATION(#11638,#11640);
#11638 = ( REPRESENTATION_RELATIONSHIP('','',#11493,#11470) 
REPRESENTATION_RELATIONSHIP_WITH_TRANSFORMATION(#11639) 
SHAPE_REPRESENTATION_RELATIONSHIP() );
#11639 = ITEM_DEFINED_TRANSFORMATION('','',#11,#11471);
#11640 = PRODUCT_DEFINITION_SHAPE('Placement','Placement of an item',
  #11641);
#11641 = NEXT_ASSEMBLY_USAGE_OCCURRENCE('379','=>[0:1:1:65]','',#11465,
  #11488,$);
#11642 = PRODUCT_RELATED_PRODUCT_CATEGORY('part',$,(#11490));
#11643 = SHAPE_DEFINITION_REPRESENTATION(#11644,#11650);
#11644 = PRODUCT_DEFINITION_SHAPE('','',#11645);
#11645 = PRODUCT_DEFINITION('design','',#11646,#11649);
#11646 = PRODUCT_DEFINITION_FORMATION('','',#11647);
#11647 = PRODUCT('RF6~ANT-TH_KH-MCX-KE-Z~ANT-TH_KH-MCX-KE-Z~5ZeZ',
  'RF6~ANT-TH_KH-MCX-KE-Z~ANT-TH_KH-MCX-KE-Z~5ZeZ','',(#11648));
#11648 = PRODUCT_CONTEXT('',#2,'mechanical');
#11649 = PRODUCT_DEFINITION_CONTEXT('part definition',#2,'design');
#11650 = SHAPE_REPRESENTATION('',(#11,#11651),#11655);
#11651 = AXIS2_PLACEMENT_3D('',#11652,#11653,#11654);
#11652 = CARTESIAN_POINT('',(0.,0.,0.));
#11653 = DIRECTION('',(0.,0.,1.));
#11654 = DIRECTION('',(1.,0.,-0.));
#11655 = ( GEOMETRIC_REPRESENTATION_CONTEXT(3) 
GLOBAL_UNCERTAINTY_ASSIGNED_CONTEXT((#11659)) 
GLOBAL_UNIT_ASSIGNED_CONTEXT((#11656,#11657,#11658)) 
REPRESENTATION_CONTEXT('Context #1',
  '3D Context with UNIT and UNCERTAINTY') );
#11656 = ( LENGTH_UNIT() NAMED_UNIT(*) SI_UNIT(.MILLI.,.METRE.) );
#11657 = ( NAMED_UNIT(*) PLANE_ANGLE_UNIT() SI_UNIT($,.RADIAN.) );
#11658 = ( NAMED_UNIT(*) SI_UNIT($,.STERADIAN.) SOLID_ANGLE_UNIT() );
#11659 = UNCERTAINTY_MEASURE_WITH_UNIT(LENGTH_MEASURE(1.E-06),#11656,
  'distance_accuracy_value','confusion accuracy');
#11660 = CONTEXT_DEPENDENT_SHAPE_REPRESENTATION(#11661,#11663);
#11661 = ( REPRESENTATION_RELATIONSHIP('','',#11650,#10) 
REPRESENTATION_RELATIONSHIP_WITH_TRANSFORMATION(#11662) 
SHAPE_REPRESENTATION_RELATIONSHIP() );
#11662 = ITEM_DEFINED_TRANSFORMATION('','',#11,#1415);
#11663 = PRODUCT_DEFINITION_SHAPE('Placement','Placement of an item',
  #11664);
#11664 = NEXT_ASSEMBLY_USAGE_OCCURRENCE('382','=>[0:1:1:68]','',#5,
  #11645,$);
#11665 = PRODUCT_RELATED_PRODUCT_CATEGORY('part',$,(#11647));
#11666 = SHAPE_DEFINITION_REPRESENTATION(#11667,#11673);
#11667 = PRODUCT_DEFINITION_SHAPE('','',#11668);
#11668 = PRODUCT_DEFINITION('design','',#11669,#11672);
#11669 = PRODUCT_DEFINITION_FORMATION('','',#11670);
#11670 = PRODUCT('ANT-TH_KH-MCX-KE-Z~ANT-TH_KH-MCX-KE-Z~5ZeZ',
  'ANT-TH_KH-MCX-KE-Z~ANT-TH_KH-MCX-KE-Z~5ZeZ','',(#11671));
#11671 = PRODUCT_CONTEXT('',#2,'mechanical');
#11672 = PRODUCT_DEFINITION_CONTEXT('part definition',#2,'design');
#11673 = ADVANCED_BREP_SHAPE_REPRESENTATION('',(#11,#11674),#11812);
#11674 = MANIFOLD_SOLID_BREP('',#11675);
#11675 = CLOSED_SHELL('',(#11676,#11712,#11748,#11768,#11788,#11800));
#11676 = ADVANCED_FACE('',(#11677),#11707,.F.);
#11677 = FACE_BOUND('',#11678,.F.);
#11678 = EDGE_LOOP('',(#11679,#11688,#11695,#11702));
#11679 = ORIENTED_EDGE('',*,*,#11680,.F.);
#11680 = EDGE_CURVE('',#11681,#11683,#11685,.T.);
#11681 = VERTEX_POINT('',#11682);
#11682 = CARTESIAN_POINT('',(-2.975,-2.975,-3.5));
#11683 = VERTEX_POINT('',#11684);
#11684 = CARTESIAN_POINT('',(-2.975,-2.975,-2.737998475997));
#11685 = B_SPLINE_CURVE_WITH_KNOTS('',1,(#11686,#11687),.UNSPECIFIED.,
  .F.,.F.,(2,2),(0.,0.762001524003),.PIECEWISE_BEZIER_KNOTS.);
#11686 = CARTESIAN_POINT('',(-2.975,-2.975,-3.5));
#11687 = CARTESIAN_POINT('',(-2.975,-2.975,-2.737998475997));
#11688 = ORIENTED_EDGE('',*,*,#11689,.T.);
#11689 = EDGE_CURVE('',#11681,#11690,#11692,.T.);
#11690 = VERTEX_POINT('',#11691);
#11691 = CARTESIAN_POINT('',(-2.975,2.975,-3.5));
#11692 = B_SPLINE_CURVE_WITH_KNOTS('',1,(#11693,#11694),.UNSPECIFIED.,
  .F.,.F.,(2,2),(0.,0.762001524003),.PIECEWISE_BEZIER_KNOTS.);
#11693 = CARTESIAN_POINT('',(-2.975,-2.975,-3.5));
#11694 = CARTESIAN_POINT('',(-2.975,2.975,-3.5));
#11695 = ORIENTED_EDGE('',*,*,#11696,.T.);
#11696 = EDGE_CURVE('',#11690,#11697,#11699,.T.);
#11697 = VERTEX_POINT('',#11698);
#11698 = CARTESIAN_POINT('',(-2.975,2.975,-2.737998475997));
#11699 = B_SPLINE_CURVE_WITH_KNOTS('',1,(#11700,#11701),.UNSPECIFIED.,
  .F.,.F.,(2,2),(0.,0.762001524003),.PIECEWISE_BEZIER_KNOTS.);
#11700 = CARTESIAN_POINT('',(-2.975,2.975,-3.5));
#11701 = CARTESIAN_POINT('',(-2.975,2.975,-2.737998475997));
#11702 = ORIENTED_EDGE('',*,*,#11703,.F.);
#11703 = EDGE_CURVE('',#11683,#11697,#11704,.T.);
#11704 = B_SPLINE_CURVE_WITH_KNOTS('',1,(#11705,#11706),.UNSPECIFIED.,
  .F.,.F.,(2,2),(0.,0.762001524003),.PIECEWISE_BEZIER_KNOTS.);
#11705 = CARTESIAN_POINT('',(-2.975,-2.975,-2.737998475997));
#11706 = CARTESIAN_POINT('',(-2.975,2.975,-2.737998475997));
#11707 = B_SPLINE_SURFACE_WITH_KNOTS('',1,1,(
    (#11708,#11709)
    ,(#11710,#11711
    )),.UNSPECIFIED.,.F.,.F.,.F.,(2,2),(2,2),(0.,0.762001524003),(
    -0.762001524003,0.),.PIECEWISE_BEZIER_KNOTS.);
#11708 = CARTESIAN_POINT('',(-2.975,2.975,-3.5));
#11709 = CARTESIAN_POINT('',(-2.975,-2.975,-3.5));
#11710 = CARTESIAN_POINT('',(-2.975,2.975,-2.737998475997));
#11711 = CARTESIAN_POINT('',(-2.975,-2.975,-2.737998475997));
#11712 = ADVANCED_FACE('',(#11713),#11743,.T.);
#11713 = FACE_BOUND('',#11714,.T.);
#11714 = EDGE_LOOP('',(#11715,#11724,#11731,#11738));
#11715 = ORIENTED_EDGE('',*,*,#11716,.F.);
#11716 = EDGE_CURVE('',#11717,#11719,#11721,.T.);
#11717 = VERTEX_POINT('',#11718);
#11718 = CARTESIAN_POINT('',(2.975,-2.975,-3.5));
#11719 = VERTEX_POINT('',#11720);
#11720 = CARTESIAN_POINT('',(2.975,-2.975,-2.737998475997));
#11721 = B_SPLINE_CURVE_WITH_KNOTS('',1,(#11722,#11723),.UNSPECIFIED.,
  .F.,.F.,(2,2),(0.,0.762001524003),.PIECEWISE_BEZIER_KNOTS.);
#11722 = CARTESIAN_POINT('',(2.975,-2.975,-3.5));
#11723 = CARTESIAN_POINT('',(2.975,-2.975,-2.737998475997));
#11724 = ORIENTED_EDGE('',*,*,#11725,.T.);
#11725 = EDGE_CURVE('',#11717,#11726,#11728,.T.);
#11726 = VERTEX_POINT('',#11727);
#11727 = CARTESIAN_POINT('',(2.975,2.975,-3.5));
#11728 = B_SPLINE_CURVE_WITH_KNOTS('',1,(#11729,#11730),.UNSPECIFIED.,
  .F.,.F.,(2,2),(0.,0.762001524003),.PIECEWISE_BEZIER_KNOTS.);
#11729 = CARTESIAN_POINT('',(2.975,-2.975,-3.5));
#11730 = CARTESIAN_POINT('',(2.975,2.975,-3.5));
#11731 = ORIENTED_EDGE('',*,*,#11732,.T.);
#11732 = EDGE_CURVE('',#11726,#11733,#11735,.T.);
#11733 = VERTEX_POINT('',#11734);
#11734 = CARTESIAN_POINT('',(2.975,2.975,-2.737998475997));
#11735 = B_SPLINE_CURVE_WITH_KNOTS('',1,(#11736,#11737),.UNSPECIFIED.,
  .F.,.F.,(2,2),(0.,0.762001524003),.PIECEWISE_BEZIER_KNOTS.);
#11736 = CARTESIAN_POINT('',(2.975,2.975,-3.5));
#11737 = CARTESIAN_POINT('',(2.975,2.975,-2.737998475997));
#11738 = ORIENTED_EDGE('',*,*,#11739,.F.);
#11739 = EDGE_CURVE('',#11719,#11733,#11740,.T.);
#11740 = B_SPLINE_CURVE_WITH_KNOTS('',1,(#11741,#11742),.UNSPECIFIED.,
  .F.,.F.,(2,2),(0.,0.762001524003),.PIECEWISE_BEZIER_KNOTS.);
#11741 = CARTESIAN_POINT('',(2.975,-2.975,-2.737998475997));
#11742 = CARTESIAN_POINT('',(2.975,2.975,-2.737998475997));
#11743 = B_SPLINE_SURFACE_WITH_KNOTS('',1,1,(
    (#11744,#11745)
    ,(#11746,#11747
    )),.UNSPECIFIED.,.F.,.F.,.F.,(2,2),(2,2),(0.,0.762001524003),(
    -0.762001524003,0.),.PIECEWISE_BEZIER_KNOTS.);
#11744 = CARTESIAN_POINT('',(2.975,2.975,-3.5));
#11745 = CARTESIAN_POINT('',(2.975,-2.975,-3.5));
#11746 = CARTESIAN_POINT('',(2.975,2.975,-2.737998475997));
#11747 = CARTESIAN_POINT('',(2.975,-2.975,-2.737998475997));
#11748 = ADVANCED_FACE('',(#11749),#11763,.F.);
#11749 = FACE_BOUND('',#11750,.F.);
#11750 = EDGE_LOOP('',(#11751,#11756,#11757,#11762));
#11751 = ORIENTED_EDGE('',*,*,#11752,.F.);
#11752 = EDGE_CURVE('',#11681,#11717,#11753,.T.);
#11753 = B_SPLINE_CURVE_WITH_KNOTS('',1,(#11754,#11755),.UNSPECIFIED.,
  .F.,.F.,(2,2),(0.,0.762001524003),.PIECEWISE_BEZIER_KNOTS.);
#11754 = CARTESIAN_POINT('',(-2.975,-2.975,-3.5));
#11755 = CARTESIAN_POINT('',(2.975,-2.975,-3.5));
#11756 = ORIENTED_EDGE('',*,*,#11680,.T.);
#11757 = ORIENTED_EDGE('',*,*,#11758,.T.);
#11758 = EDGE_CURVE('',#11683,#11719,#11759,.T.);
#11759 = B_SPLINE_CURVE_WITH_KNOTS('',1,(#11760,#11761),.UNSPECIFIED.,
  .F.,.F.,(2,2),(0.,0.762001524003),.PIECEWISE_BEZIER_KNOTS.);
#11760 = CARTESIAN_POINT('',(-2.975,-2.975,-2.737998475997));
#11761 = CARTESIAN_POINT('',(2.975,-2.975,-2.737998475997));
#11762 = ORIENTED_EDGE('',*,*,#11716,.F.);
#11763 = B_SPLINE_SURFACE_WITH_KNOTS('',1,1,(
    (#11764,#11765)
    ,(#11766,#11767
    )),.UNSPECIFIED.,.F.,.F.,.F.,(2,2),(2,2),(0.,0.762001524003),(0.,
    0.762001524003),.PIECEWISE_BEZIER_KNOTS.);
#11764 = CARTESIAN_POINT('',(-2.975,-2.975,-3.5));
#11765 = CARTESIAN_POINT('',(2.975,-2.975,-3.5));
#11766 = CARTESIAN_POINT('',(-2.975,-2.975,-2.737998475997));
#11767 = CARTESIAN_POINT('',(2.975,-2.975,-2.737998475997));
#11768 = ADVANCED_FACE('',(#11769),#11783,.T.);
#11769 = FACE_BOUND('',#11770,.T.);
#11770 = EDGE_LOOP('',(#11771,#11776,#11777,#11782));
#11771 = ORIENTED_EDGE('',*,*,#11772,.F.);
#11772 = EDGE_CURVE('',#11690,#11726,#11773,.T.);
#11773 = B_SPLINE_CURVE_WITH_KNOTS('',1,(#11774,#11775),.UNSPECIFIED.,
  .F.,.F.,(2,2),(0.,0.762001524003),.PIECEWISE_BEZIER_KNOTS.);
#11774 = CARTESIAN_POINT('',(-2.975,2.975,-3.5));
#11775 = CARTESIAN_POINT('',(2.975,2.975,-3.5));
#11776 = ORIENTED_EDGE('',*,*,#11696,.T.);
#11777 = ORIENTED_EDGE('',*,*,#11778,.T.);
#11778 = EDGE_CURVE('',#11697,#11733,#11779,.T.);
#11779 = B_SPLINE_CURVE_WITH_KNOTS('',1,(#11780,#11781),.UNSPECIFIED.,
  .F.,.F.,(2,2),(0.,0.762001524003),.PIECEWISE_BEZIER_KNOTS.);
#11780 = CARTESIAN_POINT('',(-2.975,2.975,-2.737998475997));
#11781 = CARTESIAN_POINT('',(2.975,2.975,-2.737998475997));
#11782 = ORIENTED_EDGE('',*,*,#11732,.F.);
#11783 = B_SPLINE_SURFACE_WITH_KNOTS('',1,1,(
    (#11784,#11785)
    ,(#11786,#11787
    )),.UNSPECIFIED.,.F.,.F.,.F.,(2,2),(2,2),(0.,0.762001524003),(0.,
    0.762001524003),.PIECEWISE_BEZIER_KNOTS.);
#11784 = CARTESIAN_POINT('',(-2.975,2.975,-3.5));
#11785 = CARTESIAN_POINT('',(2.975,2.975,-3.5));
#11786 = CARTESIAN_POINT('',(-2.975,2.975,-2.737998475997));
#11787 = CARTESIAN_POINT('',(2.975,2.975,-2.737998475997));
#11788 = ADVANCED_FACE('',(#11789),#11795,.F.);
#11789 = FACE_BOUND('',#11790,.F.);
#11790 = EDGE_LOOP('',(#11791,#11792,#11793,#11794));
#11791 = ORIENTED_EDGE('',*,*,#11689,.F.);
#11792 = ORIENTED_EDGE('',*,*,#11752,.T.);
#11793 = ORIENTED_EDGE('',*,*,#11725,.T.);
#11794 = ORIENTED_EDGE('',*,*,#11772,.F.);
#11795 = B_SPLINE_SURFACE_WITH_KNOTS('',1,1,(
    (#11796,#11797)
    ,(#11798,#11799
    )),.UNSPECIFIED.,.F.,.F.,.F.,(2,2),(2,2),(0.,0.762001524003),(0.,
    0.762001524003),.PIECEWISE_BEZIER_KNOTS.);
#11796 = CARTESIAN_POINT('',(-2.975,-2.975,-3.5));
#11797 = CARTESIAN_POINT('',(-2.975,2.975,-3.5));
#11798 = CARTESIAN_POINT('',(2.975,-2.975,-3.5));
#11799 = CARTESIAN_POINT('',(2.975,2.975,-3.5));
#11800 = ADVANCED_FACE('',(#11801),#11807,.T.);
#11801 = FACE_BOUND('',#11802,.T.);
#11802 = EDGE_LOOP('',(#11803,#11804,#11805,#11806));
#11803 = ORIENTED_EDGE('',*,*,#11703,.F.);
#11804 = ORIENTED_EDGE('',*,*,#11758,.T.);
#11805 = ORIENTED_EDGE('',*,*,#11739,.T.);
#11806 = ORIENTED_EDGE('',*,*,#11778,.F.);
#11807 = B_SPLINE_SURFACE_WITH_KNOTS('',1,1,(
    (#11808,#11809)
    ,(#11810,#11811
    )),.UNSPECIFIED.,.F.,.F.,.F.,(2,2),(2,2),(0.,0.762001524003),(0.,
    0.762001524003),.PIECEWISE_BEZIER_KNOTS.);
#11808 = CARTESIAN_POINT('',(-2.975,-2.975,-2.737998475997));
#11809 = CARTESIAN_POINT('',(-2.975,2.975,-2.737998475997));
#11810 = CARTESIAN_POINT('',(2.975,-2.975,-2.737998475997));
#11811 = CARTESIAN_POINT('',(2.975,2.975,-2.737998475997));
#11812 = ( GEOMETRIC_REPRESENTATION_CONTEXT(3) 
GLOBAL_UNCERTAINTY_ASSIGNED_CONTEXT((#11816)) 
GLOBAL_UNIT_ASSIGNED_CONTEXT((#11813,#11814,#11815)) 
REPRESENTATION_CONTEXT('Context #1',
  '3D Context with UNIT and UNCERTAINTY') );
#11813 = ( LENGTH_UNIT() NAMED_UNIT(*) SI_UNIT(.MILLI.,.METRE.) );
#11814 = ( NAMED_UNIT(*) PLANE_ANGLE_UNIT() SI_UNIT($,.RADIAN.) );
#11815 = ( NAMED_UNIT(*) SI_UNIT($,.STERADIAN.) SOLID_ANGLE_UNIT() );
#11816 = UNCERTAINTY_MEASURE_WITH_UNIT(LENGTH_MEASURE(1.E-06),#11813,
  'distance_accuracy_value','confusion accuracy');
#11817 = CONTEXT_DEPENDENT_SHAPE_REPRESENTATION(#11818,#11820);
#11818 = ( REPRESENTATION_RELATIONSHIP('','',#11673,#11650) 
REPRESENTATION_RELATIONSHIP_WITH_TRANSFORMATION(#11819) 
SHAPE_REPRESENTATION_RELATIONSHIP() );
#11819 = ITEM_DEFINED_TRANSFORMATION('','',#11,#11651);
#11820 = PRODUCT_DEFINITION_SHAPE('Placement','Placement of an item',
  #11821);
#11821 = NEXT_ASSEMBLY_USAGE_OCCURRENCE('381','=>[0:1:1:67]','',#11645,
  #11668,$);
#11822 = PRODUCT_RELATED_PRODUCT_CATEGORY('part',$,(#11670));
#11823 = SHAPE_DEFINITION_REPRESENTATION(#11824,#11830);
#11824 = PRODUCT_DEFINITION_SHAPE('','',#11825);
#11825 = PRODUCT_DEFINITION('design','',#11826,#11829);
#11826 = PRODUCT_DEFINITION_FORMATION('','',#11827);
#11827 = PRODUCT('R142~R0402~R0603~5ZeZ','R142~R0402~R0603~5ZeZ','',(
    #11828));
#11828 = PRODUCT_CONTEXT('',#2,'mechanical');
#11829 = PRODUCT_DEFINITION_CONTEXT('part definition',#2,'design');
#11830 = SHAPE_REPRESENTATION('',(#11,#11831),#11835);
#11831 = AXIS2_PLACEMENT_3D('',#11832,#11833,#11834);
#11832 = CARTESIAN_POINT('',(0.,0.,0.));
#11833 = DIRECTION('',(0.,0.,1.));
#11834 = DIRECTION('',(1.,0.,-0.));
#11835 = ( GEOMETRIC_REPRESENTATION_CONTEXT(3) 
GLOBAL_UNCERTAINTY_ASSIGNED_CONTEXT((#11839)) 
GLOBAL_UNIT_ASSIGNED_CONTEXT((#11836,#11837,#11838)) 
REPRESENTATION_CONTEXT('Context #1',
  '3D Context with UNIT and UNCERTAINTY') );
#11836 = ( LENGTH_UNIT() NAMED_UNIT(*) SI_UNIT(.MILLI.,.METRE.) );
#11837 = ( NAMED_UNIT(*) PLANE_ANGLE_UNIT() SI_UNIT($,.RADIAN.) );
#11838 = ( NAMED_UNIT(*) SI_UNIT($,.STERADIAN.) SOLID_ANGLE_UNIT() );
#11839 = UNCERTAINTY_MEASURE_WITH_UNIT(LENGTH_MEASURE(2.E-07),#11836,
  'distance_accuracy_value','confusion accuracy');
#11840 = CONTEXT_DEPENDENT_SHAPE_REPRESENTATION(#11841,#11843);
#11841 = ( REPRESENTATION_RELATIONSHIP('','',#11830,#10) 
REPRESENTATION_RELATIONSHIP_WITH_TRANSFORMATION(#11842) 
SHAPE_REPRESENTATION_RELATIONSHIP() );
#11842 = ITEM_DEFINED_TRANSFORMATION('','',#11,#1419);
#11843 = PRODUCT_DEFINITION_SHAPE('Placement','Placement of an item',
  #11844);
#11844 = NEXT_ASSEMBLY_USAGE_OCCURRENCE('384','=>[0:1:1:70]','',#5,
  #11825,$);
#11845 = PRODUCT_RELATED_PRODUCT_CATEGORY('part',$,(#11827));
#11846 = SHAPE_DEFINITION_REPRESENTATION(#11847,#11853);
#11847 = PRODUCT_DEFINITION_SHAPE('','',#11848);
#11848 = PRODUCT_DEFINITION('design','',#11849,#11852);
#11849 = PRODUCT_DEFINITION_FORMATION('','',#11850);
#11850 = PRODUCT('R163~R0603~R0603~5ZeZ','R163~R0603~R0603~5ZeZ','',(
    #11851));
#11851 = PRODUCT_CONTEXT('',#2,'mechanical');
#11852 = PRODUCT_DEFINITION_CONTEXT('part definition',#2,'design');
#11853 = ADVANCED_BREP_SHAPE_REPRESENTATION('',(#11,#11854),#11992);
#11854 = MANIFOLD_SOLID_BREP('',#11855);
#11855 = CLOSED_SHELL('',(#11856,#11892,#11928,#11948,#11968,#11980));
#11856 = ADVANCED_FACE('',(#11857),#11887,.F.);
#11857 = FACE_BOUND('',#11858,.F.);
#11858 = EDGE_LOOP('',(#11859,#11868,#11875,#11882));
#11859 = ORIENTED_EDGE('',*,*,#11860,.F.);
#11860 = EDGE_CURVE('',#11861,#11863,#11865,.T.);
#11861 = VERTEX_POINT('',#11862);
#11862 = CARTESIAN_POINT('',(0.81,-0.405,0.));
#11863 = VERTEX_POINT('',#11864);
#11864 = CARTESIAN_POINT('',(0.81,-0.405,0.762001524003));
#11865 = B_SPLINE_CURVE_WITH_KNOTS('',1,(#11866,#11867),.UNSPECIFIED.,
  .F.,.F.,(2,2),(0.,0.762001524003),.PIECEWISE_BEZIER_KNOTS.);
#11866 = CARTESIAN_POINT('',(0.81,-0.405,0.));
#11867 = CARTESIAN_POINT('',(0.81,-0.405,0.762001524003));
#11868 = ORIENTED_EDGE('',*,*,#11869,.T.);
#11869 = EDGE_CURVE('',#11861,#11870,#11872,.T.);
#11870 = VERTEX_POINT('',#11871);
#11871 = CARTESIAN_POINT('',(-0.81,-0.405,0.));
#11872 = B_SPLINE_CURVE_WITH_KNOTS('',1,(#11873,#11874),.UNSPECIFIED.,
  .F.,.F.,(2,2),(0.,0.762001524003),.PIECEWISE_BEZIER_KNOTS.);
#11873 = CARTESIAN_POINT('',(0.81,-0.405,0.));
#11874 = CARTESIAN_POINT('',(-0.81,-0.405,0.));
#11875 = ORIENTED_EDGE('',*,*,#11876,.T.);
#11876 = EDGE_CURVE('',#11870,#11877,#11879,.T.);
#11877 = VERTEX_POINT('',#11878);
#11878 = CARTESIAN_POINT('',(-0.81,-0.405,0.762001524003));
#11879 = B_SPLINE_CURVE_WITH_KNOTS('',1,(#11880,#11881),.UNSPECIFIED.,
  .F.,.F.,(2,2),(0.,0.762001524003),.PIECEWISE_BEZIER_KNOTS.);
#11880 = CARTESIAN_POINT('',(-0.81,-0.405,0.));
#11881 = CARTESIAN_POINT('',(-0.81,-0.405,0.762001524003));
#11882 = ORIENTED_EDGE('',*,*,#11883,.F.);
#11883 = EDGE_CURVE('',#11863,#11877,#11884,.T.);
#11884 = B_SPLINE_CURVE_WITH_KNOTS('',1,(#11885,#11886),.UNSPECIFIED.,
  .F.,.F.,(2,2),(0.,0.762001524003),.PIECEWISE_BEZIER_KNOTS.);
#11885 = CARTESIAN_POINT('',(0.81,-0.405,0.762001524003));
#11886 = CARTESIAN_POINT('',(-0.81,-0.405,0.762001524003));
#11887 = B_SPLINE_SURFACE_WITH_KNOTS('',1,1,(
    (#11888,#11889)
    ,(#11890,#11891
    )),.UNSPECIFIED.,.F.,.F.,.F.,(2,2),(2,2),(0.,0.762001524003),(
    -0.762001524003,0.),.PIECEWISE_BEZIER_KNOTS.);
#11888 = CARTESIAN_POINT('',(-0.81,-0.405,0.));
#11889 = CARTESIAN_POINT('',(0.81,-0.405,0.));
#11890 = CARTESIAN_POINT('',(-0.81,-0.405,0.762001524003));
#11891 = CARTESIAN_POINT('',(0.81,-0.405,0.762001524003));
#11892 = ADVANCED_FACE('',(#11893),#11923,.T.);
#11893 = FACE_BOUND('',#11894,.T.);
#11894 = EDGE_LOOP('',(#11895,#11904,#11911,#11918));
#11895 = ORIENTED_EDGE('',*,*,#11896,.F.);
#11896 = EDGE_CURVE('',#11897,#11899,#11901,.T.);
#11897 = VERTEX_POINT('',#11898);
#11898 = CARTESIAN_POINT('',(0.81,0.405,0.));
#11899 = VERTEX_POINT('',#11900);
#11900 = CARTESIAN_POINT('',(0.81,0.405,0.762001524003));
#11901 = B_SPLINE_CURVE_WITH_KNOTS('',1,(#11902,#11903),.UNSPECIFIED.,
  .F.,.F.,(2,2),(0.,0.762001524003),.PIECEWISE_BEZIER_KNOTS.);
#11902 = CARTESIAN_POINT('',(0.81,0.405,0.));
#11903 = CARTESIAN_POINT('',(0.81,0.405,0.762001524003));
#11904 = ORIENTED_EDGE('',*,*,#11905,.T.);
#11905 = EDGE_CURVE('',#11897,#11906,#11908,.T.);
#11906 = VERTEX_POINT('',#11907);
#11907 = CARTESIAN_POINT('',(-0.81,0.405,0.));
#11908 = B_SPLINE_CURVE_WITH_KNOTS('',1,(#11909,#11910),.UNSPECIFIED.,
  .F.,.F.,(2,2),(0.,0.762001524003),.PIECEWISE_BEZIER_KNOTS.);
#11909 = CARTESIAN_POINT('',(0.81,0.405,0.));
#11910 = CARTESIAN_POINT('',(-0.81,0.405,0.));
#11911 = ORIENTED_EDGE('',*,*,#11912,.T.);
#11912 = EDGE_CURVE('',#11906,#11913,#11915,.T.);
#11913 = VERTEX_POINT('',#11914);
#11914 = CARTESIAN_POINT('',(-0.81,0.405,0.762001524003));
#11915 = B_SPLINE_CURVE_WITH_KNOTS('',1,(#11916,#11917),.UNSPECIFIED.,
  .F.,.F.,(2,2),(0.,0.762001524003),.PIECEWISE_BEZIER_KNOTS.);
#11916 = CARTESIAN_POINT('',(-0.81,0.405,0.));
#11917 = CARTESIAN_POINT('',(-0.81,0.405,0.762001524003));
#11918 = ORIENTED_EDGE('',*,*,#11919,.F.);
#11919 = EDGE_CURVE('',#11899,#11913,#11920,.T.);
#11920 = B_SPLINE_CURVE_WITH_KNOTS('',1,(#11921,#11922),.UNSPECIFIED.,
  .F.,.F.,(2,2),(0.,0.762001524003),.PIECEWISE_BEZIER_KNOTS.);
#11921 = CARTESIAN_POINT('',(0.81,0.405,0.762001524003));
#11922 = CARTESIAN_POINT('',(-0.81,0.405,0.762001524003));
#11923 = B_SPLINE_SURFACE_WITH_KNOTS('',1,1,(
    (#11924,#11925)
    ,(#11926,#11927
    )),.UNSPECIFIED.,.F.,.F.,.F.,(2,2),(2,2),(0.,0.762001524003),(
    -0.762001524003,0.),.PIECEWISE_BEZIER_KNOTS.);
#11924 = CARTESIAN_POINT('',(-0.81,0.405,0.));
#11925 = CARTESIAN_POINT('',(0.81,0.405,0.));
#11926 = CARTESIAN_POINT('',(-0.81,0.405,0.762001524003));
#11927 = CARTESIAN_POINT('',(0.81,0.405,0.762001524003));
#11928 = ADVANCED_FACE('',(#11929),#11943,.F.);
#11929 = FACE_BOUND('',#11930,.F.);
#11930 = EDGE_LOOP('',(#11931,#11936,#11937,#11942));
#11931 = ORIENTED_EDGE('',*,*,#11932,.F.);
#11932 = EDGE_CURVE('',#11861,#11897,#11933,.T.);
#11933 = B_SPLINE_CURVE_WITH_KNOTS('',1,(#11934,#11935),.UNSPECIFIED.,
  .F.,.F.,(2,2),(0.,0.762001524003),.PIECEWISE_BEZIER_KNOTS.);
#11934 = CARTESIAN_POINT('',(0.81,-0.405,0.));
#11935 = CARTESIAN_POINT('',(0.81,0.405,0.));
#11936 = ORIENTED_EDGE('',*,*,#11860,.T.);
#11937 = ORIENTED_EDGE('',*,*,#11938,.T.);
#11938 = EDGE_CURVE('',#11863,#11899,#11939,.T.);
#11939 = B_SPLINE_CURVE_WITH_KNOTS('',1,(#11940,#11941),.UNSPECIFIED.,
  .F.,.F.,(2,2),(0.,0.762001524003),.PIECEWISE_BEZIER_KNOTS.);
#11940 = CARTESIAN_POINT('',(0.81,-0.405,0.762001524003));
#11941 = CARTESIAN_POINT('',(0.81,0.405,0.762001524003));
#11942 = ORIENTED_EDGE('',*,*,#11896,.F.);
#11943 = B_SPLINE_SURFACE_WITH_KNOTS('',1,1,(
    (#11944,#11945)
    ,(#11946,#11947
    )),.UNSPECIFIED.,.F.,.F.,.F.,(2,2),(2,2),(0.,0.762001524003),(0.,
    0.762001524003),.PIECEWISE_BEZIER_KNOTS.);
#11944 = CARTESIAN_POINT('',(0.81,-0.405,0.));
#11945 = CARTESIAN_POINT('',(0.81,0.405,0.));
#11946 = CARTESIAN_POINT('',(0.81,-0.405,0.762001524003));
#11947 = CARTESIAN_POINT('',(0.81,0.405,0.762001524003));
#11948 = ADVANCED_FACE('',(#11949),#11963,.T.);
#11949 = FACE_BOUND('',#11950,.T.);
#11950 = EDGE_LOOP('',(#11951,#11956,#11957,#11962));
#11951 = ORIENTED_EDGE('',*,*,#11952,.F.);
#11952 = EDGE_CURVE('',#11870,#11906,#11953,.T.);
#11953 = B_SPLINE_CURVE_WITH_KNOTS('',1,(#11954,#11955),.UNSPECIFIED.,
  .F.,.F.,(2,2),(0.,0.762001524003),.PIECEWISE_BEZIER_KNOTS.);
#11954 = CARTESIAN_POINT('',(-0.81,-0.405,0.));
#11955 = CARTESIAN_POINT('',(-0.81,0.405,0.));
#11956 = ORIENTED_EDGE('',*,*,#11876,.T.);
#11957 = ORIENTED_EDGE('',*,*,#11958,.T.);
#11958 = EDGE_CURVE('',#11877,#11913,#11959,.T.);
#11959 = B_SPLINE_CURVE_WITH_KNOTS('',1,(#11960,#11961),.UNSPECIFIED.,
  .F.,.F.,(2,2),(0.,0.762001524003),.PIECEWISE_BEZIER_KNOTS.);
#11960 = CARTESIAN_POINT('',(-0.81,-0.405,0.762001524003));
#11961 = CARTESIAN_POINT('',(-0.81,0.405,0.762001524003));
#11962 = ORIENTED_EDGE('',*,*,#11912,.F.);
#11963 = B_SPLINE_SURFACE_WITH_KNOTS('',1,1,(
    (#11964,#11965)
    ,(#11966,#11967
    )),.UNSPECIFIED.,.F.,.F.,.F.,(2,2),(2,2),(0.,0.762001524003),(0.,
    0.762001524003),.PIECEWISE_BEZIER_KNOTS.);
#11964 = CARTESIAN_POINT('',(-0.81,-0.405,0.));
#11965 = CARTESIAN_POINT('',(-0.81,0.405,0.));
#11966 = CARTESIAN_POINT('',(-0.81,-0.405,0.762001524003));
#11967 = CARTESIAN_POINT('',(-0.81,0.405,0.762001524003));
#11968 = ADVANCED_FACE('',(#11969),#11975,.F.);
#11969 = FACE_BOUND('',#11970,.F.);
#11970 = EDGE_LOOP('',(#11971,#11972,#11973,#11974));
#11971 = ORIENTED_EDGE('',*,*,#11869,.F.);
#11972 = ORIENTED_EDGE('',*,*,#11932,.T.);
#11973 = ORIENTED_EDGE('',*,*,#11905,.T.);
#11974 = ORIENTED_EDGE('',*,*,#11952,.F.);
#11975 = B_SPLINE_SURFACE_WITH_KNOTS('',1,1,(
    (#11976,#11977)
    ,(#11978,#11979
    )),.UNSPECIFIED.,.F.,.F.,.F.,(2,2),(2,2),(0.,0.762001524003),(0.,
    0.762001524003),.PIECEWISE_BEZIER_KNOTS.);
#11976 = CARTESIAN_POINT('',(0.81,-0.405,0.));
#11977 = CARTESIAN_POINT('',(-0.81,-0.405,0.));
#11978 = CARTESIAN_POINT('',(0.81,0.405,0.));
#11979 = CARTESIAN_POINT('',(-0.81,0.405,0.));
#11980 = ADVANCED_FACE('',(#11981),#11987,.T.);
#11981 = FACE_BOUND('',#11982,.T.);
#11982 = EDGE_LOOP('',(#11983,#11984,#11985,#11986));
#11983 = ORIENTED_EDGE('',*,*,#11883,.F.);
#11984 = ORIENTED_EDGE('',*,*,#11938,.T.);
#11985 = ORIENTED_EDGE('',*,*,#11919,.T.);
#11986 = ORIENTED_EDGE('',*,*,#11958,.F.);
#11987 = B_SPLINE_SURFACE_WITH_KNOTS('',1,1,(
    (#11988,#11989)
    ,(#11990,#11991
    )),.UNSPECIFIED.,.F.,.F.,.F.,(2,2),(2,2),(0.,0.762001524003),(0.,
    0.762001524003),.PIECEWISE_BEZIER_KNOTS.);
#11988 = CARTESIAN_POINT('',(0.81,-0.405,0.762001524003));
#11989 = CARTESIAN_POINT('',(-0.81,-0.405,0.762001524003));
#11990 = CARTESIAN_POINT('',(0.81,0.405,0.762001524003));
#11991 = CARTESIAN_POINT('',(-0.81,0.405,0.762001524003));
#11992 = ( GEOMETRIC_REPRESENTATION_CONTEXT(3) 
GLOBAL_UNCERTAINTY_ASSIGNED_CONTEXT((#11996)) 
GLOBAL_UNIT_ASSIGNED_CONTEXT((#11993,#11994,#11995)) 
REPRESENTATION_CONTEXT('Context #1',
  '3D Context with UNIT and UNCERTAINTY') );
#11993 = ( LENGTH_UNIT() NAMED_UNIT(*) SI_UNIT(.MILLI.,.METRE.) );
#11994 = ( NAMED_UNIT(*) PLANE_ANGLE_UNIT() SI_UNIT($,.RADIAN.) );
#11995 = ( NAMED_UNIT(*) SI_UNIT($,.STERADIAN.) SOLID_ANGLE_UNIT() );
#11996 = UNCERTAINTY_MEASURE_WITH_UNIT(LENGTH_MEASURE(2.E-07),#11993,
  'distance_accuracy_value','confusion accuracy');
#11997 = CONTEXT_DEPENDENT_SHAPE_REPRESENTATION(#11998,#12000);
#11998 = ( REPRESENTATION_RELATIONSHIP('','',#11853,#11830) 
REPRESENTATION_RELATIONSHIP_WITH_TRANSFORMATION(#11999) 
SHAPE_REPRESENTATION_RELATIONSHIP() );
#11999 = ITEM_DEFINED_TRANSFORMATION('','',#11,#11831);
#12000 = PRODUCT_DEFINITION_SHAPE('Placement','Placement of an item',
  #12001);
#12001 = NEXT_ASSEMBLY_USAGE_OCCURRENCE('383','=>[0:1:1:69]','',#11825,
  #11848,$);
#12002 = PRODUCT_RELATED_PRODUCT_CATEGORY('part',$,(#11850));
#12003 = CONTEXT_DEPENDENT_SHAPE_REPRESENTATION(#12004,#12006);
#12004 = ( REPRESENTATION_RELATIONSHIP('','',#11853,#10) 
REPRESENTATION_RELATIONSHIP_WITH_TRANSFORMATION(#12005) 
SHAPE_REPRESENTATION_RELATIONSHIP() );
#12005 = ITEM_DEFINED_TRANSFORMATION('','',#11,#1423);
#12006 = PRODUCT_DEFINITION_SHAPE('Placement','Placement of an item',
  #12007);
#12007 = NEXT_ASSEMBLY_USAGE_OCCURRENCE('385','=>[0:1:1:69]','',#5,
  #11848,$);
#12008 = CONTEXT_DEPENDENT_SHAPE_REPRESENTATION(#12009,#12011);
#12009 = ( REPRESENTATION_RELATIONSHIP('','',#11853,#10) 
REPRESENTATION_RELATIONSHIP_WITH_TRANSFORMATION(#12010) 
SHAPE_REPRESENTATION_RELATIONSHIP() );
#12010 = ITEM_DEFINED_TRANSFORMATION('','',#11,#1427);
#12011 = PRODUCT_DEFINITION_SHAPE('Placement','Placement of an item',
  #12012);
#12012 = NEXT_ASSEMBLY_USAGE_OCCURRENCE('386','=>[0:1:1:69]','',#5,
  #11848,$);
#12013 = CONTEXT_DEPENDENT_SHAPE_REPRESENTATION(#12014,#12016);
#12014 = ( REPRESENTATION_RELATIONSHIP('','',#11853,#10) 
REPRESENTATION_RELATIONSHIP_WITH_TRANSFORMATION(#12015) 
SHAPE_REPRESENTATION_RELATIONSHIP() );
#12015 = ITEM_DEFINED_TRANSFORMATION('','',#11,#1431);
#12016 = PRODUCT_DEFINITION_SHAPE('Placement','Placement of an item',
  #12017);
#12017 = NEXT_ASSEMBLY_USAGE_OCCURRENCE('387','=>[0:1:1:69]','',#5,
  #11848,$);
#12018 = CONTEXT_DEPENDENT_SHAPE_REPRESENTATION(#12019,#12021);
#12019 = ( REPRESENTATION_RELATIONSHIP('','',#11853,#10) 
REPRESENTATION_RELATIONSHIP_WITH_TRANSFORMATION(#12020) 
SHAPE_REPRESENTATION_RELATIONSHIP() );
#12020 = ITEM_DEFINED_TRANSFORMATION('','',#11,#1435);
#12021 = PRODUCT_DEFINITION_SHAPE('Placement','Placement of an item',
  #12022);
#12022 = NEXT_ASSEMBLY_USAGE_OCCURRENCE('388','=>[0:1:1:69]','',#5,
  #11848,$);
#12023 = CONTEXT_DEPENDENT_SHAPE_REPRESENTATION(#12024,#12026);
#12024 = ( REPRESENTATION_RELATIONSHIP('','',#11853,#10) 
REPRESENTATION_RELATIONSHIP_WITH_TRANSFORMATION(#12025) 
SHAPE_REPRESENTATION_RELATIONSHIP() );
#12025 = ITEM_DEFINED_TRANSFORMATION('','',#11,#1439);
#12026 = PRODUCT_DEFINITION_SHAPE('Placement','Placement of an item',
  #12027);
#12027 = NEXT_ASSEMBLY_USAGE_OCCURRENCE('389','=>[0:1:1:69]','',#5,
  #11848,$);
#12028 = CONTEXT_DEPENDENT_SHAPE_REPRESENTATION(#12029,#12031);
#12029 = ( REPRESENTATION_RELATIONSHIP('','',#11853,#10) 
REPRESENTATION_RELATIONSHIP_WITH_TRANSFORMATION(#12030) 
SHAPE_REPRESENTATION_RELATIONSHIP() );
#12030 = ITEM_DEFINED_TRANSFORMATION('','',#11,#1443);
#12031 = PRODUCT_DEFINITION_SHAPE('Placement','Placement of an item',
  #12032);
#12032 = NEXT_ASSEMBLY_USAGE_OCCURRENCE('390','=>[0:1:1:69]','',#5,
  #11848,$);
#12033 = CONTEXT_DEPENDENT_SHAPE_REPRESENTATION(#12034,#12036);
#12034 = ( REPRESENTATION_RELATIONSHIP('','',#11853,#10) 
REPRESENTATION_RELATIONSHIP_WITH_TRANSFORMATION(#12035) 
SHAPE_REPRESENTATION_RELATIONSHIP() );
#12035 = ITEM_DEFINED_TRANSFORMATION('','',#11,#1447);
#12036 = PRODUCT_DEFINITION_SHAPE('Placement','Placement of an item',
  #12037);
#12037 = NEXT_ASSEMBLY_USAGE_OCCURRENCE('391','=>[0:1:1:69]','',#5,
  #11848,$);
#12038 = SHAPE_DEFINITION_REPRESENTATION(#12039,#12045);
#12039 = PRODUCT_DEFINITION_SHAPE('','',#12040);
#12040 = PRODUCT_DEFINITION('design','',#12041,#12044);
#12041 = PRODUCT_DEFINITION_FORMATION('','',#12042);
#12042 = PRODUCT(
'U31~FBGA-400_L17.0-W17.0-R20-C20-P0.80-TL~FBGA-400_
L17.0-W17.0-R20-C20-P0.80-TL~5ZeZ',
'U31~FBGA-400_L17.0-W17.0-R20-C20-P0.80-TL~FBGA-400_
L17.0-W17.0-R20-C20-P0.80-TL~5ZeZ','',(#12043));
#12043 = PRODUCT_CONTEXT('',#2,'mechanical');
#12044 = PRODUCT_DEFINITION_CONTEXT('part definition',#2,'design');
#12045 = SHAPE_REPRESENTATION('',(#11,#12046),#12050);
#12046 = AXIS2_PLACEMENT_3D('',#12047,#12048,#12049);
#12047 = CARTESIAN_POINT('',(0.,0.,0.));
#12048 = DIRECTION('',(0.,0.,1.));
#12049 = DIRECTION('',(1.,0.,-0.));
#12050 = ( GEOMETRIC_REPRESENTATION_CONTEXT(3) 
GLOBAL_UNCERTAINTY_ASSIGNED_CONTEXT((#12054)) 
GLOBAL_UNIT_ASSIGNED_CONTEXT((#12051,#12052,#12053)) 
REPRESENTATION_CONTEXT('Context #1',
  '3D Context with UNIT and UNCERTAINTY') );
#12051 = ( LENGTH_UNIT() NAMED_UNIT(*) SI_UNIT(.MILLI.,.METRE.) );
#12052 = ( NAMED_UNIT(*) PLANE_ANGLE_UNIT() SI_UNIT($,.RADIAN.) );
#12053 = ( NAMED_UNIT(*) SI_UNIT($,.STERADIAN.) SOLID_ANGLE_UNIT() );
#12054 = UNCERTAINTY_MEASURE_WITH_UNIT(LENGTH_MEASURE(2.E-06),#12051,
  'distance_accuracy_value','confusion accuracy');
#12055 = CONTEXT_DEPENDENT_SHAPE_REPRESENTATION(#12056,#12058);
#12056 = ( REPRESENTATION_RELATIONSHIP('','',#12045,#10) 
REPRESENTATION_RELATIONSHIP_WITH_TRANSFORMATION(#12057) 
SHAPE_REPRESENTATION_RELATIONSHIP() );
#12057 = ITEM_DEFINED_TRANSFORMATION('','',#11,#1451);
#12058 = PRODUCT_DEFINITION_SHAPE('Placement','Placement of an item',
  #12059);
#12059 = NEXT_ASSEMBLY_USAGE_OCCURRENCE('393','=>[0:1:1:72]','',#5,
  #12040,$);
#12060 = PRODUCT_RELATED_PRODUCT_CATEGORY('part',$,(#12042));
#12061 = SHAPE_DEFINITION_REPRESENTATION(#12062,#12068);
#12062 = PRODUCT_DEFINITION_SHAPE('','',#12063);
#12063 = PRODUCT_DEFINITION('design','',#12064,#12067);
#12064 = PRODUCT_DEFINITION_FORMATION('','',#12065);
#12065 = PRODUCT(
'FBGA-400_L17.0-W17.0-R20-C20-P0.80-TL~FBGA-400_
L17.0-W17.0-R20-C20-P0.80-TL~5ZeZ',
'FBGA-400_L17.0-W17.0-R20-C20-P0.80-TL~FBGA-400_
L17.0-W17.0-R20-C20-P0.80-TL~5ZeZ','',(#12066));
#12066 = PRODUCT_CONTEXT('',#2,'mechanical');
#12067 = PRODUCT_DEFINITION_CONTEXT('part definition',#2,'design');
#12068 = ADVANCED_BREP_SHAPE_REPRESENTATION('',(#11,#12069),#12207);
#12069 = MANIFOLD_SOLID_BREP('',#12070);
#12070 = CLOSED_SHELL('',(#12071,#12107,#12143,#12163,#12183,#12195));
#12071 = ADVANCED_FACE('',(#12072),#12102,.F.);
#12072 = FACE_BOUND('',#12073,.F.);
#12073 = EDGE_LOOP('',(#12074,#12083,#12090,#12097));
#12074 = ORIENTED_EDGE('',*,*,#12075,.F.);
#12075 = EDGE_CURVE('',#12076,#12078,#12080,.T.);
#12076 = VERTEX_POINT('',#12077);
#12077 = CARTESIAN_POINT('',(-8.496062992126,-8.496062992126,0.));
#12078 = VERTEX_POINT('',#12079);
#12079 = CARTESIAN_POINT('',(-8.496062992126,-8.496062992126,
    1.499110998222));
#12080 = B_SPLINE_CURVE_WITH_KNOTS('',1,(#12081,#12082),.UNSPECIFIED.,
  .F.,.F.,(2,2),(0.,0.762001524003),.PIECEWISE_BEZIER_KNOTS.);
#12081 = CARTESIAN_POINT('',(-8.496062992126,-8.496062992126,0.));
#12082 = CARTESIAN_POINT('',(-8.496062992126,-8.496062992126,
    1.499110998222));
#12083 = ORIENTED_EDGE('',*,*,#12084,.T.);
#12084 = EDGE_CURVE('',#12076,#12085,#12087,.T.);
#12085 = VERTEX_POINT('',#12086);
#12086 = CARTESIAN_POINT('',(-8.496062992126,8.496062992126,0.));
#12087 = B_SPLINE_CURVE_WITH_KNOTS('',1,(#12088,#12089),.UNSPECIFIED.,
  .F.,.F.,(2,2),(0.,0.762001524003),.PIECEWISE_BEZIER_KNOTS.);
#12088 = CARTESIAN_POINT('',(-8.496062992126,-8.496062992126,0.));
#12089 = CARTESIAN_POINT('',(-8.496062992126,8.496062992126,0.));
#12090 = ORIENTED_EDGE('',*,*,#12091,.T.);
#12091 = EDGE_CURVE('',#12085,#12092,#12094,.T.);
#12092 = VERTEX_POINT('',#12093);
#12093 = CARTESIAN_POINT('',(-8.496062992126,8.496062992126,
    1.499110998222));
#12094 = B_SPLINE_CURVE_WITH_KNOTS('',1,(#12095,#12096),.UNSPECIFIED.,
  .F.,.F.,(2,2),(0.,0.762001524003),.PIECEWISE_BEZIER_KNOTS.);
#12095 = CARTESIAN_POINT('',(-8.496062992126,8.496062992126,0.));
#12096 = CARTESIAN_POINT('',(-8.496062992126,8.496062992126,
    1.499110998222));
#12097 = ORIENTED_EDGE('',*,*,#12098,.F.);
#12098 = EDGE_CURVE('',#12078,#12092,#12099,.T.);
#12099 = B_SPLINE_CURVE_WITH_KNOTS('',1,(#12100,#12101),.UNSPECIFIED.,
  .F.,.F.,(2,2),(0.,0.762001524003),.PIECEWISE_BEZIER_KNOTS.);
#12100 = CARTESIAN_POINT('',(-8.496062992126,-8.496062992126,
    1.499110998222));
#12101 = CARTESIAN_POINT('',(-8.496062992126,8.496062992126,
    1.499110998222));
#12102 = B_SPLINE_SURFACE_WITH_KNOTS('',1,1,(
    (#12103,#12104)
    ,(#12105,#12106
    )),.UNSPECIFIED.,.F.,.F.,.F.,(2,2),(2,2),(0.,0.762001524003),(
    -0.762001524003,0.),.PIECEWISE_BEZIER_KNOTS.);
#12103 = CARTESIAN_POINT('',(-8.496062992126,8.496062992126,0.));
#12104 = CARTESIAN_POINT('',(-8.496062992126,-8.496062992126,0.));
#12105 = CARTESIAN_POINT('',(-8.496062992126,8.496062992126,
    1.499110998222));
#12106 = CARTESIAN_POINT('',(-8.496062992126,-8.496062992126,
    1.499110998222));
#12107 = ADVANCED_FACE('',(#12108),#12138,.T.);
#12108 = FACE_BOUND('',#12109,.T.);
#12109 = EDGE_LOOP('',(#12110,#12119,#12126,#12133));
#12110 = ORIENTED_EDGE('',*,*,#12111,.F.);
#12111 = EDGE_CURVE('',#12112,#12114,#12116,.T.);
#12112 = VERTEX_POINT('',#12113);
#12113 = CARTESIAN_POINT('',(8.496062992126,-8.496062992126,0.));
#12114 = VERTEX_POINT('',#12115);
#12115 = CARTESIAN_POINT('',(8.496062992126,-8.496062992126,
    1.499110998222));
#12116 = B_SPLINE_CURVE_WITH_KNOTS('',1,(#12117,#12118),.UNSPECIFIED.,
  .F.,.F.,(2,2),(0.,0.762001524003),.PIECEWISE_BEZIER_KNOTS.);
#12117 = CARTESIAN_POINT('',(8.496062992126,-8.496062992126,0.));
#12118 = CARTESIAN_POINT('',(8.496062992126,-8.496062992126,
    1.499110998222));
#12119 = ORIENTED_EDGE('',*,*,#12120,.T.);
#12120 = EDGE_CURVE('',#12112,#12121,#12123,.T.);
#12121 = VERTEX_POINT('',#12122);
#12122 = CARTESIAN_POINT('',(8.496062992126,8.496062992126,0.));
#12123 = B_SPLINE_CURVE_WITH_KNOTS('',1,(#12124,#12125),.UNSPECIFIED.,
  .F.,.F.,(2,2),(0.,0.762001524003),.PIECEWISE_BEZIER_KNOTS.);
#12124 = CARTESIAN_POINT('',(8.496062992126,-8.496062992126,0.));
#12125 = CARTESIAN_POINT('',(8.496062992126,8.496062992126,0.));
#12126 = ORIENTED_EDGE('',*,*,#12127,.T.);
#12127 = EDGE_CURVE('',#12121,#12128,#12130,.T.);
#12128 = VERTEX_POINT('',#12129);
#12129 = CARTESIAN_POINT('',(8.496062992126,8.496062992126,
    1.499110998222));
#12130 = B_SPLINE_CURVE_WITH_KNOTS('',1,(#12131,#12132),.UNSPECIFIED.,
  .F.,.F.,(2,2),(0.,0.762001524003),.PIECEWISE_BEZIER_KNOTS.);
#12131 = CARTESIAN_POINT('',(8.496062992126,8.496062992126,0.));
#12132 = CARTESIAN_POINT('',(8.496062992126,8.496062992126,
    1.499110998222));
#12133 = ORIENTED_EDGE('',*,*,#12134,.F.);
#12134 = EDGE_CURVE('',#12114,#12128,#12135,.T.);
#12135 = B_SPLINE_CURVE_WITH_KNOTS('',1,(#12136,#12137),.UNSPECIFIED.,
  .F.,.F.,(2,2),(0.,0.762001524003),.PIECEWISE_BEZIER_KNOTS.);
#12136 = CARTESIAN_POINT('',(8.496062992126,-8.496062992126,
    1.499110998222));
#12137 = CARTESIAN_POINT('',(8.496062992126,8.496062992126,
    1.499110998222));
#12138 = B_SPLINE_SURFACE_WITH_KNOTS('',1,1,(
    (#12139,#12140)
    ,(#12141,#12142
    )),.UNSPECIFIED.,.F.,.F.,.F.,(2,2),(2,2),(0.,0.762001524003),(
    -0.762001524003,0.),.PIECEWISE_BEZIER_KNOTS.);
#12139 = CARTESIAN_POINT('',(8.496062992126,8.496062992126,0.));
#12140 = CARTESIAN_POINT('',(8.496062992126,-8.496062992126,0.));
#12141 = CARTESIAN_POINT('',(8.496062992126,8.496062992126,
    1.499110998222));
#12142 = CARTESIAN_POINT('',(8.496062992126,-8.496062992126,
    1.499110998222));
#12143 = ADVANCED_FACE('',(#12144),#12158,.F.);
#12144 = FACE_BOUND('',#12145,.F.);
#12145 = EDGE_LOOP('',(#12146,#12151,#12152,#12157));
#12146 = ORIENTED_EDGE('',*,*,#12147,.F.);
#12147 = EDGE_CURVE('',#12076,#12112,#12148,.T.);
#12148 = B_SPLINE_CURVE_WITH_KNOTS('',1,(#12149,#12150),.UNSPECIFIED.,
  .F.,.F.,(2,2),(0.,0.762001524003),.PIECEWISE_BEZIER_KNOTS.);
#12149 = CARTESIAN_POINT('',(-8.496062992126,-8.496062992126,0.));
#12150 = CARTESIAN_POINT('',(8.496062992126,-8.496062992126,0.));
#12151 = ORIENTED_EDGE('',*,*,#12075,.T.);
#12152 = ORIENTED_EDGE('',*,*,#12153,.T.);
#12153 = EDGE_CURVE('',#12078,#12114,#12154,.T.);
#12154 = B_SPLINE_CURVE_WITH_KNOTS('',1,(#12155,#12156),.UNSPECIFIED.,
  .F.,.F.,(2,2),(0.,0.762001524003),.PIECEWISE_BEZIER_KNOTS.);
#12155 = CARTESIAN_POINT('',(-8.496062992126,-8.496062992126,
    1.499110998222));
#12156 = CARTESIAN_POINT('',(8.496062992126,-8.496062992126,
    1.499110998222));
#12157 = ORIENTED_EDGE('',*,*,#12111,.F.);
#12158 = B_SPLINE_SURFACE_WITH_KNOTS('',1,1,(
    (#12159,#12160)
    ,(#12161,#12162
    )),.UNSPECIFIED.,.F.,.F.,.F.,(2,2),(2,2),(0.,0.762001524003),(0.,
    0.762001524003),.PIECEWISE_BEZIER_KNOTS.);
#12159 = CARTESIAN_POINT('',(-8.496062992126,-8.496062992126,0.));
#12160 = CARTESIAN_POINT('',(8.496062992126,-8.496062992126,0.));
#12161 = CARTESIAN_POINT('',(-8.496062992126,-8.496062992126,
    1.499110998222));
#12162 = CARTESIAN_POINT('',(8.496062992126,-8.496062992126,
    1.499110998222));
#12163 = ADVANCED_FACE('',(#12164),#12178,.T.);
#12164 = FACE_BOUND('',#12165,.T.);
#12165 = EDGE_LOOP('',(#12166,#12171,#12172,#12177));
#12166 = ORIENTED_EDGE('',*,*,#12167,.F.);
#12167 = EDGE_CURVE('',#12085,#12121,#12168,.T.);
#12168 = B_SPLINE_CURVE_WITH_KNOTS('',1,(#12169,#12170),.UNSPECIFIED.,
  .F.,.F.,(2,2),(0.,0.762001524003),.PIECEWISE_BEZIER_KNOTS.);
#12169 = CARTESIAN_POINT('',(-8.496062992126,8.496062992126,0.));
#12170 = CARTESIAN_POINT('',(8.496062992126,8.496062992126,0.));
#12171 = ORIENTED_EDGE('',*,*,#12091,.T.);
#12172 = ORIENTED_EDGE('',*,*,#12173,.T.);
#12173 = EDGE_CURVE('',#12092,#12128,#12174,.T.);
#12174 = B_SPLINE_CURVE_WITH_KNOTS('',1,(#12175,#12176),.UNSPECIFIED.,
  .F.,.F.,(2,2),(0.,0.762001524003),.PIECEWISE_BEZIER_KNOTS.);
#12175 = CARTESIAN_POINT('',(-8.496062992126,8.496062992126,
    1.499110998222));
#12176 = CARTESIAN_POINT('',(8.496062992126,8.496062992126,
    1.499110998222));
#12177 = ORIENTED_EDGE('',*,*,#12127,.F.);
#12178 = B_SPLINE_SURFACE_WITH_KNOTS('',1,1,(
    (#12179,#12180)
    ,(#12181,#12182
    )),.UNSPECIFIED.,.F.,.F.,.F.,(2,2),(2,2),(0.,0.762001524003),(0.,
    0.762001524003),.PIECEWISE_BEZIER_KNOTS.);
#12179 = CARTESIAN_POINT('',(-8.496062992126,8.496062992126,0.));
#12180 = CARTESIAN_POINT('',(8.496062992126,8.496062992126,0.));
#12181 = CARTESIAN_POINT('',(-8.496062992126,8.496062992126,
    1.499110998222));
#12182 = CARTESIAN_POINT('',(8.496062992126,8.496062992126,
    1.499110998222));
#12183 = ADVANCED_FACE('',(#12184),#12190,.F.);
#12184 = FACE_BOUND('',#12185,.F.);
#12185 = EDGE_LOOP('',(#12186,#12187,#12188,#12189));
#12186 = ORIENTED_EDGE('',*,*,#12084,.F.);
#12187 = ORIENTED_EDGE('',*,*,#12147,.T.);
#12188 = ORIENTED_EDGE('',*,*,#12120,.T.);
#12189 = ORIENTED_EDGE('',*,*,#12167,.F.);
#12190 = B_SPLINE_SURFACE_WITH_KNOTS('',1,1,(
    (#12191,#12192)
    ,(#12193,#12194
    )),.UNSPECIFIED.,.F.,.F.,.F.,(2,2),(2,2),(0.,0.762001524003),(0.,
    0.762001524003),.PIECEWISE_BEZIER_KNOTS.);
#12191 = CARTESIAN_POINT('',(-8.496062992126,-8.496062992126,0.));
#12192 = CARTESIAN_POINT('',(-8.496062992126,8.496062992126,0.));
#12193 = CARTESIAN_POINT('',(8.496062992126,-8.496062992126,0.));
#12194 = CARTESIAN_POINT('',(8.496062992126,8.496062992126,0.));
#12195 = ADVANCED_FACE('',(#12196),#12202,.T.);
#12196 = FACE_BOUND('',#12197,.T.);
#12197 = EDGE_LOOP('',(#12198,#12199,#12200,#12201));
#12198 = ORIENTED_EDGE('',*,*,#12098,.F.);
#12199 = ORIENTED_EDGE('',*,*,#12153,.T.);
#12200 = ORIENTED_EDGE('',*,*,#12134,.T.);
#12201 = ORIENTED_EDGE('',*,*,#12173,.F.);
#12202 = B_SPLINE_SURFACE_WITH_KNOTS('',1,1,(
    (#12203,#12204)
    ,(#12205,#12206
    )),.UNSPECIFIED.,.F.,.F.,.F.,(2,2),(2,2),(0.,0.762001524003),(0.,
    0.762001524003),.PIECEWISE_BEZIER_KNOTS.);
#12203 = CARTESIAN_POINT('',(-8.496062992126,-8.496062992126,
    1.499110998222));
#12204 = CARTESIAN_POINT('',(-8.496062992126,8.496062992126,
    1.499110998222));
#12205 = CARTESIAN_POINT('',(8.496062992126,-8.496062992126,
    1.499110998222));
#12206 = CARTESIAN_POINT('',(8.496062992126,8.496062992126,
    1.499110998222));
#12207 = ( GEOMETRIC_REPRESENTATION_CONTEXT(3) 
GLOBAL_UNCERTAINTY_ASSIGNED_CONTEXT((#12211)) 
GLOBAL_UNIT_ASSIGNED_CONTEXT((#12208,#12209,#12210)) 
REPRESENTATION_CONTEXT('Context #1',
  '3D Context with UNIT and UNCERTAINTY') );
#12208 = ( LENGTH_UNIT() NAMED_UNIT(*) SI_UNIT(.MILLI.,.METRE.) );
#12209 = ( NAMED_UNIT(*) PLANE_ANGLE_UNIT() SI_UNIT($,.RADIAN.) );
#12210 = ( NAMED_UNIT(*) SI_UNIT($,.STERADIAN.) SOLID_ANGLE_UNIT() );
#12211 = UNCERTAINTY_MEASURE_WITH_UNIT(LENGTH_MEASURE(2.E-06),#12208,
  'distance_accuracy_value','confusion accuracy');
#12212 = CONTEXT_DEPENDENT_SHAPE_REPRESENTATION(#12213,#12215);
#12213 = ( REPRESENTATION_RELATIONSHIP('','',#12068,#12045) 
REPRESENTATION_RELATIONSHIP_WITH_TRANSFORMATION(#12214) 
SHAPE_REPRESENTATION_RELATIONSHIP() );
#12214 = ITEM_DEFINED_TRANSFORMATION('','',#11,#12046);
#12215 = PRODUCT_DEFINITION_SHAPE('Placement','Placement of an item',
  #12216);
#12216 = NEXT_ASSEMBLY_USAGE_OCCURRENCE('392','=>[0:1:1:71]','',#12040,
  #12063,$);
#12217 = PRODUCT_RELATED_PRODUCT_CATEGORY('part',$,(#12065));
#12218 = SHAPE_DEFINITION_REPRESENTATION(#12219,#12225);
#12219 = PRODUCT_DEFINITION_SHAPE('','',#12220);
#12220 = PRODUCT_DEFINITION('design','',#12221,#12224);
#12221 = PRODUCT_DEFINITION_FORMATION('','',#12222);
#12222 = PRODUCT(
  'L16~IND-SMD_4P-L2.0-W1.2-TL~IND-SMD_4P-L2.0-W1.2-H1.3~5ZeZ',
  'L16~IND-SMD_4P-L2.0-W1.2-TL~IND-SMD_4P-L2.0-W1.2-H1.3~5ZeZ','',(
    #12223));
#12223 = PRODUCT_CONTEXT('',#2,'mechanical');
#12224 = PRODUCT_DEFINITION_CONTEXT('part definition',#2,'design');
#12225 = SHAPE_REPRESENTATION('',(#11,#12226),#12230);
#12226 = AXIS2_PLACEMENT_3D('',#12227,#12228,#12229);
#12227 = CARTESIAN_POINT('',(0.,0.,0.));
#12228 = DIRECTION('',(0.,0.,1.));
#12229 = DIRECTION('',(1.,0.,-0.));
#12230 = ( GEOMETRIC_REPRESENTATION_CONTEXT(3) 
GLOBAL_UNCERTAINTY_ASSIGNED_CONTEXT((#12234)) 
GLOBAL_UNIT_ASSIGNED_CONTEXT((#12231,#12232,#12233)) 
REPRESENTATION_CONTEXT('Context #1',
  '3D Context with UNIT and UNCERTAINTY') );
#12231 = ( LENGTH_UNIT() NAMED_UNIT(*) SI_UNIT(.MILLI.,.METRE.) );
#12232 = ( NAMED_UNIT(*) PLANE_ANGLE_UNIT() SI_UNIT($,.RADIAN.) );
#12233 = ( NAMED_UNIT(*) SI_UNIT($,.STERADIAN.) SOLID_ANGLE_UNIT() );
#12234 = UNCERTAINTY_MEASURE_WITH_UNIT(LENGTH_MEASURE(2.E-07),#12231,
  'distance_accuracy_value','confusion accuracy');
#12235 = CONTEXT_DEPENDENT_SHAPE_REPRESENTATION(#12236,#12238);
#12236 = ( REPRESENTATION_RELATIONSHIP('','',#12225,#10) 
REPRESENTATION_RELATIONSHIP_WITH_TRANSFORMATION(#12237) 
SHAPE_REPRESENTATION_RELATIONSHIP() );
#12237 = ITEM_DEFINED_TRANSFORMATION('','',#11,#1455);
#12238 = PRODUCT_DEFINITION_SHAPE('Placement','Placement of an item',
  #12239);
#12239 = NEXT_ASSEMBLY_USAGE_OCCURRENCE('395','=>[0:1:1:74]','',#5,
  #12220,$);
#12240 = PRODUCT_RELATED_PRODUCT_CATEGORY('part',$,(#12222));
#12241 = SHAPE_DEFINITION_REPRESENTATION(#12242,#12248);
#12242 = PRODUCT_DEFINITION_SHAPE('','',#12243);
#12243 = PRODUCT_DEFINITION('design','',#12244,#12247);
#12244 = PRODUCT_DEFINITION_FORMATION('','',#12245);
#12245 = PRODUCT(
  'IND-SMD_4P-L2.0-W1.2-TL~IND-SMD_4P-L2.0-W1.2-H1.3~5ZeZ',
  'IND-SMD_4P-L2.0-W1.2-TL~IND-SMD_4P-L2.0-W1.2-H1.3~5ZeZ','',(#12246));
#12246 = PRODUCT_CONTEXT('',#2,'mechanical');
#12247 = PRODUCT_DEFINITION_CONTEXT('part definition',#2,'design');
#12248 = ADVANCED_BREP_SHAPE_REPRESENTATION('',(#11,#12249),#12387);
#12249 = MANIFOLD_SOLID_BREP('',#12250);
#12250 = CLOSED_SHELL('',(#12251,#12287,#12323,#12343,#12363,#12375));
#12251 = ADVANCED_FACE('',(#12252),#12282,.F.);
#12252 = FACE_BOUND('',#12253,.F.);
#12253 = EDGE_LOOP('',(#12254,#12263,#12270,#12277));
#12254 = ORIENTED_EDGE('',*,*,#12255,.F.);
#12255 = EDGE_CURVE('',#12256,#12258,#12260,.T.);
#12256 = VERTEX_POINT('',#12257);
#12257 = CARTESIAN_POINT('',(-1.009740919482,-0.600406400813,0.));
#12258 = VERTEX_POINT('',#12259);
#12259 = CARTESIAN_POINT('',(-1.009740919482,-0.600406400813,
    0.762001524003));
#12260 = B_SPLINE_CURVE_WITH_KNOTS('',1,(#12261,#12262),.UNSPECIFIED.,
  .F.,.F.,(2,2),(0.,0.762001524003),.PIECEWISE_BEZIER_KNOTS.);
#12261 = CARTESIAN_POINT('',(-1.009740919482,-0.600406400813,0.));
#12262 = CARTESIAN_POINT('',(-1.009740919482,-0.600406400813,
    0.762001524003));
#12263 = ORIENTED_EDGE('',*,*,#12264,.T.);
#12264 = EDGE_CURVE('',#12256,#12265,#12267,.T.);
#12265 = VERTEX_POINT('',#12266);
#12266 = CARTESIAN_POINT('',(-1.009740919482,0.599593599187,0.));
#12267 = B_SPLINE_CURVE_WITH_KNOTS('',1,(#12268,#12269),.UNSPECIFIED.,
  .F.,.F.,(2,2),(0.,0.762001524003),.PIECEWISE_BEZIER_KNOTS.);
#12268 = CARTESIAN_POINT('',(-1.009740919482,-0.600406400813,0.));
#12269 = CARTESIAN_POINT('',(-1.009740919482,0.599593599187,0.));
#12270 = ORIENTED_EDGE('',*,*,#12271,.T.);
#12271 = EDGE_CURVE('',#12265,#12272,#12274,.T.);
#12272 = VERTEX_POINT('',#12273);
#12273 = CARTESIAN_POINT('',(-1.009740919482,0.599593599187,
    0.762001524003));
#12274 = B_SPLINE_CURVE_WITH_KNOTS('',1,(#12275,#12276),.UNSPECIFIED.,
  .F.,.F.,(2,2),(0.,0.762001524003),.PIECEWISE_BEZIER_KNOTS.);
#12275 = CARTESIAN_POINT('',(-1.009740919482,0.599593599187,0.));
#12276 = CARTESIAN_POINT('',(-1.009740919482,0.599593599187,
    0.762001524003));
#12277 = ORIENTED_EDGE('',*,*,#12278,.F.);
#12278 = EDGE_CURVE('',#12258,#12272,#12279,.T.);
#12279 = B_SPLINE_CURVE_WITH_KNOTS('',1,(#12280,#12281),.UNSPECIFIED.,
  .F.,.F.,(2,2),(0.,0.762001524003),.PIECEWISE_BEZIER_KNOTS.);
#12280 = CARTESIAN_POINT('',(-1.009740919482,-0.600406400813,
    0.762001524003));
#12281 = CARTESIAN_POINT('',(-1.009740919482,0.599593599187,
    0.762001524003));
#12282 = B_SPLINE_SURFACE_WITH_KNOTS('',1,1,(
    (#12283,#12284)
    ,(#12285,#12286
    )),.UNSPECIFIED.,.F.,.F.,.F.,(2,2),(2,2),(0.,0.762001524003),(
    -0.762001524003,0.),.PIECEWISE_BEZIER_KNOTS.);
#12283 = CARTESIAN_POINT('',(-1.009740919482,0.599593599187,0.));
#12284 = CARTESIAN_POINT('',(-1.009740919482,-0.600406400813,0.));
#12285 = CARTESIAN_POINT('',(-1.009740919482,0.599593599187,
    0.762001524003));
#12286 = CARTESIAN_POINT('',(-1.009740919482,-0.600406400813,
    0.762001524003));
#12287 = ADVANCED_FACE('',(#12288),#12318,.T.);
#12288 = FACE_BOUND('',#12289,.T.);
#12289 = EDGE_LOOP('',(#12290,#12299,#12306,#12313));
#12290 = ORIENTED_EDGE('',*,*,#12291,.F.);
#12291 = EDGE_CURVE('',#12292,#12294,#12296,.T.);
#12292 = VERTEX_POINT('',#12293);
#12293 = CARTESIAN_POINT('',(1.010248920498,-0.600406400813,0.));
#12294 = VERTEX_POINT('',#12295);
#12295 = CARTESIAN_POINT('',(1.010248920498,-0.600406400813,
    0.762001524003));
#12296 = B_SPLINE_CURVE_WITH_KNOTS('',1,(#12297,#12298),.UNSPECIFIED.,
  .F.,.F.,(2,2),(0.,0.762001524003),.PIECEWISE_BEZIER_KNOTS.);
#12297 = CARTESIAN_POINT('',(1.010248920498,-0.600406400813,0.));
#12298 = CARTESIAN_POINT('',(1.010248920498,-0.600406400813,
    0.762001524003));
#12299 = ORIENTED_EDGE('',*,*,#12300,.T.);
#12300 = EDGE_CURVE('',#12292,#12301,#12303,.T.);
#12301 = VERTEX_POINT('',#12302);
#12302 = CARTESIAN_POINT('',(1.010248920498,0.599593599187,0.));
#12303 = B_SPLINE_CURVE_WITH_KNOTS('',1,(#12304,#12305),.UNSPECIFIED.,
  .F.,.F.,(2,2),(0.,0.762001524003),.PIECEWISE_BEZIER_KNOTS.);
#12304 = CARTESIAN_POINT('',(1.010248920498,-0.600406400813,0.));
#12305 = CARTESIAN_POINT('',(1.010248920498,0.599593599187,0.));
#12306 = ORIENTED_EDGE('',*,*,#12307,.T.);
#12307 = EDGE_CURVE('',#12301,#12308,#12310,.T.);
#12308 = VERTEX_POINT('',#12309);
#12309 = CARTESIAN_POINT('',(1.010248920498,0.599593599187,
    0.762001524003));
#12310 = B_SPLINE_CURVE_WITH_KNOTS('',1,(#12311,#12312),.UNSPECIFIED.,
  .F.,.F.,(2,2),(0.,0.762001524003),.PIECEWISE_BEZIER_KNOTS.);
#12311 = CARTESIAN_POINT('',(1.010248920498,0.599593599187,0.));
#12312 = CARTESIAN_POINT('',(1.010248920498,0.599593599187,
    0.762001524003));
#12313 = ORIENTED_EDGE('',*,*,#12314,.F.);
#12314 = EDGE_CURVE('',#12294,#12308,#12315,.T.);
#12315 = B_SPLINE_CURVE_WITH_KNOTS('',1,(#12316,#12317),.UNSPECIFIED.,
  .F.,.F.,(2,2),(0.,0.762001524003),.PIECEWISE_BEZIER_KNOTS.);
#12316 = CARTESIAN_POINT('',(1.010248920498,-0.600406400813,
    0.762001524003));
#12317 = CARTESIAN_POINT('',(1.010248920498,0.599593599187,
    0.762001524003));
#12318 = B_SPLINE_SURFACE_WITH_KNOTS('',1,1,(
    (#12319,#12320)
    ,(#12321,#12322
    )),.UNSPECIFIED.,.F.,.F.,.F.,(2,2),(2,2),(0.,0.762001524003),(
    -0.762001524003,0.),.PIECEWISE_BEZIER_KNOTS.);
#12319 = CARTESIAN_POINT('',(1.010248920498,0.599593599187,0.));
#12320 = CARTESIAN_POINT('',(1.010248920498,-0.600406400813,0.));
#12321 = CARTESIAN_POINT('',(1.010248920498,0.599593599187,
    0.762001524003));
#12322 = CARTESIAN_POINT('',(1.010248920498,-0.600406400813,
    0.762001524003));
#12323 = ADVANCED_FACE('',(#12324),#12338,.F.);
#12324 = FACE_BOUND('',#12325,.F.);
#12325 = EDGE_LOOP('',(#12326,#12331,#12332,#12337));
#12326 = ORIENTED_EDGE('',*,*,#12327,.F.);
#12327 = EDGE_CURVE('',#12256,#12292,#12328,.T.);
#12328 = B_SPLINE_CURVE_WITH_KNOTS('',1,(#12329,#12330),.UNSPECIFIED.,
  .F.,.F.,(2,2),(0.,0.762001524003),.PIECEWISE_BEZIER_KNOTS.);
#12329 = CARTESIAN_POINT('',(-1.009740919482,-0.600406400813,0.));
#12330 = CARTESIAN_POINT('',(1.010248920498,-0.600406400813,0.));
#12331 = ORIENTED_EDGE('',*,*,#12255,.T.);
#12332 = ORIENTED_EDGE('',*,*,#12333,.T.);
#12333 = EDGE_CURVE('',#12258,#12294,#12334,.T.);
#12334 = B_SPLINE_CURVE_WITH_KNOTS('',1,(#12335,#12336),.UNSPECIFIED.,
  .F.,.F.,(2,2),(0.,0.762001524003),.PIECEWISE_BEZIER_KNOTS.);
#12335 = CARTESIAN_POINT('',(-1.009740919482,-0.600406400813,
    0.762001524003));
#12336 = CARTESIAN_POINT('',(1.010248920498,-0.600406400813,
    0.762001524003));
#12337 = ORIENTED_EDGE('',*,*,#12291,.F.);
#12338 = B_SPLINE_SURFACE_WITH_KNOTS('',1,1,(
    (#12339,#12340)
    ,(#12341,#12342
    )),.UNSPECIFIED.,.F.,.F.,.F.,(2,2),(2,2),(0.,0.762001524003),(0.,
    0.762001524003),.PIECEWISE_BEZIER_KNOTS.);
#12339 = CARTESIAN_POINT('',(-1.009740919482,-0.600406400813,0.));
#12340 = CARTESIAN_POINT('',(1.010248920498,-0.600406400813,0.));
#12341 = CARTESIAN_POINT('',(-1.009740919482,-0.600406400813,
    0.762001524003));
#12342 = CARTESIAN_POINT('',(1.010248920498,-0.600406400813,
    0.762001524003));
#12343 = ADVANCED_FACE('',(#12344),#12358,.T.);
#12344 = FACE_BOUND('',#12345,.T.);
#12345 = EDGE_LOOP('',(#12346,#12351,#12352,#12357));
#12346 = ORIENTED_EDGE('',*,*,#12347,.F.);
#12347 = EDGE_CURVE('',#12265,#12301,#12348,.T.);
#12348 = B_SPLINE_CURVE_WITH_KNOTS('',1,(#12349,#12350),.UNSPECIFIED.,
  .F.,.F.,(2,2),(0.,0.762001524003),.PIECEWISE_BEZIER_KNOTS.);
#12349 = CARTESIAN_POINT('',(-1.009740919482,0.599593599187,0.));
#12350 = CARTESIAN_POINT('',(1.010248920498,0.599593599187,0.));
#12351 = ORIENTED_EDGE('',*,*,#12271,.T.);
#12352 = ORIENTED_EDGE('',*,*,#12353,.T.);
#12353 = EDGE_CURVE('',#12272,#12308,#12354,.T.);
#12354 = B_SPLINE_CURVE_WITH_KNOTS('',1,(#12355,#12356),.UNSPECIFIED.,
  .F.,.F.,(2,2),(0.,0.762001524003),.PIECEWISE_BEZIER_KNOTS.);
#12355 = CARTESIAN_POINT('',(-1.009740919482,0.599593599187,
    0.762001524003));
#12356 = CARTESIAN_POINT('',(1.010248920498,0.599593599187,
    0.762001524003));
#12357 = ORIENTED_EDGE('',*,*,#12307,.F.);
#12358 = B_SPLINE_SURFACE_WITH_KNOTS('',1,1,(
    (#12359,#12360)
    ,(#12361,#12362
    )),.UNSPECIFIED.,.F.,.F.,.F.,(2,2),(2,2),(0.,0.762001524003),(0.,
    0.762001524003),.PIECEWISE_BEZIER_KNOTS.);
#12359 = CARTESIAN_POINT('',(-1.009740919482,0.599593599187,0.));
#12360 = CARTESIAN_POINT('',(1.010248920498,0.599593599187,0.));
#12361 = CARTESIAN_POINT('',(-1.009740919482,0.599593599187,
    0.762001524003));
#12362 = CARTESIAN_POINT('',(1.010248920498,0.599593599187,
    0.762001524003));
#12363 = ADVANCED_FACE('',(#12364),#12370,.F.);
#12364 = FACE_BOUND('',#12365,.F.);
#12365 = EDGE_LOOP('',(#12366,#12367,#12368,#12369));
#12366 = ORIENTED_EDGE('',*,*,#12264,.F.);
#12367 = ORIENTED_EDGE('',*,*,#12327,.T.);
#12368 = ORIENTED_EDGE('',*,*,#12300,.T.);
#12369 = ORIENTED_EDGE('',*,*,#12347,.F.);
#12370 = B_SPLINE_SURFACE_WITH_KNOTS('',1,1,(
    (#12371,#12372)
    ,(#12373,#12374
    )),.UNSPECIFIED.,.F.,.F.,.F.,(2,2),(2,2),(0.,0.762001524003),(0.,
    0.762001524003),.PIECEWISE_BEZIER_KNOTS.);
#12371 = CARTESIAN_POINT('',(-1.009740919482,-0.600406400813,0.));
#12372 = CARTESIAN_POINT('',(-1.009740919482,0.599593599187,0.));
#12373 = CARTESIAN_POINT('',(1.010248920498,-0.600406400813,0.));
#12374 = CARTESIAN_POINT('',(1.010248920498,0.599593599187,0.));
#12375 = ADVANCED_FACE('',(#12376),#12382,.T.);
#12376 = FACE_BOUND('',#12377,.T.);
#12377 = EDGE_LOOP('',(#12378,#12379,#12380,#12381));
#12378 = ORIENTED_EDGE('',*,*,#12278,.F.);
#12379 = ORIENTED_EDGE('',*,*,#12333,.T.);
#12380 = ORIENTED_EDGE('',*,*,#12314,.T.);
#12381 = ORIENTED_EDGE('',*,*,#12353,.F.);
#12382 = B_SPLINE_SURFACE_WITH_KNOTS('',1,1,(
    (#12383,#12384)
    ,(#12385,#12386
    )),.UNSPECIFIED.,.F.,.F.,.F.,(2,2),(2,2),(0.,0.762001524003),(0.,
    0.762001524003),.PIECEWISE_BEZIER_KNOTS.);
#12383 = CARTESIAN_POINT('',(-1.009740919482,-0.600406400813,
    0.762001524003));
#12384 = CARTESIAN_POINT('',(-1.009740919482,0.599593599187,
    0.762001524003));
#12385 = CARTESIAN_POINT('',(1.010248920498,-0.600406400813,
    0.762001524003));
#12386 = CARTESIAN_POINT('',(1.010248920498,0.599593599187,
    0.762001524003));
#12387 = ( GEOMETRIC_REPRESENTATION_CONTEXT(3) 
GLOBAL_UNCERTAINTY_ASSIGNED_CONTEXT((#12391)) 
GLOBAL_UNIT_ASSIGNED_CONTEXT((#12388,#12389,#12390)) 
REPRESENTATION_CONTEXT('Context #1',
  '3D Context with UNIT and UNCERTAINTY') );
#12388 = ( LENGTH_UNIT() NAMED_UNIT(*) SI_UNIT(.MILLI.,.METRE.) );
#12389 = ( NAMED_UNIT(*) PLANE_ANGLE_UNIT() SI_UNIT($,.RADIAN.) );
#12390 = ( NAMED_UNIT(*) SI_UNIT($,.STERADIAN.) SOLID_ANGLE_UNIT() );
#12391 = UNCERTAINTY_MEASURE_WITH_UNIT(LENGTH_MEASURE(2.E-07),#12388,
  'distance_accuracy_value','confusion accuracy');
#12392 = CONTEXT_DEPENDENT_SHAPE_REPRESENTATION(#12393,#12395);
#12393 = ( REPRESENTATION_RELATIONSHIP('','',#12248,#12225) 
REPRESENTATION_RELATIONSHIP_WITH_TRANSFORMATION(#12394) 
SHAPE_REPRESENTATION_RELATIONSHIP() );
#12394 = ITEM_DEFINED_TRANSFORMATION('','',#11,#12226);
#12395 = PRODUCT_DEFINITION_SHAPE('Placement','Placement of an item',
  #12396);
#12396 = NEXT_ASSEMBLY_USAGE_OCCURRENCE('394','=>[0:1:1:73]','',#12220,
  #12243,$);
#12397 = PRODUCT_RELATED_PRODUCT_CATEGORY('part',$,(#12245));
#12398 = SHAPE_DEFINITION_REPRESENTATION(#12399,#12405);
#12399 = PRODUCT_DEFINITION_SHAPE('','',#12400);
#12400 = PRODUCT_DEFINITION('design','',#12401,#12404);
#12401 = PRODUCT_DEFINITION_FORMATION('','',#12402);
#12402 = PRODUCT(
'CN2~CONN-TH_2P-P1.25_XUNPU_WAFER-GH1.25-2PWB~CONN-TH_2P-P1.25_XUNPU_
WAFER-GH1.25-2PWB~5ZeZ',
'CN2~CONN-TH_2P-P1.25_XUNPU_WAFER-GH1.25-2PWB~CONN-TH_2P-P1.25_XUNPU_
WAFER-GH1.25-2PWB~5ZeZ','',(#12403));
#12403 = PRODUCT_CONTEXT('',#2,'mechanical');
#12404 = PRODUCT_DEFINITION_CONTEXT('part definition',#2,'design');
#12405 = SHAPE_REPRESENTATION('',(#11,#12406),#12410);
#12406 = AXIS2_PLACEMENT_3D('',#12407,#12408,#12409);
#12407 = CARTESIAN_POINT('',(0.,0.,0.));
#12408 = DIRECTION('',(0.,0.,1.));
#12409 = DIRECTION('',(1.,0.,-0.));
#12410 = ( GEOMETRIC_REPRESENTATION_CONTEXT(3) 
GLOBAL_UNCERTAINTY_ASSIGNED_CONTEXT((#12414)) 
GLOBAL_UNIT_ASSIGNED_CONTEXT((#12411,#12412,#12413)) 
REPRESENTATION_CONTEXT('Context #1',
  '3D Context with UNIT and UNCERTAINTY') );
#12411 = ( LENGTH_UNIT() NAMED_UNIT(*) SI_UNIT(.MILLI.,.METRE.) );
#12412 = ( NAMED_UNIT(*) PLANE_ANGLE_UNIT() SI_UNIT($,.RADIAN.) );
#12413 = ( NAMED_UNIT(*) SI_UNIT($,.STERADIAN.) SOLID_ANGLE_UNIT() );
#12414 = UNCERTAINTY_MEASURE_WITH_UNIT(LENGTH_MEASURE(1.E-06),#12411,
  'distance_accuracy_value','confusion accuracy');
#12415 = CONTEXT_DEPENDENT_SHAPE_REPRESENTATION(#12416,#12418);
#12416 = ( REPRESENTATION_RELATIONSHIP('','',#12405,#10) 
REPRESENTATION_RELATIONSHIP_WITH_TRANSFORMATION(#12417) 
SHAPE_REPRESENTATION_RELATIONSHIP() );
#12417 = ITEM_DEFINED_TRANSFORMATION('','',#11,#1459);
#12418 = PRODUCT_DEFINITION_SHAPE('Placement','Placement of an item',
  #12419);
#12419 = NEXT_ASSEMBLY_USAGE_OCCURRENCE('397','=>[0:1:1:76]','',#5,
  #12400,$);
#12420 = PRODUCT_RELATED_PRODUCT_CATEGORY('part',$,(#12402));
#12421 = SHAPE_DEFINITION_REPRESENTATION(#12422,#12428);
#12422 = PRODUCT_DEFINITION_SHAPE('','',#12423);
#12423 = PRODUCT_DEFINITION('design','',#12424,#12427);
#12424 = PRODUCT_DEFINITION_FORMATION('','',#12425);
#12425 = PRODUCT(
'CONN-TH_2P-P1.25_XUNPU_WAFER-GH1.25-2PWB~CONN-TH_2P-P1.25_XUNPU_
WAFER-GH1.25-2PWB~5ZeZ',
'CONN-TH_2P-P1.25_XUNPU_WAFER-GH1.25-2PWB~CONN-TH_2P-P1.25_XUNPU_
WAFER-GH1.25-2PWB~5ZeZ','',(#12426));
#12426 = PRODUCT_CONTEXT('',#2,'mechanical');
#12427 = PRODUCT_DEFINITION_CONTEXT('part definition',#2,'design');
#12428 = ADVANCED_BREP_SHAPE_REPRESENTATION('',(#11,#12429),#12567);
#12429 = MANIFOLD_SOLID_BREP('',#12430);
#12430 = CLOSED_SHELL('',(#12431,#12467,#12503,#12523,#12543,#12555));
#12431 = ADVANCED_FACE('',(#12432),#12462,.F.);
#12432 = FACE_BOUND('',#12433,.F.);
#12433 = EDGE_LOOP('',(#12434,#12443,#12450,#12457));
#12434 = ORIENTED_EDGE('',*,*,#12435,.F.);
#12435 = EDGE_CURVE('',#12436,#12438,#12440,.T.);
#12436 = VERTEX_POINT('',#12437);
#12437 = CARTESIAN_POINT('',(-2.88,-3.18699517399,0.));
#12438 = VERTEX_POINT('',#12439);
#12439 = CARTESIAN_POINT('',(-2.88,-3.18699517399,0.762001524003));
#12440 = B_SPLINE_CURVE_WITH_KNOTS('',1,(#12441,#12442),.UNSPECIFIED.,
  .F.,.F.,(2,2),(0.,0.762001524003),.PIECEWISE_BEZIER_KNOTS.);
#12441 = CARTESIAN_POINT('',(-2.88,-3.18699517399,0.));
#12442 = CARTESIAN_POINT('',(-2.88,-3.18699517399,0.762001524003));
#12443 = ORIENTED_EDGE('',*,*,#12444,.T.);
#12444 = EDGE_CURVE('',#12436,#12445,#12447,.T.);
#12445 = VERTEX_POINT('',#12446);
#12446 = CARTESIAN_POINT('',(-2.88,1.81300482601,0.));
#12447 = B_SPLINE_CURVE_WITH_KNOTS('',1,(#12448,#12449),.UNSPECIFIED.,
  .F.,.F.,(2,2),(0.,0.762001524003),.PIECEWISE_BEZIER_KNOTS.);
#12448 = CARTESIAN_POINT('',(-2.88,-3.18699517399,0.));
#12449 = CARTESIAN_POINT('',(-2.88,1.81300482601,0.));
#12450 = ORIENTED_EDGE('',*,*,#12451,.T.);
#12451 = EDGE_CURVE('',#12445,#12452,#12454,.T.);
#12452 = VERTEX_POINT('',#12453);
#12453 = CARTESIAN_POINT('',(-2.88,1.81300482601,0.762001524003));
#12454 = B_SPLINE_CURVE_WITH_KNOTS('',1,(#12455,#12456),.UNSPECIFIED.,
  .F.,.F.,(2,2),(0.,0.762001524003),.PIECEWISE_BEZIER_KNOTS.);
#12455 = CARTESIAN_POINT('',(-2.88,1.81300482601,0.));
#12456 = CARTESIAN_POINT('',(-2.88,1.81300482601,0.762001524003));
#12457 = ORIENTED_EDGE('',*,*,#12458,.F.);
#12458 = EDGE_CURVE('',#12438,#12452,#12459,.T.);
#12459 = B_SPLINE_CURVE_WITH_KNOTS('',1,(#12460,#12461),.UNSPECIFIED.,
  .F.,.F.,(2,2),(0.,0.762001524003),.PIECEWISE_BEZIER_KNOTS.);
#12460 = CARTESIAN_POINT('',(-2.88,-3.18699517399,0.762001524003));
#12461 = CARTESIAN_POINT('',(-2.88,1.81300482601,0.762001524003));
#12462 = B_SPLINE_SURFACE_WITH_KNOTS('',1,1,(
    (#12463,#12464)
    ,(#12465,#12466
    )),.UNSPECIFIED.,.F.,.F.,.F.,(2,2),(2,2),(0.,0.762001524003),(
    -0.762001524003,0.),.PIECEWISE_BEZIER_KNOTS.);
#12463 = CARTESIAN_POINT('',(-2.88,1.81300482601,0.));
#12464 = CARTESIAN_POINT('',(-2.88,-3.18699517399,0.));
#12465 = CARTESIAN_POINT('',(-2.88,1.81300482601,0.762001524003));
#12466 = CARTESIAN_POINT('',(-2.88,-3.18699517399,0.762001524003));
#12467 = ADVANCED_FACE('',(#12468),#12498,.T.);
#12468 = FACE_BOUND('',#12469,.T.);
#12469 = EDGE_LOOP('',(#12470,#12479,#12486,#12493));
#12470 = ORIENTED_EDGE('',*,*,#12471,.F.);
#12471 = EDGE_CURVE('',#12472,#12474,#12476,.T.);
#12472 = VERTEX_POINT('',#12473);
#12473 = CARTESIAN_POINT('',(2.88,-3.18699517399,0.));
#12474 = VERTEX_POINT('',#12475);
#12475 = CARTESIAN_POINT('',(2.88,-3.18699517399,0.762001524003));
#12476 = B_SPLINE_CURVE_WITH_KNOTS('',1,(#12477,#12478),.UNSPECIFIED.,
  .F.,.F.,(2,2),(0.,0.762001524003),.PIECEWISE_BEZIER_KNOTS.);
#12477 = CARTESIAN_POINT('',(2.88,-3.18699517399,0.));
#12478 = CARTESIAN_POINT('',(2.88,-3.18699517399,0.762001524003));
#12479 = ORIENTED_EDGE('',*,*,#12480,.T.);
#12480 = EDGE_CURVE('',#12472,#12481,#12483,.T.);
#12481 = VERTEX_POINT('',#12482);
#12482 = CARTESIAN_POINT('',(2.88,1.81300482601,0.));
#12483 = B_SPLINE_CURVE_WITH_KNOTS('',1,(#12484,#12485),.UNSPECIFIED.,
  .F.,.F.,(2,2),(0.,0.762001524003),.PIECEWISE_BEZIER_KNOTS.);
#12484 = CARTESIAN_POINT('',(2.88,-3.18699517399,0.));
#12485 = CARTESIAN_POINT('',(2.88,1.81300482601,0.));
#12486 = ORIENTED_EDGE('',*,*,#12487,.T.);
#12487 = EDGE_CURVE('',#12481,#12488,#12490,.T.);
#12488 = VERTEX_POINT('',#12489);
#12489 = CARTESIAN_POINT('',(2.88,1.81300482601,0.762001524003));
#12490 = B_SPLINE_CURVE_WITH_KNOTS('',1,(#12491,#12492),.UNSPECIFIED.,
  .F.,.F.,(2,2),(0.,0.762001524003),.PIECEWISE_BEZIER_KNOTS.);
#12491 = CARTESIAN_POINT('',(2.88,1.81300482601,0.));
#12492 = CARTESIAN_POINT('',(2.88,1.81300482601,0.762001524003));
#12493 = ORIENTED_EDGE('',*,*,#12494,.F.);
#12494 = EDGE_CURVE('',#12474,#12488,#12495,.T.);
#12495 = B_SPLINE_CURVE_WITH_KNOTS('',1,(#12496,#12497),.UNSPECIFIED.,
  .F.,.F.,(2,2),(0.,0.762001524003),.PIECEWISE_BEZIER_KNOTS.);
#12496 = CARTESIAN_POINT('',(2.88,-3.18699517399,0.762001524003));
#12497 = CARTESIAN_POINT('',(2.88,1.81300482601,0.762001524003));
#12498 = B_SPLINE_SURFACE_WITH_KNOTS('',1,1,(
    (#12499,#12500)
    ,(#12501,#12502
    )),.UNSPECIFIED.,.F.,.F.,.F.,(2,2),(2,2),(0.,0.762001524003),(
    -0.762001524003,0.),.PIECEWISE_BEZIER_KNOTS.);
#12499 = CARTESIAN_POINT('',(2.88,1.81300482601,0.));
#12500 = CARTESIAN_POINT('',(2.88,-3.18699517399,0.));
#12501 = CARTESIAN_POINT('',(2.88,1.81300482601,0.762001524003));
#12502 = CARTESIAN_POINT('',(2.88,-3.18699517399,0.762001524003));
#12503 = ADVANCED_FACE('',(#12504),#12518,.F.);
#12504 = FACE_BOUND('',#12505,.F.);
#12505 = EDGE_LOOP('',(#12506,#12511,#12512,#12517));
#12506 = ORIENTED_EDGE('',*,*,#12507,.F.);
#12507 = EDGE_CURVE('',#12436,#12472,#12508,.T.);
#12508 = B_SPLINE_CURVE_WITH_KNOTS('',1,(#12509,#12510),.UNSPECIFIED.,
  .F.,.F.,(2,2),(0.,0.762001524003),.PIECEWISE_BEZIER_KNOTS.);
#12509 = CARTESIAN_POINT('',(-2.88,-3.18699517399,0.));
#12510 = CARTESIAN_POINT('',(2.88,-3.18699517399,0.));
#12511 = ORIENTED_EDGE('',*,*,#12435,.T.);
#12512 = ORIENTED_EDGE('',*,*,#12513,.T.);
#12513 = EDGE_CURVE('',#12438,#12474,#12514,.T.);
#12514 = B_SPLINE_CURVE_WITH_KNOTS('',1,(#12515,#12516),.UNSPECIFIED.,
  .F.,.F.,(2,2),(0.,0.762001524003),.PIECEWISE_BEZIER_KNOTS.);
#12515 = CARTESIAN_POINT('',(-2.88,-3.18699517399,0.762001524003));
#12516 = CARTESIAN_POINT('',(2.88,-3.18699517399,0.762001524003));
#12517 = ORIENTED_EDGE('',*,*,#12471,.F.);
#12518 = B_SPLINE_SURFACE_WITH_KNOTS('',1,1,(
    (#12519,#12520)
    ,(#12521,#12522
    )),.UNSPECIFIED.,.F.,.F.,.F.,(2,2),(2,2),(0.,0.762001524003),(0.,
    0.762001524003),.PIECEWISE_BEZIER_KNOTS.);
#12519 = CARTESIAN_POINT('',(-2.88,-3.18699517399,0.));
#12520 = CARTESIAN_POINT('',(2.88,-3.18699517399,0.));
#12521 = CARTESIAN_POINT('',(-2.88,-3.18699517399,0.762001524003));
#12522 = CARTESIAN_POINT('',(2.88,-3.18699517399,0.762001524003));
#12523 = ADVANCED_FACE('',(#12524),#12538,.T.);
#12524 = FACE_BOUND('',#12525,.T.);
#12525 = EDGE_LOOP('',(#12526,#12531,#12532,#12537));
#12526 = ORIENTED_EDGE('',*,*,#12527,.F.);
#12527 = EDGE_CURVE('',#12445,#12481,#12528,.T.);
#12528 = B_SPLINE_CURVE_WITH_KNOTS('',1,(#12529,#12530),.UNSPECIFIED.,
  .F.,.F.,(2,2),(0.,0.762001524003),.PIECEWISE_BEZIER_KNOTS.);
#12529 = CARTESIAN_POINT('',(-2.88,1.81300482601,0.));
#12530 = CARTESIAN_POINT('',(2.88,1.81300482601,0.));
#12531 = ORIENTED_EDGE('',*,*,#12451,.T.);
#12532 = ORIENTED_EDGE('',*,*,#12533,.T.);
#12533 = EDGE_CURVE('',#12452,#12488,#12534,.T.);
#12534 = B_SPLINE_CURVE_WITH_KNOTS('',1,(#12535,#12536),.UNSPECIFIED.,
  .F.,.F.,(2,2),(0.,0.762001524003),.PIECEWISE_BEZIER_KNOTS.);
#12535 = CARTESIAN_POINT('',(-2.88,1.81300482601,0.762001524003));
#12536 = CARTESIAN_POINT('',(2.88,1.81300482601,0.762001524003));
#12537 = ORIENTED_EDGE('',*,*,#12487,.F.);
#12538 = B_SPLINE_SURFACE_WITH_KNOTS('',1,1,(
    (#12539,#12540)
    ,(#12541,#12542
    )),.UNSPECIFIED.,.F.,.F.,.F.,(2,2),(2,2),(0.,0.762001524003),(0.,
    0.762001524003),.PIECEWISE_BEZIER_KNOTS.);
#12539 = CARTESIAN_POINT('',(-2.88,1.81300482601,0.));
#12540 = CARTESIAN_POINT('',(2.88,1.81300482601,0.));
#12541 = CARTESIAN_POINT('',(-2.88,1.81300482601,0.762001524003));
#12542 = CARTESIAN_POINT('',(2.88,1.81300482601,0.762001524003));
#12543 = ADVANCED_FACE('',(#12544),#12550,.F.);
#12544 = FACE_BOUND('',#12545,.F.);
#12545 = EDGE_LOOP('',(#12546,#12547,#12548,#12549));
#12546 = ORIENTED_EDGE('',*,*,#12444,.F.);
#12547 = ORIENTED_EDGE('',*,*,#12507,.T.);
#12548 = ORIENTED_EDGE('',*,*,#12480,.T.);
#12549 = ORIENTED_EDGE('',*,*,#12527,.F.);
#12550 = B_SPLINE_SURFACE_WITH_KNOTS('',1,1,(
    (#12551,#12552)
    ,(#12553,#12554
    )),.UNSPECIFIED.,.F.,.F.,.F.,(2,2),(2,2),(0.,0.762001524003),(0.,
    0.762001524003),.PIECEWISE_BEZIER_KNOTS.);
#12551 = CARTESIAN_POINT('',(-2.88,-3.18699517399,0.));
#12552 = CARTESIAN_POINT('',(-2.88,1.81300482601,0.));
#12553 = CARTESIAN_POINT('',(2.88,-3.18699517399,0.));
#12554 = CARTESIAN_POINT('',(2.88,1.81300482601,0.));
#12555 = ADVANCED_FACE('',(#12556),#12562,.T.);
#12556 = FACE_BOUND('',#12557,.T.);
#12557 = EDGE_LOOP('',(#12558,#12559,#12560,#12561));
#12558 = ORIENTED_EDGE('',*,*,#12458,.F.);
#12559 = ORIENTED_EDGE('',*,*,#12513,.T.);
#12560 = ORIENTED_EDGE('',*,*,#12494,.T.);
#12561 = ORIENTED_EDGE('',*,*,#12533,.F.);
#12562 = B_SPLINE_SURFACE_WITH_KNOTS('',1,1,(
    (#12563,#12564)
    ,(#12565,#12566
    )),.UNSPECIFIED.,.F.,.F.,.F.,(2,2),(2,2),(0.,0.762001524003),(0.,
    0.762001524003),.PIECEWISE_BEZIER_KNOTS.);
#12563 = CARTESIAN_POINT('',(-2.88,-3.18699517399,0.762001524003));
#12564 = CARTESIAN_POINT('',(-2.88,1.81300482601,0.762001524003));
#12565 = CARTESIAN_POINT('',(2.88,-3.18699517399,0.762001524003));
#12566 = CARTESIAN_POINT('',(2.88,1.81300482601,0.762001524003));
#12567 = ( GEOMETRIC_REPRESENTATION_CONTEXT(3) 
GLOBAL_UNCERTAINTY_ASSIGNED_CONTEXT((#12571)) 
GLOBAL_UNIT_ASSIGNED_CONTEXT((#12568,#12569,#12570)) 
REPRESENTATION_CONTEXT('Context #1',
  '3D Context with UNIT and UNCERTAINTY') );
#12568 = ( LENGTH_UNIT() NAMED_UNIT(*) SI_UNIT(.MILLI.,.METRE.) );
#12569 = ( NAMED_UNIT(*) PLANE_ANGLE_UNIT() SI_UNIT($,.RADIAN.) );
#12570 = ( NAMED_UNIT(*) SI_UNIT($,.STERADIAN.) SOLID_ANGLE_UNIT() );
#12571 = UNCERTAINTY_MEASURE_WITH_UNIT(LENGTH_MEASURE(1.E-06),#12568,
  'distance_accuracy_value','confusion accuracy');
#12572 = CONTEXT_DEPENDENT_SHAPE_REPRESENTATION(#12573,#12575);
#12573 = ( REPRESENTATION_RELATIONSHIP('','',#12428,#12405) 
REPRESENTATION_RELATIONSHIP_WITH_TRANSFORMATION(#12574) 
SHAPE_REPRESENTATION_RELATIONSHIP() );
#12574 = ITEM_DEFINED_TRANSFORMATION('','',#11,#12406);
#12575 = PRODUCT_DEFINITION_SHAPE('Placement','Placement of an item',
  #12576);
#12576 = NEXT_ASSEMBLY_USAGE_OCCURRENCE('396','=>[0:1:1:75]','',#12400,
  #12423,$);
#12577 = PRODUCT_RELATED_PRODUCT_CATEGORY('part',$,(#12425));
#12578 = SHAPE_DEFINITION_REPRESENTATION(#12579,#12585);
#12579 = PRODUCT_DEFINITION_SHAPE('','',#12580);
#12580 = PRODUCT_DEFINITION('design','',#12581,#12584);
#12581 = PRODUCT_DEFINITION_FORMATION('','',#12582);
#12582 = PRODUCT(
  'U32~QFN-32_L5.0-W5.0-P0.50-BL-EP3.4~QFN-32_L5.0-W5.0-H0.9-P0.50~5ZeZ'
  ,
  'U32~QFN-32_L5.0-W5.0-P0.50-BL-EP3.4~QFN-32_L5.0-W5.0-H0.9-P0.50~5ZeZ'
  ,'',(#12583));
#12583 = PRODUCT_CONTEXT('',#2,'mechanical');
#12584 = PRODUCT_DEFINITION_CONTEXT('part definition',#2,'design');
#12585 = SHAPE_REPRESENTATION('',(#11,#12586),#12590);
#12586 = AXIS2_PLACEMENT_3D('',#12587,#12588,#12589);
#12587 = CARTESIAN_POINT('',(0.,0.,0.));
#12588 = DIRECTION('',(0.,0.,1.));
#12589 = DIRECTION('',(1.,0.,-0.));
#12590 = ( GEOMETRIC_REPRESENTATION_CONTEXT(3) 
GLOBAL_UNCERTAINTY_ASSIGNED_CONTEXT((#12594)) 
GLOBAL_UNIT_ASSIGNED_CONTEXT((#12591,#12592,#12593)) 
REPRESENTATION_CONTEXT('Context #1',
  '3D Context with UNIT and UNCERTAINTY') );
#12591 = ( LENGTH_UNIT() NAMED_UNIT(*) SI_UNIT(.MILLI.,.METRE.) );
#12592 = ( NAMED_UNIT(*) PLANE_ANGLE_UNIT() SI_UNIT($,.RADIAN.) );
#12593 = ( NAMED_UNIT(*) SI_UNIT($,.STERADIAN.) SOLID_ANGLE_UNIT() );
#12594 = UNCERTAINTY_MEASURE_WITH_UNIT(LENGTH_MEASURE(5.E-07),#12591,
  'distance_accuracy_value','confusion accuracy');
#12595 = CONTEXT_DEPENDENT_SHAPE_REPRESENTATION(#12596,#12598);
#12596 = ( REPRESENTATION_RELATIONSHIP('','',#12585,#10) 
REPRESENTATION_RELATIONSHIP_WITH_TRANSFORMATION(#12597) 
SHAPE_REPRESENTATION_RELATIONSHIP() );
#12597 = ITEM_DEFINED_TRANSFORMATION('','',#11,#1463);
#12598 = PRODUCT_DEFINITION_SHAPE('Placement','Placement of an item',
  #12599);
#12599 = NEXT_ASSEMBLY_USAGE_OCCURRENCE('399','=>[0:1:1:78]','',#5,
  #12580,$);
#12600 = PRODUCT_RELATED_PRODUCT_CATEGORY('part',$,(#12582));
#12601 = SHAPE_DEFINITION_REPRESENTATION(#12602,#12608);
#12602 = PRODUCT_DEFINITION_SHAPE('','',#12603);
#12603 = PRODUCT_DEFINITION('design','',#12604,#12607);
#12604 = PRODUCT_DEFINITION_FORMATION('','',#12605);
#12605 = PRODUCT(
  'QFN-32_L5.0-W5.0-P0.50-BL-EP3.4~QFN-32_L5.0-W5.0-H0.9-P0.50~5ZeZ',
  'QFN-32_L5.0-W5.0-P0.50-BL-EP3.4~QFN-32_L5.0-W5.0-H0.9-P0.50~5ZeZ','',
  (#12606));
#12606 = PRODUCT_CONTEXT('',#2,'mechanical');
#12607 = PRODUCT_DEFINITION_CONTEXT('part definition',#2,'design');
#12608 = ADVANCED_BREP_SHAPE_REPRESENTATION('',(#11,#12609),#12747);
#12609 = MANIFOLD_SOLID_BREP('',#12610);
#12610 = CLOSED_SHELL('',(#12611,#12647,#12683,#12703,#12723,#12735));
#12611 = ADVANCED_FACE('',(#12612),#12642,.F.);
#12612 = FACE_BOUND('',#12613,.F.);
#12613 = EDGE_LOOP('',(#12614,#12623,#12630,#12637));
#12614 = ORIENTED_EDGE('',*,*,#12615,.F.);
#12615 = EDGE_CURVE('',#12616,#12618,#12620,.T.);
#12616 = VERTEX_POINT('',#12617);
#12617 = CARTESIAN_POINT('',(2.51,-2.51,0.));
#12618 = VERTEX_POINT('',#12619);
#12619 = CARTESIAN_POINT('',(2.51,-2.51,0.762001524003));
#12620 = B_SPLINE_CURVE_WITH_KNOTS('',1,(#12621,#12622),.UNSPECIFIED.,
  .F.,.F.,(2,2),(0.,0.762001524003),.PIECEWISE_BEZIER_KNOTS.);
#12621 = CARTESIAN_POINT('',(2.51,-2.51,0.));
#12622 = CARTESIAN_POINT('',(2.51,-2.51,0.762001524003));
#12623 = ORIENTED_EDGE('',*,*,#12624,.T.);
#12624 = EDGE_CURVE('',#12616,#12625,#12627,.T.);
#12625 = VERTEX_POINT('',#12626);
#12626 = CARTESIAN_POINT('',(-2.51,-2.51,0.));
#12627 = B_SPLINE_CURVE_WITH_KNOTS('',1,(#12628,#12629),.UNSPECIFIED.,
  .F.,.F.,(2,2),(0.,0.762001524003),.PIECEWISE_BEZIER_KNOTS.);
#12628 = CARTESIAN_POINT('',(2.51,-2.51,0.));
#12629 = CARTESIAN_POINT('',(-2.51,-2.51,0.));
#12630 = ORIENTED_EDGE('',*,*,#12631,.T.);
#12631 = EDGE_CURVE('',#12625,#12632,#12634,.T.);
#12632 = VERTEX_POINT('',#12633);
#12633 = CARTESIAN_POINT('',(-2.51,-2.51,0.762001524003));
#12634 = B_SPLINE_CURVE_WITH_KNOTS('',1,(#12635,#12636),.UNSPECIFIED.,
  .F.,.F.,(2,2),(0.,0.762001524003),.PIECEWISE_BEZIER_KNOTS.);
#12635 = CARTESIAN_POINT('',(-2.51,-2.51,0.));
#12636 = CARTESIAN_POINT('',(-2.51,-2.51,0.762001524003));
#12637 = ORIENTED_EDGE('',*,*,#12638,.F.);
#12638 = EDGE_CURVE('',#12618,#12632,#12639,.T.);
#12639 = B_SPLINE_CURVE_WITH_KNOTS('',1,(#12640,#12641),.UNSPECIFIED.,
  .F.,.F.,(2,2),(0.,0.762001524003),.PIECEWISE_BEZIER_KNOTS.);
#12640 = CARTESIAN_POINT('',(2.51,-2.51,0.762001524003));
#12641 = CARTESIAN_POINT('',(-2.51,-2.51,0.762001524003));
#12642 = B_SPLINE_SURFACE_WITH_KNOTS('',1,1,(
    (#12643,#12644)
    ,(#12645,#12646
    )),.UNSPECIFIED.,.F.,.F.,.F.,(2,2),(2,2),(0.,0.762001524003),(
    -0.762001524003,0.),.PIECEWISE_BEZIER_KNOTS.);
#12643 = CARTESIAN_POINT('',(-2.51,-2.51,0.));
#12644 = CARTESIAN_POINT('',(2.51,-2.51,0.));
#12645 = CARTESIAN_POINT('',(-2.51,-2.51,0.762001524003));
#12646 = CARTESIAN_POINT('',(2.51,-2.51,0.762001524003));
#12647 = ADVANCED_FACE('',(#12648),#12678,.T.);
#12648 = FACE_BOUND('',#12649,.T.);
#12649 = EDGE_LOOP('',(#12650,#12659,#12666,#12673));
#12650 = ORIENTED_EDGE('',*,*,#12651,.F.);
#12651 = EDGE_CURVE('',#12652,#12654,#12656,.T.);
#12652 = VERTEX_POINT('',#12653);
#12653 = CARTESIAN_POINT('',(2.51,2.51,0.));
#12654 = VERTEX_POINT('',#12655);
#12655 = CARTESIAN_POINT('',(2.51,2.51,0.762001524003));
#12656 = B_SPLINE_CURVE_WITH_KNOTS('',1,(#12657,#12658),.UNSPECIFIED.,
  .F.,.F.,(2,2),(0.,0.762001524003),.PIECEWISE_BEZIER_KNOTS.);
#12657 = CARTESIAN_POINT('',(2.51,2.51,0.));
#12658 = CARTESIAN_POINT('',(2.51,2.51,0.762001524003));
#12659 = ORIENTED_EDGE('',*,*,#12660,.T.);
#12660 = EDGE_CURVE('',#12652,#12661,#12663,.T.);
#12661 = VERTEX_POINT('',#12662);
#12662 = CARTESIAN_POINT('',(-2.51,2.51,0.));
#12663 = B_SPLINE_CURVE_WITH_KNOTS('',1,(#12664,#12665),.UNSPECIFIED.,
  .F.,.F.,(2,2),(0.,0.762001524003),.PIECEWISE_BEZIER_KNOTS.);
#12664 = CARTESIAN_POINT('',(2.51,2.51,0.));
#12665 = CARTESIAN_POINT('',(-2.51,2.51,0.));
#12666 = ORIENTED_EDGE('',*,*,#12667,.T.);
#12667 = EDGE_CURVE('',#12661,#12668,#12670,.T.);
#12668 = VERTEX_POINT('',#12669);
#12669 = CARTESIAN_POINT('',(-2.51,2.51,0.762001524003));
#12670 = B_SPLINE_CURVE_WITH_KNOTS('',1,(#12671,#12672),.UNSPECIFIED.,
  .F.,.F.,(2,2),(0.,0.762001524003),.PIECEWISE_BEZIER_KNOTS.);
#12671 = CARTESIAN_POINT('',(-2.51,2.51,0.));
#12672 = CARTESIAN_POINT('',(-2.51,2.51,0.762001524003));
#12673 = ORIENTED_EDGE('',*,*,#12674,.F.);
#12674 = EDGE_CURVE('',#12654,#12668,#12675,.T.);
#12675 = B_SPLINE_CURVE_WITH_KNOTS('',1,(#12676,#12677),.UNSPECIFIED.,
  .F.,.F.,(2,2),(0.,0.762001524003),.PIECEWISE_BEZIER_KNOTS.);
#12676 = CARTESIAN_POINT('',(2.51,2.51,0.762001524003));
#12677 = CARTESIAN_POINT('',(-2.51,2.51,0.762001524003));
#12678 = B_SPLINE_SURFACE_WITH_KNOTS('',1,1,(
    (#12679,#12680)
    ,(#12681,#12682
    )),.UNSPECIFIED.,.F.,.F.,.F.,(2,2),(2,2),(0.,0.762001524003),(
    -0.762001524003,0.),.PIECEWISE_BEZIER_KNOTS.);
#12679 = CARTESIAN_POINT('',(-2.51,2.51,0.));
#12680 = CARTESIAN_POINT('',(2.51,2.51,0.));
#12681 = CARTESIAN_POINT('',(-2.51,2.51,0.762001524003));
#12682 = CARTESIAN_POINT('',(2.51,2.51,0.762001524003));
#12683 = ADVANCED_FACE('',(#12684),#12698,.F.);
#12684 = FACE_BOUND('',#12685,.F.);
#12685 = EDGE_LOOP('',(#12686,#12691,#12692,#12697));
#12686 = ORIENTED_EDGE('',*,*,#12687,.F.);
#12687 = EDGE_CURVE('',#12616,#12652,#12688,.T.);
#12688 = B_SPLINE_CURVE_WITH_KNOTS('',1,(#12689,#12690),.UNSPECIFIED.,
  .F.,.F.,(2,2),(0.,0.762001524003),.PIECEWISE_BEZIER_KNOTS.);
#12689 = CARTESIAN_POINT('',(2.51,-2.51,0.));
#12690 = CARTESIAN_POINT('',(2.51,2.51,0.));
#12691 = ORIENTED_EDGE('',*,*,#12615,.T.);
#12692 = ORIENTED_EDGE('',*,*,#12693,.T.);
#12693 = EDGE_CURVE('',#12618,#12654,#12694,.T.);
#12694 = B_SPLINE_CURVE_WITH_KNOTS('',1,(#12695,#12696),.UNSPECIFIED.,
  .F.,.F.,(2,2),(0.,0.762001524003),.PIECEWISE_BEZIER_KNOTS.);
#12695 = CARTESIAN_POINT('',(2.51,-2.51,0.762001524003));
#12696 = CARTESIAN_POINT('',(2.51,2.51,0.762001524003));
#12697 = ORIENTED_EDGE('',*,*,#12651,.F.);
#12698 = B_SPLINE_SURFACE_WITH_KNOTS('',1,1,(
    (#12699,#12700)
    ,(#12701,#12702
    )),.UNSPECIFIED.,.F.,.F.,.F.,(2,2),(2,2),(0.,0.762001524003),(0.,
    0.762001524003),.PIECEWISE_BEZIER_KNOTS.);
#12699 = CARTESIAN_POINT('',(2.51,-2.51,0.));
#12700 = CARTESIAN_POINT('',(2.51,2.51,0.));
#12701 = CARTESIAN_POINT('',(2.51,-2.51,0.762001524003));
#12702 = CARTESIAN_POINT('',(2.51,2.51,0.762001524003));
#12703 = ADVANCED_FACE('',(#12704),#12718,.T.);
#12704 = FACE_BOUND('',#12705,.T.);
#12705 = EDGE_LOOP('',(#12706,#12711,#12712,#12717));
#12706 = ORIENTED_EDGE('',*,*,#12707,.F.);
#12707 = EDGE_CURVE('',#12625,#12661,#12708,.T.);
#12708 = B_SPLINE_CURVE_WITH_KNOTS('',1,(#12709,#12710),.UNSPECIFIED.,
  .F.,.F.,(2,2),(0.,0.762001524003),.PIECEWISE_BEZIER_KNOTS.);
#12709 = CARTESIAN_POINT('',(-2.51,-2.51,0.));
#12710 = CARTESIAN_POINT('',(-2.51,2.51,0.));
#12711 = ORIENTED_EDGE('',*,*,#12631,.T.);
#12712 = ORIENTED_EDGE('',*,*,#12713,.T.);
#12713 = EDGE_CURVE('',#12632,#12668,#12714,.T.);
#12714 = B_SPLINE_CURVE_WITH_KNOTS('',1,(#12715,#12716),.UNSPECIFIED.,
  .F.,.F.,(2,2),(0.,0.762001524003),.PIECEWISE_BEZIER_KNOTS.);
#12715 = CARTESIAN_POINT('',(-2.51,-2.51,0.762001524003));
#12716 = CARTESIAN_POINT('',(-2.51,2.51,0.762001524003));
#12717 = ORIENTED_EDGE('',*,*,#12667,.F.);
#12718 = B_SPLINE_SURFACE_WITH_KNOTS('',1,1,(
    (#12719,#12720)
    ,(#12721,#12722
    )),.UNSPECIFIED.,.F.,.F.,.F.,(2,2),(2,2),(0.,0.762001524003),(0.,
    0.762001524003),.PIECEWISE_BEZIER_KNOTS.);
#12719 = CARTESIAN_POINT('',(-2.51,-2.51,0.));
#12720 = CARTESIAN_POINT('',(-2.51,2.51,0.));
#12721 = CARTESIAN_POINT('',(-2.51,-2.51,0.762001524003));
#12722 = CARTESIAN_POINT('',(-2.51,2.51,0.762001524003));
#12723 = ADVANCED_FACE('',(#12724),#12730,.F.);
#12724 = FACE_BOUND('',#12725,.F.);
#12725 = EDGE_LOOP('',(#12726,#12727,#12728,#12729));
#12726 = ORIENTED_EDGE('',*,*,#12624,.F.);
#12727 = ORIENTED_EDGE('',*,*,#12687,.T.);
#12728 = ORIENTED_EDGE('',*,*,#12660,.T.);
#12729 = ORIENTED_EDGE('',*,*,#12707,.F.);
#12730 = B_SPLINE_SURFACE_WITH_KNOTS('',1,1,(
    (#12731,#12732)
    ,(#12733,#12734
    )),.UNSPECIFIED.,.F.,.F.,.F.,(2,2),(2,2),(0.,0.762001524003),(0.,
    0.762001524003),.PIECEWISE_BEZIER_KNOTS.);
#12731 = CARTESIAN_POINT('',(2.51,-2.51,0.));
#12732 = CARTESIAN_POINT('',(-2.51,-2.51,0.));
#12733 = CARTESIAN_POINT('',(2.51,2.51,0.));
#12734 = CARTESIAN_POINT('',(-2.51,2.51,0.));
#12735 = ADVANCED_FACE('',(#12736),#12742,.T.);
#12736 = FACE_BOUND('',#12737,.T.);
#12737 = EDGE_LOOP('',(#12738,#12739,#12740,#12741));
#12738 = ORIENTED_EDGE('',*,*,#12638,.F.);
#12739 = ORIENTED_EDGE('',*,*,#12693,.T.);
#12740 = ORIENTED_EDGE('',*,*,#12674,.T.);
#12741 = ORIENTED_EDGE('',*,*,#12713,.F.);
#12742 = B_SPLINE_SURFACE_WITH_KNOTS('',1,1,(
    (#12743,#12744)
    ,(#12745,#12746
    )),.UNSPECIFIED.,.F.,.F.,.F.,(2,2),(2,2),(0.,0.762001524003),(0.,
    0.762001524003),.PIECEWISE_BEZIER_KNOTS.);
#12743 = CARTESIAN_POINT('',(2.51,-2.51,0.762001524003));
#12744 = CARTESIAN_POINT('',(-2.51,-2.51,0.762001524003));
#12745 = CARTESIAN_POINT('',(2.51,2.51,0.762001524003));
#12746 = CARTESIAN_POINT('',(-2.51,2.51,0.762001524003));
#12747 = ( GEOMETRIC_REPRESENTATION_CONTEXT(3) 
GLOBAL_UNCERTAINTY_ASSIGNED_CONTEXT((#12751)) 
GLOBAL_UNIT_ASSIGNED_CONTEXT((#12748,#12749,#12750)) 
REPRESENTATION_CONTEXT('Context #1',
  '3D Context with UNIT and UNCERTAINTY') );
#12748 = ( LENGTH_UNIT() NAMED_UNIT(*) SI_UNIT(.MILLI.,.METRE.) );
#12749 = ( NAMED_UNIT(*) PLANE_ANGLE_UNIT() SI_UNIT($,.RADIAN.) );
#12750 = ( NAMED_UNIT(*) SI_UNIT($,.STERADIAN.) SOLID_ANGLE_UNIT() );
#12751 = UNCERTAINTY_MEASURE_WITH_UNIT(LENGTH_MEASURE(5.E-07),#12748,
  'distance_accuracy_value','confusion accuracy');
#12752 = CONTEXT_DEPENDENT_SHAPE_REPRESENTATION(#12753,#12755);
#12753 = ( REPRESENTATION_RELATIONSHIP('','',#12608,#12585) 
REPRESENTATION_RELATIONSHIP_WITH_TRANSFORMATION(#12754) 
SHAPE_REPRESENTATION_RELATIONSHIP() );
#12754 = ITEM_DEFINED_TRANSFORMATION('','',#11,#12586);
#12755 = PRODUCT_DEFINITION_SHAPE('Placement','Placement of an item',
  #12756);
#12756 = NEXT_ASSEMBLY_USAGE_OCCURRENCE('398','=>[0:1:1:77]','',#12580,
  #12603,$);
#12757 = PRODUCT_RELATED_PRODUCT_CATEGORY('part',$,(#12605));
#12758 = SHAPE_DEFINITION_REPRESENTATION(#12759,#12765);
#12759 = PRODUCT_DEFINITION_SHAPE('','',#12760);
#12760 = PRODUCT_DEFINITION('design','',#12761,#12764);
#12761 = PRODUCT_DEFINITION_FORMATION('','',#12762);
#12762 = PRODUCT(
  'U20~WSON-8_L6.0-W8.0-P1.27-BL-EP~WSON-8_L6.0-W8.0-H0.8-P1.27~5ZeZ',
  'U20~WSON-8_L6.0-W8.0-P1.27-BL-EP~WSON-8_L6.0-W8.0-H0.8-P1.27~5ZeZ',''
  ,(#12763));
#12763 = PRODUCT_CONTEXT('',#2,'mechanical');
#12764 = PRODUCT_DEFINITION_CONTEXT('part definition',#2,'design');
#12765 = SHAPE_REPRESENTATION('',(#11,#12766),#12770);
#12766 = AXIS2_PLACEMENT_3D('',#12767,#12768,#12769);
#12767 = CARTESIAN_POINT('',(0.,0.,0.));
#12768 = DIRECTION('',(0.,0.,1.));
#12769 = DIRECTION('',(1.,0.,-0.));
#12770 = ( GEOMETRIC_REPRESENTATION_CONTEXT(3) 
GLOBAL_UNCERTAINTY_ASSIGNED_CONTEXT((#12774)) 
GLOBAL_UNIT_ASSIGNED_CONTEXT((#12771,#12772,#12773)) 
REPRESENTATION_CONTEXT('Context #1',
  '3D Context with UNIT and UNCERTAINTY') );
#12771 = ( LENGTH_UNIT() NAMED_UNIT(*) SI_UNIT(.MILLI.,.METRE.) );
#12772 = ( NAMED_UNIT(*) PLANE_ANGLE_UNIT() SI_UNIT($,.RADIAN.) );
#12773 = ( NAMED_UNIT(*) SI_UNIT($,.STERADIAN.) SOLID_ANGLE_UNIT() );
#12774 = UNCERTAINTY_MEASURE_WITH_UNIT(LENGTH_MEASURE(1.E-06),#12771,
  'distance_accuracy_value','confusion accuracy');
#12775 = CONTEXT_DEPENDENT_SHAPE_REPRESENTATION(#12776,#12778);
#12776 = ( REPRESENTATION_RELATIONSHIP('','',#12765,#10) 
REPRESENTATION_RELATIONSHIP_WITH_TRANSFORMATION(#12777) 
SHAPE_REPRESENTATION_RELATIONSHIP() );
#12777 = ITEM_DEFINED_TRANSFORMATION('','',#11,#1467);
#12778 = PRODUCT_DEFINITION_SHAPE('Placement','Placement of an item',
  #12779);
#12779 = NEXT_ASSEMBLY_USAGE_OCCURRENCE('401','=>[0:1:1:80]','',#5,
  #12760,$);
#12780 = PRODUCT_RELATED_PRODUCT_CATEGORY('part',$,(#12762));
#12781 = SHAPE_DEFINITION_REPRESENTATION(#12782,#12788);
#12782 = PRODUCT_DEFINITION_SHAPE('','',#12783);
#12783 = PRODUCT_DEFINITION('design','',#12784,#12787);
#12784 = PRODUCT_DEFINITION_FORMATION('','',#12785);
#12785 = PRODUCT(
  'WSON-8_L6.0-W8.0-P1.27-BL-EP~WSON-8_L6.0-W8.0-H0.8-P1.27~5ZeZ',
  'WSON-8_L6.0-W8.0-P1.27-BL-EP~WSON-8_L6.0-W8.0-H0.8-P1.27~5ZeZ','',(
    #12786));
#12786 = PRODUCT_CONTEXT('',#2,'mechanical');
#12787 = PRODUCT_DEFINITION_CONTEXT('part definition',#2,'design');
#12788 = ADVANCED_BREP_SHAPE_REPRESENTATION('',(#11,#12789),#12927);
#12789 = MANIFOLD_SOLID_BREP('',#12790);
#12790 = CLOSED_SHELL('',(#12791,#12827,#12863,#12883,#12903,#12915));
#12791 = ADVANCED_FACE('',(#12792),#12822,.F.);
#12792 = FACE_BOUND('',#12793,.F.);
#12793 = EDGE_LOOP('',(#12794,#12803,#12810,#12817));
#12794 = ORIENTED_EDGE('',*,*,#12795,.F.);
#12795 = EDGE_CURVE('',#12796,#12798,#12800,.T.);
#12796 = VERTEX_POINT('',#12797);
#12797 = CARTESIAN_POINT('',(3.000127000254,-4.009593599187,0.));
#12798 = VERTEX_POINT('',#12799);
#12799 = CARTESIAN_POINT('',(3.000127000254,-4.009593599187,
    0.762001524003));
#12800 = B_SPLINE_CURVE_WITH_KNOTS('',1,(#12801,#12802),.UNSPECIFIED.,
  .F.,.F.,(2,2),(0.,0.762001524003),.PIECEWISE_BEZIER_KNOTS.);
#12801 = CARTESIAN_POINT('',(3.000127000254,-4.009593599187,0.));
#12802 = CARTESIAN_POINT('',(3.000127000254,-4.009593599187,
    0.762001524003));
#12803 = ORIENTED_EDGE('',*,*,#12804,.T.);
#12804 = EDGE_CURVE('',#12796,#12805,#12807,.T.);
#12805 = VERTEX_POINT('',#12806);
#12806 = CARTESIAN_POINT('',(-2.999872999746,-4.009593599187,0.));
#12807 = B_SPLINE_CURVE_WITH_KNOTS('',1,(#12808,#12809),.UNSPECIFIED.,
  .F.,.F.,(2,2),(0.,0.762001524003),.PIECEWISE_BEZIER_KNOTS.);
#12808 = CARTESIAN_POINT('',(3.000127000254,-4.009593599187,0.));
#12809 = CARTESIAN_POINT('',(-2.999872999746,-4.009593599187,0.));
#12810 = ORIENTED_EDGE('',*,*,#12811,.T.);
#12811 = EDGE_CURVE('',#12805,#12812,#12814,.T.);
#12812 = VERTEX_POINT('',#12813);
#12813 = CARTESIAN_POINT('',(-2.999872999746,-4.009593599187,
    0.762001524003));
#12814 = B_SPLINE_CURVE_WITH_KNOTS('',1,(#12815,#12816),.UNSPECIFIED.,
  .F.,.F.,(2,2),(0.,0.762001524003),.PIECEWISE_BEZIER_KNOTS.);
#12815 = CARTESIAN_POINT('',(-2.999872999746,-4.009593599187,0.));
#12816 = CARTESIAN_POINT('',(-2.999872999746,-4.009593599187,
    0.762001524003));
#12817 = ORIENTED_EDGE('',*,*,#12818,.F.);
#12818 = EDGE_CURVE('',#12798,#12812,#12819,.T.);
#12819 = B_SPLINE_CURVE_WITH_KNOTS('',1,(#12820,#12821),.UNSPECIFIED.,
  .F.,.F.,(2,2),(0.,0.762001524003),.PIECEWISE_BEZIER_KNOTS.);
#12820 = CARTESIAN_POINT('',(3.000127000254,-4.009593599187,
    0.762001524003));
#12821 = CARTESIAN_POINT('',(-2.999872999746,-4.009593599187,
    0.762001524003));
#12822 = B_SPLINE_SURFACE_WITH_KNOTS('',1,1,(
    (#12823,#12824)
    ,(#12825,#12826
    )),.UNSPECIFIED.,.F.,.F.,.F.,(2,2),(2,2),(0.,0.762001524003),(
    -0.762001524003,0.),.PIECEWISE_BEZIER_KNOTS.);
#12823 = CARTESIAN_POINT('',(-2.999872999746,-4.009593599187,0.));
#12824 = CARTESIAN_POINT('',(3.000127000254,-4.009593599187,0.));
#12825 = CARTESIAN_POINT('',(-2.999872999746,-4.009593599187,
    0.762001524003));
#12826 = CARTESIAN_POINT('',(3.000127000254,-4.009593599187,
    0.762001524003));
#12827 = ADVANCED_FACE('',(#12828),#12858,.T.);
#12828 = FACE_BOUND('',#12829,.T.);
#12829 = EDGE_LOOP('',(#12830,#12839,#12846,#12853));
#12830 = ORIENTED_EDGE('',*,*,#12831,.F.);
#12831 = EDGE_CURVE('',#12832,#12834,#12836,.T.);
#12832 = VERTEX_POINT('',#12833);
#12833 = CARTESIAN_POINT('',(3.000127000254,4.010406400813,0.));
#12834 = VERTEX_POINT('',#12835);
#12835 = CARTESIAN_POINT('',(3.000127000254,4.010406400813,
    0.762001524003));
#12836 = B_SPLINE_CURVE_WITH_KNOTS('',1,(#12837,#12838),.UNSPECIFIED.,
  .F.,.F.,(2,2),(0.,0.762001524003),.PIECEWISE_BEZIER_KNOTS.);
#12837 = CARTESIAN_POINT('',(3.000127000254,4.010406400813,0.));
#12838 = CARTESIAN_POINT('',(3.000127000254,4.010406400813,
    0.762001524003));
#12839 = ORIENTED_EDGE('',*,*,#12840,.T.);
#12840 = EDGE_CURVE('',#12832,#12841,#12843,.T.);
#12841 = VERTEX_POINT('',#12842);
#12842 = CARTESIAN_POINT('',(-2.999872999746,4.010406400813,0.));
#12843 = B_SPLINE_CURVE_WITH_KNOTS('',1,(#12844,#12845),.UNSPECIFIED.,
  .F.,.F.,(2,2),(0.,0.762001524003),.PIECEWISE_BEZIER_KNOTS.);
#12844 = CARTESIAN_POINT('',(3.000127000254,4.010406400813,0.));
#12845 = CARTESIAN_POINT('',(-2.999872999746,4.010406400813,0.));
#12846 = ORIENTED_EDGE('',*,*,#12847,.T.);
#12847 = EDGE_CURVE('',#12841,#12848,#12850,.T.);
#12848 = VERTEX_POINT('',#12849);
#12849 = CARTESIAN_POINT('',(-2.999872999746,4.010406400813,
    0.762001524003));
#12850 = B_SPLINE_CURVE_WITH_KNOTS('',1,(#12851,#12852),.UNSPECIFIED.,
  .F.,.F.,(2,2),(0.,0.762001524003),.PIECEWISE_BEZIER_KNOTS.);
#12851 = CARTESIAN_POINT('',(-2.999872999746,4.010406400813,0.));
#12852 = CARTESIAN_POINT('',(-2.999872999746,4.010406400813,
    0.762001524003));
#12853 = ORIENTED_EDGE('',*,*,#12854,.F.);
#12854 = EDGE_CURVE('',#12834,#12848,#12855,.T.);
#12855 = B_SPLINE_CURVE_WITH_KNOTS('',1,(#12856,#12857),.UNSPECIFIED.,
  .F.,.F.,(2,2),(0.,0.762001524003),.PIECEWISE_BEZIER_KNOTS.);
#12856 = CARTESIAN_POINT('',(3.000127000254,4.010406400813,
    0.762001524003));
#12857 = CARTESIAN_POINT('',(-2.999872999746,4.010406400813,
    0.762001524003));
#12858 = B_SPLINE_SURFACE_WITH_KNOTS('',1,1,(
    (#12859,#12860)
    ,(#12861,#12862
    )),.UNSPECIFIED.,.F.,.F.,.F.,(2,2),(2,2),(0.,0.762001524003),(
    -0.762001524003,0.),.PIECEWISE_BEZIER_KNOTS.);
#12859 = CARTESIAN_POINT('',(-2.999872999746,4.010406400813,0.));
#12860 = CARTESIAN_POINT('',(3.000127000254,4.010406400813,0.));
#12861 = CARTESIAN_POINT('',(-2.999872999746,4.010406400813,
    0.762001524003));
#12862 = CARTESIAN_POINT('',(3.000127000254,4.010406400813,
    0.762001524003));
#12863 = ADVANCED_FACE('',(#12864),#12878,.F.);
#12864 = FACE_BOUND('',#12865,.F.);
#12865 = EDGE_LOOP('',(#12866,#12871,#12872,#12877));
#12866 = ORIENTED_EDGE('',*,*,#12867,.F.);
#12867 = EDGE_CURVE('',#12796,#12832,#12868,.T.);
#12868 = B_SPLINE_CURVE_WITH_KNOTS('',1,(#12869,#12870),.UNSPECIFIED.,
  .F.,.F.,(2,2),(0.,0.762001524003),.PIECEWISE_BEZIER_KNOTS.);
#12869 = CARTESIAN_POINT('',(3.000127000254,-4.009593599187,0.));
#12870 = CARTESIAN_POINT('',(3.000127000254,4.010406400813,0.));
#12871 = ORIENTED_EDGE('',*,*,#12795,.T.);
#12872 = ORIENTED_EDGE('',*,*,#12873,.T.);
#12873 = EDGE_CURVE('',#12798,#12834,#12874,.T.);
#12874 = B_SPLINE_CURVE_WITH_KNOTS('',1,(#12875,#12876),.UNSPECIFIED.,
  .F.,.F.,(2,2),(0.,0.762001524003),.PIECEWISE_BEZIER_KNOTS.);
#12875 = CARTESIAN_POINT('',(3.000127000254,-4.009593599187,
    0.762001524003));
#12876 = CARTESIAN_POINT('',(3.000127000254,4.010406400813,
    0.762001524003));
#12877 = ORIENTED_EDGE('',*,*,#12831,.F.);
#12878 = B_SPLINE_SURFACE_WITH_KNOTS('',1,1,(
    (#12879,#12880)
    ,(#12881,#12882
    )),.UNSPECIFIED.,.F.,.F.,.F.,(2,2),(2,2),(0.,0.762001524003),(0.,
    0.762001524003),.PIECEWISE_BEZIER_KNOTS.);
#12879 = CARTESIAN_POINT('',(3.000127000254,-4.009593599187,0.));
#12880 = CARTESIAN_POINT('',(3.000127000254,4.010406400813,0.));
#12881 = CARTESIAN_POINT('',(3.000127000254,-4.009593599187,
    0.762001524003));
#12882 = CARTESIAN_POINT('',(3.000127000254,4.010406400813,
    0.762001524003));
#12883 = ADVANCED_FACE('',(#12884),#12898,.T.);
#12884 = FACE_BOUND('',#12885,.T.);
#12885 = EDGE_LOOP('',(#12886,#12891,#12892,#12897));
#12886 = ORIENTED_EDGE('',*,*,#12887,.F.);
#12887 = EDGE_CURVE('',#12805,#12841,#12888,.T.);
#12888 = B_SPLINE_CURVE_WITH_KNOTS('',1,(#12889,#12890),.UNSPECIFIED.,
  .F.,.F.,(2,2),(0.,0.762001524003),.PIECEWISE_BEZIER_KNOTS.);
#12889 = CARTESIAN_POINT('',(-2.999872999746,-4.009593599187,0.));
#12890 = CARTESIAN_POINT('',(-2.999872999746,4.010406400813,0.));
#12891 = ORIENTED_EDGE('',*,*,#12811,.T.);
#12892 = ORIENTED_EDGE('',*,*,#12893,.T.);
#12893 = EDGE_CURVE('',#12812,#12848,#12894,.T.);
#12894 = B_SPLINE_CURVE_WITH_KNOTS('',1,(#12895,#12896),.UNSPECIFIED.,
  .F.,.F.,(2,2),(0.,0.762001524003),.PIECEWISE_BEZIER_KNOTS.);
#12895 = CARTESIAN_POINT('',(-2.999872999746,-4.009593599187,
    0.762001524003));
#12896 = CARTESIAN_POINT('',(-2.999872999746,4.010406400813,
    0.762001524003));
#12897 = ORIENTED_EDGE('',*,*,#12847,.F.);
#12898 = B_SPLINE_SURFACE_WITH_KNOTS('',1,1,(
    (#12899,#12900)
    ,(#12901,#12902
    )),.UNSPECIFIED.,.F.,.F.,.F.,(2,2),(2,2),(0.,0.762001524003),(0.,
    0.762001524003),.PIECEWISE_BEZIER_KNOTS.);
#12899 = CARTESIAN_POINT('',(-2.999872999746,-4.009593599187,0.));
#12900 = CARTESIAN_POINT('',(-2.999872999746,4.010406400813,0.));
#12901 = CARTESIAN_POINT('',(-2.999872999746,-4.009593599187,
    0.762001524003));
#12902 = CARTESIAN_POINT('',(-2.999872999746,4.010406400813,
    0.762001524003));
#12903 = ADVANCED_FACE('',(#12904),#12910,.F.);
#12904 = FACE_BOUND('',#12905,.F.);
#12905 = EDGE_LOOP('',(#12906,#12907,#12908,#12909));
#12906 = ORIENTED_EDGE('',*,*,#12804,.F.);
#12907 = ORIENTED_EDGE('',*,*,#12867,.T.);
#12908 = ORIENTED_EDGE('',*,*,#12840,.T.);
#12909 = ORIENTED_EDGE('',*,*,#12887,.F.);
#12910 = B_SPLINE_SURFACE_WITH_KNOTS('',1,1,(
    (#12911,#12912)
    ,(#12913,#12914
    )),.UNSPECIFIED.,.F.,.F.,.F.,(2,2),(2,2),(0.,0.762001524003),(0.,
    0.762001524003),.PIECEWISE_BEZIER_KNOTS.);
#12911 = CARTESIAN_POINT('',(3.000127000254,-4.009593599187,0.));
#12912 = CARTESIAN_POINT('',(-2.999872999746,-4.009593599187,0.));
#12913 = CARTESIAN_POINT('',(3.000127000254,4.010406400813,0.));
#12914 = CARTESIAN_POINT('',(-2.999872999746,4.010406400813,0.));
#12915 = ADVANCED_FACE('',(#12916),#12922,.T.);
#12916 = FACE_BOUND('',#12917,.T.);
#12917 = EDGE_LOOP('',(#12918,#12919,#12920,#12921));
#12918 = ORIENTED_EDGE('',*,*,#12818,.F.);
#12919 = ORIENTED_EDGE('',*,*,#12873,.T.);
#12920 = ORIENTED_EDGE('',*,*,#12854,.T.);
#12921 = ORIENTED_EDGE('',*,*,#12893,.F.);
#12922 = B_SPLINE_SURFACE_WITH_KNOTS('',1,1,(
    (#12923,#12924)
    ,(#12925,#12926
    )),.UNSPECIFIED.,.F.,.F.,.F.,(2,2),(2,2),(0.,0.762001524003),(0.,
    0.762001524003),.PIECEWISE_BEZIER_KNOTS.);
#12923 = CARTESIAN_POINT('',(3.000127000254,-4.009593599187,
    0.762001524003));
#12924 = CARTESIAN_POINT('',(-2.999872999746,-4.009593599187,
    0.762001524003));
#12925 = CARTESIAN_POINT('',(3.000127000254,4.010406400813,
    0.762001524003));
#12926 = CARTESIAN_POINT('',(-2.999872999746,4.010406400813,
    0.762001524003));
#12927 = ( GEOMETRIC_REPRESENTATION_CONTEXT(3) 
GLOBAL_UNCERTAINTY_ASSIGNED_CONTEXT((#12931)) 
GLOBAL_UNIT_ASSIGNED_CONTEXT((#12928,#12929,#12930)) 
REPRESENTATION_CONTEXT('Context #1',
  '3D Context with UNIT and UNCERTAINTY') );
#12928 = ( LENGTH_UNIT() NAMED_UNIT(*) SI_UNIT(.MILLI.,.METRE.) );
#12929 = ( NAMED_UNIT(*) PLANE_ANGLE_UNIT() SI_UNIT($,.RADIAN.) );
#12930 = ( NAMED_UNIT(*) SI_UNIT($,.STERADIAN.) SOLID_ANGLE_UNIT() );
#12931 = UNCERTAINTY_MEASURE_WITH_UNIT(LENGTH_MEASURE(1.E-06),#12928,
  'distance_accuracy_value','confusion accuracy');
#12932 = CONTEXT_DEPENDENT_SHAPE_REPRESENTATION(#12933,#12935);
#12933 = ( REPRESENTATION_RELATIONSHIP('','',#12788,#12765) 
REPRESENTATION_RELATIONSHIP_WITH_TRANSFORMATION(#12934) 
SHAPE_REPRESENTATION_RELATIONSHIP() );
#12934 = ITEM_DEFINED_TRANSFORMATION('','',#11,#12766);
#12935 = PRODUCT_DEFINITION_SHAPE('Placement','Placement of an item',
  #12936);
#12936 = NEXT_ASSEMBLY_USAGE_OCCURRENCE('400','=>[0:1:1:79]','',#12760,
  #12783,$);
#12937 = PRODUCT_RELATED_PRODUCT_CATEGORY('part',$,(#12785));
#12938 = SHAPE_DEFINITION_REPRESENTATION(#12939,#12945);
#12939 = PRODUCT_DEFINITION_SHAPE('','',#12940);
#12940 = PRODUCT_DEFINITION('design','',#12941,#12944);
#12941 = PRODUCT_DEFINITION_FORMATION('','',#12942);
#12942 = PRODUCT(
'U44~VQFN-40_L6.0-W6.0-P0.50-TL-EP4.5~VQFN-40_
L6.0-W6.0-P0.50-TL-EP4.5~5ZeZ',
'U44~VQFN-40_L6.0-W6.0-P0.50-TL-EP4.5~VQFN-40_
L6.0-W6.0-P0.50-TL-EP4.5~5ZeZ','',(#12943));
#12943 = PRODUCT_CONTEXT('',#2,'mechanical');
#12944 = PRODUCT_DEFINITION_CONTEXT('part definition',#2,'design');
#12945 = SHAPE_REPRESENTATION('',(#11,#12946),#12950);
#12946 = AXIS2_PLACEMENT_3D('',#12947,#12948,#12949);
#12947 = CARTESIAN_POINT('',(0.,0.,0.));
#12948 = DIRECTION('',(0.,0.,1.));
#12949 = DIRECTION('',(1.,0.,-0.));
#12950 = ( GEOMETRIC_REPRESENTATION_CONTEXT(3) 
GLOBAL_UNCERTAINTY_ASSIGNED_CONTEXT((#12954)) 
GLOBAL_UNIT_ASSIGNED_CONTEXT((#12951,#12952,#12953)) 
REPRESENTATION_CONTEXT('Context #1',
  '3D Context with UNIT and UNCERTAINTY') );
#12951 = ( LENGTH_UNIT() NAMED_UNIT(*) SI_UNIT(.MILLI.,.METRE.) );
#12952 = ( NAMED_UNIT(*) PLANE_ANGLE_UNIT() SI_UNIT($,.RADIAN.) );
#12953 = ( NAMED_UNIT(*) SI_UNIT($,.STERADIAN.) SOLID_ANGLE_UNIT() );
#12954 = UNCERTAINTY_MEASURE_WITH_UNIT(LENGTH_MEASURE(1.E-06),#12951,
  'distance_accuracy_value','confusion accuracy');
#12955 = CONTEXT_DEPENDENT_SHAPE_REPRESENTATION(#12956,#12958);
#12956 = ( REPRESENTATION_RELATIONSHIP('','',#12945,#10) 
REPRESENTATION_RELATIONSHIP_WITH_TRANSFORMATION(#12957) 
SHAPE_REPRESENTATION_RELATIONSHIP() );
#12957 = ITEM_DEFINED_TRANSFORMATION('','',#11,#1471);
#12958 = PRODUCT_DEFINITION_SHAPE('Placement','Placement of an item',
  #12959);
#12959 = NEXT_ASSEMBLY_USAGE_OCCURRENCE('403','=>[0:1:1:82]','',#5,
  #12940,$);
#12960 = PRODUCT_RELATED_PRODUCT_CATEGORY('part',$,(#12942));
#12961 = SHAPE_DEFINITION_REPRESENTATION(#12962,#12968);
#12962 = PRODUCT_DEFINITION_SHAPE('','',#12963);
#12963 = PRODUCT_DEFINITION('design','',#12964,#12967);
#12964 = PRODUCT_DEFINITION_FORMATION('','',#12965);
#12965 = PRODUCT(
'VQFN-40_L6.0-W6.0-P0.50-TL-EP4.5~VQFN-40_L6.0-W6.0-P0.50-TL-EP4.5~5ZeZ'
  ,
'VQFN-40_L6.0-W6.0-P0.50-TL-EP4.5~VQFN-40_L6.0-W6.0-P0.50-TL-EP4.5~5ZeZ'
  ,'',(#12966));
#12966 = PRODUCT_CONTEXT('',#2,'mechanical');
#12967 = PRODUCT_DEFINITION_CONTEXT('part definition',#2,'design');
#12968 = ADVANCED_BREP_SHAPE_REPRESENTATION('',(#11,#12969),#13107);
#12969 = MANIFOLD_SOLID_BREP('',#12970);
#12970 = CLOSED_SHELL('',(#12971,#13007,#13043,#13063,#13083,#13095));
#12971 = ADVANCED_FACE('',(#12972),#13002,.F.);
#12972 = FACE_BOUND('',#12973,.F.);
#12973 = EDGE_LOOP('',(#12974,#12983,#12990,#12997));
#12974 = ORIENTED_EDGE('',*,*,#12975,.F.);
#12975 = EDGE_CURVE('',#12976,#12978,#12980,.T.);
#12976 = VERTEX_POINT('',#12977);
#12977 = CARTESIAN_POINT('',(-3.00999491999,-3.00999491999,0.));
#12978 = VERTEX_POINT('',#12979);
#12979 = CARTESIAN_POINT('',(-3.00999491999,-3.00999491999,
    0.762001524003));
#12980 = B_SPLINE_CURVE_WITH_KNOTS('',1,(#12981,#12982),.UNSPECIFIED.,
  .F.,.F.,(2,2),(0.,0.762001524003),.PIECEWISE_BEZIER_KNOTS.);
#12981 = CARTESIAN_POINT('',(-3.00999491999,-3.00999491999,0.));
#12982 = CARTESIAN_POINT('',(-3.00999491999,-3.00999491999,
    0.762001524003));
#12983 = ORIENTED_EDGE('',*,*,#12984,.T.);
#12984 = EDGE_CURVE('',#12976,#12985,#12987,.T.);
#12985 = VERTEX_POINT('',#12986);
#12986 = CARTESIAN_POINT('',(-3.00999491999,3.00999491999,0.));
#12987 = B_SPLINE_CURVE_WITH_KNOTS('',1,(#12988,#12989),.UNSPECIFIED.,
  .F.,.F.,(2,2),(0.,0.762001524003),.PIECEWISE_BEZIER_KNOTS.);
#12988 = CARTESIAN_POINT('',(-3.00999491999,-3.00999491999,0.));
#12989 = CARTESIAN_POINT('',(-3.00999491999,3.00999491999,0.));
#12990 = ORIENTED_EDGE('',*,*,#12991,.T.);
#12991 = EDGE_CURVE('',#12985,#12992,#12994,.T.);
#12992 = VERTEX_POINT('',#12993);
#12993 = CARTESIAN_POINT('',(-3.00999491999,3.00999491999,0.762001524003
    ));
#12994 = B_SPLINE_CURVE_WITH_KNOTS('',1,(#12995,#12996),.UNSPECIFIED.,
  .F.,.F.,(2,2),(0.,0.762001524003),.PIECEWISE_BEZIER_KNOTS.);
#12995 = CARTESIAN_POINT('',(-3.00999491999,3.00999491999,0.));
#12996 = CARTESIAN_POINT('',(-3.00999491999,3.00999491999,0.762001524003
    ));
#12997 = ORIENTED_EDGE('',*,*,#12998,.F.);
#12998 = EDGE_CURVE('',#12978,#12992,#12999,.T.);
#12999 = B_SPLINE_CURVE_WITH_KNOTS('',1,(#13000,#13001),.UNSPECIFIED.,
  .F.,.F.,(2,2),(0.,0.762001524003),.PIECEWISE_BEZIER_KNOTS.);
#13000 = CARTESIAN_POINT('',(-3.00999491999,-3.00999491999,
    0.762001524003));
#13001 = CARTESIAN_POINT('',(-3.00999491999,3.00999491999,0.762001524003
    ));
#13002 = B_SPLINE_SURFACE_WITH_KNOTS('',1,1,(
    (#13003,#13004)
    ,(#13005,#13006
    )),.UNSPECIFIED.,.F.,.F.,.F.,(2,2),(2,2),(0.,0.762001524003),(
    -0.762001524003,0.),.PIECEWISE_BEZIER_KNOTS.);
#13003 = CARTESIAN_POINT('',(-3.00999491999,3.00999491999,0.));
#13004 = CARTESIAN_POINT('',(-3.00999491999,-3.00999491999,0.));
#13005 = CARTESIAN_POINT('',(-3.00999491999,3.00999491999,0.762001524003
    ));
#13006 = CARTESIAN_POINT('',(-3.00999491999,-3.00999491999,
    0.762001524003));
#13007 = ADVANCED_FACE('',(#13008),#13038,.T.);
#13008 = FACE_BOUND('',#13009,.T.);
#13009 = EDGE_LOOP('',(#13010,#13019,#13026,#13033));
#13010 = ORIENTED_EDGE('',*,*,#13011,.F.);
#13011 = EDGE_CURVE('',#13012,#13014,#13016,.T.);
#13012 = VERTEX_POINT('',#13013);
#13013 = CARTESIAN_POINT('',(3.00999491999,-3.00999491999,0.));
#13014 = VERTEX_POINT('',#13015);
#13015 = CARTESIAN_POINT('',(3.00999491999,-3.00999491999,0.762001524003
    ));
#13016 = B_SPLINE_CURVE_WITH_KNOTS('',1,(#13017,#13018),.UNSPECIFIED.,
  .F.,.F.,(2,2),(0.,0.762001524003),.PIECEWISE_BEZIER_KNOTS.);
#13017 = CARTESIAN_POINT('',(3.00999491999,-3.00999491999,0.));
#13018 = CARTESIAN_POINT('',(3.00999491999,-3.00999491999,0.762001524003
    ));
#13019 = ORIENTED_EDGE('',*,*,#13020,.T.);
#13020 = EDGE_CURVE('',#13012,#13021,#13023,.T.);
#13021 = VERTEX_POINT('',#13022);
#13022 = CARTESIAN_POINT('',(3.00999491999,3.00999491999,0.));
#13023 = B_SPLINE_CURVE_WITH_KNOTS('',1,(#13024,#13025),.UNSPECIFIED.,
  .F.,.F.,(2,2),(0.,0.762001524003),.PIECEWISE_BEZIER_KNOTS.);
#13024 = CARTESIAN_POINT('',(3.00999491999,-3.00999491999,0.));
#13025 = CARTESIAN_POINT('',(3.00999491999,3.00999491999,0.));
#13026 = ORIENTED_EDGE('',*,*,#13027,.T.);
#13027 = EDGE_CURVE('',#13021,#13028,#13030,.T.);
#13028 = VERTEX_POINT('',#13029);
#13029 = CARTESIAN_POINT('',(3.00999491999,3.00999491999,0.762001524003)
  );
#13030 = B_SPLINE_CURVE_WITH_KNOTS('',1,(#13031,#13032),.UNSPECIFIED.,
  .F.,.F.,(2,2),(0.,0.762001524003),.PIECEWISE_BEZIER_KNOTS.);
#13031 = CARTESIAN_POINT('',(3.00999491999,3.00999491999,0.));
#13032 = CARTESIAN_POINT('',(3.00999491999,3.00999491999,0.762001524003)
  );
#13033 = ORIENTED_EDGE('',*,*,#13034,.F.);
#13034 = EDGE_CURVE('',#13014,#13028,#13035,.T.);
#13035 = B_SPLINE_CURVE_WITH_KNOTS('',1,(#13036,#13037),.UNSPECIFIED.,
  .F.,.F.,(2,2),(0.,0.762001524003),.PIECEWISE_BEZIER_KNOTS.);
#13036 = CARTESIAN_POINT('',(3.00999491999,-3.00999491999,0.762001524003
    ));
#13037 = CARTESIAN_POINT('',(3.00999491999,3.00999491999,0.762001524003)
  );
#13038 = B_SPLINE_SURFACE_WITH_KNOTS('',1,1,(
    (#13039,#13040)
    ,(#13041,#13042
    )),.UNSPECIFIED.,.F.,.F.,.F.,(2,2),(2,2),(0.,0.762001524003),(
    -0.762001524003,0.),.PIECEWISE_BEZIER_KNOTS.);
#13039 = CARTESIAN_POINT('',(3.00999491999,3.00999491999,0.));
#13040 = CARTESIAN_POINT('',(3.00999491999,-3.00999491999,0.));
#13041 = CARTESIAN_POINT('',(3.00999491999,3.00999491999,0.762001524003)
  );
#13042 = CARTESIAN_POINT('',(3.00999491999,-3.00999491999,0.762001524003
    ));
#13043 = ADVANCED_FACE('',(#13044),#13058,.F.);
#13044 = FACE_BOUND('',#13045,.F.);
#13045 = EDGE_LOOP('',(#13046,#13051,#13052,#13057));
#13046 = ORIENTED_EDGE('',*,*,#13047,.F.);
#13047 = EDGE_CURVE('',#12976,#13012,#13048,.T.);
#13048 = B_SPLINE_CURVE_WITH_KNOTS('',1,(#13049,#13050),.UNSPECIFIED.,
  .F.,.F.,(2,2),(0.,0.762001524003),.PIECEWISE_BEZIER_KNOTS.);
#13049 = CARTESIAN_POINT('',(-3.00999491999,-3.00999491999,0.));
#13050 = CARTESIAN_POINT('',(3.00999491999,-3.00999491999,0.));
#13051 = ORIENTED_EDGE('',*,*,#12975,.T.);
#13052 = ORIENTED_EDGE('',*,*,#13053,.T.);
#13053 = EDGE_CURVE('',#12978,#13014,#13054,.T.);
#13054 = B_SPLINE_CURVE_WITH_KNOTS('',1,(#13055,#13056),.UNSPECIFIED.,
  .F.,.F.,(2,2),(0.,0.762001524003),.PIECEWISE_BEZIER_KNOTS.);
#13055 = CARTESIAN_POINT('',(-3.00999491999,-3.00999491999,
    0.762001524003));
#13056 = CARTESIAN_POINT('',(3.00999491999,-3.00999491999,0.762001524003
    ));
#13057 = ORIENTED_EDGE('',*,*,#13011,.F.);
#13058 = B_SPLINE_SURFACE_WITH_KNOTS('',1,1,(
    (#13059,#13060)
    ,(#13061,#13062
    )),.UNSPECIFIED.,.F.,.F.,.F.,(2,2),(2,2),(0.,0.762001524003),(0.,
    0.762001524003),.PIECEWISE_BEZIER_KNOTS.);
#13059 = CARTESIAN_POINT('',(-3.00999491999,-3.00999491999,0.));
#13060 = CARTESIAN_POINT('',(3.00999491999,-3.00999491999,0.));
#13061 = CARTESIAN_POINT('',(-3.00999491999,-3.00999491999,
    0.762001524003));
#13062 = CARTESIAN_POINT('',(3.00999491999,-3.00999491999,0.762001524003
    ));
#13063 = ADVANCED_FACE('',(#13064),#13078,.T.);
#13064 = FACE_BOUND('',#13065,.T.);
#13065 = EDGE_LOOP('',(#13066,#13071,#13072,#13077));
#13066 = ORIENTED_EDGE('',*,*,#13067,.F.);
#13067 = EDGE_CURVE('',#12985,#13021,#13068,.T.);
#13068 = B_SPLINE_CURVE_WITH_KNOTS('',1,(#13069,#13070),.UNSPECIFIED.,
  .F.,.F.,(2,2),(0.,0.762001524003),.PIECEWISE_BEZIER_KNOTS.);
#13069 = CARTESIAN_POINT('',(-3.00999491999,3.00999491999,0.));
#13070 = CARTESIAN_POINT('',(3.00999491999,3.00999491999,0.));
#13071 = ORIENTED_EDGE('',*,*,#12991,.T.);
#13072 = ORIENTED_EDGE('',*,*,#13073,.T.);
#13073 = EDGE_CURVE('',#12992,#13028,#13074,.T.);
#13074 = B_SPLINE_CURVE_WITH_KNOTS('',1,(#13075,#13076),.UNSPECIFIED.,
  .F.,.F.,(2,2),(0.,0.762001524003),.PIECEWISE_BEZIER_KNOTS.);
#13075 = CARTESIAN_POINT('',(-3.00999491999,3.00999491999,0.762001524003
    ));
#13076 = CARTESIAN_POINT('',(3.00999491999,3.00999491999,0.762001524003)
  );
#13077 = ORIENTED_EDGE('',*,*,#13027,.F.);
#13078 = B_SPLINE_SURFACE_WITH_KNOTS('',1,1,(
    (#13079,#13080)
    ,(#13081,#13082
    )),.UNSPECIFIED.,.F.,.F.,.F.,(2,2),(2,2),(0.,0.762001524003),(0.,
    0.762001524003),.PIECEWISE_BEZIER_KNOTS.);
#13079 = CARTESIAN_POINT('',(-3.00999491999,3.00999491999,0.));
#13080 = CARTESIAN_POINT('',(3.00999491999,3.00999491999,0.));
#13081 = CARTESIAN_POINT('',(-3.00999491999,3.00999491999,0.762001524003
    ));
#13082 = CARTESIAN_POINT('',(3.00999491999,3.00999491999,0.762001524003)
  );
#13083 = ADVANCED_FACE('',(#13084),#13090,.F.);
#13084 = FACE_BOUND('',#13085,.F.);
#13085 = EDGE_LOOP('',(#13086,#13087,#13088,#13089));
#13086 = ORIENTED_EDGE('',*,*,#12984,.F.);
#13087 = ORIENTED_EDGE('',*,*,#13047,.T.);
#13088 = ORIENTED_EDGE('',*,*,#13020,.T.);
#13089 = ORIENTED_EDGE('',*,*,#13067,.F.);
#13090 = B_SPLINE_SURFACE_WITH_KNOTS('',1,1,(
    (#13091,#13092)
    ,(#13093,#13094
    )),.UNSPECIFIED.,.F.,.F.,.F.,(2,2),(2,2),(0.,0.762001524003),(0.,
    0.762001524003),.PIECEWISE_BEZIER_KNOTS.);
#13091 = CARTESIAN_POINT('',(-3.00999491999,-3.00999491999,0.));
#13092 = CARTESIAN_POINT('',(-3.00999491999,3.00999491999,0.));
#13093 = CARTESIAN_POINT('',(3.00999491999,-3.00999491999,0.));
#13094 = CARTESIAN_POINT('',(3.00999491999,3.00999491999,0.));
#13095 = ADVANCED_FACE('',(#13096),#13102,.T.);
#13096 = FACE_BOUND('',#13097,.T.);
#13097 = EDGE_LOOP('',(#13098,#13099,#13100,#13101));
#13098 = ORIENTED_EDGE('',*,*,#12998,.F.);
#13099 = ORIENTED_EDGE('',*,*,#13053,.T.);
#13100 = ORIENTED_EDGE('',*,*,#13034,.T.);
#13101 = ORIENTED_EDGE('',*,*,#13073,.F.);
#13102 = B_SPLINE_SURFACE_WITH_KNOTS('',1,1,(
    (#13103,#13104)
    ,(#13105,#13106
    )),.UNSPECIFIED.,.F.,.F.,.F.,(2,2),(2,2),(0.,0.762001524003),(0.,
    0.762001524003),.PIECEWISE_BEZIER_KNOTS.);
#13103 = CARTESIAN_POINT('',(-3.00999491999,-3.00999491999,
    0.762001524003));
#13104 = CARTESIAN_POINT('',(-3.00999491999,3.00999491999,0.762001524003
    ));
#13105 = CARTESIAN_POINT('',(3.00999491999,-3.00999491999,0.762001524003
    ));
#13106 = CARTESIAN_POINT('',(3.00999491999,3.00999491999,0.762001524003)
  );
#13107 = ( GEOMETRIC_REPRESENTATION_CONTEXT(3) 
GLOBAL_UNCERTAINTY_ASSIGNED_CONTEXT((#13111)) 
GLOBAL_UNIT_ASSIGNED_CONTEXT((#13108,#13109,#13110)) 
REPRESENTATION_CONTEXT('Context #1',
  '3D Context with UNIT and UNCERTAINTY') );
#13108 = ( LENGTH_UNIT() NAMED_UNIT(*) SI_UNIT(.MILLI.,.METRE.) );
#13109 = ( NAMED_UNIT(*) PLANE_ANGLE_UNIT() SI_UNIT($,.RADIAN.) );
#13110 = ( NAMED_UNIT(*) SI_UNIT($,.STERADIAN.) SOLID_ANGLE_UNIT() );
#13111 = UNCERTAINTY_MEASURE_WITH_UNIT(LENGTH_MEASURE(1.E-06),#13108,
  'distance_accuracy_value','confusion accuracy');
#13112 = CONTEXT_DEPENDENT_SHAPE_REPRESENTATION(#13113,#13115);
#13113 = ( REPRESENTATION_RELATIONSHIP('','',#12968,#12945) 
REPRESENTATION_RELATIONSHIP_WITH_TRANSFORMATION(#13114) 
SHAPE_REPRESENTATION_RELATIONSHIP() );
#13114 = ITEM_DEFINED_TRANSFORMATION('','',#11,#12946);
#13115 = PRODUCT_DEFINITION_SHAPE('Placement','Placement of an item',
  #13116);
#13116 = NEXT_ASSEMBLY_USAGE_OCCURRENCE('402','=>[0:1:1:81]','',#12940,
  #12963,$);
#13117 = PRODUCT_RELATED_PRODUCT_CATEGORY('part',$,(#12965));
#13118 = SHAPE_DEFINITION_REPRESENTATION(#13119,#13125);
#13119 = PRODUCT_DEFINITION_SHAPE('','',#13120);
#13120 = PRODUCT_DEFINITION('design','',#13121,#13124);
#13121 = PRODUCT_DEFINITION_FORMATION('','',#13122);
#13122 = PRODUCT(
'OSC1~OSC-SMD_4P-L3.2-W2.5-CJ13-320001210A20~OSC-SMD_
4P-L3.2-W2.5-CJ13-320001210A20~5ZeZ',
'OSC1~OSC-SMD_4P-L3.2-W2.5-CJ13-320001210A20~OSC-SMD_
4P-L3.2-W2.5-CJ13-320001210A20~5ZeZ','',(#13123));
#13123 = PRODUCT_CONTEXT('',#2,'mechanical');
#13124 = PRODUCT_DEFINITION_CONTEXT('part definition',#2,'design');
#13125 = SHAPE_REPRESENTATION('',(#11,#13126),#13130);
#13126 = AXIS2_PLACEMENT_3D('',#13127,#13128,#13129);
#13127 = CARTESIAN_POINT('',(0.,0.,0.));
#13128 = DIRECTION('',(0.,0.,1.));
#13129 = DIRECTION('',(1.,0.,-0.));
#13130 = ( GEOMETRIC_REPRESENTATION_CONTEXT(3) 
GLOBAL_UNCERTAINTY_ASSIGNED_CONTEXT((#13134)) 
GLOBAL_UNIT_ASSIGNED_CONTEXT((#13131,#13132,#13133)) 
REPRESENTATION_CONTEXT('Context #1',
  '3D Context with UNIT and UNCERTAINTY') );
#13131 = ( LENGTH_UNIT() NAMED_UNIT(*) SI_UNIT(.MILLI.,.METRE.) );
#13132 = ( NAMED_UNIT(*) PLANE_ANGLE_UNIT() SI_UNIT($,.RADIAN.) );
#13133 = ( NAMED_UNIT(*) SI_UNIT($,.STERADIAN.) SOLID_ANGLE_UNIT() );
#13134 = UNCERTAINTY_MEASURE_WITH_UNIT(LENGTH_MEASURE(5.E-07),#13131,
  'distance_accuracy_value','confusion accuracy');
#13135 = CONTEXT_DEPENDENT_SHAPE_REPRESENTATION(#13136,#13138);
#13136 = ( REPRESENTATION_RELATIONSHIP('','',#13125,#10) 
REPRESENTATION_RELATIONSHIP_WITH_TRANSFORMATION(#13137) 
SHAPE_REPRESENTATION_RELATIONSHIP() );
#13137 = ITEM_DEFINED_TRANSFORMATION('','',#11,#1475);
#13138 = PRODUCT_DEFINITION_SHAPE('Placement','Placement of an item',
  #13139);
#13139 = NEXT_ASSEMBLY_USAGE_OCCURRENCE('405','=>[0:1:1:84]','',#5,
  #13120,$);
#13140 = PRODUCT_RELATED_PRODUCT_CATEGORY('part',$,(#13122));
#13141 = SHAPE_DEFINITION_REPRESENTATION(#13142,#13148);
#13142 = PRODUCT_DEFINITION_SHAPE('','',#13143);
#13143 = PRODUCT_DEFINITION('design','',#13144,#13147);
#13144 = PRODUCT_DEFINITION_FORMATION('','',#13145);
#13145 = PRODUCT(
'OSC-SMD_4P-L3.2-W2.5-CJ13-320001210A20~OSC-SMD_
4P-L3.2-W2.5-CJ13-320001210A20~5ZeZ',
'OSC-SMD_4P-L3.2-W2.5-CJ13-320001210A20~OSC-SMD_
4P-L3.2-W2.5-CJ13-320001210A20~5ZeZ','',(#13146));
#13146 = PRODUCT_CONTEXT('',#2,'mechanical');
#13147 = PRODUCT_DEFINITION_CONTEXT('part definition',#2,'design');
#13148 = ADVANCED_BREP_SHAPE_REPRESENTATION('',(#11,#13149),#13287);
#13149 = MANIFOLD_SOLID_BREP('',#13150);
#13150 = CLOSED_SHELL('',(#13151,#13187,#13223,#13243,#13263,#13275));
#13151 = ADVANCED_FACE('',(#13152),#13182,.F.);
#13152 = FACE_BOUND('',#13153,.F.);
#13153 = EDGE_LOOP('',(#13154,#13163,#13170,#13177));
#13154 = ORIENTED_EDGE('',*,*,#13155,.F.);
#13155 = EDGE_CURVE('',#13156,#13158,#13160,.T.);
#13156 = VERTEX_POINT('',#13157);
#13157 = CARTESIAN_POINT('',(-1.6,-1.25,0.));
#13158 = VERTEX_POINT('',#13159);
#13159 = CARTESIAN_POINT('',(-1.6,-1.25,0.762001524003));
#13160 = B_SPLINE_CURVE_WITH_KNOTS('',1,(#13161,#13162),.UNSPECIFIED.,
  .F.,.F.,(2,2),(0.,0.762001524003),.PIECEWISE_BEZIER_KNOTS.);
#13161 = CARTESIAN_POINT('',(-1.6,-1.25,0.));
#13162 = CARTESIAN_POINT('',(-1.6,-1.25,0.762001524003));
#13163 = ORIENTED_EDGE('',*,*,#13164,.T.);
#13164 = EDGE_CURVE('',#13156,#13165,#13167,.T.);
#13165 = VERTEX_POINT('',#13166);
#13166 = CARTESIAN_POINT('',(-1.6,1.25,0.));
#13167 = B_SPLINE_CURVE_WITH_KNOTS('',1,(#13168,#13169),.UNSPECIFIED.,
  .F.,.F.,(2,2),(0.,0.762001524003),.PIECEWISE_BEZIER_KNOTS.);
#13168 = CARTESIAN_POINT('',(-1.6,-1.25,0.));
#13169 = CARTESIAN_POINT('',(-1.6,1.25,0.));
#13170 = ORIENTED_EDGE('',*,*,#13171,.T.);
#13171 = EDGE_CURVE('',#13165,#13172,#13174,.T.);
#13172 = VERTEX_POINT('',#13173);
#13173 = CARTESIAN_POINT('',(-1.6,1.25,0.762001524003));
#13174 = B_SPLINE_CURVE_WITH_KNOTS('',1,(#13175,#13176),.UNSPECIFIED.,
  .F.,.F.,(2,2),(0.,0.762001524003),.PIECEWISE_BEZIER_KNOTS.);
#13175 = CARTESIAN_POINT('',(-1.6,1.25,0.));
#13176 = CARTESIAN_POINT('',(-1.6,1.25,0.762001524003));
#13177 = ORIENTED_EDGE('',*,*,#13178,.F.);
#13178 = EDGE_CURVE('',#13158,#13172,#13179,.T.);
#13179 = B_SPLINE_CURVE_WITH_KNOTS('',1,(#13180,#13181),.UNSPECIFIED.,
  .F.,.F.,(2,2),(0.,0.762001524003),.PIECEWISE_BEZIER_KNOTS.);
#13180 = CARTESIAN_POINT('',(-1.6,-1.25,0.762001524003));
#13181 = CARTESIAN_POINT('',(-1.6,1.25,0.762001524003));
#13182 = B_SPLINE_SURFACE_WITH_KNOTS('',1,1,(
    (#13183,#13184)
    ,(#13185,#13186
    )),.UNSPECIFIED.,.F.,.F.,.F.,(2,2),(2,2),(0.,0.762001524003),(
    -0.762001524003,0.),.PIECEWISE_BEZIER_KNOTS.);
#13183 = CARTESIAN_POINT('',(-1.6,1.25,0.));
#13184 = CARTESIAN_POINT('',(-1.6,-1.25,0.));
#13185 = CARTESIAN_POINT('',(-1.6,1.25,0.762001524003));
#13186 = CARTESIAN_POINT('',(-1.6,-1.25,0.762001524003));
#13187 = ADVANCED_FACE('',(#13188),#13218,.T.);
#13188 = FACE_BOUND('',#13189,.T.);
#13189 = EDGE_LOOP('',(#13190,#13199,#13206,#13213));
#13190 = ORIENTED_EDGE('',*,*,#13191,.F.);
#13191 = EDGE_CURVE('',#13192,#13194,#13196,.T.);
#13192 = VERTEX_POINT('',#13193);
#13193 = CARTESIAN_POINT('',(1.6,-1.25,0.));
#13194 = VERTEX_POINT('',#13195);
#13195 = CARTESIAN_POINT('',(1.6,-1.25,0.762001524003));
#13196 = B_SPLINE_CURVE_WITH_KNOTS('',1,(#13197,#13198),.UNSPECIFIED.,
  .F.,.F.,(2,2),(0.,0.762001524003),.PIECEWISE_BEZIER_KNOTS.);
#13197 = CARTESIAN_POINT('',(1.6,-1.25,0.));
#13198 = CARTESIAN_POINT('',(1.6,-1.25,0.762001524003));
#13199 = ORIENTED_EDGE('',*,*,#13200,.T.);
#13200 = EDGE_CURVE('',#13192,#13201,#13203,.T.);
#13201 = VERTEX_POINT('',#13202);
#13202 = CARTESIAN_POINT('',(1.6,1.25,0.));
#13203 = B_SPLINE_CURVE_WITH_KNOTS('',1,(#13204,#13205),.UNSPECIFIED.,
  .F.,.F.,(2,2),(0.,0.762001524003),.PIECEWISE_BEZIER_KNOTS.);
#13204 = CARTESIAN_POINT('',(1.6,-1.25,0.));
#13205 = CARTESIAN_POINT('',(1.6,1.25,0.));
#13206 = ORIENTED_EDGE('',*,*,#13207,.T.);
#13207 = EDGE_CURVE('',#13201,#13208,#13210,.T.);
#13208 = VERTEX_POINT('',#13209);
#13209 = CARTESIAN_POINT('',(1.6,1.25,0.762001524003));
#13210 = B_SPLINE_CURVE_WITH_KNOTS('',1,(#13211,#13212),.UNSPECIFIED.,
  .F.,.F.,(2,2),(0.,0.762001524003),.PIECEWISE_BEZIER_KNOTS.);
#13211 = CARTESIAN_POINT('',(1.6,1.25,0.));
#13212 = CARTESIAN_POINT('',(1.6,1.25,0.762001524003));
#13213 = ORIENTED_EDGE('',*,*,#13214,.F.);
#13214 = EDGE_CURVE('',#13194,#13208,#13215,.T.);
#13215 = B_SPLINE_CURVE_WITH_KNOTS('',1,(#13216,#13217),.UNSPECIFIED.,
  .F.,.F.,(2,2),(0.,0.762001524003),.PIECEWISE_BEZIER_KNOTS.);
#13216 = CARTESIAN_POINT('',(1.6,-1.25,0.762001524003));
#13217 = CARTESIAN_POINT('',(1.6,1.25,0.762001524003));
#13218 = B_SPLINE_SURFACE_WITH_KNOTS('',1,1,(
    (#13219,#13220)
    ,(#13221,#13222
    )),.UNSPECIFIED.,.F.,.F.,.F.,(2,2),(2,2),(0.,0.762001524003),(
    -0.762001524003,0.),.PIECEWISE_BEZIER_KNOTS.);
#13219 = CARTESIAN_POINT('',(1.6,1.25,0.));
#13220 = CARTESIAN_POINT('',(1.6,-1.25,0.));
#13221 = CARTESIAN_POINT('',(1.6,1.25,0.762001524003));
#13222 = CARTESIAN_POINT('',(1.6,-1.25,0.762001524003));
#13223 = ADVANCED_FACE('',(#13224),#13238,.F.);
#13224 = FACE_BOUND('',#13225,.F.);
#13225 = EDGE_LOOP('',(#13226,#13231,#13232,#13237));
#13226 = ORIENTED_EDGE('',*,*,#13227,.F.);
#13227 = EDGE_CURVE('',#13156,#13192,#13228,.T.);
#13228 = B_SPLINE_CURVE_WITH_KNOTS('',1,(#13229,#13230),.UNSPECIFIED.,
  .F.,.F.,(2,2),(0.,0.762001524003),.PIECEWISE_BEZIER_KNOTS.);
#13229 = CARTESIAN_POINT('',(-1.6,-1.25,0.));
#13230 = CARTESIAN_POINT('',(1.6,-1.25,0.));
#13231 = ORIENTED_EDGE('',*,*,#13155,.T.);
#13232 = ORIENTED_EDGE('',*,*,#13233,.T.);
#13233 = EDGE_CURVE('',#13158,#13194,#13234,.T.);
#13234 = B_SPLINE_CURVE_WITH_KNOTS('',1,(#13235,#13236),.UNSPECIFIED.,
  .F.,.F.,(2,2),(0.,0.762001524003),.PIECEWISE_BEZIER_KNOTS.);
#13235 = CARTESIAN_POINT('',(-1.6,-1.25,0.762001524003));
#13236 = CARTESIAN_POINT('',(1.6,-1.25,0.762001524003));
#13237 = ORIENTED_EDGE('',*,*,#13191,.F.);
#13238 = B_SPLINE_SURFACE_WITH_KNOTS('',1,1,(
    (#13239,#13240)
    ,(#13241,#13242
    )),.UNSPECIFIED.,.F.,.F.,.F.,(2,2),(2,2),(0.,0.762001524003),(0.,
    0.762001524003),.PIECEWISE_BEZIER_KNOTS.);
#13239 = CARTESIAN_POINT('',(-1.6,-1.25,0.));
#13240 = CARTESIAN_POINT('',(1.6,-1.25,0.));
#13241 = CARTESIAN_POINT('',(-1.6,-1.25,0.762001524003));
#13242 = CARTESIAN_POINT('',(1.6,-1.25,0.762001524003));
#13243 = ADVANCED_FACE('',(#13244),#13258,.T.);
#13244 = FACE_BOUND('',#13245,.T.);
#13245 = EDGE_LOOP('',(#13246,#13251,#13252,#13257));
#13246 = ORIENTED_EDGE('',*,*,#13247,.F.);
#13247 = EDGE_CURVE('',#13165,#13201,#13248,.T.);
#13248 = B_SPLINE_CURVE_WITH_KNOTS('',1,(#13249,#13250),.UNSPECIFIED.,
  .F.,.F.,(2,2),(0.,0.762001524003),.PIECEWISE_BEZIER_KNOTS.);
#13249 = CARTESIAN_POINT('',(-1.6,1.25,0.));
#13250 = CARTESIAN_POINT('',(1.6,1.25,0.));
#13251 = ORIENTED_EDGE('',*,*,#13171,.T.);
#13252 = ORIENTED_EDGE('',*,*,#13253,.T.);
#13253 = EDGE_CURVE('',#13172,#13208,#13254,.T.);
#13254 = B_SPLINE_CURVE_WITH_KNOTS('',1,(#13255,#13256),.UNSPECIFIED.,
  .F.,.F.,(2,2),(0.,0.762001524003),.PIECEWISE_BEZIER_KNOTS.);
#13255 = CARTESIAN_POINT('',(-1.6,1.25,0.762001524003));
#13256 = CARTESIAN_POINT('',(1.6,1.25,0.762001524003));
#13257 = ORIENTED_EDGE('',*,*,#13207,.F.);
#13258 = B_SPLINE_SURFACE_WITH_KNOTS('',1,1,(
    (#13259,#13260)
    ,(#13261,#13262
    )),.UNSPECIFIED.,.F.,.F.,.F.,(2,2),(2,2),(0.,0.762001524003),(0.,
    0.762001524003),.PIECEWISE_BEZIER_KNOTS.);
#13259 = CARTESIAN_POINT('',(-1.6,1.25,0.));
#13260 = CARTESIAN_POINT('',(1.6,1.25,0.));
#13261 = CARTESIAN_POINT('',(-1.6,1.25,0.762001524003));
#13262 = CARTESIAN_POINT('',(1.6,1.25,0.762001524003));
#13263 = ADVANCED_FACE('',(#13264),#13270,.F.);
#13264 = FACE_BOUND('',#13265,.F.);
#13265 = EDGE_LOOP('',(#13266,#13267,#13268,#13269));
#13266 = ORIENTED_EDGE('',*,*,#13164,.F.);
#13267 = ORIENTED_EDGE('',*,*,#13227,.T.);
#13268 = ORIENTED_EDGE('',*,*,#13200,.T.);
#13269 = ORIENTED_EDGE('',*,*,#13247,.F.);
#13270 = B_SPLINE_SURFACE_WITH_KNOTS('',1,1,(
    (#13271,#13272)
    ,(#13273,#13274
    )),.UNSPECIFIED.,.F.,.F.,.F.,(2,2),(2,2),(0.,0.762001524003),(0.,
    0.762001524003),.PIECEWISE_BEZIER_KNOTS.);
#13271 = CARTESIAN_POINT('',(-1.6,-1.25,0.));
#13272 = CARTESIAN_POINT('',(-1.6,1.25,0.));
#13273 = CARTESIAN_POINT('',(1.6,-1.25,0.));
#13274 = CARTESIAN_POINT('',(1.6,1.25,0.));
#13275 = ADVANCED_FACE('',(#13276),#13282,.T.);
#13276 = FACE_BOUND('',#13277,.T.);
#13277 = EDGE_LOOP('',(#13278,#13279,#13280,#13281));
#13278 = ORIENTED_EDGE('',*,*,#13178,.F.);
#13279 = ORIENTED_EDGE('',*,*,#13233,.T.);
#13280 = ORIENTED_EDGE('',*,*,#13214,.T.);
#13281 = ORIENTED_EDGE('',*,*,#13253,.F.);
#13282 = B_SPLINE_SURFACE_WITH_KNOTS('',1,1,(
    (#13283,#13284)
    ,(#13285,#13286
    )),.UNSPECIFIED.,.F.,.F.,.F.,(2,2),(2,2),(0.,0.762001524003),(0.,
    0.762001524003),.PIECEWISE_BEZIER_KNOTS.);
#13283 = CARTESIAN_POINT('',(-1.6,-1.25,0.762001524003));
#13284 = CARTESIAN_POINT('',(-1.6,1.25,0.762001524003));
#13285 = CARTESIAN_POINT('',(1.6,-1.25,0.762001524003));
#13286 = CARTESIAN_POINT('',(1.6,1.25,0.762001524003));
#13287 = ( GEOMETRIC_REPRESENTATION_CONTEXT(3) 
GLOBAL_UNCERTAINTY_ASSIGNED_CONTEXT((#13291)) 
GLOBAL_UNIT_ASSIGNED_CONTEXT((#13288,#13289,#13290)) 
REPRESENTATION_CONTEXT('Context #1',
  '3D Context with UNIT and UNCERTAINTY') );
#13288 = ( LENGTH_UNIT() NAMED_UNIT(*) SI_UNIT(.MILLI.,.METRE.) );
#13289 = ( NAMED_UNIT(*) PLANE_ANGLE_UNIT() SI_UNIT($,.RADIAN.) );
#13290 = ( NAMED_UNIT(*) SI_UNIT($,.STERADIAN.) SOLID_ANGLE_UNIT() );
#13291 = UNCERTAINTY_MEASURE_WITH_UNIT(LENGTH_MEASURE(5.E-07),#13288,
  'distance_accuracy_value','confusion accuracy');
#13292 = CONTEXT_DEPENDENT_SHAPE_REPRESENTATION(#13293,#13295);
#13293 = ( REPRESENTATION_RELATIONSHIP('','',#13148,#13125) 
REPRESENTATION_RELATIONSHIP_WITH_TRANSFORMATION(#13294) 
SHAPE_REPRESENTATION_RELATIONSHIP() );
#13294 = ITEM_DEFINED_TRANSFORMATION('','',#11,#13126);
#13295 = PRODUCT_DEFINITION_SHAPE('Placement','Placement of an item',
  #13296);
#13296 = NEXT_ASSEMBLY_USAGE_OCCURRENCE('404','=>[0:1:1:83]','',#13120,
  #13143,$);
#13297 = PRODUCT_RELATED_PRODUCT_CATEGORY('part',$,(#13145));
#13298 = SHAPE_DEFINITION_REPRESENTATION(#13299,#13305);
#13299 = PRODUCT_DEFINITION_SHAPE('','',#13300);
#13300 = PRODUCT_DEFINITION('design','',#13301,#13304);
#13301 = PRODUCT_DEFINITION_FORMATION('','',#13302);
#13302 = PRODUCT(
'U46~HDR-SMD_30P-P2.54-V-M-R2-C15-S7.4~HDR-SMD_
30P-P2.54-V-M-R2-C15-S7.4~5ZeZ',
'U46~HDR-SMD_30P-P2.54-V-M-R2-C15-S7.4~HDR-SMD_
30P-P2.54-V-M-R2-C15-S7.4~5ZeZ','',(#13303));
#13303 = PRODUCT_CONTEXT('',#2,'mechanical');
#13304 = PRODUCT_DEFINITION_CONTEXT('part definition',#2,'design');
#13305 = SHAPE_REPRESENTATION('',(#11,#13306),#13310);
#13306 = AXIS2_PLACEMENT_3D('',#13307,#13308,#13309);
#13307 = CARTESIAN_POINT('',(0.,0.,0.));
#13308 = DIRECTION('',(0.,0.,1.));
#13309 = DIRECTION('',(1.,0.,-0.));
#13310 = ( GEOMETRIC_REPRESENTATION_CONTEXT(3) 
GLOBAL_UNCERTAINTY_ASSIGNED_CONTEXT((#13314)) 
GLOBAL_UNIT_ASSIGNED_CONTEXT((#13311,#13312,#13313)) 
REPRESENTATION_CONTEXT('Context #1',
  '3D Context with UNIT and UNCERTAINTY') );
#13311 = ( LENGTH_UNIT() NAMED_UNIT(*) SI_UNIT(.MILLI.,.METRE.) );
#13312 = ( NAMED_UNIT(*) PLANE_ANGLE_UNIT() SI_UNIT($,.RADIAN.) );
#13313 = ( NAMED_UNIT(*) SI_UNIT($,.STERADIAN.) SOLID_ANGLE_UNIT() );
#13314 = UNCERTAINTY_MEASURE_WITH_UNIT(LENGTH_MEASURE(5.E-06),#13311,
  'distance_accuracy_value','confusion accuracy');
#13315 = CONTEXT_DEPENDENT_SHAPE_REPRESENTATION(#13316,#13318);
#13316 = ( REPRESENTATION_RELATIONSHIP('','',#13305,#10) 
REPRESENTATION_RELATIONSHIP_WITH_TRANSFORMATION(#13317) 
SHAPE_REPRESENTATION_RELATIONSHIP() );
#13317 = ITEM_DEFINED_TRANSFORMATION('','',#11,#1479);
#13318 = PRODUCT_DEFINITION_SHAPE('Placement','Placement of an item',
  #13319);
#13319 = NEXT_ASSEMBLY_USAGE_OCCURRENCE('407','=>[0:1:1:86]','',#5,
  #13300,$);
#13320 = PRODUCT_RELATED_PRODUCT_CATEGORY('part',$,(#13302));
#13321 = SHAPE_DEFINITION_REPRESENTATION(#13322,#13328);
#13322 = PRODUCT_DEFINITION_SHAPE('','',#13323);
#13323 = PRODUCT_DEFINITION('design','',#13324,#13327);
#13324 = PRODUCT_DEFINITION_FORMATION('','',#13325);
#13325 = PRODUCT(
'HDR-SMD_30P-P2.54-V-M-R2-C15-S7.4~HDR-SMD_
30P-P2.54-V-M-R2-C15-S7.4~5ZeZ',
'HDR-SMD_30P-P2.54-V-M-R2-C15-S7.4~HDR-SMD_
30P-P2.54-V-M-R2-C15-S7.4~5ZeZ','',(#13326));
#13326 = PRODUCT_CONTEXT('',#2,'mechanical');
#13327 = PRODUCT_DEFINITION_CONTEXT('part definition',#2,'design');
#13328 = ADVANCED_BREP_SHAPE_REPRESENTATION('',(#11,#13329),#13467);
#13329 = MANIFOLD_SOLID_BREP('',#13330);
#13330 = CLOSED_SHELL('',(#13331,#13367,#13403,#13423,#13443,#13455));
#13331 = ADVANCED_FACE('',(#13332),#13362,.F.);
#13332 = FACE_BOUND('',#13333,.F.);
#13333 = EDGE_LOOP('',(#13334,#13343,#13350,#13357));
#13334 = ORIENTED_EDGE('',*,*,#13335,.F.);
#13335 = EDGE_CURVE('',#13336,#13338,#13340,.T.);
#13336 = VERTEX_POINT('',#13337);
#13337 = CARTESIAN_POINT('',(-18.950001016,-3.7,0.));
#13338 = VERTEX_POINT('',#13339);
#13339 = CARTESIAN_POINT('',(-18.950001016,-3.7,0.762001524003));
#13340 = B_SPLINE_CURVE_WITH_KNOTS('',1,(#13341,#13342),.UNSPECIFIED.,
  .F.,.F.,(2,2),(0.,0.762001524003),.PIECEWISE_BEZIER_KNOTS.);
#13341 = CARTESIAN_POINT('',(-18.950001016,-3.7,0.));
#13342 = CARTESIAN_POINT('',(-18.950001016,-3.7,0.762001524003));
#13343 = ORIENTED_EDGE('',*,*,#13344,.T.);
#13344 = EDGE_CURVE('',#13336,#13345,#13347,.T.);
#13345 = VERTEX_POINT('',#13346);
#13346 = CARTESIAN_POINT('',(-18.950001016,3.7,0.));
#13347 = B_SPLINE_CURVE_WITH_KNOTS('',1,(#13348,#13349),.UNSPECIFIED.,
  .F.,.F.,(2,2),(0.,0.762001524003),.PIECEWISE_BEZIER_KNOTS.);
#13348 = CARTESIAN_POINT('',(-18.950001016,-3.7,0.));
#13349 = CARTESIAN_POINT('',(-18.950001016,3.7,0.));
#13350 = ORIENTED_EDGE('',*,*,#13351,.T.);
#13351 = EDGE_CURVE('',#13345,#13352,#13354,.T.);
#13352 = VERTEX_POINT('',#13353);
#13353 = CARTESIAN_POINT('',(-18.950001016,3.7,0.762001524003));
#13354 = B_SPLINE_CURVE_WITH_KNOTS('',1,(#13355,#13356),.UNSPECIFIED.,
  .F.,.F.,(2,2),(0.,0.762001524003),.PIECEWISE_BEZIER_KNOTS.);
#13355 = CARTESIAN_POINT('',(-18.950001016,3.7,0.));
#13356 = CARTESIAN_POINT('',(-18.950001016,3.7,0.762001524003));
#13357 = ORIENTED_EDGE('',*,*,#13358,.F.);
#13358 = EDGE_CURVE('',#13338,#13352,#13359,.T.);
#13359 = B_SPLINE_CURVE_WITH_KNOTS('',1,(#13360,#13361),.UNSPECIFIED.,
  .F.,.F.,(2,2),(0.,0.762001524003),.PIECEWISE_BEZIER_KNOTS.);
#13360 = CARTESIAN_POINT('',(-18.950001016,-3.7,0.762001524003));
#13361 = CARTESIAN_POINT('',(-18.950001016,3.7,0.762001524003));
#13362 = B_SPLINE_SURFACE_WITH_KNOTS('',1,1,(
    (#13363,#13364)
    ,(#13365,#13366
    )),.UNSPECIFIED.,.F.,.F.,.F.,(2,2),(2,2),(0.,0.762001524003),(
    -0.762001524003,0.),.PIECEWISE_BEZIER_KNOTS.);
#13363 = CARTESIAN_POINT('',(-18.950001016,3.7,0.));
#13364 = CARTESIAN_POINT('',(-18.950001016,-3.7,0.));
#13365 = CARTESIAN_POINT('',(-18.950001016,3.7,0.762001524003));
#13366 = CARTESIAN_POINT('',(-18.950001016,-3.7,0.762001524003));
#13367 = ADVANCED_FACE('',(#13368),#13398,.T.);
#13368 = FACE_BOUND('',#13369,.T.);
#13369 = EDGE_LOOP('',(#13370,#13379,#13386,#13393));
#13370 = ORIENTED_EDGE('',*,*,#13371,.F.);
#13371 = EDGE_CURVE('',#13372,#13374,#13376,.T.);
#13372 = VERTEX_POINT('',#13373);
#13373 = CARTESIAN_POINT('',(18.950001016002,-3.7,0.));
#13374 = VERTEX_POINT('',#13375);
#13375 = CARTESIAN_POINT('',(18.950001016002,-3.7,0.762001524003));
#13376 = B_SPLINE_CURVE_WITH_KNOTS('',1,(#13377,#13378),.UNSPECIFIED.,
  .F.,.F.,(2,2),(0.,0.762001524003),.PIECEWISE_BEZIER_KNOTS.);
#13377 = CARTESIAN_POINT('',(18.950001016002,-3.7,0.));
#13378 = CARTESIAN_POINT('',(18.950001016002,-3.7,0.762001524003));
#13379 = ORIENTED_EDGE('',*,*,#13380,.T.);
#13380 = EDGE_CURVE('',#13372,#13381,#13383,.T.);
#13381 = VERTEX_POINT('',#13382);
#13382 = CARTESIAN_POINT('',(18.950001016002,3.7,0.));
#13383 = B_SPLINE_CURVE_WITH_KNOTS('',1,(#13384,#13385),.UNSPECIFIED.,
  .F.,.F.,(2,2),(0.,0.762001524003),.PIECEWISE_BEZIER_KNOTS.);
#13384 = CARTESIAN_POINT('',(18.950001016002,-3.7,0.));
#13385 = CARTESIAN_POINT('',(18.950001016002,3.7,0.));
#13386 = ORIENTED_EDGE('',*,*,#13387,.T.);
#13387 = EDGE_CURVE('',#13381,#13388,#13390,.T.);
#13388 = VERTEX_POINT('',#13389);
#13389 = CARTESIAN_POINT('',(18.950001016002,3.7,0.762001524003));
#13390 = B_SPLINE_CURVE_WITH_KNOTS('',1,(#13391,#13392),.UNSPECIFIED.,
  .F.,.F.,(2,2),(0.,0.762001524003),.PIECEWISE_BEZIER_KNOTS.);
#13391 = CARTESIAN_POINT('',(18.950001016002,3.7,0.));
#13392 = CARTESIAN_POINT('',(18.950001016002,3.7,0.762001524003));
#13393 = ORIENTED_EDGE('',*,*,#13394,.F.);
#13394 = EDGE_CURVE('',#13374,#13388,#13395,.T.);
#13395 = B_SPLINE_CURVE_WITH_KNOTS('',1,(#13396,#13397),.UNSPECIFIED.,
  .F.,.F.,(2,2),(0.,0.762001524003),.PIECEWISE_BEZIER_KNOTS.);
#13396 = CARTESIAN_POINT('',(18.950001016002,-3.7,0.762001524003));
#13397 = CARTESIAN_POINT('',(18.950001016002,3.7,0.762001524003));
#13398 = B_SPLINE_SURFACE_WITH_KNOTS('',1,1,(
    (#13399,#13400)
    ,(#13401,#13402
    )),.UNSPECIFIED.,.F.,.F.,.F.,(2,2),(2,2),(0.,0.762001524003),(
    -0.762001524003,0.),.PIECEWISE_BEZIER_KNOTS.);
#13399 = CARTESIAN_POINT('',(18.950001016002,3.7,0.));
#13400 = CARTESIAN_POINT('',(18.950001016002,-3.7,0.));
#13401 = CARTESIAN_POINT('',(18.950001016002,3.7,0.762001524003));
#13402 = CARTESIAN_POINT('',(18.950001016002,-3.7,0.762001524003));
#13403 = ADVANCED_FACE('',(#13404),#13418,.F.);
#13404 = FACE_BOUND('',#13405,.F.);
#13405 = EDGE_LOOP('',(#13406,#13411,#13412,#13417));
#13406 = ORIENTED_EDGE('',*,*,#13407,.F.);
#13407 = EDGE_CURVE('',#13336,#13372,#13408,.T.);
#13408 = B_SPLINE_CURVE_WITH_KNOTS('',1,(#13409,#13410),.UNSPECIFIED.,
  .F.,.F.,(2,2),(0.,0.762001524003),.PIECEWISE_BEZIER_KNOTS.);
#13409 = CARTESIAN_POINT('',(-18.950001016,-3.7,0.));
#13410 = CARTESIAN_POINT('',(18.950001016002,-3.7,0.));
#13411 = ORIENTED_EDGE('',*,*,#13335,.T.);
#13412 = ORIENTED_EDGE('',*,*,#13413,.T.);
#13413 = EDGE_CURVE('',#13338,#13374,#13414,.T.);
#13414 = B_SPLINE_CURVE_WITH_KNOTS('',1,(#13415,#13416),.UNSPECIFIED.,
  .F.,.F.,(2,2),(0.,0.762001524003),.PIECEWISE_BEZIER_KNOTS.);
#13415 = CARTESIAN_POINT('',(-18.950001016,-3.7,0.762001524003));
#13416 = CARTESIAN_POINT('',(18.950001016002,-3.7,0.762001524003));
#13417 = ORIENTED_EDGE('',*,*,#13371,.F.);
#13418 = B_SPLINE_SURFACE_WITH_KNOTS('',1,1,(
    (#13419,#13420)
    ,(#13421,#13422
    )),.UNSPECIFIED.,.F.,.F.,.F.,(2,2),(2,2),(0.,0.762001524003),(0.,
    0.762001524003),.PIECEWISE_BEZIER_KNOTS.);
#13419 = CARTESIAN_POINT('',(-18.950001016,-3.7,0.));
#13420 = CARTESIAN_POINT('',(18.950001016002,-3.7,0.));
#13421 = CARTESIAN_POINT('',(-18.950001016,-3.7,0.762001524003));
#13422 = CARTESIAN_POINT('',(18.950001016002,-3.7,0.762001524003));
#13423 = ADVANCED_FACE('',(#13424),#13438,.T.);
#13424 = FACE_BOUND('',#13425,.T.);
#13425 = EDGE_LOOP('',(#13426,#13431,#13432,#13437));
#13426 = ORIENTED_EDGE('',*,*,#13427,.F.);
#13427 = EDGE_CURVE('',#13345,#13381,#13428,.T.);
#13428 = B_SPLINE_CURVE_WITH_KNOTS('',1,(#13429,#13430),.UNSPECIFIED.,
  .F.,.F.,(2,2),(0.,0.762001524003),.PIECEWISE_BEZIER_KNOTS.);
#13429 = CARTESIAN_POINT('',(-18.950001016,3.7,0.));
#13430 = CARTESIAN_POINT('',(18.950001016002,3.7,0.));
#13431 = ORIENTED_EDGE('',*,*,#13351,.T.);
#13432 = ORIENTED_EDGE('',*,*,#13433,.T.);
#13433 = EDGE_CURVE('',#13352,#13388,#13434,.T.);
#13434 = B_SPLINE_CURVE_WITH_KNOTS('',1,(#13435,#13436),.UNSPECIFIED.,
  .F.,.F.,(2,2),(0.,0.762001524003),.PIECEWISE_BEZIER_KNOTS.);
#13435 = CARTESIAN_POINT('',(-18.950001016,3.7,0.762001524003));
#13436 = CARTESIAN_POINT('',(18.950001016002,3.7,0.762001524003));
#13437 = ORIENTED_EDGE('',*,*,#13387,.F.);
#13438 = B_SPLINE_SURFACE_WITH_KNOTS('',1,1,(
    (#13439,#13440)
    ,(#13441,#13442
    )),.UNSPECIFIED.,.F.,.F.,.F.,(2,2),(2,2),(0.,0.762001524003),(0.,
    0.762001524003),.PIECEWISE_BEZIER_KNOTS.);
#13439 = CARTESIAN_POINT('',(-18.950001016,3.7,0.));
#13440 = CARTESIAN_POINT('',(18.950001016002,3.7,0.));
#13441 = CARTESIAN_POINT('',(-18.950001016,3.7,0.762001524003));
#13442 = CARTESIAN_POINT('',(18.950001016002,3.7,0.762001524003));
#13443 = ADVANCED_FACE('',(#13444),#13450,.F.);
#13444 = FACE_BOUND('',#13445,.F.);
#13445 = EDGE_LOOP('',(#13446,#13447,#13448,#13449));
#13446 = ORIENTED_EDGE('',*,*,#13344,.F.);
#13447 = ORIENTED_EDGE('',*,*,#13407,.T.);
#13448 = ORIENTED_EDGE('',*,*,#13380,.T.);
#13449 = ORIENTED_EDGE('',*,*,#13427,.F.);
#13450 = B_SPLINE_SURFACE_WITH_KNOTS('',1,1,(
    (#13451,#13452)
    ,(#13453,#13454
    )),.UNSPECIFIED.,.F.,.F.,.F.,(2,2),(2,2),(0.,0.762001524003),(0.,
    0.762001524003),.PIECEWISE_BEZIER_KNOTS.);
#13451 = CARTESIAN_POINT('',(-18.950001016,-3.7,0.));
#13452 = CARTESIAN_POINT('',(-18.950001016,3.7,0.));
#13453 = CARTESIAN_POINT('',(18.950001016002,-3.7,0.));
#13454 = CARTESIAN_POINT('',(18.950001016002,3.7,0.));
#13455 = ADVANCED_FACE('',(#13456),#13462,.T.);
#13456 = FACE_BOUND('',#13457,.T.);
#13457 = EDGE_LOOP('',(#13458,#13459,#13460,#13461));
#13458 = ORIENTED_EDGE('',*,*,#13358,.F.);
#13459 = ORIENTED_EDGE('',*,*,#13413,.T.);
#13460 = ORIENTED_EDGE('',*,*,#13394,.T.);
#13461 = ORIENTED_EDGE('',*,*,#13433,.F.);
#13462 = B_SPLINE_SURFACE_WITH_KNOTS('',1,1,(
    (#13463,#13464)
    ,(#13465,#13466
    )),.UNSPECIFIED.,.F.,.F.,.F.,(2,2),(2,2),(0.,0.762001524003),(0.,
    0.762001524003),.PIECEWISE_BEZIER_KNOTS.);
#13463 = CARTESIAN_POINT('',(-18.950001016,-3.7,0.762001524003));
#13464 = CARTESIAN_POINT('',(-18.950001016,3.7,0.762001524003));
#13465 = CARTESIAN_POINT('',(18.950001016002,-3.7,0.762001524003));
#13466 = CARTESIAN_POINT('',(18.950001016002,3.7,0.762001524003));
#13467 = ( GEOMETRIC_REPRESENTATION_CONTEXT(3) 
GLOBAL_UNCERTAINTY_ASSIGNED_CONTEXT((#13471)) 
GLOBAL_UNIT_ASSIGNED_CONTEXT((#13468,#13469,#13470)) 
REPRESENTATION_CONTEXT('Context #1',
  '3D Context with UNIT and UNCERTAINTY') );
#13468 = ( LENGTH_UNIT() NAMED_UNIT(*) SI_UNIT(.MILLI.,.METRE.) );
#13469 = ( NAMED_UNIT(*) PLANE_ANGLE_UNIT() SI_UNIT($,.RADIAN.) );
#13470 = ( NAMED_UNIT(*) SI_UNIT($,.STERADIAN.) SOLID_ANGLE_UNIT() );
#13471 = UNCERTAINTY_MEASURE_WITH_UNIT(LENGTH_MEASURE(5.E-06),#13468,
  'distance_accuracy_value','confusion accuracy');
#13472 = CONTEXT_DEPENDENT_SHAPE_REPRESENTATION(#13473,#13475);
#13473 = ( REPRESENTATION_RELATIONSHIP('','',#13328,#13305) 
REPRESENTATION_RELATIONSHIP_WITH_TRANSFORMATION(#13474) 
SHAPE_REPRESENTATION_RELATIONSHIP() );
#13474 = ITEM_DEFINED_TRANSFORMATION('','',#11,#13306);
#13475 = PRODUCT_DEFINITION_SHAPE('Placement','Placement of an item',
  #13476);
#13476 = NEXT_ASSEMBLY_USAGE_OCCURRENCE('406','=>[0:1:1:85]','',#13300,
  #13323,$);
#13477 = PRODUCT_RELATED_PRODUCT_CATEGORY('part',$,(#13325));
#13478 = SHAPE_DEFINITION_REPRESENTATION(#13479,#13485);
#13479 = PRODUCT_DEFINITION_SHAPE('','',#13480);
#13480 = PRODUCT_DEFINITION('design','',#13481,#13484);
#13481 = PRODUCT_DEFINITION_FORMATION('','',#13482);
#13482 = PRODUCT(
'U35~HTSSOP-16_L5.0-W4.4-P0.65-LS6.4-BL-EP3.0~HTSSOP-16_
L5.0-W4.4-P0.65-LS6.4-BL-EP3.0~5ZeZ',
'U35~HTSSOP-16_L5.0-W4.4-P0.65-LS6.4-BL-EP3.0~HTSSOP-16_
L5.0-W4.4-P0.65-LS6.4-BL-EP3.0~5ZeZ','',(#13483));
#13483 = PRODUCT_CONTEXT('',#2,'mechanical');
#13484 = PRODUCT_DEFINITION_CONTEXT('part definition',#2,'design');
#13485 = SHAPE_REPRESENTATION('',(#11,#13486),#13490);
#13486 = AXIS2_PLACEMENT_3D('',#13487,#13488,#13489);
#13487 = CARTESIAN_POINT('',(0.,0.,0.));
#13488 = DIRECTION('',(0.,0.,1.));
#13489 = DIRECTION('',(1.,0.,-0.));
#13490 = ( GEOMETRIC_REPRESENTATION_CONTEXT(3) 
GLOBAL_UNCERTAINTY_ASSIGNED_CONTEXT((#13494)) 
GLOBAL_UNIT_ASSIGNED_CONTEXT((#13491,#13492,#13493)) 
REPRESENTATION_CONTEXT('Context #1',
  '3D Context with UNIT and UNCERTAINTY') );
#13491 = ( LENGTH_UNIT() NAMED_UNIT(*) SI_UNIT(.MILLI.,.METRE.) );
#13492 = ( NAMED_UNIT(*) PLANE_ANGLE_UNIT() SI_UNIT($,.RADIAN.) );
#13493 = ( NAMED_UNIT(*) SI_UNIT($,.STERADIAN.) SOLID_ANGLE_UNIT() );
#13494 = UNCERTAINTY_MEASURE_WITH_UNIT(LENGTH_MEASURE(1.E-06),#13491,
  'distance_accuracy_value','confusion accuracy');
#13495 = CONTEXT_DEPENDENT_SHAPE_REPRESENTATION(#13496,#13498);
#13496 = ( REPRESENTATION_RELATIONSHIP('','',#13485,#10) 
REPRESENTATION_RELATIONSHIP_WITH_TRANSFORMATION(#13497) 
SHAPE_REPRESENTATION_RELATIONSHIP() );
#13497 = ITEM_DEFINED_TRANSFORMATION('','',#11,#1483);
#13498 = PRODUCT_DEFINITION_SHAPE('Placement','Placement of an item',
  #13499);
#13499 = NEXT_ASSEMBLY_USAGE_OCCURRENCE('409','=>[0:1:1:88]','',#5,
  #13480,$);
#13500 = PRODUCT_RELATED_PRODUCT_CATEGORY('part',$,(#13482));
#13501 = SHAPE_DEFINITION_REPRESENTATION(#13502,#13508);
#13502 = PRODUCT_DEFINITION_SHAPE('','',#13503);
#13503 = PRODUCT_DEFINITION('design','',#13504,#13507);
#13504 = PRODUCT_DEFINITION_FORMATION('','',#13505);
#13505 = PRODUCT(
'HTSSOP-16_L5.0-W4.4-P0.65-LS6.4-BL-EP3.0~HTSSOP-16_
L5.0-W4.4-P0.65-LS6.4-BL-EP3.0~5ZeZ',
'HTSSOP-16_L5.0-W4.4-P0.65-LS6.4-BL-EP3.0~HTSSOP-16_
L5.0-W4.4-P0.65-LS6.4-BL-EP3.0~5ZeZ','',(#13506));
#13506 = PRODUCT_CONTEXT('',#2,'mechanical');
#13507 = PRODUCT_DEFINITION_CONTEXT('part definition',#2,'design');
#13508 = ADVANCED_BREP_SHAPE_REPRESENTATION('',(#11,#13509),#13647);
#13509 = MANIFOLD_SOLID_BREP('',#13510);
#13510 = CLOSED_SHELL('',(#13511,#13547,#13583,#13603,#13623,#13635));
#13511 = ADVANCED_FACE('',(#13512),#13542,.F.);
#13512 = FACE_BOUND('',#13513,.F.);
#13513 = EDGE_LOOP('',(#13514,#13523,#13530,#13537));
#13514 = ORIENTED_EDGE('',*,*,#13515,.F.);
#13515 = EDGE_CURVE('',#13516,#13518,#13520,.T.);
#13516 = VERTEX_POINT('',#13517);
#13517 = CARTESIAN_POINT('',(-2.499745999492,-3.2,0.));
#13518 = VERTEX_POINT('',#13519);
#13519 = CARTESIAN_POINT('',(-2.499745999492,-3.2,0.762001524003));
#13520 = B_SPLINE_CURVE_WITH_KNOTS('',1,(#13521,#13522),.UNSPECIFIED.,
  .F.,.F.,(2,2),(0.,0.762001524003),.PIECEWISE_BEZIER_KNOTS.);
#13521 = CARTESIAN_POINT('',(-2.499745999492,-3.2,0.));
#13522 = CARTESIAN_POINT('',(-2.499745999492,-3.2,0.762001524003));
#13523 = ORIENTED_EDGE('',*,*,#13524,.T.);
#13524 = EDGE_CURVE('',#13516,#13525,#13527,.T.);
#13525 = VERTEX_POINT('',#13526);
#13526 = CARTESIAN_POINT('',(-2.499745999492,3.2,0.));
#13527 = B_SPLINE_CURVE_WITH_KNOTS('',1,(#13528,#13529),.UNSPECIFIED.,
  .F.,.F.,(2,2),(0.,0.762001524003),.PIECEWISE_BEZIER_KNOTS.);
#13528 = CARTESIAN_POINT('',(-2.499745999492,-3.2,0.));
#13529 = CARTESIAN_POINT('',(-2.499745999492,3.2,0.));
#13530 = ORIENTED_EDGE('',*,*,#13531,.T.);
#13531 = EDGE_CURVE('',#13525,#13532,#13534,.T.);
#13532 = VERTEX_POINT('',#13533);
#13533 = CARTESIAN_POINT('',(-2.499745999492,3.2,0.762001524003));
#13534 = B_SPLINE_CURVE_WITH_KNOTS('',1,(#13535,#13536),.UNSPECIFIED.,
  .F.,.F.,(2,2),(0.,0.762001524003),.PIECEWISE_BEZIER_KNOTS.);
#13535 = CARTESIAN_POINT('',(-2.499745999492,3.2,0.));
#13536 = CARTESIAN_POINT('',(-2.499745999492,3.2,0.762001524003));
#13537 = ORIENTED_EDGE('',*,*,#13538,.F.);
#13538 = EDGE_CURVE('',#13518,#13532,#13539,.T.);
#13539 = B_SPLINE_CURVE_WITH_KNOTS('',1,(#13540,#13541),.UNSPECIFIED.,
  .F.,.F.,(2,2),(0.,0.762001524003),.PIECEWISE_BEZIER_KNOTS.);
#13540 = CARTESIAN_POINT('',(-2.499745999492,-3.2,0.762001524003));
#13541 = CARTESIAN_POINT('',(-2.499745999492,3.2,0.762001524003));
#13542 = B_SPLINE_SURFACE_WITH_KNOTS('',1,1,(
    (#13543,#13544)
    ,(#13545,#13546
    )),.UNSPECIFIED.,.F.,.F.,.F.,(2,2),(2,2),(0.,0.762001524003),(
    -0.762001524003,0.),.PIECEWISE_BEZIER_KNOTS.);
#13543 = CARTESIAN_POINT('',(-2.499745999492,3.2,0.));
#13544 = CARTESIAN_POINT('',(-2.499745999492,-3.2,0.));
#13545 = CARTESIAN_POINT('',(-2.499745999492,3.2,0.762001524003));
#13546 = CARTESIAN_POINT('',(-2.499745999492,-3.2,0.762001524003));
#13547 = ADVANCED_FACE('',(#13548),#13578,.T.);
#13548 = FACE_BOUND('',#13549,.T.);
#13549 = EDGE_LOOP('',(#13550,#13559,#13566,#13573));
#13550 = ORIENTED_EDGE('',*,*,#13551,.F.);
#13551 = EDGE_CURVE('',#13552,#13554,#13556,.T.);
#13552 = VERTEX_POINT('',#13553);
#13553 = CARTESIAN_POINT('',(2.500254000508,-3.2,0.));
#13554 = VERTEX_POINT('',#13555);
#13555 = CARTESIAN_POINT('',(2.500254000508,-3.2,0.762001524003));
#13556 = B_SPLINE_CURVE_WITH_KNOTS('',1,(#13557,#13558),.UNSPECIFIED.,
  .F.,.F.,(2,2),(0.,0.762001524003),.PIECEWISE_BEZIER_KNOTS.);
#13557 = CARTESIAN_POINT('',(2.500254000508,-3.2,0.));
#13558 = CARTESIAN_POINT('',(2.500254000508,-3.2,0.762001524003));
#13559 = ORIENTED_EDGE('',*,*,#13560,.T.);
#13560 = EDGE_CURVE('',#13552,#13561,#13563,.T.);
#13561 = VERTEX_POINT('',#13562);
#13562 = CARTESIAN_POINT('',(2.500254000508,3.2,0.));
#13563 = B_SPLINE_CURVE_WITH_KNOTS('',1,(#13564,#13565),.UNSPECIFIED.,
  .F.,.F.,(2,2),(0.,0.762001524003),.PIECEWISE_BEZIER_KNOTS.);
#13564 = CARTESIAN_POINT('',(2.500254000508,-3.2,0.));
#13565 = CARTESIAN_POINT('',(2.500254000508,3.2,0.));
#13566 = ORIENTED_EDGE('',*,*,#13567,.T.);
#13567 = EDGE_CURVE('',#13561,#13568,#13570,.T.);
#13568 = VERTEX_POINT('',#13569);
#13569 = CARTESIAN_POINT('',(2.500254000508,3.2,0.762001524003));
#13570 = B_SPLINE_CURVE_WITH_KNOTS('',1,(#13571,#13572),.UNSPECIFIED.,
  .F.,.F.,(2,2),(0.,0.762001524003),.PIECEWISE_BEZIER_KNOTS.);
#13571 = CARTESIAN_POINT('',(2.500254000508,3.2,0.));
#13572 = CARTESIAN_POINT('',(2.500254000508,3.2,0.762001524003));
#13573 = ORIENTED_EDGE('',*,*,#13574,.F.);
#13574 = EDGE_CURVE('',#13554,#13568,#13575,.T.);
#13575 = B_SPLINE_CURVE_WITH_KNOTS('',1,(#13576,#13577),.UNSPECIFIED.,
  .F.,.F.,(2,2),(0.,0.762001524003),.PIECEWISE_BEZIER_KNOTS.);
#13576 = CARTESIAN_POINT('',(2.500254000508,-3.2,0.762001524003));
#13577 = CARTESIAN_POINT('',(2.500254000508,3.2,0.762001524003));
#13578 = B_SPLINE_SURFACE_WITH_KNOTS('',1,1,(
    (#13579,#13580)
    ,(#13581,#13582
    )),.UNSPECIFIED.,.F.,.F.,.F.,(2,2),(2,2),(0.,0.762001524003),(
    -0.762001524003,0.),.PIECEWISE_BEZIER_KNOTS.);
#13579 = CARTESIAN_POINT('',(2.500254000508,3.2,0.));
#13580 = CARTESIAN_POINT('',(2.500254000508,-3.2,0.));
#13581 = CARTESIAN_POINT('',(2.500254000508,3.2,0.762001524003));
#13582 = CARTESIAN_POINT('',(2.500254000508,-3.2,0.762001524003));
#13583 = ADVANCED_FACE('',(#13584),#13598,.F.);
#13584 = FACE_BOUND('',#13585,.F.);
#13585 = EDGE_LOOP('',(#13586,#13591,#13592,#13597));
#13586 = ORIENTED_EDGE('',*,*,#13587,.F.);
#13587 = EDGE_CURVE('',#13516,#13552,#13588,.T.);
#13588 = B_SPLINE_CURVE_WITH_KNOTS('',1,(#13589,#13590),.UNSPECIFIED.,
  .F.,.F.,(2,2),(0.,0.762001524003),.PIECEWISE_BEZIER_KNOTS.);
#13589 = CARTESIAN_POINT('',(-2.499745999492,-3.2,0.));
#13590 = CARTESIAN_POINT('',(2.500254000508,-3.2,0.));
#13591 = ORIENTED_EDGE('',*,*,#13515,.T.);
#13592 = ORIENTED_EDGE('',*,*,#13593,.T.);
#13593 = EDGE_CURVE('',#13518,#13554,#13594,.T.);
#13594 = B_SPLINE_CURVE_WITH_KNOTS('',1,(#13595,#13596),.UNSPECIFIED.,
  .F.,.F.,(2,2),(0.,0.762001524003),.PIECEWISE_BEZIER_KNOTS.);
#13595 = CARTESIAN_POINT('',(-2.499745999492,-3.2,0.762001524003));
#13596 = CARTESIAN_POINT('',(2.500254000508,-3.2,0.762001524003));
#13597 = ORIENTED_EDGE('',*,*,#13551,.F.);
#13598 = B_SPLINE_SURFACE_WITH_KNOTS('',1,1,(
    (#13599,#13600)
    ,(#13601,#13602
    )),.UNSPECIFIED.,.F.,.F.,.F.,(2,2),(2,2),(0.,0.762001524003),(0.,
    0.762001524003),.PIECEWISE_BEZIER_KNOTS.);
#13599 = CARTESIAN_POINT('',(-2.499745999492,-3.2,0.));
#13600 = CARTESIAN_POINT('',(2.500254000508,-3.2,0.));
#13601 = CARTESIAN_POINT('',(-2.499745999492,-3.2,0.762001524003));
#13602 = CARTESIAN_POINT('',(2.500254000508,-3.2,0.762001524003));
#13603 = ADVANCED_FACE('',(#13604),#13618,.T.);
#13604 = FACE_BOUND('',#13605,.T.);
#13605 = EDGE_LOOP('',(#13606,#13611,#13612,#13617));
#13606 = ORIENTED_EDGE('',*,*,#13607,.F.);
#13607 = EDGE_CURVE('',#13525,#13561,#13608,.T.);
#13608 = B_SPLINE_CURVE_WITH_KNOTS('',1,(#13609,#13610),.UNSPECIFIED.,
  .F.,.F.,(2,2),(0.,0.762001524003),.PIECEWISE_BEZIER_KNOTS.);
#13609 = CARTESIAN_POINT('',(-2.499745999492,3.2,0.));
#13610 = CARTESIAN_POINT('',(2.500254000508,3.2,0.));
#13611 = ORIENTED_EDGE('',*,*,#13531,.T.);
#13612 = ORIENTED_EDGE('',*,*,#13613,.T.);
#13613 = EDGE_CURVE('',#13532,#13568,#13614,.T.);
#13614 = B_SPLINE_CURVE_WITH_KNOTS('',1,(#13615,#13616),.UNSPECIFIED.,
  .F.,.F.,(2,2),(0.,0.762001524003),.PIECEWISE_BEZIER_KNOTS.);
#13615 = CARTESIAN_POINT('',(-2.499745999492,3.2,0.762001524003));
#13616 = CARTESIAN_POINT('',(2.500254000508,3.2,0.762001524003));
#13617 = ORIENTED_EDGE('',*,*,#13567,.F.);
#13618 = B_SPLINE_SURFACE_WITH_KNOTS('',1,1,(
    (#13619,#13620)
    ,(#13621,#13622
    )),.UNSPECIFIED.,.F.,.F.,.F.,(2,2),(2,2),(0.,0.762001524003),(0.,
    0.762001524003),.PIECEWISE_BEZIER_KNOTS.);
#13619 = CARTESIAN_POINT('',(-2.499745999492,3.2,0.));
#13620 = CARTESIAN_POINT('',(2.500254000508,3.2,0.));
#13621 = CARTESIAN_POINT('',(-2.499745999492,3.2,0.762001524003));
#13622 = CARTESIAN_POINT('',(2.500254000508,3.2,0.762001524003));
#13623 = ADVANCED_FACE('',(#13624),#13630,.F.);
#13624 = FACE_BOUND('',#13625,.F.);
#13625 = EDGE_LOOP('',(#13626,#13627,#13628,#13629));
#13626 = ORIENTED_EDGE('',*,*,#13524,.F.);
#13627 = ORIENTED_EDGE('',*,*,#13587,.T.);
#13628 = ORIENTED_EDGE('',*,*,#13560,.T.);
#13629 = ORIENTED_EDGE('',*,*,#13607,.F.);
#13630 = B_SPLINE_SURFACE_WITH_KNOTS('',1,1,(
    (#13631,#13632)
    ,(#13633,#13634
    )),.UNSPECIFIED.,.F.,.F.,.F.,(2,2),(2,2),(0.,0.762001524003),(0.,
    0.762001524003),.PIECEWISE_BEZIER_KNOTS.);
#13631 = CARTESIAN_POINT('',(-2.499745999492,-3.2,0.));
#13632 = CARTESIAN_POINT('',(-2.499745999492,3.2,0.));
#13633 = CARTESIAN_POINT('',(2.500254000508,-3.2,0.));
#13634 = CARTESIAN_POINT('',(2.500254000508,3.2,0.));
#13635 = ADVANCED_FACE('',(#13636),#13642,.T.);
#13636 = FACE_BOUND('',#13637,.T.);
#13637 = EDGE_LOOP('',(#13638,#13639,#13640,#13641));
#13638 = ORIENTED_EDGE('',*,*,#13538,.F.);
#13639 = ORIENTED_EDGE('',*,*,#13593,.T.);
#13640 = ORIENTED_EDGE('',*,*,#13574,.T.);
#13641 = ORIENTED_EDGE('',*,*,#13613,.F.);
#13642 = B_SPLINE_SURFACE_WITH_KNOTS('',1,1,(
    (#13643,#13644)
    ,(#13645,#13646
    )),.UNSPECIFIED.,.F.,.F.,.F.,(2,2),(2,2),(0.,0.762001524003),(0.,
    0.762001524003),.PIECEWISE_BEZIER_KNOTS.);
#13643 = CARTESIAN_POINT('',(-2.499745999492,-3.2,0.762001524003));
#13644 = CARTESIAN_POINT('',(-2.499745999492,3.2,0.762001524003));
#13645 = CARTESIAN_POINT('',(2.500254000508,-3.2,0.762001524003));
#13646 = CARTESIAN_POINT('',(2.500254000508,3.2,0.762001524003));
#13647 = ( GEOMETRIC_REPRESENTATION_CONTEXT(3) 
GLOBAL_UNCERTAINTY_ASSIGNED_CONTEXT((#13651)) 
GLOBAL_UNIT_ASSIGNED_CONTEXT((#13648,#13649,#13650)) 
REPRESENTATION_CONTEXT('Context #1',
  '3D Context with UNIT and UNCERTAINTY') );
#13648 = ( LENGTH_UNIT() NAMED_UNIT(*) SI_UNIT(.MILLI.,.METRE.) );
#13649 = ( NAMED_UNIT(*) PLANE_ANGLE_UNIT() SI_UNIT($,.RADIAN.) );
#13650 = ( NAMED_UNIT(*) SI_UNIT($,.STERADIAN.) SOLID_ANGLE_UNIT() );
#13651 = UNCERTAINTY_MEASURE_WITH_UNIT(LENGTH_MEASURE(1.E-06),#13648,
  'distance_accuracy_value','confusion accuracy');
#13652 = CONTEXT_DEPENDENT_SHAPE_REPRESENTATION(#13653,#13655);
#13653 = ( REPRESENTATION_RELATIONSHIP('','',#13508,#13485) 
REPRESENTATION_RELATIONSHIP_WITH_TRANSFORMATION(#13654) 
SHAPE_REPRESENTATION_RELATIONSHIP() );
#13654 = ITEM_DEFINED_TRANSFORMATION('','',#11,#13486);
#13655 = PRODUCT_DEFINITION_SHAPE('Placement','Placement of an item',
  #13656);
#13656 = NEXT_ASSEMBLY_USAGE_OCCURRENCE('408','=>[0:1:1:87]','',#13480,
  #13503,$);
#13657 = PRODUCT_RELATED_PRODUCT_CATEGORY('part',$,(#13505));
#13658 = MECHANICAL_DESIGN_GEOMETRIC_PRESENTATION_REPRESENTATION('',(
    #13659,#13669,#13677,#13684,#13691,#13698,#13705,#13712,#13719,
    #13726,#13733,#13740,#13747,#13754,#13761,#13768,#13775,#13782,
    #13789,#13796,#13803,#13810,#13817,#13824,#13831,#13838,#13845,
    #13852,#13859,#13866,#13873,#13880,#13887,#13894,#13901,#13908,
    #13915,#13922,#13929,#13936,#13943,#13950,#13957,#13964,#13971,
    #13978,#13985,#13992,#13999,#14006,#14013,#14020,#14027,#14034,
    #14041,#14048,#14055,#14062,#14069,#14076,#14083,#14090,#14097,
    #14104,#14111,#14118,#14125,#14132,#14139,#14146,#14153,#14160,
    #14167,#14174,#14181,#14188,#14195,#14202,#14209,#14216,#14223,
    #14230,#14237,#14244,#14251,#14258,#14265),#4581);
#13659 = STYLED_ITEM('color',(#13660),#1501);
#13660 = PRESENTATION_STYLE_ASSIGNMENT((#13661,#13667));
#13661 = SURFACE_STYLE_USAGE(.BOTH.,#13662);
#13662 = SURFACE_SIDE_STYLE('',(#13663));
#13663 = SURFACE_STYLE_FILL_AREA(#13664);
#13664 = FILL_AREA_STYLE('',(#13665));
#13665 = FILL_AREA_STYLE_COLOUR('',#13666);
#13666 = COLOUR_RGB('',0.,0.377508427907,0.578582128266);
#13667 = CURVE_STYLE('',#13668,POSITIVE_LENGTH_MEASURE(0.1),#13666);
#13668 = DRAUGHTING_PRE_DEFINED_CURVE_FONT('continuous');
#13669 = OVER_RIDING_STYLED_ITEM('overriding color',(#13670),#1503,
  #13659);
#13670 = PRESENTATION_STYLE_ASSIGNMENT((#13671));
#13671 = SURFACE_STYLE_USAGE(.BOTH.,#13672);
#13672 = SURFACE_SIDE_STYLE('',(#13673));
#13673 = SURFACE_STYLE_FILL_AREA(#13674);
#13674 = FILL_AREA_STYLE('',(#13675));
#13675 = FILL_AREA_STYLE_COLOUR('',#13676);
#13676 = COLOUR_RGB('',0.937179583391,0.9357410338,0.649182888601);
#13677 = OVER_RIDING_STYLED_ITEM('overriding color',(#13678),#1543,
  #13659);
#13678 = PRESENTATION_STYLE_ASSIGNMENT((#13679));
#13679 = SURFACE_STYLE_USAGE(.BOTH.,#13680);
#13680 = SURFACE_SIDE_STYLE('',(#13681));
#13681 = SURFACE_STYLE_FILL_AREA(#13682);
#13682 = FILL_AREA_STYLE('',(#13683));
#13683 = FILL_AREA_STYLE_COLOUR('',#13676);
#13684 = OVER_RIDING_STYLED_ITEM('overriding color',(#13685),#1576,
  #13659);
#13685 = PRESENTATION_STYLE_ASSIGNMENT((#13686));
#13686 = SURFACE_STYLE_USAGE(.BOTH.,#13687);
#13687 = SURFACE_SIDE_STYLE('',(#13688));
#13688 = SURFACE_STYLE_FILL_AREA(#13689);
#13689 = FILL_AREA_STYLE('',(#13690));
#13690 = FILL_AREA_STYLE_COLOUR('',#13676);
#13691 = OVER_RIDING_STYLED_ITEM('overriding color',(#13692),#1607,
  #13659);
#13692 = PRESENTATION_STYLE_ASSIGNMENT((#13693));
#13693 = SURFACE_STYLE_USAGE(.BOTH.,#13694);
#13694 = SURFACE_SIDE_STYLE('',(#13695));
#13695 = SURFACE_STYLE_FILL_AREA(#13696);
#13696 = FILL_AREA_STYLE('',(#13697));
#13697 = FILL_AREA_STYLE_COLOUR('',#13676);
#13698 = OVER_RIDING_STYLED_ITEM('overriding color',(#13699),#1640,
  #13659);
#13699 = PRESENTATION_STYLE_ASSIGNMENT((#13700));
#13700 = SURFACE_STYLE_USAGE(.BOTH.,#13701);
#13701 = SURFACE_SIDE_STYLE('',(#13702));
#13702 = SURFACE_STYLE_FILL_AREA(#13703);
#13703 = FILL_AREA_STYLE('',(#13704));
#13704 = FILL_AREA_STYLE_COLOUR('',#13676);
#13705 = OVER_RIDING_STYLED_ITEM('overriding color',(#13706),#1671,
  #13659);
#13706 = PRESENTATION_STYLE_ASSIGNMENT((#13707));
#13707 = SURFACE_STYLE_USAGE(.BOTH.,#13708);
#13708 = SURFACE_SIDE_STYLE('',(#13709));
#13709 = SURFACE_STYLE_FILL_AREA(#13710);
#13710 = FILL_AREA_STYLE('',(#13711));
#13711 = FILL_AREA_STYLE_COLOUR('',#13676);
#13712 = OVER_RIDING_STYLED_ITEM('overriding color',(#13713),#1704,
  #13659);
#13713 = PRESENTATION_STYLE_ASSIGNMENT((#13714));
#13714 = SURFACE_STYLE_USAGE(.BOTH.,#13715);
#13715 = SURFACE_SIDE_STYLE('',(#13716));
#13716 = SURFACE_STYLE_FILL_AREA(#13717);
#13717 = FILL_AREA_STYLE('',(#13718));
#13718 = FILL_AREA_STYLE_COLOUR('',#13676);
#13719 = OVER_RIDING_STYLED_ITEM('overriding color',(#13720),#1735,
  #13659);
#13720 = PRESENTATION_STYLE_ASSIGNMENT((#13721));
#13721 = SURFACE_STYLE_USAGE(.BOTH.,#13722);
#13722 = SURFACE_SIDE_STYLE('',(#13723));
#13723 = SURFACE_STYLE_FILL_AREA(#13724);
#13724 = FILL_AREA_STYLE('',(#13725));
#13725 = FILL_AREA_STYLE_COLOUR('',#13676);
#13726 = OVER_RIDING_STYLED_ITEM('overriding color',(#13727),#1759,
  #13659);
#13727 = PRESENTATION_STYLE_ASSIGNMENT((#13728));
#13728 = SURFACE_STYLE_USAGE(.BOTH.,#13729);
#13729 = SURFACE_SIDE_STYLE('',(#13730));
#13730 = SURFACE_STYLE_FILL_AREA(#13731);
#13731 = FILL_AREA_STYLE('',(#13732));
#13732 = FILL_AREA_STYLE_COLOUR('',#13676);
#13733 = OVER_RIDING_STYLED_ITEM('overriding color',(#13734),#1799,
  #13659);
#13734 = PRESENTATION_STYLE_ASSIGNMENT((#13735));
#13735 = SURFACE_STYLE_USAGE(.BOTH.,#13736);
#13736 = SURFACE_SIDE_STYLE('',(#13737));
#13737 = SURFACE_STYLE_FILL_AREA(#13738);
#13738 = FILL_AREA_STYLE('',(#13739));
#13739 = FILL_AREA_STYLE_COLOUR('',#13676);
#13740 = OVER_RIDING_STYLED_ITEM('overriding color',(#13741),#1832,
  #13659);
#13741 = PRESENTATION_STYLE_ASSIGNMENT((#13742));
#13742 = SURFACE_STYLE_USAGE(.BOTH.,#13743);
#13743 = SURFACE_SIDE_STYLE('',(#13744));
#13744 = SURFACE_STYLE_FILL_AREA(#13745);
#13745 = FILL_AREA_STYLE('',(#13746));
#13746 = FILL_AREA_STYLE_COLOUR('',#13676);
#13747 = OVER_RIDING_STYLED_ITEM('overriding color',(#13748),#1863,
  #13659);
#13748 = PRESENTATION_STYLE_ASSIGNMENT((#13749));
#13749 = SURFACE_STYLE_USAGE(.BOTH.,#13750);
#13750 = SURFACE_SIDE_STYLE('',(#13751));
#13751 = SURFACE_STYLE_FILL_AREA(#13752);
#13752 = FILL_AREA_STYLE('',(#13753));
#13753 = FILL_AREA_STYLE_COLOUR('',#13676);
#13754 = OVER_RIDING_STYLED_ITEM('overriding color',(#13755),#1887,
  #13659);
#13755 = PRESENTATION_STYLE_ASSIGNMENT((#13756));
#13756 = SURFACE_STYLE_USAGE(.BOTH.,#13757);
#13757 = SURFACE_SIDE_STYLE('',(#13758));
#13758 = SURFACE_STYLE_FILL_AREA(#13759);
#13759 = FILL_AREA_STYLE('',(#13760));
#13760 = FILL_AREA_STYLE_COLOUR('',#13676);
#13761 = OVER_RIDING_STYLED_ITEM('overriding color',(#13762),#1927,
  #13659);
#13762 = PRESENTATION_STYLE_ASSIGNMENT((#13763));
#13763 = SURFACE_STYLE_USAGE(.BOTH.,#13764);
#13764 = SURFACE_SIDE_STYLE('',(#13765));
#13765 = SURFACE_STYLE_FILL_AREA(#13766);
#13766 = FILL_AREA_STYLE('',(#13767));
#13767 = FILL_AREA_STYLE_COLOUR('',#13676);
#13768 = OVER_RIDING_STYLED_ITEM('overriding color',(#13769),#1960,
  #13659);
#13769 = PRESENTATION_STYLE_ASSIGNMENT((#13770));
#13770 = SURFACE_STYLE_USAGE(.BOTH.,#13771);
#13771 = SURFACE_SIDE_STYLE('',(#13772));
#13772 = SURFACE_STYLE_FILL_AREA(#13773);
#13773 = FILL_AREA_STYLE('',(#13774));
#13774 = FILL_AREA_STYLE_COLOUR('',#13676);
#13775 = OVER_RIDING_STYLED_ITEM('overriding color',(#13776),#1991,
  #13659);
#13776 = PRESENTATION_STYLE_ASSIGNMENT((#13777));
#13777 = SURFACE_STYLE_USAGE(.BOTH.,#13778);
#13778 = SURFACE_SIDE_STYLE('',(#13779));
#13779 = SURFACE_STYLE_FILL_AREA(#13780);
#13780 = FILL_AREA_STYLE('',(#13781));
#13781 = FILL_AREA_STYLE_COLOUR('',#13676);
#13782 = OVER_RIDING_STYLED_ITEM('overriding color',(#13783),#2015,
  #13659);
#13783 = PRESENTATION_STYLE_ASSIGNMENT((#13784));
#13784 = SURFACE_STYLE_USAGE(.BOTH.,#13785);
#13785 = SURFACE_SIDE_STYLE('',(#13786));
#13786 = SURFACE_STYLE_FILL_AREA(#13787);
#13787 = FILL_AREA_STYLE('',(#13788));
#13788 = FILL_AREA_STYLE_COLOUR('',#13676);
#13789 = OVER_RIDING_STYLED_ITEM('overriding color',(#13790),#2055,
  #13659);
#13790 = PRESENTATION_STYLE_ASSIGNMENT((#13791));
#13791 = SURFACE_STYLE_USAGE(.BOTH.,#13792);
#13792 = SURFACE_SIDE_STYLE('',(#13793));
#13793 = SURFACE_STYLE_FILL_AREA(#13794);
#13794 = FILL_AREA_STYLE('',(#13795));
#13795 = FILL_AREA_STYLE_COLOUR('',#13676);
#13796 = OVER_RIDING_STYLED_ITEM('overriding color',(#13797),#2088,
  #13659);
#13797 = PRESENTATION_STYLE_ASSIGNMENT((#13798));
#13798 = SURFACE_STYLE_USAGE(.BOTH.,#13799);
#13799 = SURFACE_SIDE_STYLE('',(#13800));
#13800 = SURFACE_STYLE_FILL_AREA(#13801);
#13801 = FILL_AREA_STYLE('',(#13802));
#13802 = FILL_AREA_STYLE_COLOUR('',#13676);
#13803 = OVER_RIDING_STYLED_ITEM('overriding color',(#13804),#2119,
  #13659);
#13804 = PRESENTATION_STYLE_ASSIGNMENT((#13805));
#13805 = SURFACE_STYLE_USAGE(.BOTH.,#13806);
#13806 = SURFACE_SIDE_STYLE('',(#13807));
#13807 = SURFACE_STYLE_FILL_AREA(#13808);
#13808 = FILL_AREA_STYLE('',(#13809));
#13809 = FILL_AREA_STYLE_COLOUR('',#13676);
#13810 = OVER_RIDING_STYLED_ITEM('overriding color',(#13811),#2143,
  #13659);
#13811 = PRESENTATION_STYLE_ASSIGNMENT((#13812));
#13812 = SURFACE_STYLE_USAGE(.BOTH.,#13813);
#13813 = SURFACE_SIDE_STYLE('',(#13814));
#13814 = SURFACE_STYLE_FILL_AREA(#13815);
#13815 = FILL_AREA_STYLE('',(#13816));
#13816 = FILL_AREA_STYLE_COLOUR('',#13676);
#13817 = OVER_RIDING_STYLED_ITEM('overriding color',(#13818),#2183,
  #13659);
#13818 = PRESENTATION_STYLE_ASSIGNMENT((#13819));
#13819 = SURFACE_STYLE_USAGE(.BOTH.,#13820);
#13820 = SURFACE_SIDE_STYLE('',(#13821));
#13821 = SURFACE_STYLE_FILL_AREA(#13822);
#13822 = FILL_AREA_STYLE('',(#13823));
#13823 = FILL_AREA_STYLE_COLOUR('',#13676);
#13824 = OVER_RIDING_STYLED_ITEM('overriding color',(#13825),#2216,
  #13659);
#13825 = PRESENTATION_STYLE_ASSIGNMENT((#13826));
#13826 = SURFACE_STYLE_USAGE(.BOTH.,#13827);
#13827 = SURFACE_SIDE_STYLE('',(#13828));
#13828 = SURFACE_STYLE_FILL_AREA(#13829);
#13829 = FILL_AREA_STYLE('',(#13830));
#13830 = FILL_AREA_STYLE_COLOUR('',#13676);
#13831 = OVER_RIDING_STYLED_ITEM('overriding color',(#13832),#2247,
  #13659);
#13832 = PRESENTATION_STYLE_ASSIGNMENT((#13833));
#13833 = SURFACE_STYLE_USAGE(.BOTH.,#13834);
#13834 = SURFACE_SIDE_STYLE('',(#13835));
#13835 = SURFACE_STYLE_FILL_AREA(#13836);
#13836 = FILL_AREA_STYLE('',(#13837));
#13837 = FILL_AREA_STYLE_COLOUR('',#13676);
#13838 = OVER_RIDING_STYLED_ITEM('overriding color',(#13839),#2271,
  #13659);
#13839 = PRESENTATION_STYLE_ASSIGNMENT((#13840));
#13840 = SURFACE_STYLE_USAGE(.BOTH.,#13841);
#13841 = SURFACE_SIDE_STYLE('',(#13842));
#13842 = SURFACE_STYLE_FILL_AREA(#13843);
#13843 = FILL_AREA_STYLE('',(#13844));
#13844 = FILL_AREA_STYLE_COLOUR('',#13676);
#13845 = OVER_RIDING_STYLED_ITEM('overriding color',(#13846),#2311,
  #13659);
#13846 = PRESENTATION_STYLE_ASSIGNMENT((#13847));
#13847 = SURFACE_STYLE_USAGE(.BOTH.,#13848);
#13848 = SURFACE_SIDE_STYLE('',(#13849));
#13849 = SURFACE_STYLE_FILL_AREA(#13850);
#13850 = FILL_AREA_STYLE('',(#13851));
#13851 = FILL_AREA_STYLE_COLOUR('',#13676);
#13852 = OVER_RIDING_STYLED_ITEM('overriding color',(#13853),#2344,
  #13659);
#13853 = PRESENTATION_STYLE_ASSIGNMENT((#13854));
#13854 = SURFACE_STYLE_USAGE(.BOTH.,#13855);
#13855 = SURFACE_SIDE_STYLE('',(#13856));
#13856 = SURFACE_STYLE_FILL_AREA(#13857);
#13857 = FILL_AREA_STYLE('',(#13858));
#13858 = FILL_AREA_STYLE_COLOUR('',#13676);
#13859 = OVER_RIDING_STYLED_ITEM('overriding color',(#13860),#2375,
  #13659);
#13860 = PRESENTATION_STYLE_ASSIGNMENT((#13861));
#13861 = SURFACE_STYLE_USAGE(.BOTH.,#13862);
#13862 = SURFACE_SIDE_STYLE('',(#13863));
#13863 = SURFACE_STYLE_FILL_AREA(#13864);
#13864 = FILL_AREA_STYLE('',(#13865));
#13865 = FILL_AREA_STYLE_COLOUR('',#13676);
#13866 = OVER_RIDING_STYLED_ITEM('overriding color',(#13867),#2399,
  #13659);
#13867 = PRESENTATION_STYLE_ASSIGNMENT((#13868));
#13868 = SURFACE_STYLE_USAGE(.BOTH.,#13869);
#13869 = SURFACE_SIDE_STYLE('',(#13870));
#13870 = SURFACE_STYLE_FILL_AREA(#13871);
#13871 = FILL_AREA_STYLE('',(#13872));
#13872 = FILL_AREA_STYLE_COLOUR('',#13676);
#13873 = OVER_RIDING_STYLED_ITEM('overriding color',(#13874),#2439,
  #13659);
#13874 = PRESENTATION_STYLE_ASSIGNMENT((#13875));
#13875 = SURFACE_STYLE_USAGE(.BOTH.,#13876);
#13876 = SURFACE_SIDE_STYLE('',(#13877));
#13877 = SURFACE_STYLE_FILL_AREA(#13878);
#13878 = FILL_AREA_STYLE('',(#13879));
#13879 = FILL_AREA_STYLE_COLOUR('',#13676);
#13880 = OVER_RIDING_STYLED_ITEM('overriding color',(#13881),#2472,
  #13659);
#13881 = PRESENTATION_STYLE_ASSIGNMENT((#13882));
#13882 = SURFACE_STYLE_USAGE(.BOTH.,#13883);
#13883 = SURFACE_SIDE_STYLE('',(#13884));
#13884 = SURFACE_STYLE_FILL_AREA(#13885);
#13885 = FILL_AREA_STYLE('',(#13886));
#13886 = FILL_AREA_STYLE_COLOUR('',#13676);
#13887 = OVER_RIDING_STYLED_ITEM('overriding color',(#13888),#2503,
  #13659);
#13888 = PRESENTATION_STYLE_ASSIGNMENT((#13889));
#13889 = SURFACE_STYLE_USAGE(.BOTH.,#13890);
#13890 = SURFACE_SIDE_STYLE('',(#13891));
#13891 = SURFACE_STYLE_FILL_AREA(#13892);
#13892 = FILL_AREA_STYLE('',(#13893));
#13893 = FILL_AREA_STYLE_COLOUR('',#13676);
#13894 = OVER_RIDING_STYLED_ITEM('overriding color',(#13895),#2527,
  #13659);
#13895 = PRESENTATION_STYLE_ASSIGNMENT((#13896));
#13896 = SURFACE_STYLE_USAGE(.BOTH.,#13897);
#13897 = SURFACE_SIDE_STYLE('',(#13898));
#13898 = SURFACE_STYLE_FILL_AREA(#13899);
#13899 = FILL_AREA_STYLE('',(#13900));
#13900 = FILL_AREA_STYLE_COLOUR('',#13676);
#13901 = OVER_RIDING_STYLED_ITEM('overriding color',(#13902),#2569,
  #13659);
#13902 = PRESENTATION_STYLE_ASSIGNMENT((#13903));
#13903 = SURFACE_STYLE_USAGE(.BOTH.,#13904);
#13904 = SURFACE_SIDE_STYLE('',(#13905));
#13905 = SURFACE_STYLE_FILL_AREA(#13906);
#13906 = FILL_AREA_STYLE('',(#13907));
#13907 = FILL_AREA_STYLE_COLOUR('',#13676);
#13908 = OVER_RIDING_STYLED_ITEM('overriding color',(#13909),#2593,
  #13659);
#13909 = PRESENTATION_STYLE_ASSIGNMENT((#13910));
#13910 = SURFACE_STYLE_USAGE(.BOTH.,#13911);
#13911 = SURFACE_SIDE_STYLE('',(#13912));
#13912 = SURFACE_STYLE_FILL_AREA(#13913);
#13913 = FILL_AREA_STYLE('',(#13914));
#13914 = FILL_AREA_STYLE_COLOUR('',#13676);
#13915 = OVER_RIDING_STYLED_ITEM('overriding color',(#13916),#2635,
  #13659);
#13916 = PRESENTATION_STYLE_ASSIGNMENT((#13917));
#13917 = SURFACE_STYLE_USAGE(.BOTH.,#13918);
#13918 = SURFACE_SIDE_STYLE('',(#13919));
#13919 = SURFACE_STYLE_FILL_AREA(#13920);
#13920 = FILL_AREA_STYLE('',(#13921));
#13921 = FILL_AREA_STYLE_COLOUR('',#13676);
#13922 = OVER_RIDING_STYLED_ITEM('overriding color',(#13923),#2659,
  #13659);
#13923 = PRESENTATION_STYLE_ASSIGNMENT((#13924));
#13924 = SURFACE_STYLE_USAGE(.BOTH.,#13925);
#13925 = SURFACE_SIDE_STYLE('',(#13926));
#13926 = SURFACE_STYLE_FILL_AREA(#13927);
#13927 = FILL_AREA_STYLE('',(#13928));
#13928 = FILL_AREA_STYLE_COLOUR('',#13676);
#13929 = OVER_RIDING_STYLED_ITEM('overriding color',(#13930),#2701,
  #13659);
#13930 = PRESENTATION_STYLE_ASSIGNMENT((#13931));
#13931 = SURFACE_STYLE_USAGE(.BOTH.,#13932);
#13932 = SURFACE_SIDE_STYLE('',(#13933));
#13933 = SURFACE_STYLE_FILL_AREA(#13934);
#13934 = FILL_AREA_STYLE('',(#13935));
#13935 = FILL_AREA_STYLE_COLOUR('',#13676);
#13936 = OVER_RIDING_STYLED_ITEM('overriding color',(#13937),#2725,
  #13659);
#13937 = PRESENTATION_STYLE_ASSIGNMENT((#13938));
#13938 = SURFACE_STYLE_USAGE(.BOTH.,#13939);
#13939 = SURFACE_SIDE_STYLE('',(#13940));
#13940 = SURFACE_STYLE_FILL_AREA(#13941);
#13941 = FILL_AREA_STYLE('',(#13942));
#13942 = FILL_AREA_STYLE_COLOUR('',#13676);
#13943 = OVER_RIDING_STYLED_ITEM('overriding color',(#13944),#2767,
  #13659);
#13944 = PRESENTATION_STYLE_ASSIGNMENT((#13945));
#13945 = SURFACE_STYLE_USAGE(.BOTH.,#13946);
#13946 = SURFACE_SIDE_STYLE('',(#13947));
#13947 = SURFACE_STYLE_FILL_AREA(#13948);
#13948 = FILL_AREA_STYLE('',(#13949));
#13949 = FILL_AREA_STYLE_COLOUR('',#13676);
#13950 = OVER_RIDING_STYLED_ITEM('overriding color',(#13951),#2791,
  #13659);
#13951 = PRESENTATION_STYLE_ASSIGNMENT((#13952));
#13952 = SURFACE_STYLE_USAGE(.BOTH.,#13953);
#13953 = SURFACE_SIDE_STYLE('',(#13954));
#13954 = SURFACE_STYLE_FILL_AREA(#13955);
#13955 = FILL_AREA_STYLE('',(#13956));
#13956 = FILL_AREA_STYLE_COLOUR('',#13676);
#13957 = OVER_RIDING_STYLED_ITEM('overriding color',(#13958),#2833,
  #13659);
#13958 = PRESENTATION_STYLE_ASSIGNMENT((#13959));
#13959 = SURFACE_STYLE_USAGE(.BOTH.,#13960);
#13960 = SURFACE_SIDE_STYLE('',(#13961));
#13961 = SURFACE_STYLE_FILL_AREA(#13962);
#13962 = FILL_AREA_STYLE('',(#13963));
#13963 = FILL_AREA_STYLE_COLOUR('',#13676);
#13964 = OVER_RIDING_STYLED_ITEM('overriding color',(#13965),#2857,
  #13659);
#13965 = PRESENTATION_STYLE_ASSIGNMENT((#13966));
#13966 = SURFACE_STYLE_USAGE(.BOTH.,#13967);
#13967 = SURFACE_SIDE_STYLE('',(#13968));
#13968 = SURFACE_STYLE_FILL_AREA(#13969);
#13969 = FILL_AREA_STYLE('',(#13970));
#13970 = FILL_AREA_STYLE_COLOUR('',#13676);
#13971 = OVER_RIDING_STYLED_ITEM('overriding color',(#13972),#2899,
  #13659);
#13972 = PRESENTATION_STYLE_ASSIGNMENT((#13973));
#13973 = SURFACE_STYLE_USAGE(.BOTH.,#13974);
#13974 = SURFACE_SIDE_STYLE('',(#13975));
#13975 = SURFACE_STYLE_FILL_AREA(#13976);
#13976 = FILL_AREA_STYLE('',(#13977));
#13977 = FILL_AREA_STYLE_COLOUR('',#13676);
#13978 = OVER_RIDING_STYLED_ITEM('overriding color',(#13979),#2923,
  #13659);
#13979 = PRESENTATION_STYLE_ASSIGNMENT((#13980));
#13980 = SURFACE_STYLE_USAGE(.BOTH.,#13981);
#13981 = SURFACE_SIDE_STYLE('',(#13982));
#13982 = SURFACE_STYLE_FILL_AREA(#13983);
#13983 = FILL_AREA_STYLE('',(#13984));
#13984 = FILL_AREA_STYLE_COLOUR('',#13676);
#13985 = OVER_RIDING_STYLED_ITEM('overriding color',(#13986),#2963,
  #13659);
#13986 = PRESENTATION_STYLE_ASSIGNMENT((#13987));
#13987 = SURFACE_STYLE_USAGE(.BOTH.,#13988);
#13988 = SURFACE_SIDE_STYLE('',(#13989));
#13989 = SURFACE_STYLE_FILL_AREA(#13990);
#13990 = FILL_AREA_STYLE('',(#13991));
#13991 = FILL_AREA_STYLE_COLOUR('',#13676);
#13992 = OVER_RIDING_STYLED_ITEM('overriding color',(#13993),#2996,
  #13659);
#13993 = PRESENTATION_STYLE_ASSIGNMENT((#13994));
#13994 = SURFACE_STYLE_USAGE(.BOTH.,#13995);
#13995 = SURFACE_SIDE_STYLE('',(#13996));
#13996 = SURFACE_STYLE_FILL_AREA(#13997);
#13997 = FILL_AREA_STYLE('',(#13998));
#13998 = FILL_AREA_STYLE_COLOUR('',#13676);
#13999 = OVER_RIDING_STYLED_ITEM('overriding color',(#14000),#3027,
  #13659);
#14000 = PRESENTATION_STYLE_ASSIGNMENT((#14001));
#14001 = SURFACE_STYLE_USAGE(.BOTH.,#14002);
#14002 = SURFACE_SIDE_STYLE('',(#14003));
#14003 = SURFACE_STYLE_FILL_AREA(#14004);
#14004 = FILL_AREA_STYLE('',(#14005));
#14005 = FILL_AREA_STYLE_COLOUR('',#13676);
#14006 = OVER_RIDING_STYLED_ITEM('overriding color',(#14007),#3051,
  #13659);
#14007 = PRESENTATION_STYLE_ASSIGNMENT((#14008));
#14008 = SURFACE_STYLE_USAGE(.BOTH.,#14009);
#14009 = SURFACE_SIDE_STYLE('',(#14010));
#14010 = SURFACE_STYLE_FILL_AREA(#14011);
#14011 = FILL_AREA_STYLE('',(#14012));
#14012 = FILL_AREA_STYLE_COLOUR('',#13676);
#14013 = OVER_RIDING_STYLED_ITEM('overriding color',(#14014),#3091,
  #13659);
#14014 = PRESENTATION_STYLE_ASSIGNMENT((#14015));
#14015 = SURFACE_STYLE_USAGE(.BOTH.,#14016);
#14016 = SURFACE_SIDE_STYLE('',(#14017));
#14017 = SURFACE_STYLE_FILL_AREA(#14018);
#14018 = FILL_AREA_STYLE('',(#14019));
#14019 = FILL_AREA_STYLE_COLOUR('',#13676);
#14020 = OVER_RIDING_STYLED_ITEM('overriding color',(#14021),#3124,
  #13659);
#14021 = PRESENTATION_STYLE_ASSIGNMENT((#14022));
#14022 = SURFACE_STYLE_USAGE(.BOTH.,#14023);
#14023 = SURFACE_SIDE_STYLE('',(#14024));
#14024 = SURFACE_STYLE_FILL_AREA(#14025);
#14025 = FILL_AREA_STYLE('',(#14026));
#14026 = FILL_AREA_STYLE_COLOUR('',#13676);
#14027 = OVER_RIDING_STYLED_ITEM('overriding color',(#14028),#3155,
  #13659);
#14028 = PRESENTATION_STYLE_ASSIGNMENT((#14029));
#14029 = SURFACE_STYLE_USAGE(.BOTH.,#14030);
#14030 = SURFACE_SIDE_STYLE('',(#14031));
#14031 = SURFACE_STYLE_FILL_AREA(#14032);
#14032 = FILL_AREA_STYLE('',(#14033));
#14033 = FILL_AREA_STYLE_COLOUR('',#13676);
#14034 = OVER_RIDING_STYLED_ITEM('overriding color',(#14035),#3179,
  #13659);
#14035 = PRESENTATION_STYLE_ASSIGNMENT((#14036));
#14036 = SURFACE_STYLE_USAGE(.BOTH.,#14037);
#14037 = SURFACE_SIDE_STYLE('',(#14038));
#14038 = SURFACE_STYLE_FILL_AREA(#14039);
#14039 = FILL_AREA_STYLE('',(#14040));
#14040 = FILL_AREA_STYLE_COLOUR('',#13676);
#14041 = OVER_RIDING_STYLED_ITEM('overriding color',(#14042),#3219,
  #13659);
#14042 = PRESENTATION_STYLE_ASSIGNMENT((#14043));
#14043 = SURFACE_STYLE_USAGE(.BOTH.,#14044);
#14044 = SURFACE_SIDE_STYLE('',(#14045));
#14045 = SURFACE_STYLE_FILL_AREA(#14046);
#14046 = FILL_AREA_STYLE('',(#14047));
#14047 = FILL_AREA_STYLE_COLOUR('',#13676);
#14048 = OVER_RIDING_STYLED_ITEM('overriding color',(#14049),#3252,
  #13659);
#14049 = PRESENTATION_STYLE_ASSIGNMENT((#14050));
#14050 = SURFACE_STYLE_USAGE(.BOTH.,#14051);
#14051 = SURFACE_SIDE_STYLE('',(#14052));
#14052 = SURFACE_STYLE_FILL_AREA(#14053);
#14053 = FILL_AREA_STYLE('',(#14054));
#14054 = FILL_AREA_STYLE_COLOUR('',#13676);
#14055 = OVER_RIDING_STYLED_ITEM('overriding color',(#14056),#3283,
  #13659);
#14056 = PRESENTATION_STYLE_ASSIGNMENT((#14057));
#14057 = SURFACE_STYLE_USAGE(.BOTH.,#14058);
#14058 = SURFACE_SIDE_STYLE('',(#14059));
#14059 = SURFACE_STYLE_FILL_AREA(#14060);
#14060 = FILL_AREA_STYLE('',(#14061));
#14061 = FILL_AREA_STYLE_COLOUR('',#13676);
#14062 = OVER_RIDING_STYLED_ITEM('overriding color',(#14063),#3307,
  #13659);
#14063 = PRESENTATION_STYLE_ASSIGNMENT((#14064));
#14064 = SURFACE_STYLE_USAGE(.BOTH.,#14065);
#14065 = SURFACE_SIDE_STYLE('',(#14066));
#14066 = SURFACE_STYLE_FILL_AREA(#14067);
#14067 = FILL_AREA_STYLE('',(#14068));
#14068 = FILL_AREA_STYLE_COLOUR('',#13676);
#14069 = OVER_RIDING_STYLED_ITEM('overriding color',(#14070),#3347,
  #13659);
#14070 = PRESENTATION_STYLE_ASSIGNMENT((#14071));
#14071 = SURFACE_STYLE_USAGE(.BOTH.,#14072);
#14072 = SURFACE_SIDE_STYLE('',(#14073));
#14073 = SURFACE_STYLE_FILL_AREA(#14074);
#14074 = FILL_AREA_STYLE('',(#14075));
#14075 = FILL_AREA_STYLE_COLOUR('',#13676);
#14076 = OVER_RIDING_STYLED_ITEM('overriding color',(#14077),#3380,
  #13659);
#14077 = PRESENTATION_STYLE_ASSIGNMENT((#14078));
#14078 = SURFACE_STYLE_USAGE(.BOTH.,#14079);
#14079 = SURFACE_SIDE_STYLE('',(#14080));
#14080 = SURFACE_STYLE_FILL_AREA(#14081);
#14081 = FILL_AREA_STYLE('',(#14082));
#14082 = FILL_AREA_STYLE_COLOUR('',#13676);
#14083 = OVER_RIDING_STYLED_ITEM('overriding color',(#14084),#3411,
  #13659);
#14084 = PRESENTATION_STYLE_ASSIGNMENT((#14085));
#14085 = SURFACE_STYLE_USAGE(.BOTH.,#14086);
#14086 = SURFACE_SIDE_STYLE('',(#14087));
#14087 = SURFACE_STYLE_FILL_AREA(#14088);
#14088 = FILL_AREA_STYLE('',(#14089));
#14089 = FILL_AREA_STYLE_COLOUR('',#13676);
#14090 = OVER_RIDING_STYLED_ITEM('overriding color',(#14091),#3435,
  #13659);
#14091 = PRESENTATION_STYLE_ASSIGNMENT((#14092));
#14092 = SURFACE_STYLE_USAGE(.BOTH.,#14093);
#14093 = SURFACE_SIDE_STYLE('',(#14094));
#14094 = SURFACE_STYLE_FILL_AREA(#14095);
#14095 = FILL_AREA_STYLE('',(#14096));
#14096 = FILL_AREA_STYLE_COLOUR('',#13676);
#14097 = OVER_RIDING_STYLED_ITEM('overriding color',(#14098),#3475,
  #13659);
#14098 = PRESENTATION_STYLE_ASSIGNMENT((#14099));
#14099 = SURFACE_STYLE_USAGE(.BOTH.,#14100);
#14100 = SURFACE_SIDE_STYLE('',(#14101));
#14101 = SURFACE_STYLE_FILL_AREA(#14102);
#14102 = FILL_AREA_STYLE('',(#14103));
#14103 = FILL_AREA_STYLE_COLOUR('',#13676);
#14104 = OVER_RIDING_STYLED_ITEM('overriding color',(#14105),#3508,
  #13659);
#14105 = PRESENTATION_STYLE_ASSIGNMENT((#14106));
#14106 = SURFACE_STYLE_USAGE(.BOTH.,#14107);
#14107 = SURFACE_SIDE_STYLE('',(#14108));
#14108 = SURFACE_STYLE_FILL_AREA(#14109);
#14109 = FILL_AREA_STYLE('',(#14110));
#14110 = FILL_AREA_STYLE_COLOUR('',#13676);
#14111 = OVER_RIDING_STYLED_ITEM('overriding color',(#14112),#3539,
  #13659);
#14112 = PRESENTATION_STYLE_ASSIGNMENT((#14113));
#14113 = SURFACE_STYLE_USAGE(.BOTH.,#14114);
#14114 = SURFACE_SIDE_STYLE('',(#14115));
#14115 = SURFACE_STYLE_FILL_AREA(#14116);
#14116 = FILL_AREA_STYLE('',(#14117));
#14117 = FILL_AREA_STYLE_COLOUR('',#13676);
#14118 = OVER_RIDING_STYLED_ITEM('overriding color',(#14119),#3563,
  #13659);
#14119 = PRESENTATION_STYLE_ASSIGNMENT((#14120));
#14120 = SURFACE_STYLE_USAGE(.BOTH.,#14121);
#14121 = SURFACE_SIDE_STYLE('',(#14122));
#14122 = SURFACE_STYLE_FILL_AREA(#14123);
#14123 = FILL_AREA_STYLE('',(#14124));
#14124 = FILL_AREA_STYLE_COLOUR('',#13676);
#14125 = OVER_RIDING_STYLED_ITEM('overriding color',(#14126),#3603,
  #13659);
#14126 = PRESENTATION_STYLE_ASSIGNMENT((#14127));
#14127 = SURFACE_STYLE_USAGE(.BOTH.,#14128);
#14128 = SURFACE_SIDE_STYLE('',(#14129));
#14129 = SURFACE_STYLE_FILL_AREA(#14130);
#14130 = FILL_AREA_STYLE('',(#14131));
#14131 = FILL_AREA_STYLE_COLOUR('',#13676);
#14132 = OVER_RIDING_STYLED_ITEM('overriding color',(#14133),#3636,
  #13659);
#14133 = PRESENTATION_STYLE_ASSIGNMENT((#14134));
#14134 = SURFACE_STYLE_USAGE(.BOTH.,#14135);
#14135 = SURFACE_SIDE_STYLE('',(#14136));
#14136 = SURFACE_STYLE_FILL_AREA(#14137);
#14137 = FILL_AREA_STYLE('',(#14138));
#14138 = FILL_AREA_STYLE_COLOUR('',#13676);
#14139 = OVER_RIDING_STYLED_ITEM('overriding color',(#14140),#3667,
  #13659);
#14140 = PRESENTATION_STYLE_ASSIGNMENT((#14141));
#14141 = SURFACE_STYLE_USAGE(.BOTH.,#14142);
#14142 = SURFACE_SIDE_STYLE('',(#14143));
#14143 = SURFACE_STYLE_FILL_AREA(#14144);
#14144 = FILL_AREA_STYLE('',(#14145));
#14145 = FILL_AREA_STYLE_COLOUR('',#13676);
#14146 = OVER_RIDING_STYLED_ITEM('overriding color',(#14147),#3691,
  #13659);
#14147 = PRESENTATION_STYLE_ASSIGNMENT((#14148));
#14148 = SURFACE_STYLE_USAGE(.BOTH.,#14149);
#14149 = SURFACE_SIDE_STYLE('',(#14150));
#14150 = SURFACE_STYLE_FILL_AREA(#14151);
#14151 = FILL_AREA_STYLE('',(#14152));
#14152 = FILL_AREA_STYLE_COLOUR('',#13676);
#14153 = OVER_RIDING_STYLED_ITEM('overriding color',(#14154),#3733,
  #13659);
#14154 = PRESENTATION_STYLE_ASSIGNMENT((#14155));
#14155 = SURFACE_STYLE_USAGE(.BOTH.,#14156);
#14156 = SURFACE_SIDE_STYLE('',(#14157));
#14157 = SURFACE_STYLE_FILL_AREA(#14158);
#14158 = FILL_AREA_STYLE('',(#14159));
#14159 = FILL_AREA_STYLE_COLOUR('',#13676);
#14160 = OVER_RIDING_STYLED_ITEM('overriding color',(#14161),#3757,
  #13659);
#14161 = PRESENTATION_STYLE_ASSIGNMENT((#14162));
#14162 = SURFACE_STYLE_USAGE(.BOTH.,#14163);
#14163 = SURFACE_SIDE_STYLE('',(#14164));
#14164 = SURFACE_STYLE_FILL_AREA(#14165);
#14165 = FILL_AREA_STYLE('',(#14166));
#14166 = FILL_AREA_STYLE_COLOUR('',#13676);
#14167 = OVER_RIDING_STYLED_ITEM('overriding color',(#14168),#3799,
  #13659);
#14168 = PRESENTATION_STYLE_ASSIGNMENT((#14169));
#14169 = SURFACE_STYLE_USAGE(.BOTH.,#14170);
#14170 = SURFACE_SIDE_STYLE('',(#14171));
#14171 = SURFACE_STYLE_FILL_AREA(#14172);
#14172 = FILL_AREA_STYLE('',(#14173));
#14173 = FILL_AREA_STYLE_COLOUR('',#13676);
#14174 = OVER_RIDING_STYLED_ITEM('overriding color',(#14175),#3823,
  #13659);
#14175 = PRESENTATION_STYLE_ASSIGNMENT((#14176));
#14176 = SURFACE_STYLE_USAGE(.BOTH.,#14177);
#14177 = SURFACE_SIDE_STYLE('',(#14178));
#14178 = SURFACE_STYLE_FILL_AREA(#14179);
#14179 = FILL_AREA_STYLE('',(#14180));
#14180 = FILL_AREA_STYLE_COLOUR('',#13676);
#14181 = OVER_RIDING_STYLED_ITEM('overriding color',(#14182),#3865,
  #13659);
#14182 = PRESENTATION_STYLE_ASSIGNMENT((#14183));
#14183 = SURFACE_STYLE_USAGE(.BOTH.,#14184);
#14184 = SURFACE_SIDE_STYLE('',(#14185));
#14185 = SURFACE_STYLE_FILL_AREA(#14186);
#14186 = FILL_AREA_STYLE('',(#14187));
#14187 = FILL_AREA_STYLE_COLOUR('',#13676);
#14188 = OVER_RIDING_STYLED_ITEM('overriding color',(#14189),#3889,
  #13659);
#14189 = PRESENTATION_STYLE_ASSIGNMENT((#14190));
#14190 = SURFACE_STYLE_USAGE(.BOTH.,#14191);
#14191 = SURFACE_SIDE_STYLE('',(#14192));
#14192 = SURFACE_STYLE_FILL_AREA(#14193);
#14193 = FILL_AREA_STYLE('',(#14194));
#14194 = FILL_AREA_STYLE_COLOUR('',#13676);
#14195 = OVER_RIDING_STYLED_ITEM('overriding color',(#14196),#3931,
  #13659);
#14196 = PRESENTATION_STYLE_ASSIGNMENT((#14197));
#14197 = SURFACE_STYLE_USAGE(.BOTH.,#14198);
#14198 = SURFACE_SIDE_STYLE('',(#14199));
#14199 = SURFACE_STYLE_FILL_AREA(#14200);
#14200 = FILL_AREA_STYLE('',(#14201));
#14201 = FILL_AREA_STYLE_COLOUR('',#13676);
#14202 = OVER_RIDING_STYLED_ITEM('overriding color',(#14203),#3955,
  #13659);
#14203 = PRESENTATION_STYLE_ASSIGNMENT((#14204));
#14204 = SURFACE_STYLE_USAGE(.BOTH.,#14205);
#14205 = SURFACE_SIDE_STYLE('',(#14206));
#14206 = SURFACE_STYLE_FILL_AREA(#14207);
#14207 = FILL_AREA_STYLE('',(#14208));
#14208 = FILL_AREA_STYLE_COLOUR('',#13676);
#14209 = OVER_RIDING_STYLED_ITEM('overriding color',(#14210),#3997,
  #13659);
#14210 = PRESENTATION_STYLE_ASSIGNMENT((#14211));
#14211 = SURFACE_STYLE_USAGE(.BOTH.,#14212);
#14212 = SURFACE_SIDE_STYLE('',(#14213));
#14213 = SURFACE_STYLE_FILL_AREA(#14214);
#14214 = FILL_AREA_STYLE('',(#14215));
#14215 = FILL_AREA_STYLE_COLOUR('',#13676);
#14216 = OVER_RIDING_STYLED_ITEM('overriding color',(#14217),#4021,
  #13659);
#14217 = PRESENTATION_STYLE_ASSIGNMENT((#14218));
#14218 = SURFACE_STYLE_USAGE(.BOTH.,#14219);
#14219 = SURFACE_SIDE_STYLE('',(#14220));
#14220 = SURFACE_STYLE_FILL_AREA(#14221);
#14221 = FILL_AREA_STYLE('',(#14222));
#14222 = FILL_AREA_STYLE_COLOUR('',#13676);
#14223 = OVER_RIDING_STYLED_ITEM('overriding color',(#14224),#4063,
  #13659);
#14224 = PRESENTATION_STYLE_ASSIGNMENT((#14225));
#14225 = SURFACE_STYLE_USAGE(.BOTH.,#14226);
#14226 = SURFACE_SIDE_STYLE('',(#14227));
#14227 = SURFACE_STYLE_FILL_AREA(#14228);
#14228 = FILL_AREA_STYLE('',(#14229));
#14229 = FILL_AREA_STYLE_COLOUR('',#13676);
#14230 = OVER_RIDING_STYLED_ITEM('overriding color',(#14231),#4087,
  #13659);
#14231 = PRESENTATION_STYLE_ASSIGNMENT((#14232));
#14232 = SURFACE_STYLE_USAGE(.BOTH.,#14233);
#14233 = SURFACE_SIDE_STYLE('',(#14234));
#14234 = SURFACE_STYLE_FILL_AREA(#14235);
#14235 = FILL_AREA_STYLE('',(#14236));
#14236 = FILL_AREA_STYLE_COLOUR('',#13676);
#14237 = OVER_RIDING_STYLED_ITEM('overriding color',(#14238),#4129,
  #13659);
#14238 = PRESENTATION_STYLE_ASSIGNMENT((#14239));
#14239 = SURFACE_STYLE_USAGE(.BOTH.,#14240);
#14240 = SURFACE_SIDE_STYLE('',(#14241));
#14241 = SURFACE_STYLE_FILL_AREA(#14242);
#14242 = FILL_AREA_STYLE('',(#14243));
#14243 = FILL_AREA_STYLE_COLOUR('',#13676);
#14244 = OVER_RIDING_STYLED_ITEM('overriding color',(#14245),#4153,
  #13659);
#14245 = PRESENTATION_STYLE_ASSIGNMENT((#14246));
#14246 = SURFACE_STYLE_USAGE(.BOTH.,#14247);
#14247 = SURFACE_SIDE_STYLE('',(#14248));
#14248 = SURFACE_STYLE_FILL_AREA(#14249);
#14249 = FILL_AREA_STYLE('',(#14250));
#14250 = FILL_AREA_STYLE_COLOUR('',#13676);
#14251 = OVER_RIDING_STYLED_ITEM('overriding color',(#14252),#4195,
  #13659);
#14252 = PRESENTATION_STYLE_ASSIGNMENT((#14253));
#14253 = SURFACE_STYLE_USAGE(.BOTH.,#14254);
#14254 = SURFACE_SIDE_STYLE('',(#14255));
#14255 = SURFACE_STYLE_FILL_AREA(#14256);
#14256 = FILL_AREA_STYLE('',(#14257));
#14257 = FILL_AREA_STYLE_COLOUR('',#13676);
#14258 = OVER_RIDING_STYLED_ITEM('overriding color',(#14259),#4219,
  #13659);
#14259 = PRESENTATION_STYLE_ASSIGNMENT((#14260));
#14260 = SURFACE_STYLE_USAGE(.BOTH.,#14261);
#14261 = SURFACE_SIDE_STYLE('',(#14262));
#14262 = SURFACE_STYLE_FILL_AREA(#14263);
#14263 = FILL_AREA_STYLE('',(#14264));
#14264 = FILL_AREA_STYLE_COLOUR('',#13676);
#14265 = OVER_RIDING_STYLED_ITEM('overriding color',(#14266),#4261,
  #13659);
#14266 = PRESENTATION_STYLE_ASSIGNMENT((#14267));
#14267 = SURFACE_STYLE_USAGE(.BOTH.,#14268);
#14268 = SURFACE_SIDE_STYLE('',(#14269));
#14269 = SURFACE_STYLE_FILL_AREA(#14270);
#14270 = FILL_AREA_STYLE('',(#14271));
#14271 = FILL_AREA_STYLE_COLOUR('',#13676);
ENDSEC;
END-ISO-10303-21;
