freq_hz,freq_over_rbw,magnitude_db
0,0,1.92865493310657e-15
4.16666666666667,0.000416666666666667,-2.02738597043917e-06
8.33333333333333,0.000833333333333333,-8.10733591437127e-06
12.5,0.00125,-1.82332282603945e-05
16.6666666666667,0.00166666666666667,-3.23940349498227e-05
20.8333333333333,0.00208333333333333,-5.05743333675713e-05
25,0.0025,-7.27543228802169e-05
29.1666666666667,0.00291666666666667,-9.89098461205821e-05
33.3333333333333,0.00333333333333333,-0.000129012415037791
37.5,0.00375,-0.000163029241533227
41.6666666666667,0.00416666666666667,-0.000200923272704486
45.8333333333333,0.00458333333333333,-0.00024265323079575
50,0.005,-0.000288173657542293
54.1666666666667,0.00541666666666667,-0.000337434963158214
58.3333333333333,0.00583333333333333,-0.000390383479707423
62.5,0.00625,-0.000446961518843911
66.6666666666667,0.00666666666666667,-0.000507107434001966
70.8333333333333,0.00708333333333333,-0.000570755686687911
75,0.0075,-0.000637836917135505
79.1666666666667,0.00791666666666667,-0.000708278018982542
83.3333333333333,0.00833333333333333,-0.000782002218039018
87.5,0.00875,-0.000858929155005116
91.6666666666667,0.00916666666666667,-0.000938974972080273
95.8333333333333,0.00958333333333333,-0.00102205240331879
100,0.01,-0.00110807086873984
104.166666666667,0.0104166666666667,-0.00119693657196934
108.333333333333,0.0108333333333333,-0.00128855260142631
112.5,0.01125,-0.00138281903483421
116.666666666667,0.0116666666666667,-0.00147963304700231
120.833333333333,0.0120833333333333,-0.00157888902084466
125,0.0125,-0.00168047866135702
129.166666666667,0.0129166666666667,-0.00178429111254811
133.333333333333,0.0133333333333333,-0.00189021307712183
137.5,0.01375,-0.00199812893890175
141.666666666667,0.0141666666666667,-0.00210792088773648
145.833333333333,0.0145833333333333,-0.00221946904682915
150,0.015,-0.00233265160232182
154.166666666667,0.0154166666666667,-0.00244734493503936
158.333333333333,0.0158333333333333,-0.00256342375421007
162.5,0.01625,-0.00268076123300837
166.666666666667,0.0166666666666667,-0.00279922914586311
170.833333333333,0.0170833333333333,-0.00291869800727054
175,0.0175,-0.00303903721204552
179.166666666667,0.0179166666666667,-0.00316011517678645
183.333333333333,0.0183333333333333,-0.00328179948254234
187.5,0.01875,-0.00340395701834038
191.666666666667,0.0191666666666667,-0.0035264541255719
195.833333333333,0.0195833333333333,-0.00364915674298068
200,0.02,-0.00377193055220771
204.166666666667,0.0204166666666667,-0.00389464112358987
208.333333333333,0.0208333333333333,-0.00401715406222039
212.5,0.02125,-0.00413933515395848
216.666666666667,0.0216666666666667,-0.00426105051133702
220.833333333333,0.0220833333333333,-0.00438216671920101
225,0.0225,-0.0045025509798285
229.166666666667,0.0229166666666667,-0.00462207125751134
233.333333333333,0.0233333333333333,-0.00474059642232189
237.5,0.02375,-0.00485799639297239
241.666666666667,0.0241666666666667,-0.00497414227866858
245.833333333333,0.0245833333333333,-0.00508890651959462
250,0.025,-0.00520216302612666
254.166666666667,0.0254166666666667,-0.00531378731650348
258.333333333333,0.0258333333333333,-0.00542365665276856
262.5,0.02625,-0.0055316501749184
266.666666666667,0.0266666666666667,-0.00563764903306241
270.833333333333,0.0270833333333333,-0.00574153651745475
275,0.0275,-0.00584319818628051
279.166666666667,0.0279166666666667,-0.00594252199102069
283.333333333333,0.0283333333333333,-0.00603939839928686
287.5,0.02875,-0.006133720515003
291.666666666667,0.0291666666666667,-0.00622538419570948
295.833333333333,0.0295833333333333,-0.00631428816701887
300,0.03,-0.00640033413395822
304.166666666667,0.0304166666666667,-0.00648342688912692
308.333333333333,0.0308333333333333,-0.00656347441757926
312.5,0.03125,-0.00664038799825977
316.666666666667,0.0316666666666667,-0.00671408230192055
320.833333333333,0.0320833333333333,-0.00678447548541516
325,0.0325,-0.00685148928218753
329.166666666667,0.0329166666666667,-0.00691504908900198
333.333333333333,0.0333333333333333,-0.0069750840486305
337.5,0.03375,-0.00703152712864005
341.666666666667,0.0341666666666667,-0.00708431519589572
345.833333333333,0.0345833333333333,-0.00713338908701536
350,0.035,-0.00717869367442443
354.166666666667,0.0354166666666667,-0.00722017792810394
358.333333333333,0.0358333333333333,-0.00725779497291309
362.5,0.03625,-0.00729150214139054
366.666666666667,0.0366666666666667,-0.00732126102205394
370.833333333333,0.0370833333333333,-0.00734703750302194
375,0.0375,-0.00736880181103939
379.166666666667,0.0379166666666667,-0.00738652854577529
383.333333333333,0.0383333333333333,-0.00740019670936178
387.5,0.03875,-0.00740978973119639
391.666666666667,0.0391666666666667,-0.00741529548791717
395.833333333333,0.0395833333333333,-0.00741670631853091
400,0.04,-0.00741401903471026
404.166666666667,0.0404166666666667,-0.00740723492624625
408.333333333333,0.0408333333333333,-0.00739635976159987
412.5,0.04125,-0.00738140378356543
416.666666666667,0.0416666666666667,-0.00736238170013459
420.833333333333,0.0420833333333333,-0.00733931267042633
425,0.0425,-0.00731222028576724
429.166666666667,0.0429166666666667,-0.00728113254600374
433.333333333333,0.0433333333333333,-0.00724608183094777
437.5,0.04375,-0.00720710486703854
441.666666666667,0.0441666666666667,-0.00716424268932016
445.833333333333,0.0445833333333333,-0.00711754059866164
450,0.045,-0.00706704811430856
454.166666666667,0.0454166666666667,-0.00701281892188253
458.333333333333,0.0458333333333333,-0.0069549108167315
462.5,0.04625,-0.00689338564290092
466.666666666667,0.0466666666666667,-0.00682830922756216
470.833333333333,0.0470833333333333,-0.0067597513111425
475,0.0475,-0.00668778547316799
479.166666666667,0.0479166666666667,-0.00661248905386662
483.333333333333,0.0483333333333333,-0.00653394307162435
487.5,0.04875,-0.0064522321365096
491.666666666667,0.0491666666666667,-0.00636744435975709
495.833333333333,0.0495833333333333,-0.00627967125939087
500,0.05,-0.00618900766218174
504.166666666667,0.0504166666666667,-0.00609555160195569
508.333333333333,0.0508333333333333,-0.0059994042142421
512.5,0.05125,-0.00590066962768857
516.666666666667,0.0516666666666667,-0.00579945485206014
520.833333333333,0.0520833333333333,-0.00569586966305591
525,0.0525,-0.00559002648411107
529.166666666667,0.0529166666666667,-0.00548204026528302
533.333333333333,0.0533333333333333,-0.00537202835923717
537.5,0.05375,-0.00526011039470695
541.666666666667,0.0541666666666667,-0.00514640814730165
545.833333333333,0.0545833333333333,-0.00503104540801322
550,0.055,-0.00491414784938827
554.166666666667,0.0554166666666667,-0.00479584288966895
558.333333333333,0.0558333333333333,-0.00467625955499013
562.5,0.05625,-0.00455552833962211
566.666666666667,0.0566666666666667,-0.00443378106475107
570.833333333333,0.0570833333333333,-0.00431115073561263
575,0.0575,-0.00418777139731434
579.166666666667,0.0579166666666667,-0.00406377798947561
583.333333333333,0.0583333333333333,-0.00393930619982668
587.5,0.05875,-0.00381449231686998
591.666666666667,0.0591666666666667,-0.00368947308189465
595.833333333333,0.0595833333333333,-0.00356438554036897
600,0.06,-0.00343936689298123
604.166666666667,0.0604166666666667,-0.00331455434633586
608.333333333333,0.0608333333333333,-0.00319008496371217
612.5,0.06125,-0.00306609551578227
616.666666666667,0.0616666666666667,-0.00294272233158796
620.833333333333,0.0620833333333333,-0.00282010114998954
625,0.0625,-0.00269836697157332
629.166666666667,0.0629166666666667,-0.00257765391135095
633.333333333333,0.0633333333333333,-0.00245809505232516
637.5,0.06375,-0.00233982230001721
641.666666666667,0.0641666666666667,-0.00222296623832941
645.833333333333,0.0645833333333333,-0.00210765598660732
650,0.065,-0.00199401905832766
654.166666666667,0.0654166666666667,-0.00188218122131498
658.333333333333,0.0658333333333333,-0.00177226635992632
662.5,0.06625,-0.00166439633901702
666.666666666667,0.0666666666666667,-0.00155869087014308
670.833333333333,0.0670833333333333,-0.00145526737992105
675,0.0675,-0.00135424088085222
679.166666666667,0.0679166666666667,-0.00125572384461571
683.333333333333,0.0683333333333333,-0.00115982607804464
687.5,0.06875,-0.0010666546019074
691.666666666667,0.0691666666666667,-0.000976313532659879
695.833333333333,0.0695833333333333,-0.000888903967168274
700,0.07,-0.000804523870682746
704.166666666667,0.0704166666666667,-0.000723267968132113
708.333333333333,0.0708333333333333,-0.000645227638778689
712.5,0.07125,-0.000570490814470194
716.666666666667,0.0716666666666667,-0.000499141881541434
720.833333333333,0.0720833333333333,-0.000431261586417525
725,0.0725,-0.000366926945148853
729.166666666667,0.0729166666666667,-0.000306211156881386
733.333333333333,0.0733333333333333,-0.000249183521395227
737.5,0.07375,-0.000195909360720917
741.666666666667,0.0741666666666667,-0.000146449945115015
745.833333333333,0.0745833333333333,-0.000100862423266692
750,0.075,-5.91997568984269e-05
754.166666666667,0.0754166666666667,-2.15106598776635e-05
758.333333333333,0.0758333333333333,1.21604581699225e-05
762.5,0.07625,4.17735436091748e-05
766.666666666667,0.0766666666666667,6.72929459404342e-05
770.833333333333,0.0770833333333333,8.86874601780984e-05
775,0.0775,0.000105930364476468
779.166666666667,0.0779166666666667,0.000118999453005844
783.333333333333,0.0783333333333333,0.000127877063880151
787.5,0.07875,0.00013255010227186
791.666666666667,0.0791666666666667,0.000133010058639586
795.833333333333,0.0795833333333333,0.000129253021933834
800,0.08,0.000121279687950913
804.166666666667,0.0804166666666667,0.000109095362623032
808.333333333333,0.0808333333333333,9.27099604239437e-05
812.5,0.08125,7.21379977569217e-05
816.666666666667,0.0816666666666667,4.73985813054698e-05
820.833333333333,0.0820833333333333,1.8515391554616e-05
825,0.0825,-1.4483338750218e-05
829.166666666667,0.0829166666666667,-5.15648510860178e-05
833.333333333333,0.0833333333333333,-9.26918924627885e-05
837.5,0.08375,-0.000137822751717307
841.666666666667,0.0841666666666667,-0.000186911300598324
845.833333333333,0.0845833333333333,-0.000239907039681169
850,0.085,-0.000296755149086182
854.166666666667,0.0854166666666667,-0.000357396543854999
858.333333333333,0.0858333333333333,-0.000421767934057701
862.5,0.08625,-0.00048980188949472
866.666666666667,0.0866666666666667,-0.000561426908871926
870.833333333333,0.0870833333333333,-0.000636567493594567
875,0.0875,-0.000715144225830107
879.166666666667,0.0879166666666667,-0.000797073850987716
883.333333333333,0.0883333333333333,-0.00088226936437165
887.5,0.08875,-0.00097064010203103
891.666666666667,0.0891666666666667,-0.0010620918357051
895.833333333333,0.0895833333333333,-0.00115652687162139
900,0.09,-0.00125384415327732
904.166666666667,0.0904166666666667,-0.00135393936792901
908.333333333333,0.0908333333333333,-0.00145670505674526
912.5,0.09125,-0.00156203072848628
916.666666666667,0.0916666666666667,-0.00166980297661421
920.833333333333,0.0920833333333333,-0.00177990559965725
925,0.0925,-0.00189221972488574
929.166666666667,0.0929166666666667,-0.00200662393480953
933.333333333333,0.0933333333333333,-0.00212299439683079
937.5,0.09375,-0.00224120499551592
941.666666666667,0.0941666666666667,-0.00236112746751493
945.833333333333,0.0945833333333333,-0.00248263153910608
950,0.095,-0.00260558506592581
954.166666666667,0.0954166666666667,-0.00272985417504985
958.333333333333,0.0958333333333333,-0.00285530340901624
962.5,0.09625,-0.00298179587183518
966.666666666667,0.0966666666666667,-0.00310919337672682
970.833333333333,0.0970833333333333,-0.00323735659543671
975,0.0975,-0.00336614520895953
979.166666666667,0.0979166666666667,-0.00349541805963526
983.333333333333,0.0983333333333333,-0.00362503330423785
987.5,0.09875,-0.00375484856810427
991.666666666667,0.0991666666666667,-0.00388472109996688
995.833333333333,0.0995833333333333,-0.00401450792748482
1000,0.1,-0.00414406601314274
1004.16666666667,0.100416666666667,-0.00427325241048129
1008.33333333333,0.100833333333333,-0.00440192442043654
1012.5,0.10125,-0.00452993974758439
1016.66666666667,0.101666666666667,-0.00465715665619721
1020.83333333333,0.102083333333333,-0.0047834341258852
1025,0.1025,-0.00490863200666952
1029.16666666667,0.102916666666667,-0.00503261117332129
1033.33333333333,0.103333333333333,-0.00515523367879075
1037.5,0.10375,-0.00527636290659346
1041.66666666667,0.104166666666667,-0.00539586372188856
1045.83333333333,0.104583333333333,-0.00551360262124116
1050,0.105,-0.00562944788071881
1054.16666666667,0.105416666666667,-0.00574326970231755
1058.33333333333,0.105833333333333,-0.0058549403584783
1062.5,0.10625,-0.00596433433449973
1066.66666666667,0.106666666666667,-0.00607132846880599
1070.83333333333,0.107083333333333,-0.00617580209079023
1075,0.1075,-0.00627763715612652
1079.16666666667,0.107916666666667,-0.00637671837943409
1083.33333333333,0.108333333333333,-0.0064729333641294
1087.5,0.10875,-0.00656617272919532
1091.66666666667,0.109166666666667,-0.00665633023299054
1095.83333333333,0.109583333333333,-0.00674330289365367
1100,0.11,-0.00682699110624918
1104.16666666667,0.110416666666667,-0.00690729875624638
1108.33333333333,0.110833333333333,-0.00698413332943895
1112.5,0.11125,-0.00705740601807368
1116.66666666667,0.111666666666667,-0.00712703182299309
1120.83333333333,0.112083333333333,-0.00719292965187337
1125,0.1125,-0.00725502241322307
1129.16666666667,0.112916666666667,-0.00731323710619746
1133.33333333333,0.113333333333333,-0.00736750490602324
1137.5,0.11375,-0.00741776124501035
1141.66666666667,0.114166666666667,-0.0074639458889412
1145.83333333333,0.114583333333333,-0.00750600300895676
1150,0.115,-0.00754388124856331
1154.16666666667,0.115416666666667,-0.00757753378593632
1158.33333333333,0.115833333333333,-0.00760691839132686
1162.5,0.11625,-0.0076319974794657
1166.66666666667,0.116666666666667,-0.00765273815703782
1170.83333333333,0.117083333333333,-0.00766911226499641
1175,0.1175,-0.00768109641582044
1179.16666666667,0.117916666666667,-0.00768867202554667
1183.33333333333,0.118333333333333,-0.00769182534058893
1187.5,0.11875,-0.00769054745932075
1191.66666666667,0.119166666666667,-0.00768483434833586
1195.83333333333,0.119583333333333,-0.0076746868534711
1200,0.12,-0.00766011070535036
1204.16666666667,0.120416666666667,-0.00764111651975057
1208.33333333333,0.120833333333333,-0.00761771979247914
1212.5,0.12125,-0.00758994088897744
1216.66666666667,0.121666666666667,-0.00755780502851866
1220.83333333333,0.122083333333333,-0.0075213422631086
1225,0.1225,-0.00748058745098243
1229.16666666667,0.122916666666667,-0.00743558022489696
1233.33333333333,0.123333333333333,-0.00738636495503932
1237.5,0.12375,-0.00733299070679636
1241.66666666667,0.124166666666667,-0.00727551119320978
1245.83333333333,0.124583333333333,-0.00721398472233094
1250,0.125,-0.00714847413948942
1254.16666666667,0.125416666666667,-0.007079046764408
1258.33333333333,0.125833333333333,-0.00700577432343416
1262.5,0.12625,-0.00692873287678706
1266.66666666667,0.126666666666667,-0.00684800274098323
1270.83333333333,0.127083333333333,-0.00676366840640592
1275,0.1275,-0.00667581845035121
1279.16666666667,0.127916666666667,-0.00658454544527566
1283.33333333333,0.128333333333333,-0.0064899458626831
1287.5,0.12875,-0.00639211997255685
1291.66666666667,0.129166666666667,-0.00629117173845847
1295.83333333333,0.129583333333333,-0.00618720870850919
1300,0.13,-0.00608034190219958
1304.16666666667,0.130416666666667,-0.005970685693316
1308.33333333333,0.130833333333333,-0.00585835768899694
1312.5,0.13125,-0.00574347860504752
1316.66666666667,0.131666666666667,-0.00562617213777526
1320.83333333333,0.132083333333333,-0.00550656483223007
1325,0.1325,-0.00538478594730947
1329.16666666667,0.132916666666667,-0.00526096731756926
1333.33333333333,0.133333333333333,-0.00513524321206356
1337.5,0.13375,-0.00500775019038625
1341.66666666667,0.134166666666667,-0.00487862695589103
1345.83333333333,0.134583333333333,-0.00474801420643381
1350,0.135,-0.00461605448270313
1354.16666666667,0.135416666666667,-0.00448289201429581
1358.33333333333,0.135833333333333,-0.0043486725638041
1362.5,0.13625,-0.00421354326887043
1366.66666666667,0.136666666666667,-0.00407765248266393
1370.83333333333,0.137083333333333,-0.00394114961265446
1375,0.1375,-0.00380418495813697
1379.16666666667,0.137916666666667,-0.00366690954646178
1383.33333333333,0.138333333333333,-0.00352947496821379
1387.5,0.13875,-0.00339203321167599
1391.66666666667,0.139166666666667,-0.0032547364964177
1395.83333333333,0.139583333333333,-0.00311773710653163
1400,0.14,-0.00298118722354199
1404.16666666667,0.140416666666667,-0.00284523875911874
1408.33333333333,0.140833333333333,-0.00271004318786591
1412.5,0.14125,-0.00257575138037924
1416.66666666667,0.141666666666667,-0.00244251343665949
1420.83333333333,0.142083333333333,-0.00231047852014682
1425,0.1425,-0.00217979469254683
1429.16666666667,0.142916666666667,-0.00205060874953706
1433.33333333333,0.143333333333333,-0.00192306605769676
1437.5,0.14375,-0.00179731039272707
1441.66666666667,0.144166666666667,-0.00167348377907662
1445.83333333333,0.144583333333333,-0.00155172633134889
1450,0.145,-0.00143217609749804
1454.16666666667,0.145416666666667,-0.00131496890398385
1458.33333333333,0.145833333333333,-0.00120023820322302
1462.5,0.14625,-0.00108811492327669
1466.66666666667,0.146666666666667,-0.000978727320116966
1470.83333333333,0.147083333333333,-0.000872200832566565
1475,0.1475,-0.000768657940079433
1479.16666666667,0.147916666666667,-0.000668218023478494
1483.33333333333,0.148333333333333,-0.000570997228909998
1487.5,0.14875,-0.000477108335038733
1491.66666666667,0.149166666666667,-0.000386660623774416
1495.83333333333,0.149583333333333,-0.000299759754518709
1500,0.15,-0.000216507642194221
1504.16666666667,0.150416666666667,-0.000137002339151946
1508.33333333333,0.150833333333333,-6.1337921071936e-05
1512.5,0.15125,1.03956229846038e-05
1516.66666666667,0.151666666666667,7.81124962482532e-05
1520.83333333333,0.152083333333333,0.000141731195526405
1525,0.1525,0.000201174608044246
1529.16666666667,0.152916666666667,0.00025637010353284
1533.33333333333,0.153333333333333,0.000307249621767439
1537.5,0.15375,0.000353749755121624
1541.66666666667,0.154166666666667,0.000395811826301626
1545.83333333333,0.154583333333333,0.000433381961035467
1550,0.155,0.000466411155597518
1554.16666666667,0.155416666666667,0.000494855339286134
1558.33333333333,0.155833333333333,0.000518675431499406
1562.5,0.15625,0.000537837393537945
1566.66666666667,0.156666666666667,0.000552312275016645
1570.83333333333,0.157083333333333,0.000562076254799934
1575,0.1575,0.000567110676415392
1579.16666666667,0.157916666666667,0.000567402077950546
1583.33333333333,0.158333333333333,0.000562942216279334
1587.5,0.15875,0.00055372808566703
1591.66666666667,0.159166666666667,0.000539761930740534
1595.83333333333,0.159583333333333,0.000521051253718126
1600,0.16,0.000497608815910273
1604.16666666667,0.160416666666667,0.000469452633562616
1608.33333333333,0.160833333333333,0.000436605967840177
1612.5,0.16125,0.000399097309187462
1616.66666666667,0.161666666666667,0.000356960355880441
1620.83333333333,0.162083333333333,0.000310233986896702
1625,0.1625,0.000258962229031234
1629.16666666667,0.162916666666667,0.000203194218376044
1633.33333333333,0.163333333333333,0.000142984156142767
1637.5,0.16375,7.83912587918323e-05
1641.66666666667,0.164166666666667,9.47970270544244e-06
1645.83333333333,0.164583333333333,-6.36814367953763e-05
1650,0.165,-0.000141018251787126
1654.16666666667,0.165416666666667,-0.00022245207363459
1658.33333333333,0.165833333333333,-0.000307899550094204
1662.5,0.16625,-0.000397272727809115
1666.66666666667,0.166666666666667,-0.000490479139963339
1670.83333333333,0.167083333333333,-0.000587421899019729
1675,0.1675,-0.000687999794601535
1679.16666666667,0.167916666666667,-0.000792107396153121
1683.33333333333,0.168333333333333,-0.000899635160636505
1687.5,0.16875,-0.00101046954475472
1691.66666666667,0.169166666666667,-0.00112449312197706
1695.83333333333,0.169583333333333,-0.00124158470394316
1700,0.17,-0.00136161946635894
1704.16666666667,0.170416666666667,-0.00148446907906638
1708.33333333333,0.170833333333333,-0.00161000184030296
1712.5,0.17125,-0.00173808281493377
1716.66666666667,0.171666666666667,-0.00186857397653504
1720.83333333333,0.172083333333333,-0.00200133435322891
1725,0.1725,-0.00213622017700416
1729.16666666667,0.172916666666667,-0.00227308503653054
1733.33333333333,0.173333333333333,-0.00241178003315803
1737.5,0.17375,-0.0025521539400283
1741.66666666667,0.174166666666667,-0.00269405336415038
1745.83333333333,0.174583333333333,-0.00283732291114116
1750,0.175,-0.00298180535262019
1754.16666666667,0.175416666666667,-0.00312734179602179
1758.33333333333,0.175833333333333,-0.00327377185655234
1762.5,0.17625,-0.00342093383129057
1766.66666666667,0.176666666666667,-0.00356866487504668
1770.83333333333,0.177083333333333,-0.00371680117800653
1775,0.1775,-0.00386517814478693
1779.16666666667,0.177916666666667,-0.00401363057473219
1783.33333333333,0.178333333333333,-0.00416199284349016
1787.5,0.17875,-0.00431009908526755
1791.66666666667,0.179166666666667,-0.00445778337597478
1795.83333333333,0.179583333333333,-0.00460487991669347
1800,0.18,-0.00475122321764383
1804.16666666667,0.180416666666667,-0.00489664828214982
1808.33333333333,0.180833333333333,-0.00504099079045702
1812.5,0.18125,-0.00518408728335778
1816.66666666667,0.181666666666667,-0.00532577534527927
1820.83333333333,0.182083333333333,-0.0054658937866288
1825,0.1825,-0.00560428282524409
1829.16666666667,0.182916666666667,-0.00574078426678136
1833.33333333333,0.183333333333333,-0.00587524168373413
1837.5,0.18375,-0.00600750059295352
1841.66666666667,0.184166666666667,-0.00613740863147777
1845.83333333333,0.184583333333333,-0.00626481573043402
1850,0.185,-0.0063895742867948
1854.16666666667,0.185416666666667,-0.00651153933294483
1858.33333333333,0.185833333333333,-0.00663056870358465
1862.5,0.18625,-0.00674652320009141
1866.66666666667,0.186666666666667,-0.00685926675193154
1870.83333333333,0.187083333333333,-0.00696866657501194
1875,0.1875,-0.00707459332680159
1879.16666666667,0.187916666666667,-0.00717692125800485
1883.33333333333,0.188333333333333,-0.00727552836065296
1887.5,0.18875,-0.00737029651242099
1891.66666666667,0.189166666666667,-0.0074611116169198
1895.83333333333,0.189583333333333,-0.00754786373999518
1900,0.19,-0.00763044724165726
1904.16666666667,0.190416666666667,-0.00770876090356422
1908.33333333333,0.190833333333333,-0.00778270805204929
1912.5,0.19125,-0.00785219667621263
1916.66666666667,0.191666666666667,-0.00791713954127856
1920.83333333333,0.192083333333333,-0.00797745429689247
1925,0.1925,-0.00803306358024126
1929.16666666667,0.192916666666667,-0.00808389511389596
1933.33333333333,0.193333333333333,-0.00812988179827879
1937.5,0.19375,-0.00817096179857553
1941.66666666667,0.194166666666667,-0.00820707862601593
1945.83333333333,0.194583333333333,-0.00823818121344945
1950,0.195,-0.00826422398500727
1954.16666666667,0.195416666666667,-0.00828516691992677
1958.33333333333,0.195833333333333,-0.00830097561028264
1962.5,0.19625,-0.00831162131268844
1966.66666666667,0.196666666666667,-0.0083170809936912
1970.83333333333,0.197083333333333,-0.00831733736914328
1975,0.1975,-0.00831237893707952
1979.16666666667,0.197916666666667,-0.00830220000431498
1983.33333333333,0.198333333333333,-0.00828680070670386
1987.5,0.19875,-0.0082661870228332
1991.66666666667,0.199166666666667,-0.00824037078139954
1995.83333333333,0.199583333333333,-0.0082093696619336
2000,0.2,-0.00817320718918412
2004.16666666667,0.200416666666667,-0.00813191272081505
2008.33333333333,0.200833333333333,-0.0080855214286969
2012.5,0.20125,-0.00803407427363781
2016.66666666667,0.201666666666667,-0.00797761797360893
2020.83333333333,0.202083333333333,-0.00791620496546656
2025,0.2025,-0.0078498933602685
2029.16666666667,0.202916666666667,-0.00777874689205524
2033.33333333333,0.203333333333333,-0.00770283486036674
2037.5,0.20375,-0.00762223206636965
2041.66666666667,0.204166666666667,-0.00753701874264314
2045.83333333333,0.204583333333333,-0.00744728047683166
2050,0.205,-0.00735310812911451
2054.16666666667,0.205416666666667,-0.0072545977435747
2058.33333333333,0.205833333333333,-0.00715185045361972
2062.5,0.20625,-0.00704497238148303
2066.66666666667,0.206666666666667,-0.00693407453187914
2070.83333333333,0.207083333333333,-0.00681927268007075
2075,0.2075,-0.00670068725421664
2079.16666666667,0.207916666666667,-0.00657844321234091
2083.33333333333,0.208333333333333,-0.00645266991389653
2087.5,0.20875,-0.00632350098619924
2091.66666666667,0.209166666666667,-0.00619107418562003
2095.83333333333,0.209583333333333,-0.00605553125403408
2100,0.21,-0.00591701777030046
2104.16666666667,0.210416666666667,-0.00577568299722331
2108.33333333333,0.210833333333333,-0.00563167972394904
2112.5,0.21125,-0.00548516410413821
2116.66666666667,0.211666666666667,-0.00533629548988388
2120.83333333333,0.212083333333333,-0.00518523626171971
2125,0.2125,-0.00503215165483708
2129.16666666667,0.212916666666667,-0.00487720958164854
2133.33333333333,0.213333333333333,-0.00472058045095765
2137.5,0.21375,-0.00456243698392137
2141.66666666667,0.214166666666667,-0.00440295402687059
2145.83333333333,0.214583333333333,-0.00424230836144985
2150,0.215,-0.004080678511983
2154.16666666667,0.215416666666667,-0.00391824455049073
2158.33333333333,0.215833333333333,-0.00375518789946416
2162.5,0.21625,-0.0035916911326268
2166.66666666667,0.216666666666667,-0.00342793777395374
2170.83333333333,0.217083333333333,-0.00326411209503413
2175,0.2175,-0.00310039891114938
2179.16666666667,0.217916666666667,-0.00293698337619906
2183.33333333333,0.218333333333333,-0.00277405077670166
2187.5,0.21875,-0.0026117863251684
2191.66666666667,0.219166666666667,-0.00245037495291375
2195.83333333333,0.219583333333333,-0.00229000110275087
2200,0.22,-0.00213084852162134
2204.16666666667,0.220416666666667,-0.0019731000534604
2208.33333333333,0.220833333333333,-0.0018169374325027
2212.5,0.22125,-0.00166254107730894
2216.66666666667,0.221666666666667,-0.00151008988567164
2220.83333333333,0.222083333333333,-0.00135976103063743
2225,0.2225,-0.00121172975798578
2229.16666666667,0.222916666666667,-0.0010661691851842
2233.33333333333,0.223333333333333,-0.000923250102219068
2237.5,0.22375,-0.000783140774476901
2241.66666666667,0.224166666666667,-0.000646006747871386
2245.83333333333,0.224583333333333,-0.000512010656383717
2250,0.225,-0.00038131203246204
2254.16666666667,0.225416666666667,-0.000254067120175114
2258.33333333333,0.225833333333333,-0.000130428691537772
2262.5,0.22625,-1.05458662491946e-05
2266.66666666667,0.226666666666667,0.000105436065166861
2270.83333333333,0.227083333333333,0.000217375814321621
2275,0.2275,0.000325136264096268
2279.16666666667,0.227916666666667,0.000428584633641331
2283.33333333333,0.228333333333333,0.000527592638885158
2287.5,0.22875,0.000622036648699574
2291.66666666667,0.229166666666667,0.000711797836322105
2295.83333333333,0.229583333333333,0.000796762325788443
2300,0.23,0.000876821333448951
2304.16666666667,0.230416666666667,0.000951871304166573
2308.33333333333,0.230833333333333,0.0010218140421406
2312.5,0.23125,0.0010865568362254
2316.66666666667,0.231666666666667,0.00114601257947826
2320.83333333333,0.232083333333333,0.00120009988288603
2325,0.2325,0.00124874318314338
2329.16666666667,0.232916666666667,0.00129187284419688
2333.33333333333,0.233333333333333,0.00132942525266629
2337.5,0.23375,0.0013613429067162
2341.66666666667,0.234166666666667,0.00138757449860866
2345.83333333333,0.234583333333333,0.00140807499050548
2350,0.235,0.00142280568365201
2354.16666666667,0.235416666666667,0.00143173428061687
2358.33333333333,0.235833333333333,0.00143483494087674
2362.5,0.23625,0.00143208832909448
2366.66666666667,0.236666666666667,0.00142348165664314
2370.83333333333,0.237083333333333,0.00140900871572558
2375,0.2375,0.00138866990659343
2379.16666666667,0.237916666666667,0.00136247225727224
2383.33333333333,0.238333333333333,0.00133042943611106
2387.5,0.23875,0.00129256175702324
2391.66666666667,0.239166666666667,0.00124889617735249
2395.83333333333,0.239583333333333,0.00119946628826319
2400,0.24,0.00114431229789671
2404.16666666667,0.240416666666667,0.00108348100702251
2408.33333333333,0.240833333333333,0.00101702577729022
2412.5,0.24125,0.000945006492101977
2416.66666666667,0.241666666666667,0.00086748951014117
2420.83333333333,0.242083333333333,0.000784547611462526
2425,0.2425,0.000696259936375903
2429.16666666667,0.242916666666667,0.000602711916937447
2433.33333333333,0.243333333333333,0.000503995201252973
2437.5,0.24375,0.000400207570659377
2441.66666666667,0.244166666666667,0.000291452849714641
2445.83333333333,0.244583333333333,0.00017784080916012
2450,0.245,5.94870619356995e-05
2454.16666666667,0.245416666666667,-6.34870476158326e-05
2458.33333333333,0.245833333333333,-0.00019095456142732
2462.5,0.24625,-0.000322783032043919
2466.66666666667,0.246666666666667,-0.000458834653374962
2470.83333333333,0.247083333333333,-0.000598966398116682
2475,0.2475,-0.000743030161322403
2479.16666666667,0.247916666666667,-0.000890872910226515
2483.33333333333,0.248333333333333,-0.00104233684007375
2487.5,0.24875,-0.00119725953590199
2491.66666666667,0.249166666666667,-0.00135547414001658
2495.83333333333,0.249583333333333,-0.00151680952504546
2500,0.25,-0.00168109047243368
2504.16666666667,0.250416666666667,-0.00184813785612548
2508.33333333333,0.250833333333333,-0.00201776883136949
2512.5,0.25125,-0.00218979702828037
2516.66666666667,0.251666666666667,-0.00236403275022415
2520.83333333333,0.252083333333333,-0.00254028317647892
2525,0.2525,-0.00271835256932173
2529.16666666667,0.252916666666667,-0.00289804248510682
2533.33333333333,0.253333333333333,-0.0030791519891353
2537.5,0.25375,-0.00326147787420795
2541.66666666667,0.254166666666667,-0.00344481488250361
2545.83333333333,0.254583333333333,-0.00362895593065965
2550,0.255,-0.00381369233764631
2554.16666666667,0.255416666666667,-0.00399881405552975
2558.33333333333,0.255833333333333,-0.00418410990239561
2562.5,0.25625,-0.00436936779769615
2566.66666666667,0.256666666666667,-0.00455437499930254
2570.83333333333,0.257083333333333,-0.00473891834237913
2575,0.2575,-0.00492278447959585
2579.16666666667,0.257916666666667,-0.00510576012250544
2583.33333333333,0.258333333333333,-0.00528763228372921
2587.5,0.25875,-0.00546818851987466
2591.66666666667,0.259166666666667,-0.0056472171746949
2595.83333333333,0.259583333333333,-0.00582450762235635
2600,0.26,-0.00599985051048799
2604.16666666667,0.260416666666667,-0.00617303800276496
2608.33333333333,0.260833333333333,-0.00634386402075704
2612.5,0.26125,-0.00651212448468587
2616.66666666667,0.261666666666667,-0.00667761755295019
2620.83333333333,0.262083333333333,-0.00684014386004582
2625,0.2625,-0.00699950675261439
2629.16666666667,0.262916666666667,-0.00715551252340259
2633.33333333333,0.263333333333333,-0.00730797064278392
2637.5,0.26375,-0.00745669398763412
2641.66666666667,0.264166666666667,-0.00760149906724434
2645.83333333333,0.264583333333333,-0.00774220624604924
2650,0.265,-0.00787863996285773
2654.16666666667,0.265416666666667,-0.00801062894634446
2658.33333333333,0.265833333333333,-0.00813800642656876
2662.5,0.26625,-0.00826061034217942
2666.66666666667,0.266666666666667,-0.00837828354319427
2670.83333333333,0.267083333333333,-0.00849087398891917
2675,0.2675,-0.00859823494098876
2679.16666666667,0.267916666666667,-0.00870022515101152
2683.33333333333,0.268333333333333,-0.00879670904284971
2687.5,0.26875,-0.00888755688914696
2691.66666666667,0.269166666666667,-0.00897264498192389
2695.83333333333,0.269583333333333,-0.00905185579698281
2700,0.27,-0.0091250781520098
2704.16666666667,0.270416666666667,-0.00919220735801506
2708.33333333333,0.270833333333333,-0.00925314536407528
2712.5,0.27125,-0.00930780089504449
2716.66666666667,0.271666666666667,-0.00935608958211251
2720.83333333333,0.272083333333333,-0.00939793408605942
2725,0.2725,-0.0094332642129447
2729.16666666667,0.272916666666667,-0.00946201702217755
2733.33333333333,0.273333333333333,-0.00948413692668058
2737.5,0.27375,-0.00949957578514696
2741.66666666667,0.274166666666667,-0.0095082929861071
2745.83333333333,0.274583333333333,-0.00951025552386812
2750,0.275,-0.00950543806585183
2754.16666666667,0.275416666666667,-0.00949382301170053
2758.33333333333,0.275833333333333,-0.00947540054364882
2762.5,0.27625,-0.00945016866821907
2766.66666666667,0.276666666666667,-0.0094181332491912
2770.83333333333,0.277083333333333,-0.00937930803169684
2775,0.2775,-0.00933371465741935
2779.16666666667,0.277916666666667,-0.00928138267082109
2783.33333333333,0.278333333333333,-0.0092223495163513
2787.5,0.27875,-0.00915666052669221
2791.66666666667,0.279166666666667,-0.00908436890177154
2795.83333333333,0.279583333333333,-0.00900553567882684
2800,0.28,-0.00892022969339555
2804.16666666667,0.280416666666667,-0.0088285275310778
2808.33333333333,0.280833333333333,-0.00873051347038407
2812.5,0.28125,-0.00862627941650273
2816.66666666667,0.281666666666667,-0.00851592482598414
2820.83333333333,0.282083333333333,-0.00839955662262859
2825,0.2825,-0.00827728910432456
2829.16666666667,0.282916666666667,-0.00814924384116779
2833.33333333333,0.283333333333333,-0.00801554956480705
2837.5,0.28375,-0.00787634204908143
2841.66666666667,0.284166666666667,-0.00773176398222555
2845.83333333333,0.284583333333333,-0.00758196483041952
2850,0.285,-0.00742710069331952
2854.16666666667,0.285416666666667,-0.00726733415105853
2858.33333333333,0.285833333333333,-0.00710283410345487
2862.5,0.28625,-0.00693377560114995
2866.66666666667,0.286666666666667,-0.00676033966904245
2870.83333333333,0.287083333333333,-0.00658271312223654
2875,0.2875,-0.00640108837441981
2879.16666666667,0.287916666666667,-0.00621566323917133
2883.33333333333,0.288333333333333,-0.00602664072418391
2887.5,0.28875,-0.00583422881863833
2891.66666666667,0.289166666666667,-0.00563864027409866
2895.83333333333,0.289583333333333,-0.00544009237884171
2900,0.29,-0.00523880672624421
2904.16666666667,0.290416666666667,-0.00503500897705952
2908.33333333333,0.290833333333333,-0.00482892861619612
2912.5,0.29125,-0.004620798703894
2916.66666666667,0.291666666666667,-0.00441085562193944
2920.83333333333,0.292083333333333,-0.00419933881478198
2925,0.2925,-0.00398649052623763
2929.16666666667,0.292916666666667,-0.00377255553164618
2933.33333333333,0.293333333333333,-0.00355778086609947
2937.5,0.29375,-0.00334241554887463
2941.66666666667,0.294166666666667,-0.00312671030434788
2945.83333333333,0.294583333333333,-0.00291091727974864
2950,0.295,-0.0026952897600864
2954.16666666667,0.295416666666667,-0.0024800818804934
2958.33333333333,0.295833333333333,-0.00226554833619006
2962.5,0.29625,-0.00205194409078208
2966.66666666667,0.296666666666667,-0.00183952408270814
2970.83333333333,0.297083333333333,-0.00162854293046816
2975,0.2975,-0.0014192546369821
2979.16666666667,0.297916666666667,-0.00121191229311513
2983.33333333333,0.298333333333333,-0.00100676778112993
2987.5,0.29875,-0.000804071477971393
2991.66666666667,0.299166666666667,-0.000604071958995173
2995.83333333333,0.299583333333333,-0.000407015702428843
3000,0.3,-0.00021314679473543
3004.16666666667,0.300416666666667,-2.27066374920764e-05
3008.33333333333,0.300833333333333,0.000164066344174779
3012.5,0.30125,0.000346936990991635
3016.66666666667,0.301666666666667,0.000525673696722661
3020.83333333333,0.302083333333333,0.000700048692502821
3025,0.3025,0.00086983832826433
3029.16666666667,0.302916666666667,0.00103482335072245
3033.33333333333,0.303333333333333,0.00119478917776597
3037.5,0.30375,0.00134952616871814
3041.66666666667,0.304166666666667,0.00149882989038139
3045.83333333333,0.304583333333333,0.00164250137838626
3050,0.305,0.00178034739358663
3054.16666666667,0.305416666666667,0.00191218067313383
3058.33333333333,0.305833333333333,0.00203782017606289
3062.5,0.30625,0.0021570913229444
3066.66666666667,0.306666666666667,0.00226982622935464
3070.83333333333,0.307083333333333,0.00237586393287165
3075,0.3075,0.0024750506133711
3079.16666666667,0.307916666666667,0.00256723980621587
3083.33333333333,0.308333333333333,0.00265229260817656
3087.5,0.30875,0.00273007787574221
3091.66666666667,0.309166666666667,0.00280047241569654
3095.83333333333,0.309583333333333,0.00286336116741436
3100,0.31,0.00291863737699768
3104.16666666667,0.310416666666667,0.00296620276275588
3108.33333333333,0.310833333333333,0.00300596767187287
3112.5,0.31125,0.00303785122809468
3116.66666666667,0.311666666666667,0.00306178147007148
3120.83333333333,0.312083333333333,0.00307769548038888
3125,0.3125,0.00308553950485019
3129.16666666667,0.312916666666667,0.0030852690619723
3133.33333333333,0.313333333333333,0.00307684904238884
3137.5,0.31375,0.00306025379824913
3141.66666666667,0.314166666666667,0.00303546722206092
3145.83333333333,0.314583333333333,0.00300248281526835
3150,0.315,0.00296130374600029
3154.16666666667,0.315416666666667,0.00291194289621006
3158.33333333333,0.315833333333333,0.0028544228978984
3162.5,0.31625,0.00278877615837339
3166.66666666667,0.316666666666667,0.00271504487443278
3170.83333333333,0.317083333333333,0.00263328103542845
3175,0.3175,0.0025435464150259
3179.16666666667,0.317916666666667,0.00244591255181769
3183.33333333333,0.318333333333333,0.00234046071851559
3187.5,0.31875,0.00222728187973429
3191.66666666667,0.319166666666667,0.00210647663855484
3195.83333333333,0.319583333333333,0.00197815517148809
3200,0.32,0.00184243715217332
3204.16666666667,0.320416666666667,0.00169945166366065
3208.33333333333,0.320833333333333,0.00154933709923718
3212.5,0.32125,0.00139224105208195
3216.66666666667,0.321666666666667,0.00122832019352745
3220.83333333333,0.322083333333333,0.00105774014010957
3225,0.3225,0.00088067530957218
3229.16666666667,0.322916666666667,0.000697308765702804
3233.33333333333,0.323333333333333,0.000507832052320974
3237.5,0.32375,0.000312445016306598
3241.66666666667,0.324166666666667,0.000111355620031731
3245.83333333333,0.324583333333333,-9.52202568055614e-05
3250,0.325,-0.000307059025853233
3254.16666666667,0.325416666666667,-0.000523929608928045
3258.33333333333,0.325833333333333,-0.000745593666998556
3262.5,0.32625,-0.000971805839018609
3266.66666666667,0.326666666666667,-0.00120231399045395
3270.83333333333,0.327083333333333,-0.00143685947136577
3275,0.3275,-0.00167517738361485
3279.16666666667,0.327916666666667,-0.0019169968571935
3283.33333333333,0.328333333333333,-0.00216204133528525
3287.5,0.32875,-0.00241002886781873
3291.66666666667,0.329166666666667,-0.00266067241326068
3295.83333333333,0.329583333333333,-0.00291368014839847
3300,0.33,-0.00316875578569305
3304.16666666667,0.330416666666667,-0.00342559889806473
3308.33333333333,0.330833333333333,-0.00368390525064251
3312.5,0.33125,-0.00394336713926666
3316.66666666667,0.331666666666667,-0.00420367373529351
3320.83333333333,0.332083333333333,-0.00446451143646564
3325,0.3325,-0.00472556422346166
3329.16666666667,0.332916666666667,-0.00498651402159888
3333.33333333333,0.333333333333333,-0.00524704106767474
3337.5,0.33375,-0.00550682428106763
3341.66666666667,0.334166666666667,-0.00576554163922896
3345.83333333333,0.334583333333333,-0.00602287055670839
3350,0.335,-0.00627848826762259
3354.16666666667,0.335416666666667,-0.0065320722109544
3358.33333333333,0.335833333333333,-0.00678330041842327
3362.5,0.33625,-0.00703185190423762
3366.66666666667,0.336666666666667,-0.00727740705672481
3370.83333333333,0.337083333333333,-0.00751964803080412
3375,0.3375,-0.00775825914151746
3379.16666666667,0.337916666666667,-0.00799292725756506
3383.33333333333,0.338333333333333,-0.00822334219482642
3387.5,0.33875,-0.00844919710913735
3391.66666666667,0.339166666666667,-0.00867018888802176
3395.83333333333,0.339583333333333,-0.00888601854080266
3400,0.34,-0.00909639158669684
3404.16666666667,0.340416666666667,-0.00930101844039928
3408.33333333333,0.340833333333333,-0.00949961479465976
3412.5,0.34125,-0.00969190199938143
3416.66666666667,0.341666666666667,-0.0098776074368991
3420.83333333333,0.342083333333333,-0.0100564648926731
3425,0.3425,-0.0102282149212914
3429.16666666667,0.342916666666667,-0.0103926052070215
3433.33333333333,0.343333333333333,-0.0105493909185468
3437.5,0.34375,-0.010698335057509
3441.66666666667,0.344166666666667,-0.0108392088002197
3445.83333333333,0.344583333333333,-0.0109717918322469
3450,0.345,-0.0110958726753066
3454.16666666667,0.345416666666667,-0.0112112490060981
3458.33333333333,0.345833333333333,-0.0113177279665563
3462.5,0.34625,-0.0114151264651901
3466.66666666667,0.346666666666667,-0.0115032714689384
3470.83333333333,0.347083333333333,-0.0115820002852954
3475,0.3475,-0.0116511608340894
3479.16666666667,0.347916666666667,-0.0117106119087152
3483.33333333333,0.348333333333333,-0.0117602234262005
3487.5,0.34875,-0.0117998766660625
3491.66666666667,0.349166666666667,-0.0118294644970466
3495.83333333333,0.349583333333333,-0.0118488915919897
3500,0.35,-0.0118580746299643
3504.16666666667,0.350416666666667,-0.0118569424856207
3508.33333333333,0.350833333333333,-0.0118454364053667
3512.5,0.35125,-0.0118235101698799
3516.66666666667,0.351666666666667,-0.0117911302430553
3520.83333333333,0.352083333333333,-0.0117482759064954
3525,0.3525,-0.0116949393799372
3529.16666666667,0.352916666666667,-0.011631125926838
3533.33333333333,0.353333333333333,-0.0115568539450467
3537.5,0.35375,-0.0114721550424971
3541.66666666667,0.354166666666667,-0.0113770740973448
3545.83333333333,0.354583333333333,-0.0112716693027198
3550,0.355,-0.0111560121957109
3554.16666666667,0.355416666666667,-0.0110301876703517
3558.33333333333,0.355833333333333,-0.0108942939746764
3562.5,0.35625,-0.0107484426915927
3566.66666666667,0.356666666666667,-0.010592758703396
3570.83333333333,0.357083333333333,-0.0104273801398824
3575,0.3575,-0.0102524583101606
3579.16666666667,0.357916666666667,-0.0100681576177004
3583.33333333333,0.358333333333333,-0.0098746554590347
3587.5,0.35875,-0.00967214210576135
3591.66666666667,0.359166666666667,-0.00946082056997883
3595.83333333333,0.359583333333333,-0.00924090645318362
3600,0.36,-0.00901262777861986
3604.16666666667,0.360416666666667,-0.00877622480713708
3608.33333333333,0.360833333333333,-0.00853194983672866
3612.5,0.36125,-0.00828006698564019
3616.66666666667,0.361666666666667,-0.00802085195941174
3620.83333333333,0.362083333333333,-0.00775459180180735
3625,0.3625,-0.00748158462982511
3629.16666666667,0.362916666666667,-0.00720213935303426
3633.33333333333,0.363333333333333,-0.00691657537736784
3637.5,0.36375,-0.00662522229353771
3641.66666666667,0.364166666666667,-0.00632841955039576
3645.83333333333,0.364583333333333,-0.00602651611347281
3650,0.365,-0.0057198701089156
3654.16666666667,0.365416666666667,-0.00540884845308988
3658.33333333333,0.365833333333333,-0.00509382646832598
3662.5,0.36625,-0.00477518748479336
3666.66666666667,0.366666666666667,-0.00445332242930851
3670.83333333333,0.367083333333333,-0.00412862940096614
3675,0.3675,-0.00380151323429709
3679.16666666667,0.367916666666667,-0.00347238505016837
3683.33333333333,0.368333333333333,-0.00314166179495723
3687.5,0.36875,-0.00280976576834759
3691.66666666667,0.369166666666667,-0.00247712414012131
3695.83333333333,0.369583333333333,-0.0021441684566308
3700,0.37,-0.00181133413719636
3704.16666666667,0.370416666666667,-0.00147905996097711
3708.33333333333,0.370833333333333,-0.00114778754489348
3712.5,0.37125,-0.000817960813070847
3716.66666666667,0.371666666666667,-0.000490025458257626
3720.83333333333,0.372083333333333,-0.000164428395896197
3725,0.3725,0.000158382788680254
3729.16666666667,0.372916666666667,0.000477960399419909
3733.33333333333,0.373333333333333,0.000793857194265275
3737.5,0.37375,0.0011056269552652
3741.66666666667,0.374166666666667,0.00141282506289216
3745.83333333333,0.374583333333333,0.00171500907455207
3750,0.375,0.00201173930620287
3754.16666666667,0.375416666666667,0.00230257941674864
3758.33333333333,0.375833333333333,0.00258709699443894
3762.5,0.37625,0.00286486414457159
3766.66666666667,0.376666666666667,0.00313545807806756
3770.83333333333,0.377083333333333,0.0033984616999578
3775,0.3775,0.00365346419740973
3779.16666666667,0.377916666666667,0.00390006162640218
3783.33333333333,0.378333333333333,0.00413785749644845
3787.5,0.37875,0.00436646335274904
3791.66666666667,0.379166666666667,0.00458549935491826
3795.83333333333,0.379583333333333,0.00479459485185983
3800,0.38,0.00499338895172802
3804.16666666667,0.380416666666667,0.00518153108668839
3808.33333333333,0.380833333333333,0.00535868157141675
3812.5,0.38125,0.00552451215495004
3816.66666666667,0.381666666666667,0.00567870656484056
3820.83333333333,0.382083333333333,0.00582096104331527
3825,0.3825,0.00595098487436167
3829.16666666667,0.382916666666667,0.00606850090131524
3833.33333333333,0.383333333333333,0.00617324603405719
3837.5,0.38375,0.00626497174529335
3841.66666666667,0.384166666666667,0.00634344455504757
3845.83333333333,0.384583333333333,0.0064084465028687
3850,0.385,0.00645977560683322
3854.16666666667,0.385416666666667,0.0064972463089087
3858.33333333333,0.385833333333333,0.00652068990581425
3862.5,0.38625,0.00652995496475021
3866.66666666667,0.386666666666667,0.00652490772340255
3870.83333333333,0.387083333333333,0.0065054324734565
3875,0.3875,0.00647143192707957
3879.16666666667,0.387916666666667,0.00642282756556267
3883.33333333333,0.388333333333333,0.00635955996964311
3887.5,0.38875,0.00628158913087917
3891.66666666667,0.389166666666667,0.00618889474324873
3895.83333333333,0.389583333333333,0.00608147647467041
3900,0.39,0.00595935421758597
3904.16666666667,0.390416666666667,0.00582256831809863
3908.33333333333,0.390833333333333,0.00567117978328059
3912.5,0.39125,0.00550527046569575
3916.66666666667,0.391666666666667,0.00532494322501276
3920.83333333333,0.392083333333333,0.00513032206581218
3925,0.3925,0.00492155225136059
3929.16666666667,0.392916666666667,0.00469880039260134
3933.33333333333,0.393333333333333,0.00446225451209778
3937.5,0.39375,0.0042121240821704
3941.66666666667,0.394166666666667,0.00394864003717534
3945.83333333333,0.394583333333333,0.00367205475896071
3950,0.395,0.0033826420356386
3954.16666666667,0.395416666666667,0.00308069699283033
3958.33333333333,0.395833333333333,0.0027665359971619
3962.5,0.39625,0.0024404965317976
3966.66666666667,0.396666666666667,0.00210293704332603
3970.83333333333,0.397083333333333,0.00175423675999493
3975,0.3975,0.00139479548084671
3979.16666666667,0.397916666666667,0.00102503333552628
3983.33333333333,0.398333333333333,0.000645390514377956
3987.5,0.39875,0.000256326968885755
3991.66666666667,0.399166666666667,-0.000141677918125731
3995.83333333333,0.399583333333333,-0.000548125692382578
4000,0.4,-0.000962499218443556
4004.16666666667,0.400416666666667,-0.00138426310056767
4008.33333333333,0.400833333333333,-0.00181286413405329
4012.5,0.40125,-0.00224773178742944
4016.66666666667,0.401666666666667,-0.0026882787152078
4020.83333333333,0.402083333333333,-0.00313390130150522
4025,0.4025,-0.00358398023432504
4029.16666666667,0.402916666666667,-0.00403788111057862
4033.33333333333,0.403333333333333,-0.00449495507167165
4037.5,0.40375,-0.0049545394696601
4041.66666666667,0.404166666666667,-0.00541595856375631
4045.83333333333,0.404583333333333,-0.00587852424706975
4050,0.405,-0.00634153680336474
4054.16666666667,0.405416666666667,-0.00680428569353432
4058.33333333333,0.405833333333333,-0.00726605037174657
4062.5,0.40625,-0.00772610113071519
4066.66666666667,0.406666666666667,-0.00818369997581302
4070.83333333333,0.407083333333333,-0.00863810152783669
4075,0.4075,-0.00908855395385791
4079.16666666667,0.407916666666667,-0.00953429992572799
4083.33333333333,0.408333333333333,-0.00997457760584327
4087.5,0.40875,-0.010408621659701
4091.66666666667,0.409166666666667,-0.010835664294468
4095.83333333333,0.409583333333333,-0.0112549363234008
4100,0.41,-0.0116656682550209
4104.16666666667,0.410416666666667,-0.0120670914068791
4108.33333333333,0.410833333333333,-0.0124584390428244
4112.5,0.41125,-0.0128389475334318
4116.66666666667,0.411666666666667,-0.0132078575384327
4120.83333333333,0.412083333333333,-0.0135644152107599
4125,0.4125,-0.0139078734212206
4129.16666666667,0.412916666666667,-0.0142374930028123
4133.33333333333,0.413333333333333,-0.0145525440140775
4137.5,0.41375,-0.0148523070204153
4141.66666666667,0.414166666666667,-0.0151360743924082
4145.83333333333,0.414583333333333,-0.0154031516201693
4150,0.415,-0.0156528586428856
4154.16666666667,0.415416666666667,-0.0158845311922119
4158.33333333333,0.415833333333333,-0.0160975221487749
4162.5,0.41625,-0.0162912029103843
4166.66666666667,0.416666666666667,-0.0164649647710804
4170.83333333333,0.417083333333333,-0.016618220309767
4175,0.4175,-0.0167504047871781
4179.16666666667,0.417916666666667,-0.0168609775501525
4183.33333333333,0.418333333333333,-0.0169494234418804
4187.5,0.41875,-0.01701525421686
4191.66666666667,0.419166666666667,-0.0170580099593816
4195.83333333333,0.419583333333333,-0.0170772605042746
4200,0.42,-0.0170726068585337
4204.16666666667,0.420416666666667,-0.017043682622496
4208.33333333333,0.420833333333333,-0.016990155409466
4212.5,0.42125,-0.0169117282620712
4216.66666666667,0.421666666666667,-0.0168081410644605
4220.83333333333,0.422083333333333,-0.0166791719485355
4225,0.4225,-0.0165246386931402
4229.16666666667,0.422916666666667,-0.0163444001148671
4233.33333333333,0.423333333333333,-0.0161383574488102
4237.5,0.42375,-0.0159064557182525
4241.66666666667,0.424166666666667,-0.0156486850916519
4245.83333333333,0.424583333333333,-0.015365082225775
4250,0.425,-0.0150557315933051
4254.16666666667,0.425416666666667,-0.0147207667940283
4258.33333333333,0.425833333333333,-0.0143603718476945
4262.5,0.42625,-0.0139747824678225
4266.66666666667,0.426666666666667,-0.013564287314484
4270.83333333333,0.427083333333333,-0.0131292292254268
4275,0.4275,-0.01267000642363
4279.16666666667,0.427916666666667,-0.0121870737004734
4283.33333333333,0.428333333333333,-0.0116809435730959
4287.5,0.42875,-0.0111521874146591
4291.66666666667,0.429166666666667,-0.0106014365564417
4295.83333333333,0.429583333333333,-0.0100293833605892
4300,0.43,-0.00943678226225868
4304.16666666667,0.430416666666667,-0.00882445078014297
4308.33333333333,0.430833333333333,-0.0081932704944035
4312.5,0.43125,-0.00754418799073013
4316.66666666667,0.431666666666667,-0.00687821576971987
4320.83333333333,0.432083333333333,-0.00619643312058065
4325,0.4325,-0.00549998695819321
4329.16666666667,0.432916666666667,-0.00479009262273724
4333.33333333333,0.433333333333333,-0.00406803464090251
4337.5,0.43375,-0.00333516744808442
4341.66666666667,0.434166666666667,-0.00259291607074106
4345.83333333333,0.434583333333333,-0.00184277676816604
4350,0.435,-0.00108631763313626
4354.16666666667,0.435416666666667,-0.000325179150804179
4358.33333333333,0.435833333333333,0.000438925284661445
4362.5,0.43625,0.00120420889633046
4366.66666666667,0.436666666666667,0.00196881109373413
4370.83333333333,0.437083333333333,0.0027307970859631
4375,0.4375,0.00348815753831622
4379.16666666667,0.437916666666667,0.00423880827341422
4383.33333333333,0.438333333333333,0.00498059001641863
4387.5,0.43875,0.00571126818491461
4391.66666666667,0.439166666666667,0.00642853272336466
4395.83333333333,0.439583333333333,0.00712999798209659
4400,0.44,0.00781320264102751
4404.16666666667,0.440416666666667,0.00847560967787898
4408.33333333333,0.440833333333333,0.00911460638076117
4412.5,0.44125,0.00972750440501829
4416.66666666667,0.441666666666667,0.0103115398740136
4420.83333333333,0.442083333333333,0.010863873523562
4425,0.4425,0.0113815908896819
4429.16666666667,0.442916666666667,0.0118617025393228
4433.33333333333,0.443333333333333,0.012301144343341
4437.5,0.44375,0.0126967777916824
4441.66666666667,0.444166666666667,0.0130453903495788
4445.83333333333,0.444583333333333,0.0133436958548206
4450,0.445,0.0135883349549405
4454.16666666667,0.445416666666667,0.0137758755837966
4458.33333333333,0.445833333333333,0.0139028134767775
4462.5,0.44625,0.0139655727239197
4466.66666666667,0.446666666666667,0.0139605063598985
4470.83333333333,0.447083333333333,0.013883896990199
4475,0.4475,0.0137319574525136
4479.16666666667,0.447916666666667,0.0135008315121997
4483.33333333333,0.448333333333333,0.0131865945912896
4487.5,0.44875,0.0127852545293906
4491.66666666667,0.449166666666667,0.0122927523760345
4495.83333333333,0.449583333333333,0.0117049632128581
4500,0.45,0.0110176970049925
4504.16666666667,0.450416666666667,0.0102266994801543
4508.33333333333,0.450833333333333,0.00932765303433303
4512.5,0.45125,0.00831617766321693
4516.66666666667,0.451666666666667,0.00718783191767085
4520.83333333333,0.452083333333333,0.00593811388237912
4525,0.4525,0.00456246217633974
4529.16666666667,0.452916666666667,0.00305625697396052
4533.33333333333,0.453333333333333,0.00141482104543253
4537.5,0.45375,-0.000366579184813992
4541.66666666667,0.454166666666667,-0.00229273256275614
4545.83333333333,0.454583333333333,-0.0043684821141071
4550,0.455,-0.00659872393911716
4554.16666666667,0.455416666666667,-0.00898840609479688
4558.33333333333,0.455833333333333,-0.0115425274650984
4562.5,0.45625,-0.014266136620865
4566.66666666667,0.456666666666667,-0.017164330670718
4570.83333333333,0.457083333333333,-0.0202422541039457
4575,0.4575,-0.023505097626888
4579.16666666667,0.457916666666667,-0.026958096993864
4583.33333333333,0.458333333333333,-0.0306065318341817
4587.5,0.45875,-0.0344557244759581
4591.66666666667,0.459166666666667,-0.0385110387685843
4595.83333333333,0.459583333333333,-0.0427778789044104
4600,0.46,-0.0472616882413386
4604.16666666667,0.460416666666667,-0.0519679481270674
4608.33333333333,0.460833333333333,-0.0569021767265555
4612.5,0.46125,-0.062069927853321
4616.66666666667,0.461666666666667,-0.0674767898060928
4620.83333333333,0.462083333333333,-0.0731283842117467
4625,0.4625,-0.079030364875432
4629.16666666667,0.462916666666667,-0.0851884166391348
4633.33333333333,0.463333333333333,-0.0916082542495502
4637.5,0.46375,-0.0982956212362184
4641.66666666667,0.464166666666667,-0.105256288800962
4645.83333333333,0.464583333333333,-0.11249605471945
4650,0.465,-0.120020742255897
4654.16666666667,0.465416666666667,-0.127836199091417
4658.33333333333,0.465833333333333,-0.135948296267568
4662.5,0.46625,-0.144362927144914
4666.66666666667,0.466666666666667,-0.153086006378372
4670.83333333333,0.467083333333333,-0.162123468909267
4675,0.4675,-0.171481268975369
4679.16666666667,0.467916666666667,-0.181165379139245
4683.33333333333,0.468333333333333,-0.191181789335834
4687.5,0.46875,-0.201536505939628
4691.66666666667,0.469166666666667,-0.212235550852252
4695.83333333333,0.469583333333333,-0.223284960610945
4700,0.47,-0.234690785518317
4704.16666666667,0.470416666666667,-0.246459088794205
4708.33333333333,0.470833333333333,-0.258595945749812
4712.5,0.47125,-0.271107442984751
4716.66666666667,0.471666666666667,-0.28399967760725
4720.83333333333,0.472083333333333,-0.297278756478212
4725,0.4725,-0.310950795479103
4729.16666666667,0.472916666666667,-0.325021918804241
4733.33333333333,0.473333333333333,-0.339498258277934
4737.5,0.47375,-0.354385952696349
4741.66666666667,0.474166666666667,-0.369691147194707
4745.83333333333,0.474583333333333,-0.385419992640022
4750,0.475,-0.401578645049415
4754.16666666667,0.475416666666667,-0.418173265034318
4758.33333333333,0.475833333333333,-0.435210017270772
4762.5,0.47625,-0.452695069995985
4766.66666666667,0.476666666666667,-0.470634594530952
4770.83333333333,0.477083333333333,-0.489034764829911
4775,0.4775,-0.507901757055931
4779.16666666667,0.477916666666667,-0.52724174918347
4783.33333333333,0.478333333333333,-0.547060920627245
4787.5,0.47875,-0.567365451898059
4791.66666666667,0.479166666666667,-0.588161524285212
4795.83333333333,0.479583333333333,-0.609455319565714
4800,0.48,-0.631253019740146
4804.16666666667,0.480416666666667,-0.653560806795248
4808.33333333333,0.480833333333333,-0.676384862493286
4812.5,0.48125,-0.699731368187806
4816.66666666667,0.481666666666667,-0.723606504666266
4820.83333333333,0.482083333333333,-0.748016452018882
4825,0.4825,-0.772967389534121
4829.16666666667,0.482916666666667,-0.798465495620458
4833.33333333333,0.483333333333333,-0.824516947754399
4837.5,0.48375,-0.851127922454736
4841.66666666667,0.484166666666667,-0.878304595282681
4845.83333333333,0.484583333333333,-0.906053140868273
4850,0.485,-0.934379732962368
4854.16666666667,0.485416666666667,-0.963290544514394
4858.33333333333,0.485833333333333,-0.992791747775888
4862.5,0.48625,-1.02288951442932
4866.66666666667,0.486666666666667,-1.0535900157424
4870.83333333333,0.487083333333333,-1.08489942274761
4875,0.4875,-1.11682390644693
4879.16666666667,0.487916666666667,-1.14936963804135
4883.33333333333,0.488333333333333,-1.18254278918559
4887.5,0.48875,-1.2163495322672
4891.66666666667,0.489166666666667,-1.25079604071079
4895.83333333333,0.489583333333333,-1.28588848930627
4900,0.49,-1.3216330545619
4904.16666666667,0.490416666666667,-1.35803591508157
4908.33333333333,0.490833333333333,-1.39510325196618
4912.5,0.49125,-1.43284124923933
4916.66666666667,0.491666666666667,-1.47125609429696
4920.83333333333,0.492083333333333,-1.51035397838102
4925,0.4925,-1.55014109707698
4929.16666666667,0.492916666666667,-1.5906236508353
4933.33333333333,0.493333333333333,-1.63180784551644
4937.5,0.49375,-1.67369989296006
4941.66666666667,0.494166666666667,-1.71630601157742
4945.83333333333,0.494583333333333,-1.75963242696791
4950,0.495,-1.80368537255898
4954.16666666667,0.495416666666667,-1.84847109026988
4958.33333333333,0.495833333333333,-1.89399583119914
4962.5,0.49625,-1.94026585633574
4966.66666666667,0.496666666666667,-1.98728743729397
4970.83333333333,0.497083333333333,-2.03506685707229
4975,0.4975,-2.08361041083604
4979.16666666667,0.497916666666667,-2.13292440672391
4983.33333333333,0.498333333333333,-2.183015166679
4987.5,0.49875,-2.23388902730367
4991.66666666667,0.499166666666667,-2.28555234073876
4995.83333333333,0.499583333333333,-2.33801147556767
5000,0.5,-2.39127281774476
5004.16666666667,0.500416666666667,-2.44534277154879
5008.33333333333,0.500833333333333,-2.50022776056143
5012.5,0.50125,-2.55593422867116
5016.66666666667,0.501666666666667,-2.61246864110256
5020.83333333333,0.502083333333333,-2.66983748547168
5025,0.5025,-2.72804727286751
5029.16666666667,0.502916666666667,-2.7871045389598
5033.33333333333,0.503333333333333,-2.84701584513387
5037.5,0.50375,-2.90778777965263
5041.66666666667,0.504166666666667,-2.96942695884607
5045.83333333333,0.504583333333333,-3.0319400283288
5050,0.505,-3.09533366424637
5054.16666666667,0.505416666666667,-3.15961457455001
5058.33333333333,0.505833333333333,-3.22478950030138
5062.5,0.50625,-3.29086521700707
5066.66666666667,0.506666666666667,-3.35784853598353
5070.83333333333,0.507083333333333,-3.42574630575365
5075,0.5075,-3.4945654134749
5079.16666666667,0.507916666666667,-3.56431278639969
5083.33333333333,0.508333333333333,-3.6349953933696
5087.5,0.50875,-3.70662024634313
5091.66666666667,0.509166666666667,-3.7791944019581
5095.83333333333,0.509583333333333,-3.85272496312993
5100,0.51,-3.92721908068642
5104.16666666667,0.510416666666667,-4.00268395503927
5108.33333333333,0.510833333333333,-4.0791268378947
5112.5,0.51125,-4.15655503400275
5116.66666666667,0.511666666666667,-4.23497590294729
5120.83333333333,0.512083333333333,-4.31439686097716
5125,0.5125,-4.3948253828803
5129.16666666667,0.512916666666667,-4.4762690039013
5133.33333333333,0.513333333333333,-4.55873532170403
5137.5,0.51375,-4.64223199838102
5141.66666666667,0.514166666666667,-4.72676676250999
5145.83333333333,0.514583333333333,-4.81234741126005
5150,0.515,-4.89898181254826
5154.16666666667,0.515416666666667,-4.98667790724879
5158.33333333333,0.515833333333333,-5.07544371145519
5162.5,0.51625,-5.16528731879952
5166.66666666667,0.516666666666667,-5.25621690282764
5170.83333333333,0.517083333333333,-5.3482407194345
5175,0.5175,-5.4413671093605
5179.16666666667,0.517916666666667,-5.53560450075092
5183.33333333333,0.518333333333333,-5.63096141178101
5187.5,0.51875,-5.72744645334877
5191.66666666667,0.519166666666667,-5.82506833183739
5195.83333333333,0.519583333333333,-5.92383585195034
5200,0.52,-6.02375791962151
5204.16666666667,0.520416666666667,-6.12484354500262
5208.33333333333,0.520833333333333,-6.22710184553158
5212.5,0.52125,-6.3305420490837
5216.66666666667,0.521666666666667,-6.43517349720936
5220.83333333333,0.522083333333333,-6.54100564846165
5225,0.5225,-6.64804808181619
5229.16666666667,0.522916666666667,-6.75631050018805
5233.33333333333,0.523333333333333,-6.8658027340481
5237.5,0.52375,-6.97653474514351
5241.66666666667,0.524166666666667,-7.08851663032599
5245.83333333333,0.524583333333333,-7.20175862549195
5250,0.525,-7.3162711096392
5254.16666666667,0.525416666666667,-7.43206460904441
5258.33333333333,0.525833333333333,-7.5491498015665
5262.5,0.52625,-7.66753752108063
5266.66666666667,0.526666666666667,-7.7872387620487
5270.83333333333,0.527083333333333,-7.90826468423058
5275,0.5275,-8.03062661754388
5279.16666666667,0.527916666666667,-8.1543360670762
5283.33333333333,0.528333333333333,-8.2794047182579
5287.5,0.52875,-8.40584444220123
5291.66666666667,0.529166666666667,-8.53366730121284
5295.83333333333,0.529583333333333,-8.6628855544879
5300,0.53,-8.79351166399251
5304.16666666667,0.530416666666667,-8.92555830054323
5308.33333333333,0.530833333333333,-9.05903835009213
5312.5,0.53125,-9.19396492022677
5316.66666666667,0.531666666666667,-9.33035134689361
5320.83333333333,0.532083333333333,-9.46821120135623
5325,0.5325,-9.60755829739796
5329.16666666667,0.532916666666667,-9.74840669877987
5333.33333333333,0.533333333333333,-9.89077072696717
5337.5,0.53375,-10.0346649691345
5341.66666666667,0.534166666666667,-10.1801042864645
5345.83333333333,0.534583333333333,-10.3271038227533
5350,0.535,-10.4756790133364
5354.16666666667,0.535416666666667,-10.6258455943512
5358.33333333333,0.535833333333333,-10.7776196123529
5362.5,0.53625,-10.9310174342988
5366.66666666667,0.536666666666667,-11.0860557579216
5370.83333333333,0.537083333333333,-11.242751622509
5375,0.5375,-11.4011224201108
5379.16666666667,0.537916666666667,-11.5611859071953
5383.33333333333,0.538333333333333,-11.7229602167756
5387.5,0.53875,-11.8864638710338
5391.66666666667,0.539166666666667,-12.0517157944645
5395.83333333333,0.539583333333333,-12.2187353275679
5400,0.54,-12.3875422411199
5404.16666666667,0.540416666666667,-12.5581567510495
5408.33333333333,0.540833333333333,-12.7305995339581
5412.5,0.54125,-12.9048917433132
5416.66666666667,0.541666666666667,-13.0810550263539
5420.83333333333,0.542083333333333,-13.2591115417486
5425,0.5425,-13.4390839780462
5429.16666666667,0.542916666666667,-13.6209955729643
5433.33333333333,0.543333333333333,-13.8048701335645
5437.5,0.54375,-13.9907320573632
5441.66666666667,0.544166666666667,-14.1786063544339
5445.83333333333,0.544583333333333,-14.3685186705588
5450,0.545,-14.560495311491
5454.16666666667,0.545416666666667,-14.7545632683959
5458.33333333333,0.545833333333333,-14.9507502445404
5462.5,0.54625,-15.1490846833088
5466.66666666667,0.546666666666667,-15.3495957976261
5470.83333333333,0.547083333333333,-15.5523136008777
5475,0.5475,-15.7572689394188
5479.16666666667,0.547916666666667,-15.9644935267769
5483.33333333333,0.548333333333333,-16.1740199796566
5487.5,0.54875,-16.3858818558631
5491.66666666667,0.549166666666667,-16.6001136942747
5495.83333333333,0.549583333333333,-16.8167510569981
5500,0.55,-17.0358305738586
5504.16666666667,0.550416666666667,-17.2573899893814
5508.33333333333,0.550833333333333,-17.4814682124412
5512.5,0.55125,-17.7081053687648
5516.66666666667,0.551666666666667,-17.9373428564927
5520.83333333333,0.552083333333333,-18.1692234050186
5525,0.5525,-18.4037911373488
5529.16666666667,0.552916666666667,-18.6410916362392
5533.33333333333,0.553333333333333,-18.8811720143976
5537.5,0.55375,-19.124080989058
5541.66666666667,0.554166666666667,-19.3698689612642
5545.83333333333,0.554583333333333,-19.6185881002337
5550,0.555,-19.8702924332016
5554.16666666667,0.555416666666667,-20.1250379411869
5558.33333333333,0.555833333333333,-20.3828826611662
5562.5,0.55625,-20.643886795181
5566.66666666667,0.556666666666667,-20.9081128269662
5570.83333333333,0.557083333333333,-21.175625646737
5575,0.5575,-21.4464926848433
5579.16666666667,0.557916666666667,-21.7207840550693
5583.33333333333,0.558333333333333,-21.9985727084418
5587.5,0.55875,-22.2799345984972
5591.66666666667,0.559166666666667,-22.5649488590661
5595.83333333333,0.559583333333333,-22.8536979957481
5600,0.56,-23.1462680923771
5604.16666666667,0.560416666666667,-23.4427490339357
5608.33333333333,0.560833333333333,-23.7432347475289
5612.5,0.56125,-24.0478234632406
5616.66666666667,0.561666666666667,-24.3566179968871
5620.83333333333,0.562083333333333,-24.6697260569526
5625,0.5625,-24.9872605782573
5629.16666666667,0.562916666666667,-25.3093400852402
5633.33333333333,0.563333333333333,-25.6360890881101
5637.5,0.56375,-25.9676385155365
5641.66666666667,0.564166666666667,-26.3041261880569
5645.83333333333,0.564583333333333,-26.6456973369336
5650,0.565,-26.9925051738641
5654.16666666667,0.565416666666667,-27.3447115177052
5658.33333333333,0.565833333333333,-27.7024874852779
5662.5,0.56625,-28.0660142543584
5666.66666666667,0.566666666666667,-28.435483908186
5670.83333333333,0.567083333333333,-28.8111003722854
5675,0.5675,-29.1930804560758
5679.16666666667,0.567916666666667,-29.5816550138049
5683.33333333333,0.568333333333333,-29.9770702417213
5687.5,0.56875,-30.3795891313075
5691.66666666667,0.569166666666667,-30.7894931018397
5695.83333333333,0.569583333333333,-31.2070838397084
5700,0.57,-31.6326853769761
5704.16666666667,0.570416666666667,-32.0666464477801
5708.33333333333,0.570833333333333,-32.5093431686832
5712.5,0.57125,-32.9611820982633
5716.66666666667,0.571666666666667,-33.422603742632
5720.83333333333,0.572083333333333,-33.8940865876448
5725,0.5725,-34.3761517562801
5729.16666666667,0.572916666666667,-34.8693684117993
5733.33333333333,0.573333333333333,-35.3743600554862
5737.5,0.57375,-35.8918119035978
5741.66666666667,0.574166666666667,-36.4224795743197
5745.83333333333,0.574583333333333,-36.9671993753209
5750,0.575,-37.5269005606832
5754.16666666667,0.575416666666667,-38.1026200292535
5758.33333333333,0.575833333333333,-38.6955200741041
5762.5,0.57625,-39.3069099783697
5766.66666666667,0.576666666666667,-39.938272505787
5770.83333333333,0.577083333333333,-40.5912966838594
5775,0.5775,-41.2679187670211
5779.16666666667,0.577916666666667,-41.9703739629608
5783.33333333333,0.578333333333333,-42.7012625106763
5787.5,0.57875,-43.4636351777799
5791.66666666667,0.579166666666667,-44.2611054643951
5795.83333333333,0.579583333333333,-45.097999206392
5800,0.58,-45.9795576263543
5804.16666666667,0.580416666666667,-46.9122185396326
5808.33333333333,0.580833333333333,-47.9040148711086
5812.5,0.58125,-48.9651546299193
5816.66666666667,0.581666666666667,-50.1088915574401
5820.83333333333,0.582083333333333,-51.3528809971957
5825,0.5825,-52.7213867521214
5829.16666666667,0.582916666666667,-54.2490732160995
5833.33333333333,0.583333333333333,-55.9879824003191
5837.5,0.58375,-58.0215667507711
5841.66666666667,0.584166666666667,-60.4965668488776
5845.83333333333,0.584583333333333,-63.7095875874309
5850,0.585,-68.4234247861484
5854.16666666667,0.585416666666667,-78.1218544984398
5858.33333333333,0.585833333333333,-78.9209576103578
5862.5,0.58625,-69.5384423101852
5866.66666666667,0.586666666666667,-65.3975172561312
5870.83333333333,0.587083333333333,-62.794822249773
5875,0.5875,-60.9434552066445
5879.16666666667,0.587916666666667,-59.5404726791248
5883.33333333333,0.588333333333333,-58.4369009662036
5887.5,0.58875,-57.5484289992858
5891.66666666667,0.589166666666667,-56.8227287073939
5895.83333333333,0.589583333333333,-56.225127985902
5900,0.59,-55.7315088093542
5904.16666666667,0.590416666666667,-55.3244566362644
5908.33333333333,0.590833333333333,-54.9910244477746
5912.5,0.59125,-54.721362072314
5916.66666666667,0.591666666666667,-54.507838312002
5920.83333333333,0.592083333333333,-54.3444581073914
5925,0.5925,-54.2264639117702
5929.16666666667,0.592916666666667,-54.150056300854
5933.33333333333,0.593333333333333,-54.1121942511184
5937.5,0.59375,-54.1104502061188
5941.66666666667,0.594166666666667,-54.1429038596928
5945.83333333333,0.594583333333333,-54.2080640505783
5950,0.595,-54.3048116611332
5954.16666666667,0.595416666666667,-54.4323587261839
5958.33333333333,0.595833333333333,-54.5902205410235
5962.5,0.59625,-54.7781986910062
5966.66666666667,0.596666666666667,-54.9963737843976
5970.83333333333,0.597083333333333,-55.2451073770488
5975,0.5975,-55.525053221739
5979.16666666667,0.597916666666667,-55.8371786351843
5983.33333333333,0.598333333333333,-56.1827975339901
5987.5,0.59875,-56.5636176467352
5991.66666666667,0.599166666666667,-56.9818057037736
5995.83333333333,0.599583333333333,-57.4400762511265
6000,0.6,-57.9418124711003
6004.16666666667,0.600416666666667,-58.4912315878671
6008.33333333333,0.600833333333333,-59.093614075326
6012.5,0.60125,-59.7556267343747
6016.66666666667,0.601666666666667,-60.4857880631973
6020.83333333333,0.602083333333333,-61.2951566441751
6025,0.6025,-62.1983827113156
6029.16666666667,0.602916666666667,-63.2153783781924
6033.33333333333,0.603333333333333,-64.3741002663901
6037.5,0.60375,-65.7154699735133
6041.66666666667,0.604166666666667,-67.3027647901731
6045.83333333333,0.604583333333333,-69.2414545878251
6050,0.605,-71.7275310399919
6054.16666666667,0.605416666666667,-75.1940936685801
6058.33333333333,0.605833333333333,-80.9744121095027
6062.5,0.60625,-104.671121695425
6066.66666666667,0.606666666666667,-82.3182747969949
6070.83333333333,0.607083333333333,-76.0435623114415
6075,0.6075,-72.491441953017
6079.16666666667,0.607916666666667,-70.0212810556956
6083.33333333333,0.608333333333333,-68.1385368908595
6087.5,0.60875,-66.6266185781998
6091.66666666667,0.609166666666667,-65.3711108253788
6095.83333333333,0.609583333333333,-64.3041537915586
6100,0.61,-63.3821759868623
6104.16666666667,0.610416666666667,-62.5755306465363
6108.33333333333,0.610833333333333,-61.8631320006984
6112.5,0.61125,-61.2294498947378
6116.66666666667,0.611666666666667,-60.6627184235905
6120.83333333333,0.612083333333333,-60.1538138613806
6125,0.6125,-59.6955225855999
6129.16666666667,0.612916666666667,-59.2820468836039
6133.33333333333,0.613333333333333,-58.9086615475423
6137.5,0.61375,-58.5714692425062
6141.66666666667,0.614166666666667,-58.2672224382269
6145.83333333333,0.614583333333333,-57.9931913262343
6150,0.615,-57.7470642098767
6154.16666666667,0.615416666666667,-57.5268712779807
6158.33333333333,0.615833333333333,-57.3309255156902
6162.5,0.61625,-57.1577763765671
6166.66666666667,0.616666666666667,-57.0061730982426
6170.83333333333,0.617083333333333,-56.8750354047735
6175,0.6175,-56.7634299409918
6179.16666666667,0.617916666666667,-56.6705512090139
6183.33333333333,0.618333333333333,-56.5957060846393
6187.5,0.61875,-56.5383012143945
6191.66666666667,0.619166666666667,-56.4978327601813
6195.83333333333,0.619583333333333,-56.473878082649
6200,0.62,-56.4660890489519
6204.16666666667,0.620416666666667,-56.474186724217
6208.33333333333,0.620833333333333,-56.497957263405
6212.5,0.62125,-56.5372488669758
6216.66666666667,0.621666666666667,-56.591969702035
6220.83333333333,0.622083333333333,-56.6620867236562
6225,0.6225,-56.7476253600953
6229.16666666667,0.622916666666667,-56.8486700529644
6233.33333333333,0.623333333333333,-56.9653656703822
6237.5,0.62375,-57.0979198383979
6241.66666666667,0.624166666666667,-57.2466062669794
6245.83333333333,0.624583333333333,-57.4117691804366
6250,0.625,-57.59382900403
6254.16666666667,0.625416666666667,-57.7932895075627
6258.33333333333,0.625833333333333,-58.010746669898
6262.5,0.62625,-58.2468996077581
6266.66666666667,0.626666666666667,-58.5025640162471
6270.83333333333,0.627083333333333,-58.778688705485
6275,0.6275,-59.076376000854
6279.16666666667,0.627916666666667,-59.3969070238563
6283.33333333333,0.628333333333333,-59.7417732124491
6287.5,0.62875,-60.112715919329
6291.66666666667,0.629166666666667,-60.5117766042913
6295.83333333333,0.629583333333333,-60.9413611174099
6300,0.63,-61.4043230065184
6304.16666666667,0.630416666666667,-61.9040729381418
6308.33333333333,0.630833333333333,-62.4447246203305
6312.5,0.63125,-63.0312927946181
6316.66666666667,0.631666666666667,-63.6699672208561
6320.83333333333,0.632083333333333,-64.36850048608
6325,0.6325,-65.1367714600512
6329.16666666667,0.632916666666667,-65.9876293431645
6333.33333333333,0.633333333333333,-66.9382045953724
6337.5,0.63375,-68.0120355013151
6341.66666666667,0.634166666666667,-69.2427068761616
6345.83333333333,0.634583333333333,-70.6805082907427
6350,0.635,-72.4057282688763
6354.16666666667,0.635416666666667,-74.5585456215095
6358.33333333333,0.635833333333333,-77.4189453544091
6362.5,0.63625,-81.6905898211954
6366.66666666667,0.636666666666667,-90.3680210906064
6370.83333333333,0.637083333333333,-93.4208904505919
6375,0.6375,-82.7897799331251
6379.16666666667,0.637916666666667,-78.1865596170325
6383.33333333333,0.638333333333333,-75.2229280331211
6387.5,0.63875,-73.0427653054569
6391.66666666667,0.639166666666667,-71.3245675796529
6395.83333333333,0.639583333333333,-69.9121761697703
6400,0.64,-68.7178275288101
6404.16666666667,0.640416666666667,-67.6872570126881
6408.33333333333,0.640833333333333,-66.7845616773442
6412.5,0.64125,-65.9847523706614
6416.66666666667,0.641666666666667,-65.2697373568626
6420.83333333333,0.642083333333333,-64.6259993197467
6425,0.6425,-64.0431752457202
6429.16666666667,0.642916666666667,-63.5131483023229
6433.33333333333,0.643333333333333,-63.0294450417871
6437.5,0.64375,-62.5868224835688
6441.66666666667,0.644166666666667,-62.180977553538
6445.83333333333,0.644583333333333,-61.8083378116953
6450,0.645,-61.465907636311
6454.16666666667,0.645416666666667,-61.1511531313677
6458.33333333333,0.645833333333333,-60.8619146356904
6462.5,0.64625,-60.5963392718812
6466.66666666667,0.646666666666667,-60.3528282862055
6470.83333333333,0.647083333333333,-60.1299954711165
6475,0.6475,-59.9266340045672
6479.16666666667,0.647916666666667,-59.7416897632478
6483.33333333333,0.648333333333333,-59.5742396724977
6487.5,0.64875,-59.4234740181135
6491.66666666667,0.649166666666667,-59.288681906262
6495.83333333333,0.649583333333333,-59.1692392494878
6500,0.65,-59.0645987993492
6504.16666666667,0.650416666666667,-58.9742818521999
6508.33333333333,0.650833333333333,-58.8978713366357
6512.5,0.65125,-58.8350060519644
6516.66666666667,0.651666666666667,-58.7853758766575
6520.83333333333,0.652083333333333,-58.7487178020315
6525,0.6525,-58.7248126776719
6529.16666666667,0.652916666666667,-58.7134825782577
6533.33333333333,0.653333333333333,-58.7145887215134
6537.5,0.65375,-58.7280298835204
6541.66666666667,0.654166666666667,-58.753741271012
6545.83333333333,0.654583333333333,-58.791693822915
6550,0.655,-58.8418939239132
6554.16666666667,0.655416666666667,-58.9043835233566
6558.33333333333,0.655833333333333,-58.9792406622829
6562.5,0.65625,-59.0665804218155
6566.66666666667,0.656666666666667,-59.1665563165565
6570.83333333333,0.657083333333333,-59.2793621679367
6575,0.6575,-59.4052345063488
6579.16666666667,0.657916666666667,-59.5444555650755
6583.33333333333,0.658333333333333,-59.6973569487306
6587.5,0.65875,-59.864324079585
6591.66666666667,0.659166666666667,-60.0458015541555
6595.83333333333,0.659583333333333,-60.2422995756639
6600,0.66,-60.4544016727
6604.16666666667,0.660416666666667,-60.6827739701477
6608.33333333333,0.660833333333333,-60.928176351512
6612.5,0.66125,-61.1914759480537
6616.66666666667,0.661666666666667,-61.473663516422
6620.83333333333,0.662083333333333,-61.7758734384169
6625,0.6625,-62.0994083065388
6629.16666666667,0.662916666666667,-62.4457693796734
6633.33333333333,0.663333333333333,-62.8166946355271
6637.5,0.66375,-63.2142067769591
6641.66666666667,0.664166666666667,-63.6406744518823
6645.83333333333,0.664583333333333,-64.0988912696911
6650,0.665,-64.5921791705421
6654.16666666667,0.665416666666667,-65.1245257109146
6658.33333333333,0.665833333333333,-65.7007695247843
6662.5,0.66625,-66.3268557482214
6666.66666666667,0.666666666666667,-67.0101956414126
6670.83333333333,0.667083333333333,-67.7601859377459
6675,0.6675,-68.5889813779176
6679.16666666667,0.667916666666667,-69.5126846504869
6683.33333333333,0.668333333333333,-70.5532574667948
6687.5,0.66875,-71.7417503953637
6691.66666666667,0.669166666666667,-73.1241208889507
6695.83333333333,0.669583333333333,-74.7726119703364
6700,0.67,-76.8106115228022
6704.16666666667,0.670416666666667,-79.4762992841596
6708.33333333333,0.670833333333333,-83.3323229421252
6712.5,0.67125,-90.4043373295705
6716.66666666667,0.671666666666667,-102.390716847175
6720.83333333333,0.672083333333333,-86.9070216795789
6725,0.6725,-81.6779734058087
6729.16666666667,0.672916666666667,-78.4600296889819
6733.33333333333,0.673333333333333,-76.1375874954002
6737.5,0.67375,-74.3254836759243
6741.66666666667,0.674166666666667,-72.8443049487042
6745.83333333333,0.674583333333333,-71.5957713448014
6750,0.675,-70.5201690189267
6754.16666666667,0.675416666666667,-69.5784894934825
6758.33333333333,0.675833333333333,-68.7438441503189
6762.5,0.67625,-67.9969140580585
6766.66666666667,0.676666666666667,-67.3233534644516
6770.83333333333,0.677083333333333,-66.7122195052336
6775,0.6775,-66.1549768893768
6779.16666666667,0.677916666666667,-65.6448420826963
6783.33333333333,0.678333333333333,-65.176336871488
6787.5,0.67875,-64.7449758933463
6791.66666666667,0.679166666666667,-64.3470426256934
6795.83333333333,0.679583333333333,-63.9794253985324
6800,0.68,-63.6394951210691
6804.16666666667,0.680416666666667,-63.3250126170381
6808.33333333333,0.680833333333333,-63.0340573732713
6812.5,0.68125,-62.7649720394332
6816.66666666667,0.681666666666667,-62.5163186899246
6820.83333333333,0.682083333333333,-62.2868439927963
6825,0.6825,-62.0754512083658
6829.16666666667,0.682916666666667,-61.8811774865006
6833.33333333333,0.683333333333333,-61.7031753192988
6837.5,0.68375,-61.540697285046
6841.66666666667,0.684166666666667,-61.3930834247796
6845.83333333333,0.684583333333333,-61.2597507424668
6850,0.685,-61.1401844346713
6854.16666666667,0.685416666666667,-61.0339305390863
6858.33333333333,0.685833333333333,-60.9405897586396
6862.5,0.68625,-60.8598122665061
6866.66666666667,0.686666666666667,-60.7912933379035
6870.83333333333,0.687083333333333,-60.7347696847786
6875,0.6875,-60.6900163940867
6879.16666666667,0.687916666666667,-60.6568443903535
6883.33333333333,0.688333333333333,-60.6350983589443
6887.5,0.68875,-60.6246550798537
6891.66666666667,0.689166666666667,-60.6254221327654
6895.83333333333,0.689583333333333,-60.6373369437524
6900,0.69,-60.6603661520651
6904.16666666667,0.690416666666667,-60.6945052828502
6908.33333333333,0.690833333333333,-60.739778718936
6912.5,0.69125,-60.7962399705678
6916.66666666667,0.691666666666667,-60.8639722497938
6920.83333333333,0.692083333333333,-60.9430893614461
6925,0.6925,-61.0337369316947
6929.16666666667,0.692916666666667,-61.1360940015619
6933.33333333333,0.693333333333333,-61.2503750234117
6937.5,0.69375,-61.3768323081207
6941.66666666667,0.694166666666667,-61.515758983992
6945.83333333333,0.694583333333333,-61.6674925439247
6950,0.695,-61.8324190757758
6954.16666666667,0.695416666666667,-62.010978295497
6958.33333333333,0.695833333333333,-62.2036695307603
6962.5,0.69625,-62.4110588421841
6966.66666666667,0.696666666666667,-62.6337875154846
6970.83333333333,0.697083333333333,-62.8725822220008
6975,0.6975,-63.1282672250153
6979.16666666667,0.697916666666667,-63.4017791178101
6983.33333333333,0.698333333333333,-63.6941847222696
6987.5,0.69875,-64.0067029704484
6991.66666666667,0.699166666666667,-64.3407318558271
6995.83333333333,0.699583333333333,-64.6978819064188
7000,0.7,-65.0800181447089
7004.16666666667,0.700416666666667,-65.4893132295045
7008.33333333333,0.700833333333333,-65.9283155328017
7012.5,0.70125,-66.4000374643106
7016.66666666667,0.701666666666667,-66.9080717037135
7020.83333333333,0.702083333333333,-67.4567466147654
7025,0.7025,-68.0513378155637
7029.16666666667,0.702916666666667,-68.6983621378122
7033.33333333333,0.703333333333333,-69.4059957193425
7037.5,0.70375,-70.1846849545541
7041.66666666667,0.704166666666667,-71.0480679687898
7045.83333333333,0.704583333333333,-72.0144176272983
7050,0.705,-73.109005992211
7054.16666666667,0.705416666666667,-74.3682010518991
7058.33333333333,0.705833333333333,-75.8470843286018
7062.5,0.70625,-77.6349893756788
7066.66666666667,0.706666666666667,-79.8915081806801
7070.83333333333,0.707083333333333,-82.9473305763813
7075,0.7075,-87.6941126562971
7079.16666666667,0.707916666666667,-98.9143475241352
7083.33333333333,0.708333333333333,-94.6766884909888
7087.5,0.70875,-86.3585888518752
7091.66666666667,0.709166666666667,-82.2098839095533
7095.83333333333,0.709583333333333,-79.4321704249639
7100,0.71,-77.3474504371769
7104.16666666667,0.710416666666667,-75.6830618338704
7108.33333333333,0.710833333333333,-74.3016948768373
7112.5,0.71125,-73.1244041132505
7116.66666666667,0.711666666666667,-72.1016028235777
7120.83333333333,0.712083333333333,-71.2001010915926
7125,0.7125,-70.3965917525283
7129.16666666667,0.712916666666667,-69.6740812348068
7133.33333333333,0.713333333333333,-69.0197993579462
7137.5,0.71375,-68.4239086524561
7141.66666666667,0.714166666666667,-67.8786721612145
7145.83333333333,0.714583333333333,-67.3778971958698
7150,0.715,-66.9165520472271
7154.16666666667,0.715416666666667,-66.4904948901534
7158.33333333333,0.715833333333333,-66.0962776538544
7162.5,0.71625,-65.7310012913145
7166.66666666667,0.716666666666667,-65.3922070962722
7170.83333333333,0.717083333333333,-65.0777938143841
7175,0.7175,-64.7859535452967
7179.16666666667,0.717916666666667,-64.5151215558901
7183.33333333333,0.718333333333333,-64.263936544269
7187.5,0.71875,-64.0312088583093
7191.66666666667,0.719166666666667,-63.8158948445688
7195.83333333333,0.719583333333333,-63.6170759732365
7200,0.72,-63.4339417242212
7204.16666666667,0.720416666666667,-63.2657754631085
7208.33333333333,0.720833333333333,-63.1119427159635
7212.5,0.72125,-62.9718813858283
7216.66666666667,0.721666666666667,-62.8450935536287
7220.83333333333,0.722083333333333,-62.7311385827218
7225,0.7225,-62.6296273047128
7229.16666666667,0.722916666666667,-62.5402171093218
7233.33333333333,0.723333333333333,-62.4626077963255
7237.5,0.72375,-62.3965380756068
7241.66666666667,0.724166666666667,-62.3417826235463
7245.83333333333,0.724583333333333,-62.2981496212747
7250,0.725,-62.2654787158125
7254.16666666667,0.725416666666667,-62.2436393554871
7258.33333333333,0.725833333333333,-62.2325294629914
7262.5,0.72625,-62.2320744154945
7266.66666666667,0.726666666666667,-62.2422263107892
7270.83333333333,0.727083333333333,-62.2629635029828
7275,0.7275,-62.2942903985777
7279.16666666667,0.727916666666667,-62.336237508295
7283.33333333333,0.728333333333333,-62.3888617559307
7287.5,0.72875,-62.4522470507364
7291.66666666667,0.729166666666667,-62.5265051352067
7295.83333333333,0.729583333333333,-62.6117767270872
7300,0.73,-62.7082329796817
7304.16666666667,0.730416666666667,-62.8160772941301
7308.33333333333,0.730833333333333,-62.93554752441
7312.5,0.73125,-63.0669186281483
7316.66666666667,0.731666666666667,-63.2105058280124
7320.83333333333,0.732083333333333,-63.3666683647184
7325,0.7325,-63.5358139422666
7329.16666666667,0.732916666666667,-63.7184039899812
7333.33333333333,0.733333333333333,-63.9149598967811
7337.5,0.73375,-64.1260704122534
7341.66666666667,0.734166666666667,-64.3524004590968
7345.83333333333,0.734583333333333,-64.5947016667847
7350,0.735,-64.8538250214032
7354.16666666667,0.735416666666667,-65.1307361397538
7358.33333333333,0.735833333333333,-65.4265338258425
7362.5,0.73625,-65.7424727731682
7366.66666666667,0.736666666666667,-66.0799915532423
7370.83333333333,0.737083333333333,-66.440747420465
7375,0.7375,-66.826660004686
7379.16666666667,0.737916666666667,-67.2399667430754
7383.33333333333,0.738333333333333,-67.683294029633
7387.5,0.73875,-68.159749733542
7391.66666666667,0.739166666666667,-68.6730452604342
7395.83333333333,0.739583333333333,-69.2276592320059
7400,0.74,-69.8290610438366
7404.16666666667,0.740416666666667,-70.4840226521916
7408.33333333333,0.740833333333333,-71.2010639592077
7412.5,0.74125,-71.9911069541743
7416.66666666667,0.741666666666667,-72.8684682599026
7420.83333333333,0.742083333333333,-73.8524246271439
7425,0.7425,-74.9698006508875
7429.16666666667,0.742916666666667,-76.2595016497831
7433.33333333333,0.743333333333333,-77.7810619472248
7437.5,0.74375,-79.6324152829125
7441.66666666667,0.744166666666667,-81.9922025155737
7445.83333333333,0.744583333333333,-85.2434225109734
7450,0.745,-90.4923467897805
7454.16666666667,0.745416666666667,-105.790897203969
7458.33333333333,0.745833333333333,-94.1863758462704
7462.5,0.74625,-87.1151950460791
7466.66666666667,0.746666666666667,-83.2875119697298
7470.83333333333,0.747083333333333,-80.655635404887
7475,0.7475,-78.6532549944902
7479.16666666667,0.747916666666667,-77.0410494401551
7483.33333333333,0.748333333333333,-75.6951549562386
7487.5,0.74875,-74.5430909292933
7491.66666666667,0.749166666666667,-73.5387647847971
7495.83333333333,0.749583333333333,-72.6510406489918
7500,0.75,-71.8578979114509
7504.16666666667,0.750416666666667,-71.1431898692878
7508.33333333333,0.750833333333333,-70.494726511981
7512.5,0.75125,-69.9030810902103
7516.66666666667,0.751666666666667,-69.3608154852533
7520.83333333333,0.752083333333333,-68.8619595362889
7525,0.7525,-68.4016505455005
7529.16666666667,0.752916666666667,-67.9758772495172
7533.33333333333,0.753333333333333,-67.5812939224849
7537.5,0.75375,-67.2150827595488
7541.66666666667,0.754166666666667,-66.8748502442748
7545.83333333333,0.754583333333333,-66.5585479116716
7550,0.755,-66.2644109340899
7554.16666666667,0.755416666666667,-65.9909099362812
7558.33333333333,0.755833333333333,-65.736712771456
7562.5,0.75625,-65.5006538959178
7566.66666666667,0.756666666666667,-65.2817096100817
7570.83333333333,0.757083333333333,-65.0789778787085
7575,0.7575,-64.8916617622431
7579.16666666667,0.757916666666667,-64.7190557230557
7583.33333333333,0.758333333333333,-64.5605342416591
7587.5,0.75875,-64.4155423037353
7591.66666666667,0.759166666666667,-64.2835874164171
7595.83333333333,0.759583333333333,-64.1642328824735
7600,0.76,-64.0570921195797
7604.16666666667,0.760416666666667,-63.9618238525812
7608.33333333333,0.760833333333333,-63.8781280425222
7612.5,0.76125,-63.8057424413945
7616.66666666667,0.761666666666667,-63.7444396837319
7620.83333333333,0.762083333333333,-63.6940248427946
7625,0.7625,-63.6543333929822
7629.16666666667,0.762916666666667,-63.6252295319467
7633.33333333333,0.763333333333333,-63.6066048241699
7637.5,0.76375,-63.5983771376796
7641.66666666667,0.764166666666667,-63.6004898501019
7645.83333333333,0.764583333333333,-63.6129113086015
7650,0.765,-63.6356345317119
7654.16666666667,0.765416666666667,-63.668677147509
7658.33333333333,0.765833333333333,-63.7120815667788
7662.5,0.76625,-63.7659153945899
7666.66666666667,0.766666666666667,-63.8302720887348
7670.83333333333,0.767083333333333,-63.9052718788244
7675,0.7675,-63.991062965213
7679.16666666667,0.767916666666667,-64.0878230235195
7683.33333333333,0.768333333333333,-64.1957610479731
7687.5,0.76875,-64.3151195751784
7691.66666666667,0.769166666666667,-64.4461773403127
7695.83333333333,0.769583333333333,-64.5892524306197
7700,0.77,-64.7447060153852
7704.16666666667,0.770416666666667,-64.9129467521736
7708.33333333333,0.770833333333333,-65.0944359902495
7712.5,0.77125,-65.2896939249334
7716.66666666667,0.771666666666667,-65.4993068918344
7720.83333333333,0.772083333333333,-65.7239360408405
7725,0.7725,-65.9643276913988
7729.16666666667,0.772916666666667,-66.2213257545751
7733.33333333333,0.773333333333333,-66.495886715846
7737.5,0.77375,-66.7890978191111
7741.66666666667,0.774166666666667,-67.1021992897545
7745.83333333333,0.774583333333333,-67.4366117034653
7750,0.775,-67.7939699823728
7754.16666666667,0.775416666666667,-68.1761660216994
7758.33333333333,0.775833333333333,-68.5854027013406
7762.5,0.77625,-69.0242631162428
7766.66666666667,0.776666666666667,-69.4958004634397
7770.83333333333,0.777083333333333,-70.0036564333158
7775,0.7775,-70.5522196711789
7779.16666666667,0.777916666666667,-71.1468417518651
7783.33333333333,0.778333333333333,-71.7941376694419
7787.5,0.77875,-72.5024139012103
7791.66666666667,0.779166666666667,-73.2822950974419
7795.83333333333,0.779583333333333,-74.1476713861681
7800,0.78,-75.1171857644065
7804.16666666667,0.780416666666667,-76.2166791677727
7808.33333333333,0.780833333333333,-77.4834439983656
7812.5,0.78125,-78.974174449241
7816.66666666667,0.781666666666667,-80.7812969019499
7820.83333333333,0.782083333333333,-83.0711876798777
7825,0.7825,-86.1928765626184
7829.16666666667,0.782916666666667,-91.1108093734363
7833.33333333333,0.783333333333333,-103.521381558561
7837.5,0.78375,-96.8111071913416
7841.66666666667,0.784166666666667,-89.005784042308
7845.83333333333,0.784583333333333,-84.9784179856935
7850,0.785,-82.2520735284005
7854.16666666667,0.785416666666667,-80.1937640815937
7858.33333333333,0.785833333333333,-78.5439828131424
7862.5,0.78625,-77.1706649909508
7866.66666666667,0.786666666666667,-75.9973686400023
7870.83333333333,0.787083333333333,-74.9758532152299
7875,0.7875,-74.0737170787228
7879.16666666667,0.787916666666667,-73.268145218928
7883.33333333333,0.788333333333333,-72.5424670683201
7887.5,0.78875,-71.8841330581834
7891.66666666667,0.789166666666667,-71.2834613540666
7895.83333333333,0.789583333333333,-70.7328277486495
7900,0.79,-70.2261230378125
7904.16666666667,0.790416666666667,-69.7583784405232
7908.33333333333,0.790833333333333,-69.3255002492596
7912.5,0.79125,-68.9240775939071
7916.66666666667,0.791666666666667,-68.5512404122261
7920.83333333333,0.792083333333333,-68.2045526787106
7925,0.7925,-67.881930892918
7929.16666666667,0.792916666666667,-67.5815809898045
7933.33333333333,0.793333333333333,-67.3019488994401
7937.5,0.79375,-67.0416813700899
7941.66666666667,0.794166666666667,-66.7995946096284
7945.83333333333,0.794583333333333,-66.5746489545546
7950,0.795,-66.3659282393278
7954.16666666667,0.795416666666667,-66.172622867341
7958.33333333333,0.795833333333333,-65.9940158262138
7962.5,0.79625,-65.8294710656508
7966.66666666667,0.796666666666667,-65.6784237876115
7970.83333333333,0.797083333333333,-65.540372296501
7975,0.7975,-65.4148711324504
7979.16666666667,0.797916666666667,-65.30152526836
7983.33333333333,0.798333333333333,-65.1999851945678
7987.5,0.79875,-65.1099427514388
7991.66666666667,0.799166666666667,-65.0311275956586
7995.83333333333,0.799583333333333,-64.9633042094501
8000,0.8,-64.90626937774
8004.16666666667,0.800416666666667,-64.8598500738045
8008.33333333333,0.800833333333333,-64.8239017043504
8012.5,0.80125,-64.7983066755466
8016.66666666667,0.801666666666667,-64.7829732483756
8020.83333333333,0.802083333333333,-64.7778346596616
8025,0.8025,-64.7828484905918
8029.16666666667,0.802916666666667,-64.7979962696977
8033.33333333333,0.803333333333333,-64.82328330226
8037.5,0.80375,-64.8587387230234
8041.66666666667,0.804166666666667,-64.9044157729771
8045.83333333333,0.804583333333333,-64.9603923060902
8050,0.805,-65.0267715357065
8054.16666666667,0.805416666666667,-65.1036830365334
8058.33333333333,0.805833333333333,-65.1912840227508
8062.5,0.80625,-65.2897609295681
8066.66666666667,0.806666666666667,-65.3993313326822
8070.83333333333,0.807083333333333,-65.520246249449
8075,0.8075,-65.6527928749543
8079.16666666667,0.807916666666667,-65.7972978198245
8083.33333333333,0.808333333333333,-65.9541309314116
8087.5,0.80875,-66.1237098001414
8091.66666666667,0.809166666666667,-66.306505076274
8095.83333333333,0.809583333333333,-66.5030467525769
8100,0.81,-66.7139316093107
8104.16666666667,0.810416666666667,-66.9398320650356
8108.33333333333,0.810833333333333,-67.1815067445426
8112.5,0.81125,-67.4398131582985
8116.66666666667,0.811666666666667,-67.7157230021591
8120.83333333333,0.812083333333333,-68.0103407354827
8125,0.8125,-68.324926300178
8129.16666666667,0.812916666666667,-68.6609231216954
8133.33333333333,0.813333333333333,-69.019992920843
8137.5,0.81375,-69.4040594068976
8141.66666666667,0.814166666666667,-69.815363702275
8145.83333333333,0.814583333333333,-70.2565354742963
8150,0.815,-70.730685422245
8154.16666666667,0.815416666666667,-71.2415272871989
8158.33333333333,0.815833333333333,-71.7935414520125
8162.5,0.81625,-72.3921983763414
8166.66666666667,0.816666666666667,-73.0442701947427
8170.83333333333,0.817083333333333,-73.7582758029404
8175,0.8175,-74.5451345220666
8179.16666666667,0.817916666666667,-75.4191578468487
8183.33333333333,0.818333333333333,-76.3996135544041
8187.5,0.81875,-77.5133108735962
8191.66666666667,0.819166666666667,-78.7991283507494
8195.83333333333,0.819583333333333,-80.3165513324549
8200,0.82,-82.1634161780143
8204.16666666667,0.820416666666667,-84.5181427636746
8208.33333333333,0.820833333333333,-87.7631058896689
8212.5,0.82125,-93.0018831769413
8216.66666666667,0.821666666666667,-108.232065844963
8220.83333333333,0.822083333333333,-96.721298416981
8225,0.8225,-89.6342878799898
8229.16666666667,0.822916666666667,-85.7988586511665
8233.33333333333,0.823333333333333,-83.1608403312654
8237.5,0.82375,-81.1528530095109
8241.66666666667,0.824166666666667,-79.5352448148695
8245.83333333333,0.824583333333333,-78.1840162132048
8250,0.825,-77.0266205596544
8254.16666666667,0.825416666666667,-76.016929245706
8258.33333333333,0.825833333333333,-75.1237849794935
8262.5,0.82625,-74.3251535184896
8266.66666666667,0.826666666666667,-73.604878957232
8270.83333333333,0.827083333333333,-72.9507647289354
8275,0.8275,-72.3533791659263
8279.16666666667,0.827916666666667,-71.8052802671513
8283.33333333333,0.828333333333333,-71.3004946506661
8287.5,0.82875,-70.8341568156607
8291.66666666667,0.829166666666667,-70.402252951658
8295.83333333333,0.829583333333333,-70.001434927116
8300,0.83,-69.6288825918761
8304.16666666667,0.830416666666667,-69.2822000840181
8308.33333333333,0.830833333333333,-68.9593365461832
8312.5,0.83125,-68.6585246735814
8316.66666666667,0.831666666666667,-68.3782324979809
8320.83333333333,0.832083333333333,-68.117125136763
8325,0.8325,-67.8740341426176
8329.16666666667,0.832916666666667,-67.6479327215878
8333.33333333333,0.833333333333333,-67.4379155307002
8337.5,0.83375,-67.2431820872372
8341.66666666667,0.834166666666667,-67.0630230516594
8345.83333333333,0.834583333333333,-66.8968088199968
8350,0.835,-66.7439799854792
8354.16666666667,0.835416666666667,-66.604039327818
8358.33333333333,0.835833333333333,-66.4765450578837
8362.5,0.83625,-66.3611051050588
8366.66666666667,0.836666666666667,-66.2573722745128
8370.83333333333,0.837083333333333,-66.165040137751
8375,0.8375,-66.08383954454
8379.16666666667,0.837916666666667,-66.0135356676608
8383.33333333333,0.838333333333333,-65.9539255062977
8387.5,0.83875,-65.9048357901438
8391.66666666667,0.839166666666667,-65.8661212355571
8395.83333333333,0.839583333333333,-65.8376631163199
8400,0.84,-65.8193681170245
8404.16666666667,0.840416666666667,-65.8111674465855
8408.33333333333,0.840833333333333,-65.8130161926917
8412.5,0.84125,-65.8248929044126
8416.66666666667,0.841666666666667,-65.8467993948773
8420.83333333333,0.842083333333333,-65.8787607599576
8425,0.8425,-65.9208256134625
8429.16666666667,0.842916666666667,-65.9730665430939
8433.33333333333,0.843333333333333,-66.0355807969405
8437.5,0.84375,-66.1084912136026
8441.66666666667,0.844166666666667,-66.1919474160749
8445.83333333333,0.844583333333333,-66.2861272929993
8450,0.845,-66.3912388010192
8454.16666666667,0.845416666666667,-66.5075221264517
8458.33333333333,0.845833333333333,-66.6352522572257
8462.5,0.84625,-66.7747420252124
8466.66666666667,0.846666666666667,-66.9263456954469
8470.83333333333,0.847083333333333,-67.0904631951618
8475,0.8475,-67.2675450969373
8479.16666666667,0.847916666666667,-67.458098500149
8483.33333333333,0.848333333333333,-67.6626939881799
8487.5,0.84875,-67.8819738850335
8491.66666666667,0.849166666666667,-68.1166620924905
8495.83333333333,0.849583333333333,-68.3675758664664
8500,0.85,-68.6356399909302
8504.16666666667,0.850416666666667,-68.9219039411693
8508.33333333333,0.850833333333333,-69.2275628081937
8512.5,0.85125,-69.5539830028971
8516.66666666667,0.851666666666667,-69.9027340946784
8520.83333333333,0.852083333333333,-70.2756286118273
8525,0.8525,-70.6747723042751
8529.16666666667,0.852916666666667,-71.1026283347223
8533.33333333333,0.853333333333333,-71.5621002861079
8537.5,0.85375,-72.0566409998806
8541.66666666667,0.854166666666667,-72.5903975193332
8545.83333333333,0.854583333333333,-73.1684075182498
8550,0.855,-73.7968708302701
8554.16666666667,0.855416666666667,-74.483533390278
8558.33333333333,0.855833333333333,-75.2382444930233
8562.5,0.85625,-76.0737906341543
8566.66666666667,0.856666666666667,-77.0071889696473
8570.83333333333,0.857083333333333,-78.0617824826514
8575,0.8575,-79.2708186023132
8579.16666666667,0.857916666666667,-80.6839828185087
8583.33333333333,0.858333333333333,-82.380405585192
8587.5,0.85875,-84.4977874361143
8591.66666666667,0.859166666666667,-87.3097806708493
8595.83333333333,0.859583333333333,-91.4978261897595
8600,0.86,-99.8860760881196
8604.16666666667,0.860416666666667,-103.980937479587
8608.33333333333,0.860833333333333,-92.8666107886304
8612.5,0.86125,-88.1609180568529
8616.66666666667,0.861666666666667,-85.1386314217834
8620.83333333333,0.862083333333333,-82.9130854853073
8625,0.8625,-81.1548687693426
8629.16666666667,0.862916666666667,-79.7048633936423
8633.33333333333,0.863333333333333,-78.4739501479303
8637.5,0.86375,-77.4071568211819
8641.66666666667,0.864166666666667,-76.4681754744535
8645.83333333333,0.864583333333333,-75.631768362862
8650,0.865,-74.8796823232802
8654.16666666667,0.865416666666667,-74.1982900378508
8658.33333333333,0.865833333333333,-73.5771501700419
8662.5,0.86625,-73.0080877134467
8666.66666666667,0.866666666666667,-72.4845841419401
8670.83333333333,0.867083333333333,-72.0013600044106
8675,0.8675,-71.5540814030132
8679.16666666667,0.867916666666667,-71.1391487060966
8683.33333333333,0.868333333333333,-70.7535413166257
8687.5,0.86875,-70.3947015558376
8691.66666666667,0.869166666666667,-70.0604464076866
8695.83333333333,0.869583333333333,-69.748899477269
8700,0.87,-69.4584378604724
8704.16666666667,0.870416666666667,-69.1876501752568
8708.33333333333,0.870833333333333,-68.9353030641052
8712.5,0.87125,-68.700314204753
8716.66666666667,0.871666666666667,-68.4817303789721
8720.83333333333,0.872083333333333,-68.278709512467
8725,0.8725,-68.0905058641354
8729.16666666667,0.872916666666667,-67.9164577358552
8733.33333333333,0.873333333333333,-67.7559772170191
8737.5,0.87375,-67.6085415839189
8741.66666666667,0.874166666666667,-67.473686057173
8745.83333333333,0.874583333333333,-67.3509976821221
8750,0.875,-67.2401101433982
8754.16666666667,0.875416666666667,-67.1406993638096
8758.33333333333,0.875833333333333,-67.0524797662088
8762.5,0.87625,-66.9752011012078
8766.66666666667,0.876666666666667,-66.9086457597133
8770.83333333333,0.877083333333333,-66.8526265076499
8775,0.8775,-66.8069845890588
8779.16666666667,0.877916666666667,-66.7715881564681
8783.33333333333,0.878333333333333,-66.7463309939813
8787.5,0.87875,-66.7311315059337
8791.66666666667,0.879166666666667,-66.7259319516103
8795.83333333333,0.879583333333333,-66.7306979091915
8800,0.88,-66.7454179590623
8804.16666666667,0.880416666666667,-66.7701035796397
8808.33333333333,0.880833333333333,-66.8047892547001
8812.5,0.88125,-66.8495327929997
8816.66666666667,0.881666666666667,-66.9044158676366
8820.83333333333,0.882083333333333,-66.9695447850771
8825,0.8825,-67.0450515000301
8829.16666666667,0.882916666666667,-67.1310948962742
8833.33333333333,0.883333333333333,-67.227862361256
8837.5,0.88375,-67.3355716877159
8841.66666666667,0.884166666666667,-67.4544733454302
8845.83333333333,0.884583333333333,-67.5848531746831
8850,0.885,-67.7270355672628
8854.16666666667,0.885416666666667,-67.8813872134034
8858.33333333333,0.885833333333333,-68.0483215138541
8862.5,0.88625,-68.2283037780439
8866.66666666667,0.886666666666667,-68.4218573602667
8870.83333333333,0.887083333333333,-68.6295709203202
8875,0.8875,-68.8521070470196
8879.16666666667,0.887916666666667,-69.090212542354
8883.33333333333,0.888333333333333,-69.3447307462008
8887.5,0.88875,-69.61661639069
8891.66666666667,0.889166666666667,-69.906953614062
8895.83333333333,0.889583333333333,-70.2169779621019
8900,0.89,-70.5481034651302
8904.16666666667,0.890416666666667,-70.901956250438
8908.33333333333,0.890833333333333,-71.2804166605611
8912.5,0.89125,-71.6856725839779
8916.66666666667,0.891666666666667,-72.1202877641034
8920.83333333333,0.892083333333333,-72.5872904202588
8925,0.8925,-73.0902898746494
8929.16666666667,0.892916666666667,-73.633632505323
8933.33333333333,0.893333333333333,-74.2226140794731
8937.5,0.89375,-74.863774827105
8941.66666666667,0.894166666666667,-75.5653192202317
8945.83333333333,0.894583333333333,-76.3377295660896
8950,0.895,-77.194691799126
8954.16666666667,0.895416666666667,-78.1545458827376
8958.33333333333,0.895833333333333,-79.242663659043
8962.5,0.89625,-80.4955715539747
8966.66666666667,0.896666666666667,-81.9686231422759
8970.83333333333,0.897083333333333,-83.7516679622954
8975,0.8975,-86.0054199216792
8979.16666666667,0.897916666666667,-89.0635734444737
8983.33333333333,0.898333333333333,-93.8295221205197
8987.5,0.89875,-105.222861253807
8991.66666666667,0.899166666666667,-100.572734182187
8995.83333333333,0.899583333333333,-92.3367766272093
9000,0.9,-88.1993744853122
9004.16666666667,0.900416666666667,-85.4205250720293
9008.33333333333,0.900833333333333,-83.3301294961323
9012.5,0.90125,-81.6578089446437
9016.66666666667,0.901666666666667,-80.2671589456781
9020.83333333333,0.902083333333333,-79.079664642843
9025,0.9025,-78.0459702179585
9029.16666666667,0.902916666666667,-77.1330205315453
9033.33333333333,0.903333333333333,-76.317592153657
9037.5,0.90375,-75.5827460192368
9041.66666666667,0.904166666666667,-74.9157486692463
9045.83333333333,0.904583333333333,-74.3067879709314
9050,0.905,-73.7481446898787
9054.16666666667,0.905416666666667,-73.2336385646705
9058.33333333333,0.905833333333333,-72.7582464939459
9062.5,0.90625,-72.3178324098119
9066.66666666667,0.906666666666667,-71.9089517989706
9070.83333333333,0.907083333333333,-71.528707418251
9075,0.9075,-71.1746409207623
9079.16666666667,0.907916666666667,-70.8446501839791
9083.33333333333,0.908333333333333,-70.5369253634459
9087.5,0.90875,-70.2498988115054
9091.66666666667,0.909166666666667,-69.9822054111601
9095.83333333333,0.909583333333333,-69.7326508408153
9100,0.91,-69.50018594743
9104.16666666667,0.910416666666667,-69.2838858802938
9108.33333333333,0.910833333333333,-69.0829329727249
9112.5,0.91125,-68.8966026012299
9116.66666666667,0.911666666666667,-68.7242514343802
9120.83333333333,0.912083333333333,-68.5653076121599
9125,0.9125,-68.4192625017768
9129.16666666667,0.912916666666667,-68.2856637469142
9133.33333333333,0.913333333333333,-68.1641093890544
9137.5,0.91375,-68.0542428822958
9141.66666666667,0.914166666666667,-67.9557488599699
9145.83333333333,0.914583333333333,-67.8683495377395
9150,0.915,-67.7918016592904
9154.16666666667,0.915416666666667,-67.7258939102236
9158.33333333333,0.915833333333333,-67.6704447384985
9162.5,0.91625,-67.625300531377
9166.66666666667,0.916666666666667,-67.5903341085358
9170.83333333333,0.917083333333333,-67.5654434996419
9175,0.9175,-67.5505509807267
9179.16666666667,0.917916666666667,-67.545602349564
9183.33333333333,0.918333333333333,-67.5505664250391
9187.5,0.91875,-67.565434761988
9191.66666666667,0.919166666666667,-67.5902215748314
9195.83333333333,0.919583333333333,-67.6249638684367
9200,0.92,-67.6697217795011
9204.16666666667,0.920416666666667,-67.7245791344049
9208.33333333333,0.920833333333333,-67.7896442357637
9212.5,0.92125,-67.865050891367
9216.66666666667,0.921666666666667,-67.9509597093632
9220.83333333333,0.922083333333333,-68.0475596842642
9225,0.9225,-68.1550701099884
9229.16666666667,0.922916666666667,-68.2737428611646
9233.33333333333,0.923333333333333,-68.4038650957662
9237.5,0.92375,-68.5457624446867
9241.66666666667,0.924166666666667,-68.6998027661458
9245.83333333333,0.924583333333333,-68.8664005651522
9250,0.925,-69.0460221986891
9254.16666666667,0.925416666666667,-69.2391920183258
9258.33333333333,0.925833333333333,-69.4464996375961
9262.5,0.92625,-69.6686085622192
9266.66666666667,0.926666666666667,-69.9062664807329
9270.83333333333,0.927083333333333,-70.160317596768
9275,0.9275,-70.4317174905917
9279.16666666667,0.927916666666667,-70.7215511425042
9283.33333333333,0.928333333333333,-71.0310549435346
9287.5,0.92875,-71.361643785043
9291.66666666667,0.929166666666667,-71.7149446851785
9295.83333333333,0.929583333333333,-72.0928389260142
9300,0.93,-72.4975154067738
9304.16666666667,0.930416666666667,-72.9315389838793
9308.33333333333,0.930833333333333,-73.3979391336896
9312.5,0.93125,-73.9003266355914
9316.66666666667,0.931666666666667,-74.4430496034227
9320.83333333333,0.932083333333333,-75.0314059347807
9325,0.9325,-75.6719385536022
9329.16666666667,0.932916666666667,-76.3728554466418
9333.33333333333,0.933333333333333,-77.1446436642173
9337.5,0.93375,-78.0009957780086
9341.66666666667,0.934166666666667,-78.9602614286119
9345.83333333333,0.934583333333333,-80.0478272466478
9350,0.935,-81.3002435891729
9354.16666666667,0.935416666666667,-82.7729056352767
9358.33333333333,0.935833333333333,-84.555742448892
9362.5,0.93625,-86.8096417002159
9366.66666666667,0.936666666666667,-89.8687648089927
9370.83333333333,0.937083333333333,-94.6383372869669
9375,0.9375,-106.059687701416
9379.16666666667,0.937916666666667,-101.346102460651
9383.33333333333,0.938333333333333,-93.1233544421039
9387.5,0.93875,-88.9884219856675
9391.66666666667,0.939166666666667,-86.2101634380697
9395.83333333333,0.939583333333333,-84.1196886593331
9400,0.94,-82.4469690794462
9404.16666666667,0.940416666666667,-81.0557392169881
9408.33333333333,0.940833333333333,-79.8675503480928
9412.5,0.94125,-78.8330821229895
9416.66666666667,0.941666666666667,-77.9193001161537
9420.83333333333,0.942083333333333,-77.1029937907929
9425,0.9425,-76.3672325083999
9429.16666666667,0.942916666666667,-75.6992885327485
9433.33333333333,0.943333333333333,-75.0893537343197
9437.5,0.94375,-74.5297117463657
9441.66666666667,0.944166666666667,-74.0141843952087
9445.83333333333,0.944583333333333,-73.5377501175711
9450,0.945,-73.0962739835542
9454.16666666667,0.945416666666667,-72.6863123202429
9458.33333333333,0.945833333333333,-72.3049684974239
9462.5,0.94625,-71.9497846028742
9466.66666666667,0.946666666666667,-71.618658806545
9470.83333333333,0.947083333333333,-71.3097814396743
9475,0.9475,-71.0215849322294
9479.16666666667,0.947916666666667,-70.7527041609391
9483.33333333333,0.948333333333333,-70.5019447238018
9487.5,0.94875,-70.2682573205897
9491.66666666667,0.949166666666667,-70.0507168922088
9495.83333333333,0.949583333333333,-69.8485055055604
9500,0.95,-69.6608982155338
9504.16666666667,0.950416666666667,-69.4872513144104
9508.33333333333,0.950833333333333,-69.3269925121218
9512.5,0.95125,-69.1796126910072
9516.66666666667,0.951666666666667,-69.0446589541979
9520.83333333333,0.952083333333333,-68.9217287446025
9525,0.9525,-68.8104648577583
9529.16666666667,0.952916666666667,-68.710551204851
9533.33333333333,0.953333333333333,-68.6217092117469
9537.5,0.95375,-68.5436947602821
9541.66666666667,0.954166666666667,-68.4762955975225
9545.83333333333,0.954583333333333,-68.4193291491837
9550,0.955,-68.3726406900186
9554.16666666667,0.955416666666667,-68.3361018293171
9558.33333333333,0.955833333333333,-68.3096092791554
9562.5,0.95625,-68.293083880963
9566.66666666667,0.956666666666667,-68.2864698686845
9570.83333333333,0.957083333333333,-68.2897343561442
9575,0.9575,-68.3028670361814
9579.16666666667,0.957916666666667,-68.3258800874195
9583.33333333333,0.958333333333333,-68.3588082859027
9587.5,0.95875,-68.4017093245278
9591.66666666667,0.959166666666667,-68.4546643455985
9595.83333333333,0.959583333333333,-68.5177786973783
9600,0.96,-68.5911829305434
9604.16666666667,0.960416666666667,-68.6750340538064
9608.33333333333,0.960833333333333,-68.7695170750416
9612.5,0.96125,-68.8748468613591
9616.66666666667,0.961666666666667,-68.9912703593225
9620.83333333333,0.962083333333333,-69.1190692254905
9625,0.9625,-69.2585629299936
9629.16666666667,0.962916666666667,-69.4101124104304
9633.33333333333,0.963333333333333,-69.5741243714563
9637.5,0.96375,-69.7510563456893
9641.66666666667,0.964166666666667,-69.941422662617
9645.83333333333,0.964583333333333,-70.145801506937
9650,0.965,-70.3648432926073
9654.16666666667,0.965416666666667,-70.5992806403438
9658.33333333333,0.965833333333333,-70.8499403214744
9662.5,0.96625,-71.1177576380953
9666.66666666667,0.966666666666667,-71.4037938391582
9670.83333333333,0.967083333333333,-71.7092573639631
9675,0.9675,-72.0355299484262
9679.16666666667,0.967916666666667,-72.3841989809048
9683.33333333333,0.968333333333333,-72.7570979761529
9687.5,0.96875,-73.1563577243986
9691.66666666667,0.969166666666667,-73.5844716706503
9695.83333333333,0.969583333333333,-74.0443805361312
9700,0.97,-74.5395833911937
9704.16666666667,0.970416666666667,-75.074285748661
9708.33333333333,0.970833333333333,-75.6536005337094
9712.5,0.97125,-76.2838263171488
9716.66666666667,0.971666666666667,-76.9728414331647
9720.83333333333,0.972083333333333,-77.7306771835599
9725,0.9725,-78.5703776084972
9729.16666666667,0.972916666666667,-79.509337011967
9733.33333333333,0.973333333333333,-80.5714740746377
9737.5,0.97375,-81.7909614203153
9741.66666666667,0.974166666666667,-83.2190725185733
9745.83333333333,0.974583333333333,-84.9379124155945
9750,0.975,-87.0914802660249
9754.16666666667,0.975416666666667,-89.9694967184814
9758.33333333333,0.975833333333333,-94.3101909866977
9762.5,0.97625,-103.387710213298
9766.66666666667,0.976666666666667,-104.884677272393
9770.83333333333,0.977083333333333,-94.8271659778834
9775,0.9775,-90.3025081345416
9779.16666666667,0.977916666666667,-87.3538464444987
9783.33333333333,0.978333333333333,-85.1673889505071
9787.5,0.97875,-83.4328173930458
9791.66666666667,0.979166666666667,-81.9982116899045
9795.83333333333,0.979583333333333,-80.7777704755555
9800,0.98,-79.718263309834
9804.16666666667,0.980416666666667,-78.7843844422006
9808.33333333333,0.980833333333333,-77.9515135815667
9812.5,0.98125,-77.2017987029061
9816.66666666667,0.981666666666667,-76.5218843717654
9820.83333333333,0.982083333333333,-75.9015200193424
9825,0.9825,-75.3326683975943
9829.16666666667,0.982916666666667,-74.8089129017752
9833.33333333333,0.983333333333333,-74.3250510607319
9837.5,0.98375,-73.87680815883
9841.66666666667,0.984166666666667,-73.4606307631794
9845.83333333333,0.984583333333333,-73.0735348195459
9850,0.985,-72.7129918843675
9854.16666666667,0.985416666666667,-72.376842559246
9858.33333333333,0.985833333333333,-72.0632296857157
9862.5,0.98625,-71.7705461335639
9866.66666666667,0.986666666666667,-71.4973935244644
9870.83333333333,0.987083333333333,-71.2425492614483
9875,0.9875,-71.0049399463682
9879.16666666667,0.987916666666667,-70.7836197640499
9883.33333333333,0.988333333333333,-70.5777527710063
9887.5,0.98875,-70.3865982794448
9891.66666666667,0.989166666666667,-70.2094987234797
9895.83333333333,0.989583333333333,-70.0458695263746
9900,0.99,-69.8951905995424
9904.16666666667,0.990416666666667,-69.7569991789958
9908.33333333333,0.990833333333333,-69.6308837678885
9912.5,0.99125,-69.5164790013559
9916.66666666667,0.991666666666667,-69.4134612833301
9920.83333333333,0.992083333333333,-69.3215450780304
9925,0.9925,-69.2404797582658
9929.16666666667,0.992916666666667,-69.1700469329076
9933.33333333333,0.993333333333333,-69.1100581885875
9937.5,0.99375,-69.0603531954705
9941.66666666667,0.994166666666667,-69.0207981337886
9945.83333333333,0.994583333333333,-68.9912844079756
9950,0.995,-68.9717276218392
9954.16666666667,0.995416666666667,-68.9620667930954
9958.33333333333,0.995833333333333,-68.9622637925484
9962.5,0.99625,-68.9723029959007
9966.66666666667,0.996666666666667,-68.9921911419453
9970.83333333333,0.997083333333333,-69.0219573945396
9975,0.9975,-69.0616536087989
9979.16666666667,0.997916666666667,-69.1113548077457
9983.33333333333,0.998333333333333,-69.1711598778702
9987.5,0.99875,-69.2411924981457
9991.66666666667,0.999166666666667,-69.3216023199121
9995.83333333333,0.999583333333333,-69.412566424606
10000,1,-69.5142910872994
10004.1666666667,1.00041666666667,-69.6270138865462
10008.3333333333,1.00083333333333,-69.7510062077408
10012.5,1.00125,-69.8865761980296
10016.6666666667,1.00166666666667,-70.0340722467211
10020.8333333333,1.00208333333333,-70.1938870778196
10025,1.0025,-70.3664625672016
10029.1666666667,1.00291666666667,-70.5522954184682
10033.3333333333,1.00333333333333,-70.7519438679455
10037.5,1.00375,-70.9660356298591
10041.6666666667,1.00416666666667,-71.1952773496748
10045.8333333333,1.00458333333333,-71.4404659034682
10050,1.005,-71.7025019749766
10054.1666666667,1.00541666666667,-71.9824064687975
10058.3333333333,1.00583333333333,-72.2813404849202
10062.5,1.00625,-72.6006298070642
10066.6666666667,1.00666666666667,-72.9417951704664
10070.8333333333,1.00708333333333,-73.3065900131951
10075,1.0075,-73.6970480306007
10079.1666666667,1.00791666666667,-74.1155437394289
10083.3333333333,1.00833333333333,-74.5648705543002
10087.5,1.00875,-75.0483428151315
10091.6666666667,1.00916666666667,-75.5699311419859
10095.8333333333,1.00958333333333,-76.1344450824508
10100,1.01,-76.7477843647261
10104.1666666667,1.01041666666667,-77.4172921881258
10108.3333333333,1.01083333333333,-78.1522646925628
10112.5,1.01125,-78.9647075332422
10116.6666666667,1.01166666666667,-79.8704989740845
10120.8333333333,1.01208333333333,-80.89125348056
10125,1.0125,-82.0574622805829
10129.1666666667,1.01291666666667,-83.4141300988304
10133.3333333333,1.01333333333333,-85.0317469945321
10137.5,1.01375,-87.0301023466625
10141.6666666667,1.01416666666667,-89.6386652684961
10145.8333333333,1.01458333333333,-93.3922460145601
10150,1.015,-100.153385742874
10154.1666666667,1.01541666666667,-115.178302917519
10158.3333333333,1.01583333333333,-97.5297996216242
10162.5,1.01625,-92.1094918824299
10166.6666666667,1.01666666666667,-88.8082842385045
10170.8333333333,1.01708333333333,-86.4326186188879
10175,1.0175,-84.5796271777542
10179.1666666667,1.01791666666667,-83.0636607501118
10183.3333333333,1.01833333333333,-81.783680478227
10187.5,1.01875,-80.6785638455584
10191.6666666667,1.01916666666667,-79.7085078278931
10195.8333333333,1.01958333333333,-78.8461413109692
10200,1.02,-78.0718350162868
10204.1666666667,1.02041666666667,-77.3710340240052
10208.3333333333,1.02083333333333,-76.7326488246281
10212.5,1.02125,-76.1480377003216
10216.6666666667,1.02166666666667,-75.6103374161432
10220.8333333333,1.02208333333333,-75.1140082841712
10225,1.0225,-74.6545161554627
10229.1666666667,1.02291666666667,-74.228104686849
10233.3333333333,1.02333333333333,-73.8316287841977
10237.5,1.02375,-73.462430512243
10241.6666666667,1.02416666666667,-73.1182451121548
10245.8333333333,1.02458333333333,-72.7971287769164
10250,1.025,-72.4974024115975
10254.1666666667,1.02541666666667,-72.217607323956
10258.3333333333,1.02583333333333,-71.9564699390731
10262.5,1.02625,-71.7128734291112
10266.6666666667,1.02666666666667,-71.485834701236
10270.8333333333,1.02708333333333,-71.2744855835219
10275,1.0275,-71.0780573335019
10279.1666666667,1.02791666666667,-70.8958677981781
10283.3333333333,1.02833333333333,-70.727310710311
10287.5,1.02875,-70.5718467198845
10291.6666666667,1.02916666666667,-70.4289958465242
10295.8333333333,1.02958333333333,-70.2983311027313
10300,1.03,-70.1794730906728
10304.1666666667,1.03041666666667,-70.0720854142367
10308.3333333333,1.03083333333333,-69.9758707789691
10312.5,1.03125,-69.8905676757996
10316.6666666667,1.03166666666667,-69.815947565459
10320.8333333333,1.03208333333333,-69.7518124963751
10325,1.0325,-69.6979930996521
10329.1666666667,1.03291666666667,-69.6543469170005
10333.3333333333,1.03333333333333,-69.6207570246998
10337.5,1.03375,-69.597130926486
10341.6666666667,1.03416666666667,-69.5833996898477
10345.8333333333,1.03458333333333,-69.5795173112558
10350,1.035,-69.585460295896
10354.1666666667,1.03541666666667,-69.601227444169
10358.3333333333,1.03583333333333,-69.6268398416476
10362.5,1.03625,-69.662341050308
10366.6666666667,1.03666666666667,-69.7077975074819
10370.8333333333,1.03708333333333,-69.7632991379887
10375,1.0375,-69.8289601926249
10379.1666666667,1.03791666666667,-69.9049203293491
10383.3333333333,1.03833333333333,-69.9913459599684
10387.5,1.03875,-70.0884318897402
10391.6666666667,1.03916666666667,-70.1964032855671
10395.8333333333,1.03958333333333,-70.3155180171691
10400,1.04,-70.4460694237723
10404.1666666667,1.04041666666667,-70.588389575041
10408.3333333333,1.04083333333333,-70.7428531056667
10412.5,1.04125,-70.9098817265622
10416.6666666667,1.04166666666667,-71.0899495363773
10420.8333333333,1.04208333333333,-71.2835892877039
10425,1.0425,-71.4913998033263
10429.1666666667,1.04291666666667,-71.7140547829146
10433.3333333333,1.04333333333333,-71.9523133090851
10437.5,1.04375,-72.2070324428812
10441.6666666667,1.04416666666667,-72.4791824124664
10445.8333333333,1.04458333333333,-72.7698650437217
10450,1.045,-73.0803362871241
10454.1666666667,1.04541666666667,-73.4120339662774
10458.3333333333,1.04583333333333,-73.7666122563437
10462.5,1.04625,-74.145984936332
10466.6666666667,1.04666666666667,-74.5523802201613
10470.8333333333,1.04708333333333,-74.9884110871713
10475,1.0475,-75.457166663569
10479.1666666667,1.04791666666667,-75.962332689558
10483.3333333333,1.04833333333333,-76.5083529204789
10487.5,1.04875,-77.1006493634908
10491.6666666667,1.04916666666667,-77.7459291026301
10495.8333333333,1.04958333333333,-78.4526220591111
10500,1.05,-79.2315230310992
10504.1666666667,1.05041666666667,-80.0967642576863
10508.3333333333,1.05083333333333,-81.0673463570915
10512.5,1.05125,-82.1696628013712
10516.6666666667,1.05166666666667,-83.4419086507643
10520.8333333333,1.05208333333333,-84.9423622836343
10525,1.0525,-86.7665112525258
10529.1666666667,1.05291666666667,-89.0875184901126
10533.3333333333,1.05333333333333,-92.2730791786315
10537.5,1.05375,-97.3644229344675
10541.6666666667,1.05416666666667,-111.218001854663
10545.8333333333,1.05458333333333,-101.899417881072
10550,1.055,-94.5187673786622
10554.1666666667,1.05541666666667,-90.5978267374316
10558.3333333333,1.05583333333333,-87.9166282404504
10562.5,1.05625,-85.8811059723318
10566.6666666667,1.05666666666667,-84.2434298412007
10570.8333333333,1.05708333333333,-82.876255784972
10575,1.0575,-81.7054148116527
10579.1666666667,1.05791666666667,-80.6838959698435
10583.3333333333,1.05833333333333,-79.7800207771182
10587.5,1.05875,-78.971427209311
10591.6666666667,1.05916666666667,-78.2417427681047
10595.8333333333,1.05958333333333,-77.5786219015717
10600,1.06,-76.9725269737369
10604.1666666667,1.06041666666667,-76.4159384317529
10608.3333333333,1.06083333333333,-75.9028247119815
10612.5,1.06125,-75.4282756907915
10616.6666666667,1.06166666666667,-74.9882426430336
10620.8333333333,1.06208333333333,-74.5793496093304
10625,1.0625,-74.1987538716656
10629.1666666667,1.06291666666667,-73.8440409571373
10633.3333333333,1.06333333333333,-73.5131444099532
10637.5,1.06375,-73.2042836407516
10641.6666666667,1.06416666666667,-72.9159151854796
10645.8333333333,1.06458333333333,-72.6466940545995
10650,1.065,-72.3954427721139
10654.1666666667,1.06541666666667,-72.1611263504407
10658.3333333333,1.06583333333333,-71.9428318935466
10662.5,1.06625,-71.7397518486322
10666.6666666667,1.06666666666667,-71.5511701592953
10670.8333333333,1.06708333333333,-71.3764507496861
10675,1.0675,-71.2150278935521
10679.1666666667,1.06791666666667,-71.0663981226581
10683.3333333333,1.06833333333333,-70.930113400404
10687.5,1.06875,-70.8057753432321
10691.6666666667,1.06916666666667,-70.6930303184662
10695.8333333333,1.06958333333333,-70.591565276031
10700,1.07,-70.5011042051923
10704.1666666667,1.07041666666667,-70.4214051228221
10708.3333333333,1.07083333333333,-70.3522575203637
10712.5,1.07125,-70.2934802086488
10716.6666666667,1.07166666666667,-70.2449195126934
10720.8333333333,1.07208333333333,-70.2064477767469
10725,1.0725,-70.1779621463659
10729.1666666667,1.07291666666667,-70.1593836043403
10733.3333333333,1.07333333333333,-70.150656240044
10737.5,1.07375,-70.1517467379447
10741.6666666667,1.07416666666667,-70.1626440743724
10745.8333333333,1.07458333333333,-70.1833594179648
10750,1.075,-70.2139262313944
10754.1666666667,1.07541666666667,-70.2544005760767
10758.3333333333,1.07583333333333,-70.3048616254891
10762.5,1.07625,-70.3654123980745
10766.6666666667,1.07666666666667,-70.4361807242034
10770.8333333333,1.07708333333333,-70.5173204653929
10775,1.0775,-70.6090130125294
10779.1666666667,1.07791666666667,-70.71146909428
10783.3333333333,1.07833333333333,-70.824930935785
10787.5,1.07875,-70.9496748149895
10791.6666666667,1.07916666666667,-71.086014079599
10795.8333333333,1.07958333333333,-71.2343026958778
10800,1.08,-71.39493942228
10804.1666666667,1.08041666666667,-71.5683727202894
10808.3333333333,1.08083333333333,-71.7551065409078
10812.5,1.08125,-71.955707162721
10816.6666666667,1.08166666666667,-72.1708112959233
10820.8333333333,1.08208333333333,-72.4011357292194
10825,1.0825,-72.6474888657733
10829.1666666667,1.08291666666667,-72.9107845941158
10833.3333333333,1.08333333333333,-73.1920590668763
10837.5,1.08375,-73.4924911360854
10841.6666666667,1.08416666666667,-73.8134274282301
10845.8333333333,1.08458333333333,-74.1564133670149
10850,1.085,-74.5232319085111
10854.1666666667,1.08541666666667,-74.9159523898584
10858.3333333333,1.08583333333333,-75.3369928263672
10862.5,1.08625,-75.7892003380526
10866.6666666667,1.08666666666667,-76.2759564180606
10870.8333333333,1.08708333333333,-76.8013168442055
10875,1.0875,-77.3702008627414
10879.1666666667,1.08791666666667,-77.9886520446819
10883.3333333333,1.08833333333333,-78.6642060642049
10887.5,1.08875,-79.4064227089058
10891.6666666667,1.08916666666667,-80.2276788084461
10895.8333333333,1.08958333333333,-81.1443924883309
10900,1.09,-82.1789950200868
10904.1666666667,1.09041666666667,-83.363275274412
10908.3333333333,1.09083333333333,-84.7444315717626
10912.5,1.09125,-86.3969784451464
10916.6666666667,1.09166666666667,-88.4489751088249
10920.8333333333,1.09208333333333,-91.1500107487024
10925,1.0925,-95.0999531816194
10929.1666666667,1.09291666666667,-102.555910557616
10933.3333333333,1.09333333333333,-111.46055515237
10937.5,1.09375,-97.8692084572995
10941.6666666667,1.09416666666667,-92.818448782025
10945.8333333333,1.09458333333333,-89.6558296005966
10950,1.095,-87.3525442607002
10954.1666666667,1.09541666666667,-85.5438722480022
10958.3333333333,1.09583333333333,-84.057724277306
10962.5,1.09625,-82.7990947688181
10966.6666666667,1.09666666666667,-81.7099538224897
10970.8333333333,1.09708333333333,-80.7522474420783
10975,1.0975,-79.899668150389
10979.1666666667,1.09791666666667,-79.1332707072242
10983.3333333333,1.09833333333333,-78.4389601188205
10987.5,1.09875,-77.8059675342452
10991.6666666667,1.09916666666667,-77.2258816379689
10995.8333333333,1.09958333333333,-76.692009015094
11000,1.1,-76.1989379048671
11004.1666666667,1.10041666666667,-75.7422323635573
11008.3333333333,1.10083333333333,-75.3182126914168
11012.5,1.10125,-74.9237944887447
11016.6666666667,1.10166666666667,-74.5563685088906
11020.8333333333,1.10208333333333,-74.2137095066903
11025,1.1025,-73.8939060772926
11029.1666666667,1.10291666666667,-73.5953059475832
11033.3333333333,1.10333333333333,-73.3164728185559
11037.5,1.10375,-73.0561519564638
11041.6666666667,1.10416666666667,-72.8132424993357
11045.8333333333,1.10458333333333,-72.586774972052
11050,1.105,-72.3758928878151
11054.1666666667,1.10541666666667,-72.1798375854068
11058.3333333333,1.10583333333333,-71.9979356538216
11062.5,1.10625,-71.8295884419101
11066.6666666667,1.10666666666667,-71.6742632634078
11070.8333333333,1.10708333333333,-71.5314859913535
11075,1.1075,-71.4008347977731
11079.1666666667,1.10791666666667,-71.2819348486416
11083.3333333333,1.10833333333333,-71.1744537958401
11087.5,1.10875,-71.0780979449079
11091.6666666667,1.10916666666667,-70.9926089959492
11095.8333333333,1.10958333333333,-70.9177612757913
11100,1.11,-70.8533593969929
11104.1666666667,1.11041666666667,-70.7992362869621
11108.3333333333,1.11083333333333,-70.755251545447
11112.5,1.11125,-70.7212900938794
11116.6666666667,1.11166666666667,-70.6972610894417
11120.8333333333,1.11208333333333,-70.6830970800499
11125,1.1125,-70.6787533849062
11129.1666666667,1.11291666666667,-70.6842076873747
11133.3333333333,1.11333333333333,-70.6994598329096
11137.5,1.11375,-70.7245318283163
11141.6666666667,1.11416666666667,-70.7594680406429
11145.8333333333,1.11458333333333,-70.8043356024405
11150,1.115,-70.8592250283413
11154.1666666667,1.11541666666667,-70.9242510569702
11158.3333333333,1.11583333333333,-70.9995537343065
11162.5,1.11625,-71.0852997611543
11166.6666666667,1.11666666666667,-71.1816841321419
11170.8333333333,1.11708333333333,-71.2889321012591
11175,1.1175,-71.407301519814
11179.1666666667,1.11791666666667,-71.5370855979981
11183.3333333333,1.11833333333333,-71.6786161578071
11187.5,1.11875,-71.8322674581221
11191.6666666667,1.11916666666667,-71.9984606938773
11195.8333333333,1.11958333333333,-72.1776692915893
11200,1.12,-72.370425156467
11204.1666666667,1.12041666666667,-72.5773260635628
11208.3333333333,1.12083333333333,-72.799044435112
11212.5,1.12125,-73.0363378087493
11216.6666666667,1.12166666666667,-73.2900613853287
11220.8333333333,1.12208333333333,-73.5611831583065
11225,1.1225,-73.8508022697742
11229.1666666667,1.12291666666667,-74.1601714411841
11233.3333333333,1.12333333333333,-74.4907245982981
11237.5,1.12375,-74.844111190705
11241.6666666667,1.12416666666667,-75.2222392320202
11245.8333333333,1.12458333333333,-75.6273298529376
11250,1.125,-76.0619872534573
11254.1666666667,1.12541666666667,-76.5292895676758
11258.3333333333,1.12583333333333,-77.0329086113745
11262.5,1.12625,-77.5772702588193
11266.6666666667,1.12666666666667,-78.1677731932433
11270.8333333333,1.12708333333333,-78.8110935176058
11275,1.1275,-79.5156191227947
11279.1666666667,1.12791666666667,-80.292086347737
11283.3333333333,1.12833333333333,-81.154543684752
11287.5,1.12875,-82.1218674256574
11291.6666666667,1.12916666666667,-83.2202582159487
11295.8333333333,1.12958333333333,-84.4875951298274
11300,1.13,-85.9816004492074
11304.1666666667,1.13041666666667,-87.7966840644725
11308.3333333333,1.13083333333333,-90.1036110206791
11312.5,1.13125,-93.2634442937137
11316.6666666667,1.13166666666667,-98.2898132427988
11320.8333333333,1.13208333333333,-111.595079087346
11325,1.1325,-103.218014959457
11329.1666666667,1.13291666666667,-95.6923528352318
11333.3333333333,1.13333333333333,-91.7317679177295
11337.5,1.13375,-89.0316458924446
11341.6666666667,1.13416666666667,-86.9847871917133
11345.8333333333,1.13458333333333,-85.3393889389686
11350,1.135,-83.966493859522
11354.1666666667,1.13541666666667,-82.7911539945686
11358.3333333333,1.13583333333333,-81.7659361181205
11362.5,1.13625,-80.8589129539933
11366.6666666667,1.13666666666667,-80.047566357158
11370.8333333333,1.13708333333333,-79.3154208904975
11375,1.1375,-78.6500603610498
11379.1666666667,1.13791666666667,-78.0418970282445
11383.3333333333,1.13833333333333,-77.483374798574
11387.5,1.13875,-76.9684348173078
11391.6666666667,1.13916666666667,-76.4921461524689
11395.8333333333,1.13958333333333,-76.0504439228509
11400,1.14,-75.6399394192312
11404.1666666667,1.14041666666667,-75.2577797130182
11408.3333333333,1.14083333333333,-74.9015420449156
11412.5,1.14125,-74.5691531501318
11416.6666666667,1.14166666666667,-74.2588267785466
11420.8333333333,1.14208333333333,-73.9690147082352
11425,1.1425,-73.6983679074218
11429.1666666667,1.14291666666667,-73.4457054312911
11433.3333333333,1.14333333333333,-73.2099892840156
11437.5,1.14375,-72.9903039345329
11441.6666666667,1.14416666666667,-72.7858394987391
11445.8333333333,1.14458333333333,-72.5958778364582
11450,1.145,-72.4197809893821
11454.1666666667,1.14541666666667,-72.2569815131229
11458.3333333333,1.14583333333333,-72.1069743545428
11462.5,1.14625,-71.9693099984231
11466.6666666667,1.14666666666667,-71.8435886679419
11470.8333333333,1.14708333333333,-71.7294554019795
11475,1.1475,-71.6265958707223
11479.1666666667,1.14791666666667,-71.5347328174855
11483.3333333333,1.14833333333333,-71.4536230329403
11487.5,1.14875,-71.3830547902515
11491.6666666667,1.14916666666667,-71.3228456779429
11495.8333333333,1.14958333333333,-71.2728407835384
11500,1.15,-71.2329111870478
11504.1666666667,1.15041666666667,-71.2029527330275
11508.3333333333,1.15083333333333,-71.1828850549014
11512.5,1.15125,-71.1726508327206
11516.6666666667,1.15166666666667,-71.1722152696081
11520.8333333333,1.15208333333333,-71.1815657752245
11525,1.1525,-71.2007118530845
11529.1666666667,1.15291666666667,-71.2296851856009
11533.3333333333,1.15333333333333,-71.2685399226688
11537.5,1.15375,-71.3173531756183
11541.6666666667,1.15416666666667,-71.3762257287305
11545.8333333333,1.15458333333333,-71.4452829818589
11550,1.155,-71.5246761416781
11554.1666666667,1.15541666666667,-71.6145836884654
11558.3333333333,1.15583333333333,-71.7152131475559
11562.5,1.15625,-71.826803205141
11566.6666666667,1.15666666666667,-71.9496262149963
11570.8333333333,1.15708333333333,-72.0839911565116
11575,1.1575,-72.2302471147276
11579.1666666667,1.15791666666667,-72.3887873722823
11583.3333333333,1.15833333333333,-72.5600542221359
11587.5,1.15875,-72.7445446369226
11591.6666666667,1.15916666666667,-72.9428169653734
11595.8333333333,1.15958333333333,-73.1554988644888
11600,1.16,-73.383296735885
11604.1666666667,1.16041666666667,-73.6270070030366
11608.3333333333,1.16083333333333,-73.8875296599368
11612.5,1.16125,-74.1658846469471
11616.6666666667,1.16166666666667,-74.4632317774163
11620.8333333333,1.16208333333333,-74.7808951645875
11625,1.1625,-75.1203934083698
11629.1666666667,1.16291666666667,-75.4834772408071
11633.3333333333,1.16333333333333,-75.8721769397028
11637.5,1.16375,-76.28886270481
11641.6666666667,1.16416666666667,-76.7363224775784
11645.8333333333,1.16458333333333,-77.2178636143683
11650,1.165,-77.7374477430212
11654.1666666667,1.16541666666667,-78.2998726971689
11658.3333333333,1.16583333333333,-78.9110227195089
11662.5,1.16625,-79.5782201738315
11666.6666666667,1.16666666666667,-80.310732561034
11670.8333333333,1.16708333333333,-81.1205251474249
11675,1.1675,-82.0234174341555
11679.1666666667,1.16791666666667,-83.040935070767
11683.3333333333,1.16833333333333,-84.2034285129066
11687.5,1.16875,-85.5556654043061
11691.6666666667,1.16916666666667,-87.16770326906
11695.8333333333,1.16958333333333,-89.1584500466947
11700,1.17,-91.7552585473665
11704.1666666667,1.17041666666667,-95.4862605849287
11708.3333333333,1.17083333333333,-102.176097198664
11712.5,1.17125,-118.093865612332
11716.6666666667,1.17166666666667,-99.7745157113968
11720.8333333333,1.17208333333333,-94.3074071518817
11725,1.1725,-90.988008996667
11729.1666666667,1.17291666666667,-88.6020421462402
11733.3333333333,1.17333333333333,-86.7420295239534
11737.5,1.17375,-85.220713354478
11741.6666666667,1.17416666666667,-83.9363467750497
11745.8333333333,1.17458333333333,-82.8274469566911
11750,1.175,-81.8540081288183
11754.1666666667,1.17541666666667,-80.9885363303213
11758.3333333333,1.17583333333333,-80.2113234758904
11762.5,1.17625,-79.5077617417051
11766.6666666667,1.17666666666667,-78.8667247562227
11770.8333333333,1.17708333333333,-78.2795443030995
11775,1.1775,-77.739337584028
11779.1666666667,1.17791666666667,-77.2405501285928
11783.3333333333,1.17833333333333,-76.7786363847597
11787.5,1.17875,-76.3498310474353
11791.6666666667,1.17916666666667,-75.9509818584253
11795.8333333333,1.17958333333333,-75.5794250618561
11800,1.18,-75.2328910984672
11804.1666666667,1.18041666666667,-74.9094321415922
11808.3333333333,1.18083333333333,-74.6073656834557
11812.5,1.18125,-74.3252300917643
11816.6666666667,1.18166666666667,-74.0617492222633
11820.8333333333,1.18208333333333,-73.8158039701378
11825,1.1825,-73.5864091952864
11829.1666666667,1.18291666666667,-73.3726948591359
11833.3333333333,1.18333333333333,-73.1738904923435
11837.5,1.18375,-72.9893123225378
11841.6666666667,1.18416666666667,-72.8183525430681
11845.8333333333,1.18458333333333,-72.660470321051
11850,1.185,-72.5151842299398
11854.1666666667,1.18541666666667,-72.3820658550633
11858.3333333333,1.18583333333333,-72.2607343751916
11862.5,1.18625,-72.1508519594171
11866.6666666667,1.18666666666667,-72.052119854312
11870.8333333333,1.18708333333333,-71.9642750542879
11875,1.1875,-71.8870874739615
11879.1666666667,1.18791666666667,-71.8203575527457
11883.3333333333,1.18833333333333,-71.7639142377703
11887.5,1.18875,-71.7176132980869
11891.6666666667,1.18916666666667,-71.6813359348486
11895.8333333333,1.18958333333333,-71.6549876589569
11900,1.19,-71.6384974119946
11904.1666666667,1.19041666666667,-71.6318169133031
11908.3333333333,1.19083333333333,-71.634920220074
11912.5,1.19125,-71.6478034933628
11916.6666666667,1.19166666666667,-71.6704849628258
11920.8333333333,1.19208333333333,-71.7030050918611
11925,1.1925,-71.7454269458994
11929.1666666667,1.19291666666667,-71.7978367690195
11933.3333333333,1.19333333333333,-71.860344783901
11937.5,1.19375,-71.9330862266998
11941.6666666667,1.19416666666667,-72.0162226416837
11945.8333333333,1.19458333333333,-72.1099434601789
11950,1.195,-72.2144678982974
11954.1666666667,1.19541666666667,-72.3300472154538
11958.3333333333,1.19583333333333,-72.4569673850677
11962.5,1.19625,-72.5955522410194
11966.6666666667,1.19666666666667,-72.7461671778565
11970.8333333333,1.19708333333333,-72.9092235019346
11975,1.1975,-73.0851835494791
11979.1666666667,1.19791666666667,-73.2745667234264
11983.3333333333,1.19833333333333,-73.4779566277807
11987.5,1.19875,-73.6960095340156
11991.6666666667,1.19916666666667,-73.9294644682179
11995.8333333333,1.19958333333333,-74.1791552880162
12000,1.2,-74.4460252260115
12004.1666666667,1.20041666666667,-74.7311445096963
12008.3333333333,1.20083333333333,-75.0357318591371
12012.5,1.20125,-75.3611809183928
12016.6666666667,1.20166666666667,-75.7090930293343
12020.8333333333,1.20208333333333,-76.0813182492516
12025,1.2025,-76.4800072206488
12029.1666666667,1.20291666666667,-76.907677512828
12033.3333333333,1.20333333333333,-77.3672995582619
12037.5,1.20375,-77.8624095443857
12041.6666666667,1.20416666666667,-78.3972600769173
12045.8333333333,1.20458333333333,-78.9770248610008
12050,1.205,-79.6080824221635
12054.1666666667,1.20541666666667,-80.2984185705044
12058.3333333333,1.20583333333333,-81.0582127133814
12062.5,1.20625,-81.9007190023726
12066.6666666667,1.20666666666667,-82.8436402953129
12070.8333333333,1.20708333333333,-83.9113678022346
12075,1.2075,-85.138836551467
12079.1666666667,1.20791666666667,-86.5786351948381
12083.3333333333,1.20833333333333,-88.3153491306095
12087.5,1.20875,-90.498281208134
12091.6666666667,1.20916666666667,-93.4308957402951
12095.8333333333,1.20958333333333,-97.9014923042264
12100,1.21,-107.62484156294
12104.1666666667,1.21041666666667,-107.1017618574
12108.3333333333,1.21083333333333,-97.7396482165611
12112.5,1.21125,-93.3487528374303
12116.6666666667,1.21166666666667,-90.4556380262415
12120.8333333333,1.21208333333333,-88.2988058687528
12125,1.2125,-86.5821011089298
12129.1666666667,1.21291666666667,-85.1590319968492
12133.3333333333,1.21333333333333,-83.9463249619949
12137.5,1.21375,-82.8920858368353
12141.6666666667,1.21416666666667,-81.9617816566262
12145.8333333333,1.21458333333333,-81.1312701019964
12150,1.215,-80.3830106300356
12154.1666666667,1.21541666666667,-79.7038594600065
12158.3333333333,1.21583333333333,-79.083714847453
12162.5,1.21625,-78.5146472183216
12166.6666666667,1.21666666666667,-77.990319766956
12170.8333333333,1.21708333333333,-77.5055903913157
12175,1.2175,-77.0562308610885
12179.1666666667,1.21791666666667,-76.6387240921248
12183.3333333333,1.21833333333333,-76.2501148335781
12187.5,1.21875,-75.8878977323064
12191.6666666667,1.21916666666667,-75.5499320876598
12195.8333333333,1.21958333333333,-75.2343760134175
12200,1.22,-74.9396349466786
12204.1666666667,1.22041666666667,-74.6643209122587
12208.3333333333,1.22083333333333,-74.4072199682829
12212.5,1.22125,-74.1672659421946
12216.6666666667,1.22166666666667,-73.9435190641998
12220.8333333333,1.22208333333333,-73.7351484517321
12225,1.2225,-73.5414176486642
12229.1666666667,1.22291666666667,-73.3616726143443
12233.3333333333,1.22333333333333,-73.195331690626
12237.5,1.22375,-73.041877179854
12241.6666666667,1.22416666666667,-72.9008482449265
12245.8333333333,1.22458333333333,-72.7718349042741
12250,1.225,-72.6544729363106
12254.1666666667,1.22541666666667,-72.5484395511023
12258.3333333333,1.22583333333333,-72.4534497059846
12262.5,1.22625,-72.3692529742788
12266.6666666667,1.22666666666667,-72.2956308873418
12270.8333333333,1.22708333333333,-72.2323946861686
12275,1.2275,-72.1793834328479
12279.1666666667,1.22791666666667,-72.1364624394768
12283.3333333333,1.22833333333333,-72.1035219809002
12287.5,1.22875,-72.0804762641953
12291.6666666667,1.22916666666667,-72.0672626352319
12295.8333333333,1.22958333333333,-72.0638410058477
12300,1.23,-72.0701934894893
12304.1666666667,1.23041666666667,-72.0863242398062
12308.3333333333,1.23083333333333,-72.1122594881472
12312.5,1.23125,-72.1480477816548
12316.6666666667,1.23166666666667,-72.193760424279
12320.8333333333,1.23208333333333,-72.2494921324561
12325,1.2325,-72.3153619160082
12329.1666666667,1.23291666666667,-72.3915142026746
12333.3333333333,1.23333333333333,-72.4781202292141
12337.5,1.23375,-72.5753797283458
12341.6666666667,1.23416666666667,-72.6835229484466
12345.8333333333,1.23458333333333,-72.8028130494757
12350,1.235,-72.9335489323152
12354.1666666667,1.23541666666667,-73.0760685691317
12358.3333333333,1.23583333333333,-73.2307529190431
12362.5,1.23625,-73.3980305311409
12366.6666666667,1.23666666666667,-73.5783829654028
12370.8333333333,1.23708333333333,-73.7723511884649
12375,1.2375,-73.9805431427507
12379.1666666667,1.23791666666667,-74.2036427413925
12383.3333333333,1.23833333333333,-74.4424206005089
12387.5,1.23875,-74.6977469157315
12391.6666666667,1.23916666666667,-74.970606997407
12395.8333333333,1.23958333333333,-75.2621201384695
12400,1.24,-75.5735626933968
12404.1666666667,1.24041666666667,-75.9063965353873
12408.3333333333,1.24083333333333,-76.262304451589
12412.5,1.24125,-76.6432345973458
12416.6666666667,1.24166666666667,-77.0514569267371
12420.8333333333,1.24208333333333,-77.4896356748279
12425,1.2425,-77.9609236936004
12429.1666666667,1.24291666666667,-78.4690870324135
12433.3333333333,1.24333333333333,-79.0186721958843
12437.5,1.24375,-79.6152348946088
12441.6666666667,1.24416666666667,-80.2656595741384
12445.8333333333,1.24458333333333,-80.9786166906333
12450,1.245,-81.7652357414839
12454.1666666667,1.24541666666667,-82.6401290486936
12458.3333333333,1.24583333333333,-83.623011413594
12462.5,1.24625,-84.7413872898905
12466.6666666667,1.24666666666667,-86.0352797894837
12470.8333333333,1.24708333333333,-87.56620261081
12475,1.2475,-89.4359633525127
12479.1666666667,1.24791666666667,-91.8319580132486
12483.3333333333,1.24833333333333,-95.1620606308167
12487.5,1.24875,-100.642343398946
12491.6666666667,1.24916666666667,-119.031318761678
12495.8333333333,1.24958333333333,-103.043277766596
12500,1.25,-96.3685965042827
12504.1666666667,1.25041666666667,-92.6486446210953
12508.3333333333,1.25083333333333,-90.0619667502138
12512.5,1.25125,-88.0809961240265
12516.6666666667,1.25166666666667,-86.4785593960523
12520.8333333333,1.25208333333333,-85.1358234376609
12525,1.2525,-83.9827674324467
12529.1666666667,1.25291666666667,-82.9746438332553
12533.3333333333,1.25333333333333,-82.081114091146
12537.5,1.25375,-81.2806600372112
12541.6666666667,1.25416666666667,-80.5574670912791
12545.8333333333,1.25458333333333,-79.8995733387359
12550,1.255,-79.2977136268388
12554.1666666667,1.25541666666667,-78.7445672695741
12558.3333333333,1.25583333333333,-78.2342512417412
12562.5,1.25625,-77.76196860201
12566.6666666667,1.25666666666667,-77.3237583761827
12570.8333333333,1.25708333333333,-76.9163136852594
12575,1.2575,-76.5368469304656
12579.1666666667,1.25791666666667,-76.1829881504631
12583.3333333333,1.25833333333333,-75.8527072213273
12587.5,1.25875,-75.5442534977389
12591.6666666667,1.25916666666667,-75.2561084099746
12595.8333333333,1.25958333333333,-74.986947827314
12600,1.26,-74.7356118774167
12604.1666666667,1.26041666666667,-74.5010805235572
12608.3333333333,1.26083333333333,-74.2824536426994
12612.5,1.26125,-74.0789346506729
12616.6666666667,1.26166666666667,-73.8898169558565
12620.8333333333,1.26208333333333,-73.7144726827577
12625,1.2625,-73.552343236542
12629.1666666667,1.26291666666667,-73.4029313699035
12633.3333333333,1.26333333333333,-73.265794487303
12637.5,1.26375,-73.1405389743272
12641.6666666667,1.26416666666667,-73.0268153835938
12645.8333333333,1.26458333333333,-72.9243143420165
12650,1.265,-72.8327630682332
12654.1666666667,1.26541666666667,-72.7519224135001
12658.3333333333,1.26583333333333,-72.6815843511217
12662.5,1.26625,-72.6215698586069
12666.6666666667,1.26666666666667,-72.5717271427031
12670.8333333333,1.26708333333333,-72.5319301687736
12675,1.2675,-72.5020774651122
12679.1666666667,1.26791666666667,-72.4820911756551
12683.3333333333,1.26833333333333,-72.4719163428767
12687.5,1.26875,-72.4715204066141
12691.6666666667,1.26916666666667,-72.4808929100073
12695.8333333333,1.26958333333333,-72.500045404296
12700,1.27,-72.5290115540071
12704.1666666667,1.27041666666667,-72.567847440968
12708.3333333333,1.27083333333333,-72.6166320769198
12712.5,1.27125,-72.6754681315317
12716.6666666667,1.27166666666667,-72.7444828908735
12720.8333333333,1.27208333333333,-72.8238294678302
12725,1.2725,-72.9136882863427
12729.1666666667,1.27291666666667,-73.0142688725641
12733.3333333333,1.27333333333333,-73.1258119919233
12737.5,1.27375,-73.2485921805539
12741.6666666667,1.27416666666667,-73.3829207292379
12745.8333333333,1.27458333333333,-73.5291491936491
12750,1.275,-73.687673521632
12754.1666666667,1.27541666666667,-73.8589389068666
12758.3333333333,1.27583333333333,-74.0434455068568
12762.5,1.27625,-74.241755195354
12766.6666666667,1.27666666666667,-74.45449956552
12770.8333333333,1.27708333333333,-74.6823894484054
12775,1.2775,-74.9262262936083
12779.1666666667,1.27791666666667,-75.1869158442374
12783.3333333333,1.27833333333333,-75.4654846710327
12787.5,1.27875,-75.7631002984247
12791.6666666667,1.27916666666667,-76.081095882865
12795.8333333333,1.27958333333333,-76.4210007269122
12800,1.28,-76.7845783477491
12804.1666666667,1.28041666666667,-77.1738744488271
12808.3333333333,1.28083333333333,-77.5912780400274
12812.5,1.28125,-78.039600270207
12816.6666666667,1.28166666666667,-78.522177491577
12820.8333333333,1.28208333333333,-79.0430080721401
12825,1.2825,-79.6069371340547
12829.1666666667,1.28291666666667,-80.2199108693243
12833.3333333333,1.28333333333333,-80.8893344512473
12837.5,1.28375,-81.6245886764102
12841.6666666667,1.28416666666667,-82.4377980969977
12845.8333333333,1.28458333333333,-83.3450135153584
12850,1.285,-84.3681098481313
12854.1666666667,1.28541666666667,-85.5379910561634
12858.3333333333,1.28583333333333,-86.9003574855731
12862.5,1.28625,-88.5269705279874
12866.6666666667,1.28666666666667,-90.5402180540645
12870.8333333333,1.28708333333333,-93.1758390304635
12875,1.2875,-96.9886119536293
12879.1666666667,1.28791666666667,-103.957203278288
12883.3333333333,1.28833333333333,-116.699997839716
12887.5,1.28875,-100.671461403873
12891.6666666667,1.28916666666667,-95.3745786620993
12895.8333333333,1.28958333333333,-92.1173190281562
12900,1.29,-89.7633042859786
12904.1666666667,1.29041666666667,-87.9225967905089
12908.3333333333,1.29083333333333,-86.4140934934624
12912.5,1.29125,-85.1387650984769
12916.6666666667,1.29166666666667,-84.0365146403218
12920.8333333333,1.29208333333333,-83.0681172257687
12925,1.2925,-82.2065524320524
12929.1666666667,1.29291666666667,-81.4324160422629
12933.3333333333,1.29333333333333,-80.7313041758524
12937.5,1.29375,-80.0922324368732
12941.6666666667,1.29416666666667,-79.5066344950412
12945.8333333333,1.29458333333333,-78.9677025642054
12950,1.295,-78.4699386259375
12954.1666666667,1.29541666666667,-78.0088404264473
12958.3333333333,1.29583333333333,-77.5806764252408
12962.5,1.29625,-77.1823210800683
12966.6666666667,1.29666666666667,-76.8111320504811
12970.8333333333,1.29708333333333,-76.4648571436196
12975,1.2975,-76.1415627627881
12979.1666666667,1.29791666666667,-75.8395781686644
12983.3333333333,1.29833333333333,-75.5574515449963
12987.5,1.29875,-75.293914999213
12991.6666666667,1.29916666666667,-75.0478564096696
12995.8333333333,1.29958333333333,-74.8182965848282
13000,1.3,-74.604370582842
13004.1666666667,1.30041666666667,-74.405312323589
13008.3333333333,1.30083333333333,-74.220441832857
13012.5,1.30125,-74.0491546044005
13016.6666666667,1.30166666666667,-73.8909126855064
13020.8333333333,1.30208333333333,-73.7452371701635
13025,1.3025,-73.6117018566795
13029.1666666667,1.30291666666667,-73.4899278712062
13033.3333333333,1.30333333333333,-73.3795791010044
13037.5,1.30375,-73.2803583091941
13041.6666666667,1.30416666666667,-73.1920038311276
13045.8333333333,1.30458333333333,-73.1142867671043
13050,1.305,-73.0470086041393
13054.1666666667,1.30541666666667,-72.9899992139567
13058.3333333333,1.30583333333333,-72.9431151789559
13062.5,1.30625,-72.906238413908
13066.6666666667,1.30666666666667,-72.8792750513679
13070.8333333333,1.30708333333333,-72.8621545701129
13075,1.3075,-72.8548291481398
13079.1666666667,1.30791666666667,-72.8572732283081
13083.3333333333,1.30833333333333,-72.8694832868665
13087.5,1.30875,-72.8914778021584
13091.6666666667,1.30916666666667,-72.9232974213821
13095.8333333333,1.30958333333333,-72.9650053291756
13100,1.31,-73.0166878259477
13104.1666666667,1.31041666666667,-73.0784551253051
13108.3333333333,1.31083333333333,-73.150442389263
13112.5,1.31125,-73.2328110191073
13116.6666666667,1.31166666666667,-73.3257502307845
13120.8333333333,1.31208333333333,-73.4294789485931
13125,1.3125,-73.5442480567998
13129.1666666667,1.31291666666667,-73.670343062998
13133.3333333333,1.31333333333333,-73.8080872351852
13137.5,1.31375,-73.9578452908383
13141.6666666667,1.31416666666667,-74.1200277321991
13145.8333333333,1.31458333333333,-74.2950959493416
13150,1.315,-74.4835682335209
13154.1666666667,1.31541666666667,-74.6860268880779
13158.3333333333,1.31583333333333,-74.9031266612748
13162.5,1.31625,-75.135604794319
13166.6666666667,1.31666666666667,-75.3842930512334
13170.8333333333,1.31708333333333,-75.6501321996008
13175,1.3175,-75.9341895545956
13179.1666666667,1.31791666666667,-76.2376803802714
13183.3333333333,1.31833333333333,-76.5619941962916
13187.5,1.31875,-76.9087273897074
13191.6666666667,1.31916666666667,-77.2797240229745
13195.8333333333,1.31958333333333,-77.6771274245406
13200,1.32,-78.1034461560775
13204.1666666667,1.32041666666667,-78.5616394355244
13208.3333333333,1.32083333333333,-79.0552293201505
13212.5,1.32125,-79.5884503679804
13216.6666666667,1.32166666666667,-80.1664528658028
13220.8333333333,1.32208333333333,-80.795584406216
13225,1.3225,-81.4837890861735
13229.1666666667,1.32291666666667,-82.2411886842172
13233.3333333333,1.32333333333333,-83.0809554315871
13237.5,1.32375,-84.0206716791906
13241.6666666667,1.32416666666667,-85.0845438135323
13245.8333333333,1.32458333333333,-86.3072082153327
13250,1.325,-87.7407375206609
13254.1666666667,1.32541666666667,-89.4687420139497
13258.3333333333,1.32583333333333,-91.6384337461087
13262.5,1.32625,-94.5478356030318
13266.6666666667,1.32666666666667,-98.9652564518891
13270.8333333333,1.32708333333333,-108.424234885563
13275,1.3275,-108.682744453392
13279.1666666667,1.32791666666667,-99.061718857378
13283.3333333333,1.32833333333333,-94.6180702476924
13287.5,1.32875,-91.7018412883699
13291.6666666667,1.32916666666667,-89.5317891218316
13295.8333333333,1.32958333333333,-87.8063634252078
13300,1.33,-86.3769954180411
13304.1666666667,1.33041666666667,-85.1594416467732
13308.3333333333,1.33083333333333,-84.1012942437622
13312.5,1.33125,-83.1677227232333
13316.6666666667,1.33166666666667,-82.3344005176612
13320.8333333333,1.33208333333333,-81.5836668764398
13325,1.3325,-80.9022962373955
13329.1666666667,1.33291666666667,-80.2801292748624
13333.3333333333,1.33333333333333,-79.7091946849002
13337.5,1.33375,-79.1831246719175
13341.6666666667,1.33416666666667,-78.696753627315
13345.8333333333,1.33458333333333,-78.2458351571977
13350,1.335,-77.8268379112994
13354.1666666667,1.33541666666667,-77.4367952691558
13358.3333333333,1.33583333333333,-77.0731926951011
13362.5,1.33625,-76.733881982084
13366.6666666667,1.33666666666667,-76.4170150406676
13370.8333333333,1.33708333333333,-76.1209921254609
13375,1.3375,-75.8444208916201
13379.1666666667,1.33791666666667,-75.5860836754496
13383.3333333333,1.33833333333333,-75.3449111077451
13387.5,1.33875,-75.1199606484413
13391.6666666667,1.33916666666667,-74.9103989919448
13395.8333333333,1.33958333333333,-74.7154875460719
13400,1.34,-74.534570369953
13404.1666666667,1.34041666666667,-74.3670640996294
13408.3333333333,1.34083333333333,-74.2124494927806
13412.5,1.34125,-74.0702643012815
13416.6666666667,1.34166666666667,-73.9400972416686
13420.8333333333,1.34208333333333,-73.8215828804123
13425,1.3425,-73.7143972871409
13429.1666666667,1.34291666666667,-73.6182543369955
13433.3333333333,1.34333333333333,-73.5329025654985
13437.5,1.34375,-73.4581224980622
13441.6666666667,1.34416666666667,-73.3937243923141
13445.8333333333,1.34458333333333,-73.3395463389783
13450,1.345,-73.2954526810633
13454.1666666667,1.34541666666667,-73.2613327185223
13458.3333333333,1.34583333333333,-73.2370996685118
13462.5,1.34625,-73.2226898638442
13466.6666666667,1.34666666666667,-73.21806216993
13470.8333333333,1.34708333333333,-73.2231976125954
13475,1.3475,-73.2380992064763
13479.1666666667,1.34791666666667,-73.2627919823689
13483.3333333333,1.34833333333333,-73.2973232130733
13487.5,1.34875,-73.3417628437511
13491.6666666667,1.34916666666667,-73.3962041325586
13495.8333333333,1.34958333333333,-73.4607645164696
13500,1.35,-73.5355867190963
13504.1666666667,1.35041666666667,-73.6208401210734
13508.3333333333,1.35083333333333,-73.7167224254318
13512.5,1.35125,-73.8234616498156
13516.6666666667,1.35166666666667,-73.9413184929195
13520.8333333333,1.35208333333333,-74.070589128302
13525,1.3525,-74.2116084928573
13529.1666666667,1.35291666666667,-74.3647541524844
13533.3333333333,1.35333333333333,-74.5304508477045
13537.5,1.35375,-74.709175843278
13541.6666666667,1.35416666666667,-74.9014652396195
13545.8333333333,1.35458333333333,-75.1079214406697
13550,1.355,-75.329222022084
13554.1666666667,1.35541666666667,-75.5661303122814
13558.3333333333,1.35583333333333,-75.8195080771641
13562.5,1.35625,-76.0903308198314
13566.6666666667,1.35666666666667,-76.3797063504683
13570.8333333333,1.35708333333333,-76.6888974860861
13575,1.3575,-77.0193500228059
13579.1666666667,1.35791666666667,-77.3727275009888
13583.3333333333,1.35833333333333,-77.7509548321448
13587.5,1.35875,-78.1562736292737
13591.6666666667,1.35916666666667,-78.5913132076398
13595.8333333333,1.35958333333333,-79.0591828824873
13600,1.36,-79.5635937159674
13604.1666666667,1.36041666666667,-80.1090217303179
13608.3333333333,1.36083333333333,-80.700930783913
13612.5,1.36125,-81.3460833245421
13616.6666666667,1.36166666666667,-82.0529841764636
13620.8333333333,1.36208333333333,-82.832532138076
13625,1.3625,-83.6990083126547
13629.1666666667,1.36291666666667,-84.6716342966499
13633.3333333333,1.36333333333333,-85.7771465027873
13637.5,1.36375,-87.0543026986178
13641.6666666667,1.36416666666667,-88.5623736142705
13645.8333333333,1.36458333333333,-90.3987759492007
13650,1.365,-92.74098604353
13654.1666666667,1.36541666666667,-95.9687282787777
13658.3333333333,1.36583333333333,-101.17419155098
13662.5,1.36625,-116.130345611349
13666.6666666667,1.36666666666667,-105.022838316708
13670.8333333333,1.36708333333333,-97.878765768051
13675,1.3675,-94.0214745617038
13679.1666666667,1.36791666666667,-91.3688303277543
13683.3333333333,1.36833333333333,-89.3488593577576
13687.5,1.36875,-87.7204916453048
13691.6666666667,1.36916666666667,-86.359145353106
13695.8333333333,1.36958333333333,-85.1919905638412
13700,1.37,-84.1727441993878
13704.1666666667,1.37041666666667,-83.2701574377262
13708.3333333333,1.37083333333333,-82.4621382200363
13712.5,1.37125,-81.7324921861021
13716.6666666667,1.37166666666667,-81.0689960608395
13720.8333333333,1.37208333333333,-80.4621989093654
13725,1.3725,-79.9046443442032
13729.1666666667,1.37291666666667,-79.3903478923955
13733.3333333333,1.37333333333333,-78.9144352323994
13737.5,1.37375,-78.4728853244955
13741.6666666667,1.37416666666667,-78.0623439348691
13745.8333333333,1.37458333333333,-77.67998561138
13750,1.375,-77.3234097560267
13754.1666666667,1.37541666666667,-76.9905611689239
13758.3333333333,1.37583333333333,-76.6796684659946
13762.5,1.37625,-76.389195763252
13766.6666666667,1.37666666666667,-76.1178043464983
13770.8333333333,1.37708333333333,-75.8643219564814
13775,1.3775,-75.6277179546444
13779.1666666667,1.37791666666667,-75.4070830736216
13783.3333333333,1.37833333333333,-75.2016127869448
13787.5,1.37875,-75.0105935549016
13791.6666666667,1.37916666666667,-74.8333913817532
13795.8333333333,1.37958333333333,-74.6694422451849
13800,1.38,-74.5182440509821
13804.1666666667,1.38041666666667,-74.3793498452782
13808.3333333333,1.38083333333333,-74.2523620673457
13812.5,1.38125,-74.1369276705769
13816.6666666667,1.38166666666667,-74.0327339738362
13820.8333333333,1.38208333333333,-73.9395051336225
13825,1.3825,-73.8569991420652
13829.1666666667,1.38291666666667,-73.7850052834746
13833.3333333333,1.38333333333333,-73.7233419828374
13837.5,1.38375,-73.6718550034285
13841.6666666667,1.38416666666667,-73.630415951545
13845.8333333333,1.38458333333333,-73.5989210560465
13850,1.385,-73.5772901994911
13854.1666666667,1.38541666666667,-73.565466180543
13858.3333333333,1.38583333333333,-73.5634141918922
13862.5,1.38625,-73.571121505541
13866.6666666667,1.38666666666667,-73.5885973580056
13870.8333333333,1.38708333333333,-73.6158730335501
13875,1.3875,-73.6530021477043
13879.1666666667,1.38791666666667,-73.7000611344916
13883.3333333333,1.38833333333333,-73.7571499499388
13887.5,1.38875,-73.8243930035214
13891.6666666667,1.38916666666667,-73.9019403360901
13895.8333333333,1.38958333333333,-73.9899690702447
13900,1.39,-74.0886851627188
13904.1666666667,1.39041666666667,-74.1983254951386
13908.3333333333,1.39083333333333,-74.3191603543793
13912.5,1.39125,-74.4514963551136
13916.6666666667,1.39166666666667,-74.5956798806984
13920.8333333333,1.39208333333333,-74.7521011259427
13925,1.3925,-74.921198851171
13929.1666666667,1.39291666666667,-75.1034659821958
13933.3333333333,1.39333333333333,-75.2994562207629
13937.5,1.39375,-75.5097918726989
13941.6666666667,1.39416666666667,-75.7351731572644
13945.8333333333,1.39458333333333,-75.9763893266727
13950,1.395,-76.2343320187536
13954.1666666667,1.39541666666667,-76.5100113897294
13958.3333333333,1.39583333333333,-76.8045757301953
13962.5,1.39625,-77.1193354987116
13966.6666666667,1.39666666666667,-77.4557930013529
13970.8333333333,1.39708333333333,-77.8156793768165
13975,1.3975,-78.2010011399938
13979.1666666667,1.39791666666667,-78.614099395913
13983.3333333333,1.39833333333333,-79.0577260853939
13987.5,1.39875,-79.5351434896096
13991.6666666667,1.39916666666667,-80.0502560442965
13995.8333333333,1.39958333333333,-80.607787917663
14000,1.4,-81.2135268351756
14004.1666666667,1.40041666666667,-81.8746661910841
14008.3333333333,1.40083333333333,-82.6002971841727
14012.5,1.40125,-83.4021375480997
14016.6666666667,1.40166666666667,-84.2956480103243
14020.8333333333,1.40208333333333,-85.3018138172704
14025,1.4025,-86.4501317961339
14029.1666666667,1.40291666666667,-87.7839373473342
14033.3333333333,1.40333333333333,-89.3706868294869
14037.5,1.40375,-91.3240198162447
14041.6666666667,1.40416666666667,-93.8587560977203
14045.8333333333,1.40458333333333,-97.464117634981
14050,1.405,-103.752925559623
14054.1666666667,1.40541666666667,-127.7680422044
14058.3333333333,1.40583333333333,-102.729534066298
14062.5,1.40625,-96.9639637786294
14066.6666666667,1.40666666666667,-93.5376970982579
14070.8333333333,1.40708333333333,-91.0961778637469
14075,1.4075,-89.2017267259313
14079.1666666667,1.40791666666667,-87.6566951395249
14083.3333333333,1.40833333333333,-86.3548009387217
14087.5,1.40875,-85.2322660723827
14091.6666666667,1.40916666666667,-84.2477985591578
14095.8333333333,1.40958333333333,-83.3731276301566
14100,1.41,-82.5880482941823
14104.1666666667,1.41041666666667,-81.8776200415404
14108.3333333333,1.41083333333333,-81.2304853401398
14112.5,1.41125,-80.6378103288585
14116.6666666667,1.41166666666667,-80.0925903791683
14120.8333333333,1.41208333333333,-79.5891793916433
14125,1.4125,-79.1229615495724
14129.1666666667,1.41291666666667,-78.6901167418766
14133.3333333333,1.41333333333333,-78.2874493087279
14137.5,1.41375,-77.9122606569166
14141.6666666667,1.41416666666667,-77.5622529176008
14145.8333333333,1.41458333333333,-77.2354550012075
14150,1.415,-76.9301650851631
14154.1666666667,1.41541666666667,-76.6449053456043
14158.3333333333,1.41583333333333,-76.3783859420353
14162.5,1.41625,-76.129476084067
14166.6666666667,1.41666666666667,-75.8971805792623
14170.8333333333,1.41708333333333,-75.6806206724571
14175,1.4175,-75.4790182776609
14179.1666666667,1.41791666666667,-75.2916829134162
14183.3333333333,1.41833333333333,-75.118000819654
14187.5,1.41875,-74.9574258383711
14191.6666666667,1.41916666666667,-74.8094717423741
14195.8333333333,1.41958333333333,-74.6737057544697
14200,1.42,-74.5497430558351
14204.1666666667,1.42041666666667,-74.4372421218794
14208.3333333333,1.42083333333333,-74.3359007558097
14212.5,1.42125,-74.2454527137167
14216.6666666667,1.42166666666667,-74.1656648364218
14220.8333333333,1.42208333333333,-74.0963346194486
14225,1.4225,-74.0372881622889
14229.1666666667,1.42291666666667,-73.988378454749
14233.3333333333,1.42333333333333,-73.9494839591286
14237.5,1.42375,-73.9205074619482
14241.6666666667,1.42416666666667,-73.9013751703374
14245.8333333333,1.42458333333333,-73.8920360337886
14250,1.425,-73.8924612806614
14254.1666666667,1.42541666666667,-73.9026441580165
14258.3333333333,1.42583333333333,-73.9225998704406
14262.5,1.42625,-73.9523657172725
14266.6666666667,1.42666666666667,-73.9920014310962
14270.8333333333,1.42708333333333,-74.0415897216744
14275,1.4275,-74.1012370399882
14279.1666666667,1.42791666666667,-74.1710745726136
14283.3333333333,1.42833333333333,-74.2512594917758
14287.5,1.42875,-74.3419764824218
14291.6666666667,1.42916666666667,-74.4434395809025
14295.8333333333,1.42958333333333,-74.5558943659173
14300,1.43,-74.679620550152
14304.1666666667,1.43041666666667,-74.8149350335329
14308.3333333333,1.43083333333333,-74.9621954961558
14312.5,1.43125,-75.1218046186682
14316.6666666667,1.43166666666667,-75.2942150483632
14320.8333333333,1.43208333333333,-75.4799352505143
14325,1.4325,-75.6795364204894
14329.1666666667,1.43291666666667,-75.8936606805044
14333.3333333333,1.43333333333333,-76.1230308339521
14337.5,1.43375,-76.3684620351904
14341.6666666667,1.43416666666667,-76.6308758246095
14345.8333333333,1.43458333333333,-76.9113171117738
14350,1.435,-77.210974866959
14354.1666666667,1.43541666666667,-77.5312075250539
14358.3333333333,1.43583333333333,-77.8735744275351
14362.5,1.43625,-78.2398751062021
14366.6666666667,1.43666666666667,-78.6321988544472
14370.8333333333,1.43708333333333,-79.0529879901586
14375,1.4375,-79.505119596315
14379.1666666667,1.43791666666667,-79.992012602643
14383.3333333333,1.43833333333333,-80.5177702479939
14387.5,1.43875,-81.0873729362341
14391.6666666667,1.43916666666667,-81.7069444917412
14395.8333333333,1.43958333333333,-82.3841281072769
14400,1.44,-83.1286311030071
14404.1666666667,1.44041666666667,-83.9530384798864
14408.3333333333,1.44083333333333,-84.8740720213657
14412.5,1.44125,-85.9146241179897
14416.6666666667,1.44166666666667,-87.1072196616032
14420.8333333333,1.44208333333333,-88.5003088521337
14425,1.4425,-90.1707222061352
14429.1666666667,1.44291666666667,-92.2513351923939
14433.3333333333,1.44333333333333,-95.0036757252808
14437.5,1.44375,-99.0675659442731
14441.6666666667,1.44416666666667,-106.967028927874
14445.8333333333,1.44458333333333,-113.288756499097
14450,1.445,-101.103118601434
14454.1666666667,1.44541666666667,-96.2303477441454
14458.3333333333,1.44583333333333,-93.1363374898808
14462.5,1.44625,-90.8686838476717
14466.6666666667,1.44666666666667,-89.0813448294146
14470.8333333333,1.44708333333333,-87.6090400123239
14475,1.4475,-86.3598390680172
14479.1666666667,1.44791666666667,-85.277304362563
14483.3333333333,1.44833333333333,-84.3242889374941
14487.5,1.44875,-83.4750399268525
14491.6666666667,1.44916666666667,-82.7109702808714
14495.8333333333,1.44958333333333,-82.0182266516453
14500,1.45,-81.3862091128846
14504.1666666667,1.45041666666667,-80.8066279867752
14508.3333333333,1.45083333333333,-80.2728796602978
14512.5,1.45125,-79.7796201030368
14516.6666666667,1.45166666666667,-79.322465407267
14520.8333333333,1.45208333333333,-78.8977764991701
14525,1.4525,-78.5025011457261
14529.1666666667,1.45291666666667,-78.1340558899335
14533.3333333333,1.45333333333333,-77.790236389223
14537.5,1.45375,-77.4691483469375
14541.6666666667,1.45416666666667,-77.1691536132962
14545.8333333333,1.45458333333333,-76.8888276364543
14550,1.455,-76.6269255200611
14554.1666666667,1.45541666666667,-76.3823546856142
14558.3333333333,1.45583333333333,-76.154152668206
14562.5,1.45625,-75.9414689372362
14566.6666666667,1.45666666666667,-75.7435499072567
14570.8333333333,1.45708333333333,-75.5597265021024
14575,1.4575,-75.3894037773556
14579.1666666667,1.45791666666667,-75.2320522139958
14583.3333333333,1.45833333333333,-75.0872003884041
14587.5,1.45875,-74.954428771335
14591.6666666667,1.45916666666667,-74.8333644719334
14595.8333333333,1.45958333333333,-74.7236767711702
14600,1.46,-74.6250733206652
14604.1666666667,1.46041666666667,-74.5372969119702
14608.3333333333,1.46083333333333,-74.4601227302828
14612.5,1.46125,-74.393356029957
14616.6666666667,1.46166666666667,-74.3368301780252
14620.8333333333,1.46208333333333,-74.2904050219833
14625,1.4625,-74.2539655456726
14629.1666666667,1.46291666666667,-74.2274207887965
14633.3333333333,1.46333333333333,-74.2107030029869
14637.5,1.46375,-74.2037670328816
14641.6666666667,1.46416666666667,-74.206589905712
14645.8333333333,1.46458333333333,-74.2191706240019
14650,1.465,-74.2415301569407
14654.1666666667,1.46541666666667,-74.2737116289881
14658.3333333333,1.46583333333333,-74.3157807119349
14662.5,1.46625,-74.3678262245365
14666.6666666667,1.46666666666667,-74.429960955131
14670.8333333333,1.46708333333333,-74.5023227201482
14675,1.4675,-74.5850756834241
14679.1666666667,1.46791666666667,-74.6784119599994
14683.3333333333,1.46833333333333,-74.7825535428728
14687.5,1.46875,-74.8977545916212
14691.6666666667,1.46916666666667,-75.0243041366426
14695.8333333333,1.46958333333333,-75.1625292655391
14700,1.47,-75.3127988664602
14704.1666666667,1.47041666666667,-75.4755280301945
14708.3333333333,1.47083333333333,-75.6511832298768
14712.5,1.47125,-75.8402884275735
14716.6666666667,1.47166666666667,-76.0434322942714
14720.8333333333,1.47208333333333,-76.2612767794812
14725,1.4725,-76.4945673219153
14729.1666666667,1.47291666666667,-76.7441450827567
14733.3333333333,1.47333333333333,-77.0109616770266
14737.5,1.47375,-77.2960970332947
14741.6666666667,1.47416666666667,-77.6007811938898
14745.8333333333,1.47458333333333,-77.9264211303263
14750,1.475,-78.2746340152319
14754.1666666667,1.47541666666667,-78.6472888921236
14758.3333333333,1.47583333333333,-79.0465594043888
14762.5,1.47625,-79.4749912976921
14766.6666666667,1.47666666666667,-79.9355899331902
14770.8333333333,1.47708333333333,-80.4319353718078
14775,1.4775,-80.9683361414352
14779.1666666667,1.47791666666667,-81.5500383990685
14783.3333333333,1.47833333333333,-82.183516300508
14787.5,1.47875,-82.8768845918147
14791.6666666667,1.47916666666667,-83.6405008622277
14795.8333333333,1.47958333333333,-84.4878727536043
14800,1.48,-85.4370764916831
14804.1666666667,1.48041666666667,-86.5130769861426
14808.3333333333,1.48083333333333,-87.7517385986016
14812.5,1.48125,-89.2072612034672
14816.6666666667,1.48166666666667,-90.9672894527266
14820.8333333333,1.48208333333333,-93.1877319891217
14825,1.4825,-96.1894431294282
14829.1666666667,1.48291666666667,-100.826087749273
14833.3333333333,1.48333333333333,-111.459982664702
14837.5,1.48375,-108.530899307381
14841.6666666667,1.48416666666667,-99.8671197791027
14845.8333333333,1.48458333333333,-95.6255094165874
14850,1.485,-92.7968497658673
14854.1666666667,1.48541666666667,-90.6755858381205
14858.3333333333,1.48583333333333,-88.9811769059845
14862.5,1.48625,-87.5732086381189
14866.6666666667,1.48666666666667,-86.3712646816473
14870.8333333333,1.48708333333333,-85.3249712710076
14875,1.4875,-84.4006789935451
14879.1666666667,1.48791666666667,-83.5747940828704
14883.3333333333,1.48833333333333,-82.8301345798486
14887.5,1.48875,-82.1538010049518
14891.6666666667,1.48916666666667,-81.5358638049916
14895.8333333333,1.48958333333333,-80.9685182663228
14900,1.49,-80.4455203306664
14904.1666666667,1.49041666666667,-79.9617982323308
14908.3333333333,1.49083333333333,-79.513178048704
14912.5,1.49125,-79.0961852940245
14916.6666666667,1.49166666666667,-78.707898601279
14920.8333333333,1.49208333333333,-78.3458399038341
14925,1.4925,-78.0078907209811
14929.1666666667,1.49291666666667,-77.6922274423723
14933.3333333333,1.49333333333333,-77.3972706713071
14937.5,1.49375,-77.1216451231492
14941.6666666667,1.49416666666667,-76.8641475530331
14945.8333333333,1.49458333333333,-76.6237208661537
14950,1.495,-76.3994330446156
14954.1666666667,1.49541666666667,-76.1904598611737
14958.3333333333,1.49583333333333,-75.9960706041348
14962.5,1.49625,-75.8156162137824
14966.6666666667,1.49666666666667,-75.6485193679432
14970.8333333333,1.49708333333333,-75.4942661584939
14975,1.4975,-75.3523990714464
14979.1666666667,1.49791666666667,-75.2225110462644
14983.3333333333,1.49833333333333,-75.1042404372922
14987.5,1.49875,-74.9972667284292
14991.6666666667,1.49916666666667,-74.9013068885513
14995.8333333333,1.49958333333333,-74.8161122718271
15000,1.5,-74.7414659855344
15004.1666666667,1.50041666666667,-74.6771806660064
15008.3333333333,1.50083333333333,-74.6230966082922
15012.5,1.50125,-74.5790802107901
15016.6666666667,1.50166666666667,-74.5450227024925
15020.8333333333,1.50208333333333,-74.5208391238733
15025,1.5025,-74.5064675417101
15029.1666666667,1.50291666666667,-74.501868485849
15033.3333333333,1.50333333333333,-74.507024589498
15037.5,1.50375,-74.5219404341385
15041.6666666667,1.50416666666667,-74.5466425900418
15045.8333333333,1.50458333333333,-74.5811798561284
15050,1.505,-74.6256237043926
15054.1666666667,1.50541666666667,-74.6800689339003
15058.3333333333,1.50583333333333,-74.7446345512555
15062.5,1.50625,-74.8194648934104
15066.6666666667,1.50666666666667,-74.9047310149291
15070.8333333333,1.50708333333333,-75.0006323700312
15075,1.5075,-75.1073988261355
15079.1666666667,1.50791666666667,-75.2252930508789
15083.3333333333,1.50833333333333,-75.3546133321423
15087.5,1.50875,-75.4956968944656
15091.6666666667,1.50916666666667,-75.6489237993468
15095.8333333333,1.50958333333333,-75.8147215296402
15100,1.51,-75.9935703857432
15104.1666666667,1.51041666666667,-76.1860098536098
15108.3333333333,1.51083333333333,-76.3926461381953
15112.5,1.51125,-76.6141611145527
15116.6666666667,1.51166666666667,-76.8513230066723
15120.8333333333,1.51208333333333,-77.1049991971965
15125,1.5125,-77.3761716781461
15129.1666666667,1.51291666666667,-77.6659558139116
15133.3333333333,1.51333333333333,-77.9756232848549
15137.5,1.51375,-78.3066303706763
15141.6666666667,1.51416666666667,-78.6606531223918
15145.8333333333,1.51458333333333,-79.0396315186834
15150,1.515,-79.4458255039791
15154.1666666667,1.51541666666667,-79.8818869402753
15158.3333333333,1.51583333333333,-80.3509532106579
15162.5,1.51625,-80.8567707845747
15166.6666666667,1.51666666666667,-81.4038610243781
15170.8333333333,1.51708333333333,-81.9977468233949
15175,1.5175,-82.645268983068
15179.1666666667,1.51791666666667,-83.355038631652
15183.3333333333,1.51833333333333,-84.1381025388886
15187.5,1.51875,-85.0089541152295
15191.6666666667,1.51916666666667,-85.9871308726865
15195.8333333333,1.51958333333333,-87.0998607895213
15200,1.52,-88.3867106971154
15204.1666666667,1.52041666666667,-89.9083836789941
15208.3333333333,1.52083333333333,-91.7650956228788
15212.5,1.52125,-94.1406303304821
15216.6666666667,1.52166666666667,-97.4325329161194
15220.8333333333,1.52208333333333,-102.810654790765
15225,1.5225,-119.7602413593
15229.1666666667,1.52291666666667,-105.719599704503
15233.3333333333,1.52333333333333,-98.8844498552044
15237.5,1.52375,-95.1157011895612
15241.6666666667,1.52416666666667,-92.5048454599615
15245.8333333333,1.52458333333333,-90.5090803976603
15250,1.525,-88.8964169892318
15254.1666666667,1.52541666666667,-87.5460190190775
15258.3333333333,1.52583333333333,-86.3868834048807
15262.5,1.52625,-85.3737243247554
15266.6666666667,1.52666666666667,-84.4758835396124
15270.8333333333,1.52708333333333,-83.6716410297576
15275,1.5275,-82.945048469815
15279.1666666667,1.52791666666667,-82.2840518038201
15283.3333333333,1.52833333333333,-81.6793203154658
15287.5,1.52875,-81.1234853809235
15291.6666666667,1.52916666666667,-80.6106280996874
15295.8333333333,1.52958333333333,-80.1359241350522
15300,1.53,-79.695391218218
15304.1666666667,1.53041666666667,-79.2857056565246
15308.3333333333,1.53083333333333,-78.9040663848913
15312.5,1.53125,-78.5480925185487
15316.6666666667,1.53166666666667,-78.2157449682319
15320.8333333333,1.53208333333333,-77.9052656476286
15325,1.5325,-77.6151297500429
15329.1666666667,1.53291666666667,-77.3440078646415
15333.3333333333,1.53333333333333,-77.09073560662
15337.5,1.53375,-76.8542890494538
15341.6666666667,1.53416666666667,-76.6337646858855
15345.8333333333,1.53458333333333,-76.4283629619321
15350,1.535,-76.237374656791
15354.1666666667,1.53541666666667,-76.0601695463418
15358.3333333333,1.53583333333333,-75.8961869191252
15362.5,1.53625,-75.7449276031624
15366.6666666667,1.53666666666667,-75.6059472350072
15370.8333333333,1.53708333333333,-75.4788505625902
15375,1.5375,-75.3632866051945
15379.1666666667,1.53791666666667,-75.2589445402861
15383.3333333333,1.53833333333333,-75.165550203649
15387.5,1.53875,-75.0828631121377
15391.6666666667,1.53916666666667,-75.0106739400896
15395.8333333333,1.53958333333333,-74.9488023874031
15400,1.54,-74.8970953919504
15404.1666666667,1.54041666666667,-74.8554256476586
15408.3333333333,1.54083333333333,-74.8236903967804
15412.5,1.54125,-74.8018104709123
15416.6666666667,1.54166666666667,-74.7897295636645
15420.8333333333,1.54208333333333,-74.7874137166985
15425,1.5425,-74.7948510130927
15429.1666666667,1.54291666666667,-74.8120514702706
15433.3333333333,1.54333333333333,-74.8390471297212
15437.5,1.54375,-74.8758923468831
15441.6666666667,1.54416666666667,-74.9226642861001
15445.8333333333,1.54458333333333,-74.9794636296208
15450,1.545,-75.0464155156214
15454.1666666667,1.54541666666667,-75.1236707236942
15458.3333333333,1.54583333333333,-75.2114071314159
15462.5,1.54625,-75.3098314753394
15466.6666666667,1.54666666666667,-75.4191814495698
15470.8333333333,1.54708333333333,-75.5397281955347
15475,1.5475,-75.6717792359359
15479.1666666667,1.54791666666667,-75.8156819258741
15483.3333333333,1.54833333333333,-75.9718275106979
15487.5,1.54875,-76.1406558964347
15491.6666666667,1.54916666666667,-76.3226612686662
15495.8333333333,1.54958333333333,-76.5183987246203
15500,1.55,-76.7284921303375
15504.1666666667,1.55041666666667,-76.9536434622326
15508.3333333333,1.55083333333333,-77.1946439671489
15512.5,1.55125,-77.452387565982
15516.6666666667,1.55166666666667,-77.7278870479975
15520.8333333333,1.55208333333333,-78.0222937664678
15525,1.5525,-78.3369217708551
15529.1666666667,1.55291666666667,-78.6732776161234
15533.3333333333,1.55333333333333,-79.0330975143034
15537.5,1.55375,-79.418394098185
15541.6666666667,1.55416666666667,-79.8315159274243
15545.8333333333,1.55458333333333,-80.2752241316964
15550,1.555,-80.7527924620571
15554.1666666667,1.55541666666667,-81.2681398683272
15558.3333333333,1.55583333333333,-81.8260091748125
15562.5,1.55625,-82.4322125053871
15566.6666666667,1.55666666666667,-83.0939758066158
15570.8333333333,1.55708333333333,-83.8204347115379
15575,1.5575,-84.6233692561827
15579.1666666667,1.55791666666667,-85.5183303460039
15583.3333333333,1.55833333333333,-86.5264388529398
15587.5,1.55875,-87.6774054725541
15591.6666666667,1.55916666666667,-89.0149236774853
15595.8333333333,1.55958333333333,-90.6070983417118
15600,1.56,-92.5688774441135
15604.1666666667,1.56041666666667,-95.1181749184864
15608.3333333333,1.56083333333333,-98.753717230354
15612.5,1.56125,-105.138680767273
15616.6666666667,1.56166666666667,-126.441038807317
15620.8333333333,1.56208333333333,-103.765118837435
15625,1.5625,-98.0775392021853
15629.1666666667,1.56291666666667,-94.678097428072
15633.3333333333,1.56333333333333,-92.2499580480695
15637.5,1.56375,-90.3633977812867
15641.6666666667,1.56416666666667,-88.8234806180252
15645.8333333333,1.56458333333333,-87.5251020984002
15650,1.565,-86.4050780912328
15654.1666666667,1.56541666666667,-85.4224485918788
15658.3333333333,1.56583333333333,-84.5491429400657
15662.5,1.56625,-83.7650839484309
15666.6666666667,1.56666666666667,-83.0554165587221
15670.8333333333,1.56708333333333,-82.4088425399896
15675,1.5675,-81.8165704781507
15679.1666666667,1.56791666666667,-81.2716269262707
15683.3333333333,1.56833333333333,-80.7683892069951
15687.5,1.56875,-80.3022594389231
15691.6666666667,1.56916666666667,-79.8694314771593
15695.8333333333,1.56958333333333,-79.4667206998375
15700,1.57,-79.0914373514745
15704.1666666667,1.57041666666667,-78.7412907242557
15708.3333333333,1.57083333333333,-78.4143155911541
15712.5,1.57125,-78.1088149755709
15716.6666666667,1.57166666666667,-77.8233150927268
15720.8333333333,1.57208333333333,-77.5565294969703
15725,1.5725,-77.3073302695603
15729.1666666667,1.57291666666667,-77.0747246647415
15733.3333333333,1.57333333333333,-76.8578360233007
15737.5,1.57375,-76.6558880643735
15741.6666666667,1.57416666666667,-76.4681918701337
15745.8333333333,1.57458333333333,-76.2941350391899
15750,1.575,-76.1331726009455
15754.1666666667,1.57541666666667,-75.9848193685652
15758.3333333333,1.57583333333333,-75.8486434796922
15762.5,1.57625,-75.7242609222129
15766.6666666667,1.57666666666667,-75.6113308849717
15770.8333333333,1.57708333333333,-75.50955180359
15775,1.5775,-75.4186579946933
15779.1666666667,1.57791666666667,-75.3384167977864
15783.3333333333,1.57833333333333,-75.2686261515152
15787.5,1.57875,-75.2091125497651
15791.6666666667,1.57916666666667,-75.1597293321139
15795.8333333333,1.57958333333333,-75.1203552718496
15800,1.58,-75.0908934303766
15804.1666666667,1.58041666666667,-75.0712702570917
15808.3333333333,1.58083333333333,-75.0614349139099
15812.5,1.58125,-75.0613588137512
15816.6666666667,1.58166666666667,-75.0710353623071
15820.8333333333,1.58208333333333,-75.0904798978042
15825,1.5825,-75.1197298309589
15829.1666666667,1.58291666666667,-75.1588449820643
15833.3333333333,1.58333333333333,-75.2079081268451
15837.5,1.58375,-75.2670257600299
15841.6666666667,1.58416666666667,-75.3363290908378
15845.8333333333,1.58458333333333,-75.4159752907805
15850,1.585,-75.5061490213455
15854.1666666667,1.58541666666667,-75.607064271626
15858.3333333333,1.58583333333333,-75.7189665471293
15862.5,1.58625,-75.8421354594882
15866.6666666667,1.58666666666667,-75.9768877781295
15870.8333333333,1.58708333333333,-76.1235810191207
15875,1.5875,-76.2826176626038
15879.1666666667,1.58791666666667,-76.454450113605
15883.3333333333,1.58833333333333,-76.6395865478143
15887.5,1.58875,-76.8385978173401
15891.6666666667,1.58916666666667,-77.0521256376274
15895.8333333333,1.58958333333333,-77.280892331663
15900,1.59,-77.5257124870298
15904.1666666667,1.59041666666667,-77.7875069730684
15908.3333333333,1.59083333333333,-78.0673199043234
15912.5,1.59125,-78.3663393046243
15916.6666666667,1.59166666666667,-78.6859224778551
15920.8333333333,1.59208333333333,-79.0276274048757
15925,1.5925,-79.3932519710849
15929.1666666667,1.59291666666667,-79.7848834616589
15933.3333333333,1.59333333333333,-80.2049617225082
15937.5,1.59375,-80.6563607629454
15941.6666666667,1.59416666666667,-81.1424956453927
15945.8333333333,1.59458333333333,-81.6674646806726
15950,1.595,-82.2362418937658
15954.1666666667,1.59541666666667,-82.8549427103301
15958.3333333333,1.59583333333333,-83.5311990390219
15962.5,1.59625,-84.2747026809207
15966.6666666667,1.59666666666667,-85.0980166978792
15970.8333333333,1.59708333333333,-86.0178308100946
15975,1.5975,-87.0569886363213
15979.1666666667,1.59791666666667,-88.2479370717442
15983.3333333333,1.59833333333333,-89.6389933617301
15987.5,1.59875,-91.3067413645593
15991.6666666667,1.59916666666667,-93.3835415915248
15995.8333333333,1.59958333333333,-96.1296376806297
16000,1.6,-100.180505071971
16004.1666666667,1.60041666666667,-108.030155746242
16008.3333333333,1.60083333333333,-114.607476721237
16012.5,1.60125,-102.290051924044
16016.6666666667,1.60166666666667,-97.3984931704677
16020.8333333333,1.60208333333333,-94.2966624162559
16025,1.6025,-92.0245430002932
16029.1666666667,1.60291666666667,-90.2342013639987
16033.3333333333,1.60333333333333,-88.7596622230887
16037.5,1.60375,-87.5086799555753
16041.6666666667,1.60416666666667,-86.4246531630315
16045.8333333333,1.60458333333333,-85.4703413810905
16050,1.605,-84.6199344604658
16054.1666666667,1.60541666666667,-83.8548082988398
16058.3333333333,1.60583333333333,-83.1610845131906
16062.5,1.60625,-82.5281456504159
16066.6666666667,1.60666666666667,-81.9476893917061
16070.8333333333,1.60708333333333,-81.4131027733902
16075,1.6075,-80.9190346969735
16079.1666666667,1.60791666666667,-80.4610958082838
16083.3333333333,1.60833333333333,-80.0356427666501
16087.5,1.60875,-79.6396199455186
16091.6666666667,1.60916666666667,-79.2704411510145
16095.8333333333,1.60958333333333,-78.925899807395
16100,1.61,-78.6040997728995
16104.1666666667,1.61041666666667,-78.3034013578697
16108.3333333333,1.61083333333333,-78.0223787123027
16112.5,1.61125,-77.7597858336784
16116.6666666667,1.61166666666667,-77.5145291928439
16120.8333333333,1.61208333333333,-77.2856455004965
16125,1.6125,-77.0722835031852
16129.1666666667,1.61291666666667,-76.8736889771789
16133.3333333333,1.61333333333333,-76.6891922770933
16137.5,1.61375,-76.5181979453324
16141.6666666667,1.61416666666667,-76.3601759972511
16145.8333333333,1.61458333333333,-76.214654580959
16150,1.615,-76.08121377101
16154.1666666667,1.61541666666667,-75.9594803048112
16158.3333333333,1.61583333333333,-75.8491231120552
16162.5,1.61625,-75.7498495086919
16166.6666666667,1.61666666666667,-75.6614019622154
16170.8333333333,1.61708333333333,-75.5835553413287
16175,1.6175,-75.5161145891783
16179.1666666667,1.61791666666667,-75.458912762549
16183.3333333333,1.61833333333333,-75.4118093986329
16187.5,1.61875,-75.3746891660446
16191.6666666667,1.61916666666667,-75.3474607823499
16195.8333333333,1.61958333333333,-75.3300561682978
16200,1.62,-75.322429824433
16204.1666666667,1.62041666666667,-75.3245584187031
16208.3333333333,1.62083333333333,-75.3364405757368
16212.5,1.62125,-75.3580968648128
16216.6666666667,1.62166666666667,-75.3895699849622
16220.8333333333,1.62208333333333,-75.4309251517973
16225,1.6225,-75.4822506946188
16229.1666666667,1.62291666666667,-75.5436588722249
16233.3333333333,1.62333333333333,-75.6152869264182
16237.5,1.62375,-75.6972983934901
16241.6666666667,1.62416666666667,-75.7898847027605
16245.8333333333,1.62458333333333,-75.8932670919832
16250,1.625,-76.0076988876352
16254.1666666667,1.62541666666667,-76.1334681963288
16258.3333333333,1.62583333333333,-76.2709010773082
16262.5,1.62625,-76.4203652693985
16266.6666666667,1.62666666666667,-76.5822745734505
16270.8333333333,1.62708333333333,-76.7570940091202
16275,1.6275,-76.9453458920029
16279.1666666667,1.62791666666667,-77.1476170207168
16283.3333333333,1.62833333333333,-77.3645672037612
16287.5,1.62875,-77.5969394211376
16291.6666666667,1.62916666666667,-77.8455719923031
16295.8333333333,1.62958333333333,-78.1114132312229
16300,1.63,-78.3955392071797
16304.1666666667,1.63041666666667,-78.6991754184752
16308.3333333333,1.63083333333333,-79.0237234514168
16312.5,1.63125,-79.3707940437924
16316.6666666667,1.63166666666667,-79.7422484849144
16320.8333333333,1.63208333333333,-80.1402509871719
16325,1.6325,-80.5673357066069
16329.1666666667,1.63291666666667,-81.0264935993286
16333.3333333333,1.63333333333333,-81.5212865935652
16337.5,1.63375,-82.056000066499
16341.6666666667,1.63416666666667,-82.6358501359003
16345.8333333333,1.63458333333333,-83.2672712612753
16350,1.635,-83.9583246081858
16354.1666666667,1.63541666666667,-84.7192936502938
16358.3333333333,1.63583333333333,-85.563580486667
16362.5,1.63625,-86.5091057377382
16366.6666666667,1.63666666666667,-87.5805949578154
16370.8333333333,1.63708333333333,-88.8135242804708
16375,1.6375,-90.2614194140685
16379.1666666667,1.63791666666667,-92.0106422082133
16383.3333333333,1.63833333333333,-94.2143227655154
16387.5,1.63875,-97.1859640354618
16391.6666666667,1.63916666666667,-101.751322331068
16395.8333333333,1.63958333333333,-111.985355936027
16400,1.64,-110.058460815866
16404.1666666667,1.64041666666667,-101.118998426094
16408.3333333333,1.64083333333333,-96.8158401841549
16412.5,1.64125,-93.9597840434998
16416.6666666667,1.64166666666667,-91.8228522896552
16420.8333333333,1.64208333333333,-90.1181858081836
16425,1.6425,-88.7028990287158
16429.1666666667,1.64291666666667,-87.4954102411149
16433.3333333333,1.64333333333333,-86.4447242614109
16437.5,1.64375,-85.5168299878241
16441.6666666667,1.64416666666667,-84.6879088254584
16445.8333333333,1.64458333333333,-83.9406316974432
16450,1.645,-83.2619988032949
16454.1666666667,1.64541666666667,-82.6420098232283
16458.3333333333,1.64583333333333,-82.0728086848138
16462.5,1.64625,-81.5481131496273
16466.6666666667,1.64666666666667,-81.0628224662154
16470.8333333333,1.64708333333333,-80.6127403086409
16475,1.6475,-80.194374593816
16479.1666666667,1.64791666666667,-79.8047899343211
16483.3333333333,1.64833333333333,-79.4414969510323
16487.5,1.64875,-79.1023679282463
16491.6666666667,1.64916666666667,-78.7855716369606
16495.8333333333,1.64958333333333,-78.4895223335271
16500,1.65,-78.2128393992881
16504.1666666667,1.65041666666667,-77.9543150670761
16508.3333333333,1.65083333333333,-77.7128883788271
16512.5,1.65125,-77.4876239894714
16516.6666666667,1.65166666666667,-77.2776947872874
16520.8333333333,1.65208333333333,-77.0823675401122
16525,1.6525,-76.9009909714514
16529.1666666667,1.65291666666667,-76.732985796893
16533.3333333333,1.65333333333333,-76.5778363573157
16537.5,1.65375,-76.4350835666201
16541.6666666667,1.65416666666667,-76.3043189425516
16545.8333333333,1.65458333333333,-76.1851795440761
16550,1.655,-76.0773436661721
16554.1666666667,1.65541666666667,-75.9805271790318
16558.3333333333,1.65583333333333,-75.8944804114233
16562.5,1.65625,-75.8189855078126
16566.6666666667,1.65666666666667,-75.7538541915251
16570.8333333333,1.65708333333333,-75.6989258840728
16575,1.6575,-75.6540661430999
16579.1666666667,1.65791666666667,-75.6191653775328
16583.3333333333,1.65833333333333,-75.59413782282
16587.5,1.65875,-75.578920747931
16591.6666666667,1.65916666666667,-75.5734738844912
16595.8333333333,1.65958333333333,-75.5777790601364
16600,1.66,-75.5918400361889
16604.1666666667,1.66041666666667,-75.6156825406646
16608.3333333333,1.66083333333333,-75.6493545004406
16612.5,1.66125,-75.6929264771899
16616.6666666667,1.66166666666667,-75.7464923126421
16620.8333333333,1.66208333333333,-75.8101700002337
16625,1.6625,-75.8841027956546
16629.1666666667,1.66291666666667,-75.968460593421
16633.3333333333,1.66333333333333,-76.0634415936741
16637.5,1.66375,-76.1692743017356
16641.6666666667,1.66416666666667,-76.2862198969764
16645.8333333333,1.66458333333333,-76.4145750310389
16650,1.665,-76.5546751208395
16654.1666666667,1.66541666666667,-76.7068982199282
16658.3333333333,1.66583333333333,-76.8716695685367
16662.5,1.66625,-77.0494669502113
16666.6666666667,1.66666666666667,-77.2408270101322
16670.8333333333,1.66708333333333,-77.4463527305549
16675,1.6675,-77.6667223084619
16679.1666666667,1.66791666666667,-77.9026997491414
16683.3333333333,1.66833333333333,-78.155147564381
16687.5,1.66875,-78.4250420900452
16691.6666666667,1.66916666666667,-78.7134920751252
16695.8333333333,1.66958333333333,-79.0217614114952
16700,1.67,-79.3512971375491
16704.1666666667,1.67041666666667,-79.7037642497465
16708.3333333333,1.67083333333333,-80.0810893865564
16712.5,1.67125,-80.4855162363079
16716.6666666667,1.67166666666667,-80.9196766404193
16720.8333333333,1.67208333333333,-81.3866830326788
16725,1.6725,-81.8902503831354
16729.1666666667,1.67291666666667,-82.4348596931177
16733.3333333333,1.67333333333333,-83.0259812771394
16737.5,1.67375,-83.6703861225937
16741.6666666667,1.67416666666667,-84.3765906099643
16745.8333333333,1.67458333333333,-85.1555095883241
16750,1.675,-86.0214471457386
16754.1666666667,1.67541666666667,-86.9936590291225
16758.3333333333,1.67583333333333,-88.0989346963286
16762.5,1.67625,-89.3761190673181
16766.6666666667,1.67666666666667,-90.8846368330993
16770.8333333333,1.67708333333333,-92.722204732055
16775,1.6775,-95.0669724046967
16779.1666666667,1.67791666666667,-98.3005534650689
16783.3333333333,1.67833333333333,-103.523246529754
16787.5,1.67875,-118.667142222736
16791.6666666667,1.67916666666667,-107.266393914718
16795.8333333333,1.67958333333333,-100.156385124672
16800,1.68,-96.3079098022721
16804.1666666667,1.68041666666667,-93.6588421830714
16808.3333333333,1.68083333333333,-91.640491630038
16812.5,1.68125,-90.0128012282341
16816.6666666667,1.68166666666667,-88.6516049847243
16820.8333333333,1.68208333333333,-87.4842751686458
16825,1.6825,-86.4646388217973
16829.1666666667,1.68291666666667,-85.5615122255556
16833.3333333333,1.68333333333333,-84.7528442700307
16837.5,1.68375,-84.0224676394001
16841.6666666667,1.68416666666667,-83.3581776332879
16845.8333333333,1.68458333333333,-82.7505364907907
16850,1.685,-82.1920974271269
16854.1666666667,1.68541666666667,-81.6768831266194
16858.3333333333,1.68583333333333,-81.2000247101058
16862.5,1.68625,-80.7575053425539
16866.6666666667,1.68666666666667,-80.3459740878638
16870.8333333333,1.68708333333333,-79.9626081121739
16875,1.6875,-79.6050089182982
16879.1666666667,1.68791666666667,-79.2711230071406
16883.3333333333,1.68833333333333,-78.9591803820271
16887.5,1.68875,-78.6676462971521
16891.6666666667,1.68916666666667,-78.395182976357
16895.8333333333,1.68958333333333,-78.140618935705
16900,1.69,-77.9029241784658
16904.1666666667,1.69041666666667,-77.6811899679577
16908.3333333333,1.69083333333333,-77.4746122144451
16912.5,1.69125,-77.2824777348825
16916.6666666667,1.69166666666667,-77.1041528227057
16920.8333333333,1.69208333333333,-76.9390736845416
16925,1.6925,-76.7867384031437
16929.1666666667,1.69291666666667,-76.6467001551815
16933.3333333333,1.69333333333333,-76.518561467016
16937.5,1.69375,-76.4019693407882
16941.6666666667,1.69416666666667,-76.296611108316
16945.8333333333,1.69458333333333,-76.2022109051933
16950,1.695,-76.1185266694678
16954.1666666667,1.69541666666667,-76.0453475994588
16958.3333333333,1.69583333333333,-75.9824920029562
16962.5,1.69625,-75.9298054948309
16966.6666666667,1.69666666666667,-75.8871595008231
16970.8333333333,1.69708333333333,-75.8544500367957
16975,1.6975,-75.8315967384761
16979.1666666667,1.69791666666667,-75.8185421208511
16983.3333333333,1.69833333333333,-75.8152510563414
16987.5,1.69875,-75.8217104551336
16991.6666666667,1.69916666666667,-75.8379291491874
16995.8333333333,1.69958333333333,-75.863937970176
17000,1.7,-75.8997900292646
17004.1666666667,1.70041666666667,-75.9455611981911
17008.3333333333,1.70083333333333,-76.0013508088889
17012.5,1.70125,-76.0672825755266
17016.6666666667,1.70166666666667,-76.1435057654918
17020.8333333333,1.70208333333333,-76.2301966406065
17025,1.7025,-76.3275601954999
17029.1666666667,1.70291666666667,-76.4358322391731
17033.3333333333,1.70333333333333,-76.5552818567983
17037.5,1.70375,-76.6862143161392
17041.6666666667,1.70416666666667,-76.8289744842561
17045.8333333333,1.70458333333333,-76.9839508469312
17050,1.705,-77.1515802303647
17054.1666666667,1.70541666666667,-77.3323533650149
17058.3333333333,1.70583333333333,-77.5268214511715
17062.5,1.70625,-77.7356039322532
17066.6666666667,1.70666666666667,-77.9593977385377
17070.8333333333,1.70708333333333,-78.1989883235985
17075,1.7075,-78.4552629171786
17079.1666666667,1.70791666666667,-78.7292265288521
17083.3333333333,1.70833333333333,-79.0220214072295
17087.5,1.70875,-79.3349508658044
17091.6666666667,1.70916666666667,-79.6695087017087
17095.8333333333,1.70958333333333,-80.0274158406327
17100,1.71,-80.4106664305639
17104.1666666667,1.71041666666667,-80.8215864559065
17108.3333333333,1.71083333333333,-81.2629091735645
17112.5,1.71125,-81.7378734995232
17116.6666666667,1.71166666666667,-82.2503542607374
17120.8333333333,1.71208333333333,-82.8050375375206
17125,1.7125,-83.4076612187052
17129.1666666667,1.71291666666667,-84.0653522004905
17133.3333333333,1.71333333333333,-84.7871109241412
17137.5,1.71375,-85.5845279293126
17141.6666666667,1.71416666666667,-86.4728799880686
17145.8333333333,1.71458333333333,-87.4728759758358
17150,1.715,-88.6135775646271
17154.1666666667,1.71541666666667,-89.9375930308794
17158.3333333333,1.71583333333333,-91.5110653958674
17162.5,1.71625,-93.4449947474839
17166.6666666667,1.71666666666667,-95.9479960524385
17170.8333333333,1.71708333333333,-99.4904312264856
17175,1.7175,-105.587764136504
17179.1666666667,1.71791666666667,-140.344769204748
17183.3333333333,1.71833333333333,-105.280798299174
17187.5,1.71875,-99.3445776246286
17191.6666666667,1.71916666666667,-95.8592250162006
17195.8333333333,1.71958333333333,-93.3873033516627
17200,1.72,-91.4740530378364
17204.1666666667,1.72041666666667,-89.9160596484633
17208.3333333333,1.72083333333333,-88.6045518744226
17212.5,1.72125,-87.4745010974455
17216.6666666667,1.72166666666667,-86.4839181714292
17220.8333333333,1.72208333333333,-85.6041129265342
17225,1.7225,-84.8146129126638
17229.1666666667,1.72291666666667,-84.100298997162
17233.3333333333,1.72333333333333,-83.4496897909239
17237.5,1.72375,-82.853862834654
17241.6666666667,1.72416666666667,-82.3057484362336
17245.8333333333,1.72458333333333,-81.7996516271761
17250,1.725,-81.3309191645046
17254.1666666667,1.72541666666667,-80.8957017762254
17258.3333333333,1.72583333333333,-80.4907807386556
17262.5,1.72625,-80.1134389628767
17266.6666666667,1.72666666666667,-79.7613635701248
17270.8333333333,1.72708333333333,-79.432571150236
17275,1.7275,-79.1253496658153
17279.1666666667,1.72791666666667,-78.8382127404882
17283.3333333333,1.72833333333333,-78.5698633120297
17287.5,1.72875,-78.3191644395823
17291.6666666667,1.72916666666667,-78.0851156505318
17295.8333333333,1.72958333333333,-77.8668336236451
17300,1.73,-77.6635362919617
17304.1666666667,1.73041666666667,-77.4745296805518
17308.3333333333,1.73083333333333,-77.2991969386947
17312.5,1.73125,-77.1369891570314
17316.6666666667,1.73166666666667,-76.9874176395334
17320.8333333333,1.73208333333333,-76.8500473770876
17325,1.7325,-76.7244915181726
17329.1666666667,1.73291666666667,-76.6104066722693
17333.3333333333,1.73333333333333,-76.5074889160174
17337.5,1.73375,-76.4154703947534
17341.6666666667,1.73416666666667,-76.3341164337333
17345.8333333333,1.73458333333333,-76.2632230897182
17350,1.735,-76.2026150839604
17354.1666666667,1.73541666666667,-76.1521440740035
17358.3333333333,1.73583333333333,-76.1116872227539
17362.5,1.73625,-76.0811460380542
17366.6666666667,1.73666666666667,-76.060445455351
17370.8333333333,1.73708333333333,-76.0495331498383
17375,1.7375,-76.0483790604025
17379.1666666667,1.73791666666667,-76.0569751174914
17383.3333333333,1.73833333333333,-76.0753351718676
17387.5,1.73875,-76.1034951183275
17391.6666666667,1.73916666666667,-76.141513220551
17395.8333333333,1.73958333333333,-76.1894706411765
17400,1.74,-76.2474721915413
17404.1666666667,1.74041666666667,-76.315647307342
17408.3333333333,1.74083333333333,-76.3941512807878
17412.5,1.74125,-76.4831667645842
17416.6666666667,1.74166666666667,-76.5829055874033
17420.8333333333,1.74208333333333,-76.6936109147828
17425,1.7425,-76.8155598085866
17429.1666666667,1.74291666666667,-76.9490662432704
17433.3333333333,1.74333333333333,-77.0944846502516
17437.5,1.74375,-77.252214088309
17441.6666666667,1.74416666666667,-77.4227031430902
17445.8333333333,1.74458333333333,-77.6064557047133
17450,1.745,-77.8040377867772
17454.1666666667,1.74541666666667,-78.0160856128313
17458.3333333333,1.74583333333333,-78.2433152322136
17462.5,1.74625,-78.4865340242656
17466.6666666667,1.74666666666667,-78.7466545236554
17470.8333333333,1.74708333333333,-79.0247111417185
17475,1.7475,-79.3218805319635
17479.1666666667,1.74791666666667,-79.6395065677352
17483.3333333333,1.74833333333333,-79.9791312456335
17487.5,1.74875,-80.3425332591046
17491.6666666667,1.74916666666667,-80.7317766387041
17495.8333333333,1.74958333333333,-81.1492727610404
17500,1.75,-81.5978603926837
17504.1666666667,1.75041666666667,-82.0809104219812
17508.3333333333,1.75083333333333,-82.6024650167934
17512.5,1.75125,-83.1674257298186
17516.6666666667,1.75166666666667,-83.7818127590134
17520.8333333333,1.75208333333333,-84.4531303232601
17525,1.7525,-85.1908949204373
17529.1666666667,1.75291666666667,-86.0074221962655
17533.3333333333,1.75333333333333,-86.9190409807172
17537.5,1.75375,-87.9480470041843
17541.6666666667,1.75416666666667,-89.1260130863141
17545.8333333333,1.75458333333333,-90.4997709281416
17550,1.755,-92.1431592467945
17554.1666666667,1.75541666666667,-94.1828394568782
17558.3333333333,1.75583333333333,-96.8649659454941
17562.5,1.75625,-100.778098296769
17566.6666666667,1.75666666666667,-108.107322985135
17570.8333333333,1.75708333333333,-117.85369321932
17575,1.7575,-103.757110526495
17579.1666666667,1.75791666666667,-98.6462723242958
17583.3333333333,1.75833333333333,-95.4584021781359
17587.5,1.75875,-93.1401269971247
17591.6666666667,1.75916666666667,-91.3208598628886
17595.8333333333,1.75958333333333,-89.8263966304307
17600,1.76,-88.5607828571037
17604.1666666667,1.76041666666667,-87.4654995118558
17608.3333333333,1.76083333333333,-86.5022148184644
17612.5,1.76125,-85.6444518129105
17616.6666666667,1.76166666666667,-84.8731559430036
17620.8333333333,1.76208333333333,-84.1741585198635
17625,1.7625,-83.5366391684217
17629.1666666667,1.76291666666667,-82.9521494387996
17633.3333333333,1.76333333333333,-82.4139684441058
17637.5,1.76375,-81.9166636380228
17641.6666666667,1.76416666666667,-81.4557830306652
17645.8333333333,1.76458333333333,-81.0276343111464
17650,1.765,-80.6291230046699
17654.1666666667,1.76541666666667,-80.2576316895782
17658.3333333333,1.76583333333333,-79.9109283947437
17662.5,1.76625,-79.5870961029294
17666.6666666667,1.76666666666667,-79.2844777963219
17670.8333333333,1.76708333333333,-79.0016331094876
17675,1.7675,-78.7373037812356
17679.1666666667,1.76791666666667,-78.4903858462901
17683.3333333333,1.76833333333333,-78.2599070659452
17687.5,1.76875,-78.045008459151
17691.6666666667,1.76916666666667,-77.8449290832317
17695.8333333333,1.76958333333333,-77.6589934135562
17700,1.77,-77.4866008143795
17704.1666666667,1.77041666666667,-77.3272167134613
17708.3333333333,1.77083333333333,-77.1803651669842
17712.5,1.77125,-77.0456225792305
17716.6666666667,1.77166666666667,-76.9226123729201
17720.8333333333,1.77208333333333,-76.8110004644022
17725,1.7725,-76.7104914136987
17729.1666666667,1.77291666666667,-76.6208251495004
17733.3333333333,1.77333333333333,-76.5417741853397
17737.5,1.77375,-76.4731412628791
17741.6666666667,1.77416666666667,-76.4147573669644
17745.8333333333,1.77458333333333,-76.366480065475
17750,1.775,-76.3281921443523
17754.1666666667,1.77541666666667,-76.299800503594
17758.3333333333,1.77583333333333,-76.281235294099
17762.5,1.77625,-76.2724492777558
17766.6666666667,1.77666666666667,-76.2734173989744
17770.8333333333,1.77708333333333,-76.2841365592959
17775,1.7775,-76.3046255886019
17779.1666666667,1.77791666666667,-76.3349254156259
17783.3333333333,1.77833333333333,-76.3750994379519
17787.5,1.77875,-76.4252341011784
17791.6666666667,1.77916666666667,-76.4854396970238
17795.8333333333,1.77958333333333,-76.5558513967365
17800,1.78,-76.6366305415425
17804.1666666667,1.78041666666667,-76.7279662143645
17808.3333333333,1.78083333333333,-76.8300771290035
17812.5,1.78125,-76.9432138766854
17816.6666666667,1.78166666666667,-77.0676615838819
17820.8333333333,1.78208333333333,-77.203743039202
17825,1.7825,-77.3518223721541
17829.1666666667,1.78291666666667,-77.512309377116
17833.3333333333,1.78333333333333,-77.6856645978202
17837.5,1.78375,-77.8724053229018
17841.6666666667,1.78416666666667,-78.0731126719599
17845.8333333333,1.78458333333333,-78.2884400004887
17850,1.785,-78.519122908574
17854.1666666667,1.78541666666667,-78.7659912279529
17858.3333333333,1.78583333333333,-79.029983443827
17862.5,1.78625,-79.3121641698649
17866.6666666667,1.78666666666667,-79.6137454564769
17870.8333333333,1.78708333333333,-79.9361129828682
17875,1.7875,-80.2808585184032
17879.1666666667,1.78791666666667,-80.6498205321424
17883.3333333333,1.78833333333333,-81.0451355252262
17887.5,1.78875,-81.4693036448809
17891.6666666667,1.78916666666667,-81.9252736345147
17895.8333333333,1.78958333333333,-82.4165543496635
17900,1.79,-82.9473634863271
17904.1666666667,1.79041666666667,-83.5228294536662
17908.3333333333,1.79083333333333,-84.1492709574763
17912.5,1.79125,-84.8345931495876
17916.6666666667,1.79166666666667,-85.5888640331312
17920.8333333333,1.79208333333333,-86.4251794430758
17925,1.7925,-87.3610094359591
17929.1666666667,1.79291666666667,-88.4203883365801
17933.3333333333,1.79333333333333,-89.637674853027
17937.5,1.79375,-91.0644626427879
17941.6666666667,1.79416666666667,-92.7834589160646
17945.8333333333,1.79458333333333,-94.9399457934112
17950,1.795,-97.8269502478533
17954.1666666667,1.79541666666667,-102.194619433701
17958.3333333333,1.79583333333333,-111.418026427839
17962.5,1.79625,-112.411385786912
17966.6666666667,1.79666666666667,-102.531316173922
17970.8333333333,1.79708333333333,-98.0360272328826
17975,1.7975,-95.096862746593
17979.1666666667,1.79791666666667,-92.9133640826985
17983.3333333333,1.79833333333333,-91.1787860560568
17987.5,1.79875,-89.742570694392
17991.6666666667,1.79916666666667,-88.5195487759088
17995.8333333333,1.79958333333333,-87.456823211046
18000,1.8,-86.5192806458781
18004.1666666667,1.80041666666667,-85.682419560513
18008.3333333333,1.80083333333333,-84.9284651732769
18012.5,1.80125,-84.2441144057467
18016.6666666667,1.80166666666667,-83.6191533870503
18020.8333333333,1.80208333333333,-83.0455713064352
18025,1.8025,-82.5169710367867
18029.1666666667,1.80291666666667,-82.028164730074
18033.3333333333,1.80333333333333,-81.5748888102908
18037.5,1.80375,-81.1535984339359
18041.6666666667,1.80416666666667,-80.7613162247503
18045.8333333333,1.80458333333333,-80.3955189607678
18050,1.805,-80.0540513320867
18054.1666666667,1.80541666666667,-79.7350593756484
18058.3333333333,1.80583333333333,-79.4369384377832
18062.5,1.80625,-79.1582920299438
18066.6666666667,1.80666666666667,-78.8978989581694
18070.8333333333,1.80708333333333,-78.6546868150297
18075,1.8075,-78.4277104237198
18079.1666666667,1.80791666666667,-78.2161341690121
18083.3333333333,1.80833333333333,-78.019217418347
18087.5,1.80875,-77.8363024095747
18091.6666666667,1.80916666666667,-77.6668041405779
18095.8333333333,1.80958333333333,-77.5102018805385
18100,1.81,-77.3660320150994
18104.1666666667,1.81041666666667,-77.2338819971401
18108.3333333333,1.81083333333333,-77.1133852099141
18112.5,1.81125,-77.0042166058595
18116.6666666667,1.81166666666667,-76.9060889930458
18120.8333333333,1.81208333333333,-76.8187498793294
18125,1.8125,-76.7419787886137
18129.1666666667,1.81291666666667,-76.6755849945323
18133.3333333333,1.81333333333333,-76.6194056097858
18137.5,1.81375,-76.5733039974796
18141.6666666667,1.81416666666667,-76.537168466416
18145.8333333333,1.81458333333333,-76.5109112226604
18150,1.815,-76.4944675591877
18154.1666666667,1.81541666666667,-76.4877952639862
18158.3333333333,1.81583333333333,-76.4908742386367
18162.5,1.81625,-76.5037063149937
18166.6666666667,1.81666666666667,-76.5263152741843
18170.8333333333,1.81708333333333,-76.5587470603441
18175,1.8175,-76.6010701965157
18179.1666666667,1.81791666666667,-76.6533764121196
18183.3333333333,1.81833333333333,-76.7157814930009
18187.5,1.81875,-76.788426370081
18191.6666666667,1.81916666666667,-76.8714784691865
18195.8333333333,1.81958333333333,-76.9651333537656
18200,1.82,-77.0696166880637
18204.1666666667,1.82041666666667,-77.1851865717348
18208.3333333333,1.82083333333333,-77.3121362966256
18212.5,1.82125,-77.4507975912659
18216.6666666667,1.82166666666667,-77.6015444350664
18220.8333333333,1.82208333333333,-77.7647975402721
18225,1.8225,-77.9410296294652
18229.1666666667,1.82291666666667,-78.130771656709
18233.3333333333,1.82333333333333,-78.3346201684283
18237.5,1.82375,-78.5532460397163
18241.6666666667,1.82416666666667,-78.7874048944817
18245.8333333333,1.82458333333333,-79.0379495907842
18250,1.825,-79.3058452706274
18254.1666666667,1.82541666666667,-79.5921876175457
18258.3333333333,1.82583333333333,-79.8982251602497
18262.5,1.82625,-80.2253867356166
18266.6666666667,1.82666666666667,-80.5753155916761
18270.8333333333,1.82708333333333,-80.9499121524779
18275,1.8275,-81.3513881982014
18279.1666666667,1.82791666666667,-81.7823363149818
18283.3333333333,1.82833333333333,-82.2458200753313
18287.5,1.82875,-82.745492829873
18291.6666666667,1.82916666666667,-83.2857567250301
18295.8333333333,1.82958333333333,-83.8719794806594
18300,1.83,-84.5107960706294
18304.1666666667,1.83041666666667,-85.2105385908385
18308.3333333333,1.83083333333333,-85.9818658098337
18312.5,1.83125,-86.8387151554953
18316.6666666667,1.83166666666667,-87.7997981769746
18320.8333333333,1.83208333333333,-88.8910602879568
18325,1.8325,-90.1499629254406
18329.1666666667,1.83291666666667,-91.6334948456887
18333.3333333333,1.83333333333333,-93.4346483498728
18337.5,1.83375,-95.7210472481204
18341.6666666667,1.83416666666667,-98.8451260531452
18345.8333333333,1.83458333333333,-103.785127978359
18350,1.835,-116.429364881373
18354.1666666667,1.83541666666667,-109.243981347916
18358.3333333333,1.83583333333333,-101.51259673568
18362.5,1.83625,-97.4957750229864
18366.6666666667,1.83666666666667,-94.7680087005975
18370.8333333333,1.83708333333333,-92.7038785878424
18375,1.8375,-91.0461256976729
18379.1666666667,1.83791666666667,-89.6635891686565
18383.3333333333,1.83833333333333,-88.4802606497935
18387.5,1.83875,-87.4481334530425
18391.6666666667,1.83916666666667,-86.5349430209665
18395.8333333333,1.83958333333333,-85.7179598393159
18400,1.84,-84.9805692458657
18404.1666666667,1.84041666666667,-84.3102595772411
18408.3333333333,1.84083333333333,-83.6973754146495
18412.5,1.84125,-83.1343113232841
18416.6666666667,1.84166666666667,-82.6149716052925
18420.8333333333,1.84208333333333,-82.1343972343486
18425,1.8425,-81.6885015088376
18429.1666666667,1.84291666666667,-81.2738784908224
18433.3333333333,1.84333333333333,-80.8876614439308
18437.5,1.84375,-80.5274163882055
18441.6666666667,1.84416666666667,-80.1910608221755
18445.8333333333,1.84458333333333,-79.8768008033
18450,1.845,-79.5830816258023
18454.1666666667,1.84541666666667,-79.3085487320174
18458.3333333333,1.84583333333333,-79.0520164148872
18462.5,1.84625,-78.8124425312891
18466.6666666667,1.84666666666667,-78.5889078960735
18470.8333333333,1.84708333333333,-78.3805993714313
18475,1.8475,-78.1867958893192
18479.1666666667,1.84791666666667,-78.0068568237144
18483.3333333333,1.84833333333333,-77.8402122745419
18487.5,1.84875,-77.6863549000575
18491.6666666667,1.84916666666667,-77.544833030104
18495.8333333333,1.84958333333333,-77.4152448330535
18500,1.85,-77.2972333684592
18504.1666666667,1.85041666666667,-77.1904823775642
18508.3333333333,1.85083333333333,-77.0947127043794
18512.5,1.85125,-77.0096792503828
18516.6666666667,1.85166666666667,-76.9351683907632
18520.8333333333,1.85208333333333,-76.8709957916302
18525,1.8525,-76.817004574636
18529.1666666667,1.85291666666667,-76.7730637954338
18533.3333333333,1.85333333333333,-76.7390671964057
18537.5,1.85375,-76.714932216495
18541.6666666667,1.85416666666667,-76.7005992280703
18545.8333333333,1.85458333333333,-76.6960309946104
18550,1.855,-76.7012123340409
18554.1666666667,1.85541666666667,-76.7161499800124
18558.3333333333,1.85583333333333,-76.7408726452767
18562.5,1.85625,-76.7754312788064
18566.6666666667,1.85666666666667,-76.819899530576
18570.8333333333,1.85708333333333,-76.8743744248974
18575,1.8575,-76.9389772633305
18579.1666666667,1.85791666666667,-77.013854769585
18583.3333333333,1.85833333333333,-77.0991805024231
18587.5,1.85875,-77.1951565653845
18591.6666666667,1.85916666666667,-77.3020156497865
18595.8333333333,1.85958333333333,-77.420023459016
18600,1.86,-77.5494815663558
18604.1666666667,1.86041666666667,-77.6907307801806
18608.3333333333,1.86083333333333,-77.8441550964055
18612.5,1.86125,-78.010186349664
18616.6666666667,1.86166666666667,-78.1893096829304
18620.8333333333,1.86208333333333,-78.3820700062413
18625,1.8625,-78.5890796430314
18629.1666666667,1.86291666666667,-78.8110274118948
18633.3333333333,1.86333333333333,-79.0486894702262
18637.5,1.86375,-79.3029423251176
18641.6666666667,1.86416666666667,-79.5747785386049
18645.8333333333,1.86458333333333,-79.8653258031628
18650,1.865,-80.1758702914978
18654.1666666667,1.86541666666667,-80.5078854564517
18658.3333333333,1.86583333333333,-80.863067869789
18662.5,1.86625,-81.2433822612763
18666.6666666667,1.86666666666667,-81.6511187249667
18670.8333333333,1.86708333333333,-82.0889662537335
18675,1.8675,-82.560108510179
18679.1666666667,1.86791666666667,-83.0683504211527
18683.3333333333,1.86833333333333,-83.6182882965653
18687.5,1.86875,-84.2155427581815
18691.6666666667,1.86916666666667,-84.8670845100365
18695.8333333333,1.86958333333333,-85.5817012291761
18700,1.87,-86.3706859221859
18704.1666666667,1.87041666666667,-87.2488861174424
18708.3333333333,1.87083333333333,-88.2363677407542
18712.5,1.87125,-89.3611838221527
18716.6666666667,1.87166666666667,-90.6642651374262
18720.8333333333,1.87208333333333,-92.2087435723841
18725,1.8725,-94.099620118726
18729.1666666667,1.87291666666667,-96.5315929509777
18733.3333333333,1.87333333333333,-99.9336901802947
18737.5,1.87375,-105.619477748963
18741.6666666667,1.87416666666667,-128.122716961383
18745.8333333333,1.87458333333333,-107.034123097305
18750,1.875,-100.645500055063
18754.1666666667,1.87541666666667,-97.0122656636005
18758.3333333333,1.87583333333333,-94.4666757989917
18762.5,1.87625,-92.509149965631
18766.6666666667,1.87666666666667,-90.9214972539951
18770.8333333333,1.87708333333333,-89.5886528037736
18775,1.8775,-88.4424538858169
18779.1666666667,1.87791666666667,-87.4391751078298
18783.3333333333,1.87833333333333,-86.5490867154686
18787.5,1.87875,-85.7510557531592
18791.6666666667,1.87916666666667,-85.0295232754247
18795.8333333333,1.87958333333333,-84.3727036882752
18800,1.88,-83.7714573903236
18804.1666666667,1.88041666666667,-83.2185555214669
18808.3333333333,1.88083333333333,-82.7081837662031
18812.5,1.88125,-82.2355976195152
18816.6666666667,1.88166666666667,-81.7968768158344
18820.8333333333,1.88208333333333,-81.3887465573507
18825,1.8825,-81.0084448695206
18829.1666666667,1.88291666666667,-80.653622498391
18833.3333333333,1.88333333333333,-80.3222662345291
18837.5,1.88375,-80.0126393781343
18841.6666666667,1.88416666666667,-79.7232349588462
18845.8333333333,1.88458333333333,-79.4527385670485
18850,1.885,-79.1999985335046
18854.1666666667,1.88541666666667,-78.96400178842
18858.3333333333,1.88583333333333,-78.743854157657
18862.5,1.88625,-78.5387641641321
18866.6666666667,1.88666666666667,-78.3480296178152
18870.8333333333,1.88708333333333,-78.1710264538067
18875,1.8875,-78.0071993854239
18879.1666666667,1.88791666666667,-77.8560540461261
18883.3333333333,1.88833333333333,-77.7171503529469
18887.5,1.88875,-77.5900968877184
18891.6666666667,1.88916666666667,-77.4745461242413
18895.8333333333,1.88958333333333,-77.3701903672521
18900,1.89,-77.2767583017072
18904.1666666667,1.89041666666667,-77.1940120554706
18908.3333333333,1.89083333333333,-77.1217447102664
18912.5,1.89125,-77.0597781985573
18916.6666666667,1.89166666666667,-77.0079615446402
18920.8333333333,1.89208333333333,-76.9661694043226
18925,1.8925,-76.9343008768286
18929.1666666667,1.89291666666667,-76.9122785682537
18933.3333333333,1.89333333333333,-76.9000478778466
18937.5,1.89375,-76.8975765028045
18941.6666666667,1.89416666666667,-76.9048541449774
18945.8333333333,1.89458333333333,-76.9218924195238
18950,1.895,-76.94872495811
18954.1666666667,1.89541666666667,-76.9854077143495
18958.3333333333,1.89583333333333,-77.0320194720695
18962.5,1.89625,-77.0886625703161
18966.6666666667,1.89666666666667,-77.1554638574057
18970.8333333333,1.89708333333333,-77.2325758919582
18975,1.8975,-77.3201784210501
18979.1666666667,1.89791666666667,-77.4184801590852
18983.3333333333,1.89833333333333,-77.5277209129554
18987.5,1.89875,-77.6481740946579
18991.6666666667,1.89916666666667,-77.7801496882251
18995.8333333333,1.89958333333333,-77.9239977356474
19000,1.9,-78.0801124351355
19004.1666666667,1.90041666666667,-78.2489369621083
19008.3333333333,1.90083333333333,-78.4309691435491
19012.5,1.90125,-78.6267681620615
19016.6666666667,1.90166666666667,-78.8369624943902
19020.8333333333,1.90208333333333,-79.0622593579333
19025,1.9025,-79.3034559949904
19029.1666666667,1.90291666666667,-79.5614532323368
19033.3333333333,1.90333333333333,-79.8372718688283
19037.5,1.90375,-80.1320726165773
19041.6666666667,1.90416666666667,-80.4471805454909
19045.8333333333,1.90458333333333,-80.7841152914565
19050,1.905,-81.1446287313964
19054.1666666667,1.90541666666667,-81.530752431439
19058.3333333333,1.90583333333333,-81.9448580723787
19062.5,1.90625,-82.3897353309743
19066.6666666667,1.90666666666667,-82.8686936460097
19070.8333333333,1.90708333333333,-83.3856971964745
19075,1.9075,-83.9455470088132
19079.1666666667,1.90791666666667,-84.5541314229853
19083.3333333333,1.90833333333333,-85.2187781908133
19087.5,1.90875,-85.9487620939258
19091.6666666667,1.90916666666667,-86.756058537739
19095.8333333333,1.90958333333333,-87.6565016513625
19100,1.91,-88.6716390559447
19104.1666666667,1.91041666666667,-89.8318558853643
19108.3333333333,1.91083333333333,-91.1819780300353
19112.5,1.91125,-92.79216907696
19116.6666666667,1.91166666666667,-94.7815528017021
19120.8333333333,1.91208333333333,-97.3779995119161
19125,1.9125,-101.111270946985
19129.1666666667,1.91291666666667,-107.815214712808
19133.3333333333,1.91333333333333,-123.504219992929
19137.5,1.91375,-105.352604612023
19141.6666666667,1.91416666666667,-99.8937568064067
19145.8333333333,1.91458333333333,-96.5755229216277
19150,1.915,-94.1887601650953
19154.1666666667,1.91541666666667,-92.3271302754274
19158.3333333333,1.91583333333333,-90.8037723301843
19162.5,1.91625,-89.5171139584909
19166.6666666667,1.91666666666667,-88.4057610548787
19170.8333333333,1.91708333333333,-87.4297577150573
19175,1.9175,-86.5616401432372
19179.1666666667,1.91791666666667,-85.7817195567493
19183.3333333333,1.91833333333333,-85.0754010407955
19187.5,1.91875,-84.4315671638169
19191.6666666667,1.91916666666667,-83.8415560841796
19195.8333333333,1.91958333333333,-83.2984896542903
19200,1.92,-82.7968168565209
19204.1666666667,1.92041666666667,-82.3319947434595
19208.3333333333,1.92083333333333,-81.9002599918967
19212.5,1.92125,-81.4984618635887
19216.6666666667,1.92166666666667,-81.1239377691862
19220.8333333333,1.92208333333333,-80.7744190426665
19225,1.9225,-80.4479585341357
19229.1666666667,1.92291666666667,-80.1428742363072
19233.3333333333,1.92333333333333,-79.8577048754846
19237.5,1.92375,-79.5911745448796
19241.6666666667,1.92416666666667,-79.3421642760681
19245.8333333333,1.92458333333333,-79.109688975424
19250,1.925,-78.8928785711831
19254.1666666667,1.92541666666667,-78.6909624905291
19258.3333333333,1.92583333333333,-78.5032567914139
19262.5,1.92625,-78.3291534351955
19266.6666666667,1.92666666666667,-78.1681112976959
19270.8333333333,1.92708333333333,-78.0196486037429
19275,1.9275,-77.8833365311508
19279.1666666667,1.92791666666667,-77.758793794356
19283.3333333333,1.92833333333333,-77.6456820389985
19287.5,1.92875,-77.5437019282016
19291.6666666667,1.92916666666667,-77.4525898086084
19295.8333333333,1.92958333333333,-77.3721148806513
19300,1.93,-77.3020767998008
19304.1666666667,1.93041666666667,-77.2423036531839
19308.3333333333,1.93083333333333,-77.1926502697469
19312.5,1.93125,-77.1529968227551
19316.6666666667,1.93166666666667,-77.1232477015563
19320.8333333333,1.93208333333333,-77.1033306219229
19325,1.9325,-77.0931959652315
19329.1666666667,1.93291666666667,-77.0928163270857
19333.3333333333,1.93333333333333,-77.1021862707432
19337.5,1.93375,-77.1213222770241
19341.6666666667,1.93416666666667,-77.1502628925608
19345.8333333333,1.93458333333333,-77.1890690810598
19350,1.935,-77.2378247765123
19354.1666666667,1.93541666666667,-77.2966376587721
19358.3333333333,1.93583333333333,-77.3656401596892
19362.5,1.93625,-77.4449907255333
19366.6666666667,1.93666666666667,-77.534875354747
19370.8333333333,1.93708333333333,-77.6355094527074
19375,1.9375,-77.7471400386216
19379.1666666667,1.93791666666667,-77.8700483513328
19383.3333333333,1.93833333333333,-78.0045529255482
19387.5,1.93875,-78.1510132044411
19391.6666666667,1.93916666666667,-78.3098337887614
19395.8333333333,1.93958333333333,-78.4814694317748
19400,1.94,-78.6664309285594
19404.1666666667,1.94041666666667,-78.8652920709583
19408.3333333333,1.94083333333333,-79.0786978967791
19412.5,1.94125,-79.307374509017
19416.6666666667,1.94166666666667,-79.5521408235607
19420.8333333333,1.94208333333333,-79.8139227037204
19425,1.9425,-80.0937700627164
19429.1666666667,1.94291666666667,-80.3928777114807
19433.3333333333,1.94333333333333,-80.7126109563689
19437.5,1.94375,-81.0545372980007
19441.6666666667,1.94416666666667,-81.4204660413522
19445.8333333333,1.94458333333333,-81.812498305674
19450,1.945,-82.2330908708374
19454.1666666667,1.94541666666667,-82.6851387102323
19458.3333333333,1.94583333333333,-83.1720831723576
19462.5,1.94625,-83.698055990907
19466.6666666667,1.94666666666667,-84.2680743687995
19470.8333333333,1.94708333333333,-84.8883105135492
19475,1.9475,-85.5664725614718
19479.1666666667,1.94791666666667,-86.3123571060342
19483.3333333333,1.94833333333333,-87.1386753586616
19487.5,1.94875,-88.0623335840435
19491.6666666667,1.94916666666667,-89.1065049868596
19495.8333333333,1.94958333333333,-90.3041639790292
19500,1.95,-91.7045281274267
19504.1666666667,1.95041666666667,-93.385854524254
19508.3333333333,1.95083333333333,-95.4840060082399
19512.5,1.95125,-98.2679972306745
19516.6666666667,1.95166666666667,-102.403223967569
19520.8333333333,1.95208333333333,-110.595325084476
19525,1.9525,-115.501372719564
19529.1666666667,1.95291666666667,-104.005121501316
19533.3333333333,1.95333333333333,-99.2323981246035
19537.5,1.95375,-96.177868713353
19541.6666666667,1.95416666666667,-93.9309567292897
19545.8333333333,1.95458333333333,-92.1561391043517
19550,1.955,-90.6920219631504
19554.1666666667,1.95541666666667,-89.4484446922209
19558.3333333333,1.95583333333333,-88.3698910195068
19562.5,1.95625,-87.4197409487196
19566.6666666667,1.95666666666667,-86.5725648180583
19570.8333333333,1.95708333333333,-85.8099848299259
19575,1.9575,-85.118289094485
19579.1666666667,1.95791666666667,-84.4869767498054
19583.3333333333,1.95833333333333,-83.9078295671311
19587.5,1.95875,-83.3742967635652
19591.6666666667,1.95916666666667,-82.8810742185565
19595.8333333333,1.95958333333333,-82.4238087355261
19600,1.96,-81.9988852596006
19604.1666666667,1.96041666666667,-81.6032706173878
19608.3333333333,1.96083333333333,-81.2343966669715
19612.5,1.96125,-80.8900715172624
19616.6666666667,1.96166666666667,-80.5684110957011
19620.8333333333,1.96208333333333,-80.2677857295392
19625,1.9625,-79.9867779538927
19629.1666666667,1.96291666666667,-79.7241488435613
19633.3333333333,1.96333333333333,-79.4788108868913
19637.5,1.96375,-79.2498059488253
19641.6666666667,1.96416666666667,-79.0362872178098
19645.8333333333,1.96458333333333,-78.8375043224626
19650,1.965,-78.6527909803456
19654.1666666667,1.96541666666667,-78.4815546836547
19658.3333333333,1.96583333333333,-78.3232680525037
19662.5,1.96625,-78.1774615454648
19666.6666666667,1.96666666666667,-78.0437172974945
19670.8333333333,1.96708333333333,-77.9216638953593
19675,1.9675,-77.8109719347333
19679.1666666667,1.96791666666667,-77.7113502436856
19683.3333333333,1.96833333333333,-77.6225426663978
19687.5,1.96875,-77.5443253354945
19691.6666666667,1.96916666666667,-77.4765043580159
19695.8333333333,1.96958333333333,-77.4189138721607
19700,1.97,-77.3714144244835
19704.1666666667,1.97041666666667,-77.3338916331833
19708.3333333333,1.97083333333333,-77.3062551145237
19712.5,1.97125,-77.2884376465551
19716.6666666667,1.97166666666667,-77.2803945545085
19720.8333333333,1.97208333333333,-77.2821033047753
19725,1.9725,-77.293563303478
19729.1666666667,1.97291666666667,-77.3147958893082
19733.3333333333,1.97333333333333,-77.3458445272539
19737.5,1.97375,-77.3867752007415
19741.6666666667,1.97416666666667,-77.4376770170576
19745.8333333333,1.97458333333333,-77.4986630301126
19750,1.975,-77.5698713009711
19754.1666666667,1.97541666666667,-77.651466219461
19758.3333333333,1.97583333333333,-77.743640108865
19762.5,1.97625,-77.8466151547706
19766.6666666667,1.97666666666667,-77.9606456931737
19770.8333333333,1.97708333333333,-78.0860209185081
19775,1.9775,-78.2230680679761
19779.1666666667,1.97791666666667,-78.3721561672434
19783.3333333333,1.97833333333333,-78.5337004324405
19787.5,1.97875,-78.7081674507475
19791.6666666667,1.97916666666667,-78.8960812877953
19795.8333333333,1.97958333333333,-79.0980307059725
19800,1.98,-79.3146777359608
19804.1666666667,1.98041666666667,-79.5467678866565
19808.3333333333,1.98083333333333,-79.7951423776192
19812.5,1.98125,-80.06075286939
19816.6666666667,1.98166666666667,-80.3446793251469
19820.8333333333,1.98208333333333,-80.6481518064484
19825,1.9825,-80.9725772867779
19829.1666666667,1.98291666666667,-81.3195729244618
19833.3333333333,1.98333333333333,-81.6910077249357
19837.5,1.98375,-82.089055269613
19841.6666666667,1.98416666666667,-82.5162612079743
19845.8333333333,1.98458333333333,-82.9756307655006
19850,1.985,-83.4707438137987
19854.1666666667,1.98541666666667,-84.0059086227424
19858.3333333333,1.98583333333333,-84.5863709975907
19862.5,1.98625,-85.2186046127848
19866.6666666667,1.98666666666667,-85.9107235474902
19870.8333333333,1.98708333333333,-86.6730844486496
19875,1.9875,-87.5191936020061
19879.1666666667,1.98791666666667,-88.4671252130537
19883.3333333333,1.98833333333333,-89.5418410673877
19887.5,1.98875,-90.7792004307728
19891.6666666667,1.98916666666667,-92.2333943042845
19895.8333333333,1.98958333333333,-93.9920504048227
19900,1.99,-96.2110405879896
19904.1666666667,1.99041666666667,-99.2111214710805
19908.3333333333,1.99083333333333,-103.845584309455
19912.5,1.99125,-114.47278459823
19916.6666666667,1.99166666666667,-111.555691512964
19920.8333333333,1.99208333333333,-102.887183547925
19925,1.9925,-98.6435389416445
19929.1666666667,1.99291666666667,-95.8132824908191
19933.3333333333,1.99333333333333,-93.6905719469243
19937.5,1.99375,-91.994785114361
19941.6666666667,1.99416666666667,-90.5854756871935
19945.8333333333,1.99458333333333,-89.3822122010265
19950,1.995,-88.3346128122308
19954.1666666667,1.99541666666667,-87.4090233987933
19958.3333333333,1.99583333333333,-86.5818472546715
19962.5,1.99625,-85.8359004942291
19966.6666666667,1.99666666666667,-85.1582823124638
19970.8333333333,1.99708333333333,-84.5390622126252
19975,1.9975,-83.9704347908915
19979.1666666667,1.99791666666667,-83.446155465473
19983.3333333333,1.99833333333333,-82.9611520644716
19987.5,1.99875,-82.5112503419855
19991.6666666667,1.99916666666667,-82.0929755504315
19995.8333333333,1.99958333333333,-81.7034061013602
20000,2,-81.340063740944
20004.1666666667,2.00041666666667,-81.0008298246959
20008.3333333333,2.00083333333333,-80.683880595915
20012.5,2.00125,-80.387636524456
20016.6666666667,2.00166666666667,-80.1107222005746
20020.8333333333,2.00208333333333,-79.8519342619745
20025,2.0025,-79.6102154994876
20029.1666666667,2.00291666666667,-79.3846337839075
20033.3333333333,2.00333333333333,-79.1743647767072
20037.5,2.00375,-78.9786776550045
20041.6666666667,2.00416666666667,-78.7969232448079
20045.8333333333,2.00458333333333,-78.6285241073949
20050,2.005,-78.4729662150187
20054.1666666667,2.00541666666667,-78.3297919277325
20058.3333333333,2.00583333333333,-78.1985940542135
20062.5,2.00625,-78.0790108101837
20066.6666666667,2.00666666666667,-77.9707215343871
20070.8333333333,2.00708333333333,-77.8734430410939
20075,2.0075,-77.7869265203424
20079.1666666667,2.00791666666667,-77.7109549043753
20083.3333333333,2.00833333333333,-77.6453406429112
20087.5,2.00875,-77.589923829381
20091.6666666667,2.00916666666667,-77.5445706472414
20095.8333333333,2.00958333333333,-77.5091720942822
20100,2.01,-77.4836429600004
20104.1666666667,2.01041666666667,-77.467921042186
20108.3333333333,2.01083333333333,-77.4619665771324
20112.5,2.01125,-77.4657618814121
20116.6666666667,2.01166666666667,-77.479311190669
20120.8333333333,2.01208333333333,-77.5026407004418
20125,2.0125,-77.535798799813
20129.1666666667,2.01291666666667,-77.5788565113974
20133.3333333333,2.01333333333333,-77.6319081432535
20137.5,2.01375,-77.6950721615303
20141.6666666667,2.01416666666667,-77.768492309122
20145.8333333333,2.01458333333333,-77.8523389842119
20150,2.015,-77.946810913859
20154.1666666667,2.01541666666667,-78.0521371591636
20158.3333333333,2.01583333333333,-78.1685794906991
20162.5,2.01625,-78.2964351943864
20166.6666666667,2.01666666666667,-78.4360403729168
20170.8333333333,2.01708333333333,-78.5877738277165
20175,2.0175,-78.7520616198658
20179.1666666667,2.01791666666667,-78.9293824410989
20183.3333333333,2.01833333333333,-79.120273948318
20187.5,2.01875,-79.3253402609213
20191.6666666667,2.01916666666667,-79.545260860777
20195.8333333333,2.01958333333333,-79.7808012147777
20200,2.02,-80.0328255125274
20204.1666666667,2.02041666666667,-80.3023120257295
20208.3333333333,2.02083333333333,-80.59037175905
20212.5,2.02125,-80.8982712477362
20216.6666666667,2.02166666666667,-81.227460658917
20220.8333333333,2.02208333333333,-81.5796087192574
20225,2.0225,-81.9566465599736
20229.1666666667,2.02291666666667,-82.3608233347807
20233.3333333333,2.02333333333333,-82.794777605412
20237.5,2.02375,-83.261630170342
20241.6666666667,2.02416666666667,-83.7651065485017
20245.8333333333,2.02458333333333,-84.3097012485448
20250,2.025,-84.9009021650058
20254.1666666667,2.02541666666667,-85.5455036135821
20258.3333333333,2.02583333333333,-86.2520536140043
20262.5,2.02625,-87.0315110433919
20266.6666666667,2.02666666666667,-87.8982431303361
20270.8333333333,2.02708333333333,-88.8715995243709
20275,2.0275,-89.9785157142073
20279.1666666667,2.02791666666667,-91.2580767673057
20283.3333333333,2.02833333333333,-92.7701320833133
20287.5,2.02875,-94.6132271499514
20291.6666666667,2.02916666666667,-96.9673749118655
20295.8333333333,2.02958333333333,-100.219433603202
20300,2.03,-105.492367856515
20304.1666666667,2.03041666666667,-121.185190836183
20308.3333333333,2.03083333333333,-108.952309131777
20312.5,2.03125,-101.936175808033
20316.6666666667,2.03166666666667,-98.1139556071408
20320.8333333333,2.03208333333333,-95.4769670117132
20325,2.0325,-93.4653871459149
20329.1666666667,2.03291666666667,-91.8419066847469
20333.3333333333,2.03333333333333,-90.4834900051654
20337.5,2.03375,-89.3180597611476
20341.6666666667,2.03416666666667,-88.2997430977187
20345.8333333333,2.03458333333333,-87.3975338602876
20350,2.035,-86.5894927212769
20354.1666666667,2.03541666666667,-85.8595262481932
20358.3333333333,2.03583333333333,-85.1954805339996
20362.5,2.03625,-84.5879538912029
20366.6666666667,2.03666666666667,-84.0295258572326
20370.8333333333,2.03708333333333,-83.5142387813848
20375,2.0375,-83.0372387690615
20379.1666666667,2.03791666666667,-82.5945206067579
20383.3333333333,2.03833333333333,-82.1827425114465
20387.5,2.03875,-81.7990889554682
20391.6666666667,2.03916666666667,-81.4411673476131
20395.8333333333,2.03958333333333,-81.1069290137108
20400,2.04,-80.794607940014
20404.1666666667,2.04041666666667,-80.5026726973971
20408.3333333333,2.04083333333333,-80.2297882955832
20412.5,2.04125,-79.9747856069488
20416.6666666667,2.04166666666667,-79.7366366435672
20420.8333333333,2.04208333333333,-79.5144343931219
20425,2.0425,-79.3073762523586
20429.1666666667,2.04291666666667,-79.1147503308493
20433.3333333333,2.04333333333333,-78.9359240495367
20437.5,2.04375,-78.7703346052611
20441.6666666667,2.04416666666667,-78.617480953065
20445.8333333333,2.04458333333333,-78.4769170436964
20450,2.045,-78.3482460934472
20454.1666666667,2.04541666666667,-78.2311157209241
20458.3333333333,2.04583333333333,-78.1252138120276
20462.5,2.04625,-78.0302650022116
20466.6666666667,2.04666666666667,-77.9460276847415
20470.8333333333,2.04708333333333,-77.8722914707498
20475,2.0475,-77.8088750477376
20479.1666666667,2.04791666666667,-77.7556243787357
20483.3333333333,2.04833333333333,-77.7124112125079
20487.5,2.04875,-77.6791318643252
20491.6666666667,2.04916666666667,-77.6557062506981
20495.8333333333,2.04958333333333,-77.6420771514936
20500,2.05,-77.638209687895
20504.1666666667,2.05041666666667,-77.644091009023
20508.3333333333,2.05083333333333,-77.6597301756029
20512.5,2.05125,-77.6851582408024
20516.6666666667,2.05166666666667,-77.7204285308149
20520.8333333333,2.05208333333333,-77.7656171306786
20525,2.0525,-77.8208235820478
20529.1666666667,2.05291666666667,-77.886171809605
20533.3333333333,2.05333333333333,-77.9618112931466
20537.5,2.05375,-78.0479185114439
20541.6666666667,2.05416666666667,-78.1446986829416
20545.8333333333,2.05458333333333,-78.2523878471334
20550,2.055,-78.3712553330152
20554.1666666667,2.05541666666667,-78.5016066645294
20558.3333333333,2.05583333333333,-78.643786984739
20562.5,2.05625,-78.7981850754641
20566.6666666667,2.05666666666667,-78.965238084629
20570.8333333333,2.05708333333333,-79.1454370971806
20575,2.0575,-79.339333703776
20579.1666666667,2.05791666666667,-79.547547785157
20583.3333333333,2.05833333333333,-79.770776761497
20587.5,2.05875,-80.0098066440499
20591.6666666667,2.05916666666667,-80.2655252975311
20595.8333333333,2.05958333333333,-80.5389384645837
20600,2.06,-80.831189245676
20604.1666666667,2.06041666666667,-81.1435819507246
20608.3333333333,2.06083333333333,-81.4776115571685
20612.5,2.06125,-81.8350003970274
20616.6666666667,2.06166666666667,-82.2177443135293
20620.8333333333,2.06208333333333,-82.6281713546652
20625,2.0625,-83.0690173191425
20629.1666666667,2.06291666666667,-83.5435242944411
20633.3333333333,2.06333333333333,-84.0555711174593
20637.5,2.06375,-84.6098490156808
20641.6666666667,2.06416666666667,-85.2121026038075
20645.8333333333,2.06458333333333,-85.8694677445106
20650,2.065,-86.5909571000534
20654.1666666667,2.06541666666667,-87.388178324516
20658.3333333333,2.06583333333333,-88.2764329152433
20662.5,2.06625,-89.2764668630156
20666.6666666667,2.06666666666667,-90.4174002094857
20670.8333333333,2.06708333333333,-91.741938645397
20675,2.0675,-93.3164008474443
20679.1666666667,2.06791666666667,-95.2521391118761
20683.3333333333,2.06833333333333,-97.7585934820863
20687.5,2.06875,-101.308618385251
20691.6666666667,2.06916666666667,-107.430351570194
20695.8333333333,2.06958333333333,-139.784368802886
20700,2.07,-107.024990672503
20704.1666666667,2.07041666666667,-101.111657794703
20708.3333333333,2.07083333333333,-97.6336139465986
20712.5,2.07125,-95.1650458496654
20716.6666666667,2.07166666666667,-93.2535571094172
20720.8333333333,2.07208333333333,-91.6965264627238
20725,2.0725,-90.3855238795569
20729.1666666667,2.07291666666667,-89.255691822222
20733.3333333333,2.07333333333333,-88.2651363681359
20737.5,2.07375,-87.3852245591475
20741.6666666667,2.07416666666667,-86.5955203977523
20745.8333333333,2.07458333333333,-85.880929071588
20750,2.075,-85.2299860439715
20754.1666666667,2.07541666666667,-84.6337809017939
20758.3333333333,2.07583333333333,-84.0852527898757
20762.5,2.07625,-83.5787133720712
20766.6666666667,2.07666666666667,-83.1095144775984
20770.8333333333,2.07708333333333,-82.6738107842881
20775,2.0775,-82.2683866849512
20779.1666666667,2.07791666666667,-81.8905275860899
20783.3333333333,2.07833333333333,-81.5379226282503
20787.5,2.07875,-81.2085900549441
20791.6666666667,2.07916666666667,-80.9008191929254
20795.8333333333,2.07958333333333,-80.6131248041267
20800,2.08,-80.3442107817304
20804.1666666667,2.08041666666667,-80.0929409925776
20808.3333333333,2.08083333333333,-79.8583156515672
20812.5,2.08125,-79.6394520252921
20816.6666666667,2.08166666666667,-79.4355685549158
20820.8333333333,2.08208333333333,-79.2459717032533
20825,2.0825,-79.0700450004889
20829.1666666667,2.08291666666667,-78.9072398696733
20833.3333333333,2.08333333333333,-78.7570679049251
20837.5,2.08375,-78.6190943528772
20841.6666666667,2.08416666666667,-78.4929325864929
20845.8333333333,2.08458333333333,-78.3782394141404
20850,2.085,-78.2747110873082
20854.1666666667,2.08541666666667,-78.182079906435
20858.3333333333,2.08583333333333,-78.1001113339568
20862.5,2.08625,-78.0286015485188
20866.6666666667,2.08666666666667,-77.9673753791202
20870.8333333333,2.08708333333333,-77.9162845774663
20875,2.0875,-77.8752063911338
20879.1666666667,2.08791666666667,-77.844042400359
20883.3333333333,2.08833333333333,-77.8227176047112
20887.5,2.08875,-77.8111797339051
20891.6666666667,2.08916666666667,-77.8093987741651
20895.8333333333,2.08958333333333,-77.817366695155
20900,2.09,-77.8350973784505
20904.1666666667,2.09041666666667,-77.8626267434772
20908.3333333333,2.09083333333333,-77.9000130717068
20912.5,2.09125,-77.9473375372231
20916.6666666667,2.09166666666667,-78.0047049538296
20920.8333333333,2.09208333333333,-78.0722447549341
20925,2.0925,-78.1501122215172
20929.1666666667,2.09291666666667,-78.2384899889089
20933.3333333333,2.09333333333333,-78.3375898588066
20937.5,2.09375,-78.4476549630538
20941.6666666667,2.09416666666667,-78.5689623191165
20945.8333333333,2.09458333333333,-78.7018258462605
20950,2.095,-78.8465999114259
20954.1666666667,2.09541666666667,-79.0036834942452
20958.3333333333,2.09583333333333,-79.173525087336
20962.5,2.09625,-79.3566284710524
20966.6666666667,2.09666666666667,-79.5535595310666
20970.8333333333,2.09708333333333,-79.7649543386503
20975,2.0975,-79.991528766748
20979.1666666667,2.09791666666667,-80.2340899867615
20983.3333333333,2.09833333333333,-80.4935502889134
20987.5,2.09875,-80.7709437948145
20991.6666666667,2.09916666666667,-81.067446814012
20995.8333333333,2.09958333333333,-81.384402812435
21000,2.1,-81.7233532951371
21004.1666666667,2.10041666666667,-82.0860763642341
21008.3333333333,2.10083333333333,-82.4746353271359
21012.5,2.10125,-82.8914406756634
21016.6666666667,2.10166666666667,-83.3393300730496
21020.8333333333,2.10208333333333,-83.8216730269825
21025,2.1025,-84.3425099462837
21029.1666666667,2.10291666666667,-84.9067401083527
21033.3333333333,2.10333333333333,-85.5203807242134
21037.5,2.10375,-86.1909320033058
21041.6666666667,2.10416666666667,-86.9279049439265
21045.8333333333,2.10458333333333,-87.7436074366293
21050,2.105,-88.6543570043028
21054.1666666667,2.10541666666667,-89.6824322462427
21058.3333333333,2.10583333333333,-90.8593786962965
21062.5,2.10625,-92.2319818117305
21066.6666666667,2.10666666666667,-93.8739951640942
21070.8333333333,2.10708333333333,-95.9119043360408
21075,2.1075,-98.5914326356578
21079.1666666667,2.10791666666667,-102.499726330435
21083.3333333333,2.10833333333333,-109.812975896092
21087.5,2.10875,-119.668885411213
21091.6666666667,2.10916666666667,-105.504786311288
21095.8333333333,2.10958333333333,-100.38603033792
21100,2.11,-97.1947332482833
21104.1666666667,2.11041666666667,-94.874347745638
21108.3333333333,2.11083333333333,-93.0535336800062
21112.5,2.11125,-91.5578161735942
21116.6666666667,2.11166666666667,-90.2911195242141
21120.8333333333,2.11208333333333,-89.1948622761798
21125,2.1125,-88.2306772349111
21129.1666666667,2.11291666666667,-87.372065843633
21133.3333333333,2.11333333333333,-86.5999596363611
21137.5,2.11375,-85.9001805538354
21141.6666666667,2.11416666666667,-85.2619016771953
21145.8333333333,2.11458333333333,-84.6766698463115
21150,2.115,-84.1377606996703
21154.1666666667,2.11541666666667,-83.6397390667548
21158.3333333333,2.11583333333333,-83.1781509412058
21162.5,2.11625,-82.7493024322664
21166.6666666667,2.11666666666667,-82.3500978118896
21170.8333333333,2.11708333333333,-81.9779186513389
21175,2.1175,-81.630532156108
21179.1666666667,2.11791666666667,-81.3060206309829
21183.3333333333,2.11833333333333,-81.0027264930265
21187.5,2.11875,-80.7192089029639
21191.6666666667,2.11916666666667,-80.4542091949082
21195.8333333333,2.11958333333333,-80.2066230586367
21200,2.12,-79.9754779560526
21204.1666666667,2.12041666666667,-79.7599146441372
21208.3333333333,2.12083333333333,-79.559171951019
21212.5,2.12125,-79.3725741480707
21216.6666666667,2.12166666666667,-79.1995204176101
21220.8333333333,2.12208333333333,-79.0394760210546
21225,2.1225,-78.8919648647852
21229.1666666667,2.12291666666667,-78.7565632141909
21233.3333333333,2.12333333333333,-78.6328943633193
21237.5,2.12375,-78.5206241077404
21241.6666666667,2.12416666666667,-78.4194568931616
21245.8333333333,2.12458333333333,-78.3291325383806
21250,2.125,-78.2494234509459
21254.1666666667,2.12541666666667,-78.1801322692167
21258.3333333333,2.12583333333333,-78.1210898761531
21262.5,2.12625,-78.0721537387881
21266.6666666667,2.12666666666667,-78.0332065404655
21270.8333333333,2.12708333333333,-78.0041550780607
21275,2.1275,-77.9849293971492
21279.1666666667,2.12791666666667,-77.9754821506047
21283.3333333333,2.12833333333333,-77.9757881705876
21287.5,2.12875,-77.9858442402219
21291.6666666667,2.12916666666667,-78.0056690655446
21295.8333333333,2.12958333333333,-78.0353034431708
21300,2.13,-78.0748106309807
21304.1666666667,2.13041666666667,-78.1242769244829
21308.3333333333,2.13083333333333,-78.1838124536293
21312.5,2.13125,-78.2535522145833
21316.6666666667,2.13166666666667,-78.3336573581372
21320.8333333333,2.13208333333333,-78.4243167597574
21325,2.1325,-78.5257489042262
21329.1666666667,2.13291666666667,-78.6382041322804
21333.3333333333,2.13333333333333,-78.7619672916111
21337.5,2.13375,-78.8973608621013
21341.6666666667,2.13416666666667,-79.0447486275871
21345.8333333333,2.13458333333333,-79.2045399950537
21350,2.135,-79.3771950736104
21354.1666666667,2.13541666666667,-79.5632306590895
21358.3333333333,2.13583333333333,-79.7632273106914
21362.5,2.13625,-79.9778377436121
21366.6666666667,2.13666666666667,-80.2077968251269
21370.8333333333,2.13708333333333,-80.4539335383169
21375,2.1375,-80.7171853854505
21379.1666666667,2.13791666666667,-80.9986158298555
21383.3333333333,2.13833333333333,-81.2994355713013
21387.5,2.13875,-81.6210286866417
21391.6666666667,2.13916666666667,-81.9649850346606
21395.8333333333,2.13958333333333,-82.33314078475
21400,2.14,-82.7276296409363
21404.1666666667,2.14041666666667,-83.1509483205167
21408.3333333333,2.14083333333333,-83.6060413072189
21412.5,2.14125,-84.0964121030649
21416.6666666667,2.14166666666667,-84.6262715774102
21420.8333333333,2.14208333333333,-85.2007393014964
21425,2.1425,-85.8261223205114
21429.1666666667,2.14291666666667,-86.5103100864718
21433.3333333333,2.14333333333333,-87.2633489417603
21437.5,2.14375,-88.098303979078
21441.6666666667,2.14416666666667,-89.0326001033409
21445.8333333333,2.14458333333333,-90.0902025135101
21450,2.145,-91.3053584742301
21454.1666666667,2.14541666666667,-92.7294696329996
21458.3333333333,2.14583333333333,-94.4448817644224
21462.5,2.14625,-96.5961063217428
21466.6666666667,2.14666666666667,-99.4741824968224
21470.8333333333,2.14708333333333,-103.822082293956
21475,2.1475,-112.953831582345
21479.1666666667,2.14791666666667,-114.245227918062
21483.3333333333,2.14833333333333,-104.256088895674
21487.5,2.14875,-99.7396432859154
21491.6666666667,2.14916666666667,-96.7911682291822
21495.8333333333,2.14958333333333,-94.6022496738165
21500,2.15,-92.8640074535061
21504.1666666667,2.15041666666667,-91.4250691113395
21508.3333333333,2.15083333333333,-90.199887223839
21512.5,2.15125,-89.1353651640582
21516.6666666667,2.15166666666667,-88.1962743385028
21520.8333333333,2.15208333333333,-87.3580420218712
21525,2.1525,-86.6028470573914
21529.1666666667,2.15291666666667,-85.9173548645799
21533.3333333333,2.15333333333333,-85.2913294207067
21537.5,2.15375,-84.7167438838949
21541.6666666667,2.15416666666667,-84.1871892376588
21545.8333333333,2.15458333333333,-83.69746862291
21550,2.155,-83.2433115142855
21554.1666666667,2.15541666666667,-82.8211676157725
21558.3333333333,2.15583333333333,-82.42805521605
21562.5,2.15625,-82.0614475970797
21566.6666666667,2.15666666666667,-81.7191866013568
21570.8333333333,2.15708333333333,-81.3994159167994
21575,2.1575,-81.1005289364191
21579.1666666667,2.15791666666667,-80.8211275314142
21583.3333333333,2.15833333333333,-80.5599891189956
21587.5,2.15875,-80.3160401057646
21591.6666666667,2.15916666666667,-80.0883342952318
21595.8333333333,2.15958333333333,-79.8760351897308
21600,2.16,-79.678401384938
21604.1666666667,2.16041666666667,-79.4947744426603
21608.3333333333,2.16083333333333,-79.3245687611791
21612.5,2.16125,-79.1672630774243
21616.6666666667,2.16166666666667,-79.0223932991855
21620.8333333333,2.16208333333333,-78.8895464462572
21625,2.1625,-78.7683555104354
21629.1666666667,2.16291666666667,-78.6584950846278
21633.3333333333,2.16333333333333,-78.559677645796
21637.5,2.16375,-78.4716503922961
21641.6666666667,2.16416666666667,-78.3941925599095
21645.8333333333,2.16458333333333,-78.3271131479307
21650,2.165,-78.270249009023
21654.1666666667,2.16541666666667,-78.2234632560275
21658.3333333333,2.16583333333333,-78.1866439543501
21662.5,2.16625,-78.1597030719415
21666.6666666667,2.16666666666667,-78.1425756660442
21670.8333333333,2.16708333333333,-78.135219290925
21675,2.1675,-78.1376136116556
21679.1666666667,2.16791666666667,-78.1497602208408
21683.3333333333,2.16833333333333,-78.1716826541771
21687.5,2.16875,-78.2034266023862
21691.6666666667,2.16916666666667,-78.24506032496
21695.8333333333,2.16958333333333,-78.2966752749651
21700,2.17,-78.3583869463657
21704.1666666667,2.17041666666667,-78.4303359588786
21708.3333333333,2.17083333333333,-78.5126894054449
21712.5,2.17125,-78.6056424896113
21716.6666666667,2.17166666666667,-78.7094204867886
21720.8333333333,2.17208333333333,-78.8242810716202
21725,2.1725,-78.9505170689699
21729.1666666667,2.17291666666667,-79.0884596930062
21733.3333333333,2.17333333333333,-79.2384823510726
21737.5,2.17375,-79.4010051189028
21741.6666666667,2.17416666666667,-79.5765000040774
21745.8333333333,2.17458333333333,-79.7654971557992
21750,2.175,-79.9685922067471
21754.1666666667,2.17541666666667,-80.1864549914258
21758.3333333333,2.17583333333333,-80.4198399403096
21762.5,2.17625,-80.6695985356518
21766.6666666667,2.17666666666667,-80.9366943224146
21770.8333333333,2.17708333333333,-81.222221118693
21775,2.1775,-81.5274252595207
21779.1666666667,2.17791666666667,-81.8537329798038
21783.3333333333,2.17833333333333,-82.2027844206286
21787.5,2.17875,-82.5764762593867
21791.6666666667,2.17916666666667,-82.9770157176295
21795.8333333333,2.17958333333333,-83.4069897749931
21800,2.18,-83.8694550266545
21804.1666666667,2.18041666666667,-84.3680560290288
21808.3333333333,2.18083333333333,-84.9071836837556
21812.5,2.18125,-85.4921910931437
21816.6666666667,2.18166666666667,-86.1296938668083
21820.8333333333,2.18208333333333,-86.8279978997139
21825,2.1825,-87.5977255975409
21829.1666666667,2.18291666666667,-88.4527624169825
21833.3333333333,2.18333333333333,-89.411742924677
21837.5,2.18375,-90.5004934497018
21841.6666666667,2.18416666666667,-91.7562808680301
21845.8333333333,2.18458333333333,-93.2357528487916
21850,2.185,-95.0312441382682
21854.1666666667,2.18541666666667,-97.3089265631695
21858.3333333333,2.18583333333333,-100.417269308105
21862.5,2.18625,-105.31844975548
21866.6666666667,2.18666666666667,-117.677912105207
21870.8333333333,2.18708333333333,-111.032368310548
21875,2.1875,-103.200938687545
21879.1666666667,2.18791666666667,-99.1580280625637
21883.3333333333,2.18833333333333,-96.4179879511712
21887.5,2.18875,-94.3465605829391
21891.6666666667,2.18916666666667,-92.6838627072112
21895.8333333333,2.18958333333333,-91.297678447201
21900,2.19,-90.1114932594707
21904.1666666667,2.19041666666667,-89.0770272736535
21908.3333333333,2.19083333333333,-88.1618555228267
21912.5,2.19125,-87.3431480992227
21916.6666666667,2.19166666666667,-86.6042242921613
21920.8333333333,2.19208333333333,-85.9325272039264
21925,2.1925,-85.3183693887328
21929.1666666667,2.19291666666667,-84.7541221015914
21933.3333333333,2.19333333333333,-84.2336722668294
21937.5,2.19375,-83.7520476400004
21941.6666666667,2.19416666666667,-83.3051512818641
21945.8333333333,2.19458333333333,-82.8895692000496
21950,2.195,-82.5024282347599
21954.1666666667,2.19541666666667,-82.141289213969
21958.3333333333,2.19583333333333,-81.8040653974632
21962.5,2.19625,-81.4889593409502
21966.6666666667,2.19666666666667,-81.1944134214582
21970.8333333333,2.19708333333333,-80.9190706281067
21975,2.1975,-80.661743174911
21979.1666666667,2.19791666666667,-80.4213871427552
21983.3333333333,2.19833333333333,-80.1970818191915
21987.5,2.19875,-79.9880127419161
21991.6666666667,2.19916666666667,-79.7934576867414
21995.8333333333,2.19958333333333,-79.6127750146929
22000,2.2,-79.4453939284708
22004.1666666667,2.20041666666667,-79.2908062900661
22008.3333333333,2.20083333333333,-79.1485597146437
22012.5,2.20125,-79.0182517284004
22016.6666666667,2.20166666666667,-78.8995248066695
22020.8333333333,2.20208333333333,-78.7920621587734
22025,2.2025,-78.6955841388324
22029.1666666667,2.20291666666667,-78.6098451945847
22033.3333333333,2.20333333333333,-78.5346312778295
22037.5,2.20375,-78.4697576566414
22041.6666666667,2.20416666666667,-78.4150670753905
22045.8333333333,2.20458333333333,-78.3704282281792
22050,2.205,-78.3357345103811
22054.1666666667,2.20541666666667,-78.3109030216605
22058.3333333333,2.20583333333333,-78.2958738029554
22062.5,2.20625,-78.2906092876494
22066.6666666667,2.20666666666667,-78.2950939657131
22070.8333333333,2.20708333333333,-78.3093342397534
22075,2.2075,-78.3333584848461
22079.1666666667,2.20791666666667,-78.3672173041301
22083.3333333333,2.20833333333333,-78.4109839888915
22087.5,2.20875,-78.4647551908847
22091.6666666667,2.20916666666667,-78.5286518185526
22095.8333333333,2.20958333333333,-78.6028201799075
22100,2.21,-78.6874333894711
22104.1666666667,2.21041666666667,-78.782693073495
22108.3333333333,2.21083333333333,-78.8888314074866
22112.5,2.21125,-79.0061135334276
22116.6666666667,2.21166666666667,-79.1348404100431
22120.8333333333,2.21208333333333,-79.2753521674298
22125,2.2125,-79.4280320514241
22129.1666666667,2.21291666666667,-79.5933110598513
22133.3333333333,2.21333333333333,-79.7716733985494
22137.5,2.21375,-79.9636629216974
22141.6666666667,2.21416666666667,-80.1698907551679
22145.8333333333,2.21458333333333,-80.391044353086
22150,2.215,-80.6278983074298
22154.1666666667,2.21541666666667,-80.8813273199703
22158.3333333333,2.21583333333333,-81.1523218554732
22162.5,2.21625,-81.4420071553637
22166.6666666667,2.21666666666667,-81.7516665039205
22170.8333333333,2.21708333333333,-82.0827699259681
22175,2.2175,-82.4370098923707
22179.1666666667,2.21791666666667,-82.8163461789017
22183.3333333333,2.21833333333333,-83.223062840482
22187.5,2.21875,-83.6598414229294
22191.6666666667,2.21916666666667,-84.1298563003764
22195.8333333333,2.21958333333333,-84.6369006556785
22200,2.22,-85.1855557315989
22204.1666666667,2.22041666666667,-85.7814224856617
22208.3333333333,2.22083333333333,-86.4314454615935
22212.5,2.22125,-87.1443767489423
22216.6666666667,2.22166666666667,-87.9314596697585
22220.8333333333,2.22208333333333,-88.8074702144667
22225,2.2225,-89.792367406621
22229.1666666667,2.22291666666667,-90.914037079751
22233.3333333333,2.22333333333333,-92.2131329927637
22237.5,2.22375,-93.7522923238949
22241.6666666667,2.22416666666667,-95.635537484119
22245.8333333333,2.22458333333333,-98.0553211088907
22250,2.225,-101.434126984161
22254.1666666667,2.22541666666667,-107.054948225353
22258.3333333333,2.22583333333333,-128.049411367479
22262.5,2.22625,-108.763871446581
22266.6666666667,2.22666666666667,-102.290414307502
22270.8333333333,2.22708333333333,-98.6302361174234
22275,2.2275,-96.071181006283
22279.1666666667,2.22791666666667,-94.1054339192788
22283.3333333333,2.22833333333333,-92.5121422084806
22287.5,2.22875,-91.1751199576482
22291.6666666667,2.22916666666667,-90.0256502336225
22295.8333333333,2.22958333333333,-89.0197022137405
22300,2.23,-88.1273639827269
22304.1666666667,2.23041666666667,-87.3273871922327
22308.3333333333,2.23083333333333,-86.6041362486756
22312.5,2.23125,-85.9457726481871
22316.6666666667,2.23166666666667,-85.3431190833481
22320.8333333333,2.23208333333333,-84.7889190945091
22325,2.2325,-84.2773376974497
22329.1666666667,2.23291666666667,-83.8036145973203
22333.3333333333,2.23333333333333,-83.3638172570875
22337.5,2.23375,-82.9546611936063
22341.6666666667,2.23416666666667,-82.5733766837965
22345.8333333333,2.23458333333333,-82.2176081997087
22350,2.235,-81.8853373937044
22354.1666666667,2.23541666666667,-81.5748233165387
22358.3333333333,2.23583333333333,-81.2845554488729
22362.5,2.23625,-81.0132163931962
22366.6666666667,2.23666666666667,-80.7596519443867
22370.8333333333,2.23708333333333,-80.5228468630607
22375,2.2375,-80.3019051074487
22379.1666666667,2.23791666666667,-80.096033579036
22383.3333333333,2.23833333333333,-79.9045286734818
22387.5,2.23875,-79.7267650827416
22391.6666666667,2.23916666666667,-79.562186421304
22395.8333333333,2.23958333333333,-79.4102973449569
22400,2.24,-79.270656894707
22404.1666666667,2.24041666666667,-79.1428728648323
22408.3333333333,2.24083333333333,-79.0265970125261
22412.5,2.24125,-78.9215209907722
22416.6666666667,2.24166666666667,-78.8273728841796
22420.8333333333,2.24208333333333,-78.7439142660255
22425,2.2425,-78.6709377003542
22429.1666666667,2.24291666666667,-78.608264633545
22433.3333333333,2.24333333333333,-78.5557436293122
22437.5,2.24375,-78.5132489044616
22441.6666666667,2.24416666666667,-78.4806791364504
22445.8333333333,2.24458333333333,-78.4579565200693
22450,2.245,-78.4450260534397
22454.1666666667,2.24541666666667,-78.4418550357356
22458.3333333333,2.24583333333333,-78.4484327737004
22462.5,2.24625,-78.4647704832575
22466.6666666667,2.24666666666667,-78.4909013926304
22470.8333333333,2.24708333333333,-78.5268810405155
22475,2.2475,-78.5727877831752
22479.1666666667,2.24791666666667,-78.6287235142996
22483.3333333333,2.24833333333333,-78.6948146144203
22487.5,2.24875,-78.7712131473752
22491.6666666667,2.24916666666667,-78.8580983326279
22495.8333333333,2.24958333333333,-78.9556783190647
22500,2.25,-79.0641923009356
22504.1666666667,2.25041666666667,-79.183913025494
22508.3333333333,2.25083333333333,-79.3151497474046
22512.5,2.25125,-79.4582517076058
22516.6666666667,2.25166666666667,-79.6136122145232
22520.8333333333,2.25208333333333,-79.7816734525301
22525,2.2525,-79.9629321384586
22529.1666666667,2.25291666666667,-80.157946203038
22533.3333333333,2.25333333333333,-80.3673427040954
22537.5,2.25375,-80.5918272384959
22541.6666666667,2.25416666666667,-80.8321951903697
22545.8333333333,2.25458333333333,-81.0893452391284
22550,2.255,-81.3642956884165
22554.1666666667,2.25541666666667,-81.6582043284968
22558.3333333333,2.25583333333333,-81.9723927826577
22562.5,2.25625,-82.308376590202
22566.6666666667,2.25666666666667,-82.6679027163169
22570.8333333333,2.25708333333333,-83.0529967853846
22575,2.2575,-83.4660232147776
22579.1666666667,2.25791666666667,-83.9097627068781
22583.3333333333,2.25833333333333,-84.3875134737349
22587.5,2.25875,-84.903225456577
22591.6666666667,2.25916666666667,-85.4616813504747
22595.8333333333,2.25958333333333,-86.0687454757147
22600,2.26,-86.731713482034
22604.1666666667,2.26041666666667,-87.4598162449432
22608.3333333333,2.26083333333333,-88.2649674812029
22612.5,2.26125,-89.1629118200988
22616.6666666667,2.26166666666667,-90.1750619041449
22620.8333333333,2.26208333333333,-91.3315893006973
22625,2.2625,-92.676960779607
22629.1666666667,2.26291666666667,-94.2806857875638
22633.3333333333,2.26333333333333,-96.2605576106429
22637.5,2.26375,-98.8412608468072
22641.6666666667,2.26416666666667,-102.542551888985
22645.8333333333,2.26458333333333,-109.142192621417
22650,2.265,-126.307823682277
22654.1666666667,2.26541666666667,-107.021055160989
22658.3333333333,2.26583333333333,-101.49182227124
22662.5,2.26625,-98.1477924475763
22666.6666666667,2.26666666666667,-95.7474443044931
22670.8333333333,2.26708333333333,-93.8773008069082
22675,2.2675,-92.3480194494482
22679.1666666667,2.26791666666667,-91.0569381928141
22683.3333333333,2.26833333333333,-89.9421092719558
22687.5,2.26875,-88.9632656445309
22691.6666666667,2.26916666666667,-88.0927552011113
22695.8333333333,2.26958333333333,-87.3107685054539
22700,2.27,-86.6026297599257
22704.1666666667,2.27041666666667,-85.9571652784575
22708.3333333333,2.27083333333333,-85.3656728759012
22712.5,2.27125,-84.8212447146566
22716.6666666667,2.27166666666667,-84.3183074429905
22720.8333333333,2.27208333333333,-83.852300981184
22725,2.2725,-83.4194486459257
22729.1666666667,2.27291666666667,-83.0165891204064
22733.3333333333,2.27333333333333,-82.6410513308397
22737.5,2.27375,-82.2905597209143
22741.6666666667,2.27416666666667,-81.9631614879295
22745.8333333333,2.27458333333333,-81.6571699394629
22750,2.275,-81.3711198810537
22754.1666666667,2.27541666666667,-81.1037321007673
22758.3333333333,2.27583333333333,-80.8538848197199
22762.5,2.27625,-80.6205905371977
22766.6666666667,2.27666666666667,-80.4029771059973
22770.8333333333,2.27708333333333,-80.2002721507967
22775,2.2775,-80.0117901540508
22779.1666666667,2.27791666666667,-79.8369216920467
22783.3333333333,2.27833333333333,-79.6751244144972
22787.5,2.27875,-79.5259154550008
22791.6666666667,2.27916666666667,-79.3888650142995
22795.8333333333,2.27958333333333,-79.2635909249522
22800,2.28,-79.1497540333012
22804.1666666667,2.28041666666667,-79.0470542718683
22808.3333333333,2.28083333333333,-78.9552273168781
22812.5,2.28125,-78.8740417478884
22816.6666666667,2.28166666666667,-78.8032966410744
22820.8333333333,2.28208333333333,-78.7428195401755
22825,2.2825,-78.6924647589243
22829.1666666667,2.28291666666667,-78.6521119800521
22833.3333333333,2.28333333333333,-78.6216651202147
22837.5,2.28375,-78.6010514367792
22841.6666666667,2.28416666666667,-78.5902208621147
22845.8333333333,2.28458333333333,-78.589145548203
22850,2.285,-78.5978196171386
22854.1666666667,2.28541666666667,-78.6162591042004
22858.3333333333,2.28583333333333,-78.6445021064258
22862.5,2.28625,-78.6826091250289
22866.6666666667,2.28666666666667,-78.7306636180518
22870.8333333333,2.28708333333333,-78.7887727685756
22875,2.2875,-78.8570684880354
22879.1666666667,2.28791666666667,-78.9357086717923
22883.3333333333,2.28833333333333,-79.024878731646
22887.5,2.28875,-79.1247934428326
22891.6666666667,2.28916666666667,-79.235699142309
22895.8333333333,2.28958333333333,-79.3578763290186
22900,2.29,-79.4916427253179
22904.1666666667,2.29041666666667,-79.6373568812545
22908.3333333333,2.29083333333333,-79.7954224055836
22912.5,2.29125,-79.9662929473878
22916.6666666667,2.29166666666667,-80.1504780609896
22920.8333333333,2.29208333333333,-80.3485501406392
22925,2.2925,-80.5611526365234
22929.1666666667,2.29291666666667,-80.789009839073
22933.3333333333,2.29333333333333,-81.0329385819755
22937.5,2.29375,-81.2938623204528
22941.6666666667,2.29416666666667,-81.5728281649376
22945.8333333333,2.29458333333333,-81.8710276395033
22950,2.295,-82.1898221694491
22954.1666666667,2.29541666666667,-82.5307746322
22958.3333333333,2.29583333333333,-82.8956887818753
22962.5,2.29625,-83.2866590044854
22966.6666666667,2.29666666666667,-83.7061338351413
22970.8333333333,2.29708333333333,-84.156998032331
22975,2.2975,-84.642680129474
22979.1666666667,2.29791666666667,-85.1672955572863
22983.3333333333,2.29833333333333,-85.7358404491419
22987.5,2.29875,-86.3544592952067
22991.6666666667,2.29916666666667,-87.0308230069645
22995.8333333333,2.29958333333333,-87.7746769847868
23000,2.3,-88.598660034786
23004.1666666667,2.30041666666667,-89.5195725443776
23008.3333333333,2.30083333333333,-90.56042648418
23012.5,2.30125,-91.753938039951
23016.6666666667,2.30166666666667,-93.14888369482
23020.8333333333,2.30208333333333,-94.8226998931214
23025,2.3025,-96.9095290346739
23029.1666666667,2.30291666666667,-99.6740665074236
23033.3333333333,2.30333333333333,-103.76690510413
23037.5,2.30375,-111.787493973876
23041.6666666667,2.30416666666667,-117.49354689289
23045.8333333333,2.30458333333333,-105.612942391955
23050,2.305,-100.782250469167
23054.1666666667,2.30541666666667,-97.7040098770691
23058.3333333333,2.30583333333333,-95.444028653766
23062.5,2.30625,-93.660818424856
23066.6666666667,2.30666666666667,-92.1907765304478
23070.8333333333,2.30708333333333,-90.9427353033602
23075,2.3075,-89.8606537050607
23079.1666666667,2.30791666666667,-88.9076114161376
23083.3333333333,2.30833333333333,-88.0579944787249
23087.5,2.30875,-87.2933057305064
23091.6666666667,2.30916666666667,-86.5997525560847
23095.8333333333,2.30958333333333,-85.9667775434481
23100,2.31,-85.3861216605391
23104.1666666667,2.31041666666667,-84.8512039441742
23108.3333333333,2.31083333333333,-84.3566974647843
23112.5,2.31125,-83.8982314650239
23116.6666666667,2.31166666666667,-83.472177145883
23120.8333333333,2.31208333333333,-83.0754904207324
23125,2.3125,-82.7055943701568
23129.1666666667,2.31291666666667,-82.3602899573496
23133.3333333333,2.31333333333333,-82.0376872350128
23137.5,2.31375,-81.7361516492155
23141.6666666667,2.31416666666667,-81.4542616471445
23145.8333333333,2.31458333333333,-81.1907748484079
23150,2.315,-80.9446007999121
23154.1666666667,2.31541666666667,-80.7147788425779
23158.3333333333,2.31583333333333,-80.5004599869102
23162.5,2.31625,-80.3008919683347
23166.6666666667,2.31666666666667,-80.1154068461121
23170.8333333333,2.31708333333333,-79.943410654439
23175,2.3175,-79.7843747204073
23179.1666666667,2.31791666666667,-79.6378283514362
23183.3333333333,2.31833333333333,-79.5033526504307
23187.5,2.31875,-79.3805752723105
23191.6666666667,2.31916666666667,-79.2691659673127
23195.8333333333,2.31958333333333,-79.1688327903355
23200,2.32,-79.079318875839
23204.1666666667,2.32041666666667,-79.0003996981265
23208.3333333333,2.32083333333333,-78.9318807503676
23212.5,2.32125,-78.8735955943618
23216.6666666667,2.32166666666667,-78.8254042298444
23220.8333333333,2.32208333333333,-78.7871917539351
23225,2.3225,-78.7588672813809
23229.1666666667,2.32291666666667,-78.7403631028477
23233.3333333333,2.32333333333333,-78.7316340669319
23237.5,2.32375,-78.7326571682034
23241.6666666667,2.32416666666667,-78.7434313426989
23245.8333333333,2.32458333333333,-78.7639774565868
23250,2.325,-78.7943384949845
23254.1666666667,2.32541666666667,-78.8345799505031
23258.3333333333,2.32583333333333,-78.8847904226702
23262.5,2.32625,-78.9450824365136
23266.6666666667,2.32666666666667,-79.0155934987722
23270.8333333333,2.32708333333333,-79.0964874115676
23275,2.3275,-79.1879558726663
23279.1666666667,2.32791666666667,-79.2902203945409
23283.3333333333,2.32833333333333,-79.403534586207
23287.5,2.32875,-79.5281868501743
23291.6666666667,2.32916666666667,-79.6645035562774
23295.8333333333,2.32958333333333,-79.812852773885
23300,2.33,-79.973648657288
23304.1666666667,2.33041666666667,-80.1473566106495
23308.3333333333,2.33083333333333,-80.3344993688854
23312.5,2.33125,-80.5356641940873
23316.6666666667,2.33166666666667,-80.7515114105257
23320.8333333333,2.33208333333333,-80.9827845781472
23325,2.3325,-81.2303226734053
23329.1666666667,2.33291666666667,-81.4950747601054
23333.3333333333,2.33333333333333,-81.7781177739288
23337.5,2.33375,-82.0806782223073
23341.6666666667,2.33416666666667,-82.4041588750165
23345.8333333333,2.33458333333333,-82.7501718730435
23350,2.335,-83.1205801862006
23354.1666666667,2.33541666666667,-83.517550060174
23358.3333333333,2.33583333333333,-83.9436181403216
23362.5,2.33625,-84.4017784648659
23366.6666666667,2.33666666666667,-84.8955968334675
23370.8333333333,2.33708333333333,-85.4293635518695
23375,2.3375,-86.0083011262557
23379.1666666667,2.33791666666667,-86.6388524443016
23383.3333333333,2.33833333333333,-87.3290900377192
23387.5,2.33875,-88.0893130838926
23391.6666666667,2.33916666666667,-88.9329460302589
23395.8333333333,2.33958333333333,-89.8779424209628
23400,2.34,-90.9490784179093
23404.1666666667,2.34041666666667,-92.1819121730312
23408.3333333333,2.34083333333333,-93.6301116848094
23412.5,2.34125,-95.3803092204056
23416.6666666667,2.34166666666667,-97.5862195557738
23420.8333333333,2.34208333333333,-100.562888114173
23425,2.3425,-105.141893307482
23429.1666666667,2.34291666666667,-115.45674386528
23433.3333333333,2.34333333333333,-113.316915657016
23437.5,2.34375,-104.436281473669
23441.6666666667,2.34416666666667,-100.145032957646
23445.8333333333,2.34458333333333,-97.2935246406121
23450,2.345,-95.1586237843204
23454.1666666667,2.34541666666667,-93.4548296085012
23458.3333333333,2.34583333333333,-92.0397864158983
23462.5,2.34625,-90.8321619576032
23466.6666666667,2.34666666666667,-89.7810939142256
23470.8333333333,2.34708333333333,-88.8526484516863
23475,2.3475,-88.0230549698059
23479.1666666667,2.34791666666667,-87.2750157794439
23483.3333333333,2.34833333333333,-86.5955524702977
23487.5,2.34875,-85.9746798009621
23491.6666666667,2.34916666666667,-85.4045526365082
23495.8333333333,2.34958333333333,-84.878896860734
23500,2.35,-84.3926178835385
23504.1666666667,2.35041666666667,-83.9415241350474
23508.3333333333,2.35083333333333,-83.5221272634725
23512.5,2.35125,-83.1314948467589
23516.6666666667,2.35166666666667,-82.7671398935343
23520.8333333333,2.35208333333333,-82.4269366294132
23525,2.3525,-82.1090554234469
23529.1666666667,2.35291666666667,-81.8119118551709
23533.3333333333,2.35333333333333,-81.5341264119126
23537.5,2.35375,-81.2744922566677
23541.6666666667,2.35416666666667,-81.0319492191664
23545.8333333333,2.35458333333333,-80.8055626250631
23550,2.355,-80.5945059372705
23554.1666666667,2.35541666666667,-80.3980464171029
23558.3333333333,2.35583333333333,-80.2155332138078
23562.5,2.35625,-80.0463874099468
23566.6666666667,2.35666666666667,-79.8900936672075
23570.8333333333,2.35708333333333,-79.7461931764404
23575,2.3575,-79.614277696593
23579.1666666667,2.35791666666667,-79.4939844964361
23583.3333333333,2.35833333333333,-79.3849920530204
23587.5,2.35875,-79.287016394026
23591.6666666667,2.35916666666667,-79.1998079838884
23595.8333333333,2.35958333333333,-79.1231490835118
23600,2.36,-79.0568515154582
23604.1666666667,2.36041666666667,-79.0007547840448
23608.3333333333,2.36083333333333,-78.954724513876
23612.5,2.36125,-78.9186511678567
23616.6666666667,2.36166666666667,-78.8924490223924
23620.8333333333,2.36208333333333,-78.8760553750413
23625,2.3625,-78.8694299731252
23629.1666666667,2.36291666666667,-78.8725546484759
23633.3333333333,2.36333333333333,-78.8854331546955
23637.5,2.36375,-78.9080912000552
23641.6666666667,2.36416666666667,-78.9405766803067
23645.8333333333,2.36458333333333,-78.9829601123349
23650,2.365,-79.0353352806096
23654.1666666667,2.36541666666667,-79.0978201065222
23658.3333333333,2.36583333333333,-79.1705577600414
23662.5,2.36625,-79.2537180322749
23666.6666666667,2.36666666666667,-79.347499003824
23670.8333333333,2.36708333333333,-79.4521290396947
23675,2.3675,-79.5678691572259
23679.1666666667,2.36791666666667,-79.6950158218925
23683.3333333333,2.36833333333333,-79.8339042363416
23687.5,2.36875,-79.9849122093511
23691.6666666667,2.36916666666667,-80.1484646996481
23695.8333333333,2.36958333333333,-80.325039167334
23700,2.37,-80.5151718853428
23704.1666666667,2.37041666666667,-80.7194654077033
23708.3333333333,2.37083333333333,-80.9385974375047
23712.5,2.37125,-81.1733314051826
23716.6666666667,2.37166666666667,-81.4245291538887
23720.8333333333,2.37208333333333,-81.6931662367678
23725,2.3725,-81.9803504825003
23729.1666666667,2.37291666666667,-82.2873446946621
23733.3333333333,2.37333333333333,-82.6155946149319
23737.5,2.37375,-82.9667636830365
23741.6666666667,2.37416666666667,-83.3427766544353
23745.8333333333,2.37458333333333,-83.7458749188528
23750,2.375,-84.1786874834375
23754.1666666667,2.37541666666667,-84.6443232448123
23758.3333333333,2.37583333333333,-85.1464927052855
23762.5,2.37625,-85.6896711393378
23766.6666666667,2.37666666666667,-86.2793213986945
23770.8333333333,2.37708333333333,-86.9222045620701
23775,2.3775,-87.6268235671609
23779.1666666667,2.37791666666667,-88.4040745572516
23783.3333333333,2.37833333333333,-89.2682347923533
23787.5,2.37875,-90.2385201238831
23791.6666666667,2.37916666666667,-91.3416580028317
23795.8333333333,2.37958333333333,-92.6163914353555
23800,2.38,-94.1219650354068
23804.1666666667,2.38041666666667,-95.9557445832982
23808.3333333333,2.38083333333333,-98.2950921564858
23812.5,2.38125,-101.519411775636
23816.6666666667,2.38166666666667,-106.719519904302
23820.8333333333,2.38208333333333,-121.641848318649
23825,2.3825,-110.581276673021
23829.1666666667,2.38291666666667,-103.428923425569
23833.3333333333,2.38333333333333,-99.5676785131162
23837.5,2.38375,-96.9119729474454
23841.6666666667,2.38416666666667,-94.8892714438899
23845.8333333333,2.38458333333333,-93.2583309297306
23850,2.385,-91.8944985651709
23854.1666666667,2.38541666666667,-90.7249099187933
23858.3333333333,2.38583333333333,-89.7032631083151
23862.5,2.38625,-88.7982981876585
23866.6666666667,2.38666666666667,-87.9879160852533
23870.8333333333,2.38708333333333,-87.2559177965843
23875,2.3875,-86.5900768422168
23879.1666666667,2.38791666666667,-85.9809399977316
23883.3333333333,2.38833333333333,-85.421049190869
23887.5,2.38875,-84.9044186718555
23891.6666666667,2.38916666666667,-84.4261731315793
23895.8333333333,2.38958333333333,-83.9822907488377
23900,2.39,-83.5694166523911
23904.1666666667,2.39041666666667,-83.1847248650911
23908.3333333333,2.39083333333333,-82.8258143439611
23912.5,2.39125,-82.4906295044114
23916.6666666667,2.39166666666667,-82.177398625109
23920.8333333333,2.39208333333333,-81.8845855180297
23925,2.3925,-81.6108511897425
23929.1666666667,2.39291666666667,-81.3550231210542
23933.3333333333,2.39333333333333,-81.1160704264609
23937.5,2.39375,-80.8930836006204
23941.6666666667,2.39416666666667,-80.6852578831736
23945.8333333333,2.39458333333333,-80.4918795023888
23950,2.395,-80.3123142306362
23954.1666666667,2.39541666666667,-80.1459978086506
23958.3333333333,2.39583333333333,-79.9924279000752
23962.5,2.39625,-79.851157301753
23966.6666666667,2.39666666666667,-79.7217881930127
23970.8333333333,2.39708333333333,-79.6039672566793
23975,2.3975,-79.4973815262337
23979.1666666667,2.39791666666667,-79.4017548576525
23983.3333333333,2.39833333333333,-79.3168449247008
23987.5,2.39875,-79.2424406729185
23991.6666666667,2.39916666666667,-79.1783601662777
23995.8333333333,2.39958333333333,-79.1244487822523
24000,2.4,-79.0805777125237
24004.1666666667,2.40041666666667,-79.0466427415131
24008.3333333333,2.40083333333333,-79.0225632723841
24012.5,2.40125,-79.0082815867951
24016.6666666667,2.40166666666667,-79.0037623167238
24020.8333333333,2.40208333333333,-79.0089921273245
24025,2.4025,-79.0239795956908
24029.1666666667,2.40291666666667,-79.0487552877547
24033.3333333333,2.40333333333333,-79.0833720349332
24037.5,2.40375,-79.1279054136593
24041.6666666667,2.40416666666667,-79.1824544407008
24045.8333333333,2.40458333333333,-79.2471424926209
24050,2.405,-79.322118472258
24054.1666666667,2.40541666666667,-79.4075582466881
24058.3333333333,2.40583333333333,-79.5036663814068
24062.5,2.40625,-79.6106782148366
24066.6666666667,2.40666666666667,-79.7288623136969
24070.8333333333,2.40708333333333,-79.8585233730042
24075,2.4075,-80.0000056241248
24079.1666666667,2.40791666666667,-80.153696842828
24083.3333333333,2.40833333333333,-80.3200330592853
24087.5,2.40875,-80.4995041074087
24091.6666666667,2.40916666666667,-80.6926601708428
24095.8333333333,2.40958333333333,-80.9001195382902
24100,2.41,-81.1225778170193
24104.1666666667,2.41041666666667,-81.3608189401563
24108.3333333333,2.41083333333333,-81.6157283767796
24112.5,2.41125,-81.8883090888571
24116.6666666667,2.41166666666667,-82.1797009230424
24120.8333333333,2.41208333333333,-82.4912043601971
24125,2.4125,-82.8243098300754
24129.1666666667,2.41291666666667,-83.1807342202175
24133.3333333333,2.41333333333333,-83.562466796024
24137.5,2.41375,-83.971827576778
24141.6666666667,2.41416666666667,-84.4115424552617
24145.8333333333,2.41458333333333,-84.8848411468583
24150,2.415,-85.3955868290517
24154.1666666667,2.41541666666667,-85.948450605594
24158.3333333333,2.41583333333333,-86.5491507814002
24162.5,2.41625,-87.2047881448488
24166.6666666667,2.41666666666667,-87.9243275331726
24170.8333333333,2.41708333333333,-88.7193096332472
24175,2.4175,-89.6049391918954
24179.1666666667,2.41791666666667,-90.6018170104119
24183.3333333333,2.41833333333333,-91.738834853067
24187.5,2.41875,-93.0583176482329
24191.6666666667,2.41916666666667,-94.6258979582266
24195.8333333333,2.41958333333333,-96.5515537157639
24200,2.42,-99.0415104127356
24204.1666666667,2.42041666666667,-102.558938016314
24208.3333333333,2.42083333333333,-108.583054953026
24212.5,2.42125,-164.442600990226
24216.6666666667,2.42166666666667,-108.557916961159
24220.8333333333,2.42208333333333,-102.550565359101
24225,2.4225,-99.0405912405856
24229.1666666667,2.42291666666667,-96.5557600858293
24233.3333333333,2.42333333333333,-94.6342987121087
24237.5,2.42375,-93.0704472202814
24241.6666666667,2.42416666666667,-91.7544272213017
24245.8333333333,2.42458333333333,-90.6207059316307
24250,2.425,-89.6270138565914
24254.1666666667,2.42541666666667,-88.7444924944648
24258.3333333333,2.42583333333333,-87.9525622106075
24262.5,2.42625,-87.2360323757174
24266.6666666667,2.42666666666667,-86.583372074914
24270.8333333333,2.42708333333333,-85.9856234563357
24275,2.4275,-85.4356908534984
24279.1666666667,2.42791666666667,-84.9278598055378
24283.3333333333,2.42833333333333,-84.4574621485994
24287.5,2.42875,-84.0206369970411
24291.6666666667,2.42916666666667,-83.6141564443159
24295.8333333333,2.42958333333333,-83.2352960461555
24300,2.43,-82.8817369572162
24304.1666666667,2.43041666666667,-82.5514908760529
24308.3333333333,2.43083333333333,-82.2428417122584
24312.5,2.43125,-81.9542997014694
24316.6666666667,2.43166666666667,-81.6845649246937
24320.8333333333,2.43208333333333,-81.4324980121209
24325,2.4325,-81.1970964101951
24329.1666666667,2.43291666666667,-80.9774750002745
24333.3333333333,2.43333333333333,-80.772850154929
24337.5,2.43375,-80.5825265331964
24341.6666666667,2.43416666666667,-80.4058860811915
24345.8333333333,2.43458333333333,-80.2423788219233
24350,2.435,-80.0915151058256
24354.1666666667,2.43541666666667,-79.9528590673603
24358.3333333333,2.43583333333333,-79.8260230798367
24362.5,2.43625,-79.7106630469352
24366.6666666667,2.43666666666667,-79.6064743961078
24370.8333333333,2.43708333333333,-79.5131886730147
24375,2.4375,-79.4305706444016
24379.1666666667,2.43791666666667,-79.3584158420828
24383.3333333333,2.43833333333333,-79.2965484901898
24387.5,2.43875,-79.2448197716236
24391.6666666667,2.43916666666667,-79.2031063921057
24395.8333333333,2.43958333333333,-79.1713094145867
24400,2.44,-79.1493533380905
24404.1666666667,2.44041666666667,-79.137185406491
24408.3333333333,2.44083333333333,-79.1347751276422
24412.5,2.44125,-79.1421139980515
24416.6666666667,2.44166666666667,-79.1592154265429
24420.8333333333,2.44208333333333,-79.186114854296
24425,2.4425,-79.2228700769618
24429.1666666667,2.44291666666667,-79.2695617694476
24433.3333333333,2.44333333333333,-79.3262942294704
24437.5,2.44375,-79.3931963501729
24441.6666666667,2.44416666666667,-79.4704228446228
24445.8333333333,2.44458333333333,-79.5581557443597
24450,2.445,-79.6566062076758
24454.1666666667,2.44541666666667,-79.7660166708675
24458.3333333333,2.44583333333333,-79.8866633992103
24462.5,2.44625,-80.0188594896703
24466.6666666667,2.44666666666667,-80.162958406071
24470.8333333333,2.44708333333333,-80.3193581290553
24475,2.4475,-80.4885060404877
24479.1666666667,2.44791666666667,-80.6709046766327
24483.3333333333,2.44833333333333,-80.867118522071
24487.5,2.44875,-81.0777820608698
24491.6666666667,2.44916666666667,-81.3036093560336
24495.8333333333,2.44958333333333,-81.545405502053
24500,2.45,-81.804080391847
24504.1666666667,2.45041666666667,-82.0806653601108
24508.3333333333,2.45083333333333,-82.3763334522784
24512.5,2.45125,-82.6924242816485
24516.6666666667,2.45166666666667,-83.030474775339
24520.8333333333,2.45208333333333,-83.392257540675
24525,2.4525,-83.7798292344776
24529.1666666667,2.45291666666667,-84.1955922100728
24533.3333333333,2.45333333333333,-84.6423740681845
24537.5,2.45375,-85.1235317085164
24541.6666666667,2.45416666666667,-85.6430895337932
24545.8333333333,2.45458333333333,-86.2059261770726
24550,2.455,-86.8180317502411
24554.1666666667,2.45541666666667,-87.486870168304
24558.3333333333,2.45583333333333,-88.2219026652984
24562.5,2.45625,-89.0353670003563
24566.6666666667,2.45666666666667,-89.9434785951852
24570.8333333333,2.45708333333333,-90.9683613749352
24575,2.4575,-92.1413148024357
24579.1666666667,2.45791666666667,-93.508707620601
24583.3333333333,2.45833333333333,-95.1435270651684
24587.5,2.45875,-97.1706787450661
24591.6666666667,2.45916666666667,-99.8320222402671
24595.8333333333,2.45958333333333,-103.702094999286
24600,2.46,-110.878740207628
24604.1666666667,2.46041666666667,-121.76852412673
24608.3333333333,2.46083333333333,-106.959897536173
24612.5,2.46125,-101.773594843904
24616.6666666667,2.46166666666667,-98.5562456626454
24620.8333333333,2.46208333333333,-96.2218921873924
24625,2.4625,-94.3922662069388
24629.1666666667,2.46291666666667,-92.8904110645875
24633.3333333333,2.46333333333333,-91.6191418087276
24637.5,2.46375,-90.5193066681777
24641.6666666667,2.46416666666667,-89.5522152046227
24645.8333333333,2.46458333333333,-88.6911719621938
24650,2.465,-87.916981679611
24654.1666666667,2.46541666666667,-87.2153809523623
24658.3333333333,2.46583333333333,-86.5754833029175
24662.5,2.46625,-85.9887927413822
24666.6666666667,2.46666666666667,-85.4485533126694
24670.8333333333,2.46708333333333,-84.9493060284401
24675,2.4675,-84.4865785817033
24679.1666666667,2.46791666666667,-84.056662787803
24683.3333333333,2.46833333333333,-83.6564515865727
24687.5,2.46875,-83.2833174481264
24691.6666666667,2.46916666666667,-82.9350201834705
24695.8333333333,2.46958333333333,-82.6096360213778
24700,2.47,-82.3055023407036
24704.1666666667,2.47041666666667,-82.0211740839318
24708.3333333333,2.47083333333333,-81.755389027454
24712.5,2.47125,-81.5070398339233
24716.6666666667,2.47166666666667,-81.2751513730862
24720.8333333333,2.47208333333333,-81.0588621653033
24725,2.4725,-80.8574090975722
24729.1666666667,2.47291666666667,-80.6701147445078
24733.3333333333,2.47333333333333,-80.496376797036
24737.5,2.47375,-80.3356591978766
24741.6666666667,2.47416666666667,-80.1874846801906
24745.8333333333,2.47458333333333,-80.0514284588465
24750,2.475,-79.9271128826802
24754.1666666667,2.47541666666667,-79.8142028911036
24758.3333333333,2.47583333333333,-79.7124021491267
24762.5,2.47625,-79.6214497603003
24766.6666666667,2.47666666666667,-79.5411174710916
24770.8333333333,2.47708333333333,-79.4712073053229
24775,2.4775,-79.4115495701544
24779.1666666667,2.47791666666667,-79.3620011907483
24783.3333333333,2.47833333333333,-79.3224443348381
24787.5,2.47875,-79.2927853048036
24791.6666666667,2.47916666666667,-79.2729536681637
24795.8333333333,2.47958333333333,-79.2629016125913
24800,2.48,-79.2626035126364
24804.1666666667,2.48041666666667,-79.2720556977252
24808.3333333333,2.48083333333333,-79.2912764192341
24812.5,2.48125,-79.3203060147321
24816.6666666667,2.48166666666667,-79.359207274791
24820.8333333333,2.48208333333333,-79.408066014149
24825,2.4825,-79.4669918644252
24829.1666666667,2.48291666666667,-79.5361193005397
24833.3333333333,2.48333333333333,-79.6156089244495
24837.5,2.48375,-79.7056490273205
24841.6666666667,2.48416666666667,-79.8064574702439
24845.8333333333,2.48458333333333,-79.9182839201664
24850,2.485,-80.0414124946056
24854.1666666667,2.48541666666667,-80.1761648739495
24858.3333333333,2.48583333333333,-80.3229039641755
24862.5,2.48625,-80.4820381992513
24866.6666666667,2.48666666666667,-80.6540266043003
24870.8333333333,2.48708333333333,-80.8393847620292
24875,2.4875,-81.0386918627517
24879.1666666667,2.48791666666667,-81.2525990690589
24883.3333333333,2.48833333333333,-81.4818394746832
24887.5,2.48875,-81.7272400274067
24891.6666666667,2.48916666666667,-81.9897358741968
24895.8333333333,2.48958333333333,-82.2703877377671
24900,2.49,-82.5704031012367
24904.1666666667,2.49041666666667,-82.8911622439291
24908.3333333333,2.49083333333333,-83.2342504966293
24912.5,2.49125,-83.6014985888264
24916.6666666667,2.49166666666667,-83.9950336226579
24920.8333333333,2.49208333333333,-84.4173442215523
24925,2.4925,-84.8713648295126
24929.1666666667,2.49291666666667,-85.3605863401906
24933.3333333333,2.49333333333333,-85.889203559481
24937.5,2.49375,-86.462315264986
24941.6666666667,2.49416666666667,-87.0862010928637
24945.8333333333,2.49458333333333,-87.7687136069589
24950,2.495,-88.519848283106
24954.1666666667,2.49541666666667,-89.3525980516204
24958.3333333333,2.49583333333333,-90.2842819014281
24962.5,2.49625,-91.3387030021635
24966.6666666667,2.49666666666667,-92.5498476106948
24970.8333333333,2.49708333333333,-93.968668182813
24975,2.4975,-95.6766661808281
24979.1666666667,2.49791666666667,-97.8165566771119
24983.3333333333,2.49833333333333,-100.674761488457
24987.5,2.49875,-104.97769708578
24991.6666666667,2.49916666666667,-113.901777979394
24995.8333333333,2.49958333333333,-115.900621146196
25000,2.5,-105.644396848096
25004.1666666667,2.50041666666667,-101.078277134705
25008.3333333333,2.50083333333333,-98.1086354090564
25012.5,2.50125,-95.9078512663583
25016.6666666667,2.50166666666667,-94.1619273803825
25020.8333333333,2.50208333333333,-92.7175461543749
25025,2.5025,-91.4882589910591
25029.1666666667,2.50291666666667,-90.4204945237048
25033.3333333333,2.50333333333333,-89.47875029137
25037.5,2.50375,-88.6382844913321
25041.6666666667,2.50416666666667,-87.8811659311489
25045.8333333333,2.50458333333333,-87.1939853289296
25050,2.505,-86.5664541589787
25054.1666666667,2.50541666666667,-85.990507598797
25058.3333333333,2.50583333333333,-85.4597084729528
25062.5,2.50625,-84.9688386010027
25066.6666666667,2.50666666666667,-84.5136110115094
25070.8333333333,2.50708333333333,-84.0904625205741
25075,2.5075,-83.6964011676021
25079.1666666667,2.50791666666667,-83.3288919833845
25083.3333333333,2.50833333333333,-82.9857700865152
25087.5,2.50875,-82.6651736310405
25091.6666666667,2.50916666666667,-82.3654914096317
25095.8333333333,2.50958333333333,-82.0853214371678
25100,2.51,-81.8234378707079
25104.1666666667,2.51041666666667,-81.5787643402018
25108.3333333333,2.51083333333333,-81.3503522669576
25112.5,2.51125,-81.1373630953146
25116.6666666667,2.51166666666667,-80.9390536322307
25120.8333333333,2.51208333333333,-80.7547638739024
25125,2.5125,-80.5839068420386
25129.1666666667,2.51291666666667,-80.4259600536312
25133.3333333333,2.51333333333333,-80.2804583307281
25137.5,2.51375,-80.1469877198265
25141.6666666667,2.51416666666667,-80.0251803355693
25145.8333333333,2.51458333333333,-79.9147099756439
25150,2.515,-79.8152883916012
25154.1666666667,2.51541666666667,-79.7266621161844
25158.3333333333,2.51583333333333,-79.6486097689202
25162.5,2.51625,-79.5809397764561
25166.6666666667,2.51666666666667,-79.5234884542428
25170.8333333333,2.51708333333333,-79.4761184084048
25175,2.5175,-79.4387172211966
25179.1666666667,2.51791666666667,-79.4111963981546
25183.3333333333,2.51833333333333,-79.3934905486001
25187.5,2.51875,-79.3855567897708
25191.6666666667,2.51916666666667,-79.3873743563436
25195.8333333333,2.51958333333333,-79.3989444143086
25200,2.52,-79.4202900711574
25204.1666666667,2.52041666666667,-79.4514565846276
25208.3333333333,2.52083333333333,-79.4925117730015
25212.5,2.52125,-79.5435466345536
25216.6666666667,2.52166666666667,-79.6046761915468
25220.8333333333,2.52208333333333,-79.6760405702314
25225,2.5225,-79.7578063432189
25229.1666666667,2.52291666666667,-79.8501681592643
25233.3333333333,2.52333333333333,-79.953350700051
25237.5,2.52375,-80.0676109994691
25241.6666666667,2.52416666666667,-80.193241186947
25245.8333333333,2.52458333333333,-80.3305717143943
25250,2.525,-80.4799751504387
25254.1666666667,2.52541666666667,-80.6418706411695
25258.3333333333,2.52583333333333,-80.816729157759
25262.5,2.52625,-81.0050796867885
25266.6666666667,2.52666666666667,-81.2075165481351
25270.8333333333,2.52708333333333,-81.4247080857128
25275,2.5275,-81.6574070257803
25279.1666666667,2.52791666666667,-81.9064628907427
25283.3333333333,2.52833333333333,-82.172836955657
25287.5,2.52875,-82.4576203929025
25291.6666666667,2.52916666666667,-82.7620564284102
25295.8333333333,2.52958333333333,-83.0875676177666
25300,2.53,-83.4357897095671
25304.1666666667,2.53041666666667,-83.808614092452
25308.3333333333,2.53083333333333,-84.2082415554708
25312.5,2.53125,-84.6372511727214
25316.6666666667,2.53166666666667,-85.0986897107592
25320.8333333333,2.53208333333333,-85.5961893395556
25325,2.5325,-86.1341251315776
25329.1666666667,2.53291666666667,-86.7178296204049
25333.3333333333,2.53333333333333,-87.3538911859665
25337.5,2.53375,-88.0505788888674
25341.6666666667,2.53416666666667,-88.8184640492486
25345.8333333333,2.53458333333333,-89.6713591415293
25350,2.535,-90.6277907134412
25354.1666666667,2.53541666666667,-91.7134181101267
25358.3333333333,2.53583333333333,-92.9652356869052
25362.5,2.53625,-94.4394139661105
25366.6666666667,2.53666666666667,-96.2273694783326
25370.8333333333,2.53708333333333,-98.4932518665583
25375,2.5375,-101.580031942921
25379.1666666667,2.53791666666667,-106.42781295016
25383.3333333333,2.53833333333333,-118.409743468536
25387.5,2.53875,-112.507009988395
25391.6666666667,2.53916666666667,-104.5299367787
25395.8333333333,2.53958333333333,-100.450026214593
25400,2.54,-97.6928935178887
25404.1666666667,2.54041666666667,-95.6115009268648
25408.3333333333,2.54083333333333,-93.942196203109
25412.5,2.54125,-92.5512536833499
25416.6666666667,2.54166666666667,-91.3614360809365
25420.8333333333,2.54208333333333,-90.3240740956494
25425,2.5425,-89.4065143541904
25429.1666666667,2.54291666666667,-88.5857841344995
25433.3333333333,2.54333333333333,-87.8451088386386
25437.5,2.54375,-87.1718673040297
25441.6666666667,2.54416666666667,-86.5563266121818
25445.8333333333,2.54458333333333,-85.9908249316578
25450,2.545,-85.469224536613
25454.1666666667,2.54541666666667,-84.9865344368411
25458.3333333333,2.54583333333333,-84.5386431814217
25462.5,2.54625,-84.1221253690549
25466.6666666667,2.54666666666667,-83.7340987376575
25470.8333333333,2.54708333333333,-83.3721167703692
25475,2.5475,-83.0340867270277
25479.1666666667,2.54791666666667,-82.7182062135283
25483.3333333333,2.54833333333333,-82.4229134862617
25487.5,2.54875,-82.1468480725039
25491.6666666667,2.54916666666667,-81.8888192543429
25495.8333333333,2.54958333333333,-81.6477806113069
25500,2.55,-81.4228092832079
25504.1666666667,2.55041666666667,-81.2130889496473
25508.3333333333,2.55083333333333,-81.0178957688062
25512.5,2.55125,-80.8365866841422
25516.6666666667,2.55166666666667,-80.6685896506755
25520.8333333333,2.55208333333333,-80.5133954234056
25525,2.5525,-80.3705506309953
25529.1666666667,2.55291666666667,-80.2396519144816
25533.3333333333,2.55333333333333,-80.1203409509294
25537.5,2.55375,-80.0123002249451
25541.6666666667,2.55416666666667,-79.9152494292815
25545.8333333333,2.55458333333333,-79.8289424031763
25550,2.555,-79.7531645358106
25554.1666666667,2.55541666666667,-79.6877305709109
25558.3333333333,2.55583333333333,-79.6324827608184
25562.5,2.55625,-79.5872893349463
25566.6666666667,2.55666666666667,-79.5520432457455
25570.8333333333,2.55708333333333,-79.5266611677143
25575,2.5575,-79.5110827296408
25579.1666666667,2.55791666666667,-79.505269962888
25583.3333333333,2.55833333333333,-79.5092069598247
25587.5,2.55875,-79.5228997296846
25591.6666666667,2.55916666666667,-79.5463762519585
25595.8333333333,2.55958333333333,-79.5796867294904
25600,2.56,-79.6229040447407
25604.1666666667,2.56041666666667,-79.6761244276474
25608.3333333333,2.56083333333333,-79.7394683494947
25612.5,2.56125,-79.8130816592739
25616.6666666667,2.56166666666667,-79.897136987237
25620.8333333333,2.56208333333333,-79.9918354433829
25625,2.5625,-80.0974086504827
25629.1666666667,2.56291666666667,-80.214121152117
25633.3333333333,2.56333333333333,-80.3422732568503
25637.5,2.56375,-80.4822043825169
25641.6666666667,2.56416666666667,-80.6342969901958
25645.8333333333,2.56458333333333,-80.7989812060441
25650,2.565,-80.976740263814
25654.1666666667,2.56541666666667,-81.1681169260193
25658.3333333333,2.56583333333333,-81.3737210838011
25662.5,2.56625,-81.5942387885207
25666.6666666667,2.56666666666667,-81.8304430262222
25670.8333333333,2.56708333333333,-82.0832066482633
25675,2.5675,-82.3535179737314
25679.1666666667,2.56791666666667,-82.6424997397844
25683.3333333333,2.56833333333333,-82.9514322838473
25687.5,2.56875,-83.2817821365412
25691.6666666667,2.56916666666667,-83.6352375886182
25695.8333333333,2.56958333333333,-84.0137533738648
25700,2.57,-84.4196074011714
25704.1666666667,2.57041666666667,-84.8554736433054
25708.3333333333,2.57083333333333,-85.3245170332521
25712.5,2.57125,-85.8305188215302
25716.6666666667,2.57166666666667,-86.3780449478314
25720.8333333333,2.57208333333333,-86.9726764075045
25725,2.5725,-87.6213311980868
25729.1666666667,2.57291666666667,-88.3327253152055
25733.3333333333,2.57333333333333,-89.1180517142927
25737.5,2.57375,-89.9920139083434
25741.6666666667,2.57416666666667,-90.9744627006657
25745.8333333333,2.57458333333333,-92.0931148021744
25750,2.575,-93.388344091025
25754.1666666667,2.57541666666667,-94.922288646908
25758.3333333333,2.57583333333333,-96.7979856591431
25762.5,2.57625,-99.2056339680449
25766.6666666667,2.57666666666667,-102.561183865126
25770.8333333333,2.57708333333333,-108.117475633366
25775,2.5775,-127.840621200013
25779.1666666667,2.57791666666667,-110.127838480861
25783.3333333333,2.57833333333333,-103.565634962583
25787.5,2.57875,-99.877762951992
25791.6666666667,2.57916666666667,-97.3050240031867
25795.8333333333,2.57958333333333,-95.3310141395181
25800,2.58,-93.7321212491797
25804.1666666667,2.58041666666667,-92.3910011329786
25808.3333333333,2.58083333333333,-91.2383655302296
25812.5,2.58125,-90.2298692394896
25816.6666666667,2.58166666666667,-89.3354130614202
25820.8333333333,2.58208333333333,-88.533630122903
25825,2.5825,-87.8088061603403
25829.1666666667,2.58291666666667,-87.1490483952456
25833.3333333333,2.58333333333333,-86.545140863287
25837.5,2.58375,-85.989798823022
25841.6666666667,2.58416666666667,-85.4771661171338
25845.8333333333,2.58458333333333,-85.0024662833982
25850,2.585,-84.5617542246744
25854.1666666667,2.58541666666667,-84.1517355505304
25858.3333333333,2.58583333333333,-83.7696326125015
25862.5,2.58625,-83.4130834684774
25866.6666666667,2.58666666666667,-83.0800645204137
25870.8333333333,2.58708333333333,-82.7688304796706
25875,2.5875,-82.4778672058997
25879.1666666667,2.58791666666667,-82.2058542535771
25883.3333333333,2.58833333333333,-81.951634833602
25887.5,2.58875,-81.7141914985521
25891.6666666667,2.58916666666667,-81.4926263070138
25895.8333333333,2.58958333333333,-81.2861445150351
25900,2.59,-81.0940410845248
25904.1666666667,2.59041666666667,-80.9156894495882
25908.3333333333,2.59083333333333,-80.7505321159114
25912.5,2.59125,-80.598072753581
25916.6666666667,2.59166666666667,-80.4578695268928
25920.8333333333,2.59208333333333,-80.3295294398885
25925,2.5925,-80.2127035379311
25929.1666666667,2.59291666666667,-80.1070828271052
25933.3333333333,2.59333333333333,-80.0123947997759
25937.5,2.59375,-79.9284004849747
25941.6666666667,2.59416666666667,-79.8548919430062
25945.8333333333,2.59458333333333,-79.7916901508189
25950,2.595,-79.7386432301342
25954.1666666667,2.59541666666667,-79.695624980043
25958.3333333333,2.59583333333333,-79.662533679546
25962.5,2.59625,-79.6392911415329
25966.6666666667,2.59666666666667,-79.6258419919284
25970.8333333333,2.59708333333333,-79.6221531675122
25975,2.5975,-79.6282136168959
25979.1666666667,2.59791666666667,-79.6440341999154
25983.3333333333,2.59833333333333,-79.6696477869695
25987.5,2.59875,-79.7051095541731
25991.6666666667,2.59916666666667,-79.7504974870734
25995.8333333333,2.59958333333333,-79.8059130971121
26000,2.6,-79.8714823671764
26004.1666666667,2.60041666666667,-79.9473569441721
26008.3333333333,2.60083333333333,-80.0337156068414
26012.5,2.60125,-80.13076603364
26016.6666666667,2.60166666666667,-80.2387469143921
26020.8333333333,2.60208333333333,-80.3579304502783
26025,2.6025,-80.4886253021461
26029.1666666667,2.60291666666667,-80.6311800585079
26033.3333333333,2.60333333333333,-80.7859873103376
26037.5,2.60375,-80.9534884431273
26041.6666666667,2.60416666666667,-81.1341792810628
26045.8333333333,2.60458333333333,-81.328616752163
26050,2.605,-81.5374267786796
26054.1666666667,2.60541666666667,-81.7613136662186
26058.3333333333,2.60583333333333,-82.001071317462
26062.5,2.60625,-82.2575967048176
26066.6666666667,2.60666666666667,-82.5319061476659
26070.8333333333,2.60708333333333,-82.8251551180977
26075,2.6075,-83.1386625056449
26079.1666666667,2.60791666666667,-83.4739406035348
26083.3333333333,2.60833333333333,-83.8327324876982
26087.5,2.60875,-84.2170590787906
26091.6666666667,2.60916666666667,-84.6292790485041
26095.8333333333,2.60958333333333,-85.072166003466
26100,2.61,-85.5490092814448
26104.1666666667,2.61041666666667,-86.0637475752729
26108.3333333333,2.61083333333333,-86.6211491030972
26112.5,2.61125,-87.2270592226658
26116.6666666667,2.61166666666667,-87.8887482513618
26120.8333333333,2.61208333333333,-88.6154124365722
26125,2.6125,-89.4189168695015
26129.1666666667,2.61291666666667,-90.3149356727551
26133.3333333333,2.61333333333333,-91.3247752355919
26137.5,2.61375,-92.478439166653
26141.6666666667,2.61416666666667,-93.8201121551293
26145.8333333333,2.61458333333333,-95.4187906493288
26150,2.615,-97.3912269096945
26154.1666666667,2.61541666666667,-99.9596216534671
26158.3333333333,2.61583333333333,-103.635979209912
26162.5,2.61625,-110.155308168107
26166.6666666667,2.61666666666667,-128.643829011912
26170.8333333333,2.61708333333333,-108.303919219591
26175,2.6175,-102.717591631985
26179.1666666667,2.61791666666667,-99.3528789604368
26183.3333333333,2.61833333333333,-96.941707791292
26187.5,2.61875,-95.064817177344
26191.6666666667,2.61916666666667,-93.5308647304158
26195.8333333333,2.61958333333333,-92.2363129859719
26200,2.62,-91.1187703069888
26204.1666666667,2.62041666666667,-90.1377205763501
26208.3333333333,2.62083333333333,-89.2653611085642
26212.5,2.62125,-88.4817860741542
26216.6666666667,2.62166666666667,-87.772255101817
26220.8333333333,2.62208333333333,-87.1255496235555
26225,2.6225,-86.5329352827141
26229.1666666667,2.62291666666667,-85.9874805780379
26233.3333333333,2.62333333333333,-85.4835943596483
26237.5,2.62375,-85.016702905349
26241.6666666667,2.62416666666667,-84.5830188932204
26245.8333333333,2.62458333333333,-84.1793725896171
26250,2.625,-83.8030861681333
26254.1666666667,2.62541666666667,-83.4518785968848
26258.3333333333,2.62583333333333,-83.1237925776743
26262.5,2.62625,-82.8171376949609
26266.6666666667,2.62666666666667,-82.5304456429424
26270.8333333333,2.62708333333333,-82.2624345868441
26275,2.6275,-82.0119805187983
26279.1666666667,2.62791666666667,-81.778094031533
26283.3333333333,2.62833333333333,-81.5599013355642
26287.5,2.62875,-81.3566286305246
26291.6666666667,2.62916666666667,-81.1675891563926
26295.8333333333,2.62958333333333,-80.992172398175
26300,2.63,-80.8298350412693
26304.1666666667,2.63041666666667,-80.6800933629506
26308.3333333333,2.63083333333333,-80.5425167991645
26312.5,2.63125,-80.4167224952847
26316.6666666667,2.63166666666667,-80.3023706768589
26320.8333333333,2.63208333333333,-80.1991607108813
26325,2.6325,-80.106827756319
26329.1666666667,2.63291666666667,-80.0251399174187
26333.3333333333,2.63333333333333,-79.9538958288311
26337.5,2.63375,-79.8929226231039
26341.6666666667,2.63416666666667,-79.8420742263812
26345.8333333333,2.63458333333333,-79.8012299555258
26350,2.635,-79.770293377104
26354.1666666667,2.63541666666667,-79.749191412169
26358.3333333333,2.63583333333333,-79.7378736661962
26362.5,2.63625,-79.7363119729848
26366.6666666667,2.63666666666667,-79.7445001375361
26370.8333333333,2.63708333333333,-79.7624538821848
26375,2.6375,-79.790210987918
26379.1666666667,2.63791666666667,-79.8278316353924
26383.3333333333,2.63833333333333,-79.8753989556298
26387.5,2.63875,-79.933019793603
26391.6666666667,2.63916666666667,-80.0008257084146
26395.8333333333,2.63958333333333,-80.0789742250325
26400,2.64,-80.1676503651633
26404.1666666667,2.64041666666667,-80.2670684862669
26408.3333333333,2.64083333333333,-80.3774744774678
26412.5,2.64125,-80.4991483514728
26416.6666666667,2.64166666666667,-80.6324073028335
26420.8333333333,2.64208333333333,-80.7776093003391
26425,2.6425,-80.935157311892
26429.1666666667,2.64291666666667,-81.1055042737187
26433.3333333333,2.64333333333333,-81.2891589432483
26437.5,2.64375,-81.4866928169623
26441.6666666667,2.64416666666667,-81.6987483288782
26445.8333333333,2.64458333333333,-81.9260486110708
26450,2.645,-82.1694091673996
26454.1666666667,2.64541666666667,-82.4297519182055
26458.3333333333,2.64583333333333,-82.7081221881995
26462.5,2.64625,-83.0057094111342
26466.6666666667,2.64666666666667,-83.3238725438001
26470.8333333333,2.64708333333333,-83.6641715272677
26475,2.6475,-84.0284065895055
26479.1666666667,2.64791666666667,-84.4186678461338
26483.3333333333,2.64833333333333,-84.8373985990928
26487.5,2.64875,-85.2874771295933
26491.6666666667,2.64916666666667,-85.7723238492422
26495.8333333333,2.64958333333333,-86.2960438594313
26500,2.65,-86.8636199494426
26504.1666666667,2.65041666666667,-87.4811790596847
26508.3333333333,2.65083333333333,-88.1563685465166
26512.5,2.65125,-88.8989014285037
26516.6666666667,2.65166666666667,-89.7213707417144
26520.8333333333,2.65208333333333,-90.6405099826836
26525,2.6525,-91.6792293435854
26529.1666666667,2.65291666666667,-92.8700821606213
26533.3333333333,2.65333333333333,-94.261567101598
26537.5,2.65375,-95.9306046167743
26541.6666666667,2.65416666666667,-98.0102580071509
26545.8333333333,2.65458333333333,-100.7625240568
26550,2.655,-104.828814683491
26554.1666666667,2.65541666666667,-112.744190359612
26558.3333333333,2.65583333333333,-118.971331439826
26562.5,2.65625,-106.830430504003
26566.6666666667,2.65666666666667,-101.962093910131
26570.8333333333,2.65708333333333,-98.8685563793994
26575,2.6575,-96.6001596238308
26579.1666666667,2.65791666666667,-94.8115455991145
26583.3333333333,2.65833333333333,-93.3376854238029
26587.5,2.65875,-92.0867629835889
26591.6666666667,2.65916666666667,-91.0023999905912
26595.8333333333,2.65958333333333,-90.0474833755677
26600,2.66,-89.196281027264
26604.1666666667,2.66041666666667,-88.4302193188359
26608.3333333333,2.66083333333333,-87.7354539588747
26612.5,2.66125,-87.1013913554819
26616.6666666667,2.66166666666667,-86.5197463850516
26620.8333333333,2.66208333333333,-85.9839187939073
26625,2.6625,-85.4885670783223
26629.1666666667,2.66291666666667,-85.0293092649822
26633.3333333333,2.66333333333333,-84.602507780385
26637.5,2.66375,-84.2051115733024
26641.6666666667,2.66416666666667,-83.8345381227613
26645.8333333333,2.66458333333333,-83.4885838369163
26650,2.665,-83.165355021797
26654.1666666667,2.66541666666667,-82.863214015078
26658.3333333333,2.66583333333333,-82.580736659421
26662.5,2.66625,-82.3166783764805
26666.6666666667,2.66666666666667,-82.069946843459
26670.8333333333,2.66708333333333,-81.8395797975889
26675,2.6675,-81.6247268665983
26679.1666666667,2.66791666666667,-81.4246345856445
26683.3333333333,2.66833333333333,-81.2386339654813
26687.5,2.66875,-81.066130117943
26691.6666666667,2.66916666666667,-80.9065935554282
26695.8333333333,2.66958333333333,-80.7595528605762
26700,2.67,-80.6245884889706
26704.1666666667,2.67041666666667,-80.5013275119507
26708.3333333333,2.67083333333333,-80.3894391529687
26712.5,2.67125,-80.2886309876177
26716.6666666667,2.67166666666667,-80.1986457108036
26720.8333333333,2.67208333333333,-80.1192583916595
26725,2.6725,-80.0502741487232
26729.1666666667,2.67291666666667,-79.9915261931354
26733.3333333333,2.67333333333333,-79.9428741948371
26737.5,2.67375,-79.9042029387546
26741.6666666667,2.67416666666667,-79.8754212412187
26745.8333333333,2.67458333333333,-79.8564611056453
26750,2.675,-79.8472771020654
26754.1666666667,2.67541666666667,-79.8478459528367
26758.3333333333,2.67583333333333,-79.8581663241731
26762.5,2.67625,-79.8782588133869
26766.6666666667,2.67666666666667,-79.9081661351025
26770.8333333333,2.67708333333333,-79.9479535086657
26775,2.6775,-79.9977092530996
26779.1666666667,2.67791666666667,-80.057545603358
26783.3333333333,2.67833333333333,-80.1275997644158
26787.5,2.67875,-80.208035221189
26791.6666666667,2.67916666666667,-80.2990433361469
26795.8333333333,2.67958333333333,-80.4008452630269
26800,2.68,-80.5136942258423
26804.1666666667,2.68041666666667,-80.6378782096725
26808.3333333333,2.68083333333333,-80.7737231294436
26812.5,2.68125,-80.9215965535241
26816.6666666667,2.68166666666667,-81.081912085088
26820.8333333333,2.68208333333333,-81.2551345122242
26825,2.6825,-81.441785881875
26829.1666666667,2.68291666666667,-81.6424526806535
26833.3333333333,2.68333333333333,-81.8577943526008
26837.5,2.68375,-82.088553453811
26841.6666666667,2.68416666666667,-82.3355678077484
26845.8333333333,2.68458333333333,-82.5997851463314
26850,2.685,-82.8822808510974
26854.1666666667,2.68541666666667,-83.1842796084015
26858.3333333333,2.68583333333333,-83.5071820340531
26862.5,2.68625,-83.8525977031607
26866.6666666667,2.68666666666667,-84.2223864968916
26870.8333333333,2.68708333333333,-84.6187109119541
26875,2.6875,-85.0441029918111
26879.1666666667,2.68791666666667,-85.5015510615237
26883.3333333333,2.68833333333333,-85.9946137338942
26887.5,2.68875,-86.5275721474458
26891.6666666667,2.68916666666667,-87.1056369213198
26895.8333333333,2.68958333333333,-87.7352352410684
26900,2.69,-88.4244184591265
26904.1666666667,2.69041666666667,-89.1834564705975
26908.3333333333,2.69083333333333,-90.0257320483616
26912.5,2.69125,-90.9691373283168
26916.6666666667,2.69166666666667,-92.0383540821593
26920.8333333333,2.69208333333333,-93.2687874933019
26925,2.6925,-94.7138402190601
26929.1666666667,2.69291666666667,-96.4596403816429
26933.3333333333,2.69333333333333,-98.6588131576514
26937.5,2.69375,-101.62353128513
26941.6666666667,2.69416666666667,-106.174544430846
26945.8333333333,2.69458333333333,-116.337030583812
26950,2.695,-114.591867975304
26954.1666666667,2.69541666666667,-105.598053765662
26958.3333333333,2.69583333333333,-101.281911214175
26962.5,2.69625,-98.419306349925
26966.6666666667,2.69666666666667,-96.2780206987117
26970.8333333333,2.69708333333333,-94.5700093003428
26975,2.6975,-93.1519246147897
26979.1666666667,2.69791666666667,-91.9419676225702
26983.3333333333,2.69833333333333,-90.8890274556322
26987.5,2.69875,-89.9590257632339
26991.6666666667,2.69916666666667,-89.1281021895236
26995.8333333333,2.69958333333333,-88.3789003478765
27000,2.7,-87.6984018282115
27004.1666666667,2.70041666666667,-87.0765931865493
27008.3333333333,2.70083333333333,-86.5056088295096
27012.5,2.70125,-85.9791594393622
27016.6666666667,2.70166666666667,-85.4921388923589
27020.8333333333,2.70208333333333,-85.0403467079426
27025,2.7025,-84.6202875387151
27029.1666666667,2.70291666666667,-84.2290233962018
27033.3333333333,2.70333333333333,-83.8640627982921
27037.5,2.70375,-83.5232763123416
27041.6666666667,2.70416666666667,-83.2048312890721
27045.8333333333,2.70458333333333,-82.9071408009975
27050,2.705,-82.6288232306048
27054.1666666667,2.70541666666667,-82.3686699615563
27058.3333333333,2.70583333333333,-82.1256193072092
27062.5,2.70625,-81.8987352923356
27066.6666666667,2.70666666666667,-81.6871902554606
27070.8333333333,2.70708333333333,-81.4902504811774
27075,2.7075,-81.3072642641771
27079.1666666667,2.70791666666667,-81.1376519360527
27083.3333333333,2.70833333333333,-80.9808974924856
27087.5,2.70875,-80.8365415326584
27091.6666666667,2.70916666666667,-80.7041752863976
27095.8333333333,2.70958333333333,-80.5834355453307
27100,2.71,-80.4740003555609
27104.1666666667,2.71041666666667,-80.3755853516744
27108.3333333333,2.71083333333333,-80.2879406386447
27112.5,2.71125,-80.2108481455902
27116.6666666667,2.71166666666667,-80.1441193864853
27120.8333333333,2.71208333333333,-80.0875935794236
27125,2.7125,-80.0411360782254
27129.1666666667,2.71291666666667,-80.0046370898718
27133.3333333333,2.71333333333333,-79.9780106457209
27137.5,2.71375,-79.9611938082515
27141.6666666667,2.71416666666667,-79.954146096029
27145.8333333333,2.71458333333333,-79.9568491173903
27150,2.715,-79.9693064043164
27154.1666666667,2.71541666666667,-79.9915434457569
27158.3333333333,2.71583333333333,-80.023607915578
27162.5,2.71625,-80.0655701059138
27166.6666666667,2.71666666666667,-80.1175235712223
27170.8333333333,2.71708333333333,-80.179585995979
27175,2.7175,-80.251900302064
27179.1666666667,2.71791666666667,-80.3346360210408
27183.3333333333,2.71833333333333,-80.4279909582177
27187.5,2.71875,-80.5321931847075
27191.6666666667,2.71916666666667,-80.6475034017282
27195.8333333333,2.71958333333333,-80.7742177327964
27200,2.72,-80.9126710065439
27204.1666666667,2.72041666666667,-81.0632406203809
27208.3333333333,2.72083333333333,-81.2263510791263
27212.5,2.72125,-81.4024793373985
27216.6666666667,2.72166666666667,-81.5921611019964
27220.8333333333,2.72208333333333,-81.7959982872404
27225,2.7225,-82.0146678703889
27229.1666666667,2.72291666666667,-82.2489324542004
27233.3333333333,2.72333333333333,-82.4996529283869
27237.5,2.72375,-82.7678037432146
27241.6666666667,2.72416666666667,-83.0544914408804
27245.8333333333,2.72458333333333,-83.3609773130353
27250,2.725,-83.6887053116607
27254.1666666667,2.72541666666667,-84.0393367392487
27258.3333333333,2.72583333333333,-84.4147937748663
27262.5,2.72625,-84.8173146743959
27266.6666666667,2.72666666666667,-85.2495245861443
27270.8333333333,2.72708333333333,-85.7145276067754
27275,2.7275,-86.2160281815984
27279.1666666667,2.72791666666667,-86.7584938304372
27283.3333333333,2.72833333333333,-87.3473773137889
27287.5,2.72875,-87.9894263215374
27291.6666666667,2.72916666666667,-88.6931256385615
27295.8333333333,2.72958333333333,-89.4693461565053
27300,2.73,-90.3323289470089
27304.1666666667,2.73041666666667,-91.3012360730368
27308.3333333333,2.73083333333333,-92.4027114234872
27312.5,2.73125,-93.6753607352836
27316.6666666667,2.73166666666667,-95.1781862487895
27320.8333333333,2.73208333333333,-97.008081810639
27325,2.7325,-99.3413518995935
27329.1666666667,2.73291666666667,-102.554440038722
27333.3333333333,2.73333333333333,-107.725520360876
27337.5,2.73375,-122.36169278231
27341.6666666667,2.73416666666667,-111.750725479178
27345.8333333333,2.73458333333333,-104.541530959349
27350,2.735,-100.664134434906
27354.1666666667,2.73541666666667,-98.0006469065299
27358.3333333333,2.73583333333333,-95.9732768661416
27362.5,2.73625,-94.3391645013475
27366.6666666667,2.73666666666667,-92.9729944964657
27370.8333333333,2.73708333333333,-91.8015806792001
27375,2.7375,-90.7784460504516
27379.1666666667,2.73791666666667,-89.8722271873196
27383.3333333333,2.73833333333333,-89.060759945986
27387.5,2.73875,-88.3278023454314
27391.6666666667,2.73916666666667,-87.6610983793692
27395.8333333333,2.73958333333333,-87.0511738648065
27400,2.74,-86.4905554413065
27404.1666666667,2.74041666666667,-85.9732459447262
27408.3333333333,2.74083333333333,-85.4943613677783
27412.5,2.74125,-85.0498731428535
27416.6666666667,2.74166666666667,-84.6364210902086
27420.8333333333,2.74208333333333,-84.25117499192
27425,2.7425,-83.8917303773616
27429.1666666667,2.74291666666667,-83.5560288617245
27433.3333333333,2.74333333333333,-83.2422964101344
27437.5,2.74375,-82.9489949083385
27441.6666666667,2.74416666666667,-82.6747837428108
27445.8333333333,2.74458333333333,-82.4184890237839
27450,2.745,-82.1790786949097
27454.1666666667,2.74541666666667,-81.9556422453561
27458.3333333333,2.74583333333333,-81.7473740455877
27462.5,2.74625,-81.5535595674625
27466.6666666667,2.74666666666667,-81.373563920403
27470.8333333333,2.74708333333333,-81.2068222626047
27475,2.7475,-81.0528317419875
27479.1666666667,2.74791666666667,-80.9111446951514
27483.3333333333,2.74833333333333,-80.7813628906914
27487.5,2.74875,-80.6631326398247
27491.6666666667,2.74916666666667,-80.5561406416353
27495.8333333333,2.74958333333333,-80.460110446474
27500,2.75,-80.3747994482903
27504.1666666667,2.75041666666667,-80.2999963351658
27508.3333333333,2.75083333333333,-80.2355189317877
27512.5,2.75125,-80.1812123925803
27516.6666666667,2.75166666666667,-80.1369476995469
27520.8333333333,2.75208333333333,-80.1026204384064
27525,2.7525,-80.0781498230545
27529.1666666667,2.75291666666667,-80.0634779523119
27533.3333333333,2.75333333333333,-80.0585692822851
27537.5,2.75375,-80.0634103052415
27541.6666666667,2.75416666666667,-80.078009427675
27545.8333333333,2.75458333333333,-80.1023970459661
27550,2.755,-80.1366258212907
27554.1666666667,2.75541666666667,-80.1807711576501
27558.3333333333,2.75583333333333,-80.2349318950956
27562.5,2.75625,-80.2992312282264
27566.6666666667,2.75666666666667,-80.3738178715026
27570.8333333333,2.75708333333333,-80.4588674924456
27575,2.7575,-80.554584446354
27579.1666666667,2.75791666666667,-80.6612038472091
27583.3333333333,2.75833333333333,-80.7789940209474
27587.5,2.75875,-80.9082594009903
27591.6666666667,2.75916666666667,-81.0493439335374
27595.8333333333,2.75958333333333,-81.2026350813989
27600,2.76,-81.3685685284534
27604.1666666667,2.76041666666667,-81.5476337219741
27608.3333333333,2.76083333333333,-81.7403804137419
27612.5,2.76125,-81.9474264038915
27616.6666666667,2.76166666666667,-82.1694667459851
27620.8333333333,2.76208333333333,-82.4072847386075
27625,2.7625,-82.6617651220547
27629.1666666667,2.76291666666667,-82.9339100120336
27633.3333333333,2.76333333333333,-83.2248582680952
27637.5,2.76375,-83.5359092095285
27641.6666666667,2.76416666666667,-83.8685518883638
27645.8333333333,2.76458333333333,-84.2245015433484
27650,2.765,-84.6057454497861
27654.1666666667,2.76541666666667,-85.014601200597
27658.3333333333,2.76583333333333,-85.4537916945983
27662.5,2.76625,-85.926542910803
27666.6666666667,2.76666666666667,-86.436713296435
27670.8333333333,2.76708333333333,-86.9889678828362
27675,2.7675,-87.5890170378596
27679.1666666667,2.76791666666667,-88.2439509718076
27683.3333333333,2.76833333333333,-88.9627201044174
27687.5,2.76875,-89.7568449443826
27691.6666666667,2.76916666666667,-90.6415011001294
27695.8333333333,2.76958333333333,-91.63724567635
27700,2.77,-92.7729017847191
27704.1666666667,2.77041666666667,-94.0906799501498
27708.3333333333,2.77083333333333,-95.6560068551955
27712.5,2.77125,-97.5784487636338
27716.6666666667,2.77166666666667,-100.063270952876
27720.8333333333,2.77208333333333,-103.570764374168
27725,2.7725,-109.565772057505
27729.1666666667,2.77291666666667,-155.567813289849
27733.3333333333,2.77333333333333,-109.655388895982
27737.5,2.77375,-103.618780510247
27741.6666666667,2.77416666666667,-100.098846085235
27745.8333333333,2.77458333333333,-97.6088726826449
27750,2.775,-95.6841954307278
27754.1666666667,2.77541666666667,-94.1180910732178
27758.3333333333,2.77583333333333,-92.8003684888685
27762.5,2.77625,-91.6652885622813
27766.6666666667,2.77666666666667,-90.6704671874161
27770.8333333333,2.77708333333333,-89.7869770982391
27775,2.7775,-88.9941949017855
27779.1666666667,2.77791666666667,-88.2769007953161
27783.3333333333,2.77833333333333,-87.6235436665194
27787.5,2.77875,-87.0251512332993
27791.6666666667,2.77916666666667,-86.4746172444854
27795.8333333333,2.77958333333333,-85.9662193002646
27800,2.78,-85.4952831624653
27804.1666666667,2.78041666666667,-85.0579432182538
27808.3333333333,2.78083333333333,-84.6509678270418
27812.5,2.78125,-84.2716295564189
27816.6666666667,2.78166666666667,-83.9176071385569
27820.8333333333,2.78208333333333,-83.5869102880218
27825,2.7825,-83.2778212734405
27829.1666666667,2.78291666666667,-82.9888489612027
27833.3333333333,2.78333333333333,-82.7186922785913
27837.5,2.78375,-82.4662108774029
27841.6666666667,2.78416666666667,-82.2304013695535
27845.8333333333,2.78458333333333,-82.0103779185772
27850,2.785,-81.8053562742412
27854.1666666667,2.78541666666667,-81.6146405545346
27858.3333333333,2.78583333333333,-81.4376122315429
27862.5,2.78625,-81.2737209102569
27866.6666666667,2.78666666666667,-81.1224765717743
27870.8333333333,2.78708333333333,-80.9834430210497
27875,2.7875,-80.8562323371269
27879.1666666667,2.78791666666667,-80.7405001575316
27883.3333333333,2.78833333333333,-80.6359416708522
27887.5,2.78875,-80.5422882038625
27891.6666666667,2.78916666666667,-80.459304324141
27895.8333333333,2.78958333333333,-80.3867853792113
27900,2.79,-80.3245554235822
27904.1666666667,2.79041666666667,-80.272465481819
27908.3333333333,2.79083333333333,-80.2303921107426
27912.5,2.79125,-80.1982362334854
27916.6666666667,2.79166666666667,-80.1759222157016
27920.8333333333,2.79208333333333,-80.1633971735667
27925,2.7925,-80.1606304908499
27929.1666666667,2.79291666666667,-80.1676135440171
27933.3333333333,2.79333333333333,-80.1843596236693
27937.5,2.79375,-80.2109040547548
27941.6666666667,2.79416666666667,-80.2473045149543
27945.8333333333,2.79458333333333,-80.2936415613202
27950,2.795,-80.3500193718085
27954.1666666667,2.79541666666667,-80.4165667154486
27958.3333333333,2.79583333333333,-80.4934381775249
27962.5,2.79625,-80.5808156558214
27966.6666666667,2.79666666666667,-80.6789101671539
27970.8333333333,2.79708333333333,-80.7879639973148
27975,2.7975,-80.9082532508359
27979.1666666667,2.79791666666667,-81.0400908507262
27983.3333333333,2.79833333333333,-81.1838300704706
27987.5,2.79875,-81.3398686826279
27991.6666666667,2.79916666666667,-81.5086538396084
27995.8333333333,2.79958333333333,-81.6906878217436
28000,2.8,-81.8865348267183
28004.1666666667,2.80041666666667,-82.0968290156999
28008.3333333333,2.80083333333333,-82.3222840845675
28012.5,2.80125,-82.5637047077765
28016.6666666667,2.80166666666667,-82.8220002938974
28020.8333333333,2.80208333333333,-83.0982016171235
28025,2.8025,-83.3934810675286
28029.1666666667,2.80291666666667,-83.7091774864017
28033.3333333333,2.80333333333333,-84.0468268833586
28037.5,2.80375,-84.4082007672307
28041.6666666667,2.80416666666667,-84.7953544656262
28045.8333333333,2.80458333333333,-85.2106887069334
28050,2.805,-85.6570290837252
28054.1666666667,2.80541666666667,-86.1377299822275
28058.3333333333,2.80583333333333,-86.656812613982
28062.5,2.80625,-87.2191514995136
28066.6666666667,2.80666666666667,-87.8307313532016
28070.8333333333,2.80708333333333,-88.4990088656311
28075,2.8075,-89.2334353672585
28079.1666666667,2.80791666666667,-90.046234670193
28083.3333333333,2.80833333333333,-90.9536018973583
28087.5,2.80875,-91.9776302438892
28091.6666666667,2.80916666666667,-93.1495703180777
28095.8333333333,2.80958333333333,-94.5157082071987
28100,2.81,-96.1488793303435
28104.1666666667,2.81041666666667,-98.1736768290525
28108.3333333333,2.81083333333333,-100.831198255561
28112.5,2.81125,-104.693506669912
28116.6666666667,2.81166666666667,-111.843282674208
28120.8333333333,2.81208333333333,-122.947691387055
28125,2.8125,-108.001315215941
28129.1666666667,2.81291666666667,-102.801084634224
28133.3333333333,2.81333333333333,-99.5782652209471
28137.5,2.81375,-97.2408867047312
28141.6666666667,2.81416666666667,-95.4092757088891
28145.8333333333,2.81458333333333,-93.9059740640087
28150,2.815,-92.6335731518152
28154.1666666667,2.81541666666667,-91.5328063686484
28158.3333333333,2.81583333333333,-90.5649182646243
28162.5,2.81625,-89.7031738119266
28166.6666666667,2.81666666666667,-88.9283522872361
28170.8333333333,2.81708333333333,-88.226173152821
28175,2.8175,-87.5857379824694
28179.1666666667,2.81791666666667,-86.9985421981759
28183.3333333333,2.81833333333333,-86.4578235093447
28187.5,2.81875,-85.9581181556409
28191.6666666667,2.81916666666667,-85.494950164309
28195.8333333333,2.81958333333333,-85.0646084904885
28200,2.82,-84.6639838052366
28204.1666666667,2.82041666666667,-84.2904467588976
28208.3333333333,2.82083333333333,-83.9417556835369
28212.5,2.82125,-83.6159855962718
28216.6666666667,2.82166666666667,-83.3114728699335
28220.8333333333,2.82208333333333,-83.0267716068893
28225,2.8225,-82.7606188756711
28229.1666666667,2.82291666666667,-82.5119067376193
28233.3333333333,2.82333333333333,-82.2796595484885
28237.5,2.82375,-82.0630153865071
28241.6666666667,2.82416666666667,-81.8612107567129
28245.8333333333,2.82458333333333,-81.6735678993295
28250,2.825,-81.499484214171
28254.1666666667,2.82541666666667,-81.3384233873607
28258.3333333333,2.82583333333333,-81.1899079252561
28262.5,2.82625,-81.0535128403071
28266.6666666667,2.82666666666667,-80.9288603013577
28270.8333333333,2.82708333333333,-80.8156150861683
28275,2.8275,-80.7134807136079
28279.1666666667,2.82791666666667,-80.6221961547506
28283.3333333333,2.82833333333333,-80.5415330363092
28287.5,2.82875,-80.4712932722906
28291.6666666667,2.82916666666667,-80.4113070683245
28295.8333333333,2.82958333333333,-80.3614312551576
28300,2.83,-80.3215479140089
28304.1666666667,2.83041666666667,-80.2915632657774
28308.3333333333,2.83083333333333,-80.2714068011214
28312.5,2.83125,-80.2610306352746
28316.6666666667,2.83166666666667,-80.2604090733559
28320.8333333333,2.83208333333333,-80.2695383777437
28325,2.8325,-80.2884367353711
28329.1666666667,2.83291666666667,-80.3171444212516
28333.3333333333,2.83333333333333,-80.3557241632882
28337.5,2.83375,-80.4042617150156
28341.6666666667,2.83416666666667,-80.4628666455404
28345.8333333333,2.83458333333333,-80.5316733680008
28350,2.835,-80.6108424198849
28354.1666666667,2.83541666666667,-80.7005620267719
28358.3333333333,2.83583333333333,-80.8010499812715
28362.5,2.83625,-80.9125558779195
28366.6666666667,2.83666666666667,-81.0353637584393
28370.8333333333,2.83708333333333,-81.1697952209024
28375,2.8375,-81.3162130842153
28379.1666666667,2.83791666666667,-81.4750256865617
28383.3333333333,2.83833333333333,-81.646691948237
28387.5,2.83875,-81.8317273348122
28391.6666666667,2.83916666666667,-82.0307109086297
28395.8333333333,2.83958333333333,-82.2442936862979
28400,2.84,-82.4732085974953
28404.1666666667,2.84041666666667,-82.7182824025869
28408.3333333333,2.84083333333333,-82.9804500331267
28412.5,2.84125,-83.2607719621287
28416.6666666667,2.84166666666667,-83.5604553817706
28420.8333333333,2.84208333333333,-83.8808802286141
28425,2.8425,-84.2236314255397
28429.1666666667,2.84291666666667,-84.5905392135955
28433.3333333333,2.84333333333333,-84.9837301043139
28437.5,2.84375,-85.4056919967233
28441.6666666667,2.84416666666667,-85.8593584378628
28445.8333333333,2.84458333333333,-86.3482191963016
28450,2.845,-86.876467646193
28454.1666666667,2.84541666666667,-87.449200711646
28458.3333333333,2.84583333333333,-88.0726955890103
28462.5,2.84625,-88.7548015588405
28466.6666666667,2.84666666666667,-89.505509575637
28470.8333333333,2.84708333333333,-90.3378061526914
28475,2.8475,-91.2690008691182
28479.1666666667,2.84791666666667,-92.3228825056998
28483.3333333333,2.84833333333333,-93.5334141593874
28487.5,2.84875,-94.9515084587449
28491.6666666667,2.84916666666667,-96.6585920954289
28495.8333333333,2.84958333333333,-98.7972213184993
28500,2.85,-101.653410782898
28504.1666666667,2.85041666666667,-105.952124563471
28508.3333333333,2.85083333333333,-114.857916092713
28512.5,2.85125,-116.91991707709
28516.6666666667,2.85166666666667,-106.63883469381
28520.8333333333,2.85208333333333,-102.067975504326
28525,2.8525,-99.0961772726736
28529.1666666667,2.85291666666667,-96.8940752464742
28533.3333333333,2.85333333333333,-95.1472099182531
28537.5,2.85375,-93.7020884962019
28541.6666666667,2.85416666666667,-92.4721813557446
28545.8333333333,2.85458333333333,-91.4038744916565
28550,2.855,-90.461640873896
28554.1666666667,2.85541666666667,-89.6207235357294
28558.3333333333,2.85583333333333,-88.863181424028
28562.5,2.85625,-88.1755985651756
28566.6666666667,2.85666666666667,-87.5476817365349
28570.8333333333,2.85708333333333,-86.971362714779
28575,2.8575,-86.4402018056647
28579.1666666667,2.85791666666667,-85.9489789245958
28583.3333333333,2.85833333333333,-85.493405630119
28587.5,2.85875,-85.069917588507
28591.6666666667,2.85916666666667,-84.6755219262185
28595.8333333333,2.85958333333333,-84.30768293896
28600,2.86,-83.9642351464718
28604.1666666667,2.86041666666667,-83.6433162134038
28608.3333333333,2.86083333333333,-83.3433145244381
28612.5,2.86125,-83.0628277548681
28616.6666666667,2.86166666666667,-82.8006297740095
28620.8333333333,2.86208333333333,-82.5556439694988
28625,2.8625,-82.3269215550544
28629.1666666667,2.86291666666667,-82.1136237963337
28633.3333333333,2.86333333333333,-81.9150073476337
28637.5,2.86375,-81.7304120719842
28641.6666666667,2.86416666666667,-81.5592508750349
28645.8333333333,2.86458333333333,-81.4010011715502
28650,2.865,-81.2551976955309
28654.1666666667,2.86541666666667,-81.1214264159268
28658.3333333333,2.86583333333333,-80.999319378028
28662.5,2.86625,-80.8885503185427
28666.6666666667,2.86666666666667,-80.7888309354182
28670.8333333333,2.86708333333333,-80.6999077135254
28675,2.8675,-80.6215592300205
28679.1666666667,2.86791666666667,-80.5535938744551
28683.3333333333,2.86833333333333,-80.4958479287287
28687.5,2.86875,-80.448183969838
28691.6666666667,2.86916666666667,-80.4104895539115
28695.8333333333,2.86958333333333,-80.3826761633354
28700,2.87,-80.3646783884463
28704.1666666667,2.87041666666667,-80.3564533286576
28708.3333333333,2.87083333333333,-80.3579802039572
28712.5,2.87125,-80.3692601683439
28716.6666666667,2.87166666666667,-80.3903163192066
28720.8333333333,2.87208333333333,-80.4211939062489
28725,2.8725,-80.4619607423381
28729.1666666667,2.87291666666667,-80.5127078224203
28733.3333333333,2.87333333333333,-80.5735501666536
28737.5,2.87375,-80.6446279014163
28741.6666666667,2.87416666666667,-80.7261076026604
28745.8333333333,2.87458333333333,-80.8181839251705
28750,2.875,-80.9210815572241
28754.1666666667,2.87541666666667,-81.0350575430722
28758.3333333333,2.87583333333333,-81.1604040256154
28762.5,2.87625,-81.2974514725538
28766.6666666667,2.87666666666667,-81.446572472258
28770.8333333333,2.87708333333333,-81.6081861947847
28775,2.8775,-81.7827636396456
28779.1666666667,2.87791666666667,-81.9708338258655
28783.3333333333,2.87833333333333,-82.1729911129313
28787.5,2.87875,-82.3899038900127
28791.6666666667,2.87916666666667,-82.622324938614
28795.8333333333,2.87958333333333,-82.8711038433667
28800,2.88,-83.1372019550064
28804.1666666667,2.88041666666667,-83.4217105346521
28808.3333333333,2.88083333333333,-83.7258729135636
28812.5,2.88125,-84.0511117744175
28816.6666666667,2.88166666666667,-84.3990630172508
28820.8333333333,2.88208333333333,-84.771618216049
28825,2.8825,-85.1709783836287
28829.1666666667,2.88291666666667,-85.5997228728239
28833.3333333333,2.88333333333333,-86.0608987959418
28837.5,2.88375,-86.5581387638192
28841.6666666667,2.88416666666667,-87.0958184073163
28845.8333333333,2.88458333333333,-87.679270991223
28850,2.885,-88.315085862226
28854.1666666667,2.88541666666667,-89.0115333891297
28858.3333333333,2.88583333333333,-89.7791867098338
28862.5,2.88625,-90.6318608929772
28866.6666666667,2.88666666666667,-91.5880863260382
28870.8333333333,2.88708333333333,-92.6735282900549
28875,2.8875,-93.9251908228363
28879.1666666667,2.88791666666667,-95.3992613876281
28883.3333333333,2.88833333333333,-97.1871890824004
28887.5,2.88875,-99.4531951707351
28891.6666666667,2.88916666666667,-102.540444725668
28895.8333333333,2.88958333333333,-107.389816880646
28900,2.89,-119.384473598399
28904.1666666667,2.89041666666667,-113.455295600166
28908.3333333333,2.89083333333333,-105.483226758884
28912.5,2.89125,-101.40435468828
28916.6666666667,2.89166666666667,-98.6475419775403
28920.8333333333,2.89208333333333,-96.5662131919021
28925,2.8925,-94.8968519161938
28929.1666666667,2.89291666666667,-93.5057867960064
28933.3333333333,2.89333333333333,-92.3158065050236
28937.5,2.89375,-91.2782557173851
28941.6666666667,2.89416666666667,-90.360489253004
28945.8333333333,2.89458333333333,-89.5395395123419
28950,2.895,-88.7986352612687
28954.1666666667,2.89541666666667,-88.1251576407302
28958.3333333333,2.89583333333333,-87.5093753639014
28962.5,2.89625,-86.9436277853647
28966.6666666667,2.89666666666667,-86.4217780647795
28970.8333333333,2.89708333333333,-85.9388358845574
28975,2.8975,-85.4906903171248
28979.1666666667,2.89791666666667,-85.0739163713644
28983.3333333333,2.89833333333333,-84.6856321146152
28987.5,2.89875,-84.3233912964585
28991.6666666667,2.89916666666667,-83.9851013949822
28995.8333333333,2.89958333333333,-83.6689601984237
29000,2.9,-83.3734061131971
29004.1666666667,2.90041666666667,-83.0970787966883
29008.3333333333,2.90083333333333,-82.8387876410204
29012.5,2.90125,-82.5974863211716
29016.6666666667,2.90166666666667,-82.3722520578816
29020.8333333333,2.90208333333333,-82.1622686050087
29025,2.9025,-81.9668121855608
29029.1666666667,2.90291666666667,-81.7852398004568
29033.3333333333,2.90333333333333,-81.6169794578473
29037.5,2.90375,-81.4615219598821
29041.6666666667,2.90416666666667,-81.3184139801979
29045.8333333333,2.90458333333333,-81.1872522006678
29050,2.905,-81.0676783386461
29054.1666666667,2.90541666666667,-80.9593749144714
29058.3333333333,2.90583333333333,-80.8620616572328
29062.5,2.90625,-80.7754924404574
29066.6666666667,2.90666666666667,-80.699452688216
29070.8333333333,2.90708333333333,-80.6337571769572
29075,2.9075,-80.5782481934505
29079.1666666667,2.90791666666667,-80.5327940016724
29083.3333333333,2.90833333333333,-80.4972875878307
29087.5,2.90875,-80.4716456624013
29091.6666666667,2.90916666666667,-80.4558078906953
29095.8333333333,2.90958333333333,-80.4497363439733
29100,2.91,-80.4534151541094
29104.1666666667,2.91041666666667,-80.4668503727643
29108.3333333333,2.91083333333333,-80.4900700245148
29112.5,2.91125,-80.5231243611642
29116.6666666667,2.91166666666667,-80.5660863162757
29120.8333333333,2.91208333333333,-80.619052176027
29125,2.9125,-80.6821424724897
29129.1666666667,2.91291666666667,-80.7555031201353
29133.3333333333,2.91333333333333,-80.8393068208245
29137.5,2.91375,-80.9337547639174
29141.6666666667,2.91416666666667,-81.0390786589587
29145.8333333333,2.91458333333333,-81.1555431459555
29150,2.915,-81.2834486393548
29154.1666666667,2.91541666666667,-81.423134676898
29158.3333333333,2.91583333333333,-81.5749838524846
29162.5,2.91625,-81.7394264416746
29166.6666666667,2.91666666666667,-81.9169458472527
29170.8333333333,2.91708333333333,-82.1080850233949
29175,2.9175,-82.3134540793845
29179.1666666667,2.91791666666667,-82.5337393158485
29183.3333333333,2.91833333333333,-82.7697140070219
29187.5,2.91875,-83.0222513380123
29191.6666666667,2.91916666666667,-83.2923400143269
29195.8333333333,2.91958333333333,-83.5811032266155
29200,2.92,-83.8898218488127
29204.1666666667,2.92041666666667,-84.2199630477081
29208.3333333333,2.92083333333333,-84.5732158753882
29212.5,2.92125,-84.9515359879098
29216.6666666667,2.92166666666667,-85.3572024179401
29220.8333333333,2.92208333333333,-85.7928905244595
29225,2.9225,-86.2617669678669
29229.1666666667,2.92291666666667,-86.7676151870113
29233.3333333333,2.92333333333333,-87.3150039257557
29237.5,2.92375,-87.9095178387053
29241.6666666667,2.92416666666667,-88.5580797901823
29245.8333333333,2.92458333333333,-89.2694123947363
29250,2.925,-90.0547178395886
29254.1666666667,2.92541666666667,-90.9287129244775
29258.3333333333,2.92583333333333,-91.9112682852532
29262.5,2.92625,-93.0301316151227
29266.6666666667,2.92666666666667,-94.3257280470719
29270.8333333333,2.92708333333333,-95.8602869996708
29275,2.9275,-97.7370258274288
29279.1666666667,2.92791666666667,-100.146554977075
29283.3333333333,2.92833333333333,-103.506015354551
29287.5,2.92875,-109.073714676401
29291.6666666667,2.92916666666667,-129.013879197047
29295.8333333333,2.92958333333333,-111.027900262408
29300,2.93,-104.481859062551
29304.1666666667,2.93041666666667,-100.798769063459
29308.3333333333,2.93083333333333,-98.2282165979686
29312.5,2.93125,-96.2553913596949
29316.6666666667,2.93166666666667,-94.657191970139
29320.8333333333,2.93208333333333,-93.3164883105202
29325,2.9325,-92.1640976220556
29329.1666666667,2.93291666666667,-91.1557327181076
29333.3333333333,2.93333333333333,-90.2613289444513
29337.5,2.93375,-89.4595412834664
29341.6666666667,2.93416666666667,-88.7346699752372
29345.8333333333,2.93458333333333,-88.0748322447001
29350,2.935,-87.4708192515662
29354.1666666667,2.93541666666667,-86.9153514676027
29358.3333333333,2.93583333333333,-86.4025766376689
29362.5,2.93625,-85.9277212804089
29366.6666666667,2.93666666666667,-85.4868426132298
29370.8333333333,2.93708333333333,-85.0766480741455
29375,2.9375,-84.6943614783861
29379.1666666667,2.93791666666667,-84.3376220681509
29383.3333333333,2.93833333333333,-84.0044072158567
29387.5,2.93875,-83.6929724374108
29391.6666666667,2.93916666666667,-83.4018042635967
29395.8333333333,2.93958333333333,-83.1295828150712
29400,2.94,-82.8751517845178
29404.1666666667,2.94041666666667,-82.6374941376348
29408.3333333333,2.94083333333333,-82.4157122883512
29412.5,2.94125,-82.2090118035232
29416.6666666667,2.94166666666667,-82.0166879161396
29420.8333333333,2.94208333333333,-81.8381143006975
29425,2.9425,-81.6727336749251
29429.1666666667,2.94291666666667,-81.5200499005941
29433.3333333333,2.94333333333333,-81.379621313372
29437.5,2.94375,-81.2510550734758
29441.6666666667,2.94416666666667,-81.1340023694671
29445.8333333333,2.94458333333333,-81.0281543382727
29450,2.945,-80.9332385961564
29454.1666666667,2.94541666666667,-80.8490162856795
29458.3333333333,2.94583333333333,-80.7752795757888
29462.5,2.94625,-80.7118495466141
29466.6666666667,2.94666666666667,-80.6585744205578
29470.8333333333,2.94708333333333,-80.6153280927828
29475,2.9475,-80.5820089358835
29479.1666666667,2.94791666666667,-80.5585388576495
29483.3333333333,2.94833333333333,-80.5448625767175
29487.5,2.94875,-80.54094712446
29491.6666666667,2.94916666666667,-80.5467815446906
29495.8333333333,2.94958333333333,-80.5623767953213
29500,2.95,-80.5877658466737
29504.1666666667,2.95041666666667,-80.6230039813962
29508.3333333333,2.95083333333333,-80.6681692946077
29512.5,2.95125,-80.7233634148736
29516.6666666667,2.95166666666667,-80.7887124485669
29520.8333333333,2.95208333333333,-80.8643681759429
29525,2.9525,-80.9505095185721
29529.1666666667,2.95291666666667,-81.0473443098892
29533.3333333333,2.95333333333333,-81.1551114095095
29537.5,2.95375,-81.2740832037515
29541.6666666667,2.95416666666667,-81.4045685582308
29545.8333333333,2.95458333333333,-81.5469162869445
29550,2.955,-81.7015192330872
29554.1666666667,2.95541666666667,-81.8688190644194
29558.3333333333,2.95583333333333,-82.0493119230148
29562.5,2.95625,-82.2435550948337
29566.6666666667,2.95666666666667,-82.4521749111961
29570.8333333333,2.95708333333333,-82.6758761437837
29575,2.9575,-82.9154532313811
29579.1666666667,2.95791666666667,-83.1718037664412
29583.3333333333,2.95833333333333,-83.4459447920153
29587.5,2.95875,-83.7390326251484
29591.6666666667,2.95916666666667,-84.0523871545322
29595.8333333333,2.95958333333333,-84.3875218615104
29600,2.96,-84.7461812467988
29604.1666666667,2.96041666666667,-85.1303879548622
29608.3333333333,2.96083333333333,-85.5425027654458
29612.5,2.96125,-85.9853018902715
29616.6666666667,2.96166666666667,-86.4620779253248
29620.8333333333,2.96208333333333,-86.9767736946958
29625,2.9625,-87.5341627340078
29629.1666666667,2.96291666666667,-88.1400973692799
29633.3333333333,2.96333333333333,-88.8018572235417
29637.5,2.96375,-89.5286512657073
29641.6666666667,2.96416666666667,-90.3323624517431
29645.8333333333,2.96458333333333,-91.2286908038283
29650,2.965,-92.238981733953
29654.1666666667,2.96541666666667,-93.393300517022
29658.3333333333,2.96583333333333,-94.7359353887714
29662.5,2.96625,-96.3360710098102
29666.6666666667,2.96666666666667,-98.3108413479798
29670.8333333333,2.96708333333333,-100.883356981307
29675,2.9675,-104.56845688612
29679.1666666667,2.96791666666667,-111.116712568496
29683.3333333333,2.96833333333333,-129.099630666688
29687.5,2.96875,-109.165362308146
29691.6666666667,2.96916666666667,-103.599793033244
29695.8333333333,2.96958333333333,-100.242327221791
29700,2.97,-97.834756014824
29704.1666666667,2.97041666666667,-95.9599600228628
29708.3333333333,2.97083333333333,-94.4273362244577
29712.5,2.97125,-93.1336705214666
29716.6666666667,2.97166666666667,-92.0167351433477
29720.8333333333,2.97208333333333,-91.0361058833211
29725,2.9725,-90.1640356090157
29729.1666666667,2.97291666666667,-89.3806540421113
29733.3333333333,2.97333333333333,-88.6712446246108
29737.5,2.97375,-88.0246053348618
29741.6666666667,2.97416666666667,-87.4320136820834
29745.8333333333,2.97458333333333,-86.8865468869034
29750,2.975,-86.3826203637441
29754.1666666667,2.97541666666667,-85.9156654215228
29758.3333333333,2.97583333333333,-85.4818986616936
29762.5,2.97625,-85.0781534551356
29766.6666666667,2.97666666666667,-84.7017544691532
29770.8333333333,2.97708333333333,-84.3504226939942
29775,2.9775,-84.0222024923215
29779.1666666667,2.97791666666667,-83.7154048256211
29783.3333333333,2.97833333333333,-83.4285625408415
29787.5,2.97875,-83.1603947754414
29791.6666666667,2.97916666666667,-82.909778349026
29795.8333333333,2.97958333333333,-82.6757245639267
29800,2.98,-82.4573602440837
29804.1666666667,2.98041666666667,-82.2539121216048
29808.3333333333,2.98083333333333,-82.0646939032514
29812.5,2.98125,-81.8890954855907
29816.6666666667,2.98166666666667,-81.7265739204135
29820.8333333333,2.98208333333333,-81.5766458105214
29825,2.9825,-81.438880885194
29829.1666666667,2.98291666666667,-81.3128965561002
29833.3333333333,2.98333333333333,-81.1983532913737
29837.5,2.98375,-81.0949506799992
29841.6666666667,2.98416666666667,-81.0024240876265
29845.8333333333,2.98458333333333,-80.9205418107979
29850,2.985,-80.8491026649016
29854.1666666667,2.98541666666667,-80.7879339529642
29858.3333333333,2.98583333333333,-80.7368897657413
29862.5,2.98625,-80.6958495777261
29866.6666666667,2.98666666666667,-80.6647171090487
29870.8333333333,2.98708333333333,-80.6434194312261
29875,2.9875,-80.6319062999995
29879.1666666667,2.98791666666667,-80.6301496974164
29883.3333333333,2.98833333333333,-80.6381435796428
29887.5,2.98875,-80.6559038219169
29891.6666666667,2.98916666666667,-80.6834683624143
29895.8333333333,2.98958333333333,-80.7208975451667
29900,2.99,-80.7682746694797
29904.1666666667,2.99041666666667,-80.8257067595649
29908.3333333333,2.99083333333333,-80.8933255642988
29912.5,2.99125,-80.9712888094444
29916.6666666667,2.99166666666667,-81.0597817322628
29920.8333333333,2.99208333333333,-81.1590189256333
29925,2.9925,-81.2692465311342
29929.1666666667,2.99291666666667,-81.3907448405152
29933.3333333333,2.99333333333333,-81.5238313542335
29937.5,2.99375,-81.6688643790392
29941.6666666667,2.99416666666667,-81.8262472593801
29945.8333333333,2.99458333333333,-81.9964333519195
29950,2.995,-82.1799318885173
29954.1666666667,2.99541666666667,-82.3773148994837
29958.3333333333,2.99583333333333,-82.5892254280224
29962.5,2.99625,-82.8163873012141
29966.6666666667,2.99666666666667,-83.0596168247908
29970.8333333333,2.99708333333333,-83.3198368438359
29975,2.9975,-83.5980937633911
29979.1666666667,2.99791666666667,-83.8955782831322
29983.3333333333,2.99833333333333,-84.2136508559679
29987.5,2.99875,-84.5538732053898
29991.6666666667,2.99916666666667,-84.9180477002579
29995.8333333333,2.99958333333333,-85.3082670532837
30000,3,-85.7269777482312
30004.1666666667,3.00041666666667,-86.1770620062834
30008.3333333333,3.00083333333333,-86.6619451808614
30012.5,3.00125,-87.1857386614387
30016.6666666667,3.00166666666667,-87.7534333605735
30020.8333333333,3.00208333333333,-88.3711669022976
30025,3.0025,-89.0466009854695
30029.1666666667,3.00291666666667,-89.7894683448032
30033.3333333333,3.00333333333333,-90.6123898809672
30037.5,3.00375,-91.5321398147629
30041.6666666667,3.00416666666667,-92.5716902977757
30045.8333333333,3.00458333333333,-93.7636937854363
30050,3.005,-95.1568180140042
30054.1666666667,3.00541666666667,-96.8282973681191
30058.3333333333,3.00583333333333,-98.9118514358413
30062.5,3.00625,-101.671117271877
30066.6666666667,3.00666666666667,-105.75308093333
30070.8333333333,3.00708333333333,-113.731763890604
30075,3.0075,-119.639622031473
30079.1666666667,3.00791666666667,-107.658440680005
30083.3333333333,3.00833333333333,-102.812652331473
30087.5,3.00875,-99.727990556013
30091.6666666667,3.00916666666667,-97.4642654198095
30095.8333333333,3.00958333333333,-95.6784844065733
30100,3.01,-94.2064898703107
30104.1666666667,3.01041666666667,-92.9568616403487
30108.3333333333,3.01083333333333,-91.8734273061532
30112.5,3.01125,-90.9191914319758
30116.6666666667,3.01166666666667,-90.0684940104695
30120.8333333333,3.01208333333333,-89.3028080677948
30125,3.0125,-88.6083208436783
30129.1666666667,3.01291666666667,-87.9744608166224
30133.3333333333,3.01333333333333,-87.3929587836684
30137.5,3.01375,-86.8572262601477
30141.6666666667,3.01416666666667,-86.3619306353856
30145.8333333333,3.01458333333333,-85.9026967796074
30150,3.015,-85.4758924765548
30154.1666666667,3.01541666666667,-85.0784709264038
30158.3333333333,3.01583333333333,-84.7078530292072
30162.5,3.01625,-84.3618379773156
30166.6666666667,3.01666666666667,-84.0385343665681
30170.8333333333,3.01708333333333,-83.7363064382823
30175,3.0175,-83.4537316284486
30179.1666666667,3.01791666666667,-83.1895667068408
30183.3333333333,3.01833333333333,-82.9427204996728
30187.5,3.01875,-82.7122317305776
30191.6666666667,3.01916666666667,-82.4972508789572
30195.8333333333,3.01958333333333,-82.2970252229754
30200,3.02,-82.1108864225327
30204.1666666667,3.02041666666667,-81.9382401634883
30208.3333333333,3.02083333333333,-81.7785574671547
30212.5,3.02125,-81.6313673715184
30216.6666666667,3.02166666666667,-81.4962507409592
30220.8333333333,3.02208333333333,-81.3728350175887
30225,3.0225,-81.2607897620178
30229.1666666667,3.02291666666667,-81.1598228603226
30233.3333333333,3.02333333333333,-81.0696772932557
30237.5,3.02375,-80.9901283973141
30241.6666666667,3.02416666666667,-80.9209815419132
30245.8333333333,3.02458333333333,-80.8620701750227
30250,3.025,-80.8132541926714
30254.1666666667,3.02541666666667,-80.7744185981051
30258.3333333333,3.02583333333333,-80.7454724188542
30262.5,3.02625,-80.7263478653385
30266.6666666667,3.02666666666667,-80.7169997124403
30270.8333333333,3.02708333333333,-80.7174048861462
30275,3.0275,-80.7275622585982
30279.1666666667,3.02791666666667,-80.7474926355795
30283.3333333333,3.02833333333333,-80.7772389453665
30287.5,3.02875,-80.8168666279406
30291.6666666667,3.02916666666667,-80.8664642320814
30295.8333333333,3.02958333333333,-80.9261442336731
30300,3.03,-80.9960440927666
30304.1666666667,3.03041666666667,-81.0763275671603
30308.3333333333,3.03083333333333,-81.1671863089763
30312.5,3.03125,-81.2688417874296
30316.6666666667,3.03166666666667,-81.3815475682629
30320.8333333333,3.03208333333333,-81.5055920108259
30325,3.0325,-81.6413014401232
30329.1666666667,3.03291666666667,-81.7890438802305
30333.3333333333,3.03333333333333,-81.9492334397583
30337.5,3.03375,-82.1223354730959
30341.6666666667,3.03416666666667,-82.3088726631367
30345.8333333333,3.03458333333333,-82.5094322164696
30350,3.035,-82.7246743984423
30354.1666666667,3.03541666666667,-82.9553427005241
30358.3333333333,3.03583333333333,-83.2022760265395
30362.5,3.03625,-83.4664233595245
30366.6666666667,3.03666666666667,-83.7488615408539
30370.8333333333,3.03708333333333,-84.0508169706908
30375,3.0375,-84.3736922938177
30379.1666666667,3.03791666666667,-84.7190995063978
30383.3333333333,3.03833333333333,-85.0889014038734
30387.5,3.03875,-85.4852640243115
30391.6666666667,3.03916666666667,-85.9107237579773
30395.8333333333,3.03958333333333,-86.3682743317203
30400,3.04,-86.8614811501406
30404.1666666667,3.04041666666667,-87.3946340237889
30408.3333333333,3.04083333333333,-87.9729548126856
30412.5,3.04125,-88.6028855573734
30416.6666666667,3.04166666666667,-89.2924976438089
30420.8333333333,3.04208333333333,-90.0520886724276
30425,3.0425,-90.8950808449785
30429.1666666667,3.04291666666667,-91.8394243958259
30433.3333333333,3.04333333333333,-92.9098904049665
30437.5,3.04375,-94.1420287830487
30441.6666666667,3.04416666666667,-95.5894932342885
30445.8333333333,3.04458333333333,-97.338888844868
30450,3.045,-99.5438716069191
30454.1666666667,3.04541666666667,-102.519331763892
30458.3333333333,3.04583333333333,-107.096261164819
30462.5,3.04625,-117.402237182335
30466.6666666667,3.04666666666667,-115.283093736349
30470.8333333333,3.04708333333333,-106.395897110111
30475,3.0475,-102.10275708579
30479.1666666667,3.04791666666667,-99.2500935737294
30483.3333333333,3.04833333333333,-97.1142898642466
30487.5,3.04875,-95.4097093201789
30491.6666666667,3.04916666666667,-93.9939432170859
30495.8333333333,3.04958333333333,-92.7856343308833
30500,3.05,-91.7339070361037
30504.1666666667,3.05041666666667,-90.8048197628727
30508.3333333333,3.05083333333333,-89.9745971038687
30512.5,3.05125,-89.2259382261498
30516.6666666667,3.05166666666667,-88.5458625797023
30520.8333333333,3.05208333333333,-87.924383415702
30525,3.0525,-87.353654505031
30529.1666666667,3.05291666666667,-86.8274009210889
30533.3333333333,3.05333333333333,-86.3405274613708
30537.5,3.05375,-85.8888420818568
30541.6666666667,3.05416666666667,-85.4688560617312
30545.8333333333,3.05458333333333,-85.077636686133
30550,3.055,-84.7126967291231
30554.1666666667,3.05541666666667,-84.3719102286206
30558.3333333333,3.05583333333333,-84.0534473971295
30562.5,3.05625,-83.7557236899561
30566.6666666667,3.05666666666667,-83.4773594886493
30570.8333333333,3.05708333333333,-83.2171478709832
30575,3.0575,-82.9740285946194
30579.1666666667,3.05791666666667,-82.7470669274157
30583.3333333333,3.05833333333333,-82.5354362823821
30587.5,3.05875,-82.3384038815159
30591.6666666667,3.05916666666667,-82.1553188403702
30595.8333333333,3.05958333333333,-81.9856022173873
30600,3.06,-81.8287386509306
30604.1666666667,3.06041666666667,-81.684269318142
30608.3333333333,3.06083333333333,-81.5517859665044
30612.5,3.06125,-81.430925857966
30616.6666666667,3.06166666666667,-81.3213674668955
30620.8333333333,3.06208333333333,-81.2228268201752
30625,3.0625,-81.1350543874225
30629.1666666667,3.06291666666667,-81.0578324368567
30633.3333333333,3.06333333333333,-80.9909728000221
30637.5,3.06375,-80.934314995699
30641.6666666667,3.06416666666667,-80.8877246650192
30645.8333333333,3.06458333333333,-80.8510922916002
30650,3.065,-80.8243321741356
30654.1666666667,3.06541666666667,-80.8073816377709
30658.3333333333,3.06583333333333,-80.8002004607865
30662.5,3.06625,-80.8027705096235
30666.6666666667,3.06666666666667,-80.8150955758899
30670.8333333333,3.06708333333333,-80.8372014132155
30675,3.0675,-80.8691359648781
30679.1666666667,3.06791666666667,-80.9109698030728
30683.3333333333,3.06833333333333,-80.9627967720233
30687.5,3.06875,-81.0247348606977
30691.6666666667,3.06916666666667,-81.0969273134404
30695.8333333333,3.06958333333333,-81.1795440052273
30700,3.07,-81.272783109405
30704.1666666667,3.07041666666667,-81.3768730945119
30708.3333333333,3.07083333333333,-81.4920750942511
30712.5,3.07125,-81.6186857042005
30716.6666666667,3.07166666666667,-81.7570402740713
30720.8333333333,3.07208333333333,-81.9075167762843
30725,3.0725,-82.0705403561225
30729.1666666667,3.07291666666667,-82.2465886849793
30733.3333333333,3.07333333333333,-82.4361982776938
30737.5,3.07375,-82.6399719613219
30741.6666666667,3.07416666666667,-82.8585877547134
30745.8333333333,3.07458333333333,-83.0928094533812
30750,3.075,-83.3434993211681
30754.1666666667,3.07541666666667,-83.6116334025451
30758.3333333333,3.07583333333333,-83.8983201035763
30762.5,3.07625,-84.2048229063757
30766.6666666667,3.07666666666667,-84.5325883621937
30770.8333333333,3.07708333333333,-84.8832808776712
30775,3.0775,-85.2588263785976
30779.1666666667,3.07791666666667,-85.6614676805072
30783.3333333333,3.07833333333333,-86.0938355468689
30787.5,3.07875,-86.5590410657227
30791.6666666667,3.07916666666667,-87.0607975054438
30795.8333333333,3.07958333333333,-87.6035836822118
30800,3.08,-88.1928670631093
30804.1666666667,3.08041666666667,-88.8354148561562
30808.3333333333,3.08083333333333,-89.5397383067421
30812.5,3.08125,-90.3167451178719
30816.6666666667,3.08166666666667,-91.1807291304457
30820.8333333333,3.08208333333333,-92.1509308452904
30825,3.0825,-93.2541160210196
30829.1666666667,3.08291666666667,-94.5290906188642
30833.3333333333,3.08333333333333,-96.0352104808848
30837.5,3.08375,-97.870058120933
30841.6666666667,3.08416666666667,-100.211481880734
30845.8333333333,3.08458333333333,-103.440249500293
30850,3.085,-108.653025037057
30854.1666666667,3.08541666666667,-123.710091435475
30858.3333333333,3.08583333333333,-112.438882394434
30862.5,3.08625,-105.311492175451
30866.6666666667,3.08666666666667,-101.456879045852
30870.8333333333,3.08708333333333,-98.8040098903025
30875,3.0875,-96.7827300991545
30879.1666666667,3.08791666666667,-95.1525307142434
30883.3333333333,3.08833333333333,-93.7890601339557
30887.5,3.08875,-92.6196003567133
30891.6666666667,3.08916666666667,-91.5979292499685
30895.8333333333,3.08958333333333,-90.692834016903
30900,3.09,-89.8822452453575
30904.1666666667,3.09041666666667,-89.149983532843
30908.3333333333,3.09083333333333,-88.4838358642178
30912.5,3.09125,-87.8743585784535
30916.6666666667,3.09166666666667,-87.3141005847273
30920.8333333333,3.09208333333333,-86.7970813475955
30925,3.0925,-86.3184295322365
30929.1666666667,3.09291666666667,-85.8741263994561
30933.3333333333,3.09333333333333,-85.4608195128687
30937.5,3.09375,-85.0756848356502
30941.6666666667,3.09416666666667,-84.716322899169
30945.8333333333,3.09458333333333,-84.3806794067758
30950,3.095,-84.0669837017534
30954.1666666667,3.09541666666667,-83.7737004867037
30958.3333333333,3.09583333333333,-83.4994915188035
30962.5,3.09625,-83.2431849179459
30966.6666666667,3.09666666666667,-83.0037503451198
30970.8333333333,3.09708333333333,-82.7802787684402
30975,3.0975,-82.5719658391827
30979.1666666667,3.09791666666667,-82.3780981475185
30983.3333333333,3.09833333333333,-82.1980417841548
30987.5,3.09875,-82.031232775128
30991.6666666667,3.09916666666667,-81.877169039919
30995.8333333333,3.09958333333333,-81.7354036056989
31000,3.1,-81.6055388624538
31004.1666666667,3.10041666666667,-81.4872216857661
31008.3333333333,3.10083333333333,-81.3801392893243
31012.5,3.10125,-81.2840156958553
31016.6666666667,3.10166666666667,-81.1986087365207
31020.8333333333,3.10208333333333,-81.1237075072302
31025,3.1025,-81.0591302162227
31029.1666666667,3.10291666666667,-81.0047223796077
31033.3333333333,3.10333333333333,-80.9603553262224
31037.5,3.10375,-80.925924973919
31041.6666666667,3.10416666666667,-80.9013508609001
31045.8333333333,3.10458333333333,-80.8865754022446
31050,3.105,-80.8815633676096
31054.1666666667,3.10541666666667,-80.8863015611585
31058.3333333333,3.10583333333333,-80.9007987037332
31062.5,3.10625,-80.9250855109132
31066.6666666667,3.10666666666667,-80.9592149706252
31070.8333333333,3.10708333333333,-81.0032628246341
31075,3.1075,-81.0573282638348
31079.1666666667,3.10791666666667,-81.1215348525072
31083.3333333333,3.10833333333333,-81.1960316955426
31087.5,3.10875,-81.2809948762744
31091.6666666667,3.10916666666667,-81.3766291964003
31095.8333333333,3.10958333333333,-81.4831702536743
31100,3.11,-81.6008868983922
31104.1666666667,3.11041666666667,-81.7300841379512
31108.3333333333,3.11083333333333,-81.8711065519343
31112.5,3.11125,-82.0243423021106
31116.6666666667,3.11166666666667,-82.1902278554076
31120.8333333333,3.11208333333333,-82.3692535315581
31125,3.1125,-82.5619700676571
31129.1666666667,3.11291666666667,-82.768996380447
31133.3333333333,3.11333333333333,-82.9910287968264
31137.5,3.11375,-83.2288520753564
31141.6666666667,3.11416666666667,-83.4833526420488
31145.8333333333,3.11458333333333,-83.7555345700685
31150,3.115,-84.0465390091719
31154.1666666667,3.11541666666667,-84.3576679779482
31158.3333333333,3.11583333333333,-84.6904137324481
31162.5,3.11625,-85.0464953491721
31166.6666666667,3.11666666666667,-85.4279047429695
31170.8333333333,3.11708333333333,-85.8369651650697
31175,3.1175,-86.2764065030237
31179.1666666667,3.11791666666667,-86.7494634563405
31183.3333333333,3.11833333333333,-87.2600055179491
31187.5,3.11875,-87.812711907447
31191.6666666667,3.11916666666667,-88.4133115419931
31195.8333333333,3.11958333333333,-89.068919352973
31200,3.12,-89.7885194652862
31204.1666666667,3.12041666666667,-90.5836795746028
31208.3333333333,3.12083333333333,-91.4696434290618
31212.5,3.12125,-92.4670703555944
31216.6666666667,3.12166666666667,-93.6049441019995
31220.8333333333,3.12208333333333,-94.9257429613686
31225,3.1225,-96.4953756848663
31229.1666666667,3.12291666666667,-98.424372999603
31233.3333333333,3.12333333333333,-100.920251725114
31237.5,3.12375,-104.450063603997
31241.6666666667,3.12416666666667,-110.51253056995
31245.8333333333,3.12458333333333,-150.015542110742
31250,3.125,-110.332279752917
31254.1666666667,3.12541666666667,-104.362581398301
31258.3333333333,3.12583333333333,-100.864864752565
31262.5,3.12625,-98.3859138558718
31266.6666666667,3.12666666666667,-96.4677775839581
31270.8333333333,3.12708333333333,-94.9059726232289
31275,3.1275,-93.5912683286719
31279.1666666667,3.12791666666667,-92.4584060028416
31283.3333333333,3.12833333333333,-91.4652685101002
31287.5,3.12875,-90.5830888108223
31291.6666666667,3.12916666666667,-89.7913454936638
31295.8333333333,3.12958333333333,-89.0748867632712
31300,3.13,-88.4222086037424
31304.1666666667,3.13041666666667,-87.8243723815609
31308.3333333333,3.13083333333333,-87.2742965368472
31312.5,3.13125,-86.7662771909995
31316.6666666667,3.13166666666667,-86.2956542830739
31320.8333333333,3.13208333333333,-85.858573233003
31325,3.1325,-85.4518111200463
31329.1666666667,3.13291666666667,-85.0726474950833
31333.3333333333,3.13333333333333,-84.7187667522366
31337.5,3.13375,-84.3881832486014
31341.6666666667,3.13416666666667,-84.0791830932871
31345.8333333333,3.13458333333333,-83.7902783645571
31350,3.135,-83.5201706950914
31354.1666666667,3.13541666666667,-83.2677220345593
31358.3333333333,3.13583333333333,-83.0319309634267
31362.5,3.13625,-82.8119133383902
31366.6666666667,3.13666666666667,-82.6068863844339
31370.8333333333,3.13708333333333,-82.4161555021253
31375,3.1375,-82.2391032955177
31379.1666666667,3.13791666666667,-82.0751803687907
31383.3333333333,3.13833333333333,-81.9238975938657
31387.5,3.13875,-81.7848195727652
31391.6666666667,3.13916666666667,-81.6575591033764
31395.8333333333,3.13958333333333,-81.541772477127
31400,3.14,-81.4371554774523
31404.1666666667,3.14041666666667,-81.3434399802458
31408.3333333333,3.14083333333333,-81.2603910596574
31412.5,3.14125,-81.1878045379764
31416.6666666667,3.14166666666667,-81.1255049148031
31420.8333333333,3.14208333333333,-81.0733436363343
31425,3.1425,-81.0311976628355
31429.1666666667,3.14291666666667,-80.9989683050551
31433.3333333333,3.14333333333333,-80.9765803081054
31437.5,3.14375,-80.9639811559661
31441.6666666667,3.14416666666667,-80.9611406000105
31445.8333333333,3.14458333333333,-80.9680503812767
31450,3.145,-80.9847241583564
31454.1666666667,3.14541666666667,-81.0111976310842
31458.3333333333,3.14583333333333,-81.0475288599714
31462.5,3.14625,-81.0937987981725
31466.6666666667,3.14666666666667,-81.1501120371754
31470.8333333333,3.14708333333333,-81.2165977807611
31475,3.1475,-81.2934110718108
31479.1666666667,3.14791666666667,-81.3807343004459
31483.3333333333,3.14833333333333,-81.4787790090961
31487.5,3.14875,-81.587788054338
31491.6666666667,3.14916666666667,-81.7080381597616
31495.8333333333,3.14958333333333,-81.8398429281568
31500,3.15,-81.9835563811249
31504.1666666667,3.15041666666667,-82.1395771215543
31508.3333333333,3.15083333333333,-82.3083532270589
31512.5,3.15125,-82.4903880152244
31516.6666666667,3.15166666666667,-82.6862468551583
31520.8333333333,3.15208333333333,-82.8965652361719
31525,3.1525,-83.1220583690209
31529.1666666667,3.15291666666667,-83.3635326714272
31533.3333333333,3.15333333333333,-83.6218995622979
31537.5,3.15375,-83.8981921577299
31541.6666666667,3.15416666666667,-84.1935855894042
31545.8333333333,3.15458333333333,-84.5094219371728
31550,3.155,-84.8472410592536
31554.1666666667,3.15541666666667,-85.20881908642
31558.3333333333,3.15583333333333,-85.5962169414062
31562.5,3.15625,-86.0118421982435
31566.6666666667,3.15666666666667,-86.4585289175872
31570.8333333333,3.15708333333333,-86.9396420926158
31575,3.1575,-87.4592164049452
31579.1666666667,3.15791666666667,-88.022143745121
31583.3333333333,3.15833333333333,-88.6344316281622
31587.5,3.15875,-89.3035672792034
31591.6666666667,3.15916666666667,-90.039043891505
31595.8333333333,3.15958333333333,-90.8531442592391
31600,3.16,-91.7621493676906
31604.1666666667,3.16041666666667,-92.7882824406788
31608.3333333333,3.16083333333333,-93.9630008962041
31612.5,3.16125,-95.3329408889536
31616.6666666667,3.16166666666667,-96.9715812568142
31620.8333333333,3.16208333333333,-99.0048406191937
31625,3.1625,-101.677053803955
31629.1666666667,3.16291666666667,-105.570823841623
31633.3333333333,3.16333333333333,-112.833900904001
31637.5,3.16375,-123.050515959895
31641.6666666667,3.16416666666667,-108.663547036922
31645.8333333333,3.16458333333333,-103.520094734613
31650,3.165,-100.318752850844
31654.1666666667,3.16541666666667,-97.9926067303336
31658.3333333333,3.16583333333333,-96.1678636168613
31662.5,3.16625,-94.6691683168153
31666.6666666667,3.16666666666667,-93.4000512083574
31670.8333333333,3.16708333333333,-92.3017281431447
31675,3.1675,-91.3357169822355
31679.1666666667,3.16791666666667,-90.4754491227249
31683.3333333333,3.16833333333333,-89.7018109803196
31687.5,3.16875,-89.0005941146373
31691.6666666667,3.16916666666667,-88.3609504074823
31695.8333333333,3.16958333333333,-87.7744114503958
31700,3.17,-87.2342416347416
31704.1666666667,3.17041666666667,-86.7349973081683
31708.3333333333,3.17083333333333,-86.2722179530765
31712.5,3.17125,-85.8422045926319
31716.6666666667,3.17166666666667,-85.4418574664019
31720.8333333333,3.17208333333333,-85.0685549110622
31725,3.1725,-84.7200615029783
31729.1666666667,3.17291666666667,-84.394457391821
31733.3333333333,3.17333333333333,-84.0900832091471
31737.5,3.17375,-83.8054966200065
31741.6666666667,3.17416666666667,-83.5394377022367
31745.8333333333,3.17458333333333,-83.2908010800353
31750,3.175,-83.0586133011395
31754.1666666667,3.17541666666667,-82.842014340494
31758.3333333333,3.17583333333333,-82.6402423471008
31762.5,3.17625,-82.4526210042883
31766.6666666667,3.17666666666667,-82.2785489779224
31770.8333333333,3.17708333333333,-82.1174910774894
31775,3.1775,-81.9689708104812
31779.1666666667,3.17791666666667,-81.8325640871188
31783.3333333333,3.17833333333333,-81.7078938870162
31787.5,3.17875,-81.5946257237355
31791.6666666667,3.17916666666667,-81.4924637891248
31795.8333333333,3.17958333333333,-81.4011476751523
31800,3.18,-81.3204495811967
31804.1666666667,3.18041666666667,-81.2501719601317
31808.3333333333,3.18083333333333,-81.1901455218514
31812.5,3.18125,-81.1402275756573
31816.6666666667,3.18166666666667,-81.1003006625666
31820.8333333333,3.18208333333333,-81.0702714445377
31825,3.1825,-81.050069842056
31829.1666666667,3.18291666666667,-81.039648393316
31833.3333333333,3.18333333333333,-81.0389818216935
31837.5,3.18375,-81.0480668078204
31841.6666666667,3.18416666666667,-81.066921959306
31845.8333333333,3.18458333333333,-81.0955879797645
31850,3.185,-81.1341280373114
31854.1666666667,3.18541666666667,-81.1826283404801
31858.3333333333,3.18583333333333,-81.2411989340148
31862.5,3.18625,-81.3099747307087
31866.6666666667,3.18666666666667,-81.3891167981578
31870.8333333333,3.18708333333333,-81.4788139272745
31875,3.1875,-81.5792845191764
31879.1666666667,3.18791666666667,-81.6907788273142
31883.3333333333,3.18833333333333,-81.8135816103548
31887.5,3.18875,-81.9480152541427
31891.6666666667,3.18916666666667,-82.0944434449182
31895.8333333333,3.18958333333333,-82.2532754850799
31900,3.19,-82.4249713692608
31904.1666666667,3.19041666666667,-82.6100477726005
31908.3333333333,3.19083333333333,-82.8090851180157
31912.5,3.19125,-83.022735973768
31916.6666666667,3.19166666666667,-83.2517350377488
31920.8333333333,3.19208333333333,-83.4969111064638
31925,3.1925,-83.7592014683771
31929.1666666667,3.19291666666667,-84.0396693397553
31933.3333333333,3.19333333333333,-84.3395251347661
31937.5,3.19375,-84.660152594955
31941.6666666667,3.19416666666667,-85.003141183383
31945.8333333333,3.19458333333333,-85.3703265949694
31950,3.195,-85.7638419632298
31954.1666666667,3.19541666666667,-86.1861833072313
31958.3333333333,3.19583333333333,-86.6402942448822
31962.5,3.19625,-87.1296771976672
31966.6666666667,3.19666666666667,-87.6585416566243
31970.8333333333,3.19708333333333,-88.2320054145554
31975,3.1975,-88.8563731699393
31979.1666666667,3.19791666666667,-89.5395312235873
31983.3333333333,3.19833333333333,-90.2915215728408
31987.5,3.19875,-91.1254031392076
31991.6666666667,3.19916666666667,-92.0585917814862
31995.8333333333,3.19958333333333,-93.1150388441237
32000,3.2,-94.3289692777413
32004.1666666667,3.20041666666667,-95.7517462912619
32008.3333333333,3.20083333333333,-97.4656433466869
32012.5,3.20125,-99.6150178415729
32016.6666666667,3.20166666666667,-102.490512105056
32020.8333333333,3.20208333333333,-106.833669077664
32025,3.2025,-115.94645888627
32029.1666666667,3.20291666666667,-117.296982738421
32033.3333333333,3.20333333333333,-107.284835834993
32037.5,3.20375,-102.7633281272
32041.6666666667,3.20416666666667,-99.8121868212215
32045.8333333333,3.20458333333333,-97.6213875459379
32050,3.205,-95.8816190945704
32054.1666666667,3.20541666666667,-94.441344768186
32058.3333333333,3.20583333333333,-93.214940949891
32062.5,3.20625,-92.1492708393984
32066.6666666667,3.20666666666667,-91.2090826432095
32070.8333333333,3.20708333333333,-90.3697893139883
32075,3.2075,-89.613560367327
32079.1666666667,3.20791666666667,-88.9270548936171
32083.3333333333,3.20833333333333,-88.3000324237538
32087.5,3.20875,-87.724462893543
32091.6666666667,3.20916666666667,-87.1939349035377
32095.8333333333,3.20958333333333,-86.7032497941608
32100,3.21,-86.2481356462371
32104.1666666667,3.21041666666667,-85.8250410811482
32108.3333333333,3.21083333333333,-85.4309835196921
32112.5,3.21125,-85.0634355565439
32116.6666666667,3.21166666666667,-84.7202384697703
32120.8333333333,3.21208333333333,-84.399535488703
32125,3.2125,-84.0997196253546
32129.1666666667,3.21291666666667,-83.8193924352069
32133.3333333333,3.21333333333333,-83.5573310701614
32137.5,3.21375,-83.3124617142872
32141.6666666667,3.21416666666667,-83.0838379838362
32145.8333333333,3.21458333333333,-82.8706232197031
32150,3.215,-82.6720758837323
32154.1666666667,3.21541666666667,-82.4875374196365
32158.3333333333,3.21583333333333,-82.3164221301547
32162.5,3.21625,-82.1582086654557
32166.6666666667,3.21666666666667,-82.0124328638047
32170.8333333333,3.21708333333333,-81.8786816858439
32175,3.2175,-81.7565880714562
32179.1666666667,3.21791666666667,-81.6458265738822
32183.3333333333,3.21833333333333,-81.5461096360445
32187.5,3.21875,-81.4571844301795
32191.6666666667,3.21916666666667,-81.3788301730987
32195.8333333333,3.21958333333333,-81.310855848888
32200,3.22,-81.2530983043078
32204.1666666667,3.22041666666667,-81.2054206483659
32208.3333333333,3.22083333333333,-81.1677109509956
32212.5,3.22125,-81.1398811877648
32216.6666666667,3.22166666666667,-81.1218664311225
32220.8333333333,3.22208333333333,-81.1136242531833
32225,3.2225,-81.115134342903
32229.1666666667,3.22291666666667,-81.1263983251703
32233.3333333333,3.22333333333333,-81.1474397698139
32237.5,3.22375,-81.1783044122811
32241.6666666667,3.22416666666667,-81.2190605588163
32245.8333333333,3.22458333333333,-81.2697997214219
32250,3.225,-81.3306374565082
32254.1666666667,3.22541666666667,-81.4017144568348
32258.3333333333,3.22583333333333,-81.4831978995876
32262.5,3.22625,-81.5752830807692
32266.6666666667,3.22666666666667,-81.6781953817323
32270.8333333333,3.22708333333333,-81.7921925959274
32275,3.2275,-81.9175676831689
32279.1666666667,3.22791666666667,-82.0546520097907
32283.3333333333,3.22833333333333,-82.203819153974
32287.5,3.22875,-82.3654893889298
32291.6666666667,3.22916666666667,-82.540134942171
32295.8333333333,3.22958333333333,-82.7282862186529
32300,3.23,-82.9305391402764
32304.1666666667,3.23041666666667,-83.1475638773382
32308.3333333333,3.23083333333333,-83.3801152450441
32312.5,3.23125,-83.6290451718742
32316.6666666667,3.23166666666667,-83.8953177266736
32320.8333333333,3.23208333333333,-84.1800273382965
32325,3.2325,-84.4844210652995
32329.1666666667,3.23291666666667,-84.8099259983996
32333.3333333333,3.23333333333333,-85.1581833109118
32337.5,3.23375,-85.531090917538
32341.6666666667,3.23416666666667,-85.9308575546507
32345.8333333333,3.23458333333333,-86.3600720610843
32350,3.235,-86.8217933543299
32354.1666666667,3.23541666666667,-87.3196689144509
32358.3333333333,3.23583333333333,-87.8580933842341
32362.5,3.23625,-88.4424247307907
32366.6666666667,3.23666666666667,-89.0792850160021
32370.8333333333,3.23708333333333,-89.7769888508264
32375,3.2375,-90.5461707542852
32379.1666666667,3.23791666666667,-91.4007334814291
32383.3333333333,3.23833333333333,-92.3593372326599
32387.5,3.23875,-93.4478479718191
32391.6666666667,3.23916666666667,-94.7035973242633
32395.8333333333,3.23958333333333,-96.1833464240296
32400,3.24,-97.9796486534207
32404.1666666667,3.24041666666667,-100.259158272385
32408.3333333333,3.24083333333333,-103.371660370591
32412.5,3.24125,-108.284650192314
32416.6666666667,3.24166666666667,-120.736363638647
32420.8333333333,3.24208333333333,-113.91108396313
32425,3.2425,-106.112257013051
32429.1666666667,3.24291666666667,-102.077015605743
32433.3333333333,3.24333333333333,-99.3400119612777
32437.5,3.24375,-97.2699554923967
32441.6666666667,3.24416666666667,-95.60784232423
32445.8333333333,3.24458333333333,-94.221809770402
32450,3.245,-93.0355126293171
32454.1666666667,3.24541666666667,-92.0007623880313
32458.3333333333,3.24583333333333,-91.0851877099128
32462.5,3.24625,-90.2659922404101
32466.6666666667,3.24666666666667,-89.5265173495285
32470.8333333333,3.24708333333333,-88.8542212491469
32475,3.2475,-88.2394272016392
32479.1666666667,3.24791666666667,-87.6745142491756
32483.3333333333,3.24833333333333,-87.1533751278243
32487.5,3.24875,-86.6710420110823
32491.6666666667,3.24916666666667,-86.2234213861225
32495.8333333333,3.24958333333333,-85.8071019582447
32500,3.25,-85.4192127155565
32504.1666666667,3.25041666666667,-85.0573162311556
32508.3333333333,3.25083333333333,-84.7193271847697
32512.5,3.25125,-84.403449313784
32516.6666666667,3.25166666666667,-84.1081259748874
32520.8333333333,3.25208333333333,-83.8320009892089
32525,3.2525,-83.5738872750043
32529.1666666667,3.25291666666667,-83.3327415167288
32533.3333333333,3.25333333333333,-83.1076435252955
32537.5,3.25375,-82.8977792932233
32541.6666666667,3.25416666666667,-82.7024269967298
32545.8333333333,3.25458333333333,-82.5209453500642
32550,3.255,-82.3527638712993
32554.1666666667,3.25541666666667,-82.1973747077032
32558.3333333333,3.25583333333333,-82.0543257290114
32562.5,3.25625,-81.9232146986031
32566.6666666667,3.25666666666667,-81.8036843060752
32570.8333333333,3.25708333333333,-81.6954179631522
32575,3.2575,-81.5981362105285
32579.1666666667,3.25791666666667,-81.5115936751831
32583.3333333333,3.25833333333333,-81.4355764799386
32587.5,3.25875,-81.3699000544737
32591.6666666667,3.25916666666667,-81.3144073041053
32595.8333333333,3.25958333333333,-81.2689670780934
32600,3.26,-81.2334729285271
32604.1666666667,3.26041666666667,-81.2078421083653
32608.3333333333,3.26083333333333,-81.192014816204
32612.5,3.26125,-81.185953644143
32616.6666666667,3.26166666666667,-81.1896432460285
32620.8333333333,3.26208333333333,-81.203090193283
32625,3.2625,-81.2263230364124
32629.1666666667,3.26291666666667,-81.2593925654397
32633.3333333333,3.26333333333333,-81.3023722674472
32637.5,3.26375,-81.3553590007969
32641.6666666667,3.26416666666667,-81.4184738987051
32645.8333333333,3.26458333333333,-81.4918635084699
32650,3.265,-81.5757012055342
32654.1666666667,3.26541666666667,-81.6701888986556
32658.3333333333,3.26583333333333,-81.7755590743159
32662.5,3.26625,-81.8920772136573
32666.6666666667,3.26666666666667,-82.0200446523347
32670.8333333333,3.26708333333333,-82.1598019389317
32675,3.2675,-82.3117327849261
32679.1666666667,3.26791666666667,-82.4762687096376
32683.3333333333,3.26833333333333,-82.6538945070142
32687.5,3.26875,-82.8451546971962
32691.6666666667,3.26916666666667,-83.0506611617728
32695.8333333333,3.26958333333333,-83.2711022204798
32700,3.27,-83.5072534581764
32704.1666666667,3.27041666666667,-83.7599907299057
32708.3333333333,3.27083333333333,-84.0303058334441
32712.5,3.27125,-84.319325577791
32716.6666666667,3.27166666666667,-84.6283350932878
32720.8333333333,3.27208333333333,-84.9588065995687
32725,3.2725,-85.3124351897119
32729.1666666667,3.27291666666667,-85.6911838179358
32733.3333333333,3.27333333333333,-86.0973404072627
32737.5,3.27375,-86.5335912816087
32741.6666666667,3.27416666666667,-87.0031167702678
32745.8333333333,3.27458333333333,-87.5097175911067
32750,3.275,-88.0579846539893
32754.1666666667,3.27541666666667,-88.6535315337417
32758.3333333333,3.27583333333333,-89.3033195602643
32762.5,3.27625,-90.0161236595831
32766.6666666667,3.27666666666667,-90.8032190339881
32770.8333333333,3.27708333333333,-91.6794275709266
32775,3.2775,-92.6647768774652
32779.1666666667,3.27791666666667,-93.7872600355568
32783.3333333333,3.27833333333333,-95.0877084663389
32787.5,3.27875,-96.6290765315668
32791.6666666667,3.27916666666667,-98.5160138556893
32795.8333333333,3.27958333333333,-100.942411512732
32800,3.28,-104.334941459346
32804.1666666667,3.28041666666667,-109.996119581189
32808.3333333333,3.28083333333333,-131.922548206528
32812.5,3.28125,-111.513500548648
32816.6666666667,3.28166666666667,-105.093604034642
32820.8333333333,3.28208333333333,-101.449579603363
32825,3.2825,-98.8979913466785
32829.1666666667,3.28291666666667,-96.936335100519
32833.3333333333,3.28333333333333,-95.3454730697803
32837.5,3.28375,-94.0099411676564
32841.6666666667,3.28416666666667,-92.8613791623399
32845.8333333333,3.28458333333333,-91.8559527663284
32850,3.285,-90.9638672539879
32854.1666666667,3.28541666666667,-90.1639485008218
32858.3333333333,3.28583333333333,-89.4406102159705
32862.5,3.28625,-88.7820479228949
32866.6666666667,3.28666666666667,-88.1791085639144
32870.8333333333,3.28708333333333,-87.6245534278749
32875,3.2875,-87.1125608275087
32879.1666666667,3.28791666666667,-86.6383806216443
32883.3333333333,3.28833333333333,-86.1980881700164
32887.5,3.28875,-85.7884052216754
32891.6666666667,3.28916666666667,-85.4065670418226
32895.8333333333,3.28958333333333,-85.0502221421561
32900,3.29,-84.7173554856455
32904.1666666667,3.29041666666667,-84.4062288632834
32908.3333333333,3.29083333333333,-84.1153340476219
32912.5,3.29125,-83.8433555690626
32916.6666666667,3.29166666666667,-83.5891408652524
32920.8333333333,3.29208333333333,-83.351676100132
32925,3.2925,-83.1300664459027
32929.1666666667,3.29291666666667,-82.9235198580935
32933.3333333333,3.29333333333333,-82.7313336567987
32937.5,3.29375,-82.5528833462179
32941.6666666667,3.29416666666667,-82.3876132631237
32945.8333333333,3.29458333333333,-82.2350287082728
32950,3.295,-82.0946893048117
32954.1666666667,3.29541666666667,-81.9662033725717
32958.3333333333,3.29583333333333,-81.8492231483495
32962.5,3.29625,-81.7434407291659
32966.6666666667,3.29666666666667,-81.6485846066831
32970.8333333333,3.29708333333333,-81.5644167386033
32975,3.2975,-81.4907300468997
32979.1666666667,3.29791666666667,-81.4273463231946
32983.3333333333,3.29833333333333,-81.374114457485
32987.5,3.29875,-81.3309089842362
32991.6666666667,3.29916666666667,-81.2976288887767
32995.8333333333,3.29958333333333,-81.2741966729573
33000,3.3,-81.2605576345262
33004.1666666667,3.30041666666667,-81.2566793782346
33008.3333333333,3.30083333333333,-81.2625515150746
33012.5,3.30125,-81.2781855753774
33016.6666666667,3.30166666666667,-81.3036151079126
33020.8333333333,3.30208333333333,-81.3388959861537
33025,3.3025,-81.3841069148108
33029.1666666667,3.30291666666667,-81.4393501555349
33033.3333333333,3.30333333333333,-81.5047524781489
33037.5,3.30375,-81.5804663629365
33041.6666666667,3.30416666666667,-81.6666714782321
33045.8333333333,3.30458333333333,-81.7635764559688
33050,3.305,-81.8714210190117
33054.1666666667,3.30541666666667,-81.9904784892684
33058.3333333333,3.30583333333333,-82.1210587587373
33062.5,3.30625,-82.2635117678293
33066.6666666667,3.30666666666667,-82.4182316090995
33070.8333333333,3.30708333333333,-82.5856613400406
33075,3.3075,-82.7662986600174
33079.1666666667,3.30791666666667,-82.960702608952
33083.3333333333,3.30833333333333,-83.1695015078885
33087.5,3.30875,-83.3934023950458
33091.6666666667,3.30916666666667,-83.6332023130794
33095.8333333333,3.30958333333333,-83.8898018569703
33100,3.31,-84.1642215626104
33104.1666666667,3.31041666666667,-84.4576218330746
33108.3333333333,3.31083333333333,-84.7713273772451
33112.5,3.31125,-85.1068574045746
33116.6666666667,3.31166666666667,-85.4659632815458
33120.8333333333,3.31208333333333,-85.8506759595182
33125,3.3125,-86.2633663676061
33129.1666666667,3.31291666666667,-86.7068232605371
33133.3333333333,3.31333333333333,-87.1843549214524
33137.5,3.31375,-87.6999240641907
33141.6666666667,3.31416666666667,-88.2583298336756
33145.8333333333,3.31458333333333,-88.8654581050598
33150,3.315,-89.5286333337859
33154.1666666667,3.31541666666667,-90.2571257984843
33158.3333333333,3.31583333333333,-91.0629045773413
33162.5,3.31625,-91.9617946143019
33166.6666666667,3.31666666666667,-92.9753296760058
33170.8333333333,3.31708333333333,-94.1338729709381
33175,3.3175,-95.4822134942417
33179.1666666667,3.31791666666667,-97.0904475867649
33183.3333333333,3.31833333333333,-99.0775620699593
33187.5,3.31875,-101.671098795423
33191.6666666667,3.31916666666667,-105.399784576598
33195.8333333333,3.31958333333333,-112.091618009379
33200,3.32,-127.922122148681
33204.1666666667,3.32041666666667,-109.661421369753
33208.3333333333,3.32083333333333,-104.19417338361
33212.5,3.32125,-100.87203261697
33216.6666666667,3.32166666666667,-98.4826009466561
33220.8333333333,3.32208333333333,-96.6188180625358
33225,3.3225,-95.0935713668952
33229.1666666667,3.32291666666667,-93.8051778183466
33233.3333333333,3.32333333333333,-92.6921870109064
33237.5,3.32375,-91.7146113883394
33241.6666666667,3.32416666666667,-90.8449679811216
33245.8333333333,3.32458333333333,-90.0635557241927
33250,3.325,-89.3557714613113
33254.1666666667,3.32541666666667,-88.7104920361681
33258.3333333333,3.32583333333333,-88.1190514971279
33262.5,3.32625,-87.5745686749194
33266.6666666667,3.32666666666667,-87.0714902775676
33270.8333333333,3.32708333333333,-86.6052716182855
33275,3.3275,-86.1721480169377
33279.1666666667,3.32791666666667,-85.7689676641926
33283.3333333333,3.32833333333333,-85.3930671109465
33287.5,3.32875,-85.0421769971647
33291.6666666667,3.32916666666667,-84.7143496039403
33295.8333333333,3.32958333333333,-84.4079024556394
33300,3.33,-84.1213738885554
33304.1666666667,3.33041666666667,-83.8534876690755
33308.3333333333,3.33083333333333,-83.603124552854
33312.5,3.33125,-83.369299211935
33316.6666666667,3.33166666666667,-83.1511413775708
33320.8333333333,3.33208333333333,-82.9478803048828
33325,3.3325,-82.7588319079764
33329.1666666667,3.33291666666667,-82.5833880204391
33333.3333333333,3.33333333333333,-82.4210074120866
33337.5,3.33375,-82.2712082122775
33341.6666666667,3.33416666666667,-82.1335615201867
33345.8333333333,3.33458333333333,-82.0076859797485
33350,3.335,-81.8932431790912
33354.1666666667,3.33541666666667,-81.7899337285953
33358.3333333333,3.33583333333333,-81.6974939338153
33362.5,3.33625,-81.6156929583532
33366.6666666667,3.33666666666667,-81.5443304292967
33370.8333333333,3.33708333333333,-81.4832344096702
33375,3.3375,-81.4322597108596
33379.1666666667,3.33791666666667,-81.3912864934175
33383.3333333333,3.33833333333333,-81.3602191382831
33387.5,3.33875,-81.3389853585874
33391.6666666667,3.33916666666667,-81.3275355370383
33395.8333333333,3.33958333333333,-81.3258422764861
33400,3.34,-81.3339001493723
33404.1666666667,3.34041666666667,-81.3517256530621
33408.3333333333,3.34083333333333,-81.3793573542746
33412.5,3.34125,-81.4168562427686
33416.6666666667,3.34166666666667,-81.4643062831875
33420.8333333333,3.34208333333333,-81.5218151931711
33425,3.3425,-81.5895154468175
33429.1666666667,3.34291666666667,-81.6675655398836
33433.3333333333,3.34333333333333,-81.7561515293944
33437.5,3.34375,-81.8554888865617
33441.6666666667,3.34416666666667,-81.9658247040878
33445.8333333333,3.34458333333333,-82.0874403082712
33450,3.345,-82.2206543294063
33454.1666666667,3.34541666666667,-82.3658263233595
33458.3333333333,3.34583333333333,-82.5233610153458
33462.5,3.34625,-82.6937133060103
33466.6666666667,3.34666666666667,-82.8773941528967
33470.8333333333,3.34708333333333,-83.0749775382288
33475,3.3475,-83.2871087173427
33479.1666666667,3.34791666666667,-83.5145140453806
33483.3333333333,3.34833333333333,-83.7580127312283
33487.5,3.34875,-84.0185309774529
33491.6666666667,3.34916666666667,-84.2971190965414
33495.8333333333,3.34958333333333,-84.5949723695196
33500,3.35,-84.9134566620422
33504.1666666667,3.35041666666667,-85.2541401401351
33508.3333333333,3.35083333333333,-85.6188329139045
33512.5,3.35125,-86.0096370774736
33516.6666666667,3.35166666666667,-86.4290106099588
33520.8333333333,3.35208333333333,-86.8798499717696
33525,3.3525,-87.3655983785839
33529.1666666667,3.35291666666667,-87.8903899438008
33533.3333333333,3.35333333333333,-88.4592449460971
33537.5,3.35375,-89.0783396416012
33541.6666666667,3.35416666666667,-89.7553876133361
33545.8333333333,3.35458333333333,-90.5001929393634
33550,3.355,-91.3254774355753
33554.1666666667,3.35541666666667,-92.2481628691327
33558.3333333333,3.35583333333333,-93.2914460751161
33562.5,3.35625,-94.4883393328141
33566.6666666667,3.35666666666667,-95.8881249598258
33570.8333333333,3.35708333333333,-97.5691806565448
33575,3.3575,-99.6676225531075
33579.1666666667,3.35791666666667,-102.453102937557
33583.3333333333,3.35833333333333,-106.593214238258
33587.5,3.35875,-114.809607581337
33591.6666666667,3.35916666666667,-119.599410835782
33595.8333333333,3.35958333333333,-108.155477860643
33600,3.36,-103.389724731318
33604.1666666667,3.36041666666667,-100.337259462771
33608.3333333333,3.36083333333333,-98.0908788023096
33612.5,3.36125,-96.3159174503438
33616.6666666667,3.36166666666667,-94.8513001835318
33620.8333333333,3.36208333333333,-93.6070119466694
33625,3.3625,-92.5276124309189
33629.1666666667,3.36291666666667,-91.5765251428512
33633.3333333333,3.36333333333333,-90.7283471478747
33637.5,3.36375,-89.9647179675726
33641.6666666667,3.36416666666667,-89.271937430399
33645.8333333333,3.36458333333333,-88.6395128918794
33650,3.365,-88.0592320545542
33654.1666666667,3.36541666666667,-87.5245485254361
33658.3333333333,3.36583333333333,-87.0301615047192
33662.5,3.36625,-86.571720354482
33666.6666666667,3.36666666666667,-86.1456120252784
33670.8333333333,3.36708333333333,-85.748804938498
33675,3.3675,-85.3787322372398
33679.1666666667,3.36791666666667,-85.0332030792912
33683.3333333333,3.36833333333333,-84.7103342540821
33687.5,3.36875,-84.4084968114963
33691.6666666667,3.36916666666667,-84.126273890303
33695.8333333333,3.36958333333333,-83.862427081756
33700,3.37,-83.6158693154594
33704.1666666667,3.37041666666667,-83.3856428343516
33708.3333333333,3.37083333333333,-83.170901160301
33712.5,3.37125,-82.9708942137714
33716.6666666667,3.37166666666667,-82.7849559677614
33720.8333333333,3.37208333333333,-82.6124941476957
33725,3.3725,-82.4529815778183
33729.1666666667,3.37291666666667,-82.3059489058112
33733.3333333333,3.37333333333333,-82.1709784391582
33737.5,3.37375,-82.0476989229142
33741.6666666667,3.37416666666667,-81.9357811008515
33745.8333333333,3.37458333333333,-81.8349339406846
33750,3.375,-81.7449014188882
33754.1666666667,3.37541666666667,-81.6654597937047
33758.3333333333,3.37583333333333,-81.5964152966306
33762.5,3.37625,-81.53760218547
33766.6666666667,3.37666666666667,-81.488881123967
33770.8333333333,3.37708333333333,-81.4501378486941
33775,3.3775,-81.421282094972
33779.1666666667,3.37791666666667,-81.4022467590318
33783.3333333333,3.37833333333333,-81.3929872907362
33787.5,3.37875,-81.3934812818568
33791.6666666667,3.37916666666667,-81.4037282693948
33795.8333333333,3.37958333333333,-81.423749730433
33800,3.38,-81.4535892735603
33804.1666666667,3.38041666666667,-81.4933130359
33808.3333333333,3.38083333333333,-81.5430102894025
33812.5,3.38125,-81.6027942612895
33816.6666666667,3.38166666666667,-81.6728032043314
33820.8333333333,3.38208333333333,-81.7532017104602
33825,3.3825,-81.8441823287297
33829.1666666667,3.38291666666667,-81.9459674882584
33833.3333333333,3.38333333333333,-82.0588117955562
33837.5,3.38375,-82.1830047413695
33841.6666666667,3.38416666666667,-82.3188738925936
33845.8333333333,3.38458333333333,-82.4667886437804
33850,3.385,-82.6271646230359
33854.1666666667,3.38541666666667,-82.8004688819288
33858.3333333333,3.38583333333333,-82.9872260086341
33862.5,3.38625,-83.1880253646644
33866.6666666667,3.38666666666667,-83.4035296575268
33870.8333333333,3.38708333333333,-83.6344851803821
33875,3.3875,-83.8817340508713
33879.1666666667,3.38791666666667,-84.1462289804462
33883.3333333333,3.38833333333333,-84.4290511531889
33887.5,3.38875,-84.731432072348
33891.6666666667,3.38916666666667,-85.0547804169381
33895.8333333333,3.38958333333333,-85.4007153858195
33900,3.39,-85.7711084382294
33904.1666666667,3.39041666666667,-86.1681361459725
33908.3333333333,3.39083333333333,-86.5943478267494
33912.5,3.39125,-87.052753270417
33916.6666666667,3.39166666666667,-87.5469380948973
33920.8333333333,3.39208333333333,-88.0812179057605
33925,3.3925,-88.6608480302018
33929.1666666667,3.39291666666667,-89.2923147285309
33933.3333333333,3.39333333333333,-89.9837490744921
33937.5,3.39375,-90.7455312338332
33941.6666666667,3.39416666666667,-91.5912010049364
33945.8333333333,3.39458333333333,-92.5388820281063
33950,3.395,-93.6136122065259
33954.1666666667,3.39541666666667,-94.851374382954
33958.3333333333,3.39583333333333,-96.3065744789553
33962.5,3.39625,-98.0672499349927
33966.6666666667,3.39666666666667,-100.290162641025
33970.8333333333,3.39708333333333,-103.298435028659
33975,3.3975,-107.954424821158
33979.1666666667,3.39791666666667,-118.71352044207
33983.3333333333,3.39833333333333,-115.475319557616
33987.5,3.39875,-106.88865843603
33991.6666666667,3.39916666666667,-102.662659020471
33995.8333333333,3.39958333333333,-99.8395319293277
34000,3.4,-97.7203120730057
34004.1666666667,3.40041666666667,-96.02633135044
34008.3333333333,3.40083333333333,-94.6179110496453
34012.5,3.40125,-93.4149826590786
34016.6666666667,3.40166666666667,-92.3673582355061
34020.8333333333,3.40208333333333,-91.4414966725823
34025,3.4025,-90.613871591626
34029.1666666667,3.40291666666667,-89.8673451584851
34033.3333333333,3.40333333333333,-89.1890479980999
34037.5,3.40375,-88.569071798555
34041.6666666667,3.40416666666667,-87.9996272597889
34045.8333333333,3.40458333333333,-87.4744817803812
34050,3.405,-86.9885722891046
34054.1666666667,3.40541666666667,-86.5377315716243
34058.3333333333,3.40583333333333,-86.1184904083468
34062.5,3.40625,-85.727931618276
34066.6666666667,3.40666666666667,-85.3635805014498
34070.8333333333,3.40708333333333,-85.0233213188647
34075,3.4075,-84.7053327094883
34079.1666666667,3.40791666666667,-84.4080371387391
34083.3333333333,3.40833333333333,-84.1300608796492
34087.5,3.40875,-83.8702019902666
34091.6666666667,3.40916666666667,-83.6274044832132
34095.8333333333,3.40958333333333,-83.4007372748544
34100,3.41,-83.1893769384881
34104.1666666667,3.41041666666667,-82.9925934457072
34108.3333333333,3.41083333333333,-82.8097383235675
34112.5,3.41125,-82.6402347552793
34116.6666666667,3.41166666666667,-82.4835692653907
34120.8333333333,3.41208333333333,-82.3392847134447
34125,3.4125,-82.2069743586931
34129.1666666667,3.41291666666667,-82.0862768296526
34133.3333333333,3.41333333333333,-81.9768718421707
34137.5,3.41375,-81.8784765626291
34141.6666666667,3.41416666666667,-81.7908425070397
34145.8333333333,3.41458333333333,-81.7137529170378
34150,3.415,-81.647020534219
34154.1666666667,3.41541666666667,-81.5904857342637
34158.3333333333,3.41583333333333,-81.5440149708346
34162.5,3.41625,-81.5074995070637
34166.6666666667,3.41666666666667,-81.4808543922748
34170.8333333333,3.41708333333333,-81.4640176843755
34175,3.4175,-81.4569498785142
34179.1666666667,3.41791666666667,-81.4596335553271
34183.3333333333,3.41833333333333,-81.4720732180773
34187.5,3.41875,-81.4942953383378
34191.6666666667,3.41916666666667,-81.5263485908432
34195.8333333333,3.41958333333333,-81.5683042986975
34200,3.42,-81.6202570845626
34204.1666666667,3.42041666666667,-81.6823257496416
34208.3333333333,3.42083333333333,-81.7546543937686
34212.5,3.42125,-81.8374137981112
34216.6666666667,3.42166666666667,-81.9308031068012
34220.8333333333,3.42208333333333,-82.0350518305372
34225,3.4225,-82.150422235575
34229.1666666667,3.42291666666667,-82.2772121493578
34233.3333333333,3.42333333333333,-82.415758276769
34237.5,3.42375,-82.5664400848904
34241.6666666667,3.42416666666667,-82.7296843817967
34245.8333333333,3.42458333333333,-82.9059706954614
34250,3.425,-83.0958376289284
34254.1666666667,3.42541666666667,-83.2998903727622
34258.3333333333,3.42583333333333,-83.5188096345802
34262.5,3.42625,-83.7533622841701
34266.6666666667,3.42666666666667,-84.0044141341147
34270.8333333333,3.42708333333333,-84.2729453398432
34275,3.4275,-84.5600691084506
34279.1666666667,3.42791666666667,-84.8670545693549
34283.3333333333,3.42833333333333,-85.1953549676187
34287.5,3.42875,-85.5466427112725
34291.6666666667,3.42916666666667,-85.9228533760377
34295.8333333333,3.42958333333333,-86.3262415307507
34300,3.43,-86.7594524042636
34304.1666666667,3.43041666666667,-87.2256151074865
34308.3333333333,3.43083333333333,-87.7284656503898
34312.5,3.43125,-88.2725119864204
34316.6666666667,3.43166666666667,-88.8632595233616
34320.8333333333,3.43208333333333,-89.5075258356643
34325,3.4325,-90.2138905012083
34329.1666666667,3.43291666666667,-90.99335633833
34333.3333333333,3.43333333333333,-91.8603536429815
34337.5,3.43375,-92.8343259188062
34341.6666666667,3.43416666666667,-93.9423547254587
34345.8333333333,3.43458333333333,-95.2237656025749
34350,3.435,-96.7388337702001
34354.1666666667,3.43541666666667,-98.5869371841861
34358.3333333333,3.43583333333333,-100.949965470223
34362.5,3.43625,-104.220083328413
34366.6666666667,3.43666666666667,-109.543418390197
34370.8333333333,3.43708333333333,-125.833471506055
34375,3.4375,-112.722824769371
34379.1666666667,3.43791666666667,-105.796829034189
34383.3333333333,3.43833333333333,-101.999796315953
34387.5,3.43875,-99.3741711211373
34391.6666666667,3.43916666666667,-97.3687510383421
34395.8333333333,3.43958333333333,-95.7489135818049
34400,3.44,-94.392732105133
34404.1666666667,3.44041666666667,-93.228670370465
34408.3333333333,3.44083333333333,-92.211150992119
34412.5,3.44125,-91.3093428452949
34416.6666666667,3.44166666666667,-90.5014168788113
34420.8333333333,3.44208333333333,-89.7713526027405
34425,3.4425,-89.1070462898929
34429.1666666667,3.44291666666667,-88.4991319073422
34433.3333333333,3.44333333333333,-87.9402150309344
34437.5,3.44375,-87.4243574706252
34441.6666666667,3.44416666666667,-86.9467201680168
34445.8333333333,3.44458333333333,-86.5033094300137
34450,3.445,-86.0907925470253
34454.1666666667,3.44541666666667,-85.7063612486493
34458.3333333333,3.44583333333333,-85.3476288126583
34462.5,3.44625,-85.0125513692983
34466.6666666667,3.44666666666667,-84.6993668758775
34470.8333333333,3.44708333333333,-84.4065472174045
34475,3.4475,-84.1327601951406
34479.1666666667,3.44791666666667,-83.8768390512439
34483.3333333333,3.44833333333333,-83.6377578251471
34487.5,3.44875,-83.4146112501994
34491.6666666667,3.44916666666667,-83.2065982428188
34495.8333333333,3.44958333333333,-83.0130082354927
34500,3.45,-82.8332098179801
34504.1666666667,3.45041666666667,-82.6666412182675
34508.3333333333,3.45083333333333,-82.5128023156347
34512.5,3.45125,-82.3712478868597
34516.6666666667,3.45166666666667,-82.2415818972666
34520.8333333333,3.45208333333333,-82.1234526451043
34525,3.4525,-82.0165486433222
34529.1666666667,3.45291666666667,-81.9205951017963
34533.3333333333,3.45333333333333,-81.8353509516172
34537.5,3.45375,-81.7606063070339
34541.6666666667,3.45416666666667,-81.6961803323292
34545.8333333333,3.45458333333333,-81.64191944473
34550,3.455,-81.5976958303153
34554.1666666667,3.45541666666667,-81.563406228582
34558.3333333333,3.45583333333333,-81.538970972143
34562.5,3.45625,-81.5243332509365
34566.6666666667,3.45666666666667,-81.5194585963583
34570.8333333333,3.45708333333333,-81.5243345704678
34575,3.4575,-81.5389706515786
34579.1666666667,3.45791666666667,-81.5633983231144
34583.3333333333,3.45833333333333,-81.5976713520576
34587.5,3.45875,-81.6418662867161
34591.6666666667,3.45916666666667,-81.6960831502267
34595.8333333333,3.45958333333333,-81.7604463802647
34600,3.46,-81.8351060011949
34604.1666666667,3.46041666666667,-81.920239073748
34608.3333333333,3.46083333333333,-82.0160514473575
34612.5,3.46125,-82.1227798446272
34616.6666666667,3.46166666666667,-82.2406943397638
34620.8333333333,3.46208333333333,-82.3701012791006
34625,3.4625,-82.5113467087221
34629.1666666667,3.46291666666667,-82.664820416347
34633.3333333333,3.46333333333333,-82.8309606742597
34637.5,3.46375,-83.0102598267551
34641.6666666667,3.46416666666667,-83.203270888315
34645.8333333333,3.46458333333333,-83.4106153554474
34650,3.465,-83.632992492988
34654.1666666667,3.46541666666667,-83.871190428919
34658.3333333333,3.46583333333333,-84.1260994767521
34662.5,3.46625,-84.3987282249884
34666.6666666667,3.46666666666667,-84.6902231029678
34670.8333333333,3.46708333333333,-85.001892350561
34675,3.4675,-85.3352356126846
34679.1666666667,3.46791666666667,-85.6919808120573
34683.3333333333,3.46833333333333,-86.0741305580949
34687.5,3.46875,-86.484021156462
34691.6666666667,3.46916666666667,-86.9243986018788
34695.8333333333,3.46958333333333,-87.3985177235971
34700,3.47,-87.9102734931237
34704.1666666667,3.47041666666667,-88.4643778846971
34708.3333333333,3.47083333333333,-89.0666026529516
34712.5,3.47125,-89.7241198513949
34716.6666666667,3.47166666666667,-90.4459915364951
34720.8333333333,3.47208333333333,-91.2438945534474
34725,3.4725,-92.133230463197
34729.1666666667,3.47291666666667,-93.1348955421026
34733.3333333333,3.47333333333333,-94.2782464165474
34737.5,3.47375,-95.6063839741693
34741.6666666667,3.47416666666667,-97.1863404387411
34745.8333333333,3.47458333333333,-99.1309014520075
34750,3.475,-101.652873929173
34754.1666666667,3.47541666666667,-105.235332299043
34758.3333333333,3.47583333333333,-111.458992289788
34762.5,3.47625,-137.784933191687
34766.6666666667,3.47666666666667,-110.660126977921
34770.8333333333,3.47708333333333,-104.838507075554
34775,3.4775,-101.391011505033
34779.1666666667,3.47791666666667,-98.9373065928264
34783.3333333333,3.47833333333333,-97.0343426969548
34787.5,3.47875,-95.4826500200939
34791.6666666667,3.47916666666667,-94.1751580824014
34795.8333333333,3.47958333333333,-93.0476920740373
34800,3.48,-92.0587385608865
34804.1666666667,3.48041666666667,-91.1798934130976
34808.3333333333,3.48083333333333,-90.3908665373962
34812.5,3.48125,-89.6766605375225
34816.6666666667,3.48166666666667,-89.0258784193528
34820.8333333333,3.48208333333333,-88.4296580724139
34825,3.4825,-87.8809741099174
34829.1666666667,3.48291666666667,-87.374164827031
34833.3333333333,3.48333333333333,-86.9046024467374
34837.5,3.48375,-86.4684575293397
34841.6666666667,3.48416666666667,-86.062527023653
34845.8333333333,3.48458333333333,-85.6841064040902
34850,3.485,-85.3308929714431
34854.1666666667,3.48541666666667,-85.0009116681186
34858.3333333333,3.48583333333333,-84.6924573648546
34862.5,3.48625,-84.4040494634997
34866.6666666667,3.48666666666667,-84.1343957663599
34870.8333333333,3.48708333333333,-83.8823634657477
34875,3.4875,-83.6469556258707
34879.1666666667,3.48791666666667,-83.4272919698398
34883.3333333333,3.48833333333333,-83.2225930736307
34887.5,3.48875,-83.0321672694118
34891.6666666667,3.48916666666667,-82.8553997299496
34895.8333333333,3.48958333333333,-82.6917433376591
34900,3.49,-82.5407109863846
34904.1666666667,3.49041666666667,-82.4018690901797
34908.3333333333,3.49083333333333,-82.2748320773111
34912.5,3.49125,-82.1592577169516
34916.6666666667,3.49166666666667,-82.0548431402682
34920.8333333333,3.49208333333333,-81.9613214606449
34925,3.4925,-81.8784588966045
34929.1666666667,3.49291666666667,-81.8060523338273
34933.3333333333,3.49333333333333,-81.7439272706461
34937.5,3.49375,-81.6919360970486
34941.6666666667,3.49416666666667,-81.6499566717622
34945.8333333333,3.49458333333333,-81.6178911678148
34950,3.495,-81.595665167226
34954.1666666667,3.49541666666667,-81.5832269702224
34958.3333333333,3.49583333333333,-81.5805471331249
34962.5,3.49625,-81.587618198719
34966.6666666667,3.49666666666667,-81.6044546281128
34970.8333333333,3.49708333333333,-81.631092934695
34975,3.4975,-81.6675920116259
34979.1666666667,3.49791666666667,-81.7140336670251
34983.3333333333,3.49833333333333,-81.7705233842697
34987.5,3.49875,-81.8371912975392
34991.6666666667,3.49916666666667,-81.9141934389473
34995.8333333333,3.49958333333333,-82.001713243503
35000,3.5,-82.099963378443
35004.1666666667,3.50041666666667,-82.209187912302
35008.3333333333,3.50083333333333,-82.3296648874181
35012.5,3.50125,-82.4617093482679
35016.6666666667,3.50166666666667,-82.605676902467
35020.8333333333,3.50208333333333,-82.7619679099707
35025,3.5025,-82.9310324052823
35029.1666666667,3.50291666666667,-83.1133759000691
35033.3333333333,3.50333333333333,-83.3095662344304
35037.5,3.50375,-83.520241703463
35041.6666666667,3.50416666666667,-83.7461207166252
35045.8333333333,3.50458333333333,-83.9880133630042
35050,3.505,-84.2468353074195
35054.1666666667,3.50541666666667,-84.5236246001114
35058.3333333333,3.50583333333333,-84.8195621560822
35062.5,3.50625,-85.1359968797294
35066.6666666667,3.50666666666667,-85.4744767478814
35070.8333333333,3.50708333333333,-85.8367876357334
35075,3.5075,-86.2250022643165
35079.1666666667,3.50791666666667,-86.6415426526322
35083.3333333333,3.50833333333333,-87.0892607257479
35087.5,3.50875,-87.5715438666342
35091.6666666667,3.50916666666667,-88.0924551910865
35095.8333333333,3.50958333333333,-88.6569232829084
35100,3.51,-89.2710038391057
35104.1666666667,3.51041666666667,-89.9422486521561
35108.3333333333,3.51083333333333,-90.680239493317
35112.5,3.51125,-91.4973840615367
35116.6666666667,3.51166666666667,-92.4101453544906
35120.8333333333,3.51208333333333,-93.441022561019
35125,3.5125,-94.6219126882321
35129.1666666667,3.51291666666667,-96.0001974715305
35133.3333333333,3.51333333333333,-97.6507297602304
35137.5,3.51375,-99.7022695237379
35141.6666666667,3.51416666666667,-102.406132753991
35145.8333333333,3.51458333333333,-106.367903330713
35150,3.515,-113.881671149642
35154.1666666667,3.51541666666667,-122.376560346695
35158.3333333333,3.51583333333333,-109.013487782866
35162.5,3.51625,-103.985312727995
35166.6666666667,3.51666666666667,-100.82835889439
35170.8333333333,3.51708333333333,-98.5257007894532
35175,3.5175,-96.7154788539646
35179.1666666667,3.51791666666667,-95.2266392037182
35183.3333333333,3.51833333333333,-93.9646418524794
35187.5,3.51875,-92.8716972371814
35191.6666666667,3.51916666666667,-91.9098879416657
35195.8333333333,3.51958333333333,-91.0529898270985
35200,3.52,-90.2821113694211
35204.1666666667,3.52041666666667,-89.5831937266854
35208.3333333333,3.52083333333333,-88.94549325329
35212.5,3.52125,-88.3606167148201
35216.6666666667,3.52166666666667,-87.821883987184
35220.8333333333,3.52208333333333,-87.3238932646662
35225,3.5225,-86.8622161959546
35229.1666666667,3.52291666666667,-86.4331789395516
35233.3333333333,3.52333333333333,-86.0337016670703
35237.5,3.52375,-85.6611787303466
35241.6666666667,3.52416666666667,-85.3133877254454
35245.8333333333,3.52458333333333,-84.9884194982204
35250,3.525,-84.6846235583608
35254.1666666667,3.52541666666667,-84.4005650023634
35258.3333333333,3.52583333333333,-84.1349901829712
35262.5,3.52625,-83.8867990597169
35266.6666666667,3.52666666666667,-83.6550227599006
35270.8333333333,3.52708333333333,-83.4388052054623
35275,3.5275,-83.237387978809
35279.1666666667,3.52791666666667,-83.0500977612893
35283.3333333333,3.52833333333333,-82.8763358592583
35287.5,3.52875,-82.7155694204697
35291.6666666667,3.52916666666667,-82.567324033883
35295.8333333333,3.52958333333333,-82.4311774754387
35300,3.53,-82.3067544066542
35304.1666666667,3.53041666666667,-82.1937218687781
35308.3333333333,3.53083333333333,-82.0917854467172
35312.5,3.53125,-82.0006860145537
35316.6666666667,3.53166666666667,-81.9201969594059
35320.8333333333,3.53208333333333,-81.850121837564
35325,3.5325,-81.7902924001228
35329.1666666667,3.53291666666667,-81.7405669399558
35333.3333333333,3.53333333333333,-81.7008289341017
35337.5,3.53375,-81.67098595006
35341.6666666667,3.53416666666667,-81.6509687826388
35345.8333333333,3.53458333333333,-81.640730828455
35350,3.535,-81.6402476554602
35354.1666666667,3.53541666666667,-81.6495167892933
35358.3333333333,3.53583333333333,-81.6685576858196
35362.5,3.53625,-81.6974119099426
35366.6666666667,3.53666666666667,-81.7361435099299
35370.8333333333,3.53708333333333,-81.7848396029716
35375,3.5375,-81.8436111815606
35379.1666666667,3.53791666666667,-81.9125941509891
35383.3333333333,3.53833333333333,-81.9919506300386
35387.5,3.53875,-82.0818705286416
35391.6666666667,3.53916666666667,-82.1825734521541
35395.8333333333,3.53958333333333,-82.2943109516193
35400,3.54,-82.4173692007845
35404.1666666667,3.54041666666667,-82.5520721338313
35408.3333333333,3.54083333333333,-82.6987851445163
35412.5,3.54125,-82.8579194263395
35416.6666666667,3.54166666666667,-83.0299370875045
35420.8333333333,3.54208333333333,-83.2153571692171
35425,3.5425,-83.4147627716746
35429.1666666667,3.54291666666667,-83.6288094966357
35433.3333333333,3.54333333333333,-83.8582355149288
35437.5,3.54375,-84.1038736073154
35441.6666666667,3.54416666666667,-84.3666656795075
35445.8333333333,3.54458333333333,-84.6476803239845
35450,3.545,-84.9481342632059
35454.1666666667,3.54541666666667,-85.2694186981552
35458.3333333333,3.54583333333333,-85.6131319820224
35462.5,3.54625,-85.9811205003231
35466.6666666667,3.54666666666667,-86.3755303629546
35470.8333333333,3.54708333333333,-86.7988735077752
35475,3.5475,-87.2541133027762
35479.1666666667,3.54791666666667,-87.7447769884875
35483.3333333333,3.54833333333333,-88.2751056868469
35487.5,3.54875,-88.850258161432
35491.6666666667,3.54916666666667,-89.4765931425934
35495.8333333333,3.54958333333333,-90.162069703205
35500,3.55,-90.9168302582626
35504.1666666667,3.55041666666667,-91.754076313779
35508.3333333333,3.55083333333333,-92.6914332312226
35512.5,3.55125,-93.7531732795564
35516.6666666667,3.55166666666667,-94.974039201705
35520.8333333333,3.55208333333333,-96.4062872599151
35525,3.5525,-98.1338743897749
35529.1666666667,3.55291666666667,-100.304755043291
35533.3333333333,3.55333333333333,-103.218880694498
35537.5,3.55375,-107.651620284345
35541.6666666667,3.55416666666667,-117.199683736331
35545.8333333333,3.55458333333333,-117.175487615484
35550,3.555,-107.64518471296
35554.1666666667,3.55541666666667,-103.216975124499
35558.3333333333,3.55583333333333,-100.305489398859
35562.5,3.55625,-98.1366186506285
35566.6666666667,3.55666666666667,-96.4107550632528
35570.8333333333,3.55708333333333,-94.9800763618016
35575,3.5575,-93.7606872846468
35579.1666666667,3.55791666666667,-92.7003642413896
35583.3333333333,3.55833333333333,-91.7643833884221
35587.5,3.55875,-90.9284841612091
35591.6666666667,3.55916666666667,-90.1750488404945
35595.8333333333,3.55958333333333,-89.4908811073264
35600,3.56,-88.8658422038979
35604.1666666667,3.56041666666667,-88.2919757090383
35608.3333333333,3.56083333333333,-87.7629248494178
35612.5,3.56125,-87.2735323599321
35616.6666666667,3.56166666666667,-86.8195582613697
35620.8333333333,3.56208333333333,-86.3974762209097
35625,3.5625,-86.004323585032
35629.1666666667,3.56291666666667,-85.6375889972727
35633.3333333333,3.56333333333333,-85.295126817268
35637.5,3.56375,-84.9750910487294
35641.6666666667,3.56416666666667,-84.6758836632952
35645.8333333333,3.56458333333333,-84.396113729586
35650,3.565,-84.1345647564457
35654.1666666667,3.56541666666667,-83.8901683451315
35658.3333333333,3.56583333333333,-83.661982762057
35662.5,3.56625,-83.4491753668117
35666.6666666667,3.56666666666667,-83.2510081197354
35670.8333333333,3.56708333333333,-83.0668255277455
35675,3.5675,-82.8960445902352
35679.1666666667,3.56791666666667,-82.7381463517763
35683.3333333333,3.56833333333333,-82.5926687827815
35687.5,3.56875,-82.4592007583867
35691.6666666667,3.56916666666667,-82.3373769501689
35695.8333333333,3.56958333333333,-82.2268734788214
35700,3.57,-82.1274042260679
35704.1666666667,3.57041666666667,-82.0387176858956
35708.3333333333,3.57083333333333,-81.9605943024225
35712.5,3.57125,-81.8928442047909
35716.6666666667,3.57166666666667,-81.8353053160766
35720.8333333333,3.57208333333333,-81.7878417675233
35725,3.5725,-81.750342604605
35729.1666666667,3.57291666666667,-81.7227207440279
35733.3333333333,3.57333333333333,-81.7049121721874
35737.5,3.57375,-81.6968753589017
35741.6666666667,3.57416666666667,-81.6985908799546
35745.8333333333,3.57458333333333,-81.710061246455
35750,3.575,-81.7313109205329
35754.1666666667,3.57541666666667,-81.7623865439745
35758.3333333333,3.57583333333333,-81.8033573537374
35762.5,3.57625,-81.8543158231003
35766.6666666667,3.57666666666667,-81.9153785115323
35770.8333333333,3.57708333333333,-81.9866871665385
35775,3.5775,-82.0684100820829
35779.1666666667,3.57791666666667,-82.1607437463753
35783.3333333333,3.57833333333333,-82.2639148220759
35787.5,3.57875,-82.3781824911204
35791.6666666667,3.57916666666667,-82.5038412243306
35795.8333333333,3.57958333333333,-82.6412240475034
35800,3.58,-82.7907063695615
35804.1666666667,3.58041666666667,-82.9527104937762
35808.3333333333,3.58083333333333,-83.1277109197509
35812.5,3.58125,-83.3162406002208
35816.6666666667,3.58166666666667,-83.5188983406678
35820.8333333333,3.58208333333333,-83.736357587271
35825,3.5825,-83.9693769060105
35829.1666666667,3.58291666666667,-84.2188125419692
35833.3333333333,3.58333333333333,-84.4856335656573
35837.5,3.58375,-84.7709402435901
35841.6666666667,3.58416666666667,-85.0759864940053
35845.8333333333,3.58458333333333,-85.4022075342172
35850,3.585,-85.7512542401
35854.1666666667,3.58541666666667,-86.1250362207955
35858.3333333333,3.58583333333333,-86.5257764359802
35862.5,3.58625,-86.9560812224065
35866.6666666667,3.58666666666667,-87.4190312588263
35870.8333333333,3.58708333333333,-87.9183014616387
35875,3.5875,-88.4583215619445
35879.1666666667,3.58791666666667,-89.0444951470196
35883.3333333333,3.58833333333333,-89.6835047185573
35887.5,3.58875,-90.3837467171722
35891.6666666667,3.58916666666667,-91.1559692532646
35895.8333333333,3.58958333333333,-92.0142375484957
35900,3.59,-92.9774525991662
35904.1666666667,3.59041666666667,-94.0718532143953
35908.3333333333,3.59083333333333,-95.335380840377
35912.5,3.59125,-96.8258673031855
35916.6666666667,3.59166666666667,-98.6379344068827
35920.8333333333,3.59208333333333,-100.942817864646
35925,3.5925,-104.102879099614
35929.1666666667,3.59291666666667,-109.137123124723
35933.3333333333,3.59333333333333,-122.541832836995
35937.5,3.59375,-113.977480706895
35941.6666666667,3.59416666666667,-106.476085327771
35945.8333333333,3.59458333333333,-102.518511930816
35950,3.595,-99.8172503034715
35954.1666666667,3.59541666666667,-97.7677291163563
35958.3333333333,3.59583333333333,-96.1189377896042
35962.5,3.59625,-94.7422401626653
35966.6666666667,3.59666666666667,-93.5628431335408
35970.8333333333,3.59708333333333,-92.5333973048914
35975,3.5975,-91.6220247384578
35979.1666666667,3.59791666666667,-90.8062381801205
35983.3333333333,3.59833333333333,-90.0695825188282
35987.5,3.59875,-89.3996554487736
35991.6666666667,3.59916666666667,-88.7868790320334
35995.8333333333,3.59958333333333,-88.2237042638845
36000,3.6,-87.704077528253
36004.1666666667,3.60041666666667,-87.2230718280425
36008.3333333333,3.60083333333333,-86.7766252718631
36012.5,3.60125,-86.3613514490798
36016.6666666667,3.60166666666667,-85.9743991994871
36020.8333333333,3.60208333333333,-85.6133471353721
36025,3.6025,-85.2761230395274
36029.1666666667,3.60291666666667,-84.9609414628475
36033.3333333333,3.60333333333333,-84.6662547763848
36037.5,3.60375,-84.3907143734674
36041.6666666667,3.60416666666667,-84.1331395891536
36045.8333333333,3.60458333333333,-83.8924925873326
36050,3.605,-83.6678578884021
36054.1666666667,3.60541666666667,-83.4584255635657
36058.3333333333,3.60583333333333,-83.2634773412294
36062.5,3.60625,-83.0823750526397
36066.6666666667,3.60666666666667,-82.9145509630809
36070.8333333333,3.60708333333333,-82.7594996599013
36075,3.6075,-82.6167711945967
36079.1666666667,3.60791666666667,-82.4859652861787
36083.3333333333,3.60833333333333,-82.3667263971634
36087.5,3.60875,-82.2587395492102
36091.6666666667,3.60916666666667,-82.1617267602002
36095.8333333333,3.60958333333333,-82.0754440164225
36100,3.61,-81.9996787038853
36104.1666666667,3.61041666666667,-81.934247434866
36108.3333333333,3.61083333333333,-81.8789942272882
36112.5,3.61125,-81.8337889878904
36116.6666666667,3.61166666666667,-81.7985262809811
36120.8333333333,3.61208333333333,-81.7731243366847
36125,3.6125,-81.7575243051257
36129.1666666667,3.61291666666667,-81.7516897155737
36133.3333333333,3.61333333333333,-81.7556061459827
36137.5,3.61375,-81.7692810971735
36141.6666666667,3.61416666666667,-81.7927440555746
36145.8333333333,3.61458333333333,-81.8260467626222
36150,3.615,-81.8692636858627
36154.1666666667,3.61541666666667,-81.9224926968073
36158.3333333333,3.61583333333333,-81.9858559885675
36162.5,3.61625,-82.0595012234575
36166.6666666667,3.61666666666667,-82.1436029606994
36170.8333333333,3.61708333333333,-82.2383643753236
36175,3.6175,-82.3440193160301
36179.1666666667,3.61791666666667,-82.460834741942
36183.3333333333,3.61833333333333,-82.5891135998828
36187.5,3.61875,-82.7291982090403
36191.6666666667,3.61916666666667,-82.8814742382693
36195.8333333333,3.61958333333333,-83.0463753811235
36200,3.62,-83.2243888636475
36204.1666666667,3.62041666666667,-83.4160619439916
36208.3333333333,3.62083333333333,-83.6220095990554
36212.5,3.62125,-83.8429236762361
36216.6666666667,3.62166666666667,-84.0795838026102
36220.8333333333,3.62208333333333,-84.3328704865645
36225,3.6225,-84.6037809375658
36229.1666666667,3.62291666666667,-84.8934482801164
36233.3333333333,3.62333333333333,-85.2031650845305
36237.5,3.62375,-85.5344123975275
36241.6666666667,3.62416666666667,-85.8888958740158
36245.8333333333,3.62458333333333,-86.2685912212918
36250,3.625,-86.6758019152996
36254.1666666667,3.62541666666667,-87.1132334547332
36258.3333333333,3.62583333333333,-87.5840900922753
36262.5,3.62625,-88.0922027968282
36266.6666666667,3.62666666666667,-88.6422013049897
36270.8333333333,3.62708333333333,-89.2397498789002
36275,3.6275,-89.8918773163416
36279.1666666667,3.62791666666667,-90.6074503652056
36283.3333333333,3.62833333333333,-91.3978725131125
36287.5,3.62875,-92.2781505020599
36291.6666666667,3.62916666666667,-93.2685884416593
36295.8333333333,3.62958333333333,-94.3976124036997
36300,3.63,-95.7067723129503
36304.1666666667,3.63041666666667,-97.2603083676124
36308.3333333333,3.63083333333333,-99.1654211255353
36312.5,3.63125,-101.621881300024
36316.6666666667,3.63166666666667,-105.073628088392
36320.8333333333,3.63208333333333,-110.905289736932
36325,3.6325,-138.432374368732
36329.1666666667,3.63291666666667,-111.668853144447
36333.3333333333,3.63333333333333,-105.456508819695
36337.5,3.63375,-101.878537439939
36341.6666666667,3.63416666666667,-99.3594030497656
36345.8333333333,3.63458333333333,-97.4170295973033
36350,3.635,-95.8389379234689
36354.1666666667,3.63541666666667,-94.5124816561643
36358.3333333333,3.63583333333333,-93.3706978058761
36362.5,3.63625,-92.370523799328
36366.6666666667,3.63666666666667,-91.4826259349078
36370.8333333333,3.63708333333333,-90.6861224846058
36375,3.6375,-89.9656215825809
36379.1666666667,3.63791666666667,-89.3094530674805
36383.3333333333,3.63833333333333,-88.708559673007
36387.5,3.63875,-88.1557728372802
36391.6666666667,3.63916666666667,-87.6453234409473
36395.8333333333,3.63958333333333,-87.1725015120497
36400,3.64,-86.7334136401659
36404.1666666667,3.64041666666667,-86.3248062334657
36408.3333333333,3.64083333333333,-85.9439342815938
36412.5,3.64125,-85.5884622797594
36416.6666666667,3.64166666666667,-85.2563882776182
36420.8333333333,3.64208333333333,-84.9459848921898
36425,3.6425,-84.6557529350078
36429.1666666667,3.64291666666667,-84.3843845479228
36433.3333333333,3.64333333333333,-84.1307336268786
36437.5,3.64375,-83.8937918625691
36441.6666666667,3.64416666666667,-83.6726691825204
36445.8333333333,3.64458333333333,-83.4665776666739
36450,3.645,-83.2748182330167
36454.1666666667,3.64541666666667,-83.0967695470965
36458.3333333333,3.64583333333333,-82.931878736774
36462.5,3.64625,-82.7796535844971
36466.6666666667,3.64666666666667,-82.6396559334226
36470.8333333333,3.64708333333333,-82.5114961002832
36475,3.6475,-82.3948281298906
36479.1666666667,3.64791666666667,-82.2893457670269
36483.3333333333,3.64833333333333,-82.1947790157364
36487.5,3.64875,-82.110891226873
36491.6666666667,3.64916666666667,-82.0374766229966
36495.8333333333,3.64958333333333,-81.9743582083997
36500,3.65,-81.921386022217
36504.1666666667,3.65041666666667,-81.8784356893771
36508.3333333333,3.65083333333333,-81.845407241975
36512.5,3.65125,-81.8222241949013
36516.6666666667,3.65166666666667,-81.8088328337964
36520.8333333333,3.65208333333333,-81.8052017359737
36525,3.6525,-81.8113214780791
36529.1666666667,3.65291666666667,-81.827204558686
36533.3333333333,3.65333333333333,-81.8528855053297
36537.5,3.65375,-81.8884211897987
36541.6666666667,3.65416666666667,-81.9338913451126
36545.8333333333,3.65458333333333,-81.9893992979119
36550,3.655,-82.0550729353946
36554.1666666667,3.65541666666667,-82.1310659145762
36558.3333333333,3.65583333333333,-82.2175591552769
36562.5,3.65625,-82.3147626285913
36566.6666666667,3.65666666666667,-82.4229175022902
36570.8333333333,3.65708333333333,-82.5422986678115
36575,3.6575,-82.6732177301057
36579.1666666667,3.65791666666667,-82.8160265161789
36583.3333333333,3.65833333333333,-82.9711212019696
36587.5,3.65875,-83.1389471680838
36591.6666666667,3.65916666666667,-83.3200047136092
36595.8333333333,3.65958333333333,-83.5148558083968
36600,3.66,-83.724132092266
36604.1666666667,3.66041666666667,-83.9485443884576
36608.3333333333,3.66083333333333,-84.1888940821116
36612.5,3.66125,-84.4460867818146
36616.6666666667,3.66166666666667,-84.721148851239
36620.8333333333,3.66208333333333,-85.0152475158418
36625,3.6625,-85.3297155311357
36629.1666666667,3.66291666666667,-85.6660816696689
36633.3333333333,3.66333333333333,-86.0261087659984
36637.5,3.66375,-86.4118416491069
36641.6666666667,3.66416666666667,-86.8256682107524
36645.8333333333,3.66458333333333,-87.2703981745204
36650,3.665,-87.7493660577373
36654.1666666667,3.66541666666667,-88.2665678614507
36658.3333333333,3.66583333333333,-88.8268456052585
36662.5,3.66625,-89.4361413754679
36666.6666666667,3.66666666666667,-90.1018547999124
36670.8333333333,3.66708333333333,-90.8333590395777
36675,3.6675,-91.6427678582797
36679.1666666667,3.66791666666667,-92.5461163237568
36683.3333333333,3.66833333333333,-93.5652555241272
36687.5,3.66875,-94.7310515603412
36691.6666666667,3.66916666666667,-96.0891408158265
36695.8333333333,3.66958333333333,-97.7111675359375
36700,3.67,-99.7192795201103
36704.1666666667,3.67041666666667,-102.348634382273
36708.3333333333,3.67083333333333,-106.152147418255
36712.5,3.67125,-113.09746852878
36716.6666666667,3.67166666666667,-126.02918269583
36720.8333333333,3.67208333333333,-109.864902399536
36725,3.6725,-104.553214114909
36729.1666666667,3.67291666666667,-101.288197334599
36733.3333333333,3.67333333333333,-98.9284195076128
36737.5,3.67375,-97.0827872817561
36741.6666666667,3.67416666666667,-95.5697892111405
36745.8333333333,3.67458333333333,-94.2902149408959
36750,3.675,-93.1838748933874
36754.1666666667,3.67541666666667,-92.2114918873578
36758.3333333333,3.67583333333333,-91.3460137266236
36762.5,3.67625,-90.568015759406
36766.6666666667,3.67666666666667,-89.8630803640385
36770.8333333333,3.67708333333333,-89.2202135492502
36775,3.6775,-88.6308420724212
36779.1666666667,3.67791666666667,-88.0881530383174
36783.3333333333,3.67833333333333,-87.5866445507257
36787.5,3.67875,-87.1218113641066
36791.6666666667,3.67916666666667,-86.6899195723494
36795.8333333333,3.67958333333333,-86.2878417397652
36800,3.68,-85.9129339770649
36804.1666666667,3.68041666666667,-85.5629428078701
36808.3333333333,3.68083333333333,-85.2359335527472
36812.5,3.68125,-84.9302345456216
36816.6666666667,3.68166666666667,-84.6443931656549
36820.8333333333,3.68208333333333,-84.3771408086849
36825,3.6825,-84.1273647154197
36829.1666666667,3.68291666666667,-83.8940851135874
36833.3333333333,3.68333333333333,-83.6764365257592
36837.5,3.68375,-83.4736523672114
36841.6666666667,3.68416666666667,-83.2850521856032
36845.8333333333,3.68458333333333,-83.1100310136991
36850,3.685,-82.948050445978
36854.1666666667,3.68541666666667,-82.7986311321909
36858.3333333333,3.68583333333333,-82.6613464235838
36862.5,3.68625,-82.5358169969206
36866.6666666667,3.68666666666667,-82.4217062811524
36870.8333333333,3.68708333333333,-82.3187165666535
36875,3.6875,-82.2265857032915
36879.1666666667,3.68791666666667,-82.1450842815057
36883.3333333333,3.68833333333333,-82.0740132584774
36887.5,3.68875,-82.0132019440514
36891.6666666667,3.68916666666667,-81.9625063289307
36895.8333333333,3.68958333333333,-81.9218076974339
36900,3.69,-81.8910115104935
36904.1666666667,3.69041666666667,-81.8700465278204
36908.3333333333,3.69083333333333,-81.8588641549019
36912.5,3.69125,-81.8574380032279
36916.6666666667,3.69166666666667,-81.8657636491123
36920.8333333333,3.69208333333333,-81.8838585986046
36925,3.6925,-81.9117624392802
36929.1666666667,3.69291666666667,-81.9495372047167
36933.3333333333,3.69333333333333,-81.9972679356727
36937.5,3.69375,-82.0550634676481
36941.6666666667,3.69416666666667,-82.1230574487181
36945.8333333333,3.69458333333333,-82.2014096144075
36950,3.695,-82.2903073399099
36954.1666666667,3.69541666666667,-82.3899675121399
36958.3333333333,3.69583333333333,-82.5006387520818
36962.5,3.69625,-82.6226040469107
36966.6666666667,3.69666666666667,-82.7561838448163
36970.8333333333,3.69708333333333,-82.9017397040628
36975,3.6975,-83.0596785691427
36979.1666666667,3.69791666666667,-83.2304578107173
36983.3333333333,3.69833333333333,-83.4145911607785
36987.5,3.69875,-83.6126557295253
36991.6666666667,3.69916666666667,-83.8253003214189
36995.8333333333,3.69958333333333,-84.05325534341
37000,3.7,-84.297344660809
37004.1666666667,3.70041666666667,-84.558499858956
37008.3333333333,3.70083333333333,-84.8377775201551
37012.5,3.70125,-85.1363802726989
37016.6666666667,3.70166666666667,-85.4556826664331
37020.8333333333,3.70208333333333,-85.7972632070885
37025,3.7025,-86.1629444273503
37029.1666666667,3.70291666666667,-86.5548434913445
37033.3333333333,3.70333333333333,-86.9754368376132
37037.5,3.70375,-87.4276438114853
37041.6666666667,3.70416666666667,-87.9149363475052
37045.8333333333,3.70458333333333,-88.4414851102659
37050,3.705,-89.0123576487442
37054.1666666667,3.70541666666667,-89.6337924466557
37058.3333333333,3.70583333333333,-90.3135867264511
37062.5,3.70625,-91.0616597028157
37066.6666666667,3.70666666666667,-91.8908962063246
37070.8333333333,3.70708333333333,-92.8184567123664
37075,3.7075,-93.8679021779073
37079.1666666667,3.70791666666667,-95.0728292684093
37083.3333333333,3.70833333333333,-96.4835212296585
37087.5,3.70875,-98.1802249404407
37091.6666666667,3.70916666666667,-100.30299619647
37095.8333333333,3.70958333333333,-103.131462554513
37100,3.71,-107.367962298978
37104.1666666667,3.71041666666667,-115.996528677646
37108.3333333333,3.71083333333333,-119.078266012681
37112.5,3.71125,-108.386390858957
37116.6666666667,3.71166666666667,-103.742864047805
37120.8333333333,3.71208333333333,-100.740470693956
37125,3.7125,-98.5213320192813
37129.1666666667,3.71291666666667,-96.7634929630553
37133.3333333333,3.71333333333333,-95.3106305505056
37137.5,3.71375,-94.0749093165144
37141.6666666667,3.71416666666667,-93.0020292733196
37145.8333333333,3.71458333333333,-92.0560684628939
37150,3.715,-91.2120264980191
37154.1666666667,3.71541666666667,-90.4518040872374
37158.3333333333,3.71583333333333,-89.7618779490856
37162.5,3.71625,-89.1318795026458
37166.6666666667,3.71666666666667,-88.5536860502713
37170.8333333333,3.71708333333333,-88.0208175355708
37175,3.7175,-87.5280233242653
37179.1666666667,3.71791666666667,-87.0709914303954
37183.3333333333,3.71833333333333,-86.6461390692334
37187.5,3.71875,-86.2504587086646
37191.6666666667,3.71916666666667,-85.8814028389702
37195.8333333333,3.71958333333333,-85.5367963726128
37200,3.72,-85.2147690638282
37204.1666666667,3.72041666666667,-84.9137027287023
37208.3333333333,3.72083333333333,-84.6321895344325
37212.5,3.72125,-84.3689986995525
37216.6666666667,3.72166666666667,-84.1230496497424
37220.8333333333,3.72208333333333,-83.8933902028663
37225,3.7225,-83.6791786940092
37229.1666666667,3.72291666666667,-83.4796692298301
37233.3333333333,3.72333333333333,-83.2941994474209
37237.5,3.72375,-83.1221802969872
37241.6666666667,3.72416666666667,-82.9630874606446
37245.8333333333,3.72458333333333,-82.8164541335063
37250,3.725,-82.6818649061792
37254.1666666667,3.72541666666667,-82.5589505856978
37258.3333333333,3.72583333333333,-82.4473837864842
37262.5,3.72625,-82.3468751854901
37266.6666666667,3.72666666666667,-82.2571703327621
37270.8333333333,3.72708333333333,-82.1780469432958
37275,3.7275,-82.1093126076662
37279.1666666667,3.72791666666667,-82.0508028589318
37283.3333333333,3.72833333333333,-82.0023795729102
37287.5,3.72875,-81.9639296386585
37291.6666666667,3.72916666666667,-81.9353639032576
37295.8333333333,3.72958333333333,-81.9166163440127
37300,3.73,-81.9076434646225
37304.1666666667,3.73041666666667,-81.908423903663
37308.3333333333,3.73083333333333,-81.9189582382141
37312.5,3.73125,-81.9392689922076
37316.6666666667,3.73166666666667,-81.9694008384348
37320.8333333333,3.73208333333333,-82.0094210019461
37325,3.7325,-82.0594198798917
37329.1666666667,3.73291666666667,-82.1195118708035
37333.3333333333,3.73333333333333,-82.1898364563021
37337.5,3.73375,-82.2705595323459
37341.6666666667,3.73416666666667,-82.3618750352113
37345.8333333333,3.73458333333333,-82.4640068846667
37350,3.735,-82.5772112996014
37354.1666666667,3.73541666666667,-82.7017795278451
37358.3333333333,3.73583333333333,-82.8380410596601
37362.5,3.73625,-82.9863674115216
37366.6666666667,3.73666666666667,-83.1471765659397
37370.8333333333,3.73708333333333,-83.3209382025114
37375,3.7375,-83.5081798586773
37379.1666666667,3.73791666666667,-83.7094942287466
37383.3333333333,3.73833333333333,-83.9255478087897
37387.5,3.73875,-84.1570912187462
37391.6666666667,3.73916666666667,-84.4049715616217
37395.8333333333,3.73958333333333,-84.6701473143546
37400,3.74,-84.9537063911433
37404.1666666667,3.74041666666667,-85.2568881933366
37408.3333333333,3.74083333333333,-85.5811107513979
37412.5,3.74125,-85.9280044228114
37416.6666666667,3.74166666666667,-86.2994541000895
37420.8333333333,3.74208333333333,-86.697652682759
37425,3.7425,-87.1251695481011
37429.1666666667,3.74291666666667,-87.5850394140821
37433.3333333333,3.74333333333333,-88.0808792789328
37437.5,3.74375,-88.6170448289013
37441.6666666667,3.74416666666667,-89.1988434216064
37445.8333333333,3.74458333333333,-89.8328301209675
37450,3.745,-90.5272289510525
37454.1666666667,3.74541666666667,-91.2925487999828
37458.3333333333,3.74583333333333,-92.142513025252
37462.5,3.74625,-93.0955163631319
37466.6666666667,3.74666666666667,-94.1770146396082
37470.8333333333,3.74708333333333,-95.4236704492399
37475,3.7475,-96.8910744586153
37479.1666666667,3.74791666666667,-98.6695299038925
37483.3333333333,3.74833333333333,-100.920743016891
37487.5,3.74875,-103.981078448095
37491.6666666667,3.74916666666667,-108.764427726183
37495.8333333333,3.74958333333333,-120.31617395731
37500,3.75,-115.299851132053
37504.1666666667,3.75041666666667,-107.135124772753
37508.3333333333,3.75083333333333,-103.008445762413
37512.5,3.75125,-100.229697045669
37516.6666666667,3.75166666666667,-98.1356209569337
37520.8333333333,3.75208333333333,-96.4578243256619
37525,3.7525,-95.0606913435788
37529.1666666667,3.75291666666667,-93.8660826075403
37533.3333333333,3.75333333333333,-92.82484374956
37537.5,3.75375,-91.9040373344394
37541.6666666667,3.75416666666667,-91.0805132366016
37545.8333333333,3.75458333333333,-90.3373803403366
37550,3.755,-89.6619377980542
37554.1666666667,3.75541666666667,-89.0443963359151
37558.3333333333,3.75583333333333,-88.4770531490305
37562.5,3.75625,-87.9537399952235
37566.6666666667,3.75666666666667,-87.4694426914388
37570.8333333333,3.75708333333333,-87.020031841502
37575,3.7575,-86.602067935312
37579.1666666667,3.75791666666667,-86.2126574695037
37583.3333333333,3.75833333333333,-85.8493448527485
37587.5,3.75875,-85.5100299376162
37591.6666666667,3.75916666666667,-85.1929042261266
37595.8333333333,3.75958333333333,-84.8964008886065
37600,3.76,-84.6191551887238
37604.1666666667,3.76041666666667,-84.3599727991824
37608.3333333333,3.76083333333333,-84.117804223162
37612.5,3.76125,-83.8917239589491
37616.6666666667,3.76166666666667,-83.6809134070474
37620.8333333333,3.76208333333333,-83.484646742603
37625,3.7625,-83.3022791752523
37629.1666666667,3.76291666666667,-83.1332371366823
37633.3333333333,3.76333333333333,-82.977010032605
37637.5,3.76375,-82.8331432947637
37641.6666666667,3.76416666666667,-82.7012324907744
37645.8333333333,3.76458333333333,-82.5809183368516
37650,3.765,-82.4718824447924
37654.1666666667,3.76541666666667,-82.3738437166397
37658.3333333333,3.76583333333333,-82.2865552692952
37662.5,3.76625,-82.2098018265068
37666.6666666667,3.76666666666667,-82.1433975169729
37670.8333333333,3.76708333333333,-82.0871840198663
37675,3.7675,-82.0410290281367
37679.1666666667,3.76791666666667,-82.0048249881935
37683.3333333333,3.76833333333333,-81.9784880909466
37687.5,3.76875,-81.9619575049104
37691.6666666667,3.76916666666667,-81.9551948148195
37695.8333333333,3.76958333333333,-81.9581836800069
37700,3.77,-81.9709296815503
37704.1666666667,3.77041666666667,-81.9934603774249
37708.3333333333,3.77083333333333,-82.0258255475512
37712.5,3.77125,-82.0680976476658
37716.6666666667,3.77166666666667,-82.1203724743008
37720.8333333333,3.77208333333333,-82.182770052308
37725,3.7725,-82.2554357686223
37729.1666666667,3.77291666666667,-82.3385417697786
37733.3333333333,3.77333333333333,-82.4322886578515
37737.5,3.77375,-82.5369075116023
37741.6666666667,3.77416666666667,-82.652662295161
37745.8333333333,3.77458333333333,-82.779852689814
37750,3.775,-82.9188174308501
37754.1666666667,3.77541666666667,-83.0699382321638
37758.3333333333,3.77583333333333,-83.2336443933332
37762.5,3.77625,-83.4104182307301
37766.6666666667,3.77666666666667,-83.6008014802889
37770.8333333333,3.77708333333333,-83.8054028758518
37775,3.7775,-84.0249071587247
37779.1666666667,3.77791666666667,-84.2600858151424
37783.3333333333,3.77833333333333,-84.5118099785574
37787.5,3.77875,-84.7810659736327
37791.6666666667,3.77916666666667,-85.0689742145768
37795.8333333333,3.77958333333333,-85.3768123093218
37800,3.78,-85.7060435544624
37804.1666666667,3.78041666666667,-86.0583523782886
37808.3333333333,3.78083333333333,-86.4356888552983
37812.5,3.78125,-86.8403252208887
37816.6666666667,3.78166666666667,-87.274928459766
37820.8333333333,3.78208333333333,-87.7426547993559
37825,3.7825,-88.2472744893769
37829.1666666667,3.78291666666667,-88.7933393735951
37833.3333333333,3.78333333333333,-89.3864120585603
37837.5,3.78375,-90.033386107206
37841.6666666667,3.78416666666667,-90.7429443041075
37845.8333333333,3.78458333333333,-91.5262332855398
37850,3.785,-92.397889952663
37854.1666666667,3.78541666666667,-93.377665711521
37858.3333333333,3.78583333333333,-94.4931220771349
37862.5,3.78625,-95.7843763701386
37866.6666666667,3.78666666666667,-97.3131098049687
37870.8333333333,3.78708333333333,-99.1814595290561
37875,3.7875,-101.577571579366
37879.1666666667,3.78791666666667,-104.911475836689
37883.3333333333,3.78833333333333,-110.409004819843
37887.5,3.78875,-129.129931592567
37891.6666666667,3.78916666666667,-112.698407367592
37895.8333333333,3.78958333333333,-106.051439517036
37900,3.79,-102.337174988525
37904.1666666667,3.79041666666667,-99.7512466874023
37908.3333333333,3.79083333333333,-97.7691291299722
37912.5,3.79125,-96.1646164407815
37916.6666666667,3.79166666666667,-94.8192793190165
37920.8333333333,3.79208333333333,-93.6632954225646
37925,3.7925,-92.652026120433
37929.1666666667,3.79291666666667,-91.7551976051067
37933.3333333333,3.79333333333333,-90.9513326061177
37937.5,3.79375,-90.2246436302644
37941.6666666667,3.79416666666667,-89.5631874150524
37945.8333333333,3.79458333333333,-88.9577120546264
37950,3.795,-88.4009065230173
37954.1666666667,3.79541666666667,-87.886894999798
37958.3333333333,3.79583333333333,-87.4108860087205
37962.5,3.79625,-86.9689227972772
37966.6666666667,3.79666666666667,-86.5577017798874
37970.8333333333,3.79708333333333,-86.1744379633727
37975,3.7975,-85.8167634587846
37979.1666666667,3.79791666666667,-85.4826498065724
37983.3333333333,3.79833333333333,-85.1703477010215
37987.5,3.79875,-84.8783396512499
37991.6666666667,3.79916666666667,-84.6053023978424
37995.8333333333,3.79958333333333,-84.3500767651707
38000,3.8,-84.1116432720852
38004.1666666667,3.80041666666667,-83.8891022264413
38008.3333333333,3.80083333333333,-83.6816573752708
38012.5,3.80125,-83.4886023654435
38016.6666666667,3.80166666666667,-83.3093094808711
38020.8333333333,3.80208333333333,-83.143220216683
38025,3.8025,-82.9898373488098
38029.1666666667,3.80291666666667,-82.8487182474742
38033.3333333333,3.80333333333333,-82.719469206513
38037.5,3.80375,-82.6017406340978
38041.6666666667,3.80416666666667,-82.4952229615759
38045.8333333333,3.80458333333333,-82.3996431586084
38050,3.805,-82.3147617798354
38054.1666666667,3.80541666666667,-82.2403704467653
38058.3333333333,3.80583333333333,-82.1762897351901
38062.5,3.80625,-82.1223673932822
38066.6666666667,3.80666666666667,-82.0784768710407
38070.8333333333,3.80708333333333,-82.04451612081
38075,3.8075,-82.0204066442997
38079.1666666667,3.80791666666667,-82.0060927733288
38083.3333333333,3.80833333333333,-82.0015411604355
38087.5,3.80875,-82.0067404810189
38091.6666666667,3.80916666666667,-82.0217013260819
38095.8333333333,3.80958333333333,-82.046456303708
38100,3.81,-82.0810603288462
38104.1666666667,3.81041666666667,-82.125591125289
38108.3333333333,3.81083333333333,-82.1801499399925
38112.5,3.81125,-82.2448624859957
38116.6666666667,3.81166666666667,-82.3198801326125
38120.8333333333,3.81208333333333,-82.4053813702725
38125,3.8125,-82.5015735746598
38129.1666666667,3.81291666666667,-82.6086951179663
38133.3333333333,3.81333333333333,-82.7270178581922
38137.5,3.81375,-82.8568500924104
38141.6666666667,3.81416666666667,-82.9985400100614
38145.8333333333,3.81458333333333,-83.1524797695566
38150,3.815,-83.3191102787214
38154.1666666667,3.81541666666667,-83.4989268334222
38158.3333333333,3.81583333333333,-83.6924857691905
38162.5,3.81625,-83.9004123446879
38166.6666666667,3.81666666666667,-84.1234101122176
38170.8333333333,3.81708333333333,-84.362272114698
38175,3.8175,-84.6178943384175
38179.1666666667,3.81791666666667,-84.8912919579912
38183.3333333333,3.81833333333333,-85.183619113145
38187.5,3.81875,-85.4961931239907
38191.6666666667,3.81916666666667,-85.8305244258614
38195.8333333333,3.81958333333333,-86.1883538696519
38200,3.82,-86.5716996882202
38204.1666666667,3.82041666666667,-86.9829172757166
38208.3333333333,3.82083333333333,-87.4247761914258
38212.5,3.82125,-87.9005607176161
38216.6666666667,3.82166666666667,-88.4142031420773
38220.8333333333,3.82208333333333,-88.9704634400746
38225,3.8225,-89.5751761867406
38229.1666666667,3.82291666666667,-90.2355972918649
38233.3333333333,3.82333333333333,-90.960903320553
38237.5,3.82375,-91.7629317352711
38241.6666666667,3.82416666666667,-92.6573166250183
38245.8333333333,3.82458333333333,-93.6653040732725
38250,3.825,-94.8168024285068
38254.1666666667,3.82541666666667,-96.1558365305154
38258.3333333333,3.82583333333333,-97.7511124415509
38262.5,3.82625,-99.7187940890598
38266.6666666667,3.82666666666667,-102.279681805445
38270.8333333333,3.82708333333333,-105.941428367206
38275,3.8275,-112.415307853416
38279.1666666667,3.82791666666667,-131.735326728392
38283.3333333333,3.82833333333333,-110.716329339753
38287.5,3.82875,-105.096357198294
38291.6666666667,3.82916666666667,-101.719202272668
38295.8333333333,3.82958333333333,-99.3012851078126
38300,3.83,-97.4199956548004
38304.1666666667,3.83041666666667,-95.8828378435765
38308.3333333333,3.83083333333333,-94.5857703060875
38312.5,3.83125,-93.466146272033
38316.6666666667,3.83166666666667,-92.4833066173062
38320.8333333333,3.83208333333333,-91.6093622620205
38325,3.8325,-90.8243521163844
38329.1666666667,3.83291666666667,-90.1134988016747
38333.3333333333,3.83333333333333,-89.4655580431398
38337.5,3.83375,-88.8717770648232
38341.6666666667,3.83416666666667,-88.3252108219724
38345.8333333333,3.83458333333333,-87.8202579859467
38350,3.835,-87.3523370311918
38354.1666666667,3.83541666666667,-86.917654558579
38358.3333333333,3.83583333333333,-86.5130360231973
38362.5,3.83625,-86.1357997496261
38366.6666666667,3.83666666666667,-85.7836615778197
38370.8333333333,3.83708333333333,-85.4546616511222
38375,3.8375,-85.1471074354112
38379.1666666667,3.83791666666667,-84.859528856566
38383.3333333333,3.83833333333333,-84.5906425926455
38387.5,3.83875,-84.3393233734336
38391.6666666667,3.83916666666667,-84.1045807153538
38395.8333333333,3.83958333333333,-83.8855399051286
38400,3.84,-83.681426341736
38404.1666666667,3.84041666666667,-83.4915525736974
38408.3333333333,3.84083333333333,-83.3153074769182
38412.5,3.84125,-83.1521472079164
38416.6666666667,3.84166666666667,-83.0015875729983
38420.8333333333,3.84208333333333,-82.8631975935435
38425,3.8425,-82.736594044985
38429.1666666667,3.84291666666667,-82.621436822555
38433.3333333333,3.84333333333333,-82.5174249977617
38437.5,3.84375,-82.424293462747
38441.6666666667,3.84416666666667,-82.3418100808518
38445.8333333333,3.84458333333333,-82.2697732674066
38450,3.845,-82.2080099567688
38454.1666666667,3.84541666666667,-82.1563738912457
38458.3333333333,3.84583333333333,-82.1147442218363
38462.5,3.84625,-82.0830243592951
38466.6666666667,3.84666666666667,-82.061141081794
38470.8333333333,3.84708333333333,-82.0490438623214
38475,3.8475,-82.0467044080099
38479.1666666667,3.84791666666667,-82.0541164084943
38483.3333333333,3.84833333333333,-82.0712954740715
38487.5,3.84875,-82.0982792800102
38491.6666666667,3.84916666666667,-82.1351279069218
38495.8333333333,3.84958333333333,-82.1819243862105
38500,3.85,-82.2387754692345
38504.1666666667,3.85041666666667,-82.3058126221799
38508.3333333333,3.85083333333333,-82.383193278089
38512.5,3.85125,-82.4711023662568
38516.6666666667,3.85166666666667,-82.5697541534284
38520.8333333333,3.85208333333333,-82.6793944344812
38525,3.8525,-82.8003031259885
38529.1666666667,3.85291666666667,-82.9327973233969
38533.3333333333,3.85333333333333,-83.0772348906634
38537.5,3.85375,-83.234018686871
38541.6666666667,3.85416666666667,-83.4036015280324
38545.8333333333,3.85458333333333,-83.5864920467247
38550,3.855,-83.7832615986319
38554.1666666667,3.85541666666667,-83.9945524649308
38558.3333333333,3.85583333333333,-84.2210876066646
38562.5,3.85625,-84.463682337077
38566.6666666667,3.85666666666667,-84.7232583583914
38570.8333333333,3.85708333333333,-85.0008607455011
38575,3.8575,-85.297678644219
38579.1666666667,3.85791666666667,-85.6150706745694
38583.3333333333,3.85833333333333,-85.9545963783083
38587.5,3.85875,-86.3180555120293
38591.6666666667,3.85916666666667,-86.7075376175453
38595.8333333333,3.85958333333333,-87.125485303623
38600,3.86,-87.5747759907038
38604.1666666667,3.86041666666667,-88.0588290180815
38608.3333333333,3.86083333333333,-88.5817481243662
38612.5,3.86125,-89.1485143419059
38616.6666666667,3.86166666666667,-89.7652523063393
38620.8333333333,3.86208333333333,-90.4396062783186
38625,3.8625,-91.1812850299155
38629.1666666667,3.86291666666667,-92.0028755950226
38633.3333333333,3.86333333333333,-92.9211027120173
38637.5,3.86375,-93.9588632391705
38641.6666666667,3.86416666666667,-95.1486892019249
38645.8333333333,3.86458333333333,-96.5390429381456
38650,3.865,-98.2067774637696
38654.1666666667,3.86541666666667,-100.284815224168
38658.3333333333,3.86583333333333,-103.034801338194
38662.5,3.86625,-107.096955179018
38666.6666666667,3.86666666666667,-114.998054584214
38670.8333333333,3.86708333333333,-121.293749625495
38675,3.8675,-109.117006088412
38679.1666666667,3.86791666666667,-104.243008648073
38683.3333333333,3.86833333333333,-101.146778983939
38687.5,3.86875,-98.8766010819968
38691.6666666667,3.86916666666667,-97.0866042320246
38695.8333333333,3.86958333333333,-95.6115709908555
38700,3.87,-94.3595996190137
38704.1666666667,3.87041666666667,-93.2742673337093
38708.3333333333,3.87083333333333,-92.3184356542042
38712.5,3.87125,-91.4663569003589
38716.6666666667,3.87166666666667,-90.6994473765318
38720.8333333333,3.87208333333333,-90.0038559868583
38725,3.8725,-89.3689843839871
38729.1666666667,3.87291666666667,-88.7865440113202
38733.3333333333,3.87333333333333,-88.2499320838097
38737.5,3.87375,-87.7538051866569
38741.6666666667,3.87416666666667,-87.2937798768723
38745.8333333333,3.87458333333333,-86.8662174348955
38750,3.875,-86.4680659006977
38754.1666666667,3.87541666666667,-86.0967420262271
38758.3333333333,3.87583333333333,-85.7500416314334
38762.5,3.87625,-85.4260705383081
38766.6666666667,3.87666666666667,-85.1231906892831
38770.8333333333,3.87708333333333,-84.8399775950735
38775,3.8775,-84.5751864018632
38779.1666666667,3.87791666666667,-84.3277245549104
38783.3333333333,3.87833333333333,-84.0966295966613
38787.5,3.87875,-83.8810509885475
38791.6666666667,3.87916666666667,-83.6802351253425
38795.8333333333,3.87958333333333,-83.4935128986686
38800,3.88,-83.3202893189364
38804.1666666667,3.88041666666667,-83.1600348135558
38808.3333333333,3.88083333333333,-83.0122778913793
38812.5,3.88125,-82.8765989491143
38816.6666666667,3.88166666666667,-82.7526250064916
38820.8333333333,3.88208333333333,-82.6400252470448
38825,3.8825,-82.5385072132062
38829.1666666667,3.88291666666667,-82.4478135743041
38833.3333333333,3.88333333333333,-82.3677193826966
38837.5,3.88375,-82.2980297443715
38841.6666666667,3.88416666666667,-82.2385778660362
38845.8333333333,3.88458333333333,-82.1892234179233
38850,3.885,-82.1498511916118
38854.1666666667,3.88541666666667,-82.1203700166654
38858.3333333333,3.88583333333333,-82.1007119138048
38862.5,3.88625,-82.0908314773012
38866.6666666667,3.88666666666667,-82.0907054592762
38870.8333333333,3.88708333333333,-82.1003325627795
38875,3.8875,-82.1197334273405
38879.1666666667,3.88791666666667,-82.1489508182118
38883.3333333333,3.88833333333333,-82.18805001192
38887.5,3.88875,-82.2371193922463
38891.6666666667,3.88916666666667,-82.2962712698996
38895.8333333333,3.88958333333333,-82.3656429328985
38900,3.89,-82.4453979626036
38904.1666666667,3.89041666666667,-82.5357278267214
38908.3333333333,3.89083333333333,-82.6368538010231
38912.5,3.89125,-82.7490292457242
38916.6666666667,3.89166666666667,-82.872542298455
38920.8333333333,3.89208333333333,-83.0077190476403
38925,3.8925,-83.1549272570492
38929.1666666667,3.89291666666667,-83.314580752513
38933.3333333333,3.89333333333333,-83.4871445740235
38937.5,3.89375,-83.6731410561205
38941.6666666667,3.89416666666667,-83.8731570157716
38945.8333333333,3.89458333333333,-84.0878522734926
38950,3.895,-84.3179698240022
38954.1666666667,3.89541666666667,-84.5643479934607
38958.3333333333,3.89583333333333,-84.8279351047483
38962.5,3.89625,-85.1098072295247
38966.6666666667,3.89666666666667,-85.4111898673571
38970.8333333333,3.89708333333333,-85.7334846016363
38975,3.8975,-86.0783021611998
38979.1666666667,3.89791666666667,-86.4475038232712
38983.3333333333,3.89833333333333,-86.8432537789963
38987.5,3.89875,-87.2680861585851
38991.6666666667,3.89916666666667,-87.7249918782671
38995.8333333333,3.89958333333333,-88.2175328173289
39000,3.9,-88.7499942817031
39004.1666666667,3.90041666666667,-89.3275922966373
39008.3333333333,3.90083333333333,-89.956761194719
39012.5,3.90125,-90.6455619677318
39016.6666666667,3.90166666666667,-91.404277843387
39020.8333333333,3.90208333333333,-92.2463105692155
39025,3.9025,-93.1895802401352
39029.1666666667,3.90291666666667,-94.258811607036
39033.3333333333,3.90333333333333,-95.4894794814334
39037.5,3.90375,-96.93510729505
39041.6666666667,3.90416666666667,-98.6820525435357
39045.8333333333,3.90458333333333,-100.883435937028
39050,3.905,-103.852735633754
39054.1666666667,3.90541666666667,-108.415614522376
39058.3333333333,3.90583333333333,-118.646097155682
39062.5,3.90625,-116.720372165968
39066.6666666667,3.90666666666667,-107.777695480218
39070.8333333333,3.90708333333333,-103.472086751995
39075,3.9075,-100.61369991244
39079.1666666667,3.90791666666667,-98.4744787678935
39083.3333333333,3.90833333333333,-96.7675422160274
39087.5,3.90875,-95.3499961293307
39091.6666666667,3.90916666666667,-94.1402547635709
39095.8333333333,3.90958333333333,-93.0873207887071
39100,3.91,-92.157181857708
39104.1666666667,3.91041666666667,-91.3260185962935
39108.3333333333,3.91083333333333,-90.5765014237671
39112.5,3.91125,-89.8956301924108
39116.6666666667,3.91166666666667,-89.273404338593
39120.8333333333,3.91208333333333,-88.7019676130365
39125,3.9125,-88.1750376400636
39129.1666666667,3.91291666666667,-87.6875135708045
39133.3333333333,3.91333333333333,-87.2351989977412
39137.5,3.91375,-86.8146017755051
39141.6666666667,3.91416666666667,-86.4227864643806
39145.8333333333,3.91458333333333,-86.0572636438923
39150,3.915,-85.7159055617812
39154.1666666667,3.91541666666667,-85.3968809579472
39158.3333333333,3.91583333333333,-85.0986040634927
39162.5,3.91625,-84.8196942347317
39166.6666666667,3.91666666666667,-84.5589436841109
39170.8333333333,3.91708333333333,-84.3152914318563
39175,3.9175,-84.0878021164965
39179.1666666667,3.91791666666667,-83.8756486073366
39183.3333333333,3.91833333333333,-83.6780976554408
39187.5,3.91875,-83.4944979678868
39191.6666666667,3.91916666666667,-83.3242702428868
39195.8333333333,3.91958333333333,-83.1668988055512
39200,3.92,-83.0219245515744
39204.1666666667,3.92041666666667,-82.888938982521
39208.3333333333,3.92083333333333,-82.7675791387982
39212.5,3.92125,-82.6575232961557
39216.6666666667,3.92166666666667,-82.5584873063527
39220.8333333333,3.92208333333333,-82.4702214758087
39225,3.9225,-82.3925079290529
39229.1666666667,3.92291666666667,-82.3251583643203
39233.3333333333,3.92333333333333,-82.2680121802526
39237.5,3.92375,-82.2209349064534
39241.6666666667,3.92416666666667,-82.1838169238579
39245.8333333333,3.92458333333333,-82.156572437802
39250,3.925,-82.1391386839084
39254.1666666667,3.92541666666667,-82.1314753591014
39258.3333333333,3.92583333333333,-82.1335642510788
39262.5,3.92625,-82.1454090807217
39266.6666666667,3.92666666666667,-82.1670355288953
39270.8333333333,3.92708333333333,-82.1984914740729
39275,3.9275,-82.2398474228101
39279.1666666667,3.92791666666667,-82.291197157627
39283.3333333333,3.92833333333333,-82.3526586068506
39287.5,3.92875,-82.4243749533651
39291.6666666667,3.92916666666667,-82.5065160121376
39295.8333333333,3.92958333333333,-82.5992798961562
39300,3.93,-82.7028950114717
39304.1666666667,3.93041666666667,-82.8176224304046
39308.3333333333,3.93083333333333,-82.9437586813614
39312.5,3.93125,-83.0816390465591
39316.6666666667,3.93166666666667,-83.2316414254382
39320.8333333333,3.93208333333333,-83.3941908866575
39325,3.9325,-83.5697650180923
39329.1666666667,3.93291666666667,-83.7589002426355
39333.3333333333,3.93333333333333,-83.9621992893646
39337.5,3.93375,-84.1803400650114
39341.6666666667,3.93416666666667,-84.4140862404121
39345.8333333333,3.93458333333333,-84.6642999386558
39350,3.935,-84.9319570444944
39354.1666666667,3.93541666666667,-85.218165776242
39358.3333333333,3.93583333333333,-85.5241894028554
39362.5,3.93625,-85.851474219652
39366.6666666667,3.93666666666667,-86.2016843333359
39370.8333333333,3.93708333333333,-86.5767453095846
39375,3.9375,-86.9788995255619
39379.1666666667,3.93791666666667,-87.4107772090883
39383.3333333333,3.93833333333333,-87.875488783513
39387.5,3.93875,-88.3767466774284
39391.6666666667,3.93916666666667,-88.9190286396494
39395.8333333333,3.93958333333333,-89.5078007410561
39400,3.94,-90.1498283448448
39404.1666666667,3.94041666666667,-90.8536201940563
39408.3333333333,3.94083333333333,-91.6300805158386
39412.5,3.94125,-92.4934981617769
39416.6666666667,3.94166666666667,-93.4631062243202
39420.8333333333,3.94208333333333,-94.5656589472374
39425,3.9425,-95.8399433660063
39429.1666666667,3.94291666666667,-97.3452818913148
39433.3333333333,3.94333333333333,-99.1791918768418
39437.5,3.94375,-101.519375448838
39441.6666666667,3.94416666666667,-104.746190104956
39445.8333333333,3.94458333333333,-109.954539239494
39450,3.945,-124.970210250301
39454.1666666667,3.94541666666667,-113.761946625149
39458.3333333333,3.94583333333333,-106.626466539146
39462.5,3.94625,-102.769251730522
39466.6666666667,3.94666666666667,-100.114919263896
39470.8333333333,3.94708333333333,-98.0926010175406
39475,3.9475,-96.4615678939304
39479.1666666667,3.94791666666667,-95.0973779320545
39483.3333333333,3.94833333333333,-93.9272692049824
39487.5,3.94875,-92.9049956457235
39491.6666666667,3.94916666666667,-91.9993303144022
39495.8333333333,3.94958333333333,-91.1881949000916
39500,3.95,-90.4554041208655
39504.1666666667,3.95041666666667,-89.7887409240588
39508.3333333333,3.95083333333333,-89.1787587831116
39512.5,3.95125,-88.6180045154445
39516.6666666667,3.95166666666667,-88.1004960254515
39520.8333333333,3.95208333333333,-87.6213607927202
39525,3.9525,-87.176579157407
39529.1666666667,3.95291666666667,-86.762797960942
39533.3333333333,3.95333333333333,-86.3771925897225
39537.5,3.95375,-86.0173631111669
39541.6666666667,3.95416666666667,-85.6812548512779
39545.8333333333,3.95458333333333,-85.36709684232
39550,3.955,-85.0733535299396
39554.1666666667,3.95541666666667,-84.7986864555241
39558.3333333333,3.95583333333333,-84.5419235601729
39562.5,3.95625,-84.3020343521857
39566.6666666667,3.95666666666667,-84.0781096704586
39570.8333333333,3.95708333333333,-83.8693450585666
39575,3.9575,-83.675027010948
39579.1666666667,3.95791666666667,-83.494521540823
39583.3333333333,3.95833333333333,-83.3272646045111
39587.5,3.95875,-83.1727540644739
39591.6666666667,3.95916666666667,-83.0305428982422
39595.8333333333,3.95958333333333,-82.9002334545021
39600,3.96,-82.7814725735352
39604.1666666667,3.96041666666667,-82.673947439325
39608.3333333333,3.96083333333333,-82.5773820518997
39612.5,3.96125,-82.4915342233287
39616.6666666667,3.96166666666667,-82.4161930359038
39620.8333333333,3.96208333333333,-82.3511766858608
39625,3.9625,-82.2963306859704
39629.1666666667,3.96291666666667,-82.2515263603918
39633.3333333333,3.96333333333333,-82.2166596301203
39637.5,3.96375,-82.1916500376933
39641.6666666667,3.96416666666667,-82.1764400070913
39645.8333333333,3.96458333333333,-82.1709943194636
39650,3.965,-82.1752997960411
39654.1666666667,3.96541666666667,-82.1893651764537
39658.3333333333,3.96583333333333,-82.2132212017158
39662.5,3.96625,-82.2469208859472
39666.6666666667,3.96666666666667,-82.2905400054501
39670.8333333333,3.96708333333333,-82.34417778822
39675,3.9675,-82.4079578420757
39679.1666666667,3.96791666666667,-82.4820293200118
39683.3333333333,3.96833333333333,-82.5665683626105
39687.5,3.96875,-82.6617798343399
39691.6666666667,3.96916666666667,-82.7678994032181
39695.8333333333,3.96958333333333,-82.8851960009837
39700,3.97,-83.0139747263182
39704.1666666667,3.97041666666667,-83.1545802621359
39708.3333333333,3.97083333333333,-83.3074008875119
39712.5,3.97125,-83.4728732014409
39716.6666666667,3.97166666666667,-83.6514876761672
39720.8333333333,3.97208333333333,-83.8437952224022
39725,3.9725,-84.0504149561984
39729.1666666667,3.97291666666667,-84.2720434324805
39733.3333333333,3.97333333333333,-84.5094656763932
39737.5,3.97375,-84.7635684201639
39741.6666666667,3.97416666666667,-85.0353560980995
39745.8333333333,3.97458333333333,-85.3259702821961
39750,3.975,-85.6367134912386
39754.1666666667,3.97541666666667,-85.9690785793256
39758.3333333333,3.97583333333333,-86.3247853375309
39762.5,3.97625,-86.7058265475425
39766.6666666667,3.97666666666667,-87.1145265218816
39770.8333333333,3.97708333333333,-87.5536164565582
39775,3.9775,-88.0263326907903
39779.1666666667,3.97791666666667,-88.5365467910673
39783.3333333333,3.97833333333333,-89.0889406471844
39787.5,3.97875,-89.6892466632771
39791.6666666667,3.97916666666667,-90.3445844303376
39795.8333333333,3.97958333333333,-91.0639444200213
39800,3.98,-91.8589032180982
39804.1666666667,3.98041666666667,-92.7447174229915
39808.3333333333,3.98083333333333,-93.7420656413066
39812.5,3.98125,-94.8799619405593
39816.6666666667,3.98166666666667,-96.2009351771931
39820.8333333333,3.98208333333333,-97.7709852218351
39825,3.9825,-99.7008252972125
39829.1666666667,3.98291666666667,-102.198399033402
39833.3333333333,3.98333333333333,-105.732043706184
39837.5,3.98375,-111.806971014014
39841.6666666667,3.98416666666667,-149.151792533729
39845.8333333333,3.98458333333333,-111.575218095312
39850,3.985,-105.617527822102
39854.1666666667,3.98541666666667,-102.123561808957
39858.3333333333,3.98583333333333,-99.6462790399782
39862.5,3.98625,-97.7289751448253
39866.6666666667,3.98666666666667,-96.1675840472123
39870.8333333333,3.98708333333333,-94.8530543277988
39875,3.9875,-93.7202170398444
39879.1666666667,3.98791666666667,-92.7270049627721
39883.3333333333,3.98833333333333,-91.8446810346536
39887.5,3.98875,-91.0527429341805
39891.6666666667,3.98916666666667,-90.3360516045218
39895.8333333333,3.98958333333333,-89.6831118496373
39900,3.99,-89.0849913461312
39904.1666666667,3.99041666666667,-88.5346131608277
39908.3333333333,3.99083333333333,-88.0262768941507
39912.5,3.99125,-87.5553251434366
39916.6666666667,3.99166666666667,-87.1179054026543
39920.8333333333,3.99208333333333,-86.7107963912641
39925,3.9925,-86.331278974377
39929.1666666667,3.99291666666667,-85.9770386119205
39933.3333333333,3.99333333333333,-85.6460905388085
39937.5,3.99375,-85.3367215894644
39941.6666666667,3.99416666666667,-85.0474444522008
39945.8333333333,3.99458333333333,-84.7769612733711
39950,3.995,-84.524134443124
39954.1666666667,3.99541666666667,-84.2879629166382
39958.3333333333,3.99583333333333,-84.0675628799858
39962.5,3.99625,-83.8621518407356
39966.6666666667,3.99666666666667,-83.6710354528255
39970.8333333333,3.99708333333333,-83.4935965418733
39975,3.9975,-83.3292859111513
39979.1666666667,3.99791666666667,-83.1776146124898
39983.3333333333,3.99833333333333,-83.0381474097588
39987.5,3.99875,-82.9104972514216
39991.6666666667,3.99916666666667,-82.7943205643101
39995.8333333333,3.99958333333333,-82.6893132613308
40000,4,-82.5952073379178
40004.1666666667,4.00041666666667,-82.5117679822589
40008.3333333333,4.00083333333333,-82.4387911261128
40012.5,4.00125,-82.3761013735022
40016.6666666667,4.00166666666667,-82.3235502741703
40020.8333333333,4.00208333333333,-82.2810148891708
40025,4.0025,-82.2483966286413
40029.1666666667,4.00291666666667,-82.2256203382582
40033.3333333333,4.00333333333333,-82.2126336041399
40037.5,4.00375,-82.2094062810367
40041.6666666667,4.00416666666667,-82.2159302160621
40045.8333333333,4.00458333333333,-82.2322191793157
40050,4.005,-82.2583089841107
40054.1666666667,4.00541666666667,-82.2942578128109
40058.3333333333,4.00583333333333,-82.3401467481051
40062.5,4.00625,-82.3960805163323
40066.6666666667,4.00666666666667,-82.4621884690139
40070.8333333333,4.00708333333333,-82.5386258075285
40075,4.0075,-82.6255750932373
40079.1666666667,4.00791666666667,-82.7232480556491
40083.3333333333,4.00833333333333,-82.8318877553031
40087.5,4.00875,-82.951771142162
40091.6666666667,4.00916666666667,-83.0832120681371
40095.8333333333,4.00958333333333,-83.2265648326001
40100,4.01,-83.3822283477605
40104.1666666667,4.01041666666667,-83.5506510389635
40108.3333333333,4.01083333333333,-83.7323366160382
40112.5,4.01125,-83.9278508911569
40116.6666666667,4.01166666666667,-84.1378298609768
40120.8333333333,4.01208333333333,-84.3629893156371
40125,4.0125,-84.6041363395688
40129.1666666667,4.01291666666667,-84.8621831254116
40133.3333333333,4.01333333333333,-85.1381636906169
40137.5,4.01375,-85.4332542248311
40141.6666666667,4.01416666666667,-85.7487980556168
40145.8333333333,4.01458333333333,-86.0863365334043
40150,4.015,-86.4476475744291
40154.1666666667,4.01541666666667,-86.8347942702602
40158.3333333333,4.01583333333333,-87.2501868468875
40162.5,4.01625,-87.6966626511183
40166.6666666667,4.01666666666667,-88.177590790601
40170.8333333333,4.01708333333333,-88.6970111733883
40175,4.0175,-89.2598224380389
40179.1666666667,4.01791666666667,-89.8720409548445
40183.3333333333,4.01833333333333,-90.5411658192682
40187.5,4.01875,-91.2767064955683
40191.6666666667,4.01916666666667,-92.0909687217675
40195.8333333333,4.01958333333333,-93.0002668948367
40200,4.02,-94.0268748638378
40204.1666666667,4.02041666666667,-95.2023306290933
40208.3333333333,4.02083333333333,-96.5734068604609
40212.5,4.02125,-98.2138336157723
40216.6666666667,4.02166666666667,-100.250047915393
40220.8333333333,4.02208333333333,-102.927654072325
40225,4.0225,-106.833408460197
40229.1666666667,4.02291666666667,-114.141051500496
40233.3333333333,4.02333333333333,-124.026169062515
40237.5,4.02375,-109.842068972848
40241.6666666667,4.02416666666667,-104.719921501592
40245.8333333333,4.02458333333333,-101.526478428952
40250,4.025,-99.2043125655334
40254.1666666667,4.02541666666667,-97.3818751801461
40258.3333333333,4.02583333333333,-95.8846164367603
40262.5,4.02625,-94.6164270908217
40266.6666666667,4.02666666666667,-93.5187084142566
40270.8333333333,4.02708333333333,-92.5530834163801
40275,4.0275,-91.6930475740938
40279.1666666667,4.02791666666667,-90.9195285817242
40283.3333333333,4.02833333333333,-90.2183457933935
40287.5,4.02875,-89.5786704882608
40291.6666666667,4.02916666666667,-88.9920482151303
40295.8333333333,4.02958333333333,-88.4517536621684
40300,4.03,-87.9523509427801
40304.1666666667,4.03041666666667,-87.4893855062159
40308.3333333333,4.03083333333333,-87.059163039517
40312.5,4.03125,-86.6585874825309
40316.6666666667,4.03166666666667,-86.2850401413882
40320.8333333333,4.03208333333333,-85.9362880132474
40325,4.0325,-85.6104132340195
40329.1666666667,4.03291666666667,-85.3057580835571
40333.3333333333,4.03333333333333,-85.0208816129447
40337.5,4.03375,-84.7545250667695
40341.6666666667,4.03416666666667,-84.505584065196
40345.8333333333,4.03458333333333,-84.2730860118285
40350,4.035,-84.0561716204374
40354.1666666667,4.03541666666667,-83.8540796859863
40358.3333333333,4.03583333333333,-83.6661344550628
40362.5,4.03625,-83.4917350940417
40366.6666666667,4.03666666666667,-83.330346856019
40370.8333333333,4.03708333333333,-83.1814936457511
40375,4.0375,-83.0447517315123
40379.1666666667,4.03791666666667,-82.9197444183719
40383.3333333333,4.03833333333333,-82.8061375179269
40387.5,4.03875,-82.7036354952669
40391.6666666667,4.03916666666667,-82.6119781970463
40395.8333333333,4.03958333333333,-82.5309380614571
40400,4.04,-82.4603177647822
40404.1666666667,4.04041666666667,-82.3999482313824
40408.3333333333,4.04083333333333,-82.3496869765685
40412.5,4.04125,-82.3094167394328
40416.6666666667,4.04166666666667,-82.2790443759888
40420.8333333333,4.04208333333333,-82.2584999999665
40425,4.0425,-82.2477363383996
40429.1666666667,4.04291666666667,-82.2467283072367
40433.3333333333,4.04333333333333,-82.2554727795737
40437.5,4.04375,-82.2739885626348
40441.6666666667,4.04416666666667,-82.3023165649512
40445.8333333333,4.04458333333333,-82.3405201659136
40450,4.045,-82.3886857971132
40454.1666666667,4.04541666666667,-82.4469237371589
40458.3333333333,4.04583333333333,-82.5153691484713
40462.5,4.04625,-82.5941833648961
40466.6666666667,4.04666666666667,-82.6835554646946
40470.8333333333,4.04708333333333,-82.7837041606632
40475,4.0475,-82.894880044013
40479.1666666667,4.04791666666667,-83.017368245959
40483.3333333333,4.04833333333333,-83.1514915609718
40487.5,4.04875,-83.2976141296601
40491.6666666667,4.04916666666667,-83.456145758879
40495.8333333333,4.04958333333333,-83.6275470107294
40500,4.05,-83.8123351961861
40504.1666666667,4.05041666666667,-84.011091461946
40508.3333333333,4.05083333333333,-84.2244691957465
40512.5,4.05125,-84.4532040379534
40516.6666666667,4.05166666666667,-84.6981258681352
40520.8333333333,4.05208333333333,-84.9601732276338
40525,4.0525,-85.2404108003904
40529.1666666667,4.05291666666667,-85.5400507161135
40533.3333333333,4.05333333333333,-85.8604787540911
40537.5,4.05375,-86.2032868024245
40541.6666666667,4.05416666666667,-86.5703134748038
40545.8333333333,4.05458333333333,-86.9636954495413
40550,4.055,-87.3859330935225
40554.1666666667,4.05541666666667,-87.8399754208946
40558.3333333333,4.05583333333333,-88.3293316341306
40562.5,4.05625,-88.8582198668496
40566.6666666667,4.05666666666667,-89.4317691029086
40570.8333333333,4.05708333333333,-90.0562987985836
40575,4.0575,-90.739715126701
40579.1666666667,4.05791666666667,-91.4920874933078
40583.3333333333,4.05833333333333,-92.3265137287243
40587.5,4.05875,-93.2604668203805
40591.6666666667,4.05916666666667,-94.3179855845058
40595.8333333333,4.05958333333333,-95.5334359725106
40600,4.06,-96.9584241170361
40604.1666666667,4.06041666666667,-98.6756807401896
40608.3333333333,4.06083333333333,-100.830538114322
40612.5,4.06125,-103.716152733197
40616.6666666667,4.06166666666667,-108.083140229786
40620.8333333333,4.06208333333333,-117.310589868894
40625,4.0625,-118.282681132111
40629.1666666667,4.06291666666667,-108.407626835908
40633.3333333333,4.06333333333333,-103.911737671078
40637.5,4.06375,-100.971210751415
40641.6666666667,4.06416666666667,-98.7860994774608
40645.8333333333,4.06458333333333,-97.0497963961083
40650,4.065,-95.6117961348024
40654.1666666667,4.06541666666667,-94.3869539132905
40658.3333333333,4.06583333333333,-93.3223855558136
40662.5,4.06625,-92.3829851594173
40666.6666666667,4.06666666666667,-91.5442558194745
40670.8333333333,4.06708333333333,-90.7884257559711
40675,4.0675,-90.1021939368077
40679.1666666667,4.06791666666667,-89.4753479277622
40683.3333333333,4.06833333333333,-88.8998779599716
40687.5,4.06875,-88.3693876855981
40691.6666666667,4.06916666666667,-87.8786898422373
40695.8333333333,4.06958333333333,-87.4235213130671
40700,4.07,-87.0003376111892
40704.1666666667,4.07041666666667,-86.6061616511241
40708.3333333333,4.07083333333333,-86.2384704441099
40712.5,4.07125,-85.8951088722755
40716.6666666667,4.07166666666667,-85.5742231339533
40720.8333333333,4.07208333333333,-85.2742087112114
40725,4.0725,-84.9936692317073
40729.1666666667,4.07291666666667,-84.7313836014305
40733.3333333333,4.07333333333333,-84.4862795016765
40737.5,4.07375,-84.2574118334649
40741.6666666667,4.07416666666667,-84.0439450510172
40745.8333333333,4.07458333333333,-83.8451385862177
40750,4.075,-83.6603347342301
40754.1666666667,4.07541666666667,-83.4889485479716
40758.3333333333,4.07583333333333,-83.3304593466666
40762.5,4.07625,-83.1844035664459
40766.6666666667,4.07666666666667,-83.0503687053124
40770.8333333333,4.07708333333333,-82.9279881922353
40775,4.0775,-82.8169370251602
40779.1666666667,4.07791666666667,-82.716928056748
40783.3333333333,4.07833333333333,-82.6277088400689
40787.5,4.07875,-82.5490589437915
40791.6666666667,4.07916666666667,-82.480787688331
40795.8333333333,4.07958333333333,-82.4227322343721
40800,4.08,-82.3747559945744
40804.1666666667,4.08041666666667,-82.3367473293374
40808.3333333333,4.08083333333333,-82.3086184994673
40812.5,4.08125,-82.2903048549975
40816.6666666667,4.08166666666667,-82.281764244836
40820.8333333333,4.08208333333333,-82.2829766354488
40825,4.0825,-82.2939439290915
40829.1666666667,4.08291666666667,-82.3146899802037
40833.3333333333,4.08333333333333,-82.3452608146628
40837.5,4.08375,-82.3857250415757
40841.6666666667,4.08416666666667,-82.4361744866828
40845.8333333333,4.08458333333333,-82.4967250382154
40850,4.085,-82.5675177406202
40854.1666666667,4.08541666666667,-82.648720144379
40858.3333333333,4.08583333333333,-82.7405279490957
40862.5,4.08625,-82.8431669705276
40866.6666666667,4.08666666666667,-82.956895475703
40870.8333333333,4.08708333333333,-83.0820069439291
40875,4.0875,-83.2188333112855
40879.1666666667,4.08791666666667,-83.367748791342
40883.3333333333,4.08833333333333,-83.5291743576209
40887.5,4.08875,-83.7035830311451
40891.6666666667,4.08916666666667,-83.8915061021326
40895.8333333333,4.08958333333333,-84.0935404999701
40900,4.09,-84.3103575400387
40904.1666666667,4.09041666666667,-84.5427133498693
40908.3333333333,4.09083333333333,-84.7914613726554
40912.5,4.09125,-85.0575674305403
40916.6666666667,4.09166666666667,-85.3421280032385
40920.8333333333,4.09208333333333,-85.6463925571577
40925,4.0925,-85.9717910403259
40929.1666666667,4.09291666666667,-86.31996803533
40933.3333333333,4.09333333333333,-86.6928255706357
40937.5,4.09375,-87.0925773845348
40941.6666666667,4.09416666666667,-87.5218184700263
40945.8333333333,4.09458333333333,-87.9836153993468
40950,4.095,-88.4816253015109
40954.1666666667,4.09541666666667,-89.0202551588004
40958.3333333333,4.09583333333333,-89.6048789830741
40962.5,4.09625,-90.2421400771625
40966.6666666667,4.09666666666667,-90.9403818206249
40970.8333333333,4.09708333333333,-91.7102786339115
40975,4.0975,-92.5657903383911
40979.1666666667,4.09791666666667,-93.5256616556097
40983.3333333333,4.09833333333333,-94.6158893414558
40987.5,4.09875,-95.8740187686721
40991.6666666667,4.09916666666667,-97.3571859487959
40995.8333333333,4.09958333333333,-99.1586673801862
41000,4.1,-101.446715396316
41004.1666666667,4.10041666666667,-104.57548551691
41008.3333333333,4.10083333333333,-109.530232026266
41012.5,4.10125,-122.299360587618
41016.6666666667,4.10166666666667,-114.876090634311
41020.8333333333,4.10208333333333,-107.18472682149
41025,4.1025,-103.176900377988
41029.1666666667,4.10291666666667,-100.452269397418
41033.3333333333,4.10333333333333,-98.3891568146352
41037.5,4.10375,-96.7314191316092
41041.6666666667,4.10416666666667,-95.3483448870082
41045.8333333333,4.10458333333333,-94.1641416389971
41050,4.105,-93.1309193339629
41054.1666666667,4.10541666666667,-92.2164819496545
41058.3333333333,4.10583333333333,-91.3981428934121
41062.5,4.10625,-90.6593157485629
41066.6666666667,4.10666666666667,-89.987508208225
41070.8333333333,4.10708333333333,-89.3730785625817
41075,4.1075,-88.8084313607388
41079.1666666667,4.10791666666667,-88.2874783492703
41083.3333333333,4.10833333333333,-87.8052661665859
41087.5,4.10875,-87.3577125043093
41091.6666666667,4.10916666666667,-86.9414148791945
41095.8333333333,4.10958333333333,-86.553509314665
41100,4.11,-86.1915640634169
41104.1666666667,4.11041666666667,-85.8534984479629
41108.3333333333,4.11083333333333,-85.5375200364576
41112.5,4.11125,-85.2420753812113
41116.6666666667,4.11166666666667,-84.9658109876658
41120.8333333333,4.11208333333333,-84.7075420496815
41125,4.1125,-84.4662271972073
41129.1666666667,4.11291666666667,-84.2409479131696
41133.3333333333,4.11333333333333,-84.0308916405417
41137.5,4.11375,-83.8353378203128
41141.6666666667,4.11416666666667,-83.653646275997
41145.8333333333,4.11458333333333,-83.4852475088785
41150,4.115,-83.3296345355027
41154.1666666667,4.11541666666667,-83.1863560107011
41158.3333333333,4.11583333333333,-83.0550103977359
41162.5,4.11625,-82.9352410271021
41166.6666666667,4.11666666666667,-82.8267318920336
41170.8333333333,4.11708333333333,-82.7292040699773
41175,4.1175,-82.642412683042
41179.1666666667,4.11791666666667,-82.5661443162877
41183.3333333333,4.11833333333333,-82.5002148360227
41187.5,4.11875,-82.4444675583858
41191.6666666667,4.11916666666667,-82.3987717283962
41195.8333333333,4.11958333333333,-82.3630212764724
41200,4.12,-82.337133825655
41204.1666666667,4.12041666666667,-82.3210499365805
41208.3333333333,4.12083333333333,-82.3147325604343
41212.5,4.12125,-82.318166708463
41216.6666666667,4.12166666666667,-82.3313593130427
41220.8333333333,4.12208333333333,-82.3543392931079
41225,4.1225,-82.3871578139113
41229.1666666667,4.12291666666667,-82.4298887512166
41233.3333333333,4.12333333333333,-82.4826293713029
41237.5,4.12375,-82.5455012319982
41241.6666666667,4.12416666666667,-82.6186513348328
41245.8333333333,4.12458333333333,-82.7022535350756
41250,4.125,-82.7965102606468
41254.1666666667,4.12541666666667,-82.9016545571336
41258.3333333333,4.12583333333333,-83.0179525160735
41262.5,4.12625,-83.1457061394119
41266.6666666667,4.12666666666667,-83.2852567101881
41270.8333333333,4.12708333333333,-83.4369887545098
41275,4.1275,-83.6013346977278
41279.1666666667,4.12791666666667,-83.7787803507687
41283.3333333333,4.12833333333333,-83.9698713787764
41287.5,4.12875,-84.1752209600661
41291.6666666667,4.12916666666667,-84.395518894329
41295.8333333333,4.12958333333333,-84.6315424634714
41300,4.13,-84.8841694767238
41304.1666666667,4.13041666666667,-85.1543940079116
41308.3333333333,4.13083333333333,-85.4433455220302
41312.5,4.13125,-85.7523122811353
41316.6666666667,4.13166666666667,-86.0827702171268
41320.8333333333,4.13208333333333,-86.4364188744377
41325,4.1325,-86.8152265716439
41329.1666666667,4.13291666666667,-87.2214877864572
41333.3333333333,4.13333333333333,-87.6578969116271
41337.5,4.13375,-88.1276443535655
41341.6666666667,4.13416666666667,-88.6345435662839
41345.8333333333,4.13458333333333,-89.1832018064271
41350,4.135,-89.7792539848413
41354.1666666667,4.13541666666667,-90.4296898220818
41358.3333333333,4.13583333333333,-91.1433228797163
41362.5,4.13625,-91.9314823105082
41366.6666666667,4.13666666666667,-92.8090677216449
41370.8333333333,4.13708333333333,-93.7962229060247
41375,4.1375,-94.9211227727814
41379.1666666667,4.13791666666667,-96.2249002229428
41383.3333333333,4.13833333333333,-97.7710485577783
41387.5,4.13875,-99.6652849558486
41391.6666666667,4.13916666666667,-102.103955382275
41395.8333333333,4.13958333333333,-105.520912328316
41400,4.14,-111.252498821157
41404.1666666667,4.14041666666667,-135.074242790233
41408.3333333333,4.14083333333333,-112.450233276025
41412.5,4.14125,-106.119421430212
41416.6666666667,4.14166666666667,-102.503264973693
41420.8333333333,4.14208333333333,-99.9651540568484
41425,4.1425,-98.0113559459446
41429.1666666667,4.14291666666667,-96.425579690643
41433.3333333333,4.14333333333333,-95.0935629555266
41437.5,4.14375,-93.9475404953052
41441.6666666667,4.14416666666667,-92.9440062659555
41445.8333333333,4.14458333333333,-92.0533614742884
41450,4.145,-91.2545561814009
41454.1666666667,4.14541666666667,-90.5320866276327
41458.3333333333,4.14583333333333,-89.8742053294304
41462.5,4.14625,-89.2717998597392
41466.6666666667,4.14666666666667,-88.717661256984
41470.8333333333,4.14708333333333,-88.2059901193615
41475,4.1475,-87.7320533326132
41479.1666666667,4.14791666666667,-87.2919394937222
41483.3333333333,4.14833333333333,-86.8823808002246
41487.5,4.14875,-86.5006208778604
41491.6666666667,4.14916666666667,-86.1443150107705
41495.8333333333,4.14958333333333,-85.8114537075155
41500,4.15,-85.50030334967
41504.1666666667,4.15041666666667,-85.2093595382696
41508.3333333333,4.15083333333333,-84.9373100351583
41512.5,4.15125,-84.6830050131626
41516.6666666667,4.15166666666667,-84.4454329855204
41520.8333333333,4.15208333333333,-84.2237011416571
41525,4.1525,-84.0170191901009
41529.1666666667,4.15291666666667,-83.8246859801813
41533.3333333333,4.15333333333333,-83.64607836239
41537.5,4.15375,-83.4806418632381
41541.6666666667,4.15416666666667,-83.3278828428831
41545.8333333333,4.15458333333333,-83.1873618732531
41550,4.155,-83.0586881291348
41554.1666666667,4.15541666666667,-82.9415146244296
41558.3333333333,4.15583333333333,-82.835534164617
41562.5,4.15625,-82.7404758949852
41566.6666666667,4.15666666666667,-82.6561023763616
41570.8333333333,4.15708333333333,-82.5822070963173
41575,4.1575,-82.5186123753953
41579.1666666667,4.15791666666667,-82.4651676078733
41583.3333333333,4.15833333333333,-82.421747807387
41587.5,4.15875,-82.3882524249077
41591.6666666667,4.15916666666667,-82.3646044100175
41595.8333333333,4.15958333333333,-82.3507495057083
41600,4.16,-82.3466557510764
41604.1666666667,4.16041666666667,-82.3523131975268
41608.3333333333,4.16083333333333,-82.3677338141827
41612.5,4.16125,-82.39295159846
41616.6666666667,4.16166666666667,-82.4280228830262
41620.8333333333,4.16208333333333,-82.4730268479602
41625,4.1625,-82.5280662506626
41629.1666666667,4.16291666666667,-82.59326838237
41633.3333333333,4.16333333333333,-82.6687862763664
41637.5,4.16375,-82.7548001888435
41641.6666666667,4.16416666666667,-82.851519384894
41645.8333333333,4.16458333333333,-82.9591842729949
41650,4.165,-83.0780689207885
41654.1666666667,4.16541666666667,-83.2084840363576
41658.3333333333,4.16583333333333,-83.3507804612262
41662.5,4.16625,-83.5053532853637
41666.6666666667,4.16666666666667,-83.6726466789481
41670.8333333333,4.16708333333333,-83.8531595888076
41675,4.1675,-84.0474524638506
41679.1666666667,4.16791666666667,-84.2561552194485
41683.3333333333,4.16833333333333,-84.479976718185
41687.5,4.16875,-84.7197160913797
41691.6666666667,4.16916666666667,-84.9762763532903
41695.8333333333,4.16958333333333,-85.2506808475422
41700,4.17,-85.5440932697723
41704.1666666667,4.17041666666667,-85.8578422096188
41708.3333333333,4.17083333333333,-86.1934514922581
41712.5,4.17125,-86.552678017867
41716.6666666667,4.17166666666667,-86.9375594369985
41720.8333333333,4.17208333333333,-87.350474866766
41725,4.1725,-87.7942231820808
41729.1666666667,4.17291666666667,-88.2721253278365
41733.3333333333,4.17333333333333,-88.788160082175
41737.5,4.17375,-89.3471472789371
41741.6666666667,4.17416666666667,-89.9549999129483
41745.8333333333,4.17458333333333,-90.6190786982375
41750,4.175,-91.3487035260121
41754.1666666667,4.17541666666667,-92.1559132193861
41758.3333333333,4.17583333333333,-93.0566339758166
41762.5,4.17625,-94.0725523946955
41766.6666666667,4.17666666666667,-95.2342737372346
41770.8333333333,4.17708333333333,-96.5869945466527
41775,4.1775,-98.201554789593
41779.1666666667,4.17791666666667,-100.198457519232
41783.3333333333,4.17833333333333,-102.808888812292
41787.5,4.17875,-106.573099408325
41791.6666666667,4.17916666666667,-113.384848519254
41795.8333333333,4.17958333333333,-127.72986266552
41800,4.18,-110.567098826912
41804.1666666667,4.18041666666667,-105.175990681116
41808.3333333333,4.18083333333333,-101.881432876641
41812.5,4.18125,-99.5061295300353
41816.6666666667,4.18166666666667,-97.6508583122593
41820.8333333333,4.18208333333333,-96.1312467200454
41825,4.1825,-94.8468188916061
41829.1666666667,4.18291666666667,-93.7367391347437
41833.3333333333,4.18333333333333,-92.7613658988799
41837.5,4.18375,-91.8934258760719
41841.6666666667,4.18416666666667,-91.1133524609073
41845.8333333333,4.18458333333333,-90.4066327054478
41850,4.185,-89.7622062311616
41854.1666666667,4.18541666666667,-89.1714521348631
41858.3333333333,4.18583333333333,-88.6275224071236
41862.5,4.18625,-88.1248887231474
41866.6666666667,4.18666666666667,-87.659025542685
41870.8333333333,4.18708333333333,-87.2261831324158
41875,4.1875,-86.8232215105686
41879.1666666667,4.18791666666667,-86.4474867263198
41883.3333333333,4.18833333333333,-86.0967171297899
41887.5,4.18875,-85.7689713321115
41891.6666666667,4.18916666666667,-85.4625721067702
41895.8333333333,4.18958333333333,-85.1760621795342
41900,4.19,-84.9081690231196
41904.1666666667,4.19041666666667,-84.6577765426313
41908.3333333333,4.19083333333333,-84.4239021114051
41912.5,4.19125,-84.2056777896919
41916.6666666667,4.19166666666667,-84.0023348557751
41920.8333333333,4.19208333333333,-83.8131909929001
41925,4.1925,-83.6376395928079
41929.1666666667,4.19291666666667,-83.4751408035868
41933.3333333333,4.19333333333333,-83.3252139839744
41937.5,4.19375,-83.1874313348442
41941.6666666667,4.19416666666667,-83.0614124957604
41945.8333333333,4.19458333333333,-82.9468199563314
41950,4.195,-82.8433551549446
41954.1666666667,4.19541666666667,-82.750755155265
41958.3333333333,4.19583333333333,-82.668789828826
41962.5,4.19625,-82.5972594588981
41966.6666666667,4.19666666666667,-82.5359927294729
41970.8333333333,4.19708333333333,-82.4848450396382
41975,4.1975,-82.443697112836
41979.1666666667,4.19791666666667,-82.4124538729537
41983.3333333333,4.19833333333333,-82.3910435604488
41987.5,4.19875,-82.3794170774987
41991.6666666667,4.19916666666667,-82.3775475392696
41995.8333333333,4.19958333333333,-82.3854300330302
42000,4.2,-82.4030815733671
42004.1666666667,4.20041666666667,-82.4305412546327
42008.3333333333,4.20083333333333,-82.4678706067589
42012.5,4.20125,-82.5151541540814
42016.6666666667,4.20166666666667,-82.5725001986475
42020.8333333333,4.20208333333333,-82.6400418298419
42025,4.2025,-82.7179381952129
42029.1666666667,4.20291666666667,-82.8063760474082
42033.3333333333,4.20333333333333,-82.9055716058914
42037.5,4.20375,-83.0157727749729
42041.6666666667,4.20416666666667,-83.1372617615489
42045.8333333333,4.20458333333333,-83.2703581666641
42050,4.205,-83.4154226116175
42054.1666666667,4.20541666666667,-83.5728610083318
42058.3333333333,4.20583333333333,-83.7431295767416
42062.5,4.20625,-83.9267407610529
42066.6666666667,4.20666666666667,-84.1242702188436
42070.8333333333,4.20708333333333,-84.3363651090858
42075,4.2075,-84.563753960333
42079.1666666667,4.20791666666667,-84.8072584809122
42083.3333333333,4.20833333333333,-85.0678077646781
42087.5,4.20875,-85.3464554913465
42091.6666666667,4.20916666666667,-85.644400891801
42095.8333333333,4.20958333333333,-85.9630144975953
42100,4.21,-86.3038700322006
42104.1666666667,4.21041666666667,-86.6687842854012
42108.3333333333,4.21083333333333,-87.0598674509013
42112.5,4.21125,-87.4795874330987
42116.6666666667,4.21166666666667,-87.930852993243
42120.8333333333,4.21208333333333,-88.4171227848429
42125,4.2125,-88.9425505684313
42129.1666666667,4.21291666666667,-89.5121820207952
42133.3333333333,4.21333333333333,-90.1322268405662
42137.5,4.21375,-90.8104435336455
42141.6666666667,4.21416666666667,-91.5566980205424
42145.8333333333,4.21458333333333,-92.383799628103
42150,4.215,-93.3087982347403
42154.1666666667,4.21541666666667,-94.3550859939096
42158.3333333333,4.21583333333333,-95.5559884627995
42162.5,4.21625,-96.9613241074298
42166.6666666667,4.21666666666667,-98.650470759692
42170.8333333333,4.21708333333333,-100.761649205751
42175,4.2175,-103.569827302431
42179.1666666667,4.21791666666667,-107.761023348329
42183.3333333333,4.21833333333333,-116.193862290287
42187.5,4.21875,-120.053492604024
42191.6666666667,4.21916666666667,-109.028929271267
42195.8333333333,4.21958333333333,-104.32955678536
42200,4.22,-101.303981802808
42204.1666666667,4.22041666666667,-99.0720617182291
42208.3333333333,4.22083333333333,-97.3060650678493
42212.5,4.22125,-95.8475019181062
42216.6666666667,4.22166666666667,-94.6075409315699
42220.8333333333,4.22208333333333,-93.5313603686204
42225,4.2225,-92.5827385069626
42229.1666666667,4.22291666666667,-91.7364904417039
42233.3333333333,4.22333333333333,-90.9743971054921
42237.5,4.22375,-90.2828540501352
42241.6666666667,4.22416666666667,-89.6514357461981
42245.8333333333,4.22458333333333,-89.0719783549848
42250,4.225,-88.537971351934
42254.1666666667,4.22541666666667,-88.0441410594074
42258.3333333333,4.22583333333333,-87.5861577298274
42262.5,4.22625,-87.1604246732045
42266.6666666667,4.22666666666667,-86.7639233038844
42270.8333333333,4.22708333333333,-86.3940972215378
42275,4.2275,-86.0487640960363
42279.1666666667,4.22791666666667,-85.7260477246723
42283.3333333333,4.22833333333333,-85.4243249750135
42287.5,4.22875,-85.1421838656427
42291.6666666667,4.22916666666667,-84.878390111054
42295.8333333333,4.22958333333333,-84.6318601527092
42300,4.23,-84.4016392497952
42304.1666666667,4.23041666666667,-84.1868835276189
42308.3333333333,4.23083333333333,-83.9868451721675
42312.5,4.23125,-83.8008601426324
42316.6666666667,4.23166666666667,-83.6283379089738
42320.8333333333,4.23208333333333,-83.4687528486566
42325,4.2325,-83.3216369905664
42329.1666666667,4.23291666666667,-83.1865738841975
42333.3333333333,4.23333333333333,-83.063193395662
42337.5,4.23375,-82.9511672890846
42341.6666666667,4.23416666666667,-82.8502054646522
42345.8333333333,4.23458333333333,-82.7600527598943
42350,4.235,-82.6804862318984
42354.1666666667,4.23541666666667,-82.6113128582929
42358.3333333333,4.23583333333333,-82.5523676001731
42362.5,4.23625,-82.5035117898207
42366.6666666667,4.23666666666667,-82.4646318034911
42370.8333333333,4.23708333333333,-82.4356379947105
42375,4.2375,-82.4164638620154
42379.1666666667,4.23791666666667,-82.4070654459328
42383.3333333333,4.23833333333333,-82.4074209257225
42387.5,4.23875,-82.4175304260209
42391.6666666667,4.23916666666667,-82.4374160155702
42395.8333333333,4.23958333333333,-82.4671219068592
42400,4.24,-82.5067148590867
42404.1666666667,4.24041666666667,-82.5562847845122
42408.3333333333,4.24083333333333,-82.6159455850059
42412.5,4.24125,-82.6858362175872
42416.6666666667,4.24166666666667,-82.7661220289257
42420.8333333333,4.24208333333333,-82.8569963683589
42425,4.2425,-82.9586825288488
42429.1666666667,4.24291666666667,-83.0714360529417
42433.3333333333,4.24333333333333,-83.1955474525587
42437.5,4.24375,-83.3313454159563
42441.6666666667,4.24416666666667,-83.4792005740671
42445.8333333333,4.24458333333333,-83.6395299302041
42450,4.245,-83.8128020706787
42454.1666666667,4.24541666666667,-83.9995433095863
42458.3333333333,4.24583333333333,-84.200344958263
42462.5,4.24625,-84.4158719433844
42466.6666666667,4.24666666666667,-84.6468730927118
42470.8333333333,4.24708333333333,-84.8941934461392
42475,4.2475,-85.1587890962305
42479.1666666667,4.24791666666667,-85.4417451731725
42483.3333333333,4.24833333333333,-85.7442978120591
42487.5,4.24875,-86.0678611809194
42491.6666666667,4.24916666666667,-86.4140610211916
42495.8333333333,4.24958333333333,-86.7847766782674
42500,4.25,-87.1821942986489
42504.1666666667,4.25041666666667,-87.6088749750819
42508.3333333333,4.25083333333333,-88.0678431200699
42512.5,4.25125,-88.5627027610118
42516.6666666667,4.25166666666667,-89.0977930138793
42520.8333333333,4.25208333333333,-89.6783997221434
42525,4.2525,-90.3110494933625
42529.1666666667,4.25291666666667,-91.0039278944179
42533.3333333333,4.25333333333333,-91.7674905433069
42537.5,4.25375,-92.6153847887125
42541.6666666667,4.25416666666667,-93.5658930618978
42545.8333333333,4.25458333333333,-94.6442979355149
42550,4.255,-95.8869799746806
42554.1666666667,4.25541666666667,-97.3490377378339
42558.3333333333,4.25583333333333,-99.1198318721383
42562.5,4.25625,-101.359007084112
42566.6666666667,4.25666666666667,-104.397386250794
42570.8333333333,4.25708333333333,-109.127131476116
42575,4.2575,-120.336532477361
42579.1666666667,4.25791666666667,-116.0626862516
42583.3333333333,4.25833333333333,-107.729395927842
42587.5,4.25875,-103.562097396655
42591.6666666667,4.25916666666667,-100.764948123706
42595.8333333333,4.25958333333333,-98.6602953242861
42600,4.26,-96.9755771902977
42604.1666666667,4.26041666666667,-95.5735240808372
42608.3333333333,4.26083333333333,-94.3752096937042
42612.5,4.26125,-93.3310574547924
42616.6666666667,4.26166666666667,-92.4078830715279
42620.8333333333,4.26208333333333,-91.5823824323868
42625,4.2625,-90.8375633885373
42629.1666666667,4.26291666666667,-90.1606560390896
42633.3333333333,4.26333333333333,-89.541822318156
42637.5,4.26375,-88.9733239514967
42641.6666666667,4.26416666666667,-88.4489662993442
42645.8333333333,4.26458333333333,-87.9637151215268
42650,4.265,-87.5134255033784
42654.1666666667,4.26541666666667,-87.0946457429539
42658.3333333333,4.26583333333333,-86.7044726163616
42662.5,4.26625,-86.3404426893511
42666.6666666667,4.26666666666667,-86.0004494149107
42670.8333333333,4.26708333333333,-85.6826790127671
42675,4.2675,-85.385560263051
42679.1666666667,4.26791666666667,-85.1077247362361
42683.3333333333,4.26833333333333,-84.8479749826
42687.5,4.26875,-84.6052588408624
42691.6666666667,4.26916666666667,-84.3786485217956
42695.8333333333,4.26958333333333,-84.1673234467066
42700,4.27,-83.9705560689121
42704.1666666667,4.27041666666667,-83.787700090846
42708.3333333333,4.27083333333333,-83.6181806139528
42712.5,4.27125,-83.4614858679482
42716.6666666667,4.27166666666667,-83.317160233379
42720.8333333333,4.27208333333333,-83.1847983383015
42725,4.2725,-83.0640400485556
42729.1666666667,4.27291666666667,-82.9545662051913
42733.3333333333,4.27333333333333,-82.8560950077355
42737.5,4.27375,-82.7683789246554
42741.6666666667,4.27416666666667,-82.6912020827793
42745.8333333333,4.27458333333333,-82.6243780518324
42750,4.275,-82.5677479892831
42754.1666666667,4.27541666666667,-82.5211790932689
42758.3333333333,4.27583333333333,-82.4845633380955
42762.5,4.27625,-82.4578164645824
42766.6666666667,4.27666666666667,-82.4408772007204
42770.8333333333,4.27708333333333,-82.4337067056684
42775,4.2775,-82.4362882145544
42779.1666666667,4.27791666666667,-82.4486268906117
42783.3333333333,4.27833333333333,-82.4707498707562
42787.5,4.27875,-82.5027065089012
42791.6666666667,4.27916666666667,-82.5445688262762
42795.8333333333,4.27958333333333,-82.5964321702427
42800,4.28,-82.6584161005505
42804.1666666667,4.28041666666667,-82.7306655152193
42808.3333333333,4.28083333333333,-82.8133520463067
42812.5,4.28125,-82.9066757461747
42816.6666666667,4.28166666666667,-83.0108671048383
42820.8333333333,4.28208333333333,-83.126189450894
42825,4.2825,-83.252941772406
42829.1666666667,4.28291666666667,-83.3914620484396
42833.3333333333,4.28333333333333,-83.5421311554965
42837.5,4.28375,-83.7053774680183
42841.6666666667,4.28416666666667,-83.8816822682832
42845.8333333333,4.28458333333333,-84.0715861295202
42850,4.285,-84.275696475095
42854.1666666667,4.28541666666667,-84.4946965504234
42858.3333333333,4.28583333333333,-84.729356139324
42862.5,4.28625,-84.98054440449
42866.6666666667,4.28666666666667,-85.2492453929119
42870.8333333333,4.28708333333333,-85.5365768564375
42875,4.2875,-85.843813272987
42879.1666666667,4.28791666666667,-86.1724142275847
42883.3333333333,4.28833333333333,-86.5240597115555
42887.5,4.28875,-86.9006944473908
42891.6666666667,4.28916666666667,-87.3045841475027
42895.8333333333,4.28958333333333,-87.7383877680626
42900,4.29,-88.2052515223906
42904.1666666667,4.29041666666667,-88.7089330205704
42908.3333333333,4.29083333333333,-89.2539678933265
42912.5,4.29125,-89.845897619061
42916.6666666667,4.29166666666667,-90.4915876822315
42920.8333333333,4.29208333333333,-91.1996827168603
42925,4.2925,-91.981276176234
42929.1666666667,4.29291666666667,-92.8509285195968
42933.3333333333,4.29333333333333,-93.8282771614387
42937.5,4.29375,-94.9407057892383
42941.6666666667,4.29416666666667,-96.2280380600756
42945.8333333333,4.29458333333333,-97.7514330495579
42950,4.295,-99.6120013008766
42954.1666666667,4.29541666666667,-101.99555460921
42958.3333333333,4.29583333333333,-105.305425942394
42962.5,4.29625,-110.737256221775
42966.6666666667,4.29666666666667,-128.457750151116
42970.8333333333,4.29708333333333,-113.35178350213
42975,4.2975,-106.604696798738
42979.1666666667,4.29791666666667,-102.860137959647
42983.3333333333,4.29833333333333,-100.25946823772
42987.5,4.29875,-98.2685611172984
42991.6666666667,4.29916666666667,-96.6581635457832
42995.8333333333,4.29958333333333,-95.3085758892909
43000,4.3,-94.1493519503148
43004.1666666667,4.30041666666667,-93.1355108838004
43008.3333333333,4.30083333333333,-92.2365754981369
43012.5,4.30125,-91.4309400316651
43016.6666666667,4.30166666666667,-90.7027318343726
43020.8333333333,4.30208333333333,-90.0399489596367
43025,4.3025,-89.4332977467849
43029.1666666667,4.30291666666667,-88.8754366482151
43033.3333333333,4.30333333333333,-88.3604670048061
43037.5,4.30375,-87.8835799198004
43041.6666666667,4.30416666666667,-87.4408051052262
43045.8333333333,4.30458333333333,-87.0288283103147
43050,4.305,-86.6448560108189
43054.1666666667,4.30541666666667,-86.2865134173241
43058.3333333333,4.30583333333333,-85.9517664236018
43062.5,4.30625,-85.6388610556347
43066.6666666667,4.30666666666667,-85.3462759318415
43070.8333333333,4.30708333333333,-85.0726845166761
43075,4.3075,-84.8169248578314
43079.1666666667,4.30791666666667,-84.5779751006494
43083.3333333333,4.30833333333333,-84.3549335129717
43087.5,4.30875,-84.1470020743386
43091.6666666667,4.30916666666667,-83.9534728902269
43095.8333333333,4.30958333333333,-83.7737168954336
43100,4.31,-83.6071743912263
43104.1666666667,4.31041666666667,-83.4533470981578
43108.3333333333,4.31083333333333,-83.3117914409566
43112.5,4.31125,-83.1821128658359
43116.6666666667,4.31166666666667,-83.0639610161705
43120.8333333333,4.31208333333333,-82.9570256253942
43125,4.3125,-82.8610330300397
43129.1666666667,4.31291666666667,-82.7757431947829
43133.3333333333,4.31333333333333,-82.7009472025221
43137.5,4.31375,-82.6364651206462
43141.6666666667,4.31416666666667,-82.5821442220612
43145.8333333333,4.31458333333333,-82.5378575061421
43150,4.315,-82.5035024948054
43154.1666666667,4.31541666666667,-82.4790002769871
43158.3333333333,4.31583333333333,-82.4642947823725
43162.5,4.31625,-82.4593522721129
43166.6666666667,4.31666666666667,-82.4641610315974
43170.8333333333,4.31708333333333,-82.4787312673242
43175,4.3175,-82.5030951976742
43179.1666666667,4.31791666666667,-82.5373073440394
43183.3333333333,4.31833333333333,-82.5814450278757
43187.5,4.31875,-82.6356090787167
43191.6666666667,4.31916666666667,-82.6999247773523
43195.8333333333,4.31958333333333,-82.7745430380275
43200,4.32,-82.859641869584
43204.1666666667,4.32041666666667,-82.9554281356821
43208.3333333333,4.32083333333333,-83.0621396545671
43212.5,4.32125,-83.1800476911149
43216.6666666667,4.32166666666667,-83.3094598892337
43220.8333333333,4.32208333333333,-83.45072372791
43225,4.3225,-83.6042305776124
43229.1666666667,4.32291666666667,-83.7704204729032
43233.3333333333,4.32333333333333,-83.9497877318427
43237.5,4.32375,-84.1428875924239
43241.6666666667,4.32416666666667,-84.350344069288
43245.8333333333,4.32458333333333,-84.572859300216
43250,4.325,-84.8112247063053
43254.1666666667,4.32541666666667,-85.0663344021962
43258.3333333333,4.32583333333333,-85.3392013927255
43262.5,4.32625,-85.6309772749634
43266.6666666667,4.32666666666667,-85.9429763783765
43270.8333333333,4.32708333333333,-86.2767055834444
43275,4.3275,-86.6339014815059
43279.1666666667,4.32791666666667,-87.0165771600734
43283.3333333333,4.32833333333333,-87.4270817235376
43287.5,4.32875,-87.8681769698546
43291.6666666667,4.32916666666667,-88.3431374755818
43295.8333333333,4.32958333333333,-88.855883230601
43300,4.33,-89.4111583913389
43304.1666666667,4.33041666666667,-90.0147768150059
43308.3333333333,4.33083333333333,-90.6739667580761
43312.5,4.33125,-91.3978670001008
43316.6666666667,4.33166666666667,-92.1982619852173
43320.8333333333,4.33208333333333,-93.0907089945703
43325,4.3325,-94.0963384836013
43329.1666666667,4.33291666666667,-95.2448762662564
43333.3333333333,4.33333333333333,-96.5800411375117
43337.5,4.33375,-98.1699838663071
43341.6666666667,4.33416666666667,-100.129745150615
43345.8333333333,4.33458333333333,-102.677458632217
43350,4.335,-106.312528185819
43354.1666666667,4.33541666666667,-112.701752692938
43358.3333333333,4.33583333333333,-133.83553047908
43362.5,4.33625,-111.298318708523
43366.6666666667,4.33666666666667,-105.613524807045
43370.8333333333,4.33708333333333,-102.213340030575
43375,4.3375,-99.7835238330779
43379.1666666667,4.33791666666667,-97.89490460269
43383.3333333333,4.33833333333333,-96.3527350598061
43387.5,4.33875,-95.0519928437674
43391.6666666667,4.33916666666667,-93.9295352838116
43395.8333333333,4.33958333333333,-92.9444255680663
43400,4.34,-92.068607028598
43404.1666666667,4.34041666666667,-91.2820114133246
43408.3333333333,4.34083333333333,-90.5697896427091
43412.5,4.34125,-89.9206476353264
43416.6666666667,4.34166666666667,-89.3257969455281
43420.8333333333,4.34208333333333,-88.778266305139
43425,4.3425,-88.2724346722037
43429.1666666667,4.34291666666667,-87.8037054164547
43433.3333333333,4.34333333333333,-87.3682733635754
43437.5,4.34375,-86.9629546585021
43441.6666666667,4.34416666666667,-86.5850601568456
43445.8333333333,4.34458333333333,-86.2322996419643
43450,4.345,-85.9027082881543
43454.1666666667,4.34541666666667,-85.594589445255
43458.3333333333,4.34583333333333,-85.3064696010452
43462.5,4.34625,-85.0370625321484
43466.6666666667,4.34666666666667,-84.7852405071739
43470.8333333333,4.34708333333333,-84.5500109358407
43475,4.3475,-84.3304972872753
43479.1666666667,4.34791666666667,-84.125923389187
43483.3333333333,4.34833333333333,-83.9356004113722
43487.5,4.34875,-83.758916027364
43491.6666666667,4.34916666666667,-83.5953253244656
43495.8333333333,4.34958333333333,-83.4443431630931
43500,4.35,-83.3055377173214
43504.1666666667,4.35041666666667,-83.17852500174
43508.3333333333,4.35083333333333,-83.0629642228044
43512.5,4.35125,-82.958553825416
43516.6666666667,4.35166666666667,-82.8650281276961
43520.8333333333,4.35208333333333,-82.7821544636344
43525,4.3525,-82.7097307589596
43529.1666666667,4.35291666666667,-82.6475834878748
43533.3333333333,4.35333333333333,-82.5955659633249
43537.5,4.35375,-82.553556924501
43541.6666666667,4.35416666666667,-82.5214593915267
43545.8333333333,4.35458333333333,-82.499199766099
43550,4.355,-82.4867271534436
43554.1666666667,4.35541666666667,-82.484012902601
43558.3333333333,4.35583333333333,-82.4910503456955
43562.5,4.35625,-82.50785473894
43566.6666666667,4.35666666666667,-82.5344634002311
43570.8333333333,4.35708333333333,-82.5709360456214
43575,4.3575,-82.6173553359288
43579.1666666667,4.35791666666667,-82.6738276357363
43583.3333333333,4.35833333333333,-82.7404840097057
43587.5,4.35875,-82.8174814683678
43591.6666666667,4.35916666666667,-82.9050044932118
43595.8333333333,4.35958333333333,-83.0032668725204
43600,4.36,-83.1125138861936
43604.1666666667,4.36041666666667,-83.2330248936559
43608.3333333333,4.36083333333333,-83.3651163806508
43612.5,4.36125,-83.5091455432755
43616.6666666667,4.36166666666667,-83.6655145008892
43620.8333333333,4.36208333333333,-83.8346752492829
43625,4.3625,-84.0171354998137
43629.1666666667,4.36291666666667,-84.2134655718258
43633.3333333333,4.36333333333333,-84.4243065737688
43637.5,4.36375,-84.6503801274602
43641.6666666667,4.36416666666667,-84.8925000107933
43645.8333333333,4.36458333333333,-85.1515861503899
43650,4.365,-85.4286815591932
43654.1666666667,4.36541666666667,-85.7249729655883
43658.3333333333,4.36583333333333,-86.0418161356642
43662.5,4.36625,-86.3807672187379
43666.6666666667,4.36666666666667,-86.743621892932
43670.8333333333,4.36708333333333,-87.1324647652724
43675,4.3675,-87.5497323966349
43679.1666666667,4.36791666666667,-87.9982947241687
43683.3333333333,4.36833333333333,-88.4815617016131
43687.5,4.36875,-89.0036251365312
43691.6666666667,4.36916666666667,-89.5694506526099
43695.8333333333,4.36958333333333,-90.185142623524
43700,4.37,-90.8583181264219
43704.1666666667,4.37041666666667,-91.5986485752805
43708.3333333333,4.37083333333333,-92.4186682302934
43712.5,4.37125,-93.3350247460375
43716.6666666667,4.37166666666667,-94.3704977763122
43720.8333333333,4.37208333333333,-95.5574319908915
43725,4.3725,-96.9439704716866
43729.1666666667,4.37291666666667,-98.6063742329657
43733.3333333333,4.37333333333333,-100.676330487396
43737.5,4.37375,-103.412406507425
43741.6666666667,4.37416666666667,-107.444421733264
43745.8333333333,4.37458333333333,-115.227700515329
43750,4.375,-122.143620404212
43754.1666666667,4.37541666666667,-109.64591483385
43758.3333333333,4.37583333333333,-104.727597446523
43762.5,4.37625,-101.613598055119
43766.6666666667,4.37666666666667,-99.3337567818978
43770.8333333333,4.37708333333333,-97.5376304242477
43775,4.3775,-96.0583236720378
43779.1666666667,4.37791666666667,-94.8031739577713
43783.3333333333,4.37833333333333,-93.7153635045431
43787.5,4.37875,-92.7575283784387
43791.6666666667,4.37916666666667,-91.9037828351109
43795.8333333333,4.37958333333333,-91.1354538938222
43800,4.38,-90.4386301638063
43804.1666666667,4.38041666666667,-89.8026710952586
43808.3333333333,4.38083333333333,-89.2192577200306
43812.5,4.38125,-88.6817647699354
43816.6666666667,4.38166666666667,-88.1848318502288
43820.8333333333,4.38208333333333,-87.7240624557579
43825,4.3825,-87.2958076485442
43829.1666666667,4.38291666666667,-86.8970073590349
43833.3333333333,4.38333333333333,-86.5250718204831
43837.5,4.38375,-86.1777915468475
43841.6666666667,4.38416666666667,-85.8532680041898
43845.8333333333,4.38458333333333,-85.5498595119862
43850,4.385,-85.2661385533133
43854.1666666667,4.38541666666667,-85.0008577141733
43858.3333333333,4.38583333333333,-84.7529222624096
43862.5,4.38625,-84.5213678741955
43866.6666666667,4.38666666666667,-84.3053424005932
43870.8333333333,4.38708333333333,-84.1040908374848
43875,4.3875,-83.9169428539437
43879.1666666667,4.38791666666667,-83.7433023863328
43883.3333333333,4.38833333333333,-83.5826389102229
43887.5,4.38875,-83.4344800898677
43891.6666666667,4.38916666666667,-83.2984055622157
43895.8333333333,4.38958333333333,-83.1740416676004
43900,4.39,-83.0610569719377
43904.1666666667,4.39041666666667,-82.9591584537202
43908.3333333333,4.39083333333333,-82.8680882678562
43912.5,4.39125,-82.7876209887012
43916.6666666667,4.39166666666667,-82.7175612817125
43920.8333333333,4.39208333333333,-82.657741938194
43925,4.3925,-82.6080222379695
43929.1666666667,4.39291666666667,-82.5682866026022
43933.3333333333,4.39333333333333,-82.5384435044875
43937.5,4.39375,-82.5184246233535
43941.6666666667,4.39416666666667,-82.5081842179569
43945.8333333333,4.39458333333333,-82.50769871339
43950,4.395,-82.5169664866853
43954.1666666667,4.39541666666667,-82.5360078526121
43958.3333333333,4.39583333333333,-82.5648652478595
43962.5,4.39625,-82.6036036142695
43966.6666666667,4.39666666666667,-82.6523109936992
43970.8333333333,4.39708333333333,-82.7110993400235
43975,4.3975,-82.780105570684
43979.1666666667,4.39791666666667,-82.8594928744389
43983.3333333333,4.39833333333333,-82.9494523043829
43987.5,4.39875,-83.0502046915328
43991.6666666667,4.39916666666667,-83.1620029160041
43995.8333333333,4.39958333333333,-83.2851345968891
44000,4.4,-83.4199252525559
44004.1666666667,4.40041666666667,-83.5667420239813
44008.3333333333,4.40083333333333,-83.7259980437964
44012.5,4.40125,-83.8981575815448
44016.6666666667,4.40166666666667,-84.0837421092145
44020.8333333333,4.40208333333333,-84.2833374673706
44025,4.4025,-84.4976023749041
44029.1666666667,4.40291666666667,-84.7272785611503
44033.3333333333,4.40333333333333,-84.9732029055891
44037.5,4.40375,-85.2363220511754
44041.6666666667,4.40416666666667,-85.5177101163284
44045.8333333333,4.40458333333333,-85.8185903075215
44050,4.405,-86.1403614957104
44054.1666666667,4.40541666666667,-86.4846311787331
44058.3333333333,4.40583333333333,-86.853256743596
44062.5,4.40625,-87.248397661662
44066.6666666667,4.40666666666667,-87.6725822640763
44070.8333333333,4.40708333333333,-88.1287942729046
44075,4.4075,-88.6205865153445
44079.1666666667,4.40791666666667,-89.1522327522206
44083.3333333333,4.40833333333333,-89.7289340411378
44087.5,4.40875,-90.3571049429425
44091.6666666667,4.40916666666667,-91.0447797872748
44095.8333333333,4.40958333333333,-91.8022049450124
44100,4.41,-92.6427297179591
44104.1666666667,4.41041666666667,-93.5841969529693
44108.3333333333,4.41083333333333,-94.6512126876921
44112.5,4.41125,-95.8790594596131
44116.6666666667,4.41166666666667,-97.3209273399453
44120.8333333333,4.41208333333333,-99.062540996635
44125,4.4125,-101.255654983111
44129.1666666667,4.41291666666667,-104.210152584928
44133.3333333333,4.41333333333333,-108.738197497603
44137.5,4.41375,-118.78080111115
44141.6666666667,4.41416666666667,-117.351747954735
44145.8333333333,4.41458333333333,-108.26376617653
44150,4.415,-103.926698817451
44154.1666666667,4.41541666666667,-101.054439562934
44158.3333333333,4.41583333333333,-98.9073320912868
44162.5,4.41625,-97.1952584891923
44166.6666666667,4.41666666666667,-95.7740650336825
44170.8333333333,4.41708333333333,-94.5615738857795
44175,4.4175,-93.5064726751693
44179.1666666667,4.41791666666667,-92.5745659796875
44183.3333333333,4.41833333333333,-91.7419207740869
44187.5,4.41875,-90.991133175319
44191.6666666667,4.41916666666667,-90.3091524194136
44195.8333333333,4.41958333333333,-89.6859422598812
44200,4.42,-89.1136205669528
44204.1666666667,4.42041666666667,-88.5858857423555
44208.3333333333,4.42083333333333,-88.0976223466951
44212.5,4.42125,-87.644622707193
44216.6666666667,4.42166666666667,-87.2233858326957
44220.8333333333,4.42208333333333,-86.8309692441868
44225,4.4225,-86.4648778441362
44229.1666666667,4.42291666666667,-86.1229792517803
44233.3333333333,4.42333333333333,-85.8034383932166
44237.5,4.42375,-85.5046663258993
44241.6666666667,4.42416666666667,-85.2252797451922
44245.8333333333,4.42458333333333,-84.9640686106704
44250,4.425,-84.7199700246608
44254.1666666667,4.42541666666667,-84.492046977106
44258.3333333333,4.42583333333333,-84.2794709129267
44262.5,4.42625,-84.0815073464119
44266.6666666667,4.42666666666667,-83.8975038993462
44270.8333333333,4.42708333333333,-83.7268803166754
44275,4.4275,-83.569120076738
44279.1666666667,4.42791666666667,-83.4237633233105
44283.3333333333,4.42833333333333,-83.2904008829327
44287.5,4.42875,-83.1686691867753
44291.6666666667,4.42916666666667,-83.058245960577
44295.8333333333,4.42958333333333,-82.9588465503069
44300,4.43,-82.8702208022271
44304.1666666667,4.43041666666667,-82.7921504110808
44308.3333333333,4.43083333333333,-82.7244466795491
44312.5,4.43125,-82.6669486319146
44316.6666666667,4.43166666666667,-82.6195214466082
44320.8333333333,4.43208333333333,-82.5820551695615
44325,4.4325,-82.5544636840579
44329.1666666667,4.43291666666667,-82.5366839154422
44333.3333333333,4.43333333333333,-82.5286752561229
44337.5,4.43375,-82.5304191970169
44341.6666666667,4.43416666666667,-82.5419191612667
44345.8333333333,4.43458333333333,-82.5632005336636
44350,4.435,-82.5943108916716
44354.1666666667,4.43541666666667,-82.6353204355062
44358.3333333333,4.43583333333333,-82.6863226331989
44362.5,4.43625,-82.7474350846539
44366.6666666667,4.43666666666667,-82.8188006315268
44370.8333333333,4.43708333333333,-82.9005887268977
44375,4.4375,-82.9929970989531
44379.1666666667,4.43791666666667,-83.0962537437302
44383.3333333333,4.43833333333333,-83.2106192863245
44387.5,4.43875,-83.3363897748015
44391.6666666667,4.43916666666667,-83.4738999607129
44395.8333333333,4.43958333333333,-83.6235271623462
44400,4.44,-83.7856958025003
44404.1666666667,4.44041666666667,-83.9608827491263
44408.3333333333,4.44083333333333,-84.149623617723
44412.5,4.44125,-84.3525202245243
44416.6666666667,4.44166666666667,-84.5702494398231
44420.8333333333,4.44208333333333,-84.8035737482548
44425,4.4425,-85.0533539099215
44429.1666666667,4.44291666666667,-85.3205642277348
44433.3333333333,4.44333333333333,-85.6063110769486
44437.5,4.44375,-85.9118555567859
44441.6666666667,4.44416666666667,-86.2386413944499
44445.8333333333,4.44458333333333,-86.5883296305828
44450,4.445,-86.962842130408
44454.1666666667,4.44541666666667,-87.364416771127
44458.3333333333,4.44583333333333,-87.7956782402443
44462.5,4.44625,-88.259730063251
44466.6666666667,4.44666666666667,-88.7602759695408
44470.8333333333,4.44708333333333,-89.3017825645405
44475,4.4475,-89.8897014226564
44479.1666666667,4.44791666666667,-90.5307786642629
44483.3333333333,4.44833333333333,-91.2334969493273
44487.5,4.44875,-92.0087242181648
44491.6666666667,4.44916666666667,-92.8706973133847
44495.8333333333,4.44958333333333,-93.8385720235042
44500,4.45,-94.9389824885833
44504.1666666667,4.45041666666667,-96.2105184448685
44508.3333333333,4.45083333333333,-97.7121538923594
44512.5,4.45125,-99.5407277241314
44516.6666666667,4.45166666666667,-101.872421389959
44520.8333333333,4.45208333333333,-105.083334510825
44525,4.4525,-110.250177275597
44529.1666666667,4.45291666666667,-124.852917167505
44533.3333333333,4.45333333333333,-114.292796556734
44537.5,4.45375,-107.076033545546
44541.6666666667,4.45416666666667,-103.195877026345
44545.8333333333,4.45458333333333,-100.530614074304
44550,4.455,-98.5018346341304
44554.1666666667,4.45541666666667,-96.8664890117938
44558.3333333333,4.45583333333333,-95.4991841749225
44562.5,4.45625,-94.326696228236
44566.6666666667,4.45666666666667,-93.3025276583891
44570.8333333333,4.45708333333333,-92.395302922405
44575,4.4575,-91.5828502598705
44579.1666666667,4.45791666666667,-90.8489226626512
44583.3333333333,4.45833333333333,-90.1812606730497
44587.5,4.45875,-89.5703876613256
44591.6666666667,4.45916666666667,-89.0088284836086
44595.8333333333,4.45958333333333,-88.490584648101
44600,4.46,-88.0107711374809
44604.1666666667,4.46041666666667,-87.5653586035793
44608.3333333333,4.46083333333333,-87.1509862543255
44612.5,4.46125,-86.764823384825
44616.6666666667,4.46166666666667,-86.4044651362526
44620.8333333333,4.46208333333333,-86.067852806016
44625,4.4625,-85.7532121030784
44629.1666666667,4.46291666666667,-85.4590046987665
44633.3333333333,4.46333333333333,-85.1838898070245
44637.5,4.46375,-84.9266933917932
44641.6666666667,4.46416666666667,-84.6863832763121
44645.8333333333,4.46458333333333,-84.4620488507923
44650,4.465,-84.2528844021593
44654.1666666667,4.46541666666667,-84.058175334993
44658.3333333333,4.46583333333333,-83.8772867023934
44662.5,4.46625,-83.7096536185775
44666.6666666667,4.46666666666667,-83.5547731953704
44670.8333333333,4.46708333333333,-83.4121977431054
44675,4.4675,-83.2815290108633
44679.1666666667,4.46791666666667,-83.1624132977524
44683.3333333333,4.46833333333333,-83.0545372966386
44687.5,4.46875,-82.9576245581042
44691.6666666667,4.46916666666667,-82.8714324822591
44695.8333333333,4.46958333333333,-82.7957497676749
44700,4.47,-82.7303942561408
44704.1666666667,4.47041666666667,-82.6752111237818
44708.3333333333,4.47083333333333,-82.630071380627
44712.5,4.47125,-82.5948706455327
44716.6666666667,4.47166666666667,-82.5695281701127
44720.8333333333,4.47208333333333,-82.5539860986925
44725,4.4725,-82.5482089381337
44729.1666666667,4.47291666666667,-82.5521832378682
44733.3333333333,4.47333333333333,-82.5659174700272
44737.5,4.47375,-82.5894421031144
44741.6666666667,4.47416666666667,-82.6228098801582
44745.8333333333,4.47458333333333,-82.6660962952173
44750,4.475,-82.7194002895819
44754.1666666667,4.47541666666667,-82.782845170327
44758.3333333333,4.47583333333333,-82.856579776477
44762.5,4.47625,-82.9407799159651
44766.6666666667,4.47666666666667,-83.0356500992663
44770.8333333333,4.47708333333333,-83.1414256142439
44775,4.4775,-83.2583749819613
44779.1666666667,4.47791666666667,-83.3868028545234
44783.3333333333,4.47833333333333,-83.5270534239597
44787.5,4.47875,-83.6795144301234
44791.6666666667,4.47916666666667,-83.8446218702076
44795.8333333333,4.47958333333333,-84.0228655483868
44800,4.48,-84.2147956224825
44804.1666666667,4.48041666666667,-84.4210303556543
44808.3333333333,4.48083333333333,-84.6422653353502
44812.5,4.48125,-84.8792844755117
44816.6666666667,4.48166666666667,-85.1329732317033
44820.8333333333,4.48208333333333,-85.4043345530949
44825,4.4825,-85.6945082773953
44829.1666666667,4.48291666666667,-86.0047948823964
44833.3333333333,4.48333333333333,-86.3366847958633
44837.5,4.48375,-86.6918949111465
44841.6666666667,4.48416666666667,-87.07241450302
44845.8333333333,4.48458333333333,-87.4805636095064
44850,4.485,-87.919068149307
44854.1666666667,4.48541666666667,-88.3911578754637
44858.3333333333,4.48583333333333,-88.9006960163067
44862.5,4.48625,-89.452353746529
44866.6666666667,4.48666666666667,-90.0518494697627
44870.8333333333,4.48708333333333,-90.7062841078309
44875,4.4875,-91.4246226845221
44879.1666666667,4.48791666666667,-92.2184061527198
44883.3333333333,4.48833333333333,-93.1028396460688
44887.5,4.48875,-94.0985245559345
44891.6666666667,4.48916666666667,-95.2343535710571
44895.8333333333,4.48958333333333,-96.5526531726888
44900,4.49,-98.1190587110922
44904.1666666667,4.49041666666667,-100.043553718878
44908.3333333333,4.49083333333333,-102.532376753481
44912.5,4.49125,-106.048736991893
44916.6666666667,4.49166666666667,-112.072049242354
44920.8333333333,4.49208333333333,-167.455999577921
44925,4.4925,-112.042954450892
44929.1666666667,4.49291666666667,-106.034799077581
44933.3333333333,4.49333333333333,-102.523762002176
44937.5,4.49375,-100.037803727395
44941.6666666667,4.49416666666667,-98.1151901313027
44945.8333333333,4.49458333333333,-96.550174343616
44950,4.495,-95.2329835639511
44954.1666666667,4.49541666666667,-94.0980878029091
44958.3333333333,4.49583333333333,-93.1032191224295
44962.5,4.49625,-92.2195199569826
44966.6666666667,4.49666666666667,-91.4264112725036
44970.8333333333,4.49708333333333,-90.7087028398175
44975,4.4975,-90.0548640266973
44979.1666666667,4.49791666666667,-89.4559371832995
44983.3333333333,4.49833333333333,-88.9048267954834
44987.5,4.49875,-88.3958185216564
44991.6666666667,4.49916666666667,-87.9242442900044
44995.8333333333,4.49958333333333,-87.4862432896228
45000,4.5,-87.0785876781355
45004.1666666667,4.50041666666667,-86.6985530649949
45008.3333333333,4.50083333333333,-86.3438206530944
45012.5,4.50125,-86.0124021826792
45016.6666666667,4.50166666666667,-85.7025816031057
45020.8333333333,4.50208333333333,-85.4128691870458
45025,4.5025,-85.1419650500474
45029.1666666667,4.50291666666667,-84.8887298565788
45033.3333333333,4.50333333333333,-84.6521610866801
45037.5,4.50375,-84.431373656378
45041.6666666667,4.50416666666667,-84.2255839721443
45045.8333333333,4.50458333333333,-84.0340967274273
45050,4.505,-83.856293904358
45054.1666666667,4.50541666666667,-83.6916255635679
45058.3333333333,4.50583333333333,-83.5396020947121
45062.5,4.50625,-83.3997876732257
45066.6666666667,4.50666666666667,-83.2717947151272
45070.8333333333,4.50708333333333,-83.1552791688627
45075,4.5075,-83.0499365115534
45079.1666666667,4.50791666666667,-82.9554983395499
45083.3333333333,4.50833333333333,-82.8717294748307
45087.5,4.50875,-82.7984255067672
45091.6666666667,4.50916666666667,-82.7354107230688
45095.8333333333,4.50958333333333,-82.6825363740437
45100,4.51,-82.6396792370941
45104.1666666667,4.51041666666667,-82.6067404539614
45108.3333333333,4.51083333333333,-82.5836446081304
45112.5,4.51125,-82.5703390341448
45116.6666666667,4.51166666666667,-82.5667933387247
45120.8333333333,4.51208333333333,-82.5729991254529
45125,4.5125,-82.588969920197
45129.1666666667,4.51291666666667,-82.6147412916921
45133.3333333333,4.51333333333333,-82.6503711740992
45137.5,4.51375,-82.6959403946957
45141.6666666667,4.51416666666667,-82.7515534177877
45145.8333333333,4.51458333333333,-82.8173393203221
45150,4.515,-82.8934530174557
45154.1666666667,4.51541666666667,-82.9800767648565
45158.3333333333,4.51583333333333,-83.0774219671986
45162.5,4.51625,-83.1857313369498
45166.6666666667,4.51666666666667,-83.3052814450144
45170.8333333333,4.51708333333333,-83.4363857317951
45175,4.5175,-83.5793980438845
45179.1666666667,4.51791666666667,-83.7347167943456
45183.3333333333,4.51833333333333,-83.9027898536676
45187.5,4.51875,-84.0841203099629
45191.6666666667,4.51916666666667,-84.2792732783651
45195.8333333333,4.51958333333333,-84.4888839619803
45200,4.52,-84.7136672510978
45204.1666666667,4.52041666666667,-84.9544291946479
45208.3333333333,4.52083333333333,-85.212080793001
45212.5,4.52125,-85.4876546754926
45216.6666666667,4.52166666666667,-85.7823254078769
45220.8333333333,4.52208333333333,-86.0974344030242
45225,4.5225,-86.434520732099
45229.1666666667,4.52291666666667,-86.7953595802909
45233.3333333333,4.52333333333333,-87.1820107296204
45237.5,4.52375,-87.5968803627174
45241.6666666667,4.52416666666667,-88.0428008196697
45245.8333333333,4.52458333333333,-88.5231349404108
45250,4.525,-89.0419146743805
45254.1666666667,4.52541666666667,-89.6040283918347
45258.3333333333,4.52583333333333,-90.2154789905784
45262.5,4.52625,-90.8837475096534
45266.6666666667,4.52666666666667,-91.6183186642079
45270.8333333333,4.52708333333333,-92.4314633061862
45275,4.5275,-93.339445026861
45279.1666666667,4.52791666666667,-94.3644607129908
45283.3333333333,4.52833333333333,-95.5379258670995
45287.5,4.52875,-96.9064056727772
45291.6666666667,4.52916666666667,-98.5432484289844
45295.8333333333,4.52958333333333,-100.57410358741
45300,4.53,-103.2426475727
45304.1666666667,4.53041666666667,-107.129333801651
45308.3333333333,4.53083333333333,-114.368538838911
45312.5,4.53125,-124.759807314917
45316.6666666667,4.53166666666667,-110.263347336368
45320.8333333333,4.53208333333333,-105.107847018986
45325,4.5325,-101.901505741585
45329.1666666667,4.53291666666667,-99.5724147513519
45333.3333333333,4.53333333333333,-97.7456039047328
45337.5,4.53375,-96.2452960958465
45341.6666666667,4.53416666666667,-94.9748330833385
45345.8333333333,4.53458333333333,-93.875333724552
45350,4.535,-92.9082609046122
45354.1666666667,4.53541666666667,-92.0470125312079
45358.3333333333,4.53583333333333,-91.2724534512811
45362.5,4.53625,-90.570360713446
45366.6666666667,4.53666666666667,-89.9298760662306
45370.8333333333,4.53708333333333,-89.3425238211589
45375,4.5375,-88.8015629956635
45379.1666666667,4.53791666666667,-88.3015458935704
45383.3333333333,4.53833333333333,-87.8380088859618
45387.5,4.53875,-87.4072505701294
45391.6666666667,4.53916666666667,-87.006169263917
45395.8333333333,4.53958333333333,-86.632141761011
45400,4.54,-86.2829313881974
45404.1666666667,4.54041666666667,-85.9566172681912
45408.3333333333,4.54083333333333,-85.6515391823317
45412.5,4.54125,-85.3662540892263
45416.6666666667,4.54166666666667,-85.0995014690782
45420.8333333333,4.54208333333333,-84.8501754398688
45425,4.5425,-84.6173021210742
45429.1666666667,4.54291666666667,-84.400021118055
45433.3333333333,4.54333333333333,-84.1975702622493
45437.5,4.54375,-84.0092729612078
45441.6666666667,4.54416666666667,-83.8345276412361
45445.8333333333,4.54458333333333,-83.6727989038829
45450,4.545,-83.5236100723799
45454.1666666667,4.54541666666667,-83.3865368962567
45458.3333333333,4.54583333333333,-83.2612022133484
45462.5,4.54625,-83.1472714111531
45466.6666666667,4.54666666666667,-83.0444485719979
45470.8333333333,4.54708333333333,-82.9524731879086
45475,4.5475,-82.8711173732886
45479.1666666667,4.54791666666667,-82.8001835015101
45483.3333333333,4.54833333333333,-82.7395022147104
45487.5,4.54875,-82.6889307627102
45491.6666666667,4.54916666666667,-82.6483516313261
45495.8333333333,4.54958333333333,-82.6176714367936
45500,4.55,-82.5968200589408
45504.1666666667,4.55041666666667,-82.5857499999043
45508.3333333333,4.55083333333333,-82.5844359518464
45512.5,4.55125,-82.5928745696531
45516.6666666667,4.55166666666667,-82.6110844409415
45520.8333333333,4.55208333333333,-82.639106252441
45525,4.5525,-82.6770031601458
45529.1666666667,4.55291666666667,-82.7248613634627
45533.3333333333,4.55333333333333,-82.782790904349
45537.5,4.55375,-82.8509266956014
45541.6666666667,4.55416666666667,-82.9294298089793
45545.8333333333,4.55458333333333,-83.0184890460214
45550,4.555,-83.1183228209894
45554.1666666667,4.55541666666667,-83.229181408147
45558.3333333333,4.55583333333333,-83.35134959043
45562.5,4.55625,-83.485149785669
45566.6666666667,4.55666666666667,-83.6309457179565
45570.8333333333,4.55708333333333,-83.7891467354771
45575,4.5575,-83.9602128886298
45579.1666666667,4.55791666666667,-84.1446609152339
45583.3333333333,4.55833333333333,-84.3430713168292
45587.5,4.55875,-84.5560967492697
45591.6666666667,4.55916666666667,-84.7844720179551
45595.8333333333,4.55958333333333,-85.029026042173
45600,4.56,-85.2906962558907
45604.1666666667,4.56041666666667,-85.5705460494396
45608.3333333333,4.56083333333333,-85.8697860416587
45612.5,4.56125,-86.1898002219563
45616.6666666667,4.56166666666667,-86.5321783457058
45620.8333333333,4.56208333333333,-86.8987564674402
45625,4.5625,-87.2916681558142
45629.1666666667,4.56291666666667,-87.7134099658312
45633.3333333333,4.56333333333333,-88.1669261860862
45637.5,4.56375,-88.6557200772354
45641.6666666667,4.56416666666667,-89.184002207863
45645.8333333333,4.56458333333333,-89.7568917628672
45650,4.565,-90.380695281914
45654.1666666667,4.56541666666667,-91.0633015443656
45658.3333333333,4.56583333333333,-91.8147559670307
45662.5,4.56625,-92.6481223316662
45666.6666666667,4.56666666666667,-93.5808236255309
45670.8333333333,4.56708333333333,-94.6368221190074
45675,4.5675,-95.850360358448
45679.1666666667,4.56791666666667,-97.2728318724564
45683.3333333333,4.56833333333333,-98.9865671574283
45687.5,4.56875,-101.13604512713
45691.6666666667,4.56916666666667,-104.01222114594
45695.8333333333,4.56958333333333,-108.357765251289
45700,4.57,-117.484153116739
45704.1666666667,4.57041666666667,-118.786675347027
45708.3333333333,4.57083333333333,-108.791337821619
45712.5,4.57125,-104.272474330445
45716.6666666667,4.57166666666667,-101.322087622596
45720.8333333333,4.57208333333333,-99.1314241161725
45725,4.5725,-97.3915127414606
45729.1666666667,4.57291666666667,-95.9509463858812
45733.3333333333,4.57333333333333,-94.7241615605557
45737.5,4.57375,-93.6580531627973
45741.6666666667,4.57416666666667,-92.7173877097993
45745.8333333333,4.57458333333333,-91.8775894583056
45750,4.575,-91.1208352904407
45754.1666666667,4.57541666666667,-90.4337892976472
45758.3333333333,4.57583333333333,-89.8062145259029
45762.5,4.57625,-89.2300834617987
45766.6666666667,4.57666666666667,-88.698986594204
45770.8333333333,4.57708333333333,-88.2077266944346
45775,4.5775,-87.7520329538773
45779.1666666667,4.57791666666667,-87.328354859754
45783.3333333333,4.57833333333333,-86.9337105310284
45787.5,4.57875,-86.5655731173404
45791.6666666667,4.57916666666667,-86.2217843570678
45795.8333333333,4.57958333333333,-85.9004878566137
45800,4.58,-85.6000769468328
45804.1666666667,4.58041666666667,-85.3191534492909
45808.3333333333,4.58083333333333,-85.0564947447352
45812.5,4.58125,-84.8110272150216
45816.6666666667,4.58166666666667,-84.5818046454441
45820.8333333333,4.58208333333333,-84.3679905292988
45825,4.5825,-84.1688434584488
45829.1666666667,4.58291666666667,-83.9837049984181
45833.3333333333,4.58333333333333,-83.8119895561839
45837.5,4.58375,-83.653175882173
45841.6666666667,4.58416666666667,-83.5067999034223
45845.8333333333,4.58458333333333,-83.3724486641063
45850,4.585,-83.2497551838919
45854.1666666667,4.58541666666667,-83.1383940887194
45858.3333333333,4.58583333333333,-83.0380778931764
45862.5,4.58625,-82.9485538394728
45866.6666666667,4.58666666666667,-82.8696012104408
45870.8333333333,4.58708333333333,-82.8010290592732
45875,4.5875,-82.7426742970918
45879.1666666667,4.58791666666667,-82.6944001014182
45883.3333333333,4.58833333333333,-82.6560946084308
45887.5,4.58875,-82.6276698654145
45891.6666666667,4.58916666666667,-82.6090610145502
45895.8333333333,4.58958333333333,-82.6002257036025
45900,4.59,-82.6011437006406
45904.1666666667,4.59041666666667,-82.6118167106526
45908.3333333333,4.59083333333333,-82.6322683935297
45912.5,4.59125,-82.6625445744266
45916.6666666667,4.59166666666667,-82.7027136617532
45920.8333333333,4.59208333333333,-82.7528672728029
45925,4.5925,-82.8131210807219
45929.1666666667,4.59291666666667,-82.8836159051848
45933.3333333333,4.59333333333333,-82.9645190591147
45937.5,4.59375,-83.0560259907815
45941.6666666667,4.59416666666667,-83.1583622458625
45945.8333333333,4.59458333333333,-83.2717858012158
45950,4.595,-83.3965898196145
45954.1666666667,4.59541666666667,-83.5331058933336
45958.3333333333,4.59583333333333,-83.6817078549562
45962.5,4.59625,-83.8428162591868
45966.6666666667,4.59666666666667,-84.0169036561507
45970.8333333333,4.59708333333333,-84.2045008116454
45975,4.5975,-84.4062040621595
45979.1666666667,4.59791666666667,-84.6226840482448
45983.3333333333,4.59833333333333,-84.8546961294445
45987.5,4.59875,-85.103092861752
45991.6666666667,4.59916666666667,-85.3688390433181
45995.8333333333,4.59958333333333,-85.6530299582223
46000,4.6,-85.9569136683832
46004.1666666667,4.60041666666667,-86.2819184617808
46008.3333333333,4.60083333333333,-86.6296869342752
46012.5,4.60125,-87.0021187264748
46016.6666666667,4.60166666666667,-87.4014246685741
46020.8333333333,4.60208333333333,-87.8301961822199
46025,4.6025,-88.2914953937145
46029.1666666667,4.60291666666667,-88.7889738327292
46033.3333333333,4.60333333333333,-89.3270313207568
46037.5,4.60375,-89.9110325587361
46041.6666666667,4.60416666666667,-90.5476085230556
46045.8333333333,4.60458333333333,-91.2450859034707
46050,4.605,-92.0141159656632
46054.1666666667,4.60541666666667,-92.868625419632
46058.3333333333,4.60583333333333,-93.8273099308509
46062.5,4.60625,-94.9160903480442
46066.6666666667,4.60666666666667,-96.1723879549444
46070.8333333333,4.60708333333333,-97.6531210942561
46075,4.6075,-99.4511462390855
46079.1666666667,4.60791666666667,-101.733787010711
46083.3333333333,4.60833333333333,-104.852656953972
46087.5,4.60875,-109.782662902733
46091.6666666667,4.60916666666667,-122.365100167215
46095.8333333333,4.60958333333333,-115.289900978549
46100,4.61,-107.536195500436
46104.1666666667,4.61041666666667,-103.512079076487
46108.3333333333,4.61083333333333,-100.779843511612
46112.5,4.61125,-98.7122647380606
46116.6666666667,4.61166666666667,-97.0515466987911
46120.8333333333,4.61208333333333,-95.6663123646481
46125,4.6125,-94.4804495939259
46129.1666666667,4.61291666666667,-93.4458956552844
46133.3333333333,4.61333333333333,-92.5303530738413
46137.5,4.61375,-91.7110717315739
46141.6666666667,4.61416666666667,-90.9714234077333
46145.8333333333,4.61458333333333,-90.2988871564956
46150,4.615,-89.6838009858029
46154.1666666667,4.61541666666667,-89.1185546815343
46158.3333333333,4.61583333333333,-88.5970489806537
46162.5,4.61625,-88.1143221525236
46166.6666666667,4.61666666666667,-87.6662854000602
46170.8333333333,4.61708333333333,-87.2495311404634
46175,4.6175,-86.8611913286615
46179.1666666667,4.61791666666667,-86.4988309286739
46183.3333333333,4.61833333333333,-86.1603665828429
46187.5,4.61875,-85.84400364131
46191.6666666667,4.61916666666667,-85.5481868140918
46195.8333333333,4.61958333333333,-85.2715610551312
46200,4.62,-85.0129402469469
46204.1666666667,4.62041666666667,-84.7712818997061
46208.3333333333,4.62083333333333,-84.5456665337596
46212.5,4.62125,-84.3352807608228
46216.6666666667,4.62166666666667,-84.1394032964789
46220.8333333333,4.62208333333333,-83.9573933314109
46225,4.6225,-83.7886808059627
46229.1666666667,4.62291666666667,-83.6327582427519
46233.3333333333,4.62333333333333,-83.4891738537196
46237.5,4.62375,-83.3575257073334
46241.6666666667,4.62416666666667,-83.2374567764238
46245.8333333333,4.62458333333333,-83.1286507292005
46250,4.625,-83.0308283481899
46254.1666666667,4.62541666666667,-82.9437444834863
46258.3333333333,4.62583333333333,-82.8671854685854
46262.5,4.62625,-82.8009669358714
46266.6666666667,4.62666666666667,-82.7449319816779
46270.8333333333,4.62708333333333,-82.6989496439432
46275,4.6275,-82.6629136553154
46279.1666666667,4.62791666666667,-82.6367414504495
46283.3333333333,4.62833333333333,-82.6203734055516
46287.5,4.62875,-82.6137722940411
46291.6666666667,4.62916666666667,-82.6169229502887
46295.8333333333,4.62958333333333,-82.6298321322588
46300,4.63,-82.6525285833338
46304.1666666667,4.63041666666667,-82.6850632913308
46308.3333333333,4.63083333333333,-82.7275099519453
46312.5,4.63125,-82.7799656445316
46316.6666666667,4.63166666666667,-82.8425517345649
46320.8333333333,4.63208333333333,-82.9154150195983
46325,4.6325,-82.9987291428015
46329.1666666667,4.63291666666667,-83.0926963046347
46333.3333333333,4.63333333333333,-83.1975493063662
46337.5,4.63375,-83.3135539770711
46341.6666666667,4.63416666666667,-83.4410120319139
46345.8333333333,4.63458333333333,-83.5802644418935
46350,4.635,-83.7316953874071
46354.1666666667,4.63541666666667,-83.8957369112258
46358.3333333333,4.63583333333333,-84.0728743974533
46362.5,4.63625,-84.2636530297898
46366.6666666667,4.63666666666667,-84.4686854468673
46370.8333333333,4.63708333333333,-84.6886608306119
46375,4.6375,-84.9243557584731
46379.1666666667,4.63791666666667,-85.1766472262702
46383.3333333333,4.63833333333333,-85.4465283663207
46387.5,4.63875,-85.7351275424839
46391.6666666667,4.63916666666667,-86.043731721936
46395.8333333333,4.63958333333333,-86.3738153022492
46400,4.64,-86.727075989433
46404.1666666667,4.64041666666667,-87.1054798864735
46408.3333333333,4.64083333333333,-87.5113187659475
46412.5,4.64125,-87.947283691064
46416.6666666667,4.64166666666667,-88.4165609125577
46420.8333333333,4.64208333333333,-88.9229586289221
46425,4.6425,-89.4710773569251
46429.1666666667,4.64291666666667,-90.0665432056417
46433.3333333333,4.64333333333333,-90.71633418913
46437.5,4.64375,-91.4292479310857
46441.6666666667,4.64416666666667,-92.2165913293765
46445.8333333333,4.64458333333333,-93.0932319277981
46450,4.645,-94.079265572722
46454.1666666667,4.64541666666667,-95.202792128059
46458.3333333333,4.64583333333333,-96.5048200092674
46462.5,4.64625,-98.0486198969546
46466.6666666667,4.64666666666667,-99.9394676856866
46470.8333333333,4.64708333333333,-102.372693617898
46475,4.6475,-105.779174142362
46479.1666666667,4.64791666666667,-111.48117758773
46483.3333333333,4.64833333333333,-134.463694339908
46487.5,4.64875,-112.80964965005
46491.6666666667,4.64916666666667,-106.442103698905
46495.8333333333,4.64958333333333,-102.814153121008
46500,4.65,-100.270137375388
46504.1666666667,4.65041666666667,-98.3127381178722
46508.3333333333,4.65083333333333,-96.7244984535819
46512.5,4.65125,-95.3906633376623
46516.6666666667,4.65166666666667,-94.2432234183389
46520.8333333333,4.65208333333333,-93.2385379123245
46525,4.6525,-92.3469275718608
46529.1666666667,4.65291666666667,-91.5472914534567
46533.3333333333,4.65333333333333,-90.8240918873142
46537.5,4.65375,-90.1655579762968
46541.6666666667,4.65416666666667,-89.562560594335
46545.8333333333,4.65458333333333,-89.0078785555502
46550,4.655,-88.4957032966969
46554.1666666667,4.65541666666667,-88.0212947083428
46558.3333333333,4.65583333333333,-87.5807359459469
46562.5,4.65625,-87.1707549142534
46566.6666666667,4.65666666666667,-86.7885918039176
46570.8333333333,4.65708333333333,-86.4318991172458
46575,4.6575,-86.0986650862053
46579.1666666667,4.65791666666667,-85.7871542074514
46583.3333333333,4.65833333333333,-85.4958605121772
46587.5,4.65875,-85.2234704367575
46591.6666666667,4.65916666666667,-84.9688330347472
46595.8333333333,4.65958333333333,-84.7309358574753
46600,4.66,-84.5088852701713
46604.1666666667,4.66041666666667,-84.3018902667545
46608.3333333333,4.66083333333333,-84.109249072666
46612.5,4.66125,-83.9303379926261
46616.6666666667,4.66166666666667,-83.7646020698678
46620.8333333333,4.66208333333333,-83.611547237204
46625,4.6625,-83.4707336845649
46629.1666666667,4.66291666666667,-83.341770243483
46633.3333333333,4.66333333333333,-83.2243096191576
46637.5,4.66375,-83.1180443341165
46641.6666666667,4.66416666666667,-83.0227032773607
46645.8333333333,4.66458333333333,-82.9380487724205
46650,4.665,-82.8638740884996
46654.1666666667,4.66541666666667,-82.8000013411698
46658.3333333333,4.66583333333333,-82.746279733083
46662.5,4.66625,-82.702584096837
46666.6666666667,4.66666666666667,-82.6688137094139
46670.8333333333,4.66708333333333,-82.6448913547497
46675,4.6675,-82.6307626137497
46679.1666666667,4.66791666666667,-82.6263953692822
46683.3333333333,4.66833333333333,-82.6317795160463
46687.5,4.66875,-82.6469268687359
46691.6666666667,4.66916666666667,-82.6718712701696
46695.8333333333,4.66958333333333,-82.706668894409
46700,4.67,-82.751398762419
46704.1666666667,4.67041666666667,-82.8061634642013
46708.3333333333,4.67083333333333,-82.8710901190625
46712.5,4.67125,-82.9463315798126
46716.6666666667,4.67166666666667,-83.0320679105706
46720.8333333333,4.67208333333333,-83.1285081747286
46725,4.6725,-83.2358925588407
46729.1666666667,4.67291666666667,-83.354494896553
46733.3333333333,4.67333333333333,-83.4846256368314
46737.5,4.67375,-83.6266353397829
46741.6666666667,4.67416666666667,-83.7809187828501
46745.8333333333,4.67458333333333,-83.9479197909729
46750,4.675,-84.1281369241916
46754.1666666667,4.67541666666667,-84.3221301955975
46758.3333333333,4.67583333333333,-84.5305290293212
46762.5,4.67625,-84.7540417265711
46766.6666666667,4.67666666666667,-84.9934667775078
46770.8333333333,4.67708333333333,-85.2497064545229
46775,4.6775,-85.5237832414372
46779.1666666667,4.67791666666667,-85.8168598261348
46783.3333333333,4.67833333333333,-86.1302636123895
46787.5,4.67875,-86.4655170152195
46791.6666666667,4.67916666666667,-86.8243752453566
46795.8333333333,4.67958333333333,-87.2088739073588
46800,4.68,-87.6213896220732
46804.1666666667,4.68041666666667,-88.0647181745731
46808.3333333333,4.68083333333333,-88.5421766498224
46812.5,4.68125,-89.057738925043
46816.6666666667,4.68166666666667,-89.6162185247712
46820.8333333333,4.68208333333333,-90.2235201697359
46825,4.6825,-90.8869935167378
46829.1666666667,4.68291666666667,-91.6159433186264
46833.3333333333,4.68333333333333,-92.42238711769
46837.5,4.68375,-93.3222202087036
46841.6666666667,4.68416666666667,-94.337082530459
46845.8333333333,4.68458333333333,-95.4975054162757
46850,4.685,-96.8485608687356
46854.1666666667,4.68541666666667,-98.4608614602335
46858.3333333333,4.68583333333333,-100.454446127318
46862.5,4.68625,-103.059383722267
46866.6666666667,4.68666666666667,-106.8123822073
46870.8333333333,4.68708333333333,-113.586836068198
46875,4.6875,-128.365098154563
46879.1666666667,4.68791666666667,-110.886636446074
46883.3333333333,4.68833333333333,-105.472266281848
46887.5,4.68875,-102.16903788971
46891.6666666667,4.68916666666667,-99.789126592414
46895.8333333333,4.68958333333333,-97.930946964758
46900,4.69,-96.4092984842133
46904.1666666667,4.69041666666667,-95.1233400011297
46908.3333333333,4.69083333333333,-94.0120496508634
46912.5,4.69125,-93.0356810183524
46916.6666666667,4.69166666666667,-92.1668972275152
46920.8333333333,4.69208333333333,-91.3860908877036
46925,4.6925,-90.6787216827596
46929.1666666667,4.69291666666667,-90.0337101812839
46933.3333333333,4.69333333333333,-89.4424218066961
46937.5,4.69375,-88.8979984845759
46941.6666666667,4.69416666666667,-88.3949043099486
46945.8333333333,4.69458333333333,-87.928607930018
46950,4.695,-87.4953550719817
46954.1666666667,4.69541666666667,-87.0920021653643
46958.3333333333,4.69583333333333,-86.7158923760955
46962.5,4.69625,-86.3647617130389
46966.6666666667,4.69666666666667,-86.0366668687781
46970.8333333333,4.69708333333333,-85.729929023368
46975,4.6975,-85.4430895729882
46979.1666666667,4.69791666666667,-85.1748748672065
46983.3333333333,4.69833333333333,-84.9241678578227
46987.5,4.69875,-84.6899851022304
46991.6666666667,4.69916666666667,-84.4714579548388
46995.8333333333,4.69958333333333,-84.2678170867637
47000,4.7,-84.0783796460547
47004.1666666667,4.70041666666667,-83.902538558426
47008.3333333333,4.70083333333333,-83.7397535570003
47012.5,4.70125,-83.5895436346263
47016.6666666667,4.70166666666667,-83.45148066299
47020.8333333333,4.70208333333333,-83.3251839862869
47025,4.7025,-83.2103158286634
47029.1666666667,4.70291666666667,-83.1065773845081
47033.3333333333,4.70333333333333,-83.0137054964521
47037.5,4.70375,-82.931469829927
47041.6666666667,4.70416666666667,-82.8596704792387
47045.8333333333,4.70458333333333,-82.7981359516749
47050,4.705,-82.746721478769
47054.1666666667,4.70541666666667,-82.7053076267802
47058.3333333333,4.70583333333333,-82.6737991678997
47062.5,4.70625,-82.6521241986964
47066.6666666667,4.70666666666667,-82.6402334795779
47070.8333333333,4.70708333333333,-82.6380999877718
47075,4.7075,-82.6457186746736
47079.1666666667,4.70791666666667,-82.6631064176687
47083.3333333333,4.70833333333333,-82.6903021759755
47087.5,4.70875,-82.7273673397841
47091.6666666667,4.70916666666667,-82.7743862924401
47095.8333333333,4.70958333333333,-82.8314671882551
47100,4.71,-82.8987429644832
47104.1666666667,4.71041666666667,-82.9763726076823
47108.3333333333,4.71083333333333,-83.0645427006318
47112.5,4.71125,-83.1634692813933
47116.6666666667,4.71166666666667,-83.2734000591026
47120.8333333333,4.71208333333333,-83.3946170299559
47125,4.7125,-83.5274395632995
47129.1666666667,4.71291666666667,-83.6722280289956
47133.3333333333,4.71333333333333,-83.8293880586973
47137.5,4.71375,-83.9993755623696
47141.6666666667,4.71416666666667,-84.1827026358796
47145.8333333333,4.71458333333333,-84.3799445448712
47150,4.715,-84.5917480051638
47154.1666666667,4.71541666666667,-84.8188410393055
47158.3333333333,4.71583333333333,-85.0620447747129
47162.5,4.71625,-85.322287634961
47166.6666666667,4.71666666666667,-85.6006225185194
47170.8333333333,4.71708333333333,-85.8982477417221
47175,4.7175,-86.2165327562995
47179.1666666667,4.71791666666667,-86.5570500013742
47183.3333333333,4.71833333333333,-86.92161472074
47187.5,4.71875,-87.3123352375202
47191.6666666667,4.71916666666667,-87.7316771618349
47195.8333333333,4.71958333333333,-88.1825464136167
47200,4.72,-88.6683980794676
47204.1666666667,4.72041666666667,-89.1933813813011
47208.3333333333,4.72083333333333,-89.7625361294824
47212.5,4.72125,-90.3820642944632
47216.6666666667,4.72166666666667,-91.0597140027798
47220.8333333333,4.72208333333333,-91.8053368802669
47225,4.7225,-92.6317220242251
47229.1666666667,4.72291666666667,-93.5558896861854
47233.3333333333,4.72333333333333,-94.6011868284505
47237.5,4.72375,-95.8008664952093
47241.6666666667,4.72416666666667,-97.2046229505837
47245.8333333333,4.72458333333333,-98.891602130798
47250,4.725,-100.999536131719
47254.1666666667,4.72541666666667,-103.80215582025
47258.3333333333,4.72583333333333,-107.981173439023
47262.5,4.72625,-116.362772331911
47266.6666666667,4.72666666666667,-120.434277112781
47270.8333333333,4.72708333333333,-109.315929934917
47275,4.7275,-104.601140732986
47279.1666666667,4.72791666666667,-101.569119577039
47283.3333333333,4.72833333333333,-99.3335905902723
47287.5,4.72875,-97.5652424938856
47291.6666666667,4.72916666666667,-96.1049948032078
47295.8333333333,4.72958333333333,-94.8637453632507
47300,4.73,-93.7865307672553
47304.1666666667,4.73041666666667,-92.8370479788615
47308.3333333333,4.73083333333333,-91.990062094239
47312.5,4.73125,-91.2273215980861
47316.6666666667,4.73166666666667,-90.535200072031
47320.8333333333,4.73208333333333,-89.9032565805747
47325,4.7325,-89.323316154376
47329.1666666667,4.73291666666667,-88.7888600339546
47333.3333333333,4.73333333333333,-88.2946083079685
47337.5,4.73375,-87.8362264320999
47341.6666666667,4.73416666666667,-87.4101139589379
47345.8333333333,4.73458333333333,-87.0132493165485
47350,4.735,-86.6430737051057
47354.1666666667,4.73541666666667,-86.2974028370718
47358.3333333333,4.73583333333333,-85.9743589027799
47362.5,4.73625,-85.6723174330911
47366.6666666667,4.73666666666667,-85.3898653289303
47370.8333333333,4.73708333333333,-85.1257673578058
47375,4.7375,-84.8789391576546
47379.1666666667,4.73791666666667,-84.648425297235
47383.3333333333,4.73833333333333,-84.4333813062617
47387.5,4.73875,-84.2330588537083
47391.6666666667,4.73916666666667,-84.0467934462988
47395.8333333333,4.73958333333333,-83.873994157139
47400,4.74,-83.7141350110611
47404.1666666667,4.74041666666667,-83.5667477246839
47408.3333333333,4.74083333333333,-83.4314155664723
47412.5,4.74125,-83.3077681516645
47416.6666666667,4.74166666666667,-83.1954770159298
47420.8333333333,4.74208333333333,-83.0942518511406
47425,4.7425,-83.0038373045763
47429.1666666667,4.74291666666667,-82.9240102580343
47433.3333333333,4.74333333333333,-82.8545775250286
47437.5,4.74375,-82.795373915183
47441.6666666667,4.74416666666667,-82.7462606167871
47445.8333333333,4.74458333333333,-82.7071238696165
47450,4.745,-82.6778738962025
47454.1666666667,4.74541666666667,-82.6584440704332
47458.3333333333,4.74583333333333,-82.6487903100499
47462.5,4.74625,-82.6488906745307
47466.6666666667,4.74666666666667,-82.6587451693042
47470.8333333333,4.74708333333333,-82.6783757452916
47475,4.7475,-82.7078264956246
47479.1666666667,4.74791666666667,-82.7471640570497
47483.3333333333,4.74833333333333,-82.796478218991
47487.5,4.74875,-82.855882753132
47491.6666666667,4.74916666666667,-82.9255164834217
47495.8333333333,4.74958333333333,-83.0055446135865
47500,4.75,-83.0961603437441
47504.1666666667,4.75041666666667,-83.19758680718
47508.3333333333,4.75083333333333,-83.3100793728414
47512.5,4.75125,-83.4339283665509
47516.6666666667,4.75166666666667,-83.5694622710791
47520.8333333333,4.75208333333333,-83.7170514931855
47525,4.7525,-83.8771127878279
47529.1666666667,4.75291666666667,-84.0501144642185
47533.3333333333,4.75333333333333,-84.2365825268645
47537.5,4.75375,-84.4371079360992
47541.6666666667,4.75416666666667,-84.652355223117
47545.8333333333,4.75458333333333,-84.8830727612356
47550,4.755,-85.1301050710055
47554.1666666667,4.75541666666667,-85.3944076404295
47558.3333333333,4.75583333333333,-85.6770648988052
47562.5,4.75625,-85.9793121574397
47566.6666666667,4.75666666666667,-86.3025626077732
47570.8333333333,4.75708333333333,-86.6484408297566
47575,4.7575,-87.0188247671694
47579.1666666667,4.75791666666667,-87.4158988681759
47583.3333333333,4.75833333333333,-87.8422221337678
47587.5,4.75875,-88.3008163812691
47591.6666666667,4.75916666666667,-88.7952823711807
47595.8333333333,4.75958333333333,-89.3299550456164
47600,4.76,-89.9101148313252
47604.1666666667,4.76041666666667,-90.54228117177
47608.3333333333,4.76083333333333,-91.2346299573273
47612.5,4.76125,-91.9976034033198
47616.6666666667,4.76166666666667,-92.8448297476478
47620.8333333333,4.76208333333333,-93.794563197207
47625,4.7625,-94.8720428012368
47629.1666666667,4.76291666666667,-96.1135783417755
47633.3333333333,4.76333333333333,-97.5741449802298
47637.5,4.76375,-99.3428673441878
47641.6666666667,4.76416666666667,-101.578874958928
47645.8333333333,4.76458333333333,-104.611610389912
47650,4.765,-109.32786007458
47654.1666666667,4.76541666666667,-120.454233572158
47658.3333333333,4.76583333333333,-116.365309915016
47662.5,4.76625,-107.988103761193
47666.6666666667,4.76666666666667,-103.810270827774
47670.8333333333,4.76708333333333,-101.008289810548
47675,4.7675,-98.9008033833396
47679.1666666667,4.76791666666667,-97.2141827796377
47683.3333333333,4.76833333333333,-95.8107362621942
47687.5,4.76875,-94.6113370619133
47691.6666666667,4.76916666666667,-93.5663011790502
47695.8333333333,4.76958333333333,-92.6423815675978
47700,4.77,-91.8162349991914
47704.1666666667,4.77041666666667,-91.0708436757772
47708.3333333333,4.77083333333333,-90.3934201706231
47712.5,4.77125,-89.7741140422211
47716.6666666667,4.77166666666667,-89.2051780220712
47720.8333333333,4.77208333333333,-88.6804107798545
47725,4.7725,-88.1947729891978
47729.1666666667,4.77291666666667,-87.7441158051415
47733.3333333333,4.77333333333333,-87.3249844363007
47737.5,4.77375,-86.9344731968739
47741.6666666667,4.77416666666667,-86.5701166670656
47745.8333333333,4.77458333333333,-86.2298066786395
47750,4.775,-85.9117281164215
47754.1666666667,4.77541666666667,-85.6143086468281
47758.3333333333,4.77583333333333,-85.3361789072085
47762.5,4.77625,-85.0761406581095
47766.6666666667,4.77666666666667,-84.8331410649258
47770.8333333333,4.77708333333333,-84.6062517596429
47775,4.7775,-84.3946516631872
47779.1666666667,4.77791666666667,-84.1976127947544
47783.3333333333,4.77833333333333,-84.0144884752715
47787.5,4.77875,-83.8447034716443
47791.6666666667,4.77916666666667,-83.6877457167027
47795.8333333333,4.77958333333333,-83.5431593260472
47800,4.78,-83.4105386911642
47804.1666666667,4.78041666666667,-83.2895234634938
47808.3333333333,4.78083333333333,-83.1797942924669
47812.5,4.78125,-83.0810691991664
47816.6666666667,4.78166666666667,-82.993100491231
47820.8333333333,4.78208333333333,-82.9156721451075
47825,4.7825,-82.8485975922484
47829.1666666667,4.78291666666667,-82.7917178591557
47833.3333333333,4.78333333333333,-82.7449000214061
47837.5,4.78375,-82.7080359367502
47841.6666666667,4.78416666666667,-82.6810412334516
47845.8333333333,4.78458333333333,-82.6638545325352
47850,4.785,-82.6564368869361
47854.1666666667,4.78541666666667,-82.6587714293664
47858.3333333333,4.78583333333333,-82.6708632206236
47862.5,4.78625,-82.6927392937228
47866.6666666667,4.78666666666667,-82.7244489008814
47870.8333333333,4.78708333333333,-82.7660639568343
47875,4.7875,-82.8176797018589
47879.1666666667,4.78791666666667,-82.8794155830046
47883.3333333333,4.78833333333333,-82.9514163811649
47887.5,4.78875,-83.0338536050686
47891.6666666667,4.78916666666667,-83.1269271752489
47895.8333333333,4.78958333333333,-83.230867442875
47900,4.79,-83.3459375835774
47904.1666666667,4.79041666666667,-83.4724364225
47908.3333333333,4.79083333333333,-83.6107017577263
47912.5,4.79125,-83.7611142692914
47916.6666666667,4.79166666666667,-83.92410211151
47920.8333333333,4.79208333333333,-84.1001463218376
47925,4.7925,-84.2897872004097
47929.1666666667,4.79291666666667,-84.4936318605295
47933.3333333333,4.79333333333333,-84.7123631964207
47937.5,4.79375,-84.946750588026
47941.6666666667,4.79416666666667,-85.197662736134
47945.8333333333,4.79458333333333,-85.4660831516203
47950,4.795,-85.7531289595295
47954.1666666667,4.79541666666667,-86.0600739011865
47958.3333333333,4.79583333333333,-86.38837668901
47962.5,4.79625,-86.7397162724681
47966.6666666667,4.79666666666667,-87.1160361153698
47970.8333333333,4.79708333333333,-87.519600397948
47975,4.7975,-87.9530661901227
47979.1666666667,4.79791666666667,-88.4195773526176
47983.3333333333,4.79833333333333,-88.9228885290004
47987.5,4.79875,-89.4675315432188
47991.6666666667,4.79916666666667,-90.0590429168678
47995.8333333333,4.79958333333333,-90.7042815431341
48000,4.8,-91.4118831098862
48004.1666666667,4.80041666666667,-92.1929285983857
48008.3333333333,4.80083333333333,-93.0619605496452
48012.5,4.80125,-94.0385896725638
48016.6666666667,4.80166666666667,-95.1501580133843
48020.8333333333,4.80208333333333,-96.4364205218235
48025,4.8025,-97.9584142123779
48029.1666666667,4.80291666666667,-99.8170099821874
48033.3333333333,4.80333333333333,-102.197475819078
48037.5,4.80375,-105.501589901117
48041.6666666667,4.80416666666667,-110.918037752126
48045.8333333333,4.80458333333333,-128.422990407144
48050,4.805,-113.609061034794
48054.1666666667,4.80541666666667,-106.837797048617
48058.3333333333,4.80583333333333,-103.085885885987
48062.5,4.80625,-100.481573125567
48066.6666666667,4.80666666666667,-98.4884371247947
48070.8333333333,4.80708333333333,-96.8764994405585
48075,4.8075,-95.5257587216388
48079.1666666667,4.80791666666667,-94.3656208231282
48083.3333333333,4.80833333333333,-93.351023836027
48087.5,4.80875,-92.4514424182767
48091.6666666667,4.80916666666667,-91.6452404158263
48095.8333333333,4.80958333333333,-90.916525040883
48100,4.81,-90.2532804776758
48104.1666666667,4.81041666666667,-89.6462032001348
48108.3333333333,4.81083333333333,-89.0879444487155
48112.5,4.81125,-88.5726001747984
48116.6666666667,4.81166666666667,-88.0953573656327
48120.8333333333,4.81208333333333,-87.652242540678
48125,4.8125,-87.2399389305739
48129.1666666667,4.81291666666667,-86.8556509985102
48133.3333333333,4.81333333333333,-86.4970023283144
48137.5,4.81375,-86.1619574804928
48141.6666666667,4.81416666666667,-85.8487613822052
48145.8333333333,4.81458333333333,-85.5558917322955
48150,4.815,-85.2820212240989
48154.1666666667,4.81541666666667,-85.0259872513804
48158.3333333333,4.81583333333333,-84.7867673998188
48162.5,4.81625,-84.5634594579319
48166.6666666667,4.81666666666667,-84.355264987801
48170.8333333333,4.81708333333333,-84.1614757335297
48175,4.8175,-83.9814623114237
48179.1666666667,4.81791666666667,-83.8146647437432
48183.3333333333,4.81833333333333,-83.6605845015728
48187.5,4.81875,-83.5187777891218
48191.6666666667,4.81916666666667,-83.3888498540649
48195.8333333333,4.81958333333333,-83.2704501596891
48200,4.82,-83.1632682774021
48204.1666666667,4.82041666666667,-83.0670303941058
48208.3333333333,4.82083333333333,-82.981496340061
48212.5,4.82125,-82.9064570700247
48216.6666666667,4.82166666666667,-82.8417325343754
48220.8333333333,4.82208333333333,-82.7871698962297
48225,4.8225,-82.7426420505925
48229.1666666667,4.82291666666667,-82.7080464209312
48233.3333333333,4.82333333333333,-82.6833040000444
48237.5,4.82375,-82.6683586264513
48241.6666666667,4.82416666666667,-82.6631764715188
48245.8333333333,4.82458333333333,-82.6677457323373
48250,4.825,-82.6820765284369
48254.1666666667,4.82541666666667,-82.7062009894949
48258.3333333333,4.82583333333333,-82.7401735490838
48262.5,4.82625,-82.784071437068
48266.6666666667,4.82666666666667,-82.8379953911839
48270.8333333333,4.82708333333333,-82.9020705944684
48275,4.8275,-82.9764478608036
48279.1666666667,4.82791666666667,-83.0613050924585
48283.3333333333,4.82833333333333,-83.1568490387368
48287.5,4.82875,-83.2633173969265
48291.6666666667,4.82916666666667,-83.3809812999047
48295.8333333333,4.82958333333333,-83.5101482494303
48300,4.83,-83.6511655676416
48304.1666666667,4.83041666666667,-83.804424452568
48308.3333333333,4.83083333333333,-83.9703647468933
48312.5,4.83125,-84.1494805561736
48316.6666666667,4.83166666666667,-84.3423268777865
48320.8333333333,4.83208333333333,-84.5495274553286
48325,4.8325,-84.7717841171363
48329.1666666667,4.83291666666667,-85.0098879320677
48333.3333333333,4.83333333333333,-85.2647326057677
48337.5,4.83375,-85.5373306713597
48341.6666666667,4.83416666666667,-85.8288331727169
48345.8333333333,4.83458333333333,-86.1405537879963
48350,4.835,-86.4739986236055
48354.1666666667,4.83541666666667,-86.8309033465416
48358.3333333333,4.83583333333333,-87.213279923729
48362.5,4.83625,-87.6234760937735
48366.6666666667,4.83666666666667,-88.064251966513
48370.8333333333,4.83708333333333,-88.538880010833
48375,4.8375,-89.0512775452435
48379.1666666667,4.83791666666667,-89.6061852879467
48383.3333333333,4.83833333333333,-90.2094126013542
48387.5,4.83875,-90.8681817362504
48391.6666666667,4.83916666666667,-91.5916232727473
48395.8333333333,4.83958333333333,-92.3915101504324
48400,4.84,-93.2833829923162
48404.1666666667,4.84041666666667,-94.2883471911096
48408.3333333333,4.84083333333333,-95.4360890072475
48412.5,4.84125,-96.7702609776511
48416.6666666667,4.84166666666667,-98.3588937514695
48420.8333333333,4.84208333333333,-100.316785386885
48425,4.8425,-102.861494647925
48429.1666666667,4.84291666666667,-106.490653586495
48433.3333333333,4.84333333333333,-112.86159551275
48437.5,4.84375,-134.435618448257
48441.6666666667,4.84416666666667,-111.522096226549
48445.8333333333,4.84458333333333,-105.822830963633
48450,4.845,-102.417437680559
48454.1666666667,4.84541666666667,-99.9848629784275
48458.3333333333,4.84583333333333,-98.0944880751995
48462.5,4.84625,-96.551070784413
48466.6666666667,4.84666666666667,-95.249373496873
48470.8333333333,4.84708333333333,-94.1261448560306
48475,4.8475,-93.1403872538044
48479.1666666667,4.84791666666667,-92.2640073471384
48483.3333333333,4.84833333333333,-91.4769134525777
48487.5,4.84875,-90.7642408145296
48491.6666666667,4.84916666666667,-90.114684467722
48495.8333333333,4.84958333333333,-89.5194481738543
48500,4.85,-88.9715549369226
48504.1666666667,4.85041666666667,-88.4653794123917
48508.3333333333,4.85083333333333,-87.9963216712844
48512.5,4.85125,-87.5605739697069
48516.6666666667,4.85166666666667,-87.1549504202084
48520.8333333333,4.85208333333333,-86.7767602488518
48525,4.8525,-86.4237119182908
48529.1666666667,4.85291666666667,-86.0938395183038
48533.3333333333,4.85333333333333,-85.7854455028758
48537.5,4.85375,-85.4970556081706
48541.6666666667,4.85416666666667,-85.2273829804311
48545.8333333333,4.85458333333333,-84.975299351257
48550,4.855,-84.7398116701323
48554.1666666667,4.85541666666667,-84.5200430127859
48558.3333333333,4.85583333333333,-84.3152168629345
48562.5,4.85625,-84.1246440928919
48566.6666666667,4.85666666666667,-83.9477121119849
48570.8333333333,4.85708333333333,-83.7838757772977
48575,4.8575,-83.6326497432907
48579.1666666667,4.85791666666667,-83.4936020006748
48583.3333333333,4.85833333333333,-83.3663483986922
48587.5,4.85875,-83.2505479948312
48591.6666666667,4.85916666666667,-83.1458990992264
48595.8333333333,4.85958333333333,-83.0521359062005
48600,4.86,-82.969025635402
48604.1666666667,4.86041666666667,-82.896366107897
48608.3333333333,4.86083333333333,-82.8339836984775
48612.5,4.86125,-82.7817316288713
48616.6666666667,4.86166666666667,-82.7394885505009
48620.8333333333,4.86208333333333,-82.7071574011868
48625,4.8625,-82.6846645015695
48629.1666666667,4.86291666666667,-82.6719588804136
48633.3333333333,4.86333333333333,-82.6690118105297
48637.5,4.86375,-82.6758165498845
48641.6666666667,4.86416666666667,-82.6923882803296
48645.8333333333,4.86458333333333,-82.7187642457532
48650,4.865,-82.7550040871136
48654.1666666667,4.86541666666667,-82.801190387515
48658.3333333333,4.86583333333333,-82.8574294327108
48662.5,4.86625,-82.9238522053713
48666.6666666667,4.86666666666667,-83.00061562943
48670.8333333333,4.86708333333333,-83.0879040952559
48675,4.8675,-83.1859312933558
48679.1666666667,4.86791666666667,-83.2949424000326
48683.3333333333,4.86833333333333,-83.4152166611327
48687.5,4.86875,-83.5470704402516
48691.6666666667,4.86916666666667,-83.6908607988818
48695.8333333333,4.86958333333333,-83.8469897070994
48700,4.87,-84.0159089957049
48704.1666666667,4.87041666666667,-84.1981261910682
48708.3333333333,4.87083333333333,-84.3942114062766
48712.5,4.87125,-84.6048055131723
48716.6666666667,4.87166666666667,-84.8306298665931
48720.8333333333,4.87208333333333,-85.0724979368832
48725,4.8725,-85.3313292965029
48729.1666666667,4.87291666666667,-85.6081665451428
48733.3333333333,4.87333333333333,-85.9041959289612
48737.5,4.87375,-86.2207726452477
48741.6666666667,4.87416666666667,-86.5594521645259
48745.8333333333,4.87458333333333,-86.9220293529085
48750,4.875,-87.3105878314025
48754.1666666667,4.87541666666667,-87.7275629566477
48758.3333333333,4.87583333333333,-88.1758231731282
48762.5,4.87625,-88.6587765618824
48766.6666666667,4.87666666666667,-89.1805125551742
48770.8333333333,4.87708333333333,-89.7459937038383
48775,4.8775,-90.3613203476875
48779.1666666667,4.87791666666667,-91.0341041473676
48783.3333333333,4.87833333333333,-91.7740090796321
48787.5,4.87875,-92.5935588982095
48791.6666666667,4.87916666666667,-93.509385917383
48795.8333333333,4.87958333333333,-94.5442464808359
48800,4.88,-95.7304480044003
48804.1666666667,4.88041666666667,-97.1160701517098
48808.3333333333,4.88083333333333,-98.7772564226374
48812.5,4.88125,-100.845449176136
48816.6666666667,4.88166666666667,-103.578606834285
48820.8333333333,4.88208333333333,-107.604499529295
48825,4.8825,-115.364534803943
48829.1666666667,4.88291666666667,-122.406165875264
48833.3333333333,4.88333333333333,-109.841819638771
48837.5,4.88375,-104.914395965298
48841.6666666667,4.88416666666667,-101.796667265913
48845.8333333333,4.88458333333333,-99.5147303735279
48850,4.885,-97.7172189862082
48854.1666666667,4.88541666666667,-96.2368999246939
48858.3333333333,4.88583333333333,-94.9809576476413
48862.5,4.88625,-93.8924950403612
48866.6666666667,4.88666666666667,-92.9341029201123
48870.8333333333,4.88708333333333,-92.0798678503152
48875,4.8875,-91.311098947925
48879.1666666667,4.88791666666667,-90.6138727394314
48883.3333333333,4.88833333333333,-89.977540217604
48887.5,4.88875,-89.3937763227536
48891.6666666667,4.88916666666667,-88.8559512835335
48895.8333333333,4.88958333333333,-88.358701307074
48900,4.89,-87.8976272719352
48904.1666666667,4.89041666666667,-87.4690781959318
48908.3333333333,4.89083333333333,-87.0699923870836
48912.5,4.89125,-86.6977787733
48916.6666666667,4.89166666666667,-86.3502268078183
48920.8333333333,4.89208333333333,-86.0254370841242
48925,4.8925,-85.7217672003459
48929.1666666667,4.89291666666667,-85.4377890317977
48933.3333333333,4.89333333333333,-85.1722546534443
48937.5,4.89375,-84.9240688979888
48941.6666666667,4.89416666666667,-84.6922670686619
48945.8333333333,4.89458333333333,-84.4759966964761
48950,4.895,-84.2745024965767
48954.1666666667,4.89541666666667,-84.0871138953067
48958.3333333333,4.89583333333333,-83.9132346142723
48962.5,4.89625,-83.7523339395275
48966.6666666667,4.89666666666667,-83.603939368085
48970.8333333333,4.89708333333333,-83.4676303856416
48975,4.8975,-83.3430331977126
48979.1666666667,4.89791666666667,-83.229816246835
48983.3333333333,4.89833333333333,-83.1276864016033
48987.5,4.89875,-83.0363857139352
48991.6666666667,4.89916666666667,-82.9556886651304
48995.8333333333,4.89958333333333,-82.8853998327289
49000,4.9,-82.8253519279048
49004.1666666667,4.90041666666667,-82.7754041537973
49008.3333333333,4.90083333333333,-82.73544085912
49012.5,4.90125,-82.7053704481501
49016.6666666667,4.90166666666667,-82.6851245336095
49020.8333333333,4.90208333333333,-82.6746573102152
49025,4.9025,-82.6739451397389
49029.1666666667,4.90291666666667,-82.6829863370018
49033.3333333333,4.90333333333333,-82.7018011555844
49037.5,4.90375,-82.7304319688428
49041.6666666667,4.90416666666667,-82.7689436567544
49045.8333333333,4.90458333333333,-82.8174241952775
49050,4.905,-82.8759854722889
49054.1666666667,4.90541666666667,-82.9447643360557
49058.3333333333,4.90583333333333,-83.0239239022716
49062.5,4.90625,-83.1136551470153
49066.6666666667,4.90666666666667,-83.2141788192864
49070.8333333333,4.90708333333333,-83.3257477107316
49075,4.9075,-83.448649344206
49079.1666666667,4.90791666666667,-83.583209134689
49083.3333333333,4.90833333333333,-83.7297941078278
49087.5,4.90875,-83.8888172698507
49091.6666666667,4.90916666666667,-84.0607427505563
49095.8333333333,4.90958333333333,-84.2460918626423
49100,4.91,-84.4454502709363
49104.1666666667,4.91041666666667,-84.6594764918757
49108.3333333333,4.91083333333333,-84.888912026043
49112.5,4.91125,-85.1345934887529
49116.6666666667,4.91166666666667,-85.3974672179655
49120.8333333333,4.91208333333333,-85.6786069780583
49125,4.9125,-85.9792355587588
49129.1666666667,4.91291666666667,-86.3007513397901
49133.3333333333,4.91333333333333,-86.6447612313719
49137.5,4.91375,-87.0131219162305
49141.6666666667,4.91416666666667,-87.407992009205
49145.8333333333,4.91458333333333,-87.8318987913641
49150,4.915,-88.2878246805102
49154.1666666667,4.91541666666667,-88.7793208640129
49158.3333333333,4.91583333333333,-89.3106590124186
49162.5,4.91625,-89.8870374694056
49166.6666666667,4.91666666666667,-90.5148672193753
49170.8333333333,4.91708333333333,-91.2021777632367
49175,4.9175,-91.9592088012902
49179.1666666667,4.91791666666667,-92.7993001488283
49183.3333333333,4.91833333333333,-93.7402806757205
49187.5,4.91875,-94.8067349599383
49191.6666666667,4.91916666666667,-96.0339107876447
49195.8333333333,4.91958333333333,-97.4749380336316
49200,4.92,-99.2154271764643
49204.1666666667,4.92041666666667,-101.406886592204
49208.3333333333,4.92083333333333,-104.358553134089
49212.5,4.92125,-108.880173343818
49216.6666666667,4.92166666666667,-118.889333408513
49220.8333333333,4.92208333333333,-117.54998838315
49225,4.9225,-108.43492380533
49229.1666666667,4.92291666666667,-104.091937665243
49233.3333333333,4.92333333333333,-101.216986860595
49237.5,4.92375,-99.0682824450165
49241.6666666667,4.92416666666667,-97.3551137398732
49245.8333333333,4.92458333333333,-95.9330968218639
49250,4.925,-94.719945774048
49254.1666666667,4.92541666666667,-93.6642907662811
49258.3333333333,4.92583333333333,-92.7319030114159
49262.5,4.92625,-91.8988287781031
49266.6666666667,4.92666666666667,-91.1476506558465
49270.8333333333,4.92708333333333,-90.4653086628566
49275,4.9275,-89.8417600596642
49279.1666666667,4.92791666666667,-89.2691180092003
49283.3333333333,4.92833333333333,-88.7410774128524
49287.5,4.92875,-88.2525201804868
49291.6666666667,4.92916666666667,-87.7992365891907
49295.8333333333,4.92958333333333,-87.3777240402467
49300,4.93,-86.9850387747887
49304.1666666667,4.93041666666667,-86.6186846630882
49308.3333333333,4.93083333333333,-86.2765284835752
49312.5,4.93125,-85.9567344687853
49316.6666666667,4.93166666666667,-85.6577131012062
49320.8333333333,4.93208333333333,-85.3780805921445
49325,4.9325,-85.1166264915791
49329.1666666667,4.93291666666667,-84.8722875544171
49333.3333333333,4.93333333333333,-84.6441264710041
49337.5,4.93375,-84.431314429256
49341.6666666667,4.93416666666667,-84.2331167176409
49345.8333333333,4.93458333333333,-84.0488807630326
49350,4.935,-83.878026136545
49354.1666666667,4.93541666666667,-83.7200361646338
49358.3333333333,4.93583333333333,-83.5744508546746
49362.5,4.93625,-83.4408609105696
49366.6666666667,4.93666666666667,-83.3189026554801
49370.8333333333,4.93708333333333,-83.2082537148678
49375,4.9375,-83.1086293445083
49379.1666666667,4.93791666666667,-83.0197793080177
49383.3333333333,4.93833333333333,-82.9414852237076
49387.5,4.93875,-82.8735583235095
49391.6666666667,4.93916666666667,-82.8158375652
49395.8333333333,4.93958333333333,-82.7681880651044
49400,4.94,-82.7304998095906
49404.1666666667,4.94041666666667,-82.7026866259525
49408.3333333333,4.94083333333333,-82.6846853851537
49412.5,4.94125,-82.6764554262275
49416.6666666667,4.94166666666667,-82.6779781885844
49420.8333333333,4.94208333333333,-82.6892570437329
49425,4.9425,-82.7103173259814
49429.1666666667,4.94291666666667,-82.7412065608463
49433.3333333333,4.94333333333333,-82.7819948970771
49437.5,4.94375,-82.8327757483795
49441.6666666667,4.94416666666667,-82.8936666600447
49445.8333333333,4.94458333333333,-82.9648104156149
49450,4.945,-83.0463764073017
49454.1666666667,4.94541666666667,-83.1385623000929
49458.3333333333,4.94583333333333,-83.2415960204263
49462.5,4.94625,-83.3557381204161
49466.6666666667,4.94666666666667,-83.4812845670554
49470.8333333333,4.94708333333333,-83.6185700253356
49475,4.9475,-83.7679717173003
49479.1666666667,4.94791666666667,-83.9299139594177
49483.3333333333,4.94833333333333,-84.1048735015843
49487.5,4.94875,-84.2933858259583
49491.6666666667,4.94916666666667,-84.4960526000624
49495.8333333333,4.94958333333333,-84.7135505240624
49500,4.95,-84.9466418881258
49504.1666666667,4.95041666666667,-85.1961872299311
49508.3333333333,4.95083333333333,-85.4631605930771
49512.5,4.95125,-85.7486680521109
49516.6666666667,4.95166666666667,-86.0539703519123
49520.8333333333,4.95208333333333,-86.3805108020795
49525,4.9525,-86.7299499404712
49529.1666666667,4.95291666666667,-87.1042090303723
49533.3333333333,4.95333333333333,-87.5055252144342
49537.5,4.95375,-87.9365222769284
49541.6666666667,4.95416666666667,-88.4003026191958
49545.8333333333,4.95458333333333,-88.900568552356
49550,4.955,-89.4417848674465
49554.1666666667,4.95541666666667,-90.0294007750994
49558.3333333333,4.95583333333333,-90.6701592624612
49562.5,4.95625,-91.3725387417342
49566.6666666667,4.95666666666667,-92.1474012461234
49570.8333333333,4.95708333333333,-93.0089751517847
49575,4.9575,-93.9764036682908
49579.1666666667,4.95791666666667,-95.0763013998984
49583.3333333333,4.95833333333333,-96.3472260046953
49587.5,4.95875,-97.848094875176
49591.6666666667,4.95916666666667,-99.6756367655417
49595.8333333333,4.95958333333333,-102.005786571997
49600,4.96,-105.213955093193
49604.1666666667,4.96041666666667,-110.373923052812
49608.3333333333,4.96083333333333,-124.911716830967
49612.5,4.96125,-114.454745357342
49616.6666666667,4.96166666666667,-107.224366345409
49620.8333333333,4.96208333333333,-103.340275923572
49625,4.9625,-100.673057180649
49629.1666666667,4.96291666666667,-98.6430560623522
49633.3333333333,4.96333333333333,-97.0068412147799
49637.5,4.96375,-95.6388634326564
49641.6666666667,4.96416666666667,-94.4658230474805
49645.8333333333,4.96458333333333,-93.4411813241536
49650,4.965,-92.5335383769253
49654.1666666667,4.96541666666667,-91.7207071398869
49658.3333333333,4.96583333333333,-90.9864305009177
49662.5,4.96625,-90.3184420619087
49666.6666666667,4.96666666666667,-89.7072602678559
49670.8333333333,4.96708333333333,-89.1454063828816
49675,4.9675,-88.6268792308751
49679.1666666667,4.96791666666667,-88.1467917522517
49683.3333333333,4.96833333333333,-87.7011130157024
49687.5,4.96875,-87.2864809796906
49691.6666666667,4.96916666666667,-86.9000639449038
49695.8333333333,4.96958333333333,-86.5394562466463
49700,4.97,-86.2025985249867
49704.1666666667,4.97041666666667,-85.8877159439904
49708.3333333333,4.97083333333333,-85.5932697241923
49712.5,4.97125,-85.317918697607
49716.6666666667,4.97166666666667,-85.0604885065117
49720.8333333333,4.97208333333333,-84.819946699814
49725,4.9725,-84.595382429791
49729.1666666667,4.97291666666667,-84.3859897801544
49733.3333333333,4.97333333333333,-84.1910539767432
49737.5,4.97375,-84.0099399173999
49741.6666666667,4.97416666666667,-83.842082578322
49745.8333333333,4.97458333333333,-83.6869789503971
49750,4.975,-83.5441812347981
49754.1666666667,4.97541666666667,-83.4132910837208
49758.3333333333,4.97583333333333,-83.2939547093605
49762.5,4.97625,-83.1858587242982
49766.6666666667,4.97666666666667,-83.0887266069774
49770.8333333333,4.97708333333333,-83.0023156915668
49775,4.9775,-82.9264146150364
49779.1666666667,4.97791666666667,-82.8608411624154
49783.3333333333,4.97833333333333,-82.8054404562318
49787.5,4.97875,-82.7600834565807
49791.6666666667,4.97916666666667,-82.7246657339345
49795.8333333333,4.97958333333333,-82.6991064953906
49800,4.98,-82.6833478403123
49804.1666666667,4.98041666666667,-82.6773542329605
49808.3333333333,4.98083333333333,-82.6811121814137
49812.5,4.98125,-82.6946301155203
49816.6666666667,4.98166666666667,-82.7179384622955
49820.8333333333,4.98208333333333,-82.7510899228081
49825,4.9825,-82.7941599490951
49829.1666666667,4.98291666666667,-82.8472474383348
49833.3333333333,4.98333333333333,-82.9104756522208
49837.5,4.98375,-82.9839933830787
49841.6666666667,4.98416666666667,-83.0679763885052
49845.8333333333,4.98458333333333,-83.1626291269793
49850,4.985,-83.2681868292668
49854.1666666667,4.98541666666667,-83.3849179560506
49858.3333333333,4.98583333333333,-83.5131270931414
49862.5,4.98625,-83.6531583605949
49866.6666666667,4.98666666666667,-83.8053994190845
49870.8333333333,4.98708333333333,-83.9702861779492
49875,4.9875,-84.1483083429662
49879.1666666667,4.98791666666667,-84.3400159615821
49883.3333333333,4.98833333333333,-84.5460271737593
49887.5,4.98875,-84.7670374242834
49891.6666666667,4.98916666666667,-85.0038304667098
49895.8333333333,4.98958333333333,-85.2572915697571
49900,4.99,-85.5284234670003
49904.1666666667,4.99041666666667,-85.8183657445679
49908.3333333333,4.99083333333333,-86.1284185818504
49912.5,4.99125,-86.4600720566173
49916.6666666667,4.99166666666667,-86.8150426399104
49920.8333333333,4.99208333333333,-87.1953190977428
49925,4.9925,-87.6032208477878
49929.1666666667,4.99291666666667,-88.0414730437547
49933.3333333333,4.99333333333333,-88.5133044819015
49937.5,4.99375,-89.0225771825695
49941.6666666667,4.99416666666667,-89.5739607680529
49945.8333333333,4.99458333333333,-90.1731716086475
49950,4.995,-90.8273079218205
49954.1666666667,4.99541666666667,-91.5453310446759
49958.3333333333,4.99583333333333,-92.3387767654183
49962.5,4.99625,-93.2228427654367
49966.6666666667,4.99666666666667,-94.2181192513849
49970.8333333333,4.99708333333333,-95.3534813436891
49975,4.9975,-96.6712262375241
49979.1666666667,4.99791666666667,-98.2369365754563
49983.3333333333,4.99833333333333,-100.160490453529
49987.5,4.99875,-102.647880388238
49991.6666666667,4.99916666666667,-106.161577229467
49995.8333333333,4.99958333333333,-112.177301597499
50000,5,-302.888876279306
