freq_hz,freq_over_rbw,magnitude_db
0,0,1.92865493310657e-15
135.416666666667,0.000451388888888889,1.18762528879685e-06
270.833333333333,0.000902777777777778,4.75025164104139e-06
406.25,0.00135416666666667,1.06871305037457e-05
541.666666666667,0.00180555555555556,1.89970144270085e-05
677.083333333333,0.00225694444444444,2.967815730056e-05
812.5,0.00270833333333333,4.27283146251303e-05
947.916666666667,0.00315972222222222,5.81447438359947e-05
1083.33333333333,0.00361111111111111,7.59242048850525e-05
1218.75,0.0040625,9.60629606706297e-05
1354.16666666667,0.00451388888888889,0.000118556777716152
1489.58333333333,0.00496527777777778,0.000143400926877813
1625,0.00541666666666667,0.000170590184121721
1760.41666666667,0.00586805555555556,0.000200118831414872
1895.83333333333,0.00631944444444444,0.000231980657683644
2031.25,0.00677083333333333,0.000266168959861004
2166.66666666667,0.00722222222222222,0.000302676543997344
2302.08333333333,0.00767361111111111,0.000341495726488919
2437.5,0.008125,0.000382618335350577
2572.91666666667,0.00857638888888889,0.000426035711613762
2708.33333333333,0.00902777777777778,0.000471738710762975
2843.75,0.00947916666666667,0.000519717704301303
2979.16666666667,0.00993055555555556,0.000569962581329286
3114.58333333333,0.0103819444444444,0.000622462750314501
3250,0.0108333333333333,0.000677207140816566
3385.41666666667,0.0112847222222222,0.000734184205404725
3520.83333333333,0.0117361111111111,0.000793381921580927
3656.25,0.0121875,0.000854787793802849
3791.66666666667,0.0126388888888889,0.000918388855643467
3927.08333333333,0.0130902777777778,0.000984171671959865
4062.5,0.0135416666666667,0.0010521223411503
4197.91666666667,0.0139930555555556,0.00112222649754963
4333.33333333333,0.0144444444444444,0.00119446931385893
4468.75,0.0148958333333333,0.00126883550364004
4604.16666666667,0.0153472222222222,0.00134530932396582
4739.58333333333,0.0157986111111111,0.00142387457804646
4875,0.01625,0.00150451461802485
5010.41666666667,0.0167013888888889,0.0015872123477982
5145.83333333333,0.0171527777777778,0.00167195022596222
5281.25,0.0176041666666667,0.00175871026879688
5416.66666666667,0.0180555555555556,0.00184747405332265
5552.08333333333,0.0185069444444444,0.00193822272050224
5687.5,0.0189583333333333,0.00203093697843374
5822.91666666667,0.0194097222222222,0.00212559710569298
5958.33333333333,0.0198611111111111,0.0022221829547327
6093.75,0.0203125,0.00232067395529398
6229.16666666667,0.0207638888888889,0.00242104911803245
6364.58333333333,0.0212152777777778,0.00252328703808344
6500,0.0216666666666667,0.0026273658987896
6635.41666666667,0.0221180555555556,0.00273326347547545
6770.83333333333,0.0225694444444444,0.00284095713928206
6906.25,0.0230208333333333,0.00295042386112175
7041.66666666667,0.0234722222222222,0.00306164021565815
7177.08333333333,0.0239236111111111,0.00317458238541195
7312.5,0.024375,0.00328922616486872
7447.91666666667,0.0248263888888889,0.00340554696477209
7583.33333333333,0.0252777777777778,0.00352351981635135
7718.75,0.0257291666666667,0.00364311937575942
7854.16666666667,0.0261805555555556,0.00376431992848366
7989.58333333333,0.0266319444444444,0.00388709539386467
8125,0.0270833333333333,0.00401141932972671
8260.41666666667,0.0275347222222222,0.00413726493697326
8395.83333333333,0.0279861111111111,0.00426460506439435
8531.25,0.0284375,0.00439341221343507
8666.66666666667,0.0288888888888889,0.00452365854305229
8802.08333333333,0.0293402777777778,0.00465531587471364
8937.5,0.0297916666666667,0.00478835569735745
9072.91666666667,0.0302430555555556,0.00492274917251012
9208.33333333333,0.0306944444444444,0.00505846713943187
9343.75,0.0311458333333333,0.00519548012032146
9479.16666666667,0.0315972222222222,0.0053337583256166
9614.58333333333,0.0320486111111111,0.00547327165933786
9750,0.0325,0.0056139897245262
9885.41666666667,0.0329513888888889,0.00575588182870455
10020.8333333333,0.0334027777777778,0.0058989169894194
10156.25,0.0338541666666667,0.0060430639398951
10291.6666666667,0.0343055555555556,0.0061882911346831
10427.0833333333,0.0347569444444444,0.00633456675539107
10562.5,0.0352083333333333,0.00648185871649943
10697.9166666667,0.0356597222222222,0.00663013467123051
10833.3333333333,0.0361111111111111,0.00677936201748012
10968.75,0.0365625,0.00692950790376875
11104.1666666667,0.0370138888888889,0.00708053923531484
11239.5833333333,0.0374652777777778,0.0072324226801373
11375,0.0379166666666667,0.00738512467523169
11510.4166666667,0.0383680555555556,0.00753861143273319
11645.8333333333,0.0388194444444444,0.00769284894626495
11781.25,0.0392708333333333,0.00784780299722875
11916.6666666667,0.0397222222222222,0.00800343916120195
12052.0833333333,0.0401736111111111,0.00815972281438458
12187.5,0.040625,0.00831661914009285
12322.9166666667,0.0410763888888889,0.00847409313531629
12458.3333333333,0.0415277777777778,0.00863210961731724
12593.75,0.0419791666666667,0.00879063323026895
12729.1666666667,0.0424305555555556,0.00894962845198596
12864.5833333333,0.0428819444444444,0.00910905960065259
13000,0.0433333333333333,0.00926889084164754
13135.4166666667,0.0437847222222222,0.00942908619437793
13270.8333333333,0.0442361111111111,0.00958960953919991
13406.25,0.0446875,0.00975042462432736
13541.6666666667,0.0451388888888889,0.00991149507284637
13677.0833333333,0.0455902777777778,0.0100727843897544
13812.5,0.0460416666666667,0.0102342559690069
13947.9166666667,0.0464930555555556,0.0103958731006769
14083.3333333333,0.0469444444444444,0.0105575989780823
14218.75,0.0473958333333333,0.0107193967050097
14354.1666666667,0.0478472222222222,0.0108812293029487
14489.5833333333,0.0482986111111111,0.0110430597183638
14625,0.04875,0.0112048508300133
14760.4166666667,0.0492013888888889,0.0113665654563232
14895.8333333333,0.0496527777777778,0.0115281663627493
15031.25,0.0501041666666667,0.011689616269223
15166.6666666667,0.0505555555555556,0.0118508778575918
15302.0833333333,0.0510069444444444,0.0120119137791193
15437.5,0.0514583333333333,0.0121726866619966
15572.9166666667,0.0519097222222222,0.0123331591189006
15708.3333333333,0.0523611111111111,0.0124932937545716
15843.75,0.0528125,0.0126530531734192
15979.1666666667,0.0532638888888889,0.012812399987158
16114.5833333333,0.0537152777777778,0.0129712968224493
16250,0.0541666666666667,0.0131297063286321
16385.4166666667,0.0546180555555556,0.0132875911853618
16520.8333333333,0.0550694444444444,0.0134449141103938
16656.25,0.0555208333333333,0.0136016378673179
16791.6666666667,0.0559722222222222,0.0137577252733025
16927.0833333333,0.0564236111111111,0.0139131392069276
17062.5,0.056875,0.0140678426159308
17197.9166666667,0.0573263888888889,0.0142217985250734
17333.3333333333,0.0577777777777778,0.0143749700439573
17468.75,0.0582291666666667,0.0145273203748709
17604.1666666667,0.0586805555555556,0.0146788128206378
17739.5833333333,0.0591319444444444,0.0148294107925147
17875,0.0595833333333333,0.0149790778180406
18010.4166666667,0.0600347222222222,0.0151277775489247
18145.8333333333,0.0604861111111111,0.0152754737689612
18281.25,0.0609375,0.015422130401899
18416.6666666667,0.0613888888888889,0.0155677115193539
18552.0833333333,0.0618402777777778,0.015712181348717
18687.5,0.0622916666666667,0.015855504281065
18822.9166666667,0.0627430555555556,0.0159976448790295
18958.3333333333,0.0631944444444444,0.0161385678847383
19093.75,0.0636458333333333,0.0162782382276809
19229.1666666667,0.0640972222222222,0.016416621032623
19364.5833333333,0.0645486111111111,0.0165536816274979
19500,0.065,0.016689385551255
19635.4166666667,0.0654513888888889,0.0168236985617483
19770.8333333333,0.0659027777777778,0.0169565866436068
19906.25,0.0663541666666667,0.0170880160160599
20041.6666666667,0.0668055555555556,0.0172179531407804
20177.0833333333,0.0672569444444444,0.0173463647296887
20312.5,0.0677083333333333,0.0174732177527783
20447.9166666667,0.0681597222222222,0.0175984794458713
20583.3333333333,0.0686111111111111,0.0177221173183889
20718.75,0.0690625,0.0178440991611145
20854.1666666667,0.0695138888888889,0.0179643930538484
20989.5833333333,0.0699652777777778,0.01808296737318
21125,0.0704166666666667,0.0181997908001025
21260.4166666667,0.0708680555555556,0.0183148323276484
21395.8333333333,0.0713194444444444,0.0184280612685311
21531.25,0.0717708333333333,0.0185394472626966
21666.6666666667,0.0722222222222222,0.0186489602848634
21802.0833333333,0.0726736111111111,0.0187565706520653
21937.5,0.073125,0.01886224903109
22072.9166666667,0.0735763888888889,0.0189659664459231
22208.3333333333,0.0740277777777778,0.0190676942851648
22343.75,0.0744791666666667,0.0191674043093747
22479.1666666667,0.0749305555555556,0.0192650686583616
22614.5833333333,0.0753819444444444,0.0193606598584992
22750,0.0758333333333333,0.0194541508298956
22885.4166666667,0.0762847222222222,0.0195455148936216
23020.8333333333,0.0767361111111111,0.019634725778799
23156.25,0.0771875,0.019721757629689
23291.6666666667,0.0776388888888889,0.0198065850127156
23427.0833333333,0.0780902777777778,0.0198891829234238
23562.5,0.0785416666666667,0.0199695267934041
23697.9166666667,0.0789930555555556,0.0200475924971279
23833.3333333333,0.0794444444444444,0.0201233563587721
23968.75,0.0798958333333333,0.0201967951589209
24104.1666666667,0.0803472222222222,0.0202678861412359
24239.5833333333,0.0807986111111111,0.0203366070190923
24375,0.08125,0.0204029359820858
24510.4166666667,0.0817013888888889,0.0204668517025144
24645.8333333333,0.0821527777777778,0.0205283333417784
24781.25,0.0826041666666667,0.0205873605566992
24916.6666666667,0.0830555555555556,0.0206439135058055
25052.0833333333,0.0835069444444444,0.0206979728554693
25187.5,0.0839583333333333,0.0207495197860501
25322.9166666667,0.0844097222222222,0.020798535997882
25458.3333333333,0.0848611111111111,0.0208450037172557
25593.75,0.0853125,0.020888905702249
25729.1666666667,0.0857638888888889,0.0209302252485207
25864.5833333333,0.0862152777777778,0.0209689461950342
26000,0.0866666666666667,0.021005052929588
26135.4166666667,0.0871180555555556,0.0210385303944013
26270.8333333333,0.0875694444444444,0.021069364091527
26406.25,0.0880208333333333,0.0210975400881571
26541.6666666667,0.0884722222222222,0.0211230450218991
26677.0833333333,0.0889236111111111,0.0211458661059172
26812.5,0.089375,0.0211659911339518
26947.9166666667,0.0898263888888889,0.0211834084852859
27083.3333333333,0.0902777777777778,0.0211981071296294
27218.75,0.0907291666666667,0.0212100766317925
27354.1666666667,0.0911805555555556,0.0212193071563905
27489.5833333333,0.0916319444444444,0.0212257894723643
27625,0.0920833333333333,0.0212295149573831
27760.4166666667,0.0925347222222222,0.0212304756022108
27895.8333333333,0.0929861111111111,0.0212286640148695
28031.25,0.0934375,0.0212240734247794
28166.6666666667,0.0938888888888889,0.0212166976867121
28302.0833333333,0.0943402777777778,0.0212065312846808
28437.5,0.0947916666666667,0.0211935693356822
28572.9166666667,0.0952430555555556,0.0211778075933364
28708.3333333333,0.0956944444444444,0.0211592424513951
28843.75,0.0961458333333333,0.0211378709471356
28979.1666666667,0.0965972222222222,0.0211136907646359
29114.5833333333,0.0970486111111111,0.0210867002379082
29250,0.0975,0.0210568983539402
29385.4166666667,0.0979513888888889,0.0210242847555574
29520.8333333333,0.0984027777777778,0.0209888597441995
29656.25,0.0988541666666667,0.0209506242825609
29791.6666666667,0.0993055555555556,0.0209095799970769
29927.0833333333,0.0997569444444444,0.0208657291802992
30062.5,0.100208333333333,0.0208190747931141
30197.9166666667,0.100659722222222,0.0207696204668629
30333.3333333333,0.101111111111111,0.0207173705052624
30468.75,0.1015625,0.0206623298862796
30604.1666666667,0.102013888888889,0.0206045042637363
30739.5833333333,0.102465277777778,0.0205438999689243
30875,0.102916666666667,0.0204805240119515
31010.4166666667,0.103368055555556,0.0204143840829878
31145.8333333333,0.103819444444444,0.0203454885534064
31281.25,0.104270833333333,0.0202738464767248
31416.6666666667,0.104722222222222,0.0201994675894
31552.0833333333,0.105173611111111,0.0201223623115199
31687.5,0.105625,0.0200425417472855
31822.9166666667,0.106076388888889,0.0199600176853897
31958.3333333333,0.106527777777778,0.0198748025992411
32093.75,0.106979166666667,0.0197869096469782
32229.1666666667,0.107430555555556,0.019696352671397
32364.5833333333,0.107881944444444,0.0196031461996938
32500,0.108333333333333,0.019507305443049
32635.4166666667,0.108784722222222,0.0194088462960653
32770.8333333333,0.109236111111111,0.0193077853360375
32906.25,0.1096875,0.019204139822039
33041.6666666667,0.110138888888889,0.0190979276939371
33177.0833333333,0.110590277777778,0.0189891675711183
33312.5,0.111041666666667,0.0188778787511536
33447.9166666667,0.111493055555556,0.0187640812082765
33583.3333333333,0.111944444444444,0.0186477955916469
33718.75,0.112395833333333,0.0185290432235316
33854.1666666667,0.112847222222222,0.0184078460972498
33989.5833333333,0.113298611111111,0.0182842268749978
34125,0.11375,0.0181582088854984
34260.4166666667,0.114201388888889,0.0180298161214507
34395.8333333333,0.114652777777778,0.0178990732368696
34531.25,0.115104166666667,0.0177660055442023
34666.6666666667,0.115555555555556,0.0176306390113249
34802.0833333333,0.116006944444444,0.0174930002583179
34937.5,0.116458333333333,0.0173531165541266
35072.9166666667,0.116909722222222,0.0172110158130033
35208.3333333333,0.117361111111111,0.0170667265908154
35343.75,0.1178125,0.0169202780811867
35479.1666666667,0.118263888888889,0.0167717001114029
35614.5833333333,0.118715277777778,0.0166210231382491
35750,0.119166666666667,0.0164682782435825
35885.4166666667,0.119618055555556,0.0163134971297815
36020.8333333333,0.120069444444444,0.0161567121150456
36156.25,0.120520833333333,0.0159979561284467
36291.6666666667,0.120972222222222,0.0158372627048828
36427.0833333333,0.121423611111111,0.0156746659798264
36562.5,0.121875,0.015510200683918
36697.9166666667,0.122326388888889,0.0153439021373742
36833.3333333333,0.122777777777778,0.0151758062442132
36968.75,0.123229166666667,0.0150059494863502
37104.1666666667,0.123680555555556,0.0148343689174803
37239.5833333333,0.124131944444444,0.0146611021568138
37375,0.124583333333333,0.0144861873826487
37510.4166666667,0.125034722222222,0.014309663325725
37645.8333333333,0.125486111111111,0.0141315692624792
37781.25,0.1259375,0.0139519450081146
37916.6666666667,0.126388888888889,0.0137708309094057
38052.0833333333,0.126840277777778,0.0135882678374833
38187.5,0.127291666666667,0.0134042971803802
38322.9166666667,0.127743055555556,0.0132189608353644
38458.3333333333,0.128194444444444,0.0130323012012041
38593.75,0.128645833333333,0.0128443611702082
38729.1666666667,0.129097222222222,0.0126551841200682
38864.5833333333,0.129548611111111,0.0124648139056669
39000,0.13,0.0122732948505383
39135.4166666667,0.130451388888889,0.0120806717383464
39270.8333333333,0.130902777777778,0.0118869898040902
39406.25,0.131354166666667,0.0116922947251529
39541.6666666667,0.131805555555556,0.0114966326122973
39677.0833333333,0.132256944444444,0.0113000500003384
39812.5,0.132708333333333,0.0111025938388087
39947.9166666667,0.133159722222222,0.0109043114823915
40083.3333333333,0.133611111111111,0.0107052506812063
40218.75,0.1340625,0.0105054595709678
40354.1666666667,0.134513888888889,0.0103049866629716
40489.5833333333,0.134965277777778,0.0101038808339336
40625,0.135416666666667,0.00990219131567435
40760.4166666667,0.135868055555556,0.00969996768470203
40895.8333333333,0.136319444444444,0.00949725985159404
41031.25,0.136770833333333,0.00929411805022192
41166.6666666667,0.137222222222222,0.0090905928269299
41302.0833333333,0.137673611111111,0.00888673502947408
41437.5,0.138125,0.00868259579587258
41572.9166666667,0.138576388888889,0.00847822654309912
41708.3333333333,0.139027777777778,0.00827367895566215
41843.75,0.139479166666667,0.00806900497403889
41979.1666666667,0.139930555555556,0.00786425678295432
42114.5833333333,0.140381944444444,0.00765948679962276
42250,0.140833333333333,0.00745474766169552
42385.4166666667,0.141284722222222,0.00725009221528281
42520.8333333333,0.141736111111111,0.00704557350271243
42656.25,0.1421875,0.00684124475020252
42791.6666666667,0.142638888888889,0.00663715935545992
42927.0833333333,0.143090277777778,0.0064333708750962
43062.5,0.143541666666667,0.00622993301200377
43197.9166666667,0.143993055555556,0.00602689960252837
43333.3333333333,0.144444444444444,0.00582432460364983
43468.75,0.144895833333333,0.00562226207994366
43604.1666666667,0.145347222222222,0.00542076619053353
43739.5833333333,0.145798611111111,0.00521989117587074
43875,0.14625,0.00501969134444678
44010.4166666667,0.146701388888889,0.00482022105946005
44145.8333333333,0.147152777777778,0.00462153472527296
44281.25,0.147604166666667,0.00442368677389069
44416.6666666667,0.148055555555556,0.00422673165132866
44552.0833333333,0.148506944444444,0.00403072380382624
44687.5,0.148958333333333,0.00383571766408217
44822.9166666667,0.149409722222222,0.00364176763734014
44958.3333333333,0.149861111111111,0.00344892808744984
45093.75,0.1503125,0.00325725332279951
45229.1666666667,0.150763888888889,0.00306679758223549
45364.5833333333,0.151215277777778,0.00287761502089966
45500,0.151666666666667,0.00268975969597688
45635.4166666667,0.152118055555556,0.00250328555243944
45770.8333333333,0.152569444444444,0.00231824640866498
45906.25,0.153020833333333,0.0021346959420998
46041.6666666667,0.153472222222222,0.00195268767475332
46177.0833333333,0.153923611111111,0.00177227495875345
46312.5,0.154375,0.00159351096182593
46447.9166666667,0.154826388888889,0.00141644865270357
46583.3333333333,0.155277777777778,0.00124114078652909
46718.75,0.155729166666667,0.00106763989025158
46854.1666666667,0.156180555555556,0.000895998247947499
46989.5833333333,0.156631944444444,0.000726267886148919
47125,0.157083333333333,0.000558500559152434
47260.4166666667,0.157534722222222,0.000392747734289356
47395.8333333333,0.157986111111111,0.000229060577217218
47531.25,0.1584375,6.74899372037506e-05
47666.6666666667,0.158888888888889,-9.19136676833184e-05
47802.0833333333,0.159340277777778,-0.000249100065234595
47937.5,0.159791666666667,-0.000404019443861848
48072.9166666667,0.160243055555556,-0.000556622367347538
48208.3333333333,0.160694444444444,-0.000706859789500849
48343.75,0.161145833333333,-0.000854683068943794
48479.1666666667,0.161597222222222,-0.00100004398371285
48614.5833333333,0.162048611111111,-0.00114289474593731
48750,0.1625,-0.00128318801651311
48885.4166666667,0.162951388888889,-0.00142087691962648
49020.8333333333,0.163402777777778,-0.00155591505735846
49156.25,0.163854166666667,-0.00168825652420836
49291.6666666667,0.164305555555556,-0.00181785592157429
49427.0833333333,0.164756944444444,-0.00194466837212803
49562.5,0.165208333333333,-0.00206864953427311
49697.9166666667,0.165659722222222,-0.00218975561639251
49833.3333333333,0.166111111111111,-0.00230794339115706
49968.75,0.1665625,-0.00242317020969738
50104.1666666667,0.167013888888889,-0.0025353940157241
50239.5833333333,0.167465277777778,-0.00264457335958459
50375,0.167916666666667,-0.00275066741222517
50510.4166666667,0.168368055555556,-0.00285363597911722
50645.8333333333,0.168819444444444,-0.00295343951400265
50781.25,0.169270833333333,-0.00305003913264526
50916.6666666667,0.169722222222222,-0.00314339662645973
51052.0833333333,0.170173611111111,-0.00323347447599291
51187.5,0.170625,-0.00332023586435452
51322.9166666667,0.171076388888889,-0.00340364469054213
51458.3333333333,0.171527777777778,-0.00348366558257533
51593.75,0.171979166666667,-0.0035602639106713
51729.1666666667,0.172430555555556,-0.00363340580010567
51864.5833333333,0.172881944444444,-0.00370305814409498
52000,0.173333333333333,-0.0037691886164914
52135.4166666667,0.173784722222222,-0.00383176568432982
52270.8333333333,0.174236111111111,-0.00389075862028795
52406.25,0.1746875,-0.00394613751495699
52541.6666666667,0.175138888888889,-0.00399787328896792
52677.0833333333,0.175590277777778,-0.00404593770501473
52812.5,0.176041666666667,-0.00409030337966343
52947.9166666667,0.176493055555556,-0.00413094379501996
53083.3333333333,0.176944444444444,-0.00416783331027991
53218.75,0.177395833333333,-0.00420094717303449
53354.1666666667,0.177847222222222,-0.00423026153045793
53489.5833333333,0.178298611111111,-0.00425575344029989
53625,0.17875,-0.00427740088169819
53760.4166666667,0.179201388888889,-0.0042951827658241
53895.8333333333,0.179652777777778,-0.00430907894630029
54031.25,0.180104166666667,-0.0043190702294916
54166.6666666667,0.180555555555556,-0.00432513838448311
54302.0833333333,0.181006944444444,-0.00432726615305033
54437.5,0.181458333333333,-0.00432543725919193
54572.9166666667,0.181909722222222,-0.0043196364186263
54708.3333333333,0.182361111111111,-0.00430984934803165
54843.75,0.1828125,-0.00429606277403551
54979.1666666667,0.183263888888889,-0.00427826444199954
55114.5833333333,0.183715277777778,-0.00425644312460945
55250,0.184166666666667,-0.00423058863020981
55385.4166666667,0.184618055555556,-0.00420069181091368
55520.8333333333,0.185069444444444,-0.00416674457046767
55656.25,0.185520833333333,-0.00412873987190984
55791.6666666667,0.185972222222222,-0.00408667174495001
55927.0833333333,0.186423611111111,-0.00404053529310795
56062.5,0.186875,-0.00399032670064915
56197.9166666667,0.187326388888889,-0.00393604323919719
56333.3333333333,0.187777777777778,-0.00387768327414347
56468.75,0.188229166666667,-0.00381524627078183
56604.1666666667,0.188680555555556,-0.00374873280017169
56739.5833333333,0.189131944444444,-0.00367814454474832
56875,0.189583333333333,-0.00360348430363643
57010.4166666667,0.190034722222222,-0.00352475599775413
57145.8333333333,0.190486111111111,-0.00344196467457787
57281.25,0.1909375,-0.00335511651265903
57416.6666666667,0.191388888888889,-0.00326421882584679
57552.0833333333,0.191840277777778,-0.00316928006723763
57687.5,0.192291666666667,-0.00307030983284174
57822.9166666667,0.192743055555556,-0.00296731886494132
57958.3333333333,0.193194444444444,-0.0028603190551919
58093.75,0.193645833333333,-0.00274932344737035
58229.1666666667,0.194097222222222,-0.00263434623990548
58364.5833333333,0.194548611111111,-0.00251540278802173
58500,0.195,-0.00239250960565107
58635.4166666667,0.195451388888889,-0.0022656843669948
58770.8333333333,0.195902777777778,-0.00213494590783552
58906.25,0.196354166666667,-0.00200031422644591
59041.6666666667,0.196805555555556,-0.00186181048428572
59177.0833333333,0.197256944444444,-0.00171945700634104
59312.5,0.197708333333333,-0.00157327728110926
59447.9166666667,0.198159722222222,-0.0014232959603665
59583.3333333333,0.198611111111111,-0.00126953885851629
59718.75,0.1990625,-0.00111203295167777
59854.1666666667,0.199513888888889,-0.000950806376425744
59989.5833333333,0.199965277777778,-0.000785888428228174
60125,0.200416666666667,-0.00061730955953501
60260.4166666667,0.200868055555556,-0.000445101377562842
60395.8333333333,0.201319444444444,-0.000269296641715852
60531.25,0.201770833333333,-8.99292607377634e-05
60666.6666666667,0.202222222222222,9.29657105207261e-05
60802.0833333333,0.202673611111111,0.000279352074654161
60937.5,0.203125,0.00046919249555951
61072.9166666667,0.203576388888889,0.000662448502643386
61208.3333333333,0.204027777777778,0.00085908049540604
61343.75,0.204479166666667,0.00105904774825338
61479.1666666667,0.204930555555556,0.00126230841576237
61614.5833333333,0.205381944444444,0.00146881953821634
61750,0.205833333333333,0.00167853704746773
61885.4166666667,0.206284722222222,0.00189141577319173
62020.8333333333,0.206736111111111,0.00210740944940688
62156.25,0.2071875,0.00232647072141881
62291.6666666667,0.207638888888889,0.00254855115298987
62427.0833333333,0.208090277777778,0.00277360123396007
62562.5,0.208541666666667,0.00300157038811068
62697.9166666667,0.208993055555556,0.00323240698144768
62833.3333333333,0.209444444444444,0.00346605833073491
62968.75,0.209895833333333,0.00370247071244435
63104.1666666667,0.210347222222222,0.00394158937197096
63239.5833333333,0.210798611111111,0.00418335853325434
63375,0.21125,0.00442772140864292
63510.4166666667,0.211701388888889,0.0046746202092125
63645.8333333333,0.212152777777778,0.00492399615529973
63781.25,0.212604166666667,0.00517578948740229
63916.6666666667,0.213055555555556,0.00542993947749774
64052.0833333333,0.213506944444444,0.00568638444052977
64187.5,0.213958333333333,0.00594506174637013
64322.9166666667,0.214409722222222,0.0062059078320187
64458.3333333333,0.214861111111111,0.00646885821417621
64593.75,0.2153125,0.00673384750211409
64729.1666666667,0.215763888888889,0.00700080941082963
64864.5833333333,0.216215277777778,0.00726967677465741
65000,0.216666666666667,0.00754038156103613
65135.4166666667,0.217118055555556,0.00781285488467708
65270.8333333333,0.217569444444444,0.0080870270220414
65406.25,0.218020833333333,0.00836282742612195
65541.6666666667,0.218472222222222,0.00864018474153317
65677.0833333333,0.218923611111111,0.00891902681990865
65812.5,0.219375,0.00919928073560034
65947.9166666667,0.219826388888889,0.00948087280169426
66083.3333333333,0.220277777777778,0.00976372858632714
66218.75,0.220729166666667,0.0100477729292631
66354.1666666667,0.221180555555556,0.01033292995883
66489.5833333333,0.221631944444444,0.010619123109085
66625,0.222083333333333,0.0109062751373249
66760.4166666667,0.222534722222222,0.011194308141827
66895.8333333333,0.222986111111111,0.0114831435799194
67031.25,0.2234375,0.0117727022862941
67166.6666666667,0.223888888888889,0.012062904491641
67302.0833333333,0.224340277777778,0.0123536698415038
67437.5,0.224791666666667,0.0126449174154533
67572.9166666667,0.225243055555556,0.0129365657464882
67708.3333333333,0.225694444444444,0.0132285328407186
67843.75,0.226145833333333,0.0135207361973065
67979.1666666667,0.226597222222222,0.0138130928286618
68114.5833333333,0.227048611111111,0.0141055192808737
68250,0.2275,0.014397931654428
68385.4166666667,0.227951388888889,0.0146902456251054
68520.8333333333,0.228402777777778,0.0149823764651823
68656.25,0.228854166666667,0.015274239064826
68791.6666666667,0.229305555555556,0.0155657479537365
68927.0833333333,0.229756944444444,0.0158568173230064
69062.5,0.230208333333333,0.0161473610472106
69197.9166666667,0.230659722222222,0.016437292706698
69333.3333333333,0.231111111111111,0.0167265256101016
69468.75,0.2315625,0.0170149728170824
69604.1666666667,0.232013888888889,0.0173025471612456
69739.5833333333,0.232465277777778,0.017589161273233
69875,0.232916666666667,0.0178747276040622
70010.4166666667,0.233368055555556,0.0181591584486341
70145.8333333333,0.233819444444444,0.0184423659693966
70281.25,0.234270833333333,0.0187242622202216
70416.6666666667,0.234722222222222,0.0190047591704217
70552.0833333333,0.235173611111111,0.019283768728986
70687.5,0.235625,0.0195612027688894
70822.9166666667,0.236076388888889,0.0198369731516681
70958.3333333333,0.236527777777778,0.0201109917520454
71093.75,0.236979166666667,0.020383170482769
71229.1666666667,0.237430555555556,0.02065342131955
71364.5833333333,0.237881944444444,0.0209216563261677
71500,0.238333333333333,0.0211877876796815
71635.4166666667,0.238784722222222,0.0214517276957558
71770.8333333333,0.239236111111111,0.0217133888541226
71906.25,0.2396875,0.0219726838241473
72041.6666666667,0.240138888888889,0.022229525490507
72177.0833333333,0.240590277777778,0.0224838269789421
72312.5,0.241041666666667,0.0227355016821173
72447.9166666667,0.241493055555556,0.0229844632855781
72583.3333333333,0.241944444444444,0.0232306257937764
72718.75,0.242395833333333,0.023473903556159
72854.1666666667,0.242847222222222,0.0237142112933415
72989.5833333333,0.243298611111111,0.0239514641233343
73125,0.24375,0.0241855775878371
73260.4166666667,0.244201388888889,0.0244164676785378
73395.8333333333,0.244652777777778,0.0246440508635233
73531.25,0.245104166666667,0.0248682441136642
73666.6666666667,0.245555555555556,0.0250889649290451
73802.0833333333,0.246006944444444,0.0253061313654465
73937.5,0.246458333333333,0.0255196620607825
74072.9166666667,0.246909722222222,0.0257294762616196
74208.3333333333,0.247361111111111,0.0259354938496316
74343.75,0.2478125,0.0261376353680764
74479.1666666667,0.248263888888889,0.0263358220482845
74614.5833333333,0.248715277777778,0.0265299758360786
74750,0.249166666666667,0.0267200194182193
74885.4166666667,0.249618055555556,0.0269058762487438
75020.8333333333,0.250069444444444,0.0270874705753878
75156.25,0.250520833333333,0.0272647274658347
75291.6666666667,0.250972222222222,0.0274375728339632
75427.0833333333,0.251423611111111,0.0276059334660359
75562.5,0.251875,0.0277697370468675
75697.9166666667,0.252326388888889,0.0279289121857624
75833.3333333333,0.252777777777778,0.0280833884426097
75968.75,0.253229166666667,0.0282330963536143
76104.1666666667,0.253680555555556,0.0283779674572037
76239.5833333333,0.254131944444444,0.0285179343195776
76375,0.254583333333333,0.0286529305603798
76510.4166666667,0.255034722222222,0.0287828908780336
76645.8333333333,0.255486111111111,0.0289077510751458
76781.25,0.2559375,0.0290274480836373
76916.6666666667,0.256388888888889,0.0291419199898043
77052.0833333333,0.256840277777778,0.0292511060591983
77187.5,0.257291666666667,0.0293549467613779
77322.9166666667,0.257743055555556,0.0294533837945117
77458.3333333333,0.258194444444444,0.0295463601097214
77593.75,0.258645833333333,0.029633819935376
77729.1666666667,0.259097222222222,0.0297157088010914
77864.5833333333,0.259548611111111,0.0297919735616374
78000,0.26,0.0298625624205247
78135.4166666667,0.260451388888889,0.02992742495353
78270.8333333333,0.260902777777778,0.0299865121318551
78406.25,0.261354166666667,0.0300397763452062
78541.6666666667,0.261805555555556,0.0300871714245259
78677.0833333333,0.262256944444444,0.0301286526645995
78812.5,0.262708333333333,0.0301641768462836
78947.9166666667,0.263159722222222,0.0301937022586268
79083.3333333333,0.263611111111111,0.0302171887206567
79218.75,0.2640625,0.0302345976028544
79354.1666666667,0.264513888888889,0.0302458918484727
79489.5833333333,0.264965277777778,0.0302510359944975
79625,0.265416666666667,0.0302499961923132
79760.4166666667,0.265868055555556,0.0302427402281074
79895.8333333333,0.266319444444444,0.0302292375429757
80031.25,0.266770833333333,0.0302094592526869
80166.6666666667,0.267222222222222,0.0301833781671393
80302.0833333333,0.267673611111111,0.0301509688095211
80437.5,0.268125,0.030112207435078
80572.9166666667,0.268576388888889,0.0300670720496433
80708.3333333333,0.269027777777778,0.0300155424276881
80843.75,0.269479166666667,0.029957600130125
80979.1666666667,0.269930555555556,0.0298932285217275
81114.5833333333,0.270381944444444,0.0298224127881312
81250,0.270833333333333,0.0297451399525299
81385.4166666667,0.271284722222222,0.0296613988919209
81520.8333333333,0.271736111111111,0.0295711803530437
81656.25,0.2721875,0.0294744769678266
81791.6666666667,0.272638888888889,0.0293712832685099
81927.0833333333,0.273090277777778,0.0292615957023086
82062.5,0.273541666666667,0.0291454126456879
82197.9166666667,0.273993055555556,0.0290227344181893
82333.3333333333,0.274444444444444,0.0288935632958559
82468.75,0.274895833333333,0.0287579035241776
82604.1666666667,0.275347222222222,0.0286157613306292
82739.5833333333,0.275798611111111,0.0284671449367544
82875,0.27625,0.0283120645697452
83010.4166666667,0.276701388888889,0.0281505324736217
83145.8333333333,0.277152777777778,0.0279825629198991
83281.25,0.277604166666667,0.02780817221779
83416.6666666667,0.278055555555556,0.027627378723894
83552.0833333333,0.278506944444444,0.0274402028514565
83687.5,0.278958333333333,0.0272466670790581
83822.9166666667,0.279409722222222,0.0270467959588512
83958.3333333333,0.279861111111111,0.0268406161242856
84093.75,0.2803125,0.026628156297241
84229.1666666667,0.280763888888889,0.0264094472947867
84364.5833333333,0.281215277777778,0.0261845220352323
84500,0.281666666666667,0.0259534155437813
84635.4166666667,0.282118055555556,0.025716164957565
84770.8333333333,0.282569444444444,0.0254728095302127
84906.25,0.283020833333333,0.0252233906357388
85041.6666666667,0.283472222222222,0.0249679517720017
85177.0833333333,0.283923611111111,0.0247065385635231
85312.5,0.284375,0.0244391987637477
85447.9166666667,0.284826388888889,0.0241659822567497
85583.3333333333,0.285277777777778,0.0238869410583345
85718.75,0.285729166666667,0.0236021293165805
85854.1666666667,0.286180555555556,0.0233116033117236
85989.5833333333,0.286631944444444,0.0230154214555586
86125,0.287083333333333,0.0227136442901205
86260.4166666667,0.287534722222222,0.0224063344858253
86395.8333333333,0.287986111111111,0.0220935568389868
86531.25,0.2884375,0.0217753782686856
86666.6666666667,0.288888888888889,0.0214518678130781
86802.0833333333,0.289340277777778,0.0211230966250123
86937.5,0.289791666666667,0.0207891379670412
87072.9166666667,0.290243055555556,0.0204500672058177
87208.3333333333,0.290694444444444,0.0201059618058218
87343.75,0.291145833333333,0.0197569013224406
87479.1666666667,0.291597222222222,0.0194029673944296
87614.5833333333,0.292048611111111,0.0190442437356848
87750,0.2925,0.0186808161263727
87885.4166666667,0.292951388888889,0.0183127724034423
88020.8333333333,0.293402777777778,0.0179402024503694
88156.25,0.293854166666667,0.0175631981863397
88291.6666666667,0.294305555555556,0.0171818535547031
88427.0833333333,0.294756944444444,0.0167962645107618
88562.5,0.295208333333333,0.0164065290089017
88697.9166666667,0.295659722222222,0.0160127469890021
88833.3333333333,0.296111111111111,0.0156150203621802
88968.75,0.2965625,0.0152134529958944
89104.1666666667,0.297013888888889,0.0148081506982904
89239.5833333333,0.297465277777778,0.0143992212018466
89375,0.297916666666667,0.0139867741464341
89510.4166666667,0.298368055555556,0.0135709210615192
89645.8333333333,0.298819444444444,0.0131517753478343
89781.25,0.299270833333333,0.0127294522582252
89916.6666666667,0.299722222222222,0.0123040688778232
90052.0833333333,0.300173611111111,0.0118757441035519
90187.5,0.300625,0.0114445986229
90322.9166666667,0.301076388888889,0.0110107548919663
90458.3333333333,0.301527777777778,0.0105743371128555
90593.75,0.301979166666667,0.0101354712102991
90729.1666666667,0.302430555555556,0.00969428480760491
90864.5833333333,0.302881944444444,0.00925090720188711
91000,0.303333333333333,0.00880546933857891
91135.4166666667,0.303784722222222,0.0083581037852261
91270.8333333333,0.304236111111111,0.00790894470463221
91406.25,0.3046875,0.00745812782715907
91541.6666666667,0.305138888888889,0.00700579042246299
91677.0833333333,0.305590277777778,0.00655207127041476
91812.5,0.306041666666667,0.00609711063135075
91947.9166666667,0.306493055555556,0.00564105021564223
92083.3333333333,0.306944444444444,0.00518403315247782
92218.75,0.307395833333333,0.00472620395799837
92354.1666666667,0.307847222222222,0.0042677085027237
92489.5833333333,0.308298611111111,0.00380869397823315
92625,0.30875,0.00334930886319544
92760.4166666667,0.309201388888889,0.00288970288865607
92895.8333333333,0.309652777777778,0.00243002700263131
93031.25,0.310104166666667,0.00197043333402335
93166.6666666667,0.310555555555556,0.00151107515582256
93302.0833333333,0.311006944444444,0.00105210684764252
93437.5,0.311458333333333,0.000593683857526814
93572.9166666667,0.311909722222222,0.000135962663084782
93708.3333333333,0.312361111111111,-0.000320899268003346
93843.75,0.3128125,-0.000776743518272669
93979.1666666667,0.313263888888889,-0.00123141076130133
94114.5833333333,0.313715277777778,-0.00168474080333988
94250,0.314166666666667,-0.00213657262550176
94385.4166666667,0.314618055555556,-0.00258674442666815
94520.8333333333,0.315069444444444,-0.00303509366704872
94656.25,0.315520833333333,-0.00348145711240287
94791.6666666667,0.315972222222222,-0.00392567087886108
94927.0833333333,0.316423611111111,-0.00436757047844721
95062.5,0.316875,-0.00480699086522693
95197.9166666667,0.317326388888889,-0.00524376648202272
95333.3333333333,0.317777777777778,-0.00567773130787236
95468.75,0.318229166666667,-0.00610871890599672
95604.1666666667,0.318680555555556,-0.00653656247242459
95739.5833333333,0.319131944444444,-0.00696109488525445
95875,0.319583333333333,-0.00738214875444127
96010.4166666667,0.320034722222222,-0.00779955647225993
96145.8333333333,0.320486111111111,-0.00821315026427235
96281.25,0.3209375,-0.00862276224092857
96416.6666666667,0.321388888888889,-0.00902822444972142
96552.0833333333,0.321840277777778,-0.00942936892788792
96687.5,0.322291666666667,-0.00982602775568384
96822.9166666667,0.322743055555556,-0.0102180331101744
96958.3333333333,0.323194444444444,-0.0106052173196022
97093.75,0.323645833333333,-0.0109874129182364
97229.1666666667,0.324097222222222,-0.0113644527017691
97364.5833333333,0.324548611111111,-0.0117361697832073
97500,0.325,-0.0121023976492612
97635.4166666667,0.325451388888889,-0.012462970217219
97770.8333333333,0.325902777777778,-0.0128177218923258
97906.25,0.326354166666667,-0.0131664876255798
98041.6666666667,0.326805555555556,-0.0135091029720182
98177.0833333333,0.327256944444444,-0.0138454041494645
98312.5,0.327708333333333,-0.0141752280976565
98447.9166666667,0.328159722222222,-0.0144984125378499
98583.3333333333,0.328611111111111,-0.014814796032804
98718.75,0.3290625,-0.0151242180471948
98854.1666666667,0.329513888888889,-0.0154265190083518
98989.5833333333,0.329965277777778,-0.0157215403674735
99125,0.330416666666667,-0.0160091246611128
99260.4166666667,0.330868055555556,-0.016289115573054
99395.8333333333,0.331319444444444,-0.0165613579965237
99531.25,0.331770833333333,-0.0168256980967374
99666.6666666667,0.332222222222222,-0.0170819833737345
99802.0833333333,0.332673611111111,-0.0173300627255087
99937.5,0.333125,-0.0175697865114583
100072.916666667,0.333576388888889,-0.0178010066160859
100208.333333333,0.334027777777778,-0.0180235765129436
100343.75,0.334479166666667,-0.0182373513288176
100479.166666667,0.334930555555556,-0.0184421879082006
100614.583333333,0.335381944444444,-0.0186379448778713
100750,0.335833333333333,-0.0188244827117771
100885.416666667,0.336284722222222,-0.0190016637960528
101020.833333333,0.336736111111111,-0.0191693524941852
101156.25,0.3371875,-0.0193274152123602
101291.666666667,0.337638888888889,-0.0194757204649846
101427.083333333,0.338090277777778,-0.0196141389402373
101562.5,0.338541666666667,-0.0197425435658377
101697.916666667,0.338993055555556,-0.0198608095747776
101833.333333333,0.339444444444444,-0.0199688145712508
101968.75,0.339895833333333,-0.0200664385965916
102104.166666667,0.340347222222222,-0.0201535641952097
102239.583333333,0.340798611111111,-0.0202300764806241
102375,0.34125,-0.0202958632014621
102510.416666667,0.341701388888889,-0.020350814807479
102645.833333333,0.342152777777778,-0.0203948245155533
102781.25,0.342604166666667,-0.0204277883755686
102916.666666667,0.343055555555556,-0.0204496053363479
103052.083333333,0.343506944444444,-0.0204601773114663
103187.5,0.343958333333333,-0.0204594092449288
103322.916666667,0.344409722222222,-0.020447209176809
103458.333333333,0.344861111111111,-0.020423488308694
103593.75,0.3453125,-0.0203881610690654
103729.166666667,0.345763888888889,-0.0203411451784676
103864.583333333,0.346215277777778,-0.0202823617144445
104000,0.346666666666667,-0.0202117351764197
104135.416666667,0.347118055555556,-0.0201291935502487
104270.833333333,0.347569444444444,-0.0200346683725504
104406.25,0.348020833333333,-0.0199280947948583
104541.666666667,0.348472222222222,-0.0198094116474315
104677.083333333,0.348923611111111,-0.0196785615028131
104812.5,0.349375,-0.0195354907390913
104947.916666667,0.349826388888889,-0.0193801496028382
105083.333333333,0.350277777777778,-0.0192124922716905
105218.75,0.350729166666667,-0.0190324769166112
105354.166666667,0.351180555555556,-0.0188400657637401
105489.583333333,0.351631944444444,-0.0186352251559031
105625,0.352083333333333,-0.0184179256136436
105760.416666667,0.352534722222222,-0.0181881418959417
105895.833333333,0.352986111111111,-0.01794585306033
106031.25,0.3534375,-0.0176910425227194
106166.666666667,0.353888888888889,-0.017423698116629
106302.083333333,0.354340277777778,-0.0171438121519995
106437.5,0.354791666666667,-0.0168513814734097
106572.916666667,0.355243055555556,-0.0165464075178675
106708.333333333,0.355694444444444,-0.0162288963719764
106843.75,0.356145833333333,-0.0158988588285689
106979.166666667,0.356597222222222,-0.0155563104428021
107114.583333333,0.357048611111111,-0.0152012715875609
107250,0.3575,-0.0148337675083579
107385.416666667,0.357951388888889,-0.0144538283775364
107520.833333333,0.358402777777778,-0.014061489347858
107656.25,0.358854166666667,-0.0136567906054165
107791.666666667,0.359305555555556,-0.0132397774219292
107927.083333333,0.359756944444444,-0.0128105002062289
108062.5,0.360208333333333,-0.0123690145551777
108197.916666667,0.360659722222222,-0.0119153813037711
108333.333333333,0.361111111111111,-0.0114496665745432
108468.75,0.3615625,-0.0109719418262181
108604.166666667,0.362013888888889,-0.0104822839015917
108739.583333333,0.362465277777778,-0.00998077507464551
108875,0.362916666666667,-0.00946750309684316
109010.416666667,0.363368055555556,-0.00894256124264738
109145.833333333,0.363819444444444,-0.00840604835420469
109281.25,0.364270833333333,-0.00785806888519699
109416.666666667,0.364722222222222,-0.00729873294384656
109552.083333333,0.365173611111111,-0.00672815633506955
109687.5,0.365625,-0.00614646060171851
109822.916666667,0.366076388888889,-0.00555377306500775
109958.333333333,0.366527777777778,-0.00495022686401728
110093.75,0.366979166666667,-0.00433596099421499
110229.166666667,0.367430555555556,-0.0037111203451925
110364.583333333,0.367881944444444,-0.00307585573735484
110500,0.368333333333333,-0.00243032395774842
110635.416666667,0.368784722222222,-0.00177468779487398
110770.833333333,0.369236111111111,-0.00110911607259973
110906.25,0.3696875,-0.000433783683038558
111041.666666667,0.370138888888889,0.000251128381501118
111177.083333333,0.370590277777778,0.000945432997568547
111312.5,0.371041666666667,0.00164893688065379
111447.916666667,0.371493055555556,0.00236144055622396
111583.333333333,0.371944444444444,0.00308273833184282
111718.75,0.372395833333333,0.00381261827023792
111854.166666667,0.372847222222222,0.00455086216344678
111989.583333333,0.373298611111111,0.00529724550800426
112125,0.37375,0.00605153748114407
112260.416666667,0.374201388888889,0.00681350091805324
112395.833333333,0.374652777777778,0.00758289229021558
112531.25,0.375104166666667,0.0083594616847727
112666.666666667,0.375555555555556,0.00914295278500939
112802.083333333,0.376006944444444,0.00993310285182791
112937.5,0.376458333333333,0.0107296427063716
113072.916666667,0.376909722222222,0.0115322967136963
113208.333333333,0.377361111111111,0.0123407827675381
113343.75,0.3778125,0.0131548122761331
113479.166666667,0.378263888888889,0.0139740901491929
113614.583333333,0.378715277777778,0.014798314785884
113750,0.379166666666667,0.0156271780639805
113885.416666667,0.379618055555556,0.0164603653300597
114020.833333333,0.380069444444444,0.017297555390828
114156.25,0.380520833333333,0.0181384205055127
114291.666666667,0.380972222222222,0.0189826263793823
114427.083333333,0.381423611111111,0.019829832158353
114562.5,0.381875,0.0206796904246419
114697.916666667,0.382326388888889,0.0215318471936114
114833.333333333,0.382777777777778,0.0223859419116822
114968.75,0.383229166666667,0.0232416074552023
115104.166666667,0.383680555555556,0.0240984701306852
115239.583333333,0.384131944444444,0.0249561496758018
115375,0.384583333333333,0.0258142592617879
115510.416666667,0.385034722222222,0.0266724054966575
115645.833333333,0.385486111111111,0.0275301884296512
115781.25,0.3859375,0.0283872015567849
115916.666666667,0.386388888888889,0.0292430318273196
116052.083333333,0.386840277777778,0.0300972596514065
116187.5,0.387291666666667,0.0309494589088364
116322.916666667,0.387743055555556,0.0317991969586768
116458.333333333,0.388194444444444,0.0326460346501501
116593.75,0.388645833333333,0.0334895263344362
116729.166666667,0.389097222222222,0.0343292198775225
116864.583333333,0.389548611111111,0.0351646566741574
117000,0.39,0.035995371662715
117135.416666667,0.390451388888889,0.0368208933411812
117270.833333333,0.390902777777778,0.0376407437840676
117406.25,0.391354166666667,0.0384544386603932
117541.666666667,0.391805555555556,0.0392614872525671
117677.083333333,0.392256944444444,0.0400613924763745
117812.5,0.392708333333333,0.0408536509017793
117947.916666667,0.393159722222222,0.0416377527748617
118083.333333333,0.393611111111111,0.0424131820405355
118218.75,0.3940625,0.0431794163663753
118354.166666667,0.394513888888889,0.0439359271672164
118489.583333333,0.394965277777778,0.0446821796307938
118625,0.395416666666667,0.0454176327442354
118760.416666667,0.395868055555556,0.0461417393214473
118895.833333333,0.396319444444444,0.0468539460314266
119031.25,0.396770833333333,0.0475536934273932
119166.666666667,0.397222222222222,0.0482404159768352
119302.083333333,0.397673611111111,0.0489135420923563
119437.5,0.398125,0.0495724941634051
119572.916666667,0.398576388888889,0.0502166885887728
119708.333333333,0.399027777777778,0.050845535809972
119843.75,0.399479166666667,0.0514584403453124
119979.166666667,0.399930555555556,0.0520548008248861
120114.583333333,0.400381944444444,0.0526340100261833
120250,0.400833333333333,0.0531954549105776
120385.416666667,0.401284722222222,0.0537385166604813
120520.833333333,0.401736111111111,0.0542625707172459
120656.25,0.4021875,0.0547669868197923
120791.666666667,0.402638888888889,0.0552511290438931
120927.083333333,0.403090277777778,0.0557143558421672
121062.5,0.403541666666667,0.0561560200847334
121197.916666667,0.403993055555556,0.0565754691005135
121333.333333333,0.404444444444444,0.0569720447191745
121468.75,0.404895833333333,0.0573450833136429
121604.166666667,0.405347222222222,0.0576939158432936
121739.583333333,0.405798611111111,0.0580178678976805
121875,0.40625,0.0583162597408293
122010.416666667,0.406701388888889,0.0585884063561262
122145.833333333,0.407152777777778,0.0588336174916964
122281.25,0.407604166666667,0.0590511977063257
122416.666666667,0.408055555555556,0.0592404464158879
122552.083333333,0.408506944444444,0.0594006579402445
122687.5,0.408958333333333,0.0595311215506617
122822.916666667,0.409409722222222,0.0596311215175883
122958.333333333,0.409861111111111,0.0596999371589742
123093.75,0.4103125,0.0597368428889579
123229.166666667,0.410763888888889,0.0597411082669369
123364.583333333,0.411215277777778,0.0597119980470834
123500,0.411666666666667,0.0596487722281612
123635.416666667,0.412118055555556,0.059550686103771
123770.833333333,0.412569444444444,0.0594169903128462
123906.25,0.413020833333333,0.0592469308905564
124041.666666667,0.413472222222222,0.0590397493194393
124177.083333333,0.413923611111111,0.0587946825808557
124312.5,0.414375,0.0585109632066851
124447.916666667,0.414826388888889,0.0581878193313505
124583.333333333,0.415277777777778,0.0578244747439192
124718.75,0.415729166666667,0.0574201489405905
124854.166666667,0.416180555555556,0.056974057177311
124989.583333333,0.416631944444444,0.0564854105225269
125125,0.417083333333333,0.055953415910182
125260.416666667,0.417534722222222,0.0553772761928379
125395.833333333,0.417986111111111,0.0547561901949139
125531.25,0.4184375,0.0540893527660301
125666.666666667,0.418888888888889,0.0533759548345262
125802.083333333,0.419340277777778,0.0526151834609784
125937.5,0.419791666666667,0.0518062218918197
126072.916666667,0.420243055555556,0.0509482496130357
126208.333333333,0.420694444444444,0.050040442403834
126343.75,0.421145833333333,0.0490819723904104
126479.166666667,0.421597222222222,0.0480720080996771
126614.583333333,0.422048611111111,0.0470097145129638
126750,0.4225,0.0458942531197308
126885.416666667,0.422951388888889,0.0447247819712147
127020.833333333,0.423402777777778,0.0435004557340553
127156.25,0.423854166666667,0.0422204257437407
127291.666666667,0.424305555555556,0.0408838400581363
127427.083333333,0.424756944444444,0.0394898435107875
127562.5,0.425208333333333,0.0380375777640899
127697.916666667,0.425659722222222,0.0365261813624501
127833.333333333,0.426111111111111,0.0349547897851576
127968.75,0.4265625,0.03332253549924
128104.166666667,0.427013888888889,0.0316285480119868
128239.583333333,0.427465277777778,0.0298719539234574
128375,0.427916666666667,0.0280518769785922
128510.416666667,0.428368055555556,0.0261674381193214
128645.833333333,0.428819444444444,0.0242177555362763
128781.25,0.429270833333333,0.0222019447203425
128916.666666667,0.429722222222222,0.0201191185139125
129052.083333333,0.430173611111111,0.0179683871619769
129187.5,0.430625,0.0157488583627239
129322.916666667,0.431076388888889,0.0134596373181314
129458.333333333,0.431527777777778,0.0110998267839737
129593.75,0.431979166666667,0.00866852711973383
129729.166666667,0.432430555555556,0.00616483633803567
129864.583333333,0.432881944444444,0.00358785015383208
130000,0.433333333333333,0.000936662033190045
130135.416666667,0.433784722222222,-0.0017896367582371
130270.833333333,0.434236111111111,-0.00459195710720461
130406.25,0.4346875,-0.00747121200511601
130541.666666667,0.435138888888889,-0.0104283165008039
130677.083333333,0.435590277777778,-0.0134641876535647
130812.5,0.436041666666667,-0.0165797444867793
130947.916666667,0.436493055555556,-0.0197759079417868
131083.333333333,0.436944444444444,-0.0230536008323212
131218.75,0.437395833333333,-0.0264137477993047
131354.166666667,0.437847222222222,-0.029857275266181
131489.583333333,0.438298611111111,-0.033385111394604
131625,0.43875,-0.0369981860406932
131760.416666667,0.439201388888889,-0.0406974307117065
131895.833333333,0.439652777777778,-0.0444837785232614
132031.25,0.440104166666667,-0.0483581641569695
132166.666666667,0.440555555555556,-0.0523215238186438
132302.083333333,0.441006944444444,-0.0563747951970068
132437.5,0.441458333333333,-0.0605189174228703
132572.916666667,0.441909722222222,-0.064754831028935
132708.333333333,0.442361111111111,-0.0690834779100108
132843.75,0.4428125,-0.0735058012838659
132979.166666667,0.443263888888889,-0.0780227456525894
133114.583333333,0.443715277777778,-0.0826352567645294
133250,0.444166666666667,-0.0873442815767358
133385.416666667,0.444618055555556,-0.0921507682180456
133520.833333333,0.445069444444444,-0.0970556659527071
133656.25,0.445520833333333,-0.10205992514456
133791.666666667,0.445972222222222,-0.107164497221833
133927.083333333,0.446423611111111,-0.112370334642538
134062.5,0.446875,-0.117678390860427
134197.916666667,0.447326388888889,-0.123089620291549
134333.333333333,0.447777777777778,-0.128604978281478
134468.75,0.448229166666667,-0.134225421073041
134604.166666667,0.448680555555556,-0.139951905774788
134739.583333333,0.449131944444444,-0.145785390329951
134875,0.449583333333333,-0.151726833486129
135010.416666667,0.450034722222222,-0.157777194765558
135145.833333333,0.450486111111111,-0.163937434436001
135281.25,0.4509375,-0.170208513482275
135416.666666667,0.451388888888889,-0.176591393578451
135552.083333333,0.451840277777778,-0.183087037060672
135687.5,0.452291666666667,-0.189696406900589
135822.916666667,0.452743055555555,-0.196420466679466
135958.333333333,0.453194444444444,-0.203260180562995
136093.75,0.453645833333333,-0.210216513276615
136229.166666667,0.454097222222222,-0.217290430081666
136364.583333333,0.454548611111111,-0.224482896752048
136500,0.455,-0.231794879551644
136635.416666667,0.455451388888889,-0.239227345212334
136770.833333333,0.455902777777778,-0.246781260912721
136906.25,0.456354166666667,-0.254457594257516
137041.666666667,0.456805555555556,-0.26225731325755
137177.083333333,0.457256944444444,-0.270181386310503
137312.5,0.457708333333333,-0.278230782182292
137447.916666667,0.458159722222222,-0.286406469989089
137583.333333333,0.458611111111111,-0.294709419180092
137718.75,0.4590625,-0.303140599520877
137854.166666667,0.459513888888889,-0.311700981077513
137989.583333333,0.459965277777778,-0.320391534201281
138125,0.460416666666667,-0.329213229514106
138260.416666667,0.460868055555556,-0.338167037894648
138395.833333333,0.461319444444445,-0.347253930465133
138531.25,0.461770833333333,-0.356474878578729
138666.666666667,0.462222222222222,-0.365830853807744
138802.083333333,0.462673611111111,-0.375322827932406
138937.5,0.463125,-0.384951772930362
139072.916666667,0.463576388888889,-0.394718660966854
139208.333333333,0.464027777777778,-0.404624464385577
139343.75,0.464479166666667,-0.414670155700176
139479.166666667,0.464930555555556,-0.424856707586477
139614.583333333,0.465381944444444,-0.435185092875357
139750,0.465833333333333,-0.445656284546313
139885.416666667,0.466284722222222,-0.456271255721694
140020.833333333,0.466736111111111,-0.46703097966162
140156.25,0.4671875,-0.477936429759563
140291.666666667,0.467638888888889,-0.488988579538629
140427.083333333,0.468090277777778,-0.500188402648507
140562.5,0.468541666666667,-0.511536872863039
140697.916666667,0.468993055555556,-0.523034964078573
140833.333333333,0.469444444444444,-0.534683650312886
140968.75,0.469895833333333,-0.546483905704831
141104.166666667,0.470347222222222,-0.558436704514636
141239.583333333,0.470798611111111,-0.570543021124909
141375,0.47125,-0.582803830042253
141510.416666667,0.471701388888889,-0.595220105899597
141645.833333333,0.472152777777778,-0.607792823459179
141781.25,0.472604166666667,-0.620522957616191
141916.666666667,0.473055555555556,-0.633411483403106
142052.083333333,0.473506944444444,-0.646459375994656
142187.5,0.473958333333333,-0.659667610713486
142322.916666667,0.474409722222222,-0.673037163036434
142458.333333333,0.474861111111111,-0.686569008601537
142593.75,0.4753125,-0.700264123215632
142729.166666667,0.475763888888889,-0.714123482862665
142864.583333333,0.476215277777778,-0.728148063712651
143000,0.476666666666667,-0.74233884213124
143135.416666667,0.477118055555556,-0.75669679469004
143270.833333333,0.477569444444444,-0.771222898177496
143406.25,0.478020833333333,-0.785918129610459
143541.666666667,0.478472222222222,-0.800783466246468
143677.083333333,0.478923611111111,-0.815819885596564
143812.5,0.479375,-0.831028365438867
143947.916666667,0.479826388888889,-0.846409883832775
144083.333333333,0.480277777777778,-0.861965419133747
144218.75,0.480729166666667,-0.877695950008832
144354.166666667,0.481180555555556,-0.893602455452811
144489.583333333,0.481631944444444,-0.909685914804922
144625,0.482083333333333,-0.925947307766358
144760.416666667,0.482534722222222,-0.9423876144183
144895.833333333,0.482986111111111,-0.959007815240673
145031.25,0.4834375,-0.975808891131479
145166.666666667,0.483888888888889,-0.992791823426827
145302.083333333,0.484340277777778,-1.0099575939216
145437.5,0.484791666666667,-1.02730718489076
145572.916666667,0.485243055555556,-1.04484157911127
145708.333333333,0.485694444444444,-1.06256175988469
145843.75,0.486145833333333,-1.08046871106046
145979.166666667,0.486597222222222,-1.09856341705972
146114.583333333,0.487048611111111,-1.11684686289985
146250,0.4875,-1.13532003421961
146385.416666667,0.487951388888889,-1.153983917305
146520.833333333,0.488402777777778,-1.17283949911571
146656.25,0.488854166666667,-1.19188776731214
146791.666666667,0.489305555555556,-1.21112971028322
146927.083333333,0.489756944444444,-1.23056631717476
147062.5,0.490208333333333,-1.25019857791847
147197.916666667,0.490659722222222,-1.2700274832617
147333.333333333,0.491111111111111,-1.29005402479767
147468.75,0.4915625,-1.31027919499649
147604.166666667,0.492013888888889,-1.33070398723682
147739.583333333,0.492465277777778,-1.35132939583804
147875,0.492916666666667,-1.37215641609326
148010.416666667,0.493368055555556,-1.39318604430283
148145.833333333,0.493819444444444,-1.41441927780864
148281.25,0.494270833333333,-1.43585711502891
148416.666666667,0.494722222222222,-1.45750055549374
148552.083333333,0.495173611111111,-1.47935059988143
148687.5,0.495625,-1.50140825005512
148822.916666667,0.496076388888889,-1.52367450910052
148958.333333333,0.496527777777778,-1.54615038136395
149093.75,0.496979166666667,-1.56883687249121
149229.166666667,0.497430555555556,-1.59173498946716
149364.583333333,0.497881944444445,-1.61484574065586
149500,0.498333333333333,-1.63817013584141
149635.416666667,0.498784722222222,-1.66170918626954
149770.833333333,0.499236111111111,-1.6854639046898
149906.25,0.4996875,-1.70943530539846
150041.666666667,0.500138888888889,-1.73362440428209
150177.083333333,0.500590277777778,-1.7580322188619
150312.5,0.501041666666667,-1.78265976833859
150447.916666667,0.501493055555556,-1.80750807363812
150583.333333333,0.501944444444445,-1.8325781574581
150718.75,0.502395833333333,-1.85787104431471
150854.166666667,0.502847222222222,-1.88338776059066
150989.583333333,0.503298611111111,-1.90912933458359
151125,0.50375,-1.9350967965553
151260.416666667,0.504201388888889,-1.96129117878169
151395.833333333,0.504652777777778,-1.98771351560347
151531.25,0.505104166666667,-2.01436484347747
151666.666666667,0.505555555555556,-2.04124620102887
151802.083333333,0.506006944444444,-2.06835862910406
151937.5,0.506458333333333,-2.09570317082422
152072.916666667,0.506909722222222,-2.12328087163977
152208.333333333,0.507361111111111,-2.15109277938556
152343.75,0.5078125,-2.17913994433665
152479.166666667,0.508263888888889,-2.20742341926518
152614.583333333,0.508715277777778,-2.23594425949773
152750,0.509166666666667,-2.26470352297365
152885.416666667,0.509618055555556,-2.2937022703041
153020.833333333,0.510069444444444,-2.32294156483197
153156.25,0.510520833333333,-2.35242247269246
153291.666666667,0.510972222222222,-2.38214606287475
153427.083333333,0.511423611111111,-2.41211340728419
153562.5,0.511875,-2.44232558080554
153697.916666667,0.512326388888889,-2.47278366136695
153833.333333333,0.512777777777778,-2.50348873000495
153968.75,0.513229166666667,-2.53444187093001
154104.166666667,0.513680555555555,-2.5656441715933
154239.583333333,0.514131944444444,-2.59709672275417
154375,0.514583333333333,-2.62880061854841
154510.416666667,0.515034722222222,-2.66075695655781
154645.833333333,0.515486111111111,-2.69296683788013
154781.25,0.5159375,-2.72543136720032
154916.666666667,0.516388888888889,-2.75815165286273
155052.083333333,0.516840277777778,-2.79112880694396
155187.5,0.517291666666667,-2.82436394532695
155322.916666667,0.517743055555556,-2.85785818777596
155458.333333333,0.518194444444445,-2.89161265801254
155593.75,0.518645833333333,-2.92562848379242
155729.166666667,0.519097222222222,-2.95990679698353
155864.583333333,0.519548611111111,-2.99444873364513
156000,0.52,-3.02925543410757
156135.416666667,0.520451388888889,-3.06432804305372
156270.833333333,0.520902777777778,-3.09966770960092
156406.25,0.521354166666667,-3.13527558738436
156541.666666667,0.521805555555556,-3.17115283464142
156677.083333333,0.522256944444444,-3.20730061429718
156812.5,0.522708333333333,-3.24372009405101
156947.916666667,0.523159722222222,-3.28041244646442
157083.333333333,0.523611111111111,-3.31737884904991
157218.75,0.5240625,-3.35462048436123
157354.166666667,0.524513888888889,-3.3921385400846
157489.583333333,0.524965277777778,-3.4299342091315
157625,0.525416666666667,-3.46800868973223
157760.416666667,0.525868055555555,-3.50636318553114
157895.833333333,0.526319444444444,-3.54499890568308
158031.25,0.526770833333333,-3.58391706495087
158166.666666667,0.527222222222222,-3.62311888380451
158302.083333333,0.527673611111111,-3.66260558852146
158437.5,0.528125,-3.70237841128828
158572.916666667,0.528576388888889,-3.74243859030399
158708.333333333,0.529027777777778,-3.78278736988439
158843.75,0.529479166666667,-3.82342600056811
158979.166666667,0.529930555555556,-3.8643557392242
159114.583333333,0.530381944444445,-3.90557784916091
159250,0.530833333333333,-3.94709360023624
159385.416666667,0.531284722222222,-3.98890426896995
159520.833333333,0.531736111111111,-4.0310111386572
159656.25,0.5321875,-4.07341549948364
159791.666666667,0.532638888888889,-4.11611864864232
159927.083333333,0.533090277777778,-4.15912189045217
160062.5,0.533541666666667,-4.20242653647812
160197.916666667,0.533993055555556,-4.24603390565307
160333.333333333,0.534444444444444,-4.28994532440147
160468.75,0.534895833333333,-4.33416212676481
160604.166666667,0.535347222222222,-4.37868565452885
160739.583333333,0.535798611111111,-4.42351725735273
160875,0.53625,-4.46865829289994
161010.416666667,0.536701388888889,-4.51411012697128
161145.833333333,0.537152777777778,-4.55987413363972
161281.25,0.537604166666667,-4.6059516953873
161416.666666667,0.538055555555556,-4.65234420324393
161552.083333333,0.538506944444444,-4.69905305692861
161687.5,0.538958333333333,-4.74607966499228
161822.916666667,0.539409722222222,-4.79342544496322
161958.333333333,0.539861111111111,-4.84109182349457
162093.75,0.5403125,-4.88908023651384
162229.166666667,0.540763888888889,-4.93739212937515
162364.583333333,0.541215277777778,-4.98602895701343
162500,0.541666666666667,-5.03499218410108
162635.416666667,0.542118055555555,-5.08428328520729
162770.833333333,0.542569444444444,-5.13390374495957
162906.25,0.543020833333333,-5.18385505820784
163041.666666667,0.543472222222222,-5.23413873019135
163177.083333333,0.543923611111111,-5.28475627670793
163312.5,0.544375,-5.33570922428605
163447.916666667,0.544826388888889,-5.38699911035974
163583.333333333,0.545277777777778,-5.43862748344614
163718.75,0.545729166666667,-5.49059590332602
163854.166666667,0.546180555555556,-5.54290594122714
163989.583333333,0.546631944444445,-5.59555918001077
164125,0.547083333333333,-5.64855721436099
164260.416666667,0.547534722222222,-5.70190165097741
164395.833333333,0.547986111111111,-5.75559410877076
164531.25,0.5484375,-5.80963621906209
164666.666666667,0.548888888888889,-5.86402962578489
164802.083333333,0.549340277777778,-5.91877598569101
164937.5,0.549791666666667,-5.97387696855973
165072.916666667,0.550243055555556,-6.02933425741051
165208.333333333,0.550694444444444,-6.08514954871949
165343.75,0.551145833333333,-6.14132455263938
165479.166666667,0.551597222222222,-6.19786099322344
165614.583333333,0.552048611111111,-6.25476060865326
165750,0.5525,-6.31202515147032
165885.416666667,0.552951388888889,-6.36965638881189
166020.833333333,0.553402777777778,-6.42765610265089
166156.25,0.553854166666667,-6.48602609003997
166291.666666667,0.554305555555555,-6.54476816336006
166427.083333333,0.554756944444444,-6.60388415057331
166562.5,0.555208333333333,-6.66337589548037
166697.916666667,0.555659722222222,-6.72324525798276
166833.333333333,0.556111111111111,-6.78349411434949
166968.75,0.5565625,-6.84412435748884
167104.166666667,0.557013888888889,-6.90513789722519
167239.583333333,0.557465277777778,-6.96653666058058
167375,0.557916666666667,-7.02832259206195
167510.416666667,0.558368055555556,-7.09049765395338
167645.833333333,0.558819444444444,-7.15306382661391
167781.25,0.559270833333333,-7.21602310878103
167916.666666667,0.559722222222222,-7.27937751787988
168052.083333333,0.560173611111111,-7.34312909033817
168187.5,0.560625,-7.40727988190742
168322.916666667,0.561076388888889,-7.47183196799011
168458.333333333,0.561527777777778,-7.53678744397329
168593.75,0.561979166666667,-7.60214842556861
168729.166666667,0.562430555555556,-7.66791704915905
168864.583333333,0.562881944444445,-7.73409547215239
169000,0.563333333333333,-7.80068587334166
169135.416666667,0.563784722222222,-7.86769045327282
169270.833333333,0.564236111111111,-7.93511143461974
169406.25,0.5646875,-8.00295106256658
169541.666666667,0.565138888888889,-8.07121160519815
169677.083333333,0.565590277777778,-8.13989535389791
169812.5,0.566041666666667,-8.20900462375416
169947.916666667,0.566493055555556,-8.27854175397477
170083.333333333,0.566944444444444,-8.3485091083101
170218.75,0.567395833333333,-8.41890907548488
170354.166666667,0.567847222222222,-8.48974406963924
170489.583333333,0.568298611111111,-8.56101653077859
170625,0.56875,-8.63272892523327
170760.416666667,0.569201388888889,-8.70488374612796
170895.833333333,0.569652777777778,-8.77748351386075
171031.25,0.570104166666667,-8.85053077659295
171166.666666667,0.570555555555555,-8.92402811074904
171302.083333333,0.571006944444444,-8.99797812152757
171437.5,0.571458333333333,-9.07238344342325
171572.916666667,0.571909722222222,-9.14724674076046
171708.333333333,0.572361111111111,-9.22257070823842
171843.75,0.5728125,-9.29835807148837
171979.166666667,0.573263888888889,-9.37461158764338
172114.583333333,0.573715277777778,-9.45133404592076
172250,0.574166666666667,-9.52852826821746
172385.416666667,0.574618055555556,-9.60619710971921
172520.833333333,0.575069444444445,-9.68434345952333
172656.25,0.575520833333333,-9.76297024127586
172791.666666667,0.575972222222222,-9.84208041382327
172927.083333333,0.576423611111111,-9.92167697187952
173062.5,0.576875,-10.0017629467082
173197.916666667,0.577326388888889,-10.082341406821
173333.333333333,0.577777777777778,-10.1634154586927
173468.75,0.578229166666667,-10.2449882474927
173604.166666667,0.578680555555556,-10.3270629578341
173739.583333333,0.579131944444444,-10.4096428145412
173875,0.579583333333333,-10.4927310834345
174010.416666667,0.580034722222222,-10.5763310721359
174145.833333333,0.580486111111111,-10.6604461308929
174281.25,0.5809375,-10.7450796534223
174416.666666667,0.581388888888889,-10.8302350777766
174552.083333333,0.581840277777778,-10.91591588723
174687.5,0.582291666666667,-11.0021256111872
174822.916666667,0.582743055555556,-11.0888678261158
174958.333333333,0.583194444444444,-11.1761461565008
175093.75,0.583645833333333,-11.2639642758241
175229.166666667,0.584097222222222,-11.3523259075697
175364.583333333,0.584548611111111,-11.441234826253
175500,0.585,-11.5306948584788
175635.416666667,0.585451388888889,-11.620709884025
175770.833333333,0.585902777777778,-11.7112838369558
175906.25,0.586354166666667,-11.8024207067639
176041.666666667,0.586805555555555,-11.8941245395427
176177.083333333,0.587256944444444,-11.9863994391904
176312.5,0.587708333333333,-12.0792495686456
176447.916666667,0.588159722222222,-12.1726791511569
176583.333333333,0.588611111111111,-12.2666924715866
176718.75,0.5890625,-12.3612938777503
176854.166666667,0.589513888888889,-12.4564877817932
176989.583333333,0.589965277777778,-12.5522786616046
177125,0.590416666666667,-12.6486710622714
177260.416666667,0.590868055555556,-12.7456695975731
177395.833333333,0.591319444444445,-12.8432789515184
177531.25,0.591770833333333,-12.9415038799254
177666.666666667,0.592222222222222,-13.0403492120473
177802.083333333,0.592673611111111,-13.139819852245
177937.5,0.593125,-13.2399207817071
178072.916666667,0.593576388888889,-13.3406570602216
178208.333333333,0.594027777777778,-13.4420338279981
178343.75,0.594479166666667,-13.5440563075449
178479.166666667,0.594930555555556,-13.6467298056012
178614.583333333,0.595381944444444,-13.7500597151273
178750,0.595833333333333,-13.8540515173551
178885.416666667,0.596284722222222,-13.9587107839004
179020.833333333,0.596736111111111,-14.0640431789397
179156.25,0.5971875,-14.1700544614545
179291.666666667,0.597638888888889,-14.276750487544
179427.083333333,0.598090277777778,-14.3841372128113
179562.5,0.598541666666667,-14.4922206948231
179697.916666667,0.598993055555555,-14.6010070956483
179833.333333333,0.599444444444444,-14.7105026844767
179968.75,0.599895833333333,-14.8207138403219
180104.166666667,0.600347222222222,-14.9316470548113
180239.583333333,0.600798611111111,-15.0433089350674
180375,0.60125,-15.1557062066825
180510.416666667,0.601701388888889,-15.2688457167929
180645.833333333,0.602152777777778,-15.3827344372533
180781.25,0.602604166666667,-15.4973794679197
180916.666666667,0.603055555555556,-15.6127880400413
181052.083333333,0.603506944444445,-15.7289675197684
181187.5,0.603958333333333,-15.8459254117804
181322.916666667,0.604409722222222,-15.9636693630382
181458.333333333,0.604861111111111,-16.0822071666685
181593.75,0.6053125,-16.201546765982
181729.166666667,0.605763888888889,-16.3216962586351
181864.583333333,0.606215277777778,-16.442663900939
182000,0.606666666666667,-16.5644581123226
182135.416666667,0.607118055555556,-16.6870874799578
182270.833333333,0.607569444444444,-16.8105607635516
182406.25,0.608020833333333,-16.9348869003154
182541.666666667,0.608472222222222,-17.0600750101172
182677.083333333,0.608923611111111,-17.1861344008261
182812.5,0.609375,-17.3130745738575
182947.916666667,0.609826388888889,-17.4409052299287
183083.333333333,0.610277777777778,-17.569636275034
183218.75,0.610729166666667,-17.6992778266497
183354.166666667,0.611180555555556,-17.8298402201808
183489.583333333,0.611631944444444,-17.9613340156594
183625,0.612083333333333,-18.0937700047081
183760.416666667,0.612534722222222,-18.22715921778
183895.833333333,0.612986111111111,-18.361512931691
184031.25,0.6134375,-18.4968426774551
184166.666666667,0.613888888888889,-18.6331602484422
184302.083333333,0.614340277777778,-18.7704777088707
184437.5,0.614791666666667,-18.9088074026537
184572.916666667,0.615243055555555,-19.0481619626171
184708.333333333,0.615694444444444,-19.1885543201069
184843.75,0.616145833333333,-19.3299977150082
184979.166666667,0.616597222222222,-19.4725057061952
185114.583333333,0.617048611111111,-19.6160921824368
185250,0.6175,-19.7607713737807
185385.416666667,0.617951388888889,-19.9065578634424
185520.833333333,0.618402777777778,-20.0534666002265
185656.25,0.618854166666667,-20.2015129115087
185791.666666667,0.619305555555556,-20.3507125168107
185927.083333333,0.619756944444445,-20.5010815420002
186062.5,0.620208333333333,-20.6526365341509
186197.916666667,0.620659722222222,-20.8053944771014
186333.333333333,0.621111111111111,-20.9593728077516
186468.75,0.6215625,-21.1145894331406
186604.166666667,0.622013888888889,-21.2710627483506
186739.583333333,0.622465277777778,-21.4288116552877
186875,0.622916666666667,-21.587855582389
187010.416666667,0.623368055555556,-21.7482145053153
187145.833333333,0.623819444444444,-21.9099089686873
187281.25,0.624270833333333,-22.07296010893
187416.666666667,0.624722222222222,-22.2373896782947
187552.083333333,0.625173611111111,-22.4032200701335
187687.5,0.625625,-22.5704743455044
187822.916666667,0.626076388888889,-22.7391762611939
187958.333333333,0.626527777777778,-22.9093502992492
188093.75,0.626979166666667,-23.0810216981184
188229.166666667,0.627430555555555,-23.2542164855072
188364.583333333,0.627881944444444,-23.4289615130668
188500,0.628333333333333,-23.6052844930376
188635.416666667,0.628784722222222,-23.7832140369834
188770.833333333,0.629236111111111,-23.962779696763
188906.25,0.6296875,-24.144012007895
189041.666666667,0.630138888888889,-24.3269425354887
189177.083333333,0.630590277777778,-24.5116039229249
189312.5,0.631041666666667,-24.6980299434887
189447.916666667,0.631493055555556,-24.8862555551737
189583.333333333,0.631944444444445,-25.0763169588927
189718.75,0.632395833333333,-25.2682516603576
189854.166666667,0.632847222222222,-25.4620985359082
189989.583333333,0.633298611111111,-25.6578979025984
190125,0.63375,-25.8556915928767
190260.416666667,0.634201388888889,-26.0555230342292
190395.833333333,0.634652777777778,-26.2574373341874
190531.25,0.635104166666667,-26.4614813711424
190666.666666667,0.635555555555556,-26.6677038914509
190802.083333333,0.636006944444444,-26.8761556133648
190937.5,0.636458333333333,-27.0868893383723
191072.916666667,0.636909722222222,-27.2999600705928
191208.333333333,0.637361111111111,-27.5154251449435
191343.75,0.6378125,-27.7333443648591
191479.166666667,0.638263888888889,-27.9537801504415
191614.583333333,0.638715277777778,-28.1767976979997
191750,0.639166666666667,-28.4024651520552
191885.416666667,0.639618055555556,-28.630853791003
192020.833333333,0.640069444444444,-28.8620382277517
192156.25,0.640520833333333,-29.0960966268265
192291.666666667,0.640972222222222,-29.3331109395835
192427.083333333,0.641423611111111,-29.5731671593865
192562.5,0.641875,-29.8163555988198
192697.916666667,0.642326388888889,-30.0627711912671
192833.333333333,0.642777777777778,-30.3125138194793
192968.75,0.643229166666667,-30.5656886740876
193104.166666667,0.643680555555555,-30.8224066454101
193239.583333333,0.644131944444444,-31.0827847523348
193375,0.644583333333333,-31.3469466125841
193510.416666667,0.645034722222222,-31.6150229592556
193645.833333333,0.645486111111111,-31.8871522092211
193781.25,0.6459375,-32.1634810897759
193916.666666667,0.646388888888889,-32.4441653308603
194052.083333333,0.646840277777778,-32.7293704312807
194187.5,0.647291666666667,-33.0192725086415
194322.916666667,0.647743055555556,-33.3140592442285
194458.333333333,0.648194444444445,-33.6139309358781
194593.75,0.648645833333333,-33.9191016740139
194729.166666667,0.649097222222222,-34.2298006585669
194864.583333333,0.649548611111111,-34.5462736775679
195000,0.65,-34.8687847718395
195135.416666667,0.650451388888889,-35.1976181146661
195270.833333333,0.650902777777778,-35.5330801406599
195406.25,0.651354166666667,-35.8755019645914
195541.666666667,0.651805555555556,-36.225242138947
195677.083333333,0.652256944444444,-36.5826898088132
195812.5,0.652708333333333,-36.9482683348884
195947.916666667,0.653159722222222,-37.3224394705742
196083.333333333,0.653611111111111,-37.7057081981111
196218.75,0.6540625,-38.0986283526746
196354.166666667,0.654513888888889,-38.5018091937729
196489.583333333,0.654965277777778,-38.9159231221907
196625,0.655416666666667,-39.3417147908891
196760.416666667,0.655868055555555,-39.7800119234905
196895.833333333,0.656319444444444,-40.2317382395057
197031.25,0.656770833333333,-40.6979289987869
197166.666666667,0.657222222222222,-41.1797498292695
197302.083333333,0.657673611111111,-41.6785197072253
197437.5,0.658125,-42.1957392401649
197572.916666667,0.658576388888889,-42.7331257922485
197708.333333333,0.659027777777778,-43.2926575404326
197843.75,0.659479166666667,-43.8766293331239
197979.166666667,0.659930555555556,-44.4877243618138
198114.583333333,0.660381944444444,-45.1291073420039
198250,0.660833333333333,-45.8045474475181
198385.416666667,0.661284722222222,-46.5185831818179
198520.833333333,0.661736111111111,-47.2767476196692
198656.25,0.6621875,-48.0858826577028
198791.666666667,0.662638888888889,-48.9545881335901
198927.083333333,0.663090277777778,-49.8938818510374
199062.5,0.663541666666667,-50.9182017972227
199197.916666667,0.663993055555556,-52.0469883381367
199333.333333333,0.664444444444445,-53.3073025059444
199468.75,0.664895833333333,-54.7384189947807
199604.166666667,0.665347222222222,-56.4005039077197
199739.583333333,0.665798611111111,-58.3926996615582
199875,0.66625,-60.8963373816546
200010.416666667,0.666701388888889,-64.3019634058065
200145.833333333,0.667152777777778,-69.7485540991742
200281.25,0.667604166666667,-85.9860715030058
200416.666666667,0.668055555555556,-73.2846594567202
200552.083333333,0.668506944444444,-66.4634412350918
200687.5,0.668958333333333,-62.7886615323651
200822.916666667,0.669409722222222,-60.2873108822819
200958.333333333,0.669861111111111,-58.4055751951471
201093.75,0.6703125,-56.9080224015222
201229.166666667,0.670763888888889,-55.6723957376143
201364.583333333,0.671215277777778,-54.627000932198
201500,0.671666666666667,-53.7261764588307
201635.416666667,0.672118055555555,-52.9390427374721
201770.833333333,0.672569444444444,-52.2437409585965
201906.25,0.673020833333333,-51.624231178775
202041.666666667,0.673472222222222,-51.0683960574794
202177.083333333,0.673923611111111,-50.5668592580216
202312.5,0.674375,-50.1122178391368
202447.916666667,0.674826388888889,-49.6985259243093
202583.333333333,0.675277777777778,-49.3209369815153
202718.75,0.675729166666667,-48.9754496178743
202854.166666667,0.676180555555556,-48.6587229051013
202989.583333333,0.676631944444445,-48.3679395959063
203125,0.677083333333333,-48.1007030630595
203260.416666667,0.677534722222222,-47.8549584543728
203395.833333333,0.677986111111111,-47.6289315439251
203531.25,0.6784375,-47.4210807202988
203666.666666667,0.678888888888889,-47.2300588669473
203802.083333333,0.679340277777778,-47.0546827882719
203937.5,0.679791666666667,-46.8939084599066
204072.916666667,0.680243055555556,-46.7468108233978
204208.333333333,0.680694444444444,-46.61256716225
204343.75,0.681145833333333,-46.4904433264958
204479.166666667,0.681597222222222,-46.3797822424213
204614.583333333,0.682048611111111,-46.2799942701537
204750,0.6825,-46.1905490666818
204885.416666667,0.682951388888889,-46.1109686839868
205020.833333333,0.683402777777778,-46.040821687189
205156.25,0.683854166666667,-45.979718120402
205291.666666667,0.684305555555556,-45.9273051812924
205427.083333333,0.684756944444444,-45.8832634915473
205562.5,0.685208333333333,-45.8473038711802
205697.916666667,0.685659722222222,-45.8191645411515
205833.333333333,0.686111111111111,-45.798608691981
205968.75,0.6865625,-45.785422366812
206104.166666667,0.687013888888889,-45.7794126160023
206239.583333333,0.687465277777778,-45.7804058874902
206375,0.687916666666667,-45.7882466229851
206510.416666667,0.688368055555555,-45.8027960348763
206645.833333333,0.688819444444444,-45.8239310428009
206781.25,0.689270833333333,-45.851543352144
206916.666666667,0.689722222222222,-45.8855386596228
207052.083333333,0.690173611111111,-45.9258359735094
207187.5,0.690625,-45.9723670381267
207322.916666667,0.691076388888889,-46.0250758540384
207458.333333333,0.691527777777778,-46.0839182869405
207593.75,0.691979166666667,-46.1488617596424
207729.166666667,0.692430555555556,-46.2198850227876
207864.583333333,0.692881944444445,-46.2969780011177
208000,0.693333333333333,-46.3801417131315
208135.416666667,0.693784722222222,-46.4693882630444
208270.833333333,0.694236111111111,-46.5647409049263
208406.25,0.6946875,-46.6662341798787
208541.666666667,0.695138888888889,-46.7739141281631
208677.083333333,0.695590277777778,-46.8878385791934
208812.5,0.696041666666667,-47.00807752349
208947.916666667,0.696493055555556,-47.1347135718762
209083.333333333,0.696944444444444,-47.2678425085754
209218.75,0.697395833333333,-47.4075739463859
209354.166666667,0.697847222222222,-47.5540320938717
209489.583333333,0.698298611111111,-47.7073566464499
209625,0.69875,-47.867703815668
209760.416666667,0.699201388888889,-48.0352475136318
209895.833333333,0.699652777777778,-48.2101807128074
210031.25,0.700104166666667,-48.3927170052916
210166.666666667,0.700555555555555,-48.5830923902242
210302.083333333,0.701006944444444,-48.7815673236659
210437.5,0.701458333333333,-48.9884290719709
210572.916666667,0.701909722222222,-49.2039944180276
210708.333333333,0.702361111111111,-49.4286127798874
210843.75,0.7028125,-49.6626698139108
210979.166666667,0.703263888888889,-49.9065915902108
211114.583333333,0.703715277777778,-50.1608494478306
211250,0.704166666666667,-50.4259656618246
211385.416666667,0.704618055555556,-50.7025200858802
211520.833333333,0.705069444444445,-50.9911579743981
211656.25,0.705520833333333,-51.292599239833
211791.666666667,0.705972222222222,-51.6076494687981
211927.083333333,0.706423611111111,-51.9372131091405
212062.5,0.706875,-52.282309357968
212197.916666667,0.707326388888889,-52.6440914383702
212333.333333333,0.707777777777778,-53.0238701663521
212468.75,0.708229166666667,-53.4231430027713
212604.166666667,0.708680555555556,-53.8436301926159
212739.583333333,0.709131944444444,-54.2873201685531
212875,0.709583333333333,-54.7565272184472
213010.416666667,0.710034722222222,-55.253965615228
213145.833333333,0.710486111111111,-55.782846186431
213281.25,0.7109375,-56.3470039975643
213416.666666667,0.711388888888889,-56.9510700065654
213552.083333333,0.711840277777778,-57.6007062072471
213687.5,0.712291666666667,-58.3029347010064
213822.916666667,0.712743055555556,-59.0666096528246
213958.333333333,0.713194444444444,-59.9031137135772
214093.75,0.713645833333333,-60.8274206048258
214229.166666667,0.714097222222222,-61.8597823198395
214364.583333333,0.714548611111111,-63.0285409533923
214500,0.715,-64.3751050813939
214635.416666667,0.715451388888889,-65.963460406131
214770.833333333,0.715902777777778,-67.900301313301
214906.25,0.716354166666667,-70.3842295024211
215041.666666667,0.716805555555555,-73.8557365095889
215177.083333333,0.717256944444444,-79.6828585243261
215312.5,0.717708333333333,-105.78098639513
215447.916666667,0.718159722222222,-80.6465728461646
215583.333333333,0.718611111111111,-74.4185993077012
215718.75,0.7190625,-70.8497523087451
215854.166666667,0.719513888888889,-68.3442167116639
215989.583333333,0.719965277777778,-66.4160091404013
216125,0.720416666666667,-64.851360594074
216260.416666667,0.720868055555556,-63.5370689654159
216395.833333333,0.721319444444445,-62.405887336653
216531.25,0.721770833333333,-61.4145885361805
216666.666666667,0.722222222222222,-60.5337330335993
216802.083333333,0.722673611111111,-59.7423646421875
216937.5,0.723125,-59.0250347286114
217072.916666667,0.723576388888889,-58.3700267182706
217208.333333333,0.724027777777778,-57.7682430479386
217343.75,0.724479166666667,-57.2124784562669
217479.166666667,0.724930555555556,-56.6969290885509
217614.583333333,0.725381944444444,-56.2168511604283
217750,0.725833333333333,-55.7683176283172
217885.416666667,0.726284722222222,-55.3480409242192
218020.833333333,0.726736111111111,-54.9532413351065
218156.25,0.7271875,-54.5815476112455
218291.666666667,0.727638888888889,-54.2309207740722
218427.083333333,0.728090277777778,-53.8995949143625
218562.5,0.728541666666667,-53.5860306278382
218697.916666667,0.728993055555555,-53.2888779833169
218833.333333333,0.729444444444444,-53.006946773599
218968.75,0.729895833333333,-52.7391823954783
219104.166666667,0.730347222222222,-52.4846461273158
219239.583333333,0.730798611111111,-52.2424988760335
219375,0.73125,-52.0119876861868
219510.416666667,0.731701388888889,-51.7924344664898
219645.833333333,0.732152777777778,-51.5832265105689
219781.25,0.732604166666667,-51.3838084799912
219916.666666667,0.733055555555556,-51.1936755872368
220052.083333333,0.733506944444445,-51.0123677695402
220187.5,0.733958333333333,-50.8394646859254
220322.916666667,0.734409722222222,-50.6745814018747
220458.333333333,0.734861111111111,-50.5173646515589
220593.75,0.7353125,-50.3674895874878
220729.166666667,0.735763888888889,-50.2246569435261
220864.583333333,0.736215277777778,-50.0885905500243
221000,0.736666666666667,-49.9590351501328
221135.416666667,0.737118055555556,-49.835754474859
221270.833333333,0.737569444444444,-49.7185295411463
221406.25,0.738020833333333,-49.6071571430243
221541.666666667,0.738472222222222,-49.5014485103928
221677.083333333,0.738923611111111,-49.4012281138987
221812.5,0.739375,-49.3063325975217
221947.916666667,0.739826388888889,-49.2166098231784
222083.333333333,0.740277777777778,-49.1319180138433
222218.75,0.740729166666667,-49.0521249836045
222354.166666667,0.741180555555556,-48.9771074446302
222489.583333333,0.741631944444444,-48.9067503823651
222625,0.742083333333333,-48.8409464914647
222760.416666667,0.742534722222222,-48.779595665875
222895.833333333,0.742986111111111,-48.7226045373721
223031.25,0.7434375,-48.6698860575655
223166.666666667,0.743888888888889,-48.6213591189739
223302.083333333,0.744340277777778,-48.576948211361
223437.5,0.744791666666667,-48.5365831099136
223572.916666667,0.745243055555555,-48.5001985923463
223708.333333333,0.745694444444444,-48.4677341822504
223843.75,0.746145833333333,-48.4391339164422
223979.166666667,0.746597222222222,-48.4143461342021
224114.583333333,0.747048611111111,-48.3933232866681
224250,0.7475,-48.3760217647404
224385.416666667,0.747951388888889,-48.362401744128
224520.833333333,0.748402777777778,-48.3524270462805
224656.25,0.748854166666667,-48.3460650141199
224791.666666667,0.749305555555556,-48.3432864016399
224927.083333333,0.749756944444445,-48.3440652764961
225062.5,0.750208333333333,-48.3483789349122
225197.916666667,0.750659722222222,-48.3562078282432
225333.333333333,0.751111111111111,-48.3675355006928
225468.75,0.7515625,-48.3823485377149
225604.166666667,0.752013888888889,-48.4006365247539
225739.583333333,0.752465277777778,-48.422392016035
225875,0.752916666666667,-48.447610513177
226010.416666667,0.753368055555556,-48.4762904535014
226145.833333333,0.753819444444444,-48.5084332079255
226281.25,0.754270833333333,-48.54404308848
226416.666666667,0.754722222222222,-48.5831273654559
226552.083333333,0.755173611111111,-48.625696294336
226687.5,0.755625,-48.6717631526974
226822.916666667,0.756076388888889,-48.7213442873369
226958.333333333,0.756527777777778,-48.7744591719879
227093.75,0.756979166666667,-48.8311304759994
227229.166666667,0.757430555555555,-48.8913841445363
227364.583333333,0.757881944444444,-48.9552494908354
227500,0.758333333333333,-49.0227593012654
227635.416666667,0.758784722222222,-49.0939499539284
227770.833333333,0.759236111111111,-49.168861551773
227906.25,0.7596875,-49.2475380712235
228041.666666667,0.760138888888889,-49.3300275275348
228177.083333333,0.760590277777778,-49.4163821582187
228312.5,0.761041666666667,-49.5066586260551
228447.916666667,0.761493055555556,-49.6009182434651
228583.333333333,0.761944444444444,-49.6992272201486
228718.75,0.762395833333333,-49.8016569362643
228854.166666667,0.762847222222222,-49.9082842436446
228989.583333333,0.763298611111111,-50.0191917979022
229125,0.76375,-50.1344684246918
229260.416666667,0.764201388888889,-50.2542095237955
229395.833333333,0.764652777777778,-50.3785175152504
229531.25,0.765104166666667,-50.5075023323089
229666.666666667,0.765555555555556,-50.6412819667245
229802.083333333,0.766006944444445,-50.7799830725959
229937.5,0.766458333333333,-50.9237416360687
230072.916666667,0.766909722222222,-51.0727037191047
230208.333333333,0.767361111111111,-51.2270262869597
230343.75,0.7678125,-51.386878130439
230479.166666667,0.768263888888889,-51.5524408958001
230614.583333333,0.768715277777778,-51.723910237315
230750,0.769166666666667,-51.9014971099628
230885.416666667,0.769618055555556,-52.0854292228296
231020.833333333,0.770069444444444,-52.275952677327
231156.25,0.770520833333333,-52.4733338187822
231291.666666667,0.770972222222222,-52.6778613351884
231427.083333333,0.771423611111111,-52.8898486434236
231562.5,0.771875,-53.1096366110742
231697.916666667,0.772326388888889,-53.33759667176
231833.333333333,0.772777777777778,-53.574134403843
231968.75,0.773229166666667,-53.8196936573617
232104.166666667,0.773680555555555,-54.0747613328078
232239.583333333,0.774131944444444,-54.3398729388333
232375,0.774583333333333,-54.6156190860639
232510.416666667,0.775034722222222,-54.9026531123967
232645.833333333,0.775486111111111,-55.201700084488
232781.25,0.7759375,-55.5135674842919
232916.666666667,0.776388888888889,-55.8391579734625
233052.083333333,0.776840277777778,-56.1794847397131
233187.5,0.777291666666667,-56.5356900779272
233322.916666667,0.777743055555556,-56.9090680598996
233458.333333333,0.778194444444445,-57.3010924216501
233593.75,0.778645833333333,-57.7134511788603
233729.166666667,0.779097222222222,-58.1480900167489
233864.583333333,0.779548611111111,-58.6072672662434
234000,0.78,-59.0936243889068
234135.416666667,0.780451388888889,-59.6102775356469
234270.833333333,0.780902777777778,-60.1609382229856
234406.25,0.781354166666667,-60.7500749973983
234541.666666667,0.781805555555556,-61.3831340186611
234677.083333333,0.782256944444444,-62.0668463691437
234812.5,0.782708333333333,-62.8096665243752
234947.916666667,0.783159722222222,-63.6224154822149
235083.333333333,0.783611111111111,-64.5192550934418
235218.75,0.7840625,-65.5192220170948
235354.166666667,0.784513888888889,-66.6487576761384
235489.583333333,0.784965277777778,-67.9461276952759
235625,0.785416666666667,-69.4697265282681
235760.416666667,0.785868055555556,-71.3152584803928
235895.833333333,0.786319444444444,-73.6563607998978
236031.25,0.786770833333333,-76.8620352451118
236166.666666667,0.787222222222222,-81.9789775950704
236302.083333333,0.787673611111111,-95.9556089250294
236437.5,0.788125,-86.4572568378258
236572.916666667,0.788576388888889,-79.1100469201445
236708.333333333,0.789027777777778,-75.2004657363894
236843.75,0.789479166666667,-72.5244053198112
236979.166666667,0.789930555555555,-70.4902913848347
237114.583333333,0.790381944444444,-68.8510460296071
237250,0.790833333333333,-67.4796259205441
237385.416666667,0.791284722222222,-66.3020018068364
237520.833333333,0.791736111111111,-65.2712327065819
237656.25,0.7921875,-64.3556753883982
237791.666666667,0.792638888888889,-63.5329838242097
237927.083333333,0.793090277777778,-62.786789808119
238062.5,0.793541666666667,-62.1047443531932
238197.916666667,0.793993055555556,-61.4773008831708
238333.333333333,0.794444444444445,-60.8969266969231
238468.75,0.794895833333333,-60.3575736573924
238604.166666667,0.795347222222222,-59.8543121224352
238739.583333333,0.795798611111111,-59.3830711981901
238875,0.79625,-58.9404502839908
239010.416666667,0.796701388888889,-58.5235796453173
239145.833333333,0.797152777777778,-58.1300154629528
239281.25,0.797604166666667,-57.7576596088195
239416.666666667,0.798055555555556,-57.4046974712706
239552.083333333,0.798506944444444,-57.0695491660543
239687.5,0.798958333333333,-56.7508308171483
239822.916666667,0.799409722222222,-56.447323512086
239958.333333333,0.799861111111111,-56.1579481759682
240093.75,0.8003125,-55.8817450597268
240229.166666667,0.800763888888889,-55.6178568619137
240364.583333333,0.801215277777778,-55.3655147380479
240500,0.801666666666667,-55.1240266244471
240635.416666667,0.802118055555555,-54.8927674318433
240770.833333333,0.802569444444444,-54.6711707608041
240906.25,0.803020833333333,-54.4587218641195
241041.666666667,0.803472222222222,-54.2549516376888
241177.083333333,0.803923611111111,-54.0594314647656
241312.5,0.804375,-53.8717687722509
241447.916666667,0.804826388888889,-53.6916031843839
241583.333333333,0.805277777777778,-53.5186031800348
241718.75,0.805729166666667,-53.3524631766902
241854.166666667,0.806180555555556,-53.1929009774995
241989.583333333,0.806631944444445,-53.0396555286023
242125,0.807083333333333,-52.8924849426727
242260.416666667,0.807534722222222,-52.7511647518275
242395.833333333,0.807986111111111,-52.6154863587722
242531.25,0.8084375,-52.4852556599602
242666.666666667,0.808888888888889,-52.360291818484
242802.083333333,0.809340277777778,-52.2404261677278
242937.5,0.809791666666667,-52.1255012295534
243072.916666667,0.810243055555556,-52.0153698330991
243208.333333333,0.810694444444444,-51.9098943222603
243343.75,0.811145833333333,-51.8089458414842
243479.166666667,0.811597222222222,-51.7124036909365
243614.583333333,0.812048611111111,-51.620154743304
243750,0.8125,-51.5320929154376
243885.416666667,0.812951388888889,-51.44811868896
244020.833333333,0.813402777777778,-51.3681386746711
244156.25,0.813854166666667,-51.2920652162172
244291.666666667,0.814305555555556,-51.2198160290271
244427.083333333,0.814756944444444,-51.151313871083
244562.5,0.815208333333333,-51.0864862423191
244697.916666667,0.815659722222222,-51.02526511002
244833.333333333,0.816111111111111,-50.9675866577231
244968.75,0.8165625,-50.9133910555068
245104.166666667,0.817013888888889,-50.8626222497629
245239.583333333,0.817465277777778,-50.8152277707087
245375,0.817916666666667,-50.7711585561777
245510.416666667,0.818368055555555,-50.7303687903068
245645.833333333,0.818819444444444,-50.6928157559216
245781.25,0.819270833333333,-50.6584596995382
245916.666666667,0.819722222222222,-50.6272637080326
246052.083333333,0.820173611111111,-50.5991935961153
246187.5,0.820625,-50.5742178038123
246322.916666667,0.821076388888889,-50.5523073033294
246458.333333333,0.821527777777778,-50.5334355146238
246593.75,0.821979166666667,-50.5175782291923
246729.166666667,0.822430555555556,-50.5047135415398
246864.583333333,0.822881944444445,-50.4948217879636
247000,0.823333333333333,-50.4878854922245
247135.416666667,0.823784722222222,-50.4838893177943
247270.833333333,0.824236111111111,-50.482820026402
247406.25,0.8246875,-50.4846664426212
247541.666666667,0.825138888888889,-50.4894194242952
247677.083333333,0.825590277777778,-50.4970718386302
247812.5,0.826041666666667,-50.5076185438115
247947.916666667,0.826493055555556,-50.5210563760364
248083.333333333,0.826944444444444,-50.5373841419196
248218.75,0.827395833333333,-50.5566026161619
248354.166666667,0.827847222222222,-50.5787145445569
248489.583333333,0.828298611111111,-50.6037246522693
248625,0.82875,-50.6316396574971
248760.416666667,0.829201388888889,-50.6624682905639
248895.833333333,0.829652777777778,-50.6962213185434
249031.25,0.830104166666667,-50.7329115755998
249166.666666667,0.830555555555555,-50.7725539991904
249302.083333333,0.831006944444444,-50.8151656723377
249437.5,0.831458333333333,-50.8607658722552
249572.916666667,0.831909722222222,-50.9093761255982
249708.333333333,0.832361111111111,-50.9610202706775
249843.75,0.8328125,-51.0157245270194
249979.166666667,0.833263888888889,-51.0735175727241
250114.583333333,0.833715277777778,-51.1344306300991
250250,0.834166666666667,-51.1984975601312
250385.416666667,0.834618055555556,-51.2657549663947
250520.833333333,0.835069444444445,-51.3362423091564
250656.25,0.835520833333333,-51.4100020303863
250791.666666667,0.835972222222222,-51.4870796905898
250927.083333333,0.836423611111111,-51.5675241184451
251062.5,0.836875,-51.6513875743346
251197.916666667,0.837326388888889,-51.7387259289785
251333.333333333,0.837777777777778,-51.8295988585975
251468.75,0.838229166666667,-51.9240700580972
251604.166666667,0.838680555555556,-52.0222074740382
251739.583333333,0.839131944444444,-52.1240835593469
251875,0.839583333333333,-52.2297755519131
252010.416666667,0.840034722222222,-52.3393657796454
252145.833333333,0.840486111111111,-52.4529419946483
252281.25,0.8409375,-52.5705977398004
252416.666666667,0.841388888888889,-52.6924327512507
252552.083333333,0.841840277777778,-52.8185534008997
252687.5,0.842291666666667,-52.9490731835279
252822.916666667,0.842743055555556,-53.0841132538434
252958.333333333,0.843194444444444,-53.2238030194603
253093.75,0.843645833333333,-53.3682807967569
253229.166666667,0.844097222222222,-53.517694537575
253364.583333333,0.844548611111111,-53.6722026358878
253500,0.845,-53.8319748250749
253635.416666667,0.845451388888889,-53.9971931780622
253770.833333333,0.845902777777778,-54.1680532246133
253906.25,0.846354166666667,-54.3447652024178
254041.666666667,0.846805555555555,-54.5275554614772
254177.083333333,0.847256944444444,-54.7166680447621
254312.5,0.847708333333333,-54.912366472049
254447.916666667,0.848159722222222,-55.1149357590103
254583.333333333,0.848611111111111,-55.3246847095779
254718.75,0.8490625,-55.5419485270024
254854.166666667,0.849513888888889,-55.7670917980646
254989.583333333,0.849965277777778,-56.000511916193
255125,0.850416666666667,-56.2426430230645
255260.416666667,0.850868055555556,-56.4939605656698
255395.833333333,0.851319444444445,-56.7549865877243
255531.25,0.851770833333333,-57.0262959019268
255666.666666667,0.852222222222222,-57.3085233249901
255802.083333333,0.852673611111111,-57.6023722025051
255937.5,0.853125,-57.9086245098203
256072.916666667,0.853576388888889,-58.228152891636
256208.333333333,0.854027777777778,-58.5619351045981
256343.75,0.854479166666667,-58.9110714622212
256479.166666667,0.854930555555556,-59.2768060634497
256614.583333333,0.855381944444444,-59.6605528342134
256750,0.855833333333333,-60.0639277535989
256885.416666667,0.856284722222222,-60.4887891153179
257020.833333333,0.856736111111111,-60.9372883550209
257156.25,0.8571875,-61.4119349558804
257291.666666667,0.857638888888889,-61.9156803872721
257427.083333333,0.858090277777778,-62.4520281933513
257562.5,0.858541666666667,-63.0251806604713
257697.916666667,0.858993055555555,-63.6402376927305
257833.333333333,0.859444444444444,-64.3034719172266
257968.75,0.859895833333333,-65.0227180140042
258104.166666667,0.860347222222222,-65.8079383783719
258239.583333333,0.860798611111111,-66.6720705822889
258375,0.86125,-67.6323439274956
258510.416666667,0.861701388888889,-68.7124159073796
258645.833333333,0.862152777777778,-69.9460296481942
258781.25,0.862604166666667,-71.3837108147834
258916.666666667,0.863055555555556,-73.106150935505
259052.083333333,0.863506944444444,-75.2543369346726
259187.5,0.863958333333333,-78.110258567081
259322.916666667,0.864409722222222,-82.3845735568252
259458.333333333,0.864861111111111,-91.1267481886265
259593.75,0.8653125,-93.8365631313289
259729.166666667,0.865763888888889,-83.3098110643507
259864.583333333,0.866215277777778,-78.6991176092851
260000,0.866666666666667,-75.7113367733545
260135.416666667,0.867118055555556,-73.4993672837077
260270.833333333,0.867569444444445,-71.7440694862661
260406.25,0.868020833333333,-70.2901760310286
260541.666666667,0.868472222222222,-69.0503325773847
260677.083333333,0.868923611111111,-67.9704861677683
260812.5,0.869375,-67.0148513124183
260947.916666667,0.869826388888889,-66.1585058667637
261083.333333333,0.870277777777778,-65.3833954115739
261218.75,0.870729166666667,-64.6760209573406
261354.166666667,0.871180555555556,-64.0260247138778
261489.583333333,0.871631944444444,-63.4252853726276
261625,0.872083333333333,-62.8673173534252
261760.416666667,0.872534722222222,-62.3468591443595
261895.833333333,0.872986111111111,-61.8595835227174
262031.25,0.8734375,-61.4018887646674
262166.666666667,0.873888888888889,-60.9707451136429
262302.083333333,0.874340277777778,-60.5635798365146
262437.5,0.874791666666667,-60.1781897844756
262572.916666667,0.875243055555556,-59.8126739202479
262708.333333333,0.875694444444444,-59.4653805787995
262843.75,0.876145833333333,-59.1348657621151
262979.166666667,0.876597222222222,-58.8198598085678
263114.583333333,0.877048611111111,-58.51924049696
263250,0.8775,-58.2320111496712
263385.416666667,0.877951388888889,-57.9572826599871
263520.833333333,0.878402777777778,-57.6942586289121
263656.25,0.878854166666667,-57.4422229874711
263791.666666667,0.879305555555556,-57.20052962201
263927.083333333,0.879756944444444,-56.9685936257687
264062.5,0.880208333333333,-56.7458838802041
264197.916666667,0.880659722222222,-56.5319167307894
264333.333333333,0.881111111111111,-56.3262505691266
264468.75,0.8815625,-56.1284811699995
264604.166666667,0.882013888888889,-55.9382376605915
264739.583333333,0.882465277777778,-55.7551790219365
264875,0.882916666666667,-55.5789910403871
265010.416666667,0.883368055555556,-55.4093836416936
265145.833333333,0.883819444444444,-55.2460885513399
265281.25,0.884270833333333,-55.0888572347008
265416.666666667,0.884722222222222,-54.9374590777232
265552.083333333,0.885173611111111,-54.7916797754401
265687.5,0.885625,-54.6513199004815
265822.916666667,0.886076388888889,-54.5161936281412
265958.333333333,0.886527777777778,-54.3861275979863
266093.75,0.886979166666667,-54.2609598949549
266229.166666667,0.887430555555556,-54.140539135299
266364.583333333,0.887881944444444,-54.0247236448036
266500,0.888333333333333,-53.9133807185061
266635.416666667,0.888784722222222,-53.8063859523964
266770.833333333,0.889236111111111,-53.7036226391398
266906.25,0.8896875,-53.6049812205854
267041.666666667,0.890138888888889,-53.5103587909994
267177.083333333,0.890590277777778,-53.4196586455902
267312.5,0.891041666666667,-53.3327898695744
267447.916666667,0.891493055555556,-53.2496669636466
267583.333333333,0.891944444444444,-53.1702095022057
267718.75,0.892395833333333,-53.0943418210675
267854.166666667,0.892847222222222,-53.021992731859
267989.583333333,0.893298611111111,-52.9530952605342
268125,0.89375,-52.8875864077606
268260.416666667,0.894201388888889,-52.8254069291834
268395.833333333,0.894652777777778,-52.7665011338443
268531.25,0.895104166666667,-52.7108166990392
268666.666666667,0.895555555555556,-52.6583045003931
268802.083333333,0.896006944444444,-52.6089184556654
268937.5,0.896458333333333,-52.5626153813559
269072.916666667,0.896909722222222,-52.5193548609519
269208.333333333,0.897361111111111,-52.4790991239859
269343.75,0.8978125,-52.4418129350551
269479.166666667,0.898263888888889,-52.407463492093
269614.583333333,0.898715277777778,-52.3760203332032
269750,0.899166666666667,-52.3474552515102
269885.416666667,0.899618055555556,-52.3217422174526
270020.833333333,0.900069444444444,-52.2988573080715
270156.25,0.900520833333333,-52.2787786429145
270291.666666667,0.900972222222222,-52.2614863260426
270427.083333333,0.901423611111111,-52.2469623939783
270562.5,0.901875,-52.2351907691692
270697.916666667,0.902326388888889,-52.2261572187351
270833.333333333,0.902777777777778,-52.2198493183238
270968.75,0.903229166666667,-52.2162564208023
271104.166666667,0.903680555555556,-52.215369629644
271239.583333333,0.904131944444444,-52.2171817768812
271375,0.904583333333333,-52.2216874054702
271510.416666667,0.905034722222222,-52.2288827560101
271645.833333333,0.905486111111111,-52.2387657577392
271781.25,0.9059375,-52.2513360237282
271916.666666667,0.906388888888889,-52.2665948502559
272052.083333333,0.906840277777778,-52.2845452204501
272187.5,0.907291666666667,-52.3051918120161
272322.916666667,0.907743055555556,-52.3285410093693
272458.333333333,0.908194444444444,-52.3546009199307
272593.75,0.908645833333333,-52.3833813949567
272729.166666667,0.909097222222222,-52.4148940547922
272864.583333333,0.909548611111111,-52.449152318836
273000,0.91,-52.4861714402912
273135.416666667,0.910451388888889,-52.5259685459364
273270.833333333,0.910902777777778,-52.5685626811307
273406.25,0.911354166666667,-52.6139748602903
273541.666666667,0.911805555555556,-52.6622281231471
273677.083333333,0.912256944444444,-52.7133475970784
273812.5,0.912708333333333,-52.7673605659761
273947.916666667,0.913159722222222,-52.8242965458617
274083.333333333,0.913611111111111,-52.8841873679611
274218.75,0.9140625,-52.9470672695519
274354.166666667,0.914513888888889,-53.0129729932164
274489.583333333,0.914965277777778,-53.08194389522
274625,0.915416666666667,-53.1540220635824
274760.416666667,0.915868055555556,-53.2292524467537
274895.833333333,0.916319444444444,-53.3076829936992
275031.25,0.916770833333333,-53.3893648064278
275166.666666667,0.917222222222222,-53.4743523060332
275302.083333333,0.917673611111111,-53.5627034135155
275437.5,0.918125,-53.654479746692
275572.916666667,0.918576388888889,-53.7497468347632
275708.333333333,0.919027777777778,-53.848574352343
275843.75,0.919479166666667,-53.9510363746656
275979.166666667,0.919930555555556,-54.0572116564689
276114.583333333,0.920381944444444,-54.1671839366296
276250,0.920833333333333,-54.2810422716743
276385.416666667,0.921284722222222,-54.3988814009871
276520.833333333,0.921736111111111,-54.5208021474838
276656.25,0.9221875,-54.6469118576086
276791.666666667,0.922638888888889,-54.777324885314
276927.083333333,0.923090277777778,-54.9121631251845
277062.5,0.923541666666667,-55.0515566006825
277197.916666667,0.923993055555556,-55.1956441143164
277333.333333333,0.924444444444444,-55.3445739675353
277468.75,0.924895833333333,-55.4985047595343
277604.166666667,0.925347222222222,-55.6576062750603
277739.583333333,0.925798611111111,-55.8220604737033
277875,0.92625,-55.9920625943726
278010.416666667,0.926701388888889,-56.1678223914792
278145.833333333,0.927152777777778,-56.3495655220175
278281.25,0.927604166666667,-56.5375351058898
278416.666666667,0.928055555555556,-56.7319934860995
278552.083333333,0.928506944444444,-56.9332242201524
278687.5,0.928958333333333,-57.1415343399155
278822.916666667,0.929409722222222,-57.3572569244787
278958.333333333,0.929861111111111,-57.5807540393416
279093.75,0.9303125,-57.8124201062312
279229.166666667,0.930763888888889,-58.052685781288
279364.583333333,0.931215277777778,-58.3020224366855
279500,0.931666666666667,-58.5609473612821
279635.416666667,0.932118055555556,-58.8300298239407
279770.833333333,0.932569444444444,-59.1098981761294
279906.25,0.933020833333333,-59.4012482158202
280041.666666667,0.933472222222222,-59.7048530905876
280177.083333333,0.933923611111111,-60.0215750931984
280312.5,0.934375,-60.3523798004032
280447.916666667,0.934826388888889,-60.6983531368167
280583.333333333,0.935277777777778,-61.0607221211876
280718.75,0.935729166666667,-61.4408802917389
280854.166666667,0.936180555555556,-61.8404191367731
280989.583333333,0.936631944444444,-62.261167317098
281125,0.937083333333333,-62.7052401199419
281260.416666667,0.937534722222222,-63.1751025231389
281395.833333333,0.937986111111111,-63.6736506283955
281531.25,0.9384375,-64.2043182826153
281666.666666667,0.938888888888889,-64.7712188562419
281802.083333333,0.939340277777778,-65.3793370781995
281937.5,0.939791666666667,-66.0347937564265
282072.916666667,0.940243055555556,-66.7452193674652
282208.333333333,0.940694444444444,-67.5202950971023
282343.75,0.941145833333333,-68.3725603455155
282479.166666667,0.941597222222222,-69.3186615573456
282614.583333333,0.942048611111111,-70.3813677320325
282750,0.9425,-71.5929975182668
282885.416666667,0.942951388888889,-73.0016404487989
283020.833333333,0.943402777777778,-74.6834486506491
283156.25,0.943854166666667,-76.7698721127786
283291.666666667,0.944305555555556,-79.5188766688578
283427.083333333,0.944756944444444,-83.5582430992838
283562.5,0.945208333333333,-91.3294260899563
283697.916666667,0.945659722222222,-98.3793472679558
283833.333333333,0.946111111111111,-85.8215307823946
283968.75,0.9465625,-80.898070574126
284104.166666667,0.947013888888889,-77.7819047568478
284239.583333333,0.947465277777778,-75.4991381564939
284375,0.947916666666667,-73.698402019372
284510.416666667,0.948368055555556,-72.212457457571
284645.833333333,0.948819444444444,-70.9484812326087
284781.25,0.949270833333333,-69.8495668838037
284916.666666667,0.949722222222222,-68.8782943354998
285052.083333333,0.950173611111111,-68.0087377399803
285187.5,0.950625,-67.2221922858117
285322.916666667,0.951076388888889,-66.5047190257897
285458.333333333,0.951527777777778,-65.8456519136865
285593.75,0.951979166666667,-65.2366472403748
285729.166666667,0.952430555555556,-64.6710549373092
285864.583333333,0.952881944444444,-64.1434892183136
286000,0.953333333333333,-63.6495272177098
286135.416666667,0.953784722222222,-63.185492401236
286270.833333333,0.954236111111111,-62.7482956522105
286406.25,0.9546875,-62.3353165309689
286541.666666667,0.955138888888889,-61.9443131055004
286677.083333333,0.955590277777778,-61.5733524805222
286812.5,0.956041666666667,-61.2207565735842
286947.916666667,0.956493055555556,-60.8850592901996
287083.333333333,0.956944444444444,-60.5649723390016
287218.75,0.957395833333333,-60.2593576754204
287354.166666667,0.957847222222222,-59.9672050895852
287489.583333333,0.958298611111111,-59.6876138271052
287625,0.95875,-59.4197774024816
287760.416666667,0.959201388888889,-59.1629709618237
287895.833333333,0.959652777777778,-58.9165406981806
288031.25,0.960104166666667,-58.6798949320076
288166.666666667,0.960555555555556,-58.4524965521105
288302.083333333,0.961006944444444,-58.2338565755531
288437.5,0.961458333333333,-58.0235286333302
288572.916666667,0.961909722222222,-57.8211042270504
288708.333333333,0.962361111111111,-57.6262086304826
288843.75,0.9628125,-57.4384973338412
288979.166666667,0.963263888888889,-57.2576529468821
289114.583333333,0.963715277777778,-57.0833824914998
289250,0.964166666666667,-56.9154150267419
289385.416666667,0.964618055555556,-56.7534995584348
289520.833333333,0.965069444444444,-56.5974031935286
289656.25,0.965520833333333,-56.4469095057649
289791.666666667,0.965972222222222,-56.3018170842233
289927.083333333,0.966423611111111,-56.1619382410021
290062.5,0.966875,-56.0270978574463
290197.916666667,0.967326388888889,-55.8971323518072
290333.333333333,0.967777777777778,-55.7718887531131
290468.75,0.968229166666667,-55.6512238688877
290604.166666667,0.968680555555556,-55.5350035351744
290739.583333333,0.969131944444444,-55.4231019398752
290875,0.969583333333333,-55.3154010106496
291010.416666667,0.970034722222222,-55.2117898605707
291145.833333333,0.970486111111111,-55.1121642849567
291281.25,0.9709375,-55.0164263041342
291416.666666667,0.971388888888889,-54.9244837471834
291552.083333333,0.971840277777778,-54.8362498724949
291687.5,0.972291666666667,-54.7516430214312
291822.916666667,0.972743055555556,-54.6705863017767
291958.333333333,0.973194444444444,-54.5930072981587
292093.75,0.973645833333333,-54.5188378066862
292229.166666667,0.974097222222222,-54.4480135918151
292364.583333333,0.974548611111111,-54.3804741631435
292500,0.975,-54.3161625704353
292635.416666667,0.975451388888889,-54.2550252153803
292770.833333333,0.975902777777778,-54.1970116783775
292906.25,0.976354166666667,-54.1420745593441
293041.666666667,0.976805555555556,-54.0901693312139
293177.083333333,0.977256944444444,-54.0412542051574
293312.5,0.977708333333333,-53.9952900066104
293447.916666667,0.978159722222222,-53.9522400612291
293583.333333333,0.978611111111111,-53.9120700900593
293718.75,0.9790625,-53.8747481132476
293854.166666667,0.979513888888889,-53.8402443617064
293989.583333333,0.979965277777778,-53.8085311960765
294125,0.980416666666667,-53.7795830327514
294260.416666667,0.980868055555556,-53.7533762761433
294395.833333333,0.981319444444444,-53.7298892572348
294531.25,0.981770833333333,-53.7091021776783
294666.666666667,0.982222222222222,-53.6909970594011
294802.083333333,0.982673611111111,-53.6755576992619
294937.5,0.983125,-53.6627696286247
295072.916666667,0.983576388888889,-53.6526200775604
295208.333333333,0.984027777777778,-53.6450979435158
295343.75,0.984479166666667,-53.6401937642824
295479.166666667,0.984930555555556,-53.6378996951042
295614.583333333,0.985381944444444,-53.6382094898687
295750,0.985833333333333,-53.6411184861164
295885.416666667,0.986284722222222,-53.6466235940746
296020.833333333,0.986736111111111,-53.6547232893636
296156.25,0.9871875,-53.6654176095012
296291.666666667,0.987638888888889,-53.6787081542295
296427.083333333,0.988090277777778,-53.6945980894638
296562.5,0.988541666666667,-53.7130921551186
296697.916666667,0.988993055555556,-53.7341966766893
296833.333333333,0.989444444444444,-53.7579195807193
296968.75,0.989895833333333,-53.7842704142326
297104.166666667,0.990347222222222,-53.8132603681883
297239.583333333,0.990798611111111,-53.8449023051164
297375,0.99125,-53.8792107910793
297510.416666667,0.991701388888889,-53.9162021321473
297645.833333333,0.992152777777778,-53.9558944154626
297781.25,0.992604166666667,-53.9983075553807
297916.666666667,0.993055555555556,-54.0434633445456
298052.083333333,0.993506944444444,-54.0913855106427
298187.5,0.993958333333333,-54.1420997787265
298322.916666667,0.994409722222222,-54.1956339398078
298458.333333333,0.994861111111111,-54.2520179258645
298593.75,0.9953125,-54.3112838918927
298729.166666667,0.995763888888889,-54.3734663053811
298864.583333333,0.996215277777778,-54.4386020438138
299000,0.996666666666667,-54.5067305008174
299135.416666667,0.997118055555556,-54.5778937015956
299270.833333333,0.997569444444444,-54.6521364284957
299406.25,0.998020833333333,-54.7295063573758
299541.666666667,0.998472222222222,-54.8100542059998
299677.083333333,0.998923611111111,-54.8938338952162
299812.5,0.999375,-54.9809027242439
299947.916666667,0.999826388888889,-55.0713215614407
300083.333333333,1.00027777777778,-55.1651550517795
300218.75,1.00072916666667,-55.2624718429356
300354.166666667,1.00118055555556,-55.3633448316454
300489.583333333,1.00163194444444,-55.4678514324705
300625,1.00208333333333,-55.5760738712963
300760.416666667,1.00253472222222,-55.6880995061217
300895.833333333,1.00298611111111,-55.8040211781437
301031.25,1.0034375,-55.9239375964688
301166.666666667,1.00388888888889,-56.0479537602703
301302.083333333,1.00434027777778,-56.1761814225434
301437.5,1.00479166666667,-56.3087396006831
301572.916666667,1.00524305555556,-56.445755138994
301708.333333333,1.00569444444444,-56.5873633300978
301843.75,1.00614583333333,-56.7337086020617
301979.166666667,1.00659722222222,-56.8849452800972
302114.583333333,1.00704861111111,-57.0412384322848
302250,1.0075,-57.2027648108059
302385.416666667,1.00795138888889,-57.3697139016376
302520.833333333,1.00840277777778,-57.5422890979923
302656.25,1.00885416666667,-57.7207090153273
302791.666666667,1.00930555555556,-57.9052089687111
302927.083333333,1.00975694444444,-58.0960426372328
303062.5,1.01020833333333,-58.2934839441833
303197.916666667,1.01065972222222,-58.4978291878322
303333.333333333,1.01111111111111,-58.7093994633184
303468.75,1.0115625,-58.9285434249095
303604.166666667,1.01201388888889,-59.1556404476329
303739.583333333,1.01246527777778,-59.3911042591196
303875,1.01291666666667,-59.6353871284893
304010.416666667,1.01336805555556,-59.888984717603
304145.833333333,1.01381944444444,-60.152441724494
304281.25,1.01427083333333,-60.4263584793088
304416.666666667,1.01472222222222,-60.7113986922174
304552.083333333,1.01517361111111,-61.0082986034343
304687.5,1.015625,-61.317877851148
304822.916666667,1.01607638888889,-61.6410524594441
304958.333333333,1.01652777777778,-61.9788504622501
305093.75,1.01697916666667,-62.3324308331183
305229.166666667,1.01743055555556,-62.7031065961695
305364.583333333,1.01788194444444,-63.092373279059
305500,1.01833333333333,-63.50194426034
305635.416666667,1.01878472222222,-63.9337951193413
305770.833333333,1.01923611111111,-64.3902198873523
305906.25,1.0196875,-64.8739032513854
306041.666666667,1.02013888888889,-65.388014466985
306177.083333333,1.02059027777778,-65.9363313164999
306312.5,1.02104166666667,-66.5234064409165
306447.916666667,1.02149305555556,-67.1547947103677
306583.333333333,1.02194444444444,-67.8373706568786
306718.75,1.02239583333333,-68.5797824881586
306854.166666667,1.02284722222222,-69.3931199000758
306989.583333333,1.02329861111111,-70.2919291806813
307125,1.02375,-71.2958177609081
307260.416666667,1.02420138888889,-72.432113569637
307395.833333333,1.02465277777778,-73.7405390340257
307531.25,1.02510416666667,-75.2820638330143
307666.666666667,1.02555555555556,-77.1574165685637
307802.083333333,1.02600694444444,-79.5515314523337
307937.5,1.02645833333333,-82.8652203954156
308072.916666667,1.02690972222222,-88.2828383368147
308208.333333333,1.02736111111111,-105.664435095263
308343.75,1.0278125,-91.0362501664421
308479.166666667,1.02826388888889,-84.2533048135029
308614.583333333,1.02871527777778,-80.4979419367601
308750,1.02916666666667,-77.8901087197029
308885.416666667,1.02961805555556,-75.8919322347921
309020.833333333,1.03006944444444,-74.2729713613828
309156.25,1.03052083333333,-72.9130275083991
309291.666666667,1.03097222222222,-71.7414046418499
309427.083333333,1.03142361111111,-70.7129795976251
309562.5,1.031875,-69.7971850262341
309697.916666667,1.03232638888889,-68.9723524383738
309833.333333333,1.03277777777778,-68.222561647239
309968.75,1.03322916666667,-67.5357718274233
310104.166666667,1.03368055555556,-66.9026553741759
310239.583333333,1.03413194444444,-66.315839488768
310375,1.03458333333333,-65.7693955477398
310510.416666667,1.03503472222222,-65.2584850403159
310645.833333333,1.03548611111111,-64.7791077808199
310781.25,1.0359375,-64.3279188718446
310916.666666667,1.03638888888889,-63.9020930530059
311052.083333333,1.03684027777778,-63.4992224368076
311187.5,1.03729166666667,-63.1172382312895
311322.916666667,1.03774305555556,-62.7543499997835
311458.333333333,1.03819444444444,-62.4089979444918
311593.75,1.03864583333333,-62.0798150002782
311729.166666667,1.03909722222222,-61.7655964138266
311864.583333333,1.03954861111111,-61.46527510163
312000,1.04,-61.1779015176359
312135.416666667,1.04045138888889,-60.9026270751332
312270.833333333,1.04090277777778,-60.6386903958408
312406.25,1.04135416666667,-60.3854058262341
312541.666666667,1.04180555555556,-60.1421537876239
312677.083333333,1.04225694444444,-59.9083726187506
312812.5,1.04270833333333,-59.683551642946
312947.916666667,1.04315972222222,-59.4672252452738
313083.333333333,1.04361111111111,-59.2589677885035
313218.75,1.0440625,-59.0583892291223
313354.166666667,1.04451388888889,-58.8651313210494
313489.583333333,1.04496527777778,-58.6788643150039
313625,1.04541666666667,-58.4992840778985
313760.416666667,1.04586805555556,-58.3261095698745
313895.833333333,1.04631944444444,-58.1590806269365
314031.25,1.04677083333333,-57.997956006164
314166.666666667,1.04722222222222,-57.8425116567376
314302.083333333,1.04767361111111,-57.6925391866655
314437.5,1.048125,-57.5478444991096
314572.916666667,1.04857638888889,-57.4082465763046
314708.333333333,1.04902777777778,-57.2735763926473
314843.75,1.04947916666667,-57.1436759406745
314979.166666667,1.04993055555556,-57.0183973563922
315114.583333333,1.05038194444444,-56.8976021320638
315250,1.05083333333333,-56.7811604062823
315385.416666667,1.05128472222222,-56.6689503225165
315520.833333333,1.05173611111111,-56.56085744845
315656.25,1.0521875,-56.4567742493868
315791.666666667,1.05263888888889,-56.3565996099135
315927.083333333,1.05309027777778,-56.2602383988309
316062.5,1.05354166666667,-56.1676010725549
316197.916666667,1.05399305555556,-56.0786033135242
316333.333333333,1.05444444444444,-55.9931656995911
316468.75,1.05489583333333,-55.9112134018222
316604.166666667,1.05534722222222,-55.8326759076174
316739.583333333,1.05579861111111,-55.7574867669943
316875,1.05625,-55.6855833597192
317010.416666667,1.05670138888889,-55.6169066814893
317145.833333333,1.05715277777778,-55.5514011474311
317281.25,1.05760416666667,-55.4890144113621
317416.666666667,1.05805555555556,-55.429697199538
317552.083333333,1.05850694444444,-55.3734031575581
317687.5,1.05895833333333,-55.3200887095303
317822.916666667,1.05940972222222,-55.2697129282288
317958.333333333,1.05986111111111,-55.2222374156701
318093.75,1.0603125,-55.1776261931439
318229.166666667,1.06076388888889,-55.1358455999572
318364.583333333,1.06121527777778,-55.0968642004404
318500,1.06166666666667,-55.0606526984439
318635.416666667,1.06211805555556,-55.0271838589079
318770.833333333,1.06256944444444,-54.996432436017
318906.25,1.06302083333333,-54.9683751075338
319041.666666667,1.06347222222222,-54.9429904149018
319177.083333333,1.06392361111111,-54.9202587088459
319312.5,1.064375,-54.900162100086
319447.916666667,1.06482638888889,-54.8826844149232
319583.333333333,1.06527777777778,-54.8678111555738
319718.75,1.06572916666667,-54.8555294647446
319854.166666667,1.06618055555556,-54.8458280947135
319989.583333333,1.06663194444444,-54.8386973802299
320125,1.06708333333333,-54.834129215583
320260.416666667,1.06753472222222,-54.8321170353453
320395.833333333,1.06798611111111,-54.8326557989532
320531.25,1.0684375,-54.835741978869
320666.666666667,1.06888888888889,-54.8413735523784
320802.083333333,1.06934027777778,-54.849549996933
320937.5,1.06979166666667,-54.8602722890149
321072.916666667,1.07024305555556,-54.8735429065377
321208.333333333,1.07069444444444,-54.8893658347403
321343.75,1.07114583333333,-54.9077465757662
321479.166666667,1.07159722222222,-54.9286921616897
321614.583333333,1.07204861111111,-54.9522111713387
321750,1.0725,-54.9783137508907
321885.416666667,1.07295138888889,-55.0070116382182
322020.833333333,1.07340277777778,-55.0383181913793
322156.25,1.07385416666667,-55.072248421159
322291.666666667,1.07430555555556,-55.1088190279482
322427.083333333,1.07475694444444,-55.1480484431269
322562.5,1.07520833333333,-55.1899568751856
322697.916666667,1.07565972222222,-55.2345663608056
322833.333333333,1.07611111111111,-55.2819008212387
322968.75,1.0765625,-55.3319861242217
323104.166666667,1.07701388888889,-55.3848501517965
323239.583333333,1.07746527777778,-55.4405228745615
323375,1.07791666666667,-55.499036432463
323510.416666667,1.07836805555556,-55.5604252230952
323645.833333333,1.07881944444444,-55.6247259974906
323781.25,1.07927083333333,-55.6919779645102
323916.666666667,1.07972222222222,-55.7622229041033
324052.083333333,1.08017361111111,-55.8355052904519
324187.5,1.080625,-55.9118724256199
324322.916666667,1.08107638888889,-55.9913745847579
324458.333333333,1.08152777777778,-56.0740651738114
324593.75,1.08197916666667,-56.1600009008708
324729.166666667,1.08243055555556,-56.2492419624574
324864.583333333,1.08288194444444,-56.341852246077
325000,1.08333333333333,-56.4378995508314
325135.416666667,1.08378472222222,-56.5374558275051
325270.833333333,1.08423611111111,-56.6405974404665
325406.25,1.0846875,-56.7474054534784
325541.666666667,1.08513888888889,-56.8579659417786
325677.083333333,1.08559027777778,-56.9723703336188
325812.5,1.08604166666667,-57.0907157841444
325947.916666667,1.08649305555556,-57.2131055854301
326083.333333333,1.08694444444444,-57.3396496167419
326218.75,1.08739583333333,-57.4704648397543
326354.166666667,1.08784722222222,-57.605675844035
326489.583333333,1.08829861111111,-57.7454154490165
326625,1.08875,-57.8898253693499
326760.416666667,1.08920138888889,-58.039056951776
326895.833333333,1.08965277777778,-58.1932719929522
327031.25,1.09010416666667,-58.3526436485923
327166.666666667,1.09055555555556,-58.5173574470115
327302.083333333,1.09100694444444,-58.6876124208245
327437.5,1.09145833333333,-58.863622374434
327572.916666667,1.09190972222222,-59.0456173065557
327708.333333333,1.09236111111111,-59.2338450114585
327843.75,1.0928125,-59.428572886104
327979.166666667,1.09326388888889,-59.63008997592
328114.583333333,1.09371527777778,-59.8387092977896
328250,1.09416666666667,-60.0547704865091
328385.416666667,1.09461805555556,-60.2786428202206
328520.833333333,1.09506944444444,-60.510728691643
328656.25,1.09552083333333,-60.7514676065338
328791.666666667,1.09597222222222,-61.001340807746
328927.083333333,1.09642361111111,-61.2608766466964
329062.5,1.096875,-61.5306568516251
329197.916666667,1.09732638888889,-61.8113238781493
329333.333333333,1.09777777777778,-62.1035895749489
329468.75,1.09822916666667,-62.4082454566614
329604.166666667,1.09868055555556,-62.7261749557187
329739.583333333,1.09913194444444,-63.0583681287589
329875,1.09958333333333,-63.4059394323315
330010.416666667,1.10003472222222,-63.7701493699698
330145.833333333,1.10048611111111,-64.1524310687081
330281.25,1.1009375,-64.5544231961361
330416.666666667,1.10138888888889,-64.9780111246174
330552.083333333,1.10184027777778,-65.4253789538201
330687.5,1.10229166666667,-65.8990760195656
330822.916666667,1.10274305555556,-66.4021030184007
330958.333333333,1.10319444444444,-66.9380251253955
331093.75,1.10364583333333,-67.5111229423227
331229.166666667,1.10409722222222,-68.126597551764
331364.583333333,1.10454861111111,-68.7908547595436
331500,1.105,-69.511908317546
331635.416666667,1.10545138888889,-70.2999673957269
331770.833333333,1.10590277777778,-71.1683195870211
331906.25,1.10635416666667,-72.134708010405
332041.666666667,1.10680555555556,-73.223576582637
332177.083333333,1.10725694444444,-74.4699362785992
332312.5,1.10770833333333,-75.9264975128129
332447.916666667,1.10815972222222,-77.6780660157472
332583.333333333,1.10861111111111,-79.8744071505191
332718.75,1.1090625,-82.8201805836539
332854.166666667,1.10951388888889,-87.3080906568274
332989.583333333,1.10996527777778,-97.0938028967069
333125,1.11041666666667,-96.4030235484563
333260.416666667,1.11086805555556,-87.0931561922836
333395.833333333,1.11131944444444,-82.7094827367716
333531.25,1.11177083333333,-79.8148995292763
333666.666666667,1.11222222222222,-77.6520677570754
333802.083333333,1.11267361111111,-75.9259716935628
333937.5,1.113125,-74.4905549407326
334072.916666667,1.11357638888889,-73.2627425060567
334208.333333333,1.11402777777778,-72.1907401682383
334343.75,1.11447916666667,-71.2400673140703
334479.166666667,1.11493055555556,-70.3866082874925
334614.583333333,1.11538194444444,-69.6128340000378
334750,1.11583333333333,-68.9056023508416
334885.416666667,1.11628472222222,-68.2548065080762
335020.833333333,1.11673611111111,-67.6525067845755
335156.25,1.1171875,-67.0923522857877
335291.666666667,1.11763888888889,-66.5691834908835
335427.083333333,1.11809027777778,-66.0787518240352
335562.5,1.11854166666667,-65.6175171771528
335697.916666667,1.11899305555556,-65.182498745904
335833.333333333,1.11944444444444,-64.7711631734462
335968.75,1.11989583333333,-64.3813393357033
336104.166666667,1.12034722222222,-64.0111524994526
336239.583333333,1.12079861111111,-63.6589727966487
336375,1.12125,-63.3233744350835
336510.416666667,1.12170138888889,-63.0031030682994
336645.833333333,1.12215277777778,-62.6970494407532
336781.25,1.12260416666667,-62.4042279142295
336916.666666667,1.12305555555556,-62.1237588289989
337052.083333333,1.12350694444444,-61.8548539064252
337187.5,1.12395833333333,-61.5968040846897
337322.916666667,1.12440972222222,-61.3489693166608
337458.333333333,1.12486111111111,-61.1107699621763
337593.75,1.1253125,-60.8816794846164
337729.166666667,1.12576388888889,-60.6612182219547
337864.583333333,1.12621527777778,-60.4489480476825
338000,1.12666666666667,-60.244467773932
338135.416666667,1.12711805555556,-60.0474091756962
338270.833333333,1.12756944444444,-59.8574335389244
338406.25,1.12802083333333,-59.6742286512214
338541.666666667,1.12847222222222,-59.4975061692463
338677.083333333,1.12892361111111,-59.3269993075657
338812.5,1.129375,-59.1624608029546
338947.916666667,1.12982638888889,-59.0036611159276
339083.333333333,1.13027777777778,-58.8503868370448
339218.75,1.13072916666667,-58.7024392707834
339354.166666667,1.13118055555556,-58.5596331737936
339489.583333333,1.13163194444444,-58.42179562794
339625,1.13208333333333,-58.288765031087
339760.416666667,1.13253472222222,-58.1603901916284
339895.833333333,1.13298611111111,-58.0365295139377
340031.25,1.1334375,-57.9170502642456
340166.666666667,1.13388888888889,-57.8018279078476
340302.083333333,1.13434027777778,-57.6907455092242
340437.5,1.13479166666667,-57.5836931884737
340572.916666667,1.13524305555556,-57.4805676277494
340708.333333333,1.13569444444444,-57.3812716224258
340843.75,1.13614583333333,-57.285713672336
340979.166666667,1.13659722222222,-57.1938076089063
341114.583333333,1.13704861111111,-57.1054722546946
341250,1.1375,-57.0206311119485
341385.416666667,1.13795138888889,-56.9392120775944
341520.833333333,1.13840277777778,-56.8611471818417
341656.25,1.13885416666667,-56.7863723486061
341791.666666667,1.13930555555556,-56.7148271752172
341927.083333333,1.13975694444444,-56.6464547302454
342062.5,1.14020833333333,-56.581201367352
342197.916666667,1.14065972222222,-56.5190165540999
342333.333333333,1.14111111111111,-56.4598527143423
342468.75,1.1415625,-56.4036650830108
342604.166666667,1.14201388888889,-56.3504115723691
342739.583333333,1.14246527777778,-56.3000526488098
342875,1.14291666666667,-56.2525512193518
343010.416666667,1.14336805555556,-56.2078725271052
343145.833333333,1.14381944444444,-56.1659840550851
343281.25,1.14427083333333,-56.1268554376435
343416.666666667,1.14472222222222,-56.09045837922
343552.083333333,1.14517361111111,-56.0567665796913
343687.5,1.145625,-56.0257556659636
343822.916666667,1.14607638888889,-55.9974031295529
343958.333333333,1.14652777777778,-55.9716882695231
344093.75,1.14697916666667,-55.9485921407378
344229.166666667,1.14743055555556,-55.9280975069657
344364.583333333,1.14788194444444,-55.910188798693
344500,1.14833333333333,-55.8948520753471
344635.416666667,1.14878472222222,-55.882074991756
344770.833333333,1.14923611111111,-55.8718467687176
344906.25,1.1496875,-55.864158167417
345041.666666667,1.15013888888889,-55.8590014677257
345177.083333333,1.15059027777778,-55.8563704500329
345312.5,1.15104166666667,-55.8562603808724
345447.916666667,1.15149305555556,-55.8586680018036
345583.333333333,1.15194444444444,-55.8635915220062
345718.75,1.15239583333333,-55.8710306141069
345854.166666667,1.15284722222222,-55.8809864134892
345989.583333333,1.15329861111111,-55.8934615210299
346125,1.15375,-55.9084600091692
346260.416666667,1.15420138888889,-55.9259874314655
346395.833333333,1.15465277777778,-55.9460508356421
346531.25,1.15510416666667,-55.9686587801816
346666.666666667,1.15555555555556,-55.9938213545473
346802.083333333,1.15600694444444,-56.0215502031824
346937.5,1.15645833333333,-56.0518585532701
347072.916666667,1.15690972222222,-56.0847612466339
347208.333333333,1.15736111111111,-56.1202747757197
347343.75,1.1578125,-56.1584173239058
347479.166666667,1.15826388888889,-56.1992088105077
347614.583333333,1.15871527777778,-56.2426709404387
347750,1.15916666666667,-56.2888272590592
347885.416666667,1.15961805555556,-56.3377032123444
348020.833333333,1.16006944444444,-56.3893262128213
348156.25,1.16052083333333,-56.443725711558
348291.666666667,1.16097222222222,-56.5009332766696
348427.083333333,1.16142361111111,-56.5609826788321
348562.5,1.161875,-56.6239099842224
348697.916666667,1.16232638888889,-56.6897536556124
348833.333333333,1.16277777777778,-56.7585546620085
348968.75,1.16322916666667,-56.8303565979207
349104.166666667,1.16368055555556,-56.905205812529
349239.583333333,1.16413194444444,-56.9831515501834
349375,1.16458333333333,-57.0642461027259
349510.416666667,1.16503472222222,-57.1485449750013
349645.833333333,1.16548611111111,-57.2361070647126
349781.25,1.1659375,-57.3269948578447
349916.666666667,1.16638888888889,-57.4212746412933
350052.083333333,1.16684027777778,-57.5190167343323
350187.5,1.16729166666667,-57.6202957408198
350322.916666667,1.16774305555556,-57.7251908242295
350458.333333333,1.16819444444444,-57.8337860079651
350593.75,1.16864583333333,-57.9461705034999
350729.166666667,1.16909722222222,-58.0624390696305
350864.583333333,1.16954861111111,-58.1826924060369
351000,1.17,-58.3070375851253
351135.416666667,1.17045138888889,-58.4355885267569
351270.833333333,1.17090277777778,-58.5684665205784
351406.25,1.17135416666667,-58.7058008020516
351541.666666667,1.17180555555556,-58.8477291885668
351677.083333333,1.17225694444444,-58.9943987833663
351812.5,1.17270833333333,-59.1459667558821
351947.916666667,1.17315972222222,-59.3026012086269
352083.333333333,1.17361111111111,-59.4644821423287
352218.75,1.1740625,-59.631802532725
352354.166666667,1.17451388888889,-59.8047695350191
352489.583333333,1.17496527777778,-59.9836058340773
352625,1.17541666666667,-60.1685511625824
352760.416666667,1.17586805555556,-60.3598640118638
352895.833333333,1.17631944444444,-60.557823566386
353031.25,1.17677083333333,-60.7627318969334
353166.666666667,1.17722222222222,-60.9749164555852
353302.083333333,1.17767361111111,-61.1947329235091
353437.5,1.178125,-61.4225684728174
353572.916666667,1.17857638888889,-61.6588455171096
353708.333333333,1.17902777777778,-61.9040260409973
353843.75,1.17947916666667,-62.1586166192117
353979.166666667,1.17993055555556,-62.42317426128
354114.583333333,1.18038194444444,-62.6983132502704
354250,1.18083333333333,-62.9847131852468
354385.416666667,1.18128472222222,-63.2831284914066
354520.833333333,1.18173611111111,-63.5943997307854
354656.25,1.1821875,-63.9194671389049
354791.666666667,1.18263888888889,-64.259386934804
354927.083333333,1.18309027777778,-64.6153511147313
355062.5,1.18354166666667,-64.9887116629355
355197.916666667,1.18399305555556,-65.3810104172539
355333.333333333,1.18444444444444,-65.7940162526157
355468.75,1.18489583333333,-66.2297718450611
355604.166666667,1.18534722222222,-66.690653140149
355739.583333333,1.18579861111111,-67.1794459065305
355875,1.18625,-67.6994456253928
356010.416666667,1.18670138888889,-68.2545898097354
356145.833333333,1.18715277777778,-68.8496362692313
356281.25,1.18760416666667,-69.4904079051278
356416.666666667,1.18805555555556,-70.1841362482728
356552.083333333,1.18850694444444,-70.939955766981
356687.5,1.18895833333333,-71.7696360502854
356822.916666667,1.18940972222222,-72.6887040064917
356958.333333333,1.18986111111111,-73.7182354291576
357093.75,1.1903125,-74.8878607594648
357229.166666667,1.19076388888889,-76.2411296444173
357364.583333333,1.19121527777778,-77.8458765224855
357500,1.19166666666667,-79.8164929062414
357635.416666667,1.19211805555556,-82.3695637247225
357770.833333333,1.19256944444444,-85.9997109765587
357906.25,1.19302083333333,-92.3482362629661
358041.666666667,1.19347222222222,-114.729505109534
358177.083333333,1.19392361111111,-91.1282018540696
358312.5,1.194375,-85.4053747955379
358447.916666667,1.19482638888889,-81.9900022531221
358583.333333333,1.19527777777778,-79.5492426453902
358718.75,1.19572916666667,-77.6499781339498
358854.166666667,1.19618055555556,-76.096108616335
358989.583333333,1.19663194444444,-74.7820187005705
359125,1.19708333333333,-73.6442611592807
359260.416666667,1.19753472222222,-72.6417233793249
359395.833333333,1.19798611111111,-71.7462370018015
359531.25,1.1984375,-70.9376565731687
359666.666666667,1.19888888888889,-70.2010753615624
359802.083333333,1.19934027777778,-69.5251530939545
359937.5,1.19979166666667,-68.9010619256406
360072.916666667,1.20024305555556,-68.321795156824
360208.333333333,1.20069444444444,-67.7816984859019
360343.75,1.20114583333333,-67.2761430103645
360479.166666667,1.20159722222222,-66.801291458193
360614.583333333,1.20204861111111,-66.3539274663498
360750,1.2025,-65.931328542471
360885.416666667,1.20295138888889,-65.5311699470681
361020.833333333,1.20340277777778,-65.1514508831213
361156.25,1.20385416666667,-64.7904370550703
361291.666666667,1.20430555555556,-64.446615425378
361427.083333333,1.20475694444444,-64.1186581866692
361562.5,1.20520833333333,-63.8053937851387
361697.916666667,1.20565972222222,-63.5057834010387
361833.333333333,1.20611111111111,-63.21890169812
361968.75,1.2065625,-62.9439209446319
362104.166666667,1.20701388888889,-62.6800978210794
362239.583333333,1.20746527777778,-62.4267623875151
362375,1.20791666666667,-62.1833087992728
362510.416666667,1.20836805555556,-61.9491874491632
362645.833333333,1.20881944444444,-61.7238982808393
362781.25,1.20927083333333,-61.5069850701698
362916.666666667,1.20972222222222,-61.2980305111582
363052.083333333,1.21017361111111,-61.096651974367
363187.5,1.210625,-60.9024978305077
363322.916666667,1.21107638888889,-60.7152442510839
363458.333333333,1.21152777777778,-60.5345924140762
363593.75,1.21197916666667,-60.3602660542075
363729.166666667,1.21243055555556,-60.1920093088189
363864.583333333,1.21288194444444,-60.0295848168691
364000,1.21333333333333,-59.8727720369105
364135.416666667,1.21378472222222,-59.7213657541699
364270.833333333,1.21423611111111,-59.5751747518969
364406.25,1.2146875,-59.434020626043
364541.666666667,1.21513888888889,-59.2977367249749
364677.083333333,1.21559027777778,-59.1661671989222
364812.5,1.21604166666667,-59.0391661458308
364947.916666667,1.21649305555556,-58.9165968422885
365083.333333333,1.21694444444444,-58.7983310495506
365218.75,1.21739583333333,-58.6842483862703
365354.166666667,1.21784722222222,-58.5742357602392
365489.583333333,1.21829861111111,-58.4681868529374
365625,1.21875,-58.366001651117
365760.416666667,1.21920138888889,-58.2675860203351
365895.833333333,1.21965277777778,-58.1728513163592
366031.25,1.22010416666667,-58.0817140303518
366166.666666667,1.22055555555556,-57.9940954646249
366302.083333333,1.22100694444444,-57.9099214358448
366437.5,1.22145833333333,-57.8291220031757
366572.916666667,1.22190972222222,-57.751631218922
366708.333333333,1.22236111111111,-57.6773868995979
366843.75,1.2228125,-57.6063304156184
366979.166666667,1.22326388888889,-57.5384064978285
367114.583333333,1.22371527777778,-57.4735630596411
367250,1.22416666666667,-57.4117510330269
367385.416666667,1.22461805555556,-57.3529242177711
367520.833333333,1.22506944444444,-57.2970391422645
367656.25,1.22552083333333,-57.2440549354564
367791.666666667,1.22597222222222,-57.1939332087465
367927.083333333,1.22642361111111,-57.1466379471175
368062.5,1.226875,-57.1021354089645
368197.916666667,1.22732638888889,-57.0603940338027
368333.333333333,1.22777777777778,-57.0213843573898
368468.75,1.22822916666667,-56.9850789337107
368604.166666667,1.22868055555556,-56.951452263417
368739.583333333,1.22913194444444,-56.920480728248
368875,1.22958333333333,-56.8921425311629
369010.416666667,1.23003472222222,-56.86641764166
369145.833333333,1.23048611111111,-56.8432877462006
369281.25,1.2309375,-56.8227362033781
369416.666666667,1.23138888888889,-56.804748003482
369552.083333333,1.23184027777778,-56.789309732476
369687.5,1.23229166666667,-56.7764095400239
369822.916666667,1.23274305555556,-56.7660371114522
369958.333333333,1.23319444444444,-56.758183643495
370093.75,1.23364583333333,-56.7528418237479
370229.166666667,1.23409722222222,-56.7500058136752
370364.583333333,1.23454861111111,-56.7496712350749
370500,1.235,-56.7518351600502
370635.416666667,1.23545138888889,-56.7564961042019
370770.833333333,1.23590277777778,-56.7636540233482
370906.25,1.23635416666667,-56.7733103133463
371041.666666667,1.23680555555556,-56.7854678134782
371177.083333333,1.23725694444444,-56.8001308129235
371312.5,1.23770833333333,-56.8173050607924
371447.916666667,1.23815972222222,-56.8369977795071
371583.333333333,1.23861111111111,-56.8592176815919
371718.75,1.2390625,-56.8839749901764
371854.166666667,1.23951388888889,-56.9112814630585
371989.583333333,1.23996527777778,-56.9411504206071
372125,1.24041666666667,-56.9735967775606
372260.416666667,1.24086805555556,-57.0086370789599
372395.833333333,1.24131944444444,-57.0462895403305
372531.25,1.24177083333333,-57.0865740924189
372666.666666667,1.24222222222222,-57.1295124305615
372802.083333333,1.24267361111111,-57.1751280691264
372937.5,1.243125,-57.2234464012666
373072.916666667,1.24357638888889,-57.2744947641962
373208.333333333,1.24402777777778,-57.3283025105797
373343.75,1.24447916666667,-57.3849010862907
373479.166666667,1.24493055555556,-57.4443241150207
373614.583333333,1.24538194444444,-57.5066074902559
373750,1.24583333333333,-57.5717894752227
373885.416666667,1.24628472222222,-57.6399108113747
374020.833333333,1.24673611111111,-57.7110148361067
374156.25,1.2471875,-57.785147610573
374291.666666667,1.24763888888889,-57.8623580582404
374427.083333333,1.24809027777778,-57.9426981154652
374562.5,1.24854166666667,-58.0262228947289
374697.916666667,1.24899305555556,-58.112990862216
374833.333333333,1.24944444444444,-58.2030640305042
374968.75,1.24989583333333,-58.2965081683473
375104.166666667,1.25034722222222,-58.3933930288818
375239.583333333,1.25079861111111,-58.493792598136
375375,1.25125,-58.5977853661358
375510.416666667,1.25170138888889,-58.7054546226867
375645.833333333,1.25215277777778,-58.8168887806187
375781.25,1.25260416666667,-58.9321817293754
375916.666666667,1.25305555555556,-59.0514332224246
376052.083333333,1.25350694444444,-59.1747493021831
376187.5,1.25395833333333,-59.3022427669324
376322.916666667,1.25440972222222,-59.4340336844357
376458.333333333,1.25486111111111,-59.570249958147
376593.75,1.2553125,-59.7110279523421
376729.166666667,1.25576388888889,-59.8565131834304
376864.583333333,1.25621527777778,-60.0068610862557
377000,1.25666666666667,-60.1622378649721
377135.416666667,1.25711805555556,-60.3228214399145
377270.833333333,1.25756944444444,-60.4888025036459
377406.25,1.25802083333333,-60.6603857015932
377541.666666667,1.25847222222222,-60.8377909551287
377677.083333333,1.25892361111111,-61.0212549481522
377812.5,1.259375,-61.2110328020462
377947.916666667,1.25982638888889,-61.4073999679183
378083.333333333,1.26027777777778,-61.610654371373
378218.75,1.26072916666667,-61.8211188504404
378354.166666667,1.26118055555556,-62.0391439369267
378489.583333333,1.26163194444444,-62.2651110397921
378625,1.26208333333333,-62.4994361032213
378760.416666667,1.26253472222222,-62.7425738261948
378895.833333333,1.26298611111111,-62.995022550214
379031.25,1.2634375,-63.2573299466656
379166.666666667,1.26388888888889,-63.5300996654019
379302.083333333,1.26434027777778,-63.8139991466
379437.5,1.26479166666667,-64.1097688486798
379572.916666667,1.26524305555556,-64.4182332120517
379708.333333333,1.26569444444444,-64.7403137654853
379843.75,1.26614583333333,-65.0770448982689
379979.166666667,1.26659722222222,-65.4295929758827
380114.583333333,1.26704861111111,-65.7992796879632
380250,1.2675,-66.18761080492
380385.416666667,1.26795138888889,-66.5963119196008
380520.833333333,1.26840277777778,-67.0273733150119
380656.25,1.26885416666667,-67.4831069048067
380791.666666667,1.26930555555556,-67.966219367426
380927.083333333,1.26975694444444,-68.4799073353557
381062.5,1.27020833333333,-69.0279831360646
381197.916666667,1.27065972222222,-69.6150436631149
381333.333333333,1.27111111111111,-70.2467014462134
381468.75,1.2715625,-70.9299076131964
381604.166666667,1.27201388888889,-71.6734144133014
381739.583333333,1.27246527777778,-72.4884565785338
381875,1.27291666666667,-73.3897888788065
382010.416666667,1.27336805555556,-74.3973296912934
382145.833333333,1.27381944444444,-75.5388922003405
382281.25,1.27427083333333,-76.8550005515806
382416.666666667,1.27472222222222,-78.4080509774171
382552.083333333,1.27517361111111,-80.3015797021989
382687.5,1.275625,-82.7269149562283
382822.916666667,1.27607638888889,-86.103263282997
382958.333333333,1.27652777777778,-91.698427914993
383093.75,1.27697916666667,-112.033816994743
383229.166666667,1.27743055555556,-93.564133968644
383364.583333333,1.27788194444444,-87.0461581105818
383500,1.27833333333333,-83.3692841957364
383635.416666667,1.27878472222222,-80.7980734581758
383770.833333333,1.27923611111111,-78.8204389343765
383906.25,1.2796875,-77.2141487997773
384041.666666667,1.28013888888889,-75.8624328113145
384177.083333333,1.28059027777778,-74.6962804514852
384312.5,1.28104166666667,-73.6714938547137
384447.916666667,1.28149305555556,-72.7580559288563
384583.333333333,1.28194444444444,-71.9346459358054
384718.75,1.28239583333333,-71.1855742441924
384854.166666667,1.28284722222222,-70.4989589221065
384989.583333333,1.28329861111111,-69.8655854304114
385125,1.28375,-69.2781636169894
385260.416666667,1.28420138888889,-68.730826668702
385395.833333333,1.28465277777778,-68.2187832229279
385531.25,1.28510416666667,-67.7380696810918
385666.666666667,1.28555555555556,-67.2853699682494
385802.083333333,1.28600694444444,-66.857881834658
385937.5,1.28645833333333,-66.4532159820821
386072.916666667,1.28690972222222,-66.069318795827
386208.333333333,1.28736111111111,-65.7044123491263
386343.75,1.2878125,-65.3569472437563
386479.166666667,1.28826388888889,-65.025565126772
386614.583333333,1.28871527777778,-64.7090685943271
386750,1.28916666666667,-64.406396801872
386885.416666667,1.28961805555556,-64.1166055296132
387020.833333333,1.29006944444444,-63.8388507612269
387156.25,1.29052083333333,-63.5723750578823
387291.666666667,1.29097222222222,-63.316496175734
387427.083333333,1.29142361111111,-63.0705974975709
387562.5,1.291875,-62.8341199423613
387697.916666667,1.29232638888889,-62.6065550873927
387833.333333333,1.29277777777778,-62.3874392908974
387968.75,1.29322916666667,-62.1763486458017
388104.166666667,1.29368055555556,-61.9728946274496
388239.583333333,1.29413194444444,-61.7767203239046
388375,1.29458333333333,-61.5874971577335
388510.416666667,1.29503472222222,-61.4049220244694
388645.833333333,1.29548611111111,-61.2287147858315
388781.25,1.2959375,-61.0586160661955
388916.666666667,1.29638888888889,-60.8943853096463
389052.083333333,1.29684027777778,-60.7357990612014
389187.5,1.29729166666667,-60.5826494423789
389322.916666667,1.29774305555556,-60.4347427949367
389458.333333333,1.29819444444444,-60.2918984715945
389593.75,1.29864583333333,-60.1539477546248
389729.166666667,1.29909722222222,-60.020732886813
389864.583333333,1.29954861111111,-59.8921062011586
390000,1.3,-59.7679293372848
390135.416666667,1.30045138888889,-59.6480725348064
390270.833333333,1.30090277777778,-59.5324139946688
390406.25,1.30135416666667,-59.4208393009255
390541.666666667,1.30180555555556,-59.313240896234
390677.083333333,1.30225694444444,-59.2095176053861
390812.5,1.30270833333333,-59.1095742016377
390947.916666667,1.30315972222222,-59.0133210116245
391083.333333333,1.30361111111111,-58.9206735547129
391218.75,1.3040625,-58.831552213369
391354.166666667,1.30451388888889,-58.7458819317129
391489.583333333,1.30496527777778,-58.6635919392024
391625,1.30541666666667,-58.5846154973369
391760.416666667,1.30586805555556,-58.5088896671168
391895.833333333,1.30631944444444,-58.4363550954104
392031.25,1.30677083333333,-58.3669558184874
392166.666666667,1.30722222222222,-58.3006390812504
392302.083333333,1.30767361111111,-58.237355170824
392437.5,1.308125,-58.1770572631843
392572.916666667,1.30857638888889,-58.1197012819782
392708.333333333,1.30902777777778,-58.065245768211
392843.75,1.30947916666667,-58.0136517603275
392979.166666667,1.30993055555556,-57.9648826834633
393114.583333333,1.31038194444444,-57.9189042476338
393250,1.31083333333333,-57.8756843537689
393385.416666667,1.31128472222222,-57.8351930072843
393520.833333333,1.31173611111111,-57.7974022387297
393656.25,1.3121875,-57.7622860307003
393791.666666667,1.31263888888889,-57.7298202509951
393927.083333333,1.31309027777778,-57.6999825913709
394062.5,1.31354166666667,-57.672752511696
394197.916666667,1.31399305555556,-57.6481111890991
394333.333333333,1.31444444444444,-57.6260414719129
394468.75,1.31489583333333,-57.6065278380817
394604.166666667,1.31534722222222,-57.5895563579529
394739.583333333,1.31579861111111,-57.5751146611467
394875,1.31625,-57.5631919072806
395010.416666667,1.31670138888889,-57.5537787606374
395145.833333333,1.31715277777778,-57.5468673683698
395281.25,1.31760416666667,-57.5424513422879
395416.666666667,1.31805555555556,-57.5405257441318
395552.083333333,1.31850694444444,-57.5410870742394
395687.5,1.31895833333333,-57.5441332635084
395822.916666667,1.31940972222222,-57.5496636686875
395958.333333333,1.31986111111111,-57.5576790709368
396093.75,1.3203125,-57.5681816776075
396229.166666667,1.32076388888889,-57.5811751274068
396364.583333333,1.32121527777778,-57.596664498675
396500,1.32166666666667,-57.6146563212692
396635.416666667,1.32211805555556,-57.6351585915202
396770.833333333,1.32256944444444,-57.6581807909714
396906.25,1.32302083333333,-57.683733908465
397041.666666667,1.32347222222222,-57.7118304659766
397177.083333333,1.32392361111111,-57.7424845483381
397312.5,1.324375,-57.7757118367479
397447.916666667,1.32482638888889,-57.8115296465376
397583.333333333,1.32527777777778,-57.8499569692169
397718.75,1.32572916666667,-57.8910145190883
397854.166666667,1.32618055555556,-57.9347247846249
397989.583333333,1.32663194444444,-57.9811120849518
398125,1.32708333333333,-58.0302026316512
398260.416666667,1.32753472222222,-58.0820245963755
398395.833333333,1.32798611111111,-58.1366081845504
398531.25,1.3284375,-58.1939857155305
398666.666666667,1.32888888888889,-58.2541917099186
398802.083333333,1.32934027777778,-58.317262984297
398937.5,1.32979166666667,-58.3832387541142
399072.916666667,1.33024305555556,-58.452160745351
399208.333333333,1.33069444444444,-58.5240733156854
399343.75,1.33114583333333,-58.5990235859007
399479.166666667,1.33159722222222,-58.6770615824837
399614.583333333,1.33204861111111,-58.7582403923955
399750,1.3325,-58.8426163310303
399885.416666667,1.33295138888889,-58.9302491247871
400020.833333333,1.33340277777778,-59.0212021092867
400156.25,1.33385416666667,-59.1155424452573
400291.666666667,1.33430555555556,-59.2133413531512
400427.083333333,1.33475694444444,-59.3146743691442
400562.5,1.33520833333333,-59.419621624045
400697.916666667,1.33565972222222,-59.5282681478901
400833.333333333,1.33611111111111,-59.6407042030232
400968.75,1.3365625,-59.7570256483653
401104.166666667,1.33701388888889,-59.8773343388285
401239.583333333,1.33746527777778,-60.0017385635724
401375,1.33791666666667,-60.1303535277545
401510.416666667,1.33836805555556,-60.263301882834
401645.833333333,1.33881944444444,-60.4007143113971
401781.25,1.33927083333333,-60.5427301731434
401916.666666667,1.33972222222222,-60.6894982199412
402052.083333333,1.34017361111111,-60.8411773887405
402187.5,1.340625,-60.9979376825429
402322.916666667,1.34107638888889,-61.1599611516895
402458.333333333,1.34152777777778,-61.327442988943
402593.75,1.34197916666667,-61.500592754701
402729.166666667,1.34243055555556,-61.6796357512525
402864.583333333,1.34288194444444,-61.8648145682319
403000,1.34333333333333,-62.0563908252999
403135.416666667,1.34378472222222,-62.2546471431219
403270.833333333,1.34423611111111,-62.4598893792766
403406.25,1.3446875,-62.6724491728575
403541.666666667,1.34513888888889,-62.892686850532
403677.083333333,1.34559027777778,-63.1209947567921
403812.5,1.34604166666667,-63.3578010857418
403947.916666667,1.34649305555556,-63.6035743065277
404083.333333333,1.34694444444444,-63.858828297601
404218.75,1.34739583333333,-64.1241283292335
404354.166666667,1.34784722222222,-64.4000980688225
404489.583333333,1.34829861111111,-64.6874278261518
404625,1.34875,-64.9868843109064
404760.416666667,1.34920138888889,-65.2993222486985
404895.833333333,1.34965277777778,-65.625698296598
405031.25,1.35010416666667,-65.9670878271385
405166.666666667,1.35055555555556,-66.3247053206439
405302.083333333,1.35100694444444,-66.6999293388501
405437.5,1.35145833333333,-67.0943333727294
405572.916666667,1.35190972222222,-67.5097243051543
405708.333333333,1.35236111111111,-67.9481908612169
405843.75,1.3528125,-68.4121653292984
405979.166666667,1.35326388888889,-68.9045031696755
406114.583333333,1.35371527777778,-69.4285871149522
406250,1.35416666666667,-69.9884654011184
406385.416666667,1.35461805555556,-70.5890385053112
406520.833333333,1.35506944444444,-71.2363163677976
406656.25,1.35552083333333,-71.9377806487959
406791.666666667,1.35597222222222,-72.7029081021807
406927.083333333,1.35642361111111,-73.5439495253309
407062.5,1.356875,-74.4771304190913
407197.916666667,1.35732638888889,-75.5245809643786
407333.333333333,1.35777777777778,-76.7176013826691
407468.75,1.35822916666667,-78.1025522330276
407604.166666667,1.35868055555556,-79.7523958259107
407739.583333333,1.35913194444444,-81.7919758567279
407875,1.35958333333333,-84.4629890145686
408010.416666667,1.36003472222222,-88.3394289316089
408145.833333333,1.36048611111111,-95.515776158613
408281.25,1.3609375,-106.455987860723
408416.666666667,1.36138888888889,-91.6179886374958
408552.083333333,1.36184027777778,-86.4269995487016
408687.5,1.36229166666667,-83.2044013747904
408822.916666667,1.36274305555556,-80.8629073679336
408958.333333333,1.36319444444444,-79.0239341545148
409093.75,1.36364583333333,-77.510407855427
409229.166666667,1.36409722222222,-76.2250862070846
409364.583333333,1.36454861111111,-75.1087827254089
409500,1.365,-74.1227818155283
409635.416666667,1.36545138888889,-73.2403670135618
409770.833333333,1.36590277777778,-72.4423236665693
409906.25,1.36635416666667,-71.7143692839067
410041.666666667,1.36680555555556,-71.0455978819619
410177.083333333,1.36725694444444,-70.4274930981234
410312.5,1.36770833333333,-69.8532774501196
410447.916666667,1.36815972222222,-69.31746906578
410583.333333333,1.36861111111111,-68.8155712440404
410718.75,1.3690625,-68.3438497709167
410854.166666667,1.36951388888889,-67.8991698086393
410989.583333333,1.36996527777778,-67.478874201127
411125,1.37041666666667,-67.0806911835682
411260.416666667,1.37086805555556,-66.7026633628784
411395.833333333,1.37131944444444,-66.343092343413
411531.25,1.37177083333333,-66.0004950372026
411666.666666667,1.37222222222222,-65.6735688188351
411802.083333333,1.37267361111111,-65.3611634599023
411937.5,1.373125,-65.0622583197368
412072.916666667,1.37357638888889,-64.775943653227
412208.333333333,1.37402777777778,-64.5014051752955
412343.75,1.37447916666667,-64.2379112241101
412479.166666667,1.37493055555556,-63.9848020150353
412614.583333333,1.37538194444444,-63.7414805896295
412750,1.37583333333333,-63.5074051490081
412885.416666667,1.37628472222222,-63.2820825245717
413020.833333333,1.37673611111111,-63.0650625899036
413156.25,1.3771875,-62.8559334557291
413291.666666667,1.37763888888889,-62.6543173194449
413427.083333333,1.37809027777778,-62.4598668657098
413562.5,1.37854166666667,-62.2722621322807
413697.916666667,1.37899305555556,-62.0912077708927
413833.333333333,1.37944444444444,-61.9164306450287
413968.75,1.37989583333333,-61.7476777160997
414104.166666667,1.38034722222222,-61.5847141775402
414239.583333333,1.38079861111111,-61.4273218028107
414375,1.38125,-61.2752974786248
414510.416666667,1.38170138888889,-61.128451899012
414645.833333333,1.38215277777778,-60.9866083998232
414781.25,1.38260416666667,-60.8496019156772
414916.666666667,1.38305555555556,-60.7172780447372
415052.083333333,1.38350694444444,-60.5894922077887
415187.5,1.38395833333333,-60.4661088910342
415322.916666667,1.38440972222222,-60.3470009625283
415458.333333333,1.38486111111111,-60.2320490539706
415593.75,1.3853125,-60.1211410008153
415729.166666667,1.38576388888889,-60.0141713339618
415864.583333333,1.38621527777778,-59.9110408178646
416000,1.38666666666667,-59.8116560298049
416135.416666667,1.38711805555556,-59.7159289764534
416270.833333333,1.38756944444444,-59.6237767436585
416406.25,1.38802083333333,-59.5351211763524
416541.666666667,1.38847222222222,-59.449888585435
416677.083333333,1.38892361111111,-59.3680094792077
416812.5,1.389375,-59.2894183170464
416947.916666667,1.38982638888889,-59.2140532830876
417083.333333333,1.39027777777778,-59.1418560783347
417218.75,1.39072916666667,-59.0727717293513
417354.166666667,1.39118055555556,-59.0067484122804
417489.583333333,1.39163194444444,-58.9437372906471
417625,1.39208333333333,-58.883692366026
417760.416666667,1.39253472222222,-58.8265703403359
417895.833333333,1.39298611111111,-58.772330488924
418031.25,1.3934375,-58.7209345435792
418166.666666667,1.39388888888889,-58.6723465846337
418302.083333333,1.39434027777778,-58.6265329415984
418437.5,1.39479166666667,-58.5834621015533
418572.916666667,1.39524305555556,-58.543104624999
418708.333333333,1.39569444444444,-58.5054330682479
418843.75,1.39614583333333,-58.4704219123744
418979.166666667,1.39659722222222,-58.4380474979806
419114.583333333,1.39704861111111,-58.4082879654771
419250,1.3975,-58.3811232007246
419385.416666667,1.39795138888889,-58.3565347855036
419520.833333333,1.39840277777778,-58.3345059526715
419656.25,1.39885416666667,-58.3150215457763
419791.666666667,1.39930555555556,-58.2980679828606
419927.083333333,1.39975694444444,-58.2836332242632
420062.5,1.40020833333333,-58.2717067444179
420197.916666667,1.40065972222222,-58.2622795072247
420333.333333333,1.40111111111111,-58.2553439450601
420468.75,1.4015625,-58.250893941408
420604.166666667,1.40201388888889,-58.248924816686
420739.583333333,1.40246527777778,-58.2494333175967
420875,1.40291666666667,-58.2524176097043
421010.416666667,1.40336805555556,-58.2578772732446
421145.833333333,1.40381944444444,-58.2658133021874
421281.25,1.40427083333333,-58.2762281065186
421416.666666667,1.40472222222222,-58.2891255177763
421552.083333333,1.40517361111111,-58.3045107978583
421687.5,1.405625,-58.3223906511217
421822.916666667,1.40607638888889,-58.3427732398215
421958.333333333,1.40652777777778,-58.3656682030927
422093.75,1.40697916666667,-58.3910866793266
422229.166666667,1.40743055555556,-58.4190413323848
422364.583333333,1.40788194444444,-58.4495463813694
422500,1.40833333333333,-58.4826176345246
422635.416666667,1.40878472222222,-58.5182725271651
422770.833333333,1.40923611111111,-58.5565301638299
422906.25,1.4096875,-58.5974113651264
423041.666666667,1.41013888888889,-58.6409387192159
423177.083333333,1.41059027777778,-58.6871366384187
423312.5,1.41104166666667,-58.7360314211088
423447.916666667,1.41149305555556,-58.7876513194184
423583.333333333,1.41194444444444,-58.8420266129327
423718.75,1.41239583333333,-58.8991896890072
423854.166666667,1.41284722222222,-58.9591751299627
423989.583333333,1.41329861111111,-59.0220198078473
424125,1.41375,-59.0877629873538
424260.416666667,1.41420138888889,-59.1564464373602
424395.833333333,1.41465277777778,-59.2281145519966
424531.25,1.41510416666667,-59.3028144820119
424666.666666667,1.41555555555556,-59.3805962771994
424802.083333333,1.41600694444444,-59.4615130409617
424937.5,1.41645833333333,-59.5456210981457
425072.916666667,1.41690972222222,-59.6329801772738
425208.333333333,1.41736111111111,-59.7236536086059
425343.75,1.4178125,-59.8177085395661
425479.166666667,1.41826388888889,-59.9152161691425
425614.583333333,1.41871527777778,-60.0162520033303
425750,1.41916666666667,-60.1208961335992
425885.416666667,1.41961805555556,-60.229233541091
426020.833333333,1.42006944444444,-60.3413544288087
426156.25,1.42052083333333,-60.4573545854365
426291.666666667,1.42097222222222,-60.5773357838981
426427.083333333,1.42142361111111,-60.7014062186602
426562.5,1.421875,-60.8296809865567
426697.916666667,1.42232638888889,-60.9622826159356
426833.333333333,1.42277777777778,-61.0993416501854
426968.75,1.42322916666667,-61.2409972923349
427104.166666667,1.42368055555556,-61.3873981184111
427239.583333333,1.42413194444444,-61.5387028683957
427375,1.42458333333333,-61.6950813252896
427510.416666667,1.42503472222222,-61.8567152937693
427645.833333333,1.42548611111111,-62.0237996924861
427781.25,1.4259375,-62.1965437762834
427916.666666667,1.42638888888889,-62.3751725065795
428052.083333333,1.42684027777778,-62.559928092665
428187.5,1.42729166666667,-62.75107172955
428322.916666667,1.42774305555556,-62.948885563219
428458.333333333,1.42819444444444,-63.1536749199309
428593.75,1.42864583333333,-63.3657708431494
428729.166666667,1.42909722222222,-63.5855329904329
428864.583333333,1.42954861111111,-63.8133529532518
429000,1.43,-64.0496580758399
429135.416666667,1.43045138888889,-64.2949158658794
429270.833333333,1.43090277777778,-64.5496391106507
429406.25,1.43135416666667,-64.8143918379796
429541.666666667,1.43180555555556,-65.0897962957089
429677.083333333,1.43225694444444,-65.3765411648133
429812.5,1.43270833333333,-65.6753912784879
429947.916666667,1.43315972222222,-65.9871991902161
430083.333333333,1.43361111111111,-66.3129190297511
430218.75,1.4340625,-66.6536232127951
430354.166666667,1.43451388888889,-67.0105227392985
430489.583333333,1.43496527777778,-67.3849920470871
430625,1.43541666666667,-67.7785997052097
430760.416666667,1.43586805555556,-68.1931466751824
430895.833333333,1.43631944444444,-68.6307144954184
431031.25,1.43677083333333,-69.0937266473427
431166.666666667,1.43722222222222,-69.5850276812578
431302.083333333,1.43767361111111,-70.1079866512608
431437.5,1.438125,-70.6666344108835
431572.916666667,1.43857638888889,-71.2658490079368
431708.333333333,1.43902777777778,-71.9116109338419
431843.75,1.43947916666667,-72.6113624042048
431979.166666667,1.43993055555556,-73.3745261010577
432114.583333333,1.44038194444444,-74.2132766527177
432250,1.44083333333333,-75.1437287257232
432385.416666667,1.44128472222222,-76.1878447528923
432520.833333333,1.44173611111111,-77.3766583879732
432656.25,1.4421875,-78.7560794733001
432791.666666667,1.44263888888889,-80.3982432520199
432927.083333333,1.44309027777778,-82.4262935582846
433062.5,1.44354166666667,-85.0777905399005
433197.916666667,1.44399305555556,-88.9133499232642
433333.333333333,1.44444444444444,-95.9463722972919
433468.75,1.44489583333333,-108.108722338001
433604.166666667,1.44534722222222,-92.470941200798
433739.583333333,1.44579861111111,-87.2038491604787
433875,1.44625,-83.9523193491972
434010.416666667,1.44670138888889,-81.5954448593875
434145.833333333,1.44715277777778,-79.7468372069477
434281.25,1.44760416666667,-78.2266453185702
434416.666666667,1.44805555555556,-76.9363906033433
434552.083333333,1.44850694444444,-75.8162526426023
434687.5,1.44895833333333,-74.8271572465735
434822.916666667,1.44940972222222,-73.9421698509972
434958.333333333,1.44986111111111,-73.1419355287725
435093.75,1.4503125,-72.4120774694691
435229.166666667,1.45076388888889,-71.7416239295519
435364.583333333,1.45121527777778,-71.1220112965778
435500,1.45166666666667,-70.546427263038
435635.416666667,1.45211805555556,-70.0093637235058
435770.833333333,1.45256944444444,-69.5063038392318
435906.25,1.45302083333333,-69.0334976800669
436041.666666667,1.45347222222222,-68.5877979626589
436177.083333333,1.45392361111111,-68.1665375464107
436312.5,1.454375,-67.7674365629849
436447.916666667,1.45482638888889,-67.3885309728216
436583.333333333,1.45527777777778,-67.0281168770375
436718.75,1.45572916666667,-66.6847065913114
436854.166666667,1.45618055555556,-66.356993620569
436989.583333333,1.45663194444444,-66.043824455038
437125,1.45708333333333,-65.7441756523737
437260.416666667,1.45753472222222,-65.4571350604052
437395.833333333,1.45798611111111,-65.1818863140405
437531.25,1.4584375,-64.9176959440617
437666.666666667,1.45888888888889,-64.6639025872751
437802.083333333,1.45934027777778,-64.4199078999402
437937.5,1.45979166666667,-64.1851688617627
438072.916666667,1.46024305555556,-63.9591912225954
438208.333333333,1.46069444444444,-63.7415238944232
438343.75,1.46114583333333,-63.5317541293517
438479.166666667,1.46159722222222,-63.3295033554373
438614.583333333,1.46204861111111,-63.1344235653484
438750,1.4625,-62.9461941721208
438885.416666667,1.46295138888889,-62.764519261605
439020.833333333,1.46340277777778,-62.5891251829627
439156.25,1.46385416666667,-62.4197584285469
439291.666666667,1.46430555555556,-62.2561837626099
439427.083333333,1.46475694444444,-62.0981825646791
439562.5,1.46520833333333,-61.9455513586789
439697.916666667,1.46565972222222,-61.7981005035561
439833.333333333,1.46611111111111,-61.6556530245852
439968.75,1.4665625,-61.5180435676998
440104.166666667,1.46701388888889,-61.3851174617874
440239.583333333,1.46746527777778,-61.2567298757836
440375,1.46791666666667,-61.1327450595341
440510.416666667,1.46836805555556,-61.0130356584858
440645.833333333,1.46881944444444,-60.8974820942198
440781.25,1.46927083333333,-60.7859720030236
440916.666666667,1.46972222222222,-60.6783997264954
441052.083333333,1.47017361111111,-60.5746658485786
441187.5,1.470625,-60.4746767738781
441322.916666667,1.47107638888889,-60.3783443433285
441458.333333333,1.47152777777778,-60.2855854832147
441593.75,1.47197916666667,-60.1963218842897
441729.166666667,1.47243055555556,-60.1104797080799
441864.583333333,1.47288194444444,-60.0279893177317
442000,1.47333333333333,-59.9487850309679
442135.416666667,1.47378472222222,-59.8728048934133
442270.833333333,1.47423611111111,-59.7999904701902
442406.25,1.4746875,-59.7302866540887
442541.666666667,1.47513888888889,-59.66364148923
442677.083333333,1.47559027777778,-59.6000060084783
442812.5,1.47604166666667,-59.5393340836833
442947.916666667,1.47649305555556,-59.4815822876318
443083.333333333,1.47694444444444,-59.4267097668322
443218.75,1.47739583333333,-59.374678124142
443354.166666667,1.47784722222222,-59.3254513106046
443489.583333333,1.47829861111111,-59.2789955257077
443625,1.47875,-59.2352791255711
443760.416666667,1.47920138888889,-59.194272538394
443895.833333333,1.47965277777778,-59.1559481866398
444031.25,1.48010416666667,-59.1202804156674
444166.666666667,1.48055555555556,-59.0872454281326
444302.083333333,1.48100694444444,-59.0568212241501
444437.5,1.48145833333333,-59.0289875464879
444572.916666667,1.48190972222222,-59.0037258307791
444708.333333333,1.48236111111111,-58.981019160441
444843.75,1.4828125,-58.9608522259136
444979.166666667,1.48326388888889,-58.9432112881561
445114.583333333,1.48371527777778,-58.9280841461755
445250,1.48416666666667,-58.9154601084262
445385.416666667,1.48461805555556,-58.905329967861
445520.833333333,1.48506944444444,-58.897685980649
445656.25,1.48552083333333,-58.8925218482622
445791.666666667,1.48597222222222,-58.8898327030861
445927.083333333,1.48642361111111,-58.8896150973145
446062.5,1.486875,-58.8918669950035
446197.916666667,1.48732638888889,-58.8965877675241
446333.333333333,1.48777777777778,-58.903778192132
446468.75,1.48822916666667,-58.9134404537243
446604.166666667,1.48868055555556,-58.9255781498445
446739.583333333,1.48913194444444,-58.9401962989187
446875,1.48958333333333,-58.9573013517649
447010.416666667,1.49003472222222,-58.9769012064185
447145.833333333,1.49048611111111,-58.9990052263572
447281.25,1.4909375,-59.0236242622419
447416.666666667,1.49138888888889,-59.0507706772496
447552.083333333,1.49184027777778,-59.0804583761431
447687.5,1.49229166666667,-59.1127028381968
447822.916666667,1.49274305555556,-59.1475211541142
447958.333333333,1.49319444444444,-59.1849320673619
448093.75,1.49364583333333,-59.2249560197136
448229.166666667,1.49409722222222,-59.267615201621
448364.583333333,1.49454861111111,-59.3129336075847
448500,1.495,-59.3609370966562
448635.416666667,1.49545138888889,-59.4116534586279
448770.833333333,1.49590277777778,-59.465112486173
448906.25,1.49635416666667,-59.5213460533566
449041.666666667,1.49680555555556,-59.58038820104
449177.083333333,1.49725694444444,-59.6422752295916
449312.5,1.49770833333333,-59.7070457994959
449447.916666667,1.49815972222222,-59.774741040578
449583.333333333,1.49861111111111,-59.8454046704931
449718.75,1.4990625,-59.919083123059
449854.166666667,1.49951388888889,-59.9958256877288
449989.583333333,1.49996527777778,-60.075684660663
450125,1.50041666666667,-60.1587155088678
450260.416666667,1.50086805555556,-60.2449770482507
450395.833333333,1.50131944444444,-60.3345316372836
450531.25,1.50177083333333,-60.4274453873953
450666.666666667,1.50222222222222,-60.5237883919682
450802.083333333,1.50267361111111,-60.6236349757479
450937.5,1.503125,-60.7270639666592
451072.916666667,1.50357638888889,-60.8341589926212
451208.333333333,1.50402777777778,-60.9450088056274
451343.75,1.50447916666667,-61.0597076364661
451479.166666667,1.50493055555556,-61.178355583073
451614.583333333,1.50538194444444,-61.3010590368161
451750,1.50583333333333,-61.4279311504834
451885.416666667,1.50628472222222,-61.5590923534313
452020.833333333,1.50673611111111,-61.6946709193108
452156.25,1.5071875,-61.8348035928061
452291.666666667,1.50763888888889,-61.9796362828819
452427.083333333,1.50809027777778,-62.1293248311362
452562.5,1.50854166666667,-62.2840358649854
452697.916666667,1.50899305555556,-62.4439477471461
452833.333333333,1.50944444444444,-62.6092516346813
452968.75,1.50989583333333,-62.7801526628403
453104.166666667,1.51034722222222,-62.9568712720268
453239.583333333,1.51079861111111,-63.1396446987723
453375,1.51125,-63.3287286554346
453510.416666667,1.51170138888889,-63.5243992284285
453645.833333333,1.51215277777778,-63.7269550294394
453781.25,1.51260416666667,-63.936719641195
453916.666666667,1.51305555555556,-64.1540444076253
454052.083333333,1.51350694444444,-64.3793116279973
454187.5,1.51395833333333,-64.6129382273359
454322.916666667,1.51440972222222,-64.8553799907155
454458.333333333,1.51486111111111,-65.1071364686649
454593.75,1.5153125,-65.3687566854873
454729.166666667,1.51576388888889,-65.6408458132662
454864.583333333,1.51621527777778,-65.9240730145153
455000,1.51666666666667,-66.2191807077027
455135.416666667,1.51711805555556,-66.5269955770199
455270.833333333,1.51756944444444,-66.8484417363008
455406.25,1.51802083333333,-67.1845565722553
455541.666666667,1.51847222222222,-67.5365099503279
455677.083333333,1.51892361111111,-67.9056276771709
455812.5,1.519375,-68.2934204039389
455947.916666667,1.51982638888889,-68.7016195589562
456083.333333333,1.52027777777778,-69.1322224660628
456218.75,1.52072916666667,-69.5875496188483
456354.166666667,1.52118055555556,-70.0703182659235
456489.583333333,1.52163194444444,-70.5837382192544
456625,1.52208333333333,-71.1316384600709
456760.416666667,1.52253472222222,-71.7186372434816
456895.833333333,1.52298611111111,-72.350374967377
457031.25,1.5234375,-73.0338398244724
457166.666666667,1.52388888888889,-73.7778344724509
457302.083333333,1.52434027777778,-74.5936640047334
457437.5,1.52479166666667,-75.496184477617
457572.916666667,1.52524305555556,-76.5054655822874
457708.333333333,1.52569444444444,-77.6495571053072
457843.75,1.52614583333333,-78.9693750553729
457979.166666667,1.52659722222222,-80.5280151714603
458114.583333333,1.52704861111111,-82.4303965111921
458250,1.5275,-84.8710175705406
458385.416666667,1.52795138888889,-88.2783096322352
458520.833333333,1.52840277777778,-93.9630155445833
458656.25,1.52885416666667,-116.31785809779
458791.666666667,1.52930555555556,-95.4069380644853
458927.083333333,1.52975694444444,-89.0082975026634
459062.5,1.53020833333333,-85.3678088368992
459197.916666667,1.53065972222222,-82.8137482170941
459333.333333333,1.53111111111111,-80.8457880851646
459468.75,1.5315625,-79.2454908262538
459604.166666667,1.53201388888889,-77.8976825926416
459739.583333333,1.53246527777778,-76.7341415185134
459875,1.53291666666667,-75.7111041579496
460010.416666667,1.53336805555556,-74.7988124127403
460145.833333333,1.53381944444444,-73.9761095423748
460281.25,1.53427083333333,-73.227414812551
460416.666666667,1.53472222222222,-72.5409214347268
460552.083333333,1.53517361111111,-71.907468395315
460687.5,1.535625,-71.3198047016362
460822.916666667,1.53607638888889,-70.7720928485697
460958.333333333,1.53652777777778,-70.2595638437508
461093.75,1.53697916666667,-69.7782714574905
461229.166666667,1.53743055555556,-69.3249133048853
461364.583333333,1.53788194444444,-68.8966980706501
461500,1.53833333333333,-68.4912452941024
461635.416666667,1.53878472222222,-68.1065085793794
461770.833333333,1.53923611111111,-67.7407159525597
461906.25,1.5396875,-67.3923229667342
462041.666666667,1.54013888888889,-67.0599754193173
462177.083333333,1.54059027777778,-66.7424794099756
462312.5,1.54104166666667,-66.4387770705833
462447.916666667,1.54149305555556,-66.147926724831
462583.333333333,1.54194444444444,-65.8690865411636
462718.75,1.54239583333333,-65.6015009666218
462854.166666667,1.54284722222222,-65.3444893921516
462989.583333333,1.54329861111111,-65.0974366230776
463125,1.54375,-64.859784820696
463260.416666667,1.54420138888889,-64.6310266504185
463395.833333333,1.54465277777778,-64.4106994261727
463531.25,1.54510416666667,-64.1983800821831
463666.666666667,1.54555555555556,-63.9936808357055
463802.083333333,1.54600694444444,-63.7962454300676
463937.5,1.54645833333333,-63.6057458672292
464072.916666667,1.54690972222222,-63.4218795552923
464208.333333333,1.54736111111111,-63.244366809383
464343.75,1.5478125,-63.0729486550015
464479.166666667,1.54826388888889,-62.9073848904422
464614.583333333,1.54871527777778,-62.7474523731853
464750,1.54916666666667,-62.5929434994534
464885.416666667,1.54961805555556,-62.4436648518694
465020.833333333,1.55006944444444,-62.299435993127
465156.25,1.55052083333333,-62.1600883874483
465291.666666667,1.55097222222222,-62.0254644339701
465427.083333333,1.55142361111111,-61.8954165984217
465562.5,1.551875,-61.7698066315416
465697.916666667,1.55232638888889,-61.6485048639231
465833.333333333,1.55277777777778,-61.5313895687903
465968.75,1.55322916666667,-61.4183463849773
466104.166666667,1.55368055555556,-61.3092677936019
466239.583333333,1.55413194444444,-61.2040526423289
466375,1.55458333333333,-61.1026057127518
466510.416666667,1.55503472222222,-61.0048373258658
466645.833333333,1.55548611111111,-60.9106629820134
466781.25,1.5559375,-60.8200030318798
466916.666666667,1.55638888888889,-60.7327823754213
467052.083333333,1.55684027777778,-60.6489301859516
467187.5,1.55729166666667,-60.5683796571619
467322.916666667,1.55774305555556,-60.4910677708232
467458.333333333,1.55819444444444,-60.4169350833236
467593.75,1.55864583333333,-60.3459255294415
467729.166666667,1.55909722222222,-60.2779862416138
467864.583333333,1.55954861111111,-60.2130673835259
468000,1.56,-60.1511219969487
468135.416666667,1.56045138888889,-60.0921058603057
468270.833333333,1.56090277777778,-60.0359773584834
468406.25,1.56135416666667,-59.9826973626985
468541.666666667,1.56180555555556,-59.9322291197251
468677.083333333,1.56225694444444,-59.8845381498167
468812.5,1.56270833333333,-59.8395921525845
468947.916666667,1.56315972222222,-59.7973609203657
469083.333333333,1.56361111111111,-59.7578162585172
469218.75,1.5640625,-59.7209319121311
469354.166666667,1.56451388888889,-59.6866834987661
469489.583333333,1.56496527777778,-59.6550484468699
469625,1.56541666666667,-59.6260059394899
469760.416666667,1.56586805555556,-59.5995368630359
469895.833333333,1.56631944444444,-59.5756237606302
470031.25,1.56677083333333,-59.5542507901001
470166.666666667,1.56722222222222,-59.5354036861534
470302.083333333,1.56767361111111,-59.5190697265467
470437.5,1.568125,-59.5052377022854
470572.916666667,1.56857638888889,-59.4938978914656
470708.333333333,1.56902777777778,-59.4850420367828
470843.75,1.56947916666667,-59.4786633264555
470979.166666667,1.56993055555556,-59.4747563786429
471114.583333333,1.57038194444444,-59.4733172291188
471250,1.57083333333333,-59.47434332229
471385.416666667,1.57128472222222,-59.4778335053671
471520.833333333,1.57173611111111,-59.4837880257071
471656.25,1.5721875,-59.4922085314913
471791.666666667,1.57263888888889,-59.5030980753866
471927.083333333,1.57309027777778,-59.5164611215651
472062.5,1.57354166666667,-59.5323035558503
472197.916666667,1.57399305555556,-59.5506326992692
472333.333333333,1.57444444444444,-59.571457324839
472468.75,1.57489583333333,-59.5947876778596
472604.166666667,1.57534722222222,-59.6206354997084
472739.583333333,1.57579861111111,-59.6490140553011
472875,1.57625,-59.6799381643908
473010.416666667,1.57670138888889,-59.7134242367125
473145.833333333,1.57715277777778,-59.7494903113321
473281.25,1.57760416666667,-59.7881561002991
473416.666666667,1.57805555555556,-59.8294430369846
473552.083333333,1.57850694444444,-59.873374328953
473687.5,1.57895833333333,-59.9199750162719
473822.916666667,1.57940972222222,-59.9692720350682
473958.333333333,1.57986111111111,-60.0212942868285
474093.75,1.5803125,-60.0760727140186
474229.166666667,1.58076388888889,-60.1336403822464
474364.583333333,1.58121527777778,-60.1940325695022
474500,1.58166666666667,-60.257286863088
474635.416666667,1.58211805555556,-60.3234432647293
474770.833333333,1.58256944444444,-60.3925443046271
474906.25,1.58302083333333,-60.4646351652081
475041.666666667,1.58347222222222,-60.5397638151992
475177.083333333,1.58392361111111,-60.617981155093
475312.5,1.584375,-60.699341175152
475447.916666667,1.58482638888889,-60.783901126662
475583.333333333,1.58527777777778,-60.8717217081349
475718.75,1.58572916666667,-60.9628672676097
475854.166666667,1.58618055555556,-61.0574060226808
475989.583333333,1.58663194444444,-61.1554103000215
476125,1.58708333333333,-61.2569567963616
476260.416666667,1.58753472222222,-61.362126863173
476395.833333333,1.58798611111111,-61.4710068175356
476531.25,1.5884375,-61.58368828198
476666.666666667,1.58888888888889,-61.7002685564774
476802.083333333,1.58934027777778,-61.8208510262502
476937.5,1.58979166666667,-61.9455456094619
477072.916666667,1.59024305555556,-62.0744692494588
477208.333333333,1.59069444444444,-62.2077464567076
477343.75,1.59114583333333,-62.345509906809
477479.166666667,1.59159722222222,-62.4879011012939
477614.583333333,1.59204861111111,-62.6350710991357
477750,1.5925,-62.7871813285164
477885.416666667,1.59295138888889,-62.944404489112
478020.833333333,1.59340277777778,-63.1069255574711
478156.25,1.59385416666667,-63.2749429095977
478291.666666667,1.59430555555556,-63.448669577708
478427.083333333,1.59475694444444,-63.6283346605223
478562.5,1.59520833333333,-63.8141849102579
478697.916666667,1.59565972222222,-64.0064865232685
478833.333333333,1.59611111111111,-64.2055271664604
478968.75,1.5965625,-64.4116182779923
479104.166666667,1.59701388888889,-64.6250976872393
479239.583333333,1.59746527777778,-64.8463326093368
479375,1.59791666666667,-65.0757230797801
479510.416666667,1.59836805555556,-65.3137059094648
479645.833333333,1.59881944444444,-65.5607592570663
479781.25,1.59927083333333,-65.8174079385139
479916.666666667,1.59972222222222,-66.0842296205573
480052.083333333,1.60017361111111,-66.3618620810283
480187.5,1.600625,-66.6510117644233
480322.916666667,1.60107638888889,-66.9524639195162
480458.333333333,1.60152777777778,-67.2670946843012
480593.75,1.60197916666667,-67.595885584531
480729.166666667,1.60243055555556,-67.9399410485855
480864.583333333,1.60288194444444,-68.3005097237538
481000,1.60333333333333,-68.6790106300941
481135.416666667,1.60378472222222,-69.0770655311366
481270.833333333,1.60423611111111,-69.4965393834122
481406.25,1.6046875,-69.9395914128278
481541.666666667,1.60513888888889,-70.4087403538378
481677.083333333,1.60559027777778,-70.9069488419239
481812.5,1.60604166666667,-71.4377341306128
481947.916666667,1.60649305555556,-72.0053156459071
482083.333333333,1.60694444444444,-72.6148151406769
482218.75,1.60739583333333,-73.2725336890405
482354.166666667,1.60784722222222,-73.9863438848183
482489.583333333,1.60829861111111,-74.7662600002937
482625,1.60875,-75.6252927650904
482760.416666667,1.60920138888889,-76.5807783592164
482895.833333333,1.60965277777778,-77.6565371799275
483031.25,1.61010416666667,-78.8865739668448
483166.666666667,1.61055555555556,-80.3218633951392
483302.083333333,1.61100694444444,-82.0439386075084
483437.5,1.61145833333333,-84.1955711436368
483572.916666667,1.61190972222222,-87.0633153336985
483708.333333333,1.61236111111111,-91.3740449193456
483843.75,1.6128125,-100.307884298451
483979.166666667,1.61326388888889,-102.288689020665
484114.583333333,1.61371527777778,-92.0393673562578
484250,1.61416666666667,-87.4714797115348
484385.416666667,1.61461805555556,-84.4968338387302
484520.833333333,1.61506944444444,-82.288347445712
484656.25,1.61552083333333,-80.532161507965
484791.666666667,1.61597222222222,-79.0750061055689
484927.083333333,1.61642361111111,-77.8304496174144
485062.5,1.616875,-76.7449242770461
485197.916666667,1.61732638888889,-75.7829241540959
485333.333333333,1.61777777777778,-74.9196995662334
485468.75,1.61822916666667,-74.1373082838398
485604.166666667,1.61868055555556,-73.4223274620003
485739.583333333,1.61913194444444,-72.7644528161843
485875,1.61958333333333,-72.1556017377896
486010.416666667,1.62003472222222,-71.5893173284711
486145.833333333,1.62048611111111,-71.0603597799969
486281.25,1.6209375,-70.5644185881225
486416.666666667,1.62138888888889,-70.0979051071752
486552.083333333,1.62184027777778,-69.6577999475851
486687.5,1.62229166666667,-69.241538688526
486822.916666667,1.62274305555556,-68.8469249112539
486958.333333333,1.62319444444444,-68.4720630724833
487093.75,1.62364583333333,-68.1153060225754
487229.166666667,1.62409722222222,-67.775213494141
487364.583333333,1.62454861111111,-67.4505189200628
487500,1.625,-67.140102651542
487635.416666667,1.62545138888889,-66.8429701509747
487770.833333333,1.62590277777778,-66.5582340894656
487906.25,1.62635416666667,-66.2850995396923
488041.666666667,1.62680555555556,-66.0228516428091
488177.083333333,1.62725694444444,-65.7708452701004
488312.5,1.62770833333333,-65.5284963037724
488447.916666667,1.62815972222222,-65.2952742421176
488583.333333333,1.62861111111111,-65.0706958951559
488718.75,1.6290625,-64.8543199827729
488854.166666667,1.62951388888889,-64.6457424851631
488989.583333333,1.62996527777778,-64.4445926231203
489125,1.63041666666667,-64.2505293687709
489260.416666667,1.63086805555556,-64.0632384046168
489395.833333333,1.63131944444444,-63.8824294640283
489531.25,1.63177083333333,-63.7078339967574
489666.666666667,1.63222222222222,-63.5392031135032
489802.083333333,1.63267361111111,-63.3763057702494
489937.5,1.633125,-63.2189271594994
490072.916666667,1.63357638888889,-63.0668672812867
490208.333333333,1.63402777777778,-62.9199396700204
490343.75,1.63447916666667,-62.7779702574636
490479.166666667,1.63493055555556,-62.6407963548884
490614.583333333,1.63538194444444,-62.5082657396654
490750,1.63583333333333,-62.3802358339067
490885.416666667,1.63628472222222,-62.2565729642046
491020.833333333,1.63673611111111,-62.1371516931889
491156.25,1.6371875,-62.0218542148447
491291.666666667,1.63763888888889,-61.9105698064249
491427.083333333,1.63809027777778,-61.8031943308711
491562.5,1.63854166666667,-61.6996297842535
491697.916666667,1.63899305555556,-61.5997838836673
491833.333333333,1.63944444444444,-61.5035696913009
491968.75,1.63989583333333,-61.4109052710768
492104.166666667,1.64034722222222,-61.3217133746066
492239.583333333,1.64079861111111,-61.2359211537142
492375,1.64125,-61.1534598967594
492510.416666667,1.64170138888889,-61.0742647867591
492645.833333333,1.64215277777778,-60.9982746791899
492781.25,1.64260416666667,-60.9254318977471
492916.666666667,1.64305555555556,-60.8556820463715
493052.083333333,1.64350694444444,-60.7889738361938
493187.5,1.64395833333333,-60.7252589261867
493322.916666667,1.64440972222222,-60.6644917761537
493458.333333333,1.64486111111111,-60.6066295114487
493593.75,1.6453125,-60.5516317979242
493729.166666667,1.64576388888889,-60.4994607268934
493864.583333333,1.64621527777778,-60.4500807088623
494000,1.64666666666667,-60.4034583756913
494135.416666667,1.64711805555556,-60.3595624904092
494270.833333333,1.64756944444444,-60.3183638641864
494406.25,1.64802083333333,-60.279835279979
494541.666666667,1.64847222222222,-60.2439514223433
494677.083333333,1.64892361111111,-60.2106888132546
494812.5,1.649375,-60.1800257530648
494947.916666667,1.64982638888889,-60.1519422669388
495083.333333333,1.65027777777778,-60.1264200558936
495218.75,1.65072916666667,-60.103442452576
495354.166666667,1.65118055555556,-60.0829943812234
495489.583333333,1.65163194444444,-60.0650623219981
495625,1.65208333333333,-60.0496342790936
495760.416666667,1.65253472222222,-60.0366997526647
495895.833333333,1.65298611111111,-60.0262497145743
496031.25,1.6534375,-60.0182765874745
496166.666666667,1.65388888888889,-60.0127742274471
496302.083333333,1.65434027777778,-60.0097379099055
496437.5,1.65479166666667,-60.0091643189348
496572.916666667,1.65524305555556,-60.0110515396717
496708.333333333,1.65569444444444,-60.015399054012
496843.75,1.65614583333333,-60.0222077394178
496979.166666667,1.65659722222222,-60.0314798709103
497114.583333333,1.65704861111111,-60.0432191263216
497250,1.6575,-60.0574305945095
497385.416666667,1.65795138888889,-60.0741207871795
497520.833333333,1.65840277777778,-60.0932976536387
497656.25,1.65885416666667,-60.1149705991724
497791.666666667,1.65930555555556,-60.1391505067435
497927.083333333,1.65975694444444,-60.1658497623338
498062.5,1.66020833333333,-60.1950822839665
498197.916666667,1.66065972222222,-60.2268635545382
498333.333333333,1.66111111111111,-60.2612106586762
498468.75,1.6615625,-60.2981423237932
498604.166666667,1.66201388888889,-60.3376789656128
498739.583333333,1.66246527777778,-60.3798427382024
498875,1.66291666666667,-60.4246575890793
499010.416666667,1.66336805555556,-60.4721493194398
499145.833333333,1.66381944444444,-60.5223456499745
499281.25,1.66427083333333,-60.5752762926055
499416.666666667,1.66472222222222,-60.6309730285322
499552.083333333,1.66517361111111,-60.6894697931471
499687.5,1.665625,-60.7508027681135
499822.916666667,1.66607638888889,-60.8150104813838
499958.333333333,1.66652777777778,-60.8821339157328
500093.75,1.66697916666667,-60.9522166262956
500229.166666667,1.66743055555556,-61.0253048682781
500364.583333333,1.66788194444444,-61.101447735213
500500,1.66833333333333,-61.1806973091274
500635.416666667,1.66878472222222,-61.2631088233067
500770.833333333,1.66923611111111,-61.3487408392726
500906.25,1.6696875,-61.4376554387484
501041.666666667,1.67013888888889,-61.5299184325813
501177.083333333,1.67059027777778,-61.6255995878616
501312.5,1.67104166666667,-61.7247728753912
501447.916666667,1.67149305555556,-61.8275167393374
501583.333333333,1.67194444444444,-61.9339143914101
501718.75,1.67239583333333,-62.0440541324837
501854.166666667,1.67284722222222,-62.158029703978
501989.583333333,1.67329861111111,-62.2759406731867
502125,1.67375,-62.3978928553127
502260.416666667,1.67420138888889,-62.5239987776416
502395.833333333,1.67465277777778,-62.6543781896914
502531.25,1.67510416666667,-62.7891586256737
502666.666666667,1.67555555555556,-62.9284760251113
502802.083333333,1.67600694444444,-63.0724754194741
502937.5,1.67645833333333,-63.2213116927175
503072.916666667,1.67690972222222,-63.3751504257335
503208.333333333,1.67736111111111,-63.5341688360569
503343.75,1.6778125,-63.6985568254735
503479.166666667,1.67826388888889,-63.8685181511703
503614.583333333,1.67871527777778,-64.0442717376253
503750,1.67916666666667,-64.2260531508368
503885.416666667,1.67961805555556,-64.4141162583239
504020.833333333,1.68006944444444,-64.6087351046231
504156.25,1.68052083333333,-64.8102060361288
504291.666666667,1.68097222222222,-65.0188501161028
504427.083333333,1.68142361111111,-65.2350158789219
504562.5,1.681875,-65.4590824816101
504697.916666667,1.68232638888889,-65.6914633244737
504833.333333333,1.68277777777778,-65.9326102258425
504968.75,1.68322916666667,-66.1830182567662
505104.166666667,1.68368055555556,-66.4432313642262
505239.583333333,1.68413194444444,-66.7138489428872
505375,1.68458333333333,-66.9955335532876
505510.416666667,1.68503472222222,-67.2890200356493
505645.833333333,1.68548611111111,-67.5951263331038
505781.25,1.6859375,-67.9147664240855
505916.666666667,1.68638888888889,-68.2489658772475
506052.083333333,1.68684027777778,-68.5988806935025
506187.5,1.68729166666667,-68.9658203062959
506322.916666667,1.68774305555556,-69.3512758916264
506458.333333333,1.68819444444444,-69.7569555303669
506593.75,1.68864583333333,-70.1848283146885
506729.166666667,1.68909722222222,-70.6371802758265
506864.583333333,1.68954861111111,-71.1166861507219
507000,1.69,-71.6265026957105
507135.416666667,1.69045138888889,-72.1703918085544
507270.833333333,1.69090277777778,-72.752885669821
507406.25,1.69135416666667,-73.3795123801531
507541.666666667,1.69180555555556,-74.0571108055176
507677.083333333,1.69225694444444,-74.7942806130614
507812.5,1.69270833333333,-75.6020437582114
507947.916666667,1.69315972222222,-76.4948491230813
508083.333333333,1.69361111111111,-77.4921589161162
508218.75,1.6940625,-78.6210746799594
508354.166666667,1.69451388888889,-79.9209455098795
508489.583333333,1.69496527777778,-81.4520786546802
508625,1.69541666666667,-83.3139044158227
508760.416666667,1.69586805555556,-85.6884193459901
508895.833333333,1.69631944444444,-88.9680779654841
509031.25,1.69677083333333,-94.3002612802353
509166.666666667,1.69722222222222,-110.627403044671
509302.083333333,1.69767361111111,-97.469791125123
509437.5,1.698125,-90.5473626986026
509572.916666667,1.69857638888889,-86.7480718972023
509708.333333333,1.69902777777778,-84.1170246058918
509843.75,1.69947916666667,-82.1034668878663
509979.166666667,1.69993055555556,-80.4729119519651
510114.583333333,1.70038194444444,-79.1034843576043
510250,1.70083333333333,-77.9236676948078
510385.416666667,1.70128472222222,-76.8878900030216
510520.833333333,1.70173611111111,-75.9653177399812
510656.25,1.7021875,-75.1341145312709
510791.666666667,1.70263888888889,-74.3782490647282
510927.083333333,1.70309027777778,-73.6856040288107
511062.5,1.70354166666667,-73.0467974463817
511197.916666667,1.70399305555556,-72.4544168026027
511333.333333333,1.70444444444444,-71.9025037820414
511468.75,1.70489583333333,-71.3861972257631
511604.166666667,1.70534722222222,-70.9014793659598
511739.583333333,1.70579861111111,-70.4449914412811
511875,1.70625,-70.0138971062377
512010.416666667,1.70670138888889,-69.6057794971705
512145.833333333,1.70715277777778,-69.218562469891
512281.25,1.70760416666667,-68.8504495015238
512416.666666667,1.70805555555556,-68.4998757063784
512552.083333333,1.70850694444444,-68.1654697265082
512687.5,1.70895833333333,-67.8460231550373
512822.916666667,1.70940972222222,-67.5404657728543
512958.333333333,1.70986111111111,-67.2478453213108
513093.75,1.7103125,-66.9673108487808
513229.166666667,1.71076388888889,-66.6980988994255
513364.583333333,1.71121527777778,-66.4395219812216
513500,1.71166666666667,-66.1909588762824
513635.416666667,1.71211805555556,-65.9518464514285
513770.833333333,1.71256944444444,-65.7216726986249
513906.25,1.71302083333333,-65.4999707901354
514041.666666667,1.71347222222222,-65.2863139759609
514177.083333333,1.71392361111111,-65.0803111844698
514312.5,1.714375,-64.8816032129887
514447.916666667,1.71482638888889,-64.6898594160805
514583.333333333,1.71527777777778,-64.5047748153808
514718.75,1.71572916666667,-64.3260675686042
514854.166666667,1.71618055555556,-64.1534767450085
514989.583333333,1.71663194444444,-63.9867603644854
515125,1.71708333333333,-63.825693663243
515260.416666667,1.71753472222222,-63.6700675559425
515395.833333333,1.71798611111111,-63.5196872676261
515531.25,1.7184375,-63.37437111415
515666.666666667,1.71888888888889,-63.2339494118907
515802.083333333,1.71934027777778,-63.0982635007065
515937.5,1.71979166666667,-62.9671648665954
516072.916666667,1.72024305555556,-62.840514351975
516208.333333333,1.72069444444444,-62.7181814436042
516343.75,1.72114583333333,-62.6000436289241
516479.166666667,1.72159722222222,-62.4859858134527
516614.583333333,1.72204861111111,-62.3758997923212
516750,1.7225,-62.2696837703748
516885.416666667,1.72295138888889,-62.1672419251723
517020.833333333,1.72340277777778,-62.0684840090372
517156.25,1.72385416666667,-61.9733249857519
517291.666666667,1.72430555555556,-61.8816846985592
517427.083333333,1.72475694444444,-61.7934875664105
517562.5,1.72520833333333,-61.7086623056886
517697.916666667,1.72565972222222,-61.6271416749751
517833.333333333,1.72611111111111,-61.5488622407968
517968.75,1.7265625,-61.4737641623067
518104.166666667,1.72701388888889,-61.4017909933269
518239.583333333,1.72746527777778,-61.3328895001651
518375,1.72791666666667,-61.2670094937147
518510.416666667,1.72836805555556,-61.2041036749515
518645.833333333,1.72881944444444,-61.1441274923592
518781.25,1.72927083333333,-61.0870390105424
518916.666666667,1.72972222222222,-61.0327987890482
519052.083333333,1.73017361111111,-60.9813697705924
519187.5,1.730625,-60.9327171780369
519322.916666667,1.73107638888889,-60.8868084194531
519458.333333333,1.73152777777778,-60.843613000585
519593.75,1.73197916666667,-60.803102444364
519729.166666667,1.73243055555556,-60.7652502168934
519864.583333333,1.73288194444444,-60.7300316594212
520000,1.73333333333333,-60.6974239261275
520135.416666667,1.73378472222222,-60.6674059270944
520270.833333333,1.73423611111111,-60.6399582763789
520406.25,1.7346875,-60.6150632448522
520541.666666667,1.73513888888889,-60.5927047174405
520677.083333333,1.73559027777778,-60.5728681546822
520812.5,1.73604166666667,-60.5555405583882
520947.916666667,1.73649305555556,-60.5407104411003
521083.333333333,1.73694444444444,-60.5283677993993
521218.75,1.73739583333333,-60.518504090739
521354.166666667,1.73784722222222,-60.5111122137692
521489.583333333,1.73829861111111,-60.5061864921247
521625,1.73875,-60.5037226614393
521760.416666667,1.73920138888889,-60.5037178596487
521895.833333333,1.73965277777778,-60.5061706206041
522031.25,1.74010416666667,-60.5110808705444
522166.666666667,1.74055555555556,-60.5184499281664
522302.083333333,1.74100694444444,-60.528280507478
522437.5,1.74145833333333,-60.5405767239716
522572.916666667,1.74190972222222,-60.5553441041012
522708.333333333,1.74236111111111,-60.5725895977423
522843.75,1.7428125,-60.5923215941935
522979.166666667,1.74326388888889,-60.614549941509
523114.583333333,1.74371527777778,-60.6392859692034
523250,1.74416666666667,-60.6665425146449
523385.416666667,1.74461805555556,-60.6963339532459
523520.833333333,1.74506944444444,-60.728676232289
523656.25,1.74552083333333,-60.763586909062
523791.666666667,1.74597222222222,-60.8010851931074
523927.083333333,1.74642361111111,-60.8411919928761
524062.5,1.746875,-60.8839299673345
524197.916666667,1.74732638888889,-60.9293235822399
524333.333333333,1.74777777777778,-60.9773991719599
524468.75,1.74822916666667,-61.0281850068677
524604.166666667,1.74868055555556,-61.0817113666485
524739.583333333,1.74913194444444,-61.1380106202421
524875,1.74958333333333,-61.1971173125334
525010.416666667,1.75003472222222,-61.2590682585367
525145.833333333,1.75048611111111,-61.3239026455958
525281.25,1.7509375,-61.3916621442477
525416.666666667,1.75138888888889,-61.4623910283219
525552.083333333,1.75184027777778,-61.5361363054026
525687.5,1.75229166666667,-61.6129478580342
525822.916666667,1.75274305555556,-61.6928785971609
525958.333333333,1.75319444444444,-61.7759846284993
526093.75,1.75364583333333,-61.8623254332209
526229.166666667,1.75409722222222,-61.9519640642726
526364.583333333,1.75454861111111,-62.0449673598323
526500,1.755,-62.1414061755754
526635.416666667,1.75545138888889,-62.2413556377122
526770.833333333,1.75590277777778,-62.3448954187577
526906.25,1.75635416666667,-62.4521100386231
527041.666666667,1.75680555555556,-62.5630891936198
527177.083333333,1.75725694444444,-62.6779281164112
527312.5,1.75770833333333,-62.7967279703035
527447.916666667,1.75815972222222,-62.9195962820986
527583.333333333,1.75861111111111,-63.0466474173374
527718.75,1.7590625,-63.1780031037131
527854.166666667,1.75951388888889,-63.31379300784
527989.583333333,1.75996527777778,-63.4541553723133
528125,1.76041666666667,-63.59923772058
528260.416666667,1.76086805555556,-63.7491976382784
528395.833333333,1.76131944444444,-63.9042036412663
528531.25,1.76177083333333,-64.0644361418481
528666.666666667,1.76222222222222,-64.2300885269192
528802.083333333,1.76267361111111,-64.4013683637728
528937.5,1.763125,-64.5784987519461
529072.916666667,1.76357638888889,-64.7617198428528
529208.333333333,1.76402777777778,-64.9512905529864
529343.75,1.76447916666667,-65.147490500092
529479.166666667,1.76493055555556,-65.350622199278
529614.583333333,1.76538194444444,-65.5610135607317
529750,1.76583333333333,-65.7790207406175
529885.416666667,1.76628472222222,-66.0050314071603
530020.833333333,1.76673611111111,-66.2394684953926
530156.25,1.7671875,-66.4827945421465
530291.666666667,1.76763888888889,-66.735516711478
530427.083333333,1.76809027777778,-66.9981926467232
530562.5,1.76854166666667,-67.2714373183184
530697.916666667,1.76899305555556,-67.5559310773988
530833.333333333,1.76944444444444,-67.8524291789215
530968.75,1.76989583333333,-68.1617731089246
531104.166666667,1.77034722222222,-68.4849041415752
531239.583333333,1.77079861111111,-68.8228796740252
531375,1.77125,-69.1768930526313
531510.416666667,1.77170138888889,-69.5482978237768
531645.833333333,1.77215277777778,-69.9386376518982
531781.25,1.77260416666667,-70.3496835708785
531916.666666667,1.77305555555556,-70.7834808370308
532052.083333333,1.77350694444444,-71.2424085170289
532187.5,1.77395833333333,-71.7292562026065
532322.916666667,1.77440972222222,-72.2473241221721
532458.333333333,1.77486111111111,-72.800555771256
532593.75,1.7753125,-73.3937166233186
532729.166666667,1.77576388888889,-74.0326395758743
532864.583333333,1.77621527777778,-74.7245694699616
533000,1.77666666666667,-75.4786589154942
533135.416666667,1.77711805555556,-76.3067029116419
533270.833333333,1.77756944444444,-77.224265120031
533406.25,1.77802083333333,-78.2524765886794
533541.666666667,1.77847222222222,-79.4210548769525
533677.083333333,1.77892361111111,-80.7736955045335
533812.5,1.779375,-82.3784971880779
533947.916666667,1.77982638888889,-84.3503849551759
534083.333333333,1.78027777777778,-86.9072066871661
534218.75,1.78072916666667,-90.5474711854581
534354.166666667,1.78118055555556,-96.9331700159978
534489.583333333,1.78163194444444,-118.291221709446
534625,1.78208333333333,-95.5663940346198
534760.416666667,1.78253472222222,-89.8727332560686
534895.833333333,1.78298611111111,-86.4659376381975
535031.25,1.7834375,-84.0283137439311
535166.666666667,1.78388888888889,-82.1299518495342
535302.083333333,1.78434027777778,-80.5758475508502
535437.5,1.78479166666667,-79.2608616647938
535572.916666667,1.78524305555556,-78.1217872784929
535708.333333333,1.78569444444444,-77.1176461687968
535843.75,1.78614583333333,-76.2203510107921
535979.166666667,1.78659722222222,-75.4098081155727
536114.583333333,1.78704861111111,-74.6711453649617
536250,1.7875,-73.9930465057678
536385.416666667,1.78795138888889,-73.3667008820508
536520.833333333,1.78840277777778,-72.7851144146218
536656.25,1.78885416666667,-72.2426422755665
536791.666666667,1.78930555555556,-71.7346628081671
536927.083333333,1.78975694444444,-71.2573443738397
537062.5,1.79020833333333,-70.8074750525865
537197.916666667,1.79065972222222,-70.38233589916
537333.333333333,1.79111111111111,-69.9796050376184
537468.75,1.7915625,-69.5972840042777
537604.166666667,1.79201388888889,-69.2336404205487
537739.583333333,1.79246527777778,-68.8871628353463
537875,1.79291666666667,-68.5565247619907
538010.416666667,1.79336805555556,-68.2405557513415
538145.833333333,1.79381944444444,-67.9382179118731
538281.25,1.79427083333333,-67.6485866891905
538416.666666667,1.79472222222222,-67.3708350112931
538552.083333333,1.79517361111111,-67.1042201162164
538687.5,1.795625,-66.8480725341712
538822.916666667,1.79607638888889,-66.6017868166898
538958.333333333,1.79652777777778,-66.3648136887545
539093.75,1.79697916666667,-66.1366533707526
539229.166666667,1.79743055555556,-65.9168498670624
539364.583333333,1.79788194444444,-65.7049860575159
539500,1.79833333333333,-65.5006794609344
539635.416666667,1.79878472222222,-65.3035785627142
539770.833333333,1.79923611111111,-65.1133596188971
539906.25,1.7996875,-64.9297238646451
540041.666666667,1.80013888888889,-64.7523950672141
540177.083333333,1.80059027777778,-64.5811173734172
540312.5,1.80104166666667,-64.4156534109204
540447.916666667,1.80149305555556,-64.2557826073003
540583.333333333,1.80194444444444,-64.1012996984085
540718.75,1.80239583333333,-63.9520134010545
540854.166666667,1.80284722222222,-63.8077452282005
540989.583333333,1.80329861111111,-63.6683284296599
541125,1.80375,-63.5336070420872
541260.416666667,1.80420138888889,-63.4034350352637
541395.833333333,1.80465277777778,-63.2776755435796
541531.25,1.80510416666667,-63.1562001722554
541666.666666667,1.80555555555556,-63.0388883702676
541802.083333333,1.80600694444444,-62.9256268624194
541937.5,1.80645833333333,-62.8163091339534
542072.916666667,1.80690972222222,-62.7108349620012
542208.333333333,1.80736111111111,-62.6091099894669
542343.75,1.8078125,-62.5110453359847
542479.166666667,1.80826388888889,-62.4165572433488
542614.583333333,1.80871527777778,-62.325566750898
542750,1.80916666666667,-62.2379993986355
542885.416666667,1.80961805555556,-62.1537849551924
543020.833333333,1.81006944444444,-62.0728571680136
543156.25,1.81052083333333,-61.9951535343695
543291.666666667,1.81097222222222,-61.9206150906033
543427.083333333,1.81142361111111,-61.8491862182305
543562.5,1.811875,-61.7808144657
543697.916666667,1.81232638888889,-61.7154503840965
543833.333333333,1.81277777777778,-61.6530473755362
543968.75,1.81322916666667,-61.5935615538725
544104.166666667,1.81368055555556,-61.5369516157307
544239.583333333,1.81413194444444,-61.4831787219195
544375,1.81458333333333,-61.4322063880268
544510.416666667,1.81503472222222,-61.3840003832809
544645.833333333,1.81548611111111,-61.3385286377834
544781.25,1.8159375,-61.2957611566972
544916.666666667,1.81638888888889,-61.2556699413206
545052.083333333,1.81684027777778,-61.2182289168369
545187.5,1.81729166666667,-61.1834138656345
545322.916666667,1.81774305555556,-61.1512023663346
545458.333333333,1.81819444444444,-61.1215737382708
545593.75,1.81864583333333,-61.0945089905848
545729.166666667,1.81909722222222,-61.0699907761647
545864.583333333,1.81954861111111,-61.0480033501133
546000,1.82,-61.0285325320455
546135.416666667,1.82045138888889,-61.0115656729224
546270.833333333,1.82090277777778,-60.9970916253173
546406.25,1.82135416666667,-60.9851007174792
546541.666666667,1.82180555555556,-60.9755847311816
546677.083333333,1.82225694444444,-60.96853688266
546812.5,1.82270833333333,-60.9639518072208
546947.916666667,1.82315972222222,-60.9618255470417
547083.333333333,1.82361111111111,-60.9621555421138
547218.75,1.8240625,-60.9649406244892
547354.166666667,1.82451388888889,-60.9701810156632
547489.583333333,1.82496527777778,-60.9778783269585
547625,1.82541666666667,-60.9880355633843
547760.416666667,1.82586805555556,-61.0006571302987
547895.833333333,1.82631944444444,-61.0157488434157
548031.25,1.82677083333333,-61.0333179422392
548166.666666667,1.82722222222222,-61.0533731064457
548302.083333333,1.82767361111111,-61.0759244759628
548437.5,1.828125,-61.1009836744552
548572.916666667,1.82857638888889,-61.1285638362727
548708.333333333,1.82902777777778,-61.1586796374243
548843.75,1.82947916666667,-61.1913473301357
548979.166666667,1.82993055555556,-61.2265847817017
549114.583333333,1.83038194444444,-61.26441151759
549250,1.83083333333333,-61.3048487689205
549385.416666667,1.83128472222222,-61.3479195248135
549520.833333333,1.83173611111111,-61.393648589818
549656.25,1.8321875,-61.4420626464133
549791.666666667,1.83263888888889,-61.4931903236277
549927.083333333,1.83309027777778,-61.5470622713804
550062.5,1.83354166666667,-61.6037112415052
550197.916666667,1.83399305555556,-61.6631721757994
550333.333333333,1.83444444444444,-61.7254823013572
550468.75,1.83489583333333,-61.7906812343802
550604.166666667,1.83534722222222,-61.8588110924754
550739.583333333,1.83579861111111,-61.9299166163932
550875,1.83625,-62.0040453022704
551010.416666667,1.83670138888889,-62.0812475449404
551145.833333333,1.83715277777778,-62.1615767931726
551281.25,1.83760416666667,-62.2450897186829
551416.666666667,1.83805555555556,-62.3318463990593
551552.083333333,1.83850694444444,-62.4219105169533
551687.5,1.83895833333333,-62.5153495766065
551822.916666667,1.83940972222222,-62.6122351392034
551958.333333333,1.83986111111111,-62.7126430797918
552093.75,1.8403125,-62.8166538669438
552229.166666667,1.84076388888889,-62.9243528681869
552364.583333333,1.84121527777778,-63.035830684156
552500,1.84166666666667,-63.1511835137766
552635.416666667,1.84211805555556,-63.2705135546694
552770.833333333,1.84256944444444,-63.3939294428077
552906.25,1.84302083333333,-63.5215467352715
553041.666666667,1.84347222222222,-63.6534884419784
553177.083333333,1.84392361111111,-63.7898856122001
553312.5,1.844375,-63.9308779818728
553447.916666667,1.84482638888889,-64.0766146908334
553583.333333333,1.84527777777778,-64.2272550775289
553718.75,1.84572916666667,-64.382969562335
553854.166666667,1.84618055555556,-64.5439406315533
553989.583333333,1.84663194444444,-64.7103639351259
554125,1.84708333333333,-64.882449515343
554260.416666667,1.84753472222222,-65.060423184875
554395.833333333,1.84798611111111,-65.2445280763311
554531.25,1.8484375,-65.4350263899506
554666.666666667,1.84888888888889,-65.63220137035
554802.083333333,1.84934027777778,-65.8363595486881
554937.5,1.84979166666667,-66.0478332954101
555072.916666667,1.85024305555556,-66.2669837347907
555208.333333333,1.85069444444444,-66.4942040858907
555343.75,1.85114583333333,-66.7299235068431
555479.166666667,1.85159722222222,-66.9746115348681
555614.583333333,1.85204861111111,-67.2287832381196
555750,1.8525,-67.4930052195232
555885.416666667,1.85295138888889,-67.7679026472932
556020.833333333,1.85340277777778,-68.0541675313787
556156.25,1.85385416666667,-68.3525685187105
556291.666666667,1.85430555555556,-68.6639625559632
556427.083333333,1.85475694444444,-68.9893088632936
556562.5,1.85520833333333,-69.329685790707
556697.916666667,1.85565972222222,-69.6863113020387
556833.333333333,1.85611111111111,-70.0605680660193
556968.75,1.8565625,-70.4540344542532
557104.166666667,1.85701388888889,-70.8685232010706
557239.583333333,1.85746527777778,-71.3061301125335
557375,1.85791666666667,-71.7692961348535
557510.416666667,1.85836805555556,-72.2608874338805
557645.833333333,1.85881944444444,-72.7843001452449
557781.25,1.85927083333333,-73.3435995204391
557916.666666667,1.85972222222222,-73.943707977223
558052.083333333,1.86017361111111,-74.5906642507546
558187.5,1.860625,-75.2919885644387
558322.916666667,1.86107638888889,-76.0572105410287
558458.333333333,1.86152777777778,-76.8986554753203
558593.75,1.86197916666667,-77.8326573322152
558729.166666667,1.86243055555556,-78.8815105865474
558864.583333333,1.86288194444444,-80.0767768352564
559000,1.86333333333333,-81.4652592581448
559135.416666667,1.86378472222222,-83.1207341143788
559270.833333333,1.86423611111111,-85.1697231800437
559406.25,1.8646875,-87.858026554725
559541.666666667,1.86513888888889,-91.7730274636367
559677.083333333,1.86559027777778,-99.092381295573
559812.5,1.86604166666667,-108.931242856209
559947.916666667,1.86649305555556,-94.7769328932208
560083.333333333,1.86694444444444,-89.6556646052221
560218.75,1.86739583333333,-86.4586795365367
560354.166666667,1.86784722222222,-84.1299504257374
560489.583333333,1.86829861111111,-82.2982561998561
560625,1.86875,-80.7891600750773
560760.416666667,1.86920138888889,-79.5065983893511
560895.833333333,1.86965277777778,-78.3919905961484
561031.25,1.87010416666667,-77.4069645115772
561166.666666667,1.87055555555556,-76.5250128370166
561302.083333333,1.87100694444444,-75.7270555972918
561437.5,1.87145833333333,-74.998900937708
561572.916666667,1.87190972222222,-74.3297061091533
561708.333333333,1.87236111111111,-73.7110002085877
561843.75,1.8728125,-73.1360392717974
561979.166666667,1.87326388888889,-72.599366680722
562114.583333333,1.87371527777778,-72.0965051221566
562250,1.87416666666667,-71.6237355110456
562385.416666667,1.87461805555556,-71.1779349870176
562520.833333333,1.87506944444444,-70.7564559978003
562656.25,1.87552083333333,-70.3570345671499
562791.666666667,1.87597222222222,-69.9777196831357
562927.083333333,1.87642361111111,-69.6168182264003
563062.5,1.876875,-69.2728515074058
563197.916666667,1.87732638888889,-68.9445205952916
563333.333333333,1.87777777777778,-68.6306783856481
563468.75,1.87822916666667,-68.3303068957896
563604.166666667,1.87868055555556,-68.0424986545149
563739.583333333,1.87913194444444,-67.7664413317407
563875,1.87958333333333,-67.5014049541428
564010.416666667,1.88003472222222,-67.2467312013383
564145.833333333,1.88048611111111,-67.0018243889626
564281.25,1.8809375,-66.7661438306187
564416.666666667,1.88138888888889,-66.5391973313065
564552.083333333,1.88184027777778,-66.3205356189707
564687.5,1.88229166666667,-66.109747555216
564822.916666667,1.88274305555556,-65.9064559983311
564958.333333333,1.88319444444444,-65.7103142154662
565093.75,1.88364583333333,-65.5210027575754
565229.166666667,1.88409722222222,-65.3382267287048
565364.583333333,1.88454861111111,-65.1617133907182
565500,1.885,-64.9912100553693
565635.416666667,1.88545138888889,-64.8264822232764
565770.833333333,1.88590277777778,-64.6673119367773
565906.25,1.88635416666667,-64.5134963163859
566041.666666667,1.88680555555556,-64.3648462585994
566177.083333333,1.88725694444444,-64.2211852730515
566312.5,1.88770833333333,-64.082348441814
566447.916666667,1.88815972222222,-63.9481814866465
566583.333333333,1.88861111111111,-63.8185399296093
566718.75,1.8890625,-63.693288337718
566854.166666667,1.88951388888889,-63.5722996407592
566989.583333333,1.88996527777778,-63.4554545142748
567125,1.89041666666667,-63.3426408207604
567260.416666667,1.89086805555556,-63.233753102504
567395.833333333,1.89131944444444,-63.1286921200908
567531.25,1.89177083333333,-63.0273644328318
567666.666666667,1.89222222222222,-62.9296820157222
567802.083333333,1.89267361111111,-62.8355619096772
567937.5,1.893125,-62.7449259021571
568072.916666667,1.89357638888889,-62.6577002340423
568208.333333333,1.89402777777778,-62.5738153317484
568343.75,1.89447916666667,-62.4932055609167
568479.166666667,1.89493055555556,-62.4158090003171
568614.583333333,1.89538194444444,-62.341567234169
568750,1.89583333333333,-62.2704251609221
568885.416666667,1.89628472222222,-62.2023308171627
569020.833333333,1.89673611111111,-62.1372352156389
569156.25,1.8971875,-62.0750921957775
569291.666666667,1.89763888888889,-62.0158582858614
569427.083333333,1.89809027777778,-61.9594925761823
569562.5,1.89854166666667,-61.9059566016233
569697.916666667,1.89899305555556,-61.8552142338629
569833.333333333,1.89944444444444,-61.8072315816245
569968.75,1.89989583333333,-61.7619768988176
570104.166666667,1.90034722222222,-61.7194205001454
570239.583333333,1.90079861111111,-61.6795346832088
570375,1.90125,-61.6422936569199
570510.416666667,1.90170138888889,-61.6076734760774
570645.833333333,1.90215277777778,-61.5756519810529
570781.25,1.90260416666667,-61.5462087430743
570916.666666667,1.90305555555556,-61.5193250141205
571052.083333333,1.90350694444444,-61.4949836814694
571187.5,1.90395833333333,-61.4731692267816
571322.916666667,1.90440972222222,-61.4538676892785
571458.333333333,1.90486111111111,-61.4370666326906
571593.75,1.9053125,-61.4227551165431
571729.166666667,1.90576388888889,-61.4109236704502
571864.583333333,1.90621527777778,-61.4015642725196
572000,1.90666666666667,-61.3946703308777
572135.416666667,1.90711805555556,-61.3902366685464
572270.833333333,1.90756944444444,-61.3882595119035
572406.25,1.90802083333333,-61.388736481853
572541.666666667,1.90847222222222,-61.3916665885799
572677.083333333,1.90892361111111,-61.3970502293365
572812.5,1.909375,-61.4048891893261
572947.916666667,1.90982638888889,-61.4151866456087
573083.333333333,1.91027777777778,-61.4279471746069
573218.75,1.91072916666667,-61.4431767621615
573354.166666667,1.91118055555556,-61.4608828174372
573489.583333333,1.91163194444444,-61.4810741898182
573625,1.91208333333333,-61.5037611891042
573760.416666667,1.91253472222222,-61.5289556096923
573895.833333333,1.91298611111111,-61.5566707576809
574031.25,1.9134375,-61.5869214823372
574166.666666667,1.91388888888889,-61.6197242111752
574302.083333333,1.91434027777778,-61.6550969890594
574437.5,1.91479166666667,-61.693059521814
574572.916666667,1.91524305555556,-61.7336332243275
574708.333333333,1.91569444444444,-61.7768412730889
574843.75,1.91614583333333,-61.8227086643212
574979.166666667,1.91659722222222,-61.8712622770957
575114.583333333,1.91704861111111,-61.9225309421968
575250,1.9175,-61.9765455174801
575385.416666667,1.91795138888889,-62.0333389691374
575520.833333333,1.91840277777778,-62.0929464606729
575656.25,1.91885416666667,-62.1554054489989
575791.666666667,1.91930555555556,-62.2207557887794
575927.083333333,1.91975694444444,-62.2890398457473
576062.5,1.92020833333333,-62.3603026194208
576197.916666667,1.92065972222222,-62.4345918760901
576333.333333333,1.92111111111111,-62.5119582933181
576468.75,1.9215625,-62.592455616491
576604.166666667,1.92201388888889,-62.6761408286689
576739.583333333,1.92246527777778,-62.7630743353856
576875,1.92291666666667,-62.853320164925
577010.416666667,1.92336805555556,-62.9469461866633
577145.833333333,1.92381944444444,-63.044024348364
577281.25,1.92427083333333,-63.1446309346761
577416.666666667,1.92472222222222,-63.2488468493705
577552.083333333,1.92517361111111,-63.3567579231338
577687.5,1.925625,-63.4684552500415
577822.916666667,1.92607638888889,-63.5840355561616
577958.333333333,1.92652777777778,-63.7036016029994
578093.75,1.92697916666667,-63.8272626308494
578229.166666667,1.92743055555556,-63.9551348457728
578364.583333333,1.92788194444444,-64.0873419557968
578500,1.92833333333333,-64.2240157625329
578635.416666667,1.92878472222222,-64.365296814636
578770.833333333,1.92923611111111,-64.5113351309732
578906.25,1.9296875,-64.66229100338
579041.666666667,1.93013888888889,-64.8183358879141
579177.083333333,1.93059027777778,-64.9796533984836
579312.5,1.93104166666667,-65.1464404155863
579447.916666667,1.93149305555556,-65.3189083271556
579583.333333333,1.93194444444444,-65.497284421138
579718.75,1.93239583333333,-65.6818134511628
579854.166666667,1.93284722222222,-65.8727594033414
579989.583333333,1.93329861111111,-66.0704074948447
580125,1.93375,-66.275066441892
580260.416666667,1.93420138888889,-66.4870710416102
580395.833333333,1.93465277777778,-66.7067851223885
580531.25,1.93510416666667,-66.9346049253967
580666.666666667,1.93555555555556,-67.1709629976899
580802.083333333,1.93600694444444,-67.4163326904959
580937.5,1.93645833333333,-67.6712333797359
581072.916666667,1.93690972222222,-67.9362365536544
581208.333333333,1.93736111111111,-68.211972943552
581343.75,1.9378125,-68.4991409226849
581479.166666667,1.93826388888889,-68.7985164517215
581614.583333333,1.93871527777778,-69.1109649259333
581750,1.93916666666667,-69.4374553787584
581885.416666667,1.93961805555556,-69.779077626388
582020.833333333,1.94006944444444,-70.1370631151249
582156.25,1.94052083333333,-70.5128104771257
582291.666666667,1.94097222222222,-70.9079171278185
582427.083333333,1.94142361111111,-71.3242187060081
582562.5,1.941875,-71.7638388162048
582697.916666667,1.94232638888889,-72.2292524771065
582833.333333333,1.94277777777778,-72.7233680791589
582968.75,1.94322916666667,-73.2496347293378
583104.166666667,1.94368055555556,-73.8121850486745
583239.583333333,1.94413194444444,-74.4160284737705
583375,1.94458333333333,-75.0673181369804
583510.416666667,1.94503472222222,-75.7737277249819
583645.833333333,1.94548611111111,-76.5449976252425
583781.25,1.9459375,-77.3937507012609
583916.666666667,1.94638888888889,-78.3367551080225
584052.083333333,1.94684027777778,-79.396964716361
584187.5,1.94729166666667,-80.606993494789
584322.916666667,1.94774305555556,-82.015433987629
584458.333333333,1.94819444444444,-83.6993709339916
584593.75,1.94864583333333,-85.7922002538394
584729.166666667,1.94909722222222,-88.556737584545
584864.583333333,1.94954861111111,-92.6371600307579
585000,1.95,-100.587777304938
585135.416666667,1.95045138888889,-106.657306847106
585270.833333333,1.95090277777778,-94.5954269854267
585406.25,1.95135416666667,-89.7349481007498
585541.666666667,1.95180555555556,-86.6400193649014
585677.083333333,1.95225694444444,-84.3656988187566
585812.5,1.95270833333333,-82.567801066246
585947.916666667,1.95315972222222,-81.0817241510458
586083.333333333,1.95361111111111,-79.8158408701211
586218.75,1.9540625,-78.7138658271627
586354.166666667,1.95451388888889,-77.7387334975518
586489.583333333,1.95496527777778,-76.8647351885247
586625,1.95541666666667,-76.0733065291789
586760.416666667,1.95586805555556,-75.3506034264363
586895.833333333,1.95631944444444,-74.6860262073643
587031.25,1.95677083333333,-74.0712789953021
587166.666666667,1.95722222222222,-73.4997470588066
587302.083333333,1.95767361111111,-72.966071276848
587437.5,1.958125,-72.465849275912
587572.916666667,1.95857638888889,-71.995420521546
587708.333333333,1.95902777777778,-71.5517085620941
587843.75,1.95947916666667,-71.1321031057815
587979.166666667,1.95993055555556,-70.7343704367766
588114.583333333,1.96038194444444,-70.3565843736348
588250,1.96083333333333,-69.9970723640478
588385.416666667,1.96128472222222,-69.6543728990932
588520.833333333,1.96173611111111,-69.3272015121109
588656.25,1.9621875,-69.0144233630817
588791.666666667,1.96263888888889,-68.71503093663
588927.083333333,1.96309027777778,-68.42812574981
589062.5,1.96354166666667,-68.1529032342652
589197.916666667,1.96399305555556,-67.8886401538422
589333.333333333,1.96444444444444,-67.6346840651213
589468.75,1.96489583333333,-67.3904444334616
589604.166666667,1.96534722222222,-67.1553851038255
589739.583333333,1.96579861111111,-66.9290178851879
589875,1.96625,-66.710897055867
590010.416666667,1.96670138888889,-66.5006146375265
590145.833333333,1.96715277777778,-66.2977963101901
590281.25,1.96760416666667,-66.1020978683911
590416.666666667,1.96805555555556,-65.9132021341067
590552.083333333,1.96850694444444,-65.7308162574625
590687.5,1.96895833333333,-65.554669348793
590822.916666667,1.96940972222222,-65.3845103941425
590958.333333333,1.96986111111111,-65.2201064144876
591093.75,1.9703125,-65.0612408354894
591229.166666667,1.97076388888889,-64.9077120398082
591364.583333333,1.97121527777778,-64.7593320773432
591500,1.97166666666667,-64.6159255142563
591635.416666667,1.97211805555556,-64.477328402337
591770.833333333,1.97256944444444,-64.3433873546824
591906.25,1.97302083333333,-64.2139587147112
592041.666666667,1.97347222222222,-64.0889078070821
592177.083333333,1.97392361111111,-63.9681082619758
592312.5,1.974375,-63.8514414032953
592447.916666667,1.97482638888889,-63.7387956947622
592583.333333333,1.97527777777778,-63.6300662368902
592718.75,1.97572916666667,-63.5251543095411
592854.166666667,1.97618055555556,-63.4239669555019
592989.583333333,1.97663194444444,-63.3264166007304
593125,1.97708333333333,-63.2324207073392
593260.416666667,1.97753472222222,-63.1419014564397
593395.833333333,1.97798611111111,-63.0547854577992
593531.25,1.9784375,-62.9710034833366
593666.666666667,1.97888888888889,-62.8904902231725
593802.083333333,1.97934027777778,-62.8131840609377
593937.5,1.97979166666667,-62.739026867668
594072.916666667,1.98024305555556,-62.6679638120024
594208.333333333,1.98069444444444,-62.5999431852578
594343.75,1.98114583333333,-62.5349162407315
594479.166666667,1.98159722222222,-62.4728370451498
594614.583333333,1.98204861111111,-62.4136623418967
594750,1.9825,-62.3573514248898
594885.416666667,1.98295138888889,-62.3038660223139
595020.833333333,1.98340277777778,-62.253170189064
595156.25,1.98385416666667,-62.2052302081727
595291.666666667,1.98430555555556,-62.1600144993321
595427.083333333,1.98475694444444,-62.1174935350249
595562.5,1.98520833333333,-62.0776397634305
595697.916666667,1.98565972222222,-62.0404275370597
595833.333333333,1.98611111111111,-62.0058330479878
595968.75,1.9865625,-61.973834267929
596104.166666667,1.98701388888889,-61.9444108938046
596239.583333333,1.98746527777778,-61.9175442981502
596375,1.98791666666667,-61.8932174840651
596510.416666667,1.98836805555556,-61.8714150443506
596645.833333333,1.98881944444444,-61.8521231253264
596781.25,1.98927083333333,-61.8353293939252
596916.666666667,1.98972222222222,-61.821023009072
597052.083333333,1.99017361111111,-61.8091945966776
597187.5,1.990625,-61.799836227746
597322.916666667,1.99107638888889,-61.7929414005818
597458.333333333,1.99152777777778,-61.7885050256907
597593.75,1.99197916666667,-61.7865234143108
597729.166666667,1.99243055555556,-61.7869942701033
597864.583333333,1.99288194444444,-61.7899166838479
598000,1.99333333333333,-61.7952911314832
598135.416666667,1.99378472222222,-61.8031194751751
598270.833333333,1.99423611111111,-61.8134049675051
598406.25,1.9946875,-61.82615225879
598541.666666667,1.99513888888889,-61.8413674078184
598677.083333333,1.99559027777778,-61.8590578954281
598812.5,1.99604166666667,-61.879232641841
598947.916666667,1.99649305555556,-61.9019020269965
599083.333333333,1.99694444444444,-61.9270779146496
599218.75,1.99739583333333,-61.95477368004
599354.166666667,1.99784722222222,-61.9850042410859
599489.583333333,1.99829861111111,-62.0177860939209
599625,1.99875,-62.0531373519938
599760.416666667,1.99920138888889,-62.0910777899278
599895.833333333,1.99965277777778,-62.131628891667
600031.25,2.00010416666667,-62.1748139033848
600166.666666667,2.00055555555556,-62.2206578915261
600302.083333333,2.00100694444444,-62.2691878063074
600437.5,2.00145833333333,-62.3204325507515
600572.916666667,2.00190972222222,-62.3744230560019
600708.333333333,2.00236111111111,-62.4311923632656
600843.75,2.0028125,-62.4907757124324
600979.166666667,2.00326388888889,-62.5532106388697
601114.583333333,2.00371527777778,-62.6185370777536
601250,2.00416666666667,-62.6867974777254
601385.416666667,2.00461805555556,-62.7580369238938
601520.833333333,2.00506944444444,-62.832303271064
601656.25,2.00552083333333,-62.9096472886598
601791.666666667,2.00597222222222,-62.990122817507
601927.083333333,2.00642361111111,-63.0737869401776
602062.5,2.006875,-63.1607001659993
602197.916666667,2.00732638888889,-63.2509266321473
602333.333333333,2.00777777777778,-63.3445343219574
602468.75,2.00822916666667,-63.4415953032352
602604.166666667,2.00868055555556,-63.5421859871009
602739.583333333,2.00913194444444,-63.6463874107805
602875,2.00958333333333,-63.7542855464143
603010.416666667,2.01003472222222,-63.8659716379885
603145.833333333,2.01048611111111,-63.9815425710107
603281.25,2.0109375,-64.1011012769015
603416.666666667,2.01138888888889,-64.2247571772423
603552.083333333,2.01184027777778,-64.3526266721326
603687.5,2.01229166666667,-64.4848336777995
603822.916666667,2.01274305555556,-64.6215102193283
603958.333333333,2.01319444444444,-64.7627970862988
604093.75,2.01364583333333,-64.9088445576346
604229.166666667,2.01409722222222,-65.0598132062423
604364.583333333,2.01454861111111,-65.2158747933772
604500,2.015,-65.3772132642077
604635.416666667,2.01545138888889,-65.5440258604191
604770.833333333,2.01590277777778,-65.7165243643471
604906.25,2.01635416666667,-65.8949364955105
605041.666666667,2.01680555555556,-66.0795074815294
605177.083333333,2.01725694444444,-66.2705018300162
605312.5,2.01770833333333,-66.4682053336922
605447.916666667,2.01815972222222,-66.6729273457446
605583.333333333,2.01861111111111,-66.8850033705947
605718.75,2.0190625,-67.1047980237645
605854.166666667,2.01951388888889,-67.3327084263183
605989.583333333,2.01996527777778,-67.5691681112347
606125,2.02041666666667,-67.8146515390746
606260.416666667,2.02086805555556,-68.0696793386723
606395.833333333,2.02131944444444,-68.3348244184196
606531.25,2.02177083333333,-68.6107191272209
606666.666666667,2.02222222222222,-68.8980636881506
606802.083333333,2.02267361111111,-69.1976361882211
606937.5,2.023125,-69.5103044791204
607072.916666667,2.02357638888889,-69.8370404479581
607208.333333333,2.02402777777778,-70.1789372455987
607343.75,2.02447916666667,-70.5372302408194
607479.166666667,2.02493055555556,-70.9133227109444
607614.583333333,2.02538194444444,-71.3088176149738
607750,2.02583333333333,-71.7255572622195
607885.416666667,2.02628472222222,-72.1656733559057
608020.833333333,2.02673611111111,-72.6316508477696
608156.25,2.0271875,-73.1264104444689
608291.666666667,2.02763888888889,-73.6534167151396
608427.083333333,2.02809027777778,-74.2168219613553
608562.5,2.02854166666667,-74.8216610636563
608697.916666667,2.02899305555556,-75.4741206390686
608833.333333333,2.02944444444444,-76.1819193486519
608968.75,2.02989583333333,-76.9548594364449
609104.166666667,2.03034722222222,-77.805651246591
609239.583333333,2.03079861111111,-78.7511908425502
609375,2.03125,-79.8146268361071
609510.416666667,2.03170138888889,-81.0288849834777
609645.833333333,2.03215277777778,-82.44309014694
609781.25,2.03260416666667,-84.1353167899545
609916.666666667,2.03305555555556,-86.2410336735643
610052.083333333,2.03350694444444,-89.0282521137877
610187.5,2.03395833333333,-93.1589021043937
610322.916666667,2.03440972222222,-101.313465844672
610458.333333333,2.03486111111111,-106.403379073748
610593.75,2.0353125,-94.818654725162
610729.166666667,2.03576388888889,-90.0282149013886
610864.583333333,2.03621527777778,-86.9613753953504
611000,2.03666666666667,-84.7021596613251
611135.416666667,2.03711805555556,-82.9136701318135
611270.833333333,2.03756944444444,-81.4339981570014
611406.25,2.03802083333333,-80.1727430618726
611541.666666667,2.03847222222222,-79.0742580575562
611677.083333333,2.03892361111111,-78.1018428737348
611812.5,2.039375,-77.2300128428433
611947.916666667,2.03982638888889,-76.4403486311423
612083.333333333,2.04027777777778,-75.7191041882406
612218.75,2.04072916666667,-75.0557484974709
612354.166666667,2.04118055555556,-74.4420351935851
612489.583333333,2.04163194444444,-73.8713861509617
612625,2.04208333333333,-73.3384698962505
612760.416666667,2.04253472222222,-72.8389053277807
612895.833333333,2.04298611111111,-72.3690485446671
613031.25,2.0434375,-71.9258362903316
613166.666666667,2.04388888888889,-71.5066688729932
613302.083333333,2.04434027777778,-71.1093211911623
613437.5,2.04479166666667,-70.731874135494
613572.916666667,2.04524305555556,-70.3726610139071
613708.333333333,2.04569444444444,-70.0302252153029
613843.75,2.04614583333333,-69.7032863973132
613979.166666667,2.04659722222222,-69.3907132184073
614114.583333333,2.04704861111111,-69.0915011496503
614250,2.0475,-68.804754273204
614385.416666667,2.04795138888889,-68.5296702359209
614520.833333333,2.04840277777778,-68.2655277250126
614656.25,2.04885416666667,-68.0116759745323
614791.666666667,2.04930555555556,-67.7675259200919
614927.083333333,2.04975694444444,-67.532542700245
615062.5,2.05020833333333,-67.3062392666359
615197.916666667,2.05065972222222,-67.0881709111549
615333.333333333,2.05111111111111,-66.8779305568164
615468.75,2.0515625,-66.675144688707
615604.166666667,2.05201388888889,-66.479469821989
615739.583333333,2.05246527777778,-66.2905894259104
615875,2.05291666666667,-66.1082112334835
616010.416666667,2.05336805555556,-65.9320648812498
616145.833333333,2.05381944444444,-65.7618998315723
616281.25,2.05427083333333,-65.5974835375059
616416.666666667,2.05472222222222,-65.4385998176003
616552.083333333,2.05517361111111,-65.2850474124097
616687.5,2.055625,-65.1366386987004
616822.916666667,2.05607638888889,-64.9931985413375
616958.333333333,2.05652777777778,-64.8545632661241
617093.75,2.05697916666667,-64.7205797373972
617229.166666667,2.05743055555556,-64.5911045295857
617364.583333333,2.05788194444444,-64.4660031802075
617500,2.05833333333333,-64.3451495153052
617635.416666667,2.05878472222222,-64.2284250400422
617770.833333333,2.05923611111111,-64.1157183853791
617906.25,2.0596875,-64.0069248066824
618041.666666667,2.06013888888889,-63.9019457273433
618177.083333333,2.06059027777778,-63.8006883232351
618312.5,2.06104166666667,-63.7030651437466
618447.916666667,2.06149305555556,-63.6089937659014
618583.333333333,2.06194444444444,-63.5183964774368
618718.75,2.06239583333333,-63.4311999873641
618854.166666667,2.06284722222222,-63.3473351602016
618989.583333333,2.06329861111111,-63.2667367719877
619125,2.06375,-63.1893432867887
619260.416666667,2.06420138888889,-63.1150966503653
619395.833333333,2.06465277777778,-63.0439421011079
619531.25,2.06510416666667,-62.975827995515
619666.666666667,2.06555555555556,-62.9107056474789
619802.083333333,2.06600694444444,-62.8485291803684
619937.5,2.06645833333333,-62.7892553903389
620072.916666667,2.06690972222222,-62.7328436204867
620208.333333333,2.06736111111111,-62.6792556447124
620343.75,2.0678125,-62.6284555607084
620479.166666667,2.06826388888889,-62.5804096909723
620614.583333333,2.06871527777778,-62.5350864921078
620750,2.06916666666667,-62.4924564707369
620885.416666667,2.06961805555556,-62.452492106538
621020.833333333,2.07006944444444,-62.4151677813667
621156.25,2.07052083333333,-62.3804597140501
621291.666666667,2.07097222222222,-62.3483459010788
621427.083333333,2.07142361111111,-62.318806061903
621562.5,2.071875,-62.2918215896721
621697.916666667,2.07232638888889,-62.2673755060542
621833.333333333,2.07277777777778,-62.245452420689
621968.75,2.07322916666667,-62.2260384947083
622104.166666667,2.07368055555556,-62.2091214083043
622239.583333333,2.07413194444444,-62.1946903318524
622375,2.07458333333333,-62.1827359009691
622510.416666667,2.07503472222222,-62.1732501949312
622645.833333333,2.07548611111111,-62.1662267184223
622781.25,2.0759375,-62.1616603869916
622916.666666667,2.07638888888889,-62.15954751518
623052.083333333,2.07684027777778,-62.1598858084698
623187.5,2.07729166666667,-62.1626743579065
623322.916666667,2.07774305555556,-62.1679136380922
623458.333333333,2.07819444444444,-62.1756055083419
623593.75,2.07864583333333,-62.1857532167898
623729.166666667,2.07909722222222,-62.1983614077607
623864.583333333,2.07954861111111,-62.2134361323855
624000,2.08,-62.2309848623339
624135.416666667,2.08045138888889,-62.2510165067961
624270.833333333,2.08090277777778,-62.2735414332486
624406.25,2.08135416666667,-62.2985714910217
624541.666666667,2.08180555555556,-62.3261200392092
624677.083333333,2.08225694444444,-62.3562019778684
624812.5,2.08270833333333,-62.3888337830394
624947.916666667,2.08315972222222,-62.4240335464765
625083.333333333,2.08361111111111,-62.461821018768
625218.75,2.0840625,-62.5022176577649
625354.166666667,2.08451388888889,-62.5452466813242
625489.583333333,2.08496527777778,-62.5909331252178
625625,2.08541666666667,-62.6393039064046
625760.416666667,2.08586805555556,-62.6903878922523
625895.833333333,2.08631944444444,-62.7442159753108
626031.25,2.08677083333333,-62.800821155305
626166.666666667,2.08722222222222,-62.8602386277568
626302.083333333,2.08767361111111,-62.9225058800678
626437.5,2.088125,-62.9876627963423
626572.916666667,2.08857638888889,-63.0557517701792
626708.333333333,2.08902777777778,-63.1268178277853
626843.75,2.08947916666667,-63.2009087609522
626979.166666667,2.08993055555556,-63.2780752713988
627114.583333333,2.09038194444444,-63.358371127533
627250,2.09083333333333,-63.4418533342561
627385.416666667,2.09128472222222,-63.5285823176341
627520.833333333,2.09173611111111,-63.6186221254432
627656.25,2.0921875,-63.7120406453749
627791.666666667,2.09263888888889,-63.8089098421533
627927.083333333,2.09309027777778,-63.9093060164975
628062.5,2.09354166666667,-64.0133100867942
628197.916666667,2.09399305555556,-64.1210078973022
628333.333333333,2.09444444444444,-64.2324905544693
628468.75,2.09489583333333,-64.3478547953044
628604.166666667,2.09534722222222,-64.4672033912476
628739.583333333,2.09579861111111,-64.5906455908977
628875,2.09625,-64.7182976074325
629010.416666667,2.09670138888889,-64.8502831545518
629145.833333333,2.09715277777778,-64.9867340379745
629281.25,2.09760416666667,-65.1277908088008
629416.666666667,2.09805555555556,-65.273603486958
629552.083333333,2.09850694444444,-65.4243323631626
629687.5,2.09895833333333,-65.5801488907391
629822.916666667,2.09940972222222,-65.7412366786737
629958.333333333,2.09986111111111,-65.9077926001715
630093.75,2.1003125,-66.080028033778
630229.166666667,2.10076388888889,-66.2581702548963
630364.583333333,2.10121527777778,-66.4424640020501
630500,2.10166666666667,-66.6331732428503
630635.416666667,2.10211805555556,-66.8305831722684
630770.833333333,2.10256944444444,-67.0350024803013
630906.25,2.10302083333333,-67.2467659334511
631041.666666667,2.10347222222222,-67.4662373239682
631177.083333333,2.10392361111111,-67.6938128513911
631312.5,2.104375,-67.929925014294
631447.916666667,2.10482638888889,-68.1750471074768
631583.333333333,2.10527777777778,-68.429698442194
631718.75,2.10572916666667,-68.6944504309009
631854.166666667,2.10618055555556,-68.9699337176517
631989.583333333,2.10663194444444,-69.2568465742158
632125,2.10708333333333,-69.5559648425224
632260.416666667,2.10753472222222,-69.8681537799083
632395.833333333,2.10798611111111,-70.1943822573847
632531.25,2.1084375,-70.535739899825
632666.666666667,2.10888888888889,-70.8934579273731
632802.083333333,2.10934027777778,-71.2689347023566
632937.5,2.10979166666667,-71.6637673165495
633072.916666667,2.11024305555556,-72.0797910186025
633208.333333333,2.11069444444444,-72.5191289365164
633343.75,2.11114583333333,-72.9842555040843
633479.166666667,2.11159722222222,-73.4780783846945
633614.583333333,2.11204861111111,-74.004045770511
633750,2.1125,-74.5662891178567
633885.416666667,2.11295138888889,-75.1698163550831
634020.833333333,2.11340277777778,-75.8207786290285
634156.25,2.11385416666667,-76.5268469587478
634291.666666667,2.11430555555556,-77.2977580617076
634427.083333333,2.11475694444444,-78.1461296117305
634562.5,2.11520833333333,-79.0887221776391
634697.916666667,2.11565972222222,-80.1484780845651
634833.333333333,2.11611111111111,-81.3579928287294
634968.75,2.1165625,-82.7658274451479
635104.166666667,2.11701388888889,-84.449008162975
635239.583333333,2.11746527777778,-86.540808597915
635375,2.11791666666667,-89.3037387533684
635510.416666667,2.11836805555556,-93.380937439307
635645.833333333,2.11881944444444,-101.319464546115
635781.25,2.11927083333333,-107.448300005779
635916.666666667,2.11972222222222,-95.356242755571
636052.083333333,2.12017361111111,-90.4912488636778
636187.5,2.120625,-87.3943570717926
636322.916666667,2.12107638888889,-85.1188573506867
636458.333333333,2.12152777777778,-83.3201227748781
636593.75,2.12197916666667,-81.8333888057118
636729.166666667,2.12243055555556,-80.5669543611884
636864.583333333,2.12288194444444,-79.4644956377699
637000,2.12333333333333,-78.4889251656401
637135.416666667,2.12378472222222,-77.6145208033435
637270.833333333,2.12423611111111,-76.8227094787113
637406.25,2.1246875,-76.0996412180523
637541.666666667,2.12513888888889,-75.4347122332827
637677.083333333,2.12559027777778,-74.8196236793319
637812.5,2.12604166666667,-74.2477586305585
637947.916666667,2.12649305555556,-73.7137563087008
638083.333333333,2.12694444444444,-73.2132130643582
638218.75,2.12739583333333,-72.7424673649935
638354.166666667,2.12784722222222,-72.2984419669923
638489.583333333,2.12829861111111,-71.8785259410786
638625,2.12875,-71.4804850529088
638760.416666667,2.12920138888889,-71.1023926949669
638895.833333333,2.12965277777778,-70.7425759601245
639031.25,2.13010416666667,-70.3995730432672
639166.666666667,2.13055555555556,-70.072099226603
639302.083333333,2.13100694444444,-69.7590194563971
639437.5,2.13145833333333,-69.4593260343893
639572.916666667,2.13190972222222,-69.1721203189644
639708.333333333,2.13236111111111,-68.8965976041985
639843.75,2.1328125,-68.6320345335954
639979.166666667,2.13326388888889,-68.377778557414
640114.583333333,2.13371527777778,-68.1332390471454
640250,2.13416666666667,-67.8978797642054
640385.416666667,2.13461805555556,-67.6712124422063
640520.833333333,2.13506944444444,-67.4527912922528
640656.25,2.13552083333333,-67.242208274658
640791.666666667,2.13597222222222,-67.039089013647
640927.083333333,2.13642361111111,-66.8430892529274
641062.5,2.136875,-66.6538917672571
641197.916666667,2.13732638888889,-66.4712036634487
641333.333333333,2.13777777777778,-66.2947540113439
641468.75,2.13822916666667,-66.1242917590838
641604.166666667,2.13868055555556,-65.9595838921297
641739.583333333,2.13913194444444,-65.8004138025093
641875,2.13958333333333,-65.6465798409267
642010.416666667,2.14003472222222,-65.4978940268885
642145.833333333,2.14048611111111,-65.3541808973094
642281.25,2.1409375,-65.2152764757541
642416.666666667,2.14138888888889,-65.0810273482399
642552.083333333,2.14184027777778,-64.9512898314976
642687.5,2.14229166666667,-64.8259292244993
642822.916666667,2.14274305555556,-64.7048191318583
642958.333333333,2.14319444444444,-64.5878408525845
643093.75,2.14364583333333,-64.4748828257769
643229.166666667,2.14409722222222,-64.3658401273223
643364.583333333,2.14454861111111,-64.2606140128833
643500,2.145,-64.1591115008883
643635.416666667,2.14545138888889,-64.061244992956
643770.833333333,2.14590277777778,-63.966931926808
643906.25,2.14635416666667,-63.8760944590452
644041.666666667,2.14680555555556,-63.7886591745011
644177.083333333,2.14725694444444,-63.704556820169
644312.5,2.14770833333333,-63.6237220606758
644447.916666667,2.14815972222222,-63.5460932538746
644583.333333333,2.14861111111111,-63.4716122446673
644718.75,2.1490625,-63.4002241747949
644854.166666667,2.14951388888889,-63.331877308516
644989.583333333,2.14996527777778,-63.2665228711548
645125,2.15041666666667,-63.204114900942
645260.416666667,2.15086805555556,-63.144610112107
645395.833333333,2.15131944444444,-63.0879677685695
645531.25,2.15177083333333,-63.0341495677222
645666.666666667,2.15222222222222,-62.9831195329476
645802.083333333,2.15267361111111,-62.9348439146475
645937.5,2.153125,-62.8892910990051
646072.916666667,2.15357638888889,-62.8464315241122
646208.333333333,2.15402777777778,-62.8062376022874
646343.75,2.15447916666667,-62.7686836495103
646479.166666667,2.15493055555556,-62.7337458197424
646614.583333333,2.15538194444444,-62.701402045389
646750,2.15583333333333,-62.6716319829057
646885.416666667,2.15628472222222,-62.6444169626223
647020.833333333,2.15673611111111,-62.6197399441286
647156.25,2.1571875,-62.5975854751647
647291.666666667,2.15763888888889,-62.5779396551081
647427.083333333,2.15809027777778,-62.560790102378
647562.5,2.15854166666667,-62.5461259255539
647697.916666667,2.15899305555556,-62.5339376979774
647833.333333333,2.15944444444444,-62.5242174363963
647968.75,2.15989583333333,-62.516958582432
648104.166666667,2.16034722222222,-62.5121559876615
648239.583333333,2.16079861111111,-62.5098059021406
648375,2.16125,-62.5099059655501
648510.416666667,2.16170138888889,-62.512455202246
648645.833333333,2.16215277777778,-62.517454018774
648781.25,2.16260416666667,-62.5249042049125
648916.666666667,2.16305555555556,-62.5348089377563
649052.083333333,2.16350694444444,-62.547172788754
649187.5,2.16395833333333,-62.562001734283
649322.916666667,2.16440972222222,-62.5793031690992
649458.333333333,2.16486111111111,-62.5990859233134
649593.75,2.1653125,-62.6213602825438
649729.166666667,2.16576388888889,-62.6461380119418
649864.583333333,2.16621527777778,-62.6734323831668
650000,2.16666666666667,-62.7032582058113
650135.416666667,2.16711805555556,-62.7356318622044
650270.833333333,2.16756944444444,-62.7705713463466
650406.25,2.16802083333333,-62.8080963075388
650541.666666667,2.16847222222222,-62.8482280977915
650677.083333333,2.16892361111111,-62.8909898247768
650812.5,2.169375,-62.9364064090248
650947.916666667,2.16982638888889,-62.9845046471169
651083.333333333,2.17027777777778,-63.035313280199
651218.75,2.17072916666667,-63.0888630687548
651354.166666667,2.17118055555556,-63.1451868736696
651489.583333333,2.17163194444444,-63.2043197446647
651625,2.17208333333333,-63.2662990158562
651760.416666667,2.17253472222222,-63.3311644096536
651895.833333333,2.17298611111111,-63.3989581495009
652031.25,2.1734375,-63.4697250816272
652166.666666667,2.17388888888889,-63.5435128078773
652302.083333333,2.17434027777778,-63.6203718288502
652437.5,2.17479166666667,-63.7003556998766
652572.916666667,2.17524305555556,-63.7835211999581
652708.333333333,2.17569444444444,-63.8699285151764
652843.75,2.17614583333333,-63.9596414382703
652979.166666667,2.17659722222222,-64.0527275853196
653114.583333333,2.17704861111111,-64.149258631719
653250,2.1775,-64.2493105692106
653385.416666667,2.17795138888889,-64.352963986333
653520.833333333,2.17840277777778,-64.4603043739973
653656.25,2.17885416666667,-64.5714224604678
653791.666666667,2.17930555555556,-64.6864145768214
653927.083333333,2.17975694444444,-64.8053830581922
654062.5,2.18020833333333,-64.9284366841523
654197.916666667,2.18065972222222,-65.055691161883
654333.333333333,2.18111111111111,-65.1872696593457
654468.75,2.1815625,-65.3233033921177
654604.166666667,2.18201388888889,-65.4639322722703
654739.583333333,2.18246527777778,-65.6093056264888
654875,2.18291666666667,-65.7595829923325
655010.416666667,2.18336805555556,-65.9149350028359
655145.833333333,2.18381944444444,-66.0755443724657
655281.25,2.18427083333333,-66.2416069967022
655416.666666667,2.18472222222222,-66.4133331828599
655552.083333333,2.18517361111111,-66.5909490309251
655687.5,2.185625,-66.7746979856474
655822.916666667,2.18607638888889,-66.9648425881323
655958.333333333,2.18652777777778,-67.1616664559764
656093.75,2.18697916666667,-67.3654765304187
656229.166666667,2.18743055555556,-67.5766056340792
656364.583333333,2.18788194444444,-67.7954153917413
656500,2.18833333333333,-68.0222995790132
656635.416666667,2.18878472222222,-68.2576879746085
656770.833333333,2.18923611111111,-68.5020508112562
656906.25,2.1896875,-68.7559039393221
657041.666666667,2.19013888888889,-69.019814845872
657177.083333333,2.19059027777778,-69.2944097025282
657312.5,2.19104166666667,-69.5803816640401
657447.916666667,2.19149305555556,-69.8785006895711
657583.333333333,2.19194444444444,-70.1896252387786
657718.75,2.19239583333333,-70.5147162857574
657854.166666667,2.19284722222222,-70.8548542260864
657989.583333333,2.19329861111111,-71.2112594261297
658125,2.19375,-71.5853173946715
658260.416666667,2.19420138888889,-71.9786098881107
658395.833333333,2.19465277777778,-72.3929537071586
658531.25,2.19510416666667,-72.830449588711
658666.666666667,2.19555555555556,-73.2935445170642
658802.083333333,2.19600694444444,-73.7851121347992
658937.5,2.19645833333333,-74.3085579498661
659072.916666667,2.19690972222222,-74.8679591238849
659208.333333333,2.19736111111111,-75.4682534464505
659343.75,2.1978125,-76.1154998432718
659479.166666667,2.19826388888889,-76.8172455995503
659614.583333333,2.19871527777778,-77.5830574653639
659750,2.19916666666667,-78.4253130939988
659885.416666667,2.19961805555556,-79.360422742917
660020.833333333,2.20006944444444,-80.410796560014
660156.25,2.20052083333333,-81.6081803737376
660291.666666667,2.20097222222222,-82.9996897852363
660427.083333333,2.20142361111111,-84.6596766502223
660562.5,2.201875,-86.7158525634683
660697.916666667,2.20232638888889,-89.4169390935948
660833.333333333,2.20277777777778,-93.3599247263398
660968.75,2.20322916666667,-100.783410314069
661104.166666667,2.20368055555556,-109.894384550827
661239.583333333,2.20413194444444,-96.1745813567161
661375,2.20458333333333,-91.1013864234363
661510.416666667,2.20503472222222,-87.9225866501983
661645.833333333,2.20548611111111,-85.6032434532228
661781.25,2.2059375,-83.7771615913301
661916.666666667,2.20638888888889,-82.2717143792895
662052.083333333,2.20684027777778,-80.9916497948608
662187.5,2.20729166666667,-79.8788054832809
662322.916666667,2.20774305555556,-78.8950466436057
662458.333333333,2.20819444444444,-78.0140107371435
662593.75,2.20864583333333,-77.2167110848303
662729.166666667,2.20909722222222,-76.489018667849
662864.583333333,2.20954861111111,-75.8201346048036
663000,2.21,-75.2016195479139
663135.416666667,2.21045138888889,-74.6267528107042
663270.833333333,2.21090277777778,-74.090095323197
663406.25,2.21135416666667,-73.5871832501351
663541.666666667,2.21180555555556,-73.1143080296695
663677.083333333,2.21225694444444,-72.6683551372
663812.5,2.21270833333333,-72.2466837081524
663947.916666667,2.21315972222222,-71.8470351943976
664083.333333333,2.21361111111111,-71.4674630347868
664218.75,2.2140625,-71.1062777939003
664354.166666667,2.21451388888889,-70.7620038569111
664489.583333333,2.21496527777778,-70.4333448794034
664625,2.21541666666667,-70.1191559477533
664760.416666667,2.21586805555556,-69.8184209467667
664895.833333333,2.21631944444444,-69.530234007103
665031.25,2.21677083333333,-69.2537841795688
665166.666666667,2.21722222222222,-68.9883426878044
665302.083333333,2.21767361111111,-68.7332522530103
665437.5,2.218125,-68.4879181020842
665572.916666667,2.21857638888889,-68.2518003480145
665708.333333333,2.21902777777778,-68.0244075003272
665843.75,2.21947916666667,-67.8052909094524
665979.166666667,2.21993055555556,-67.5940399891368
666114.583333333,2.22038194444444,-67.3902780884992
666250,2.22083333333333,-67.1936589121079
666385.416666667,2.22128472222222,-67.0038634019222
666520.833333333,2.22173611111111,-66.8205970119004
666656.25,2.2221875,-66.6435873180076
666791.666666667,2.22263888888889,-66.4725819138539
666927.083333333,2.22309027777778,-66.3073465540838
667062.5,2.22354166666667,-66.1476635095179
667197.916666667,2.22399305555556,-65.9933301067552
667333.333333333,2.22444444444444,-65.8441574283694
667468.75,2.22489583333333,-65.6999691516722
667604.166666667,2.22534722222222,-65.5606005102878
667739.583333333,2.22579861111111,-65.4258973625266
667875,2.22625,-65.2957153537846
668010.416666667,2.22670138888889,-65.1699191619219
668145.833333333,2.22715277777778,-65.048381816666
668281.25,2.22760416666667,-64.9309840830077
668416.666666667,2.22805555555556,-64.8176139037042
668552.083333333,2.22850694444444,-64.7081658924938
668687.5,2.22895833333333,-64.6025408733677
668822.916666667,2.22940972222222,-64.5006454617894
668958.333333333,2.22986111111111,-64.4023916817093
669093.75,2.2303125,-64.3076966167635
669229.166666667,2.23076388888889,-64.2164820908733
669364.583333333,2.23121527777778,-64.1286743758202
669500,2.23166666666667,-64.0442039233816
669635.416666667,2.23211805555556,-63.9630051195299
669770.833333333,2.23256944444444,-63.8850160585052
669906.25,2.23302083333333,-63.8101783352986
670041.666666667,2.23347222222222,-63.7384368547418
670177.083333333,2.23392361111111,-63.6697396554105
670312.5,2.234375,-63.6040377480779
670447.916666667,2.23482638888889,-63.5412849659688
670583.333333333,2.23527777777778,-63.4814378274307
670718.75,2.23572916666667,-63.4244554088762
670854.166666667,2.23618055555556,-63.3702992276115
670989.583333333,2.23663194444444,-63.3189331340669
671125,2.23708333333333,-63.2703232119271
671260.416666667,2.23753472222222,-63.2244376865815
671395.833333333,2.23798611111111,-63.1812468404922
671531.25,2.2384375,-63.140722935472
671666.666666667,2.23888888888889,-63.1028401409225
671802.083333333,2.23934027777778,-63.0675744685868
671937.5,2.23979166666667,-63.034903711981
672072.916666667,2.24024305555556,-63.0048073918781
672208.333333333,2.24069444444444,-62.9772667058363
672343.75,2.24114583333333,-62.952264482893
672479.166666667,2.24159722222222,-62.9297851426371
672614.583333333,2.24204861111111,-62.9098146578959
672750,2.2425,-62.8923405221612
672885.416666667,2.24295138888889,-62.8773517201804
673020.833333333,2.24340277777778,-62.8648387025534
673156.25,2.24385416666667,-62.8547933636432
673291.666666667,2.24430555555556,-62.8472090232678
673427.083333333,2.24475694444444,-62.8420804111739
673562.5,2.24520833333333,-62.8394036553038
673697.916666667,2.24565972222222,-62.839176272938
673833.333333333,2.24611111111111,-62.841397164994
673968.75,2.2465625,-62.8460666138346
674104.166666667,2.24701388888889,-62.853186283502
674239.583333333,2.24746527777778,-62.8627592238532
674375,2.24791666666667,-62.8747898772646
674510.416666667,2.24836805555556,-62.8892840886305
674645.833333333,2.24881944444444,-62.9062491189636
674781.25,2.24927083333333,-62.9256936616249
674916.666666667,2.24972222222222,-62.9476278624445
675052.083333333,2.25017361111111,-62.9720633431466
675187.5,2.250625,-62.9990132282946
675322.916666667,2.25107638888889,-63.0284921758872
675458.333333333,2.25152777777778,-63.0605164122503
675593.75,2.25197916666667,-63.0951037701845
675729.166666667,2.25243055555556,-63.13227373226
675864.583333333,2.25288194444444,-63.1720474779638
676000,2.25333333333333,-63.2144479355729
676135.416666667,2.25378472222222,-63.2594998396299
676270.833333333,2.25423611111111,-63.3072297928204
676406.25,2.2546875,-63.3576663343007
676541.666666667,2.25513888888889,-63.4108400136442
676677.083333333,2.25559027777778,-63.4667834713007
676812.5,2.25604166666667,-63.5255315260851
676947.916666667,2.25649305555556,-63.5871212701323
677083.333333333,2.25694444444444,-63.6515921717594
677218.75,2.25739583333333,-63.7189861871496
677354.166666667,2.25784722222222,-63.7893478814538
677489.583333333,2.25829861111111,-63.8627245597665
677625,2.25875,-63.9391664098649
677760.416666667,2.25920138888889,-64.0187266561027
677895.833333333,2.25965277777778,-64.1014617272592
678031.25,2.26010416666667,-64.1874314383166
678166.666666667,2.26055555555556,-64.2766991879463
678302.083333333,2.26100694444444,-64.3693321736392
678437.5,2.26145833333333,-64.4654016251557
678572.916666667,2.26190972222222,-64.5649830594491
678708.333333333,2.26236111111111,-64.6681565582172
678843.75,2.2628125,-64.7750070710564
678979.166666667,2.26326388888889,-64.8856247463551
679114.583333333,2.26371527777778,-65.000105294194
679250,2.26416666666667,-65.1185503828931
679385.416666667,2.26461805555556,-65.2410680749343
679520.833333333,2.26506944444444,-65.3677733059302
679656.25,2.26552083333333,-65.4987884110812
679791.666666667,2.26597222222222,-65.6342437067915
679927.083333333,2.26642361111111,-65.7742781317862
680062.5,2.266875,-65.9190399577599
680197.916666667,2.26732638888889,-66.0686875763403
680333.333333333,2.26777777777778,-66.2233903739306
680468.75,2.26822916666667,-66.383329705437
680604.166666667,2.26868055555556,-66.5486999814237
680739.583333333,2.26913194444444,-66.7197098833751
680875,2.26958333333333,-66.8965837272648
681010.416666667,2.27003472222222,-67.0795629961483
681145.833333333,2.27048611111111,-67.2689080680956
681281.25,2.2709375,-67.4649001705536
681416.666666667,2.27138888888889,-67.667843595759
681552.083333333,2.27184027777778,-67.8780682228442
681687.5,2.27229166666667,-68.0959323962266
681822.916666667,2.27274305555556,-68.3218262238668
681958.333333333,2.27319444444444,-68.5561753713355
682093.75,2.27364583333333,-68.7994454418734
682229.166666667,2.27409722222222,-69.0521470566703
682364.583333333,2.27454861111111,-69.31484177279
682500,2.275,-69.5881490099923
682635.416666667,2.27545138888889,-69.8727542003787
682770.833333333,2.27590277777778,-70.1694184300614
682906.25,2.27635416666667,-70.4789899103831
683041.666666667,2.27680555555556,-70.802417715843
683177.083333333,2.27725694444444,-71.1407683440973
683312.5,2.27770833333333,-71.495245825515
683447.916666667,2.27815972222222,-71.8672163377264
683583.333333333,2.27861111111111,-72.2582385884761
683718.75,2.2790625,-72.6701016745938
683854.166666667,2.27951388888889,-73.1048727348644
683989.583333333,2.27996527777778,-73.5649576053739
684125,2.28041666666667,-74.0531789820749
684260.416666667,2.28086805555556,-74.5728785266545
684395.833333333,2.28131944444444,-75.1280522948893
684531.25,2.28177083333333,-75.7235334544982
684666.666666667,2.28222222222222,-76.3652436051231
684802.083333333,2.28267361111111,-77.0605461342377
684937.5,2.283125,-77.8187557545762
685072.916666667,2.28357638888889,-78.6518951536498
685208.333333333,2.28402777777778,-79.5758581772357
685343.75,2.28447916666667,-80.6122735486447
685479.166666667,2.28493055555556,-81.7916456286596
685614.583333333,2.28538194444444,-83.1589915196907
685750,2.28583333333333,-84.7848136896147
685885.416666667,2.28628472222222,-86.7889159265154
686020.833333333,2.28673611111111,-89.4007898293503
686156.25,2.2871875,-93.1553019376996
686291.666666667,2.28763888888889,-99.9152908331768
686427.083333333,2.28809027777778,-114.929468405613
686562.5,2.28854166666667,-97.2792286411813
686697.916666667,2.28899305555556,-91.8502015093098
686833.333333333,2.28944444444444,-88.5375980460521
686968.75,2.28989583333333,-86.1480130530188
687104.166666667,2.29034722222222,-84.2786086286935
687239.583333333,2.29079861111111,-82.7437413982587
687375,2.29125,-81.4423700200787
687510.416666667,2.29170138888889,-80.3133653973505
687645.833333333,2.29215277777778,-79.3169152509167
687781.25,2.29260416666667,-78.4256371045561
687916.666666667,2.29305555555556,-77.6198884514165
688052.083333333,2.29350694444444,-76.8850993855613
688187.5,2.29395833333333,-76.2101636901467
688322.916666667,2.29440972222222,-75.5864212225568
688458.333333333,2.29486111111111,-75.0069885853247
688593.75,2.2953125,-74.4663041571792
688729.166666667,2.29576388888889,-73.9598100419106
688864.583333333,2.29621527777778,-73.4837242810441
689000,2.29666666666667,-73.0348742375662
689135.416666667,2.29711805555556,-72.6105724373082
689270.833333333,2.29756944444444,-72.208522511703
689406.25,2.29802083333333,-71.8267468901234
689541.666666667,2.29847222222222,-71.4635304704784
689677.083333333,2.29892361111111,-71.1173762107899
689812.5,2.299375,-70.7869697374579
689947.916666667,2.29982638888889,-70.4711508577325
690083.333333333,2.30027777777778,-70.168890421442
690218.75,2.30072916666667,-69.8792713707973
690354.166666667,2.30118055555556,-69.6014730985595
690489.583333333,2.30163194444444,-69.3347584467764
690625,2.30208333333333,-69.0784628281448
690760.416666667,2.30253472222222,-68.8319850658633
690895.833333333,2.30298611111111,-68.5947796391171
691031.25,2.3034375,-68.3663500801642
691166.666666667,2.30388888888889,-68.1462433257184
691302.083333333,2.30434027777778,-67.9340448612563
691437.5,2.30479166666667,-67.7293745279791
691572.916666667,2.30524305555556,-67.5318828877696
691708.333333333,2.30569444444444,-67.3412480583549
691843.75,2.30614583333333,-67.1571729485666
691979.166666667,2.30659722222222,-66.9793828338217
692114.583333333,2.30704861111111,-66.8076232236863
692250,2.3075,-66.6416579790276
692385.416666667,2.30795138888889,-66.4812676464095
692520.833333333,2.30840277777778,-66.326247978641
692656.25,2.30885416666667,-66.1764086182547
692791.666666667,2.30930555555556,-66.0315719226699
692927.083333333,2.30975694444444,-65.891571912703
693062.5,2.31020833333333,-65.7562533303249
693197.916666667,2.31065972222222,-65.6254707911498
693333.333333333,2.31111111111111,-65.4990880215574
693468.75,2.3115625,-65.3769771699615
693604.166666667,2.31201388888889,-65.2590181844872
693739.583333333,2.31246527777778,-65.1450982483768
693875,2.31291666666667,-65.0351112686064
694010.416666667,2.31336805555556,-64.9289574104265
694145.833333333,2.31381944444444,-64.8265426735471
694281.25,2.31427083333333,-64.7277785064203
694416.666666667,2.31472222222222,-64.6325814530281
694552.083333333,2.31517361111111,-64.5408728310239
694687.5,2.315625,-64.452578436139
694822.916666667,2.31607638888889,-64.367628271951
694958.333333333,2.31652777777778,-64.2859563016092
695093.75,2.31697916666667,-64.2075002201266
695229.166666667,2.31743055555556,-64.132201244528
695364.583333333,2.31788194444444,-64.0600039215232
695500,2.31833333333333,-63.9908559497981
695635.416666667,2.31878472222222,-63.9247080167021
695770.833333333,2.31923611111111,-63.8615136477092
695906.25,2.3196875,-63.8012290672289
696041.666666667,2.32013888888889,-63.7438130709703
696177.083333333,2.32059027777778,-63.6892269073841
696312.5,2.32104166666667,-63.6374341689536
696447.916666667,2.32149305555556,-63.5884006917174
696583.333333333,2.32194444444444,-63.5420944624581
696718.75,2.32239583333333,-63.4984855336201
696854.166666667,2.32284722222222,-63.4575459446723
696989.583333333,2.32329861111111,-63.4192496498469
697125,2.32375,-63.3835724520216
697260.416666667,2.32420138888889,-63.3504919418485
697395.833333333,2.32465277777778,-63.3199874421869
697531.25,2.32510416666667,-63.2920399577529
697666.666666667,2.32555555555556,-63.2666321288219
697802.083333333,2.32600694444444,-63.2437481897458
697937.5,2.32645833333333,-63.2233739317955
698072.916666667,2.32690972222222,-63.2054966692555
698208.333333333,2.32736111111111,-63.1901052103337
698343.75,2.3278125,-63.1771898308969
698479.166666667,2.32826388888889,-63.1667422521969
698614.583333333,2.32871527777778,-63.1587556219741
698750,2.32916666666667,-63.1532244987053
698885.416666667,2.32961805555556,-63.1501448394233
699020.833333333,2.33006944444444,-63.1495139903891
699156.25,2.33052083333333,-63.1513306812112
699291.666666667,2.33097222222222,-63.15559502188
699427.083333333,2.33142361111111,-63.1623085032426
699562.5,2.331875,-63.1714739999942
699697.916666667,2.33232638888889,-63.1830957775725
699833.333333333,2.33277777777778,-63.1971795015463
699968.75,2.33322916666667,-63.213732250589
700104.166666667,2.33368055555556,-63.2327625326931
700239.583333333,2.33413194444444,-63.254280304464
700375,2.33458333333333,-63.2782969943595
700510.416666667,2.33503472222222,-63.3048255289496
700645.833333333,2.33548611111111,-63.3338803632292
700781.25,2.3359375,-63.3654775145613
700916.666666667,2.33638888888889,-63.3996346010047
701052.083333333,2.33684027777778,-63.4363708831726
701187.5,2.33729166666667,-63.4757073113743
701322.916666667,2.33774305555556,-63.5176665765674
701458.333333333,2.33819444444444,-63.5622731670925
701593.75,2.33864583333333,-63.609553430134
701729.166666667,2.33909722222222,-63.6595356387052
701864.583333333,2.33954861111111,-63.712250065271
702000,2.34,-63.7677290609287
702135.416666667,2.34045138888889,-63.8260071420936
702270.833333333,2.34090277777778,-63.8871210842274
702406.25,2.34135416666667,-63.9511100238081
702541.666666667,2.34180555555556,-64.0180155684012
702677.083333333,2.34225694444444,-64.0878819166788
702812.5,2.34270833333333,-64.1607559879129
702947.916666667,2.34315972222222,-64.2366875628124
703083.333333333,2.34361111111111,-64.3157294361921
703218.75,2.3440625,-64.3979375823002
703354.166666667,2.34451388888889,-64.4833713350359
703489.583333333,2.34496527777778,-64.5720935828116
703625,2.34541666666667,-64.6641709811933
703760.416666667,2.34586805555556,-64.7596741838843
703895.833333333,2.34631944444444,-64.8586780941411
704031.25,2.34677083333333,-64.9612621392785
704166.666666667,2.34722222222222,-65.0675105699602
704302.083333333,2.34767361111111,-65.1775127870857
704437.5,2.348125,-65.2913636998749
704572.916666667,2.34857638888889,-65.4091641175999
704708.333333333,2.34902777777778,-65.5310211795787
704843.75,2.34947916666667,-65.6570488278683
704979.166666667,2.34993055555556,-65.7873683267521
705114.583333333,2.35038194444444,-65.9221088359121
705250,2.35083333333333,-66.0614080434408
705385.416666667,2.35128472222222,-66.2054128652106
705520.833333333,2.35173611111111,-66.3542802213568
705656.25,2.3521875,-66.5081778976161
705791.666666667,2.35263888888889,-66.6672855045313
705927.083333333,2.35309027777778,-66.8317955476596
706062.5,2.35354166666667,-67.001914623714
706197.916666667,2.35399305555556,-67.1778647621699
706333.333333333,2.35444444444444,-67.3598849323114
706468.75,2.35489583333333,-67.5482327423067
706604.166666667,2.35534722222222,-67.7431863590657
706739.583333333,2.35579861111111,-67.9450466853454
706875,2.35625,-68.1541398346867
707010.416666667,2.35670138888889,-68.3708199569574
707145.833333333,2.35715277777778,-68.5954724729825
707281.25,2.35760416666667,-68.8285177933676
707416.666666667,2.35805555555556,-69.0704156102841
707552.083333333,2.35850694444444,-69.3216698709774
707687.5,2.35895833333333,-69.5828345686228
707822.916666667,2.35940972222222,-69.8545205148722
707958.333333333,2.35986111111111,-70.1374033028757
708093.75,2.3603125,-70.4322327194035
708229.166666667,2.36076388888889,-70.7398439359897
708364.583333333,2.36121527777778,-71.0611708955525
708500,2.36166666666667,-71.3972624365001
708635.416666667,2.36211805555556,-71.7493018509034
708770.833333333,2.36256944444444,-72.1186307949351
708906.25,2.36302083333333,-72.5067787700381
709041.666666667,2.36347222222222,-72.9154998035406
709177.083333333,2.36392361111111,-73.3468185535967
709312.5,2.364375,-73.8030888955981
709447.916666667,2.36482638888889,-74.2870692836039
709583.333333333,2.36527777777778,-74.8020209983426
709718.75,2.36572916666667,-75.3518381676552
709854.166666667,2.36618055555556,-75.9412227425835
709989.583333333,2.36663194444444,-76.5759244832273
710125,2.36708333333333,-77.2630772729641
710260.416666667,2.36753472222222,-78.0116822486779
710395.833333333,2.36798611111111,-78.833322072906
710531.25,2.3684375,-79.7432532242631
710666.666666667,2.36888888888889,-80.7621451139687
710802.083333333,2.36934027777778,-81.9189881746851
710937.5,2.36979166666667,-83.2562624117632
711072.916666667,2.37024305555556,-84.8398698443515
711208.333333333,2.37069444444444,-86.7803172511931
711343.75,2.37114583333333,-89.2850539090255
711479.166666667,2.37159722222222,-92.8209144189532
711614.583333333,2.37204861111111,-98.8855052763926
711750,2.3725,-138.823381966533
711885.416666667,2.37295138888889,-98.7154098237743
712020.833333333,2.37340277777778,-92.7405990280839
712156.25,2.37385416666667,-89.2367663333936
712291.666666667,2.37430555555556,-86.7496201731894
712427.083333333,2.37475694444444,-84.820988407113
712562.5,2.37520833333333,-83.24630919591
712697.916666667,2.37565972222222,-81.9163132262489
712833.333333333,2.37611111111111,-80.7657172078251
712968.75,2.3765625,-79.7523848723905
713104.166666667,2.37701388888889,-78.8475320283162
713239.583333333,2.37746527777778,-78.0306205083795
713375,2.37791666666667,-77.2864813288814
713510.416666667,2.37836805555556,-76.6035924002866
713645.833333333,2.37881944444444,-75.9729958517811
713781.25,2.37927083333333,-75.3875895276013
713916.666666667,2.37972222222222,-74.8416474637589
714052.083333333,2.38017361111111,-74.3304859044889
714187.5,2.380625,-73.8502248749199
714322.916666667,2.38107638888889,-73.3976142663128
714458.333333333,2.38152777777778,-72.9699045623051
714593.75,2.38197916666667,-72.5647491222682
714729.166666667,2.38243055555556,-72.1801292072887
714864.583333333,2.38288194444444,-71.8142956793576
715000,2.38333333333333,-71.4657231113016
715135.416666667,2.38378472222222,-71.1330732686829
715270.833333333,2.38423611111111,-70.8151657548342
715406.25,2.3846875,-70.5109541976777
715541.666666667,2.38513888888889,-70.2195067672571
715677.083333333,2.38559027777778,-69.9399901142989
715812.5,2.38604166666667,-69.671656030193
715947.916666667,2.38649305555556,-69.4138302967128
716083.333333333,2.38694444444444,-69.1659033046096
716218.75,2.38739583333333,-68.9273221172828
716354.166666667,2.38784722222222,-68.697583719547
716489.583333333,2.38829861111111,-68.4762292443777
716625,2.38875,-68.2628390145516
716760.416666667,2.38920138888889,-68.0570282630109
716895.833333333,2.38965277777778,-67.8584434248425
717031.25,2.39010416666667,-67.6667589107345
717166.666666667,2.39055555555556,-67.4816742901512
717302.083333333,2.39100694444444,-67.3029118216122
717437.5,2.39145833333333,-67.1302142819134
717572.916666667,2.39190972222222,-66.9633430505814
717708.333333333,2.39236111111111,-66.8020764150594
717843.75,2.3928125,-66.6462080672345
717979.166666667,2.39326388888889,-66.4955457646956
718114.583333333,2.39371527777778,-66.3499101375288
718250,2.39416666666667,-66.2091336203165
718385.416666667,2.39461805555556,-66.0730594951099
718520.833333333,2.39506944444444,-65.9415410316634
718656.25,2.39552083333333,-65.8144407130401
718791.666666667,2.39597222222222,-65.6916295370161
718927.083333333,2.39642361111111,-65.5729863848004
719062.5,2.396875,-65.4583974489483
719197.916666667,2.39732638888889,-65.3477557144913
719333.333333333,2.39777777777778,-65.2409604876122
719468.75,2.39822916666667,-65.1379169661058
719604.166666667,2.39868055555556,-65.0385358484902
719739.583333333,2.39913194444444,-64.9427329766954
719875,2.39958333333333,-64.8504290093538
720010.416666667,2.40003472222222,-64.7615491234764
720145.833333333,2.40048611111111,-64.6760227401524
720281.25,2.4009375,-64.5937832736457
720416.666666667,2.40138888888889,-64.514767900738
720552.083333333,2.40184027777778,-64.4389173485315
720687.5,2.40229166666667,-64.3661756997583
720822.916666667,2.40274305555556,-64.2964902129628
720958.333333333,2.40319444444444,-64.2298111574367
721093.75,2.40364583333333,-64.1660916606545
721229.166666667,2.40409722222222,-64.1052875679702
721364.583333333,2.40454861111111,-64.0473573127373
721500,2.405,-63.9922617972683
721635.416666667,2.40545138888889,-63.9399642821894
721770.833333333,2.40590277777778,-63.8904302850733
721906.25,2.40635416666667,-63.8436274866413
722041.666666667,2.40680555555556,-63.799525644388
722177.083333333,2.40725694444444,-63.7580965132934
722312.5,2.40770833333333,-63.7193137724475
722447.916666667,2.40815972222222,-63.6831529582217
722583.333333333,2.40861111111111,-63.6495914026146
722718.75,2.4090625,-63.6186081771159
722854.166666667,2.40951388888889,-63.590184041093
722989.583333333,2.40996527777778,-63.5643013956262
723125,2.41041666666667,-63.5409442408773
723260.416666667,2.41086805555556,-63.5200981382416
723395.833333333,2.41131944444444,-63.5017501765711
723531.25,2.41177083333333,-63.4858889415647
723666.666666667,2.41222222222222,-63.4725044897993
723802.083333333,2.41267361111111,-63.4615883253827
723937.5,2.413125,-63.4531333808528
724072.916666667,2.41357638888889,-63.4471340008534
724208.333333333,2.41402777777778,-63.4435859294094
724343.75,2.41447916666667,-63.442486300082
724479.166666667,2.41493055555556,-63.4438336298553
724614.583333333,2.41538194444444,-63.4476278153945
724750,2.41583333333333,-63.4538701331265
724885.416666667,2.41628472222222,-63.4625632419592
725020.833333333,2.41673611111111,-63.4737111892403
725156.25,2.4171875,-63.4873194201962
725291.666666667,2.41763888888889,-63.5033947898714
725427.083333333,2.41809027777778,-63.5219455791645
725562.5,2.41854166666667,-63.5429815135311
725697.916666667,2.41899305555556,-63.5665137854256
725833.333333333,2.41944444444444,-63.592555080301
725968.75,2.41989583333333,-63.6211196061439
726104.166666667,2.42034722222222,-63.652223126798
726239.583333333,2.42079861111111,-63.6858829995579
726375,2.42125,-63.7221182165743
726510.416666667,2.42170138888889,-63.7609494508208
726645.833333333,2.42215277777778,-63.8023991068499
726781.25,2.42260416666667,-63.8464913760356
726916.666666667,2.42305555555556,-63.8932522975509
727052.083333333,2.42350694444444,-63.9427098245288
727187.5,2.42395833333333,-63.9948938960095
727322.916666667,2.42440972222222,-64.0498365158655
727458.333333333,2.42486111111111,-64.1075718376664
727593.75,2.4253125,-64.1681362574808
727729.166666667,2.42576388888889,-64.2315685142899
727864.583333333,2.42621527777778,-64.2979097986955
728000,2.42666666666667,-64.3672038712935
728135.416666667,2.42711805555556,-64.4394971903535
728270.833333333,2.42756944444444,-64.514839050904
728406.25,2.42802083333333,-64.5932817350884
728541.666666667,2.42847222222222,-64.6748806756848
728677.083333333,2.42892361111111,-64.7596946330888
728812.5,2.429375,-64.847785888393
728947.916666667,2.42982638888889,-64.9392204522968
729083.333333333,2.43027777777778,-65.034068293162
729218.75,2.43072916666667,-65.1324035849092
729354.166666667,2.43118055555556,-65.2343049772621
729489.583333333,2.43163194444444,-65.3398558909144
729625,2.43208333333333,-65.4491448393512
729760.416666667,2.43253472222222,-65.562265781589
729895.833333333,2.43298611111111,-65.6793185079741
730031.25,2.4334375,-65.800409063579
730166.666666667,2.43388888888889,-65.9256502127996
730302.083333333,2.43434027777778,-66.0551619514204
730437.5,2.43479166666667,-66.189072069627
730572.916666667,2.43524305555556,-66.3275167748097
730708.333333333,2.43569444444444,-66.4706413790534
730843.75,2.43614583333333,-66.6186010617988
730979.166666667,2.43659722222222,-66.7715617165539
731114.583333333,2.43704861111111,-66.9297008922408
731250,2.4375,-67.0932088439738
731385.416666667,2.43795138888889,-67.2622897067084
731520.833333333,2.43840277777778,-67.4371628108586
731656.25,2.43885416666667,-67.6180641596964
731791.666666667,2.43930555555556,-67.8052480945541
731927.083333333,2.43975694444444,-67.9989891746267
732062.5,2.44020833333333,-68.1995843081856
732197.916666667,2.44065972222222,-68.4073551742296
732333.333333333,2.44111111111111,-68.6226509844454
732468.75,2.4415625,-68.8458516448406
732604.166666667,2.44201388888889,-69.0773713864042
732739.583333333,2.44246527777778,-69.3176629538438
732875,2.44291666666667,-69.5672224553594
733010.416666667,2.44336805555556,-69.8265950047746
733145.833333333,2.44381944444444,-70.0963813157752
733281.25,2.44427083333333,-70.3772454474606
733416.666666667,2.44472222222222,-70.66992395126
733552.083333333,2.44517361111111,-70.9752367355913
733687.5,2.445625,-71.2941000486959
733822.916666667,2.44607638888889,-71.6275420967529
733958.333333333,2.44652777777778,-71.9767219661605
734093.75,2.44697916666667,-72.3429527244
734229.166666667,2.44743055555556,-72.7277298606967
734364.583333333,2.44788194444444,-73.1327666168322
734500,2.44833333333333,-73.5600383144754
734635.416666667,2.44878472222222,-74.011838578452
734770.833333333,2.44923611111111,-74.4908514999102
734906.25,2.4496875,-75.0002454955969
735041.666666667,2.45013888888889,-75.5437971903976
735177.083333333,2.45059027777778,-76.126057640481
735312.5,2.45104166666667,-76.7525795475903
735447.916666667,2.45149305555556,-77.4302344553817
735583.333333333,2.45194444444444,-78.1676664029799
735718.75,2.45239583333333,-78.9759591609725
735854.166666667,2.45284722222222,-79.8696503841454
735989.583333333,2.45329861111111,-80.8683345073591
736125,2.45375,-81.9993190639618
736260.416666667,2.45420138888889,-83.3022926832222
736395.833333333,2.45465277777778,-84.8381648662472
736531.25,2.45510416666667,-86.7075459384713
736666.666666667,2.45555555555556,-89.0951017578523
736802.083333333,2.45600694444444,-92.4008780299525
736937.5,2.45645833333333,-97.8058151475163
737072.916666667,2.45690972222222,-115.079833043416
737208.333333333,2.45736111111111,-100.586965218745
737343.75,2.4578125,-93.7866833018152
737479.166666667,2.45826388888889,-90.0224056683807
737614.583333333,2.45871527777778,-87.4074766556273
737750,2.45916666666667,-85.4028746643042
737885.416666667,2.45961805555556,-83.7777963818026
738020.833333333,2.46006944444444,-82.4118927917064
738156.25,2.46052083333333,-81.2343941861366
738291.666666667,2.46097222222222,-80.200137070183
738427.083333333,2.46142361111111,-79.2785301661992
738562.5,2.461875,-78.4478898881945
738697.916666667,2.46232638888889,-77.6922860525166
738833.333333333,2.46277777777778,-76.999670947199
738968.75,2.46322916666667,-76.3607120636211
739104.166666667,2.46368055555556,-75.7680330107343
739239.583333333,2.46413194444444,-75.2157024673321
739375,2.46458333333333,-74.6988798503579
739510.416666667,2.46503472222222,-74.2135633494845
739645.833333333,2.46548611111111,-73.7564067685446
739781.25,2.4659375,-73.324583789194
739916.666666667,2.46638888888889,-72.9156856470971
740052.083333333,2.46684027777778,-72.527642809684
740187.5,2.46729166666667,-72.1586642042313
740322.916666667,2.46774305555556,-71.8071894769317
740458.333333333,2.46819444444444,-71.4718510681569
740593.75,2.46864583333333,-71.1514437775179
740729.166666667,2.46909722222222,-70.8449001108267
740864.583333333,2.46954861111111,-70.5512701386844
741000,2.47,-70.269704911829
741135.416666667,2.47045138888889,-69.9994427043341
741270.833333333,2.47090277777778,-69.7397975254527
741406.25,2.47135416666667,-69.490149465877
741541.666666667,2.47180555555556,-69.2499365373442
741677.083333333,2.47225694444444,-69.018647736846
741812.5,2.47270833333333,-68.7958171221269
741947.916666667,2.47315972222222,-68.5810187250141
742083.333333333,2.47361111111111,-68.3738621663304
742218.75,2.4740625,-68.1739888579183
742354.166666667,2.47451388888889,-67.9810687006311
742489.583333333,2.47496527777778,-67.7947972028812
742625,2.47541666666667,-67.6148929561346
742760.416666667,2.47586805555556,-67.4410954171231
742895.833333333,2.47631944444444,-67.2731629516069
743031.25,2.47677083333333,-67.1108711049237
743166.666666667,2.47722222222222,-66.9540110675998
743302.083333333,2.47767361111111,-66.802388311276
743437.5,2.478125,-66.6558213713654
743572.916666667,2.47857638888889,-66.5141407597571
743708.333333333,2.47902777777778,-66.3771879900023
743843.75,2.47947916666667,-66.2448147015566
743979.166666667,2.47993055555556,-66.1168818722797
744114.583333333,2.48038194444444,-65.9932591073505
744250,2.48083333333333,-65.8738239974365
744385.416666667,2.48128472222222,-65.7584615368494
744520.833333333,2.48173611111111,-65.6470635963339
744656.25,2.4821875,-65.539528443875
744791.666666667,2.48263888888889,-65.4357603088462
744927.083333333,2.48309027777778,-65.3356689842806
745062.5,2.48354166666667,-65.2391694646946
745197.916666667,2.48399305555556,-65.1461816140546
745333.333333333,2.48444444444444,-65.0566298631223
745468.75,2.48489583333333,-64.9704429312036
745604.166666667,2.48534722222222,-64.8875535712307
745739.583333333,2.48579861111111,-64.807898336199
745875,2.48625,-64.7314173636757
746010.416666667,2.48670138888889,-64.6580541783275
746145.833333333,2.48715277777778,-64.587755509871
746281.25,2.48760416666667,-64.5204711253463
746416.666666667,2.48805555555556,-64.4561536745882
746552.083333333,2.48850694444444,-64.3947585480138
746687.5,2.48895833333333,-64.3362437450158
746822.916666667,2.48940972222222,-64.2805697529879
746958.333333333,2.48986111111111,-64.2276994355548
747093.75,2.4903125,-64.1775979293924
747229.166666667,2.49076388888889,-64.1302325495093
747364.583333333,2.49121527777778,-64.0855727013622
747500,2.49166666666667,-64.0435898004878
747635.416666667,2.49211805555556,-64.004257198274
747770.833333333,2.49256944444444,-63.9675501138629
747906.25,2.49302083333333,-63.9334455717004
748041.666666667,2.49347222222222,-63.9019223444952
748177.083333333,2.49392361111111,-63.8729609008927
748312.5,2.494375,-63.8465433582059
748447.916666667,2.49482638888889,-63.8226534394547
748583.333333333,2.49527777777778,-63.8012764345444
748718.75,2.49572916666667,-63.7823991656975
748854.166666667,2.49618055555556,-63.7660099566101
748989.583333333,2.49663194444444,-63.7520986052645
749125,2.49708333333333,-63.7406563606709
749260.416666667,2.49753472222222,-63.7316759024599
749395.833333333,2.49798611111111,-63.7251513244391
749531.25,2.4984375,-63.7210781210873
749666.666666667,2.49888888888889,-63.7194531773155
749802.083333333,2.49934027777778,-63.7202747615465
749937.5,2.49979166666667,-63.7235425216196
750072.916666667,2.50024305555556,-63.7292574842421
750208.333333333,2.50069444444444,-63.7374220570799
750343.75,2.50114583333333,-63.7480400343381
750479.166666667,2.50159722222222,-63.7611166051962
750614.583333333,2.50204861111111,-63.7766583658807
750750,2.5025,-63.7946733342771
750885.416666667,2.50295138888889,-63.8151709686325
751020.833333333,2.50340277777778,-63.8381621889221
751156.25,2.50385416666667,-63.8636594025649
751291.666666667,2.50430555555556,-63.8916765329588
751427.083333333,2.50475694444444,-63.9222290522024
751562.5,2.50520833333333,-63.9553340179589
751697.916666667,2.50565972222222,-63.9910101139608
751833.333333333,2.50611111111111,-64.0292776952476
751968.75,2.5065625,-64.0701588378278
752104.166666667,2.50701388888889,-64.1136773933668
752239.583333333,2.50746527777778,-64.1598590485918
752375,2.50791666666667,-64.208731390772
752510.416666667,2.50836805555556,-64.2603239786339
752645.833333333,2.50881944444444,-64.3146684193593
752781.25,2.50927083333333,-64.3717984530058
752916.666666667,2.50972222222222,-64.4317500431258
753052.083333333,2.51017361111111,-64.4945614761589
753187.5,2.510625,-64.5602734681767
753322.916666667,2.51107638888889,-64.6289292814199
753458.333333333,2.51152777777778,-64.7005748503175
753593.75,2.51197916666667,-64.7752589180647
753729.166666667,2.51243055555556,-64.8530331848155
753864.583333333,2.51288194444444,-64.9339524686285
754000,2.51333333333333,-65.0180748798127
754135.416666667,2.51378472222222,-65.1054620106263
754270.833333333,2.51423611111111,-65.1961791412423
754406.25,2.5146875,-65.2902954637236
754541.666666667,2.51513888888889,-65.3878843262812
754677.083333333,2.51559027777778,-65.4890234987522
754812.5,2.51604166666667,-65.5937954628411
754947.916666667,2.51649305555556,-65.7022877287909
755083.333333333,2.51694444444444,-65.8145931816698
755218.75,2.51739583333333,-65.9308104606388
755354.166666667,2.51784722222222,-66.0510443747535
755489.583333333,2.51829861111111,-66.1754063593863
755625,2.51875,-66.3040149785112
755760.416666667,2.51920138888889,-66.4369964777461
755895.833333333,2.51965277777778,-66.5744853946687
756031.25,2.52010416666667,-66.7166252336547
756166.666666667,2.52055555555556,-66.8635692132387
756302.083333333,2.52100694444444,-67.01548109543
756437.5,2.52145833333333,-67.1725361086033
756572.916666667,2.52190972222222,-67.3349219753081
756708.333333333,2.52236111111111,-67.502840061454
756843.75,2.5228125,-67.6765066628414
756979.166666667,2.52326388888889,-67.8561544497567
757114.583333333,2.52371527777778,-68.042034093732
757250,2.52416666666667,-68.2344161035456
757385.416666667,2.52461805555556,-68.4335929052053
757520.833333333,2.52506944444444,-68.6398812038034
757656.25,2.52552083333333,-68.8536246760302
757791.666666667,2.52597222222222,-69.0751970491181
757927.083333333,2.52642361111111,-69.3050056358761
758062.5,2.526875,-69.5434954072765
758197.916666667,2.52732638888889,-69.7911537062753
758333.333333333,2.52777777777778,-70.0485157259768
758468.75,2.52822916666667,-70.3161709055075
758604.166666667,2.52868055555556,-70.5947704368809
758739.583333333,2.52913194444444,-70.8850361191693
758875,2.52958333333333,-71.1877708642579
759010.416666667,2.53003472222222,-71.5038712350771
759145.833333333,2.53048611111111,-71.8343425096744
759281.25,2.5309375,-72.1803169057007
759416.666666667,2.53138888888889,-72.5430757968076
759552.083333333,2.53184027777778,-72.9240770167192
759687.5,2.53229166666667,-73.3249887196053
759822.916666667,2.53274305555556,-73.7477317764605
759958.333333333,2.53319444444444,-74.1945334341811
760093.75,2.53364583333333,-74.6679960223731
760229.166666667,2.53409722222222,-75.1711860792524
760364.583333333,2.53454861111111,-75.7077516416425
760500,2.535,-76.2820790977237
760635.416666667,2.53545138888889,-76.8995067899672
760770.833333333,2.53590277777778,-77.566621936498
760906.25,2.53635416666667,-78.2916831968578
761041.666666667,2.53680555555556,-79.0852386304147
761177.083333333,2.53725694444444,-79.9610586178998
761312.5,2.53770833333333,-80.9375984705105
761447.916666667,2.53815972222222,-82.040398402586
761583.333333333,2.53861111111111,-83.3062491950213
761718.75,2.5390625,-84.7909557635131
761854.166666667,2.53951388888889,-86.5852221687792
761989.583333333,2.53996527777778,-88.8516222169269
762125,2.54041666666667,-91.9288486923717
762260.416666667,2.54086805555556,-96.7399751411271
762395.833333333,2.54131944444444,-108.442880584419
762531.25,2.54177083333333,-103.115578182562
762666.666666667,2.54222222222222,-95.016283005457
762802.083333333,2.54267361111111,-90.9016920890898
762937.5,2.543125,-88.123588243732
763072.916666667,2.54357638888889,-86.0245250974537
763208.333333333,2.54402777777778,-84.337798209801
763343.75,2.54447916666667,-82.9284590763139
763479.166666667,2.54493055555556,-81.7186812999262
763614.583333333,2.54538194444444,-80.6594733089993
763750,2.54583333333333,-79.7179873592882
763885.416666667,2.54628472222222,-78.8711235357209
764020.833333333,2.54673611111111,-78.1020177418134
764156.25,2.5471875,-77.3979814857776
764291.666666667,2.54763888888889,-76.7492279676162
764427.083333333,2.54809027777778,-76.1480497485618
764562.5,2.54854166666667,-75.5882685626536
764697.916666667,2.54899305555556,-75.0648558702588
764833.333333333,2.54944444444444,-74.5736642705244
764968.75,2.54989583333333,-74.111233041188
765104.166666667,2.55034722222222,-73.674644536175
765239.583333333,2.55079861111111,-73.2614162684683
765375,2.55125,-72.8694185416133
765510.416666667,2.55170138888889,-72.4968106953655
765645.833333333,2.55215277777778,-72.1419911388198
765781.25,2.55260416666667,-71.8035577370846
765916.666666667,2.55305555555556,-71.4802760831999
766052.083333333,2.55350694444444,-71.1710538411686
766187.5,2.55395833333333,-70.8749198176786
766322.916666667,2.55440972222222,-70.5910067552118
766458.333333333,2.55486111111111,-70.3185370781788
766593.75,2.5553125,-70.0568110050567
766729.166666667,2.55576388888889,-69.8051965698687
766864.583333333,2.55621527777778,-69.563121197469
767000,2.55666666666667,-69.3300645494825
767135.416666667,2.55711805555556,-69.1055524196812
767270.833333333,2.55756944444444,-68.8891514976307
767406.25,2.55802083333333,-68.6804648576405
767541.666666667,2.55847222222222,-68.4791280558752
767677.083333333,2.55892361111111,-68.2848057384815
767812.5,2.559375,-68.0971886848852
767947.916666667,2.55982638888889,-67.9159912186135
768083.333333333,2.56027777777778,-67.7409489339514
768218.75,2.56072916666667,-67.571816692452
768354.166666667,2.56118055555556,-67.4083668523866
768489.583333333,2.56163194444444,-67.250387698775
768625,2.56208333333333,-67.0976820482771
768760.416666667,2.56253472222222,-66.9500660053672
768895.833333333,2.56298611111111,-66.8073678510387
769031.25,2.5634375,-66.6694270475985
769166.666666667,2.56388888888889,-66.5360933446805
769302.083333333,2.56434027777778,-66.4072259757624
769437.5,2.56479166666667,-66.2826929329731
769572.916666667,2.56524305555556,-66.162370312357
769708.333333333,2.56569444444444,-66.0461417213751
769843.75,2.56614583333333,-65.9338977414252
769979.166666667,2.56659722222222,-65.8255354398464
770114.583333333,2.56704861111111,-65.7209579260495
770250,2.5675,-65.6200739468946
770385.416666667,2.56795138888889,-65.5227975177072
770520.833333333,2.56840277777778,-65.4290475850254
770656.25,2.56885416666667,-65.3387477181404
770791.666666667,2.56930555555556,-65.2518258264666
770927.083333333,2.56975694444444,-65.1682139005831
771062.5,2.57020833333333,-65.0878477740771
771197.916666667,2.57065972222222,-65.0106669053805
771333.333333333,2.57111111111111,-64.9366141765521
771468.75,2.5715625,-64.8656357083803
771604.166666667,2.57201388888889,-64.7976806901474
771739.583333333,2.57246527777778,-64.7327012225176
771875,2.57291666666667,-64.6706521730792
772010.416666667,2.57336805555556,-64.611491042668
772145.833333333,2.57381944444444,-64.5551778425516
772281.25,2.57427083333333,-64.5016749807748
772416.666666667,2.57472222222222,-64.4509471576294
772552.083333333,2.57517361111111,-64.4029612688294
772687.5,2.575625,-64.3576863169742
772822.916666667,2.57607638888889,-64.3150933293384
772958.333333333,2.57652777777778,-64.2751552825257
773093.75,2.57697916666667,-64.2378470334935
773229.166666667,2.57743055555556,-64.2031452556493
773364.583333333,2.57788194444444,-64.1710283810428
773500,2.57833333333333,-64.141476546983
773635.416666667,2.57878472222222,-64.1144715479553
773770.833333333,2.57923611111111,-64.0899967916714
773906.25,2.5796875,-64.0680372596028
774041.666666667,2.58013888888889,-64.0485794713962
774177.083333333,2.58059027777778,-64.0316114535639
774312.5,2.58104166666667,-64.0171227113548
774447.916666667,2.58149305555556,-64.0051042048357
774583.333333333,2.58194444444444,-63.9955483279375
774718.75,2.58239583333333,-63.9884488911126
774854.166666667,2.58284722222222,-63.983801107501
774989.583333333,2.58329861111111,-63.9816015816386
775125,2.58375,-63.9818483022729
775260.416666667,2.58420138888889,-63.9845406374733
775395.833333333,2.58465277777778,-63.9896793333918
775531.25,2.58510416666667,-63.9972665158278
775666.666666667,2.58555555555556,-64.0073056951852
775802.083333333,2.58600694444444,-64.0198017742038
775937.5,2.58645833333333,-64.0347610592628
776072.916666667,2.58690972222222,-64.0521912745984
776208.333333333,2.58736111111111,-64.072101579985
776343.75,2.5878125,-64.0945025918304
776479.166666667,2.58826388888889,-64.119406407466
776614.583333333,2.58871527777778,-64.1468266336238
776750,2.58916666666667,-64.1767784180127
776885.416666667,2.58961805555556,-64.2092784852238
777020.833333333,2.59006944444444,-64.2443451766442
777156.25,2.59052083333333,-64.281998494592
777291.666666667,2.59097222222222,-64.3222601510184
777427.083333333,2.59142361111111,-64.36515362109
777562.5,2.591875,-64.4107042016592
777697.916666667,2.59232638888889,-64.4589390753577
777833.333333333,2.59277777777778,-64.5098873802386
777968.75,2.59322916666667,-64.5635802857586
778104.166666667,2.59368055555556,-64.620051075171
778239.583333333,2.59413194444444,-64.6793352352389
778375,2.59458333333333,-64.7414705531453
778510.416666667,2.59503472222222,-64.8064972221877
778645.833333333,2.59548611111111,-64.8744579558808
778781.25,2.5959375,-64.9453981118557
778916.666666667,2.59638888888889,-65.0193658262714
779052.083333333,2.59684027777778,-65.0964121593131
779187.5,2.59729166666667,-65.1765912534652
779322.916666667,2.59774305555556,-65.259960504698
779458.333333333,2.59819444444444,-65.3465807489784
779593.75,2.59864583333333,-65.4365164644783
779729.166666667,2.59909722222222,-65.5298359918249
779864.583333333,2.59954861111111,-65.6266117733233
780000,2.6,-65.7269206143852
780135.416666667,2.60045138888889,-65.8308439677701
780270.833333333,2.60090277777778,-65.9384682448082
780406.25,2.60135416666667,-66.0498851546004
780541.666666667,2.60180555555556,-66.1651920763359
780677.083333333,2.60225694444444,-66.2844924668927
780812.5,2.60270833333333,-66.4078963080213
780947.916666667,2.60315972222222,-66.5355205986135
781083.333333333,2.60361111111111,-66.6674898962329
781218.75,2.6040625,-66.8039369147888
781354.166666667,2.60451388888889,-66.9450031846787
781489.583333333,2.60496527777778,-67.0908397842584
781625,2.60541666666667,-67.2416081504412
781760.416666667,2.60586805555556,-67.3974809807982
781895.833333333,2.60631944444444,-67.5586432377009
782031.25,2.60677083333333,-67.7252932701284
782166.666666667,2.60722222222222,-67.8976440695644
782302.083333333,2.60767361111111,-68.0759246784171
782437.5,2.608125,-68.2603817761575
782572.916666667,2.60857638888889,-68.4512814677293
782708.333333333,2.60902777777778,-68.6489113082929
782843.75,2.60947916666667,-68.8535826011794
782979.166666667,2.60993055555556,-69.0656330154841
783114.583333333,2.61038194444444,-69.2854295768076
783250,2.61083333333333,-69.5133720984367
783385.416666667,2.61128472222222,-69.7498971313521
783520.833333333,2.61173611111111,-69.9954825312986
783656.25,2.6121875,-70.2506527616105
783791.666666667,2.61263888888889,-70.515985078426
783927.083333333,2.61309027777778,-70.7921167819541
784062.5,2.61354166666667,-71.0797537594952
784197.916666667,2.61399305555556,-71.3796806089832
784333.333333333,2.61444444444444,-71.6927727059555
784468.75,2.61489583333333,-72.0200106797703
784604.166666667,2.61534722222222,-72.3624979002327
784739.583333333,2.61579861111111,-72.721481758889
784875,2.61625,-73.098379777188
785010.416666667,2.61670138888889,-73.4948119186084
785145.833333333,2.61715277777778,-73.9126409618056
785281.25,2.61760416666667,-74.3540234756786
785416.666666667,2.61805555555556,-74.8214749222713
785552.083333333,2.61850694444444,-75.3179538646089
785687.5,2.61895833333333,-75.8469724261859
785822.916666667,2.61940972222222,-76.4127434840348
785958.333333333,2.61986111111111,-77.0203802997772
786093.75,2.6203125,-77.6761727412847
786229.166666667,2.62076388888889,-78.3879783082685
786364.583333333,2.62121527777778,-79.1657904505605
786500,2.62166666666667,-80.0225903524633
786635.416666667,2.62211805555556,-80.9756708310414
786770.833333333,2.62256944444444,-82.0487859679818
786906.25,2.62302083333333,-83.2758337418326
787041.666666667,2.62347222222222,-84.7076052583672
787177.083333333,2.62392361111111,-86.425289076137
787312.5,2.624375,-88.5709250520204
787447.916666667,2.62482638888889,-91.4291929290549
787583.333333333,2.62527777777778,-95.7202877608632
787718.75,2.62572916666667,-104.570020534758
787854.166666667,2.62618055555556,-106.842636596343
787989.583333333,2.62663194444444,-96.4774099557468
788125,2.62708333333333,-91.8873610847687
788260.416666667,2.62753472222222,-88.9025195823864
788395.833333333,2.62798611111111,-86.6877134167916
788531.25,2.6284375,-84.9269430980538
788666.666666667,2.62888888888889,-83.4661278998751
788802.083333333,2.62934027777778,-82.2184613594544
788937.5,2.62979166666667,-81.1301785362974
789072.916666667,2.63024305555556,-80.165659879108
789208.333333333,2.63069444444444,-79.3000856188094
789343.75,2.63114583333333,-78.5154679440159
789479.166666667,2.63159722222222,-77.7983530814433
789614.583333333,2.63204861111111,-77.1384150213108
789750,2.6325,-76.5275554435144
789885.416666667,2.63295138888889,-75.959305805257
790020.833333333,2.63340277777778,-75.4284174827816
790156.25,2.63385416666667,-74.9305731743006
790291.666666667,2.63430555555556,-74.4621789062291
790427.083333333,2.63475694444444,-74.0202110531884
790562.5,2.63520833333333,-73.6021017823213
790697.916666667,2.63565972222222,-73.2056518947243
790833.333333333,2.63611111111111,-72.8289635573786
790968.75,2.6365625,-72.4703877163897
791104.166666667,2.63701388888889,-72.1284825068118
791239.583333333,2.63746527777778,-71.8019800092224
791375,2.63791666666667,-71.4897594218661
791510.416666667,2.63836805555556,-71.1908252164801
791645.833333333,2.63881944444444,-70.9042892070904
791781.25,2.63927083333333,-70.6293557196941
791916.666666667,2.63972222222222,-70.3653092410351
792052.083333333,2.64017361111111,-70.111504064982
792187.5,2.640625,-69.8673555612911
792322.916666667,2.64107638888889,-69.6323327707437
792458.333333333,2.64152777777778,-69.4059520924921
792593.75,2.64197916666667,-69.1877718752393
792729.166666667,2.64243055555556,-68.9773877620761
792864.583333333,2.64288194444444,-68.7744286657134
793000,2.64333333333333,-68.5785532754393
793135.416666667,2.64378472222222,-68.38944701231
793270.833333333,2.64423611111111,-68.2068193668295
793406.25,2.6446875,-68.0304015619972
793541.666666667,2.64513888888889,-67.8599444954954
793677.083333333,2.64559027777778,-67.695216922245
793812.5,2.64604166666667,-67.5360038438545
793947.916666667,2.64649305555556,-67.3821050783665
794083.333333333,2.64694444444444,-67.2333339855601
794218.75,2.64739583333333,-67.0895163290353
794354.166666667,2.64784722222222,-66.9504892571232
794489.583333333,2.64829861111111,-66.8161003889957
794625,2.64875,-66.6862069918806
794760.416666667,2.64920138888889,-66.5606752407189
794895.833333333,2.64965277777778,-66.4393795484917
795031.25,2.65010416666667,-66.3222019615332
795166.666666667,2.65055555555556,-66.2090316104515
795302.083333333,2.65100694444444,-66.099764212019
795437.5,2.65145833333333,-65.9943016166182
795572.916666667,2.65190972222222,-65.8925513951729
795708.333333333,2.65236111111111,-65.7944264631229
795843.75,2.6528125,-65.6998447365125
795979.166666667,2.65326388888889,-65.6087288178272
796114.583333333,2.65371527777778,-65.5210057077481
796250,2.65416666666667,-65.4366065415504
796385.416666667,2.65461805555556,-65.3554663466456
796520.833333333,2.65506944444444,-65.2775238202042
796656.25,2.65552083333333,-65.2027211245506
796791.666666667,2.65597222222222,-65.1310036986916
796927.083333333,2.65642361111111,-65.0623200854231
797062.5,2.656875,-64.9966217711044
797197.916666667,2.65732638888889,-64.933863038779
797333.333333333,2.65777777777778,-64.8740008323167
797468.75,2.65822916666667,-64.8169946312432
797604.166666667,2.65868055555556,-64.7628063351121
797739.583333333,2.65913194444444,-64.7114001572267
797875,2.65958333333333,-64.6627425262112
798010.416666667,2.66003472222222,-64.6168019956011
798145.833333333,2.66048611111111,-64.5735491603758
798281.25,2.6609375,-64.5329565802774
798416.666666667,2.66138888888889,-64.4949987093748
798552.083333333,2.66184027777778,-64.4596518310885
798687.5,2.66229166666667,-64.4268939991583
798822.916666667,2.66274305555556,-64.3967049833701
798958.333333333,2.66319444444444,-64.3690662202585
799093.75,2.66364583333333,-64.3439607682675
799229.166666667,2.66409722222222,-64.3213732674193
799364.583333333,2.66454861111111,-64.3012899028555
799500,2.665,-64.2836983725757
799635.416666667,2.66545138888889,-64.2685878587052
799770.833333333,2.66590277777778,-64.2559490026032
799906.25,2.66635416666667,-64.2457738832579
800041.666666667,2.66680555555556,-64.2380559993019
800177.083333333,2.66725694444444,-64.232790254059
800312.5,2.66770833333333,-64.2299729442467
800447.916666667,2.66815972222222,-64.2296017513542
800583.333333333,2.66861111111111,-64.2316757365223
800718.75,2.6690625,-64.2361953384623
800854.166666667,2.66951388888889,-64.2431623743393
800989.583333333,2.66996527777778,-64.252580044017
801125,2.67041666666667,-64.2644529370968
801260.416666667,2.67086805555556,-64.2787870435505
801395.833333333,2.67131944444444,-64.2955897671072
801531.25,2.67177083333333,-64.3148699422852
801666.666666667,2.67222222222222,-64.3366378544915
801802.083333333,2.67267361111111,-64.3609052640545
801937.5,2.673125,-64.3876854330368
802072.916666667,2.67357638888889,-64.4169931566889
802208.333333333,2.67402777777778,-64.4488447981567
802343.75,2.67447916666667,-64.483258327232
802479.166666667,2.67493055555556,-64.5202533638907
802614.583333333,2.67538194444444,-64.5598512255858
802750,2.67583333333333,-64.6020749799893
802885.416666667,2.67628472222222,-64.6469495020336
803020.833333333,2.67673611111111,-64.6945015368605
803156.25,2.6771875,-64.7447597680375
803291.666666667,2.67763888888889,-64.7977548922231
803427.083333333,2.67809027777778,-64.8535196997326
803562.5,2.67854166666667,-64.9120891627984
803697.916666667,2.67899305555556,-64.9735005306691
803833.333333333,2.67944444444444,-65.0377934331296
803968.75,2.67989583333333,-65.1050099927818
804104.166666667,2.68034722222222,-65.1751949463001
804239.583333333,2.68079861111111,-65.2483957767802
804375,2.68125,-65.3246628561402
804510.416666667,2.68170138888889,-65.4040496005455
804645.833333333,2.68215277777778,-65.4866126385464
804781.25,2.68260416666667,-65.5724119938391
804916.666666667,2.68305555555556,-65.661511283605
805052.083333333,2.68350694444444,-65.7539779345926
805187.5,2.68395833333333,-65.8498834177314
805322.916666667,2.68440972222222,-65.9493035041333
805458.333333333,2.68486111111111,-66.0523185439205
805593.75,2.6853125,-66.1590137707949
805729.166666667,2.68576388888889,-66.2694796348351
805864.583333333,2.68621527777778,-66.3838121663698
806000,2.68666666666667,-66.5021133752898
806135.416666667,2.68711805555556,-66.6244916886654
806270.833333333,2.68756944444444,-66.7510624320379
806406.25,2.68802083333333,-66.8819483589334
806541.666666667,2.68847222222222,-67.0172802350022
806677.083333333,2.68892361111111,-67.1571974830493
806812.5,2.689375,-67.3018488969852
806947.916666667,2.68982638888889,-67.4513934333228
807083.333333333,2.69027777777778,-67.6060010909205
807218.75,2.69072916666667,-67.7658538902012
807354.166666667,2.69118055555556,-67.9311469664246
807489.583333333,2.69163194444444,-68.1020897923321
807625,2.69208333333333,-68.2789075500132
807760.416666667,2.69253472222222,-68.4618426727522
807895.833333333,2.69298611111111,-68.6511565842263
808031.25,2.6934375,-68.8471316650452
808166.666666667,2.69388888888889,-69.0500734835583
808302.083333333,2.69434027777778,-69.2603133346629
808437.5,2.69479166666667,-69.4782111384343
808572.916666667,2.69524305555556,-69.7041587625945
808708.333333333,2.69569444444444,-69.9385838438393
808843.75,2.69614583333333,-70.1819542020101
808979.166666667,2.69659722222222,-70.4347829597797
809114.583333333,2.69704861111111,-70.697634508864
809250,2.6975,-70.9711314940549
809385.416666667,2.69795138888889,-71.255963034123
809520.833333333,2.69840277777778,-71.5528944481181
809656.25,2.69885416666667,-71.8627788345353
809791.666666667,2.69930555555556,-72.1865709391722
809927.083333333,2.69975694444444,-72.5253438803829
810062.5,2.70020833333333,-72.8803094679286
810197.916666667,2.70065972222222,-73.2528430808321
810333.333333333,2.70111111111111,-73.6445143939159
810468.75,2.7015625,-74.0571256807536
810604.166666667,2.70201388888889,-74.492760054609
810739.583333333,2.70246527777778,-74.9538429078828
810875,2.70291666666667,-75.4432211401206
811010.416666667,2.70336805555556,-75.9642667318082
811145.833333333,2.70381944444444,-76.5210142360568
811281.25,2.70427083333333,-77.1183464549143
811416.666666667,2.70472222222222,-77.7622501006597
811552.083333333,2.70517361111111,-78.4601757008053
811687.5,2.705625,-79.2215573071915
811822.916666667,2.70607638888889,-80.0585855392937
811958.333333333,2.70652777777778,-80.9873983025708
812093.75,2.70697916666667,-82.029993164527
812229.166666667,2.70743055555556,-83.2174595573071
812364.583333333,2.70788194444444,-84.5958015463468
812500,2.70833333333333,-86.2373270924615
812635.416666667,2.70878472222222,-88.2655345356702
812770.833333333,2.70923611111111,-90.9188449766325
812906.25,2.7096875,-94.7606485688483
813041.666666667,2.71013888888889,-101.820997337369
813177.083333333,2.71059027777778,-113.715840310572
813312.5,2.71104166666667,-98.2526137826054
813447.916666667,2.71149305555556,-92.9993904347299
813583.333333333,2.71194444444444,-89.7516663143557
813718.75,2.71239583333333,-87.3957162266919
813854.166666667,2.71284722222222,-85.5468093065232
813989.583333333,2.71329861111111,-84.0256827193633
814125,2.71375,-82.7341193273383
814260.416666667,2.71420138888889,-81.6124326305488
814395.833333333,2.71465277777778,-80.6216241325628
814531.25,2.71510416666667,-79.7348052773814
814666.666666667,2.71555555555556,-78.9326507112178
814802.083333333,2.71600694444444,-78.2008034978461
814937.5,2.71645833333333,-77.5283057404234
815072.916666667,2.71690972222222,-76.9066037679819
815208.333333333,2.71736111111111,-76.3288925932911
815343.75,2.7178125,-75.789669617743
815479.166666667,2.71826388888889,-75.284422222876
815614.583333333,2.71871527777778,-74.8094037646113
815750,2.71916666666667,-74.3614695547404
815885.416666667,2.71961805555556,-73.9379545266395
816020.833333333,2.72006944444444,-73.5365804876412
816156.25,2.72052083333333,-73.155384764318
816291.666666667,2.72097222222222,-72.7926645809992
816427.083333333,2.72142361111111,-72.4469331825039
816562.5,2.721875,-72.1168848477411
816697.916666667,2.72232638888889,-71.8013667142925
816833.333333333,2.72277777777778,-71.4993558834512
816968.75,2.72322916666667,-71.2099406608185
817104.166666667,2.72368055555556,-70.9323050673821
817239.583333333,2.72413194444444,-70.6657159599322
817375,2.72458333333333,-70.4095122498684
817510.416666667,2.72503472222222,-70.1630958247084
817645.833333333,2.72548611111111,-69.9259238576333
817781.25,2.7259375,-69.6975022596108
817916.666666667,2.72638888888889,-69.477380074982
818052.083333333,2.72684027777778,-69.2651446636684
818187.5,2.72729166666667,-69.0604175391451
818322.916666667,2.72774305555556,-68.862850759876
818458.333333333,2.72819444444444,-68.6721237870699
818593.75,2.72864583333333,-68.4879407386422
818729.166666667,2.72909722222222,-68.3100279815152
818864.583333333,2.72954861111111,-68.138132012164
819000,2.73,-67.9720175869847
819135.416666667,2.73045138888889,-67.8114660660896
819270.833333333,2.73090277777778,-67.6562739434003
819406.25,2.73135416666667,-67.5062515376782
819541.666666667,2.73180555555556,-67.3612218246476
819677.083333333,2.73225694444444,-67.2210193915744
819812.5,2.73270833333333,-67.0854894999997
819947.916666667,2.73315972222222,-66.9544872430531
820083.333333333,2.73361111111111,-66.8278767866478
820218.75,2.7340625,-66.7055306843936
820354.166666667,2.73451388888889,-66.5873292580534
820489.583333333,2.73496527777778,-66.4731600365899
820625,2.73541666666667,-66.3629172465384
820760.416666667,2.73586805555556,-66.2565013492187
820895.833333333,2.73631944444444,-66.1538186189524
821031.25,2.73677083333333,-66.0547807588588
821166.666666667,2.73722222222222,-65.9593045497228
821302.083333333,2.73767361111111,-65.8673115290878
821437.5,2.738125,-65.778727697395
821572.916666667,2.73857638888889,-65.6934832487647
821708.333333333,2.73902777777778,-65.6115123237507
821843.75,2.73947916666667,-65.5327527826673
821979.166666667,2.73993055555556,-65.4571459967076
822114.583333333,2.74038194444444,-65.3846366562664
822250,2.74083333333333,-65.3151725939828
822385.416666667,2.74128472222222,-65.2487046221682
822520.833333333,2.74173611111111,-65.1851863827256
822656.25,2.7421875,-65.1245742087713
822791.666666667,2.74263888888889,-65.0668269971075
822927.083333333,2.74309027777778,-65.0119060904611
823062.5,2.74354166666667,-64.959775169071
823197.916666667,2.74399305555556,-64.9104001503652
823333.333333333,2.74444444444444,-64.8637490969745
823468.75,2.74489583333333,-64.8197921314892
823604.166666667,2.74534722222222,-64.7785013584013
823739.583333333,2.74579861111111,-64.7398507919045
823875,2.74625,-64.7038162902106
824010.416666667,2.74670138888889,-64.6703754946605
824145.833333333,2.74715277777778,-64.639507774763
824281.25,2.74760416666667,-64.6111941773189
824416.666666667,2.74805555555556,-64.585417380944
824552.083333333,2.74850694444444,-64.5621616546005
824687.5,2.74895833333333,-64.5414128200406
824822.916666667,2.74940972222222,-64.5231582188518
824958.333333333,2.74986111111111,-64.5073866827295
825093.75,2.7503125,-64.4940885077698
825229.166666667,2.75076388888889,-64.4832554319526
825364.583333333,2.75121527777778,-64.4748806165409
825500,2.75166666666667,-64.4689586302644
825635.416666667,2.75211805555556,-64.4654854371327
825770.833333333,2.75256944444444,-64.4644583872414
825906.25,2.75302083333333,-64.4658762108542
826041.666666667,2.75347222222222,-64.4697390154752
826177.083333333,2.75392361111111,-64.4760482860719
826312.5,2.754375,-64.4848068886032
826447.916666667,2.75482638888889,-64.4960190762401
826583.333333333,2.75527777777778,-64.509690499199
826718.75,2.75572916666667,-64.5258282173917
826854.166666667,2.75618055555556,-64.5444407167102
826989.583333333,2.75663194444444,-64.5655379282199
827125,2.75708333333333,-64.5891312512204
827260.416666667,2.75753472222222,-64.6152335795362
827395.833333333,2.75798611111111,-64.6438593316703
827531.25,2.7584375,-64.6750244846043
827666.666666667,2.75888888888889,-64.7087466118892
827802.083333333,2.75934027777778,-64.7450449256124
827937.5,2.75979166666667,-64.7839403229825
828072.916666667,2.76024305555556,-64.8254554375687
828208.333333333,2.76069444444444,-64.8696146952922
828343.75,2.76114583333333,-64.9164443759682
828479.166666667,2.76159722222222,-64.9659726801087
828614.583333333,2.76204861111111,-65.0182298018848
828750,2.7625,-65.0732480083696
828885.416666667,2.76295138888889,-65.1310617257331
829020.833333333,2.76340277777778,-65.191707632535
829156.25,2.76385416666667,-65.2552247613008
829291.666666667,2.76430555555556,-65.3216546082732
829427.083333333,2.76475694444444,-65.3910412527986
829562.5,2.76520833333333,-65.4634314863119
829697.916666667,2.76565972222222,-65.5388749525536
829833.333333333,2.76611111111111,-65.6174242995733
829968.75,2.7665625,-65.6991353445465
830104.166666667,2.76701388888889,-65.7840672528068
830239.583333333,2.76746527777778,-65.872282732148
830375,2.76791666666667,-65.963848244467
830510.416666667,2.76836805555556,-66.0588342353954
830645.833333333,2.76881944444444,-66.1573153850048
830781.25,2.76927083333333,-66.2593708806602
830916.666666667,2.76972222222222,-66.3650847149927
831052.083333333,2.77017361111111,-66.4745460111539
831187.5,2.770625,-66.5878493790759
831322.916666667,2.77107638888889,-66.7050953053964
831458.333333333,2.77152777777778,-66.8263905811409
831593.75,2.77197916666667,-66.9518487716902
831729.166666667,2.77243055555556,-67.0815907338973
831864.583333333,2.77288194444444,-67.2157451860653
832000,2.77333333333333,-67.3544493369136
832135.416666667,2.77378472222222,-67.4978495819563
832270.833333333,2.77423611111111,-67.6461022745919
832406.25,2.7746875,-67.7993745829814
832541.666666667,2.77513888888889,-67.9578454431199
832677.083333333,2.77559027777778,-68.1217066226812
832812.5,2.77604166666667,-68.2911639096288
832947.916666667,2.77649305555556,-68.4664384450357
833083.333333333,2.77694444444444,-68.6477682205458
833218.75,2.77739583333333,-68.8354097656114
833354.166666667,2.77784722222222,-69.0296400547571
833489.583333333,2.77829861111111,-69.2307586683182
833625,2.77875,-69.4390902506192
833760.416666667,2.77920138888889,-69.6549873135764
833895.833333333,2.77965277777778,-69.8788334471461
834031.25,2.78010416666667,-70.1110470085858
834166.666666667,2.78055555555556,-70.352085379856
834302.083333333,2.78100694444444,-70.6024498997217
834437.5,2.78145833333333,-70.8626916045937
834572.916666667,2.78190972222222,-71.1334179414893
834708.333333333,2.78236111111111,-71.4153006582754
834843.75,2.7828125,-71.7090851268533
834979.166666667,2.78326388888889,-72.0156014242239
835114.583333333,2.78371527777778,-72.3357775847834
835250,2.78416666666667,-72.6706555534604
835385.416666667,2.78461805555556,-73.0214105308395
835520.833333333,2.78506944444444,-73.3893746116687
835656.25,2.78552083333333,-73.7760659156382
835791.666666667,2.78597222222222,-74.1832248143767
835927.083333333,2.78642361111111,-74.6128594375442
836062.5,2.786875,-75.0673034629211
836197.916666667,2.78732638888889,-75.5492903996039
836333.333333333,2.78777777777778,-76.0620503538573
836468.75,2.78822916666667,-76.6094379759298
836604.166666667,2.78868055555556,-77.1961044748514
836739.583333333,2.78913194444444,-77.8277332770768
836875,2.78958333333333,-78.5113698546122
837010.416666667,2.79003472222222,-79.2558948357629
837145.833333333,2.79048611111111,-80.0727222575115
837281.25,2.7909375,-80.9768651780549
837416.666666667,2.79138888888889,-81.9886281482807
837552.083333333,2.79184027777778,-83.1364287805023
837687.5,2.79229166666667,-84.4617935106461
837822.916666667,2.79274305555556,-86.0289106342491
837958.333333333,2.79319444444444,-87.9448670537246
838093.75,2.79364583333333,-90.4091590514712
838229.166666667,2.79409722222222,-93.864900916774
838364.583333333,2.79454861111111,-99.6927181248757
838500,2.795,-126.847050377405
838635.416666667,2.79545138888889,-100.492947067759
838770.833333333,2.79590277777778,-94.2682657155078
838906.25,2.79635416666667,-90.6818881211209
839041.666666667,2.79680555555556,-88.1534444099933
839177.083333333,2.79725694444444,-86.1999226630977
839312.5,2.79770833333333,-84.6085318968023
839447.916666667,2.79815972222222,-83.266488306126
839583.333333333,2.79861111111111,-82.1067553594277
839718.75,2.7990625,-81.0862243373412
839854.166666667,2.79951388888889,-80.1755282819863
839989.583333333,2.79996527777778,-79.3537585217027
840125,2.80041666666667,-78.6054992539783
840260.416666667,2.80086805555556,-77.9190576185789
840395.833333333,2.80131944444444,-77.2853538260966
840531.25,2.80177083333333,-76.6971963510757
840666.666666667,2.80222222222222,-76.1487922252038
840802.083333333,2.80267361111111,-75.6354064696562
840937.5,2.803125,-75.1531192776641
841072.916666667,2.80357638888889,-74.6986491011712
841208.333333333,2.80402777777778,-74.2692212756325
841343.75,2.80447916666667,-73.8624688047511
841479.166666667,2.80493055555556,-73.4763562961207
841614.583333333,2.80538194444444,-73.1091208546562
841750,2.80583333333333,-72.7592255891387
841885.416666667,2.80628472222222,-72.4253226346334
842020.833333333,2.80673611111111,-72.1062234447024
842156.25,2.8071875,-71.8008747038419
842291.666666667,2.80763888888889,-71.5083386296044
842427.083333333,2.80809027777778,-71.2277767395154
842562.5,2.80854166666667,-70.9584363752242
842697.916666667,2.80899305555556,-70.6996394407716
842833.333333333,2.80944444444444,-70.4507729328508
842968.75,2.80989583333333,-70.2112809303687
843104.166666667,2.81034722222222,-69.98065778286
843239.583333333,2.81079861111111,-69.7584422877454
843375,2.81125,-69.5442126898208
843510.416666667,2.81170138888889,-69.3375823668081
843645.833333333,2.81215277777778,-69.1381960920759
843781.25,2.81260416666667,-68.9457267832549
843916.666666667,2.81305555555556,-68.7598726639206
844052.083333333,2.81350694444444,-68.5803547761489
844187.5,2.81395833333333,-68.406914794169
844322.916666667,2.81440972222222,-68.2393130954962
844458.333333333,2.81486111111111,-68.0773270546518
844593.75,2.8153125,-67.920749529444
844729.166666667,2.81576388888889,-67.769387514046
844864.583333333,2.81621527777778,-67.6230609378871
845000,2.81666666666667,-67.481601590923
845135.416666667,2.81711805555556,-67.3448521612842
845270.833333333,2.81756944444444,-67.2126653697932
845406.25,2.81802083333333,-67.0849031913818
845541.666666667,2.81847222222222,-66.9614361524809
845677.083333333,2.81892361111111,-66.8421426961619
845812.5,2.819375,-66.7269086066936
845947.916666667,2.81982638888889,-66.6156264882227
846083.333333333,2.82027777777778,-66.5081952905268
846218.75,2.82072916666667,-66.4045198776087
846354.166666667,2.82118055555556,-66.3045106344211
846489.583333333,2.82163194444444,-66.208083107802
846625,2.82208333333333,-66.1151576785269
846760.416666667,2.82253472222222,-66.0256592607339
846895.833333333,2.82298611111111,-65.9395170269738
847031.25,2.8234375,-65.8566641556278
847166.666666667,2.82388888888889,-65.777037599379
847302.083333333,2.82434027777778,-65.7005778718878
847437.5,2.82479166666667,-65.6272288521493
847572.916666667,2.82524305555556,-65.5569376038997
847708.333333333,2.82569444444444,-65.489654209644
847843.75,2.82614583333333,-65.4253316175776
847979.166666667,2.82659722222222,-65.3639255002036
848114.583333333,2.82704861111111,-65.3053941244238
848250,2.8275,-65.2496982313516
848385.416666667,2.82795138888889,-65.1968009254868
848520.833333333,2.82840277777778,-65.1466675726424
848656.25,2.82885416666667,-65.0992657058892
848791.666666667,2.82930555555556,-65.0545649385178
848927.083333333,2.82975694444444,-65.0125368843594
849062.5,2.83020833333333,-64.9731550842581
849197.916666667,2.83065972222222,-64.936394938582
849333.333333333,2.83111111111111,-64.9022336452798
849468.75,2.8315625,-64.8706501434404
849604.166666667,2.83201388888889,-64.841625061555
849739.583333333,2.83246527777778,-64.8151406704756
849875,2.83291666666667,-64.791180841066
850010.416666667,2.83336805555556,-64.7697310057529
850145.833333333,2.83381944444444,-64.750778124375
850281.25,2.83427083333333,-64.7343106535363
850416.666666667,2.83472222222222,-64.7203185201231
850552.083333333,2.83517361111111,-64.7087930978289
850687.5,2.835625,-64.6997271876422
850822.916666667,2.83607638888889,-64.6931150012331
850958.333333333,2.83652777777778,-64.6889521480895
851093.75,2.83697916666667,-64.6872356252145
851229.166666667,2.83743055555556,-64.6879638106902
851364.583333333,2.83788194444444,-64.6911364597959
851500,2.83833333333333,-64.6967547045802
851635.416666667,2.83878472222222,-64.7048210564115
851770.833333333,2.83923611111111,-64.7153394115071
851906.25,2.8396875,-64.7283150599276
852041.666666667,2.84013888888889,-64.7437546974165
852177.083333333,2.84059027777778,-64.761666440787
852312.5,2.84104166666667,-64.7820598462942
852447.916666667,2.84149305555556,-64.8049459318221
852583.333333333,2.84194444444444,-64.8303372021237
852718.75,2.84239583333333,-64.8582476780983
852854.166666667,2.84284722222222,-64.8886929295912
852989.583333333,2.84329861111111,-64.9216901124227
853125,2.84375,-64.957258009124
853260.416666667,2.84420138888889,-64.9954170745816
853395.833333333,2.84465277777778,-65.0361894856453
853531.25,2.84510416666667,-65.0795991963776
853666.666666667,2.84555555555556,-65.1256719976464
853802.083333333,2.84600694444444,-65.1744355826438
853937.5,2.84645833333333,-65.2259196183907
854072.916666667,2.84690972222222,-65.2801558230626
854208.333333333,2.84736111111111,-65.3371780503586
854343.75,2.8478125,-65.3970223809827
854479.166666667,2.84826388888889,-65.4597272219355
854614.583333333,2.84871527777778,-65.5253334139987
854750,2.84916666666667,-65.5938843485861
854885.416666667,2.84961805555556,-65.6654260940593
855020.833333333,2.85006944444444,-65.7400075330377
855156.25,2.85052083333333,-65.8176805110331
855291.666666667,2.85097222222222,-65.8984999979435
855427.083333333,2.85142361111111,-65.9825242631288
855562.5,2.851875,-66.0698150655995
855697.916666667,2.85232638888889,-66.1604378609115
855833.333333333,2.85277777777778,-66.254462025961
855968.75,2.85322916666667,-66.351961103953
856104.166666667,2.85368055555556,-66.4530130711138
856239.583333333,2.85413194444444,-66.5577006278405
856375,2.85458333333333,-66.6661115166071
856510.416666667,2.85503472222222,-66.7783388697599
856645.833333333,2.85548611111111,-66.8944815899699
856781.25,2.8559375,-67.0146447679418
856916.666666667,2.85638888888889,-67.1389401405377
857052.083333333,2.85684027777778,-67.2674865951416
857187.5,2.85729166666667,-67.4004107249982
857322.916666667,2.85774305555556,-67.5378474420625
857458.333333333,2.85819444444444,-67.6799406548838
857593.75,2.85864583333333,-67.8268440189978
857729.166666667,2.85909722222222,-67.978721770267
857864.583333333,2.85954861111111,-68.1357496515519
858000,2.86,-68.2981159458272
858135.416666667,2.86045138888889,-68.4660226303117
858270.833333333,2.86090277777778,-68.6396866696586
858406.25,2.86135416666667,-68.8193414675143
858541.666666667,2.86180555555556,-69.0052385014804
858677.083333333,2.86225694444444,-69.1976491689169
858812.5,2.86270833333333,-69.3968668777154
858947.916666667,2.86315972222222,-69.6032094214422
859083.333333333,2.86361111111111,-69.8170216865506
859218.75,2.8640625,-70.0386787495607
859354.166666667,2.86451388888889,-70.2685894323061
859489.583333333,2.86496527777778,-70.5072004003955
859625,2.86541666666667,-70.755000905582
859760.416666667,2.86586805555556,-71.0125283000284
859895.833333333,2.86631944444444,-71.2803744747976
860031.25,2.86677083333333,-71.5591934180162
860166.666666667,2.86722222222222,-71.8497101326819
860302.083333333,2.86767361111111,-72.1527312194829
860437.5,2.868125,-72.4691575108562
860572.916666667,2.86857638888889,-72.7999992547311
860708.333333333,2.86902777777778,-73.1463944889643
860843.75,2.86947916666667,-73.5096314479061
860979.166666667,2.86993055555556,-73.8911761113289
861114.583333333,2.87038194444444,-74.2927063795552
861250,2.87083333333333,-74.716154885834
861385.416666667,2.87128472222222,-75.1637632029754
861520.833333333,2.87173611111111,-75.6381512916394
861656.25,2.8721875,-76.1424076380289
861791.666666667,2.87263888888889,-76.6802079511633
861927.083333333,2.87309027777778,-77.2559740137419
862062.5,2.87354166666667,-77.8750901817611
862197.916666667,2.87399305555556,-78.5442046108992
862333.333333333,2.87444444444444,-79.2716584100102
862468.75,2.87489583333333,-80.068114011417
862604.166666667,2.87534722222222,-80.9475051987234
862739.583333333,2.87579861111111,-81.928529148321
862875,2.87625,-83.0370999211845
863010.416666667,2.87670138888889,-84.3106183764339
863145.833333333,2.87715277777778,-85.8059573450932
863281.25,2.87760416666667,-87.6158753182581
863416.666666667,2.87805555555556,-89.9074683085916
863552.083333333,2.87850694444444,-93.0317148808977
863687.5,2.87895833333333,-97.9609276630132
863822.916666667,2.87940972222222,-110.500061940258
863958.333333333,2.87986111111111,-103.51277194034
864093.75,2.8803125,-95.7412277111084
864229.166666667,2.88076388888889,-91.7086542830637
864364.583333333,2.88121527777778,-88.9677367350808
864500,2.88166666666667,-86.8898301535954
864635.416666667,2.88211805555556,-85.2167116525424
864770.833333333,2.88256944444444,-83.8168276431278
864906.25,2.88302083333333,-82.6139760891979
865041.666666667,2.88347222222222,-81.5600403394748
865177.083333333,2.88392361111111,-80.6226856526413
865312.5,2.884375,-79.7791327961519
865447.916666667,2.88482638888889,-79.0127284386269
865583.333333333,2.88527777777778,-78.3109283125432
865718.75,2.88572916666667,-77.6640476412634
865854.166666667,2.88618055555556,-77.0644531911411
865989.583333333,2.88663194444444,-76.5060219596295
866125,2.88708333333333,-75.9837674107173
866260.416666667,2.88753472222222,-75.4935746385035
866395.833333333,2.88798611111111,-75.0320084547234
866531.25,2.8884375,-74.5961715545023
866666.666666667,2.88888888888889,-74.1835978567263
866802.083333333,2.88934027777778,-73.7921710420139
866937.5,2.88979166666667,-73.420061467895
867072.916666667,2.89024305555556,-73.0656766985898
867208.333333333,2.89069444444444,-72.7276222710539
867343.75,2.89114583333333,-72.4046702544724
867479.166666667,2.89159722222222,-72.0957338177864
867614.583333333,2.89204861111111,-71.7998464770571
867750,2.8925,-71.5161450272115
867885.416666667,2.89295138888889,-71.2438553986781
868020.833333333,2.89340277777778,-70.9822808590805
868156.25,2.89385416666667,-70.7307921062417
868291.666666667,2.89430555555556,-70.4888189026588
868427.083333333,2.89475694444444,-70.2558429702786
868562.5,2.89520833333333,-70.0313919250083
868697.916666667,2.89565972222222,-69.8150340744557
868833.333333333,2.89611111111111,-69.606373934534
868968.75,2.8965625,-69.4050483495908
869104.166666667,2.89701388888889,-69.210723120941
869239.583333333,2.89746527777778,-69.0230900664507
869375,2.89791666666667,-68.8418644458909
869510.416666667,2.89836805555556,-68.6667826999473
869645.833333333,2.89881944444444,-68.4976004570059
869781.25,2.89927083333333,-68.3340907718572
869916.666666667,2.89972222222222,-68.1760425635258
870052.083333333,2.90017361111111,-68.0232592269467
870187.5,2.900625,-67.8755573952532
870322.916666667,2.90107638888889,-67.7327658335707
870458.333333333,2.90152777777778,-67.594724448241
870593.75,2.90197916666667,-67.4612833972156
870729.166666667,2.90243055555556,-67.3323022896353
870864.583333333,2.90288194444444,-67.2076494641357
871000,2.90333333333333,-67.0872013368127
871135.416666667,2.90378472222222,-66.9708418108696
871270.833333333,2.90423611111111,-66.8584617417841
871406.25,2.9046875,-66.7499584508976
871541.666666667,2.90513888888889,-66.6452352835127
871677.083333333,2.90559027777778,-66.5442012057128
871812.5,2.90604166666667,-66.4467704367953
871947.916666667,2.90649305555556,-66.352862113414
872083.333333333,2.90694444444444,-66.2623999819848
872218.75,2.90739583333333,-66.1753121174064
872354.166666667,2.90784722222222,-66.0915306646202
872489.583333333,2.90829861111111,-66.010991601859
872625,2.90875,-65.9336345226487
872760.416666667,2.90920138888889,-65.8594024356365
872895.833333333,2.90965277777778,-65.7882415802054
873031.25,2.91010416666667,-65.7201012567864
873166.666666667,2.91055555555556,-65.6549336703989
873302.083333333,2.91100694444444,-65.5926937864989
873437.5,2.91145833333333,-65.5333391978778
873572.916666667,2.91190972222222,-65.4768300020627
873708.333333333,2.91236111111111,-65.423128688294
873843.75,2.9128125,-65.3722000329203
873979.166666667,2.91326388888889,-65.3240110035052
874114.583333333,2.91371527777778,-65.2785306697774
874250,2.91416666666667,-65.2357301223711
874385.416666667,2.91461805555556,-65.1955823972947
874520.833333333,2.91506944444444,-65.1580624072656
874656.25,2.91552083333333,-65.1231468781866
874791.666666667,2.91597222222222,-65.0908142912315
874927.083333333,2.91642361111111,-65.0610448298403
875062.5,2.916875,-65.0338203317251
875197.916666667,2.91732638888889,-65.0091242450691
875333.333333333,2.91777777777778,-64.9869415889769
875468.75,2.91822916666667,-64.967258918537
875604.166666667,2.91868055555556,-64.9500642930275
875739.583333333,2.91913194444444,-64.935347248262
875875,2.91958333333333,-64.9230987724885
876010.416666667,2.92003472222222,-64.9133112858217
876145.833333333,2.92048611111111,-64.9059786227798
876281.25,2.9209375,-64.9010960184512
876416.666666667,2.92138888888889,-64.8986600974874
876552.083333333,2.92184027777778,-64.8986688667653
876687.5,2.92229166666667,-64.901121710585
876822.916666667,2.92274305555556,-64.9060193896061
876958.333333333,2.92319444444444,-64.9133640422464
877093.75,2.92364583333333,-64.9231591897306
877229.166666667,2.92409722222222,-64.9354097439368
877364.583333333,2.92454861111111,-64.9501220186092
877500,2.925,-64.9673037435639
877635.416666667,2.92545138888889,-64.9869640824874
877770.833333333,2.92590277777778,-65.0091136539268
877906.25,2.92635416666667,-65.0337645556199
878041.666666667,2.92680555555556,-65.0609303928818
878177.083333333,2.92725694444444,-65.0906263102779
878312.5,2.92770833333333,-65.1228690274213
878447.916666667,2.92815972222222,-65.1576768788806
878583.333333333,2.92861111111111,-65.1950698582182
878718.75,2.9290625,-65.2350696666798
878854.166666667,2.92951388888889,-65.2776997667031
878989.583333333,2.92996527777778,-65.3229854403964
879125,2.93041666666667,-65.370953853453
879260.416666667,2.93086805555556,-65.4216341247779
879395.833333333,2.93131944444444,-65.4750574022591
879531.25,2.93177083333333,-65.5312569453588
879666.666666667,2.93222222222222,-65.5902682141858
879802.083333333,2.93267361111111,-65.652128966871
879937.5,2.933125,-65.7168793646755
880072.916666667,2.93357638888889,-65.7845620861436
880208.333333333,2.93402777777778,-65.8552224506414
880343.75,2.93447916666667,-65.9289085528674
880479.166666667,2.93493055555556,-66.0056714078949
880614.583333333,2.93538194444444,-66.0855651091999
880750,2.93583333333333,-66.1686469998395
880885.416666667,2.93628472222222,-66.2549778582467
881020.833333333,2.93673611111111,-66.3446221006331
881156.25,2.9371875,-66.4376480003437
881291.666666667,2.93763888888889,-66.5341279272597
881427.083333333,2.93809027777778,-66.6341386081501
881562.5,2.93854166666667,-66.7377614111082
881697.916666667,2.93899305555556,-66.8450826554449
881833.333333333,2.93944444444444,-66.9561939511947
881968.75,2.93989583333333,-67.0711925700659
882104.166666667,2.94034722222222,-67.1901818525522
882239.583333333,2.94079861111111,-67.313271654307
882375,2.94125,-67.440578837395
882510.416666667,2.94170138888889,-67.5722278108124
882645.833333333,2.94215277777778,-67.7083511271179
882781.25,2.94260416666667,-67.8490901409395
882916.666666667,2.94305555555556,-67.99459573914
883052.083333333,2.94350694444444,-68.1450291499114
883187.5,2.94395833333333,-68.3005628423943
883322.916666667,2.94440972222222,-68.4613815291787
883458.333333333,2.94486111111111,-68.6276832854403
883593.75,2.9453125,-68.7996808016881
883729.166666667,2.94576388888889,-68.9776027893639
883864.583333333,2.94621527777778,-69.1616955627639
884000,2.94666666666667,-69.3522248233076
884135.416666667,2.94711805555556,-69.5494776792233
884270.833333333,2.94756944444444,-69.7537649373548
884406.25,2.94802083333333,-69.9654237140439
884541.666666667,2.94847222222222,-70.1848204176679
884677.083333333,2.94892361111111,-70.4123541701497
884812.5,2.949375,-70.6484607458957
884947.916666667,2.94982638888889,-70.8936171251427
885083.333333333,2.95027777777778,-71.1483467805595
885218.75,2.95072916666667,-71.4132258435474
885354.166666667,2.95118055555556,-71.6888903311838
885489.583333333,2.95163194444444,-71.9760446614914
885625,2.95208333333333,-72.2754717415092
885760.416666667,2.95253472222222,-72.5880449906537
885895.833333333,2.95298611111111,-72.9147427637877
886031.25,2.9534375,-73.2566657695432
886166.666666667,2.95388888888889,-73.6150582666979
886302.083333333,2.95434027777778,-73.9913340625117
886437.5,2.95479166666667,-74.387108683822
886572.916666667,2.95524305555556,-74.8042395661098
886708.333333333,2.95569444444444,-75.2448767835576
886843.75,2.95614583333333,-75.7115278256279
886979.166666667,2.95659722222222,-76.2071413576429
887114.583333333,2.95704861111111,-76.7352170643256
887250,2.9575,-77.2999519691642
887385.416666667,2.95795138888889,-77.9064388087721
887520.833333333,2.95840277777778,-78.5609403968071
887656.25,2.95885416666667,-79.2712778297366
887791.666666667,2.95930555555556,-80.0473943846949
887927.083333333,2.95975694444444,-80.9022001128857
888062.5,2.96020833333333,-81.8528835175483
888197.916666667,2.96065972222222,-82.9230392825097
888333.333333333,2.96111111111111,-84.1463090189572
888468.75,2.9615625,-85.5730435233325
888604.166666667,2.96201388888889,-87.2836060824881
888739.583333333,2.96246527777778,-89.4182879051794
888875,2.96291666666667,-92.2573037664896
889010.416666667,2.96336805555556,-96.505044192478
889145.833333333,2.96381944444444,-105.161562108424
889281.25,2.96427083333333,-108.14906063114
889416.666666667,2.96472222222222,-97.4949137857158
889552.083333333,2.96517361111111,-92.854021322079
889687.5,2.965625,-89.8478666500147
889822.916666667,2.96607638888889,-87.6212562818986
889958.333333333,2.96652777777778,-85.8529319750116
890093.75,2.96697916666667,-84.3868282312761
890229.166666667,2.96743055555556,-83.135223068185
890364.583333333,2.96788194444444,-82.0438706964793
890500,2.96833333333333,-81.0768747912112
890635.416666667,2.96878472222222,-80.2092450050758
890770.833333333,2.96923611111111,-79.4228826687963
890906.25,2.9696875,-78.7042588398217
891041.666666667,2.97013888888889,-78.0429947343268
891177.083333333,2.97059027777778,-77.4309538917308
891312.5,2.97104166666667,-76.8616395185628
891447.916666667,2.97149305555556,-76.3297816192224
891583.333333333,2.97194444444444,-75.8310464252168
891718.75,2.97239583333333,-75.3618270703228
891854.166666667,2.97284722222222,-74.9190896905796
891989.583333333,2.97329861111111,-74.5002582186362
892125,2.97375,-74.1031267577763
892260.416666667,2.97420138888889,-73.7257919708668
892395.833333333,2.97465277777778,-73.3666002389724
892531.25,2.97510416666667,-73.0241058787069
892666.666666667,2.97555555555556,-72.697037752322
892802.083333333,2.97600694444444,-72.3842723257988
892937.5,2.97645833333333,-72.0848117364159
893072.916666667,2.97690972222222,-71.7977657911401
893208.333333333,2.97736111111111,-71.5223370811344
893343.75,2.9778125,-71.2578085853646
893479.166666667,2.97826388888889,-71.0035332810556
893614.583333333,2.97871527777778,-70.7589253827066
893750,2.97916666666667,-70.5234529132595
893885.416666667,2.97961805555556,-70.296631371364
894020.833333333,2.98006944444444,-70.0780183060194
894156.25,2.98052083333333,-69.8672086474623
894291.666666667,2.98097222222222,-69.6638306708548
894427.083333333,2.98142361111111,-69.467542493207
894562.5,2.981875,-69.2780290205139
894697.916666667,2.98232638888889,-69.0949992781681
894833.333333333,2.98277777777778,-68.9181840680987
894968.75,2.98322916666667,-68.7473339055002
895104.166666667,2.98368055555556,-68.5822171969789
895239.583333333,2.98413194444444,-68.4226186263355
895375,2.98458333333333,-68.2683377205063
895510.416666667,2.98503472222222,-68.1191875724681
895645.833333333,2.98548611111111,-67.9749937001622
895781.25,2.9859375,-67.8355930257057
895916.666666667,2.98638888888889,-67.7008329589448
896052.083333333,2.98684027777778,-67.5705705736466
896187.5,2.98729166666667,-67.4446718647499
896322.916666667,2.98774305555556,-67.3230110782686
896458.333333333,2.98819444444444,-67.2054701044143
896593.75,2.98864583333333,-67.0919379281418
896729.166666667,2.98909722222222,-66.9823101298732
896864.583333333,2.98954861111111,-66.8764884318741
897000,2.99,-66.7743802847407
897135.416666667,2.99045138888889,-66.6758984903508
897270.833333333,2.99090277777778,-66.5809608575822
897406.25,2.99135416666667,-66.4894898873179
897541.666666667,2.99180555555556,-66.401412483951
897677.083333333,2.99225694444444,-66.316659691083
897812.5,2.99270833333333,-66.235166448853
897947.916666667,2.99315972222222,-66.156871370953
898083.333333333,2.99361111111111,-66.0817165397313
898218.75,2.9940625,-66.0096473175409
898354.166666667,2.99451388888889,-65.9406121732664
898489.583333333,2.99496527777778,-65.8745625221042
898625,2.99541666666667,-65.8114525782498
898760.416666667,2.99586805555556,-65.7512392187372
898895.833333333,2.99631944444444,-65.6938818582769
899031.25,2.99677083333333,-65.6393423332133
899166.666666667,2.99722222222222,-65.5875847951556
899302.083333333,2.99767361111111,-65.5385756123492
899437.5,2.998125,-65.4922832790036
899572.916666667,2.99857638888889,-65.4486783317689
899708.333333333,2.99902777777778,-65.4077332729131
899843.75,2.99947916666667,-65.3694224995226
899979.166666667,2.99993055555556,-65.33372223874
900114.583333333,3.00038194444444,-65.3006104882225
900250,3.00083333333333,-65.2700669619209
900385.416666667,3.00128472222222,-65.2420730407276
900520.833333333,3.00173611111111,-65.2166117273006
900656.25,3.0021875,-65.1936676058121
900791.666666667,3.00263888888889,-65.1732268051811
900927.083333333,3.00309027777778,-65.1552769668141
901062.5,3.00354166666667,-65.1398072157524
901197.916666667,3.00399305555556,-65.1268081354489
901333.333333333,3.00444444444444,-65.1162717464176
901468.75,3.00489583333333,-65.10819148766
901604.166666667,3.00534722222222,-65.1025622021055
901739.583333333,3.00579861111111,-65.0993801246055
901875,3.00625,-65.0986428736172
902010.416666667,3.00670138888889,-65.1003494457933
902145.833333333,3.00715277777778,-65.1045002137955
902281.25,3.00760416666667,-65.1110969269338
902416.666666667,3.00805555555556,-65.1201427152819
902552.083333333,3.00850694444444,-65.131642096668
902687.5,3.00895833333333,-65.1456009869493
902822.916666667,3.00940972222222,-65.1620267134784
902958.333333333,3.00986111111111,-65.1809280315722
903093.75,3.0103125,-65.2023151449315
903229.166666667,3.01076388888889,-65.2261997287593
903364.583333333,3.01121527777778,-65.2525949572041
903500,3.01166666666667,-65.2815155337711
903635.416666667,3.01211805555556,-65.3129777262969
903770.833333333,3.01256944444444,-65.3469994053078
903906.25,3.01302083333333,-65.3836000870938
904041.666666667,3.01347222222222,-65.4228009809926
904177.083333333,3.01392361111111,-65.4646250414799
904312.5,3.014375,-65.509097025168
904447.916666667,3.01482638888889,-65.5562435530351
904583.333333333,3.01527777777778,-65.6060931787441
904718.75,3.01572916666667,-65.6586764621179
904854.166666667,3.01618055555556,-65.7140260499664
904989.583333333,3.01663194444444,-65.772176763404
905125,3.01708333333333,-65.8331656925692
905260.416666667,3.01753472222222,-65.8970322994094
905395.833333333,3.01798611111111,-65.9638185293013
905531.25,3.0184375,-66.033568931828
905666.666666667,3.01888888888889,-66.1063307919745
905802.083333333,3.01934027777778,-66.1821542719885
905937.5,3.01979166666667,-66.2610925657423
906072.916666667,3.02024305555556,-66.3432020658323
906208.333333333,3.02069444444444,-66.4285425452267
906343.75,3.02114583333333,-66.5171773544198
906479.166666667,3.02159722222222,-66.609173636199
906614.583333333,3.02204861111111,-66.7046025586248
906750,3.0225,-66.8035395695664
906885.416666667,3.02295138888889,-66.9060646736118
907020.833333333,3.02340277777778,-67.0122627346068
907156.25,3.02385416666667,-67.1222238062559
907291.666666667,3.02430555555556,-67.2360434936863
907427.083333333,3.02475694444444,-67.3538233496661
907562.5,3.02520833333333,-67.4756713094978
907697.916666667,3.02565972222222,-67.6017021685426
907833.333333333,3.02611111111111,-67.7320381082591
907968.75,3.0265625,-67.8668092757234
908104.166666667,3.02701388888889,-68.006154424013
908239.583333333,3.02746527777778,-68.1502216204449
908375,3.02791666666667,-68.2991690320676
908510.416666667,3.02836805555556,-68.4531657983139
908645.833333333,3.02881944444444,-68.6123930022642
908781.25,3.02927083333333,-68.7770447547357
908916.666666667,3.02972222222222,-68.9473294066301
909052.083333333,3.03017361111111,-69.1234709086817
909187.5,3.030625,-69.3057103397411
909322.916666667,3.03107638888889,-69.4943076300487
909458.333333333,3.03152777777778,-69.6895435095318
909593.75,3.03197916666667,-69.8917217169672
909729.166666667,3.03243055555556,-70.1011715139878
909864.583333333,3.03288194444444,-70.318250554652
910000,3.03333333333333,-70.5433481730468
910135.416666667,3.03378472222222,-70.7768891645439
910270.833333333,3.03423611111111,-71.0193381508515
910406.25,3.0346875,-71.2712046426069
910541.666666667,3.03513888888889,-71.5330489354198
910677.083333333,3.03559027777778,-71.8054890109415
910812.5,3.03604166666667,-72.0892086548006
910947.916666667,3.03649305555556,-72.384967059393
911083.333333333,3.03694444444444,-72.6936102478303
911218.75,3.03739583333333,-73.0160847522461
911354.166666667,3.03784722222222,-73.3534540996705
911489.583333333,3.03829861111111,-73.7069188289729
911625,3.03875,-74.0778409848579
911760.416666667,3.03920138888889,-74.4677743482919
911895.833333333,3.03965277777778,-74.8785020951514
912031.25,3.04010416666667,-75.3120841857822
912166.666666667,3.04055555555556,-75.7709176683979
912302.083333333,3.04100694444444,-76.2578143647679
912437.5,3.04145833333333,-76.7761023181453
912572.916666667,3.04190972222222,-77.3297602986
912708.333333333,3.04236111111111,-77.9235991981953
912843.75,3.0428125,-78.5635114104821
912979.166666667,3.04326388888889,-79.2568212670271
913114.583333333,3.04371527777778,-80.0127900374098
913250,3.04416666666667,-80.8433652869833
913385.416666667,3.04461805555556,-81.7643318249334
913520.833333333,3.04506944444444,-82.797153854711
913656.25,3.04552083333333,-83.9720752983895
913791.666666667,3.04597222222222,-85.3336750732416
913927.083333333,3.04642361111111,-86.9516568853923
914062.5,3.046875,-88.9441982279577
914197.916666667,3.04732638888889,-91.5368906061179
914333.333333333,3.04777777777778,-95.2523172864391
914468.75,3.04822916666667,-101.883959718899
914604.166666667,3.04868055555556,-118.610097629781
914739.583333333,3.04913194444444,-99.6637660199407
914875,3.04958333333333,-94.1501037904853
915010.416666667,3.05003472222222,-90.8063637469844
915145.833333333,3.05048611111111,-88.4003627093177
915281.25,3.0509375,-86.5206685632829
915416.666666667,3.05138888888889,-84.9786435109147
915552.083333333,3.05184027777778,-83.6719295772359
915687.5,3.05229166666667,-82.5387281056926
915822.916666667,3.05274305555556,-81.5388503131342
915958.333333333,3.05319444444444,-80.6446857532991
916093.75,3.05364583333333,-79.8364458131963
916229.166666667,3.05409722222222,-79.0994626221133
916364.583333333,3.05454861111111,-78.4225618216833
916500,3.055,-77.79703440356
916635.416666667,3.05545138888889,-77.2159610135759
916770.833333333,3.05590277777778,-76.6737529842975
916906.25,3.05635416666667,-76.1658316833788
917041.666666667,3.05680555555556,-75.688398987591
917177.083333333,3.05725694444444,-75.238269471686
917312.5,3.05770833333333,-74.8127454112245
917447.916666667,3.05815972222222,-74.4095221253907
917583.333333333,3.05861111111111,-74.0266152315428
917718.75,3.0590625,-73.6623039907691
917854.166666667,3.05951388888889,-73.3150866571911
917989.583333333,3.05996527777778,-72.9836448993156
918125,3.06041666666667,-72.6668151706453
918260.416666667,3.06086805555556,-72.3635654597131
918395.833333333,3.06131944444444,-72.0729762519331
918531.25,3.06177083333333,-71.7942248188999
918666.666666667,3.06222222222222,-71.5265721610957
918802.083333333,3.06267361111111,-71.2693520838461
918937.5,3.063125,-71.0219620014779
919072.916666667,3.06357638888889,-70.7838551522097
919208.333333333,3.06402777777778,-70.5545339703883
919343.75,3.06447916666667,-70.3335444182433
919479.166666667,3.06493055555556,-70.1204711122272
919614.583333333,3.06538194444444,-69.9149331160059
919750,3.06583333333333,-69.7165802932085
919885.416666667,3.06628472222222,-69.5250901326783
920020.833333333,3.06673611111111,-69.340164974704
920156.25,3.0671875,-69.1615295793291
920291.666666667,3.06763888888889,-68.9889289869834
920427.083333333,3.06809027777778,-68.8221266310074
920562.5,3.06854166666667,-68.6609026665204
920697.916666667,3.06899305555556,-68.5050524872958
920833.333333333,3.06944444444444,-68.3543854054347
920968.75,3.06989583333333,-68.2087234735432
921104.166666667,3.07034722222222,-68.0679004303111
921239.583333333,3.07079861111111,-67.9317607559963
921375,3.07125,-67.8001588226967
921510.416666667,3.07170138888889,-67.672958129609
921645.833333333,3.07215277777778,-67.5500306128377
921781.25,3.07260416666667,-67.4312560210119
921916.666666667,3.07305555555556,-67.3165213500665
922052.083333333,3.07350694444444,-67.2057203301871
922187.5,3.07395833333333,-67.0987529593616
922322.916666667,3.07440972222222,-66.9955250789703
922458.333333333,3.07486111111111,-66.8959479865361
922593.75,3.0753125,-66.7999380824409
922729.166666667,3.07576388888889,-66.707416546672
922864.583333333,3.07621527777778,-66.6183090432141
923000,3.07666666666667,-66.5325454488483
923135.416666667,3.07711805555556,-66.4500596044554
923270.833333333,3.07756944444444,-66.3707890866231
923406.25,3.07802083333333,-66.2946749977475
923541.666666667,3.07847222222222,-66.2216617728769
923677.083333333,3.07892361111111,-66.1516970018465
923812.5,3.079375,-66.0847312655385
923947.916666667,3.07982638888889,-66.0207179848669
924083.333333333,3.08027777777778,-65.9596132815159
924218.75,3.08072916666667,-65.901375849771
924354.166666667,3.08118055555556,-65.8459668378742
924489.583333333,3.08163194444444,-65.7933497388806
924625,3.08208333333333,-65.7434902899882
924760.416666667,3.08253472222222,-65.696356379454
924895.833333333,3.08298611111111,-65.6519179613832
925031.25,3.0834375,-65.610146976618
925166.666666667,3.08388888888889,-65.5710172805358
925302.083333333,3.08434027777778,-65.5345045764521
925437.5,3.08479166666667,-65.5005863546877
925572.916666667,3.08524305555556,-65.4692418367355
925708.333333333,3.08569444444444,-65.4404519246311
925843.75,3.08614583333333,-65.4141991545401
925979.166666667,3.08659722222222,-65.3904676551389
926114.583333333,3.08704861111111,-65.3692431097793
926250,3.0875,-65.3505127230158
926385.416666667,3.08795138888889,-65.3342651907778
926520.833333333,3.08840277777778,-65.3204906741389
926656.25,3.08885416666667,-65.3091807766541
926791.666666667,3.08930555555556,-65.3003285253518
926927.083333333,3.08975694444444,-65.2939283545843
927062.5,3.09020833333333,-65.2899760936243
927197.916666667,3.09065972222222,-65.288468957146
927333.333333333,3.09111111111111,-65.2894055389393
927468.75,3.0915625,-65.2927858088421
927604.166666667,3.09201388888889,-65.2986111124586
927739.583333333,3.09246527777778,-65.3068841744061
927875,3.09291666666667,-65.3176091043572
928010.416666667,3.09336805555556,-65.3307914063766
928145.833333333,3.09381944444444,-65.3464379913407
928281.25,3.09427083333333,-65.3645571927734
928416.666666667,3.09472222222222,-65.3851587857333
928552.083333333,3.09517361111111,-65.4082540094604
928687.5,3.095625,-65.4338555932798
928822.916666667,3.09607638888889,-65.4619777863454
928958.333333333,3.09652777777778,-65.4926363909764
929093.75,3.09697916666667,-65.5258488002407
929229.166666667,3.09743055555556,-65.5616340394882
929364.583333333,3.09788194444444,-65.6000128124147
929500,3.09833333333333,-65.6410075516283
929635.416666667,3.09878472222222,-65.6846424742139
929770.833333333,3.09923611111111,-65.7309436424678
929906.25,3.0996875,-65.779939030017
930041.666666667,3.10013888888889,-65.8316585942391
930177.083333333,3.10059027777778,-65.8861343545005
930312.5,3.10104166666667,-65.9434004775038
930447.916666667,3.10149305555556,-66.003493369923
930583.333333333,3.10194444444444,-66.0664517785076
930718.75,3.10239583333333,-66.1323168992785
930854.166666667,3.10284722222222,-66.2011324952739
930989.583333333,3.10329861111111,-66.2729450245777
931125,3.10375,-66.3478037790562
931260.416666667,3.10420138888889,-66.4257610347381
931395.833333333,3.10465277777778,-66.5068722149717
931531.25,3.10510416666667,-66.59119606781
931666.666666667,3.10555555555556,-66.6787948582987
931802.083333333,3.10600694444444,-66.7697345776605
931937.5,3.10645833333333,-66.8640851709363
932072.916666667,3.10690972222222,-66.9619207845957
932208.333333333,3.10736111111111,-67.0633200369347
932343.75,3.1078125,-67.1683663122205
932479.166666667,3.10826388888889,-67.2771480830935
932614.583333333,3.10871527777778,-67.3897592622189
932750,3.10916666666667,-67.5062995880087
932885.416666667,3.10961805555556,-67.6268750474225
933020.833333333,3.11006944444444,-67.7515983403553
933156.25,3.11052083333333,-67.8805893906385
933291.666666667,3.11097222222222,-68.0139759089066
933427.083333333,3.11142361111111,-68.1518940141734
933562.5,3.111875,-68.2944889208582
933697.916666667,3.11232638888889,-68.4419157006344
933833.333333333,3.11277777777778,-68.5943401272427
933968.75,3.11322916666667,-68.7519396178646
934104.166666667,3.11368055555556,-68.914904281473
934239.583333333,3.11413194444444,-69.0834380912735
934375,3.11458333333333,-69.2577601984641
934510.416666667,3.11503472222222,-69.4381064078182
934645.833333333,3.11548611111111,-69.6247308398071
934781.25,3.1159375,-69.8179078083549
934916.666666667,3.11638888888889,-70.0179339480965
935052.083333333,3.11684027777778,-70.2251306325991
935187.5,3.11729166666667,-70.4398467319884
935322.916666667,3.11774305555556,-70.6624617688687
935458.333333333,3.11819444444444,-70.8933895432173
935593.75,3.11864583333333,-71.1330823136276
935729.166666667,3.11909722222222,-71.3820356379473
935864.583333333,3.11954861111111,-71.6407940056607
936000,3.12,-71.9099574185833
936135.416666667,3.12045138888889,-72.1901891213966
936270.833333333,3.12090277777778,-72.4822247301774
936406.25,3.12135416666667,-72.7868830729545
936541.666666667,3.12180555555556,-73.1050791446869
936677.083333333,3.12225694444444,-73.4378396895611
936812.5,3.12270833333333,-73.7863220776852
936947.916666667,3.12315972222222,-74.1518373497229
937083.333333333,3.12361111111111,-74.5358785831047
937218.75,3.1240625,-74.9401561279658
937354.166666667,3.12451388888889,-75.3666418099944
937489.583333333,3.12496527777778,-75.8176249861576
937625,3.12541666666667,-76.2957844842602
937760.416666667,3.12586805555556,-76.80428215383
937895.833333333,3.12631944444444,-77.3468863183663
938031.25,3.12677083333333,-77.9281373878608
938166.666666667,3.12722222222222,-78.5535741811633
938302.083333333,3.12767361111111,-79.2300497932312
938437.5,3.128125,-79.9661832028298
938572.916666667,3.12857638888889,-80.7730232576558
938708.333333333,3.12902777777778,-81.6650574443687
938843.75,3.12947916666667,-82.6618054528619
938979.166666667,3.12993055555556,-83.7904583375946
939114.583333333,3.13038194444444,-85.0905126710182
939250,3.13083333333333,-86.6225371478584
939385.416666667,3.13128472222222,-88.4864739549088
939520.833333333,3.13173611111111,-90.8654763142503
939656.25,3.1321875,-94.155282144825
939791.666666667,3.13263888888889,-99.5177289856549
939927.083333333,3.13309027777778,-116.239357206068
940062.5,3.13354166666667,-102.515301078778
940197.916666667,3.13399305555556,-95.6454807416563
940333.333333333,3.13444444444444,-91.8603410666147
940468.75,3.13489583333333,-89.2351505827418
940604.166666667,3.13534722222222,-87.2243101514264
940739.583333333,3.13579861111111,-85.5949477122664
940875,3.13625,-84.225856126517
941010.416666667,3.13670138888889,-83.045845640445
941145.833333333,3.13715277777778,-82.0095228804658
941281.25,3.13760416666667,-81.086160179575
941416.666666667,3.13805555555556,-80.2539879116127
941552.083333333,3.13850694444444,-79.4970189312687
941687.5,3.13895833333333,-78.8031663145584
941822.916666667,3.13940972222222,-78.163069677002
941958.333333333,3.13986111111111,-77.5693322668133
942093.75,3.1403125,-77.0160075432173
942229.166666667,3.14076388888889,-76.4982433195428
942364.583333333,3.14121527777778,-76.01202878252
942500,3.14166666666667,-75.554010643687
942635.416666667,3.14211805555556,-75.1213569219719
942770.833333333,3.14256944444444,-74.7116542755877
942906.25,3.14302083333333,-74.3228294321778
943041.666666667,3.14347222222222,-73.9530882332668
943177.083333333,3.14392361111111,-73.6008677554473
943312.5,3.144375,-73.2647982824951
943447.916666667,3.14482638888889,-72.9436727898553
943583.333333333,3.14527777777778,-72.6364222296982
943718.75,3.14572916666667,-72.3420953412301
943854.166666667,3.14618055555556,-72.059842026994
943989.583333333,3.14663194444444,-71.7888995653709
944125,3.14708333333333,-71.528581097842
944260.416666667,3.14753472222222,-71.2782659550169
944395.833333333,3.14798611111111,-71.0373914795147
944531.25,3.1484375,-70.805446077441
944666.666666667,3.14888888888889,-70.5819632813668
944802.083333333,3.14934027777778,-70.3665166556306
944937.5,3.14979166666667,-70.1587154027519
945072.916666667,3.15024305555556,-69.9582005587642
945208.333333333,3.15069444444444,-69.7646416863332
945343.75,3.15114583333333,-69.5777339876883
945479.166666667,3.15159722222222,-69.3971957767696
945614.583333333,3.15204861111111,-69.2227662575911
945750,3.1525,-69.0542035653447
945885.416666667,3.15295138888889,-68.8912830339253
946020.833333333,3.15340277777778,-68.7337956600773
946156.25,3.15385416666667,-68.5815467362516
946291.666666667,3.15430555555556,-68.4343546327644
946427.083333333,3.15475694444444,-68.2920497081556
946562.5,3.15520833333333,-68.1544733333489
946697.916666667,3.15565972222222,-68.0214770151243
946833.333333333,3.15611111111111,-67.8929216068254
946968.75,3.1565625,-67.7686765971768
947104.166666667,3.15701388888889,-67.6486194668961
947239.583333333,3.15746527777778,-67.5326351067675
947375,3.15791666666667,-67.4206152894073
947510.416666667,3.15836805555556,-67.3124581898061
947645.833333333,3.15881944444444,-67.2080679484528
947781.25,3.15927083333333,-67.107354273759
947916.666666667,3.15972222222222,-67.0102320788864
948052.083333333,3.16017361111111,-66.9166211499245
948187.5,3.160625,-66.8264458423146
948322.916666667,3.16107638888889,-66.7396348024204
948458.333333333,3.16152777777778,-66.6561207128746
948593.75,3.16197916666667,-66.5758400576854
948729.166666667,3.16243055555556,-66.4987329074983
948864.583333333,3.16288194444444,-66.4247427213842
949000,3.16333333333333,-66.3538161646044
949135.416666667,3.16378472222222,-66.2859029408008
949270.833333333,3.16423611111111,-66.2209556373157
949406.25,3.1646875,-66.1589295824779
949541.666666667,3.16513888888889,-66.0997827142529
949677.083333333,3.16559027777778,-66.0434754588656
949812.5,3.16604166666667,-65.9899706188506
949947.916666667,3.16649305555556,-65.9392332698135
950083.333333333,3.16694444444444,-65.8912306655236
950218.75,3.16739583333333,-65.8459321498925
950354.166666667,3.16784722222222,-65.8033090765484
950489.583333333,3.16829861111111,-65.763334734279
950625,3.16875,-65.7259842789999
950760.416666667,3.16920138888889,-65.6912346711048
950895.833333333,3.16965277777778,-65.6590646181251
951031.25,3.17010416666667,-65.6294545226111
951166.666666667,3.17055555555556,-65.6023864344453
951302.083333333,3.17100694444444,-65.5778440077232
951437.5,3.17145833333333,-65.5558124621047
951572.916666667,3.17190972222222,-65.5362785477143
951708.333333333,3.17236111111111,-65.5192305143957
951843.75,3.1728125,-65.5046580844226
951979.166666667,3.17326388888889,-65.4925524287244
952114.583333333,3.17371527777778,-65.4829061467936
952250,3.17416666666667,-65.4757132497775
952385.416666667,3.17461805555556,-65.4709691467525
952520.833333333,3.17506944444444,-65.4686706346257
952656.25,3.17552083333333,-65.4688158906303
952791.666666667,3.17597222222222,-65.4714044683088
952927.083333333,3.17642361111111,-65.4764372965482
953062.5,3.176875,-65.4839166816591
953197.916666667,3.17732638888889,-65.4938463125059
953333.333333333,3.17777777777778,-65.5062312690439
953468.75,3.17822916666667,-65.5210780334746
953604.166666667,3.17868055555556,-65.5383945053159
953739.583333333,3.17913194444444,-65.558190019271
953875,3.17958333333333,-65.5804753666748
954010.416666667,3.18003472222222,-65.6052628204899
954145.833333333,3.18048611111111,-65.6325661636689
954281.25,3.1809375,-65.6624007215668
954416.666666667,3.18138888888889,-65.6947833981646
954552.083333333,3.18184027777778,-65.7297327163512
954687.5,3.18229166666667,-65.7672688625544
954822.916666667,3.18274305555556,-65.8074137359674
954958.333333333,3.18319444444444,-65.8501910024247
955093.75,3.18364583333333,-65.895626153705
955229.166666667,3.18409722222222,-65.9437465718163
955364.583333333,3.18454861111111,-65.994581599492
955500,3.185,-66.0481626166634
955635.416666667,3.18545138888889,-66.1045231234766
955770.833333333,3.18590277777778,-66.1636988305286
955906.25,3.18635416666667,-66.2257277570216
956041.666666667,3.18680555555556,-66.2906503365871
956177.083333333,3.18725694444444,-66.3585095327646
956312.5,3.18770833333333,-66.4293509634876
956447.916666667,3.18815972222222,-66.503223036572
956583.333333333,3.18861111111111,-66.5801770964194
956718.75,3.1890625,-66.6602675830202
956854.166666667,3.18951388888889,-66.7435522050846
956989.583333333,3.18996527777778,-66.8300921272766
957125,3.19041666666667,-66.9199521742131
957260.416666667,3.19086805555556,-67.0132010523395
957395.833333333,3.19131944444444,-67.1099115910527
957531.25,3.19177083333333,-67.2101610057565
957666.666666667,3.19222222222222,-67.3140311849079
957802.083333333,3.19267361111111,-67.4216090028485
957937.5,3.193125,-67.5329866625023
958072.916666667,3.19357638888889,-67.6482620702059
958208.333333333,3.19402777777778,-67.7675392465253
958343.75,3.19447916666667,-67.8909287776031
958479.166666667,3.19493055555556,-68.0185483111009
958614.583333333,3.19538194444444,-68.1505231024947
958750,3.19583333333333,-68.2869866179333
958885.416666667,3.19628472222222,-68.4280812003672
959020.833333333,3.19673611111111,-68.5739588071529
959156.25,3.1971875,-68.7247818288191
959291.666666667,3.19763888888889,-68.880723998726
959427.083333333,3.19809027777778,-69.0419714075113
959562.5,3.19854166666667,-69.2087236356383
959697.916666667,3.19899305555556,-69.3811950213224
959833.333333333,3.19944444444444,-69.5596160844851
959968.75,3.19989583333333,-69.744235128106
960104.166666667,3.20034722222222,-69.9353200465899
960239.583333333,3.20079861111111,-70.1331603724808
960375,3.20125,-70.3380696003984
960510.416666667,3.20170138888889,-70.5503878341549
960645.833333333,3.20215277777778,-70.7704848140808
960781.25,3.20260416666667,-70.9987633886996
960916.666666667,3.20305555555556,-71.2356635151577
961052.083333333,3.20350694444444,-71.4816668844981
961187.5,3.20395833333333,-71.7373022952936
961322.916666667,3.20440972222222,-72.0031519239768
961458.333333333,3.20486111111111,-72.279858677418
961593.75,3.2053125,-72.5681348623208
961729.166666667,3.20576388888889,-72.8687724609501
961864.583333333,3.20621527777778,-73.1826553879145
962000,3.20666666666667,-73.5107742014321
962135.416666667,3.20711805555556,-73.8542438860405
962270.833333333,3.20756944444444,-74.2143255074898
962406.25,3.20802083333333,-74.5924528001532
962541.666666667,3.20847222222222,-74.9902650973949
962677.083333333,3.20892361111111,-75.4096485138919
962812.5,3.209375,-75.8527879908725
962947.916666667,3.20982638888889,-76.3222338364466
963083.333333333,3.21027777777778,-76.8209878932788
963218.75,3.21072916666667,-77.3526167140949
963354.166666667,3.21118055555556,-77.9214025947359
963489.583333333,3.21163194444444,-78.5325487474383
963625,3.21208333333333,-79.1924637222716
963760.416666667,3.21253472222222,-79.9091649007448
963895.833333333,3.21298611111111,-80.6928663947396
964031.25,3.2134375,-81.5568627469717
964166.666666667,3.21388888888889,-82.5189072245392
964302.083333333,3.21434027777778,-83.6034592325316
964437.5,3.21479166666667,-84.8455547028659
964572.916666667,3.21524305555556,-86.2979471203388
964708.333333333,3.21569444444444,-88.0455236349981
964843.75,3.21614583333333,-90.2382244936898
964979.166666667,3.21659722222222,-93.1811662467073
965114.583333333,3.21704861111111,-97.668745453928
965250,3.2175,-107.472449270373
965385.416666667,3.21795138888889,-106.712326544397
965520.833333333,3.21840277777778,-97.4179933255228
965656.25,3.21885416666667,-93.0336954150663
965791.666666667,3.21930555555556,-90.136075482382
965927.083333333,3.21975694444444,-87.969378785771
966062.5,3.22020833333333,-86.2390260225099
966197.916666667,3.22065972222222,-84.7991295346707
966333.333333333,3.22111111111111,-83.5666933404677
966468.75,3.2215625,-82.4899651458009
966604.166666667,3.22201388888889,-81.5344886544879
966739.583333333,3.22246527777778,-80.6761632817141
966875,3.22291666666667,-79.897469774244
967010.416666667,3.22336805555556,-79.1852727189637
967145.833333333,3.22381944444444,-78.5294699844321
967281.25,3.22427083333333,-77.9221252799179
967416.666666667,3.22472222222222,-77.3568902197545
967552.083333333,3.22517361111111,-76.8286071717264
967687.5,3.225625,-76.3330290024109
967822.916666667,3.22607638888889,-75.8666167193398
967958.333333333,3.22652777777778,-75.4263903874358
968093.75,3.22697916666667,-75.009817332422
968229.166666667,3.22743055555556,-74.61472696657
968364.583333333,3.22788194444444,-74.2392449779146
968500,3.22833333333333,-73.8817418270992
968635.416666667,3.22878472222222,-73.5407919754226
968770.833333333,3.22923611111111,-73.2151412677846
968906.25,3.2296875,-72.9036805879859
969041.666666667,3.23013888888889,-72.605424392873
969177.083333333,3.23059027777778,-72.3194930797096
969312.5,3.23104166666667,-72.0450983938867
969447.916666667,3.23149305555556,-71.7815312681113
969583.333333333,3.23194444444444,-71.5281516239794
969718.75,3.23239583333333,-71.284379766113
969854.166666667,3.23284722222222,-71.0496890813638
969989.583333333,3.23329861111111,-70.8235998109025
970125,3.23375,-70.6056737128451
970260.416666667,3.23420138888889,-70.3955094662441
970395.833333333,3.23465277777778,-70.1927386965331
970531.25,3.23510416666667,-69.9970225234975
970666.666666667,3.23555555555556,-69.8080485532881
970802.083333333,3.23600694444444,-69.6255282457008
970937.5,3.23645833333333,-69.4491946035518
971072.916666667,3.23690972222222,-69.2788001371363
971208.333333333,3.23736111111111,-69.114115065749
971343.75,3.2378125,-68.9549257243999
971479.166666667,3.23826388888889,-68.8010331469759
971614.583333333,3.23871527777778,-68.6522518051765
971750,3.23916666666667,-68.5084084810012
971885.416666667,3.23961805555556,-68.369341257492
972020.833333333,3.24006944444444,-68.234898612909
972156.25,3.24052083333333,-68.1049386063275
972291.666666667,3.24097222222222,-67.9793281425781
972427.083333333,3.24142361111111,-67.8579423097247
972562.5,3.241875,-67.7406637784947
972697.916666667,3.24232638888889,-67.6273822583798
972833.333333333,3.24277777777778,-67.5179940037981
972968.75,3.24322916666667,-67.4124013643783
973104.166666667,3.24368055555556,-67.3105123761713
973239.583333333,3.24413194444444,-67.2122403879567
973375,3.24458333333333,-67.1175037203002
973510.416666667,3.24503472222222,-67.0262253533598
973645.833333333,3.24548611111111,-66.9383326415119
973781.25,3.2459375,-66.85375705084
973916.666666667,3.24638888888889,-66.7724339191836
974052.083333333,3.24684027777778,-66.6943022349812
974187.5,3.24729166666667,-66.6193044340911
974322.916666667,3.24774305555556,-66.5473862130326
974458.333333333,3.24819444444444,-66.4784963566366
974593.75,3.24864583333333,-66.4125865796258
974729.166666667,3.24909722222222,-66.3496113803405
974864.583333333,3.24954861111111,-66.2895279058682
975000,3.25,-66.2322958275882
975135.416666667,3.25045138888889,-66.1778772268773
975270.833333333,3.25090277777778,-66.1262364886851
975406.25,3.25135416666667,-66.0773402044368
975541.666666667,3.25180555555556,-66.0311570819409
975677.083333333,3.25225694444444,-65.987657862635
975812.5,3.25270833333333,-65.946815245244
975947.916666667,3.25315972222222,-65.9086038156803
976083.333333333,3.25361111111111,-65.8729999831038
976218.75,3.2540625,-65.8399819206156
976354.166666667,3.25451388888889,-65.8095295118856
976489.583333333,3.25496527777778,-65.7816243017519
976625,3.25541666666667,-65.7562494520617
976760.416666667,3.25586805555556,-65.7333897014107
976895.833333333,3.25631944444444,-65.7130313291982
977031.25,3.25677083333333,-65.6951621233706
977166.666666667,3.25722222222222,-65.6797713522055
977302.083333333,3.25767361111111,-65.6668497392159
977437.5,3.258125,-65.6563894423358
977572.916666667,3.25857638888889,-65.6483840356792
977708.333333333,3.25902777777778,-65.6428284949759
977843.75,3.25947916666667,-65.6397191864397
977979.166666667,3.25993055555556,-65.6390538581524
978114.583333333,3.26038194444444,-65.6408316354339
978250,3.26083333333333,-65.6450530185005
978385.416666667,3.26128472222222,-65.6517198837698
978520.833333333,3.26173611111111,-65.6608354881411
978656.25,3.2621875,-65.6724044762601
978791.666666667,3.26263888888889,-65.6864328908944
978927.083333333,3.26309027777778,-65.7029281870137
979062.5,3.26354166666667,-65.7218992483247
979197.916666667,3.26399305555556,-65.743356408223
979333.333333333,3.26444444444444,-65.7673114728516
979468.75,3.26489583333333,-65.7937777491461
979604.166666667,3.26534722222222,-65.8227700754987
979739.583333333,3.26579861111111,-65.8543048569939
979875,3.26625,-65.8884001042444
980010.416666667,3.26670138888889,-65.9250754767106
980145.833333333,3.26715277777778,-65.964352330494
980281.25,3.26760416666667,-66.006253770548
980416.666666667,3.26805555555556,-66.0508047084926
980552.083333333,3.26850694444444,-66.0980319251376
980687.5,3.26895833333333,-66.1479641389857
980822.916666667,3.26940972222222,-66.2006320807106
980958.333333333,3.26986111111111,-66.2560685742866
981093.75,3.2703125,-66.3143086246635
981229.166666667,3.27076388888889,-66.3753895134711
981364.583333333,3.27121527777778,-66.4393509024139
981500,3.27166666666667,-66.5062349454348
981635.416666667,3.27211805555556,-66.5760864104799
981770.833333333,3.27256944444444,-66.6489528111429
981906.25,3.27302083333333,-66.7248845502008
982041.666666667,3.27347222222222,-66.8039350741375
982177.083333333,3.27392361111111,-66.8861610420479
982312.5,3.274375,-66.9716225078081
982447.916666667,3.27482638888889,-67.0603831193442
982583.333333333,3.27527777777778,-67.1525103338096
982718.75,3.27572916666667,-67.248075653214
982854.166666667,3.27618055555556,-67.3471548798945
982989.583333333,3.27663194444444,-67.4498283957851
983125,3.27708333333333,-67.5561814668376
983260.416666667,3.27753472222222,-67.6663045760909
983395.833333333,3.27798611111111,-67.7802937877704
983531.25,3.2784375,-67.8982511465403
983666.666666667,3.27888888888889,-68.0202851154166
983802.083333333,3.27934027777778,-68.1465110570096
983937.5,3.27979166666667,-68.2770517636347
984072.916666667,3.28024305555556,-68.4120380412199
984208.333333333,3.28069444444444,-68.5516093548692
984343.75,3.28114583333333,-68.6959145429679
984479.166666667,3.28159722222222,-68.8451126090266
984614.583333333,3.28204861111111,-68.9993736015634
984750,3.2825,-69.1588795939036
984885.416666667,3.28295138888889,-69.3238257776991
985020.833333333,3.28340277777778,-69.4944216866768
985156.25,3.28385416666667,-69.6708925678385
985291.666666667,3.28430555555556,-69.8534809251161
985427.083333333,3.28475694444444,-70.0424482586133
985562.5,3.28520833333333,-70.2380770323379
985697.916666667,3.28565972222222,-70.4406729058638
985833.333333333,3.28611111111111,-70.6505672740996
985968.75,3.2865625,-70.8681201678085
986104.166666667,3.28701388888889,-71.0937235766492
986239.583333333,3.28746527777778,-71.3278052735759
986375,3.28791666666667,-71.5708332303007
986510.416666667,3.28836805555556,-71.8233207401901
986645.833333333,3.28881944444444,-72.0858323868001
986781.25,3.28927083333333,-72.3589910332596
986916.666666667,3.28972222222222,-72.6434860459034
987052.083333333,3.29017361111111,-72.9400830280099
987187.5,3.290625,-73.2496354044616
987322.916666667,3.29107638888889,-73.5730982995062
987458.333333333,3.29152777777778,-73.9115452726403
987593.75,3.29197916666667,-74.2661886499838
987729.166666667,3.29243055555556,-74.6384044217626
987864.583333333,3.29288194444444,-75.0297629895702
988000,3.29333333333333,-75.4420675003605
988135.416666667,3.29378472222222,-75.8774021241851
988270.833333333,3.29423611111111,-76.3381935481516
988406.25,3.2946875,-76.8272902725085
988541.666666667,3.29513888888889,-77.3480662830124
988677.083333333,3.29559027777778,-77.9045586794073
988812.5,3.29604166666667,-78.5016535467151
988947.916666667,3.29649305555556,-79.1453419063679
989083.333333333,3.29694444444444,-79.843080053535
989218.75,3.29739583333333,-80.6043099450578
989354.166666667,3.29784722222222,-81.4412333313383
989489.583333333,3.29829861111111,-82.3700043094171
989625,3.29875,-83.4126449442664
989760.416666667,3.29920138888889,-84.6002835863916
989895.833333333,3.29965277777778,-85.9789900749027
990031.25,3.30010416666667,-87.6211930069353
990166.666666667,3.30055555555556,-89.6506384903259
990302.083333333,3.30100694444444,-92.3063499076989
990437.5,3.30145833333333,-96.1536613963988
990572.916666667,3.30190972222222,-103.234343060728
990708.333333333,3.30236111111111,-114.946779216751
990843.75,3.3028125,-99.6033902805533
990979.166666667,3.30326388888889,-94.3609245255369
991114.583333333,3.30371527777778,-91.1169987058949
991250,3.30416666666667,-88.7628529008181
991385.416666667,3.30461805555556,-86.9149053301164
991520.833333333,3.30506944444444,-85.3943014278468
991656.25,3.30552083333333,-84.1030056487374
991791.666666667,3.30597222222222,-82.9814245505204
991927.083333333,3.30642361111111,-81.9906122557319
992062.5,3.306875,-81.1037121993448
992197.916666667,3.30732638888889,-80.3014195981908
992333.333333333,3.30777777777778,-79.5693913437806
992468.75,3.30822916666667,-78.8966791782181
992604.166666667,3.30868055555556,-78.2747363549124
992739.583333333,3.30913194444444,-77.6967629880843
992875,3.30958333333333,-77.157260321596
993010.416666667,3.31003472222222,-76.6517186851283
993145.833333333,3.31048611111111,-76.1763937346801
993281.25,3.3109375,-75.7281426020705
993416.666666667,3.31138888888889,-75.3043016808289
993552.083333333,3.31184027777778,-74.9025939612113
993687.5,3.31229166666667,-74.5210577400979
993822.916666667,3.31274305555556,-74.1579910430747
993958.333333333,3.31319444444444,-73.8119077845464
994093.75,3.31364583333333,-73.4815028051205
994229.166666667,3.31409722222222,-73.1656237180969
994364.583333333,3.31454861111111,-72.863248029815
994500,3.315,-72.5734643927857
994635.416666667,3.31545138888889,-72.295457126796
994770.833333333,3.31590277777778,-72.0284933469322
994906.25,3.31635416666667,-71.7719121895826
995041.666666667,3.31680555555556,-71.5251157380078
995177.083333333,3.31725694444444,-71.2875613371359
995312.5,3.31770833333333,-71.0587550486755
995447.916666667,3.31815972222222,-70.8382460502474
995583.333333333,3.31861111111111,-70.6256218188671
995718.75,3.3190625,-70.420503972264
995854.166666667,3.31951388888889,-70.2225446613349
995989.583333333,3.31996527777778,-70.0314234292632
996125,3.32041666666667,-69.8468444671884
996260.416666667,3.32086805555556,-69.6685342070088
996395.833333333,3.32131944444444,-69.4962392037161
996531.25,3.32177083333333,-69.3297242652643
996666.666666667,3.32222222222222,-69.1687707981239
996802.083333333,3.32267361111111,-69.0131753373169
996937.5,3.323125,-68.8627482386581
997072.916666667,3.32357638888889,-68.717312510225
997208.333333333,3.32402777777778,-68.5767027685674
997343.75,3.32447916666667,-68.4407643006536
997479.166666667,3.32493055555556,-68.3093522222902
997614.583333333,3.32538194444444,-68.1823307190916
997750,3.32583333333333,-68.0595723619049
997885.416666667,3.32628472222222,-67.9409574873919
998020.833333333,3.32673611111111,-67.8263736370007
998156.25,3.3271875,-67.7157150479501
998291.666666667,3.32763888888889,-67.6088821900686
998427.083333333,3.32809027777778,-67.5057813446974
998562.5,3.32854166666667,-67.4063242200088
998697.916666667,3.32899305555556,-67.310427600461
998833.333333333,3.32944444444444,-67.218013025583
998968.75,3.32989583333333,-67.1290064964491
999104.166666667,3.33034722222222,-67.0433382063463
999239.583333333,3.33079861111111,-66.9609422938413
999375,3.33125,-66.8817566158546
999510.416666667,3.33170138888889,-66.8057225390059
999645.833333333,3.33215277777778,-66.7327847476236
999781.25,3.33260416666667,-66.6628910675567
999916.666666667,3.33305555555556,-66.5959923028329
1000052.08333333,3.33350694444444,-66.5320420860688
1000187.5,3.33395833333333,-66.4709967398952
1000322.91666667,3.33440972222222,-66.4128151495067
1000458.33333333,3.33486111111111,-66.3574586449078
1000593.75,3.3353125,-66.3048908923944
1000729.16666667,3.33576388888889,-66.2550777946559
1000864.58333333,3.33621527777778,-66.2079873980061
1001000,3.33666666666667,-66.1635898078379
1001135.41666667,3.33711805555556,-66.1218571101017
1001270.83333333,3.33756944444444,-66.0827632995403
1001406.25,3.33802083333333,-66.0462842133961
1001541.66666667,3.33847222222222,-66.0123974709806
1001677.08333333,3.33892361111111,-65.9810824183783
1001812.5,3.339375,-65.9523200778642
1001947.91666667,3.33982638888889,-65.9260931019914
1002083.33333333,3.34027777777778,-65.9023857322959
1002218.75,3.34072916666667,-65.881183761946
1002354.16666667,3.34118055555556,-65.8624745020318
1002489.58333333,3.34163194444444,-65.8462467525743
1002625,3.34208333333333,-65.8324907761228
1002760.41666667,3.34253472222222,-65.8211982758305
1002895.83333333,3.34298611111111,-65.812362375964
1003031.25,3.3434375,-65.8059776068072
1003166.66666667,3.34388888888889,-65.8020398919174
1003302.08333333,3.34434027777778,-65.8005465389699
1003437.5,3.34479166666667,-65.8014962337284
1003572.91666667,3.34524305555556,-65.8048890371203
1003708.33333333,3.34569444444444,-65.8107263853017
1003843.75,3.34614583333333,-65.8190110928869
1003979.16666667,3.34659722222222,-65.8297473593324
1004114.58333333,3.34704861111111,-65.8429407785484
1004250,3.3475,-65.8585983514105
1004385.41666667,3.34795138888889,-65.8767285015747
1004520.83333333,3.34840277777778,-65.8973410951757
1004656.25,3.34885416666667,-65.9204474630973
1004791.66666667,3.34930555555556,-65.9460604273866
1004927.08333333,3.34975694444444,-65.9741943310607
1005062.5,3.35020833333333,-66.0048650719268
1005197.91666667,3.35065972222222,-66.0380901401919
1005333.33333333,3.35111111111111,-66.073888660221
1005468.75,3.3515625,-66.1122814369268
1005604.16666667,3.35201388888889,-66.1532910066356
1005739.58333333,3.35246527777778,-66.196941692986
1005875,3.35291666666667,-66.2432596677851
1006010.41666667,3.35336805555556,-66.2922730177449
1006145.83333333,3.35381944444444,-66.3440118168018
1006281.25,3.35427083333333,-66.3985082052185
1006416.66666667,3.35472222222222,-66.4557964748639
1006552.08333333,3.35517361111111,-66.5159131626917
1006687.5,3.355625,-66.5788971509472
1006822.91666667,3.35607638888889,-66.6447897769115
1006958.33333333,3.35652777777778,-66.7136349514061
1007093.75,3.35697916666667,-66.7854792871018
1007229.16666667,3.35743055555556,-66.8603722380533
1007364.58333333,3.35788194444444,-66.9383662505235
1007500,3.35833333333333,-67.0195169272499
1007635.41666667,3.35878472222222,-67.1038832051755
1007770.83333333,3.35923611111111,-67.1915275489001
1007906.25,3.3596875,-67.2825161606586
1008041.66666667,3.36013888888889,-67.376919209275
1008177.08333333,3.36059027777778,-67.474811078392
1008312.5,3.36104166666667,-67.5762706386872
1008447.91666667,3.36149305555556,-67.6813815430077
1008583.33333333,3.36194444444444,-67.7902325506544
1008718.75,3.36239583333333,-67.9029178804123
1008854.16666667,3.36284722222222,-68.0195375984049
1008989.58333333,3.36329861111111,-68.1401980429319
1009125,3.36375,-68.265012291267
1009260.41666667,3.36420138888889,-68.3941006731841
1009395.83333333,3.36465277777778,-68.5275913369447
1009531.25,3.36510416666667,-68.6656208741139
1009666.66666667,3.36555555555556,-68.8083350103204
1009802.08333333,3.36600694444444,-68.9558893712505
1009937.5,3.36645833333333,-69.1084503328162
1010072.91666667,3.36690972222222,-69.2661959672573
1010208.33333333,3.36736111111111,-69.4293170977905
1010343.75,3.3678125,-69.5980184787933
1010479.16666667,3.36826388888889,-69.7725201170027
1010614.58333333,3.36871527777778,-69.9530587567681
1010750,3.36916666666667,-70.1398895527505
1010885.41666667,3.36961805555556,-70.3332879602468
1011020.83333333,3.37006944444444,-70.5335518771042
1011156.25,3.37052083333333,-70.7410040783016
1011291.66666667,3.37097222222222,-70.9559949937372
1011427.08333333,3.37142361111111,-71.1789058870396
1011562.5,3.371875,-71.4101525086672
1011697.91666667,3.37232638888889,-71.6501893081195
1011833.33333333,3.37277777777778,-71.8995143153718
1011968.75,3.37322916666667,-72.1586748178941
1012104.16666667,3.37368055555556,-72.4282739986879
1012239.58333333,3.37413194444444,-72.7089787343091
1012375,3.37458333333333,-73.0015288064964
1012510.41666667,3.37503472222222,-73.306747845099
1012645.83333333,3.37548611111111,-73.6255564092784
1012781.25,3.3759375,-73.9589877278682
1012916.66666667,3.37638888888889,-74.3082067752397
1013052.08333333,3.37684027777778,-74.6745335683196
1013187.5,3.37729166666667,-75.0594718571327
1013322.91666667,3.37774305555556,-75.4647447827923
1013458.33333333,3.37819444444444,-75.8923396326377
1013593.75,3.37864583333333,-76.344564632487
1013729.16666667,3.37909722222222,-76.824121879592
1013864.58333333,3.37954861111111,-77.3342022569545
1014000,3.38,-77.8786107886537
1014135.41666667,3.38045138888889,-78.4619349622794
1014270.83333333,3.38090277777778,-79.0897749983955
1014406.25,3.38135416666667,-79.7690656177795
1014541.66666667,3.38180555555556,-80.508536720454
1014677.08333333,3.38225694444444,-81.3193918123187
1014812.5,3.38270833333333,-82.2163406919223
1014947.91666667,3.38315972222222,-83.2192345485798
1015083.33333333,3.38361111111111,-84.3557815479451
1015218.75,3.3840625,-85.6663320381354
1015354.16666667,3.38451388888889,-87.2129724101855
1015489.58333333,3.38496527777778,-89.0986275714846
1015625,3.38541666666667,-91.513228576094
1015760.41666667,3.38586805555556,-94.8719383422815
1015895.83333333,3.38631944444444,-100.423968872661
1016031.25,3.38677083333333,-120.006743604021
1016166.66666667,3.38722222222222,-102.471210304922
1016302.08333333,3.38767361111111,-95.8941890818105
1016437.5,3.388125,-92.1967007132095
1016572.91666667,3.38857638888889,-89.6136430870299
1016708.33333333,3.38902777777778,-87.6275397795558
1016843.75,3.38947916666667,-86.0144307558186
1016979.16666667,3.38993055555556,-84.6568211577562
1017114.58333333,3.39038194444444,-83.485343297673
1017250,3.39083333333333,-82.4556028805014
1017385.41666667,3.39128472222222,-81.5374658411334
1017520.83333333,3.39173611111111,-80.7095374380618
1017656.25,3.3921875,-79.9560789298309
1017791.66666667,3.39263888888889,-79.2651745098451
1017927.08333333,3.39309027777778,-78.6275855129229
1018062.5,3.39354166666667,-78.0360041347152
1018197.91666667,3.39399305555556,-77.4845503441805
1018333.33333333,3.39444444444444,-76.9684226819777
1018468.75,3.39489583333333,-76.4836496999983
1018604.16666667,3.39534722222222,-76.0269091250734
1018739.58333333,3.39579861111111,-75.5953937438523
1018875,3.39625,-75.1867102332236
1019010.41666667,3.39670138888889,-74.798801677023
1019145.83333333,3.39715277777778,-74.4298874104379
1019281.25,3.39760416666667,-74.0784157426488
1019416.66666667,3.39805555555556,-73.7430263828657
1019552.08333333,3.39850694444444,-73.42252027474
1019687.5,3.39895833333333,-73.1158351522943
1019822.91666667,3.39940972222222,-72.822025563509
1019958.33333333,3.39986111111111,-72.540246415206
1020093.75,3.4003125,-72.2697393203945
1020229.16666667,3.40076388888889,-72.0098211938276
1020364.58333333,3.40121527777778,-71.7598746659942
1020500,3.40166666666667,-71.5193399786394
1020635.41666667,3.40211805555556,-71.2877080945766
1020770.83333333,3.40256944444444,-71.0645148108451
1020906.25,3.40302083333333,-70.8493357038331
1021041.66666667,3.40347222222222,-70.6417817704932
1021177.08333333,3.40392361111111,-70.4414956521504
1021312.5,3.404375,-70.2481483521197
1021447.91666667,3.40482638888889,-70.0614363693766
1021583.33333333,3.40527777777778,-69.8810791881052
1021718.75,3.40572916666667,-69.7068170712638
1021854.16666667,3.40618055555556,-69.5384091146374
1021989.58333333,3.40663194444444,-69.3756315259823
1022125,3.40708333333333,-69.2182760980816
1022260.41666667,3.40753472222222,-69.0661488509141
1022395.83333333,3.40798611111111,-68.9190688206014
1022531.25,3.4084375,-68.7768669764984
1022666.66666667,3.40888888888889,-68.6393852505911
1022802.08333333,3.40934027777778,-68.5064756667168
1022937.5,3.40979166666667,-68.3779995548453
1023072.91666667,3.41024305555556,-68.2538268443294
1023208.33333333,3.41069444444444,-68.133835423592
1023343.75,3.41114583333333,-68.0179105615251
1023479.16666667,3.41159722222222,-67.9059443818796
1023614.58333333,3.41204861111111,-67.7978353860601
1023750,3.4125,-67.6934880188073
1023885.41666667,3.41295138888889,-67.5928122722538
1024020.83333333,3.41340277777778,-67.495723324645
1024156.25,3.41385416666667,-67.4021412099849
1024291.66666667,3.41430555555556,-67.3119905161162
1024427.08333333,3.41475694444444,-67.22520010742
1024562.5,3.41520833333333,-67.141702871054
1024697.91666667,3.41565972222222,-67.0614354836961
1024833.33333333,3.41611111111111,-66.9843381974296
1024968.75,3.4165625,-66.9103546423459
1025104.16666667,3.41701388888889,-66.8394316452354
1025239.58333333,3.41746527777778,-66.7715190624658
1025375,3.41791666666667,-66.7065696259827
1025510.41666667,3.41836805555556,-66.6445388012322
1025645.83333333,3.41881944444444,-66.5853846562176
1025781.25,3.41927083333333,-66.5290677408953
1025916.66666667,3.41972222222222,-66.4755509754829
1026052.08333333,3.42017361111111,-66.4247995478829
1026187.5,3.420625,-66.3767808186992
1026322.91666667,3.42107638888889,-66.3314642342748
1026458.33333333,3.42152777777778,-66.2888212459714
1026593.75,3.42197916666667,-66.2488252364386
1026729.16666667,3.42243055555556,-66.2114514515343
1026864.58333333,3.42288194444444,-66.1766769381174
1027000,3.42333333333333,-66.1444804869479
1027135.41666667,3.42378472222222,-66.1148425807495
1027270.83333333,3.42423611111111,-66.0877453468658
1027406.25,3.4246875,-66.0631725143457
1027541.66666667,3.42513888888889,-66.0411093752117
1027677.08333333,3.42559027777778,-66.0215427499678
1027812.5,3.42604166666667,-66.004460956901
1027947.91666667,3.42649305555556,-65.9898537847323
1028083.33333333,3.42694444444444,-65.9777124693565
1028218.75,3.42739583333333,-65.9680296736364
1028354.16666667,3.42784722222222,-65.9607994708133
1028489.58333333,3.42829861111111,-65.956017330878
1028625,3.42875,-65.9536801104711
1028760.41666667,3.42920138888889,-65.953786045771
1028895.83333333,3.42965277777778,-65.9563347485991
1029031.25,3.43010416666667,-65.9613272051909
1029166.66666667,3.43055555555556,-65.9687657789123
1029302.08333333,3.43100694444444,-65.9786542152431
1029437.5,3.43145833333333,-65.9909976503291
1029572.91666667,3.43190972222222,-66.0058026226792
1029708.33333333,3.43236111111111,-66.0230770879212
1029843.75,3.4328125,-66.0428304371326
1029979.16666667,3.43326388888889,-66.0650735180233
1030114.58333333,3.43371527777778,-66.0898186605523
1030250,3.43416666666667,-66.1170797050999
1030385.41666667,3.43461805555556,-66.1468720351334
1030520.83333333,3.43506944444444,-66.1792126133261
1030656.25,3.43552083333333,-66.2141200224443
1030791.66666667,3.43597222222222,-66.2516145098046
1030927.08333333,3.43642361111111,-66.2917180366234
1031062.5,3.436875,-66.3344543323721
1031197.91666667,3.43732638888889,-66.3798489538477
1031333.33333333,3.43777777777778,-66.4279293500666
1031468.75,3.43822916666667,-66.4787249323732
1031604.16666667,3.43868055555556,-66.5322671519128
1031739.58333333,3.43913194444444,-66.5885895821552
1031875,3.43958333333333,-66.6477280099041
1032010.41666667,3.44003472222222,-66.709720533108
1032145.83333333,3.44048611111111,-66.7746076677263
1032281.25,3.4409375,-66.8424324627116
1032416.66666667,3.44138888888889,-66.9132406253616
1032552.08333333,3.44184027777778,-66.987080656944
1032687.5,3.44229166666667,-67.064003999795
1032822.91666667,3.44274305555556,-67.144065196839
1032958.33333333,3.44319444444444,-67.2273220647982
1033093.75,3.44364583333333,-67.313835882518
1033229.16666667,3.44409722222222,-67.4036715949772
1033364.58333333,3.44454861111111,-67.4968980357799
1033500,3.445,-67.5935881692238
1033635.41666667,3.44545138888889,-67.6938193539763
1033770.83333333,3.44590277777778,-67.7976736305096
1033906.25,3.44635416666667,-67.9052380353129
1034041.66666667,3.44680555555556,-68.01660494427
1034177.08333333,3.44725694444444,-68.1318724485604
1034312.5,3.44770833333333,-68.2511447666245
1034447.91666667,3.44815972222222,-68.3745326968645
1034583.33333333,3.44861111111111,-68.5021541151388
1034718.75,3.4490625,-68.6341345225184
1034854.16666667,3.44951388888889,-68.7706076500882
1034989.58333333,3.44996527777778,-68.9117161271689
1035125,3.45041666666667,-69.0576122212309
1035260.41666667,3.45086805555556,-69.208458659046
1035395.83333333,3.45131944444444,-69.3644295398549
1035531.25,3.45177083333333,-69.5257113527642
1035666.66666667,3.45222222222222,-69.6925041135048
1035802.08333333,3.45267361111111,-69.8650226365037
1035937.5,3.453125,-70.0434979641043
1036072.91666667,3.45357638888889,-70.2281789740075
1036208.33333333,3.45402777777778,-70.419334194153
1036343.75,3.45447916666667,-70.6172538572592
1036479.16666667,3.45493055555556,-70.8222522340694
1036614.58333333,3.45538194444444,-71.0346702915904
1036750,3.45583333333333,-71.2548787321493
1036885.41666667,3.45628472222222,-71.4832814808445
1037020.83333333,3.45673611111111,-71.720319702965
1037156.25,3.4571875,-71.9664764506328
1037291.66666667,3.45763888888889,-72.2222820611684
1037427.08333333,3.45809027777778,-72.4883204577748
1037562.5,3.45854166666667,-72.7652365391101
1037697.91666667,3.45899305555556,-73.0537448923416
1037833.33333333,3.45944444444444,-73.3546401243543
1037968.75,3.45989583333333,-73.6688091860282
1038104.16666667,3.46034722222222,-73.9972461670151
1038239.58333333,3.46079861111111,-74.3410701844839
1038375,3.46125,-74.7015471720351
1038510.41666667,3.46170138888889,-75.0801166379868
1038645.83333333,3.46215277777778,-75.4784248175841
1038781.25,3.46260416666667,-75.8983661442646
1038916.66666667,3.46305555555556,-76.3421356802693
1039052.08333333,3.46350694444444,-76.8122961714094
1039187.5,3.46395833333333,-77.3118649186699
1039322.91666667,3.46440972222222,-77.8444279315426
1039458.33333333,3.46486111111111,-78.414292342215
1039593.75,3.4653125,-79.0266935776176
1039729.16666667,3.46576388888889,-79.688082740414
1039864.58333333,3.46621527777778,-80.4065346126385
1040000,3.46666666666667,-81.1923426495205
1040135.41666667,3.46711805555556,-82.0589142754251
1040270.83333333,3.46756944444444,-83.0241689909996
1040406.25,3.46802083333333,-84.1128215351608
1040541.66666667,3.46847222222222,-85.3603212024749
1040677.08333333,3.46892361111111,-86.8201375203862
1040812.5,3.469375,-88.5785154715559
1040947.91666667,3.46982638888889,-90.7883216574055
1041083.33333333,3.47027777777778,-93.7623520614594
1041218.75,3.47072916666667,-98.3236840748024
1041354.16666667,3.47118055555556,-108.520537404692
1041489.58333333,3.47163194444444,-106.689672948936
1041625,3.47208333333333,-97.7175735502895
1041760.41666667,3.47253472222222,-93.4013899056233
1041895.83333333,3.47298611111111,-90.5333052829957
1042031.25,3.4734375,-88.3830739108797
1042166.66666667,3.47388888888889,-86.6631976958564
1042302.08333333,3.47434027777778,-85.2305372615965
1042437.5,3.47479166666667,-84.0033863790246
1042572.91666667,3.47524305555556,-82.9306782085457
1042708.33333333,3.47569444444444,-81.9783544199156
1042843.75,3.47614583333333,-81.1225613244176
1042979.16666667,3.47659722222222,-80.3459409654957
1043114.58333333,3.47704861111111,-79.6354677653724
1043250,3.4775,-78.9811169748283
1043385.41666667,3.47795138888889,-78.3750083929009
1043520.83333333,3.47840277777778,-77.8108352852288
1043656.25,3.47885416666667,-77.2834715959694
1043791.66666667,3.47930555555556,-76.7886945668729
1043927.08333333,3.47975694444444,-76.3229843211846
1044062.5,3.48020833333333,-75.8833761269127
1044197.91666667,3.48065972222222,-75.4673495514652
1044333.33333333,3.48111111111111,-75.0727439761695
1044468.75,3.4815625,-74.6976932886402
1044604.16666667,3.48201388888889,-74.340574756925
1044739.58333333,3.48246527777778,-73.9999685392742
1044875,3.48291666666667,-73.6746252863077
1045010.41666667,3.48336805555556,-73.3634399630103
1045145.83333333,3.48381944444444,-73.0654305155848
1045281.25,3.48427083333333,-72.7797203411956
1045416.66666667,3.48472222222222,-72.5055237794047
1045552.08333333,3.48517361111111,-72.2421340178256
1045687.5,3.485625,-71.988912946715
1045822.91666667,3.48607638888889,-71.745282598208
1045958.33333333,3.48652777777778,-71.5107178804295
1046093.75,3.48697916666667,-71.2847403801404
1046229.16666667,3.48743055555556,-71.0669130497723
1046364.58333333,3.48788194444444,-70.8568356323173
1046500,3.48833333333333,-70.6541407036986
1046635.41666667,3.48878472222222,-70.4584902361743
1046770.83333333,3.48923611111111,-70.2695726018368
1046906.25,3.4896875,-70.0870999517211
1047041.66666667,3.49013888888889,-69.9108059130766
1047177.08333333,3.49059027777778,-69.7404435622801
1047312.5,3.49104166666667,-69.5757836329683
1047447.91666667,3.49149305555556,-69.4166129283166
1047583.33333333,3.49194444444444,-69.2627329098973
1047718.75,3.49239583333333,-69.1139584400043
1047854.16666667,3.49284722222222,-68.9701166589099
1047989.58333333,3.49329861111111,-68.8310459786333
1048125,3.49375,-68.6965951800295
1048260.41666667,3.49420138888889,-68.5666226007757
1048395.83333333,3.49465277777778,-68.440995403305
1048531.25,3.49510416666667,-68.3195889135996
1048666.66666667,3.49555555555556,-68.2022860228106
1048802.08333333,3.49600694444444,-68.0889766449928
1048937.5,3.49645833333333,-67.9795572243825
1049072.91666667,3.49690972222222,-67.8739302875569
1049208.33333333,3.49736111111111,-67.7720040349666
1049343.75,3.4978125,-67.6736919693312
1049479.16666667,3.49826388888889,-67.5789125546017
1049614.58333333,3.49871527777778,-67.4875889052409
1049750,3.49916666666667,-67.39964850128
1049885.41666667,3.49961805555556,-67.3150229269406
1050020.83333333,3.50006944444444,-67.2336476307521
1050156.25,3.50052083333333,-67.1554617052728
1050291.66666667,3.50097222222222,-67.0804076843576
1050427.08333333,3.50142361111111,-67.008431356943
1050562.5,3.501875,-66.9394815949786
1050697.91666667,3.50232638888889,-66.8735101955096
1050833.33333333,3.50277777777778,-66.8104717345333
1050968.75,3.50322916666667,-66.7503234330415
1051104.16666667,3.50368055555556,-66.6930250322112
1051239.58333333,3.50413194444444,-66.6385386795012
1051375,3.50458333333333,-66.5868288228776
1051510.41666667,3.50503472222222,-66.5378621136604
1051645.83333333,3.50548611111111,-66.4916073164867
1051781.25,3.5059375,-66.4480352270673
1051916.66666667,3.50638888888889,-66.4071185959102
1052052.08333333,3.50684027777778,-66.3688320584911
1052187.5,3.50729166666667,-66.3331520711324
1052322.91666667,3.50774305555556,-66.3000568523554
1052458.33333333,3.50819444444444,-66.2695263291866
1052593.75,3.50864583333333,-66.2415420880091
1052729.16666667,3.50909722222222,-66.2160873308214
1052864.58333333,3.50954861111111,-66.1931468347113
1053000,3.51,-66.1727069161624
1053135.41666667,3.51045138888889,-66.1547553989519
1053270.83333333,3.51090277777778,-66.1392815858047
1053406.25,3.51135416666667,-66.1262762339548
1053541.66666667,3.51180555555556,-66.1157315334509
1053677.08333333,3.51225694444444,-66.1076410899396
1053812.5,3.51270833333333,-66.101999909807
1053947.91666667,3.51315972222222,-66.0988043888832
1054083.33333333,3.51361111111111,-66.0980523043185
1054218.75,3.5140625,-66.099742809664
1054354.16666667,3.51451388888889,-66.1038764328757
1054489.58333333,3.51496527777778,-66.1104550775118
1054625,3.51541666666667,-66.1194820270433
1054760.41666667,3.51586805555556,-66.1309619523123
1054895.83333333,3.51631944444444,-66.1449009220658
1055031.25,3.51677083333333,-66.1613064165015
1055166.66666667,3.51722222222222,-66.1801873448704
1055302.08333333,3.51767361111111,-66.2015540653533
1055437.5,3.518125,-66.225418409146
1055572.91666667,3.51857638888889,-66.2517937077179
1055708.33333333,3.51902777777778,-66.2806948244078
1055843.75,3.51947916666667,-66.312138188909
1055979.16666667,3.51993055555556,-66.3461418366624
1056114.58333333,3.52038194444444,-66.3827254520293
1056250,3.52083333333333,-66.4219104162556
1056385.41666667,3.52128472222222,-66.4637198597233
1056520.83333333,3.52173611111111,-66.5081787196084
1056656.25,3.5221875,-66.555313802691
1056791.66666667,3.52263888888889,-66.6051538541406
1056927.08333333,3.52309027777778,-66.6577296316093
1057062.5,3.52354166666667,-66.7130739866201
1057197.91666667,3.52399305555556,-66.7712219524885
1057333.33333333,3.52444444444444,-66.8322108399324
1057468.75,3.52489583333333,-66.8960803404227
1057604.16666667,3.52534722222222,-66.9628726388412
1057739.58333333,3.52579861111111,-67.0326325350081
1057875,3.52625,-67.1054075757812
1058010.41666667,3.52670138888889,-67.1812481980809
1058145.83333333,3.52715277777778,-67.2602078845146
1058281.25,3.52760416666667,-67.3423433313382
1058416.66666667,3.52805555555556,-67.4277146316464
1058552.08333333,3.52850694444444,-67.5163854742272
1058687.5,3.52895833333333,-67.6084233595121
1058822.91666667,3.52940972222222,-67.7038998347818
1058958.33333333,3.52986111111111,-67.8028907502869
1059093.75,3.5303125,-67.9054765384953
1059229.16666667,3.53076388888889,-68.0117425192211
1059364.58333333,3.53121527777778,-68.1217792322879
1059500,3.53166666666667,-68.2356828025729
1059635.41666667,3.53211805555556,-68.3535553393271
1059770.83333333,3.53256944444444,-68.4755053748229
1059906.25,3.53302083333333,-68.6016483454851
1060041.66666667,3.53347222222222,-68.7321071229679
1060177.08333333,3.53392361111111,-68.8670125986248
1060312.5,3.534375,-69.0065043294534
1060447.91666667,3.53482638888889,-69.150731253057
1060583.33333333,3.53527777777778,-69.2998524803503
1060718.75,3.53572916666667,-69.4540381764567
1060854.16666667,3.53618055555556,-69.613470541357
1060989.58333333,3.53663194444444,-69.7783449048208
1061125,3.53708333333333,-69.9488709511385
1061260.41666667,3.53753472222222,-70.1252740925749
1061395.83333333,3.53798611111111,-70.3077970139206
1061531.25,3.5384375,-70.4967014149809
1061666.66666667,3.53888888888889,-70.6922699796239
1061802.08333333,3.53934027777778,-70.8948086109068
1061937.5,3.53979166666667,-71.1046489739902
1062072.91666667,3.54024305555556,-71.322151400336
1062208.33333333,3.54069444444444,-71.5477082159841
1062343.75,3.54114583333333,-71.7817475700038
1062479.16666667,3.54159722222222,-72.0247378576725
1062614.58333333,3.54204861111111,-72.2771928504073
1062750,3.5425,-72.5396776737187
1062885.41666667,3.54295138888889,-72.8128158069666
1063020.83333333,3.54340277777778,-73.0972973216069
1063156.25,3.54385416666667,-73.3938886306321
1063291.66666667,3.54430555555556,-73.7034440935848
1063427.08333333,3.54475694444444,-74.0269199200166
1063562.5,3.54520833333333,-74.3653909364044
1063697.91666667,3.54565972222222,-74.720070958541
1063833.33333333,3.54611111111111,-75.092337737944
1063968.75,3.5465625,-75.4837637778568
1064104.16666667,3.54701388888889,-75.8961547494225
1064239.58333333,3.54746527777778,-76.3315978847015
1064375,3.54791666666667,-76.7925236202532
1064510.41666667,3.54836805555556,-77.2817850993135
1064645.83333333,3.54881944444444,-77.8027621260783
1064781.25,3.54927083333333,-78.3594991915182
1064916.66666667,3.54972222222222,-78.9568919157459
1065052.08333333,3.55017361111111,-79.6009438373234
1065187.5,3.550625,-80.2991280145421
1065322.91666667,3.55107638888889,-81.0609093817699
1065458.33333333,3.55152777777778,-81.8985220545633
1065593.75,3.55197916666667,-82.828167227321
1065729.16666667,3.55243055555556,-83.8719382454344
1065864.58333333,3.55288194444444,-85.0610767373564
1066000,3.55333333333333,-86.4418440930017
1066135.41666667,3.55378472222222,-88.0870204545791
1066270.83333333,3.55423611111111,-90.1210746005613
1066406.25,3.5546875,-92.7847890777502
1066541.66666667,3.55513888888889,-96.6491906798253
1066677.08333333,3.55559027777778,-103.790606027941
1066812.5,3.55604166666667,-114.987069096999
1066947.91666667,3.55649305555556,-99.9796113224498
1067083.33333333,3.55694444444444,-94.7690947264413
1067218.75,3.55739583333333,-91.5371402005759
1067354.16666667,3.55784722222222,-89.1892201265509
1067489.58333333,3.55829861111111,-87.3450603498627
1067625,3.55875,-85.8269837816435
1067760.41666667,3.55920138888889,-84.5374792042079
1067895.83333333,3.55965277777778,-83.4172220799951
1068031.25,3.56010416666667,-82.4274186592503
1068166.66666667,3.56055555555556,-81.5413049148119
1068302.08333333,3.56100694444444,-80.7396355832152
1068437.5,3.56145833333333,-80.0081075793226
1068572.91666667,3.56190972222222,-79.3358005505346
1068708.33333333,3.56236111111111,-78.7141878012448
1068843.75,3.5628125,-78.1364842241489
1068979.16666667,3.56326388888889,-77.5972021949061
1069114.58333333,3.56371527777778,-77.091840588138
1069250,3.56416666666667,-76.6166617281931
1069385.41666667,3.56461805555556,-76.1685280266966
1069520.83333333,3.56506944444444,-75.7447801114526
1069656.25,3.56552083333333,-75.34314440979
1069791.66666667,3.56597222222222,-74.961662035434
1069927.08333333,3.56642361111111,-74.5986333464349
1070062.5,3.566875,-74.2525742034183
1070197.91666667,3.56732638888889,-73.922181085419
1070333.33333333,3.56777777777778,-73.6063029931239
1070468.75,3.56822916666667,-73.3039186168971
1070604.16666667,3.56868055555556,-73.0141176252728
1070739.58333333,3.56913194444444,-72.7360852149213
1070875,3.56958333333333,-72.4690892615201
1071010.41666667,3.57003472222222,-72.2124695645298
1071145.83333333,3.57048611111111,-71.9656287883828
1071281.25,3.5709375,-71.7280247886357
1071416.66666667,3.57138888888889,-71.4991640779906
1071552.08333333,3.57184027777778,-71.2785962337438
1071687.5,3.57229166666667,-71.0659090886249
1071822.91666667,3.57274305555556,-70.8607245775509
1071958.33333333,3.57319444444444,-70.662695135243
1072093.75,3.57364583333333,-70.4715005600953
1072229.16666667,3.57409722222222,-70.2868452726884
1072364.58333333,3.57454861111111,-70.1084559121329
1072500,3.575,-69.9360792206348
1072635.41666667,3.57545138888889,-69.7694801765028
1072770.83333333,3.57590277777778,-69.6084403404931
1072906.25,3.57635416666667,-69.4527563885512
1073041.66666667,3.57680555555556,-69.3022388049752
1073177.08333333,3.57725694444444,-69.1567107155503
1073312.5,3.57770833333333,-69.0160068442468
1073447.91666667,3.57815972222222,-68.8799725770129
1073583.33333333,3.57861111111111,-68.7484631204478
1073718.75,3.5790625,-68.6213427439286
1073854.16666667,3.57951388888889,-68.4984840952051
1073989.58333333,3.57996527777778,-68.3797675823005
1074125,3.58041666666667,-68.2650808125334
1074260.41666667,3.58086805555556,-68.1543180840068
1074395.83333333,3.58131944444444,-68.0473799229712
1074531.25,3.58177083333333,-67.9441726631791
1074666.66666667,3.58222222222222,-67.8446080615279
1074802.08333333,3.58267361111111,-67.748602947594
1074937.5,3.583125,-67.6560789030618
1075072.91666667,3.58357638888889,-67.5669619681607
1075208.33333333,3.58402777777778,-67.4811823727579
1075343.75,3.58447916666667,-67.3986742893011
1075479.16666667,3.58493055555556,-67.319375606591
1075614.58333333,3.58538194444444,-67.2432277207124
1075750,3.58583333333333,-67.1701753438512
1075885.41666667,3.58628472222222,-67.1001663274312
1076020.83333333,3.58673611111111,-67.0331514999196
1076156.25,3.5871875,-66.9690845162317
1076291.66666667,3.58763888888889,-66.9079217201507
1076427.08333333,3.58809027777778,-66.8496220165153
1076562.5,3.58854166666667,-66.7941467537379
1076697.91666667,3.58899305555556,-66.741459615277
1076833.33333333,3.58944444444444,-66.6915265195725
1076968.75,3.58989583333333,-66.6443155281133
1077104.16666667,3.59034722222222,-66.5997967601183
1077239.58333333,3.59079861111111,-66.5579423144235
1077375,3.59125,-66.5187261976741
1077510.41666667,3.59170138888889,-66.4821242582668
1077645.83333333,3.59215277777778,-66.448114125831
1077781.25,3.59260416666667,-66.4166751558237
1077916.66666667,3.59305555555556,-66.3877883793488
1078052.08333333,3.59350694444444,-66.3614364569446
1078187.5,3.59395833333333,-66.3376036374273
1078322.91666667,3.59440972222222,-66.3162757203994
1078458.33333333,3.59486111111111,-66.2974400232367
1078593.75,3.5953125,-66.2810853509332
1078729.16666667,3.59576388888889,-66.2672019708949
1078864.58333333,3.59621527777778,-66.2557815903398
1079000,3.59666666666667,-66.2468173371501
1079135.41666667,3.59711805555556,-66.2403037444143
1079270.83333333,3.59756944444444,-66.2362367380575
1079406.25,3.59802083333333,-66.2346136275664
1079541.66666667,3.59847222222222,-66.2354331000243
1079677.08333333,3.59892361111111,-66.238695216891
1079812.5,3.599375,-66.2444014145658
1079947.91666667,3.59982638888889,-66.2525545072408
1080083.33333333,3.60027777777778,-66.2631586935573
1080218.75,3.60072916666667,-66.2762195655649
1080354.16666667,3.60118055555556,-66.2917441222225
1080489.58333333,3.60163194444444,-66.3097407845369
1080625,3.60208333333333,-66.3302194153725
1080760.41666667,3.60253472222222,-66.3531913416898
1080895.83333333,3.60298611111111,-66.3786693812007
1081031.25,3.6034375,-66.4066678718241
1081166.66666667,3.60388888888889,-66.4372027056185
1081302.08333333,3.60434027777778,-66.4702913663454
1081437.5,3.60479166666667,-66.5059529713073
1081572.91666667,3.60524305555556,-66.544208317652
1081708.33333333,3.60569444444444,-66.5850799330882
1081843.75,3.60614583333333,-66.6285921320654
1081979.16666667,3.60659722222222,-66.6747710760962
1082114.58333333,3.60704861111111,-66.7236448409339
1082250,3.6075,-66.7752434886414
1082385.41666667,3.60795138888889,-66.829599146503
1082520.83333333,3.60840277777778,-66.8867460927347
1082656.25,3.60885416666667,-66.9467208490292
1082791.66666667,3.60930555555556,-67.0095622818631
1082927.08333333,3.60975694444444,-67.075311711192
1083062.5,3.61020833333333,-67.1440130292462
1083197.91666667,3.61065972222222,-67.2157128287702
1083333.33333333,3.61111111111111,-67.2904605424625
1083468.75,3.6115625,-67.368308593685
1083604.16666667,3.61201388888889,-67.449312560533
1083739.58333333,3.61246527777778,-67.5335313535889
1083875,3.61291666666667,-67.6210274091193
1084010.41666667,3.61336805555556,-67.7118668989778
1084145.83333333,3.61381944444444,-67.8061199590528
1084281.25,3.61427083333333,-67.903860938184
1084416.66666667,3.61472222222222,-68.0051686690007
1084552.08333333,3.61517361111111,-68.1101267638662
1084687.5,3.615625,-68.2188239381025
1084822.91666667,3.61607638888889,-68.3313543635154
1084958.33333333,3.61652777777778,-68.4478180551413
1085093.75,3.61697916666667,-68.5683212963441
1085229.16666667,3.61743055555556,-68.6929771048975
1085364.58333333,3.61788194444444,-68.8219057462585
1085500,3.61833333333333,-68.9552352988154
1085635.41666667,3.61878472222222,-69.0931022784333
1085770.83333333,3.61923611111111,-69.2356523286061
1085906.25,3.6196875,-69.3830409854129
1086041.66666667,3.62013888888889,-69.5354345270249
1086177.08333333,3.62059027777778,-69.6930109189807
1086312.5,3.62104166666667,-69.8559608679717
1086447.91666667,3.62149305555556,-70.024489000519
1086583.33333333,3.62194444444444,-70.1988151829383
1086718.75,3.62239583333333,-70.3791760049667
1086854.16666667,3.62284722222222,-70.5658264508365
1086989.58333333,3.62329861111111,-70.7590417874782
1087125,3.62375,-70.9591197036137
1087260.41666667,3.62420138888889,-71.1663827424086
1087395.83333333,3.62465277777778,-71.3811810748023
1087531.25,3.62510416666667,-71.6038956756008
1087666.66666667,3.62555555555556,-71.834941970928
1087802.08333333,3.62600694444444,-72.0747740459856
1087937.5,3.62645833333333,-72.3238895190842
1088072.91666667,3.62690972222222,-72.5828352115263
1088208.33333333,3.62736111111111,-72.8522137758739
1088343.75,3.6278125,-73.1326914831121
1088479.16666667,3.62826388888889,-73.4250074193363
1088614.58333333,3.62871527777778,-73.7299844127118
1088750,3.62916666666667,-74.0485420929185
1088885.41666667,3.62961805555556,-74.3817126051088
1089020.83333333,3.63006944444444,-74.7306596520187
1089156.25,3.63052083333333,-75.0967017493363
1089291.66666667,3.63097222222222,-75.4813408617284
1089427.08333333,3.63142361111111,-75.8862979896263
1089562.5,3.631875,-76.3135578320746
1089697.91666667,3.63232638888889,-76.7654254547935
1089833.33333333,3.63277777777778,-77.2445990573972
1089968.75,3.63322916666667,-77.7542646573659
1090104.16666667,3.63368055555556,-78.2982211271371
1090239.58333333,3.63413194444444,-78.8810480590143
1090375,3.63458333333333,-79.5083353731621
1090510.41666667,3.63503472222222,-80.187004089028
1090645.83333333,3.63548611111111,-80.9257654794705
1090781.25,3.6359375,-81.7357970606692
1090916.66666667,3.63638888888889,-82.6317712451643
1091052.08333333,3.63684027777778,-83.6334834236405
1091187.5,3.63729166666667,-84.7685546225914
1091322.91666667,3.63774305555556,-86.0771911148663
1091458.33333333,3.63819444444444,-87.6212226904166
1091593.75,3.63864583333333,-89.5030686370679
1091729.16666667,3.63909722222222,-91.9115065051293
1091864.58333333,3.63954861111111,-95.2583710088582
1092000,3.64,-100.777677249652
1092135.41666667,3.64045138888889,-119.791841268342
1092270.83333333,3.64090277777778,-102.982091476727
1092406.25,3.64135416666667,-96.3579224905589
1092541.66666667,3.64180555555556,-92.6459525259443
1092677.08333333,3.64225694444444,-90.0558109273672
1092812.5,3.64270833333333,-88.0654718847579
1092947.91666667,3.64315972222222,-86.449521695495
1093083.33333333,3.64361111111111,-85.0898571917126
1093218.75,3.6440625,-83.9168112337919
1093354.16666667,3.64451388888889,-82.885824984831
1093489.58333333,3.64496527777778,-81.9666664666433
1093625,3.64541666666667,-81.1378790263338
1093760.41666667,3.64586805555556,-80.3836828598027
1093895.83333333,3.64631944444444,-79.692133851425
1094031.25,3.64677083333333,-79.0539731858349
1094166.66666667,3.64722222222222,-78.4618783251058
1094302.08333333,3.64767361111111,-77.909958216425
1094437.5,3.648125,-77.3934029901403
1094572.91666667,3.64857638888889,-76.9082346689975
1094708.33333333,3.64902777777778,-76.4511258334776
1094843.75,3.64947916666667,-76.0192651604695
1094979.16666667,3.64993055555556,-75.6102560027462
1095114.58333333,3.65038194444444,-75.2220387281255
1095250,3.65083333333333,-74.8528304299213
1095385.41666667,3.65128472222222,-74.5010775511226
1095520.83333333,3.65173611111111,-74.1654182341526
1095656.25,3.6521875,-73.8446520976656
1095791.66666667,3.65263888888889,-73.5377157478982
1095927.08333333,3.65309027777778,-73.2436627663631
1096062.5,3.65354166666667,-72.9616472270491
1096197.91666667,3.65399305555556,-72.6909100210268
1096333.33333333,3.65444444444444,-72.4307674345967
1096468.75,3.65489583333333,-72.1806015481497
1096604.16666667,3.65534722222222,-71.9398521202453
1096739.58333333,3.65579861111111,-71.7080096868668
1096875,3.65625,-71.4846096669804
1097010.41666667,3.65670138888889,-71.2692273009108
1097145.83333333,3.65715277777778,-71.0614732851548
1097281.25,3.65760416666667,-70.8609899927455
1097416.66666667,3.65805555555556,-70.6674481852711
1097552.08333333,3.65850694444444,-70.4805441441851
1097687.5,3.65895833333333,-70.2999971570496
1097822.91666667,3.65940972222222,-70.1255473087318
1097958.33333333,3.65986111111111,-69.9569535330909
1098093.75,3.6603125,-69.7939918903125
1098229.16666667,3.66076388888889,-69.6364540384762
1098364.58333333,3.66121527777778,-69.484145874166
1098500,3.66166666666667,-69.336886320331
1098635.41666667,3.66211805555556,-69.1945062420856
1098770.83333333,3.66256944444444,-69.0568474757742
1098906.25,3.66302083333333,-68.9237619561373
1099041.66666667,3.66347222222222,-68.7951109313085
1099177.08333333,3.66392361111111,-68.6707642543032
1099312.5,3.664375,-68.5505997427936
1099447.91666667,3.66482638888889,-68.434502599624
1099583.33333333,3.66527777777778,-68.3223648869534
1099718.75,3.66572916666667,-68.2140850485258
1099854.16666667,3.66618055555556,-68.1095674750338
1099989.58333333,3.66663194444444,-68.0087221078679
1100125,3.66708333333333,-67.9114640774721
1100260.41666667,3.66753472222222,-67.8177133729039
1100395.83333333,3.66798611111111,-67.7273945391659
1100531.25,3.6684375,-67.6404364004419
1100666.66666667,3.66888888888889,-67.5567718056268
1100802.08333333,3.66934027777778,-67.4763373949828
1100937.5,3.66979166666667,-67.3990733859289
1101072.91666667,3.67024305555556,-67.3249233752968
1101208.33333333,3.67069444444444,-67.2538341582217
1101343.75,3.67114583333333,-67.1857555606336
1101479.16666667,3.67159722222222,-67.1206402852115
1101614.58333333,3.67204861111111,-67.0584437691169
1101750,3.6725,-66.9991240532994
1101885.41666667,3.67295138888889,-66.9426416611451
1102020.83333333,3.67340277777778,-66.8889594874587
1102156.25,3.67385416666667,-66.838042695119
1102291.66666667,3.67430555555556,-66.78985862055
1102427.08333333,3.67475694444444,-66.7443766863598
1102562.5,3.67520833333333,-66.7015683207013
1102697.91666667,3.67565972222222,-66.6614068833884
1102833.33333333,3.67611111111111,-66.6238675978824
1102968.75,3.6765625,-66.5889274887629
1103104.16666667,3.67701388888889,-66.556565325029
1103239.58333333,3.67746527777778,-66.5267615676389
1103375,3.67791666666667,-66.4994983222946
1103510.41666667,3.67836805555556,-66.474759296513
1103645.83333333,3.67881944444444,-66.4525297609944
1103781.25,3.67927083333333,-66.4327965146895
1103916.66666667,3.67972222222222,-66.4155478542812
1104052.08333333,3.68017361111111,-66.4007735468467
1104187.5,3.680625,-66.3884648064979
1104322.91666667,3.68107638888889,-66.3786142740313
1104458.33333333,3.68152777777778,-66.3712160004056
1104593.75,3.68197916666667,-66.3662654329992
1104729.16666667,3.68243055555556,-66.3637594054857
1104864.58333333,3.68288194444444,-66.3636961307729
1105000,3.68333333333333,-66.3660751967038
1105135.41666667,3.68378472222222,-66.3708975653428
1105270.83333333,3.68423611111111,-66.378165575077
1105406.25,3.6846875,-66.3878829458135
1105541.66666667,3.68513888888889,-66.400054787558
1105677.08333333,3.68559027777778,-66.4146876118201
1105812.5,3.68604166666667,-66.4317893464811
1105947.91666667,3.68649305555556,-66.4513693539117
1106083.33333333,3.68694444444444,-66.4734384523467
1106218.75,3.68739583333333,-66.4980089409614
1106354.16666667,3.68784722222222,-66.5250946283882
1106489.58333333,3.68829861111111,-66.554710865147
1106625,3.68875,-66.5868745799049
1106760.41666667,3.68920138888889,-66.6216043196451
1106895.83333333,3.68965277777778,-66.6589202945449
1107031.25,3.69010416666667,-66.6988444272709
1107166.66666667,3.69055555555556,-66.7414004067589
1107302.08333333,3.69100694444444,-66.7866137476724
1107437.5,3.69145833333333,-66.8345118546725
1107572.91666667,3.69190972222222,-66.8851240930319
1107708.33333333,3.69236111111111,-66.9384818649504
1107843.75,3.6928125,-66.994618693112
1107979.16666667,3.69326388888889,-67.0535703104734
1108114.58333333,3.69371527777778,-67.1153747585664
1108250,3.69416666666667,-67.1800724935939
1108385.41666667,3.69461805555556,-67.2477065017365
1108520.83333333,3.69506944444444,-67.3183224238977
1108656.25,3.69552083333333,-67.3919686910879
1108791.66666667,3.69597222222222,-67.4686966712901
1108927.08333333,3.69642361111111,-67.5485608286525
1109062.5,3.696875,-67.631618896238
1109197.91666667,3.69732638888889,-67.717932063966
1109333.33333333,3.69777777777778,-67.8075651821776
1109468.75,3.69822916666667,-67.900586984077
1109604.16666667,3.69868055555556,-67.9970703265075
1109739.58333333,3.69913194444444,-68.0970924535108
1109875,3.69958333333333,-68.2007352829662
1110010.41666667,3.70003472222222,-68.3080857203028
1110145.83333333,3.70048611111111,-68.41923600073
1110281.25,3.7009375,-68.5342840644682
1110416.66666667,3.70138888888889,-68.6533339678701
1110552.08333333,3.70184027777778,-68.7764963345891
1110687.5,3.70229166666667,-68.9038888522481
1110822.91666667,3.70274305555556,-69.0356368186022
1110958.33333333,3.70319444444444,-69.1718737448683
1111093.75,3.70364583333333,-69.3127420220646
1111229.16666667,3.70409722222222,-69.4583936591183
1111364.58333333,3.70454861111111,-69.6089911016895
1111500,3.705,-69.7647081428149
1111635.41666667,3.70545138888889,-69.9257309374681
1111770.83333333,3.70590277777778,-70.0922591357363
1111906.25,3.70635416666667,-70.2645071517444
1112041.66666667,3.70680555555556,-70.4427055877604
1112177.08333333,3.70725694444444,-70.6271028371559
1112312.5,3.70770833333333,-70.8179668933132
1112447.91666667,3.70815972222222,-71.0155873977767
1112583.33333333,3.70861111111111,-71.2202779652951
1112718.75,3.7090625,-71.4323788328741
1112854.16666667,3.70951388888889,-71.6522598886257
1112989.58333333,3.70996527777778,-71.880324146333
1113125,3.71041666666667,-72.1170117476503
1113260.41666667,3.71086805555556,-72.3628045913724
1113395.83333333,3.71131944444444,-72.6182317101509
1113531.25,3.71177083333333,-72.8838755457053
1113666.66666667,3.71222222222222,-73.1603793071557
1113802.08333333,3.71267361111111,-73.4484556465233
1113937.5,3.713125,-73.748896943317
1114072.91666667,3.71357638888889,-74.0625875706541
1114208.33333333,3.71402777777778,-74.3905186199953
1114343.75,3.71447916666667,-74.733805699168
1114479.16666667,3.71493055555556,-75.0937106077207
1114614.58333333,3.71538194444444,-75.4716679497687
1114750,3.71583333333333,-75.8693180979735
1114885.41666667,3.71628472222222,-76.2885484186311
1115020.83333333,3.71673611111111,-76.7315453750772
1115156.25,3.7171875,-77.2008611461272
1115291.66666667,3.71763888888889,-77.6994998973518
1115427.08333333,3.71809027777778,-78.2310311056077
1115562.5,3.71854166666667,-78.799740796911
1115697.91666667,3.71899305555556,-79.4108370209247
1115833.33333333,3.71944444444444,-80.0707347154003
1115968.75,3.71989583333333,-80.7874598750334
1116104.16666667,3.72034722222222,-81.5712385133833
1116239.58333333,3.72079861111111,-82.4353820977733
1116375,3.72125,-83.3976688063082
1116510.41666667,3.72170138888889,-84.4825962831624
1116645.83333333,3.72215277777778,-85.725262318945
1116781.25,3.72260416666667,-87.1785274429168
1116916.66666667,3.72305555555556,-88.9274815111669
1117052.08333333,3.72350694444444,-91.1225007559338
1117187.5,3.72395833333333,-94.0698421021788
1117322.91666667,3.72440972222222,-98.5681333569299
1117458.33333333,3.72486111111111,-108.428664911959
1117593.75,3.7253125,-107.507563924372
1117729.16666667,3.72576388888889,-98.2631419654042
1117864.58333333,3.72621527777778,-93.8890029735048
1118000,3.72666666666667,-90.9956289129984
1118135.41666667,3.72711805555556,-88.8311858080483
1118270.83333333,3.72756944444444,-87.1021761442427
1118406.25,3.72802083333333,-85.6631308069721
1118541.66666667,3.72847222222222,-84.4312498502923
1118677.08333333,3.72892361111111,-83.3548850278954
1118812.5,3.729375,-82.3996403917482
1118947.91666667,3.72982638888889,-81.541452768517
1119083.33333333,3.73027777777778,-80.7628273308316
1119218.75,3.73072916666667,-80.0506452904692
1119354.16666667,3.73118055555556,-79.3948162241123
1119489.58333333,3.73163194444444,-78.7874123233412
1119625,3.73208333333333,-78.2220915000524
1119760.41666667,3.73253472222222,-77.6937008944194
1119895.83333333,3.73298611111111,-77.1979970562985
1120031.25,3.7334375,-76.7314438807343
1120166.66666667,3.73388888888889,-76.2910637287755
1120302.08333333,3.73434027777778,-75.8743257739472
1120437.5,3.73479166666667,-75.479060933094
1120572.91666667,3.73524305555556,-75.1033961312071
1120708.33333333,3.73569444444444,-74.7457028555148
1120843.75,3.73614583333333,-74.4045564262531
1120979.16666667,3.73659722222222,-74.0787034122265
1121114.58333333,3.73704861111111,-73.7670353116128
1121250,3.7375,-73.4685671061615
1121385.41666667,3.73795138888889,-73.1824196442321
1121520.83333333,3.73840277777778,-72.9078050609709
1121656.25,3.73885416666667,-72.6440146273429
1121791.66666667,3.73930555555556,-72.3904085600306
1121927.08333333,3.73975694444444,-72.1464074221293
1122062.5,3.74020833333333,-71.9114848277159
1122197.91666667,3.74065972222222,-71.6851612187954
1122333.33333333,3.74111111111111,-71.4669985312478
1122468.75,3.7415625,-71.2565956019749
1122604.16666667,3.74201388888889,-71.0535841970206
1122739.58333333,3.74246527777778,-70.8576255621872
1122875,3.74291666666667,-70.6684074163117
1123010.41666667,3.74336805555556,-70.4856413204185
1123145.83333333,3.74381944444444,-70.3090603684275
1123281.25,3.74427083333333,-70.138417152788
1123416.66666667,3.74472222222222,-69.9734819670817
1123552.08333333,3.74517361111111,-69.8140412132273
1123687.5,3.745625,-69.6598959863168
1123822.91666667,3.74607638888889,-69.5108608131272
1123958.33333333,3.74652777777778,-69.3667625257887
1124093.75,3.74697916666667,-69.2274392528657
1124229.16666667,3.74743055555556,-69.0927395142202
1124364.58333333,3.74788194444444,-68.9625214064181
1124500,3.74833333333333,-68.8366518689523
1124635.41666667,3.74878472222222,-68.7150060209442
1124770.83333333,3.74923611111111,-68.597466561627
1124906.25,3.7496875,-68.4839232264303
1125041.66666667,3.75013888888889,-68.3742722930865
1125177.08333333,3.75059027777778,-68.268416132806
1125312.5,3.75104166666667,-68.1662628008004
1125447.91666667,3.75149305555556,-68.0677256633317
1125583.33333333,3.75194444444444,-67.9727230566268
1125718.75,3.75239583333333,-67.8811779750903
1125854.16666667,3.75284722222222,-67.7930177855468
1125989.58333333,3.75329861111111,-67.7081739654905
1126125,3.75375,-67.6265818625814
1126260.41666667,3.75420138888889,-67.5481804738674
1126395.83333333,3.75465277777778,-67.472912242774
1126531.25,3.75510416666667,-67.4007228721036
1126666.66666667,3.75555555555556,-67.3315611520868
1126802.08333333,3.75600694444444,-67.2653788017009
1126937.5,3.75645833333333,-67.2021303225957
1127072.91666667,3.75690972222222,-67.14177286417
1127208.33333333,3.75736111111111,-67.0842660994808
1127343.75,3.7578125,-67.02957211034
1127479.16666667,3.75826388888889,-66.9776552815711
1127614.58333333,3.75871527777778,-66.9284822035777
1127750,3.75916666666667,-66.8820215822314
1127885.41666667,3.75961805555556,-66.8382441563276
1128020.83333333,3.76006944444444,-66.797122621171
1128156.25,3.76052083333333,-66.7586315584848
1128291.66666667,3.76097222222222,-66.7227473723803
1128427.08333333,3.76142361111111,-66.6894482302424
1128562.5,3.761875,-66.65871400906
1128697.91666667,3.76232638888889,-66.6305262465062
1128833.33333333,3.76277777777778,-66.6048680962879
1128968.75,3.76322916666667,-66.5817242881435
1129104.16666667,3.76368055555556,-66.5610810917638
1129239.58333333,3.76413194444444,-66.5429262846308
1129375,3.76458333333333,-66.5272491235536
1129510.41666667,3.76503472222222,-66.5140403200754
1129645.83333333,3.76548611111111,-66.5032920190501
1129781.25,3.7659375,-66.4949977805342
1129916.66666667,3.76638888888889,-66.4891525655567
1130052.08333333,3.76684027777778,-66.4857527243338
1130187.5,3.76729166666667,-66.4847959883039
1130322.91666667,3.76774305555556,-66.4862814649152
1130458.33333333,3.76819444444444,-66.4902096355174
1130593.75,3.76864583333333,-66.4965823566135
1130729.16666667,3.76909722222222,-66.5054028638881
1130864.58333333,3.76954861111111,-66.5166757796908
1131000,3.77,-66.5304071233383
1131135.41666667,3.77045138888889,-66.5466043247538
1131270.83333333,3.77090277777778,-66.5652762414727
1131406.25,3.77135416666667,-66.5864331790034
1131541.66666667,3.77180555555556,-66.6100869143966
1131677.08333333,3.77225694444444,-66.6362507236861
1131812.5,3.77270833333333,-66.6649394127381
1131947.91666667,3.77315972222222,-66.6961693522596
1132083.33333333,3.77361111111111,-66.7299585166387
1132218.75,3.7740625,-66.7663265271377
1132354.16666667,3.77451388888889,-66.8052946994222
1132489.58333333,3.77496527777778,-66.8468860959577
1132625,3.77541666666667,-66.8911255832614
1132760.41666667,3.77586805555556,-66.938039894636
1132895.83333333,3.77631944444444,-66.9876576981873
1133031.25,3.77677083333333,-67.0400096716019
1133166.66666667,3.77722222222222,-67.0951285824536
1133302.08333333,3.77767361111111,-67.1530493762971
1133437.5,3.778125,-67.2138092716682
1133572.91666667,3.77857638888889,-67.2774478633463
1133708.33333333,3.77902777777778,-67.3440072344498
1133843.75,3.77947916666667,-67.4135320776594
1133979.16666667,3.77993055555556,-67.4860698268667
1134114.58333333,3.78038194444444,-67.561670799659
1134250,3.78083333333333,-67.6403883523722
1134385.41666667,3.78128472222222,-67.7222790477578
1134520.83333333,3.78173611111111,-67.8074028373972
1134656.25,3.7821875,-67.8958232597961
1134791.66666667,3.78263888888889,-67.9876076556057
1134927.08333333,3.78309027777778,-68.0828274020803
1135062.5,3.78354166666667,-68.1815581682518
1135197.91666667,3.78399305555556,-68.28388019318
1135333.33333333,3.78444444444444,-68.389878589825
1135468.75,3.78489583333333,-68.4996436769501
1135604.16666667,3.78534722222222,-68.6132713422324
1135739.58333333,3.78579861111111,-68.7308634403063
1135875,3.78625,-68.8525282294261
1136010.41666667,3.78670138888889,-68.9783808514889
1136145.83333333,3.78715277777778,-69.1085438602075
1136281.25,3.78760416666667,-69.2431478033636
1136416.66666667,3.78805555555556,-69.3823318663195
1136552.08333333,3.78850694444444,-69.5262445836537
1136687.5,3.78895833333333,-69.6750446286561
1136822.91666667,3.78940972222222,-69.828901690226
1136958.33333333,3.78986111111111,-69.9879974491246
1137093.75,3.7903125,-70.152526667781
1137229.16666667,3.79076388888889,-70.3226984093473
1137364.58333333,3.79121527777778,-70.4987374047043
1137500,3.79166666666667,-70.6808855895084
1137635.41666667,3.79211805555556,-70.8694038370881
1137770.83333333,3.79256944444444,-71.0645739183578
1137906.25,3.79302083333333,-71.2667007245556
1138041.66666667,3.79347222222222,-71.476114796535
1138177.08333333,3.79392361111111,-71.6931752125944
1138312.5,3.794375,-71.9182728980101
1138447.91666667,3.79482638888889,-72.1518344309187
1138583.33333333,3.79527777777778,-72.3943264384185
1138718.75,3.79572916666667,-72.6462606945465
1138854.16666667,3.79618055555556,-72.9082000601389
1138989.58333333,3.79663194444444,-73.1807654359233
1139125,3.79708333333333,-73.464643944416
1139260.41666667,3.79753472222222,-73.7605986099624
1139395.83333333,3.79798611111111,-74.0694798790752
1139531.25,3.7984375,-74.3922394176319
1139666.66666667,3.79888888888889,-74.7299467455678
1139802.08333333,3.79934027777778,-75.0838094421416
1139937.5,3.79979166666667,-75.4551978792703
1140072.91666667,3.80024305555556,-75.8456757612456
1140208.33333333,3.80069444444444,-76.2570381849544
1140343.75,3.80114583333333,-76.6913595597306
1140479.16666667,3.80159722222222,-77.1510546189645
1140614.58333333,3.80204861111111,-77.6389570659208
1140750,3.8025,-78.1584223457055
1140885.41666667,3.80295138888889,-78.7134640095981
1141020.83333333,3.80340277777778,-79.3089377744926
1141156.25,3.80385416666667,-79.9507948108001
1141291.66666667,3.80430555555556,-80.6464380660378
1141427.08333333,3.80475694444444,-81.4052364085908
1141562.5,3.80520833333333,-82.2392886989099
1141697.91666667,3.80565972222222,-83.1645994276236
1141833.33333333,3.80611111111111,-84.2029644294351
1141968.75,3.8065625,-85.3851529350891
1142104.16666667,3.80701388888889,-86.7566284105801
1142239.58333333,3.80746527777778,-88.3887087808795
1142375,3.80791666666667,-90.4028633087656
1142510.41666667,3.80836805555556,-93.0325970151596
1142645.83333333,3.80881944444444,-96.8255275026429
1142781.25,3.80927083333333,-103.718163055535
1142916.66666667,3.80972222222222,-117.21893110929
1143052.08333333,3.81017361111111,-100.657538591654
1143187.5,3.810625,-95.3092708672528
1143322.91666667,3.81107638888889,-92.0256974006614
1143458.33333333,3.81152777777778,-89.650693885583
1143593.75,3.81197916666667,-87.789817573597
1143729.16666667,3.81243055555556,-86.2603711126215
1143864.58333333,3.81288194444444,-84.962613955508
1144000,3.81333333333333,-83.8360803582755
1144135.41666667,3.81378472222222,-82.8413318022021
1144270.83333333,3.81423611111111,-81.9512124584098
1144406.25,3.8146875,-81.1462252524738
1144541.66666667,3.81513888888889,-80.4118978788301
1144677.08333333,3.81559027777778,-79.737192061728
1144812.5,3.81604166666667,-79.1134964094361
1144947.91666667,3.81649305555556,-78.5339634132239
1145083.33333333,3.81694444444444,-77.9930584586271
1145218.75,3.81739583333333,-77.4862443598089
1145354.16666667,3.81784722222222,-77.0097553070881
1145489.58333333,3.81829861111111,-76.5604314399477
1145625,3.81875,-76.1355955243188
1145760.41666667,3.81920138888889,-75.7329594956077
1145895.83333333,3.81965277777778,-75.3505525867055
1146031.25,3.82010416666667,-74.9866653225483
1146166.66666667,3.82055555555556,-74.6398053553742
1146302.08333333,3.82100694444444,-74.3086622576973
1146437.5,3.82145833333333,-73.9920791783727
1146572.91666667,3.82190972222222,-73.6890298150672
1146708.33333333,3.82236111111111,-73.3985995513547
1146843.75,3.8228125,-73.1199698850582
1146979.16666667,3.82326388888889,-72.8524054823921
1147114.58333333,3.82371527777778,-72.5952433439123
1147250,3.82416666666667,-72.3478836818644
1147385.41666667,3.82461805555556,-72.109782194646
1147520.83333333,3.82506944444444,-71.8804434893976
1147656.25,3.82552083333333,-71.6594154531619
1147791.66666667,3.82597222222222,-71.4462844148121
1147927.08333333,3.82642361111111,-71.2406709660747
1148062.5,3.826875,-71.042226338485
1148197.91666667,3.82732638888889,-70.8506292490685
1148333.33333333,3.82777777777778,-70.6655831439587
1148468.75,3.82822916666667,-70.4868137815303
1148604.16666667,3.82868055555556,-70.3140671059899
1148739.58333333,3.82913194444444,-70.1471073706477
1148875,3.82958333333333,-69.9857154762634
1149010.41666667,3.83003472222222,-69.8296874961727
1149145.83333333,3.83048611111111,-69.678833363206
1149281.25,3.8309375,-69.5329756977965
1149416.66666667,3.83138888888889,-69.3919487595959
1149552.08333333,3.83184027777778,-69.2555975070783
1149687.5,3.83229166666667,-69.1237767525096
1149822.91666667,3.83274305555556,-68.9963504008788
1149958.33333333,3.83319444444444,-68.8731907626656
1150093.75,3.83364583333333,-68.7541779326776
1150229.16666667,3.83409722222222,-68.6391992274909
1150364.58333333,3.83454861111111,-68.5281486745092
1150500,3.835,-68.4209265477568
1150635.41666667,3.83545138888889,-68.3174389450313
1150770.83333333,3.83590277777778,-68.2175974026775
1150906.25,3.83635416666667,-68.121318543565
1151041.66666667,3.83680555555556,-68.0285237552897
1151177.08333333,3.83725694444444,-67.9391388957023
1151312.5,3.83770833333333,-67.8530940227835
1151447.91666667,3.83815972222222,-67.7703231469777
1151583.33333333,3.83861111111111,-67.6907640038016
1151718.75,3.8390625,-67.614357844622
1151854.16666667,3.83951388888889,-67.5410492442491
1151989.58333333,3.83996527777778,-67.4707859237235
1152125,3.84041666666667,-67.4035185871748
1152260.41666667,3.84086805555556,-67.339200771596
1152395.83333333,3.84131944444444,-67.2777887078844
1152531.25,3.84177083333333,-67.2192411930608
1152666.66666667,3.84222222222222,-67.1635194722298
1152802.08333333,3.84267361111111,-67.1105871298605
1152937.5,3.843125,-67.0604099891415
1153072.91666667,3.84357638888889,-67.012956019746
1153208.33333333,3.84402777777778,-66.9681952524496
1153343.75,3.84447916666667,-66.926099700625
1153479.16666667,3.84493055555556,-66.8866432881078
1153614.58333333,3.84538194444444,-66.8498017828314
1153750,3.84583333333333,-66.8155527362429
1153885.41666667,3.84628472222222,-66.7838754276973
1154020.83333333,3.84673611111111,-66.7547508137604
1154156.25,3.8471875,-66.728161482198
1154291.66666667,3.84763888888889,-66.7040916104582
1154427.08333333,3.84809027777778,-66.6825269279529
1154562.5,3.84854166666667,-66.6634546827865
1154697.91666667,3.84899305555556,-66.6468636119663
1154833.33333333,3.84944444444444,-66.6327439153181
1154968.75,3.84989583333333,-66.6210872329674
1155104.16666667,3.85034722222222,-66.6118866262829
1155239.58333333,3.85079861111111,-66.6051365620917
1155375,3.85125,-66.6008329000995
1155510.41666667,3.85170138888889,-66.5989728835589
1155645.83333333,3.85215277777778,-66.5995551330686
1155781.25,3.85260416666667,-66.6025796434352
1155916.66666667,3.85305555555556,-66.6080477836534
1156052.08333333,3.85350694444444,-66.6159623000498
1156187.5,3.85395833333333,-66.6263273224404
1156322.91666667,3.85440972222222,-66.6391483734947
1156458.33333333,3.85486111111111,-66.6544323811099
1156593.75,3.8553125,-66.6721876943472
1156729.16666667,3.85576388888889,-66.6924241024491
1156864.58333333,3.85621527777778,-66.7151528572728
1157000,3.85666666666667,-66.7403866994522
1157135.41666667,3.85711805555556,-66.768139887922
1157270.83333333,3.85756944444444,-66.798428233386
1157406.25,3.85802083333333,-66.8312691360295
1157541.66666667,3.85847222222222,-66.8666816267457
1157677.08333333,3.85892361111111,-66.9046864134685
1157812.5,3.859375,-66.945305931543
1157947.91666667,3.85982638888889,-66.9885643993096
1158083.33333333,3.86027777777778,-67.0344878789094
1158218.75,3.86072916666667,-67.0831043423527
1158354.16666667,3.86118055555556,-67.1344437437279
1158489.58333333,3.86163194444444,-67.1885380976002
1158625,3.86208333333333,-67.2454215643467
1158760.41666667,3.86253472222222,-67.3051305423629
1158895.83333333,3.86298611111111,-67.3677037685303
1159031.25,3.8634375,-67.4331824272566
1159166.66666667,3.86388888888889,-67.501610267867
1159302.08333333,3.86434027777778,-67.573033732875
1159437.5,3.86479166666667,-67.6475020963863
1159572.91666667,3.86524305555556,-67.7250676143844
1159708.33333333,3.86569444444444,-67.8057856880415
1159843.75,3.86614583333333,-67.8897150405146
1159979.16666667,3.86659722222222,-67.9769179093771
1160114.58333333,3.86704861111111,-68.0674602555888
1160250,3.8675,-68.1614119907336
1160385.41666667,3.86795138888889,-68.2588472248525
1160520.83333333,3.86840277777778,-68.3598445360415
1160656.25,3.86885416666667,-68.4644872648571
1160791.66666667,3.86930555555556,-68.5728638358552
1160927.08333333,3.86975694444444,-68.6850681093444
1161062.5,3.87020833333333,-68.8011997666755
1161197.91666667,3.87065972222222,-68.9213647324041
1161333.33333333,3.87111111111111,-69.0456756383998
1161468.75,3.8715625,-69.174252334173
1161604.16666667,3.87201388888889,-69.3072224492685
1161739.58333333,3.87246527777778,-69.4447220140265
1161875,3.87291666666667,-69.5868961460269
1162010.41666667,3.87336805555556,-69.7338998108016
1162145.83333333,3.87381944444444,-69.8858986662478
1162281.25,3.87427083333333,-70.0430700018434
1162416.66666667,3.87472222222222,-70.20560378682
1162552.08333333,3.87517361111111,-70.3737038405538
1162687.5,3.875625,-70.5475891447401
1162822.91666667,3.87607638888889,-70.7274953172286
1162958.33333333,3.87652777777778,-70.9136762716902
1163093.75,3.87697916666667,-71.1064060929587
1163229.16666667,3.87743055555556,-71.3059811613753
1163364.58333333,3.87788194444444,-71.5127225675396
1163500,3.87833333333333,-71.7269788657096
1163635.41666667,3.87878472222222,-71.9491292249544
1163770.83333333,3.87923611111111,-72.1795870487166
1163906.25,3.8796875,-72.4188041488954
1164041.66666667,3.88013888888889,-72.6672755791007
1164177.08333333,3.88059027777778,-72.9255452568083
1164312.5,3.88104166666667,-73.1942125331335
1164447.91666667,3.88149305555556,-73.4739399091566
1164583.33333333,3.88194444444444,-73.7654621470261
1164718.75,3.88239583333333,-74.0695970900203
1164854.16666667,3.88284722222222,-74.3872585914047
1164989.58333333,3.88329861111111,-74.7194720641582
1165125,3.88375,-75.0673933173051
1165260.41666667,3.88420138888889,-75.4323315475452
1165395.83333333,3.88465277777778,-75.8157776401889
1165531.25,3.88510416666667,-76.2194393181077
1165666.66666667,3.88555555555556,-76.6452852308447
1165802.08333333,3.88600694444444,-77.0956008602626
1165937.5,3.88645833333333,-77.5730602558912
1166072.91666667,3.88690972222222,-78.0808193066072
1166208.33333333,3.88736111111111,-78.6226388046537
1166343.75,3.8878125,-79.2030495029323
1166479.16666667,3.88826388888889,-79.8275776308337
1166614.58333333,3.88871527777778,-80.5030595579325
1166750,3.88916666666667,-81.238091550791
1166885.41666667,3.88961805555556,-82.0436908175968
1167020.83333333,3.89006944444444,-82.934299413713
1167156.25,3.89052083333333,-83.9293693702856
1167291.66666667,3.89097222222222,-85.055986370931
1167427.08333333,3.89142361111111,-86.3534733762671
1167562.5,3.891875,-87.8820913067274
1167697.91666667,3.89232638888889,-89.7411797969275
1167833.33333333,3.89277777777778,-92.1125307031791
1167968.75,3.89322916666667,-95.3880184098465
1168104.16666667,3.89368055555556,-100.712478859229
1168239.58333333,3.89413194444444,-116.969559042189
1168375,3.89458333333333,-103.907878479884
1168510.41666667,3.89503472222222,-96.9735994838324
1168645.83333333,3.89548611111111,-93.1693736734616
1168781.25,3.8959375,-90.5348705570342
1168916.66666667,3.89638888888889,-88.5184122861209
1169052.08333333,3.89684027777778,-86.8852232603862
1169187.5,3.89729166666667,-85.5133086431787
1169322.91666667,3.89774305555556,-84.3310937073895
1169458.33333333,3.89819444444444,-83.2929746242014
1169593.75,3.89864583333333,-82.3680989632729
1169729.16666667,3.89909722222222,-81.5346184417758
1169864.58333333,3.89954861111111,-80.7764938669613
1170000,3.9,-80.0816025016165
1170135.41666667,3.90045138888889,-79.4405585099083
1170270.83333333,3.90090277777778,-78.8459465561146
1170406.25,3.90135416666667,-78.2918062126125
1170541.66666667,3.90180555555556,-77.7732747065429
1170677.08333333,3.90225694444444,-77.2863330139746
1170812.5,3.90270833333333,-76.8276213796277
1170947.91666667,3.90315972222222,-76.3943026595053
1171083.33333333,3.90361111111111,-75.9839593406016
1171218.75,3.9040625,-75.594514743057
1171354.16666667,3.90451388888889,-75.2241718967454
1171489.58333333,3.90496527777778,-74.8713655389321
1171625,3.90541666666667,-74.5347239895776
1171760.41666667,3.90586805555556,-74.2130385641755
1171895.83333333,3.90631944444444,-73.9052388019021
1172031.25,3.90677083333333,-73.6103722310727
1172166.66666667,3.90722222222222,-73.3275877106615
1172302.08333333,3.90767361111111,-73.0561216150039
1172437.5,3.908125,-72.795286298108
1172572.91666667,3.90857638888889,-72.5444604012108
1172708.33333333,3.90902777777778,-72.3030806609659
1172843.75,3.90947916666667,-72.0706349481817
1172979.16666667,3.90993055555556,-71.8466563212342
1173114.58333333,3.91038194444444,-71.6307179222385
1173250,3.91083333333333,-71.4224285764734
1173385.41666667,3.91128472222222,-71.2214289821687
1173520.83333333,3.91173611111111,-71.0273883980322
1173656.25,3.9121875,-70.8400017519498
1173791.66666667,3.91263888888889,-70.6589871098117
1173927.08333333,3.91309027777778,-70.4840834503107
1174062.5,3.91354166666667,-70.3150487035385
1174197.91666667,3.91399305555556,-70.1516580164849
1174333.33333333,3.91444444444444,-69.9937022142157
1174468.75,3.91489583333333,-69.8409864321726
1174604.16666667,3.91534722222222,-69.6933288958625
1174739.58333333,3.91579861111111,-69.5505598303113
1174875,3.91625,-69.4125204831429
1175010.41666667,3.91670138888889,-69.2790622463516
1175145.83333333,3.91715277777778,-69.1500458669177
1175281.25,3.91760416666667,-69.0253407343147
1175416.66666667,3.91805555555556,-68.9048242366065
1175552.08333333,3.91850694444444,-68.7883811777848
1175687.5,3.91895833333333,-68.6759032489469
1175822.91666667,3.91940972222222,-68.5672885482297
1175958.33333333,3.91986111111111,-68.4624411437636
1176093.75,3.9203125,-68.3612706754962
1176229.16666667,3.92076388888889,-68.263691991547
1176364.58333333,3.92121527777778,-68.1696248162414
1176500,3.92166666666667,-68.0789934460797
1176635.41666667,3.92211805555556,-67.9917264712069
1176770.83333333,3.92256944444444,-67.9077565200543
1176906.25,3.92302083333333,-67.8270200249851
1177041.66666667,3.92347222222222,-67.7494570066234
1177177.08333333,3.92392361111111,-67.675010875763
1177312.5,3.924375,-67.6036282509729
1177447.91666667,3.92482638888889,-67.5352587904092
1177583.33333333,3.92527777777778,-67.4698550372364
1177718.75,3.92572916666667,-67.4073722766698
1177854.16666667,3.92618055555556,-67.3477684043602
1177989.58333333,3.92663194444444,-67.2910038050227
1178125,3.92708333333333,-67.2370412403275
1178260.41666667,3.92753472222222,-67.1858457456618
1178395.83333333,3.92798611111111,-67.1373845348791
1178531.25,3.9284375,-67.0916269124087
1178666.66666667,3.92888888888889,-67.0485441925003
1178802.08333333,3.92934027777778,-67.0081096248091
1178937.5,3.92979166666667,-66.9702983260808
1179072.91666667,3.93024305555556,-66.9350872174412
1179208.33333333,3.93069444444444,-66.9024549671137
1179343.75,3.93114583333333,-66.8723819380651
1179479.16666667,3.93159722222222,-66.8448501402587
1179614.58333333,3.93204861111111,-66.819843187469
1179750,3.9325,-66.797346258404
1179885.41666667,3.93295138888889,-66.777346061915
1180020.83333333,3.93340277777778,-66.7598308057091
1180156.25,3.93385416666667,-66.7447901691565
1180291.66666667,3.93430555555556,-66.7322152796001
1180427.08333333,3.93475694444444,-66.7220986917662
1180562.5,3.93520833333333,-66.7144343711271
1180697.91666667,3.93565972222222,-66.7092176800494
1180833.33333333,3.93611111111111,-66.7064453672426
1180968.75,3.9365625,-66.7061155604974
1181104.16666667,3.93701388888889,-66.7082277625019
1181239.58333333,3.93746527777778,-66.7127828497517
1181375,3.93791666666667,-66.7197830744103
1181510.41666667,3.93836805555556,-66.729232069397
1181645.83333333,3.93881944444444,-66.7411348566698
1181781.25,3.93927083333333,-66.7554978585399
1181916.66666667,3.93972222222222,-66.7723289122926
1182052.08333333,3.94017361111111,-66.7916372879687
1182187.5,3.940625,-66.8134337098286
1182322.91666667,3.94107638888889,-66.8377303808578
1182458.33333333,3.94152777777778,-66.864541011204
1182593.75,3.94197916666667,-66.8938808503504
1182729.16666667,3.94243055555556,-66.9257667229527
1182864.58333333,3.94288194444444,-66.9602170690922
1183000,3.94333333333333,-66.9972519885956
1183135.41666667,3.94378472222222,-67.0368932899385
1183270.83333333,3.94423611111111,-67.0791645439688
1183406.25,3.9446875,-67.1240911427316
1183541.66666667,3.94513888888889,-67.1717003636068
1183677.08333333,3.94559027777778,-67.2220214394196
1183812.5,3.94604166666667,-67.275085634252
1183947.91666667,3.94649305555556,-67.3309263264089
1184083.33333333,3.94694444444444,-67.3895790982199
1184218.75,3.94739583333333,-67.451081833398
1184354.16666667,3.94784722222222,-67.5154748225597
1184489.58333333,3.94829861111111,-67.582800878046
1184625,3.94875,-67.6531054578685
1184760.41666667,3.94920138888889,-67.726436800419
1184895.83333333,3.94965277777778,-67.8028460705246
1185031.25,3.95010416666667,-67.882387517636
1185166.66666667,3.95055555555556,-67.965118647872
1185302.08333333,3.95100694444444,-68.0511004106156
1185437.5,3.95145833333333,-68.1403974012318
1185572.91666667,3.95190972222222,-68.2330780815296
1185708.33333333,3.95236111111111,-68.3292150202467
1185843.75,3.9528125,-68.4288851541844
1185979.16666667,3.95326388888889,-68.5321700734655
1186114.58333333,3.95371527777778,-68.6391563332981
1186250,3.95416666666667,-68.7499357940719
1186385.41666667,3.95461805555556,-68.8646059943438
1186520.83333333,3.95506944444444,-68.9832705593367
1186656.25,3.95552083333333,-69.1060396491687
1186791.66666667,3.95597222222222,-69.2330304520722
1186927.08333333,3.95642361111111,-69.3643677274642
1187062.5,3.956875,-69.500184404752
1187197.91666667,3.95732638888889,-69.6406222451745
1187333.33333333,3.95777777777778,-69.7858325747781
1187468.75,3.95822916666667,-69.9359770973792
1187604.16666667,3.95868055555556,-70.0912287984564
1187739.58333333,3.95913194444444,-70.2517729522507
1187875,3.95958333333333,-70.4178082461871
1188010.41666667,3.96003472222222,-70.5895480400283
1188145.83333333,3.96048611111111,-70.7672217786455
1188281.25,3.9609375,-70.9510765815998
1188416.66666667,3.96138888888889,-71.1413790374364
1188552.08333333,3.96184027777778,-71.3384172336979
1188687.5,3.96229166666667,-71.5425030620895
1188822.91666667,3.96274305555556,-71.7539748437375
1188958.33333333,3.96319444444444,-71.973200329328
1189093.75,3.96364583333333,-72.2005801413421
1189229.16666667,3.96409722222222,-72.4365517369199
1189364.58333333,3.96454861111111,-72.6815939904633
1189500,3.965,-72.9362325151824
1189635.41666667,3.96545138888889,-73.2010458701395
1189770.83333333,3.96590277777778,-73.4766728385397
1189906.25,3.96635416666667,-73.763821004033
1190041.66666667,3.96680555555556,-74.0632769138867
1190177.08333333,3.96725694444444,-74.3759181959268
1190312.5,3.96770833333333,-74.7027280961267
1190447.91666667,3.96815972222222,-75.0448130432375
1190583.33333333,3.96861111111111,-75.4034240277122
1190718.75,3.9690625,-75.7799828357138
1190854.16666667,3.96951388888889,-76.1761145227418
1190989.58333333,3.96996527777778,-76.5936879990456
1191125,3.97041666666667,-77.0348672845948
1191260.41666667,3.97086805555556,-77.5021769878951
1191395.83333333,3.97131944444444,-77.9985870258888
1191531.25,3.97177083333333,-78.5276237940068
1191666.66666667,3.97222222222222,-79.0935183609194
1191802.08333333,3.97267361111111,-79.7014075459538
1191937.5,3.973125,-80.3576122789267
1192072.91666667,3.97357638888889,-81.0700318719598
1192208.33333333,3.97402777777778,-81.8487174331011
1192343.75,3.97447916666667,-82.7067319422372
1192479.16666667,3.97493055555556,-83.6614882604971
1192614.58333333,3.97538194444444,-84.7369240801093
1192750,3.97583333333333,-85.9672330551905
1192885.41666667,3.97628472222222,-87.403714926615
1193020.83333333,3.97673611111111,-89.1285136957767
1193156.25,3.9771875,-91.2857001521173
1193291.66666667,3.97763888888889,-94.1651664039991
1193427.08333333,3.97809027777778,-98.5057412181403
1193562.5,3.97854166666667,-107.586558695944
1193697.91666667,3.97899305555556,-109.051659798732
1193833.33333333,3.97944444444444,-98.9944184220746
1193968.75,3.97989583333333,-94.4599267915727
1194104.16666667,3.98034722222222,-91.497951223788
1194239.58333333,3.98079861111111,-89.2953759400078
1194375,3.98125,-87.5420589039419
1194510.41666667,3.98170138888889,-86.086142292012
1194645.83333333,3.98215277777778,-84.8418484693961
1194781.25,3.98260416666667,-83.7559540980842
1194916.66666667,3.98305555555556,-82.7931518934874
1195052.08333333,3.98350694444444,-81.928814785343
1195187.5,3.98395833333333,-81.1450803207894
1195322.91666667,3.98440972222222,-80.4285797985117
1195458.33333333,3.98486111111111,-79.7690469728175
1195593.75,3.9853125,-79.1584267403683
1195729.16666667,3.98576388888889,-78.5902825828442
1195864.58333333,3.98621527777778,-78.0593901118259
1196000,3.98666666666667,-77.5614507036808
1196135.41666667,3.98711805555556,-77.0928850127779
1196270.83333333,3.98756944444444,-76.6506810315943
1196406.25,3.98802083333333,-76.2322802720047
1196541.66666667,3.98847222222222,-75.8354911362251
1196677.08333333,3.98892361111111,-75.4584220371467
1196812.5,3.989375,-75.0994291002117
1196947.91666667,3.98982638888889,-74.7570747917427
1197083.33333333,3.99027777777778,-74.4300948421034
1197218.75,3.99072916666667,-74.1173715462127
1197354.16666667,3.99118055555556,-73.8179120205287
1197489.58333333,3.99163194444444,-73.5308303507827
1197625,3.99208333333333,-73.25533282531
1197760.41666667,3.99253472222222,-72.9907056344352
1197895.83333333,3.99298611111111,-72.7363045578762
1198031.25,3.9934375,-72.4915462670974
1198166.66666667,3.99388888888889,-72.2559009479309
1198302.08333333,3.99434027777778,-72.028886010338
1198437.5,3.99479166666667,-71.8100606990299
1198572.91666667,3.99524305555556,-71.5990214534857
1198708.33333333,3.99569444444444,-71.3953978966764
1198843.75,3.99614583333333,-71.1988493528286
1198979.16666667,3.99659722222222,-71.0090618127489
1199114.58333333,3.99704861111111,-70.8257452788922
1199250,3.9975,-70.6486314356391
1199385.41666667,3.99795138888889,-70.477471597366
1199520.83333333,3.99840277777778,-70.3120348958392
1199656.25,3.99885416666667,-70.1521066745725
1199791.66666667,3.99930555555556,-69.9974870617756
1199927.08333333,3.99975694444444,-69.8479896994191
1200062.5,4.00020833333333,-69.7034406080554
1200197.91666667,4.00065972222222,-69.5636771705881
1200333.33333333,4.00111111111111,-69.4285472197842
1200468.75,4.0015625,-69.2979082183969
1200604.16666667,4.00201388888889,-69.1716265199941
1200739.58333333,4.00246527777778,-69.0495767010908
1200875,4.00291666666667,-68.9316409575445
1201010.41666667,4.00336805555556,-68.8177085568765
1201145.83333333,4.00381944444444,-68.7076753412604
1201281.25,4.00427083333333,-68.6014432757592
1201416.66666667,4.00472222222222,-68.4989200363529
1201552.08333333,4.00517361111111,-68.4000186343237
1201687.5,4.005625,-68.3046570733567
1201822.91666667,4.00607638888889,-68.2127580357267
1201958.33333333,4.00652777777778,-68.124248594871
1202093.75,4.00697916666667,-68.0390599520382
1202229.16666667,4.00743055555556,-67.9571271944381
1202364.58333333,4.00788194444444,-67.8783890730826
1202500,4.00833333333333,-67.802787798717
1202635.41666667,4.00878472222222,-67.730268853657
1202770.83333333,4.00923611111111,-67.6607808188647
1202906.25,4.0096875,-67.5942752145182
1203041.66666667,4.01013888888889,-67.5307063529032
1203177.08333333,4.01059027777778,-67.4700312030396
1203312.5,4.01104166666667,-67.4122092654434
1203447.91666667,4.01149305555556,-67.3572024569279
1203583.33333333,4.01194444444444,-67.3049750042913
1203718.75,4.01239583333333,-67.2554933460335
1203854.16666667,4.01284722222222,-67.2087260421322
1203989.58333333,4.01329861111111,-67.1646436906282
1204125,4.01375,-67.1232188509287
1204260.41666667,4.01420138888889,-67.0844259735989
1204395.83333333,4.01465277777778,-67.0482413354509
1204531.25,4.01510416666667,-67.0146429803024
1204666.66666667,4.01555555555556,-66.9836106649572
1204802.08333333,4.01600694444444,-66.9551258098349
1204937.5,4.01645833333333,-66.9291714542821
1205072.91666667,4.01690972222222,-66.9057322159925
1205208.33333333,4.01736111111111,-66.8847942547793
1205343.75,4.0178125,-66.8663452400542
1205479.16666667,4.01826388888889,-66.8503743223362
1205614.58333333,4.01871527777778,-66.8368721079935
1205750,4.01916666666667,-66.8258306378437
1205885.41666667,4.01961805555556,-66.8172433689923
1206020.83333333,4.02006944444444,-66.8111051598812
1206156.25,4.02052083333333,-66.8074122587469
1206291.66666667,4.02097222222222,-66.8061622950197
1206427.08333333,4.02142361111111,-66.8073542741331
1206562.5,4.021875,-66.8109885751296
1206697.91666667,4.02232638888889,-66.817066951668
1206833.33333333,4.02277777777778,-66.8255925358924
1206968.75,4.02322916666667,-66.8365698454262
1207104.16666667,4.02368055555556,-66.8500047938029
1207239.58333333,4.02413194444444,-66.865904703626
1207375,4.02458333333333,-66.8842783234212
1207510.41666667,4.02503472222222,-66.9051358476572
1207645.83333333,4.02548611111111,-66.9284889399687
1207781.25,4.0259375,-66.9543507604903
1207916.66666667,4.02638888888889,-66.9827359964458
1208052.08333333,4.02684027777778,-67.0136608966702
1208187.5,4.02729166666667,-67.0471433101899
1208322.91666667,4.02774305555556,-67.0832027291648
1208458.33333333,4.02819444444444,-67.1218603359385
1208593.75,4.02864583333333,-67.1631390551327
1208729.16666667,4.02909722222222,-67.2070636104035
1208864.58333333,4.02954861111111,-67.2536605868381
1209000,4.03,-67.3029584987385
1209135.41666667,4.03045138888889,-67.3549878631876
1209270.83333333,4.03090277777778,-67.4097812806269
1209406.25,4.03135416666667,-67.4673735218939
1209541.66666667,4.03180555555556,-67.5278016227269
1209677.08333333,4.03225694444444,-67.5911049865662
1209812.5,4.03270833333333,-67.6573254955506
1209947.91666667,4.03315972222222,-67.7265076311897
1210083.33333333,4.03361111111111,-67.7986986052611
1210218.75,4.0340625,-67.8739485012925
1210354.16666667,4.03451388888889,-67.9523104283699
1210489.58333333,4.03496527777778,-68.0338406880515
1210625,4.03541666666667,-68.1185989553592
1210760.41666667,4.03586805555556,-68.2066484757018
1210895.83333333,4.03631944444444,-68.2980562785549
1211031.25,4.03677083333333,-68.3928934103426
1211166.66666667,4.03722222222222,-68.4912351879439
1211302.08333333,4.03767361111111,-68.5931614749872
1211437.5,4.038125,-68.698756983307
1211572.91666667,4.03857638888889,-68.8081116029047
1211708.33333333,4.03902777777778,-68.9213207622424
1211843.75,4.03947916666667,-69.0384858232966
1211979.16666667,4.03993055555556,-69.1597145152072
1212114.58333333,4.04038194444444,-69.2851214101679
1212250,4.04083333333333,-69.414828447944
1212385.41666667,4.04128472222222,-69.5489655134284
1212520.83333333,4.04173611111111,-69.6876710749067
1212656.25,4.0421875,-69.8310928901288
1212791.66666667,4.04263888888889,-69.9793887888353
1212927.08333333,4.04309027777778,-70.1327275424497
1213062.5,4.04354166666667,-70.2912898320466
1213197.91666667,4.04399305555556,-70.4552693282828
1213333.33333333,4.04444444444444,-70.6248738993604
1213468.75,4.04489583333333,-70.8003269653448
1213604.16666667,4.04534722222222,-70.9818690209499
1213739.58333333,4.04579861111111,-71.1697593514765
1213875,4.04625,-71.3642779732651
1214010.41666667,4.04670138888889,-71.5657278338162
1214145.83333333,4.04715277777778,-71.7744373146408
1214281.25,4.04760416666667,-71.9907630884667
1214416.66666667,4.04805555555556,-72.2150933916293
1214552.08333333,4.04850694444444,-72.4478517876612
1214687.5,4.04895833333333,-72.6895015118065
1214822.91666667,4.04940972222222,-72.9405505082165
1214958.33333333,4.04986111111111,-73.2015572958155
1215093.75,4.0503125,-73.4731378331173
1215229.16666667,4.05076388888889,-73.7559735924287
1215364.58333333,4.05121527777778,-74.050821107808
1215500,4.05166666666667,-74.3585233334873
1215635.41666667,4.05211805555556,-74.680023238899
1215770.83333333,4.05256944444444,-75.0163801914974
1215906.25,4.05302083333333,-75.3687898436419
1216041.66666667,4.05347222222222,-75.7386084600811
1216177.08333333,4.05392361111111,-76.1273829348789
1216312.5,4.054375,-76.5368881716704
1216447.91666667,4.05482638888889,-76.9691741066061
1216583.33333333,4.05527777777778,-77.4266255223502
1216718.75,4.05572916666667,-77.9120390698464
1216854.16666667,4.05618055555556,-78.4287238023367
1216989.58333333,4.05663194444444,-78.9806343979734
1217125,4.05708333333333,-79.5725507189267
1217260.41666667,4.05753472222222,-80.2103244991013
1217395.83333333,4.05798611111111,-80.9012257305726
1217531.25,4.0584375,-81.6544413833404
1217666.66666667,4.05888888888889,-82.4818146702223
1217802.08333333,4.05934027777778,-83.398979092735
1217937.5,4.05979166666667,-84.4271708287577
1218072.91666667,4.06024305555556,-85.5962733823131
1218208.33333333,4.06069444444444,-86.9502604535971
1218343.75,4.06114583333333,-88.5577353877441
1218479.16666667,4.06159722222222,-90.5346436107042
1218614.58333333,4.06204861111111,-93.1012543174326
1218750,4.0625,-96.7635592178636
1218885.41666667,4.06295138888889,-103.223800368613
1219020.83333333,4.06340277777778,-122.88388900971
1219156.25,4.06385416666667,-101.583714917499
1219291.66666667,4.06430555555556,-95.9470720901573
1219427.08333333,4.06475694444444,-92.5590746353056
1219562.5,4.06520833333333,-90.1300843776036
1219697.91666667,4.06565972222222,-88.2361841487374
1219833.33333333,4.06611111111111,-86.6844238232905
1219968.75,4.0665625,-85.3705589490561
1220104.16666667,4.06701388888889,-84.2318347612355
1220239.58333333,4.06746527777778,-83.2275261434226
1220375,4.06791666666667,-82.3296984996089
1220510.41666667,4.06836805555556,-81.5183557634145
1220645.83333333,4.06881944444444,-80.7786911291877
1220781.25,4.06927083333333,-80.0994336899622
1220916.66666667,4.06972222222222,-79.4718052566802
1221052.08333333,4.07017361111111,-78.8888356058768
1221187.5,4.070625,-78.3448978300108
1221322.91666667,4.07107638888889,-77.8353839942153
1221458.33333333,4.07152777777778,-77.3564731433218
1221593.75,4.07197916666667,-76.9049617981732
1221729.16666667,4.07243055555556,-76.4781377695339
1221864.58333333,4.07288194444444,-76.0736846518143
1222000,4.07333333333333,-75.6896084569352
1222135.41666667,4.07378472222222,-75.3241805021054
1222270.83333333,4.07423611111111,-74.9758924142393
1222406.25,4.0746875,-74.6434202891478
1222541.66666667,4.07513888888889,-74.3255958598144
1222677.08333333,4.07559027777778,-74.021383089775
1222812.5,4.07604166666667,-73.7298590109277
1222947.91666667,4.07649305555556,-73.4501979144647
1223083.33333333,4.07694444444444,-73.1816582153423
1223218.75,4.07739583333333,-72.923571464409
1223354.16666667,4.07784722222222,-72.6753331014125
1223489.58333333,4.07829861111111,-72.4363946268249
1223625,4.07875,-72.2062569400482
1223760.41666667,4.07920138888889,-71.9844646418734
1223895.83333333,4.07965277777778,-71.7706011367708
1224031.25,4.08010416666667,-71.5642844059169
1224166.66666667,4.08055555555556,-71.3651633427868
1224302.08333333,4.08100694444444,-71.1729145637738
1224437.5,4.08145833333333,-70.9872396225244
1224572.91666667,4.08190972222222,-70.8078625675809
1224708.33333333,4.08236111111111,-70.6345277940724
1224843.75,4.0828125,-70.466998148527
1224979.16666667,4.08326388888889,-70.3050532511395
1225114.58333333,4.08371527777778,-70.1484880066768
1225250,4.08416666666667,-69.9971112792825
1225385.41666667,4.08461805555556,-69.8507447099965
1225520.83333333,4.08506944444444,-69.7092216589839
1225656.25,4.08552083333333,-69.5723862570132
1225791.66666667,4.08597222222222,-69.4400925531537
1225927.08333333,4.08642361111111,-69.3122037472881
1226062.5,4.086875,-69.1885914976293
1226197.91666667,4.08732638888889,-69.0691352941669
1226333.33333333,4.08777777777778,-68.9537218916445
1226468.75,4.08822916666667,-68.8422447948897
1226604.16666667,4.08868055555556,-68.7346037908229
1226739.58333333,4.08913194444444,-68.6307045228911
1226875,4.08958333333333,-68.5304581024335
1227010.41666667,4.09003472222222,-68.4337807544166
1227145.83333333,4.09048611111111,-68.3405934933065
1227281.25,4.0909375,-68.2508218262962
1227416.66666667,4.09138888888889,-68.1643954816825
1227552.08333333,4.09184027777778,-68.0812481591607
1227687.5,4.09229166666667,-68.0013173009152
1227822.91666667,4.09274305555556,-67.9245438810479
1227958.33333333,4.09319444444444,-67.8508722119034
1228093.75,4.09364583333333,-67.780249765817
1228229.16666667,4.09409722222222,-67.7126270106139
1228364.58333333,4.09454861111111,-67.6479572584631
1228500,4.095,-67.5861965261231
1228635.41666667,4.09545138888889,-67.5273034062713
1228770.83333333,4.09590277777778,-67.4712389487267
1228906.25,4.09635416666667,-67.4179665507775
1229041.66666667,4.09680555555556,-67.3674518564258
1229177.08333333,4.09725694444444,-67.3196626629396
1229312.5,4.09770833333333,-67.274568835168
1229447.91666667,4.09815972222222,-67.232142226512
1229583.33333333,4.09861111111111,-67.1923566062637
1229718.75,4.0990625,-67.1551875928892
1229854.16666667,4.09951388888889,-67.1206125927892
1229989.58333333,4.09996527777778,-67.0886107444388
1230125,4.10041666666667,-67.0591628672237
1230260.41666667,4.10086805555556,-67.0322514151305
1230395.83333333,4.10131944444444,-67.007860434851
1230531.25,4.10177083333333,-66.9859755276336
1230666.66666667,4.10222222222222,-66.9665838157977
1230802.08333333,4.10267361111111,-66.9496739126169
1230937.5,4.103125,-66.935235895955
1231072.91666667,4.10357638888889,-66.9232612854481
1231208.33333333,4.10402777777778,-66.9137430231281
1231343.75,4.10447916666667,-66.9066754573557
1231479.16666667,4.10493055555556,-66.9020543300073
1231614.58333333,4.10538194444444,-66.8998767669351
1231750,4.10583333333333,-66.9001412713173
1231885.41666667,4.10628472222222,-66.9028477204667
1232020.83333333,4.10673611111111,-66.9079973654168
1232156.25,4.1071875,-66.9155928339276
1232291.66666667,4.10763888888889,-66.9256381360805
1232427.08333333,4.10809027777778,-66.9381386735934
1232562.5,4.10854166666667,-66.9531012521365
1232697.91666667,4.10899305555556,-66.9705340965282
1232833.33333333,4.10944444444444,-66.9904468696829
1232968.75,4.10989583333333,-67.0128506948536
1233104.16666667,4.11034722222222,-67.0377581811504
1233239.58333333,4.11079861111111,-67.0651834531302
1233375,4.11125,-67.0951421836783
1233510.41666667,4.11170138888889,-67.1276516312767
1233645.83333333,4.11215277777778,-67.1627306811411
1233781.25,4.11260416666667,-67.2003998908339
1233916.66666667,4.11305555555556,-67.2406815405912
1234052.08333333,4.11350694444444,-67.2835996881263
1234187.5,4.11395833333333,-67.3291802290137
1234322.91666667,4.11440972222222,-67.3774509623849
1234458.33333333,4.11486111111111,-67.4284416624782
1234593.75,4.1153125,-67.4821841565364
1234729.16666667,4.11576388888889,-67.5387124092324
1234864.58333333,4.11621527777778,-67.5980626147873
1235000,4.11666666666667,-67.6602732961689
1235135.41666667,4.11711805555556,-67.7253854132961
1235270.83333333,4.11756944444444,-67.7934424800853
1235406.25,4.11802083333333,-67.8644906912732
1235541.66666667,4.11847222222222,-67.9385790602003
1235677.08333333,4.11892361111111,-68.0157595677478
1235812.5,4.119375,-68.0960873244888
1235947.91666667,4.11982638888889,-68.1796207462672
1236083.33333333,4.12027777777778,-68.2664217449563
1236218.75,4.12072916666667,-68.3565559362047
1236354.16666667,4.12118055555556,-68.4500928646531
1236489.58333333,4.12163194444444,-68.5471062498263
1236625,4.12208333333333,-68.6476742538248
1236760.41666667,4.12253472222222,-68.7518797731839
1236895.83333333,4.12298611111111,-68.8598107581908
1237031.25,4.1234375,-68.9715605613947
1237166.66666667,4.12388888888889,-69.087228319666
1237302.08333333,4.12434027777778,-69.2069193731518
1237437.5,4.12479166666667,-69.3307457252005
1237572.91666667,4.12524305555556,-69.4588265482181
1237708.33333333,4.12569444444444,-69.5912887412338
1237843.75,4.12614583333333,-69.7282675449085
1237979.16666667,4.12659722222222,-69.8699072219254
1238114.58333333,4.12704861111111,-70.0163618102038
1238250,4.1275,-70.1677959592959
1238385.41666667,4.12795138888889,-70.3243858611321
1238520.83333333,4.12840277777778,-70.4863202867429
1238656.25,4.12885416666667,-70.653801745569
1238791.66666667,4.12930555555556,-70.8270477836757
1238927.08333333,4.12975694444444,-71.0062924417618
1239062.5,4.13020833333333,-71.1917878972122
1239197.91666667,4.13065972222222,-71.3838063181141
1239333.33333333,4.13111111111111,-71.5826419635788
1239468.75,4.1315625,-71.788613570175
1239604.16666667,4.13201388888889,-72.0020670722878
1239739.58333333,4.13246527777778,-72.2233787144296
1239875,4.13291666666667,-72.4529586248397
1240010.41666667,4.13336805555556,-72.6912549350906
1240145.83333333,4.13381944444444,-72.9387585486803
1240281.25,4.13427083333333,-73.1960086851412
1240416.66666667,4.13472222222222,-73.4635993561471
1240552.08333333,4.13517361111111,-73.7421869682271
1240687.5,4.135625,-74.0324992954006
1240822.91666667,4.13607638888889,-74.335346128592
1240958.33333333,4.13652777777778,-74.6516319933024
1241093.75,4.13697916666667,-74.9823714364747
1241229.16666667,4.13743055555556,-75.3287075311632
1241364.58333333,4.13788194444444,-75.6919344488254
1241500,4.13833333333333,-76.0735252191682
1241635.41666667,4.13878472222222,-76.4751661805462
1241770.83333333,4.13923611111111,-76.8988001514021
1241906.25,4.1396875,-77.3466811150919
1242041.66666667,4.14013888888889,-77.8214443118585
1242177.08333333,4.14059027777778,-78.3261972565669
1242312.5,4.14104166666667,-78.8646396623384
1242447.91666667,4.14149305555556,-79.4412240325597
1242583.33333333,4.14194444444444,-80.0613746866694
1242718.75,4.14239583333333,-80.7317927482515
1242854.16666667,4.14284722222222,-81.4608910549035
1242989.58333333,4.14329861111111,-82.259431645971
1243125,4.14375,-83.1414907933722
1243260.41666667,4.14420138888889,-84.1259769028737
1243395.83333333,4.14465277777778,-85.2391311489682
1243531.25,4.14510416666667,-86.5188894934715
1243666.66666667,4.14555555555556,-88.0230644192178
1243802.08333333,4.14600694444444,-89.8462300257856
1243937.5,4.14645833333333,-92.1595048240554
1244072.91666667,4.14690972222222,-95.3249137304842
1244208.33333333,4.14736111111111,-100.360049526141
1244343.75,4.1478125,-113.738974488154
1244479.16666667,4.14826388888889,-105.222080716535
1244614.58333333,4.14871527777778,-97.709982603589
1244750,4.14916666666667,-93.7448296782173
1244885.41666667,4.14961805555556,-91.034633283835
1245020.83333333,4.15006944444444,-88.9741287223897
1245156.25,4.15052083333333,-87.3120917831263
1245291.66666667,4.15097222222222,-85.9197948238984
1245427.08333333,4.15142361111111,-84.722395442653
1245562.5,4.151875,-83.6725121519527
1245697.91666667,4.15232638888889,-82.7382424960996
1245833.33333333,4.15277777777778,-81.8970780630028
1245968.75,4.15322916666667,-81.1325438255648
1246104.16666667,4.15368055555556,-80.4322177027489
1246239.58333333,4.15413194444444,-79.7865014523829
1246375,4.15458333333333,-79.1878248441042
1246510.41666667,4.15503472222222,-78.6301118358855
1246645.83333333,4.15548611111111,-78.108411610548
1246781.25,4.1559375,-77.6186369132198
1246916.66666667,4.15638888888889,-77.157374294728
1247052.08333333,4.15684027777778,-76.7217437777463
1247187.5,4.15729166666667,-76.3092932611336
1247322.91666667,4.15774305555556,-75.9179178300146
1247458.33333333,4.15819444444444,-75.5457972371782
1247593.75,4.15864583333333,-75.1913468570084
1247729.16666667,4.15909722222222,-74.8531787720997
1247864.58333333,4.15954861111111,-74.5300705783688
1248000,4.16,-74.2209401437662
1248135.41666667,4.16045138888889,-73.9248250047868
1248270.83333333,4.16090277777778,-73.6408654161599
1248406.25,4.16135416666667,-73.368290302242
1248541.66666667,4.16180555555556,-73.1064055335886
1248677.08333333,4.16225694444444,-72.8545840830011
1248812.5,4.16270833333333,-72.612257708943
1248947.91666667,4.16315972222222,-72.3789098920139
1249083.33333333,4.16361111111111,-72.1540698038711
1249218.75,4.1640625,-71.9373071329906
1249354.16666667,4.16451388888889,-71.7282276252877
1249489.58333333,4.16496527777778,-71.5264692239707
1249625,4.16541666666667,-71.3316987153922
1249760.41666667,4.16586805555556,-71.1436088025587
1249895.83333333,4.16631944444444,-70.961915542825
1250031.25,4.16677083333333,-70.7863560975077
1250166.66666667,4.16722222222222,-70.6166867473565
1250302.08333333,4.16767361111111,-70.4526811393166
1250437.5,4.168125,-70.2941287309719
1250572.91666667,4.16857638888889,-70.1408334079901
1250708.33333333,4.16902777777778,-69.9926122516044
1250843.75,4.16947916666667,-69.8492944366542
1250979.16666667,4.16993055555556,-69.710720244925
1251114.58333333,4.17038194444444,-69.5767401789122
1251250,4.17083333333333,-69.4472141643146
1251385.41666667,4.17128472222222,-69.3220108310669
1251520.83333333,4.17173611111111,-69.2010068635559
1251656.25,4.1721875,-69.0840864126303
1251791.66666667,4.17263888888889,-68.9711405623872
1251927.08333333,4.17309027777778,-68.8620668455681
1252062.5,4.17354166666667,-68.7567688029638
1252197.91666667,4.17399305555556,-68.6551555817684
1252333.33333333,4.17444444444444,-68.5571415691574
1252468.75,4.17489583333333,-68.4626460572805
1252604.16666667,4.17534722222222,-68.3715929369089
1252739.58333333,4.17579861111111,-68.2839104169202
1252875,4.17625,-68.1995307667231
1253010.41666667,4.17670138888889,-68.1183900799124
1253145.83333333,4.17715277777778,-68.0404280572765
1253281.25,4.17760416666667,-67.9655878069776
1253416.66666667,4.17805555555556,-67.893815660806
1253552.08333333,4.17850694444444,-67.8250610049198
1253687.5,4.17895833333333,-67.7592761237525
1253822.91666667,4.17940972222222,-67.6964160564355
1253958.33333333,4.17986111111111,-67.636438463858
1254093.75,4.1803125,-67.5793035065302
1254229.16666667,4.18076388888889,-67.5249737317085
1254364.58333333,4.18121527777778,-67.4734139692076
1254500,4.18166666666667,-67.424591235592
1254635.41666667,4.18211805555556,-67.3784746455836
1254770.83333333,4.18256944444444,-67.3350353306837
1254906.25,4.18302083333333,-67.2942463641524
1255041.66666667,4.18347222222222,-67.2560826922693
1255177.08333333,4.18392361111111,-67.2205210709952
1255312.5,4.184375,-67.1875400082346
1255447.91666667,4.18482638888889,-67.1571197109777
1255583.33333333,4.18527777777778,-67.1292420373209
1255718.75,4.18572916666667,-67.1038904527914
1255854.16666667,4.18618055555556,-67.0810499910842
1255989.58333333,4.18663194444444,-67.060707218626
1256125,4.18708333333333,-67.0428502034287
1256260.41666667,4.18753472222222,-67.027468487238
1256395.83333333,4.18798611111111,-67.0145530614945
1256531.25,4.1884375,-67.0040963467485
1256666.66666667,4.18888888888889,-66.9960921751889
1256802.08333333,4.18934027777778,-66.9905357770088
1256937.5,4.18979166666667,-66.9874237692216
1257072.91666667,4.19024305555556,-66.9867541483059
1257208.33333333,4.19069444444444,-66.9885262855695
1257343.75,4.19114583333333,-66.9927409256648
1257479.16666667,4.19159722222222,-66.9994001884769
1257614.58333333,4.19204861111111,-67.0085075737145
1257750,4.1925,-67.0200679688919
1257885.41666667,4.19295138888889,-67.0340876603764
1258020.83333333,4.19340277777778,-67.0505743476181
1258156.25,4.19385416666667,-67.0695371608242
1258291.66666667,4.19430555555556,-67.0909866816233
1258427.08333333,4.19475694444444,-67.1149349678101
1258562.5,4.19520833333333,-67.1413955811181
1258697.91666667,4.19565972222222,-67.1703836188326
1258833.33333333,4.19611111111111,-67.2019157497681
1258968.75,4.1965625,-67.2360102535065
1259104.16666667,4.19701388888889,-67.2726870646528
1259239.58333333,4.19746527777778,-67.3119678211513
1259375,4.19791666666667,-67.3538759176459
1259510.41666667,4.19836805555556,-67.3984365635625
1259645.83333333,4.19881944444444,-67.4456768469376
1259781.25,4.19927083333333,-67.4956258036897
1259916.66666667,4.19972222222222,-67.5483144931786
1260052.08333333,4.20017361111111,-67.6037760800891
1260187.5,4.200625,-67.6620459235527
1260322.91666667,4.20107638888889,-67.7231616739448
1260458.33333333,4.20152777777778,-67.7871633774357
1260593.75,4.20197916666667,-67.8540935898308
1260729.16666667,4.20243055555556,-67.9239974995861
1260864.58333333,4.20288194444444,-67.9969230614337
1261000,4.20333333333333,-68.0729211411551
1261135.41666667,4.20378472222222,-68.1520456726807
1261270.83333333,4.20423611111111,-68.2343538284825
1261406.25,4.2046875,-68.3199062046626
1261541.66666667,4.20513888888889,-68.4087670222698
1261677.08333333,4.20559027777778,-68.5010043457308
1261812.5,4.20604166666667,-68.5966903209571
1261947.91666667,4.20649305555556,-68.6959014346548
1262083.33333333,4.20694444444444,-68.7987187970741
1262218.75,4.20739583333333,-68.9052284506171
1262354.16666667,4.20784722222222,-69.015521707512
1262489.58333333,4.20829861111111,-69.1296955187078
1262625,4.20875,-69.2478528790818
1262760.41666667,4.20920138888889,-69.3701032713542
1262895.83333333,4.20965277777778,-69.4965631545655
1263031.25,4.21010416666667,-69.6273565018259
1263166.66666667,4.21055555555556,-69.7626153929737
1263302.08333333,4.21100694444444,-69.9024806702781
1263437.5,4.21145833333333,-70.0471026634393
1263572.91666667,4.21190972222222,-70.1966419942308
1263708.33333333,4.21236111111111,-70.3512704706237
1263843.75,4.2128125,-70.5111720829291
1263979.16666667,4.21326388888889,-70.6765441158116
1264114.58333333,4.21371527777778,-70.847598392821
1264250,4.21416666666667,-71.0245626728259
1264385.41666667,4.21461805555556,-71.2076822209434
1264520.83333333,4.21506944444444,-71.3972215802042
1264656.25,4.21552083333333,-71.5934665772219
1264791.66666667,4.21597222222222,-71.7967265965927
1264927.08333333,4.21642361111111,-72.0073371725182
1265062.5,4.216875,-72.2256629481099
1265197.91666667,4.21732638888889,-72.4521010696751
1265333.33333333,4.21777777777778,-72.687085093448
1265468.75,4.21822916666667,-72.9310895006158
1265604.16666667,4.21868055555556,-73.1846349379878
1265739.58333333,4.21913194444444,-73.4482943293675
1265875,4.21958333333333,-73.7227000357212
1266010.41666667,4.22003472222222,-74.0085522888993
1266145.83333333,4.22048611111111,-74.3066291805604
1266281.25,4.2209375,-74.6177985628969
1266416.66666667,4.22138888888889,-74.9430323184709
1266552.08333333,4.22184027777778,-75.283423587498
1266687.5,4.22229166666667,-75.6402077212797
1266822.91666667,4.22274305555556,-76.0147879713315
1266958.33333333,4.22319444444444,-76.4087672607769
1267093.75,4.22364583333333,-76.8239878504793
1267229.16666667,4.22409722222222,-77.2625813796946
1267364.58333333,4.22454861111111,-77.72703271668
1267500,4.225,-78.2202624594733
1267635.41666667,4.22545138888889,-78.7457350352213
1267770.83333333,4.22590277777778,-79.3076025597754
1267906.25,4.22635416666667,-79.9108996679273
1268041.66666667,4.22680555555556,-80.5618126475693
1268177.08333333,4.22725694444444,-81.2680597126882
1268312.5,4.22770833333333,-82.0394424854653
1268447.91666667,4.22815972222222,-82.8886704258066
1268583.33333333,4.22861111111111,-83.8326382963679
1268718.75,4.2290625,-84.8944927216241
1268854.16666667,4.22951388888889,-86.1071562666528
1268989.58333333,4.22996527777778,-87.5197483337191
1269125,4.23041666666667,-89.2103332128148
1269260.41666667,4.23086805555556,-91.3143583117333
1269395.83333333,4.23131944444444,-94.0997812605997
1269531.25,4.23177083333333,-98.2283476052165
1269666.66666667,4.23222222222222,-106.379206819732
1269802.08333333,4.23267361111111,-111.47737472305
1269937.5,4.233125,-99.8864285853835
1270072.91666667,4.23357638888889,-95.0937090786998
1270208.33333333,4.23402777777778,-92.0250071993226
1270343.75,4.23447916666667,-89.7640572392337
1270479.16666667,4.23493055555556,-87.9738883616662
1270614.58333333,4.23538194444444,-86.4925647491986
1270750,4.23583333333333,-85.2296733265139
1270885.41666667,4.23628472222222,-84.1295608384243
1271020.83333333,4.23673611111111,-83.1555233116328
1271156.25,4.2371875,-82.2820738027535
1271291.66666667,4.23763888888889,-81.4907915031085
1271427.08333333,4.23809027777778,-80.7679293612883
1271562.5,4.23854166666667,-80.1029556581123
1271697.91666667,4.23899305555556,-79.4876235190564
1271833.33333333,4.23944444444444,-78.9153544389945
1271968.75,4.23989583333333,-78.3808166560274
1272104.16666667,4.24034722222222,-77.8796288435154
1272239.58333333,4.24079861111111,-77.4081469219333
1272375,4.24125,-76.9633074900904
1272510.41666667,4.24170138888889,-76.5425107375123
1272645.83333333,4.24215277777778,-76.1435314630472
1272781.25,4.24260416666667,-75.7644504726877
1272916.66666667,4.24305555555556,-75.4036010013427
1273052.08333333,4.24350694444444,-75.0595263733877
1273187.5,4.24395833333333,-74.7309461892705
1273322.91666667,4.24440972222222,-74.4167290558128
1273458.33333333,4.24486111111111,-74.1158703963996
1273593.75,4.2453125,-73.827474249307
1273729.16666667,4.24576388888889,-73.5507382197584
1273864.58333333,4.24621527777778,-73.2849409557147
1274000,4.24666666666667,-73.0294316531951
1274135.41666667,4.24711805555556,-72.7836212111325
1274270.83333333,4.24756944444444,-72.5469747319779
1274406.25,4.24802083333333,-72.3190051320346
1274541.66666667,4.24847222222222,-72.0992676676873
1274677.08333333,4.24892361111111,-71.887355227019
1274812.5,4.249375,-71.6828942597415
1274947.91666667,4.24982638888889,-71.4855412455014
1275083.33333333,4.25027777777778,-71.294979617562
1275218.75,4.25072916666667,-71.1109170723851
1275354.16666667,4.25118055555556,-70.9330832094492
1275489.58333333,4.25163194444444,-70.7612274531323
1275625,4.25208333333333,-70.5951172177874
1275760.41666667,4.25253472222222,-70.4345362822924
1275895.83333333,4.25298611111111,-70.2792833465923
1276031.25,4.2534375,-70.1291707456334
1276166.66666667,4.25388888888889,-69.9840233014671
1276302.08333333,4.25434027777778,-69.8436772956518
1276437.5,4.25479166666667,-69.7079795471853
1276572.91666667,4.25524305555556,-69.5767865836661
1276708.33333333,4.25569444444444,-69.4499638942731
1276843.75,4.25614583333333,-69.327385255536
1276979.16666667,4.25659722222222,-69.208932121064
1277114.58333333,4.25704861111111,-69.0944930690111
1277250,4.2575,-68.9839632999658
1277385.41666667,4.25795138888889,-68.8772441808156
1277520.83333333,4.25840277777778,-68.7742428290568
1277656.25,4.25885416666667,-68.6748717338196
1277791.66666667,4.25930555555556,-68.5790484096904
1277927.08333333,4.25975694444444,-68.486695080038
1278062.5,4.26020833333333,-68.3977383872018
1278197.91666667,4.26065972222222,-68.3121091266946
1278333.33333333,4.26111111111111,-68.229742003367
1278468.75,4.2615625,-68.1505754073519
1278604.16666667,4.26201388888889,-68.0745512081115
1278739.58333333,4.26246527777778,-68.0016145649746
1278875,4.26291666666667,-67.9317137525352
1279010.41666667,4.26336805555556,-67.8647999999876
1279145.83333333,4.26381944444444,-67.8008273429137
1279281.25,4.26427083333333,-67.7397524863822
1279416.66666667,4.26472222222222,-67.6815346794011
1279552.08333333,4.26517361111111,-67.6261355981592
1279687.5,4.265625,-67.5735192390663
1279822.91666667,4.26607638888889,-67.5236518197348
1279958.33333333,4.26652777777778,-67.4765016878326
1280093.75,4.26697916666667,-67.4320392370561
1280229.16666667,4.26743055555556,-67.3902368299345
1280364.58333333,4.26788194444444,-67.3510687266326
1280500,4.26833333333333,-67.3145110197591
1280635.41666667,4.26878472222222,-67.2805415746757
1280770.83333333,4.26923611111111,-67.2491399747257
1280906.25,4.2696875,-67.2202874715107
1281041.66666667,4.27013888888889,-67.1939669396485
1281177.08333333,4.27059027777778,-67.1701628359313
1281312.5,4.27104166666667,-67.1488611625176
1281447.91666667,4.27149305555556,-67.1300494341929
1281583.33333333,4.27194444444444,-67.113716649221
1281718.75,4.27239583333333,-67.0998532640988
1281854.16666667,4.27284722222222,-67.0884511715547
1281989.58333333,4.27329861111111,-67.0795036819204
1282125,4.27375,-67.0730055082076
1282260.41666667,4.27420138888889,-67.0689527538362
1282395.83333333,4.27465277777778,-67.0673429041005
1282531.25,4.27510416666667,-67.0681748203223
1282666.66666667,4.27555555555556,-67.0714487373824
1282802.08333333,4.27600694444444,-67.0771662641361
1282937.5,4.27645833333333,-67.0853303872877
1283072.91666667,4.27690972222222,-67.0959454776826
1283208.33333333,4.27736111111111,-67.1090173006675
1283343.75,4.2778125,-67.1245530289121
1283479.16666667,4.27826388888889,-67.1425612586253
1283614.58333333,4.27871527777778,-67.1630520295966
1283750,4.27916666666667,-67.1860368478678
1283885.41666667,4.27961805555556,-67.2115287126363
1284020.83333333,4.28006944444444,-67.2395421464404
1284156.25,4.28052083333333,-67.2700932293641
1284291.66666667,4.28097222222222,-67.3031996371239
1284427.08333333,4.28142361111111,-67.3388806834576
1284562.5,4.281875,-67.3771573668458
1284697.91666667,4.28232638888889,-67.4180524219733
1284833.33333333,4.28277777777778,-67.4615903760529
1284968.75,4.28322916666667,-67.5077976103692
1285104.16666667,4.28368055555556,-67.5567024275859
1285239.58333333,4.28413194444444,-67.6083351249099
1285375,4.28458333333333,-67.662728073486
1285510.41666667,4.28503472222222,-67.7199158049404
1285645.83333333,4.28548611111111,-67.7799351050578
1285781.25,4.2859375,-67.8428251154535
1285916.66666667,4.28638888888889,-67.9086274438727
1286052.08333333,4.28684027777778,-67.9773862836846
1286187.5,4.28729166666667,-68.049148543416
1286322.91666667,4.28774305555556,-68.1239639874132
1286458.33333333,4.28819444444444,-68.201885387962
1286593.75,4.28864583333333,-68.2829686909679
1286729.16666667,4.28909722222222,-68.3672731951138
1286864.58333333,4.28954861111111,-68.4548617469733
1287000,4.29,-68.5458009529708
1287135.41666667,4.29045138888889,-68.6401614099428
1287270.83333333,4.29090277777778,-68.7380179563123
1287406.25,4.29135416666667,-68.8394499456726
1287541.66666667,4.29180555555556,-68.9445415458764
1287677.08333333,4.29225694444444,-69.0533820648705
1287812.5,4.29270833333333,-69.1660663081649
1287947.91666667,4.29315972222222,-69.282694969911
1288083.33333333,4.29361111111111,-69.4033750615037
1288218.75,4.2940625,-69.5282203835692
1288354.16666667,4.29451388888889,-69.6573520439891
1288489.58333333,4.29496527777778,-69.7908990300241
1288625,4.29541666666667,-69.9289988390826
1288760.41666667,4.29586805555556,-70.0717981773895
1288895.83333333,4.29631944444444,-70.219453733305
1289031.25,4.29677083333333,-70.3721330373677
1289166.66666667,4.29722222222222,-70.530015418303
1289302.08333333,4.29767361111111,-70.693293070554
1289437.5,4.298125,-70.8621722472189
1289572.91666667,4.29857638888889,-71.0368745972461
1289708.33333333,4.29902777777778,-71.217638668644
1289843.75,4.29947916666667,-71.4047216019873
1289979.16666667,4.29993055555556,-71.5984010446577
1290114.58333333,4.30038194444444,-71.7989773205709
1290250,4.30083333333333,-72.006775897662
1290385.41666667,4.30128472222222,-72.2221502032749
1290520.83333333,4.30173611111111,-72.4454848483183
1290656.25,4.3021875,-72.6771993323812
1290791.66666667,4.30263888888889,-72.9177523200376
1290927.08333333,4.30309027777778,-73.1676465960274
1291062.5,4.30354166666667,-73.4274348329263
1291197.91666667,4.30399305555556,-73.6977263374
1291333.33333333,4.30444444444444,-73.9791949799246
1291468.75,4.30489583333333,-74.2725885672789
1291604.16666667,4.30534722222222,-74.578739983144
1291739.58333333,4.30579861111111,-74.8985805148658
1291875,4.30625,-75.2331558997227
1292010.41666667,4.30670138888889,-75.5836457869219
1292145.83333333,4.30715277777778,-75.9513875256852
1292281.25,4.30760416666667,-76.3379054870155
1292416.66666667,4.30805555555556,-76.7449475402852
1292552.08333333,4.30850694444444,-77.1745308861403
1292687.5,4.30895833333333,-77.6290002839003
1292822.91666667,4.30940972222222,-78.1111029241539
1292958.33333333,4.30986111111111,-78.6240860066423
1293093.75,4.3103125,-79.1718258211683
1293229.16666667,4.31076388888889,-79.7590013832995
1293364.58333333,4.31121527777778,-80.3913324592257
1293500,4.31166666666667,-81.0759129405348
1293635.41666667,4.31211805555556,-81.8216894312112
1293770.83333333,4.31256944444444,-82.6401682499749
1293906.25,4.31302083333333,-83.5464956096375
1294041.66666667,4.31347222222222,-84.5611755373737
1294177.08333333,4.31392361111111,-85.7129386096617
1294312.5,4.314375,-87.0438318098945
1294447.91666667,4.31482638888889,-88.6189778922294
1294583.33333333,4.31527777777778,-90.5473256039664
1294718.75,4.31572916666667,-93.0326905739971
1294854.16666667,4.31618055555556,-96.5310156475381
1294989.58333333,4.31663194444444,-102.485556662632
1295125,4.31708333333333,-138.985794686589
1295260.41666667,4.31753472222222,-102.750209360404
1295395.83333333,4.31798611111111,-96.6644886929274
1295531.25,4.3184375,-93.1229542214224
1295666.66666667,4.31888888888889,-90.6163697663906
1295802.08333333,4.31934027777778,-88.6755982662325
1295937.5,4.31979166666667,-87.0924261803968
1296072.91666667,4.32024305555556,-85.756019971442
1296208.33333333,4.32069444444444,-84.6003144964769
1296343.75,4.32114583333333,-83.5827392238183
1296479.16666667,4.32159722222222,-82.6742494476188
1296614.58333333,4.32204861111111,-81.8541412406053
1296750,4.3225,-81.1071351210741
1296885.41666667,4.32295138888889,-80.4216325070875
1297020.83333333,4.32340277777778,-79.7886208911876
1297156.25,4.32385416666667,-79.2009580518329
1297291.66666667,4.32430555555556,-78.6528879746212
1297427.08333333,4.32475694444444,-78.1397039238553
1297562.5,4.32520833333333,-77.6575080487407
1297697.91666667,4.32565972222222,-77.2030361275403
1297833.33333333,4.32611111111111,-76.7735273508164
1297968.75,4.3265625,-76.3666259340221
1298104.16666667,4.32701388888889,-75.9803056553946
1298239.58333333,4.32746527777778,-75.6128111922385
1298375,4.32791666666667,-75.2626119622911
1298510.41666667,4.32836805555556,-74.9283653980127
1298645.83333333,4.32881944444444,-74.6088874341757
1298781.25,4.32927083333333,-74.3031285710534
1298916.66666667,4.32972222222222,-74.0101542959783
1299052.08333333,4.33017361111111,-73.7291289440106
1299187.5,4.330625,-73.4593022976588
1299322.91666667,4.33107638888889,-73.1999983860638
1299458.33333333,4.33152777777778,-72.9506060642329
1299593.75,4.33197916666667,-72.7105710435621
1299729.16666667,4.33243055555556,-72.4793891129077
1299864.58333333,4.33288194444444,-72.2566003437384
1300000,4.33333333333333,-72.0417841123864
1300135.41666667,4.33378472222222,-71.8345548050115
1300270.83333333,4.33423611111111,-71.6345580962015
1300406.25,4.3346875,-71.4414677116373
1300541.66666667,4.33513888888889,-71.2549826011703
1300677.08333333,4.33559027777778,-71.074824461458
1300812.5,4.33604166666667,-70.9007355579697
1300947.91666667,4.33649305555556,-70.732476803414
1301083.33333333,4.33694444444444,-70.5698260581427
1301218.75,4.33739583333333,-70.4125766213237
1301354.16666667,4.33784722222222,-70.2605358893287
1301489.58333333,4.33829861111111,-70.1135241583272
1301625,4.33875,-69.9713735536344
1301760.41666667,4.33920138888889,-69.8339270700573
1301895.83333333,4.33965277777778,-69.7010377095154
1302031.25,4.34010416666667,-69.572567705039
1302166.66666667,4.34055555555556,-69.4483878198648
1302302.08333333,4.34100694444444,-69.328376714989
1302437.5,4.34145833333333,-69.2124203752882
1302572.91666667,4.34190972222222,-69.1004115895152
1302708.33333333,4.34236111111111,-68.9922494778348
1302843.75,4.3428125,-68.8878390611365
1302979.16666667,4.34326388888889,-68.7870908692082
1303114.58333333,4.34371527777778,-68.6899205825513
1303250,4.34416666666667,-68.5962487052322
1303385.41666667,4.34461805555556,-68.5060002651233
1303520.83333333,4.34506944444444,-68.4191045398406
1303656.25,4.34552083333333,-68.3354948044838
1303791.66666667,4.34597222222222,-68.2551081009131
1303927.08333333,4.34642361111111,-68.177885024884
1304062.5,4.346875,-68.1037695306889
1304197.91666667,4.34732638888889,-68.0327087514169
1304333.33333333,4.34777777777778,-67.9646528329312
1304468.75,4.34822916666667,-67.8995547812965
1304604.16666667,4.34868055555556,-67.8373703218489
1304739.58333333,4.34913194444444,-67.7780577693173
1304875,4.34958333333333,-67.7215779080179
1305010.41666667,4.35003472222222,-67.6678938813536
1305145.83333333,4.35048611111111,-67.6169710897037
1305281.25,4.3509375,-67.5687770967527
1305416.66666667,4.35138888888889,-67.5232815426029
1305552.08333333,4.35184027777778,-67.4804560641012
1305687.5,4.35229166666667,-67.4402742216857
1305822.91666667,4.35274305555556,-67.4027114317146
1305958.33333333,4.35319444444444,-67.3677449049136
1306093.75,4.35364583333333,-67.3353535896941
1306229.16666667,4.35409722222222,-67.305518120794
1306364.58333333,4.35454861111111,-67.2782207721863
1306500,4.355,-67.2534454147499
1306635.41666667,4.35545138888889,-67.2311774779342
1306770.83333333,4.35590277777778,-67.2114039154599
1306906.25,4.35635416666667,-67.1941131749944
1307041.66666667,4.35680555555556,-67.1792951712619
1307177.08333333,4.35725694444444,-67.1669412630602
1307312.5,4.35770833333333,-67.1570442332405
1307447.91666667,4.35815972222222,-67.1495982724765
1307583.33333333,4.35861111111111,-67.1445989660295
1307718.75,4.3590625,-67.1420432836812
1307854.16666667,4.35951388888889,-67.1419295731153
1307989.58333333,4.35996527777778,-67.1442575559308
1308125,4.36041666666667,-67.1490283272442
1308260.41666667,4.36086805555556,-67.1562443579839
1308395.83333333,4.36131944444444,-67.165909500604
1308531.25,4.36177083333333,-67.1780289977247
1308666.66666667,4.36222222222222,-67.1926094938787
1308802.08333333,4.36267361111111,-67.2096590508182
1308937.5,4.363125,-67.2291871657736
1309072.91666667,4.36357638888889,-67.2512047933584
1309208.33333333,4.36402777777778,-67.2757243706789
1309343.75,4.36447916666667,-67.3027598465605
1309479.16666667,4.36493055555556,-67.332326713888
1309614.58333333,4.36538194444444,-67.3644420464179
1309750,4.36583333333333,-67.3991245395753
1309885.41666667,4.36628472222222,-67.4363945553369
1310020.83333333,4.36673611111111,-67.4762741720018
1310156.25,4.3671875,-67.5187872386791
1310291.66666667,4.36763888888889,-67.5639594348256
1310427.08333333,4.36809027777778,-67.6118183353405
1310562.5,4.36854166666667,-67.6623934814349
1310697.91666667,4.36899305555556,-67.7157164576913
1310833.33333333,4.36944444444444,-67.7718209759413
1310968.75,4.36989583333333,-67.8307429659905
1311104.16666667,4.37034722222222,-67.8925206744057
1311239.58333333,4.37079861111111,-67.9571947715938
1311375,4.37125,-68.0248084674106
1311510.41666667,4.37170138888889,-68.0954076373392
1311645.83333333,4.37215277777778,-68.1690409582974
1311781.25,4.37260416666667,-68.24576005683
1311916.66666667,4.37305555555556,-68.3256196692434
1312052.08333333,4.37350694444444,-68.4086778157476
1312187.5,4.37395833333333,-68.4949959892811
1312322.91666667,4.37440972222222,-68.5846393612624
1312458.33333333,4.37486111111111,-68.6776770045904
1312593.75,4.3753125,-68.77418213704
1312729.16666667,4.37576388888889,-68.8742323863802
1312864.58333333,4.37621527777778,-68.9779100789852
1313000,4.37666666666667,-69.0853025561241
1313135.41666667,4.37711805555556,-69.1965025186241
1313270.83333333,4.37756944444444,-69.3116084050456
1313406.25,4.37802083333333,-69.4307248059142
1313541.66666667,4.37847222222222,-69.5539629186569
1313677.08333333,4.37892361111111,-69.681441047862
1313812.5,4.379375,-69.8132851563188
1313947.91666667,4.37982638888889,-69.9496294731311
1314083.33333333,4.38027777777778,-70.0906171657879
1314218.75,4.38072916666667,-70.2364010846288
1314354.16666667,4.38118055555556,-70.3871445888566
1314489.58333333,4.38163194444444,-70.5430224653836
1314625,4.38208333333333,-70.70422195266
1314760.41666667,4.38253472222222,-70.8709438845124
1314895.83333333,4.38298611111111,-71.0434039711992
1315031.25,4.3834375,-71.2218342375031
1315166.66666667,4.38388888888889,-71.4064846418023
1315302.08333333,4.38434027777778,-71.5976249035278
1315437.5,4.38479166666667,-71.7955465727738
1315572.91666667,4.38524305555556,-72.0005653806005
1315708.33333333,4.38569444444444,-72.2130239177317
1315843.75,4.38614583333333,-72.43329469708
1315979.16666667,4.38659722222222,-72.6617836696577
1316114.58333333,4.38704861111111,-72.8989342749335
1316250,4.3875,-73.1452321271538
1316385.41666667,4.38795138888889,-73.4012104611677
1316520.83333333,4.38840277777778,-73.6674564897124
1316656.25,4.38885416666667,-73.9446188628609
1316791.66666667,4.38930555555556,-74.2334164643313
1316927.08333333,4.38975694444444,-74.5346488470404
1317062.5,4.39020833333333,-74.8492086837834
1317197.91666667,4.39065972222222,-75.1780967222648
1317333.33333333,4.39111111111111,-75.5224398732879
1317468.75,4.3915625,-75.8835132524836
1317604.16666667,4.39201388888889,-76.2627672635067
1317739.58333333,4.39246527777778,-76.6618611692832
1317875,4.39291666666667,-77.0827051131279
1318010.41666667,4.39336805555556,-77.5275132757545
1318145.83333333,4.39381944444444,-77.9988719114265
1318281.25,4.39427083333333,-78.4998275533961
1318416.66666667,4.39472222222222,-79.0340030262105
1318552.08333333,4.39517361111111,-79.6057524869303
1318687.5,4.395625,-80.2203724029116
1318822.91666667,4.39607638888889,-80.8843945763323
1318958.33333333,4.39652777777778,-81.606002754573
1319093.75,4.39697916666667,-82.3956411907572
1319229.16666667,4.39743055555556,-83.2669321460122
1319364.58333333,4.39788194444444,-84.2381120310146
1319500,4.39833333333333,-85.3343833619925
1319635.41666667,4.39878472222222,-86.5919871865415
1319770.83333333,4.39923611111111,-88.0657692463283
1319906.25,4.3996875,-89.8445965829689
1320041.66666667,4.40013888888889,-92.0870259077148
1320177.08333333,4.40059027777778,-95.1209544994978
1320312.5,4.40104166666667,-99.827151071912
1320447.91666667,4.40149305555556,-110.864007775634
1320583.33333333,4.40194444444444,-106.983229989172
1320718.75,4.40239583333333,-98.553589873797
1320854.16666667,4.40284722222222,-94.3591479803917
1320989.58333333,4.40329861111111,-91.5446066231463
1321125,4.40375,-89.4243836261739
1321260.41666667,4.40420138888889,-87.7236318356797
1321395.83333333,4.40465277777778,-86.3041732989446
1321531.25,4.40510416666667,-85.0866453734682
1321666.66666667,4.40555555555556,-84.021232353455
1321802.08333333,4.40600694444444,-83.0746047052086
1321937.5,4.40645833333333,-82.2233620288607
1322072.91666667,4.40690972222222,-81.4504430957594
1322208.33333333,4.40736111111111,-80.7430247164334
1322343.75,4.4078125,-80.0912249229222
1322479.16666667,4.40826388888889,-79.4872671273798
1322614.58333333,4.40871527777778,-78.9249216100547
1322750,4.40916666666667,-78.3991207521404
1322885.41666667,4.40961805555556,-77.9056869380182
1323020.83333333,4.41006944444444,-77.4411357163863
1323156.25,4.41052083333333,-77.0025305447992
1323291.66666667,4.41097222222222,-76.5873737026872
1323427.08333333,4.41142361111111,-76.1935230741985
1323562.5,4.411875,-75.8191277734308
1323697.91666667,4.41232638888889,-75.4625777118696
1323833.33333333,4.41277777777778,-75.1224636358682
1323968.75,4.41322916666667,-74.7975451277427
1324104.16666667,4.41368055555556,-74.486724741725
1324239.58333333,4.41413194444444,-74.189026912481
1324375,4.41458333333333,-73.90358061857
1324510.41666667,4.41503472222222,-73.6296050268678
1324645.83333333,4.41548611111111,-73.3663975210208
1324781.25,4.4159375,-73.1133236567844
1324916.66666667,4.41638888888889,-72.8698086818831
1325052.08333333,4.41684027777778,-72.6353303377433
1325187.5,4.41729166666667,-72.4094127170366
1325322.91666667,4.41774305555556,-72.191620997077
1325458.33333333,4.41819444444444,-71.9815569024529
1325593.75,4.41864583333333,-71.7788547806393
1325729.16666667,4.41909722222222,-71.5831781920573
1325864.58333333,4.41954861111111,-71.394216936884
1326000,4.42,-71.2116844538366
1326135.41666667,4.42045138888889,-71.0353155343262
1326270.83333333,4.42090277777778,-70.8648643101158
1326406.25,4.42135416666667,-70.7001024736244
1326541.66666667,4.42180555555556,-70.5408177012044
1326677.08333333,4.42225694444444,-70.3868122512498
1326812.5,4.42270833333333,-70.2379017152448
1326947.91666667,4.42315972222222,-70.0939139012055
1327083.33333333,4.42361111111111,-69.9546878345393
1327218.75,4.4240625,-69.8200728603391
1327354.16666667,4.42451388888889,-69.6899278362233
1327489.58333333,4.42496527777778,-69.5641204048459
1327625,4.42541666666667,-69.4425263359184
1327760.41666667,4.42586805555556,-69.3250289318423
1327895.83333333,4.42631944444444,-69.2115184879658
1328031.25,4.42677083333333,-69.1018918028807
1328166.66666667,4.42722222222222,-68.9960517327156
1328302.08333333,4.42767361111111,-68.8939067852145
1328437.5,4.428125,-68.7953707494078
1328572.91666667,4.42857638888889,-68.7003623569693
1328708.33333333,4.42902777777778,-68.6088049727635
1328843.75,4.42947916666667,-68.5206263113259
1328979.16666667,4.42993055555556,-68.4357581767877
1329114.58333333,4.43038194444444,-68.3541362240899
1329250,4.43083333333333,-68.2756997398932
1329385.41666667,4.43128472222222,-68.2003914407822
1329520.83333333,4.43173611111111,-68.1281572877082
1329656.25,4.4321875,-68.0589463150608
1329791.66666667,4.43263888888889,-67.9927104730859
1329927.08333333,4.43309027777778,-67.9294044829148
1330062.5,4.43354166666667,-67.8689857023376
1330197.91666667,4.43399305555556,-67.8114140027148
1330333.33333333,4.43444444444444,-67.7566516546876
1330468.75,4.43489583333333,-67.7046632233158
1330604.16666667,4.43534722222222,-67.6554154710741
1330739.58333333,4.43579861111111,-67.6088772685575
1330875,4.43625,-67.5650195122696
1331010.41666667,4.43670138888889,-67.5238150488558
1331145.83333333,4.43715277777778,-67.4852386056841
1331281.25,4.43760416666667,-67.4492667267141
1331416.66666667,4.43805555555556,-67.4158777145259
1331552.08333333,4.43850694444444,-67.3850515764413
1331687.5,4.43895833333333,-67.3567699761522
1331822.91666667,4.43940972222222,-67.3310161896688
1331958.33333333,4.43986111111111,-67.3077750652467
1332093.75,4.4403125,-67.2870329879967
1332229.16666667,4.44076388888889,-67.2687778477155
1332364.58333333,4.44121527777778,-67.252999010979
1332500,4.44166666666667,-67.2396872964993
1332635.41666667,4.44211805555556,-67.22883495426
1332770.83333333,4.44256944444444,-67.2204356474709
1332906.25,4.44302083333333,-67.2144844387317
1333041.66666667,4.44347222222222,-67.2109777782951
1333177.08333333,4.44392361111111,-67.2099134964803
1333312.5,4.444375,-67.2112907986417
1333447.91666667,4.44482638888889,-67.2151102632608
1333583.33333333,4.44527777777778,-67.2213738434338
1333718.75,4.44572916666667,-67.2300848711465
1333854.16666667,4.44618055555556,-67.2412480648503
1333989.58333333,4.44663194444444,-67.2548695401248
1334125,4.44708333333333,-67.2709568235241
1334260.41666667,4.44753472222222,-67.2895188697883
1334395.83333333,4.44798611111111,-67.3105660823206
1334531.25,4.4484375,-67.3341103370371
1334666.66666667,4.44888888888889,-67.3601650100968
1334802.08333333,4.44934027777778,-67.388745009129
1334937.5,4.44979166666667,-67.4198668080523
1335072.91666667,4.45024305555556,-67.4535484867087
1335208.33333333,4.45069444444444,-67.4898097739233
1335343.75,4.45114583333333,-67.5286720955733
1335479.16666667,4.45159722222222,-67.5701586271252
1335614.58333333,4.45204861111111,-67.6142943513104
1335750,4.4525,-67.6611061210027
1335885.41666667,4.45295138888889,-67.7106227280373
1336020.83333333,4.45340277777778,-67.7628749776752
1336156.25,4.45385416666667,-67.8178957699881
1336291.66666667,4.45430555555556,-67.8757201880105
1336427.08333333,4.45475694444444,-67.9363855932268
1336562.5,4.45520833333333,-67.9999317295598
1336697.91666667,4.45565972222222,-68.0664008356735
1336833.33333333,4.45611111111111,-68.1358377670226
1336968.75,4.4565625,-68.2082901280445
1337104.16666667,4.45701388888889,-68.2838084154091
1337239.58333333,4.45746527777778,-68.3624461737038
1337375,4.45791666666667,-68.444260164003
1337510.41666667,4.45836805555556,-68.5293105470214
1337645.83333333,4.45881944444444,-68.6176610823809
1337781.25,4.45927083333333,-68.7093793447295
1337916.66666667,4.45972222222222,-68.8045369595633
1338052.08333333,4.46017361111111,-68.9032098594703
1338187.5,4.460625,-69.0054785640273
1338322.91666667,4.46107638888889,-69.1114284849727
1338458.33333333,4.46152777777778,-69.2211502601254
1338593.75,4.46197916666667,-69.3347401181011
1338729.16666667,4.46243055555556,-69.4523002789918
1338864.58333333,4.46288194444444,-69.5739393931028
1339000,4.46333333333333,-69.6997730234281
1339135.41666667,4.46378472222222,-69.8299241773921
1339270.83333333,4.46423611111111,-69.964523891963
1339406.25,4.4646875,-70.1037118811979
1339541.66666667,4.46513888888889,-70.2476372521851
1339677.08333333,4.46559027777778,-70.3964592991627
1339812.5,4.46604166666667,-70.5503483858993
1339947.91666667,4.46649305555556,-70.7094869284979
1340083.33333333,4.46694444444444,-70.8740704918219
1340218.75,4.46739583333333,-71.044309017091
1340354.16666667,4.46784722222222,-71.2204281977936
1340489.58333333,4.46829861111111,-71.4026710272979
1340625,4.46875,-71.5912995449271
1340760.41666667,4.46920138888889,-71.7865968090366
1340895.83333333,4.46965277777778,-71.9888691372923
1341031.25,4.47010416666667,-72.198448654822
1341166.66666667,4.47055555555556,-72.4156962051461
1341302.08333333,4.47100694444444,-72.6410046859736
1341437.5,4.47145833333333,-72.8748028874995
1341572.91666667,4.47190972222222,-73.1175599253675
1341708.33333333,4.47236111111111,-73.3697903845349
1341843.75,4.4728125,-73.6320603122443
1341979.16666667,4.47326388888889,-73.904994236989
1342114.58333333,4.47371527777778,-74.1892834299732
1342250,4.47416666666667,-74.4856956816231
1342385.41666667,4.47461805555556,-74.795086942598
1342520.83333333,4.47506944444444,-75.1184152689917
1342656.25,4.47552083333333,-75.4567576440688
1342791.66666667,4.47597222222222,-75.811330417906
1342927.08333333,4.47642361111111,-76.1835143417588
1343062.5,4.476875,-76.5748854940646
1343197.91666667,4.47732638888889,-76.9872538443877
1343333.33333333,4.47777777777778,-77.4227118378932
1343468.75,4.47822916666667,-77.8836962962712
1343604.16666667,4.47868055555556,-78.3730682695181
1343739.58333333,4.47913194444444,-78.8942174722106
1343875,4.47958333333333,-79.4512009878688
1344010.41666667,4.48003472222222,-80.0489306848435
1344145.83333333,4.48048611111111,-80.693431435533
1344281.25,4.4809375,-81.3922048786283
1344416.66666667,4.48138888888889,-82.1547551359722
1344552.08333333,4.48184027777778,-82.9933715462328
1344687.5,4.48229166666667,-83.9243356926402
1344822.91666667,4.48274305555556,-84.9698626677693
1344958.33333333,4.48319444444444,-86.1613877166196
1345093.75,4.48364583333333,-87.5454999391696
1345229.16666667,4.48409722222222,-89.1955816730527
1345364.58333333,4.48454861111111,-91.2373418859593
1345500,4.485,-93.9145906119668
1345635.41666667,4.48545138888889,-97.8082025504998
1345770.83333333,4.48590277777778,-105.055146265986
1345906.25,4.48635416666667,-115.413010102349
1346041.66666667,4.48680555555556,-100.936220520347
1346177.08333333,4.48725694444444,-95.7788682995743
1346312.5,4.48770833333333,-92.5668630531639
1346447.91666667,4.48815972222222,-90.2292651252353
1346583.33333333,4.48861111111111,-88.3913283877455
1346718.75,4.4890625,-86.877351284187
1346854.16666667,4.48951388888889,-85.5907043188921
1346989.58333333,4.48996527777778,-84.4725158436646
1347125,4.49041666666667,-83.4842486125836
1347260.41666667,4.49086805555556,-82.5992947508952
1347395.83333333,4.49131944444444,-81.7985095028225
1347531.25,4.49177083333333,-81.0676574019282
1347666.66666667,4.49222222222222,-80.3958652631731
1347802.08333333,4.49267361111111,-79.7746402938599
1347937.5,4.493125,-79.1972223825449
1348072.91666667,4.49357638888889,-78.6581427385187
1348208.33333333,4.49402777777778,-78.1529146962472
1348343.75,4.49447916666667,-77.677811866142
1348479.16666667,4.49493055555556,-77.229705597967
1348614.58333333,4.49538194444444,-76.8059436898229
1348750,4.49583333333333,-76.4042583878374
1348885.41666667,4.49628472222222,-76.0226955775028
1349020.83333333,4.49673611111111,-75.6595595666012
1349156.25,4.4971875,-75.3133695135505
1349291.66666667,4.49763888888889,-74.9828246716134
1349427.08333333,4.49809027777778,-74.6667763929988
1349562.5,4.49854166666667,-74.3642053740137
1349697.91666667,4.49899305555556,-74.0742030045047
1349833.33333333,4.49944444444444,-73.7959559668954
1349968.75,4.49989583333333,-73.5287334259739
1350104.16666667,4.50034722222222,-73.2718763049824
1350239.58333333,4.50079861111111,-73.024788252327
1350375,4.50125,-72.7869279893599
1350510.41666667,4.50170138888889,-72.5578027930082
1350645.83333333,4.50215277777778,-72.3369629179871
1350781.25,4.50260416666667,-72.1239967994334
1350916.66666667,4.50305555555556,-71.9185269096705
1351052.08333333,4.50350694444444,-71.7202061647268
1351187.5,4.50395833333333,-71.5287147946366
1351322.91666667,4.50440972222222,-71.3437576088768
1351458.33333333,4.50486111111111,-71.1650615973389
1351593.75,4.5053125,-70.992373819707
1351729.16666667,4.50576388888889,-70.8254595420865
1351864.58333333,4.50621527777778,-70.6641005869744
1352000,4.50666666666667,-70.5080938685359
1352135.41666667,4.50711805555556,-70.3572500884186
1352270.83333333,4.50756944444444,-70.2113925712047
1352406.25,4.50802083333333,-70.0703562229561
1352541.66666667,4.50847222222222,-69.9339865966816
1352677.08333333,4.50892361111111,-69.8021390524207
1352812.5,4.509375,-69.6746780006765
1352947.91666667,4.50982638888889,-69.5514762195613
1353083.33333333,4.51027777777778,-69.4324142369164
1353218.75,4.51072916666667,-69.3173797712145
1353354.16666667,4.51118055555556,-69.2062672230594
1353489.58333333,4.51163194444444,-69.0989772138513
1353625,4.51208333333333,-68.9954161654407
1353760.41666667,4.51253472222222,-68.8954959162696
1353895.83333333,4.51298611111111,-68.7991333719076
1354031.25,4.5134375,-68.7062501844876
1354166.66666667,4.51388888888889,-68.6167724597575
1354302.08333333,4.51434027777778,-68.5306304885352
1354437.5,4.51479166666667,-68.4477585001304
1354572.91666667,4.51524305555556,-68.3680944359419
1354708.33333333,4.51569444444444,-68.2915797415278
1354843.75,4.51614583333333,-68.2181591747417
1354979.16666667,4.51659722222222,-68.1477806297951
1355114.58333333,4.51704861111111,-68.0803949748113
1355250,4.5175,-68.0159559017652
1355385.41666667,4.51795138888889,-67.9544197889849
1355520.83333333,4.51840277777778,-67.8957455732699
1355656.25,4.51885416666667,-67.8398946328659
1355791.66666667,4.51930555555556,-67.7868306788795
1355927.08333333,4.51975694444444,-67.7365196555185
1356062.5,4.52020833333333,-67.6889296478545
1356197.91666667,4.52065972222222,-67.6440307971887
1356333.33333333,4.52111111111111,-67.6017952225718
1356468.75,4.5215625,-67.5621969493901
1356604.16666667,4.52201388888889,-67.5252118431275
1356739.58333333,4.52246527777778,-67.4908175489012
1356875,4.52291666666667,-67.4589934365044
1357010.41666667,4.52336805555556,-67.4297205497268
1357145.83333333,4.52381944444444,-67.4029815606662
1357281.25,4.52427083333333,-67.3787607283327
1357416.66666667,4.52472222222222,-67.3570438614164
1357552.08333333,4.52517361111111,-67.3378182849066
1357687.5,4.525625,-67.3210728106231
1357822.91666667,4.52607638888889,-67.306797711404
1357958.33333333,4.52652777777778,-67.2949846987524
1358093.75,4.52697916666667,-67.2856269038283
1358229.16666667,4.52743055555556,-67.2787188618655
1358364.58333333,4.52788194444444,-67.274256499911
1358500,4.52833333333333,-67.2722371274169
1358635.41666667,4.52878472222222,-67.2726594303024
1358770.83333333,4.52923611111111,-67.2755234679961
1358906.25,4.5296875,-67.2808306735007
1359041.66666667,4.53013888888889,-67.2885838567807
1359177.08333333,4.53059027777778,-67.298787210842
1359312.5,4.53104166666667,-67.3114463214915
1359447.91666667,4.53149305555556,-67.3265681797185
1359583.33333333,4.53194444444444,-67.3441611978002
1359718.75,4.53239583333333,-67.3642352284382
1359854.16666667,4.53284722222222,-67.3868015873823
1359989.58333333,4.53329861111111,-67.4118730797117
1360125,4.53375,-67.4394640295035
1360260.41666667,4.53420138888889,-67.4695903135829
1360395.83333333,4.53465277777778,-67.5022693990676
1360531.25,4.53510416666667,-67.5375203852939
1360666.66666667,4.53555555555556,-67.5753640496844
1360802.08333333,4.53600694444444,-67.6158228988411
1360937.5,4.53645833333333,-67.6589212241898
1361072.91666667,4.53690972222222,-67.7046851626861
1361208.33333333,4.53736111111111,-67.7531427635687
1361343.75,4.5378125,-67.8043240604331
1361479.16666667,4.53826388888889,-67.8582611500794
1361614.58333333,4.53871527777778,-67.9149882778707
1361750,4.53916666666667,-67.9745419306172
1361885.41666667,4.53961805555556,-68.0369609370346
1362020.83333333,4.54006944444444,-68.102286577103
1362156.25,4.54052083333333,-68.1705626999264
1362291.66666667,4.54097222222222,-68.2418358524192
1362427.08333333,4.54142361111111,-68.3161554179721
1362562.5,4.541875,-68.3935737672732
1362697.91666667,4.54232638888889,-68.4741464220746
1362833.33333333,4.54277777777778,-68.5579322325637
1362968.75,4.54322916666667,-68.644993570278
1363104.16666667,4.54368055555556,-68.7353965377837
1363239.58333333,4.54413194444444,-68.8292111966718
1363375,4.54458333333333,-68.9265118158926
1363510.41666667,4.54503472222222,-69.0273771424552
1363645.83333333,4.54548611111111,-69.1318906965919
1363781.25,4.5459375,-69.240141094651
1363916.66666667,4.54638888888889,-69.3522224015882
1364052.08333333,4.54684027777778,-69.4682345174969
1364187.5,4.54729166666667,-69.5882836016922
1364322.91666667,4.54774305555556,-69.712482537812
1364458.33333333,4.54819444444444,-69.8409514462731
1364593.75,4.54864583333333,-69.9738182484333
1364729.16666667,4.54909722222222,-70.1112192896723
1364864.58333333,4.54954861111111,-70.2533000283476
1365000,4.55,-70.400215799267
1365135.41666667,4.55045138888889,-70.5521326611271
1365270.83333333,4.55090277777778,-70.7092283399389
1365406.25,4.55135416666667,-70.8716932804848
1365541.66666667,4.55180555555556,-71.0397318220627
1365677.08333333,4.55225694444444,-71.2135635159419
1365812.5,4.55270833333333,-71.3934246050483
1365947.91666667,4.55315972222222,-71.5795696912719
1366083.33333333,4.55361111111111,-71.7722736187289
1366218.75,4.5540625,-71.9718336078716
1366354.16666667,4.55451388888889,-72.1785716813681
1366489.58333333,4.55496527777778,-72.3928374305752
1366625,4.55541666666667,-72.6150111821948
1366760.41666667,4.55586805555556,-72.8455076361859
1366895.83333333,4.55631944444444,-73.0847800609538
1367031.25,4.55677083333333,-73.3333251529592
1367166.66666667,4.55722222222222,-73.5916886892275
1367302.08333333,4.55767361111111,-73.8604721345552
1367437.5,4.558125,-74.1403404028348
1367572.91666667,4.55857638888889,-74.4320310236044
1367708.33333333,4.55902777777778,-74.7363650295016
1367843.75,4.55947916666667,-75.054259969423
1367979.16666667,4.55993055555556,-75.3867455623341
1368114.58333333,4.56038194444444,-75.7349826656528
1368250,4.56083333333333,-76.1002864355461
1368385.41666667,4.56128472222222,-76.4841548408802
1368520.83333333,4.56173611111111,-76.888304092934
1368656.25,4.5621875,-77.3147131002449
1368791.66666667,4.56263888888889,-77.7656798613133
1368927.08333333,4.56309027777778,-78.2438938584753
1369062.5,4.56354166666667,-78.7525302314712
1369197.91666667,4.56399305555556,-79.2953740995377
1369333.33333333,4.56444444444444,-79.8769874118522
1369468.75,4.56489583333333,-80.5029370715725
1369604.16666667,4.56534722222222,-81.1801134959138
1369739.58333333,4.56579861111111,-81.9171863634899
1369875,4.56625,-82.7252751820298
1370010.41666667,4.56670138888889,-83.6189689594751
1370145.83333333,4.56715277777778,-84.6179386766718
1370281.25,4.56760416666667,-85.7496112166635
1370416.66666667,4.56805555555556,-87.0538721511475
1370552.08333333,4.56850694444444,-88.5919808115227
1370687.5,4.56895833333333,-90.4652343430543
1370822.91666667,4.56940972222222,-92.8598569142902
1370958.33333333,4.56986111111111,-96.1803485157846
1371093.75,4.5703125,-101.627565267363
1371229.16666667,4.57076388888889,-119.514483646535
1371364.58333333,4.57121527777778,-104.185710861927
1371500,4.57166666666667,-97.4530718524044
1371635.41666667,4.57211805555556,-93.7081026047307
1371770.83333333,4.57256944444444,-91.10183324817
1371906.25,4.57302083333333,-89.1018313982434
1372041.66666667,4.57347222222222,-87.4793756574871
1372177.08333333,4.57392361111111,-86.1149827833543
1372312.5,4.574375,-84.9383075462928
1372447.91666667,4.57482638888889,-83.9044190244778
1372583.33333333,4.57527777777778,-82.9828640418818
1372718.75,4.57572916666667,-82.152046191107
1372854.16666667,4.57618055555556,-81.3960930322795
1372989.58333333,4.57663194444444,-80.7029966177512
1373125,4.57708333333333,-80.0634527167496
1373260.41666667,4.57753472222222,-79.470105596843
1373395.83333333,4.57798611111111,-78.9170393795514
1373531.25,4.5784375,-78.3994252576555
1373666.66666667,4.57888888888889,-77.913270555566
1373802.08333333,4.57934027777778,-77.4552362723265
1373937.5,4.57979166666667,-77.022501833508
1374072.91666667,4.58024305555556,-76.6126631148387
1374208.33333333,4.58069444444444,-76.2236543733859
1374343.75,4.58114583333333,-75.8536876609036
1374479.16666667,4.58159722222222,-75.5012052225921
1374614.58333333,4.58204861111111,-75.1648416780027
1374750,4.5825,-74.8433936671362
1374885.41666667,4.58295138888889,-74.535795260288
1375020.83333333,4.58340277777778,-74.2410978665507
1375156.25,4.58385416666667,-73.9584536875283
1375291.66666667,4.58430555555556,-73.6871019926306
1375427.08333333,4.58475694444444,-73.4263576554793
1375562.5,4.58520833333333,-73.1756015207527
1375697.91666667,4.58565972222222,-72.9342722608373
1375833.33333333,4.58611111111111,-72.7018594533105
1375968.75,4.5865625,-72.4778976679828
1376104.16666667,4.58701388888889,-72.261961389882
1376239.58333333,4.58746527777778,-72.0536606419167
1376375,4.58791666666667,-71.8526371934536
1376510.41666667,4.58836805555556,-71.6585612643222
1376645.83333333,4.58881944444444,-71.4711286474222
1376781.25,4.58927083333333,-71.2900581892719
1376916.66666667,4.58972222222222,-71.1150895748016
1377052.08333333,4.59017361111111,-70.9459813746449
1377187.5,4.590625,-70.7825093182622
1377322.91666667,4.59107638888889,-70.6244647615621
1377458.33333333,4.59152777777778,-70.4716533247154
1377593.75,4.59197916666667,-70.3238936768892
1377729.16666667,4.59243055555556,-70.1810164500464
1377864.58333333,4.59288194444444,-70.0428632654632
1378000,4.59333333333333,-69.9092858594673
1378135.41666667,4.59378472222222,-69.7801452963619
1378270.83333333,4.59423611111111,-69.6553112588344
1378406.25,4.5946875,-69.5346614061376
1378541.66666667,4.59513888888889,-69.4180807936712
1378677.08333333,4.59559027777778,-69.3054613460194
1378812.5,4.59604166666667,-69.1967013782152
1378947.91666667,4.59649305555556,-69.091705160471
1379083.33333333,4.59694444444444,-68.9903825210372
1379218.75,4.59739583333333,-68.8926484839782
1379354.16666667,4.59784722222222,-68.7984229380975
1379489.58333333,4.59829861111111,-68.7076303337132
1379625,4.59875,-68.6201994053806
1379760.41666667,4.59920138888889,-68.5360629170792
1379895.83333333,4.59965277777778,-68.4551574284069
1380031.25,4.60010416666667,-68.3774230798389
1380166.66666667,4.60055555555556,-68.3028033950674
1380302.08333333,4.60100694444444,-68.2312450991339
1380437.5,4.60145833333333,-68.1626979508381
1380572.91666667,4.60190972222222,-68.0971145884093
1380708.33333333,4.60236111111111,-68.0344503870882
1380843.75,4.6028125,-67.9746633279552
1380979.16666667,4.60326388888889,-67.9177138766586
1381114.58333333,4.60371527777778,-67.8635648719272
1381250,4.60416666666667,-67.8121814223572
1381385.41666667,4.60461805555556,-67.7635308114617
1381520.83333333,4.60506944444444,-67.7175824102489
1381656.25,4.60552083333333,-67.6743075963936
1381791.66666667,4.60597222222222,-67.6336796802802
1381927.08333333,4.60642361111111,-67.5956738367447
1382062.5,4.606875,-67.5602670426528
1382197.91666667,4.60732638888889,-67.5274380196524
1382333.33333333,4.60777777777778,-67.4971671820721
1382468.75,4.60822916666667,-67.4694365891877
1382604.16666667,4.60868055555556,-67.4442299025247
1382739.58333333,4.60913194444444,-67.4215323467746
1382875,4.60958333333333,-67.4013306750671
1383010.41666667,4.61003472222222,-67.3836131382412
1383145.83333333,4.61048611111111,-67.3683694572883
1383281.25,4.6109375,-67.3555908000073
1383416.66666667,4.61138888888889,-67.3452697605476
1383552.08333333,4.61184027777778,-67.3374003427047
1383687.5,4.61229166666667,-67.3319779462097
1383822.91666667,4.61274305555556,-67.3289993564387
1383958.33333333,4.61319444444444,-67.3284627370065
1384093.75,4.61364583333333,-67.3303676258477
1384229.16666667,4.61409722222222,-67.3347149339727
1384364.58333333,4.61454861111111,-67.3415069475697
1384500,4.615,-67.3507473333016
1384635.41666667,4.61545138888889,-67.3624411463039
1384770.83333333,4.61590277777778,-67.3765948419277
1384906.25,4.61635416666667,-67.3932162901807
1385041.66666667,4.61680555555556,-67.4123147938482
1385177.08333333,4.61725694444444,-67.4339011096162
1385312.5,4.61770833333333,-67.4579874731136
1385447.91666667,4.61815972222222,-67.4845876270734
1385583.33333333,4.61861111111111,-67.5137168538098
1385718.75,4.6190625,-67.5453920110101
1385854.16666667,4.61951388888889,-67.579631572066
1385989.58333333,4.61996527777778,-67.6164556705648
1386125,4.62041666666667,-67.6558861491312
1386260.41666667,4.62086805555556,-67.6979466134145
1386395.83333333,4.62131944444444,-67.7426624908585
1386531.25,4.62177083333333,-67.7900610950505
1386666.66666667,4.62222222222222,-67.8401716957531
1386802.08333333,4.62267361111111,-67.8930255951396
1386937.5,4.623125,-67.9486562105982
1387072.91666667,4.62357638888889,-68.0070991647139
1387208.33333333,4.62402777777778,-68.0683923826778
1387343.75,4.62447916666667,-68.1325761983003
1387479.16666667,4.62493055555556,-68.1996934685359
1387614.58333333,4.62538194444444,-68.2697896977656
1387750,4.62583333333333,-68.3429131728611
1387885.41666667,4.62628472222222,-68.4191151090688
1388020.83333333,4.62673611111111,-68.4984498087545
1388156.25,4.6271875,-68.5809748334865
1388291.66666667,4.62763888888889,-68.6667511906939
1388427.08333333,4.62809027777778,-68.7558435370678
1388562.5,4.62854166666667,-68.8483203991344
1388697.91666667,4.62899305555556,-68.9442544137357
1388833.33333333,4.62944444444444,-69.043722589959
1388968.75,4.62989583333333,-69.1468065946564
1389104.16666667,4.63034722222222,-69.2535930644332
1389239.58333333,4.63079861111111,-69.3641739464661
1389375,4.63125,-69.4786468718868
1389510.41666667,4.63170138888889,-69.5971155647041
1389645.83333333,4.63215277777778,-69.7196902911054
1389781.25,4.63260416666667,-69.8464883530151
1389916.66666667,4.63305555555556,-69.9776346321256
1390052.08333333,4.63350694444444,-70.1132621894158
1390187.5,4.63395833333333,-70.2535129282563
1390322.91666667,4.63440972222222,-70.3985383285463
1390458.33333333,4.63486111111111,-70.5485002606553
1390593.75,4.6353125,-70.70357189115
1390729.16666667,4.63576388888889,-70.8639386912469
1390864.58333333,4.63621527777778,-71.0297995635692
1391000,4.63666666666667,-71.2013681029777
1391135.41666667,4.63711805555556,-71.3788740121512
1391270.83333333,4.63756944444444,-71.562564693923
1391406.25,4.63802083333333,-71.7527070490904
1391541.66666667,4.63847222222222,-71.9495895101175
1391677.08333333,4.63892361111111,-72.153524350718
1391812.5,4.639375,-72.3648503166501
1391947.91666667,4.63982638888889,-72.583935631787
1392083.33333333,4.64027777777778,-72.8111814477396
1392218.75,4.64072916666667,-73.047025815215
1392354.16666667,4.64118055555556,-73.2919482770873
1392489.58333333,4.64163194444444,-73.5464752016285
1392625,4.64208333333333,-73.8111860053563
1392760.41666667,4.64253472222222,-74.0867204482086
1392895.83333333,4.64298611111111,-74.3737872319701
1393031.25,4.6434375,-74.6731741898892
1393166.66666667,4.64388888888889,-74.9857604367611
1393302.08333333,4.64434027777778,-75.3125309476998
1393437.5,4.64479166666667,-75.6545941734149
1393572.91666667,4.64524305555556,-76.0132034850794
1393708.33333333,4.64569444444444,-76.3897834908745
1393843.75,4.64614583333333,-76.7859626178295
1393979.16666667,4.64659722222222,-77.2036138373845
1394114.58333333,4.64704861111111,-77.6449061060558
1394250,4.6475,-78.1123700950295
1394385.41666667,4.64795138888889,-78.6089832498283
1394520.83333333,4.64840277777778,-79.1382814321751
1394656.25,4.64885416666667,-79.7045077815518
1394791.66666667,4.64930555555556,-80.3128147549606
1394927.08333333,4.64975694444444,-80.9695439091357
1395062.5,4.65020833333333,-81.6826223359319
1395197.91666667,4.65065972222222,-82.4621394699525
1395333.33333333,4.65111111111111,-83.3212126959027
1395468.75,4.6515625,-84.2773347784438
1395604.16666667,4.65201388888889,-85.3545657310901
1395739.58333333,4.65246527777778,-86.587296407165
1395875,4.65291666666667,-88.027166269727
1396010.41666667,4.65336805555556,-89.7569587189505
1396145.83333333,4.65381944444444,-91.9221075615248
1396281.25,4.65427083333333,-94.816019101075
1396416.66666667,4.65472222222222,-99.1901971367098
1396552.08333333,4.65517361111111,-108.43132200923
1396687.5,4.655625,-109.36693432823
1396822.91666667,4.65607638888889,-99.5024597245142
1396958.33333333,4.65652777777778,-95.0041550871288
1397093.75,4.65697916666667,-92.0573356460146
1397229.16666667,4.65743055555556,-89.8630144478605
1397364.58333333,4.65788194444444,-88.1148378939052
1397500,4.65833333333333,-86.6623928141363
1397635.41666667,4.65878472222222,-85.4205721842391
1397770.83333333,4.65923611111111,-84.3365064111599
1397906.25,4.6596875,-83.3750924677066
1398041.66666667,4.66013888888889,-82.5118294723792
1398177.08333333,4.66059027777778,-81.7289371379547
1398312.5,4.66104166666667,-81.0131025635889
1398447.91666667,4.66149305555556,-80.3540987278401
1398583.33333333,4.66194444444444,-79.7438989061585
1398718.75,4.66239583333333,-79.1760876191296
1398854.16666667,4.66284722222222,-78.6454564066868
1398989.58333333,4.66329861111111,-78.1477189258836
1399125,4.66375,-77.6793054510947
1399260.41666667,4.66420138888889,-77.237211618895
1399395.83333333,4.66465277777778,-76.8188850909061
1399531.25,4.66510416666667,-76.4221392734158
1399666.66666667,4.66555555555556,-76.0450866922776
1399802.08333333,4.66600694444444,-75.6860868854808
1399937.5,4.66645833333333,-75.3437051734643
1400072.91666667,4.66690972222222,-75.0166796928916
1400208.33333333,4.66736111111111,-74.703894781133
1400343.75,4.6678125,-74.4043592998045
1400479.16666667,4.66826388888889,-74.117188834791
1400614.58333333,4.66871527777778,-73.841590970757
1400750,4.66916666666667,-73.5768530243734
1400885.41666667,4.66961805555556,-73.3223317585496
1401020.83333333,4.67006944444444,-73.0774447068181
1401156.25,4.67052083333333,-72.841662814133
1401291.66666667,4.67097222222222,-72.6145041615879
1401427.08333333,4.67142361111111,-72.3955285891439
1401562.5,4.671875,-72.1843330663367
1401697.91666667,4.67232638888889,-71.9805476897089
1401833.33333333,4.67277777777778,-71.7838322079681
1401968.75,4.67322916666667,-71.5938729930749
1402104.16666667,4.67368055555556,-71.4103803911837
1402239.58333333,4.67413194444444,-71.2330863973096
1402375,4.67458333333333,-71.0617426069916
1402510.41666667,4.67503472222222,-70.8961184074571
1402645.83333333,4.67548611111111,-70.7359993745957
1402781.25,4.6759375,-70.5811858485419
1402916.66666667,4.67638888888889,-70.431491665171
1403052.08333333,4.67684027777778,-70.2867430223793
1403187.5,4.67729166666667,-70.1467774656261
1403322.91666667,4.67774305555556,-70.0114429774538
1403458.33333333,4.67819444444444,-69.8805971583118
1403593.75,4.67864583333333,-69.7541064886897
1403729.16666667,4.67909722222222,-69.6318456624486
1403864.58333333,4.67954861111111,-69.5136969838995
1404000,4.68,-69.3995498210548
1404135.41666667,4.68045138888889,-69.2893001094507
1404270.83333333,4.68090277777778,-69.1828499006002
1404406.25,4.68135416666667,-69.0801069510506
1404541.66666667,4.68180555555556,-68.9809843470423
1404677.08333333,4.68225694444444,-68.8854001622415
1404812.5,4.68270833333333,-68.7932771441849
1404947.91666667,4.68315972222222,-68.7045424272241
1405083.33333333,4.68361111111111,-68.6191272696565
1405218.75,4.6840625,-68.5369668120526
1405354.16666667,4.68451388888889,-68.457999855506
1405489.58333333,4.68496527777778,-68.3821686575509
1405625,4.68541666666667,-68.3094187446108
1405760.41666667,4.68586805555556,-68.2396987389823
1405895.83333333,4.68631944444444,-68.1729601998077
1406031.25,4.68677083333333,-68.1091574758884
1406166.66666667,4.68722222222222,-68.0482475706803
1406302.08333333,4.68767361111111,-67.9901900172374
1406437.5,4.688125,-67.9349467628855
1406572.91666667,4.68857638888889,-67.8824820633151
1406708.33333333,4.68902777777778,-67.8327623842433
1406843.75,4.68947916666667,-67.7857563113416
1406979.16666667,4.68993055555556,-67.7414344669215
1407114.58333333,4.69038194444444,-67.6997694334211
1407250,4.69083333333333,-67.6607356829585
1407385.41666667,4.69128472222222,-67.6243095128335
1407520.83333333,4.69173611111111,-67.5904689862191
1407656.25,4.6921875,-67.5591938783206
1407791.66666667,4.69263888888889,-67.5304656268723
1407927.08333333,4.69309027777778,-67.5042672875025
1408062.5,4.69354166666667,-67.4805834935097
1408197.91666667,4.69399305555556,-67.459400419266
1408333.33333333,4.69444444444444,-67.4407057481004
1408468.75,4.69489583333333,-67.4244886434871
1408604.16666667,4.69534722222222,-67.4107397241937
1408739.58333333,4.69579861111111,-67.3994510427335
1408875,4.69625,-67.390616067131
1409010.41666667,4.69670138888889,-67.3842296661902
1409145.83333333,4.69715277777778,-67.3802880978756
1409281.25,4.69760416666667,-67.3787890007801
1409416.66666667,4.69805555555556,-67.3797313888967
1409552.08333333,4.69850694444444,-67.3831156493321
1409687.5,4.69895833333333,-67.3889435432543
1409822.91666667,4.69940972222222,-67.3972182097722
1409958.33333333,4.69986111111111,-67.4079441730755
1410093.75,4.7003125,-67.4211273526155
1410229.16666667,4.70076388888889,-67.4367750766424
1410364.58333333,4.70121527777778,-67.4548960986672
1410500,4.70166666666667,-67.4755006177101
1410635.41666667,4.70211805555556,-67.4986003017495
1410770.83333333,4.70256944444444,-67.5242083145654
1410906.25,4.70302083333333,-67.5523393466507
1411041.66666667,4.70347222222222,-67.5830096496899
1411177.08333333,4.70392361111111,-67.6162370751881
1411312.5,4.704375,-67.6520411171408
1411447.91666667,4.70482638888889,-67.6904429595018
1411583.33333333,4.70527777777778,-67.7314655278998
1411718.75,4.70572916666667,-67.7751335467894
1411854.16666667,4.70618055555556,-67.8214736013053
1411989.58333333,4.70663194444444,-67.8705142054123
1412125,4.70708333333333,-67.922285875569
1412260.41666667,4.70753472222222,-67.9768212108431
1412395.83333333,4.70798611111111,-68.0341549803576
1412531.25,4.7084375,-68.0943242175659
1412666.66666667,4.70888888888889,-68.1573683230674
1412802.08333333,4.70934027777778,-68.2233291756163
1412937.5,4.70979166666667,-68.2922512528299
1413072.91666667,4.71024305555556,-68.3641817617334
1413208.33333333,4.71069444444444,-68.4391707806968
1413343.75,4.71114583333333,-68.5172714128349
1413479.16666667,4.71159722222222,-68.5985399530604
1413614.58333333,4.71204861111111,-68.6830360690688
1413750,4.7125,-68.7708229978511
1413885.41666667,4.71295138888889,-68.8619677599205
1414020.83333333,4.71340277777778,-68.9565413916128
1414156.25,4.71385416666667,-69.0546191987613
1414291.66666667,4.71430555555556,-69.1562810327931
1414427.08333333,4.71475694444444,-69.2616115923914
1414562.5,4.71520833333333,-69.3707007529625
1414697.91666667,4.71565972222222,-69.4836439270994
1414833.33333333,4.71611111111111,-69.6005424593635
1414968.75,4.7165625,-69.7215040598993
1415104.16666667,4.71701388888889,-69.8466432802996
1415239.58333333,4.71746527777778,-69.9760820375468
1415375,4.71791666666667,-70.1099501918657
1415510.41666667,4.71836805555556,-70.2483861844756
1415645.83333333,4.71881944444444,-70.3915377434775
1415781.25,4.71927083333333,-70.5395626662494
1415916.66666667,4.71972222222222,-70.692629688689
1416052.08333333,4.72017361111111,-70.8509194527759
1416187.5,4.720625,-71.0146255862521
1416322.91666667,4.72107638888889,-71.1839559101289
1416458.33333333,4.72152777777778,-71.3591337925941
1416593.75,4.72197916666667,-71.5403996707647
1416729.16666667,4.72243055555556,-71.7280127663628
1416864.58333333,4.72288194444444,-71.9222530253869
1417000,4.72333333333333,-72.1234233169255
1417135.41666667,4.72378472222222,-72.3318519352657
1417270.83333333,4.72423611111111,-72.5478954556061
1417406.25,4.7246875,-72.7719420051434
1417541.66666667,4.72513888888889,-73.0044150249841
1417677.08333333,4.72559027777778,-73.2457776121206
1417812.5,4.72604166666667,-73.4965375543699
1417947.91666667,4.72649305555556,-73.7572531934783
1418083.33333333,4.72694444444444,-74.0285402859703
1418218.75,4.72739583333333,-74.3110800729591
1418354.16666667,4.72784722222222,-74.6056288228836
1418489.58333333,4.72829861111111,-74.9130291830642
1418625,4.72875,-75.2342237665524
1418760.41666667,4.72920138888889,-75.5702715249849
1418895.83333333,4.72965277777778,-75.9223676214804
1419031.25,4.73010416666667,-76.2918677424939
1419166.66666667,4.73055555555556,-76.6803180928162
1419302.08333333,4.73100694444444,-77.0894927482872
1419437.5,4.73145833333333,-77.521440642182
1419572.91666667,4.73190972222222,-77.9785453296192
1419708.33333333,4.73236111111111,-78.4636019437068
1419843.75,4.7328125,-78.9799176380041
1419979.16666667,4.73326388888889,-79.5314446813494
1420114.58333333,4.73371527777778,-80.12295983273
1420250,4.73416666666667,-80.7603107619586
1420385.41666667,4.73461805555556,-81.450762031104
1420520.83333333,4.73506944444444,-82.2034931892437
1420656.25,4.73552083333333,-83.0303370312153
1420791.66666667,4.73597222222222,-83.9469119625796
1420927.08333333,4.73642361111111,-84.9744314296864
1421062.5,4.736875,-86.1427430394751
1421197.91666667,4.73732638888889,-87.4957602904809
1421333.33333333,4.73777777777778,-89.1019772560891
1421468.75,4.73822916666667,-91.0771182301971
1421604.16666667,4.73868055555556,-93.6409270503944
1421739.58333333,4.73913194444444,-97.2977683771431
1421875,4.73958333333333,-103.741085347334
1422010.41666667,4.74003472222222,-123.744364202422
1422145.83333333,4.74048611111111,-102.158647045048
1422281.25,4.7409375,-96.5091258308925
1422416.66666667,4.74138888888889,-93.1164077450354
1422552.08333333,4.74184027777778,-90.6848745423005
1422687.5,4.74229166666667,-88.7893261077082
1422822.91666667,4.74274305555556,-87.2363716781045
1422958.33333333,4.74319444444444,-85.9215746696977
1423093.75,4.74364583333333,-84.7820831550676
1423229.16666667,4.74409722222222,-83.7771175969248
1423364.58333333,4.74454861111111,-82.8787105478199
1423500,4.745,-82.0668449362057
1423635.41666667,4.74545138888889,-81.3266998988769
1423770.83333333,4.74590277777778,-80.6469947661134
1423906.25,4.74635416666667,-80.0189443565906
1424041.66666667,4.74680555555556,-79.4355733080438
1424177.08333333,4.74725694444444,-78.8912508508385
1424312.5,4.74770833333333,-78.381366091793
1424447.91666667,4.74815972222222,-77.9020957713211
1424583.33333333,4.74861111111111,-77.4502345880428
1424718.75,4.7490625,-77.0230688937101
1424854.16666667,4.74951388888889,-76.6182810995761
1424989.58333333,4.74996527777778,-76.2338762488576
1425125,4.75041666666667,-75.8681248576346
1425260.41666667,4.75086805555556,-75.5195178839217
1425395.83333333,4.75131944444444,-75.1867308616779
1425531.25,4.75177083333333,-74.868595047773
1425666.66666667,4.75222222222222,-74.5640739995603
1425802.08333333,4.75267361111111,-74.2722444003836
1425937.5,4.753125,-73.9922802409805
1426072.91666667,4.75357638888889,-73.723439675033
1426208.33333333,4.75402777777778,-73.4650540259588
1426343.75,4.75447916666667,-73.2165185336605
1426479.16666667,4.75493055555556,-72.9772845232063
1426614.58333333,4.75538194444444,-72.7468527388649
1426750,4.75583333333333,-72.524767643419
1426885.41666667,4.75628472222222,-72.3106125187684
1427020.83333333,4.75673611111111,-72.1040052362341
1427156.25,4.7571875,-71.9045945908547
1427291.66666667,4.75763888888889,-71.7120571104219
1427427.08333333,4.75809027777778,-71.526094268488
1427562.5,4.75854166666667,-71.3464300410459
1427697.91666667,4.75899305555556,-71.1728087575237
1427833.33333333,4.75944444444444,-71.0049932043479
1427968.75,4.75989583333333,-70.8427629468878
1428104.16666667,4.76034722222222,-70.6859128397153
1428239.58333333,4.76079861111111,-70.5342517007211
1428375,4.76125,-70.3876011286028
1428510.41666667,4.76170138888889,-70.2457944441151
1428645.83333333,4.76215277777778,-70.1086757417741
1428781.25,4.76260416666667,-69.9760990368535
1428916.66666667,4.76305555555556,-69.8479274979736
1429052.08333333,4.76350694444444,-69.7240327539583
1429187.5,4.76395833333333,-69.6042942674088
1429322.91666667,4.76440972222222,-69.4885987674168
1429458.33333333,4.76486111111111,-69.3768397347238
1429593.75,4.7653125,-69.2689169335102
1429729.16666667,4.76576388888889,-69.164735985602
1429864.58333333,4.76621527777778,-69.0642079821421
1430000,4.76666666666667,-68.9672491286983
1430135.41666667,4.76711805555556,-68.8737804213022
1430270.83333333,4.76756944444444,-68.7837273496565
1430406.25,4.76802083333333,-68.6970196251708
1430541.66666667,4.76847222222222,-68.6135909314014
1430677.08333333,4.76892361111111,-68.53337869505
1430812.5,4.769375,-68.4563238752852
1430947.91666667,4.76982638888889,-68.3823707699481
1431083.33333333,4.77027777777778,-68.3114668372146
1431218.75,4.77072916666667,-68.2435625313278
1431354.16666667,4.77118055555556,-68.1786111511267
1431489.58333333,4.77163194444444,-68.1165687002568
1431625,4.77208333333333,-68.0573937586824
1431760.41666667,4.77253472222222,-68.0010473635759
1431895.83333333,4.77298611111111,-67.9474928999586
1432031.25,4.7734375,-67.8966959995233
1432166.66666667,4.77388888888889,-67.8486244473343
1432302.08333333,4.77434027777778,-67.8032480962839
1432437.5,4.77479166666667,-67.7605387877691
1432572.91666667,4.77524305555556,-67.7204702790922
1432708.33333333,4.77569444444444,-67.6830181767077
1432843.75,4.77614583333333,-67.6481598750245
1432979.16666667,4.77659722222222,-67.6158745004095
1433114.58333333,4.77704861111111,-67.5861428601192
1433250,4.7775,-67.5589473958265
1433385.41666667,4.77795138888889,-67.5342721417061
1433520.83333333,4.77840277777778,-67.5121026865739
1433656.25,4.77885416666667,-67.4924261398865
1433791.66666667,4.77930555555556,-67.4752311019364
1433927.08333333,4.77975694444444,-67.4605076373143
1434062.5,4.78020833333333,-67.4482472520398
1434197.91666667,4.78065972222222,-67.4384428743678
1434333.33333333,4.78111111111111,-67.4310888384634
1434468.75,4.7815625,-67.4261808716644
1434604.16666667,4.78201388888889,-67.423716084802
1434739.58333333,4.78246527777778,-67.4236929657914
1434875,4.78291666666667,-67.4261113760415
1435010.41666667,4.78336805555556,-67.4309725502832
1435145.83333333,4.78381944444444,-67.4382790992349
1435281.25,4.78427083333333,-67.4480350157037
1435416.66666667,4.78472222222222,-67.4602456832911
1435552.08333333,4.78517361111111,-67.4749178888289
1435687.5,4.785625,-67.4920598377605
1435822.91666667,4.78607638888889,-67.5116811727976
1435958.33333333,4.78652777777778,-67.5337929961175
1436093.75,4.78697916666667,-67.5584078949988
1436229.16666667,4.78743055555556,-67.5855399711108
1436364.58333333,4.78788194444444,-67.6152048735978
1436500,4.78833333333333,-67.6474198360469
1436635.41666667,4.78878472222222,-67.6822037177641
1436770.83333333,4.78923611111111,-67.7195770491417
1436906.25,4.7896875,-67.7595620818475
1437041.66666667,4.79013888888889,-67.8021828437769
1437177.08333333,4.79059027777778,-67.8474651992584
1437312.5,4.79104166666667,-67.8954369144454
1437447.91666667,4.79149305555556,-67.946127729055
1437583.33333333,4.79194444444444,-67.9995694338362
1437718.75,4.79239583333333,-68.0557959553211
1437854.16666667,4.79284722222222,-68.1148434472051
1437989.58333333,4.79329861111111,-68.1767503898124
1438125,4.79375,-68.2415576980764
1438260.41666667,4.79420138888889,-68.3093088382862
1438395.83333333,4.79465277777778,-68.380049954834
1438531.25,4.79510416666667,-68.4538300075678
1438666.66666667,4.79555555555556,-68.5307009208288
1438802.08333333,4.79600694444444,-68.6107177450528
1438937.5,4.79645833333333,-68.6939388322098
1439072.91666667,4.79690972222222,-68.780426026269
1439208.33333333,4.79736111111111,-68.870244870391
1439343.75,4.7978125,-68.9634648321525
1439479.16666667,4.79826388888889,-69.0601595486424
1439614.58333333,4.79871527777778,-69.1604070939589
1439750,4.79916666666667,-69.2642902704996
1439885.41666667,4.79961805555556,-69.3718969274545
1440020.83333333,4.80006944444444,-69.4833203091438
1440156.25,4.80052083333333,-69.5986594361571
1440291.66666667,4.80097222222222,-69.7180195234119
1440427.08333333,4.80142361111111,-69.8415124394014
1440562.5,4.801875,-69.9692572112493
1440697.91666667,4.80232638888889,-70.101380580657
1440833.33333333,4.80277777777778,-70.2380176182927
1440968.75,4.80322916666667,-70.3793124022367
1441104.16666667,4.80368055555556,-70.5254187703198
1441239.58333333,4.80413194444444,-70.6765011542848
1441375,4.80458333333333,-70.8327355084594
1441510.41666667,4.80503472222222,-70.9943103447837
1441645.83333333,4.80548611111111,-71.161427888871
1441781.25,4.8059375,-71.3343053756913
1441916.66666667,4.80638888888889,-71.5131765041129
1442052.08333333,4.80684027777778,-71.6982930747713
1442187.5,4.80729166666667,-71.8899268400236
1442322.91666667,4.80774305555556,-72.0883715986957
1442458.33333333,4.80819444444444,-72.2939455762907
1442593.75,4.80864583333333,-72.5069941384109
1442729.16666667,4.80909722222222,-72.7278928945517
1442864.58333333,4.80954861111111,-72.9570512615828
1443000,4.81,-73.1949165720131
1443135.41666667,4.81045138888889,-73.4419788278643
1443270.83333333,4.81090277777778,-73.6987762285345
1443406.25,4.81135416666667,-73.9659016261566
1443541.66666667,4.81180555555556,-74.2440101041557
1443677.08333333,4.81225694444444,-74.5338279193267
1443812.5,4.81270833333333,-74.8361631146385
1443947.91666667,4.81315972222222,-75.1519181914109
1444083.33333333,4.81361111111111,-75.4821053392397
1444218.75,4.8140625,-75.8278648688849
1444354.16666667,4.81451388888889,-76.1904876935492
1444489.58333333,4.81496527777778,-76.571442973106
1444625,4.81541666666667,-76.9724124127371
1444760.41666667,4.81586805555556,-77.3953332368848
1444895.83333333,4.81631944444444,-77.8424526114865
1445031.25,4.81677083333333,-78.3163973813304
1445166.66666667,4.81722222222222,-78.8202646042196
1445302.08333333,4.81767361111111,-79.3577407992509
1445437.5,4.818125,-79.9332615814481
1445572.91666667,4.81857638888889,-80.5522292960672
1445708.33333333,4.81902777777778,-81.2213159363272
1445843.75,4.81947916666667,-81.9488948835404
1445979.16666667,4.81993055555556,-82.7456733721087
1446114.58333333,4.82038194444444,-83.6256492534068
1446250,4.82083333333333,-84.6076146418966
1446385.41666667,4.82128472222222,-85.7176305486399
1446520.83333333,4.82173611111111,-86.993338069298
1446656.25,4.8221875,-88.4920315505441
1446791.66666667,4.82263888888889,-90.3072830232789
1446927.08333333,4.82309027777778,-92.6079878982137
1447062.5,4.82354166666667,-95.7500523911216
1447197.91666667,4.82399305555556,-100.725869260347
1447333.33333333,4.82444444444444,-113.627544926168
1447468.75,4.82489583333333,-105.963183550023
1447604.16666667,4.82534722222222,-98.3104419034867
1447739.58333333,4.82579861111111,-94.3079651103486
1447875,4.82625,-91.5803791760684
1448010.41666667,4.82670138888889,-89.5097417661444
1448145.83333333,4.82715277777778,-87.8410208125364
1448281.25,4.82760416666667,-86.4439483288081
1448416.66666667,4.82805555555556,-85.2429399573538
1448552.08333333,4.82850694444444,-84.1902127089509
1448687.5,4.82895833333333,-83.2536278987036
1448822.91666667,4.82940972222222,-82.4105290519475
1448958.33333333,4.82986111111111,-81.6443436236081
1449093.75,4.8303125,-80.9425826865665
1449229.16666667,4.83076388888889,-80.2956006447862
1449364.58333333,4.83121527777778,-79.6957927830038
1449500,4.83166666666667,-79.1370573504266
1449635.41666667,4.83211805555556,-78.614423971949
1449770.83333333,4.83256944444444,-78.1237902500504
1449906.25,4.83302083333333,-77.6617308277577
1450041.66666667,4.83347222222222,-77.2253562353998
1450177.08333333,4.83392361111111,-76.8122067120613
1450312.5,4.834375,-76.4201710928841
1450447.91666667,4.83482638888889,-76.0474239808716
1450583.33333333,4.83527777777778,-75.6923764687954
1450718.75,4.83572916666667,-75.3536370496622
1450854.16666667,4.83618055555556,-75.029980288127
1450989.58333333,4.83663194444444,-74.7203214737553
1451125,4.83708333333333,-74.4236959365792
1451260.41666667,4.83753472222222,-74.1392420314725
1451395.83333333,4.83798611111111,-73.8661870382573
1451531.25,4.8384375,-73.6038353969441
1451666.66666667,4.83888888888889,-73.3515588292903
1451802.08333333,4.83934027777778,-73.1087879954176
1451937.5,4.83979166666667,-72.8750054074201
1452072.91666667,4.84024305555556,-72.6497393794822
1452208.33333333,4.84069444444444,-72.4325588383029
1452343.75,4.84114583333333,-72.2230688502488
1452479.16666667,4.84159722222222,-72.0209067508354
1452614.58333333,4.84204861111111,-71.8257387809845
1452750,4.8425,-71.6372571525919
1452885.41666667,4.84295138888889,-71.4551774798196
1453020.83333333,4.84340277777778,-71.2792365225748
1453156.25,4.84385416666667,-71.1091901975984
1453291.66666667,4.84430555555556,-70.9448118203579
1453427.08333333,4.84475694444444,-70.7858905462163
1453562.5,4.84520833333333,-70.6322299846243
1453697.91666667,4.84565972222222,-70.4836469635629
1453833.33333333,4.84611111111111,-70.33997042548
1453968.75,4.8465625,-70.2010404382085
1454104.16666667,4.84701388888889,-70.0667073070368
1454239.58333333,4.84746527777778,-69.936830775353
1454375,4.84791666666667,-69.8112793044251
1454510.41666667,4.84836805555556,-69.6899294222438
1454645.83333333,4.84881944444444,-69.5726651342611
1454781.25,4.84927083333333,-69.4593773891645
1454916.66666667,4.84972222222222,-69.3499635935757
1455052.08333333,4.85017361111111,-69.2443271703417
1455187.5,4.850625,-69.1423771562113
1455322.91666667,4.85107638888889,-69.0440278349018
1455458.33333333,4.85152777777778,-68.9491984013565
1455593.75,4.85197916666667,-68.8578126550281
1455729.16666667,4.85243055555556,-68.7697987184421
1455864.58333333,4.85288194444444,-68.6850887796262
1456000,4.85333333333333,-68.6036188552935
1456135.41666667,4.85378472222222,-68.5253285731699
1456270.83333333,4.85423611111111,-68.4501609722412
1456406.25,4.8546875,-68.3780623184478
1456541.66666667,4.85513888888889,-68.3089819351958
1456677.08333333,4.85559027777778,-68.2428720471121
1456812.5,4.85604166666667,-68.179687635969
1456947.91666667,4.85649305555556,-68.1193863078153
1457083.33333333,4.85694444444444,-68.0619281705326
1457218.75,4.85739583333333,-68.0072757206563
1457354.16666667,4.85784722222222,-67.9553937392362
1457489.58333333,4.85829861111111,-67.906249195691
1457625,4.85875,-67.8598111590754
1457760.41666667,4.85920138888889,-67.8160507166758
1457895.83333333,4.85965277777778,-67.7749408987693
1458031.25,4.86010416666667,-67.7364566097455
1458166.66666667,4.86055555555556,-67.7005745646532
1458302.08333333,4.86100694444444,-67.6672732314136
1458437.5,4.86145833333333,-67.6365327779068
1458572.91666667,4.86190972222222,-67.6083350236654
1458708.33333333,4.86236111111111,-67.5826633962603
1458843.75,4.8628125,-67.559502891917
1458979.16666667,4.86326388888889,-67.5388400401213
1459114.58333333,4.86371527777778,-67.5206628720767
1459250,4.86416666666667,-67.5049608930519
1459385.41666667,4.86461805555556,-67.4917250581401
1459520.83333333,4.86506944444444,-67.4809477515439
1459656.25,4.86552083333333,-67.4726227692239
1459791.66666667,4.86597222222222,-67.4667453048407
1459927.08333333,4.86642361111111,-67.463311938819
1460062.5,4.866875,-67.4623206307049
1460197.91666667,4.86732638888889,-67.4637707145367
1460333.33333333,4.86777777777778,-67.4676628973934
1460468.75,4.86822916666667,-67.4739992608774
1460604.16666667,4.86868055555556,-67.48278326588
1460739.58333333,4.86913194444444,-67.4940197604315
1460875,4.86958333333333,-67.5077149906076
1461010.41666667,4.87003472222222,-67.5238766146527
1461145.83333333,4.87048611111111,-67.542513720537
1461281.25,4.8709375,-67.5636368467303
1461416.66666667,4.87138888888889,-67.5872580065373
1461552.08333333,4.87184027777778,-67.6133907158825
1461687.5,4.87229166666667,-67.6420500249326
1461822.91666667,4.87274305555556,-67.6732525536586
1461958.33333333,4.87319444444444,-67.7070165312501
1462093.75,4.87364583333333,-67.7433618400539
1462229.16666667,4.87409722222222,-67.7823100637871
1462364.58333333,4.87454861111111,-67.8238845406696
1462500,4.875,-67.8681104214738
1462635.41666667,4.87545138888889,-67.9150147330477
1462770.83333333,4.87590277777778,-67.9646264474139
1462906.25,4.87635416666667,-68.0169765571259
1463041.66666667,4.87680555555556,-68.0720981569201
1463177.08333333,4.87725694444444,-68.1300265327115
1463312.5,4.87770833333333,-68.1907992579381
1463447.91666667,4.87815972222222,-68.2544562979015
1463583.33333333,4.87861111111111,-68.3210401232771
1463718.75,4.8790625,-68.3905958328619
1463854.16666667,4.87951388888889,-68.4631712867932
1463989.58333333,4.87996527777778,-68.5388172508063
1464125,4.88041666666667,-68.6175875530041
1464260.41666667,4.88086805555556,-68.6995392538956
1464395.83333333,4.88131944444444,-68.7847328308125
1464531.25,4.88177083333333,-68.8732323784431
1464666.66666667,4.88222222222222,-68.9651058270216
1464802.08333333,4.88267361111111,-69.0604251796053
1464937.5,4.883125,-69.1592667703935
1465072.91666667,4.88357638888889,-69.2617115469292
1465208.33333333,4.88402777777778,-69.367845377683
1465343.75,4.88447916666667,-69.4777593884551
1465479.16666667,4.88493055555556,-69.5915503305361
1465614.58333333,4.88538194444444,-69.7093209841486
1465750,4.88583333333333,-69.8311806013292
1465885.41666667,4.88628472222222,-69.9572453925003
1466020.83333333,4.88673611111111,-70.0876390624346
1466156.25,4.8871875,-70.2224934013156
1466291.66666667,4.88763888888889,-70.3619489374849
1466427.08333333,4.88809027777778,-70.5061556603814
1466562.5,4.88854166666667,-70.6552738220413
1466697.91666667,4.88899305555556,-70.8094748279856
1466833.33333333,4.88944444444444,-70.9689422295824
1466968.75,4.88989583333333,-71.1338728317348
1467104.16666667,4.89034722222222,-71.3044779325609
1467239.58333333,4.89079861111111,-71.4809847143087
1467375,4.89125,-71.6636378075564
1467510.41666667,4.89170138888889,-71.8527010556705
1467645.83333333,4.89215277777778,-72.0484595114241
1467781.25,4.89260416666667,-72.2512217019085
1467916.66666667,4.89305555555556,-72.4613222076904
1468052.08333333,4.89350694444444,-72.6791246087318
1468187.5,4.89395833333333,-72.9050248623791
1468322.91666667,4.89440972222222,-73.1394551904355
1468458.33333333,4.89486111111111,-73.3828885716346
1468593.75,4.8953125,-73.6358439547668
1468729.16666667,4.89576388888889,-73.8988923369732
1468864.58333333,4.89621527777778,-74.1726638839865
1469000,4.89666666666667,-74.4578563156814
1469135.41666667,4.89711805555556,-74.7552448351709
1469270.83333333,4.89756944444444,-75.0656939563163
1469406.25,4.89802083333333,-75.3901716821981
1469541.66666667,4.89847222222222,-75.729766618527
1469677.08333333,4.89892361111111,-76.0857087817959
1469812.5,4.899375,-76.4593951042814
1469947.91666667,4.89982638888889,-76.8524209667048
1470083.33333333,4.90027777777778,-77.2666195539318
1470218.75,4.90072916666667,-77.7041114842622
1470354.16666667,4.90118055555556,-78.1673681088747
1470489.58333333,4.90163194444444,-78.6592932645009
1470625,4.90208333333333,-79.1833303361865
1470760.41666667,4.90253472222222,-79.7436046570753
1470895.83333333,4.90298611111111,-80.3451162376403
1471031.25,4.9034375,-80.9940058023317
1471166.66666667,4.90388888888889,-81.6979303720767
1471302.08333333,4.90434027777778,-82.4666074154253
1471437.5,4.90479166666667,-83.3126273925582
1471572.91666667,4.90524305555556,-84.2527111033557
1471708.33333333,4.90569444444444,-85.3097403681986
1471843.75,4.90614583333333,-86.5162139058284
1471979.16666667,4.90659722222222,-87.9205277352041
1472114.58333333,4.90704861111111,-89.5994018251717
1472250,4.9075,-91.6854700277455
1472385.41666667,4.90795138888889,-94.4396453385382
1472520.83333333,4.90840277777778,-98.4996520739193
1472656.25,4.90885416666667,-106.374971535704
1472791.66666667,4.90930555555556,-112.817212452028
1472927.08333333,4.90975694444444,-100.56349780827
1473062.5,4.91020833333333,-95.6743405960163
1473197.91666667,4.91065972222222,-92.5667822413558
1473333.33333333,4.91111111111111,-90.2847526005571
1473468.75,4.9115625,-88.4812935729245
1473604.16666667,4.91201388888889,-86.9907833279545
1473739.58333333,4.91246527777778,-85.721131533454
1473875,4.91291666666667,-84.6158121237094
1474010.41666667,4.91336805555556,-83.6376221117726
1474145.83333333,4.91381944444444,-82.7607685825204
1474281.25,4.91427083333333,-81.9666326812466
1474416.66666667,4.91472222222222,-81.2413335068583
1474552.08333333,4.91517361111111,-80.5742456238006
1474687.5,4.915625,-79.9570545814913
1474822.91666667,4.91607638888889,-79.3831319192372
1474958.33333333,4.91652777777778,-78.8471081468229
1475093.75,4.91697916666667,-78.3445729121859
1475229.16666667,4.91743055555556,-77.871859439954
1475364.58333333,4.91788194444444,-77.4258863262939
1475500,4.91833333333333,-77.004039297475
1475635.41666667,4.91878472222222,-76.604081399516
1475770.83333333,4.91923611111111,-76.2240837892671
1475906.25,4.9196875,-75.8623717048533
1476041.66666667,4.92013888888889,-75.5174817878344
1476177.08333333,4.92059027777778,-75.1881280098754
1476312.5,4.92104166666667,-74.873174202881
1476447.91666667,4.92149305555556,-74.5716117135589
1476583.33333333,4.92194444444444,-74.2825410777664
1476718.75,4.92239583333333,-74.0051568754316
1476854.16666667,4.92284722222222,-73.7387351271703
1476989.58333333,4.92329861111111,-73.4826227364424
1477125,4.92375,-73.2362285923089
1477260.41666667,4.92420138888889,-72.9990160280197
1477395.83333333,4.92465277777778,-72.7704963958234
1477531.25,4.92510416666667,-72.5502235647031
1477666.66666667,4.92555555555556,-72.3377891871182
1477802.08333333,4.92600694444444,-72.1328186088218
1477937.5,4.92645833333333,-71.9349673201483
1478072.91666667,4.92690972222222,-71.7439178647865
1478208.33333333,4.92736111111111,-71.5593771372778
1478343.75,4.9278125,-71.3810740119197
1478479.16666667,4.92826388888889,-71.2087572558711
1478614.58333333,4.92871527777778,-71.0421936860683
1478750,4.92916666666667,-70.8811665373829
1478885.41666667,4.92961805555556,-70.7254740126571
1479020.83333333,4.93006944444444,-70.5749279922037
1479156.25,4.93052083333333,-70.4293528810348
1479291.66666667,4.93097222222222,-70.2885845773976
1479427.08333333,4.93142361111111,-70.1524695473421
1479562.5,4.931875,-70.0208639927969
1479697.91666667,4.93232638888889,-69.8936331018537
1479833.33333333,4.93277777777778,-69.7706503721048
1479968.75,4.93322916666667,-69.6517969984629
1480104.16666667,4.93368055555556,-69.5369613184576
1480239.58333333,4.93413194444444,-69.426038308819
1480375,4.93458333333333,-69.3189291274398
1480510.41666667,4.93503472222222,-69.2155406966781
1480645.83333333,4.93548611111111,-69.1157853230016
1480781.25,4.9359375,-69.0195803496417
1480916.66666667,4.93638888888889,-68.9268478391969
1481052.08333333,4.93684027777778,-68.8375142827596
1481187.5,4.93729166666667,-68.7515103332873
1481322.91666667,4.93774305555556,-68.6687705611475
1481458.33333333,4.93819444444444,-68.589233229371
1481593.75,4.93864583333333,-68.5128400871073
1481729.16666667,4.93909722222222,-68.4395361795115
1481864.58333333,4.93954861111111,-68.3692696728103
1482000,4.94,-68.3019916929571
1482135.41666667,4.94045138888889,-68.2376561771937
1482270.83333333,4.94090277777778,-68.1762197368077
1482406.25,4.94135416666667,-68.1176415308926
1482541.66666667,4.94180555555556,-68.0618831496028
1482677.08333333,4.94225694444444,-68.0089085066923
1482812.5,4.94270833333333,-67.9586837403158
1482947.91666667,4.94315972222222,-67.9111771216069
1483083.33333333,4.94361111111111,-67.8663589703163
1483218.75,4.9440625,-67.8242015774588
1483354.16666667,4.94451388888889,-67.7846791338978
1483489.58333333,4.94496527777778,-67.7477676649516
1483625,4.94541666666667,-67.7134449704493
1483760.41666667,4.94586805555556,-67.6816905698503
1483895.83333333,4.94631944444444,-67.6524856523081
1484031.25,4.94677083333333,-67.6258130313454
1484166.66666667,4.94722222222222,-67.6016571036533
1484302.08333333,4.94767361111111,-67.5800038123651
1484437.5,4.948125,-67.5608406140826
1484572.91666667,4.94857638888889,-67.5441564496054
1484708.33333333,4.94902777777778,-67.5299417184023
1484843.75,4.94947916666667,-67.5181882566316
1484979.16666667,4.94993055555556,-67.5088893184754
1485114.58333333,4.95038194444444,-67.5020395607956
1485250,4.95083333333333,-67.4976350310585
1485385.41666667,4.95128472222222,-67.4956731584017
1485520.83333333,4.95173611111111,-67.4961527478073
1485656.25,4.9521875,-67.499073977469
1485791.66666667,4.95263888888889,-67.5044383991127
1485927.08333333,4.95309027777778,-67.5122489416068
1486062.5,4.95354166666667,-67.5225099174838
1486197.91666667,4.95399305555556,-67.5352270326875
1486333.33333333,4.95444444444444,-67.5504073994784
1486468.75,4.95489583333333,-67.5680595527603
1486604.16666667,4.95534722222222,-67.5881934693634
1486739.58333333,4.95579861111111,-67.6108205911986
1486875,4.95625,-67.6359538516368
1487010.41666667,4.95670138888889,-67.6636077056126
1487145.83333333,4.95715277777778,-67.6937981636134
1487281.25,4.95760416666667,-67.726542829703
1487416.66666667,4.95805555555556,-67.7618609436374
1487552.08333333,4.95850694444444,-67.7997734273495
1487687.5,4.95895833333333,-67.8403029361588
1487822.91666667,4.95940972222222,-67.8834739149469
1487958.33333333,4.95986111111111,-67.9293126595496
1488093.75,4.9603125,-67.9778473835178
1488229.16666667,4.96076388888889,-68.0291082911808
1488364.58333333,4.96121527777778,-68.0831276567819
1488500,4.96166666666667,-68.139939910479
1488635.41666667,4.96211805555556,-68.199581731872
1488770.83333333,4.96256944444444,-68.2620921511476
1488906.25,4.96302083333333,-68.3275126590564
1489041.66666667,4.96347222222222,-68.3958873258939
1489177.08333333,4.96392361111111,-68.4672629305928
1489312.5,4.964375,-68.5416891007488
1489447.91666667,4.96482638888889,-68.6192184643765
1489583.33333333,4.96527777777778,-68.6999068144624
1489718.75,4.96572916666667,-68.7838132880322
1489854.16666667,4.96618055555556,-68.8710005600659
1489989.58333333,4.96663194444444,-68.9615350548143
1490125,4.96708333333333,-69.0554871753011
1490260.41666667,4.96753472222222,-69.1529315536175
1490395.83333333,4.96798611111111,-69.253947323358
1490531.25,4.9684375,-69.3586184171091
1490666.66666667,4.96888888888889,-69.4670338915047
1490802.08333333,4.96934027777778,-69.5792882827241
1490937.5,4.96979166666667,-69.6954819959131
1491072.91666667,4.97024305555556,-69.8157217321364
1491208.33333333,4.97069444444444,-69.9401209577679
1491343.75,4.97114583333333,-70.0688004206487
1491479.16666667,4.97159722222222,-70.201888719107
1491614.58333333,4.97204861111111,-70.3395229300659
1491750,4.9725,-70.4818493039606
1491885.41666667,4.97295138888889,-70.629024034679
1492020.83333333,4.97340277777778,-70.7812141147571
1492156.25,4.97385416666667,-70.9385982869683
1492291.66666667,4.97430555555556,-71.1013681057223
1492427.08333333,4.97475694444444,-71.2697291239452
1492562.5,4.97520833333333,-71.44390222282
1492697.91666667,4.97565972222222,-71.6241251065057
1492833.33333333,4.97611111111111,-71.8106539859087
1492968.75,4.9765625,-72.0037654815954
1493104.16666667,4.97701388888889,-72.2037587804437
1493239.58333333,4.97746527777778,-72.4109580878127
1493375,4.97791666666667,-72.6257154251091
1493510.41666667,4.97836805555556,-72.848413832319
1493645.83333333,4.97881944444444,-73.0794710490244
1493781.25,4.97927083333333,-73.3193437605716
1493916.66666667,4.97972222222222,-73.5685325179589
1494052.08333333,4.98017361111111,-73.8275874635669
1494187.5,4.980625,-74.0971150257702
1494322.91666667,4.98107638888889,-74.3777857870024
1494458.33333333,4.98152777777778,-74.6703437800172
1494593.75,4.98197916666667,-74.975617535844
1494729.16666667,4.98243055555556,-75.2945332942969
1494864.58333333,4.98288194444444,-75.6281309063469
1495000,4.98333333333333,-75.9775831133464
1495135.41666667,4.98378472222222,-76.3442191040692
1495270.83333333,4.98423611111111,-76.7295535382716
1495406.25,4.9846875,-77.1353226363568
1495541.66666667,4.98513888888889,-77.5635295039148
1495677.08333333,4.98559027777778,-78.0165016804761
1495812.5,4.98604166666667,-78.4969650953604
1495947.91666667,4.98649305555556,-79.008140385891
1496083.33333333,4.98694444444444,-79.5538702154364
1496218.75,4.98739583333333,-80.1387903940765
1496354.16666667,4.98784722222222,-80.7685642289256
1496489.58333333,4.98829861111111,-81.4502103957858
1496625,4.98875,-82.1925730289529
1496760.41666667,4.98920138888889,-83.0070151521153
1496895.83333333,4.98965277777778,-83.9084762717623
1497031.25,4.99010416666667,-84.9171508596686
1497166.66666667,4.99055555555556,-86.0612840303287
1497302.08333333,4.99100694444444,-87.3821157556128
1497437.5,4.99145833333333,-88.9433211652875
1497572.91666667,4.99190972222222,-90.8509677164828
1497708.33333333,4.99236111111111,-93.3021972098651
1497843.75,4.9928125,-96.733185238131
1497979.16666667,4.99326388888889,-102.491295923932
1498114.58333333,4.99371527777778,-127.032077915593
1498250,4.99416666666667,-103.587733437069
1498385.41666667,4.99461805555556,-97.281147726348
1498520.83333333,4.99506944444444,-93.6677593237469
1498656.25,4.99552083333333,-91.1254586339861
1498791.66666667,4.99597222222222,-89.1632539011299
1498927.08333333,4.99642361111111,-87.5657429543136
1499062.5,4.996875,-86.2190346134255
1499197.91666667,4.99732638888889,-85.0555424546624
1499333.33333333,4.99777777777778,-84.0318537504066
1499468.75,4.99822916666667,-83.1184198017491
1499604.16666667,4.99868055555556,-82.2942166120067
1499739.58333333,4.99913194444444,-81.5437516687681
1499875,4.99958333333333,-80.8552791032017
1500010.41666667,5.00003472222222,-80.2196813204341
1500145.83333333,5.00048611111111,-79.6297391063779
1500281.25,5.0009375,-79.0796387484563
1500416.66666667,5.00138888888889,-78.5646294186917
1500552.08333333,5.00184027777778,-78.0807789931116
1500687.5,5.00229166666667,-77.6247962050434
1500822.91666667,5.00274305555556,-77.193898619284
1500958.33333333,5.00319444444444,-76.7857129514395
1501093.75,5.00364583333333,-76.3981986655334
1501229.16666667,5.00409722222222,-76.0295886184216
1501364.58333333,5.00454861111111,-75.6783423789162
1501500,5.005,-75.34310910813
1501635.41666667,5.00545138888889,-75.0226977429716
1501770.83333333,5.00590277777778,-74.7160528232779
1501906.25,5.00635416666667,-74.4222347274294
1502041.66666667,5.00680555555556,-74.1404033864427
1502177.08333333,5.00725694444444,-73.8698047657753
1502312.5,5.00770833333333,-73.6097595698684
1502447.91666667,5.00815972222222,-73.3596537442189
1502583.33333333,5.00861111111111,-73.1189304427269
1502718.75,5.0090625,-72.887083197403
1502854.16666667,5.00951388888889,-72.6636500799466
1502989.58333333,5.00996527777778,-72.4482086885751
1503125,5.01041666666667,-72.2403718229266
1503260.41666667,5.01086805555556,-72.0397837374145
1503395.83333333,5.01131944444444,-71.8461168823698
1503531.25,5.01177083333333,-71.659069059059
1503666.66666667,5.01222222222222,-71.4783609269499
1503802.08333333,5.01267361111111,-71.3037338121595
1503937.5,5.013125,-71.1349477747633
1504072.91666667,5.01357638888889,-70.9717798988531
1504208.33333333,5.01402777777778,-70.8140227759742
1504343.75,5.01447916666667,-70.6614831551754
1504479.16666667,5.01493055555556,-70.5139807396513
1504614.58333333,5.01538194444444,-70.3713471102023
1504750,5.01583333333333,-70.2334247606987
1504885.41666667,5.01628472222222,-70.1000662313282
1505020.83333333,5.01673611111111,-69.9711333284146
1505156.25,5.0171875,-69.846496420759
1505291.66666667,5.01763888888889,-69.7260338033559
1505427.08333333,5.01809027777778,-69.6096311213546
1505562.5,5.01854166666667,-69.4971808474622
1505697.91666667,5.01899305555556,-69.388581807277
1505833.33333333,5.01944444444444,-69.2837387468231
1505968.75,5.01989583333333,-69.1825619388976
1506104.16666667,5.02034722222222,-69.0849668233329
1506239.58333333,5.02079861111111,-68.9908736783336
1506375,5.02125,-68.9002073198569
1506510.41666667,5.02170138888889,-68.8128968257621
1506645.83333333,5.02215277777778,-68.7288752832083
1506781.25,5.02260416666667,-68.6480795562987
1506916.66666667,5.02305555555556,-68.5704500730178
1507052.08333333,5.02350694444444,-68.4959306287198
1507187.5,5.02395833333333,-68.4244682056167
1507322.91666667,5.02440972222222,-68.3560128063002
1507458.33333333,5.02486111111111,-68.2905173004978
1507593.75,5.0253125,-68.2279372835558
1507729.16666667,5.02576388888889,-68.168230946156
1507864.58333333,5.02621527777778,-68.1113589537972
1508000,5.02666666666667,-68.0572843361448
1508135.41666667,5.02711805555556,-68.0059723845538
1508270.83333333,5.02756944444444,-67.9573905576234
1508406.25,5.02802083333333,-67.9115083943132
1508541.66666667,5.02847222222222,-67.8682974339686
1508677.08333333,5.02892361111111,-67.8277311425433
1508812.5,5.029375,-67.7897848450154
1508947.91666667,5.02982638888889,-67.7544356632998
1509083.33333333,5.03027777777778,-67.7216624595829
1509218.75,5.03072916666667,-67.6914457843656
1509354.16666667,5.03118055555556,-67.6637678295068
1509489.58333333,5.03163194444444,-67.6386123853499
1509625,5.03208333333333,-67.6159648025083
1509760.41666667,5.03253472222222,-67.5958119570998
1509895.83333333,5.03298611111111,-67.5781422203132
1510031.25,5.0334375,-67.5629454315986
1510166.66666667,5.03388888888889,-67.5502128749474
1510302.08333333,5.03434027777778,-67.5399372592314
1510437.5,5.03479166666667,-67.5321127015492
1510572.91666667,5.03524305555556,-67.5267347138167
1510708.33333333,5.03569444444444,-67.5238001927199
1510843.75,5.03614583333333,-67.5233074125223
1510979.16666667,5.03659722222222,-67.5252560214931
1511114.58333333,5.03704861111111,-67.5296470408026
1511250,5.0375,-67.5364828670738
1511385.41666667,5.03795138888889,-67.5457672775425
1511520.83333333,5.03840277777778,-67.5575054388288
1511656.25,5.03885416666667,-67.5717039184644
1511791.66666667,5.03930555555556,-67.5883706998223
1511927.08333333,5.03975694444444,-67.6075152004122
1512062.5,5.04020833333333,-67.6291482934139
1512197.91666667,5.04065972222222,-67.6532823328278
1512333.33333333,5.04111111111111,-67.6799311821398
1512468.75,5.0415625,-67.7091102467633
1512604.16666667,5.04201388888889,-67.7408365105597
1512739.58333333,5.04246527777778,-67.7751285761579
1512875,5.04291666666667,-67.8120067099094
1513010.41666667,5.04336805555556,-67.851492891238
1513145.83333333,5.04381944444444,-67.8936108667576
1513281.25,5.04427083333333,-67.938386209621
1513416.66666667,5.04472222222222,-67.9858463843221
1513552.08333333,5.04517361111111,-68.0360208170565
1513687.5,5.045625,-68.0889409725255
1513822.91666667,5.04607638888889,-68.1446404373421
1513958.33333333,5.04652777777778,-68.2031550104942
1514093.75,5.04697916666667,-68.2645228014775
1514229.16666667,5.04743055555556,-68.328784336755
1514364.58333333,5.04788194444444,-68.3959826752662
1514500,5.04833333333333,-68.4661635333887
1514635.41666667,5.04878472222222,-68.5393754207211
1514770.83333333,5.04923611111111,-68.6156697871724
1514906.25,5.0496875,-68.6951011824019
1515041.66666667,5.05013888888889,-68.7777274291468
1515177.08333333,5.05059027777778,-68.8636098112673
1515312.5,5.05104166666667,-68.952813278086
1515447.91666667,5.05149305555556,-69.0454066666983
1515583.33333333,5.05194444444444,-69.141462944021
1515718.75,5.05239583333333,-69.241059470223
1515854.16666667,5.05284722222222,-69.3442782865837
1515989.58333333,5.05329861111111,-69.4512064293105
1516125,5.05375,-69.5619362728496
1516260.41666667,5.05420138888889,-69.6765659058941
1516395.83333333,5.05465277777778,-69.7951995434419
1516531.25,5.05510416666667,-69.917947978958
1516666.66666667,5.05555555555556,-70.0449290820526
1516802.08333333,5.05600694444444,-70.1762683462156
1516937.5,5.05645833333333,-70.3120994933811
1517072.91666667,5.05690972222222,-70.4525651420514
1517208.33333333,5.05736111111111,-70.5978175469563
1517343.75,5.0578125,-70.7480194204393
1517479.16666667,5.05826388888889,-70.9033448449027
1517614.58333333,5.05871527777778,-71.0639802902697
1517750,5.05916666666667,-71.230125750457
1517885.41666667,5.05961805555556,-71.4019960154179
1518020.83333333,5.06006944444444,-71.5798220994736
1518156.25,5.06052083333333,-71.7638528486903
1518291.66666667,5.06097222222222,-71.9543567554761
1518427.08333333,5.06142361111111,-72.1516240125334
1518562.5,5.061875,-72.355968845228
1518697.91666667,5.06232638888889,-72.5677321693041
1518833.33333333,5.06277777777778,-72.7872846293706
1518968.75,5.06322916666667,-73.0150300849751
1519104.16666667,5.06368055555556,-73.2514096271556
1519239.58333333,5.06413194444444,-73.4969062235461
1519375,5.06458333333333,-73.7520501153158
1519510.41666667,5.06503472222222,-74.0174251155692
1519645.83333333,5.06548611111111,-74.2936759966761
1519781.25,5.0659375,-74.5815172007555
1519916.66666667,5.06638888888889,-74.8817431669275
1520052.08333333,5.06684027777778,-75.1952406507084
1520187.5,5.06729166666667,-75.5230035143347
1520322.91666667,5.06774305555556,-75.8661506079902
1520458.33333333,5.06819444444444,-76.2259475500022
1520593.75,5.06864583333333,-76.6038334738779
1520729.16666667,5.06909722222222,-77.0014541660672
1520864.58333333,5.06954861111111,-77.4207035185409
1521000,5.07,-77.8637759333651
1521135.41666667,5.07045138888889,-78.3332333448082
1521270.83333333,5.07090277777778,-78.8320920438616
1521406.25,5.07135416666667,-79.3639367683196
1521541.66666667,5.07180555555556,-79.9330730255194
1521677.08333333,5.07225694444444,-80.5447341336238
1521812.5,5.07270833333333,-81.2053684083628
1521947.91666667,5.07315972222222,-81.923046870295
1522083.33333333,5.07361111111111,-82.7080577726131
1522218.75,5.0740625,-83.5738011347117
1522354.16666667,5.07451388888889,-84.5381855457299
1522489.58333333,5.07496527777778,-85.6259089705188
1522625,5.07541666666667,-86.8723935275677
1522760.41666667,5.07586805555556,-88.3310616137099
1522895.83333333,5.07631944444444,-90.0880687016418
1523031.25,5.07677083333333,-92.296088052915
1523166.66666667,5.07722222222222,-95.2674064639481
1523302.08333333,5.07767361111111,-99.8231859943111
1523437.5,5.078125,-109.992647887435
1523572.91666667,5.07857638888889,-108.231342855977
1523708.33333333,5.07902777777778,-99.238290703574
1523843.75,5.07947916666667,-94.9170629201975
1523979.16666667,5.07993055555556,-92.0464043175779
1524114.58333333,5.08038194444444,-89.8944407381282
1524250,5.08083333333333,-88.1732189893055
1524385.41666667,5.08128472222222,-86.7394224555969
1524520.83333333,5.08173611111111,-85.5112615509449
1524656.25,5.0821875,-84.4376250679429
1524791.66666667,5.08263888888889,-83.4844288893924
1524927.08333333,5.08309027777778,-82.6278033149172
1525062.5,5.08354166666667,-81.8503799197662
1525197.91666667,5.08399305555556,-81.1391259940648
1525333.33333333,5.08444444444444,-80.4840117611221
1525468.75,5.08489583333333,-79.8771533745936
1525604.16666667,5.08534722222222,-79.3122413908055
1525739.58333333,5.08579861111111,-78.7841476998966
1525875,5.08625,-78.288647957017
1526010.41666667,5.08670138888889,-77.8222210404029
1526145.83333333,5.08715277777778,-77.3819012271878
1526281.25,5.08760416666667,-76.9651672864981
1526416.66666667,5.08805555555556,-76.5698579488455
1526552.08333333,5.08850694444444,-76.1941065663864
1526687.5,5.08895833333333,-75.8362899614252
1526822.91666667,5.08940972222222,-75.4949879195718
1526958.33333333,5.08986111111111,-75.1689507758738
1527093.75,5.0903125,-74.8570732272462
1527229.16666667,5.09076388888889,-74.5583729894824
1527364.58333333,5.09121527777778,-74.271973262038
1527500,5.09166666666667,-73.9970882124766
1527635.41666667,5.09211805555556,-73.7330108783278
1527770.83333333,5.09256944444444,-73.4791030186442
1527906.25,5.09302083333333,-73.2347865494789
1528041.66666667,5.09347222222222,-72.9995362763022
1528177.08333333,5.09392361111111,-72.7728736946093
1528312.5,5.094375,-72.5543616752557
1528447.91666667,5.09482638888889,-72.3435998878715
1528583.33333333,5.09527777777778,-72.1402208422254
1528718.75,5.09572916666667,-71.9438864506901
1528854.16666667,5.09618055555556,-71.7542850312153
1528989.58333333,5.09663194444444,-71.5711286848567
1529125,5.09708333333333,-71.3941509933851
1529260.41666667,5.09753472222222,-71.2231049913222
1529395.83333333,5.09798611111111,-71.0577613734896
1529531.25,5.0984375,-70.8979069070907
1529666.66666667,5.09888888888889,-70.743343020184
1529802.08333333,5.09934027777778,-70.5938845439095
1529937.5,5.09979166666667,-70.4493585890498
1530072.91666667,5.10024305555556,-70.3096035398668
1530208.33333333,5.10069444444444,-70.1744681509922
1530343.75,5.10114583333333,-70.0438107352484
1530479.16666667,5.10159722222222,-69.9174984312546
1530614.58333333,5.10204861111111,-69.7954065422102
1530750,5.1025,-69.677417937492
1530885.41666667,5.10295138888889,-69.5634225100185
1531020.83333333,5.10340277777778,-69.4533166835558
1531156.25,5.10385416666667,-69.3470029648472
1531291.66666667,5.10430555555556,-69.2443895351539
1531427.08333333,5.10475694444444,-69.1453898780258
1531562.5,5.10520833333333,-69.0499224388349
1531697.91666667,5.10565972222222,-68.9579103137876
1531833.33333333,5.10611111111111,-68.8692809648301
1531968.75,5.1065625,-68.7839659581393
1532104.16666667,5.10701388888889,-68.7019007243821
1532239.58333333,5.10746527777778,-68.6230243383498
1532375,5.10791666666667,-68.5472793161344
1532510.41666667,5.10836805555556,-68.4746114287157
1532645.83333333,5.10881944444444,-68.4049695301896
1532781.25,5.10927083333333,-68.3383053995158
1532916.66666667,5.10972222222222,-68.2745735945904
1533052.08333333,5.11017361111111,-68.2137313177187
1533187.5,5.110625,-68.1557382915406
1533322.91666667,5.11107638888889,-68.1005566445394
1533458.33333333,5.11152777777778,-68.0481508053547
1533593.75,5.11197916666667,-67.9984874056174
1533729.16666667,5.11243055555556,-67.9515351899768
1533864.58333333,5.11288194444444,-67.9072649336324
1534000,5.11333333333333,-67.8656493660522
1534135.41666667,5.11378472222222,-67.8266631012793
1534270.83333333,5.11423611111111,-67.7902825735773
1534406.25,5.1146875,-67.7564859787633
1534541.66666667,5.11513888888889,-67.7252532204558
1534677.08333333,5.11559027777778,-67.6965658612603
1534812.5,5.11604166666667,-67.6704070783331
1534947.91666667,5.11649305555556,-67.6467616232867
1535083.33333333,5.11694444444444,-67.6256157862824
1535218.75,5.11739583333333,-67.6069573638489
1535354.16666667,5.11784722222222,-67.5907756306442
1535489.58333333,5.11829861111111,-67.5770613146362
1535625,5.11875,-67.5658065758903
1535760.41666667,5.11920138888889,-67.5570049886646
1535895.83333333,5.11965277777778,-67.5506515268806
1536031.25,5.12010416666667,-67.5467425526495
1536166.66666667,5.12055555555556,-67.5452758081472
1536302.08333333,5.12100694444444,-67.5462504104781
1536437.5,5.12145833333333,-67.5496668497303
1536572.91666667,5.12190972222222,-67.5555269900387
1536708.33333333,5.12236111111111,-67.5638340737985
1536843.75,5.1228125,-67.5745927289792
1536979.16666667,5.12326388888889,-67.5878089795585
1537114.58333333,5.12371527777778,-67.6034902593216
1537250,5.12416666666667,-67.6216454285927
1537385.41666667,5.12461805555556,-67.6422847946091
1537520.83333333,5.12506944444444,-67.665420135272
1537656.25,5.12552083333333,-67.691064726444
1537791.66666667,5.12597222222222,-67.7192333728777
1537927.08333333,5.12642361111111,-67.7499424431147
1538062.5,5.126875,-67.7832099084261
1538197.91666667,5.12732638888889,-67.819055385792
1538333.33333333,5.12777777777778,-67.8575001855973
1538468.75,5.12822916666667,-67.8985673639205
1538604.16666667,5.12868055555556,-67.9422817798027
1538739.58333333,5.12913194444444,-67.9886701577392
1538875,5.12958333333333,-68.0377611560388
1539010.41666667,5.13003472222222,-68.0895854410752
1539145.83333333,5.13048611111111,-68.1441757679889
1539281.25,5.1309375,-68.2015670683142
1539416.66666667,5.13138888888889,-68.2617965452294
1539552.08333333,5.13184027777778,-68.3249037766674
1539687.5,5.13229166666667,-68.3909308271013
1539822.91666667,5.13274305555556,-68.459922368955
1539958.33333333,5.13319444444444,-68.531925814006
1540093.75,5.13364583333333,-68.6069914559589
1540229.16666667,5.13409722222222,-68.6851726249182
1540364.58333333,5.13454861111111,-68.766525855432
1540500,5.135,-68.8511110683751
1540635.41666667,5.13545138888889,-68.9389917690647
1540770.83333333,5.13590277777778,-69.0302352622364
1540906.25,5.13635416666667,-69.1249128862993
1541041.66666667,5.13680555555556,-69.2231002682551
1541177.08333333,5.13725694444444,-69.3248776017932
1541312.5,5.13770833333333,-69.4303299506913
1541447.91666667,5.13815972222222,-69.5395475804354
1541583.33333333,5.13861111111111,-69.6526263211855
1541718.75,5.1390625,-69.7696679652547
1541854.16666667,5.13951388888889,-69.8907807033181
1541989.58333333,5.13996527777778,-70.0160796040211
1542125,5.14041666666667,-70.1456871413786
1542260.41666667,5.14086805555556,-70.2797337766911
1542395.83333333,5.14131944444444,-70.4183586012385
1542531.25,5.14177083333333,-70.5617100470817
1542666.66666667,5.14222222222222,-70.7099466756388
1542802.08333333,5.14267361111111,-70.8632380535472
1542937.5,5.143125,-71.0217657279935
1543072.91666667,5.14357638888889,-71.1857243149724
1543208.33333333,5.14402777777778,-71.3553227167823
1543343.75,5.14447916666667,-71.5307854872727
1543479.16666667,5.14493055555556,-71.7123543670959
1543614.58333333,5.14538194444444,-71.9002900141435
1543750,5.14583333333333,-72.0948739608282
1543885.41666667,5.14628472222222,-72.2964108336833
1544020.83333333,5.14673611111111,-72.5052308789277
1544156.25,5.1471875,-72.7216928462504
1544291.66666667,5.14763888888889,-72.9461872929818
1544427.08333333,5.14809027777778,-73.1791403843266
1544562.5,5.14854166666667,-73.4210182822362
1544697.91666667,5.14899305555556,-73.6723322351536
1544833.33333333,5.14944444444444,-73.9336445073181
1544968.75,5.14989583333333,-74.2055753201067
1545104.16666667,5.15034722222222,-74.4888110184265
1545239.58333333,5.15079861111111,-74.7841137330551
1545375,5.15125,-75.0923328784886
1545510.41666667,5.15170138888889,-75.4144189218467
1545645.83333333,5.15215277777778,-75.7514399829762
1545781.25,5.15260416666667,-76.104601995395
1545916.66666667,5.15305555555556,-76.4752733838595
1546052.08333333,5.15350694444444,-76.8650155311776
1546187.5,5.15395833333333,-77.2756207442155
1546322.91666667,5.15440972222222,-77.7091600495476
1546458.33333333,5.15486111111111,-78.1680440388767
1546593.75,5.1553125,-78.6551012890267
1546729.16666667,5.15576388888889,-79.1736808234761
1546864.58333333,5.15621527777778,-79.7277880397033
1547000,5.15666666666667,-80.322268142585
1547135.41666667,5.15711805555556,-80.963058513071
1547270.83333333,5.15756944444444,-81.6575436472166
1547406.25,5.15802083333333,-82.4150671478495
1547541.66666667,5.15847222222222,-83.2476923291072
1547677.08333333,5.15892361111111,-84.1713720358215
1547812.5,5.159375,-85.2078240754334
1547947.91666667,5.15982638888889,-86.3876939626741
1548083.33333333,5.16027777777778,-87.7562365797481
1548218.75,5.16072916666667,-89.3843885658814
1548354.16666667,5.16118055555556,-91.3928397952224
1548489.58333333,5.16163194444444,-94.0132146954403
1548625,5.16208333333333,-97.7871419954075
1548760.41666667,5.16253472222222,-104.616314500462
1548895.83333333,5.16298611111111,-118.798777029993
1549031.25,5.1634375,-101.751783385626
1549166.66666667,5.16388888888889,-96.3652147086024
1549302.08333333,5.16434027777778,-93.0671778843243
1549437.5,5.16479166666667,-90.6843947012635
1549572.91666667,5.16524305555556,-88.8185431257756
1549708.33333333,5.16569444444444,-87.2855618838064
1549843.75,5.16614583333333,-85.9851075236557
1549979.16666667,5.16659722222222,-84.856406612842
1550114.58333333,5.16704861111111,-83.8598471754061
1550250,5.1675,-82.9681681543924
1550385.41666667,5.16795138888889,-82.1618049320048
1550520.83333333,5.16840277777778,-81.4262398616369
1550656.25,5.16885416666667,-80.7504030972906
1550791.66666667,5.16930555555556,-80.1256605893852
1550927.08333333,5.16975694444444,-79.5451481457662
1551062.5,5.17020833333333,-79.0033185948938
1551197.91666667,5.17065972222222,-78.4956251191946
1551333.33333333,5.17111111111111,-78.0182943971598
1551468.75,5.1715625,-77.5681606234847
1551604.16666667,5.17201388888889,-77.1425417978942
1551739.58333333,5.17246527777778,-76.7391459894422
1551875,5.17291666666667,-76.3559992618331
1552010.41666667,5.17336805555556,-75.9913895177339
1552145.83333333,5.17381944444444,-75.6438222204851
1552281.25,5.17427083333333,-75.3119851012061
1552416.66666667,5.17472222222222,-74.9947197480572
1552552.08333333,5.17517361111111,-74.6909985275741
1552687.5,5.175625,-74.3999056805561
1552822.91666667,5.17607638888889,-74.1206217183726
1552958.33333333,5.17652777777778,-73.8524104510837
1553093.75,5.17697916666667,-73.5946081324351
1553229.16666667,5.17743055555556,-73.3466143202515
1553364.58333333,5.17788194444444,-73.1078841368842
1553500,5.17833333333333,-72.8779216802831
1553635.41666667,5.17878472222222,-72.6562743859173
1553770.83333333,5.17923611111111,-72.4425281802378
1553906.25,5.1796875,-72.2363032956431
1554041.66666667,5.18013888888889,-72.0372506412138
1554177.08333333,5.18059027777778,-71.8450486440008
1554312.5,5.18104166666667,-71.6594004885707
1554447.91666667,5.18149305555556,-71.480031696539
1554583.33333333,5.18194444444444,-71.3066879972597
1554718.75,5.18239583333333,-71.139133448412
1554854.16666667,5.18284722222222,-70.9771487724673
1554989.58333333,5.18329861111111,-70.820529879533
1555125,5.18375,-70.6690865528518
1555260.41666667,5.18420138888889,-70.522641275367
1555395.83333333,5.18465277777778,-70.3810281799586
1555531.25,5.18510416666667,-70.2440921080864
1555666.66666667,5.18555555555556,-70.1116877637674
1555802.08333333,5.18600694444444,-69.9836789513089
1555937.5,5.18645833333333,-69.8599378878817
1556072.91666667,5.18690972222222,-69.7403445812087
1556208.33333333,5.18736111111111,-69.6247862665639
1556343.75,5.1878125,-69.5131568950894
1556479.16666667,5.18826388888889,-69.4053566694498
1556614.58333333,5.18871527777778,-69.3012916202834
1556750,5.18916666666667,-69.2008732206885
1556885.41666667,5.18961805555556,-69.1040180337966
1557020.83333333,5.19006944444444,-69.0106473906398
1557156.25,5.19052083333333,-68.9206870954401
1557291.66666667,5.19097222222222,-68.8340671551505
1557427.08333333,5.19142361111111,-68.7507215317699
1557562.5,5.191875,-68.6705879142169
1557697.91666667,5.19232638888889,-68.5936075094633
1557833.33333333,5.19277777777778,-68.5197248496173
1557968.75,5.19322916666667,-68.4488876147503
1558104.16666667,5.19368055555556,-68.3810464695009
1558239.58333333,5.19413194444444,-68.3161549125211
1558375,5.19458333333333,-68.254169137703
1558510.41666667,5.19503472222222,-68.1950479060005
1558645.83333333,5.19548611111111,-68.1387524275825
1558781.25,5.1959375,-68.0852462525116
1558916.66666667,5.19638888888889,-68.0344951706773
1559052.08333333,5.19684027777778,-67.9864671187602
1559187.5,5.19729166666667,-67.9411320952742
1559322.91666667,5.19774305555556,-67.8984620816518
1559458.33333333,5.19819444444444,-67.8584309702266
1559593.75,5.19864583333333,-67.821014497754
1559729.16666667,5.19909722222222,-67.7861901846391
1559864.58333333,5.19954861111111,-67.7539372793754
1560000,5.2,-67.7242367076749
1560135.41666667,5.20045138888889,-67.6970710264875
1560270.83333333,5.20090277777778,-67.6724243823633
1560406.25,5.20135416666667,-67.6502824736727
1560541.66666667,5.20180555555556,-67.6306325171516
1560677.08333333,5.20225694444444,-67.613463218248
1560812.5,5.20270833333333,-67.5987647448512
1560947.91666667,5.20315972222222,-67.586528704737
1561083.33333333,5.20361111111111,-67.5767481264099
1561218.75,5.2040625,-67.5694174432301
1561354.16666667,5.20451388888889,-67.5645324808693
1561489.58333333,5.20496527777778,-67.5620904477501
1561625,5.20541666666667,-67.5620899288971
1561760.41666667,5.20586805555556,-67.5645308826366
1561895.83333333,5.20631944444444,-67.5694146405764
1562031.25,5.20677083333333,-67.5767439105758
1562166.66666667,5.20722222222222,-67.5865227828246
1562302.08333333,5.20767361111111,-67.5987567391576
1562437.5,5.208125,-67.6134526653536
1562572.91666667,5.20857638888889,-67.6306188669338
1562708.33333333,5.20902777777778,-67.650265088004
1562843.75,5.20947916666667,-67.6724025337045
1562979.16666667,5.20993055555556,-67.6970438961137
1563114.58333333,5.21038194444444,-67.724203383708
1563250,5.21083333333333,-67.7538967549225
1563385.41666667,5.21128472222222,-67.7861413550762
1563520.83333333,5.21173611111111,-67.8209561581992
1563656.25,5.2121875,-67.8583618126257
1563791.66666667,5.21263888888889,-67.898380691593
1563927.08333333,5.21309027777778,-67.9410369483888
1564062.5,5.21354166666667,-67.9863565769459
1564197.91666667,5.21399305555556,-68.0343674778274
1564333.33333333,5.21444444444444,-68.0850995300947
1564468.75,5.21489583333333,-68.138584669518
1564604.16666667,5.21534722222222,-68.1948569734151
1564739.58333333,5.21579861111111,-68.2539527530225
1564875,5.21625,-68.3159106531848
1565010.41666667,5.21670138888889,-68.3807717610132
1565145.83333333,5.21715277777778,-68.4485797233143
1565281.25,5.21760416666667,-68.5193808740833
1565416.66666667,5.21805555555556,-68.5932243725115
1565552.08333333,5.21850694444444,-68.6701623529539
1565687.5,5.21895833333333,-68.7502500873095
1565822.91666667,5.21940972222222,-68.8335461616455
1565958.33333333,5.21986111111111,-68.9201126676367
1566093.75,5.2203125,-69.0100154109613
1566229.16666667,5.22076388888889,-69.1033241377743
1566364.58333333,5.22121527777778,-69.2001127814178
1566500,5.22166666666667,-69.3004597312701
1566635.41666667,5.22211805555556,-69.4044481260462
1566770.83333333,5.22256944444444,-69.5121661740865
1566906.25,5.22302083333333,-69.6237075038574
1567041.66666667,5.22347222222222,-69.7391715474876
1567177.08333333,5.22392361111111,-69.8586639616297
1567312.5,5.224375,-69.9822970895786
1567447.91666667,5.22482638888889,-70.1101904694987
1567583.33333333,5.22527777777778,-70.2424713944542
1567718.75,5.22572916666667,-70.3792755308059
1567854.16666667,5.22618055555556,-70.5207476014839
1567989.58333333,5.22663194444444,-70.6670421434685
1568125,5.22708333333333,-70.8183243482552
1568260.41666667,5.22753472222222,-70.974770997378
1568395.83333333,5.22798611111111,-71.1365715049998
1568531.25,5.2284375,-71.3039290832685
1568666.66666667,5.22888888888889,-71.4770620479926
1568802.08333333,5.22934027777778,-71.6562052849489
1568937.5,5.22979166666667,-71.8416119015995
1569072.91666667,5.23024305555556,-72.0335550922772
1569208.33333333,5.23069444444444,-72.232330251398
1569343.75,5.23114583333333,-72.4382573748991
1569479.16666667,5.23159722222222,-72.6516837984062
1569614.58333333,5.23204861111111,-72.8729873300918
1569750,5.2325,-73.1025798490075
1569885.41666667,5.23295138888889,-73.3409114534094
1570020.83333333,5.23340277777778,-73.5884752641167
1570156.25,5.23385416666667,-73.8458130100909
1570291.66666667,5.23430555555556,-74.1135215544961
1570427.08333333,5.23475694444444,-74.3922605580307
1570562.5,5.23520833333333,-74.6827615250844
1570697.91666667,5.23565972222222,-74.9858385445609
1570833.33333333,5.23611111111111,-75.3024011194996
1570968.75,5.2365625,-75.6334695944549
1571104.16666667,5.23701388888889,-75.9801938362327
1571239.58333333,5.23746527777778,-76.3438760299237
1571375,5.23791666666667,-76.7259987265705
1571510.41666667,5.23836805555556,-77.128259665209
1571645.83333333,5.23881944444444,-77.5526154327019
1571781.25,5.23927083333333,-78.0013367977839
1571916.66666667,5.23972222222222,-78.4770796764809
1572052.08333333,5.24017361111111,-78.9829773490587
1572187.5,5.240625,-79.5227620499083
1572322.91666667,5.24107638888889,-80.1009279329322
1572458.33333333,5.24152777777778,-80.7229535412921
1572593.75,5.24197916666667,-81.3956119280939
1572729.16666667,5.24243055555556,-82.1274134376404
1572864.58333333,5.24288194444444,-82.9292556710478
1573000,5.24333333333333,-83.8154090916331
1573135.41666667,5.24378472222222,-84.805070466197
1573270.83333333,5.24423611111111,-85.9249284592183
1573406.25,5.2446875,-87.2136529918135
1573541.66666667,5.24513888888889,-88.7303498874038
1573677.08333333,5.24559027777778,-90.5721043408662
1573812.5,5.24604166666667,-92.9156382069507
1573947.91666667,5.24649305555556,-96.1385493170592
1574083.33333333,5.24694444444444,-101.323914539522
1574218.75,5.24739583333333,-116.070498986006
1574354.16666667,5.24784722222222,-105.284113205718
1574489.58333333,5.24829861111111,-98.0928781368046
1574625,5.24875,-94.215061126213
1574760.41666667,5.24920138888889,-91.5454423320293
1574895.83333333,5.24965277777778,-89.5082805855053
1575031.25,5.25010416666667,-87.8613415525319
1575166.66666667,5.25055555555556,-86.4795611854118
1575302.08333333,5.25100694444444,-85.2898701274063
1575437.5,5.25145833333333,-84.2458495335728
1575572.91666667,5.25190972222222,-83.3161647200537
1575708.33333333,5.25236111111111,-82.4786638125661
1575843.75,5.2528125,-81.7171069638327
1575979.16666667,5.25326388888889,-81.0192335004431
1576114.58333333,5.25371527777778,-80.3755596392302
1576250,5.25416666666667,-79.7785985735342
1576385.41666667,5.25461805555556,-79.2223365009759
1576520.83333333,5.25506944444444,-78.7018699832103
1576656.25,5.25552083333333,-78.2131484694326
1576791.66666667,5.25597222222222,-77.752787385411
1576927.08333333,5.25642361111111,-77.3179297821872
1577062.5,5.256875,-76.9061421490642
1577197.91666667,5.25732638888889,-76.5153347435863
1577333.33333333,5.25777777777778,-76.1436998243006
1577468.75,5.25822916666667,-75.7896631660235
1577604.16666667,5.25868055555556,-75.4518455715319
1577739.58333333,5.25913194444444,-75.1290320035252
1577875,5.25958333333333,-74.8201465953331
1578010.41666667,5.26003472222222,-74.5242322469449
1578145.83333333,5.26048611111111,-74.2404338307212
1578281.25,5.2609375,-73.9679842684214
1578416.66666667,5.26138888888889,-73.7061929090249
1578552.08333333,5.26184027777778,-73.4544357657165
1578687.5,5.26229166666667,-73.2121472669122
1578822.91666667,5.26274305555556,-72.9788132471675
1578958.33333333,5.26319444444444,-72.753964961801
1579093.75,5.26364583333333,-72.5371739503824
1579229.16666667,5.26409722222222,-72.3280476088698
1579364.58333333,5.26454861111111,-72.1262253565363
1579500,5.265,-71.9313753037367
1579635.41666667,5.26545138888889,-71.7431913448812
1579770.83333333,5.26590277777778,-71.5613906123546
1579906.25,5.26635416666667,-71.3857112399312
1580041.66666667,5.26680555555556,-71.215910390618
1580177.08333333,5.26725694444444,-71.0517625132536
1580312.5,5.26770833333333,-70.8930577963599
1580447.91666667,5.26815972222222,-70.7396007931301
1580583.33333333,5.26861111111111,-70.59120919566
1580718.75,5.2690625,-70.4477127391609
1580854.16666667,5.26951388888889,-70.3089522202576
1580989.58333333,5.26996527777778,-70.1747786155731
1581125,5.27041666666667,-70.0450522879491
1581260.41666667,5.27086805555556,-69.9196422713244
1581395.83333333,5.27131944444444,-69.7984256240777
1581531.25,5.27177083333333,-69.6812868437364
1581666.66666667,5.27222222222222,-69.5681173362843
1581802.08333333,5.27267361111111,-69.4588149339041
1581937.5,5.273125,-69.3532834562772
1582072.91666667,5.27357638888889,-69.2514323108416
1582208.33333333,5.27402777777778,-69.1531761277438
1582343.75,5.27447916666667,-69.0584344266238
1582479.16666667,5.27493055555556,-68.9671313113906
1582614.58333333,5.27538194444444,-68.8791951907856
1582750,5.27583333333333,-68.7945585219838
1582885.41666667,5.27628472222222,-68.7131575753349
1583020.83333333,5.27673611111111,-68.6349322180516
1583156.25,5.2771875,-68.5598257153559
1583291.66666667,5.27763888888889,-68.4877845473508
1583427.08333333,5.27809027777778,-68.4187582404758
1583562.5,5.27854166666667,-68.3526992120816
1583697.91666667,5.27899305555556,-68.2895626271619
1583833.33333333,5.27944444444444,-68.229306266298
1583968.75,5.27989583333333,-68.1718904038116
1584104.16666667,5.28034722222222,-68.1172776951857
1584239.58333333,5.28079861111111,-68.0654330735649
1584375,5.28125,-68.0163236540842
1584510.41666667,5.28170138888889,-67.9699186457875
1584645.83333333,5.28215277777778,-67.9261892704002
1584781.25,5.28260416666667,-67.8851086877674
1584916.66666667,5.28305555555556,-67.8466519272627
1585052.08333333,5.28350694444444,-67.8107958248048
1585187.5,5.28395833333333,-67.7775189652699
1585322.91666667,5.28440972222222,-67.7468016299983
1585458.33333333,5.28486111111111,-67.7186257488249
1585593.75,5.2853125,-67.6929748567568
1585729.16666667,5.28576388888889,-67.6698340548034
1585864.58333333,5.28621527777778,-67.6491899748991
1586000,5.28666666666667,-67.6310307486603
1586135.41666667,5.28711805555556,-67.6153459799165
1586270.83333333,5.28756944444444,-67.6021267207028
1586406.25,5.28802083333333,-67.5913654508364
1586541.66666667,5.28847222222222,-67.5830560606951
1586677.08333333,5.28892361111111,-67.5771938374273
1586812.5,5.289375,-67.5737754543831
1586947.91666667,5.28982638888889,-67.572798963405
1587083.33333333,5.29027777777778,-67.5742637905295
1587218.75,5.29072916666667,-67.5781707347649
1587354.16666667,5.29118055555556,-67.5845219698043
1587489.58333333,5.29163194444444,-67.5933210489812
1587625,5.29208333333333,-67.6045729132247
1587760.41666667,5.29253472222222,-67.6182839022852
1587895.83333333,5.29298611111111,-67.6344617691116
1588031.25,5.2934375,-67.6531156975288
1588166.66666667,5.29388888888889,-67.6742563232825
1588302.08333333,5.29434027777778,-67.6978957585734
1588437.5,5.29479166666667,-67.7240476201479
1588572.91666667,5.29524305555556,-67.7527270611181
1588708.33333333,5.29569444444444,-67.7839508068205
1588843.75,5.29614583333333,-67.8177371945025
1588979.16666667,5.29659722222222,-67.8541062174714
1589114.58333333,5.29704861111111,-67.8930795737782
1589250,5.2975,-67.9346807195153
1589385.41666667,5.29795138888889,-67.9789349272942
1589520.83333333,5.29840277777778,-68.0258693500194
1589656.25,5.29885416666667,-68.0755130905888
1589791.66666667,5.29930555555556,-68.1278972774637
1589927.08333333,5.29975694444444,-68.1830551468783
1590062.5,5.30020833333333,-68.2410221322487
1590197.91666667,5.30065972222222,-68.3018359610123
1590333.33333333,5.30111111111111,-68.3655367596684
1590468.75,5.3015625,-68.4321671677416
1590604.16666667,5.30201388888889,-68.5017724612291
1590739.58333333,5.30246527777778,-68.5744006864912
1590875,5.30291666666667,-68.6501028054154
1591010.41666667,5.30336805555556,-68.7289328528975
1591145.83333333,5.30381944444444,-68.810948107734
1591281.25,5.30427083333333,-68.8962092781881
1591416.66666667,5.30472222222222,-68.9847807036096
1591552.08333333,5.30517361111111,-69.0767305737038
1591687.5,5.305625,-69.1721311671743
1591822.91666667,5.30607638888889,-69.271059111722
1591958.33333333,5.30652777777778,-69.3735956675036
1592093.75,5.30697916666667,-69.4798270367095
1592229.16666667,5.30743055555556,-69.5898447019387
1592364.58333333,5.30788194444444,-69.7037457965327
1592500,5.30833333333333,-69.8216335103626
1592635.41666667,5.30878472222222,-69.9436175356421
1592770.83333333,5.30923611111111,-70.0698145563918
1592906.25,5.3096875,-70.20034878782
1593041.66666667,5.31013888888889,-70.3353525712649
1593177.08333333,5.31059027777778,-70.4749670312644
1593312.5,5.31104166666667,-70.619342803351
1593447.91666667,5.31149305555556,-70.7686408409771
1593583.33333333,5.31194444444444,-70.9230333127463
1593718.75,5.31239583333333,-71.0827046018551
1593854.16666667,5.31284722222222,-71.2478524218276
1593989.58333333,5.31329861111111,-71.4186890655911
1594125,5.31375,-71.5954428067105
1594260.41666667,5.31420138888889,-71.7783594761276
1594395.83333333,5.31465277777778,-71.9677042407083
1594531.25,5.31510416666667,-72.1637636160178
1594666.66666667,5.31555555555556,-72.3668477505522
1594802.08333333,5.31600694444444,-72.5772930269608
1594937.5,5.31645833333333,-72.7954650343558
1595072.91666667,5.31690972222222,-73.0217619766404
1595208.33333333,5.31736111111111,-73.2566185965344
1595343.75,5.3178125,-73.5005107108726
1595479.16666667,5.31826388888889,-73.7539604759665
1595614.58333333,5.31871527777778,-74.0175425280788
1595750,5.31916666666667,-74.2918911788863
1595885.41666667,5.31961805555556,-74.577708892901
1596020.83333333,5.32006944444444,-74.8757763288452
1596156.25,5.32052083333333,-75.1869643059465
1596291.66666667,5.32097222222222,-75.5122481546247
1596427.08333333,5.32142361111111,-75.8527250461317
1596562.5,5.321875,-76.2096350743761
1596697.91666667,5.32232638888889,-76.5843871098311
1596833.33333333,5.32277777777778,-76.9785907830164
1596968.75,5.32322916666667,-77.3940964287048
1597104.16666667,5.32368055555556,-77.8330454927581
1597239.58333333,5.32413194444444,-78.2979348739705
1597375,5.32458333333333,-78.7917000945029
1597510.41666667,5.32503472222222,-79.3178243243334
1597645.83333333,5.32548611111111,-79.8804835467585
1597781.25,5.3259375,-80.4847432684239
1597916.66666667,5.32638888888889,-81.1368304274166
1598052.08333333,5.32684027777778,-81.8445178709527
1598187.5,5.32729166666667,-82.6176824168908
1598322.91666667,5.32774305555556,-83.4691399604023
1598458.33333333,5.32819444444444,-84.4159410481275
1598593.75,5.32864583333333,-85.4814697842825
1598729.16666667,5.32909722222222,-86.6990295455153
1598864.58333333,5.32954861111111,-88.118391235316
1599000,5.33,-89.8188338265852
1599135.41666667,5.33045138888889,-91.9383589191922
1599270.83333333,5.33090277777778,-94.7513671360702
1599406.25,5.33135416666667,-98.9418853732648
1599541.66666667,5.33180555555556,-107.353473047717
1599677.08333333,5.33225694444444,-111.311012629252
1599812.5,5.33270833333333,-100.240959165115
1599947.91666667,5.33315972222222,-95.5296844273337
1600083.33333333,5.33361111111111,-92.4939056096741
1600218.75,5.3340625,-90.2506475889494
1600354.16666667,5.33451388888889,-88.471444368217
1600489.58333333,5.33496527777778,-86.9975265748347
1600625,5.33541666666667,-85.7399296291167
1600760.41666667,5.33586805555556,-84.6437567565599
1600895.83333333,5.33631944444444,-83.672737619118
1601031.25,5.33677083333333,-82.801651686695
1601166.66666667,5.33722222222222,-82.012250861628
1601302.08333333,5.33767361111111,-81.2909049687163
1601437.5,5.338125,-80.6271642049126
1601572.91666667,5.33857638888889,-80.0128408153024
1601708.33333333,5.33902777777778,-79.4414000323026
1601843.75,5.33947916666667,-78.9075431459592
1601979.16666667,5.33993055555556,-78.4069142724929
1602114.58333333,5.34038194444444,-77.9358892364927
1602250,5.34083333333333,-77.4914204316741
1602385.41666667,5.34128472222222,-77.0709207416837
1602520.83333333,5.34173611111111,-76.6721752842903
1602656.25,5.3421875,-76.2932733400435
1602791.66666667,5.34263888888889,-75.9325551681412
1602927.08333333,5.34309027777778,-75.5885699653204
1603062.5,5.34354166666667,-75.2600422788604
1603197.91666667,5.34399305555556,-74.9458449122008
1603333.33333333,5.34444444444444,-74.6449768731026
1603468.75,5.34489583333333,-74.3565452785816
1603604.16666667,5.34534722222222,-74.0797503942808
1603739.58333333,5.34579861111111,-73.8138731780708
1603875,5.34625,-73.558264842077
1604010.41666667,5.34670138888889,-73.3123380522506
1604145.83333333,5.34715277777778,-73.0755594669773
1604281.25,5.34760416666667,-72.8474433773406
1604416.66666667,5.34805555555556,-72.6275462596741
1604552.08333333,5.34850694444444,-72.415462088071
1604687.5,5.34895833333333,-72.2108182821955
1604822.91666667,5.34940972222222,-72.0132721910229
1604958.33333333,5.34986111111111,-71.8225080289373
1605093.75,5.3503125,-71.6382341966749
1605229.16666667,5.35076388888889,-71.4601809299601
1605364.58333333,5.35121527777778,-71.2880982297533
1605500,5.35166666666667,-71.1217540341097
1605635.41666667,5.35211805555556,-70.9609325987196
1605770.83333333,5.35256944444444,-70.8054330584551
1605906.25,5.35302083333333,-70.6550681461034
1606041.66666667,5.35347222222222,-70.5096630482191
1606177.08333333,5.35392361111111,-70.3690543809989
1606312.5,5.354375,-70.2330892712958
1606447.91666667,5.35482638888889,-70.1016245302867
1606583.33333333,5.35527777777778,-69.9745259091486
1606718.75,5.35572916666667,-69.851667426434
1606854.16666667,5.35618055555556,-69.7329307601751
1606989.58333333,5.35663194444444,-69.6182046965216
1607125,5.35708333333333,-69.5073846295728
1607260.41666667,5.35753472222222,-69.4003721060649
1607395.83333333,5.35798611111111,-69.2970744112394
1607531.25,5.3584375,-69.1974041908323
1607666.66666667,5.35888888888889,-69.1012791056832
1607802.08333333,5.35934027777778,-69.0086215161061
1607937.5,5.35979166666667,-68.9193581927581
1608072.91666667,5.36024305555556,-68.8334200516022
1608208.33333333,5.36069444444444,-68.7507419106518
1608343.75,5.36114583333333,-68.6712622665078
1608479.16666667,5.36159722222222,-68.5949230889424
1608614.58333333,5.36204861111111,-68.5216696318848
1608750,5.3625,-68.4514502593009
1608885.41666667,5.36295138888889,-68.3842162849016
1609020.83333333,5.36340277777778,-68.3199218241647
1609156.25,5.36385416666667,-68.2585236581926
1609291.66666667,5.36430555555556,-68.1999811078127
1609427.08333333,5.36475694444444,-68.1442559177276
1609562.5,5.36520833333333,-68.0913121493767
1609697.91666667,5.36565972222222,-68.0411160824178
1609833.33333333,5.36611111111111,-67.9936361236193
1609968.75,5.3665625,-67.9488427233028
1610104.16666667,5.36701388888889,-67.9067082980049
1610239.58333333,5.36746527777778,-67.867207159615
1610375,5.36791666666667,-67.8303154504686
1610510.41666667,5.36836805555556,-67.7960110835385
1610645.83333333,5.36881944444444,-67.7642736880485
1610781.25,5.36927083333333,-67.7350845597294
1610916.66666667,5.36972222222222,-67.7084266158856
1611052.08333333,5.37017361111111,-67.6842843543848
1611187.5,5.370625,-67.6626438172057
1611322.91666667,5.37107638888889,-67.643492557767
1611458.33333333,5.37152777777778,-67.6268196117685
1611593.75,5.37197916666667,-67.6126154720876
1611729.16666667,5.37243055555556,-67.600872066887
1611864.58333333,5.37288194444444,-67.5915827412127
1612000,5.37333333333333,-67.5847422417957
1612135.41666667,5.37378472222222,-67.5803467053001
1612270.83333333,5.37423611111111,-67.5783936494212
1612406.25,5.3746875,-67.5788819675038
1612541.66666667,5.37513888888889,-67.5818119258608
1612677.08333333,5.37559027777778,-67.5871851644575
1612812.5,5.37604166666667,-67.5950047005953
1612947.91666667,5.37649305555556,-67.6052749358229
1613083.33333333,5.37694444444444,-67.6180016655947
1613218.75,5.37739583333333,-67.6331920927121
1613354.16666667,5.37784722222222,-67.6508548435477
1613489.58333333,5.37829861111111,-67.6709999878566
1613625,5.37875,-67.6936390619009
1613760.41666667,5.37920138888889,-67.7187850950477
1613895.83333333,5.37965277777778,-67.7464526404331
1614031.25,5.38010416666667,-67.7766578088523
1614166.66666667,5.38055555555556,-67.8094183071825
1614302.08333333,5.38100694444444,-67.8447534807058
1614437.5,5.38145833333333,-67.8826843599255
1614572.91666667,5.38190972222222,-67.9232337122574
1614708.33333333,5.38236111111111,-67.9664260981762
1614843.75,5.3828125,-68.0122879331898
1614979.16666667,5.38326388888889,-68.0608475549649
1615114.58333333,5.38371527777778,-68.1121352966117
1615250,5.38416666666667,-68.1661835663607
1615385.41666667,5.38461805555556,-68.2230269341197
1615520.83333333,5.38506944444444,-68.2827022251542
1615656.25,5.38552083333333,-68.3452486221316
1615791.66666667,5.38597222222222,-68.4107077754057
1615927.08333333,5.38642361111111,-68.4791239227059
1616062.5,5.386875,-68.550544018855
1616197.91666667,5.38732638888889,-68.625017876508
1616333.33333333,5.38777777777778,-68.7025983186919
1616468.75,5.38822916666667,-68.7833413443699
1616604.16666667,5.38868055555556,-68.8673063080312
1616739.58333333,5.38913194444444,-68.9545561151597
1616875,5.38958333333333,-69.0451574342438
1617010.41666667,5.39003472222222,-69.1391809277338
1617145.83333333,5.39048611111111,-69.2367015035468
1617281.25,5.3909375,-69.337798589145
1617416.66666667,5.39138888888889,-69.4425564305417
1617552.08333333,5.39184027777778,-69.5510644194301
1617687.5,5.39229166666667,-69.6634174503069
1617822.91666667,5.39274305555556,-69.7797163124429
1617958.33333333,5.39319444444444,-69.9000681194089
1618093.75,5.39364583333333,-70.0245867810061
1618229.16666667,5.39409722222222,-70.1533935229491
1618364.58333333,5.39454861111111,-70.2866174589171
1618500,5.395,-70.4243962231225
1618635.41666667,5.39545138888889,-70.5668766694208
1618770.83333333,5.39590277777778,-70.7142156463313
1618906.25,5.39635416666667,-70.8665808581306
1619041.66666667,5.39680555555556,-71.024151822543
1619177.08333333,5.39725694444444,-71.1871209402935
1619312.5,5.39770833333333,-71.3556946895754
1619447.91666667,5.39815972222222,-71.5300949661783
1619583.33333333,5.39861111111111,-71.7105605888605
1619718.75,5.3990625,-71.8973489965788
1619854.16666667,5.39951388888889,-72.0907381656341
1619989.58333333,5.39996527777778,-72.291028784219
1620125,5.40041666666667,-72.4985467242992
1620260.41666667,5.40086805555556,-72.713645863212
1620395.83333333,5.40131944444444,-72.9367113139552
1620531.25,5.40177083333333,-73.1681631388226
1620666.66666667,5.40222222222222,-73.4084606349913
1620802.08333333,5.40267361111111,-73.6581073006084
1620937.5,5.403125,-73.917656616736
1621072.91666667,5.40357638888889,-74.1877188090002
1621208.33333333,5.40402777777778,-74.4689687981697
1621343.75,5.40447916666667,-74.7621555957801
1621479.16666667,5.40493055555556,-75.0681134755413
1621614.58333333,5.40538194444444,-75.3877753363338
1621750,5.40583333333333,-75.7221887953524
1621885.41666667,5.40628472222222,-76.0725357077247
1622020.83333333,5.40673611111111,-76.440156028979
1622156.25,5.4071875,-76.8265772326468
1622291.66666667,5.40763888888889,-77.2335509096923
1622427.08333333,5.40809027777778,-77.6630987655312
1622562.5,5.40854166666667,-78.1175710638564
1622697.91666667,5.40899305555556,-78.5997217940891
1622833.33333333,5.40944444444444,-79.112806652678
1622968.75,5.40989583333333,-79.6607126905596
1623104.16666667,5.41034722222222,-80.2481327564545
1623239.58333333,5.41079861111111,-80.88080470252
1623375,5.41125,-81.5658465314987
1623510.41666667,5.41170138888889,-82.3122377181476
1623645.83333333,5.41215277777778,-83.1315305906013
1623781.25,5.41260416666667,-84.0389378012382
1623916.66666667,5.41305555555556,-85.0550630034474
1624052.08333333,5.41350694444444,-86.2087932673702
1624187.5,5.41395833333333,-87.5424362658846
1624322.91666667,5.41440972222222,-89.121583677028
1624458.33333333,5.41486111111111,-91.0561212066539
1624593.75,5.4153125,-93.5520475762418
1624729.16666667,5.41576388888889,-97.0718384422366
1624864.58333333,5.41621527777778,-103.091217858387
1625000,5.41666666666667,-312.169796013062
