freq_hz,freq_over_rbw,magnitude_db
0,0,3.85730986621315e-15
13.5416666666667,0.000451388888888889,-5.1465032948048e-07
27.0833333333333,0.000902777777777778,-2.05829527476729e-06
40.625,0.00135416666666667,-4.63001698165041e-06
54.1666666666667,0.00180555555555556,-8.22828622971792e-06
67.7083333333333,0.00225694444444444,-1.28509633872209e-05
81.25,0.00270833333333333,-1.84952995500133e-05
94.7916666666667,0.00315972222222222,-2.51579382204139e-05
108.333333333333,0.00361111111111111,-3.2834917135448e-05
121.875,0.0040625,-4.15216706003224e-05
135.416666666667,0.00451388888888889,-5.12130321497125e-05
148.958333333333,0.00496527777777778,-6.19032373951263e-05
162.5,0.00541666666666667,-7.3585927450848e-05
176.041666666667,0.00586805555555556,-8.62541525247901e-05
189.583333333333,0.00631944444444444,-9.99003759298262e-05
203.125,0.00677083333333333,-0.000114516478417274
216.666666666667,0.00722222222222222,-0.000130093762840275
230.208333333333,0.00767361111111111,-0.000146622959145169
243.75,0.008125,-0.000164094229704416
257.291666666667,0.00857638888888889,-0.000182497174979508
270.833333333333,0.00902777777777778,-0.000201820839483075
284.375,0.00947916666666667,-0.000222053718096142
297.916666666667,0.00993055555555556,-0.000243183762682725
311.458333333333,0.0103819444444444,-0.000265198389019173
325,0.0108333333333333,-0.000288084484031545
338.541666666667,0.0112847222222222,-0.000311828413342041
352.083333333333,0.0117361111111111,-0.000336416029127419
365.625,0.0121875,-0.000361832678262464
379.166666666667,0.0126388888888889,-0.000388063210751431
392.708333333333,0.0130902777777778,-0.000415091988470679
406.25,0.0135416666666667,-0.000442902894152141
419.791666666667,0.0139930555555556,-0.000471479340724367
433.333333333333,0.0144444444444444,-0.000500804280827983
446.875,0.0148958333333333,-0.00053086021665604
460.416666666667,0.0153472222222222,-0.000561629210069177
473.958333333333,0.0157986111111111,-0.000593092892938399
487.5,0.01625,-0.00062523247775794
501.041666666667,0.0167013888888889,-0.000658028768455002
514.583333333333,0.0171527777777778,-0.000691462171537204
528.125,0.0176041666666667,-0.000725512707387813
541.666666666667,0.0180555555555556,-0.000760160021800447
555.208333333333,0.0185069444444444,-0.000795383397791853
568.75,0.0189583333333333,-0.0008311617675395
582.291666666667,0.0194097222222222,-0.000867473724626295
595.833333333333,0.0198611111111111,-0.000904297536402483
609.375,0.0203125,-0.000941611156587289
622.916666666667,0.0207638888888889,-0.000979392238045691
636.458333333333,0.0212152777777778,-0.00101761814575681
650,0.0216666666666667,-0.00105626596992187
663.541666666667,0.0221180555555556,-0.00109531253928889
677.083333333333,0.0225694444444444,-0.00113473443458334
690.625,0.0230208333333333,-0.00117450800211603
704.166666666667,0.0234722222222222,-0.00121460936759253
717.708333333333,0.0239236111111111,-0.00125501444989258
731.25,0.024375,-0.00129569897517837
744.791666666667,0.0248263888888889,-0.00133663849097577
758.333333333333,0.0252777777777778,-0.00137780838044567
771.875,0.0257291666666667,-0.00141918387672279
785.416666666667,0.0261805555555556,-0.00146074007737138
798.958333333333,0.0266319444444444,-0.00150245195891909
812.5,0.0270833333333333,-0.0015442943914604
826.041666666667,0.0275347222222222,-0.00158624215335867
839.583333333333,0.0279861111111111,-0.00162826994600706
853.125,0.0284375,-0.00167035240859751
866.666666666667,0.0288888888888889,-0.00171246413301705
880.208333333333,0.0293402777777778,-0.00175457967870496
893.75,0.0297916666666667,-0.00179667358761219
907.291666666667,0.0302430555555556,-0.00183872039911582
920.833333333333,0.0306944444444444,-0.00188069466498382
934.375,0.0311458333333333,-0.00192257096434191
947.916666666667,0.0315972222222222,-0.00196432391865138
961.458333333333,0.0320486111111111,-0.00200592820661361
975,0.0325,-0.00204735857913675
988.541666666667,0.0329513888888889,-0.00208858987422035
1002.08333333333,0.0334027777777778,-0.002129597031796
1015.625,0.0338541666666667,-0.00217035510858243
1029.16666666667,0.0343055555555556,-0.00221083929281162
1042.70833333333,0.0347569444444444,-0.00225102491895488
1056.25,0.0352083333333333,-0.00229088748230735
1069.79166666667,0.0356597222222222,-0.00233040265358694
1083.33333333333,0.0361111111111111,-0.00236954629335582
1096.875,0.0365625,-0.00240829446638215
1110.41666666667,0.0370138888888889,-0.00244662345593322
1123.95833333333,0.0374652777777778,-0.00248450977788431
1137.5,0.0379166666666667,-0.00252193019476086
1151.04166666667,0.0383680555555556,-0.0025588617296175
1164.58333333333,0.0388194444444444,-0.00259528167981841
1178.125,0.0392708333333333,-0.00263116763064486
1191.66666666667,0.0397222222222222,-0.00266649746872686
1205.20833333333,0.0401736111111111,-0.00270124939539536
1218.75,0.040625,-0.00273540193975339
1232.29166666667,0.0410763888888889,-0.00276893397168594
1245.83333333333,0.0415277777777778,-0.00280182471457426
1259.375,0.0419791666666667,-0.00283405375793623
1272.91666666667,0.0424305555555556,-0.00286560106974202
1286.45833333333,0.0428819444444444,-0.00289644700864524
1300,0.0433333333333333,-0.00292657233589787
1313.54166666667,0.0437847222222222,-0.00295595822712556
1327.08333333333,0.0442361111111111,-0.00298458628380598
1340.625,0.0446875,-0.00301243854458705
1354.16666666667,0.0451388888888889,-0.00303949749629086
1367.70833333333,0.0455902777777778,-0.00306574608470708
1381.25,0.0460416666666667,-0.00309116772514725
1394.79166666667,0.0464930555555556,-0.00311574631272001
1408.33333333333,0.0469444444444444,-0.00313946623229166
1421.875,0.0473958333333333,-0.00316231236829414
1435.41666666667,0.0478472222222222,-0.00318427011412069
1448.95833333333,0.0482986111111111,-0.00320532538132922
1462.5,0.04875,-0.0032254646085259
1476.04166666667,0.0492013888888889,-0.00324467476992526
1489.58333333333,0.0496527777777778,-0.00326294338365678
1503.125,0.0501041666666667,-0.00328025851975569
1516.66666666667,0.0505555555555556,-0.00329660880777678
1530.20833333333,0.0510069444444444,-0.00331198344422328
1543.75,0.0514583333333333,-0.00332637219950242
1557.29166666667,0.0519097222222222,-0.0033397654246949
1570.83333333333,0.0523611111111111,-0.00335215405788563
1584.375,0.0528125,-0.0033635296302293
1597.91666666667,0.0532638888888889,-0.00337388427163881
1611.45833333333,0.0537152777777778,-0.00338321071618048
1625,0.0541666666666667,-0.0033915023070641
1638.54166666667,0.0546180555555556,-0.00339875300129142
1652.08333333333,0.0550694444444444,-0.0034049573740509
1665.625,0.0555208333333333,-0.00341011062260587
1679.16666666667,0.0559722222222222,-0.0034142085699482
1692.70833333333,0.0564236111111111,-0.00341724766800609
1706.25,0.056875,-0.00341922500057391
1719.79166666667,0.0573263888888889,-0.00342013828578748
1733.33333333333,0.0577777777777778,-0.00341998587832518
1746.875,0.0582291666666667,-0.00341876677114774
1760.41666666667,0.0586805555555556,-0.00341648059692623
1773.95833333333,0.0591319444444444,-0.0034131276290955
1787.5,0.0595833333333333,-0.00340870878253701
1801.04166666667,0.0600347222222222,-0.0034032256138234
1814.58333333333,0.0604861111111111,-0.0033966803212063
1828.125,0.0609375,-0.0033890757441109
1841.66666666667,0.0613888888888889,-0.0033804153623352
1855.20833333333,0.0618402777777778,-0.00337070329485055
1868.75,0.0622916666666667,-0.00335994429819983
1882.29166666667,0.0627430555555556,-0.00334814376455292
1895.83333333333,0.0631944444444444,-0.0033353077194013
1909.375,0.0636458333333333,-0.00332144281880485
1922.91666666667,0.0640972222222222,-0.00330655634637526
1936.45833333333,0.0645486111111111,-0.00329065620978372
1950,0.065,-0.00327375093695413
1963.54166666667,0.0654513888888889,-0.00325584967189548
1977.08333333333,0.0659027777777778,-0.00323696217012238
1990.625,0.0663541666666667,-0.0032170987937486
2004.16666666667,0.0668055555555556,-0.0031962705061939
2017.70833333333,0.0672569444444444,-0.0031744888665572
2031.25,0.0677083333333333,-0.00315176602360609
2044.79166666667,0.0681597222222222,-0.0031281147094327
2058.33333333333,0.0686111111111111,-0.00310354823271732
2071.875,0.0690625,-0.00307808047169423
2085.41666666667,0.0695138888888889,-0.00305172586674946
2098.95833333333,0.0699652777777778,-0.00302449941267269
2112.5,0.0704166666666667,-0.00299641665057484
2126.04166666667,0.0708680555555555,-0.00296749365946483
2139.58333333333,0.0713194444444444,-0.00293774704752787
2153.125,0.0717708333333333,-0.0029071939430224
2166.66666666667,0.0722222222222222,-0.00287585198491831
2180.20833333333,0.0726736111111111,-0.0028437393131781
2193.75,0.073125,-0.0028108745587176
2207.29166666667,0.0735763888888889,-0.00277727683314675
2220.83333333333,0.0740277777777778,-0.00274296571808694
2234.375,0.0744791666666667,-0.00270796125425594
2247.91666666667,0.0749305555555556,-0.00267228393031081
2261.45833333333,0.0753819444444444,-0.00263595467131294
2275,0.0758333333333333,-0.00259899482697825
2288.54166666667,0.0762847222222222,-0.00256142615964501
2302.08333333333,0.0767361111111111,-0.00252327083197592
2315.625,0.0771875,-0.00248455139438952
2329.16666666667,0.0776388888888889,-0.00244529077227123
2342.70833333333,0.0780902777777778,-0.00240551225290234
2356.25,0.0785416666666667,-0.00236523947218609
2369.79166666667,0.0789930555555556,-0.00232449640113045
2383.33333333333,0.0794444444444445,-0.0022833073320865
2396.875,0.0798958333333333,-0.00224169686484405
2410.41666666667,0.0803472222222222,-0.0021996898924145
2423.95833333333,0.0807986111111111,-0.00215731158670466
2437.5,0.08125,-0.00211458738397166
2451.04166666667,0.0817013888888889,-0.00207154297005688
2464.58333333333,0.0821527777777778,-0.0020282042655024
2478.125,0.0826041666666667,-0.00198459741048423
2491.66666666667,0.0830555555555555,-0.00194074874955569
2505.20833333333,0.0835069444444445,-0.00189668481626943
2518.75,0.0839583333333333,-0.00185243231764059
2532.29166666667,0.0844097222222222,-0.00180801811853976
2545.83333333333,0.0848611111111111,-0.00176346922586724
2559.375,0.0853125,-0.0017188127726332
2572.91666666667,0.0857638888888889,-0.00167407600203614
2586.45833333333,0.0862152777777778,-0.00162928625129197
2600,0.0866666666666667,-0.00158447093548562
2613.54166666667,0.0871180555555555,-0.00153965753128319
2627.08333333333,0.0875694444444444,-0.00149487356061752
2640.625,0.0880208333333333,-0.00145014657429119
2654.16666666667,0.0884722222222222,-0.00140550413553077
2667.70833333333,0.0889236111111111,-0.00136097380348654
2681.25,0.089375,-0.00131658311673832
2694.79166666667,0.0898263888888889,-0.00127235957674301
2708.33333333333,0.0902777777777778,-0.00122833063128535
2721.875,0.0907291666666667,-0.00118452365793389
2735.41666666667,0.0911805555555556,-0.00114096594748194
2748.95833333333,0.0916319444444444,-0.00109768468740047
2762.5,0.0920833333333333,-0.00105470694538779
2776.04166666667,0.0925347222222222,-0.00101205965282594
2789.58333333333,0.0929861111111111,-0.000969769588409129
2803.125,0.0934375,-0.000927863361764694
2816.66666666667,0.0938888888888889,-0.000886367397123447
2830.20833333333,0.0943402777777778,-0.000845307917121413
2843.75,0.0947916666666667,-0.000804710926628719
2857.29166666667,0.0952430555555556,-0.000764602196703008
2870.83333333333,0.0956944444444444,-0.000725007248644195
2884.375,0.0961458333333333,-0.000685951338150499
2897.91666666667,0.0965972222222222,-0.000647459439591163
2911.45833333333,0.0970486111111111,-0.000609556230433392
2925,0.0975,-0.000572266075814791
2938.54166666667,0.0979513888888889,-0.000535613013199524
2952.08333333333,0.0984027777777778,-0.00049962073729076
2965.625,0.0988541666666667,-0.000464312585045039
2979.16666666667,0.0993055555555555,-0.000429711520862766
2992.70833333333,0.0997569444444445,-0.000395840122031906
3006.25,0.100208333333333,-0.000362720564285954
3019.79166666667,0.100659722222222,-0.000330374607606298
3033.33333333333,0.101111111111111,-0.000298823582235165
3046.875,0.1015625,-0.000268088374916418
3060.41666666667,0.102013888888889,-0.000238189415354523
3073.95833333333,0.102465277777778,-0.000209146662913763
3087.5,0.102916666666667,-0.000180979593576939
3101.04166666667,0.103368055555556,-0.000153707187135508
3114.58333333333,0.103819444444444,-0.000127347914683425
3128.125,0.104270833333333,-0.000101919726321056
3141.66666666667,0.104722222222222,-7.74400392243739e-05
3155.20833333333,0.105173611111111,-5.39257259289108e-05
3168.75,0.105625,-3.1393102915199e-05
3182.29166666667,0.106076388888889,-9.85791954962517e-06
3195.83333333333,0.106527777777778,1.06646527138707e-05
3209.375,0.106979166666667,3.01600307932099e-05
3222.91666666667,0.107430555555556,4.8614230159523e-05
3236.45833333333,0.107881944444444,6.60138745736675e-05
3250,0.108333333333333,8.23462056450969e-05
3263.54166666667,0.108784722222222,9.75990919170961e-05
3277.08333333333,0.109236111111111,0.000111761037630807
3290.625,0.1096875,0.000124821191200889
3304.16666666667,0.110138888888889,0.000136769353231218
3317.70833333333,0.110590277777778,0.000147595984248126
3331.25,0.111041666666667,0.000157292211983415
3344.79166666667,0.111493055555556,0.000165849838369233
3358.33333333333,0.111944444444444,0.000173261346028826
3371.875,0.112395833333333,0.000179519904504293
3385.41666666667,0.112847222222222,0.000184619376022747
3398.95833333333,0.113298611111111,0.000188554320822125
3412.5,0.11375,0.000191320002208326
3426.04166666667,0.114201388888889,0.000192912391094923
3439.58333333333,0.114652777777778,0.000193328170098765
3453.125,0.115104166666667,0.000192564737382417
3466.66666666667,0.115555555555556,0.000190620209948387
3480.20833333333,0.116006944444444,0.00018749342650281
3493.75,0.116458333333333,0.00018318395000044
3507.29166666667,0.116909722222222,0.000177692069656913
3520.83333333333,0.117361111111111,0.000171018802623049
3534.375,0.1178125,0.000163165895136069
3547.91666666667,0.118263888888889,0.000154135823309718
3561.45833333333,0.118715277777778,0.000143931793464934
3575,0.119166666666667,0.000132557742010694
3588.54166666667,0.119618055555556,0.000120018334915531
3602.08333333333,0.120069444444444,0.000106318966709905
3615.625,0.120520833333333,9.14657590869275e-05
3629.16666666667,0.120972222222222,7.5465559006898e-05
3642.70833333333,0.121423611111111,5.83259364367758e-05
3656.25,0.121875,4.00551815625531e-05
3669.79166666667,0.122326388888889,2.06623016480677e-05
3683.33333333333,0.122777777777778,1.57017391712942e-07
3696.875,0.123229166666667,-2.14502411360663e-05
3710.41666666667,0.123680555555556,-4.41483389755014e-05
3723.95833333333,0.124131944444444,-6.79254412287166e-05
3737.5,0.124583333333333,-9.27690184119846e-05
3751.04166666667,0.125034722222222,-0.000118665852265006
3764.58333333333,0.125486111111111,-0.000145602042005702
3778.125,0.1259375,-0.000173563010964034
3791.66666666667,0.126388888888889,-0.000202533513659543
3805.20833333333,0.126840277777778,-0.000232497643387259
3818.75,0.127291666666667,-0.000263438840053629
3832.29166666667,0.127743055555556,-0.000295339898584617
3845.83333333333,0.128194444444444,-0.000328182977703535
3859.375,0.128645833333333,-0.000361949609039139
3872.91666666667,0.129097222222222,-0.000396620706782987
3886.45833333333,0.129548611111111,-0.000432176577606817
3900,0.13,-0.00046859693108691
3913.54166666667,0.130451388888889,-0.000505860890430108
3927.08333333333,0.130902777777778,-0.000543947003686719
3940.625,0.131354166666667,-0.00058283325522668
3954.16666666667,0.131805555555556,-0.000622497077697944
3967.70833333333,0.132256944444444,-0.000662915364303262
3981.25,0.132708333333333,-0.000704064481437852
3994.79166666667,0.133159722222222,-0.000745920281691915
4008.33333333333,0.133611111111111,-0.000788458117232537
4021.875,0.1340625,-0.000831652853494666
4035.41666666667,0.134513888888889,-0.000875478883212106
4048.95833333333,0.134965277777778,-0.000919910140807901
4062.5,0.135416666666667,-0.000964920117067996
4076.04166666667,0.135868055555556,-0.00101048187418121
4089.58333333333,0.136319444444444,-0.00105656806101536
4103.125,0.136770833333333,-0.00110315092877054
4116.66666666667,0.137222222222222,-0.00115020234688017
4130.20833333333,0.137673611111111,-0.00119769381919102
4143.75,0.138125,-0.00124559650043078
4157.29166666667,0.138576388888889,-0.00129388121296327
4170.83333333333,0.139027777777778,-0.00134251846373691
4184.375,0.139479166666667,-0.00139147846155377
4197.91666666667,0.139930555555556,-0.00144073113452422
4211.45833333333,0.140381944444444,-0.0014902461477536
4225,0.140833333333333,-0.00153999292131199
4238.54166666667,0.141284722222222,-0.00158994064827889
4252.08333333333,0.141736111111111,-0.00164005831317338
4265.625,0.1421875,-0.00169031471034157
4279.16666666667,0.142638888888889,-0.00174067846276146
4292.70833333333,0.143090277777778,-0.00179111804082731
4306.25,0.143541666666667,-0.00184160178139242
4319.79166666667,0.143993055555556,-0.00189209790690721
4333.33333333333,0.144444444444444,-0.00194257454474235
4346.875,0.144895833333333,-0.00199299974656013
4360.41666666667,0.145347222222222,-0.00204334150788723
4373.95833333333,0.145798611111111,-0.0020935677877145
4387.5,0.14625,-0.00214364652820371
4401.04166666667,0.146701388888889,-0.00219354567453028
4414.58333333333,0.147152777777778,-0.00224323319466901
4428.125,0.147604166666667,-0.00229267709938136
4441.66666666667,0.148055555555556,-0.00234184546210999
4455.20833333333,0.148506944444444,-0.00239070643902863
4468.75,0.148958333333333,-0.0024392282889788
4482.29166666667,0.149409722222222,-0.00248737939352906
4495.83333333333,0.149861111111111,-0.00253512827696066
4509.375,0.1503125,-0.00258244362627424
4522.91666666667,0.150763888888889,-0.00262929431109694
4536.45833333333,0.151215277777778,-0.00267564940368088
4550,0.151666666666667,-0.00272147819867259
4563.54166666667,0.152118055555556,-0.00276675023297093
4577.08333333333,0.152569444444444,-0.00281143530541563
4590.625,0.153020833333333,-0.00285550349641083
4604.16666666667,0.153472222222222,-0.0028989251874659
4617.70833333333,0.153923611111111,-0.00294167108055443
4631.25,0.154375,-0.00298371221743669
4644.79166666667,0.154826388888889,-0.00302501999878559
4658.33333333333,0.155277777777778,-0.0030655662031188
4671.875,0.155729166666667,-0.00310532300570391
4685.41666666667,0.156180555555556,-0.00314426299711332
4698.95833333333,0.156631944444444,-0.00318235920175013
4712.5,0.157083333333333,-0.00321958509604669
4726.04166666667,0.157534722222222,-0.00325591462650278
4739.58333333333,0.157986111111111,-0.0032913222275545
4753.125,0.1584375,-0.00332578283908765
4766.66666666667,0.158888888888889,-0.00335927192378466
4780.20833333333,0.159340277777778,-0.0033917654842305
4793.75,0.159791666666667,-0.00342324007966676
4807.29166666667,0.160243055555556,-0.00345367284251126
4820.83333333333,0.160694444444444,-0.00348304149460088
4834.375,0.161145833333333,-0.00351132436309748
4847.91666666667,0.161597222222222,-0.0035385003960888
4861.45833333333,0.162048611111111,-0.00356454917785037
4875,0.1625,-0.00358945094380991
4888.54166666667,0.162951388888889,-0.00361318659510014
4902.08333333333,0.163402777777778,-0.00363573771282264
4915.625,0.163854166666667,-0.00365708657189599
4929.16666666667,0.164305555555556,-0.00367721615452506
4942.70833333333,0.164756944444444,-0.00369611016330941
4956.25,0.165208333333333,-0.00371375303395911
4969.79166666667,0.165659722222222,-0.00373012994753763
4983.33333333333,0.166111111111111,-0.00374522684237648
4996.875,0.1665625,-0.00375903042550819
5010.41666666667,0.167013888888889,-0.00377152818367149
5023.95833333333,0.167465277777778,-0.00378270839388571
5037.5,0.167916666666667,-0.00379256013359245
5051.04166666667,0.168368055555556,-0.00380107329026698
5064.58333333333,0.168819444444444,-0.0038082385706517
5078.125,0.169270833333333,-0.00381404750945055
5091.66666666667,0.169722222222222,-0.00381849247757489
5105.20833333333,0.170173611111111,-0.00382156668989077
5118.75,0.170625,-0.00382326421246254
5132.29166666667,0.171076388888889,-0.00382357996929097
5145.83333333333,0.171527777777778,-0.00382250974856989
5159.375,0.171979166666667,-0.00382005020837831
5172.91666666667,0.172430555555556,-0.00381619888193447
5186.45833333333,0.172881944444444,-0.0038109541822322
5200,0.173333333333333,-0.00380431540616876
5213.54166666667,0.173784722222222,-0.00379628273822574
5227.08333333333,0.174236111111111,-0.00378685725344447
5240.625,0.1746875,-0.00377604092004533
5254.16666666667,0.175138888888889,-0.00376383660131929
5267.70833333333,0.175590277777778,-0.00375024805710635
5281.25,0.176041666666667,-0.00373527994465158
5294.79166666667,0.176493055555556,-0.00371893781890707
5308.33333333333,0.176944444444444,-0.00370122813227037
5321.875,0.177395833333333,-0.00368215823382403
5335.41666666667,0.177847222222222,-0.00366173636788801
5348.95833333333,0.178298611111111,-0.0036399716721178
5362.5,0.17875,-0.00361687417500607
5376.04166666667,0.179201388888889,-0.00359245479275458
5389.58333333333,0.179652777777778,-0.00356672532566558
5403.125,0.180104166666667,-0.00353969845389085
5416.66666666667,0.180555555555556,-0.0035113877326986
5430.20833333333,0.181006944444444,-0.00348180758705277
5443.75,0.181458333333333,-0.0034509733057373
5457.29166666667,0.181909722222222,-0.00341890103482772
5470.83333333333,0.182361111111111,-0.00338560777067507
5484.375,0.1828125,-0.00335111135227883
5497.91666666667,0.183263888888889,-0.00331543045307489
5511.45833333333,0.183715277777778,-0.00327858457225356
5525,0.184166666666667,-0.00324059402543501
5538.54166666667,0.184618055555556,-0.00320147993482475
5552.08333333333,0.185069444444444,-0.00316126421882607
5565.625,0.185520833333333,-0.00311996958112898
5579.16666666667,0.185972222222222,-0.0030776194992264
5592.70833333333,0.186423611111111,-0.0030342382123665
5606.25,0.186875,-0.00298985070908027
5619.79166666667,0.187326388888889,-0.0029444827140672
5633.33333333333,0.187777777777778,-0.00289816067463429
5646.875,0.188229166666667,-0.00285091174662475
5660.41666666667,0.188680555555556,-0.00280276377977656
5673.95833333333,0.189131944444444,-0.00275374530265608
5687.5,0.189583333333333,-0.00270388550706607
5701.04166666667,0.190034722222222,-0.00265321423197109
5714.58333333333,0.190486111111111,-0.00260176194694306
5728.125,0.1909375,-0.00254955973514161
5741.66666666667,0.191388888888889,-0.00249663927586903
5755.20833333333,0.191840277777778,-0.00244303282659752
5768.75,0.192291666666667,-0.00238877320463687
5782.29166666667,0.192743055555556,-0.00233389376831616
5795.83333333333,0.193194444444444,-0.00227842839776466
5809.375,0.193645833333333,-0.00222241147528038
5822.91666666667,0.194097222222222,-0.00216587786529309
5836.45833333333,0.194548611111111,-0.00210886289393076
5850,0.195,-0.00205140232821829
5863.54166666667,0.195451388888889,-0.00199353235489722
5877.08333333333,0.195902777777778,-0.00193528955887988
5890.625,0.196354166666667,-0.00187671090139027
5904.16666666667,0.196805555555556,-0.0018178336977561
5917.70833333333,0.197256944444444,-0.00175869559482873
5931.25,0.197708333333333,-0.00169933454817703
5944.79166666667,0.198159722222222,-0.00163978879896337
5958.33333333333,0.198611111111111,-0.00158009685046815
5971.875,0.1990625,-0.00152029744443948
5985.41666666667,0.199513888888889,-0.00146042953714261
5998.95833333333,0.199965277777778,-0.00140053227515257
6012.5,0.200416666666667,-0.00134064497096252
6026.04166666667,0.200868055555556,-0.00128080707830735
6039.58333333333,0.201319444444444,-0.00122105816740048
6053.125,0.201770833333333,-0.00116143789985905
6066.66666666667,0.202222222222222,-0.00110198600353743
6080.20833333333,0.202673611111111,-0.00104274224719677
6093.75,0.203125,-0.000983746415023093
6107.29166666667,0.203576388888889,-0.000925038281007495
6120.83333333333,0.204027777777778,-0.000866657583244273
6134.375,0.204479166666667,-0.000808643998104649
6147.91666666667,0.204930555555556,-0.000751037114385329
6161.45833333333,0.205381944444444,-0.000693876407308447
6175,0.205833333333333,-0.000637201212587914
6188.54166666667,0.206284722222222,-0.000581050700344177
6202.08333333333,0.206736111111111,-0.000525463849120963
6215.625,0.2071875,-0.000470479419787938
6229.16666666667,0.207638888888889,-0.000416135929579945
6242.70833333333,0.208090277777778,-0.000362471626076977
6256.25,0.208541666666667,-0.000309524461284901
6269.79166666667,0.208993055555556,-0.000257332065780188
6283.33333333333,0.209444444444444,-0.000205931722889632
6296.875,0.209895833333333,-0.000155360343097823
6310.41666666667,0.210347222222222,-0.000105654438357291
6323.95833333333,0.210798611111111,-5.6850096806511e-05
6337.5,0.21125,-8.98295738070791e-06
6351.04166666667,0.211701388888889,3.7911815243972e-05
6364.58333333333,0.212152777777778,8.37995555659113e-05
6378.125,0.212604166666667,0.000128646122021659
6391.66666666667,0.213055555555556,0.000172417921448423
6405.20833333333,0.213506944444444,0.000215081933405635
6418.75,0.213958333333333,0.000256605734118514
6432.29166666667,0.214409722222222,0.000296957520330185
6445.83333333333,0.214861111111111,0.000336106132690274
6459.375,0.2153125,0.0003740210789675
6472.91666666667,0.215763888888889,0.00041067255691479
6486.45833333333,0.216215277777778,0.000446031476763911
6500,0.216666666666667,0.000480069483448169
6513.54166666667,0.217118055555556,0.000512758978360454
6527.08333333333,0.217569444444444,0.000544073140847382
6540.625,0.218020833333333,0.000573985949221771
6554.16666666667,0.218472222222222,0.000602472201393894
6567.70833333333,0.218923611111111,0.000629507535106256
6581.25,0.219375,0.00065506844768333
6594.79166666667,0.219826388888889,0.000679132315342719
6608.33333333333,0.220277777777778,0.000701677412073674
6621.875,0.220729166666667,0.000722682927950068
6635.41666666667,0.221180555555556,0.000742128987047686
6648.95833333333,0.221631944444444,0.000759996664775067
6662.5,0.222083333333333,0.000776268004695178
6676.04166666667,0.222534722222222,0.000790926034824582
6689.58333333333,0.222986111111111,0.000803954783387077
6703.125,0.2234375,0.000815339293964111
6716.66666666667,0.223888888888889,0.000825065640107656
6730.20833333333,0.224340277777778,0.00083312093934046
6743.75,0.224791666666667,0.000839493366572727
6757.29166666667,0.225243055555556,0.000844172166858201
6770.83333333333,0.225694444444444,0.000847147667607387
6784.375,0.226145833333333,0.000848411290097954
6797.91666666667,0.226597222222222,0.000847955560346056
6811.45833333333,0.227048611111111,0.000845774119328997
6825,0.2275,0.000841861732584405
6838.54166666667,0.227951388888889,0.000836214299014334
6852.08333333333,0.228402777777778,0.00082882885917014
6865.625,0.228854166666667,0.000819703602653687
6879.16666666667,0.229305555555556,0.000808837874958912
6892.70833333333,0.229756944444444,0.000796232183568661
6906.25,0.230208333333333,0.000781888203229655
6919.79166666667,0.230659722222222,0.000765808780681399
6933.33333333333,0.231111111111111,0.000747997938453322
6946.875,0.2315625,0.000728460878090781
6960.41666666667,0.232013888888889,0.000707203982476278
6973.95833333333,0.232465277777778,0.000684234817542855
6987.5,0.232916666666667,0.000659562133086498
7001.04166666667,0.233368055555556,0.000633195862964856
7014.58333333333,0.233819444444444,0.00060514712436208
7028.125,0.234270833333333,0.000575428216410932
7041.66666666667,0.234722222222222,0.000544052617981152
7055.20833333333,0.235173611111111,0.000511034984657149
7068.75,0.235625,0.000476391145007136
7082.29166666667,0.236076388888889,0.000440138096024028
7095.83333333333,0.236527777777778,0.000402293997741845
7109.375,0.236979166666667,0.000362878167135509
7122.91666666667,0.237430555555556,0.000321911071174672
7136.45833333333,0.237881944444444,0.000279414319120167
7150,0.238333333333333,0.000235410654008911
7163.54166666667,0.238784722222222,0.000189923943367631
7177.08333333333,0.239236111111111,0.00014297916908772
7190.625,0.2396875,9.46024166134275e-05
7204.16666666667,0.240138888888889,4.48208632136984e-05
7217.70833333333,0.240590277777778,-6.33723438384686e-06
7231.25,0.241041666666667,-5.88425532978422e-05
7244.79166666667,0.241493055555556,-0.000112664718427671
7258.33333333333,0.241944444444444,-0.000167772317253021
7271.875,0.242395833333333,-0.000224132915357922
7285.41666666667,0.242847222222222,-0.00028171307274408
7298.95833333333,0.243298611111111,-0.000340478360861404
7312.5,0.24375,-0.000400393380451417
7326.04166666667,0.244201388888889,-0.000461421780067793
7339.58333333333,0.244652777777778,-0.000523526275359117
7353.125,0.245104166666667,-0.000586668669096723
7366.66666666667,0.245555555555556,-0.000650809871926639
7380.20833333333,0.246006944444444,-0.000715909923772555
7393.75,0.246458333333333,-0.000781928016017353
7407.29166666667,0.246909722222222,-0.000848822514331297
7420.83333333333,0.247361111111111,-0.000916550982212694
7434.375,0.2478125,-0.000985070205165056
7447.91666666667,0.248263888888889,-0.00105433621555921
7461.45833333333,0.248715277777778,-0.0011243043181439
7475,0.249166666666667,-0.00119492911617719
7488.54166666667,0.249618055555556,-0.00126616453822222
7502.08333333333,0.250069444444444,-0.00133796386545701
7515.625,0.250520833333333,-0.00141027975973407
7529.16666666667,0.250972222222222,-0.00148306429206946
7542.70833333333,0.251423611111111,-0.00155626897178652
7556.25,0.251875,-0.00162984477618891
7569.79166666667,0.252326388888889,-0.0017037421808181
7583.33333333333,0.252777777777778,-0.00177791119011135
7596.875,0.253229166666667,-0.00185230136869069
7610.41666666667,0.253680555555556,-0.00192686187308846
7623.95833333333,0.254131944444444,-0.00200154148392852
7637.5,0.254583333333333,-0.00207628863859246
7651.04166666667,0.255034722222222,-0.00215105146428787
7664.58333333333,0.255486111111111,-0.00222577781156979
7678.125,0.2559375,-0.0023004152882452
7691.66666666667,0.256388888888889,-0.00237491129360361
7705.20833333333,0.256840277777778,-0.00244921305310019
7718.75,0.257291666666667,-0.00252326765329952
7732.29166666667,0.257743055555556,-0.00259702207716206
7745.83333333333,0.258194444444444,-0.00267042323965396
7759.375,0.258645833333333,-0.0027434180235974
7772.91666666667,0.259097222222222,-0.00281595331574592
7786.45833333333,0.259548611111111,-0.00288797604314648
7800,0.26,-0.00295943320975064
7813.54166666667,0.260451388888889,-0.00303027193305195
7827.08333333333,0.260902777777778,-0.00310043948105914
7840.625,0.261354166666667,-0.00316988330933208
7854.16666666667,0.261805555555556,-0.00323855109810449
7867.70833333333,0.262256944444444,-0.00330639078956953
7881.25,0.262708333333333,-0.00337335062520177
7894.79166666667,0.263159722222222,-0.00343937918309136
7908.33333333333,0.263611111111111,-0.00350442541540691
7921.875,0.2640625,-0.0035684386856965
7935.41666666667,0.264513888888889,-0.00363136880629217
7948.95833333333,0.264965277777778,-0.00369316607562447
7962.5,0.265416666666667,-0.00375378131542686
7976.04166666667,0.265868055555556,-0.00381316590786437
7989.58333333333,0.266319444444444,-0.0038712718325361
8003.125,0.266770833333333,-0.00392805170331965
8016.66666666667,0.267222222222222,-0.00398345880500497
8030.20833333333,0.267673611111111,-0.00403744712980139
8043.75,0.268125,-0.0040899714135411
8057.29166666667,0.268576388888889,-0.00414098717162979
8070.83333333333,0.269027777777778,-0.00419045073475487
8084.375,0.269479166666667,-0.00423831928426516
8097.91666666667,0.269930555555556,-0.00428455088721492
8111.45833333333,0.270381944444444,-0.00432910453105174
8125,0.270833333333333,-0.00437194015791123
8138.54166666667,0.271284722222222,-0.00441301869849615
8152.08333333333,0.271736111111111,-0.00445230210556558
8165.625,0.2721875,-0.00448975338687951
8179.16666666667,0.272638888888889,-0.00452533663773851
8192.70833333333,0.273090277777778,-0.00455901707295104
8206.25,0.273541666666667,-0.0045907610582968
8219.79166666667,0.273993055555556,-0.00462053614138151
8233.33333333333,0.274444444444444,-0.00464831108197731
8246.875,0.274895833333333,-0.00467405588169518
8260.41666666667,0.275347222222222,-0.00469774181300337
8273.95833333333,0.275798611111111,-0.00471934144763995
8287.5,0.27625,-0.00473882868430333
8301.04166666667,0.276701388888889,-0.00475617877564639
8314.58333333333,0.277152777777778,-0.00477136835449504
8328.125,0.277604166666667,-0.00478437545940648
8341.66666666667,0.278055555555556,-0.00479517955931815
8355.20833333333,0.278506944444444,-0.00480376157751074
8368.75,0.278958333333333,-0.00481010391468171
8382.29166666667,0.279409722222222,-0.00481419047116056
8395.83333333333,0.279861111111111,-0.00481600666833251
8409.375,0.2803125,-0.00481553946906857
8422.91666666667,0.280763888888889,-0.00481277739731035
8436.45833333333,0.281215277777778,-0.00480771055675546
8450,0.281666666666667,-0.00480033064848512
8463.54166666667,0.282118055555556,-0.00479063098770929
8477.08333333333,0.282569444444444,-0.00477860651952512
8490.625,0.283020833333333,-0.00476425383354469
8504.16666666667,0.283472222222222,-0.00474757117772401
8517.70833333333,0.283923611111111,-0.00472855847088458
8531.25,0.284375,-0.00470721731440403
8544.79166666667,0.284826388888889,-0.00468355100268143
8558.33333333333,0.285277777777778,-0.00465756453253801
8571.875,0.285729166666667,-0.0046292646115738
8585.41666666667,0.286180555555556,-0.00459865966534316
8598.95833333333,0.286631944444444,-0.00456575984340401
8612.5,0.287083333333333,-0.00453057702420357
8626.04166666667,0.287534722222222,-0.00449312481884365
8639.58333333333,0.287986111111111,-0.00445341857363531
8653.125,0.2884375,-0.00441147537146771
8666.66666666667,0.288888888888889,-0.00436731403201095
8680.20833333333,0.289340277777778,-0.00432095511064367
8693.75,0.289791666666667,-0.00427242089626803
8707.29166666667,0.290243055555556,-0.00422173540775817
8720.83333333333,0.290694444444444,-0.00416892438935913
8734.375,0.291145833333333,-0.00411401530463787
8747.91666666667,0.291597222222222,-0.00405703732934257
8761.45833333333,0.292048611111111,-0.00399802134296716
8775,0.2925,-0.00393699991900182
8788.54166666667,0.292951388888889,-0.00387400731399345
8802.08333333333,0.293402777777778,-0.00380907945530925
8815.625,0.293854166666667,-0.0037422539276299
8829.16666666667,0.294305555555556,-0.00367356995816194
8842.70833333333,0.294756944444444,-0.00360306840061334
8856.25,0.295208333333333,-0.00353079171787565
8869.79166666667,0.295659722222222,-0.00345678396340822
8883.33333333333,0.296111111111111,-0.00338109076141969
8896.875,0.2965625,-0.00330375928571384
8910.41666666667,0.297013888888889,-0.00322483823730356
8923.95833333333,0.297465277777778,-0.00314437782077704
8937.5,0.297916666666667,-0.00306242971937411
8951.04166666667,0.298368055555556,-0.00297904706882735
8964.58333333333,0.298819444444444,-0.00289428442998949
8978.125,0.299270833333333,-0.00280819776016483
8991.66666666667,0.299722222222222,-0.00272084438328299
9005.20833333333,0.300173611111111,-0.00263228295877176
9018.75,0.300625,-0.00254257344929934
9032.29166666667,0.301076388888889,-0.00245177708729492
9045.83333333333,0.301527777777778,-0.00235995634022852
9059.375,0.301979166666667,-0.00226717487480337
9072.91666666667,0.302430555555556,-0.00217349751992975
9086.45833333333,0.302881944444444,-0.00207899022858913
9100,0.303333333333333,-0.00198372003852803
9113.54166666667,0.303784722222222,-0.00188775503185656
9127.08333333333,0.304236111111111,-0.00179116429355963
9140.625,0.3046875,-0.00169401786894166
9154.16666666667,0.305138888888889,-0.00159638671993375
9167.70833333333,0.305590277777778,-0.00149834268046051
9181.25,0.306041666666667,-0.0013999584107194
9194.79166666667,0.306493055555556,-0.00130130735047799
9208.33333333333,0.306944444444444,-0.00120246367139353
9221.875,0.307395833333333,-0.00110350222835787
9235.41666666667,0.307847222222222,-0.00100449850997136
9248.95833333333,0.308298611111111,-0.000905528588011904
9262.5,0.30875,-0.000806669066122291
9276.04166666667,0.309201388888889,-0.000707997027574177
9289.58333333333,0.309652777777778,-0.000609589982198702
9303.125,0.310104166666667,-0.000511525812597694
9316.66666666667,0.310555555555556,-0.000413882719462037
9330.20833333333,0.311006944444444,-0.000316739166257716
9343.75,0.311458333333333,-0.00022017382310026
9357.29166666667,0.311909722222222,-0.000124265510044285
9370.83333333333,0.312361111111111,-2.90931396406172e-05
9384.375,0.3128125,6.52643411194171e-05
9397.91666666667,0.313263888888889,0.000158728009362627
9411.45833333333,0.313715277777778,0.00025121902554988
9425,0.314166666666667,0.000342658693185479
9438.54166666667,0.314618055555556,0.000432968518941995
9452.08333333333,0.315069444444444,0.000522070273309729
9465.625,0.315520833333333,0.000609886051634988
9479.16666666667,0.315972222222222,0.000696338335553246
9492.70833333333,0.316423611111111,0.000781350054692066
9506.25,0.316875,0.000864844648727041
9519.79166666667,0.317326388888889,0.000946746129752512
9533.33333333333,0.317777777777778,0.00102697914472637
9546.875,0.318229166666667,0.00110546903821114
9560.41666666667,0.318680555555556,0.00118214191529027
9573.95833333333,0.319131944444444,0.00125692470440747
9587.5,0.319583333333333,0.00132974522047293
9601.04166666667,0.320034722222222,0.00140053222784919
9614.58333333333,0.320486111111111,0.00146921550335238
9628.125,0.3209375,0.00153572589920375
9641.66666666667,0.321388888888889,0.00159999540583572
9655.20833333333,0.321840277777778,0.00166195721457617
9668.75,0.322291666666667,0.00172154578008261
9682.29166666667,0.322743055555556,0.00177869688258643
9695.83333333333,0.323194444444444,0.00183334768984988
9709.375,0.323645833333333,0.00188543681870706
9722.91666666667,0.324097222222222,0.00193490439632674
9736.45833333333,0.324548611111111,0.00198169212096246
9750,0.325,0.00202574332234685
9763.54166666667,0.325451388888889,0.00206700302139354
9777.08333333333,0.325902777777778,0.00210541798950251
9790.625,0.326354166666667,0.00214093680718417
9804.16666666667,0.326805555555556,0.00217350992196075
9817.70833333333,0.327256944444444,0.00220308970570558
9831.25,0.327708333333333,0.00222963051108206
9844.79166666667,0.328159722222222,0.00225308872729484
9858.33333333333,0.328611111111111,0.00227342283491323
9871.875,0.3290625,0.00229059345981967
9885.41666666667,0.329513888888889,0.0023045634262781
9898.95833333333,0.329965277777778,0.00231529780887832
9912.5,0.330416666666667,0.00232276398358635
9926.04166666667,0.330868055555556,0.00232693167758357
9939.58333333333,0.331319444444444,0.00232777301805128
9953.125,0.331770833333333,0.00232526257975897
9966.66666666667,0.332222222222222,0.00231937743133522
9980.20833333333,0.332673611111111,0.00231009718045342
9993.75,0.333125,0.00229740401743535
10007.2916666667,0.333576388888889,0.00228128275772247
10020.8333333333,0.334027777777778,0.00226172088274883
10034.375,0.334479166666667,0.00223870857946482
10047.9166666667,0.334930555555556,0.00221223877826155
10061.4583333333,0.335381944444444,0.00218230718941959
10075,0.335833333333333,0.00214891233784929
10088.5416666667,0.336284722222222,0.00211205559627511
10102.0833333333,0.336736111111111,0.0020717412167081
10115.625,0.3371875,0.00202797636005259
10129.1666666667,0.337638888888889,0.00198077112412084
10142.7083333333,0.338090277777778,0.00193013856968186
10156.25,0.338541666666667,0.00187609474465027
10169.7916666667,0.338993055555556,0.00181865870642512
10183.3333333333,0.339444444444444,0.00175785254216607
10196.875,0.339895833333333,0.00169370138715567
10210.4166666667,0.340347222222222,0.00162623344107172
10223.9583333333,0.340798611111111,0.00155547998214651
10237.5,0.34125,0.00148147537928572
10251.0416666667,0.341701388888889,0.00140425710191915
10264.5833333333,0.342152777777778,0.00132386572770421
10278.125,0.342604166666667,0.00124034494798331
10291.6666666667,0.343055555555556,0.00115374157091356
10305.2083333333,0.343506944444444,0.00106410552232783
10318.75,0.343958333333333,0.00097148984420117
10332.2916666667,0.344409722222222,0.000875950690754521
10345.8333333333,0.344861111111111,0.000777547322092613
10359.375,0.3453125,0.000676342095404101
10372.9166666667,0.345763888888889,0.000572400453693987
10386.4583333333,0.346215277777778,0.000465790911912281
10400,0.346666666666667,0.000356585040597358
10413.5416666667,0.347118055555556,0.00024485744689593
10427.0833333333,0.347569444444444,0.000130685752960307
10440.625,0.348020833333333,1.41505717487086e-05
10454.1666666667,0.348472222222222,-0.000104664519941484
10467.7083333333,0.348923611111111,-0.000225673011067129
10481.25,0.349375,-0.000348785488635059
10494.7916666667,0.349826388888889,-0.000473909672861676
10508.3333333333,0.350277777777778,-0.00060095045500311
10521.875,0.350729166666667,-0.000729809937971241
10535.4166666667,0.351180555555556,-0.000860387479849015
10548.9583333333,0.351631944444444,-0.000992579740212129
10562.5,0.352083333333333,-0.00112628072920948
10576.0416666667,0.352534722222222,-0.00126138185966629
10589.5833333333,0.352986111111111,-0.00139777200192231
10603.125,0.3534375,-0.00153533754170646
10616.6666666667,0.353888888888889,-0.00167396244078261
10630.2083333333,0.354340277777778,-0.00181352830066219
10643.75,0.354791666666667,-0.00195391442911891
10657.2916666667,0.355243055555556,-0.00209499790973804
10670.8333333333,0.355694444444444,-0.00223665367434803
10684.375,0.356145833333333,-0.00237875457849077
10697.9166666667,0.356597222222222,-0.00252117147972624
10711.4583333333,0.357048611111111,-0.0026637733190278
10725,0.3575,-0.00280642720504387
10738.5416666667,0.357951388888889,-0.00294899850138547
10752.0833333333,0.358402777777778,-0.00309135091683783
10765.625,0.358854166666667,-0.00323334659852618
10779.1666666667,0.359305555555556,-0.00337484622807069
10792.7083333333,0.359756944444444,-0.00351570912064009
10806.25,0.360208333333333,-0.0036557933269782
10819.7916666667,0.360659722222222,-0.003794955738333
10833.3333333333,0.361111111111111,-0.00393305219431897
10846.875,0.3615625,-0.00406993759366325
10860.4166666667,0.362013888888889,-0.0042054660078517
10873.9583333333,0.362465277777778,-0.00433949079764842
10887.5,0.362916666666667,-0.00447186473246296
10901.0416666667,0.363368055555556,-0.00460244011250195
10914.5833333333,0.363819444444444,-0.00473106889384319
10928.125,0.364270833333333,-0.00485760281618722
10941.6666666667,0.364722222222222,-0.00498189353338262
10955.2083333333,0.365173611111111,-0.00510379274677696
10968.75,0.365625,-0.00522315234115955
10982.2916666667,0.366076388888889,-0.00533982452338492
10995.8333333333,0.366527777777778,-0.00545366196379344
11009.375,0.366979166666667,-0.00556451793998295
11022.9166666667,0.367430555555556,-0.00567224648339099
11036.4583333333,0.367881944444444,-0.00577670252824433
11050,0.368333333333333,-0.00587774206310118
11063.5416666667,0.368784722222222,-0.00597522228477131
11077.0833333333,0.369236111111111,-0.00606900175471386
11090.625,0.3696875,-0.00615894055775146
11104.1666666667,0.370138888888889,-0.00624490046309119
11117.7083333333,0.370590277777778,-0.00632674508766832
11131.25,0.371041666666667,-0.00640434006164274
11144.7916666667,0.371493055555556,-0.00647755319615149
11158.3333333333,0.371944444444444,-0.00654625465300898
11171.875,0.372395833333333,-0.0066103171166791
11185.4166666667,0.372847222222222,-0.00666961596805398
11198.9583333333,0.373298611111111,-0.00672402946030365
11212.5,0.37375,-0.0067734388965306
11226.0416666667,0.374201388888889,-0.00681772880925413
11239.5833333333,0.374652777777778,-0.00685678714171189
11253.125,0.375104166666667,-0.00689050543071945
11266.6666666667,0.375555555555556,-0.00691877899130585
11280.2083333333,0.376006944444444,-0.00694150710277593
11293.75,0.376458333333333,-0.00695859319633324
11307.2916666667,0.376909722222222,-0.00696994504403179
11320.8333333333,0.377361111111111,-0.00697547494919235
11334.375,0.3778125,-0.00697509993797127
11347.9166666667,0.378263888888889,-0.00696874195212367
11361.4583333333,0.378715277777778,-0.00695632804295691
11375,0.379166666666667,-0.00693779056624787
11388.5416666667,0.379618055555556,-0.00691306737808966
11402.0833333333,0.380069444444444,-0.00688210203173028
11415.625,0.380520833333333,-0.00684484397502222
11429.1666666667,0.380972222222222,-0.00680124874875199
11442.7083333333,0.381423611111111,-0.00675127818545919
11456.25,0.381875,-0.00669490060885406
11469.7916666667,0.382326388888889,-0.00663209103367676
11483.3333333333,0.382777777777778,-0.00656283136588742
11496.875,0.383229166666667,-0.00648711060317641
11510.4166666667,0.383680555555556,-0.00640492503561263
11523.9583333333,0.384131944444444,-0.00631627844639061
11537.5,0.384583333333333,-0.00622118231260474
11551.0416666667,0.385034722222222,-0.00611965600590472
11564.5833333333,0.385486111111111,-0.00601172699296772
11578.125,0.3859375,-0.00589743103569794
11591.6666666667,0.386388888888889,-0.00577681239109148
11605.2083333333,0.386840277777778,-0.00564992401057668
11618.75,0.387291666666667,-0.00551682773880599
11632.2916666667,0.387743055555556,-0.00537759451185316
11645.8333333333,0.388194444444444,-0.00523230455458339
11659.375,0.388645833333333,-0.00508104757722406
11672.9166666667,0.389097222222222,-0.00492392297100334
11686.4583333333,0.389548611111111,-0.00476104000269319
11700,0.39,-0.00459251800809471
11713.5416666667,0.390451388888889,-0.00441848658427185
11727.0833333333,0.390902777777778,-0.00423908578040647
11740.625,0.391354166666667,-0.00405446628734445
11754.1666666667,0.391805555555556,-0.0038647896255267
11767.7083333333,0.392256944444444,-0.00367022833137797
11781.25,0.392708333333333,-0.00347096614195966
11794.7916666667,0.393159722222222,-0.00326719817784812
11808.3333333333,0.393611111111111,-0.00305913112410307
11821.875,0.3940625,-0.00284698340926299
11835.4166666667,0.394513888888889,-0.00263098538230337
11848.9583333333,0.394965277777778,-0.00241137948737081
11862.5,0.395416666666667,-0.00218842043626636
11876.0416666667,0.395868055555556,-0.00196237537867798
11889.5833333333,0.396319444444444,-0.00173352406983158
11903.125,0.396770833333333,-0.00150215903575346
11916.6666666667,0.397222222222222,-0.00126858573584734
11930.2083333333,0.397673611111111,-0.00103312272280134
11943.75,0.398125,-0.000796101799734649
11957.2916666667,0.398576388888889,-0.000557868174465345
11970.8333333333,0.399027777777778,-0.000318780610866114
11984.375,0.399479166666667,-7.92115771270265e-05
11997.9166666667,0.399930555555556,0.00016045260895728
12011.4583333333,0.400381944444444,0.000399811638012711
12025,0.400833333333333,0.000638451070242744
12038.5416666667,0.401284722222222,0.000875942199972674
12052.0833333333,0.401736111111111,0.00111184192356808
12065.625,0.4021875,0.00134569261086374
12079.1666666667,0.402638888888889,0.00157702197999408
12092.7083333333,0.403090277777778,0.00180534297600388
12106.25,0.403541666666667,0.00203015365299186
12119.7916666667,0.403993055555556,0.00225093705998028
12133.3333333333,0.404444444444444,0.00246716113066175
12146.875,0.404895833333333,0.00267827857686302
12160.4166666667,0.405347222222222,0.00288372678600347
12173.9583333333,0.405798611111111,0.00308292772246862
12187.5,0.40625,0.0032752878329792
12201.0416666667,0.406701388888889,0.0034601979559582
12214.5833333333,0.407152777777778,0.00363703323512262
12228.125,0.407604166666667,0.00380515303708001
12241.6666666667,0.408055555555556,0.00396390087314622
12255.2083333333,0.408506944444444,0.00411260432544755
12268.75,0.408958333333333,0.00425057497716257
12282.2916666667,0.409409722222222,0.004377108347132
12295.8333333333,0.409861111111111,0.00449148382873039
12309.375,0.4103125,0.0045929646331636
12322.9166666667,0.410763888888889,0.0046807977370297
12336.4583333333,0.411215277777778,0.00475421383435905
12350,0.411666666666667,0.00481242729307107
12363.5416666667,0.412118055555556,0.00485463611574901
12377.0833333333,0.412569444444444,0.00488002190500553
12390.625,0.413020833333333,0.00488774983323226
12404.1666666667,0.413472222222222,0.00487696861682684
12417.7083333333,0.413923611111111,0.00484681049489698
12431.25,0.414375,0.00479639121244242
12444.7916666667,0.414826388888889,0.00472481000798767
12458.3333333333,0.415277777777778,0.00463114960580337
12471.875,0.415729166666667,0.00451447621242744
12485.4166666667,0.416180555555556,0.00437383951780535
12498.9583333333,0.416631944444444,0.00420827270080557
12512.5,0.417083333333333,0.00401679243918733
12526.0416666667,0.417534722222222,0.00379839892405675
12539.5833333333,0.417986111111111,0.00355207587865421
12553.125,0.4184375,0.00327679058156397
12566.6666666667,0.418888888888889,0.00297149389430539
12580.2083333333,0.419340277777778,0.00263512029327082
12593.75,0.419791666666667,0.00226658790595137
12607.2916666667,0.420243055555556,0.0018647985514556
12620.8333333333,0.420694444444444,0.00142863778526569
12634.375,0.421145833333333,0.000956974948251197
12647.9166666667,0.421597222222222,0.000448663219831008
12661.4583333333,0.422048611111111,-9.74603247874695e-05
12675,0.4225,-0.00068257465313679
12688.5416666667,0.422951388888889,-0.00130787471010609
12702.0833333333,0.423402777777778,-0.00197457134853882
12715.625,0.423854166666667,-0.00268389125575532
12729.1666666667,0.424305555555556,-0.00343707687637106
12742.7083333333,0.424756944444444,-0.00423538633113451
12756.25,0.425208333333333,-0.00508009333194814
12769.7916666667,0.425659722222222,-0.00597248709338017
12783.3333333333,0.426111111111111,-0.0069138722402572
12796.875,0.4265625,-0.00790556871171046
12810.4166666667,0.427013888888889,-0.00894891166185028
12823.9583333333,0.427465277777778,-0.0100452513567363
12837.5,0.427916666666667,-0.0111959530680591
12851.0416666667,0.428368055555556,-0.0124023969634865
12864.5833333333,0.428819444444444,-0.0136659779936917
12878.125,0.429270833333333,-0.014988105776213
12891.6666666667,0.429722222222222,-0.0163702044761944
12905.2083333333,0.430173611111111,-0.0178137126840675
12918.75,0.430625,-0.0193200832902619
12932.2916666667,0.431076388888889,-0.0208907833570524
12945.8333333333,0.431527777777778,-0.0225272939875473
12959.375,0.431979166666667,-0.0242311101919907
12972.9166666667,0.432430555555556,-0.0260037407513394
12986.4583333333,0.432881944444444,-0.0278467080783955
13000,0.433333333333333,-0.0297615480763259
13013.5416666667,0.433784722222222,-0.0317498099948723
13027.0833333333,0.434236111111111,-0.0338130562841253
13040.625,0.4346875,-0.0359528624463021
13054.1666666667,0.435138888888889,-0.0381708168850813
13067.7083333333,0.435590277777778,-0.040468520753106
13081.25,0.436041666666667,-0.0428475877974317
13094.7916666667,0.436493055555556,-0.0453096442030817
13108.3333333333,0.436944444444444,-0.0478563284349024
13121.875,0.437395833333333,-0.0504892910775423
13135.4166666667,0.437847222222222,-0.0532101946740162
13148.9583333333,0.438298611111111,-0.0560207135625868
13162.5,0.43875,-0.0589225337123278
13176.0416666667,0.439201388888889,-0.0619173525572525
13189.5833333333,0.439652777777778,-0.0650068788292567
13203.125,0.440104166666667,-0.0681928323898238
13216.6666666667,0.440555555555556,-0.0714769440607342
13230.2083333333,0.441006944444444,-0.0748609554537493
13243.75,0.441458333333333,-0.0783466187993725
13257.2916666667,0.441909722222222,-0.081935696774813
13270.8333333333,0.442361111111111,-0.0856299623312831
13284.375,0.4428125,-0.0894311985206409
13297.9166666667,0.443263888888889,-0.0933411983213716
13311.4583333333,0.443715277777778,-0.0973617644642954
13325,0.444166666666667,-0.101494709257809
13338.5416666667,0.444618055555556,-0.105741854412796
13352.0833333333,0.445069444444444,-0.110105030867489
13365.625,0.445520833333333,-0.114586078612009
13379.1666666667,0.445972222222222,-0.119186846513064
13392.7083333333,0.446423611111111,-0.123909192138589
13406.25,0.446875,-0.128754981582532
13419.7916666667,0.447326388888889,-0.133726089289921
13433.3333333333,0.447777777777778,-0.138824397882115
13446.875,0.448229166666667,-0.144051797982558
13460.4166666667,0.448680555555556,-0.149410188042847
13473.9583333333,0.449131944444444,-0.154901474169473
13487.5,0.449583333333333,-0.160527569951039
13501.0416666667,0.450034722222222,-0.166290396286247
13514.5833333333,0.450486111111111,-0.172191881212597
13528.125,0.4509375,-0.178233959735943
13541.6666666667,0.451388888888889,-0.184418573660926
13555.2083333333,0.451840277777778,-0.190747671422351
13568.75,0.452291666666667,-0.197223207917693
13582.2916666667,0.452743055555556,-0.203847144340617
13595.8333333333,0.453194444444444,-0.210621448015707
13609.375,0.453645833333333,-0.21754809223442
13622.9166666667,0.454097222222222,-0.224629056092406
13636.4583333333,0.454548611111111,-0.231866324328048
13650,0.455,-0.239261887162668
13663.5416666667,0.455451388888889,-0.246817740141898
13677.0833333333,0.455902777777778,-0.254535883978884
13690.625,0.456354166666667,-0.262418324398951
13704.1666666667,0.456805555555556,-0.270467071985934
13717.7083333333,0.457256944444444,-0.278684142030248
13731.25,0.457708333333333,-0.287071554378713
13744.7916666667,0.458159722222222,-0.295631333286153
13758.3333333333,0.458611111111111,-0.304365507268957
13771.875,0.4590625,-0.313276108960425
13785.4166666667,0.459513888888889,-0.3223651749682
13798.9583333333,0.459965277777778,-0.331634745733607
13812.5,0.460416666666667,-0.341086865393099
13826.0416666667,0.460868055555556,-0.350723581641742
13839.5833333333,0.461319444444444,-0.360546945598949
13853.125,0.461770833333333,-0.370559011676201
13866.6666666667,0.462222222222222,-0.380761837447196
13880.2083333333,0.462673611111111,-0.391157483520027
13893.75,0.463125,-0.401748013411832
13907.2916666667,0.463576388888889,-0.41253549342569
13920.8333333333,0.464027777777778,-0.423521992529781
13934.375,0.464479166666667,-0.43470958223911
13947.9166666667,0.464930555555556,-0.446100336499487
13961.4583333333,0.465381944444444,-0.457696331574044
13975,0.465833333333333,-0.46949964593214
13988.5416666667,0.466284722222222,-0.481512360140875
14002.0833333333,0.466736111111111,-0.493736556758989
14015.625,0.4671875,-0.506174320233462
14029.1666666667,0.467638888888889,-0.518827736798494
14042.7083333333,0.468090277777778,-0.531698894377253
14056.25,0.468541666666667,-0.54478988248611
14069.7916666667,0.468993055555556,-0.55810279214161
14083.3333333333,0.469444444444444,-0.571639715769915
14096.875,0.469895833333333,-0.585402747119131
14110.4166666667,0.470347222222222,-0.599393981174114
14123.9583333333,0.470798611111111,-0.613615514074086
14137.5,0.47125,-0.628069443032936
14151.0416666667,0.471701388888889,-0.642757866262181
14164.5833333333,0.472152777777778,-0.657682882896742
14178.125,0.472604166666667,-0.672846592923372
14191.6666666667,0.473055555555556,-0.688251097111898
14205.2083333333,0.473506944444444,-0.703898496949195
14218.75,0.473958333333333,-0.719790894575871
14232.2916666667,0.474409722222222,-0.735930392725863
14245.8333333333,0.474861111111111,-0.752319094668599
14259.375,0.4753125,-0.768959104154161
14272.9166666667,0.475763888888889,-0.785852525361054
14286.4583333333,0.476215277777778,-0.803001462846855
14300,0.476666666666667,-0.820408021501623
14313.5416666667,0.477118055555556,-0.838074306504138
14327.0833333333,0.477569444444444,-0.856002423280833
14340.625,0.478020833333333,-0.874194477467603
14354.1666666667,0.478472222222222,-0.892652574874446
14367.7083333333,0.478923611111111,-0.911378821452688
14381.25,0.479375,-0.930375323265315
14394.7916666667,0.479826388888889,-0.949644186459724
14408.3333333333,0.480277777777778,-0.969187517243593
14421.875,0.480729166666667,-0.989007421863296
14435.4166666667,0.481180555555556,-1.00910600658521
14448.9583333333,0.481631944444444,-1.02948537767974
14462.5,0.482083333333333,-1.05014764140812
14476.0416666667,0.482534722222222,-1.07109490401204
14489.5833333333,0.482986111111111,-1.09232927170591
14503.125,0.4834375,-1.11385285067191
14516.6666666667,0.483888888888889,-1.13566774705791
14530.2083333333,0.484340277777778,-1.1577760669779
14543.75,0.484791666666667,-1.18017991651535
14557.2916666667,0.485243055555556,-1.20288140172918
14570.8333333333,0.485694444444444,-1.22588262866248
14584.375,0.486145833333333,-1.2491857033539
14597.9166666667,0.486597222222222,-1.27279273185184
14611.4583333333,0.487048611111111,-1.29670582023115
14625,0.4875,-1.32092707461275
14638.5416666667,0.487951388888889,-1.34545860118568
14652.0833333333,0.488402777777778,-1.37030250623202
14665.625,0.488854166666667,-1.39546089615428
14679.1666666667,0.489305555555556,-1.42093587750567
14692.7083333333,0.489756944444444,-1.44672955702274
14706.25,0.490208333333333,-1.47284404166088
14719.7916666667,0.490659722222222,-1.49928143863233
14733.3333333333,0.491111111111111,-1.52604385544681
14746.875,0.4915625,-1.55313339995479
14760.4166666667,0.492013888888889,-1.58055218039336
14773.9583333333,0.492465277777778,-1.60830230543465
14787.5,0.492916666666667,-1.63638588423688
14801.0416666667,0.493368055555556,-1.66480502649793
14814.5833333333,0.493819444444444,-1.69356184251159
14828.125,0.494270833333333,-1.72265844322616
14841.6666666667,0.494722222222222,-1.75209694030591
14855.2083333333,0.495173611111111,-1.78187944619478
14868.75,0.495625,-1.81200807418277
14882.2916666667,0.496076388888889,-1.84248493847493
14895.8333333333,0.496527777777778,-1.87331215426274
14909.375,0.496979166666667,-1.90449183779804
14922.9166666667,0.497430555555556,-1.93602610646958
14936.4583333333,0.497881944444444,-1.96791707888198
14950,0.498333333333333,-2.00016687493718
14963.5416666667,0.498784722222222,-2.03277761591856
14977.0833333333,0.499236111111111,-2.06575142457733
14990.625,0.4996875,-2.0990904252216
15004.1666666667,0.500138888888889,-2.13279674380787
15017.7083333333,0.500590277777778,-2.16687250803504
15031.25,0.501041666666667,-2.20131984744078
15044.7916666667,0.501493055555556,-2.2361408935007
15058.3333333333,0.501944444444444,-2.2713377797297
15071.875,0.502395833333333,-2.3069126417859
15085.4166666667,0.502847222222222,-2.34286761757717
15098.9583333333,0.503298611111111,-2.37920484737006
15112.5,0.50375,-2.41592647390114
15126.0416666667,0.504201388888889,-2.45303464249107
15139.5833333333,0.504652777777778,-2.49053150116096
15153.125,0.505104166666667,-2.52841920075133
15166.6666666667,0.505555555555556,-2.56669989504354
15180.2083333333,0.506006944444444,-2.60537574088379
15193.75,0.506458333333333,-2.64444889830956
15207.2916666667,0.506909722222222,-2.68392153067868
15220.8333333333,0.507361111111111,-2.72379580480083
15234.375,0.5078125,-2.76407389107165
15247.9166666667,0.508263888888889,-2.80475796360942
15261.4583333333,0.508715277777778,-2.84585020039423
15275,0.509166666666667,-2.88735278340977
15288.5416666667,0.509618055555556,-2.92926789878776
15302.0833333333,0.510069444444444,-2.97159773695487
15315.625,0.510520833333333,-3.0143444927823
15329.1666666667,0.510972222222222,-3.05751036573807
15342.7083333333,0.511423611111111,-3.10109756004181
15356.25,0.511875,-3.1451082848223
15369.7916666667,0.512326388888889,-3.18954475427774
15383.3333333333,0.512777777777778,-3.23440918783862
15396.875,0.513229166666667,-3.27970381033321
15410.4166666667,0.513680555555556,-3.32543085215612
15423.9583333333,0.514131944444444,-3.37159254943937
15437.5,0.514583333333333,-3.41819114422615
15451.0416666667,0.515034722222222,-3.46522888464773
15464.5833333333,0.515486111111111,-3.51270802510294
15478.125,0.5159375,-3.56063082644046
15491.6666666667,0.516388888888889,-3.60899955614432
15505.2083333333,0.516840277777778,-3.65781648852202
15518.75,0.517291666666667,-3.70708390489561
15532.2916666667,0.517743055555556,-3.756804093796
15545.8333333333,0.518194444444445,-3.80697935116005
15559.375,0.518645833333333,-3.85761198053069
15572.9166666667,0.519097222222222,-3.90870429326044
15586.4583333333,0.519548611111111,-3.96025860871753
15600,0.52,-4.01227725449577
15613.5416666667,0.520451388888889,-4.06476256662713
15627.0833333333,0.520902777777778,-4.11771688979782
15640.625,0.521354166666667,-4.17114257756766
15654.1666666667,0.521805555555556,-4.22504199259259
15667.7083333333,0.522256944444444,-4.27941750685087
15681.25,0.522708333333333,-4.33427150187235
15694.7916666667,0.523159722222222,-4.38960636897154
15708.3333333333,0.523611111111111,-4.44542450948394
15721.875,0.5240625,-4.50172833500618
15735.4166666667,0.524513888888889,-4.55852026763966
15748.9583333333,0.524965277777778,-4.61580274023792
15762.5,0.525416666666667,-4.67357819665773
15776.0416666667,0.525868055555555,-4.73184909201411
15789.5833333333,0.526319444444444,-4.79061789293916
15803.125,0.526770833333333,-4.84988707784473
15816.6666666667,0.527222222222222,-4.9096591371893
15830.2083333333,0.527673611111111,-4.96993657374881
15843.75,0.528125,-5.03072190289174
15857.2916666667,0.528576388888889,-5.09201765285822
15870.8333333333,0.529027777777778,-5.15382636504378
15884.375,0.529479166666667,-5.21615059428713
15897.9166666667,0.529930555555556,-5.27899290916269
15911.4583333333,0.530381944444444,-5.34235589227751
15925,0.530833333333333,-5.40624214057279
15938.5416666667,0.531284722222222,-5.47065426563038
15952.0833333333,0.531736111111111,-5.53559489398371
15965.625,0.5321875,-5.60106666743407
15979.1666666667,0.532638888888889,-5.66707224337151
15992.7083333333,0.533090277777778,-5.7336142951011
16006.25,0.533541666666667,-5.80069551217432
16019.7916666667,0.533993055555556,-5.86831860072577
16033.3333333333,0.534444444444444,-5.93648628381533
16046.875,0.534895833333333,-6.00520130177585
16060.4166666667,0.535347222222222,-6.07446641256656
16073.9583333333,0.535798611111111,-6.14428439213216
16087.5,0.53625,-6.2146580347679
16101.0416666667,0.536701388888889,-6.28559015349073
16114.5833333333,0.537152777777778,-6.35708358041643
16128.125,0.537604166666667,-6.42914116714331
16141.6666666667,0.538055555555556,-6.50176578514214
16155.2083333333,0.538506944444444,-6.57496032615281
16168.75,0.538958333333333,-6.64872770258756
16182.2916666667,0.539409722222222,-6.72307084794122
16195.8333333333,0.539861111111111,-6.79799271720858
16209.375,0.5403125,-6.87349628730873
16222.9166666667,0.540763888888889,-6.94958455751691
16236.4583333333,0.541215277777778,-7.02626054990397
16250,0.541666666666667,-7.10352730978333
16263.5416666667,0.542118055555556,-7.18138790616614
16277.0833333333,0.542569444444444,-7.25984543222432
16290.625,0.543020833333333,-7.33890300576182
16304.1666666667,0.543472222222222,-7.41856376969471
16317.7083333333,0.543923611111111,-7.49883089253943
16331.25,0.544375,-7.57970756891052
16344.7916666667,0.544826388888889,-7.66119702002704
16358.3333333333,0.545277777777778,-7.74330249422846
16371.875,0.545729166666667,-7.82602726750019
16385.4166666667,0.546180555555556,-7.90937464400882
16398.9583333333,0.546631944444444,-7.99334795664745
16412.5,0.547083333333333,-8.07795056759145
16426.0416666667,0.547534722222222,-8.16318586886453
16439.5833333333,0.547986111111111,-8.24905728291584
16453.125,0.5484375,-8.33556826320832
16466.6666666667,0.548888888888889,-8.42272229481793
16480.2083333333,0.549340277777778,-8.5105228950452
16493.75,0.549791666666667,-8.59897361403853
16507.2916666667,0.550243055555556,-8.68807803542952
16520.8333333333,0.550694444444444,-8.77783977698149
16534.375,0.551145833333333,-8.86826249125054
16547.9166666667,0.551597222222222,-8.95934986626011
16561.4583333333,0.552048611111111,-9.05110562618911
16575,0.5525,-9.14353353207438
16588.5416666667,0.552951388888889,-9.23663738252711
16602.0833333333,0.553402777777778,-9.33042101446438
16615.625,0.553854166666667,-9.42488830385606
16629.1666666667,0.554305555555556,-9.52004316648683
16642.7083333333,0.554756944444444,-9.61588955873475
16656.25,0.555208333333333,-9.71243147836622
16669.7916666667,0.555659722222222,-9.80967296534774
16683.3333333333,0.556111111111111,-9.90761810267515
16696.875,0.5565625,-10.0062710172213
16710.4166666667,0.557013888888889,-10.1056358806011
16723.9583333333,0.557465277777778,-10.2057169100568
16737.5,0.557916666666667,-10.306518369362
16751.0416666667,0.558368055555556,-10.4080445697456
16764.5833333333,0.558819444444444,-10.510299870837
16778.125,0.559270833333333,-10.6132886816324
16791.6666666667,0.559722222222222,-10.7170154614824
16805.2083333333,0.560173611111111,-10.821484721103
16818.75,0.560625,-10.926701023609
16832.2916666667,0.561076388888889,-11.0326689855717
16845.8333333333,0.561527777777778,-11.1393932781012
16859.375,0.561979166666667,-11.2468786279536
16872.9166666667,0.562430555555556,-11.3551298186651
16886.4583333333,0.562881944444444,-11.4641516917117
16900,0.563333333333333,-11.573949147698
16913.5416666667,0.563784722222222,-11.6845271475736
16927.0833333333,0.564236111111111,-11.7958907138791
16940.625,0.5646875,-11.9080449320228
16954.1666666667,0.565138888888889,-12.0209949515882
16967.7083333333,0.565590277777778,-12.1347459876739
16981.25,0.566041666666667,-12.2493033222671
16994.7916666667,0.566493055555556,-12.3646723056508
17008.3333333333,0.566944444444444,-12.4808583578472
17021.875,0.567395833333333,-12.5978669700971
17035.4166666667,0.567847222222222,-12.7157037063769
17048.9583333333,0.568298611111111,-12.8343742049552
17062.5,0.56875,-12.9538841799892
17076.0416666667,0.569201388888889,-13.0742394231626
17089.5833333333,0.569652777777778,-13.1954458053668
17103.125,0.570104166666667,-13.3175092784261
17116.6666666667,0.570555555555556,-13.4404358768686
17130.2083333333,0.571006944444444,-13.5642317197451
17143.75,0.571458333333333,-13.6889030124965
17157.2916666667,0.571909722222222,-13.8144560488718
17170.8333333333,0.572361111111111,-13.9408972128988
17184.375,0.5728125,-14.0682329809086
17197.9166666667,0.573263888888889,-14.1964699236165
17211.4583333333,0.573715277777778,-14.3256147082605
17225,0.574166666666667,-14.4556741008006
17238.5416666667,0.574618055555556,-14.5866549681793
17252.0833333333,0.575069444444444,-14.7185642806472
17265.625,0.575520833333333,-14.8514091141547
17279.1666666667,0.575972222222222,-14.9851966528136
17292.7083333333,0.576423611111111,-15.1199341914293
17306.25,0.576875,-15.255629138108
17319.7916666667,0.577326388888889,-15.3922890169403
17333.3333333333,0.577777777777778,-15.5299214707646
17346.875,0.578229166666667,-15.6685342640139
17360.4166666667,0.578680555555556,-15.808135285647
17373.9583333333,0.579131944444444,-15.9487325521706
17387.5,0.579583333333333,-16.0903342107519
17401.0416666667,0.580034722222222,-16.2329485424291
17414.5833333333,0.580486111111111,-16.3765839654196
17428.125,0.5809375,-16.5212490385335
17441.6666666667,0.581388888888889,-16.6669524646936
17455.2083333333,0.581840277777778,-16.8137030945671
17468.75,0.582291666666667,-16.9615099303145
17482.2916666667,0.582743055555556,-17.1103821294584
17495.8333333333,0.583194444444444,-17.2603290088782
17509.375,0.583645833333333,-17.411360048936
17522.9166666667,0.584097222222222,-17.5634848977382
17536.4583333333,0.584548611111111,-17.7167133755388
17550,0.585,-17.8710554792908
17563.5416666667,0.585451388888889,-18.0265213873502
17577.0833333333,0.585902777777778,-18.1831214643415
17590.625,0.586354166666667,-18.3408662661895
17604.1666666667,0.586805555555556,-18.4997665453245
17617.7083333333,0.587256944444444,-18.6598332560705
17631.25,0.587708333333333,-18.8210775602213
17644.7916666667,0.588159722222222,-18.9835108328153
17658.3333333333,0.588611111111111,-19.1471446681163
17671.875,0.5890625,-19.3119908858096
17685.4166666667,0.589513888888889,-19.4780615374231
17698.9583333333,0.589965277777778,-19.6453689129847
17712.5,0.590416666666667,-19.8139255479241
17726.0416666667,0.590868055555556,-19.983744230233
17739.5833333333,0.591319444444444,-20.154838007894
17753.125,0.591770833333333,-20.327220196591
17766.6666666667,0.592222222222222,-20.5009043877144
17780.2083333333,0.592673611111111,-20.6759044566751
17793.75,0.593125,-20.8522345715433
17807.2916666667,0.593576388888889,-21.0299092020234
17820.8333333333,0.594027777777778,-21.2089431287882
17834.375,0.594479166666667,-21.3893514531833
17847.9166666667,0.594930555555556,-21.5711496073244
17861.4583333333,0.595381944444444,-21.7543533646056
17875,0.595833333333333,-21.9389788506388
17888.5416666667,0.596284722222222,-22.1250425546471
17902.0833333333,0.596736111111111,-22.3125613413355
17915.625,0.5971875,-22.501552463263
17929.1666666667,0.597638888888889,-22.6920335737417
17942.7083333333,0.598090277777778,-22.8840227402931
17956.25,0.598541666666667,-23.0775384586891
17969.7916666667,0.598993055555556,-23.2725996676085
17983.3333333333,0.599444444444444,-23.4692257639458
17996.875,0.599895833333333,-23.6674366188044
18010.4166666667,0.600347222222222,-23.8672525942137
18023.9583333333,0.600798611111111,-24.0686945606111
18037.5,0.60125,-24.2717839151319
18051.0416666667,0.601701388888889,-24.4765426007499
18064.5833333333,0.602152777777778,-24.6829931263247
18078.125,0.602604166666667,-24.8911585876016
18091.6666666667,0.603055555555556,-25.1010626892233
18105.2083333333,0.603506944444444,-25.3127297678138
18118.75,0.603958333333333,-25.5261848161986
18132.2916666667,0.604409722222222,-25.7414535088287
18145.8333333333,0.604861111111111,-25.9585622284848
18159.375,0.6053125,-26.1775380943399
18172.9166666667,0.605763888888889,-26.398408991465
18186.4583333333,0.606215277777778,-26.621203601871
18200,0.606666666666667,-26.8459514371841
18213.5416666667,0.607118055555556,-27.0726828730617
18227.0833333333,0.607569444444444,-27.3014291854639
18240.625,0.608020833333333,-27.5322225889006
18254.1666666667,0.608472222222222,-27.7650962767917
18267.7083333333,0.608923611111111,-28.0000844640809
18281.25,0.609375,-28.2372224322606
18294.7916666667,0.609826388888889,-28.4765465769734
18308.3333333333,0.610277777777778,-28.7180944583765
18321.875,0.610729166666667,-28.9619048544614
18335.4166666667,0.611180555555556,-29.2080178175475
18348.9583333333,0.611631944444444,-29.4564747341791
18362.5,0.612083333333333,-29.7073183886828
18376.0416666667,0.612534722222222,-29.9605930306547
18389.5833333333,0.612986111111111,-30.2163444466852
18403.125,0.6134375,-30.4746200366428
18416.6666666667,0.613888888888889,-30.7354688948758
18430.2083333333,0.614340277777778,-30.9989418967283
18443.75,0.614791666666667,-31.2650917907892
18457.2916666667,0.615243055555556,-31.5339732973523
18470.8333333333,0.615694444444444,-31.805643213598
18484.375,0.616145833333333,-32.080160526063
18497.9166666667,0.616597222222222,-32.3575865310229
18511.4583333333,0.617048611111111,-32.6379849634694
18525,0.6175,-32.9214221354458
18538.5416666667,0.617951388888889,-33.2079670845702
18552.0833333333,0.618402777777778,-33.4976917336782
18565.625,0.618854166666667,-33.7906710626055
18579.1666666667,0.619305555555556,-34.086983293254
18592.7083333333,0.619756944444444,-34.3867100892084
18606.25,0.620208333333333,-34.6899367713029
18619.7916666667,0.620659722222222,-34.9967525507272
18633.3333333333,0.621111111111111,-35.3072507814162
18646.875,0.6215625,-35.6215292337004
18660.4166666667,0.622013888888889,-35.939690391418
18673.9583333333,0.622465277777778,-36.2618417749813
18687.5,0.622916666666667,-36.5880962931769
18701.0416666667,0.623368055555556,-36.9185726268686
18714.5833333333,0.623819444444444,-37.2533956481617
18728.125,0.624270833333333,-37.5926968790784
18741.6666666667,0.624722222222222,-37.9366149943311
18755.2083333333,0.625173611111111,-38.2852963734402
18768.75,0.625625,-38.6388957081598
18782.2916666667,0.626076388888889,-38.9975766720506
18795.8333333333,0.626527777777778,-39.3615126600691
18809.375,0.626979166666667,-39.7308876071927
18822.9166666667,0.627430555555556,-40.1058968965134
18836.4583333333,0.627881944444444,-40.4867483689084
18850,0.628333333333333,-40.8736634482908
18863.5416666667,0.628784722222222,-41.2668783988178
18877.0833333333,0.629236111111111,-41.6666457331868
18890.625,0.6296875,-42.073235794475
18904.1666666667,0.630138888888889,-42.4869385379812
18917.7083333333,0.630590277777778,-42.9080655443811
18931.25,0.631041666666667,-43.3369523013687
18944.7916666667,0.631493055555556,-43.7739607981592
18958.3333333333,0.631944444444444,-44.2194824860351
18971.875,0.632395833333333,-44.6739416689568
18985.4166666667,0.632847222222222,-45.1377994018228
18998.9583333333,0.633298611111111,-45.6115579907225
19012.5,0.63375,-46.0957662107545
19026.0416666667,0.634201388888889,-46.5910253836933
19039.5833333333,0.634652777777778,-47.097996491939
19053.125,0.635104166666667,-47.6174085488783
19066.6666666667,0.635555555555556,-48.150068502509
19080.2083333333,0.636006944444444,-48.696873023047
19093.75,0.636458333333333,-49.2588226226935
19107.2916666667,0.636909722222222,-49.8370386853122
19120.8333333333,0.637361111111111,-50.4327841581613
19134.375,0.6378125,-51.0474888949253
19147.9166666667,0.638263888888889,-51.6827809659985
19161.4583333333,0.638715277777778,-52.3405257082429
19175,0.639166666666667,-53.0228749326484
19188.5416666667,0.639618055555556,-53.7323296390579
19202.0833333333,0.640069444444444,-54.4718209511744
19215.625,0.640520833333333,-55.2448160231761
19229.1666666667,0.640972222222222,-56.0554587817497
19242.7083333333,0.641423611111111,-56.9087602360666
19256.25,0.641875,-57.8108609129909
19269.7916666667,0.642326388888889,-58.7694009425129
19283.3333333333,0.642777777777778,-59.7940555742646
19296.875,0.643229166666667,-60.897333676878
19310.4166666667,0.643680555555556,-62.0958112743964
19323.9583333333,0.644131944444444,-63.4121197561162
19337.5,0.644583333333333,-64.8783211188836
19351.0416666667,0.645034722222222,-66.5420226671112
19364.5833333333,0.645486111111111,-68.4784261436688
19378.125,0.6459375,-70.8169273782862
19391.6666666667,0.646388888888889,-73.8102887648454
19405.2083333333,0.646840277777778,-78.068697217049
19418.75,0.647291666666667,-85.9158120021751
19432.2916666667,0.647743055555556,-94.3844467792699
19445.8333333333,0.648194444444444,-81.4810380793389
19459.375,0.648645833333333,-76.7587186758829
19472.9166666667,0.649097222222222,-73.8951212252952
19486.4583333333,0.649548611111111,-71.8825708597018
19500,0.65,-70.3615351768017
19513.5416666667,0.650451388888889,-69.1618833170208
19527.0833333333,0.650902777777778,-68.1895630973484
19540.625,0.651354166666667,-67.3871044765181
19554.1666666667,0.651805555555556,-66.7168359983961
19567.7083333333,0.652256944444444,-66.15274575451
19581.25,0.652708333333333,-65.6761397907617
19594.7916666667,0.653159722222222,-65.273152380727
19608.3333333333,0.653611111111111,-64.9332345889097
19621.875,0.6540625,-64.6481934994854
19635.4166666667,0.654513888888889,-64.4115578609447
19648.9583333333,0.654965277777778,-64.2181457352732
19662.5,0.655416666666667,-64.0637618094078
19676.0416666667,0.655868055555556,-63.9449805960434
19689.5833333333,0.656319444444444,-63.8589881185992
19703.125,0.656770833333333,-63.803464410542
19716.6666666667,0.657222222222222,-63.776495139955
19730.2083333333,0.657673611111111,-63.7765044562692
19743.75,0.658125,-63.8022036125766
19757.2916666667,0.658576388888889,-63.8525515533495
19770.8333333333,0.659027777777778,-63.926724770416
19784.375,0.659479166666667,-64.0240945072978
19797.9166666667,0.659930555555556,-64.1442099463455
19811.4583333333,0.660381944444444,-64.2867864226892
19825,0.660833333333333,-64.4516980210285
19838.5416666667,0.661284722222222,-64.638974162523
19852.0833333333,0.661736111111111,-64.848800003326
19865.625,0.6621875,-65.081520664831
19879.1666666667,0.662638888888889,-65.33764951654
19892.7083333333,0.663090277777778,-65.6178809514712
19906.25,0.663541666666667,-65.9231083565993
19919.7916666667,0.663993055555556,-66.2544483090057
19933.3333333333,0.664444444444444,-66.6132724628333
19946.875,0.664895833333333,-67.0012491853446
19960.4166666667,0.665347222222222,-67.4203978351587
19973.9583333333,0.665798611111111,-67.873159777928
19987.5,0.66625,-68.3624920097793
20001.0416666667,0.666701388888889,-68.8919919381143
20014.5833333333,0.667152777777778,-69.4660660171745
20028.125,0.667604166666667,-70.0901615291275
20041.6666666667,0.668055555555556,-70.771091600029
20055.2083333333,0.668506944444444,-71.5175018274432
20068.75,0.668958333333333,-72.3405590872595
20082.2916666667,0.669409722222222,-73.2550023224971
20095.8333333333,0.669861111111111,-74.280810021244
20109.375,0.6703125,-75.4459764203998
20122.9166666667,0.670763888888889,-76.7914178803408
20136.4583333333,0.671215277777778,-78.3803314966717
20150,0.671666666666667,-80.3179511686404
20163.5416666667,0.672118055555556,-82.7996365925576
20177.0833333333,0.672569444444444,-86.256521730963
20190.625,0.673020833333333,-92.0123930817922
20204.1666666667,0.673472222222222,-115.137704829202
20217.7083333333,0.673923611111111,-93.4306120556302
20231.25,0.674375,-87.1212831786155
20244.7916666667,0.674826388888889,-83.5497363172399
20258.3333333333,0.675277777777778,-81.0624442041458
20271.875,0.675729166666667,-79.1624493070076
20285.4166666667,0.676180555555556,-77.6323818349521
20298.9583333333,0.676631944444444,-76.3575000049569
20312.5,0.677083333333333,-75.2697822831847
20326.0416666667,0.677534722222222,-74.3255660254138
20339.5833333333,0.677986111111111,-73.4951465897049
20353.125,0.6784375,-72.7573968128807
20366.6666666667,0.678888888888889,-72.0967532798486
20380.2083333333,0.679340277777778,-71.5014204649961
20393.75,0.679791666666667,-70.962246075856
20407.2916666667,0.680243055555556,-70.4719873932826
20420.8333333333,0.680694444444444,-70.0248160446905
20434.375,0.681145833333333,-69.6159738773568
20447.9166666667,0.681597222222222,-69.2415277848018
20461.4583333333,0.682048611111111,-68.8981911984115
20475,0.6825,-68.5831916191223
20488.5416666667,0.682951388888889,-68.2941706460674
20502.0833333333,0.683402777777778,-68.0291073927536
20515.625,0.683854166666667,-67.7862590285762
20529.1666666667,0.684305555555556,-67.5641140592251
20542.7083333333,0.684756944444444,-67.361355217404
20556.25,0.685208333333333,-67.1768296990503
20569.7916666667,0.685659722222222,-67.0095250804235
20583.3333333333,0.686111111111111,-66.858549678272
20596.875,0.6865625,-66.7231164197345
20610.4166666667,0.687013888888889,-66.6025295126029
20623.9583333333,0.687465277777778,-66.4961733696724
20637.5,0.687916666666667,-66.4035033641309
20651.0416666667,0.688368055555556,-66.3240380845097
20664.5833333333,0.688819444444444,-66.2573528288377
20678.125,0.689270833333333,-66.2030741310293
20691.6666666667,0.689722222222222,-66.1608751548659
20705.2083333333,0.690173611111111,-66.13047182414
20718.75,0.690625,-66.1116195831912
20732.2916666667,0.691076388888889,-66.1041107034356
20745.8333333333,0.691527777777778,-66.1077720682549
20759.375,0.691979166666667,-66.1224633824153
20772.9166666667,0.692430555555556,-66.1480757640381
20786.4583333333,0.692881944444444,-66.1845306872452
20800,0.693333333333333,-66.231779250975
20813.5416666667,0.693784722222222,-66.2898017590242
20827.0833333333,0.694236111111111,-66.3586076015721
20840.625,0.6946875,-66.4382354362644
20854.1666666667,0.695138888888889,-66.528753672926
20867.7083333333,0.695590277777778,-66.6302612733352
20881.25,0.696041666666667,-66.7428888837357
20894.7916666667,0.696493055555556,-66.8668003267947
20908.3333333333,0.696944444444444,-67.0021944876547
20921.875,0.697395833333333,-67.149307639927
20935.4166666667,0.697847222222222,-67.3084162687779
20948.9583333333,0.698298611111111,-67.4798404643855
20962.5,0.69875,-67.6639479757205
20976.0416666667,0.699201388888889,-67.8611590382059
20989.5833333333,0.699652777777778,-68.0719521160015
21003.125,0.700104166666667,-68.2968707364975
21016.6666666667,0.700555555555556,-68.5365316380339
21030.2083333333,0.701006944444444,-68.7916345133087
21043.75,0.701458333333333,-69.0629737050498
21057.2916666667,0.701909722222222,-69.3514523130545
21070.8333333333,0.702361111111111,-69.6580993051118
21084.375,0.7028125,-69.984090405353
21097.9166666667,0.703263888888889,-70.3307737794412
21111.4583333333,0.703715277777778,-70.6997018754509
21125,0.704166666666667,-71.092671253607
21138.5416666667,0.704618055555556,-71.5117729112817
21152.0833333333,0.705069444444444,-71.9594565819671
21165.625,0.705520833333333,-72.4386139110636
21179.1666666667,0.705972222222222,-72.9526875519275
21192.7083333333,0.706423611111111,-73.5058164928783
21206.25,0.706875,-74.1030330612464
21219.7916666667,0.707326388888889,-74.7505353240061
21233.3333333333,0.707777777777778,-75.45607237325
21246.875,0.708229166666667,-76.2295037107976
21260.4166666667,0.708680555555556,-77.0836365655012
21273.9583333333,0.709131944444444,-78.0355252780306
21287.5,0.709583333333333,-79.1085770892261
21301.0416666667,0.710034722222222,-80.3361510501873
21314.5833333333,0.710486111111111,-81.768133660273
21328.125,0.7109375,-83.4840425227461
21341.6666666667,0.711388888888889,-85.6224090425305
21355.2083333333,0.711840277777778,-88.4590097994701
21368.75,0.712291666666667,-92.6827188330072
21382.2916666667,0.712743055555556,-101.173914133979
21395.8333333333,0.713194444444444,-104.917739431704
21409.375,0.713645833333333,-93.9776370395554
21422.9166666667,0.714097222222222,-89.3114253125825
21436.4583333333,0.714548611111111,-86.3127331425565
21450,0.715,-84.105429723727
21463.5416666667,0.715451388888889,-82.3628095551363
21477.0833333333,0.715902777777778,-80.9267581223166
21490.625,0.716354166666667,-79.7086088756745
21504.1666666667,0.716805555555556,-78.6536196289866
21517.7083333333,0.717256944444444,-77.725608241702
21531.25,0.717708333333333,-76.8994085537111
21544.7916666667,0.718159722222222,-76.1568084200654
21558.3333333333,0.718611111111111,-75.4842031542783
21571.875,0.7190625,-74.871162370854
21585.4166666667,0.719513888888889,-74.3095142279409
21598.9583333333,0.719965277777778,-73.7927379383388
21612.5,0.720416666666667,-73.3155478445236
21626.0416666667,0.720868055555556,-72.873600851896
21639.5833333333,0.721319444444444,-72.4632857683908
21653.125,0.721770833333333,-72.0815684898891
21666.6666666667,0.722222222222222,-71.7258761614195
21680.2083333333,0.722673611111111,-71.3940091040465
21693.75,0.723125,-71.0840728900754
21707.2916666667,0.723576388888889,-70.7944252796037
21720.8333333333,0.724027777777778,-70.523634284439
21734.375,0.724479166666667,-70.2704446743307
21747.9166666667,0.724930555555556,-70.0337509706745
21761.4583333333,0.725381944444444,-69.8125754782972
21775,0.725833333333333,-69.6060502734806
21788.5416666667,0.726284722222222,-69.4134023268289
21802.0833333333,0.726736111111111,-69.2339411329231
21815.625,0.7271875,-69.0670483612098
21829.1666666667,0.727638888888889,-68.9121691492011
21842.7083333333,0.728090277777778,-68.7688047399605
21856.25,0.728541666666667,-68.6365062276201
21869.7916666667,0.728993055555556,-68.5148692223884
21883.3333333333,0.729444444444444,-68.4035292828591
21896.875,0.729895833333333,-68.3021579940509
21910.4166666667,0.730347222222222,-68.2104595899036
21923.9583333333,0.730798611111111,-68.1281680400002
21937.5,0.73125,-68.0550445326822
21951.0416666667,0.731701388888889,-67.9908752998998
21964.5833333333,0.732152777777778,-67.9354697375422
21978.125,0.732604166666667,-67.8886587841723
21991.6666666667,0.733055555555556,-67.8502935260185
22005.2083333333,0.733506944444444,-67.8202440027496
22018.75,0.733958333333333,-67.7983981919097
22032.2916666667,0.734409722222222,-67.7846611549385
22045.8333333333,0.734861111111111,-67.778954329258
22059.375,0.7353125,-67.7812149555413
22072.9166666667,0.735763888888889,-67.7913956301073
22086.4583333333,0.736215277777778,-67.8094639759611
22100,0.736666666666667,-67.8354024262148
22113.5416666667,0.737118055555556,-67.8692081180541
22127.0833333333,0.737569444444444,-67.910892893991
22140.625,0.738020833333333,-67.9604834116399
22154.1666666667,0.738472222222222,-68.0180213632347
22167.7083333333,0.738923611111111,-68.0835638084988
22181.25,0.739375,-68.1571836262983
22194.7916666667,0.739826388888889,-68.2389700923042
22208.3333333333,0.740277777777778,-68.3290295922409
22221.875,0.740729166666667,-68.4274864826488
22235.4166666667,0.741180555555556,-68.5344841142014
22248.9583333333,0.741631944444444,-68.650186035025
22262.5,0.742083333333333,-68.7747773971373
22276.0416666667,0.742534722222222,-68.9084665908375
22289.5833333333,0.742986111111111,-69.0514871403571
22303.125,0.7434375,-69.2040998982053
22316.6666666667,0.743888888888889,-69.366595585201
22330.2083333333,0.744340277777778,-69.5392977314978
22343.75,0.744791666666667,-69.7225660876558
22357.2916666667,0.745243055555556,-69.9168005874636
22370.8333333333,0.745694444444444,-70.1224459649512
22384.375,0.746145833333333,-70.339997149414
22397.9166666667,0.746597222222222,-70.5700055937616
22411.4583333333,0.747048611111111,-70.813086727019
22425,0.7475,-71.0699287727559
22438.5416666667,0.747951388888889,-71.3413032361882
22452.0833333333,0.748402777777778,-71.6280774473054
22465.625,0.748854166666667,-71.9312296538779
22479.1666666667,0.749305555555556,-72.25186730829
22492.7083333333,0.749756944444444,-72.5912493844295
22506.25,0.750208333333333,-72.9508138347588
22519.7916666667,0.750659722222222,-73.3322116684396
22533.3333333333,0.751111111111111,-73.7373496568477
22546.875,0.7515625,-74.1684444202006
22560.4166666667,0.752013888888889,-74.6280917331536
22573.9583333333,0.752465277777778,-75.1193564881777
22587.5,0.752916666666667,-75.6458911683602
22601.0416666667,0.753368055555556,-76.2120944010756
22614.5833333333,0.753819444444444,-76.8233270422007
22628.125,0.754270833333333,-77.4862128085472
22641.6666666667,0.754722222222222,-78.2090665356845
22655.2083333333,0.755173611111111,-79.0025211555153
22668.75,0.755625,-79.8804754516221
22682.2916666667,0.756076388888889,-80.86158220747
22695.8333333333,0.756527777777778,-81.9716946312579
22709.375,0.756979166666667,-83.2481225090128
22722.9166666667,0.757430555555556,-84.7475880950373
22736.4583333333,0.757881944444444,-86.5625697946958
22750,0.758333333333333,-88.8595572266801
22763.5416666667,0.758784722222222,-91.9878887175549
22777.0833333333,0.759236111111111,-96.9132591198334
22790.625,0.7596875,-109.349190752973
22804.1666666667,0.760138888888889,-102.599290098133
22817.7083333333,0.760590277777778,-94.8032594319497
22831.25,0.761041666666667,-90.7783086231333
22844.7916666667,0.761493055555556,-88.0522668925494
22858.3333333333,0.761944444444444,-85.9928388565863
22871.875,0.762395833333333,-84.3407174061976
22885.4166666667,0.762847222222222,-82.9639130533725
22898.9583333333,0.763298611111111,-81.7860150391645
22912.5,0.76375,-80.7587948661315
22926.0416666667,0.764201388888889,-79.8498532172059
22939.5833333333,0.764652777777778,-79.0363718017187
22953.125,0.765104166666667,-78.3016731639848
22966.6666666667,0.765555555555556,-77.6331982727559
22980.2083333333,0.766006944444444,-77.0212538196471
22993.75,0.766458333333333,-76.4582024287489
23007.2916666667,0.766909722222222,-75.9379202106293
23020.8333333333,0.767361111111111,-75.4554222774497
23034.375,0.7678125,-75.0065974369381
23047.9166666667,0.768263888888889,-74.5880159667985
23061.4583333333,0.768715277777778,-74.1967875699915
23075,0.769166666666667,-73.8304545726536
23088.5416666667,0.769618055555556,-73.4869103665007
23102.0833333333,0.770069444444444,-73.1643362606646
23115.625,0.770520833333333,-72.8611519736196
23129.1666666667,0.770972222222222,-72.5759763771028
23142.7083333333,0.771423611111111,-72.3075960494045
23156.25,0.771875,-72.0549398457147
23169.7916666667,0.772326388888889,-71.8170581584931
23183.3333333333,0.772777777777778,-71.5931058682495
23196.875,0.773229166666667,-71.3823282275814
23210.4166666667,0.773680555555556,-71.1840490937555
23223.9583333333,0.774131944444444,-70.9976610607924
23237.5,0.774583333333333,-70.8226171357428
23251.0416666667,0.775034722222222,-70.6584236817789
23264.5833333333,0.775486111111111,-70.50463440596
23278.125,0.7759375,-70.3608452148768
23291.6666666667,0.776388888888889,-70.2266897949164
23305.2083333333,0.776840277777778,-70.1018358014169
23318.75,0.777291666666667,-69.9859815622768
23332.2916666667,0.777743055555556,-69.8788532184722
23345.8333333333,0.778194444444444,-69.7802022371876
23359.375,0.778645833333333,-69.689803245171
23372.9166666667,0.779097222222222,-69.6074521383847
23386.4583333333,0.779548611111111,-69.5329644305695
23400,0.78,-69.4661738106738
23413.5416666667,0.780451388888889,-69.406930883301
23427.0833333333,0.780902777777778,-69.3551020697789
23440.625,0.781354166666667,-69.3105686529294
23454.1666666667,0.781805555555556,-69.2732259489568
23467.7083333333,0.782256944444444,-69.2429825941918
23481.25,0.782708333333333,-69.2197599358805
23494.7916666667,0.783159722222222,-69.2034915175917
23508.3333333333,0.783611111111111,-69.1941226526927
23521.875,0.7840625,-69.1916100787572
23535.4166666667,0.784513888888889,-69.1959216890832
23548.9583333333,0.784965277777778,-69.2070363368066
23562.5,0.785416666666667,-69.2249437100593
23576.0416666667,0.785868055555556,-69.2496442748422
23589.5833333333,0.786319444444444,-69.2811492867341
23603.125,0.786770833333333,-69.3194808701373
23616.6666666667,0.787222222222222,-69.3646721669803
23630.2083333333,0.787673611111111,-69.4167675563952
23643.75,0.788125,-69.4758229487922
23657.2916666667,0.788576388888889,-69.541906158094
23670.8333333333,0.789027777777778,-69.6150973573765
23684.375,0.789479166666667,-69.6954896247719
23697.9166666667,0.789930555555556,-69.7831895870387
23711.4583333333,0.790381944444444,-69.8783181710155
23725,0.790833333333333,-69.9810114735806
23738.5416666667,0.791284722222222,-70.0914217651591
23752.0833333333,0.791736111111111,-70.2097186417246
23765.625,0.7921875,-70.3360903455293
23779.1666666667,0.792638888888889,-70.470745277565
23792.7083333333,0.793090277777778,-70.6139137284017
23806.25,0.793541666666667,-70.7658498615396
23819.7916666667,0.793993055555556,-70.9268339870637
23833.3333333333,0.794444444444444,-71.0971751732376
23846.875,0.794895833333333,-71.2772142526472
23860.4166666667,0.795347222222222,-71.4673272907676
23873.9583333333,0.795798611111111,-71.6679296011922
23887.5,0.79625,-71.8794804078125
23901.0416666667,0.796701388888889,-72.1024882799439
23914.5833333333,0.797152777777778,-72.3375174936324
23928.125,0.797604166666667,-72.5851955123853
23941.6666666667,0.798055555555556,-72.8462218253328
23955.2083333333,0.798506944444444,-73.1213784484317
23968.75,0.798958333333333,-73.4115424720516
23982.2916666667,0.799409722222222,-73.7177011503059
23995.8333333333,0.799861111111111,-74.0409701709414
24009.375,0.8003125,-74.3826159424688
24022.9166666667,0.800763888888889,-74.7440830025332
24036.4583333333,0.801215277777778,-75.1270280239027
24050,0.801666666666667,-75.533362416864
24063.5416666667,0.802118055555556,-75.9653062697922
24077.0833333333,0.802569444444444,-76.4254574502309
24090.625,0.803020833333333,-76.9168812791508
24104.1666666667,0.803472222222222,-77.4432285951969
24117.7083333333,0.803923611111111,-78.0088937186595
24131.25,0.804375,-78.6192296743065
24144.7916666667,0.804826388888889,-79.2808475332446
24158.3333333333,0.805277777777778,-80.0020426893534
24171.875,0.805729166666667,-80.793418695815
24185.4166666667,0.806180555555556,-81.6688298487734
24198.9583333333,0.806631944444444,-82.6468604257129
24212.5,0.807083333333333,-83.7532548916691
24226.0416666667,0.807534722222222,-85.0251424247415
24239.5833333333,0.807986111111111,-86.5189255108007
24253.125,0.8084375,-88.3264628643582
24266.6666666667,0.808888888888889,-90.6128732680062
24280.2083333333,0.809340277777778,-93.7237552984933
24293.75,0.809791666666667,-98.6097287425535
24307.2916666667,0.810243055555556,-110.781254555916
24320.8333333333,0.810694444444444,-104.534884605627
24334.375,0.811145833333333,-96.637890417525
24347.9166666667,0.811597222222222,-92.5841332838643
24361.4583333333,0.812048611111111,-89.8424264132241
24375,0.8125,-87.7719112574544
24388.5416666667,0.812951388888889,-86.1107501395912
24402.0833333333,0.813402777777778,-84.72593942716
24415.625,0.813854166666667,-83.5405831541419
24429.1666666667,0.814305555555556,-82.5061917352153
24442.7083333333,0.814756944444444,-81.5902130207865
24456.25,0.815208333333333,-80.7697333791149
24469.7916666667,0.815659722222222,-80.0280128173922
24483.3333333333,0.816111111111111,-79.3524495679424
24496.875,0.8165625,-78.733320086264
24510.4166666667,0.817013888888889,-78.1629649429544
24523.9583333333,0.817465277777778,-77.6352437125139
24537.5,0.817916666666667,-77.1451587799314
24551.0416666667,0.818368055555556,-76.6885889059681
24564.5833333333,0.818819444444444,-76.262096233445
24578.125,0.819270833333333,-75.8627837083427
24591.6666666667,0.819722222222222,-75.4881878962717
24605.2083333333,0.820173611111111,-75.1361971475484
24618.75,0.820625,-74.8049882442251
24632.2916666667,0.821076388888889,-74.4929767363288
24645.8333333333,0.821527777777778,-74.1987775675729
24659.375,0.821979166666667,-73.9211735339696
24672.9166666667,0.822430555555556,-73.6590897811738
24686.4583333333,0.822881944444444,-73.4115730034477
24700,0.823333333333333,-73.1777743449534
24713.5416666667,0.823784722222222,-72.9569352404938
24727.0833333333,0.824236111111111,-72.7483756121573
24740.625,0.8246875,-72.5514839680449
24754.1666666667,0.825138888888889,-72.3657090492054
24767.7083333333,0.825590277777778,-72.1905527451341
24781.25,0.826041666666667,-72.0255640552985
24794.7916666667,0.826493055555556,-71.8703339194599
24808.3333333333,0.826944444444444,-71.7244907726782
24821.875,0.827395833333333,-71.587696709759
24835.4166666667,0.827847222222222,-71.4596441627716
24848.9583333333,0.828298611111111,-71.3400530149633
24862.5,0.82875,-71.2286680867182
24876.0416666667,0.829201388888889,-71.1252569394982
24889.5833333333,0.829652777777778,-71.0296079549927
24903.125,0.830104166666667,-70.9415286505434
24916.6666666667,0.830555555555556,-70.8608442016844
24930.2083333333,0.831006944444444,-70.7873961444783
24943.75,0.831458333333333,-70.7210412361256
24957.2916666667,0.831909722222222,-70.6616504552248
24970.8333333333,0.832361111111111,-70.6091081255861
24984.375,0.8328125,-70.56331115064
24997.9166666667,0.833263888888889,-70.524168347185
25011.4583333333,0.833715277777778,-70.4915998684746
25025,0.834166666666667,-70.4655367087269
25038.5416666667,0.834618055555556,-70.4459202828307
25052.0833333333,0.835069444444444,-70.4327020749169
25065.625,0.835520833333333,-70.4258433516704
25079.1666666667,0.835972222222222,-70.4253149362996
25092.7083333333,0.836423611111111,-70.4310970408537
25106.25,0.836875,-70.443179154162
25119.7916666667,0.837326388888889,-70.4615599844217
25133.3333333333,0.837777777777778,-70.4862474557062
25146.875,0.838229166666667,-70.5172587578002
25160.4166666667,0.838680555555556,-70.5546204511512
25173.9583333333,0.839131944444444,-70.5983686266047
25187.5,0.839583333333333,-70.6485491237835
25201.0416666667,0.840034722222222,-70.7052178093966
25214.5833333333,0.840486111111111,-70.7684409195039
25228.125,0.8409375,-70.8382954709864
25241.6666666667,0.841388888888889,-70.914869746174
25255.2083333333,0.841840277777778,-70.9982638592002
25268.75,0.842291666666667,-71.0885904096795
25282.2916666667,0.842743055555556,-71.185975235175
25295.8333333333,0.843194444444444,-71.2905582721994
25309.375,0.843645833333333,-71.4024945393515
25322.9166666667,0.844097222222222,-71.5219552580304
25336.4583333333,0.844548611111111,-71.6491291286144
25350,0.845,-71.7842237840311
25363.5416666667,0.845451388888889,-71.9274674463759
25377.0833333333,0.845902777777778,-72.0791108165014
25390.625,0.846354166666667,-72.2394292328371
25404.1666666667,0.846805555555556,-72.4087251433926
25417.7083333333,0.847256944444444,-72.5873309421773
25431.25,0.847708333333333,-72.7756122332497
25444.7916666667,0.848159722222222,-72.9739715978969
25458.3333333333,0.848611111111111,-73.1828529584416
25471.875,0.8490625,-73.402746651027
25485.4166666667,0.849513888888889,-73.6341953478572
25498.9583333333,0.849965277777778,-73.8778010019043
25512.5,0.850416666666667,-74.1342330295211
25526.0416666667,0.850868055555556,-74.4042380042005
25539.5833333333,0.851319444444444,-74.6886512032702
25553.125,0.851770833333333,-74.9884104496525
25566.6666666667,0.852222222222222,-75.304572812688
25580.2083333333,0.852673611111111,-75.6383349054612
25593.75,0.853125,-75.9910577479615
25607.2916666667,0.853576388888889,-76.3642974806359
25620.8333333333,0.854027777777778,-76.7598436633197
25634.375,0.854479166666667,-77.1797675160605
25647.9166666667,0.854930555555556,-77.6264833713424
25661.4583333333,0.855381944444444,-78.1028279249249
25675,0.855833333333333,-78.6121638519352
25688.5416666667,0.856284722222222,-79.1585173656769
25702.0833333333,0.856736111111111,-79.7467639983474
25715.625,0.8571875,-80.3828844256557
25729.1666666667,0.857638888888889,-81.07432462421
25742.7083333333,0.858090277777778,-81.8305159854558
25756.25,0.858541666666667,-82.66364901533
25769.7916666667,0.858993055555556,-83.5898651701316
25783.3333333333,0.859444444444444,-84.631171215866
25796.875,0.859895833333333,-85.8186751773563
25810.4166666667,0.860347222222222,-87.1984167358173
25823.9583333333,0.860798611111111,-88.8427736816303
25837.5,0.86125,-90.8753927635417
25851.0416666667,0.861701388888889,-93.535061651405
25864.5833333333,0.862152777777778,-97.3863610731967
25878.125,0.862604166666667,-104.466528897259
25891.6666666667,0.863055555555556,-116.257602217046
25905.2083333333,0.863506944444444,-100.878073807515
25918.75,0.863958333333333,-95.6424823761913
25932.2916666667,0.864409722222222,-92.4093337844982
25945.8333333333,0.864861111111111,-90.0679574530245
25959.375,0.8653125,-88.2343298417287
25972.9166666667,0.865763888888889,-86.7294403811536
25986.4583333333,0.866215277777778,-85.4551853327097
26000,0.866666666666667,-84.3519376772827
26013.5416666667,0.867118055555556,-83.380734050075
26027.0833333333,0.867569444444444,-82.5147088630528
26040.625,0.868020833333333,-81.7345532299521
26054.1666666667,0.868472222222222,-81.0259230649798
26067.7083333333,0.868923611111111,-80.3778712805426
26081.25,0.869375,-79.781853887992
26094.7916666667,0.869826388888889,-79.2310750127124
26108.3333333333,0.870277777777778,-78.7200409556149
26121.875,0.870729166666667,-78.2442480187873
26135.4166666667,0.871180555555556,-77.7999586645275
26148.9583333333,0.871631944444444,-77.384037611222
26162.5,0.872083333333333,-76.9938295877098
26176.0416666667,0.872534722222222,-76.6270666518294
26189.5833333333,0.872986111111111,-76.281796890973
26203.125,0.8734375,-75.9563288451876
26216.6666666667,0.873888888888889,-75.6491876714939
26230.2083333333,0.874340277777778,-75.3590801926272
26243.75,0.874791666666667,-75.0848667561154
26257.2916666667,0.875243055555556,-74.8255383722571
26270.8333333333,0.875694444444444,-74.5801979867283
26284.375,0.876145833333333,-74.3480450248696
26297.9166666667,0.876597222222222,-74.1283625439996
26311.4583333333,0.877048611111111,-73.920506487751
26325,0.8775,-73.7238966414256
26338.5416666667,0.877951388888889,-73.5380089798478
26352.0833333333,0.878402777777778,-73.3623691568907
26365.625,0.878854166666667,-73.1965469433357
26379.1666666667,0.879305555555556,-73.0401514511427
26392.7083333333,0.879756944444444,-72.8928270179893
26406.25,0.880208333333333,-72.7542496466289
26419.7916666667,0.880659722222222,-72.6241239150042
26433.3333333333,0.881111111111111,-72.5021802848518
26446.875,0.8815625,-72.3881727524948
26460.4166666667,0.882013888888889,-72.2818767923766
26473.9583333333,0.882465277777778,-72.1830875539234
26487.5,0.882916666666667,-72.091618276595
26501.0416666667,0.883368055555556,-72.0072988969553
26514.5833333333,0.883819444444444,-71.9299748209929
26528.125,0.884270833333333,-71.8595058440575
26541.6666666667,0.884722222222222,-71.7957651994353
26555.2083333333,0.885173611111111,-71.7386387221816
26568.75,0.885625,-71.688024114465
26582.2916666667,0.886076388888889,-71.6438303037139
26595.8333333333,0.886527777777778,-71.6059768828957
26609.375,0.886979166666667,-71.5743936262848
26622.9166666667,0.887430555555556,-71.5490200740797
26636.4583333333,0.887881944444444,-71.5298051802936
26650,0.888333333333333,-71.5167070203715
26663.5416666667,0.888784722222222,-71.5096925529814
26677.0833333333,0.889236111111111,-71.5087374355998
26690.625,0.8896875,-71.5138258890839
26704.1666666667,0.890138888888889,-71.5249506120945
26717.7083333333,0.890590277777778,-71.5421127416374
26731.25,0.891041666666667,-71.5653218621965
26744.7916666667,0.891493055555556,-71.5945960610761
26758.3333333333,0.891944444444444,-71.6299620320079
26771.875,0.892395833333333,-71.6714552278208
26785.4166666667,0.892847222222222,-71.7191200640264
26798.9583333333,0.893298611111111,-71.7730101760365
26812.5,0.89375,-71.8331887327832
26826.0416666667,0.894201388888889,-71.899728810943
26839.5833333333,0.894652777777778,-71.9727138344732
26853.125,0.895104166666667,-72.0522380854325
26866.6666666667,0.895555555555556,-72.1384072925735
26880.2083333333,0.896006944444444,-72.2313393054497
26893.75,0.896458333333333,-72.3311648647793
26907.2916666667,0.896909722222222,-72.438028478709
26920.8333333333,0.897361111111111,-72.5520894195443
26934.375,0.8978125,-72.6735228547779
26947.9166666667,0.898263888888889,-72.8025211327622
26961.4583333333,0.898715277777778,-72.9392952426302
26975,0.899166666666667,-73.0840764749401
26988.5416666667,0.899618055555556,-73.2371183131888
27002.0833333333,0.900069444444444,-73.3986985916761
27015.625,0.900520833333333,-73.5691219642073
27029.1666666667,0.900972222222222,-73.7487227326495
27042.7083333333,0.901423611111111,-73.9378681010679
27056.25,0.901875,-74.1369619273428
27069.7916666667,0.902326388888889,-74.3464490676449
27083.3333333333,0.902777777777778,-74.5668204222825
27096.875,0.903229166666667,-74.7986188257256
27110.4166666667,0.903680555555556,-75.0424459486738
27123.9583333333,0.904131944444444,-75.2989704283385
27137.5,0.904583333333333,-75.56893749526
27151.0416666667,0.905034722222222,-75.8531804371759
27164.5833333333,0.905486111111111,-76.1526343351083
27178.125,0.9059375,-76.468352631089
27191.6666666667,0.906388888888889,-76.8015272560428
27205.2083333333,0.906840277777778,-77.1535132743317
27218.75,0.907291666666667,-77.5258593164906
27232.2916666667,0.907743055555556,-77.9203455082869
27245.8333333333,0.908194444444444,-78.3390312245028
27259.375,0.908645833333333,-78.784315888033
27272.9166666667,0.909097222222222,-79.2590173331605
27286.4583333333,0.909548611111111,-79.7664741970531
27300,0.91,-80.3106817546509
27313.5416666667,0.910451388888889,-80.8964752289718
27327.0833333333,0.910902777777778,-81.5297819851303
27340.625,0.911354166666667,-82.2179762127578
27354.1666666667,0.911805555555556,-82.9703905274549
27367.7083333333,0.912256944444444,-83.7990759538174
27381.25,0.912708333333333,-84.7199707099046
27394.7916666667,0.913159722222222,-85.7547738159916
27408.3333333333,0.913611111111111,-86.9341044297484
27421.875,0.9140625,-88.3031765939379
27435.4166666667,0.914513888888889,-89.9328561572656
27448.9583333333,0.914965277777778,-91.9436925947843
27462.5,0.915416666666667,-94.5669768411314
27476.0416666667,0.915868055555556,-98.3432843456694
27489.5833333333,0.916319444444444,-105.16823499213
27503.125,0.916770833333333,-119.483279203287
27516.6666666667,0.917222222222222,-102.355618800417
27530.2083333333,0.917673611111111,-96.9725877217951
27543.75,0.918125,-93.6835165070289
27557.2916666667,0.918576388888889,-91.3120528475747
27570.8333333333,0.919027777777778,-89.4591834122384
27584.375,0.919479166666667,-87.9406054872604
27597.9166666667,0.919930555555556,-86.6558703220103
27611.4583333333,0.920381944444444,-85.5441522210406
27625,0.920833333333333,-84.5658112951115
27638.5416666667,0.921284722222222,-83.6935711810064
27652.0833333333,0.921736111111111,-82.9078591302087
27665.625,0.9221875,-82.1941537969283
27679.1666666667,0.922638888888889,-81.5413845735411
27692.7083333333,0.923090277777778,-80.9409187314983
27706.25,0.923541666666667,-80.3858949688287
27719.7916666667,0.923993055555556,-79.8707702544821
27733.3333333333,0.924444444444444,-79.3910029588385
27746.875,0.924895833333333,-78.9428258624579
27760.4166666667,0.925347222222222,-78.5230800918886
27773.9583333333,0.925798611111111,-78.129091350965
27787.5,0.92625,-77.7585761508382
27801.0416666667,0.926701388888889,-77.4095697126926
27814.5833333333,0.927152777777778,-77.0803698031873
27828.125,0.927604166666667,-76.7694924519944
27841.6666666667,0.928055555555556,-76.4756366627804
27855.2083333333,0.928506944444444,-76.1976560102045
27868.75,0.928958333333333,-75.9345355732389
27882.2916666667,0.929409722222222,-75.6853730465856
27895.8333333333,0.929861111111111,-75.4493631549402
27909.375,0.9303125,-75.2257847024437
27922.9166666667,0.930763888888889,-75.0139897414062
27936.4583333333,0.931215277777778,-74.8133944590182
27950,0.931666666666667,-74.6234714661149
27963.5416666667,0.932118055555556,-74.4437432395276
27977.0833333333,0.932569444444444,-74.2737765181075
27990.625,0.933020833333333,-74.1131774920989
28004.1666666667,0.933472222222222,-73.9615876572329
28017.7083333333,0.933923611111111,-73.818680227539
28031.25,0.934375,-73.6841570216513
28044.7916666667,0.934826388888889,-73.5577457502415
28058.3333333333,0.935277777777778,-73.4391976472829
28071.875,0.935729166666667,-73.3282853959447
28085.4166666667,0.936180555555556,-73.2248013082281
28098.9583333333,0.936631944444444,-73.1285557247872
28112.5,0.937083333333333,-73.0393756051635
28126.0416666667,0.937534722222222,-72.9571032863237
28139.5833333333,0.937986111111111,-72.8815953865954
28153.125,0.9384375,-72.8127218397107
28166.6666666667,0.938888888888889,-72.7503650422399
28180.2083333333,0.939340277777778,-72.6944191044653
28193.75,0.939791666666667,-72.6447891907308
28207.2916666667,0.940243055555556,-72.6013909430568
28220.8333333333,0.940694444444444,-72.5641499784763
28234.375,0.941145833333333,-72.5330014543941
28247.9166666667,0.941597222222222,-72.5078896958081
28261.4583333333,0.942048611111111,-72.4887678801801
28275,0.9425,-72.475597775848
28288.5416666667,0.942951388888889,-72.4683495310995
28302.0833333333,0.943402777777778,-72.4670015108637
28315.625,0.943854166666667,-72.4715401795681
28329.1666666667,0.944305555555556,-72.4819600285511
28342.7083333333,0.944756944444444,-72.4982635476774
28356.25,0.945208333333333,-72.5204612398145
28369.7916666667,0.945659722222222,-72.5485716794244
28383.3333333333,0.946111111111111,-72.5826216151269
28396.875,0.9465625,-72.6226461184105
28410.4166666667,0.947013888888889,-72.6686887787454
28423.9583333333,0.947465277777778,-72.7208019488603
28437.5,0.947916666666667,-72.7790470425295
28451.0416666667,0.948368055555556,-72.8434948883077
28464.5833333333,0.948819444444444,-72.9142261442957
28478.125,0.949270833333333,-72.9913317777809
28491.6666666667,0.949722222222222,-73.074913618357
28505.2083333333,0.950173611111111,-73.1650849893391
28518.75,0.950625,-73.2619714281612
28532.2916666667,0.951076388888889,-73.3657115040231
28545.8333333333,0.951527777777778,-73.4764577475192
28559.375,0.951979166666667,-73.5943777025962
28572.9166666667,0.952430555555556,-73.7196551207807
28586.4583333333,0.952881944444444,-73.8524913148672
28600,0.953333333333333,-73.9931066961311
28613.5416666667,0.953784722222222,-74.1417425215855
28627.0833333333,0.954236111111111,-74.2986628839111
28640.625,0.9546875,-74.4641569823165
28654.1666666667,0.955138888888889,-74.6385417206612
28667.7083333333,0.955590277777778,-74.822164687546
28681.25,0.956041666666667,-75.0154075853824
28694.7916666667,0.956493055555556,-75.2186901897528
28708.3333333333,0.956944444444444,-75.4324749377298
28721.875,0.957395833333333,-75.6572722656454
28735.4166666667,0.957847222222222,-75.8936468469309
28748.9583333333,0.958298611111111,-76.1422249148878
28762.5,0.95875,-76.4037029038242
28776.0416666667,0.959201388888889,-76.6788576995725
28789.5833333333,0.959652777777778,-76.9685588725974
28803.125,0.960104166666667,-77.2737833693024
28816.6666666667,0.960555555555556,-77.595633276169
28830.2083333333,0.961006944444444,-77.9353574604095
28843.75,0.961458333333333,-78.2943781441076
28857.2916666667,0.961909722222222,-78.6743238281268
28870.8333333333,0.962361111111111,-79.0770704698483
28884.375,0.9628125,-79.5047935322624
28897.9166666667,0.963263888888889,-79.9600345336238
28911.4583333333,0.963715277777778,-80.44578723707
28925,0.964166666666667,-80.9656108621119
28938.5416666667,0.964618055555556,-81.5237811743463
28952.0833333333,0.965069444444444,-82.1254957492451
28965.625,0.965520833333333,-82.7771585328408
28979.1666666667,0.965972222222222,-83.4867835538883
28992.7083333333,0.966423611111111,-84.2645831734021
29006.25,0.966875,-85.1238523649524
29019.7916666667,0.967326388888889,-86.0823480038051
29033.3333333333,0.967777777777778,-87.1645380831916
29046.875,0.968229166666667,-88.405475581548
29060.4166666667,0.968680555555556,-89.8579467870725
29073.9583333333,0.969131944444444,-91.6069044922072
29087.5,0.969583333333333,-93.8024340015439
29101.0416666667,0.970034722222222,-96.7500357123637
29114.5833333333,0.970486111111111,-101.245535520567
29128.125,0.9709375,-111.073842330942
29141.6666666667,0.971388888888889,-110.265701491009
29155.2083333333,0.971840277777778,-100.996020460864
29168.75,0.972291666666667,-96.6239593691213
29182.2916666667,0.972743055555556,-93.7376906009557
29195.8333333333,0.973194444444444,-91.5827927302919
29209.375,0.973645833333333,-89.8650551699063
29222.9166666667,0.974097222222222,-88.4387341289666
29236.4583333333,0.974548611111111,-87.2209023860729
29250,0.975,-86.1598456266638
29263.5416666667,0.975451388888889,-85.2211311513812
29277.0833333333,0.975902777777778,-84.3806746397223
29290.625,0.976354166666667,-83.6209691558798
29304.1666666667,0.976805555555556,-82.9288894204282
29317.7083333333,0.977256944444444,-82.2943422392501
29331.25,0.977708333333333,-81.7093996421209
29344.7916666667,0.978159722222222,-81.1677213097692
29358.3333333333,0.978611111111111,-80.6641576547389
29371.875,0.9790625,-80.1944697250845
29385.4166666667,0.979513888888889,-79.7551269556057
29398.9583333333,0.979965277777778,-79.3431581667364
29412.5,0.980416666666667,-78.9560398285944
29426.0416666667,0.980868055555556,-78.5916109352991
29439.5833333333,0.981319444444444,-78.2480072350763
29453.125,0.981770833333333,-77.9236097620864
29466.6666666667,0.982222222222222,-77.617004095615
29480.2083333333,0.982673611111111,-77.3269477716952
29493.75,0.983125,-77.0523439666586
29507.2916666667,0.983576388888889,-76.7922200581455
29520.8333333333,0.984027777777778,-76.5457100199567
29534.375,0.984479166666667,-76.3120398567077
29547.9166666667,0.984930555555556,-76.0905154717519
29561.4583333333,0.985381944444444,-75.8805124971097
29575,0.985833333333333,-75.6814677193731
29588.5416666667,0.986284722222222,-75.4928718091617
29602.0833333333,0.986736111111111,-75.3142631279125
29615.625,0.9871875,-75.1452224249933
29629.1666666667,0.987638888888889,-74.9853682798108
29642.7083333333,0.988090277777778,-74.8343531654933
29656.25,0.988541666666667,-74.6918600403805
29669.7916666667,0.988993055555556,-74.5575993833638
29683.3333333333,0.989444444444444,-74.4313066092754
29696.875,0.989895833333333,-74.3127398080962
29710.4166666667,0.990347222222222,-74.2016777635558
29723.9583333333,0.990798611111111,-74.0979182119093
29737.5,0.99125,-74.0012763094691
29751.0416666667,0.991701388888889,-73.911583281555
29764.5833333333,0.992152777777778,-73.8286852305652
29778.125,0.992604166666667,-73.7524420839205
29791.6666666667,0.993055555555556,-73.6827266639139
29805.2083333333,0.993506944444444,-73.6194238680296
29818.75,0.993958333333333,-73.5624299459105
29832.2916666667,0.994409722222222,-73.5116518634304
29845.8333333333,0.994861111111111,-73.4670067451627
29859.375,0.9953125,-73.4284213881179
29872.9166666667,0.995763888888889,-73.3958318398889
29886.4583333333,0.996215277777778,-73.3691830366886
29900,0.996666666666667,-73.3484284958576
29913.5416666667,0.997118055555556,-73.3335300600448
29927.0833333333,0.997569444444444,-73.3244576891358
29940.625,0.998020833333333,-73.3211892989228
29954.1666666667,0.998472222222222,-73.3237106422972
29967.7083333333,0.998923611111111,-73.3320152340659
29981.25,0.999375,-73.3461043172037
29994.7916666667,0.999826388888889,-73.3659868700539
30008.3333333333,1.00027777777778,-73.391679655073
30021.875,1.00072916666667,-73.4232073099402
30035.4166666667,1.00118055555556,-73.4606024811583
30048.9583333333,1.00163194444444,-73.5039060023119
30062.5,1.00208333333333,-73.5531671186773
30076.0416666667,1.00253472222222,-73.6084437618602
30089.5833333333,1.00298611111111,-73.6698028760824
30103.125,1.0034375,-73.7373208014372
30116.6666666667,1.00388888888889,-73.8110837182456
30130.2083333333,1.00434027777778,-73.8911881584636
30143.75,1.00479166666667,-73.9777415906683
30157.2916666667,1.00524305555556,-74.0708630864876
30170.8333333333,1.00569444444444,-74.1706840771587
30184.375,1.00614583333333,-74.2773492122365
30197.9166666667,1.00659722222222,-74.391017331717
30211.4583333333,1.00704861111111,-74.511862567045
30225,1.0075,-74.6400755884998
30238.5416666667,1.00795138888889,-74.7758650190173
30252.0833333333,1.00840277777778,-74.9194590392507
30265.625,1.00885416666667,-75.0711072118253
30279.1666666667,1.00930555555556,-75.2310825597308
30292.7083333333,1.00975694444444,-75.3996839385775
30306.25,1.01020833333333,-75.577238753222
30319.7916666667,1.01065972222222,-75.7641060743187
30333.3333333333,1.01111111111111,-75.960680229509
30346.875,1.0115625,-76.1673949527758
30360.4166666667,1.01201388888889,-76.3847281980866
30373.9583333333,1.01246527777778,-76.6132077469688
30387.5,1.01291666666667,-76.8534177705315
30401.0416666667,1.01336805555556,-77.106006543992
30414.5833333333,1.01381944444444,-77.3716955646364
30428.125,1.01427083333333,-77.6512903873715
30441.6666666667,1.01472222222222,-77.9456935818549
30455.2083333333,1.01517361111111,-78.2559203240614
30468.75,1.015625,-78.5831172928194
30482.2916666667,1.01607638888889,-78.9285857459084
30495.8333333333,1.01652777777778,-79.2938099348566
30509.375,1.01697916666667,-79.6804924098279
30522.9166666667,1.01743055555556,-80.0905983203439
30536.4583333333,1.01788194444444,-80.5264116063127
30550,1.01833333333333,-80.9906071289769
30563.5416666667,1.01878472222222,-81.4863444883978
30577.0833333333,1.01923611111111,-82.0173918557055
30590.625,1.0196875,-82.5882921313912
30604.1666666667,1.02013888888889,-83.2045900691305
30617.7083333333,1.02059027777778,-83.8731493463026
30631.25,1.02104166666667,-84.6026060266372
30644.7916666667,1.02149305555556,-85.4040355023882
30658.3333333333,1.02194444444444,-86.2919661625649
30671.875,1.02239583333333,-87.2859814625089
30685.4166666667,1.02284722222222,-88.4133747169449
30698.9583333333,1.02329861111111,-89.7138141072603
30712.5,1.02375,-91.2481759858147
30726.0416666667,1.02420138888889,-93.1170090363968
30739.5833333333,1.02465277777778,-95.504843198068
30753.125,1.02510416666667,-98.8113409835963
30766.6666666667,1.02555555555556,-104.215743864307
30780.2083333333,1.02600694444444,-121.443601139064
30793.75,1.02645833333333,-107.025640446509
30807.2916666667,1.02690972222222,-100.225820459526
30820.8333333333,1.02736111111111,-96.4673324101294
30834.375,1.0278125,-93.8602164216095
30847.9166666667,1.02826388888889,-91.8648779521332
30861.4583333333,1.02871527777778,-90.2503343110313
30875,1.02916666666667,-88.896163324026
30888.5416666667,1.02961805555556,-87.7315608785275
30902.0833333333,1.03006944444444,-86.7113461613132
30915.625,1.03052083333333,-85.8049191985783
30929.1666666667,1.03097222222222,-84.9905925620905
30942.7083333333,1.03142361111111,-84.2524352193332
30956.25,1.031875,-83.5784006163196
30969.7916666667,1.03232638888889,-82.9591588543871
30983.3333333333,1.03277777777778,-82.3873372764141
30996.875,1.03322916666667,-81.8570092191772
31010.4166666667,1.03368055555556,-81.3633395573372
31023.9583333333,1.03413194444444,-80.9023326587595
31037.5,1.03458333333333,-80.470649174698
31051.0416666667,1.03503472222222,-80.0654702752594
31064.5833333333,1.03548611111111,-79.6843953056963
31078.125,1.0359375,-79.3253634566539
31091.6666666667,1.03638888888889,-78.9865929905032
31105.2083333333,1.03684027777778,-78.6665335037778
31118.75,1.03729166666667,-78.3638280094578
31132.2916666667,1.03774305555556,-78.0772825126543
31145.8333333333,1.03819444444444,-77.8058413709223
31159.375,1.03864583333333,-77.5485671691528
31172.9166666667,1.03909722222222,-77.3046241519541
31186.4583333333,1.03954861111111,-77.0732644874883
31200,1.04,-76.853816801418
31213.5416666667,1.04045138888889,-76.6456765472828
31227.0833333333,1.04090277777778,-76.448297871509
31240.625,1.04135416666667,-76.261186707309
31254.1666666667,1.04180555555556,-76.0838948782391
31267.7083333333,1.04225694444444,-75.916015046076
31281.25,1.04270833333333,-75.7571763589252
31294.7916666667,1.04315972222222,-75.6070406913023
31308.3333333333,1.04361111111111,-75.4652993812181
31321.875,1.0440625,-75.331670391644
31335.4166666667,1.04451388888889,-75.2058958310383
31348.9583333333,1.04496527777778,-75.0877397839303
31362.5,1.04541666666667,-74.9769864064478
31376.0416666667,1.04586805555556,-74.8734382521497
31389.5833333333,1.04631944444444,-74.7769147969856
31403.125,1.04677083333333,-74.6872511373157
31416.6666666667,1.04722222222222,-74.604296841465
31430.2083333333,1.04767361111111,-74.5279149339863
31443.75,1.048125,-74.4579809978567
31457.2916666667,1.04857638888889,-74.3943823827964
31470.8333333333,1.04902777777778,-74.3370175059505
31484.375,1.04947916666667,-74.285795236527
31497.9166666667,1.04993055555556,-74.2406343561924
31511.4583333333,1.05038194444444,-74.2014630879269
31525,1.05083333333333,-74.1682186873364
31538.5416666667,1.05128472222222,-74.140847090789
31552.0833333333,1.05173611111111,-74.1193026173241
31565.625,1.0521875,-74.1035477196826
31579.1666666667,1.05263888888889,-74.093552782187
31592.7083333333,1.05309027777778,-74.0892959619429
31606.25,1.05354166666667,-74.0907630743308
31619.7916666667,1.05399305555556,-74.0979475170115
31633.3333333333,1.05444444444444,-74.1108502369387
31646.875,1.05489583333333,-74.1294797348435
31660.4166666667,1.05534722222222,-74.1538521113884
31673.9583333333,1.05579861111111,-74.1839911526124
31687.5,1.05625,-74.2199284578354
31701.0416666667,1.05670138888889,-74.2617036093071
31714.5833333333,1.05715277777778,-74.3093643876251
31728.125,1.05760416666667,-74.362967033817
31741.6666666667,1.05805555555556,-74.4225765624348
31755.2083333333,1.05850694444444,-74.4882671285713
31768.75,1.05895833333333,-74.5601224528696
31782.2916666667,1.05940972222222,-74.6382363121904
31795.8333333333,1.05986111111111,-74.7227130990994
31809.375,1.0603125,-74.8136684593561
31822.9166666667,1.06076388888889,-74.9112300165068
31836.4583333333,1.06121527777778,-75.0155381923088
31850,1.06166666666667,-75.1267471352225
31863.5416666667,1.06211805555556,-75.2450257721598
31877.0833333333,1.06256944444444,-75.3705589978188
31890.625,1.06302083333333,-75.503549022858
31904.1666666667,1.06347222222222,-75.6442169014295
31917.7083333333,1.06392361111111,-75.792804267081
31931.25,1.064375,-75.9495753071442
31944.7916666667,1.06482638888889,-76.1148190147909
31958.3333333333,1.06527777777778,-76.288851762385
31971.875,1.06572916666667,-76.4720202537754
31985.4166666667,1.06618055555556,-76.6647049162858
31998.9583333333,1.06663194444444,-76.8673238181949
32012.5,1.06708333333333,-77.0803372030715
32026.0416666667,1.06753472222222,-77.3042527646312
32039.5833333333,1.06798611111111,-77.5396318056421
32053.125,1.0684375,-77.7870964665586
32066.6666666667,1.06888888888889,-78.0473382481666
32080.2083333333,1.06934027777778,-78.3211281189412
32093.75,1.06979166666667,-78.6093285684252
32107.2916666667,1.07024305555556,-78.9129080749933
32120.8333333333,1.07069444444444,-79.2329585886566
32134.375,1.07114583333333,-79.5707168130698
32147.9166666667,1.07159722222222,-79.9275903240396
32161.4583333333,1.07204861111111,-80.30518989957
32175,1.0725,-80.7053699226473
32188.5416666667,1.07295138888889,-81.1302794037592
32202.0833333333,1.07340277777778,-81.5824271527413
32215.625,1.07385416666667,-82.0647660846931
32229.1666666667,1.07430555555556,-82.5808038254206
32242.7083333333,1.07475694444444,-83.1347501124378
32256.25,1.07520833333333,-83.7317167356627
32269.7916666667,1.07565972222222,-84.3779942187383
32283.3333333333,1.07611111111111,-85.0814435514741
32296.875,1.0765625,-85.8520656220695
32310.4166666667,1.07701388888889,-86.7028548193867
32323.9583333333,1.07746527777778,-87.6511260276216
32337.5,1.07791666666667,-88.7206698246978
32351.0416666667,1.07836805555556,-89.9454457626275
32364.5833333333,1.07881944444444,-91.3763537562229
32378.125,1.07927083333333,-93.094789698912
32391.6666666667,1.07972222222222,-95.24323700003
32405.2083333333,1.08017361111111,-98.1075152692575
32418.75,1.080625,-102.411882695126
32432.2916666667,1.08107638888889,-111.315119416042
32445.8333333333,1.08152777777778,-113.413022782714
32459.375,1.08197916666667,-103.123386189513
32472.9166666667,1.08243055555556,-98.5524969955925
32486.4583333333,1.08288194444444,-95.5805751111256
32500,1.08333333333333,-93.377398056505
32513.5416666667,1.08378472222222,-91.6282760186573
32527.0833333333,1.08423611111111,-90.1796254698898
32540.625,1.0846875,-88.9448711511002
32554.1666666667,1.08513888888889,-87.8703712026199
32567.7083333333,1.08559027777778,-86.9205785403133
32581.25,1.08604166666667,-86.070719703017
32594.7916666667,1.08649305555556,-85.302838652961
32608.3333333333,1.08694444444444,-84.603504880451
32621.875,1.08739583333333,-83.9624104622075
32635.4166666667,1.08784722222222,-83.371471944301
32648.9583333333,1.08829861111111,-82.8242336243395
32662.5,1.08875,-82.3154584589
32676.0416666667,1.08920138888889,-81.8408399696347
32689.5833333333,1.08965277777778,-81.396794596272
32703.125,1.09010416666667,-80.9803089553247
32716.6666666667,1.09055555555556,-80.5888254628967
32730.2083333333,1.09100694444444,-80.2201553033965
32743.75,1.09145833333333,-79.8724112634062
32757.2916666667,1.09190972222222,-79.5439552217808
32770.8333333333,1.09236111111111,-79.2333566247378
32784.375,1.0928125,-78.939359294988
32797.9166666667,1.09326388888889,-78.6608546512128
32811.4583333333,1.09371527777778,-78.396859904329
32825,1.09416666666667,-78.1465001647846
32838.5416666667,1.09461805555556,-77.908993647324
32852.0833333333,1.09506944444444,-77.6836393544211
32865.625,1.09552083333333,-77.4698067559147
32879.1666666667,1.09597222222222,-77.2669270914659
32892.7083333333,1.09642361111111,-77.0744859995138
32906.25,1.096875,-76.8920172387942
32919.7916666667,1.09732638888889,-76.7190973163586
32933.3333333333,1.09777777777778,-76.5553408673689
32946.875,1.09822916666667,-76.4003966710075
32960.4166666667,1.09868055555556,-76.2539441963961
32973.9583333333,1.09913194444444,-76.1156906011797
32987.5,1.09958333333333,-75.9853681136336
33001.0416666667,1.10003472222222,-75.8627317432687
33014.5833333333,1.10048611111111,-75.747557273626
33028.125,1.1009375,-75.6396394979631
33041.6666666667,1.10138888888889,-75.5387906654178
33055.2083333333,1.10184027777778,-75.4448391111957
33068.75,1.10229166666667,-75.3576280469088
33082.2916666667,1.10274305555556,-75.2770144905764
33095.8333333333,1.10319444444444,-75.2028683211781
33109.375,1.10364583333333,-75.1350714434996
33122.9166666667,1.10409722222222,-75.0735170494381
33136.4583333333,1.10454861111111,-75.0181089670027
33150,1.105,-74.9687610878304
33163.5416666667,1.10545138888889,-74.9253968655897
33177.0833333333,1.10590277777778,-74.887948878271
33190.625,1.10635416666667,-74.8563584500984
33204.1666666667,1.10680555555556,-74.8305753264145
33217.7083333333,1.10725694444444,-74.8105574012669
33231.25,1.10770833333333,-74.7962704894224
33244.7916666667,1.10815972222222,-74.7876881446718
33258.3333333333,1.10861111111111,-74.7847915202599
33271.875,1.1090625,-74.7875692696234
33285.4166666667,1.10951388888889,-74.7960174876313
33298.9583333333,1.10996527777778,-74.8101396901121
33312.5,1.11041666666667,-74.8299468330947
33326.0416666667,1.11086805555556,-74.8554573702259
33339.5833333333,1.11131944444444,-74.886697350766
33353.125,1.11177083333333,-74.9237005576528
33366.6666666667,1.11222222222222,-74.9665086884204
33380.2083333333,1.11267361111111,-75.0151715803758
33393.75,1.113125,-75.0697474831141
33407.2916666667,1.11357638888889,-75.1303033806054
33420.8333333333,1.11402777777778,-75.1969153680722
33434.375,1.11447916666667,-75.2696690879294
33447.9166666667,1.11493055555556,-75.3486602285102
33461.4583333333,1.11538194444444,-75.4339950947793
33475,1.11583333333333,-75.5257912568108
33488.5416666667,1.11628472222222,-75.6241782847389
33502.0833333333,1.11673611111111,-75.7292985815065
33515.625,1.1171875,-75.8413083243554
33529.1666666667,1.11763888888889,-75.9603785305061
33542.7083333333,1.11809027777778,-76.0866962621001
33556.25,1.11854166666667,-76.2204659911123
33569.7916666667,1.11899305555556,-76.3619111461353
33583.3333333333,1.11944444444444,-76.5112758706149
33596.875,1.11989583333333,-76.6688270211062
33610.4166666667,1.12034722222222,-76.8348564475847
33623.9583333333,1.12079861111111,-77.009683600025
33637.5,1.12125,-77.1936585171524
33651.0416666667,1.12170138888889,-77.3871652646788
33664.5833333333,1.12215277777778,-77.5906259021376
33678.125,1.12260416666667,-77.8045050810807
33691.6666666667,1.12305555555556,-78.0293153914523
33705.2083333333,1.12350694444444,-78.26562360953
33718.75,1.12395833333333,-78.5140580310556
33732.2916666667,1.12440972222222,-78.7753171241474
33745.8333333333,1.12486111111111,-79.0501797928961
33759.375,1.1253125,-79.3395176265801
33772.9166666667,1.12576388888889,-79.6443096074921
33786.4583333333,1.12621527777778,-79.9656598973219
33800,1.12666666666667,-80.304819504273
33813.5416666667,1.12711805555556,-80.6632128897279
33827.0833333333,1.12756944444444,-81.0424709320139
33840.625,1.12802083333333,-81.4444721593381
33854.1666666667,1.12847222222222,-81.8713948660518
33867.7083333333,1.12892361111111,-82.3257837567434
33881.25,1.129375,-82.8106362577452
33894.7916666667,1.12982638888889,-83.3295159043416
33908.3333333333,1.13027777777778,-83.8867036712167
33921.875,1.13072916666667,-84.4874035893711
33935.4166666667,1.13118055555556,-85.1380278216132
33948.9583333333,1.13163194444444,-85.8466011681385
33962.5,1.13208333333333,-86.623350551859
33976.0416666667,1.13253472222222,-87.4815913258943
33989.5833333333,1.13298611111111,-88.4391100174613
34003.125,1.1334375,-89.5204197759059
34016.6666666667,1.13388888888889,-90.7606462447163
34030.2083333333,1.13434027777778,-92.2127010471638
34043.75,1.13479166666667,-93.9617738883523
34057.2916666667,1.13524305555556,-96.1584592087287
34070.8333333333,1.13569444444444,-99.1095890437715
34084.375,1.13614583333333,-103.615933845056
34097.9166666667,1.13659722222222,-113.509083628315
34111.4583333333,1.13704861111111,-112.511577183956
34125,1.1375,-103.297920320952
34138.5416666667,1.13795138888889,-98.9357870728329
34152.0833333333,1.13840277777778,-96.0525213186456
34165.625,1.13885416666667,-93.8982552192343
34179.1666666667,1.13930555555556,-92.180035822604
34192.7083333333,1.13975694444444,-90.7526061950783
34206.25,1.14020833333333,-89.5332672361022
34219.7916666667,1.14065972222222,-88.4704257322694
34233.3333333333,1.14111111111111,-87.5297192133387
34246.875,1.1415625,-86.6871068725121
34260.4166666667,1.14201388888889,-85.9251101417782
34273.9583333333,1.14246527777778,-85.2306229973441
34287.5,1.14291666666667,-84.593565743542
34301.0416666667,1.14336805555556,-84.0060201224651
34314.5833333333,1.14381944444444,-83.4616529468765
34328.125,1.14427083333333,-82.9553199513431
34341.6666666667,1.14472222222222,-82.482786201138
34355.2083333333,1.14517361111111,-82.0405241861561
34368.75,1.145625,-81.625565054217
34382.2916666667,1.14607638888889,-81.2353870427241
34395.8333333333,1.14652777777778,-80.867830474157
34409.375,1.14697916666667,-80.5210320717586
34422.9166666667,1.14743055555556,-80.1933735574263
34436.4583333333,1.14788194444444,-79.8834409595403
34450,1.14833333333333,-79.5899920612577
34463.5416666667,1.14878472222222,-79.3119301116761
34477.0833333333,1.14923611111111,-79.0482824086097
34490.625,1.1496875,-78.7981827096489
34504.1666666667,1.15013888888889,-78.5608566796833
34517.7083333333,1.15059027777778,-78.3356097682316
34531.25,1.15104166666667,-78.1218170465287
34544.7916666667,1.15149305555556,-77.918914637725
34558.3333333333,1.15194444444444,-77.7263924522937
34571.875,1.15239583333333,-77.543787994636
34585.4166666667,1.15284722222222,-77.3706810634125
34598.9583333333,1.15329861111111,-77.2066891921359
34612.5,1.15375,-77.0514637143243
34626.0416666667,1.15420138888889,-76.9046863522008
34639.5833333333,1.15465277777778,-76.7660662505543
34653.125,1.15510416666667,-76.6353373893896
34666.6666666667,1.15555555555556,-76.5122563205894
34680.2083333333,1.15600694444444,-76.3966001814234
34693.75,1.15645833333333,-76.288164950203
34707.2916666667,1.15690972222222,-76.1867639077355
34720.8333333333,1.15736111111111,-76.0922262812608
34734.375,1.1578125,-76.0043960460865
34747.9166666667,1.15826388888889,-75.9231308660096
34761.4583333333,1.15871527777778,-75.8483011565746
34775,1.15916666666667,-75.7797892559658
34788.5416666667,1.15961805555556,-75.7174886930357
34802.0833333333,1.16006944444444,-75.6613035410576
34815.625,1.16052083333333,-75.6111478496661
34829.1666666667,1.16097222222222,-75.5669451455402
34842.7083333333,1.16142361111111,-75.5286279977475
34856.25,1.161875,-75.4961376409847
34869.7916666667,1.16232638888889,-75.4694236523584
34883.3333333333,1.16277777777778,-75.4484436778145
34896.875,1.16322916666667,-75.433163205242
34910.4166666667,1.16368055555556,-75.4235553812232
34923.9583333333,1.16413194444444,-75.4196008702491
34937.5,1.16458333333333,-75.4212877531228
34951.0416666667,1.16503472222222,-75.4286114659513
34964.5833333333,1.16548611111111,-75.441574775251
34978.125,1.1659375,-75.4601877942633
34991.6666666667,1.16638888888889,-75.4844680349756
35005.2083333333,1.16684027777778,-75.5144405000879
35018.75,1.16729166666667,-75.5501378150084
35032.2916666667,1.16774305555556,-75.5916004013974
35045.8333333333,1.16819444444444,-75.6388766932808
35059.375,1.16864583333333,-75.6920233998165
35072.9166666667,1.16909722222222,-75.7511058168167
35086.4583333333,1.16954861111111,-75.8161981907597
35100,1.17,-75.887384139977
35113.5416666667,1.17045138888889,-75.9647571381391
35127.0833333333,1.17090277777778,-76.0484210663172
35140.625,1.17135416666667,-76.1384908399764
35154.1666666667,1.17180555555556,-76.2350931209687
35167.7083333333,1.17225694444444,-76.3383671232232
35181.25,1.17270833333333,-76.4484655234249
35194.7916666667,1.17315972222222,-76.5655554912112
35208.3333333333,1.17361111111111,-76.6898198538291
35221.875,1.1740625,-76.8214584146598
35235.4166666667,1.17451388888889,-76.9606894471912
35248.9583333333,1.17496527777778,-77.1077513897763
35262.5,1.17541666666667,-77.2629047732458
35276.0416666667,1.17586805555556,-77.4264344168142
35289.5833333333,1.17631944444444,-77.5986519377812
35303.125,1.17677083333333,-77.7798986240099
35316.6666666667,1.17722222222222,-77.970548737595
35330.2083333333,1.17767361111111,-78.1710133207673
35343.75,1.178125,-78.3817446037543
35357.2916666667,1.17857638888889,-78.6032411219636
35370.8333333333,1.17902777777778,-78.8360536896053
35384.375,1.17947916666667,-79.0807924004265
35397.9166666667,1.17993055555556,-79.3381348760402
35411.4583333333,1.18038194444444,-79.6088360332387
35425,1.18083333333333,-79.8937397214063
35438.5416666667,1.18128472222222,-80.1937926689795
35452.0833333333,1.18173611111111,-80.5100613146648
35465.625,1.1821875,-80.8437522662413
35479.1666666667,1.18263888888889,-81.1962373635811
35492.7083333333,1.18309027777778,-81.5690846504053
35506.25,1.18354166666667,-81.9640970023415
35519.7916666667,1.18399305555556,-82.383360802614
35533.3333333333,1.18444444444444,-82.8293079704794
35546.875,1.18489583333333,-83.3047959933425
35560.4166666667,1.18534722222222,-83.8132126165328
35573.9583333333,1.18579861111111,-84.3586149089426
35587.5,1.18625,-84.9459172059544
35601.0416666667,1.18670138888889,-85.5811501078687
35614.5833333333,1.18715277777778,-86.2718254224972
35628.125,1.18760416666667,-87.02746373019
35641.6666666667,1.18805555555556,-87.8603801025559
35655.2083333333,1.18850694444444,-88.7868961687636
35668.75,1.18895833333333,-89.8292903149125
35682.2916666667,1.18940972222222,-91.0191012051035
35695.8333333333,1.18986111111111,-92.4030959160224
35709.375,1.1903125,-94.0549871817008
35722.9166666667,1.19076388888889,-96.1011687666629
35736.4583333333,1.19121527777778,-98.7871306056697
35750,1.19166666666667,-102.699244144364
35763.5416666667,1.19211805555556,-110.008815391831
35777.0833333333,1.19256944444444,-119.929210677333
35790.625,1.19302083333333,-105.729878374585
35804.1666666667,1.19347222222222,-100.607721127422
35817.7083333333,1.19392361111111,-97.4141286608298
35831.25,1.194375,-95.0907935656331
35844.7916666667,1.19482638888889,-93.2659553949873
35858.3333333333,1.19527777777778,-91.7649848659536
35871.875,1.19572916666667,-90.4917335160744
35885.4166666667,1.19618055555556,-89.3875786120436
35898.9583333333,1.19663194444444,-88.4141255652376
35912.5,1.19708333333333,-87.544855004567
35926.0416666667,1.19753472222222,-86.7606808050585
35939.5833333333,1.19798611111111,-86.0474086432388
35953.125,1.1984375,-85.3941957580336
35966.6666666667,1.19888888888889,-84.792572984497
35980.2083333333,1.19934027777778,-84.2357994250559
35993.75,1.19979166666667,-83.7184225908949
36007.2916666667,1.20024305555556,-83.2359701925805
36020.8333333333,1.20069444444444,-82.7847289530543
36034.375,1.20114583333333,-82.3615825343132
36047.9166666667,1.20159722222222,-81.9638905724926
36061.4583333333,1.20204861111111,-81.5893969189105
36075,1.2025,-81.2361590078027
36088.5416666667,1.20295138888889,-80.9024927783939
36102.0833333333,1.20340277777778,-80.5869292100405
36115.625,1.20385416666667,-80.2881796529792
36129.1666666667,1.20430555555556,-80.005107903639
36142.7083333333,1.20475694444444,-79.7367075106802
36156.25,1.20520833333333,-79.4820831767471
36169.7916666667,1.20565972222222,-79.2404354053338
36183.3333333333,1.20611111111111,-79.0110477334474
36196.875,1.2065625,-78.793276047564
36210.4166666667,1.20701388888889,-78.5865395904985
36223.9583333333,1.20746527777778,-78.3903133452849
36237.5,1.20791666666667,-78.204121557029
36251.0416666667,1.20836805555556,-78.0275321917002
36264.5833333333,1.20881944444444,-77.8601521781211
36278.125,1.20927083333333,-77.7016233031627
36291.6666666667,1.20972222222222,-77.5516186590028
36305.2083333333,1.21017361111111,-77.4098395565411
36318.75,1.210625,-77.2760128343432
36332.2916666667,1.21107638888889,-77.1498885059866
36345.8333333333,1.21152777777778,-77.0312376987119
36359.375,1.21197916666667,-76.9198508412044
36372.9166666667,1.21243055555556,-76.8155360684051
36386.4583333333,1.21288194444444,-76.7181178148245
36400,1.21333333333333,-76.627435571719
36413.5416666667,1.21378472222222,-76.5433427874135
36427.0833333333,1.21423611111111,-76.4657058978737
36440.625,1.2146875,-76.3944034635504
36454.1666666667,1.21513888888889,-76.3293254112476
36467.7083333333,1.21559027777778,-76.2703723619768
36481.25,1.21604166666667,-76.2174550390828
36494.7916666667,1.21649305555556,-76.1704937483399
36508.3333333333,1.21694444444444,-76.1294179229852
36521.875,1.21739583333333,-76.0941657286388
36535.4166666667,1.21784722222222,-76.0646837223881
36548.9583333333,1.21829861111111,-76.0409265626696
36562.5,1.21875,-76.022856765828
36576.0416666667,1.21920138888889,-76.0104445079649
36589.5833333333,1.21965277777778,-76.0036674674318
36603.125,1.22010416666667,-76.0025107093532
36616.6666666667,1.22055555555556,-76.0069666075618
36630.2083333333,1.22100694444444,-76.017034805105
36643.75,1.22145833333333,-76.0327222131505
36657.2916666667,1.22190972222222,-76.0540430465349
36670.8333333333,1.22236111111111,-76.0810188982056
36684.375,1.2228125,-76.1136788522841
36697.9166666667,1.22326388888889,-76.1520596365398
36711.4583333333,1.22371527777778,-76.1962058184929
36725,1.22416666666667,-76.2461700437777
36738.5416666667,1.22461805555556,-76.3020133224677
36752.0833333333,1.22506944444444,-76.363805364686
36765.625,1.22552083333333,-76.4316249721864
36779.1666666667,1.22597222222222,-76.5055604865144
36792.7083333333,1.22642361111111,-76.5857103045173
36806.25,1.226875,-76.6721834620634
36819.7916666667,1.22732638888889,-76.7651002994674
36833.3333333333,1.22777777777778,-76.8645932135486
36846.875,1.22822916666667,-76.9708075081361
36860.4166666667,1.22868055555556,-77.0839023558475
36873.9583333333,1.22913194444444,-77.2040518857058
36887.5,1.22958333333333,-77.3314464118082
36901.0416666667,1.23003472222222,-77.4662938261469
36914.5833333333,1.23048611111111,-77.60882117624
36928.125,1.2309375,-77.7592764563481
36941.6666666667,1.23138888888889,-77.9179306477028
36955.2083333333,1.23184027777778,-78.0850800423947
36968.75,1.23229166666667,-78.2610489041076
36982.2916666667,1.23274305555556,-78.446192517834
36995.8333333333,1.23319444444444,-78.6409006995911
37009.375,1.23364583333333,-78.8456018497328
37022.9166666667,1.23409722222222,-79.060767649507
37036.4583333333,1.23454861111111,-79.2869185293674
37050,1.235,-79.524630060214
37063.5416666667,1.23545138888889,-79.7745404610156
37077.0833333333,1.23590277777778,-80.0373594632823
37090.625,1.23635416666667,-80.3138788352479
37104.1666666667,1.23680555555556,-80.6049849505724
37117.7083333333,1.23725694444444,-80.9116738970228
37131.25,1.23770833333333,-81.2350697641348
37144.7916666667,1.23815972222222,-81.5764469427297
37158.3333333333,1.23861111111111,-81.9372575506978
37171.875,1.2390625,-82.3191654435461
37185.4166666667,1.23951388888889,-82.7240888269944
37198.9583333333,1.23996527777778,-83.1542541992033
37212.5,1.24041666666667,-83.6122654503586
37226.0416666667,1.24086805555556,-84.1011935284658
37239.5833333333,1.24131944444444,-84.6246944861542
37253.125,1.24177083333333,-85.1871674133056
37266.6666666667,1.24222222222222,-85.7939696121677
37280.2083333333,1.24267361111111,-86.4517158566641
37293.75,1.243125,-87.1687045433928
37307.2916666667,1.24357638888889,-87.9555413200276
37320.8333333333,1.24402777777778,-88.826081323233
37334.375,1.24447916666667,-89.7989078112766
37347.9166666667,1.24493055555556,-90.8997612728286
37361.4583333333,1.24538194444444,-92.1657617954983
37375,1.24583333333333,-93.6532930743833
37388.5416666667,1.24628472222222,-95.454174379887
37402.0833333333,1.24673611111111,-97.733433683067
37415.625,1.2471875,-100.836417494378
37429.1666666667,1.24763888888889,-105.71272572775
37442.7083333333,1.24809027777778,-117.859319908638
37456.25,1.24854166666667,-111.639584198198
37469.7916666667,1.24899305555556,-103.727769986181
37483.3333333333,1.24944444444444,-99.6639573073697
37496.875,1.24989583333333,-96.9128367092962
37510.4166666667,1.25034722222222,-94.8329576009739
37523.9583333333,1.25079861111111,-93.1623085536752
37537.5,1.25125,-91.7678168911647
37551.0416666667,1.25170138888889,-90.5725539536273
37564.5833333333,1.25215277777778,-89.5280127502492
37578.125,1.25260416666667,-88.6016310177421
37591.6666666667,1.25305555555556,-87.7704888019597
37605.2083333333,1.25350694444444,-87.0178418717951
37618.75,1.25395833333333,-86.3310854168864
37632.2916666667,1.25440972222222,-85.7004935319837
37645.8333333333,1.25486111111111,-85.1184048146495
37659.375,1.2553125,-84.5786770672694
37672.9166666667,1.25576388888889,-84.0763109817121
37686.4583333333,1.25621527777778,-83.6071836262528
37700,1.25666666666667,-83.1678553933177
37713.5416666667,1.25711805555556,-82.7554273803328
37727.0833333333,1.25756944444444,-82.3674341743377
37740.625,1.25802083333333,-82.0017619955408
37754.1666666667,1.25847222222222,-81.6565853219828
37767.7083333333,1.25892361111111,-81.3303172101176
37781.25,1.259375,-81.0215699054507
37794.7916666667,1.25982638888889,-80.7291232880671
37808.3333333333,1.26027777777778,-80.4518993561322
37821.875,1.26072916666667,-80.1889414124842
37835.4166666667,1.26118055555556,-79.9393969535849
37848.9583333333,1.26163194444444,-79.7025034968785
37862.5,1.26208333333333,-79.4775767637127
37876.0416666667,1.26253472222222,-79.2640007661553
37889.5833333333,1.26298611111111,-79.0612194355948
37903.125,1.2634375,-78.8687295265079
37916.6666666667,1.26388888888889,-78.6860745593856
37930.2083333333,1.26434027777778,-78.5128396340912
37943.75,1.26479166666667,-78.3486469657972
37957.2916666667,1.26524305555556,-78.1931520294676
37970.8333333333,1.26569444444444,-78.04604021545
37984.375,1.26614583333333,-77.9070239208119
37997.9166666667,1.26659722222222,-77.7758400089192
38011.4583333333,1.26704861111111,-77.6522475877932
38025,1.2675,-77.5360260590618
38038.5416666667,1.26795138888889,-77.4269734020556
38052.0833333333,1.26840277777778,-77.3249046620578
38065.625,1.26885416666667,-77.2296506165986
38079.1666666667,1.26930555555556,-77.1410565946786
38092.7083333333,1.26975694444444,-77.0589814345736
38106.25,1.27020833333333,-76.9832965602232
38119.7916666667,1.27065972222222,-76.9138851644849
38133.3333333333,1.27111111111111,-76.8506414869663
38146.875,1.2715625,-76.793470176347
38160.4166666667,1.27201388888889,-76.7422857294567
38173.9583333333,1.27246527777778,-76.6970119975028
38187.5,1.27291666666667,-76.6575817564302
38201.0416666667,1.27336805555556,-76.6239363340608
38214.5833333333,1.27381944444444,-76.5960252886542
38228.125,1.27427083333333,-76.5738061374301
38241.6666666667,1.27472222222222,-76.5572441310221
38255.2083333333,1.27517361111111,-76.5463120693158
38268.75,1.275625,-76.5409901604673
38282.2916666667,1.27607638888889,-76.5412659172395
38295.8333333333,1.27652777777778,-76.5471340933335
38309.375,1.27697916666667,-76.5585966556154
38322.9166666667,1.27743055555556,-76.575662795568
38336.4583333333,1.27788194444444,-76.5983489751535
38350,1.27833333333333,-76.6266790151272
38363.5416666667,1.27878472222222,-76.6606842162975
38377.0833333333,1.27923611111111,-76.7004035264473
38390.625,1.2796875,-76.7458837460872
38404.1666666667,1.28013888888889,-76.7971797793676
38417.7083333333,1.28059027777778,-76.8543549329538
38431.25,1.28104166666667,-76.9174812651481
38444.7916666667,1.28149305555556,-76.9866399900191
38458.3333333333,1.28194444444444,-77.0619219413122
38471.875,1.28239583333333,-77.1434281035097
38485.4166666667,1.28284722222222,-77.2312702138684
38498.9583333333,1.28329861111111,-77.3255714452218
38512.5,1.28375,-77.42646718031
38526.0416666667,1.28420138888889,-77.5341058856025
38539.5833333333,1.28465277777778,-77.6486500991837
38553.125,1.28510416666667,-77.7702775474014
38566.6666666667,1.28555555555556,-77.899182407918
38580.2083333333,1.28600694444444,-78.0355767397627
38593.75,1.28645833333333,-78.1796921039737
38607.2916666667,1.28690972222222,-78.3317814071375
38620.8333333333,1.28736111111111,-78.492120994921
38634.375,1.2878125,-78.6610130477796
38647.9166666667,1.28826388888889,-78.8387883164325
38661.4583333333,1.28871527777778,-79.0258092642872
38675,1.28916666666667,-79.222473684376
38688.5416666667,1.28961805555556,-79.4292188802986
38702.0833333333,1.29006944444444,-79.6465265148231
38715.625,1.29052083333333,-79.8749282596829
38729.1666666667,1.29097222222222,-80.1150124051463
38742.7083333333,1.29142361111111,-80.3674316332053
38756.25,1.291875,-80.6329122056929
38769.7916666667,1.29232638888889,-80.912264884421
38783.3333333333,1.29277777777778,-81.2063979916278
38796.875,1.29322916666667,-81.5163331327255
38810.4166666667,1.29368055555556,-81.8432242523648
38823.9583333333,1.29413194444444,-82.1883809168495
38837.5,1.29458333333333,-82.553296990335
38851.0416666667,1.29503472222222,-82.9396862789824
38864.5833333333,1.29548611111111,-83.3495272761229
38878.125,1.2959375,-83.7851199450896
38891.6666666667,1.29638888888889,-84.2491586477051
38905.2083333333,1.29684027777778,-84.7448270533538
38918.75,1.29729166666667,-85.2759234977151
38932.2916666667,1.29774305555556,-85.8470293144184
38945.8333333333,1.29819444444444,-86.4637391200487
38959.375,1.29864583333333,-87.1329826115061
38972.9166666667,1.29909722222222,-87.8634853025457
38986.4583333333,1.29954861111111,-88.6664470365084
39000,1.3,-89.5565748329053
39013.5416666667,1.30045138888889,-90.5537182596011
39027.0833333333,1.30090277777778,-91.6855855369986
39040.625,1.30135416666667,-92.9925297699009
39054.1666666667,1.30180555555556,-94.5366450511415
39067.7083333333,1.30225694444444,-96.4208744402738
39081.25,1.30270833333333,-98.8351937408989
39094.7916666667,1.30315972222222,-102.194899046527
39108.3333333333,1.30361111111111,-107.749818082375
39121.875,1.3040625,-127.359069512158
39135.4166666667,1.30451388888889,-109.797009044564
39148.9583333333,1.30496527777778,-103.226570527417
39162.5,1.30541666666667,-99.5354091790048
39176.0416666667,1.30586805555556,-96.9594295144528
39189.5833333333,1.30631944444444,-94.9813382327312
39203.125,1.30677083333333,-93.3772351546119
39216.6666666667,1.30722222222222,-92.0296518405465
39230.2083333333,1.30767361111111,-90.8692350534121
39243.75,1.308125,-89.8515999366685
39257.2916666667,1.30857638888889,-88.9466195969567
39270.8333333333,1.30902777777778,-88.1329054284571
39284.375,1.30947916666667,-87.394724402535
39297.9166666667,1.30993055555556,-86.7201663350198
39311.4583333333,1.31038194444444,-86.0999982799772
39325,1.31083333333333,-85.5269183692047
39338.5416666667,1.31128472222222,-84.995052798162
39352.0833333333,1.31173611111111,-84.4996066817853
39365.625,1.3121875,-84.036615527031
39379.1666666667,1.31263888888889,-83.6027644291831
39392.7083333333,1.31309027777778,-83.1952539818265
39406.25,1.31354166666667,-82.8116991282711
39419.7916666667,1.31399305555556,-82.4500516968079
39433.3333333333,1.31444444444444,-82.1085402657285
39446.875,1.31489583333333,-81.785622902148
39460.4166666667,1.31534722222222,-81.4799496076964
39473.9583333333,1.31579861111111,-81.190332170878
39487.5,1.31625,-80.9157197417919
39501.0416666667,1.31670138888889,-80.6551788764847
39514.5833333333,1.31715277777778,-80.4078771021531
39528.125,1.31760416666667,-80.1730692852724
39541.6666666667,1.31805555555556,-79.9500862520654
39555.2083333333,1.31850694444444,-79.7383252255536
39568.75,1.31895833333333,-79.5372417469482
39582.2916666667,1.31940972222222,-79.3463428129222
39595.8333333333,1.31986111111111,-79.1651810173006
39609.375,1.3203125,-78.9933495274627
39622.9166666667,1.32076388888889,-78.8304777568315
39636.4583333333,1.32121527777778,-78.6762276253925
39650,1.32166666666667,-78.5302903115758
39663.5416666667,1.32211805555556,-78.3923834268633
39677.0833333333,1.32256944444444,-78.26224854637
39690.625,1.32302083333333,-78.1396490468581
39704.1666666667,1.32347222222222,-78.024368207602
39717.7083333333,1.32392361111111,-77.9162075407085
39731.25,1.324375,-77.8149853167377
39744.7916666667,1.32482638888889,-77.7205352656499
39758.3333333333,1.32527777777778,-77.6327054254314
39771.875,1.32572916666667,-77.551357125932
39785.4166666667,1.32618055555556,-77.4763640873325
39798.9583333333,1.32663194444444,-77.4076116241118
39812.5,1.32708333333333,-77.3449959405046
39826.0416666667,1.32753472222222,-77.2884235082261
39839.5833333333,1.32798611111111,-77.2378105192256
39853.125,1.3284375,-77.1930824051486
39866.6666666667,1.32888888888889,-77.1541734189054
39880.2083333333,1.32934027777778,-77.1210262703334
39893.75,1.32979166666667,-77.0935918152595
39907.2916666667,1.33024305555556,-77.0718287920205
39920.8333333333,1.33069444444444,-77.0557036027078
39934.375,1.33114583333333,-77.0451901361259
39947.9166666667,1.33159722222222,-77.0402696324001
39961.4583333333,1.33204861111111,-77.0409305863271
39975,1.3325,-77.047168687459
39988.5416666667,1.33295138888889,-77.0589867980931
40002.0833333333,1.33340277777778,-77.0763949685886
40015.625,1.33385416666667,-77.0994104886875
40029.1666666667,1.33430555555556,-77.1280579780278
40042.7083333333,1.33475694444444,-77.1623695133653
40056.25,1.33520833333333,-77.2023847977775
40069.7916666667,1.33565972222222,-77.2481513698866
40083.3333333333,1.33611111111111,-77.2997248604618
40096.875,1.3365625,-77.3571692923468
40110.4166666667,1.33701388888889,-77.4205574340439
40123.9583333333,1.33746527777778,-77.4899712078225
40137.5,1.33791666666667,-77.5655021577578
40151.0416666667,1.33836805555556,-77.647251983237
40164.5833333333,1.33881944444444,-77.735333145884
40178.125,1.33927083333333,-77.829869557522
40191.6666666667,1.33972222222222,-77.9309973579179
40205.2083333333,1.34017361111111,-78.0388657942242
40218.75,1.340625,-78.1536382140201
40232.2916666667,1.34107638888889,-78.2754931889244
40245.8333333333,1.34152777777778,-78.4046257840704
40259.375,1.34197916666667,-78.5412489948869
40272.9166666667,1.34243055555556,-78.6855953784933
40286.4583333333,1.34288194444444,-78.8379189044129
40300,1.34333333333333,-78.9984970628269
40313.5416666667,1.34378472222222,-79.1676332700503
40327.0833333333,1.34423611111111,-79.3456596210789
40340.625,1.3446875,-79.5329400493443
40354.1666666667,1.34513888888889,-79.7298739640707
40367.7083333333,1.34559027777778,-79.9369004566696
40381.25,1.34604166666667,-80.1545031774887
40394.7916666667,1.34649305555556,-80.3832160210444
40408.3333333333,1.34694444444444,-80.623629777785
40421.875,1.34739583333333,-80.876399958193
40435.4166666667,1.34784722222222,-81.1422560416498
40448.9583333333,1.34829861111111,-81.4220124753047
40462.5,1.34875,-81.7165818266241
40476.0416666667,1.34920138888889,-82.0269906249422
40489.5833333333,1.34965277777778,-82.3543985657387
40503.125,1.35010416666667,-82.7001219819294
40516.6666666667,1.35055555555556,-83.0656627608428
40530.2083333333,1.35100694444444,-83.4527443037944
40543.75,1.35145833333333,-83.863356684321
40557.2916666667,1.35190972222222,-84.2998139796597
40570.8333333333,1.35236111111111,-84.7648279415567
40584.375,1.3528125,-85.2616039258717
40597.9166666667,1.35326388888889,-85.7939676760513
40611.4583333333,1.35371527777778,-86.3665356813784
40625,1.35416666666667,-86.9849484256726
40638.5416666667,1.35461805555556,-87.6561966131298
40652.0833333333,1.35506944444444,-88.3890887261947
40665.625,1.35552083333333,-89.1949404163624
40679.1666666667,1.35597222222222,-90.0886253994528
40692.7083333333,1.35642361111111,-91.0902422607274
40706.25,1.356875,-92.22788854892
40719.7916666667,1.35732638888889,-93.5425620811519
40733.3333333333,1.35777777777778,-95.0975075650692
40746.875,1.35822916666667,-96.9979419996369
40760.4166666667,1.35868055555556,-99.4390519895471
40773.9583333333,1.35913194444444,-102.851284062605
40787.5,1.35958333333333,-108.554865761939
40801.0416666667,1.36003472222222,-131.42644332901
40814.5833333333,1.36048611111111,-109.910075634395
40828.125,1.3609375,-103.538813227762
40841.6666666667,1.36138888888889,-99.9094320933376
40855.2083333333,1.36184027777778,-97.3634533582647
40868.75,1.36229166666667,-95.403027259101
40882.2916666667,1.36274305555556,-93.8105210393456
40895.8333333333,1.36319444444444,-92.4711018272247
40909.375,1.36364583333333,-91.3167179533883
40922.9166666667,1.36409722222222,-90.3037013419041
40936.4583333333,1.36454861111111,-89.4023523584623
40950,1.365,-88.591552902379
40963.5416666667,1.36545138888889,-87.8557495489107
40977.0833333333,1.36590277777778,-87.1831560354899
40990.625,1.36635416666667,-86.5646276867358
41004.1666666667,1.36680555555556,-85.9929272080312
41017.7083333333,1.36725694444444,-85.462229127032
41031.25,1.36770833333333,-84.9677754470439
41044.7916666667,1.36815972222222,-84.5056303200232
41058.3333333333,1.36861111111111,-84.072501420837
41071.875,1.3690625,-83.6656073804294
41085.4166666667,1.36951388888889,-83.2825777215733
41098.9583333333,1.36996527777778,-82.9213761860639
41112.5,1.37041666666667,-82.5802411784124
41126.0416666667,1.37086805555556,-82.2576389421682
41139.5833333333,1.37131944444444,-81.9522263353831
41153.125,1.37177083333333,-81.6628209372549
41166.6666666667,1.37222222222222,-81.388376821313
41180.2083333333,1.37267361111111,-81.127964753194
41193.75,1.373125,-80.8807558795134
41207.2916666667,1.37357638888889,-80.6460081939227
41220.8333333333,1.37402777777778,-80.4230552365643
41234.375,1.37447916666667,-80.211296594444
41247.9166666667,1.37493055555556,-80.0101898779013
41261.4583333333,1.37538194444444,-79.8192438965728
41275,1.37583333333333,-79.6380128410165
41288.5416666667,1.37628472222222,-79.4660912861501
41302.0833333333,1.37673611111111,-79.3031098899716
41315.625,1.3771875,-79.1487316735105
41329.1666666667,1.37763888888889,-79.0026487915045
41342.7083333333,1.37809027777778,-78.8645797211217
41356.25,1.37854166666667,-78.7342668058849
41369.7916666667,1.37899305555556,-78.6114741035266
41383.3333333333,1.37944444444444,-78.4959854967481
41396.875,1.37989583333333,-78.3876030311498
41410.4166666667,1.38034722222222,-78.28614544858
41423.9583333333,1.38079861111111,-78.1914468915933
41437.5,1.38125,-78.103355759475
41451.0416666667,1.38170138888889,-78.0217336950823
41464.5833333333,1.38215277777778,-77.9464546875693
41478.125,1.38260416666667,-77.8774042789302
41491.6666666667,1.38305555555556,-77.8144788624869
41505.2083333333,1.38350694444444,-77.7575850625431
41518.75,1.38395833333333,-77.7066391898872
41532.2916666667,1.38440972222222,-77.6615667623196
41545.8333333333,1.38486111111111,-77.6223020857027
41559.375,1.3853125,-77.5887878938234
41572.9166666667,1.38576388888889,-77.5609750363325
41586.4583333333,1.38621527777778,-77.5388222152379
41600,1.38666666666667,-77.5222957671624
41613.5416666667,1.38711805555556,-77.5113694866079
41627.0833333333,1.38756944444444,-77.5060244898568
41640.625,1.38802083333333,-77.5062491172166
41654.1666666667,1.38847222222222,-77.5120388733246
41667.7083333333,1.38892361111111,-77.5233964046126
41681.25,1.389375,-77.5403315117988
41694.7916666667,1.38982638888889,-77.5628612016073
41708.3333333333,1.39027777777778,-77.59100977373
41721.875,1.39072916666667,-77.6248089482588
41735.4166666667,1.39118055555556,-77.6642980304018
41748.9583333333,1.39163194444444,-77.709524119043
41762.5,1.39208333333333,-77.760542357957
41776.0416666667,1.39253472222222,-77.8174162343808
41789.5833333333,1.39298611111111,-77.8802179278877
41803.125,1.3934375,-77.9490287137363
41816.6666666667,1.39388888888889,-78.0239394254612
41830.2083333333,1.39434027777778,-78.1050509838318
41843.75,1.39479166666667,-78.1924749957648
41857.2916666667,1.39524305555556,-78.286334435799
41870.8333333333,1.39569444444444,-78.3867644144846
41884.375,1.39614583333333,-78.493913048326
41897.9166666667,1.39659722222222,-78.6079424420106
41911.4583333333,1.39704861111111,-78.7290297985548
41925,1.3975,-78.8573686744813
41938.5416666667,1.39795138888889,-78.9931703994712
41952.0833333333,1.39840277777778,-79.1366656880475
41965.625,1.39885416666667,-79.2881064681843
41979.1666666667,1.39930555555556,-79.4477679625821
41992.7083333333,1.39975694444444,-79.6159510624648
42006.25,1.40020833333333,-79.792985046215
42019.7916666667,1.40065972222222,-79.9792306947668
42033.3333333333,1.40111111111111,-80.1750838801633
42046.875,1.4015625,-80.3809797102118
42060.4166666667,1.40201388888889,-80.5973973369324
42073.9583333333,1.40246527777778,-80.8248655542643
42087.5,1.40291666666667,-81.0639693484177
42101.0416666667,1.40336805555556,-81.3153575959085
42114.5833333333,1.40381944444444,-81.579752160912
42128.125,1.40427083333333,-81.8579587061085
42141.6666666667,1.40472222222222,-82.1508796145466
42155.2083333333,1.40517361111111,-82.4595295378418
42168.75,1.405625,-82.7850542384014
42182.2916666667,1.40607638888889,-83.1287535949122
42195.8333333333,1.40652777777778,-83.4921099235898
42209.375,1.40697916666667,-83.8768231637865
42222.9166666667,1.40743055555556,-84.2848550177182
42236.4583333333,1.40788194444444,-84.7184849314753
42250,1.40833333333333,-85.1803819364272
42263.5416666667,1.40878472222222,-85.6736980729929
42277.0833333333,1.40923611111111,-86.2021916671419
42290.625,1.4096875,-86.7703927054512
42304.1666666667,1.41013888888889,-87.3838288110812
42317.7083333333,1.41059027777778,-88.0493405988936
42331.25,1.41104166666667,-88.7755325066678
42344.7916666667,1.41149305555556,-89.5734355461366
42358.3333333333,1.41194444444444,-90.4575140406454
42371.875,1.41239583333333,-91.4472556650529
42385.4166666667,1.41284722222222,-92.5698041486035
42398.9583333333,1.41329861111111,-93.8645806950389
42412.5,1.41375,-95.3920230791913
42426.0416666667,1.41420138888889,-97.2518199918324
42439.5833333333,1.41465277777778,-99.6265548017315
42453.125,1.41510416666667,-102.910350404576
42466.6666666667,1.41555555555556,-108.257927662791
42480.2083333333,1.41600694444444,-124.784245420031
42493.75,1.41645833333333,-111.342815407225
42507.2916666667,1.41690972222222,-104.450444526717
42520.8333333333,1.41736111111111,-100.662539263572
42534.375,1.4178125,-98.039673051551
42547.9166666667,1.41826388888889,-96.0337303658287
42561.4583333333,1.41871527777778,-94.4110514134602
42575,1.41916666666667,-93.0501042134343
42588.5416666667,1.41961805555556,-91.8795416019962
42602.0833333333,1.42006944444444,-90.8538856155101
42615.625,1.42052083333333,-89.942359968721
42629.1666666667,1.42097222222222,-89.1231659673701
42642.7083333333,1.42142361111111,-88.3802988566334
42656.25,1.421875,-87.7016612616548
42669.7916666667,1.42232638888889,-87.0778870746445
42683.3333333333,1.42277777777778,-86.5015771003589
42696.875,1.42322916666667,-85.966784742213
42710.4166666667,1.42368055555556,-85.4686595734418
42723.9583333333,1.42413194444444,-85.0031939829059
42737.5,1.42458333333333,-84.567039069966
42751.0416666667,1.42503472222222,-84.1573682574259
42764.5833333333,1.42548611111111,-83.771774504044
42778.125,1.4259375,-83.4081916535185
42791.6666666667,1.42638888888889,-83.0648334200542
42805.2083333333,1.42684027777778,-82.7401454738798
42818.75,1.42729166666667,-82.4327673869122
42832.2916666667,1.42774305555556,-82.1415021044887
42845.8333333333,1.42819444444444,-81.8652912232482
42859.375,1.42864583333333,-81.6031948002455
42872.9166666667,1.42909722222222,-81.3543747347826
42886.4583333333,1.42954861111111,-81.118080990418
42900,1.43,-80.8936400937759
42913.5416666667,1.43045138888889,-80.6804454758808
42927.0833333333,1.43090277777778,-80.4779493148017
42940.625,1.43135416666667,-80.2856556068864
42954.1666666667,1.43180555555556,-80.1031142553743
42967.7083333333,1.43225694444444,-79.929916000108
42981.25,1.43270833333333,-79.7656880536617
42994.7916666667,1.43315972222222,-79.6100903276558
43008.3333333333,1.43361111111111,-79.4628121605616
43021.875,1.4340625,-79.3235694657593
43035.4166666667,1.43451388888889,-79.192102243241
43048.9583333333,1.43496527777778,-79.0681724008665
43062.5,1.43541666666667,-78.9515618396439
43076.0416666667,1.43586805555556,-78.8420707701918
43089.5833333333,1.43631944444444,-78.7395162278996
43103.125,1.43677083333333,-78.6437307623149
43116.6666666667,1.43722222222222,-78.5545612775647
43130.2083333333,1.43767361111111,-78.471868006159
43143.75,1.438125,-78.3955236022636
43157.2916666667,1.43857638888889,-78.3254123366391
43170.8333333333,1.43902777777778,-78.2614293859097
43184.375,1.43947916666667,-78.2034802053166
43197.9166666667,1.43993055555556,-78.1514799747355
43211.4583333333,1.44038194444444,-78.1053531129927
43225,1.44083333333333,-78.0650328534878
43238.5416666667,1.44128472222222,-78.0304608757229
43252.0833333333,1.44173611111111,-78.0015869886343
43265.625,1.4421875,-77.9783688616851
43279.1666666667,1.44263888888889,-77.9607718011506
43292.7083333333,1.44309027777778,-77.9487685677964
43306.25,1.44354166666667,-77.9423392363301
43319.7916666667,1.44399305555556,-77.9414710915145
43333.3333333333,1.44444444444444,-77.9461585637496
43346.875,1.44489583333333,-77.9564032002936
43360.4166666667,1.44534722222222,-77.9722136732815
43373.9583333333,1.44579861111111,-77.9936058241499
43387.5,1.44625,-78.0206027452722
43401.0416666667,1.44670138888889,-78.053234900394
43414.5833333333,1.44715277777778,-78.0915402825424
43428.125,1.44760416666667,-78.1355646142775
43441.6666666667,1.44805555555556,-78.1853615913412
43455.2083333333,1.44850694444444,-78.240993172635
43468.75,1.44895833333333,-78.3025299177137
43482.2916666667,1.44940972222222,-78.3700513802751
43495.8333333333,1.44986111111111,-78.4436465585944
43509.375,1.4503125,-78.5234144108292
43522.9166666667,1.45076388888889,-78.6094644391371
43536.4583333333,1.45121527777778,-78.7019173538397
43550,1.45166666666667,-78.8009058232471
43563.5416666667,1.45211805555556,-78.9065753226057
43577.0833333333,1.45256944444444,-79.0190850916414
43590.625,1.45302083333333,-79.1386092166579
43604.1666666667,1.45347222222222,-79.2653378543676
43617.7083333333,1.45392361111111,-79.399478616671
43631.25,1.454375,-79.5412581393765
43644.7916666667,1.45482638888889,-79.6909238624715
43658.3333333333,1.45527777777778,-79.8487460568772
43671.875,1.45572916666667,-80.0150201335996
43685.4166666667,1.45618055555556,-80.1900692854158
43698.9583333333,1.45663194444444,-80.3742475136255
43712.5,1.45708333333333,-80.5679431119555
43726.0416666667,1.45753472222222,-80.7715826868439
43739.5833333333,1.45798611111111,-80.9856358180566
43753.125,1.4584375,-81.2106204779186
43766.6666666667,1.45888888888889,-81.4471093673925
43780.2083333333,1.45934027777778,-81.6957373570457
43793.75,1.45979166666667,-81.9572102667696
43807.2916666667,1.46024305555556,-82.2323152878807
43820.8333333333,1.46069444444444,-82.521933425011
43834.375,1.46114583333333,-82.8270544465922
43847.9166666667,1.46159722222222,-83.1487949721518
43861.4583333333,1.46204861111111,-83.4884205203046
43875,1.4625,-83.8473726075502
43888.5416666667,1.46295138888889,-84.2273023419684
43902.0833333333,1.46340277777778,-84.6301124817275
43915.625,1.46385416666667,-85.0580106490264
43929.1666666667,1.46430555555556,-85.5135774440174
43942.7083333333,1.46475694444444,-85.9998547665142
43956.25,1.46520833333333,-86.5204619915504
43969.7916666667,1.46565972222222,-87.0797512506955
43983.3333333333,1.46611111111111,-87.6830187610153
43996.875,1.4665625,-88.3367983748301
44010.4166666667,1.46701388888889,-89.0492790019879
44023.9583333333,1.46746527777778,-89.8309144491751
44037.5,1.46791666666667,-90.695343033633
44051.0416666667,1.46836805555556,-91.6608273405836
44064.5833333333,1.46881944444444,-92.7526127480674
44078.125,1.46927083333333,-94.0070125910788
44091.6666666667,1.46972222222222,-95.4790012593647
44105.2083333333,1.47017361111111,-97.2576945710286
44118.75,1.470625,-99.5021948791502
44132.2916666667,1.47107638888889,-102.541862891984
44145.8333333333,1.47152777777778,-107.263154633088
44159.375,1.47197916666667,-118.388882319674
44172.9166666667,1.47243055555556,-114.31451992767
44186.4583333333,1.47288194444444,-105.936239366392
44200,1.47333333333333,-101.758023054535
44213.5416666667,1.47378472222222,-98.9546107272984
44227.0833333333,1.47423611111111,-96.8444103594635
44240.625,1.4746875,-95.1537224328899
44254.1666666667,1.47513888888889,-93.7448237421533
44267.7083333333,1.47559027777778,-92.5385688518019
44281.25,1.47604166666667,-91.4852598575437
44294.7916666667,1.47649305555556,-90.5516375341983
44308.3333333333,1.47694444444444,-89.7143468659323
44321.875,1.47739583333333,-88.9563579936925
44335.4166666667,1.47784722222222,-88.2648708049795
44348.9583333333,1.47829861111111,-87.6300213191807
44362.5,1.47875,-87.0440477377367
44376.0416666667,1.47920138888889,-86.5007331011874
44389.5833333333,1.47965277777778,-85.9950212694942
44403.125,1.48010416666667,-85.522745323332
44416.6666666667,1.48055555555556,-85.0804310637867
44430.2083333333,1.48100694444444,-84.6651520000487
44443.75,1.48145833333333,-84.2744204340169
44457.2916666667,1.48190972222222,-83.90610437456
44470.8333333333,1.48236111111111,-83.5583632594346
44484.375,1.4828125,-83.2295976040506
44497.9166666667,1.48326388888889,-82.918409101048
44511.4583333333,1.48371527777778,-82.6235686737505
44525,1.48416666666667,-82.3439906583705
44538.5416666667,1.48461805555556,-82.0787117529158
44552.0833333333,1.48506944444444,-81.8268737178757
44565.625,1.48552083333333,-81.5877090538765
44579.1666666667,1.48597222222222,-81.3605290640836
44592.7083333333,1.48642361111111,-81.1447138425379
44606.25,1.486875,-80.9397038234844
44619.7916666667,1.48732638888889,-80.7449926172116
44633.3333333333,1.48777777777778,-80.5601209000354
44646.875,1.48822916666667,-80.3846711801833
44660.4166666667,1.48868055555556,-80.2182632963277
44673.9583333333,1.48913194444444,-80.0605505286138
44687.5,1.48958333333333,-79.9112162269058
44701.0416666667,1.49003472222222,-79.7699708773853
44714.5833333333,1.49048611111111,-79.6365495425591
44728.125,1.4909375,-79.5107096202563
44741.6666666667,1.49138888888889,-79.3922288771605
44755.2083333333,1.49184027777778,-79.2809037198822
44768.75,1.49229166666667,-79.1765476695239
44782.2916666667,1.49274305555556,-79.0789900160948
44795.8333333333,1.49319444444444,-78.9880746302689
44809.375,1.49364583333333,-78.9036589081836
44822.9166666667,1.49409722222222,-78.8256128412202
44836.4583333333,1.49454861111111,-78.7538181906717
44850,1.495,-78.688167757474
44863.5416666667,1.49545138888889,-78.6285647369216
44877.0833333333,1.49590277777778,-78.5749221502768
44890.625,1.49635416666667,-78.5271623447029
44904.1666666667,1.49680555555556,-78.4852165554147
44917.7083333333,1.49725694444444,-78.4490245246908
44931.25,1.49770833333333,-78.418534175153
44944.7916666667,1.49815972222222,-78.3937013295229
44958.3333333333,1.49861111111111,-78.374489476618
44971.875,1.4990625,-78.3608695796641
44985.4166666667,1.49951388888889,-78.3528199260773
44998.9583333333,1.49996527777778,-78.3503260148303
45012.5,1.50041666666667,-78.353380482499
45026.0416666667,1.50086805555556,-78.3619830647971
45039.5833333333,1.50131944444444,-78.3761405960834
45053.125,1.50177083333333,-78.3958670443012
45066.6666666667,1.50222222222222,-78.4211835825134
45080.2083333333,1.50267361111111,-78.4521186985912
45093.75,1.503125,-78.4887083426079
45107.2916666667,1.50357638888889,-78.5309961165795
45120.8333333333,1.50402777777778,-78.5790335042872
45134.375,1.50447916666667,-78.6328801482376
45147.9166666667,1.50493055555556,-78.6926041731606
45161.4583333333,1.50538194444444,-78.7582825638297
45175,1.50583333333333,-78.8300015976698
45188.5416666667,1.50628472222222,-78.9078573404678
45202.0833333333,1.50673611111111,-78.9919562099059
45215.625,1.5071875,-79.0824156148079
45229.1666666667,1.50763888888889,-79.1793646801142
45242.7083333333,1.50809027777778,-79.2829450634591
45256.25,1.50854166666667,-79.3933118795403
45269.7916666667,1.50899305555556,-79.5106347443337
45283.3333333333,1.50944444444444,-79.6350989540366
45296.875,1.50989583333333,-79.766906819348
45310.4166666667,1.51034722222222,-79.906279176085
45323.9583333333,1.51079861111111,-80.053457100869
45337.5,1.51125,-80.2087038573807
45351.0416666667,1.51170138888889,-80.3723071186033
45364.5833333333,1.51215277777778,-80.5445815008467
45378.125,1.51260416666667,-80.7258714713906
45391.6666666667,1.51305555555556,-80.9165546843083
45405.2083333333,1.51350694444444,-81.1170458314406
45418.75,1.51395833333333,-81.3278010975509
45432.2916666667,1.51440972222222,-81.549323337673
45445.8333333333,1.51486111111111,-81.7821681197479
45459.375,1.5153125,-82.0269508095341
45472.9166666667,1.51576388888889,-82.2843549197855
45486.4583333333,1.51621527777778,-82.5551420034439
45500,1.51666666666667,-82.8401634406436
45513.5416666667,1.51711805555556,-83.1403745755718
45527.0833333333,1.51756944444444,-83.4568517857849
45540.625,1.51802083333333,-83.7908132346925
45554.1666666667,1.51847222222222,-84.143644318375
45567.7083333333,1.51892361111111,-84.5169291257807
45581.25,1.519375,-84.9124897054826
45594.7916666667,1.51982638888889,-85.3324355834689
45608.3333333333,1.52027777777778,-85.7792269204067
45621.875,1.52072916666667,-86.2557560746607
45635.4166666667,1.52118055555556,-86.7654544083618
45648.9583333333,1.52163194444444,-87.3124343301376
45662.5,1.52208333333333,-87.9016815207574
45676.0416666667,1.52253472222222,-88.5393202276455
45689.5833333333,1.52298611111111,-89.2329877311445
45703.125,1.5234375,-89.9923767577339
45716.6666666667,1.52388888888889,-90.8300452166689
45730.2083333333,1.52434027777778,-91.7626688019176
45743.75,1.52479166666667,-92.8130632290793
45757.2916666667,1.52524305555556,-94.0136240852807
45770.8333333333,1.52569444444444,-95.4125742953161
45784.375,1.52614583333333,-97.0863156174113
45797.9166666667,1.52659722222222,-99.1668209502542
45811.4583333333,1.52704861111111,-101.913359780841
45825,1.5275,-105.95810750579
45838.5416666667,1.52795138888889,-113.772434619529
45852.0833333333,1.52840277777778,-120.548462166652
45865.625,1.52885416666667,-108.127410742612
45879.1666666667,1.52930555555556,-103.219558905388
45892.7083333333,1.52975694444444,-100.108506001045
45906.25,1.53020833333333,-97.8283420161043
45919.7916666667,1.53065972222222,-96.0296706540125
45933.3333333333,1.53111111111111,-94.5459767066325
45946.875,1.5315625,-93.2847661323827
45960.4166666667,1.53201388888889,-92.1893047287793
45973.9583333333,1.53246527777778,-91.2222722257404
45987.5,1.53291666666667,-90.3578054481979
46001.0416666667,1.53336805555556,-89.5772417113887
46014.5833333333,1.53381944444444,-88.8666721566043
46028.125,1.53427083333333,-88.2154534637462
46041.6666666667,1.53472222222222,-87.6152600058335
46055.2083333333,1.53517361111111,-87.0594568052827
46068.75,1.535625,-86.5426712316041
46082.2916666667,1.53607638888889,-86.0604923253375
46095.8333333333,1.53652777777778,-85.6092546773648
46109.375,1.53697916666667,-85.1858798387355
46122.9166666667,1.53743055555556,-84.7877578166567
46136.4583333333,1.53788194444444,-84.4126570739184
46150,1.53833333333333,-84.0586551877753
46163.5416666667,1.53878472222222,-83.7240847259999
46177.0833333333,1.53923611111111,-83.4074905014237
46190.625,1.5396875,-83.1075954521415
46204.1666666667,1.54013888888889,-82.8232731399902
46217.7083333333,1.54059027777778,-82.5535253842593
46231.25,1.54104166666667,-82.2974639268125
46244.7916666667,1.54149305555556,-82.0542952804521
46258.3333333333,1.54194444444444,-81.8233081307541
46271.875,1.54239583333333,-81.6038627839091
46285.4166666667,1.54284722222222,-81.3953822806883
46298.9583333333,1.54329861111111,-81.1973448702882
46312.5,1.54375,-81.0092776039354
46326.0416666667,1.54420138888889,-80.8307508541367
46339.5833333333,1.54465277777778,-80.6613736061974
46353.125,1.54510416666667,-80.5007893949057
46366.6666666667,1.54555555555556,-80.3486727867771
46380.2083333333,1.54600694444444,-80.2047263225638
46393.75,1.54645833333333,-80.0686778493145
46407.2916666667,1.54690972222222,-79.9402781893244
46420.8333333333,1.54736111111111,-79.8192990949575
46434.375,1.5478125,-79.7055314516277
46447.9166666667,1.54826388888889,-79.5987836935215
46461.4583333333,1.54871527777778,-79.4988804069224
46475,1.54916666666667,-79.4056610948959
46488.5416666667,1.54961805555556,-79.3189790859856
46502.0833333333,1.55006944444444,-79.2387005657315
46515.625,1.55052083333333,-79.1647037210934
46529.1666666667,1.55097222222222,-79.0968779828723
46542.7083333333,1.55142361111111,-79.0351233546954
46556.25,1.551875,-78.979349823086
46569.7916666667,1.55232638888889,-78.9294768349115
46583.3333333333,1.55277777777778,-78.8854328430765
46596.875,1.55322916666667,-78.8471549071514
46610.4166666667,1.55368055555556,-78.8145883508729
46623.9583333333,1.55413194444444,-78.7876864663807
46637.5,1.55458333333333,-78.7664102666721
46651.0416666667,1.55503472222222,-78.7507282810017
46664.5833333333,1.55548611111111,-78.7406163904658
46678.125,1.5559375,-78.736057704322
46691.6666666667,1.55638888888889,-78.7370424717275
46705.2083333333,1.55684027777778,-78.7435680332969
46718.75,1.55729166666667,-78.7556388070939
46732.2916666667,1.55774305555556,-78.7732663110154
46745.8333333333,1.55819444444444,-78.7964692220391
46759.375,1.55864583333333,-78.8252734725771
46772.9166666667,1.55909722222222,-78.8597123848881
46786.4583333333,1.55954861111111,-78.8998268439174
46800,1.56,-78.9456655144032
46813.5416666667,1.56045138888889,-78.9972850997288
46827.0833333333,1.56090277777778,-79.054750648299
46840.625,1.56135416666667,-79.1181359100798
46854.1666666667,1.56180555555556,-79.1875237499962
46867.7083333333,1.56225694444444,-79.2630066188603
46881.25,1.56270833333333,-79.3446870911708
46894.7916666667,1.56315972222222,-79.4326784757165
46908.3333333333,1.56361111111111,-79.5271055067896
46921.875,1.5640625,-79.6281051258463
46935.4166666667,1.56451388888889,-79.7358273645203
46948.9583333333,1.56496527777778,-79.8504363410861
46962.5,1.56541666666667,-79.9721113881752
46976.0416666667,1.56586805555556,-80.101048324847
46989.5833333333,1.56631944444444,-80.2374609000262
47003.125,1.56677083333333,-80.3815824261565
47016.6666666667,1.56722222222222,-80.5336676356477
47030.2083333333,1.56767361111111,-80.6939947938508
47043.75,1.568125,-80.8628681109247
47057.2916666667,1.56857638888889,-81.0406205008302
47070.8333333333,1.56902777777778,-81.2276167483887
47084.375,1.56947916666667,-81.4242571555948
47097.9166666667,1.56993055555556,-81.630981756941
47111.4583333333,1.57038194444444,-81.8482752103031
47125,1.57083333333333,-82.0766724931063
47138.5416666667,1.57128472222222,-82.3167655720113
47152.0833333333,1.57173611111111,-82.5692112463055
47165.625,1.5721875,-82.8347404220682
47179.1666666667,1.57263888888889,-83.1141691378281
47192.7083333333,1.57309027777778,-83.4084117561937
47206.25,1.57354166666667,-83.7184968469383
47219.7916666667,1.57399305555556,-84.04558645213
47233.3333333333,1.57444444444444,-84.3909996248094
47246.875,1.57489583333333,-84.756241440816
47260.4166666667,1.57534722222222,-85.1430390772502
47273.9583333333,1.57579861111111,-85.5533871250194
47287.5,1.57625,-85.9896051338997
47301.0416666667,1.57670138888889,-86.454411559917
47314.5833333333,1.57715277777778,-86.9510200861495
47328.125,1.57760416666667,-87.4832669431427
47341.6666666667,1.57805555555556,-88.0557820432976
47355.2083333333,1.57850694444444,-88.6742233513293
47368.75,1.57895833333333,-89.3456047952156
47382.2916666667,1.57940972222222,-90.0787664244075
47395.8333333333,1.57986111111111,-90.8850679430783
47409.375,1.5803125,-91.7794464987494
47422.9166666667,1.58076388888889,-92.7820954866115
47436.4583333333,1.58121527777778,-93.9212608517195
47450,1.58166666666667,-95.2381865380924
47463.5416666667,1.58211805555556,-96.7965574894277
47477.0833333333,1.58256944444444,-98.70246352873
47490.625,1.58302083333333,-101.15310122542
47504.1666666667,1.58347222222222,-104.584810941763
47517.7083333333,1.58392361111111,-110.345747260678
47531.25,1.584375,-134.942649514134
47544.7916666667,1.58482638888889,-111.440421594796
47558.3333333333,1.58527777777778,-105.140096379199
47571.875,1.58572916666667,-101.532650686545
47585.4166666667,1.58618055555556,-98.9970042524419
47598.9583333333,1.58663194444444,-97.0423618231392
47612.5,1.58708333333333,-95.4533865953413
47626.0416666667,1.58753472222222,-94.1162164144506
47639.5833333333,1.58798611111111,-92.9632806780802
47653.125,1.5884375,-91.9511768853193
47666.6666666667,1.58888888888889,-91.0503639843679
47680.2083333333,1.58934027777778,-90.2398244137879
47693.75,1.58979166666667,-89.5040715611311
47707.2916666667,1.59024305555556,-88.8313652960908
47720.8333333333,1.59069444444444,-88.2125938086564
47734.375,1.59114583333333,-87.6405438490888
47747.9166666667,1.59159722222222,-87.1094079332877
47761.4583333333,1.59204861111111,-86.6144417844104
47775,1.5925,-86.1517201929354
47788.5416666667,1.59295138888889,-85.7179592033723
47802.0833333333,1.59340277777778,-85.310384114244
47815.625,1.59385416666667,-84.9266298205116
47829.1666666667,1.59430555555556,-84.5646644315457
47842.7083333333,1.59475694444444,-84.2227299326364
47856.25,1.59520833333333,-83.8992955256299
47869.7916666667,1.59565972222222,-83.5930205259365
47883.3333333333,1.59611111111111,-83.3027245645705
47896.875,1.5965625,-83.0273634336919
47910.4166666667,1.59701388888889,-82.766009343275
47923.9583333333,1.59746527777778,-82.5178346545111
47937.5,1.59791666666667,-82.2820983841328
47951.0416666667,1.59836805555556,-82.0581349295251
47964.5833333333,1.59881944444444,-81.8453445969624
47978.125,1.59927083333333,-81.643185593047
47991.6666666667,1.59972222222222,-81.451167220287
48005.2083333333,1.60017361111111,-81.2688440689962
48018.75,1.600625,-81.0958110311683
48032.2916666667,1.60107638888889,-80.9316990100509
48045.8333333333,1.60152777777778,-80.776171205104
48059.375,1.60197916666667,-80.628919890275
48072.9166666667,1.60243055555556,-80.4896636060457
48086.4583333333,1.60288194444444,-80.3581447084261
48100,1.60333333333333,-80.2341272202428
48113.5416666667,1.60378472222222,-80.1173949433124
48127.0833333333,1.60423611111111,-80.0077497996264
48140.625,1.6046875,-79.9050103646196
48154.1666666667,1.60513888888889,-79.8090105753557
48167.7083333333,1.60559027777778,-79.7195985850364
48181.25,1.60604166666667,-79.6366357501736
48194.7916666667,1.60649305555556,-79.5599957349406
48208.3333333333,1.60694444444444,-79.4895637163618
48221.875,1.60739583333333,-79.4252356819171
48235.4166666667,1.60784722222222,-79.3669178092884
48248.9583333333,1.60829861111111,-79.3145259196278
48262.5,1.60875,-79.2679849974311
48276.0416666667,1.60920138888889,-79.2272287700494
48289.5833333333,1.60965277777778,-79.1921993440434
48303.125,1.61010416666667,-79.1628468925976
48316.6666666667,1.61055555555556,-79.1391293884735
48330.2083333333,1.61100694444444,-79.1210123827112
48343.75,1.61145833333333,-79.1084688255142
48357.2916666667,1.61190972222222,-79.1014789257071
48370.8333333333,1.61236111111111,-79.1000300489517
48384.375,1.6128125,-79.1041166533236
48397.9166666667,1.61326388888889,-79.1137402605724
48411.4583333333,1.61371527777778,-79.1289094648671
48425,1.61416666666667,-79.1496399755646
48438.5416666667,1.61461805555556,-79.1759546992577
48452.0833333333,1.61506944444444,-79.2078838566459
48465.625,1.61552083333333,-79.2454651401431
48479.1666666667,1.61597222222222,-79.2887439115975
48492.7083333333,1.61642361111111,-79.3377734429074
48506.25,1.616875,-79.3926152014645
48519.7916666667,1.61732638888889,-79.4533391854451
48533.3333333333,1.61777777777778,-79.5200243112916
48546.875,1.61822916666667,-79.5927588593357
48560.4166666667,1.61868055555556,-79.6716409819255
48573.9583333333,1.61913194444444,-79.756779280586
48587.5,1.61958333333333,-79.8482934622108
48601.0416666667,1.62003472222222,-79.9463150792951
48614.5833333333,1.62048611111111,-80.050988366966
48628.125,1.6209375,-80.162471188011
48641.6666666667,1.62138888888889,-80.2809361013502
48655.2083333333,1.62184027777778,-80.4065715681559
48668.75,1.62229166666667,-80.5395833175452
48682.2916666667,1.62274305555556,-80.6801958917067
48695.8333333333,1.62319444444444,-80.8286544022754
48709.375,1.62364583333333,-80.9852265252165
48722.9166666667,1.62409722222222,-81.1502047746139
48736.4583333333,1.62454861111111,-81.3239091038835
48750,1.625,-81.5066898821471
48763.5416666667,1.62545138888889,-81.6989313229383
48777.0833333333,1.62590277777778,-81.9010554344087
48790.625,1.62635416666667,-82.1135265985932
48804.1666666667,1.62680555555556,-82.3368568939535
48817.7083333333,1.62725694444444,-82.5716123150897
48831.25,1.62770833333333,-82.8184200699707
48844.7916666667,1.62815972222222,-83.0779771863298
48858.3333333333,1.62861111111111,-83.3510607233109
48871.875,1.6290625,-83.6385399483874
48885.4166666667,1.62951388888889,-83.9413909621128
48898.9583333333,1.62996527777778,-84.2607143739977
48912.5,1.63041666666667,-84.5977568294254
48926.0416666667,1.63086805555556,-84.9539374418268
48939.5833333333,1.63131944444444,-85.3308805244677
48953.125,1.63177083333333,-85.7304565203195
48966.6666666667,1.63222222222222,-86.1548337193295
48980.2083333333,1.63267361111111,-86.6065443637126
48993.75,1.633125,-87.0885702262296
49007.2916666667,1.63357638888889,-87.6044549742333
49020.8333333333,1.63402777777778,-88.1584540601213
49034.375,1.63447916666667,-88.7557382534452
49047.9166666667,1.63493055555556,-89.4026756293902
49061.4583333333,1.63538194444444,-90.1072313706278
49075,1.63583333333333,-90.8795498690365
49088.5416666667,1.63628472222222,-91.7328289660831
49102.0833333333,1.63673611111111,-92.684682105227
49115.625,1.6371875,-93.7593566873392
49129.1666666667,1.63763888888889,-94.9915485375811
49142.7083333333,1.63809027777778,-96.4334259208864
49156.25,1.63854166666667,-98.1687722840706
49169.7916666667,1.63899305555556,-100.345162493242
49183.3333333333,1.63944444444444,-103.261552454489
49196.875,1.63989583333333,-107.689651542821
49210.4166666667,1.64034722222222,-117.193288440663
49223.9583333333,1.64079861111111,-117.315782654229
49237.5,1.64125,-107.7378893786
49251.0416666667,1.64170138888889,-103.299383460921
49264.5833333333,1.64215277777778,-100.381707734181
49278.125,1.64260416666667,-98.207071997347
49291.6666666667,1.64305555555556,-96.4748619124086
49305.2083333333,1.64350694444444,-95.0368647385142
49318.75,1.64395833333333,-93.8089993247302
49332.2916666667,1.64440972222222,-92.7389397822448
49345.8333333333,1.64486111111111,-91.7918990102161
49359.375,1.6453125,-90.9435730901976
49372.9166666667,1.64576388888889,-90.1763117027841
49386.4583333333,1.64621527777778,-89.4768919186256
49400,1.64666666666667,-88.8351516770811
49413.5416666667,1.64711805555556,-88.2431129896028
49427.0833333333,1.64756944444444,-87.6943982675095
49440.625,1.64802083333333,-87.1838295238064
49454.1666666667,1.64847222222222,-86.7071457274806
49467.7083333333,1.64892361111111,-86.2607988258639
49481.25,1.649375,-85.8418035544104
49494.7916666667,1.64982638888889,-85.4476248477411
49508.3333333333,1.65027777777778,-85.076092109365
49521.875,1.65072916666667,-84.7253329898576
49535.4166666667,1.65118055555556,-84.3937215856941
49548.9583333333,1.65163194444444,-84.0798374433872
49562.5,1.65208333333333,-83.7824327770798
49576.0416666667,1.65253472222222,-83.5004060022174
49589.5833333333,1.65298611111111,-83.232780174827
49603.125,1.6534375,-82.9786852935221
49616.6666666667,1.65388888888889,-82.7373436562169
49630.2083333333,1.65434027777778,-82.5080576663724
49643.75,1.65479166666667,-82.2901996123373
49657.2916666667,1.65524305555556,-82.0832030473441
49670.8333333333,1.65569444444444,-81.8865554856998
49684.375,1.65614583333333,-81.6997921765936
49697.9166666667,1.65659722222222,-81.5224907748864
49711.4583333333,1.65704861111111,-81.3542667579721
49725,1.6575,-81.1947694698047
49738.5416666667,1.65795138888889,-81.0436786913021
49752.0833333333,1.65840277777778,-80.9007016589031
49765.625,1.65885416666667,-80.765570461286
49779.1666666667,1.65930555555556,-80.638039764063
49792.7083333333,1.65975694444444,-80.5178848116094
49806.25,1.66020833333333,-80.4048996710982
49819.7916666667,1.66065972222222,-80.2988956834199
49833.3333333333,1.66111111111111,-80.1997000980622
49846.875,1.6615625,-80.1071548644332
49860.4166666667,1.66201388888889,-80.0211155626315
49873.9583333333,1.66246527777778,-79.9414504583984
49887.5,1.66291666666667,-79.868039663899
49901.0416666667,1.66336805555556,-79.8007743958453
49914.5833333333,1.66381944444444,-79.7395563206774
49928.125,1.66427083333333,-79.6842969754892
49941.6666666667,1.66472222222222,-79.6349172584761
49955.2083333333,1.66517361111111,-79.5913469831803
49968.75,1.665625,-79.5535244897929
49982.2916666667,1.66607638888889,-79.5213963097573
49995.8333333333,1.66652777777778,-79.4949168785571
50009.375,1.66697916666667,-79.4740482948392
50022.9166666667,1.66743055555556,-79.4587601213609
50036.4583333333,1.66788194444444,-79.4490292275145
50050,1.66833333333333,-79.4448396702653
50063.5416666667,1.66878472222222,-79.4461826115203
50077.0833333333,1.66923611111111,-79.4530562737769
50090.625,1.6696875,-79.4654659312924
50104.1666666667,1.67013888888889,-79.4834239363225
50117.7083333333,1.67059027777778,-79.5069497828946
50131.25,1.67104166666667,-79.5360702065734
50144.7916666667,1.67149305555556,-79.5708193237345
50158.3333333333,1.67194444444444,-79.6112388083197
50171.875,1.67239583333333,-79.6573781117943
50185.4166666667,1.67284722222222,-79.7092947273764
50198.9583333333,1.67329861111111,-79.7670544994381
50212.5,1.67375,-79.8307319865437
50226.0416666667,1.67420138888889,-79.9004108762447
50239.5833333333,1.67465277777778,-79.9761844635468
50253.125,1.67510416666667,-80.0581561926025
50266.6666666667,1.67555555555556,-80.1464402736086
50280.2083333333,1.67600694444444,-80.2411623797202
50293.75,1.67645833333333,-80.3424604348244
50307.2916666667,1.67690972222222,-80.4504855058399
50320.8333333333,1.67736111111111,-80.5654028058374
50334.375,1.6778125,-80.6873928317595
50347.9166666667,1.67826388888889,-80.8166526476251
50361.4583333333,1.67871527777778,-80.9533973382731
50375,1.67916666666667,-81.0978616588884
50388.5416666667,1.67961805555556,-81.2503019048287
50402.0833333333,1.68006944444444,-81.4109980451146
50415.625,1.68052083333333,-81.5802561537684
50429.1666666667,1.68097222222222,-81.7584111941255
50442.7083333333,1.68142361111111,-81.9458302131595
50456.25,1.681875,-82.1429160245647
50469.7916666667,1.68232638888889,-82.3501114615466
50483.3333333333,1.68277777777778,-82.5679043164129
50496.875,1.68322916666667,-82.7968330937334
50510.4166666667,1.68368055555556,-83.0374937500127
50523.9583333333,1.68413194444444,-83.2905476197363
50537.5,1.68458333333333,-83.5567307922052
50551.0416666667,1.68503472222222,-83.8368652622665
50564.5833333333,1.68548611111111,-84.1318722786369
50578.125,1.6859375,-84.442788421626
50591.6666666667,1.68638888888889,-84.7707851103933
50605.2083333333,1.68684027777778,-85.1171924583473
50618.75,1.68729166666667,-85.4835286826744
50632.2916666667,1.68774305555556,-85.8715367022408
50645.8333333333,1.68819444444444,-86.2832301392342
50659.375,1.68864583333333,-86.7209517724733
50672.9166666667,1.68909722222222,-87.1874487224111
50686.4583333333,1.68954861111111,-87.6859704650117
50700,1.69,-88.2203985270088
50713.5416666667,1.69045138888889,-88.7954210064529
50727.0833333333,1.69090277777778,-89.4167718920276
50740.625,1.69135416666667,-90.0915663896495
50754.1666666667,1.69180555555556,-90.8287825237389
50767.7083333333,1.69225694444444,-91.6399729742926
50781.25,1.69270833333333,-92.5403533121929
50794.7916666667,1.69315972222222,-93.5505340126484
50808.3333333333,1.69361111111111,-94.6994153703957
50821.875,1.6940625,-96.0293296848732
50835.4166666667,1.69451388888889,-97.6059156619626
50848.9583333333,1.69496527777778,-99.5391559594929
50862.5,1.69541666666667,-102.035278741534
50876.0416666667,1.69586805555556,-105.557452021464
50889.5833333333,1.69631944444444,-111.584869585625
50903.125,1.69677083333333,-167.513930473155
50916.6666666667,1.69722222222222,-111.562435408301
50930.2083333333,1.69767361111111,-105.554162774456
50943.75,1.698125,-102.041894542769
50957.2916666667,1.69857638888889,-99.553366771037
50970.8333333333,1.69902777777778,-97.6267973862723
50984.375,1.69947916666667,-96.0564201815592
50997.9166666667,1.69993055555556,-94.7324504660984
51011.4583333333,1.70038194444444,-93.5893484991095
51025,1.70083333333333,-92.5848369535774
51038.5416666667,1.70128472222222,-91.6900484999706
51052.0833333333,1.70173611111111,-90.884393632355
51065.625,1.7021875,-90.1526707486046
51079.1666666667,1.70263888888889,-89.4833368299498
51092.7083333333,1.70309027777778,-88.867420742572
51106.25,1.70354166666667,-88.2978123242977
51119.7916666667,1.70399305555556,-87.7687813623015
51133.3333333333,1.70444444444444,-87.2756426369371
51146.875,1.70489583333333,-86.8145168522721
51160.4166666667,1.70534722222222,-86.3821562858773
51173.9583333333,1.70579861111111,-85.9758152138627
51187.5,1.70625,-85.5931519797112
51201.0416666667,1.70670138888889,-85.2321538733385
51214.5833333333,1.70715277777778,-84.8910787204626
51228.125,1.70760416666667,-84.5684089200544
51241.6666666667,1.70805555555556,-84.2628148685404
51255.2083333333,1.70850694444444,-83.9731255713755
51268.75,1.70895833333333,-83.6983048031164
51282.2916666667,1.70940972222222,-83.4374316139177
51295.8333333333,1.70986111111111,-83.1896842583243
51309.375,1.7103125,-82.9543268579834
51322.9166666667,1.71076388888889,-82.7306982545949
51336.4583333333,1.71121527777778,-82.5182026401229
51350,1.71166666666667,-82.3163016324204
51363.5416666667,1.71211805555556,-82.1245075423353
51377.0833333333,1.71256944444444,-81.9423776200079
51390.625,1.71302083333333,-81.7695091192705
51404.1666666667,1.71347222222222,-81.6055350463251
51417.7083333333,1.71392361111111,-81.4501204780932
51431.25,1.714375,-81.3029593700093
51444.7916666667,1.71482638888889,-81.1637717719424
51458.3333333333,1.71527777777778,-81.0323013976814
51471.875,1.71572916666667,-80.9083134933585
51485.4166666667,1.71618055555556,-80.7915929664803
51498.9583333333,1.71663194444444,-80.6819427387797
51512.5,1.71708333333333,-80.5791822912759
51526.0416666667,1.71753472222222,-80.483146382326
51539.5833333333,1.71798611111111,-80.3936839107809
51553.125,1.7184375,-80.3106569106958
51566.6666666667,1.71888888888889,-80.2339396617655
51580.2083333333,1.71934027777778,-80.1634179002222
51593.75,1.71979166666667,-80.0989881224942
51607.2916666667,1.72024305555556,-80.0405569676832
51620.8333333333,1.72069444444444,-79.9880406758656
51634.375,1.72114583333333,-79.9413646106865
51647.9166666667,1.72159722222222,-79.9004628427965
51661.4583333333,1.72204861111111,-79.8652777875845
51675,1.7225,-79.8357598947735
51688.5416666667,1.72295138888889,-79.8118673850342
51702.0833333333,1.72340277777778,-79.7935660287909
51715.625,1.72385416666667,-79.7808289687758
51729.1666666667,1.72430555555556,-79.7736365812107
51742.7083333333,1.72475694444444,-79.7719763745709
51756.25,1.72520833333333,-79.7758429261815
51769.7916666667,1.72565972222222,-79.7852378550225
51783.3333333333,1.72611111111111,-79.8001698287432
51796.875,1.7265625,-79.8206546089204
51810.4166666667,1.72701388888889,-79.8467151318347
51823.9583333333,1.72746527777778,-79.8783816262978
51837.5,1.72791666666667,-79.9156917700081
51851.0416666667,1.72836805555556,-79.9586908884748
51864.5833333333,1.72881944444444,-80.0074321925126
51878.125,1.72927083333333,-80.0619770658448
51891.6666666667,1.72972222222222,-80.1223953969397
51905.2083333333,1.73017361111111,-80.1887659675322
51918.75,1.730625,-80.261176894474
51932.2916666667,1.73107638888889,-80.339726137642
51945.8333333333,1.73152777777778,-80.4245220749953
51959.375,1.73197916666667,-80.5156841565126
51972.9166666667,1.73243055555556,-80.6133436402079
51986.4583333333,1.73288194444444,-80.7176444280691
52000,1.73333333333333,-80.8287440059409
52013.5416666667,1.73378472222222,-80.9468145080843
52027.0833333333,1.73423611111111,-81.0720439186879
52040.625,1.7346875,-81.2046374310704
52054.1666666667,1.73513888888889,-81.344818987013
52067.7083333333,1.73559027777778,-81.4928330255115
52081.25,1.73604166666667,-81.6489464663795
52094.7916666667,1.73649305555556,-81.8134509773514
52108.3333333333,1.73694444444444,-81.9866655587202
52121.875,1.73739583333333,-82.1689395083973
52135.4166666667,1.73784722222222,-82.3606558315882
52148.9583333333,1.73829861111111,-82.5622351706877
52162.5,1.73875,-82.7741403615553
52176.0416666667,1.73920138888889,-82.9968817250791
52189.5833333333,1.73965277777778,-83.2310232528584
52203.125,1.74010416666667,-83.4771898609728
52216.6666666667,1.74055555555556,-83.7360759459357
52230.2083333333,1.74100694444444,-84.0084555302841
52243.75,1.74145833333333,-84.2951943637082
52257.2916666667,1.74190972222222,-84.5972644477888
52270.8333333333,1.74236111111111,-84.9157615894873
52284.375,1.7428125,-85.2519267731433
52297.9166666667,1.74326388888889,-85.6071723922618
52311.4583333333,1.74371527777778,-85.9831147240653
52325,1.74416666666667,-86.3816145247415
52338.5416666667,1.74461805555556,-86.8048282990644
52352.0833333333,1.74506944444444,-87.2552738087997
52365.625,1.74552083333333,-87.7359148327737
52379.1666666667,1.74597222222222,-88.2502724064424
52392.7083333333,1.74642361111111,-88.8025731099402
52406.25,1.746875,-89.397950292575
52419.7916666667,1.74732638888889,-90.042722654769
52433.3333333333,1.74777777777778,-90.7447888578133
52446.875,1.74822916666667,-91.5142014761146
52460.4166666667,1.74868055555556,-92.3640279613192
52473.9583333333,1.74913194444444,-93.3116901561634
52487.5,1.74958333333333,-94.3811419638434
52501.0416666667,1.75003472222222,-95.6066056955845
52514.5833333333,1.75048611111111,-97.039433055267
52528.125,1.7509375,-98.761868552885
52541.6666666667,1.75138888888889,-100.918200017556
52555.2083333333,1.75184027777778,-103.798881701191
52568.75,1.75229166666667,-108.144768206986
52582.2916666667,1.75274305555556,-117.25201171135
52595.8333333333,1.75319444444444,-118.633414031621
52609.375,1.75364583333333,-108.610873187771
52622.9166666667,1.75409722222222,-104.086296333614
52636.4583333333,1.75454861111111,-101.131837157917
52650,1.755,-98.9366861824818
52663.5416666667,1.75545138888889,-97.1913190038351
52677.0833333333,1.75590277777778,-95.7441142532002
52690.625,1.75635416666667,-94.5094053315246
52704.1666666667,1.75680555555556,-93.4340288909809
52717.7083333333,1.75725694444444,-92.482713774513
52731.25,1.75770833333333,-91.6308567803678
52744.7916666667,1.75815972222222,-90.8606125902044
52758.3333333333,1.75861111111111,-90.1586257711725
52771.875,1.7590625,-89.5146410737939
52785.4166666667,1.75951388888889,-88.9206130545999
52798.9583333333,1.75996527777778,-88.3701140903671
52812.5,1.76041666666667,-87.8579282982876
52826.0416666667,1.76086805555556,-87.3797654094089
52839.5833333333,1.76131944444444,-86.9320544554819
52853.125,1.76177083333333,-86.5117919493564
52866.6666666667,1.76222222222222,-86.1164281526688
52880.2083333333,1.76267361111111,-85.7437805184814
52893.75,1.763125,-85.3919668610424
52907.2916666667,1.76357638888889,-85.0593531064614
52920.8333333333,1.76402777777778,-84.7445119541939
52934.375,1.76447916666667,-84.4461898356911
52947.9166666667,1.76493055555556,-84.1632802446412
52961.4583333333,1.76538194444444,-83.8948020212666
52975,1.76583333333333,-83.6398815274574
52988.5416666667,1.76628472222222,-83.3977379058496
53002.0833333333,1.76673611111111,-83.1676708064041
53015.625,1.7671875,-82.9490501004716
53029.1666666667,1.76763888888889,-82.7413072093743
53042.7083333333,1.76809027777778,-82.5439277566225
53056.25,1.76854166666667,-82.3564453052687
53069.7916666667,1.76899305555556,-82.1784360003159
53083.3333333333,1.76944444444444,-82.0095139599925
53096.875,1.76989583333333,-81.8493272996101
53110.4166666667,1.77034722222222,-81.6975546822852
53123.9583333333,1.77079861111111,-81.5539023241038
53137.5,1.77125,-81.4181013780009
53151.0416666667,1.77170138888889,-81.2899056456731
53164.5833333333,1.77215277777778,-81.1690895714629
53178.125,1.77260416666667,-81.0554464773419
53191.6666666667,1.77305555555556,-80.9487870063416
53205.2083333333,1.77350694444444,-80.8489377514533
53218.75,1.77395833333333,-80.7557400407569
53232.2916666667,1.77440972222222,-80.6690488634122
53245.8333333333,1.77486111111111,-80.5887319200764
53259.375,1.7753125,-80.5146687789937
53272.9166666667,1.77576388888889,-80.4467501318685
53286.4583333333,1.77621527777778,-80.3848771339448
53300,1.77666666666667,-80.3289608227879
53313.5416666667,1.77711805555556,-80.2789216046995
53327.0833333333,1.77756944444444,-80.2346888081387
53340.625,1.77802083333333,-80.196200290037
53354.1666666667,1.77847222222222,-80.1634020998082
53367.7083333333,1.77892361111111,-80.1362481878033
53381.25,1.779375,-80.1147001637108
53394.7916666667,1.77982638888889,-80.0987270942265
53408.3333333333,1.78027777777778,-80.0883053433108
53421.875,1.78072916666667,-80.0834184491817
53435.4166666667,1.78118055555556,-80.0840570421725
53448.9583333333,1.78163194444444,-80.090218794728
53462.5,1.78208333333333,-80.1019084114871
53476.0416666667,1.78253472222222,-80.1191376520845
53489.5833333333,1.78298611111111,-80.1419253914402
53503.125,1.7834375,-80.1702977170835
53516.6666666667,1.78388888888889,-80.2042880634504
53530.2083333333,1.78434027777778,-80.2439373855689
53543.75,1.78479166666667,-80.2892943754255
53557.2916666667,1.78524305555556,-80.3404157192737
53570.8333333333,1.78569444444444,-80.3973664044198
53584.375,1.78614583333333,-80.4602200749425
53597.9166666667,1.78659722222222,-80.5290594406952
53611.4583333333,1.78704861111111,-80.6039767489052
53625,1.7875,-80.6850743168598
53638.5416666667,1.78795138888889,-80.772465141576
53652.0833333333,1.78840277777778,-80.8662735850894
53665.625,1.78885416666667,-80.9666361533443
53679.1666666667,1.78930555555556,-81.0737023725735
53692.7083333333,1.78975694444444,-81.1876357810539
53706.25,1.79020833333333,-81.3086150481743
53719.7916666667,1.79065972222222,-81.4368352394665
53733.3333333333,1.79111111111111,-81.5725092492997
53746.875,1.7915625,-81.7158694240619
53760.4166666667,1.79201388888889,-81.8671694047466
53773.9583333333,1.79246527777778,-82.0266862258852
53787.5,1.79291666666667,-82.1947227070117
53801.0416666667,1.79336805555556,-82.371610193665
53814.5833333333,1.79381944444444,-82.5577116952949
53828.125,1.79427083333333,-82.7534255067915
53841.6666666667,1.79472222222222,-82.9591893841252
53855.2083333333,1.79517361111111,-83.175485395284
53868.75,1.795625,-83.4028455659407
53882.2916666667,1.79607638888889,-83.6418584867138
53895.8333333333,1.79652777777778,-83.8931770837175
53909.375,1.79697916666667,-84.157527801352
53922.9166666667,1.79743055555556,-84.4357215154053
53936.4583333333,1.79788194444444,-84.7286665879346
53950,1.79833333333333,-85.0373845767637
53963.5416666667,1.79878472222222,-85.363029279907
53977.0833333333,1.79923611111111,-85.7069100019797
53990.625,1.7996875,-86.0705202056523
54004.1666666667,1.80013888888889,-86.4555731288717
54017.7083333333,1.80059027777778,-86.8640464907311
54031.25,1.80104166666667,-87.2982392239672
54044.7916666667,1.80149305555556,-87.7608443297908
54058.3333333333,1.80194444444444,-88.2550436980364
54071.875,1.80239583333333,-88.7846333243878
54085.4166666667,1.80284722222222,-89.354191455435
54098.9583333333,1.80329861111111,-89.9693085900419
54112.5,1.80375,-90.6369088646058
54126.0416666667,1.80420138888889,-91.365710139823
54139.5833333333,1.80465277777778,-92.1669014939369
54153.125,1.80510416666667,-93.0551743589603
54166.6666666667,1.80555555555556,-94.050354947506
54180.2083333333,1.80600694444444,-95.1801148921862
54193.75,1.80645833333333,-96.4847466928852
54207.2916666667,1.80690972222222,-98.0262363556285
54220.8333333333,1.80736111111111,-99.9073137610618
54234.375,1.8078125,-102.317467949678
54247.9166666667,1.80826388888889,-105.670589115252
54261.4583333333,1.80871527777778,-111.210072003436
54275,1.80916666666667,-130.571877449744
54288.5416666667,1.80961805555556,-113.320099841855
54302.0833333333,1.81006944444444,-106.728246889367
54315.625,1.81052083333333,-103.029319719333
54329.1666666667,1.81097222222222,-100.448657925605
54342.7083333333,1.81142361111111,-98.4670608300071
54356.25,1.811875,-96.8600181405691
54369.7916666667,1.81232638888889,-95.5098059389081
54383.3333333333,1.81277777777778,-94.3469451568774
54396.875,1.81322916666667,-93.3269817546698
54410.4166666667,1.81368055555556,-92.4197476384308
54423.9583333333,1.81413194444444,-91.603828116215
54437.5,1.81458333333333,-90.8634728252138
54451.0416666667,1.81503472222222,-90.1867595957553
54464.5833333333,1.81548611111111,-89.5644469148334
54478.125,1.8159375,-88.9892266106784
54491.6666666667,1.81638888888889,-88.4552201264702
54505.2083333333,1.81684027777778,-87.9576289055015
54518.75,1.81729166666667,-87.4924855659226
54532.2916666667,1.81774305555556,-87.0564728788249
54545.8333333333,1.81819444444444,-86.6467895389185
54559.375,1.81864583333333,-86.261048903253
54572.9166666667,1.81909722222222,-85.8972014584446
54586.4583333333,1.81954861111111,-85.553474623036
54600,1.82,-85.228325448119
54613.5416666667,1.82045138888889,-84.9204030294145
54627.0833333333,1.82090277777778,-84.6285183339659
54640.625,1.82135416666667,-84.3516197558874
54654.1666666667,1.82180555555556,-84.0887731459885
54667.7083333333,1.82225694444444,-83.8391453624396
54681.25,1.82270833333333,-83.6019906313884
54694.7916666667,1.82315972222222,-83.376639157388
54708.3333333333,1.82361111111111,-83.1624875530247
54721.875,1.8240625,-82.9589907558496
54735.4166666667,1.82451388888889,-82.7656551592912
54748.9583333333,1.82496527777778,-82.5820327501169
54762.5,1.82541666666667,-82.4077160803758
54776.0416666667,1.82586805555556,-82.2423339385015
54789.5833333333,1.82631944444444,-82.0855476021458
54803.125,1.82677083333333,-81.937047591864
54816.6666666667,1.82722222222222,-81.7965508386491
54830.2083333333,1.82767361111111,-81.6637982146916
54843.75,1.828125,-81.5385523657896
54857.2916666667,1.82857638888889,-81.4205958111393
54870.8333333333,1.82902777777778,-81.3097292708822
54884.375,1.82947916666667,-81.2057701877592
54897.9166666667,1.82993055555556,-81.1085514250989
54911.4583333333,1.83038194444444,-81.017920114038
54925,1.83083333333333,-80.9337366312478
54938.5416666667,1.83128472222222,-80.8558736964036
54952.0833333333,1.83173611111111,-80.7842155716672
54965.625,1.8321875,-80.7186573523219
54979.1666666667,1.83263888888889,-80.6591043418653
54992.7083333333,1.83309027777778,-80.6054714996869
55006.25,1.83354166666667,-80.5576829552847
55019.7916666667,1.83399305555556,-80.5156715853664
55033.3333333333,1.83444444444444,-80.4793786432888
55046.875,1.83489583333333,-80.4487534427757
55060.4166666667,1.83534722222222,-80.4237530877461
55073.9583333333,1.83579861111111,-80.4043422449444
55087.5,1.83625,-80.3904929621175
55101.0416666667,1.83670138888889,-80.382184521566
55114.5833333333,1.83715277777778,-80.37940333447
55128.125,1.83760416666667,-80.382142872235
55141.6666666667,1.83805555555556,-80.3904036320437
55155.2083333333,1.83850694444444,-80.404193140003
55168.75,1.83895833333333,-80.4235259893505
55182.2916666667,1.83940972222222,-80.4484239156699
55195.8333333333,1.83986111111111,-80.4789159080453
55209.375,1.8403125,-80.5150383587542
55222.9166666667,1.84076388888889,-80.5568352541182
55236.4583333333,1.84121527777778,-80.6043584057981
55250,1.84166666666667,-80.6576677286552
55263.5416666667,1.84211805555556,-80.716831563177
55277.0833333333,1.84256944444444,-80.781927055356
55290.625,1.84302083333333,-80.8530405855212
55304.1666666667,1.84347222222222,-80.9302682660295
55317.7083333333,1.84392361111111,-81.0137165008543
55331.25,1.844375,-81.1035026243256
55344.7916666667,1.84482638888889,-81.199755621979
55358.3333333333,1.84527777777778,-81.3026169442584
55371.875,1.84572916666667,-81.4122414263827
55385.4166666667,1.84618055555556,-81.5287983280724
55398.9583333333,1.84663194444444,-81.6524725056155
55412.5,1.84708333333333,-81.7834657392767
55426.0416666667,1.84753472222222,-81.9219982366692
55439.5833333333,1.84798611111111,-82.0683103353916
55453.125,1.8484375,-82.2226644412147
55466.6666666667,1.84888888888889,-82.3853472337897
55480.2083333333,1.84934027777778,-82.5566721860841
55493.75,1.84979166666667,-82.7369824501454
55507.2916666667,1.85024305555556,-82.9266541736461
55520.8333333333,1.85069444444444,-83.1261003198992
55534.375,1.85114583333333,-83.3357750934507
55547.9166666667,1.85159722222222,-83.5561790757037
55561.4583333333,1.85204861111111,-83.7878652231135
55575,1.8525,-84.0314458925132
55588.5416666667,1.85295138888889,-84.2876011218467
55602.0833333333,1.85340277777778,-84.5570884391137
55615.625,1.85385416666667,-84.8407545418012
55629.1666666667,1.85430555555556,-85.1395493047841
55642.7083333333,1.85475694444444,-85.4545426842107
55656.25,1.85520833333333,-85.786945263033
55669.7916666667,1.85565972222222,-86.1381334322126
55683.3333333333,1.85611111111111,-86.5096805095035
55696.875,1.8565625,-86.9033955583538
55710.4166666667,1.85701388888889,-87.3213723188103
55723.9583333333,1.85746527777778,-87.7660515734731
55737.5,1.85791666666667,-88.240301637212
55751.0416666667,1.85836805555556,-88.7475236838693
55764.5833333333,1.85881944444444,-89.2917916993438
55778.125,1.85927083333333,-89.8780417066501
55791.6666666667,1.85972222222222,-90.5123326449085
55805.2083333333,1.86017361111111,-91.2022141519607
55818.75,1.860625,-91.9572585618262
55832.2916666667,1.86107638888889,-92.7898537721436
55845.8333333333,1.86152777777778,-93.7164273709015
55859.375,1.86197916666667,-94.7594182404374
55872.9166666667,1.86243055555556,-95.9506204968661
55886.4583333333,1.86288194444444,-97.337234275416
55900,1.86333333333333,-98.9937700451343
55913.5416666667,1.86378472222222,-101.048270648377
55927.0833333333,1.86423611111111,-103.75027605607
55940.625,1.8646875,-107.699480394903
55954.1666666667,1.86513888888889,-115.151855098171
55967.7083333333,1.86559027777778,-124.066193645408
55981.25,1.86604166666667,-110.462924757815
55994.7916666667,1.86649305555556,-105.405381870128
56008.3333333333,1.86694444444444,-102.235083400362
56021.875,1.86739583333333,-99.9228464280385
56035.4166666667,1.86784722222222,-98.1038569707321
56048.9583333333,1.86829861111111,-96.6059885290871
56062.5,1.86875,-95.3342151113227
56076.0416666667,1.86920138888889,-94.2304923963344
56089.5833333333,1.86965277777778,-93.2567541324086
56103.125,1.87010416666667,-92.3866811562198
56116.6666666667,1.87055555555556,-91.6013163393387
56130.2083333333,1.87100694444444,-90.8865521997616
56143.75,1.87145833333333,-90.2316065536584
56157.2916666667,1.87190972222222,-89.6280537623906
56170.8333333333,1.87236111111111,-89.0691849802356
56184.375,1.8728125,-88.5495718217588
56197.9166666667,1.87326388888889,-88.0647604483853
56211.4583333333,1.87371527777778,-87.6110519260954
56225,1.87416666666667,-87.1853412093063
56238.5416666667,1.87461805555556,-86.784996924943
56252.0833333333,1.87506944444444,-86.4077701482375
56265.625,1.87552083333333,-86.0517241617871
56279.1666666667,1.87597222222222,-85.7151796683244
56292.7083333333,1.87642361111111,-85.3966715407121
56306.25,1.876875,-85.0949143224196
56319.7916666667,1.87732638888889,-84.8087744286487
56333.3333333333,1.87777777777778,-84.5372475514756
56346.875,1.87822916666667,-84.2794401393244
56360.4166666667,1.87868055555556,-84.0345541068636
56373.9583333333,1.87913194444444,-83.8018741143313
56387.5,1.87958333333333,-83.5807569263232
56401.0416666667,1.88003472222222,-83.3706224464873
56414.5833333333,1.88048611111111,-83.1709461299328
56428.125,1.8809375,-82.9812525245083
56441.6666666667,1.88138888888889,-82.801109746046
56455.2083333333,1.88184027777778,-82.6301247342242
56468.75,1.88229166666667,-82.4679391591603
56482.2916666667,1.88274305555556,-82.3142258777171
56495.8333333333,1.88319444444444,-82.1686858516764
56509.375,1.88364583333333,-82.0310454643626
56522.9166666667,1.88409722222222,-81.90105417054
56536.4583333333,1.88454861111111,-81.7784824391314
56550,1.885,-81.6631199410526
56563.5416666667,1.88545138888889,-81.5547739560099
56577.0833333333,1.88590277777778,-81.4532679664188
56590.625,1.88635416666667,-81.3584404116329
56604.1666666667,1.88680555555556,-81.2701435890801
56617.7083333333,1.88725694444444,-81.1882426807417
56631.25,1.88770833333333,-81.1126148888695
56644.7916666667,1.88815972222222,-81.0431486728119
56658.3333333333,1.88861111111111,-80.979743072558
56671.875,1.8890625,-80.9223071132823
56685.4166666667,1.88951388888889,-80.8707592784237
56698.9583333333,1.88996527777778,-80.8250270489307
56712.5,1.89041666666667,-80.7850465001142
56726.0416666667,1.89086805555556,-80.7507619535577
56739.5833333333,1.89131944444444,-80.7221256771585
56753.125,1.89177083333333,-80.6990976331826
56766.6666666667,1.89222222222222,-80.6816452663537
56780.2083333333,1.89267361111111,-80.6697433370987
56793.75,1.893125,-80.6633737898223
56807.2916666667,1.89357638888889,-80.6625256612913
56820.8333333333,1.89402777777778,-80.6671950243203
56834.375,1.89447916666667,-80.6773849686277
56847.9166666667,1.89493055555556,-80.693105615331
56861.4583333333,1.89538194444444,-80.7143741698657
56875,1.89583333333333,-80.7412150084367
56888.5416666667,1.89628472222222,-80.7736598057329
56902.0833333333,1.89673611111111,-80.8117476973895
56915.625,1.8971875,-80.8555254857999
56929.1666666667,1.89763888888889,-80.9050478874366
56942.7083333333,1.89809027777778,-80.9603778274638
56956.25,1.89854166666667,-81.0215867812963
56969.7916666667,1.89899305555556,-81.088755171558
56983.3333333333,1.89944444444444,-81.1619728221819
56996.875,1.89989583333333,-81.2413394749139
57010.4166666667,1.90034722222222,-81.3269653792234
57023.9583333333,1.90079861111111,-81.4189719565438
57037.5,1.90125,-81.5174925547064
57051.0416666667,1.90170138888889,-81.6226732978296
57064.5833333333,1.90215277777778,-81.73467404679
57078.125,1.90260416666667,-81.8536694830578
57091.6666666667,1.90305555555556,-81.9798503358605
57105.2083333333,1.90350694444444,-82.113424766441
57118.75,1.90395833333333,-82.2546199421479
57132.2916666667,1.90440972222222,-82.4036838160396
57145.8333333333,1.90486111111111,-82.560887156813
57159.375,1.9053125,-82.7265258604699
57172.9166666667,1.90576388888889,-82.9009235920521
57186.4583333333,1.90621527777778,-83.0844348171633
57200,1.90666666666667,-83.2774482865932
57213.5416666667,1.90711805555556,-83.4803910610019
57227.0833333333,1.90756944444444,-83.6937331705469
57240.625,1.90802083333333,-83.9179930418805
57254.1666666667,1.90847222222222,-84.1537438354943
57267.7083333333,1.90892361111111,-84.4016208912195
57281.25,1.909375,-84.6623305131271
57294.7916666667,1.90982638888889,-84.9366603960498
57308.3333333333,1.91027777777778,-85.2254920786539
57321.875,1.91072916666667,-85.5298158971595
57335.4166666667,1.91118055555556,-85.8507490866934
57348.9583333333,1.91163194444444,-86.1895578449218
57362.5,1.91208333333333,-86.5476844407853
57376.0416666667,1.91253472222222,-86.9267808391429
57389.5833333333,1.91298611111111,-87.3287507805829
57403.125,1.9134375,-87.7558030378898
57416.6666666667,1.91388888888889,-88.2105195787086
57430.2083333333,1.91434027777778,-88.695943957777
57443.75,1.91479166666667,-89.2156975887212
57457.2916666667,1.91524305555556,-89.7741351600503
57470.8333333333,1.91569444444444,-90.3765561635748
57484.375,1.91614583333333,-91.0294987389759
57497.9166666667,1.91659722222222,-91.7411575365543
57511.4583333333,1.91704861111111,-92.5219942722238
57525,1.9175,-93.3856584864849
57538.5416666667,1.91795138888889,-94.350429297861
57552.0833333333,1.91840277777778,-95.4415775157707
57565.625,1.91885416666667,-96.6954577900454
57579.1666666667,1.91930555555556,-98.1671164579411
57592.7083333333,1.91975694444444,-99.9458068760283
57606.25,1.92020833333333,-102.190931477786
57619.7916666667,1.92065972222222,-105.232654573191
57633.3333333333,1.92111111111111,-109.960559445725
57646.875,1.9215625,-121.133222966501
57660.4166666667,1.92201388888889,-116.949921040103
57673.9583333333,1.92246527777778,-108.596047166083
57687.5,1.92291666666667,-104.422693762843
57701.0416666667,1.92336805555556,-101.620802615137
57714.5833333333,1.92381944444444,-99.510946056351
57728.125,1.92427083333333,-97.8200475645079
57741.6666666667,1.92472222222222,-96.4106302973241
57755.2083333333,1.92517361111111,-95.2036657976882
57768.75,1.925625,-94.14951881974
57782.2916666667,1.92607638888889,-93.2149667224358
57795.8333333333,1.92652777777778,-92.3766772729127
57809.375,1.92697916666667,-91.6176355343854
57822.9166666667,1.92743055555556,-90.9250515641691
57836.4583333333,1.92788194444444,-90.2890685471762
57850,1.92833333333333,-89.7019298657837
57863.5416666667,1.92878472222222,-89.1574223936049
57877.0833333333,1.92923611111111,-88.6504928784321
57890.625,1.9296875,-88.1769766073915
57904.1666666667,1.93013888888889,-87.7334010923879
57917.7083333333,1.93059027777778,-87.3168411769237
57931.25,1.93104166666667,-86.9248102132243
57944.7916666667,1.93149305555556,-86.5551770371591
57958.3333333333,1.93194444444444,-86.2061017426043
57971.875,1.93239583333333,-85.8759853590662
57985.4166666667,1.93284722222222,-85.5634299803716
57998.9583333333,1.93329861111111,-85.2672068381837
58012.5,1.93375,-84.9862304991528
58026.0416666667,1.93420138888889,-84.7195378271377
58039.5833333333,1.93465277777778,-84.4662706898691
58053.125,1.93510416666667,-84.2256616485176
58066.6666666667,1.93555555555556,-83.9970220234404
58080.2083333333,1.93600694444444,-83.7797318846748
58093.75,1.93645833333333,-83.5732316113799
58107.2916666667,1.93690972222222,-83.3770147235356
58120.8333333333,1.93736111111111,-83.1906217790253
58134.375,1.9378125,-83.0136351387315
58147.9166666667,1.93826388888889,-82.8456744674926
58161.4583333333,1.93871527777778,-82.6863928452231
58175,1.93916666666667,-82.5354733962717
58188.5416666667,1.93961805555556,-82.3926263566648
58202.0833333333,1.94006944444444,-82.2575865135243
58215.625,1.94052083333333,-82.1301109634526
58229.1666666667,1.94097222222222,-82.0099771480838
58242.7083333333,1.94142361111111,-81.8969811213137
58256.25,1.941875,-81.7909360265143
58269.7916666667,1.94232638888889,-81.6916707480599
58283.3333333333,1.94277777777778,-81.5990287219978
58296.875,1.94322916666667,-81.5128668809122
58310.4166666667,1.94368055555556,-81.4330547218225
58323.9583333333,1.94413194444444,-81.3594734790238
58337.5,1.94458333333333,-81.2920153920109
58351.0416666667,1.94503472222222,-81.2305830596425
58364.5833333333,1.94548611111111,-81.1750888682113
58378.125,1.9459375,-81.125454489131
58391.6666666667,1.94638888888889,-81.081610439916
58405.2083333333,1.94684027777778,-81.0434956991539
58418.75,1.94729166666667,-81.0110573773162
58432.2916666667,1.94774305555556,-80.9842504327275
58445.8333333333,1.94819444444444,-80.9630374337628
58459.375,1.94864583333333,-80.9473883648464
58472.9166666667,1.94909722222222,-80.9372804693291
58486.4583333333,1.94954861111111,-80.9326981338659
58500,1.95,-80.9336328077547
58513.5416666667,1.95045138888889,-80.9400829598496
58527.0833333333,1.95090277777778,-80.9520540706147
58540.625,1.95135416666667,-80.9695586605074
58554.1666666667,1.95180555555556,-80.9926163529925
58567.7083333333,1.95225694444444,-81.0212539766327
58581.25,1.95270833333333,-81.0555057010823
58594.7916666667,1.95315972222222,-81.0954132175027
58608.3333333333,1.95361111111111,-81.1410259558673
58621.875,1.9540625,-81.1924013477629
58635.4166666667,1.95451388888889,-81.2496051373467
58648.9583333333,1.95496527777778,-81.3127117396893
58662.5,1.95541666666667,-81.3818046564514
58676.0416666667,1.95586805555556,-81.4569769503288
58689.5833333333,1.95631944444444,-81.5383317845732
58703.125,1.95677083333333,-81.6259830364753
58716.6666666667,1.95722222222222,-81.7200559910144
58730.2083333333,1.95767361111111,-81.8206881241952
58743.75,1.958125,-81.9280299886051
58757.2916666667,1.95857638888889,-82.0422462139078
58770.8333333333,1.95902777777778,-82.1635166327745
58784.375,1.95947916666667,-82.2920375608959
58797.9166666667,1.95993055555556,-82.4280232389175
58811.4583333333,1.96038194444444,-82.5717074687034
58825,1.96083333333333,-82.7233454768719
58838.5416666667,1.96128472222222,-82.8832160256298
58852.0833333333,1.96173611111111,-83.0516238330229
58865.625,1.9621875,-83.2289023321133
58879.1666666667,1.96263888888889,-83.4154168448352
58892.7083333333,1.96309027777778,-83.6115682329091
58906.25,1.96354166666667,-83.8177971186159
58919.7916666667,1.96399305555556,-84.0345887833359
58933.3333333333,1.96444444444444,-84.2624788715549
58946.875,1.96489583333333,-84.5020600703083
58960.4166666667,1.96534722222222,-84.7539899649389
58973.9583333333,1.96579861111111,-85.0190003254671
58987.5,1.96625,-85.2979081529689
59001.0416666667,1.96670138888889,-85.5916288892951
59014.5833333333,1.96715277777778,-85.9011923296292
59028.125,1.96760416666667,-86.2277619171077
59041.6666666667,1.96805555555556,-86.5726583281324
59055.2083333333,1.96850694444444,-86.9373885369052
59068.75,1.96895833333333,-87.3236819620592
59082.2916666667,1.96940972222222,-87.7335358769147
59095.8333333333,1.96986111111111,-88.1692730722668
59109.375,1.9703125,-88.6336159742192
59122.9166666667,1.97076388888889,-89.1297831927602
59136.4583333333,1.97121527777778,-89.6616171599036
59150,1.97166666666667,-90.2337557230219
59163.5416666667,1.97211805555556,-90.85186717839
59177.0833333333,1.97256944444444,-91.5229791808595
59190.625,1.97302083333333,-92.2559504371767
59204.1666666667,1.97347222222222,-93.0621666954067
59217.7083333333,1.97392361111111,-93.9566026110969
59231.25,1.974375,-94.9595076706866
59244.7916666667,1.97482638888889,-96.0992156588981
59258.3333333333,1.97527777777778,-97.4171163116197
59271.875,1.97572916666667,-98.9771556202122
59285.4166666667,1.97618055555556,-100.885941698314
59298.9583333333,1.97663194444444,-103.34186725137
59312.5,1.97708333333333,-106.784793268751
59326.0416666667,1.97753472222222,-112.579702490056
59339.5833333333,1.97798611111111,-138.408313152947
59353.125,1.9784375,-113.520530204398
59366.6666666667,1.97888888888889,-107.260807484073
59380.2083333333,1.97934027777778,-103.665768760541
59393.75,1.97979166666667,-101.135787278086
59407.2916666667,1.98024305555556,-99.1841561558051
59420.8333333333,1.98069444444444,-97.5968746611876
59434.375,1.98114583333333,-96.2606468273869
59447.9166666667,1.98159722222222,-95.1081830639443
59461.4583333333,1.98204861111111,-94.09623616705
59475,1.9825,-93.1953578903172
59488.5416666667,1.98295138888889,-92.384589535711
59502.0833333333,1.98340277777778,-91.6484836326487
59515.625,1.98385416666667,-90.9753270757817
59529.1666666667,1.98430555555556,-90.3560273155744
59542.7083333333,1.98475694444444,-89.7833851961307
59556.25,1.98520833333333,-89.2516037708245
59569.7916666667,1.98565972222222,-88.7559468016189
59583.3333333333,1.98611111111111,-88.2924953066677
59596.875,1.9865625,-87.8579702289613
59610.4166666667,1.98701388888889,-87.4496007647549
59623.9583333333,1.98746527777778,-87.065024945374
59637.5,1.98791666666667,-86.7022134264185
59651.0416666667,1.98836805555556,-86.3594102774113
59664.5833333333,1.98881944444444,-86.0350864164871
59678.125,1.98927083333333,-85.7279025809053
59691.6666666667,1.98972222222222,-85.4366795831887
59705.2083333333,1.99017361111111,-85.1603742021291
59718.75,1.990625,-84.8980594695269
59732.2916666667,1.99107638888889,-84.6489084340743
59745.8333333333,1.99152777777778,-84.4121806838309
59759.375,1.99197916666667,-84.1872110916744
59772.9166666667,1.99243055555556,-83.9734003540018
59786.4583333333,1.99288194444444,-83.7702069952959
59800,1.99333333333333,-83.5771405731591
59813.5416666667,1.99378472222222,-83.3937558753097
59827.0833333333,1.99423611111111,-83.219647942783
59840.625,1.9946875,-83.0544477820852
59854.1666666667,1.99513888888889,-82.8978186549332
59867.7083333333,1.99559027777778,-82.7494528609119
59881.25,1.99604166666667,-82.6090689309994
59894.7916666667,1.99649305555556,-82.4764091792101
59908.3333333333,1.99694444444444,-82.3512375558345
59921.875,1.99739583333333,-82.2333377608674
59935.4166666667,1.99784722222222,-82.1225115857115
59948.9583333333,1.99829861111111,-82.0185774486793
59962.5,1.99875,-81.9213691014515
59976.0416666667,1.99920138888889,-81.8307344857153
59989.5833333333,1.99965277777778,-81.7465347199855
60003.125,2.00010416666667,-81.6686432024666
60016.6666666667,2.00055555555556,-81.5969448171759
60030.2083333333,2.00100694444444,-81.5313352303771
60043.75,2.00145833333333,-81.4717202703149
60057.2916666667,2.00190972222222,-81.4180153779436
60070.8333333333,2.00236111111111,-81.3701451265478
60084.375,2.0028125,-81.328042800962
60097.9166666667,2.00326388888889,-81.2916500302776
60111.4583333333,2.00371527777778,-81.2609164740003
60125,2.00416666666667,-81.2357995542559
60138.5416666667,2.00461805555556,-81.2162642308845
60152.0833333333,2.00506944444444,-81.2022828202647
60165.625,2.00552083333333,-81.1938348518813
60179.1666666667,2.00597222222222,-81.190906963292
60192.7083333333,2.00642361111111,-81.1934928320543
60206.25,2.006875,-81.2015931441476
60219.7916666667,2.00732638888889,-81.2152155959264
60233.3333333333,2.00777777777778,-81.2343749360459
60246.875,2.00822916666667,-81.2590930373602
60260.4166666667,2.00868055555556,-81.2893990115823
60273.9583333333,2.00913194444444,-81.3253293602622
60287.5,2.00958333333333,-81.3669281618014
60301.0416666667,2.01003472222222,-81.4142473083138
60314.5833333333,2.01048611111111,-81.4673467784019
60328.125,2.0109375,-81.5262949648048
60341.6666666667,2.01138888888889,-81.5911690488313
60355.2083333333,2.01184027777778,-81.6620554340744
60368.75,2.01229166666667,-81.7390502400952
60382.2916666667,2.01274305555556,-81.8222598633419
60395.8333333333,2.01319444444444,-81.9118016147911
60409.375,2.01364583333333,-82.0078044402752
60422.9166666667,2.01409722222222,-82.1104097326979
60436.4583333333,2.01454861111111,-82.2197722526344
60450,2.015,-82.3360611633497
60463.5416666667,2.01545138888889,-82.4594612047461
60477.0833333333,2.01590277777778,-82.5901740170852
60490.625,2.01635416666667,-82.728419642242
60504.1666666667,2.01680555555556,-82.8744382245775
60517.7083333333,2.01725694444444,-83.028491944743
60531.25,2.01770833333333,-83.1908672234861
60544.7916666667,2.01815972222222,-83.3618772356576
60558.3333333333,2.01861111111111,-83.5418647912712
60571.875,2.0190625,-83.7312056460111
60585.4166666667,2.01951388888889,-83.9303123145062
60598.9583333333,2.01996527777778,-84.1396384873063
60612.5,2.02041666666667,-84.3596841564737
60626.0416666667,2.02086805555556,-84.5910016012488
60639.5833333333,2.02131944444444,-84.8342024000628
60653.125,2.02177083333333,-85.0899656914082
60666.6666666667,2.02222222222222,-85.3590479608935
60680.2083333333,2.02267361111111,-85.6422946960668
60693.75,2.023125,-85.940654357929
60707.2916666667,2.02357638888889,-86.2551952426414
60720.8333333333,2.02402777777778,-86.5871259760734
60734.375,2.02447916666667,-86.9378206237086
60747.9166666667,2.02493055555556,-87.30884972278
60761.4583333333,2.02538194444444,-87.7020189868575
60775,2.02583333333333,-88.1194180839951
60788.5416666667,2.02628472222222,-88.5634828005114
60802.0833333333,2.02673611111111,-89.037075255808
60815.625,2.0271875,-89.5435888469139
60829.1666666667,2.02763888888889,-90.0870876670248
60842.7083333333,2.02809027777778,-90.6724949609564
60856.25,2.02854166666667,-91.3058528720301
60869.7916666667,2.02899305555556,-91.9946885173316
60883.3333333333,2.02944444444444,-92.7485433156763
60896.875,2.02989583333333,-93.5797615525516
60910.4166666667,2.03034722222222,-94.5047072462158
60923.9583333333,2.03079861111111,-95.5457228570018
60937.5,2.03125,-96.7344488791191
60951.0416666667,2.03170138888889,-98.1178248110898
60964.5833333333,2.03215277777778,-99.7698806680316
60978.125,2.03260416666667,-101.817665335613
60991.6666666667,2.03305555555556,-104.508275216042
61005.2083333333,2.03350694444444,-108.433352157979
61018.75,2.03395833333333,-115.797446023041
61032.2916666667,2.03440972222222,-125.307426056946
61045.8333333333,2.03486111111111,-111.351766620399
61059.375,2.0353125,-106.253789852229
61072.9166666667,2.03576388888889,-103.067689771183
61086.4583333333,2.03621527777778,-100.746924181028
61100,2.03666666666667,-98.9225276743653
61113.5416666667,2.03711805555556,-97.4208761432324
61127.0833333333,2.03756944444444,-96.146271421453
61140.625,2.03802083333333,-95.0403226215905
61154.1666666667,2.03847222222222,-94.0647666714558
61167.7083333333,2.03892361111111,-93.1931643286752
61181.25,2.039375,-92.4064810549413
61194.7916666667,2.03982638888889,-91.6905572078183
61208.3333333333,2.04027777777778,-91.0345741787371
61221.875,2.04072916666667,-90.4300801147244
61235.4166666667,2.04118055555556,-89.8703468236765
61248.9583333333,2.04163194444444,-89.3499313275812
61262.5,2.04208333333333,-88.8643685703527
61276.0416666667,2.04253472222222,-88.4099508519023
61289.5833333333,2.04298611111111,-87.9835661754636
61303.125,2.0434375,-87.5825775818618
61316.6666666667,2.04388888888889,-87.2047316054825
61330.2083333333,2.04434027777778,-86.8480877962774
61343.75,2.04479166666667,-86.5109637597665
61357.2916666667,2.04524305555556,-86.1918917757351
61370.8333333333,2.04569444444444,-85.8895841960776
61384.375,2.04614583333333,-85.6029055728467
61397.9166666667,2.04659722222222,-85.3308499981725
61411.4583333333,2.04704861111111,-85.0725225424027
61425,2.0475,-84.8271239200186
61438.5416666667,2.04795138888889,-84.5939377427303
61452.0833333333,2.04840277777778,-84.3723198510546
61465.625,2.04885416666667,-84.1616893316106
61479.1666666667,2.04930555555556,-83.9615209114129
61492.7083333333,2.04975694444444,-83.7713384856807
61506.25,2.05020833333333,-83.5907095823775
61519.7916666667,2.05065972222222,-83.4192406085614
61533.3333333333,2.05111111111111,-83.2565727488353
61546.875,2.0515625,-83.1023784134513
61560.4166666667,2.05201388888889,-82.9563581544602
61573.9583333333,2.05246527777778,-82.8182379735868
61587.5,2.05291666666667,-82.6877669698784
61601.0416666667,2.05336805555556,-82.5647152774265
61614.5833333333,2.05381944444444,-82.4488722515714
61628.125,2.05427083333333,-82.3400448719255
61641.6666666667,2.05472222222222,-82.2380563325249
61655.2083333333,2.05517361111111,-82.1427447970487
61668.75,2.055625,-82.0539622948074
61682.2916666667,2.05607638888889,-81.9715737465719
61695.8333333333,2.05652777777778,-81.8954560979489
61709.375,2.05697916666667,-81.8254975565606
61722.9166666667,2.05743055555556,-81.7615969123155
61736.4583333333,2.05788194444444,-81.7036629401822
61750,2.05833333333333,-81.6516138732423
61763.5416666667,2.05878472222222,-81.6053769403591
61777.0833333333,2.05923611111111,-81.5648879617324
61790.625,2.0596875,-81.5300909985826
61804.1666666667,2.06013888888889,-81.500938053622
61817.7083333333,2.06059027777778,-81.4773888158839
61831.25,2.06104166666667,-81.4594104496025
61844.7916666667,2.06149305555556,-81.4469774244927
61858.3333333333,2.06194444444444,-81.4400713835736
61871.875,2.06239583333333,-81.4386810495066
61885.4166666667,2.06284722222222,-81.4428021673468
61898.9583333333,2.06329861111111,-81.4524374820896
61912.5,2.06375,-81.4675967545068
61926.0416666667,2.06420138888889,-81.4882968087736
61939.5833333333,2.06465277777778,-81.5145616197359
61953.125,2.06510416666667,-81.5464224356469
61966.6666666667,2.06555555555556,-81.5839179402378
61980.2083333333,2.06600694444444,-81.6270944552269
61993.75,2.06645833333333,-81.6760061843261
62007.2916666667,2.06690972222222,-81.7307155043194
62020.8333333333,2.06736111111111,-81.7912933044608
62034.375,2.0678125,-81.8578193770954
62047.9166666667,2.06826388888889,-81.9303828692176
62061.4583333333,2.06871527777778,-82.0090827928469
62075,2.06916666666667,-82.0940286094462
62088.5416666667,2.06961805555556,-82.1853408876704
62102.0833333333,2.07006944444444,-82.2831520501522
62115.625,2.07052083333333,-82.3876072163261
62129.1666666667,2.07097222222222,-82.4988651513103
62142.7083333333,2.07142361111111,-82.6170993424939
62156.25,2.071875,-82.7424992107396
62169.7916666667,2.07232638888889,-82.8752714835752
62183.3333333333,2.07277777777778,-83.0156417500523
62196.875,2.07322916666667,-83.1638562252534
62210.4166666667,2.07368055555556,-83.3201837559372
62223.9583333333,2.07413194444444,-83.4849181076517
62237.5,2.07458333333333,-83.6583805777929
62251.0416666667,2.07503472222222,-83.8409229913257
62264.5833333333,2.07548611111111,-84.0329311450222
62278.125,2.0759375,-84.2348287845648
62291.6666666667,2.07638888888889,-84.4470822052499
62305.2083333333,2.07684027777778,-84.6702056111447
62318.75,2.07729166666667,-84.9047673689983
62332.2916666667,2.07774305555556,-85.1513973525908
62345.8333333333,2.07819444444444,-85.4107956061164
62359.375,2.07864583333333,-85.6837426215274
62372.9166666667,2.07909722222222,-85.971111601308
62386.4583333333,2.07954861111111,-86.2738831874503
62400,2.08,-86.5931632667849
62413.5416666667,2.08045138888889,-86.9302046679459
62427.0833333333,2.08090277777778,-87.2864337995209
62440.625,2.08135416666667,-87.663483663532
62454.1666666667,2.08180555555556,-88.0632351376047
62467.7083333333,2.08225694444444,-88.4878691710396
62481.25,2.08270833333333,-88.9399335263603
62494.7916666667,2.08315972222222,-89.4224292279586
62508.3333333333,2.08361111111111,-89.9389241344268
62521.875,2.0840625,-90.4937045346408
62535.4166666667,2.08451388888889,-91.0919811443734
62548.9583333333,2.08496527777778,-91.74017475023
62562.5,2.08541666666667,-92.4463215681296
62576.0416666667,2.08586805555556,-93.2206640875133
62589.5833333333,2.08631944444444,-94.0765395801945
62603.125,2.08677083333333,-95.0317666118208
62616.6666666667,2.08722222222222,-96.110907296939
62630.2083333333,2.08767361111111,-97.3491662599109
62643.75,2.088125,-98.7995916177785
62657.2916666667,2.08857638888889,-100.547631439354
62670.8333333333,2.08902777777778,-102.744436160057
62684.375,2.08947916666667,-105.698294388141
62697.9166666667,2.08993055555556,-110.215400745615
62711.4583333333,2.09038194444444,-120.179104671295
62725,2.09083333333333,-118.974360387183
62738.5416666667,2.09128472222222,-109.81965186363
62752.0833333333,2.09173611111111,-105.467182624283
62765.625,2.0921875,-102.586122597426
62779.1666666667,2.09263888888889,-100.431511745589
62792.7083333333,2.09309027777778,-98.7117561183515
62806.25,2.09354166666667,-97.2821255236315
62819.7916666667,2.09399305555556,-96.0601678394086
62833.3333333333,2.09444444444444,-94.9944210008247
62846.875,2.09489583333333,-94.0505986033747
62860.4166666667,2.09534722222222,-93.2047069636617
62873.9583333333,2.09579861111111,-92.4392982274553
62887.5,2.09625,-91.7412872169275
62901.0416666667,2.09670138888889,-91.1006088487426
62914.5833333333,2.09715277777778,-90.5093553768759
62928.125,2.09760416666667,-89.9612013384165
62941.6666666667,2.09805555555556,-89.4510082370682
62955.2083333333,2.09850694444444,-88.9745455025998
62968.75,2.09895833333333,-88.5282889534932
62982.2916666667,2.09940972222222,-88.109272288495
62995.8333333333,2.09986111111111,-87.7149756986433
63009.375,2.1003125,-87.3432409912125
63022.9166666667,2.10076388888889,-86.9922060065642
63036.4583333333,2.10121527777778,-86.6602532803153
63050,2.10166666666667,-86.3459694082361
63063.5416666667,2.10211805555556,-86.0481125329901
63077.0833333333,2.10256944444444,-85.7655860872256
63090.625,2.10302083333333,-85.497417399196
63104.1666666667,2.10347222222222,-85.2427401229832
63117.7083333333,2.10392361111111,-85.0007796982708
63131.25,2.104375,-84.7708412412629
63144.7916666667,2.10482638888889,-84.5522993878834
63158.3333333333,2.10527777777778,-84.3445897327463
63171.875,2.10572916666667,-84.1472015648682
63185.4166666667,2.10618055555556,-83.9596716829032
63198.9583333333,2.10663194444444,-83.7815790942051
63212.5,2.10708333333333,-83.6125404581544
63226.0416666667,2.10753472222222,-83.4522061500462
63239.5833333333,2.10798611111111,-83.3002568512378
63253.125,2.1084375,-83.1564005814974
63266.6666666667,2.10888888888889,-83.0203701096483
63280.2083333333,2.10934027777778,-82.891920687811
63293.75,2.10979166666667,-82.7708280633683
63307.2916666667,2.11024305555556,-82.6568867295886
63320.8333333333,2.11069444444444,-82.5499083845981
63334.375,2.11114583333333,-82.4497205717661
63347.9166666667,2.11159722222222,-82.3561654736475
63361.4583333333,2.11204861111111,-82.2690988505603
63375,2.1125,-82.1883890940859
63388.5416666667,2.11295138888889,-82.1139163945384
63402.0833333333,2.11340277777778,-82.0455719997959
63415.625,2.11385416666667,-81.9832575626258
63429.1666666667,2.11430555555556,-81.9268845614722
63442.7083333333,2.11475694444444,-81.876373793447
63456.25,2.11520833333333,-81.8316549294096
63469.7916666667,2.11565972222222,-81.7926661244058
63483.3333333333,2.11611111111111,-81.7593536820426
63496.875,2.1165625,-81.7316717685302
63510.4166666667,2.11701388888889,-81.7095821684947
63523.9583333333,2.11746527777778,-81.693054087799
63537.5,2.11791666666667,-81.6820639921337
63551.0416666667,2.11836805555556,-81.6765954876908
63564.5833333333,2.11881944444444,-81.6766392368796
63578.125,2.11927083333333,-81.6821929097201
63591.6666666667,2.11972222222222,-81.69326117441
63605.2083333333,2.12017361111111,-81.7098557181205
63618.75,2.120625,-81.7319953089952
63632.2916666667,2.12107638888889,-81.7597058913672
63645.8333333333,2.12152777777778,-81.7930207190417
63659.375,2.12197916666667,-81.8319805283154
63672.9166666667,2.12243055555556,-81.8766337511976
63686.4583333333,2.12288194444444,-81.9270367717488
63700,2.12333333333333,-81.9832542311123
63713.5416666667,2.12378472222222,-82.0453593780162
63727.0833333333,2.12423611111111,-82.1134344775462
63740.625,2.1246875,-82.1875712747796
63754.1666666667,2.12513888888889,-82.2678715285957
63767.7083333333,2.12559027777778,-82.3544476104771
63781.25,2.12604166666667,-82.4474231884746
63794.7916666667,2.12649305555556,-82.5469339964591
63808.3333333333,2.12694444444444,-82.6531287044635
63821.875,2.12739583333333,-82.7661699008323
63835.4166666667,2.12784722222222,-82.8862352013795
63848.9583333333,2.12829861111111,-83.0135185026757
63862.5,2.12875,-83.1482314018618
63876.0416666667,2.12920138888889,-83.2906048022352
63889.5833333333,2.12965277777778,-83.4408907411094
63903.125,2.13010416666667,-83.5993644627229
63916.6666666667,2.13055555555556,-83.7663267908857
63930.2083333333,2.13100694444444,-83.9421068356208
63943.75,2.13145833333333,-84.1270651016277
63957.2916666667,2.13190972222222,-84.3215970649369
63970.8333333333,2.13236111111111,-84.526137304843
63984.375,2.1328125,-84.7411642955105
63997.9166666667,2.13326388888889,-84.9672059837201
64011.4583333333,2.13371527777778,-85.2048463141185
64025,2.13416666666667,-85.4547328993196
64038.5416666667,2.13461805555556,-85.7175860785948
64052.0833333333,2.13506944444444,-85.9942096834651
64065.625,2.13552083333333,-86.2855039055658
64079.1666666667,2.13597222222222,-86.5924807706112
64092.7083333333,2.13642361111111,-86.9162828960456
64106.25,2.136875,-87.2582063768727
64119.7916666667,2.13732638888889,-87.6197289677222
64133.3333333333,2.13777777777778,-88.00254507403
64146.875,2.13822916666667,-88.4086096484907
64160.4166666667,2.13868055555556,-88.8401938344462
64173.9583333333,2.13913194444444,-89.2999563650076
64187.5,2.13958333333333,-89.7910363749406
64201.0416666667,2.14003472222222,-90.3171758219186
64214.5833333333,2.14048611111111,-90.8828836429096
64228.125,2.1409375,-91.493659965547
64241.6666666667,2.14138888888889,-92.1563088170619
64255.2083333333,2.14184027777778,-92.8793849061919
64268.75,2.14229166666667,-93.6738499185275
64282.2916666667,2.14274305555556,-94.5540686062936
64295.8333333333,2.14319444444444,-95.5393803583433
64309.375,2.14364583333333,-96.656698019453
64322.9166666667,2.14409722222222,-97.9450625796957
64336.4583333333,2.14454861111111,-99.4642383427261
64350,2.145,-101.312597135752
64363.5416666667,2.14545138888889,-103.66975284302
64377.0833333333,2.14590277777778,-106.921428882173
64390.625,2.14635416666667,-112.185653076016
64404.1666666667,2.14680555555556,-127.756768400495
64417.7083333333,2.14725694444444,-115.706636747156
64431.25,2.14770833333333,-108.668460659425
64444.7916666667,2.14815972222222,-104.837163601597
64458.3333333333,2.14861111111111,-102.192714445171
64471.875,2.1490625,-100.173392088101
64485.4166666667,2.14951388888889,-98.5412943771291
64498.9583333333,2.14996527777778,-97.1731379357588
64512.5,2.15041666666667,-95.9967209097181
64526.0416666667,2.15086805555556,-94.9660985705231
64539.5833333333,2.15131944444444,-94.0502181147435
64553.125,2.15177083333333,-93.2271065979496
64566.6666666667,2.15222222222222,-92.4806439899619
64580.2083333333,2.15267361111111,-91.7986535986589
64593.75,2.153125,-91.1717129307934
64607.2916666667,2.15357638888889,-90.5923816005294
64620.8333333333,2.15402777777778,-90.0546822022455
64634.375,2.15447916666667,-89.5537407955095
64647.9166666667,2.15493055555556,-89.0855314930355
64661.4583333333,2.15538194444444,-88.646690966688
64675,2.15583333333333,-88.2343810831808
64688.5416666667,2.15628472222222,-87.8461854249083
64702.0833333333,2.15673611111111,-87.480030134654
64715.625,2.1571875,-87.13412253167
64729.1666666667,2.15763888888889,-86.8069029199079
64742.7083333333,2.15809027777778,-86.4970063240837
64756.25,2.15854166666667,-86.2032317979837
64769.7916666667,2.15899305555556,-85.9245175782027
64783.3333333333,2.15944444444444,-85.6599207949725
64796.875,2.15989583333333,-85.4086007731823
64810.4166666667,2.16034722222222,-85.1698051955055
64823.9583333333,2.16079861111111,-84.9428585460898
64837.5,2.16125,-84.7271524158022
64851.0416666667,2.16170138888889,-84.5221373063632
64864.5833333333,2.16215277777778,-84.3273156763173
64878.125,2.16260416666667,-84.1422360036651
64891.6666666667,2.16305555555556,-83.9664876990174
64905.2083333333,2.16350694444444,-83.7996967229214
64918.75,2.16395833333333,-83.6415217973593
64932.2916666667,2.16440972222222,-83.4916511219206
64945.8333333333,2.16486111111111,-83.3497995117615
64959.375,2.1653125,-83.2157058987428
64972.9166666667,2.16576388888889,-83.089131145005
64986.4583333333,2.16621527777778,-82.9698561192946
65000,2.16666666666667,-82.8576800083202
65013.5416666667,2.16711805555556,-82.7524188242518
65027.0833333333,2.16756944444444,-82.6539040884738
65040.625,2.16802083333333,-82.5619816668888
65054.1666666667,2.16847222222222,-82.4765107375882
65067.7083333333,2.16892361111111,-82.3973628801959
65081.25,2.169375,-82.3244212641145
65094.7916666667,2.16982638888889,-82.2575799341111
65108.3333333333,2.17027777777778,-82.196743177685
65121.875,2.17072916666667,-82.1418249647972
65135.4166666667,2.17118055555556,-82.0927484588352
65148.9583333333,2.17163194444444,-82.0494455863461
65162.5,2.17208333333333,-82.0118566613337
65176.0416666667,2.17253472222222,-81.9799300646412
65189.5833333333,2.17298611111111,-81.9536219671092
65203.125,2.1734375,-81.9328961011068
65216.6666666667,2.17388888888889,-81.9177235689482
65230.2083333333,2.17434027777778,-81.9080826960086
65243.75,2.17479166666667,-81.9039589180777
65257.2916666667,2.17524305555556,-81.9053447081669
65270.8333333333,2.17569444444444,-81.9122395373383
65284.375,2.17614583333333,-81.9246498723806
65297.9166666667,2.17659722222222,-81.9425892091171
65311.4583333333,2.17704861111111,-81.9660781408918
65325,2.1775,-81.9951444634205
65338.5416666667,2.17795138888889,-82.0298233192604
65352.0833333333,2.17840277777778,-82.0701573804588
65365.625,2.17885416666667,-82.1161970717229
65379.1666666667,2.17930555555556,-82.168000839969
65392.7083333333,2.17975694444444,-82.2256354680702
65406.25,2.18020833333333,-82.2891764425234
65419.7916666667,2.18065972222222,-82.3587083736976
65433.3333333333,2.18111111111111,-82.4343254781614
65446.875,2.1815625,-82.5161321250368
65460.4166666667,2.18201388888889,-82.6042434582629
65473.9583333333,2.18246527777778,-82.6987861002083
65487.5,2.18291666666667,-82.799898943913
65501.0416666667,2.18336805555556,-82.9077340518423
65514.5833333333,2.18381944444444,-83.0224576666207
65528.125,2.18427083333333,-83.1442513555365
65541.6666666667,2.18472222222222,-83.2733133031953
65555.2083333333,2.18517361111111,-83.4098597751549
65568.75,2.185625,-83.5541267754014
65582.2916666667,2.18607638888889,-83.7063719320358
65595.8333333333,2.18652777777778,-83.8668766432462
65609.375,2.18697916666667,-84.0359485233336
65622.9166666667,2.18743055555556,-84.2139242089462
65636.4583333333,2.18788194444444,-84.4011725728625
65650,2.18833333333333,-84.5980984338235
65663.5416666667,2.18878472222222,-84.8051468390583
65677.0833333333,2.18923611111111,-85.0228080405591
65690.625,2.1896875,-85.2516232914351
65704.1666666667,2.19013888888889,-85.4921916386287
65717.7083333333,2.19059027777778,-85.7451779094365
65731.25,2.19104166666667,-86.011322167686
65744.7916666667,2.19149305555556,-86.291450957737
65758.3333333333,2.19194444444444,-86.5864907710567
65771.875,2.19239583333333,-86.8974842700904
65785.4166666667,2.19284722222222,-87.2256099795258
65798.9583333333,2.19329861111111,-87.5722063780438
65812.5,2.19375,-87.9388016077449
65826.0416666667,2.19420138888889,-88.327150467873
65839.5833333333,2.19465277777778,-88.739280929241
65853.125,2.19510416666667,-89.1775532799575
65866.6666666667,2.19555555555556,-89.6447362399845
65880.2083333333,2.19600694444444,-90.1441062632011
65893.75,2.19645833333333,-90.679579022416
65907.2916666667,2.19690972222222,-91.2558865030684
65920.8333333333,2.19736111111111,-91.8788200760027
65934.375,2.1978125,-92.5555714595857
65947.9166666667,2.19826388888889,-93.2952230463098
65961.4583333333,2.19871527777778,-94.1094736962302
65975,2.19916666666667,-95.0137502718223
65988.5416666667,2.19961805555556,-96.0289804920262
66002.0833333333,2.20006944444444,-97.1845637874463
66015.625,2.20052083333333,-98.5236657301925
66029.1666666667,2.20097222222222,-100.113428291963
66042.7083333333,2.20142361111111,-102.066850282052
66056.25,2.201875,-104.597232146729
66069.7916666667,2.20232638888889,-108.189142855078
66083.3333333333,2.20277777777778,-114.431054519487
66096.875,2.20322916666667,-140.140801992196
66110.4166666667,2.20368055555556,-113.578087055779
66123.9583333333,2.20413194444444,-107.768465199196
66137.5,2.20458333333333,-104.322974575247
66151.0416666667,2.20503472222222,-101.867635865074
66164.5833333333,2.20548611111111,-99.9607152579947
66178.125,2.2059375,-98.4031851304314
66191.6666666667,2.20638888888889,-97.0881625880737
66205.2083333333,2.20684027777778,-95.9515633617558
66218.75,2.20729166666667,-94.9519205286299
66232.2916666667,2.20774305555556,-94.0608538274792
66245.8333333333,2.20819444444444,-93.2580841005172
66259.375,2.20864583333333,-92.5286168640974
66272.9166666667,2.20909722222222,-91.8610526075591
66286.4583333333,2.20954861111111,-91.2465227682076
66300,2.21,-90.6779924461375
66313.5416666667,2.21045138888889,-90.1497878940566
66327.0833333333,2.21090277777778,-89.6572670858304
66340.625,2.21135416666667,-89.1965843247364
66354.1666666667,2.21180555555556,-88.7645184116532
66367.7083333333,2.21225694444444,-88.3583448401853
66381.25,2.21270833333333,-87.9757391237688
66394.7916666667,2.21315972222222,-87.6147025924861
66408.3333333333,2.21361111111111,-87.2735046618576
66421.875,2.2140625,-86.9506373780859
66435.4166666667,2.21451388888889,-86.6447792296888
66448.9583333333,2.21496527777778,-86.3547660579603
66462.5,2.21541666666667,-86.0795674478928
66476.0416666667,2.21586805555556,-85.8182674143539
66489.5833333333,2.21631944444444,-85.5700484798759
66503.125,2.21677083333333,-85.3341784484021
66516.6666666667,2.21722222222222,-85.1099993542589
66530.2083333333,2.21767361111111,-84.8969181643021
66543.75,2.218125,-84.6943989203118
66557.2916666667,2.21857638888889,-84.5019560519845
66570.8333333333,2.21902777777778,-84.3191486689939
66584.375,2.21947916666667,-84.1455756583434
66597.9166666667,2.21993055555556,-83.9808714629317
66611.4583333333,2.22038194444444,-83.8247024235917
66625,2.22083333333333,-83.6767636093259
66638.5416666667,2.22128472222222,-83.5367760494686
66652.0833333333,2.22173611111111,-83.4044843168407
66665.625,2.2221875,-83.279654412701
66679.1666666667,2.22263888888889,-83.1620719015449
66692.7083333333,2.22309027777778,-83.0515402769551
66706.25,2.22354166666667,-82.9478795138426
66719.7916666667,2.22399305555556,-82.8509247911613
66733.3333333333,2.22444444444444,-82.7605253629961
66746.875,2.22489583333333,-82.6765435568309
66760.4166666667,2.22534722222222,-82.5988538890349
66773.9583333333,2.22579861111111,-82.5273422788351
66787.5,2.22625,-82.4619053546289
66801.0416666667,2.22670138888889,-82.4024498385663
66814.5833333333,2.22715277777778,-82.3488920084801
66828.125,2.22760416666667,-82.3011572187078
66841.6666666667,2.22805555555556,-82.2591794883918
66855.2083333333,2.22850694444444,-82.2229011370146
66868.75,2.22895833333333,-82.1922724754101
66882.2916666667,2.22940972222222,-82.1672515423673
66895.8333333333,2.22986111111111,-82.1478038836027
66909.375,2.2303125,-82.1339023721592
66922.9166666667,2.23076388888889,-82.1255270709425
66936.4583333333,2.23121527777778,-82.1226651283136
66950,2.23166666666667,-82.1253107124973
66963.5416666667,2.23211805555556,-82.1334649855636
66977.0833333333,2.23256944444444,-82.1471361039349
66990.625,2.23302083333333,-82.1663392638905
67004.1666666667,2.23347222222222,-82.1910967790497
67017.7083333333,2.23392361111111,-82.2214381913793
67031.25,2.234375,-82.2574004273697
67044.7916666667,2.23482638888889,-82.2990279897978
67058.3333333333,2.23527777777778,-82.3463731899822
67071.875,2.23572916666667,-82.3994964298145
67085.4166666667,2.23618055555556,-82.4584665266856
67098.9583333333,2.23663194444444,-82.5233610932997
67112.5,2.23708333333333,-82.5942669711308
67126.0416666667,2.23753472222222,-82.6712807292517
67139.5833333333,2.23798611111111,-82.754509226504
67153.125,2.2384375,-82.8440702534612
67166.6666666667,2.23888888888889,-82.9400932529243
67180.2083333333,2.23934027777778,-83.0427201398269
67193.75,2.23979166666667,-83.1521062220936
67207.2916666667,2.24024305555556,-83.2684212447003
67220.8333333333,2.24069444444444,-83.3918505629147
67234.375,2.24114583333333,-83.5225964760578
67247.9166666667,2.24159722222222,-83.6608797334106
67261.4583333333,2.24204861111111,-83.8069412415267
67275,2.2425,-83.9610440097226
67288.5416666667,2.24295138888889,-84.1234753589575
67302.0833333333,2.24340277777778,-84.2945494510074
67315.625,2.24385416666667,-84.4746101811728
67329.1666666667,2.24430555555556,-84.6640345043416
67342.7083333333,2.24475694444444,-84.863236265768
67356.25,2.24520833333333,-85.0726706395722
67369.7916666667,2.24565972222222,-85.2928392842932
67383.3333333333,2.24611111111111,-85.52429635206
67396.875,2.2465625,-85.7676555440289
67410.4166666667,2.24701388888889,-86.0235984139482
67423.9583333333,2.24746527777778,-86.2928842117076
67437.5,2.24791666666667,-86.5763616063011
67451.0416666667,2.24836805555556,-86.8749827420243
67464.5833333333,2.24881944444444,-87.1898202061412
67478.125,2.24927083333333,-87.5220876593812
67491.6666666667,2.24972222222222,-87.8731651166247
67505.2083333333,2.25017361111111,-88.244630199268
67518.75,2.250625,-88.6382971314817
67532.2916666667,2.25107638888889,-89.0562658941467
67545.8333333333,2.25152777777778,-89.5009849029635
67559.375,2.25197916666667,-89.975331910991
67572.9166666667,2.25243055555556,-90.4827199129918
67586.4583333333,2.25288194444444,-91.0272379104734
67600,2.25333333333333,-91.6138412947176
67613.5416666667,2.25378472222222,-92.2486144438373
67627.0833333333,2.25423611111111,-92.9391410932746
67640.625,2.2546875,-93.6950403703267
67654.1666666667,2.25513888888889,-94.5287661881258
67667.7083333333,2.25559027777778,-95.4568423919151
67681.25,2.25604166666667,-96.5018539280174
67694.7916666667,2.25649305555556,-97.6958278232095
67708.3333333333,2.25694444444444,-99.0863597809873
67721.875,2.25739583333333,-100.74869060399
67735.4166666667,2.25784722222222,-102.812377419967
67748.9583333333,2.25829861111111,-105.530696192443
67762.5,2.25875,-109.515733918591
67776.0416666667,2.25920138888889,-117.104115137505
67789.5833333333,2.25965277777778,-125.156420768567
67803.125,2.26010416666667,-112.043947802848
67816.6666666667,2.26055555555556,-107.044963790675
67830.2083333333,2.26100694444444,-103.897103782789
67843.75,2.26145833333333,-101.596537902163
67857.2916666667,2.26190972222222,-99.7845751916053
67870.8333333333,2.26236111111111,-98.2913082111119
67884.375,2.2628125,-97.0227097027924
67897.9166666667,2.26326388888889,-95.92125123721
67911.4583333333,2.26371527777778,-94.9491599244971
67925,2.26416666666667,-94.0802957462432
67938.5416666667,2.26461805555556,-93.2958171560488
67952.0833333333,2.26506944444444,-92.5816945739003
67965.625,2.26552083333333,-91.927200245355
67979.1666666667,2.26597222222222,-91.3239476981143
67992.7083333333,2.26642361111111,-90.7652569942275
68006.25,2.266875,-90.2457215401968
68019.7916666667,2.26732638888889,-89.7609042418123
68033.3333333333,2.26777777777778,-89.3071192321676
68046.875,2.26822916666667,-88.8812718186862
68060.4166666667,2.26868055555556,-88.480738929197
68073.9583333333,2.26913194444444,-88.1032783716605
68087.5,2.26958333333333,-87.7469589451968
68101.0416666667,2.27003472222222,-87.4101059109032
68114.5833333333,2.27048611111111,-87.09125794377
68128.125,2.2709375,-86.7891327753382
68141.6666666667,2.27138888888889,-86.5025995176592
68155.2083333333,2.27184027777778,-86.2306561518919
68168.75,2.27229166666667,-85.97241108335
68182.2916666667,2.27274305555556,-85.7270679062378
68195.8333333333,2.27319444444444,-85.4939127276072
68209.375,2.27364583333333,-85.2723035637281
68222.9166666667,2.27409722222222,-85.0616614036025
68236.4583333333,2.27454861111111,-84.8614626442362
68250,2.275,-84.6712326552252
68263.5416666667,2.27545138888889,-84.4905402680152
68277.0833333333,2.27590277777778,-84.3189930463028
68290.625,2.27635416666667,-84.156233203547
68304.1666666667,2.27680555555556,-84.0019340709704
68317.7083333333,2.27725694444444,-83.8557970197537
68331.25,2.27770833333333,-83.7175487888859
68344.7916666667,2.27815972222222,-83.5869391383755
68358.3333333333,2.27861111111111,-83.4637387970031
68371.875,2.2790625,-83.3477376564348
68385.4166666667,2.27951388888889,-83.2387431775684
68398.9583333333,2.27996527777778,-83.1365789915422
68412.5,2.28041666666667,-83.0410836543658
68426.0416666667,2.28086805555556,-82.9521095498735
68439.5833333333,2.28131944444444,-82.8695219193396
68453.125,2.28177083333333,-82.7931979972844
68466.6666666667,2.28222222222222,-82.72302625005
68480.2083333333,2.28267361111111,-82.6589057009923
68493.75,2.283125,-82.6007453353089
68507.2916666667,2.28357638888889,-82.5484635709769
68520.8333333333,2.28402777777778,-82.5019878037908
68534.375,2.28447916666667,-82.4612539989496
68547.9166666667,2.28493055555556,-82.4262063454321
68561.4583333333,2.28538194444444,-82.396796956261
68575,2.28583333333333,-82.3729856141379
68588.5416666667,2.28628472222222,-82.3547395611858
68602.0833333333,2.28673611111111,-82.3420333295149
68615.625,2.2871875,-82.3348486094633
68629.1666666667,2.28763888888889,-82.3331741576247
68642.7083333333,2.28809027777778,-82.3370057372641
68656.25,2.28854166666667,-82.3463460998699
68669.7916666667,2.28899305555556,-82.3612049949025
68683.3333333333,2.28944444444444,-82.3815992246845
68696.875,2.28989583333333,-82.4075527248411
68710.4166666667,2.29034722222222,-82.4390966915366
68723.9583333333,2.29079861111111,-82.4762697407999
68737.5,2.29125,-82.5191181101051
68751.0416666667,2.29170138888889,-82.5676959032924
68764.5833333333,2.29215277777778,-82.6220653796473
68778.125,2.29260416666667,-82.6822972923466
68791.6666666667,2.29305555555556,-82.7484712778596
68805.2083333333,2.29350694444444,-82.8206763078845
68818.75,2.29395833333333,-82.89901119562
68832.2916666667,2.29440972222222,-82.9835851785226
68845.8333333333,2.29486111111111,-83.0745185764605
68859.375,2.2953125,-83.1719435340251
68872.9166666667,2.29576388888889,-83.2760048604094
68886.4583333333,2.29621527777778,-83.3868609766749
68900,2.29666666666667,-83.5046849864293
68913.5416666667,2.29711805555556,-83.6296658843966
68927.0833333333,2.29756944444444,-83.7620099249308
68940.625,2.29802083333333,-83.9019421706216
68954.1666666667,2.29847222222222,-84.0497082489721
68967.7083333333,2.29892361111111,-84.2055763540364
68981.25,2.299375,-84.3698395184668
68994.7916666667,2.29982638888889,-84.5428182234283
69008.3333333333,2.30027777777778,-84.7248633762098
69021.875,2.30072916666667,-84.9163597442759
69035.4166666667,2.30118055555556,-85.1177299099076
69048.9583333333,2.30163194444444,-85.3294388565218
69062.5,2.30208333333333,-85.5519992980532
69076.0416666667,2.30253472222222,-85.7859779057556
69089.5833333333,2.30298611111111,-86.0320026190697
69103.125,2.3034375,-86.2907712580564
69116.6666666667,2.30388888888889,-86.5630617556453
69130.2083333333,2.30434027777778,-86.8497443473662
69143.75,2.30479166666667,-87.1517962229315
69157.2916666667,2.30524305555556,-87.4703192241086
69170.8333333333,2.30569444444444,-87.8065614127523
69184.375,2.30614583333333,-88.1619435416355
69197.9166666667,2.30659722222222,-88.5380918461443
69211.4583333333,2.30704861111111,-88.9368790504824
69225,2.3075,-89.3604761792091
69238.5416666667,2.30795138888889,-89.8114188012751
69252.0833333333,2.30840277777778,-90.2926927818245
69265.625,2.30885416666667,-90.8078469015184
69279.1666666667,2.30930555555556,-91.3611431069639
69292.7083333333,2.30975694444444,-91.9577605372449
69306.25,2.31020833333333,-92.6040782880196
69319.7916666667,2.31065972222222,-93.3080763555985
69333.3333333333,2.31111111111111,-94.0799195492377
69346.875,2.3115625,-94.9328346873807
69360.4166666667,2.31201388888889,-95.8844777925336
69373.9583333333,2.31246527777778,-96.9591614991922
69387.5,2.31291666666667,-98.1916869908597
69401.0416666667,2.31336805555556,-99.6344044578015
69414.5833333333,2.31381944444444,-101.37144095302
69428.125,2.31427083333333,-103.551107653592
69441.6666666667,2.31472222222222,-106.474275031398
69455.2083333333,2.31517361111111,-110.919674323163
69468.75,2.315625,-120.514392298449
69482.2916666667,2.31607638888889,-120.359485051335
69495.8333333333,2.31652777777778,-110.87239534386
69509.375,2.31697916666667,-106.451134316365
69522.9166666667,2.31743055555556,-103.540178503026
69536.4583333333,2.31788194444444,-101.368747823572
69550,2.31833333333333,-99.6381402658846
69563.5416666667,2.31878472222222,-98.2008786833584
69577.0833333333,2.31923611111111,-96.9732252331716
69590.625,2.3196875,-95.9030357719252
69604.1666666667,2.32013888888889,-94.9556284107995
69617.7083333333,2.32059027777778,-94.1067643543382
69631.25,2.32104166666667,-93.3388357432189
69644.7916666667,2.32149305555556,-92.6386485034382
69658.3333333333,2.32194444444444,-91.9960608701812
69671.875,2.32239583333333,-91.403109527504
69685.4166666667,2.32284722222222,-90.8534277609202
69698.9583333333,2.32329861111111,-90.3418458066539
69712.5,2.32375,-89.8641089515006
69726.0416666667,2.32420138888889,-89.4166740823958
69739.5833333333,2.32465277777778,-88.996559835281
69753.125,2.32510416666667,-88.6012342673631
69766.6666666667,2.32555555555556,-88.2285293048151
69780.2083333333,2.32600694444444,-87.8765746451625
69793.75,2.32645833333333,-87.543746063893
69807.2916666667,2.32690972222222,-87.2286244910807
69820.8333333333,2.32736111111111,-86.929963281663
69834.375,2.3278125,-86.6466617935215
69847.9166666667,2.32826388888889,-86.377743868404
69861.4583333333,2.32871527777778,-86.1223401488513
69875,2.32916666666667,-85.8796734659362
69888.5416666667,2.32961805555556,-85.6490466579942
69902.0833333333,2.33006944444444,-85.4298323641513
69915.625,2.33052083333333,-85.2214644177534
69929.1666666667,2.33097222222222,-85.0234305480848
69942.7083333333,2.33142361111111,-84.8352661628872
69956.25,2.331875,-84.6565490270965
69969.7916666667,2.33232638888889,-84.4868946819127
69983.3333333333,2.33277777777778,-84.3259524923157
69996.875,2.33322916666667,-84.1734022252514
70010.4166666667,2.33368055555556,-84.0289510654062
70023.9583333333,2.33413194444444,-83.8923310176101
70037.5,2.33458333333333,-83.7632966301429
70051.0416666667,2.33503472222222,-83.6416230017142
70064.5833333333,2.33548611111111,-83.5271040223547
70078.125,2.3359375,-83.4195508281404
70091.6666666667,2.33638888888889,-83.3187904329859
70105.2083333333,2.33684027777778,-83.224664524527
70118.75,2.33729166666667,-83.1370283900789
70132.2916666667,2.33774305555556,-83.0557499752429
70145.8333333333,2.33819444444444,-82.9807090395886
70159.375,2.33864583333333,-82.9117964188216
70172.9166666667,2.33909722222222,-82.8489133667358
70186.4583333333,2.33954861111111,-82.7919709731933
70200,2.34,-82.740889656156
70213.5416666667,2.34045138888889,-82.695598712883
70227.0833333333,2.34090277777778,-82.6560359291335
70240.625,2.34135416666667,-82.6221472425653
70254.1666666667,2.34180555555556,-82.5938864530694
70267.7083333333,2.34225694444444,-82.5712149765249
70281.25,2.34270833333333,-82.5541016492973
70294.7916666667,2.34315972222222,-82.5425225599603
70308.3333333333,2.34361111111111,-82.5364609318848
70321.875,2.3440625,-82.5359070341061
70335.4166666667,2.34451388888889,-82.5408581344981
70348.9583333333,2.34496527777778,-82.5513184840536
70362.5,2.34541666666667,-82.5672993391785
70376.0416666667,2.34586805555556,-82.5888190193881
70389.5833333333,2.34631944444444,-82.6159030005021
70403.125,2.34677083333333,-82.6485840445093
70416.6666666667,2.34722222222222,-82.6869023726422
70430.2083333333,2.34767361111111,-82.7309058708756
70443.75,2.348125,-82.7806503497516
70457.2916666667,2.34857638888889,-82.8361998372203
70470.8333333333,2.34902777777778,-82.8976269325556
70484.375,2.34947916666667,-82.9650132062449
70497.9166666667,2.34993055555556,-83.0384496611703
70511.4583333333,2.35038194444444,-83.1180372595981
70525,2.35083333333333,-83.2038875150686
70538.5416666667,2.35128472222222,-83.296123173098
70552.0833333333,2.35173611111111,-83.3948789657984
70565.625,2.3521875,-83.5003024821264
70579.1666666667,2.35263888888889,-83.6125551317555
70592.7083333333,2.35309027777778,-83.7318132490813
70606.25,2.35354166666667,-83.8582693285932
70619.7916666667,2.35399305555556,-83.9921334328588
70633.3333333333,2.35444444444444,-84.1336347805236
70646.875,2.35489583333333,-84.2830235518514
70660.4166666667,2.35534722222222,-84.4405729417739
70673.9583333333,2.35579861111111,-84.6065815016621
70687.5,2.35625,-84.7813758189621
70701.0416666667,2.35670138888889,-84.9653135844652
70714.5833333333,2.35715277777778,-85.1587871271742
70728.125,2.35760416666667,-85.3622274965473
70741.6666666667,2.35805555555556,-85.5761091847973
70755.2083333333,2.35850694444444,-85.8009556406111
70768.75,2.35895833333333,-86.0373456972113
70782.2916666667,2.35940972222222,-86.2859211372495
70795.8333333333,2.35986111111111,-86.5473956225188
70809.375,2.3603125,-86.8225652894506
70822.9166666667,2.36076388888889,-87.1123214234605
70836.4583333333,2.36121527777778,-87.4176656816768
70850,2.36166666666667,-87.7397285290253
70863.5416666667,2.36211805555556,-88.079791732811
70877.0833333333,2.36256944444444,-88.4393160283271
70890.625,2.36302083333333,-88.8199754420864
70904.1666666667,2.36347222222222,-89.2237003190483
70917.7083333333,2.36392361111111,-89.6527318056218
70931.25,2.364375,-90.1096916898956
70944.7916666667,2.36482638888889,-90.5976730668223
70958.3333333333,2.36527777777778,-91.1203597806127
70971.875,2.36572916666667,-91.6821863477652
70985.4166666667,2.36618055555556,-92.2885559990371
70998.9583333333,2.36663194444444,-92.9461442241683
71012.5,2.36708333333333,-93.6633314672702
71026.0416666667,2.36753472222222,-94.4508371131991
71039.5833333333,2.36798611111111,-95.3226787697474
71053.125,2.3684375,-96.2976802342322
71066.6666666667,2.36888888888889,-97.4019540309731
71080.2083333333,2.36934027777778,-98.6732280598297
71093.75,2.36979166666667,-100.168951729181
71107.2916666667,2.37024305555556,-101.982999491868
71120.8333333333,2.37069444444444,-104.284939961791
71134.375,2.37114583333333,-107.432532128095
71147.9166666667,2.37159722222222,-112.425773103167
71161.4583333333,2.37204861111111,-125.469414696577
71175,2.3725,-117.549918893756
71188.5416666667,2.37295138888889,-109.943247840836
71202.0833333333,2.37340277777778,-105.955785253414
71215.625,2.37385416666667,-103.238094221742
71229.1666666667,2.37430555555556,-101.176145011729
71242.7083333333,2.37475694444444,-99.5160786609274
71256.25,2.37520833333333,-98.1281023395164
71269.7916666667,2.37565972222222,-96.9368617279001
71283.3333333333,2.37611111111111,-95.8946997057136
71296.875,2.3765625,-94.9695531213266
71310.4166666667,2.37701388888889,-94.138814365958
71323.9583333333,2.37746527777778,-93.3859446798035
71337.5,2.37791666666667,-92.6984799151137
71351.0416666667,2.37836805555556,-92.0667936952706
71364.5833333333,2.37881944444444,-91.4832969961528
71378.125,2.37927083333333,-90.9419014946116
71391.6666666667,2.37972222222222,-90.4376487940661
71405.2083333333,2.38017361111111,-89.9664475644544
71418.75,2.380625,-89.5248829726845
71432.2916666667,2.38107638888889,-89.1100757959425
71445.8333333333,2.38152777777778,-88.719576430652
71459.375,2.38197916666667,-88.3512839206294
71472.9166666667,2.38243055555556,-88.0033832360696
71486.4583333333,2.38288194444444,-87.6742960794126
71500,2.38333333333333,-87.3626418654981
71513.5416666667,2.38378472222222,-87.0672064488104
71527.0833333333,2.38423611111111,-86.7869168231758
71540.625,2.3846875,-86.520820483639
71554.1666666667,2.38513888888889,-86.2680684459973
71567.7083333333,2.38559027777778,-86.0279011824122
71581.25,2.38604166666667,-85.7996368934768
71594.7916666667,2.38649305555556,-85.5826616567808
71608.3333333333,2.38694444444444,-85.3764211242078
71621.875,2.38739583333333,-85.1804134588331
71635.4166666667,2.38784722222222,-84.9941833226353
71648.9583333333,2.38829861111111,-84.817316719719
71662.5,2.38875,-84.6494365566326
71676.0416666667,2.38920138888889,-84.4901988085967
71689.5833333333,2.38965277777778,-84.3392891933565
71703.125,2.39010416666667,-84.196420273283
71716.6666666667,2.39055555555556,-84.061328930939
71730.2083333333,2.39100694444444,-83.9337741551825
71743.75,2.39145833333333,-83.8135350933169
71757.2916666667,2.39190972222222,-83.7004093502875
71770.8333333333,2.39236111111111,-83.5942114720117
71784.375,2.3928125,-83.4947716209274
71797.9166666667,2.39326388888889,-83.4019343949078
71811.4583333333,2.39371527777778,-83.3155577855733
71825,2.39416666666667,-83.2355122561894
71838.5416666667,2.39461805555556,-83.1616799232203
71852.0833333333,2.39506944444444,-83.0939538321248
71865.625,2.39552083333333,-83.0322373185984
71879.1666666667,2.39597222222222,-82.9764434422808
71892.7083333333,2.39642361111111,-82.9264944906264
71906.25,2.396875,-82.8823215414916
71919.7916666667,2.39732638888889,-82.843864088153
71933.3333333333,2.39777777777778,-82.8110697077606
71946.875,2.39822916666667,-82.7838937840962
71960.4166666667,2.39868055555556,-82.7622992722921
71973.9583333333,2.39913194444444,-82.7462565039516
71987.5,2.39958333333333,-82.7357430386872
72001.0416666667,2.40003472222222,-82.7307435417502
72014.5833333333,2.40048611111111,-82.7312497147366
72028.125,2.4009375,-82.7372602444274
72041.6666666667,2.40138888888889,-82.7487808039684
72055.2083333333,2.40184027777778,-82.7658240750421
72068.75,2.40229166666667,-82.7884098188902
72082.2916666667,2.40274305555556,-82.8165649714045
72095.8333333333,2.40319444444444,-82.8503237856962
72109.375,2.40364583333333,-82.8897280086483
72122.9166666667,2.40409722222222,-82.9348270989876
72136.4583333333,2.40454861111111,-82.9856784930959
72150,2.405,-83.0423479088242
72163.5416666667,2.40545138888889,-83.1049097084257
72177.0833333333,2.40590277777778,-83.1734473132166
72190.625,2.40635416666667,-83.2480536706429
72204.1666666667,2.40680555555556,-83.3288318018623
72217.7083333333,2.40725694444444,-83.4158954049526
72231.25,2.40770833333333,-83.5093695494668
72244.7916666667,2.40815972222222,-83.6093914592082
72258.3333333333,2.40861111111111,-83.716111390121
72271.875,2.4090625,-83.8296936314342
72285.4166666667,2.40951388888889,-83.9503176249036
72298.9583333333,2.40996527777778,-84.0781792389798
72312.5,2.41041666666667,-84.213492208517
72326.0416666667,2.41086805555556,-84.3564897623157
72339.5833333333,2.41131944444444,-84.507426475047
72353.125,2.41177083333333,-84.6665803766371
72366.6666666667,2.41222222222222,-84.8342553546466
72380.2083333333,2.41267361111111,-85.0107839055747
72393.75,2.413125,-85.1965302900427
72407.2916666667,2.41357638888889,-85.3918941672879
72420.8333333333,2.41402777777778,-85.5973147978471
72434.375,2.41447916666667,-85.8132759084778
72447.9166666667,2.41493055555556,-86.0403113769559
72461.4583333333,2.41538194444444,-86.2790118651962
72475,2.41583333333333,-86.5300326354815
72488.5416666667,2.41628472222222,-86.7941027816858
72502.0833333333,2.41673611111111,-87.0720362045549
72515.625,2.4171875,-87.3647447441485
72529.1666666667,2.41763888888889,-87.6732539843837
72542.7083333333,2.41809027777778,-87.9987224181409
72556.25,2.41854166666667,-88.3424648636603
72569.7916666667,2.41899305555556,-88.7059813172468
72583.3333333333,2.41944444444444,-89.0909928184417
72596.875,2.41989583333333,-89.4994864998273
72610.4166666667,2.42034722222222,-89.9337727519976
72623.9583333333,2.42079861111111,-90.3965586905769
72637.5,2.42125,-90.8910437978796
72651.0416666667,2.42170138888889,-91.4210462915453
72664.5833333333,2.42215277777778,-91.9911729146117
72678.125,2.42260416666667,-92.6070513331547
72691.6666666667,2.42305555555556,-93.2756551013079
72705.2083333333,2.42350694444444,-94.0057692706857
72718.75,2.42395833333333,-94.8086766810861
72732.2916666667,2.42440972222222,-95.6992036795112
72745.8333333333,2.42486111111111,-96.6973779544457
72759.375,2.4253125,-97.8311860235005
72772.9166666667,2.42576388888889,-99.1414415318599
72786.4583333333,2.42621527777778,-100.691059995139
72800,2.42666666666667,-102.584606584919
72813.5416666667,2.42711805555556,-105.015770224303
72827.0833333333,2.42756944444444,-108.410623575111
72840.625,2.42802083333333,-114.068865489586
72854.1666666667,2.42847222222222,-135.855889774103
72867.7083333333,2.42892361111111,-115.615145311194
72881.25,2.429375,-109.186272767872
72894.7916666667,2.42982638888889,-105.537160025508
72908.3333333333,2.43027777777778,-102.980300720709
72921.875,2.43072916666667,-101.012431843347
72935.4166666667,2.43118055555556,-99.4141668580937
72948.9583333333,2.43163194444444,-98.0699332883619
72962.5,2.43208333333333,-96.911313517431
72976.0416666667,2.43253472222222,-95.8944376470126
72989.5833333333,2.43298611111111,-94.9894855962465
73003.125,2.4334375,-94.1752629121998
73016.6666666667,2.43388888888889,-93.4361654107896
73030.2083333333,2.43434027777778,-92.760371749772
73043.75,2.43479166666667,-92.1387122101987
73057.2916666667,2.43524305555556,-91.5639311355623
73070.8333333333,2.43569444444444,-91.030189248242
73084.375,2.43614583333333,-90.532717974144
73097.9166666667,2.43659722222222,-90.0675731966233
73111.4583333333,2.43704861111111,-89.6314560208601
73125,2.4375,-89.2215797759786
73138.5416666667,2.43795138888889,-88.8355696460119
73152.0833333333,2.43840277777778,-88.4713857667297
73165.625,2.43885416666667,-88.1272635159078
73179.1666666667,2.43930555555556,-87.8016665541426
73192.7083333333,2.43975694444444,-87.4932495117514
73206.25,2.44020833333333,-87.2008280282708
73219.7916666667,2.44065972222222,-86.9233544565655
73233.3333333333,2.44111111111111,-86.6598980279186
73246.875,2.4415625,-86.4096284967727
73260.4166666667,2.44201388888889,-86.1718025852233
73273.9583333333,2.44246527777778,-85.9457526532963
73287.5,2.44291666666667,-85.7308771844989
73301.0416666667,2.44336805555556,-85.5266327430195
73314.5833333333,2.44381944444444,-85.3325271392735
73328.125,2.44427083333333,-85.1481135983686
73341.6666666667,2.44472222222222,-84.9729857538604
73355.2083333333,2.44517361111111,-84.80677333794
73368.75,2.445625,-84.6491384569648
73382.2916666667,2.44607638888889,-84.4997723505247
73395.8333333333,2.44652777777778,-84.3583925777034
73409.375,2.44697916666667,-84.2247405539078
73422.9166666667,2.44743055555556,-84.098579395115
73436.4583333333,2.44788194444444,-83.9796920230874
73450,2.44833333333333,-83.8678794961105
73463.5416666667,2.44878472222222,-83.762959544761
73477.0833333333,2.44923611111111,-83.6647652617361
73490.625,2.4496875,-83.5731439654227
73504.1666666667,2.45013888888889,-83.4879561711935
73517.7083333333,2.45059027777778,-83.40907469746
73531.25,2.45104166666667,-83.3363838630744
73544.7916666667,2.45149305555556,-83.2697787840192
73558.3333333333,2.45194444444444,-83.2091647456368
73571.875,2.45239583333333,-83.1544566545149
73585.4166666667,2.45284722222222,-83.1055785523498
73598.9583333333,2.45329861111111,-83.062463190896
73612.5,2.45375,-83.025051667332
73626.0416666667,2.45420138888889,-82.9932931027795
73639.5833333333,2.45465277777778,-82.9671443720403
73653.125,2.45510416666667,-82.9465698812353
73666.6666666667,2.45555555555556,-82.9315413754858
73680.2083333333,2.45600694444444,-82.9220378004611
73693.75,2.45645833333333,-82.9180451903332
73707.2916666667,2.45690972222222,-82.9195565974844
73720.8333333333,2.45736111111111,-82.9265720583189
73734.375,2.4578125,-82.9390985918416
73747.9166666667,2.45826388888889,-82.957150236495
73761.4583333333,2.45871527777778,-82.9807481222692
73775,2.45916666666667,-83.0099205758178
73788.5416666667,2.45961805555556,-83.0447032704001
73802.0833333333,2.46006944444444,-83.0851394093949
73815.625,2.46052083333333,-83.1312799533151
73829.1666666667,2.46097222222222,-83.1831838907106
73842.7083333333,2.46142361111111,-83.2409185569812
73856.25,2.461875,-83.3045600036694
73869.7916666667,2.46232638888889,-83.3741934227279
73883.3333333333,2.46277777777778,-83.4499136307884
73896.875,2.46322916666667,-83.5318256232839
73910.4166666667,2.46368055555556,-83.620045195897
73923.9583333333,2.46413194444444,-83.7146996566507
73937.5,2.46458333333333,-83.8159286218794
73951.0416666667,2.46503472222222,-83.9238849204485
73964.5833333333,2.46548611111111,-84.0387356120763
73978.125,2.4659375,-84.1606631388193
73991.6666666667,2.46638888888889,-84.2898666233606
74005.2083333333,2.46684027777778,-84.4265633455604
74018.75,2.46729166666667,-84.5709904097964
74032.2916666667,2.46774305555556,-84.7234066414838
74045.8333333333,2.46819444444444,-84.8840947485696
74059.375,2.46864583333333,-85.0533637837564
74072.9166666667,2.46909722222222,-85.2315519711968
74086.4583333333,2.46954861111111,-85.4190299423436
74100,2.47,-85.6162044701807
74113.5416666667,2.47045138888889,-85.8235227871619
74127.0833333333,2.47090277777778,-86.0414775991666
74140.625,2.47135416666667,-86.2706129260762
74154.1666666667,2.47180555555556,-86.5115309473814
74167.7083333333,2.47225694444444,-86.7649000606811
74181.25,2.47270833333333,-87.0314644121608
74194.7916666667,2.47315972222222,-87.3120552516398
74208.3333333333,2.47361111111111,-87.6076045102652
74221.875,2.4740625,-87.919161187127
74235.4166666667,2.47451388888889,-88.2479112424868
74248.9583333333,2.47496527777778,-88.5952019254226
74262.5,2.47541666666667,-88.9625718137025
74276.0416666667,2.47586805555556,-89.3517882249847
74289.5833333333,2.47631944444444,-89.7648942814767
74303.125,2.47677083333333,-90.2042687900826
74316.6666666667,2.47722222222222,-90.672703350821
74330.2083333333,2.47767361111111,-91.173503027225
74343.75,2.478125,-91.7106197627801
74357.2916666667,2.47857638888889,-92.2888322135128
74370.8333333333,2.47902777777778,-92.9139928431014
74384.375,2.47947916666667,-93.5933749501097
74397.9166666667,2.47993055555556,-94.3361723478592
74411.4583333333,2.48038194444444,-95.1542402102331
74425,2.48083333333333,-96.0632317444959
74438.5416666667,2.48128472222222,-97.0844152262115
74452.0833333333,2.48173611111111,-98.2477273253755
74465.625,2.4821875,-99.597233486656
74479.1666666667,2.48263888888889,-101.201706306572
74492.7083333333,2.48309027777778,-103.177436779728
74506.25,2.48354166666667,-105.745518953592
74519.7916666667,2.48399305555556,-109.41450690471
74533.3333333333,2.48444444444444,-115.900558873826
74546.875,2.48489583333333,-135.044294241426
74560.4166666667,2.48534722222222,-114.171368457289
74573.9583333333,2.48579861111111,-108.556958959572
74587.5,2.48625,-105.179527488725
74601.0416666667,2.48670138888889,-102.758728139922
74614.5833333333,2.48715277777778,-100.872644502089
74628.125,2.48760416666667,-99.3290158167461
74641.6666666667,2.48805555555556,-98.0238997899456
74655.2083333333,2.48850694444444,-96.8946959751374
74668.75,2.48895833333333,-95.9007671807719
74682.2916666667,2.48940972222222,-95.0142334461009
74695.8333333333,2.48986111111111,-94.2151352092724
74709.375,2.4903125,-93.4886917127716
74722.9166666667,2.49076388888889,-92.8236517828173
74736.4583333333,2.49121527777778,-92.2112530450147
74750,2.49166666666667,-91.6445386114898
74763.5416666667,2.49211805555556,-91.1178933381692
74777.0833333333,2.49256944444444,-90.6267200748532
74790.625,2.49302083333333,-90.1672080731839
74804.1666666667,2.49347222222222,-89.7361637556814
74817.7083333333,2.49392361111111,-89.3308847372527
74831.25,2.494375,-88.9490644510043
74844.7916666667,2.49482638888889,-88.5887189083151
74858.3333333333,2.49527777777778,-88.2481296562408
74871.875,2.49572916666667,-87.9257988608616
74885.4166666667,2.49618055555556,-87.6204135189752
74898.9583333333,2.49663194444444,-87.3308166724065
74912.5,2.49708333333333,-87.0559840480792
74926.0416666667,2.49753472222222,-86.7950049235542
74939.5833333333,2.49798611111111,-86.5470663658614
74953.125,2.4984375,-86.3114401170725
74966.6666666667,2.49888888888889,-86.0874716423937
74980.2083333333,2.49934027777778,-85.8745709141002
74993.75,2.49979166666667,-85.6722046157631
75007.2916666667,2.50024305555556,-85.4798895084026
75020.8333333333,2.50069444444444,-85.2971867683771
75034.375,2.50114583333333,-85.1236971191649
75047.9166666667,2.50159722222222,-84.9590566421388
75061.4583333333,2.50204861111111,-84.8029331475124
75075,2.5025,-84.6550230188489
75088.5416666667,2.50295138888889,-84.5150484706336
75102.0833333333,2.50340277777778,-84.3827551463263
75115.625,2.50385416666667,-84.2579100146704
75129.1666666667,2.50430555555556,-84.1402995176886
75142.7083333333,2.50475694444444,-84.0297279458125
75156.25,2.50520833333333,-83.9260160003535
75169.7916666667,2.50565972222222,-83.8289995235432
75183.3333333333,2.50611111111111,-83.7385283751312
75196.875,2.5065625,-83.6544654371204
75210.4166666667,2.50701388888889,-83.5766857359234
75223.9583333333,2.50746527777778,-83.505075656932
75237.5,2.50791666666667,-83.4395322596888
75251.0416666667,2.50836805555556,-83.3799626628893
75264.5833333333,2.50881944444444,-83.3262835085494
75278.125,2.50927083333333,-83.2784204889527
75291.6666666667,2.50972222222222,-83.2363079345539
75305.2083333333,2.51017361111111,-83.1998884534204
75318.75,2.510625,-83.1691126233299
75332.2916666667,2.51107638888889,-83.1439387292981
75345.8333333333,2.51152777777778,-83.1243325458863
75359.375,2.51197916666667,-83.1102671584364
75372.9166666667,2.51243055555556,-83.1017228258311
75386.4583333333,2.51288194444444,-83.0986868774008
75400,2.51333333333333,-83.1011536514107
75413.5416666667,2.51378472222222,-83.1091244636046
75427.0833333333,2.51423611111111,-83.1226076149316
75440.625,2.5146875,-83.1416184341415
75454.1666666667,2.51513888888889,-83.1661793560125
75467.7083333333,2.51559027777778,-83.1963200352876
75481.25,2.51604166666667,-83.2320775003497
75494.7916666667,2.51649305555556,-83.2734963468139
75508.3333333333,2.51694444444444,-83.3206289703671
75521.875,2.51739583333333,-83.3735358497394
75535.4166666667,2.51784722222222,-83.4322858679382
75548.9583333333,2.51829861111111,-83.4969566968166
75562.5,2.51875,-83.5676352297665
75576.0416666667,2.51920138888889,-83.6444180788281
75589.5833333333,2.51965277777778,-83.7274121371033
75603.125,2.52010416666667,-83.816735220646
75616.6666666667,2.52055555555556,-83.9125167915124
75630.2083333333,2.52100694444444,-84.0148987734517
75643.75,2.52145833333333,-84.1240364765548
75657.2916666667,2.52190972222222,-84.2400996333331
75670.8333333333,2.52236111111111,-84.3632735824404
75684.375,2.5228125,-84.4937605943155
75697.9166666667,2.52326388888889,-84.6317813739366
75711.4583333333,2.52371527777778,-84.7775767766215
75725,2.52416666666667,-84.9314097443413
75738.5416666667,2.52461805555556,-85.0935675165919
75752.0833333333,2.52506944444444,-85.2643641560968
75765.625,2.52552083333333,-85.4441434404695
75779.1666666667,2.52597222222222,-85.6332821866844
75792.7083333333,2.52642361111111,-85.8321940806045
75806.25,2.526875,-86.0413341074161
75819.7916666667,2.52732638888889,-86.2612037041765
75833.3333333333,2.52777777777778,-86.4923567720061
75846.875,2.52822916666667,-86.7354067130557
75860.4166666667,2.52868055555556,-86.9910347378195
75873.9583333333,2.52913194444444,-87.2599996924984
75887.5,2.52958333333333,-87.5431497761965
75901.0416666667,2.53003472222222,-87.8414365811065
75914.5833333333,2.53048611111111,-88.1559320440018
75928.125,2.5309375,-88.4878490540824
75941.6666666667,2.53138888888889,-88.8385667102406
75955.2083333333,2.53184027777778,-89.2096615332991
75968.75,2.53229166666667,-89.6029464192314
75982.2916666667,2.53274305555556,-90.0205197296725
75995.8333333333,2.53319444444444,-90.4648278987892
76009.375,2.53364583333333,-90.9387462088039
76022.9166666667,2.53409722222222,-91.4456845565928
76036.4583333333,2.53454861111111,-91.9897279956924
76050,2.535,-92.5758268170279
76063.5416666667,2.53545138888889,-93.2100586876796
76077.0833333333,2.53590277777778,-93.8999983355685
76090.625,2.53635416666667,-94.6552525162795
76104.1666666667,2.53680555555556,-95.4882576737258
76117.7083333333,2.53725694444444,-96.4155121716094
76131.25,2.53770833333333,-97.4595622498548
76144.7916666667,2.53815972222222,-98.6523731943225
76158.3333333333,2.53861111111111,-100.041435779316
76171.875,2.5390625,-101.701796932891
76185.4166666667,2.53951388888889,-103.762611364338
76198.9583333333,2.53996527777778,-106.476160647039
76212.5,2.54041666666667,-110.451223540579
76226.0416666667,2.54086805555556,-118.00271279155
76239.5833333333,2.54131944444444,-126.278620707202
76253.125,2.54177083333333,-113.040157235141
76266.6666666667,2.54222222222222,-108.0253887502
76280.2083333333,2.54267361111111,-104.871179575461
76293.75,2.543125,-102.567086771226
76307.2916666667,2.54357638888889,-100.752815291718
76320.8333333333,2.54402777777778,-99.2578751740514
76334.375,2.54447916666667,-97.9879766615382
76347.9166666667,2.54493055555556,-96.8854556090167
76361.4583333333,2.54538194444444,-95.9124619135514
76375,2.54583333333333,-95.04280836857
76388.5416666667,2.54628472222222,-94.2576229739567
76402.0833333333,2.54673611111111,-93.54285561218
76415.625,2.5471875,-92.8877641693599
76429.1666666667,2.54763888888889,-92.2839518351837
76442.7083333333,2.54809027777778,-91.7247310339146
76456.25,2.54854166666667,-91.2046894076555
76469.7916666667,2.54899305555556,-90.7193854270501
76483.3333333333,2.54944444444444,-90.2651297579118
76496.875,2.54989583333333,-89.8388249541993
76510.4166666667,2.55034722222222,-89.4378457302957
76523.9583333333,2.55079861111111,-89.0599480889528
76537.5,2.55125,-88.7031993477901
76551.0416666667,2.55170138888889,-88.3659235362205
76564.5833333333,2.55215277777778,-88.046658291954
76578.125,2.55260416666667,-87.7441204708419
76591.6666666667,2.55305555555556,-87.4571784379382
76605.2083333333,2.55350694444444,-87.1848295324397
76618.75,2.55395833333333,-86.9261816024307
76632.2916666667,2.55440972222222,-86.6804377549577
76645.8333333333,2.55486111111111,-86.446883670527
76659.375,2.5553125,-86.2248769871927
76672.9166666667,2.55576388888889,-86.0138383545216
76686.4583333333,2.55621527777778,-85.8132438703641
76700,2.55666666666667,-85.6226186273196
76713.5416666667,2.55711805555556,-85.4415312116188
76727.0833333333,2.55756944444444,-85.269588956826
76740.625,2.55802083333333,-85.1064338684788
76754.1666666667,2.55847222222222,-84.951739080151
76767.7083333333,2.55892361111111,-84.8052057831242
76781.25,2.559375,-84.6665605439155
76794.7916666667,2.55982638888889,-84.5355529601384
76808.3333333333,2.56027777777778,-84.4119536059329
76821.875,2.56072916666667,-84.2955522229131
76835.4166666667,2.56118055555556,-84.1861561287341
76848.9583333333,2.56163194444444,-84.0835888135876
76862.5,2.56208333333333,-83.9876886947437
76876.0416666667,2.56253472222222,-83.8983080228616
76889.5833333333,2.56298611111111,-83.815311902692
76903.125,2.5634375,-83.7385774352307
76916.6666666667,2.56388888888889,-83.6679929518277
76930.2083333333,2.56434027777778,-83.603457340343
76943.75,2.56479166666667,-83.5448794474737
76957.2916666667,2.56524305555556,-83.4921775521289
76970.8333333333,2.56569444444444,-83.4452789059176
76984.375,2.56614583333333,-83.4041193265149
76997.9166666667,2.56659722222222,-83.3686428528691
77011.4583333333,2.56704861111111,-83.3388014406149
77025,2.5675,-83.3145547091613
77038.5416666667,2.56795138888889,-83.2958697318223
77052.0833333333,2.56840277777778,-83.282720863174
77065.625,2.56885416666667,-83.2750896098782
77079.1666666667,2.56930555555556,-83.2729645332206
77092.7083333333,2.56975694444444,-83.2763411930427
77106.25,2.57020833333333,-83.2852221238244
77119.7916666667,2.57065972222222,-83.2996168492039
77133.3333333333,2.57111111111111,-83.3195419291817
77146.875,2.5715625,-83.3450210431917
77160.4166666667,2.57201388888889,-83.3760851173164
77173.9583333333,2.57246527777778,-83.4127724760476
77187.5,2.57291666666667,-83.455129047522
77201.0416666667,2.57336805555556,-83.5032086046076
77214.5833333333,2.57381944444444,-83.5570730525065
77228.125,2.57427083333333,-83.616792764246
77241.6666666667,2.57472222222222,-83.6824469677711
77255.2083333333,2.57517361111111,-83.7541241917928
77268.75,2.575625,-83.8319227748777
77282.2916666667,2.57607638888889,-83.9159514426315
77295.8333333333,2.57652777777778,-84.0063299541915
77309.375,2.57697916666667,-84.103189851101
77322.9166666667,2.57743055555556,-84.206675284049
77336.4583333333,2.57788194444444,-84.3169439576923
77350,2.57833333333333,-84.4341681915908
77363.5416666667,2.57878472222222,-84.5585361235844
77377.0833333333,2.57923611111111,-84.6902530669112
77390.625,2.5796875,-84.8295430493561
77404.1666666667,2.58013888888889,-84.9766505573201
77417.7083333333,2.58059027777778,-85.1318425225635
77431.25,2.58104166666667,-85.2954105804032
77444.7916666667,2.58149305555556,-85.4676736590182
77458.3333333333,2.58194444444444,-85.6489809286849
77471.875,2.58239583333333,-85.8397152210921
77485.4166666667,2.58284722222222,-86.0402969416608
77498.9583333333,2.58329861111111,-86.251188623674
77512.5,2.58375,-86.4729002104359
77526.0416666667,2.58420138888889,-86.7059952301476
77539.5833333333,2.58465277777778,-86.9510980381129
77553.125,2.58510416666667,-87.2089023532877
77566.6666666667,2.58555555555556,-87.480181388256
77580.2083333333,2.58600694444444,-87.7657999212811
77593.75,2.58645833333333,-88.0667287980244
77607.2916666667,2.58690972222222,-88.3840624376579
77620.8333333333,2.58736111111111,-88.7190401642222
77634.375,2.5878125,-89.0730723693843
77647.9166666667,2.58826388888889,-89.4477729132754
77661.4583333333,2.58871527777778,-89.8449996095252
77675,2.58916666666667,-90.2669053566221
77688.5416666667,2.58961805555556,-90.7160034619638
77702.0833333333,2.59006944444444,-91.1952521437558
77715.625,2.59052083333333,-91.7081654156693
77729.1666666667,2.59097222222222,-92.2589608847003
77742.7083333333,2.59142361111111,-92.8527602382208
77756.25,2.591875,-93.4958667787276
77769.7916666667,2.59232638888889,-94.1961584001769
77783.3333333333,2.59277777777778,-94.9636590098838
77796.875,2.59322916666667,-95.8113953451249
77810.4166666667,2.59368055555556,-96.7567294501442
77823.9583333333,2.59413194444444,-97.8235236997641
77837.5,2.59458333333333,-99.0458529038462
77851.0416666667,2.59503472222222,-100.474814844847
77864.5833333333,2.59548611111111,-102.1921766107
77878.125,2.5959375,-104.341209914702
77891.6666666667,2.59638888888889,-107.209755999715
77905.2083333333,2.59684027777778,-111.529292625549
77918.75,2.59729166666667,-120.517808267466
77932.2916666667,2.59774305555556,-122.297545222096
77945.8333333333,2.59819444444444,-112.124048590111
77959.375,2.59864583333333,-107.570535899646
77972.9166666667,2.59909722222222,-104.603193024068
77986.4583333333,2.59954861111111,-102.400395203766
78000,2.6,-100.649733758169
78013.5416666667,2.60045138888889,-99.198490431991
78027.0833333333,2.60090277777778,-97.9604903028311
78040.625,2.60135416666667,-96.8823021738091
78054.1666666667,2.60180555555556,-95.9285003384307
78067.7083333333,2.60225694444444,-95.0743861653147
78081.25,2.60270833333333,-94.3020522174391
78094.7916666667,2.60315972222222,-93.5981008757883
78108.3333333333,2.60361111111111,-92.9522472306361
78121.875,2.6040625,-92.3564243647826
78135.4166666667,2.60451388888889,-91.8041887304425
78148.9583333333,2.60496527777778,-91.2903123623811
78162.5,2.60541666666667,-90.8104956707068
78176.0416666667,2.60586805555556,-90.3611603563741
78189.5833333333,2.60631944444444,-89.9392970978781
78203.125,2.60677083333333,-89.5423514382677
78216.6666666667,2.60722222222222,-89.168136973854
78230.2083333333,2.60767361111111,-88.8147683277781
78243.75,2.608125,-88.4806087566248
78257.2916666667,2.60857638888889,-88.1642287064279
78270.8333333333,2.60902777777778,-87.8643726851061
78284.375,2.60947916666667,-87.5799325312989
78297.9166666667,2.60993055555556,-87.3099256484232
78311.4583333333,2.61038194444444,-87.0534771351961
78325,2.61083333333333,-86.8098050236622
78338.5416666667,2.61128472222222,-86.5782079675338
78352.0833333333,2.61173611111111,-86.3580549441956
78365.625,2.6121875,-86.1487765639446
78379.1666666667,2.61263888888889,-85.9498577075351
78392.7083333333,2.61309027777778,-85.7608312524372
78406.25,2.61354166666667,-85.581272705
78419.7916666667,2.61399305555556,-85.4107955845694
78433.3333333333,2.61444444444444,-85.2490474373109
78446.875,2.61489583333333,-85.0957063862147
78460.4166666667,2.61534722222222,-84.9504781232722
78473.9583333333,2.61579861111111,-84.8130932982574
78487.5,2.61625,-84.6833052174184
78501.0416666667,2.61670138888889,-84.5608878392465
78514.5833333333,2.61715277777778,-84.4456340047094
78528.125,2.61760416666667,-84.3373538763818
78541.6666666667,2.61805555555556,-84.2358735666417
78555.2083333333,2.61850694444444,-84.1410339179761
78568.75,2.61895833333333,-84.0526894295126
78582.2916666667,2.61940972222222,-83.9707073010913
78595.8333333333,2.61986111111111,-83.8949665894292
78609.375,2.6203125,-83.8253574630757
78622.9166666667,2.62076388888889,-83.7617805338134
78636.4583333333,2.62121527777778,-83.7041462815105
78650,2.62166666666667,-83.6523745334654
78663.5416666667,2.62211805555556,-83.6063940148559
78677.0833333333,2.62256944444444,-83.5661419542263
78690.625,2.62302083333333,-83.531563743137
78704.1666666667,2.62347222222222,-83.5026126449456
78717.7083333333,2.62392361111111,-83.4792495463249
78731.25,2.624375,-83.4614427541867
78744.7916666667,2.62482638888889,-83.4491678288458
78758.3333333333,2.62527777777778,-83.4424074662854
78771.875,2.62572916666667,-83.441151399673
78785.4166666667,2.62618055555556,-83.4453963544307
78798.9583333333,2.62663194444444,-83.4551460282982
78812.5,2.62708333333333,-83.4704111121417
78826.0416666667,2.62753472222222,-83.4912093424659
78839.5833333333,2.62798611111111,-83.5175655932056
78853.125,2.6284375,-83.5495120026407
78866.6666666667,2.62888888888889,-83.5870881409838
78880.2083333333,2.62934027777778,-83.6303412148541
78893.75,2.62979166666667,-83.679326320475
78907.2916666667,2.63024305555556,-83.7341067321056
78920.8333333333,2.63069444444444,-83.7947542570804
78934.375,2.63114583333333,-83.8613496191198
78947.9166666667,2.63159722222222,-83.9339829254106
78961.4583333333,2.63204861111111,-84.0127541783014
78975,2.6325,-84.0977738671944
78988.5416666667,2.63295138888889,-84.1891636328298
79002.0833333333,2.63340277777778,-84.2870570215818
79015.625,2.63385416666667,-84.3916003379874
79029.1666666667,2.63430555555556,-84.5029536021947
79042.7083333333,2.63475694444444,-84.6212916385455
79056.25,2.63520833333333,-84.7468052937051
79069.7916666667,2.63565972222222,-84.8797028320061
79083.3333333333,2.63611111111111,-85.0202114983093
79096.875,2.6365625,-85.1685793054981
79110.4166666667,2.63701388888889,-85.3250770567053
79123.9583333333,2.63746527777778,-85.4900006583188
79137.5,2.63791666666667,-85.6636737618491
79151.0416666667,2.63836805555556,-85.8464507884786
79164.5833333333,2.63881944444444,-86.0387204166089
79178.125,2.63927083333333,-86.2409095989733
79191.6666666667,2.63972222222222,-86.4534882187256
79205.2083333333,2.64017361111111,-86.6769745169544
79218.75,2.640625,-86.9119414156546
79232.2916666667,2.64107638888889,-87.1590239623082
79245.8333333333,2.64152777777778,-87.4189281032308
79259.375,2.64197916666667,-87.6924411013082
79272.9166666667,2.64243055555556,-87.980443971975
79286.4583333333,2.64288194444444,-88.2839264231472
79300,2.64333333333333,-88.6040049344836
79313.5416666667,2.64378472222222,-88.9419447911218
79327.0833333333,2.64423611111111,-89.2991871611309
79340.625,2.6446875,-89.6773826716486
79354.1666666667,2.64513888888889,-90.0784334329342
79367.7083333333,2.64559027777778,-90.5045462084488
79381.25,2.64604166666667,-90.9583004804694
79394.7916666667,2.64649305555556,-91.4427366916487
79408.3333333333,2.64694444444444,-91.9614723155026
79421.875,2.64739583333333,-92.5188569856662
79435.4166666667,2.64784722222222,-93.1201836117366
79448.9583333333,2.64829861111111,-93.7719816032358
79462.5,2.64875,-94.4824337994083
79476.0416666667,2.64920138888889,-95.2619855301529
79489.5833333333,2.64965277777778,-96.1242629563707
79503.125,2.65010416666667,-97.0875106403654
79516.6666666667,2.65055555555556,-98.1769460903493
79530.2083333333,2.65100694444444,-99.4288372469692
79543.75,2.65145833333333,-100.898079316784
79557.2916666667,2.65190972222222,-102.673636625043
79570.8333333333,2.65236111111111,-104.914280992609
79584.375,2.6528125,-107.948488413267
79597.9166666667,2.65326388888889,-112.659277414283
79611.4583333333,2.65371527777778,-123.730433044562
79625,2.65416666666667,-119.772798699149
79638.5416666667,2.65461805555556,-111.364044418633
79652.0833333333,2.65506944444444,-107.177096047456
79665.625,2.65552083333333,-104.368630466302
79679.1666666667,2.65597222222222,-102.254653172763
79692.7083333333,2.65642361111111,-100.5607740601
79706.25,2.656875,-99.1489969921244
79719.7916666667,2.65732638888889,-97.9400469755571
79733.3333333333,2.65777777777778,-96.8841566884922
79746.875,2.65822916666667,-95.9480263494912
79760.4166666667,2.65868055555556,-95.1082756410317
79773.9583333333,2.65913194444444,-94.3478580976543
79787.5,2.65958333333333,-93.653962224075
79801.0416666667,2.66003472222222,-93.0167159807582
79814.5833333333,2.66048611111111,-92.4283516812343
79828.125,2.6609375,-91.8826479496733
79841.6666666667,2.66138888888889,-91.3745452600476
79855.2083333333,2.66184027777778,-90.8998740398092
79868.75,2.66229166666667,-90.4551579699954
79882.2916666667,2.66274305555556,-90.0374688327956
79895.8333333333,2.66319444444444,-89.6443174995056
79909.375,2.66364583333333,-89.27357077015
79922.9166666667,2.66409722222222,-88.9233870513483
79936.4583333333,2.66454861111111,-88.5921659505747
79950,2.665,-88.2785083631862
79963.5416666667,2.66545138888889,-87.9811844904357
79977.0833333333,2.66590277777778,-87.6991080076928
79990.625,2.66635416666667,-87.4313150022584
80004.1666666667,2.66680555555556,-87.1769466569805
80017.7083333333,2.66725694444444,-86.9352349238037
80031.25,2.66770833333333,-86.7054905749812
80044.7916666667,2.66815972222222,-86.4870931858311
80058.3333333333,2.66861111111111,-86.2794826821728
80071.875,2.6690625,-86.0821521644294
80085.4166666667,2.66951388888889,-85.8946418037527
80098.9583333333,2.66996527777778,-85.7165335932679
80112.5,2.67041666666667,-85.5474468521058
80126.0416666667,2.67086805555556,-85.3870343276349
80139.5833333333,2.67131944444444,-85.2349788258253
80153.125,2.67177083333333,-85.0909902727118
80166.6666666667,2.67222222222222,-84.9548031510558
80180.2083333333,2.67267361111111,-84.8261742592013
80193.75,2.673125,-84.7048807404959
80207.2916666667,2.67357638888889,-84.5907183555466
80220.8333333333,2.67402777777778,-84.4834999459691
80234.375,2.67447916666667,-84.3830540979313
80247.9166666667,2.67493055555556,-84.2892239410355
80261.4583333333,2.67538194444444,-84.2018660977361
80275,2.67583333333333,-84.1208497453363
80288.5416666667,2.67628472222222,-84.0460557912071
80302.0833333333,2.67673611111111,-83.977376136997
80315.625,2.6771875,-83.9147130318636
80329.1666666667,2.67763888888889,-83.8579784987635
80342.7083333333,2.67809027777778,-83.8070938319081
80356.25,2.67854166666667,-83.7619891546839
80369.7916666667,2.67899305555556,-83.7226030349829
80383.3333333333,2.67944444444444,-83.6888821481015
80396.875,2.67989583333333,-83.6607810022063
80410.4166666667,2.68034722222222,-83.6382616874408
80423.9583333333,2.68079861111111,-83.6212936850393
80437.5,2.68125,-83.6098537080241
80451.0416666667,2.68170138888889,-83.6039255809867
80464.5833333333,2.68215277777778,-83.6035001596097
80478.125,2.68260416666667,-83.6085752813069
80491.6666666667,2.68305555555556,-83.6191557571569
80505.2083333333,2.68350694444444,-83.6352533937392
80518.75,2.68395833333333,-83.6568870552822
80532.2916666667,2.68440972222222,-83.6840827599051
80545.8333333333,2.68486111111111,-83.7168738125207
80559.375,2.6853125,-83.7553009758064
80572.9166666667,2.68576388888889,-83.7994126873303
80586.4583333333,2.68621527777778,-83.8492653135457
80600,2.68666666666667,-83.9049234516311
80613.5416666667,2.68711805555556,-83.9664602848828
80627.0833333333,2.68756944444444,-84.0339579842411
80640.625,2.68802083333333,-84.1075081759065
80654.1666666667,2.68847222222222,-84.1872124715923
80667.7083333333,2.68892361111111,-84.273183062826
80681.25,2.689375,-84.3655434086315
80694.7916666667,2.68982638888889,-84.464428997266
80708.3333333333,2.69027777777778,-84.5699882159877
80721.875,2.69072916666667,-84.6823833295747
80735.4166666667,2.69118055555556,-84.8017915848082
80748.9583333333,2.69163194444444,-84.9284064609655
80762.5,2.69208333333333,-85.0624390816903
80776.0416666667,2.69253472222222,-85.2041198168451
80789.5833333333,2.69298611111111,-85.3537001020028
80803.125,2.6934375,-85.5114545037989
80816.6666666667,2.69388888888889,-85.6776830806815
80830.2083333333,2.69434027777778,-85.8527140823134
80843.75,2.69479166666667,-86.0369070388151
80857.2916666667,2.69524305555556,-86.2306563257367
80870.8333333333,2.69569444444444,-86.4343952745614
80884.375,2.69614583333333,-86.6486009429512
80897.9166666667,2.69659722222222,-86.873799663681
80911.4583333333,2.69704861111111,-87.1105735378629
80925,2.6975,-87.359568063453
80938.5416666667,2.69795138888889,-87.6215011474864
80952.0833333333,2.69840277777778,-87.8971738083284
80965.625,2.69885416666667,-88.1874829685016
80979.1666666667,2.69930555555556,-88.4934368426523
80992.7083333333,2.69975694444444,-88.8161735670632
81006.25,2.70020833333333,-89.1569839440342
81019.7916666667,2.70065972222222,-89.5173394297408
81033.3333333333,2.70111111111111,-89.8989268784786
81046.875,2.7015625,-90.3036921114234
81060.4166666667,2.70201388888889,-90.7338951304587
81073.9583333333,2.70246527777778,-91.1921809339013
81087.5,2.70291666666667,-91.6816715187212
81101.0416666667,2.70336805555556,-92.2060872079915
81114.5833333333,2.70381944444444,-92.7699091982334
81128.125,2.70427083333333,-93.3786014811423
81141.6666666667,2.70472222222222,-94.0389201084637
81155.2083333333,2.70517361111111,-94.7593546966256
81168.75,2.705625,-95.5507763530459
81182.2916666667,2.70607638888889,-96.4274199285423
81195.8333333333,2.70652777777778,-97.4084316611144
81209.375,2.70697916666667,-98.5204241762308
81222.9166666667,2.70743055555556,-99.8019450321215
81236.4583333333,2.70788194444444,-101.311886717611
81250,2.70833333333333,-103.14692200611
81263.5416666667,2.70878472222222,-105.482852388245
81277.0833333333,2.70923611111111,-108.694706484422
81290.625,2.7096875,-113.854628342777
81304.1666666667,2.71013888888889,-128.35866193764
81317.7083333333,2.71059027777778,-117.96026884256
81331.25,2.71104166666667,-110.721777260845
81344.7916666667,2.71149305555556,-106.833610228228
81358.3333333333,2.71194444444444,-104.162006625257
81371.875,2.71239583333333,-102.126609261264
81385.4166666667,2.71284722222222,-100.483767910934
81398.9583333333,2.71329861111111,-99.1078403068756
81412.5,2.71375,-97.9254778403992
81426.0416666667,2.71420138888889,-96.8901112226002
81439.5833333333,2.71465277777778,-95.9703184171072
81453.125,2.71510416666667,-95.1438941859858
81466.6666666667,2.71555555555556,-94.3945650471562
81480.2083333333,2.71600694444444,-93.7100488582501
81493.75,2.71645833333333,-93.0808482655139
81507.2916666667,2.71690972222222,-92.4994682664455
81520.8333333333,2.71736111111111,-91.9598906695281
81534.375,2.7178125,-91.4572104532247
81547.9166666667,2.71826388888889,-90.9873776327435
81561.4583333333,2.71871527777778,-90.5470099032882
81575,2.71916666666667,-90.1332539803143
81588.5416666667,2.71961805555556,-89.7436811981053
81602.0833333333,2.72006944444444,-89.3762076889878
81615.625,2.72052083333333,-89.0290325080192
81629.1666666667,2.72097222222222,-88.7005890738448
81642.7083333333,2.72142361111111,-88.3895066255126
81656.25,2.721875,-88.0945793136507
81669.7916666667,2.72232638888889,-87.8147411956475
81683.3333333333,2.72277777777778,-87.5490458087007
81696.875,2.72322916666667,-87.2966493723794
81710.4166666667,2.72368055555556,-87.0567968667807
81723.9583333333,2.72413194444444,-86.8288104127963
81737.5,2.72458333333333,-86.6120795200536
81751.0416666667,2.72503472222222,-86.4060528496885
81764.5833333333,2.72548611111111,-86.2102312227179
81778.125,2.7259375,-86.0241616536237
81791.6666666667,2.72638888888889,-85.8474322367961
81805.2083333333,2.72684027777778,-85.6796677441917
81818.75,2.72729166666667,-85.5205258176321
81832.2916666667,2.72774305555556,-85.369693673335
81845.8333333333,2.72819444444444,-85.2268852232801
81859.375,2.72864583333333,-85.0918385666237
81872.9166666667,2.72909722222222,-84.9643137924186
81886.4583333333,2.72954861111111,-84.8440910513609
81900,2.73,-84.7309688568527
81913.5416666667,2.73045138888889,-84.6247625865325
81927.0833333333,2.73090277777778,-84.525303160406
81940.625,2.73135416666667,-84.4324358730596
81954.1666666667,2.73180555555556,-84.3460193546323
81967.7083333333,2.73225694444444,-84.2659246569196
81981.25,2.73270833333333,-84.1920344388372
81994.7916666667,2.73315972222222,-84.1242422461971
82008.3333333333,2.73361111111111,-84.0624518779387
82021.875,2.7340625,-84.0065768250627
82035.4166666667,2.73451388888889,-83.9565397742687
82048.9583333333,2.73496527777778,-83.9122721770785
82062.5,2.73541666666667,-83.8737138738895
82076.0416666667,2.73586805555556,-83.8408127666343
82089.5833333333,2.73631944444444,-83.8135245431762
82103.125,2.73677083333333,-83.7918124445631
82116.6666666667,2.73722222222222,-83.7756470728839
82130.2083333333,2.73767361111111,-83.7650062388067
82143.75,2.738125,-83.7598748484139
82157.2916666667,2.73857638888889,-83.7602448288599
82170.8333333333,2.73902777777778,-83.7661150830222
82184.375,2.73947916666667,-83.7774914873216
82197.9166666667,2.73993055555556,-83.7943869202412
82211.4583333333,2.74038194444444,-83.8168213275551
82225,2.74083333333333,-83.8448218253246
82238.5416666667,2.74128472222222,-83.8784228392557
82252.0833333333,2.74173611111111,-83.9176662810017
82265.625,2.7421875,-83.9626017732144
82279.1666666667,2.74263888888889,-84.0132869043779
82292.7083333333,2.74309027777778,-84.0697875479964
82306.25,2.74354166666667,-84.1321782159096
82319.7916666667,2.74399305555556,-84.2005424751986
82333.3333333333,2.74444444444444,-84.2749734212931
82346.875,2.74489583333333,-84.3555742185732
82360.4166666667,2.74534722222222,-84.4424587102224
82373.9583333333,2.74579861111111,-84.535752111768
82387.5,2.74625,-84.6355917931234
82401.0416666667,2.74670138888889,-84.7421281614153
82414.5833333333,2.74715277777778,-84.8555256548376
82428.125,2.74760416666667,-84.9759638759724
82441.6666666667,2.74805555555556,-85.1036388546837
82455.2083333333,2.74850694444444,-85.2387644946573
82468.75,2.74895833333333,-85.3815742020748
82482.2916666667,2.74940972222222,-85.5323227410616
82495.8333333333,2.74986111111111,-85.6912883400486
82509.375,2.7503125,-85.858775099256
82522.9166666667,2.75076388888889,-86.0351157455899
82536.4583333333,2.75121527777778,-86.2206747876538
82550,2.75166666666667,-86.4158521594799
82563.5416666667,2.75211805555556,-86.621087413968
82577.0833333333,2.75256944444444,-86.8368646131424
82590.625,2.75302083333333,-87.0637179960066
82604.1666666667,2.75347222222222,-87.3022386361437
82617.7083333333,2.75392361111111,-87.5530822570784
82631.25,2.754375,-87.8169784741842
82644.7916666667,2.75482638888889,-88.0947417866557
82658.3333333333,2.75527777777778,-88.3872847187972
82671.875,2.75572916666667,-88.6956336471402
82685.4166666667,2.75618055555556,-89.0209479904009
82698.9583333333,2.75663194444444,-89.3645436492698
82712.5,2.75708333333333,-89.7279219088462
82726.0416666667,2.75753472222222,-90.1128053427773
82739.5833333333,2.75798611111111,-90.5211829354089
82753.125,2.7584375,-90.9553673320778
82766.6666666667,2.75888888888889,-91.4180684277995
82780.2083333333,2.75934027777778,-91.912489164325
82793.75,2.75979166666667,-92.4424521356313
82807.2916666667,2.76024305555556,-93.0125696942477
82820.8333333333,2.76069444444444,-93.6284768269004
82834.375,2.76114583333333,-94.2971568262996
82847.9166666667,2.76159722222222,-95.0274079821291
82861.4583333333,2.76204861111111,-95.8305316289154
82875,2.7625,-96.721380737204
82888.5416666667,2.76295138888889,-97.720022783126
82902.0833333333,2.76340277777778,-98.8545065221826
82915.625,2.76385416666667,-100.165748756065
82929.1666666667,2.76430555555556,-101.716849266053
82942.7083333333,2.76475694444444,-103.612737897487
82956.25,2.76520833333333,-106.047940994245
82969.7916666667,2.76565972222222,-109.45097483284
82983.3333333333,2.76611111111111,-115.132986553536
82996.875,2.7665625,-137.50675992871
83010.4166666667,2.76701388888889,-116.568998579366
83023.9583333333,2.76746527777778,-110.170938566609
83037.5,2.76791666666667,-106.531296449172
83051.0416666667,2.76836805555556,-103.978920934444
83064.5833333333,2.76881944444444,-102.013592410567
83078.125,2.76927083333333,-100.416909481978
83091.6666666667,2.76972222222222,-99.0737149074114
83105.2083333333,2.77017361111111,-97.9157964430047
83118.75,2.770625,-96.8993974239792
83132.2916666667,2.77107638888889,-95.9947653005677
83145.8333333333,2.77152777777778,-95.1807484130449
83159.375,2.77197916666667,-94.4417709977134
83172.9166666667,2.77243055555556,-93.7660313286317
83186.4583333333,2.77288194444444,-93.1443736654365
83200,2.77333333333333,-92.569552571117
83213.5416666667,2.77378472222222,-92.0357364285665
83227.0833333333,2.77423611111111,-91.538162500894
83240.625,2.7746875,-91.0728912068741
83254.1666666667,2.77513888888889,-90.6366272254246
83267.7083333333,2.77559027777778,-90.2265867385622
83281.25,2.77604166666667,-89.8403972370102
83294.7916666667,2.77649305555556,-89.4760207376456
83308.3333333333,2.77694444444444,-89.1316941657282
83321.875,2.77739583333333,-88.8058824719609
83335.4166666667,2.77784722222222,-88.4972413681391
83348.9583333333,2.77829861111111,-88.2045873982384
83362.5,2.77875,-87.9268736881591
83376.0416666667,2.77920138888889,-87.663170124879
83389.5833333333,2.77965277777778,-87.4126470282361
83403.125,2.78010416666667,-87.1745616016266
83416.6666666667,2.78055555555556,-86.9482466238497
83430.2083333333,2.78100694444444,-86.7331009419944
83443.75,2.78145833333333,-86.5285814303698
83457.2916666667,2.78190972222222,-86.3341961756444
83470.8333333333,2.78236111111111,-86.1494986397634
83484.375,2.7828125,-85.9740826625117
83497.9166666667,2.78326388888889,-85.8075781573912
83511.4583333333,2.78371527777778,-85.6496473858766
83525,2.78416666666667,-85.4999817236646
83538.5416666667,2.78461805555556,-85.3582988476586
83552.0833333333,2.78506944444444,-85.2243402743453
83565.625,2.78552083333333,-85.097869204925
83579.1666666667,2.78597222222222,-84.9786686312901
83592.7083333333,2.78642361111111,-84.8665396763257
83606.25,2.786875,-84.7613001150334
83619.7916666667,2.78732638888889,-84.6627830810845
83633.3333333333,2.78777777777778,-84.5708359193766
83646.875,2.78822916666667,-84.485319165894
83660.4166666667,2.78868055555556,-84.4061056488001
83673.9583333333,2.78913194444444,-84.3330796902184
83687.5,2.78958333333333,-84.2661363995546
83701.0416666667,2.79003472222222,-84.2051810489949
83714.5833333333,2.79048611111111,-84.1501285245435
83728.125,2.7909375,-84.1009028373458
83741.6666666667,2.79138888888889,-84.0574367074755
83755.2083333333,2.79184027777778,-84.0196711852035
83768.75,2.79229166666667,-83.9875553419299
83782.2916666667,2.79274305555556,-83.9610459948209
83795.8333333333,2.79319444444444,-83.9401074817557
83809.375,2.79364583333333,-83.9247114750695
83822.9166666667,2.79409722222222,-83.9148368369233
83836.4583333333,2.79454861111111,-83.9104695100092
83850,2.795,-83.9116024463792
83863.5416666667,2.79545138888889,-83.9182355709995
83877.0833333333,2.79590277777778,-83.930375784526
83890.625,2.79635416666667,-83.9480369919295
83904.1666666667,2.79680555555556,-83.9712401802233
83917.7083333333,2.79725694444444,-84.0000135222585
83931.25,2.79770833333333,-84.034392521893
83944.7916666667,2.79815972222222,-84.0744201986784
83958.3333333333,2.79861111111111,-84.120147314793
83971.875,2.7990625,-84.1716326443113
83985.4166666667,2.79951388888889,-84.2289432876679
83998.9583333333,2.79996527777778,-84.2921550435235
84012.5,2.80041666666667,-84.3613528259691
84026.0416666667,2.80086805555556,-84.4366311554165
84039.5833333333,2.80131944444444,-84.5180946970834
84053.125,2.80177083333333,-84.6058588948979
84066.6666666667,2.80222222222222,-84.7000506678414
84080.2083333333,2.80267361111111,-84.8008092095163
84093.75,2.803125,-84.9082868864358
84107.2916666667,2.80357638888889,-85.0226502511817
84120.8333333333,2.80402777777778,-85.1440811894112
84134.375,2.80447916666667,-85.2727782136603
84147.9166666667,2.80493055555556,-85.4089579286927
84161.4583333333,2.80538194444444,-85.5528566980321
84175,2.80583333333333,-85.7047325223874
84188.5416666667,2.80628472222222,-85.8648671993244
84202.0833333333,2.80673611111111,-86.0335687662658
84215.625,2.8071875,-86.2111743170136
84229.1666666667,2.80763888888889,-86.398053217091
84242.7083333333,2.80809027777778,-86.5946108216546
84256.25,2.80854166666667,-86.8012927672044
84269.7916666667,2.80899305555556,-87.018589954002
84283.3333333333,2.80944444444444,-87.2470443570675
84296.875,2.80989583333333,-87.4872558277301
84310.4166666667,2.81034722222222,-87.7398901033353
84323.9583333333,2.81079861111111,-88.0056882714926
84337.5,2.81125,-88.2854780519038
84351.0416666667,2.81170138888889,-88.58018728249
84364.5833333333,2.81215277777778,-88.8908601832522
84378.125,2.81260416666667,-89.2186770977209
84391.6666666667,2.81305555555556,-89.5649786384797
84405.2083333333,2.81350694444444,-89.9312954792712
84418.75,2.81395833333333,-90.319385444193
84432.2916666667,2.81440972222222,-90.7312801550514
84445.8333333333,2.81486111111111,-91.1693443548494
84459.375,2.8153125,-91.6363522515364
84472.9166666667,2.81576388888889,-92.1355871595955
84486.4583333333,2.81621527777778,-92.6709734298206
84500,2.81666666666667,-93.2472542038256
84513.5416666667,2.81711805555556,-93.8702354413948
84527.0833333333,2.81756944444444,-94.5471283285025
84540.625,2.81802083333333,-95.2870418214103
84554.1666666667,2.81847222222222,-96.1017120153667
84567.7083333333,2.81892361111111,-97.0066196473228
84581.25,2.819375,-98.0227734183229
84594.7916666667,2.81982638888889,-99.1797003791423
84608.3333333333,2.82027777777778,-100.520779555917
84621.875,2.82072916666667,-102.113539047035
84635.4166666667,2.82118055555556,-104.071755306255
84648.9583333333,2.82163194444444,-106.61056273027
84662.5,2.82208333333333,-110.220136372011
84676.0416666667,2.82253472222222,-116.518291713985
84689.5833333333,2.82298611111111,-140.221601167021
84703.125,2.8234375,-115.454811559287
84716.6666666667,2.82388888888889,-109.692737330769
84730.2083333333,2.82434027777778,-106.26329158416
84743.75,2.82479166666667,-103.815798099909
84757.2916666667,2.82524305555556,-101.913387485607
84770.8333333333,2.82569444444444,-100.35868317074
84784.375,2.82614583333333,-99.0455172524784
84797.9166666667,2.82659722222222,-97.9101654021649
84811.4583333333,2.82704861111111,-96.911361646795
84825,2.8275,-96.0208467266813
84838.5416666667,2.82795138888889,-95.2184187102256
84852.0833333333,2.82840277777778,-94.4891347043449
84865.625,2.82885416666667,-93.8216309823408
84879.1666666667,2.82930555555556,-93.2070645802476
84892.7083333333,2.82975694444444,-92.6384193837885
84906.25,2.83020833333333,-92.1100357568101
84919.7916666667,2.83065972222222,-91.6172824597852
84933.3333333333,2.83111111111111,-91.156322191715
84946.875,2.8315625,-90.7239403852069
84960.4166666667,2.83201388888889,-90.3174178326089
84973.9583333333,2.83246527777778,-89.9344343354684
84987.5,2.83291666666667,-89.5729947275996
85001.0416666667,2.83336805555556,-89.2313713159906
85014.5833333333,2.83381944444444,-88.9080585476786
85028.125,2.83427083333333,-88.6017369257807
85041.6666666667,2.83472222222222,-88.3112439908936
85055.2083333333,2.83517361111111,-88.0355507629565
85068.75,2.835625,-87.7737424861242
85082.2916666667,2.83607638888889,-87.5250027334622
85095.8333333333,2.83652777777778,-87.2886002107584
85109.375,2.83697916666667,-87.0638777310119
85122.9166666667,2.83743055555556,-86.8502429354571
85136.4583333333,2.83788194444444,-86.647160448057
85150,2.83833333333333,-86.4541452047297
85163.5416666667,2.83878472222222,-86.2707567546941
85177.0833333333,2.83923611111111,-86.0965943652176
85190.625,2.8396875,-85.9312928105305
85204.1666666667,2.84013888888889,-85.7745187143826
85217.7083333333,2.84059027777778,-85.6259673934498
85231.25,2.84104166666667,-85.4853600858207
85244.7916666667,2.84149305555556,-85.3524415438046
85258.3333333333,2.84194444444444,-85.2269779170264
85271.875,2.84239583333333,-85.1087548950213
85285.4166666667,2.84284722222222,-84.9975760697448
85298.9583333333,2.84329861111111,-84.8932614936183
85312.5,2.84375,-84.7956464025318
85326.0416666667,2.84420138888889,-84.7045800887419
85339.5833333333,2.84465277777778,-84.6199248976
85353.125,2.84510416666667,-84.5415553492177
85366.6666666667,2.84555555555556,-84.4693573475132
85380.2083333333,2.84600694444444,-84.4032274889026
85393.75,2.84645833333333,-84.3430724500139
85407.2916666667,2.84690972222222,-84.288808445892
85420.8333333333,2.84736111111111,-84.2403607536846
85434.375,2.8478125,-84.1976632973611
85447.9166666667,2.84826388888889,-84.1606582892673
85461.4583333333,2.84871527777778,-84.1292959144723
85475,2.84916666666667,-84.1035340722031
85488.5416666667,2.84961805555556,-84.0833381470426
85502.0833333333,2.85006944444444,-84.0686808409045
85515.625,2.85052083333333,-84.059542020064
85529.1666666667,2.85097222222222,-84.055908621676
85542.7083333333,2.85142361111111,-84.0577745829636
85556.25,2.851875,-84.065140810894
85569.7916666667,2.85232638888889,-84.078015187709
85583.3333333333,2.85277777777778,-84.0964126098626
85596.875,2.85322916666667,-84.1203550648939
85610.4166666667,2.85368055555556,-84.1498717447032
85623.9583333333,2.85413194444444,-84.1849991913419
85637.5,2.85458333333333,-84.2257814956696
85651.0416666667,2.85503472222222,-84.2722705197949
85664.5833333333,2.85548611111111,-84.3245261811937
85678.125,2.8559375,-84.3826167691765
85691.6666666667,2.85638888888889,-84.4466193258393
85705.2083333333,2.85684027777778,-84.5166200732027
85718.75,2.85729166666667,-84.5927149059674
85732.2916666667,2.85774305555556,-84.6750099511495
85745.8333333333,2.85819444444444,-84.7636222005809
85759.375,2.85864583333333,-84.8586802284252
85772.9166666667,2.85909722222222,-84.9603249983718
85786.4583333333,2.85954861111111,-85.068710782656
85800,2.86,-85.1840061863205
85813.5416666667,2.86045138888889,-85.3063953176307
85827.0833333333,2.86090277777778,-85.4360791037155
85840.625,2.86135416666667,-85.5732767816025
85854.1666666667,2.86180555555556,-85.7182275898778
85867.7083333333,2.86225694444444,-85.8711926895409
85881.25,2.86270833333333,-86.0324573530976
85894.7916666667,2.86315972222222,-86.2023334635514
85908.3333333333,2.86361111111111,-86.3811623714913
85921.875,2.8640625,-86.5693181898083
85935.4166666667,2.86451388888889,-86.767211569226
85948.9583333333,2.86496527777778,-86.9752940903238
85962.5,2.86541666666667,-87.1940633466575
85976.0416666667,2.86586805555556,-87.4240688838187
85989.5833333333,2.86631944444444,-87.6659191505184
86003.125,2.86677083333333,-87.9202896940798
86016.6666666667,2.86722222222222,-88.1879328601642
86030.2083333333,2.86767361111111,-88.4696893416853
86043.75,2.868125,-88.7665020177605
86057.2916666667,2.86857638888889,-89.0794326517666
86070.8333333333,2.86902777777778,-89.4096821816005
86084.375,2.86947916666667,-89.7586155602583
86097.9166666667,2.86993055555556,-90.1277924446964
86111.4583333333,2.87038194444444,-90.51900545931
86125,2.87083333333333,-90.9343283860111
86138.5416666667,2.87128472222222,-91.3761775377342
86152.0833333333,2.87173611111111,-91.8473909093372
86165.625,2.8721875,-92.3513316454397
86179.1666666667,2.87263888888889,-92.8920253915842
86192.7083333333,2.87309027777778,-93.4743457692772
86206.25,2.87354166666667,-94.1042697486085
86219.7916666667,2.87399305555556,-94.7892371372584
86233.3333333333,2.87444444444444,-95.5386696158594
86246.875,2.87489583333333,-96.3647427316592
86260.4166666667,2.87534722222222,-97.2835748323693
86273.9583333333,2.87579861111111,-98.3171363197038
86287.5,2.87625,-99.4964759440547
86301.0416666667,2.87670138888889,-100.86753158597
86314.5833333333,2.87715277777778,-102.502492521768
86328.125,2.87760416666667,-104.524616333115
86341.6666666667,2.87805555555556,-107.171742509389
86355.2083333333,2.87850694444444,-111.005390238177
86368.75,2.87895833333333,-118.044379818877
86382.2916666667,2.87940972222222,-130.116841094162
86395.8333333333,2.87986111111111,-114.535755649867
86409.375,2.8803125,-109.273309920915
86422.9166666667,2.88076388888889,-106.024142197598
86436.4583333333,2.88121527777778,-103.669700909365
86450,2.88166666666667,-101.824141792364
86463.5416666667,2.88211805555556,-100.307808074974
86477.0833333333,2.88256944444444,-99.0223088588935
86490.625,2.88302083333333,-97.9078700654297
86504.1666666667,2.88347222222222,-96.9254451578577
86517.7083333333,2.88392361111111,-96.04811792428
86531.25,2.884375,-95.2565467928555
86544.7916666667,2.88482638888889,-94.5363655339452
86558.3333333333,2.88527777777778,-93.8766114229494
86571.875,2.88572916666667,-93.2687289940853
86585.4166666667,2.88618055555556,-92.7059136513141
86598.9583333333,2.88663194444444,-92.1826648279074
86612.5,2.88708333333333,-91.6944732389974
86626.0416666667,2.88753472222222,-91.2375966428194
86639.5833333333,2.88798611111111,-90.8088956738609
86653.125,2.8884375,-90.4057113952046
86666.6666666667,2.88888888888889,-90.0257724951956
86680.2083333333,2.88934027777778,-89.6671238638829
86693.75,2.88979166666667,-89.3280709587171
86707.2916666667,2.89024305555556,-89.0071358972333
86720.8333333333,2.89069444444444,-88.7030224633628
86734.375,2.89114583333333,-88.4145879272395
86747.9166666667,2.89159722222222,-88.140820151932
86761.4583333333,2.89204861111111,-87.8808188399816
86775,2.8925,-87.6337800541759
86788.5416666667,2.89295138888889,-87.3989833477547
86802.0833333333,2.89340277777778,-87.1757810059113
86815.625,2.89385416666667,-86.9635889740706
86829.1666666667,2.89430555555556,-86.7618791975912
86842.7083333333,2.89475694444444,-86.5701730926468
86856.25,2.89520833333333,-86.3880359654305
86869.7916666667,2.89565972222222,-86.2150722213638
86883.3333333333,2.89611111111111,-86.0509212364098
86896.875,2.8965625,-85.8952537751744
86910.4166666667,2.89701388888889,-85.7477688835814
86923.9583333333,2.89746527777778,-85.6081911816354
86937.5,2.89791666666667,-85.4762684907318
86951.0416666667,2.89836805555556,-85.3517697632712
86964.5833333333,2.89881944444444,-85.2344832448808
86978.125,2.89927083333333,-85.1242148814111
86991.6666666667,2.89972222222222,-85.0207868876454
87005.2083333333,2.90017361111111,-84.9240364991619
87018.75,2.900625,-84.8338148612501
87032.2916666667,2.90107638888889,-84.7499860456297
87045.8333333333,2.90152777777778,-84.6724261808053
87059.375,2.90197916666667,-84.6010226798193
87072.9166666667,2.90243055555556,-84.5356735575877
87086.4583333333,2.90288194444444,-84.4762868323615
87100,2.90333333333333,-84.4227799857695
87113.5416666667,2.90378472222222,-84.3750795052881
87127.0833333333,2.90423611111111,-84.3331204687306
87140.625,2.9046875,-84.296846196825
87154.1666666667,2.90513888888889,-84.2662079433631
87167.7083333333,2.90559027777778,-84.2411646403353
87181.25,2.90604166666667,-84.2216826821359
87194.7916666667,2.90649305555556,-84.2077357510158
87208.3333333333,2.90694444444444,-84.1993046826288
87221.875,2.90739583333333,-84.196377367523
87235.4166666667,2.90784722222222,-84.1989486909468
87248.9583333333,2.90829861111111,-84.2070205023553
87262.5,2.90875,-84.2206016329681
87276.0416666667,2.90920138888889,-84.2397079318479
87289.5833333333,2.90965277777778,-84.2643623524675
87303.125,2.91010416666667,-84.2945950681443
87316.6666666667,2.91055555555556,-84.3304436281269
87330.2083333333,2.91100694444444,-84.3719531533112
87343.75,2.91145833333333,-84.4191765735985
87357.2916666667,2.91190972222222,-84.4721749091917
87370.8333333333,2.91236111111111,-84.531017604922
87384.375,2.9128125,-84.5957829042017
87397.9166666667,2.91326388888889,-84.6665582977222
87411.4583333333,2.91371527777778,-84.7434410162561
87425,2.91416666666667,-84.8265386022604
87438.5416666667,2.91461805555556,-84.9159695518954
87452.0833333333,2.91506944444444,-85.0118640474219
87465.625,2.91552083333333,-85.1143647764661
87479.1666666667,2.91597222222222,-85.2236278602747
87492.7083333333,2.91642361111111,-85.3398239034865
87506.25,2.916875,-85.4631391792139
87519.7916666667,2.91732638888889,-85.5937769667831
87533.3333333333,2.91777777777778,-85.7319590666743
87546.875,2.91822916666667,-85.8779275221245
87560.4166666667,2.91868055555556,-86.0319465773546
87573.9583333333,2.91913194444444,-86.1943048975146
87587.5,2.91958333333333,-86.3653181163502
87601.0416666667,2.92003472222222,-86.5453317500696
87614.5833333333,2.92048611111111,-86.7347245440557
87628.125,2.9209375,-86.9339123345864
87641.6666666667,2.92138888888889,-87.1433525161999
87655.2083333333,2.92184027777778,-87.3635492375153
87668.75,2.92229166666667,-87.5950594549591
87682.2916666667,2.92274305555556,-87.8385000493527
87695.8333333333,2.92319444444444,-88.0945561930355
87709.375,2.92364583333333,-88.3639912766869
87722.9166666667,2.92409722222222,-88.647658739618
87736.4583333333,2.92454861111111,-88.9465162485456
87750,2.925,-89.2616428294462
87763.5416666667,2.92545138888889,-89.5942596970944
87777.0833333333,2.92590277777778,-89.9457557998546
87790.625,2.92635416666667,-90.3177193983985
87804.1666666667,2.92680555555556,-90.7119774980697
87817.7083333333,2.92725694444444,-91.1306455869245
87831.25,2.92770833333333,-91.5761910641473
87844.7916666667,2.92815972222222,-92.0515152117902
87858.3333333333,2.92861111111111,-92.5600605233155
87871.875,2.9290625,-93.1059535136822
87885.4166666667,2.92951388888889,-93.6941980317969
87898.9583333333,2.92996527777778,-94.3309421640962
87912.5,2.93041666666667,-95.0238551329429
87926.0416666667,2.93086805555556,-95.7826735094062
87939.5833333333,2.93131944444444,-96.6200171034372
87953.125,2.93177083333333,-97.5526519881402
87966.6666666667,2.93222222222222,-98.6035312568694
87980.2083333333,2.93267361111111,-99.8052701375872
87993.75,2.933125,-101.206465867947
88007.2916666667,2.93357638888889,-102.884214586183
88020.8333333333,2.93402777777778,-104.971938963482
88034.375,2.93447916666667,-107.732524746273
88047.9166666667,2.93493055555556,-111.810391447941
88061.4583333333,2.93538194444444,-119.761550745112
88075,2.93583333333333,-125.815926261821
88088.5416666667,2.93628472222222,-113.760826291996
88102.0833333333,2.93673611111111,-108.902154652837
88115.625,2.9371875,-105.809452509075
88129.1666666667,2.93763888888889,-103.53819245874
88142.7083333333,2.93809027777778,-101.744293893244
88156.25,2.93854166666667,-100.26319470968
88169.7916666667,2.93899305555556,-99.0032871893506
88183.3333333333,2.93944444444444,-97.9082974988674
88196.875,2.93989583333333,-96.9411682060758
88210.4166666667,2.94034722222222,-96.0761971121599
88223.9583333333,2.94079861111111,-95.2948256233753
88237.5,2.94125,-94.5832151598637
88251.0416666667,2.94170138888889,-93.9307715613263
88264.5833333333,2.94215277777778,-93.3292045951067
88278.125,2.94260416666667,-92.7719054242352
88291.6666666667,2.94305555555556,-92.2535211157539
88305.2083333333,2.94350694444444,-91.7696558297883
88318.75,2.94395833333333,-91.3166559467093
88332.2916666667,2.94440972222222,-90.8914523374477
88345.8333333333,2.94486111111111,-90.4914424553021
88359.375,2.9453125,-90.1144007809284
88372.9166666667,2.94576388888889,-89.7584097970451
88386.4583333333,2.94621527777778,-89.4218060971833
88400,2.94666666666667,-89.1031378222144
88413.5416666667,2.94711805555556,-88.8011306679823
88427.0833333333,2.94756944444444,-88.5146605051558
88440.625,2.94802083333333,-88.2427310727388
88454.1666666667,2.94847222222222,-87.9844557240959
88467.7083333333,2.94892361111111,-87.7390423196101
88481.25,2.949375,-87.5057806683195
88494.7916666667,2.94982638888889,-87.2840320101592
88508.3333333333,2.95027777777778,-87.0732201565492
88521.875,2.95072916666667,-86.8728239848312
88535.4166666667,2.95118055555556,-86.6823710520848
88548.9583333333,2.95163194444444,-86.5014321214296
88562.5,2.95208333333333,-86.3296164767767
88576.0416666667,2.95253472222222,-86.1665678590499
88589.5833333333,2.95298611111111,-86.0119609637399
88603.125,2.9534375,-85.8654983825889
88616.6666666667,2.95388888888889,-85.726907948726
88630.2083333333,2.95434027777778,-85.5959404051391
88643.75,2.95479166666667,-85.472367364324
88657.2916666667,2.95524305555556,-85.3559795144162
88670.8333333333,2.95569444444444,-85.2465850342894
88684.375,2.95614583333333,-85.1440082034234
88697.9166666667,2.95659722222222,-85.0480881616966
88711.4583333333,2.95704861111111,-84.9586778246122
88725,2.9575,-84.8756429064338
88738.5416666667,2.95795138888889,-84.7988610741636
88752.0833333333,2.95840277777778,-84.7282211814569
88765.625,2.95885416666667,-84.6636226004097
88779.1666666667,2.95930555555556,-84.6049746274819
88792.7083333333,2.95975694444444,-84.5521959613511
88806.25,2.96020833333333,-84.5052142441358
88819.7916666667,2.96065972222222,-84.4639656625253
88833.3333333333,2.96111111111111,-84.4283945945291
88846.875,2.9615625,-84.3984533231821
88860.4166666667,2.96201388888889,-84.3741017707914
88873.9583333333,2.96246527777778,-84.3553072983645
88887.5,2.96291666666667,-84.342044534111
88901.0416666667,2.96336805555556,-84.33429524442
88914.5833333333,2.96381944444444,-84.3320482374405
88928.125,2.96427083333333,-84.3352993089651
88941.6666666667,2.96472222222222,-84.344051221681
88955.2083333333,2.96517361111111,-84.3583137174264
88968.75,2.965625,-84.3781035665561
88982.2916666667,2.96607638888889,-84.4034446542742
88995.8333333333,2.96652777777778,-84.4343681045604
89009.375,2.96697916666667,-84.4709124392025
89022.9166666667,2.96743055555556,-84.5131237759541
89036.4583333333,2.96788194444444,-84.5610560778563
89050,2.96833333333333,-84.6147714372706
89063.5416666667,2.96878472222222,-84.6743404133308
89077.0833333333,2.96923611111111,-84.7398424217992
89090.625,2.9696875,-84.811366180419
89104.1666666667,2.97013888888889,-84.8890102184141
89117.7083333333,2.97059027777778,-84.9728834527814
89131.25,2.97104166666667,-85.0631058475571
89144.7916666667,2.97149305555556,-85.159809144531
89158.3333333333,2.97194444444444,-85.2631377082289
89171.875,2.97239583333333,-85.3732494650594
89185.4166666667,2.97284722222222,-85.4903169655626
89198.9583333333,2.97329861111111,-85.6145285924321
89212.5,2.97375,-85.7460899178348
89226.0416666667,2.97420138888889,-85.8852252457277
89239.5833333333,2.97465277777778,-86.0321793577988
89253.125,2.97510416666667,-86.1872195047027
89266.6666666667,2.97555555555556,-86.3506376689821
89280.2083333333,2.97600694444444,-86.5227531507517
89293.75,2.97645833333333,-86.7039155391621
89307.2916666667,2.97690972222222,-86.8945081124428
89320.8333333333,2.97736111111111,-87.0949517816038
89334.375,2.9778125,-87.3057096370903
89347.9166666667,2.97826388888889,-87.5272922477926
89361.4583333333,2.97871527777778,-87.7602638433108
89375,2.97916666666667,-88.0052495714374
89388.5416666667,2.97961805555556,-88.2629440546186
89402.0833333333,2.98006944444444,-88.5341215377764
89415.625,2.98052083333333,-88.8196479834977
89429.1666666667,2.98097222222222,-89.1204956147842
89442.7083333333,2.98142361111111,-89.4377604499638
89456.25,2.981875,-89.7726836906693
89469.7916666667,2.98232638888889,-90.1266779530543
89483.3333333333,2.98277777777778,-90.5013597459358
89496.875,2.98322916666667,-90.8985900655188
89510.4166666667,2.98368055555556,-91.3205256755506
89523.9583333333,2.98413194444444,-91.7696846235798
89537.5,2.98458333333333,-92.2490310098585
89551.0416666667,2.98503472222222,-92.7620862337622
89564.5833333333,2.98548611111111,-93.3130773118603
89578.125,2.9859375,-93.9071381279967
89591.6666666667,2.98638888888889,-94.5505880363606
89605.2083333333,2.98684027777778,-95.2513265651698
89618.75,2.98729166666667,-96.0194074391808
89632.2916666667,2.98774305555556,-96.8678997065174
89645.8333333333,2.98819444444444,-97.8142275216467
89659.375,2.98864583333333,-98.8823482873049
89672.9166666667,2.98909722222222,-100.106489912473
89686.4583333333,2.98954861111111,-101.538013702828
89700,2.99,-103.259182179962
89713.5416666667,2.99045138888889,-105.414321508576
89727.0833333333,2.99090277777778,-108.29398454827
89740.625,2.99135416666667,-112.639380743847
89754.1666666667,2.99180555555556,-121.749648174002
89767.7083333333,2.99225694444444,-123.114644575687
89781.25,2.99270833333333,-113.09615830335
89794.7916666667,2.99315972222222,-108.571140504108
89808.3333333333,2.99361111111111,-105.615634705396
89821.875,2.9940625,-103.419233088959
89835.4166666667,2.99451388888889,-101.672518674657
89848.9583333333,2.99496527777778,-100.223910999105
89862.5,2.99541666666667,-98.9877624309022
89876.0416666667,2.99586805555556,-97.9109196188058
89889.5833333333,2.99631944444444,-96.9581171401926
89903.125,2.99677083333333,-96.1047553369702
89916.6666666667,2.99722222222222,-95.3329911784733
89930.2083333333,2.99767361111111,-94.6294707678022
89943.75,2.998125,-93.9839399175764
89957.2916666667,2.99857638888889,-93.3883539353092
89970.8333333333,2.99902777777778,-92.8362857368458
89984.375,2.99947916666667,-92.3225198268934
89997.9166666667,2.99993055555556,-91.8427662133575
90011.4583333333,3.00038194444444,-91.3934541331244
90025,3.00083333333333,-90.9715802310198
90038.5416666667,3.00128472222222,-90.5745948601825
90052.0833333333,3.00173611111111,-90.2003155209826
90065.625,3.0021875,-89.8468600488293
90079.1666666667,3.00263888888889,-89.5125943611153
90092.7083333333,3.00309027777778,-89.1960911271619
90106.25,3.00354166666667,-88.8960967284777
90119.7916666667,3.00399305555556,-88.611504589509
90133.3333333333,3.00444444444444,-88.3413334686365
90146.875,3.00489583333333,-88.0847096269859
90160.4166666667,3.00534722222222,-87.8408520963102
90173.9583333333,3.00579861111111,-87.6090603969466
90187.5,3.00625,-87.3887042652609
90201.0416666667,3.00670138888889,-87.179214967655
90214.5833333333,3.00715277777778,-86.9800779628597
90228.125,3.00760416666667,-86.790826636654
90241.6666666667,3.00805555555556,-86.6110369430893
90255.2083333333,3.00850694444444,-86.4403227966898
90268.75,3.00895833333333,-86.2783320950282
90282.2916666667,3.00940972222222,-86.1247432686873
90295.8333333333,3.00986111111111,-85.9792622916319
90309.375,3.0103125,-85.8416200508841
90322.9166666667,3.01076388888889,-85.711570075307
90336.4583333333,3.01121527777778,-85.5888865163301
90350,3.01166666666667,-85.4733623854583
90363.5416666667,3.01211805555556,-85.3648079974464
90377.0833333333,3.01256944444444,-85.2630495994479
90390.625,3.01302083333333,-85.1679281526235
90404.1666666667,3.01347222222222,-85.0792982588854
90417.7083333333,3.01392361111111,-84.9970272081336
90431.25,3.014375,-84.9209941360066
90444.7916666667,3.01482638888889,-84.8510892756798
90458.3333333333,3.01527777777778,-84.7872132951867
90471.875,3.01572916666667,-84.7292767197497
90485.4166666667,3.01618055555556,-84.6771994117041
90498.9583333333,3.01663194444444,-84.6309101217591
90512.5,3.01708333333333,-84.5903460966824
90526.0416666667,3.01753472222222,-84.555452737208
90539.5833333333,3.01798611111111,-84.5261833065047
90553.125,3.0184375,-84.5024986834136
90566.6666666667,3.01888888888889,-84.4843671587913
90580.2083333333,3.01934027777778,-84.4717642714525
90593.75,3.01979166666667,-84.4646726798376
90607.2916666667,3.02024305555556,-84.4630820809497
90620.8333333333,3.02069444444444,-84.4669891495876
90634.375,3.02114583333333,-84.4763975252556
90647.9166666667,3.02159722222222,-84.4913178327671
90661.4583333333,3.02204861111111,-84.51176773184
90675,3.0225,-84.5377720102012
90688.5416666667,3.02295138888889,-84.5693627094798
90702.0833333333,3.02340277777778,-84.6065792923532
90715.625,3.02385416666667,-84.6494688471866
90729.1666666667,3.02430555555556,-84.6980863352353
90742.7083333333,3.02475694444444,-84.7524948897259
90756.25,3.02520833333333,-84.8127661519577
90769.7916666667,3.02565972222222,-84.8789806762568
90783.3333333333,3.02611111111111,-84.9512283733381
90796.875,3.0265625,-85.0296090348902
90810.4166666667,3.02701388888889,-85.1142329170731
90823.9583333333,3.02746527777778,-85.2052214068348
90837.5,3.02791666666667,-85.3027077716035
90851.0416666667,3.02836805555556,-85.4068380081671
90864.5833333333,3.02881944444444,-85.5177717989453
90878.125,3.02927083333333,-85.6356835984055
90891.6666666667,3.02972222222222,-85.7607638422309
90905.2083333333,3.03017361111111,-85.8932203442805
90918.75,3.030625,-86.0332798517707
90932.2916666667,3.03107638888889,-86.1811898225276
90945.8333333333,3.03152777777778,-86.3372204464946
90959.375,3.03197916666667,-86.5016669484511
90972.9166666667,3.03243055555556,-86.6748522187404
90986.4583333333,3.03288194444444,-86.8571298280285
91000,3.03333333333333,-87.0488874993984
91013.5416666667,3.03378472222222,-87.2505511135463
91027.0833333333,3.03423611111111,-87.4625893444295
91040.625,3.0346875,-87.685519056481
91054.1666666667,3.03513888888889,-87.9199116192929
91067.7083333333,3.03559027777778,-88.1664002969313
91081.25,3.03604166666667,-88.4256889967062
91094.7916666667,3.03649305555556,-88.6985626322627
91108.3333333333,3.03694444444444,-88.9858994975695
91121.875,3.03739583333333,-89.2886861342134
91135.4166666667,3.03784722222222,-89.6080353118726
91148.9583333333,3.03829861111111,-89.9452079438783
91162.5,3.03875,-90.3016400103319
91176.0416666667,3.03920138888889,-90.6789759277942
91189.5833333333,3.03965277777778,-91.079110322944
91203.125,3.04010416666667,-91.5042408444208
91216.6666666667,3.04055555555556,-91.9569357632234
91230.2083333333,3.04100694444444,-92.4402215801731
91243.75,3.04145833333333,-92.9576982043071
91257.2916666667,3.04190972222222,-93.5136928266708
91270.8333333333,3.04236111111111,-94.113469218228
91284.375,3.0428125,-94.7635182533676
91297.9166666667,3.04326388888889,-95.4719707142758
91311.4583333333,3.04371527777778,-96.2491998590471
91325,3.04416666666667,-97.1087291108221
91338.5416666667,3.04461805555556,-98.0686513970142
91352.0833333333,3.04506944444444,-99.1539506233443
91365.625,3.04552083333333,-100.400515190236
91379.1666666667,3.04597222222222,-101.862579695045
91392.7083333333,3.04642361111111,-103.627847524822
91406.25,3.046875,-105.852346783634
91419.7916666667,3.04732638888889,-108.857239830271
91433.3333333333,3.04777777777778,-113.497357711096
91446.875,3.04822916666667,-124.147372615322
91460.4166666667,3.04868055555556,-121.174825111085
91473.9583333333,3.04913194444444,-112.518147112747
91487.5,3.04958333333333,-108.273854606769
91501.0416666667,3.05003472222222,-105.439728210603
91514.5833333333,3.05048611111111,-103.311102060672
91528.125,3.0509375,-101.607684434821
91541.6666666667,3.05138888888889,-100.189155223754
91555.2083333333,3.05184027777778,-98.9751388667443
91568.75,3.05229166666667,-97.9152794568062
91582.2916666667,3.05274305555556,-96.9759339090015
91595.8333333333,3.05319444444444,-96.1335081584981
91609.375,3.05364583333333,-95.3708157020426
91622.9166666667,3.05409722222222,-94.6749494691626
91636.4583333333,3.05454861111111,-94.035969949962
91650,3.055,-93.446060456814
91663.5416666667,3.05545138888889,-92.8989631900153
91677.0833333333,3.05590277777778,-92.3895909608117
91690.625,3.05635416666667,-91.9137528177573
91704.1666666667,3.05680555555556,-91.4679556551472
91717.7083333333,3.05725694444444,-91.0492578884785
91731.25,3.05770833333333,-90.6551596111104
91744.7916666667,3.05815972222222,-90.2835188400133
91758.3333333333,3.05861111111111,-89.9324867341914
91771.875,3.0590625,-89.600456897006
91785.4166666667,3.05951388888889,-89.2860251698592
91798.9583333333,3.05996527777778,-88.9879574929166
91812.5,3.06041666666667,-88.7051639163597
91826.0416666667,3.06086805555556,-88.4366774162755
91839.5833333333,3.06131944444444,-88.1816364969262
91853.125,3.06177083333333,-87.939270784324
91866.6666666667,3.06222222222222,-87.7088890243431
91880.2083333333,3.06267361111111,-87.4898690152265
91893.75,3.063125,-87.2816491140399
91907.2916666667,3.06357638888889,-87.0837210363594
91920.8333333333,3.06402777777778,-86.8956237178641
91934.375,3.06447916666667,-86.7169380481504
91947.9166666667,3.06493055555556,-86.5472823566596
91961.4583333333,3.06538194444444,-86.3863084987378
91975,3.06583333333333,-86.2336984708142
91988.5416666667,3.06628472222222,-86.0891614630238
92002.0833333333,3.06673611111111,-85.9524312869608
92015.625,3.0671875,-85.8232641249948
92029.1666666667,3.06763888888889,-85.7014365529932
92042.7083333333,3.06809027777778,-85.5867438028646
92056.25,3.06854166666667,-85.4789982340173
92069.7916666667,3.06899305555556,-85.3780279711804
92083.3333333333,3.06944444444444,-85.2836757184068
92096.875,3.06989583333333,-85.1957976948737
92110.4166666667,3.07034722222222,-85.1142626953916
92123.9583333333,3.07079861111111,-85.0389512638529
92137.5,3.07125,-84.9697549544209
92151.0416666667,3.07170138888889,-84.9065756820536
92164.5833333333,3.07215277777778,-84.8493251462743
92178.125,3.07260416666667,-84.7979243268244
92191.6666666667,3.07305555555556,-84.7523030416652
92205.2083333333,3.07350694444444,-84.7123995563588
92218.75,3.07395833333333,-84.6781602508546
92232.2916666667,3.07440972222222,-84.6495393353891
92245.8333333333,3.07486111111111,-84.6264986085838
92259.375,3.0753125,-84.6090072561393
92272.9166666667,3.07576388888889,-84.5970416941515
92286.4583333333,3.07621527777778,-84.5905854464433
92300,3.07666666666667,-84.5896290617395
92313.5416666667,3.07711805555556,-84.5941700654916
92327.0833333333,3.07756944444444,-84.604212948104
92340.625,3.07802083333333,-84.6197691838088
92354.1666666667,3.07847222222222,-84.6408572947394
92367.7083333333,3.07892361111111,-84.6675029428357
92381.25,3.079375,-84.6997390592963
92394.7916666667,3.07982638888889,-84.7376060193555
92408.3333333333,3.08027777777778,-84.7811518508678
92421.875,3.08072916666667,-84.8304324878669
92435.4166666667,3.08118055555556,-84.8855120708834
92448.9583333333,3.08163194444444,-84.9464632980801
92462.5,3.08208333333333,-85.0133678253235
92476.0416666667,3.08253472222222,-85.0863167269479
92489.5833333333,3.08298611111111,-85.1654110234573
92503.125,3.0834375,-85.250762276754
92516.6666666667,3.08388888888889,-85.3424932586566
92530.2083333333,3.08434027777778,-85.4407387244054
92543.75,3.08479166666667,-85.5456462630919
92557.2916666667,3.08524305555556,-85.6573772734503
92570.8333333333,3.08569444444444,-85.7761080610357
92584.375,3.08614583333333,-85.902031076428
92597.9166666667,3.08659722222222,-86.0353563186719
92611.4583333333,3.08704861111111,-86.1763129234337
92625,3.0875,-86.3251509649594
92638.5416666667,3.08795138888889,-86.482143514076
92652.0833333333,3.08840277777778,-86.6475889647449
92665.625,3.08885416666667,-86.8218137224084
92679.1666666667,3.08930555555556,-87.0051752630904
92692.7083333333,3.08975694444444,-87.1980656628307
92706.25,3.09020833333333,-87.4009156750965
92719.7916666667,3.09065972222222,-87.6141994538193
92733.3333333333,3.09111111111111,-87.838440047389
92746.875,3.0915625,-88.0742158281612
92760.4166666667,3.09201388888889,-88.3221680437336
92773.9583333333,3.09246527777778,-88.5830097303091
92787.5,3.09291666666667,-88.8575362998479
92801.0416666667,3.09336805555556,-89.1466381798895
92814.5833333333,3.09381944444444,-89.45131603234
92828.125,3.09427083333333,-89.7726991396598
92841.6666666667,3.09472222222222,-90.11206786719
92855.2083333333,3.09517361111111,-90.470881276071
92868.75,3.095625,-90.8508113834666
92882.2916666667,3.09607638888889,-91.2537860962875
92895.8333333333,3.09652777777778,-91.6820435875504
92909.375,3.09697916666667,-92.1382019697284
92922.9166666667,3.09743055555556,-92.6253497603195
92936.4583333333,3.09788194444444,-93.1471650103808
92950,3.09833333333333,-93.7080748209521
92963.5416666667,3.09878472222222,-94.3134727692661
92977.0833333333,3.09923611111111,-94.9700215416358
92990.625,3.0996875,-95.686084233125
93004.1666666667,3.10013888888889,-96.4723561310446
93017.7083333333,3.10059027777778,-97.3428203590995
93031.25,3.10104166666667,-98.3162495912673
93044.7916666667,3.10149305555556,-99.4186771815753
93058.3333333333,3.10194444444444,-100.68770148853
93071.875,3.10239583333333,-102.180544460827
93085.4166666667,3.10284722222222,-103.99064104486
93098.9583333333,3.10329861111111,-106.286586146707
93112.5,3.10375,-109.423464923985
93126.0416666667,3.10420138888889,-114.39031602662
93139.5833333333,3.10465277777778,-127.230274952631
93153.125,3.10510416666667,-119.6799357231
93166.6666666667,3.10555555555556,-112.009705203615
93180.2083333333,3.10600694444444,-108.005158725527
93193.75,3.10645833333333,-105.279266040538
93207.2916666667,3.10690972222222,-103.212337246999
93220.8333333333,3.10736111111111,-101.548819032228
93234.375,3.1078125,-100.158234347249
93247.9166666667,3.10826388888889,-98.9648997230555
93261.4583333333,3.10871527777778,-97.920980035373
93275,3.10916666666667,-96.9943074530249
93288.5416666667,3.10961805555556,-96.1622088021395
93302.0833333333,3.11006944444444,-95.408102130991
93315.625,3.11052083333333,-94.7194936972372
93329.1666666667,3.11097222222222,-94.0867361539418
93342.7083333333,3.11142361111111,-93.5022252053221
93356.25,3.111875,-92.9598611414079
93369.7916666667,3.11232638888889,-92.4546768941358
93383.3333333333,3.11277777777778,-91.9825744095105
93396.875,3.11322916666667,-91.5401335727325
93410.4166666667,3.11368055555556,-91.1244709342834
93423.9583333333,3.11413194444444,-90.7331334778469
93437.5,3.11458333333333,-90.3640174539973
93451.0416666667,3.11503472222222,-90.0153055253026
93464.5833333333,3.11548611111111,-89.6854174685613
93478.125,3.1159375,-89.3729710756165
93491.6666666667,3.11638888888889,-89.0767508231929
93505.2083333333,3.11684027777778,-88.7956825286798
93518.75,3.11729166666667,-88.5288126638161
93532.2916666667,3.11774305555556,-88.275291364524
93545.8333333333,3.11819444444444,-88.0343583281716
93559.375,3.11864583333333,-87.8053310708595
93572.9166666667,3.11909722222222,-87.5875950690788
93586.4583333333,3.11954861111111,-87.3805954303006
93600,3.12,-87.1838298324004
93613.5416666667,3.12045138888889,-86.9968424965359
93627.0833333333,3.12090277777778,-86.819219025931
93640.625,3.12135416666667,-86.6505819594913
93654.1666666667,3.12180555555556,-86.4905869302069
93667.7083333333,3.12225694444444,-86.3389193387917
93681.25,3.12270833333333,-86.195291453586
93694.7916666667,3.12315972222222,-86.0594398765919
93708.3333333333,3.12361111111111,-85.9311233288336
93721.875,3.1240625,-85.8101207066984
93735.4166666667,3.12451388888889,-85.6962293677302
93748.9583333333,3.12496527777778,-85.589263623114
93762.5,3.12541666666667,-85.4890534036516
93776.0416666667,3.12586805555556,-85.3954430801646
93789.5833333333,3.12631944444444,-85.3082904197267
93803.125,3.12677083333333,-85.2274656651798
93816.6666666667,3.12722222222222,-85.1528507097289
93830.2083333333,3.12767361111111,-85.0843383760907
93843.75,3.128125,-85.021831774555
93857.2916666667,3.12857638888889,-84.9652437360709
93870.8333333333,3.12902777777778,-84.914496314496
93884.375,3.12947916666667,-84.8695203511603
93897.9166666667,3.12993055555556,-84.8302550941872
93911.4583333333,3.13038194444444,-84.7966478678934
93925,3.13083333333333,-84.768653794493
93938.5416666667,3.13128472222222,-84.7462355585499
93952.0833333333,3.13173611111111,-84.7293632096233
93965.625,3.1321875,-84.7180140089627
93979.1666666667,3.13263888888889,-84.7121723183655
93992.7083333333,3.13309027777778,-84.7118295092031
94006.25,3.13354166666667,-84.7169839299099
94019.7916666667,3.13399305555556,-84.7276408916853
94033.3333333333,3.13444444444444,-84.7438126962928
94046.875,3.13489583333333,-84.7655186994379
94060.4166666667,3.13534722222222,-84.7927854088265
94073.9583333333,3.13579861111111,-84.8256466211947
94087.5,3.13625,-84.8641435983505
94101.0416666667,3.13670138888889,-84.9083252770191
94114.5833333333,3.13715277777778,-84.9582485396081
94128.125,3.13760416666667,-85.0139785076964
94141.6666666667,3.13805555555556,-85.0755889034946
94155.2083333333,3.13850694444444,-85.1431624592799
94168.75,3.13895833333333,-85.2167913827825
94182.2916666667,3.13940972222222,-85.2965778905982
94195.8333333333,3.13986111111111,-85.3826348152676
94209.375,3.1403125,-85.4750862872572
94222.9166666667,3.14076388888889,-85.5740685074055
94236.4583333333,3.14121527777778,-85.6797306208735
94250,3.14166666666667,-85.7922357026801
94263.5416666667,3.14211805555556,-85.9117618727617
94277.0833333333,3.14256944444444,-86.0385035436248
94290.625,3.14302083333333,-86.1726728552183
94304.1666666667,3.14347222222222,-86.314501281581
94317.7083333333,3.14392361111111,-86.464241458881
94331.25,3.144375,-86.6221692723721
94344.7916666667,3.14482638888889,-86.7885862300899
94358.3333333333,3.14527777777778,-86.963822178619
94371.875,3.14572916666667,-87.1482384225216
94385.4166666667,3.14618055555556,-87.3422313075826
94398.9583333333,3.14663194444444,-87.5462363747632
94412.5,3.14708333333333,-87.7607331546901
94426.0416666667,3.14753472222222,-87.9862507703955
94439.5833333333,3.14798611111111,-88.2233744827401
94453.125,3.1484375,-88.472753386794
94466.6666666667,3.14888888888889,-88.7351095031908
94480.2083333333,3.14934027777778,-89.0112485802673
94493.75,3.14979166666667,-89.3020730099984
94507.2916666667,3.15024305555556,-89.608597364258
94520.8333333333,3.15069444444444,-89.9319672278779
94534.375,3.15114583333333,-90.2734821778132
94547.9166666667,3.15159722222222,-90.6346240887794
94561.4583333333,3.15204861111111,-91.0170922830533
94575,3.1525,-91.4228476435192
94588.5416666667,3.15295138888889,-91.8541685196761
94602.0833333333,3.15340277777778,-92.3137225177226
94615.625,3.15385416666667,-92.8046598121481
94629.1666666667,3.15430555555556,-93.3307362949494
94642.7083333333,3.15475694444444,-93.896478746866
94656.25,3.15520833333333,-94.5074105281872
94669.7916666667,3.15565972222222,-95.1703665046743
94683.3333333333,3.15611111111111,-95.8939432387836
94696.875,3.1565625,-96.6891606555904
94710.4166666667,3.15701388888889,-97.5704671054178
94723.9583333333,3.15746527777778,-98.5573263673198
94737.5,3.15791666666667,-99.6768448662307
94751.0416666667,3.15836805555556,-100.968382246
94764.5833333333,3.15881944444444,-102.492267059106
94778.125,3.15927083333333,-104.347974071049
94791.6666666667,3.15972222222222,-106.717603266074
94805.2083333333,3.16017361111111,-109.993905969209
94818.75,3.160625,-115.32557130384
94832.2916666667,3.16107638888889,-131.685474429454
94845.8333333333,3.16152777777778,-118.475893592664
94859.375,3.16197916666667,-111.558081611059
94872.9166666667,3.16243055555556,-107.760879244199
94886.4583333333,3.16288194444444,-105.132174549145
94900,3.16333333333333,-103.121688147135
94913.5416666667,3.16378472222222,-101.495082875839
94927.0833333333,3.16423611111111,-100.130546497304
94940.625,3.1646875,-98.9565948776032
94954.1666666667,3.16513888888889,-97.9276751504402
94967.7083333333,3.16559027777778,-97.012966599009
94981.25,3.16604166666667,-96.1906424864875
94994.7916666667,3.16649305555556,-95.4446794724171
95008.3333333333,3.16694444444444,-94.7629673550688
95021.875,3.16739583333333,-94.1361308666916
95035.4166666667,3.16784722222222,-93.5567640899887
95048.9583333333,3.16829861111111,-93.0189153613922
95062.5,3.16875,-92.5177303479539
95076.0416666667,3.16920138888889,-92.0491983632586
95089.5833333333,3.16965277777778,-91.6099680371631
95103.125,3.17010416666667,-91.1972107738884
95116.6666666667,3.17055555555556,-90.8085178546
95130.2083333333,3.17100694444444,-90.4418216960896
95143.75,3.17145833333333,-90.0953347884992
95157.2916666667,3.17190972222222,-89.7675017272211
95170.8333333333,3.17236111111111,-89.4569611251131
95184.375,3.1728125,-89.1625150620538
95197.9166666667,3.17326388888889,-88.8831043396612
95211.4583333333,3.17371527777778,-88.6177882723876
95225,3.17416666666667,-88.3657280578157
95238.5416666667,3.17461805555556,-88.1261729882909
95252.0833333333,3.17506944444444,-87.8984489409868
95265.625,3.17552083333333,-87.6819487071129
95279.1666666667,3.17597222222222,-87.4761238363004
95292.7083333333,3.17642361111111,-87.2804776970346
95306.25,3.176875,-87.0945595611465
95319.7916666667,3.17732638888889,-86.9179595303069
95333.3333333333,3.17777777777778,-86.7503041687949
95346.875,3.17822916666667,-86.5912527246153
95360.4166666667,3.17868055555556,-86.4404938533565
95373.9583333333,3.17913194444444,-86.2977427673459
95387.5,3.17958333333333,-86.1627387414099
95401.0416666667,3.18003472222222,-86.0352429289031
95414.5833333333,3.18048611111111,-85.9150364493282
95428.125,3.1809375,-85.8019186994893
95441.6666666667,3.18138888888889,-85.6957058604903
95455.2083333333,3.18184027777778,-85.5962295961888
95468.75,3.18229166666667,-85.5033358766178
95482.2916666667,3.18274305555556,-85.4168839587586
95495.8333333333,3.18319444444444,-85.3367454710396
95509.375,3.18364583333333,-85.262803605792
95522.9166666667,3.18409722222222,-85.1949524059357
95536.4583333333,3.18454861111111,-85.1330961311878
95550,3.185,-85.0771486997193
95563.5416666667,3.18545138888889,-85.0270332035899
95577.0833333333,3.18590277777778,-84.9826814674254
95590.625,3.18635416666667,-84.9440336858967
95604.1666666667,3.18680555555556,-84.9110380952959
95617.7083333333,3.18725694444444,-84.8836506973925
95631.25,3.18770833333333,-84.8618350306551
95644.7916666667,3.18815972222222,-84.8455619813463
95658.3333333333,3.18861111111111,-84.8348096298089
95671.875,3.1890625,-84.8295631411063
95685.4166666667,3.18951388888889,-84.8298146898983
95698.9583333333,3.18996527777778,-84.8355634191029
95712.5,3.19041666666667,-84.846815436316
95726.0416666667,3.19086805555556,-84.8635838418731
95739.5833333333,3.19131944444444,-84.8858888043926
95753.125,3.19177083333333,-84.913757652906
95766.6666666667,3.19222222222222,-84.9472250224809
95780.2083333333,3.19267361111111,-84.9863330351094
95793.75,3.193125,-85.0311315199802
95807.2916666667,3.19357638888889,-85.0816782727218
95820.8333333333,3.19402777777778,-85.1380393741069
95834.375,3.19447916666667,-85.2002895451437
95847.9166666667,3.19493055555556,-85.2685125671074
95861.4583333333,3.19538194444444,-85.3428017495824
95875,3.19583333333333,-85.4232604796721
95888.5416666667,3.19628472222222,-85.5100028303768
95902.0833333333,3.19673611111111,-85.6031542551609
95915.625,3.1971875,-85.7028523710215
95929.1666666667,3.19763888888889,-85.8092478434544
95942.7083333333,3.19809027777778,-85.9225053868952
95956.25,3.19854166666667,-86.042804890565
95969.7916666667,3.19899305555556,-86.1703426957183
95983.3333333333,3.19944444444444,-86.3053330339668
95996.875,3.19989583333333,-86.4480096684296
96010.4166666667,3.20034722222222,-86.5986277467702
96023.9583333333,3.20079861111111,-86.7574659167162
96037.5,3.20125,-86.9248287313714
96051.0416666667,3.20170138888889,-87.1010494196561
96064.5833333333,3.20215277777778,-87.286493041083
96078.125,3.20260416666667,-87.481560138997
96091.6666666667,3.20305555555556,-87.6866909489487
96105.2083333333,3.20350694444444,-87.9023702894703
96118.75,3.20395833333333,-88.1291332557175
96132.2916666667,3.20440972222222,-88.3675718883058
96145.8333333333,3.20486111111111,-88.6183430007514
96159.375,3.2053125,-88.8821774681085
96172.9166666667,3.20576388888889,-89.1598912212128
96186.4583333333,3.20621527777778,-89.4523984457475
96200,3.20666666666667,-89.7607274495939
96213.5416666667,3.20711805555556,-90.0860399076915
96227.0833333333,3.20756944444444,-90.4296543860152
96240.625,3.20802083333333,-90.7930753257864
96254.1666666667,3.20847222222222,-91.1780290890771
96267.7083333333,3.20892361111111,-91.5865092285372
96281.25,3.209375,-92.0208339715265
96294.7916666667,3.20982638888889,-92.4837200875086
96308.3333333333,3.21027777777778,-92.9783791068143
96321.875,3.21072916666667,-93.5086444738857
96335.4166666667,3.21118055555556,-94.0791424819201
96348.9583333333,3.21163194444444,-94.6955263036833
96362.5,3.21208333333333,-95.3648034451295
96376.0416666667,3.21253472222222,-96.0958051502274
96389.5833333333,3.21298611111111,-96.8998787673444
96403.125,3.2134375,-97.7919435824022
96416.6666666667,3.21388888888889,-98.792166209937
96430.2083333333,3.21434027777778,-99.9287505923033
96443.75,3.21479166666667,-101.24287090249
96457.2916666667,3.21524305555556,-102.798087159254
96470.8333333333,3.21569444444444,-104.700241235026
96484.375,3.21614583333333,-107.145958029744
96497.9166666667,3.21659722222222,-110.569898657412
96511.4583333333,3.21704861111111,-116.312229443874
96525,3.2175,-140.377683240642
96538.5416666667,3.21795138888889,-117.476048835712
96552.0833333333,3.21840277777778,-111.153521662329
96565.625,3.21885416666667,-107.537585318759
96579.1666666667,3.21930555555556,-104.996697033044
96592.7083333333,3.21975694444444,-103.038078801945
96606.25,3.22020833333333,-101.445747290609
96619.7916666667,3.22065972222222,-100.105566700337
96633.3333333333,3.22111111111111,-98.9498306986259
96646.875,3.2215625,-97.9350618060928
96660.4166666667,3.22201388888889,-97.0316741454896
96673.9583333333,3.22246527777778,-96.2186217101543
96687.5,3.22291666666667,-95.4803989504595
96701.0416666667,3.22336805555556,-94.8052526256578
96714.5833333333,3.22381944444444,-94.1840615505245
96728.125,3.22427083333333,-93.6096055957958
96741.6666666667,3.22472222222222,-93.0760720740677
96755.2083333333,3.22517361111111,-92.5787127238933
96768.75,3.225625,-92.113599199435
96782.2916666667,3.22607638888889,-91.6774450414948
96795.8333333333,3.22652777777778,-91.2674735135376
96809.375,3.22697916666667,-90.8813178320793
96822.9166666667,3.22743055555556,-90.5169447005633
96836.4583333333,3.22788194444444,-90.1725949063151
96850,3.22833333333333,-89.8467366169451
96863.5416666667,3.22878472222222,-89.5380282447067
96877.0833333333,3.22923611111111,-89.24528861512
96890.625,3.2296875,-88.9674727957789
96904.1666666667,3.23013888888889,-88.7036523384838
96917.7083333333,3.23059027777778,-88.4529989894841
96931.25,3.23104166666667,-88.2147711952459
96944.7916666667,3.23149305555556,-87.9883028099957
96958.3333333333,3.23194444444444,-87.7729936187544
96971.875,3.23239583333333,-87.5683013243911
96985.4166666667,3.23284722222222,-87.3737347354169
96998.9583333333,3.23329861111111,-87.1888479550354
97012.5,3.23375,-87.0132353928344
97026.0416666667,3.23420138888889,-86.8465274629183
97039.5833333333,3.23465277777778,-86.6883868752072
97053.125,3.23510416666667,-86.538505407667
97066.6666666667,3.23555555555556,-86.3966010951341
97080.2083333333,3.23600694444444,-86.26241577282
97093.75,3.23645833333333,-86.1357129307348
97107.2916666667,3.23690972222222,-86.0162758191349
97120.8333333333,3.23736111111111,-85.9039057907629
97134.375,3.2378125,-85.7984208305954
97147.9166666667,3.23826388888889,-85.6996542593631
97161.4583333333,3.23871527777778,-85.6074535889925
97175,3.23916666666667,-85.5216795064469
97188.5416666667,3.23961805555556,-85.442204977549
97202.0833333333,3.24006944444444,-85.368914440832
97215.625,3.24052083333333,-85.3017031146887
97229.1666666667,3.24097222222222,-85.2404763677205
97242.7083333333,3.24142361111111,-85.1851491670899
97256.25,3.241875,-85.1356456001702
97269.7916666667,3.24232638888889,-85.0918984468075
97283.3333333333,3.24277777777778,-85.0538488128122
97296.875,3.24322916666667,-85.0214458136776
97310.4166666667,3.24368055555556,-84.9946463011991
97323.9583333333,3.24413194444444,-84.9734146436284
97337.5,3.24458333333333,-84.9577225322233
97351.0416666667,3.24503472222222,-84.9475488406659
97364.5833333333,3.24548611111111,-84.9428795154466
97378.125,3.2459375,-84.9437075055131
97391.6666666667,3.24638888888889,-84.9500327255904
97405.2083333333,3.24684027777778,-84.9618620558972
97418.75,3.24729166666667,-84.9792093761236
97432.2916666667,3.24774305555556,-85.0020956376656
97445.8333333333,3.24819444444444,-85.0305489712132
97459.375,3.24864583333333,-85.0646048285354
97472.9166666667,3.24909722222222,-85.1043061689536
97486.4583333333,3.24954861111111,-85.1497036836322
97500,3.25,-85.2008560687401
97513.5416666667,3.25045138888889,-85.2578303333587
97527.0833333333,3.25090277777778,-85.3207021743772
97540.625,3.25135416666667,-85.389556393054
97554.1666666667,3.25180555555556,-85.4644873808851
97567.7083333333,3.25225694444444,-85.5455996646988
97581.25,3.25270833333333,-85.6330085306682
97594.7916666667,3.25315972222222,-85.7268407227065
97608.3333333333,3.25361111111111,-85.8272352470547
97621.875,3.2540625,-85.9343442524603
97635.4166666667,3.25451388888889,-86.0483340599004
97648.9583333333,3.25496527777778,-86.1693862944928
97662.5,3.25541666666667,-86.2976991792735
97676.0416666667,3.25586805555556,-86.4334890012439
97689.5833333333,3.25631944444444,-86.5769917665139
97703.125,3.25677083333333,-86.7284650839942
97716.6666666667,3.25722222222222,-86.8881903103167
97730.2083333333,3.25767361111111,-87.0564749939438
97743.75,3.258125,-87.2336556775319
97757.2916666667,3.25857638888889,-87.4201011141836
97770.8333333333,3.25902777777778,-87.6162159650818
97784.375,3.25947916666667,-87.8224450889773
97797.9166666667,3.25993055555556,-88.0392785005289
97811.4583333333,3.26038194444444,-88.2672571754125
97825,3.26083333333333,-88.5069798216176
97838.5416666667,3.26128472222222,-88.7591108674208
97852.0833333333,3.26173611111111,-89.0243899014782
97865.625,3.2621875,-89.3036429053321
97879.1666666667,3.26263888888889,-89.5977957002638
97892.7083333333,3.26309027777778,-89.9078901563412
97906.25,3.26354166666667,-90.2351038524157
97919.7916666667,3.26399305555556,-90.580774129257
97933.3333333333,3.26444444444444,-90.9464277664323
97946.875,3.26489583333333,-91.3338179138036
97960.4166666667,3.26534722222222,-91.7449705284952
97973.9583333333,3.26579861111111,-92.1822434231441
97987.5,3.26625,-92.6484022476994
98001.0416666667,3.26670138888889,-93.1467195979701
98014.5833333333,3.26715277777778,-93.6811062509525
98028.125,3.26760416666667,-94.256287875867
98041.6666666667,3.26805555555556,-94.8780475620532
98055.2083333333,3.26850694444444,-95.5535659696697
98068.75,3.26895833333333,-96.2919103711203
98082.2916666667,3.26940972222222,-97.104758426092
98095.8333333333,3.26986111111111,-98.0075063114042
98109.375,3.2703125,-99.0210356160241
98122.9166666667,3.27076388888889,-100.17467308858
98136.4583333333,3.27121527777778,-101.511462782544
98150,3.27166666666667,-103.098327022141
98163.5416666667,3.27211805555556,-105.047822753295
98177.0833333333,3.27256944444444,-107.572210240123
98190.625,3.27302083333333,-111.152889158451
98204.1666666667,3.27347222222222,-117.361875756048
98217.7083333333,3.27392361111111,-144.439078957786
98231.25,3.274375,-116.626846134626
98244.7916666667,3.27482638888889,-110.788406209927
98258.3333333333,3.27527777777778,-107.332426800386
98271.875,3.27572916666667,-104.871334633822
98285.4166666667,3.27618055555556,-102.960578340148
98298.9583333333,3.27663194444444,-101.400176871437
98312.5,3.27708333333333,-100.082835169465
98326.0416666667,3.27753472222222,-98.9442616965734
98339.5833333333,3.27798611111111,-97.9428739151018
98353.125,3.2784375,-97.0502219708618
98366.6666666667,3.27888888888889,-96.2459823038751
98380.2083333333,3.27934027777778,-95.5151307752369
98393.75,3.27979166666667,-94.846247288128
98407.2916666667,3.28024305555556,-94.2304485581209
98420.8333333333,3.28069444444444,-93.6606888645843
98434.375,3.28114583333333,-93.131286327555
98447.9166666667,3.28159722222222,-92.6375926881784
98461.4583333333,3.28204861111111,-92.175757386309
98475,3.2825,-91.7425553719904
98488.5416666667,3.28295138888889,-91.3352590500421
98502.0833333333,3.28340277777778,-90.9515414180686
98515.625,3.28385416666667,-90.5894017350933
98529.1666666667,3.28430555555556,-90.2471076944816
98542.7083333333,3.28475694444444,-89.9231498982292
98556.25,3.28520833333333,-89.6162056076324
98569.7916666667,3.28565972222222,-89.325109615589
98583.3333333333,3.28611111111111,-89.0488305990539
98596.875,3.2865625,-88.7864517833018
98610.4166666667,3.28701388888889,-88.537154997874
98623.9583333333,3.28746527777778,-88.3002074329305
98637.5,3.28791666666667,-88.0749505736736
98651.0416666667,3.28836805555556,-87.8607908915054
98664.5833333333,3.28881944444444,-87.6571919832317
98678.125,3.28927083333333,-87.4636678677303
98691.6666666667,3.28972222222222,-87.2797772747725
98705.2083333333,3.29017361111111,-87.1051187411064
98718.75,3.290625,-86.9393263789476
98732.2916666667,3.29107638888889,-86.7820662173997
98745.8333333333,3.29152777777778,-86.6330330284557
98759.375,3.29197916666667,-86.4919475556992
98772.9166666667,3.29243055555556,-86.358554099374
98786.4583333333,3.29288194444444,-86.2326183871641
98800,3.29333333333333,-86.11392572301
98813.5416666667,3.29378472222222,-86.0022793397545
98827.0833333333,3.29423611111111,-85.8974989526945
98840.625,3.2946875,-85.7994194833746
98854.1666666667,3.29513888888889,-85.7078899249943
98867.7083333333,3.29559027777778,-85.6227723426236
98881.25,3.29604166666667,-85.543940986008
98894.7916666667,3.29649305555556,-85.4712815023994
98908.3333333333,3.29694444444444,-85.4046902398436
98921.875,3.29739583333333,-85.3440736354794
98935.4166666667,3.29784722222222,-85.289347670446
98948.9583333333,3.29829861111111,-85.2404373948289
98962.5,3.29875,-85.1972765060698
98976.0416666667,3.29920138888889,-85.1598069947396
98989.5833333333,3.29965277777778,-85.127978826117
99003.125,3.30010416666667,-85.1017496770827
99016.6666666667,3.30055555555556,-85.0810847128378
99030.2083333333,3.30100694444444,-85.065956408429
99043.75,3.30145833333333,-85.0563444047404
99057.2916666667,3.30190972222222,-85.0522354093597
99070.8333333333,3.30236111111111,-85.0536231183531
99084.375,3.3028125,-85.060508199578
99097.9166666667,3.30326388888889,-85.0728982812924
99111.4583333333,3.30371527777778,-85.090807999491
99125,3.30416666666667,-85.1142590716892
99138.5416666667,3.30461805555556,-85.1432804047744
99152.0833333333,3.30506944444444,-85.1779082461058
99165.625,3.30552083333333,-85.2181863720022
99179.1666666667,3.30597222222222,-85.2641663161639
99192.7083333333,3.30642361111111,-85.3159076463059
99206.25,3.306875,-85.3734782832794
99219.7916666667,3.30732638888889,-85.4369548731349
99233.3333333333,3.30777777777778,-85.5064232182859
99246.875,3.30822916666667,-85.5819787613279
99260.4166666667,3.30868055555556,-85.6637271477104
99273.9583333333,3.30913194444444,-85.7517848462502
99287.5,3.30958333333333,-85.8462798702696
99301.0416666667,3.31003472222222,-85.9473525770944
99314.5833333333,3.31048611111111,-86.0551565761021
99328.125,3.3109375,-86.1698597575038
99341.6666666667,3.31138888888889,-86.2916454479683
99355.2083333333,3.31184027777778,-86.4207137177597
99368.75,3.31229166666667,-86.5572828662243
99382.2916666667,3.31274305555556,-86.701591103594
99395.8333333333,3.31319444444444,-86.8538984539352
99409.375,3.31364583333333,-87.0144889325204
99422.9166666667,3.31409722222222,-87.1836730292466
99436.4583333333,3.31454861111111,-87.3617905464568
99450,3.315,-87.5492138639575
99463.5416666667,3.31545138888889,-87.7463516978685
99477.0833333333,3.31590277777778,-87.9536534502144
99490.625,3.31635416666667,-88.1716142556984
99504.1666666667,3.31680555555556,-88.4007808760274
99517.7083333333,3.31725694444444,-88.6417585924901
99531.25,3.31770833333333,-88.8952193356276
99544.7916666667,3.31815972222222,-89.161911293876
99558.3333333333,3.31861111111111,-89.4426703635429
99571.875,3.3190625,-89.7384338591755
99585.4166666667,3.31951388888889,-90.0502570492196
99598.9583333333,3.31996527777778,-90.3793332380882
99612.5,3.32041666666667,-90.7270183516142
99626.0416666667,3.32086805555556,-91.0948612917281
99639.5833333333,3.32131944444444,-91.4846417650588
99653.125,3.32177083333333,-91.8984178798996
99666.6666666667,3.32222222222222,-92.3385867839818
99680.2083333333,3.32267361111111,-92.8079627369816
99693.75,3.323125,-93.309879163826
99707.2916666667,3.32357638888889,-93.8483239730552
99720.8333333333,3.32402777777778,-94.4281221411096
99734.375,3.32447916666667,-95.0551868277423
99747.9166666667,3.32493055555556,-95.7368724420802
99761.4583333333,3.32538194444444,-96.482483734791
99775,3.32583333333333,-97.3040317216911
99788.5416666667,3.32628472222222,-98.21739566509
99802.0833333333,3.32673611111111,-99.2441846835802
99815.625,3.3271875,-100.414874550841
99829.1666666667,3.32763888888889,-101.774436772553
99842.7083333333,3.32809027777778,-103.393293279574
99856.25,3.32854166666667,-105.391086528906
99869.7916666667,3.32899305555556,-107.99692355502
99883.3333333333,3.32944444444444,-111.744458895122
99896.875,3.32989583333333,-118.48962415843
99910.4166666667,3.33034722222222,-133.658824113843
99923.9583333333,3.33079861111111,-115.892890831056
99937.5,3.33125,-110.456678385525
99951.0416666667,3.33170138888889,-107.143013618286
99964.5833333333,3.33215277777778,-104.754800193157
99978.125,3.33260416666667,-102.888377301555
99991.6666666667,3.33305555555556,-101.35781518267
100005.208333333,3.33350694444444,-100.061947673422
100018.75,3.33395833333333,-98.9395835499892
100032.291666667,3.33440972222222,-97.9508770333369
100045.833333333,3.33486111111111,-97.0684268821014
100059.375,3.3353125,-96.2725801228013
100072.916666667,3.33576388888889,-95.5487614289691
100086.458333333,3.33621527777778,-94.8858624550386
100100,3.33666666666667,-94.2752232054284
100113.541666667,3.33711805555556,-93.7099620999034
100127.083333333,3.33756944444444,-93.1845206109716
100140.625,3.33802083333333,-92.6943449902691
100154.166666667,3.33847222222222,-92.2356583112621
100167.708333333,3.33892361111111,-91.8052937444073
100181.25,3.339375,-91.4005703340768
100194.791666667,3.33982638888889,-91.0191988917177
100208.333333333,3.34027777777778,-90.6592096546958
100221.875,3.34072916666667,-90.31889594744
100235.416666667,3.34118055555556,-89.9967697463991
100248.958333333,3.34163194444444,-89.6915263091664
100262.5,3.34208333333333,-89.402015665717
100276.041666667,3.34253472222222,-89.1272194986784
100289.583333333,3.34298611111111,-88.8662321991251
100303.125,3.3434375,-88.6182452363588
100316.666666667,3.34388888888889,-88.3825341735412
100330.208333333,3.34434027777778,-88.1584478045277
100343.75,3.34479166666667,-87.9453990121319
100357.291666667,3.34524305555556,-87.7428570366335
100370.833333333,3.34569444444444,-87.5503408973783
100384.375,3.34614583333333,-87.3674137661428
100397.916666667,3.34659722222222,-87.193678140561
100411.458333333,3.34704861111111,-87.0287716800787
100425,3.3475,-86.8723636087792
100438.541666667,3.34795138888889,-86.7241515738234
100452.083333333,3.34840277777778,-86.5838589248529
100465.625,3.34885416666667,-86.4512323267537
100479.166666667,3.34930555555556,-86.3260396696966
100492.708333333,3.34975694444444,-86.2080682288887
100506.25,3.35020833333333,-86.0971230494954
100519.791666667,3.35065972222222,-85.9930255119576
100533.333333333,3.35111111111111,-85.8956120822718
100546.875,3.3515625,-85.8047331792596
100560.416666667,3.35201388888889,-85.7202521987705
100573.958333333,3.35246527777778,-85.6420446312274
100587.5,3.35291666666667,-85.5699972850201
100601.041666667,3.35336805555556,-85.5040076033473
100614.583333333,3.35381944444444,-85.443983055122
100628.125,3.35427083333333,-85.38984059941
100641.666666667,3.35472222222222,-85.3415062172549
100655.208333333,3.35517361111111,-85.2989144977196
100668.75,3.355625,-85.2620082836787
100682.291666667,3.35607638888889,-85.2307383646613
100695.833333333,3.35652777777778,-85.2050632145629
100709.375,3.35697916666667,-85.1849487745795
100722.916666667,3.35743055555556,-85.1703682775976
100736.458333333,3.35788194444444,-85.1613021124777
100750,3.35833333333333,-85.157737718705
100763.541666667,3.35878472222222,-85.1596695265975
100777.083333333,3.35923611111111,-85.1670989292379
100790.625,3.3596875,-85.1800342861683
100804.166666667,3.36013888888889,-85.198490969003
100817.708333333,3.36059027777778,-85.2224914395558
100831.25,3.36104166666667,-85.2520653635038
100844.791666667,3.36149305555556,-85.2872497614008
100858.333333333,3.36194444444444,-85.328089206888
100871.875,3.36239583333333,-85.3746360561932
100885.416666667,3.36284722222222,-85.4269507291399
100898.958333333,3.36329861111111,-85.4851020348299
100912.5,3.36375,-85.5491675494494
100926.041666667,3.36420138888889,-85.6192340511348
100939.583333333,3.36465277777778,-85.6953980142822
100953.125,3.36510416666667,-85.7777661749762
100966.666666667,3.36555555555556,-85.8664561642187
100980.208333333,3.36600694444444,-85.9615972350237
100993.75,3.36645833333333,-86.0633310706426
101007.291666667,3.36690972222222,-86.1718127104038
101020.833333333,3.36736111111111,-86.2872115844791
101034.375,3.3678125,-86.4097126873432
101047.916666667,3.36826388888889,-86.5395179034533
101061.458333333,3.36871527777778,-86.6768475089397
101075,3.36916666666667,-86.821941874269
101088.541666667,3.36961805555556,-86.975063398481
101102.083333333,3.37006944444444,-87.1364987090684
101115.625,3.37052083333333,-87.3065611901328
101129.166666667,3.37097222222222,-87.4855938451143
101142.708333333,3.37142361111111,-87.6739726263236
101156.25,3.371875,-87.8721102381463
101169.791666667,3.37232638888889,-88.0804605576334
101183.333333333,3.37277777777778,-88.2995237621217
101196.875,3.37322916666667,-88.5298523162525
101210.416666667,3.37368055555556,-88.7720579853711
101223.958333333,3.37413194444444,-89.0268200961456
101237.5,3.37458333333333,-89.2948953273762
101251.041666667,3.37503472222222,-89.5771293678815
101264.583333333,3.37548611111111,-89.8744708885327
101278.125,3.3759375,-90.1879884075313
101291.666666667,3.37638888888889,-90.5188907905621
101305.208333333,3.37684027777778,-90.8685523681129
101318.75,3.37729166666667,-91.2385439669948
101332.291666667,3.37774305555556,-91.6306716315643
101345.833333333,3.37819444444444,-92.0470254081267
101359.375,3.37864583333333,-92.4900415286422
101372.916666667,3.37909722222222,-92.9625826395045
101386.458333333,3.37954861111111,-93.4680427818511
101400,3.38,-94.0104868501702
101413.541666667,3.38045138888889,-94.5948390905566
101427.083333333,3.38090277777778,-95.2271429545891
101440.625,3.38135416666667,-95.9149272871408
101454.166666667,3.38180555555556,-96.6677358585791
101467.708333333,3.38225694444444,-97.4979162442087
101481.25,3.38270833333333,-98.4218372429954
101494.791666667,3.38315972222222,-99.4618485301806
101508.333333333,3.38361111111111,-100.649602077641
101521.875,3.3840625,-102.032056826588
101535.416666667,3.38451388888889,-103.683278564158
101548.958333333,3.38496527777778,-105.730390112094
101562.5,3.38541666666667,-108.420669360053
101576.041666667,3.38586805555556,-112.346354725107
101589.583333333,3.38631944444444,-119.715779304794
101603.125,3.38677083333333,-129.179358411668
101616.666666667,3.38722222222222,-115.249588412965
101630.208333333,3.38767361111111,-110.153449771518
101643.75,3.388125,-106.967324558086
101657.291666667,3.38857638888889,-104.645981775754
101670.833333333,3.38902777777778,-102.820768433803
101684.375,3.38947916666667,-101.318172912716
101697.916666667,3.38993055555556,-100.042547509535
101711.458333333,3.39038194444444,-98.9355272910218
101725,3.39083333333333,-97.9588639314202
101738.541666667,3.39128472222222,-97.0861271671787
101752.083333333,3.39173611111111,-96.2982882334384
101765.625,3.3921875,-95.5811913696457
101779.166666667,3.39263888888889,-94.9240206645825
101792.708333333,3.39309027777778,-94.318326194
101806.25,3.39354166666667,-93.7573811788282
101819.791666667,3.39399305555556,-93.2357436942794
101833.333333333,3.39444444444444,-92.7489494781903
101846.875,3.39489583333333,-92.2932914405317
101860.416666667,3.39534722222222,-91.8656580547893
101873.958333333,3.39579861111111,-91.4634127284915
101887.5,3.39625,-91.0843022704137
101901.041666667,3.39670138888889,-90.7263864518604
101914.583333333,3.39715277777778,-90.3879830430554
101928.125,3.39760416666667,-90.0676244472382
101941.666666667,3.39805555555556,-89.7640231039549
101955.208333333,3.39850694444444,-89.4760436239744
101968.75,3.39895833333333,-89.2026801372431
101982.291666667,3.39940972222222,-88.9430377239804
101995.833333333,3.39986111111111,-88.6963170927607
102009.375,3.4003125,-88.4618018367524
102022.916666667,3.40076388888889,-88.2388477573499
102036.458333333,3.40121527777778,-88.0268738888766
102050,3.40166666666667,-87.8253548964096
102063.541666667,3.40211805555556,-87.6338145980723
102077.083333333,3.40256944444444,-87.4518204338676
102090.625,3.40302083333333,-87.2789787119788
102104.166666667,3.40347222222222,-87.1149305057359
102117.708333333,3.40392361111111,-86.9593481061531
102131.25,3.404375,-86.8119319327163
102144.791666667,3.40482638888889,-86.6724078432168
102158.333333333,3.40527777777778,-86.5405247829571
102171.875,3.40572916666667,-86.4160527213123
102185.416666667,3.40618055555556,-86.2987808368987
102198.958333333,3.40663194444444,-86.188515918205
102212.5,3.40708333333333,-86.0850809592207
102226.041666667,3.40753472222222,-85.988313908185
102239.583333333,3.40798611111111,-85.8980665658914
102253.125,3.4084375,-85.8142036110592
102266.666666667,3.40888888888889,-85.7366017316361
102280.208333333,3.40934027777778,-85.6651488607874
102293.75,3.40979166666667,-85.5997434984965
102307.291666667,3.41024305555556,-85.540294111832
102320.833333333,3.41069444444444,-85.4867186074765
102334.375,3.41114583333333,-85.4389438670972
102347.916666667,3.41159722222222,-85.3969053420477
102361.458333333,3.41204861111111,-85.360546702881
102375,3.4125,-85.329819536976
102388.541666667,3.41295138888889,-85.304683091797
102402.083333333,3.41340277777778,-85.2851040626353
102415.625,3.41385416666667,-85.271056418138
102429.166666667,3.41430555555556,-85.2625212708374
102442.708333333,3.41475694444444,-85.2594867752277
102456.25,3.41520833333333,-85.261948074957
102469.791666667,3.41565972222222,-85.269907266973
102483.333333333,3.41611111111111,-85.2833734252984
102496.875,3.4165625,-85.3023626378456
102510.416666667,3.41701388888889,-85.3268980903813
102523.958333333,3.41746527777778,-85.3570101881403
102537.5,3.41791666666667,-85.3927367094013
102551.041666667,3.41836805555556,-85.434123003443
102564.583333333,3.41881944444444,-85.4812222326658
102578.125,3.41927083333333,-85.5340956456337
102591.666666667,3.41972222222222,-85.5928129237304
102605.208333333,3.42017361111111,-85.6574525505589
102618.75,3.420625,-85.7281022601944
102632.291666667,3.42107638888889,-85.8048595380887
102645.833333333,3.42152777777778,-85.8878321873074
102659.375,3.42197916666667,-85.9771389784636
102672.916666667,3.42243055555556,-86.0729103770749
102686.458333333,3.42288194444444,-86.1752893716742
102700,3.42333333333333,-86.2844324016879
102713.541666667,3.42378472222222,-86.4005104084246
102727.083333333,3.42423611111111,-86.5237100246693
102740.625,3.4246875,-86.6542349161185
102754.166666667,3.42513888888889,-86.7923073002742
102767.708333333,3.42559027777778,-86.9381696713722
102781.25,3.42604166666667,-87.0920867623318
102794.791666667,3.42649305555556,-87.2543477755034
102808.333333333,3.42694444444444,-87.4252689327574
102821.875,3.42739583333333,-87.6051963974938
102835.416666667,3.42784722222222,-87.7945096343863
102848.958333333,3.42829861111111,-87.9936252772253
102862.5,3.42875,-88.2030016119108
102876.041666667,3.42920138888889,-88.4231437907967
102889.583333333,3.42965277777778,-88.6546099016459
102903.125,3.43010416666667,-88.898018104108
102916.666666667,3.43055555555556,-89.1540550307917
102930.208333333,3.43100694444444,-89.4234857469112
102943.75,3.43145833333333,-89.707165616275
102957.291666667,3.43190972222222,-90.0060545409886
102970.833333333,3.43236111111111,-90.3212341517398
102984.375,3.4328125,-90.6539287214886
102997.916666667,3.43326388888889,-91.0055308153598
103011.458333333,3.43371527777778,-91.3776330068441
103025,3.43416666666667,-91.77206748519
103038.541666667,3.43461805555556,-92.1909560202021
103052.083333333,3.43506944444444,-92.6367737270411
103065.625,3.43552083333333,-93.1124314311378
103079.166666667,3.43597222222222,-93.6213836106103
103092.708333333,3.43642361111111,-94.1677720302787
103106.25,3.436875,-94.756620244014
103119.791666667,3.43732638888889,-95.3941022687174
103133.333333333,3.43777777777778,-96.0879221430839
103146.875,3.43822916666667,-96.8478643115546
103160.416666667,3.43868055555556,-97.6866162990405
103173.958333333,3.43913194444444,-98.6210431294665
103187.5,3.43958333333333,-99.6742485745384
103201.041666667,3.44003472222222,-100.879089022887
103214.583333333,3.44048611111111,-102.28457338273
103228.125,3.4409375,-103.968563002889
103241.666666667,3.44138888888889,-106.066082568753
103255.208333333,3.44184027777778,-108.844031054855
103268.75,3.44229166666667,-112.960525610511
103282.291666667,3.44274305555556,-121.068600766196
103295.833333333,3.44319444444444,-126.361584930805
103309.375,3.44364583333333,-114.679169958578
103322.916666667,3.44409722222222,-109.874722922955
103336.458333333,3.44454861111111,-106.803637356181
103350,3.445,-104.543913530615
103363.541666667,3.44545138888889,-102.757131021596
103377.083333333,3.44590277777778,-101.280818150267
103390.625,3.44635416666667,-100.024318789086
103404.166666667,3.44680555555556,-98.9318544252566
103417.708333333,3.44725694444444,-97.9666508758041
103431.25,3.44770833333333,-97.1031796369524
103444.791666667,3.44815972222222,-96.3229945660738
103458.333333333,3.44861111111111,-95.6123330894311
103471.875,3.4490625,-94.9606542583861
103485.416666667,3.44951388888889,-94.3597062265514
103498.958333333,3.44996527777778,-93.802908523121
103512.5,3.45041666666667,-93.2849296478661
103526.041666667,3.45086805555556,-92.8013902492956
103539.583333333,3.45131944444444,-92.3486495968178
103553.125,3.45177083333333,-91.9236487866306
103566.666666667,3.45222222222222,-91.5237934917494
103580.208333333,3.45267361111111,-91.1468648664197
103593.75,3.453125,-90.7909508725964
103607.291666667,3.45357638888889,-90.4543926473049
103620.833333333,3.45402777777778,-90.1357421242979
103634.375,3.45447916666667,-89.8337281984139
103647.916666667,3.45493055555556,-89.5472294435554
103661.458333333,3.45538194444444,-89.2752519194696
103675,3.45583333333333,-89.0169109618857
103688.541666667,3.45628472222222,-88.7714161462334
103702.083333333,3.45673611111111,-88.538058770686
103715.625,3.4571875,-88.316201373265
103729.166666667,3.45763888888889,-88.1052689011991
103742.708333333,3.45809027777778,-87.9047412294534
103756.25,3.45854166666667,-87.7141467990946
103769.791666667,3.45899305555556,-87.5330571566315
103783.333333333,3.45944444444444,-87.3610822771868
103796.875,3.45989583333333,-87.1978665216258
103810.416666667,3.46034722222222,-87.0430851385544
103823.958333333,3.46079861111111,-86.8964412171449
103837.5,3.46125,-86.7576630350947
103851.041666667,3.46170138888889,-86.626501736705
103864.583333333,3.46215277777778,-86.5027292963341
103878.125,3.46260416666667,-86.3861367296982
103891.666666667,3.46305555555556,-86.2765325127761
103905.208333333,3.46350694444444,-86.1737411916866
103918.75,3.46395833333333,-86.0776021504562
103932.291666667,3.46440972222222,-85.9879685266291
103945.833333333,3.46486111111111,-85.9047062362825
103959.375,3.4653125,-85.8276931275967
103972.916666667,3.46576388888889,-85.7568182225076
103986.458333333,3.46621527777778,-85.6919810435836
104000,3.46666666666667,-85.633091024078
104013.541666667,3.46711805555556,-85.5800669886712
104027.083333333,3.46756944444444,-85.5328366921566
104040.625,3.46802083333333,-85.4913364236687
104054.166666667,3.46847222222222,-85.4555106544726
104067.708333333,3.46892361111111,-85.4253117473418
104081.25,3.469375,-85.4006997014102
104094.791666667,3.46982638888889,-85.3816419434395
104108.333333333,3.47027777777778,-85.3681131585628
104121.875,3.47072916666667,-85.3600951620577
104135.416666667,3.47118055555556,-85.3575768075894
104148.958333333,3.47163194444444,-85.3605539262058
104162.5,3.47208333333333,-85.3690293091022
104176.041666667,3.47253472222222,-85.3830127212897
104189.583333333,3.47298611111111,-85.4025209493781
104203.125,3.4734375,-85.4275778882478
104216.666666667,3.47388888888889,-85.458214665154
104230.208333333,3.47434027777778,-85.4944697951188
104243.75,3.47479166666667,-85.5363893901752
104257.291666667,3.47524305555556,-85.5840273937278
104270.833333333,3.47569444444444,-85.6374458741232
104284.375,3.47614583333333,-85.6967153592891
104297.916666667,3.47659722222222,-85.7619152257271
104311.458333333,3.47704861111111,-85.8331341423289
104325,3.4775,-85.9104705845333
104338.541666667,3.47795138888889,-85.9940334024378
104352.083333333,3.47840277777778,-86.0839424835815
104365.625,3.47885416666667,-86.1803294861721
104379.166666667,3.47930555555556,-86.2833386756502
104392.708333333,3.47975694444444,-86.3931278673518
104406.25,3.48020833333333,-86.509869488854
104419.791666667,3.48065972222222,-86.6337517818845
104433.333333333,3.48111111111111,-86.7649801614557
104446.875,3.4815625,-86.9037787551688
104460.416666667,3.48201388888889,-87.05039214776
104473.958333333,3.48246527777778,-87.2050873674277
104487.5,3.48291666666667,-87.3681561476094
104501.041666667,3.48336805555556,-87.5399175113366
104514.583333333,3.48381944444444,-87.7207207279548
104528.125,3.48427083333333,-87.9109487261825
104541.666666667,3.48472222222222,-88.1110220131026
104555.208333333,3.48517361111111,-88.3214032270914
104568.75,3.485625,-88.5426024197219
104582.291666667,3.48607638888889,-88.7751832319634
104595.833333333,3.48652777777778,-89.0197701408426
104609.375,3.48697916666667,-89.2770569963342
104622.916666667,3.48743055555556,-89.5478171477297
104636.458333333,3.48788194444444,-89.8329155351173
104650,3.48833333333333,-90.1333231685129
104663.541666667,3.48878472222222,-90.4501346633544
104677.083333333,3.48923611111111,-90.7845895616726
104690.625,3.4896875,-91.1380985061063
104704.166666667,3.49013888888889,-91.5122756497932
104717.708333333,3.49059027777778,-91.9089791520711
104731.25,3.49104166666667,-92.3303623227591
104744.791666667,3.49149305555556,-92.7789389648115
104758.333333333,3.49194444444444,-93.2576679109003
104771.875,3.49239583333333,-93.7700639361045
104785.416666667,3.49284722222222,-94.3203456035537
104798.958333333,3.49329861111111,-94.9136358458386
104812.5,3.49375,-95.5562395863358
104826.041666667,3.49420138888889,-96.256036907281
104839.583333333,3.49465277777778,-97.0230547120359
104853.125,3.49510416666667,-97.8703239903017
104866.666666667,3.49555555555556,-98.8152130201122
104880.208333333,3.49600694444444,-99.8815936999488
104893.75,3.49645833333333,-101.103556168812
104907.291666667,3.49690972222222,-102.532224589147
104920.833333333,3.49736111111111,-104.249415597718
104934.375,3.4978125,-106.398506263307
104947.916666667,3.49826388888889,-109.267608420859
104961.458333333,3.49871527777778,-113.589168485072
104975,3.49916666666667,-122.589183168524
104988.541666667,3.49961805555556,-124.326652912836
105002.083333333,3.50006944444444,-114.168391436624
105015.625,3.50052083333333,-109.617190903473
105029.166666667,3.50097222222222,-106.650474287062
105042.708333333,3.50142361111111,-104.447752221657
105056.25,3.501875,-102.696918041567
105069.791666667,3.50232638888889,-101.2453681915
105083.333333333,3.50277777777778,-100.006980856389
105096.875,3.50322916666667,-98.9283528070167
105110.416666667,3.50368055555556,-97.974074468658
105123.958333333,3.50413194444444,-97.1194571516513
105137.5,3.50458333333333,-96.3465998881381
105151.041666667,3.50503472222222,-95.6421094504415
105164.583333333,3.50548611111111,-94.9957040040867
105178.125,3.5059375,-94.3993188554704
105191.666666667,3.50638888888889,-93.8465120970447
105205.208333333,3.50684027777778,-93.3320570097916
105218.75,3.50729166666667,-92.8516549433383
105232.291666667,3.50774305555556,-92.4017283456811
105245.833333333,3.50819444444444,-91.9792684752645
105259.375,3.50864583333333,-91.5817213423469
105272.916666667,3.50909722222222,-91.206900912413
105286.458333333,3.50954861111111,-90.8529221103665
105300,3.51,-90.518148437385
105313.541666667,3.51045138888889,-90.2011505386319
105327.083333333,3.51090277777778,-89.9006730849092
105340.625,3.51135416666667,-89.615608045549
105354.166666667,3.51180555555556,-89.3449729298568
105367.708333333,3.51225694444444,-89.0878929264266
105381.25,3.51270833333333,-88.8435861325649
105394.791666667,3.51315972222222,-88.6113512535254
105408.333333333,3.51361111111111,-88.3905573082598
105421.875,3.5140625,-88.1806349355593
105435.416666667,3.51451388888889,-87.9810690311201
105448.958333333,3.51496527777778,-87.7913924825793
105462.5,3.51541666666667,-87.611180795815
105476.041666667,3.51586805555556,-87.4400474823999
105489.583333333,3.51631944444444,-87.2776400748173
105503.125,3.51677083333333,-87.1236366715926
105516.666666667,3.51722222222222,-86.9777429414436
105530.208333333,3.51767361111111,-86.8396894971384
105543.75,3.518125,-86.7092296064012
105557.291666667,3.51857638888889,-86.5861371818783
105570.833333333,3.51902777777778,-86.4702050135263
105584.375,3.51947916666667,-86.3612432086681
105597.916666667,3.51993055555556,-86.2590778148313
105611.458333333,3.52038194444444,-86.1635496080605
105625,3.52083333333333,-86.0745130131045
105638.541666667,3.52128472222222,-85.9918351490062
105652.083333333,3.52173611111111,-85.9153949872528
105665.625,3.5221875,-85.8450826018375
105679.166666667,3.52263888888889,-85.7807985071182
105692.708333333,3.52309027777778,-85.7224530767672
105706.25,3.52354166666667,-85.6699660220518
105719.791666667,3.52399305555556,-85.6232659475806
105733.333333333,3.52444444444444,-85.5822899522484
105746.875,3.52489583333333,-85.5469832892026
105760.416666667,3.52534722222222,-85.517299073159
105773.958333333,3.52579861111111,-85.493198033404
105787.5,3.52625,-85.4746483089434
105801.041666667,3.52670138888889,-85.4616252817733
105814.583333333,3.52715277777778,-85.4541114533755
105828.125,3.52760416666667,-85.4520963541194
105841.666666667,3.52805555555556,-85.4555764905221
105855.208333333,3.52850694444444,-85.4645553270318
105868.75,3.52895833333333,-85.4790433038643
105882.291666667,3.52940972222222,-85.499057890466
105895.833333333,3.52986111111111,-85.524623674026
105909.375,3.5303125,-85.5557724853776
105922.916666667,3.53076388888889,-85.5925435646975
105936.458333333,3.53121527777778,-85.6349837643795
105950,3.53166666666667,-85.6831477987175
105963.541666667,3.53211805555556,-85.73709853207
105977.083333333,3.53256944444444,-85.7969073273603
105990.625,3.53302083333333,-85.8626544316518
106004.166666667,3.53347222222222,-85.9344294343706
106017.708333333,3.53392361111111,-86.0123317773291
106031.25,3.534375,-86.0964713428824
106044.791666667,3.53482638888889,-86.1869691131095
106058.333333333,3.53527777777778,-86.283957915777
106071.875,3.53572916666667,-86.3875832729708
106085.416666667,3.53618055555556,-86.4980043530727
106098.958333333,3.53663194444444,-86.6153950406814
106112.5,3.53708333333333,-86.7399451630934
106126.041666667,3.53753472222222,-86.8718618557655
106139.583333333,3.53798611111111,-87.0113711244507
106153.125,3.5384375,-87.1587196136845
106166.666666667,3.53888888888889,-87.3141766117168
106180.208333333,3.53934027777778,-87.4780363441243
106193.75,3.53979166666667,-87.6506205928473
106207.291666667,3.54024305555556,-87.8322816940427
106220.833333333,3.54069444444444,-88.0234059887061
106234.375,3.54114583333333,-88.2244178059145
106247.916666667,3.54159722222222,-88.4357840764399
106261.458333333,3.54204861111111,-88.6580196935467
106275,3.5425,-88.8916937842424
106288.541666667,3.54295138888889,-89.1374370622603
106302.083333333,3.54340277777778,-89.3959505143971
106315.625,3.54385416666667,-89.6680156913104
106329.166666667,3.54430555555556,-89.9545069982073
106342.708333333,3.54475694444444,-90.2564064532967
106356.25,3.54520833333333,-90.5748215364456
106369.791666667,3.54565972222222,-90.9110069237207
106383.333333333,3.54611111111111,-91.266391199446
106396.875,3.5465625,-91.6426099442868
106410.416666667,3.54701388888889,-92.0415471235434
106423.958333333,3.54746527777778,-92.4653874218075
106437.5,3.54791666666667,-92.9166831711136
106451.041666667,3.54836805555556,-93.3984410553992
106464.583333333,3.54881944444444,-93.9142360389544
106478.125,3.54927083333333,-94.4683634578319
106491.666666667,3.54972222222222,-95.0660457416292
106505.208333333,3.55017361111111,-95.7137191367274
106518.75,3.550625,-96.4194406894876
106532.291666667,3.55107638888889,-97.1934816607776
106545.833333333,3.55152777777778,-98.0492202384481
106559.375,3.55197916666667,-99.0045352412331
106572.916666667,3.55243055555556,-100.084081303251
106586.458333333,3.55288194444444,-101.323212837211
106600,3.55333333333333,-102.775237460982
106613.541666667,3.55378472222222,-104.526095476298
106627.083333333,3.55423611111111,-106.72799859044
106640.625,3.5546875,-109.692022456672
106654.166666667,3.55513888888889,-114.234785648167
106667.708333333,3.55559027777778,-124.34075504201
106681.25,3.55604166666667,-122.747309913487
106694.791666667,3.55649305555556,-113.707126361771
106708.333333333,3.55694444444444,-109.378090057861
106721.875,3.55739583333333,-106.50655942425
106735.416666667,3.55784722222222,-104.356758181574
106748.958333333,3.55829861111111,-102.639645492074
106762.5,3.55875,-101.211482790599
106776.041666667,3.55920138888889,-99.9902835263246
106789.583333333,3.55965277777778,-98.9248331407397
106803.125,3.56010416666667,-97.9809889592332
106816.666666667,3.56055555555556,-97.1348464711032
106830.208333333,3.56100694444444,-96.3690160807201
106843.75,3.56145833333333,-95.6704522744655
106857.291666667,3.56190972222222,-95.0291179168671
106870.833333333,3.56236111111111,-94.4371255013351
106884.375,3.5628125,-93.888164588388
106897.916666667,3.56326388888889,-93.3771080654806
106911.458333333,3.56371527777778,-92.8997341361974
106925,3.56416666666667,-92.4525254917016
106938.541666667,3.56461805555556,-92.0325212837531
106952.083333333,3.56506944444444,-91.6372060820029
106965.625,3.56552083333333,-91.2644252541948
106979.166666667,3.56597222222222,-90.9123195472372
106992.708333333,3.56642361111111,-90.5792739036808
107006.25,3.566875,-90.2638769198492
107019.791666667,3.56732638888889,-89.9648884128719
107033.333333333,3.56777777777778,-89.6812132208184
107046.875,3.56822916666667,-89.4118798635659
107060.416666667,3.56868055555556,-89.1560230021739
107073.958333333,3.56913194444444,-88.9128689344227
107087.5,3.56958333333333,-88.6817235044835
107101.041666667,3.57003472222222,-88.4619619707061
107114.583333333,3.57048611111111,-88.2530204553144
107128.125,3.5709375,-88.0543886967206
107141.666666667,3.57138888888889,-87.865603873639
107155.208333333,3.57184027777778,-87.6862453094562
107168.75,3.57229166666667,-87.5159299317675
107182.291666667,3.57274305555556,-87.354308332235
107195.833333333,3.57319444444444,-87.2010613677484
107209.375,3.57364583333333,-87.055897195307
107222.916666667,3.57409722222222,-86.9185486866273
107236.458333333,3.57454861111111,-86.7887711626228
107250,3.575,-86.6663404109238
107263.541666667,3.57545138888889,-86.5510509384003
107277.083333333,3.57590277777778,-86.4427144300336
107290.625,3.57635416666667,-86.3411583897848
107304.166666667,3.57680555555556,-86.2462249389238
107317.708333333,3.57725694444444,-86.1577697518825
107331.25,3.57770833333333,-86.0756611131593
107344.791666667,3.57815972222222,-85.9997790824796
107358.333333333,3.57861111111111,-85.9300147553852
107371.875,3.5790625,-85.8662696097827
107385.416666667,3.57951388888889,-85.8084549278939
107398.958333333,3.57996527777778,-85.756491286959
107412.5,3.58041666666667,-85.7103081132698
107426.041666667,3.58086805555556,-85.6698432968101
107439.583333333,3.58131944444444,-85.6350428467898
107453.125,3.58177083333333,-85.6058606125616
107466.666666667,3.58222222222222,-85.5822580330752
107480.208333333,3.58267361111111,-85.5642039403661
107493.75,3.583125,-85.5516743960861
107507.291666667,3.58357638888889,-85.5446525689924
107520.833333333,3.58402777777778,-85.5431286527498
107534.375,3.58447916666667,-85.5470998095367
107547.916666667,3.58493055555556,-85.5565701629234
107561.458333333,3.58538194444444,-85.5715508135663
107575,3.58583333333333,-85.5920598960086
107588.541666667,3.58628472222222,-85.6181226747444
107602.083333333,3.58673611111111,-85.6497716715083
107615.625,3.5871875,-85.6870468315664
107629.166666667,3.58763888888889,-85.7299957363501
107642.708333333,3.58809027777778,-85.7786738525666
107656.25,3.58854166666667,-85.8331448281139
107669.791666667,3.58899305555556,-85.8934808400191
107683.333333333,3.58944444444444,-85.9597629936277
107696.875,3.58989583333333,-86.0320817779823
107710.416666667,3.59034722222222,-86.1105375891758
107723.958333333,3.59079861111111,-86.1952413177389
107737.5,3.59125,-86.2863150217971
107751.041666667,3.59170138888889,-86.3838926823594
107764.583333333,3.59215277777778,-86.4881210541893
107778.125,3.59260416666667,-86.5991606341239
107791.666666667,3.59305555555556,-86.7171867465671
107805.208333333,3.59350694444444,-86.8423907747648
107818.75,3.59395833333333,-86.9749815480091
107832.291666667,3.59440972222222,-87.1151869250903
107845.833333333,3.59486111111111,-87.2632555764335
107859.375,3.5953125,-87.4194590176427
107872.916666667,3.59576388888889,-87.5840939340035
107886.458333333,3.59621527777778,-87.757484826724
107900,3.59666666666667,-87.9399870550997
107913.541666667,3.59711805555556,-88.131990331389
107927.083333333,3.59756944444444,-88.3339227563581
107940.625,3.59802083333333,-88.5462554991113
107954.166666667,3.59847222222222,-88.7695082382708
107967.708333333,3.59892361111111,-89.0042555193226
107981.25,3.599375,-89.2511342290576
107994.791666667,3.59982638888889,-89.5108524120507
108008.333333333,3.60027777777778,-89.7841997344767
108021.875,3.60072916666667,-90.0720599790227
108035.416666667,3.60118055555556,-90.3754260701534
108048.958333333,3.60163194444444,-90.6954182395641
108062.5,3.60208333333333,-91.0333061843577
108076.041666667,3.60253472222222,-91.3905362980903
108089.583333333,3.60298611111111,-91.7687654501724
108103.125,3.6034375,-92.1699032703872
108116.666666667,3.60388888888889,-92.5961656700426
108130.208333333,3.60434027777778,-93.0501433661479
108143.75,3.60479166666667,-93.5348907802139
108157.291666667,3.60524305555556,-94.0540429840392
108170.833333333,3.60569444444444,-94.6119720955319
108184.375,3.60614583333333,-95.2140002221335
108197.916666667,3.60659722222222,-95.8666953988029
108211.458333333,3.60704861111111,-96.5782926617367
108225,3.6075,-97.3593096487516
108238.541666667,3.60795138888889,-98.2234756658716
108252.083333333,3.60840277777778,-99.1891876754774
108265.625,3.60885416666667,-100.281898245539
108279.166666667,3.60930555555556,-101.538257853235
108292.708333333,3.60975694444444,-103.013828921001
108306.25,3.61020833333333,-104.79885309852
108319.791666667,3.61065972222222,-107.054893670304
108333.333333333,3.61111111111111,-110.117920696276
108346.875,3.6115625,-114.900258379139
108360.416666667,3.61201388888889,-126.428284024824
108373.958333333,3.61246527777778,-121.465357002326
108387.5,3.61291666666667,-113.287465288924
108401.041666667,3.61336805555556,-109.15508954939
108414.583333333,3.61381944444444,-106.370784696198
108428.125,3.61427083333333,-104.270279700973
108441.666666667,3.61472222222222,-102.584883523294
108455.208333333,3.61517361111111,-101.178858397705
108468.75,3.615625,-99.9740030617763
108482.291666667,3.61607638888889,-98.9211259981913
108495.833333333,3.61652777777778,-97.9872639553885
108509.375,3.61697916666667,-97.1492464541409
108522.916666667,3.61743055555556,-96.3901646653198
108536.458333333,3.61788194444444,-95.6973011358244
108550,3.61833333333333,-95.0608502522866
108563.541666667,3.61878472222222,-94.4730925876545
108577.083333333,3.61923611111111,-93.9278426746864
108590.625,3.6196875,-93.4200682538415
108604.166666667,3.62013888888889,-92.9456208287456
108617.708333333,3.62059027777778,-92.5010406350962
108631.25,3.62104166666667,-92.0834126244613
108644.791666667,3.62149305555556,-91.6902582913883
108658.333333333,3.62194444444444,-91.3194530884652
108671.875,3.62239583333333,-90.9691625403694
108685.416666667,3.62284722222222,-90.6377921706225
108698.958333333,3.62329861111111,-90.3239478246555
108712.5,3.62375,-90.0264038804081
108726.041666667,3.62420138888889,-89.7440775587026
108739.583333333,3.62465277777778,-89.47600797572
108753.125,3.62510416666667,-89.2213389188584
108766.666666667,3.62555555555556,-88.9793045886913
108780.208333333,3.62600694444444,-88.7492177101757
108793.75,3.62645833333333,-88.5304595607818
108807.291666667,3.62690972222222,-88.3224715556719
108820.833333333,3.62736111111111,-88.1247481077171
108834.375,3.6278125,-87.9368305380858
108847.916666667,3.62826388888889,-87.7583018633497
108861.458333333,3.62871527777778,-87.5887823069527
108875,3.62916666666667,-87.4279254238032
108888.541666667,3.62961805555556,-87.2754147339324
108902.083333333,3.63006944444444,-87.1309608059999
108915.625,3.63052083333333,-86.9942986936934
108929.166666667,3.63097222222222,-86.865185709312
108942.708333333,3.63142361111111,-86.7433994548681
108956.25,3.631875,-86.6287361007622
108969.791666667,3.63232638888889,-86.5210088616311
108983.333333333,3.63277777777778,-86.4200466515611
108996.875,3.63322916666667,-86.3256928983387
109010.416666667,3.63368055555556,-86.2378044870453
109023.958333333,3.63413194444444,-86.1562508328641
109037.5,3.63458333333333,-86.0809130533939
109051.041666667,3.63503472222222,-86.0116832359664
109064.583333333,3.63548611111111,-85.9484637933707
109078.125,3.6359375,-85.8911668923555
109091.666666667,3.63638888888889,-85.8397139503682
109105.208333333,3.63684027777778,-85.7940351954136
109118.75,3.63729166666667,-85.7540692832986
109132.291666667,3.63774305555556,-85.7197629643685
109145.833333333,3.63819444444444,-85.6910707989769
109159.375,3.63864583333333,-85.6679549197633
109172.916666667,3.63909722222222,-85.6503848332436
109186.458333333,3.63954861111111,-85.6383372642782
109200,3.64,-85.6317960351167
109213.541666667,3.64045138888889,-85.6307519824355
109227.083333333,3.64090277777778,-85.635202913499
109240.625,3.64135416666667,-85.6451535926663
109254.166666667,3.64180555555556,-85.6606157656881
109267.708333333,3.64225694444444,-85.6816082206856
109281.25,3.64270833333333,-85.7081568852021
109294.791666667,3.64315972222222,-85.7402949532218
109308.333333333,3.64361111111111,-85.7780630656795
109321.875,3.6440625,-85.8215095162806
109335.416666667,3.64451388888889,-85.8706905093312
109348.958333333,3.64496527777778,-85.9256704611331
109362.5,3.64541666666667,-85.9865223496069
109376.041666667,3.64586805555556,-86.0533281201929
109389.583333333,3.64631944444444,-86.126179147944
109403.125,3.64677083333333,-86.2051767632591
109416.666666667,3.64722222222222,-86.2904328506796
109430.208333333,3.64767361111111,-86.3820705274506
109443.75,3.648125,-86.4802249050935
109457.291666667,3.64857638888889,-86.5850439540725
109470.833333333,3.64902777777778,-86.6966894787651
109484.375,3.64947916666667,-86.8153382202479
109497.916666667,3.64993055555556,-86.9411830937733
109511.458333333,3.65038194444444,-87.0744346008391
109525,3.65083333333333,-87.2153224221691
109538.541666667,3.65128472222222,-87.3640972273772
109552.083333333,3.65173611111111,-87.5210327311327
109565.625,3.6521875,-87.6864280417219
109579.166666667,3.65263888888889,-87.8606103461569
109592.708333333,3.65309027777778,-88.0439379895792
109606.25,3.65354166666667,-88.2368040103505
109619.791666667,3.65399305555556,-88.4396402368017
109633.333333333,3.65444444444444,-88.6529220290841
109646.875,3.65489583333333,-88.8771737932874
109660.416666667,3.65534722222222,-89.1129754387172
109673.958333333,3.65579861111111,-89.3609699574762
109687.5,3.65625,-89.6218723814949
109701.041666667,3.65670138888889,-89.896480415022
109714.583333333,3.65715277777778,-90.1856871374236
109728.125,3.65760416666667,-90.4904962826824
109741.666666667,3.65805555555556,-90.8120407349533
109755.208333333,3.65850694444444,-91.1516051028777
109768.75,3.65895833333333,-91.5106534760001
109782.291666667,3.65940972222222,-91.8908638837723
109795.833333333,3.65986111111111,-92.2941714946031
109809.375,3.6603125,-92.7228233190529
109822.916666667,3.66076388888889,-93.1794483463288
109836.458333333,3.66121527777778,-93.6671486318751
109850,3.66166666666667,-94.1896193124585
109863.541666667,3.66211805555556,-94.7513093442377
109877.083333333,3.66256944444444,-95.3576407354127
109890.625,3.66302083333333,-96.0153138537436
109904.166666667,3.66347222222222,-96.7327428303782
109917.708333333,3.66392361111111,-97.5206938347519
109931.25,3.664375,-98.3932514029401
109944.791666667,3.66482638888889,-99.3693385905144
109958.333333333,3.66527777777778,-100.475221726599
109971.875,3.66572916666667,-101.748880469873
109985.416666667,3.66618055555556,-103.248206765783
109998.958333333,3.66663194444444,-105.067931370242
110012.5,3.66708333333333,-107.379524034908
110026.041666667,3.66753472222222,-110.545982998691
110039.583333333,3.66798611111111,-115.588941908339
110053.125,3.6684375,-129.046119043525
110066.666666667,3.66888888888889,-120.392184133749
110080.208333333,3.66934027777778,-112.903118087233
110093.75,3.66979166666667,-108.946207468376
110107.291666667,3.67024305555556,-106.242182624845
110120.833333333,3.67069444444444,-104.187740179841
110134.375,3.67114583333333,-102.532249013987
110147.916666667,3.67159722222222,-101.14722332521
110161.458333333,3.67204861111111,-99.9579387724045
110175,3.6725,-98.9170792876263
110188.541666667,3.67295138888889,-97.992782447259
110202.083333333,3.67340277777778,-97.1625664915599
110215.625,3.67385416666667,-96.4099755506089
110229.166666667,3.67430555555556,-95.7226023033155
110242.708333333,3.67475694444444,-95.0908606326001
110256.25,3.67520833333333,-94.5071908293507
110269.791666667,3.67565972222222,-93.9655264240558
110283.333333333,3.67611111111111,-93.4609256377658
110296.875,3.6765625,-92.9893100035959
110310.416666667,3.67701388888889,-92.5472748000108
110323.958333333,3.67746527777778,-92.1319488566312
110337.5,3.67791666666667,-91.7408890606567
110351.041666667,3.67836805555556,-91.3719997504171
110364.583333333,3.67881944444444,-91.0234702445523
110378.125,3.67927083333333,-90.6937258604999
110391.666666667,3.67972222222222,-90.3813890325115
110405.208333333,3.68017361111111,-90.0852481600128
110418.75,3.680625,-89.8042323922705
110432.291666667,3.68107638888889,-89.5373910588781
110445.833333333,3.68152777777778,-89.2838767508641
110459.375,3.68197916666667,-89.0429312918112
110472.916666667,3.68243055555556,-88.8138740518593
110486.458333333,3.68288194444444,-88.5960921213538
110500,3.68333333333333,-88.3890320289767
110513.541666667,3.68378472222222,-88.1921927044936
110527.083333333,3.68423611111111,-88.0051194781998
110540.625,3.6846875,-87.8273989354376
110554.166666667,3.68513888888889,-87.6586544926764
110567.708333333,3.68559027777778,-87.4985425696764
110581.25,3.68604166666667,-87.3467492694537
110594.791666667,3.68649305555556,-87.2029874914928
110608.333333333,3.68694444444444,-87.0669944093938
110621.875,3.68739583333333,-86.9385292612765
110635.416666667,3.68784722222222,-86.817371411162
110648.958333333,3.68829861111111,-86.703318642067
110662.5,3.68875,-86.5961856512931
110676.041666667,3.68920138888889,-86.4958027234948
110689.583333333,3.68965277777778,-86.4020145521312
110703.125,3.69010416666667,-86.3146792017835
110716.666666667,3.69055555555556,-86.2336671848942
110730.208333333,3.69100694444444,-86.1588606459066
110743.75,3.69145833333333,-86.0901526357685
110757.291666667,3.69190972222222,-86.0274464788746
110770.833333333,3.69236111111111,-85.9706552004622
110784.375,3.6928125,-85.9197010364648
110797.916666667,3.69326388888889,-85.8745149954904
110811.458333333,3.69371527777778,-85.8350364803732
110825,3.69416666666667,-85.8012129609411
110838.541666667,3.69461805555556,-85.7729996934544
110852.083333333,3.69506944444444,-85.75035948541
110865.625,3.69552083333333,-85.733262503554
110879.166666667,3.69597222222222,-85.7216861192724
110892.708333333,3.69642361111111,-85.7156147904045
110906.25,3.696875,-85.7150399861008
110919.791666667,3.69732638888889,-85.7199601408954
110933.333333333,3.69777777777778,-85.7303806488179
110946.875,3.69822916666667,-85.7463138858621
110960.416666667,3.69868055555556,-85.7677792805232
110973.958333333,3.69913194444444,-85.7948034069444
110987.5,3.69958333333333,-85.8274201241717
111001.041666667,3.70003472222222,-85.8656707490954
111014.583333333,3.70048611111111,-85.9096042764964
111028.125,3.7009375,-85.9592776352349
111041.666666667,3.70138888888889,-86.0147559956427
111055.208333333,3.70184027777778,-86.0761131212351
111068.75,3.70229166666667,-86.1434317846824
111082.291666667,3.70274305555556,-86.216804230781
111095.833333333,3.70319444444444,-86.2963327095733
111109.375,3.70364583333333,-86.3821300837323
111122.916666667,3.70409722222222,-86.4743205103189
111136.458333333,3.70454861111111,-86.5730402163247
111150,3.705,-86.6784383688145
111163.541666667,3.70545138888889,-86.7906780610365
111177.083333333,3.70590277777778,-86.9099374269558
111190.625,3.70635416666667,-87.0364108957935
111204.166666667,3.70680555555556,-87.1703106160472
111217.708333333,3.70725694444444,-87.3118680661863
111231.25,3.70770833333333,-87.4613358872847
111244.791666667,3.70815972222222,-87.6189899657203
111258.333333333,3.70861111111111,-87.7851318025287
111271.875,3.7090625,-87.9600912365813
111285.416666667,3.70951388888889,-88.1442295596979
111298.958333333,3.70996527777778,-88.3379431016753
111312.5,3.71041666666667,-88.5416673767345
111326.041666667,3.71086805555556,-88.7558818866085
111339.583333333,3.71131944444444,-88.9811157172384
111353.125,3.71177083333333,-89.217954084863
111366.666666667,3.71222222222222,-89.4670460284219
111380.208333333,3.71267361111111,-89.7291135029566
111393.75,3.713125,-90.0049621780536
111407.291666667,3.71357638888889,-90.2954943522027
111420.833333333,3.71402777777778,-90.6017244836416
111434.375,3.71447916666667,-90.9247980208913
111447.916666667,3.71493055555556,-91.2660143814759
111461.458333333,3.71538194444444,-91.6268552440793
111475,3.71583333333333,-92.0090196956583
111488.541666667,3.71628472222222,-92.4144683261198
111502.083333333,3.71673611111111,-92.8454791351807
111515.625,3.7171875,-93.3047192874929
111529.166666667,3.71763888888889,-93.7953384098397
111542.708333333,3.71809027777778,-94.3210916903887
111556.25,3.71854166666667,-94.8865050176661
111569.791666667,3.71899305555556,-95.4971005748062
111583.333333333,3.71944444444444,-96.1597116729209
111596.875,3.71989583333333,-96.8829327427969
111610.416666667,3.72034722222222,-97.6777807710267
111623.958333333,3.72079861111111,-98.5586998455843
111637.5,3.72125,-99.5451474192386
111651.041666667,3.72170138888889,-100.664220067446
111664.583333333,3.72215277777778,-101.955261196353
111678.125,3.72260416666667,-103.478570583252
111691.666666667,3.72305555555556,-105.333566670985
111705.208333333,3.72350694444444,-107.702222284246
111718.75,3.72395833333333,-110.976928225098
111732.291666667,3.72440972222222,-116.304790853766
111745.833333333,3.72486111111111,-132.621897050697
111759.375,3.7253125,-119.473155454266
111772.916666667,3.72576388888889,-112.549004410242
111786.458333333,3.72621527777778,-108.749746006486
111800,3.72666666666667,-106.119904292866
111813.541666667,3.72711805555556,-104.108627442267
111827.083333333,3.72756944444444,-102.481399307465
111840.625,3.72802083333333,-101.116333617783
111854.166666667,3.72847222222222,-99.9419100767654
111867.708333333,3.72892361111111,-98.9125560515206
111881.25,3.729375,-97.9974391157165
111894.791666667,3.72982638888889,-97.1747251502704
111908.333333333,3.73027777777778,-96.4283859166022
111921.875,3.73072916666667,-95.7463078547958
111935.416666667,3.73118055555556,-95.1191133019964
111948.958333333,3.73163194444444,-94.5393945937664
111962.5,3.73208333333333,-94.0011987592424
111976.041666667,3.73253472222222,-93.4996704638679
111989.583333333,3.73298611111111,-93.0307982447306
112003.125,3.7334375,-92.5912301214939
112016.666666667,3.73388888888889,-92.1781370056765
112030.208333333,3.73434027777778,-91.7891097757649
112043.75,3.73479166666667,-91.4220805242453
112057.291666667,3.73524305555556,-91.0752614672045
112070.833333333,3.73569444444444,-90.7470969692406
112084.375,3.73614583333333,-90.4362254528951
112097.916666667,3.73659722222222,-90.1414488287271
112111.458333333,3.73704861111111,-89.8617077538791
112125,3.7375,-89.5960614206784
112138.541666667,3.73795138888889,-89.3436709117854
112152.083333333,3.73840277777778,-89.1037854245982
112165.625,3.73885416666667,-88.8757307453277
112179.166666667,3.73930555555556,-88.658899588369
112192.708333333,3.73975694444444,-88.4527434283152
112206.25,3.74020833333333,-88.2567655698822
112219.791666667,3.74065972222222,-88.0705152185613
112233.333333333,3.74111111111111,-87.893582421033
112246.875,3.7415625,-87.7255936856577
112260.416666667,3.74201388888889,-87.5662082077538
112273.958333333,3.74246527777778,-87.4151145938492
112287.5,3.74291666666667,-87.2720280069312
112301.041666667,3.74336805555556,-87.1366876740105
112314.583333333,3.74381944444444,-87.0088547041622
112328.125,3.74427083333333,-86.8883101694612
112341.666666667,3.74472222222222,-86.7748534189955
112355.208333333,3.74517361111111,-86.6683005931455
112368.75,3.745625,-86.5684833054785
112382.291666667,3.74607638888889,-86.4752474814912
112395.833333333,3.74652777777778,-86.3884523296124
112409.375,3.74697916666667,-86.3079694318024
112422.916666667,3.74743055555556,-86.233681929634
112436.458333333,3.74788194444444,-86.1654838148033
112450,3.74833333333333,-86.1032792945787
112463.541666667,3.74878472222222,-86.0469822349076
112477.083333333,3.74923611111111,-85.9965156671357
112490.625,3.7496875,-85.9518113608652
112504.166666667,3.75013888888889,-85.9128094465169
112517.708333333,3.75059027777778,-85.8794580976923
112531.25,3.75104166666667,-85.8517132483718
112544.791666667,3.75149305555556,-85.8295383652209
112558.333333333,3.75194444444444,-85.8129042598381
112571.875,3.75239583333333,-85.8017889344345
112585.416666667,3.75284722222222,-85.7961774712938
112598.958333333,3.75329861111111,-85.7960619554517
112612.5,3.75375,-85.8014414367889
112626.041666667,3.75420138888889,-85.8123219239239
112639.583333333,3.75465277777778,-85.8287164134182
112653.125,3.75510416666667,-85.8506449581273
112666.666666667,3.75555555555556,-85.8781347682623
112680.208333333,3.75600694444444,-85.9112203532175
112693.75,3.75645833333333,-85.9499436965602
112707.291666667,3.75690972222222,-85.9943544780243
112720.833333333,3.75736111111111,-86.0445103403345
112734.375,3.7578125,-86.1004771927633
112747.916666667,3.75826388888889,-86.1623295749008
112761.458333333,3.75871527777778,-86.2301510697233
112775,3.75916666666667,-86.3040347770463
112788.541666667,3.75961805555556,-86.384083854951
112802.083333333,3.76006944444444,-86.4704121267999
112815.625,3.76052083333333,-86.5631447759021
112829.166666667,3.76097222222222,-86.6624191266074
112842.708333333,3.76142361111111,-86.7683855253966
112856.25,3.761875,-86.8812083367097
112869.791666667,3.76232638888889,-87.0010670679015
112883.333333333,3.76277777777778,-87.1281576420545
112896.875,3.76322916666667,-87.2626938317654
112910.416666667,3.76368055555556,-87.404908891645
112923.958333333,3.76413194444444,-87.5550574101788
112937.5,3.76458333333333,-87.713417414505
112951.041666667,3.76503472222222,-87.8802927732086
112964.583333333,3.76548611111111,-88.0560159464712
112978.125,3.7659375,-88.2409511387907
112991.666666667,3.76638888888889,-88.4354979342474
113005.208333333,3.76684027777778,-88.6400954946429
113018.75,3.76729166666667,-88.8552274181819
113032.291666667,3.76774305555556,-89.081427427609
113045.833333333,3.76819444444444,-89.3192859947109
113059.375,3.76864583333333,-89.5694581503395
113072.916666667,3.76909722222222,-89.8326727096792
113086.458333333,3.76954861111111,-90.1097432463978
113100,3.77,-90.4015812036968
113113.541666667,3.77045138888889,-90.7092116894037
113127.083333333,3.77090277777778,-91.0337926320833
113140.625,3.77135416666667,-91.3766381682931
113154.166666667,3.77180555555556,-91.7392474745609
113167.708333333,3.77225694444444,-92.1233405961722
113181.25,3.77270833333333,-92.5309034486017
113194.791666667,3.77315972222222,-92.9642449328597
113208.333333333,3.77361111111111,-93.4260703122538
113221.875,3.7740625,-93.9195767411714
113235.416666667,3.77451388888889,-94.4485794889968
113248.958333333,3.77496527777778,-95.0176814995436
113262.5,3.77541666666667,-95.6325054722792
113276.041666667,3.77586805555556,-96.3000183346971
113289.583333333,3.77631944444444,-97.0289961201711
113303.125,3.77677083333333,-97.8307090516018
113316.666666667,3.77722222222222,-98.719965317984
113330.208333333,3.77767361111111,-99.7167654387367
113343.75,3.778125,-100.849053433756
113357.291666667,3.77857638888889,-102.157572550911
113370.833333333,3.77902777777778,-103.705112546046
113384.375,3.77947916666667,-105.595989871776
113397.916666667,3.77993055555556,-108.023322809664
113411.458333333,3.78038194444444,-111.411521679562
113425,3.78083333333333,-117.052526877286
113438.541666667,3.78128472222222,-138.462000887438
113452.083333333,3.78173611111111,-118.672212661023
113465.625,3.7821875,-112.220965476065
113479.166666667,3.78263888888889,-108.564240976484
113492.708333333,3.78309027777778,-106.003201335664
113506.25,3.78354166666667,-104.032484854338
113519.791666667,3.78399305555556,-102.432026926142
113533.333333333,3.78444444444444,-101.085969560028
113546.875,3.78489583333333,-99.9257540071645
113560.416666667,3.78534722222222,-98.907432605395
113573.958333333,3.78579861111111,-98.0011388879406
113587.5,3.78625,-97.1856490144036
113601.041666667,3.78670138888889,-96.4453392903739
113614.583333333,3.78715277777778,-95.7683748863362
113628.125,3.78760416666667,-95.1455764782793
113641.666666667,3.78805555555556,-94.5696813662219
113655.208333333,3.78850694444444,-94.0348450047389
113668.75,3.78895833333333,-93.5362947743113
113682.291666667,3.78940972222222,-93.0700834248073
113695.833333333,3.78986111111111,-92.6329095719767
113709.375,3.7903125,-92.2219845515415
113722.916666667,3.79076388888889,-91.8349319265801
113736.458333333,3.79121527777778,-91.4697105026515
113750,3.79166666666667,-91.1245545448647
113763.541666667,3.79211805555556,-90.7979267837721
113777.083333333,3.79256944444444,-90.4884810586238
113790.625,3.79302083333333,-90.1950323278945
113804.166666667,3.79347222222222,-89.9165323613799
113817.708333333,3.79392361111111,-89.6520498739941
113831.25,3.794375,-89.4007541703964
113844.791666667,3.79482638888889,-89.1619015709182
113858.333333333,3.79527777777778,-88.9348240771396
113871.875,3.79572916666667,-88.7189198438575
113885.416666667,3.79618055555556,-88.5136451400485
113898.958333333,3.79663194444444,-88.3185075022306
113912.5,3.79708333333333,-88.1330599017777
113926.041666667,3.79753472222222,-87.9568957335131
113939.583333333,3.79798611111111,-87.7896445063958
113953.125,3.7984375,-87.630968110763
113966.666666667,3.79888888888889,-87.4805575823663
113980.208333333,3.79934027777778,-87.3381302794622
113993.75,3.79979166666667,-87.2034274252939
114007.291666667,3.80024305555556,-87.0762119456159
114020.833333333,3.80069444444444,-86.95626657261
114034.375,3.80114583333333,-86.8433921790343
114047.916666667,3.80159722222222,-86.737406304958
114061.458333333,3.80204861111111,-86.6381418587486
114075,3.8025,-86.5454459643056
114088.541666667,3.80295138888889,-86.4591789441967
114102.083333333,3.80340277777778,-86.3792134186122
114115.625,3.80385416666667,-86.3054335038454
114129.166666667,3.80430555555556,-86.2377341061143
114142.708333333,3.80475694444444,-86.1760202945265
114156.25,3.80520833333333,-86.1202067518555
114169.791666667,3.80565972222222,-86.0702172884007
114183.333333333,3.80611111111111,-86.0259844138201
114196.875,3.8065625,-85.9874489711658
114210.416666667,3.80701388888889,-85.9545598173897
114223.958333333,3.80746527777778,-85.9272735510979
114237.5,3.80791666666667,-85.905554285375
114251.041666667,3.80836805555556,-85.8893734575843
114264.583333333,3.80881944444444,-85.8787096902367
114278.125,3.80927083333333,-85.8735486751248
114291.666666667,3.80972222222222,-85.8738831014285
114305.208333333,3.81017361111111,-85.879712620876
114318.75,3.810625,-85.8910438451759
114332.291666667,3.81107638888889,-85.907890378843
114345.833333333,3.81152777777778,-85.930272887215
114359.375,3.81197916666667,-85.9582192055337
114372.916666667,3.81243055555556,-85.9917644801557
114386.458333333,3.81288194444444,-86.0309513498154
114400,3.81333333333333,-86.0758301700721
114413.541666667,3.81378472222222,-86.12645928173
114427.083333333,3.81423611111111,-86.1829053229958
114440.625,3.8146875,-86.2452435955207
114454.166666667,3.81513888888889,-86.3135584813247
114467.708333333,3.81559027777778,-86.3879439217474
114481.25,3.81604166666667,-86.4685039690902
114494.791666667,3.81649305555556,-86.5553533929149
114508.333333333,3.81694444444444,-86.6486183882135
114521.875,3.81739583333333,-86.7484373616329
114535.416666667,3.81784722222222,-86.8549618226413
114548.958333333,3.81829861111111,-86.9683573905515
114562.5,3.81875,-87.0888049283858
114576.041666667,3.81920138888889,-87.2165018322339
114589.583333333,3.81965277777778,-87.3516634794629
114603.125,3.82010416666667,-87.4945248802437
114616.666666667,3.82055555555556,-87.6453425454508
114630.208333333,3.82100694444444,-87.8043966208281
114643.75,3.82145833333333,-87.9719933135153
114657.291666667,3.82190972222222,-88.148467674979
114670.833333333,3.82236111111111,-88.334186795727
114684.375,3.8228125,-88.5295534789234
114697.916666667,3.82326388888889,-88.7350104932495
114711.458333333,3.82371527777778,-88.9510455030027
114725,3.82416666666667,-89.1781968162887
114738.541666667,3.82461805555556,-89.4170601177377
114752.083333333,3.82506944444444,-89.6682963771987
114765.625,3.82552083333333,-89.9326412201904
114779.166666667,3.82597222222222,-90.2109160583127
114792.708333333,3.82642361111111,-90.5040414171872
114806.25,3.826875,-90.8130529866447
114819.791666667,3.82732638888889,-91.1391210954665
114833.333333333,3.82777777777778,-91.4835745263863
114846.875,3.82822916666667,-91.8479298653384
114860.416666667,3.82868055555556,-92.2339280371769
114873.958333333,3.82913194444444,-92.6435801985624
114887.5,3.82958333333333,-93.0792260786653
114901.041666667,3.83003472222222,-93.5436089889543
114914.583333333,3.83048611111111,-94.0399735997126
114928.125,3.8309375,-94.5721953093168
114941.666666667,3.83138888888889,-95.1449542997799
114955.208333333,3.83184027777778,-95.7639741640022
114968.75,3.83229166666667,-96.4363562035338
114982.291666667,3.83274305555556,-97.1710594428425
114995.833333333,3.83319444444444,-97.9796099252127
115009.375,3.83364583333333,-98.877184700662
115022.916666667,3.83409722222222,-99.8843364312771
115036.458333333,3.83454861111111,-101.02987452393
115050,3.835,-102.355979767983
115063.541666667,3.83545138888889,-103.928018216368
115077.083333333,3.83590277777778,-105.855427277955
115090.625,3.83635416666667,-108.343163547195
115104.166666667,3.83680555555556,-111.850583772212
115117.708333333,3.83725694444444,-117.837867756739
115131.25,3.83770833333333,-160.739094607405
115144.791666667,3.83815972222222,-117.964317326039
115158.333333333,3.83861111111111,-111.915556557237
115171.875,3.8390625,-108.388421750408
115185.416666667,3.83951388888889,-105.891411146416
115198.958333333,3.83996527777778,-103.958903801906
115212.5,3.84041666666667,-102.383855069083
115226.041666667,3.84086805555556,-101.05593263976
115239.583333333,3.84131944444444,-99.9093230455355
115253.125,3.84177083333333,-98.9015968992094
115266.666666667,3.84222222222222,-98.0037956356058
115280.208333333,3.84267361111111,-97.1952716834489
115293.75,3.843125,-96.4607847063164
115307.291666667,3.84357638888889,-95.7887648504346
115320.833333333,3.84402777777778,-95.1702217898887
115334.375,3.84447916666667,-94.5980312737191
115347.916666667,3.84493055555556,-94.0664524864955
115361.458333333,3.84538194444444,-93.5707920826767
115375,3.84583333333333,-93.1071644153168
115388.541666667,3.84628472222222,-92.6723167257008
115402.083333333,3.84673611111111,-92.2634992277839
115415.625,3.8471875,-91.8783669525571
115429.166666667,3.84763888888889,-91.5149044462066
115442.708333333,3.84809027777778,-91.1713672421366
115456.25,3.84854166666667,-90.8462357943825
115469.791666667,3.84899305555556,-90.5381788338266
115483.333333333,3.84944444444444,-90.2460239254514
115496.875,3.84989583333333,-89.9687335839466
115510.416666667,3.85034722222222,-89.7053857426221
115523.958333333,3.85079861111111,-89.455157658495
115537.5,3.85125,-89.217312552934
115551.041666667,3.85170138888889,-88.9911884463456
115564.583333333,3.85215277777778,-88.7761887715515
115578.125,3.85260416666667,-88.571774440156
115591.666666667,3.85305555555556,-88.3774570988966
115605.208333333,3.85350694444444,-88.192793367431
115618.75,3.85395833333333,-88.0173798960188
115632.291666667,3.85440972222222,-87.8508491036689
115645.833333333,3.85486111111111,-87.6928654993766
115659.375,3.8553125,-87.5431224780178
115672.916666667,3.85576388888889,-87.4013395350818
115686.458333333,3.85621527777778,-87.2672598308969
115700,3.85666666666667,-87.1406480570447
115713.541666667,3.85711805555556,-87.0212885643332
115727.083333333,3.85756944444444,-86.9089837053708
115740.625,3.85802083333333,-86.8035523835452
115754.166666667,3.85847222222222,-86.7048287675831
115767.708333333,3.85892361111111,-86.6126611481938
115781.25,3.859375,-86.5269109347365
115794.791666667,3.85982638888889,-86.447451757696
115808.333333333,3.86027777777778,-86.3741686844468
115821.875,3.86072916666667,-86.3069575119776
115835.416666667,3.86118055555556,-86.2457241514276
115848.958333333,3.86163194444444,-86.1903840830619
115862.5,3.86208333333333,-86.140861874738
115876.041666667,3.86253472222222,-86.0970907619575
115889.583333333,3.86298611111111,-86.0590122823647
115903.125,3.8634375,-86.0265759622471
115916.666666667,3.86388888888889,-85.9997390492006
115930.208333333,3.86434027777778,-85.9784662866669
115943.75,3.86479166666667,-85.9627297289929
115957.291666667,3.86524305555556,-85.9525086029207
115970.833333333,3.86569444444444,-85.9477891971771
115984.375,3.86614583333333,-85.9485647939155
115997.916666667,3.86659722222222,-85.9548356349144
116011.458333333,3.86704861111111,-85.9666089228935
116025,3.8675,-85.9838988586258
116038.541666667,3.86795138888889,-86.0067267102714
116052.083333333,3.86840277777778,-86.035120926139
116065.625,3.86885416666667,-86.0691172785545
116079.166666667,3.86930555555556,-86.1087590502333
116092.708333333,3.86975694444444,-86.154097260916
116106.25,3.87020833333333,-86.2051909391398
116119.791666667,3.87065972222222,-86.2621074413965
116133.333333333,3.87111111111111,-86.3249228171775
116146.875,3.8715625,-86.3937222368986
116160.416666667,3.87201388888889,-86.4686004738305
116173.958333333,3.87246527777778,-86.549662455792
116187.5,3.87291666666667,-86.6370238909058
116201.041666667,3.87336805555556,-86.7308119695208
116214.583333333,3.87381944444444,-86.8311661676313
116228.125,3.87427083333333,-86.9382391415368
116241.666666667,3.87472222222222,-87.0521977487308
116255.208333333,3.87517361111111,-87.1732241929793
116268.75,3.875625,-87.3015173245999
116282.291666667,3.87607638888889,-87.4372941086673
116295.833333333,3.87652777777778,-87.5807912875067
116309.375,3.87697916666667,-87.7322672766944
116322.916666667,3.87743055555556,-87.8920043132493
116336.458333333,3.87788194444444,-88.0603109213233
116350,3.87833333333333,-88.2375247183867
116363.541666667,3.87878472222222,-88.4240156477005
116377.083333333,3.87923611111111,-88.6201897030216
116390.625,3.8796875,-88.8264932283411
116404.166666667,3.88013888888889,-89.0434179124237
116417.708333333,3.88059027777778,-89.271506615018
116431.25,3.88104166666667,-89.5113601861324
116444.791666667,3.88149305555556,-89.763645493592
116458.333333333,3.88194444444444,-90.029104917429
116471.875,3.88239583333333,-90.308567656948
116485.416666667,3.88284722222222,-90.6029632584074
116498.958333333,3.88329861111111,-90.913337930949
116512.5,3.88375,-91.2408743446767
116526.041666667,3.88420138888889,-91.5869158465224
116539.583333333,3.88465277777778,-91.9529963710051
116553.125,3.88510416666667,-92.3408776417119
116566.666666667,3.88555555555556,-92.7525959979408
116580.208333333,3.88600694444444,-93.190521940938
116593.75,3.88645833333333,-93.6574367986585
116607.291666667,3.88690972222222,-94.1566327675812
116620.833333333,3.88736111111111,-94.6920454670754
116634.375,3.8878125,-95.2684325317986
116647.916666667,3.88826388888889,-95.8916188863075
116661.458333333,3.88871527777778,-96.5688410300796
116675,3.88916666666667,-97.309242483577
116688.541666667,3.88961805555556,-98.1246078281218
116702.083333333,3.89006944444444,-99.0304879911339
116715.625,3.89052083333333,-100.04799724617
116729.166666667,3.89097222222222,-101.206829131282
116742.708333333,3.89142361111111,-102.55064146306
116756.25,3.891875,-104.147467241559
116769.791666667,3.89232638888889,-106.112101584577
116783.333333333,3.89277777777778,-108.662087776298
116796.875,3.89322916666667,-112.295000000248
116810.416666667,3.89368055555556,-118.667846890353
116823.958333333,3.89413194444444,-140.25860743479
116837.5,3.89458333333333,-117.331383117352
116851.041666667,3.89503472222222,-111.629894511372
116864.583333333,3.89548611111111,-108.221179443854
116878.125,3.8959375,-105.783944646114
116891.666666667,3.89638888888889,-103.887517421203
116905.208333333,3.89684027777778,-102.336633773101
116918.75,3.89729166666667,-101.026042980975
116932.291666667,3.89774305555556,-99.8924832463823
116945.833333333,3.89819444444444,-98.8949471046194
116959.375,3.89864583333333,-98.0053311203094
116972.916666667,3.89909722222222,-97.2035328732682
116986.458333333,3.89954861111111,-96.4746760055296
117000,3.9,-95.8074429537296
117013.541666667,3.90045138888889,-95.1930237919358
117027.083333333,3.90090277777778,-94.6244266794108
117040.625,3.90135416666667,-94.0960102003943
117054.166666667,3.90180555555556,-93.6031570732064
117067.708333333,3.90225694444444,-93.1420408571323
117081.25,3.90270833333333,-92.7094555636746
117094.791666667,3.90315972222222,-92.30268885911
117108.333333333,3.90361111111111,-91.9194261042957
117121.875,3.9040625,-91.557676686401
117135.416666667,3.90451388888889,-91.2157166712631
117148.958333333,3.90496527777778,-90.8920436404821
117162.5,3.90541666666667,-90.5853407279054
117176.041666667,3.90586805555556,-90.2944476911297
117189.583333333,3.90631944444444,-90.0183374481669
117203.125,3.90677083333333,-89.7560968618858
117216.666666667,3.90722222222222,-89.5069108945702
117230.208333333,3.90767361111111,-89.2700494584305
117243.75,3.908125,-89.044856411167
117257.291666667,3.90857638888889,-88.8307403069244
117270.833333333,3.90902777777778,-88.6271665643447
117284.375,3.90947916666667,-88.4336508202507
117297.916666667,3.90993055555556,-88.2497532393985
117311.458333333,3.91038194444444,-88.0750736325918
117325,3.91083333333333,-87.9092472509669
117338.541666667,3.91128472222222,-87.7519411476754
117352.083333333,3.91173611111111,-87.6028510124342
117365.625,3.9121875,-87.4616984191392
117379.166666667,3.91263888888889,-87.3282284140372
117392.708333333,3.91309027777778,-87.202207409218
117406.25,3.91354166666667,-87.0834213275408
117419.791666667,3.91399305555556,-86.9716739657168
117433.333333333,3.91444444444444,-86.8667855567647
117446.875,3.91489583333333,-86.7685914953548
117460.416666667,3.91534722222222,-86.6769412111481
117473.958333333,3.91579861111111,-86.5916971713523
117487.5,3.91625,-86.5127339953926
117501.041666667,3.91670138888889,-86.4399376754871
117514.583333333,3.91715277777778,-86.37320487904
117528.125,3.91760416666667,-86.3124423407669
117541.666666667,3.91805555555556,-86.2575663179334
117555.208333333,3.91850694444444,-86.2085021206308
117568.75,3.91895833333333,-86.1651836924891
117582.291666667,3.91940972222222,-86.1275532504346
117595.833333333,3.91986111111111,-86.0955609771114
117609.375,3.9203125,-86.0691647540178
117622.916666667,3.92076388888889,-86.0483299413605
117636.458333333,3.92121527777778,-86.0330291986289
117650,3.92166666666667,-86.023242344021
117663.541666667,3.92211805555556,-86.0189562528808
117677.083333333,3.92256944444444,-86.0201647871518
117690.625,3.92302083333333,-86.0268687692778
117704.166666667,3.92347222222222,-86.0390759817963
117717.708333333,3.92392361111111,-86.0568012105436
117731.25,3.924375,-86.0800663168422
117744.791666667,3.92482638888889,-86.1089003500327
117758.333333333,3.92527777777778,-86.1433396998881
117771.875,3.92572916666667,-86.1834282814552
117785.416666667,3.92618055555556,-86.2292177701683
117798.958333333,3.92663194444444,-86.280767870577
117812.5,3.92708333333333,-86.3381466449683
117826.041666667,3.92753472222222,-86.4014308830061
117839.583333333,3.92798611111111,-86.4707065304219
117853.125,3.9284375,-86.5460691798621
117866.666666667,3.92888888888889,-86.6276246274284
117880.208333333,3.92934027777778,-86.7154895021574
117893.75,3.92979166666667,-86.8097919808233
117907.291666667,3.93024305555556,-86.9106725915787
117920.833333333,3.93069444444444,-87.0182851264546
117934.375,3.93114583333333,-87.1327976659242
117947.916666667,3.93159722222222,-87.2543937397068
117961.458333333,3.93204861111111,-87.3832736350048
117975,3.9325,-87.5196558840068
117988.541666667,3.93295138888889,-87.6637789481618
118002.083333333,3.93340277777778,-87.815903122434
118015.625,3.93385416666667,-87.9763127198151
118029.166666667,3.93430555555556,-88.145318553663
118042.708333333,3.93475694444444,-88.3232607829908
118056.25,3.93520833333333,-88.5105121809522
118069.791666667,3.93565972222222,-88.7074819003896
118083.333333333,3.93611111111111,-88.9146198303664
118096.875,3.9365625,-89.1324216509245
118110.416666667,3.93701388888889,-89.3614347371021
118123.958333333,3.93746527777778,-89.602265066904
118137.5,3.93791666666667,-89.8555853603557
118151.041666667,3.93836805555556,-90.1221447100272
118164.583333333,3.93881944444444,-90.4027800509706
118178.125,3.93927083333333,-90.6984299024319
118191.666666667,3.93972222222222,-91.0101509341935
118205.208333333,3.94017361111111,-91.3391380909431
118218.75,3.940625,-91.6867492392657
118232.291666667,3.94107638888889,-92.054535588183
118245.833333333,3.94152777777778,-92.4442796099189
118259.375,3.94197916666667,-92.8580427684359
118272.916666667,3.94243055555556,-93.2982263046182
118286.458333333,3.94288194444444,-93.7676495502884
118300,3.94333333333333,-94.269652275143
118313.541666667,3.94378472222222,-94.8082304340515
118327.083333333,3.94423611111111,-95.3882193717105
118340.625,3.9446875,-96.0155458443146
118354.166666667,3.94513888888889,-96.6975824419944
118367.708333333,3.94559027777778,-97.4436587929524
118381.25,3.94604166666667,-98.2658208947387
118394.791666667,3.94649305555556,-99.1799988140385
118408.333333333,3.94694444444444,-100.207878354989
118421.875,3.94739583333333,-101.380056778076
118435.416666667,3.94784722222222,-102.741710203206
118448.958333333,3.94829861111111,-104.363634066079
118462.5,3.94875,-106.36623274832
118476.041666667,3.94920138888889,-108.980446074915
118489.583333333,3.94965277777778,-112.74573267881
118503.125,3.95010416666667,-119.551270166781
118516.666666667,3.95055555555556,-133.99269495106
118530.208333333,3.95100694444444,-116.759926295928
118543.75,3.95145833333333,-111.361543632932
118557.291666667,3.95190972222222,-108.061541174716
118570.833333333,3.95236111111111,-105.680276059992
118584.375,3.9528125,-103.81799520933
118597.916666667,3.95326388888889,-102.290136604693
118611.458333333,3.95371527777778,-100.996137088308
118625,3.95416666666667,-99.875112619771
118638.541666667,3.95461805555556,-98.8873903980998
118652.083333333,3.95506944444444,-98.0056739942779
118665.625,3.95552083333333,-97.2103776664137
118679.166666667,3.95597222222222,-96.4869712050412
118692.708333333,3.95642361111111,-95.8243776515774
118706.25,3.956875,-95.2139595302813
118719.791666667,3.95732638888889,-94.6488518304527
118733.333333333,3.95777777777778,-94.1235085063183
118746.875,3.95822916666667,-93.6333853681986
118760.416666667,3.95868055555556,-93.1747129421818
118773.958333333,3.95913194444444,-92.7443303009079
118787.5,3.95958333333333,-92.3395612163669
118801.041666667,3.96003472222222,-91.958120331415
118814.583333333,3.96048611111111,-91.5980410260055
118828.125,3.9609375,-91.2576192171635
118841.666666667,3.96138888888889,-90.9353690579147
118855.208333333,3.96184027777778,-90.6299876195084
118868.75,3.96229166666667,-90.3403264769324
118882.291666667,3.96274305555556,-90.065368627573
118895.833333333,3.96319444444444,-89.8042095893592
118909.375,3.96364583333333,-89.5560418034606
118922.916666667,3.96409722222222,-89.3201416751955
118936.458333333,3.96454861111111,-89.0958587291885
118950,3.965,-88.8826064925128
118963.541666667,3.96545138888889,-88.6798547670344
118977.083333333,3.96590277777778,-88.487123065442
118990.625,3.96635416666667,-88.3039749993001
119004.166666667,3.96680555555556,-88.1300134559132
119017.708333333,3.96725694444444,-87.9648764401951
119031.25,3.96770833333333,-87.8082334808622
119044.791666667,3.96815972222222,-87.6597825040623
119058.333333333,3.96861111111111,-87.5192471049769
119071.875,3.9690625,-87.3863741696594
119085.416666667,3.96951388888889,-87.2609317861727
119098.958333333,3.96996527777778,-87.1427074089806
119112.5,3.97041666666667,-87.031506243825
119126.041666667,3.97086805555556,-86.9271498186887
119139.583333333,3.97131944444444,-86.8294747248803
119153.125,3.97177083333333,-86.738331504256
119166.666666667,3.97222222222222,-86.653583656401
119180.208333333,3.97267361111111,-86.5751067654679
119193.75,3.973125,-86.5027877273833
119207.291666667,3.97357638888889,-86.4365240623253
119220.833333333,3.97402777777778,-86.3762233053851
119234.375,3.97447916666667,-86.3218024785417
119247.916666667,3.97493055555556,-86.2731876134599
119261.458333333,3.97538194444444,-86.2303133490131
119275,3.97583333333333,-86.1931225677113
119288.541666667,3.97628472222222,-86.1615660930187
119302.083333333,3.97673611111111,-86.135602427334
119315.625,3.9771875,-86.1151975372085
119329.166666667,3.97763888888889,-86.1003246734601
119342.708333333,3.97809027777778,-86.0909642363736
119356.25,3.97854166666667,-86.0871036745985
119369.791666667,3.97899305555556,-86.0887374224406
119383.333333333,3.97944444444444,-86.0958668697601
119396.875,3.97989583333333,-86.1085003703207
119410.416666667,3.98034722222222,-86.1266532834496
119423.958333333,3.98079861111111,-86.1503480547555
119437.5,3.98125,-86.1796143278537
119451.041666667,3.98170138888889,-86.2144890950566
119464.583333333,3.98215277777778,-86.2550168984294
119478.125,3.98260416666667,-86.3012500550551
119491.666666667,3.98305555555556,-86.3532489390762
119505.208333333,3.98350694444444,-86.411082308407
119518.75,3.98395833333333,-86.4748276811579
119532.291666667,3.98440972222222,-86.5445717692278
119545.833333333,3.98486111111111,-86.6204109729363
119559.375,3.9853125,-86.7024519459044
119572.916666667,3.98576388888889,-86.7908122278785
119586.458333333,3.98621527777778,-86.885620967621
119600,3.98666666666667,-86.9870197361961
119613.541666667,3.98711805555556,-87.0951634462064
119627.083333333,3.98756944444444,-87.210221388401
119640.625,3.98802083333333,-87.3323784010421
119654.166666667,3.98847222222222,-87.4618361957636
119667.708333333,3.98892361111111,-87.5988148588812
119681.25,3.989375,-87.7435545463327
119694.791666667,3.98982638888889,-87.8963174199334
119708.333333333,3.99027777777778,-88.0573898445291
119721.875,3.99072916666667,-88.22708490592
119735.416666667,3.99118055555556,-88.4057452791742
119748.958333333,3.99163194444444,-88.5937465440662
119762.5,3.99208333333333,-88.7915009850307
119776.041666667,3.99253472222222,-88.999462007789
119789.583333333,3.99298611111111,-89.2181292572743
119803.125,3.9934375,-89.448054587057
119816.666666667,3.99388888888889,-89.6898490681296
119830.208333333,3.99434027777778,-89.9441912348481
119843.75,3.99479166666667,-90.2118368517836
119857.291666667,3.99524305555556,-90.4936305466275
119870.833333333,3.99569444444444,-90.7905197634632
119884.375,3.99614583333333,-91.1035715821234
119897.916666667,3.99659722222222,-91.4339931786074
119911.458333333,3.99704861111111,-91.783156877173
119925,3.9975,-92.1526311181088
119938.541666667,3.99795138888889,-92.5442190714102
119952.083333333,3.99840277777778,-92.9600072956928
119965.625,3.99885416666667,-93.4024277467709
119979.166666667,3.99930555555556,-93.874337778235
119992.708333333,3.99975694444444,-94.3791247915829
120006.25,4.00020833333333,-94.9208452362291
120019.791666667,4.00065972222222,-95.5044124671243
120033.333333333,4.00111111111111,-96.1358556242096
120046.875,4.0015625,-96.8226843655781
120060.416666667,4.00201388888889,-97.5744161406889
120073.958333333,4.00246527777778,-98.4033614132489
120087.5,4.00291666666667,-99.3258349049579
120101.041666667,4.00336805555556,-100.364104341792
120114.583333333,4.00381944444444,-101.549691175389
120128.125,4.00427083333333,-102.929333109946
120141.666666667,4.00472222222222,-104.576688566666
120155.208333333,4.00517361111111,-106.618038896089
120168.75,4.005625,-109.298598295864
120182.291666667,4.00607638888889,-113.203834846428
120195.833333333,4.00652777777778,-120.499387864441
120209.375,4.00697916666667,-130.486908052353
120222.916666667,4.00743055555556,-116.239631240814
120236.458333333,4.00788194444444,-111.108428963424
120250,4.00833333333333,-107.908649226049
120263.541666667,4.00878472222222,-105.579934396613
120277.083333333,4.00923611111111,-103.750038487871
120290.625,4.0096875,-102.244157845996
120304.166666667,4.01013888888889,-100.966065915734
120317.708333333,4.01059027777778,-99.8570997447358
120331.25,4.01104166666667,-98.8788418862938
120344.791666667,4.01149305555556,-98.0047589821026
120358.333333333,4.01194444444444,-97.2157558377328
120371.875,4.01239583333333,-96.4976319539523
120385.416666667,4.01284722222222,-95.8395401966636
120398.958333333,4.01329861111111,-95.2330081789704
120412.5,4.01375,-94.6712925423726
120426.041666667,4.01420138888889,-94.1489388688479
120439.583333333,4.01465277777778,-93.6614733008185
120453.125,4.01510416666667,-93.2051812458423
120466.666666667,4.01555555555556,-92.7769452350901
120480.208333333,4.01600694444444,-92.3741239019507
120493.75,4.01645833333333,-91.9944601860306
120507.291666667,4.01690972222222,-91.636010670302
120520.833333333,4.01736111111111,-91.2970904886107
120534.375,4.0178125,-90.9762298394449
120547.916666667,4.01826388888889,-90.6721393026668
120561.458333333,4.01871527777778,-90.3836819123518
120575,4.01916666666667,-90.1098504441556
120588.541666667,4.01961805555556,-89.8497488195491
120602.083333333,4.02006944444444,-89.6025767427993
120615.625,4.02052083333333,-89.3676169243304
120629.166666667,4.02097222222222,-89.1442243999677
120642.708333333,4.02142361111111,-88.9318175311529
120656.25,4.021875,-88.7298703822212
120669.791666667,4.02232638888889,-88.5379062376496
120683.333333333,4.02277777777778,-88.3554920648696
120696.875,4.02322916666667,-88.1822337444532
120710.416666667,4.02368055555556,-88.0177719664453
120723.958333333,4.02413194444444,-87.8617786702894
120737.5,4.02458333333333,-87.7139539591558
120751.041666667,4.02503472222222,-87.5740234021183
120764.583333333,4.02548611111111,-87.4417356777102
120778.125,4.0259375,-87.316860507512
120791.666666667,4.02638888888889,-87.1991868429277
120805.208333333,4.02684027777778,-87.0885212619879
120818.75,4.02729166666667,-86.9846865583056
120832.291666667,4.02774305555556,-86.8875204930911
120845.833333333,4.02819444444444,-86.7968746911199
120859.375,4.02864583333333,-86.7126136625699
120872.916666667,4.02909722222222,-86.6346139359321
120886.458333333,4.02954861111111,-86.5627632892905
120900,4.03,-86.4969600735378
120913.541666667,4.03045138888889,-86.4371126138265
120927.083333333,4.03090277777778,-86.3831386734771
120940.625,4.03135416666667,-86.3349649960272
120954.166666667,4.03180555555556,-86.292526897769
120967.708333333,4.03225694444444,-86.2557679134689
120981.25,4.03270833333333,-86.2246394961493
120994.791666667,4.03315972222222,-86.1991007576393
121008.333333333,4.03361111111111,-86.1791182571835
121021.875,4.0340625,-86.1646658272264
121035.416666667,4.03451388888889,-86.1557244378876
121048.958333333,4.03496527777778,-86.1522821031568
121062.5,4.03541666666667,-86.1543338170805
121076.041666667,4.03586805555556,-86.1618815291689
121089.583333333,4.03631944444444,-86.1749341538723
121103.125,4.03677083333333,-86.1935076172067
121116.666666667,4.03722222222222,-86.2176249374821
121130.208333333,4.03767361111111,-86.2473163409881
121143.75,4.038125,-86.2826194202164
121157.291666667,4.03857638888889,-86.3235793293362
121170.833333333,4.03902777777778,-86.3702490217635
121184.375,4.03947916666667,-86.4226895292114
121197.916666667,4.03993055555556,-86.4809702976997
121211.458333333,4.04038194444444,-86.5451695629114
121225,4.04083333333333,-86.6153747953496
121238.541666667,4.04128472222222,-86.6916831928932
121252.083333333,4.04173611111111,-86.7742022528024
121265.625,4.0421875,-86.8630504183082
121279.166666667,4.04263888888889,-86.9583577984755
121292.708333333,4.04309027777778,-87.0602669951429
121306.25,4.04354166666667,-87.1689340295007
121319.791666667,4.04399305555556,-87.2845293897734
121333.333333333,4.04444444444444,-87.4072392099301
121346.875,4.04489583333333,-87.5372666132285
121360.416666667,4.04534722222222,-87.6748332199004
121373.958333333,4.04579861111111,-87.8201808708735
121387.5,4.04625,-87.9735735740829
121401.041666667,4.04670138888889,-88.1352997302467
121414.583333333,4.04715277777778,-88.3056746750293
121428.125,4.04760416666667,-88.4850435824021
121441.666666667,4.04805555555556,-88.673784813145
121455.208333333,4.04850694444444,-88.8723137626356
121468.75,4.04895833333333,-89.0810873271159
121482.291666667,4.04940972222222,-89.3006090853905
121495.833333333,4.04986111111111,-89.5314353418966
121509.375,4.0503125,-89.7741822304941
121522.916666667,4.05076388888889,-90.0295340629228
121536.458333333,4.05121527777778,-90.2982532392273
121550,4.05166666666667,-90.5811920447441
121563.541666667,4.05211805555556,-90.8793068008592
121577.083333333,4.05256944444444,-91.1936749617789
121590.625,4.05302083333333,-91.5255158880372
121604.166666667,4.05347222222222,-91.8762163200786
121617.708333333,4.05392361111111,-92.2473618879494
121631.25,4.054375,-92.6407764285411
121644.791666667,4.05482638888889,-93.0585715698702
121658.333333333,4.05527777777778,-93.5032099843108
121671.875,4.05572916666667,-93.9775870797042
121685.416666667,4.05618055555556,-94.4851379829473
121698.958333333,4.05663194444444,-95.0299798239865
121712.5,4.05708333333333,-95.6171043205974
121726.041666667,4.05753472222222,-96.2526435946754
121739.583333333,4.05798611111111,-96.9442454329384
121753.125,4.0584375,-97.7016169360979
121766.666666667,4.05888888888889,-98.5373362496993
121780.208333333,4.05934027777778,-99.4681085621804
121793.75,4.05979166666667,-100.516794361707
121807.291666667,4.06024305555556,-101.715860743545
121820.833333333,4.06069444444444,-103.113652378806
121834.375,4.06114583333333,-104.786796675016
121847.916666667,4.06159722222222,-106.867737209409
121861.458333333,4.06204861111111,-109.616915795444
121875,4.0625,-113.670466785019
121888.541666667,4.06295138888889,-121.526916241474
121902.083333333,4.06340277777778,-128.063228303417
121915.625,4.06385416666667,-115.762433931717
121929.166666667,4.06430555555556,-110.868769451808
121942.708333333,4.06475694444444,-107.761743883961
121956.25,4.06520833333333,-105.482496214095
121969.791666667,4.06565972222222,-103.68337646922
121983.333333333,4.06611111111111,-102.198510010202
121996.875,4.0665625,-100.93569317838
122010.416666667,4.06701388888889,-99.8383424891186
122023.958333333,4.06746527777778,-98.8692236606738
122037.5,4.06791666666667,-98.0025261437918
122051.041666667,4.06836805555556,-97.2196212521263
122064.583333333,4.06881944444444,-96.5066230526907
122078.125,4.06927083333333,-95.8529042440292
122091.666666667,4.06972222222222,-95.2501507054328
122105.208333333,4.07017361111111,-94.6917359250963
122118.75,4.070625,-94.1722936345615
122132.291666667,4.07107638888889,-93.6874177308573
122145.833333333,4.07152777777778,-93.233446560402
122159.375,4.07197916666667,-92.8073046198919
122172.916666667,4.07243055555556,-92.4063842406317
122186.458333333,4.07288194444444,-92.028455736725
122200,4.07333333333333,-91.671598160349
122213.541666667,4.07378472222222,-91.3341452618454
122227.083333333,4.07423611111111,-91.0146427967983
122240.625,4.0746875,-90.7118144561755
122254.166666667,4.07513888888889,-90.4245343900737
122267.708333333,4.07559027777778,-90.1518048764859
122281.25,4.07604166666667,-89.8927380003635
122294.791666667,4.07649305555556,-89.6465405234906
122308.333333333,4.07694444444444,-89.4125012951647
122321.875,4.07739583333333,-89.1899807096884
122335.416666667,4.07784722222222,-88.9784018317112
122348.958333333,4.07829861111111,-88.7772428779492
122362.5,4.07875,-88.5860308091038
122376.041666667,4.07920138888889,-88.4043358568824
122389.583333333,4.07965277777778,-88.2317668228993
122403.125,4.08010416666667,-88.0679670121142
122416.666666667,4.08055555555556,-87.9126107171646
122430.208333333,4.08100694444444,-87.7654001659337
122443.75,4.08145833333333,-87.6260628492817
122457.291666667,4.08190972222222,-87.4943491992998
122470.833333333,4.08236111111111,-87.370030530518
122484.375,4.0828125,-87.2528972559186
122497.916666667,4.08326388888889,-87.1427572955266
122511.458333333,4.08371527777778,-87.0394346780114
122525,4.08416666666667,-86.9427683081805
122538.541666667,4.08461805555556,-86.8526108711135
122552.083333333,4.08506944444444,-86.76882786441
122565.625,4.08552083333333,-86.6912967384019
122579.166666667,4.08597222222222,-86.6199061364993
122592.708333333,4.08642361111111,-86.5545552254458
122606.25,4.086875,-86.4951530967501
122619.791666667,4.08732638888889,-86.4416182462506
122633.333333333,4.08777777777778,-86.3938781119928
122646.875,4.08822916666667,-86.3518686758495
122660.416666667,4.08868055555556,-86.3155341113589
122673.958333333,4.08913194444444,-86.2848264895285
122687.5,4.08958333333333,-86.2597055184567
122701.041666667,4.09003472222222,-86.240138340836
122714.583333333,4.09048611111111,-86.2260993604424
122728.125,4.0909375,-86.2175701073195
122741.666666667,4.09138888888889,-86.2145391504008
122755.208333333,4.09184027777778,-86.2170020350926
122768.75,4.09229166666667,-86.2249612607772
122782.291666667,4.09274305555556,-86.2384262942213
122795.833333333,4.09319444444444,-86.2574136189244
122809.375,4.09364583333333,-86.2819468166462
122822.916666667,4.09409722222222,-86.3120566905587
122836.458333333,4.09454861111111,-86.3477814216791
122850,4.095,-86.3891667700445
122863.541666667,4.09545138888889,-86.4362663151761
122877.083333333,4.09590277777778,-86.4891417401768
122890.625,4.09635416666667,-86.5478631676088
122904.166666667,4.09680555555556,-86.612509545246
122917.708333333,4.09725694444444,-86.6831690890808
122931.25,4.09770833333333,-86.7599397874663
122944.791666667,4.09815972222222,-86.8429299736426
122958.333333333,4.09861111111111,-86.9322589813533
122971.875,4.0990625,-87.0280578705156
122985.416666667,4.09951388888889,-87.1304702646066
122998.958333333,4.09996527777778,-87.2396532810777
123012.5,4.10041666666667,-87.3557785926538
123026.041666667,4.10086805555556,-87.4790336209254
123039.583333333,4.10131944444444,-87.6096228817428
123053.125,4.10177083333333,-87.7477695198854
123066.666666667,4.10222222222222,-87.8937170441886
123080.208333333,4.10267361111111,-88.0477312944334
123093.75,4.103125,-88.210102690324
123107.291666667,4.10357638888889,-88.3811487994189
123120.833333333,4.10402777777778,-88.5612172765384
123134.375,4.10447916666667,-88.750689242663
123147.916666667,4.10493055555556,-88.9499831815104
123161.458333333,4.10538194444444,-89.159559457551
123175,4.10583333333333,-89.3799255563727
123188.541666667,4.10628472222222,-89.6116422117043
123202.083333333,4.10673611111111,-89.8553305859692
123215.625,4.1071875,-90.1116807418396
123229.166666667,4.10763888888889,-90.3814616816216
123242.708333333,4.10809027777778,-90.6655333095552
123256.25,4.10854166666667,-90.9648608010965
123269.791666667,4.10899305555556,-91.2805319376093
123283.333333333,4.10944444444444,-91.6137782298612
123296.875,4.10989583333333,-91.9660008063803
123310.416666667,4.11034722222222,-92.3388024543017
123323.958333333,4.11079861111111,-92.7340276510046
123337.5,4.11125,-93.1538130939528
123351.041666667,4.11170138888889,-93.600652186502
123364.583333333,4.11215277777778,-94.077478446597
123378.125,4.11260416666667,-94.5877748439812
123391.666666667,4.11305555555556,-95.1357194147724
123405.208333333,4.11350694444444,-95.726382623836
123418.75,4.11395833333333,-96.3660002509594
123432.291666667,4.11440972222222,-97.0623593435998
123445.833333333,4.11486111111111,-97.8253585972783
123459.375,4.1153125,-98.6678472404512
123472.916666667,4.11576388888889,-99.6069270178593
123486.458333333,4.11621527777778,-100.666062572397
123500,4.11666666666667,-101.878689061405
123513.541666667,4.11711805555556,-103.294805756662
123527.083333333,4.11756944444444,-104.994120977855
123540.625,4.11802083333333,-107.115544817635
123554.166666667,4.11847222222222,-109.935783792906
123567.708333333,4.11892361111111,-114.146915964895
123581.25,4.119375,-122.653652854403
123594.791666667,4.11982638888889,-126.220241842702
123608.333333333,4.12027777777778,-115.321914378748
123621.875,4.12072916666667,-110.641025758724
123635.416666667,4.12118055555556,-107.620149367849
123648.958333333,4.12163194444444,-105.387579529577
123662.5,4.12208333333333,-103.617762896717
123676.041666667,4.12253472222222,-102.15302174181
123689.583333333,4.12298611111111,-100.904893891611
123703.125,4.1234375,-99.8187469821859
123716.666666667,4.12388888888889,-98.8584639892919
123730.208333333,4.12434027777778,-97.9989202244359
123743.75,4.12479166666667,-97.2219313615617
123757.291666667,4.12524305555556,-96.5139120315634
123770.833333333,4.12569444444444,-95.864445502171
123784.375,4.12614583333333,-95.265369585453
123797.916666667,4.12659722222222,-94.710170150752
123811.458333333,4.12704861111111,-94.1935658297822
123825,4.1275,-93.7112158731531
123838.541666667,4.12795138888889,-93.2595097594195
123852.083333333,4.12840277777778,-92.8354125518739
123865.625,4.12885416666667,-92.4363491909306
123879.166666667,4.12930555555556,-92.060116503303
123892.708333333,4.12975694444444,-91.7048153185027
123906.25,4.13020833333333,-91.3687974480833
123919.791666667,4.13065972222222,-91.0506237464715
123933.333333333,4.13111111111111,-90.7490306351052
123946.875,4.1315625,-90.4629030708262
123960.416666667,4.13201388888889,-90.1912525648284
123973.958333333,4.13246527777778,-89.9331991460974
123987.5,4.13291666666667,-89.6879564433595
124001.041666667,4.13336805555556,-89.4548192793645
124014.583333333,4.13381944444444,-89.2331532684178
124028.125,4.13427083333333,-89.0223860607648
124041.666666667,4.13472222222222,-88.8219999156364
124055.208333333,4.13517361111111,-88.6315253770098
124068.75,4.135625,-88.4505358656399
124082.291666667,4.13607638888889,-88.2786430280522
124095.833333333,4.13652777777778,-88.1154927222444
124109.375,4.13697916666667,-87.9607615375401
124122.916666667,4.13743055555556,-87.8141537759035
124136.458333333,4.13788194444444,-87.6753988077504
124150,4.13833333333333,-87.5442487731348
124163.541666667,4.13878472222222,-87.4204765489161
124177.083333333,4.13923611111111,-87.3038739724063
124190.625,4.1396875,-87.1942502776087
124204.166666667,4.14013888888889,-87.0914307014757
124217.708333333,4.14059027777778,-86.995255267299
124231.25,4.14104166666667,-86.9055776967163
124244.791666667,4.14149305555556,-86.822264453871
124258.333333333,4.14194444444444,-86.7451938923784
124271.875,4.14239583333333,-86.6742555038498
124285.416666667,4.14284722222222,-86.6093492515139
124298.958333333,4.14329861111111,-86.5503849820113
124312.5,4.14375,-86.4972819061959
124326.041666667,4.14420138888889,-86.4499681446986
124339.583333333,4.14465277777778,-86.4083803309783
124353.125,4.14510416666667,-86.3724632677227
124366.666666667,4.14555555555556,-86.3421696290838
124380.208333333,4.14600694444444,-86.3174597129518
124393.75,4.14645833333333,-86.2983012331621
124407.291666667,4.14690972222222,-86.2846691546215
124420.833333333,4.14736111111111,-86.276545558819
124434.375,4.1478125,-86.273919561268
124447.916666667,4.14826388888889,-86.2767872473896
124461.458333333,4.14871527777778,-86.2851516603385
124475,4.14916666666667,-86.2990228108743
124488.541666667,4.14961805555556,-86.3184177295475
124502.083333333,4.15006944444444,-86.3433605564492
124515.625,4.15052083333333,-86.3738826628257
124529.166666667,4.15097222222222,-86.4100228093839
124542.708333333,4.15142361111111,-86.4518273548952
124556.25,4.151875,-86.4993504969892
124569.791666667,4.15232638888889,-86.552654562263
124583.333333333,4.15277777777778,-86.6118103422682
124596.875,4.15322916666667,-86.6768974867522
124610.416666667,4.15368055555556,-86.7480049516258
124623.958333333,4.15413194444444,-86.8252315042598
124637.5,4.15458333333333,-86.9086863081205
124651.041666667,4.15503472222222,-86.9984895748577
124664.583333333,4.15548611111111,-87.0947733089915
124678.125,4.1559375,-87.1976821436609
124691.666666667,4.15638888888889,-87.3073742826252
124705.208333333,4.15684027777778,-87.4240225746479
124718.75,4.15729166666667,-87.5478157103179
124732.291666667,4.15774305555556,-87.6789595949408
124745.833333333,4.15819444444444,-87.8176788826249
124759.375,4.15864583333333,-87.9642187337707
124772.916666667,4.15909722222222,-88.1188468074808
124786.458333333,4.15954861111111,-88.2818555285373
124800,4.16,-88.4535646792236
124813.541666667,4.16045138888889,-88.6343243768677
124827.083333333,4.16090277777778,-88.8245184852145
124840.625,4.16135416666667,-89.0245685587872
124854.166666667,4.16180555555556,-89.2349384059845
124867.708333333,4.16225694444444,-89.4561393998438
124881.25,4.16270833333333,-89.6887366756007
124894.791666667,4.16315972222222,-89.9333564031387
124908.333333333,4.16361111111111,-90.1906943683464
124921.875,4.1640625,-90.4615261465061
124935.416666667,4.16451388888889,-90.7467192359361
124948.958333333,4.16496527777778,-91.0472476268577
124962.5,4.16541666666667,-91.3642094095843
124976.041666667,4.16586805555556,-91.6988482122149
124989.583333333,4.16631944444444,-92.0525795227909
125003.125,4.16677083333333,-92.4270232688439
125016.666666667,4.16722222222222,-92.8240445658653
125030.208333333,4.16767361111111,-93.2458051742878
125043.75,4.168125,-93.6948292722374
125057.291666667,4.16857638888889,-94.1740885609705
125070.833333333,4.16902777777778,-94.6871140047384
125084.375,4.16947916666667,-95.2381447967378
125097.916666667,4.16993055555556,-95.8323305906453
125111.458333333,4.17038194444444,-96.4760115472824
125125,4.17083333333333,-97.1771151966643
125138.541666667,4.17128472222222,-97.9457339044016
125152.083333333,4.17173611111111,-98.7949915582311
125165.625,4.1721875,-99.7423928587849
125179.166666667,4.17263888888889,-100.812018523089
125192.708333333,4.17309027777778,-102.038295288227
125206.25,4.17354166666667,-103.472927044034
125219.791666667,4.17399305555556,-105.198821283339
125233.333333333,4.17444444444444,-107.361679677366
125246.875,4.17489583333333,-110.255603956946
125260.416666667,4.17534722222222,-114.634621333134
125273.958333333,4.17579861111111,-123.907155401991
125287.5,4.17625,-124.739225830881
125301.041666667,4.17670138888889,-114.912880516214
125314.583333333,4.17715277777778,-110.423859031583
125328.125,4.17760416666667,-107.483262079613
125341.666666667,4.17805555555556,-105.294838614028
125355.208333333,4.17850694444444,-103.552973162785
125368.75,4.17895833333333,-102.107535943915
125382.291666667,4.17940972222222,-100.873553060784
125395.833333333,4.17986111111111,-99.7982266303219
125409.375,4.1803125,-98.8464965710313
125422.916666667,4.18076388888889,-97.9938900812472
125436.458333333,4.18121527777778,-97.2226467418112
125450,4.18166666666667,-96.5194687709236
125463.541666667,4.18211805555556,-95.8741414253937
125477.083333333,4.18256944444444,-95.2786485557271
125490.625,4.18302083333333,-94.7265842350355
125504.166666667,4.18347222222222,-94.2127489853221
125517.708333333,4.18392361111111,-93.7328651673988
125531.25,4.184375,-93.2833716872892
125544.791666667,4.18482638888889,-92.8612728759815
125558.333333333,4.18527777777778,-92.4640252651075
125571.875,4.18572916666667,-92.0894513863585
125585.416666667,4.18618055555556,-91.7356732022404
125598.958333333,4.18663194444444,-91.4010600575494
125612.5,4.18708333333333,-91.0841874796977
125626.041666667,4.18753472222222,-90.7838042631558
125639.583333333,4.18798611111111,-90.4988058788522
125653.125,4.1884375,-90.2282128231094
125666.666666667,4.18888888888889,-89.9711528581227
125680.208333333,4.18934027777778,-89.7268463027028
125693.75,4.18979166666667,-89.494593799925
125707.291666667,4.19024305555556,-89.27376605421
125720.833333333,4.19069444444444,-89.0637951848985
125734.375,4.19114583333333,-88.8641673953722
125747.916666667,4.19159722222222,-88.6744167279816
125761.458333333,4.19204861111111,-88.4941197143129
125775,4.1925,-88.3228907794955
125788.541666667,4.19295138888889,-88.1603782756413
125802.083333333,4.19340277777778,-88.006261036145
125815.625,4.19385416666667,-87.8602453875285
125829.166666667,4.19430555555556,-87.7220625409377
125842.708333333,4.19475694444444,-87.5914663045973
125856.25,4.19520833333333,-87.4682310824545
125869.791666667,4.19565972222222,-87.3521501088342
125883.333333333,4.19611111111111,-87.243033899941
125896.875,4.1965625,-87.140708875983
125910.416666667,4.19701388888889,-87.0450161560545
125923.958333333,4.19746527777778,-86.9558104778129
125937.5,4.19791666666667,-86.8729592511346
125951.041666667,4.19836805555556,-86.7963417170615
125964.583333333,4.19881944444444,-86.725848195485
125978.125,4.19927083333333,-86.6613794314627
125991.666666667,4.19972222222222,-86.6028460132301
126005.208333333,4.20017361111111,-86.5501678531543
126018.75,4.200625,-86.5032737408565
126032.291666667,4.20107638888889,-86.4621009510713
126045.833333333,4.20152777777778,-86.4265949019585
126059.375,4.20197916666667,-86.3967088640601
126072.916666667,4.20243055555556,-86.3724037111068
126086.458333333,4.20288194444444,-86.3536477216128
126100,4.20333333333333,-86.3404164098454
126113.541666667,4.20378472222222,-86.3326924028862
126127.083333333,4.20423611111111,-86.3304653509476
126140.625,4.2046875,-86.3337318745352
126154.166666667,4.20513888888889,-86.3424955515805
126167.708333333,4.20559027777778,-86.3567669270523
126181.25,4.20604166666667,-86.3765635762953
126194.791666667,4.20649305555556,-86.4019101852685
126208.333333333,4.20694444444444,-86.4328386851701
126221.875,4.20739583333333,-86.4693884134223
126235.416666667,4.20784722222222,-86.5116063181675
126248.958333333,4.20829861111111,-86.559547207695
126262.5,4.20875,-86.6132740429262
126276.041666667,4.20920138888889,-86.6728582795846
126289.583333333,4.20965277777778,-86.7383802619012
126303.125,4.21010416666667,-86.8099296748729
126316.666666667,4.21055555555556,-86.8876060614407
126330.208333333,4.21100694444444,-86.9715194023902
126343.75,4.21145833333333,-87.0617907832443
126357.291666667,4.21190972222222,-87.1585531413356
126370.833333333,4.21236111111111,-87.2619521098833
126384.375,4.2128125,-87.3721469729766
126397.916666667,4.21326388888889,-87.4893117407558
126411.458333333,4.21371527777778,-87.6136363700384
126425,4.21416666666667,-87.7453281357381
126438.541666667,4.21461805555556,-87.8846131933034
126452.083333333,4.21506944444444,-88.0317383452254
126465.625,4.21552083333333,-88.1869730546753
126479.166666667,4.21597222222222,-88.3506117347344
126492.708333333,4.21642361111111,-88.5229763738401
126506.25,4.216875,-88.7044195319635
126519.791666667,4.21732638888889,-88.8953278021844
126533.333333333,4.21777777777778,-89.0961257879642
126546.875,4.21822916666667,-89.3072807274394
126560.416666667,4.21868055555556,-89.5293078598693
126573.958333333,4.21913194444444,-89.7627767008705
126587.5,4.21958333333333,-90.0083184064572
126601.041666667,4.22003472222222,-90.2666344610649
126614.583333333,4.22048611111111,-90.5385069902438
126628.125,4.2209375,-90.8248110621601
126641.666666667,4.22138888888889,-91.1265294604142
126655.208333333,4.22184027777778,-91.44477055485
126668.75,4.22229166666667,-91.7807900758409
126682.291666667,4.22274305555556,-92.1360178515268
126695.833333333,4.22319444444444,-92.5120909411781
126709.375,4.22364583333333,-92.9108950981463
126722.916666667,4.22409722222222,-93.3346171729704
126736.458333333,4.22454861111111,-93.7858121669076
126750,4.225,-94.2674900716994
126763.541666667,4.22545138888889,-94.7832300066597
126777.083333333,4.22590277777778,-95.337332623043
126790.625,4.22635416666667,-95.9350272416281
126804.166666667,4.22680555555556,-96.5827591982371
126817.708333333,4.22725694444444,-97.2885978147704
126831.25,4.22770833333333,-98.0628313150717
126844.791666667,4.22815972222222,-98.9188620352761
126858.333333333,4.22861111111111,-99.8746043436122
126871.875,4.2290625,-100.95476753286
126885.416666667,4.22951388888889,-102.194794560456
126898.958333333,4.22996527777778,-103.648146536208
126912.5,4.23041666666667,-105.401055206454
126926.041666667,4.23086805555556,-107.606361520475
126939.583333333,4.23131944444444,-110.576797320865
126953.125,4.23177083333333,-115.135203014416
126966.666666667,4.23222222222222,-125.327453690434
126980.208333333,4.23267361111111,-123.50493826795
126993.75,4.233125,-114.53107577117
127007.291666667,4.23357638888889,-110.216097990379
127020.833333333,4.23402777777778,-107.350540793899
127034.375,4.23447916666667,-105.203959549467
127047.916666667,4.23493055555556,-103.488801769193
127061.458333333,4.23538194444444,-102.061908171264
127075,4.23583333333333,-100.841564565072
127088.541666667,4.23628472222222,-99.776701302184
127102.083333333,4.23673611111111,-98.8332599143869
127115.625,4.2371875,-97.9873881830641
127129.166666667,4.23763888888889,-97.2217306807924
127142.708333333,4.23809027777778,-96.5232651829321
127156.25,4.23854166666667,-95.8819709481408
127169.791666667,4.23899305555556,-95.2899723733089
127183.333333333,4.23944444444444,-94.7409678571071
127196.875,4.23989583333333,-94.2298369830502
127210.416666667,4.24034722222222,-93.752363127819
127223.958333333,4.24079861111111,-93.3050330392131
127237.5,4.24125,-92.8848890962814
127251.041666667,4.24170138888889,-92.4894184647405
127264.583333333,4.24215277777778,-92.1164686239747
127278.125,4.24260416666667,-91.7641820663437
127291.666666667,4.24305555555556,-91.4309451735004
127305.208333333,4.24350694444444,-91.1153477482991
127318.75,4.24395833333333,-90.8161506246316
127332.291666667,4.24440972222222,-90.5322595059465
127345.833333333,4.24486111111111,-90.2627036471566
127359.375,4.2453125,-90.0066183434704
127372.916666667,4.24576388888889,-89.7632304377459
127386.458333333,4.24621527777778,-89.5318462491043
127400,4.24666666666667,-89.3118414475844
127413.541666667,4.24711805555556,-89.1026525146932
127427.083333333,4.24756944444444,-88.9037695082384
127440.625,4.24802083333333,-88.714729885099
127454.166666667,4.24847222222222,-88.5351132148817
127467.708333333,4.24892361111111,-88.3645366410055
127481.25,4.249375,-88.2026509513373
127494.791666667,4.24982638888889,-88.0491371748444
127508.333333333,4.25027777777778,-87.9037036203329
127521.875,4.25072916666667,-87.7660832951928
127535.416666667,4.25118055555556,-87.6360316446458
127548.958333333,4.25163194444444,-87.5133245645902
127562.5,4.25208333333333,-87.3977566589694
127576.041666667,4.25253472222222,-87.2891396981046
127589.583333333,4.25298611111111,-87.1873012647312
127603.125,4.2534375,-87.0920835495232
127616.666666667,4.25388888888889,-87.0033422848768
127630.208333333,4.25434027777778,-86.9209458109876
127643.75,4.25479166666667,-86.8447742335429
127657.291666667,4.25524305555556,-86.7747186917313
127670.833333333,4.25569444444444,-86.7106806972626
127684.375,4.25614583333333,-86.6525715613068
127697.916666667,4.25659722222222,-86.6003118890698
127711.458333333,4.25704861111111,-86.5538311268661
127725,4.2575,-86.513067178827
127738.541666667,4.25795138888889,-86.4779660690885
127752.083333333,4.25840277777778,-86.4484816525802
127765.625,4.25885416666667,-86.4245753730473
127779.166666667,4.25930555555556,-86.4062160607414
127792.708333333,4.25975694444444,-86.3933797738851
127806.25,4.26020833333333,-86.3860496748318
127819.791666667,4.26065972222222,-86.3842159423175
127833.333333333,4.26111111111111,-86.3878757246947
127846.875,4.2615625,-86.3970331237076
127860.416666667,4.26201388888889,-86.4116992169281
127873.958333333,4.26246527777778,-86.4318921099905
127887.5,4.26291666666667,-86.4576370341201
127901.041666667,4.26336805555556,-86.4889664733397
127914.583333333,4.26381944444444,-86.5259203307611
127928.125,4.26427083333333,-86.5685461391065
127941.666666667,4.26472222222222,-86.6168993118201
127955.208333333,4.26517361111111,-86.6710434365831
127968.75,4.265625,-86.7310506259238
127982.291666667,4.26607638888889,-86.7970019107307
127995.833333333,4.26652777777778,-86.8689877011847
128009.375,4.26697916666667,-86.9471083029196
128022.916666667,4.26743055555556,-87.0314745123477
128036.458333333,4.26788194444444,-87.1222082774418
128050,4.26833333333333,-87.2194434608078
128063.541666667,4.26878472222222,-87.3233266899246
128077.083333333,4.26923611111111,-87.4340183167122
128090.625,4.2696875,-87.5516935076119
128104.166666667,4.27013888888889,-87.6765434712021
128117.708333333,4.27059027777778,-87.8087768478554
128131.25,4.27104166666667,-87.9486212798101
128144.791666667,4.27149305555556,-88.0963252005948
128158.333333333,4.27194444444444,-88.2521598675613
128171.875,4.27239583333333,-88.4164216714767
128185.416666667,4.27284722222222,-88.5894347895031
128198.958333333,4.27329861111111,-88.7715542135893
128212.5,4.27375,-88.9631692471367
128226.041666667,4.27420138888889,-89.1647075340329
128239.583333333,4.27465277777778,-89.3766397215678
128253.125,4.27510416666667,-89.5994848979121
128266.666666667,4.27555555555556,-89.8338169429398
128280.208333333,4.27600694444444,-90.0802719763185
128293.75,4.27645833333333,-90.3395571656756
128307.291666667,4.27690972222222,-90.6124611666453
128320.833333333,4.27736111111111,-90.8998665957077
128334.375,4.2778125,-91.2027650114701
128347.916666667,4.27826388888889,-91.5222750486458
128361.458333333,4.27871527777778,-91.8596645235965
128375,4.27916666666667,-92.2163775959777
128388.541666667,4.27961805555556,-92.594068462011
128402.083333333,4.28006944444444,-92.9946435218534
128415.625,4.28052083333333,-93.4203147596173
128429.166666667,4.28097222222222,-93.8736680630185
128442.708333333,4.28142361111111,-94.3577518327149
128456.25,4.281875,-94.8761935574858
128469.791666667,4.28232638888889,-95.4333556683429
128483.333333333,4.28277777777778,-96.0345476817204
128496.875,4.28322916666667,-96.6863209622189
128510.416666667,4.28368055555556,-97.3968880222737
128523.958333333,4.28413194444444,-98.1767352736171
128537.5,4.28458333333333,-99.0395474792584
128551.041666667,4.28503472222222,-100.003655744586
128564.583333333,4.28548611111111,-101.094411026436
128578.125,4.2859375,-102.348298372762
128591.666666667,4.28638888888889,-103.820591454269
128605.208333333,4.28684027777778,-105.600978692706
128618.75,4.28729166666667,-107.849812809696
128632.291666667,4.28774305555556,-110.899807398266
128645.833333333,4.28819444444444,-115.650499326677
128659.375,4.28864583333333,-126.975984515212
128672.916666667,4.28909722222222,-122.449165838865
128686.458333333,4.28954861111111,-114.172968568089
128700,4.29,-110.016712444273
128713.541666667,4.29045138888889,-107.221498428014
128727.083333333,4.29090277777778,-105.114656404998
128740.625,4.29135416666667,-103.425060151296
128754.166666667,4.29180555555556,-102.016005202873
128767.708333333,4.29225694444444,-100.808830165069
128781.25,4.29270833333333,-99.754096574956
128794.791666667,4.29315972222222,-98.8186967611422
128808.333333333,4.29361111111111,-97.9793701615434
128821.875,4.2940625,-97.2191488271563
128835.416666667,4.29451388888889,-96.5252749059757
128848.958333333,4.29496527777778,-95.8879142306187
128862.5,4.29541666666667,-95.2993266274183
128876.041666667,4.29586805555556,-94.7533111883672
128889.583333333,4.29631944444444,-94.2448239188404
128903.125,4.29677083333333,-93.7697072477839
128916.666666667,4.29722222222222,-93.3244942839352
128930.208333333,4.29767361111111,-92.9062643052147
128943.75,4.298125,-92.5125342187688
128957.291666667,4.29857638888889,-92.1411757425932
128970.833333333,4.29902777777778,-91.7903513247445
128984.375,4.29947916666667,-91.4584639303571
128997.916666667,4.29993055555556,-91.1441172527283
129011.458333333,4.30038194444444,-90.8460838563224
129025,4.30083333333333,-90.5632794177566
129038.541666667,4.30128472222222,-90.2947417286542
129052.083333333,4.30173611111111,-90.0396134329592
129065.625,4.3021875,-89.7971277394786
129079.166666667,4.30263888888889,-89.5665965110035
129092.708333333,4.30309027777778,-89.3474002654186
129106.25,4.30354166666667,-89.1389797500052
129119.791666667,4.30399305555556,-88.9408287824187
129133.333333333,4.30444444444444,-88.7524881583684
129146.875,4.30489583333333,-88.5735404243656
129160.416666667,4.30534722222222,-88.4036053776714
129173.958333333,4.30579861111111,-88.2423361920097
129187.5,4.30625,-88.0894160418917
129201.041666667,4.30670138888889,-87.9445551792039
129214.583333333,4.30715277777778,-87.8074883709107
129228.125,4.30760416666667,-87.6779726636411
129241.666666667,4.30805555555556,-87.555785417571
129255.208333333,4.30850694444444,-87.4407225756167
129268.75,4.30895833333333,-87.3325971411456
129282.291666667,4.30940972222222,-87.2312378329325
129295.833333333,4.30986111111111,-87.13648789366
129309.375,4.3103125,-87.0482040350342
129322.916666667,4.31076388888889,-86.9662555050996
129336.458333333,4.31121527777778,-86.8905232648888
129350,4.31166666666667,-86.8208992510196
129363.541666667,4.31211805555556,-86.7572857292659
129377.083333333,4.31256944444444,-86.6995947271413
129390.625,4.31302083333333,-86.6477475242378
129404.166666667,4.31347222222222,-86.6016742143783
129417.708333333,4.31392361111111,-86.5613133223432
129431.25,4.314375,-86.5266114663807
129444.791666667,4.31482638888889,-86.4975230775967
129458.333333333,4.31527777777778,-86.4740101604128
129471.875,4.31572916666667,-86.4560420898826
129485.416666667,4.31618055555556,-86.4435954585422
129498.958333333,4.31663194444444,-86.4366539564697
129512.5,4.31708333333333,-86.4352082852769
129526.041666667,4.31753472222222,-86.4392561112552
129539.583333333,4.31798611111111,-86.4488020563016
129553.125,4.3184375,-86.4638577195958
129566.666666667,4.31888888888889,-86.484441736051
129580.208333333,4.31934027777778,-86.510579871405
129593.75,4.31979166666667,-86.54230515603
129607.291666667,4.32024305555556,-86.5796580552905
129620.833333333,4.32069444444444,-86.6226866793767
129634.375,4.32114583333333,-86.6714470380415
129647.916666667,4.32159722222222,-86.7260033418882
129661.458333333,4.32204861111111,-86.7864283536177
129675,4.3225,-86.8528037848896
129688.541666667,4.32295138888889,-86.9252207607512
129702.083333333,4.32340277777778,-87.0037803483842
129715.625,4.32385416666667,-87.088594146991
129729.166666667,4.32430555555556,-87.1797849638607
129742.708333333,4.32475694444444,-87.2774875803464
129756.25,4.32520833333333,-87.3818496068843
129769.791666667,4.32565972222222,-87.4930324581917
129783.333333333,4.32611111111111,-87.6112124476233
129796.875,4.3265625,-87.7365820281106
129810.416666667,4.32701388888889,-87.8693511941631
129823.958333333,4.32746527777778,-88.0097490674563
129837.5,4.32791666666667,-88.1580257034556
129851.041666667,4.32836805555556,-88.314454139991
129864.583333333,4.32881944444444,-88.4793327364597
129878.125,4.32927083333333,-88.6529878460566
129891.666666667,4.32972222222222,-88.8357768826087
129905.208333333,4.33017361111111,-89.0280918487751
129918.75,4.330625,-89.2303634094236
129932.291666667,4.33107638888889,-89.4430656098292
129945.833333333,4.33152777777778,-89.6667213737788
129959.375,4.33197916666667,-89.9019089270032
129972.916666667,4.33243055555556,-90.1492693399766
129986.458333333,4.33288194444444,-90.4095154484461
130000,4.33333333333333,-90.6834424193599
130013.541666667,4.33378472222222,-90.9719404032387
130027.083333333,4.33423611111111,-91.2760097213271
130040.625,4.3346875,-91.5967792633559
130054.166666667,4.33513888888889,-91.9355289237107
130067.708333333,4.33559027777778,-92.2937171955586
130081.25,4.33604166666667,-92.6730154181352
130094.791666667,4.33649305555556,-93.0753506737528
130108.333333333,4.33694444444444,-93.5029601222112
130121.875,4.33739583333333,-93.9584606307107
130135.416666667,4.33784722222222,-94.4449391546139
130148.958333333,4.33829861111111,-94.9660717801066
130162.5,4.33875,-95.5262830795927
130176.041666667,4.33920138888889,-96.1309633440834
130189.583333333,4.33965277777778,-96.7867708932972
130203.125,4.34010416666667,-97.5020629142459
130216.666666667,4.34055555555556,-98.287526481775
130230.208333333,4.34100694444444,-99.157132973003
130243.75,4.34145833333333,-100.129637642136
130257.291666667,4.34190972222222,-101.231046875717
130270.833333333,4.34236111111111,-102.498914934151
130284.375,4.3428125,-103.990386346546
130297.916666667,4.34326388888889,-105.798746588799
130311.458333333,4.34371527777778,-108.0922596911
130325,4.34416666666667,-111.225103824712
130338.541666667,4.34461805555556,-116.182613036721
130352.083333333,4.34506944444444,-128.954302909207
130365.625,4.34552083333333,-121.528183943463
130379.166666667,4.34597222222222,-113.835597529241
130392.708333333,4.34642361111111,-109.824791715513
130406.25,4.346875,-107.095695039506
130419.791666667,4.34732638888889,-105.026667921015
130433.333333333,4.34777777777778,-103.361574778025
130446.875,4.34822916666667,-101.969703794838
130460.416666667,4.34868055555556,-100.775258607588
130473.958333333,4.34913194444444,-99.7303430956704
130487.5,4.34958333333333,-98.802753575726
130501.041666667,4.35003472222222,-97.9697944061158
130514.583333333,4.35048611111111,-97.2148688580748
130528.125,4.3509375,-96.525473052637
130541.666666667,4.35138888888889,-95.8919524606431
130555.208333333,4.35184027777778,-95.3066975614129
130568.75,4.35229166666667,-94.7636047457336
130582.291666667,4.35274305555556,-94.2577039731985
130595.833333333,4.35319444444444,-93.7848948926285
130609.375,4.35364583333333,-93.3417555688237
130622.916666667,4.35409722222222,-92.9254011124252
130636.458333333,4.35454861111111,-92.5333773297653
130650,4.355,-92.1635795127581
130663.541666667,4.35545138888889,-91.8141895291654
130677.083333333,4.35590277777778,-91.4836264922935
130690.625,4.35635416666667,-91.1705076348258
130704.166666667,4.35680555555556,-90.8736169527399
130717.708333333,4.35725694444444,-90.591879855175
130731.25,4.35770833333333,-90.3243424621105
130744.791666667,4.35815972222222,-90.0701545958671
130758.333333333,4.35861111111111,-89.8285556828946
130771.875,4.3590625,-89.5988629978446
130785.416666667,4.35951388888889,-89.3804618025703
130798.958333333,4.35996527777778,-89.1727970089602
130812.5,4.36041666666667,-88.9753661193211
130826.041666667,4.36086805555556,-88.7877131959246
130839.583333333,4.36131944444444,-88.6094236924502
130853.125,4.36177083333333,-88.4401200100412
130866.666666667,4.36222222222222,-88.2794576561148
130880.208333333,4.36267361111111,-88.1271219087779
130893.75,4.363125,-87.9828249222944
130907.291666667,4.36357638888889,-87.8463031893253
130920.833333333,4.36402777777778,-87.7173153247534
130934.375,4.36447916666667,-87.5956401240251
130947.916666667,4.36493055555556,-87.481074846307
130961.458333333,4.36538194444444,-87.3734337029614
130975,4.36583333333333,-87.2725465272198
130988.541666667,4.36628472222222,-87.1782575957853
131002.083333333,4.36673611111111,-87.0904245791171
131015.625,4.3671875,-87.0089176210991
131029.166666667,4.36763888888889,-86.933618518456
131042.708333333,4.36809027777778,-86.864419994619
131056.25,4.36854166666667,-86.8012250574761
131069.791666667,4.36899305555556,-86.7439464336054
131083.333333333,4.36944444444444,-86.6925060709442
131096.875,4.36989583333333,-86.6468346996072
131110.416666667,4.37034722222222,-86.6068714532938
131123.958333333,4.37079861111111,-86.572563536874
131137.5,4.37125,-86.5438659485784
131151.041666667,4.37170138888889,-86.5207412444853
131164.583333333,4.37215277777778,-86.5031593381875
131178.125,4.37260416666667,-86.491097348441
131191.666666667,4.37305555555556,-86.4845394853297
131205.208333333,4.37350694444445,-86.4834769654735
131218.75,4.37395833333333,-86.4879079689598
131232.291666667,4.37440972222222,-86.4978376306283
131245.833333333,4.37486111111111,-86.5132780650059
131259.375,4.3753125,-86.5342484278668
131272.916666667,4.37576388888889,-86.5607750177182
131286.458333333,4.37621527777778,-86.5928914023499
131300,4.37666666666667,-86.6306386039134
131313.541666667,4.37711805555556,-86.6740653031077
131327.083333333,4.37756944444445,-86.7232281036662
131340.625,4.37802083333333,-86.7781918312955
131354.166666667,4.37847222222222,-86.8390298905961
131367.708333333,4.37892361111111,-86.9058246707052
131381.25,4.379375,-86.9786680072637
131394.791666667,4.37982638888889,-87.0576617194519
131408.333333333,4.38027777777778,-87.1429182047039
131421.875,4.38072916666667,-87.2345611225536
131435.416666667,4.38118055555555,-87.3327261665836
131448.958333333,4.38163194444444,-87.4375619228126
131462.5,4.38208333333333,-87.5492308622481
131476.041666667,4.38253472222222,-87.6679104375932
131489.583333333,4.38298611111111,-87.7937943384378
131503.125,4.3834375,-87.9270939063673
131516.666666667,4.38388888888889,-88.0680397312788
131530.208333333,4.38434027777778,-88.2168834847973
131543.75,4.38479166666667,-88.3738999750324
131557.291666667,4.38524305555555,-88.5393895187187
131570.833333333,4.38569444444444,-88.7136806381987
131584.375,4.38614583333333,-88.8971331546693
131597.916666667,4.38659722222222,-89.0901417618203
131611.458333333,4.38704861111111,-89.2931401321433
131625,4.3875,-89.5066056996713
131638.541666667,4.38795138888889,-89.7310652089797
131652.083333333,4.38840277777778,-89.9671012182511
131665.625,4.38885416666667,-90.2153597424655
131679.166666667,4.38930555555556,-90.4765592624333
131692.708333333,4.38975694444444,-90.7515014541682
131706.25,4.39020833333333,-91.0410839903327
131719.791666667,4.39065972222222,-91.3463159456344
131733.333333333,4.39111111111111,-91.6683364563514
131746.875,4.3915625,-92.008437498618
131760.416666667,4.39201388888889,-92.3680919099283
131773.958333333,4.39246527777778,-92.7489881927187
131787.5,4.39291666666667,-93.1530741478415
131801.041666667,4.39336805555556,-93.5826121798731
131814.583333333,4.39381944444444,-94.0402502395205
131828.125,4.39427083333333,-94.5291140063046
131841.666666667,4.39472222222222,-95.0529284168652
131855.208333333,4.39517361111111,-95.6161805955011
131868.75,4.395625,-96.2243422295171
131882.291666667,4.39607638888889,-96.8841795868006
131895.833333333,4.39652777777778,-97.6041961127755
131909.375,4.39697916666667,-98.3952821561055
131922.916666667,4.39743055555556,-99.2717001322295
131936.458333333,4.39788194444444,-100.252637231878
131950,4.39833333333333,-101.364769691865
131963.541666667,4.39878472222222,-102.646749514576
131977.083333333,4.39923611111111,-104.157653517522
131990.625,4.3996875,-105.994513193252
132004.166666667,4.40013888888889,-108.333933085238
132017.708333333,4.40059027777778,-111.553186422919
132031.25,4.40104166666667,-116.73396998767
132044.791666667,4.40149305555556,-131.449109079973
132058.333333333,4.40194444444445,-120.712285781071
132071.875,4.40239583333333,-113.51645594442
132085.416666667,4.40284722222222,-109.639526982683
132098.958333333,4.40329861111111,-106.972731931997
132112.5,4.40375,-104.93975469806
132126.041666667,4.40420138888889,-103.298185452505
132139.583333333,4.40465277777778,-101.922889583785
132153.125,4.40510416666667,-100.740764848644
132166.666666667,4.40555555555556,-99.7053759866043
132180.208333333,4.40600694444444,-98.7853801038008
132193.75,4.40645833333333,-97.9586217213738
132207.291666667,4.40690972222222,-97.2088602033814
132220.833333333,4.40736111111111,-96.5238359620338
132234.375,4.4078125,-95.89406764496
132247.916666667,4.40826388888889,-95.3120719068982
132261.458333333,4.40871527777778,-94.7718392660094
132275,4.40916666666667,-94.2684713175259
132288.541666667,4.40961805555555,-93.7979232062626
132302.083333333,4.41006944444444,-93.3568166577027
132315.625,4.41052083333333,-92.9423015910731
132329.166666667,4.41097222222222,-92.5519519327595
132342.708333333,4.41142361111111,-92.1836859193839
132356.25,4.411875,-91.8357043360214
132369.791666667,4.41232638888889,-91.5064420374616
132383.333333333,4.41277777777778,-91.194529458661
132396.875,4.41322916666667,-90.8987617600487
132410.416666667,4.41368055555556,-90.6180738408326
132423.958333333,4.41413194444444,-90.3515199635423
132437.5,4.41458333333333,-90.0982569623617
132451.041666667,4.41503472222222,-89.8575303403432
132464.583333333,4.41548611111111,-89.6286626720237
132478.125,4.4159375,-89.4110438512804
132491.666666667,4.41638888888889,-89.2041228716529
132505.208333333,4.41684027777778,-89.0074008422927
132518.75,4.41729166666667,-88.8204250199408
132532.291666667,4.41774305555556,-88.6427837108981
132545.833333333,4.41819444444444,-88.4741018653635
132559.375,4.41864583333333,-88.314037277933
132572.916666667,4.41909722222222,-88.1622772887106
132586.458333333,4.41954861111111,-88.0185359184967
132600,4.42,-87.8825513510813
132613.541666667,4.42045138888889,-87.7540837428768
132627.083333333,4.42090277777778,-87.6329132962906
132640.625,4.42135416666667,-87.5188385604884
132654.166666667,4.42180555555556,-87.4116749354557
132667.708333333,4.42225694444444,-87.3112533496655
132681.25,4.42270833333333,-87.2174190917078
132694.791666667,4.42315972222222,-87.1300307780987
132708.333333333,4.42361111111111,-87.0489594314462
132721.875,4.4240625,-86.9740876712017
132735.416666667,4.42451388888889,-86.9053089929509
132748.958333333,4.42496527777778,-86.8425271353982
132762.5,4.42541666666667,-86.7856555141138
132776.041666667,4.42586805555556,-86.7346167335439
132789.583333333,4.42631944444445,-86.6893421506341
132803.125,4.42677083333333,-86.6497714983682
132816.666666667,4.42722222222222,-86.6158525616607
132830.208333333,4.42767361111111,-86.5875408961758
132843.75,4.428125,-86.5647996020965
132857.291666667,4.42857638888889,-86.5475991232172
132870.833333333,4.42902777777778,-86.535917098733
132884.375,4.42947916666667,-86.5297382542056
132897.916666667,4.42993055555556,-86.5290543111595
132911.458333333,4.43038194444444,-86.5338639586746
132925,4.43083333333333,-86.5441728384209
132938.541666667,4.43128472222222,-86.5599935748644
132952.083333333,4.43173611111111,-86.5813458406698
132965.625,4.4321875,-86.6082564553469
132979.166666667,4.43263888888889,-86.6407595279887
132992.708333333,4.43309027777778,-86.6788966239928
133006.25,4.43354166666667,-86.7227169943718
133019.791666667,4.43399305555555,-86.7722778285344
133033.333333333,4.43444444444444,-86.8276445620938
133046.875,4.43489583333333,-86.8888912396587
133060.416666667,4.43534722222222,-86.9561009177915
133073.958333333,4.43579861111111,-87.0293661385175
133087.5,4.43625,-87.108789468118
133101.041666667,4.43670138888889,-87.1944840967532
133114.583333333,4.43715277777778,-87.286574531751
133128.125,4.43760416666667,-87.3851973670963
133141.666666667,4.43805555555556,-87.4905021667491
133155.208333333,4.43850694444444,-87.6026524446574
133168.75,4.43895833333333,-87.7218267894905
133182.291666667,4.43940972222222,-87.8482201202521
133195.833333333,4.43986111111111,-87.9820451151025
133209.375,4.4403125,-88.1235338336052
133222.916666667,4.44076388888889,-88.2729395448188
133236.458333333,4.44121527777778,-88.4305388252442
133250,4.44166666666667,-88.5966339416744
133263.541666667,4.44211805555556,-88.7715555716954
133277.083333333,4.44256944444444,-88.9556659413838
133290.625,4.44302083333333,-89.1493624182591
133304.166666667,4.44347222222222,-89.3530816812895
133317.708333333,4.44392361111111,-89.5673045363859
133331.25,4.444375,-89.7925615412558
133344.791666667,4.44482638888889,-90.0294395822979
133358.333333333,4.44527777777778,-90.2785895995679
133371.875,4.44572916666667,-90.5407357183031
133385.416666667,4.44618055555556,-90.8166861125295
133398.958333333,4.44663194444444,-91.1073459680718
133412.5,4.44708333333333,-91.4137331139356
133426.041666667,4.44753472222222,-91.7369969379256
133439.583333333,4.44798611111111,-92.0784415025501
133453.125,4.4484375,-92.4395540031154
133466.666666667,4.44888888888889,-92.8220401432463
133480.208333333,4.44934027777778,-93.2278684860526
133493.75,4.44979166666667,-93.6593267681914
133507.291666667,4.45024305555556,-94.1190941499922
133520.833333333,4.45069444444445,-94.610335212501
133534.375,4.45114583333333,-95.1368240482051
133547.916666667,4.45159722222222,-95.7031107610288
133561.458333333,4.45204861111111,-96.3147491235595
133575,4.4525,-96.9786143956238
133588.541666667,4.45295138888889,-97.7033579901962
133602.083333333,4.45340277777778,-98.5000762717761
133615.625,4.45385416666667,-99.3833273573002
133629.166666667,4.45430555555556,-100.3727385638
133642.708333333,4.45475694444445,-101.495671120057
133656.25,4.45520833333333,-102.791904763541
133669.791666667,4.45565972222222,-104.322513398809
133683.333333333,4.45611111111111,-106.188432791656
133696.875,4.4565625,-108.57506981858
133710.416666667,4.45701388888889,-111.88458981445
133723.958333333,4.45746527777778,-117.307394699527
133737.5,4.45791666666667,-134.866118627454
133751.041666667,4.45836805555555,-119.98037047926
133764.583333333,4.45881944444444,-113.213403743865
133778.125,4.45927083333333,-109.460196731919
133791.666666667,4.45972222222222,-106.852246522256
133805.208333333,4.46017361111111,-104.853696652601
133818.75,4.460625,-103.23474387758
133832.291666667,4.46107638888889,-101.875456110459
133845.833333333,4.46152777777778,-100.705269379749
133859.375,4.46197916666667,-99.6791343304008
133872.916666667,4.46243055555555,-98.7665289747906
133886.458333333,4.46288194444444,-97.9458149902586
133900,4.46333333333333,-97.2010937808004
133913.541666667,4.46378472222222,-96.520341004458
133927.083333333,4.46423611111111,-95.8942424405225
133940.625,4.4646875,-95.3154367428163
133954.166666667,4.46513888888889,-94.7780055739145
133967.708333333,4.46559027777778,-94.2771199984408
133981.25,4.46604166666667,-93.8087890407905
133994.791666667,4.46649305555556,-93.3696768504054
134008.333333333,4.46694444444444,-92.9569672212515
134021.875,4.46739583333333,-92.5682614464016
134035.416666667,4.46784722222222,-92.2015001258051
134048.958333333,4.46829861111111,-91.8549024892613
134062.5,4.46875,-91.526918746258
134076.041666667,4.46920138888889,-91.2161922214831
134089.583333333,4.46965277777778,-90.9215289736075
134103.125,4.47010416666667,-90.6418731868909
134116.666666667,4.47055555555556,-90.3762870739451
134130.208333333,4.47100694444444,-90.1239343323942
134143.75,4.47145833333333,-89.8840664129764
134157.291666667,4.47190972222222,-89.6560110697003
134170.833333333,4.47236111111111,-89.4391627399738
134184.375,4.4728125,-89.232974411531
134197.916666667,4.47326388888889,-89.0369507251983
134211.458333333,4.47371527777778,-88.8506420727028
134225,4.47416666666667,-88.6736395547342
134238.541666667,4.47461805555556,-88.5055706195567
134252.083333333,4.47506944444445,-88.3460953090599
134265.625,4.47552083333333,-88.1949029861721
134279.166666667,4.47597222222222,-88.0517094998028
134292.708333333,4.47642361111111,-87.9162546971477
134306.25,4.476875,-87.7883002465198
134319.791666667,4.47732638888889,-87.6676277333211
134333.333333333,4.47777777777778,-87.5540369743126
134346.875,4.47822916666667,-87.447344533815
134360.416666667,4.47868055555556,-87.3473824211924
134373.958333333,4.47913194444445,-87.2539969208516
134387.5,4.47958333333333,-87.1670475752871
134401.041666667,4.48003472222222,-87.0864062729375
134414.583333333,4.48048611111111,-87.0119564426803
134428.125,4.4809375,-86.9435923421761
134441.666666667,4.48138888888889,-86.8812184252532
134455.208333333,4.48184027777778,-86.8247487919845
134468.75,4.48229166666667,-86.7741066887523
134482.291666667,4.48274305555555,-86.729224091718
134495.833333333,4.48319444444444,-86.69004132626
134509.375,4.48364583333333,-86.6565067451351
134522.916666667,4.48409722222222,-86.628576458884
134536.458333333,4.48454861111111,-86.6062141006839
134550,4.485,-86.589390639351
134563.541666667,4.48545138888889,-86.5780842303672
134577.083333333,4.48590277777778,-86.5722801011764
134590.625,4.48635416666667,-86.5719704816962
134604.166666667,4.48680555555555,-86.5771545588163
134617.708333333,4.48725694444444,-86.5878384760524
134631.25,4.48770833333333,-86.6040353631472
134644.791666667,4.48815972222222,-86.6257654032293
134658.333333333,4.48861111111111,-86.6530559361946
134671.875,4.4890625,-86.6859415972449
134685.416666667,4.48951388888889,-86.7244645019733
134698.958333333,4.48996527777778,-86.7686744600993
134712.5,4.49041666666667,-86.8186292412535
134726.041666667,4.49086805555556,-86.8743948914769
134739.583333333,4.49131944444444,-86.9360460824614
134753.125,4.49177083333333,-87.0036665401189
134766.666666667,4.49222222222222,-87.0773495057038
134780.208333333,4.49267361111111,-87.1571982861002
134793.75,4.493125,-87.2433268609809
134807.291666667,4.49357638888889,-87.3358605777028
134820.833333333,4.49402777777778,-87.4349369307792
134834.375,4.49447916666667,-87.5407064494781
134847.916666667,4.49493055555556,-87.6533336908639
134861.458333333,4.49538194444444,-87.7729983697884
134875,4.49583333333333,-87.8998966298726
134888.541666667,4.49628472222222,-88.0342424818449
134902.083333333,4.49673611111111,-88.1762694410507
134915.625,4.4971875,-88.3262323779527
134929.166666667,4.49763888888889,-88.4844096242569
134942.708333333,4.49809027777778,-88.6511053887189
134956.25,4.49854166666667,-88.826652501827
134969.791666667,4.49899305555556,-89.0114155811168
134983.333333333,4.49944444444444,-89.205794667802
134996.875,4.49989583333333,-89.4102294286904
135010.416666667,4.50034722222222,-89.6252040434886
135023.958333333,4.50079861111111,-89.8512528728423
135037.5,4.50125,-90.0889671211427
135051.041666667,4.50170138888889,-90.3390026494975
135064.583333333,4.50215277777778,-90.6020892243433
135078.125,4.50260416666667,-90.8790415092106
135091.666666667,4.50305555555556,-91.1707722077146
135105.208333333,4.50350694444445,-91.4783079013406
135118.75,4.50395833333333,-91.8028082344961
135132.291666667,4.50440972222222,-92.1455893738434
135145.833333333,4.50486111111111,-92.508152907528
135159.375,4.5053125,-92.8922217641284
135172.916666667,4.50576388888889,-93.2997853502398
135186.458333333,4.50621527777778,-93.7331568185004
135200,4.50666666666667,-94.1950466835153
135213.541666667,4.50711805555556,-94.6886586499627
135227.083333333,4.50756944444444,-95.2178162707889
135240.625,4.50802083333333,-95.7871331257399
135254.166666667,4.50847222222222,-96.4022457837733
135267.708333333,4.50892361111111,-97.0701396528516
135281.25,4.509375,-97.7996158855301
135294.791666667,4.50982638888889,-98.6019797943796
135308.333333333,4.51027777777778,-99.4920900938359
135321.875,4.51072916666667,-100.490022820611
135335.416666667,4.51118055555555,-101.62384013306
135348.958333333,4.51163194444444,-102.934481025165
135362.5,4.51208333333333,-104.485084941272
135376.041666667,4.51253472222222,-106.380660241813
135389.583333333,4.51298611111111,-108.815913695906
135403.125,4.5134375,-112.219888645352
135416.666666667,4.51388888888889,-117.906208402051
135430.208333333,4.51434027777778,-140.411394822806
135443.75,4.51479166666667,-119.316913772272
135457.291666667,4.51524305555556,-112.924599875724
135470.833333333,4.51569444444444,-109.286154566382
135484.375,4.51614583333333,-106.733908097734
135497.916666667,4.51659722222222,-104.768290907476
135511.458333333,4.51704861111111,-103.171112321063
135525,4.5175,-101.827303958637
135538.541666667,4.51795138888889,-100.668697562235
135552.083333333,4.51840277777778,-99.6515607074437
135565.625,4.51885416666667,-98.7461553192922
135579.166666667,4.51930555555556,-97.9313389024951
135592.708333333,4.51975694444444,-97.1915417696952
135606.25,4.52020833333333,-96.5149663859432
135619.791666667,4.52065972222222,-95.8924600058824
135633.333333333,4.52111111111111,-95.3167793692288
135646.875,4.5215625,-94.7820944884378
135660.416666667,4.52201388888889,-94.2836438633251
135673.958333333,4.52246527777778,-93.8174888718407
135687.5,4.52291666666667,-93.3803349385257
135701.041666667,4.52336805555556,-92.9693988419607
135714.583333333,4.52381944444444,-92.58230854591
135728.125,4.52427083333333,-92.2170264524374
135741.666666667,4.52472222222222,-91.871789797006
135755.208333333,4.52517361111111,-91.5450637811453
135768.75,4.525625,-91.2355043263268
135782.291666667,4.52607638888889,-90.9419281420713
135795.833333333,4.52652777777778,-90.6632884907841
135809.375,4.52697916666667,-90.3986553757874
135822.916666667,4.52743055555556,-90.1471991992007
135836.458333333,4.52788194444445,-89.9081772394995
135850,4.52833333333333,-89.6809223286763
135863.541666667,4.52878472222222,-89.4648333539323
135877.083333333,4.52923611111111,-89.2593672198843
135890.625,4.5296875,-89.0640320270824
135904.166666667,4.53013888888889,-88.8783812478483
135917.708333333,4.53059027777778,-88.7020087184925
135931.25,4.53104166666667,-88.5345443440601
135944.791666667,4.53149305555556,-88.3756503681132
135958.333333333,4.53194444444444,-88.2250181423067
135971.875,4.53239583333333,-88.0823653124649
135985.416666667,4.53284722222222,-87.947433356378
135998.958333333,4.53329861111111,-87.8199854300294
136012.5,4.53375,-87.6998044788709
136026.041666667,4.53420138888889,-87.5866915625874
136039.583333333,4.53465277777778,-87.4804643984926
136053.125,4.53510416666667,-87.3809560485514
136066.666666667,4.53555555555555,-87.2880137834097
136080.208333333,4.53600694444444,-87.2014980559107
136093.75,4.53645833333333,-87.1212816066997
136107.291666667,4.53690972222222,-87.0472486620225
136120.833333333,4.53736111111111,-86.9792942276739
136134.375,4.5378125,-86.9173234689095
136147.916666667,4.53826388888889,-86.8612511496628
136161.458333333,4.53871527777778,-86.8110011585267
136175,4.53916666666667,-86.7665060793849
136188.541666667,4.53961805555556,-86.7277068183332
136202.083333333,4.54006944444444,-86.6945522950435
136215.625,4.54052083333333,-86.6669991617677
136229.166666667,4.54097222222222,-86.6450115827051
136242.708333333,4.54142361111111,-86.6285610433692
136256.25,4.541875,-86.6176262071369
136269.791666667,4.54232638888889,-86.6121928037373
136283.333333333,4.54277777777778,-86.6122535593225
136296.875,4.54322916666667,-86.6178081567809
136310.416666667,4.54368055555556,-86.6288632362931
136323.958333333,4.54413194444444,-86.6454324257742
136337.5,4.54458333333333,-86.6675364165078
136351.041666667,4.54503472222222,-86.6952030618482
136364.583333333,4.54548611111111,-86.728467524019
136378.125,4.5459375,-86.7673724548607
136391.666666667,4.54638888888889,-86.8119682246323
136405.208333333,4.54684027777778,-86.8623131797372
136418.75,4.54729166666667,-86.9184739651727
136432.291666667,4.54774305555556,-86.9805258855132
136445.833333333,4.54819444444444,-87.0485533218298
136459.375,4.54864583333333,-87.1226502158641
136472.916666667,4.54909722222222,-87.20292060995
136486.458333333,4.54954861111111,-87.2894792679061
136500,4.55,-87.382452371704
136513.541666667,4.55045138888889,-87.4819783122852
136527.083333333,4.55090277777778,-87.5882085782641
136540.625,4.55135416666667,-87.7013087657477
136554.166666667,4.55180555555556,-87.8214597112419
136567.708333333,4.55225694444445,-87.9488587775347
136581.25,4.55270833333333,-88.0837213034776
136594.791666667,4.55315972222222,-88.2262822540148
136608.333333333,4.55361111111111,-88.3767980919833
136621.875,4.5540625,-88.5355489039801
136635.416666667,4.55451388888889,-88.7028408309719
136648.958333333,4.55496527777778,-88.8790088508883
136662.5,4.55541666666667,-89.064419968797
136676.041666667,4.55586805555556,-89.2594768892645
136689.583333333,4.55631944444445,-89.4646222699614
136703.125,4.55677083333333,-89.6803436478688
136716.666666667,4.55722222222222,-89.9071791902345
136730.208333333,4.55767361111111,-90.1457244086501
136743.75,4.558125,-90.3966400854628
136757.291666667,4.55857638888889,-90.660661623135
136770.833333333,4.55902777777778,-90.9386101799087
136784.375,4.55947916666667,-91.2314059759763
136797.916666667,4.55993055555555,-91.5400843530392
136811.458333333,4.56038194444444,-91.8658152323037
136825,4.56083333333333,-92.2099269037159
136838.541666667,4.56128472222222,-92.5739353730261
136852.083333333,4.56173611111111,-92.9595808588394
136865.625,4.5621875,-93.3688736780702
136879.166666667,4.56263888888889,-93.8041525155332
136892.708333333,4.56309027777778,-94.2681594031634
136906.25,4.56354166666667,-94.7641374027277
136919.791666667,4.56399305555555,-95.2959598807083
136933.333333333,4.56444444444444,-95.8683044071616
136946.875,4.56489583333333,-96.4868911465439
136960.416666667,4.56534722222222,-97.1588168469143
136973.958333333,4.56579861111111,-97.8930343116293
136987.5,4.56625,-98.7010608764127
137001.041666667,4.56670138888889,-99.5980610173208
137014.583333333,4.56715277777778,-100.604568551431
137028.125,4.56760416666667,-101.749363268422
137041.666666667,4.56805555555556,-103.074576653469
137055.208333333,4.56850694444444,-104.645486014755
137068.75,4.56895833333333,-106.571351523333
137082.291666667,4.56940972222222,-109.05671692293
137095.833333333,4.56986111111111,-112.559703848669
137109.375,4.5703125,-118.53435895312
137122.916666667,4.57076388888889,-158.545330445715
137136.458333333,4.57121527777778,-118.710164059587
137150,4.57166666666667,-112.648449190136
137163.541666667,4.57211805555556,-109.116819122373
137177.083333333,4.57256944444444,-106.617413932455
137190.625,4.57302083333333,-104.683349842592
137204.166666667,4.57347222222222,-103.1071624855
137217.708333333,4.57392361111111,-101.778339977683
137231.25,4.574375,-100.630979131166
137244.791666667,4.57482638888889,-99.6226007777546
137258.333333333,4.57527777777778,-98.7242164890705
137271.875,4.57572916666667,-97.9151596848448
137285.416666667,4.57618055555556,-97.1801773895788
137298.958333333,4.57663194444445,-96.507690972203
137312.5,4.57708333333333,-95.888703853162
137326.041666667,4.57753472222222,-95.3160871901281
137339.583333333,4.57798611111111,-94.7840967200144
137353.125,4.5784375,-94.2880364686414
137366.666666667,4.57888888888889,-93.8240187362933
137380.208333333,4.57934027777778,-93.3887891448556
137393.75,4.57979166666667,-92.9795966101485
137407.291666667,4.58024305555556,-92.5940951150221
137420.833333333,4.58069444444445,-92.2302683430594
137434.375,4.58114583333333,-91.8863711149297
137447.916666667,4.58159722222222,-91.560883285531
137461.458333333,4.58204861111111,-91.2524730908269
137475,4.5825,-90.9599676650351
137488.541666667,4.58295138888889,-90.6823291601258
137502.083333333,4.58340277777778,-90.418635192925
137515.625,4.58385416666667,-90.1680627513801
137529.166666667,4.58430555555555,-89.9298748196877
137542.708333333,4.58475694444444,-89.7034092078059
137556.25,4.58520833333333,-89.4880691642722
137569.791666667,4.58565972222222,-89.2833154378107
137583.333333333,4.58611111111111,-89.0886595297492
137596.875,4.5865625,-88.9036579255173
137610.416666667,4.58701388888889,-88.7279071584504
137623.958333333,4.58746527777778,-88.561039540824
137637.5,4.58791666666667,-88.4027194816578
137651.041666667,4.58836805555555,-88.2526402836545
137664.583333333,4.58881944444444,-88.1105213594328
137678.125,4.58927083333333,-87.9761057930739
137691.666666667,4.58972222222222,-87.8491582030298
137705.208333333,4.59017361111111,-87.7294628690313
137718.75,4.590625,-87.616822080284
137732.291666667,4.59107638888889,-87.5110546806927
137745.833333333,4.59152777777778,-87.4119947764891
137759.375,4.59197916666667,-87.3194906027719
137772.916666667,4.59243055555556,-87.2334035118914
137786.458333333,4.59288194444444,-87.1536070843956
137800,4.59333333333333,-87.079986331967
137813.541666667,4.59378472222222,-87.0124369984315
137827.083333333,4.59423611111111,-86.9508649457497
137840.625,4.5946875,-86.8951856012499
137854.166666667,4.59513888888889,-86.8453234797121
137867.708333333,4.59559027777778,-86.8012117662235
137881.25,4.59604166666667,-86.7627919465651
137894.791666667,4.59649305555556,-86.7300134917066
137908.333333333,4.59694444444444,-86.7028335932605
137921.875,4.59739583333333,-86.681216938241
137935.416666667,4.59784722222222,-86.6651355260596
137948.958333333,4.59829861111111,-86.6545685194444
137962.5,4.59875,-86.6495021460584
137976.041666667,4.59920138888889,-86.6499296233257
137989.583333333,4.59965277777778,-86.6558511255631
138003.125,4.60010416666667,-86.6672737833522
138016.666666667,4.60055555555556,-86.6842117225183
138030.208333333,4.60100694444444,-86.7066861324394
138043.75,4.60145833333333,-86.7347253780217
138057.291666667,4.60190972222222,-86.7683651428859
138070.833333333,4.60236111111111,-86.807648617338
138084.375,4.6028125,-86.8526267180153
138097.916666667,4.60326388888889,-86.9033583720504
138111.458333333,4.60371527777778,-86.9599108178687
138125,4.60416666666667,-87.0223599839165
138138.541666667,4.60461805555556,-87.0907909096793
138152.083333333,4.60506944444445,-87.165298227885
138165.625,4.60552083333333,-87.2459867159143
138179.166666667,4.60597222222222,-87.3329719143027
138192.708333333,4.60642361111111,-87.4263808371875
138206.25,4.606875,-87.5263527666743
138219.791666667,4.60732638888889,-87.6330401512686
138233.333333333,4.60777777777778,-87.7466096154459
138246.875,4.60822916666667,-87.8672431181884
138260.416666667,4.60868055555556,-87.995139231483
138273.958333333,4.60913194444444,-88.1305146207083
138287.5,4.60958333333333,-88.2736056996407
138301.041666667,4.61003472222222,-88.4246705134628
138314.583333333,4.61048611111111,-88.5839908996051
138328.125,4.6109375,-88.7518749292823
138341.666666667,4.61138888888889,-88.9286597214197
138355.208333333,4.61184027777778,-89.1147146634752
138368.75,4.61229166666667,-89.3104451221139
138382.291666667,4.61274305555555,-89.5162967361457
138395.833333333,4.61319444444444,-89.7327604033729
138409.375,4.61364583333333,-89.960378086821
138422.916666667,4.61409722222222,-90.1997496140612
138436.458333333,4.61454861111111,-90.4515406779863
138450,4.615,-90.7164923245432
138463.541666667,4.61545138888889,-90.9954322059185
138477.083333333,4.61590277777778,-91.2892880727653
138490.625,4.61635416666667,-91.5991040378694
138504.166666667,4.61680555555556,-91.9260603138017
138517.708333333,4.61725694444444,-92.2714973438109
138531.25,4.61770833333333,-92.63694560672
138544.791666667,4.61815972222222,-93.0241626650635
138558.333333333,4.61861111111111,-93.4351798282524
138571.875,4.6190625,-93.8723614513486
138585.416666667,4.61951388888889,-94.3384812553235
138598.958333333,4.61996527777778,-94.8368219274906
138612.5,4.62041666666667,-95.3713070329109
138626.041666667,4.62086805555556,-95.9466786800648
138639.583333333,4.62131944444444,-96.568741482058
138653.125,4.62177083333333,-97.2447048125098
138666.666666667,4.62222222222222,-97.9836751366155
138680.208333333,4.62267361111111,-98.7973850748747
138693.75,4.623125,-99.7013103004143
138707.291666667,4.62357638888889,-100.716451896007
138720.833333333,4.62402777777778,-101.872324925252
138734.375,4.62447916666667,-103.212288296402
138747.916666667,4.62493055555556,-104.803833739493
138761.458333333,4.62538194444444,-106.760664355627
138775,4.62583333333333,-109.297741400853
138788.541666667,4.62628472222222,-112.904709569045
138802.083333333,4.62673611111111,-119.196595544493
138815.625,4.6271875,-143.070889147705
138829.166666667,4.62763888888889,-118.151013058683
138842.708333333,4.62809027777778,-112.383560741811
138856.25,4.62854166666667,-108.951665527154
138869.791666667,4.62899305555556,-106.502486156066
138883.333333333,4.62944444444445,-104.598699448834
138896.875,4.62989583333333,-103.042774525655
138910.416666667,4.63034722222222,-101.728476606635
138923.958333333,4.63079861111111,-100.592047663727
138937.5,4.63125,-99.5922028947602
138951.041666667,4.63170138888889,-98.7006716965482
138964.583333333,4.63215277777778,-97.897244890728
138978.125,4.63260416666667,-97.1669747333209
138991.666666667,4.63305555555556,-96.4984941348071
139005.208333333,4.63350694444444,-95.8829577195376
139018.75,4.63395833333333,-95.3133475950947
139032.291666667,4.63440972222222,-94.7840027807401
139045.833333333,4.63486111111111,-94.2902910092362
139059.375,4.6353125,-93.8283741759523
139072.916666667,4.63576388888889,-93.3950370709853
139086.458333333,4.63621527777778,-92.9875599622386
139100,4.63666666666667,-92.6036222256816
139113.541666667,4.63711805555555,-92.241228345375
139127.083333333,4.63756944444444,-91.8986503261702
139140.625,4.63802083333333,-91.5743823636055
139154.166666667,4.63847222222222,-91.2671047356067
139167.708333333,4.63892361111111,-90.9756547919598
139181.25,4.639375,-90.6990033878757
139194.791666667,4.63982638888889,-90.4362356125539
139208.333333333,4.64027777777778,-90.1865348988755
139221.875,4.64072916666667,-89.949169830956
139235.416666667,4.64118055555556,-89.7234831015803
139248.958333333,4.64163194444444,-89.5088822460824
139262.5,4.64208333333333,-89.3048317847855
139276.041666667,4.64253472222222,-89.1108465534342
139289.583333333,4.64298611111111,-88.9264860076684
139303.125,4.6434375,-88.751349319773
139316.666666667,4.64388888888889,-88.5850711775784
139330.208333333,4.64434027777778,-88.4273181132082
139343.75,4.64479166666667,-88.2777853513055
139357.291666667,4.64524305555556,-88.1361940452332
139370.833333333,4.64569444444444,-88.0022888531193
139384.375,4.64614583333333,-87.8758358347218
139397.916666667,4.64659722222222,-87.7566205867597
139411.458333333,4.64704861111111,-87.6444466049125
139425,4.6475,-87.5391338434096
139438.541666667,4.64795138888889,-87.4405174389548
139452.083333333,4.64840277777778,-87.3484465759322
139465.625,4.64885416666667,-87.2627834958761
139479.166666667,4.64930555555556,-87.1834026018164
139492.708333333,4.64975694444444,-87.1101896837941
139506.25,4.65020833333333,-87.0430412144094
139519.791666667,4.65065972222222,-86.9818637416804
139533.333333333,4.65111111111111,-86.9265733463167
139546.875,4.6515625,-86.8770951657078
139560.416666667,4.65201388888889,-86.8333629765052
139573.958333333,4.65246527777778,-86.7953188304154
139587.5,4.65291666666667,-86.762912753785
139601.041666667,4.65336805555556,-86.736102465908
139614.583333333,4.65381944444445,-86.7148531735476
139628.125,4.65427083333333,-86.6991373803629
139641.666666667,4.65472222222222,-86.6889347477276
139655.208333333,4.65517361111111,-86.6842319939307
139668.75,4.655625,-86.6850228248583
139682.291666667,4.65607638888889,-86.6913078976392
139695.833333333,4.65652777777778,-86.7030948356094
139709.375,4.65697916666667,-86.7203982503507
139722.916666667,4.65743055555556,-86.7432398300006
139736.458333333,4.65788194444445,-86.7716484482394
139750,4.65833333333333,-86.8056603032214
139763.541666667,4.65878472222222,-86.8453191203688
139777.083333333,4.65923611111111,-86.8906763634413
139790.625,4.6596875,-86.9417915277864
139804.166666667,4.66013888888889,-86.9987324489384
139817.708333333,4.66059027777778,-87.0615756742309
139831.25,4.66104166666667,-87.1304068967115
139844.791666667,4.66149305555555,-87.2053214363882
139858.333333333,4.66194444444444,-87.2864248023046
139871.875,4.66239583333333,-87.3738333104698
139885.416666667,4.66284722222222,-87.4676748024123
139898.958333333,4.66329861111111,-87.5680894488729
139912.5,4.66375,-87.6752306487668
139926.041666667,4.66420138888889,-87.789266060457
139939.583333333,4.66465277777778,-87.9103787522082
139953.125,4.66510416666667,-88.0387685116803
139966.666666667,4.66555555555555,-88.1746533208539
139980.208333333,4.66600694444444,-88.3182710346923
139993.75,4.66645833333333,-88.4698812848702
140007.291666667,4.66690972222222,-88.6297676530957
140020.833333333,4.66736111111111,-88.7982401413272
140034.375,4.6678125,-88.9756379985971
140047.916666667,4.66826388888889,-89.1623329962592
140061.458333333,4.66871527777778,-89.3587331586971
140075,4.66916666666667,-89.5652871092241
140088.541666667,4.66961805555556,-89.7824890973864
140102.083333333,4.67006944444444,-90.0108848849383
140115.625,4.67052083333333,-90.2510786097402
140129.166666667,4.67097222222222,-90.5037408941125
140142.708333333,4.67142361111111,-90.7696184158453
140156.25,4.671875,-91.0495453355017
140169.791666667,4.67232638888889,-91.3444569460712
140183.333333333,4.67277777777778,-91.6554061496036
140196.875,4.67322916666667,-91.9835834796833
140210.416666667,4.67368055555556,-92.3303415686431
140223.958333333,4.67413194444444,-92.6972254088374
140237.5,4.67458333333333,-93.0860099926942
140251.041666667,4.67503472222222,-93.498747723934
140264.583333333,4.67548611111111,-93.9378287610455
140278.125,4.6759375,-94.4060587260008
140291.666666667,4.67638888888889,-94.9067602124739
140305.208333333,4.67684027777778,-95.4439073881583
140318.75,4.67729166666667,-96.0223075282723
140332.291666667,4.67774305555556,-96.6478505728868
140345.833333333,4.67819444444445,-97.3278599013291
140359.375,4.67864583333333,-98.0715977778218
140372.916666667,4.67909722222222,-98.8910155278078
140386.458333333,4.67954861111111,-99.8019057500372
140400,4.68,-100.825746825505
140413.541666667,4.68045138888889,-101.992807545074
140427.083333333,4.68090277777778,-103.347711207199
140440.625,4.68135416666667,-104.960244961491
140454.166666667,4.68180555555556,-106.948758805083
140467.708333333,4.68225694444445,-109.539260280404
140481.25,4.68270833333333,-113.255641662366
140494.791666667,4.68315972222222,-119.898707976552
140508.333333333,4.68361111111111,-136.426086334517
140521.875,4.6840625,-117.632259594114
140535.416666667,4.68451388888889,-112.128714423439
140548.958333333,4.68496527777778,-108.79021812863
140562.5,4.68541666666667,-106.388868904537
140576.041666667,4.68586805555555,-104.514177847318
140589.583333333,4.68631944444444,-102.977836065938
140603.125,4.68677083333333,-101.677631246995
140616.666666667,4.68722222222222,-100.55184013784
140630.208333333,4.68767361111111,-99.5603177955542
140643.75,4.688125,-98.6754818146873
140657.291666667,4.68857638888889,-97.8775631378647
140670.833333333,4.68902777777778,-97.1519085721081
140684.375,4.68947916666667,-96.4873556174057
140697.916666667,4.68993055555555,-95.8752054460923
140711.458333333,4.69038194444444,-95.3085478775895
140725,4.69083333333333,-94.7818028998898
140738.541666667,4.69128472222222,-94.2904002606635
140752.083333333,4.69173611111111,-93.8305501807037
140765.625,4.6921875,-93.3990756562411
140779.166666667,4.69263888888889,-92.9932875684331
140792.708333333,4.69309027777778,-92.6108901085284
140806.25,4.69354166666667,-92.2499080889115
140819.791666667,4.69399305555556,-91.9086303337615
140833.333333333,4.69444444444444,-91.5855650673969
140846.875,4.69489583333333,-91.2794043810294
140860.416666667,4.69534722222222,-90.9889956254823
140873.958333333,4.69579861111111,-90.7133181831022
140887.5,4.69625,-90.4514644754006
140901.041666667,4.69670138888889,-90.2026242674285
140914.583333333,4.69715277777778,-89.9660716327976
140928.125,4.69760416666667,-89.7411540639511
140941.666666667,4.69805555555556,-89.5272833000069
140955.208333333,4.69850694444444,-89.3239275678327
140968.75,4.69895833333333,-89.1306049899401
140982.291666667,4.69940972222222,-88.9468779304634
140995.833333333,4.69986111111111,-88.7723481701664
141009.375,4.7003125,-88.6066527146705
141022.916666667,4.70076388888889,-88.4494602044659
141036.458333333,4.70121527777778,-88.3004677475542
141050,4.70166666666667,-88.1593982052357
141063.541666667,4.70211805555556,-88.0259977967168
141077.083333333,4.70256944444444,-87.9000339939733
141090.625,4.70302083333333,-87.7812936936372
141104.166666667,4.70347222222222,-87.6695815782742
141117.708333333,4.70392361111111,-87.5647186997797
141131.25,4.704375,-87.4665412071016
141144.791666667,4.70482638888889,-87.3748992237697
141158.333333333,4.70527777777778,-87.2896558637226
141171.875,4.70572916666667,-87.2106863502063
141185.416666667,4.70618055555556,-87.1378772326525
141198.958333333,4.70663194444445,-87.0711257055216
141212.5,4.70708333333333,-87.0103389985075
141226.041666667,4.70753472222222,-86.9554338336432
141239.583333333,4.70798611111111,-86.9063359627624
141253.125,4.7084375,-86.8629797454642
141266.666666667,4.70888888888889,-86.8253078033109
141280.208333333,4.70934027777778,-86.7932706991397
141293.75,4.70979166666667,-86.7668266844492
141307.291666667,4.71024305555556,-86.7459414718684
141320.833333333,4.71069444444444,-86.7305880686493
141334.375,4.71114583333333,-86.7207466322538
141347.916666667,4.71159722222222,-86.7164043636805
141361.458333333,4.71204861111111,-86.7175554520976
141375,4.7125,-86.724201036348
141388.541666667,4.71295138888889,-86.7363492233724
141402.083333333,4.71340277777778,-86.7540151152202
141415.625,4.71385416666667,-86.7772208895567
141429.166666667,4.71430555555555,-86.805995924517
141442.708333333,4.71475694444444,-86.8403769326129
141456.25,4.71520833333333,-86.8804081644633
141469.791666667,4.71565972222222,-86.9261416374095
141483.333333333,4.71611111111111,-86.9776374056778
141496.875,4.7165625,-87.0349638985938
141510.416666667,4.71701388888889,-87.0981982815192
141523.958333333,4.71746527777778,-87.1674268959436
141537.5,4.71791666666667,-87.2427457514668
141551.041666667,4.71836805555556,-87.324261077146
141564.583333333,4.71881944444444,-87.412089965516
141578.125,4.71927083333333,-87.5063610854465
141591.666666667,4.71972222222222,-87.6072154852389
141605.208333333,4.72017361111111,-87.7148075227476
141618.75,4.720625,-87.8293058766229
141632.291666667,4.72107638888889,-87.9508947276954
141645.833333333,4.72152777777778,-88.0797750736897
141659.375,4.72197916666667,-88.2161662108043
141672.916666667,4.72243055555556,-88.3603074348126
141686.458333333,4.72288194444444,-88.5124599614817
141700,4.72333333333333,-88.6729091107981
141713.541666667,4.72378472222222,-88.8419668071872
141727.083333333,4.72423611111111,-89.0199744453518
141740.625,4.7246875,-89.2073061667716
141754.166666667,4.72513888888889,-89.4043726526083
141767.708333333,4.72559027777778,-89.611625506976
141781.25,4.72604166666667,-89.8295623450424
141794.791666667,4.72649305555556,-90.0587327196371
141808.333333333,4.72694444444444,-90.2997450856747
141821.875,4.72739583333333,-90.5532749897504
141835.416666667,4.72784722222222,-90.8200747668119
141848.958333333,4.72829861111111,-91.1009850876605
141862.5,4.72875,-91.3969488043006
141876.041666667,4.72920138888889,-91.7090276373305
141889.583333333,4.72965277777778,-92.0384224620321
141903.125,4.73010416666667,-92.3864981629822
141916.666666667,4.73055555555556,-92.7548142929828
141930.208333333,4.73100694444445,-93.1451633547216
141943.75,4.73145833333333,-93.5596189746328
141957.291666667,4.73190972222222,-94.0005972625678
141970.833333333,4.73236111111111,-94.4709359625161
141984.375,4.7328125,-94.973997890032
141997.916666667,4.73326388888889,-95.5138082703974
142011.458333333,4.73371527777778,-96.0952401823051
142025,4.73416666666667,-96.7242698655067
142038.541666667,4.73461805555556,-97.4083361449046
142052.083333333,4.73506944444444,-98.1568593610779
142065.625,4.73552083333333,-98.9820131401092
142079.166666667,4.73597222222222,-99.8999130681495
142092.708333333,4.73642361111111,-100.932525319303
142106.25,4.736875,-102.110891949114
142119.791666667,4.73732638888889,-103.480939502128
142133.333333333,4.73777777777778,-105.11483651562
142146.875,4.73822916666667,-107.13579790743
142160.416666667,4.73868055555555,-109.78155962742
142173.958333333,4.73913194444444,-113.61330732995
142187.5,4.73958333333333,-120.647861862426
142201.041666667,4.74003472222222,-132.751515157981
142214.583333333,4.74048611111111,-117.148112817051
142228.125,4.7409375,-111.882834026507
142241.666666667,4.74138888888889,-108.632044398981
142255.208333333,4.74184027777778,-106.276325775687
142268.75,4.74229166666667,-104.429634015332
142282.291666667,4.74274305555556,-102.912241475038
142295.833333333,4.74319444444444,-101.625725723147
142309.375,4.74364583333333,-100.510296529014
142322.916666667,4.74409722222222,-99.5268982549968
142336.458333333,4.74454861111111,-98.6486091172378
142350,4.745,-97.8560839801542
142363.541666667,4.74545138888889,-97.1349542118867
142377.083333333,4.74590277777778,-96.4742553988326
142390.625,4.74635416666667,-95.8654308749722
142404.166666667,4.74680555555556,-95.3016751371741
142417.708333333,4.74725694444444,-94.7774869533121
142431.25,4.74770833333333,-94.28835650153
142444.791666667,4.74815972222222,-93.830541126428
142458.333333333,4.74861111111111,-93.4009011295112
142471.875,4.7490625,-92.9967773092986
142485.416666667,4.74951388888889,-92.6158981195408
142498.958333333,4.74996527777778,-92.256308258745
142512.5,4.75041666666667,-91.9163130297789
142526.041666667,4.75086805555556,-91.5944344026452
142539.583333333,4.75131944444444,-91.2893760414765
142553.125,4.75177083333333,-90.9999951043458
142566.666666667,4.75222222222222,-90.725279352929
142580.208333333,4.75267361111111,-90.4643283994365
142593.75,4.753125,-90.2163382189289
142607.291666667,4.75357638888889,-89.9805882876622
142620.833333333,4.75402777777778,-89.756430813009
142634.375,4.75447916666667,-89.5432816649921
142647.916666667,4.75493055555556,-89.3406127189018
142661.458333333,4.75538194444445,-89.147945318871
142675,4.75583333333333,-88.9648447062358
142688.541666667,4.75628472222222,-88.790915216819
142702.083333333,4.75673611111111,-88.6257961496651
142715.625,4.7571875,-88.469158204572
142729.166666667,4.75763888888889,-88.3207003581752
142742.708333333,4.75809027777778,-88.1801471529256
142756.25,4.75854166666667,-88.0472463386493
142769.791666667,4.75899305555556,-87.9217667872504
142783.333333333,4.75944444444445,-87.8034966720703
142796.875,4.75989583333333,-87.6922418498945
142810.416666667,4.76034722222222,-87.5878244530496
142823.958333333,4.76079861111111,-87.4900816282258
142837.5,4.76125,-87.3988644292365
142851.041666667,4.76170138888889,-87.3140368300917
142864.583333333,4.76215277777778,-87.2354748568184
142878.125,4.76260416666667,-87.1630658198397
142891.666666667,4.76305555555555,-87.0967076214499
142905.208333333,4.76350694444444,-87.0363081606777
142918.75,4.76395833333333,-86.9817848002683
142932.291666667,4.76440972222222,-86.9330638948803
142945.833333333,4.76486111111111,-86.8900803898806
142959.375,4.7653125,-86.8527774571777
142972.916666667,4.76576388888889,-86.821106199023
142986.458333333,4.76621527777778,-86.7950253908631
143000,4.76666666666667,-86.7745012515405
143013.541666667,4.76711805555555,-86.7595072813693
143027.083333333,4.76756944444444,-86.750024126868
143040.625,4.76802083333333,-86.7460394731979
143054.166666667,4.76847222222222,-86.7475479894475
143067.708333333,4.76892361111111,-86.7545512904027
143081.25,4.769375,-86.767057962436
143094.791666667,4.76982638888889,-86.7850835932337
143108.333333333,4.77027777777778,-86.8086508517424
143121.875,4.77072916666667,-86.8377896123624
143135.416666667,4.77118055555556,-86.8725371001645
143148.958333333,4.77163194444444,-86.9129380922726
143162.5,4.77208333333333,-86.9590451473673
143176.041666667,4.77253472222222,-87.0109188855083
143189.583333333,4.77298611111111,-87.0686283211748
143203.125,4.7734375,-87.1322512383003
143216.666666667,4.77388888888889,-87.2018746229138
143230.208333333,4.77434027777778,-87.2775951661239
143243.75,4.77479166666667,-87.359519824793
143257.291666667,4.77524305555556,-87.4477664583587
143270.833333333,4.77569444444444,-87.5424645593395
143284.375,4.77614583333333,-87.6437560593797
143297.916666667,4.77659722222222,-87.7517962643809
143311.458333333,4.77704861111111,-87.866754877382
143325,4.7775,-87.9888171869477
143338.541666667,4.77795138888889,-88.1181853958919
143352.083333333,4.77840277777778,-88.2550801151174
143365.625,4.77885416666667,-88.399742083018
143379.166666667,4.77930555555556,-88.5524340874488
143392.708333333,4.77975694444445,-88.7134431953251
143406.25,4.78020833333333,-88.88308325219
143419.791666667,4.78065972222222,-89.0616977898646
143433.333333333,4.78111111111111,-89.2496633238502
143446.875,4.7815625,-89.447393197453
143460.416666667,4.78201388888889,-89.6553419972421
143473.958333333,4.78246527777778,-89.874010692387
143487.5,4.78291666666667,-90.1039526441808
143501.041666667,4.78336805555556,-90.3457806302573
143514.583333333,4.78381944444445,-90.600175127826
143528.125,4.78427083333333,-90.8678941354498
143541.666666667,4.78472222222222,-91.1497848581414
143555.208333333,4.78517361111111,-91.446797724467
143568.75,4.785625,-91.7600033032165
143582.291666667,4.78607638888889,-92.0906128539764
143595.833333333,4.78652777777778,-92.4400035464306
143609.375,4.78697916666667,-92.8097495921382
143622.916666667,4.78743055555555,-93.2016610815309
143636.458333333,4.78788194444444,-93.6178329906872
143650,4.78833333333333,-94.0607075608696
143663.541666667,4.78878472222222,-94.5331549020107
143677.083333333,4.78923611111111,-95.0385783901973
143690.625,4.7896875,-95.5810547870155
143704.166666667,4.79013888888889,-96.1655236669123
143717.708333333,4.79059027777778,-96.7980486022961
143731.25,4.79104166666667,-97.4861854084821
143744.791666667,4.79149305555555,-98.23951486875
143758.333333333,4.79194444444444,-99.0704367666778
143771.875,4.79239583333333,-99.9953959824322
143785.416666667,4.79284722222222,-101.036857595518
143798.958333333,4.79329861111111,-102.226657458863
143812.5,4.79375,-103.612066501895
143826.041666667,4.79420138888889,-105.267725744489
143839.583333333,4.79465277777778,-107.321948408911
143853.125,4.79510416666667,-110.024940267215
143866.666666667,4.79555555555556,-113.978596786183
143880.208333333,4.79600694444444,-121.453080584603
143893.75,4.79645833333333,-130.207664461566
143907.291666667,4.79690972222222,-116.693846898923
143920.833333333,4.79736111111111,-111.644965313409
143934.375,4.7978125,-108.476749573416
143947.916666667,4.79826388888889,-106.164637784978
143961.458333333,4.79871527777778,-104.344926584011
143975,4.79916666666667,-102.845891067051
143988.541666667,4.79961805555556,-101.572685762222
144002.083333333,4.80006944444444,-100.467359460017
144015.625,4.80052083333333,-99.4918988474909
144029.166666667,4.80097222222222,-98.6200170257069
144042.708333333,4.80142361111111,-97.8327776798092
144056.25,4.801875,-97.1160873342464
144069.791666667,4.80232638888889,-96.4591735677619
144083.333333333,4.80277777777778,-95.8536177532336
144096.875,4.80322916666667,-95.2927162049938
144110.416666667,4.80368055555556,-94.7710444015437
144123.958333333,4.80413194444444,-94.2841514621102
144137.5,4.80458333333333,-93.8283407399415
144151.041666667,4.80503472222222,-93.4005089820932
144164.583333333,4.80548611111111,-92.9980262385795
144178.125,4.8059375,-92.6186447050748
144191.666666667,4.80638888888889,-92.2604285807147
144205.208333333,4.80684027777778,-91.9216992922549
144218.75,4.80729166666667,-91.6009922975921
144232.291666667,4.80774305555556,-91.2970226123522
144245.833333333,4.80819444444445,-91.0086570198352
144259.375,4.80864583333333,-90.7348915133364
144272.916666667,4.80909722222222,-90.474832763121
144286.458333333,4.80954861111111,-90.2276828557029
144300,4.81,-89.9927265690643
144313.541666667,4.81045138888889,-89.769320750528
144327.083333333,4.81090277777778,-89.5568853373209
144340.625,4.81135416666667,-89.3548957919992
144354.166666667,4.81180555555556,-89.1628766366024
144367.708333333,4.81225694444444,-88.9803959317722
144381.25,4.81270833333333,-88.80706053575
144394.791666667,4.81315972222222,-88.642512015053
144408.333333333,4.81361111111111,-88.4864230929961
144421.875,4.8140625,-88.3384945827362
144435.416666667,4.81451388888889,-88.1984526900233
144448.958333333,4.81496527777778,-88.0660466744336
144462.5,4.81541666666667,-87.9410467885946
144476.041666667,4.81586805555555,-87.8232424596218
144489.583333333,4.81631944444444,-87.7124407101069
144503.125,4.81677083333333,-87.6084647370276
144516.666666667,4.81722222222222,-87.5111526699211
144530.208333333,4.81767361111111,-87.4203564809029
144543.75,4.818125,-87.3359409939931
144557.291666667,4.81857638888889,-87.2577830339028
144570.833333333,4.81902777777778,-87.1857706556592
144584.375,4.81947916666667,-87.1198024645164
144597.916666667,4.81993055555556,-87.0597870242597
144611.458333333,4.82038194444444,-87.0056423261744
144625,4.82083333333333,-86.9572953260935
144638.541666667,4.82128472222222,-86.9146815418109
144652.083333333,4.82173611111111,-86.8777446984038
144665.625,4.8221875,-86.8464364311527
144679.166666667,4.82263888888889,-86.8207160259587
144692.708333333,4.82309027777778,-86.8005502093637
144706.25,4.82354166666667,-86.7859129761268
144719.791666667,4.82399305555556,-86.7767854530222
144733.333333333,4.82444444444444,-86.7731558036693
144746.875,4.82489583333333,-86.7750191708182
144760.416666667,4.82534722222222,-86.7823776515678
144773.958333333,4.82579861111111,-86.7952403005631
144787.5,4.82625,-86.8136231890614
144801.041666667,4.82670138888889,-86.8375494757542
144814.583333333,4.82715277777778,-86.8670495274665
144828.125,4.82760416666667,-86.9021610836031
144841.666666667,4.82805555555556,-86.9429294386827
144855.208333333,4.82850694444444,-86.9894076925316
144868.75,4.82895833333333,-87.0416570300946
144882.291666667,4.82940972222222,-87.0997470469743
144895.833333333,4.82986111111111,-87.163756141404
144909.375,4.8303125,-87.2337719450167
144922.916666667,4.83076388888889,-87.3098918286299
144936.458333333,4.83121527777778,-87.3922234725814
144950,4.83166666666667,-87.4808855038596
144963.541666667,4.83211805555556,-87.576008234873
144977.083333333,4.83256944444445,-87.6777344801866
144990.625,4.83302083333333,-87.7862204862597
145004.166666667,4.83347222222222,-87.9016369833777
145017.708333333,4.83392361111111,-88.0241703687104
145031.25,4.834375,-88.1540240441764
145044.791666667,4.83482638888889,-88.2914199385524
145058.333333333,4.83527777777778,-88.4366002266018
145071.875,4.83572916666667,-88.589829276794
145085.416666667,4.83618055555556,-88.7513958927101
145098.958333333,4.83663194444444,-88.9216158457261
145112.5,4.83708333333333,-89.1008348024902
145126.041666667,4.83753472222222,-89.2894316604206
145139.583333333,4.83798611111111,-89.4878224195146
145153.125,4.8384375,-89.6964646529558
145166.666666667,4.83888888888889,-89.91586269681
145180.208333333,4.83934027777778,-90.1465737197237
145193.75,4.83979166666667,-90.3892148295892
145207.291666667,4.84024305555555,-90.6444714491835
145220.833333333,4.84069444444444,-90.9131072566464
145234.375,4.84114583333333,-91.19597601008
145247.916666667,4.84159722222222,-91.4940357406494
145261.458333333,4.84204861111111,-91.8083658928394
145275,4.8425,-92.1401881691802
145288.541666667,4.84295138888889,-92.4908920809623
145302.083333333,4.84340277777778,-92.8620665640498
145315.625,4.84385416666667,-93.2555394207809
145329.166666667,4.84430555555556,-93.673427104694
145342.708333333,4.84475694444444,-94.1181981842176
145356.25,4.84520833333333,-94.5927553946736
145369.791666667,4.84565972222222,-95.1005430505908
145383.333333333,4.84611111111111,-95.6456899607599
145396.875,4.8465625,-96.2332029384689
145410.416666667,4.84701388888889,-96.8692339700209
145423.958333333,4.84746527777778,-97.5614575163811
145437.5,4.84791666666667,-98.3196173144405
145451.041666667,4.84836805555556,-99.1563433325449
145464.583333333,4.84881944444444,-100.088416447075
145478.125,4.84927083333333,-101.138812315721
145491.666666667,4.84972222222222,-102.340182224449
145505.208333333,4.85017361111111,-103.741184924477
145518.75,4.850625,-105.419030819167
145532.291666667,4.85107638888889,-107.507381456814
145545.833333333,4.85152777777778,-110.269719892666
145559.375,4.85197916666667,-114.352497044682
145572.916666667,4.85243055555556,-122.325955937716
145586.458333333,4.85288194444444,-128.263800918915
145600,4.85333333333333,-116.265555397348
145613.541666667,4.85378472222222,-111.414258153468
145627.083333333,4.85423611111111,-108.323972330299
145640.625,4.8546875,-106.053601426132
145654.166666667,4.85513888888889,-104.25992281781
145667.708333333,4.85559027777778,-102.778690525264
145681.25,4.85604166666667,-101.518440568847
145694.791666667,4.85649305555556,-100.422973849314
145708.333333333,4.85694444444445,-99.4552756564402
145721.875,4.85739583333333,-98.5896699473319
145735.416666667,4.85784722222222,-97.8076150669924
145748.958333333,4.85829861111111,-97.0952838785902
145762.5,4.85875,-96.4420902215576
145776.041666667,4.85920138888889,-95.8397496352525
145789.583333333,4.85965277777778,-95.2816575351676
145803.125,4.86010416666667,-94.7624642063418
145816.666666667,4.86055555555556,-94.2777762733137
145830.208333333,4.86100694444445,-93.8239420409397
145843.75,4.86145833333333,-93.3978939045185
145857.291666667,4.86190972222222,-92.9970305356564
145870.833333333,4.86236111111111,-92.6191274056165
145884.375,4.8628125,-92.2622677955817
145897.916666667,4.86326388888889,-91.9247889631958
145911.458333333,4.86371527777778,-91.6052396048591
145925,4.86416666666667,-91.3023458706107
145938.541666667,4.86461805555555,-91.0149840061005
145952.083333333,4.86506944444444,-90.7421580838841
145965.625,4.86552083333333,-90.4829817231478
145979.166666667,4.86597222222222,-90.2366630185545
145992.708333333,4.86642361111111,-90.0024919636959
146006.25,4.866875,-89.7798299692533
146019.791666667,4.86732638888889,-89.5681009826892
146033.333333333,4.86777777777778,-89.366783993249
146046.875,4.86822916666667,-89.175406654439
146060.416666667,4.86868055555555,-88.9935398073345
146073.958333333,4.86913194444444,-88.8207927988751
146087.5,4.86958333333333,-88.6568094206058
146101.041666667,4.87003472222222,-88.501264401351
146114.583333333,4.87048611111111,-88.3538603618313
146128.125,4.8709375,-88.2143251504166
146141.666666667,4.87138888888889,-88.0824095154215
146155.208333333,4.87184027777778,-87.9578850672505
146168.75,4.87229166666667,-87.8405424828851
146182.291666667,4.87274305555556,-87.7301899239458
146195.833333333,4.87319444444444,-87.6266516403987
146209.375,4.87364583333333,-87.5297667409747
146222.916666667,4.87409722222222,-87.439388102019
146236.458333333,4.87454861111111,-87.3553813890557
146250,4.875,-87.2776242093091
146263.541666667,4.87545138888889,-87.2060053602328
146277.083333333,4.87590277777778,-87.1404241405969
146290.625,4.87635416666667,-87.0807897737615
146304.166666667,4.87680555555556,-87.0270208702863
146317.708333333,4.87725694444444,-86.9790449834778
146331.25,4.87770833333333,-86.9367981967017
146344.791666667,4.87815972222222,-86.9002247854927
146358.333333333,4.87861111111111,-86.8692769088902
146371.875,4.8790625,-86.8439143663652
146385.416666667,4.87951388888889,-86.8241043836381
146398.958333333,4.87996527777778,-86.8098214399978
146412.5,4.88041666666667,-86.8010471456752
146426.041666667,4.88086805555556,-86.7977701403125
146439.583333333,4.88131944444445,-86.7999860365342
146453.125,4.88177083333333,-86.8076974029567
146466.666666667,4.88222222222222,-86.8209137715722
146480.208333333,4.88267361111111,-86.8396516874145
146493.75,4.883125,-86.8639347970151
146507.291666667,4.88357638888889,-86.8937939588239
146520.833333333,4.88402777777778,-86.9292674160747
146534.375,4.88447916666667,-86.9704009916311
146547.916666667,4.88493055555556,-87.0172483158206
146561.458333333,4.88538194444445,-87.0698711372774
146575,4.88583333333333,-87.1283396327167
146588.541666667,4.88628472222222,-87.1927328132008
146602.083333333,4.88673611111111,-87.2631389522407
146615.625,4.8871875,-87.3396561006259
146629.166666667,4.88763888888889,-87.4223926567664
146642.708333333,4.88809027777778,-87.5114680167033
146656.25,4.88854166666667,-87.6070133114771
146669.791666667,4.88899305555555,-87.7091722335511
146683.333333333,4.88944444444444,-87.8181019764667
146696.875,4.88989583333333,-87.9339742907027
146710.416666667,4.89034722222222,-88.0569766787812
146723.958333333,4.89079861111111,-88.1873137508771
146737.5,4.89125,-88.3252087456018
146751.041666667,4.89170138888889,-88.4709052723836
146764.583333333,4.89215277777778,-88.6246692836244
146778.125,4.89260416666667,-88.786791320482
146791.666666667,4.89305555555555,-88.9575890854316
146805.208333333,4.89350694444444,-89.1374103779659
146818.75,4.89395833333333,-89.3266364751575
146832.291666667,4.89440972222222,-89.5256860472196
146845.833333333,4.89486111111111,-89.7350196530481
146859.375,4.8953125,-89.9551450070056
146872.916666667,4.89576388888889,-90.1866230860225
146886.458333333,4.89621527777778,-90.4300753432643
146900,4.89666666666667,-90.6861921682919
146913.541666667,4.89711805555556,-90.9557429280874
146927.083333333,4.89756944444444,-91.2395879616816
146940.625,4.89802083333333,-91.5386929326455
146954.166666667,4.89847222222222,-91.8541462070789
146967.708333333,4.89892361111111,-92.1871799709902
146981.25,4.899375,-92.5391961521537
146994.791666667,4.89982638888889,-92.9117984987465
147008.333333333,4.90027777777778,-93.3068326355122
147021.875,4.90072916666667,-93.7264366510688
147035.416666667,4.90118055555556,-94.1731056645988
147048.958333333,4.90163194444444,-94.6497753125724
147062.5,4.90208333333333,-95.1599312276696
147076.041666667,4.90253472222222,-95.7077548351159
147089.583333333,4.90298611111111,-96.2983209867003
147103.125,4.9034375,-96.9378712402803
147116.666666667,4.90388888888889,-97.6342004076451
147130.208333333,4.90434027777778,-98.3972178795381
147143.75,4.90479166666667,-99.239788039645
147157.291666667,4.90524305555556,-100.179034819248
147170.833333333,4.90569444444444,-101.2384567539
147184.375,4.90614583333333,-102.451543392806
147197.916666667,4.90659722222222,-103.868387291678
147211.458333333,4.90704861111111,-105.568871181305
147225,4.9075,-107.692273374999
147238.541666667,4.90795138888889,-110.516235290053
147252.083333333,4.90840277777778,-114.736108637229
147265.625,4.90885416666667,-123.281736729873
147279.166666667,4.90930555555556,-126.691765888839
147292.708333333,4.90975694444445,-115.859972187209
147306.25,4.91020833333333,-111.189951551602
147319.791666667,4.91065972222222,-108.173380613027
147333.333333333,4.91111111111111,-105.94302700401
147346.875,4.9115625,-104.174497716926
147360.416666667,4.91201388888889,-102.71055023991
147373.958333333,4.91246527777778,-101.46292240118
147387.5,4.91291666666667,-100.377086625442
147401.041666667,4.91336805555556,-99.4169860560244
147414.583333333,4.91381944444444,-98.5575330758577
147428.125,4.91427083333333,-97.7805673900239
147441.666666667,4.91472222222222,-97.0725199165712
147455.208333333,4.91517361111111,-96.4229853650552
147468.75,4.915625,-95.823809790235
147482.291666667,4.91607638888889,-95.2684851749963
147495.833333333,4.91652777777778,-94.7517347779834
147509.375,4.91697916666667,-94.269221402304
147522.916666667,4.91743055555555,-93.8173373081776
147536.458333333,4.91788194444444,-93.3930497721016
147550,4.91833333333333,-92.9937855113895
147563.541666667,4.91878472222222,-92.6173427961468
147577.083333333,4.91923611111111,-92.2618236422507
147590.625,4.9196875,-91.9255808429502
147604.166666667,4.92013888888889,-91.6071760757883
147617.708333333,4.92059027777778,-91.3053464522928
147631.25,4.92104166666667,-91.0189775176835
147644.791666667,4.92149305555556,-90.7470812846318
147658.333333333,4.92194444444444,-90.4887782108383
147671.875,4.92239583333333,-90.2432822936179
147685.416666667,4.92284722222222,-90.0098886818592
147698.958333333,4.92329861111111,-89.7879632635734
147712.5,4.92375,-89.5769339397804
147726.041666667,4.92420138888889,-89.3762831824632
147739.583333333,4.92465277777778,-89.1855417255795
147753.125,4.92510416666667,-89.0042831579345
147766.666666667,4.92555555555556,-88.8321192748078
147780.208333333,4.92600694444444,-88.6686960647656
147793.75,4.92645833333333,-88.5136902376707
147807.291666667,4.92690972222222,-88.3668061968824
147820.833333333,4.92736111111111,-88.227773409889
147834.375,4.9278125,-88.0963440976531
147847.916666667,4.92826388888889,-87.9722912145424
147861.458333333,4.92871527777778,-87.8554066679055
147875,4.92916666666667,-87.7454997468098
147888.541666667,4.92961805555556,-87.642395747398
147902.083333333,4.93006944444444,-87.5459347398011
147915.625,4.93052083333333,-87.4559704896252
147929.166666667,4.93097222222222,-87.3723695004078
147942.708333333,4.93142361111111,-87.2950101602029
147956.25,4.931875,-87.2237819915184
147969.791666667,4.93232638888889,-87.1585849851023
147983.333333333,4.93277777777778,-87.0993290142688
147996.875,4.93322916666667,-87.0459333085853
148010.416666667,4.93368055555556,-86.9983260044127
148023.958333333,4.93413194444445,-86.9564437530573
148037.5,4.93458333333333,-86.9202313710775
148051.041666667,4.93503472222222,-86.8896415405226
148064.583333333,4.93548611111111,-86.8646345682787
148078.125,4.9359375,-86.845178173421
148091.666666667,4.93638888888889,-86.8312473224909
148105.208333333,4.93684027777778,-86.8228241016866
148118.75,4.93729166666667,-86.8198976224305
148132.291666667,4.93774305555556,-86.8224639667896
148145.833333333,4.93819444444444,-86.8305261720084
148159.375,4.93864583333333,-86.8440942425094
148172.916666667,4.93909722222222,-86.8631851975894
148186.458333333,4.93954861111111,-86.8878231641425
148200,4.94,-86.9180394987095
148213.541666667,4.94045138888889,-86.9538729435332
148227.083333333,4.94090277777778,-86.9953698380104
148240.625,4.94135416666667,-87.042584357431
148254.166666667,4.94180555555555,-87.0955788005901
148267.708333333,4.94225694444444,-87.1544239264585
148281.25,4.94270833333333,-87.2191993554067
148294.791666667,4.94315972222222,-87.289994008576
148308.333333333,4.94361111111111,-87.3669066093154
148321.875,4.9440625,-87.4500462733598
148335.416666667,4.94451388888889,-87.5395331672289
148348.958333333,4.94496527777778,-87.6354992387026
148362.5,4.94541666666667,-87.7380890562348
148376.041666667,4.94586805555556,-87.8474607613412
148389.583333333,4.94631944444444,-87.963787122983
148403.125,4.94677083333333,-88.0872567530014
148416.666666667,4.94722222222222,-88.2180754622776
148430.208333333,4.94767361111111,-88.356467803463
148443.75,4.948125,-88.5026788269583
148457.291666667,4.94857638888889,-88.6569760632543
148470.833333333,4.94902777777778,-88.8196517984921
148484.375,4.94947916666667,-88.9910256589863
148497.916666667,4.94993055555556,-89.1714475869825
148511.458333333,4.95038194444444,-89.3613012507568
148525,4.95083333333333,-89.561007983036
148538.541666667,4.95128472222222,-89.7710313415733
148552.083333333,4.95173611111111,-89.9918824241779
148565.625,4.9521875,-90.2241260401492
148579.166666667,4.95263888888889,-90.4683879866315
148592.708333333,4.95309027777778,-90.7253636398794
148606.25,4.95354166666667,-90.9958280862613
148619.791666667,4.95399305555556,-91.2806482665816
148633.333333333,4.95444444444444,-91.5807975138004
148646.875,4.95489583333333,-91.8973731630342
148660.416666667,4.95534722222222,-92.2316179390001
148673.958333333,4.95579861111111,-92.5849462646202
148687.5,4.95625,-92.9589767949547
148701.041666667,4.95670138888889,-93.3555731082686
148714.583333333,4.95715277777778,-93.7768951012139
148728.125,4.95760416666667,-94.2254646570699
148741.666666667,4.95805555555556,-94.7042506353446
148755.208333333,4.95850694444445,-95.2167804103709
148768.75,4.95895833333333,-95.7672886115844
148782.291666667,4.95940972222222,-96.3609189754888
148795.833333333,4.95986111111111,-97.0040038521374
148809.375,4.9603125,-97.704460259642
148822.916666667,4.96076388888889,-98.4723660494241
148836.458333333,4.96121527777778,-99.320824486881
148850,4.96166666666667,-100.267310013721
148863.541666667,4.96211805555556,-101.335856994092
148877.083333333,4.96256944444445,-102.560817375416
148890.625,4.96302083333333,-103.993766141287
148904.166666667,4.96347222222222,-105.717368021485
148917.708333333,4.96392361111111,-107.876806531573
148931.25,4.964375,-110.764845006985
148944.791666667,4.96482638888889,-115.130665764209
148958.333333333,4.96527777777778,-124.341058692949
148971.875,4.96572916666667,-125.37232775961
148985.416666667,4.96618055555555,-115.474338713503
148998.958333333,4.96663194444444,-110.971361564864
149012.5,4.96708333333333,-108.024668452286
149026.041666667,4.96753472222222,-105.832737101937
149039.583333333,4.96798611111111,-104.088533190877
149053.125,4.9684375,-102.641384849654
149066.666666667,4.96888888888889,-101.406066217357
149080.208333333,4.96934027777778,-100.329646426929
149093.75,4.96979166666667,-99.3769885275303
149107.291666667,4.97024305555555,-98.5235722237431
149120.833333333,4.97069444444444,-97.7516061513954
149134.375,4.97114583333333,-97.0477715154482
149147.916666667,4.97159722222222,-96.4018387910641
149161.458333333,4.97204861111111,-95.8057811322931
149175,4.9725,-95.2531846644121
149188.541666667,4.97295138888889,-94.7388439199749
149202.083333333,4.97340277777778,-94.2584766168995
149215.625,4.97385416666667,-93.8085180281385
149229.166666667,4.97430555555556,-93.3859695977286
149242.708333333,4.97475694444444,-92.9882855378708
149256.25,4.97520833333333,-92.6132864788608
149269.791666667,4.97565972222222,-92.2590928334267
149283.333333333,4.97611111111111,-91.924072645393
149296.875,4.9765625,-91.6068003642278
149310.416666667,4.97701388888889,-91.3060238692424
149323.958333333,4.97746527777778,-91.020637847616
149337.5,4.97791666666667,-90.7496621371284
149351.041666667,4.97836805555556,-90.4922239222663
149364.583333333,4.97881944444444,-90.2475430221158
149378.125,4.97927083333333,-90.0149196489169
149391.666666667,4.97972222222222,-89.7937241257497
149405.208333333,4.98017361111111,-89.5833882348899
149418.75,4.980625,-89.3833978878319
149432.291666667,4.98107638888889,-89.1932868556319
149445.833333333,4.98152777777778,-89.0126314361893
149459.375,4.98197916666667,-88.8410458504856
149472.916666667,4.98243055555556,-88.678178248058
149486.458333333,4.98288194444445,-88.5237072964264
149500,4.98333333333333,-88.3773391601809
149513.541666667,4.98378472222222,-88.2388049093988
149527.083333333,4.98423611111111,-88.1078582179008
149540.625,4.9846875,-87.9842733680607
149554.166666667,4.98513888888889,-87.8678434815314
149567.708333333,4.98559027777778,-87.7583789673474
149581.25,4.98604166666667,-87.6557061506237
149594.791666667,4.98649305555556,-87.559666054641
149608.333333333,4.98694444444445,-87.4701133313318
149621.875,4.98739583333333,-87.3869153064184
149635.416666667,4.98784722222222,-87.3099511412927
149648.958333333,4.98829861111111,-87.2391110824415
149662.5,4.98875,-87.1742958001981
149676.041666667,4.98920138888889,-87.115415812135
149689.583333333,4.98965277777778,-87.06239095987
149703.125,4.99010416666667,-87.0151499660233
149716.666666667,4.99055555555555,-86.9736300407605
149730.208333333,4.99100694444444,-86.9377765354017
149743.75,4.99145833333333,-86.9075426499835
149757.291666667,4.99190972222222,-86.8828891991445
149770.833333333,4.99236111111111,-86.8637843911872
149784.375,4.9928125,-86.8502036762266
149797.916666667,4.99326388888889,-86.8421296114379
149811.458333333,4.99371527777778,-86.8395517774062
149825,4.99416666666667,-86.8424667275666
149838.541666667,4.99461805555555,-86.8508779609609
149852.083333333,4.99506944444444,-86.8647959528142
149865.625,4.99552083333333,-86.8842381953157
149879.166666667,4.99597222222222,-86.9092292975796
149892.708333333,4.99642361111111,-86.9398011019352
149906.25,4.996875,-86.9759928574822
149919.791666667,4.99732638888889,-87.0178514193535
149933.333333333,4.99777777777778,-87.0654314945725
149946.875,4.99822916666667,-87.1187959400771
149960.416666667,4.99868055555556,-87.1780161001713
149973.958333333,4.99913194444444,-87.24317219897
149987.5,4.99958333333333,-87.31435379539
150001.041666667,5.00003472222222,-87.391660294167
150014.583333333,5.00048611111111,-87.4752015300142
150028.125,5.0009375,-87.5650984319749
150041.666666667,5.00138888888889,-87.6614837662419
150055.208333333,5.00184027777778,-87.764502979991
150068.75,5.00229166666667,-87.8743151590084
150082.291666667,5.00274305555556,-87.991094093369
150095.833333333,5.00319444444444,-88.1150295043336
150109.375,5.00364583333333,-88.2463284030422
150122.916666667,5.00409722222222,-88.3852166616843
150136.458333333,5.00454861111111,-88.5319407665504
150150,5.005,-88.6867698350604
150163.541666667,5.00545138888889,-88.8499978940942
150177.083333333,5.00590277777778,-89.0219465072403
150190.625,5.00635416666667,-89.2029677591196
150204.166666667,5.00680555555556,-89.3934477079817
150217.708333333,5.00725694444444,-89.593810366917
150231.25,5.00770833333333,-89.8045223025809
150244.791666667,5.00815972222222,-90.0260979928656
150258.333333333,5.00861111111111,-90.2591060985454
150271.875,5.0090625,-90.5041767924225
150285.416666667,5.00951388888889,-90.7620104410593
150298.958333333,5.00996527777778,-91.0333878802146
150312.5,5.01041666666667,-91.319182682285
150326.041666667,5.01086805555556,-91.6203759013602
150339.583333333,5.01131944444445,-91.9380738783982
150353.125,5.01177083333333,-92.2735299512583
150366.666666667,5.01222222222222,-92.628171120037
150380.208333333,5.01267361111111,-93.0036310501305
150393.75,5.013125,-93.401791419086
150407.291666667,5.01357638888889,-93.8248341132768
150420.833333333,5.01402777777778,-94.275308024277
150434.375,5.01447916666667,-94.7562155642012
150447.916666667,5.01493055555556,-95.2711263118456
150461.458333333,5.01538194444444,-95.8243287281802
150475,5.01583333333333,-96.4210363301601
150488.541666667,5.01628472222222,-97.0676735745756
150502.083333333,5.01673611111111,-97.7722816132847
150515.625,5.0171875,-98.5451097296778
150529.166666667,5.01763888888889,-99.3995048403601
150542.708333333,5.01809027777778,-100.353299693887
150556.25,5.01854166666667,-101.431078149137
150569.791666667,5.01899305555555,-102.668080023599
150583.333333333,5.01944444444444,-104.117414341724
150596.875,5.01989583333333,-105.864644669089
150610.416666667,5.02034722222222,-108.061170186707
150623.958333333,5.02079861111111,-111.015932214195
150637.5,5.02125,-115.537560947683
150651.041666667,5.02170138888889,-125.532837533383
150664.583333333,5.02215277777778,-124.235278229963
150678.125,5.02260416666667,-115.106303900737
150691.666666667,5.02305555555556,-110.757870705646
150705.208333333,5.02350694444444,-107.877552947464
150718.75,5.02395833333333,-105.722565349273
150732.291666667,5.02440972222222,-104.001917293081
150745.833333333,5.02486111111111,-102.57111270471
150759.375,5.0253125,-101.347809295262
150772.916666667,5.02576388888889,-100.280603365346
150786.458333333,5.02621527777778,-99.3352423772893
150800,5.02666666666667,-98.4877536409969
150813.541666667,5.02711805555556,-97.7207030217908
150827.083333333,5.02756944444444,-97.0210146602214
150840.625,5.02802083333333,-96.3786300271738
150854.166666667,5.02847222222222,-95.7856461182415
150867.708333333,5.02892361111111,-95.2357409814052
150881.25,5.029375,-94.7237787602325
150894.791666667,5.02982638888889,-94.2455309166829
150908.333333333,5.03027777777778,-93.797474853963
150921.875,5.03072916666667,-93.3766455048647
150935.416666667,5.03118055555556,-92.980524038696
150948.958333333,5.03163194444444,-92.6069530579451
150962.5,5.03208333333333,-92.2540710367695
150976.041666667,5.03253472222222,-91.9202610143833
150989.583333333,5.03298611111111,-91.6041099993339
151003.125,5.0334375,-91.3043764627866
151016.666666667,5.03388888888889,-91.0199641011394
151030.208333333,5.03434027777778,-90.7499004503875
151043.75,5.03479166666667,-90.4933193255451
151057.291666667,5.03524305555556,-90.249446283868
151070.833333333,5.03569444444445,-90.0175865293795
151084.375,5.03614583333333,-89.7971147554726
151097.916666667,5.03659722222222,-89.5874665809006
151111.458333333,5.03704861111111,-89.3881313016722
151125,5.0375,-89.1986457017473
151138.541666667,5.03795138888889,-89.0185887458751
151152.083333333,5.03840277777778,-88.847577040913
151165.625,5.03885416666667,-88.6852608887406
151179.166666667,5.03930555555556,-88.5313208812701
151192.708333333,5.03975694444444,-88.3854649252975
151206.25,5.04020833333333,-88.2474256718848
151219.791666667,5.04065972222222,-88.116958242204
151233.333333333,5.04111111111111,-87.9938382232047
151246.875,5.0415625,-87.8778599392811
151260.416666667,5.04201388888889,-87.7688349101397
151273.958333333,5.04246527777778,-87.666590477721
151287.5,5.04291666666667,-87.570968608588
151301.041666667,5.04336805555555,-87.4818248334284
151314.583333333,5.04381944444444,-87.3990272932085
151328.125,5.04427083333333,-87.3224559128035
151341.666666667,5.04472222222222,-87.2520016561387
151355.208333333,5.04517361111111,-87.1875658701331
151368.75,5.045625,-87.1290597096067
151382.291666667,5.04607638888889,-87.07640362511
151395.833333333,5.04652777777778,-87.0295269190124
151409.375,5.04697916666667,-86.9883673523938
151422.916666667,5.04743055555556,-86.9528708112602
151436.458333333,5.04788194444444,-86.9229910156319
151450,5.04833333333333,-86.8986892757182
151463.541666667,5.04878472222222,-86.8799342883646
151477.083333333,5.04923611111111,-86.8667019858145
151490.625,5.0496875,-86.8589753959815
151504.166666667,5.05013888888889,-86.8567445603583
151517.708333333,5.05059027777778,-86.8600065011967
151531.25,5.05104166666667,-86.8687651872486
151544.791666667,5.05149305555556,-86.8830315524158
151558.333333333,5.05194444444444,-86.9028235632148
151571.875,5.05239583333333,-86.928166308792
151585.416666667,5.05284722222222,-86.9590921187452
151598.958333333,5.05329861111111,-86.9956407438241
151612.5,5.05375,-87.0378595531987
151626.041666667,5.05420138888889,-87.0858037902992
151639.583333333,5.05465277777778,-87.1395368654139
151653.125,5.05510416666667,-87.1991307034811
151666.666666667,5.05555555555556,-87.2646661367947
151680.208333333,5.05600694444444,-87.3362333616168
151693.75,5.05645833333333,-87.4139324609451
151707.291666667,5.05690972222222,-87.497873989089
151720.833333333,5.05736111111111,-87.5881796369973
151734.375,5.0578125,-87.6849829913348
151747.916666667,5.05826388888889,-87.7884303796698
151761.458333333,5.05871527777778,-87.898681825685
151775,5.05916666666667,-88.0159121488327
151788.541666667,5.05961805555556,-88.1403121777174
151802.083333333,5.06006944444445,-88.272090130309
151815.625,5.06052083333333,-88.4114731889474
151829.166666667,5.06097222222222,-88.5587092887104
151842.708333333,5.06142361111111,-88.7140691327553
151856.25,5.061875,-88.8778484976761
151869.791666667,5.06232638888889,-89.0503708796933
151883.333333333,5.06277777777778,-89.2319905193928
151896.875,5.06322916666667,-89.423095873697
151910.416666667,5.06368055555556,-89.6241136389836
151923.958333333,5.06413194444445,-89.8355133998429
151937.5,5.06458333333333,-90.057813039934
151951.041666667,5.06503472222222,-90.2915850759197
151964.583333333,5.06548611111111,-90.5374640749568
151978.125,5.0659375,-90.7961554235684
151991.666666667,5.06638888888889,-91.0684457336616
152005.208333333,5.06684027777778,-91.3552152507184
152018.75,5.06729166666667,-91.6574527857247
152032.291666667,5.06774305555555,-91.9762737518799
152045.833333333,5.06819444444444,-92.3129421695854
152059.375,5.06864583333333,-92.6688977016029
152072.916666667,5.06909722222222,-93.0457891480366
152086.458333333,5.06954861111111,-93.4455164270898
152100,5.07,-93.8702836331827
152113.541666667,5.07045138888889,-94.3226669198656
152127.083333333,5.07090277777778,-94.8057026103008
152140.625,5.07135416666667,-95.3230029703312
152154.166666667,5.07180555555555,-95.878910972852
152167.708333333,5.07225694444444,-96.4787108617636
152181.25,5.07270833333333,-97.1289205908973
152194.791666667,5.07315972222222,-97.837707492531
152208.333333333,5.07361111111111,-98.6154954328755
152221.875,5.0740625,-99.4758799490729
152235.416666667,5.07451388888889,-100.437060366596
152248.958333333,5.07496527777778,-101.524184497262
152262.5,5.07541666666667,-102.773406933491
152276.041666667,5.07586805555556,-104.23942544232
152289.583333333,5.07631944444444,-106.010827130189
152303.125,5.07677083333333,-108.245561669006
152316.666666667,5.07722222222222,-111.26990816508
152330.208333333,5.07767361111111,-115.958375407988
152343.75,5.078125,-126.899405856891
152357.291666667,5.07857638888889,-123.235771323309
152370.833333333,5.07902777777778,-114.753847252778
152384.375,5.07947916666667,-110.54891929632
152397.916666667,5.07993055555556,-107.731771686663
152411.458333333,5.08038194444444,-105.61235518538
152425,5.08083333333333,-103.914543548103
152438.541666667,5.08128472222222,-102.499655455018
152452.083333333,5.08173611111111,-101.288090964266
152465.625,5.0821875,-100.229908802997
152479.166666667,5.08263888888889,-99.2917076425859
152492.708333333,5.08309027777778,-98.4500439150009
152506.25,5.08354166666667,-97.6878296739808
152519.791666667,5.08399305555556,-96.9922251221663
152533.333333333,5.08444444444445,-96.3533382120063
152546.875,5.08489583333333,-95.7633867227118
152560.416666667,5.08534722222222,-95.2161384716925
152573.958333333,5.08579861111111,-94.70652571547
152587.5,5.08625,-94.230372521507
152601.041666667,5.08670138888889,-93.784197573259
152614.583333333,5.08715277777778,-93.3650686666415
152628.125,5.08760416666667,-92.9704934526082
152641.666666667,5.08805555555556,-92.5983361038217
152655.208333333,5.08850694444445,-92.2467528459639
152668.75,5.08895833333333,-91.9141414808593
152682.291666667,5.08940972222222,-91.5991013699946
152695.833333333,5.08986111111111,-91.3004014172968
152709.375,5.0903125,-91.0169541934482
152722.916666667,5.09076388888889,-90.7477948199127
152736.458333333,5.09121527777778,-90.4920636473898
152750,5.09166666666667,-90.2489919000506
152763.541666667,5.09211805555555,-90.0178897012085
152777.083333333,5.09256944444444,-89.7981360576333
152790.625,5.09302083333333,-89.5891703778864
152804.166666667,5.09347222222222,-89.3904853041479
152817.708333333,5.09392361111111,-89.201620581582
152831.25,5.094375,-89.0221578257942
152844.791666667,5.09482638888889,-88.8517159996827
152858.333333333,5.09527777777778,-88.6899475234725
152871.875,5.09572916666667,-88.5365348973134
152885.416666667,5.09618055555555,-88.3911877595389
152898.958333333,5.09663194444444,-88.2536403198292
152912.5,5.09708333333333,-88.1236491174587
152926.041666667,5.09753472222222,-88.0009910476084
152939.583333333,5.09798611111111,-87.8854616240758
152953.125,5.0984375,-87.7768734594106
152966.666666667,5.09888888888889,-87.6750549063288
152980.208333333,5.09934027777778,-87.5798488667764
152993.75,5.09979166666667,-87.4911117389108
153007.291666667,5.10024305555556,-87.408712473717
153020.833333333,5.10069444444444,-87.332531755395
153034.375,5.10114583333333,-87.2624612552541
153047.916666667,5.10159722222222,-87.1984029935434
153061.458333333,5.10204861111111,-87.1402687568578
153075,5.1025,-87.087979601489
153088.541666667,5.10295138888889,-87.0414653999205
153102.083333333,5.10340277777778,-87.0006644691443
153115.625,5.10385416666667,-86.9655232225555
153129.166666667,5.10430555555556,-86.9359958910206
153142.708333333,5.10475694444444,-86.9120442853648
153156.25,5.10520833333333,-86.893637589051
153169.791666667,5.10565972222222,-86.8807522022777
153183.333333333,5.10611111111111,-86.8733716289111
153196.875,5.1065625,-86.8714863788138
153210.416666667,5.10701388888889,-86.8750939307008
153223.958333333,5.10746527777778,-86.8841987143085
153237.5,5.10791666666667,-86.8988121315977
153251.041666667,5.10836805555556,-86.9189526217557
153264.583333333,5.10881944444444,-86.9446457468691
153278.125,5.10927083333333,-86.9759243265404
153291.666666667,5.10972222222222,-87.0128286122818
153305.208333333,5.11017361111111,-87.055406485193
153318.75,5.110625,-87.1037137237595
153332.291666667,5.11107638888889,-87.1578142936038
153345.833333333,5.11152777777778,-87.2177806952603
153359.375,5.11197916666667,-87.2836943703712
153372.916666667,5.11243055555556,-87.3556461571116
153386.458333333,5.11288194444445,-87.4337368115638
153400,5.11333333333333,-87.5180776083978
153413.541666667,5.11378472222222,-87.6087910042381
153427.083333333,5.11423611111111,-87.7060114029146
153440.625,5.1146875,-87.8098860107802
153454.166666667,5.11513888888889,-87.9205758038332
153467.708333333,5.11559027777778,-88.0382566209269
153481.25,5.11604166666667,-88.1631203969687
153494.791666667,5.11649305555556,-88.2953765612962
153508.333333333,5.11694444444444,-88.4352536219755
153521.875,5.11739583333333,-88.5830009557719
153535.416666667,5.11784722222222,-88.7388908531335
153548.958333333,5.11829861111111,-88.9032208500374
153562.5,5.11875,-89.076316386749
153576.041666667,5.11920138888889,-89.2585338529883
153589.583333333,5.11965277777778,-89.4502641243632
153603.125,5.12010416666667,-89.6519365869993
153616.666666667,5.12055555555555,-89.8640238550282
153630.208333333,5.12100694444444,-90.0870472386037
153643.75,5.12145833333333,-90.3215831225374
153657.291666667,5.12190972222222,-90.5682704939644
153670.833333333,5.12236111111111,-90.8278197857489
153684.375,5.1228125,-91.1010234182078
153697.916666667,5.12326388888889,-91.3887683525161
153711.458333333,5.12371527777778,-91.6920512030851
153725,5.12416666666667,-92.0119965212604
153738.541666667,5.12461805555556,-92.3498790870685
153752.083333333,5.12506944444444,-92.7071513247007
153765.625,5.12552083333333,-93.0854773112527
153779.166666667,5.12597222222222,-93.4867753666405
153792.708333333,5.12642361111111,-93.9132719772623
153806.25,5.126875,-94.3675708820027
153819.791666667,5.12732638888889,-94.8527426840665
153833.333333333,5.12777777777778,-95.3724428411791
153846.875,5.12822916666667,-95.9310695633696
153860.416666667,5.12868055555556,-96.5339788582905
153873.958333333,5.12913194444444,-97.1877836086541
153887.5,5.12958333333333,-97.9007795144554
153901.041666667,5.13003472222222,-98.6835683391924
153914.583333333,5.13048611111111,-99.549999499857
153928.125,5.1309375,-100.518647632327
153941.666666667,5.13138888888889,-101.615239716532
153955.208333333,5.13184027777778,-102.876873625954
153968.75,5.13229166666667,-104.359893952744
153982.291666667,5.13274305555556,-106.156044566438
153995.833333333,5.13319444444444,-108.43018713899
154009.375,5.13364583333333,-111.52721591926
154022.916666667,5.13409722222222,-116.394916984203
154036.458333333,5.13454861111111,-128.506377301495
154050,5.135,-122.343411141706
154063.541666667,5.13545138888889,-114.415219534739
154077.083333333,5.13590277777778,-110.343998208696
154090.625,5.13635416666667,-107.587080509541
154104.166666667,5.13680555555556,-105.501958883627
154117.708333333,5.13725694444445,-103.826310388864
154131.25,5.13770833333333,-102.426937640468
154144.791666667,5.13815972222222,-101.226852295395
154158.333333333,5.13861111111111,-100.177515105034
154171.875,5.1390625,-99.2463448706602
154185.416666667,5.13951388888889,-98.4104097685057
154198.958333333,5.13996527777778,-97.6529576928916
154212.5,5.14041666666667,-96.961378384632
154226.041666667,5.14086805555556,-96.3259420334448
154239.583333333,5.14131944444444,-95.7389843165744
154253.125,5.14177083333333,-95.1943608021192
154266.666666667,5.14222222222222,-94.687070414637
154280.208333333,5.14267361111111,-94.2129887693702
154293.75,5.143125,-93.7686750519569
154307.291666667,5.14357638888889,-93.3512293107794
154320.833333333,5.14402777777778,-92.9581852116407
154334.375,5.14447916666667,-92.5874281312547
154347.916666667,5.14493055555555,-92.2371317720928
154361.458333333,5.14538194444444,-91.9057084541337
154375,5.14583333333333,-91.5917697139739
154388.541666667,5.14628472222222,-91.2940947327475
154402.083333333,5.14673611111111,-91.011604829646
154415.625,5.1471875,-90.7433426135488
154429.166666667,5.14763888888889,-90.488454872276
154442.708333333,5.14809027777778,-90.2461784236933
154456.25,5.14854166666667,-90.0158282628862
154469.791666667,5.14899305555556,-89.796787641177
154483.333333333,5.14944444444444,-89.5884997156002
154496.875,5.14989583333333,-89.3904604364534
154510.416666667,5.15034722222222,-89.2022124800434
154523.958333333,5.15079861111111,-89.0233400737355
154537.5,5.15125,-88.853464514415
154551.041666667,5.15170138888889,-88.6922403237162
154564.583333333,5.15215277777778,-88.5393518854033
154578.125,5.15260416666667,-88.3945105457661
154591.666666667,5.15305555555556,-88.2574520655505
154605.208333333,5.15350694444444,-88.1279343892406
154618.75,5.15395833333333,-88.0057357008307
154632.291666667,5.15440972222222,-87.8906526960083
154645.833333333,5.15486111111111,-87.7824990704692
154659.375,5.1553125,-87.6811041783714
154672.916666667,5.15576388888889,-87.5863118510142
154686.458333333,5.15621527777778,-87.4979793414164
154700,5.15666666666667,-87.4159764085686
154713.541666667,5.15711805555556,-87.3401844897698
154727.083333333,5.15756944444444,-87.2704959601949
154740.625,5.15802083333333,-87.2068134986128
154754.166666667,5.15847222222222,-87.1490495286713
154767.708333333,5.15892361111111,-87.0971257038534
154781.25,5.159375,-87.050972468746
154794.791666667,5.15982638888889,-87.0105286835582
154808.333333333,5.16027777777778,-86.9757412918933
154821.875,5.16072916666667,-86.946565034397
154835.416666667,5.16118055555556,-86.9229622142647
154848.958333333,5.16163194444445,-86.9049024997176
154862.5,5.16208333333333,-86.8923627657876
154876.041666667,5.16253472222222,-86.8853269807911
154889.583333333,5.16298611111111,-86.8837861204265
154903.125,5.1634375,-86.8877381216975
154916.666666667,5.16388888888889,-86.8971878765304
154930.208333333,5.16434027777778,-86.9121472519645
154943.75,5.16479166666667,-86.9326351548392
154957.291666667,5.16524305555556,-86.9586776251755
154970.833333333,5.16569444444445,-86.9903079670635
154984.375,5.16614583333333,-87.0275669321169
154997.916666667,5.16659722222222,-87.0705029138728
155011.458333333,5.16704861111111,-87.1191722230571
155025,5.1675,-87.1736393865908
155038.541666667,5.16795138888889,-87.2339774771654
155052.083333333,5.16840277777778,-87.300268545425
155065.625,5.16885416666667,-87.3726040696192
155079.166666667,5.16930555555555,-87.4510854844172
155092.708333333,5.16975694444444,-87.5358247800479
155106.25,5.17020833333333,-87.6269451837931
155119.791666667,5.17065972222222,-87.7245819151363
155133.333333333,5.17111111111111,-87.8288830639492
155146.875,5.1715625,-87.9400105546145
155160.416666667,5.17201388888889,-88.0581412484935
155173.958333333,5.17246527777778,-88.1834681987351
155187.5,5.17291666666667,-88.3162020440538
155201.041666667,5.17336805555555,-88.4565726138466
155214.583333333,5.17381944444444,-88.6048307396278
155228.125,5.17427083333333,-88.7612503043715
155241.666666667,5.17472222222222,-88.9261306047077
155255.208333333,5.17517361111111,-89.0997990308058
155268.75,5.175625,-89.2826141433062
155282.291666667,5.17607638888889,-89.474969234259
155295.833333333,5.17652777777778,-89.6772964000635
155309.375,5.17697916666667,-89.8900712903135
155322.916666667,5.17743055555556,-90.1138186607774
155336.458333333,5.17788194444444,-90.3491187903129
155350,5.17833333333333,-90.5966151045013
155363.541666667,5.17878472222222,-90.857023120375
155377.083333333,5.17923611111111,-91.1311410985979
155390.625,5.1796875,-91.4198627603069
155404.166666667,5.18013888888889,-91.7241925854721
155417.708333333,5.18059027777778,-92.0452643256383
155431.25,5.18104166666667,-92.384363611957
155444.791666667,5.18149305555556,-92.7429557392299
155458.333333333,5.18194444444444,-93.1227201889581
155471.875,5.18239583333333,-93.5255938692642
155485.416666667,5.18284722222222,-93.953825905293
155498.958333333,5.18329861111111,-94.4100478952709
155512.5,5.18375,-94.8973651412784
155526.041666667,5.18420138888889,-95.419476872872
155539.583333333,5.18465277777778,-95.9808372808882
155553.125,5.18510416666667,-96.5868751847018
155566.666666667,5.18555555555556,-97.2442999724245
155580.208333333,5.18600694444445,-97.9615380106515
155593.75,5.18645833333333,-98.7493724544852
155607.291666667,5.18690972222222,-99.6219121612388
155620.833333333,5.18736111111111,-100.598116274113
155634.375,5.1878125,-101.704307043724
155647.916666667,5.18826388888889,-102.978555786506
155661.458333333,5.18871527777778,-104.478915691338
155675,5.18916666666667,-106.300429893367
155688.541666667,5.18961805555556,-108.61526308606
155702.083333333,5.19006944444445,-111.788334806722
155715.625,5.19052083333333,-116.849267801481
155729.166666667,5.19097222222222,-130.46365509484
155742.708333333,5.19142361111111,-121.536642490389
155756.25,5.191875,-114.088895404187
155769.791666667,5.19232638888889,-110.14264244704
155783.333333333,5.19277777777778,-107.44325144946
155796.875,5.19322916666667,-105.391236474136
155810.416666667,5.19368055555555,-103.737120543018
155823.958333333,5.19413194444444,-102.352886381378
155837.5,5.19458333333333,-101.164035832926
155851.041666667,5.19503472222222,-100.123375440045
155864.583333333,5.19548611111111,-99.1991149729401
155878.125,5.1959375,-98.3688179821053
155891.666666667,5.19638888888889,-97.6160584513817
155905.208333333,5.19684027777778,-96.9284495391936
155918.75,5.19729166666667,-96.2964196388792
155932.291666667,5.19774305555555,-95.7124196138164
155945.833333333,5.19819444444444,-95.1703908819501
155959.375,5.19864583333333,-94.6653976591382
155972.916666667,5.19909722222222,-94.1933661253742
155986.458333333,5.19954861111111,-93.750895206892
156000,5.2,-93.3351166510452
156013.541666667,5.20045138888889,-92.943589685944
156027.083333333,5.20090277777778,-92.5742205683787
156040.625,5.20135416666667,-92.2252001977109
156054.166666667,5.20180555555556,-91.8949551924245
156067.708333333,5.20225694444444,-91.5821090928419
156081.25,5.20270833333333,-91.2854512184781
156094.791666667,5.20315972222222,-91.0039115028683
156108.333333333,5.20361111111111,-90.7365399502395
156121.875,5.2040625,-90.4824897245605
156135.416666667,5.20451388888889,-90.2410031499743
156148.958333333,5.20496527777778,-90.011400024234
156162.5,5.20541666666667,-89.7930678114912
156176.041666667,5.20586805555556,-89.5854533716421
156189.583333333,5.20631944444444,-89.3880559199102
156203.125,5.20677083333333,-89.2004210366923
156216.666666667,5.20722222222222,-89.0221355352102
156230.208333333,5.20767361111111,-88.8528230212823
156243.75,5.208125,-88.6921400900917
156257.291666667,5.20857638888889,-88.5397729993409
156270.833333333,5.20902777777778,-88.395434782493
156284.375,5.20947916666667,-88.2588627340033
156297.916666667,5.20993055555556,-88.1298161987356
156311.458333333,5.21038194444444,-88.008074632623
156325,5.21083333333333,-87.8934359041993
156338.541666667,5.21128472222222,-87.7857147814517
156352.083333333,5.21173611111111,-87.6847416131447
156365.625,5.2121875,-87.5903611494364
156379.166666667,5.21263888888889,-87.5024315021266
156392.708333333,5.21309027777778,-87.420823224018
156406.25,5.21354166666667,-87.3454184923386
156419.791666667,5.21399305555556,-87.2761103873534
156433.333333333,5.21444444444445,-87.212802255521
156446.875,5.21489583333333,-87.1554071389996
156460.416666667,5.21534722222222,-87.1038472852053
156473.958333333,5.21579861111111,-87.0580537091019
156487.5,5.21625,-87.01796581703
156501.041666667,5.21670138888889,-86.9835310690885
156514.583333333,5.21715277777778,-86.9547047205889
156528.125,5.21760416666667,-86.9314495640464
156541.666666667,5.21805555555556,-86.9137357477655
156555.208333333,5.21850694444444,-86.90154062291
156568.75,5.21895833333333,-86.8948486190731
156582.291666667,5.21940972222222,-86.8936511762191
156595.833333333,5.21986111111111,-86.8979466885794
156609.375,5.2203125,-86.9077405095568
156622.916666667,5.22076388888889,-86.9230449699368
156636.458333333,5.22121527777778,-86.9438794415049
156650,5.22166666666667,-86.9702704411106
156663.541666667,5.22211805555555,-87.0022517612997
156677.083333333,5.22256944444444,-87.0398646475286
156690.625,5.22302083333333,-87.0831580144627
156704.166666667,5.22347222222222,-87.1321887029548
156717.708333333,5.22392361111111,-87.1870217861918
156731.25,5.224375,-87.2477309262832
156744.791666667,5.22482638888889,-87.3143987802346
156758.333333333,5.22527777777778,-87.3871174578621
156771.875,5.22572916666667,-87.4659890785321
156785.416666667,5.22618055555556,-87.5511263595961
156798.958333333,5.22663194444444,-87.6426532855155
156812.5,5.22708333333333,-87.7407059023817
156826.041666667,5.22753472222222,-87.8454331796833
156839.583333333,5.22798611111111,-87.9569979935481
156853.125,5.2284375,-88.0755782375579
156866.666666667,5.22888888888889,-88.201368075911
156880.208333333,5.22934027777778,-88.3345793671165
156893.75,5.22979166666667,-88.4754432658618
156907.291666667,5.23024305555556,-88.6242120605474
156920.833333333,5.23069444444444,-88.7811612369897
156934.375,5.23114583333333,-88.9465918582443
156947.916666667,5.23159722222222,-89.1208332744168
156961.458333333,5.23204861111111,-89.3042462276104
156975,5.2325,-89.4972264287233
156988.541666667,5.23295138888889,-89.7002087018278
157002.083333333,5.23340277777778,-89.9136717645533
157015.625,5.23385416666667,-90.1381438193786
157029.166666667,5.23430555555556,-90.3742090680985
157042.708333333,5.23475694444444,-90.6225154091527
157056.25,5.23520833333333,-90.883783471529
157069.791666667,5.23565972222222,-91.1588173892174
157083.333333333,5.23611111111111,-91.4485177046899
157096.875,5.2365625,-91.7538968236752
157110.416666667,5.23701388888889,-92.0760977701522
157123.958333333,5.23746527777778,-92.4164171163985
157137.5,5.23791666666667,-92.7763331556721
157151.041666667,5.23836805555556,-93.1575409139668
157164.583333333,5.23881944444445,-93.5619960817599
157178.125,5.23927083333333,-93.99197067406
157191.666666667,5.23972222222222,-94.4501244777903
157205.208333333,5.24017361111111,-94.9395979317742
157218.75,5.240625,-95.4641346018104
157232.291666667,5.24107638888889,-96.0282454842438
157245.833333333,5.24152777777778,-96.6374333601713
157259.375,5.24197916666667,-97.2985057573649
157272.916666667,5.24243055555556,-98.0200221265002
157286.458333333,5.24288194444444,-98.812950724411
157300,5.24333333333333,-99.691665703602
157313.541666667,5.24378472222222,-100.675520447066
157327.083333333,5.24423611111111,-101.791449493209
157340.625,5.2446875,-103.078529546908
157354.166666667,5.24513888888889,-104.59658812961
157367.708333333,5.24559027777778,-106.444120338326
157381.25,5.24604166666667,-108.801017514304
157394.791666667,5.24649305555555,-112.053785432286
157408.333333333,5.24694444444444,-117.323844677053
157421.875,5.24739583333333,-132.977253106192
157435.416666667,5.24784722222222,-120.799623104603
157448.958333333,5.24829861111111,-113.773536654799
157462.5,5.24875,-109.944425793093
157476.041666667,5.24920138888889,-107.300071067465
157489.583333333,5.24965277777778,-105.2800551044
157503.125,5.25010416666667,-103.646880588529
157516.666666667,5.25055555555556,-102.277430889363
157530.208333333,5.25100694444444,-101.09958536976
157543.75,5.25145833333333,-100.067443623489
157557.291666667,5.25190972222222,-99.1499790592336
157570.833333333,5.25236111111111,-98.3252352348672
157584.375,5.2528125,-97.5771030158017
157597.916666667,5.25326388888889,-96.8934131896162
157611.458333333,5.25371527777778,-96.2647485638992
157625,5.25416666666667,-95.6836726083598
157638.541666667,5.25461805555556,-95.144210809297
157652.083333333,5.25506944444444,-94.6414913819848
157665.625,5.25552083333333,-94.1714901006593
157679.166666667,5.25597222222222,-93.7308449608962
157692.708333333,5.25642361111111,-93.3167188564829
157706.25,5.256875,-92.9266961833648
157719.791666667,5.25732638888889,-92.5587037365099
157733.333333333,5.25777777777778,-92.2109493633093
157746.875,5.25822916666667,-91.8818737883389
157760.416666667,5.25868055555556,-91.5701123757923
157773.958333333,5.25913194444444,-91.2744644507767
157787.5,5.25958333333333,-90.993868463612
157801.041666667,5.26003472222222,-90.7273817144661
157814.583333333,5.26048611111111,-90.4741636583488
157828.125,5.2609375,-90.2334620662374
157841.666666667,5.26138888888889,-90.0046014935256
157855.208333333,5.26184027777778,-89.7869735637192
157868.75,5.26229166666667,-89.5800287960488
157882.291666667,5.26274305555556,-89.3832696439163
157895.833333333,5.26319444444445,-89.1962445574529
157909.375,5.26364583333333,-89.0185429089911
157922.916666667,5.26409722222222,-88.8497905909788
157936.458333333,5.26454861111111,-88.6896462545906
157950,5.265,-88.5377980185303
157963.541666667,5.26545138888889,-88.3939605827788
157977.083333333,5.26590277777778,-88.2578727640679
157990.625,5.26635416666667,-88.1292952937375
158004.166666667,5.26680555555556,-88.0080088921213
158017.708333333,5.26725694444445,-87.8938125858843
158031.25,5.26770833333333,-87.7865222158439
158044.791666667,5.26815972222222,-87.6859691103554
158058.333333333,5.26861111111111,-87.5919989361681
158071.875,5.2690625,-87.5044706513042
158085.416666667,5.26951388888889,-87.4232555985758
158098.958333333,5.26996527777778,-87.3482367003852
158112.5,5.27041666666667,-87.2793077316337
158126.041666667,5.27086805555555,-87.2163726928486
158139.583333333,5.27131944444444,-87.1593452528418
158153.125,5.27177083333333,-87.1081482457752
158166.666666667,5.27222222222222,-87.0627132542822
158180.208333333,5.27267361111111,-87.0229802234999
158193.75,5.273125,-86.9888971389046
158207.291666667,5.27357638888889,-86.9604197595282
158220.833333333,5.27402777777778,-86.9375113693465
158234.375,5.27447916666667,-86.9201425899365
158247.916666667,5.27493055555555,-86.9082912495681
158261.458333333,5.27538194444444,-86.9019422391216
158275,5.27583333333333,-86.901087458484
158288.541666667,5.27628472222222,-86.9057257633788
158302.083333333,5.27673611111111,-86.9158629633036
158315.625,5.2771875,-86.9315118519572
158329.166666667,5.27763888888889,-86.9526922685682
158342.708333333,5.27809027777778,-86.9794312050908
158356.25,5.27854166666667,-87.0117629414579
158369.791666667,5.27899305555556,-87.0497292193955
158383.333333333,5.27944444444444,-87.0933794690677
158396.875,5.27989583333333,-87.1427710648495
158410.416666667,5.28034722222222,-87.1979696318102
158423.958333333,5.28079861111111,-87.2590494142983
158437.5,5.28125,-87.3260936740006
158451.041666667,5.28170138888889,-87.3991951723534
158464.583333333,5.28215277777778,-87.4784567020555
158478.125,5.28260416666667,-87.5639916949267
158491.666666667,5.28305555555556,-87.6559249139032
158505.208333333,5.28350694444444,-87.7543932268917
158518.75,5.28395833333333,-87.8595464884292
158532.291666667,5.28440972222222,-87.9715485280463
158545.833333333,5.28486111111111,-88.0905782722737
158559.375,5.2853125,-88.2168310043576
158572.916666667,5.28576388888889,-88.3505198038354
158586.458333333,5.28621527777778,-88.4918771621006
158600,5.28666666666667,-88.6411568233642
158613.541666667,5.28711805555556,-88.7986358880692
158627.083333333,5.28756944444445,-88.9646171933654
158640.625,5.28802083333333,-89.1394320572739
158654.166666667,5.28847222222222,-89.3234434103046
158667.708333333,5.28892361111111,-89.5170494104154
158681.25,5.289375,-89.7206876158196
158694.791666667,5.28982638888889,-89.9348398258933
158708.333333333,5.29027777777778,-90.1600377184673
158721.875,5.29072916666667,-90.3968694496925
158735.416666667,5.29118055555556,-90.6459874022791
158748.958333333,5.29163194444445,-90.9081173614353
158762.5,5.29208333333333,-91.18406940535
158776.041666667,5.29253472222222,-91.4747509236939
158789.583333333,5.29298611111111,-91.7811823143918
158803.125,5.2934375,-92.1045159686656
158816.666666667,5.29388888888889,-92.4460594982362
158830.208333333,5.29434027777778,-92.8073043147371
158843.75,5.29479166666667,-93.1899611631539
158857.291666667,5.29524305555555,-93.5960047103434
158870.833333333,5.29569444444444,-94.0277301293282
158884.375,5.29614583333333,-94.4878257499948
158897.916666667,5.29659722222222,-94.9794675955486
158911.458333333,5.29704861111111,-95.5064442162364
158925,5.2975,-96.0733242558504
158938.541666667,5.29795138888889,-96.6856856747144
158952.083333333,5.29840277777778,-97.3504358741015
158965.625,5.29885416666667,-98.0762699408847
158979.166666667,5.29930555555555,-98.8743451527071
158992.708333333,5.29975694444444,-99.7593071560102
159006.25,5.30020833333333,-100.750913814848
159019.791666667,5.30065972222222,-101.876730018181
159033.333333333,5.30111111111111,-103.176871758415
159046.875,5.3015625,-104.713010782645
159060.416666667,5.30201388888889,-106.587258005542
159073.958333333,5.30246527777778,-108.987691447486
159087.5,5.30291666666667,-112.324135608685
159101.041666667,5.30336805555556,-117.821477417975
159114.583333333,5.30381944444444,-136.509658524543
159128.125,5.30427083333333,-120.120367398716
159141.666666667,5.30472222222222,-113.46796203207
159155.208333333,5.30517361111111,-109.748956212082
159168.75,5.305625,-107.157338804994
159182.291666667,5.30607638888889,-105.168288075736
159195.833333333,5.30652777777778,-103.555500457597
159209.375,5.30697916666667,-102.200502320023
159222.916666667,5.30743055555556,-101.033445686512
159236.458333333,5.30788194444444,-100.009673901943
159250,5.30833333333333,-99.0988983147645
159263.541666667,5.30878472222222,-98.279628001892
159277.083333333,5.30923611111111,-97.5360620369992
159290.625,5.3096875,-96.8562433781219
159304.166666667,5.31013888888889,-96.2309056574061
159317.708333333,5.31059027777778,-95.6527225338638
159331.25,5.31104166666667,-95.1158018192716
159344.791666667,5.31149305555556,-94.6153345409589
159358.333333333,5.31194444444444,-94.1473452143231
159371.875,5.31239583333333,-93.7085101926197
159385.416666667,5.31284722222222,-93.2960230186787
159398.958333333,5.31329861111111,-92.9074928816703
159412.5,5.31375,-92.5408668047487
159426.041666667,5.31420138888889,-92.1943693417407
159439.583333333,5.31465277777778,-91.8664551306208
159453.125,5.31510416666667,-91.5557712084733
159466.666666667,5.31555555555556,-91.2611267819971
159480.208333333,5.31600694444445,-90.9814687126222
159493.75,5.31645833333333,-90.7158615069509
159507.291666667,5.31690972222222,-90.4634708423875
159520.833333333,5.31736111111111,-90.2235498807233
159534.375,5.3178125,-89.9954278763421
159547.916666667,5.31826388888889,-89.7785005741411
159561.458333333,5.31871527777778,-89.5722221141955
159575,5.31916666666667,-89.3760981539124
159588.541666667,5.31961805555556,-89.1896799901701
159602.083333333,5.32006944444444,-89.012559525608
159615.625,5.32052083333333,-88.8443649302533
159629.166666667,5.32097222222222,-88.6847568883234
159642.708333333,5.32142361111111,-88.5334253462166
159656.25,5.321875,-88.3900866779076
159669.791666667,5.32232638888889,-88.2544812068363
159683.333333333,5.32277777777778,-88.1263710258562
159696.875,5.32322916666667,-88.0055381216456
159710.416666667,5.32368055555555,-87.8917826788116
159723.958333333,5.32413194444444,-87.7849215857137
159737.5,5.32458333333333,-87.6847871552897
159751.041666667,5.32503472222222,-87.5912259571583
159764.583333333,5.32548611111111,-87.5040977944366
159778.125,5.3259375,-87.4232747987
159791.666666667,5.32638888888889,-87.3486406243401
159805.208333333,5.32684027777778,-87.2800897417417
159818.75,5.32729166666667,-87.2175268029774
159832.291666667,5.32774305555556,-87.1608660948907
159845.833333333,5.32819444444444,-87.110031042798
159859.375,5.32864583333333,-87.0649537891856
159872.916666667,5.32909722222222,-87.025574820718
159886.458333333,5.32954861111111,-86.991842642582
159900,5.33,-86.9637135105512
159913.541666667,5.33045138888889,-86.9411512020909
159927.083333333,5.33090277777778,-86.9241268211481
159940.625,5.33135416666667,-86.9126186578532
159954.166666667,5.33180555555556,-86.9066120683652
159967.708333333,5.33225694444444,-86.9060994170992
159981.25,5.33270833333333,-86.9110800128364
159994.791666667,5.33315972222222,-86.9215601180857
160008.333333333,5.33361111111111,-86.9375529952228
160021.875,5.3340625,-86.9590789540877
160035.416666667,5.33451388888889,-86.9861654546223
160048.958333333,5.33496527777778,-87.0188472645682
160062.5,5.33541666666667,-87.0571666265917
160076.041666667,5.33586805555556,-87.1011734813593
160089.583333333,5.33631944444444,-87.1509257399946
160103.125,5.33677083333333,-87.2064895841821
160116.666666667,5.33722222222222,-87.2679398341996
160130.208333333,5.33767361111111,-87.3353603671885
160143.75,5.338125,-87.4088445831171
160157.291666667,5.33857638888889,-87.4884959580059
160170.833333333,5.33902777777778,-87.5744286476649
160184.375,5.33947916666667,-87.6667681840561
160197.916666667,5.33993055555556,-87.7656522663974
160211.458333333,5.34038194444445,-87.8712316344886
160225,5.34083333333333,-87.9836710746294
160238.541666667,5.34128472222222,-88.1031505533148
160252.083333333,5.34173611111111,-88.2298664746058
160265.625,5.3421875,-88.3640331429237
160279.166666667,5.34263888888889,-88.5058843989306
160292.708333333,5.34309027777778,-88.6556754498522
160306.25,5.34354166666667,-88.8136850057136
160319.791666667,5.34399305555556,-88.9802177027903
160333.333333333,5.34444444444444,-89.1556068307974
160346.875,5.34489583333333,-89.3402175268305
160360.416666667,5.34534722222222,-89.5344504034198
160373.958333333,5.34579861111111,-89.7387457769097
160387.5,5.34625,-89.9535885460425
160401.041666667,5.34670138888889,-90.1795138889616
160414.583333333,5.34715277777778,-90.4171139366276
160428.125,5.34760416666667,-90.6670456078336
160441.666666667,5.34805555555555,-90.9300398764907
160455.208333333,5.34850694444444,-91.2069128000029
160468.75,5.34895833333333,-91.4985786930647
160482.291666667,5.34940972222222,-91.8060660130075
160495.833333333,5.34986111111111,-92.1305366032957
160509.375,5.3503125,-92.4733092266963
160522.916666667,5.35076388888889,-92.8358885521554
160536.458333333,5.35121527777778,-93.2200012113005
160550,5.35166666666667,-93.6276410791265
160563.541666667,5.35211805555556,-94.0611267486212
160577.083333333,5.35256944444444,-94.5231754754909
160590.625,5.35302083333333,-95.0169993845673
160604.166666667,5.35347222222222,-95.5464326378072
160617.708333333,5.35392361111111,-96.1161024630093
160631.25,5.354375,-96.7316632575093
160644.791666667,5.35482638888889,-97.4001241425616
160658.333333333,5.35527777777778,-98.1303185578634
160671.875,5.35572916666667,-98.9335969196701
160685.416666667,5.35618055555556,-99.8248829235337
160698.958333333,5.35663194444444,-100.82434977799
160712.5,5.35708333333333,-101.960211751661
160726.041666667,5.35753472222222,-103.273660142762
160739.583333333,5.35798611111111,-104.828285597824
160753.125,5.3584375,-106.729990775098
160766.666666667,5.35888888888889,-109.17554058982
160780.208333333,5.35934027777778,-112.600007283227
160793.75,5.35979166666667,-118.345510490658
160807.291666667,5.36024305555556,-142.536603109886
160820.833333333,5.36069444444444,-119.489587413577
160834.375,5.36114583333333,-113.171123224717
160847.916666667,5.36159722222222,-109.555871739238
160861.458333333,5.36204861111111,-107.014865616094
160875,5.3625,-105.055814244548
160888.541666667,5.36295138888889,-103.462893040409
160902.083333333,5.36340277777778,-102.122033404247
160915.625,5.36385416666667,-100.965562360422
160929.166666667,5.36430555555556,-99.9500207949418
160942.708333333,5.36475694444445,-99.045833829398
160956.25,5.36520833333333,-98.2319624305738
160969.791666667,5.36565972222222,-97.4929056599725
160983.333333333,5.36611111111111,-96.8169134862026
160996.875,5.3665625,-96.1948669989094
161010.416666667,5.36701388888889,-95.6195477181871
161023.958333333,5.36746527777778,-95.0851442138375
161037.5,5.36791666666667,-94.5869091619634
161051.041666667,5.36836805555556,-94.1209149513961
161064.583333333,5.36881944444445,-93.6838757034581
161078.125,5.36927083333333,-93.2730151295076
161091.666666667,5.36972222222222,-92.8859668175437
161105.208333333,5.37017361111111,-92.5206977647891
161118.75,5.370625,-92.1754489961253
161132.291666667,5.37107638888889,-91.8486888865984
161145.833333333,5.37152777777778,-91.5390760063967
161159.375,5.37197916666667,-91.2454293021084
161172.916666667,5.37243055555555,-90.9667039709172
161186.458333333,5.37288194444444,-90.7019716424983
161200,5.37333333333333,-90.4504041440224
161213.541666667,5.37378472222222,-90.2112599787335
161227.083333333,5.37423611111111,-89.9838730498536
161240.625,5.3746875,-89.7676431820853
161254.166666667,5.37513888888889,-89.5620281033385
161267.708333333,5.37559027777778,-89.3665366463556
161281.25,5.37604166666667,-89.1807229289905
161294.791666667,5.37649305555555,-89.0041813661232
161308.333333333,5.37694444444444,-88.8365423766978
161321.875,5.37739583333333,-88.6774686663841
161335.416666667,5.37784722222222,-88.5266520017781
161348.958333333,5.37829861111111,-88.3838104080362
161362.5,5.37875,-88.2486857010153
161376.041666667,5.37920138888889,-88.1210413492681
161389.583333333,5.37965277777778,-88.0006605789926
161403.125,5.38010416666667,-87.8873447110623
161416.666666667,5.38055555555556,-87.7809116960017
161430.208333333,5.38100694444444,-87.6811948138002
161443.75,5.38145833333333,-87.5880415460239
161457.291666667,5.38190972222222,-87.5013125219935
161470.833333333,5.38236111111111,-87.4208806600625
161484.375,5.3828125,-87.346630345074
161497.916666667,5.38326388888889,-87.2784567378858
161511.458333333,5.38371527777778,-87.2162651425722
161525,5.38416666666667,-87.1599704576693
161538.541666667,5.38461805555556,-87.1094966978289
161552.083333333,5.38506944444444,-87.064776563036
161565.625,5.38552083333333,-87.0257510771253
161579.166666667,5.38597222222222,-86.9923692655057
161592.708333333,5.38642361111111,-86.964587885178
161606.25,5.386875,-86.9423711992077
161619.791666667,5.38732638888889,-86.9256907899849
161633.333333333,5.38777777777778,-86.9145254142722
161646.875,5.38822916666667,-86.9088608952863
161660.416666667,5.38868055555556,-86.9086900460877
161673.958333333,5.38913194444445,-86.9140126397972
161687.5,5.38958333333333,-86.924835401482
161701.041666667,5.39003472222222,-86.9411720474703
161714.583333333,5.39048611111111,-86.9630433558621
161728.125,5.3909375,-86.9904772652497
161741.666666667,5.39138888888889,-87.0235090270687
161755.208333333,5.39184027777778,-87.0621813839885
161768.75,5.39229166666667,-87.1065447936342
161782.291666667,5.39274305555556,-87.1566576988492
161795.833333333,5.39319444444445,-87.2125868387726
161809.375,5.39364583333333,-87.2744076166944
161822.916666667,5.39409722222222,-87.3422045185859
161836.458333333,5.39454861111111,-87.4160715929365
161850,5.395,-87.4961129974992
161863.541666667,5.39545138888889,-87.5824436139283
161877.083333333,5.39590277777778,-87.6751897513598
161890.625,5.39635416666667,-87.7744899345599
161904.166666667,5.39680555555555,-87.8804957973467
161917.708333333,5.39725694444444,-87.9933730889711
161931.25,5.39770833333333,-88.1133028126514
161944.791666667,5.39815972222222,-88.2404825117628
161958.333333333,5.39861111111111,-88.3751277186747
161971.875,5.3990625,-88.5174736124665
161985.416666667,5.39951388888889,-88.6677768866474
161998.958333333,5.39996527777778,-88.8263178825486
162012.5,5.40041666666667,-88.9934030243131
162026.041666667,5.40086805555555,-89.1693675986143
162039.583333333,5.40131944444444,-89.3545789551913
162053.125,5.40177083333333,-89.5494401852418
162066.666666667,5.40222222222222,-89.7543943759732
162080.208333333,5.40267361111111,-89.9699295484008
162093.75,5.403125,-90.1965844148819
162107.291666667,5.40357638888889,-90.4349551090743
162120.833333333,5.40402777777778,-90.6857031223709
162134.375,5.40447916666667,-90.9495646600891
162147.916666667,5.40493055555556,-91.2273618124236
162161.458333333,5.40538194444444,-91.5200158851038
162175,5.40583333333333,-91.8285634709946
162188.541666667,5.40628472222222,-92.1541759652992
162202.083333333,5.40673611111111,-92.4981833955228
162215.625,5.4071875,-92.8621038339949
162229.166666667,5.40763888888889,-93.247679988423
162242.708333333,5.40809027777778,-93.6569251611562
162256.25,5.40854166666667,-94.0921817115281
162269.791666667,5.40899305555556,-94.55619619175
162283.333333333,5.40944444444444,-95.0522173130425
162296.875,5.40989583333333,-95.5841256033081
162310.416666667,5.41034722222222,-96.156607831645
162323.958333333,5.41079861111111,-96.7753961714661
162337.5,5.41125,-97.4476034173341
162351.041666667,5.41170138888889,-98.1822042261989
162364.583333333,5.41215277777778,-98.9907465116914
162378.125,5.41260416666667,-99.8884389386462
162391.666666667,5.41305555555556,-100.895881540921
162405.208333333,5.41350694444444,-102.041958186346
162418.75,5.41395833333333,-103.368973725712
162432.291666667,5.41440972222222,-104.942517384151
162445.833333333,5.41486111111111,-106.872472829725
162459.375,5.4153125,-109.364837094965
162472.916666667,5.41576388888889,-112.882084532869
162486.458333333,5.41621527777778,-118.899938247301
162500,5.41666666666667,-305.91971833449
