offset_hz,response_db
0.0,0.0
600.0,-2.2694796833255442e-05
1200.0,-9.064155226595168e-05
1800.0,-0.00020342827397749555
2400.0,-0.000360371345068069
3000.0,-0.0005605200590678146
3600.0,-0.0008026629284244785
4200.0,-0.0010853357258947339
4800.0,-0.001406831207481246
5400.0,-0.0017652104545019063
6000.0,-0.0021583157617634206
6600.0,-0.0025837849890835117
7200.0,-0.0030390672833851937
7800.0,-0.003521440069736704
8400.0,-0.0040280272011137255
9000.0,-0.004555818149031887
9600.0,-0.005101688109593884
10200.0,-0.0056624188937523185
10800.0,-0.00623472046452225
11400.0,-0.006815252979246035
12000.0,-0.007400649191523792
12600.0,-0.007987537064051356
13200.0,-0.008572562442010805
13800.0,-0.009152411635516921
14400.0,-0.009723833759825372
15000.0,-0.01028366268301623
15600.0,-0.01082883843278184
16200.0,-0.011356427917603587
16800.0,-0.011863644820975171
17400.0,-0.01234786853320368
18000.0,-0.012806661990834403
18600.0,-0.0132377883012608
19200.0,-0.013639226037556464
19800.0,-0.01400918309775023
20400.0,-0.014346109032132737
21000.0,-0.014648705752479792
21600.0,-0.014915936547808362
22200.0,-0.015147033343677063
22800.0,-0.015341502152467412
23400.0,-0.015499126676274918
24000.0,-0.015619970035330565
24600.0,-0.015704374608501194
25200.0,-0.015752959985424263
25800.0,-0.015766619042580716
26400.0,-0.015746512168791617
27000.0,-0.01569405967844934
27600.0,-0.015610932463092402
28200.0,-0.015499040944216232
28800.0,-0.015360522401864668
29400.0,-0.015197726764536658
30000.0,-0.015013200956522681
30600.0,-0.014809671908635086
31200.0,-0.014590028347070629
31800.0,-0.014357301483468116
32400.0,-0.01411464473662966
33000.0,-0.013865312622265619
33600.0,-0.01361263895319519
34200.0,-0.013360014496133983
34800.0,-0.013110864235144085
35400.0,-0.012868624393600177
36000.0,-0.01263671936855568
36600.0,-0.012418538730880328
37200.0,-0.012217414444412477
37800.0,-0.012036598455434831
38400.0,-0.011879240800769719
39000.0,-0.011748368379762007
39600.0,-0.011646864530136084
40200.0,-0.011577449542673738
40800.0,-0.011542662243338954
41400.0,-0.011544842764137956
42000.0,-0.01158611661644849
42600.0,-0.011668380171903534
43200.0,-0.011793287646820975
43800.0,-0.01196223967648304
44400.0,-0.01217637355537907
45000.0,-0.012436555208605964
45600.0,-0.012743372949256848
46200.0,-0.013097133064306833
46800.0,-0.013497857260670149
47400.0,-0.013945281990859485
48000.0,-0.014438859666009078
48600.0,-0.014977761751602259
49200.0,-0.015560883729703781
49800.0,-0.016186851899197052
50400.0,-0.016854031973847862
51000.0,-0.017560539426577804
51600.0,-0.018304251516534014
52200.0,-0.019082820924970472
52800.0,-0.019893690915278175
53400.0,-0.020734111922026635
54000.0,-0.021601159464639186
54600.0,-0.02249175327219877
55200.0,-0.023402677497234844
55800.0,-0.024330601889100294
56400.0,-0.025272103790389605
57000.0,-0.026223690813563523
57600.0,-0.02718182405045375
58200.0,-0.028142941662092878
58800.0,-0.029103482693678472
59400.0,-0.03005991095695649
60000.0,-0.03100873882083207
60600.0,-0.03194655075093241
61200.0,-0.03287002643976833
61800.0,-0.03377596337053377
62400.0,-0.034661298661503526
63000.0,-0.03552313004078799
63600.0,-0.03635873580755971
64200.0,-0.03716559364121943
64800.0,-0.03794139812730398
65400.0,-0.03868407687752434
66000.0,-0.03939180512958682
66600.0,-0.04006301872318452
67200.0,-0.04069642535864278
67800.0,-0.041291014056503525
68400.0,-0.041846062748351426
69000.0,-0.042361143941639055
69600.0,-0.04283612841451773
70200.0,-0.04327118691039607
70800.0,-0.043666789814906036
71400.0,-0.04402370481275456
72000.0,-0.044342992535387475
72600.0,-0.044626000224087255
73200.0,-0.044874353447402135
73800.0,-0.045089945924803206
74400.0,-0.04527492752178803
75000.0,-0.04543169049415
75600.0,-0.04556285407116906
76200.0,-0.04567124747925592
76800.0,-0.04575989151767435
77400.0,-0.045831978808396824
78000.0,-0.04589085285089797
78600.0,-0.045939986020643905
79200.0,-0.04598295665771783
79800.0,-0.046023425397250066
80400.0,-0.046065110899189764
81000.0,-0.04611176513823366
81600.0,-0.0461671484180412
82200.0,-0.04623500427526947
82800.0,-0.04631903443982684
83400.0,-0.04642287401714988
84000.0,-0.04655006705688753
84600.0,-0.046704042669425266
85200.0,-0.04688809184861212
85800.0,-0.04710534515387062
86400.0,-0.047358751399612306
87000.0,-0.047651057493250326
87600.0,-0.0479847895555265
88200.0,-0.04836223544931511
88800.0,-0.04878542883321634
89400.0,-0.04925613484735579
90000.0,-0.04977583752817187
90600.0,-0.05034572903808914
91200.0,-0.05096670078462941
91800.0,-0.05163933649187464
92400.0,-0.05236390727450185
93000.0,-0.053140368752596645
93600.0,-0.05396836023224945
94200.0,-0.05484720596407215
94800.0,-0.05577591847889738
95400.0,-0.05675320398634727
96000.0,-0.05777746980932163
96600.0,-0.058846833814006336
97200.0,-0.059959135782493504
97800.0,-0.0611119506623484
98400.0,-0.06230260361511911
99000.0,-0.06352818677403267
99600.0,-0.06478557760955675
100200.0,-0.06607145879055658
100800.0,-0.06738233941870257
101400.0,-0.06871457750377982
102000.0,-0.07006440353895912
102600.0,-0.07142794502681252
103200.0,-0.07280125179978418
103800.0,-0.07418032197226654
104400.0,-0.07556112835655436
105000.0,-0.07693964517019211
105600.0,-0.07831187485943189
106200.0,-0.07967387486136815
106800.0,-0.08102178412628162
107400.0,-0.08235184922228246
108000.0,-0.08366044984563559
108600.0,-0.08494412356307399
109200.0,-0.08619958961621269
109800.0,-0.08742377162343025
110400.0,-0.08861381902101062
111000.0,-0.08976712709259024
111600.0,-0.09088135544513071
112200.0,-0.09195444479874687
112800.0,-0.09298463196892691
113400.0,-0.0939704629312941
114000.0,-0.0949108038714843
114600.0,-0.09580485013608453
115200.0,-0.09665213301493156
115800.0,-0.09745252429915545
116400.0,-0.09820623857498487
117000.0,-0.09891383322834602
117600.0,-0.09957620615137837
118200.0,-0.1001945911574559
118800.0,-0.10077055112735836
119400.0,-0.10130596892490698
120000.0,-0.10180303613577651
120600.0,-0.10226423969825003
121200.0,-0.10269234650941773
121800.0,-0.1030903861043832
122400.0,-0.10346163151904562
123000.0,-0.10380957846014992
123600.0,-0.10413792291743099
124200.0,-0.10445053736362014
124800.0,-0.10475144569787069
125400.0,-0.10504479709650225
126000.0,-0.10533483894265559
126600.0,-0.10562588901256842
127200.0,-0.10592230710113663
127800.0,-0.10622846627348552
128400.0,-0.10654872393156894
129000.0,-0.1068873928862347
129600.0,-0.10724871262519538
130200.0,-0.10763682096592267
130800.0,-0.10805572628073051
131400.0,-0.10850928047654652
132000.0,-0.10900115290852282
132600.0,-0.10953480539948013
133200.0,-0.11011346853105797
133800.0,-0.11074011936423656
134400.0,-0.11141746073797218
135000.0,-0.11214790228490146
135600.0,-0.11293354329271678
136200.0,-0.11377615752768644
136800.0,-0.11467718012587806
137400.0,-0.11563769664356703
138000.0,-0.11665843434628578
138600.0,-0.11773975580113696
139200.0,-0.11888165482353755
139800.0,-0.12008375481460584
140400.0,-0.12134530951068934
141000.0,-0.12266520615166446
141600.0,-0.12404197105922163
142200.0,-0.12547377760145018
142800.0,-0.12695845650467724
143400.0,-0.12849350845869992
144000.0,-0.13007611894655852
144600.0,-0.13170317521564787
145200.0,-0.1333712852925502
145800.0,-0.13507679893053837
146400.0,-0.13681583036530487
147000.0,-0.13858428274196674
147600.0,-0.14037787406469998
148200.0,-0.14219216450893823
148800.0,-0.1440225849263937
149400.0,-0.14586446636335132
150000.0,-0.14771307040493983
150600.0,-0.14956362015095923
151200.0,-0.15141133162237394
151800.0,-0.15325144539398228
152400.0,-0.15507925824416396
153000.0,-0.1568901546116748
153600.0,-0.15867963764824417
154200.0,-0.16044335965667927
154800.0,-0.16217715170663824
155400.0,-0.16387705222376986
156000.0,-0.165539334353389
156600.0,-0.16716053190631355
157200.0,-0.16873746370274878
157800.0,-0.17026725613973653
158400.0,-0.17174736381832356
159000.0,-0.17317558807908365
159600.0,-0.17455009330781715
160200.0,-0.1758694208877011
160800.0,-0.1771325006902007
161400.0,-0.17833866001273155
162000.0,-0.17948762988907005
162600.0,-0.18057954871606974
163200.0,-0.1816149631585988
163800.0,-0.1825948263137359
164400.0,-0.18352049313422675
165000.0,-0.18439371313027528
165600.0,-0.18521662038795134
166200.0,-0.1859917209612449
166800.0,-0.18672187771370558
167400.0,-0.18741029270293086
168000.0,-0.18806048721914004
168600.0,-0.18867627960552694
169200.0,-0.18926176100338382
169800.0,-0.18982126918007342
170400.0,-0.19035936061120756
171000.0,-0.1908807810007857
171600.0,-0.19139043443396586
172200.0,-0.1918933513666421
172800.0,-0.19239465566469433
173400.0,-0.19289953091157275
174000.0,-0.19341318620903153
174600.0,-0.19394082169886379
175200.0,-0.19448759403581284
175800.0,-0.19505858204240617
176400.0,-0.19565875277557426
177000.0,-0.19629292823237865
177600.0,-0.1969657529183111
178200.0,-0.19768166249624425
178800.0,-0.19844485372761153
179400.0,-0.19925925590891364
180000.0,-0.20012850399782703
180600.0,-0.2010559136123119
181200.0,-0.2020444580745517
181800.0,-0.2030967476590051
182400.0,-0.20421501118988128
183000.0,-0.20540108011880942
183600.0,-0.20665637519827562
184200.0,-0.2079818958495783
184800.0,-0.20937821230795708
185400.0,-0.2108454606093888
186000.0,-0.2123833404659361
186600.0,-0.21399111605837262
187200.0,-0.21566761975528062
187800.0,-0.2174112587502262
188400.0,-0.21922002458804035
189000.0,-0.22109150553366833
189600.0,-0.22302290171678885
190200.0,-0.2250110429674101
190800.0,-0.22705240923876338
191400.0,-0.2291431534955809
192000.0,-0.2312791269284999
192600.0,-0.2334559063378526
193200.0,-0.23566882351437582
193800.0,-0.23791299642822167
194400.0,-0.2401833620238161
195000.0,-0.24247471040419177
195600.0,-0.24478172017664943
196200.0,-0.24709899472043417
196800.0,-0.2494210991277122
197400.0,-0.2517425975614034
198000.0,-0.25405809076698194
198600.0,-0.2563622534710349
199200.0,-0.25864987139613416
199800.0,-0.26091587762164137
200400.0,-0.26315538802040817
201000.0,-0.26536373550460396
201600.0,-0.2675365028195459
202200.0,-0.2696695536308028
202800.0,-0.2717590616599105
203400.0,-0.27380153763430903
204000.0,-0.27579385383146854
204600.0,-0.2777332660110561
205200.0,-0.2796174325470442
205800.0,-0.28144443058965807
206400.0,-0.2832127691075647
207000.0,-0.28492139868278576
207600.0,-0.2865697179533325
208200.0,-0.28815757662379154
208800.0,-0.2896852749882531
209400.0,-0.29115355993740405
210000.0,-0.29256361744707593
210600.0,-0.2939170615736011
211200.0,-0.2952159200082654
211800.0,-0.2964626162703883
212400.0,-0.2976599486460003
213000.0,-0.29881106600529206
213600.0,-0.2999194406585006
214200.0,-0.30098883843468893
214800.0,-0.3020232861922718
215400.0,-0.30302703699306494
216000.0,-0.30400453319323
216600.0,-0.3049603677246
217200.0,-0.30589924385818773
217800.0,-0.30682593375880834
218400.0,-0.30774523615387656
219000.0,-0.30866193345287013
219600.0,-0.3095807486644894
220200.0,-0.31050630246725464
220800.0,-0.31144307079573297
221400.0,-0.31239534330917323
222000.0,-0.313367183111257
222600.0,-0.31436238808938666
223200.0,-0.3153844542400933
223800.0,-0.3164365413420483
224400.0,-0.317521441331535
225000.0,-0.3186415497262983
225600.0,-0.31979884043243134
226200.0,-0.32099484425528657
226800.0,-0.3222306314204853
227400.0,-0.32350679839285085
228000.0,-0.324823459261915
228600.0,-0.3261802419405695
229200.0,-0.3275762894002022
229800.0,-0.3290102661395726
230400.0,-0.3304803700579523
231000.0,-0.3319843498730724
231600.0,-0.3335195281943315
232200.0,-0.3350828303286203
232800.0,-0.33667081886262135
233400.0,-0.3382797340298513
234000.0,-0.3399055398343353
234600.0,-0.3415439758651342
235200.0,-0.34319061469766493
235800.0,-0.3448409247386638
236400.0,-0.34649033833187715
237000.0,-0.3481343249023716
237600.0,-0.3497684688777058
238200.0,-0.35138855208470626
238800.0,-0.35299064028304983
239400.0,-0.3545711734590742
240000.0,-0.35612705946753226
240600.0,-0.35765577057582926
241200.0,-0.3591554424323835
241800.0,-0.360624974953374
242400.0,-0.3620641345945834
243000.0,-0.3634736574538604
243600.0,-0.3648553526297714
244200.0,-0.36621220524852277
244800.0,-0.3675484785597073
245400.0,-0.3688698144972505
246000.0,-0.37018333210003257
246600.0,-0.37149772319228436
247200.0,-0.37282334473303064
247800.0,-0.374172307258849
248400.0,-0.3755585588651754
249000.0,-0.37699796419626336
249600.0,-0.37850837794528125
250200.0,-0.38010971240075325
250800.0,-0.3818239986165634
251400.0,-0.38367544082627103
252000.0,-0.38569046377083693
252600.0,-0.38789775266031123
253200.0,-0.3903282855438106
253800.0,-0.39301535791851416
254400.0,-0.3959945994663469
255000.0,-0.39930398286520175
255600.0,-0.4029838246808681
256200.0,-0.40707677840400003
256800.0,-0.41162781975416
257400.0,-0.41668422442802455
258000.0,-0.42229553852305846
258600.0,-0.42851354191734553
259200.0,-0.4353922049343004
259800.0,-0.4429876386636414
260400.0,-0.4513580393490536
261000.0,-0.46056362728757877
261600.0,-0.4706665807151782
262200.0,-0.48173096517785396
262800.0,-0.4938226589066381
263400.0,-0.5070092747303977
264000.0,-0.5213600790683807
264600.0,-0.5369459085499501
265200.0,-0.5538390848085805
265800.0,-0.5721133279914489
266400.0,-0.5918436695185728
267000.0,-0.6131063646103164
267600.0,-0.6359788050876231
268200.0,-0.6605394329281377
268800.0,-0.6868676550394553
269400.0,-0.7150437596859148
270000.0,-0.7451488349782192
270600.0,-0.7772646898070508
271200.0,-0.8114737775722656
271800.0,-0.8478591230295143
272400.0,-0.886504252544561
273000.0,-0.9274931280163403
273600.0,-0.9709100846986184
274200.0,-1.0168397731211156
274800.0,-1.0653671052820526
275400.0,-1.1165772052565315
276000.0,-1.1705553643392568
276600.0,-1.2273870008148906
277200.0,-1.2871576244272491
277800.0,-1.3499528055961318
278400.0,-1.4158581494122189
279000.0,-1.4849592744226818
279600.0,-1.5573417962043878
280200.0,-1.633091315708657
280800.0,-1.7122934123496596
281400.0,-1.7950336417990975
282000.0,-1.8813975384423551
282600.0,-1.9714706224455834
283200.0,-2.0653384113792224
283800.0,-2.1630864363418314
284400.0,-2.264800262527322
285000.0,-2.3705655141806297
285600.0,-2.480467903889595
286200.0,-2.594593266165664
286800.0,-2.7130275952716207
287400.0,-2.8358570872632805
288000.0,-2.9631681862197996
288600.0,-3.095047634648584
289200.0,-3.2315825280625408
289800.0,-3.3728603737399694
290400.0,-3.518969153692529
291000.0,-3.669997391882846
291600.0,-3.826034225749726
292200.0,-3.9871694821185817
292800.0,-4.1534937575952915
293400.0,-4.325098503562169
294000.0,-4.502076115920594
294600.0,-4.684520029748299
295200.0,-4.872524819068737
295800.0,-5.066186301958256
296400.0,-5.26560165125041
297000.0,-5.470869511130734
297600.0,-5.682090119953735
298200.0,-5.899365439655476
298800.0,-6.122799292179622
299400.0,-6.352497503385496
300000.0,-6.588568054959135
300600.0,-6.831121244909701
301200.0,-7.080269857298665
301800.0,-7.3361293419216835
302400.0,-7.598818004744387
303000.0,-7.868457209982615
303600.0,-8.145171594818144
304200.0,-8.429089297851116
304800.0,-8.720342202519081
305400.0,-9.019066196848618
306000.0,-9.325401451067753
306600.0,-9.639492714785131
307200.0,-9.961489635643025
307800.0,-10.291547101583792
308400.0,-10.62982560912852
309000.0,-10.97649166036695
309600.0,-11.331718191697364
310200.0,-11.695685037748634
310800.0,-12.068579434365493
311400.0,-12.45059656505797
312000.0,-12.8419401559172
312600.0,-13.242823124695867
313200.0,-13.653468290564714
313800.0,-14.074109152000382
314400.0,-14.504990741371353
315000.0,-14.946370566090888
315600.0,-15.398519647741661
316200.0,-15.861723672395778
316800.0,-16.336284267513285
317400.0,-16.822520423377362
318000.0,-17.320770080107785
318600.0,-17.831391905003976
319200.0,-18.35476728944358
319800.0,-18.891302599997314
320400.0,-19.441431725049945
321000.0,-20.005618966325557
321600.0,-20.58436233473038
322200.0,-21.17819732230887
322800.0,-21.787701237561645
323400.0,-22.413498210743477
324000.0,-23.05626500021994
324600.0,-23.71673776205578
325200.0,-24.39571998484004
325800.0,-25.094091843175992
326400.0,-25.812821290217094
327000.0,-26.552977297594012
327600.0,-27.315745767750105
328200.0,-28.102448800097413
328800.0,-28.91456820435298
329400.0,-29.75377444517719
330000.0,-30.621962606301363
330600.0,-31.52129753194953
331200.0,-32.454271118818845
331800.0,-33.423775919334815
332400.0,-34.433200978656316
333000.0,-35.48655849633551
333600.0,-36.588654039535534
334200.0,-37.74531961285262
334800.0,-38.9637396611116
335400.0,-40.2529183126514
336000.0,-41.62436822335745
336600.0,-43.09316027677755
337200.0,-44.6795873750203
337800.0,-46.41193024435704
338400.0,-48.33133431207267
339000.0,-50.50107827568695
339600.0,-53.02601863248947
340200.0,-56.0993683473443
340800.0,-60.14072272836592
341400.0,-66.36795260201852
342000.0,-78.73578211397749
342600.0,-68.62416234811255
343200.0,-63.31263261001385
343800.0,-60.459365133383685
344400.0,-58.65052573607257
345000.0,-57.421094275946196
345600.0,-56.56190641683749
346200.0,-55.960883869613944
346800.0,-55.550780944578406
347400.0,-55.28785611634608
348000.0,-55.14182474561048
348600.0,-55.09061102604094
349200.0,-55.11738265444546
349800.0,-55.20876831424097
350400.0,-55.353731951078025
351000.0,-55.54283415505617
351600.0,-55.76773482804399
352200.0,-56.02085516990935
352800.0,-56.29515168926858
353400.0,-56.583974435732245
354000.0,-56.880992637171566
354600.0,-57.18017672677696
355200.0,-57.475828107408276
355800.0,-57.76264798883442
356400.0,-58.03583510450244
357000.0,-58.29119994592808
357600.0,-58.525281294178555
358200.0,-58.735450180821935
358800.0,-58.91998761452372
359400.0,-59.078125621307
360000.0,-59.21004595046025
360600.0,-59.316836315300165
361200.0,-59.400409203155036
361800.0,-59.4633921957334
362400.0,-59.50900088072064
363000.0,-59.54090577183489
363600.0,-59.563103528634315
364200.0,-59.57980071200748
364800.0,-59.59531587874524
365400.0,-59.61400345708555
366000.0,-59.64020085899471
366600.0,-59.67819882860954
367200.0,-59.73223415515119
367800.0,-59.806503568778375
368400.0,-59.90519784492368
369000.0,-60.032555822727225
369600.0,-60.19293918402973
370200.0,-60.390930494799875
370800.0,-60.63145932420359
371400.0,-60.9199645214336
372000.0,-61.26260546336983
372600.0,-61.66654217915087
373200.0,-62.14031522339675
373800.0,-62.694373580846985
374400.0,-63.341827078221144
375000.0,-64.09954575346421
375600.0,-64.98980203543249
376200.0,-66.04275693226148
376800.0,-67.30017629425359
377400.0,-68.82042632707274
378000.0,-70.68162356281715
378600.0,-72.9593874733473
379200.0,-75.53780404553812
379800.0,-77.28991098717253
380400.0,-76.26898144472592
381000.0,-73.63562009635709
381600.0,-71.08589728871155
382200.0,-68.95720834857782
382800.0,-67.20153559539096
383400.0,-65.73630394802615
384000.0,-64.49658681051783
384600.0,-63.435884660181934
385200.0,-62.52105071657637
385800.0,-61.72808577758282
386400.0,-61.039275342777174
387000.0,-60.441306839449155
387600.0,-59.924025974248785
388200.0,-59.47960229173296
388800.0,-59.10195923457616
389400.0,-58.78637855276223
390000.0,-58.52922243004656
390600.0,-58.327737276100045
391200.0,-58.17991596142988
391800.0,-58.08440346845607
392400.0,-58.04043634975461
393000.0,-58.0478101470065
393600.0,-58.106871734218366
394200.0,-58.218535887656415
394800.0,-58.38432761868715
395400.0,-58.60645428342892
396000.0,-58.88791461073203
396600.0,-59.23265612727867
397200.0,-59.64579888035975
397800.0,-60.13395329743639
398400.0,-60.70567593442067
399000.0,-61.372133039185925
399600.0,-62.14808581572481
400200.0,-63.0533857888185
400800.0,-64.11529244844596
401400.0,-65.37210805234096
402000.0,-66.87874828045815
402600.0,-68.71392149285762
403200.0,-70.97961609735205
403800.0,-73.71929420682119
404400.0,-76.33062930279024
405000.0,-76.4595646566798
405600.0,-73.94479134905066
406200.0,-71.19898096243884
406800.0,-68.91973335050785
407400.0,-67.07807129776648
408000.0,-65.57146258212336
408600.0,-64.31941285480139
409200.0,-63.2656706700309
409800.0,-62.37106214784421
410400.0,-61.60777505205772
411000.0,-60.95561322023474
411600.0,-60.39960925545118
412200.0,-59.928487174668845
412800.0,-59.533652257033474
413400.0,-59.208513190828555
414000.0,-58.948018877742555
414600.0,-58.74833786581568
415200.0,-58.60663555192212
415800.0,-58.52092084149956
416400.0,-58.48994434430759
417000.0,-58.5131369902438
417600.0,-58.59058268422119
418200.0,-58.72302223023596
418800.0,-58.91188889223677
419400.0,-59.15937915418792
420000.0,-59.468566037250184
420600.0,-59.84356741980971
421200.0,-60.289789214011904
421800.0,-60.81427463444646
422400.0,-61.42620894108453
423000.0,-62.13765871579599
423600.0,-62.96467394525892
424200.0,-63.928962135920116
424800.0,-65.06046791016735
425400.0,-66.40132738322373
426000.0,-68.01147835217817
426600.0,-69.97348628031614
427200.0,-72.37488386706629
427800.0,-75.12601875865431
428400.0,-77.08145841513287
429000.0,-76.10749490102074
429600.0,-73.45674524817915
430200.0,-70.93407694212215
430800.0,-68.86176457320363
431400.0,-67.17630583338386
432000.0,-65.7881245819644
432600.0,-64.62916215916482
433200.0,-63.65142245738821
433800.0,-62.821004481483854
434400.0,-62.11352479983169
435000.0,-61.5110878312675
435600.0,-61.00032325073564
436200.0,-60.57110232041603
436800.0,-60.21568311291902
437400.0,-59.92813082884962
438000.0,-59.70391877350346
438600.0,-59.53965133870264
439200.0,-59.43287207426282
439800.0,-59.38193343688244
440400.0,-59.38591347385625
441000.0,-59.44457054344164
441600.0,-59.55833141112115
442200.0,-59.72831149408941
442800.0,-59.95636924519716
443400.0,-60.24520021090831
444000.0,-60.59848078100279
444600.0,-61.0210779120184
445200.0,-61.5193504468761
445800.0,-62.101582162803524
446400.0,-62.778609795521234
447000.0,-63.56474648078933
447600.0,-64.47915989438853
448200.0,-65.54794948885045
448800.0,-66.80724721715211
449400.0,-68.30749442877861
450000.0,-70.11719153518747
450600.0,-72.31272014345645
451200.0,-74.87377689189012
451800.0,-77.14048280380217
452400.0,-77.18615763922611
453000.0,-74.98490108513718
453600.0,-72.46952272175203
454200.0,-70.31698962234702
454800.0,-68.55120330901471
455400.0,-67.09599203163476
456000.0,-65.8826001158768
456600.0,-64.86034774710939
457200.0,-63.99293216636043
457800.0,-63.25413719462301
458400.0,-62.62471546738908
459000.0,-62.090298884481506
459600.0,-61.640012401125674
460200.0,-61.265545391274976
460800.0,-60.96052025615851
461400.0,-60.72005716052304
462000.0,-60.54047122603063
462600.0,-60.41906178514324
463200.0,-60.35396790085201
463800.0,-60.34407375056102
464400.0,-60.38895376255044
465000.0,-60.48885187896222
465600.0,-60.644692845745936
466200.0,-60.85812660049878
466800.0,-61.13161016523514
467400.0,-61.46853550544922
468000.0,-61.87341730816107
468600.0,-62.35216260987901
469200.0,-62.91245630875795
469800.0,-63.564315373977614
470400.0,-64.32089378756997
471000.0,-65.19966424375886
471600.0,-66.22416044077444
472200.0,-67.4264986367491
472800.0,-68.85068865101223
473400.0,-70.55515904237562
474000.0,-72.60412446180295
474600.0,-74.9918192929725
475200.0,-77.26672625413086
475800.0,-77.87750464339639
476400.0,-76.16463811928887
477000.0,-73.76382752365622
477600.0,-71.59698185794903
478200.0,-69.79159948944668
478800.0,-68.29660543467375
479400.0,-67.0481951470996
480000.0,-65.9959066425898
480600.0,-65.10266528289347
481200.0,-64.34140883846594
481800.0,-63.692171908832535
482400.0,-63.14001542142515
483000.0,-62.67361689639269
483600.0,-62.28431337022306
484200.0,-61.96544575056903
484800.0,-61.71190463737267
485400.0,-61.519813088240255
486000.0,-61.3863047796523
486600.0,-61.30937075204204
487200.0,-61.28775751443716
487800.0,-61.320905724591555
488400.0,-61.40892322862284
489000.0,-61.55258977817783
489600.0,-61.7533938355995
490200.0,-62.01360502647827
490800.0,-62.33638950203247
491400.0,-62.72598035230778
492000.0,-63.18792213040096
492600.0,-63.7294187982586
493200.0,-64.3598298850147
493800.0,-65.09138287666761
494400.0,-65.94020283018209
495000.0,-66.92779805354868
495600.0,-68.08314291362657
496200.0,-69.44526214578134
496800.0,-71.06479861220652
497400.0,-72.99597149644984
498000.0,-75.23685954075619
498600.0,-77.4521787982759
499200.0,-78.40344330242536
499800.0,-77.14691639854543
500400.0,-74.91344088133984
501000.0,-72.76613370096047
501600.0,-70.94028421429594
502200.0,-69.4173497748867
502800.0,-68.14194199815003
503400.0,-67.06542318449856
504000.0,-66.15076512726523
504600.0,-65.37051733290878
505200.0,-64.7042731898855
505800.0,-64.13670084078865
506400.0,-63.65615101237324
507000.0,-63.253693581987854
507600.0,-62.92245031700362
508200.0,-62.65712941215878
508800.0,-62.453698660328115
509400.0,-62.309155721437804
510000.0,-62.22136831124782
510600.0,-62.18896664785664
511200.0,-62.211276939898
511800.0,-62.28828927812181
512400.0,-62.420656793762774
513000.0,-62.60972595798283
513600.0,-62.857600871475285
514200.0,-63.1672477974324
514800.0,-63.54265055367356
515400.0,-63.989033423047786
516000.0,-64.51317698382596
516600.0,-65.12386509687518
517200.0,-65.8325198170886
517800.0,-66.65410556547215
518400.0,-67.60840716403337
519000.0,-68.72176657790831
519600.0,-70.02911478948045
520200.0,-71.57485976209051
520800.0,-73.40539163784354
521400.0,-75.5206026404981
522000.0,-77.66253060275807
522600.0,-78.83874684665072
523200.0,-77.9976786201028
523800.0,-75.96367909247748
524400.0,-73.85750911217794
525000.0,-72.02169422423523
525600.0,-70.47633142762014
526200.0,-69.17720454304279
526800.0,-68.07862829439678
527400.0,-67.1441174837272
528000.0,-66.34607450543136
528600.0,-65.66378018788005
529200.0,-65.08158445417772
529800.0,-64.58755764763421
530400.0,-64.17253319806258
531000.0,-63.82943517371481
531600.0,-63.55280507901627
532200.0,-63.33846750633474
532800.0,-63.183293805316666
533400.0,-63.08503657602599
534000.0,-63.04221707631221
534600.0,-63.05405401397235
535200.0,-63.1204267362832
535800.0,-63.241869294308856
536400.0,-63.41959478091521
537000.0,-63.65555216782666
537600.0,-63.95252100589112
538200.0,-64.31425327432761
538800.0,-64.7456769701025
539400.0,-65.25318351253651
540000.0,-65.84503172761066
540600.0,-66.53191597375607
541200.0,-67.32776414122074
541800.0,-68.25084407427512
542400.0,-69.32522367036695
543000.0,-70.58238409210935
543600.0,-72.06165693189693
544200.0,-73.80338896631068
544800.0,-75.80923467492292
545400.0,-77.87813085571577
546000.0,-79.21249763312626
546600.0,-78.74846065827609
547200.0,-76.93800140191354
547800.0,-74.89048415223415
548400.0,-73.05188822451454
549000.0,-71.48689269414841
549600.0,-70.16517789704967
550200.0,-69.04502780769182
550800.0,-68.09088549196761
551400.0,-67.2751598647414
552000.0,-66.57688353568302
552600.0,-65.9801161624871
553200.0,-65.47266011684657
553800.0,-65.0451179294894
554400.0,-64.69021845129721
555000.0,-64.40233764126886
555600.0,-64.17715752341476
556200.0,-64.01142367013664
556800.0,-63.90277422937342
557400.0,-63.849622449624945
558000.0,-63.851080913533266
558600.0,-63.90692018704407
559200.0,-64.01755800269727
559800.0,-64.18407794559947
560400.0,-64.40827929702425
561000.0,-64.69276260332062
561600.0,-65.04105907897494
562200.0,-65.45781662575604
562800.0,-65.94906169101323
563400.0,-66.52256511356074
564000.0,-67.18835196085699
564600.0,-67.95940869017109
565200.0,-68.85264655350679
565800.0,-69.89013967016126
566400.0,-71.10042320976328
567000.0,-72.51865349208099
567600.0,-74.18052414226986
568200.0,-76.08972126110734
568800.0,-78.08934961794509
569400.0,-79.53823189197118
570000.0,-79.41551411492077
570600.0,-77.84894688166432
571200.0,-75.87722537710955
571800.0,-74.042216320015
572400.0,-72.45931971641792
573000.0,-71.11515766979822
573600.0,-69.97308214238085
574200.0,-68.99884318770866
574800.0,-68.16498340277852
575400.0,-67.45032539956408
576000.0,-66.83864522040002
576600.0,-66.31747322652147
577200.0,-65.87717406560229
577800.0,-65.51027427132433
578400.0,-65.21097799792989
579000.0,-64.97481952243551
579600.0,-64.79841452935963
580200.0,-64.67928358897878
580800.0,-64.61572972043629
581400.0,-64.60675802754116
582000.0,-64.65202982181604
582600.0,-64.75184701675768
583200.0,-64.90716535236268
583800.0,-65.11963758230141
584400.0,-65.39169046697305
585000.0,-65.72664262972721
585600.0,-66.12887447357264
586200.0,-66.60406691691585
586800.0,-67.15953320439607
587400.0,-67.80467757973783
588000.0,-68.55162433993843
588600.0,-69.41606158493481
589200.0,-70.41830081627485
589800.0,-71.58433972380666
590400.0,-72.94586996829972
591000.0,-74.53498211698044
591600.0,-76.35756008490904
592200.0,-78.2919201133494
592800.0,-79.82373222242572
593400.0,-80.00791260184724
594000.0,-78.70283061819455
594600.0,-76.82545871221915
595200.0,-75.00096366535092
595800.0,-73.40170819422248
596400.0,-72.03483276368624
597000.0,-70.87006380190853
597600.0,-69.87489419388164
598200.0,-69.02213502320026
598800.0,-68.29043098030114
599400.0,-67.66327247951202
600000.0,-67.12790589155338
600600.0,-66.67444446682686
601200.0,-66.29520014448032
601800.0,-65.9841949437917
602400.0,-65.7368070062607
603000.0,-65.54951546099353
603600.0,-65.41971810712114
604200.0,-65.34560381177597
604800.0,-65.32606740778341
605400.0,-65.36065922877643
606000.0,-65.44956473563582
606600.0,-65.59361240815338
607200.0,-65.79431054386114
607800.0,-66.0539161456481
608400.0,-66.37554201515313
609000.0,-66.76331185054696
609600.0,-67.2225779825015
610200.0,-67.76022271138932
610800.0,-68.38507192763763
611400.0,-69.10845679670896
612000.0,-69.94495709523638
612600.0,-70.91331705548218
613200.0,-72.03733310209942
613800.0,-73.34579462468918
614400.0,-74.86796632008856
615000.0,-76.6119227792385
615600.0,-78.48439247885966
616200.0,-80.07453162702596
616800.0,-80.5314169597921
617400.0,-79.50207791985224
618000.0,-77.73980202738615
618600.0,-75.9341999545651
619200.0,-74.32048804205428
619800.0,-72.93056466021744
620400.0,-71.74214658822473
621000.0,-70.72501126486009
621600.0,-69.85240420410133
622200.0,-69.10283051022074
622800.0,-68.45949153241149
623400.0,-67.90933432406366
624000.0,-67.44220381728863
624600.0,-67.05018213325822
625200.0,-66.72709642036295
625800.0,-66.46815837036328
626400.0,-66.26970235392558
627000.0,-66.1289969773573
627600.0,-66.04411203847964
628200.0,-66.0138284907476
628800.0,-66.03758327746813
629400.0,-66.11544417267737
630000.0,-66.24811242744637
630600.0,-66.43695340363801
631200.0,-66.68405777141773
631800.0,-66.99233853799646
632400.0,-67.36567247607346
633000.0,-67.80909874401742
633600.0,-68.32909287870984
634200.0,-68.93394064829089
634800.0,-69.63424145774754
635400.0,-70.4435671272642
636000.0,-71.379261512222
636600.0,-72.46319825079554
637200.0,-73.72170982222612
637800.0,-75.18180173908542
638400.0,-76.85358863473826
639000.0,-78.6668176187036
639600.0,-80.29524932556397
640200.0,-80.9905004446432
640800.0,-80.24660397197962
641400.0,-78.62246766462916
642000.0,-76.84625600736808
642600.0,-75.2207684249618
643200.0,-73.80762611406657
643800.0,-72.59455720541204
644400.0,-71.5543171879441
645000.0,-70.66080328135624
645600.0,-69.89243506499687
646200.0,-69.23212487287182
646800.0,-68.66650460168354
647400.0,-68.18513232627322
648000.0,-67.77984339936333
648600.0,-67.44425583574849
649200.0,-67.1734033005685
649800.0,-66.96346618925287
650400.0,-66.81157668620222
651000.0,-66.71567996269322
651600.0,-66.67443897185298
652200.0,-66.6871744396266
652800.0,-66.75383487152118
653400.0,-66.87499401220359
654000.0,-67.05187550592935
654600.0,-67.28640677224492
655200.0,-67.58130660201812
655800.0,-67.94021394984605
656400.0,-68.36786912257396
657000.0,-68.87036318422648
657600.0,-69.45547661608673
658200.0,-70.1331321405587
658800.0,-70.91598197004403
659400.0,-71.82011290943989
660000.0,-72.86570726663848
660600.0,-74.07699361466834
661200.0,-75.47912700138583
661800.0,-77.08401769388118
662400.0,-78.8400504781377
663000.0,-80.49010030408044
663600.0,-81.38944813682221
664200.0,-80.93480691606187
664800.0,-79.47366824243306
665400.0,-77.73999641802271
666000.0,-76.1065692740024
666600.0,-74.6703923072563
667200.0,-73.4317273012872
667800.0,-72.36720244403071
668400.0,-71.45165598828277
669000.0,-70.66350059702108
669600.0,-69.98536718693101
670200.0,-69.40355820879527
670800.0,-68.90732588809706
671400.0,-68.48824085641532
672000.0,-68.13969669393393
672600.0,-67.8565365542182
673200.0,-67.63477689429568
673800.0,-67.47140565477635
674400.0,-67.3642373571933
675000.0,-67.31181247040173
675600.0,-67.31333239063578
676200.0,-67.3686245426233
676800.0,-67.4781346886984
677400.0,-67.64294577735066
678000.0,-67.86482482872489
678600.0,-68.1463016666022
679200.0,-68.49078600863761
679800.0,-68.90273272560944
680400.0,-69.38786908765239
681000.0,-69.95350219155048
681600.0,-70.60892770734962
682200.0,-71.36595628232074
682800.0,-72.23954115254104
683400.0,-73.2483662714756
684000.0,-74.41483681730111
684600.0,-75.76255007811793
685200.0,-77.30491855590947
685800.0,-79.00536502571099
686400.0,-80.66306737356321
687000.0,-81.73291082931391
687600.0,-81.5644120561252
688200.0,-80.29189065764265
688800.0,-78.61696733168391
689400.0,-76.98097240100245
690000.0,-75.52248699883562
690600.0,-74.25742545920828
691200.0,-73.16744116480037
691800.0,-72.22869846281161
692400.0,-71.41971580164812
693000.0,-70.72286183530318
693600.0,-70.12409863987669
694200.0,-69.61235403948268
694800.0,-69.17891547375172
695400.0,-68.81693604171012
696000.0,-68.52105518294466
696600.0,-68.28711484449258
697200.0,-68.1119504104669
697800.0,-67.99323934557249
698400.0,-67.92939485417988
699000.0,-67.91949566073761
699600.0,-67.96324611549885
700200.0,-68.06096336591933
700800.0,-68.21359053093704
701400.0,-68.42273688908735
702000.0,-68.69074826167372
702600.0,-69.02081323894619
703200.0,-69.41711385148466
703800.0,-69.8850327960603
704400.0,-70.43143305042274
705000.0,-71.06502803913645
705600.0,-71.79685593631339
706200.0,-72.64084310284927
706800.0,-73.61433665078982
707400.0,-74.73814233627695
708000.0,-76.03450875850682
708600.0,-77.5180420567004
709200.0,-79.1642321214107
709800.0,-80.81793353277688
710400.0,-82.02610064175818
711000.0,-82.13324675728565
711600.0,-81.0741390135356
712200.0,-79.47746334260692
712800.0,-77.84621118737948
713400.0,-76.36688901025803
714000.0,-75.07486437395985
714600.0,-73.95829256916781
715200.0,-72.99517340348905
715800.0,-72.1642891729912
716400.0,-71.44778147383394
717000.0,-70.83126630464295
717600.0,-70.30332979353139
718200.0,-69.8549575833757
718800.0,-69.47904569207242
719400.0,-69.17001603348666
720000.0,-68.92352492857196
720600.0,-68.7362464449712
721200.0,-68.60571423043658
721800.0,-68.53020916998949
722400.0,-68.50868376236055
723000.0,-68.5407171195306
723600.0,-68.62649699470639
724200.0,-68.76682739280578
724800.0,-68.96316232175298
725400.0,-69.21766828718664
726000.0,-69.53332040772167
726600.0,-69.91403969309276
727200.0,-70.36488212758778
727800.0,-70.89229342951805
728400.0,-71.50444527447986
729000.0,-72.21166465784663
729600.0,-73.02694355438183
730200.0,-73.9664280907506
730800.0,-75.04950472374342
731400.0,-76.29722317800181
732000.0,-77.72508247161183
732600.0,-79.31818702670184
733200.0,-80.958261764351
733800.0,-82.27474932631259
734400.0,-82.63993464597009
735000.0,-81.81621980230241
735600.0,-80.32054430657057
736200.0,-78.70371067450614
736800.0,-77.20600426667603
737400.0,-75.88678398199023
738000.0,-74.74258496271304
738600.0,-73.75391136513579
739200.0,-72.90002666365146
739800.0,-72.16290206086691
740400.0,-71.52780914712436
741000.0,-70.98297718930256
741600.0,-70.51907165541799
742200.0,-70.12871448229272
742800.0,-69.8060956998202
743400.0,-69.54667436881215
744000.0,-69.3469540431597
744600.0,-69.20431744146464
745200.0,-69.1169077989079
745800.0,-69.0835476170403
746400.0,-69.10368843020262
747000.0,-69.17738766195542
747600.0,-69.30531075954565
748200.0,-69.48875873401869
748800.0,-69.72972317817303
749400.0,-70.03097294432968
750000.0,-70.39617908994462
750600.0,-70.83008746994203
751200.0,-71.3387511938021
751800.0,-71.92983682837449
752400.0,-72.61301469029101
753000.0,-73.40042285652561
753600.0,-74.30712144648544
754200.0,-75.3512238721118
754800.0,-76.55268953510331
755400.0,-77.92763172578664
756000.0,-79.46874908293807
756600.0,-81.08736225909351
757200.0,-82.48492630030512
757800.0,-83.08444709102254
758400.0,-82.51312403612283
759000.0,-81.14403031931693
759600.0,-79.5540861629478
760200.0,-78.04170745599599
760800.0,-76.69551282817112
761400.0,-75.52278296792883
762000.0,-74.5073983893163
762600.0,-73.62939784880442
763200.0,-72.87066704250451
763800.0,-72.2161448155259
764400.0,-71.65369156287282
765000.0,-71.17363482442221
765600.0,-70.76830520152873
766200.0,-70.4316459821556
766800.0,-70.15890682060206
767400.0,-69.94641111263687
768000.0,-69.79138317000066
768600.0,-69.69182295531789
769200.0,-69.64641896870519
769800.0,-69.65449263424276
770400.0,-69.71596993872234
771000.0,-69.83137815163496
771600.0,-70.00186734903211
772200.0,-70.22925831795108
772800.0,-70.51612039792357
773400.0,-70.86588503564775
774000.0,-71.2830033346365
774600.0,-71.7731584196402
775200.0,-72.34354493947235
775800.0,-73.00322511858562
776400.0,-73.76355349563458
777000.0,-74.63860218895188
777600.0,-75.64533172504443
778200.0,-76.80269151701813
778800.0,-78.12716051351592
779400.0,-79.61737337777399
780000.0,-81.20826486976888
780600.0,-82.66279729198516
781200.0,-83.46843844397868
781800.0,-83.15953622381323
782400.0,-81.94450675767315
783000.0,-80.39710703930572
783600.0,-78.87535602829216
784200.0,-77.50300989348506
784800.0,-76.30103968834602
785400.0,-75.25783102124744
786000.0,-74.35459100791354
786600.0,-73.57324154401691
787200.0,-72.89841369432851
787800.0,-72.31759139893623
788400.0,-71.82074762050684
789000.0,-71.3999042839032
789600.0,-71.04874262097874
790200.0,-70.7622902187771
790800.0,-70.53668020426927
791400.0,-70.3689706150506
792000.0,-70.25701220290925
792600.0,-70.19935520588169
793200.0,-70.19518819158498
793800.0,-70.24430440979854
794400.0,-70.34709313734905
795000.0,-70.50455534738404
795600.0,-70.71834482182918
796200.0,-70.9908376885139
796800.0,-71.3252354195492
797400.0,-71.72570861232168
798000.0,-72.19759117263926
798600.0,-72.747635940329
799200.0,-73.38434049182267
799800.0,-74.11833763630945
800400.0,-74.96279569577428
801000.0,-75.9336223685166
801600.0,-77.04881850185947
802200.0,-78.32501337819609
802800.0,-79.76542287222539
803400.0,-81.32370339132015
804000.0,-82.81438503051785
804600.0,-83.79531847718906
805200.0,-83.75046171646727
805800.0,-82.71737816577689
806400.0,-81.23163335011276
807000.0,-79.7077781137577
807600.0,-78.31088849454315
808200.0,-77.07923551868069
808800.0,-76.00716024915675
809400.0,-75.07755836852132
810000.0,-74.27255751060792
810600.0,-73.5765234598643
811200.0,-72.9765621667684
811800.0,-72.46227708019904
812400.0,-72.02536423132314
813000.0,-71.6592270812053
813600.0,-71.35865797058565
814200.0,-71.11958915722334
814800.0,-70.9389041189511
815400.0,-70.814298113912
816000.0,-70.74417857546122
816600.0,-70.72759822997965
817200.0,-70.76421607562129
817800.0,-70.85428336625871
818400.0,-70.99865355939001
819000.0,-71.19881691463044
819600.0,-71.45696219803793
820200.0,-71.77606986334726
820800.0,-72.1600431819146
821400.0,-72.61388590665378
822000.0,-73.14393642613949
822600.0,-73.7581666377258
823200.0,-74.46654220543434
823800.0,-75.28140060978957
824400.0,-76.21768126492421
825000.0,-77.29248547935521
825600.0,-78.52241111500197
826200.0,-79.91415398078344
826800.0,-81.4361125806538
827400.0,-82.94537094657537
828000.0,-84.07006826996054
828600.0,-84.28191400034946
829200.0,-83.45701609135136
829800.0,-82.055535882323
830400.0,-80.53923522303258
831000.0,-79.1204230874824
831600.0,-77.8590049365537
832200.0,-76.75712582425524
832800.0,-75.80005289613412
833400.0,-74.97035104046022
834000.0,-74.2521862481004
834600.0,-73.63229308363886
835200.0,-73.09989304397914
835800.0,-72.64633944994623
836400.0,-72.2647419546224
837000.0,-71.94964395674971
837600.0,-71.69676573069152
838200.0,-71.50280745897409
838800.0,-71.36530224824955
839400.0,-71.28250987327536
840000.0,-71.25334397087661
840600.0,-71.27732753581411
841200.0,-71.35457353464231
841800.0,-71.48578923575351
842400.0,-71.67230453353707
843000.0,-71.9161262346687
843600.0,-72.22002207475909
844200.0,-72.5876401821577
844800.0,-73.02367166755776
845400.0,-73.5340653694139
846000.0,-74.12630257655604
846600.0,-74.80973027125849
847200.0,-75.59591884285932
847800.0,-76.49891193756382
848400.0,-77.53495243643482
849000.0,-78.72045698042652
849600.0,-80.06471110604188
850200.0,-81.54763614549616
850800.0,-83.06095567223241
851400.0,-84.29886077377178
852000.0,-84.75155599499698
852600.0,-84.15704585688374
853200.0,-82.86561657606251
853800.0,-81.36936055644364
854400.0,-79.93253904302593
855000.0,-78.64175209907229
855600.0,-77.50928213564632
856200.0,-76.52365787816032
856800.0,-75.66819311761442
857400.0,-74.9269495683993
858000.0,-74.28630785570451
858600.0,-73.73509860983754
859200.0,-73.26431639376332
859800.0,-72.86676080401169
860400.0,-72.53671209848105
861000.0,-72.26966691756945
861600.0,-72.06213293158841
862200.0,-71.91147402975913
862800.0,-71.81579713401638
863400.0,-71.77387325348901
864000.0,-71.78508736783942
864600.0,-71.84941363925161
865200.0,-71.96741419925787
865800.0,-72.14026140130039
866400.0,-72.3697850522797
867000.0,-72.65854784072152
867600.0,-73.0099540007914
868200.0,-73.42839808949738
868800.0,-73.91946209986527
869400.0,-74.49016837908675
870000.0,-75.14928848572693
870600.0,-75.9076818943621
871200.0,-76.77855960821742
871800.0,-77.77734228073496
872400.0,-78.92014478401292
873000.0,-80.21812709362067
873600.0,-81.66014293931296
874200.0,-83.16577985748914
874800.0,-84.48858120060669
875400.0,-85.15916699374272
876000.0,-84.81080303952352
876600.0,-83.65755500576738
877200.0,-82.19707474635356
877800.0,-80.74778480159354
878400.0,-79.42865551704132
879000.0,-78.2650164606393
879600.0,-77.24981031407772
880200.0,-76.36751479424987
880800.0,-75.60222198714553
881400.0,-74.93999037803427
882000.0,-74.36925567756283
882600.0,-73.88063890309753
883200.0,-73.46661329241299
883800.0,-73.12118129100628
884400.0,-72.83960370148927
885000.0,-72.61818595200461
885600.0,-72.45411520784033
886200.0,-72.34533997286307
886800.0,-72.29048477359538
887400.0,-72.28879428157501
888000.0,-72.34010306652253
888600.0,-72.44482888820376
889200.0,-72.6039890452813
889800.0,-72.81924086782092
890400.0,-73.09294906436794
891000.0,-73.42828434920288
891600.0,-73.82935951287338
892200.0,-74.30141044019625
892800.0,-74.85102922202384
893400.0,-75.48645080321386
894000.0,-76.21787364462106
894600.0,-77.05773182222984
895200.0,-78.02065700895967
895800.0,-79.1223677791133
896400.0,-80.37532751810576
897000.0,-81.77524852227558
897600.0,-83.26389688486864
898200.0,-84.64634476104358
898800.0,-85.50682847939183
899400.0,-85.41195580826977
900000.0,-84.42591740889424
900600.0,-83.02048339789343
901200.0,-81.56628537136638
901800.0,-80.22066153333375
902400.0,-79.02556004336715
903000.0,-77.97981887059535
903600.0,-77.06962767527915
904200.0,-76.27929445043885
904800.0,-75.59460624661679
905400.0,-75.00360641005769
906000.0,-74.49652953506373
906600.0,-74.06550636681524
907200.0,-73.70424644647981
907800.0,-73.4077619732863
908400.0,-73.17214586130483
909000.0,-72.99440057150225
909600.0,-72.87231022254998
910200.0,-72.80434866051064
910800.0,-72.78961765134368
911400.0,-72.8278110959603
912000.0,-72.91920284875744
912600.0,-73.0646572971793
913200.0,-73.26566338725874
913800.0,-73.52439433520713
914400.0,-73.84379689119322
915000.0,-74.22771567322867
915600.0,-74.6810594279041
916200.0,-75.21001605317211
916800.0,-75.82231886690865
917400.0,-76.52754997382091
918000.0,-77.33741631742443
918600.0,-78.2657921101138
919200.0,-79.32792772499262
919800.0,-80.53713731853352
920400.0,-81.89433962449525
921000.0,-83.3587847473742
921600.0,-84.77908558245063
922200.0,-85.79878728198402
922800.0,-85.95523524231375
923400.0,-85.16427418056276
924000.0,-83.83676551714996
924600.0,-82.3876760543184
925200.0,-81.01846580335676
925800.0,-79.791992078443
926400.0,-78.71487690292025
927000.0,-77.77574036638461
927600.0,-76.95935795206043
928200.0,-76.25132079286993
928800.0,-75.63929131131127
929400.0,-75.11310757129316
930000.0,-74.66454216212773
930600.0,-74.28699629422053
931200.0,-73.97522023879165
931800.0,-73.72508355568584
932400.0,-73.53339551523034
933000.0,-73.39776945061203
933600.0,-73.31652395961737
934200.0,-73.28861497842497
934800.0,-73.3135943577163
935400.0,-73.3915922025764
936000.0,-73.52332178627321
936600.0,-73.71010734030777
937200.0,-73.9539365203081
937800.0,-74.25754090019153
938400.0,-74.62450942266602
939000.0,-75.05944107492338
939600.0,-75.56814330813081
940200.0,-76.15787949274208
940800.0,-76.83765561152595
941400.0,-77.61849646425011
942000.0,-78.51354931859663
942600.0,-79.53754375420819
943200.0,-80.70428874469279
943800.0,-82.01859957050316
944400.0,-83.45338400755327
945000.0,-84.8932555629659
945600.0,-86.04103844474685
946200.0,-86.43715692891226
946800.0,-85.86547385547865
947400.0,-84.64206940348305
948000.0,-83.21101586048653
948600.0,-81.82248148484197
949200.0,-80.5652363067166
949800.0,-79.456070801599
950400.0,-78.48697136563248
951000.0,-77.64351810589382
951600.0,-76.91121422148419
952200.0,-76.27736450165118
952800.0,-75.73140427318796
953400.0,-75.26473318718956
954000.0,-74.8704284888127
954600.0,-74.54296465540361
955200.0,-74.27797646507923
955800.0,-74.07207097294258
956400.0,-73.92268386269545
957000.0,-73.82797351783145
957600.0,-73.78674677208751
958200.0,-73.79841172200594
958800.0,-73.86295455791445
959400.0,-73.98093888577921
960000.0,-74.15352747518506
960600.0,-74.38252781920455
961200.0,-74.67046438132657
961800.0,-75.02068191670666
962400.0,-75.4374855919782
963000.0,-75.92632410027055
963600.0,-76.49401966363435
964200.0,-77.14903860798933
964800.0,-77.90176460569589
965400.0,-78.764647878905
966000.0,-79.75186083365658
966600.0,-80.87742988814412
967200.0,-82.14903327857672
967800.0,-83.55015060179012
968400.0,-84.99463967063762
969000.0,-86.24073632432426
969600.0,-86.85658100730163
970200.0,-86.52210781898182
970800.0,-85.43144297483131
971400.0,-84.03468170017601
972000.0,-82.63279245671453
972600.0,-81.34604953901247
973200.0,-80.20438367631957
973800.0,-79.20435871206922
974400.0,-78.33280704819448
975000.0,-77.57529431417908
975600.0,-76.91880666150547
976200.0,-76.35237585590929
976800.0,-75.86701525623803
977400.0,-75.4554624822693
978000.0,-75.11190184930739
978600.0,-74.83172132421709
979200.0,-74.61131615630133
979800.0,-74.44793702008089
980400.0,-74.33957669394394
981000.0,-74.28488926409509
981600.0,-74.2831370295394
982200.0,-74.33416176812747
982800.0,-74.43837851118039
983400.0,-74.59679140794097
984000.0,-74.81103267302122
984600.0,-75.0834270455018
985200.0,-75.41708564761718
985800.0,-75.8160344572283
986400.0,-76.28538326162142
987000.0,-76.83153940590095
987600.0,-77.46246277768738
988200.0,-78.18793359382683
988800.0,-79.01973448132321
989400.0,-79.97145770022213
990000.0,-81.05713330189926
990600.0,-82.28649091279536
991200.0,-83.65111493647632
991800.0,-85.08827259920312
992400.0,-86.40556554772829
993000.0,-87.21497186339546
993600.0,-87.12716279355247
994200.0,-86.19883758471617
994800.0,-84.85624775721533
995400.0,-83.44908970304277
996000.0,-82.13500102684759
996600.0,-80.96069413932736
997200.0,-79.92886654303325
997800.0,-79.02819297790589
998400.0,-78.24450706480532
999000.0,-77.56453602822852
999600.0,-76.9769145661479
1000200.0,-76.47225854994804
1000800.0,-76.04295053917879
1001400.0,-75.6828698833711
1002000.0,-75.38714510358324
1002600.0,-75.15194945986492
1003200.0,-74.97434073183479
1003800.0,-74.85214024750385
1004400.0,-74.7838453064704
1005000.0,-74.76857000927411
1005600.0,-74.80601087952297
1006200.0,-74.89643510826222
1006800.0,-75.0406906603837
1007400.0,-75.24023885978056
1008000.0,-75.49721146527348
1008600.0,-75.81449565578356
1009200.0,-76.1958516598084
1009800.0,-76.64606856329165
1010400.0,-77.17116287141687
1011000.0,-77.77861842582125
1011600.0,-78.4776467896471
1012200.0,-79.27939202731582
1012800.0,-80.19685421002002
1013400.0,-81.24390437519864
1014000.0,-82.43168964569375
1014600.0,-83.75794136735297
1015200.0,-85.17843183093296
1015800.0,-86.54318275825224
1016400.0,-87.51628930535671
1017000.0,-87.67479811082947
1017600.0,-86.93723459235227
1018200.0,-85.67236010739461
1018800.0,-84.27058921648711
1019400.0,-82.93244119900172
1020000.0,-81.72576968316409
1020600.0,-80.66138855376474
1021200.0,-79.73058752965241
1021800.0,-78.91974551863117
1022400.0,-78.21541774563892
1023000.0,-77.60585817654722
1023600.0,-77.08127711868984
1024200.0,-76.63368720733052
1024800.0,-76.25664768767258
1025400.0,-75.94501440652208
1026000.0,-75.69472783527237
1026600.0,-75.50264441693496
1027200.0,-75.36640770239755
1027800.0,-75.28435374592632
1028400.0,-75.25544567332688
1029000.0,-75.27923355639054
1029600.0,-75.3558371177334
1030200.0,-75.48595017113968
1030800.0,-75.67086705831383
1031400.0,-75.91253269362412
1032000.0,-76.21361919659289
1032600.0,-76.57763339559084
1033200.0,-77.00906039192026
1033800.0,-77.51354789863633
1034400.0,-78.09813161876991
1035000.0,-78.77148675219405
1035600.0,-79.54414737006316
1036200.0,-80.4285180856955
1036800.0,-81.43818926402543
1037400.0,-82.58523326844858
1038000.0,-83.87198439080146
1038600.0,-85.26868113931643
1039200.0,-86.66079444890342
1039800.0,-87.76654437523064
1040400.0,-88.16111821217294
1041000.0,-87.63894528776503
1041600.0,-86.47862532396196
1042200.0,-85.09593072921058
1042800.0,-83.73845791488803
1043400.0,-82.50025385632503
1044000.0,-81.40274819172481
1044600.0,-80.4408510816414
1045200.0,-79.60185702000169
1045800.0,-78.87227180866027
1046400.0,-78.23999814686013
1047000.0,-77.6948370827561
1047600.0,-77.22841749556169
1048200.0,-76.83396320368934
1048800.0,-76.50604358190559
1049400.0,-76.24035488278233
1050000.0,-76.03354318649656
1050600.0,-75.88306742859919
1051200.0,-75.7870975161624
1051800.0,-75.7444424294097
1052400.0,-75.75450422288324
1053000.0,-75.81725515308553
1053600.0,-75.93323651781027
1054200.0,-76.10357911928418
1054800.0,-76.33004658438617
1055400.0,-76.61510410539502
1056000.0,-76.9620164561976
1056600.0,-77.37498012090722
1057200.0,-77.85929428581768
1057800.0,-78.42157221539055
1058400.0,-79.0699828032709
1059000.0,-79.81447814506754
1059600.0,-80.66687106197479
1060200.0,-81.64038224911131
1060800.0,-82.74762958383889
1061400.0,-83.99433954488048
1062000.0,-85.36194248379387
1062600.0,-86.76488885727936
1063200.0,-87.97313941443937
1063800.0,-88.5847695005217
1064400.0,-88.29611769792072
1065000.0,-87.26954341138645
1065600.0,-85.92305876282612
1066200.0,-84.55281811806006
1066800.0,-83.28464611882018
1067400.0,-82.15369523134413
1068000.0,-81.15979598560833
1068600.0,-80.29164899496433
1069200.0,-79.53587978483733
1069800.0,-78.88008665790564
1070400.0,-78.31366373940523
1071000.0,-77.82784397322118
1071600.0,-77.41550045118758
1072200.0,-77.07090176131314
1072800.0,-76.7894878668942
1073400.0,-76.56768484776828
1074000.0,-76.40275964622941
1074600.0,-76.29271065078794
1075200.0,-76.23618911205243
1075800.0,-76.2324471194128
1076400.0,-76.28130909097025
1077000.0,-76.38316504634248
1077600.0,-76.53898523774662
1078200.0,-76.75035700891328
1078800.0,-77.0195460525587
1079400.0,-77.34958550668641
1080000.0,-77.74439737479935
1080600.0,-78.20895097431303
1081200.0,-78.74946085190085
1081800.0,-79.37361763702526
1082400.0,-80.09081881320628
1083000.0,-80.91229445280506
1083600.0,-81.85083247194333
1084200.0,-82.91930564178324
1084800.0,-84.12588818935993
1085400.0,-85.460579925719
1086000.0,-86.8611059026597
1086600.0,-88.1441477417291
1087200.0,-88.94720673118394
1087800.0,-88.90144046293366
1088400.0,-88.03852832054346
1089000.0,-86.74909156428225
1089600.0,-85.37489276010349
1090200.0,-84.07927291474293
1090800.0,-82.91489818072003
1091400.0,-81.88818760761991
1092000.0,-80.98989333426063
1092600.0,-80.20699044509325
1093200.0,-79.52684267246426
1093800.0,-78.93844774483705
1094400.0,-78.43263295877874
1095000.0,-78.00190569156192
1095600.0,-77.64021899189089
1096200.0,-77.34274382596129
1096800.0,-77.1056760013948
1097400.0,-76.9260825198115
1098000.0,-76.8017843856345
1098600.0,-76.73127110027684
1099200.0,-76.71364244405456
1099800.0,-76.74857424212743
1100400.0,-76.83630607703572
1101000.0,-76.9776501968222
1101600.0,-77.17402213824057
1102200.0,-77.427494858582
1102800.0,-77.74087941813158
1103400.0,-78.11783635002428
1104000.0,-78.56302229973667
1104600.0,-79.08227502937181
1105200.0,-79.68283310501265
1105800.0,-80.37356600402228
1106400.0,-81.16513417266708
1107000.0,-82.06985002996629
1107600.0,-83.10062096099641
1108200.0,-84.26733607252248
1108800.0,-85.56648468179284
1109400.0,-86.95421246170287
1110000.0,-88.28766815559264
1110600.0,-89.2525550335521
1111200.0,-89.44896664143835
1111800.0,-88.77806896808369
1112400.0,-87.570190241338
1113000.0,-86.20356333414342
1113600.0,-84.88424814529375
1114200.0,-83.68693173237644
1114800.0,-82.62674294827346
1115400.0,-81.69732937613898
1116000.0,-80.88632439267303
1116600.0,-80.18095715122274
1117200.0,-79.56985050744578
1117800.0,-79.04341994120769
1118400.0,-78.59379282788233
1119000.0,-78.21459160633196
1119600.0,-77.9007049174726
1120200.0,-77.64808737041571
1120800.0,-77.45359748243912
1121400.0,-77.31487248640778
1122000.0,-77.23023565802455
1122600.0,-77.19863171335435
1123200.0,-77.21958673866965
1123800.0,-77.29319032287961
1124400.0,-77.42009882080231
1125000.0,-77.60155993020982
1125600.0,-77.83946000919451
1126200.0,-78.1363967990439
1126800.0,-78.49578133423377
1127400.0,-78.92197345260458
1128000.0,-79.42045443798261
1128600.0,-79.9980352940054
1129200.0,-80.66308324746754
1129800.0,-81.42570524599607
1130400.0,-82.29771144691978
1131000.0,-83.29187891076111
1131600.0,-84.41924602913812
1132200.0,-85.6811548645225
1132800.0,-87.04814737532149
1133400.0,-88.41133554843927
1134000.0,-89.50710861363952
1134600.0,-89.9349093703696
1135200.0,-89.48008193293117
1135800.0,-88.3814503520357
1136400.0,-87.03710972022884
1137000.0,-85.69942091606073
1137600.0,-84.47025820483346
1138200.0,-83.3761264695711
1138800.0,-82.41466541493438
1139400.0,-81.57457773776018
1140000.0,-80.84309751289119
1140600.0,-80.20850890143856
1141200.0,-79.66081434812577
1141800.0,-79.19174815988873
1142400.0,-78.79458694880019
1143000.0,-78.46392311665926
1143600.0,-78.1954584811323
1144200.0,-77.98583390804205
1144800.0,-77.83249592173622
1145400.0,-77.73359661643964
1146000.0,-77.68792246033394
1146600.0,-77.69484825416953
1147200.0,-77.75431363616026
1147800.0,-77.86682075122604
1148400.0,-78.03345293426574
1149000.0,-78.2559154862014
1149600.0,-78.53660083866487
1150200.0,-78.87868154003705
1150800.0,-79.28623526181623
1151400.0,-79.76440562548007
1152000.0,-80.31959899342128
1152600.0,-80.95970516724348
1153200.0,-81.69429585082548
1153800.0,-82.53466455098375
1154400.0,-83.493336464264
1155000.0,-84.58206538948198
1155600.0,-85.80576666809964
1156200.0,-87.14610565831782
1156800.0,-88.5220110180249
1157400.0,-89.71860315122379
1158000.0,-90.35822344552939
1158600.0,-90.13648341071996
1159200.0,-89.1768509318892
1159800.0,-87.87308185755847
1160400.0,-86.52430826648656
1161000.0,-85.2652016150998
1161600.0,-84.13694260102629
1162200.0,-83.1425785865442
1162800.0,-82.27242481848698
1163400.0,-81.51391140184154
1164000.0,-80.85503938660108
1164600.0,-80.28540375442785
1165200.0,-79.79633459020376
1165800.0,-79.38074755230254
1166400.0,-79.03292436493844
1167000.0,-78.7483017904932
1167600.0,-78.52329322733226
1168200.0,-78.3551469771139
1168800.0,-78.24183849405952
1169400.0,-78.1819923680831
1170000.0,-78.17483015530128
1170600.0,-78.22014118340952
1171200.0,-78.31827464625135
1171800.0,-78.47015251632197
1172400.0,-78.67730401225373
1173000.0,-78.94192356280547
1173600.0,-79.26695535142214
1174200.0,-79.65620839711076
1174800.0,-80.11450610362758
1175400.0,-80.64787163391787
1176000.0,-81.26374119895316
1176600.0,-81.97117092876317
1177200.0,-82.78093279780376
1177800.0,-83.70521250504177
1178400.0,-84.7561487465278
1179000.0,-85.94123583100973
1179600.0,-87.25063931691619
1180200.0,-88.62563289306145
1180800.0,-89.89543532866618
1181400.0,-90.72081547302994
1182000.0,-90.73995568256534
1182600.0,-89.94930907536781
1183200.0,-88.70816277937922
1183800.0,-87.35801074035166
1184400.0,-86.07191269256032
1185000.0,-84.90972420137632
1185600.0,-83.88171289070917
1186200.0,-82.98051992833896
1186800.0,-82.19402979822135
1187400.0,-81.51004159825796
1188000.0,-80.91775760930476
1188600.0,-80.40809536332517
1189200.0,-79.97359485152684
1189800.0,-79.60821225171443
1190400.0,-79.30710634281566
1191000.0,-79.06645256886785
1191600.0,-78.88329289068315
1192200.0,-78.75542013478785
1192800.0,-78.68129291695007
1193400.0,-78.65997716513982
1194000.0,-78.69111112719574
1194600.0,-78.77489188443123
1195200.0,-78.91208258327681
1195800.0,-79.10404079338161
1196400.0,-79.35276958462228
1197000.0,-79.66099406565486
1197600.0,-80.03226707399003
1198200.0,-80.47110797042109
1198800.0,-80.9831767706481
1199400.0,-81.57547889500258
1200000.0,-82.25657540934932
1200600.0,-83.03671909189667
1201200.0,-83.92769488676548
1201800.0,-84.94177674441354
1202400.0,-86.0882694794261
1203000.0,-87.36375994362962
1203600.0,-88.72718963045659
1204200.0,-90.04597611054537
1204800.0,-91.0273223073274
1205400.0,-91.2848085318501
1206000.0,-90.69089585420596
1206600.0,-89.53803852084435
1207200.0,-88.19910942686184
1207800.0,-86.89032281789365
1208400.0,-85.69491602651775
1209000.0,-84.63267500138616
1209600.0,-83.69949795432069
1210200.0,-82.88406947651042
1210800.0,-82.17410145339687
1211400.0,-81.5584305395201
1212000.0,-81.02755740144187
1212600.0,-80.57363249804729
1213200.0,-80.19027129738453
1213800.0,-79.8723410247606
1214400.0,-79.61576799579947
1215000.0,-79.41737908002574
1215600.0,-79.27477793399481
1216200.0,-79.18625261701119
1216800.0,-79.15071060649768
1217400.0,-79.16763788569745
1218000.0,-79.23707984152381
1218600.0,-79.3596428781167
1219200.0,-79.53651682836777
1219800.0,-79.76951941979173
1220400.0,-80.06116519977063
1221000.0,-80.41476232583805
1221600.0,-80.83454111079165
1222200.0,-81.32581716820462
1222800.0,-81.8951868596195
1223400.0,-82.55073708544009
1224000.0,-83.30220915456692
1224600.0,-84.16094641496619
1225200.0,-85.13917151365641
1225800.0,-86.24740913406706
1226400.0,-87.48703451749547
1227000.0,-88.83077229968684
1227600.0,-90.17806166326103
1228200.0,-91.28452314057444
1228800.0,-91.76776550782645
1229400.0,-91.39326202214312
1230000.0,-90.35730168089394
1230600.0,-89.04554495697154
1231200.0,-87.7200846160995
1231800.0,-86.49285198365322
1232400.0,-85.39602738793212
1233000.0,-84.42997377589963
1233600.0,-83.58463479149736
1234200.0,-82.84779380020834
1234800.0,-82.20796527699228
1235400.0,-81.6552342918085
1236000.0,-81.18134933371167
1236600.0,-80.7795698942106
1237200.0,-80.44445747621184
1237800.0,-80.1716773941847
1238400.0,-79.95783201774623
1239000.0,-79.80032870959506
1239600.0,-79.6972798818106
1240200.0,-79.64743128467047
1240800.0,-79.65011502733124
1241400.0,-79.70522480057795
1242000.0,-79.81321190444166
1242600.0,-79.97510184475298
1243200.0,-80.19253242801328
1243800.0,-80.46781542374852
1244400.0,-80.80402490593038
1245000.0,-81.20511603724503
1245600.0,-81.6760775379382
1246200.0,-82.22311736167492
1246800.0,-82.85386917327781
1247400.0,-83.57757448155802
1248000.0,-84.40510990714503
1248600.0,-85.34850930126385
1249200.0,-86.41906594030401
1249800.0,-87.62167023042396
1250400.0,-88.93967073843291
1251000.0,-90.29868138011929
1251600.0,-91.50054541015717
1252200.0,-92.18847967653119
1252800.0,-92.0482889339492
1253400.0,-91.15942902579451
1254000.0,-89.89448253523966
1254600.0,-88.5604968783352
1255200.0,-87.30372464921415
1255800.0,-86.17227810774904
1256400.0,-85.17254020090516
1257000.0,-84.29631873547336
1257600.0,-83.5316846213425
1258200.0,-82.86689524537002
1258800.0,-82.29162897054358
1259400.0,-81.79722207037359
1260000.0,-81.37656295458015
1260600.0,-81.02389270506158
1261200.0,-80.73460306220466
1261800.0,-80.50506180432168
1262400.0,-80.33247226737414
1263000.0,-80.21476559332842
1263600.0,-80.1505220569649
1264200.0,-80.13891784993288
1264800.0,-80.17969454246831
1265400.0,-80.27314952867758
1266000.0,-80.4201469110972
1266600.0,-80.62214942819918
1267200.0,-80.88127316668165
1267800.0,-81.20036786763039
1268400.0,-81.58312641532724
1269000.0,-82.0342269762486
1269600.0,-82.55950866425756
1270200.0,-83.16617259345404
1270800.0,-83.86297494118837
1271400.0,-84.66031246815098
1272000.0,-85.56993077758997
1272600.0,-86.60354927370437
1273200.0,-87.76858698295469
1273800.0,-89.05648724753817
1274400.0,-90.41383788163512
1275000.0,-91.68405019222449
1275600.0,-92.54963362229958
1276200.0,-92.6489171118518
1276800.0,-91.93688591507023
1277400.0,-90.7421732004167
1278000.0,-89.41041184495234
1278600.0,-88.12754520776197
1279200.0,-86.96186643901316
1279800.0,-85.9277641293973
1280400.0,-85.0197031733453
1281000.0,-84.22633278009513
1281600.0,-83.53574682724815
1282200.0,-82.93723613541174
1282800.0,-82.42171771507336
1283400.0,-81.98169430662648
1284000.0,-81.61107144788647
1284600.0,-81.30495404169422
1285200.0,-81.05946447983284
1285800.0,-80.87159370179984
1286400.0,-80.73908539936878
1287000.0,-80.66035013289365
1287600.0,-80.63440568763835
1288200.0,-80.66084066114223
1288800.0,-80.7397993049851
1289400.0,-80.87198676854989
1290000.0,-81.05869503112163
1290600.0,-81.30185094093716
1291200.0,-81.6040888634329
1291800.0,-81.96885131331668
1292400.0,-82.4005211386025
1293000.0,-82.90458710397628
1293600.0,-83.48783800369874
1294200.0,-84.15856105381087
1294800.0,-84.92666910081834
1295400.0,-85.80354943656637
1296000.0,-86.80108980761273
1296600.0,-87.92847784402065
1297200.0,-89.18325104278217
1297800.0,-90.52853386755967
1298400.0,-91.84354277624392
1299000.0,-92.85659458803508
1299600.0,-93.19002465720067
1300200.0,-92.68141416656027
1300800.0,-91.5838308220332
1301400.0,-90.2681240290697
1302000.0,-88.96409166964766
1302600.0,-87.76514328770807
1303200.0,-86.69618053046878
1303800.0,-85.75535811672592
1304400.0,-84.93229127974752
1305000.0,-84.21504132289775
1305600.0,-83.5925444156234
1306200.0,-83.05529577208344
1306800.0,-82.59539887202234
1307400.0,-82.20640831113441
1308000.0,-81.88312822721642
1308600.0,-81.62142410962225
1309200.0,-81.41806546735748
1309800.0,-81.27060177827076
1310400.0,-81.17726913895324
1311000.0,-81.13692397917683
1311600.0,-81.14900063911945
1312200.0,-81.21349055770231
1312800.0,-81.33094191864413
1313400.0,-81.50247972793017
1314000.0,-81.7298474222221
1314600.0,-82.01547220076375
1315200.0,-82.36255721519085
1315800.0,-82.77520418270123
1316400.0,-83.25856895028694
1317000.0,-83.81904761152131
1317600.0,-84.46447599200256
1318200.0,-85.20428575603619
1318800.0,-86.04945842702271
1319400.0,-87.01185802312506
1320000.0,-88.10185858538559
1320600.0,-89.32152401049987
1321200.0,-90.64683917042792
1321800.0,-91.98688269352536
1322400.0,-93.11672582588548
1323000.0,-93.66916444603513
1323600.0,-93.38454443505012
1324200.0,-92.41355685721571
1324800.0,-91.13124221729835
1325400.0,-89.81284304299471
1326000.0,-88.58234503102878
1326600.0,-87.47828368387992
1327200.0,-86.50383984308127
1327800.0,-85.65010798090998
1328400.0,-84.9052965990856
1329000.0,-84.2580383160424
1329600.0,-83.69841024879135
1330200.0,-83.21810465412395
1330800.0,-82.81030972262036
1331400.0,-82.4695142827524
1332000.0,-82.19131467455935
1332600.0,-81.9722492510938
1333200.0,-81.80966590228007
1333800.0,-81.70162097821759
1334400.0,-81.64680612956408
1335000.0,-81.64449971339363
1335600.0,-81.69454025229265
1336200.0,-81.7973204978388
1336800.0,-81.95380176391934
1337400.0,-82.16554931413452
1338000.0,-82.43479068580413
1338600.0,-82.76449982378568
1339200.0,-83.15851051133833
1339800.0,-83.62166207089982
1340400.0,-84.15997679173566
1341000.0,-84.78085733652142
1341600.0,-85.49326191036313
1342200.0,-86.3077361119605
1342800.0,-87.23597901107398
1343400.0,-88.28910775806948
1344000.0,-89.47249342161142
1344600.0,-90.77199973440347
1345200.0,-92.12100090784098
1345800.0,-93.33853778648955
1346400.0,-94.08696566282967
1347000.0,-94.03832946273229
1347600.0,-93.22435878189378
1348200.0,-91.99655078538869
1348800.0,-90.67289722110912
1349400.0,-89.41355915773686
1350000.0,-88.27451497559028
1350600.0,-87.26568759593391
1351200.0,-86.38032569299031
1351800.0,-85.60702841302458
1352400.0,-84.93419994747889
1353000.0,-84.3515114850185
1353600.0,-83.85023456080734
1354200.0,-83.42317571836199
1354800.0,-83.06449339113627
1355400.0,-82.76950179076088
1356000.0,-82.53449767229448
1356600.0,-82.35661932496214
1357200.0,-82.23373751246825
1357800.0,-82.16437519103269
1358400.0,-82.1476525583679
1359000.0,-82.18325468161821
1359600.0,-82.27141996603193
1360200.0,-82.41294882527123
1360800.0,-82.60923302630792
1361400.0,-82.86230728067386
1362000.0,-83.17492568223066
1362600.0,-83.55066633668578
1363200.0,-83.9940674270915
1363800.0,-84.51079553220043
1364400.0,-85.10783861890415
1365000.0,-85.79369274563513
1365600.0,-86.57845058530899
1366200.0,-87.4735442707594
1366800.0,-88.49049881436095
1367400.0,-89.63705040511755
1368000.0,-90.9065614581431
1368600.0,-92.25178972553316
1369200.0,-93.5308681701362
1369800.0,-94.4470827622883
1370400.0,-94.63622126071216
1371000.0,-94.00831845881186
1371600.0,-92.85987378646658
1372200.0,-91.54287097146975
1372800.0,-90.25867975927234
1373400.0,-89.08524633791727
1374000.0,-88.04141851652358
1374600.0,-87.12348152104457
1375200.0,-86.32075138075477
1375800.0,-85.62151054547421
1376400.0,-85.01504782180773
1377000.0,-84.49220808171543
1377600.0,-84.04540158619821
1378200.0,-83.66844085858625
1378800.0,-83.35634428103282
1379400.0,-83.10515583032192
1380000.0,-82.91179551410296
1380600.0,-82.77394208738386
1381200.0,-82.68994538556207
1381800.0,-82.65876480881712
1382400.0,-82.67993099050251
1383000.0,-82.75352863179351
1383600.0,-82.88019956196291
1384200.0,-83.06116618806654
1384800.0,-83.29827659878681
1385400.0,-83.59407363510084
1386000.0,-83.9518910916446
1386600.0,-84.37598041988662
1387200.0,-84.87166972946171
1387800.0,-85.4455506802516
1388400.0,-86.10567099671748
1389000.0,-86.86166334512407
1389600.0,-87.72462109871826
1390200.0,-88.70622567328404
1390800.0,-89.81585477316298
1391400.0,-91.05249207090905
1392000.0,-92.38411490766238
1392600.0,-93.70222365945313
1393200.0,-94.75570759407807
1393800.0,-95.17393436622142
1394400.0,-94.75696452470689
1395000.0,-93.71596591478047
1395600.0,-92.42078200276825
1396200.0,-91.11735067133166
1396800.0,-89.91075818708468
1397400.0,-88.83152035032232
1398000.0,-87.8801053061948
1398600.0,-87.04697954236596
1399200.0,-86.32045177257787
1399800.0,-85.68946711978688
1400400.0,-85.14444283637637
1401000.0,-84.67737938465021
1401600.0,-84.28172759280511
1402200.0,-83.95219561774807
1402800.0,-83.68456272070078
1403400.0,-83.47552125025791
1404000.0,-83.32255092059894
1404600.0,-83.2238234883059
1405200.0,-83.17813444202787
1405800.0,-83.18485855804721
1406400.0,-83.24392703455439
1407000.0,-83.35582496636184
1407600.0,-83.52160901868706
1408200.0,-83.74294625616639
1408800.0,-84.02217614923879
1409400.0,-84.36239870336784
1410000.0,-84.76759210368141
1410600.0,-85.24276235104517
1411200.0,-85.79412287017661
1411800.0,-86.42928852136158
1412400.0,-87.15743228248039
1413000.0,-87.9892600496971
1413600.0,-88.9364229647376
1414200.0,-90.00938765116612
1414800.0,-91.21129197845718
1415400.0,-92.52190143388825
1416000.0,-93.86033875669702
1416600.0,-95.02078541809095
1417200.0,-95.65009002471314
1417800.0,-95.46187678961586
1418400.0,-94.5584678508594
1419000.0,-93.3039162377895
1419600.0,-91.98889397255152
1420200.0,-90.75121043820842
1420800.0,-89.636441335657
1421400.0,-88.65071694277097
1422000.0,-87.78622645415788
1422600.0,-87.03150678920298
1423200.0,-86.37521813242518
1423800.0,-85.80735600485758
1424400.0,-85.31949935136015
1425000.0,-84.90472147049557
1425600.0,-84.55740525190903
1426200.0,-84.27305253504066
1426800.0,-84.04811790651371
1427400.0,-83.87987436918993
1428000.0,-83.76631008812512
1428600.0,-83.70605303546489
1429200.0,-83.69832025441441
1429800.0,-83.74288919999015
1430400.0,-83.84008962560372
1431000.0,-83.99081557051262
1431600.0,-84.19655809817147
1432200.0,-84.45946051121459
1432800.0,-84.78239874709273
1433400.0,-85.16909028397335
1434000.0,-85.6242344806173
1434600.0,-86.15368410719293
1435200.0,-86.7646376355708
1435800.0,-87.46581411553157
1436400.0,-88.26750085748384
1437000.0,-89.18118199897187
1437600.0,-90.21799367611291
1438200.0,-91.3840902335719
1438800.0,-92.66825485927116
1439400.0,-94.01194321282738
1440000.0,-95.25113545053514
1440600.0,-96.06646238372727
1441200.0,-96.11549340228319
1441800.0,-95.3799767834267
1442400.0,-94.18868891722254
1443000.0,-92.87222181459597
1443600.0,-91.60660488322034
1444200.0,-90.4565765188166
1444800.0,-89.43582228751607
1445400.0,-88.5390047113984
1446000.0,-87.75516106731017
1446600.0,-87.0727517346192
1447200.0,-86.48136565168221
1447800.0,-85.97215121447086
1448400.0,-85.53778860843832
1449000.0,-85.17231984365397
1449600.0,-84.8709558591785
1450200.0,-84.62990262382526
1450800.0,-84.4462180903727
1451400.0,-84.317700740039
1452000.0,-84.24280691495815
1452600.0,-84.22059358680563
1453200.0,-84.2506837841849
1453800.0,-84.33325286121297
1454400.0,-84.46903486041603
1455000.0,-84.65934931467594
1455600.0,-84.90614991618182
1456200.0,-85.21209749513227
1456800.0,-85.58066051334235
1457400.0,-86.01624626211984
1458000.0,-86.52436381994066
1458600.0,-87.11181225596735
1459200.0,-87.78686637430303
1459800.0,-88.5593771302579
1460400.0,-89.44056332461574
1461000.0,-90.44191452036428
1461600.0,-91.57172493123527
1462200.0,-92.82559241269166
1462800.0,-94.16269392582323
1463400.0,-95.4556566875979
1464000.0,-96.42775336640159
1464600.0,-96.71201068853662
1465200.0,-96.17228954278542
1465800.0,-95.07051668374626
1466400.0,-93.76573048908092
1467000.0,-92.47673694066935
1467600.0,-91.29224953650457
1468200.0,-90.23590729116262
1468800.0,-89.30582477204014
1469400.0,-88.49190290792322
1470000.0,-87.78252200035962
1470600.0,-87.16689194797121
1471200.0,-86.63572541670376
1471800.0,-86.18129454876166
1472400.0,-85.79728440506614
1473000.0,-85.47860078103936
1473600.0,-85.22118939369362
1474200.0,-85.02188410758883
1474800.0,-84.87828702134854
1475400.0,-84.78867820534711
1476000.0,-84.7519517469817
1476600.0,-84.76757511843756
1477200.0,-84.83556976997679
1477800.0,-84.95651190206462
1478400.0,-85.13155345741397
1479000.0,-85.36246446014047
1479600.0,-85.65169887194949
1480200.0,-86.00248699741455
1480800.0,-86.41895775362653
1481400.0,-86.90629278594969
1482000.0,-87.47090887932424
1482600.0,-88.12064902321767
1483200.0,-88.86492007238098
1483800.0,-89.71460658078341
1484400.0,-90.6813153419827
1485000.0,-91.77480902883894
1485600.0,-92.99576844155371
1486200.0,-94.31721728710143
1486800.0,-95.64272893958803
1487400.0,-96.74096396594788
1488000.0,-97.24819138012089
1488600.0,-96.92686547426204
1489200.0,-95.94372955951334
1489800.0,-94.6671777261267
1490400.0,-93.3611345842586
1491000.0,-92.14368867384172
1491600.0,-91.05142987532304
1492200.0,-90.08719291191802
1492800.0,-89.24222360927959
1493400.0,-88.504987118366
1494000.0,-87.86435829569777
1494600.0,-87.31061426075047
1495200.0,-86.83560536912736
1495800.0,-86.43264336629288
1496400.0,-86.0963139191633
1497000.0,-85.822290058886
1497600.0,-85.60717179247065
1498200.0,-85.44835750191942
1498800.0,-85.34394579402507
1499400.0,-85.29266457108835
1500000.0,-85.29382416608259
1500600.0,-85.34729217613695
1501200.0,-85.4534886504571
1501800.0,-85.6134013704039
1502400.0,-85.82862204750487
1503000.0,-86.10140532715343
1503600.0,-86.43475342122373
1504200.0,-86.83252970291656
1504800.0,-87.29960388162095
1505400.0,-87.84202742754944
1506000.0,-88.46722579009395
1506600.0,-89.18416143377725
1507200.0,-90.00333821224453
1507800.0,-90.93630554633523
1508400.0,-91.99378335927784
1509000.0,-93.18018639177112
1509600.0,-94.47921395513643
1510200.0,-95.81984031681566
1510800.0,-97.01453793607477
1511400.0,-97.72387426719695
1512000.0,-97.63551808447056
1512600.0,-96.80156544533007
1513200.0,-95.57354811854226
1513800.0,-94.2589822868728
1514400.0,-93.01099573687279
1515000.0,-91.88280894355424
1515600.0,-90.88360808769785
1516200.0,-90.00661721029118
1516800.0,-89.24061012535995
1517400.0,-88.57419235304064
1518000.0,-87.99721298117211
1518600.0,-87.50108872511385
1519200.0,-87.0787415728603
1519800.0,-86.72442137988595
1520400.0,-86.43351524035991
1521000.0,-86.20237877114882
1521600.0,-86.02819863751675
1522200.0,-85.9088862166711
1522800.0,-85.84299942076248
1523400.0,-85.82968940010642
1524000.0,-85.86866950484301
1524600.0,-85.96020486776696
1525200.0,-86.10512204275827
1525800.0,-86.30483922264851
1526400.0,-86.56141863524233
1527000.0,-86.8776437056294
1527600.0,-87.25712425388805
1528200.0,-87.70443275625867
1528800.0,-88.22527197967192
1529400.0,-88.82666525875453
1530000.0,-89.51713584648301
1530600.0,-90.30677750016065
1531200.0,-91.20695502037358
1531800.0,-92.22895882450544
1532400.0,-93.37989444956777
1533000.0,-94.65159034347363
1533600.0,-95.99341580077703
1534200.0,-97.25748363685027
1534800.0,-98.1420380088664
1535400.0,-98.29127589277542
1536000.0,-97.63630124765241
1536600.0,-96.4809180243691
1537200.0,-95.16902827768527
1537800.0,-93.89410600601767
1538400.0,-92.7304097542349
1539000.0,-91.6955574207443
1539600.0,-90.78557971353662
1540200.0,-89.98985942888677
1540800.0,-89.29682695675311
1541400.0,-88.69592074759876
1542000.0,-88.17811483173355
1542600.0,-87.73592522195995
1543200.0,-87.36324965111913
1543800.0,-87.05517519832766
1544400.0,-86.80780176267972
1545000.0,-86.61809559375325
1545600.0,-86.48377447240166
1546200.0,-86.40322199332388
1546800.0,-86.37542760977239
1547400.0,-86.39994958446084
1548000.0,-86.47689891877243
1548600.0,-86.60694339231097
1549200.0,-86.79133193409513
1549800.0,-87.03194063019076
1550400.0,-87.33134270136837
1551000.0,-87.69290559276506
1551600.0,-88.12091844008268
1552200.0,-88.62075141019297
1552800.0,-89.19904177138397
1553400.0,-89.86388267689846
1554000.0,-90.62494126891934
1554600.0,-91.49330678443265
1555200.0,-92.48054968769203
1555800.0,-93.59566481645265
1556400.0,-94.836593684087
1557000.0,-96.16879499897723
1557600.0,-97.47863486429908
1558200.0,-98.50840004760914
1558800.0,-98.88926996718162
1559400.0,-98.43957601812731
1560000.0,-97.38434089533285
1560600.0,-96.08947467967519
1561200.0,-94.79273729356997
1561800.0,-93.59452468637514
1562400.0,-92.52350993123378
1563000.0,-91.57960765937474
1563600.0,-90.75320908094541
1564200.0,-90.03270093383053
1564800.0,-89.40714160096987
1565400.0,-88.86705738930101
1566000.0,-88.4045427435158
1566600.0,-88.01312643838428
1567200.0,-87.6875806331515
1567800.0,-87.42373735533656
1568400.0,-87.21833300647064
1569000.0,-87.06888477491198
1569600.0,-86.97359706723468
1570200.0,-86.93129464241409
1570800.0,-86.94137938456905
1571400.0,-87.0038085026445
1572000.0,-87.11909298656259
1572600.0,-87.28831623771305
1573200.0,-87.51317388174468
1573800.0,-87.79603682744838
1574400.0,-88.14004054012815
1575000.0,-88.54920389556659
1575600.0,-89.0285799495718
1576200.0,-89.5844361764432
1576800.0,-90.224447494138
1577400.0,-90.95784755461355
1578000.0,-91.79538682709085
1578600.0,-92.74869966924146
1579200.0,-93.82805805658495
1579800.0,-95.03593758490987
1580400.0,-96.35030417886821
1581000.0,-97.6861310969164
1581600.0,-98.83066911810573
1582200.0,-99.42744653115602
1582800.0,-99.20294149928841
1583400.0,-98.27778645373101
1584000.0,-97.01785268489138
1584600.0,-95.70632600688256
1585200.0,-94.47534820325694
1585800.0,-93.36790805203913
1586400.0,-92.3891958856059
1587000.0,-91.53113874930831
1587600.0,-90.78225978781992
1588200.0,-90.13128532233388
1588800.0,-89.56829445708453
1589400.0,-89.08494563080183
1590000.0,-88.67438144871984
1590600.0,-88.33104343143887
1591200.0,-88.05048272611435
1591800.0,-87.82919568417007
1592400.0,-87.6644912444474
1593000.0,-87.55438918847452
1593600.0,-87.49754608617039
1594200.0,-87.49320569512157
1594800.0,-87.54117132666116
1595400.0,-87.64179870683128
1596000.0,-87.79600894509946
1596600.0,-88.005322319163
1597200.0,-88.27191466008621
1597800.0,-88.59869909584864
1598400.0,-88.98943651933465
1599000.0,-89.44887767879145
1599600.0,-89.98293645301521
1600200.0,-90.5988832353516
1600800.0,-91.3055184587205
1601400.0,-92.1132117321892
1602000.0,-93.03350230128157
1602600.0,-94.07747454981661
1603200.0,-95.25091200690609
1603800.0,-96.54137728866843
1604400.0,-97.88712336418112
1605000.0,-99.11765103939163
1605600.0,-99.90691125454586
1606200.0,-99.9186254820332
1606800.0,-99.15418032667475
1607400.0,-97.9508895147091
1608000.0,-96.63394826574192
1608600.0,-95.37294457175797
1609200.0,-94.2291563231311
1609800.0,-93.21483426313522
1610400.0,-92.32413331865752
1611000.0,-91.54595624313372
1611600.0,-90.86876823184555
1612200.0,-90.28220927780274
1612800.0,-89.77748922447843
1613400.0,-89.34734712586226
1614000.0,-88.98587736099209
1614600.0,-88.68833630688785
1615200.0,-88.45096925573722
1615800.0,-88.2708685447718
1616400.0,-88.14586330143646
1617000.0,-88.07443789756873
1617600.0,-88.05567575109126
1618200.0,-88.08922572633628
1618800.0,-88.17528936028049
1619400.0,-88.31462822131883
1620000.0,-88.50859180673103
1620600.0,-88.75916747595622
1621200.0,-89.0690549410283
1621800.0,-89.4417686005612
1622400.0,-89.88177096933556
1623000.0,-90.39463823507583
1623600.0,-90.98725113191026
1624200.0,-91.6679823656316
1624800.0,-92.44679457945418
1625400.0,-93.33501674156469
1626000.0,-94.34419518736347
1626600.0,-95.48247592424966
1627200.0,-96.74469409142405
1627800.0,-98.08766592819423
1628400.0,-99.37840481781095
1629000.0,-100.3318031886169
1629600.0,-100.58041688399786
1630200.0,-100.0055992238005
1630800.0,-98.88438120439753
1631400.0,-97.5742247889311
1632000.0,-96.2872066486133
1632600.0,-95.1076065189292
1633200.0,-94.0570031340677
1633800.0,-93.13268203436826
1634400.0,-92.32425062047466
1635000.0,-91.62001391416028
1635600.0,-91.00919105394864
1636200.0,-90.48253345321397
1636800.0,-90.03235934009382
1637400.0,-89.65239871770936
1638000.0,-89.33759840079254
1638600.0,-89.08394076692083
1639200.0,-88.88829246816258
1639800.0,-88.74828532796492
1640400.0,-88.66222697741442
1641000.0,-88.62903780607624
1641600.0,-88.64821123549132
1642200.0,-88.71979524314912
1642800.0,-88.84439413598855
1643400.0,-89.02319067504038
1644000.0,-89.25798975445517
1644600.0,-89.55128590108325
1645200.0,-89.90635774101342
1645800.0,-90.32739287598505
1646400.0,-90.81964525431722
1647000.0,-91.38962144599512
1647600.0,-92.0452756603726
1648200.0,-92.79614949920999
1648800.0,-93.65328001937512
1649400.0,-94.62841329987722
1650000.0,-95.73133334829954
1650600.0,-96.96231579709278
1651200.0,-98.29273738520217
1651800.0,-99.62158098093703
1652400.0,-100.70873662105743
1653000.0,-101.18450341830716
1653600.0,-100.82367138073047
1654200.0,-99.81309556699057
1654800.0,-98.52520984044901
1655400.0,-97.21780385356327
1656000.0,-96.00353827391973
1656600.0,-94.91616711060735
1657200.0,-93.95727707268884
1657800.0,-93.11761101038988
1658400.0,-92.38545386083986
1659000.0,-91.74963567583245
1659600.0,-91.20044353212441
1660200.0,-90.72975803471593
1660800.0,-90.33092692624714
1661400.0,-89.99857174980687
1662000.0,-89.72839922710654
1662600.0,-89.51704046989315
1663200.0,-89.36192269593363
1663800.0,-89.26117169696116
1664400.0,-89.21354165717567
1665000.0,-89.21836910880705
1665600.0,-89.27554865795166
1666200.0,-89.38552917042006
1666800.0,-89.5493302106213
1667400.0,-89.7685796407383
1668000.0,-90.04557437314985
1668600.0,-90.3833672402773
1669200.0,-90.78588348953005
1669800.0,-91.25806971687597
1670400.0,-91.80607405760341
1671000.0,-92.43744405727087
1671600.0,-93.16129517760555
1672200.0,-93.98831649026506
1672800.0,-94.93025955415743
1673400.0,-95.99799454270943
1674000.0,-97.19580781636573
1674600.0,-98.50633805041538
1675200.0,-99.85499113550006
1675800.0,-101.04597068598977
1676400.0,-101.7300559590656
1677000.0,-101.60020198886762
1677600.0,-100.7307422912249
1678200.0,-99.48426753982886
1678800.0,-98.16411740246315
1679400.0,-96.91713407866474
1680000.0,-95.79276679935194
1680600.0,-94.79841139696612
1681200.0,-93.92651320242592
1681800.0,-93.16552802075073
1682400.0,-92.50394640093505
1683000.0,-91.93159062079432
1683600.0,-91.4398878306733
1684200.0,-91.02178509578584
1684800.0,-90.67156205509492
1685400.0,-90.38463610677604
1686000.0,-90.15739215371006
1686600.0,-89.98704481882449
1687200.0,-89.8715323755589
1687800.0,-89.80943912228598
1688400.0,-89.79994279810343
1689000.0,-89.84278438642644
1689600.0,-89.93825868184541
1690200.0,-90.08722510559898
1690800.0,-90.29113937194833
1691400.0,-90.55210771901478
1692000.0,-90.87296644866889
1692600.0,-91.2573902537832
1693200.0,-91.71003262495782
1693800.0,-92.23669893248018
1694400.0,-92.84454362326115
1695000.0,-93.5422575452448
1695600.0,-94.34014511435447
1696200.0,-95.24982127416195
1696800.0,-96.2828246530822
1697400.0,-97.44634537902755
1698000.0,-98.73162271362929
1698600.0,-100.08539270896924
1699200.0,-101.35251489487096
1699800.0,-102.2193944282529
1700400.0,-102.32798350374918
1701000.0,-101.63005892269715
1701600.0,-100.44794395348077
1702200.0,-99.12516113712142
1702800.0,-97.84844728450798
1703400.0,-96.68720790901233
1704000.0,-95.65657571571751
1704600.0,-94.75144031495576
1705200.0,-93.96068524318468
1705800.0,-93.27253448051943
1706400.0,-92.67635244029037
1707000.0,-92.16309858873947
1707600.0,-91.72530053052269
1708200.0,-91.3568784496091
1708800.0,-91.052945786554
1709400.0,-90.80962970734168
1710000.0,-90.623923525715
1710600.0,-90.4935717097208
1711200.0,-90.41698446975792
1711800.0,-90.39317838280127
1712400.0,-90.42174011778138
1713000.0,-90.50281132634153
1713600.0,-90.63709386791109
1714200.0,-90.82587566704008
1714800.0,-91.07107862529611
1715400.0,-91.37533108921147
1716000.0,-91.7420682500082
1716600.0,-92.17566405219308
1717200.0,-92.68159649454523
1717800.0,-93.26664156159882
1718400.0,-93.93907182977645
1719000.0,-94.70878504142705
1719600.0,-95.58715737481728
1720200.0,-96.58608195712742
1720800.0,-97.71480140288412
1721400.0,-98.9710415086648
1722000.0,-100.31843890323398
1722600.0,-101.6373467716407
1723200.0,-102.65768557482599
1723800.0,-103.00167158145065
1724400.0,-102.50306607321902
1725000.0,-101.41185118635333
1725600.0,-100.09948711355199
1726200.0,-98.79736156750249
1726800.0,-97.59984706394548
1727400.0,-96.5322543146341
1728000.0,-95.5928820578289
1728600.0,-94.77138359733294
1729200.0,-94.05581973151715
1729800.0,-93.43511384850109
1730400.0,-92.89974592967627
1731000.0,-92.44180519385402
1731600.0,-92.05483392140088
1732200.0,-91.73362595508364
1732800.0,-91.47403828735825
1733400.0,-91.27283344120002
1734000.0,-91.12755515256724
1734600.0,-91.03643480045338
1735200.0,-90.99832495359897
1735800.0,-91.01265683307913
1736400.0,-91.07941943877137
1737000.0,-91.19915919196194
1737600.0,-91.37300008003129
1738200.0,-91.60268542999137
1738800.0,-91.8906435490863
1739400.0,-92.24008045048171
1740000.0,-92.6551033779092
1740600.0,-93.14087792031395
1741200.0,-93.70381680715427
1741800.0,-94.35178411290659
1742400.0,-95.09425987952304
1743000.0,-95.94230986451976
1743600.0,-96.90794772664725
1744200.0,-98.00181790887822
1744800.0,-99.22647305383609
1745400.0,-100.55873651791339
1746000.0,-101.90884032775985
1746600.0,-103.05226266897604
1747200.0,-103.61854098445784
1747800.0,-103.34153285563377
1748400.0,-102.37059023941927
1749000.0,-101.0850768981033
1749600.0,-99.76354015061922
1750200.0,-98.53097349942158
1750800.0,-97.4259194750382
1751400.0,-96.45133354056695
1752000.0,-95.59809054371244
1752600.0,-94.8542310477417
1753200.0,-94.20826737294307
1753800.0,-93.6501917101905
1754400.0,-93.17163612408707
1755000.0,-92.76574568510115
1755600.0,-92.42697795316704
1756200.0,-92.15090634948797
1756800.0,-91.93405231116996
1757400.0,-91.77375124121362
1758000.0,-91.66805037835383
1758600.0,-91.61563494776539
1759200.0,-91.61577914233419
1759800.0,-91.6683193692036
1760400.0,-91.77364828787759
1761000.0,-91.93272931487387
1761600.0,-92.14713241430272
1762200.0,-92.41909313929185
1762800.0,-92.75159794132784
1763400.0,-93.14849948442834
1764000.0,-93.61466536848184
1764600.0,-94.15616047123314
1765200.0,-94.78045249984639
1765800.0,-95.49660094022768
1766400.0,-96.31531267140241
1767000.0,-97.24854940708398
1767600.0,-98.30786310794393
1768200.0,-99.49934214464982
1768800.0,-100.80996241071196
1769400.0,-102.17442528771727
1770000.0,-103.41175355387188
1770600.0,-104.17892504381001
1771200.0,-104.13765492297969
1771800.0,-103.31775144194275
1772400.0,-102.07922276522991
1773000.0,-100.74636311300056
1773600.0,-99.4807856353757
1774200.0,-98.33802412184835
1774800.0,-97.32729352102196
1775400.0,-96.44128293107991
1776000.0,-95.66820684251205
1776600.0,-94.99621369870839
1777200.0,-94.41480445292727
1777800.0,-93.91513579936196
1778400.0,-93.4899354983053
1779000.0,-93.13330706083633
1779600.0,-92.84052592147856
1780200.0,-92.60786127187465
1780800.0,-92.43243186784284
1781400.0,-92.31209490774984
1782000.0,-92.24536443187174
1782600.0,-92.23135557254125
1783200.0,-92.26975177139892
1783800.0,-92.36079316653331
1784400.0,-92.5052854995977
1785000.0,-92.70463005687287
1785600.0,-92.96087631987027
1786200.0,-93.27680011272224
1786800.0,-93.6560109177642
1787400.0,-94.10309215269518
1788000.0,-94.6237761650026
1788600.0,-95.22514798392803
1789200.0,-95.91584968706806
1789800.0,-96.70619838735817
1790400.0,-97.60797852040557
1791000.0,-98.63327648023456
1791600.0,-99.79071942231671
1792200.0,-101.07500295001189
1792800.0,-102.44044393363382
1793400.0,-103.74521888237511
1794000.0,-104.68621148043701
1794600.0,-104.88488161276562
1795200.0,-104.24604104262563
1795800.0,-103.07840832611646
1796400.0,-101.74485145145192
1797000.0,-100.44936136585028
1797600.0,-99.26899226524326
1798200.0,-98.22126196361643
1798800.0,-97.30144678389752
1799400.0,-96.49819541724524
1800000.0,-95.79936210587819
1800600.0,-95.19395972457993
1801200.0,-94.67265244533948
1801800.0,-94.22772991688734
1802400.0,-93.85292272102555
1803000.0,-93.54319281192406
1803600.0,-93.2945450555155
1804200.0,-93.10387248977892
1804800.0,-92.9688357502968
1805400.0,-92.88777332830028
1806000.0,-92.85963880066672
1806600.0,-92.88396184078192
1807200.0,-92.96083087591718
1807800.0,-93.09089641486278
1808400.0,-93.27539524646471
1809000.0,-93.51619688761366
1809600.0,-93.81587481331451
1810200.0,-94.17780601052662
1810800.0,-94.60630286206738
1811400.0,-95.10678022091122
1812000.0,-95.68595506905618
1812600.0,-96.35205956223636
1813200.0,-97.11500339355517
1813800.0,-97.98630443223225
1814400.0,-98.97830405274206
1815000.0,-100.10140335467311
1815600.0,-101.35609398610922
1816200.0,-102.71215015698529
1816800.0,-104.06144838081082
1817400.0,-105.14639601778539
1818000.0,-105.57875252249453
1818600.0,-105.14758306831114
1819200.0,-104.07820591533147
1819800.0,-102.7575774478911
1820400.0,-101.43662073549889
1821000.0,-100.21920669452419
1821600.0,-99.13373674597563
1822200.0,-98.17907684495032
1822800.0,-97.34465524714022
1823400.0,-96.61813085672735
1824000.0,-95.988040461931
1824600.0,-95.44454028080297
1825200.0,-94.97946048156864
1825800.0,-94.5861386919522
1826400.0,-94.25920674771945
1827000.0,-93.99439212553324
1827600.0,-93.78835226972741
1828200.0,-93.638544075954
1828800.0,-93.54312557619168
1829400.0,-93.50088582521572
1830000.0,-93.51119949270304
1830600.0,-93.57400368246586
1831200.0,-93.68979567138106
1831800.0,-93.85965144722942
1832400.0,-94.08526611958096
1833000.0,-94.36901846430216
1833600.0,-94.71406296441342
1834200.0,-95.1244534304763
1834800.0,-95.60530182647369
1835400.0,-96.16297219580738
1836000.0,-96.80529732326971
1836600.0,-97.54177172441295
1837200.0,-98.38358488828243
1837800.0,-99.34312580800166
1838400.0,-100.43198630124957
1839000.0,-101.65494906268876
1839600.0,-102.99379541866071
1840200.0,-104.36848143878831
1840800.0,-105.56732314065482
1841400.0,-106.2175533934243
1842000.0,-106.01442739576169
1842600.0,-105.07321824217388
1843200.0,-103.7825627280495
1843800.0,-102.44227958858902
1844400.0,-101.18899327636832
1845000.0,-100.06520931754493
1845600.0,-99.07467581925566
1846200.0,-98.20805517090102
1846800.0,-97.45294752599091
1847400.0,-96.79743723489763
1848000.0,-96.23115969313463
1848600.0,-95.74546382763728
1849200.0,-95.33327311870609
1849800.0,-94.98887142950201
1850400.0,-94.70769473096607
1851000.0,-94.48615413911212
1851600.0,-94.32149493827151
1852200.0,-94.21168922105517
1852800.0,-94.15535806889056
1853400.0,-94.15171947519656
1854000.0,-94.20055918884897
1854600.0,-94.30222282697507
1855200.0,-94.45762880738314
1855800.0,-94.66830286446815
1856400.0,-94.93643612482806
1857000.0,-95.26496988489014
1857600.0,-95.65771115231074
1858200.0,-96.1194830765023
1858800.0,-96.65631200377062
1859400.0,-97.27564399037684
1860000.0,-97.98655794650706
1860600.0,-98.79987403113057
1861200.0,-99.7278768508217
1861800.0,-100.78290696350015
1862400.0,-101.9728705054095
1863000.0,-103.28875755139637
1863600.0,-104.67334824890243
1864200.0,-105.95781097103925
1864800.0,-106.80261498580842
1865400.0,-106.83925075132535
1866000.0,-106.05710270908293
1866600.0,-104.81716857763344
1867200.0,-103.4657928583569
1867800.0,-102.17860109784158
1868400.0,-101.01615907550111
1869000.0,-99.9887532688013
1869600.0,-99.088874478545
1870200.0,-98.30424926956825
1870800.0,-97.6225484440142
1871400.0,-97.03287733301434
1872000.0,-96.52608170555736
1872600.0,-96.09464851194801
1873200.0,-95.7324944929897
1873800.0,-95.43474886774172
1874400.0,-95.19756476925608
1875000.0,-95.01796726100207
1875600.0,-94.89373641942414
1876200.0,-94.82332139965843
1876800.0,-94.80578140381309
1877400.0,-94.84075037875597
1878000.0,-94.92842343486716
1878600.0,-95.06956420256878
1879200.0,-95.26553357275448
1879800.0,-95.51834149908714
1880400.0,-95.83072475973474
1881000.0,-96.20625463807497
1881600.0,-96.6494789456985
1882200.0,-97.1661014515253
1882800.0,-97.76319547779634
1883400.0,-98.4494292607219
1884000.0,-99.23522845115968
1884600.0,-100.13266365933022
1885200.0,-101.15449156433229
1885800.0,-102.31084220817874
1886400.0,-103.59968223895534
1887000.0,-104.98198719497807
1887600.0,-106.32684496673619
1888200.0,-107.33816772148461
1888800.0,-107.61617026595562
1889400.0,-107.0227243573663
1890000.0,-105.85798812480611
1890600.0,-104.50628649415187
1891200.0,-103.18817757017291
1891800.0,-101.98704617488673
1892400.0,-100.92182409491869
1893000.0,-99.98760288347404
1893600.0,-99.1724830288846
1894200.0,-98.46378044117571
1894800.0,-97.85006611884532
1895400.0,-97.321660899296
1896000.0,-96.8705916181627
1896600.0,-96.49038736107161
1897200.0,-96.1758541320652
1897800.0,-95.92287443631776
1898400.0,-95.72824372218298
1899000.0,-95.58954334340942
1899600.0,-95.50504605542157
1900200.0,-95.4736497045265
1900800.0,-95.49483557283439
1901400.0,-95.56864900648735
1902000.0,-95.69570119929942
1902600.0,-95.87719225090092
1903200.0,-96.11495687259907
1903800.0,-96.411535369285
1904400.0,-96.77027369983736
1905000.0,-97.19545717691518
1905600.0,-97.69248180491306
1906200.0,-98.26806296032433
1906800.0,-98.93046698622277
1907400.0,-99.68971169798462
1908000.0,-100.55757648049374
1908600.0,-101.54698588834933
1909200.0,-102.66960518020585
1909800.0,-103.92861912513368
1910400.0,-105.29928177624313
1911000.0,-106.68295805869138
1911600.0,-107.83079526294358
1912200.0,-108.34152030982028
1912800.0,-107.96248079345189
1913400.0,-106.90075724767725
1914000.0,-105.56247787117648
1914600.0,-104.21773752148262
1915200.0,-102.97830244180045
1915800.0,-101.87440653411619
1916400.0,-100.90474037220025
1917000.0,-100.0581056630428
1917600.0,-99.32154756383932
1918200.0,-98.68310513108561
1918800.0,-98.13255302146459
1919400.0,-97.66143316103316
1920000.0,-97.2628649664558
1920600.0,-96.93131344517982
1921200.0,-96.66237676291914
1921800.0,-96.45261051801575
1922400.0,-96.29938996854422
1923000.0,-96.20080645660649
1923600.0,-96.15559344755552
1924200.0,-96.16307827968697
1924800.0,-96.22315687443923
1925400.0,-96.33628992150267
1926000.0,-96.50352032368083
1926600.0,-96.72651295976293
1927200.0,-97.00761911185953
1927800.0,-97.34996915234098
1928400.0,-97.75759807509507
1929000.0,-98.23560849623105
1929600.0,-98.7903730089935
1930200.0,-99.42976753924803
1930800.0,-100.16339757713395
1931400.0,-101.00269870520462
1932000.0,-101.9605800179243
1932600.0,-103.04971793477947
1933200.0,-104.27714337119016
1933800.0,-105.62916576905863
1934400.0,-107.03383581973705
1935000.0,-108.28863980520603
1935600.0,-109.01440899215474
1936200.0,-108.8688210716567
1936800.0,-107.94031014617207
1937400.0,-106.63258613071206
1938000.0,-105.26712527614352
1938600.0,-103.99032000232673
1939200.0,-102.84701959534858
1939800.0,-101.8407969250619
1940400.0,-100.96158401145935
1941000.0,-100.1962720748012
1941600.0,-99.53237938373334
1942200.0,-98.95911416644367
1942800.0,-98.46750743170837
1943400.0,-98.05024531882034
1944000.0,-97.70143262482038
1944600.0,-97.41636830884349
1945200.0,-97.19135697987136
1945800.0,-97.02355972126418
1946400.0,-96.91088088222713
1947000.0,-96.85188604939997
1947600.0,-96.84574691988101
1948200.0,-96.89220993215072
1948800.0,-96.99158679925306
1949400.0,-97.1447663824344
1950000.0,-97.35324864364138
1950600.0,-97.61920272466566
1951200.0,-97.94555251034375
1951800.0,-98.33609419179375
1952400.0,-98.79565084765363
1953000.0,-99.3302675127147
1953600.0,-99.94744298933978
1954200.0,-100.65637247435232
1954800.0,-101.46811386731355
1955400.0,-102.39542727693859
1956000.0,-103.45160409057351
1956600.0,-104.64645921831313
1957200.0,-105.97475815405906
1957800.0,-107.3861260141819
1958400.0,-108.72055309345524
1959000.0,-109.63690265160682
1959600.0,-109.7349351724884
1960200.0,-108.97061484283594
1960800.0,-107.71423664009815
1961400.0,-106.3359687974814
1962000.0,-105.02343719235746
1962600.0,-103.84017984506917
1963200.0,-102.79629210174039
1963800.0,-101.88339488078975
1964400.0,-101.0883839905297
1965000.0,-100.39827944903516
1965600.0,-99.80170439484111
1966200.0,-99.28915170021799
1966800.0,-98.8528488905882
1967400.0,-98.48651977633452
1968000.0,-98.18514798379518
1968600.0,-97.94477501874171
1969200.0,-97.76233895720962
1969800.0,-97.63555098202207
1970400.0,-97.56280481635578
1971000.0,-97.54311439543515
1971600.0,-97.5760762237527
1972200.0,-97.66185417115068
1972800.0,-97.80118579245334
1973400.0,-97.99541057776283
1974000.0,-98.24652187146135
1974600.0,-98.55724555570137
1975200.0,-98.93114987686806
1975800.0,-99.37279164304103
1976400.0,-99.88790339091486
1977000.0,-100.48362124487765
1977600.0,-101.168736886626
1978200.0,-101.95391076394479
1978800.0,-102.85165859934203
1979400.0,-103.87558946439727
1980000.0,-105.03748542701936
1980600.0,-106.33850272170514
1981200.0,-107.74540246208667
1981800.0,-109.13535566821804
1982400.0,-110.21378478071199
1983000.0,-110.5555270655003
1983600.0,-109.98492967119157
1984200.0,-108.80436798907124
1984800.0,-107.42362528383454
1985400.0,-106.07792127721052
1986000.0,-104.85439746236028
1986600.0,-103.77175450200912
1987200.0,-102.82402495725205
1987800.0,-101.99832078226235
1988400.0,-101.28120090452954
1989000.0,-100.66068701246164
1989600.0,-100.12670540732205
1990200.0,-99.67099778169855
1990800.0,-99.28688446407457
1991400.0,-98.96901624618685
1992000.0,-98.71315836007074
1992600.0,-98.51601623575152
1993200.0,-98.3751010904407
1993800.0,-98.288630294214
1994400.0,-98.25545747166883
1995000.0,-98.27502835114615
1995600.0,-98.34735970938618
1996200.0,-98.4730401272462
1996800.0,-98.65325262004532
1997400.0,-98.88982056570097
1998000.0,-99.18527974230186
1998600.0,-99.54298066501755
1999200.0,-99.96722652162433
1999800.0,-100.46345208376582
2000400.0,-101.03844589287056
2001000.0,-101.700606283066
2001600.0,-102.46018706573983
2002200.0,-103.3293932792021
2002800.0,-104.32193066912988
2003400.0,-105.45092414950992
2004000.0,-106.72229809981738
2004600.0,-108.11622817074999
2005200.0,-109.54129488289253
2005800.0,-110.75195919697893
2006400.0,-111.3275245453573
2007000.0,-110.97611789835386
2007600.0,-109.89915586627674
2008200.0,-108.52911822687963
2008800.0,-107.15394748872059
2009400.0,-105.8901714826116
2010000.0,-104.76772111948465
2010600.0,-103.78397065536825
2011200.0,-102.92652693779458
2011800.0,-102.18154357731734
2012400.0,-101.53642760653084
2013000.0,-100.98050909813801
2013600.0,-100.50501461891832
2014200.0,-100.10283661970426
2014800.0,-99.76827404230436
2015400.0,-99.4968015251787
2016000.0,-99.28488134749054
2016600.0,-99.12981729839883
2017200.0,-99.0296453820507
2017800.0,-98.98305592704054
2018400.0,-98.98934265413773
2019000.0,-99.0483756232969
2019600.0,-99.16059638597648
2020200.0,-99.32703505488819
2020800.0,-99.54935038735287
2021400.0,-99.82989539825736
2022000.0,-100.1718124599502
2022600.0,-100.57916316042923
2023200.0,-101.05709879680559
2023800.0,-101.61207569942846
2024400.0,-102.25211137526956
2025000.0,-102.98705168877274
2025600.0,-103.82874684066084
2026200.0,-104.79083690479449
2026800.0,-105.88731546490203
2027400.0,-107.12761149867349
2028000.0,-108.50227133142376
2028600.0,-109.94571972958883
2029200.0,-111.25965788116291
2029800.0,-112.05055657704393
2030400.0,-111.93713699387388
2031000.0,-110.99397551022602
2031600.0,-109.65106712513287
2032200.0,-108.25157391254847
2032800.0,-106.94798415430769
2033400.0,-105.7847366151538
2034000.0,-104.76373791046802
2034600.0,-103.87345335937678
2035200.0,-103.09971053902981
2035800.0,-102.42929278849732
2036400.0,-101.85090304029328
2037000.0,-101.35522113559986
2037600.0,-100.93468513172631
2038200.0,-100.58322143279214
2038800.0,-100.29599850687005
2039400.0,-100.06922404181205
2040000.0,-99.89998623269018
2040600.0,-99.78613415880558
2041200.0,-99.7261914211931
2041800.0,-99.71929811326964
2042400.0,-99.76517758862506
2043000.0,-99.86412594155871
2043600.0,-100.017023549742
2044200.0,-100.22536943825067
2044800.0,-100.49134066976993
2045400.0,-100.81788046255353
2046000.0,-101.20882019360195
2046600.0,-101.66904145924234
2047200.0,-102.2046837504925
2047800.0,-102.8233978352751
2048400.0,-103.53462611561918
2049000.0,-104.34983658325504
2049600.0,-105.28248631106965
2050200.0,-106.34707990424027
2050800.0,-107.55557415993965
2051400.0,-108.90644097902552
2052000.0,-110.35494162670636
2052600.0,-111.74563571254123
2053200.0,-112.72706880078543
2053800.0,-112.86167774716517
2054400.0,-112.08343185725353
2055000.0,-110.78761297732083
2055600.0,-109.37071188909043
2056200.0,-108.02829437502902
2056800.0,-106.82335257786025
2057400.0,-105.76384193841793
2058000.0,-104.83955657670124
2058600.0,-104.03610680650277
2059200.0,-103.33964858135546
2059800.0,-102.73822546222748
2060400.0,-102.22193636194893
2061000.0,-101.78273604813498
2061600.0,-101.41415583790767
2062200.0,-101.11104106983711
2062800.0,-100.86933238739584
2063400.0,-100.68589347552367
2064000.0,-100.55838035678866
2064600.0,-100.48514601621868
2065200.0,-100.46517491155767
2065800.0,-100.49804334122291
2066400.0,-100.58390315652298
2067000.0,-100.72348778428713
2067600.0,-100.91814097250663
2068200.0,-101.16987014365343
2068800.0,-101.48142777746463
2069400.0,-101.85642580736891
2070000.0,-102.29948933800266
2070600.0,-102.81645619484613
2071200.0,-103.4146254675244
2071800.0,-104.10304478172509
2072400.0,-104.89278520813167
2073000.0,-105.79703794731779
2073600.0,-106.83055110875179
2074200.0,-108.00705909193078
2074800.0,-109.33102153205505
2075400.0,-110.77422963120824
2076000.0,-112.21849294625088
2076600.0,-113.36204407373583
2077200.0,-113.7448723672322
2077800.0,-113.16149109343698
2078400.0,-111.93634554912305
2079000.0,-110.5110917846636
2079600.0,-109.13153021287954
2080200.0,-107.88412686213493
2080800.0,-106.7848069966559
2081400.0,-105.82529775009179
2082000.0,-104.99113768750279
2082600.0,-104.26785837968833
2083200.0,-103.64281033085433
2083800.0,-103.10547434834704
2084400.0,-102.64729031345212
2085000.0,-102.26136982214189
2085600.0,-101.94221659903991
2086200.0,-101.6854906881028
2086800.0,-101.48782154429946
2087400.0,-101.34666540099168
2088000.0,-101.26020026961358
2088600.0,-101.22725257190382
2089200.0,-101.24725085067247
2089800.0,-101.32020358374605
2090400.0,-101.4466996671205
2091000.0,-101.62793161935609
2091600.0,-101.8657430646867
2092200.0,-102.16270361580382
2092800.0,-102.52221592635964
2093400.0,-102.94866123074614
2094000.0,-103.44759052162325
2094600.0,-104.0259667995094
2095200.0,-104.69245458664729
2095800.0,-105.45772280469107
2096400.0,-106.3346402207061
2097000.0,-107.33800045137349
2097600.0,-108.48274289600708
2098200.0,-109.77779492288624
2098800.0,-111.20788833312476
2099400.0,-112.68619565801073
2100000.0,-113.96240647932792
2100600.0,-114.58393955355677
2101200.0,-114.22174448827191
2101800.0,-113.09424240534356
2102400.0,-111.6722244220781
2103000.0,-110.25808059777233
2103600.0,-108.96762314955309
2104200.0,-107.82716619709406
2104800.0,-106.83114143472324
2105400.0,-105.96520670110147
2106000.0,-105.21428038730862
2106600.0,-104.56498456948778
2107200.0,-104.0061413165755
2107800.0,-103.52864093584532
2108400.0,-103.12514831813118
2109000.0,-102.7898053960482
2109600.0,-102.51797685483189
2110200.0,-102.30604733697957
2110800.0,-102.1512659212007
2111400.0,-102.05163080302944
2112000.0,-102.00580757485723
2112600.0,-102.013075977294
2113200.0,-102.07330165277968
2113800.0,-102.18693104057287
2114400.0,-102.35500909550085
2115000.0,-102.57922104383564
2115600.0,-102.86196098994779
2116200.0,-103.20643189056256
2116800.0,-103.61678313552028
2117400.0,-104.09829328138402
2118000.0,-104.65760502663373
2118600.0,-105.30301352410359
2119200.0,-106.04478736772256
2119800.0,-106.89543635347852
2120400.0,-107.86965511035761
2121000.0,-108.98315389910935
2121600.0,-110.24814542036525
2122200.0,-111.65937686954992
2122800.0,-113.1557995608461
2123400.0,-114.53626289425938
2124000.0,-115.378616600088
2124600.0,-115.257819540178
2125200.0,-114.25763457257574
2125800.0,-112.85335910423578
2126400.0,-111.40828638748604
2127000.0,-110.07441094310721
2127600.0,-108.89146144850844
2128200.0,-107.8575540748791
2128800.0,-106.958712986034
2129400.0,-106.17926442901755
2130000.0,-105.50506460171489
2130600.0,-104.92423212374875
2131200.0,-104.42706946864652
2131800.0,-104.00576517153168
2132400.0,-103.65407730536452
2133000.0,-103.36705911592787
2133600.0,-103.1408389217481
2134200.0,-102.97245061282119
2134800.0,-102.85970722641324
2135400.0,-102.80111033486163
2136000.0,-102.79578949017883
2136600.0,-102.84346771791412
2137200.0,-102.94445074898954
2137800.0,-103.09963928081173
2138400.0,-103.31056513012099
2139000.0,-103.57945376956609
2139600.0,-103.90931748844373
2140200.0,-104.30408526769878
2140800.0,-104.76877712594415
2141400.0,-105.30973120406152
2142000.0,-105.9348883791854
2142600.0,-106.65412392039818
2143200.0,-107.47956729802694
2143800.0,-108.42571074403875
2144400.0,-109.50870875054135
2145000.0,-110.74314604793707
2145600.0,-112.13144027636707
2146200.0,-113.6333421353605
2146800.0,-115.09214834661286
2147400.0,-116.13126457078492
2148000.0,-116.26392156103202
2148600.0,-115.42221873049839
2149200.0,-114.05344016022471
2149800.0,-112.58243118011333
2150400.0,-111.20506630279537
2151000.0,-109.97824363522764
2151600.0,-108.90500219692541
2152200.0,-107.97204809668276
2152800.0,-107.16314800266059
2153400.0,-106.46335207952534
2154000.0,-105.86002589618457
2154600.0,-105.34284166429
2155200.0,-104.90347886630423
2155800.0,-104.53528752898305
2156400.0,-104.23299192410627
2157000.0,-103.99245153029702
2157600.0,-103.81047630671871
2158200.0,-103.68468827195288
2158800.0,-103.61342138767412
2159400.0,-103.59565329608111
2160000.0,-103.63096431793947
2160600.0,-103.71952091594322
2161200.0,-103.86208250152481
2161800.0,-104.06003208650695
2162400.0,-104.31543293840886
2163000.0,-104.63111518515075
2163600.0,-105.0107982589154
2164200.0,-105.4592570046389
2164800.0,-105.98254053468764
2165400.0,-106.58825137687955
2166000.0,-107.28588223020536
2166600.0,-108.0871723408905
2167200.0,-109.00633961876643
2167800.0,-110.05973937762127
2168400.0,-111.26362752349803
2169000.0,-112.62623563873001
2169600.0,-114.12385290348101
2170200.0,-115.63839896987363
2170800.0,-116.84661658944664
2171400.0,-117.23544442173574
2172000.0,-116.58313929129365
2172600.0,-115.2710653046565
2173200.0,-113.78073247783355
2173800.0,-112.36017375472267
2174400.0,-111.0880731934155
2175000.0,-109.97395027248177
2175600.0,-109.00559207025333
2176200.0,-108.16625142446264
2176800.0,-107.44012863613493
2177400.0,-106.81378066839866
2178000.0,-106.27620213500329
2178600.0,-105.81852726504273
2179200.0,-105.43367146608918
2179800.0,-105.11601089487186
2180400.0,-104.86112258635822
2181000.0,-104.66558307575988
2181600.0,-104.52681696635317
2182200.0,-104.44298661411288
2182800.0,-104.41291570145124
2183400.0,-104.4360414633581
2184000.0,-104.512392244225
2184600.0,-104.64258882954579
2185200.0,-104.82786967523751
2185800.0,-105.07014185196539
2186400.0,-105.37206134097008
2187000.0,-105.73714833141358
2187600.0,-106.16994531029648
2188200.0,-106.67622755400131
2188800.0,-107.26327560648814
2189400.0,-107.94021301374569
2190000.0,-108.71838748906539
2190600.0,-109.61169476236876
2191200.0,-110.63651182895137
2191800.0,-111.81023150001714
2192400.0,-113.14544378575364
2193000.0,-114.63143393935735
2193600.0,-116.18271114073494
2194200.0,-117.53123662169118
2194800.0,-118.16954618695532
2195400.0,-117.73516293959231
2196000.0,-116.50445087790546
2196600.0,-115.00333412010939
2197200.0,-113.54032997457753
2197800.0,-112.22152130839066
2198400.0,-111.06485823519692
2199000.0,-110.05970864293815
2199600.0,-109.18887190326825
2200200.0,-108.43564948668124
2200800.0,-107.78572684862692
2201400.0,-107.2273678390848
2202000.0,-106.75112118072136
2202600.0,-106.34943838956154
2203200.0,-106.01632658575498
2203800.0,-105.74706557633249
2204400.0,-105.53798818190783
2205000.0,-105.38631463800994
2205600.0,-105.29003129201327
2206200.0,-105.24780549489002
2206800.0,-105.25893073421715
2207400.0,-105.32329811517064
2208000.0,-105.44139216901934
2208600.0,-105.61431071706332
2209200.0,-105.84381025472075
2209800.0,-106.13238017227472
2210400.0,-106.48335119472927
2211000.0,-106.90104571627514
2211600.0,-107.39097995362243
2212200.0,-107.96012898072192
2212800.0,-108.61726243998199
2213400.0,-109.3733415913706
2214000.0,-110.24191047135287
2214600.0,-111.23923815115782
2215200.0,-112.3834500608387
2215800.0,-113.69036265573169
2216400.0,-115.15937305312187
2217000.0,-116.73188765067728
2217600.0,-118.19282341581118
2218200.0,-119.06556514505881
2218800.0,-118.87295970864
2219400.0,-117.75141104273209
2220000.0,-116.25030129752875
2220600.0,-114.74615009025173
2221200.0,-113.37917206881468
2221800.0,-112.17817867034833
2222400.0,-111.1347394960289
2223000.0,-110.23127637811547
2223600.0,-109.45013569533285
2224200.0,-108.77605932277345
2224800.0,-108.19652020291193
2225400.0,-107.70143658673766
2226000.0,-107.28276376123416
2226600.0,-106.93411691202208
2227200.0,-106.65046255019814
2227800.0,-106.42787864421557
2228400.0,-106.26337353359789
2229000.0,-106.15475274387805
2229600.0,-106.10052460812429
2230200.0,-106.0998379386394
2230800.0,-106.15244722858966
2231400.0,-106.25870286198271
2232000.0,-106.41956564636972
2232600.0,-106.63664676825002
2233200.0,-106.91227615725084
2233800.0,-107.24960435466147
2234400.0,-107.65274538693434
2235000.0,-108.12697072067287
2235600.0,-108.67896640927334
2236200.0,-109.31716464565154
2236800.0,-110.05215001334128
2237400.0,-110.89709927088782
2238000.0,-111.86808206605971
2238600.0,-112.98365322923763
2239200.0,-114.2619815504691
2239800.0,-115.71026393436392
2240400.0,-117.29173652861226
2241000.0,-118.83950724351166
2241600.0,-119.92517207361536
2242200.0,-119.99148594114745
2242800.0,-119.00935993437139
2243400.0,-117.52161992184412
2244000.0,-115.97827776890058
2244600.0,-114.56162607691768
2245200.0,-113.31435377323925
2245800.0,-112.2309974637678
2246400.0,-111.29369298882168
2247000.0,-110.483764958625
2247600.0,-109.784928036711
2248200.0,-109.18379570958264
2248800.0,-108.66960528674929
2249400.0,-108.23377999963581
2250000.0,-107.86951800143859
2250600.0,-107.57145504414787
2251200.0,-107.33540220716016
2251800.0,-107.15814781025114
2252400.0,-107.03731133209084
2253000.0,-106.97123909540566
2253600.0,-106.95893405863758
2254200.0,-107.0000144971359
2254800.0,-107.09469851332551
2255400.0,-107.24381324880449
2256000.0,-107.44882952230783
2256600.0,-107.71192454066265
2257200.0,-108.03607747464638
2257800.0,-108.42520518460529
2258400.0,-108.88434820089944
2259000.0,-109.41991978887674
2259600.0,-110.04003187480944
2260200.0,-110.75490554299931
2260800.0,-111.57734521170573
2261400.0,-112.52315885766912
2262000.0,-113.61110586420952
2262600.0,-114.8610370132204
2263200.0,-116.28611757547063
2263800.0,-117.86707544814804
2264400.0,-119.47925210781429
2265000.0,-120.75221541576639
2265600.0,-121.0864361460351
2266200.0,-120.27534689237525
2266800.0,-118.8172026471893
2267400.0,-117.23740071772303
2268000.0,-115.76950629145352
2268600.0,-114.47381233390519
2269200.0,-113.34875875312045
2269800.0,-112.3763011624925
2270400.0,-111.5366608560636
2271000.0,-110.81242699005199
2271600.0,-110.18927486935694
2272200.0,-109.65570394227021
2272800.0,-109.20256557596281
2273400.0,-108.82261334502225
2274000.0,-108.51013326187413
2274600.0,-108.26065652668137
2275200.0,-108.07074270132512
2275800.0,-107.93781958083555
2276400.0,-107.8600681902642
2277000.0,-107.8363442201852
2277600.0,-107.86612991052496
2278200.0,-107.94951272935187
2278800.0,-108.08718925274663
2279400.0,-108.2804945775735
2280000.0,-108.5314595641382
2280600.0,-108.84290038935178
2281200.0,-109.21854744621272
2281800.0,-109.66322363351327
2282400.0,-110.18308533386106
2283000.0,-110.78594175898462
2283600.0,-111.48166607366745
2284200.0,-112.28269318242226
2284800.0,-113.20452953438132
2285400.0,-114.26597484906358
2286000.0,-115.48805156747312
2286600.0,-116.88845646088495
2287200.0,-118.46179705327968
2287800.0,-120.11941940459535
2288400.0,-121.55229467237746
2289000.0,-122.15469916120946
2289600.0,-121.54613415093912
2290200.0,-120.13690432362975
2290800.0,-118.52427392030647
2291400.0,-117.00346735866717
2292000.0,-115.65696734772617
2292600.0,-114.48825451621451
2293200.0,-113.47922055450043
2293800.0,-112.60888076325361
2294400.0,-111.85858180017449
2295000.0,-111.21296969792469
2295600.0,-110.65974154656415
2296200.0,-110.18913249428857
2296800.0,-109.7934212638147
2297400.0,-109.46652350056306
2298000.0,-109.20367652537122
2298600.0,-109.0012017736249
2299200.0,-108.85632931035863
2299800.0,-108.76707129188307
2300400.0,-108.73213451018394
2301000.0,-108.75086515957298
2301600.0,-108.82322152527209
2302200.0,-108.94977249640772
2302800.0,-109.13172182457025
2303400.0,-109.37096006756569
2304000.0,-109.67014837676759
2304600.0,-110.03284089447848
2305200.0,-110.46365567727287
2305800.0,-110.96850772301809
2306400.0,-111.5549211750082
2307000.0,-112.2324384877439
2307600.0,-113.01313372501694
2308200.0,-113.91218901388771
2308800.0,-114.94832698201266
2309400.0,-116.1433564481341
2310000.0,-117.51838747515656
2310600.0,-119.07895979255915
2311200.0,-120.76649685029528
2311800.0,-122.33215998272654
2312400.0,-123.1947309926717
2313000.0,-122.81832234844829
2313600.0,-121.48055000784792
2314200.0,-119.8397539908923
2314800.0,-118.26421056079221
2315400.0,-116.86421554171856
2316000.0,-115.6496627318544
2316600.0,-114.60249966429154
2317200.0,-113.70040315871152
2317800.0,-112.9233364957767
2318400.0,-112.25481028960516
2319000.0,-111.68164586793498
2319600.0,-111.19341261176729
2320200.0,-110.7818810864053
2320800.0,-110.44057415561156
2321400.0,-110.1644201961981
2322000.0,-109.94949250142318
2322600.0,-109.7928169544584
2323200.0,-109.69223300229352
2323800.0,-109.64629670711165
2324400.0,-109.65421803537156
2325000.0,-109.71582736579295
2325600.0,-109.8315685783785
2326200.0,-110.00251821067964
2326800.0,-110.2304322535268
2327400.0,-110.51782441597298
2328000.0,-110.86808234066028
2328600.0,-111.28563151168248
2329200.0,-111.77616056821853
2329800.0,-112.3469261072792
2330400.0,-113.00715810271866
2331000.0,-113.7685826944712
2331600.0,-114.64604779628216
2332200.0,-115.65811748790455
2332800.0,-116.82709900952311
2333400.0,-118.17665183477457
2334000.0,-119.72087918278449
2334600.0,-121.42596274536041
2335200.0,-123.09905842700226
2335800.0,-124.20675515940188
2336400.0,-124.08852049753597
2337000.0,-122.8479785943844
2337600.0,-121.18484979271497
2338200.0,-119.55250815076533
2338800.0,-118.0959415213254
2339400.0,-116.83310264067323
2340000.0,-115.74610613754476
2340600.0,-114.8111161718756
2341200.0,-114.00654123809332
2341800.0,-113.31463204978118
2342400.0,-112.72125029595992
2343000.0,-112.21524411688166
2343600.0,-111.7878392443251
2344200.0,-111.43214141154454
2344800.0,-111.14275386386629
2345400.0,-110.91549107454257
2346000.0,-110.74716789247104
2346600.0,-110.6354469571267
2347200.0,-110.57873158597101
2347800.0,-110.57609517888193
2348400.0,-110.62724132646653
2349000.0,-110.73249139321493
2349600.0,-110.8927986041451
2350200.0,-111.10978982623683
2350800.0,-111.38583853767938
2351400.0,-111.72417517439709
2352000.0,-112.12904438497317
2352600.0,-112.60592294239257
2353200.0,-113.16181710669295
2353800.0,-113.80566312165298
2354400.0,-114.54885507931436
2355000.0,-115.40590640134253
2355600.0,-116.39516863596084
2356200.0,-117.5392348673467
2356800.0,-118.86365119929914
2357400.0,-120.38920284891066
2358000.0,-122.10224132206817
2358600.0,-123.86012815016741
2359200.0,-125.19272702921548
2359800.0,-125.35354274166487
2360400.0,-124.23910430336795
2361000.0,-122.56079753303942
2361600.0,-120.86924404036351
2362200.0,-119.35253211962055
2362800.0,-118.03863662838864
2363400.0,-116.90992323058879
2364000.0,-115.94081150764347
2364600.0,-115.10794480880891
2365200.0,-114.39216715282022
2365800.0,-113.77828441793439
2366400.0,-113.25436127287477
2367000.0,-112.81103819699551
2367600.0,-112.4409773491128
2368200.0,-112.13843946851367
2368800.0,-111.89896885034166
2369400.0,-111.7191620555242
2370000.0,-111.59650056885553
2370600.0,-111.52923277329565
2371200.0,-111.51629501725323
2371800.0,-111.55726507083949
2372400.0,-111.65234409850852
2373000.0,-111.80236568922332
2373600.0,-112.00883273719008
2374200.0,-112.27398532690317
2374800.0,-112.60090550912295
2375400.0,-112.99366826976578
2376000.0,-113.45755239470012
2376600.0,-113.99933051736093
2377200.0,-114.62766397626497
2377800.0,-115.35363257023322
2378400.0,-116.19142189032675
2379000.0,-117.15913765970497
2379600.0,-118.27950415892381
2380200.0,-119.57944894864413
2380800.0,-121.08495818944814
2381400.0,-122.79870390064667
2382000.0,-124.62189644956142
2382600.0,-126.156043630005
2383200.0,-126.61059437326927
2383800.0,-125.6539959103059
2384400.0,-123.96917426102804
2385000.0,-122.21548425357206
2385600.0,-120.63441248761964
2386200.0,-119.2662899394546
2386800.0,-118.09376197416654
2387400.0,-117.08919258322715
2388000.0,-116.22720008615741
2388600.0,-115.48704791942279
2389200.0,-114.85237555342606
2389800.0,-114.31039424942215
2390400.0,-113.85111464920378
2391000.0,-113.46672660837609
2391600.0,-113.15112971812765
2392200.0,-112.89958602134796
2392800.0,-112.70846612301864
2393400.0,-112.57506574945597
2394000.0,-112.49747598015861
2394600.0,-112.47449547366648
2395200.0,-112.50557698706685
2395800.0,-112.5908036093621
2396400.0,-112.7308927258288
2397000.0,-112.92722809391584
2397600.0,-113.18192283333946
2398200.0,-113.49791891367632
2398800.0,-113.87913219316951
2399400.0,-114.33065661497707
2400000.0,-114.85904717087921
2400600.0,-115.47270873632368
2401200.0,-116.18242545965371
2401800.0,-117.0020664078014
2402400.0,-117.94947329065337
2403000.0,-119.04739076083096
2403600.0,-120.32374476691584
2404200.0,-121.80856403127908
2404800.0,-123.51767525871847
2405400.0,-125.3898881135475
2406000.0,-127.10102457895715
2406600.0,-127.85738484149874
2407200.0,-127.09296823219819
2407800.0,-125.41207483373503
2408400.0,-123.5926039578702
2409000.0,-121.9421280191578
2409600.0,-120.51611010224092
2410200.0,-119.29740913826386
2410800.0,-118.25591548025886
2411400.0,-117.36389985620733
2412000.0,-116.59883839452152
2412600.0,-115.94307662984309
2413200.0,-115.38289365304348
2413800.0,-114.90762099667717
2414400.0,-114.50894494947866
2415000.0,-114.18038391261148
2415600.0,-113.91690481188269
2416200.0,-113.71464416127571
2416800.0,-113.57070702785565
2417400.0,-113.48302460006089
2418000.0,-113.45025701534395
2418600.0,-113.47173262134382
2419200.0,-113.54741831465932
2419800.0,-113.67791840813419
2420400.0,-113.8645019725047
2421000.0,-114.10916109841716
2421600.0,-114.41470535000859
2422200.0,-114.78490120819043
2422800.0,-115.22466997253083
2423400.0,-115.74036392556263
2424000.0,-116.34014898378979
2424600.0,-117.034532125799
2425200.0,-117.83707967250996
2425800.0,-118.76536132534888
2426400.0,-119.8420632612953
2427000.0,-121.09581939506761
2427600.0,-122.55979727142869
2428200.0,-124.26040872155552
2428800.0,-126.16830813074696
2429400.0,-128.03220951158045
2430000.0,-129.09207473081662
2430600.0,-128.5566683148633
2431200.0,-126.89240025792763
2431800.0,-125.00252677355192
2432400.0,-123.27652335735449
2433000.0,-121.78831267844672
2433600.0,-120.52075367616021
2434200.0,-119.44070215356801
2434800.0,-118.51767974896677
2435400.0,-117.72712874795452
2436000.0,-117.0499532182064
2436600.0,-116.471411056868
2437200.0,-115.98010000480123
2437800.0,-115.56716857969981
2438400.0,-115.2257323003285
2439000.0,-114.95044914247401
2439600.0,-114.73721279109523
2440200.0,-114.58293233713341
2440800.0,-114.48537616336534
2441400.0,-114.44306475368305
2442000.0,-114.45520233518593
2442600.0,-114.52164113431543
2443200.0,-114.64287508671867
2443800.0,-114.82006248778359
2444400.0,-115.05507965752352
2445000.0,-115.35061057804404
2445600.0,-115.7102810332381
2446200.0,-116.13885055184632
2446800.0,-116.64248205396844
2447400.0,-117.22911825644917
2448000.0,-117.90900596446802
2448600.0,-118.69542259650407
2449200.0,-119.60566319516573
2449800.0,-120.6622978177768
2450400.0,-121.89444497938781
2451000.0,-123.3377019611427
2451600.0,-125.02699187841058
2452200.0,-126.95972831033914
2452800.0,-128.95349443048698
2453400.0,-130.31291755146688
2454000.0,-130.04611000167165
2454600.0,-128.4143541674592
2455200.0,-126.44819692199933
2455800.0,-124.63913066336461
2456400.0,-123.0836149725813
2457000.0,-121.76408430673695
2457600.0,-120.64361135064175
2458200.0,-119.68846803627109
2458800.0,-118.87176764699943
2459400.0,-118.17280115054594
2460000.0,-117.57570386247274
2460600.0,-117.06827843443746
2461200.0,-116.64109770445276
2461800.0,-116.28685042971689
2462400.0,-115.9998704312901
2463000.0,-115.77579889384032
2463600.0,-115.6113429175312
2464200.0,-115.50410457975246
2464800.0,-115.45246303221009
2465400.0,-115.45549810926126
2466000.0,-115.5129482711012
2466600.0,-115.62519905709922
2467200.0,-115.79330104318386
2467800.0,-116.01901899354829
2468400.0,-116.3049168362808
2469000.0,-116.65448671798599
2469600.0,-117.07233523667651
2470200.0,-117.56444676389704
2470800.0,-118.13855350419898
2471400.0,-118.80465561571131
2472000.0,-119.57575232062715
2472600.0,-120.46886100014828
2473200.0,-121.5063878960165
2473800.0,-122.7177552887106
2474400.0,-124.14041998337957
2475000.0,-125.81613113026039
2475600.0,-127.76466708843387
2476200.0,-129.86704843116965
2476800.0,-131.5173636072876
2477400.0,-131.5625346456257
2478000.0,-129.984353192975
2478600.0,-127.93455773838008
2479200.0,-126.03302256103
2479800.0,-124.40398768626615
2480400.0,-123.02876688052619
2481000.0,-121.86565926676255
2481600.0,-120.87706142881524
2482200.0,-120.03340162354526
2482800.0,-119.31215563596064
2483400.0,-118.69621877628
2484000.0,-118.17252835432826
2484600.0,-117.73103829679266
2485200.0,-117.36398334550466
2485800.0,-117.06535566522729
2486400.0,-116.83053258541536
2487000.0,-116.65601186111303
2487600.0,-116.53922460811883
2488200.0,-116.47840588637186
2488800.0,-116.47250978007925
2489400.0,-116.5211607329259
2490000.0,-116.6246365790194
2490600.0,-116.7838817381824
2491200.0,-117.00055185221656
2491800.0,-117.27709415166807
2492400.0,-117.61687150810553
2493000.0,-118.02434303312553
2493600.0,-118.50532105152743
2494200.0,-119.06733445938374
2494800.0,-119.72014341823153
2495400.0,-120.47647142967479
2496000.0,-121.35304669262203
2496600.0,-122.37205955566763
2497200.0,-123.56306995675608
2497800.0,-124.9649043536079
2498400.0,-126.62472352658341
2499000.0,-128.58087393499483
2499600.0,-130.77177856226513
2500200.0,-132.7001621301
2500800.0,-133.10675228457694
2501400.0,-131.6128092105472
2502000.0,-129.47069314116828
2502600.0,-127.46474314174617
2503200.0,-125.75437285401202
2503800.0,-124.31879656769942
2504400.0,-123.1102444828821
2505000.0,-122.08645069059025
2505600.0,-121.21472149624644
2506200.0,-120.47047315404325
2506800.0,-119.83521998335078
2507400.0,-119.29494963286031
2508000.0,-118.83894491453084
2508600.0,-118.45895319989793
2509200.0,-118.14860308433929
2509800.0,-117.90299329249873
2510400.0,-117.71840210102587
2511000.0,-117.59208258579788
2511600.0,-117.522120708205
2512200.0,-117.50734123604079
2512800.0,-117.54725205256348
2513400.0,-117.64202148512574
2514000.0,-117.79248653897051
2514600.0,-118.00019286685178
2515200.0,-118.26747038751535
2515800.0,-118.59755216852187
2516400.0,-118.99474913049909
2517000.0,-119.46470018536164
2517600.0,-120.01472791429865
2518200.0,-120.65434575102347
2518800.0,-121.39598641107268
2519400.0,-122.256054845827
2520000.0,-123.2564465116892
2520600.0,-124.42666831138621
2521200.0,-125.80643200634316
2521800.0,-127.44701922217129
2522400.0,-129.40193569979425
2523000.0,-131.66072845524585
2523600.0,-133.84938016242825
2524200.0,-134.6768833994032
2524800.0,-133.3178360538563
2525400.0,-131.07482286119472
2526000.0,-128.94889942904553
2526600.0,-127.14677276723907
2527200.0,-125.64448665388637
2527800.0,-124.38653263512082
2528400.0,-123.32497208569657
2529000.0,-122.42343125344638
2529600.0,-121.65495413105518
2530200.0,-120.99949203135857
2530800.0,-120.44197244620742
2531400.0,-119.97093719354515
2532000.0,-119.57760034566378
2532600.0,-119.2551956118316
2533200.0,-118.99852097591895
2533800.0,-118.80361899971483
2534400.0,-118.66755232666236
2535000.0,-118.5882479328309
2535600.0,-118.56439297392197
2536200.0,-118.59537140813819
2536800.0,-118.68123510269893
2537400.0,-118.8227066527841
2538000.0,-119.0212142315045
2538600.0,-119.27896194332487
2539200.0,-119.59904287272411
2539800.0,-119.98560695053223
2540400.0,-120.44410281813379
2541000.0,-120.98162347620273
2541600.0,-121.60740189280432
2542200.0,-122.33352829663696
2542800.0,-123.17599997351991
2543400.0,-124.15626906594875
2544000.0,-125.30350513187655
2544600.0,-126.65770572182204
2545200.0,-128.27288104610906
2545800.0,-130.2142823871691
2546400.0,-132.5158296585538
2547000.0,-134.93751821371362
2547600.0,-136.26072123280306
2548200.0,-135.13324960749227
2548800.0,-132.7869129044334
2549400.0,-130.51991489592032
2550000.0,-128.6106819631112
2550600.0,-127.03184218581315
2551200.0,-125.71803791076208
2551800.0,-124.6142921933292
2552400.0,-123.67977361652167
2553000.0,-122.88470635915574
2553600.0,-122.20721075474623
2554200.0,-121.630986360192
2554800.0,-121.14372425087858
2555400.0,-120.73603033007802
2556000.0,-120.40069020642875
2556600.0,-120.13216169488602
2557200.0,-119.92622112392105
2557800.0,-119.7797159386437
2558400.0,-119.69039296911284
2559000.0,-119.65678265172104
2559600.0,-119.6781267509762
2560200.0,-119.75434219426838
2560800.0,-119.88601745764777
2561400.0,-120.07444118868526
2562000.0,-120.32166596154173
2562600.0,-120.6306137530329
2563200.0,-121.00523455928267
2563800.0,-121.45073646605977
2564400.0,-121.9739158970392
2565000.0,-122.58363307000405
2565600.0,-123.2915037774757
2566200.0,-124.11292054550528
2566800.0,-125.06858175274746
2567400.0,-126.18679731470492
2568000.0,-127.50689693095133
2568600.0,-129.08370190823914
2569200.0,-130.99000636192466
2569800.0,-133.29561595819203
2570400.0,-135.89971736124457
2571000.0,-137.80782421033405
2571600.0,-137.12463244849604
2572200.0,-134.7039278889611
2572800.0,-132.2656381087674
2573400.0,-130.22277940869185
2574000.0,-128.549077809179
2574600.0,-127.16679580688243
2575200.0,-126.01184198415753
2575800.0,-125.03764599701198
2576400.0,-124.21083613223063
2577000.0,-123.50721763431085
2577600.0,-122.9089478589804
2578200.0,-122.40265455323267
2578800.0,-121.97818567997913
2579400.0,-121.62776885287795
2580000.0,-121.34543763373038
2580600.0,-121.12663485633547
2581200.0,-120.96793632262857
2581800.0,-120.86685885300005
2582400.0,-120.82172968854066
2583000.0,-120.83160269006476
2583600.0,-120.89621251933283
2584200.0,-121.0159621790087
2584800.0,-121.1919427028082
2585400.0,-121.42598700890403
2586000.0,-121.72076349599709
2586600.0,-122.07991950179574
2587200.0,-122.5082911322786
2587800.0,-123.01220557859321
2588400.0,-123.59991713930074
2589000.0,-124.28224263120234
2589600.0,-125.07350228103127
2590200.0,-125.99293913034295
2590800.0,-127.0668968638474
2591400.0,-128.3321791141365
2592000.0,-129.84104172529973
2592600.0,-131.66710769867075
2593200.0,-133.90232454124663
2593800.0,-136.5748922136323
2594400.0,-139.11761048621918
2595000.0,-139.39471348580398
2595600.0,-137.0913769437105
2596200.0,-134.4415156521732
2596800.0,-132.20769809216654
2597400.0,-130.39581810075728
2598000.0,-128.91403500600265
2598600.0,-127.685244289543
2599200.0,-126.65436058856099
2599800.0,-125.78263010645318
2600400.0,-125.04238838325314
2601000.0,-124.41348204356618
2601600.0,-123.88094532460018
2602200.0,-123.43348842669066
2602800.0,-123.06249799957754
2603400.0,-122.76136365652147
2604000.0,-122.52501643891583
2604600.0,-122.34960871813341
2605200.0,-122.23229134319554
2605800.0,-122.17106002021033
2606400.0,-122.16465313694393
2607000.0,-122.2124899742964
2607600.0,-122.31464294708886
2608200.0,-122.47184111230146
2608800.0,-122.68550531701372
2609400.0,-122.95781855920481
2610000.0,-123.2918389481911
2610600.0,-123.69166778235356
2611200.0,-124.16269275985117
2611800.0,-124.71193792095833
2612400.0,-125.34857051438595
2613000.0,-126.08464570139023
2613600.0,-126.9362217774279
2614200.0,-127.92506615480242
2614800.0,-129.081314961799
2615400.0,-130.44764059061734
2616000.0,-132.0854786727829
2616600.0,-134.0818268113099
2617200.0,-136.53846405770634
2617800.0,-139.41072788482867
2618400.0,-141.59988243474385
2619000.0,-140.71173087362342
2619600.0,-137.9821929974796
2620200.0,-135.4053556664669
2620800.0,-133.31225273823844
2621400.0,-131.62447515207927
2622000.0,-130.2438911715718
2622600.0,-129.09811522189688
2623200.0,-128.13685068189025
2623800.0,-127.32487520558925
2624400.0,-126.63698170664654
2625000.0,-126.05471599784744
2625600.0,-125.56429420959614
2626200.0,-125.15525282491865
2626800.0,-124.81955444580238
2627400.0,-124.5509825161051
2628000.0,-124.34472387961972
2628600.0,-124.19707680551849
2629200.0,-124.10524528747935
2629800.0,-124.06719459522391
2630400.0,-124.0815519760169
2631000.0,-124.14754221922126
2631600.0,-124.2649517800661
2632200.0,-124.43411808628628
2632800.0,-124.65594303658001
2633400.0,-124.93193192878202
2634000.0,-125.26426147006035
2634600.0,-125.6558835117365
2635200.0,-126.11067523450231
2635800.0,-126.63365247218151
2636400.0,-127.23127196513573
2637000.0,-127.91186267863336
2637600.0,-128.6862494391578
2638200.0,-129.568669860929
2638800.0,-130.57814664188638
2639400.0,-131.74057059070162
2640000.0,-133.0918588975788
2640600.0,-134.68249081930634
2641200.0,-136.5823105711709
2641800.0,-138.8747231922966
2642400.0,-141.5699478945898
2643000.0,-144.09777814995235
2643600.0,-144.47393272773377
2644200.0,-142.38554342900784
2644800.0,-139.89990568507608
2645400.0,-137.78856854421056
2646000.0,-136.08034104557345
2646600.0,-134.6928220226916
2647200.0,-133.55240181174702
2647800.0,-132.6051839664995
2648400.0,-131.8126084690388
2649000.0,-131.14669672705853
2649600.0,-130.58666384063474
2650200.0,-130.1166689704381
2650800.0,-129.72432667077473
2651400.0,-129.39970545666387
2652000.0,-129.13463840814396
2652600.0,-128.9222365232205
2653200.0,-128.75653642651258
2653800.0,-128.6322391174666
2654400.0,-128.5445119899401
2655000.0,-128.48883620457036
2655600.0,-128.46088791175856
2656200.0,-128.45644613976876
2656800.0,-128.47132316105257
2657400.0,-128.50131528589432
2658000.0,-128.54217355406487
2658600.0,-128.58959482470019
2659200.0,-128.63923433276068
2659800.0,-128.6867408678903
2660400.0,-128.72781529181674
2661000.0,-128.75829209645684
2661600.0,-128.77424211537712
2662200.0,-128.77209240392443
2662800.0,-128.7487568922598
2663400.0,-128.70176902700445
2664000.0,-128.62940573347677
2664600.0,-128.53079121087697
2665200.0,-128.40596982320025
2665800.0,-128.25593993368494
2666400.0,-128.08264480317396
2667000.0,-127.88892201743317
2667600.0,-127.67841834948632
2668200.0,-127.45548145101701
2668800.0,-127.22504251294531
2669400.0,-126.99250475848606
2670000.0,-126.76365162197257
2670600.0,-126.54458644586086
2671200.0,-126.34171342924601
2671800.0,-126.1617683188123
2672400.0,-126.01190781211274
2673000.0,-125.8998697185103
2673600.0,-125.83422277082923
2674200.0,-125.82473762174877
2674800.0,-125.88293290157887
2675400.0,-126.02289020893357
2676000.0,-126.26250638988827
2676600.0,-126.62549804296923
2677200.0,-127.14478188997472
2677800.0,-127.86856077629318
2678400.0,-128.87223611635682
2679000.0,-130.28446510679362
2679600.0,-132.3538282184673
2680200.0,-135.665927895553
2680800.0,-142.21234100804347
2681400.0,-146.9899730728217
2682000.0,-136.131572611097
2682600.0,-130.7160881949253
2683200.0,-127.03870010119358
2683800.0,-124.1920559848858
2684400.0,-121.83477081798834
2685000.0,-119.8020380166379
2685600.0,-118.0017449076383
2686200.0,-116.3771694985025
2686800.0,-114.89088113845035
2687400.0,-113.51686016018661
2688000.0,-112.23626843703913
2688600.0,-111.03501350559625
2689200.0,-109.90226504447655
2689800.0,-108.8295093844439
2690400.0,-107.80992377859383
2691000.0,-106.83794891041175
2691600.0,-105.90898877804896
2692200.0,-105.01919497612236
2692800.0,-104.16530840934159
2693400.0,-103.34454101257172
2694000.0,-102.55448592116464
2694600.0,-101.79304824960252
2695200.0,-101.05839104672148
2695800.0,-100.34889259529419
2696400.0,-99.66311230687695
2697000.0,-98.99976320982628
2697600.0,-98.3576895521547
2698200.0,-97.73584841379522
2698800.0,-97.13329449200081
2699400.0,-96.54916742043378
2700000.0,-95.98268112810274
2700600.0,-95.4331148532237
2701200.0,-94.89980550940234
2701800.0,-94.38214116430443
2702400.0,-93.87955543932404
2703000.0,-93.39152267625158
2703600.0,-92.9175537462828
2704200.0,-92.45719239981986
2704800.0,-92.01001207385077
2705400.0,-91.5756130883367
2706000.0,-91.15362017479981
2706600.0,-90.74368028981542
2707200.0,-90.345460673835
2707800.0,-89.95864712208686
2708400.0,-89.58294243948102
2709000.0,-89.21806505572263
2709600.0,-88.86374778038751
2710200.0,-88.51973668066002
2710800.0,-88.18579006690754
2711400.0,-87.86167757333003
2712000.0,-87.5471793226755
2712600.0,-87.2420851654835
2713200.0,-86.94619398557455
2713800.0,-86.65931306456969
2714400.0,-86.38125749913614
2715000.0,-86.11184966543848
2715600.0,-85.8509187259436
2716200.0,-85.5983001743136
2716800.0,-85.353835414616
2717400.0,-85.11737137152144
2718000.0,-84.88876012853375
2718600.0,-84.66785859163095
2719200.0,-84.45452817598321
2719800.0,-84.2486345136661
2720400.0,-84.05004718051404
2721000.0,-83.85863944045158
2721600.0,-83.67428800581536
2722200.0,-83.49687281233597
2722800.0,-83.32627680758009
2723400.0,-83.16238575178174
2724000.0,-83.00508803009441
2724600.0,-82.85427447539732
2725200.0,-82.70983820087545
2725800.0,-82.57167444166903
2726400.0,-82.43968040496442
2727000.0,-82.31375512795738
2727600.0,-82.19379934318059
2728200.0,-82.07971535074135
2728800.0,-81.97140689706048
2729400.0,-81.86877905975084
2730000.0,-81.77173813831261
2730600.0,-81.68019155036062
2731200.0,-81.59404773313307
2731800.0,-81.51321605006143
2732400.0,-81.43760670221413
2733000.0,-81.36713064444893
2733600.0,-81.30169950613727
2734200.0,-81.24122551634778
2734800.0,-81.18562143339341
2735400.0,-81.13480047867256
2736000.0,-81.08867627474707
2736600.0,-81.04716278762194
2737200.0,-81.01017427320474
2737800.0,-80.97762522793562
2738400.0,-80.94943034359632
2739000.0,-80.92550446631219
2739600.0,-80.90576255977611
2740200.0,-80.89011967272917
2740800.0,-80.87849091074133
2741400.0,-80.87079141234092
2742000.0,-80.8669363295464
2742600.0,-80.86684081285429
2743200.0,-80.87042000074283
2743800.0,-80.87758901374478
2744400.0,-80.88826295314463
2745000.0,-80.90235690434895
2745600.0,-80.91978594497249
2746200.0,-80.94046515767783
2746800.0,-80.9643096477894
2747400.0,-80.99123456569984
2748000.0,-81.02115513406487
2748600.0,-81.05398667977069
2749200.0,-81.08964467064075
2749800.0,-81.12804475682529
2750400.0,-81.16910281680028
2751000.0,-81.2127350078734
2751600.0,-81.25885782107522
2752200.0,-81.30738814028294
2752800.0,-81.35824330539855
2753400.0,-81.41134117937375
2754000.0,-81.46660021884416
2754600.0,-81.52393954810421
2755200.0,-81.58327903612619
2755800.0,-81.64453937629304
2756400.0,-81.70764216848703
2757000.0,-81.7725100031459
2757600.0,-81.83906654687001
2758200.0,-81.90723662914012
2758800.0,-81.97694632967531
2759400.0,-82.04812306594617
2760000.0,-82.1206956803335
2760600.0,-82.19459452640885
2761200.0,-82.26975155380293
2761800.0,-82.34610039111718
2762400.0,-82.42357642633155
2763000.0,-82.50211688416164
2763600.0,-82.58166089982473
2764200.0,-82.6621495886852
2764800.0,-82.74352611126263
2765400.0,-82.82573573311143
2766000.0,-82.90872587910279
2766600.0,-82.99244618167154
2767200.0,-83.07684852262769
2767800.0,-83.16188706816938
2768400.0,-83.24751829678222
2769000.0,-83.33370101975322
2769600.0,-83.4203963940824
2770200.0,-83.50756792762834
2770800.0,-83.59518147637789
2771400.0,-83.68320523379082
2772000.0,-83.77160971222744
2772600.0,-83.86036771652547
2773200.0,-83.94945430985247
2773800.0,-84.03884677201661
2774400.0,-84.12852455047468
2775000.0,-84.21846920432839
2775600.0,-84.30866434165347
2776200.0,-84.39909555055102
2776800.0,-84.48975032435293
2777400.0,-84.58061798145607
2778000.0,-84.67168958029055
2778600.0,-84.76295782995793
2779200.0,-84.85441699710108
2779800.0,-84.9460628095841
2780400.0,-85.03789235757725
2781000.0,-85.12990399264673
2781600.0,-85.22209722545652
2782200.0,-85.31447262268495
2782800.0,-85.40703170375227
2783400.0,-85.49977683794529
2784000.0,-85.59271114250865
2784600.0,-85.68583838225277
2785200.0,-85.77916287120459
2785800.0,-85.872689376802
2786400.0,-85.96642302710136
2787000.0,-86.06036922143647
2787600.0,-86.15453354493219
2788200.0,-86.24892168724152
2788800.0,-86.343539365835
2789400.0,-86.43839225413441
2790000.0,-86.53348591474371
2790600.0,-86.62882573798879
2791200.0,-86.72441688594104
2791800.0,-86.82026424205608
2792400.0,-86.91637236652541
2793000.0,-87.01274545739459
2793600.0,-87.10938731747007
2794200.0,-87.20630132699551
2794800.0,-87.30349042204656
2795400.0,-87.40095707855941
2796000.0,-87.49870330187322
2796600.0,-87.59673062164082
2797200.0,-87.69504009192893
2797800.0,-87.79363229630536
2798400.0,-87.89250735768327
2799000.0,-87.99166495267127
2799600.0,-88.09110433015434
2800200.0,-88.1908243338161
2800800.0,-88.29082342828875
2801400.0,-88.39109972861075
2802000.0,-88.49165103264995
2802600.0,-88.59247485614733
2803200.0,-88.6935684700243
2803800.0,-88.79492893958827
2804400.0,-88.8965531652729
2805000.0,-88.99843792454107
2805600.0,-89.10057991458456
2806200.0,-89.20297579545306
2806800.0,-89.30562223325218
2807400.0,-89.40851594305755
2808000.0,-89.51165373119834
2808600.0,-89.61503253657868
2809200.0,-89.71864947071636
2809800.0,-89.82250185619405
2810400.0,-89.92658726323506
2811000.0,-90.03090354413561
2811600.0,-90.13544886530465
2812200.0,-90.24022173668554
2812800.0,-90.34522103835543
2813400.0,-90.45044604412587
2814000.0,-90.55589644198886
2814600.0,-90.66157235128244
2815200.0,-90.76747433647675
2815800.0,-90.87360341750542
2816400.0,-90.97996107659793
2817000.0,-91.08654926159372
2817600.0,-91.19337038574787
2818200.0,-91.30042732406213
2818800.0,-91.40772340620295
2819400.0,-91.51526240609422
2820000.0,-91.62304852829223
2820600.0,-91.7310863912786
2821200.0,-91.83938100782463
2821800.0,-91.947937762602
2822400.0,-92.05676238723217
2823000.0,-92.1658609329843
2823600.0,-92.27523974134587
2824200.0,-92.38490541270265
2824800.0,-92.49486477337459
2825400.0,-92.60512484126656
2826000.0,-92.71569279039389
2826600.0,-92.82657591455128
2827200.0,-92.93778159039738
2827800.0,-93.04931724022268
2828400.0,-93.16119029467282
2829000.0,-93.27340815569258
2829600.0,-93.38597815995251
2830200.0,-93.49890754301379
2830800.0,-93.61220340447538
2831400.0,-93.72587267434386
2832000.0,-93.83992208084905
2832600.0,-93.954358119918
2833200.0,-94.06918702651033
2833800.0,-94.18441474799496
2834400.0,-94.3000469197413
2835000.0,-94.41608884307426
2835600.0,-94.53254546573055
2836200.0,-94.64942136493372
2836800.0,-94.7667207331847
2837400.0,-94.88444736685295
2838000.0,-95.00260465762545
2838600.0,-95.12119558685927
2839200.0,-95.24022272286038
2839800.0,-95.35968822109294
2840400.0,-95.47959382730673
2841000.0,-95.59994088354668
2841600.0,-95.72073033699681
2842200.0,-95.84196275158817
2842800.0,-95.96363832228305
2843400.0,-96.08575689193566
2844000.0,-96.208317970608
2844600.0,-96.33132075720584
2845200.0,-96.45476416329015
2845800.0,-96.57864683889613
2846400.0,-96.70296720019093
2847000.0,-96.82772345877885
2847600.0,-96.95291365246143
2848200.0,-97.07853567724669
2848800.0,-97.20458732039094
2849400.0,-97.33106629426004
2850000.0,-97.45797027077948
2850600.0,-97.5852969162493
2851200.0,-97.71304392629241
2851800.0,-97.84120906070542
2852400.0,-97.96979017798333
2853000.0,-98.09878526929069
2853600.0,-98.22819249165431
2854200.0,-98.35801020016342
2854800.0,-98.48823697896353
2855400.0,-98.61887167084377
2856000.0,-98.74991340522554
2856600.0,-98.88136162437038
2857200.0,-99.01321610764272
2857800.0,-99.14547699366702
2858400.0,-99.27814480024664
2859000.0,-99.41122044191644
2859600.0,-99.5447052450232
2860200.0,-99.67860096024697
2860800.0,-99.81290977248855
2861400.0,-99.94763430807531
2862000.0,-100.0827776392467
2862600.0,-100.21834328590964
2863200.0,-100.35433521466621
2863800.0,-100.49075783513787
2864400.0,-100.62761599362963
2865000.0,-100.76491496419499
2865600.0,-100.90266043717847
2866200.0,-101.04085850533558
2866800.0,-101.17951564763831
2867400.0,-101.31863871089622
2868000.0,-101.45823488933387
2868600.0,-101.59831170227869
2869200.0,-101.73887697012938
2869800.0,-101.87993878877634
2870400.0,-102.02150550266677
2871000.0,-102.16358567670505
2871600.0,-102.30618806718938
2872200.0,-102.44932159199222
2872800.0,-102.59299530019133
2873400.0,-102.73721834136452
2874000.0,-102.8819999347567
2874600.0,-103.02734933853219
2875200.0,-103.17327581932079
2875800.0,-103.31978862225878
2876400.0,-103.46689694172846
2877000.0,-103.61460989298763
2877600.0,-103.7629364848744
2878200.0,-103.91188559376678
2878800.0,-104.06146593896315
2879400.0,-104.21168605964414
2880000.0,-104.36255429355889
2880600.0,-104.51407875757239
2881200.0,-104.66626733019689
2881800.0,-104.81912763621247
2882400.0,-104.97266703347394
2883000.0,-105.12689260198414
2883600.0,-105.28181113529891
2884200.0,-105.4374291343148
2884800.0,-105.59375280347622
2885400.0,-105.75078804942208
2886000.0,-105.90854048207817
2886600.0,-106.06701541818393
2887200.0,-106.22621788723393
2887800.0,-106.38615263978846
2888400.0,-106.54682415810534
2889000.0,-106.70823666902271
2889600.0,-106.87039415901104
2890200.0,-107.03330039130167
2890800.0,-107.19695892498294
2891400.0,-107.36137313594804
2892000.0,-107.52654623956003
2892600.0,-107.69248131489798
2893200.0,-107.85918133043202
2893800.0,-108.02664917096847
2894400.0,-108.19488766569958
2895000.0,-108.36389961718459
2895600.0,-108.53368783108364
2896200.0,-108.70425514646104
2896800.0,-108.8756044664725
2897400.0,-109.04773878924752
2898000.0,-109.22066123877777
2898600.0,-109.39437509562113
2899200.0,-109.56888382723781
2899800.0,-109.74419111777023
2900400.0,-109.92030089708825
2901000.0,-110.09721736892612
2901600.0,-110.27494503793947
2902200.0,-110.45348873552685
2902800.0,-110.63285364425812
2903400.0,-110.81304532077489
2904000.0,-110.9940697170265
2904600.0,-111.1759331997275
2905200.0,-111.35864256792797
2905800.0,-111.54220506860528
2906400.0,-111.7266284102015
2907000.0,-111.91192077403896
2907600.0,-112.09809082357081
2908200.0,-112.28514771143098
2908800.0,-112.47310108426922
2909400.0,-112.66196108536985
2910000.0,-112.85173835506995
2910600.0,-113.04244402900672
2911200.0,-113.2340897342444
2911800.0,-113.426687583337
2912400.0,-113.62025016641016
2913000.0,-113.81479054134493
2913600.0,-114.0103222221723
2914200.0,-114.2068591657947
2914800.0,-114.40441575715717
2915400.0,-114.60300679301395
2916000.0,-114.80264746443132
2916600.0,-115.00335333818926
2917200.0,-115.20514033724152
2917800.0,-115.40802472040602
2918400.0,-115.61202306146274
2919000.0,-115.81715222783367
2919600.0,-116.02342935903074
2920200.0,-116.23087184505293
2920800.0,-116.43949730491686
2921400.0,-116.64932356550176
2922000.0,-116.86036864089061
2922600.0,-117.0726507123841
2923200.0,-117.28618810936038
2923800.0,-117.50099929114637
2924400.0,-117.71710283006652
2925000.0,-117.93451739581786
2925600.0,-118.15326174131903
2926200.0,-118.3733546901739
2926800.0,-118.594815125873
2927400.0,-118.81766198285334
2928000.0,-119.04191423952227
2928600.0,-119.26759091334233
2929200.0,-119.49471105806175
2929800.0,-119.72329376315878
2930400.0,-119.95335815556666
2931000.0,-120.18492340372183
2931600.0,-120.41800872396942
2932200.0,-120.65263338935569
2932800.0,-120.88881674080817
2933400.0,-121.12657820070673
2934000.0,-121.36593728882873
2934600.0,-121.60691364064091
2935200.0,-121.8495270278996
2935800.0,-122.09379738150696
2936400.0,-122.33974481656638
2937000.0,-122.58738965955962
2937600.0,-122.8367524775655
2938200.0,-123.08785410943253
2938800.0,-123.34071569880061
2939400.0,-123.59535872886738
2940000.0,-123.85180505878331
2940600.0,-124.11007696155585
2941200.0,-124.37019716333751
2941800.0,-124.63218888396342
2942400.0,-124.89607587861259
2943000.0,-125.16188248045226
2943600.0,-125.42963364412827
2944200.0,-125.69935498997374
2944800.0,-125.97107284879037
2945400.0,-126.24481430708114
2946000.0,-126.52060725259753
2946600.0,-126.79848042008422
2947200.0,-127.07846343710457
2947800.0,-127.3605868698305
2948400.0,-127.64488226870803
2949000.0,-127.93138221389624
2949600.0,-128.22012036040695
2950200.0,-128.5111314828748
2950800.0,-128.8044515199023
2951400.0,-129.10011761794374
2952000.0,-129.39816817469344
2952600.0,-129.6986428819784
2953200.0,-130.00158276815733
2953800.0,-130.30703024004674
2954400.0,-130.6150291244249
2955000.0,-130.92562470916724
2955600.0,-131.23886378409225
2956200.0,-131.55479468162585
2956800.0,-131.87346731738975
2957400.0,-132.19493323086516
2958000.0,-132.51924562627963
2958600.0,-132.84645941390303
2959200.0,-133.17663125195216
2959800.0,-133.509819589314
2960400.0,-133.84608470934234
2961000.0,-134.18548877497338
2961600.0,-134.5280958754486
2962200.0,-134.87397207494246
2962800.0,-135.22318546341404
2963400.0,-135.57580621002433
2964000.0,-135.93190661948032
2964600.0,-136.291561191679
2965200.0,-136.6548466850629
2965800.0,-137.02184218409843
2966400.0,-137.39262917132461
2967000.0,-137.7672916044345
2967600.0,-138.14591599887234
2968200.0,-138.5285915164659
2968800.0,-138.91541006061087
2969400.0,-139.30646637858476
2970000.0,-139.70185817156613
2970600.0,-140.10168621297663
2971200.0,-140.50605447580278
2971800.0,-140.9150702695668
2972400.0,-141.32884438768434
2973000.0,-141.74749126595356
2973600.0,-142.1711291529955
2974200.0,-142.59988029350328
2974800.0,-143.03387112520397
2975400.0,-143.4732324905213
2976000.0,-143.9180998639762
2976600.0,-144.36861359644635
2977200.0,-144.82491917749377
2977800.0,-145.28716751706065
2978400.0,-145.75551524794244
2979000.0,-146.2301250505668
2979600.0,-146.71116600173647
2980200.0,-147.19881394916004
2980800.0,-147.69325191373122
2981400.0,-148.1946705217473
2982000.0,-148.70326846943658
2982600.0,-149.21925302241644
2983200.0,-149.74284055298136
2983800.0,-150.27425711840712
2984400.0,-150.8137390838156
2985000.0,-151.36153379351575
2985600.0,-151.91790029519115
2986200.0,-152.48311012179366
2986800.0,-153.0574481365512
2987400.0,-153.64121344716511
2988000.0,-154.23472039597428
2988600.0,-154.83829963370016
2989200.0,-155.45229928533675
2989800.0,-156.07708621782152
2990400.0,-156.71304742037702
2991000.0,-157.36059150981288
2991600.0,-158.02015037473961
2992200.0,-158.6921809745307
2992800.0,-159.37716731103558
2993400.0,-160.0756225936088
2994000.0,-160.7880916209486
2994600.0,-161.5151534066806
2995200.0,-162.25742407963565
2995800.0,-163.01556009448882
2996400.0,-163.79026179396536
2997000.0,-164.58227737036847
2997600.0,-165.39240728193187
2998200.0,-166.22150918875363
2998800.0,-167.07050348402757
2999400.0,-167.94037950954717
3000000.0,-168.83220256030185
3000600.0,-169.7471218022112
3001200.0,-170.6863792503823
3001800.0,-171.65131998374278
3002400.0,-172.6434038068732
3003000.0,-173.66421861292355
3003600.0,-174.7154957550367
3004200.0,-175.79912780039922
3004800.0,-176.91718912489273
3005400.0,-178.07195991233704
3006000.0,-179.2659542573228
3006600.0,-180.5019532439003
3007200.0,-181.78304409654217
3007800.0,-183.11266679231338
3008400.0,-184.49466990840463
3009000.0,-185.93337799160193
3009600.0,-187.43367342510345
3010200.0,-189.0010967048826
3010800.0,-190.64197032746205
3011400.0,-192.36355329080797
3012000.0,-194.17423575869918
3012600.0,-196.0837871062438
3013200.0,-198.10367593502593
3013800.0,-200.24748866558377
3014400.0,-202.53148554949004
3015000.0,-204.9753520615755
3015600.0,-207.60323432479214
3016200.0,-210.4451980170989
3016800.0,-213.53933726029024
3017400.0,-216.93491527901915
3018000.0,-220.69720892247227
3018600.0,-224.91530280688613
3019200.0,-229.71529081222735
3019800.0,-235.2841229900157
3020400.0,-241.91641641639023
3021000.0,-250.11724597397827
3021600.0,-260.8673262664913
3022200.0,-276.5080415463211
3022800.0,-305.69885167827385
3023400.0,-345.69487378020676
3024000.0,-288.68112624094726
3024600.0,-268.1458568095966
3025200.0,-255.33058439790025
3025800.0,-245.99274612838954
3026400.0,-238.64308342678214
3027000.0,-232.58227583915078
3027600.0,-227.42536211301768
3028200.0,-222.9376540053093
3028800.0,-218.9654527113078
3029400.0,-215.40259852401462
3030000.0,-212.17268494853607
3030600.0,-209.2188837322796
3031200.0,-206.4977788811285
3031800.0,-203.9754518824504
3032400.0,-201.62489860657837
3033000.0,-199.42426875459978
3033600.0,-197.35563227476104
3034200.0,-195.40409411502029
3034800.0,-193.55714556244592
3035400.0,-191.8041801308783
3036000.0,-190.1361263179487
3036600.0,-188.5451649304353
3037200.0,-187.02450863525024
3037800.0,-185.56822799052551
3038400.0,-184.17111267191262
3039000.0,-182.82855968170693
3039600.0,-181.5364824804957
3040200.0,-180.29123651179236
3040800.0,-179.08955769435102
3041400.0,-177.92851126368478
3042000.0,-176.80544894109104
3042600.0,-175.71797285464552
3043200.0,-174.6639049736676
3043800.0,-173.6412610753351
3044400.0,-172.6482284599074
3045000.0,-171.6831467845952
3045600.0,-170.74449150619543
3046200.0,-169.8308595172284
3046800.0,-168.94095663539974
3047400.0,-168.07358666613857
3048000.0,-167.22764180618182
3048600.0,-166.40209419509108
3049200.0,-165.59598845323433
3049800.0,-164.8084350706611
3050400.0,-164.03860453250735
3051000.0,-163.28572208410975
3051600.0,-162.54906305352353
3052200.0,-161.82794866123575
3052800.0,-161.12174225698712
3053400.0,-160.42984593206273
3054000.0,-159.75169746259897
3054600.0,-159.086767545478
3055200.0,-158.4345572934858
3055800.0,-157.79459596082134
3056400.0,-157.1664388737131
3057000.0,-156.54966554413866
3057600.0,-155.9438779473461
3058200.0,-155.34869894625012
3058800.0,-154.7637708478303
3059400.0,-154.1887540783787
3060000.0,-153.62332596602752
3060600.0,-153.06717962027832
3061200.0,-152.52002289943394
3061800.0,-151.98157745784505
3062400.0,-151.45157786576536
3063000.0,-150.92977079538926
3063600.0,-150.4159142673402
3064200.0,-149.90977695245098
3064800.0,-149.41113752423914
3065400.0,-148.91978405792412
3066000.0,-148.43551347225556
3066600.0,-147.958131010789
3067200.0,-147.4874497595527
3067800.0,-147.02329019836844
3068400.0,-146.5654797832999
3069000.0,-146.1138525579714
3069600.0,-145.66824879166904
3070200.0,-145.22851464232735
3070800.0,-144.7945018426757
3071400.0,-144.36606740792888
3072000.0,-143.9430733635722
3072600.0,-143.52538649187284
3073200.0,-143.1128780958679
3073800.0,-142.7054237796646
3074400.0,-142.30290324396802
3075000.0,-141.905200095825
3075600.0,-141.51220167164712
3076200.0,-141.1237988726132
3076800.0,-140.73988601163018
3077400.0,-140.36036067106016
3078000.0,-139.98512357047383
3078600.0,-139.61407844373036
3079200.0,-139.24713192470887
3079800.0,-138.88419344107353
3080400.0,-138.52517511545432
3081000.0,-138.1699916734794
3081600.0,-137.81856035811197
3082200.0,-137.4708008497634
3082800.0,-137.12663519169104
3083400.0,-136.78598772020072
3084000.0,-136.44878499920637
3084600.0,-136.1149557587093
3085200.0,-135.78443083678593
3085800.0,-135.4571431247005
3086400.0,-135.13302751476286
3087000.0,-134.8120208505863
3087600.0,-134.49406187941506
3088200.0,-134.17909120620936
3088800.0,-133.86705124919803
3089400.0,-133.5578861966292
3090000.0,-133.25154196446755
3090600.0,-132.9479661548118
3091200.0,-132.64710801481436
3091800.0,-132.34891839592666
3092400.0,-132.05334971328813
3093000.0,-131.76035590511725
3093600.0,-131.46989239197597
3094200.0,-131.18191603579294
3094800.0,-130.8963850985616
3095400.0,-130.6132592006383
3096000.0,-130.33249927859367
3096600.0,-130.05406754257962
3097200.0,-129.77792743319563
3097800.0,-129.50404357786232
3098400.0,-129.23238174671104
3099000.0,-128.9629088080281
3099600.0,-128.6955926833
3100200.0,-128.43040230191997
3100800.0,-128.16730755563077
3101400.0,-127.90627925278594
3102000.0,-127.64728907253001
3102600.0,-127.39030951899971
3103200.0,-127.13531387565621
3103800.0,-126.88227615987489
3104400.0,-126.6311710779133
3105000.0,-126.38197398038821
3105600.0,-126.13466081839583
3106200.0,-125.8892081004103
3106800.0,-125.64559285009553
3107400.0,-125.4037925651669
3108000.0,-125.16378517743682
3108600.0,-124.92554901417816
3109200.0,-124.68906276092792
3109800.0,-124.45430542586104
3110400.0,-124.22125630584881
3111000.0,-123.98989495431215
3111600.0,-123.76020115097788
3112200.0,-123.53215487362746
3112800.0,-123.30573627193314
3113400.0,-123.08092564344877
3114000.0,-122.85770341183272
3114600.0,-122.6360501073504
3115200.0,-122.41594634970605
3115800.0,-122.19737283323661
3116400.0,-121.98031031448791
3117000.0,-121.76473960218297
3117600.0,-121.5506415495792
3118200.0,-121.33799704919859
3118800.0,-121.12678702990196
3119400.0,-120.91699245626656
3120000.0,-120.70859433021296
3120600.0,-120.5015736948178
3121200.0,-120.29591164022887
3121800.0,-120.09158931159853
3122400.0,-119.8885879189313
3123000.0,-119.68688874873224
3123600.0,-119.48647317733753
3124200.0,-119.28732268578875
3124800.0,-119.08941887611687
3125400.0,-118.89274348887751
3126000.0,-118.69727842178716
3126600.0,-118.50300574929037
3127200.0,-118.30990774289155
3127800.0,-118.11796689207496
3128400.0,-117.9271659256321
3129000.0,-117.73748783321962
3129600.0,-117.54891588696051
3130200.0,-117.36143366290699
3130800.0,-117.1750250621818
3131400.0,-116.98967433161876
3132000.0,-116.80536608372327
3132600.0,-116.6220853157809
3133200.0,-116.43981742794611
3133800.0,-116.25854824015249
3134400.0,-116.0782640076867
3135000.0,-115.89895143529033
3135600.0,-115.72059768965012
3136200.0,-115.54319041015515
3136800.0,-115.36671771781494
3137400.0,-115.19116822223482
3138000.0,-115.01653102657059
3138600.0,-114.8427957303886
3139200.0,-114.66995243037991
3139800.0,-114.49799171888807
3140400.0,-114.32690468022506
3141000.0,-114.15668288477161
3141600.0,-113.98731838086655
3142200.0,-113.8188036845103
3142800.0,-113.65113176692233
3143400.0,-113.4842960400083
3144000.0,-113.31829033980627
3144600.0,-113.15310890799724
3145200.0,-112.98874637157844
3145800.0,-112.82519772081308
3146400.0,-112.66245828557702
3147000.0,-112.50052371024283
3147600.0,-112.33938992724606
3148200.0,-112.17905312948733
3148800.0,-112.01950974173828
3149400.0,-111.86075639122049
3150000.0,-111.70278987753605
3150600.0,-111.54560714213144
3151200.0,-111.38920523748011
3151800.0,-111.23358129617507
3152400.0,-111.07873250011579
3153000.0,-110.92465604998176
3153600.0,-110.77134913518128
3154200.0,-110.61880890445492
3154800.0,-110.46703243732166
3155400.0,-110.31601671653749
3156000.0,-110.16575860174129
3156600.0,-110.01625480444753
3157200.0,-109.86750186454059
3157800.0,-109.71949612841973
3158400.0,-109.57223372892456
3159000.0,-109.4257105671704
3159600.0,-109.27992229640623
3160200.0,-109.13486430799293
3160800.0,-108.99053171959406
3161400.0,-108.8469193656515
3162000.0,-108.70402179020809
3162600.0,-108.56183324212287
3163200.0,-108.420347672711
3163800.0,-108.27955873582825
3164400.0,-108.13945979039741
3165000.0,-108.00004390536749
3165600.0,-107.86130386707784
3166200.0,-107.72323218897935
3166800.0,-107.58582112366113
3167400.0,-107.4490626771038
3168000.0,-107.31294862507676
3168600.0,-107.17747053157517
3169200.0,-107.04261976918131
3169800.0,-106.90838754122667
3170400.0,-106.77476490560765
3171000.0,-106.64174280010904
3171600.0,-106.50931206906884
3172200.0,-106.37746349121294
3172800.0,-106.24618780847752
3173400.0,-106.11547575562955
3174000.0,-105.9853180904881
3174600.0,-105.85570562454689
3175200.0,-105.72662925378765
3175800.0,-105.59807998947869
3176400.0,-105.47004898874471
3177000.0,-105.34252758469813
3177600.0,-105.21550731592173
3178200.0,-105.08897995509237
3178800.0,-104.96293753654774
3179400.0,-104.83737238259182
3180000.0,-104.71227712835427
3180600.0,-104.58764474501726
3181200.0,-104.46346856123836
3181800.0,-104.33974228261123
3182400.0,-104.21646000900967
3183000.0,-104.0936162496859
3183600.0,-103.97120593599897
3184200.0,-103.84922443167055
3184800.0,-103.72766754048001
3185400.0,-103.6065315113282
3186000.0,-103.48581304061724
3186600.0,-103.3655092719151
3187200.0,-103.24561779288621
3187800.0,-103.12613662949603
3188400.0,-103.00706423751112
3189000.0,-102.88839949133781
3189600.0,-102.77014167026181
3190200.0,-102.65229044216554
3190800.0,-102.53484584482585
3191400.0,-102.41780826490188
3192000.0,-102.30117841474737
3192600.0,-102.18495730719403
3193200.0,-102.06914622846504
3193800.0,-101.95374670939542
3194400.0,-101.83876049514305
3195000.0,-101.72418951359032
3195600.0,-101.61003584264016
3196200.0,-101.4963016766205
3196800.0,-101.38298929202038
3197400.0,-101.27010101277934
3198000.0,-101.1576391753607
3198600.0,-101.04560609383913
3199200.0,-100.93400402523179
3199800.0,-100.8228351353039
3200400.0,-100.71210146507272
3201000.0,-100.6018048982352
3201600.0,-100.49194712973377
3202200.0,-100.38252963566926
3202800.0,-100.27355364476412
3203400.0,-100.16502011156602
3204000.0,-100.05692969157204
3204600.0,-99.94928271844456
3205200.0,-99.84207918347141
3205800.0,-99.73531871741511
3206400.0,-99.6290005748758
3207000.0,-99.52312362128194
3207600.0,-99.41768632260138
3208200.0,-99.31268673785141
3208800.0,-99.20812251446974
3209400.0,-99.10399088658666
3210000.0,-99.00028867622311
3210600.0,-98.89701229742057
3211200.0,-98.79415776328756
3211800.0,-98.69172069593147
3212400.0,-98.58969633922138
3213000.0,-98.4880795743147
3213600.0,-98.3868649378541
3214200.0,-98.28604664272868
3214800.0,-98.18561860127349
3215400.0,-98.08557445076246
3216000.0,-97.98590758103508
3216600.0,-97.88661116407968
3217200.0,-97.78767818538212
3217800.0,-97.68910147683246
3218400.0,-97.5908737509718
3219000.0,-97.49298763634668
3219600.0,-97.3954357137317
3220200.0,-97.29821055296598
3220800.0,-97.20130475014872
3221400.0,-97.10471096492797
3222000.0,-97.00842195761388
3222600.0,-96.912430625848
3223200.0,-96.81673004055496
3223800.0,-96.72131348091064
3224400.0,-96.6261744680571
3225000.0,-96.53130679730884
3225600.0,-96.43670456859397
3226200.0,-96.34236221489003
3226800.0,-96.24827452842297
3227400.0,-96.15443668441199
3228000.0,-96.06084426215831
3228600.0,-95.96749326329407
3229200.0,-95.87438012702594
3229800.0,-95.78150174222891
3230400.0,-95.68885545626772
3231000.0,-95.59643908044728
3231600.0,-95.5042508920186
3232200.0,-95.41228963268892
3232800.0,-95.32055450361638
3233400.0,-95.2290451568919
3234000.0,-95.13776168353986
3234600.0,-95.04670459809766
3235200.0,-94.95587481985805
3235800.0,-94.86527365089067
3236400.0,-94.77490275097875
3237000.0,-94.68476410963994
3237600.0,-94.59486001541902
3238200.0,-94.50519302266876
3238800.0,-94.41576591605553
3239400.0,-94.32658167304653
3240000.0,-94.23764342465944
3240600.0,-94.14895441476807
3241200.0,-94.06051795827749
3241800.0,-93.97233739849496
3242400.0,-93.88441606403612
3243000.0,-93.79675722561528
3243600.0,-93.70936405307744
3244200.0,-93.62223957303543
3244800.0,-93.53538662748042
3245400.0,-93.44880783373242
3246000.0,-93.36250554610153
3246600.0,-93.27648181962454
3247200.0,-93.19073837623554
3247800.0,-93.10527657372563
3248400.0,-93.02009737783374
3249000.0,-92.93520133780056
3249600.0,-92.85058856570285
3250200.0,-92.76625871987035
3250800.0,-92.68221099266894
3251400.0,-92.59844410291188
3252000.0,-92.51495629314313
3252600.0,-92.43174533200722
3253200.0,-92.3488085218983
3253800.0,-92.26614271205082
3254400.0,-92.18374431720653
3255000.0,-92.10160934195896
3255600.0,-92.01973341084602
3256200.0,-91.93811180422512
3256800.0,-91.85673949993166
3257400.0,-91.77561122068204
3258000.0,-91.69472148714773
3258600.0,-91.61406467658735
3259200.0,-91.53363508688159
3259800.0,-91.45342700578163
3260400.0,-91.37343478513728
3261000.0,-91.2936529198347
3261600.0,-91.21407613113269
3262200.0,-91.13469945404916
3262800.0,-91.05551832841448
3263400.0,-90.97652869316829
3264000.0,-90.89772708344807
3264600.0,-90.81911072998514
3265200.0,-90.7406776602918
3265800.0,-90.6624268011056
3266400.0,-90.58435808152669
3267000.0,-90.50647253627415
3267600.0,-90.42877240846686
3268200.0,-90.35126125132955
3268800.0,-90.27394402822046
3269400.0,-90.19682721037316
3270000.0,-90.1199188717571
3270600.0,-90.04322878046821
3271200.0,-89.96676848607756
3271800.0,-89.8905514023901
3272400.0,-89.8145928850902
3273000.0,-89.73891030378283
3273600.0,-89.6635231079771
3274200.0,-89.58845288659795
3274800.0,-89.51372342066006
3275400.0,-89.43936072878314
3276000.0,-89.36539310528269
3276600.0,-89.29185115062506
3277200.0,-89.21876779408836
3277800.0,-89.1461783085356
3278400.0,-89.07412031725742
3279000.0,-89.00263379290797
3279600.0,-88.93176104860997
3280200.0,-88.86154672136433
3280800.0,-88.79203774795758
3281400.0,-88.72328333360593
3282000.0,-88.65533491363267
3282600.0,-88.588246108516
3283200.0,-88.52207267268909
3283800.0,-88.45687243751146
3284400.0,-88.39270524886436
3285000.0,-88.32963289985022
3285600.0,-88.2677190591025
3286200.0,-88.20702919522606
3286800.0,-88.14763049790596
3287400.0,-88.08959179622796
3288000.0,-88.03298347475845
3288600.0,-87.97787738793005
3289200.0,-87.9243467732719
3289800.0,-87.87246616401738
3290400.0,-87.8223113016025
3291000.0,-87.77395904855578
3291600.0,-87.72748730225837
3292200.0,-87.68297491002775
3292800.0,-87.64050158595774
3293400.0,-87.60014782991456
3294000.0,-87.56199484906617
3294600.0,-87.52612448228682
3295200.0,-87.49261912775236
3295800.0,-87.46156167400926
3296400.0,-87.43303543477097
3297000.0,-87.40712408766359
3297600.0,-87.38391161711682
3298200.0,-87.36348226156231
3298800.0,-87.34592046508028
3299400.0,-87.33131083360497
3300000.0,-87.31973809577767
3300600.0,-87.31128706851266
3301200.0,-87.30604262731923
3301800.0,-87.30408968140877
3302400.0,-87.30551315359128
3303000.0,-87.31039796495885
3303600.0,-87.31882902433497
3304200.0,-87.3308912224592
3304800.0,-87.34666943086893
3305400.0,-87.366248505431
3306000.0,-87.38971329447205
3306600.0,-87.41714865145246
3307200.0,-87.44863945212651
3307800.0,-87.48427061613393
3308400.0,-87.5241271329668
3309000.0,-87.56829409226107
3309600.0,-87.61685671836695
3310200.0,-87.66990040915779
3310800.0,-87.72751077904657
3311400.0,-87.78977370618631
3312000.0,-87.85677538384469
3312600.0,-87.92860237595214
3313200.0,-88.00534167683705
3313800.0,-88.08708077517903
3314400.0,-88.17390772222367
3315000.0,-88.26591120432182
3315600.0,-88.36318061987755
3316200.0,-88.46580616080433
3316800.0,-88.5738788986177
3317400.0,-88.68749087531197
3318000.0,-88.80673519919718
3318600.0,-88.93170614590004
3319200.0,-89.06249926476134
3319800.0,-89.19921149089924
3320400.0,-89.34194126323852
3321000.0,-89.49078864884837
3321600.0,-89.64585547397226
3322200.0,-89.80724546217976
3322800.0,-89.97506438012039
3323400.0,-90.14942019141438
3324000.0,-90.33042321928009
3324600.0,-90.51818631855895
3325200.0,-90.71282505787863
3325800.0,-90.91445791277641
3326400.0,-91.1232064706953
3327000.0,-91.33919564886965
3327600.0,-91.56255392623235
3328200.0,-91.79341359060247
3328800.0,-92.03191100255825
3329400.0,-92.27818687756451
3330000.0,-92.5323865881044
3330600.0,-92.79466048777934
3331200.0,-93.06516425957211
3331800.0,-93.34405929074306
3332400.0,-93.63151307713497
3333000.0,-93.92769966001526
3333600.0,-94.23280009898967
3334200.0,-94.54700298498601
3334800.0,-94.87050499784758
3335400.0,-95.2035115136932
3336000.0,-95.54623726793004
3336600.0,-95.89890708064026
3337200.0,-96.26175665205108
3337800.0,-96.6350334369478
3338400.0,-97.01899760824391
3339000.0,-97.41392312152385
3339600.0,-97.82009889426605
3340200.0,-98.23783011570842
3340800.0,-98.66743970600282
3341400.0,-99.10926994653339
3342000.0,-99.56368430714423
3342600.0,-100.03106950071663
3343200.0,-100.51183780123085
3343800.0,-101.00642966839716
3344400.0,-101.51531673047808
3345000.0,-102.0390051874457
3345600.0,-102.57803970967845
3346200.0,-103.13300792370073
3346800.0,-103.70454559695303
3347400.0,-104.29334265945705
3348000.0,-104.90015023324509
3348600.0,-105.52578888271691
3349200.0,-106.17115835385488
3349800.0,-106.83724914165208
3350400.0,-107.52515631915733
3351000.0,-108.23609618661771
3351600.0,-108.97142646725668
3352200.0,-109.7326710046508
3352800.0,-110.52155023096458
3353400.0,-111.34001911354548
3354000.0,-112.1903149073743
3354600.0,-113.07501793195969
3355200.0,-113.9971298945025
3355800.0,-114.96017622388592
3356400.0,-115.96834183834778
3357000.0,-117.02665438218804
3357600.0,-118.14123635189785
3358200.0,-119.31965971660824
3358800.0,-120.5714574396842
3359400.0,-121.90888324825156
3360000.0,-123.34807967012875
3360600.0,-124.91094911555405
3361200.0,-126.62830494057097
3361800.0,-128.5455190670858
3362400.0,-130.7334850334597
3363000.0,-133.31228639170217
3363600.0,-136.51053701965265
3364200.0,-140.85227380332338
3364800.0,-148.02540194311428
3365400.0,-156.88878180998373
3366000.0,-146.2806994354875
3366600.0,-141.76504535532993
3367200.0,-139.17845585740278
3367800.0,-137.48266392933172
3368400.0,-136.30198244545963
3369000.0,-135.4586771163341
3369600.0,-134.85448369829098
3370200.0,-134.4291524871528
3370800.0,-134.14284770818128
3371400.0,-133.9676232221623
3372000.0,-133.88287662357362
3372600.0,-133.8727387242106
3373200.0,-133.92448392567593
3373800.0,-134.02751602053104
3374400.0,-134.17269777685834
3375000.0,-134.35189772108086
3375600.0,-134.5576824400631
3376200.0,-134.7831128457192
3376800.0,-135.02161985185435
3377400.0,-135.26694443087354
3378000.0,-135.51313187011422
3378600.0,-135.7545717553516
3379200.0,-135.98607475671668
3379800.0,-136.20297552557383
3380400.0,-136.40124882962039
3381000.0,-136.5776244090248
3381600.0,-136.72968579120112
3382200.0,-136.8559399952755
3382800.0,-136.95584871013216
3383400.0,-137.02981659909167
3384000.0,-137.0791379122858
3384600.0,-137.10590752222055
3385200.0,-137.1129060080797
3385800.0,-137.10347010706633
3386400.0,-137.08135979482887
3387000.0,-137.05063185522377
3387600.0,-137.01552760630798
3388200.0,-136.98037999745762
3388800.0,-136.94954300088017
3389400.0,-136.92734435003197
3390000.0,-136.91806136300013
3390600.0,-136.92591885406884
3391200.0,-136.95510795660778
3391800.0,-137.00982500476027
3392400.0,-137.0943304101907
3393000.0,-137.2130287282024
3393600.0,-137.37057290232786
3394200.0,-137.57199818581012
3394800.0,-137.82289479708191
3395400.0,-138.12963356730822
3396000.0,-138.49966669241238
3396600.0,-138.94193792879486
3397200.0,-139.46745609382577
3397800.0,-140.09011744005437
3398400.0,-140.82791410633823
3399000.0,-141.70474716612813
3399600.0,-142.7531728329543
3400200.0,-144.01845860977258
3400800.0,-145.5636907034467
3401400.0,-147.47065022125568
3402000.0,-149.79962876546335
3402600.0,-152.30026783673082
3403200.0,-153.456111536448
3403800.0,-151.7750669331536
3404400.0,-149.02624775957725
3405000.0,-146.5247374600294
3405600.0,-144.4449385332342
3406200.0,-142.71773661957752
3406800.0,-141.26356400722304
3407400.0,-140.02232067511326
3408000.0,-138.95117468416748
3408600.0,-138.01950611677324
3409200.0,-137.205043463176
3409800.0,-136.49127273020014
3410400.0,-135.86573506641912
3411000.0,-135.31889864123497
3411600.0,-134.84339847501585
3412200.0,-134.43351508315075
3412800.0,-134.0848113991952
3413400.0,-133.79387723322998
3414000.0,-133.558148858982
3414600.0,-133.3757828134117
3415200.0,-133.24557038583674
3415800.0,-133.1668842115148
3416400.0,-133.1396518639413
3417000.0,-133.1643540003394
3417600.0,-133.24204689563163
3418200.0,-133.37441146064526
3418800.0,-133.5638334334698
3419400.0,-133.81352279021635
3420000.0,-134.12768516541487
3420600.0,-134.51176517813016
3421200.0,-134.97279265858967
3421800.0,-135.51988066339734
3422400.0,-136.16495376796814
3423000.0,-136.92383501800072
3423600.0,-137.81790441345686
3424200.0,-138.87668014992366
3424800.0,-140.1418644052394
3425400.0,-141.67342938634772
3426000.0,-143.55658176649882
3426600.0,-145.89389135216015
3427200.0,-148.66569507446712
3427800.0,-150.89648400218448
3428400.0,-150.14711539486294
3429000.0,-147.36833374380706
3429600.0,-144.6748906062721
3430200.0,-142.46477500835434
3430800.0,-140.66733854272732
3431400.0,-139.18317263615168
3432000.0,-137.93817728394947
3432600.0,-136.88084341804026
3433200.0,-135.97516587394207
3433800.0,-135.19544272897716
3434400.0,-134.5229130702702
3435000.0,-133.94361260715522
3435600.0,-133.4469866213332
3436200.0,-133.02497385978847
3436800.0,-132.6713888782684
3437400.0,-132.38149843707973
3438000.0,-132.1517277647076
3438600.0,-131.9794565656511
3439200.0,-131.86287939810813
3439800.0,-131.80091439316516
3440400.0,-131.79315048355613
3441000.0,-131.83982770353143
3441600.0,-131.94184856624582
3442200.0,-132.10082162922643
3442800.0,-132.319141645387
3443400.0,-132.60011473023977
3444000.0,-132.94814251089156
3444600.0,-133.3689874007502
3445200.0,-133.87015384017528
3445800.0,-134.4614407270441
3446400.0,-135.15575374877008
3447000.0,-135.97032190797012
3447600.0,-136.92855319645344
3448200.0,-138.06289821107066
3448800.0,-139.41920422360178
3449400.0,-141.06260075510232
3450000.0,-143.08052181841614
3450600.0,-145.54818995897367
3451200.0,-148.24283317785847
3451800.0,-149.5873313275139
3452400.0,-147.922681048622
3453000.0,-145.17178206436827
3453600.0,-142.71248409523025
3454200.0,-140.6994573055233
3454800.0,-139.05060153245321
3455400.0,-137.68060624466275
3456000.0,-136.52676491170124
3456600.0,-135.54498100068696
3457200.0,-134.7039925130806
3457800.0,-133.98120335367005
3458400.0,-133.3599534509557
3459000.0,-132.82774898920724
3459600.0,-132.3751002579102
3460200.0,-131.99474427662992
3460800.0,-131.68111549102528
3461400.0,-131.42998042289173
3462000.0,-131.23818385481488
3462600.0,-131.10347347155567
3463200.0,-131.0243819770167
3463800.0,-131.00015355133314
3464400.0,-131.03070687898392
3465000.0,-131.1166309616714
3465600.0,-131.2592132609447
3466200.0,-131.46050296249587
3466800.0,-131.7234158620188
3467400.0,-132.0518921934893
3468000.0,-132.45112558347088
3468600.0,-132.9278916662577
3469200.0,-133.4910210936891
3469800.0,-134.15208758320546
3470400.0,-134.9264233020064
3471000.0,-135.834639026584
3471600.0,-136.90491631844546
3472200.0,-138.17639808455397
3472800.0,-139.70365248144518
3473400.0,-141.5592504610461
3474000.0,-143.81356451723647
3474600.0,-146.37143736389112
3475200.0,-148.25903974265287
3475800.0,-147.57069665645025
3476400.0,-145.11385311637343
3477000.0,-142.62545255408153
3477600.0,-140.53137976490578
3478200.0,-138.80754717447596
3478800.0,-137.37620661085745
3479400.0,-136.17299994019675
3480000.0,-135.151134206861
3480600.0,-134.27708126021477
3481200.0,-133.526539589855
3481800.0,-132.88159341906348
3482400.0,-132.32881981394289
3483000.0,-131.85803124753767
3483600.0,-131.46143035857517
3484200.0,-131.133033208585
3484800.0,-130.868270596243
3485400.0,-130.6637103979707
3486000.0,-130.51686467897966
3486600.0,-130.4260584157849
3487200.0,-130.39034516439716
3487800.0,-130.40946076706592
3488400.0,-130.48381038188927
3489000.0,-130.6144875093746
3489600.0,-130.80332685430858
3490200.0,-131.05299631515524
3490800.0,-131.36713771886323
3491400.0,-131.7505718929333
3492000.0,-132.20959246102822
3492600.0,-132.7523861772897
3493200.0,-133.38963851502263
3493800.0,-134.13541562908375
3494400.0,-135.00846171009906
3495000.0,-136.03410923076333
3495600.0,-137.24701012546973
3496200.0,-138.69453044535024
3496800.0,-140.43823233562273
3497400.0,-142.53772540994322
3498000.0,-144.93479006869507
3498600.0,-146.95046299763436
3499200.0,-146.90142022733033
3499800.0,-144.82799613134685
3500400.0,-142.40734083766029
3501000.0,-140.29027859640476
3501600.0,-138.5279543580771
3502200.0,-137.06001607331328
3502800.0,-135.8252268997573
3503400.0,-134.77660396327383
3504000.0,-133.87978874266935
3504600.0,-133.10965709313552
3505200.0,-132.44761156254006
3505800.0,-131.87969057955567
3506400.0,-131.39528455227952
3507000.0,-130.9862628345174
3507600.0,-130.64637403273582
3508200.0,-130.37082958620073
3508800.0,-130.15601258426568
3509400.0,-129.9992744267654
3510000.0,-129.89879519989094
3510600.0,-129.853492319803
3511200.0,-129.86296789136526
3511800.0,-129.9274894850783
3512400.0,-130.0480024132663
3513000.0,-130.22617465039974
3513600.0,-130.46447877500555
3514200.0,-130.7663192337884
3514800.0,-131.13621850488076
3515400.0,-131.58008331924808
3516000.0,-132.10558340746525
3516600.0,-132.72269233477357
3517200.0,-133.44446545888513
3517800.0,-134.28816519684236
3518400.0,-135.2768794548267
3519000.0,-136.44175452672448
3519600.0,-137.8245843555783
3520200.0,-139.4783922022157
3520800.0,-141.45330998485082
3521400.0,-143.70727539365885
3522000.0,-145.73434601009762
3522600.0,-146.11909394138968
3523200.0,-144.43984456681045
3523800.0,-142.136698083562
3524400.0,-140.02580960222022
3525000.0,-138.2416741655871
3525600.0,-136.74763537172356
3526200.0,-135.488438967319
3526800.0,-134.41826576963444
3527400.0,-133.50263290828914
3528000.0,-132.71599664491958
3528600.0,-132.03932557427393
3529200.0,-131.45828104391
3529800.0,-130.96194195883444
3530400.0,-130.5419231640878
3531000.0,-130.19176394444463
3531600.0,-129.90650068095843
3532200.0,-129.68236650384216
3532800.0,-129.51658042098515
3533400.0,-129.40720139334007
3534000.0,-129.35303147090286
3534600.0,-129.35355800964177
3535200.0,-129.4089292443906
3535800.0,-129.51996083326665
3536400.0,-129.68817394701085
3537000.0,-129.91586851453286
3537600.0,-130.20623881532728
3538200.0,-130.56354329974306
3538800.0,-130.9933471063941
3539400.0,-131.50286532625452
3540000.0,-132.10144913169285
3540600.0,-132.80127695002324
3541200.0,-133.61833837885922
3541800.0,-134.57381776379935
3542400.0,-135.69593702361078
3543000.0,-137.02193984875933
3543600.0,-138.59805563818267
3544200.0,-140.46697573655524
3544800.0,-142.5967833277739
3545400.0,-144.59831012706107
3546000.0,-145.29688978508673
3546600.0,-144.00151020714756
3547200.0,-141.84779406804887
3547800.0,-139.76110385939901
3548400.0,-137.96387293094287
3549000.0,-136.44836425190147
3549600.0,-135.1675245254753
3550200.0,-134.07761663015012
3550800.0,-133.1444470383893
3551400.0,-132.34225807693
3552000.0,-131.65169643150892
3552600.0,-131.058112496025
3553200.0,-130.55031547574265
3553800.0,-130.11969374349104
3554400.0,-129.75959707294405
3555000.0,-129.46490146929023
3555600.0,-129.23170150115044
3556200.0,-129.05709306091578
3556800.0,-128.93902192876016
3557400.0,-128.8761819825572
3558000.0,-128.86795274917225
3558600.0,-128.91437022005272
3559200.0,-129.0161281395331
3559800.0,-129.17460984008883
3560400.0,-129.39195355710484
3561000.0,-129.67115743990666
3561600.0,-130.01623466689477
3562200.0,-130.4324348188663
3562800.0,-130.92655582328013
3563400.0,-131.50738239088463
3564000.0,-132.18630268260287
3564600.0,-132.97817319460128
3565200.0,-133.90250957727787
3565800.0,-134.9850208265025
3566400.0,-136.2591436607852
3567000.0,-137.76563333492268
3567600.0,-139.54155138410303
3568200.0,-141.56301849514526
3568800.0,-143.52658979150954
3569400.0,-144.46287424083326
3570000.0,-143.53525249411527
3570600.0,-141.5563440817651
3571200.0,-139.50808710338896
3571800.0,-137.70332249692464
3572400.0,-136.16842576866932
3573000.0,-134.86670348124474
3573600.0,-133.75730272690885
3574200.0,-132.80662670153282
3574800.0,-131.98882792276498
3575400.0,-131.28428367772673
3576000.0,-130.6780563718828
3576600.0,-130.15869573470002
3577200.0,-129.71736823709617
3577800.0,-129.34723618782382
3578400.0,-129.04301618161543
3579000.0,-128.80066480307397
3579600.0,-128.61715537413923
3580200.0,-128.4903212120816
3580800.0,-128.41874905983912
3581400.0,-128.40171211405251
3582000.0,-128.4391362517621
3582600.0,-128.53159629715068
3583200.0,-128.68034193998116
3583800.0,-128.88735562792587
3584400.0,-129.1554477756645
3585000.0,-129.48839839785876
3585600.0,-129.8911593088921
3586200.0,-130.37013800150302
3586800.0,-130.93359393968652
3587400.0,-131.59219047804382
3588000.0,-132.3597584804486
3588600.0,-133.25432773271496
3589200.0,-134.29941637289897
3589800.0,-135.52523515014676
3590400.0,-136.968089909996
3591000.0,-138.6608370207671
3591600.0,-140.5865995234274
3592200.0,-142.50789949431828
3592800.0,-143.62850998273717
3593400.0,-143.04996891703541
3594000.0,-141.26897158627702
3594600.0,-139.27300990627518
3595200.0,-137.46537102134792
3595800.0,-135.91212376496532
3596400.0,-134.58934347663296
3597000.0,-133.45991338971982
3597600.0,-132.49112587763153
3598200.0,-131.65714045459913
3598800.0,-130.93809241747567
3599400.0,-130.31875907191014
3600000.0,-129.78742548217525
