offset_hz,response_db
0.0,0.0
200.0,-3.0402018784901377e-05
400.0,-0.00012142509638944928
600.0,-0.0002725214948758416
800.0,-0.00048278230488777465
1000.0,-0.0007509433999543587
1200.0,-0.0010753937202916375
1400.0,-0.0014541858338037923
1600.0,-0.0018850487078155163
1800.0,-0.0023654026109773273
2000.0,-0.0028923760512871606
2200.0,-0.0034628246425830247
2400.0,-0.0040733517801691595
2600.0,-0.004720330993363354
2800.0,-0.005399929832620515
3000.0,-0.006108135137671189
3200.0,-0.0068407795245300496
3400.0,-0.007593568919968403
3600.0,-0.008362110965316196
3800.0,-0.009141944104456807
4000.0,-0.009928567166164363
4200.0,-0.010717469246641026
4400.0,-0.011504159695255884
4600.0,-0.012284198005130906
4800.0,-0.013053223410042003
5000.0,-0.01380698398996132
5200.0,-0.01454136509030827
5400.0,-0.015252416863658202
5600.0,-0.01593638074775585
5800.0,-0.016589714700292413
6000.0,-0.017209117018508514
6200.0,-0.017791548580884834
6400.0,-0.018334253358157297
6600.0,-0.01883477705244241
6800.0,-0.0192909837356075
7000.0,-0.019701070371466404
7200.0,-0.020063579120369962
7400.0,-0.020377407340426878
7600.0,-0.020641815214613484
7800.0,-0.020856430949731136
8000.0,-0.021021253510089773
8200.0,-0.021136652864997555
8400.0,-0.02120336774730898
8600.0,-0.021222500936739337
8800.0,-0.021195512099095454
9000.0,-0.021124208229585387
9200.0,-0.02101073176435764
9400.0,-0.020857546441060366
9600.0,-0.020667421004176723
9800.0,-0.02044341086577383
10000.0,-0.02018883784612696
10200.0,-0.019907268131508483
10400.0,-0.019602488598399925
10600.0,-0.01927848166399362
10800.0,-0.018939398833008405
11000.0,-0.018589533118206426
11200.0,-0.018233290520314846
11400.0,-0.0178751607578288
11600.0,-0.017519687442327774
11800.0,-0.017171437897513044
12000.0,-0.01683497282248997
12200.0,-0.016514815999796845
12400.0,-0.01621542424784285
12600.0,-0.015941157815477086
12800.0,-0.015696251412710863
13000.0,-0.015484786066819136
13200.0,-0.015310661987600074
13400.0,-0.01517757261791977
13600.0,-0.015088980038453317
13800.0,-0.015048091885586984
14000.0,-0.015057839932057731
14200.0,-0.015120860468913082
14400.0,-0.015239476615572555
14600.0,-0.015415682672434934
14800.0,-0.0156511306176473
15000.0,-0.01594711883587662
15200.0,-0.016304583152857956
15400.0,-0.016724090235070144
15600.0,-0.017205833399087777
15800.0,-0.01774963085997989
16000.0,-0.018354926432931285
16200.0,-0.01902079268688937
16400.0,-0.01974593653377054
16600.0,-0.020528707221191156
16800.0,-0.02136710668180531
17000.0,-0.022258802177166727
17200.0,-0.023201141159740927
17400.0,-0.024191168261706843
17600.0,-0.02522564430640773
17800.0,-0.026301067224157555
18000.0,-0.027413694742033153
18200.0,-0.028559568705204263
18400.0,-0.02973454087616222
18600.0,-0.03093430004825732
18800.0,-0.03215440030011166
19000.0,-0.033390290209786844
19200.0,-0.03463734283995498
19400.0,-0.03589088629935516
19600.0,-0.037146234681082566
19800.0,-0.03839871917440783
20000.0,-0.03964371914491693
20200.0,-0.040876692976335
20400.0,-0.042093208468275786
20600.0,-0.04328897258564436
20800.0,-0.04445986035886979
21000.0,-0.04560194273884198
21200.0,-0.04671151321606209
21400.0,-0.047785113021558544
21600.0,-0.04881955473532901
21800.0,-0.04981194413835979
22000.0,-0.050759700155681486
22200.0,-0.05166057275003826
22400.0,-0.052512658639708956
22600.0,-0.05331441472787851
22800.0,-0.05406466914734676
23000.0,-0.054762629839353275
23200.0,-0.05540789060312988
23400.0,-0.056000434569685065
23600.0,-0.0565406350706909
23800.0,-0.0570292538924561
24000.0,-0.057467436921466816
24200.0,-0.05785670720764026
24400.0,-0.05819895548799987
24600.0,-0.05849642823210783
24800.0,-0.05875171328671286
25000.0,-0.05896772321470723
25200.0,-0.05914767643802846
25400.0,-0.05929507631060035
25600.0,-0.05941368826011334
25800.0,-0.05950751515154608
26000.0,-0.059580771036517974
26200.0,-0.0596378534637467
26400.0,-0.05968331453525434
26600.0,-0.05972183090074244
26800.0,-0.05975817288995682
27000.0,-0.059797172987746665
27200.0,-0.05984369386057468
27400.0,-0.059902596146050514
27600.0,-0.05997870621788658
27800.0,-0.06007678413852618
28000.0,-0.06020149201000424
28200.0,-0.06035736293070213
28400.0,-0.06054877076113741
28600.0,-0.06077990089647347
28800.0,-0.06105472223669903
29000.0,-0.06137696053730389
29200.0,-0.06175007331423252
29400.0,-0.06217722646721096
29600.0,-0.06266127277380933
29800.0,-0.0632047323954604
30000.0,-0.06380977552343678
30200.0,-0.06447820727940022
30400.0,-0.06521145497139695
30600.0,-0.06601055779098915
30800.0,-0.06687615902246925
31000.0,-0.06780850081934378
31200.0,-0.06880742158733172
31400.0,-0.06987235599701934
31600.0,-0.07100233763312616
31800.0,-0.0721960042704846
32000.0,-0.07345160575103445
32200.0,-0.07476701441913541
32400.0,-0.07613973805687707
32600.0,-0.07756693524477534
32800.0,-0.07904543305772727
33000.0,-0.0805717469911381
33200.0,-0.08214210299712374
33400.0,-0.08375246149694733
33600.0,-0.08539854322227874
33800.0,-0.0870758567254181
34000.0,-0.08877972738682098
34200.0,-0.09050532773749738
34400.0,-0.09224770890411388
34600.0,-0.09400183297608916
34800.0,-0.09576260608650117
35000.0,-0.09752491199228262
35200.0,-0.09928364593484174
35400.0,-0.10103374855809873
35600.0,-0.10277023965977987
35800.0,-0.10448825155039156
36000.0,-0.10618306179623971
36200.0,-0.10785012512459347
36400.0,-0.10948510427389867
36600.0,-0.11108389957709638
36800.0,-0.11264267707360542
37000.0,-0.11415789495422826
37200.0,-0.11562632815319737
37400.0,-0.11704509091355093
37600.0,-0.1184116571646775
37800.0,-0.11972387856514244
38000.0,-0.12098000007936843
38200.0,-0.1221786729732122
38400.0,-0.12331896513047252
38600.0,-0.12440036861116549
38800.0,-0.12542280439069023
39000.0,-0.12638662423873753
39200.0,-0.12729260971615217
39400.0,-0.128141968288575
39600.0,-0.1289363265749735
39800.0,-0.1296777207694583
40000.0,-0.1303685842945839
40200.0,-0.13101173276323044
40400.0,-0.13161034634497512
40600.0,-0.13216794965110126
40800.0,-0.1326883892689483
41000.0,-0.133175809093202
41200.0,-0.1336346236159209
41400.0,-0.1340694893518724
41600.0,-0.1344852745876156
41800.0,-0.13488702765449617
42000.0,-0.13527994393501633
42200.0,-0.13566933182088947
42400.0,-0.13606057784739498
42600.0,-0.1364591112340494
42800.0,-0.13687036806537847
43000.0,-0.1372997553474049
43200.0,-0.13775261517599247
43400.0,-0.13823418925241626
43600.0,-0.13874958397879789
43800.0,-0.13930373636184473
44000.0,-0.13990138094821947
44200.0,-0.14054701800798308
44400.0,-0.14124488317419479
44600.0,-0.14199891873773973
44800.0,-0.14281274678554134
45000.0,-0.14368964435908305
45200.0,-0.14463252079734612
45400.0,-0.1456438974143132
45600.0,-0.14672588964757946
45800.0,-0.14788019179848017
46000.0,-0.14910806446887814
46200.0,-0.15041032478272898
46400.0,-0.1517873394640911
46600.0,-0.15323902082489022
46800.0,-0.15476482569888575
47000.0,-0.1563637573391981
47200.0,-0.1580343702793198
47400.0,-0.15977477813844174
47600.0,-0.16158266433388413
47800.0,-0.16345529564515437
48000.0,-0.16538953855575272
48200.0,-0.16738187828142875
48400.0,-0.16942844037548713
48600.0,-0.17152501478559595
48800.0,-0.17366708221918098
49000.0,-0.17584984265985515
49200.0,-0.17806824586103734
49400.0,-0.1803170236303681
49600.0,-0.18259072370396845
49800.0,-0.184883744998902
50000.0,-0.18719037402022864
50200.0,-0.1895048221907516
50400.0,-0.19182126386211532
50600.0,-0.19413387476051455
50800.0,-0.19643687061423304
51000.0,-0.1987245457071796
51200.0,-0.20099131110089904
51400.0,-0.20323173226697627
51600.0,-0.20544056587415152
51800.0,-0.20761279547735617
52000.0,-0.20974366586184442
52200.0,-0.21182871580210913
52400.0,-0.21386380900495172
52600.0,-0.2158451630161215
52800.0,-0.21776937588314974
53000.0,-0.21963345038028673
53200.0,-0.22143481561782458
53400.0,-0.22317134587472842
53600.0,-0.22484137651224012
53800.0,-0.22644371684573178
54000.0,-0.22797765987239615
54200.0,-0.22944298877488237
54400.0,-0.2308399801422392
54600.0,-0.23216940387335475
54800.0,-0.23343251975077828
55000.0,-0.23463107069639003
55200.0,-0.23576727274411285
55400.0,-0.23684380178748324
55600.0,-0.23786377718347312
55800.0,-0.2388307423155705
56000.0,-0.23974864224104972
56200.0,-0.24062179856769916
56400.0,-0.24145488172505897
56600.0,-0.2422528808131623
56800.0,-0.2430210712290012
57000.0,-0.24376498028622742
57200.0,-0.2444903510574078
57400.0,-0.24520310468068812
57600.0,-0.24590930138256684
57800.0,-0.2466151004779392
58000.0,-0.2473267196144998
58200.0,-0.24805039353463107
58400.0,-0.24879233262989764
58600.0,-0.24955868156540797
58800.0,-0.250355478250259
59000.0,-0.2511886134281282
59200.0,-0.2520637911577307
59400.0,-0.25298649044709515
59600.0,-0.2539619282982162
59800.0,-0.25499502440931
60000.0,-0.256090367771538
60200.0,-0.25725218538479927
60400.0,-0.2584843133040388
60600.0,-0.25979017021272194
60800.0,-0.26117273370441324
61000.0,-0.26263451943643484
61200.0,-0.26417756330178277
61400.0,-0.2658034067467801
61600.0,-0.26751308534192336
61800.0,-0.26930712069415114
62000.0,-0.27118551576639294
62200.0,-0.273147753650435
62400.0,-0.27519279981618694
62600.0,-0.27731910783897096
62800.0,-0.2795246285838734
63000.0,-0.281806822804069
63200.0,-0.28416267708724857
63400.0,-0.28658872306265526
63600.0,-0.289081059758491
63800.0,-0.2916353789786351
64000.0,-0.29424699354571343
64200.0,-0.2969108682378054
64400.0,-0.2996216532257267
64600.0,-0.30237371979935407
64800.0,-0.3051611981537331
65000.0,-0.30797801698848665
65200.0,-0.3108179446597964
65400.0,-0.31367463160920717
65600.0,-0.31654165378237187
65800.0,-0.3194125567394055
66000.0,-0.32228090015059485
66200.0,-0.32514030236422287
66400.0,-0.327984484728614
66600.0,-0.33080731534845925
66800.0,-0.3336028519549125
67000.0,-0.3363653835718367
67200.0,-0.339089470664432
67400.0,-0.3417699834641237
67600.0,-0.3444021381728846
67800.0,-0.3469815307619886
68000.0,-0.3495041680946051
68200.0,-0.35196649611811986
68400.0,-0.35436542489113354
68600.0,-0.3566983502309429
68800.0,-0.35896317179014264
69000.0,-0.36115830739630816
69200.0,-0.3632827035145758
69400.0,-0.36533584172174405
69600.0,-0.367317741108914
69800.0,-0.36922895656065213
70000.0,-0.37107057288972556
70200.0,-0.37284419483770365
70400.0,-0.3745519329842842
70600.0,-0.3761963856398176
70800.0,-0.37778061682777575
71000.0,-0.3793081304949343
71200.0,-0.3807828411178161
71400.0,-0.3822090409040668
71600.0,-0.38359136381545983
71800.0,-0.38493474666694144
72000.0,-0.38624438758143503
72200.0,-0.3875257021043035
72400.0,-0.3887842773030719
72600.0,-0.3900258241981762
72800.0,-0.3912561288880501
73000.0,-0.39248100274747033
73200.0,-0.39370623209120337
73400.0,-0.3949375277052607
73600.0,-0.3961804746570077
73800.0,-0.397440482800232
74000.0,-0.39872273839488903
74200.0,-0.4000321572616639
74400.0,-0.4013733398896946
74600.0,-0.40275052891109436
74800.0,-0.4041675693490868
75000.0,-0.4056278720373032
75200.0,-0.40713438059558654
75400.0,-0.4086895423337109
75600.0,-0.41029528343766886
75800.0,-0.4119529887742289
76000.0,-0.4136634866286035
76200.0,-0.4154270386661637
76400.0,-0.4172433353840098
76600.0,-0.4191114972905932
76800.0,-0.42103008202148395
77000.0,-0.42299709756818227
77200.0,-0.4250100217630886
77400.0,-0.427065828128504
77600.0,-0.42916101816046626
77800.0,-0.43129166007949593
78000.0,-0.43345343404070624
78200.0,-0.4356416837539775
78400.0,-0.43785147442275807
78600.0,-0.44007765686666617
78800.0,-0.44231493764956975
79000.0,-0.44455795499002
79200.0,-0.4468013601869772
79400.0,-0.4490399042498845
79600.0,-0.45126852937817674
79800.0,-0.4534824648934864
80000.0,-0.45567732718641446
80200.0,-0.45784922320060545
80400.0,-0.45999485694007197
80600.0,-0.46211163845121167
80800.0,-0.4641977947002484
81000.0,-0.46625248173888545
81200.0,-0.46827589752798926
81400.0,-0.47026939476968266
81600.0,-0.472235593084785
81800.0,-0.47417848986225886
82000.0,-0.4761035691055529
82200.0,-0.47801790760153234
82400.0,-0.4799302777465818
82600.0,-0.4818512463781264
82800.0,-0.4837932689809643
83000.0,-0.48577077866259055
83200.0,-0.48780026932523474
83400.0,-0.4899003724989235
83600.0,-0.4920919273441373
83800.0,-0.49439804337922244
84000.0,-0.49684415554211575
84200.0,-0.4994580712509991
84400.0,-0.5022700091890138
84600.0,-0.5053126296013983
84800.0,-0.5086210559564592
85000.0,-0.5122328878902331
85200.0,-0.5161882054178711
85400.0,-0.5205295644643347
85600.0,-0.5253019838294499
85800.0,-0.5305529237673755
86000.0,-0.5363322564205614
86200.0,-0.542692228406798
86400.0,-0.5496874159111617
86600.0,-0.55737467268531
86800.0,-0.5658130714006254
87000.0,-0.5750638388427651
87200.0,-0.5851902854679681
87400.0,-0.5962577298721242
87600.0,-0.6083334187446926
87800.0,-0.6214864428981379
88000.0,-0.6357876499742398
88200.0,-0.6513095544338023
88400.0,-0.6681262454380106
88600.0,-0.6863132932225485
88800.0,-0.7059476545577975
89000.0,-0.7271075778722679
89200.0,-0.7498725085991149
89400.0,-0.7743229952826157
89600.0,-0.8005405969566284
89800.0,-0.8286077922785479
90000.0,-0.8586078908725209
90200.0,-0.8906249473025519
90400.0,-0.9247436780645885
90600.0,-0.9610493819504968
90800.0,-0.9996278641039623
91000.0,-1.0405653640528918
91200.0,-1.0839484879695014
91400.0,-1.1298641453750733
91600.0,-1.1783994904749786
91800.0,-1.229641868278214
92000.0,-1.283678765625765
92200.0,-1.340597767225581
92400.0,-1.400486516764855
92600.0,-1.4634326831477216
92800.0,-1.529523931883943
93000.0,-1.5988479016354975
93200.0,-1.671492185910223
93400.0,-1.7475443198770924
93600.0,-1.8270917722647106
93800.0,-1.910221942294503
94000.0,-1.9970221615918509
94200.0,-2.087579701011154
94400.0,-2.181981782308501
94600.0,-2.280315594592347
94800.0,-2.3826683154821535
95000.0,-2.489127136908142
95200.0,-2.599779295486911
95400.0,-2.7147121074144898
95600.0,-2.834013007824333
95800.0,-2.957769594565987
96000.0,-3.0860696763717472
96200.0,-3.2190013253875094
96400.0,-3.356652934059663
96600.0,-3.499113276382558
96800.0,-3.646471573527512
97000.0,-3.798817563891898
97200.0,-3.956241577625599
97400.0,-4.11883461571225
97600.0,-4.286688433705655
97800.0,-4.45989563024407
98000.0,-4.638549740492946
98200.0,-4.822745334692047
98400.0,-5.012578122014437
98600.0,-5.208145059976431
98800.0,-5.4095444696725306
99000.0,-5.616876157147706
99200.0,-5.830241541259417
99400.0,-6.049743788428405
99600.0,-6.275487954724403
99800.0,-6.507581135788037
100000.0,-6.746132625147775
100200.0,-6.9912540815574395
100400.0,-7.243059706048859
100600.0,-7.5016664294767
100800.0,-7.767194111418113
101000.0,-8.03976575138875
101200.0,-8.319507713447274
101400.0,-8.606549965381049
101600.0,-8.901026333806152
101800.0,-9.203074776666625
102000.0,-9.512837674795446
102200.0,-9.830462144396652
102400.0,-10.156100372531377
102600.0,-10.489909977947526
102800.0,-10.83205439988303
103000.0,-11.182703317804883
103200.0,-11.542033105429043
103400.0,-11.910227322803468
103600.0,-12.287477250743281
103800.0,-12.673982472490565
104000.0,-13.069951508150314
104200.0,-13.475602508241757
104400.0,-13.891164013624222
104600.0,-14.31687579013358
104800.0,-14.752989747528867
105000.0,-15.199770953841425
105200.0,-15.65749875797578
105400.0,-16.126468035509532
105600.0,-16.60699057512678
105800.0,-17.099396626104873
106000.0,-17.604036630856502
106200.0,-18.121283170851058
106400.0,-18.651533159485187
106600.0,-19.195210321851988
106800.0,-19.752768009177608
107000.0,-20.32469240531867
107200.0,-20.911506194612027
107400.0,-21.513772775201268
107600.0,-22.1321011205267
107800.0,-22.76715141508201
108000.0,-23.419641620265885
108200.0,-24.090355164173545
108400.0,-24.780149998195817
108600.0,-25.4899693269866
108800.0,-26.220854401924548
109000.0,-26.973959878815066
109200.0,-27.750572388570475
109400.0,-28.552133169739275
109600.0,-29.380265885707693
109800.0,-30.236811129171333
110000.0,-31.12386965044521
110200.0,-32.043857108486314
110400.0,-32.999574250128994
110600.0,-33.99429805943895
110800.0,-35.031901888599556
111000.0,-36.117016394121634
111200.0,-37.255249138667864
111400.0,-38.453490554485235
111600.0,-39.720350519998576
111800.0,-41.066798726534714
112000.0,-42.50713478416124
112200.0,-44.0605153144258
112400.0,-45.75347189158681
112600.0,-47.624307425104774
112800.0,-49.73135124865465
113000.0,-52.17001725617678
113200.0,-55.11305669446325
113400.0,-58.92649345596607
113600.0,-64.6415829177932
113800.0,-78.7012371044609
114000.0,-70.48423316217091
114200.0,-63.80201008910664
114400.0,-60.55996447285335
114600.0,-58.56400235593234
114800.0,-57.22168083405188
115000.0,-56.28520896864076
115200.0,-55.626957495755704
115400.0,-55.172316238794465
115600.0,-54.8737004334587
115800.0,-54.69871859841615
116000.0,-54.62414161104063
116200.0,-54.632557977783556
116400.0,-54.71039257801303
116600.0,-54.846669378087675
116800.0,-55.0322050759737
117000.0,-55.25906578991585
117200.0,-55.52019249989044
117400.0,-55.809140437521705
117600.0,-56.11989979947997
117800.0,-56.44677801857022
118000.0,-56.78433134482533
118200.0,-57.12733772397284
118400.0,-57.47080503743
118600.0,-57.81000935938021
118800.0,-58.14055748471848
119000.0,-58.45846701926777
119200.0,-58.76025622936694
119400.0,-59.04303503002205
119600.0,-59.3045882822308
119800.0,-59.54344317558017
120000.0,-59.75891392233298
120200.0,-59.95111915815719
120400.0,-60.120970081145124
120600.0,-60.27013015490601
120800.0,-60.400949835903965
121000.0,-60.51638197227712
121200.0,-60.6198850368318
121400.0,-60.71532206847762
121600.0,-60.8068630874193
121800.0,-60.89889793551578
122000.0,-60.995965192284885
122200.0,-61.10270131759404
122400.0,-61.223812763092596
122600.0,-61.36407272413397
122800.0,-61.52834365166054
123000.0,-61.72162672076453
123200.0,-61.94914023668176
123400.0,-62.216430519761914
123600.0,-62.52952126930256
123800.0,-62.89511094949035
124000.0,-63.320832631913426
124200.0,-63.815597179176756
124400.0,-64.39004833813067
124600.0,-65.05716470738889
124800.0,-65.83303846673951
125000.0,-66.73780824461956
125200.0,-67.79649994872433
125400.0,-69.03870444670567
125600.0,-70.49306822217103
125800.0,-72.16224636378456
126000.0,-73.93303891720979
126200.0,-75.3500277597146
126400.0,-75.55982894668037
126600.0,-74.3336603503646
126800.0,-72.46421117033461
127000.0,-70.58735556536062
127200.0,-68.90782954187519
127400.0,-67.44931746885628
127600.0,-66.18842988612943
127800.0,-65.0954802558974
128000.0,-64.14444442118084
128200.0,-63.31442780952301
128400.0,-62.58906207002475
128600.0,-61.955577321169464
128800.0,-61.4039837908101
129000.0,-60.92643476118766
129200.0,-60.516750853588725
129400.0,-60.17006987977773
129600.0,-59.88259044565352
129800.0,-59.65138500532802
130000.0,-59.47426484538795
130200.0,-59.34968474948738
130400.0,-59.27667902274118
130600.0,-59.25482350130541
130800.0,-59.284220470607295
131000.0,-59.365505351226425
131200.0,-59.49987582648682
131400.0,-59.68914601942487
131600.0,-59.93583064546003
131800.0,-60.24326712029932
132000.0,-60.61578789025135
132200.0,-61.058961525428074
132400.0,-61.57993052632609
132600.0,-62.18788803988285
132800.0,-62.89475699681361
133000.0,-63.71616525932308
133200.0,-64.6728446070431
133400.0,-65.79258338753918
133600.0,-67.11265371426327
133800.0,-68.68139847894997
134000.0,-70.5516310506935
134200.0,-72.73039887177765
134400.0,-74.94311627112297
134600.0,-76.08162594188019
134800.0,-75.05146646388366
135000.0,-72.87652942624761
135200.0,-70.70745566192876
135400.0,-68.843820119924
135600.0,-67.28391105403617
135800.0,-65.97534055414238
136000.0,-64.86935234905076
136200.0,-63.92825048082388
136400.0,-63.12394222325491
136600.0,-62.435504646590225
136800.0,-61.84720739776684
137000.0,-61.34709353456028
137200.0,-60.92599113062413
137400.0,-60.576826630193246
137600.0,-60.29414497511313
137800.0,-60.073772042675444
138000.0,-59.912576697018594
138200.0,-59.80830437467715
138400.0,-59.75946385374321
138600.0,-59.76525544165612
138800.0,-59.82553345889389
139000.0,-59.94079940170589
139200.0,-60.112225110254556
139400.0,-60.34170810370707
139600.0,-60.63196440059147
139800.0,-60.98666811544522
140000.0,-61.41065256207949
140200.0,-61.91019543223274
140400.0,-62.49342218044632
140600.0,-63.17087874154879
140800.0,-63.956348484729126
141000.0,-64.86801601075932
141200.0,-65.93008857624875
141400.0,-67.17486263683001
141600.0,-68.64447866231909
141800.0,-70.38808644767389
142000.0,-72.43426129063582
142200.0,-74.65420539693552
142400.0,-76.32760226281641
142600.0,-76.14070162675952
142800.0,-74.30827158781112
143000.0,-72.14286187674678
143200.0,-70.20385632786072
143400.0,-68.5670816409572
143600.0,-67.19483603041508
143800.0,-66.03850816800957
144000.0,-65.05792850412395
144200.0,-64.22256104314009
144400.0,-63.50953819031418
144600.0,-62.90166206249935
144800.0,-62.385879184950625
145000.0,-61.95219384240158
145200.0,-61.59290646313578
145400.0,-61.302079606042675
145600.0,-61.07516182897041
145800.0,-60.9087221691405
146000.0,-60.80026377666181
146200.0,-60.748095970250716
146400.0,-60.75125128589023
146600.0,-60.80943920881886
146800.0,-60.92303208456624
147000.0,-61.09308181058232
147200.0,-61.32136879139455
147400.0,-61.61048771846298
147600.0,-61.96397846638937
147800.0,-62.3865153304402
148000.0,-62.88417469092008
148200.0,-63.46481086830106
148400.0,-64.13858320835901
148600.0,-64.9186936004271
148800.0,-65.82240509192727
149000.0,-66.87238435743649
149200.0,-68.0982050281
149400.0,-69.53691995376627
149600.0,-71.22776653291511
149800.0,-73.18060053780323
150000.0,-75.24409418055241
150200.0,-76.75366902632115
150400.0,-76.61751303252689
150600.0,-74.98779420317322
150800.0,-72.97165524421115
151000.0,-71.1161841447238
151200.0,-69.52656073948677
151400.0,-68.18289536925755
151600.0,-67.04529717628898
151800.0,-66.0779092394218
152000.0,-65.25244380216245
152200.0,-64.54727460960085
152400.0,-63.94592656685085
152600.0,-63.43578744001497
152800.0,-63.007142469139396
153000.0,-62.652477943969124
153200.0,-62.365983837910605
153400.0,-62.143199109450265
153600.0,-61.98075916307665
153800.0,-61.87621758358739
154000.0,-61.827923368526626
154200.0,-61.834941327357704
154400.0,-61.897007957986375
154600.0,-62.01451862823292
154800.0,-62.18854479922864
155000.0,-62.42088273649034
155200.0,-62.71413803297473
155400.0,-63.0718536914972
155600.0,-63.498693914235275
155800.0,-64.00070158669892
156000.0,-64.58565507518999
156200.0,-65.26355892808527
156400.0,-66.04730975864867
156600.0,-66.95356815008425
156800.0,-68.00378628930775
157000.0,-69.22499972532948
157200.0,-70.64870888639548
157400.0,-72.30146736813752
157600.0,-74.16420190662285
157800.0,-76.03283688026687
158000.0,-77.24450572961196
158200.0,-76.95920784554556
158400.0,-75.43691261265182
158600.0,-73.57855857933805
158800.0,-71.84258760808197
159000.0,-70.33479007753809
159200.0,-69.04783062045568
159400.0,-67.95100438888744
159600.0,-67.01410572544033
159800.0,-66.21227743170455
160000.0,-65.52602689136617
160200.0,-64.94025108679314
160400.0,-64.44325073221685
160600.0,-64.02593847440625
160800.0,-63.681244937342036
161000.0,-63.40368374230434
161200.0,-63.18903596450291
161400.0,-63.03412288544742
161600.0,-62.936644507141935
161800.0,-62.8950681912194
162000.0,-62.9085569753567
162200.0,-62.976931023575496
162400.0,-63.10065872468
162600.0,-63.280876552564884
162800.0,-63.51943925783929
163000.0,-63.81900456806054
163200.0,-64.18315961884181
163400.0,-64.61660008540731
163600.0,-65.12537758308058
163800.0,-65.71723601762639
164000.0,-66.40206117533722
164200.0,-67.19246259062948
164400.0,-68.10446849578197
164600.0,-69.15816584244054
164800.0,-70.37760536192272
165000.0,-71.78757810564099
165200.0,-73.39921474192396
165400.0,-75.15931669774972
165600.0,-76.80865687913962
165800.0,-77.70472554992155
166000.0,-77.25495871605884
166200.0,-75.80883193482855
166400.0,-74.09283409771422
166600.0,-72.47626399285436
166800.0,-71.05582922890851
167000.0,-69.83216513742774
167200.0,-68.78225281605297
167400.0,-67.88117858231588
167600.0,-67.10752281702433
167800.0,-66.44403307824965
168000.0,-65.87709761175061
168200.0,-65.39603633878401
168400.0,-64.99247750748931
168600.0,-64.6598674703979
168800.0,-64.39310094332731
169000.0,-64.18824748269657
169200.0,-64.04235196433972
169400.0,-63.953291821632625
169600.0,-63.91967860260834
169800.0,-63.94079536447916
170000.0,-64.01656457429699
170200.0,-64.14754376722702
170400.0,-64.3349484756571
170600.0,-64.58070410816515
170800.0,-64.8875307514952
171000.0,-65.25906744843995
171200.0,-65.7000454482129
171400.0,-66.21652299635744
171600.0,-66.81619622919538
171800.0,-67.5087977556505
172000.0,-68.3065746850161
172200.0,-69.22476610647868
172400.0,-70.28177140528553
172600.0,-71.4979957002544
172800.0,-72.89019985713038
173000.0,-74.45178819221707
173200.0,-76.09374495750076
173400.0,-77.5122868527572
173600.0,-78.11767186354766
173800.0,-77.53519524466766
174000.0,-76.15535721227926
174200.0,-74.5635826269143
174400.0,-73.05630855337661
174600.0,-71.71919481602502
174800.0,-70.55777118163607
175000.0,-69.55503212391784
175200.0,-68.690577957226
175400.0,-67.94607669274826
175600.0,-67.30636082569886
175800.0,-66.75924333767755
176000.0,-66.29503766130463
176200.0,-65.9060807813048
176400.0,-65.58633642180669
176600.0,-65.33108562384109
176800.0,-65.13669288461315
177000.0,-65.00043323797111
177200.0,-64.92036769042052
177400.0,-64.89525745602334
177600.0,-64.92451030608194
177800.0,-65.00815482692173
178000.0,-65.14684050927482
178200.0,-65.34186351958445
178400.0,-65.59521986864233
178600.0,-65.909689621545
178800.0,-66.28895782275396
179000.0,-66.73777978805985
179200.0,-67.26219962861205
179400.0,-67.86982913265619
179600.0,-68.57018329966692
179800.0,-69.37503188600381
180000.0,-70.29861606522105
180200.0,-71.35726221237788
180400.0,-72.5670193626034
180600.0,-73.93539180612044
180800.0,-75.43655251711857
181000.0,-76.94726917071002
181200.0,-78.13630903553327
181400.0,-78.4919957762817
181600.0,-77.8140224630779
181800.0,-76.49589814000423
182000.0,-75.01179926961625
182200.0,-73.60179899629716
182400.0,-72.34111308259456
182600.0,-71.23819949599684
182800.0,-70.28065131756742
183000.0,-69.45179045217861
183200.0,-68.73594761371584
183400.0,-68.11981036897652
183600.0,-67.59248908151031
183800.0,-67.14521820904578
184000.0,-66.77100113806434
184200.0,-66.46429365191676
184400.0,-66.2207476508026
184600.0,-66.03701290708189
184800.0,-65.91058839311539
185000.0,-65.8397144949765
185200.0,-65.82329902196962
185400.0,-65.86087189306774
185600.0,-65.95256527106994
185800.0,-66.0991176358799
186000.0,-66.30190189639988
186200.0,-66.56297918745763
186400.0,-66.88518151709258
186600.0,-67.27222782534442
186800.0,-67.7288788475879
187000.0,-68.26113521032279
187200.0,-68.8764770892851
187400.0,-69.58412388121954
187600.0,-70.3952360683591
187800.0,-71.3228289141679
188000.0,-72.38075800487655
188200.0,-73.58004113065019
188400.0,-74.91794221684613
188600.0,-76.34888857877004
188800.0,-77.71981968438493
189000.0,-78.69076140112523
189200.0,-78.84053725025265
189400.0,-78.09826480340638
189600.0,-76.83809889306448
189800.0,-75.44747357162726
190000.0,-74.12333742410789
190200.0,-72.93175001228968
190400.0,-71.88284705937325
190600.0,-70.96771347640421
190800.0,-70.17270048916778
191000.0,-69.48439715322047
191200.0,-68.89111023675787
191400.0,-68.38310708489723
191600.0,-67.952457297891
191800.0,-67.59277658269936
192000.0,-67.29897772038181
192200.0,-67.06706006141667
192400.0,-66.89394253131165
192600.0,-66.77733653911031
192800.0,-66.71565327719729
193000.0,-66.70794038337935
193200.0,-66.75384416666446
193400.0,-66.85359498713974
193600.0,-67.00801473974573
193800.0,-67.21854668867215
194000.0,-67.48730911378625
194200.0,-67.8171753038991
194400.0,-68.21188309232151
194600.0,-68.67617665091073
194800.0,-69.21597979925286
195000.0,-69.83858903708435
195200.0,-70.55284452960268
195400.0,-71.3691599020514
195600.0,-72.29909466648559
195800.0,-73.3536524097897
196000.0,-74.53823123749063
196200.0,-75.8391991802029
196400.0,-77.19174663463949
196600.0,-78.41932249446836
196800.0,-79.19004567899799
197000.0,-79.17414165300725
197200.0,-78.39102758231888
197400.0,-77.18496130061725
197600.0,-75.87584971808032
197800.0,-74.62747716710106
198000.0,-73.4980811700922
198200.0,-72.49867610851311
198400.0,-71.62299557040664
198600.0,-70.8598471887783
198800.0,-70.19772311648026
199000.0,-69.6263318294784
199200.0,-69.13696268014786
199400.0,-68.72243469475535
199600.0,-68.37692001453857
199800.0,-68.09575096823033
200000.0,-67.87524854328213
200200.0,-67.71258248717238
200400.0,-67.60566318312007
200600.0,-67.55306233719112
200800.0,-67.55395913761956
201000.0,-67.60810917918369
201200.0,-67.71583441716257
201400.0,-67.87803344536206
201600.0,-68.09621238994526
201800.0,-68.37253758544561
202000.0,-68.70991177270186
202200.0,-69.11207540164696
202400.0,-69.58373266830786
202600.0,-70.1306956550788
202800.0,-70.76002342776819
203000.0,-71.48009199694641
203200.0,-72.30043138484203
203400.0,-73.23092420278067
203600.0,-74.27937576864748
203800.0,-75.44509498163863
204000.0,-76.7032660304146
204200.0,-77.97127624974979
204400.0,-79.05640544119707
204600.0,-79.64794396396823
204800.0,-79.50064753971546
205000.0,-78.69350372192493
205200.0,-77.53757109203534
205400.0,-76.29994732122627
205600.0,-75.11862240791989
205800.0,-74.04519951549946
206000.0,-73.09105855014927
206200.0,-72.25194436586452
206400.0,-71.518656924095
206600.0,-70.88128950692983
206800.0,-70.33076031741103
207000.0,-69.85925780917788
207200.0,-69.46027027910705
207400.0,-69.1284728052254
207600.0,-68.8595806536085
207800.0,-68.65021072725806
208000.0,-68.497765005014
208200.0,-68.40033897164491
208400.0,-68.3566540927202
208600.0,-68.36601236050176
208800.0,-68.42827109796403
209000.0,-68.54383681998573
209200.0,-68.71367768539025
209400.0,-68.93935478453832
209600.0,-69.22307301374362
209800.0,-69.56775232929046
210000.0,-69.9771191100555
210200.0,-70.4558137688825
210400.0,-71.00950143139261
210600.0,-71.64495007052743
210800.0,-72.36998792632231
211000.0,-73.19312959151398
211200.0,-74.12237520566765
211400.0,-75.16203251473773
211600.0,-76.30498900723657
211800.0,-77.51532652260869
212000.0,-78.69480117727683
212200.0,-79.64194455683081
212400.0,-80.07600577832841
212600.0,-79.82534815708661
212800.0,-79.00593257926647
213000.0,-77.89621624023994
213200.0,-76.7216627458845
213400.0,-75.59992912600015
213600.0,-74.5769872515895
213800.0,-73.66425274720032
214000.0,-72.85899972997211
214200.0,-72.15364749726426
214400.0,-71.53963743535952
214600.0,-71.00893136779824
214800.0,-70.55450771452878
215000.0,-70.17045130913603
215200.0,-69.85189071466492
215400.0,-69.5948897429686
215600.0,-69.39633670071106
215800.0,-69.25384785418251
216000.0,-69.16569024697034
216200.0,-69.13072449875301
216400.0,-69.1483667089566
216600.0,-69.2185683671776
216800.0,-69.34181348074455
217000.0,-69.51913260152484
217200.0,-69.7521338498341
217400.0,-70.04305116965432
217600.0,-70.39480950707282
217800.0,-70.81110455311494
218000.0,-71.29648933018265
218200.0,-71.85644728081108
218400.0,-72.49740281919222
218600.0,-73.2265557618772
218800.0,-74.05128105320914
219000.0,-74.9775109483459
219200.0,-76.0058107878701
219400.0,-77.12245913072341
219600.0,-78.28085892808167
219800.0,-79.36981337932069
220000.0,-80.18595209540746
220200.0,-80.48332599397543
220400.0,-80.15169135690255
220600.0,-79.32810641079
220800.0,-78.26086618725591
221000.0,-77.14228550180677
221200.0,-76.07377202066994
221400.0,-75.09649716978811
221600.0,-74.22170149355738
221800.0,-73.44782251175904
222000.0,-72.76859949444618
222200.0,-72.1766111215237
222400.0,-71.66472044183585
222600.0,-71.22660012109057
222800.0,-70.8568665203776
223000.0,-70.55105677987707
223200.0,-70.30555159486953
223400.0,-70.11748783991723
223600.0,-69.98467917646101
223800.0,-69.90555133801585
224000.0,-69.87909393945161
224200.0,-69.90482879827371
224400.0,-69.98279423300959
224600.0,-70.11354485714696
224800.0,-70.29816660460226
225000.0,-70.53830685644841
225200.0,-70.836219281647
225400.0,-71.19482183657594
225600.0,-71.61776325860055
225800.0,-72.10948612702977
226000.0,-72.67525844420972
226200.0,-73.32111048453902
226400.0,-74.05353702854738
226600.0,-74.87865853410935
226800.0,-75.80017706197593
227000.0,-76.81472913317636
227200.0,-77.90193995029144
227400.0,-79.00525081141265
227600.0,-80.00346063156037
227800.0,-80.69714671876731
228000.0,-80.87683637135294
228200.0,-80.48187174948887
228400.0,-79.6596338176794
228600.0,-78.63138143411541
228800.0,-77.5627559806955
229000.0,-76.54200607369957
229200.0,-75.60618708140063
229400.0,-74.76623178403247
229600.0,-74.02146193548737
229800.0,-73.36669607986163
230000.0,-72.79547477991949
230200.0,-72.30144070443637
230400.0,-71.87887730451818
230600.0,-71.52287481334224
230800.0,-71.22933854599464
231000.0,-70.99493724831095
231200.0,-70.81703534902572
231400.0,-70.69362821703868
231600.0,-70.62328822940239
231800.0,-70.60512441956524
232000.0,-70.63875636455508
232200.0,-70.72430221499042
232400.0,-70.86238059277052
232600.0,-71.05412607114489
232800.0,-71.30121779803699
233000.0,-71.60592015353016
233200.0,-71.97113250545212
233400.0,-72.40044088708088
233600.0,-72.89815514649044
233800.0,-73.4692953497631
234000.0,-74.11944937152234
234200.0,-74.85433507081675
234400.0,-75.67871408979768
234600.0,-76.59392076634172
234800.0,-77.59253587873478
235000.0,-78.64762134367213
235200.0,-79.69360742597021
235400.0,-80.60229621855952
235600.0,-81.18287382390322
235800.0,-81.26172933760944
236000.0,-80.81726021638875
236200.0,-80.00007351229863
236400.0,-79.00760457051392
236600.0,-77.98380157445199
236800.0,-77.00612325612465
237000.0,-76.10807316424763
237200.0,-75.30019534233433
237400.0,-74.58248153173557
237600.0,-73.95063535900492
237800.0,-73.3990131580401
238000.0,-72.92193345525904
238200.0,-72.51421789617069
238400.0,-72.17137964275385
238600.0,-71.88965601653149
238800.0,-71.66597771414403
239000.0,-71.49791751422542
239200.0,-71.38363803847204
239400.0,-71.32184712898004
239600.0,-71.31176429298638
239800.0,-71.35309939417009
240000.0,-71.44604381126184
240200.0,-71.59127391886186
240400.0,-71.78996651060385
240600.0,-72.04382533991802
240800.0,-72.35511685679325
241000.0,-72.72671069817034
241200.0,-73.16211504951325
241400.0,-73.66548562500809
241600.0,-74.24156349273132
241800.0,-74.89544844541855
242000.0,-75.63201467678526
242200.0,-76.45457182752182
242400.0,-77.36197443659636
242600.0,-78.3426788748243
242800.0,-79.36339464577367
243000.0,-80.35066006747691
243200.0,-81.17217677424505
243400.0,-81.64919575532684
243600.0,-81.64186213795551
243800.0,-81.15869632865171
244000.0,-80.34899939148053
244200.0,-79.38939783961717
244400.0,-78.40601241196353
244600.0,-77.46735194018063
244800.0,-76.60383517182372
245000.0,-75.82557086813162
245200.0,-75.1330553914321
245400.0,-74.52272011699327
245600.0,-73.98961515500875
245800.0,-73.52864628301394
246000.0,-73.1351102295959
246200.0,-72.80489814269353
246400.0,-72.53454704938571
246600.0,-72.32122604614088
246800.0,-72.16269877993192
247000.0,-72.05728186856533
247200.0,-72.00380829730645
247400.0,-72.00159974369265
247600.0,-72.05044938355398
247800.0,-72.15061563176323
248000.0,-72.30282672507856
248200.0,-72.50829560652049
248400.0,-72.76874383290884
248600.0,-73.0864316892177
248800.0,-73.4641884314827
249000.0,-73.90542990647961
249200.0,-74.41413724181707
249400.0,-74.99474296644924
249600.0,-75.65181582349743
249800.0,-76.38932494465482
250000.0,-77.20904617400397
250200.0,-78.10726750206518
250400.0,-79.06830745613155
250600.0,-80.05283781953283
250800.0,-80.98072924083723
251000.0,-81.71824582078497
251200.0,-82.1010524754149
251400.0,-82.02009257519441
251600.0,-81.50668159606865
251800.0,-80.70602955701867
252000.0,-79.776656400306
252200.0,-78.82988561848077
252400.0,-77.92672306339927
252600.0,-77.09489132165092
252800.0,-76.34404029409733
253000.0,-75.67504263016203
253200.0,-75.0849293972523
253400.0,-74.56934231254273
253600.0,-74.12369860317783
253800.0,-73.74371517454507
254000.0,-73.42562151730303
254200.0,-73.16622554255463
254400.0,-72.96291352863184
254600.0,-72.81362411242395
254800.0,-72.7168157794426
255000.0,-72.67143716121114
255200.0,-72.67690442334099
255400.0,-72.73308757160366
255600.0,-72.84030627789855
255800.0,-72.999335119277
256000.0,-73.21141747114135
256200.0,-73.47828626303661
256400.0,-73.80218779431958
256600.0,-74.18590079752067
256800.0,-74.63273496071814
257000.0,-75.14647734082831
257200.0,-75.7312239384123
257400.0,-76.39097223656701
257600.0,-77.12873029851029
257800.0,-77.9446697188973
258000.0,-78.83244975284954
258200.0,-79.77228853450828
258400.0,-80.7192199887073
258600.0,-81.58771929685138
258800.0,-82.24496585289587
259000.0,-82.5424395118716
259200.0,-82.39854051955916
259400.0,-81.86150532586981
259600.0,-81.07083671582404
259800.0,-80.16931071413951
260000.0,-79.2558524095754
260200.0,-78.385115961767
260400.0,-77.58245315984973
260600.0,-76.85704675276145
260800.0,-76.21004558516044
261000.0,-75.63897570247862
261200.0,-75.13998456686166
261400.0,-74.70893585916701
261600.0,-74.34191882563144
261800.0,-74.03546630768214
262000.0,-73.78663138320812
262200.0,-73.59299840782286
262400.0,-73.45266659821051
262600.0,-73.36422523187296
262800.0,-73.3267298630862
263000.0,-73.33968405585905
263200.0,-73.40302863923652
263400.0,-73.5171391642625
263600.0,-73.68283138811725
263800.0,-73.90137375515924
264000.0,-74.17450450276115
264200.0,-74.50444853934842
264400.0,-74.89392443634239
264600.0,-75.346122568415
264800.0,-75.86461740011819
265000.0,-76.45314195313756
265200.0,-77.11508496646515
265400.0,-77.85244274614837
265600.0,-78.66372323503838
265800.0,-79.53991808630627
266000.0,-80.45722815574581
266200.0,-81.36551556241062
266400.0,-82.1751315344757
266600.0,-82.75617586007044
266800.0,-82.97657680317383
267000.0,-82.77878481872801
267200.0,-82.2233259825204
267400.0,-81.44314925625568
267600.0,-80.56732433117672
267800.0,-79.68429542761578
268000.0,-78.84329119275006
268200.0,-78.06756669158614
268400.0,-77.36583932347158
268600.0,-76.73945571755932
268800.0,-76.18635087204171
269000.0,-75.70310557845819
269200.0,-75.28597409352653
269400.0,-74.93137625135375
269600.0,-74.63611732242438
269800.0,-74.39747259197237
270000.0,-74.21320728663198
270200.0,-74.08156813340837
270400.0,-74.00126509295667
270600.0,-73.97145263989911
270800.0,-73.99171520505338
271000.0,-74.06205888491955
271200.0,-74.18291011684205
271400.0,-74.35512102989948
271600.0,-74.57998011421375
271800.0,-74.85922520979929
272000.0,-75.19505283384517
272200.0,-75.59011224980273
272400.0,-76.04746201238605
272600.0,-76.57044640713728
272800.0,-77.16241051562747
273000.0,-77.82609949698605
273200.0,-78.56245235497781
273400.0,-79.36826456073362
273600.0,-80.23184302940108
273800.0,-81.12549438942816
274000.0,-81.99442294198705
274200.0,-82.74608798214898
274400.0,-83.25515979433564
274600.0,-83.40605720162282
274800.0,-83.16200887342283
275000.0,-82.592223547839
275200.0,-81.82274793566508
275400.0,-80.97069001068903
275600.0,-80.115560311548
275800.0,-79.30191470259335
276000.0,-78.55114380330987
276200.0,-77.8715080264258
276400.0,-77.26449012315531
276600.0,-76.72836305573507
276800.0,-76.26007964729396
277000.0,-75.85623655717964
277200.0,-75.5135476887572
277400.0,-75.22906337747288
277600.0,-75.00026059691378
277800.0,-74.82506994408192
278000.0,-74.70187379965162
278200.0,-74.6294935847623
278400.0,-74.60717535984314
278600.0,-74.63457841155264
278800.0,-74.71176897232436
279000.0,-74.83921974062392
279200.0,-75.0178147433797
279400.0,-75.24885782286553
279600.0,-75.53408106209406
279800.0,-75.87564597559818
280000.0,-76.27612384402774
280200.0,-76.73842951545522
280400.0,-77.2656603979228
280600.0,-77.8607500949134
280800.0,-78.52576787284279
281000.0,-79.26055478791473
281200.0,-80.06015500104233
281400.0,-80.91019345974308
281600.0,-81.7792396374932
281800.0,-82.6083851651945
282000.0,-83.30336091171046
282200.0,-83.74471711466347
282400.0,-83.83297153571124
282600.0,-83.54910723941086
282800.0,-82.96823308590137
283000.0,-82.20946077293222
283200.0,-81.3794255244809
283400.0,-80.5499637277187
283600.0,-79.76157603841504
283800.0,-79.03398665159136
284000.0,-78.37501149858387
284200.0,-77.78622080779957
284400.0,-77.26616667257221
284600.0,-76.81212187293275
284800.0,-76.42098382199505
285000.0,-76.08972848326184
285200.0,-75.81562699948344
285400.0,-75.59633967594822
285600.0,-75.42994850382817
285800.0,-75.31496075828711
286000.0,-75.25030090815972
286200.0,-75.23529987999075
286400.0,-75.26968628892753
286600.0,-75.35358177185553
286800.0,-75.48750100738553
287000.0,-75.67235576618768
287200.0,-75.90946086283105
287400.0,-76.2005375927047
287600.0,-76.5477062272331
287800.0,-76.9534518376703
288000.0,-77.42053425946415
288200.0,-77.95178816152146
288400.0,-78.5497134628894
288600.0,-79.2156735945913
288800.0,-79.94837562349713
289000.0,-80.74108284688154
289200.0,-81.57675896355018
289400.0,-82.42042154959128
289600.0,-83.20961102281045
289800.0,-83.84940485796582
290000.0,-84.22723025679716
290200.0,-84.25901115254015
290400.0,-83.94076336305577
290600.0,-83.35136614692397
290800.0,-82.60315747748837
291000.0,-81.79356972382766
291200.0,-80.98779915289
291400.0,-80.222802349411
291600.0,-79.5168068524474
291800.0,-78.87719910391935
292000.0,-78.30559833929033
292200.0,-77.80078682360667
292400.0,-77.36031290033847
292600.0,-76.98133862523592
292800.0,-76.66107390087235
293000.0,-76.39698913921879
293200.0,-76.18691153226496
293400.0,-76.02906185308528
293600.0,-75.92206250489319
293800.0,-75.8649333289024
294000.0,-75.85708396246045
294200.0,-75.89830727256157
294400.0,-75.98877594054497
294600.0,-76.1290426705729
294800.0,-76.32004312477386
295000.0,-76.56309900728695
295200.0,-76.8599161079288
295400.0,-77.2125675649586
295600.0,-77.62344443084224
295800.0,-78.09514076657888
296000.0,-78.63021341063632
296200.0,-79.23070761962765
296400.0,-79.89725324332552
296600.0,-80.62739158422141
296800.0,-81.41258405057398
297000.0,-82.23316975740546
297200.0,-83.05082224350295
297400.0,-83.80009582924338
297600.0,-84.38638900768859
297800.0,-84.70472632272691
298000.0,-84.68555059080091
298200.0,-84.33750621677902
298400.0,-83.74162430122126
298600.0,-83.00374406942225
298800.0,-82.21317909061001
299000.0,-81.42934118024482
299200.0,-80.68606933402694
299400.0,-80.00024076138614
299600.0,-79.3788287598955
299800.0,-78.8234710950301
300000.0,-78.33313930455793
300200.0,-77.90561932012493
300400.0,-77.53830644336547
300600.0,-77.22861975627123
300800.0,-76.9742097814161
301000.0,-76.77305584618198
301200.0,-76.62350611479059
301400.0,-76.52428924639558
301600.0,-76.47451345226861
301800.0,-76.4736614455656
302000.0,-76.52158568338052
302200.0,-76.6185058796383
302400.0,-76.76500911633096
302600.0,-76.96205137798658
302800.0,-77.21095745755963
303000.0,-77.51341321699141
303200.0,-77.87143909739355
303400.0,-78.2873247129942
303600.0,-78.76348808465504
303800.0,-79.30219383061294
304000.0,-79.90501268450343
304200.0,-80.57181517083342
304400.0,-81.29894895890006
304600.0,-82.07606028870853
304800.0,-82.88091430420735
305000.0,-83.67206580251101
305200.0,-84.38164136323186
305400.0,-84.91622858136368
305600.0,-85.17893183933273
305800.0,-85.11371353087418
306000.0,-84.73975161029512
306200.0,-84.13900758203717
306400.0,-83.41115798300743
306600.0,-82.63832481793398
306800.0,-81.87484882346902
307000.0,-81.1518099284817
307200.0,-80.48486177204681
307400.0,-79.88058143030129
307600.0,-79.34060103532809
307800.0,-78.86404710577037
308000.0,-78.44891057130533
308200.0,-78.09279260757638
308400.0,-77.79329962715003
308600.0,-77.5482451911942
308800.0,-77.35574751418065
309000.0,-77.21427185302116
309200.0,-77.12264505996406
309400.0,-77.08005732663611
309600.0,-77.08605928458717
309800.0,-77.14055870405137
310000.0,-77.24381864546133
310200.0,-77.39645720619637
310400.0,-77.59944739450032
310600.0,-77.85411355550775
310800.0,-78.16211747663345
311000.0,-78.52542164467894
311200.0,-78.94620717202875
311400.0,-79.42670622258933
311600.0,-79.96887743357065
311800.0,-80.57379815100535
312000.0,-81.24055562712094
312200.0,-81.96427956263793
312400.0,-82.73279469938251
312600.0,-83.52135484939595
312800.0,-84.28563412352533
313000.0,-84.95587470213913
313200.0,-85.44061436058465
313400.0,-85.65132038820434
313600.0,-85.54442506863411
313800.0,-85.14783240223514
314000.0,-84.54351963835522
314200.0,-83.8253637552878
314400.0,-83.06909039330401
314600.0,-82.32456812209239
314800.0,-81.62042129452607
315000.0,-80.97119031007134
315200.0,-80.38307300378273
315400.0,-79.85767671556916
315600.0,-79.39425409755512
315800.0,-78.990973020317
316000.0,-78.64561660781953
316200.0,-78.35595928156349
316400.0,-78.11996240408413
316600.0,-77.93587116114053
316800.0,-77.80225858346903
317000.0,-77.71804238648721
317200.0,-77.68248891065574
317400.0,-77.69521198662146
317600.0,-77.75617077929361
317800.0,-77.86566831054267
318000.0,-78.02435060202002
318200.0,-78.23320463815574
318400.0,-78.49355102939117
318600.0,-78.80702360154187
318800.0,-79.17552191121639
319000.0,-79.60111182946785
319200.0,-80.08583024776358
319400.0,-80.63131660992512
319600.0,-81.23813688122765
319800.0,-81.90457268357
320000.0,-82.62451456028086
320200.0,-83.38396559535951
320400.0,-84.15574111691434
320600.0,-84.89288123185543
320800.0,-85.52426579670596
321000.0,-85.96103989420236
321200.0,-86.12315344155242
321400.0,-85.97845300653545
321600.0,-85.56202066827693
321800.0,-84.95517076271045
322000.0,-84.24634930739057
322200.0,-83.50556962672088
322400.0,-82.77873424525119
322600.0,-82.0922705044836
322800.0,-81.45970202832996
323000.0,-80.88686409871089
323200.0,-80.37532409082891
323400.0,-79.92443644557898
323600.0,-79.53252174842578
323800.0,-79.1975241054136
324000.0,-78.9173688257702
324200.0,-78.69015145025303
324400.0,-78.51423340608889
324600.0,-78.38828705896636
324800.0,-78.31131431861266
325000.0,-78.28265235419423
325200.0,-78.30197388026687
325400.0,-78.369285867878
325600.0,-78.48492819912397
325800.0,-78.64957198073184
326000.0,-78.86421536453304
326200.0,-79.13017217400412
326400.0,-79.4490446268013
326600.0,-79.82266463281852
326800.0,-80.25297637326449
327000.0,-80.74181240141957
327200.0,-81.29048022715084
327400.0,-81.89901718218292
327600.0,-82.56487827142207
327800.0,-83.28069646211586
328000.0,-84.03065842903192
328200.0,-84.78522239179937
328400.0,-85.4950462016181
328600.0,-86.08814372019916
328800.0,-86.4788261681158
329000.0,-86.59551502468241
329200.0,-86.41644042493559
329400.0,-85.98254403244295
329600.0,-85.37397956245
329800.0,-84.67412277689445
330000.0,-83.94786505780067
330200.0,-83.23757322596157
330400.0,-82.56769922049159
330600.0,-81.950834584119
330800.0,-81.39246821674294
331000.0,-80.89411554292509
331200.0,-80.45521218629104
331400.0,-80.0742104729467
331600.0,-79.74919707175873
331800.0,-79.47823297898594
332000.0,-79.25953571441423
332200.0,-79.0915732741446
332400.0,-78.97310971009803
332600.0,-78.90322506003048
332800.0,-78.88132246500008
333000.0,-78.9071295821943
333200.0,-78.98069790773873
333400.0,-79.1024013464896
333600.0,-79.27293349043514
333800.0,-79.49330107258166
334000.0,-79.76480829647073
334200.0,-80.08902235120988
334400.0,-80.46770301912727
334600.0,-80.90266660177204
334800.0,-81.39553254785618
335000.0,-81.94726407844126
335200.0,-82.55735325112964
335400.0,-83.22240862227135
335600.0,-83.9337895550638
335800.0,-84.67387625858983
336000.0,-85.41085820947103
336200.0,-86.09326480905699
336400.0,-86.64871156910267
336600.0,-86.99514371554383
336800.0,-87.06934092451348
337000.0,-86.85893137669309
337200.0,-86.4095977490146
337400.0,-85.79997376884612
337600.0,-85.10870984462527
337800.0,-84.39608668422309
338000.0,-83.70130341912032
338200.0,-83.04702757970338
338400.0,-82.44499328523652
338600.0,-81.90035856757335
338800.0,-81.41457746789358
339000.0,-80.9871493076872
339200.0,-80.61663994110837
339400.0,-80.30126238718786
339600.0,-80.03919980599176
339800.0,-79.82878075678747
340000.0,-79.6685710749911
340200.0,-79.55741956338775
340400.0,-79.49447886367368
340600.0,-79.47921366395826
340800.0,-79.51140296320335
341000.0,-79.59113978834954
341200.0,-79.71882947796684
341400.0,-79.89518573140215
341600.0,-80.12122148844523
341800.0,-80.39822870911797
342000.0,-80.72773633855589
342200.0,-81.1114277663857
342400.0,-81.55098544961135
342600.0,-82.04780720993517
342800.0,-82.60249993511582
343000.0,-83.21399424411234
343200.0,-83.87803334854772
343400.0,-84.58468900773303
343600.0,-85.31454892173981
343800.0,-86.0336278169261
344000.0,-86.6885800410368
344200.0,-87.20706004948347
344400.0,-87.51103224860759
344600.0,-87.54544319535677
344800.0,-87.30639118178787
345000.0,-86.84335367848517
345200.0,-86.23319051031551
345400.0,-85.55015149248389
345600.0,-84.85035095299992
345800.0,-84.170136745599
346000.0,-83.53055745556588
346200.0,-82.94255583268763
346400.0,-82.41097381844257
346600.0,-81.9371966923162
346800.0,-81.52077259811882
347000.0,-81.16036507018784
347200.0,-80.85429917131955
347400.0,-80.60086817446407
347600.0,-80.39850185650225
347800.0,-80.2458560062428
348000.0,-80.1418578828355
348200.0,-80.0857277087369
348400.0,-80.07698768135043
348600.0,-80.11546486029533
348800.0,-80.20129107586516
349000.0,-80.33490074322216
349200.0,-80.51702550293824
349400.0,-80.74868232846251
349600.0,-81.03114850168383
349800.0,-81.36591170542458
350000.0,-81.75457486234558
350200.0,-82.19868081117329
350400.0,-82.69939742220524
350600.0,-83.2569634260873
350800.0,-83.86973217596656
351000.0,-84.53256337118137
351200.0,-85.2342288366894
351400.0,-85.95354110842209
351600.0,-86.65443858947864
351800.0,-87.28195157143367
352000.0,-87.76417979445233
352200.0,-88.02741796680563
352400.0,-88.02453063500884
352600.0,-87.75922249574919
352800.0,-87.2839669931909
353000.0,-86.67367626174482
353200.0,-85.9985021329387
353400.0,-85.31077997059595
353600.0,-84.64427977229802
353800.0,-84.01857521556698
354000.0,-83.44387633039943
354200.0,-82.92472297030352
354400.0,-82.46242592900012
354600.0,-82.05656949238511
354800.0,-81.70590104972814
355000.0,-81.40884505936924
355200.0,-81.16379415367311
355400.0,-80.96927049448043
355600.0,-80.82401269522889
355800.0,-80.72702075928296
356000.0,-80.677577916492
356200.0,-80.67526019804609
356400.0,-80.71993973900885
356600.0,-80.81178469288085
356800.0,-80.95125641348945
357000.0,-81.13910251733402
357200.0,-81.37634202310572
357400.0,-81.66423528740167
357600.0,-82.00422588797502
357800.0,-82.39783237738366
358000.0,-82.84645236215974
358200.0,-83.35101557906329
358400.0,-83.9113809113956
358600.0,-84.52530883409993
358800.0,-85.18675786715716
359000.0,-85.88318890720414
359200.0,-86.5916594907913
359400.0,-87.27413351352709
359600.0,-87.87426429882969
359800.0,-88.32097248587169
360000.0,-88.5451287359281
360200.0,-88.5072258883588
360400.0,-88.21777806263458
360600.0,-87.73158120163416
360800.0,-87.12148661005598
361000.0,-86.45382805413269
361200.0,-85.77750089337927
361400.0,-85.12393465969316
361600.0,-84.51135407620609
361800.0,-83.94928870145377
362000.0,-83.4419895166581
362200.0,-82.99068844385135
362400.0,-82.59499508032735
362600.0,-82.25372858395536
362800.0,-81.96540160864244
363000.0,-81.72849653129505
363200.0,-81.54161995000862
363400.0,-81.40358685434893
363600.0,-81.31346480563874
363800.0,-81.27059588205974
364000.0,-81.27460660653625
364200.0,-81.32541147499654
364400.0,-81.42321271921566
364600.0,-81.56849670092231
364800.0,-81.76202523482239
365000.0,-82.00481757819857
365200.0,-82.29811508513035
365400.0,-82.64331454713628
365600.0,-83.04184639775806
365800.0,-83.49495752280761
366000.0,-84.00333143018094
366200.0,-84.56643552417333
366400.0,-85.18142185090781
366600.0,-85.84133038406604
366800.0,-86.53230110823854
367000.0,-87.2296590266044
367200.0,-87.89349786823766
367400.0,-88.46633605673688
367600.0,-88.87826085453909
367800.0,-89.06490734500025
368000.0,-88.994079702588
368200.0,-88.68237086620825
368400.0,-88.18633194253734
368600.0,-87.57668592573421
368800.0,-86.91620613445353
369000.0,-86.25064546465396
369200.0,-85.60930000531746
369400.0,-85.00915612989405
369600.0,-84.45910961646746
369800.0,-83.9631350142632
370000.0,-83.52238206935712
370200.0,-83.13647642483402
370400.0,-82.8042984217437
370600.0,-82.52443897169785
370800.0,-82.29546159136825
371000.0,-82.11605015550722
371200.0,-81.98509019163532
371400.0,-81.90171211174133
371600.0,-81.86531306328945
371800.0,-81.87556702312898
372000.0,-81.93242839118176
372200.0,-82.03613145270056
372400.0,-82.18718583986238
372600.0,-82.38636596947876
372800.0,-82.63468970031867
373000.0,-82.933377465963
373200.0,-83.28377674664313
373400.0,-83.68722623378892
373600.0,-84.14481669966149
373800.0,-84.65697736626417
374000.0,-85.22277248678905
374200.0,-85.83873006199963
374400.0,-86.49695424437039
374600.0,-87.18225481864464
374800.0,-87.8682485665106
375000.0,-88.51326521018466
375200.0,-89.05892454502234
375400.0,-89.43679765319789
375600.0,-89.58742305143983
375800.0,-89.48558282139132
376000.0,-89.15328225333337
376200.0,-88.64834986100573
376400.0,-88.03934699282573
376600.0,-87.38572278420156
376800.0,-86.73034967411735
377000.0,-86.1005716021283
377200.0,-85.51223410290787
377400.0,-84.97364102353478
377600.0,-84.4885021674449
377800.0,-84.05788267648873
378000.0,-83.68141630363834
378200.0,-83.35803528510371
378400.0,-83.0863999603129
378600.0,-82.86514727626053
378800.0,-82.69303192739184
379000.0,-82.56900469488369
379200.0,-82.49225457013183
379400.0,-82.46223033794904
379600.0,-82.47865067657833
379800.0,-82.54150767240856
380000.0,-82.65106584341518
380200.0,-82.8078565438114
380400.0,-83.01266536713966
380600.0,-83.26650729769165
380800.0,-83.57058008663654
381000.0,-83.92617951210855
381200.0,-84.33454901266228
381400.0,-84.79661791688707
381600.0,-85.31255308439026
381800.0,-85.8810038219074
382000.0,-86.4978582649549
382200.0,-87.15426734018259
382400.0,-87.83370176560231
382600.0,-88.50809585206324
382800.0,-89.1341227210616
383000.0,-89.65273359363181
383200.0,-89.99727368514476
383400.0,-90.11328161296099
383600.0,-89.9821759141181
383800.0,-89.63076844790132
384000.0,-89.11776279817181
384200.0,-88.50955064367172
384400.0,-87.86247308026681
384600.0,-87.21675351754611
384800.0,-86.59794312812267
385000.0,-86.02083289388065
385200.0,-85.49317234666076
385400.0,-85.01841750613306
385600.0,-84.59754719431459
385800.0,-84.23019646848188
386000.0,-83.91534129874125
386200.0,-83.65170359700156
386400.0,-83.43798682401143
386600.0,-83.27301067023467
386800.0,-83.15578638768241
387000.0,-83.0855576711847
387200.0,-83.06182183283953
387400.0,-83.0843397646625
387600.0,-83.15313924339475
387800.0,-83.26851339835639
388000.0,-83.43101393295947
388200.0,-83.64143635676231
388400.0,-83.90079145992732
388600.0,-84.21025269285835
388800.0,-84.57106186598759
389000.0,-84.9843637502496
389200.0,-85.45092092579009
389400.0,-85.97062974220214
389600.0,-86.54171255150365
389800.0,-87.1594014494735
390000.0,-87.81387641278387
390200.0,-88.48726036140677
390400.0,-89.14983198042123
390600.0,-89.75671602803699
390800.0,-90.24841880298588
391000.0,-90.56032496326294
391200.0,-90.64303399870056
391400.0,-90.48425787792837
391600.0,-90.11506580354117
391800.0,-89.5946974833741
392000.0,-88.98738540939749
392200.0,-88.34656006306821
392400.0,-87.71000084022324
392600.0,-87.10160677952992
392800.0,-86.53519093046481
393000.0,-86.0179824100351
393200.0,-85.55319372979719
393400.0,-85.14171625152848
393600.0,-84.78318049963417
393800.0,-84.47659899694881
394000.0,-84.22074823085723
394200.0,-84.01439196728302
394400.0,-83.85640963915648
394600.0,-83.74586863670906
394800.0,-83.68206384961081
395000.0,-83.66453830197607
395200.0,-83.69309285788411
395400.0,-83.7677892009099
395600.0,-83.88894763616238
395800.0,-84.0571390112901
396000.0,-84.27316765296175
396200.0,-84.5380389853135
396400.0,-84.8529006758838
396600.0,-85.2189384210424
396800.0,-85.63719497749244
397000.0,-86.10826087205555
397200.0,-86.63175366800432
397400.0,-87.20545644578968
397600.0,-87.82392859405093
397800.0,-88.47636088736473
398000.0,-89.14351958758562
398200.0,-89.79405541174523
398400.0,-90.38165352954269
398600.0,-90.84659261827825
398800.0,-91.12653911050063
399000.0,-91.17718394013761
399200.0,-90.9921927897998
399400.0,-90.60639506214115
399600.0,-90.07928083717701
399800.0,-89.47294720541684
400000.0,-88.83809417493245
400200.0,-88.21023924998303
400400.0,-87.61175385761004
400600.0,-87.0555413749404
400800.0,-86.54834113504442
401000.0,-86.09313176662225
401200.0,-85.6907165004283
401400.0,-85.3407163195887
401600.0,-85.04217397419083
401800.0,-84.79391428941496
402000.0,-84.59475576078093
402200.0,-84.44363282042211
402400.0,-84.33966508050133
402600.0,-84.28219544880291
402800.0,-84.27081012120192
403000.0,-84.3053479229455
403200.0,-84.38590286063616
403400.0,-84.51282115514182
403600.0,-84.68669176211264
403800.0,-84.90832687520094
404000.0,-85.17872552726082
404200.0,-85.4990082521634
404400.0,-85.87030258876246
404600.0,-86.29354598845042
404800.0,-86.76915158733031
405000.0,-87.29644969508165
405200.0,-87.87277140303277
405400.0,-88.49198608566493
405600.0,-89.14227631831005
405800.0,-89.80304249057099
406000.0,-90.44133557351394
406200.0,-91.0095102962297
406400.0,-91.44782892125951
406600.0,-91.69646104954266
406800.0,-91.71619448055411
407000.0,-91.50631574647844
407200.0,-91.1049648210855
407400.0,-90.57164099839181
407600.0,-89.96633906144739
407800.0,-89.33719281312106
408000.0,-88.7176200884534
408200.0,-88.12857531784147
408400.0,-87.58211320571972
408600.0,-87.08451104540671
408800.0,-86.63852259846847
409000.0,-86.2448626743484
409200.0,-85.90313841912943
409400.0,-85.61241723466564
409600.0,-85.37156671953609
409800.0,-85.1794550890535
410000.0,-85.03506749636668
410200.0,-84.93757223461046
410400.0,-84.88635736043172
410600.0,-84.88104995731364
410800.0,-84.92152501733472
411000.0,-85.00790747471032
411200.0,-85.14056837994345
411400.0,-85.3201139143141
411600.0,-85.54736334114105
411800.0,-85.82330841601946
412000.0,-86.14904131372114
412200.0,-86.52562946619307
412400.0,-86.95390177034609
412600.0,-87.43408855695367
412800.0,-87.96522417675715
413000.0,-88.5441745087657
413200.0,-89.16410080896853
413400.0,-89.81215751694306
413600.0,-90.4663693413962
413800.0,-91.09221611007209
414000.0,-91.64083159375245
414200.0,-92.05266715129656
414400.0,-92.27059806726095
414600.0,-92.26049366637424
414800.0,-92.0269377782985
415000.0,-91.61097437404055
415200.0,-91.07190813677568
415400.0,-90.46767089002513
415600.0,-89.84397998517088
415800.0,-89.2322984538019
416000.0,-88.65226228801943
416200.0,-88.1151321940556
416400.0,-87.62674861347962
416600.0,-87.18964888598492
416800.0,-86.80445941851991
417000.0,-86.47076983940865
417200.0,-86.18766728608095
417400.0,-85.9540571643008
417600.0,-85.76885290828399
417800.0,-85.63108653446606
418000.0,-85.53997181977743
418200.0,-85.4949393864503
418400.0,-85.49565515875844
418600.0,-85.5420287054565
418800.0,-85.63421467440992
419000.0,-85.77260802289452
419200.0,-85.95783143096571
419400.0,-86.19071058131374
419600.0,-86.47222920178669
419800.0,-86.803450003432
420000.0,-87.18537845105858
420200.0,-87.61873165133694
420400.0,-88.10355161930373
420600.0,-88.63856772945731
420800.0,-89.22016681983699
421000.0,-89.84078296980962
421200.0,-90.48652139338523
421400.0,-91.13402049323341
421600.0,-91.74721782789115
421800.0,-92.27613606455026
422000.0,-92.66161602999784
422200.0,-92.8494243326952
422400.0,-92.81047947669
422600.0,-92.55435000054075
422800.0,-92.12461605538965
423000.0,-91.5802151090937
423200.0,-90.97705930305665
423400.0,-90.358586054223
423600.0,-89.75443326328164
423800.0,-89.18300656161767
424000.0,-88.65482179490657
424200.0,-88.17530547272679
424400.0,-87.74678642675352
424600.0,-87.36980293122878
424800.0,-87.04392394903941
425000.0,-86.76825201673665
425200.0,-86.54172591580311
425400.0,-86.3633002568806
425600.0,-86.23205044379978
425800.0,-86.14723285760155
426000.0,-86.10831836544844
426200.0,-86.11500990833214
426400.0,-86.16725023643461
426600.0,-86.26522266997496
426800.0,-86.40934530982001
427000.0,-86.6002567605655
427200.0,-86.83878861487996
427400.0,-87.12591596046349
427600.0,-87.46267105570256
427800.0,-87.8499956146179
428000.0,-88.28849172285419
428200.0,-88.77800742991967
428400.0,-89.31695774386446
428600.0,-89.90123591945999
428800.0,-90.5225286784601
429000.0,-91.1658695485726
429200.0,-91.80649899878969
429400.0,-92.40684135874993
429600.0,-92.9159186076766
429800.0,-93.27515691727142
430000.0,-93.43338490561892
430200.0,-93.36652411478153
430400.0,-93.08882713617875
430600.0,-92.64607718211975
430800.0,-92.09669799794133
431000.0,-91.49462747356138
431200.0,-90.88114755439571
431400.0,-90.28418735580473
431600.0,-89.72100107122805
431800.0,-89.20140396505433
432000.0,-88.73042951765203
432200.0,-88.31020547196742
432400.0,-87.94118244337136
432600.0,-87.62290604413838
432800.0,-87.3544903875544
433000.0,-87.13490367680406
433200.0,-86.96313807082804
433400.0,-86.83830923388993
433600.0,-86.75971356301798
433800.0,-86.72686009414008
434000.0,-86.73948717268486
434200.0,-86.79756951768717
434400.0,-86.90131824828919
434600.0,-87.05117400180433
434800.0,-87.24779088069268
435000.0,-87.4920060230543
435200.0,-87.78478539663739
435400.0,-88.12712993229923
435600.0,-88.51991588053284
435800.0,-88.96362706017081
436000.0,-89.45791172809282
436200.0,-90.00086070173451
436400.0,-90.58785827518803
436600.0,-91.20982233455618
436800.0,-91.85069067220888
437000.0,-92.48429298985364
437200.0,-93.07156958484057
437400.0,-93.56065298645127
437600.0,-93.89374683609284
437800.0,-94.02289931001148
438000.0,-93.92897775183226
438200.0,-93.63063050424597
438400.0,-93.17554168529419
438600.0,-92.62149656524925
438800.0,-92.02050503687154
439000.0,-91.4118070757576
439200.0,-90.8217276258842
439400.0,-90.26644034522697
439600.0,-89.75509992258708
439800.0,-89.29236591015248
440000.0,-88.88017192435059
440200.0,-88.5188815614106
440400.0,-88.20801480137453
440600.0,-87.94669396740139
440800.0,-87.7339131592784
441000.0,-87.5686988321808
441200.0,-87.45020410303631
441400.0,-87.37776306558716
441600.0,-87.35092107903398
441800.0,-87.36945047738547
442000.0,-87.43335691407373
442200.0,-87.54287859511254
442400.0,-87.6984782403968
442600.0,-87.90082517063888
442800.0,-88.15076184873412
443000.0,-88.44924477439179
443200.0,-88.79724278935696
443400.0,-89.1955650315397
443600.0,-89.64457377274742
443800.0,-90.1437114420988
444000.0,-90.69073432897453
444200.0,-91.28050143281855
444400.0,-91.90313884316919
444600.0,-92.54146274893357
444800.0,-93.16787786851741
445000.0,-93.74186985447741
445200.0,-94.21079419248679
445400.0,-94.51782119996295
445600.0,-94.61836471459418
445800.0,-94.49817177861595
446000.0,-94.18001058290696
446200.0,-93.71319148328517
446400.0,-93.15475464135281
446600.0,-92.55482803518746
446800.0,-91.95071320551044
447000.0,-91.36722518506978
447200.0,-90.81952095496474
447400.0,-90.3161308557863
447600.0,-89.86135800653456
447800.0,-89.45694843568637
448000.0,-89.10317949494365
448200.0,-88.79954360370161
448400.0,-88.5451683342302
448600.0,-88.33907054440988
448800.0,-88.18030807493464
449000.0,-88.06806898117773
449200.0,-88.00172298480595
449400.0,-87.98085013687705
449600.0,-88.00525553354463
449800.0,-88.07497489786891
450000.0,-88.19027296822023
450200.0,-88.35163424443664
450400.0,-88.5597431342557
450600.0,-88.81544734612147
450800.0,-89.11969370059012
451000.0,-89.47341829822005
451200.0,-89.8773615725541
451400.0,-90.33176091875853
451600.0,-90.83584665273858
451800.0,-91.38702960823336
452000.0,-91.97962607216493
452200.0,-92.6029456886892
452400.0,-93.23865511842449
452600.0,-93.85771833389818
452800.0,-94.41819599154458
453000.0,-94.86678058727551
453200.0,-95.14779627222407
453400.0,-95.22015876631707
453600.0,-95.07442166056472
453800.0,-94.73720920797678
454000.0,-94.25920764824704
454200.0,-93.69662047209789
454400.0,-93.09773889987305
454600.0,-92.49802051981042
454800.0,-91.92085555275027
455000.0,-91.38044195112472
455200.0,-90.88471859253292
455400.0,-90.43764821968807
455600.0,-90.04079542011519
455800.0,-89.69435218640113
456000.0,-89.39778175973679
456200.0,-89.15021436328121
456400.0,-88.95068682400405
456600.0,-88.79828576945738
456800.0,-88.69223194990441
457000.0,-88.63192887890591
457200.0,-88.61698987066382
457400.0,-88.64725173755042
457600.0,-88.72277957086732
457800.0,-88.84386424302113
458000.0,-89.0110118806509
458200.0,-89.2249219951133
458400.0,-89.48644760792872
458600.0,-89.79652578480116
458800.0,-90.15605934321653
459000.0,-90.56571847489765
459200.0,-91.02561229927333
459400.0,-91.53475244079344
459600.0,-92.09019268463203
459800.0,-92.68568795037348
460000.0,-93.30970489034085
460200.0,-93.94273040436826
460400.0,-94.55427024840364
460600.0,-95.10099014233916
460800.0,-95.52903584837955
461000.0,-95.78407138334263
461200.0,-95.82864211549256
461400.0,-95.65802943334603
461600.0,-95.30246146259273
461800.0,-94.81377141803597
462000.0,-94.24724703242815
462200.0,-93.64938647038718
462400.0,-93.05388962178793
462600.0,-92.48279886892576
462800.0,-91.94940529549083
463000.0,-91.46108623729549
463200.0,-91.02147882569328
463400.0,-90.63197199659015
463600.0,-90.2926733586802
463800.0,-90.00301563206277
464000.0,-89.76212941830816
464200.0,-89.56906904150271
464400.0,-89.42294760367864
464600.0,-89.32301655639932
464800.0,-89.26871158752418
465000.0,-89.25967803774361
465200.0,-89.29578356186703
465400.0,-89.37712207899735
465600.0,-89.50401034958065
465800.0,-89.6769761248552
466000.0,-89.89673418644708
466200.0,-90.16414308458121
466400.0,-90.48013019314058
466600.0,-90.84556461932509
466800.0,-91.26104481982397
467000.0,-91.7265481552814
467200.0,-92.24086064583716
467400.0,-92.80066667488656
467600.0,-93.399139752725
467800.0,-94.02387486217306
468000.0,-94.65414633113154
468200.0,-95.25798237773168
468400.0,-95.79068446679841
468600.0,-96.19797072470895
468800.0,-96.42703092741945
469000.0,-96.44416066866577
469200.0,-96.24928589816152
469400.0,-95.87599732902163
469600.0,-95.37706507173355
469800.0,-94.8067923198147
470000.0,-94.20992604819153
470200.0,-93.6184872201383
470400.0,-93.0532401302218
470600.0,-92.52661629152786
470800.0,-92.04545878039943
471000.0,-91.6130927266208
471200.0,-91.23073687262433
471400.0,-90.89841549361785
471600.0,-90.6155296895807
471800.0,-90.38120846177836
472000.0,-90.19452144826117
472200.0,-90.05460617633136
472400.0,-89.96074303830221
472600.0,-89.91239848364471
472800.0,-89.90924882579868
473000.0,-89.95119185490518
473200.0,-90.03834993447319
473400.0,-90.17106561868077
473600.0,-90.34988843316714
473800.0,-90.5755487492653
474000.0,-90.84891101410413
474200.0,-91.1708931175958
474400.0,-91.54233014201034
474600.0,-91.96374736119029
474800.0,-92.43498678896137
475000.0,-92.95460154612726
475200.0,-93.51889340732866
475400.0,-94.12043287454055
475600.0,-94.74591219077683
475800.0,-95.37335744839461
476000.0,-95.96929801678021
476200.0,-96.487702678101
476400.0,-96.87398463368744
476600.0,-97.07704616230374
476800.0,-97.06704759898373
477000.0,-96.84847255415693
477200.0,-96.45804312364788
477400.0,-95.94927269894865
477600.0,-95.37541963856712
477800.0,-94.77951948357769
478000.0,-94.19198624601077
478200.0,-93.6323694475191
478400.0,-93.11228401202867
478600.0,-92.63806368874539
478800.0,-92.21273417627651
479000.0,-91.83734917920857
479200.0,-91.5118507528598
479400.0,-91.23560749582634
479600.0,-91.00774509641528
479800.0,-90.82734658779506
480000.0,-90.69357211670138
480200.0,-90.60572947318119
480400.0,-90.56331464924519
480600.0,-90.56603405238138
480800.0,-90.61381506328837
481000.0,-90.70680826032722
481200.0,-90.84538205037609
481400.0,-91.03010803641678
481600.0,-91.26173265624097
481800.0,-91.5411267801183
482000.0,-91.86919917113269
482200.0,-92.24675069061063
482400.0,-92.67423202258145
482600.0,-93.15134612219052
482800.0,-93.67640548502405
483000.0,-94.24531511083006
483200.0,-94.85001914506759
483400.0,-95.47627335814197
483600.0,-96.10081677758289
483800.0,-96.68865650644517
484000.0,-97.19246146143473
484200.0,-97.55746709960746
484400.0,-97.73447682358325
484600.0,-97.69762514448244
484800.0,-97.45586330912047
485000.0,-97.0488227582623
485200.0,-96.53058089291576
485400.0,-95.95329787387223
485600.0,-95.35833529327383
485800.0,-94.77456600366867
486000.0,-94.22038232479225
486200.0,-93.70662173109042
486400.0,-93.23913148060225
486600.0,-92.82064947646705
486800.0,-92.45206926601404
487000.0,-92.1332518511949
487200.0,-91.8635326441771
487400.0,-91.6420325496178
487600.0,-91.4678463203507
487800.0,-91.34015514223725
488000.0,-91.25829286438332
488200.0,-91.22178398655416
488400.0,-91.2303642998634
488600.0,-91.28399038886612
488800.0,-91.38284097129967
489000.0,-91.5273105186343
489200.0,-91.71799317143004
489400.0,-91.95565207313126
489600.0,-92.24116520828187
489800.0,-92.57543272696307
490000.0,-92.95922119722323
490200.0,-93.39290534399566
490400.0,-93.87604521069575
490600.0,-94.40670445561221
490800.0,-94.9803760628433
491000.0,-95.58835252001325
491200.0,-96.2154164155814
491400.0,-96.83697739353153
491600.0,-97.41649466101617
491800.0,-97.90537176329521
492000.0,-98.24879904355166
492200.0,-98.3996725795225
492400.0,-98.33620621234131
492600.0,-98.07172599549654
492800.0,-97.64855885910222
493000.0,-97.12117937065159
493200.0,-96.54060176746188
493400.0,-95.9465488091804
493600.0,-95.36641235432401
493800.0,-94.81747995739651
494000.0,-94.30984735956403
494200.0,-93.84889628957156
494400.0,-93.43708765130569
494600.0,-93.07515946455239
494800.0,-92.76289289108321
495000.0,-92.49958964915997
495200.0,-92.28436461074622
495400.0,-92.11632279739
495600.0,-91.99466506492227
495800.0,-91.9187501749954
496000.0,-91.88813027629277
496200.0,-91.90256999653336
496400.0,-91.96205489317494
496600.0,-92.06679190089149
496800.0,-92.21720192334519
497000.0,-92.41390226094167
497200.0,-92.65767357050373
497400.0,-92.94940181529992
497600.0,-93.28997921203776
497800.0,-93.68013809297592
498000.0,-94.12017589240627
498200.0,-94.60950572682157
498400.0,-95.1459336608207
498600.0,-95.72452422042093
498800.0,-96.33589074897485
499000.0,-96.9638026286885
499200.0,-97.58229395586754
499400.0,-98.15324810956228
499600.0,-98.62683996970567
499800.0,-98.9483539465227
500000.0,-99.07297432722068
500200.0,-98.98309581605757
500400.0,-98.69632371989333
500600.0,-98.25747376263865
500800.0,-97.72126154518654
501000.0,-97.13751219872209
501200.0,-96.5443423553132
501400.0,-95.96771792977249
501600.0,-95.42386955101222
501800.0,-94.92218388679842
502000.0,-94.46759642223249
502200.0,-94.06230110383449
502400.0,-93.70688482623075
502600.0,-93.40105016624877
502800.0,-93.14406480274948
503000.0,-92.93503653014527
503200.0,-92.77307939628773
503400.0,-92.65741275547461
503600.0,-92.5874193184211
503800.0,-92.56267819258623
504000.0,-92.58298245441763
504200.0,-92.64834655757952
504400.0,-92.75900588547537
504600.0,-92.91540830054466
504800.0,-93.11819505225834
505000.0,-93.36816529590932
505200.0,-93.66621402107391
505400.0,-94.01322636691341
505600.0,-94.40990062629149
505800.0,-94.85645564856259
506000.0,-95.35215342506733
506200.0,-95.8945330630464
506400.0,-96.47821284488265
506600.0,-97.09309704053848
506800.0,-97.72189810663933
507000.0,-98.33722419579827
507200.0,-98.8993525594986
507400.0,-99.35726897155455
507600.0,-99.65649887560502
507800.0,-99.75471535266891
508000.0,-99.63859236039158
508200.0,-99.32991606877405
508400.0,-98.87579041121482
508600.0,-98.33102505566714
508800.0,-97.74421646800843
509000.0,-97.15190545222428
509200.0,-96.57868237547001
509400.0,-96.03976466042631
509600.0,-95.54385983061005
509800.0,-95.09547491306498
510000.0,-94.69654626064545
510200.0,-94.34751384108017
510400.0,-94.04800294058109
510600.0,-93.79724700224608
510800.0,-93.5943458871413
511000.0,-93.43842162187138
511200.0,-93.3287110741417
511400.0,-93.26462011454298
511600.0,-93.24575428275713
511800.0,-93.27193487220002
512000.0,-93.34320530947109
512200.0,-93.45982981461248
512400.0,-93.62228389901604
512600.0,-93.83123372473422
512800.0,-94.08749811706535
513000.0,-94.39198233433672
513200.0,-94.74556548305357
513400.0,-95.1489121622123
513600.0,-95.6021613810264
513800.0,-96.10441960333335
514000.0,-96.65294893716195
514200.0,-97.2419021356427
514400.0,-97.86044173550087
514600.0,-98.49017542817359
514800.0,-99.10223037228684
515000.0,-99.65524498687432
515200.0,-100.09705912232191
515400.0,-100.3735953888007
515600.0,-100.44522235672629
515800.0,-100.30298879046546
516000.0,-99.97276019008169
516200.0,-99.5037331641407
516400.0,-98.9506722667739
516600.0,-98.36090859246438
516800.0,-97.76943504934812
517000.0,-97.19951262108795
517200.0,-96.6653855484729
517400.0,-96.17510969724017
517600.0,-95.73278007883984
517800.0,-95.34008420888547
518000.0,-94.99731914343357
518200.0,-94.70403420965854
518400.0,-94.45942855743948
518600.0,-94.26259343490008
518800.0,-94.11265798298032
519000.0,-94.00887577510008
519200.0,-93.95067521949113
519400.0,-93.93768792049094
519600.0,-93.96976331095621
519800.0,-94.04697402140806
520000.0,-94.16961365558046
520200.0,-94.3381862326867
520400.0,-94.55338397390598
520600.0,-94.81604674373101
520800.0,-95.12709152022384
521000.0,-95.4873926263102
521200.0,-95.89758147462895
521400.0,-96.3577160210991
521600.0,-96.86674257237365
521800.0,-97.42163544108726
522000.0,-98.01606088927815
522200.0,-98.63840400426693
522400.0,-99.2691152756497
522600.0,-99.87778070264733
522800.0,-100.42136475543921
523000.0,-100.84660908677357
523200.0,-101.10000031641692
523400.0,-101.14481635980582
523600.0,-100.97657361777436
523800.0,-100.62511176655482
524000.0,-100.14152853865164
524200.0,-99.58041074400562
524400.0,-98.98778961172317
524600.0,-98.39713578369444
524800.0,-97.83042317884137
525000.0,-97.3009595654318
525200.0,-96.81617445277517
525400.0,-96.37976607751789
525600.0,-95.99318133014611
525800.0,-95.65657820812667
526000.0,-95.36943144891242
526200.0,-95.13090598153144
526400.0,-94.94008392737256
526600.0,-94.79610085061061
526800.0,-94.6982263912193
527000.0,-94.64591103486893
527200.0,-94.63881223869382
527400.0,-94.67680765050036
527600.0,-94.75999949146586
527800.0,-94.88871145947171
528000.0,-95.06347711637113
528200.0,-95.2850160811782
528400.0,-95.55419083792091
528600.0,-95.87193175988234
528800.0,-96.23910985713349
529000.0,-96.6563240410345
529200.0,-97.12355004772024
529400.0,-97.63956914610417
529600.0,-98.20105621775097
529800.0,-98.80116819766991
530000.0,-99.42747358413058
530200.0,-100.0592080939248
530400.0,-100.66435077514016
530600.0,-101.19815466421548
530800.0,-101.60631657900174
531000.0,-101.83606642038339
531200.0,-101.85381348662055
531400.0,-101.65963183937825
531600.0,-101.28722589630254
531800.0,-100.7894058928226
532000.0,-100.22045371395001
532200.0,-99.6250679062521
532400.0,-99.03522026299335
532600.0,-98.47163646767227
532800.0,-97.94672154887097
533000.0,-97.46730200770045
533200.0,-97.03669347217529
533400.0,-96.65610993356927
533600.0,-96.32557404265528
533800.0,-96.04448735416489
534000.0,-95.81198077232267
534200.0,-95.62712693467374
534400.0,-95.48906730242508
534600.0,-95.39708710538616
534800.0,-95.35065860375806
535000.0,-95.34946504853787
535200.0,-95.39341253206958
535400.0,-95.48263341099458
535600.0,-95.61748235607702
535800.0,-95.79852369091604
536000.0,-96.02650597541066
536200.0,-96.30231611899495
536400.0,-96.62689980905277
536600.0,-97.00112645548812
536800.0,-97.42556334967985
537000.0,-97.90010289441604
537200.0,-98.42335616527704
537400.0,-98.99168604239962
537600.0,-99.59771520146583
537800.0,-100.22815257028404
538000.0,-100.86095577806145
538200.0,-101.46242494643003
538400.0,-101.98606192228284
538600.0,-102.3765789843826
538800.0,-102.58214292944538
539000.0,-102.5725256433052
539200.0,-102.35244574897314
539400.0,-101.95935788971727
539600.0,-101.4475980602563
539800.0,-100.87102050992627
540000.0,-100.27295953038029
540200.0,-99.68390937721993
540400.0,-99.12338316216511
540600.0,-98.60291424445121
540800.0,-98.12874771605671
541000.0,-97.70382980337487
541200.0,-97.32914889352772
541400.0,-97.00459587866284
541600.0,-96.72950057863835
541800.0,-96.50296018755384
542000.0,-96.32403765129537
542200.0,-96.19187995993735
542400.0,-96.10578761372246
542600.0,-96.06525449761565
542800.0,-96.06998975081906
543000.0,-96.11992829364455
543200.0,-96.21523332533798
543400.0,-96.35629154332037
543600.0,-96.54369944565869
543800.0,-96.77823629372226
544000.0,-97.0608154715964
544200.0,-97.39240016395368
544400.0,-97.77386015928218
544600.0,-98.20573222804302
544800.0,-98.68782438930631
545000.0,-99.2185720672089
545200.0,-99.7940125307045
545400.0,-100.40620691386592
545600.0,-101.04095727593784
545800.0,-101.67487340776199
546000.0,-102.27249773278754
546200.0,-102.78553904236287
546400.0,-103.15779385746285
546600.0,-103.33857595009611
546800.0,-103.30126107896047
547000.0,-103.05529566475848
547200.0,-102.64176399928127
547400.0,-102.11634194311907
547600.0,-101.53233701208849
547800.0,-100.93168856148907
548000.0,-100.34343263053248
548200.0,-99.7859025703449
548400.0,-99.2697887485202
548600.0,-98.80077488989157
548800.0,-98.38145017248046
549000.0,-98.01258429214775
549200.0,-97.69393986549866
549400.0,-97.42477647076738
549600.0,-97.20415801917804
549800.0,-97.03113770196254
550000.0,-96.90486782247042
550200.0,-96.82466398476333
550400.0,-96.79004170080803
550600.0,-96.80073624404466
550800.0,-96.85671190322913
551000.0,-96.9581635940296
551200.0,-97.10551127721585
551400.0,-97.29938524295433
551600.0,-97.54059744771078
551800.0,-97.83009006263603
552000.0,-98.16884624170022
552200.0,-98.55773842448981
552400.0,-98.9972742034719
552600.0,-99.48717623881276
552800.0,-100.02569851390957
553000.0,-100.60853792164237
553200.0,-101.22716413330602
553400.0,-101.86642017969334
553600.0,-102.50149103995423
553800.0,-103.0950751852714
554000.0,-103.59704464947733
554200.0,-103.95035928288596
554400.0,-104.10570874160159
554600.0,-104.04032484667395
554800.0,-103.76846056780211
555000.0,-103.33470207923855
555200.0,-102.79587907551283
555400.0,-102.20463608290494
555600.0,-101.60148746081767
555800.0,-101.01402850281102
556000.0,-100.45944303194995
556200.0,-99.94760497067459
556400.0,-99.48365533152568
556600.0,-99.06983783711377
556800.0,-98.70671007031775
557000.0,-98.39390977133425
557200.0,-98.13062781426368
557400.0,-97.91589536937795
557600.0,-97.74875594899132
557800.0,-97.62836710223851
558000.0,-97.55405952044372
558200.0,-97.52537049575534
558400.0,-97.54206183420936
558600.0,-97.60412789443025
558800.0,-97.71179635447245
559000.0,-97.86552186720522
559200.0,-98.0659703509629
559400.0,-98.31398870090112
559600.0,-98.6105504739348
559800.0,-98.95666158237363
560000.0,-99.35319971516236
560200.0,-99.80064490436965
560400.0,-100.29863356588373
560600.0,-100.84523209540167
560800.0,-101.43578095286688
561000.0,-102.06112546161648
561200.0,-102.70509197582017
561400.0,-103.34135556365348
561600.0,-103.93067626167931
561800.0,-104.42104418930357
562000.0,-104.75467408842759
562200.0,-104.8838818531904
562400.0,-104.79001915308902
562600.0,-104.49221865669337
562800.0,-104.0384321999594
563000.0,-103.48645615368943
563200.0,-102.88815800081856
563400.0,-102.28259745622056
563600.0,-101.69594483041925
563800.0,-101.14426234328329
564000.0,-100.63663212095585
564200.0,-100.17766988159805
564400.0,-99.7692848200351
564600.0,-99.4118286916555
564800.0,-99.10481768990232
565000.0,-98.84737557656572
565200.0,-98.63850143307914
565400.0,-98.47722930399269
565600.0,-98.36272206351204
565800.0,-98.29432562149059
566000.0,-98.27159935293602
566200.0,-98.29433215103491
566400.0,-98.36254930908876
566600.0,-98.47651249401315
566800.0,-98.63671268223209
567000.0,-98.84385348907693
567200.0,-99.09881926265157
567400.0,-99.40261785639063
567600.0,-99.75628107949262
567800.0,-100.16069483106261
568000.0,-100.616313511225
568200.0,-101.12268651701581
568400.0,-101.67768611790359
568600.0,-102.27627884594277
568800.0,-102.90864944917547
569000.0,-103.55754374660101
569200.0,-104.19503263530594
569400.0,-104.77983418232952
569600.0,-105.2580105102171
569800.0,-105.57113788610323
570000.0,-105.67343311015834
570200.0,-105.55064360345065
570400.0,-105.22684783641378
570600.0,-104.75321720346753
570800.0,-104.1883255454227
571000.0,-103.58315089557705
571200.0,-102.97526893682121
571400.0,-102.38943921270067
571600.0,-101.84062820805377
571800.0,-101.33714921368116
572000.0,-100.88310898737446
572200.0,-100.48009253365498
572400.0,-100.12825181559457
572600.0,-99.82698476013717
572800.0,-99.57534966585916
573000.0,-99.37231428697999
573200.0,-99.21690354841388
573400.0,-99.1082858701155
573600.0,-99.04582266012088
573800.0,-99.02909583020381
574000.0,-99.05792207279445
574200.0,-99.13235865036897
574400.0,-99.25270263460257
574600.0,-99.41948317100854
574800.0,-99.6334438912306
575000.0,-99.89550940413166
575200.0,-100.20672511177237
575400.0,-100.56815224538158
575600.0,-100.98068828112852
575800.0,-101.44476426885583
576000.0,-101.95984194706
576200.0,-102.52359249681346
576400.0,-103.13058942129447
576600.0,-103.77031688759344
576800.0,-104.42436927710028
577000.0,-105.06310870191037
577200.0,-105.64309775787264
577400.0,-106.10842431638605
577600.0,-106.40015092240571
577800.0,-106.47469743761067
578000.0,-106.32249533627318
578200.0,-105.97262612718565
578400.0,-105.47932321473621
578600.0,-104.9017457849967
578800.0,-104.28987118364374
579000.0,-103.67976186501821
579200.0,-103.09477943933791
579400.0,-102.54881870548988
579600.0,-102.04944559701383
579800.0,-101.60027328878667
580000.0,-101.20257241923584
580200.0,-100.85630098626028
580400.0,-100.56074189613472
580600.0,-100.3148896970053
580800.0,-100.11768169078931
581000.0,-99.96813416261325
581200.0,-99.86542144277135
581400.0,-99.80892086420243
581600.0,-99.7982374826349
581800.0,-99.83321666321741
582000.0,-99.91394885021941
582200.0,-100.04076813240124
582400.0,-100.21424390057469
582600.0,-100.4351623908636
582800.0,-100.70449159989661
583000.0,-101.02331810653226
583200.0,-101.39273651809114
583400.0,-101.81365971023806
583600.0,-102.28649806775383
583800.0,-102.81062519680523
584000.0,-103.38350377082419
584200.0,-103.99929336137728
584400.0,-104.64673327537831
584600.0,-105.30618753388255
584800.0,-105.94619311846785
585000.0,-106.52103269092942
585200.0,-106.97277444093375
585400.0,-107.24211369850377
585600.0,-107.28800650584142
585800.0,-107.10586904650391
586000.0,-106.7298320089925
586200.0,-106.21702012199121
586400.0,-105.62698203989191
586600.0,-105.00858400517474
586800.0,-104.39634620336815
587000.0,-103.81224393904859
587200.0,-103.2691227859327
587400.0,-102.77382150133627
587600.0,-102.3294742195659
587800.0,-101.93704660320694
588000.0,-101.59630833482352
588200.0,-101.30643053085333
588400.0,-101.0663457727089
588600.0,-100.874961898989
588800.0,-100.73128716747999
589000.0,-100.63450232825585
589200.0,-100.5840012134403
589400.0,-100.57941278594532
589600.0,-100.62061212498162
589800.0,-100.70772425190803
590000.0,-100.84112209668994
590200.0,-101.02141761614035
590400.0,-101.24944253059556
590600.0,-101.52621170038928
590800.0,-101.85285692370273
591000.0,-102.2305106154621
591200.0,-102.66010538733006
591400.0,-103.14203410675199
591600.0,-103.67558197782414
591800.0,-104.25799525253188
592000.0,-104.88299665111947
592200.0,-105.538531482727
592400.0,-106.20364533054355
592600.0,-106.84492037312637
592800.0,-107.41422282121621
593000.0,-107.85155790538434
593200.0,-108.09742634524741
593400.0,-108.11368818068046
593600.0,-107.90105689315564
593800.0,-107.49874469686668
594000.0,-106.96658200455497
594200.0,-106.36430656737173
594400.0,-105.73956366993076
594600.0,-105.12530235488245
594800.0,-104.54212224635262
595000.0,-104.00184078275002
595200.0,-103.51058860334635
595400.0,-103.07103463057834
595600.0,-102.68384856854367
595800.0,-102.3486172949289
596000.0,-102.06440337214326
596200.0,-101.83007927514716
596400.0,-101.64452448389589
596600.0,-101.50673997937416
596800.0,-101.4159135817809
597000.0,-101.37145634932958
597200.0,-101.37302207502853
597400.0,-101.4205167661639
597600.0,-101.5141016113898
597800.0,-101.65419042874504
598000.0,-101.84144032437177
598200.0,-102.07673170004631
598400.0,-102.3611301375872
598600.0,-102.69581715543916
598800.0,-103.08196794239925
599000.0,-103.52053976237038
599200.0,-104.01191164622936
599400.0,-104.55528037723778
599600.0,-105.1476673407243
599800.0,-105.78233321766044
600000.0,-106.44637464497401
600200.0,-107.11742020969149
600400.0,-107.75995242163452
600600.0,-108.3232712868253
600800.0,-108.74527972886156
601000.0,-108.96648768184825
601200.0,-108.95206575726498
601400.0,-108.70834828664792
601600.0,-108.27964435022942
601800.0,-107.72828752963414
602000.0,-107.11399916174867
602200.0,-106.48309409107404
602400.0,-105.8669216147922
602600.0,-105.28471548527584
602800.0,-104.74728494218888
603000.0,-104.26007061114619
603200.0,-103.82528942596463
603400.0,-103.44332383765298
603600.0,-103.11358333368474
603800.0,-102.83502517166556
604000.0,-102.60646366954816
604200.0,-102.42675117413044
604400.0,-102.29488227562638
604600.0,-102.21005266173121
604800.0,-102.17169149917436
605000.0,-102.17947849723863
605200.0,-102.23335198675493
605400.0,-102.33351111806377
605600.0,-102.48041288148471
605800.0,-102.67476240179562
606000.0,-102.91749230322716
606200.0,-103.20972316732535
606400.0,-103.55269124265698
606600.0,-103.947620056342
606800.0,-104.39549710006487
607000.0,-104.89669186395376
607200.0,-105.45031300077892
607400.0,-106.05314801354604
607600.0,-106.69796779982457
607800.0,-107.37095932472896
608000.0,-108.04822356419746
608200.0,-108.69198113701316
608400.0,-109.248801576354
608600.0,-109.65445240489899
608800.0,-109.84969392947716
609000.0,-109.80345696217236
609200.0,-109.52802954904867
609400.0,-109.07281221498201
609600.0,-108.50242031670051
609800.0,-107.8763475702106
610000.0,-107.23946923205543
610200.0,-106.62150663192405
610400.0,-106.04033686462743
610600.0,-105.50577996829149
610800.0,-105.02260386195056
611000.0,-104.59258620841499
611200.0,-104.21583067293514
611400.0,-103.89157469022405
611600.0,-103.61867350422108
611800.0,-103.39588531938324
612000.0,-103.22203670021136
612200.0,-103.0961168714629
612400.0,-103.01733033851504
612600.0,-102.98512541290651
612800.0,-102.99920898028358
613000.0,-103.05955327888708
613200.0,-103.16639743169885
613400.0,-103.32024414163408
613600.0,-103.52184972889154
613800.0,-103.7722029565046
614000.0,-104.07248414906985
614200.0,-104.42398986091467
614400.0,-104.8279981952222
614600.0,-105.28553319699397
614800.0,-105.7969598240772
615000.0,-106.36129926959467
615200.0,-106.97509552903198
615400.0,-107.63059908572032
615600.0,-108.31301897296348
615800.0,-108.99680403335246
616000.0,-109.64173087251851
616200.0,-110.19145840983242
616400.0,-110.57959498180482
616600.0,-110.7474370198436
616800.0,-110.6681726799491
617000.0,-110.36038344038558
617200.0,-109.87853069911084
617400.0,-109.28926925608883
617600.0,-108.65164790563655
617800.0,-108.00899354162578
618000.0,-107.38937186859188
618200.0,-106.80931218392433
618400.0,-106.2776635763913
618600.0,-105.7985379259112
618800.0,-105.3732859412
619000.0,-105.00174077811884
619200.0,-104.68297312356371
619400.0,-104.41573955448229
619600.0,-104.19874430825968
619800.0,-104.03078964926296
620000.0,-103.9108606087539
620200.0,-103.83817160876052
620400.0,-103.8121913106574
620600.0,-103.83265521207394
620800.0,-103.8995712422435
621000.0,-104.0132207385625
621200.0,-104.17415493187508
621400.0,-104.38318484645974
621600.0,-104.64135971683129
621800.0,-104.94992486425375
622000.0,-105.31024335745913
622200.0,-105.72365487276384
622400.0,-106.1912271897198
622600.0,-106.7133265711346
622800.0,-107.28888789095512
623000.0,-107.91420136156064
623200.0,-108.58096315170548
623400.0,-109.27332774256698
623600.0,-109.96395121045872
623800.0,-110.60996113228329
624000.0,-111.15190838853732
624200.0,-111.52123164672624
624400.0,-111.66010240905125
624600.0,-111.54651540119042
624800.0,-111.20568855747788
625000.0,-110.69708337718069
625200.0,-110.08912879413835
625400.0,-109.4402050290276
625600.0,-108.79198237568266
625800.0,-108.17084406848434
626000.0,-107.59198033877686
626200.0,-107.0632870501918
626400.0,-106.58823621809036
626600.0,-106.16776360542383
626800.0,-105.8014400063508
627000.0,-105.48817466479095
627200.0,-105.226628905514
627400.0,-105.01545526450687
627600.0,-104.85343332442608
627800.0,-104.73954524275877
628000.0,-104.67301661896866
628200.0,-104.65333783717301
628400.0,-104.68027462843237
628600.0,-104.7538726091574
628800.0,-104.87445781885049
629000.0,-105.04263312641827
629200.0,-105.2592681362623
629400.0,-105.52547733727152
629600.0,-105.8425768711225
629800.0,-106.21200323759194
630000.0,-106.63516554153603
630200.0,-107.11318345839233
630400.0,-107.6464313615832
630600.0,-108.23375952155936
630800.0,-108.87119340564175
631000.0,-109.5498372523128
631200.0,-110.2527047047084
631400.0,-110.9504996904524
631600.0,-111.5974693302119
631800.0,-112.13084032197787
632000.0,-112.47988968825712
632200.0,-112.588066339059
632400.0,-112.43877735218355
632600.0,-112.06421856988916
632800.0,-111.52875492556616
633000.0,-110.90229917354405
633200.0,-110.24233290701119
633400.0,-109.58876241370085
633600.0,-108.9662627072616
633800.0,-108.38869381995117
634000.0,-107.86301579495665
634200.0,-107.39207660304433
634400.0,-106.97640885682902
634600.0,-106.61532906534535
634800.0,-106.30759035973293
635000.0,-106.05176232342232
635200.0,-105.84644818188818
635400.0,-105.6904065980651
635600.0,-105.5826183317054
635800.0,-105.52232158515946
636000.0,-105.5090300137756
636200.0,-105.54254140287722
636400.0,-105.6229412736556
636600.0,-105.75060312032718
636800.0,-105.92618488187242
637000.0,-106.15061901415204
637200.0,-106.42509054480513
637400.0,-106.75099289296273
637600.0,-107.12984369896624
637800.0,-107.56313032617811
638000.0,-108.0520336340203
638200.0,-108.59694404251181
638400.0,-109.19662964695502
638600.0,-109.84683948348447
638800.0,-110.53804401094283
639000.0,-111.25201852359852
639200.0,-111.95733350697645
639400.0,-112.60509361900594
639600.0,-113.1289651109207
639800.0,-113.45609669551088
640000.0,-113.53169244740853
640200.0,-113.34523826467596
640400.0,-112.93624132550868
640600.0,-112.37383098620947
640800.0,-111.729086625206
641000.0,-111.05835493670293
641200.0,-110.39967204273708
641400.0,-109.775980424426
641600.0,-109.1998192028235
641800.0,-108.67722987566214
642000.0,-108.21045198573485
642200.0,-107.79962666749944
642400.0,-107.44382420197793
642600.0,-107.14164700044307
642800.0,-106.89157652816516
643000.0,-106.69216922524213
643200.0,-106.54216475295114
643400.0,-106.44054411049868
643600.0,-106.38655969930618
643800.0,-106.37975018349044
644000.0,-106.41994742751857
644200.0,-106.507279314318
644400.0,-106.6421698307132
644600.0,-106.82533576489311
644800.0,-107.05777713155504
645000.0,-107.34075533534691
645200.0,-107.67574823253739
645400.0,-108.064363208895
645600.0,-108.50817582423682
645800.0,-109.00843870747423
646000.0,-109.56556759091647
646200.0,-110.17825169907186
646400.0,-110.84195119668563
646600.0,-111.5464560720387
646800.0,-112.27219266591085
647000.0,-112.98539099904684
647200.0,-113.63371572597386
647400.0,-114.14701503353919
647600.0,-114.45037680573164
647800.0,-114.49132761681113
648000.0,-114.26616278853933
648200.0,-113.82201779287459
648400.0,-113.23259794004427
648600.0,-112.56980350840644
648800.0,-111.88860422493468
649000.0,-111.22506170510293
649200.0,-110.60036343157793
649400.0,-110.02573759802542
649600.0,-109.50632452375545
649800.0,-109.04377087429478
650000.0,-108.63783793769657
650200.0,-108.28735786238774
650400.0,-107.99078782839176
650600.0,-107.74652493182322
650800.0,-107.55308150866068
651000.0,-107.409180295842
651200.0,-107.31380433877042
651400.0,-107.26622201575216
651600.0,-107.26599893052894
651800.0,-107.31300327173714
652000.0,-107.40740799871344
652200.0,-107.5496909330363
652400.0,-107.74063187125726
652600.0,-107.98130357326076
652800.0,-108.2730502692987
653000.0,-108.61744220157692
653200.0,-109.01618611625865
653400.0,-109.47095696968728
653600.0,-109.98309124669154
653800.0,-110.55304082265403
654000.0,-111.17942043730878
654200.0,-111.85738816842367
654400.0,-112.57600128548467
654600.0,-113.31421122250697
654800.0,-114.03567014508212
655000.0,-114.68426374455434
655200.0,-115.18574222509972
655400.0,-115.46324578125949
655600.0,-115.46729696188481
655800.0,-115.2017974943816
656000.0,-114.72180084129224
656200.0,-114.10534261579285
656400.0,-113.4247683820169
656600.0,-112.73342381179218
656800.0,-112.06529419836089
657000.0,-111.43979186127966
657200.0,-110.86684506089318
657400.0,-110.35071060526226
657600.0,-109.8924578951396
657800.0,-109.49148006250624
658000.0,-109.14637930542773
658200.0,-108.85547318669612
658400.0,-108.61707833650894
658600.0,-108.42966582958333
658800.0,-108.29194372577837
659000.0,-108.20289910521376
659200.0,-108.16181828848067
659400.0,-108.16829595697568
659600.0,-108.22223910375357
659800.0,-108.32386874987661
660000.0,-108.4737202272884
660200.0,-108.67264091437451
660400.0,-108.92178202846084
660600.0,-109.22257775427124
660800.0,-109.57669955270737
661000.0,-109.98596428390151
661200.0,-110.45215894905063
661400.0,-110.97671771425757
661600.0,-111.56014127831884
661800.0,-112.20097562037085
662000.0,-112.89406272890561
662200.0,-113.62766850503428
662400.0,-114.3791254387755
662600.0,-115.10923441908358
662800.0,-115.7577147585524
663000.0,-116.24591606923926
663200.0,-116.4952046443011
663400.0,-116.4598978273611
663600.0,-116.15236745832327
663800.0,-115.63583388167034
664000.0,-114.99235189211275
664200.0,-114.29430599857213
664400.0,-113.59316682040613
664600.0,-112.92074490173106
664800.0,-112.29466005423264
665000.0,-111.72355293551286
665200.0,-111.210815010052
665400.0,-110.75695424110891
665600.0,-110.36100742851443
665800.0,-110.02135514447997
666000.0,-109.73618110841102
666200.0,-109.50372555896547
666400.0,-109.32242132805308
666600.0,-109.19096423318112
666800.0,-109.10834756242366
667000.0,-109.07387774490451
667200.0,-109.08718089691106
667400.0,-109.14820554349328
667600.0,-109.25722404867115
667800.0,-109.41483329262579
668000.0,-109.62195325887274
668200.0,-109.87981991679463
668400.0,-110.18996529162618
668600.0,-110.55417188494951
668800.0,-110.9743787219064
669000.0,-111.45249915506312
669200.0,-111.99008087977927
669400.0,-112.58768829392749
669600.0,-113.24380599447692
669800.0,-113.95294510309225
670000.0,-114.70251409864179
670200.0,-115.46806106364086
670400.0,-116.20721919895922
670600.0,-116.8550971442684
670800.0,-117.3283191593599
671000.0,-117.54673155075075
671200.0,-117.46939267666929
671400.0,-117.11807242390846
671600.0,-116.56434933501689
671800.0,-115.89391221131825
672000.0,-115.1787472130321
672200.0,-114.46819651092298
672400.0,-113.79180190736038
672600.0,-113.16537674960912
672800.0,-112.59628809248838
673000.0,-112.08708095319284
673200.0,-111.6377180221332
673400.0,-111.24689181161213
673600.0,-110.91276979055348
673800.0,-110.63340779998741
674000.0,-110.40697395229361
674200.0,-110.23186605212418
674400.0,-110.10677029834594
674600.0,-110.03068856150561
674800.0,-110.00294975728946
675000.0,-110.02321402604971
675200.0,-110.09147441922275
675400.0,-110.20805824477188
675600.0,-110.37362835608522
675800.0,-110.58918286602574
676000.0,-110.85604943153065
676200.0,-111.17586664803467
676400.0,-111.55053899747776
676600.0,-111.9821411933654
676800.0,-112.47272915242266
677000.0,-113.02398231199034
677200.0,-113.63654625401516
677400.0,-114.3088536261726
677600.0,-115.03506916945645
677800.0,-115.8016692829058
678000.0,-116.58222664800606
678200.0,-117.33083876323171
678400.0,-117.97749232724018
678600.0,-118.433741345575
678800.0,-118.61827150543743
679000.0,-118.4960007508741
679200.0,-118.09908253731506
679400.0,-117.50756697079908
679600.0,-116.8103089918737
679800.0,-116.07842876733729
680000.0,-115.3588862136389
680200.0,-114.67886602606694
680400.0,-114.05236514405681
680600.0,-113.48549304775233
680800.0,-112.97996813876526
681000.0,-112.53522447536912
681200.0,-112.14962263732926
681400.0,-111.82112575680357
681600.0,-111.5476679864026
681800.0,-111.32734979321998
682000.0,-111.15853737518097
682200.0,-111.03991014562384
682400.0,-110.97048114393687
682600.0,-110.94960437232602
682800.0,-110.97697683281721
683000.0,-111.05263938443679
683200.0,-111.17697822051275
683400.0,-111.35072702459867
683600.0,-111.57496810533058
683800.0,-111.85112845606538
684000.0,-112.18096291517703
684200.0,-112.56651014430302
684400.0,-113.00999574615518
684600.0,-113.51363662102153
684800.0,-114.07926492261848
685000.0,-114.70762802315451
685200.0,-115.39711860709417
685400.0,-116.14153886379675
685600.0,-116.92634841825031
685800.0,-117.72292294207682
686000.0,-118.48139389012361
686200.0,-119.12603564669631
686400.0,-119.56297125811916
686600.0,-119.71022349970332
686800.0,-119.53988839578767
687000.0,-119.09553368747771
687200.0,-118.46569211021401
687400.0,-117.74182591347356
687600.0,-116.99369294175413
687800.0,-116.26561910911661
688000.0,-115.58235062846948
688200.0,-114.95606278297853
688400.0,-114.39162589695718
688600.0,-113.88995274325417
688800.0,-113.44996600095554
689000.0,-113.0697070580124
689200.0,-112.74694377572209
689400.0,-112.4794950669464
689600.0,-112.26539847017308
689800.0,-112.10299222331969
690000.0,-111.99095200662681
690200.0,-111.92830483726914
690400.0,-111.91443264332915
690600.0,-111.94907238987936
690800.0,-112.03231633223444
691000.0,-112.16461386443694
691200.0,-112.34677482049631
691400.0,-112.57997237384421
691600.0,-112.86574129329315
691800.0,-113.20596339013947
692000.0,-113.60282512902788
692200.0,-114.05872012324879
692400.0,-114.57604722306023
692600.0,-115.15681552473097
692800.0,-115.8018985356088
693000.0,-116.50966414964637
693200.0,-117.27353531678756
693400.0,-118.07785842408323
693600.0,-118.8915535688355
693800.0,-119.66028004060857
694000.0,-120.30191586093629
694200.0,-120.71678451921925
694400.0,-120.82292453736906
694600.0,-120.60115798747795
694800.0,-120.10752250225595
695000.0,-119.43891372576817
695200.0,-118.68874408955854
695400.0,-117.92488704059865
695600.0,-117.18878780840461
695800.0,-116.50268127570507
696000.0,-115.87692122921891
696200.0,-115.3151600264198
696400.0,-114.81752716961878
696600.0,-114.38245195204543
696800.0,-114.00766978237525
697000.0,-113.69076266670639
697200.0,-113.42944101781814
697400.0,-113.22168442165399
697600.0,-113.06580704337543
697800.0,-112.96048411717904
698000.0,-112.90475968573561
698200.0,-112.89804669430042
698400.0,-112.94012545624403
698600.0,-113.03114354181666
698800.0,-113.17161826525499
699000.0,-113.36244144272895
699200.0,-113.60488444257525
699400.0,-113.9005991281116
699600.0,-114.25160619954471
699800.0,-114.6602551619387
700000.0,-115.12912696098928
700200.0,-115.66082632279902
700400.0,-116.25756734350874
700600.0,-116.92037851318709
700800.0,-117.64762209424559
701000.0,-118.43232481704791
701200.0,-119.25760950015149
701400.0,-120.0896371758934
701600.0,-120.86899605690157
701800.0,-121.5063726020868
702000.0,-121.89592761434406
702200.0,-121.95663002135413
702400.0,-121.67983544654035
702600.0,-121.13510110180323
702800.0,-120.42740247164913
703000.0,-119.65134109146231
703200.0,-118.87236266936372
703400.0,-118.12879369511606
703600.0,-117.44029508229883
703800.0,-116.81540545130738
704000.0,-116.25658352835649
704200.0,-115.76319949243225
704400.0,-115.33320811573292
704600.0,-114.9640525886548
704800.0,-114.65313887911577
705000.0,-114.39807596362004
705200.0,-114.19679073293176
705400.0,-114.04757742631088
705600.0,-113.94911436874857
705800.0,-113.9004659273001
706000.0,-113.90107942704098
706200.0,-113.95078221592355
706400.0,-114.0497814562994
706600.0,-114.19866754022102
706800.0,-114.3984206559292
707000.0,-114.65041842971958
707200.0,-114.95644011808152
707400.0,-115.31865855864402
707600.0,-115.73960336910986
707800.0,-116.22206467663469
708000.0,-116.76888045525271
708200.0,-117.38250239133366
708400.0,-118.06414824972678
708600.0,-118.8121988249201
708800.0,-119.61926770500088
709000.0,-120.46712738097598
709200.0,-121.31882129822972
709400.0,-122.10915321999042
709600.0,-122.7406908074124
709800.0,-123.10109611744203
710000.0,-123.11148992184616
710200.0,-122.77585643316789
710400.0,-122.17827174863281
710600.0,-121.43130869702
710800.0,-120.62988983414776
711000.0,-119.83647477284475
711200.0,-119.08604596771484
711400.0,-118.39563975070284
711600.0,-117.77199285534269
711800.0,-117.21639824563157
712000.0,-116.72749252147192
712200.0,-116.30277579480106
712400.0,-115.93941342775581
712600.0,-115.63464561599102
712800.0,-115.3859873194146
713000.0,-115.19131829782366
713200.0,-115.04891728711027
713400.0,-114.95746950404636
713600.0,-114.91606320936287
713800.0,-114.92418375591022
714000.0,-114.98170953832451
714200.0,-115.0889119730405
714400.0,-115.24646016515624
714600.0,-115.45542967754075
714800.0,-115.71731326679505
715000.0,-116.03402897357311
715200.0,-116.40791652447402
715400.0,-116.84170480869642
715600.0,-117.33841789474846
715800.0,-117.90115840158903
716000.0,-118.53265358132205
716200.0,-119.23435137281105
716400.0,-120.00468157990872
716600.0,-120.83582830360122
716800.0,-121.70806738125248
717000.0,-122.58089818954139
717200.0,-123.38248437380815
717400.0,-124.00619074265036
717600.0,-124.33290563095717
717800.0,-124.28752021129188
718000.0,-123.88905145186385
718200.0,-123.23698162384585
718400.0,-122.4507605225104
718600.0,-121.62465731195348
718800.0,-120.8175803942975
719000.0,-120.06096032915535
719200.0,-119.36917220216372
719400.0,-118.74717188562906
719600.0,-118.19511835663272
719800.0,-117.71094238210961
720000.0,-117.29171039199343
720200.0,-116.93432501172478
720400.0,-116.63587142678008
720600.0,-116.393778390125
720800.0,-116.2058844209088
721000.0,-116.07045746986785
721200.0,-115.98619372854436
721400.0,-115.95220920389329
721600.0,-115.9680312313998
721800.0,-116.03359361264886
722000.0,-116.14923709506829
722200.0,-116.31571565238326
722400.0,-116.53420789767706
722600.0,-116.80633148456651
722800.0,-117.13415585040941
723000.0,-117.52020405604738
723200.0,-117.96742580053193
723400.0,-118.47910721506503
723600.0,-119.05865167493562
723800.0,-119.7091063917211
724000.0,-120.432198437961
724200.0,-121.22644509728742
724400.0,-122.08358599188882
724600.0,-122.98223053726757
724800.0,-123.8778229041302
725000.0,-124.69085258896857
725200.0,-125.30421165319473
725400.0,-125.59185342128637
725600.0,-125.48456919048333
725800.0,-125.01913032678807
726000.0,-124.31111804261192
726200.0,-123.48586208909217
726400.0,-122.63590320678935
726600.0,-121.8160371302356
726800.0,-121.05395726676016
727000.0,-120.36135673706585
727200.0,-119.74144010594551
727400.0,-119.19326840563157
727600.0,-118.71409651306571
727800.0,-118.30057938282201
728000.0,-117.94937276557759
728200.0,-117.6574181429121
728400.0,-117.42206628774278
728600.0,-117.24112071932383
728800.0,-117.11284363415943
729000.0,-117.03594657872146
729200.0,-117.00957746060085
729400.0,-117.03330987919843
729600.0,-117.1071377748355
729800.0,-117.23147675359202
730000.0,-117.40717237781988
730200.0,-117.63551472391485
730400.0,-117.91825710199971
730600.0,-118.25763432264526
730800.0,-118.65637113790014
731000.0,-119.11766231464003
731200.0,-119.64508805619609
731400.0,-120.24239414336691
731600.0,-120.91299982220778
731800.0,-121.6589701321997
732000.0,-122.47895848194206
732200.0,-123.36424750991864
732400.0,-124.29158218903366
732600.0,-125.21173391010026
732800.0,-126.03625849085645
733000.0,-126.63608627820963
733200.0,-126.8782683486858
733400.0,-126.70227866480884
733600.0,-126.16566681002871
733800.0,-125.40050455883964
734000.0,-124.53669216166668
734200.0,-123.66387842897106
734400.0,-122.83220128041704
734600.0,-122.06545989901099
734800.0,-121.37266267046421
735000.0,-120.75530169089052
735200.0,-120.2113806932904
735400.0,-119.73751097780273
735600.0,-119.32995956195637
735800.0,-118.9851520204973
736000.0,-118.69989801813544
736200.0,-118.4714790229155
736400.0,-118.29767016596242
736600.0,-118.17673324953866
736800.0,-118.10739986900577
737000.0,-118.08885430698871
737200.0,-118.12072105233429
737400.0,-118.20305931597397
737600.0,-118.3363655739613
737800.0,-118.52158431216898
738000.0,-118.76012629333036
738200.0,-119.0538923410833
738400.0,-119.40529814022344
738600.0,-119.81729065335824
738800.0,-120.29333707964456
739000.0,-120.83734821351756
739200.0,-121.45346041487998
739400.0,-122.14552626243473
739600.0,-122.91601975168717
739800.0,-123.76379207900544
740000.0,-124.67966053656708
740200.0,-125.63827337644199
740400.0,-126.58497648028982
740600.0,-127.42084480073655
740800.0,-128.00310235454
741000.0,-128.192246398246
741200.0,-127.9400405236005
741400.0,-127.32808452657133
741600.0,-126.50489859396777
741800.0,-125.60330337376642
742000.0,-124.70882372658643
742200.0,-123.86642576971055
742400.0,-123.09589141120665
742600.0,-122.40356143825545
742800.0,-121.78926429859735
743000.0,-121.24999197150353
743200.0,-120.7817470164602
743400.0,-120.3804334755834
743600.0,-120.04226433472859
743800.0,-119.76392994868402
744000.0,-119.54265162788089
744200.0,-119.3761831160195
744400.0,-119.26279152670753
744600.0,-119.20123352779142
744800.0,-119.19073458556502
745000.0,-119.23097507157054
745200.0,-119.32208502357517
745400.0,-119.46464831960343
745600.0,-119.6597163718655
745800.0,-119.90883073868103
746000.0,-120.21405282709024
746200.0,-120.57799640278928
746400.0,-121.00385359880205
746600.0,-121.49539496869602
746800.0,-122.05690365140921
747000.0,-122.69296246422228
747200.0,-123.40792973448599
747400.0,-124.20477443941883
747600.0,-125.08262397432377
747800.0,-126.03182848316679
748000.0,-127.02466542428743
748200.0,-128.00012899086005
748400.0,-128.84689573546729
748600.0,-129.40644576108278
748800.0,-129.5335690940633
749000.0,-129.19695030390454
749200.0,-128.5056460656834
749400.0,-127.62399150900904
749600.0,-126.68572257889326
749800.0,-125.77096867262428
750000.0,-124.9190580528335
750200.0,-124.14567223829407
750400.0,-123.45452328465734
750600.0,-122.8438353941182
750800.0,-122.30963948136691
751000.0,-121.84736684977216
751200.0,-121.45258501697653
751400.0,-121.12131290207532
751600.0,-120.85013470510413
751800.0,-120.63622121694661
752000.0,-120.47731219965607
752200.0,-120.37168614354874
752400.0,-120.31813015284904
752600.0,-120.31591603815306
752800.0,-120.36478543205169
753000.0,-120.46494520628876
753200.0,-120.61707373101116
753400.0,-120.82233806874832
753600.0,-121.08242164959978
753800.0,-121.39956087461009
754000.0,-121.77658669543993
754200.0,-122.21696213325194
754400.0,-122.72479608846113
754600.0,-123.30479188094745
754800.0,-123.96204378175554
755000.0,-124.70150172938581
755200.0,-125.526734397378
755400.0,-126.43724547232667
755600.0,-127.42292624203029
755800.0,-128.4533580080859
756000.0,-129.4600319881004
756200.0,-130.31682749255592
756400.0,-130.8471180577774
756600.0,-130.90160266931682
756800.0,-130.4717609703876
757000.0,-129.6974478836082
757200.0,-128.75741246969935
757400.0,-127.78395314443792
757600.0,-126.85053163999802
757800.0,-125.99043850313721
758000.0,-125.21521741348523
758200.0,-124.52601388263902
758400.0,-123.91951832059351
758600.0,-123.39085658443929
758800.0,-122.93492893236785
759000.0,-122.54699434735133
759200.0,-122.22289716637431
759400.0,-121.95912925526572
759600.0,-121.75282102850046
759800.0,-121.60170608762837
760000.0,-121.50408073088171
760200.0,-121.45876821641318
760400.0,-121.46509222153334
760600.0,-121.52286141954721
760800.0,-121.63236599893668
761000.0,-121.79438650475129
761200.0,-122.01021514730766
761400.0,-122.28168935744861
761600.0,-122.61123640920647
761800.0,-123.00192565873434
762000.0,-123.45751983743077
762200.0,-123.98250583636653
762400.0,-124.58206206321121
762600.0,-125.26187004485445
762800.0,-126.0275735008355
763000.0,-126.8834688581681
763200.0,-127.8295644291991
763400.0,-128.8553162242435
763600.0,-129.92722074854564
763800.0,-130.96781932418537
764000.0,-131.83316382196935
764200.0,-132.32581895107953
764400.0,-132.29517771394825
764600.0,-131.7628427084886
764800.0,-130.90242489384997
765000.0,-129.90473822246148
765200.0,-128.89798065641986
765400.0,-127.94772198607136
765600.0,-127.08090035001943
765800.0,-126.3049350254132
766000.0,-125.61849172994809
766200.0,-125.01680887718211
766400.0,-124.4941686639139
766600.0,-124.04498327150554
766800.0,-123.66423268999895
767000.0,-123.3476071275839
767200.0,-123.09152060738566
767400.0,-122.8930738181202
767600.0,-122.7500024363886
767800.0,-122.66062737109301
768000.0,-122.62381410595123
768200.0,-122.63894407617356
768400.0,-122.70589918839383
768600.0,-122.82505992297968
768800.0,-122.99731730402186
769000.0,-123.22409901215136
769200.0,-123.50740973629652
769400.0,-123.84988510569616
769600.0,-124.254856432634
769800.0,-124.7264184602891
770000.0,-125.26948101389641
770200.0,-125.88976070090945
770400.0,-126.59361491126003
770600.0,-127.38750314103936
770800.0,-128.27660690515563
771000.0,-129.26160450887028
771200.0,-130.33156323125314
771400.0,-131.4494277634854
771600.0,-132.52694954889208
771800.0,-133.39848726533114
772000.0,-133.8427821145202
772200.0,-133.71245319201617
772400.0,-133.0681583978617
772600.0,-132.1193704941051
772800.0,-131.06551223323586
773000.0,-130.02778476091032
773200.0,-129.06274683986916
773400.0,-128.19077332851967
773600.0,-127.41522776697684
773800.0,-126.73240815579109
774000.0,-126.1361940985468
774200.0,-125.62009087633115
774400.0,-125.17806827652122
774600.0,-124.8048583587057
774800.0,-124.49601860567032
775000.0,-124.24790034230469
775200.0,-124.05758567464694
775400.0,-123.922820996313
775600.0,-123.8419589889694
775800.0,-123.81391378160204
776000.0,-123.83813082378877
776200.0,-123.91457186023148
776400.0,-124.04371513681863
776600.0,-124.22657110223926
776800.0,-124.46471408670291
777000.0,-124.76033049265952
777200.0,-125.1162835096045
777400.0,-125.53619250648237
777600.0,-126.02452040750606
777800.0,-126.58665091614768
778000.0,-127.2289114314303
778200.0,-127.95843896941068
778400.0,-128.7826549152555
778600.0,-129.70782006415405
778800.0,-130.73549696173959
779000.0,-131.85444512920265
779200.0,-133.02349320636043
779400.0,-134.14123359291892
779600.0,-135.0153515394793
779800.0,-135.39755208070613
780000.0,-135.15077705645626
780200.0,-134.38527025148625
780400.0,-133.3469808149739
780600.0,-132.23927920294085
780800.0,-131.1733622831782
781000.0,-130.19582717185585
781200.0,-129.32039537755722
781400.0,-128.54650162740506
781600.0,-127.86821373412761
781800.0,-127.27815682144919
782000.0,-126.76913114106847
782200.0,-126.33471234722593
782400.0,-125.96941706600239
782600.0,-125.66869234379597
782800.0,-125.42884255856643
783000.0,-125.24694283339699
783200.0,-125.12075929366225
783400.0,-125.0486838885904
783600.0,-125.02968613604529
783800.0,-125.06328209861793
784000.0,-125.14952035682045
784200.0,-125.28898488152515
784400.0,-125.48281512354231
784600.0,-125.73274410996434
784800.0,-126.04115564537288
785000.0,-126.4111614941682
785200.0,-126.84669791575485
785400.0,-127.35263641853959
785600.0,-127.93489224058368
785800.0,-128.60048703378087
786000.0,-129.35745904662883
786200.0,-130.21436696507988
786400.0,-131.17879156420742
786600.0,-132.2534587995031
786800.0,-133.4269531192496
787000.0,-134.6533027254746
787200.0,-135.8148506616092
787400.0,-136.68613339520851
787600.0,-136.98869380453522
787800.0,-136.60657107726607
788000.0,-135.7114019721256
788200.0,-134.58393744630206
788400.0,-133.4256459886571
788600.0,-132.3347715574254
788800.0,-131.34723238802675
789000.0,-130.47014106702096
789200.0,-129.69918992373408
789400.0,-129.02637889409073
789600.0,-128.4431934610539
789800.0,-127.94180546049918
790000.0,-127.51544699560718
790200.0,-127.15845301709174
790400.0,-126.86618318865732
790600.0,-126.63491120818952
790800.0,-126.46171719638131
791000.0,-126.34439633411212
791200.0,-126.28138760843092
791400.0,-126.27172293814134
791600.0,-126.3149958862101
791800.0,-126.41134920772727
792000.0,-126.56148098871547
792200.0,-126.76666984211064
792400.0,-127.02882036187125
792600.0,-127.35053064810677
792800.0,-127.73518387698857
793000.0,-128.1870648618383
793200.0,-128.71149860425155
793400.0,-129.3149968871999
793600.0,-130.00537133711956
793800.0,-130.79170383127146
794000.0,-131.68390116809834
794200.0,-132.69116346691175
794400.0,-133.81774595470836
794600.0,-135.05226880652702
794800.0,-136.34312894043995
795000.0,-137.55233643971368
795200.0,-138.41279371509142
795400.0,-138.6134422672922
795600.0,-138.07529462522368
795800.0,-137.04359514986425
796000.0,-135.82905356487058
796200.0,-134.6243901517971
796400.0,-133.5122176592161
796600.0,-132.51735198205478
796800.0,-131.64048430494606
797000.0,-130.87380939407652
797200.0,-130.20744472243572
797400.0,-129.63186035235472
797600.0,-129.13868035806826
797800.0,-128.72084575881954
798000.0,-128.37254455751318
798200.0,-128.08907264366974
798400.0,-127.86668965315286
798600.0,-127.70249293117091
798800.0,-127.59431622948895
799000.0,-127.54065350849476
799200.0,-127.54060626118675
799400.0,-127.59385261934452
799600.0,-127.70063707550378
799800.0,-127.86178052900111
800000.0,-128.07871136159864
800200.0,-128.35351927816393
800400.0,-128.6890346195646
800600.0,-129.088936486956
800800.0,-129.5578926404735
801000.0,-130.10173102801062
801200.0,-130.72763271269554
801400.0,-131.4443084318127
801600.0,-132.26204979932186
801800.0,-133.19236475256352
802000.0,-134.24644574899284
802200.0,-135.43055929129682
802400.0,-136.73369108901608
802600.0,-138.09760371100953
802800.0,-139.35851291642797
803000.0,-140.1965118869111
803200.0,-140.26734288086666
803400.0,-139.55158882483988
803600.0,-138.37902434669692
803800.0,-137.08153062005232
804000.0,-135.83565884444025
804200.0,-134.7062187166305
804400.0,-133.70684229977255
804600.0,-132.8321315823863
804800.0,-132.0710830719179
805000.0,-131.412137350928
805200.0,-130.84488088907472
805400.0,-130.36047361634974
805600.0,-129.95161912849426
805800.0,-129.6123937016897
806000.0,-129.33805326013714
806200.0,-129.12486006687627
806400.0,-128.9699409297399
806600.0,-128.8711776657991
806800.0,-128.82712710809847
807000.0,-128.8369674592287
807200.0,-128.90046845693217
807400.0,-129.0179838903299
807600.0,-129.19046622004498
807800.0,-129.4195043524244
808000.0,-129.7073869774598
808200.0,-130.05719526898304
808400.0,-130.4729299761611
808600.0,-130.95967841788715
808800.0,-131.5238249874618
809000.0,-132.17330018520335
809200.0,-132.917836766876
809400.0,-133.76912806547804
809600.0,-134.7405851269606
809800.0,-135.84585682736082
810000.0,-137.09385835777178
810200.0,-138.47445409744927
810400.0,-139.92158458738518
810600.0,-141.2383013456619
810800.0,-142.0371704232965
811000.0,-141.94403709155102
811200.0,-141.02978388285112
811400.0,-139.71558738032545
811600.0,-138.34142182125714
811800.0,-137.0603478427295
812000.0,-135.91793823481294
812200.0,-134.9169291778577
812400.0,-134.046302987739
812600.0,-133.29220418460076
812800.0,-132.64161761168901
813000.0,-132.08338289381814
813200.0,-131.60828074162922
813400.0,-131.2088310871121
813600.0,-130.87903341183426
813800.0,-130.61412708883117
814000.0,-130.41039328681782
814200.0,-130.2650001068552
814400.0,-130.17588652356358
814600.0,-130.14167973783748
814800.0,-130.16164137992044
815000.0,-130.23563939751256
815200.0,-130.3641439824934
815400.0,-130.54824743676608
815600.0,-130.78970948582145
815800.0,-131.0910312692209
816000.0,-131.45556312688632
816200.0,-131.88765327126112
816400.0,-132.39284603200045
816600.0,-132.97813813599313
816800.0,-133.65229523924685
817000.0,-134.42620709231582
817200.0,-135.31318624287553
817400.0,-136.32890209188434
817600.0,-137.49003284968632
817800.0,-138.80898555080836
818000.0,-140.27730234372814
818200.0,-141.81976758224155
818400.0,-143.19630823868795
818600.0,-143.932747967615
818800.0,-143.63557784242604
819000.0,-142.50510491086834
819200.0,-141.05300562650407
819400.0,-139.61051283933796
819600.0,-138.3008589932902
819800.0,-137.14987123359452
820000.0,-136.15004538984425
820200.0,-135.28533254712093
820400.0,-134.53940645097208
820600.0,-133.89802604884844
820800.0,-133.34942170579495
821000.0,-132.8840785441434
821200.0,-132.4943848978575
821400.0,-132.17429677840278
821600.0,-131.91905899301045
821800.0,-131.72498662064964
822000.0,-131.58929972006516
822200.0,-131.51000240471916
822400.0,-131.48579863283663
822600.0,-131.51603903877015
822800.0,-131.60069516169693
823000.0,-131.74035935623746
823200.0,-131.93627053467438
823400.0,-132.1903678172708
823600.0,-132.5053762973729
823800.0,-132.88493160539753
824000.0,-133.33375282836587
824200.0,-133.85787637063277
824400.0,-134.46496537639038
824600.0,-135.16470654237122
824800.0,-135.96928701676578
825000.0,-136.89387443458963
825200.0,-137.95680091532648
825400.0,-139.17846627573581
825600.0,-140.57587617367022
825800.0,-142.14350097436164
826000.0,-143.79568098590963
826200.0,-145.23597927642035
826400.0,-145.87897111872607
826600.0,-145.33415643048485
826800.0,-143.97624009117942
827000.0,-142.39496424998708
827200.0,-140.89411234233302
827400.0,-139.56270025189644
827600.0,-138.40732379850604
827800.0,-137.4112222530178
828000.0,-136.55399063368623
828200.0,-135.8172296928094
828400.0,-135.18570047922185
828600.0,-134.64715602212894
828800.0,-134.19186385158545
829000.0,-133.8121279707304
829200.0,-133.5018902739656
829400.0,-133.2564196525095
829600.0,-133.07207720449043
829800.0,-132.94614298457668
830000.0,-132.87669172609628
830200.0,-132.8625080390632
830400.0,-132.9030345312125
830600.0,-132.99834887889318
830800.0,-133.1491681687968
831000.0,-133.35688099729975
831200.0,-133.6236100759432
831400.0,-133.95231067432042
831600.0,-134.34691338195256
831800.0,-134.81252362947723
832000.0,-135.35569521133564
832200.0,-135.9848000268811
832400.0,-136.71051830287206
832600.0,-137.54646194208993
832800.0,-138.50988353553123
833000.0,-139.62220285198595
833200.0,-140.90833372405282
833400.0,-142.3912952047565
833600.0,-144.0704521137494
833800.0,-145.84909699411554
834000.0,-147.3579312100032
834200.0,-147.87046602276087
834400.0,-147.037226028492
834600.0,-145.45077537516448
834800.0,-143.75362395343532
835000.0,-142.20499901232412
835200.0,-140.85809928045265
835400.0,-139.70179424565399
835600.0,-138.7112930132416
835800.0,-137.86254500919108
836000.0,-137.13546343971947
836200.0,-136.5140202309837
836400.0,-135.9856060075785
836600.0,-135.54033514280093
836800.0,-135.1704638910569
837000.0,-134.86994079777736
837200.0,-134.63407034907968
837400.0,-134.459265571282
837600.0,-134.34286889935092
837800.0,-134.28302574579692
838000.0,-134.2785998004434
838200.0,-134.32912283880574
838400.0,-134.43477486178648
838600.0,-134.59639299724032
838800.0,-134.81551004967645
839000.0,-135.0944261838464
839200.0,-135.4363202856128
839400.0,-135.84541144775793
839600.0,-136.32718621761626
839800.0,-136.88871414044775
840000.0,-137.5390827393531
840200.0,-138.28999147060256
840400.0,-139.15654352296545
840600.0,-140.15823168453133
840800.0,-141.31991332612733
841000.0,-142.6717942782089
841200.0,-144.24457956243396
841400.0,-146.04560472041524
841600.0,-147.96907954851523
841800.0,-149.55656235993126
842000.0,-149.90711478259226
842200.0,-148.76076760891542
842400.0,-146.95752162568277
842600.0,-145.1602435706928
842800.0,-143.57300924454626
843000.0,-142.21489209087014
843200.0,-141.0593386944091
843400.0,-140.0748488079787
843600.0,-139.23438706431935
843800.0,-138.51650145895837
844000.0,-137.90453159183065
844200.0,-137.3855810335108
844400.0,-136.94964542016385
844600.0,-136.5889465707364
844800.0,-136.29744178567748
845000.0,-136.07046704948255
845200.0,-135.90447954672703
845400.0,-135.79687387256658
845600.0,-135.7458539503219
845800.0,-135.75034850842837
846000.0,-135.8099623693649
846200.0,-135.92495922626196
846400.0,-136.09627446143253
846600.0,-136.32555926985322
846800.0,-136.6152602599954
847000.0,-136.96874222139166
847200.0,-137.39046639033265
847400.0,-137.88624298894916
847600.0,-138.46358592379744
847800.0,-139.1322101519005
848000.0,-139.90472810499705
848200.0,-140.7976150765909
848400.0,-141.83249752098973
848600.0,-143.03766339486927
848800.0,-144.44896982035948
849000.0,-146.10630785697072
849200.0,-148.02956736650586
849400.0,-150.11356871755075
849600.0,-151.81122412518903
849800.0,-152.0153910884463
850000.0,-150.5739018091096
850200.0,-148.57856853637026
850400.0,-146.69396991250164
850600.0,-145.07143393364078
850800.0,-143.70110503662156
851000.0,-142.54374603289057
851200.0,-141.56230428336653
851400.0,-140.72720636851642
851600.0,-140.01578582622506
851800.0,-139.4107798223867
852000.0,-138.89898668184307
852200.0,-138.47024727385678
852400.0,-138.11670749386246
852600.0,-137.83229117833503
852800.0,-137.61232424966528
853000.0,-137.45326705179104
853200.0,-137.3525251126792
853400.0,-137.30831824812125
853600.0,-137.31959478188313
853800.0,-137.38598259055317
854000.0,-137.50777241191727
854200.0,-137.68593193392894
854400.0,-137.92215206272493
854600.0,-138.21892987397166
854800.0,-138.57969655714933
855000.0,-139.00900378204392
855200.0,-139.51278921833725
855400.0,-140.0987526672593
855600.0,-140.77689007453773
855800.0,-141.56025514633174
856000.0,-142.46604599816013
856200.0,-143.5171304581026
856400.0,-144.7440447560819
856600.0,-146.18695867699353
856800.0,-147.89448378532083
857000.0,-149.9043221039288
857200.0,-152.14064717124742
857400.0,-154.04407539221336
857600.0,-154.30205727628368
857800.0,-152.69982496565208
858000.0,-150.55112896409082
858200.0,-148.57628601862882
858400.0,-146.9040941678322
858600.0,-145.50597835928687
858800.0,-144.33278904439845
859000.0,-143.34238600075682
859200.0,-142.50247302118316
859400.0,-141.7888430985762
859600.0,-141.18331188273186
859800.0,-140.67209625609522
860000.0,-140.24465053654413
860200.0,-139.8928495233219
860400.0,-139.61041577955933
860600.0,-139.39251624740524
860800.0,-139.23547706937913
861000.0,-139.1365824851132
861200.0,-139.09393523471041
861400.0,-139.10636373839446
861600.0,-139.17336676142472
861800.0,-139.2950902459607
862000.0,-139.47233414833653
862200.0,-139.7065899553757
862400.0,-140.0001124966079
862600.0,-140.3560331751147
862800.0,-140.7785263819866
863000.0,-141.27304744492915
863200.0,-141.84667019043465
863400.0,-142.50856681675938
863600.0,-143.2706945392274
863800.0,-144.14878398519787
864000.0,-145.16375835992451
864200.0,-146.34371066632474
864400.0,-147.726337140265
864600.0,-149.3603943320911
864800.0,-151.2982704323121
865000.0,-153.54167746875137
865200.0,-155.79104077528518
865400.0,-156.8957198030844
865600.0,-155.83182324842446
865800.0,-153.69381281812997
866000.0,-151.58984610698644
866200.0,-149.79450907529406
866400.0,-148.30075457128225
866600.0,-147.05576951767017
866800.0,-146.01121131584432
867000.0,-145.12980814678994
867200.0,-144.38377195870234
867400.0,-143.75237126904207
867600.0,-143.21997851403688
867800.0,-142.7746710627515
868000.0,-142.40725606938463
868200.0,-142.11059133594023
868400.0,-141.87910859617935
868600.0,-141.70847570904726
868800.0,-141.59535556548013
869000.0,-141.5372337580997
869200.0,-141.53229647331688
869400.0,-141.57934633867006
869600.0,-141.67774824586584
869800.0,-141.82740022319544
870000.0,-142.02872674966235
870200.0,-142.28269383676152
870400.0,-142.5908470189078
870600.0,-142.95537532905132
870800.0,-143.3792066340941
871000.0,-143.86614265063778
871200.0,-144.42104589091372
871400.0,-145.05009605913608
871600.0,-145.76114020007896
871800.0,-146.5641684144278
872000.0,-147.4719509137711
872200.0,-148.50085638062274
872400.0,-149.67177972060625
872600.0,-151.01074542543037
872800.0,-152.54744036919357
873000.0,-154.30525434995334
873200.0,-156.26050333820686
873400.0,-158.2084516685987
873600.0,-159.51322552504766
873800.0,-159.3821360522977
874000.0,-158.04396572403544
874200.0,-156.35209883246657
874400.0,-154.7619538495635
874600.0,-153.38673108056722
874800.0,-152.2237757893926
875000.0,-151.24444184669645
875200.0,-150.41913874078753
875400.0,-149.72284092163812
875600.0,-149.13541012019667
875800.0,-148.64075451778962
876000.0,-148.225895878658
876200.0,-147.88019082055774
876400.0,-147.5947288472529
876600.0,-147.36187725529862
876800.0,-147.17493795043697
877000.0,-147.02788760509685
877200.0,-146.91518027246372
877400.0,-146.831598022658
877600.0,-146.77214005777634
877800.0,-146.73194430590988
878000.0,-146.70623795259567
878200.0,-146.69031492894374
878400.0,-146.67953915972737
878600.0,-146.66937245196328
878800.0,-146.65542535223298
879000.0,-146.63352823069116
879200.0,-146.5998184407192
879400.0,-146.55083790374587
879600.0,-146.4836341678253
879800.0,-146.39585717465616
880000.0,-146.28584386077503
880200.0,-146.15268343023226
880400.0,-145.9962576515125
880600.0,-145.81725271852855
880800.0,-145.61714184990652
881000.0,-145.3981405949122
881200.0,-145.16313945086765
881400.0,-144.9156205658404
881600.0,-144.65956675050631
881800.0,-144.39937162857584
882000.0,-144.13975954659182
882200.0,-143.88572304599856
882400.0,-143.64248460608002
882600.0,-143.41548840397877
882800.0,-143.21042743624497
883000.0,-143.03331193775716
883200.0,-142.89058711064922
883400.0,-142.78931241092718
883600.0,-142.7374221585682
883800.0,-142.74410009608266
884000.0,-142.82032269985947
884200.0,-142.97966553556375
884400.0,-143.23954054407963
884600.0,-143.6231772976864
884800.0,-144.16296772970372
885000.0,-144.9064970587675
885200.0,-145.92837591818414
885400.0,-147.35623403098418
885600.0,-149.43786279722576
885800.0,-152.7657055851042
886000.0,-159.53385681843537
886200.0,-167.83692037842178
886400.0,-153.86345773813565
886600.0,-148.23469222511594
886800.0,-144.5077122910902
887000.0,-141.6512630377146
887200.0,-139.2993210538398
887400.0,-137.2791355765329
887600.0,-135.49529319828682
887800.0,-133.88946507445337
888000.0,-132.42334878721013
888200.0,-131.07041325656672
888400.0,-129.81150235789283
888600.0,-128.63231698070587
888800.0,-127.52188793595131
889000.0,-126.47160585018315
889200.0,-125.47458079885934
889400.0,-124.52520572976789
889600.0,-123.61885049961414
889800.0,-122.7516422722168
890000.0,-121.92030458231812
890200.0,-121.12203720471805
890400.0,-120.35442500494102
890600.0,-119.6153677600212
890800.0,-118.90302540750082
891000.0,-118.21577481714172
891200.0,-117.55217528647478
891400.0,-116.9109407236199
891600.0,-116.29091701477867
891800.0,-115.69106345357625
892000.0,-115.11043738338142
892200.0,-114.54818140386726
892400.0,-114.00351264106638
892600.0,-113.47571369079454
892800.0,-112.96412492888224
893000.0,-112.46813794534643
893200.0,-111.98718990865703
893400.0,-111.52075870427092
893600.0,-111.06835872132879
893800.0,-110.62953718483037
894000.0,-110.20387094916045
894200.0,-109.79096368367757
894400.0,-109.39044339296939
894600.0,-109.00196022400652
894800.0,-108.62518452024771
895000.0,-108.2598050891224
895200.0,-107.90552765456977
895400.0,-107.56207347063174
895600.0,-107.22917807567903
895800.0,-106.9065901698366
896000.0,-106.59407060066194
896200.0,-106.29139144422481
896400.0,-105.99833517049859
896600.0,-105.7146938834613
896800.0,-105.44026862757289
897000.0,-105.1748687533668
897200.0,-104.9183113358187
897400.0,-104.67042063994013
897600.0,-104.43102762872401
897800.0,-104.1999695091542
898000.0,-103.97708931249602
898200.0,-103.76223550552245
898400.0,-103.55526162971475
898600.0,-103.35602596580671
898800.0,-103.16439122133332
899000.0,-102.98022423910044
899200.0,-102.80339572471729
899400.0,-102.63377999152753
899600.0,-102.47125472145572
899800.0,-102.31570074043503
900000.0,-102.16700180722373
900200.0,-102.0250444145384
900400.0,-101.88971760154229
900600.0,-101.76091277682588
900800.0,-101.63852355110396
901000.0,-101.52244557893215
901200.0,-101.41257640882002
901400.0,-101.30881534117998
901600.0,-101.21106329361189
901800.0,-101.11922267307654
902000.0,-101.03319725455962
902200.0,-100.95289206587279
902400.0,-100.87821327828047
902600.0,-100.80906810267832
902800.0,-100.7453646910831
903000.0,-100.68701204322801
903200.0,-100.63391991808687
903400.0,-100.5859987501758
903600.0,-100.54315957051158
903800.0,-100.50531393212432
904000.0,-100.47237384004852
904200.0,-100.44425168573376
904400.0,-100.42086018583846
904600.0,-100.40211232538422
904800.0,-100.3879213052658
905000.0,-100.37820049412738
905200.0,-100.37286338462562
905400.0,-100.37182355411451
905600.0,-100.3749946297964
905800.0,-100.38229025838956
906000.0,-100.39362408037262
906200.0,-100.4089097088712
906400.0,-100.42806071325172
906600.0,-100.45099060749506
906800.0,-100.47761284341735
907000.0,-100.50784080880564
907200.0,-100.54158783053198
907400.0,-100.57876718270205
907600.0,-100.61929209988875
907800.0,-100.6630757954872
908000.0,-100.71003148521697
908200.0,-100.7600724157837
908400.0,-100.81311189869137
908600.0,-100.86906334918098
908800.0,-100.92784033024715
909000.0,-100.98935660166178
909200.0,-101.05352617390682
909400.0,-101.12026336689267
909600.0,-101.18948287330716
909800.0,-101.26109982640955
910000.0,-101.3350298720533
910200.0,-101.41118924468589
910400.0,-101.48949484704039
910600.0,-101.56986433320093
910800.0,-101.65221619468652
911000.0,-101.73646984916637
911200.0,-101.82254573138388
911400.0,-101.91036538583842
911600.0,-101.99985156073863
911800.0,-102.0909283027164
912000.0,-102.18352105176524
912200.0,-102.27755673584232
912400.0,-102.37296386455618
912600.0,-102.46967262135045
912800.0,-102.56761495357749
913000.0,-102.66672465985708
913200.0,-102.7669374741135
913400.0,-102.868191145687
913600.0,-102.97042551493308
913800.0,-103.07358258373385
914000.0,-103.17760658037244
914200.0,-103.28244401824931
914400.0,-103.38804374795366
914600.0,-103.49435700224275
914800.0,-103.60133743352722
915000.0,-103.70894114350962
915200.0,-103.81712670467942
915400.0,-103.92585517342211
915600.0,-104.03509009456458
915800.0,-104.14479749723986
916000.0,-104.25494588202042
916200.0,-104.3655061993349
916400.0,-104.47645181925067
916600.0,-104.58775849276938
916800.0,-104.69940430484719
917000.0,-104.81136961941542
917200.0,-104.92363701673652
917400.0,-105.03619122348488
917600.0,-105.14901903599986
917800.0,-105.26210923719945
918000.0,-105.37545250769216
918200.0,-105.48904133165931
918400.0,-105.60286989811263
918600.0,-105.7169339981592
918800.0,-105.8312309189234
919000.0,-105.94575933479403
919200.0,-106.0605191966686
919400.0,-106.17551161987015
919600.0,-106.2907387714128
919800.0,-106.40620375727468
920000.0,-106.52191051033087
920200.0,-106.63786367957634
920400.0,-106.75406852124473
920600.0,-106.87053079240329
920800.0,-106.98725664757326
921000.0,-107.10425253888751
921200.0,-107.22152512026474
921400.0,-107.33908115603789
921600.0,-107.45692743443306
921800.0,-107.57507068625422
922000.0,-107.69351750908487
922200.0,-107.8122742972732
922400.0,-107.93134717792401
922600.0,-108.05074195307655
922800.0,-108.17046404820182
923000.0,-108.29051846711236
923200.0,-108.41090975333125
923400.0,-108.53164195793195
923600.0,-108.6527186138126
923800.0,-108.7741427163368
924000.0,-108.89591671023217
924200.0,-109.01804248260363
924400.0,-109.14052136188432
924600.0,-109.26335412251669
924800.0,-109.38654099512485
925000.0,-109.51008168191271
925200.0,-109.63397537699714
925400.0,-109.75822079136195
925600.0,-109.88281618209486
925800.0,-110.00775938555562
926000.0,-110.13304785410199
926200.0,-110.25867869598866
926400.0,-110.384648718042
926600.0,-110.51095447070423
926800.0,-110.6375922950319
927000.0,-110.76455837123132
927200.0,-110.89184876831152
927400.0,-111.01945949443426
927600.0,-111.14738654754369
927800.0,-111.27562596586822
928000.0,-111.4041738778881
928200.0,-111.53302655137867
928400.0,-111.66218044115189
928600.0,-111.79163223512958
928800.0,-111.9213788984046
929000.0,-112.05141771496555
929200.0,-112.1817463267779
929400.0,-112.3123627699448
929600.0,-112.44326550769213
929800.0,-112.57445345995067
930000.0,-112.70592602933745
930200.0,-112.83768312336719
930400.0,-112.96972517275776
930600.0,-113.10205314572
930800.0,-113.23466855815992
931000.0,-113.36757347974988
931200.0,-113.50077053585812
931400.0,-113.63426290535762
931600.0,-113.76805431436716
931800.0,-113.90214902600661
932000.0,-114.03655182627817
932200.0,-114.17126800621406
932400.0,-114.30630334045765
932600.0,-114.44166406246651
932800.0,-114.57735683655541
933000.0,-114.71338872701152
933200.0,-114.84976716453674
933400.0,-114.98649991028942
933600.0,-115.12359501780804
933800.0,-115.2610607931152
934000.0,-115.3989057533078
934200.0,-115.53713858394731
934400.0,-115.67576809556832
934600.0,-115.81480317962372
934800.0,-115.95425276419071
935000.0,-116.09412576975109
935200.0,-116.23443106536129
935400.0,-116.37517742552012
935600.0,-116.51637348802896
935800.0,-116.65802771313358
936000.0,-116.80014834422458
936200.0,-116.94274337035387
936400.0,-117.08582049081687
936600.0,-117.22938708202848
936800.0,-117.37345016690448
937000.0,-117.51801638694073
937200.0,-117.66309197716558
937400.0,-117.80868274411571
937600.0,-117.95479404696775
937800.0,-118.1014307819357
938000.0,-118.24859737002342
938200.0,-118.39629774819421
938400.0,-118.54453536400595
938600.0,-118.69331317372843
938800.0,-118.84263364394363
939000.0,-118.99249875660499
939200.0,-119.14291001751046
939400.0,-119.29386846812426
939600.0,-119.44537470065619
939800.0,-119.59742887629552
940000.0,-119.75003074646843
940200.0,-119.90317967697437
940400.0,-120.05687467483878
940600.0,-120.21111441769915
940800.0,-120.36589728552858
941000.0,-120.52122139448714
941200.0,-120.67708463267363
941400.0,-120.83348469754452
941600.0,-120.99041913474895
941800.0,-121.14788537812831
942000.0,-121.30588079061185
942200.0,-121.46440270574078
942400.0,-121.6234484695492
942600.0,-121.78301548252128
942800.0,-121.94310124135066
943000.0,-122.10370338022787
943200.0,-122.2648197113792
943400.0,-122.42644826459386
943600.0,-122.58858732547682
943800.0,-122.75123547217572
944000.0,-122.91439161033972
944200.0,-123.07805500608369
944400.0,-123.24222531673969
944600.0,-123.40690261919617
944800.0,-123.57208743564419
945000.0,-123.73778075656297
945200.0,-123.90398406080217
945400.0,-124.07069933263469
945600.0,-124.23792907567814
945800.0,-124.40567632360333
946000.0,-124.5739446475715
946200.0,-124.74273816036848
946400.0,-124.91206151721994
946600.0,-125.08191991330405
946800.0,-125.2523190779952
947000.0,-125.4232652658966
947200.0,-125.59476524474442
947400.0,-125.76682628028405
947600.0,-125.93945611824316
947800.0,-126.11266296354232
948000.0,-126.28645545690665
948200.0,-126.4608426490559
948400.0,-126.63583397266609
948600.0,-126.81143921231248
948800.0,-126.98766847261426
949000.0,-127.16453214481035
949200.0,-127.34204087200966
949400.0,-127.52020551336159
949600.0,-127.69903710739979
949800.0,-127.8785468348152
950000.0,-128.05874598091913
950200.0,-128.2396458980514
950400.0,-128.42125796819116
950600.0,-128.60359356602416
950800.0,-128.78666402271358
951000.0,-128.97048059061353
951200.0,-129.15505440916465
951400.0,-129.34039647218694
951600.0,-129.52651759678878
951800.0,-129.71342839409135
952000.0,-129.90113924195492
952200.0,-130.08966025988204
952400.0,-130.27900128625748
952600.0,-130.46917185806487
952800.0,-130.66018119320975
953000.0,-130.85203817555617
953200.0,-131.0447513427735
953400.0,-131.23832887706146
953600.0,-131.43277859881528
953800.0,-131.62810796326715
954000.0,-131.82432406012208
954200.0,-132.02143361619218
954400.0,-132.2194430010114
954600.0,-132.41835823539404
954800.0,-132.61818500288726
955000.0,-132.8189286640444
955200.0,-133.0205942734343
955400.0,-133.22318659927942
955600.0,-133.42671014560727
955800.0,-133.63116917677613
956000.0,-133.83656774422778
956200.0,-134.04290971530565
956400.0,-134.250198803959
956600.0,-134.4584386031496
956800.0,-134.6676326187605
957000.0,-134.87778430480355
957200.0,-135.088897099707
957400.0,-135.30097446346215
957600.0,-135.51401991540476
957800.0,-135.72803707239618
958000.0,-135.94302968717128
958200.0,-136.15900168662355
958400.0,-136.37595720978504
958600.0,-136.59390064527494
958800.0,-136.81283666798825
959000.0,-137.0327702747984
959200.0,-137.25370681906043
959400.0,-137.47565204370758
959600.0,-137.69861211273965
959800.0,-137.92259364092044
960000.0,-138.14760372150687
960200.0,-138.37364995185487
960400.0,-138.60074045675003
960600.0,-138.82888390934042
960800.0,-139.05808954955805
961000.0,-139.28836719993373
961200.0,-139.51972727873408
961400.0,-139.75218081036397
961600.0,-139.9857394329969
961800.0,-140.22041540342184
962000.0,-140.45622159910766
962200.0,-140.6931715175126
962400.0,-140.93127927268017
962600.0,-141.17055958918965
962800.0,-141.4110277935404
963000.0,-141.65269980307306
963200.0,-141.8955921125488
963400.0,-142.13972177851682
963600.0,-142.3851064016252
963800.0,-142.63176410704068
964000.0,-142.87971352315125
964200.0,-143.12897375874957
964400.0,-143.37956437888857
964600.0,-143.63150537962727
964800.0,-143.8848171618783
965000.0,-144.1395205045797
965200.0,-144.39563653742573
965400.0,-144.65318671337516
965600.0,-144.91219278117646
965800.0,-145.17267675813966
966000.0,-145.43466090338052
966200.0,-145.69816769176649
966400.0,-145.96321978878652
966600.0,-146.22984002655653
966800.0,-146.49805138117108
967000.0,-146.7678769516053
967200.0,-147.03933994035066
967400.0,-147.31246363597035
967600.0,-147.5872713977422
967800.0,-147.86378664254516
968000.0,-148.14203283413482
968200.0,-148.42203347493555
968400.0,-148.70381210046983
968600.0,-148.98739227652166
968800.0,-149.27279759912278
969000.0,-149.56005169743483
969200.0,-149.8491782395773
969400.0,-150.1402009414454
969600.0,-150.43314357854183
969800.0,-150.7280300008257
970000.0,-151.02488415057834
970200.0,-151.3237300832569
970400.0,-151.62459199130006
970600.0,-151.92749423083256
970800.0,-152.23246135120243
971000.0,-152.53951812726837
971200.0,-152.84868959434368
971400.0,-153.1600010856913
971600.0,-153.47347827244985
971800.0,-153.78914720586224
972000.0,-154.10703436167015
972200.0,-154.42716668652326
972400.0,-154.74957164625158
972600.0,-155.07427727583436
972800.0,-155.40131223090322
973000.0,-155.73070584060648
973200.0,-156.0624881616567
973400.0,-156.39669003339552
973600.0,-156.73334313369136
973800.0,-157.07248003550023
974000.0,-157.41413426392484
974200.0,-157.75834035359773
974400.0,-158.10513390623427
974600.0,-158.45455164820868
974800.0,-158.80663148800153
975000.0,-159.161412573399
975200.0,-159.5189353483169
975400.0,-159.87924160915324
975600.0,-160.24237456057392
975800.0,-160.60837887066356
976000.0,-160.97730072538906
976200.0,-161.3491878823354
976400.0,-161.72408972370366
976600.0,-162.1020573085795
976800.0,-162.48314342449422
977000.0,-162.86740263834034
977200.0,-163.25489134670931
977400.0,-163.6456678257552
977600.0,-164.0397922807081
977800.0,-164.43732689518924
978000.0,-164.83833588050118
978200.0,-165.24288552509447
978400.0,-165.65104424443962
978600.0,-166.06288263155363
978800.0,-166.47847350845947
979000.0,-166.89789197888845
979200.0,-167.32121548254315
979400.0,-167.7485238512864
979600.0,-168.1798993676265
979800.0,-168.61542682590954
980000.0,-169.05519359664487
980200.0,-169.49928969441515
980400.0,-169.94780784985412
980600.0,-170.40084358619373
980800.0,-170.85849530090374
981000.0,-171.3208643529902
981200.0,-171.78805515651942
981400.0,-172.2601752809827
981600.0,-172.73733555913765
981800.0,-173.21965020298703
982000.0,-173.70723692859414
982200.0,-174.20021709046443
982400.0,-174.6987158262553
982600.0,-175.20286221262108
982800.0,-175.7127894330316
983000.0,-176.22863495846903
983200.0,-176.7505407419246
983400.0,-177.27865342770247
983600.0,-177.8131245765884
983800.0,-178.354110907995
984000.0,-178.90177456029764
984200.0,-179.45628337063002
984400.0,-180.01781117551894
984600.0,-180.58653813383532
984800.0,-181.1626510736578
985000.0,-181.74634386476842
985200.0,-182.3378178186508
985400.0,-182.9372821180229
985600.0,-183.5449542781144
985800.0,-184.16106064210527
986000.0,-184.78583691338397
986200.0,-185.41952872751102
986400.0,-186.06239226710446
986600.0,-186.71469492315265
986800.0,-187.3767160066582
987000.0,-188.04874751491548
987200.0,-188.73109495719405
987400.0,-189.4240782451448
987600.0,-190.128032653831
987800.0,-190.8433098599774
988000.0,-191.5702790648046
988200.0,-192.3093282096892
988400.0,-193.0608652939023
988600.0,-193.82531980481613
988800.0,-194.6031442722886
989000.0,-195.394815960408
989200.0,-196.20083871154034
989400.0,-197.0217449595632
989600.0,-197.85809793146865
989800.0,-198.7104940591772
990000.0,-199.5795656264066
990200.0,-200.46598367905065
990400.0,-201.37046123162176
990600.0,-202.29375680716672
990800.0,-203.23667835372348
991000.0,-204.20008758704088
991200.0,-205.18490481718067
991400.0,-206.19211432587377
991600.0,-207.22277037259948
991800.0,-208.27800392054652
992000.0,-209.35903018935971
992200.0,-210.46715716062573
992400.0,-211.60379518494196
992600.0,-212.77046786724455
992800.0,-213.96882444101323
993000.0,-215.20065388351813
993200.0,-216.46790107548074
993400.0,-217.77268537198395
993600.0,-219.11732203049877
993800.0,-220.5043470410665
994000.0,-221.93654602882677
994200.0,-223.4169880582276
994400.0,-224.9490653720912
994600.0,-226.53654036187376
994800.0,-228.18360140816705
995000.0,-229.8949296808078
995200.0,-231.67577958545436
995400.0,-233.53207634465974
995600.0,-235.47053528782382
995800.0,-237.49880891557396
996000.0,-239.62566987799306
996200.0,-241.861240932393
996400.0,-244.2172871400997
996600.0,-246.70759167669598
996800.0,-249.34844571662066
997000.0,-252.15929664099573
997200.0,-255.1636202345223
997400.0,-258.3901166869654
997600.0,-261.8743863015665
997800.0,-265.6613360857207
998000.0,-269.80873663045134
998200.0,-274.3926594464299
998400.0,-279.5161303271745
998600.0,-285.323591409221
998800.0,-292.02658708526735
999000.0,-299.95308100346404
999200.0,-309.6525061662597
999400.0,-322.15485984941085
999600.0,-339.77252320244895
999800.0,-369.884118551046
1000000.0,-1574.3866374912316
1000200.0,-369.9014869487312
1000400.0,-339.8072599991682
1000600.0,-322.2069650479801
1000800.0,-309.7219797708342
1001000.0,-300.0399230196034
1001200.0,-292.1307975199256
1001400.0,-285.4451702707266
1001600.0,-279.655077625257
1001800.0,-274.5489751922185
1002000.0,-269.98242083644624
1002200.0,-265.8523887658167
1002400.0,-262.08280747105414
1002600.0,-258.61590636252174
1002800.0,-255.4067784342142
1003000.0,-252.41982338427994
1003200.0,-249.62634102434563
1003400.0,-247.00285557109237
1003600.0,-244.52991964479753
1003800.0,-242.1912420724115
1004000.0,-239.9730396797332
1004200.0,-237.86354740683305
1004400.0,-235.85264249778754
1004600.0,-233.9315523039022
1004800.0,-232.09262432594372
1005000.0,-230.32914323589927
1005200.0,-228.63518381260465
1005400.0,-227.00549165179052
1005600.0,-225.43538558501584
1005800.0,-223.92067723307517
1006000.0,-222.45760420590045
1006200.0,-221.04277426206357
1006400.0,-219.67311833850263
1006600.0,-218.3458508114701
1006800.0,-217.05843569231646
1007000.0,-215.80855772495897
1007200.0,-214.59409755570323
1007400.0,-213.41311030521965
1007600.0,-212.2638069976299
1007800.0,-211.144538400842
1008000.0,-210.0537809113109
1008200.0,-208.99012417983013
1008400.0,-207.9522602262005
1008600.0,-206.93897383217094
1008800.0,-205.94913403594325
1009000.0,-204.98168657942557
1009200.0,-204.0356471822775
1009400.0,-203.11009553583102
1009600.0,-202.20416992572513
1009800.0,-201.317062405313
1010000.0,-200.44801445293905
1010200.0,-199.59631305547953
1010400.0,-198.7612871684325
1010600.0,-197.94230450947077
1010800.0,-197.13876864806684
1011000.0,-196.35011635861477
1011200.0,-195.57581520862996
1011400.0,-194.81536135713833
1011600.0,-194.06827754144015
1011800.0,-193.33411123307047
1012000.0,-192.6124329460469
1012200.0,-191.90283468248788
1012400.0,-191.20492850241016
1012600.0,-190.5183452059836
1012800.0,-189.84273311787405
1013000.0,-189.17775696440842
1013200.0,-188.52309683532835
1013400.0,-187.87844722275494
1013600.0,-187.24351613078514
1013800.0,-186.618024249808
1014000.0,-186.00170419022547
1014200.0,-185.3942997708106
1014400.0,-184.7955653573959
1014600.0,-184.2052652479844
1014800.0,-183.62317310078552
1015000.0,-183.04907140196275
1015200.0,-182.48275097018933
1015400.0,-181.92401049537293
1015600.0,-181.37265610912434
1015800.0,-180.8285009847559
1016000.0,-180.29136496478768
1016200.0,-179.76107421408557
1016400.0,-179.23746089690843
1016600.0,-178.72036287627225
1016800.0,-178.20962343415556
1017000.0,-177.70509101116616
1017200.0,-177.20661896439057
1017400.0,-176.71406534223055
1017600.0,-176.22729267509712
1017800.0,-175.7461677809111
1018000.0,-175.2705615844107
1018200.0,-174.8003489493314
1018400.0,-174.33540852256095
1018600.0,-173.8756225894275
1018800.0,-173.42087693932118
1019000.0,-172.9710607408775
1019200.0,-172.52606642599645
1019400.0,-172.08578958200616
1019600.0,-171.65012885129346
1019800.0,-171.2189858377799
1020000.0,-170.79226501962782
1020200.0,-170.36987366759615
1020400.0,-169.95172176849536
1020600.0,-169.53772195320926
1020800.0,-169.12778942878538
1021000.0,-168.72184191410813
1021200.0,-168.3197995787077
1021400.0,-167.92158498427622
1021600.0,-167.52712302847584
1021800.0,-167.13634089067583
1022000.0,-166.74916797925388
1022200.0,-166.36553588013314
1022400.0,-165.98537830625642
1022600.0,-165.608631047716
1022800.0,-165.23523192228396
1023000.0,-164.86512072612382
1023200.0,-164.49823918447612
1023400.0,-164.13453090214415
1023600.0,-163.77394131362888
1023800.0,-163.41641763279358
1024000.0,-163.0619088019473
1024200.0,-162.71036544028274
1024400.0,-162.36173979160998
1024600.0,-162.0159856713576
1024800.0,-161.6730584128344
1025000.0,-161.3329148127697
1025200.0,-160.9955130761608
1025400.0,-160.6608127604866
1025600.0,-160.32877471935615
1025800.0,-159.9993610456837
1026000.0,-159.6725350144913
1026200.0,-159.3482610254573
1026400.0,-159.0265045453459
1026600.0,-158.70723205045
1026800.0,-158.39041096920798
1027000.0,-158.07600962514786
1027200.0,-157.76399718032417
1027400.0,-157.4543435794194
1027600.0,-157.14701949468207
1027800.0,-156.84199627187616
1028000.0,-156.53924587741832
1028200.0,-156.2387408468747
1028400.0,-155.94045423499287
1028600.0,-155.6443595674271
1028800.0,-155.35043079433044
1029000.0,-155.0586422459616
1029200.0,-154.76896859045416
1029400.0,-154.48138479389144
1029600.0,-154.19586608281222
1029800.0,-153.9123879092651
1030000.0,-153.63092591852205
1030200.0,-153.35145591954205
1030400.0,-153.0739538582656
1030600.0,-152.79839579380823
1030800.0,-152.52475787760852
1031000.0,-152.25301633556137
1031200.0,-151.98314745316918
1031400.0,-151.7151275637106
1031600.0,-151.44893303942214
1031800.0,-151.18454028566927
1032000.0,-150.92192573806628
1032200.0,-150.66106586248975
1032400.0,-150.40193715791298
1032600.0,-150.144516161979
1032800.0,-149.88877945920763
1033000.0,-149.63470369171915
1033200.0,-149.38226557234958
1033400.0,-149.13144190000645
1033600.0,-148.88220957711394
1033800.0,-148.63454562897562
1034000.0,-148.38842722487522
1034200.0,-148.14383170072404
1034400.0,-147.90073658305295
1034600.0,-147.65911961414622
1034800.0,-147.41895877809364
1035000.0,-147.18023232754592
1035200.0,-146.94291881094478
1035400.0,-146.7069970999967
1035600.0,-146.47244641716244
1035800.0,-146.2392463629301
1036000.0,-146.00737694264137
1036200.0,-145.77681859264365
1036400.0,-145.547552205545
1036600.0,-145.3195591543581
1036800.0,-145.0928213153173
1037000.0,-144.86732108917496
1037200.0,-144.6430414207837
1037400.0,-144.41996581678373
1037600.0,-144.19807836123485
1037800.0,-143.97736372903995
1038000.0,-143.75780719702118
1038200.0,-143.53939465253666
1038400.0,-143.32211259953056
1038600.0,-143.10594816193566
1038800.0,-142.89088908436477
1039000.0,-142.67692373004706
1039200.0,-142.46404107598036
1039400.0,-142.25223070530032
1039600.0,-142.0414827968784
1039800.0,-141.83178811218608
1040000.0,-141.62313797947755
1040200.0,-141.41552427537067
1040400.0,-141.20893940391315
1040600.0,-141.00337627325064
1040800.0,-140.7988282700229
1041000.0,-140.59528923163404
1041200.0,-140.39275341655477
1041400.0,-140.1912154728335
1041600.0,-139.99067040500097
1041800.0,-139.79111353956654
1042000.0,-139.59254048931467
1042200.0,-139.3949471166184
1042400.0,-139.19832949598924
1042600.0,-139.00268387609603
1042800.0,-138.80800664148254
1043000.0,-138.61429427421842
1043200.0,-138.4215433157173
1043400.0,-138.2297503289561
1043600.0,-138.03891186132904
1043800.0,-137.84902440835788
1044000.0,-137.66008437848663
1044200.0,-137.4720880591725
1044400.0,-137.28503158447813
1044600.0,-137.09891090436713
1044800.0,-136.91372175588822
1045000.0,-136.72945963642013
1045200.0,-136.54611977914695
1045400.0,-136.36369713090707
1045600.0,-136.18218633255375
1045800.0,-136.00158170194678
1046000.0,-135.82187721967924
1046200.0,-135.6430665176249
1046400.0,-135.46514287037886
1046600.0,-135.28809918964387
1046800.0,-135.11192802159582
1047000.0,-134.93662154724703
1047200.0,-134.7621715858063
1047400.0,-134.58856960101298
1047600.0,-134.41580671041086
1047800.0,-134.24387369750315
1048000.0,-134.07276102671523
1048200.0,-133.90245886107158
1048400.0,-133.73295708247838
1048600.0,-133.56424531448482
1048800.0,-133.39631294737924
1049000.0,-133.22914916546256
1049200.0,-133.062742976325
1049400.0,-132.8970832419361
1049600.0,-132.73215871135105
1049800.0,-132.56795805481767
1050000.0,-132.40446989906033
1050200.0,-132.24168286351073
1050400.0,-132.0795855972397
1050600.0,-131.91816681634714
1050800.0,-131.75741534155293
1051000.0,-131.59732013573463
1051200.0,-131.43787034115493
1051400.0,-131.27905531611626
1051600.0,-131.12086467079112
1051800.0,-130.96328830197305
1052000.0,-130.80631642649854
1052200.0,-130.64993961310387
1052400.0,-130.4941488124822
1052600.0,-130.33893538532087
1052800.0,-130.18429112811174
1053000.0,-130.03020829654113
1053200.0,-129.87667962627643
1053400.0,-129.72369835099474
1053600.0,-129.57125821750662
1053800.0,-129.4193534978514
1054000.0,-129.26797899826485
1054200.0,-129.1171300649356
1054400.0,-128.96680258649226
1054600.0,-128.81699299318765
1054800.0,-128.66769825276572
1055000.0,-128.51891586302423
1055200.0,-128.37064384110488
1055400.0,-128.22288070957345
1055600.0,-128.0756254793661
1055800.0,-127.92887762970742
1056000.0,-127.78263708512463
1056200.0,-127.63690418970208
1056400.0,-127.49167967874084
1056600.0,-127.3469646480078
1056800.0,-127.20276052077232
1057000.0,-127.05906901284624
1057200.0,-126.91589209585707
1057400.0,-126.77323195899574
1057600.0,-126.63109096948921
1057800.0,-126.48947163206108
1058000.0,-126.34837654764503
1058200.0,-126.2078083716253
1058400.0,-126.06776977187826
1058600.0,-125.92826338689305
1058800.0,-125.7892917842471
1059000.0,-125.65085741970982
1059200.0,-125.51296259724367
1059400.0,-125.37560943016896
1059600.0,-125.23879980374511
1059800.0,-125.102535339418
1060000.0,-124.96681736097062
1060200.0,-124.83164686279729
1060400.0,-124.69702448051817
1060600.0,-124.56295046412785
1060800.0,-124.42942465385754
1061000.0,-124.29644645891796
1061200.0,-124.16401483926647
1061400.0,-124.03212829052578
1061600.0,-123.9007848321638
1061800.0,-123.76998199902006
1062000.0,-123.639716836247
1062200.0,-123.50998589770856
1062400.0,-123.38078524786332
1062600.0,-123.2521104671303
1062800.0,-123.12395666071777
1063000.0,-122.99631847087205
1063200.0,-122.86919009247984
1063400.0,-122.7425652919358
1063600.0,-122.61643742916735
1063800.0,-122.49079948268266
1064000.0,-122.36564407749093
1064200.0,-122.24096351572055
1064400.0,-122.11674980974414
1064600.0,-121.99299471759568
1064800.0,-121.86968978045388
1065000.0,-121.74682636194285
1065200.0,-121.62439568898901
1065400.0,-121.50238889396098
1065600.0,-121.38079705780278
1065800.0,-121.25961125386328
1066000.0,-121.13882259211562
1066200.0,-121.01842226345155
1066400.0,-120.8984015837363
1066600.0,-120.77875203729957
1066800.0,-120.65946531954567
1067000.0,-120.54053337836378
1067200.0,-120.42194845402301
1067400.0,-120.30370311724877
1067600.0,-120.18579030518211
1067800.0,-120.0682033549364
1068000.0,-119.95093603448225
1068200.0,-119.83398257060551
1068400.0,-119.71733767370236
1068600.0,-119.60099655919959
1068800.0,-119.48495496540684
1069000.0,-119.36920916763509
1069200.0,-119.25375598844097
1069400.0,-119.13859280388613
1069600.0,-119.0237175457288
1069800.0,-118.90912869949315
1070000.0,-118.79482529839922
1070200.0,-118.68080691316045
1070400.0,-118.56707363769287
1070600.0,-118.45362607081103
1070800.0,-118.34046529401593
1071000.0,-118.22759284551383
1071200.0,-118.11501069063345
1071400.0,-118.00272118884189
1071600.0,-117.8907270575833
1071800.0,-117.77903133319742
1072000.0,-117.667637329196
1072200.0,-117.5565485922005
1072400.0,-117.44576885586878
1072600.0,-117.33530199315484
1072800.0,-117.22515196726442
1073000.0,-117.11532278168768
1073200.0,-117.00581842969754
1073400.0,-116.89664284372
1073600.0,-116.78779984498365
1073800.0,-116.6792930938673
1074000.0,-116.5711260413648
1074200.0,-116.46330188208549
1074400.0,-116.35582350921058
1074600.0,-116.248693471819
1074800.0,-116.14191393498773
1075000.0,-116.0354866430657
1075200.0,-115.92941288650663
1075400.0,-115.82369347263088
1075600.0,-115.71832870067205
1075800.0,-115.61331834144434
1076000.0,-115.50866162194347
1076200.0,-115.40435721517463
1076400.0,-115.30040323547169
1076600.0,-115.19679723954603
1076800.0,-115.09353623347336
1077000.0,-114.99061668579489
1077200.0,-114.88803454687738
1077400.0,-114.78578527463732
1077600.0,-114.68386386670258
1077800.0,-114.58226489904303
1078000.0,-114.48098257106011
1078200.0,-114.38001075708995
1078400.0,-114.279343064226
1078600.0,-114.17897289632629
1078800.0,-114.07889352402889
1079000.0,-113.97909816054991
1079200.0,-113.87958004299877
1079400.0,-113.78033251889943
1079600.0,-113.6813491375621
1079800.0,-113.58262374590906
1080000.0,-113.48415058831633
1080200.0,-113.3859244099942
1080400.0,-113.28794056339191
1080600.0,-113.1901951170785
1080800.0,-113.09268496652068
1081000.0,-112.99540794614954
1081200.0,-112.89836294208676
1081400.0,-112.80155000488053
1081600.0,-112.70497046158793
1081800.0,-112.60862702653051
1082000.0,-112.51252391004766
1082200.0,-112.41666692457416
1082400.0,-112.3210635873757
1082600.0,-112.2257232192907
1082800.0,-112.13065703884897
1083000.0,-112.03587825115892
1083200.0,-111.94140213099386
1083400.0,-111.84724609953996
1083600.0,-111.7534297943144
1083800.0,-111.65997513180992
1084000.0,-111.56690636247421
1084200.0,-111.47425011768931
1084400.0,-111.38203544847626
1084600.0,-111.29029385571258
1084800.0,-111.19905931171593
1085000.0,-111.10836827310992
1085200.0,-111.0182596849598
1085400.0,-110.92877497622763
1085600.0,-110.83995804666215
1085800.0,-110.75185524530465
1086000.0,-110.66451534085019
1086200.0,-110.57798948416178
1086400.0,-110.49233116329154
1086600.0,-110.40759615140956
1086800.0,-110.32384244808705
1087000.0,-110.24113021442224
1087200.0,-110.15952170252848
1087400.0,-110.079081179936
1087600.0,-109.99987484947917
1087800.0,-109.92197076526085
1088000.0,-109.84543874529254
1088200.0,-109.77035028142082
1088400.0,-109.69677844714433
1088600.0,-109.62479780392579
1088800.0,-109.55448430658954
1089000.0,-109.4859152083836
1089200.0,-109.41916896626564
1089400.0,-109.35432514694938
1089600.0,-109.29146433422319
1089800.0,-109.23066803802618
1090000.0,-109.17201860573238
1090200.0,-109.11559913606696
1090400.0,-109.06149339604154
1090600.0,-109.00978574126171
1090800.0,-108.96056103992761
1091000.0,-108.91390460081135
1091200.0,-108.86990210546253
1091400.0,-108.82863954485944
1091600.0,-108.79020316069105
1091800.0,-108.75467939142393
1092000.0,-108.72215482327825
1092200.0,-108.69271614621162
1092400.0,-108.66645011498063
1092600.0,-108.64344351532779
1092800.0,-108.62378313532074
1093000.0,-108.60755574184975
1093200.0,-108.59484806227206
1093400.0,-108.5857467711793
1093600.0,-108.5803384822485
1093800.0,-108.5787097451278
1094000.0,-108.58094704730078
1094200.0,-108.58713682086601
1094400.0,-108.59736545416314
1094600.0,-108.61171930817886
1094800.0,-108.63028473766109
1095000.0,-108.65314811687378
1095200.0,-108.6803958699291
1095400.0,-108.71211450563756
1095600.0,-108.74839065682218
1095800.0,-108.78931112405569
1096000.0,-108.83496292378445
1096200.0,-108.88543334081825
1096400.0,-108.94080998517592
1096600.0,-109.001180853292
1096800.0,-109.06663439360565
1097000.0,-109.1372595765697
1097200.0,-109.21314596913767
1097400.0,-109.29438381380615
1097600.0,-109.38106411231267
1097800.0,-109.47327871411112
1098000.0,-109.5711204097774
1098200.0,-109.67468302951846
1098400.0,-109.7840615469946
1098600.0,-109.89935218869257
1098800.0,-110.02065254912426
1099000.0,-110.14806171216264
1099200.0,-110.28168037886869
1099400.0,-110.42161100220652
1099600.0,-110.56795792909456
1099800.0,-110.72082755029237
1100000.0,-110.88032845868428
1100200.0,-111.04657161658197
1100400.0,-111.21967053274426
1100600.0,-111.3997414498889
1100800.0,-111.58690354355872
1101000.0,-111.78127913330555
1101200.0,-111.98299390726265
1101400.0,-112.19217716129805
1101600.0,-112.4089620540833
1101800.0,-112.63348587956148
1102000.0,-112.865890358477
1102200.0,-113.10632195082707
1102400.0,-113.35493219131779
1102600.0,-113.61187805016331
1102800.0,-113.87732232185931
1103000.0,-114.15143404489292
1103200.0,-114.43438895573314
1103400.0,-114.72636998088488
1103600.0,-115.02756777129596
1103800.0,-115.33818128398812
1104000.0,-115.65841841646488
1104200.0,-115.98849670023523
1104400.0,-116.32864406071194
1104600.0,-116.67909965182083
1104800.0,-117.0401147749199
1105000.0,-117.41195389312227
1105200.0,-117.79489575387016
1105400.0,-118.1892346347086
1105600.0,-118.59528172969313
1105800.0,-119.01336669685048
1106000.0,-119.44383939069505
1106200.0,-119.88707180812543
1106400.0,-120.34346028126936
1106600.0,-120.81342795722864
1106800.0,-121.29742761249082
1107000.0,-121.79594485940243
1107200.0,-122.30950181399443
1107400.0,-122.83866130928502
1107600.0,-123.38403175674607
1107800.0,-123.94627278203592
1108000.0,-124.52610179082798
1108200.0,-125.12430165857957
1108400.0,-125.7417297871075
1108600.0,-126.37932883453358
1108800.0,-127.03813950872359
1109000.0,-127.71931592496712
1109200.0,-128.4241441766357
1109400.0,-129.1540649676907
1109600.0,-129.9107014298627
1109800.0,-130.69589362710212
1110000.0,-131.511741783868
1110200.0,-132.36066103612956
1110400.0,-133.24545161058057
1110600.0,-134.1693899739734
1110800.0,-135.13634896398406
1111000.0,-136.15095872540218
1111200.0,-137.21882631193526
1111400.0,-138.3468416496214
1111600.0,-139.5436141134029
1111800.0,-140.82011289383095
1112000.0,-142.1906371028852
1112200.0,-143.6743428666936
1112400.0,-145.29776126674417
1112600.0,-147.09919472235782
1112800.0,-149.13697207968167
1113000.0,-151.5065067477214
1113200.0,-154.38054949090971
1113400.0,-158.12512372189573
1113600.0,-163.7714843405236
1113800.0,-177.76254289656663
1114000.0,-169.4770760639868
1114200.0,-162.72652237121335
1114400.0,-159.41627793854582
1114600.0,-157.3522483436707
1114800.0,-155.94199021989542
1115000.0,-154.93771216866477
1115200.0,-154.21178446845195
1115400.0,-153.68959648745437
1115600.0,-153.32356300854062
1115800.0,-153.08129209989596
1116000.0,-152.93955419074598
1116200.0,-152.8809373417123
1116400.0,-152.89186598863574
1116600.0,-152.96136365663412
1116800.0,-153.0802466047036
1117000.0,-153.24058051437444
1117200.0,-153.43530593114826
1117400.0,-153.65797765439922
1117600.0,-153.9025854507574
1117800.0,-154.1634363251817
1118000.0,-154.4350861020386
1118200.0,-154.71231230355403
1118400.0,-154.9901223897941
1118600.0,-155.26379201572638
1118800.0,-155.52892755915155
1119000.0,-155.7815462109053
1119200.0,-156.01816582443175
1119400.0,-156.23589590392143
1119600.0,-156.43252090162122
1119800.0,-156.6065676004183
1120000.0,-156.75734980791324
1120200.0,-156.88498575713555
1120400.0,-156.99038624554947
1120600.0,-157.07521433813315
1120800.0,-157.14182009470343
1121000.0,-157.19315596872184
1121200.0,-157.23268004027568
1121400.0,-157.26425495750047
1121600.0,-157.29205035175852
1121800.0,-157.32045567798568
1122000.0,-157.35400913068327
1122200.0,-157.39734678659647
1122400.0,-157.45517471613394
1122600.0,-157.532265735278
1122800.0,-157.63348191745717
1123000.0,-157.76382406209487
1123200.0,-157.9285101005913
1123400.0,-158.13308598128205
1123600.0,-158.38357503325986
1123800.0,-158.68667535230423
1124000.0,-159.05001964338263
1124200.0,-159.48251840425365
1124400.0,-159.99481501868468
1124600.0,-160.59988772395852
1124800.0,-161.31382834027272
1125000.0,-162.15677513820336
1125200.0,-163.15375366930334
1125400.0,-164.3343544467894
1125600.0,-165.72722360153068
1125800.0,-167.3350158711386
1126000.0,-169.04453095189922
1126200.0,-170.40035037336722
1126400.0,-170.54908984486474
1126600.0,-169.26196689423358
1126800.0,-167.3316703782582
1127000.0,-165.394074114549
1127200.0,-163.653913769991
1127400.0,-162.13487337561727
1127600.0,-160.8135631349006
1127800.0,-159.66029617527354
1128000.0,-158.6490480065589
1128200.0,-157.75892372466484
1128400.0,-156.97355464861005
1128600.0,-156.28017056833886
1128800.0,-155.66878138469892
1129000.0,-155.13154005445006
1129200.0,-154.66226687491226
1129400.0,-154.2560993353889
1129600.0,-153.90923572081357
1129800.0,-153.6187481658198
1130000.0,-153.38244763899348
1130200.0,-153.19878860745635
1130400.0,-153.06680506125076
1130600.0,-152.98607252291052
1130800.0,-152.9566929656823
1131000.0,-152.9793014993982
1131200.0,-153.05509549805868
1131400.0,-153.18588877679215
1131600.0,-153.37419574451698
1131800.0,-153.62335351183725
1132000.0,-153.93769422134847
1132200.0,-154.32278614083094
1132400.0,-154.78577146982272
1132600.0,-155.33584305566717
1132800.0,-155.98492353084242
1133000.0,-156.74864046066403
1133200.0,-157.6477253292151
1133400.0,-158.7099661898445
1133600.0,-159.97263486311198
1133800.0,-161.48407394917595
1134000.0,-163.29709652686302
1134200.0,-165.41874974949
1134400.0,-167.5744476583033
1134600.0,-168.65603266006462
1134800.0,-167.569043049497
1135000.0,-165.33737013187312
1135200.0,-163.11165445757067
1135400.0,-161.19147069426262
1135600.0,-159.5751068156753
1135800.0,-158.21017463284954
1136000.0,-157.0479175969902
1136200.0,-156.05063947378204
1136400.0,-155.19024726185916
1136600.0,-154.44581775752005
1136800.0,-153.80162033495805
1137000.0,-153.24569778040222
1137200.0,-152.76887789714982
1137400.0,-152.36408686026286
1137600.0,-152.02586934359024
1137800.0,-151.75005095759656
1138000.0,-151.53350030075597
1138200.0,-151.3739625450948
1138400.0,-151.26994620534617
1138600.0,-151.22065132673336
1138800.0,-151.22593196865427
1139000.0,-151.28628936740762
1139200.0,-151.40289510432845
1139400.0,-151.57764644087314
1139600.0,-151.81325913896896
1139800.0,-152.11340705765676
1140000.0,-152.4829232563483
1140200.0,-152.92808517347407
1140400.0,-153.45701801135257
1140600.0,-154.08026745366823
1140800.0,-154.8116166195386
1141000.0,-155.66924986073101
1141200.0,-156.67737418591082
1141400.0,-157.86828580382095
1141600.0,-159.2841249384365
1141800.0,-160.97404113991723
1142000.0,-162.96660946224296
1142200.0,-165.1330318684141
1142400.0,-166.75299161296874
1142600.0,-166.51273819370215
1142800.0,-164.62703946998835
1143000.0,-162.408444933939
1143200.0,-160.41633818218656
1143400.0,-158.72654567787043
1143600.0,-157.3013653996959
1143800.0,-156.0921857847502
1144000.0,-155.05883704970884
1144200.0,-154.170782966221
1144400.0,-153.40515570777927
1144600.0,-152.74475716043736
1144800.0,-152.17653361960947
1145000.0,-151.6904891411419
1145200.0,-151.27892392537896
1145400.0,-150.93590030421376
1145600.0,-150.6568666094358
1145800.0,-150.4383916531408
1146000.0,-150.2779783612389
1146200.0,-150.17393582917046
1146400.0,-150.12529637055968
1146600.0,-150.1317692491986
1146800.0,-150.19372659007777
1147000.0,-150.31222007101042
1147200.0,-150.48902987778487
1147400.0,-150.72675048401467
1147600.0,-151.02892154734275
1147800.0,-151.40021714695968
1148000.0,-151.84671344797275
1148200.0,-152.37626455652975
1148400.0,-152.99902960495126
1148600.0,-153.72821026997897
1148800.0,-154.58106938730305
1149000.0,-155.58027342062326
1149200.0,-156.75539579105802
1149400.0,-158.14348913927455
1149600.0,-159.7837906554125
1149800.0,-161.68615590422502
1150000.0,-163.69925689116258
1150200.0,-165.15851497554002
1150400.0,-164.9721179097546
1150600.0,-163.29223349360845
1150800.0,-161.22600422966582
1151000.0,-159.32051790443327
1151200.0,-157.68095415091602
1151400.0,-156.28742310890263
1151600.0,-155.10003372047464
1151800.0,-154.08292886509483
1152000.0,-153.20782058768063
1152200.0,-152.45308243551798
1152400.0,-151.8022391166975
1152600.0,-151.24267820107536
1152800.0,-150.76468473322387
1153000.0,-150.36074480818283
1153200.0,-150.02504820541816
1153400.0,-149.75313369023627
1153600.0,-149.54163647470233
1153800.0,-149.38810995194333
1154000.0,-149.29090292858152
1154200.0,-149.24908002390333
1154400.0,-149.26237754637856
1154600.0,-149.3311906751287
1154800.0,-149.45659068331963
1155000.0,-149.64037364923246
1155200.0,-149.88514497931396
1155400.0,-150.19444749059164
1155600.0,-150.57294520017354
1155800.0,-151.02668080921484
1156000.0,-151.5634325003735
1156200.0,-152.19320463909
1156400.0,-152.92889365639556
1156600.0,-153.78715995396166
1156800.0,-154.78945553786806
1157000.0,-155.96281577698213
1157200.0,-157.33874092009648
1157400.0,-158.9437843840754
1157600.0,-160.75887272690122
1157800.0,-162.57993014958328
1158000.0,-163.74408991593359
1158200.0,-163.41135124078153
1158400.0,-161.84168333332178
1158600.0,-159.93602456723758
1158800.0,-158.15281663094478
1159000.0,-156.5978497296945
1159200.0,-155.26378832348823
1159400.0,-154.11992739228293
1159600.0,-153.13606110723848
1159800.0,-152.28733209914387
1160000.0,-151.554247581526
1160200.0,-150.9217043672331
1160400.0,-150.37800300161257
1160600.0,-149.91405596318216
1160800.0,-149.5227937083011
1161000.0,-149.1987296912544
1161200.0,-148.93764482088028
1161400.0,-148.73636021293697
1161600.0,-148.59257570429443
1161800.0,-148.50475849206552
1162000.0,-148.47207145001835
1162200.0,-148.4943345788738
1162400.0,-148.57201610474038
1162600.0,-148.7062523394194
1162800.0,-148.8988978720254
1163000.0,-149.15261026921775
1163200.0,-149.47097650630474
1163400.0,-149.85869209879615
1163600.0,-150.32180850288862
1163800.0,-150.8680694658045
1164000.0,-151.50736061587585
1164200.0,-152.2522913301374
1164400.0,-153.11888968406248
1164600.0,-154.12724247306483
1164800.0,-155.30140027280032
1165000.0,-156.66615397958753
1165200.0,-158.2326341072262
1165400.0,-159.94764192872788
1165600.0,-161.5519501967068
1165800.0,-162.4030490221407
1166000.0,-161.9083742586969
1166200.0,-160.4174013119079
1166400.0,-158.6566189220616
1166600.0,-156.99532572664694
1166800.0,-155.53022918421763
1167000.0,-154.2619644767598
1167200.0,-153.16751255288784
1167400.0,-152.22195958164266
1167600.0,-151.4038857958746
1167800.0,-150.69603860622823
1168000.0,-150.0848061115638
1168200.0,-149.55950808676505
1168400.0,-149.11177263412168
1168600.0,-148.735045960836
1168800.0,-148.42422263791457
1169000.0,-148.1753720774813
1169200.0,-147.9855390115884
1169400.0,-147.85260073034073
1169600.0,-147.77516863900888
1169800.0,-147.75252565254863
1170000.0,-147.78459409625924
1170200.0,-147.87193136405443
1170400.0,-148.01575284756967
1170600.0,-148.21798381512698
1170800.0,-148.48134421370884
1171000.0,-148.8094729468384
1171200.0,-149.20710112494936
1171400.0,-149.68028685529242
1171600.0,-150.23672613638217
1171800.0,-150.88615143981778
1172000.0,-151.64080973804863
1172200.0,-152.51593998389575
1172400.0,-153.52994142671693
1172600.0,-154.70321904991442
1172800.0,-156.05253358428968
1173000.0,-157.5712892116721
1173200.0,-159.1704700500412
1173400.0,-160.5462926656312
1173600.0,-161.10901491092488
1173800.0,-160.48393190810017
1174000.0,-159.06154374116056
1174200.0,-157.42727513893593
1174400.0,-155.8775630349827
1174600.0,-154.4980671228649
1174800.0,-153.29431703901474
1175000.0,-152.2493071272444
1175200.0,-151.34263757245986
1175400.0,-150.55597625684373
1175600.0,-149.87415554704708
1175800.0,-149.28498829654706
1176000.0,-148.77878781027948
1176200.0,-148.347890945721
1176400.0,-147.98626130018624
1176600.0,-147.6891797883246
1176800.0,-147.45301078138996
1177000.0,-147.27502918770787
1177200.0,-147.15329588868767
1177400.0,-147.08657197371966
1177600.0,-147.07426508985705
1177800.0,-147.11640369959707
1178000.0,-147.2136371702624
1178200.0,-147.3672615453038
1178400.0,-147.57927271293556
1178600.0,-147.85245061609018
1178800.0,-148.19048017747633
1179000.0,-148.59811659154155
1179200.0,-149.08140384849963
1179400.0,-149.6479536160668
1179600.0,-150.30728077359188
1179800.0,-151.07115495771154
1180000.0,-151.95381722265714
1180200.0,-152.9715938245639
1180400.0,-154.1405336800339
1180600.0,-155.4681409611581
1180800.0,-156.92858852438755
1181000.0,-158.3986439274879
1181200.0,-159.5470743221408
1181400.0,-159.86220325647102
1181600.0,-159.14372368441923
1181800.0,-157.78514453427056
1182000.0,-156.26064215316663
1182200.0,-154.810289570458
1182400.0,-153.50930243403948
1182600.0,-152.36613859712475
1182800.0,-151.3683910268789
1183000.0,-150.49938151465093
1183200.0,-149.74344066117598
1183400.0,-149.08725592047267
1183600.0,-148.5199375436819
1183800.0,-148.0327198764917
1184000.0,-147.6186061937097
1184200.0,-147.27205216737798
1184400.0,-146.98870958675093
1184600.0,-146.76522811360527
1184800.0,-146.5991066100791
1185000.0,-146.48858535238165
1185200.0,-146.43257204031056
1185400.0,-146.43059648368782
1185600.0,-146.48279073651568
1185800.0,-146.58989317025362
1186000.0,-146.75327658571084
1186200.0,-146.97500200997172
1186400.0,-147.25790134368035
1186600.0,-147.60569341982773
1186800.0,-148.02313886708527
1187000.0,-148.51623820559286
1187200.0,-149.0924715050688
1187400.0,-149.76105805658108
1187600.0,-150.53315823702496
1187800.0,-151.42178720486487
1188000.0,-152.4408004416681
1188200.0,-153.60121563327138
1188400.0,-154.90029660103713
1188600.0,-156.29247055660832
1188800.0,-157.62467686461602
1189000.0,-158.55694128949193
1189200.0,-158.66808724982303
1189400.0,-157.88723221490034
1189600.0,-156.58853091517875
1189800.0,-155.1594173013594
1190000.0,-153.7968398570786
1190200.0,-152.56685804306383
1190400.0,-151.47960748177957
1190600.0,-150.52617298385388
1190800.0,-149.69290567497123
1191000.0,-148.96639451090314
1191200.0,-148.33494616037467
1191400.0,-147.78882786934554
1191600.0,-147.32010913922232
1191800.0,-146.9224055784301
1192000.0,-146.59062986980211
1192200.0,-146.32078126589838
1192400.0,-146.109778594615
1192600.0,-145.95533316768908
1192800.0,-145.85585608050303
1193000.0,-145.81039487416407
1193200.0,-145.81859576128218
1193400.0,-145.88068900584673
1193600.0,-145.99749640699952
1193800.0,-146.17046113342954
1194000.0,-146.4017013697997
1194200.0,-146.69409031001206
1194400.0,-147.05136569276272
1194600.0,-147.47827159558693
1194800.0,-147.9807317440407
1195000.0,-148.5660425441209
1195200.0,-149.24304406757463
1195400.0,-150.02214984648327
1195600.0,-150.9149193000267
1195800.0,-151.9323559225
1196000.0,-153.07985772712524
1196200.0,-154.3437926524957
1196400.0,-155.65935100358527
1196600.0,-156.849981582604
1196800.0,-157.58380321768266
1197000.0,-157.53104128270104
1197200.0,-156.71111285286062
1197400.0,-155.46827567150126
1197600.0,-154.12243655873166
1197800.0,-152.8373797571502
1198000.0,-151.67134269964794
1198200.0,-150.635339678435
1198400.0,-149.723104192576
1198600.0,-148.9234437863681
1198800.0,-148.22485052422414
1199000.0,-147.6170327939384
1199200.0,-147.091279859981
1199400.0,-146.6404106609796
1199600.0,-146.2585972507971
1199800.0,-145.9411718710553
1200000.0,-145.68445542235708
