host_time_s,delta_ms,frame_index,timestamp,total_points,current_index,done,freq_hz,amp_dbm
0.011945,,2,1,4096,0,0,50000000,-83.188118
0.026447,14.501,3,1,4096,1,0,50150000,-83.257622
0.026466,0.019,4,1,4096,2,0,50300000,-84.911751
0.043910,17.444,5,1,4096,3,0,50450000,-83.319542
0.043925,0.014,6,1,4096,4,0,50600000,-83.194466
0.058434,14.510,7,1,4096,5,0,50750000,-84.615715
0.058448,0.014,8,1,4096,6,0,50900000,-84.204811
0.075952,17.504,9,1,4096,7,0,51050000,-83.806313
0.075966,0.014,10,1,4096,8,0,51200000,-83.162025
0.091011,15.045,11,1,4096,9,0,51350000,-83.649544
0.091023,0.012,12,1,4096,10,0,51500000,-83.253654
0.091028,0.006,13,1,4096,11,0,51650000,-83.631691
0.108948,17.919,14,1,4096,12,0,51800000,-83.602608
0.108959,0.012,15,1,4096,13,0,51950000,-83.154823
0.123514,14.555,16,1,4096,14,0,52100000,-83.091225
0.123537,0.023,17,1,4096,15,0,52250000,-83.373863
0.138184,14.647,18,1,4096,16,0,52400000,-85.026421
0.138196,0.012,19,1,4096,17,0,52550000,-83.383247
0.155712,17.516,20,1,4096,18,0,52700000,-83.951637
0.155726,0.015,21,1,4096,19,0,52850000,-84.775948
0.170214,14.488,22,1,4096,20,0,53000000,-84.830971
0.170229,0.014,23,1,4096,21,0,53150000,-82.728249
0.187712,17.483,24,1,4096,22,0,53300000,-77.138130
0.187724,0.012,25,1,4096,23,0,53450000,-83.203621
0.187728,0.004,26,1,4096,24,0,53600000,-83.202110
0.202199,14.471,27,1,4096,25,0,53750000,-84.413734
0.202210,0.011,28,1,4096,26,0,53900000,-83.515907
0.219713,17.503,29,1,4096,27,0,54050000,-85.153511
0.219725,0.012,30,1,4096,28,0,54200000,-83.710579
0.234211,14.486,31,1,4096,29,0,54350000,-84.907722
0.234230,0.019,32,1,4096,30,0,54500000,-83.588463
0.251736,17.506,33,1,4096,31,0,54650000,-84.080238
0.251750,0.013,34,1,4096,32,0,54800000,-83.538033
0.266175,14.425,35,1,4096,33,0,54950000,-84.148918
0.266187,0.012,36,1,4096,34,0,55100000,-84.187843
0.284171,17.983,37,1,4096,35,0,55250000,-84.068840
0.284182,0.012,38,1,4096,36,0,55400000,-83.515739
0.284187,0.005,39,1,4096,37,0,55550000,-83.263924
0.299186,14.999,40,1,4096,38,0,55700000,-84.071114
0.299200,0.014,41,1,4096,39,0,55850000,-83.926979
0.314171,14.971,42,1,4096,40,0,56000000,-84.324135
0.314183,0.013,43,1,4096,41,0,56150000,-83.912712
0.332192,18.008,44,1,4096,42,0,56300000,-83.395927
0.332205,0.013,45,1,4096,43,0,56450000,-83.927132
0.347185,14.980,46,1,4096,44,0,56600000,-82.803978
0.347198,0.013,47,1,4096,45,0,56750000,-84.009987
0.364691,17.493,48,1,4096,46,0,56900000,-84.485268
0.364703,0.012,49,1,4096,47,0,57050000,-83.102943
0.379261,14.559,50,1,4096,48,0,57200000,-83.840996
0.379277,0.016,51,1,4096,49,0,57350000,-84.412025
0.379282,0.005,52,1,4096,50,0,57500000,-84.200905
0.396709,17.427,53,1,4096,51,0,57650000,-83.474144
0.396723,0.014,54,1,4096,52,0,57800000,-83.679527
0.411215,14.492,55,1,4096,53,0,57950000,-85.591698
0.411226,0.011,56,1,4096,54,0,58100000,-83.811638
0.428734,17.508,57,1,4096,55,0,58250000,-83.594933
0.428752,0.017,58,1,4096,56,0,58400000,-83.704185
0.443229,14.477,59,1,4096,57,0,58550000,-82.724510
0.443243,0.014,60,1,4096,58,0,58700000,-84.049629
0.460902,17.659,61,1,4096,59,0,58850000,-84.037102
0.460922,0.020,62,1,4096,60,0,59000000,-84.343544
0.475394,14.472,63,1,4096,61,0,59150000,-83.577324
0.475410,0.015,64,1,4096,62,0,59300000,-83.740196
0.475416,0.006,65,1,4096,63,0,59450000,-84.564156
0.492856,17.440,66,1,4096,64,0,59600000,-85.137428
0.492873,0.017,67,1,4096,65,0,59750000,-83.954659
0.507524,14.652,68,1,4096,66,0,59900000,-83.687996
0.507543,0.019,69,1,4096,67,0,60050000,-82.741600
0.525068,17.525,70,1,4096,68,0,60200000,-84.167656
0.525087,0.019,71,1,4096,69,0,60350000,-83.811028
0.539573,14.486,72,1,4096,70,0,60500000,-82.783302
0.539594,0.020,73,1,4096,71,0,60650000,-84.569588
0.557011,17.417,74,1,4096,72,0,60800000,-83.817955
0.557024,0.013,75,1,4096,73,0,60950000,-84.244759
0.571572,14.549,76,1,4096,74,0,61100000,-84.066475
0.571587,0.015,77,1,4096,75,0,61250000,-84.860695
0.571593,0.006,78,1,4096,76,0,61400000,-84.180321
0.589580,17.987,79,1,4096,77,0,61550000,-84.248833
0.589600,0.021,80,1,4096,78,0,61700000,-83.531517
0.604586,14.986,81,1,4096,79,0,61850000,-84.411568
0.604607,0.020,82,1,4096,80,0,62000000,-84.038948
0.619151,14.544,83,1,4096,81,0,62150000,-84.721550
0.619184,0.033,84,1,4096,82,0,62300000,-83.678429
0.637059,17.875,85,1,4096,83,0,62450000,-85.206276
0.637079,0.020,86,1,4096,84,0,62600000,-83.179298
0.651199,14.120,87,1,4096,85,0,62750000,-83.235008
0.651220,0.020,88,1,4096,86,0,62900000,-84.483360
0.668325,17.105,89,1,4096,87,0,63050000,-84.333473
0.668344,0.019,90,1,4096,88,0,63200000,-84.584343
0.668352,0.008,91,1,4096,89,0,63350000,-82.961937
0.683237,14.886,92,1,4096,90,0,63500000,-83.864861
0.683249,0.012,93,1,4096,91,0,63650000,-83.434090
0.700297,17.048,94,1,4096,92,0,63800000,-84.632408
0.700313,0.016,95,1,4096,93,0,63950000,-84.508125
0.715290,14.978,96,1,4096,94,0,64100000,-83.434914
0.715305,0.014,97,1,4096,95,0,64250000,-83.193245
0.732049,16.744,98,1,4096,96,0,64400000,-84.550865
0.732068,0.019,99,1,4096,97,0,64550000,-83.754890
0.746619,14.551,100,1,4096,98,0,64700000,-83.387718
0.746633,0.014,101,1,4096,99,0,64850000,-83.717018
0.764185,17.552,102,1,4096,100,0,65000000,-83.578255
0.764201,0.015,103,1,4096,101,0,65150000,-84.114906
0.764207,0.006,104,1,4096,102,0,65300000,-83.689003
0.778580,14.374,105,1,4096,103,0,65450000,-83.776375
0.778594,0.013,106,1,4096,104,0,65600000,-84.285072
0.796095,17.502,107,1,4096,105,0,65750000,-84.049446
0.796109,0.013,108,1,4096,106,0,65900000,-83.916725
0.810969,14.861,109,1,4096,107,0,66050000,-83.614769
0.810985,0.016,110,1,4096,108,0,66200000,-84.575417
0.828454,17.469,111,1,4096,109,0,66350000,-82.970375
0.828469,0.014,112,1,4096,110,0,66500000,-83.106209
0.843479,15.010,113,1,4096,111,0,66650000,-83.302422
0.843498,0.020,114,1,4096,112,0,66800000,-83.417900
0.858483,14.985,115,1,4096,113,0,66950000,-83.647789
0.858497,0.014,116,1,4096,114,0,67100000,-83.811180
0.858502,0.005,117,1,4096,115,0,67250000,-84.284599
0.875979,17.477,118,1,4096,116,0,67400000,-84.410271
0.875992,0.013,119,1,4096,117,0,67550000,-83.098671
0.890483,14.491,120,1,4096,118,0,67700000,-83.816231
0.890495,0.012,121,1,4096,119,0,67850000,-84.424110
0.908510,18.014,122,1,4096,120,0,68000000,-82.867378
0.908524,0.015,123,1,4096,121,0,68150000,-83.516319
0.923497,14.973,124,1,4096,122,0,68300000,-83.276192
0.923514,0.016,125,1,4096,123,0,68450000,-83.381355
0.941021,17.508,126,1,4096,124,0,68600000,-84.454872
0.941034,0.012,127,1,4096,125,0,68750000,-83.719704
0.956043,15.010,128,1,4096,126,0,68900000,-84.016594
0.956058,0.014,129,1,4096,127,0,69050000,-84.676872
0.956064,0.006,130,1,4096,128,0,69200000,-83.368584
0.972525,16.462,131,1,4096,129,0,69350000,-84.130745
0.972538,0.013,132,1,4096,130,0,69500000,-83.007133
0.987538,15.000,133,1,4096,131,0,69650000,-82.964149
0.987555,0.017,134,1,4096,132,0,69800000,-84.304253
1.004530,16.975,135,1,4096,133,0,69950000,-84.479057
1.004543,0.013,136,1,4096,134,0,70100000,-83.396965
1.019541,14.998,137,1,4096,135,0,70250000,-83.705711
1.019554,0.013,138,1,4096,136,0,70400000,-83.993294
1.036560,17.006,139,1,4096,137,0,70550000,-84.140160
1.036573,0.013,140,1,4096,138,0,70700000,-83.682579
1.051566,14.993,141,1,4096,139,0,70850000,-83.759560
1.051579,0.013,142,1,4096,140,0,71000000,-84.334770
1.051585,0.005,143,1,4096,141,0,71150000,-84.422691
1.068565,16.981,144,1,4096,142,0,71300000,-82.612740
1.068578,0.013,145,1,4096,143,0,71450000,-84.060997
1.083558,14.980,146,1,4096,144,0,71600000,-83.377113
1.083571,0.012,147,1,4096,145,0,71750000,-83.929268
1.100561,16.990,148,1,4096,146,0,71900000,-83.274025
1.100572,0.012,149,1,4096,147,0,72050000,-83.261436
1.115572,14.999,150,1,4096,148,0,72200000,-84.004417
1.115587,0.015,151,1,4096,149,0,72350000,-84.364555
1.130146,14.559,152,1,4096,150,0,72500000,-84.558052
1.130158,0.012,153,1,4096,151,0,72650000,-84.163002
1.148162,18.004,154,1,4096,152,0,72800000,-84.373680
1.148175,0.013,155,1,4096,153,0,72950000,-83.829018
1.148180,0.005,156,1,4096,154,0,73100000,-83.808342
1.162209,14.028,157,1,4096,155,0,73250000,-84.590096
1.162223,0.015,158,1,4096,156,0,73400000,-84.120399
1.179734,17.510,159,1,4096,157,0,73550000,-84.381248
1.179755,0.021,160,1,4096,158,0,73700000,-83.686592
1.194226,14.471,161,1,4096,159,0,73850000,-83.035576
1.194239,0.013,162,1,4096,160,0,74000000,-82.853874
1.212216,17.977,163,1,4096,161,0,74150000,-84.249565
1.212229,0.013,164,1,4096,162,0,74300000,-82.424568
1.226775,14.547,165,1,4096,163,0,74450000,-85.114281
1.226789,0.014,166,1,4096,164,0,74600000,-83.456627
1.244798,18.008,167,1,4096,165,0,74750000,-83.985542
1.244810,0.013,168,1,4096,166,0,74900000,-83.768333
1.244815,0.005,169,1,4096,167,0,75050000,-84.889854
1.258739,13.924,170,1,4096,168,0,75200000,-83.869362
1.258754,0.015,171,1,4096,169,0,75350000,-83.740074
1.276255,17.501,172,1,4096,170,0,75500000,-84.155708
1.276269,0.014,173,1,4096,171,0,75650000,-83.757164
1.290757,14.488,174,1,4096,172,0,75800000,-84.154076
1.290774,0.017,175,1,4096,173,0,75950000,-83.768135
1.308814,18.040,176,1,4096,174,0,76100000,-83.897255
1.308831,0.017,177,1,4096,175,0,76250000,-84.167183
1.323444,14.613,178,1,4096,176,0,76400000,-85.095879
1.323458,0.014,179,1,4096,177,0,76550000,-83.993095
1.323464,0.005,180,1,4096,178,0,76700000,-82.798180
1.338423,14.959,181,1,4096,179,0,76850000,-83.967155
1.338437,0.014,182,1,4096,180,0,77000000,-84.470009
1.355437,17.000,183,1,4096,181,0,77150000,-84.934456
1.355450,0.013,184,1,4096,182,0,77300000,-83.662437
1.372435,16.985,185,1,4096,183,0,77450000,-82.998360
1.372452,0.016,186,1,4096,184,0,77600000,-83.689812
1.386961,14.509,187,1,4096,185,0,77750000,-83.978828
1.386974,0.013,188,1,4096,186,0,77900000,-83.960487
1.404481,17.507,189,1,4096,187,0,78050000,-83.845589
1.404496,0.015,190,1,4096,188,0,78200000,-84.898674
1.419040,14.544,191,1,4096,189,0,78350000,-84.112175
1.419061,0.021,192,1,4096,190,0,78500000,-83.491585
1.419070,0.009,193,1,4096,191,0,78650000,-85.186256
1.436481,17.411,194,1,4096,192,0,78800000,-83.694817
1.436496,0.015,195,1,4096,193,0,78950000,-85.013420
1.450966,14.471,196,1,4096,194,0,79100000,-83.845695
1.450979,0.013,197,1,4096,195,0,79250000,-84.221413
1.467988,17.008,198,1,4096,196,0,79400000,-83.334190
1.468003,0.015,199,1,4096,197,0,79550000,-83.609825
1.482514,14.511,200,1,4096,198,0,79700000,-84.555397
1.482528,0.014,201,1,4096,199,0,79850000,-80.556831
1.500155,17.627,202,1,4096,200,0,80000000,-78.551659
1.500177,0.023,203,1,4096,201,0,80150000,-79.730492
1.514606,14.429,204,1,4096,202,0,80300000,-83.936012
1.514625,0.019,205,1,4096,203,0,80450000,-83.347023
1.514632,0.007,206,1,4096,204,0,80600000,-82.728447
1.531983,17.351,207,1,4096,205,0,80750000,-84.232124
1.532001,0.018,208,1,4096,206,0,80900000,-84.083778
1.546613,14.612,209,1,4096,207,0,81050000,-84.698357
1.546628,0.015,210,1,4096,208,0,81200000,-83.905556
1.564586,17.957,211,1,4096,209,0,81350000,-84.101158
1.564600,0.015,212,1,4096,210,0,81500000,-83.546089
1.579482,14.882,213,1,4096,211,0,81650000,-84.685036
1.579505,0.022,214,1,4096,212,0,81800000,-83.272499
1.596534,17.030,215,1,4096,213,0,81950000,-83.826576
1.596549,0.015,216,1,4096,214,0,82100000,-83.121941
1.611566,15.017,217,1,4096,215,0,82250000,-82.838081
1.611580,0.014,218,1,4096,216,0,82400000,-84.138359
1.611585,0.004,219,1,4096,217,0,82550000,-83.734871
1.626363,14.778,220,1,4096,218,0,82700000,-83.557625
1.626377,0.014,221,1,4096,219,0,82850000,-83.853889
1.644383,18.006,222,1,4096,220,0,83000000,-83.579201
1.644397,0.014,223,1,4096,221,0,83150000,-84.031578
1.659437,15.040,224,1,4096,222,0,83300000,-84.408546
1.659454,0.017,225,1,4096,223,0,83450000,-82.908791
1.676922,17.468,226,1,4096,224,0,83600000,-82.957100
1.676937,0.015,227,1,4096,225,0,83750000,-84.117867
1.691235,14.298,228,1,4096,226,0,83900000,-83.797157
1.691249,0.014,229,1,4096,227,0,84050000,-83.423134
1.708761,17.512,230,1,4096,228,0,84200000,-82.515511
1.708775,0.014,231,1,4096,229,0,84350000,-83.544716
1.708781,0.006,232,1,4096,230,0,84500000,-82.200630
1.723291,14.510,233,1,4096,231,0,84650000,-83.804161
1.723310,0.019,234,1,4096,232,0,84800000,-83.802315
1.740837,17.527,235,1,4096,233,0,84950000,-84.039482
1.740863,0.026,236,1,4096,234,0,85100000,-84.219887
1.755612,14.749,237,1,4096,235,0,85250000,-83.767403
1.755633,0.021,238,1,4096,236,0,85400000,-83.513390
1.770064,14.431,239,1,4096,237,0,85550000,-83.703728
1.770078,0.014,240,1,4096,238,0,85700000,-83.399956
1.788072,17.994,241,1,4096,239,0,85850000,-82.789146
1.788086,0.014,242,1,4096,240,0,86000000,-83.412529
1.802592,14.506,243,1,4096,241,0,86150000,-82.490868
1.802606,0.014,244,1,4096,242,0,86300000,-83.347954
1.802611,0.006,245,1,4096,243,0,86450000,-84.416267
1.820083,17.472,246,1,4096,244,0,86600000,-83.561882
1.820097,0.014,247,1,4096,245,0,86750000,-83.180687
1.834604,14.507,248,1,4096,246,0,86900000,-84.064735
1.834617,0.013,249,1,4096,247,0,87050000,-84.452492
1.852092,17.476,250,1,4096,248,0,87200000,-83.348213
1.852106,0.014,251,1,4096,249,0,87350000,-82.710777
1.866100,13.994,252,1,4096,250,0,87500000,-84.357735
1.866112,0.012,253,1,4096,251,0,87650000,-83.826561
1.883612,17.500,254,1,4096,252,0,87800000,-83.113472
1.883623,0.011,255,1,4096,253,0,87950000,-83.648476
1.898140,14.517,256,1,4096,254,0,88100000,-84.492088
1.898152,0.012,257,1,4096,255,0,88250000,-83.669899
1.898158,0.006,258,1,4096,256,0,88400000,-83.684227
1.915637,17.478,259,1,4096,257,0,88550000,-84.565819
1.915651,0.014,260,1,4096,258,0,88700000,-83.517555
1.930136,14.486,261,1,4096,259,0,88850000,-83.127586
1.930154,0.018,262,1,4096,260,0,89000000,-83.709236
1.948142,17.988,263,1,4096,261,0,89150000,-83.494713
1.948156,0.013,264,1,4096,262,0,89300000,-84.497551
1.963367,15.212,265,1,4096,263,0,89450000,-83.262688
1.963381,0.014,266,1,4096,264,0,89600000,-83.176720
1.980376,16.995,267,1,4096,265,0,89750000,-82.571037
1.980390,0.015,268,1,4096,266,0,89900000,-83.675728
1.994945,14.554,269,1,4096,267,0,90050000,-83.475166
1.994959,0.014,270,1,4096,268,0,90200000,-84.438255
1.994970,0.011,271,1,4096,269,0,90350000,-83.977211
2.012376,17.407,272,1,4096,270,0,90500000,-83.579094
2.012398,0.022,273,1,4096,271,0,90650000,-83.767845
2.026875,14.477,274,1,4096,272,0,90800000,-83.841072
2.026887,0.011,275,1,4096,273,0,90950000,-83.575203
2.044936,18.049,276,1,4096,274,0,91100000,-83.188118
2.044949,0.013,277,1,4096,275,0,91250000,-84.297234
2.059405,14.456,278,1,4096,276,0,91400000,-83.760353
2.059427,0.022,279,1,4096,277,0,91550000,-83.873146
2.074390,14.963,280,1,4096,278,0,91700000,-84.175621
2.074401,0.011,281,1,4096,279,0,91850000,-83.757301
2.091491,17.091,282,1,4096,280,0,92000000,-83.125114
2.091505,0.014,283,1,4096,281,0,92150000,-83.113930
2.091511,0.006,284,1,4096,282,0,92300000,-84.711723
2.106457,14.947,285,1,4096,283,0,92450000,-83.794884
2.106469,0.011,286,1,4096,284,0,92600000,-83.381554
2.124018,17.550,287,1,4096,285,0,92750000,-84.614998
2.124039,0.020,288,1,4096,286,0,92900000,-84.142769
2.138479,14.441,289,1,4096,287,0,93050000,-84.390984
2.138492,0.012,290,1,4096,288,0,93200000,-83.273293
2.156017,17.525,291,1,4096,289,0,93350000,-84.443962
2.156031,0.014,292,1,4096,290,0,93500000,-83.120872
2.170202,14.171,293,1,4096,291,0,93650000,-85.669838
2.170215,0.013,294,1,4096,292,0,93800000,-84.297630
2.188659,18.444,295,1,4096,293,0,93950000,-83.027733
2.188673,0.014,296,1,4096,294,0,94100000,-83.122429
2.188678,0.005,297,1,4096,295,0,94250000,-83.197975
2.203474,14.796,298,1,4096,296,0,94400000,-84.584419
2.203487,0.012,299,1,4096,297,0,94550000,-83.967415
2.218501,15.014,300,1,4096,298,0,94700000,-83.847298
2.218516,0.015,301,1,4096,299,0,94850000,-83.449577
2.236005,17.489,302,1,4096,300,0,95000000,-84.815285
2.236020,0.015,303,1,4096,301,0,95150000,-83.840172
2.250090,14.070,304,1,4096,302,0,95300000,-83.614326
2.250104,0.015,305,1,4096,303,0,95450000,-83.534477
2.267585,17.481,306,1,4096,304,0,95600000,-84.504234
2.267600,0.015,307,1,4096,305,0,95750000,-83.987480
2.282081,14.480,308,1,4096,306,0,95900000,-83.970894
2.282093,0.012,309,1,4096,307,0,96050000,-83.222359
2.282097,0.004,310,1,4096,308,0,96200000,-84.259331
2.299596,17.499,311,1,4096,309,0,96350000,-84.488411
2.299612,0.016,312,1,4096,310,0,96500000,-83.477379
2.314093,14.481,313,1,4096,311,0,96650000,-83.473427
2.314107,0.013,314,1,4096,312,0,96800000,-83.877083
2.331596,17.489,315,1,4096,313,0,96950000,-83.878471
2.331610,0.014,316,1,4096,314,0,97100000,-82.778450
2.346124,14.513,317,1,4096,315,0,97250000,-84.989830
2.346138,0.014,318,1,4096,316,0,97400000,-84.424080
2.363631,17.493,319,1,4096,317,0,97550000,-83.324944
2.363645,0.014,320,1,4096,318,0,97700000,-83.748787
2.363650,0.005,321,1,4096,319,0,97850000,-84.562080
2.380610,16.960,322,1,4096,320,0,98000000,-83.078712
2.380622,0.012,323,1,4096,321,0,98150000,-84.928520
2.395130,14.508,324,1,4096,322,0,98300000,-83.886528
2.395142,0.012,325,1,4096,323,0,98450000,-83.976006
2.412634,17.491,326,1,4096,324,0,98600000,-83.180672
2.412646,0.013,327,1,4096,325,0,98750000,-83.618507
2.427140,14.494,328,1,4096,326,0,98900000,-84.556709
2.427154,0.013,329,1,4096,327,0,99050000,-83.056831
2.444631,17.477,330,1,4096,328,0,99200000,-83.884743
2.444643,0.012,331,1,4096,329,0,99350000,-83.099739
2.459197,14.554,332,1,4096,330,0,99500000,-83.621986
2.459215,0.019,333,1,4096,331,0,99650000,-84.382866
2.459221,0.006,334,1,4096,332,0,99800000,-83.534203
2.476758,17.536,335,1,4096,333,0,99950000,-83.670631
2.476772,0.014,336,1,4096,334,0,100100000,-84.429848
2.491461,14.690,337,1,4096,335,0,100250000,-83.938042
2.491475,0.014,338,1,4096,336,0,100400000,-84.096931
2.506059,14.584,339,1,4096,337,0,100550000,-83.473198
2.506073,0.014,340,1,4096,338,0,100700000,-83.397560
2.524048,17.976,341,1,4096,339,0,100850000,-83.334755
2.524060,0.012,342,1,4096,340,0,101000000,-83.880028
2.538737,14.676,343,1,4096,341,0,101150000,-84.248024
2.538750,0.013,344,1,4096,342,0,101300000,-84.709572
2.556313,17.563,345,1,4096,343,0,101450000,-82.911919
2.556328,0.014,346,1,4096,344,0,101600000,-82.577385
2.556333,0.006,347,1,4096,345,0,101750000,-83.319283
2.570455,14.122,348,1,4096,346,0,101900000,-84.326149
2.570469,0.014,349,1,4096,347,0,102050000,-83.968452
2.587978,17.508,350,1,4096,348,0,102200000,-83.626869
2.587992,0.014,351,1,4096,349,0,102350000,-83.363319
2.602706,14.714,352,1,4096,350,0,102500000,-84.145241
2.602718,0.013,353,1,4096,351,0,102650000,-82.546532
2.620201,17.482,354,1,4096,352,0,102800000,-83.220451
2.620216,0.015,355,1,4096,353,0,102950000,-83.621101
2.634721,14.505,356,1,4096,354,0,103100000,-84.009621
2.634732,0.012,357,1,4096,355,0,103250000,-85.710152
2.652241,17.508,358,1,4096,356,0,103400000,-84.350655
2.652255,0.014,359,1,4096,357,0,103550000,-83.546089
2.652261,0.006,360,1,4096,358,0,103700000,-84.089165
2.666730,14.470,361,1,4096,359,0,103850000,-83.301598
2.666745,0.015,362,1,4096,360,0,104000000,-84.013420
2.684234,17.489,363,1,4096,361,0,104150000,-83.213326
2.684248,0.014,364,1,4096,362,0,104300000,-83.908821
2.698722,14.474,365,1,4096,363,0,104450000,-83.739067
2.698734,0.012,366,1,4096,364,0,104600000,-83.619865
2.716308,17.573,367,1,4096,365,0,104750000,-83.969032
2.716325,0.017,368,1,4096,366,0,104900000,-83.311226
2.731317,14.992,369,1,4096,367,0,105050000,-84.649651
2.731331,0.014,370,1,4096,368,0,105200000,-83.828621
2.746307,14.976,371,1,4096,369,0,105350000,-85.280556
2.746320,0.013,372,1,4096,370,0,105500000,-84.366570
2.746324,0.004,373,1,4096,371,0,105650000,-83.917488
2.764334,18.010,374,1,4096,372,0,105800000,-82.063728
2.764352,0.018,375,1,4096,373,0,105950000,-83.543739
2.779343,14.991,376,1,4096,374,0,106100000,-84.086678
2.779364,0.021,377,1,4096,375,0,106250000,-84.423241
2.794306,14.942,378,1,4096,376,0,106400000,-83.032753
2.794318,0.013,379,1,4096,377,0,106550000,-83.952110
2.812369,18.051,380,1,4096,378,0,106700000,-83.853188
2.812388,0.019,381,1,4096,379,0,106850000,-83.847755
2.827391,15.003,382,1,4096,380,0,107000000,-83.840782
2.827404,0.013,383,1,4096,381,0,107150000,-83.283913
2.827408,0.005,384,1,4096,382,0,107300000,-83.831596
2.844891,17.482,385,1,4096,383,0,107450000,-83.957268
2.844903,0.013,386,1,4096,384,0,107600000,-83.544746
2.859416,14.513,387,1,4096,385,0,107750000,-83.581902
2.859441,0.025,388,1,4096,386,0,107900000,-83.310234
2.874377,14.936,389,1,4096,387,0,108050000,-83.339790
2.874390,0.013,390,1,4096,388,0,108200000,-84.111992
2.892286,17.895,391,1,4096,389,0,108350000,-84.074974
2.892299,0.013,392,1,4096,390,0,108500000,-84.085732
2.906804,14.505,393,1,4096,391,0,108650000,-83.838875
2.906817,0.013,394,1,4096,392,0,108800000,-83.312263
2.924822,18.005,395,1,4096,393,0,108950000,-82.966255
2.924835,0.014,396,1,4096,394,0,109100000,-83.489632
2.924841,0.005,397,1,4096,395,0,109250000,-83.698570
2.939831,14.991,398,1,4096,396,0,109400000,-84.035851
2.939850,0.019,399,1,4096,397,0,109550000,-83.702034
2.954313,14.463,400,1,4096,398,0,109700000,-83.833107
2.954326,0.013,401,1,4096,399,0,109850000,-83.682243
2.971817,17.491,402,1,4096,400,0,110000000,-84.486687
2.971838,0.021,403,1,4096,401,0,110150000,-85.845253
2.986188,14.351,404,1,4096,402,0,110300000,-84.219475
2.986203,0.015,405,1,4096,403,0,110450000,-83.985985
3.003605,17.402,406,1,4096,404,0,110600000,-84.274391
3.003617,0.012,407,1,4096,405,0,110750000,-83.530327
3.018019,14.402,408,1,4096,406,0,110900000,-84.381294
3.018031,0.012,409,1,4096,407,0,111050000,-82.745033
3.018036,0.005,410,1,4096,408,0,111200000,-83.936668
3.035609,17.573,411,1,4096,409,0,111350000,-83.781334
3.035624,0.015,412,1,4096,410,0,111500000,-83.971794
3.050121,14.497,413,1,4096,411,0,111650000,-83.529198
3.050133,0.012,414,1,4096,412,0,111800000,-83.707039
3.067596,17.463,415,1,4096,413,0,111950000,-83.347237
3.067609,0.012,416,1,4096,414,0,112100000,-84.222862
3.082553,14.944,417,1,4096,415,0,112250000,-83.153999
3.082567,0.014,418,1,4096,416,0,112400000,-83.235283
3.099263,16.696,419,1,4096,417,0,112550000,-84.000847
3.099277,0.014,420,1,4096,418,0,112700000,-82.662117
3.116814,17.537,421,1,4096,419,0,112850000,-83.949501
3.116826,0.012,422,1,4096,420,0,113000000,-84.245506
3.116831,0.005,423,1,4096,421,0,113150000,-83.074654
3.131485,14.654,424,1,4096,422,0,113300000,-84.510124
3.131499,0.014,425,1,4096,423,0,113450000,-84.249382
3.146489,14.989,426,1,4096,424,0,113600000,-82.989342
3.146503,0.014,427,1,4096,425,0,113750000,-84.035332
3.163990,17.487,428,1,4096,426,0,113900000,-83.192665
3.164004,0.014,429,1,4096,427,0,114050000,-83.278496
3.178003,13.998,430,1,4096,428,0,114200000,-83.826271
3.178015,0.013,431,1,4096,429,0,114350000,-82.448112
3.195557,17.541,432,1,4096,430,0,114500000,-84.526390
3.195572,0.015,433,1,4096,431,0,114650000,-83.073326
3.210035,14.463,434,1,4096,432,0,114800000,-82.899422
3.210048,0.013,435,1,4096,433,0,114950000,-83.115837
3.210054,0.006,436,1,4096,434,0,115100000,-84.107231
3.227519,17.464,437,1,4096,435,0,115250000,-83.105721
3.227532,0.013,438,1,4096,436,0,115400000,-84.191444
3.242028,14.496,439,1,4096,437,0,115550000,-83.828636
3.242042,0.014,440,1,4096,438,0,115700000,-83.965904
3.258947,16.905,441,1,4096,439,0,115850000,-83.998177
3.258961,0.014,442,1,4096,440,0,116000000,-84.028572
3.273958,14.997,443,1,4096,441,0,116150000,-82.754646
3.273973,0.014,444,1,4096,442,0,116300000,-83.831474
3.291495,17.522,445,1,4096,443,0,116450000,-83.568642
3.291509,0.014,446,1,4096,444,0,116600000,-83.598366
3.306028,14.518,447,1,4096,445,0,116750000,-84.135796
3.306040,0.013,448,1,4096,446,0,116900000,-82.746315
3.306046,0.005,449,1,4096,447,0,117050000,-83.988670
3.323477,17.432,450,1,4096,448,0,117200000,-83.160194
3.323492,0.015,451,1,4096,449,0,117350000,-83.527901
3.338466,14.974,452,1,4096,450,0,117500000,-83.468697
3.338481,0.014,453,1,4096,451,0,117650000,-84.469963
3.356194,17.713,454,1,4096,452,0,117800000,-82.886055
3.356208,0.014,455,1,4096,453,0,117950000,-84.144783
3.370692,14.484,456,1,4096,454,0,118100000,-84.104576
3.370705,0.014,457,1,4096,455,0,118250000,-83.923210
3.388222,17.517,458,1,4096,456,0,118400000,-84.473259
3.388240,0.018,459,1,4096,457,0,118550000,-83.973091
3.388245,0.006,460,1,4096,458,0,118700000,-83.296257
3.402705,14.460,461,1,4096,459,0,118850000,-84.129143
3.402718,0.014,462,1,4096,460,0,119000000,-84.076408
3.420225,17.506,463,1,4096,461,0,119150000,-83.753456
3.420239,0.014,464,1,4096,462,0,119300000,-83.245720
3.434713,14.474,465,1,4096,463,0,119450000,-83.544701
3.434724,0.011,466,1,4096,464,0,119600000,-84.572929
3.452251,17.527,467,1,4096,465,0,119750000,-84.409660
3.452266,0.015,468,1,4096,466,0,119900000,-84.066170
3.466714,14.448,469,1,4096,467,0,120050000,-84.129768
3.466725,0.012,470,1,4096,468,0,120200000,-83.903252
3.484009,17.283,471,1,4096,469,0,120350000,-85.531624
3.484020,0.012,472,1,4096,470,0,120500000,-83.788948
3.484025,0.004,473,1,4096,471,0,120650000,-83.927635
3.498778,14.754,474,1,4096,472,0,120800000,-83.840279
3.498794,0.015,475,1,4096,473,0,120950000,-82.284065
3.516214,17.420,476,1,4096,474,0,121100000,-84.248375
3.516229,0.015,477,1,4096,475,0,121250000,-83.186623
3.530441,14.213,478,1,4096,476,0,121400000,-83.766777
3.530456,0.015,479,1,4096,477,0,121550000,-84.090172
3.547932,17.475,480,1,4096,478,0,121700000,-84.152000
3.547945,0.013,481,1,4096,479,0,121850000,-83.562492
3.562439,14.494,482,1,4096,480,0,122000000,-84.773537
3.562452,0.014,483,1,4096,481,0,122150000,-84.311394
3.580457,18.005,484,1,4096,482,0,122300000,-83.620323
3.580470,0.013,485,1,4096,483,0,122450000,-83.506996
3.580474,0.004,486,1,4096,484,0,122600000,-83.541405
3.594932,14.458,487,1,4096,485,0,122750000,-84.384773
3.594944,0.012,488,1,4096,486,0,122900000,-83.263847
3.612433,17.489,489,1,4096,487,0,123050000,-83.971901
3.612447,0.014,490,1,4096,488,0,123200000,-84.075600
3.626933,14.486,491,1,4096,489,0,123350000,-82.825951
3.626946,0.014,492,1,4096,490,0,123500000,-83.798851
3.644422,17.476,493,1,4096,491,0,123650000,-85.224510
3.644434,0.012,494,1,4096,492,0,123800000,-84.134499
3.658947,14.513,495,1,4096,493,0,123950000,-84.001213
3.658961,0.014,496,1,4096,494,0,124100000,-83.901634
3.673980,15.019,497,1,4096,495,0,124250000,-84.450981
3.673992,0.012,498,1,4096,496,0,124400000,-84.233955
3.673996,0.004,499,1,4096,497,0,124550000,-83.606102
3.692363,18.367,500,1,4096,498,0,124700000,-83.652672
3.692376,0.013,501,1,4096,499,0,124850000,-84.798454
3.707363,14.987,502,1,4096,500,0,125000000,-83.050194
3.707377,0.014,503,1,4096,501,0,125150000,-84.687675
3.724363,16.986,504,1,4096,502,0,125300000,-84.254448
3.724377,0.014,505,1,4096,503,0,125450000,-83.784386
3.739400,15.023,506,1,4096,504,0,125600000,-83.895821
3.739415,0.015,507,1,4096,505,0,125750000,-84.336769
3.753895,14.479,508,1,4096,506,0,125900000,-84.166206
3.753908,0.013,509,1,4096,507,0,126050000,-84.020805
3.771438,17.530,510,1,4096,508,0,126200000,-83.943443
3.771453,0.015,511,1,4096,509,0,126350000,-83.822395
3.771459,0.006,512,1,4096,510,0,126500000,-83.871941
3.786385,14.926,513,1,4096,511,0,126650000,-84.558281
3.786401,0.016,514,1,4096,512,0,126800000,-83.672157
3.804422,18.021,515,1,4096,513,0,126950000,-83.509041
3.804446,0.024,516,1,4096,514,0,127100000,-83.465858
3.818440,13.995,517,1,4096,515,0,127250000,-83.871681
3.818467,0.027,518,1,4096,516,0,127400000,-83.625298
3.835659,17.193,519,1,4096,517,0,127550000,-83.010643
3.835683,0.024,520,1,4096,518,0,127700000,-83.647621
3.850047,14.364,521,1,4096,519,0,127850000,-84.184685
3.850060,0.014,522,1,4096,520,0,128000000,-83.244652
3.850070,0.010,523,1,4096,521,0,128150000,-84.490883
3.867797,17.727,524,1,4096,522,0,128300000,-82.567085
3.867809,0.012,525,1,4096,523,0,128450000,-84.590736
3.882303,14.494,526,1,4096,524,0,128600000,-84.222435
3.882315,0.011,527,1,4096,525,0,128750000,-84.070717
3.899850,17.536,528,1,4096,526,0,128900000,-82.902931
3.899867,0.017,529,1,4096,527,0,129050000,-83.017967
3.914145,14.278,530,1,4096,528,0,129200000,-83.712440
3.914157,0.012,531,1,4096,529,0,129350000,-84.187141
3.932224,18.066,532,1,4096,530,0,129500000,-83.632591
3.932242,0.018,533,1,4096,531,0,129650000,-83.885216
3.946755,14.513,534,1,4096,532,0,129800000,-84.399223
3.946772,0.017,535,1,4096,533,0,129950000,-83.253807
3.946778,0.006,536,1,4096,534,0,130100000,-83.905235
3.964716,17.938,537,1,4096,535,0,130250000,-84.742683
3.964730,0.014,538,1,4096,536,0,130400000,-82.686440
3.979253,14.523,539,1,4096,537,0,130550000,-84.764580
3.979269,0.016,540,1,4096,538,0,130700000,-83.741096
3.996744,17.474,541,1,4096,539,0,130850000,-83.965935
3.996757,0.013,542,1,4096,540,0,131000000,-84.841591
4.011254,14.497,543,1,4096,541,0,131150000,-83.852943
4.011268,0.013,544,1,4096,542,0,131300000,-83.786980
4.028770,17.502,545,1,4096,543,0,131450000,-82.324547
4.028784,0.014,546,1,4096,544,0,131600000,-83.692116
4.043268,14.484,547,1,4096,545,0,131750000,-82.994698
4.043280,0.012,548,1,4096,546,0,131900000,-82.726036
4.043285,0.005,549,1,4096,547,0,132050000,-83.798439
4.060767,17.482,550,1,4096,548,0,132200000,-82.692207
4.060779,0.012,551,1,4096,549,0,132350000,-83.242851
4.075268,14.489,552,1,4096,550,0,132500000,-84.526192
4.075279,0.010,553,1,4096,551,0,132650000,-83.891426
4.092792,17.514,554,1,4096,552,0,132800000,-83.507942
4.092805,0.013,555,1,4096,553,0,132950000,-82.886009
4.107280,14.475,556,1,4096,554,0,133100000,-83.572075
4.107304,0.023,557,1,4096,555,0,133250000,-84.620995
4.124798,17.494,558,1,4096,556,0,133400000,-83.556587
4.124811,0.013,559,1,4096,557,0,133550000,-85.142265
4.139331,14.520,560,1,4096,558,0,133700000,-84.582115
4.139344,0.013,561,1,4096,559,0,133850000,-83.278450
4.139350,0.006,562,1,4096,560,0,134000000,-84.628151
4.153837,14.487,563,1,4096,561,0,134150000,-82.800957
4.153852,0.015,564,1,4096,562,0,134300000,-83.300011
4.171176,17.325,565,1,4096,563,0,134450000,-83.430504
4.171190,0.014,566,1,4096,564,0,134600000,-84.595970
4.188355,17.165,567,1,4096,565,0,134750000,-84.106026
4.188368,0.013,568,1,4096,566,0,134900000,-84.899696
4.202766,14.398,569,1,4096,567,0,135050000,-83.303276
4.202778,0.013,570,1,4096,568,0,135200000,-83.662956
4.220833,18.055,571,1,4096,569,0,135350000,-82.533821
4.220847,0.014,572,1,4096,570,0,135500000,-83.697807
4.235388,14.541,573,1,4096,571,0,135650000,-82.514961
4.235401,0.013,574,1,4096,572,0,135800000,-84.203346
4.235406,0.005,575,1,4096,573,0,135950000,-84.032722
4.250314,14.908,576,1,4096,574,0,136100000,-84.825844
4.250332,0.017,577,1,4096,575,0,136250000,-83.104698
4.267944,17.612,578,1,4096,576,0,136400000,-83.454994
4.267959,0.015,579,1,4096,577,0,136550000,-83.177315
4.282500,14.541,580,1,4096,578,0,136700000,-84.330971
4.282514,0.014,581,1,4096,579,0,136850000,-83.032066
4.300130,17.616,582,1,4096,580,0,137000000,-83.741844
4.300146,0.016,583,1,4096,581,0,137150000,-83.651360
4.314964,14.818,584,1,4096,582,0,137300000,-83.563972
4.314984,0.020,585,1,4096,583,0,137450000,-84.443825
4.314991,0.007,586,1,4096,584,0,137600000,-84.050133
4.332564,17.573,587,1,4096,585,0,137750000,-84.647835
4.332583,0.019,588,1,4096,586,0,137900000,-83.897926
4.348075,15.492,589,1,4096,587,0,138050000,-83.684334
4.348095,0.020,590,1,4096,588,0,138200000,-83.228050
4.362598,14.504,591,1,4096,589,0,138350000,-84.368568
4.362612,0.014,592,1,4096,590,0,138500000,-83.814308
4.380222,17.610,593,1,4096,591,0,138650000,-83.133537
4.380258,0.036,594,1,4096,592,0,138800000,-83.381935
4.394524,14.266,595,1,4096,593,0,138950000,-83.818657
4.394539,0.014,596,1,4096,594,0,139100000,-83.197960
4.412047,17.509,597,1,4096,595,0,139250000,-84.463799
4.412060,0.013,598,1,4096,596,0,139400000,-82.915703
4.412065,0.005,599,1,4096,597,0,139550000,-83.347298
4.426531,14.466,600,1,4096,598,0,139700000,-82.410072
4.426546,0.015,601,1,4096,599,0,139850000,-83.727821
4.444065,17.519,602,1,4096,600,0,140000000,-83.646599
4.444081,0.016,603,1,4096,601,0,140150000,-83.635155
4.458959,14.878,604,1,4096,602,0,140300000,-84.215584
4.458971,0.013,605,1,4096,603,0,140450000,-84.026558
4.475633,16.662,606,1,4096,604,0,140600000,-83.551689
4.475647,0.015,607,1,4096,605,0,140750000,-84.168526
4.490642,14.994,608,1,4096,606,0,140900000,-83.903542
4.490657,0.016,609,1,4096,607,0,141050000,-83.367180
4.508067,17.410,610,1,4096,608,0,141200000,-83.851707
4.508083,0.015,611,1,4096,609,0,141350000,-84.111168
4.508088,0.005,612,1,4096,610,0,141500000,-83.510994
4.523046,14.958,613,1,4096,611,0,141650000,-84.169930
4.523059,0.013,614,1,4096,612,0,141800000,-83.513374
4.540100,17.041,615,1,4096,613,0,141950000,-84.002510
4.540117,0.017,616,1,4096,614,0,142100000,-83.554024
4.555070,14.952,617,1,4096,615,0,142250000,-84.664650
4.555083,0.014,618,1,4096,616,0,142400000,-83.409065
4.572086,17.003,619,1,4096,617,0,142550000,-84.038490
4.572101,0.015,620,1,4096,618,0,142700000,-83.942955
4.587079,14.978,621,1,4096,619,0,142850000,-83.287178
4.587093,0.014,622,1,4096,620,0,143000000,-82.991997
4.604119,17.026,623,1,4096,621,0,143150000,-83.803413
4.604133,0.014,624,1,4096,622,0,143300000,-83.384956
4.604139,0.006,625,1,4096,623,0,143450000,-83.022682
4.619086,14.946,626,1,4096,624,0,143600000,-82.960899
4.619098,0.013,627,1,4096,625,0,143750000,-83.807930
4.636103,17.004,628,1,4096,626,0,143900000,-83.914909
4.636116,0.014,629,1,4096,627,0,144050000,-84.157280
4.651103,14.987,630,1,4096,628,0,144200000,-83.543800
4.651117,0.013,631,1,4096,629,0,144350000,-83.869576
4.668622,17.505,632,1,4096,630,0,144500000,-83.970787
4.668636,0.015,633,1,4096,631,0,144650000,-83.331734
4.683651,15.015,634,1,4096,632,0,144800000,-82.375099
4.683665,0.014,635,1,4096,633,0,144950000,-83.326637
4.683671,0.006,636,1,4096,634,0,145100000,-83.241020
4.698207,14.536,637,1,4096,635,0,145250000,-83.857063
4.698220,0.013,638,1,4096,636,0,145400000,-83.561546
4.715684,17.464,639,1,4096,637,0,145550000,-84.442924
4.715696,0.012,640,1,4096,638,0,145700000,-84.379265
4.730186,14.490,641,1,4096,639,0,145850000,-83.839165
4.730200,0.014,642,1,4096,640,0,146000000,-82.440315
4.747738,17.538,643,1,4096,641,0,146150000,-83.557426
4.747753,0.015,644,1,4096,642,0,146300000,-83.580193
4.762238,14.484,645,1,4096,643,0,146450000,-84.014656
4.762251,0.014,646,1,4096,644,0,146600000,-83.281319
4.779788,17.537,647,1,4096,645,0,146750000,-83.612648
4.779803,0.015,648,1,4096,646,0,146900000,-83.929482
4.779809,0.006,649,1,4096,647,0,147050000,-83.765617
4.794278,14.468,650,1,4096,648,0,147200000,-83.645576
4.794292,0.014,651,1,4096,649,0,147350000,-83.513252
4.811770,17.479,652,1,4096,650,0,147500000,-83.576408
4.811785,0.015,653,1,4096,651,0,147650000,-83.387321
4.826261,14.477,654,1,4096,652,0,147800000,-84.159859
4.826275,0.014,655,1,4096,653,0,147950000,-82.725319
4.843787,17.512,656,1,4096,654,0,148100000,-83.856224
4.843801,0.014,657,1,4096,655,0,148250000,-84.635994
4.858286,14.486,658,1,4096,656,0,148400000,-83.271996
4.858300,0.014,659,1,4096,657,0,148550000,-85.416954
4.875826,17.526,660,1,4096,658,0,148700000,-84.756889
4.875840,0.014,661,1,4096,659,0,148850000,-84.328026
4.875846,0.006,662,1,4096,660,0,149000000,-83.756386
4.889813,13.967,663,1,4096,661,0,149150000,-83.771568
4.889828,0.015,664,1,4096,662,0,149300000,-84.242622
4.907308,17.481,665,1,4096,663,0,149450000,-84.093071
4.907323,0.015,666,1,4096,664,0,149600000,-83.628685
4.921823,14.500,667,1,4096,665,0,149750000,-83.857033
4.921837,0.014,668,1,4096,666,0,149900000,-83.976799
4.939319,17.481,669,1,4096,667,0,150050000,-83.165047
4.939333,0.015,670,1,4096,668,0,150200000,-83.347298
4.956063,16.730,671,1,4096,669,0,150350000,-84.787712
4.956077,0.014,672,1,4096,670,0,150500000,-83.765968
4.956083,0.006,673,1,4096,671,0,150650000,-83.775017
4.971037,14.953,674,1,4096,672,0,150800000,-83.831001
4.971056,0.020,675,1,4096,673,0,150950000,-83.492256
4.988044,16.987,676,1,4096,674,0,151100000,-84.077354
4.988059,0.015,677,1,4096,675,0,151250000,-83.963707
5.003037,14.978,678,1,4096,676,0,151400000,-84.707390
5.003051,0.014,679,1,4096,677,0,151550000,-84.578697
5.020560,17.510,680,1,4096,678,0,151700000,-84.189354
5.020575,0.014,681,1,4096,679,0,151850000,-84.367088
5.035577,15.002,682,1,4096,680,0,152000000,-82.794670
5.035591,0.014,683,1,4096,681,0,152150000,-84.230186
5.050104,14.513,684,1,4096,682,0,152300000,-84.258186
5.050118,0.014,685,1,4096,683,0,152450000,-82.825157
5.050124,0.006,686,1,4096,684,0,152600000,-84.288628
5.068087,17.964,687,1,4096,685,0,152750000,-83.316765
5.068102,0.015,688,1,4096,686,0,152900000,-84.702202
5.082576,14.473,689,1,4096,687,0,153050000,-84.292763
5.082589,0.013,690,1,4096,688,0,153200000,-82.980400
5.100695,18.106,691,1,4096,689,0,153350000,-83.810677
5.100707,0.013,692,1,4096,690,0,153500000,-83.687508
5.115205,14.497,693,1,4096,691,0,153650000,-83.162590
5.115217,0.012,694,1,4096,692,0,153800000,-84.174522
5.129803,14.586,695,1,4096,693,0,153950000,-83.552071
5.129814,0.012,696,1,4096,694,0,154100000,-83.770531
5.147927,18.113,697,1,4096,695,0,154250000,-83.099281
5.147941,0.014,698,1,4096,696,0,154400000,-83.705040
5.147946,0.006,699,1,4096,697,0,154550000,-84.624992
5.162500,14.554,700,1,4096,698,0,154700000,-84.060432
5.162514,0.014,701,1,4096,699,0,154850000,-83.476830
5.180031,17.517,702,1,4096,700,0,155000000,-83.599251
5.180047,0.017,703,1,4096,701,0,155150000,-83.127586
5.194505,14.458,704,1,4096,702,0,155300000,-82.730873
5.194517,0.012,705,1,4096,703,0,155450000,-83.020576
5.212003,17.486,706,1,4096,704,0,155600000,-83.858086
5.212015,0.012,707,1,4096,705,0,155750000,-83.650887
5.226521,14.506,708,1,4096,706,0,155900000,-84.702675
5.226535,0.014,709,1,4096,707,0,156050000,-83.585152
5.244081,17.546,710,1,4096,708,0,156200000,-82.418007
5.244095,0.015,711,1,4096,709,0,156350000,-84.082390
5.244101,0.006,712,1,4096,710,0,156500000,-83.503517
5.258533,14.432,713,1,4096,711,0,156650000,-84.098991
5.258548,0.015,714,1,4096,712,0,156800000,-83.445869
5.276094,17.546,715,1,4096,713,0,156950000,-83.203300
5.276111,0.017,716,1,4096,714,0,157100000,-84.768715
5.290812,14.700,717,1,4096,715,0,157250000,-83.388206
5.290836,0.024,718,1,4096,716,0,157400000,-84.029991
5.308054,17.219,719,1,4096,717,0,157550000,-84.267494
5.308075,0.020,720,1,4096,718,0,157700000,-83.276878
5.322577,14.502,721,1,4096,719,0,157850000,-83.432564
5.322589,0.012,722,1,4096,720,0,158000000,-84.266579
5.322595,0.005,723,1,4096,721,0,158150000,-83.641212
5.340085,17.490,724,1,4096,722,0,158300000,-83.642433
5.340098,0.013,725,1,4096,723,0,158450000,-83.639626
5.354552,14.454,726,1,4096,724,0,158600000,-84.142433
5.354562,0.010,727,1,4096,725,0,158750000,-83.293419
5.372087,17.525,728,1,4096,726,0,158900000,-83.634468
5.372100,0.013,729,1,4096,727,0,159050000,-83.067375
5.386083,13.983,730,1,4096,728,0,159200000,-84.161324
5.386096,0.013,731,1,4096,729,0,159350000,-84.604027
5.403577,17.480,732,1,4096,730,0,159500000,-83.825233
5.403588,0.012,733,1,4096,731,0,159650000,-84.529564
5.418116,14.528,734,1,4096,732,0,159800000,-84.684563
5.418128,0.012,735,1,4096,733,0,159950000,-83.878242
5.418134,0.006,736,1,4096,734,0,160100000,-83.034462
5.435651,17.518,737,1,4096,735,0,160250000,-83.809074
5.435667,0.016,738,1,4096,736,0,160400000,-84.916359
5.450109,14.442,739,1,4096,737,0,160550000,-83.004250
5.450122,0.013,740,1,4096,738,0,160700000,-84.298607
5.467612,17.491,741,1,4096,739,0,160850000,-84.035622
5.467626,0.013,742,1,4096,740,0,161000000,-83.126732
5.482114,14.488,743,1,4096,741,0,161150000,-84.646889
5.482126,0.013,744,1,4096,742,0,161300000,-83.991203
5.500155,18.029,745,1,4096,743,0,161450000,-83.191154
5.500171,0.016,746,1,4096,744,0,161600000,-84.281654
5.514695,14.524,747,1,4096,745,0,161750000,-82.931267
5.514706,0.012,748,1,4096,746,0,161900000,-83.129143
5.514711,0.005,749,1,4096,747,0,162050000,-83.487953
5.532672,17.961,750,1,4096,748,0,162200000,-83.183922
5.532687,0.015,751,1,4096,749,0,162350000,-84.540779
5.547154,14.468,752,1,4096,750,0,162500000,-82.755150
5.547167,0.012,753,1,4096,751,0,162650000,-84.462517
5.561695,14.529,754,1,4096,752,0,162800000,-83.571007
5.561708,0.012,755,1,4096,753,0,162950000,-83.374352
5.579209,17.502,756,1,4096,754,0,163100000,-84.629997
5.579221,0.012,757,1,4096,755,0,163250000,-83.725792
5.596417,17.196,758,1,4096,756,0,163400000,-83.219444
5.596432,0.015,759,1,4096,757,0,163550000,-83.347847
5.596439,0.007,760,1,4096,758,0,163700000,-83.020851
5.610783,14.344,761,1,4096,759,0,163850000,-84.482231
5.610796,0.012,762,1,4096,760,0,164000000,-84.342506
5.625786,14.990,763,1,4096,761,0,164150000,-83.178886
5.625798,0.012,764,1,4096,762,0,164300000,-84.562553
5.643305,17.507,765,1,4096,763,0,164450000,-83.356209
5.643317,0.012,766,1,4096,764,0,164600000,-84.189110
5.658312,14.995,767,1,4096,765,0,164750000,-83.421318
5.658324,0.012,768,1,4096,766,0,164900000,-83.679253
5.676482,18.158,769,1,4096,767,0,165050000,-83.710533
5.676496,0.014,770,1,4096,768,0,165200000,-82.842400
5.691482,14.985,771,1,4096,769,0,165350000,-83.352608
5.691494,0.012,772,1,4096,770,0,165500000,-83.201683
5.691500,0.006,773,1,4096,771,0,165650000,-83.811790
5.705976,14.477,774,1,4096,772,0,165800000,-83.734184
5.705989,0.013,775,1,4096,773,0,165950000,-83.952019
5.723981,17.993,776,1,4096,774,0,166100000,-83.506386
5.723995,0.014,777,1,4096,775,0,166250000,-83.790108
5.738189,14.193,778,1,4096,776,0,166400000,-83.850624
5.738202,0.014,779,1,4096,777,0,166550000,-83.831505
5.756225,18.022,780,1,4096,778,0,166700000,-83.925713
5.756239,0.015,781,1,4096,779,0,166850000,-83.267311
5.770575,14.336,782,1,4096,780,0,167000000,-84.484230
5.770588,0.013,783,1,4096,781,0,167150000,-83.082161
5.788597,18.009,784,1,4096,782,0,167300000,-82.517387
5.788612,0.015,785,1,4096,783,0,167450000,-84.087105
5.788618,0.006,786,1,4096,784,0,167600000,-84.322792
5.802120,13.502,787,1,4096,785,0,167750000,-82.870934
5.802134,0.015,788,1,4096,786,0,167900000,-84.420235
5.820175,18.041,789,1,4096,787,0,168050000,-83.244652
5.820209,0.034,790,1,4096,788,0,168200000,-84.045113
5.834205,13.996,791,1,4096,789,0,168350000,-84.355965
5.834221,0.016,792,1,4096,790,0,168500000,-83.974068
5.852246,18.025,793,1,4096,791,0,168650000,-83.530983
5.852263,0.016,794,1,4096,792,0,168800000,-83.010506
5.866728,14.465,795,1,4096,793,0,168950000,-83.410179
5.866744,0.016,796,1,4096,794,0,169100000,-83.239418
5.884566,17.822,797,1,4096,795,0,169250000,-84.305763
5.884584,0.018,798,1,4096,796,0,169400000,-84.346748
5.884588,0.005,799,1,4096,797,0,169550000,-84.083763
5.899222,14.634,800,1,4096,798,0,169700000,-82.689278
5.899237,0.015,801,1,4096,799,0,169850000,-83.217506
5.913728,14.490,802,1,4096,800,0,170000000,-84.007561
5.913745,0.018,803,1,4096,801,0,170150000,-83.189842
5.931207,17.462,804,1,4096,802,0,170300000,-83.988228
5.931221,0.014,805,1,4096,803,0,170450000,-84.965965
5.946269,15.048,806,1,4096,804,0,170600000,-84.209938
5.946289,0.019,807,1,4096,805,0,170750000,-83.011009
5.964202,17.914,808,1,4096,806,0,170900000,-83.227470
5.964217,0.014,809,1,4096,807,0,171050000,-84.120842
5.964222,0.006,810,1,4096,808,0,171200000,-83.259407
5.979173,14.951,811,1,4096,809,0,171350000,-84.394188
5.979188,0.015,812,1,4096,810,0,171500000,-83.349525
5.994233,15.045,813,1,4096,811,0,171650000,-82.576927
5.994250,0.018,814,1,4096,812,0,171800000,-83.500175
6.011865,17.615,815,1,4096,813,0,171950000,-83.894051
6.011887,0.021,816,1,4096,814,0,172100000,-83.144905
6.026870,14.983,817,1,4096,815,0,172250000,-83.161949
6.026883,0.013,818,1,4096,816,0,172400000,-83.633629
6.044146,17.263,819,1,4096,817,0,172550000,-83.278145
6.044159,0.013,820,1,4096,818,0,172700000,-82.324959
6.059211,15.052,821,1,4096,819,0,172850000,-83.337471
6.059225,0.014,822,1,4096,820,0,173000000,-83.748009
6.059231,0.006,823,1,4096,821,0,173150000,-82.985939
6.074198,14.967,824,1,4096,822,0,173300000,-83.339180
6.074211,0.014,825,1,4096,823,0,173450000,-83.925529
6.092175,17.964,826,1,4096,824,0,173600000,-83.383766
6.092189,0.014,827,1,4096,825,0,173750000,-83.700661
6.106219,14.030,828,1,4096,826,0,173900000,-84.303047
6.106234,0.015,829,1,4096,827,0,174050000,-83.017204
6.124212,17.978,830,1,4096,828,0,174200000,-84.443642
6.124226,0.014,831,1,4096,829,0,174350000,-84.163887
6.138730,14.504,832,1,4096,830,0,174500000,-84.318764
6.138742,0.012,833,1,4096,831,0,174650000,-83.374092
6.153764,15.022,834,1,4096,832,0,174800000,-83.488045
6.153780,0.016,835,1,4096,833,0,174950000,-83.074013
6.153785,0.005,836,1,4096,834,0,175100000,-84.100578
6.171234,17.449,837,1,4096,835,0,175250000,-83.559227
6.171246,0.012,838,1,4096,836,0,175400000,-83.284706
6.186239,14.992,839,1,4096,837,0,175550000,-83.132576
6.186252,0.013,840,1,4096,838,0,175700000,-84.553581
6.203135,16.883,841,1,4096,839,0,175850000,-83.920998
6.203148,0.013,842,1,4096,840,0,176000000,-83.262123
6.218152,15.004,843,1,4096,841,0,176150000,-83.352562
6.218165,0.014,844,1,4096,842,0,176300000,-83.102745
6.235928,17.762,845,1,4096,843,0,176450000,-82.672783
6.235938,0.011,846,1,4096,844,0,176600000,-83.877220
6.250730,14.792,847,1,4096,845,0,176750000,-84.122108
6.250744,0.013,848,1,4096,846,0,176900000,-83.611397
6.250750,0.006,849,1,4096,847,0,177050000,-83.472450
6.265730,14.981,850,1,4096,848,0,177200000,-83.408836
6.265744,0.014,851,1,4096,849,0,177350000,-84.334221
6.283184,17.439,852,1,4096,850,0,177500000,-83.981087
6.283198,0.014,853,1,4096,851,0,177650000,-83.900185
6.297984,14.786,854,1,4096,852,0,177800000,-83.805305
6.297998,0.014,855,1,4096,853,0,177950000,-83.180443
6.315500,17.502,856,1,4096,854,0,178100000,-83.571739
6.315512,0.012,857,1,4096,855,0,178250000,-84.457497
6.330584,15.072,858,1,4096,856,0,178400000,-83.290215
6.330597,0.013,859,1,4096,857,0,178550000,-84.139214
6.330602,0.006,860,1,4096,858,0,178700000,-83.831169
6.348010,17.407,861,1,4096,859,0,178850000,-83.382607
6.348024,0.014,862,1,4096,860,0,179000000,-83.643394
6.363023,14.999,863,1,4096,861,0,179150000,-83.109535
6.363036,0.014,864,1,4096,862,0,179300000,-84.762718
6.380537,17.501,865,1,4096,863,0,179450000,-82.970528
6.380552,0.015,866,1,4096,864,0,179600000,-83.882286
6.395529,14.976,867,1,4096,865,0,179750000,-84.105171
6.395540,0.011,868,1,4096,866,0,179900000,-83.676964
6.412555,17.014,869,1,4096,867,0,180050000,-83.555412
6.412569,0.014,870,1,4096,868,0,180200000,-84.600624
6.427566,14.997,871,1,4096,869,0,180350000,-82.759209
6.427579,0.013,872,1,4096,870,0,180500000,-83.125786
6.427585,0.006,873,1,4096,871,0,180650000,-84.947426
6.442055,14.469,874,1,4096,872,0,180800000,-84.986794
6.442068,0.013,875,1,4096,873,0,180950000,-83.246971
6.460135,18.068,876,1,4096,874,0,181100000,-83.741890
6.460151,0.015,877,1,4096,875,0,181250000,-84.825462
6.474571,14.420,878,1,4096,876,0,181400000,-83.708366
6.474584,0.013,879,1,4096,877,0,181550000,-83.479225
6.492587,18.003,880,1,4096,878,0,181700000,-83.967918
6.492602,0.014,881,1,4096,879,0,181850000,-83.635155
6.507656,15.054,882,1,4096,880,0,182000000,-83.631187
6.507669,0.014,883,1,4096,881,0,182150000,-83.714134
6.522663,14.994,884,1,4096,882,0,182300000,-82.764687
6.522675,0.013,885,1,4096,883,0,182450000,-83.648140
6.522681,0.006,886,1,4096,884,0,182600000,-83.647148
6.539953,17.272,887,1,4096,885,0,182750000,-83.767067
6.539968,0.015,888,1,4096,886,0,182900000,-82.475533
6.554938,14.970,889,1,4096,887,0,183050000,-85.001625
6.554950,0.012,890,1,4096,888,0,183200000,-82.975075
6.572438,17.488,891,1,4096,889,0,183350000,-84.114677
6.572450,0.012,892,1,4096,890,0,183500000,-83.613686
6.587444,14.995,893,1,4096,891,0,183650000,-83.730812
6.587456,0.012,894,1,4096,892,0,183800000,-84.306023
6.601976,14.520,895,1,4096,893,0,183950000,-82.711250
6.601990,0.014,896,1,4096,894,0,184100000,-82.978020
6.601996,0.006,897,1,4096,895,0,184250000,-84.231453
6.619152,17.156,898,1,4096,896,0,184400000,-82.444099
6.619165,0.014,899,1,4096,897,0,184550000,-83.528725
6.634173,15.008,900,1,4096,898,0,184700000,-83.675407
6.634187,0.014,901,1,4096,899,0,184850000,-82.161919
6.650981,16.794,902,1,4096,900,0,185000000,-84.889549
6.650995,0.013,903,1,4096,901,0,185150000,-84.271156
6.665987,14.993,904,1,4096,902,0,185300000,-84.211357
6.666000,0.013,905,1,4096,903,0,185450000,-83.534508
6.683491,17.491,906,1,4096,904,0,185600000,-83.615685
6.683504,0.013,907,1,4096,905,0,185750000,-83.217293
6.698388,14.884,908,1,4096,906,0,185900000,-84.101204
6.698402,0.014,909,1,4096,907,0,186050000,-84.661537
6.698408,0.006,910,1,4096,908,0,186200000,-83.391624
6.715891,17.483,911,1,4096,909,0,186350000,-84.426628
6.715905,0.014,912,1,4096,910,0,186500000,-83.331413
6.730873,14.968,913,1,4096,911,0,186650000,-83.296135
6.730887,0.014,914,1,4096,912,0,186800000,-83.982246
6.748378,17.491,915,1,4096,913,0,186950000,-83.610161
6.748391,0.013,916,1,4096,914,0,187100000,-84.100243
6.763390,14.999,917,1,4096,915,0,187250000,-85.031609
6.763404,0.014,918,1,4096,916,0,187400000,-83.219460
6.777942,14.538,919,1,4096,917,0,187550000,-84.368172
6.777954,0.012,920,1,4096,918,0,187700000,-83.206047
6.795970,18.015,921,1,4096,919,0,187850000,-84.507042
6.795983,0.013,922,1,4096,920,0,188000000,-83.532768
6.795989,0.006,923,1,4096,921,0,188150000,-84.105537
6.810398,14.409,924,1,4096,922,0,188300000,-84.181114
6.810409,0.012,925,1,4096,923,0,188450000,-84.407021
6.826914,16.505,926,1,4096,924,0,188600000,-83.734657
6.826926,0.012,927,1,4096,925,0,188750000,-82.401207
6.844090,17.163,928,1,4096,926,0,188900000,-84.882042
6.844103,0.013,929,1,4096,927,0,189050000,-84.170219
6.859101,14.998,930,1,4096,928,0,189200000,-83.686836
6.859115,0.014,931,1,4096,929,0,189350000,-84.445045
6.874121,15.006,932,1,4096,930,0,189500000,-83.838341
6.874136,0.014,933,1,4096,931,0,189650000,-83.423866
6.874141,0.005,934,1,4096,932,0,189800000,-83.341393
6.891671,17.530,935,1,4096,933,0,189950000,-83.851997
6.891683,0.012,936,1,4096,934,0,190100000,-83.517342
6.906090,14.407,937,1,4096,935,0,190250000,-84.379601
6.906104,0.014,938,1,4096,936,0,190400000,-83.241219
6.923305,17.201,939,1,4096,937,0,190550000,-82.934975
6.923319,0.015,940,1,4096,938,0,190700000,-83.830589
6.939570,16.251,941,1,4096,939,0,190850000,-83.236870
6.939586,0.015,942,1,4096,940,0,191000000,-84.380440
6.956182,16.597,943,1,4096,941,0,191150000,-83.790459
6.956197,0.015,944,1,4096,942,0,191300000,-84.025398
6.970768,14.571,945,1,4096,943,0,191450000,-84.253258
6.970784,0.015,946,1,4096,944,0,191600000,-83.140953
6.970789,0.005,947,1,4096,945,0,191750000,-83.360680
6.985749,14.960,948,1,4096,946,0,191900000,-83.894051
6.985764,0.015,949,1,4096,947,0,192050000,-83.812904
7.002811,17.047,950,1,4096,948,0,192200000,-84.389061
7.002825,0.014,951,1,4096,949,0,192350000,-83.069237
7.019889,17.065,952,1,4096,950,0,192500000,-84.684227
7.019909,0.020,953,1,4096,951,0,192650000,-84.213051
7.034872,14.962,954,1,4096,952,0,192800000,-83.474510
7.034884,0.012,955,1,4096,953,0,192950000,-82.708763
7.049752,14.869,956,1,4096,954,0,193100000,-84.244759
7.049766,0.013,957,1,4096,955,0,193250000,-83.369240
7.067236,17.470,958,1,4096,956,0,193400000,-84.585335
7.067249,0.013,959,1,4096,957,0,193550000,-82.979836
7.067254,0.006,960,1,4096,958,0,193700000,-84.224266
7.084136,16.881,961,1,4096,959,0,193850000,-84.170464
7.084149,0.013,962,1,4096,960,0,194000000,-84.288887
7.098644,14.495,963,1,4096,961,0,194150000,-83.418114
7.098656,0.013,964,1,4096,962,0,194300000,-84.380867
7.113694,15.037,965,1,4096,963,0,194450000,-83.668343
7.113711,0.017,966,1,4096,964,0,194600000,-83.273491
7.131162,17.451,967,1,4096,965,0,194750000,-83.728630
7.131175,0.013,968,1,4096,966,0,194900000,-83.174049
7.146190,15.015,969,1,4096,967,0,195050000,-84.319130
7.146203,0.013,970,1,4096,968,0,195200000,-84.114403
7.146208,0.005,971,1,4096,969,0,195350000,-84.741310
7.163717,17.508,972,1,4096,970,0,195500000,-84.378151
7.163730,0.013,973,1,4096,971,0,195650000,-84.037514
7.178708,14.979,974,1,4096,972,0,195800000,-83.393394
7.178727,0.019,975,1,4096,973,0,195950000,-84.845955
7.196228,17.501,976,1,4096,974,0,196100000,-83.363792
7.196241,0.013,977,1,4096,975,0,196250000,-83.658043
7.211232,14.990,978,1,4096,976,0,196400000,-84.487144
7.211245,0.013,979,1,4096,977,0,196550000,-84.336754
7.225745,14.500,980,1,4096,978,0,196700000,-84.216057
7.225760,0.016,981,1,4096,979,0,196850000,-82.939598
7.243745,17.985,982,1,4096,980,0,197000000,-83.615593
7.243759,0.014,983,1,4096,981,0,197150000,-83.674568
7.243764,0.005,984,1,4096,982,0,197300000,-82.643867
7.258237,14.473,985,1,4096,983,0,197450000,-83.233681
7.258250,0.013,986,1,4096,984,0,197600000,-82.511925
7.276282,18.033,987,1,4096,985,0,197750000,-84.675438
7.276297,0.015,988,1,4096,986,0,197900000,-83.220055
7.290772,14.475,989,1,4096,987,0,198050000,-83.399345
7.290788,0.016,990,1,4096,988,0,198200000,-82.581978
7.305764,14.976,991,1,4096,989,0,198350000,-83.512184
7.305778,0.015,992,1,4096,990,0,198500000,-83.304817
7.323296,17.518,993,1,4096,991,0,198650000,-83.673241
7.323311,0.015,994,1,4096,992,0,198800000,-83.672249
7.323317,0.006,995,1,4096,993,0,198950000,-84.511818
7.338295,14.979,996,1,4096,994,0,199100000,-83.840553
7.338308,0.013,997,1,4096,995,0,199250000,-84.136116
7.355773,17.465,998,1,4096,996,0,199400000,-84.178032
7.355786,0.013,999,1,4096,997,0,199550000,-84.172340
7.370784,14.998,1000,1,4096,998,0,199700000,-83.465416
7.370797,0.012,1001,1,4096,999,0,199850000,-83.865196
7.388311,17.514,1002,1,4096,1000,0,200000000,-84.198799
7.388324,0.013,1003,1,4096,1001,0,200150000,-83.072807
7.403300,14.977,1004,1,4096,1002,0,200300000,-84.627983
7.403312,0.012,1005,1,4096,1003,0,200450000,-84.702049
7.417848,14.536,1006,1,4096,1004,0,200600000,-83.543282
7.417861,0.013,1007,1,4096,1005,0,200750000,-83.948860
7.417866,0.006,1008,1,4096,1006,0,200900000,-83.651939
7.435825,17.959,1009,1,4096,1007,0,201050000,-84.355583
7.435837,0.012,1010,1,4096,1008,0,201200000,-84.426628
7.450331,14.494,1011,1,4096,1009,0,201350000,-84.401268
7.450345,0.013,1012,1,4096,1010,0,201500000,-83.383568
7.468348,18.003,1013,1,4096,1011,0,201650000,-83.836555
7.468362,0.014,1014,1,4096,1012,0,201800000,-84.258659
7.482841,14.479,1015,1,4096,1013,0,201950000,-83.675285
7.482853,0.013,1016,1,4096,1014,0,202100000,-84.766258
7.497898,15.044,1017,1,4096,1015,0,202250000,-83.910072
7.497911,0.013,1018,1,4096,1016,0,202400000,-84.250679
7.515431,17.520,1019,1,4096,1017,0,202550000,-83.384422
7.515444,0.013,1020,1,4096,1018,0,202700000,-82.216682
7.515449,0.005,1021,1,4096,1019,0,202850000,-86.040398
7.530377,14.929,1022,1,4096,1020,0,203000000,-82.650856
7.530390,0.013,1023,1,4096,1021,0,203150000,-83.962852
7.547871,17.481,1024,1,4096,1022,0,203300000,-84.407692
7.547883,0.012,1025,1,4096,1023,0,203450000,-83.744652
7.562477,14.593,1026,1,4096,1024,0,203600000,-83.972771
7.562491,0.014,1027,1,4096,1025,0,203750000,-84.366402
7.579975,17.485,1028,1,4096,1026,0,203900000,-85.585091
7.579989,0.014,1029,1,4096,1027,0,204050000,-84.200050
7.594977,14.988,1030,1,4096,1028,0,204200000,-83.148170
7.594988,0.011,1031,1,4096,1029,0,204350000,-84.079613
7.594993,0.005,1032,1,4096,1030,0,204500000,-83.074593
7.612488,17.495,1033,1,4096,1031,0,204650000,-84.500328
7.612501,0.014,1034,1,4096,1032,0,204800000,-84.572639
7.627503,15.001,1035,1,4096,1033,0,204950000,-84.139778
7.627516,0.013,1036,1,4096,1034,0,205100000,-81.974525
7.642018,14.502,1037,1,4096,1035,0,205250000,-83.481041
7.642029,0.012,1038,1,4096,1036,0,205400000,-83.521843
7.660009,17.980,1039,1,4096,1037,0,205550000,-83.639671
7.660024,0.014,1040,1,4096,1038,0,205700000,-83.865501
7.674521,14.498,1041,1,4096,1039,0,205850000,-83.249535
7.674533,0.012,1042,1,4096,1040,0,206000000,-83.936592
7.689549,15.015,1043,1,4096,1041,0,206150000,-83.040260
7.689561,0.013,1044,1,4096,1042,0,206300000,-83.125572
7.689567,0.006,1045,1,4096,1043,0,206450000,-84.422050
7.707042,17.475,1046,1,4096,1044,0,206600000,-83.909172
7.707056,0.014,1047,1,4096,1045,0,206750000,-82.809700
7.722034,14.978,1048,1,4096,1046,0,206900000,-83.846992
7.722047,0.013,1049,1,4096,1047,0,207050000,-82.797157
7.739551,17.504,1050,1,4096,1048,0,207200000,-84.981133
7.739566,0.015,1051,1,4096,1049,0,207350000,-84.090401
7.754572,15.006,1052,1,4096,1050,0,207500000,-83.889778
7.754586,0.014,1053,1,4096,1051,0,207650000,-83.350258
7.769615,15.029,1054,1,4096,1052,0,207800000,-84.218254
7.769627,0.012,1055,1,4096,1053,0,207950000,-83.168922
7.787159,17.531,1056,1,4096,1054,0,208100000,-84.342674
7.787171,0.012,1057,1,4096,1055,0,208250000,-83.229134
7.787176,0.005,1058,1,4096,1056,0,208400000,-82.767708
7.801549,14.373,1059,1,4096,1057,0,208550000,-83.441856
7.801565,0.016,1060,1,4096,1058,0,208700000,-83.737465
7.818566,17.001,1061,1,4096,1059,0,208850000,-83.848396
7.818582,0.016,1062,1,4096,1060,0,209000000,-83.909843
7.833627,15.045,1063,1,4096,1061,0,209150000,-84.011238
7.833649,0.021,1064,1,4096,1062,0,209300000,-84.305168
7.851387,17.738,1065,1,4096,1063,0,209450000,-84.355675
7.851401,0.014,1066,1,4096,1064,0,209600000,-84.856987
7.866394,14.993,1067,1,4096,1065,0,209750000,-83.360130
7.866407,0.012,1068,1,4096,1066,0,209900000,-84.271080
7.866412,0.005,1069,1,4096,1067,0,210050000,-85.860435
7.883457,17.045,1070,1,4096,1068,0,210200000,-83.762688
7.883472,0.015,1071,1,4096,1069,0,210350000,-83.429771
7.898509,15.037,1072,1,4096,1070,0,210500000,-83.854698
7.898533,0.023,1073,1,4096,1071,0,210650000,-83.791359
7.915929,17.396,1074,1,4096,1072,0,210800000,-83.686409
7.915947,0.018,1075,1,4096,1073,0,210950000,-83.621162
7.930867,14.920,1076,1,4096,1074,0,211100000,-83.468681
7.930881,0.014,1077,1,4096,1075,0,211250000,-82.984550
7.948411,17.531,1078,1,4096,1076,0,211400000,-83.397224
7.948430,0.019,1079,1,4096,1077,0,211550000,-84.117180
7.963711,15.281,1080,1,4096,1078,0,211700000,-84.411919
7.963731,0.020,1081,1,4096,1079,0,211850000,-83.110405
7.963738,0.007,1082,1,4096,1080,0,212000000,-82.358086
7.980808,17.070,1083,1,4096,1081,0,212150000,-82.918297
7.980857,0.049,1084,1,4096,1082,0,212300000,-84.928230
7.995836,14.979,1085,1,4096,1083,0,212450000,-83.563469
7.995852,0.016,1086,1,4096,1084,0,212600000,-84.252617
8.009724,13.872,1087,1,4096,1085,0,212750000,-83.850533
8.009737,0.013,1088,1,4096,1086,0,212900000,-83.630623
8.027838,18.101,1089,1,4096,1087,0,213050000,-84.598427
8.027852,0.014,1090,1,4096,1088,0,213200000,-83.577354
8.042387,14.534,1091,1,4096,1089,0,213350000,-83.753700
8.042401,0.014,1092,1,4096,1090,0,213500000,-84.974922
8.060513,18.112,1093,1,4096,1091,0,213650000,-83.676521
8.060533,0.020,1094,1,4096,1092,0,213800000,-83.166924
8.060539,0.006,1095,1,4096,1093,0,213950000,-84.830849
8.074547,14.008,1096,1,4096,1094,0,214100000,-83.068108
8.074560,0.013,1097,1,4096,1095,0,214250000,-83.830650
8.089568,15.008,1098,1,4096,1096,0,214400000,-84.669395
8.089582,0.015,1099,1,4096,1097,0,214550000,-83.844139
8.106596,17.014,1100,1,4096,1098,0,214700000,-83.738426
8.106611,0.015,1101,1,4096,1099,0,214850000,-83.052879
8.121603,14.991,1102,1,4096,1100,0,215000000,-83.679527
8.121620,0.017,1103,1,4096,1101,0,215150000,-83.055763
8.139637,18.017,1104,1,4096,1102,0,215300000,-83.851021
8.139651,0.014,1105,1,4096,1103,0,215450000,-84.003777
8.139665,0.014,1106,1,4096,1104,0,215600000,-83.686348
8.154681,15.016,1107,1,4096,1105,0,215750000,-84.605629
8.154695,0.014,1108,1,4096,1106,0,215900000,-83.863152
8.172175,17.480,1109,1,4096,1107,0,216050000,-82.397453
8.172189,0.014,1110,1,4096,1108,0,216200000,-83.979713
8.187169,14.980,1111,1,4096,1109,0,216350000,-83.574516
8.187184,0.015,1112,1,4096,1110,0,216500000,-83.987236
8.201670,14.486,1113,1,4096,1111,0,216650000,-82.772316
8.201683,0.013,1114,1,4096,1112,0,216800000,-84.255638
8.219687,18.004,1115,1,4096,1113,0,216950000,-84.374138
8.219700,0.014,1116,1,4096,1114,0,217100000,-83.384911
8.234238,14.538,1117,1,4096,1115,0,217250000,-82.761406
8.234255,0.017,1118,1,4096,1116,0,217400000,-83.168434
8.234261,0.006,1119,1,4096,1117,0,217550000,-84.654106
8.251245,16.984,1120,1,4096,1118,0,217700000,-84.043114
8.251259,0.014,1121,1,4096,1119,0,217850000,-84.418129
8.266267,15.009,1122,1,4096,1120,0,218000000,-85.208305
8.266282,0.014,1123,1,4096,1121,0,218150000,-82.517097
8.283766,17.485,1124,1,4096,1122,0,218300000,-83.507210
8.283779,0.013,1125,1,4096,1123,0,218450000,-84.443016
8.298759,14.979,1126,1,4096,1124,0,218600000,-83.144569
8.298771,0.012,1127,1,4096,1125,0,218750000,-83.186943
8.316317,17.546,1128,1,4096,1126,0,218900000,-84.752190
8.316330,0.013,1129,1,4096,1127,0,219050000,-84.127068
8.316335,0.005,1130,1,4096,1128,0,219200000,-83.224586
8.331280,14.945,1131,1,4096,1129,0,219350000,-84.588844
8.331294,0.013,1132,1,4096,1130,0,219500000,-83.323265
8.345791,14.497,1133,1,4096,1131,0,219650000,-83.130592
8.345802,0.011,1134,1,4096,1132,0,219800000,-82.959969
8.363790,17.988,1135,1,4096,1133,0,219950000,-84.210274
8.363800,0.011,1136,1,4096,1134,0,220100000,-83.312279
8.378800,15.000,1137,1,4096,1135,0,220250000,-83.658302
8.378813,0.013,1138,1,4096,1136,0,220400000,-84.772530
8.393826,15.013,1139,1,4096,1137,0,220550000,-84.627739
8.393838,0.012,1140,1,4096,1138,0,220700000,-84.930794
8.410866,17.028,1141,1,4096,1139,0,220850000,-83.760902
8.410879,0.013,1142,1,4096,1140,0,221000000,-84.524696
8.410884,0.005,1143,1,4096,1141,0,221150000,-83.208107
8.425866,14.982,1144,1,4096,1142,0,221300000,-83.614479
8.425879,0.013,1145,1,4096,1143,0,221450000,-84.339745
8.443370,17.491,1146,1,4096,1144,0,221600000,-83.557625
8.443383,0.014,1147,1,4096,1145,0,221750000,-84.230217
8.458373,14.989,1148,1,4096,1146,0,221900000,-83.602669
8.458385,0.013,1149,1,4096,1147,0,222050000,-83.985954
8.476385,17.999,1150,1,4096,1148,0,222200000,-83.918129
8.476398,0.013,1151,1,4096,1149,0,222350000,-83.522087
8.491383,14.985,1152,1,4096,1150,0,222500000,-85.108177
8.491395,0.012,1153,1,4096,1151,0,222650000,-84.091347
8.505919,14.524,1154,1,4096,1152,0,222800000,-84.540215
8.505931,0.012,1155,1,4096,1153,0,222950000,-84.775429
8.505937,0.006,1156,1,4096,1154,0,223100000,-83.104179
8.523895,17.957,1157,1,4096,1155,0,223250000,-84.571541
8.523909,0.014,1158,1,4096,1156,0,223400000,-83.396660
8.538401,14.492,1159,1,4096,1157,0,223550000,-84.275581
8.538416,0.015,1160,1,4096,1158,0,223700000,-83.533134
8.556417,18.001,1161,1,4096,1159,0,223850000,-83.703117
8.556431,0.014,1162,1,4096,1160,0,224000000,-84.642921
8.570912,14.482,1163,1,4096,1161,0,224150000,-84.030205
8.570925,0.013,1164,1,4096,1162,0,224300000,-82.537285
8.585956,15.031,1165,1,4096,1163,0,224450000,-84.023399
8.585968,0.013,1166,1,4096,1164,0,224600000,-83.751366
8.585974,0.006,1167,1,4096,1165,0,224750000,-83.201622
8.603424,17.450,1168,1,4096,1166,0,224900000,-82.772331
8.603436,0.013,1169,1,4096,1167,0,225050000,-84.485634
8.617497,14.060,1170,1,4096,1168,0,225200000,-84.123940
8.617509,0.012,1171,1,4096,1169,0,225350000,-83.828194
8.635536,18.027,1172,1,4096,1170,0,225500000,-85.216545
8.635549,0.014,1173,1,4096,1171,0,225650000,-83.259331
8.650042,14.493,1174,1,4096,1172,0,225800000,-83.963341
8.650055,0.013,1175,1,4096,1173,0,225950000,-83.731331
8.668038,17.982,1176,1,4096,1174,0,226100000,-84.908562
8.668052,0.014,1177,1,4096,1175,0,226250000,-83.859718
8.682557,14.505,1178,1,4096,1176,0,226400000,-83.283318
8.682571,0.014,1179,1,4096,1177,0,226550000,-83.230751
8.682577,0.006,1180,1,4096,1178,0,226700000,-83.800087
8.700386,17.809,1181,1,4096,1179,0,226850000,-83.019539
8.700401,0.015,1182,1,4096,1180,0,227000000,-83.879906
8.714896,14.495,1183,1,4096,1181,0,227150000,-83.690880
8.714910,0.014,1184,1,4096,1182,0,227300000,-83.859459
8.729913,15.003,1185,1,4096,1183,0,227450000,-84.073814
8.729928,0.015,1186,1,4096,1184,0,227600000,-84.331749
8.747401,17.473,1187,1,4096,1185,0,227750000,-83.265984
8.747415,0.014,1188,1,4096,1186,0,227900000,-84.322563
8.762429,15.014,1189,1,4096,1187,0,228050000,-84.169594
8.762443,0.014,1190,1,4096,1188,0,228200000,-83.286079
8.762449,0.006,1191,1,4096,1189,0,228350000,-84.348839
8.779993,17.545,1192,1,4096,1190,0,228500000,-84.414894
8.780008,0.015,1193,1,4096,1191,0,228650000,-83.937172
8.794937,14.928,1194,1,4096,1192,0,228800000,-84.583168
8.794949,0.013,1195,1,4096,1193,0,228950000,-83.556084
8.809427,14.478,1196,1,4096,1194,0,229100000,-84.317085
8.809441,0.013,1197,1,4096,1195,0,229250000,-83.959892
8.826967,17.526,1198,1,4096,1196,0,229400000,-84.183678
8.826981,0.014,1199,1,4096,1197,0,229550000,-85.017128
8.844695,17.714,1200,1,4096,1198,0,229700000,-85.257942
8.844712,0.017,1201,1,4096,1199,0,229850000,-84.151207
8.859398,14.686,1202,1,4096,1200,0,230000000,-83.944466
8.859415,0.017,1203,1,4096,1201,0,230150000,-84.635033
8.859422,0.007,1204,1,4096,1202,0,230300000,-84.287010
8.873907,14.485,1205,1,4096,1203,0,230450000,-84.687172
8.873933,0.026,1206,1,4096,1204,0,230600000,-83.563026
8.891384,17.451,1207,1,4096,1205,0,230750000,-83.715569
8.891397,0.013,1208,1,4096,1206,0,230900000,-83.632393
8.905890,14.493,1209,1,4096,1207,0,231050000,-83.161217
8.905902,0.012,1210,1,4096,1208,0,231200000,-84.102623
8.923888,17.986,1211,1,4096,1209,0,231350000,-84.621376
8.923901,0.014,1212,1,4096,1210,0,231500000,-84.131950
8.938398,14.497,1213,1,4096,1211,0,231650000,-83.938316
8.938411,0.013,1214,1,4096,1212,0,231800000,-84.899117
8.953437,15.026,1215,1,4096,1213,0,231950000,-84.485878
8.953451,0.014,1216,1,4096,1214,0,232100000,-82.674904
8.953457,0.006,1217,1,4096,1215,0,232250000,-83.162682
8.970952,17.494,1218,1,4096,1216,0,232400000,-84.482826
8.970966,0.015,1219,1,4096,1217,0,232550000,-83.379204
8.985938,14.972,1220,1,4096,1218,0,232700000,-83.366356
8.985953,0.015,1221,1,4096,1219,0,232850000,-84.898994
9.003424,17.471,1222,1,4096,1220,0,233000000,-84.040260
9.003437,0.013,1223,1,4096,1221,0,233150000,-82.924171
9.017960,14.523,1224,1,4096,1222,0,233300000,-84.015526
9.017977,0.016,1225,1,4096,1223,0,233450000,-84.793953
9.035478,17.501,1226,1,4096,1224,0,233600000,-84.102852
9.035491,0.013,1227,1,4096,1225,0,233750000,-82.959099
9.035495,0.005,1228,1,4096,1226,0,233900000,-83.018776
9.050483,14.987,1229,1,4096,1227,0,234050000,-83.645027
9.050496,0.014,1230,1,4096,1228,0,234200000,-84.880989
9.066136,15.639,1231,1,4096,1229,0,234350000,-83.578468
9.066155,0.019,1232,1,4096,1230,0,234500000,-83.699287
9.083778,17.624,1233,1,4096,1231,0,234650000,-83.938210
9.083797,0.019,1234,1,4096,1232,0,234800000,-84.119179
9.098762,14.965,1235,1,4096,1233,0,234950000,-82.822990
9.098777,0.015,1236,1,4096,1234,0,235100000,-82.774895
9.115791,17.014,1237,1,4096,1235,0,235250000,-83.323753
9.115805,0.013,1238,1,4096,1236,0,235400000,-82.994453
9.130321,14.517,1239,1,4096,1237,0,235550000,-82.730034
9.130335,0.014,1240,1,4096,1238,0,235700000,-83.442940
9.130341,0.006,1241,1,4096,1239,0,235850000,-83.656212
9.148316,17.975,1242,1,4096,1240,0,236000000,-83.601997
9.148330,0.014,1243,1,4096,1241,0,236150000,-83.133202
9.162811,14.481,1244,1,4096,1242,0,236300000,-84.150124
9.162825,0.014,1245,1,4096,1243,0,236450000,-83.358025
9.177810,14.985,1246,1,4096,1244,0,236600000,-84.680305
9.177825,0.016,1247,1,4096,1245,0,236750000,-83.604713
9.195338,17.513,1248,1,4096,1246,0,236900000,-84.921623
9.195352,0.014,1249,1,4096,1247,0,237050000,-83.633186
9.210356,15.005,1250,1,4096,1248,0,237200000,-83.708763
9.210369,0.012,1251,1,4096,1249,0,237350000,-83.712761
9.210374,0.005,1252,1,4096,1250,0,237500000,-84.557594
9.227399,17.026,1253,1,4096,1251,0,237650000,-83.624886
9.227413,0.014,1254,1,4096,1252,0,237800000,-83.404106
9.242404,14.991,1255,1,4096,1253,0,237950000,-83.896095
9.242417,0.013,1256,1,4096,1254,0,238100000,-83.183418
9.259916,17.499,1257,1,4096,1255,0,238250000,-83.820335
9.259930,0.014,1258,1,4096,1256,0,238400000,-83.069923
9.274942,15.011,1259,1,4096,1257,0,238550000,-84.190941
9.274956,0.014,1260,1,4096,1258,0,238700000,-83.785179
9.289924,14.968,1261,1,4096,1259,0,238850000,-83.941795
9.289937,0.013,1262,1,4096,1260,0,239000000,-84.526573
9.307452,17.515,1263,1,4096,1261,0,239150000,-83.453987
9.307467,0.015,1264,1,4096,1262,0,239300000,-83.475899
9.307473,0.006,1265,1,4096,1263,0,239450000,-84.181892
9.321940,14.467,1266,1,4096,1264,0,239600000,-84.747887
9.321954,0.014,1267,1,4096,1265,0,239750000,-83.353706
9.339874,17.920,1268,1,4096,1266,0,239900000,-84.230202
9.339887,0.013,1269,1,4096,1267,0,240050000,-84.419762
9.354431,14.544,1270,1,4096,1268,0,240200000,-84.687492
9.354449,0.018,1271,1,4096,1269,0,240350000,-83.704903
9.369414,14.965,1272,1,4096,1270,0,240500000,-83.889549
9.369428,0.014,1273,1,4096,1271,0,240650000,-83.659081
9.386945,17.517,1274,1,4096,1272,0,240800000,-82.964729
9.386957,0.013,1275,1,4096,1273,0,240950000,-84.493813
9.401972,15.015,1276,1,4096,1274,0,241100000,-83.619209
9.401986,0.014,1277,1,4096,1275,0,241250000,-83.673378
9.401991,0.006,1278,1,4096,1276,0,241400000,-83.605019
9.419411,17.420,1279,1,4096,1277,0,241550000,-83.994225
9.419424,0.013,1280,1,4096,1278,0,241700000,-83.641426
9.433966,14.543,1281,1,4096,1279,0,241850000,-83.911385
9.433982,0.015,1282,1,4096,1280,0,242000000,-84.247505
9.451487,17.506,1283,1,4096,1281,0,242150000,-83.753838
9.451501,0.014,1284,1,4096,1282,0,242300000,-83.891930
9.466471,14.970,1285,1,4096,1283,0,242450000,-83.320656
9.466485,0.014,1286,1,4096,1284,0,242600000,-84.435219
9.481505,15.020,1287,1,4096,1285,0,242750000,-83.222939
9.481518,0.012,1288,1,4096,1286,0,242900000,-83.976006
9.481523,0.006,1289,1,4096,1287,0,243050000,-83.509087
9.499030,17.507,1290,1,4096,1288,0,243200000,-84.510338
9.499045,0.015,1291,1,4096,1289,0,243350000,-83.579933
9.514015,14.970,1292,1,4096,1290,0,243500000,-83.939217
9.514030,0.015,1293,1,4096,1291,0,243650000,-84.317696
9.531510,17.480,1294,1,4096,1292,0,243800000,-84.247078
9.531524,0.014,1295,1,4096,1293,0,243950000,-83.672371
9.546557,15.033,1296,1,4096,1294,0,244100000,-84.565529
9.546574,0.017,1297,1,4096,1295,0,244250000,-83.465569
9.564020,17.446,1298,1,4096,1296,0,244400000,-84.626671
9.564033,0.014,1299,1,4096,1297,0,244550000,-82.959053
9.579044,15.011,1300,1,4096,1298,0,244700000,-83.360466
9.579057,0.013,1301,1,4096,1299,0,244850000,-83.781105
9.579062,0.005,1302,1,4096,1300,0,245000000,-84.043221
9.593574,14.512,1303,1,4096,1301,0,245150000,-83.700798
9.593593,0.019,1304,1,4096,1302,0,245300000,-83.084221
9.611542,17.948,1305,1,4096,1303,0,245450000,-84.135780
9.611556,0.014,1306,1,4096,1304,0,245600000,-84.557014
9.626044,14.488,1307,1,4096,1305,0,245750000,-84.118111
9.626056,0.013,1308,1,4096,1306,0,245900000,-83.175224
9.644045,17.989,1309,1,4096,1307,0,246050000,-83.532158
9.644057,0.012,1310,1,4096,1308,0,246200000,-83.102760
9.658584,14.527,1311,1,4096,1309,0,246350000,-83.044487
9.658596,0.012,1312,1,4096,1310,0,246500000,-85.225441
9.658603,0.007,1313,1,4096,1311,0,246650000,-83.208595
9.673573,14.971,1314,1,4096,1312,0,246800000,-83.650093
9.673587,0.014,1315,1,4096,1313,0,246950000,-83.797249
9.690590,17.003,1316,1,4096,1314,0,247100000,-84.768745
9.690605,0.014,1317,1,4096,1315,0,247250000,-83.617317
9.705588,14.983,1318,1,4096,1316,0,247400000,-84.495369
9.705602,0.014,1319,1,4096,1317,0,247550000,-83.162468
9.722146,16.545,1320,1,4096,1318,0,247700000,-83.564278
9.722159,0.013,1321,1,4096,1319,0,247850000,-84.352821
9.740135,17.975,1322,1,4096,1320,0,248000000,-84.266380
9.740147,0.013,1323,1,4096,1321,0,248150000,-82.516273
9.754676,14.529,1324,1,4096,1322,0,248300000,-83.111534
9.754689,0.013,1325,1,4096,1323,0,248450000,-83.667061
9.754694,0.005,1326,1,4096,1324,0,248600000,-84.055504
9.769697,15.004,1327,1,4096,1325,0,248750000,-83.980278
9.769711,0.014,1328,1,4096,1326,0,248900000,-83.092537
9.787178,17.466,1329,1,4096,1327,0,249050000,-83.354088
9.787192,0.015,1330,1,4096,1328,0,249200000,-83.782600
9.802183,14.991,1331,1,4096,1329,0,249350000,-83.368095
9.802197,0.014,1332,1,4096,1330,0,249500000,-84.120094
9.819711,17.514,1333,1,4096,1331,0,249650000,-84.069832
9.819725,0.013,1334,1,4096,1332,0,249800000,-85.145622
9.834728,15.003,1335,1,4096,1333,0,249950000,-84.730080
9.834741,0.013,1336,1,4096,1334,0,250100000,-83.521873
9.834746,0.005,1337,1,4096,1335,0,250250000,-83.518028
9.849729,14.983,1338,1,4096,1336,0,250400000,-82.843575
9.849742,0.014,1339,1,4096,1337,0,250550000,-84.852898
9.867214,17.471,1340,1,4096,1338,0,250700000,-82.849754
9.867227,0.014,1341,1,4096,1339,0,250850000,-84.534355
9.882223,14.996,1342,1,4096,1340,0,251000000,-85.072304
9.882237,0.014,1343,1,4096,1341,0,251150000,-83.027977
9.899724,17.487,1344,1,4096,1342,0,251300000,-84.740608
9.899739,0.015,1345,1,4096,1343,0,251450000,-83.684410
9.914314,14.575,1346,1,4096,1344,0,251600000,-83.824577
9.914329,0.015,1347,1,4096,1345,0,251750000,-83.020531
9.932267,17.939,1348,1,4096,1346,0,251900000,-83.130486
9.932280,0.013,1349,1,4096,1347,0,252050000,-84.771935
9.932285,0.005,1350,1,4096,1348,0,252200000,-84.390480
9.947255,14.969,1351,1,4096,1349,0,252350000,-83.838203
9.947270,0.015,1352,1,4096,1350,0,252500000,-82.919380
9.961766,14.496,1353,1,4096,1351,0,252650000,-82.901741
9.961780,0.014,1354,1,4096,1352,0,252800000,-84.726784
9.979774,17.994,1355,1,4096,1353,0,252950000,-82.816093
9.979789,0.015,1356,1,4096,1354,0,253100000,-83.392815
9.994305,14.516,1357,1,4096,1355,0,253250000,-83.080147
9.994323,0.018,1358,1,4096,1356,0,253400000,-83.304924
10.011807,17.485,1359,1,4096,1357,0,253550000,-83.003975
10.011821,0.014,1360,1,4096,1358,0,253700000,-85.683037
10.011826,0.005,1361,1,4096,1359,0,253850000,-84.118370
10.026800,14.974,1362,1,4096,1360,0,254000000,-83.094154
10.026815,0.014,1363,1,4096,1361,0,254150000,-83.219673
10.041803,14.989,1364,1,4096,1362,0,254300000,-84.347191
10.041817,0.014,1365,1,4096,1363,0,254450000,-84.431633
10.059323,17.505,1366,1,4096,1364,0,254600000,-84.743309
10.059338,0.015,1367,1,4096,1365,0,254750000,-83.803032
10.074332,14.994,1368,1,4096,1366,0,254900000,-83.316856
10.074347,0.015,1369,1,4096,1367,0,255050000,-83.535973
10.091885,17.539,1370,1,4096,1368,0,255200000,-83.668037
10.091900,0.014,1371,1,4096,1369,0,255350000,-84.350227
10.106873,14.973,1372,1,4096,1370,0,255500000,-84.371010
10.106884,0.011,1373,1,4096,1371,0,255650000,-84.134956
10.106888,0.004,1374,1,4096,1372,0,255800000,-84.349739
10.121341,14.452,1375,1,4096,1373,0,255950000,-84.032143
10.121354,0.013,1376,1,4096,1374,0,256100000,-84.959938
10.139352,17.998,1377,1,4096,1375,0,256250000,-84.094948
10.139366,0.015,1378,1,4096,1376,0,256400000,-83.753059
10.153870,14.504,1379,1,4096,1377,0,256550000,-83.991386
10.153885,0.015,1380,1,4096,1378,0,256700000,-83.287880
10.171548,17.663,1381,1,4096,1379,0,256850000,-83.980385
10.171562,0.014,1382,1,4096,1380,0,257000000,-83.986656
10.186060,14.498,1383,1,4096,1381,0,257150000,-83.571129
10.186073,0.013,1384,1,4096,1382,0,257300000,-82.867409
10.186078,0.005,1385,1,4096,1383,0,257450000,-84.998878
10.204056,17.979,1386,1,4096,1384,0,257600000,-83.786537
10.204069,0.013,1387,1,4096,1385,0,257750000,-82.441139
10.219062,14.992,1388,1,4096,1386,0,257900000,-84.583534
10.219075,0.014,1389,1,4096,1387,0,258050000,-83.448769
10.233709,14.634,1390,1,4096,1388,0,258200000,-84.296028
10.233724,0.015,1391,1,4096,1389,0,258350000,-83.815193
10.251289,17.565,1392,1,4096,1390,0,258500000,-84.982811
10.251308,0.019,1393,1,4096,1391,0,258650000,-84.150215
10.266243,14.935,1394,1,4096,1392,0,258800000,-83.223335
10.266258,0.015,1395,1,4096,1393,0,258950000,-83.715813
10.283729,17.471,1396,1,4096,1394,0,259100000,-82.863197
10.283741,0.012,1397,1,4096,1395,0,259250000,-83.828575
10.298118,14.376,1398,1,4096,1396,0,259400000,-83.430000
10.298135,0.017,1399,1,4096,1397,0,259550000,-83.352882
10.298142,0.007,1400,1,4096,1398,0,259700000,-83.410316
10.314389,16.247,1401,1,4096,1399,0,259850000,-83.768105
10.314405,0.015,1402,1,4096,1400,0,260000000,-84.064171
10.331885,17.480,1403,1,4096,1401,0,260150000,-84.404106
10.331899,0.014,1404,1,4096,1402,0,260300000,-83.451042
10.346885,14.986,1405,1,4096,1403,0,260450000,-83.218834
10.346897,0.012,1406,1,4096,1404,0,260600000,-84.094261
10.361394,14.498,1407,1,4096,1405,0,260750000,-83.582130
10.361408,0.014,1408,1,4096,1406,0,260900000,-83.158440
10.379397,17.989,1409,1,4096,1407,0,261050000,-83.741371
10.379411,0.014,1410,1,4096,1408,0,261200000,-84.216164
10.394005,14.593,1411,1,4096,1409,0,261350000,-85.010384
10.394032,0.027,1412,1,4096,1410,0,261500000,-82.774254
10.394039,0.008,1413,1,4096,1411,0,261650000,-83.711082
10.411903,17.863,1414,1,4096,1412,0,261800000,-84.358986
10.411915,0.012,1415,1,4096,1413,0,261950000,-83.159615
10.426430,14.515,1416,1,4096,1414,0,262100000,-83.346489
10.426444,0.014,1417,1,4096,1415,0,262250000,-83.501991
10.441433,14.989,1418,1,4096,1416,0,262400000,-83.822166
10.441447,0.014,1419,1,4096,1417,0,262550000,-84.181099
10.458937,17.490,1420,1,4096,1418,0,262700000,-84.556084
10.458950,0.013,1421,1,4096,1419,0,262850000,-84.098946
10.473994,15.044,1422,1,4096,1420,0,263000000,-82.407051
10.474016,0.022,1423,1,4096,1421,0,263150000,-84.322533
10.491454,17.439,1424,1,4096,1422,0,263300000,-83.470909
10.491466,0.012,1425,1,4096,1423,0,263450000,-84.478340
10.491470,0.004,1426,1,4096,1424,0,263600000,-83.550652
10.506496,15.026,1427,1,4096,1425,0,263750000,-84.535927
10.506510,0.013,1428,1,4096,1426,0,263900000,-84.106194
10.523989,17.479,1429,1,4096,1427,0,264050000,-83.295418
10.524001,0.012,1430,1,4096,1428,0,264200000,-84.389061
10.538490,14.488,1431,1,4096,1429,0,264350000,-84.268669
10.538504,0.014,1432,1,4096,1430,0,264500000,-83.229958
10.553487,14.983,1433,1,4096,1431,0,264650000,-84.164955
10.553500,0.013,1434,1,4096,1432,0,264800000,-83.741722
10.571020,17.520,1435,1,4096,1433,0,264950000,-82.754875
10.571037,0.017,1436,1,4096,1434,0,265100000,-83.902397
10.585543,14.506,1437,1,4096,1435,0,265250000,-83.599953
10.585564,0.021,1438,1,4096,1436,0,265400000,-83.678337
10.585569,0.005,1439,1,4096,1437,0,265550000,-84.393272
10.603524,17.955,1440,1,4096,1438,0,265700000,-83.882439
10.603536,0.013,1441,1,4096,1439,0,265850000,-83.472145
10.618540,15.003,1442,1,4096,1440,0,266000000,-83.935936
10.618554,0.014,1443,1,4096,1441,0,266150000,-84.150444
10.636052,17.497,1444,1,4096,1442,0,266300000,-83.449287
10.636064,0.013,1445,1,4096,1443,0,266450000,-84.619438
10.651056,14.992,1446,1,4096,1444,0,266600000,-84.343895
10.651069,0.013,1447,1,4096,1445,0,266750000,-84.485146
10.665569,14.500,1448,1,4096,1446,0,266900000,-83.063988
10.665582,0.013,1449,1,4096,1447,0,267050000,-83.064949
10.683595,18.013,1450,1,4096,1448,0,267200000,-84.086021
10.683609,0.014,1451,1,4096,1449,0,267350000,-83.051826
10.683614,0.006,1452,1,4096,1450,0,267500000,-84.683998
10.698080,14.465,1453,1,4096,1451,0,267650000,-84.639046
10.698093,0.013,1454,1,4096,1452,0,267800000,-83.381645
10.716082,17.989,1455,1,4096,1453,0,267950000,-83.951851
10.716094,0.012,1456,1,4096,1454,0,268100000,-84.797676
10.730312,14.218,1457,1,4096,1455,0,268250000,-83.889793
10.730325,0.013,1458,1,4096,1456,0,268400000,-83.813454
10.745306,14.981,1459,1,4096,1457,0,268550000,-83.937172
10.745318,0.012,1460,1,4096,1458,0,268700000,-84.341225
10.762326,17.008,1461,1,4096,1459,0,268850000,-84.167122
10.762340,0.013,1462,1,4096,1460,0,269000000,-83.526451
10.777353,15.014,1463,1,4096,1461,0,269150000,-84.022743
10.777367,0.014,1464,1,4096,1462,0,269300000,-84.531883
10.777373,0.006,1465,1,4096,1463,0,269450000,-84.019753
10.795337,17.964,1466,1,4096,1464,0,269600000,-83.569176
10.795349,0.013,1467,1,4096,1465,0,269750000,-83.299141
10.810354,15.004,1468,1,4096,1466,0,269900000,-84.023872
10.810367,0.014,1469,1,4096,1467,0,270050000,-84.882271
10.827864,17.497,1470,1,4096,1468,0,270200000,-83.646461
10.827877,0.013,1471,1,4096,1469,0,270350000,-84.806206
10.842854,14.976,1472,1,4096,1470,0,270500000,-83.078636
10.842866,0.012,1473,1,4096,1471,0,270650000,-84.905846
10.859915,17.050,1474,1,4096,1472,0,270800000,-83.210243
10.859928,0.013,1475,1,4096,1473,0,270950000,-83.706612
10.874932,15.004,1476,1,4096,1474,0,271100000,-84.935020
10.874947,0.015,1477,1,4096,1475,0,271250000,-83.830177
10.874951,0.005,1478,1,4096,1476,0,271400000,-84.127098
10.889422,14.471,1479,1,4096,1477,0,271550000,-83.071602
10.889434,0.012,1480,1,4096,1478,0,271700000,-84.753471
10.907438,18.004,1481,1,4096,1479,0,271850000,-84.160530
10.907452,0.014,1482,1,4096,1480,0,272000000,-83.441292
10.921451,13.999,1483,1,4096,1481,0,272150000,-83.637459
10.921465,0.014,1484,1,4096,1482,0,272300000,-83.415291
10.939455,17.990,1485,1,4096,1483,0,272450000,-84.159386
10.939469,0.014,1486,1,4096,1484,0,272600000,-83.684135
10.953959,14.489,1487,1,4096,1485,0,272750000,-83.910591
10.953972,0.014,1488,1,4096,1486,0,272900000,-82.854713
10.972009,18.037,1489,1,4096,1487,0,273050000,-84.456902
10.972024,0.015,1490,1,4096,1488,0,273200000,-82.630684
10.972030,0.006,1491,1,4096,1489,0,273350000,-83.159508
10.986489,14.460,1492,1,4096,1490,0,273500000,-83.445732
10.986504,0.014,1493,1,4096,1491,0,273650000,-83.625862
11.001493,14.990,1494,1,4096,1492,0,273800000,-83.567955
11.001508,0.014,1495,1,4096,1493,0,273950000,-83.685280
11.019003,17.495,1496,1,4096,1494,0,274100000,-83.934029
11.019016,0.013,1497,1,4096,1495,0,274250000,-83.884041
11.033572,14.556,1498,1,4096,1496,0,274400000,-82.778740
11.033586,0.014,1499,1,4096,1497,0,274550000,-83.173424
11.051089,17.503,1500,1,4096,1498,0,274700000,-85.123970
11.051103,0.014,1501,1,4096,1499,0,274850000,-84.045540
11.066073,14.970,1502,1,4096,1500,0,275000000,-85.108971
11.066086,0.012,1503,1,4096,1501,0,275150000,-83.558723
11.083619,17.534,1504,1,4096,1502,0,275300000,-84.251213
11.083633,0.014,1505,1,4096,1503,0,275450000,-83.889870
11.083639,0.006,1506,1,4096,1504,0,275600000,-84.859352
11.098640,15.001,1507,1,4096,1505,0,275750000,-84.090111
11.098656,0.016,1508,1,4096,1506,0,275900000,-83.590065
11.116121,17.466,1509,1,4096,1507,0,276050000,-83.671043
11.116136,0.015,1510,1,4096,1508,0,276200000,-83.698952
11.130156,14.019,1511,1,4096,1509,0,276350000,-83.780220
11.130170,0.015,1512,1,4096,1510,0,276500000,-84.629982
11.148158,17.988,1513,1,4096,1511,0,276650000,-83.543297
11.148173,0.015,1514,1,4096,1512,0,276800000,-84.637047
11.162758,14.585,1515,1,4096,1513,0,276950000,-83.306252
11.162786,0.029,1516,1,4096,1514,0,277100000,-83.295158
11.177732,14.946,1517,1,4096,1515,0,277250000,-83.031441
11.177756,0.023,1518,1,4096,1516,0,277400000,-83.730415
11.177761,0.005,1519,1,4096,1517,0,277550000,-83.119530
11.195231,17.470,1520,1,4096,1518,0,277700000,-83.873207
11.195243,0.013,1521,1,4096,1519,0,277850000,-84.208504
11.209741,14.497,1522,1,4096,1520,0,278000000,-83.534218
11.209754,0.013,1523,1,4096,1521,0,278150000,-82.833244
11.227723,17.969,1524,1,4096,1522,0,278300000,-84.345314
11.227735,0.012,1525,1,4096,1523,0,278450000,-84.555687
11.242240,14.505,1526,1,4096,1524,0,278600000,-84.535896
11.242253,0.013,1527,1,4096,1525,0,278750000,-83.758812
11.259285,17.032,1528,1,4096,1526,0,278900000,-84.268425
11.259297,0.012,1529,1,4096,1527,0,279050000,-84.176720
11.273809,14.512,1530,1,4096,1528,0,279200000,-83.600151
11.273823,0.014,1531,1,4096,1529,0,279350000,-83.069984
11.273829,0.006,1532,1,4096,1530,0,279500000,-83.771034
11.291790,17.961,1533,1,4096,1531,0,279650000,-84.014046
11.291804,0.014,1534,1,4096,1532,0,279800000,-84.090721
11.306294,14.491,1535,1,4096,1533,0,279950000,-83.295738
11.306308,0.013,1536,1,4096,1534,0,280100000,-83.377632
11.321320,15.013,1537,1,4096,1535,0,280250000,-83.908241
11.321334,0.014,1538,1,4096,1536,0,280400000,-83.601662
11.338816,17.482,1539,1,4096,1537,0,280550000,-83.952385
11.338829,0.013,1540,1,4096,1538,0,280700000,-85.470268
11.353822,14.992,1541,1,4096,1539,0,280850000,-83.873528
11.353836,0.014,1542,1,4096,1540,0,281000000,-84.139961
11.371353,17.518,1543,1,4096,1541,0,281150000,-83.343681
11.371366,0.013,1544,1,4096,1542,0,281300000,-83.625648
11.371372,0.006,1545,1,4096,1543,0,281450000,-83.252388
11.386351,14.980,1546,1,4096,1544,0,281600000,-84.756065
11.386365,0.013,1547,1,4096,1545,0,281750000,-83.806648
11.403859,17.494,1548,1,4096,1546,0,281900000,-84.001183
11.403872,0.013,1549,1,4096,1547,0,282050000,-84.148994
11.418865,14.993,1550,1,4096,1548,0,282200000,-83.436516
11.418877,0.012,1551,1,4096,1549,0,282350000,-83.469872
11.433360,14.483,1552,1,4096,1550,0,282500000,-83.028618
11.433372,0.012,1553,1,4096,1551,0,282650000,-83.451073
11.451373,18.001,1554,1,4096,1552,0,282800000,-84.311668
11.451386,0.013,1555,1,4096,1553,0,282950000,-83.536293
11.465901,14.515,1556,1,4096,1554,0,283100000,-83.435371
11.465912,0.011,1557,1,4096,1555,0,283250000,-83.906273
11.465918,0.005,1558,1,4096,1556,0,283400000,-83.418877
11.483896,17.978,1559,1,4096,1557,0,283550000,-83.018410
11.483908,0.013,1560,1,4096,1558,0,283700000,-83.536186
11.498951,15.043,1561,1,4096,1559,0,283850000,-82.365532
11.498965,0.014,1562,1,4096,1560,0,284000000,-83.214317
11.513922,14.957,1563,1,4096,1561,0,284150000,-82.329247
11.513937,0.015,1564,1,4096,1562,0,284300000,-84.229286
11.530898,16.961,1565,1,4096,1563,0,284450000,-84.134117
11.530916,0.018,1566,1,4096,1564,0,284600000,-82.519295
11.545857,14.941,1567,1,4096,1565,0,284750000,-83.139778
11.545873,0.016,1568,1,4096,1566,0,284900000,-84.650261
11.563358,17.485,1569,1,4096,1567,0,285050000,-83.289131
11.563370,0.013,1570,1,4096,1568,0,285200000,-83.816948
11.563375,0.005,1571,1,4096,1569,0,285350000,-84.370903
11.578193,14.818,1572,1,4096,1570,0,285500000,-83.950096
11.578211,0.018,1573,1,4096,1571,0,285650000,-83.266609
11.595282,17.071,1574,1,4096,1572,0,285800000,-84.984428
11.595298,0.017,1575,1,4096,1573,0,285950000,-84.132545
11.609756,14.457,1576,1,4096,1574,0,286100000,-82.504875
11.609776,0.020,1577,1,4096,1575,0,286250000,-84.020729
11.626691,16.915,1578,1,4096,1576,0,286400000,-83.334068
11.626705,0.015,1579,1,4096,1577,0,286550000,-83.258583
11.643180,16.475,1580,1,4096,1578,0,286700000,-83.321602
11.643193,0.013,1581,1,4096,1579,0,286850000,-83.161461
11.658885,15.692,1582,1,4096,1580,0,287000000,-83.941734
11.659513,0.628,1583,1,4096,1581,0,287150000,-83.546501
11.659523,0.010,1584,1,4096,1582,0,287300000,-83.564613
11.674392,14.869,1585,1,4096,1583,0,287450000,-84.480904
11.674455,0.062,1586,1,4096,1584,0,287600000,-83.267387
11.690285,15.831,1587,1,4096,1585,0,287750000,-83.450706
11.690305,0.020,1588,1,4096,1586,0,287900000,-84.113991
11.705393,15.088,1589,1,4096,1587,0,288050000,-83.504539
11.705410,0.017,1590,1,4096,1588,0,288200000,-83.467903
11.722923,17.514,1591,1,4096,1589,0,288350000,-83.199760
11.722938,0.014,1592,1,4096,1590,0,288500000,-85.158531
11.737882,14.944,1593,1,4096,1591,0,288650000,-84.353935
11.737895,0.013,1594,1,4096,1592,0,288800000,-83.173683
11.755527,17.632,1595,1,4096,1593,0,288950000,-83.411232
11.755542,0.015,1596,1,4096,1594,0,289100000,-83.765129
11.755548,0.006,1597,1,4096,1595,0,289250000,-83.813103
11.770259,14.711,1598,1,4096,1596,0,289400000,-84.606789
11.770277,0.018,1599,1,4096,1597,0,289550000,-82.911430
11.785204,14.927,1600,1,4096,1598,0,289700000,-83.309715
11.785218,0.013,1601,1,4096,1599,0,289850000,-84.240456
11.802560,17.343,1602,1,4096,1600,0,290000000,-83.918510
11.802574,0.013,1603,1,4096,1601,0,290150000,-84.489464
11.820100,17.526,1604,1,4096,1602,0,290300000,-84.418892
11.820113,0.013,1605,1,4096,1603,0,290450000,-83.298332
11.835243,15.130,1606,1,4096,1604,0,290600000,-83.879265
11.835259,0.016,1607,1,4096,1605,0,290750000,-83.770287
11.850159,14.900,1608,1,4096,1606,0,290900000,-83.341240
11.850172,0.013,1609,1,4096,1607,0,291050000,-83.444923
11.850177,0.005,1610,1,4096,1608,0,291200000,-83.884804
11.867635,17.458,1611,1,4096,1609,0,291350000,-84.694313
11.867650,0.016,1612,1,4096,1610,0,291500000,-84.161095
11.882628,14.978,1613,1,4096,1611,0,291650000,-84.207588
11.882641,0.013,1614,1,4096,1612,0,291800000,-83.564720
11.900144,17.502,1615,1,4096,1613,0,291950000,-84.656807
11.900167,0.023,1616,1,4096,1614,0,292100000,-83.322472
11.915285,15.118,1617,1,4096,1615,0,292250000,-83.879753
11.915300,0.015,1618,1,4096,1616,0,292400000,-84.278313
11.929663,14.363,1619,1,4096,1617,0,292550000,-83.015938
11.929676,0.013,1620,1,4096,1618,0,292700000,-82.962196
11.947687,18.011,1621,1,4096,1619,0,292850000,-84.183540
11.947702,0.015,1622,1,4096,1620,0,293000000,-85.259834
11.947707,0.006,1623,1,4096,1621,0,293150000,-84.050026
11.962175,14.468,1624,1,4096,1622,0,293300000,-83.901085
11.962188,0.013,1625,1,4096,1623,0,293450000,-84.807518
11.977183,14.995,1626,1,4096,1624,0,293600000,-83.703056
11.977198,0.015,1627,1,4096,1625,0,293750000,-84.238106
11.994433,17.234,1628,1,4096,1626,0,293900000,-83.918678
11.994455,0.022,1629,1,4096,1627,0,294050000,-83.151314
12.009360,14.905,1630,1,4096,1628,0,294200000,-83.821129
12.009370,0.011,1631,1,4096,1629,0,294350000,-83.644051
12.026888,17.518,1632,1,4096,1630,0,294500000,-83.992638
12.026902,0.014,1633,1,4096,1631,0,294650000,-83.554924
12.041909,15.008,1634,1,4096,1632,0,294800000,-83.708580
12.041923,0.014,1635,1,4096,1633,0,294950000,-82.988564
12.041928,0.006,1636,1,4096,1634,0,295100000,-84.007103
12.059397,17.468,1637,1,4096,1635,0,295250000,-84.102684
12.059410,0.013,1638,1,4096,1636,0,295400000,-83.325661
12.074443,15.033,1639,1,4096,1637,0,295550000,-83.882011
12.074461,0.018,1640,1,4096,1638,0,295700000,-84.813988
12.091914,17.453,1641,1,4096,1639,0,295850000,-83.305428
12.091928,0.014,1642,1,4096,1640,0,296000000,-83.385139
12.106913,14.985,1643,1,4096,1641,0,296150000,-83.294472
12.106926,0.014,1644,1,4096,1642,0,296300000,-83.094734
12.121206,14.280,1645,1,4096,1643,0,296450000,-82.723213
12.121218,0.012,1646,1,4096,1644,0,296600000,-84.100517
12.138278,17.059,1647,1,4096,1645,0,296750000,-83.568077
12.138290,0.012,1648,1,4096,1646,0,296900000,-84.200584
12.138295,0.005,1649,1,4096,1647,0,297050000,-83.753014
12.155778,17.483,1650,1,4096,1648,0,297200000,-84.186806
12.155790,0.012,1651,1,4096,1649,0,297350000,-84.484093
12.170786,14.996,1652,1,4096,1650,0,297500000,-83.035149
12.170799,0.013,1653,1,4096,1651,0,297650000,-83.706947
12.185298,14.499,1654,1,4096,1652,0,297800000,-83.961021
12.185310,0.013,1655,1,4096,1653,0,297950000,-83.669289
12.203310,18.000,1656,1,4096,1654,0,298100000,-82.547478
12.203324,0.014,1657,1,4096,1655,0,298250000,-83.316795
12.217346,14.022,1658,1,4096,1656,0,298400000,-83.123878
12.217360,0.014,1659,1,4096,1657,0,298550000,-83.251472
12.233935,16.575,1660,1,4096,1658,0,298700000,-82.227440
12.233949,0.014,1661,1,4096,1659,0,298850000,-85.434868
12.233954,0.006,1662,1,4096,1660,0,299000000,-83.507362
12.251419,17.464,1663,1,4096,1661,0,299150000,-84.551750
12.251432,0.013,1664,1,4096,1662,0,299300000,-84.260109
12.265565,14.134,1665,1,4096,1663,0,299450000,-83.390755
12.265578,0.013,1666,1,4096,1664,0,299600000,-84.555580
12.283577,17.999,1667,1,4096,1665,0,299750000,-83.670021
12.283591,0.014,1668,1,4096,1666,0,299900000,-83.266945
12.298080,14.489,1669,1,4096,1667,0,300050000,-83.820518
12.298094,0.014,1670,1,4096,1668,0,300200000,-82.242226
12.316084,17.990,1671,1,4096,1669,0,300350000,-82.842842
12.316095,0.012,1672,1,4096,1670,0,300500000,-84.511269
12.330622,14.527,1673,1,4096,1671,0,300650000,-83.007378
12.330634,0.012,1674,1,4096,1672,0,300800000,-83.796486
12.330639,0.005,1675,1,4096,1673,0,300950000,-83.930794
12.345600,14.961,1676,1,4096,1674,0,301100000,-84.753593
12.345612,0.012,1677,1,4096,1675,0,301250000,-84.101967
12.363638,18.026,1678,1,4096,1676,0,301400000,-83.394142
12.363652,0.014,1679,1,4096,1677,0,301550000,-83.552849
12.378631,14.979,1680,1,4096,1678,0,301700000,-82.144829
12.378644,0.013,1681,1,4096,1679,0,301850000,-83.675133
12.393131,14.487,1682,1,4096,1680,0,302000000,-83.892616
12.393144,0.014,1683,1,4096,1681,0,302150000,-84.042610
12.411139,17.995,1684,1,4096,1682,0,302300000,-82.928810
12.411152,0.013,1685,1,4096,1683,0,302450000,-83.735130
12.425706,14.554,1686,1,4096,1684,0,302600000,-83.531212
12.425719,0.013,1687,1,4096,1685,0,302750000,-83.939201
12.425724,0.004,1688,1,4096,1686,0,302900000,-84.112160
12.443227,17.504,1689,1,4096,1687,0,303050000,-83.145882
12.443240,0.013,1690,1,4096,1688,0,303200000,-83.770882
12.457745,14.505,1691,1,4096,1689,0,303350000,-84.926048
12.457759,0.014,1692,1,4096,1690,0,303500000,-83.725685
12.475753,17.994,1693,1,4096,1691,0,303650000,-83.204506
12.475766,0.013,1694,1,4096,1692,0,303800000,-83.250954
12.490252,14.485,1695,1,4096,1693,0,303950000,-83.597740
12.490263,0.012,1696,1,4096,1694,0,304100000,-83.823494
12.505268,15.005,1697,1,4096,1695,0,304250000,-83.677483
12.505282,0.014,1698,1,4096,1696,0,304400000,-82.567513
12.522797,17.514,1699,1,4096,1697,0,304550000,-83.057838
12.522810,0.013,1700,1,4096,1698,0,304700000,-84.382957
12.522816,0.006,1701,1,4096,1699,0,304850000,-83.295479
12.537356,14.540,1702,1,4096,1700,0,305000000,-82.714775
12.537370,0.014,1703,1,4096,1701,0,305150000,-83.255913
12.554870,17.499,1704,1,4096,1702,0,305300000,-82.858803
12.554887,0.017,1705,1,4096,1703,0,305450000,-83.136543
12.569863,14.976,1706,1,4096,1704,0,305600000,-83.579506
12.569876,0.013,1707,1,4096,1705,0,305750000,-82.880730
12.587366,17.490,1708,1,4096,1706,0,305900000,-84.464317
12.587380,0.014,1709,1,4096,1707,0,306050000,-83.555229
12.602372,14.991,1710,1,4096,1708,0,306200000,-83.525536
12.602386,0.014,1711,1,4096,1709,0,306350000,-84.330055
12.617397,15.012,1712,1,4096,1710,0,306500000,-83.318886
12.617412,0.015,1713,1,4096,1711,0,306650000,-82.966759
12.617418,0.006,1714,1,4096,1712,0,306800000,-83.035988
12.633233,15.815,1715,1,4096,1713,0,306950000,-82.342354
12.633245,0.012,1716,1,4096,1714,0,307100000,-84.349236
12.651280,18.035,1717,1,4096,1715,0,307250000,-84.841393
12.651297,0.016,1718,1,4096,1716,0,307400000,-82.684135
12.666262,14.965,1719,1,4096,1717,0,307550000,-83.094902
12.666275,0.014,1720,1,4096,1718,0,307700000,-83.730492
12.681255,14.980,1721,1,4096,1719,0,307850000,-83.857735
12.681268,0.013,1722,1,4096,1720,0,308000000,-82.126106
12.698763,17.495,1723,1,4096,1721,0,308150000,-83.044411
12.698776,0.013,1724,1,4096,1722,0,308300000,-82.933464
12.713804,15.028,1725,1,4096,1723,0,308450000,-84.442879
12.713817,0.013,1726,1,4096,1724,0,308600000,-83.568977
12.713823,0.006,1727,1,4096,1725,0,308750000,-84.252647
12.731312,17.490,1728,1,4096,1726,0,308900000,-84.355614
12.731323,0.011,1729,1,4096,1727,0,309050000,-84.238991
12.746313,14.990,1730,1,4096,1728,0,309200000,-83.676521
12.746323,0.010,1731,1,4096,1729,0,309350000,-83.503105
12.763810,17.487,1732,1,4096,1730,0,309500000,-84.766823
12.763821,0.011,1733,1,4096,1731,0,309650000,-83.282921
12.778827,15.007,1734,1,4096,1732,0,309800000,-83.408394
12.778839,0.012,1735,1,4096,1733,0,309950000,-84.162468
12.793333,14.494,1736,1,4096,1734,0,310100000,-84.244911
12.793345,0.012,1737,1,4096,1735,0,310250000,-83.307198
12.811363,18.018,1738,1,4096,1736,0,310400000,-84.210274
12.811374,0.011,1739,1,4096,1737,0,310550000,-83.993965
12.811379,0.005,1740,1,4096,1738,0,310700000,-82.720177
12.825438,14.059,1741,1,4096,1739,0,310850000,-84.015633
12.825449,0.011,1742,1,4096,1740,0,311000000,-82.292488
12.843085,17.635,1743,1,4096,1741,0,311150000,-84.130028
12.843097,0.012,1744,1,4096,1742,0,311300000,-83.605400
12.857585,14.488,1745,1,4096,1743,0,311450000,-83.882103
12.857596,0.011,1746,1,4096,1744,0,311600000,-82.761742
12.875595,18.000,1747,1,4096,1745,0,311750000,-84.439674
12.875605,0.009,1748,1,4096,1746,0,311900000,-84.449043
12.890618,15.014,1749,1,4096,1747,0,312050000,-83.834496
12.890630,0.012,1750,1,4096,1748,0,312200000,-84.800117
12.905618,14.988,1751,1,4096,1749,0,312350000,-83.307854
12.905628,0.010,1752,1,4096,1750,0,312500000,-83.380302
12.905632,0.005,1753,1,4096,1751,0,312650000,-83.511116
12.923122,17.489,1754,1,4096,1752,0,312800000,-83.286415
12.923135,0.014,1755,1,4096,1753,0,312950000,-83.743843
12.938132,14.997,1756,1,4096,1754,0,313100000,-83.280342
12.938144,0.012,1757,1,4096,1755,0,313250000,-82.784782
12.953129,14.985,1758,1,4096,1756,0,313400000,-83.958443
12.953141,0.012,1759,1,4096,1757,0,313550000,-83.110725
12.970662,17.520,1760,1,4096,1758,0,313700000,-83.344246
12.970675,0.013,1761,1,4096,1759,0,313850000,-83.340782
12.985640,14.965,1762,1,4096,1760,0,314000000,-85.465752
12.985652,0.012,1763,1,4096,1761,0,314150000,-84.104637
13.003180,17.529,1764,1,4096,1762,0,314300000,-83.539375
13.003193,0.012,1765,1,4096,1763,0,314450000,-82.916466
13.003198,0.006,1766,1,4096,1764,0,314600000,-82.509758
13.018152,14.953,1767,1,4096,1765,0,314750000,-83.565987
13.018163,0.011,1768,1,4096,1766,0,314900000,-83.085487
13.035672,17.509,1769,1,4096,1767,0,315050000,-84.168404
13.035685,0.013,1770,1,4096,1768,0,315200000,-82.379738
13.050197,14.512,1771,1,4096,1769,0,315350000,-86.141945
13.050209,0.012,1772,1,4096,1770,0,315500000,-83.785942
13.067692,17.484,1773,1,4096,1771,0,315650000,-84.321190
13.067706,0.014,1774,1,4096,1772,0,315800000,-83.174690
13.082728,15.022,1775,1,4096,1773,0,315950000,-83.092567
13.082738,0.010,1776,1,4096,1774,0,316100000,-84.423058
13.097262,14.524,1777,1,4096,1775,0,316250000,-84.373604
13.097273,0.011,1778,1,4096,1776,0,316400000,-84.258415
13.097279,0.006,1779,1,4096,1777,0,316550000,-83.332161
13.115218,17.940,1780,1,4096,1778,0,316700000,-83.492012
13.115231,0.012,1781,1,4096,1779,0,316850000,-84.096809
13.129709,14.478,1782,1,4096,1780,0,317000000,-84.668251
13.129720,0.011,1783,1,4096,1781,0,317150000,-82.160133
13.147733,18.013,1784,1,4096,1782,0,317300000,-83.275246
13.147745,0.012,1785,1,4096,1783,0,317450000,-82.929817
13.162220,14.476,1786,1,4096,1784,0,317600000,-83.221199
13.162231,0.011,1787,1,4096,1785,0,317750000,-84.207191
13.177254,15.023,1788,1,4096,1786,0,317900000,-83.283989
13.177268,0.014,1789,1,4096,1787,0,318050000,-83.569695
13.194823,17.555,1790,1,4096,1788,0,318200000,-82.175713
13.194846,0.023,1791,1,4096,1789,0,318350000,-84.118034
13.194852,0.006,1792,1,4096,1790,0,318500000,-83.833641
13.209768,14.916,1793,1,4096,1791,0,318650000,-83.017342
13.209783,0.015,1794,1,4096,1792,0,318800000,-83.846184
13.227285,17.502,1795,1,4096,1793,0,318950000,-83.296883
13.227301,0.016,1796,1,4096,1794,0,319100000,-84.734474
13.242294,14.993,1797,1,4096,1795,0,319250000,-83.239357
13.242309,0.015,1798,1,4096,1796,0,319400000,-83.811501
13.259323,17.014,1799,1,4096,1797,0,319550000,-83.651634
13.259337,0.014,1800,1,4096,1798,0,319700000,-83.683266
13.274358,15.021,1801,1,4096,1799,0,319850000,-83.012611
13.274398,0.040,1802,1,4096,1800,0,320000000,-84.028526
13.274404,0.006,1803,1,4096,1801,0,320150000,-83.807396
13.291848,17.444,1804,1,4096,1802,0,320300000,-82.824944
13.291862,0.014,1805,1,4096,1803,0,320450000,-82.963371
13.306850,14.988,1806,1,4096,1804,0,320600000,-83.506310
13.306861,0.012,1807,1,4096,1805,0,320750000,-83.626656
13.321345,14.484,1808,1,4096,1806,0,320900000,-83.219780
13.321359,0.014,1809,1,4096,1807,0,321050000,-84.042412
13.338491,17.133,1810,1,4096,1808,0,321200000,-83.706169
13.338504,0.013,1811,1,4096,1809,0,321350000,-83.097664
13.353457,14.953,1812,1,4096,1810,0,321500000,-83.689461
13.353468,0.011,1813,1,4096,1811,0,321650000,-83.823982
13.371051,17.583,1814,1,4096,1812,0,321800000,-83.223701
13.371065,0.014,1815,1,4096,1813,0,321950000,-84.093681
13.371072,0.007,1816,1,4096,1814,0,322100000,-84.343437
13.386003,14.931,1817,1,4096,1815,0,322250000,-84.078072
13.386016,0.013,1818,1,4096,1816,0,322400000,-84.214012
13.403496,17.479,1819,1,4096,1817,0,322550000,-83.211601
13.403508,0.012,1820,1,4096,1818,0,322700000,-83.599617
13.418516,15.008,1821,1,4096,1819,0,322850000,-84.654533
13.418529,0.014,1822,1,4096,1820,0,323000000,-83.865517
13.435540,17.010,1823,1,4096,1821,0,323150000,-82.633125
13.435552,0.013,1824,1,4096,1822,0,323300000,-83.951256
13.450019,14.467,1825,1,4096,1823,0,323450000,-83.630669
13.450030,0.011,1826,1,4096,1824,0,323600000,-83.703987
13.467558,17.528,1827,1,4096,1825,0,323750000,-82.860878
13.467570,0.012,1828,1,4096,1826,0,323900000,-83.809074
13.467575,0.006,1829,1,4096,1827,0,324050000,-83.507729
13.482530,14.955,1830,1,4096,1828,0,324200000,-83.819130
13.482542,0.012,1831,1,4096,1829,0,324350000,-83.181038
13.499537,16.995,1832,1,4096,1830,0,324500000,-83.761574
13.499549,0.012,1833,1,4096,1831,0,324650000,-84.034325
13.514534,14.984,1834,1,4096,1832,0,324800000,-83.920006
13.514544,0.011,1835,1,4096,1833,0,324950000,-83.692497
13.531068,16.524,1836,1,4096,1834,0,325100000,-82.764305
13.531080,0.012,1837,1,4096,1835,0,325250000,-83.045189
13.545570,14.490,1838,1,4096,1836,0,325400000,-84.195076
13.545583,0.013,1839,1,4096,1837,0,325550000,-84.154274
13.563096,17.513,1840,1,4096,1838,0,325700000,-83.783546
13.563109,0.013,1841,1,4096,1839,0,325850000,-84.186058
13.563115,0.006,1842,1,4096,1840,0,326000000,-83.944939
13.578085,14.970,1843,1,4096,1841,0,326150000,-82.863945
13.578098,0.013,1844,1,4096,1842,0,326300000,-83.206718
13.595611,17.514,1845,1,4096,1843,0,326450000,-83.132988
13.595625,0.014,1846,1,4096,1844,0,326600000,-84.244164
13.610628,15.003,1847,1,4096,1845,0,326750000,-84.256874
13.610644,0.016,1848,1,4096,1846,0,326900000,-83.096519
13.625104,14.461,1849,1,4096,1847,0,327050000,-82.713921
13.625116,0.011,1850,1,4096,1848,0,327200000,-83.757805
13.642134,17.018,1851,1,4096,1849,0,327350000,-83.763741
13.642146,0.012,1852,1,4096,1850,0,327500000,-82.894844
13.657182,15.036,1853,1,4096,1851,0,327650000,-83.230385
13.657196,0.014,1854,1,4096,1852,0,327800000,-83.144814
13.657202,0.006,1855,1,4096,1853,0,327950000,-83.119987
13.674676,17.474,1856,1,4096,1854,0,328100000,-83.616463
13.674691,0.015,1857,1,4096,1855,0,328250000,-84.410301
13.689674,14.983,1858,1,4096,1856,0,328400000,-84.684822
13.689686,0.012,1859,1,4096,1857,0,328550000,-83.279823
13.707179,17.492,1860,1,4096,1858,0,328700000,-84.399193
13.707193,0.015,1861,1,4096,1859,0,328850000,-84.637794
13.722182,14.989,1862,1,4096,1860,0,329000000,-83.322777
13.722196,0.014,1863,1,4096,1861,0,329150000,-83.109825
13.739695,17.499,1864,1,4096,1862,0,329300000,-83.107536
13.739708,0.013,1865,1,4096,1863,0,329450000,-84.962837
13.754736,15.028,1866,1,4096,1864,0,329600000,-83.405418
13.754749,0.014,1867,1,4096,1865,0,329750000,-83.843864
13.754755,0.006,1868,1,4096,1866,0,329900000,-83.943642
13.769215,14.459,1869,1,4096,1867,0,330050000,-84.094414
13.769230,0.015,1870,1,4096,1868,0,330200000,-83.505653
13.787208,17.978,1871,1,4096,1869,0,330350000,-83.506676
13.787221,0.013,1872,1,4096,1870,0,330500000,-83.877007
13.801716,14.495,1873,1,4096,1871,0,330650000,-83.727394
13.801728,0.013,1874,1,4096,1872,0,330800000,-83.056969
13.819737,18.009,1875,1,4096,1873,0,330950000,-83.716850
13.819750,0.012,1876,1,4096,1874,0,331100000,-84.654152
13.834236,14.486,1877,1,4096,1875,0,331250000,-83.809151
13.834248,0.012,1878,1,4096,1876,0,331400000,-84.622490
13.849277,15.029,1879,1,4096,1877,0,331550000,-83.116417
13.849290,0.013,1880,1,4096,1878,0,331700000,-83.819023
13.849295,0.006,1881,1,4096,1879,0,331850000,-84.139397
13.866739,17.444,1882,1,4096,1880,0,332000000,-83.870079
13.866751,0.012,1883,1,4096,1881,0,332150000,-82.880882
13.881741,14.990,1884,1,4096,1882,0,332300000,-84.073418
13.881752,0.010,1885,1,4096,1883,0,332450000,-83.742699
13.899263,17.511,1886,1,4096,1884,0,332600000,-83.650139
13.899274,0.012,1887,1,4096,1885,0,332750000,-82.317589
13.914283,15.009,1888,1,4096,1886,0,332900000,-83.299507
13.914297,0.014,1889,1,4096,1887,0,333050000,-83.263542
13.931869,17.572,1890,1,4096,1888,0,333200000,-83.705193
13.931884,0.015,1891,1,4096,1889,0,333350000,-83.272270
13.946806,14.922,1892,1,4096,1890,0,333500000,-82.862846
13.946819,0.013,1893,1,4096,1891,0,333650000,-84.021446
13.946824,0.005,1894,1,4096,1892,0,333800000,-84.352715
13.961280,14.455,1895,1,4096,1893,0,333950000,-84.649391
13.961290,0.010,1896,1,4096,1894,0,334100000,-83.270851
13.979083,17.793,1897,1,4096,1895,0,334250000,-85.116158
13.979095,0.012,1898,1,4096,1896,0,334400000,-84.491280
13.993608,14.513,1899,1,4096,1897,0,334550000,-84.717033
13.993625,0.017,1900,1,4096,1898,0,334700000,-83.587364
14.011581,17.956,1901,1,4096,1899,0,334850000,-83.003517
14.011591,0.010,1902,1,4096,1900,0,335000000,-83.388039
14.026122,14.530,1903,1,4096,1901,0,335150000,-84.055229
14.026138,0.016,1904,1,4096,1902,0,335300000,-83.936501
14.026143,0.005,1905,1,4096,1903,0,335450000,-83.034004
14.043001,16.858,1906,1,4096,1904,0,335600000,-84.227135
14.043014,0.013,1907,1,4096,1905,0,335750000,-83.617165
14.057981,14.966,1908,1,4096,1906,0,335900000,-83.606178
14.057991,0.011,1909,1,4096,1907,0,336050000,-82.672523
14.075510,17.518,1910,1,4096,1908,0,336200000,-82.938820
14.075522,0.013,1911,1,4096,1909,0,336350000,-83.896858
14.090516,14.994,1912,1,4096,1910,0,336500000,-83.200554
14.090529,0.013,1913,1,4096,1911,0,336650000,-83.706001
14.105013,14.484,1914,1,4096,1912,0,336800000,-83.343391
14.105026,0.013,1915,1,4096,1913,0,336950000,-83.133446
14.123039,18.014,1916,1,4096,1914,0,337100000,-83.106453
14.123051,0.012,1917,1,4096,1915,0,337250000,-83.205849
14.123057,0.006,1918,1,4096,1916,0,337400000,-84.187675
14.137510,14.453,1919,1,4096,1917,0,337550000,-83.544334
14.137522,0.012,1920,1,4096,1918,0,337700000,-84.475670
14.155544,18.022,1921,1,4096,1919,0,337850000,-83.989662
14.155558,0.013,1922,1,4096,1920,0,338000000,-84.821648
14.170091,14.534,1923,1,4096,1921,0,338150000,-83.103355
14.170107,0.015,1924,1,4096,1922,0,338300000,-84.185768
14.185056,14.949,1925,1,4096,1923,0,338450000,-84.154808
14.185069,0.013,1926,1,4096,1924,0,338600000,-82.250847
14.202530,17.461,1927,1,4096,1925,0,338750000,-83.369255
14.202541,0.011,1928,1,4096,1926,0,338900000,-83.681129
14.217581,15.041,1929,1,4096,1927,0,339050000,-83.662727
14.217594,0.013,1930,1,4096,1928,0,339200000,-83.110603
14.217600,0.006,1931,1,4096,1929,0,339350000,-83.826042
14.235187,17.587,1932,1,4096,1930,0,339500000,-83.412712
14.235205,0.019,1933,1,4096,1931,0,339650000,-83.298439
14.250150,14.945,1934,1,4096,1932,0,339800000,-82.363106
14.250162,0.012,1935,1,4096,1933,0,339950000,-83.948051
14.267663,17.501,1936,1,4096,1934,0,340100000,-83.569389
14.267676,0.013,1937,1,4096,1935,0,340250000,-82.918831
14.282672,14.997,1938,1,4096,1936,0,340400000,-83.112495
14.282684,0.012,1939,1,4096,1937,0,340550000,-83.141304
14.297191,14.507,1940,1,4096,1938,0,340700000,-83.333733
14.297203,0.012,1941,1,4096,1939,0,340850000,-82.932701
14.315219,18.015,1942,1,4096,1940,0,341000000,-83.804955
14.315234,0.016,1943,1,4096,1941,0,341150000,-83.259102
14.315239,0.005,1944,1,4096,1942,0,341300000,-83.252953
14.329670,14.431,1945,1,4096,1943,0,341450000,-84.250053
14.329681,0.011,1946,1,4096,1944,0,341600000,-83.617073
14.347211,17.530,1947,1,4096,1945,0,341750000,-82.831490
14.347224,0.013,1948,1,4096,1946,0,341900000,-83.933449
14.361704,14.480,1949,1,4096,1947,0,342050000,-83.471886
14.361715,0.012,1950,1,4096,1948,0,342200000,-83.954460
14.379712,17.996,1951,1,4096,1949,0,342350000,-83.264778
14.379723,0.011,1952,1,4096,1950,0,342500000,-84.194466
14.394229,14.506,1953,1,4096,1951,0,342650000,-83.530785
14.394239,0.010,1954,1,4096,1952,0,342800000,-84.595787
14.409266,15.027,1955,1,4096,1953,0,342950000,-83.577324
14.409280,0.014,1956,1,4096,1954,0,343100000,-84.292503
14.409286,0.006,1957,1,4096,1955,0,343250000,-83.516823
14.426729,17.444,1958,1,4096,1956,0,343400000,-84.170631
14.426742,0.012,1959,1,4096,1957,0,343550000,-84.601021
14.441745,15.004,1960,1,4096,1958,0,343700000,-83.718849
14.441759,0.013,1961,1,4096,1959,0,343850000,-84.769493
14.459247,17.488,1962,1,4096,1960,0,344000000,-83.015709
14.459260,0.013,1963,1,4096,1961,0,344150000,-84.053596
14.474253,14.994,1964,1,4096,1962,0,344300000,-83.394386
14.474265,0.012,1965,1,4096,1963,0,344450000,-84.221230
14.491785,17.520,1966,1,4096,1964,0,344600000,-84.051353
14.491797,0.012,1967,1,4096,1965,0,344750000,-84.891075
14.491803,0.006,1968,1,4096,1966,0,344900000,-83.479683
14.506758,14.955,1969,1,4096,1967,0,345050000,-83.836906
14.506771,0.013,1970,1,4096,1968,0,345200000,-83.082146
14.523820,17.049,1971,1,4096,1969,0,345350000,-83.658440
14.523833,0.013,1972,1,4096,1970,0,345500000,-84.422050
14.538820,14.987,1973,1,4096,1971,0,345650000,-82.084724
14.538833,0.013,1974,1,4096,1972,0,345800000,-83.987862
14.553328,14.496,1975,1,4096,1973,0,345950000,-83.039513
14.553342,0.013,1976,1,4096,1974,0,346100000,-83.968559
14.571329,17.987,1977,1,4096,1975,0,346250000,-83.422371
14.571342,0.013,1978,1,4096,1976,0,346400000,-83.638145
14.585858,14.516,1979,1,4096,1977,0,346550000,-84.586586
14.585869,0.011,1980,1,4096,1978,0,346700000,-83.511284
14.585874,0.005,1981,1,4096,1979,0,346850000,-83.884758
14.603848,17.974,1982,1,4096,1980,0,347000000,-82.982689
14.603859,0.012,1983,1,4096,1981,0,347150000,-85.142113
14.618369,14.510,1984,1,4096,1982,0,347300000,-83.925835
14.618383,0.013,1985,1,4096,1983,0,347450000,-83.744194
14.633373,14.991,1986,1,4096,1984,0,347600000,-84.088387
14.633386,0.013,1987,1,4096,1985,0,347750000,-83.829491
14.650901,17.515,1988,1,4096,1986,0,347900000,-84.336952
14.650915,0.014,1989,1,4096,1987,0,348050000,-84.422371
14.665885,14.970,1990,1,4096,1988,0,348200000,-84.815559
14.665900,0.014,1991,1,4096,1989,0,348350000,-83.190041
14.683449,17.549,1992,1,4096,1990,0,348500000,-84.220970
14.683462,0.013,1993,1,4096,1991,0,348650000,-84.098274
14.683468,0.006,1994,1,4096,1992,0,348800000,-83.789406
14.698403,14.935,1995,1,4096,1993,0,348950000,-83.426552
14.698414,0.011,1996,1,4096,1994,0,349100000,-83.804527
14.715902,17.488,1997,1,4096,1995,0,349250000,-83.647011
14.715914,0.012,1998,1,4096,1996,0,349400000,-83.625206
14.730967,15.053,1999,1,4096,1997,0,349550000,-84.349953
14.730980,0.014,2000,1,4096,1998,0,349700000,-82.822853
14.745418,14.437,2001,1,4096,1999,0,349850000,-84.214577
14.745429,0.012,2002,1,4096,2000,0,350000000,-83.341103
14.763438,18.009,2003,1,4096,2001,0,350150000,-83.331963
14.763451,0.013,2004,1,4096,2002,0,350300000,-83.744942
14.777973,14.521,2005,1,4096,2003,0,350450000,-83.842827
14.777985,0.012,2006,1,4096,2004,0,350600000,-83.716988
14.777990,0.006,2007,1,4096,2005,0,350750000,-83.812981
14.792977,14.987,2008,1,4096,2006,0,350900000,-83.427483
14.792991,0.014,2009,1,4096,2007,0,351050000,-83.730309
14.810430,17.440,2010,1,4096,2008,0,351200000,-83.263695
14.810441,0.011,2011,1,4096,2009,0,351350000,-83.440758
14.824978,14.537,2012,1,4096,2010,0,351500000,-83.612450
14.824990,0.012,2013,1,4096,2011,0,351650000,-84.017647
14.842500,17.509,2014,1,4096,2012,0,351800000,-84.058342
14.842514,0.014,2015,1,4096,2013,0,351950000,-83.981575
14.856970,14.457,2016,1,4096,2014,0,352100000,-84.262306
14.856982,0.011,2017,1,4096,2015,0,352250000,-85.318657
14.874531,17.549,2018,1,4096,2016,0,352400000,-83.447945
14.874548,0.018,2019,1,4096,2017,0,352550000,-83.976875
14.874555,0.006,2020,1,4096,2018,0,352700000,-83.001732
14.889485,14.930,2021,1,4096,2019,0,352850000,-85.008156
14.889495,0.010,2022,1,4096,2020,0,353000000,-84.555504
14.906995,17.501,2023,1,4096,2021,0,353150000,-82.376472
14.907006,0.010,2024,1,4096,2022,0,353300000,-83.278328
14.922016,15.010,2025,1,4096,2023,0,353450000,-82.494835
14.922029,0.013,2026,1,4096,2024,0,353600000,-83.884514
14.939019,16.990,2027,1,4096,2025,0,353750000,-83.850807
14.939032,0.013,2028,1,4096,2026,0,353900000,-83.940804
14.954066,15.034,2029,1,4096,2027,0,354050000,-82.981560
14.954078,0.011,2030,1,4096,2028,0,354200000,-84.674355
14.954083,0.006,2031,1,4096,2029,0,354350000,-83.280571
14.971537,17.454,2032,1,4096,2030,0,354500000,-83.661781
14.971550,0.013,2033,1,4096,2031,0,354650000,-84.628014
14.986533,14.983,2034,1,4096,2032,0,354800000,-84.639641
14.986544,0.012,2035,1,4096,2033,0,354950000,-84.180473
15.001042,14.498,2036,1,4096,2034,0,355100000,-82.941795
15.001054,0.012,2037,1,4096,2035,0,355250000,-83.100563
15.019045,17.991,2038,1,4096,2036,0,355400000,-83.052361
15.019057,0.011,2039,1,4096,2037,0,355550000,-83.883003
15.033558,14.502,2040,1,4096,2038,0,355700000,-84.374641
15.033569,0.011,2041,1,4096,2039,0,355850000,-83.196327
15.051112,17.543,2042,1,4096,2040,0,356000000,-82.964836
15.051126,0.014,2043,1,4096,2041,0,356150000,-83.916069
15.051132,0.006,2044,1,4096,2042,0,356300000,-83.319405
15.065579,14.447,2045,1,4096,2043,0,356450000,-83.260048
15.065590,0.011,2046,1,4096,2044,0,356600000,-83.316032
15.083593,18.003,2047,1,4096,2045,0,356750000,-84.099495
15.083604,0.011,2048,1,4096,2046,0,356900000,-82.607567
15.098086,14.482,2049,1,4096,2047,0,357050000,-83.994087
15.098097,0.011,2050,1,4096,2048,0,357200000,-84.125053
15.113119,15.022,2051,1,4096,2049,0,357350000,-83.670189
15.113132,0.013,2052,1,4096,2050,0,357500000,-84.643761
15.130560,17.428,2053,1,4096,2051,0,357650000,-83.805153
15.130574,0.014,2054,1,4096,2052,0,357800000,-83.876366
15.145300,14.726,2055,1,4096,2053,0,357950000,-83.088432
15.145314,0.014,2056,1,4096,2054,0,358100000,-85.435692
15.145319,0.005,2057,1,4096,2055,0,358250000,-83.692238
15.162760,17.441,2058,1,4096,2056,0,358400000,-84.034813
15.162775,0.015,2059,1,4096,2057,0,358550000,-85.181145
15.177327,14.552,2060,1,4096,2058,0,358700000,-85.073235
15.177342,0.015,2061,1,4096,2059,0,358850000,-84.008339
15.194933,17.591,2062,1,4096,2060,0,359000000,-83.596581
15.194958,0.025,2063,1,4096,2061,0,359150000,-83.528999
15.209396,14.438,2064,1,4096,2062,0,359300000,-84.338448
15.209413,0.018,2065,1,4096,2063,0,359450000,-84.129662
15.227369,17.955,2066,1,4096,2064,0,359600000,-84.046898
15.227382,0.013,2067,1,4096,2065,0,359750000,-85.372490
15.242389,15.007,2068,1,4096,2066,0,359900000,-83.510719
15.242404,0.015,2069,1,4096,2067,0,360050000,-84.947792
15.242410,0.006,2070,1,4096,2068,0,360200000,-82.846672
15.256928,14.517,2071,1,4096,2069,0,360350000,-84.094109
15.256950,0.023,2072,1,4096,2070,0,360500000,-83.898842
15.274179,17.228,2073,1,4096,2071,0,360650000,-83.636772
15.274200,0.022,2074,1,4096,2072,0,360800000,-83.749245
15.289524,15.324,2075,1,4096,2073,0,360950000,-83.164970
15.289738,0.214,2076,1,4096,2074,0,361100000,-84.684486
15.307435,17.697,2077,1,4096,2075,0,361250000,-84.009544
15.307450,0.016,2078,1,4096,2076,0,361400000,-83.972893
15.321933,14.483,2079,1,4096,2077,0,361550000,-83.718544
15.321947,0.014,2080,1,4096,2078,0,361700000,-82.948769
15.321952,0.005,2081,1,4096,2079,0,361850000,-84.085793
15.339455,17.503,2082,1,4096,2080,0,362000000,-84.947456
15.339469,0.014,2083,1,4096,2081,0,362150000,-84.410957
15.353963,14.494,2084,1,4096,2082,0,362300000,-84.637627
15.353977,0.014,2085,1,4096,2083,0,362450000,-83.771492
15.369001,15.024,2086,1,4096,2084,0,362600000,-83.902046
15.369020,0.018,2087,1,4096,2085,0,362750000,-84.343269
15.386978,17.958,2088,1,4096,2086,0,362900000,-83.580696
15.386993,0.015,2089,1,4096,2087,0,363050000,-84.955910
15.401514,14.521,2090,1,4096,2088,0,363200000,-83.262352
15.401532,0.018,2091,1,4096,2089,0,363350000,-83.248970
15.418721,17.189,2092,1,4096,2090,0,363500000,-84.921120
15.418735,0.015,2093,1,4096,2091,0,363650000,-84.807686
15.418741,0.006,2094,1,4096,2092,0,363800000,-84.527580
15.433704,14.963,2095,1,4096,2093,0,363950000,-83.283638
15.433719,0.015,2096,1,4096,2094,0,364100000,-83.330727
15.451020,17.301,2097,1,4096,2095,0,364250000,-84.652550
15.451033,0.013,2098,1,4096,2096,0,364400000,-82.522606
15.466013,14.981,2099,1,4096,2097,0,364550000,-83.998055
15.466026,0.013,2100,1,4096,2098,0,364700000,-82.515816
15.483521,17.495,2101,1,4096,2099,0,364850000,-83.483238
15.483536,0.015,2102,1,4096,2100,0,365000000,-83.310921
15.498516,14.980,2103,1,4096,2101,0,365150000,-83.869194
15.498530,0.014,2104,1,4096,2102,0,365300000,-84.497383
15.513079,14.549,2105,1,4096,2103,0,365450000,-84.216942
15.513097,0.018,2106,1,4096,2104,0,365600000,-83.821693
15.513103,0.006,2107,1,4096,2105,0,365750000,-83.471489
15.530547,17.445,2108,1,4096,2106,0,365900000,-83.847450
15.530560,0.013,2109,1,4096,2107,0,366050000,-84.109581
15.545276,14.715,2110,1,4096,2108,0,366200000,-83.722527
15.545290,0.015,2111,1,4096,2109,0,366350000,-85.021507
15.562383,17.093,2112,1,4096,2110,0,366500000,-84.068092
15.562397,0.014,2113,1,4096,2111,0,366650000,-82.972115
15.577386,14.989,2114,1,4096,2112,0,366800000,-84.286644
15.577400,0.014,2115,1,4096,2113,0,366950000,-83.357536
15.595416,18.016,2116,1,4096,2114,0,367100000,-84.020454
15.595434,0.018,2117,1,4096,2115,0,367250000,-84.407722
15.609917,14.483,2118,1,4096,2116,0,367400000,-83.955223
15.609929,0.012,2119,1,4096,2117,0,367550000,-83.819695
15.609933,0.004,2120,1,4096,2118,0,367700000,-83.299614
15.624911,14.978,2121,1,4096,2119,0,367850000,-83.947121
15.624925,0.014,2122,1,4096,2120,0,368000000,-83.156227
15.642423,17.499,2123,1,4096,2121,0,368150000,-83.253761
15.642437,0.014,2124,1,4096,2122,0,368300000,-84.905602
15.657421,14.984,2125,1,4096,2123,0,368450000,-84.413231
15.657445,0.024,2126,1,4096,2124,0,368600000,-82.354530
15.674957,17.512,2127,1,4096,2125,0,368750000,-83.839256
15.674974,0.018,2128,1,4096,2126,0,368900000,-84.039940
15.689946,14.972,2129,1,4096,2127,0,369050000,-83.994957
15.689959,0.013,2130,1,4096,2128,0,369200000,-85.340919
15.707470,17.511,2131,1,4096,2129,0,369350000,-83.264992
15.707484,0.014,2132,1,4096,2130,0,369500000,-84.605476
15.707489,0.005,2133,1,4096,2131,0,369650000,-84.060692
15.722453,14.964,2134,1,4096,2132,0,369800000,-82.963493
15.722467,0.014,2135,1,4096,2133,0,369950000,-84.739326
15.736971,14.504,2136,1,4096,2134,0,370100000,-83.900536
15.736984,0.013,2137,1,4096,2135,0,370250000,-84.319176
15.754486,17.502,2138,1,4096,2136,0,370400000,-83.782082
15.754500,0.014,2139,1,4096,2137,0,370550000,-83.828682
15.769513,15.013,2140,1,4096,2138,0,370700000,-84.156029
15.769526,0.013,2141,1,4096,2139,0,370850000,-83.859245
15.787530,18.005,2142,1,4096,2140,0,371000000,-82.713951
15.787544,0.014,2143,1,4096,2141,0,371150000,-85.180290
15.787550,0.005,2144,1,4096,2142,0,371300000,-83.988701
15.802001,14.451,2145,1,4096,2143,0,371450000,-84.397316
15.802014,0.014,2146,1,4096,2144,0,371600000,-83.554237
15.817016,15.002,2147,1,4096,2145,0,371750000,-83.461906
15.817030,0.014,2148,1,4096,2146,0,371900000,-84.103996
15.834061,17.030,2149,1,4096,2147,0,372050000,-84.057228
15.834075,0.014,2150,1,4096,2148,0,372200000,-84.045540
15.851580,17.505,2151,1,4096,2149,0,372350000,-83.538460
15.851595,0.015,2152,1,4096,2150,0,372500000,-83.749123
15.865833,14.239,2153,1,4096,2151,0,372650000,-83.022865
15.865847,0.014,2154,1,4096,2152,0,372800000,-84.555702
15.883378,17.531,2155,1,4096,2153,0,372950000,-84.366768
15.883392,0.014,2156,1,4096,2154,0,373100000,-83.042656
15.883398,0.006,2157,1,4096,2155,0,373250000,-84.668999
15.898352,14.954,2158,1,4096,2156,0,373400000,-83.403252
15.898365,0.013,2159,1,4096,2157,0,373550000,-84.447212
15.912846,14.481,2160,1,4096,2158,0,373700000,-83.740303
15.912859,0.013,2161,1,4096,2159,0,373850000,-83.329445
15.930879,18.020,2162,1,4096,2160,0,374000000,-84.270424
15.930892,0.013,2163,1,4096,2161,0,374150000,-83.374001
15.945387,14.495,2164,1,4096,2162,0,374300000,-82.917702
15.945402,0.015,2165,1,4096,2163,0,374450000,-83.556313
15.963388,17.986,2166,1,4096,2164,0,374600000,-84.491234
15.963402,0.014,2167,1,4096,2165,0,374750000,-82.503670
15.978515,15.113,2168,1,4096,2166,0,374900000,-83.986153
15.978530,0.015,2169,1,4096,2167,0,375050000,-84.441933
15.978536,0.006,2170,1,4096,2168,0,375200000,-82.900291
15.992990,14.454,2171,1,4096,2169,0,375350000,-83.851677
15.993005,0.015,2172,1,4096,2170,0,375500000,-84.612923
16.011013,18.008,2173,1,4096,2171,0,375650000,-84.039360
16.011027,0.014,2174,1,4096,2172,0,375800000,-82.778435
16.025509,14.482,2175,1,4096,2173,0,375950000,-82.378166
16.025526,0.018,2176,1,4096,2174,0,376100000,-84.015465
16.043519,17.993,2177,1,4096,2175,0,376250000,-83.622581
16.043535,0.016,2178,1,4096,2176,0,376400000,-82.833443
16.058032,14.496,2179,1,4096,2177,0,376550000,-82.702065
16.058044,0.013,2180,1,4096,2178,0,376700000,-85.169014
16.058049,0.005,2181,1,4096,2179,0,376850000,-83.659004
16.073022,14.972,2182,1,4096,2180,0,377000000,-82.798668
16.073035,0.014,2183,1,4096,2181,0,377150000,-84.104729
16.091058,18.023,2184,1,4096,2182,0,377300000,-82.673332
16.091072,0.013,2185,1,4096,2183,0,377450000,-83.331902
16.106042,14.971,2186,1,4096,2184,0,377600000,-83.679985
16.106057,0.015,2187,1,4096,2185,0,377750000,-84.458366
16.121043,14.985,2188,1,4096,2186,0,377900000,-84.292351
16.121057,0.014,2189,1,4096,2187,0,378050000,-83.066109
16.138549,17.492,2190,1,4096,2188,0,378200000,-83.033882
16.138564,0.015,2191,1,4096,2189,0,378350000,-83.444725
16.153583,15.019,2192,1,4096,2190,0,378500000,-85.644966
16.153597,0.014,2193,1,4096,2191,0,378650000,-83.559837
16.153602,0.006,2194,1,4096,2192,0,378800000,-83.636650
16.170796,17.193,2195,1,4096,2193,0,378950000,-83.124916
16.170817,0.021,2196,1,4096,2194,0,379100000,-83.503380
16.185738,14.921,2197,1,4096,2195,0,379250000,-85.030144
16.185758,0.020,2198,1,4096,2196,0,379400000,-84.564537
16.202626,16.867,2199,1,4096,2197,0,379550000,-83.451210
16.202643,0.018,2200,1,4096,2198,0,379700000,-84.949898
16.217128,14.485,2201,1,4096,2199,0,379850000,-83.983818
16.217143,0.015,2202,1,4096,2200,0,380000000,-83.229668
16.234604,17.461,2203,1,4096,2201,0,380150000,-83.099648
16.234617,0.013,2204,1,4096,2202,0,380300000,-83.218773
16.249647,15.030,2205,1,4096,2203,0,380450000,-84.657127
16.249660,0.013,2206,1,4096,2204,0,380600000,-82.997337
16.249665,0.005,2207,1,4096,2205,0,380750000,-83.959190
16.267195,17.530,2208,1,4096,2206,0,380900000,-84.667274
16.267209,0.014,2209,1,4096,2207,0,381050000,-84.369987
16.282212,15.003,2210,1,4096,2208,0,381200000,-85.065102
16.282230,0.018,2211,1,4096,2209,0,381350000,-84.559685
16.299706,17.476,2212,1,4096,2210,0,381500000,-83.023018
16.299720,0.014,2213,1,4096,2211,0,381650000,-82.799355
16.314308,14.587,2214,1,4096,2212,0,381800000,-83.511665
16.314322,0.014,2215,1,4096,2213,0,381950000,-83.711876
16.328911,14.589,2216,1,4096,2214,0,382100000,-83.654381
16.328929,0.018,2217,1,4096,2215,0,382250000,-83.548027
16.328935,0.006,2218,1,4096,2216,0,382400000,-83.533943
16.346319,17.384,2219,1,4096,2217,0,382550000,-85.417381
16.346333,0.015,2220,1,4096,2218,0,382700000,-84.259270
16.360872,14.538,2221,1,4096,2219,0,382850000,-83.473671
16.360889,0.018,2222,1,4096,2220,0,383000000,-83.293556
16.378162,17.272,2223,1,4096,2221,0,383150000,-83.438408
16.378175,0.013,2224,1,4096,2222,0,383300000,-83.406441
16.393273,15.098,2225,1,4096,2223,0,383450000,-84.682686
16.393294,0.021,2226,1,4096,2224,0,383600000,-83.149925
16.411867,18.573,2227,1,4096,2225,0,383750000,-83.789238
16.411889,0.022,2228,1,4096,2226,0,383900000,-84.088768
16.426919,15.030,2229,1,4096,2227,0,384050000,-83.717293
16.426938,0.019,2230,1,4096,2228,0,384200000,-83.313530
16.426945,0.007,2231,1,4096,2229,0,384350000,-83.855888
16.441831,14.886,2232,1,4096,2230,0,384500000,-83.019127
16.441845,0.015,2233,1,4096,2231,0,384650000,-84.125191
16.459214,17.369,2234,1,4096,2232,0,384800000,-84.239357
16.459228,0.013,2235,1,4096,2233,0,384950000,-84.285622
16.474211,14.984,2236,1,4096,2234,0,385100000,-83.311211
16.474226,0.014,2237,1,4096,2235,0,385250000,-83.168648
16.491754,17.528,2238,1,4096,2236,0,385400000,-84.191216
16.491769,0.015,2239,1,4096,2237,0,385550000,-83.521828
16.506750,14.981,2240,1,4096,2238,0,385700000,-83.065437
16.506765,0.015,2241,1,4096,2239,0,385850000,-82.754829
16.521264,14.500,2242,1,4096,2240,0,386000000,-83.364708
16.521280,0.015,2243,1,4096,2241,0,386150000,-83.418938
16.521284,0.005,2244,1,4096,2242,0,386300000,-85.135811
16.539278,17.993,2245,1,4096,2243,0,386450000,-84.344124
16.539292,0.014,2246,1,4096,2244,0,386600000,-84.131065
16.553759,14.467,2247,1,4096,2245,0,386750000,-84.258858
16.553772,0.013,2248,1,4096,2246,0,386900000,-84.939857
16.571282,17.510,2249,1,4096,2247,0,387050000,-84.195549
16.571295,0.013,2250,1,4096,2248,0,387200000,-84.533607
16.585801,14.506,2251,1,4096,2249,0,387350000,-83.269402
16.585816,0.015,2252,1,4096,2250,0,387500000,-83.459450
16.600836,15.020,2253,1,4096,2251,0,387650000,-84.672447
16.600850,0.015,2254,1,4096,2252,0,387800000,-85.138039
16.600856,0.005,2255,1,4096,2253,0,387950000,-85.496727
16.618322,17.466,2256,1,4096,2254,0,388100000,-84.119576
16.618337,0.014,2257,1,4096,2255,0,388250000,-84.601768
16.633326,14.989,2258,1,4096,2256,0,388400000,-83.957237
16.633341,0.015,2259,1,4096,2257,0,388550000,-83.837318
16.650385,17.045,2260,1,4096,2258,0,388700000,-84.822777
16.650402,0.016,2261,1,4096,2259,0,388850000,-83.449959
16.665371,14.970,2262,1,4096,2260,0,389000000,-84.024605
16.665384,0.013,2263,1,4096,2261,0,389150000,-83.936592
16.682898,17.514,2264,1,4096,2262,0,389300000,-83.604607
16.682912,0.014,2265,1,4096,2263,0,389450000,-83.781044
16.697925,15.013,2266,1,4096,2264,0,389600000,-82.707695
16.697939,0.014,2267,1,4096,2265,0,389750000,-84.371315
16.697944,0.006,2268,1,4096,2266,0,389900000,-83.923088
16.715485,17.541,2269,1,4096,2267,0,390050000,-84.340797
16.715507,0.022,2270,1,4096,2268,0,390200000,-83.495842
16.730418,14.911,2271,1,4096,2269,0,390350000,-83.362282
16.730432,0.014,2272,1,4096,2270,0,390500000,-84.028496
16.745443,15.011,2273,1,4096,2271,0,390650000,-84.823509
16.745456,0.013,2274,1,4096,2272,0,390800000,-82.703667
16.761880,16.423,2275,1,4096,2273,0,390950000,-84.131432
16.761895,0.015,2276,1,4096,2274,0,391100000,-83.847847
16.776881,14.986,2277,1,4096,2275,0,391250000,-83.572365
16.776898,0.017,2278,1,4096,2276,0,391400000,-83.354836
16.793457,16.558,2279,1,4096,2277,0,391550000,-83.005608
16.793472,0.015,2280,1,4096,2278,0,391700000,-84.777809
16.793478,0.006,2281,1,4096,2279,0,391850000,-82.795250
16.811171,17.693,2282,1,4096,2280,0,392000000,-84.712456
16.811186,0.015,2283,1,4096,2281,0,392150000,-83.968346
16.825841,14.655,2284,1,4096,2282,0,392300000,-84.280586
16.825855,0.014,2285,1,4096,2283,0,392450000,-84.129463
16.840840,14.985,2286,1,4096,2284,0,392600000,-83.677193
16.840854,0.015,2287,1,4096,2285,0,392750000,-84.126610
16.858207,17.352,2288,1,4096,2286,0,392900000,-82.836754
16.858221,0.014,2289,1,4096,2287,0,393050000,-84.362251
16.873210,14.989,2290,1,4096,2288,0,393200000,-83.367027
16.873224,0.014,2291,1,4096,2289,0,393350000,-83.399254
16.873229,0.005,2292,1,4096,2290,0,393500000,-83.717857
16.890383,17.154,2293,1,4096,2291,0,393650000,-84.512428
16.890395,0.013,2294,1,4096,2292,0,393800000,-83.595375
16.905415,15.020,2295,1,4096,2293,0,393950000,-83.693520
16.905429,0.014,2296,1,4096,2294,0,394100000,-83.549721
16.922907,17.478,2297,1,4096,2295,0,394250000,-83.338707
16.922921,0.014,2298,1,4096,2296,0,394400000,-84.180885
16.937899,14.977,2299,1,4096,2297,0,394550000,-83.704704
16.937912,0.014,2300,1,4096,2298,0,394700000,-84.118919
16.952934,15.021,2301,1,4096,2299,0,394850000,-83.179955
16.952948,0.014,2302,1,4096,2300,0,395000000,-84.588371
16.970455,17.507,2303,1,4096,2301,0,395150000,-83.722435
16.970470,0.015,2304,1,4096,2302,0,395300000,-83.054741
16.970474,0.005,2305,1,4096,2303,0,395450000,-83.723930
16.984957,14.483,2306,1,4096,2304,0,395600000,-83.004250
16.984972,0.014,2307,1,4096,2305,0,395750000,-84.037224
17.002943,17.971,2308,1,4096,2306,0,395900000,-82.755455
17.002956,0.013,2309,1,4096,2307,0,396050000,-84.461357
17.017451,14.495,2310,1,4096,2308,0,396200000,-84.300911
17.017463,0.013,2311,1,4096,2309,0,396350000,-83.975044
17.035505,18.041,2312,1,4096,2310,0,396500000,-83.354134
17.035525,0.021,2313,1,4096,2311,0,396650000,-83.772804
17.049510,13.984,2314,1,4096,2312,0,396800000,-83.891716
17.049523,0.014,2315,1,4096,2313,0,396950000,-84.788475
17.067507,17.983,2316,1,4096,2314,0,397100000,-83.123985
17.067521,0.015,2317,1,4096,2315,0,397250000,-83.375374
17.067527,0.006,2318,1,4096,2316,0,397400000,-84.502968
17.081995,14.467,2319,1,4096,2317,0,397550000,-83.669716
17.082009,0.015,2320,1,4096,2318,0,397700000,-84.434761
17.096997,14.987,2321,1,4096,2319,0,397850000,-84.005486
17.097012,0.015,2322,1,4096,2320,0,398000000,-83.500359
17.114490,17.478,2323,1,4096,2321,0,398150000,-83.878502
17.114503,0.013,2324,1,4096,2322,0,398300000,-84.260536
17.131675,17.173,2325,1,4096,2323,0,398450000,-83.502113
17.131690,0.014,2326,1,4096,2324,0,398600000,-84.852364
17.146673,14.983,2327,1,4096,2325,0,398750000,-83.339058
17.146686,0.012,2328,1,4096,2326,0,398900000,-82.878578
17.146690,0.005,2329,1,4096,2327,0,399050000,-83.969536
17.161185,14.495,2330,1,4096,2328,0,399200000,-83.666512
17.161200,0.014,2331,1,4096,2329,0,399350000,-83.275398
17.179215,18.016,2332,1,4096,2330,0,399500000,-84.788872
17.179230,0.015,2333,1,4096,2331,0,399650000,-83.895287
17.193696,14.465,2334,1,4096,2332,0,399800000,-84.065849
17.193708,0.013,2335,1,4096,2333,0,399950000,-84.031349
17.208754,15.045,2336,1,4096,2334,0,400100000,-82.977730
17.208774,0.020,2337,1,4096,2335,0,400250000,-82.842201
17.226210,17.437,2338,1,4096,2336,0,400400000,-83.286156
17.226223,0.012,2339,1,4096,2337,0,400550000,-84.212715
17.241250,15.027,2340,1,4096,2338,0,400700000,-83.789009
17.241264,0.014,2341,1,4096,2339,0,400850000,-83.501122
17.241270,0.006,2342,1,4096,2340,0,401000000,-84.477364
17.258213,16.942,2343,1,4096,2341,0,401150000,-83.250862
17.258226,0.014,2344,1,4096,2342,0,401300000,-84.274742
17.273243,15.017,2345,1,4096,2343,0,401450000,-83.867439
17.273259,0.015,2346,1,4096,2344,0,401600000,-84.148048
17.291287,18.028,2347,1,4096,2345,0,401750000,-83.329979
17.291304,0.017,2348,1,4096,2346,0,401900000,-83.662758
17.306243,14.939,2349,1,4096,2347,0,402050000,-83.743279
17.306258,0.015,2350,1,4096,2348,0,402200000,-83.392006
17.321267,15.010,2351,1,4096,2349,0,402350000,-83.829857
17.321282,0.015,2352,1,4096,2350,0,402500000,-83.531425
17.321288,0.006,2353,1,4096,2351,0,402650000,-82.713051
17.338749,17.461,2354,1,4096,2352,0,402800000,-84.090065
17.338767,0.018,2355,1,4096,2353,0,402950000,-84.906212
17.353259,14.492,2356,1,4096,2354,0,403100000,-82.818321
17.353274,0.014,2357,1,4096,2355,0,403250000,-83.201927
17.370921,17.647,2358,1,4096,2356,0,403400000,-83.919960
17.370935,0.014,2359,1,4096,2357,0,403550000,-84.296028
17.385938,15.004,2360,1,4096,2358,0,403700000,-83.874153
17.385953,0.014,2361,1,4096,2359,0,403850000,-83.501854
17.403440,17.487,2362,1,4096,2360,0,404000000,-83.660942
17.403454,0.014,2363,1,4096,2361,0,404150000,-84.232170
17.418463,15.009,2364,1,4096,2362,0,404300000,-83.603340
17.418477,0.014,2365,1,4096,2363,0,404450000,-82.546043
17.418483,0.006,2366,1,4096,2364,0,404600000,-84.552834
17.432953,14.470,2367,1,4096,2365,0,404750000,-83.555656
17.432966,0.013,2368,1,4096,2366,0,404900000,-83.106743
17.450961,17.995,2369,1,4096,2367,0,405050000,-82.938881
17.450974,0.013,2370,1,4096,2368,0,405200000,-83.548622
17.465474,14.500,2371,1,4096,2369,0,405350000,-84.872581
17.465489,0.014,2372,1,4096,2370,0,405500000,-85.019356
17.483464,17.975,2373,1,4096,2371,0,405650000,-84.569771
17.483477,0.013,2374,1,4096,2372,0,405800000,-83.447334
17.498005,14.529,2375,1,4096,2373,0,405950000,-83.701286
17.498020,0.015,2376,1,4096,2374,0,406100000,-83.916359
17.513021,15.001,2377,1,4096,2375,0,406250000,-84.473045
17.513036,0.014,2378,1,4096,2376,0,406400000,-83.018349
17.513041,0.006,2379,1,4096,2377,0,406550000,-83.595192
17.530540,17.499,2380,1,4096,2378,0,406700000,-83.544701
17.530553,0.013,2381,1,4096,2379,0,406850000,-82.733223
17.545526,14.973,2382,1,4096,2380,0,407000000,-83.674461
17.545541,0.014,2383,1,4096,2381,0,407150000,-83.767540
17.563526,17.985,2384,1,4096,2382,0,407300000,-83.728004
17.563545,0.019,2385,1,4096,2383,0,407450000,-82.442009
17.578531,14.986,2386,1,4096,2384,0,407600000,-84.813805
17.578546,0.015,2387,1,4096,2385,0,407750000,-83.287071
17.592853,14.308,2388,1,4096,2386,0,407900000,-84.338737
17.592867,0.014,2389,1,4096,2387,0,408050000,-83.671745
17.592873,0.006,2390,1,4096,2388,0,408200000,-84.012657
17.610846,17.973,2391,1,4096,2389,0,408350000,-84.468544
17.610859,0.013,2392,1,4096,2390,0,408500000,-83.590981
17.625336,14.477,2393,1,4096,2391,0,408650000,-82.638695
17.625349,0.013,2394,1,4096,2392,0,408800000,-84.864571
17.643385,18.036,2395,1,4096,2393,0,408950000,-85.549843
17.643400,0.016,2396,1,4096,2394,0,409100000,-83.626305
17.657851,14.450,2397,1,4096,2395,0,409250000,-83.549858
17.657864,0.013,2398,1,4096,2396,0,409400000,-85.006233
17.672874,15.010,2399,1,4096,2397,0,409550000,-83.693031
17.672887,0.013,2400,1,4096,2398,0,409700000,-84.107460
17.690393,17.506,2401,1,4096,2399,0,409850000,-84.228188
17.690406,0.013,2402,1,4096,2400,0,410000000,-83.511604
17.690414,0.009,2403,1,4096,2401,0,410150000,-83.687523
17.705426,15.012,2404,1,4096,2402,0,410300000,-84.707420
17.705444,0.018,2405,1,4096,2403,0,410450000,-84.631905
17.722905,17.461,2406,1,4096,2404,0,410600000,-83.193993
17.722920,0.016,2407,1,4096,2405,0,410750000,-83.834450
17.737999,15.079,2408,1,4096,2406,0,410900000,-82.674538
17.738013,0.013,2409,1,4096,2407,0,411050000,-83.584419
17.755317,17.304,2410,1,4096,2408,0,411200000,-83.528053
17.755339,0.022,2411,1,4096,2409,0,411350000,-82.849846
17.768766,13.427,2412,1,4096,2410,0,411500000,-84.093330
17.768791,0.026,2413,1,4096,2411,0,411650000,-83.568810
17.768799,0.008,2414,1,4096,2412,0,411800000,-83.466637
17.786016,17.217,2415,1,4096,2413,0,411950000,-83.697472
17.786030,0.013,2416,1,4096,2414,0,412100000,-82.801277
17.802564,16.534,2417,1,4096,2415,0,412250000,-82.927391
17.802579,0.015,2418,1,4096,2416,0,412400000,-84.133049
17.819606,17.027,2419,1,4096,2417,0,412550000,-83.903084
17.819621,0.015,2420,1,4096,2418,0,412700000,-84.139320
17.833942,14.321,2421,1,4096,2419,0,412850000,-84.555000
17.833957,0.015,2422,1,4096,2420,0,413000000,-83.203300
17.848952,14.996,2423,1,4096,2421,0,413150000,-84.391762
17.848970,0.018,2424,1,4096,2422,0,413300000,-84.117958
17.866962,17.992,2425,1,4096,2423,0,413450000,-85.076424
17.866977,0.015,2426,1,4096,2424,0,413600000,-83.520805
17.866983,0.006,2427,1,4096,2425,0,413750000,-83.637291
17.881450,14.467,2428,1,4096,2426,0,413900000,-83.835472
17.881463,0.014,2429,1,4096,2427,0,414050000,-84.943764
17.898964,17.501,2430,1,4096,2428,0,414200000,-82.394646
17.898978,0.014,2431,1,4096,2429,0,414350000,-85.492180
17.913949,14.971,2432,1,4096,2430,0,414500000,-83.841774
17.913962,0.013,2433,1,4096,2431,0,414650000,-83.791283
17.931512,17.550,2434,1,4096,2432,0,414800000,-83.251411
17.931536,0.024,2435,1,4096,2433,0,414950000,-83.736382
17.946483,14.947,2436,1,4096,2434,0,415100000,-84.566063
17.946497,0.014,2437,1,4096,2435,0,415250000,-84.540535
17.961009,14.512,2438,1,4096,2436,0,415400000,-84.787895
17.961024,0.015,2439,1,4096,2437,0,415550000,-84.317268
17.961034,0.010,2440,1,4096,2438,0,415700000,-83.353416
17.978483,17.449,2441,1,4096,2439,0,415850000,-84.630836
17.978496,0.013,2442,1,4096,2440,0,416000000,-84.049217
17.993013,14.518,2443,1,4096,2441,0,416150000,-84.584221
17.993028,0.015,2444,1,4096,2442,0,416300000,-83.489967
18.011035,18.007,2445,1,4096,2443,0,416450000,-84.361290
18.011050,0.015,2446,1,4096,2444,0,416600000,-83.297295
18.025220,14.171,2447,1,4096,2445,0,416750000,-83.520378
18.025235,0.014,2448,1,4096,2446,0,416900000,-83.819099
18.043231,17.996,2449,1,4096,2447,0,417050000,-83.555809
18.043245,0.014,2450,1,4096,2448,0,417200000,-83.719490
18.043251,0.006,2451,1,4096,2449,0,417350000,-83.290367
18.057216,13.965,2452,1,4096,2450,0,417500000,-83.218758
18.057228,0.012,2453,1,4096,2451,0,417650000,-83.860420
18.075233,18.005,2454,1,4096,2452,0,417800000,-84.451958
18.075249,0.016,2455,1,4096,2453,0,417950000,-83.357643
18.090321,15.072,2456,1,4096,2454,0,418100000,-83.349571
18.090340,0.019,2457,1,4096,2455,0,418250000,-82.781090
18.104839,14.498,2458,1,4096,2456,0,418400000,-85.953575
18.104851,0.013,2459,1,4096,2457,0,418550000,-83.599678
18.122834,17.983,2460,1,4096,2458,0,418700000,-84.012825
18.122848,0.014,2461,1,4096,2459,0,418850000,-82.583351
18.137358,14.510,2462,1,4096,2460,0,419000000,-83.539406
18.137372,0.014,2463,1,4096,2461,0,419150000,-84.207878
18.137377,0.005,2464,1,4096,2462,0,419300000,-84.000343
18.155399,18.023,2465,1,4096,2463,0,419450000,-82.490105
18.155422,0.023,2466,1,4096,2464,0,419600000,-84.344765
18.169437,14.015,2467,1,4096,2465,0,419750000,-83.928963
18.169457,0.021,2468,1,4096,2466,0,419900000,-83.577904
18.187375,17.918,2469,1,4096,2467,0,420050000,-84.723045
18.187388,0.013,2470,1,4096,2468,0,420200000,-82.966148
18.201870,14.482,2471,1,4096,2469,0,420350000,-83.376549
18.201881,0.011,2472,1,4096,2470,0,420500000,-83.968040
18.216894,15.013,2473,1,4096,2471,0,420650000,-83.881477
18.216908,0.014,2474,1,4096,2472,0,420800000,-83.969002
18.233834,16.926,2475,1,4096,2473,0,420950000,-83.973595
18.233847,0.013,2476,1,4096,2474,0,421100000,-84.252586
18.233852,0.005,2477,1,4096,2475,0,421250000,-83.340019
18.248868,15.016,2478,1,4096,2476,0,421400000,-84.541267
18.248891,0.023,2479,1,4096,2477,0,421550000,-83.964638
18.266344,17.453,2480,1,4096,2478,0,421700000,-83.884590
18.266359,0.015,2481,1,4096,2479,0,421850000,-83.989159
18.281347,14.989,2482,1,4096,2480,0,422000000,-83.170219
18.281362,0.015,2483,1,4096,2481,0,422150000,-83.610374
18.298913,17.551,2484,1,4096,2482,0,422300000,-82.971550
18.298941,0.028,2485,1,4096,2483,0,422450000,-83.865044
18.313885,14.944,2486,1,4096,2484,0,422600000,-84.675499
18.313899,0.014,2487,1,4096,2485,0,422750000,-84.149361
18.313904,0.005,2488,1,4096,2486,0,422900000,-83.905952
18.331383,17.478,2489,1,4096,2487,0,423050000,-83.296074
18.331397,0.014,2490,1,4096,2488,0,423200000,-84.889442
18.346483,15.086,2491,1,4096,2489,0,423350000,-83.895699
18.346503,0.019,2492,1,4096,2490,0,423500000,-83.614876
18.361366,14.864,2493,1,4096,2491,0,423650000,-83.438622
18.361383,0.017,2494,1,4096,2492,0,423800000,-83.319771
18.379389,18.006,2495,1,4096,2493,0,423950000,-84.042885
18.379403,0.014,2496,1,4096,2494,0,424100000,-84.402580
18.393899,14.496,2497,1,4096,2495,0,424250000,-85.024208
18.393913,0.014,2498,1,4096,2496,0,424400000,-83.935997
18.408980,15.067,2499,1,4096,2497,0,424550000,-85.284615
18.408996,0.016,2500,1,4096,2498,0,424700000,-83.051491
18.409002,0.006,2501,1,4096,2499,0,424850000,-83.904106
18.426409,17.407,2502,1,4096,2500,0,425000000,-83.358971
18.426424,0.014,2503,1,4096,2501,0,425150000,-82.882149
18.441441,15.017,2504,1,4096,2502,0,425300000,-84.515892
18.441455,0.014,2505,1,4096,2503,0,425450000,-83.767052
18.458946,17.491,2506,1,4096,2504,0,425600000,-83.960136
18.458960,0.014,2507,1,4096,2505,0,425750000,-84.376289
18.473934,14.974,2508,1,4096,2506,0,425900000,-84.856422
18.473948,0.013,2509,1,4096,2507,0,426050000,-82.445488
18.491453,17.506,2510,1,4096,2508,0,426200000,-83.443474
18.491465,0.012,2511,1,4096,2509,0,426350000,-83.605034
18.491470,0.004,2512,1,4096,2510,0,426500000,-84.399971
18.506442,14.972,2513,1,4096,2511,0,426650000,-83.778221
18.506455,0.013,2514,1,4096,2512,0,426800000,-83.958351
18.520950,14.495,2515,1,4096,2513,0,426950000,-83.522621
18.520963,0.013,2516,1,4096,2514,0,427100000,-83.621468
18.538961,17.998,2517,1,4096,2515,0,427250000,-84.606087
18.538975,0.014,2518,1,4096,2516,0,427400000,-83.340019
18.553456,14.481,2519,1,4096,2517,0,427550000,-84.512016
18.553467,0.011,2520,1,4096,2518,0,427700000,-84.188835
18.571088,17.620,2521,1,4096,2519,0,427850000,-83.908501
18.571100,0.012,2522,1,4096,2520,0,428000000,-84.608604
18.586125,15.025,2523,1,4096,2521,0,428150000,-84.587456
18.586138,0.013,2524,1,4096,2522,0,428300000,-83.654701
18.586143,0.005,2525,1,4096,2523,0,428450000,-84.181129
18.601121,14.978,2526,1,4096,2524,0,428600000,-83.940483
18.601135,0.014,2527,1,4096,2525,0,428750000,-83.134468
18.618622,17.487,2528,1,4096,2526,0,428900000,-83.791817
18.618634,0.012,2529,1,4096,2527,0,429050000,-84.065681
18.633625,14.991,2530,1,4096,2528,0,429200000,-84.510414
18.633636,0.012,2531,1,4096,2529,0,429350000,-84.254250
18.648630,14.994,2532,1,4096,2530,0,429500000,-82.761757
18.648644,0.014,2533,1,4096,2531,0,429650000,-83.981407
18.666665,18.021,2534,1,4096,2532,0,429800000,-84.694893
18.666679,0.014,2535,1,4096,2533,0,429950000,-83.754890
18.666684,0.005,2536,1,4096,2534,0,430100000,-84.042641
18.681151,14.467,2537,1,4096,2535,0,430250000,-83.953758
18.681165,0.014,2538,1,4096,2536,0,430400000,-83.462975
18.698651,17.486,2539,1,4096,2537,0,430550000,-84.520805
18.698664,0.013,2540,1,4096,2538,0,430700000,-83.129570
18.713656,14.991,2541,1,4096,2539,0,430850000,-83.647896
18.713668,0.012,2542,1,4096,2540,0,431000000,-82.742531
18.731178,17.510,2543,1,4096,2541,0,431150000,-84.107765
18.731190,0.012,2544,1,4096,2542,0,431300000,-83.636345
18.746189,15.000,2545,1,4096,2543,0,431450000,-83.449928
18.746205,0.016,2546,1,4096,2544,0,431600000,-82.971733
18.763224,17.019,2547,1,4096,2545,0,431750000,-83.904518
18.763238,0.014,2548,1,4096,2546,0,431900000,-83.247826
18.763249,0.011,2549,1,4096,2547,0,432050000,-82.757805
18.778199,14.950,2550,1,4096,2548,0,432200000,-83.524910
18.778213,0.014,2551,1,4096,2549,0,432350000,-84.455132
18.792720,14.507,2552,1,4096,2550,0,432500000,-84.671150
18.792734,0.015,2553,1,4096,2551,0,432650000,-83.751305
18.810810,18.076,2554,1,4096,2552,0,432800000,-84.155830
18.810830,0.019,2555,1,4096,2553,0,432950000,-83.598885
18.824712,13.883,2556,1,4096,2554,0,433100000,-83.967415
18.824726,0.014,2557,1,4096,2555,0,433250000,-82.208153
18.842230,17.503,2558,1,4096,2556,0,433400000,-83.782478
18.842249,0.019,2559,1,4096,2557,0,433550000,-83.800270
18.842255,0.006,2560,1,4096,2558,0,433700000,-83.805763
18.856860,14.606,2561,1,4096,2559,0,433850000,-83.678505
18.856879,0.019,2562,1,4096,2560,0,434000000,-83.810875
18.873980,17.101,2563,1,4096,2561,0,434150000,-84.245277
18.873995,0.015,2564,1,4096,2562,0,434300000,-83.379875
18.889013,15.018,2565,1,4096,2563,0,434450000,-83.853752
18.889032,0.019,2566,1,4096,2564,0,434600000,-83.241753
18.907049,18.017,2567,1,4096,2565,0,434750000,-84.785759
18.907068,0.019,2568,1,4096,2566,0,434900000,-83.202156
18.921961,14.894,2569,1,4096,2567,0,435050000,-83.278328
18.921980,0.018,2570,1,4096,2568,0,435200000,-84.432396
18.939506,17.527,2571,1,4096,2569,0,435350000,-83.809425
18.939524,0.018,2572,1,4096,2570,0,435500000,-83.399864
18.939531,0.006,2573,1,4096,2571,0,435650000,-84.166328
18.954146,14.615,2574,1,4096,2572,0,435800000,-82.592232
18.954163,0.017,2575,1,4096,2573,0,435950000,-83.193413
18.968630,14.467,2576,1,4096,2574,0,436100000,-83.732445
18.968645,0.015,2577,1,4096,2575,0,436250000,-83.586571
18.987904,19.259,2578,1,4096,2576,0,436400000,-84.738991
18.987922,0.019,2579,1,4096,2577,0,436550000,-83.348137
19.003719,15.797,2580,1,4096,2578,0,436700000,-82.622139
19.003738,0.019,2581,1,4096,2579,0,436850000,-84.289116
19.017858,14.120,2582,1,4096,2580,0,437000000,-83.365852
19.017883,0.025,2583,1,4096,2581,0,437150000,-84.929695
19.017898,0.015,2584,1,4096,2582,0,437300000,-84.349953
19.035565,17.667,2585,1,4096,2583,0,437450000,-84.034096
19.035594,0.028,2586,1,4096,2584,0,437600000,-83.969139
19.050471,14.877,2587,1,4096,2585,0,437750000,-83.690056
19.050491,0.020,2588,1,4096,2586,0,437900000,-84.661797
19.065409,14.918,2589,1,4096,2587,0,438050000,-82.754845
19.065421,0.013,2590,1,4096,2588,0,438200000,-84.610588
19.082916,17.495,2591,1,4096,2589,0,438350000,-83.411491
19.082929,0.013,2592,1,4096,2590,0,438500000,-84.390251
19.097938,15.009,2593,1,4096,2591,0,438650000,-83.558693
19.097951,0.013,2594,1,4096,2592,0,438800000,-83.763527
19.112969,15.018,2595,1,4096,2593,0,438950000,-83.685860
19.112984,0.015,2596,1,4096,2594,0,439100000,-83.599831
19.112990,0.006,2597,1,4096,2595,0,439250000,-83.157066
19.130476,17.486,2598,1,4096,2596,0,439400000,-83.739388
19.130490,0.013,2599,1,4096,2597,0,439550000,-83.217293
19.145486,14.996,2600,1,4096,2598,0,439700000,-83.713829
19.145500,0.015,2601,1,4096,2599,0,439850000,-83.772285
19.162228,16.728,2602,1,4096,2600,0,440000000,-83.705132
19.162244,0.016,2603,1,4096,2601,0,440150000,-84.148384
19.177082,14.837,2604,1,4096,2602,0,440300000,-85.111992
19.177096,0.015,2605,1,4096,2603,0,440450000,-83.253014
19.194610,17.513,2606,1,4096,2604,0,440600000,-84.395409
19.194625,0.015,2607,1,4096,2605,0,440750000,-83.159996
19.194631,0.006,2608,1,4096,2606,0,440900000,-83.467964
19.209161,14.530,2609,1,4096,2607,0,441050000,-82.870857
19.209191,0.031,2610,1,4096,2608,0,441200000,-83.904778
19.226650,17.459,2611,1,4096,2609,0,441350000,-83.282143
19.226665,0.015,2612,1,4096,2610,0,441500000,-84.011528
19.241097,14.432,2613,1,4096,2611,0,441650000,-83.732628
19.241111,0.014,2614,1,4096,2612,0,441800000,-83.525444
19.258604,17.493,2615,1,4096,2613,0,441950000,-84.105247
19.258618,0.014,2616,1,4096,2614,0,442100000,-84.235710
19.272606,13.988,2617,1,4096,2615,0,442250000,-82.662025
19.272620,0.014,2618,1,4096,2616,0,442400000,-84.045067
19.290140,17.520,2619,1,4096,2617,0,442550000,-84.217323
19.290152,0.012,2620,1,4096,2618,0,442700000,-84.032265
19.290156,0.004,2621,1,4096,2619,0,442850000,-83.420357
19.304642,14.486,2622,1,4096,2620,0,443000000,-83.246147
19.304654,0.012,2623,1,4096,2621,0,443150000,-83.096825
19.322133,17.479,2624,1,4096,2622,0,443300000,-83.364067
19.322146,0.013,2625,1,4096,2623,0,443450000,-84.018089
19.336637,14.491,2626,1,4096,2624,0,443600000,-84.518105
19.336649,0.012,2627,1,4096,2625,0,443750000,-83.769630
19.354165,17.517,2628,1,4096,2626,0,443900000,-84.041847
19.354179,0.014,2629,1,4096,2627,0,444050000,-82.967751
19.368674,14.495,2630,1,4096,2628,0,444200000,-83.479210
19.368687,0.013,2631,1,4096,2629,0,444350000,-84.090462
19.368693,0.006,2632,1,4096,2630,0,444500000,-84.302162
19.386170,17.477,2633,1,4096,2631,0,444650000,-83.623405
19.386185,0.014,2634,1,4096,2632,0,444800000,-84.335106
19.400653,14.469,2635,1,4096,2633,0,444950000,-84.190681
19.400670,0.016,2636,1,4096,2634,0,445100000,-83.460014
19.418176,17.507,2637,1,4096,2635,0,445250000,-84.127541
19.418188,0.012,2638,1,4096,2636,0,445400000,-84.053291
19.432683,14.495,2639,1,4096,2637,0,445550000,-83.079704
19.432696,0.013,2640,1,4096,2638,0,445700000,-83.860374
19.450181,17.485,2641,1,4096,2639,0,445850000,-83.772484
19.450192,0.012,2642,1,4096,2640,0,446000000,-83.730217
19.464723,14.531,2643,1,4096,2641,0,446150000,-83.826393
19.464735,0.013,2644,1,4096,2642,0,446300000,-84.629311
19.464740,0.005,2645,1,4096,2643,0,446450000,-85.181984
19.482203,17.463,2646,1,4096,2644,0,446600000,-83.172203
19.482215,0.012,2647,1,4096,2645,0,446750000,-83.775688
19.496711,14.496,2648,1,4096,2646,0,446900000,-83.219948
19.496725,0.014,2649,1,4096,2647,0,447050000,-83.756233
19.514232,17.507,2650,1,4096,2648,0,447200000,-84.815269
19.514245,0.013,2651,1,4096,2649,0,447350000,-83.874199
19.528732,14.487,2652,1,4096,2650,0,447500000,-82.623497
19.528746,0.014,2653,1,4096,2651,0,447650000,-83.920540
19.546267,17.520,2654,1,4096,2652,0,447800000,-85.201027
19.546280,0.014,2655,1,4096,2653,0,447950000,-82.839317
19.546285,0.005,2656,1,4096,2654,0,448100000,-85.189552
19.561124,14.838,2657,1,4096,2655,0,448250000,-83.636726
19.561144,0.020,2658,1,4096,2656,0,448400000,-82.866508
19.580711,19.567,2659,1,4096,2657,0,448550000,-84.839577
19.580721,0.010,2660,1,4096,2658,0,448700000,-84.345970
19.595142,14.421,2661,1,4096,2659,0,448850000,-84.411568
19.595156,0.015,2662,1,4096,2660,0,449000000,-83.906517
19.610182,15.026,2663,1,4096,2661,0,449150000,-83.840492
19.610196,0.014,2664,1,4096,2662,0,449300000,-83.266518
19.624653,14.457,2665,1,4096,2663,0,449450000,-83.056557
19.624666,0.013,2666,1,4096,2664,0,449600000,-82.760643
19.642730,18.065,2667,1,4096,2665,0,449750000,-83.485481
19.642744,0.013,2668,1,4096,2666,0,449900000,-84.020409
19.642749,0.006,2669,1,4096,2667,0,450050000,-83.222130
19.657180,14.431,2670,1,4096,2668,0,450200000,-84.022484
19.657193,0.013,2671,1,4096,2669,0,450350000,-83.669197
19.674713,17.520,2672,1,4096,2670,0,450500000,-83.742180
19.674727,0.014,2673,1,4096,2671,0,450650000,-83.252815
19.689215,14.488,2674,1,4096,2672,0,450800000,-83.789650
19.689231,0.016,2675,1,4096,2673,0,450950000,-82.402290
19.707211,17.980,2676,1,4096,2674,0,451100000,-83.967690
19.707226,0.015,2677,1,4096,2675,0,451250000,-83.305260
19.721754,14.527,2678,1,4096,2676,0,451400000,-84.054787
19.721768,0.014,2679,1,4096,2677,0,451550000,-82.979637
19.721779,0.011,2680,1,4096,2678,0,451700000,-83.888451
19.739442,17.663,2681,1,4096,2679,0,451850000,-84.250023
19.739456,0.014,2682,1,4096,2680,0,452000000,-84.207069
19.753944,14.488,2683,1,4096,2681,0,452150000,-84.543434
19.753957,0.013,2684,1,4096,2682,0,452300000,-85.181618
19.768939,14.981,2685,1,4096,2683,0,452450000,-85.488289
19.768958,0.019,2686,1,4096,2684,0,452600000,-83.314507
19.786452,17.494,2687,1,4096,2685,0,452750000,-83.847801
19.786465,0.013,2688,1,4096,2686,0,452900000,-84.544991
19.801453,14.988,2689,1,4096,2687,0,453050000,-84.743019
19.801466,0.013,2690,1,4096,2688,0,453200000,-83.051674
19.818988,17.522,2691,1,4096,2689,0,453350000,-83.114281
19.819002,0.014,2692,1,4096,2690,0,453500000,-84.811958
19.819008,0.006,2693,1,4096,2691,0,453650000,-83.656532
19.833963,14.955,2694,1,4096,2692,0,453800000,-84.309898
19.833975,0.012,2695,1,4096,2693,0,453950000,-83.554787
19.848484,14.509,2696,1,4096,2694,0,454100000,-84.617897
19.848498,0.014,2697,1,4096,2695,0,454250000,-83.780556
19.866150,17.651,2698,1,4096,2696,0,454400000,-84.223808
19.866162,0.012,2699,1,4096,2697,0,454550000,-83.995430
19.880653,14.491,2700,1,4096,2698,0,454700000,-84.256966
19.880665,0.011,2701,1,4096,2699,0,454850000,-83.336769
19.898683,18.019,2702,1,4096,2700,0,455000000,-83.407585
19.898696,0.013,2703,1,4096,2701,0,455150000,-83.102669
19.898701,0.005,2704,1,4096,2702,0,455300000,-83.235222
19.913208,14.507,2705,1,4096,2703,0,455450000,-84.078300
19.913226,0.018,2706,1,4096,2704,0,455600000,-84.325966
19.931264,18.038,2707,1,4096,2705,0,455750000,-83.676460
19.931282,0.018,2708,1,4096,2706,0,455900000,-83.854271
19.945710,14.428,2709,1,4096,2707,0,456050000,-83.935387
19.945724,0.014,2710,1,4096,2708,0,456200000,-83.693718
19.960712,14.988,2711,1,4096,2709,0,456350000,-83.199684
19.960730,0.018,2712,1,4096,2710,0,456500000,-84.663536
19.978047,17.317,2713,1,4096,2711,0,456650000,-82.090858
19.978060,0.014,2714,1,4096,2712,0,456800000,-83.566795
19.993054,14.994,2715,1,4096,2713,0,456950000,-84.659935
19.993066,0.013,2716,1,4096,2714,0,457100000,-84.239830
19.993072,0.006,2717,1,4096,2715,0,457250000,-83.373787
20.010030,16.958,2718,1,4096,2716,0,457400000,-83.697945
20.010045,0.015,2719,1,4096,2717,0,457550000,-84.234367
20.025036,14.991,2720,1,4096,2718,0,457700000,-83.405052
20.025048,0.012,2721,1,4096,2719,0,457850000,-83.815163
20.042535,17.487,2722,1,4096,2720,0,458000000,-82.954613
20.042547,0.013,2723,1,4096,2721,0,458150000,-83.876045
20.057532,14.985,2724,1,4096,2722,0,458300000,-83.176216
20.057546,0.014,2725,1,4096,2723,0,458450000,-84.277458
20.072564,15.019,2726,1,4096,2724,0,458600000,-83.603996
20.072579,0.015,2727,1,4096,2725,0,458750000,-84.587440
20.072585,0.006,2728,1,4096,2726,0,458900000,-84.970879
20.090056,17.471,2729,1,4096,2727,0,459050000,-83.118431
20.090069,0.013,2730,1,4096,2728,0,459200000,-83.781700
20.105051,14.982,2731,1,4096,2729,0,459350000,-84.092995
20.105063,0.012,2732,1,4096,2730,0,459500000,-84.022667
20.122561,17.497,2733,1,4096,2731,0,459650000,-83.974770
20.122572,0.011,2734,1,4096,2732,0,459800000,-83.331139
20.137570,14.997,2735,1,4096,2733,0,459950000,-84.682289
20.137581,0.011,2736,1,4096,2734,0,460100000,-83.522209
20.155114,17.533,2737,1,4096,2735,0,460250000,-83.904030
20.155130,0.016,2738,1,4096,2736,0,460400000,-83.330147
20.170162,15.032,2739,1,4096,2737,0,460550000,-82.676277
20.170176,0.014,2740,1,4096,2738,0,460700000,-84.732094
20.170181,0.006,2741,1,4096,2739,0,460850000,-84.688896
20.184642,14.461,2742,1,4096,2740,0,461000000,-84.643761
20.184658,0.016,2743,1,4096,2741,0,461150000,-84.448112
20.202592,17.934,2744,1,4096,2742,0,461300000,-84.703423
20.202605,0.013,2745,1,4096,2743,0,461450000,-84.535927
20.217101,14.496,2746,1,4096,2744,0,461600000,-83.652092
20.217114,0.013,2747,1,4096,2745,0,461750000,-85.369392
20.235096,17.982,2748,1,4096,2746,0,461900000,-83.385551
20.235108,0.012,2749,1,4096,2747,0,462050000,-84.111610
20.249568,14.460,2750,1,4096,2748,0,462200000,-84.219780
20.249581,0.013,2751,1,4096,2749,0,462350000,-83.389778
20.249591,0.011,2752,1,4096,2750,0,462500000,-83.237511
20.264533,14.942,2753,1,4096,2751,0,462650000,-82.955467
20.264544,0.011,2754,1,4096,2752,0,462800000,-82.837273
20.282059,17.515,2755,1,4096,2753,0,462950000,-83.592094
20.282073,0.013,2756,1,4096,2754,0,463100000,-84.311882
20.296567,14.494,2757,1,4096,2755,0,463250000,-83.616539
20.296581,0.014,2758,1,4096,2756,0,463400000,-83.338142
20.314063,17.482,2759,1,4096,2757,0,463550000,-83.238869
20.314076,0.013,2760,1,4096,2758,0,463700000,-84.708183
20.329087,15.011,2761,1,4096,2759,0,463850000,-83.233513
20.329101,0.014,2762,1,4096,2760,0,464000000,-84.120781
20.329111,0.010,2763,1,4096,2761,0,464150000,-83.843132
20.346572,17.462,2764,1,4096,2762,0,464300000,-83.139717
20.346585,0.012,2765,1,4096,2763,0,464450000,-84.844444
20.361571,14.987,2766,1,4096,2764,0,464600000,-83.594261
20.361583,0.011,2767,1,4096,2765,0,464750000,-84.193962
20.379104,17.521,2768,1,4096,2766,0,464900000,-83.596474
20.379115,0.012,2769,1,4096,2767,0,465050000,-83.413643
20.393587,14.472,2770,1,4096,2768,0,465200000,-83.628304
20.393597,0.010,2771,1,4096,2769,0,465350000,-84.904915
20.410361,16.764,2772,1,4096,2770,0,465500000,-84.324257
20.410378,0.017,2773,1,4096,2771,0,465650000,-84.383446
20.425396,15.017,2774,1,4096,2772,0,465800000,-83.918114
20.425408,0.013,2775,1,4096,2773,0,465950000,-84.524178
20.425413,0.005,2776,1,4096,2774,0,466100000,-82.859383
20.442865,17.451,2777,1,4096,2775,0,466250000,-82.855873
20.442875,0.010,2778,1,4096,2776,0,466400000,-84.733543
20.457872,14.997,2779,1,4096,2777,0,466550000,-83.711525
20.457884,0.012,2780,1,4096,2778,0,466700000,-83.175179
20.472877,14.993,2781,1,4096,2779,0,466850000,-83.028923
20.472897,0.020,2782,1,4096,2780,0,467000000,-84.595634
20.490385,17.488,2783,1,4096,2781,0,467150000,-83.812584
20.490397,0.012,2784,1,4096,2782,0,467300000,-84.138634
20.505416,15.019,2785,1,4096,2783,0,467450000,-83.988060
20.505428,0.012,2786,1,4096,2784,0,467600000,-83.813423
20.505434,0.006,2787,1,4096,2785,0,467750000,-84.325096
20.522414,16.981,2788,1,4096,2786,0,467900000,-84.266655
20.522426,0.011,2789,1,4096,2787,0,468050000,-84.198479
20.537409,14.983,2790,1,4096,2788,0,468200000,-83.689034
20.537420,0.010,2791,1,4096,2789,0,468350000,-83.470177
20.554916,17.496,2792,1,4096,2790,0,468500000,-84.454124
20.554927,0.011,2793,1,4096,2791,0,468650000,-84.103767
20.569953,15.026,2794,1,4096,2792,0,468800000,-83.143913
20.569967,0.015,2795,1,4096,2793,0,468950000,-83.129295
20.584469,14.501,2796,1,4096,2794,0,469100000,-83.873589
20.584482,0.014,2797,1,4096,2795,0,469250000,-83.200279
20.602493,18.011,2798,1,4096,2796,0,469400000,-83.326653
20.602509,0.016,2799,1,4096,2797,0,469550000,-83.446648
20.602515,0.006,2800,1,4096,2798,0,469700000,-82.588722
20.616963,14.448,2801,1,4096,2799,0,469850000,-84.009544
20.616977,0.015,2802,1,4096,2800,0,470000000,-83.001320
20.634991,18.013,2803,1,4096,2801,0,470150000,-84.407784
20.635009,0.018,2804,1,4096,2802,0,470300000,-84.067360
20.649082,14.073,2805,1,4096,2803,0,470450000,-83.577065
20.649119,0.037,2806,1,4096,2804,0,470600000,-83.577141
20.667009,17.889,2807,1,4096,2805,0,470750000,-83.673561
20.667023,0.015,2808,1,4096,2806,0,470900000,-83.523140
20.681511,14.487,2809,1,4096,2807,0,471050000,-83.609596
20.681523,0.012,2810,1,4096,2808,0,471200000,-82.930565
20.681528,0.006,2811,1,4096,2809,0,471350000,-84.403908
20.696487,14.959,2812,1,4096,2810,0,471500000,-82.983055
20.696498,0.010,2813,1,4096,2811,0,471650000,-83.994438
20.714008,17.510,2814,1,4096,2812,0,471800000,-83.562767
20.714019,0.012,2815,1,4096,2813,0,471950000,-83.614647
20.728997,14.978,2816,1,4096,2814,0,472100000,-83.885109
20.729009,0.011,2817,1,4096,2815,0,472250000,-83.916679
20.746542,17.534,2818,1,4096,2816,0,472400000,-84.726418
20.746553,0.011,2819,1,4096,2817,0,472550000,-83.721077
20.761555,15.002,2820,1,4096,2818,0,472700000,-83.867332
20.761565,0.010,2821,1,4096,2819,0,472850000,-83.418877
20.779082,17.516,2822,1,4096,2820,0,473000000,-83.411552
20.779092,0.010,2823,1,4096,2821,0,473150000,-82.942238
20.779097,0.005,2824,1,4096,2822,0,473300000,-83.755150
20.794033,14.936,2825,1,4096,2823,0,473450000,-84.075233
20.794044,0.011,2826,1,4096,2824,0,473600000,-83.491661
20.808591,14.547,2827,1,4096,2825,0,473750000,-84.518684
20.808609,0.018,2828,1,4096,2826,0,473900000,-84.291695
20.825382,16.773,2829,1,4096,2827,0,474050000,-83.976997
20.825395,0.013,2830,1,4096,2828,0,474200000,-83.906883
20.842873,17.478,2831,1,4096,2829,0,474350000,-84.075966
20.842885,0.012,2832,1,4096,2830,0,474500000,-82.731239
20.857912,15.028,2833,1,4096,2831,0,474650000,-83.791115
20.857923,0.011,2834,1,4096,2832,0,474800000,-83.839424
20.857929,0.006,2835,1,4096,2833,0,474950000,-83.410515
20.872389,14.460,2836,1,4096,2834,0,475100000,-83.043709
20.872400,0.011,2837,1,4096,2835,0,475250000,-83.798683
20.890386,17.986,2838,1,4096,2836,0,475400000,-82.883751
20.890397,0.011,2839,1,4096,2837,0,475550000,-84.109932
20.905400,15.002,2840,1,4096,2838,0,475700000,-83.680183
20.905411,0.011,2841,1,4096,2839,0,475850000,-84.225655
20.922924,17.512,2842,1,4096,2840,0,476000000,-82.875938
20.922937,0.014,2843,1,4096,2841,0,476150000,-84.002907
20.937935,14.997,2844,1,4096,2842,0,476300000,-85.131905
20.937948,0.014,2845,1,4096,2843,0,476450000,-84.238838
20.937954,0.006,2846,1,4096,2844,0,476600000,-83.601509
20.952426,14.472,2847,1,4096,2845,0,476750000,-84.030861
20.952438,0.012,2848,1,4096,2846,0,476900000,-83.172707
20.969988,17.550,2849,1,4096,2847,0,477050000,-84.019249
20.970001,0.013,2850,1,4096,2848,0,477200000,-83.791145
20.984961,14.960,2851,1,4096,2849,0,477350000,-84.152718
20.984976,0.015,2852,1,4096,2850,0,477500000,-83.657509
21.002960,17.983,2853,1,4096,2851,0,477650000,-83.411995
21.002974,0.014,2854,1,4096,2852,0,477800000,-83.512962
21.017478,14.504,2855,1,4096,2853,0,477950000,-83.796410
21.017490,0.012,2856,1,4096,2854,0,478100000,-84.171486
21.032491,15.001,2857,1,4096,2855,0,478250000,-83.274864
21.032503,0.012,2858,1,4096,2856,0,478400000,-83.940529
21.032509,0.006,2859,1,4096,2857,0,478550000,-83.920921
21.050470,17.962,2860,1,4096,2858,0,478700000,-84.790703
21.050481,0.011,2861,1,4096,2859,0,478850000,-83.662621
21.065493,15.012,2862,1,4096,2860,0,479000000,-84.513527
21.065505,0.012,2863,1,4096,2861,0,479150000,-83.495171
21.082987,17.481,2864,1,4096,2862,0,479300000,-84.650063
21.082997,0.011,2865,1,4096,2863,0,479450000,-83.390831
21.097993,14.996,2866,1,4096,2864,0,479600000,-84.448006
21.098004,0.011,2867,1,4096,2865,0,479750000,-84.151512
21.112531,14.527,2868,1,4096,2866,0,479900000,-83.849434
21.112543,0.011,2869,1,4096,2867,0,480050000,-82.739082
21.112548,0.006,2870,1,4096,2868,0,480200000,-83.769249
21.130500,17.952,2871,1,4096,2869,0,480350000,-83.122322
21.130511,0.011,2872,1,4096,2870,0,480500000,-83.752586
21.145017,14.506,2873,1,4096,2871,0,480650000,-83.965767
21.145027,0.010,2874,1,4096,2872,0,480800000,-84.145836
21.163041,18.015,2875,1,4096,2873,0,480950000,-83.315834
21.163055,0.014,2876,1,4096,2874,0,481100000,-83.821495
21.177550,14.495,2877,1,4096,2875,0,481250000,-84.006264
21.177562,0.012,2878,1,4096,2876,0,481400000,-83.006432
21.192561,14.998,2879,1,4096,2877,0,481550000,-82.724586
21.192574,0.013,2880,1,4096,2878,0,481700000,-83.674828
21.192579,0.006,2881,1,4096,2879,0,481850000,-82.681190
21.210080,17.501,2882,1,4096,2880,0,482000000,-83.276314
21.210093,0.013,2883,1,4096,2881,0,482150000,-84.261009
21.225101,15.007,2884,1,4096,2882,0,482300000,-83.795708
21.225112,0.012,2885,1,4096,2883,0,482450000,-83.875328
21.242578,17.466,2886,1,4096,2884,0,482600000,-82.817909
21.242591,0.012,2887,1,4096,2885,0,482750000,-82.815010
21.257610,15.020,2888,1,4096,2886,0,482900000,-83.197639
21.257624,0.014,2889,1,4096,2887,0,483050000,-84.238152
21.275107,17.483,2890,1,4096,2888,0,483200000,-83.755714
21.275121,0.013,2891,1,4096,2889,0,483350000,-83.079613
21.289506,14.386,2892,1,4096,2890,0,483500000,-84.175652
21.289521,0.014,2893,1,4096,2891,0,483650000,-84.622795
21.289526,0.006,2894,1,4096,2892,0,483800000,-84.333504
21.304497,14.971,2895,1,4096,2893,0,483950000,-84.203484
21.304510,0.013,2896,1,4096,2894,0,484100000,-83.757286
21.322007,17.497,2897,1,4096,2895,0,484250000,-84.059715
21.322019,0.013,2898,1,4096,2896,0,484400000,-83.604210
21.336989,14.970,2899,1,4096,2897,0,484550000,-83.510048
21.337003,0.014,2900,1,4096,2898,0,484700000,-84.227013
21.354507,17.503,2901,1,4096,2899,0,484850000,-84.116631
21.354521,0.014,2902,1,4096,2900,0,485000000,-83.909248
21.369571,15.050,2903,1,4096,2901,0,485150000,-83.827568
21.369589,0.018,2904,1,4096,2902,0,485300000,-84.374214
21.369595,0.006,2905,1,4096,2903,0,485450000,-83.575035
21.384523,14.928,2906,1,4096,2904,0,485600000,-83.152245
21.384535,0.013,2907,1,4096,2905,0,485750000,-84.075630
21.402519,17.983,2908,1,4096,2906,0,485900000,-83.825127
21.402535,0.017,2909,1,4096,2907,0,486050000,-84.118660
21.417025,14.490,2910,1,4096,2908,0,486200000,-84.091377
21.417039,0.014,2911,1,4096,2909,0,486350000,-83.172523
21.435035,17.996,2912,1,4096,2910,0,486500000,-83.338524
21.435047,0.013,2913,1,4096,2911,0,486650000,-84.516258
21.449569,14.522,2914,1,4096,2912,0,486800000,-84.264870
21.449585,0.016,2915,1,4096,2913,0,486950000,-83.751228
21.449590,0.005,2916,1,4096,2914,0,487100000,-84.947685
21.467074,17.484,2917,1,4096,2915,0,487250000,-83.653648
21.467089,0.015,2918,1,4096,2916,0,487400000,-83.602623
21.481611,14.522,2919,1,4096,2917,0,487550000,-83.554771
21.481625,0.015,2920,1,4096,2918,0,487700000,-83.016563
21.496607,14.982,2921,1,4096,2919,0,487850000,-84.196175
21.496621,0.014,2922,1,4096,2920,0,488000000,-85.074913
21.514627,18.006,2923,1,4096,2921,0,488150000,-83.734993
21.514641,0.014,2924,1,4096,2922,0,488300000,-83.101799
21.529642,15.001,2925,1,4096,2923,0,488450000,-83.190727
21.529656,0.014,2926,1,4096,2924,0,488600000,-83.579475
21.547164,17.508,2927,1,4096,2925,0,488750000,-83.307182
21.547179,0.014,2928,1,4096,2926,0,488900000,-83.326454
21.547185,0.006,2929,1,4096,2927,0,489050000,-83.962532
21.562130,14.945,2930,1,4096,2928,0,489200000,-83.925545
21.562143,0.013,2931,1,4096,2929,0,489350000,-83.664894
21.576672,14.529,2932,1,4096,2930,0,489500000,-84.658440
21.576686,0.014,2933,1,4096,2931,0,489650000,-84.277412
21.593685,16.999,2934,1,4096,2932,0,489800000,-83.358513
21.593698,0.013,2935,1,4096,2933,0,489950000,-83.232033
21.608665,14.967,2936,1,4096,2934,0,490100000,-83.526649
21.608678,0.013,2937,1,4096,2935,0,490250000,-84.970818
21.626508,17.830,2938,1,4096,2936,0,490400000,-82.942558
21.626523,0.015,2939,1,4096,2937,0,490550000,-83.723351
21.626529,0.006,2940,1,4096,2938,0,490700000,-84.666420
21.640949,14.420,2941,1,4096,2939,0,490850000,-83.069847
21.640963,0.014,2942,1,4096,2940,0,491000000,-83.470924
21.659000,18.037,2943,1,4096,2941,0,491150000,-84.506538
21.659017,0.017,2944,1,4096,2942,0,491300000,-83.329796
21.673968,14.951,2945,1,4096,2943,0,491450000,-83.395699
21.673981,0.014,2946,1,4096,2944,0,491600000,-82.294914
21.688463,14.482,2947,1,4096,2945,0,491750000,-83.830788
21.688476,0.013,2948,1,4096,2946,0,491900000,-84.489113
21.705970,17.494,2949,1,4096,2947,0,492050000,-83.578621
21.705985,0.016,2950,1,4096,2948,0,492200000,-83.802116
21.720915,14.930,2951,1,4096,2949,0,492350000,-84.464775
21.720929,0.014,2952,1,4096,2950,0,492500000,-85.670311
21.720935,0.006,2953,1,4096,2951,0,492650000,-84.764641
21.738360,17.425,2954,1,4096,2952,0,492800000,-84.697395
21.738373,0.013,2955,1,4096,2953,0,492950000,-82.867744
21.753386,15.012,2956,1,4096,2954,0,493100000,-84.516533
21.753406,0.021,2957,1,4096,2955,0,493250000,-84.276405
21.770850,17.444,2958,1,4096,2956,0,493400000,-82.799843
21.770860,0.009,2959,1,4096,2957,0,493550000,-83.989952
21.785892,15.032,2960,1,4096,2958,0,493700000,-83.977150
21.785904,0.012,2961,1,4096,2959,0,493850000,-84.129921
21.800425,14.520,2962,1,4096,2960,0,494000000,-82.955238
21.800438,0.013,2963,1,4096,2961,0,494150000,-84.503120
21.800443,0.005,2964,1,4096,2962,0,494300000,-83.728661
21.817438,16.995,2965,1,4096,2963,0,494450000,-83.379570
21.817452,0.014,2966,1,4096,2964,0,494600000,-83.633339
21.834948,17.496,2967,1,4096,2965,0,494750000,-85.148491
21.834963,0.015,2968,1,4096,2966,0,494900000,-83.308327
21.849180,14.217,2969,1,4096,2967,0,495050000,-83.565117
21.849195,0.015,2970,1,4096,2968,0,495200000,-84.290001
21.867172,17.977,2971,1,4096,2969,0,495350000,-84.042870
21.867185,0.014,2972,1,4096,2970,0,495500000,-83.775505
21.881707,14.522,2973,1,4096,2971,0,495650000,-83.617378
21.881721,0.014,2974,1,4096,2972,0,495800000,-84.520714
21.881727,0.005,2975,1,4096,2973,0,495950000,-83.336555
21.896686,14.960,2976,1,4096,2974,0,496100000,-84.132469
21.896700,0.014,2977,1,4096,2975,0,496250000,-84.076424
21.914194,17.494,2978,1,4096,2976,0,496400000,-84.009773
21.914208,0.014,2979,1,4096,2977,0,496550000,-83.107979
21.929205,14.997,2980,1,4096,2978,0,496700000,-82.924294
21.929220,0.015,2981,1,4096,2979,0,496850000,-83.338097
21.946709,17.489,2982,1,4096,2980,0,497000000,-83.394981
21.946723,0.014,2983,1,4096,2981,0,497150000,-83.630898
21.961707,14.984,2984,1,4096,2982,0,497300000,-83.530830
21.961719,0.012,2985,1,4096,2983,0,497450000,-83.984734
21.978750,17.031,2986,1,4096,2984,0,497600000,-84.743065
21.978764,0.014,2987,1,4096,2985,0,497750000,-84.237190
21.978769,0.006,2988,1,4096,2986,0,497900000,-84.690819
21.993301,14.532,2989,1,4096,2987,0,498050000,-83.880180
21.993315,0.014,2990,1,4096,2988,0,498200000,-83.519325
22.010820,17.505,2991,1,4096,2989,0,498350000,-83.385750
22.010834,0.014,2992,1,4096,2990,0,498500000,-84.661690
22.025855,15.021,2993,1,4096,2991,0,498650000,-83.371849
22.025870,0.015,2994,1,4096,2992,0,498800000,-83.375420
22.040330,14.459,2995,1,4096,2993,0,498950000,-83.419670
22.040343,0.013,2996,1,4096,2994,0,499100000,-83.872322
22.058351,18.008,2997,1,4096,2995,0,499250000,-83.067543
22.058365,0.013,2998,1,4096,2996,0,499400000,-84.043907
22.058370,0.006,2999,1,4096,2997,0,499550000,-83.311638
22.072834,14.464,3000,1,4096,2998,0,499700000,-84.007622
22.072847,0.013,3001,1,4096,2999,0,499850000,-83.495003
22.090834,17.987,3002,1,4096,3000,0,500000000,-82.621590
22.090845,0.011,3003,1,4096,3001,0,500150000,-83.381828
22.105378,14.533,3004,1,4096,3002,0,500300000,-83.754417
22.105390,0.013,3005,1,4096,3003,0,500450000,-84.163353
22.120342,14.952,3006,1,4096,3004,0,500600000,-82.787773
22.120352,0.011,3007,1,4096,3005,0,500750000,-82.554604
22.137891,17.538,3008,1,4096,3006,0,500900000,-83.086449
22.137904,0.013,3009,1,4096,3007,0,501050000,-84.817131
22.137909,0.006,3010,1,4096,3008,0,501200000,-84.100761
22.152360,14.450,3011,1,4096,3009,0,501350000,-83.575615
22.152371,0.012,3012,1,4096,3010,0,501500000,-82.975060
22.169892,17.521,3013,1,4096,3011,0,501650000,-83.834404
22.169906,0.014,3014,1,4096,3012,0,501800000,-83.584175
22.184385,14.478,3015,1,4096,3013,0,501950000,-84.946541
22.184399,0.014,3016,1,4096,3014,0,502100000,-82.901405
22.201887,17.488,3017,1,4096,3015,0,502250000,-83.140907
22.201900,0.014,3018,1,4096,3016,0,502400000,-83.357307
22.216882,14.982,3019,1,4096,3017,0,502550000,-85.173592
22.216893,0.011,3020,1,4096,3018,0,502700000,-84.963295
22.234430,17.537,3021,1,4096,3019,0,502850000,-83.616158
22.234441,0.011,3022,1,4096,3020,0,503000000,-83.918892
22.234447,0.006,3023,1,4096,3021,0,503150000,-83.042625
22.249420,14.974,3024,1,4096,3022,0,503300000,-83.235390
22.249436,0.016,3025,1,4096,3023,0,503450000,-83.435127
22.266922,17.486,3026,1,4096,3024,0,503600000,-83.954109
22.266935,0.013,3027,1,4096,3025,0,503750000,-83.890602
22.280477,13.542,3028,1,4096,3026,0,503900000,-83.082710
22.280490,0.013,3029,1,4096,3027,0,504050000,-83.807518
22.297977,17.487,3030,1,4096,3028,0,504200000,-83.509193
22.297989,0.011,3031,1,4096,3029,0,504350000,-84.663109
22.313018,15.029,3032,1,4096,3030,0,504500000,-83.589455
22.313031,0.014,3033,1,4096,3031,0,504650000,-84.516502
22.313037,0.006,3034,1,4096,3032,0,504800000,-83.215630
22.330507,17.470,3035,1,4096,3033,0,504950000,-84.288216
22.330520,0.013,3036,1,4096,3034,0,505100000,-84.034386
22.345501,14.981,3037,1,4096,3035,0,505250000,-83.658257
22.345510,0.009,3038,1,4096,3036,0,505400000,-83.399406
22.363012,17.501,3039,1,4096,3037,0,505550000,-83.779015
22.363024,0.013,3040,1,4096,3038,0,505700000,-84.320152
22.378002,14.977,3041,1,4096,3039,0,505850000,-83.824684
22.378016,0.014,3042,1,4096,3040,0,506000000,-83.142494
22.392529,14.513,3043,1,4096,3041,0,506150000,-84.091148
22.392541,0.012,3044,1,4096,3042,0,506300000,-84.499916
22.392546,0.006,3045,1,4096,3043,0,506450000,-83.982399
22.410528,17.982,3046,1,4096,3044,0,506600000,-85.344139
22.410541,0.013,3047,1,4096,3045,0,506750000,-83.487495
22.425027,14.486,3048,1,4096,3046,0,506900000,-83.922951
22.425038,0.011,3049,1,4096,3047,0,507050000,-83.914131
22.443045,18.007,3050,1,4096,3048,0,507200000,-84.100105
22.443057,0.012,3051,1,4096,3049,0,507350000,-83.678230
22.457544,14.487,3052,1,4096,3050,0,507500000,-83.537010
22.457556,0.012,3053,1,4096,3051,0,507650000,-84.418159
22.472539,14.983,3054,1,4096,3052,0,507800000,-83.992500
22.472551,0.012,3055,1,4096,3053,0,507950000,-83.341331
22.490168,17.616,3056,1,4096,3054,0,508100000,-83.998955
22.490183,0.016,3057,1,4096,3055,0,508250000,-84.653984
22.490189,0.006,3058,1,4096,3056,0,508400000,-83.600304
22.504312,14.122,3059,1,4096,3057,0,508550000,-83.661110
22.504327,0.015,3060,1,4096,3058,0,508700000,-82.120461
22.521784,17.457,3061,1,4096,3059,0,508850000,-83.747200
22.521797,0.013,3062,1,4096,3060,0,509000000,-83.559807
22.536905,15.107,3063,1,4096,3061,0,509150000,-84.523537
22.536921,0.016,3064,1,4096,3062,0,509300000,-84.778252
22.554303,17.382,3065,1,4096,3063,0,509450000,-84.509178
22.554316,0.013,3066,1,4096,3064,0,509600000,-84.305779
22.569344,15.028,3067,1,4096,3065,0,509750000,-84.252846
22.569359,0.015,3068,1,4096,3066,0,509900000,-84.173027
22.569364,0.005,3069,1,4096,3067,0,510050000,-83.746559
22.584374,15.010,3070,1,4096,3068,0,510200000,-83.787544
22.584388,0.014,3071,1,4096,3069,0,510350000,-83.923409
22.601708,17.320,3072,1,4096,3070,0,510500000,-82.744560
22.601721,0.013,3073,1,4096,3071,0,510650000,-82.679970
22.616706,14.985,3074,1,4096,3072,0,510800000,-83.787361
22.616719,0.013,3075,1,4096,3073,0,510950000,-83.925880
22.634206,17.487,3076,1,4096,3074,0,511100000,-83.818810
22.634218,0.012,3077,1,4096,3075,0,511250000,-83.697197
22.653339,19.121,3078,1,4096,3076,0,511400000,-84.071327
22.653358,0.019,3079,1,4096,3077,0,511550000,-83.311089
22.653366,0.008,3080,1,4096,3078,0,511700000,-83.961403
22.664755,11.389,3081,1,4096,3079,0,511850000,-83.446327
22.664776,0.021,3082,1,4096,3080,0,512000000,-83.302315
22.681810,17.034,3083,1,4096,3081,0,512150000,-83.505455
22.681833,0.023,3084,1,4096,3082,0,512300000,-83.401054
22.696273,14.440,3085,1,4096,3083,0,512450000,-82.674995
22.696286,0.013,3086,1,4096,3084,0,512600000,-84.015205
22.714280,17.995,3087,1,4096,3085,0,512750000,-83.925087
22.714293,0.013,3088,1,4096,3086,0,512900000,-84.369682
22.728854,14.561,3089,1,4096,3087,0,513050000,-83.165672
22.728869,0.014,3090,1,4096,3088,0,513200000,-84.662834
22.746878,18.009,3091,1,4096,3089,0,513350000,-83.989906
22.746891,0.014,3092,1,4096,3090,0,513500000,-83.168251
22.746896,0.005,3093,1,4096,3091,0,513650000,-83.718437
22.761311,14.415,3094,1,4096,3092,0,513800000,-84.177910
22.761324,0.013,3095,1,4096,3093,0,513950000,-83.802864
22.776337,15.013,3096,1,4096,3094,0,514100000,-83.859901
22.776352,0.014,3097,1,4096,3095,0,514250000,-83.029274
22.793837,17.486,3098,1,4096,3096,0,514400000,-83.764168
22.793852,0.015,3099,1,4096,3097,0,514550000,-83.993721
22.808829,14.977,3100,1,4096,3098,0,514700000,-84.176994
22.808842,0.012,3101,1,4096,3099,0,514850000,-83.775993
22.826376,17.534,3102,1,4096,3100,0,515000000,-84.272102
22.826389,0.013,3103,1,4096,3101,0,515150000,-83.509651
22.826393,0.005,3104,1,4096,3102,0,515300000,-83.422737
22.841365,14.972,3105,1,4096,3103,0,515450000,-84.341682
22.841380,0.015,3106,1,4096,3104,0,515600000,-83.443077
22.856366,14.985,3107,1,4096,3105,0,515750000,-82.965172
22.856379,0.014,3108,1,4096,3106,0,515900000,-83.526543
22.874363,17.984,3109,1,4096,3107,0,516050000,-84.255913
22.874377,0.014,3110,1,4096,3108,0,516200000,-83.973030
22.889377,14.999,3111,1,4096,3109,0,516350000,-84.691917
22.889391,0.014,3112,1,4096,3110,0,516500000,-84.352028
22.906903,17.512,3113,1,4096,3111,0,516650000,-83.032860
22.906917,0.014,3114,1,4096,3112,0,516800000,-83.301064
22.906923,0.006,3115,1,4096,3113,0,516950000,-84.343864
22.921893,14.970,3116,1,4096,3114,0,517100000,-84.076027
22.921907,0.014,3117,1,4096,3115,0,517250000,-83.743156
22.936395,14.488,3118,1,4096,3116,0,517400000,-83.303734
22.936408,0.013,3119,1,4096,3117,0,517550000,-83.971886
22.954396,17.988,3120,1,4096,3118,0,517700000,-84.327507
22.954409,0.013,3121,1,4096,3119,0,517850000,-83.044853
22.968901,14.492,3122,1,4096,3120,0,518000000,-84.550957
22.968915,0.013,3123,1,4096,3121,0,518150000,-83.855110
22.986934,18.020,3124,1,4096,3122,0,518300000,-83.674522
22.986948,0.014,3125,1,4096,3123,0,518450000,-83.692345
22.986953,0.006,3126,1,4096,3124,0,518600000,-83.610786
23.001419,14.466,3127,1,4096,3125,0,518750000,-83.965630
23.001432,0.013,3128,1,4096,3126,0,518900000,-84.120781
23.016431,14.999,3129,1,4096,3127,0,519050000,-84.501549
23.016447,0.015,3130,1,4096,3128,0,519200000,-82.970345
23.033947,17.501,3131,1,4096,3129,0,519350000,-84.602333
23.033962,0.014,3132,1,4096,3130,0,519500000,-84.281700
23.048946,14.984,3133,1,4096,3131,0,519650000,-83.682426
23.048958,0.013,3134,1,4096,3132,0,519800000,-83.952583
23.065513,16.555,3135,1,4096,3133,0,519950000,-84.297890
23.065526,0.013,3136,1,4096,3134,0,520100000,-84.353157
23.080520,14.993,3137,1,4096,3135,0,520250000,-83.953514
23.080532,0.012,3138,1,4096,3136,0,520400000,-83.282112
23.080537,0.005,3139,1,4096,3137,0,520550000,-83.055031
23.098032,17.495,3140,1,4096,3138,0,520700000,-84.864647
23.098044,0.013,3141,1,4096,3139,0,520850000,-84.826500
23.113011,14.967,3142,1,4096,3140,0,521000000,-83.144066
23.113023,0.012,3143,1,4096,3141,0,521150000,-83.049675
23.130533,17.510,3144,1,4096,3142,0,521300000,-83.018105
23.130547,0.013,3145,1,4096,3143,0,521450000,-84.500984
23.145546,14.999,3146,1,4096,3144,0,521600000,-82.808205
23.145558,0.012,3147,1,4096,3145,0,521750000,-84.690041
23.160529,14.971,3148,1,4096,3146,0,521900000,-83.636024
23.160540,0.011,3149,1,4096,3147,0,522050000,-84.170906
23.178061,17.521,3150,1,4096,3148,0,522200000,-83.312965
23.178076,0.014,3151,1,4096,3149,0,522350000,-84.343025
23.193071,14.996,3152,1,4096,3150,0,522500000,-84.598991
23.193085,0.014,3153,1,4096,3151,0,522650000,-83.662025
23.193091,0.006,3154,1,4096,3152,0,522800000,-83.812431
23.210582,17.491,3155,1,4096,3153,0,522950000,-83.521568
23.210596,0.014,3156,1,4096,3154,0,523100000,-84.833504
23.225593,14.998,3157,1,4096,3155,0,523250000,-84.580132
23.225608,0.015,3158,1,4096,3156,0,523400000,-83.395241
23.242892,17.284,3159,1,4096,3157,0,523550000,-82.391975
23.242903,0.011,3160,1,4096,3158,0,523700000,-83.581230
23.257897,14.994,3161,1,4096,3159,0,523850000,-84.068459
23.257910,0.013,3162,1,4096,3160,0,524000000,-85.231758
23.272409,14.499,3163,1,4096,3161,0,524150000,-84.631676
23.272422,0.013,3164,1,4096,3162,0,524300000,-84.682747
23.290484,18.062,3165,1,4096,3163,0,524450000,-83.728615
23.290497,0.013,3166,1,4096,3164,0,524600000,-84.142418
23.290501,0.004,3167,1,4096,3165,0,524750000,-83.873802
23.304448,13.947,3168,1,4096,3166,0,524900000,-83.743858
23.304461,0.013,3169,1,4096,3167,0,525050000,-84.596626
23.322458,17.996,3170,1,4096,3168,0,525200000,-83.563225
23.322472,0.014,3171,1,4096,3169,0,525350000,-82.793449
23.336950,14.479,3172,1,4096,3170,0,525500000,-83.828346
23.336963,0.012,3173,1,4096,3171,0,525650000,-83.802010
23.354950,17.988,3174,1,4096,3172,0,525800000,-85.130135
23.354962,0.012,3175,1,4096,3173,0,525950000,-84.464394
23.369648,14.686,3176,1,4096,3174,0,526100000,-83.634209
23.369664,0.016,3177,1,4096,3175,0,526250000,-84.203667
23.386752,17.087,3178,1,4096,3176,0,526400000,-83.935265
23.386767,0.015,3179,1,4096,3177,0,526550000,-84.967567
23.386773,0.006,3180,1,4096,3178,0,526700000,-83.389305
23.401738,14.965,3181,1,4096,3179,0,526850000,-83.025780
23.401754,0.016,3182,1,4096,3180,0,527000000,-83.958824
23.416775,15.021,3183,1,4096,3181,0,527150000,-84.483330
23.416788,0.013,3184,1,4096,3182,0,527300000,-84.020103
23.434243,17.455,3185,1,4096,3183,0,527450000,-84.184883
23.434256,0.013,3186,1,4096,3184,0,527600000,-83.463356
23.449249,14.994,3187,1,4096,3185,0,527750000,-83.004219
23.449264,0.015,3188,1,4096,3186,0,527900000,-84.342552
23.466329,17.064,3189,1,4096,3187,0,528050000,-84.851006
23.466343,0.014,3190,1,4096,3188,0,528200000,-83.771034
23.481357,15.015,3191,1,4096,3189,0,528350000,-83.383842
23.481371,0.014,3192,1,4096,3190,0,528500000,-84.361626
23.481377,0.006,3193,1,4096,3191,0,528650000,-82.910454
23.498358,16.981,3194,1,4096,3192,0,528800000,-84.430626
23.498373,0.014,3195,1,4096,3193,0,528950000,-82.958504
23.512863,14.491,3196,1,4096,3194,0,529100000,-84.085258
23.512878,0.014,3197,1,4096,3195,0,529250000,-85.496513
23.530470,17.593,3198,1,4096,3196,0,529400000,-83.869087
23.530970,0.500,3199,1,4096,3197,0,529550000,-84.227959
23.546525,15.555,3200,1,4096,3198,0,529700000,-84.498726
23.546543,0.018,3201,1,4096,3199,0,529850000,-82.937294
23.560979,14.436,3202,1,4096,3200,0,530000000,-84.500877
23.560998,0.018,3203,1,4096,3201,0,530150000,-83.901405
23.578484,17.486,3204,1,4096,3202,0,530300000,-82.877190
23.578498,0.014,3205,1,4096,3203,0,530450000,-83.469429
23.578504,0.006,3206,1,4096,3204,0,530600000,-84.546227
23.592983,14.479,3207,1,4096,3205,0,530750000,-83.844856
23.593000,0.017,3208,1,4096,3206,0,530900000,-84.181953
23.610508,17.508,3209,1,4096,3207,0,531050000,-83.917427
23.610522,0.014,3210,1,4096,3208,0,531200000,-83.650764
23.625507,14.985,3211,1,4096,3209,0,531350000,-83.481712
23.625520,0.014,3212,1,4096,3210,0,531500000,-83.694115
23.643011,17.490,3213,1,4096,3211,0,531650000,-83.988091
23.643025,0.014,3214,1,4096,3212,0,531800000,-83.926292
23.658018,14.993,3215,1,4096,3213,0,531950000,-84.473030
23.658032,0.014,3216,1,4096,3214,0,532100000,-84.299126
23.672547,14.514,3217,1,4096,3215,0,532250000,-83.007790
23.672562,0.015,3218,1,4096,3216,0,532400000,-83.688820
23.672568,0.006,3219,1,4096,3217,0,532550000,-83.758293
23.690561,17.994,3220,1,4096,3218,0,532700000,-83.482353
23.690578,0.017,3221,1,4096,3219,0,532850000,-83.294777
23.705050,14.472,3222,1,4096,3220,0,533000000,-83.907661
23.705064,0.014,3223,1,4096,3221,0,533150000,-83.811745
23.723052,17.989,3224,1,4096,3222,0,533300000,-83.204292
23.723066,0.014,3225,1,4096,3223,0,533450000,-83.837486
23.737560,14.494,3226,1,4096,3224,0,533600000,-83.731178
23.737574,0.014,3227,1,4096,3225,0,533750000,-84.573036
23.753850,16.276,3228,1,4096,3226,0,533900000,-83.396233
23.753869,0.019,3229,1,4096,3227,0,534050000,-83.868599
23.768208,14.339,3230,1,4096,3228,0,534200000,-84.126640
23.768226,0.018,3231,1,4096,3229,0,534350000,-84.521126
23.768237,0.010,3232,1,4096,3230,0,534500000,-83.109200
23.785788,17.551,3233,1,4096,3231,0,534650000,-84.082436
23.785801,0.013,3234,1,4096,3232,0,534800000,-82.547447
23.800289,14.488,3235,1,4096,3233,0,534950000,-83.386681
23.800301,0.012,3236,1,4096,3234,0,535100000,-83.922905
23.818305,18.003,3237,1,4096,3235,0,535250000,-82.836510
23.818319,0.014,3238,1,4096,3236,0,535400000,-83.405403
23.832350,14.031,3239,1,4096,3237,0,535550000,-83.713753
23.832363,0.013,3240,1,4096,3238,0,535700000,-83.462639
23.850370,18.006,3241,1,4096,3239,0,535850000,-85.392479
23.850383,0.014,3242,1,4096,3240,0,536000000,-83.601524
23.864890,14.506,3243,1,4096,3241,0,536150000,-83.546471
23.864900,0.011,3244,1,4096,3242,0,536300000,-83.223778
23.882940,18.040,3245,1,4096,3243,0,536450000,-83.203545
23.882954,0.014,3246,1,4096,3244,0,536600000,-84.671730
23.882960,0.006,3247,1,4096,3245,0,536750000,-84.847847
23.897367,14.407,3248,1,4096,3246,0,536900000,-83.775032
23.897381,0.014,3249,1,4096,3247,0,537050000,-83.659569
23.912368,14.987,3250,1,4096,3248,0,537200000,-82.918648
23.912382,0.014,3251,1,4096,3249,0,537350000,-84.202705
23.929906,17.524,3252,1,4096,3250,0,537500000,-83.656136
23.929925,0.018,3253,1,4096,3251,0,537650000,-83.251137
23.944884,14.960,3254,1,4096,3252,0,537800000,-83.537361
23.944897,0.013,3255,1,4096,3253,0,537950000,-84.002174
23.961926,17.029,3256,1,4096,3254,0,538100000,-83.847572
23.961939,0.013,3257,1,4096,3255,0,538250000,-84.708412
23.976954,15.015,3258,1,4096,3256,0,538400000,-83.212105
23.976967,0.013,3259,1,4096,3257,0,538550000,-84.479317
23.976972,0.005,3260,1,4096,3258,0,538700000,-84.306328
23.994443,17.471,3261,1,4096,3259,0,538850000,-83.636177
23.994455,0.012,3262,1,4096,3260,0,539000000,-83.665062
24.009459,15.005,3263,1,4096,3261,0,539150000,-84.581856
24.009472,0.013,3264,1,4096,3262,0,539300000,-82.907616
24.026963,17.491,3265,1,4096,3263,0,539450000,-82.667824
24.026976,0.014,3266,1,4096,3264,0,539600000,-82.466911
24.041961,14.985,3267,1,4096,3265,0,539750000,-84.220345
24.041974,0.013,3268,1,4096,3266,0,539900000,-83.421486
24.056472,14.498,3269,1,4096,3267,0,540050000,-84.352699
24.056486,0.014,3270,1,4096,3268,0,540200000,-82.654427
24.074509,18.023,3271,1,4096,3269,0,540350000,-84.897133
24.074521,0.012,3272,1,4096,3270,0,540500000,-84.158501
24.074527,0.006,3273,1,4096,3271,0,540650000,-83.893456
24.088986,14.459,3274,1,4096,3272,0,540800000,-83.482277
24.089000,0.014,3275,1,4096,3273,0,540950000,-83.677422
24.106991,17.991,3276,1,4096,3274,0,541100000,-85.175697
24.107004,0.013,3277,1,4096,3275,0,541250000,-84.650597
24.121547,14.543,3278,1,4096,3276,0,541400000,-83.005852
24.121562,0.015,3279,1,4096,3277,0,541550000,-83.934715
24.136528,14.966,3280,1,4096,3278,0,541700000,-84.501228
24.136549,0.021,3281,1,4096,3279,0,541850000,-83.789268
24.154032,17.482,3282,1,4096,3280,0,542000000,-82.560677
24.154044,0.013,3283,1,4096,3281,0,542150000,-84.265053
24.169065,15.021,3284,1,4096,3282,0,542300000,-83.012947
24.169077,0.012,3285,1,4096,3283,0,542450000,-84.131813
24.169082,0.005,3286,1,4096,3284,0,542600000,-84.595238
24.186544,17.463,3287,1,4096,3285,0,542750000,-82.651665
24.186558,0.013,3288,1,4096,3286,0,542900000,-83.295967
24.201554,14.997,3289,1,4096,3287,0,543050000,-83.620018
24.201568,0.014,3290,1,4096,3288,0,543200000,-83.670845
24.219062,17.494,3291,1,4096,3289,0,543350000,-83.588814
24.219075,0.013,3292,1,4096,3290,0,543500000,-84.232140
24.234057,14.982,3293,1,4096,3291,0,543650000,-82.627876
24.234070,0.013,3294,1,4096,3292,0,543800000,-84.595940
24.248563,14.493,3295,1,4096,3293,0,543950000,-83.563454
24.248575,0.013,3296,1,4096,3294,0,544100000,-84.411446
24.266609,18.034,3297,1,4096,3295,0,544250000,-82.742989
24.266623,0.014,3298,1,4096,3296,0,544400000,-83.458443
24.266629,0.006,3299,1,4096,3297,0,544550000,-82.938484
24.281082,14.453,3300,1,4096,3298,0,544700000,-84.266258
24.281096,0.014,3301,1,4096,3299,0,544850000,-83.391823
24.296104,15.008,3302,1,4096,3300,0,545000000,-82.647591
24.296118,0.014,3303,1,4096,3301,0,545150000,-84.228813
24.313603,17.486,3304,1,4096,3302,0,545300000,-83.871391
24.313617,0.014,3305,1,4096,3303,0,545450000,-83.417061
24.328339,14.722,3306,1,4096,3304,0,545600000,-83.010719
24.328353,0.014,3307,1,4096,3305,0,545750000,-82.697258
24.345836,17.483,3308,1,4096,3306,0,545900000,-84.311516
24.345849,0.013,3309,1,4096,3307,0,546050000,-83.851280
24.360862,15.014,3310,1,4096,3308,0,546200000,-83.936333
24.360876,0.014,3311,1,4096,3309,0,546350000,-83.876732
24.360881,0.005,3312,1,4096,3310,0,546500000,-84.583824
24.378829,17.947,3313,1,4096,3311,0,546650000,-84.470695
24.378840,0.012,3314,1,4096,3312,0,546800000,-84.022743
24.393839,14.998,3315,1,4096,3313,0,546950000,-83.512413
24.393851,0.012,3316,1,4096,3314,0,547100000,-84.210289
24.408359,14.508,3317,1,4096,3315,0,547250000,-83.313622
24.408373,0.014,3318,1,4096,3316,0,547400000,-83.891380
24.426357,17.984,3319,1,4096,3317,0,547550000,-85.513023
24.426369,0.012,3320,1,4096,3318,0,547700000,-84.289513
24.440882,14.512,3321,1,4096,3319,0,547850000,-83.789497
24.440896,0.015,3322,1,4096,3320,0,548000000,-82.938744
24.458907,18.011,3323,1,4096,3321,0,548150000,-84.151939
24.458921,0.014,3324,1,4096,3322,0,548300000,-83.907387
24.458927,0.006,3325,1,4096,3323,0,548450000,-84.671562
24.473390,14.463,3326,1,4096,3324,0,548600000,-84.089287
24.473404,0.014,3327,1,4096,3325,0,548750000,-84.717781
24.488397,14.993,3328,1,4096,3326,0,548900000,-84.818550
24.488411,0.014,3329,1,4096,3327,0,549050000,-84.110924
24.505933,17.522,3330,1,4096,3328,0,549200000,-83.707024
24.505947,0.015,3331,1,4096,3329,0,549350000,-83.399727
24.520918,14.971,3332,1,4096,3330,0,549500000,-84.174782
24.520933,0.015,3333,1,4096,3331,0,549650000,-84.563454
24.538430,17.497,3334,1,4096,3332,0,549800000,-83.246910
24.538444,0.014,3335,1,4096,3333,0,549950000,-83.269875
24.553437,14.993,3336,1,4096,3334,0,550100000,-84.310600
24.553449,0.012,3337,1,4096,3335,0,550250000,-83.694359
24.553454,0.005,3338,1,4096,3336,0,550400000,-83.553474
24.570971,17.518,3339,1,4096,3337,0,550550000,-83.327339
24.570986,0.015,3340,1,4096,3338,0,550700000,-84.924797
24.585960,14.974,3341,1,4096,3339,0,550850000,-83.676033
24.585974,0.014,3342,1,4096,3340,0,551000000,-84.300743
24.600467,14.492,3343,1,4096,3341,0,551150000,-83.706581
24.600481,0.014,3344,1,4096,3342,0,551300000,-84.248680
24.618454,17.973,3345,1,4096,3343,0,551450000,-83.879890
24.618468,0.015,3346,1,4096,3344,0,551600000,-84.360863
24.632908,14.440,3347,1,4096,3345,0,551750000,-83.429634
24.632921,0.012,3348,1,4096,3346,0,551900000,-83.726601
24.650990,18.069,3349,1,4096,3347,0,552050000,-83.963036
24.651006,0.016,3350,1,4096,3348,0,552200000,-83.543678
24.651010,0.004,3351,1,4096,3349,0,552350000,-84.541054
24.665948,14.938,3352,1,4096,3350,0,552500000,-84.866966
24.665960,0.012,3353,1,4096,3351,0,552650000,-83.606590
24.680979,15.019,3354,1,4096,3352,0,552800000,-83.826622
24.680994,0.016,3355,1,4096,3353,0,552950000,-84.127800
24.698444,17.450,3356,1,4096,3354,0,553100000,-83.680565
24.698457,0.013,3357,1,4096,3355,0,553250000,-83.514687
24.713453,14.996,3358,1,4096,3356,0,553400000,-83.664009
24.713466,0.013,3359,1,4096,3357,0,553550000,-83.899071
24.728477,15.011,3360,1,4096,3358,0,553700000,-83.376381
24.728490,0.013,3361,1,4096,3359,0,553850000,-84.005959
24.746007,17.517,3362,1,4096,3360,0,554000000,-83.844902
24.746019,0.012,3363,1,4096,3361,0,554150000,-83.514915
24.746024,0.005,3364,1,4096,3362,0,554300000,-83.374947
24.760989,14.965,3365,1,4096,3363,0,554450000,-83.788658
24.761003,0.014,3366,1,4096,3364,0,554600000,-84.550667
24.778499,17.497,3367,1,4096,3365,0,554750000,-82.987968
24.778514,0.014,3368,1,4096,3366,0,554900000,-83.888512
24.793506,14.993,3369,1,4096,3367,0,555050000,-82.806740
24.793520,0.014,3370,1,4096,3368,0,555200000,-83.864174
24.810834,17.314,3371,1,4096,3369,0,555350000,-83.317726
24.810848,0.014,3372,1,4096,3370,0,555500000,-83.734612
24.825341,14.493,3373,1,4096,3371,0,555650000,-82.528557
24.825355,0.014,3374,1,4096,3372,0,555800000,-83.879845
24.842858,17.503,3375,1,4096,3373,0,555950000,-83.572136
24.842872,0.014,3376,1,4096,3374,0,556100000,-82.766747
24.842878,0.006,3377,1,4096,3375,0,556250000,-83.025688
24.857828,14.950,3378,1,4096,3376,0,556400000,-84.157356
24.857840,0.013,3379,1,4096,3377,0,556550000,-83.973305
24.874850,17.010,3380,1,4096,3378,0,556700000,-84.246498
24.874864,0.013,3381,1,4096,3379,0,556850000,-83.727760
24.889845,14.981,3382,1,4096,3380,0,557000000,-84.284508
24.889860,0.015,3383,1,4096,3381,0,557150000,-84.211647
24.904359,14.498,3384,1,4096,3382,0,557300000,-84.393959
24.904371,0.012,3385,1,4096,3383,0,557450000,-83.872276
24.921389,17.018,3386,1,4096,3384,0,557600000,-83.830925
24.921403,0.014,3387,1,4096,3385,0,557750000,-82.665596
24.938904,17.501,3388,1,4096,3386,0,557900000,-84.108040
24.938918,0.014,3389,1,4096,3387,0,558050000,-84.501320
24.938923,0.006,3390,1,4096,3388,0,558200000,-84.399330
24.953880,14.957,3391,1,4096,3389,0,558350000,-84.220055
24.953894,0.013,3392,1,4096,3390,0,558500000,-83.549919
24.968416,14.523,3393,1,4096,3391,0,558650000,-83.006432
24.968434,0.017,3394,1,4096,3392,0,558800000,-83.239326
24.986009,17.575,3395,1,4096,3393,0,558950000,-84.483971
24.986022,0.013,3396,1,4096,3394,0,559100000,-84.209480
25.000497,14.475,3397,1,4096,3395,0,559250000,-84.562065
25.000508,0.012,3398,1,4096,3396,0,559400000,-84.008125
25.018067,17.559,3399,1,4096,3397,0,559550000,-83.806831
25.018081,0.014,3400,1,4096,3398,0,559700000,-85.791008
25.032594,14.513,3401,1,4096,3399,0,559850000,-83.951027
25.032608,0.014,3402,1,4096,3400,0,560000000,-83.886238
25.032614,0.006,3403,1,4096,3401,0,560150000,-83.359932
25.050604,17.990,3404,1,4096,3402,0,560300000,-84.210884
25.050620,0.017,3405,1,4096,3403,0,560450000,-84.918434
25.064828,14.207,3406,1,4096,3404,0,560600000,-85.080086
25.064840,0.012,3407,1,4096,3405,0,560750000,-84.855675
25.082504,17.664,3408,1,4096,3406,0,560900000,-83.068611
25.082517,0.013,3409,1,4096,3407,0,561050000,-84.193398
25.097507,14.990,3410,1,4096,3408,0,561200000,-83.350594
25.097521,0.014,3411,1,4096,3409,0,561350000,-83.747704
25.112509,14.987,3412,1,4096,3410,0,561500000,-83.165230
25.112523,0.014,3413,1,4096,3411,0,561650000,-84.402794
25.130072,17.549,3414,1,4096,3412,0,561800000,-83.987282
25.130094,0.022,3415,1,4096,3413,0,561950000,-83.397408
25.145056,14.963,3416,1,4096,3414,0,562100000,-84.640373
25.145069,0.013,3417,1,4096,3415,0,562250000,-83.388618
25.145074,0.005,3418,1,4096,3416,0,562400000,-83.572075
25.162419,17.346,3419,1,4096,3417,0,562550000,-84.540474
25.162434,0.014,3420,1,4096,3418,0,562700000,-84.843071
25.177424,14.990,3421,1,4096,3419,0,562850000,-83.997597
25.177438,0.014,3422,1,4096,3420,0,563000000,-84.163841
25.194933,17.495,3423,1,4096,3421,0,563150000,-82.176262
25.194948,0.014,3424,1,4096,3422,0,563300000,-83.958000
25.209977,15.029,3425,1,4096,3423,0,563450000,-84.472237
25.209992,0.015,3426,1,4096,3424,0,563600000,-83.426384
25.225760,15.768,3427,1,4096,3425,0,563750000,-83.826820
25.225772,0.012,3428,1,4096,3426,0,563900000,-83.500999
25.240782,15.010,3429,1,4096,3427,0,564050000,-83.673820
25.240795,0.013,3430,1,4096,3428,0,564200000,-84.277702
25.240801,0.005,3431,1,4096,3429,0,564350000,-82.853630
25.258241,17.440,3432,1,4096,3430,0,564500000,-82.627541
25.258255,0.014,3433,1,4096,3431,0,564650000,-82.338799
25.273235,14.981,3434,1,4096,3432,0,564800000,-84.013100
25.273250,0.014,3435,1,4096,3433,0,564950000,-84.439507
25.288243,14.994,3436,1,4096,3434,0,565100000,-83.665840
25.288258,0.015,3437,1,4096,3435,0,565250000,-83.197929
25.305624,17.366,3438,1,4096,3436,0,565400000,-83.868675
25.305637,0.013,3439,1,4096,3437,0,565550000,-82.811821
25.320633,14.996,3440,1,4096,3438,0,565700000,-84.856834
25.320647,0.014,3441,1,4096,3439,0,565850000,-83.313744
25.338652,18.005,3442,1,4096,3440,0,566000000,-83.792549
25.338666,0.014,3443,1,4096,3441,0,566150000,-83.185143
25.338671,0.005,3444,1,4096,3442,0,566300000,-83.505928
25.353149,14.478,3445,1,4096,3443,0,566450000,-84.428398
25.353165,0.016,3446,1,4096,3444,0,566600000,-83.920967
25.368145,14.980,3447,1,4096,3445,0,566750000,-84.218803
25.368159,0.014,3448,1,4096,3446,0,566900000,-83.251930
25.385695,17.536,3449,1,4096,3447,0,567050000,-83.360710
25.385710,0.015,3450,1,4096,3448,0,567200000,-82.983055
25.400234,14.524,3451,1,4096,3449,0,567350000,-84.535133
25.400250,0.016,3452,1,4096,3450,0,567500000,-83.534416
25.417702,17.452,3453,1,4096,3451,0,567650000,-84.488838
25.417716,0.014,3454,1,4096,3452,0,567800000,-83.869942
25.432727,15.011,3455,1,4096,3453,0,567950000,-84.261162
25.432741,0.014,3456,1,4096,3454,0,568100000,-83.667107
25.432746,0.006,3457,1,4096,3455,0,568250000,-84.087822
25.450326,17.580,3458,1,4096,3456,0,568400000,-84.015358
25.450350,0.023,3459,1,4096,3457,0,568550000,-82.884621
25.465360,15.010,3460,1,4096,3458,0,568700000,-84.164421
25.465375,0.015,3461,1,4096,3459,0,568850000,-83.687538
25.482842,17.467,3462,1,4096,3460,0,569000000,-82.697395
25.482855,0.013,3463,1,4096,3461,0,569150000,-84.117638
25.497375,14.521,3464,1,4096,3462,0,569300000,-83.907188
25.497389,0.013,3465,1,4096,3463,0,569450000,-84.404610
25.514397,17.008,3466,1,4096,3464,0,569600000,-82.934624
25.514409,0.012,3467,1,4096,3465,0,569750000,-84.663704
25.528943,14.534,3468,1,4096,3466,0,569900000,-83.675331
25.528956,0.014,3469,1,4096,3467,0,570050000,-83.937523
25.528962,0.006,3470,1,4096,3468,0,570200000,-83.790794
25.546927,17.965,3471,1,4096,3469,0,570350000,-84.193779
25.546941,0.014,3472,1,4096,3470,0,570500000,-83.056328
25.560996,14.055,3473,1,4096,3471,0,570650000,-84.059120
25.561010,0.014,3474,1,4096,3472,0,570800000,-83.454002
25.575994,14.984,3475,1,4096,3473,0,570950000,-83.942421
25.576008,0.014,3476,1,4096,3474,0,571100000,-83.665581
25.593492,17.484,3477,1,4096,3475,0,571250000,-83.505165
25.593505,0.013,3478,1,4096,3476,0,571400000,-83.216148
25.608513,15.008,3479,1,4096,3477,0,571550000,-83.373024
25.608527,0.014,3480,1,4096,3478,0,571700000,-82.831551
25.625998,17.471,3481,1,4096,3479,0,571850000,-85.242363
25.626014,0.016,3482,1,4096,3480,0,572000000,-83.232262
25.626024,0.009,3483,1,4096,3481,0,572150000,-83.580803
25.640926,14.902,3484,1,4096,3482,0,572300000,-83.214851
25.640940,0.013,3485,1,4096,3483,0,572450000,-83.496208
25.658437,17.498,3486,1,4096,3484,0,572600000,-85.018822
25.658452,0.015,3487,1,4096,3485,0,572750000,-84.601967
25.673436,14.984,3488,1,4096,3486,0,572900000,-83.516151
25.673450,0.014,3489,1,4096,3487,0,573050000,-83.641518
25.690990,17.540,3490,1,4096,3488,0,573200000,-84.019035
25.691012,0.022,3491,1,4096,3489,0,573350000,-83.685631
25.705988,14.975,3492,1,4096,3490,0,573500000,-84.186653
25.706003,0.015,3493,1,4096,3491,0,573650000,-83.574516
25.706011,0.009,3494,1,4096,3492,0,573800000,-83.725243
25.720469,14.458,3495,1,4096,3493,0,573950000,-83.423195
25.720482,0.014,3496,1,4096,3494,0,574100000,-83.718941
25.738470,17.988,3497,1,4096,3495,0,574250000,-84.092354
25.738484,0.014,3498,1,4096,3496,0,574400000,-84.724144
25.752992,14.508,3499,1,4096,3497,0,574550000,-84.695564
25.753005,0.014,3500,1,4096,3498,0,574700000,-83.643517
25.770983,17.978,3501,1,4096,3499,0,574850000,-83.155602
25.770999,0.016,3502,1,4096,3500,0,575000000,-83.693367
25.785488,14.488,3503,1,4096,3501,0,575150000,-84.428993
25.785501,0.013,3504,1,4096,3502,0,575300000,-84.094292
25.800505,15.005,3505,1,4096,3503,0,575450000,-83.579552
25.800519,0.014,3506,1,4096,3504,0,575600000,-83.305290
25.800525,0.006,3507,1,4096,3505,0,575750000,-83.749046
25.817992,17.468,3508,1,4096,3506,0,575900000,-83.682335
25.818006,0.014,3509,1,4096,3507,0,576050000,-84.110893
25.832991,14.985,3510,1,4096,3508,0,576200000,-83.808662
25.833004,0.014,3511,1,4096,3509,0,576350000,-83.208763
25.850502,17.498,3512,1,4096,3510,0,576500000,-84.809715
25.850517,0.015,3513,1,4096,3511,0,576650000,-83.375908
25.865289,14.771,3514,1,4096,3512,0,576800000,-83.947929
25.865300,0.011,3515,1,4096,3513,0,576950000,-83.263298
25.882808,17.508,3516,1,4096,3514,0,577100000,-84.079277
25.882821,0.013,3517,1,4096,3515,0,577250000,-83.979393
25.897825,15.004,3518,1,4096,3516,0,577400000,-85.256859
25.897838,0.013,3519,1,4096,3517,0,577550000,-85.026344
25.897845,0.007,3520,1,4096,3518,0,577700000,-83.547386
25.912324,14.480,3521,1,4096,3519,0,577850000,-83.547096
25.912336,0.012,3522,1,4096,3520,0,578000000,-85.365089
25.930340,18.003,3523,1,4096,3521,0,578150000,-84.116081
25.930356,0.016,3524,1,4096,3522,0,578300000,-84.644691
25.944850,14.494,3525,1,4096,3523,0,578450000,-83.791527
25.944865,0.014,3526,1,4096,3524,0,578600000,-85.055717
25.962837,17.973,3527,1,4096,3525,0,578750000,-83.966667
25.962851,0.014,3528,1,4096,3526,0,578900000,-83.993233
25.977342,14.491,3529,1,4096,3527,0,579050000,-84.253365
25.977355,0.014,3530,1,4096,3528,0,579200000,-85.158974
25.992377,15.022,3531,1,4096,3529,0,579350000,-83.455650
25.992391,0.014,3532,1,4096,3530,0,579500000,-83.731682
25.992396,0.005,3533,1,4096,3531,0,579650000,-83.642784
26.009869,17.473,3534,1,4096,3532,0,579800000,-83.319344
26.009883,0.014,3535,1,4096,3533,0,579950000,-84.451347
26.024892,15.009,3536,1,4096,3534,0,580100000,-84.444801
26.024905,0.013,3537,1,4096,3535,0,580250000,-84.253716
26.042366,17.461,3538,1,4096,3536,0,580400000,-83.404305
26.042378,0.012,3539,1,4096,3537,0,580550000,-83.942787
26.056981,14.603,3540,1,4096,3538,0,580700000,-82.046043
26.056994,0.013,3541,1,4096,3539,0,580850000,-84.465675
26.074497,17.503,3542,1,4096,3540,0,581000000,-82.329277
26.074510,0.013,3543,1,4096,3541,0,581150000,-84.343315
26.089526,15.016,3544,1,4096,3542,0,581300000,-82.762474
26.089539,0.012,3545,1,4096,3543,0,581450000,-82.640617
26.089545,0.006,3546,1,4096,3544,0,581600000,-84.051018
26.104015,14.470,3547,1,4096,3545,0,581750000,-83.554878
26.104029,0.014,3548,1,4096,3546,0,581900000,-82.887321
26.122014,17.985,3549,1,4096,3547,0,582050000,-83.906685
26.122028,0.014,3550,1,4096,3548,0,582200000,-83.645607
26.136521,14.493,3551,1,4096,3549,0,582350000,-84.004738
26.136534,0.014,3552,1,4096,3550,0,582500000,-84.062782
26.154533,17.999,3553,1,4096,3551,0,582650000,-84.393211
26.154546,0.012,3554,1,4096,3552,0,582800000,-83.442375
26.169043,14.497,3555,1,4096,3553,0,582950000,-84.204903
26.169055,0.012,3556,1,4096,3554,0,583100000,-83.475212
26.184170,15.115,3557,1,4096,3555,0,583250000,-83.733070
26.184196,0.027,3558,1,4096,3556,0,583400000,-83.899712
26.184203,0.006,3559,1,4096,3557,0,583550000,-84.217476
26.201499,17.296,3560,1,4096,3558,0,583700000,-83.655617
26.201518,0.019,3561,1,4096,3559,0,583850000,-83.553474
26.218648,17.130,3562,1,4096,3560,0,584000000,-83.577934
26.218666,0.019,3563,1,4096,3561,0,584150000,-83.766808
26.233550,14.884,3564,1,4096,3562,0,584300000,-82.969902
26.233565,0.015,3565,1,4096,3563,0,584450000,-83.128990
26.248041,14.476,3566,1,4096,3564,0,584600000,-83.821968
26.248056,0.014,3567,1,4096,3565,0,584750000,-84.698021
26.265899,17.843,3568,1,4096,3566,0,584900000,-83.107048
26.265933,0.034,3569,1,4096,3567,0,585050000,-83.631844
26.280363,14.430,3570,1,4096,3568,0,585200000,-83.649849
26.280386,0.023,3571,1,4096,3569,0,585350000,-83.065315
26.280393,0.007,3572,1,4096,3570,0,585500000,-84.498192
26.297296,16.903,3573,1,4096,3571,0,585650000,-83.415993
26.297315,0.019,3574,1,4096,3572,0,585800000,-83.762321
26.312255,14.940,3575,1,4096,3573,0,585950000,-83.498863
26.312269,0.014,3576,1,4096,3574,0,586100000,-84.267113
26.329742,17.473,3577,1,4096,3575,0,586250000,-84.429619
26.329755,0.013,3578,1,4096,3576,0,586400000,-84.015862
26.348158,18.403,3579,1,4096,3577,0,586550000,-83.281471
26.348176,0.018,3580,1,4096,3578,0,586700000,-83.564919
26.360463,12.287,3581,1,4096,3579,0,586850000,-84.017570
26.360479,0.016,3582,1,4096,3580,0,587000000,-84.299339
26.377801,17.321,3583,1,4096,3581,0,587150000,-83.611244
26.377814,0.013,3584,1,4096,3582,0,587300000,-84.424797
26.377818,0.005,3585,1,4096,3583,0,587450000,-83.395546
26.392342,14.523,3586,1,4096,3584,0,587600000,-83.289070
26.392358,0.016,3587,1,4096,3585,0,587750000,-84.616859
26.409557,17.199,3588,1,4096,3586,0,587900000,-84.710564
26.409570,0.013,3589,1,4096,3587,0,588050000,-83.905510
26.424151,14.581,3590,1,4096,3588,0,588200000,-84.120277
26.424174,0.022,3591,1,4096,3589,0,588350000,-84.217720
26.441560,17.386,3592,1,4096,3590,0,588500000,-83.966621
26.441573,0.013,3593,1,4096,3591,0,588650000,-84.288765
26.456634,15.061,3594,1,4096,3592,0,588800000,-83.235390
26.456653,0.019,3595,1,4096,3593,0,588950000,-83.470360
26.474591,17.938,3596,1,4096,3594,0,589100000,-83.852470
26.474604,0.013,3597,1,4096,3595,0,589250000,-85.307167
26.474609,0.005,3598,1,4096,3596,0,589400000,-84.800774
26.489585,14.976,3599,1,4096,3597,0,589550000,-84.156792
26.489598,0.013,3600,1,4096,3598,0,589700000,-83.236565
26.506905,17.306,3601,1,4096,3599,0,589850000,-83.660454
26.506919,0.015,3602,1,4096,3600,0,590000000,-84.386238
26.521903,14.983,3603,1,4096,3601,0,590150000,-84.122078
26.521918,0.015,3604,1,4096,3602,0,590300000,-85.097633
26.536410,14.493,3605,1,4096,3603,0,590450000,-83.996956
26.536428,0.018,3606,1,4096,3604,0,590600000,-83.888466
26.553434,17.006,3607,1,4096,3605,0,590750000,-83.485558
26.553449,0.015,3608,1,4096,3606,0,590900000,-82.529655
26.568463,15.014,3609,1,4096,3607,0,591050000,-83.433067
26.568477,0.014,3610,1,4096,3608,0,591200000,-83.641533
26.568483,0.006,3611,1,4096,3609,0,591350000,-83.632500
26.585955,17.471,3612,1,4096,3610,0,591500000,-84.072594
26.585969,0.015,3613,1,4096,3611,0,591650000,-83.333946
26.600956,14.986,3614,1,4096,3612,0,591800000,-85.046196
26.600970,0.015,3615,1,4096,3613,0,591950000,-84.187904
26.618465,17.494,3616,1,4096,3614,0,592100000,-84.413078
26.618479,0.014,3617,1,4096,3615,0,592250000,-83.372704
26.632979,14.500,3618,1,4096,3616,0,592400000,-83.774406
26.632993,0.014,3619,1,4096,3617,0,592550000,-84.345268
26.647975,14.982,3620,1,4096,3618,0,592700000,-83.772789
26.647988,0.013,3621,1,4096,3619,0,592850000,-84.629723
26.665999,18.011,3622,1,4096,3620,0,593000000,-84.525764
26.666012,0.012,3623,1,4096,3621,0,593150000,-83.183372
26.666016,0.005,3624,1,4096,3622,0,593300000,-85.308754
26.680488,14.472,3625,1,4096,3623,0,593450000,-83.021919
26.680502,0.014,3626,1,4096,3624,0,593600000,-84.586540
26.698489,17.987,3627,1,4096,3625,0,593750000,-84.099937
26.698502,0.013,3628,1,4096,3626,0,593900000,-83.282814
26.713011,14.509,3629,1,4096,3627,0,594050000,-84.665642
26.713025,0.013,3630,1,4096,3628,0,594200000,-83.941444
26.728009,14.984,3631,1,4096,3629,0,594350000,-84.163460
26.728022,0.014,3632,1,4096,3630,0,594500000,-84.819481
26.745529,17.506,3633,1,4096,3631,0,594650000,-83.687584
26.745541,0.012,3634,1,4096,3632,0,594800000,-83.106682
26.745545,0.005,3635,1,4096,3633,0,594950000,-82.975822
26.760523,14.978,3636,1,4096,3634,0,595100000,-84.584648
26.760535,0.012,3637,1,4096,3635,0,595250000,-83.112633
26.778044,17.509,3638,1,4096,3636,0,595400000,-83.175529
26.778058,0.014,3639,1,4096,3637,0,595550000,-83.209801
26.793048,14.990,3640,1,4096,3638,0,595700000,-83.131676
26.793062,0.014,3641,1,4096,3639,0,595850000,-84.347252
26.810608,17.546,3642,1,4096,3640,0,596000000,-83.053780
26.810624,0.015,3643,1,4096,3641,0,596150000,-84.598457
26.825088,14.464,3644,1,4096,3642,0,596300000,-84.729179
26.825101,0.013,3645,1,4096,3643,0,596450000,-84.472786
26.842631,17.530,3646,1,4096,3644,0,596600000,-83.731285
26.842655,0.024,3647,1,4096,3645,0,596750000,-83.549583
26.842660,0.005,3648,1,4096,3646,0,596900000,-83.055046
26.857639,14.978,3649,1,4096,3647,0,597050000,-84.046303
26.857650,0.012,3650,1,4096,3648,0,597200000,-85.477715
26.872143,14.493,3651,1,4096,3649,0,597350000,-84.268837
26.872156,0.013,3652,1,4096,3650,0,597500000,-84.426659
26.890130,17.974,3653,1,4096,3651,0,597650000,-84.430046
26.890144,0.014,3654,1,4096,3652,0,597800000,-84.243889
26.904648,14.505,3655,1,4096,3653,0,597950000,-83.172859
26.904672,0.023,3656,1,4096,3654,0,598100000,-83.076469
26.922663,17.991,3657,1,4096,3655,0,598250000,-83.197517
26.922677,0.014,3658,1,4096,3656,0,598400000,-83.266884
26.937166,14.489,3659,1,4096,3657,0,598550000,-84.208427
26.937179,0.013,3660,1,4096,3658,0,598700000,-84.334541
26.937183,0.004,3661,1,4096,3659,0,598850000,-82.951836
26.952165,14.982,3662,1,4096,3660,0,599000000,-83.820564
26.952180,0.016,3663,1,4096,3661,0,599150000,-84.864296
26.969681,17.500,3664,1,4096,3662,0,599300000,-83.048393
26.969698,0.017,3665,1,4096,3663,0,599450000,-84.107414
26.984688,14.990,3666,1,4096,3664,0,599600000,-82.759666
26.984701,0.013,3667,1,4096,3665,0,599750000,-84.174492
27.002194,17.494,3668,1,4096,3666,0,599900000,-85.113701
27.002208,0.013,3669,1,4096,3667,0,600050000,-83.642570
27.017202,14.994,3670,1,4096,3668,0,600200000,-83.646645
27.017215,0.013,3671,1,4096,3669,0,600350000,-82.887230
27.034743,17.528,3672,1,4096,3670,0,600500000,-83.331184
27.034757,0.014,3673,1,4096,3671,0,600650000,-84.530128
27.034762,0.005,3674,1,4096,3672,0,600800000,-82.969872
27.049713,14.951,3675,1,4096,3673,0,600950000,-84.451012
27.049724,0.012,3676,1,4096,3674,0,601100000,-83.327248
27.064240,14.516,3677,1,4096,3675,0,601250000,-83.841774
27.064253,0.013,3678,1,4096,3676,0,601400000,-84.343025
27.082225,17.971,3679,1,4096,3677,0,601550000,-82.539268
27.082238,0.013,3680,1,4096,3678,0,601700000,-83.945930
27.096753,14.515,3681,1,4096,3679,0,601850000,-84.568535
27.096765,0.012,3682,1,4096,3680,0,602000000,-84.125694
27.112120,15.355,3683,1,4096,3681,0,602150000,-83.950401
27.112134,0.015,3684,1,4096,3682,0,602300000,-84.238228
27.129150,17.016,3685,1,4096,3683,0,602450000,-83.710808
27.129163,0.013,3686,1,4096,3684,0,602600000,-83.521904
27.129168,0.005,3687,1,4096,3685,0,602750000,-82.767586
27.144168,15.001,3688,1,4096,3686,0,602900000,-83.697380
27.144184,0.016,3689,1,4096,3687,0,603050000,-83.860527
27.161658,17.473,3690,1,4096,3688,0,603200000,-84.077629
27.161670,0.013,3691,1,4096,3689,0,603350000,-83.341957
27.176669,14.999,3692,1,4096,3690,0,603500000,-83.810341
27.176684,0.015,3693,1,4096,3691,0,603650000,-83.258125
27.194174,17.490,3694,1,4096,3692,0,603800000,-83.685585
27.194188,0.014,3695,1,4096,3693,0,603950000,-83.980278
27.209181,14.993,3696,1,4096,3694,0,604100000,-82.692055
27.209194,0.013,3697,1,4096,3695,0,604250000,-83.270012
27.225863,16.669,3698,1,4096,3696,0,604400000,-83.235268
27.225875,0.012,3699,1,4096,3697,0,604550000,-84.090553
27.225879,0.005,3700,1,4096,3698,0,604700000,-84.128502
27.240851,14.972,3701,1,4096,3699,0,604850000,-84.344566
27.240866,0.014,3702,1,4096,3700,0,605000000,-80.633217
27.258362,17.496,3703,1,4096,3701,0,605150000,-84.580605
27.258375,0.014,3704,1,4096,3702,0,605300000,-84.073784
27.273368,14.992,3705,1,4096,3703,0,605450000,-82.752174
27.273386,0.019,3706,1,4096,3704,0,605600000,-83.849663
27.287878,14.492,3707,1,4096,3705,0,605750000,-84.835869
27.287891,0.012,3708,1,4096,3706,0,605900000,-83.747505
27.305926,18.035,3709,1,4096,3707,0,606050000,-84.046928
27.305937,0.012,3710,1,4096,3708,0,606200000,-83.694756
27.320493,14.555,3711,1,4096,3709,0,606350000,-83.306847
27.320507,0.015,3712,1,4096,3710,0,606500000,-83.184914
27.320513,0.005,3713,1,4096,3711,0,606650000,-82.663429
27.338108,17.595,3714,1,4096,3712,0,606800000,-84.261955
27.338127,0.020,3715,1,4096,3713,0,606950000,-83.966957
27.352630,14.502,3716,1,4096,3714,0,607100000,-84.141930
27.352644,0.015,3717,1,4096,3715,0,607250000,-83.642601
27.370039,17.395,3718,1,4096,3716,0,607400000,-83.834435
27.370053,0.014,3719,1,4096,3717,0,607550000,-83.693825
27.385021,14.968,3720,1,4096,3718,0,607700000,-84.433784
27.385033,0.012,3721,1,4096,3719,0,607850000,-83.465553
27.402530,17.497,3722,1,4096,3720,0,608000000,-84.099724
27.402540,0.011,3723,1,4096,3721,0,608150000,-82.653572
27.402544,0.004,3724,1,4096,3722,0,608300000,-83.317924
27.417602,15.058,3725,1,4096,3723,0,608450000,-83.056145
27.417614,0.012,3726,1,4096,3724,0,608600000,-84.059334
27.434544,16.930,3727,1,4096,3725,0,608750000,-83.579063
27.434556,0.012,3728,1,4096,3726,0,608900000,-83.635872
27.449558,15.002,3729,1,4096,3727,0,609050000,-83.944099
27.449570,0.011,3730,1,4096,3728,0,609200000,-84.650566
27.464111,14.541,3731,1,4096,3729,0,609350000,-83.819756
27.464141,0.030,3732,1,4096,3730,0,609500000,-83.661674
27.482071,17.930,3733,1,4096,3731,0,609650000,-82.686516
27.482083,0.012,3734,1,4096,3732,0,609800000,-84.325523
27.496592,14.509,3735,1,4096,3733,0,609950000,-84.201714
27.496602,0.010,3736,1,4096,3734,0,610100000,-82.899086
27.496607,0.005,3737,1,4096,3735,0,610250000,-83.112206
27.514084,17.477,3738,1,4096,3736,0,610400000,-83.757301
27.514096,0.012,3739,1,4096,3737,0,610550000,-83.554787
27.528589,14.493,3740,1,4096,3738,0,610700000,-82.732338
27.528600,0.012,3741,1,4096,3739,0,610850000,-84.572273
27.544661,16.061,3742,1,4096,3740,0,611000000,-83.232475
27.544674,0.012,3743,1,4096,3741,0,611150000,-83.666435
27.560772,16.098,3744,1,4096,3742,0,611300000,-85.035164
27.560782,0.010,3745,1,4096,3743,0,611450000,-83.951241
27.575924,15.142,3746,1,4096,3744,0,611600000,-84.791267
27.575935,0.011,3747,1,4096,3745,0,611750000,-83.823265
27.593352,17.418,3748,1,4096,3746,0,611900000,-84.148674
27.593363,0.010,3749,1,4096,3747,0,612050000,-83.432579
27.593367,0.004,3750,1,4096,3748,0,612200000,-83.637566
27.608400,15.033,3751,1,4096,3749,0,612350000,-83.710396
27.608413,0.013,3752,1,4096,3750,0,612500000,-85.251366
27.624223,15.810,3753,1,4096,3751,0,612650000,-83.988426
27.624245,0.022,3754,1,4096,3752,0,612800000,-83.049217
27.641324,17.079,3755,1,4096,3753,0,612950000,-83.057777
27.641334,0.010,3756,1,4096,3754,0,613100000,-83.788963
27.657943,16.609,3757,1,4096,3755,0,613250000,-84.267036
27.657960,0.017,3758,1,4096,3756,0,613400000,-83.886467
27.673350,15.390,3759,1,4096,3757,0,613550000,-83.811668
27.673363,0.013,3760,1,4096,3758,0,613700000,-85.415001
27.690772,17.408,3761,1,4096,3759,0,613850000,-84.198128
27.690784,0.012,3762,1,4096,3760,0,614000000,-83.535896
27.690790,0.006,3763,1,4096,3761,0,614150000,-83.404228
27.704432,13.642,3764,1,4096,3762,0,614300000,-83.886589
27.704443,0.012,3765,1,4096,3763,0,614450000,-84.589409
27.722303,17.859,3766,1,4096,3764,0,614600000,-82.344994
27.722314,0.012,3767,1,4096,3765,0,614750000,-84.338264
27.737472,15.158,3768,1,4096,3766,0,614900000,-84.475945
27.737484,0.012,3769,1,4096,3767,0,615050000,-84.000145
27.753454,15.970,3770,1,4096,3768,0,615200000,-83.554527
27.753465,0.011,3771,1,4096,3769,0,615350000,-83.783104
27.768510,15.045,3772,1,4096,3770,0,615500000,-84.380470
27.768521,0.011,3773,1,4096,3771,0,615650000,-84.009315
27.768526,0.006,3774,1,4096,3772,0,615800000,-84.263481
27.785457,16.931,3775,1,4096,3773,0,615950000,-84.032875
27.785467,0.010,3776,1,4096,3774,0,616100000,-84.775719
27.800534,15.067,3777,1,4096,3775,0,616250000,-84.770378
27.800550,0.016,3778,1,4096,3776,0,616400000,-84.341133
27.817982,17.432,3779,1,4096,3777,0,616550000,-84.196983
27.817993,0.011,3780,1,4096,3778,0,616700000,-84.876396
27.832844,14.851,3781,1,4096,3779,0,616850000,-83.888512
27.832854,0.011,3782,1,4096,3780,0,617000000,-83.975899
27.848134,15.279,3783,1,4096,3781,0,617150000,-83.852211
27.848144,0.010,3784,1,4096,3782,0,617300000,-83.040901
27.866804,18.660,3785,1,4096,3783,0,617450000,-83.544456
27.866817,0.013,3786,1,4096,3784,0,617600000,-83.537560
27.866822,0.005,3787,1,4096,3785,0,617750000,-83.962868
27.881278,14.455,3788,1,4096,3786,0,617900000,-85.005821
27.881292,0.015,3789,1,4096,3787,0,618050000,-84.379341
27.896277,14.985,3790,1,4096,3788,0,618200000,-84.123390
27.896292,0.014,3791,1,4096,3789,0,618350000,-83.279045
27.913852,17.560,3792,1,4096,3790,0,618500000,-83.714378
27.913867,0.015,3793,1,4096,3791,0,618650000,-83.731163
27.928910,15.043,3794,1,4096,3792,0,618800000,-84.001274
27.928930,0.020,3795,1,4096,3793,0,618950000,-84.368111
27.946596,17.666,3796,1,4096,3794,0,619100000,-84.019051
27.946611,0.015,3797,1,4096,3795,0,619250000,-83.176643
27.960344,13.733,3798,1,4096,3796,0,619400000,-83.506599
27.960358,0.014,3799,1,4096,3797,0,619550000,-83.206535
27.960364,0.006,3800,1,4096,3798,0,619700000,-83.939613
27.977615,17.251,3801,1,4096,3799,0,619850000,-82.547310
27.977631,0.016,3802,1,4096,3800,0,620000000,-83.532280
27.993754,16.123,3803,1,4096,3801,0,620150000,-83.759315
27.993768,0.014,3804,1,4096,3802,0,620300000,-83.201698
28.009821,16.053,3805,1,4096,3803,0,620450000,-83.211952
28.009842,0.021,3806,1,4096,3804,0,620600000,-84.065086
28.025818,15.976,3807,1,4096,3805,0,620750000,-83.333916
28.025831,0.013,3808,1,4096,3806,0,620900000,-82.584450
28.041754,15.923,3809,1,4096,3807,0,621050000,-83.503242
28.041765,0.011,3810,1,4096,3808,0,621200000,-83.912834
28.057858,16.093,3811,1,4096,3809,0,621350000,-83.736443
28.057869,0.011,3812,1,4096,3810,0,621500000,-84.414864
28.057874,0.005,3813,1,4096,3811,0,621650000,-83.719917
28.073272,15.398,3814,1,4096,3812,0,621800000,-83.605644
28.073284,0.012,3815,1,4096,3813,0,621950000,-83.764015
28.089403,16.119,3816,1,4096,3814,0,622100000,-82.384331
28.089421,0.018,3817,1,4096,3815,0,622250000,-84.120293
28.105392,15.971,3818,1,4096,3816,0,622400000,-85.234154
28.105407,0.015,3819,1,4096,3817,0,622550000,-85.278328
28.120181,14.774,3820,1,4096,3818,0,622700000,-84.064156
28.120192,0.011,3821,1,4096,3819,0,622850000,-84.513069
28.136289,16.097,3822,1,4096,3820,0,623000000,-82.819572
28.136300,0.012,3823,1,4096,3821,0,623150000,-84.723457
28.136311,0.010,3824,1,4096,3822,0,623300000,-83.917641
28.152222,15.912,3825,1,4096,3823,0,623450000,-84.455589
28.152233,0.011,3826,1,4096,3824,0,623600000,-83.469765
28.168293,16.059,3827,1,4096,3825,0,623750000,-82.579750
28.168304,0.011,3828,1,4096,3826,0,623900000,-83.260887
28.186417,18.113,3829,1,4096,3827,0,624050000,-83.938484
28.186429,0.012,3830,1,4096,3828,0,624200000,-84.280663
28.200318,13.889,3831,1,4096,3829,0,624350000,-83.573601
28.200330,0.012,3832,1,4096,3830,0,624500000,-84.499046
28.217533,17.203,3833,1,4096,3831,0,624650000,-83.857948
28.217547,0.014,3834,1,4096,3832,0,624800000,-83.131477
28.232904,15.358,3835,1,4096,3833,0,624950000,-84.270958
28.232915,0.010,3836,1,4096,3834,0,625100000,-84.926628
28.232920,0.006,3837,1,4096,3835,0,625250000,-83.349556
28.248128,15.208,3838,1,4096,3836,0,625400000,-83.175041
28.248139,0.011,3839,1,4096,3837,0,625550000,-84.160027
28.264900,16.761,3840,1,4096,3838,0,625700000,-83.671364
28.264913,0.013,3841,1,4096,3839,0,625850000,-84.380531
28.280210,15.297,3842,1,4096,3840,0,626000000,-83.696632
28.280225,0.015,3843,1,4096,3841,0,626150000,-83.377464
28.296409,16.184,3844,1,4096,3842,0,626300000,-84.668343
28.296422,0.013,3845,1,4096,3843,0,626450000,-83.117485
28.312116,15.695,3846,1,4096,3844,0,626600000,-83.672035
28.312127,0.010,3847,1,4096,3845,0,626750000,-85.115746
28.328236,16.109,3848,1,4096,3846,0,626900000,-84.185432
28.328249,0.013,3849,1,4096,3847,0,627050000,-83.664574
28.328254,0.005,3850,1,4096,3848,0,627200000,-83.762962
28.345852,17.598,3851,1,4096,3849,0,627350000,-84.425682
28.345860,0.008,3852,1,4096,3850,0,627500000,-83.483055
28.360643,14.783,3853,1,4096,3851,0,627650000,-85.176445
28.360655,0.012,3854,1,4096,3852,0,627800000,-83.570702
28.378139,17.484,3855,1,4096,3853,0,627950000,-84.758507
28.378150,0.012,3856,1,4096,3854,0,628100000,-83.351128
28.392388,14.238,3857,1,4096,3855,0,628250000,-84.702858
28.392398,0.010,3858,1,4096,3856,0,628400000,-83.735909
28.410099,17.701,3859,1,4096,3857,0,628550000,-84.495476
28.410110,0.011,3860,1,4096,3858,0,628700000,-83.798042
28.423878,13.768,3861,1,4096,3859,0,628850000,-84.416344
28.423894,0.016,3862,1,4096,3860,0,629000000,-83.433052
28.423900,0.006,3863,1,4096,3861,0,629150000,-83.347343
28.441269,17.369,3864,1,4096,3862,0,629300000,-83.945457
28.441281,0.011,3865,1,4096,3863,0,629450000,-83.660072
28.456856,15.576,3866,1,4096,3864,0,629600000,-84.224586
28.456867,0.010,3867,1,4096,3865,0,629750000,-83.431236
28.471774,14.907,3868,1,4096,3866,0,629900000,-84.601418
28.471783,0.010,3869,1,4096,3867,0,630050000,-84.366814
28.488048,16.264,3870,1,4096,3868,0,630200000,-83.462730
28.488062,0.014,3871,1,4096,3869,0,630350000,-84.194527
28.505124,17.062,3872,1,4096,3870,0,630500000,-83.630867
28.505136,0.012,3873,1,4096,3871,0,630650000,-83.511528
28.505141,0.005,3874,1,4096,3872,0,630800000,-83.585991
28.519945,14.804,3875,1,4096,3873,0,630950000,-83.232552
28.519955,0.010,3876,1,4096,3874,0,631100000,-84.618492
28.536635,16.679,3877,1,4096,3875,0,631250000,-84.471581
28.536644,0.010,3878,1,4096,3876,0,631400000,-83.331017
28.554252,17.607,3879,1,4096,3877,0,631550000,-84.086357
28.554263,0.012,3880,1,4096,3878,0,631700000,-83.616173
28.568170,13.907,3881,1,4096,3879,0,631850000,-83.225929
28.568183,0.013,3882,1,4096,3880,0,632000000,-84.162895
28.585910,17.727,3883,1,4096,3881,0,632150000,-85.171455
28.585921,0.011,3884,1,4096,3882,0,632300000,-82.785179
28.601088,15.167,3885,1,4096,3883,0,632450000,-84.008415
28.601097,0.010,3886,1,4096,3884,0,632600000,-83.246178
28.601103,0.005,3887,1,4096,3885,0,632750000,-83.881401
28.616237,15.135,3888,1,4096,3886,0,632900000,-83.945076
28.616248,0.011,3889,1,4096,3887,0,633050000,-83.382927
28.634063,17.816,3890,1,4096,3888,0,633200000,-83.369499
28.634075,0.012,3891,1,4096,3889,0,633350000,-83.707405
28.648822,14.747,3892,1,4096,3890,0,633500000,-82.745125
28.648832,0.010,3893,1,4096,3891,0,633650000,-83.287788
28.663838,15.007,3894,1,4096,3892,0,633800000,-84.090935
28.663850,0.012,3895,1,4096,3893,0,633950000,-84.439949
28.680562,16.712,3896,1,4096,3894,0,634100000,-84.217445
28.680575,0.013,3897,1,4096,3895,0,634250000,-83.166023
28.696189,15.614,3898,1,4096,3896,0,634400000,-83.354561
28.696201,0.012,3899,1,4096,3897,0,634550000,-82.784859
28.696206,0.006,3900,1,4096,3898,0,634700000,-83.577660
28.712951,16.744,3901,1,4096,3899,0,634850000,-84.319756
28.712962,0.011,3902,1,4096,3900,0,635000000,-83.805336
28.728431,15.469,3903,1,4096,3901,0,635150000,-83.938072
28.728442,0.010,3904,1,4096,3902,0,635300000,-83.851601
28.744067,15.626,3905,1,4096,3903,0,635450000,-83.263359
28.744079,0.012,3906,1,4096,3904,0,635600000,-83.411919
28.760714,16.635,3907,1,4096,3905,0,635750000,-83.791252
28.760726,0.012,3908,1,4096,3906,0,635900000,-84.059441
28.776216,15.490,3909,1,4096,3907,0,636050000,-83.749443
28.776226,0.010,3910,1,4096,3908,0,636200000,-83.230339
28.776231,0.005,3911,1,4096,3909,0,636350000,-83.569099
28.793516,17.285,3912,1,4096,3910,0,636500000,-83.982689
28.793525,0.009,3913,1,4096,3911,0,636650000,-83.914391
28.809383,15.858,3914,1,4096,3912,0,636800000,-83.635719
28.809394,0.011,3915,1,4096,3913,0,636950000,-83.344292
28.824207,14.812,3916,1,4096,3914,0,637100000,-84.041740
28.824218,0.011,3917,1,4096,3915,0,637250000,-84.275475
28.840240,16.022,3918,1,4096,3916,0,637400000,-84.769051
28.840250,0.010,3919,1,4096,3917,0,637550000,-83.664619
28.857107,16.857,3920,1,4096,3918,0,637700000,-84.466255
28.857117,0.010,3921,1,4096,3919,0,637850000,-83.486412
28.874353,17.237,3922,1,4096,3920,0,638000000,-84.272057
28.874363,0.010,3923,1,4096,3921,0,638150000,-83.914162
28.874368,0.005,3924,1,4096,3922,0,638300000,-83.278664
28.888897,14.529,3925,1,4096,3923,0,638450000,-82.744133
28.888906,0.010,3926,1,4096,3924,0,638600000,-84.007393
28.904204,15.297,3927,1,4096,3925,0,638750000,-83.347542
28.904216,0.012,3928,1,4096,3926,0,638900000,-82.695900
28.921731,17.515,3929,1,4096,3927,0,639050000,-84.442543
28.921743,0.012,3930,1,4096,3928,0,639200000,-83.769279
28.937215,15.471,3931,1,4096,3929,0,639350000,-83.433739
28.937229,0.014,3932,1,4096,3930,0,639500000,-83.281242
28.952197,14.968,3933,1,4096,3931,0,639650000,-82.874397
28.952209,0.012,3934,1,4096,3932,0,639800000,-83.712440
28.970285,18.075,3935,1,4096,3933,0,639950000,-82.819740
28.970295,0.010,3936,1,4096,3934,0,640100000,-85.250069
28.970300,0.005,3937,1,4096,3935,0,640250000,-83.858101
28.985197,14.897,3938,1,4096,3936,0,640400000,-83.397774
28.985209,0.012,3939,1,4096,3937,0,640550000,-84.800804
29.000208,14.999,3940,1,4096,3938,0,640700000,-83.654671
29.000219,0.011,3941,1,4096,3939,0,640850000,-83.484581
29.018183,17.964,3942,1,4096,3940,0,641000000,-84.416710
29.018194,0.010,3943,1,4096,3941,0,641150000,-83.557487
29.033204,15.010,3944,1,4096,3942,0,641300000,-83.226402
29.033215,0.011,3945,1,4096,3943,0,641450000,-84.077370
29.047706,14.491,3946,1,4096,3944,0,641600000,-84.222862
29.047718,0.012,3947,1,4096,3945,0,641750000,-83.129997
29.065263,17.545,3948,1,4096,3946,0,641900000,-83.051231
29.065276,0.013,3949,1,4096,3947,0,642050000,-83.913414
29.065281,0.005,3950,1,4096,3948,0,642200000,-84.677284
29.081413,16.132,3951,1,4096,3949,0,642350000,-83.400703
29.081425,0.012,3952,1,4096,3950,0,642500000,-83.928215
29.097449,16.024,3953,1,4096,3951,0,642650000,-84.290215
29.097461,0.012,3954,1,4096,3952,0,642800000,-83.139397
29.112901,15.439,3955,1,4096,3953,0,642950000,-82.831078
29.112912,0.011,3956,1,4096,3954,0,643100000,-84.108269
29.129678,16.766,3957,1,4096,3955,0,643250000,-83.961678
29.129689,0.011,3958,1,4096,3956,0,643400000,-84.691460
29.145831,16.142,3959,1,4096,3957,0,643550000,-83.542274
29.145841,0.009,3960,1,4096,3958,0,643700000,-83.351463
29.145845,0.004,3961,1,4096,3959,0,643850000,-83.401466
29.160685,14.840,3962,1,4096,3960,0,644000000,-83.841042
29.160697,0.012,3963,1,4096,3961,0,644150000,-84.604988
29.175878,15.181,3964,1,4096,3962,0,644300000,-83.551979
29.175891,0.013,3965,1,4096,3963,0,644450000,-84.126686
29.193402,17.511,3966,1,4096,3964,0,644600000,-83.217293
29.193413,0.011,3967,1,4096,3965,0,644750000,-83.893913
29.209516,16.102,3968,1,4096,3966,0,644900000,-84.080070
29.209536,0.020,3969,1,4096,3967,0,645050000,-83.997749
29.223762,14.226,3970,1,4096,3968,0,645200000,-83.819313
29.223775,0.013,3971,1,4096,3969,0,645350000,-83.564171
29.241944,18.169,3972,1,4096,3970,0,645500000,-82.541939
29.241955,0.011,3973,1,4096,3971,0,645650000,-83.434120
29.241959,0.005,3974,1,4096,3972,0,645800000,-83.791191
29.257703,15.744,3975,1,4096,3973,0,645950000,-84.054710
29.257715,0.012,3976,1,4096,3974,0,646100000,-84.811394
29.273205,15.490,3977,1,4096,3975,0,646250000,-84.536324
29.273219,0.014,3978,1,4096,3976,0,646400000,-83.750160
29.287834,14.615,3979,1,4096,3977,0,646550000,-83.469597
29.287847,0.013,3980,1,4096,3978,0,646700000,-84.379341
29.303671,15.824,3981,1,4096,3979,0,646850000,-84.376518
29.303683,0.013,3982,1,4096,3980,0,647000000,-84.004753
29.322151,18.468,3983,1,4096,3981,0,647150000,-84.340919
29.322163,0.012,3984,1,4096,3982,0,647300000,-83.831352
29.335748,13.585,3985,1,4096,3983,0,647450000,-84.688408
29.335759,0.011,3986,1,4096,3984,0,647600000,-83.239876
29.335764,0.005,3987,1,4096,3985,0,647750000,-82.621483
29.353365,17.600,3988,1,4096,3986,0,647900000,-84.083336
29.353377,0.012,3989,1,4096,3987,0,648050000,-84.610344
29.370330,16.953,3990,1,4096,3988,0,648200000,-82.787682
29.370340,0.011,3991,1,4096,3989,0,648350000,-83.028572
29.386066,15.725,3992,1,4096,3990,0,648500000,-84.250862
29.386076,0.011,3993,1,4096,3991,0,648650000,-85.125862
29.399915,13.839,3994,1,4096,3992,0,648800000,-83.206337
29.399927,0.012,3995,1,4096,3993,0,648950000,-83.399742
29.416433,16.506,3996,1,4096,3994,0,649100000,-83.597511
29.416444,0.011,3997,1,4096,3995,0,649250000,-83.955864
29.416450,0.006,3998,1,4096,3996,0,649400000,-83.535027
29.432709,16.260,3999,1,4096,3997,0,649550000,-83.784935
29.432719,0.010,4000,1,4096,3998,0,649700000,-83.835625
29.448950,16.231,4001,1,4096,3999,0,649850000,-83.947121
29.448965,0.015,4002,1,4096,4000,0,650000000,-82.817604
29.464012,15.048,4003,1,4096,4001,0,650150000,-84.183952
29.464025,0.013,4004,1,4096,4002,0,650300000,-84.166725
29.479645,15.619,4005,1,4096,4003,0,650450000,-84.094093
29.479654,0.009,4006,1,4096,4004,0,650600000,-82.583427
29.496968,17.314,4007,1,4096,4005,0,650750000,-84.140892
29.496979,0.011,4008,1,4096,4006,0,650900000,-83.680901
29.512867,15.888,4009,1,4096,4007,0,651050000,-85.498039
29.512879,0.012,4010,1,4096,4008,0,651200000,-84.222893
29.512885,0.006,4011,1,4096,4009,0,651350000,-83.296333
29.529541,16.657,4012,1,4096,4010,0,651500000,-83.286278
29.529554,0.012,4013,1,4096,4011,0,651650000,-83.978828
29.546290,16.736,4014,1,4096,4012,0,651800000,-84.353157
29.546299,0.009,4015,1,4096,4013,0,651950000,-83.926292
29.561508,15.209,4016,1,4096,4014,0,652100000,-84.494881
29.561523,0.015,4017,1,4096,4015,0,652250000,-83.637062
29.577168,15.645,4018,1,4096,4016,0,652400000,-84.478645
29.577180,0.012,4019,1,4096,4017,0,652550000,-84.853310
29.591754,14.574,4020,1,4096,4018,0,652700000,-83.745476
29.591767,0.013,4021,1,4096,4019,0,652850000,-83.989922
29.608098,16.332,4022,1,4096,4020,0,653000000,-83.825981
29.608111,0.012,4023,1,4096,4021,0,653150000,-83.840553
29.608116,0.006,4024,1,4096,4022,0,653300000,-84.081429
29.623903,15.787,4025,1,4096,4023,0,653450000,-83.007713
29.623915,0.012,4026,1,4096,4024,0,653600000,-83.455986
29.641101,17.186,4027,1,4096,4025,0,653750000,-83.364311
29.641114,0.013,4028,1,4096,4026,0,653900000,-82.776711
29.657005,15.891,4029,1,4096,4027,0,654050000,-83.891563
29.657019,0.013,4030,1,4096,4028,0,654200000,-83.759941
29.672630,15.611,4031,1,4096,4029,0,654350000,-83.641319
29.672642,0.012,4032,1,4096,4030,0,654500000,-83.988487
29.687740,15.098,4033,1,4096,4031,0,654650000,-83.937126
29.687751,0.011,4034,1,4096,4032,0,654800000,-83.187859
29.687757,0.006,4035,1,4096,4033,0,654950000,-83.606743
29.705774,18.018,4036,1,4096,4034,0,655100000,-83.702522
29.705785,0.011,4037,1,4096,4035,0,655250000,-84.010857
29.722476,16.691,4038,1,4096,4036,0,655400000,-83.196159
29.722489,0.014,4039,1,4096,4037,0,655550000,-83.111366
29.737356,14.867,4040,1,4096,4038,0,655700000,-83.638329
29.737368,0.011,4041,1,4096,4039,0,655850000,-85.186333
29.753345,15.978,4042,1,4096,4040,0,656000000,-83.655617
29.753357,0.011,4043,1,4096,4041,0,656150000,-83.262398
29.768047,14.691,4044,1,4096,4042,0,656300000,-84.392021
29.768057,0.010,4045,1,4096,4043,0,656450000,-84.014824
29.785218,17.161,4046,1,4096,4044,0,656600000,-83.536629
29.785228,0.010,4047,1,4096,4045,0,656750000,-83.260155
29.785233,0.005,4048,1,4096,4046,0,656900000,-83.966362
29.800291,15.058,4049,1,4096,4047,0,657050000,-84.754189
29.800305,0.014,4050,1,4096,4048,0,657200000,-83.913017
29.817122,16.818,4051,1,4096,4049,0,657350000,-84.387169
29.817141,0.019,4052,1,4096,4050,0,657500000,-83.556801
29.834631,17.490,4053,1,4096,4051,0,657650000,-84.170082
29.834651,0.020,4054,1,4096,4052,0,657800000,-83.929893
29.849124,14.473,4055,1,4096,4053,0,657950000,-84.589378
29.849139,0.014,4056,1,4096,4054,0,658100000,-83.320915
29.863682,14.544,4057,1,4096,4055,0,658250000,-84.053932
29.863698,0.016,4058,1,4096,4056,0,658400000,-83.368050
29.863706,0.008,4059,1,4096,4057,0,658550000,-84.348289
29.881098,17.392,4060,1,4096,4058,0,658700000,-83.703255
29.881111,0.013,4061,1,4096,4059,0,658850000,-83.634209
29.895696,14.586,4062,1,4096,4060,0,659000000,-83.950111
29.895712,0.016,4063,1,4096,4061,0,659150000,-83.447960
29.913231,17.519,4064,1,4096,4062,0,659300000,-83.150383
29.913246,0.015,4065,1,4096,4063,0,659450000,-83.724739
29.928192,14.946,4066,1,4096,4064,0,659600000,-82.554207
29.928207,0.015,4067,1,4096,4065,0,659750000,-83.803337
29.945715,17.508,4068,1,4096,4066,0,659900000,-83.732307
29.945727,0.012,4069,1,4096,4067,0,660050000,-83.545280
29.962025,16.298,4070,1,4096,4068,0,660200000,-83.585457
29.962043,0.018,4071,1,4096,4069,0,660350000,-83.238136
29.962050,0.007,4072,1,4096,4070,0,660500000,-82.160179
29.976697,14.647,4073,1,4096,4071,0,660650000,-84.722237
29.976716,0.019,4074,1,4096,4072,0,660800000,-84.290535
29.992536,15.820,4075,1,4096,4073,0,660950000,-84.083931
29.992556,0.020,4076,1,4096,4074,0,661100000,-84.439354
30.010506,17.950,4077,1,4096,4075,0,661250000,-83.841805
30.010522,0.016,4078,1,4096,4076,0,661400000,-83.484016
30.024320,13.799,4079,1,4096,4077,0,661550000,-83.884834
30.024343,0.023,4080,1,4096,4078,0,661700000,-84.238792
30.042281,17.938,4081,1,4096,4079,0,661850000,-82.959053
30.042295,0.014,4082,1,4096,4080,0,662000000,-83.846977
30.056127,13.832,4083,1,4096,4081,0,662150000,-84.068932
30.056140,0.013,4084,1,4096,4082,0,662300000,-83.648521
30.056145,0.005,4085,1,4096,4083,0,662450000,-83.832619
30.074114,17.969,4086,1,4096,4084,0,662600000,-84.849586
30.074129,0.015,4087,1,4096,4085,0,662750000,-83.305794
30.088551,14.421,4088,1,4096,4086,0,662900000,-84.092522
30.088563,0.012,4089,1,4096,4087,0,663050000,-84.411293
30.106598,18.035,4090,1,4096,4088,0,663200000,-84.341667
30.106614,0.016,4091,1,4096,4089,0,663350000,-84.513496
30.120815,14.202,4092,1,4096,4090,0,663500000,-83.660606
30.120828,0.013,4093,1,4096,4091,0,663650000,-83.783089
30.135776,14.948,4094,1,4096,4092,0,663800000,-84.821602
30.135790,0.014,4095,1,4096,4093,0,663950000,-84.003838
30.135796,0.006,4096,1,4096,4094,0,664100000,-84.589256
30.152969,17.173,4097,1,4096,4095,1,664250000,-83.332573
