host_time_s,delta_ms,frame_index,timestamp,total_points,current_index,done,freq_hz,amp_dbm
0.017395,,2,1,4096,0,0,50000000,-82.727806
0.017418,0.024,3,1,4096,1,0,50150000,-83.193169
0.034677,17.259,4,1,4096,2,0,50300000,-82.766930
0.034697,0.019,5,1,4096,3,0,50450000,-85.269234
0.049508,14.811,6,1,4096,4,0,50600000,-84.541908
0.049524,0.016,7,1,4096,5,0,50750000,-84.191460
0.067356,17.832,8,1,4096,6,0,50900000,-83.875282
0.067370,0.014,9,1,4096,7,0,51050000,-83.497673
0.081551,14.181,10,1,4096,8,0,51200000,-83.862144
0.081565,0.014,11,1,4096,9,0,51350000,-83.728920
0.096621,15.056,12,1,4096,10,0,51500000,-84.262413
0.096639,0.018,13,1,4096,11,0,51650000,-83.533607
0.113530,16.891,14,1,4096,12,0,51800000,-85.325417
0.113543,0.013,15,1,4096,13,0,51950000,-83.352303
0.113547,0.004,16,1,4096,14,0,52100000,-83.324043
0.131483,17.935,17,1,4096,15,0,52250000,-83.671822
0.131497,0.014,18,1,4096,16,0,52400000,-84.262581
0.145157,13.660,19,1,4096,17,0,52550000,-83.726479
0.145172,0.015,20,1,4096,18,0,52700000,-84.016487
0.163211,18.040,21,1,4096,19,0,52850000,-83.377388
0.163231,0.019,22,1,4096,20,0,53000000,-84.372627
0.177737,14.506,23,1,4096,21,0,53150000,-84.456306
0.177754,0.016,24,1,4096,22,0,53300000,-78.289482
0.192718,14.965,25,1,4096,23,0,53450000,-83.335594
0.192734,0.015,26,1,4096,24,0,53600000,-83.822670
0.210286,17.552,27,1,4096,25,0,53750000,-84.563545
0.210307,0.021,28,1,4096,26,0,53900000,-83.241798
0.210312,0.005,29,1,4096,27,0,54050000,-83.910164
0.225259,14.947,30,1,4096,28,0,54200000,-83.925545
0.225278,0.018,31,1,4096,29,0,54350000,-84.127449
0.241786,16.509,32,1,4096,30,0,54500000,-84.547874
0.241801,0.014,33,1,4096,31,0,54650000,-83.509544
0.256899,15.098,34,1,4096,32,0,54800000,-84.252968
0.256937,0.038,35,1,4096,33,0,54950000,-85.558601
0.273804,16.867,36,1,4096,34,0,55100000,-83.425896
0.273820,0.016,37,1,4096,35,0,55250000,-84.213905
0.288828,15.008,38,1,4096,36,0,55400000,-83.723991
0.288843,0.016,39,1,4096,37,0,55550000,-83.503929
0.306828,17.985,40,1,4096,38,0,55700000,-83.891258
0.306843,0.015,41,1,4096,39,0,55850000,-84.896568
0.306848,0.004,42,1,4096,40,0,56000000,-83.772972
0.321812,14.964,43,1,4096,41,0,56150000,-83.825966
0.321826,0.014,44,1,4096,42,0,56300000,-84.662910
0.338717,16.890,45,1,4096,43,0,56450000,-83.391899
0.338734,0.017,46,1,4096,44,0,56600000,-83.514046
0.353241,14.507,47,1,4096,45,0,56750000,-83.187477
0.353264,0.023,48,1,4096,46,0,56900000,-84.055107
0.368561,15.297,49,1,4096,47,0,57050000,-83.841118
0.368576,0.015,50,1,4096,48,0,57200000,-84.158379
0.385613,17.036,51,1,4096,49,0,57350000,-83.783913
0.385628,0.015,52,1,4096,50,0,57500000,-84.270790
0.402516,16.888,53,1,4096,51,0,57650000,-84.461510
0.402536,0.020,54,1,4096,52,0,57800000,-82.886009
0.402548,0.012,55,1,4096,53,0,57950000,-83.185753
0.417343,14.795,56,1,4096,54,0,58100000,-84.195549
0.417356,0.013,57,1,4096,55,0,58250000,-84.181236
0.433887,16.531,58,1,4096,56,0,58400000,-85.275612
0.433900,0.013,59,1,4096,57,0,58550000,-83.969933
0.450494,16.594,60,1,4096,58,0,58700000,-83.378426
0.450507,0.013,61,1,4096,59,0,58850000,-83.587074
0.465155,14.648,62,1,4096,60,0,59000000,-83.489433
0.465169,0.014,63,1,4096,61,0,59150000,-83.508110
0.480575,15.406,64,1,4096,62,0,59300000,-83.627998
0.480588,0.013,65,1,4096,63,0,59450000,-84.303612
0.498136,17.548,66,1,4096,64,0,59600000,-83.606331
0.498152,0.016,67,1,4096,65,0,59750000,-84.736549
0.498157,0.005,68,1,4096,66,0,59900000,-83.172340
0.512922,14.764,69,1,4096,67,0,60050000,-83.683388
0.512937,0.015,70,1,4096,68,0,60200000,-83.764183
0.530543,17.606,71,1,4096,69,0,60350000,-84.033150
0.530556,0.013,72,1,4096,70,0,60500000,-82.579521
0.545139,14.583,73,1,4096,71,0,60650000,-83.768867
0.545155,0.015,74,1,4096,72,0,60800000,-83.956352
0.563104,17.949,75,1,4096,73,0,60950000,-83.439873
0.563121,0.017,76,1,4096,74,0,61100000,-83.977913
0.577454,14.333,77,1,4096,75,0,61250000,-83.084114
0.577468,0.014,78,1,4096,76,0,61400000,-82.741905
0.595056,17.589,79,1,4096,77,0,61550000,-84.235542
0.595069,0.013,80,1,4096,78,0,61700000,-84.649193
0.595074,0.004,81,1,4096,79,0,61850000,-82.901054
0.609346,14.272,82,1,4096,80,0,62000000,-84.097038
0.609361,0.015,83,1,4096,81,0,62150000,-83.352165
0.626872,17.511,84,1,4096,82,0,62300000,-83.429008
0.626885,0.013,85,1,4096,83,0,62450000,-84.615990
0.640905,14.020,86,1,4096,84,0,62600000,-83.983803
0.640918,0.013,87,1,4096,85,0,62750000,-83.649696
0.658482,17.564,88,1,4096,86,0,62900000,-82.859322
0.658494,0.012,89,1,4096,87,0,63050000,-83.840126
0.673036,14.542,90,1,4096,88,0,63200000,-83.164803
0.673051,0.015,91,1,4096,89,0,63350000,-84.208122
0.690965,17.914,92,1,4096,90,0,63500000,-83.868279
0.690980,0.015,93,1,4096,91,0,63650000,-84.572701
0.690986,0.006,94,1,4096,92,0,63800000,-84.389931
0.705434,14.448,95,1,4096,93,0,63950000,-83.242699
0.705447,0.013,96,1,4096,94,0,64100000,-83.816719
0.723403,17.956,97,1,4096,95,0,64250000,-83.856071
0.723418,0.015,98,1,4096,96,0,64400000,-83.792549
0.738008,14.590,99,1,4096,97,0,64550000,-84.627205
0.738023,0.015,100,1,4096,98,0,64700000,-83.894035
0.755024,17.002,101,1,4096,99,0,64850000,-83.161018
0.755039,0.015,102,1,4096,100,0,65000000,-83.500084
0.770112,15.073,103,1,4096,101,0,65150000,-84.039406
0.770125,0.013,104,1,4096,102,0,65300000,-83.717827
0.784658,14.533,105,1,4096,103,0,65450000,-84.697441
0.784671,0.013,106,1,4096,104,0,65600000,-83.771187
0.801608,16.937,107,1,4096,105,0,65750000,-83.988731
0.801621,0.013,108,1,4096,106,0,65900000,-83.692238
0.801629,0.008,109,1,4096,107,0,66050000,-83.691856
0.816575,14.946,110,1,4096,108,0,66200000,-84.480675
0.816594,0.018,111,1,4096,109,0,66350000,-83.444084
0.833591,16.997,112,1,4096,110,0,66500000,-84.641106
0.833603,0.013,113,1,4096,111,0,66650000,-83.973335
0.848648,15.045,114,1,4096,112,0,66800000,-83.613258
0.848663,0.015,115,1,4096,113,0,66950000,-83.536232
0.865824,17.160,116,1,4096,114,0,67100000,-82.880760
0.865838,0.014,117,1,4096,115,0,67250000,-84.423698
0.880829,14.991,118,1,4096,116,0,67400000,-84.111687
0.880843,0.014,119,1,4096,117,0,67550000,-83.475319
0.898099,17.256,120,1,4096,118,0,67700000,-84.166389
0.898112,0.013,121,1,4096,119,0,67850000,-83.977867
0.898116,0.004,122,1,4096,120,0,68000000,-83.468910
0.913098,14.982,123,1,4096,121,0,68150000,-83.281258
0.913113,0.015,124,1,4096,122,0,68300000,-84.264320
0.931036,17.922,125,1,4096,123,0,68450000,-83.837959
0.931053,0.018,126,1,4096,124,0,68600000,-83.832558
0.945993,14.940,127,1,4096,125,0,68750000,-83.441811
0.946008,0.015,128,1,4096,126,0,68900000,-83.211967
0.963165,17.156,129,1,4096,127,0,69050000,-83.731575
0.963190,0.025,130,1,4096,128,0,69200000,-85.285545
0.978078,14.888,131,1,4096,129,0,69350000,-84.000267
0.978092,0.015,132,1,4096,130,0,69500000,-83.303551
0.992653,14.561,133,1,4096,131,0,69650000,-84.367699
0.992673,0.020,134,1,4096,132,0,69800000,-83.781990
0.992679,0.006,135,1,4096,133,0,69950000,-83.485466
1.010043,17.364,136,1,4096,134,0,70100000,-83.797066
1.010058,0.015,137,1,4096,135,0,70250000,-84.078743
1.024780,14.722,138,1,4096,136,0,70400000,-83.671165
1.024794,0.015,139,1,4096,137,0,70550000,-83.359383
1.041106,16.312,140,1,4096,138,0,70700000,-84.075111
1.041121,0.015,141,1,4096,139,0,70850000,-83.047325
1.058866,17.745,142,1,4096,140,0,71000000,-83.418755
1.058880,0.014,143,1,4096,141,0,71150000,-83.983849
1.073741,14.861,144,1,4096,142,0,71300000,-83.599251
1.073756,0.015,145,1,4096,143,0,71450000,-84.395653
1.088773,15.017,146,1,4096,144,0,71600000,-84.222694
1.088787,0.015,147,1,4096,145,0,71750000,-83.447746
1.088793,0.006,148,1,4096,146,0,71900000,-83.743813
1.105967,17.174,149,1,4096,147,0,72050000,-83.999458
1.105982,0.016,150,1,4096,148,0,72200000,-84.141228
1.120937,14.954,151,1,4096,149,0,72350000,-84.449867
1.120951,0.014,152,1,4096,150,0,72500000,-82.542946
1.139398,18.447,153,1,4096,151,0,72650000,-84.015312
1.139413,0.015,154,1,4096,152,0,72800000,-84.212196
1.152671,13.259,155,1,4096,153,0,72950000,-82.934319
1.152685,0.013,156,1,4096,154,0,73100000,-84.602425
1.170915,18.230,157,1,4096,155,0,73250000,-83.709221
1.170928,0.013,158,1,4096,156,0,73400000,-83.323616
1.185498,14.570,159,1,4096,157,0,73550000,-83.885826
1.185519,0.020,160,1,4096,158,0,73700000,-83.987267
1.185525,0.006,161,1,4096,159,0,73850000,-84.888710
1.200478,14.953,162,1,4096,160,0,74000000,-84.911629
1.200491,0.014,163,1,4096,161,0,74150000,-83.846123
1.218015,17.524,164,1,4096,162,0,74300000,-82.950966
1.218030,0.015,165,1,4096,163,0,74450000,-83.465721
1.234881,16.852,166,1,4096,164,0,74600000,-84.619621
1.234897,0.015,167,1,4096,165,0,74750000,-83.339165
1.249392,14.496,168,1,4096,166,0,74900000,-83.976967
1.249407,0.015,169,1,4096,167,0,75050000,-84.395744
1.266877,17.470,170,1,4096,168,0,75200000,-85.477715
1.266890,0.013,171,1,4096,169,0,75350000,-84.607521
1.281419,14.529,172,1,4096,170,0,75500000,-85.179604
1.281434,0.015,173,1,4096,171,0,75650000,-84.082253
1.281439,0.006,174,1,4096,172,0,75800000,-83.983849
1.298927,17.487,175,1,4096,173,0,75950000,-83.692558
1.298940,0.013,176,1,4096,174,0,76100000,-82.815010
1.313435,14.495,177,1,4096,175,0,76250000,-84.520622
1.313450,0.015,178,1,4096,176,0,76400000,-83.602745
1.331045,17.595,179,1,4096,177,0,76550000,-84.565788
1.331058,0.013,180,1,4096,178,0,76700000,-83.247917
1.345063,14.005,181,1,4096,179,0,76850000,-83.569695
1.345077,0.014,182,1,4096,180,0,77000000,-83.512978
1.361593,16.515,183,1,4096,181,0,77150000,-84.977180
1.361607,0.014,184,1,4096,182,0,77300000,-83.359032
1.376644,15.037,185,1,4096,183,0,77450000,-83.959679
1.376665,0.021,186,1,4096,184,0,77600000,-83.936699
1.376670,0.006,187,1,4096,185,0,77750000,-83.821968
1.393986,17.316,188,1,4096,186,0,77900000,-84.315636
1.394002,0.015,189,1,4096,187,0,78050000,-83.480049
1.408991,14.989,190,1,4096,188,0,78200000,-84.404060
1.409006,0.015,191,1,4096,189,0,78350000,-83.576408
1.425997,16.991,192,1,4096,190,0,78500000,-84.290031
1.426011,0.014,193,1,4096,191,0,78650000,-83.437111
1.440504,14.493,194,1,4096,192,0,78800000,-84.723351
1.440518,0.014,195,1,4096,193,0,78950000,-84.293877
1.457700,17.182,196,1,4096,194,0,79100000,-83.553841
1.457713,0.013,197,1,4096,195,0,79250000,-84.251076
1.472712,14.999,198,1,4096,196,0,79400000,-83.982719
1.472726,0.014,199,1,4096,197,0,79550000,-83.624702
1.472730,0.005,200,1,4096,198,0,79700000,-84.384178
1.489720,16.990,201,1,4096,199,0,79850000,-79.051140
1.489735,0.015,202,1,4096,200,0,80000000,-77.212364
1.504724,14.989,203,1,4096,201,0,80150000,-79.256844
1.504739,0.015,204,1,4096,202,0,80300000,-84.094444
1.521792,17.053,205,1,4096,203,0,80450000,-83.903603
1.521807,0.015,206,1,4096,204,0,80600000,-85.117760
1.536778,14.970,207,1,4096,205,0,80750000,-84.323982
1.536795,0.018,208,1,4096,206,0,80900000,-84.388588
1.554584,17.789,209,1,4096,207,0,81050000,-83.518135
1.554599,0.015,210,1,4096,208,0,81200000,-83.614555
1.569607,15.008,211,1,4096,209,0,81350000,-84.446938
1.569622,0.015,212,1,4096,210,0,81500000,-84.082375
1.569628,0.006,213,1,4096,211,0,81650000,-82.998268
1.584462,14.834,214,1,4096,212,0,81800000,-83.858467
1.584476,0.014,215,1,4096,213,0,81950000,-83.246559
1.602284,17.809,216,1,4096,214,0,82100000,-85.273308
1.602298,0.014,217,1,4096,215,0,82250000,-84.939400
1.616484,14.186,218,1,4096,216,0,82400000,-84.194298
1.616502,0.018,219,1,4096,217,0,82550000,-84.809013
1.633973,17.471,220,1,4096,218,0,82700000,-84.515236
1.633988,0.015,221,1,4096,219,0,82850000,-84.110405
1.648462,14.474,222,1,4096,220,0,83000000,-83.404991
1.648475,0.013,223,1,4096,221,0,83150000,-83.198219
1.666006,17.531,224,1,4096,222,0,83300000,-84.862190
1.666021,0.015,225,1,4096,223,0,83450000,-84.197594
1.666026,0.006,226,1,4096,224,0,83600000,-85.852959
1.680792,14.766,227,1,4096,225,0,83750000,-83.714745
1.680806,0.014,228,1,4096,226,0,83900000,-83.853493
1.698461,17.656,229,1,4096,227,0,84050000,-84.499855
1.698474,0.013,230,1,4096,228,0,84200000,-84.301079
1.714838,16.364,231,1,4096,229,0,84350000,-83.271523
1.714854,0.015,232,1,4096,230,0,84500000,-84.270851
1.729444,14.591,233,1,4096,231,0,84650000,-83.266045
1.729467,0.022,234,1,4096,232,0,84800000,-84.203239
1.746633,17.166,235,1,4096,233,0,84950000,-84.056648
1.746662,0.029,236,1,4096,234,0,85100000,-83.771965
1.761080,14.418,237,1,4096,235,0,85250000,-84.406136
1.761094,0.014,238,1,4096,236,0,85400000,-84.038078
1.761098,0.005,239,1,4096,237,0,85550000,-82.747841
1.779195,18.097,240,1,4096,238,0,85700000,-84.351006
1.779215,0.019,241,1,4096,239,0,85850000,-83.347542
1.794129,14.914,242,1,4096,240,0,86000000,-83.525124
1.794142,0.014,243,1,4096,241,0,86150000,-84.237038
1.808647,14.505,244,1,4096,242,0,86300000,-83.191124
1.808661,0.014,245,1,4096,243,0,86450000,-83.283791
1.826612,17.950,246,1,4096,244,0,86600000,-83.364281
1.826626,0.014,247,1,4096,245,0,86750000,-84.712242
1.841347,14.721,248,1,4096,246,0,86900000,-84.745354
1.841361,0.015,249,1,4096,247,0,87050000,-84.270378
1.859398,18.037,250,1,4096,248,0,87200000,-84.370186
1.859419,0.021,251,1,4096,249,0,87350000,-84.546516
1.859425,0.006,252,1,4096,250,0,87500000,-83.098869
1.874072,14.647,253,1,4096,251,0,87650000,-83.516243
1.874090,0.018,254,1,4096,252,0,87800000,-83.806129
1.889026,14.936,255,1,4096,253,0,87950000,-84.093834
1.889040,0.014,256,1,4096,254,0,88100000,-84.256416
1.906295,17.255,257,1,4096,255,0,88250000,-84.114143
1.906315,0.020,258,1,4096,256,0,88400000,-84.917549
1.920853,14.538,259,1,4096,257,0,88550000,-82.967339
1.920872,0.019,260,1,4096,258,0,88700000,-84.420708
1.938937,18.065,261,1,4096,259,0,88850000,-83.389915
1.938962,0.024,262,1,4096,260,0,89000000,-83.793022
1.952946,13.984,263,1,4096,261,0,89150000,-83.832710
1.952966,0.020,264,1,4096,262,0,89300000,-82.422050
1.952973,0.007,265,1,4096,263,0,89450000,-83.871025
1.969951,16.977,266,1,4096,264,0,89600000,-84.134254
1.969971,0.020,267,1,4096,265,0,89750000,-84.114799
1.984386,14.415,268,1,4096,266,0,89900000,-83.105385
1.984401,0.016,269,1,4096,267,0,90050000,-83.559181
2.002430,18.029,270,1,4096,268,0,90200000,-84.391670
2.002455,0.025,271,1,4096,269,0,90350000,-84.303886
2.017049,14.595,272,1,4096,270,0,90500000,-84.238869
2.017069,0.019,273,1,4096,271,0,90650000,-83.442223
2.034521,17.452,274,1,4096,272,0,90800000,-83.972191
2.034536,0.015,275,1,4096,273,0,90950000,-83.873268
2.049540,15.004,276,1,4096,274,0,91100000,-84.267357
2.049554,0.014,277,1,4096,275,0,91250000,-83.715813
2.049559,0.005,278,1,4096,276,0,91400000,-84.935982
2.067045,17.486,279,1,4096,277,0,91550000,-84.107948
2.067060,0.015,280,1,4096,278,0,91700000,-83.147728
2.081966,14.906,281,1,4096,279,0,91850000,-84.517220
2.081982,0.015,282,1,4096,280,0,92000000,-84.634575
2.097013,15.031,283,1,4096,281,0,92150000,-84.096428
2.097031,0.019,284,1,4096,282,0,92300000,-84.554680
2.114990,17.959,285,1,4096,283,0,92450000,-83.842461
2.115005,0.015,286,1,4096,284,0,92600000,-83.435127
2.129994,14.989,287,1,4096,285,0,92750000,-84.633781
2.130020,0.026,288,1,4096,286,0,92900000,-83.693077
2.144894,14.875,289,1,4096,287,0,93050000,-84.856361
2.144910,0.015,290,1,4096,288,0,93200000,-83.185814
2.144914,0.005,291,1,4096,289,0,93350000,-84.120811
2.162373,17.459,292,1,4096,290,0,93500000,-83.852592
2.162388,0.015,293,1,4096,291,0,93650000,-84.121284
2.176960,14.572,294,1,4096,292,0,93800000,-84.128548
2.176986,0.026,295,1,4096,293,0,93950000,-83.560539
2.194454,17.467,296,1,4096,294,0,94100000,-82.775536
2.194475,0.021,297,1,4096,295,0,94250000,-83.713982
2.208902,14.427,298,1,4096,296,0,94400000,-83.550179
2.208915,0.013,299,1,4096,297,0,94550000,-82.792564
2.226420,17.505,300,1,4096,298,0,94700000,-83.812645
2.226436,0.015,301,1,4096,299,0,94850000,-84.166756
2.240962,14.527,302,1,4096,300,0,95000000,-84.016441
2.240977,0.015,303,1,4096,301,0,95150000,-83.333397
2.240983,0.006,304,1,4096,302,0,95300000,-83.367424
2.257928,16.945,305,1,4096,303,0,95450000,-84.508186
2.257941,0.013,306,1,4096,304,0,95600000,-84.101158
2.272516,14.575,307,1,4096,305,0,95750000,-84.025414
2.272532,0.015,308,1,4096,306,0,95900000,-83.260429
2.289933,17.401,309,1,4096,307,0,96050000,-83.757851
2.289950,0.017,310,1,4096,308,0,96200000,-84.162132
2.304451,14.501,311,1,4096,309,0,96350000,-83.467339
2.304464,0.014,312,1,4096,310,0,96500000,-83.492638
2.321970,17.506,313,1,4096,311,0,96650000,-83.864189
2.321988,0.018,314,1,4096,312,0,96800000,-83.848717
2.336527,14.539,315,1,4096,313,0,96950000,-83.676125
2.336549,0.021,316,1,4096,314,0,97100000,-84.378838
2.336554,0.006,317,1,4096,315,0,97250000,-84.761131
2.354483,17.929,318,1,4096,316,0,97400000,-84.189964
2.354501,0.017,319,1,4096,317,0,97550000,-84.088219
2.369024,14.523,320,1,4096,318,0,97700000,-85.122292
2.369038,0.014,321,1,4096,319,0,97850000,-83.424629
2.386508,17.470,322,1,4096,320,0,98000000,-84.677742
2.386521,0.013,323,1,4096,321,0,98150000,-83.129234
2.401031,14.510,324,1,4096,322,0,98300000,-84.350273
2.401045,0.014,325,1,4096,323,0,98450000,-83.370552
2.418555,17.510,326,1,4096,324,0,98600000,-84.584785
2.418570,0.015,327,1,4096,325,0,98750000,-83.822746
2.433059,14.489,328,1,4096,326,0,98900000,-83.847343
2.433072,0.013,329,1,4096,327,0,99050000,-82.776054
2.433077,0.004,330,1,4096,328,0,99200000,-83.996681
2.450573,17.497,331,1,4096,329,0,99350000,-83.368263
2.450589,0.016,332,1,4096,330,0,99500000,-84.200188
2.465065,14.476,333,1,4096,331,0,99650000,-83.584190
2.465080,0.015,334,1,4096,332,0,99800000,-83.961647
2.482578,17.498,335,1,4096,333,0,99950000,-84.476799
2.482593,0.015,336,1,4096,334,0,100100000,-83.829475
2.497108,14.516,337,1,4096,335,0,100250000,-84.602287
2.497129,0.021,338,1,4096,336,0,100400000,-83.859352
2.514249,17.120,339,1,4096,337,0,100550000,-83.225609
2.514263,0.014,340,1,4096,338,0,100700000,-84.198601
2.528789,14.526,341,1,4096,339,0,100850000,-83.467995
2.528804,0.015,342,1,4096,340,0,101000000,-85.060341
2.528809,0.006,343,1,4096,341,0,101150000,-83.329842
2.546272,17.463,344,1,4096,342,0,101300000,-85.244133
2.546287,0.014,345,1,4096,343,0,101450000,-83.205421
2.563370,17.083,346,1,4096,344,0,101600000,-83.968773
2.563390,0.020,347,1,4096,345,0,101750000,-83.712379
2.577802,14.412,348,1,4096,346,0,101900000,-84.239693
2.577816,0.013,349,1,4096,347,0,102050000,-83.880959
2.592508,14.692,350,1,4096,348,0,102200000,-83.981682
2.592521,0.013,351,1,4096,349,0,102350000,-84.053963
2.609582,17.061,352,1,4096,350,0,102500000,-84.523994
2.609597,0.015,353,1,4096,351,0,102650000,-84.119499
2.627094,17.497,354,1,4096,352,0,102800000,-83.473152
2.627111,0.018,355,1,4096,353,0,102950000,-84.321648
2.627117,0.006,356,1,4096,354,0,103100000,-83.587303
2.641572,14.455,357,1,4096,355,0,103250000,-84.006828
2.641586,0.015,358,1,4096,356,0,103400000,-82.586342
2.656600,15.013,359,1,4096,357,0,103550000,-84.030403
2.656616,0.016,360,1,4096,358,0,103700000,-83.157875
2.673698,17.082,361,1,4096,359,0,103850000,-83.646461
2.673713,0.015,362,1,4096,360,0,104000000,-82.882729
2.691208,17.495,363,1,4096,361,0,104150000,-83.287636
2.691226,0.019,364,1,4096,362,0,104300000,-82.691673
2.705735,14.509,365,1,4096,363,0,104450000,-84.129692
2.705754,0.019,366,1,4096,364,0,104600000,-83.426811
2.723267,17.513,367,1,4096,365,0,104750000,-83.479652
2.723284,0.018,368,1,4096,366,0,104900000,-83.792397
2.723290,0.006,369,1,4096,367,0,105050000,-83.976921
2.738221,14.931,370,1,4096,368,0,105200000,-84.706505
2.738234,0.013,371,1,4096,369,0,105350000,-83.368629
2.753017,14.783,372,1,4096,370,0,105500000,-84.297096
2.753034,0.017,373,1,4096,371,0,105650000,-83.798882
2.770434,17.400,374,1,4096,372,0,105800000,-83.634682
2.770449,0.014,375,1,4096,373,0,105950000,-83.530373
2.785445,14.996,376,1,4096,374,0,106100000,-84.794594
2.785460,0.014,377,1,4096,375,0,106250000,-83.582664
2.802771,17.311,378,1,4096,376,0,106400000,-84.218193
2.802785,0.014,379,1,4096,377,0,106550000,-84.095818
2.817793,15.008,380,1,4096,378,0,106700000,-83.023689
2.817807,0.014,381,1,4096,379,0,106850000,-84.500618
2.817811,0.005,382,1,4096,380,0,107000000,-84.198402
2.832834,15.022,383,1,4096,381,0,107150000,-83.849480
2.832849,0.015,384,1,4096,382,0,107300000,-83.378685
2.850487,17.638,385,1,4096,383,0,107450000,-83.346565
2.850505,0.018,386,1,4096,384,0,107600000,-83.675133
2.864974,14.470,387,1,4096,385,0,107750000,-83.215767
2.864989,0.015,388,1,4096,386,0,107900000,-84.719643
2.882529,17.540,389,1,4096,387,0,108050000,-83.696266
2.882549,0.020,390,1,4096,388,0,108200000,-84.740150
2.896960,14.411,391,1,4096,389,0,108350000,-83.838417
2.896973,0.013,392,1,4096,390,0,108500000,-82.899574
2.914824,17.850,393,1,4096,391,0,108650000,-84.027733
2.914838,0.014,394,1,4096,392,0,108800000,-84.057976
2.914844,0.006,395,1,4096,393,0,108950000,-83.770210
2.929326,14.482,396,1,4096,394,0,109100000,-84.223915
2.929341,0.015,397,1,4096,395,0,109250000,-84.199104
2.946823,17.482,398,1,4096,396,0,109400000,-83.687920
2.946837,0.014,399,1,4096,397,0,109550000,-83.597130
2.961353,14.516,400,1,4096,398,0,109700000,-83.485069
2.961367,0.014,401,1,4096,399,0,109850000,-84.628410
2.978906,17.539,402,1,4096,400,0,110000000,-83.373451
2.978926,0.021,403,1,4096,401,0,110150000,-83.777733
2.993400,14.474,404,1,4096,402,0,110300000,-84.203880
2.993412,0.012,405,1,4096,403,0,110450000,-82.771294
3.010770,17.358,406,1,4096,404,0,110600000,-82.551109
3.010785,0.015,407,1,4096,405,0,110750000,-84.325661
3.010790,0.006,408,1,4096,406,0,110900000,-83.571068
3.025260,14.470,409,1,4096,407,0,111050000,-82.786339
3.025275,0.015,410,1,4096,408,0,111200000,-84.654503
3.042723,17.448,411,1,4096,409,0,111350000,-82.950661
3.042739,0.016,412,1,4096,410,0,111500000,-84.110954
3.057233,14.494,413,1,4096,411,0,111650000,-84.182625
3.057248,0.015,414,1,4096,412,0,111800000,-83.564293
3.074493,17.245,415,1,4096,413,0,111950000,-84.238640
3.074507,0.014,416,1,4096,414,0,112100000,-84.141869
3.088339,13.832,417,1,4096,415,0,112250000,-84.288536
3.088352,0.013,418,1,4096,416,0,112400000,-83.646690
3.106524,18.172,419,1,4096,417,0,112550000,-84.607750
3.106537,0.013,420,1,4096,418,0,112700000,-84.423454
3.106542,0.005,421,1,4096,419,0,112850000,-83.958351
3.121787,15.245,422,1,4096,420,0,113000000,-83.164635
3.121802,0.015,423,1,4096,421,0,113150000,-82.902534
3.139313,17.511,424,1,4096,422,0,113300000,-84.601814
3.139328,0.015,425,1,4096,423,0,113450000,-83.400246
3.153823,14.495,426,1,4096,424,0,113600000,-83.408684
3.153839,0.016,427,1,4096,425,0,113750000,-83.549324
3.168309,14.470,428,1,4096,426,0,113900000,-83.582741
3.168322,0.013,429,1,4096,427,0,114050000,-84.391670
3.186380,18.058,430,1,4096,428,0,114200000,-83.312904
3.186394,0.013,431,1,4096,429,0,114350000,-83.719536
3.200903,14.509,432,1,4096,430,0,114500000,-83.750450
3.200916,0.013,433,1,4096,431,0,114650000,-83.347466
3.200921,0.006,434,1,4096,432,0,114800000,-83.187828
3.218824,17.902,435,1,4096,433,0,114950000,-84.258339
3.218835,0.012,436,1,4096,434,0,115100000,-83.944435
3.232895,14.060,437,1,4096,435,0,115250000,-83.320656
3.232910,0.015,438,1,4096,436,0,115400000,-84.002403
3.249619,16.709,439,1,4096,437,0,115550000,-84.105629
3.249638,0.019,440,1,4096,438,0,115700000,-84.349434
3.264624,14.986,441,1,4096,439,0,115850000,-82.697319
3.264639,0.015,442,1,4096,440,0,116000000,-83.986488
3.281849,17.210,443,1,4096,441,0,116150000,-83.883720
3.281863,0.014,444,1,4096,442,0,116300000,-83.784859
3.281868,0.005,445,1,4096,443,0,116450000,-84.016747
3.298820,16.952,446,1,4096,444,0,116600000,-83.547142
3.298833,0.013,447,1,4096,445,0,116750000,-83.258018
3.313442,14.609,448,1,4096,446,0,116900000,-84.533150
3.313456,0.014,449,1,4096,447,0,117050000,-84.637321
3.328426,14.969,450,1,4096,448,0,117200000,-84.377068
3.328439,0.014,451,1,4096,449,0,117350000,-82.879921
3.345934,17.495,452,1,4096,450,0,117500000,-84.020027
3.345948,0.014,453,1,4096,451,0,117650000,-83.547005
3.360819,14.871,454,1,4096,452,0,117800000,-84.037422
3.360839,0.020,455,1,4096,453,0,117950000,-84.118584
3.376855,16.017,456,1,4096,454,0,118100000,-84.227852
3.376870,0.015,457,1,4096,455,0,118250000,-84.769844
3.376876,0.006,458,1,4096,456,0,118400000,-83.778419
3.394828,17.952,459,1,4096,457,0,118550000,-83.834846
3.394842,0.014,460,1,4096,458,0,118700000,-84.552986
3.409101,14.259,461,1,4096,459,0,118850000,-84.499123
3.409115,0.014,462,1,4096,460,0,119000000,-84.540886
3.427108,17.994,463,1,4096,461,0,119150000,-84.417259
3.427122,0.014,464,1,4096,462,0,119300000,-82.835869
3.441614,14.492,465,1,4096,463,0,119450000,-84.871452
3.441632,0.018,466,1,4096,464,0,119600000,-84.802681
3.457638,16.006,467,1,4096,465,0,119750000,-83.206856
3.457652,0.013,468,1,4096,466,0,119900000,-84.603600
3.472669,15.018,469,1,4096,467,0,120050000,-83.815025
3.472682,0.013,470,1,4096,468,0,120200000,-83.301720
3.472687,0.005,471,1,4096,469,0,120350000,-84.159950
3.490154,17.466,472,1,4096,470,0,120500000,-83.909966
3.490167,0.014,473,1,4096,471,0,120650000,-83.167091
3.504828,14.661,474,1,4096,472,0,120800000,-84.621727
3.504843,0.015,475,1,4096,473,0,120950000,-84.392235
3.521388,16.545,476,1,4096,474,0,121100000,-83.435799
3.521403,0.015,477,1,4096,475,0,121250000,-83.365013
3.536424,15.021,478,1,4096,476,0,121400000,-83.786537
3.536441,0.018,479,1,4096,477,0,121550000,-84.793449
3.553897,17.456,480,1,4096,478,0,121700000,-83.120247
3.553912,0.015,481,1,4096,479,0,121850000,-82.916328
3.568335,14.423,482,1,4096,480,0,122000000,-84.566719
3.568350,0.015,483,1,4096,481,0,122150000,-84.097328
3.568356,0.006,484,1,4096,482,0,122300000,-84.116402
3.585811,17.455,485,1,4096,483,0,122450000,-83.801949
3.585825,0.015,486,1,4096,484,0,122600000,-84.291512
3.602474,16.649,487,1,4096,485,0,122750000,-83.605827
3.602497,0.023,488,1,4096,486,0,122900000,-83.836678
3.617416,14.919,489,1,4096,487,0,123050000,-83.737282
3.617432,0.015,490,1,4096,488,0,123200000,-83.787132
3.634190,16.758,491,1,4096,489,0,123350000,-83.811211
3.634205,0.015,492,1,4096,490,0,123500000,-84.440208
3.649198,14.993,493,1,4096,491,0,123650000,-84.114250
3.649214,0.015,494,1,4096,492,0,123800000,-83.498634
3.666713,17.499,495,1,4096,493,0,123950000,-84.943306
3.666728,0.016,496,1,4096,494,0,124100000,-83.461800
3.666734,0.006,497,1,4096,495,0,124250000,-84.907280
3.681696,14.962,498,1,4096,496,0,124400000,-82.515205
3.681711,0.015,499,1,4096,497,0,124550000,-83.834541
3.696302,14.591,500,1,4096,498,0,124700000,-84.039299
3.696325,0.024,501,1,4096,499,0,124850000,-82.699944
3.713827,17.502,502,1,4096,500,0,125000000,-83.857124
3.713842,0.015,503,1,4096,501,0,125150000,-83.534096
3.728780,14.938,504,1,4096,502,0,125300000,-83.576454
3.728793,0.013,505,1,4096,503,0,125450000,-83.000023
3.746783,17.990,506,1,4096,504,0,125600000,-83.766197
3.746797,0.014,507,1,4096,505,0,125750000,-84.816704
3.761811,15.013,508,1,4096,506,0,125900000,-83.620415
3.761825,0.014,509,1,4096,507,0,126050000,-84.261467
3.761838,0.013,510,1,4096,508,0,126200000,-83.812065
3.778896,17.058,511,1,4096,509,0,126350000,-83.189583
3.778910,0.014,512,1,4096,510,0,126500000,-85.022758
3.793403,14.492,513,1,4096,511,0,126650000,-83.880684
3.793417,0.014,514,1,4096,512,0,126800000,-83.843086
3.810573,17.156,515,1,4096,513,0,126950000,-83.101799
3.810588,0.015,516,1,4096,514,0,127100000,-83.407295
3.824718,14.130,517,1,4096,515,0,127250000,-83.195625
3.824733,0.015,518,1,4096,516,0,127400000,-83.801155
3.842373,17.640,519,1,4096,517,0,127550000,-83.710014
3.842387,0.015,520,1,4096,518,0,127700000,-84.330788
3.858009,15.621,521,1,4096,519,0,127850000,-84.045387
3.858023,0.014,522,1,4096,520,0,128000000,-84.137199
3.858031,0.008,523,1,4096,521,0,128150000,-83.082146
3.872484,14.453,524,1,4096,522,0,128300000,-84.206795
3.872497,0.013,525,1,4096,523,0,128450000,-84.463707
3.889982,17.485,526,1,4096,524,0,128600000,-84.533012
3.889996,0.013,527,1,4096,525,0,128750000,-84.302498
3.904992,14.997,528,1,4096,526,0,128900000,-84.029366
3.905007,0.015,529,1,4096,527,0,129050000,-83.863609
3.922488,17.481,530,1,4096,528,0,129200000,-84.027306
3.922502,0.014,531,1,4096,529,0,129350000,-84.429558
3.936944,14.442,532,1,4096,530,0,129500000,-84.716698
3.936960,0.016,533,1,4096,531,0,129650000,-83.857185
3.954752,17.791,534,1,4096,532,0,129800000,-83.737129
3.954765,0.014,535,1,4096,533,0,129950000,-83.732552
3.954771,0.006,536,1,4096,534,0,130100000,-83.355080
3.969305,14.535,537,1,4096,535,0,130250000,-83.685768
3.969329,0.023,538,1,4096,536,0,130400000,-84.169792
3.986824,17.495,539,1,4096,537,0,130550000,-83.900383
3.986838,0.015,540,1,4096,538,0,130700000,-83.495628
4.001824,14.986,541,1,4096,539,0,130850000,-83.783745
4.001842,0.018,542,1,4096,540,0,131000000,-85.129433
4.016214,14.373,543,1,4096,541,0,131150000,-84.346672
4.016228,0.013,544,1,4096,542,0,131300000,-83.545860
4.034333,18.105,545,1,4096,543,0,131450000,-83.907127
4.034353,0.020,546,1,4096,544,0,131600000,-84.891090
4.049359,15.007,547,1,4096,545,0,131750000,-84.088478
4.049374,0.015,548,1,4096,546,0,131900000,-84.059120
4.049380,0.006,549,1,4096,547,0,132050000,-83.626381
4.065964,16.584,550,1,4096,548,0,132200000,-83.597984
4.065977,0.013,551,1,4096,549,0,132350000,-85.319328
4.080994,15.017,552,1,4096,550,0,132500000,-84.273201
4.081008,0.014,553,1,4096,551,0,132650000,-84.255104
4.099011,18.003,554,1,4096,552,0,132800000,-85.051613
4.099025,0.013,555,1,4096,553,0,132950000,-84.249855
4.113498,14.474,556,1,4096,554,0,133100000,-83.845085
4.113514,0.016,557,1,4096,555,0,133250000,-83.319420
4.128553,15.039,558,1,4096,556,0,133400000,-84.816414
4.128566,0.014,559,1,4096,557,0,133550000,-83.142601
4.146074,17.508,560,1,4096,558,0,133700000,-83.283333
4.146088,0.014,561,1,4096,559,0,133850000,-84.095833
4.146093,0.006,562,1,4096,560,0,134000000,-84.404060
4.161017,14.924,563,1,4096,561,0,134150000,-83.854836
4.161037,0.019,564,1,4096,562,0,134300000,-84.091362
4.177890,16.853,565,1,4096,563,0,134450000,-83.794991
4.177903,0.014,566,1,4096,564,0,134600000,-84.614616
4.194436,16.532,567,1,4096,565,0,134750000,-84.184898
4.194455,0.019,568,1,4096,566,0,134900000,-84.702171
4.208484,14.029,569,1,4096,567,0,135050000,-84.114204
4.208498,0.014,570,1,4096,568,0,135200000,-82.398476
4.226558,18.060,571,1,4096,569,0,135350000,-83.771843
4.226571,0.012,572,1,4096,570,0,135500000,-83.763985
4.241328,14.757,573,1,4096,571,0,135650000,-84.007805
4.241340,0.013,574,1,4096,572,0,135800000,-83.343330
4.241346,0.005,575,1,4096,573,0,135950000,-83.602821
4.257881,16.536,576,1,4096,574,0,136100000,-83.747017
4.257894,0.013,577,1,4096,575,0,136250000,-85.187202
4.272361,14.466,578,1,4096,576,0,136400000,-84.089775
4.272373,0.013,579,1,4096,577,0,136550000,-83.631126
4.290535,18.162,580,1,4096,578,0,136700000,-83.478416
4.290548,0.013,581,1,4096,579,0,136850000,-83.749641
4.305188,14.640,582,1,4096,580,0,137000000,-84.631721
4.305200,0.012,583,1,4096,581,0,137150000,-83.383812
4.320208,15.007,584,1,4096,582,0,137300000,-83.892494
4.320219,0.012,585,1,4096,583,0,137450000,-85.519432
4.320223,0.004,586,1,4096,584,0,137600000,-85.139946
4.337712,17.489,587,1,4096,585,0,137750000,-83.615517
4.337726,0.014,588,1,4096,586,0,137900000,-83.636223
4.352719,14.993,589,1,4096,587,0,138050000,-83.917259
4.352734,0.015,590,1,4096,588,0,138200000,-83.998940
4.368853,16.119,591,1,4096,589,0,138350000,-84.488899
4.368867,0.014,592,1,4096,590,0,138500000,-83.643120
4.385799,16.932,593,1,4096,591,0,138650000,-83.695244
4.385819,0.019,594,1,4096,592,0,138800000,-84.620445
4.400537,14.719,595,1,4096,593,0,138950000,-84.525200
4.400552,0.014,596,1,4096,594,0,139100000,-84.446129
4.417502,16.950,597,1,4096,595,0,139250000,-84.492928
4.417516,0.014,598,1,4096,596,0,139400000,-83.696205
4.417520,0.004,599,1,4096,597,0,139550000,-84.429878
4.434246,16.726,600,1,4096,598,0,139700000,-83.599174
4.434260,0.014,601,1,4096,599,0,139850000,-84.133232
4.449265,15.006,602,1,4096,600,0,140000000,-85.304665
4.449279,0.014,603,1,4096,601,0,140150000,-84.666405
4.466822,17.543,604,1,4096,602,0,140300000,-83.772423
4.466836,0.014,605,1,4096,603,0,140450000,-84.118828
4.481333,14.496,606,1,4096,604,0,140600000,-83.643547
4.481346,0.013,607,1,4096,605,0,140750000,-84.714943
4.499117,17.771,608,1,4096,606,0,140900000,-82.998543
4.499129,0.012,609,1,4096,607,0,141050000,-83.919792
4.513338,14.209,610,1,4096,608,0,141200000,-83.333794
4.513352,0.014,611,1,4096,609,0,141350000,-83.505089
4.513357,0.005,612,1,4096,610,0,141500000,-83.813072
4.530775,17.418,613,1,4096,611,0,141650000,-82.874580
4.530788,0.013,614,1,4096,612,0,141800000,-82.855965
4.545700,14.911,615,1,4096,613,0,141950000,-83.914482
4.545714,0.014,616,1,4096,614,0,142100000,-84.262077
4.562371,16.658,617,1,4096,615,0,142250000,-83.678963
4.562386,0.015,618,1,4096,616,0,142400000,-83.497566
4.576508,14.122,619,1,4096,617,0,142550000,-83.686821
4.576525,0.017,620,1,4096,618,0,142700000,-84.182106
4.594008,17.483,621,1,4096,619,0,142850000,-83.521767
4.594022,0.013,622,1,4096,620,0,143000000,-83.820702
4.610422,16.401,623,1,4096,621,0,143150000,-85.651222
4.610436,0.014,624,1,4096,622,0,143300000,-84.842018
4.610442,0.006,625,1,4096,623,0,143450000,-83.582298
4.625269,14.827,626,1,4096,624,0,143600000,-85.502861
4.625283,0.013,627,1,4096,625,0,143750000,-83.882500
4.642799,17.516,628,1,4096,626,0,143900000,-83.368675
4.642813,0.015,629,1,4096,627,0,144050000,-84.256279
4.656799,13.985,630,1,4096,628,0,144200000,-84.022972
4.656815,0.016,631,1,4096,629,0,144350000,-83.424538
4.674808,17.993,632,1,4096,630,0,144500000,-83.624825
4.674822,0.014,633,1,4096,631,0,144650000,-83.478325
4.689313,14.491,634,1,4096,632,0,144800000,-83.905434
4.689326,0.013,635,1,4096,633,0,144950000,-83.168419
4.706711,17.384,636,1,4096,634,0,145100000,-82.719109
4.706725,0.015,637,1,4096,635,0,145250000,-84.690361
4.706731,0.006,638,1,4096,636,0,145400000,-82.537270
4.721670,14.939,639,1,4096,637,0,145550000,-83.841637
4.721685,0.015,640,1,4096,638,0,145700000,-84.000313
4.736195,14.510,641,1,4096,639,0,145850000,-83.426811
4.736209,0.014,642,1,4096,640,0,146000000,-84.421776
4.754188,17.979,643,1,4096,641,0,146150000,-83.217384
4.754207,0.019,644,1,4096,642,0,146300000,-84.385475
4.769197,14.990,645,1,4096,643,0,146450000,-83.017296
4.769211,0.015,646,1,4096,644,0,146600000,-83.877876
4.784206,14.995,647,1,4096,645,0,146750000,-83.849922
4.784222,0.015,648,1,4096,646,0,146900000,-83.820610
4.801827,17.605,649,1,4096,647,0,147050000,-83.566841
4.801840,0.013,650,1,4096,648,0,147200000,-84.025322
4.801845,0.005,651,1,4096,649,0,147350000,-84.470055
4.816864,15.019,652,1,4096,650,0,147500000,-83.998695
4.816881,0.017,653,1,4096,651,0,147650000,-84.225090
4.834349,17.468,654,1,4096,652,0,147800000,-85.038094
4.834363,0.014,655,1,4096,653,0,147950000,-82.540337
4.849379,15.016,656,1,4096,654,0,148100000,-84.820396
4.849394,0.015,657,1,4096,655,0,148250000,-83.868996
4.866389,16.995,658,1,4096,656,0,148400000,-82.985970
4.866403,0.014,659,1,4096,657,0,148550000,-84.019905
4.880762,14.359,660,1,4096,658,0,148700000,-84.125206
4.880777,0.015,661,1,4096,659,0,148850000,-85.008034
4.880783,0.006,662,1,4096,660,0,149000000,-84.721977
4.898233,17.450,663,1,4096,661,0,149150000,-83.037697
4.898246,0.014,664,1,4096,662,0,149300000,-84.071175
4.913245,14.998,665,1,4096,663,0,149450000,-83.635841
4.913260,0.015,666,1,4096,664,0,149600000,-84.155312
4.930762,17.502,667,1,4096,665,0,149750000,-84.010277
4.930776,0.014,668,1,4096,666,0,149900000,-82.973579
4.945737,14.961,669,1,4096,667,0,150050000,-84.606453
4.945754,0.018,670,1,4096,668,0,150200000,-83.497017
4.960242,14.487,671,1,4096,669,0,150350000,-84.258919
4.960255,0.013,672,1,4096,670,0,150500000,-84.225670
4.977586,17.331,673,1,4096,671,0,150650000,-83.260368
4.977599,0.014,674,1,4096,672,0,150800000,-84.767921
4.977608,0.009,675,1,4096,673,0,150950000,-85.250099
4.992082,14.474,676,1,4096,674,0,151100000,-84.180428
4.992095,0.013,677,1,4096,675,0,151250000,-83.003288
5.010092,17.997,678,1,4096,676,0,151400000,-84.580467
5.010107,0.015,679,1,4096,677,0,151550000,-83.136131
5.025084,14.977,680,1,4096,678,0,151700000,-84.030800
5.025097,0.013,681,1,4096,679,0,151850000,-83.980446
5.042609,17.512,682,1,4096,680,0,152000000,-83.758781
5.042623,0.014,683,1,4096,681,0,152150000,-83.222221
5.057136,14.514,684,1,4096,682,0,152300000,-83.946144
5.057154,0.018,685,1,4096,683,0,152450000,-83.894661
5.074763,17.609,686,1,4096,684,0,152600000,-83.452843
5.074776,0.013,687,1,4096,685,0,152750000,-83.974953
5.074781,0.004,688,1,4096,686,0,152900000,-83.975883
5.089268,14.488,689,1,4096,687,0,153050000,-83.679146
5.089283,0.015,690,1,4096,688,0,153200000,-83.883415
5.106216,16.933,691,1,4096,689,0,153350000,-84.569603
5.106230,0.014,692,1,4096,690,0,153500000,-83.963280
5.121215,14.985,693,1,4096,691,0,153650000,-83.419167
5.121228,0.013,694,1,4096,692,0,153800000,-84.431847
5.138717,17.489,695,1,4096,693,0,153950000,-83.866005
5.138734,0.017,696,1,4096,694,0,154100000,-83.710487
5.153558,14.825,697,1,4096,695,0,154250000,-84.412636
5.153574,0.016,698,1,4096,696,0,154400000,-84.167198
5.171061,17.487,699,1,4096,697,0,154550000,-83.535988
5.171076,0.015,700,1,4096,698,0,154700000,-83.849342
5.171082,0.006,701,1,4096,699,0,154850000,-84.604210
5.186039,14.958,702,1,4096,700,0,155000000,-86.269676
5.186053,0.014,703,1,4096,701,0,155150000,-84.784996
5.200563,14.510,704,1,4096,702,0,155300000,-83.762856
5.200577,0.014,705,1,4096,703,0,155450000,-83.375618
5.218528,17.951,706,1,4096,704,0,155600000,-84.040031
5.218541,0.013,707,1,4096,705,0,155750000,-84.113503
5.233602,15.060,708,1,4096,706,0,155900000,-83.725761
5.233616,0.014,709,1,4096,707,0,156050000,-84.686394
5.248597,14.982,710,1,4096,708,0,156200000,-83.649773
5.248612,0.015,711,1,4096,709,0,156350000,-84.171333
5.265168,16.556,712,1,4096,710,0,156500000,-82.863823
5.265183,0.015,713,1,4096,711,0,156650000,-84.090553
5.265188,0.006,714,1,4096,712,0,156800000,-83.062859
5.280331,15.143,715,1,4096,713,0,156950000,-84.511330
5.280345,0.014,716,1,4096,714,0,157100000,-83.548271
5.297688,17.343,717,1,4096,715,0,157250000,-83.537651
5.297704,0.016,718,1,4096,716,0,157400000,-84.603935
5.312319,14.614,719,1,4096,717,0,157550000,-83.651360
5.312332,0.014,720,1,4096,718,0,157700000,-84.301125
5.329418,17.085,721,1,4096,719,0,157850000,-83.549171
5.329432,0.015,722,1,4096,720,0,158000000,-83.406059
5.344467,15.035,723,1,4096,721,0,158150000,-84.863258
5.344482,0.014,724,1,4096,722,0,158300000,-83.657234
5.362494,18.012,725,1,4096,723,0,158450000,-84.454445
5.362507,0.014,726,1,4096,724,0,158600000,-83.648628
5.362513,0.006,727,1,4096,725,0,158750000,-84.312843
5.376949,14.436,728,1,4096,726,0,158900000,-83.506828
5.376977,0.027,729,1,4096,727,0,159050000,-83.104118
5.394933,17.956,730,1,4096,728,0,159200000,-82.635078
5.394947,0.014,731,1,4096,729,0,159350000,-84.321831
5.408749,13.803,732,1,4096,730,0,159500000,-83.772499
5.408763,0.014,733,1,4096,731,0,159650000,-82.786369
5.426783,18.020,734,1,4096,732,0,159800000,-83.778313
5.426799,0.016,735,1,4096,733,0,159950000,-83.935905
5.441299,14.500,736,1,4096,734,0,160100000,-85.026344
5.441312,0.014,737,1,4096,735,0,160250000,-83.295479
5.441317,0.005,738,1,4096,736,0,160400000,-83.523994
5.456144,14.827,739,1,4096,737,0,160550000,-84.044014
5.456159,0.015,740,1,4096,738,0,160700000,-82.672630
5.473487,17.328,741,1,4096,739,0,160850000,-84.066795
5.473502,0.016,742,1,4096,740,0,161000000,-83.744194
5.490529,17.027,743,1,4096,741,0,161150000,-82.666985
5.490543,0.013,744,1,4096,742,0,161300000,-84.244759
5.505553,15.011,745,1,4096,743,0,161450000,-84.400780
5.505569,0.016,746,1,4096,744,0,161600000,-83.448723
5.520137,14.567,747,1,4096,745,0,161750000,-84.072472
5.520150,0.014,748,1,4096,746,0,161900000,-85.035912
5.538156,18.006,749,1,4096,747,0,162050000,-83.857124
5.538168,0.012,750,1,4096,748,0,162200000,-84.520821
5.538172,0.004,751,1,4096,749,0,162350000,-82.895164
5.553168,14.995,752,1,4096,750,0,162500000,-83.974434
5.553183,0.015,753,1,4096,751,0,162650000,-83.698479
5.570635,17.452,754,1,4096,752,0,162800000,-83.159889
5.570647,0.013,755,1,4096,753,0,162950000,-83.303963
5.585342,14.695,756,1,4096,754,0,163100000,-84.810463
5.585356,0.014,757,1,4096,755,0,163250000,-82.603813
5.602471,17.115,758,1,4096,756,0,163400000,-82.808510
5.602485,0.014,759,1,4096,757,0,163550000,-84.814064
5.618871,16.386,760,1,4096,758,0,163700000,-84.011360
5.618886,0.015,761,1,4096,759,0,163850000,-83.834129
5.633693,14.807,762,1,4096,760,0,164000000,-83.425285
5.633709,0.017,763,1,4096,761,0,164150000,-83.550011
5.633718,0.009,764,1,4096,762,0,164300000,-84.112373
5.648109,14.390,765,1,4096,763,0,164450000,-83.582253
5.648123,0.014,766,1,4096,764,0,164600000,-83.788963
5.665793,17.670,767,1,4096,765,0,164750000,-83.930504
5.665808,0.015,768,1,4096,766,0,164900000,-83.902275
5.680262,14.454,769,1,4096,767,0,165050000,-83.584969
5.680276,0.015,770,1,4096,768,0,165200000,-83.869576
5.698298,18.022,771,1,4096,769,0,165350000,-83.082039
5.698318,0.019,772,1,4096,770,0,165500000,-83.779472
5.713752,15.434,773,1,4096,771,0,165650000,-84.829826
5.713773,0.022,774,1,4096,772,0,165800000,-84.162621
5.728714,14.941,775,1,4096,773,0,165950000,-84.042854
5.728727,0.013,776,1,4096,774,0,166100000,-83.190514
5.728732,0.005,777,1,4096,775,0,166250000,-82.933479
5.746070,17.338,778,1,4096,776,0,166400000,-84.681572
5.746085,0.014,779,1,4096,777,0,166550000,-86.263771
5.761060,14.976,780,1,4096,778,0,166700000,-83.431190
5.761073,0.013,781,1,4096,779,0,166850000,-83.145470
5.780789,19.716,782,1,4096,780,0,167000000,-85.090736
5.780806,0.017,783,1,4096,781,0,167150000,-82.976219
5.795228,14.422,784,1,4096,782,0,167300000,-85.088356
5.795247,0.019,785,1,4096,783,0,167450000,-83.593651
5.808085,12.838,786,1,4096,784,0,167600000,-83.304482
5.808103,0.019,787,1,4096,785,0,167750000,-84.073753
5.825364,17.261,788,1,4096,786,0,167900000,-83.812233
5.825378,0.014,789,1,4096,787,0,168050000,-83.192513
5.825382,0.005,790,1,4096,788,0,168200000,-85.208809
5.840355,14.973,791,1,4096,789,0,168350000,-83.125069
5.840370,0.014,792,1,4096,790,0,168500000,-84.431206
5.858375,18.005,793,1,4096,791,0,168650000,-84.268867
5.858388,0.014,794,1,4096,792,0,168800000,-83.021446
5.873377,14.989,795,1,4096,793,0,168950000,-84.342491
5.873390,0.013,796,1,4096,794,0,169100000,-83.016747
5.890654,17.264,797,1,4096,795,0,169250000,-84.818672
5.890669,0.015,798,1,4096,796,0,169400000,-84.059807
5.905654,14.985,799,1,4096,797,0,169550000,-83.463921
5.905669,0.015,800,1,4096,798,0,169700000,-84.025749
5.920167,14.497,801,1,4096,799,0,169850000,-83.903191
5.920180,0.013,802,1,4096,800,0,170000000,-83.039589
5.920184,0.005,803,1,4096,801,0,170150000,-84.914162
5.938197,18.013,804,1,4096,802,0,170300000,-83.020775
5.938211,0.014,805,1,4096,803,0,170450000,-84.406502
5.952694,14.482,806,1,4096,804,0,170600000,-85.222755
5.952708,0.015,807,1,4096,805,0,170750000,-83.928886
5.970201,17.493,808,1,4096,806,0,170900000,-82.587288
5.970215,0.014,809,1,4096,807,0,171050000,-83.207726
5.984239,14.024,810,1,4096,808,0,171200000,-84.219521
5.984253,0.014,811,1,4096,809,0,171350000,-84.156425
6.002298,18.045,812,1,4096,810,0,171500000,-83.624184
6.002312,0.015,813,1,4096,811,0,171650000,-83.921944
6.016848,14.535,814,1,4096,812,0,171800000,-84.133324
6.016865,0.017,815,1,4096,813,0,171950000,-84.657921
6.016871,0.006,816,1,4096,814,0,172100000,-82.856972
6.034795,17.924,817,1,4096,815,0,172250000,-83.830147
6.034814,0.018,818,1,4096,816,0,172400000,-82.877373
6.049268,14.455,819,1,4096,817,0,172550000,-83.193520
6.049281,0.013,820,1,4096,818,0,172700000,-84.014320
6.064271,14.990,821,1,4096,819,0,172850000,-83.788658
6.064285,0.014,822,1,4096,820,0,173000000,-84.162819
6.081829,17.544,823,1,4096,821,0,173150000,-83.966896
6.081844,0.015,824,1,4096,822,0,173300000,-84.457390
6.096832,14.988,825,1,4096,823,0,173450000,-82.817406
6.096852,0.020,826,1,4096,824,0,173600000,-83.247566
6.096857,0.006,827,1,4096,825,0,173750000,-83.673378
6.114329,17.472,828,1,4096,826,0,173900000,-85.374809
6.114344,0.015,829,1,4096,827,0,174050000,-82.783012
6.129325,14.981,830,1,4096,828,0,174200000,-82.562294
6.129339,0.014,831,1,4096,829,0,174350000,-83.510124
6.146271,16.931,832,1,4096,830,0,174500000,-83.594490
6.146285,0.014,833,1,4096,831,0,174650000,-84.875313
6.161272,14.987,834,1,4096,832,0,174800000,-83.765480
6.161286,0.014,835,1,4096,833,0,174950000,-84.704124
6.178037,16.750,836,1,4096,834,0,175100000,-83.444695
6.178050,0.013,837,1,4096,835,0,175250000,-83.376564
6.192911,14.862,838,1,4096,836,0,175400000,-84.240135
6.192925,0.013,839,1,4096,837,0,175550000,-83.766457
6.192929,0.005,840,1,4096,838,0,175700000,-83.742241
6.210395,17.465,841,1,4096,839,0,175850000,-84.476234
6.210409,0.015,842,1,4096,840,0,176000000,-83.678215
6.224858,14.449,843,1,4096,841,0,176150000,-84.370232
6.224873,0.015,844,1,4096,842,0,176300000,-84.135277
6.242858,17.985,845,1,4096,843,0,176450000,-84.082817
6.242873,0.015,846,1,4096,844,0,176600000,-83.481117
6.257653,14.780,847,1,4096,845,0,176750000,-84.004875
6.257667,0.014,848,1,4096,846,0,176900000,-84.904778
6.272373,14.706,849,1,4096,847,0,177050000,-84.087288
6.272387,0.014,850,1,4096,848,0,177200000,-84.441170
6.289951,17.565,851,1,4096,849,0,177350000,-83.427025
6.289965,0.014,852,1,4096,850,0,177500000,-84.065300
6.289971,0.006,853,1,4096,851,0,177650000,-83.783928
6.304887,14.916,854,1,4096,852,0,177800000,-83.695961
6.304902,0.015,855,1,4096,853,0,177950000,-83.307106
6.322400,17.498,856,1,4096,854,0,178100000,-83.419228
6.322416,0.016,857,1,4096,855,0,178250000,-83.346397
6.337413,14.997,858,1,4096,856,0,178400000,-84.911156
6.337428,0.015,859,1,4096,857,0,178550000,-83.262199
6.354780,17.352,860,1,4096,858,0,178700000,-83.797417
6.354793,0.013,861,1,4096,859,0,178850000,-83.729393
6.369926,15.132,862,1,4096,860,0,179000000,-83.770164
6.369948,0.022,863,1,4096,861,0,179150000,-83.929497
6.384970,15.022,864,1,4096,862,0,179300000,-85.104362
6.384985,0.015,865,1,4096,863,0,179450000,-82.870750
6.384991,0.006,866,1,4096,864,0,179600000,-83.482124
6.402898,17.907,867,1,4096,865,0,179750000,-84.864433
6.402912,0.014,868,1,4096,866,0,179900000,-82.782295
6.417190,14.278,869,1,4096,867,0,180050000,-82.790596
6.417207,0.016,870,1,4096,868,0,180200000,-84.060463
6.432175,14.968,871,1,4096,869,0,180350000,-84.444176
6.432189,0.014,872,1,4096,870,0,180500000,-83.615257
6.449694,17.505,873,1,4096,871,0,180650000,-82.819603
6.449709,0.015,874,1,4096,872,0,180800000,-83.579002
6.464722,15.014,875,1,4096,873,0,180950000,-84.582115
6.464738,0.015,876,1,4096,874,0,181100000,-83.999702
6.464743,0.006,877,1,4096,875,0,181250000,-84.261467
6.482205,17.462,878,1,4096,876,0,181400000,-84.141151
6.482220,0.014,879,1,4096,877,0,181550000,-82.572929
6.497222,15.002,880,1,4096,878,0,181700000,-83.748573
6.497238,0.017,881,1,4096,879,0,181850000,-84.226967
6.514719,17.480,882,1,4096,880,0,182000000,-84.866463
6.514733,0.014,883,1,4096,881,0,182150000,-83.494774
6.529744,15.011,884,1,4096,882,0,182300000,-83.431419
6.529759,0.015,885,1,4096,883,0,182450000,-83.734718
6.546787,17.028,886,1,4096,884,0,182600000,-84.373604
6.546802,0.015,887,1,4096,885,0,182750000,-83.757683
6.561804,15.002,888,1,4096,886,0,182900000,-83.539513
6.561818,0.014,889,1,4096,887,0,183050000,-84.183098
6.561823,0.005,890,1,4096,888,0,183200000,-83.395027
6.578900,17.077,891,1,4096,889,0,183350000,-82.737846
6.578913,0.013,892,1,4096,890,0,183500000,-83.635063
6.593932,15.019,893,1,4096,891,0,183650000,-84.117073
6.593954,0.023,894,1,4096,892,0,183800000,-84.360954
6.608919,14.964,895,1,4096,893,0,183950000,-84.570778
6.608932,0.014,896,1,4096,894,0,184100000,-83.786720
6.626930,17.997,897,1,4096,895,0,184250000,-84.436256
6.626945,0.015,898,1,4096,896,0,184400000,-84.783485
6.641843,14.898,899,1,4096,897,0,184550000,-83.826805
6.641858,0.015,900,1,4096,898,0,184700000,-84.147285
6.656986,15.128,901,1,4096,899,0,184850000,-83.341927
6.657007,0.022,902,1,4096,900,0,185000000,-83.954918
6.657014,0.007,903,1,4096,901,0,185150000,-84.334251
6.674355,17.341,904,1,4096,902,0,185300000,-83.221489
6.674370,0.016,905,1,4096,903,0,185450000,-83.636833
6.688072,13.702,906,1,4096,904,0,185600000,-84.498924
6.688090,0.018,907,1,4096,905,0,185750000,-84.334587
6.705908,17.818,908,1,4096,906,0,185900000,-83.868584
6.705926,0.018,909,1,4096,907,0,186050000,-83.050682
6.720464,14.537,910,1,4096,908,0,186200000,-84.924034
6.720478,0.014,911,1,4096,909,0,186350000,-84.384102
6.738514,18.036,912,1,4096,910,0,186500000,-84.383995
6.738528,0.014,913,1,4096,911,0,186650000,-83.857109
6.752100,13.572,914,1,4096,912,0,186800000,-83.628654
6.752112,0.013,915,1,4096,913,0,186950000,-83.866112
6.752117,0.005,916,1,4096,914,0,187100000,-84.477516
6.770146,18.029,917,1,4096,915,0,187250000,-83.298714
6.770165,0.019,918,1,4096,916,0,187400000,-83.951363
6.784611,14.446,919,1,4096,917,0,187550000,-83.124794
6.784626,0.014,920,1,4096,918,0,187700000,-83.842781
6.802607,17.981,921,1,4096,919,0,187850000,-84.354851
6.802620,0.013,922,1,4096,920,0,188000000,-84.327095
6.817215,14.595,923,1,4096,921,0,188150000,-84.097740
6.817237,0.022,924,1,4096,922,0,188300000,-84.193016
6.834757,17.520,925,1,4096,923,0,188450000,-84.712044
6.834772,0.015,926,1,4096,924,0,188600000,-82.580803
6.849273,14.501,927,1,4096,925,0,188750000,-83.726524
6.849288,0.015,928,1,4096,926,0,188900000,-83.880959
6.849293,0.006,929,1,4096,927,0,189050000,-83.290215
6.864193,14.900,930,1,4096,928,0,189200000,-83.153099
6.864207,0.014,931,1,4096,929,0,189350000,-84.489967
6.882207,18.000,932,1,4096,930,0,189500000,-84.639793
6.882222,0.015,933,1,4096,931,0,189650000,-84.119102
6.896704,14.482,934,1,4096,932,0,189800000,-82.935768
6.896717,0.013,935,1,4096,933,0,189950000,-83.307182
6.913776,17.059,936,1,4096,934,0,190100000,-84.156700
6.913796,0.020,937,1,4096,935,0,190250000,-84.992302
6.928311,14.514,938,1,4096,936,0,190400000,-84.820030
6.928331,0.020,939,1,4096,937,0,190550000,-84.418083
6.928339,0.008,940,1,4096,938,0,190700000,-83.277077
6.946244,17.905,941,1,4096,939,0,190850000,-84.464256
6.946259,0.015,942,1,4096,940,0,191000000,-84.543144
6.960771,14.512,943,1,4096,941,0,191150000,-84.583488
6.960786,0.015,944,1,4096,942,0,191300000,-84.056664
6.978755,17.969,945,1,4096,943,0,191450000,-83.929543
6.978768,0.013,946,1,4096,944,0,191600000,-83.150078
6.993282,14.514,947,1,4096,945,0,191750000,-83.837837
6.993297,0.014,948,1,4096,946,0,191900000,-83.949379
7.008276,14.979,949,1,4096,947,0,192050000,-83.441978
7.008291,0.015,950,1,4096,948,0,192200000,-84.102776
7.025803,17.513,951,1,4096,949,0,192350000,-84.071571
7.025818,0.015,952,1,4096,950,0,192500000,-83.896446
7.025824,0.006,953,1,4096,951,0,192650000,-83.101723
7.040790,14.966,954,1,4096,952,0,192800000,-84.203743
7.040805,0.015,955,1,4096,953,0,192950000,-84.681084
7.058297,17.493,956,1,4096,954,0,193100000,-83.182213
7.058312,0.014,957,1,4096,955,0,193250000,-83.117363
7.073322,15.011,958,1,4096,956,0,193400000,-83.494804
7.073337,0.015,959,1,4096,957,0,193550000,-84.150642
7.088334,14.997,960,1,4096,958,0,193700000,-84.204964
7.088350,0.016,961,1,4096,959,0,193850000,-83.811668
7.106315,17.965,962,1,4096,960,0,194000000,-83.148781
7.106329,0.014,963,1,4096,961,0,194150000,-83.504982
7.120838,14.509,964,1,4096,962,0,194300000,-83.910347
7.120853,0.015,965,1,4096,963,0,194450000,-82.065773
7.120859,0.006,966,1,4096,964,0,194600000,-83.475014
7.138820,17.961,967,1,4096,965,0,194750000,-84.759544
7.138833,0.013,968,1,4096,966,0,194900000,-84.013771
7.153835,15.002,969,1,4096,967,0,195050000,-84.182640
7.153850,0.015,970,1,4096,968,0,195200000,-84.348839
7.168331,14.481,971,1,4096,969,0,195350000,-84.711250
7.168347,0.015,972,1,4096,970,0,195500000,-84.389870
7.185820,17.474,973,1,4096,971,0,195650000,-84.418953
7.185835,0.015,974,1,4096,972,0,195800000,-84.301353
7.200355,14.520,975,1,4096,973,0,195950000,-83.139183
7.200370,0.015,976,1,4096,974,0,196100000,-83.577629
7.200376,0.006,977,1,4096,975,0,196250000,-84.754219
7.218354,17.978,978,1,4096,976,0,196400000,-82.572304
7.218368,0.015,979,1,4096,977,0,196550000,-84.393074
7.232845,14.476,980,1,4096,978,0,196700000,-84.190895
7.232858,0.013,981,1,4096,979,0,196850000,-84.371208
7.250855,17.997,982,1,4096,980,0,197000000,-83.261238
7.250870,0.015,983,1,4096,981,0,197150000,-83.793312
7.265360,14.490,984,1,4096,982,0,197300000,-83.894173
7.265374,0.014,985,1,4096,983,0,197450000,-83.785164
7.282873,17.499,986,1,4096,984,0,197600000,-84.506660
7.282888,0.015,987,1,4096,985,0,197750000,-84.542992
7.297415,14.527,988,1,4096,986,0,197900000,-82.440483
7.297432,0.017,989,1,4096,987,0,198050000,-84.206322
7.297438,0.006,990,1,4096,988,0,198200000,-83.419441
7.312387,14.948,991,1,4096,989,0,198350000,-83.882896
7.312400,0.013,992,1,4096,990,0,198500000,-83.216072
7.330390,17.990,993,1,4096,991,0,198650000,-82.840874
7.330404,0.014,994,1,4096,992,0,198800000,-84.270531
7.344652,14.248,995,1,4096,993,0,198950000,-84.391792
7.344666,0.014,996,1,4096,994,0,199100000,-85.122597
7.362698,18.032,997,1,4096,995,0,199250000,-84.000648
7.362713,0.014,998,1,4096,996,0,199400000,-84.035210
7.377180,14.467,999,1,4096,997,0,199550000,-84.002419
7.377196,0.016,1000,1,4096,998,0,199700000,-84.394218
7.394741,17.545,1001,1,4096,999,0,199850000,-83.945305
7.394755,0.015,1002,1,4096,1000,0,200000000,-83.975975
7.394769,0.014,1003,1,4096,1001,0,200150000,-83.001320
7.408956,14.186,1004,1,4096,1002,0,200300000,-83.825737
7.408971,0.015,1005,1,4096,1003,0,200450000,-83.654121
7.423965,14.995,1006,1,4096,1004,0,200600000,-84.863670
7.423983,0.018,1007,1,4096,1005,0,200750000,-83.763802
7.441032,17.049,1008,1,4096,1006,0,200900000,-83.801186
7.441047,0.015,1009,1,4096,1007,0,201050000,-83.818886
7.456041,14.994,1010,1,4096,1008,0,201200000,-82.689262
7.456056,0.015,1011,1,4096,1009,0,201350000,-84.560646
7.473116,17.060,1012,1,4096,1010,0,201500000,-84.334129
7.473130,0.014,1013,1,4096,1011,0,201650000,-84.477760
7.490633,17.502,1014,1,4096,1012,0,201800000,-83.092979
7.490646,0.014,1015,1,4096,1013,0,201950000,-83.409477
7.490652,0.006,1016,1,4096,1014,0,202100000,-83.680931
7.504702,14.050,1017,1,4096,1015,0,202250000,-84.993217
7.504717,0.015,1018,1,4096,1016,0,202400000,-83.347755
7.522701,17.984,1019,1,4096,1017,0,202550000,-83.896355
7.522714,0.013,1020,1,4096,1018,0,202700000,-84.240898
7.537247,14.533,1021,1,4096,1019,0,202850000,-82.777580
7.537266,0.018,1022,1,4096,1020,0,203000000,-84.669121
7.552235,14.969,1023,1,4096,1021,0,203150000,-82.966225
7.552248,0.013,1024,1,4096,1022,0,203300000,-83.728081
7.569766,17.518,1025,1,4096,1023,0,203450000,-83.956337
7.569782,0.016,1026,1,4096,1024,0,203600000,-84.911476
7.569788,0.006,1027,1,4096,1025,0,203750000,-83.262718
7.584036,14.247,1028,1,4096,1026,0,203900000,-83.593269
7.584050,0.014,1029,1,4096,1027,0,204050000,-83.458885
7.602043,17.993,1030,1,4096,1028,0,204200000,-84.565987
7.602058,0.015,1031,1,4096,1029,0,204350000,-83.314064
7.617038,14.980,1032,1,4096,1030,0,204500000,-84.053520
7.617052,0.014,1033,1,4096,1031,0,204650000,-83.590889
7.632046,14.994,1034,1,4096,1032,0,204800000,-84.387688
7.632060,0.014,1035,1,4096,1033,0,204950000,-82.758415
7.649562,17.503,1036,1,4096,1034,0,205100000,-83.979073
7.649577,0.014,1037,1,4096,1035,0,205250000,-84.594368
7.664686,15.109,1038,1,4096,1036,0,205400000,-84.268791
7.664701,0.015,1039,1,4096,1037,0,205550000,-84.955330
7.664707,0.006,1040,1,4096,1038,0,205700000,-83.780418
7.682665,17.958,1041,1,4096,1039,0,205850000,-84.306221
7.682680,0.015,1042,1,4096,1040,0,206000000,-83.489342
7.697697,15.017,1043,1,4096,1041,0,206150000,-84.112846
7.697715,0.019,1044,1,4096,1042,0,206300000,-84.525047
7.712173,14.458,1045,1,4096,1043,0,206450000,-82.897011
7.712186,0.013,1046,1,4096,1044,0,206600000,-82.365288
7.730181,17.995,1047,1,4096,1045,0,206750000,-83.778191
7.730195,0.014,1048,1,4096,1046,0,206900000,-83.760658
7.745183,14.988,1049,1,4096,1047,0,207050000,-83.643700
7.745196,0.013,1050,1,4096,1048,0,207200000,-84.195702
7.760224,15.028,1051,1,4096,1049,0,207350000,-83.682884
7.760239,0.015,1052,1,4096,1050,0,207500000,-81.849205
7.760244,0.006,1053,1,4096,1051,0,207650000,-84.000572
7.778229,17.984,1054,1,4096,1052,0,207800000,-84.121696
7.778243,0.014,1055,1,4096,1053,0,207950000,-83.623405
7.793227,14.984,1056,1,4096,1054,0,208100000,-82.787086
7.793240,0.014,1057,1,4096,1055,0,208250000,-84.982826
7.810447,17.206,1058,1,4096,1056,0,208400000,-83.494286
7.810460,0.014,1059,1,4096,1057,0,208550000,-83.790886
7.825461,15.001,1060,1,4096,1058,0,208700000,-84.072594
7.825476,0.015,1061,1,4096,1059,0,208850000,-83.985863
7.840013,14.536,1062,1,4096,1060,0,209000000,-84.625526
7.840026,0.014,1063,1,4096,1061,0,209150000,-83.280128
7.858077,18.051,1064,1,4096,1062,0,209300000,-83.807564
7.858092,0.014,1065,1,4096,1063,0,209450000,-83.753838
7.858097,0.006,1066,1,4096,1064,0,209600000,-82.887169
7.872480,14.382,1067,1,4096,1065,0,209750000,-83.783852
7.872493,0.014,1068,1,4096,1066,0,209900000,-83.466133
7.889981,17.488,1069,1,4096,1067,0,210050000,-83.965172
7.889994,0.013,1070,1,4096,1068,0,210200000,-82.543510
7.904510,14.515,1071,1,4096,1069,0,210350000,-84.816566
7.904525,0.015,1072,1,4096,1070,0,210500000,-83.290092
7.922058,17.533,1073,1,4096,1071,0,210650000,-83.308434
7.922072,0.014,1074,1,4096,1072,0,210800000,-83.681145
7.936588,14.517,1075,1,4096,1073,0,210950000,-84.163658
7.936604,0.015,1076,1,4096,1074,0,211100000,-83.893028
7.936610,0.006,1077,1,4096,1075,0,211250000,-83.412544
7.954584,17.975,1078,1,4096,1076,0,211400000,-84.487923
7.954599,0.015,1079,1,4096,1077,0,211550000,-83.764366
7.969574,14.975,1080,1,4096,1078,0,211700000,-83.303627
7.969589,0.014,1081,1,4096,1079,0,211850000,-84.606529
7.984089,14.500,1082,1,4096,1080,0,212000000,-83.879921
7.984103,0.014,1083,1,4096,1081,0,212150000,-83.857460
8.001595,17.492,1084,1,4096,1082,0,212300000,-83.409782
8.001609,0.014,1085,1,4096,1083,0,212450000,-84.384224
8.016605,14.996,1086,1,4096,1084,0,212600000,-84.063301
8.016619,0.014,1087,1,4096,1085,0,212750000,-83.565361
8.034142,17.524,1088,1,4096,1086,0,212900000,-84.936653
8.034156,0.014,1089,1,4096,1087,0,213050000,-83.154625
8.034161,0.005,1090,1,4096,1088,0,213200000,-84.039482
8.049119,14.958,1091,1,4096,1089,0,213350000,-82.733376
8.049133,0.014,1092,1,4096,1090,0,213500000,-83.505882
8.066644,17.511,1093,1,4096,1091,0,213650000,-84.455467
8.066659,0.015,1094,1,4096,1092,0,213800000,-84.496620
8.081148,14.489,1095,1,4096,1093,0,213950000,-83.417549
8.081162,0.014,1096,1,4096,1094,0,214100000,-83.170189
8.098667,17.504,1097,1,4096,1095,0,214250000,-85.004265
8.098681,0.014,1098,1,4096,1096,0,214400000,-85.183098
8.113243,14.562,1099,1,4096,1097,0,214550000,-84.266197
8.113258,0.015,1100,1,4096,1098,0,214700000,-83.745415
8.130767,17.509,1101,1,4096,1099,0,214850000,-83.708595
8.130782,0.015,1102,1,4096,1100,0,215000000,-83.858849
8.130793,0.011,1103,1,4096,1101,0,215150000,-83.280083
8.145750,14.958,1104,1,4096,1102,0,215300000,-84.355614
8.145765,0.015,1105,1,4096,1103,0,215450000,-84.271049
8.160299,14.534,1106,1,4096,1104,0,215600000,-84.883934
8.160319,0.020,1107,1,4096,1105,0,215750000,-83.623482
8.177678,17.359,1108,1,4096,1106,0,215900000,-82.721275
8.177695,0.017,1109,1,4096,1107,0,216050000,-83.583961
8.192672,14.977,1110,1,4096,1108,0,216200000,-84.085472
8.192685,0.013,1111,1,4096,1109,0,216350000,-83.870293
8.209729,17.044,1112,1,4096,1110,0,216500000,-84.407127
8.209744,0.015,1113,1,4096,1111,0,216650000,-83.698372
8.224766,15.022,1114,1,4096,1112,0,216800000,-83.371178
8.224782,0.015,1115,1,4096,1113,0,216950000,-83.413078
8.224787,0.006,1116,1,4096,1114,0,217100000,-82.792946
8.242231,17.443,1117,1,4096,1115,0,217250000,-84.008156
8.242244,0.014,1118,1,4096,1116,0,217400000,-83.780052
8.257256,15.012,1119,1,4096,1117,0,217550000,-83.841927
8.257274,0.018,1120,1,4096,1118,0,217700000,-81.860481
8.274288,17.014,1121,1,4096,1119,0,217850000,-82.923805
8.274303,0.015,1122,1,4096,1120,0,218000000,-84.756111
8.289282,14.979,1123,1,4096,1121,0,218150000,-84.261574
8.289295,0.014,1124,1,4096,1122,0,218300000,-83.939964
8.306820,17.524,1125,1,4096,1123,0,218450000,-83.739571
8.306834,0.014,1126,1,4096,1124,0,218600000,-83.369270
8.306840,0.006,1127,1,4096,1125,0,218750000,-83.249947
8.321806,14.966,1128,1,4096,1126,0,218900000,-84.737038
8.321820,0.014,1129,1,4096,1127,0,219050000,-85.406364
8.336317,14.496,1130,1,4096,1128,0,219200000,-84.451851
8.336332,0.015,1131,1,4096,1129,0,219350000,-83.948357
8.354329,17.997,1132,1,4096,1130,0,219500000,-83.932686
8.354343,0.014,1133,1,4096,1131,0,219650000,-84.333748
8.368525,14.183,1134,1,4096,1132,0,219800000,-84.827065
8.368541,0.015,1135,1,4096,1133,0,219950000,-84.729485
8.386537,17.997,1136,1,4096,1134,0,220100000,-84.797295
8.386552,0.015,1137,1,4096,1135,0,220250000,-83.756172
8.401060,14.508,1138,1,4096,1136,0,220400000,-84.395500
8.401075,0.015,1139,1,4096,1137,0,220550000,-84.712898
8.401081,0.006,1140,1,4096,1138,0,220700000,-84.210594
8.416076,14.995,1141,1,4096,1139,0,220850000,-84.283440
8.416092,0.016,1142,1,4096,1140,0,221000000,-82.862022
8.433190,17.097,1143,1,4096,1141,0,221150000,-83.819328
8.433205,0.015,1144,1,4096,1142,0,221300000,-83.422386
8.448176,14.971,1145,1,4096,1143,0,221450000,-84.836098
8.448191,0.015,1146,1,4096,1144,0,221600000,-83.229759
8.465687,17.496,1147,1,4096,1145,0,221750000,-84.423134
8.465701,0.014,1148,1,4096,1146,0,221900000,-84.287163
8.480695,14.994,1149,1,4096,1147,0,222050000,-83.157890
8.480710,0.015,1150,1,4096,1148,0,222200000,-84.566780
8.498250,17.540,1151,1,4096,1149,0,222350000,-84.332756
8.498265,0.016,1152,1,4096,1150,0,222500000,-83.652733
8.498271,0.006,1153,1,4096,1151,0,222650000,-85.195534
8.513214,14.942,1154,1,4096,1152,0,222800000,-83.059441
8.513227,0.013,1155,1,4096,1153,0,222950000,-83.008247
8.530725,17.498,1156,1,4096,1154,0,223100000,-84.512016
8.530739,0.014,1157,1,4096,1155,0,223250000,-84.341652
8.545721,14.982,1158,1,4096,1156,0,223400000,-83.997231
8.545735,0.014,1159,1,4096,1157,0,223550000,-84.695793
8.560246,14.511,1160,1,4096,1158,0,223700000,-84.586906
8.560261,0.015,1161,1,4096,1159,0,223850000,-84.057030
8.578282,18.021,1162,1,4096,1160,0,224000000,-83.664528
8.578296,0.014,1163,1,4096,1161,0,224150000,-85.355385
8.578301,0.005,1164,1,4096,1162,0,224300000,-84.060631
8.593257,14.956,1165,1,4096,1163,0,224450000,-83.392494
8.593270,0.013,1166,1,4096,1164,0,224600000,-84.528969
8.608275,15.005,1167,1,4096,1165,0,224750000,-83.261543
8.608288,0.013,1168,1,4096,1166,0,224900000,-83.666573
8.625785,17.497,1169,1,4096,1167,0,225050000,-84.273430
8.625800,0.015,1170,1,4096,1168,0,225200000,-83.671623
8.640791,14.991,1171,1,4096,1169,0,225350000,-82.829430
8.640806,0.015,1172,1,4096,1170,0,225500000,-84.539131
8.655783,14.977,1173,1,4096,1171,0,225650000,-83.824867
8.655796,0.014,1174,1,4096,1172,0,225800000,-83.381310
8.673335,17.539,1175,1,4096,1173,0,225950000,-83.892265
8.673349,0.014,1176,1,4096,1174,0,226100000,-83.993599
8.673354,0.005,1177,1,4096,1175,0,226250000,-83.097282
8.688299,14.946,1178,1,4096,1176,0,226400000,-84.599586
8.688313,0.014,1179,1,4096,1177,0,226550000,-83.473335
8.705819,17.505,1180,1,4096,1178,0,226700000,-83.743156
8.705833,0.015,1181,1,4096,1179,0,226850000,-83.819023
8.720849,15.016,1182,1,4096,1180,0,227000000,-83.990715
8.720872,0.022,1183,1,4096,1181,0,227150000,-83.267464
8.738343,17.471,1184,1,4096,1182,0,227300000,-83.302132
8.738359,0.016,1185,1,4096,1183,0,227450000,-84.726509
8.753338,14.979,1186,1,4096,1184,0,227600000,-83.733208
8.753350,0.013,1187,1,4096,1185,0,227750000,-83.778114
8.767859,14.509,1188,1,4096,1186,0,227900000,-84.485619
8.767873,0.014,1189,1,4096,1187,0,228050000,-85.386757
8.767877,0.005,1190,1,4096,1188,0,228200000,-83.604027
8.785847,17.970,1191,1,4096,1189,0,228350000,-83.063377
8.785861,0.014,1192,1,4096,1190,0,228500000,-84.003578
8.800366,14.505,1193,1,4096,1191,0,228650000,-83.409279
8.800380,0.013,1194,1,4096,1192,0,228800000,-84.009560
8.818416,18.036,1195,1,4096,1193,0,228950000,-83.708748
8.818433,0.017,1196,1,4096,1194,0,229100000,-83.581490
8.833359,14.926,1197,1,4096,1195,0,229250000,-84.112755
8.833380,0.021,1198,1,4096,1196,0,229400000,-83.493431
8.848304,14.924,1199,1,4096,1197,0,229550000,-85.139809
8.848318,0.015,1200,1,4096,1198,0,229700000,-83.046623
8.848324,0.005,1201,1,4096,1199,0,229850000,-83.648506
8.866258,17.934,1202,1,4096,1200,0,230000000,-83.167259
8.866271,0.014,1203,1,4096,1201,0,230150000,-84.018517
8.881278,15.006,1204,1,4096,1202,0,230300000,-83.881142
8.881292,0.015,1205,1,4096,1203,0,230450000,-84.646782
8.896313,15.021,1206,1,4096,1204,0,230600000,-83.698738
8.896329,0.015,1207,1,4096,1205,0,230750000,-84.023216
8.914304,17.975,1208,1,4096,1206,0,230900000,-83.926460
8.914319,0.015,1209,1,4096,1207,0,231050000,-85.118828
8.928807,14.488,1210,1,4096,1208,0,231200000,-83.255333
8.928821,0.014,1211,1,4096,1209,0,231350000,-85.925255
8.943897,15.076,1212,1,4096,1210,0,231500000,-84.705254
8.943919,0.022,1213,1,4096,1211,0,231650000,-83.006065
8.943930,0.011,1214,1,4096,1212,0,231800000,-83.274788
8.961303,17.374,1215,1,4096,1213,0,231950000,-84.812981
8.961317,0.014,1216,1,4096,1214,0,232100000,-84.467995
8.978084,16.767,1217,1,4096,1215,0,232250000,-84.399361
8.978108,0.023,1218,1,4096,1216,0,232400000,-84.038490
8.993029,14.922,1219,1,4096,1217,0,232550000,-83.768639
8.993047,0.018,1220,1,4096,1218,0,232700000,-84.506508
9.007979,14.932,1221,1,4096,1219,0,232850000,-83.592278
9.007992,0.014,1222,1,4096,1220,0,233000000,-83.427696
9.025979,17.986,1223,1,4096,1221,0,233150000,-83.103935
9.025994,0.015,1224,1,4096,1222,0,233300000,-83.648979
9.040029,14.035,1225,1,4096,1223,0,233450000,-85.305458
9.040043,0.014,1226,1,4096,1224,0,233600000,-83.026024
9.040048,0.005,1227,1,4096,1225,0,233750000,-84.260628
9.058055,18.007,1228,1,4096,1226,0,233900000,-82.802345
9.058079,0.024,1229,1,4096,1227,0,234050000,-83.394310
9.072524,14.445,1230,1,4096,1228,0,234200000,-83.327782
9.072537,0.013,1231,1,4096,1229,0,234350000,-83.562920
9.090529,17.992,1232,1,4096,1230,0,234500000,-84.262062
9.090543,0.014,1233,1,4096,1231,0,234650000,-83.716576
9.104562,14.019,1234,1,4096,1232,0,234800000,-83.437996
9.104576,0.014,1235,1,4096,1233,0,234950000,-84.328087
9.122597,18.021,1236,1,4096,1234,0,235100000,-82.967827
9.122612,0.014,1237,1,4096,1235,0,235250000,-84.415276
9.122617,0.006,1238,1,4096,1236,0,235400000,-83.929329
9.137085,14.468,1239,1,4096,1237,0,235550000,-85.180260
9.137099,0.014,1240,1,4096,1238,0,235700000,-85.414711
9.152109,15.009,1241,1,4096,1239,0,235850000,-85.041847
9.152125,0.016,1242,1,4096,1240,0,236000000,-84.183067
9.169607,17.482,1243,1,4096,1241,0,236150000,-84.090782
9.169620,0.014,1244,1,4096,1242,0,236300000,-84.019096
9.184593,14.973,1245,1,4096,1243,0,236450000,-83.554558
9.184607,0.014,1246,1,4096,1244,0,236600000,-83.224236
9.202116,17.510,1247,1,4096,1245,0,236750000,-84.138741
9.202131,0.014,1248,1,4096,1246,0,236900000,-84.035667
9.216639,14.508,1249,1,4096,1247,0,237050000,-84.337639
9.216652,0.013,1250,1,4096,1248,0,237200000,-83.633934
9.216658,0.005,1251,1,4096,1249,0,237350000,-83.549400
9.231901,15.244,1252,1,4096,1250,0,237500000,-83.928886
9.231922,0.020,1253,1,4096,1251,0,237650000,-84.518379
9.249338,17.416,1254,1,4096,1252,0,237800000,-84.184273
9.249351,0.013,1255,1,4096,1253,0,237950000,-83.783852
9.264351,15.000,1256,1,4096,1254,0,238100000,-84.083549
9.264366,0.015,1257,1,4096,1255,0,238250000,-84.222511
9.281852,17.486,1258,1,4096,1256,0,238400000,-84.250786
9.281867,0.015,1259,1,4096,1257,0,238550000,-84.231453
9.296679,14.813,1260,1,4096,1258,0,238700000,-84.059029
9.296693,0.013,1261,1,4096,1259,0,238850000,-83.074852
9.314214,17.521,1262,1,4096,1260,0,239000000,-83.471260
9.314229,0.014,1263,1,4096,1261,0,239150000,-84.722893
9.314234,0.005,1264,1,4096,1262,0,239300000,-83.944679
9.329194,14.960,1265,1,4096,1263,0,239450000,-83.136742
9.329208,0.014,1266,1,4096,1264,0,239600000,-83.080620
9.343981,14.773,1267,1,4096,1265,0,239750000,-83.185829
9.343995,0.014,1268,1,4096,1266,0,239900000,-84.841972
9.361506,17.512,1269,1,4096,1267,0,240050000,-83.927177
9.361525,0.019,1270,1,4096,1268,0,240200000,-83.609505
9.376042,14.517,1271,1,4096,1269,0,240350000,-84.208977
9.376056,0.014,1272,1,4096,1270,0,240500000,-84.059120
9.393416,17.360,1273,1,4096,1271,0,240650000,-83.530510
9.393429,0.013,1274,1,4096,1272,0,240800000,-85.676720
9.393434,0.005,1275,1,4096,1273,0,240950000,-83.080650
9.407894,14.460,1276,1,4096,1274,0,241100000,-84.361900
9.407906,0.013,1277,1,4096,1275,0,241250000,-84.623405
9.425451,17.544,1278,1,4096,1276,0,241400000,-84.035728
9.425474,0.023,1279,1,4096,1277,0,241550000,-84.123024
9.440355,14.882,1280,1,4096,1278,0,241700000,-84.562889
9.440383,0.028,1281,1,4096,1279,0,241850000,-83.897652
9.458292,17.910,1282,1,4096,1280,0,242000000,-84.300117
9.458314,0.022,1283,1,4096,1281,0,242150000,-84.404976
9.472970,14.656,1284,1,4096,1282,0,242300000,-84.431099
9.472991,0.022,1285,1,4096,1283,0,242450000,-84.425865
9.490508,17.517,1286,1,4096,1284,0,242600000,-84.499184
9.490523,0.015,1287,1,4096,1285,0,242750000,-84.175880
9.490528,0.005,1288,1,4096,1286,0,242900000,-83.028816
9.505547,15.019,1289,1,4096,1287,0,243050000,-83.828300
9.505566,0.019,1290,1,4096,1288,0,243200000,-84.672661
9.524843,19.278,1291,1,4096,1289,0,243350000,-85.371635
9.524870,0.027,1292,1,4096,1290,0,243500000,-83.650566
9.538622,13.752,1293,1,4096,1291,0,243650000,-84.498619
9.538643,0.021,1294,1,4096,1292,0,243800000,-86.109383
9.553184,14.541,1295,1,4096,1293,0,243950000,-84.014091
9.553198,0.013,1296,1,4096,1294,0,244100000,-84.099098
9.567835,14.637,1297,1,4096,1295,0,244250000,-83.166008
9.567849,0.015,1298,1,4096,1296,0,244400000,-84.010536
9.585180,17.331,1299,1,4096,1297,0,244550000,-83.728401
9.585194,0.014,1300,1,4096,1298,0,244700000,-83.712212
9.585200,0.006,1301,1,4096,1299,0,244850000,-83.922417
9.600130,14.930,1302,1,4096,1300,0,245000000,-84.028618
9.600149,0.019,1303,1,4096,1301,0,245150000,-84.546333
9.617257,17.108,1304,1,4096,1302,0,245300000,-84.405449
9.617270,0.013,1305,1,4096,1303,0,245450000,-85.074547
9.634221,16.951,1306,1,4096,1304,0,245600000,-83.867821
9.634236,0.015,1307,1,4096,1305,0,245750000,-83.935829
9.649195,14.959,1308,1,4096,1306,0,245900000,-83.927147
9.649208,0.013,1309,1,4096,1307,0,246050000,-84.128639
9.664243,15.035,1310,1,4096,1308,0,246200000,-83.118507
9.664259,0.016,1311,1,4096,1309,0,246350000,-83.878288
9.664265,0.006,1312,1,4096,1310,0,246500000,-82.846703
9.682144,17.879,1313,1,4096,1311,0,246650000,-84.246651
9.682160,0.016,1314,1,4096,1312,0,246800000,-83.259331
9.697136,14.977,1315,1,4096,1313,0,246950000,-84.732399
9.697150,0.013,1316,1,4096,1314,0,247100000,-83.325523
9.711932,14.783,1317,1,4096,1315,0,247250000,-83.849205
9.711950,0.018,1318,1,4096,1316,0,247400000,-83.458000
9.729403,17.453,1319,1,4096,1317,0,247550000,-84.126823
9.729418,0.015,1320,1,4096,1318,0,247700000,-83.479073
9.744398,14.979,1321,1,4096,1319,0,247850000,-83.104454
9.744413,0.015,1322,1,4096,1320,0,248000000,-83.803429
9.762429,18.016,1323,1,4096,1321,0,248150000,-85.383736
9.762444,0.015,1324,1,4096,1322,0,248300000,-83.182320
9.762450,0.006,1325,1,4096,1323,0,248450000,-84.495003
9.777544,15.095,1326,1,4096,1324,0,248600000,-83.694084
9.777563,0.018,1327,1,4096,1325,0,248750000,-83.798317
9.791941,14.379,1328,1,4096,1326,0,248900000,-84.362465
9.791956,0.015,1329,1,4096,1327,0,249050000,-84.530464
9.809436,17.480,1330,1,4096,1328,0,249200000,-84.270653
9.809449,0.013,1331,1,4096,1329,0,249350000,-83.719734
9.823951,14.502,1332,1,4096,1330,0,249500000,-82.632713
9.823965,0.014,1333,1,4096,1331,0,249650000,-83.356682
9.841973,18.007,1334,1,4096,1332,0,249800000,-84.093147
9.841987,0.014,1335,1,4096,1333,0,249950000,-83.801628
9.841993,0.006,1336,1,4096,1334,0,250100000,-83.813377
9.856468,14.475,1337,1,4096,1335,0,250250000,-84.091270
9.856482,0.014,1338,1,4096,1336,0,250400000,-83.496727
9.874485,18.003,1339,1,4096,1337,0,250550000,-83.548866
9.874500,0.015,1340,1,4096,1338,0,250700000,-84.179832
9.888998,14.498,1341,1,4096,1339,0,250850000,-83.176674
9.889012,0.014,1342,1,4096,1340,0,251000000,-84.267830
9.904004,14.991,1343,1,4096,1341,0,251150000,-84.862297
9.904018,0.014,1344,1,4096,1342,0,251300000,-84.288933
9.921523,17.505,1345,1,4096,1343,0,251450000,-84.565529
9.921538,0.014,1346,1,4096,1344,0,251600000,-84.845100
9.938675,17.137,1347,1,4096,1345,0,251750000,-83.987633
9.938688,0.013,1348,1,4096,1346,0,251900000,-84.133247
9.938692,0.004,1349,1,4096,1347,0,252050000,-83.907448
9.953641,14.948,1350,1,4096,1348,0,252200000,-83.104286
9.953654,0.013,1351,1,4096,1349,0,252350000,-83.632713
9.968650,14.997,1352,1,4096,1350,0,252500000,-82.925682
9.968664,0.014,1353,1,4096,1351,0,252650000,-83.331627
9.986663,17.999,1354,1,4096,1352,0,252800000,-83.619225
9.986677,0.014,1355,1,4096,1353,0,252950000,-84.559090
10.000643,13.966,1356,1,4096,1354,0,253100000,-83.769737
10.000655,0.013,1357,1,4096,1355,0,253250000,-83.480522
10.018182,17.526,1358,1,4096,1356,0,253400000,-84.577919
10.018196,0.014,1359,1,4096,1357,0,253550000,-83.868507
10.032699,14.504,1360,1,4096,1358,0,253700000,-83.413933
10.032712,0.013,1361,1,4096,1359,0,253850000,-84.053139
10.032716,0.004,1362,1,4096,1360,0,254000000,-82.982765
10.047729,15.012,1363,1,4096,1361,0,254150000,-83.981346
10.047745,0.017,1364,1,4096,1362,0,254300000,-83.599510
10.065202,17.457,1365,1,4096,1363,0,254450000,-83.869179
10.065217,0.014,1366,1,4096,1364,0,254600000,-84.665916
10.080207,14.991,1367,1,4096,1365,0,254750000,-84.346947
10.080222,0.014,1368,1,4096,1366,0,254900000,-83.981392
10.097797,17.576,1369,1,4096,1367,0,255050000,-83.572441
10.097825,0.028,1370,1,4096,1368,0,255200000,-83.824181
10.112322,14.498,1371,1,4096,1369,0,255350000,-84.295967
10.112336,0.014,1372,1,4096,1370,0,255500000,-83.814812
10.112341,0.005,1373,1,4096,1371,0,255650000,-84.618355
10.129801,17.460,1374,1,4096,1372,0,255800000,-83.611259
10.129814,0.013,1375,1,4096,1373,0,255950000,-83.618523
10.144849,15.035,1376,1,4096,1374,0,256100000,-84.154457
10.144864,0.015,1377,1,4096,1375,0,256250000,-83.967613
10.159855,14.991,1378,1,4096,1376,0,256400000,-84.122398
10.159870,0.015,1379,1,4096,1377,0,256550000,-83.210823
10.177865,17.995,1380,1,4096,1378,0,256700000,-84.994408
10.177883,0.018,1381,1,4096,1379,0,256850000,-83.762596
10.192375,14.492,1382,1,4096,1380,0,257000000,-84.553337
10.192388,0.013,1383,1,4096,1381,0,257150000,-84.261452
10.209944,17.556,1384,1,4096,1382,0,257300000,-82.765327
10.209959,0.015,1385,1,4096,1383,0,257450000,-83.653786
10.209965,0.005,1386,1,4096,1384,0,257600000,-84.447243
10.224423,14.459,1387,1,4096,1385,0,257750000,-83.575188
10.224437,0.014,1388,1,4096,1386,0,257900000,-83.096626
10.242418,17.981,1389,1,4096,1387,0,258050000,-84.447243
10.242431,0.013,1390,1,4096,1388,0,258200000,-83.763786
10.256956,14.525,1391,1,4096,1389,0,258350000,-82.967628
10.256969,0.014,1392,1,4096,1390,0,258500000,-85.878471
10.271957,14.988,1393,1,4096,1391,0,258650000,-83.660805
10.271971,0.014,1394,1,4096,1392,0,258800000,-83.596382
10.289945,17.974,1395,1,4096,1393,0,258950000,-83.534050
10.289959,0.013,1396,1,4096,1394,0,259100000,-85.710762
10.304951,14.992,1397,1,4096,1395,0,259250000,-83.320351
10.304964,0.013,1398,1,4096,1396,0,259400000,-84.676338
10.322495,17.531,1399,1,4096,1397,0,259550000,-83.029655
10.322511,0.016,1400,1,4096,1398,0,259700000,-83.956627
10.322517,0.006,1401,1,4096,1399,0,259850000,-82.901009
10.337478,14.962,1402,1,4096,1400,0,260000000,-84.597343
10.337493,0.015,1403,1,4096,1401,0,260150000,-84.083748
10.352486,14.994,1404,1,4096,1402,0,260300000,-84.220924
10.352499,0.013,1405,1,4096,1403,0,260450000,-82.859398
10.369628,17.128,1406,1,4096,1404,0,260600000,-84.010674
10.369646,0.018,1407,1,4096,1405,0,260750000,-84.152779
10.384144,14.498,1408,1,4096,1406,0,260900000,-84.603828
10.384160,0.017,1409,1,4096,1407,0,261050000,-84.708778
10.401628,17.468,1410,1,4096,1408,0,261200000,-84.568443
10.401641,0.013,1411,1,4096,1409,0,261350000,-83.283531
10.416647,15.007,1412,1,4096,1410,0,261500000,-85.263206
10.416660,0.013,1413,1,4096,1411,0,261650000,-83.110069
10.416665,0.005,1414,1,4096,1412,0,261800000,-83.781898
10.434154,17.489,1415,1,4096,1413,0,261950000,-84.666832
10.434166,0.013,1416,1,4096,1414,0,262100000,-84.145897
10.449175,15.009,1417,1,4096,1415,0,262250000,-83.676857
10.449190,0.015,1418,1,4096,1416,0,262400000,-84.342186
10.463683,14.493,1419,1,4096,1417,0,262550000,-83.774666
10.463698,0.015,1420,1,4096,1418,0,262700000,-85.225243
10.481610,17.912,1421,1,4096,1419,0,262850000,-85.082954
10.481626,0.016,1422,1,4096,1420,0,263000000,-84.317879
10.496296,14.670,1423,1,4096,1421,0,263150000,-84.031593
10.496311,0.015,1424,1,4096,1422,0,263300000,-83.769707
10.513834,17.523,1425,1,4096,1423,0,263450000,-83.904228
10.513849,0.015,1426,1,4096,1424,0,263600000,-83.700706
10.513855,0.006,1427,1,4096,1425,0,263750000,-84.937340
10.528809,14.954,1428,1,4096,1426,0,263900000,-84.281212
10.528822,0.013,1429,1,4096,1427,0,264050000,-82.740181
10.546363,17.541,1430,1,4096,1428,0,264200000,-82.854774
10.546389,0.026,1431,1,4096,1429,0,264350000,-83.035484
10.560820,14.431,1432,1,4096,1430,0,264500000,-83.084557
10.560834,0.014,1433,1,4096,1431,0,264650000,-83.439018
10.577916,17.082,1434,1,4096,1432,0,264800000,-83.604576
10.577932,0.016,1435,1,4096,1433,0,264950000,-83.476524
10.592900,14.968,1436,1,4096,1434,0,265100000,-83.479790
10.592913,0.013,1437,1,4096,1435,0,265250000,-83.997749
10.607953,15.040,1438,1,4096,1436,0,265400000,-82.879021
10.607968,0.015,1439,1,4096,1437,0,265550000,-85.058998
10.625786,17.818,1440,1,4096,1438,0,265700000,-84.619240
10.625800,0.014,1441,1,4096,1439,0,265850000,-83.133156
10.625806,0.006,1442,1,4096,1440,0,266000000,-83.757683
10.640227,14.421,1443,1,4096,1441,0,266150000,-83.033775
10.640242,0.015,1444,1,4096,1442,0,266300000,-83.259712
10.657443,17.202,1445,1,4096,1443,0,266450000,-83.391289
10.657458,0.015,1446,1,4096,1444,0,266600000,-84.415947
10.671755,14.297,1447,1,4096,1445,0,266750000,-84.592857
10.671769,0.014,1448,1,4096,1446,0,266900000,-84.326393
10.688575,16.806,1449,1,4096,1447,0,267050000,-84.210854
10.688589,0.014,1450,1,4096,1448,0,267200000,-84.002892
10.706080,17.492,1451,1,4096,1449,0,267350000,-83.849724
10.706094,0.014,1452,1,4096,1450,0,267500000,-83.221199
10.721115,15.021,1453,1,4096,1451,0,267650000,-83.347435
10.721129,0.014,1454,1,4096,1452,0,267800000,-83.193962
10.721134,0.005,1455,1,4096,1453,0,267950000,-82.863884
10.735606,14.472,1456,1,4096,1454,0,268100000,-83.839531
10.735620,0.014,1457,1,4096,1455,0,268250000,-83.152473
10.752634,17.014,1458,1,4096,1456,0,268400000,-83.825111
10.752648,0.014,1459,1,4096,1457,0,268550000,-84.068062
10.767648,15.000,1460,1,4096,1458,0,268700000,-84.753838
10.767663,0.015,1461,1,4096,1459,0,268850000,-83.914742
10.784191,16.528,1462,1,4096,1460,0,269000000,-83.219551
10.784205,0.014,1463,1,4096,1461,0,269150000,-84.502281
10.801735,17.530,1464,1,4096,1462,0,269300000,-84.375969
10.801750,0.015,1465,1,4096,1463,0,269450000,-84.415291
10.816259,14.509,1466,1,4096,1464,0,269600000,-84.191002
10.816273,0.014,1467,1,4096,1465,0,269750000,-84.598274
10.816279,0.006,1468,1,4096,1466,0,269900000,-84.605247
10.833789,17.510,1469,1,4096,1467,0,270050000,-84.168190
10.833804,0.015,1470,1,4096,1468,0,270200000,-82.807869
10.847967,14.163,1471,1,4096,1469,0,270350000,-83.525673
10.847981,0.014,1472,1,4096,1470,0,270500000,-83.448616
10.865344,17.363,1473,1,4096,1471,0,270650000,-83.635674
10.865358,0.015,1474,1,4096,1472,0,270800000,-85.150429
10.880334,14.976,1475,1,4096,1473,0,270950000,-83.640175
10.880348,0.014,1476,1,4096,1474,0,271100000,-83.341042
10.897432,17.084,1477,1,4096,1475,0,271250000,-84.025764
10.897445,0.013,1478,1,4096,1476,0,271400000,-83.511101
10.911713,14.267,1479,1,4096,1477,0,271550000,-83.538841
10.911727,0.015,1480,1,4096,1478,0,271700000,-83.658958
10.911733,0.006,1481,1,4096,1479,0,271850000,-83.603401
10.929208,17.475,1482,1,4096,1480,0,272000000,-83.844505
10.929222,0.014,1483,1,4096,1481,0,272150000,-83.190361
10.943969,14.747,1484,1,4096,1482,0,272300000,-83.831490
10.943984,0.015,1485,1,4096,1483,0,272450000,-84.053551
10.961479,17.495,1486,1,4096,1484,0,272600000,-83.854256
10.961493,0.014,1487,1,4096,1485,0,272750000,-83.061073
10.975847,14.354,1488,1,4096,1486,0,272900000,-83.274361
10.975862,0.014,1489,1,4096,1487,0,273050000,-83.090111
10.993844,17.982,1490,1,4096,1488,0,273200000,-83.192070
10.993858,0.014,1491,1,4096,1489,0,273350000,-83.712212
11.008363,14.505,1492,1,4096,1490,0,273500000,-84.854607
11.008376,0.013,1493,1,4096,1491,0,273650000,-83.874306
11.008382,0.005,1494,1,4096,1492,0,273800000,-83.465492
11.026340,17.959,1495,1,4096,1493,0,273950000,-85.399590
11.026353,0.013,1496,1,4096,1494,0,274100000,-84.839714
11.040849,14.496,1497,1,4096,1495,0,274250000,-83.373878
11.040861,0.012,1498,1,4096,1496,0,274400000,-84.658257
11.055861,14.999,1499,1,4096,1497,0,274550000,-84.002083
11.055873,0.012,1500,1,4096,1498,0,274700000,-82.950096
11.073384,17.511,1501,1,4096,1499,0,274850000,-83.193413
11.073398,0.014,1502,1,4096,1500,0,275000000,-83.997353
11.087970,14.572,1503,1,4096,1501,0,275150000,-83.291786
11.087986,0.016,1504,1,4096,1502,0,275300000,-82.724373
11.105549,17.562,1505,1,4096,1503,0,275450000,-83.083015
11.105565,0.016,1506,1,4096,1504,0,275600000,-83.639671
11.105571,0.006,1507,1,4096,1505,0,275750000,-83.235512
11.120316,14.745,1508,1,4096,1506,0,275900000,-83.709160
11.120329,0.014,1509,1,4096,1507,0,276050000,-83.167015
11.137577,17.248,1510,1,4096,1508,0,276200000,-83.399971
11.137592,0.015,1511,1,4096,1509,0,276350000,-83.721840
11.152359,14.767,1512,1,4096,1510,0,276500000,-83.303535
11.152372,0.013,1513,1,4096,1511,0,276650000,-84.182152
11.170158,17.786,1514,1,4096,1512,0,276800000,-82.976479
11.170171,0.013,1515,1,4096,1513,0,276950000,-83.118507
11.184682,14.510,1516,1,4096,1514,0,277100000,-83.562691
11.184694,0.012,1517,1,4096,1515,0,277250000,-84.443123
11.201703,17.009,1518,1,4096,1516,0,277400000,-83.549217
11.201716,0.013,1519,1,4096,1517,0,277550000,-82.638573
11.216735,15.018,1520,1,4096,1518,0,277700000,-84.275551
11.216749,0.014,1521,1,4096,1519,0,277850000,-84.601357
11.216755,0.006,1522,1,4096,1520,0,278000000,-83.390480
11.234230,17.475,1523,1,4096,1521,0,278150000,-84.489311
11.234245,0.015,1524,1,4096,1522,0,278300000,-83.105721
11.249226,14.981,1525,1,4096,1523,0,278450000,-83.876976
11.249240,0.013,1526,1,4096,1524,0,278600000,-83.645988
11.263740,14.500,1527,1,4096,1525,0,278750000,-83.375191
11.263755,0.015,1528,1,4096,1526,0,278900000,-83.039436
11.281747,17.992,1529,1,4096,1527,0,279050000,-84.002251
11.281761,0.015,1530,1,4096,1528,0,279200000,-83.599068
11.295918,14.157,1531,1,4096,1529,0,279350000,-83.051521
11.295933,0.015,1532,1,4096,1530,0,279500000,-83.629341
11.313968,18.035,1533,1,4096,1531,0,279650000,-84.209343
11.313983,0.014,1534,1,4096,1532,0,279800000,-83.906731
11.313988,0.005,1535,1,4096,1533,0,279950000,-85.205864
11.328439,14.451,1536,1,4096,1534,0,280100000,-83.418938
11.328454,0.014,1537,1,4096,1535,0,280250000,-84.811928
11.345715,17.261,1538,1,4096,1536,0,280400000,-83.985283
11.345730,0.015,1539,1,4096,1537,0,280550000,-84.880348
11.360723,14.993,1540,1,4096,1538,0,280700000,-83.523262
11.360737,0.015,1541,1,4096,1539,0,280850000,-84.786949
11.377822,17.085,1542,1,4096,1540,0,281000000,-85.140419
11.377840,0.018,1543,1,4096,1541,0,281150000,-83.291969
11.391866,14.025,1544,1,4096,1542,0,281300000,-83.921303
11.391885,0.019,1545,1,4096,1543,0,281450000,-83.472160
11.409775,17.890,1546,1,4096,1544,0,281600000,-83.847847
11.409790,0.015,1547,1,4096,1545,0,281750000,-85.196678
11.409796,0.006,1548,1,4096,1546,0,281900000,-84.082954
11.423938,14.142,1549,1,4096,1547,0,282050000,-85.113548
11.423952,0.015,1550,1,4096,1548,0,282200000,-84.184319
11.441445,17.492,1551,1,4096,1549,0,282350000,-83.326241
11.441459,0.014,1552,1,4096,1550,0,282500000,-83.636040
11.455981,14.522,1553,1,4096,1551,0,282650000,-84.695717
11.455993,0.012,1554,1,4096,1552,0,282800000,-84.699608
11.473476,17.483,1555,1,4096,1553,0,282950000,-84.633980
11.473489,0.012,1556,1,4096,1554,0,283100000,-83.634743
11.488046,14.558,1557,1,4096,1555,0,283250000,-83.906212
11.488060,0.014,1558,1,4096,1556,0,283400000,-83.063499
11.505070,17.010,1559,1,4096,1557,0,283550000,-83.966972
11.505085,0.014,1560,1,4096,1558,0,283700000,-83.174690
11.505090,0.005,1561,1,4096,1559,0,283850000,-83.716316
11.519626,14.536,1562,1,4096,1560,0,284000000,-83.730110
11.519639,0.013,1563,1,4096,1561,0,284150000,-83.816490
11.536773,17.134,1564,1,4096,1562,0,284300000,-83.848457
11.536786,0.013,1565,1,4096,1563,0,284450000,-84.967430
11.553720,16.935,1566,1,4096,1564,0,284600000,-83.460152
11.553733,0.013,1567,1,4096,1565,0,284750000,-83.536690
11.568729,14.997,1568,1,4096,1566,0,284900000,-84.249886
11.568742,0.012,1569,1,4096,1567,0,285050000,-84.024773
11.586034,17.293,1570,1,4096,1568,0,285200000,-83.582268
11.586049,0.015,1571,1,4096,1569,0,285350000,-83.413414
11.601212,15.163,1572,1,4096,1570,0,285500000,-84.923759
11.601227,0.015,1573,1,4096,1571,0,285650000,-83.485970
11.601233,0.006,1574,1,4096,1572,0,285800000,-83.736397
11.615694,14.462,1575,1,4096,1573,0,285950000,-83.921318
11.615708,0.014,1576,1,4096,1574,0,286100000,-83.788582
11.633127,17.419,1577,1,4096,1575,0,286250000,-83.626900
11.633141,0.013,1578,1,4096,1576,0,286400000,-84.131187
11.650460,17.320,1579,1,4096,1577,0,286550000,-83.347618
11.650473,0.012,1580,1,4096,1578,0,286700000,-84.254585
11.665186,14.713,1581,1,4096,1579,0,286850000,-83.021965
11.665200,0.014,1582,1,4096,1580,0,287000000,-83.778465
11.680193,14.993,1583,1,4096,1581,0,287150000,-83.543694
11.680208,0.015,1584,1,4096,1582,0,287300000,-84.611000
11.698266,18.058,1585,1,4096,1583,0,287450000,-83.257057
11.698282,0.016,1586,1,4096,1584,0,287600000,-83.916466
11.698294,0.012,1587,1,4096,1585,0,287750000,-83.915627
11.712730,14.436,1588,1,4096,1586,0,287900000,-83.701988
11.712743,0.013,1589,1,4096,1587,0,288050000,-83.362602
11.730216,17.473,1590,1,4096,1588,0,288200000,-82.992226
11.730230,0.014,1591,1,4096,1589,0,288350000,-83.251060
11.744724,14.494,1592,1,4096,1590,0,288500000,-84.603554
11.744738,0.014,1593,1,4096,1591,0,288650000,-85.965508
11.759742,15.004,1594,1,4096,1592,0,288800000,-83.751671
11.759755,0.013,1595,1,4096,1593,0,288950000,-83.957237
11.777236,17.481,1596,1,4096,1594,0,289100000,-85.111824
11.777250,0.014,1597,1,4096,1595,0,289250000,-82.709068
11.794537,17.287,1598,1,4096,1596,0,289400000,-83.493126
11.794551,0.014,1599,1,4096,1597,0,289550000,-83.373955
11.809536,14.985,1600,1,4096,1598,0,289700000,-82.792839
11.809550,0.014,1601,1,4096,1599,0,289850000,-83.759102
11.809555,0.006,1602,1,4096,1600,0,290000000,-83.017174
11.823984,14.428,1603,1,4096,1601,0,290150000,-83.820747
11.823999,0.015,1604,1,4096,1602,0,290300000,-83.421501
11.841507,17.508,1605,1,4096,1603,0,290450000,-84.119530
11.841521,0.014,1606,1,4096,1604,0,290600000,-83.803429
11.855522,14.001,1607,1,4096,1605,0,290750000,-83.067192
11.855536,0.015,1608,1,4096,1606,0,290900000,-83.014534
11.873546,18.010,1609,1,4096,1607,0,291050000,-83.192223
11.873562,0.015,1610,1,4096,1608,0,291200000,-83.716393
11.887582,14.020,1611,1,4096,1609,0,291350000,-84.157478
11.887595,0.014,1612,1,4096,1610,0,291500000,-82.740578
11.905105,17.509,1613,1,4096,1611,0,291650000,-84.028343
11.905119,0.014,1614,1,4096,1612,0,291800000,-84.403587
11.905125,0.006,1615,1,4096,1613,0,291950000,-84.239784
11.919596,14.471,1616,1,4096,1614,0,292100000,-83.281654
11.919613,0.017,1617,1,4096,1615,0,292250000,-83.475212
11.937508,17.895,1618,1,4096,1616,0,292400000,-84.809944
11.937522,0.015,1619,1,4096,1617,0,292550000,-84.617302
11.952400,14.878,1620,1,4096,1618,0,292700000,-84.094292
11.952414,0.014,1621,1,4096,1619,0,292850000,-84.493309
11.970395,17.980,1622,1,4096,1620,0,293000000,-83.960884
11.970408,0.013,1623,1,4096,1621,0,293150000,-84.937691
11.984951,14.543,1624,1,4096,1622,0,293300000,-83.060295
11.984963,0.012,1625,1,4096,1623,0,293450000,-83.410088
11.999978,15.015,1626,1,4096,1624,0,293600000,-83.812584
11.999992,0.014,1627,1,4096,1625,0,293750000,-83.128654
11.999997,0.006,1628,1,4096,1626,0,293900000,-83.970818
12.016945,16.948,1629,1,4096,1627,0,294050000,-83.778496
12.016959,0.014,1630,1,4096,1628,0,294200000,-84.576286
12.031951,14.992,1631,1,4096,1629,0,294350000,-83.399147
12.031965,0.014,1632,1,4096,1630,0,294500000,-84.373070
12.050361,18.396,1633,1,4096,1631,0,294650000,-84.051689
12.050375,0.015,1634,1,4096,1632,0,294800000,-83.111244
12.064875,14.500,1635,1,4096,1633,0,294950000,-84.737663
12.064889,0.014,1636,1,4096,1634,0,295100000,-84.951622
12.082359,17.470,1637,1,4096,1635,0,295250000,-83.963478
12.082372,0.012,1638,1,4096,1636,0,295400000,-83.133369
12.096509,14.137,1639,1,4096,1637,0,295550000,-82.514473
12.096524,0.015,1640,1,4096,1638,0,295700000,-83.313667
12.096530,0.006,1641,1,4096,1639,0,295850000,-83.462242
12.114207,17.677,1642,1,4096,1640,0,296000000,-83.659813
12.114221,0.014,1643,1,4096,1641,0,296150000,-83.179802
12.128587,14.367,1644,1,4096,1642,0,296300000,-83.368690
12.128601,0.014,1645,1,4096,1643,0,296450000,-83.984428
12.143632,15.030,1646,1,4096,1644,0,296600000,-83.407234
12.143646,0.014,1647,1,4096,1645,0,296750000,-83.406197
12.161096,17.450,1648,1,4096,1646,0,296900000,-83.604515
12.161110,0.014,1649,1,4096,1647,0,297050000,-83.687477
12.175475,14.366,1650,1,4096,1648,0,297200000,-84.116127
12.175490,0.015,1651,1,4096,1649,0,297350000,-83.331169
12.193019,17.529,1652,1,4096,1650,0,297500000,-84.348457
12.193035,0.016,1653,1,4096,1651,0,297650000,-83.838356
12.193044,0.009,1654,1,4096,1652,0,297800000,-82.796669
12.207620,14.576,1655,1,4096,1653,0,297950000,-83.830711
12.207634,0.014,1656,1,4096,1654,0,298100000,-84.390862
12.225114,17.480,1657,1,4096,1655,0,298250000,-83.321083
12.225128,0.014,1658,1,4096,1656,0,298400000,-84.549583
12.240147,15.019,1659,1,4096,1657,0,298550000,-84.290352
12.240166,0.018,1660,1,4096,1658,0,298700000,-83.689369
12.258129,17.964,1661,1,4096,1659,0,298850000,-84.295113
12.258149,0.019,1662,1,4096,1660,0,299000000,-82.856880
12.272239,14.090,1663,1,4096,1661,0,299150000,-84.524849
12.272253,0.014,1664,1,4096,1662,0,299300000,-83.378304
12.289820,17.567,1665,1,4096,1663,0,299450000,-84.347939
12.289832,0.012,1666,1,4096,1664,0,299600000,-84.054024
12.289837,0.005,1667,1,4096,1665,0,299750000,-83.348366
12.305040,15.203,1668,1,4096,1666,0,299900000,-83.222816
12.305055,0.015,1669,1,4096,1667,0,300050000,-82.692024
12.319541,14.485,1670,1,4096,1668,0,300200000,-82.810081
12.319555,0.014,1671,1,4096,1669,0,300350000,-83.603996
12.337569,18.014,1672,1,4096,1670,0,300500000,-84.514824
12.337583,0.014,1673,1,4096,1671,0,300650000,-83.756706
12.352050,14.467,1674,1,4096,1672,0,300800000,-83.860771
12.352063,0.013,1675,1,4096,1673,0,300950000,-83.665077
12.370061,17.998,1676,1,4096,1674,0,301100000,-83.895576
12.370074,0.013,1677,1,4096,1675,0,301250000,-83.521706
12.384519,14.445,1678,1,4096,1676,0,301400000,-83.781380
12.384534,0.015,1679,1,4096,1677,0,301550000,-83.699409
12.384540,0.006,1680,1,4096,1678,0,301700000,-83.631966
12.402026,17.486,1681,1,4096,1679,0,301850000,-84.376579
12.402040,0.014,1682,1,4096,1680,0,302000000,-83.420403
12.416517,14.477,1683,1,4096,1681,0,302150000,-82.777885
12.416532,0.015,1684,1,4096,1682,0,302300000,-83.545815
12.431528,14.997,1685,1,4096,1683,0,302450000,-83.076195
12.431543,0.015,1686,1,4096,1684,0,302600000,-84.222328
12.449202,17.659,1687,1,4096,1685,0,302750000,-83.830940
12.449216,0.014,1688,1,4096,1686,0,302900000,-83.248009
12.465933,16.717,1689,1,4096,1687,0,303050000,-85.165199
12.465947,0.014,1690,1,4096,1688,0,303200000,-83.151619
12.480453,14.506,1691,1,4096,1689,0,303350000,-83.337685
12.480466,0.013,1692,1,4096,1690,0,303500000,-84.122780
12.480471,0.005,1693,1,4096,1691,0,303650000,-84.379524
12.495447,14.976,1694,1,4096,1692,0,303800000,-84.118645
12.495462,0.015,1695,1,4096,1693,0,303950000,-83.639244
12.512958,17.496,1696,1,4096,1694,0,304100000,-84.195686
12.512972,0.013,1697,1,4096,1695,0,304250000,-84.755333
12.529960,16.988,1698,1,4096,1696,0,304400000,-83.950142
12.529974,0.014,1699,1,4096,1697,0,304550000,-84.169182
12.544462,14.488,1700,1,4096,1698,0,304700000,-83.162071
12.544475,0.014,1701,1,4096,1699,0,304850000,-83.257957
12.561943,17.467,1702,1,4096,1700,0,305000000,-83.493477
12.561957,0.015,1703,1,4096,1701,0,305150000,-83.423943
12.576966,15.009,1704,1,4096,1702,0,305300000,-83.532295
12.576981,0.015,1705,1,4096,1703,0,305450000,-82.909447
12.576986,0.006,1706,1,4096,1704,0,305600000,-84.566551
12.591529,14.543,1707,1,4096,1705,0,305750000,-83.893196
12.591549,0.020,1708,1,4096,1706,0,305900000,-83.426964
12.609229,17.680,1709,1,4096,1707,0,306050000,-83.702766
12.609242,0.014,1710,1,4096,1708,0,306200000,-84.037041
12.624626,15.384,1711,1,4096,1709,0,306350000,-83.666847
12.624641,0.015,1712,1,4096,1710,0,306500000,-83.923622
12.642134,17.493,1713,1,4096,1711,0,306650000,-83.712135
12.642149,0.015,1714,1,4096,1712,0,306800000,-83.764488
12.656401,14.252,1715,1,4096,1713,0,306950000,-84.454353
12.656414,0.013,1716,1,4096,1714,0,307100000,-83.729805
12.673950,17.537,1717,1,4096,1715,0,307250000,-82.596840
12.673965,0.015,1718,1,4096,1716,0,307400000,-84.426476
12.673971,0.006,1719,1,4096,1717,0,307550000,-83.903969
12.688915,14.944,1720,1,4096,1718,0,307700000,-83.081490
12.688929,0.014,1721,1,4096,1719,0,307850000,-84.428261
12.703937,15.008,1722,1,4096,1720,0,308000000,-82.415947
12.703951,0.014,1723,1,4096,1721,0,308150000,-83.525993
12.721944,17.993,1724,1,4096,1722,0,308300000,-83.749062
12.721959,0.014,1725,1,4096,1723,0,308450000,-84.216225
12.736437,14.478,1726,1,4096,1724,0,308600000,-83.181496
12.736450,0.013,1727,1,4096,1725,0,308750000,-83.882622
12.753529,17.079,1728,1,4096,1726,0,308900000,-83.497017
12.753541,0.012,1729,1,4096,1727,0,309050000,-82.820091
12.768102,14.561,1730,1,4096,1728,0,309200000,-83.752510
12.768117,0.015,1731,1,4096,1729,0,309350000,-83.257057
12.768123,0.006,1732,1,4096,1730,0,309500000,-83.963234
12.786070,17.947,1733,1,4096,1731,0,309650000,-84.353767
12.786085,0.015,1734,1,4096,1732,0,309800000,-83.444511
12.801619,15.534,1735,1,4096,1733,0,309950000,-82.387016
12.801631,0.013,1736,1,4096,1734,0,310100000,-84.018150
12.815647,14.015,1737,1,4096,1735,0,310250000,-84.689110
12.815662,0.015,1738,1,4096,1736,0,310400000,-83.617683
12.833261,17.599,1739,1,4096,1737,0,310550000,-83.933571
12.833274,0.013,1740,1,4096,1738,0,310700000,-84.112450
12.847778,14.504,1741,1,4096,1739,0,310850000,-82.889397
12.847792,0.014,1742,1,4096,1740,0,311000000,-83.217125
12.864934,17.142,1743,1,4096,1741,0,311150000,-83.090919
12.864947,0.013,1744,1,4096,1742,0,311300000,-83.173393
12.864951,0.005,1745,1,4096,1743,0,311450000,-83.869530
12.882023,17.072,1746,1,4096,1744,0,311600000,-82.547188
12.882037,0.014,1747,1,4096,1745,0,311750000,-83.093285
12.896903,14.865,1748,1,4096,1746,0,311900000,-83.279335
12.896915,0.013,1749,1,4096,1747,0,312050000,-83.310738
12.914432,17.517,1750,1,4096,1748,0,312200000,-82.951195
12.914445,0.014,1751,1,4096,1749,0,312350000,-83.313240
12.929261,14.815,1752,1,4096,1750,0,312500000,-83.829185
12.929275,0.015,1753,1,4096,1751,0,312650000,-83.704048
12.943766,14.491,1754,1,4096,1752,0,312800000,-83.444206
12.943781,0.014,1755,1,4096,1753,0,312950000,-83.289894
12.960917,17.136,1756,1,4096,1754,0,313100000,-84.382530
12.960932,0.016,1757,1,4096,1755,0,313250000,-82.965294
12.960937,0.005,1758,1,4096,1756,0,313400000,-83.568748
12.975650,14.713,1759,1,4096,1757,0,313550000,-83.146156
12.975666,0.016,1760,1,4096,1758,0,313700000,-84.291756
12.993622,17.956,1761,1,4096,1759,0,313850000,-83.684868
12.993643,0.021,1762,1,4096,1760,0,314000000,-83.510811
13.007835,14.192,1763,1,4096,1761,0,314150000,-84.065346
13.007849,0.014,1764,1,4096,1762,0,314300000,-82.432228
13.025850,18.000,1765,1,4096,1763,0,314450000,-82.912956
13.025865,0.015,1766,1,4096,1764,0,314600000,-84.201607
13.040373,14.509,1767,1,4096,1765,0,314750000,-84.563652
13.040389,0.015,1768,1,4096,1766,0,314900000,-84.414040
13.058005,17.617,1769,1,4096,1767,0,315050000,-83.242973
13.058021,0.015,1770,1,4096,1768,0,315200000,-84.039635
13.058025,0.005,1771,1,4096,1769,0,315350000,-83.073708
13.072564,14.539,1772,1,4096,1770,0,315500000,-84.636284
13.072584,0.020,1773,1,4096,1771,0,315650000,-84.339531
13.089272,16.688,1774,1,4096,1772,0,315800000,-82.881920
13.089288,0.016,1775,1,4096,1773,0,315950000,-83.847450
13.104249,14.961,1776,1,4096,1774,0,316100000,-84.030663
13.104264,0.015,1777,1,4096,1775,0,316250000,-83.321510
13.121423,17.160,1778,1,4096,1776,0,316400000,-83.622200
13.121444,0.021,1779,1,4096,1777,0,316550000,-83.624596
13.138022,16.578,1780,1,4096,1778,0,316700000,-83.473228
13.138042,0.020,1781,1,4096,1779,0,316850000,-82.849648
13.152796,14.755,1782,1,4096,1780,0,317000000,-83.268364
13.152817,0.021,1783,1,4096,1781,0,317150000,-84.072853
13.152824,0.007,1784,1,4096,1782,0,317300000,-83.121239
13.167456,14.632,1785,1,4096,1783,0,317450000,-83.365318
13.167477,0.021,1786,1,4096,1784,0,317600000,-82.157494
13.185260,17.783,1787,1,4096,1785,0,317750000,-83.772896
13.185280,0.020,1788,1,4096,1786,0,317900000,-83.130714
13.199706,14.426,1789,1,4096,1787,0,318050000,-84.019737
13.199720,0.014,1790,1,4096,1788,0,318200000,-84.050987
13.217399,17.679,1791,1,4096,1789,0,318350000,-83.461769
13.217412,0.013,1792,1,4096,1790,0,318500000,-83.148903
13.231972,14.560,1793,1,4096,1791,0,318650000,-84.390739
13.231998,0.026,1794,1,4096,1792,0,318800000,-83.256813
13.248989,16.991,1795,1,4096,1793,0,318950000,-83.753273
13.249002,0.014,1796,1,4096,1794,0,319100000,-83.344109
13.249007,0.005,1797,1,4096,1795,0,319250000,-84.986839
13.263965,14.958,1798,1,4096,1796,0,319400000,-83.651558
13.263983,0.018,1799,1,4096,1797,0,319550000,-84.210274
13.281466,17.483,1800,1,4096,1798,0,319700000,-83.745705
13.281482,0.015,1801,1,4096,1799,0,319850000,-83.940269
13.296407,14.925,1802,1,4096,1800,0,320000000,-83.276405
13.296420,0.014,1803,1,4096,1801,0,320150000,-84.436333
13.313987,17.566,1804,1,4096,1802,0,320300000,-82.989098
13.314001,0.014,1805,1,4096,1803,0,320450000,-83.518288
13.328540,14.539,1806,1,4096,1804,0,320600000,-84.821312
13.328555,0.015,1807,1,4096,1805,0,320750000,-83.530556
13.343519,14.964,1808,1,4096,1806,0,320900000,-83.613609
13.343535,0.016,1809,1,4096,1807,0,321050000,-82.636818
13.343541,0.006,1810,1,4096,1808,0,321200000,-84.228493
13.360545,17.004,1811,1,4096,1809,0,321350000,-83.895027
13.360560,0.015,1812,1,4096,1810,0,321500000,-83.987297
13.378086,17.526,1813,1,4096,1811,0,321650000,-83.652901
13.378100,0.014,1814,1,4096,1812,0,321800000,-82.414070
13.392892,14.792,1815,1,4096,1813,0,321950000,-84.427345
13.392907,0.015,1816,1,4096,1814,0,322100000,-84.909691
13.410363,17.456,1817,1,4096,1815,0,322250000,-84.361229
13.410378,0.015,1818,1,4096,1816,0,322400000,-84.052528
13.425372,14.994,1819,1,4096,1817,0,322550000,-83.791039
13.425391,0.019,1820,1,4096,1818,0,322700000,-83.522408
13.439911,14.520,1821,1,4096,1819,0,322850000,-83.561501
13.439925,0.014,1822,1,4096,1820,0,323000000,-83.441872
13.439931,0.006,1823,1,4096,1821,0,323150000,-83.571281
13.457890,17.960,1824,1,4096,1822,0,323300000,-82.757240
13.457904,0.014,1825,1,4096,1823,0,323450000,-84.247337
13.472426,14.522,1826,1,4096,1824,0,323600000,-82.959114
13.472443,0.017,1827,1,4096,1825,0,323750000,-83.958885
13.487417,14.974,1828,1,4096,1826,0,323900000,-83.604164
13.487432,0.015,1829,1,4096,1827,0,324050000,-84.361824
13.504921,17.489,1830,1,4096,1828,0,324200000,-83.122658
13.504936,0.015,1831,1,4096,1829,0,324350000,-82.269920
13.522137,17.201,1832,1,4096,1830,0,324500000,-83.875938
13.522152,0.015,1833,1,4096,1831,0,324650000,-83.319008
13.537148,14.996,1834,1,4096,1832,0,324800000,-82.656746
13.537161,0.014,1835,1,4096,1833,0,324950000,-83.841743
13.537166,0.005,1836,1,4096,1834,0,325100000,-84.451576
13.551683,14.517,1837,1,4096,1835,0,325250000,-82.695229
13.551701,0.018,1838,1,4096,1836,0,325400000,-83.081779
13.569673,17.972,1839,1,4096,1837,0,325550000,-84.197075
13.569689,0.017,1840,1,4096,1838,0,325700000,-83.977623
13.584092,14.403,1841,1,4096,1839,0,325850000,-83.813545
13.584107,0.015,1842,1,4096,1840,0,326000000,-83.839729
13.601870,17.763,1843,1,4096,1841,0,326150000,-83.900398
13.601884,0.014,1844,1,4096,1842,0,326300000,-83.794975
13.616008,14.124,1845,1,4096,1843,0,326450000,-84.493813
13.616023,0.015,1846,1,4096,1844,0,326600000,-83.183357
13.633516,17.493,1847,1,4096,1845,0,326750000,-83.161034
13.633530,0.014,1848,1,4096,1846,0,326900000,-84.462837
13.633535,0.005,1849,1,4096,1847,0,327050000,-83.875465
13.648599,15.065,1850,1,4096,1848,0,327200000,-84.278160
13.648616,0.017,1851,1,4096,1849,0,327350000,-82.961021
13.663583,14.966,1852,1,4096,1850,0,327500000,-82.835899
13.663597,0.014,1853,1,4096,1851,0,327650000,-84.128242
13.681074,17.477,1854,1,4096,1852,0,327800000,-83.905922
13.681088,0.015,1855,1,4096,1853,0,327950000,-83.718697
13.695588,14.500,1856,1,4096,1854,0,328100000,-83.405006
13.695608,0.020,1857,1,4096,1855,0,328250000,-83.900002
13.713122,17.514,1858,1,4096,1856,0,328400000,-83.294899
13.713138,0.016,1859,1,4096,1857,0,328550000,-83.552238
13.730130,16.992,1860,1,4096,1858,0,328700000,-83.846779
13.730145,0.015,1861,1,4096,1859,0,328850000,-83.183159
13.730151,0.006,1862,1,4096,1860,0,329000000,-83.880592
13.744608,14.457,1863,1,4096,1861,0,329150000,-83.482384
13.744623,0.015,1864,1,4096,1862,0,329300000,-84.516731
13.759617,14.994,1865,1,4096,1863,0,329450000,-83.073097
13.759631,0.014,1866,1,4096,1864,0,329600000,-83.418465
13.777120,17.488,1867,1,4096,1865,0,329750000,-82.772575
13.777135,0.015,1868,1,4096,1866,0,329900000,-83.070595
13.791660,14.525,1869,1,4096,1867,0,330050000,-84.268593
13.791680,0.021,1870,1,4096,1868,0,330200000,-84.605507
13.809152,17.472,1871,1,4096,1869,0,330350000,-83.932167
13.809166,0.013,1872,1,4096,1870,0,330500000,-82.975517
13.824195,15.029,1873,1,4096,1871,0,330650000,-83.700081
13.824210,0.015,1874,1,4096,1872,0,330800000,-83.207375
13.824215,0.005,1875,1,4096,1873,0,330950000,-83.025276
13.841657,17.442,1876,1,4096,1874,0,331100000,-84.981651
13.841670,0.013,1877,1,4096,1875,0,331250000,-84.711937
13.856475,14.805,1878,1,4096,1876,0,331400000,-84.407295
13.856488,0.013,1879,1,4096,1877,0,331550000,-83.112511
13.873996,17.507,1880,1,4096,1878,0,331700000,-84.428658
13.874009,0.013,1881,1,4096,1879,0,331850000,-83.449806
13.888389,14.381,1882,1,4096,1880,0,332000000,-84.407097
13.888403,0.013,1883,1,4096,1881,0,332150000,-82.705650
13.906043,17.640,1884,1,4096,1882,0,332300000,-83.894402
13.906057,0.015,1885,1,4096,1883,0,332450000,-83.972618
13.920563,14.506,1886,1,4096,1884,0,332600000,-82.448799
13.920578,0.014,1887,1,4096,1885,0,332750000,-84.517616
13.920583,0.006,1888,1,4096,1886,0,332900000,-84.417015
13.938044,17.461,1889,1,4096,1887,0,333050000,-84.420311
13.938059,0.015,1890,1,4096,1888,0,333200000,-84.462395
13.952608,14.549,1891,1,4096,1889,0,333350000,-83.480049
13.952628,0.020,1892,1,4096,1890,0,333500000,-83.434319
13.967605,14.978,1893,1,4096,1891,0,333650000,-83.708824
13.967622,0.016,1894,1,4096,1892,0,333800000,-84.103004
13.985553,17.931,1895,1,4096,1893,0,333950000,-83.626945
13.985570,0.017,1896,1,4096,1894,0,334100000,-83.804726
14.001048,15.478,1897,1,4096,1895,0,334250000,-83.556496
14.001062,0.014,1898,1,4096,1896,0,334400000,-84.418877
14.015562,14.501,1899,1,4096,1897,0,334550000,-84.202034
14.015578,0.015,1900,1,4096,1898,0,334700000,-83.084465
14.015583,0.006,1901,1,4096,1899,0,334850000,-84.000343
14.033648,18.065,1902,1,4096,1900,0,335000000,-83.371498
14.033667,0.018,1903,1,4096,1901,0,335150000,-84.015221
14.047969,14.303,1904,1,4096,1902,0,335300000,-83.749458
14.047984,0.015,1905,1,4096,1903,0,335450000,-83.868843
14.065476,17.492,1906,1,4096,1904,0,335600000,-84.114754
14.065491,0.015,1907,1,4096,1905,0,335750000,-84.637108
14.082861,17.370,1908,1,4096,1906,0,335900000,-83.370583
14.082881,0.020,1909,1,4096,1907,0,336050000,-84.140434
14.095666,12.785,1910,1,4096,1908,0,336200000,-83.909172
14.095684,0.018,1911,1,4096,1909,0,336350000,-82.701454
14.113017,17.333,1912,1,4096,1910,0,336500000,-84.393654
14.113037,0.020,1913,1,4096,1911,0,336650000,-82.708275
14.113044,0.007,1914,1,4096,1912,0,336800000,-83.880348
14.127518,14.474,1915,1,4096,1913,0,336950000,-84.043419
14.127531,0.014,1916,1,4096,1914,0,337100000,-83.523735
14.144722,17.191,1917,1,4096,1915,0,337250000,-83.819206
14.144736,0.014,1918,1,4096,1916,0,337400000,-84.933891
14.159778,15.042,1919,1,4096,1917,0,337550000,-84.418983
14.159796,0.019,1920,1,4096,1918,0,337700000,-84.319893
14.176848,17.052,1921,1,4096,1919,0,337850000,-84.787682
14.176866,0.018,1922,1,4096,1920,0,338000000,-84.809471
14.191885,15.019,1923,1,4096,1921,0,338150000,-85.107140
14.191903,0.018,1924,1,4096,1922,0,338300000,-84.163719
14.209593,17.690,1925,1,4096,1923,0,338450000,-85.152977
14.209609,0.016,1926,1,4096,1924,0,338600000,-84.037880
14.209613,0.005,1927,1,4096,1925,0,338750000,-84.739861
14.224589,14.976,1928,1,4096,1926,0,338900000,-84.192375
14.224603,0.014,1929,1,4096,1927,0,339050000,-83.984215
14.241691,17.088,1930,1,4096,1928,0,339200000,-83.682106
14.241705,0.014,1931,1,4096,1929,0,339350000,-83.517937
14.256694,14.989,1932,1,4096,1930,0,339500000,-84.148247
14.256708,0.014,1933,1,4096,1931,0,339650000,-83.633507
14.271389,14.681,1934,1,4096,1932,0,339800000,-83.522514
14.271404,0.016,1935,1,4096,1933,0,339950000,-83.978951
14.289374,17.970,1936,1,4096,1934,0,340100000,-84.444313
14.289388,0.013,1937,1,4096,1935,0,340250000,-84.033318
14.303941,14.553,1938,1,4096,1936,0,340400000,-83.549904
14.303957,0.016,1939,1,4096,1937,0,340550000,-83.361580
14.303963,0.006,1940,1,4096,1938,0,340700000,-83.013954
14.322709,18.746,1941,1,4096,1939,0,340850000,-83.957573
14.322727,0.018,1942,1,4096,1940,0,341000000,-82.713310
14.336451,13.723,1943,1,4096,1941,0,341150000,-83.546196
14.336468,0.018,1944,1,4096,1942,0,341300000,-83.865578
14.351417,14.949,1945,1,4096,1943,0,341450000,-84.318260
14.351434,0.017,1946,1,4096,1944,0,341600000,-83.962074
14.368462,17.028,1947,1,4096,1945,0,341750000,-83.838524
14.368477,0.015,1948,1,4096,1946,0,341900000,-84.339134
14.386009,17.532,1949,1,4096,1947,0,342050000,-84.526497
14.386025,0.016,1950,1,4096,1948,0,342200000,-83.817848
14.386030,0.005,1951,1,4096,1949,0,342350000,-85.053886
14.401036,15.006,1952,1,4096,1950,0,342500000,-84.014397
14.401055,0.019,1953,1,4096,1951,0,342650000,-83.219398
14.415995,14.940,1954,1,4096,1952,0,342800000,-83.988670
14.416010,0.015,1955,1,4096,1953,0,342950000,-83.736687
14.433380,17.370,1956,1,4096,1954,0,343100000,-83.883949
14.433395,0.014,1957,1,4096,1955,0,343250000,-83.287193
14.448390,14.996,1958,1,4096,1956,0,343400000,-84.120766
14.448406,0.015,1959,1,4096,1957,0,343550000,-84.463615
14.463382,14.976,1960,1,4096,1958,0,343700000,-83.356117
14.463397,0.015,1961,1,4096,1959,0,343850000,-82.455605
14.480448,17.051,1962,1,4096,1960,0,344000000,-84.627632
14.480463,0.015,1963,1,4096,1961,0,344150000,-83.979973
14.480468,0.006,1964,1,4096,1962,0,344300000,-82.740547
14.495430,14.962,1965,1,4096,1963,0,344450000,-84.086662
14.495445,0.015,1966,1,4096,1964,0,344600000,-84.394722
14.512463,17.019,1967,1,4096,1965,0,344750000,-83.764565
14.512479,0.015,1968,1,4096,1966,0,344900000,-83.977272
14.527595,15.116,1969,1,4096,1967,0,345050000,-84.084801
14.527609,0.014,1970,1,4096,1968,0,345200000,-83.682243
14.544626,17.018,1971,1,4096,1969,0,345350000,-84.085060
14.544645,0.019,1972,1,4096,1970,0,345500000,-83.976280
14.559627,14.982,1973,1,4096,1971,0,345650000,-82.875359
14.559643,0.015,1974,1,4096,1972,0,345800000,-82.868965
14.577160,17.517,1975,1,4096,1973,0,345950000,-84.137367
14.577174,0.015,1976,1,4096,1974,0,346100000,-84.257942
14.577180,0.006,1977,1,4096,1975,0,346250000,-82.577721
14.592163,14.983,1978,1,4096,1976,0,346400000,-83.647011
14.592180,0.017,1979,1,4096,1977,0,346550000,-84.205009
14.608778,16.598,1980,1,4096,1978,0,346700000,-83.744347
14.608793,0.015,1981,1,4096,1979,0,346850000,-82.915474
14.625984,17.190,1982,1,4096,1980,0,347000000,-83.373726
14.625999,0.015,1983,1,4096,1981,0,347150000,-81.977074
14.640491,14.492,1984,1,4096,1982,0,347300000,-83.424507
14.640506,0.015,1985,1,4096,1983,0,347450000,-84.694359
14.655404,14.898,1986,1,4096,1984,0,347600000,-84.259315
14.655419,0.015,1987,1,4096,1985,0,347750000,-83.400169
14.672925,17.507,1988,1,4096,1986,0,347900000,-84.169518
14.672938,0.013,1989,1,4096,1987,0,348050000,-83.510628
14.672943,0.004,1990,1,4096,1988,0,348200000,-83.626564
14.687934,14.992,1991,1,4096,1989,0,348350000,-84.107292
14.687949,0.015,1992,1,4096,1990,0,348500000,-84.072395
14.705443,17.494,1993,1,4096,1991,0,348650000,-83.965965
14.705458,0.015,1994,1,4096,1992,0,348800000,-84.994255
14.719904,14.446,1995,1,4096,1993,0,348950000,-84.381096
14.719919,0.015,1996,1,4096,1994,0,349100000,-84.373833
14.737401,17.482,1997,1,4096,1995,0,349250000,-84.056435
14.737419,0.019,1998,1,4096,1996,0,349400000,-83.762306
14.752449,15.030,1999,1,4096,1997,0,349550000,-84.502495
14.752465,0.016,2000,1,4096,1998,0,349700000,-83.852776
14.769970,17.505,2001,1,4096,1999,0,349850000,-84.395668
14.769985,0.015,2002,1,4096,2000,0,350000000,-82.890907
14.769995,0.010,2003,1,4096,2001,0,350150000,-83.679832
14.784744,14.749,2004,1,4096,2002,0,350300000,-83.201149
14.784759,0.015,2005,1,4096,2003,0,350450000,-84.206596
14.799249,14.490,2006,1,4096,2004,0,350600000,-83.778847
14.799261,0.012,2007,1,4096,2005,0,350750000,-83.927711
14.816390,17.129,2008,1,4096,2006,0,350900000,-84.574684
14.816403,0.013,2009,1,4096,2007,0,351050000,-83.847206
14.833112,16.709,2010,1,4096,2008,0,351200000,-83.939278
14.833126,0.014,2011,1,4096,2009,0,351350000,-84.486519
14.848144,15.018,2012,1,4096,2010,0,351500000,-83.900627
14.848158,0.014,2013,1,4096,2011,0,351650000,-83.741127
14.865214,17.056,2014,1,4096,2012,0,351800000,-84.454948
14.865228,0.014,2015,1,4096,2013,0,351950000,-85.097237
14.865233,0.005,2016,1,4096,2014,0,352100000,-83.580986
14.879431,14.198,2017,1,4096,2015,0,352250000,-83.761147
14.879446,0.014,2018,1,4096,2016,0,352400000,-83.207878
14.897438,17.992,2019,1,4096,2017,0,352550000,-84.179527
14.897453,0.015,2020,1,4096,2018,0,352700000,-83.103279
14.912460,15.007,2021,1,4096,2019,0,352850000,-83.757378
14.912475,0.015,2022,1,4096,2020,0,353000000,-84.489052
14.927470,14.995,2023,1,4096,2021,0,353150000,-84.145348
14.927489,0.019,2024,1,4096,2022,0,353300000,-83.270378
14.944494,17.005,2025,1,4096,2023,0,353450000,-84.450706
14.944508,0.014,2026,1,4096,2024,0,353600000,-83.648689
14.961563,17.054,2027,1,4096,2025,0,353750000,-84.770378
14.961577,0.015,2028,1,4096,2026,0,353900000,-82.368523
14.961583,0.006,2029,1,4096,2027,0,354050000,-83.003441
14.976546,14.962,2030,1,4096,2028,0,354200000,-83.355736
14.976561,0.015,2031,1,4096,2029,0,354350000,-83.741478
14.993211,16.651,2032,1,4096,2030,0,354500000,-83.825478
14.993226,0.014,2033,1,4096,2031,0,354650000,-83.507057
15.008641,15.415,2034,1,4096,2032,0,354800000,-83.322395
15.008655,0.014,2035,1,4096,2033,0,354950000,-84.405800
15.023644,14.989,2036,1,4096,2034,0,355100000,-83.199944
15.023659,0.014,2037,1,4096,2035,0,355250000,-84.262291
15.040762,17.104,2038,1,4096,2036,0,355400000,-83.301033
15.040780,0.018,2039,1,4096,2037,0,355550000,-83.952751
15.055526,14.746,2040,1,4096,2038,0,355700000,-83.843880
15.055540,0.014,2041,1,4096,2039,0,355850000,-82.919151
15.055545,0.005,2042,1,4096,2040,0,356000000,-83.126549
15.073016,17.471,2043,1,4096,2041,0,356150000,-84.552086
15.073031,0.015,2044,1,4096,2042,0,356300000,-84.306267
15.087798,14.767,2045,1,4096,2043,0,356450000,-84.324104
15.087813,0.015,2046,1,4096,2044,0,356600000,-83.817894
15.105272,17.459,2047,1,4096,2045,0,356750000,-82.725166
15.105286,0.014,2048,1,4096,2046,0,356900000,-84.227715
15.119940,14.654,2049,1,4096,2047,0,357050000,-84.009651
15.119953,0.013,2050,1,4096,2048,0,357200000,-84.473137
15.137476,17.523,2051,1,4096,2049,0,357350000,-82.962090
15.137491,0.015,2052,1,4096,2050,0,357500000,-83.119713
15.137497,0.006,2053,1,4096,2051,0,357650000,-83.855568
15.151850,14.353,2054,1,4096,2052,0,357800000,-83.726036
15.151869,0.019,2055,1,4096,2053,0,357950000,-83.107872
15.169381,17.511,2056,1,4096,2054,0,358100000,-84.623436
15.169400,0.019,2057,1,4096,2055,0,358250000,-83.700569
15.184012,14.612,2058,1,4096,2056,0,358400000,-84.250771
15.184027,0.015,2059,1,4096,2057,0,358550000,-83.292564
15.201559,17.532,2060,1,4096,2058,0,358700000,-82.452721
15.201577,0.019,2061,1,4096,2059,0,358850000,-83.404243
15.215723,14.146,2062,1,4096,2060,0,359000000,-83.847038
15.215739,0.015,2063,1,4096,2061,0,359150000,-83.665718
15.233508,17.769,2064,1,4096,2062,0,359300000,-84.324699
15.233522,0.014,2065,1,4096,2063,0,359450000,-83.371071
15.233527,0.005,2066,1,4096,2064,0,359600000,-82.952492
15.248079,14.552,2067,1,4096,2065,0,359750000,-83.468025
15.248097,0.018,2068,1,4096,2066,0,359900000,-84.424660
15.265520,17.423,2069,1,4096,2067,0,360050000,-84.625450
15.265536,0.016,2070,1,4096,2068,0,360200000,-83.576683
15.280030,14.495,2071,1,4096,2069,0,360350000,-83.947243
15.280046,0.015,2072,1,4096,2070,0,360500000,-85.687050
15.297590,17.544,2073,1,4096,2071,0,360650000,-83.819801
15.297607,0.017,2074,1,4096,2072,0,360800000,-84.372566
15.312335,14.727,2075,1,4096,2073,0,360950000,-84.276405
15.312351,0.017,2076,1,4096,2074,0,361100000,-83.919090
15.327754,15.402,2077,1,4096,2075,0,361250000,-82.998436
15.327768,0.014,2078,1,4096,2076,0,361400000,-83.154549
15.327772,0.005,2079,1,4096,2077,0,361550000,-84.547737
15.345211,17.439,2080,1,4096,2078,0,361700000,-83.964455
15.345224,0.013,2081,1,4096,2079,0,361850000,-83.892876
15.359408,14.183,2082,1,4096,2080,0,362000000,-83.627693
15.359422,0.014,2083,1,4096,2081,0,362150000,-84.245262
15.376900,17.477,2084,1,4096,2082,0,362300000,-83.961891
15.376914,0.014,2085,1,4096,2083,0,362450000,-84.986168
15.391897,14.983,2086,1,4096,2084,0,362600000,-84.835381
15.391912,0.016,2087,1,4096,2085,0,362750000,-84.017708
15.409598,17.685,2088,1,4096,2086,0,362900000,-83.850197
15.409612,0.014,2089,1,4096,2087,0,363050000,-83.903526
15.424163,14.551,2090,1,4096,2088,0,363200000,-83.922813
15.424178,0.014,2091,1,4096,2089,0,363350000,-83.455406
15.424183,0.006,2092,1,4096,2090,0,363500000,-83.754906
15.441998,17.815,2093,1,4096,2091,0,363650000,-83.704582
15.442014,0.016,2094,1,4096,2092,0,363800000,-83.567116
15.456806,14.792,2095,1,4096,2093,0,363950000,-84.226402
15.456820,0.014,2096,1,4096,2094,0,364100000,-82.695076
15.471772,14.952,2097,1,4096,2095,0,364250000,-83.576881
15.471785,0.013,2098,1,4096,2096,0,364400000,-84.254219
15.489525,17.740,2099,1,4096,2097,0,364550000,-84.841255
15.489546,0.021,2100,1,4096,2098,0,364700000,-83.985191
15.504054,14.508,2101,1,4096,2099,0,364850000,-83.935570
15.504068,0.014,2102,1,4096,2100,0,365000000,-83.335030
15.522096,18.028,2103,1,4096,2101,0,365150000,-83.165459
15.522110,0.014,2104,1,4096,2102,0,365300000,-84.310814
15.522116,0.006,2105,1,4096,2103,0,365450000,-84.140450
15.536080,13.964,2106,1,4096,2104,0,365600000,-83.422142
15.536094,0.015,2107,1,4096,2105,0,365750000,-83.684639
15.553322,17.228,2108,1,4096,2106,0,365900000,-83.803474
15.553342,0.020,2109,1,4096,2107,0,366050000,-83.994362
15.567756,14.414,2110,1,4096,2108,0,366200000,-83.895149
15.567771,0.015,2111,1,4096,2109,0,366350000,-83.077370
15.585237,17.467,2112,1,4096,2110,0,366500000,-82.810890
15.585252,0.015,2113,1,4096,2111,0,366650000,-83.662788
15.599344,14.092,2114,1,4096,2112,0,366800000,-82.546715
15.599357,0.013,2115,1,4096,2113,0,366950000,-84.193153
15.616925,17.569,2116,1,4096,2114,0,367100000,-84.367546
15.616942,0.016,2117,1,4096,2115,0,367250000,-84.203560
15.616947,0.005,2118,1,4096,2116,0,367400000,-84.193718
15.631746,14.799,2119,1,4096,2117,0,367550000,-83.945610
15.631766,0.020,2120,1,4096,2118,0,367700000,-83.830498
15.648754,16.988,2121,1,4096,2119,0,367850000,-83.659920
15.648767,0.014,2122,1,4096,2120,0,368000000,-84.146904
15.663794,15.026,2123,1,4096,2121,0,368150000,-83.230110
15.663812,0.018,2124,1,4096,2122,0,368300000,-84.476189
15.680470,16.658,2125,1,4096,2123,0,368450000,-84.401268
15.680488,0.017,2126,1,4096,2124,0,368600000,-83.851158
15.698134,17.646,2127,1,4096,2125,0,368750000,-82.560905
15.698147,0.013,2128,1,4096,2126,0,368900000,-82.903648
15.712753,14.607,2129,1,4096,2127,0,369050000,-84.619987
15.712768,0.014,2130,1,4096,2128,0,369200000,-83.159538
15.712773,0.005,2131,1,4096,2129,0,369350000,-83.950600
15.727700,14.927,2132,1,4096,2130,0,369500000,-83.383156
15.727714,0.014,2133,1,4096,2131,0,369650000,-83.213478
15.745196,17.483,2134,1,4096,2132,0,369800000,-83.950783
15.745210,0.014,2135,1,4096,2133,0,369950000,-84.136879
15.760215,15.005,2136,1,4096,2134,0,370100000,-84.546074
15.760230,0.015,2137,1,4096,2135,0,370250000,-84.985252
15.775196,14.966,2138,1,4096,2136,0,370400000,-85.599846
15.775209,0.013,2139,1,4096,2137,0,370550000,-84.140205
15.793048,17.839,2140,1,4096,2138,0,370700000,-83.059029
15.793060,0.013,2141,1,4096,2139,0,370850000,-83.534157
15.793064,0.004,2142,1,4096,2140,0,371000000,-83.332603
15.808043,14.979,2143,1,4096,2141,0,371150000,-83.873131
15.808056,0.013,2144,1,4096,2142,0,371300000,-83.480736
15.824888,16.832,2145,1,4096,2143,0,371450000,-83.507118
15.824904,0.016,2146,1,4096,2144,0,371600000,-83.319923
15.839890,14.986,2147,1,4096,2145,0,371750000,-84.756676
15.839905,0.015,2148,1,4096,2146,0,371900000,-84.309303
15.857077,17.172,2149,1,4096,2147,0,372050000,-83.662636
15.857094,0.017,2150,1,4096,2148,0,372200000,-83.773842
15.872003,14.909,2151,1,4096,2149,0,372350000,-84.593391
15.872018,0.015,2152,1,4096,2150,0,372500000,-84.934349
15.889311,17.293,2153,1,4096,2151,0,372650000,-83.877388
15.889325,0.013,2154,1,4096,2152,0,372800000,-83.867317
15.889329,0.005,2155,1,4096,2153,0,372950000,-83.101540
15.904336,15.007,2156,1,4096,2154,0,373100000,-84.593803
15.904351,0.015,2157,1,4096,2155,0,373250000,-84.272652
15.921476,17.125,2158,1,4096,2156,0,373400000,-83.916939
15.921487,0.011,2159,1,4096,2157,0,373550000,-82.989738
15.936484,14.998,2160,1,4096,2158,0,373700000,-83.266777
15.936497,0.012,2161,1,4096,2159,0,373850000,-84.586449
15.953834,17.337,2162,1,4096,2160,0,374000000,-82.930611
15.953847,0.013,2163,1,4096,2161,0,374150000,-85.160713
15.968828,14.981,2164,1,4096,2162,0,374300000,-83.101814
15.968842,0.013,2165,1,4096,2163,0,374450000,-82.992912
15.983281,14.439,2166,1,4096,2164,0,374600000,-84.865944
15.983294,0.013,2167,1,4096,2165,0,374750000,-83.523979
15.983298,0.005,2168,1,4096,2166,0,374900000,-83.567436
16.001245,17.947,2169,1,4096,2167,0,375050000,-83.797615
16.001258,0.013,2170,1,4096,2168,0,375200000,-83.936058
16.017964,16.706,2171,1,4096,2169,0,375350000,-83.830925
16.017977,0.013,2172,1,4096,2170,0,375500000,-83.064903
16.032548,14.571,2173,1,4096,2171,0,375650000,-84.498238
16.032570,0.022,2174,1,4096,2172,0,375800000,-83.743965
16.049716,17.146,2175,1,4096,2173,0,375950000,-83.932472
16.049742,0.026,2176,1,4096,2174,0,376100000,-83.526329
16.064637,14.895,2177,1,4096,2175,0,376250000,-84.104103
16.064650,0.014,2178,1,4096,2176,0,376400000,-82.547600
16.079381,14.731,2179,1,4096,2177,0,376550000,-83.345985
16.079395,0.013,2180,1,4096,2178,0,376700000,-83.547096
16.079400,0.005,2181,1,4096,2179,0,376850000,-84.610664
16.096904,17.504,2182,1,4096,2180,0,377000000,-83.587456
16.096917,0.013,2183,1,4096,2181,0,377150000,-85.173592
16.112048,15.131,2184,1,4096,2182,0,377300000,-83.794777
16.112067,0.019,2185,1,4096,2183,0,377450000,-83.949867
16.129931,17.864,2186,1,4096,2184,0,377600000,-84.599281
16.129946,0.015,2187,1,4096,2185,0,377750000,-83.453636
16.144205,14.259,2188,1,4096,2186,0,377900000,-83.537422
16.144219,0.014,2189,1,4096,2187,0,378050000,-83.978600
16.161736,17.516,2190,1,4096,2188,0,378200000,-84.298286
16.161751,0.015,2191,1,4096,2189,0,378350000,-83.743156
16.161757,0.006,2192,1,4096,2190,0,378500000,-85.024818
16.176217,14.460,2193,1,4096,2191,0,378650000,-84.175392
16.176232,0.016,2194,1,4096,2192,0,378800000,-82.810097
16.193824,17.592,2195,1,4096,2193,0,378950000,-83.222572
16.193838,0.014,2196,1,4096,2194,0,379100000,-84.138817
16.208334,14.496,2197,1,4096,2195,0,379250000,-82.987480
16.208349,0.014,2198,1,4096,2196,0,379400000,-83.821556
16.225508,17.160,2199,1,4096,2197,0,379550000,-84.252831
16.225523,0.015,2200,1,4096,2198,0,379700000,-84.575890
16.239533,14.010,2201,1,4096,2199,0,379850000,-83.778603
16.239552,0.019,2202,1,4096,2200,0,380000000,-84.020714
16.257510,17.958,2203,1,4096,2201,0,380150000,-83.609108
16.257525,0.015,2204,1,4096,2202,0,380300000,-82.637688
16.257531,0.006,2205,1,4096,2203,0,380450000,-84.012169
16.271996,14.466,2206,1,4096,2204,0,380600000,-82.570930
16.272011,0.015,2207,1,4096,2205,0,380750000,-84.517769
16.289884,17.872,2208,1,4096,2206,0,380900000,-83.707222
16.289899,0.016,2209,1,4096,2207,0,381050000,-83.685707
16.305114,15.215,2210,1,4096,2208,0,381200000,-84.049553
16.305129,0.014,2211,1,4096,2209,0,381350000,-84.017082
16.320103,14.974,2212,1,4096,2210,0,381500000,-83.359505
16.320117,0.014,2213,1,4096,2211,0,381650000,-83.588860
16.337634,17.517,2214,1,4096,2212,0,381800000,-84.787498
16.337651,0.017,2215,1,4096,2213,0,381950000,-82.801399
16.352680,15.029,2216,1,4096,2214,0,382100000,-83.973763
16.352698,0.018,2217,1,4096,2215,0,382250000,-84.389503
16.352704,0.005,2218,1,4096,2216,0,382400000,-84.007133
16.367185,14.481,2219,1,4096,2217,0,382550000,-83.718102
16.367205,0.020,2220,1,4096,2218,0,382700000,-83.743752
16.385151,17.945,2221,1,4096,2219,0,382850000,-83.683571
16.385166,0.015,2222,1,4096,2220,0,383000000,-83.746086
16.400139,14.973,2223,1,4096,2221,0,383150000,-83.780342
16.400154,0.015,2224,1,4096,2222,0,383300000,-83.551949
16.415107,14.953,2225,1,4096,2223,0,383450000,-83.913826
16.415121,0.014,2226,1,4096,2224,0,383600000,-82.890221
16.432632,17.511,2227,1,4096,2225,0,383750000,-83.485924
16.432651,0.018,2228,1,4096,2226,0,383900000,-83.984062
16.447660,15.009,2229,1,4096,2227,0,384050000,-83.763802
16.447675,0.014,2230,1,4096,2228,0,384200000,-83.711205
16.447680,0.006,2231,1,4096,2229,0,384350000,-84.103142
16.465135,17.455,2232,1,4096,2230,0,384500000,-84.440392
16.465149,0.014,2233,1,4096,2231,0,384650000,-83.107048
16.479624,14.475,2234,1,4096,2232,0,384800000,-83.600594
16.479637,0.013,2235,1,4096,2233,0,384950000,-83.601433
16.497194,17.557,2236,1,4096,2234,0,385100000,-83.407341
16.497212,0.018,2237,1,4096,2235,0,385250000,-83.119347
16.511649,14.436,2238,1,4096,2236,0,385400000,-83.163322
16.511663,0.014,2239,1,4096,2237,0,385550000,-83.724403
16.529222,17.559,2240,1,4096,2238,0,385700000,-84.068626
16.529236,0.015,2241,1,4096,2239,0,385850000,-83.266319
16.529242,0.006,2242,1,4096,2240,0,386000000,-83.264900
16.544253,15.011,2243,1,4096,2241,0,386150000,-83.092888
16.544269,0.016,2244,1,4096,2242,0,386300000,-83.892876
16.561592,17.323,2245,1,4096,2243,0,386450000,-84.701149
16.561605,0.013,2246,1,4096,2244,0,386600000,-83.018852
16.576689,15.084,2247,1,4096,2245,0,386750000,-84.620125
16.576703,0.014,2248,1,4096,2246,0,386900000,-83.713188
16.591281,14.578,2249,1,4096,2247,0,387050000,-84.510063
16.591296,0.014,2250,1,4096,2248,0,387200000,-83.845619
16.609159,17.864,2251,1,4096,2249,0,387350000,-83.539742
16.609174,0.015,2252,1,4096,2250,0,387500000,-84.520226
16.624167,14.993,2253,1,4096,2251,0,387650000,-83.196571
16.624181,0.014,2254,1,4096,2252,0,387800000,-83.374916
16.624186,0.005,2255,1,4096,2253,0,387950000,-83.564552
16.641330,17.145,2256,1,4096,2254,0,388100000,-83.867531
16.641345,0.015,2257,1,4096,2255,0,388250000,-85.321266
16.655599,14.254,2258,1,4096,2256,0,388400000,-83.833336
16.655614,0.015,2259,1,4096,2257,0,388550000,-84.207832
16.673317,17.703,2260,1,4096,2258,0,388700000,-83.928902
16.673331,0.014,2261,1,4096,2259,0,388850000,-84.924080
16.687827,14.496,2262,1,4096,2260,0,389000000,-83.338188
16.687840,0.013,2263,1,4096,2261,0,389150000,-83.525459
16.705464,17.624,2264,1,4096,2262,0,389300000,-84.643974
16.705478,0.015,2265,1,4096,2263,0,389450000,-84.505074
16.719791,14.312,2266,1,4096,2264,0,389600000,-83.695656
16.719805,0.014,2267,1,4096,2265,0,389750000,-84.703346
16.719810,0.005,2268,1,4096,2266,0,389900000,-84.425499
16.737796,17.985,2269,1,4096,2267,0,390050000,-84.073372
16.737811,0.016,2270,1,4096,2268,0,390200000,-83.444557
16.752764,14.952,2271,1,4096,2269,0,390350000,-83.887886
16.752780,0.017,2272,1,4096,2270,0,390500000,-84.154640
16.767621,14.840,2273,1,4096,2271,0,390650000,-83.473152
16.767634,0.014,2274,1,4096,2272,0,390800000,-84.777443
16.785104,17.470,2275,1,4096,2273,0,390950000,-83.231606
16.785120,0.015,2276,1,4096,2274,0,391100000,-84.828697
16.800136,15.017,2277,1,4096,2275,0,391250000,-84.618401
16.800156,0.020,2278,1,4096,2276,0,391400000,-83.965736
16.800162,0.006,2279,1,4096,2277,0,391550000,-83.789314
16.817508,17.346,2280,1,4096,2278,0,391700000,-84.291908
16.817522,0.014,2281,1,4096,2279,0,391850000,-84.274620
16.832034,14.511,2282,1,4096,2280,0,392000000,-84.116890
16.832049,0.015,2283,1,4096,2281,0,392150000,-84.242134
16.850024,17.975,2284,1,4096,2282,0,392300000,-83.077415
16.850038,0.014,2285,1,4096,2283,0,392450000,-84.146339
16.864543,14.505,2286,1,4096,2284,0,392600000,-83.762657
16.864557,0.014,2287,1,4096,2285,0,392750000,-82.917595
16.879576,15.019,2288,1,4096,2286,0,392900000,-83.892708
16.879591,0.015,2289,1,4096,2287,0,393050000,-83.326439
16.896919,17.328,2290,1,4096,2288,0,393200000,-84.815041
16.896933,0.013,2291,1,4096,2289,0,393350000,-84.220879
16.896938,0.005,2292,1,4096,2290,0,393500000,-82.841652
16.911428,14.491,2293,1,4096,2291,0,393650000,-83.787163
16.911447,0.019,2294,1,4096,2292,0,393800000,-84.184471
16.928194,16.747,2295,1,4096,2293,0,393950000,-84.258690
16.928208,0.014,2296,1,4096,2294,0,394100000,-84.908440
16.945695,17.487,2297,1,4096,2295,0,394250000,-84.444649
16.945709,0.014,2298,1,4096,2296,0,394400000,-83.087685
16.960370,14.661,2299,1,4096,2297,0,394550000,-84.413246
16.960384,0.014,2300,1,4096,2298,0,394700000,-83.816368
16.975375,14.991,2301,1,4096,2299,0,394850000,-84.628502
16.975389,0.014,2302,1,4096,2300,0,395000000,-83.946129
16.992920,17.531,2303,1,4096,2301,0,395150000,-84.150276
16.992939,0.020,2304,1,4096,2302,0,395300000,-83.237587
16.992945,0.006,2305,1,4096,2303,0,395450000,-84.275352
17.007932,14.987,2306,1,4096,2304,0,395600000,-84.237709
17.007946,0.013,2307,1,4096,2305,0,395750000,-83.773476
17.025157,17.212,2308,1,4096,2306,0,395900000,-82.833290
17.025172,0.015,2309,1,4096,2307,0,396050000,-84.727119
17.039667,14.495,2310,1,4096,2308,0,396200000,-84.005775
17.039680,0.014,2311,1,4096,2309,0,396350000,-83.723320
17.057664,17.984,2312,1,4096,2310,0,396500000,-84.222633
17.057677,0.013,2313,1,4096,2311,0,396650000,-83.694191
17.072694,15.018,2314,1,4096,2312,0,396800000,-83.346916
17.072711,0.017,2315,1,4096,2313,0,396950000,-83.718178
17.087246,14.535,2316,1,4096,2314,0,397100000,-83.374352
17.087259,0.013,2317,1,4096,2315,0,397250000,-84.024879
17.087264,0.005,2318,1,4096,2316,0,397400000,-84.049416
17.105199,17.935,2319,1,4096,2317,0,397550000,-83.789330
17.105213,0.015,2320,1,4096,2318,0,397700000,-83.494118
17.119218,14.005,2321,1,4096,2319,0,397850000,-84.425102
17.119233,0.014,2322,1,4096,2320,0,398000000,-83.573586
17.136715,17.483,2323,1,4096,2321,0,398150000,-84.061073
17.136730,0.015,2324,1,4096,2322,0,398300000,-83.501030
17.151719,14.989,2325,1,4096,2323,0,398450000,-83.355507
17.151733,0.014,2326,1,4096,2324,0,398600000,-82.985847
17.169747,18.014,2327,1,4096,2325,0,398750000,-83.976418
17.169762,0.015,2328,1,4096,2326,0,398900000,-83.099419
17.169768,0.006,2329,1,4096,2327,0,399050000,-84.866661
17.184226,14.458,2330,1,4096,2328,0,399200000,-83.971336
17.184240,0.013,2331,1,4096,2329,0,399350000,-82.728065
17.199245,15.005,2332,1,4096,2330,0,399500000,-83.588921
17.199259,0.014,2333,1,4096,2331,0,399650000,-84.058296
17.217080,17.821,2334,1,4096,2332,0,399800000,-84.087852
17.217094,0.014,2335,1,4096,2333,0,399950000,-84.235542
17.231587,14.493,2336,1,4096,2334,0,400100000,-84.322975
17.231602,0.015,2337,1,4096,2335,0,400250000,-82.833290
17.247030,15.428,2338,1,4096,2336,0,400400000,-83.163124
17.247044,0.014,2339,1,4096,2337,0,400550000,-83.871346
17.264216,17.172,2340,1,4096,2338,0,400700000,-82.512794
17.264231,0.015,2341,1,4096,2339,0,400850000,-83.610680
17.264237,0.006,2342,1,4096,2340,0,401000000,-83.250481
17.279202,14.964,2343,1,4096,2341,0,401150000,-83.812355
17.279217,0.016,2344,1,4096,2342,0,401300000,-84.000069
17.296705,17.488,2345,1,4096,2343,0,401450000,-83.753838
17.296720,0.015,2346,1,4096,2344,0,401600000,-83.411232
17.311710,14.990,2347,1,4096,2345,0,401750000,-84.003273
17.311724,0.014,2348,1,4096,2346,0,401900000,-84.540077
17.329723,17.999,2349,1,4096,2347,0,402050000,-84.293114
17.329737,0.014,2350,1,4096,2348,0,402200000,-84.622398
17.344264,14.527,2351,1,4096,2349,0,402350000,-83.933891
17.344278,0.014,2352,1,4096,2350,0,402500000,-83.375877
17.361399,17.122,2353,1,4096,2351,0,402650000,-83.655052
17.361414,0.014,2354,1,4096,2352,0,402800000,-83.563362
17.361424,0.010,2355,1,4096,2353,0,402950000,-83.693932
17.375151,13.727,2356,1,4096,2354,0,403100000,-83.795906
17.375164,0.013,2357,1,4096,2355,0,403250000,-83.176598
17.392685,17.521,2358,1,4096,2356,0,403400000,-83.542747
17.392701,0.016,2359,1,4096,2357,0,403550000,-83.642113
17.407689,14.989,2360,1,4096,2358,0,403700000,-83.822243
17.407702,0.013,2361,1,4096,2359,0,403850000,-83.381371
17.424528,16.826,2362,1,4096,2360,0,404000000,-85.057411
17.424543,0.015,2363,1,4096,2361,0,404150000,-83.137199
17.439475,14.932,2364,1,4096,2362,0,404300000,-83.573021
17.439491,0.015,2365,1,4096,2363,0,404450000,-83.542091
17.439496,0.006,2366,1,4096,2364,0,404600000,-83.569069
17.456525,17.029,2367,1,4096,2365,0,404750000,-83.949074
17.456539,0.013,2368,1,4096,2366,0,404900000,-83.140770
17.471531,14.993,2369,1,4096,2367,0,405050000,-83.530693
17.471545,0.013,2370,1,4096,2368,0,405200000,-82.833260
17.489550,18.005,2371,1,4096,2369,0,405350000,-84.946663
17.489565,0.015,2372,1,4096,2370,0,405500000,-83.654808
17.504540,14.975,2373,1,4096,2371,0,405650000,-84.185905
17.504554,0.014,2374,1,4096,2372,0,405800000,-84.087608
17.519546,14.992,2375,1,4096,2373,0,405950000,-83.183876
17.519560,0.014,2376,1,4096,2374,0,406100000,-83.959679
17.536130,16.571,2377,1,4096,2375,0,406250000,-85.040184
17.536145,0.015,2378,1,4096,2376,0,406400000,-82.965523
17.536151,0.006,2379,1,4096,2377,0,406550000,-83.992180
17.553980,17.829,2380,1,4096,2378,0,406700000,-84.186378
17.553994,0.014,2381,1,4096,2379,0,406850000,-83.661842
17.568526,14.532,2382,1,4096,2380,0,407000000,-83.800087
17.568540,0.015,2383,1,4096,2381,0,407150000,-82.926231
17.585728,17.188,2384,1,4096,2382,0,407300000,-83.808937
17.585742,0.014,2385,1,4096,2383,0,407450000,-83.782387
17.600721,14.979,2386,1,4096,2384,0,407600000,-83.756935
17.600736,0.015,2387,1,4096,2385,0,407750000,-83.350899
17.615793,15.057,2388,1,4096,2386,0,407900000,-83.823860
17.615808,0.014,2389,1,4096,2387,0,408050000,-84.394661
17.632421,16.613,2390,1,4096,2388,0,408200000,-83.646996
17.632439,0.018,2391,1,4096,2389,0,408350000,-84.493553
17.632444,0.006,2392,1,4096,2390,0,408500000,-84.726357
17.649907,17.462,2393,1,4096,2391,0,408650000,-83.796867
17.649922,0.015,2394,1,4096,2392,0,408800000,-84.294014
17.664408,14.486,2395,1,4096,2393,0,408950000,-83.609993
17.664422,0.013,2396,1,4096,2394,0,409100000,-83.842751
17.681919,17.497,2397,1,4096,2395,0,409250000,-83.353264
17.681933,0.015,2398,1,4096,2396,0,409400000,-83.048332
17.696420,14.487,2399,1,4096,2397,0,409550000,-85.299538
17.696434,0.014,2400,1,4096,2398,0,409700000,-83.091835
17.713521,17.087,2401,1,4096,2399,0,409850000,-83.858467
17.713537,0.017,2402,1,4096,2400,0,410000000,-82.924065
17.713547,0.010,2403,1,4096,2401,0,410150000,-84.443871
17.728360,14.812,2404,1,4096,2402,0,410300000,-83.501930
17.728373,0.014,2405,1,4096,2403,0,410450000,-85.027443
17.743379,15.006,2406,1,4096,2404,0,410600000,-84.313210
17.743395,0.015,2407,1,4096,2405,0,410750000,-84.690971
17.761360,17.965,2408,1,4096,2406,0,410900000,-84.208138
17.761373,0.014,2409,1,4096,2407,0,411050000,-84.188957
17.776366,14.993,2410,1,4096,2408,0,411200000,-86.060844
17.776380,0.013,2411,1,4096,2409,0,411350000,-82.853020
17.791383,15.003,2412,1,4096,2410,0,411500000,-84.232567
17.791397,0.014,2413,1,4096,2411,0,411650000,-84.008995
17.808916,17.519,2414,1,4096,2412,0,411800000,-83.951256
17.808930,0.014,2415,1,4096,2413,0,411950000,-83.987389
17.808934,0.004,2416,1,4096,2414,0,412100000,-84.884315
17.823917,14.983,2417,1,4096,2415,0,412250000,-83.280922
17.823931,0.014,2418,1,4096,2416,0,412400000,-84.748451
17.840779,16.847,2419,1,4096,2417,0,412550000,-83.479897
17.840794,0.016,2420,1,4096,2418,0,412700000,-84.014641
17.855787,14.993,2421,1,4096,2419,0,412850000,-83.722908
17.855802,0.015,2422,1,4096,2420,0,413000000,-83.581062
17.873335,17.533,2423,1,4096,2421,0,413150000,-83.498619
17.873351,0.016,2424,1,4096,2422,0,413300000,-83.656670
17.888300,14.950,2425,1,4096,2423,0,413450000,-84.318703
17.888314,0.013,2426,1,4096,2424,0,413600000,-83.954491
17.905844,17.531,2427,1,4096,2425,0,413750000,-84.111702
17.905860,0.016,2428,1,4096,2426,0,413900000,-83.652092
17.905866,0.006,2429,1,4096,2427,0,414050000,-84.800316
17.920309,14.443,2430,1,4096,2428,0,414200000,-82.616600
17.920321,0.013,2431,1,4096,2429,0,414350000,-83.593697
17.937810,17.488,2432,1,4096,2430,0,414500000,-83.558464
17.937825,0.015,2433,1,4096,2431,0,414650000,-84.008034
17.952096,14.271,2434,1,4096,2432,0,414800000,-83.957268
17.952110,0.014,2435,1,4096,2433,0,414950000,-84.196724
17.969506,17.397,2436,1,4096,2434,0,415100000,-84.473045
17.969520,0.014,2437,1,4096,2435,0,415250000,-83.229820
17.983868,14.348,2438,1,4096,2436,0,415400000,-82.936226
17.983884,0.016,2439,1,4096,2437,0,415550000,-83.307137
17.983894,0.010,2440,1,4096,2438,0,415700000,-84.283669
18.001049,17.155,2441,1,4096,2439,0,415850000,-84.110390
18.001062,0.013,2442,1,4096,2440,0,416000000,-82.835869
18.016045,14.984,2443,1,4096,2441,0,416150000,-83.912270
18.016059,0.014,2444,1,4096,2442,0,416300000,-83.851082
18.031534,15.475,2445,1,4096,2443,0,416450000,-85.060371
18.031549,0.015,2446,1,4096,2444,0,416600000,-84.296700
18.049556,18.007,2447,1,4096,2445,0,416750000,-83.857018
18.049572,0.016,2448,1,4096,2446,0,416900000,-84.306267
18.064548,14.975,2449,1,4096,2447,0,417050000,-84.694695
18.064563,0.015,2450,1,4096,2448,0,417200000,-84.125862
18.081741,17.178,2451,1,4096,2449,0,417350000,-84.288963
18.081756,0.015,2452,1,4096,2450,0,417500000,-84.812340
18.081762,0.006,2453,1,4096,2451,0,417650000,-82.835945
18.096723,14.961,2454,1,4096,2452,0,417800000,-83.236916
18.096737,0.014,2455,1,4096,2453,0,417950000,-84.422630
18.111234,14.497,2456,1,4096,2454,0,418100000,-84.422890
18.111256,0.022,2457,1,4096,2455,0,418250000,-83.899483
18.129253,17.997,2458,1,4096,2456,0,418400000,-84.279884
18.129267,0.015,2459,1,4096,2457,0,418550000,-83.558311
18.143474,14.207,2460,1,4096,2458,0,418700000,-83.584816
18.143489,0.015,2461,1,4096,2459,0,418850000,-83.702538
18.161473,17.984,2462,1,4096,2460,0,419000000,-84.278236
18.161488,0.015,2463,1,4096,2461,0,419150000,-83.443199
18.175989,14.501,2464,1,4096,2462,0,419300000,-83.562447
18.176002,0.013,2465,1,4096,2463,0,419450000,-83.310005
18.176006,0.004,2466,1,4096,2464,0,419600000,-84.291954
18.193573,17.567,2467,1,4096,2465,0,419750000,-83.408913
18.193587,0.014,2468,1,4096,2466,0,419900000,-84.630928
18.208083,14.495,2469,1,4096,2467,0,420050000,-85.099464
18.208096,0.013,2470,1,4096,2468,0,420200000,-83.355904
18.225735,17.639,2471,1,4096,2469,0,420350000,-83.303825
18.225749,0.015,2472,1,4096,2470,0,420500000,-83.065865
18.240055,14.305,2473,1,4096,2471,0,420650000,-84.787849
18.240069,0.015,2474,1,4096,2472,0,420800000,-84.129128
18.255058,14.989,2475,1,4096,2473,0,420950000,-83.595024
18.255072,0.014,2476,1,4096,2474,0,421100000,-84.510338
18.272248,17.176,2477,1,4096,2475,0,421250000,-84.586769
18.272263,0.015,2478,1,4096,2476,0,421400000,-83.317589
18.272269,0.006,2479,1,4096,2477,0,421550000,-82.907921
18.287232,14.963,2480,1,4096,2478,0,421700000,-83.610985
18.287245,0.013,2481,1,4096,2479,0,421850000,-84.322289
18.305243,17.998,2482,1,4096,2480,0,422000000,-83.096001
18.305258,0.015,2483,1,4096,2481,0,422150000,-83.090858
18.319759,14.501,2484,1,4096,2482,0,422300000,-84.952156
18.319774,0.015,2485,1,4096,2483,0,422450000,-84.548622
18.337261,17.487,2486,1,4096,2484,0,422600000,-83.667961
18.337276,0.015,2487,1,4096,2485,0,422750000,-84.237648
18.352268,14.992,2488,1,4096,2486,0,422900000,-83.292305
18.352281,0.013,2489,1,4096,2487,0,423050000,-83.785164
18.352285,0.004,2490,1,4096,2488,0,423200000,-84.334145
18.369819,17.534,2491,1,4096,2489,0,423350000,-84.252769
18.369833,0.014,2492,1,4096,2490,0,423500000,-84.264549
18.384137,14.304,2493,1,4096,2491,0,423650000,-83.413689
18.384158,0.021,2494,1,4096,2492,0,423800000,-83.878853
18.400557,16.399,2495,1,4096,2493,0,423950000,-83.343559
18.400570,0.014,2496,1,4096,2494,0,424100000,-84.631172
18.415594,15.024,2497,1,4096,2495,0,424250000,-83.672112
18.415610,0.016,2498,1,4096,2496,0,424400000,-84.040321
18.432599,16.988,2499,1,4096,2497,0,424550000,-84.352333
18.432615,0.017,2500,1,4096,2498,0,424700000,-82.765450
18.447248,14.633,2501,1,4096,2499,0,424850000,-84.683296
18.447269,0.021,2502,1,4096,2500,0,425000000,-82.733253
18.447275,0.006,2503,1,4096,2501,0,425150000,-83.935341
18.464925,17.650,2504,1,4096,2502,0,425300000,-85.554909
18.464939,0.014,2505,1,4096,2503,0,425450000,-83.848793
18.479928,14.989,2506,1,4096,2504,0,425600000,-83.929344
18.479942,0.014,2507,1,4096,2505,0,425750000,-84.024345
18.497441,17.499,2508,1,4096,2506,0,425900000,-84.319160
18.497456,0.015,2509,1,4096,2507,0,426050000,-82.439903
18.512445,14.989,2510,1,4096,2508,0,426200000,-83.058800
18.512461,0.015,2511,1,4096,2509,0,426350000,-82.040215
18.527002,14.542,2512,1,4096,2510,0,426500000,-84.240135
18.527018,0.015,2513,1,4096,2511,0,426650000,-83.859459
18.527023,0.006,2514,1,4096,2512,0,426800000,-84.398872
18.544962,17.939,2515,1,4096,2513,0,426950000,-83.189705
18.544977,0.015,2516,1,4096,2514,0,427100000,-83.408302
18.559293,14.316,2517,1,4096,2515,0,427250000,-83.868446
18.559311,0.018,2518,1,4096,2516,0,427400000,-82.871620
18.577298,17.988,2519,1,4096,2517,0,427550000,-84.443001
18.577313,0.015,2520,1,4096,2518,0,427700000,-83.239586
18.592309,14.996,2521,1,4096,2519,0,427850000,-83.500282
18.592323,0.014,2522,1,4096,2520,0,428000000,-83.025581
18.606965,14.641,2523,1,4096,2521,0,428150000,-84.463829
18.606980,0.016,2524,1,4096,2522,0,428300000,-84.506203
18.623921,16.940,2525,1,4096,2523,0,428450000,-83.815529
18.623937,0.016,2526,1,4096,2524,0,428600000,-84.452995
18.623943,0.006,2527,1,4096,2525,0,428750000,-82.940590
18.640607,16.665,2528,1,4096,2526,0,428900000,-84.639183
18.640621,0.014,2529,1,4096,2527,0,429050000,-83.982170
18.655246,14.624,2530,1,4096,2528,0,429200000,-83.511299
18.655260,0.014,2531,1,4096,2529,0,429350000,-85.051292
18.672590,17.330,2532,1,4096,2530,0,429500000,-83.610329
18.672606,0.017,2533,1,4096,2531,0,429650000,-83.805367
18.687387,14.781,2534,1,4096,2532,0,429800000,-84.353127
18.687399,0.013,2535,1,4096,2533,0,429950000,-83.765297
18.705406,18.006,2536,1,4096,2534,0,430100000,-83.244164
18.705420,0.014,2537,1,4096,2535,0,430250000,-85.758919
18.720268,14.848,2538,1,4096,2536,0,430400000,-84.373375
18.720283,0.015,2539,1,4096,2537,0,430550000,-83.421074
18.720289,0.006,2540,1,4096,2538,0,430700000,-83.570839
18.735419,15.130,2541,1,4096,2539,0,430850000,-83.312126
18.735433,0.015,2542,1,4096,2540,0,431000000,-85.648643
18.753466,18.033,2543,1,4096,2541,0,431150000,-82.320351
18.753483,0.016,2544,1,4096,2542,0,431300000,-84.385017
18.767506,14.023,2545,1,4096,2543,0,431450000,-83.169380
18.767519,0.013,2546,1,4096,2544,0,431600000,-84.700081
18.785509,17.989,2547,1,4096,2545,0,431750000,-83.093208
18.785524,0.015,2548,1,4096,2546,0,431900000,-83.600838
18.799919,14.396,2549,1,4096,2547,0,432050000,-83.623055
18.799934,0.014,2550,1,4096,2548,0,432200000,-84.517204
18.799939,0.005,2551,1,4096,2549,0,432350000,-83.707527
18.814902,14.963,2552,1,4096,2550,0,432500000,-84.898445
18.814918,0.016,2553,1,4096,2551,0,432650000,-83.347145
18.832419,17.501,2554,1,4096,2552,0,432800000,-83.999489
18.832435,0.016,2555,1,4096,2553,0,432950000,-84.200340
18.847417,14.982,2556,1,4096,2554,0,433100000,-82.924568
18.847431,0.014,2557,1,4096,2555,0,433250000,-83.210274
18.864441,17.010,2558,1,4096,2556,0,433400000,-84.286720
18.864461,0.020,2559,1,4096,2557,0,433550000,-84.014915
18.879439,14.978,2560,1,4096,2558,0,433700000,-83.651039
18.879458,0.018,2561,1,4096,2559,0,433850000,-82.948357
18.896470,17.013,2562,1,4096,2560,0,434000000,-84.843193
18.896487,0.017,2563,1,4096,2561,0,434150000,-83.611168
18.896492,0.005,2564,1,4096,2562,0,434300000,-83.005760
18.911464,14.972,2565,1,4096,2563,0,434450000,-82.576622
18.911478,0.014,2566,1,4096,2564,0,434600000,-83.828423
18.928470,16.992,2567,1,4096,2565,0,434750000,-83.424217
18.928484,0.013,2568,1,4096,2566,0,434900000,-83.353523
18.945854,17.370,2569,1,4096,2567,0,435050000,-84.351860
18.945870,0.016,2570,1,4096,2568,0,435200000,-83.515572
18.960360,14.490,2571,1,4096,2569,0,435350000,-84.477455
18.960375,0.015,2572,1,4096,2570,0,435500000,-83.413948
18.975386,15.012,2573,1,4096,2571,0,435650000,-84.145576
18.975401,0.014,2574,1,4096,2572,0,435800000,-85.079277
18.975407,0.006,2575,1,4096,2573,0,435950000,-84.817680
18.992416,17.009,2576,1,4096,2574,0,436100000,-83.672173
18.992436,0.020,2577,1,4096,2575,0,436250000,-84.545433
19.007377,14.941,2578,1,4096,2576,0,436400000,-84.004646
19.007391,0.014,2579,1,4096,2577,0,436550000,-84.179024
19.024857,17.467,2580,1,4096,2578,0,436700000,-83.485710
19.024870,0.013,2581,1,4096,2579,0,436850000,-84.361061
19.039879,15.009,2582,1,4096,2580,0,437000000,-83.627739
19.039893,0.014,2583,1,4096,2581,0,437150000,-84.128105
19.054918,15.025,2584,1,4096,2582,0,437300000,-84.734367
19.054938,0.020,2585,1,4096,2583,0,437450000,-84.523872
19.071898,16.961,2586,1,4096,2584,0,437600000,-83.235420
19.071911,0.013,2587,1,4096,2585,0,437750000,-83.775764
19.071916,0.005,2588,1,4096,2586,0,437900000,-84.371162
19.086936,15.020,2589,1,4096,2587,0,438050000,-83.429939
19.086952,0.016,2590,1,4096,2588,0,438200000,-83.334953
19.103932,16.980,2591,1,4096,2589,0,438350000,-83.827843
19.103947,0.015,2592,1,4096,2590,0,438500000,-82.669044
19.118927,14.980,2593,1,4096,2591,0,438650000,-84.650154
19.118942,0.015,2594,1,4096,2592,0,438800000,-83.810036
19.135910,16.968,2595,1,4096,2593,0,438950000,-84.778557
19.135923,0.013,2596,1,4096,2594,0,439100000,-83.772758
19.151012,15.089,2597,1,4096,2595,0,439250000,-84.154182
19.151027,0.015,2598,1,4096,2596,0,439400000,-83.667564
19.151032,0.006,2599,1,4096,2597,0,439550000,-83.694038
19.167366,16.334,2600,1,4096,2598,0,439700000,-84.258553
19.167378,0.012,2601,1,4096,2599,0,439850000,-83.791298
19.184356,16.977,2602,1,4096,2600,0,440000000,-85.205711
19.184371,0.015,2603,1,4096,2601,0,440150000,-83.605339
19.199284,14.913,2604,1,4096,2602,0,440300000,-83.040825
19.199296,0.012,2605,1,4096,2603,0,440450000,-85.298164
19.216558,17.262,2606,1,4096,2604,0,440600000,-84.141823
19.216573,0.015,2607,1,4096,2605,0,440750000,-82.394997
19.233770,17.197,2608,1,4096,2606,0,440900000,-82.369148
19.233784,0.014,2609,1,4096,2607,0,441050000,-83.768684
19.248524,14.740,2610,1,4096,2608,0,441200000,-83.927513
19.248538,0.015,2611,1,4096,2609,0,441350000,-83.444466
19.248544,0.006,2612,1,4096,2610,0,441500000,-84.194374
19.262847,14.302,2613,1,4096,2611,0,441650000,-83.630043
19.262860,0.014,2614,1,4096,2612,0,441800000,-83.311134
19.280361,17.501,2615,1,4096,2613,0,441950000,-83.689308
19.280375,0.014,2616,1,4096,2614,0,442100000,-84.331459
19.297283,16.908,2617,1,4096,2615,0,442250000,-83.905281
19.297297,0.014,2618,1,4096,2616,0,442400000,-84.646477
19.312300,15.002,2619,1,4096,2617,0,442550000,-85.118187
19.312315,0.015,2620,1,4096,2618,0,442700000,-83.667503
19.327292,14.978,2621,1,4096,2619,0,442850000,-84.400612
19.327307,0.015,2622,1,4096,2620,0,443000000,-83.942085
19.343860,16.553,2623,1,4096,2621,0,443150000,-84.514519
19.343873,0.013,2624,1,4096,2622,0,443300000,-84.063438
19.343878,0.005,2625,1,4096,2623,0,443450000,-85.054527
19.359536,15.657,2626,1,4096,2624,0,443600000,-83.979637
19.359550,0.014,2627,1,4096,2625,0,443750000,-83.280632
19.376258,16.708,2628,1,4096,2626,0,443900000,-83.505730
19.376272,0.014,2629,1,4096,2627,0,444050000,-83.506889
19.392833,16.561,2630,1,4096,2628,0,444200000,-84.066475
19.392851,0.018,2631,1,4096,2629,0,444350000,-84.280800
19.407028,14.177,2632,1,4096,2630,0,444500000,-83.919136
19.407042,0.014,2633,1,4096,2631,0,444650000,-83.770699
19.425396,18.353,2634,1,4096,2632,0,444800000,-84.484383
19.425411,0.015,2635,1,4096,2633,0,444950000,-83.932793
19.425421,0.010,2636,1,4096,2634,0,445100000,-84.229851
19.439151,13.730,2637,1,4096,2635,0,445250000,-83.271889
19.439166,0.015,2638,1,4096,2636,0,445400000,-82.967659
19.455498,16.332,2639,1,4096,2637,0,445550000,-83.863350
19.455512,0.015,2640,1,4096,2638,0,445700000,-84.003365
19.474980,19.468,2641,1,4096,2639,0,445850000,-83.619087
19.474991,0.011,2642,1,4096,2640,0,446000000,-84.164299
19.487811,12.820,2643,1,4096,2641,0,446150000,-84.769020
19.487846,0.035,2644,1,4096,2642,0,446300000,-83.345207
19.504421,16.575,2645,1,4096,2643,0,446450000,-83.815224
19.504434,0.013,2646,1,4096,2644,0,446600000,-83.735237
19.519123,14.689,2647,1,4096,2645,0,446750000,-83.618660
19.519139,0.016,2648,1,4096,2646,0,446900000,-85.032600
19.519145,0.006,2649,1,4096,2647,0,447050000,-83.718880
19.536621,17.476,2650,1,4096,2648,0,447200000,-84.300865
19.536634,0.013,2651,1,4096,2649,0,447350000,-83.371300
19.551137,14.503,2652,1,4096,2650,0,447500000,-84.858543
19.551151,0.015,2653,1,4096,2651,0,447650000,-83.583443
19.568657,17.506,2654,1,4096,2652,0,447800000,-84.342186
19.568671,0.014,2655,1,4096,2653,0,447950000,-83.591225
19.583558,14.887,2656,1,4096,2654,0,448100000,-83.764442
19.583572,0.014,2657,1,4096,2655,0,448250000,-84.325996
19.601237,17.666,2658,1,4096,2656,0,448400000,-83.535332
19.601251,0.014,2659,1,4096,2657,0,448550000,-83.192116
19.601257,0.006,2660,1,4096,2658,0,448700000,-84.485435
19.615673,14.416,2661,1,4096,2659,0,448850000,-82.767662
19.615688,0.015,2662,1,4096,2660,0,449000000,-83.473061
19.633327,17.639,2663,1,4096,2661,0,449150000,-84.924858
19.633347,0.020,2664,1,4096,2662,0,449300000,-84.234459
19.648076,14.728,2665,1,4096,2663,0,449450000,-84.567924
19.648089,0.014,2666,1,4096,2664,0,449600000,-84.395943
19.663095,15.006,2667,1,4096,2665,0,449750000,-84.028084
19.663110,0.015,2668,1,4096,2666,0,449900000,-84.980965
19.681216,18.106,2669,1,4096,2667,0,450050000,-84.376900
19.681231,0.014,2670,1,4096,2668,0,450200000,-83.324089
19.695744,14.513,2671,1,4096,2669,0,450350000,-83.416069
19.695758,0.014,2672,1,4096,2670,0,450500000,-84.108330
19.695763,0.005,2673,1,4096,2671,0,450650000,-85.411491
19.713277,17.514,2674,1,4096,2672,0,450800000,-84.601570
19.713296,0.019,2675,1,4096,2673,0,450950000,-84.429161
19.727748,14.452,2676,1,4096,2674,0,451100000,-83.725914
19.727761,0.012,2677,1,4096,2675,0,451250000,-83.133644
19.744038,16.278,2678,1,4096,2676,0,451400000,-85.092125
19.744053,0.015,2679,1,4096,2677,0,451550000,-84.116890
19.759033,14.980,2680,1,4096,2678,0,451700000,-83.979500
19.759048,0.014,2681,1,4096,2679,0,451850000,-82.851616
19.776580,17.533,2682,1,4096,2680,0,452000000,-84.736427
19.776595,0.015,2683,1,4096,2681,0,452150000,-83.914391
19.776601,0.006,2684,1,4096,2682,0,452300000,-83.012215
19.791553,14.952,2685,1,4096,2683,0,452450000,-84.167610
19.791573,0.020,2686,1,4096,2684,0,452600000,-84.857582
19.808177,16.604,2687,1,4096,2685,0,452750000,-83.589745
19.808189,0.012,2688,1,4096,2686,0,452900000,-83.608223
19.825717,17.528,2689,1,4096,2687,0,453050000,-83.401222
19.825731,0.014,2690,1,4096,2688,0,453200000,-84.115822
19.840238,14.506,2691,1,4096,2689,0,453350000,-83.589119
19.840254,0.017,2692,1,4096,2690,0,453500000,-84.287178
19.857340,17.086,2693,1,4096,2691,0,453650000,-84.070686
19.857353,0.013,2694,1,4096,2692,0,453800000,-83.862740
19.872364,15.011,2695,1,4096,2693,0,453950000,-84.072807
19.872376,0.013,2696,1,4096,2694,0,454100000,-83.915077
19.872386,0.009,2697,1,4096,2695,0,454250000,-84.063713
19.887731,15.345,2698,1,4096,2696,0,454400000,-84.868523
19.887747,0.016,2699,1,4096,2697,0,454550000,-82.996468
19.904321,16.574,2700,1,4096,2698,0,454700000,-84.162849
19.904336,0.016,2701,1,4096,2699,0,454850000,-84.551872
19.920546,16.209,2702,1,4096,2700,0,455000000,-83.677895
19.920560,0.015,2703,1,4096,2701,0,455150000,-84.563576
19.935313,14.753,2704,1,4096,2702,0,455300000,-84.878487
19.935326,0.013,2705,1,4096,2703,0,455450000,-83.351067
19.953493,18.168,2706,1,4096,2704,0,455600000,-84.592812
19.953515,0.021,2707,1,4096,2705,0,455750000,-84.474632
19.953521,0.006,2708,1,4096,2706,0,455900000,-84.157738
19.967336,13.815,2709,1,4096,2707,0,456050000,-84.336327
19.967351,0.015,2710,1,4096,2708,0,456200000,-83.317345
19.984873,17.522,2711,1,4096,2709,0,456350000,-84.539772
19.984904,0.031,2712,1,4096,2710,0,456500000,-83.024498
19.999278,14.373,2713,1,4096,2711,0,456650000,-84.345680
19.999291,0.013,2714,1,4096,2712,0,456800000,-82.893929
20.017305,18.014,2715,1,4096,2713,0,456950000,-84.675880
20.017319,0.014,2716,1,4096,2714,0,457100000,-84.166084
20.031808,14.489,2717,1,4096,2715,0,457250000,-83.363853
20.031822,0.014,2718,1,4096,2716,0,457400000,-83.051170
20.049386,17.564,2719,1,4096,2717,0,457550000,-85.079887
20.049402,0.016,2720,1,4096,2718,0,457700000,-83.750282
20.049408,0.006,2721,1,4096,2719,0,457850000,-83.782600
20.063963,14.556,2722,1,4096,2720,0,458000000,-84.086906
20.063978,0.015,2723,1,4096,2721,0,458150000,-84.103569
20.078953,14.975,2724,1,4096,2722,0,458300000,-83.436714
20.078966,0.013,2725,1,4096,2723,0,458450000,-84.473412
20.095268,16.302,2726,1,4096,2724,0,458600000,-83.291832
20.095281,0.013,2727,1,4096,2725,0,458750000,-83.668388
20.113348,18.067,2728,1,4096,2726,0,458900000,-82.765190
20.113367,0.018,2729,1,4096,2727,0,459050000,-83.251488
20.127829,14.462,2730,1,4096,2728,0,459200000,-83.374168
20.127842,0.013,2731,1,4096,2729,0,459350000,-83.753059
20.127847,0.005,2732,1,4096,2730,0,459500000,-83.678535
20.145352,17.506,2733,1,4096,2731,0,459650000,-84.262993
20.145368,0.016,2734,1,4096,2732,0,459800000,-84.287819
20.160389,15.021,2735,1,4096,2733,0,459950000,-83.860710
20.160403,0.014,2736,1,4096,2734,0,460100000,-83.941780
20.175397,14.993,2737,1,4096,2735,0,460250000,-85.446114
20.175416,0.019,2738,1,4096,2736,0,460400000,-83.671089
20.192716,17.300,2739,1,4096,2737,0,460550000,-85.025047
20.192731,0.015,2740,1,4096,2738,0,460700000,-83.897331
20.207711,14.980,2741,1,4096,2739,0,460850000,-83.869881
20.207724,0.013,2742,1,4096,2740,0,461000000,-83.226616
20.225821,18.096,2743,1,4096,2741,0,461150000,-83.887779
20.225836,0.015,2744,1,4096,2742,0,461300000,-84.250633
20.225841,0.006,2745,1,4096,2743,0,461450000,-84.764397
20.239845,14.004,2746,1,4096,2744,0,461600000,-83.179451
20.239860,0.014,2747,1,4096,2745,0,461750000,-83.586617
20.256798,16.938,2748,1,4096,2746,0,461900000,-84.010078
20.256811,0.014,2749,1,4096,2747,0,462050000,-83.775932
20.271809,14.998,2750,1,4096,2748,0,462200000,-83.908165
20.271825,0.016,2751,1,4096,2749,0,462350000,-84.349922
20.286828,15.003,2752,1,4096,2750,0,462500000,-83.074852
20.286846,0.018,2753,1,4096,2751,0,462650000,-85.214149
20.303927,17.081,2754,1,4096,2752,0,462800000,-83.116936
20.303942,0.015,2755,1,4096,2753,0,462950000,-83.550819
20.318944,15.002,2756,1,4096,2754,0,463100000,-83.688377
20.318957,0.013,2757,1,4096,2755,0,463250000,-84.554115
20.318962,0.005,2758,1,4096,2756,0,463400000,-85.193153
20.335449,16.487,2759,1,4096,2757,0,463550000,-83.723976
20.335463,0.014,2760,1,4096,2758,0,463700000,-84.098030
20.352979,17.517,2761,1,4096,2759,0,463850000,-84.198112
20.352999,0.020,2762,1,4096,2760,0,464000000,-83.488136
20.366904,13.905,2763,1,4096,2761,0,464150000,-83.199272
20.366919,0.015,2764,1,4096,2762,0,464300000,-83.513939
20.383823,16.904,2765,1,4096,2763,0,464450000,-83.798119
20.383838,0.015,2766,1,4096,2764,0,464600000,-82.888374
20.398851,15.013,2767,1,4096,2765,0,464750000,-84.412865
20.398866,0.015,2768,1,4096,2766,0,464900000,-83.754005
20.398872,0.005,2769,1,4096,2767,0,465050000,-84.800117
20.416779,17.907,2770,1,4096,2768,0,465200000,-84.700584
20.416794,0.015,2771,1,4096,2769,0,465350000,-84.067894
20.431381,14.587,2772,1,4096,2770,0,465500000,-84.690239
20.431396,0.014,2773,1,4096,2771,0,465650000,-84.344658
20.448468,17.073,2774,1,4096,2772,0,465800000,-84.131920
20.448481,0.013,2775,1,4096,2773,0,465950000,-84.276176
20.465550,17.069,2776,1,4096,2774,0,466100000,-83.705635
20.465565,0.015,2777,1,4096,2775,0,466250000,-83.519798
20.480062,14.498,2778,1,4096,2776,0,466400000,-83.849236
20.480076,0.014,2779,1,4096,2777,0,466550000,-84.200996
20.496979,16.903,2780,1,4096,2778,0,466700000,-84.569710
20.496993,0.014,2781,1,4096,2779,0,466850000,-83.289818
20.496998,0.005,2782,1,4096,2780,0,467000000,-84.673500
20.511426,14.428,2783,1,4096,2781,0,467150000,-83.417229
20.511441,0.015,2784,1,4096,2782,0,467300000,-84.209419
20.528901,17.460,2785,1,4096,2783,0,467450000,-83.999794
20.528914,0.013,2786,1,4096,2784,0,467600000,-84.105507
20.543015,14.101,2787,1,4096,2785,0,467750000,-85.037239
20.543034,0.018,2788,1,4096,2786,0,467900000,-83.879768
20.561014,17.980,2789,1,4096,2787,0,468050000,-83.379356
20.561028,0.015,2790,1,4096,2788,0,468200000,-83.277870
20.575602,14.573,2791,1,4096,2789,0,468350000,-84.375374
20.575616,0.015,2792,1,4096,2790,0,468500000,-83.292732
20.575621,0.005,2793,1,4096,2791,0,468650000,-84.015770
20.593674,18.052,2794,1,4096,2792,0,468800000,-83.748055
20.593693,0.019,2795,1,4096,2793,0,468950000,-83.763496
20.608446,14.753,2796,1,4096,2794,0,469100000,-83.551704
20.608460,0.014,2797,1,4096,2795,0,469250000,-84.370750
20.622993,14.533,2798,1,4096,2796,0,469400000,-83.798454
20.623008,0.015,2799,1,4096,2797,0,469550000,-83.107536
20.639971,16.963,2800,1,4096,2798,0,469700000,-82.365944
20.639985,0.014,2801,1,4096,2799,0,469850000,-84.668282
20.655036,15.051,2802,1,4096,2800,0,470000000,-83.294914
20.655051,0.014,2803,1,4096,2801,0,470150000,-83.162056
20.672581,17.530,2804,1,4096,2802,0,470300000,-83.870079
20.672596,0.015,2805,1,4096,2803,0,470450000,-83.518806
20.672605,0.010,2806,1,4096,2804,0,470600000,-82.892281
20.686986,14.381,2807,1,4096,2805,0,470750000,-83.291954
20.687000,0.014,2808,1,4096,2806,0,470900000,-84.382820
20.704504,17.504,2809,1,4096,2807,0,471050000,-83.669258
20.704518,0.015,2810,1,4096,2808,0,471200000,-83.388283
20.719534,15.016,2811,1,4096,2809,0,471350000,-83.214668
20.719549,0.015,2812,1,4096,2810,0,471500000,-84.404396
20.737020,17.471,2813,1,4096,2811,0,471650000,-83.843132
20.737041,0.021,2814,1,4096,2812,0,471800000,-83.493141
20.751551,14.510,2815,1,4096,2813,0,471950000,-85.386757
20.751564,0.014,2816,1,4096,2814,0,472100000,-83.666985
20.751569,0.005,2817,1,4096,2815,0,472250000,-84.871361
20.769075,17.506,2818,1,4096,2816,0,472400000,-84.586647
20.769089,0.014,2819,1,4096,2817,0,472550000,-84.302254
20.783323,14.234,2820,1,4096,2818,0,472700000,-83.155403
20.783337,0.014,2821,1,4096,2819,0,472850000,-83.221001
20.800600,17.262,2822,1,4096,2820,0,473000000,-83.321602
20.800615,0.015,2823,1,4096,2821,0,473150000,-84.860710
20.815176,14.562,2824,1,4096,2822,0,473300000,-82.912392
20.815191,0.015,2825,1,4096,2823,0,473450000,-84.091545
20.833222,18.031,2826,1,4096,2824,0,473600000,-84.117577
20.833241,0.019,2827,1,4096,2825,0,473750000,-84.313560
20.849725,16.484,2828,1,4096,2826,0,473900000,-84.130730
20.849741,0.015,2829,1,4096,2827,0,474050000,-84.236198
20.849747,0.006,2830,1,4096,2828,0,474200000,-83.145943
20.864665,14.918,2831,1,4096,2829,0,474350000,-83.924309
20.864678,0.014,2832,1,4096,2830,0,474500000,-83.670265
20.878723,14.045,2833,1,4096,2831,0,474650000,-83.827721
20.878738,0.015,2834,1,4096,2832,0,474800000,-83.394051
20.896746,18.008,2835,1,4096,2833,0,474950000,-83.517189
20.896761,0.015,2836,1,4096,2834,0,475100000,-84.303368
20.910809,14.048,2837,1,4096,2835,0,475250000,-84.068855
20.910827,0.018,2838,1,4096,2836,0,475400000,-83.751350
20.928815,17.987,2839,1,4096,2837,0,475550000,-84.642159
20.928830,0.015,2840,1,4096,2838,0,475700000,-84.291756
20.928836,0.006,2841,1,4096,2839,0,475850000,-84.117104
20.945309,16.473,2842,1,4096,2840,0,476000000,-84.372002
20.945324,0.015,2843,1,4096,2841,0,476150000,-83.594810
20.962131,16.806,2844,1,4096,2842,0,476300000,-84.308525
20.962149,0.019,2845,1,4096,2843,0,476450000,-84.494499
20.974920,12.770,2846,1,4096,2844,0,476600000,-84.918648
20.974939,0.020,2847,1,4096,2845,0,476750000,-84.631828
20.992730,17.791,2848,1,4096,2846,0,476900000,-83.362068
20.992751,0.020,2849,1,4096,2847,0,477050000,-83.995766
21.009527,16.777,2850,1,4096,2848,0,477200000,-84.487709
21.009541,0.014,2851,1,4096,2849,0,477350000,-85.265419
21.024107,14.565,2852,1,4096,2850,0,477500000,-84.384148
21.024126,0.019,2853,1,4096,2851,0,477650000,-83.615166
21.024133,0.007,2854,1,4096,2852,0,477800000,-85.069725
21.040219,16.086,2855,1,4096,2853,0,477950000,-84.149055
21.040235,0.016,2856,1,4096,2854,0,478100000,-83.698067
21.055203,14.968,2857,1,4096,2855,0,478250000,-83.799126
21.055218,0.015,2858,1,4096,2856,0,478400000,-83.270592
21.072287,17.069,2859,1,4096,2857,0,478550000,-84.563896
21.072305,0.018,2860,1,4096,2858,0,478700000,-84.302391
21.087323,15.018,2861,1,4096,2859,0,478850000,-82.912025
21.087345,0.022,2862,1,4096,2860,0,479000000,-83.184303
21.104327,16.982,2863,1,4096,2861,0,479150000,-84.348610
21.104345,0.018,2864,1,4096,2862,0,479300000,-84.054039
21.104351,0.006,2865,1,4096,2863,0,479450000,-84.449974
21.119269,14.918,2866,1,4096,2864,0,479600000,-84.288078
21.119284,0.015,2867,1,4096,2865,0,479750000,-84.247581
21.136567,17.283,2868,1,4096,2866,0,479900000,-82.921211
21.136581,0.014,2869,1,4096,2867,0,480050000,-84.031807
21.151084,14.502,2870,1,4096,2868,0,480200000,-84.502556
21.151097,0.014,2871,1,4096,2869,0,480350000,-83.464516
21.168221,17.124,2872,1,4096,2870,0,480500000,-82.849190
21.168235,0.014,2873,1,4096,2871,0,480650000,-83.756294
21.183260,15.025,2874,1,4096,2872,0,480800000,-83.804283
21.183277,0.017,2875,1,4096,2873,0,480950000,-84.594215
21.183284,0.006,2876,1,4096,2874,0,481100000,-83.681099
21.200213,16.930,2877,1,4096,2875,0,481250000,-84.280006
21.200227,0.014,2878,1,4096,2876,0,481400000,-83.478172
21.215238,15.010,2879,1,4096,2877,0,481550000,-83.784218
21.215251,0.014,2880,1,4096,2878,0,481700000,-84.140297
21.232745,17.494,2881,1,4096,2879,0,481850000,-83.137444
21.232760,0.015,2882,1,4096,2880,0,482000000,-82.971581
21.247743,14.983,2883,1,4096,2881,0,482150000,-82.913734
21.247757,0.014,2884,1,4096,2882,0,482300000,-83.223732
21.265293,17.536,2885,1,4096,2883,0,482450000,-83.969383
21.265308,0.015,2886,1,4096,2884,0,482600000,-84.507484
21.280281,14.973,2887,1,4096,2885,0,482750000,-84.342064
21.280295,0.014,2888,1,4096,2886,0,482900000,-83.132393
21.280300,0.005,2889,1,4096,2887,0,483050000,-83.496376
21.294764,14.464,2890,1,4096,2888,0,483200000,-83.488152
21.294778,0.014,2891,1,4096,2889,0,483350000,-83.530266
21.312195,17.417,2892,1,4096,2890,0,483500000,-84.115364
21.312210,0.015,2893,1,4096,2891,0,483650000,-83.303932
21.327218,15.008,2894,1,4096,2892,0,483800000,-83.930077
21.327233,0.016,2895,1,4096,2893,0,483950000,-83.993645
21.344767,17.534,2896,1,4096,2894,0,484100000,-84.193367
21.344781,0.014,2897,1,4096,2895,0,484250000,-83.776375
21.359767,14.986,2898,1,4096,2896,0,484400000,-82.920891
21.359781,0.014,2899,1,4096,2897,0,484550000,-84.191887
21.359786,0.005,2900,1,4096,2898,0,484700000,-83.653282
21.377259,17.473,2901,1,4096,2899,0,484850000,-83.220909
21.377273,0.013,2902,1,4096,2900,0,485000000,-83.752647
21.392278,15.005,2903,1,4096,2901,0,485150000,-84.172874
21.392292,0.014,2904,1,4096,2902,0,485300000,-84.451805
21.409640,17.349,2905,1,4096,2903,0,485450000,-84.391243
21.409656,0.016,2906,1,4096,2904,0,485600000,-83.922478
21.424635,14.978,2907,1,4096,2905,0,485750000,-82.879555
21.424650,0.016,2908,1,4096,2906,0,485900000,-84.016289
21.439229,14.578,2909,1,4096,2907,0,486050000,-83.702644
21.439247,0.019,2910,1,4096,2908,0,486200000,-83.648705
21.456712,17.465,2911,1,4096,2909,0,486350000,-83.734459
21.456727,0.014,2912,1,4096,2910,0,486500000,-83.241096
21.456732,0.005,2913,1,4096,2911,0,486650000,-83.231087
21.471189,14.458,2914,1,4096,2912,0,486800000,-84.277016
21.471202,0.013,2915,1,4096,2913,0,486950000,-83.314354
21.489208,18.006,2916,1,4096,2914,0,487100000,-83.526192
21.489221,0.013,2917,1,4096,2915,0,487250000,-83.543678
21.503179,13.958,2918,1,4096,2916,0,487400000,-83.731941
21.503193,0.014,2919,1,4096,2917,0,487550000,-83.285713
21.521187,17.994,2920,1,4096,2918,0,487700000,-83.299202
21.521202,0.014,2921,1,4096,2919,0,487850000,-82.959251
21.536558,15.356,2922,1,4096,2920,0,488000000,-83.428871
21.536571,0.014,2923,1,4096,2921,0,488150000,-84.734108
21.536576,0.005,2924,1,4096,2922,0,488300000,-83.561211
21.551038,14.462,2925,1,4096,2923,0,488450000,-83.609871
21.551052,0.014,2926,1,4096,2924,0,488600000,-85.269569
21.568740,17.689,2927,1,4096,2925,0,488750000,-83.927299
21.568752,0.012,2928,1,4096,2926,0,488900000,-83.874062
21.583268,14.516,2929,1,4096,2927,0,489050000,-84.047127
21.583283,0.015,2930,1,4096,2928,0,489200000,-84.170464
21.600746,17.463,2931,1,4096,2929,0,489350000,-83.938332
21.600759,0.013,2932,1,4096,2930,0,489500000,-84.158653
21.615766,15.007,2933,1,4096,2931,0,489650000,-84.441429
21.615779,0.013,2934,1,4096,2932,0,489800000,-83.828362
21.630800,15.021,2935,1,4096,2933,0,489950000,-84.687782
21.630815,0.015,2936,1,4096,2934,0,490100000,-83.491112
21.630821,0.006,2937,1,4096,2935,0,490250000,-84.405739
21.648284,17.463,2938,1,4096,2936,0,490400000,-82.427162
21.648298,0.014,2939,1,4096,2937,0,490550000,-83.960365
21.663296,14.999,2940,1,4096,2938,0,490700000,-84.548820
21.663311,0.014,2941,1,4096,2939,0,490850000,-84.691750
21.680668,17.357,2942,1,4096,2940,0,491000000,-84.184074
21.680683,0.015,2943,1,4096,2941,0,491150000,-83.042595
21.695038,14.355,2944,1,4096,2942,0,491300000,-83.521263
21.695052,0.014,2945,1,4096,2943,0,491450000,-84.024300
21.711839,16.787,2946,1,4096,2944,0,491600000,-83.679008
21.711854,0.015,2947,1,4096,2945,0,491750000,-84.175331
21.711860,0.006,2948,1,4096,2946,0,491900000,-83.896019
21.726855,14.995,2949,1,4096,2947,0,492050000,-83.151863
21.726873,0.018,2950,1,4096,2948,0,492200000,-83.580956
21.743600,16.727,2951,1,4096,2949,0,492350000,-84.732918
21.743613,0.013,2952,1,4096,2950,0,492500000,-84.060722
21.761094,17.481,2953,1,4096,2951,0,492650000,-84.514030
21.761107,0.013,2954,1,4096,2952,0,492800000,-84.031898
21.775588,14.481,2955,1,4096,2953,0,492950000,-83.225624
21.775601,0.014,2956,1,4096,2954,0,493100000,-84.501137
21.793653,18.052,2957,1,4096,2955,0,493250000,-83.343117
21.793668,0.015,2958,1,4096,2956,0,493400000,-84.061790
21.793674,0.006,2959,1,4096,2957,0,493550000,-83.190956
21.808337,14.663,2960,1,4096,2958,0,493700000,-84.715981
21.808352,0.014,2961,1,4096,2959,0,493850000,-83.614296
21.823070,14.718,2962,1,4096,2960,0,494000000,-83.487373
21.823084,0.013,2963,1,4096,2961,0,494150000,-84.486977
21.840834,17.750,2964,1,4096,2962,0,494300000,-83.784126
21.840847,0.014,2965,1,4096,2963,0,494450000,-83.726646
21.855729,14.881,2966,1,4096,2964,0,494600000,-82.597084
21.855744,0.015,2967,1,4096,2965,0,494750000,-84.779259
21.873308,17.565,2968,1,4096,2966,0,494900000,-84.587486
21.873325,0.017,2969,1,4096,2967,0,495050000,-83.471672
21.892930,19.605,2970,1,4096,2968,0,495200000,-83.251976
21.892950,0.020,2971,1,4096,2969,0,495350000,-83.059227
21.892957,0.007,2972,1,4096,2970,0,495500000,-84.416267
21.904516,11.559,2973,1,4096,2971,0,495650000,-83.580269
21.904533,0.017,2974,1,4096,2972,0,495800000,-83.354897
21.919515,14.982,2975,1,4096,2973,0,495950000,-83.705940
21.919535,0.020,2976,1,4096,2974,0,496100000,-83.286446
21.937032,17.497,2977,1,4096,2975,0,496250000,-83.999214
21.937051,0.020,2978,1,4096,2976,0,496400000,-85.155891
21.951989,14.938,2979,1,4096,2977,0,496550000,-83.559975
21.952002,0.013,2980,1,4096,2978,0,496700000,-83.842110
21.967048,15.046,2981,1,4096,2979,0,496850000,-83.061607
21.967064,0.016,2982,1,4096,2980,0,497000000,-84.468788
21.967069,0.005,2983,1,4096,2981,0,497150000,-83.816658
21.984624,17.555,2984,1,4096,2982,0,497300000,-83.629448
21.984640,0.016,2985,1,4096,2983,0,497450000,-83.177528
21.999120,14.480,2986,1,4096,2984,0,497600000,-83.850151
21.999133,0.013,2987,1,4096,2985,0,497750000,-83.992317
22.016654,17.520,2988,1,4096,2986,0,497900000,-83.362312
22.016669,0.016,2989,1,4096,2987,0,498050000,-83.158653
22.031791,15.122,2990,1,4096,2988,0,498200000,-84.225517
22.031807,0.015,2991,1,4096,2989,0,498350000,-84.713737
22.048919,17.113,2992,1,4096,2990,0,498500000,-83.889488
22.048933,0.014,2993,1,4096,2991,0,498650000,-85.065956
22.063176,14.243,2994,1,4096,2992,0,498800000,-84.368050
22.063190,0.014,2995,1,4096,2993,0,498950000,-83.234505
22.063195,0.004,2996,1,4096,2994,0,499100000,-83.103813
22.080660,17.466,2997,1,4096,2995,0,499250000,-82.728386
22.080675,0.015,2998,1,4096,2996,0,499400000,-85.279076
22.095155,14.480,2999,1,4096,2997,0,499550000,-85.871376
22.095168,0.013,3000,1,4096,2998,0,499700000,-83.754662
22.113627,18.459,3001,1,4096,2999,0,499850000,-85.188591
22.113654,0.026,3002,1,4096,3000,0,500000000,-83.318336
22.128260,14.607,3003,1,4096,3001,0,500150000,-84.390556
22.128275,0.015,3004,1,4096,3002,0,500300000,-83.533699
22.142769,14.493,3005,1,4096,3003,0,500450000,-84.403496
22.142788,0.020,3006,1,4096,3004,0,500600000,-84.918358
22.142796,0.008,3007,1,4096,3005,0,500750000,-84.012581
22.160698,17.903,3008,1,4096,3006,0,500900000,-83.872124
22.160714,0.015,3009,1,4096,3007,0,501050000,-84.668297
22.175226,14.513,3010,1,4096,3008,0,501200000,-83.520439
22.175241,0.015,3011,1,4096,3009,0,501350000,-83.265709
22.193134,17.893,3012,1,4096,3010,0,501500000,-83.194542
22.193150,0.016,3013,1,4096,3011,0,501650000,-83.127434
22.208138,14.988,3014,1,4096,3012,0,501800000,-83.242607
22.208151,0.014,3015,1,4096,3013,0,501950000,-83.831520
22.223265,15.114,3016,1,4096,3014,0,502100000,-84.598274
22.223285,0.020,3017,1,4096,3015,0,502250000,-83.662117
22.223298,0.013,3018,1,4096,3016,0,502400000,-84.457100
22.240649,17.351,3019,1,4096,3017,0,502550000,-82.496864
22.240664,0.015,3020,1,4096,3018,0,502700000,-84.075737
22.255654,14.990,3021,1,4096,3019,0,502850000,-84.518364
22.255668,0.014,3022,1,4096,3020,0,503000000,-84.188087
22.273164,17.496,3023,1,4096,3021,0,503150000,-84.588737
22.273180,0.017,3024,1,4096,3022,0,503300000,-82.735588
22.287725,14.544,3025,1,4096,3023,0,503450000,-84.920906
22.287738,0.013,3026,1,4096,3024,0,503600000,-84.647835
22.302751,15.013,3027,1,4096,3025,0,503750000,-83.446983
22.302765,0.014,3028,1,4096,3026,0,503900000,-83.951057
22.320767,18.002,3029,1,4096,3027,0,504050000,-83.914085
22.320782,0.015,3030,1,4096,3028,0,504200000,-83.983849
22.320788,0.006,3031,1,4096,3029,0,504350000,-84.633537
22.335248,14.460,3032,1,4096,3030,0,504500000,-84.658043
22.335261,0.013,3033,1,4096,3031,0,504650000,-84.582787
22.352757,17.496,3034,1,4096,3032,0,504800000,-82.321159
22.352770,0.013,3035,1,4096,3033,0,504950000,-83.745705
22.366797,14.027,3036,1,4096,3034,0,505100000,-84.181587
22.366814,0.017,3037,1,4096,3035,0,505250000,-84.116920
22.384127,17.313,3038,1,4096,3036,0,505400000,-83.213600
22.384142,0.015,3039,1,4096,3037,0,505550000,-83.827965
22.398664,14.522,3040,1,4096,3038,0,505700000,-84.584694
22.398680,0.016,3041,1,4096,3039,0,505850000,-83.934303
22.398686,0.006,3042,1,4096,3040,0,506000000,-84.757347
22.416241,17.555,3043,1,4096,3041,0,506150000,-83.853508
22.416257,0.016,3044,1,4096,3042,0,506300000,-83.914833
22.431246,14.989,3045,1,4096,3043,0,506450000,-83.776955
22.431260,0.014,3046,1,4096,3044,0,506600000,-83.155174
22.448900,17.640,3047,1,4096,3045,0,506750000,-84.587196
22.448915,0.015,3048,1,4096,3046,0,506900000,-83.283882
22.463894,14.979,3049,1,4096,3047,0,507050000,-84.044685
22.463908,0.015,3050,1,4096,3048,0,507200000,-83.880409
22.481419,17.510,3051,1,4096,3049,0,507350000,-84.357872
22.481433,0.014,3052,1,4096,3050,0,507500000,-84.374580
22.481438,0.005,3053,1,4096,3051,0,507650000,-84.462868
22.496092,14.654,3054,1,4096,3052,0,507800000,-84.284203
22.496106,0.015,3055,1,4096,3053,0,507950000,-85.350441
22.511096,14.989,3056,1,4096,3054,0,508100000,-82.902565
22.511111,0.015,3057,1,4096,3055,0,508250000,-83.688423
22.529110,18.000,3058,1,4096,3056,0,508400000,-83.701546
22.529124,0.013,3059,1,4096,3057,0,508550000,-84.107124
22.543647,14.523,3060,1,4096,3058,0,508700000,-83.290306
22.543662,0.015,3061,1,4096,3059,0,508850000,-84.088661
22.561082,17.420,3062,1,4096,3060,0,509000000,-84.462334
22.561096,0.014,3063,1,4096,3061,0,509150000,-84.181313
22.576105,15.009,3064,1,4096,3062,0,509300000,-84.520882
22.576119,0.013,3065,1,4096,3063,0,509450000,-83.899940
22.576124,0.005,3066,1,4096,3064,0,509600000,-84.161201
22.591090,14.966,3067,1,4096,3065,0,509750000,-83.744072
22.591103,0.013,3068,1,4096,3066,0,509900000,-83.480888
22.608303,17.200,3069,1,4096,3067,0,510050000,-84.097496
22.608317,0.014,3070,1,4096,3068,0,510200000,-83.232430
22.623313,14.995,3071,1,4096,3069,0,510350000,-83.420860
22.623328,0.015,3072,1,4096,3070,0,510500000,-84.884026
22.640314,16.986,3073,1,4096,3071,0,510650000,-82.964836
22.640327,0.014,3074,1,4096,3072,0,510800000,-82.838188
22.655100,14.772,3075,1,4096,3073,0,510950000,-83.518105
22.655114,0.014,3076,1,4096,3074,0,511100000,-84.051003
22.655119,0.005,3077,1,4096,3075,0,511250000,-83.599937
22.671599,16.480,3078,1,4096,3076,0,511400000,-83.751961
22.671614,0.015,3079,1,4096,3077,0,511550000,-84.048180
22.686600,14.987,3080,1,4096,3078,0,511700000,-83.234077
22.686618,0.017,3081,1,4096,3079,0,511850000,-83.160545
22.703887,17.269,3082,1,4096,3080,0,512000000,-85.039040
22.703901,0.014,3083,1,4096,3081,0,512150000,-84.594826
22.718885,14.985,3084,1,4096,3082,0,512300000,-83.567696
22.718900,0.014,3085,1,4096,3083,0,512450000,-83.916954
22.736186,17.286,3086,1,4096,3084,0,512600000,-83.131920
22.736202,0.017,3087,1,4096,3085,0,512750000,-85.223351
22.751159,14.956,3088,1,4096,3086,0,512900000,-84.309334
22.751173,0.014,3089,1,4096,3087,0,513050000,-83.744499
22.751177,0.005,3090,1,4096,3088,0,513200000,-83.270714
22.769208,18.030,3091,1,4096,3089,0,513350000,-84.575371
22.769223,0.015,3092,1,4096,3090,0,513500000,-83.738701
22.783710,14.487,3093,1,4096,3091,0,513650000,-83.720650
22.783725,0.015,3094,1,4096,3092,0,513800000,-84.004692
22.800727,17.002,3095,1,4096,3093,0,513950000,-83.134514
22.800740,0.013,3096,1,4096,3094,0,514100000,-84.487022
22.815263,14.522,3097,1,4096,3095,0,514250000,-84.142448
22.815276,0.013,3098,1,4096,3096,0,514400000,-84.159798
22.832544,17.268,3099,1,4096,3097,0,514550000,-85.134087
22.832559,0.015,3100,1,4096,3098,0,514700000,-83.842064
22.832566,0.006,3101,1,4096,3099,0,514850000,-83.949318
22.848705,16.140,3102,1,4096,3100,0,515000000,-83.627983
22.848720,0.014,3103,1,4096,3101,0,515150000,-83.232033
22.863719,14.999,3104,1,4096,3102,0,515300000,-84.494926
22.863734,0.015,3105,1,4096,3103,0,515450000,-85.263374
22.880779,17.045,3106,1,4096,3104,0,515600000,-83.843498
22.880794,0.016,3107,1,4096,3105,0,515750000,-84.469734
22.895775,14.980,3108,1,4096,3106,0,515900000,-83.458183
22.895790,0.015,3109,1,4096,3107,0,516050000,-83.583656
22.912463,16.673,3110,1,4096,3108,0,516200000,-84.358116
22.912478,0.015,3111,1,4096,3109,0,516350000,-85.930748
22.912483,0.006,3112,1,4096,3110,0,516500000,-84.567635
22.927442,14.959,3113,1,4096,3111,0,516650000,-84.243156
22.927456,0.014,3114,1,4096,3112,0,516800000,-84.369438
22.944951,17.494,3115,1,4096,3113,0,516950000,-84.330040
22.944964,0.014,3116,1,4096,3114,0,517100000,-84.289375
22.959465,14.501,3117,1,4096,3115,0,517250000,-83.977898
22.959481,0.015,3118,1,4096,3116,0,517400000,-84.096458
22.976977,17.496,3119,1,4096,3117,0,517550000,-83.250526
22.976992,0.015,3120,1,4096,3118,0,517700000,-83.987572
22.991520,14.529,3121,1,4096,3119,0,517850000,-83.799431
22.991536,0.015,3122,1,4096,3120,0,518000000,-83.184669
23.009542,18.006,3123,1,4096,3121,0,518150000,-83.087029
23.009556,0.014,3124,1,4096,3122,0,518300000,-83.937767
23.009561,0.005,3125,1,4096,3123,0,518450000,-83.292412
23.024529,14.969,3126,1,4096,3124,0,518600000,-84.224907
23.024544,0.015,3127,1,4096,3125,0,518750000,-83.361763
23.039516,14.972,3128,1,4096,3126,0,518900000,-82.600060
23.039530,0.014,3129,1,4096,3127,0,519050000,-82.829765
23.057399,17.869,3130,1,4096,3128,0,519200000,-83.977592
23.057414,0.016,3131,1,4096,3129,0,519350000,-83.607582
23.071901,14.487,3132,1,4096,3130,0,519500000,-83.108223
23.071916,0.015,3133,1,4096,3131,0,519650000,-83.118690
23.086958,15.041,3134,1,4096,3132,0,519800000,-83.490883
23.086976,0.018,3135,1,4096,3133,0,519950000,-83.678963
23.104451,17.475,3136,1,4096,3134,0,520100000,-83.283211
23.104466,0.014,3137,1,4096,3135,0,520250000,-86.026802
23.104470,0.005,3138,1,4096,3136,0,520400000,-83.266792
23.119005,14.535,3139,1,4096,3137,0,520550000,-83.235085
23.119020,0.015,3140,1,4096,3138,0,520700000,-84.168541
23.136515,17.494,3141,1,4096,3139,0,520850000,-84.000725
23.136528,0.014,3142,1,4096,3140,0,521000000,-84.046318
23.151042,14.514,3143,1,4096,3141,0,521150000,-84.635597
23.151057,0.015,3144,1,4096,3142,0,521300000,-83.764290
23.168559,17.501,3145,1,4096,3143,0,521450000,-83.526024
23.168580,0.021,3146,1,4096,3144,0,521600000,-84.136253
23.183176,14.596,3147,1,4096,3145,0,521750000,-84.345406
23.183190,0.014,3148,1,4096,3146,0,521900000,-85.094093
23.200787,17.597,3149,1,4096,3147,0,522050000,-83.038261
23.200802,0.015,3150,1,4096,3148,0,522200000,-83.458519
23.200808,0.006,3151,1,4096,3149,0,522350000,-85.444771
23.214719,13.911,3152,1,4096,3150,0,522500000,-83.741127
23.214734,0.015,3153,1,4096,3151,0,522650000,-84.881310
23.232725,17.991,3154,1,4096,3152,0,522800000,-83.689445
23.232740,0.015,3155,1,4096,3153,0,522950000,-84.132500
23.246778,14.039,3156,1,4096,3154,0,523100000,-82.723656
23.246794,0.016,3157,1,4096,3155,0,523250000,-84.250420
23.263815,17.021,3158,1,4096,3156,0,523400000,-83.140404
23.263830,0.015,3159,1,4096,3157,0,523550000,-84.496269
23.281316,17.486,3160,1,4096,3158,0,523700000,-84.545952
23.281330,0.015,3161,1,4096,3159,0,523850000,-83.100899
23.296342,15.012,3162,1,4096,3160,0,524000000,-85.439888
23.296357,0.014,3163,1,4096,3161,0,524150000,-83.679298
23.296362,0.005,3164,1,4096,3162,0,524300000,-83.265785
23.310830,14.468,3165,1,4096,3163,0,524450000,-83.259666
23.310843,0.014,3166,1,4096,3164,0,524600000,-83.854637
23.328844,18.000,3167,1,4096,3165,0,524750000,-84.251137
23.328857,0.013,3168,1,4096,3166,0,524900000,-83.257454
23.343876,15.020,3169,1,4096,3167,0,525050000,-83.382774
23.343892,0.015,3170,1,4096,3168,0,525200000,-83.265770
23.360989,17.097,3171,1,4096,3169,0,525350000,-84.338966
23.361004,0.015,3172,1,4096,3170,0,525500000,-83.233559
23.375524,14.520,3173,1,4096,3171,0,525650000,-83.816505
23.375538,0.014,3174,1,4096,3172,0,525800000,-83.723259
23.392680,17.142,3175,1,4096,3173,0,525950000,-83.445564
23.392693,0.013,3176,1,4096,3174,0,526100000,-84.573051
23.407642,14.948,3177,1,4096,3175,0,526250000,-83.427116
23.407656,0.014,3178,1,4096,3176,0,526400000,-84.520775
23.407660,0.005,3179,1,4096,3177,0,526550000,-83.465446
23.425140,17.479,3180,1,4096,3178,0,526700000,-84.140617
23.425155,0.015,3181,1,4096,3179,0,526850000,-82.774559
23.439336,14.181,3182,1,4096,3180,0,527000000,-84.411369
23.439354,0.018,3183,1,4096,3181,0,527150000,-83.832466
23.455539,16.185,3184,1,4096,3182,0,527300000,-83.191322
23.455555,0.015,3185,1,4096,3183,0,527450000,-83.779320
23.470566,15.011,3186,1,4096,3184,0,527600000,-83.206276
23.470581,0.015,3187,1,4096,3185,0,527750000,-84.169777
23.489028,18.447,3188,1,4096,3186,0,527900000,-83.375801
23.489041,0.014,3189,1,4096,3187,0,528050000,-84.119484
23.504055,15.014,3190,1,4096,3188,0,528200000,-83.626579
23.504070,0.015,3191,1,4096,3189,0,528350000,-84.089912
23.504076,0.006,3192,1,4096,3190,0,528500000,-84.207405
23.519006,14.930,3193,1,4096,3191,0,528650000,-83.242027
23.519019,0.013,3194,1,4096,3192,0,528800000,-82.624748
23.536520,17.501,3195,1,4096,3193,0,528950000,-84.449165
23.536535,0.015,3196,1,4096,3194,0,529100000,-83.890785
23.551258,14.723,3197,1,4096,3195,0,529250000,-84.440102
23.551273,0.015,3198,1,4096,3196,0,529400000,-84.682808
23.569279,18.006,3199,1,4096,3197,0,529550000,-84.301506
23.569294,0.014,3200,1,4096,3198,0,529700000,-83.664726
23.583795,14.501,3201,1,4096,3199,0,529850000,-84.176353
23.583808,0.013,3202,1,4096,3200,0,530000000,-83.382484
23.601464,17.655,3203,1,4096,3201,0,530150000,-84.355003
23.601479,0.016,3204,1,4096,3202,0,530300000,-84.012245
23.601485,0.006,3205,1,4096,3203,0,530450000,-84.426872
23.616166,14.681,3206,1,4096,3204,0,530600000,-83.152596
23.616182,0.015,3207,1,4096,3205,0,530750000,-83.395439
23.630658,14.477,3208,1,4096,3206,0,530900000,-83.184044
23.630671,0.013,3209,1,4096,3207,0,531050000,-82.918953
23.648184,17.512,3210,1,4096,3208,0,531200000,-84.007286
23.648198,0.015,3211,1,4096,3209,0,531350000,-84.286369
23.662692,14.494,3212,1,4096,3210,0,531500000,-84.139854
23.662706,0.014,3213,1,4096,3211,0,531650000,-84.099022
23.680696,17.990,3214,1,4096,3212,0,531800000,-84.928123
23.680709,0.012,3215,1,4096,3213,0,531950000,-84.680351
23.695415,14.707,3216,1,4096,3214,0,532100000,-84.369576
23.695430,0.015,3217,1,4096,3215,0,532250000,-84.820961
23.695435,0.005,3218,1,4096,3216,0,532400000,-83.108665
23.713404,17.969,3219,1,4096,3217,0,532550000,-83.897041
23.713418,0.014,3220,1,4096,3218,0,532700000,-83.687187
23.727927,14.509,3221,1,4096,3219,0,532850000,-84.138054
23.727941,0.014,3222,1,4096,3220,0,533000000,-83.886909
23.742926,14.985,3223,1,4096,3221,0,533150000,-83.847969
23.742940,0.014,3224,1,4096,3222,0,533300000,-83.642738
23.759626,16.687,3225,1,4096,3223,0,533450000,-84.020027
23.759642,0.015,3226,1,4096,3224,0,533600000,-83.845085
23.777120,17.478,3227,1,4096,3225,0,533750000,-83.675743
23.777135,0.015,3228,1,4096,3226,0,533900000,-82.878548
23.791676,14.541,3229,1,4096,3227,0,534050000,-83.651909
23.791690,0.014,3230,1,4096,3228,0,534200000,-84.945702
23.808791,17.100,3231,1,4096,3229,0,534350000,-83.481255
23.808803,0.013,3232,1,4096,3230,0,534500000,-83.878777
23.808808,0.004,3233,1,4096,3231,0,534650000,-84.075890
23.823988,15.181,3234,1,4096,3232,0,534800000,-84.108467
23.824002,0.014,3235,1,4096,3233,0,534950000,-83.948250
23.838494,14.491,3236,1,4096,3234,0,535100000,-83.563972
23.838508,0.014,3237,1,4096,3235,0,535250000,-84.505821
23.855686,17.178,3238,1,4096,3236,0,535400000,-83.940117
23.855701,0.015,3239,1,4096,3237,0,535550000,-84.883430
23.872977,17.276,3240,1,4096,3238,0,535700000,-83.163597
23.872992,0.015,3241,1,4096,3239,0,535850000,-84.636818
23.887993,15.001,3242,1,4096,3240,0,536000000,-84.440407
23.888007,0.014,3243,1,4096,3241,0,536150000,-83.500389
23.905075,17.068,3244,1,4096,3242,0,536300000,-83.740990
23.905090,0.014,3245,1,4096,3243,0,536450000,-83.560982
23.905095,0.005,3246,1,4096,3244,0,536600000,-85.947548
23.920040,14.945,3247,1,4096,3245,0,536750000,-84.057503
23.920055,0.014,3248,1,4096,3246,0,536900000,-84.699120
23.934582,14.528,3249,1,4096,3247,0,537050000,-84.754280
23.934597,0.014,3250,1,4096,3248,0,537200000,-83.085381
23.952583,17.986,3251,1,4096,3249,0,537350000,-84.325706
23.952597,0.014,3252,1,4096,3250,0,537500000,-83.545204
23.968501,15.904,3253,1,4096,3251,0,537650000,-84.434776
23.968514,0.013,3254,1,4096,3252,0,537800000,-82.745277
23.983494,14.980,3255,1,4096,3253,0,537950000,-83.875984
23.983508,0.014,3256,1,4096,3254,0,538100000,-83.289986
24.001036,17.528,3257,1,4096,3255,0,538250000,-84.663002
24.001050,0.015,3258,1,4096,3256,0,538400000,-84.220695
24.001056,0.006,3259,1,4096,3257,0,538550000,-82.801720
24.015554,14.498,3260,1,4096,3258,0,538700000,-83.816856
24.015568,0.014,3261,1,4096,3259,0,538850000,-83.582832
24.033009,17.441,3262,1,4096,3260,0,539000000,-83.875175
24.033028,0.019,3263,1,4096,3261,0,539150000,-83.134102
24.047963,14.934,3264,1,4096,3262,0,539300000,-83.927299
24.047976,0.014,3265,1,4096,3263,0,539450000,-83.169609
24.063228,15.252,3266,1,4096,3264,0,539600000,-83.401375
24.063242,0.014,3267,1,4096,3265,0,539750000,-82.870918
24.080754,17.512,3268,1,4096,3266,0,539900000,-84.133507
24.080767,0.013,3269,1,4096,3267,0,540050000,-84.320473
24.094827,14.060,3270,1,4096,3268,0,540200000,-84.147758
24.094844,0.017,3271,1,4096,3269,0,540350000,-84.205605
24.094850,0.006,3272,1,4096,3270,0,540500000,-84.295219
24.112760,17.909,3273,1,4096,3271,0,540650000,-83.951057
24.112773,0.013,3274,1,4096,3272,0,540800000,-83.484917
24.127045,14.273,3275,1,4096,3273,0,540950000,-84.680122
24.127066,0.021,3276,1,4096,3274,0,541100000,-83.407768
24.145022,17.956,3277,1,4096,3275,0,541250000,-83.492683
24.145036,0.014,3278,1,4096,3276,0,541400000,-82.898445
24.159538,14.502,3279,1,4096,3277,0,541550000,-84.765450
24.159554,0.015,3280,1,4096,3278,0,541700000,-85.010139
24.174533,14.980,3281,1,4096,3279,0,541850000,-84.941917
24.174548,0.014,3282,1,4096,3280,0,542000000,-85.165825
24.191670,17.123,3283,1,4096,3281,0,542150000,-83.485786
24.191683,0.013,3284,1,4096,3282,0,542300000,-83.643562
24.191688,0.005,3285,1,4096,3283,0,542450000,-82.330544
24.206677,14.989,3286,1,4096,3284,0,542600000,-85.222466
24.206694,0.017,3287,1,4096,3285,0,542750000,-84.337608
24.224210,17.516,3288,1,4096,3286,0,542900000,-83.390114
24.224224,0.014,3289,1,4096,3287,0,543050000,-83.395271
24.239178,14.954,3290,1,4096,3288,0,543200000,-83.658669
24.239193,0.015,3291,1,4096,3289,0,543350000,-83.885063
24.256398,17.205,3292,1,4096,3290,0,543500000,-84.619209
24.256411,0.013,3293,1,4096,3291,0,543650000,-83.336586
24.270449,14.038,3294,1,4096,3292,0,543800000,-83.561317
24.270463,0.014,3295,1,4096,3293,0,543950000,-84.476326
24.287575,17.112,3296,1,4096,3294,0,544100000,-83.874382
24.287593,0.018,3297,1,4096,3295,0,544250000,-84.312691
24.287599,0.006,3298,1,4096,3296,0,544400000,-85.035149
24.302489,14.890,3299,1,4096,3297,0,544550000,-83.266853
24.302501,0.013,3300,1,4096,3298,0,544700000,-85.706429
24.319912,17.410,3301,1,4096,3299,0,544850000,-84.130302
24.319926,0.014,3302,1,4096,3300,0,545000000,-83.345833
24.334942,15.016,3303,1,4096,3301,0,545150000,-83.052635
24.334957,0.015,3304,1,4096,3302,0,545300000,-84.158394
24.352943,17.985,3305,1,4096,3303,0,545450000,-82.658531
24.352957,0.014,3306,1,4096,3304,0,545600000,-83.343849
24.369237,16.280,3307,1,4096,3305,0,545750000,-83.190041
24.369250,0.013,3308,1,4096,3306,0,545900000,-82.713799
24.384283,15.034,3309,1,4096,3307,0,546050000,-82.619347
24.384296,0.012,3310,1,4096,3308,0,546200000,-83.021217
24.398858,14.562,3311,1,4096,3309,0,546350000,-83.590752
24.398871,0.014,3312,1,4096,3310,0,546500000,-84.770164
24.398876,0.005,3313,1,4096,3311,0,546650000,-83.085106
24.416642,17.766,3314,1,4096,3312,0,546800000,-83.940544
24.416656,0.015,3315,1,4096,3313,0,546950000,-83.665108
24.431647,14.990,3316,1,4096,3314,0,547100000,-84.003624
24.431661,0.014,3317,1,4096,3315,0,547250000,-84.146904
24.446648,14.987,3318,1,4096,3316,0,547400000,-84.222786
24.446661,0.013,3319,1,4096,3317,0,547550000,-84.348320
24.463933,17.272,3320,1,4096,3318,0,547700000,-84.288506
24.463948,0.015,3321,1,4096,3319,0,547850000,-83.287102
24.481185,17.237,3322,1,4096,3320,0,548000000,-83.370308
24.481199,0.015,3323,1,4096,3321,0,548150000,-84.837288
24.495978,14.779,3324,1,4096,3322,0,548300000,-83.699409
24.495992,0.014,3325,1,4096,3323,0,548450000,-84.462227
24.495997,0.005,3326,1,4096,3324,0,548600000,-84.114601
24.513199,17.201,3327,1,4096,3325,0,548750000,-83.031364
24.513212,0.014,3328,1,4096,3326,0,548900000,-83.446556
24.528215,15.003,3329,1,4096,3327,0,549050000,-83.977715
24.528230,0.015,3330,1,4096,3328,0,549200000,-82.962746
24.542731,14.501,3331,1,4096,3329,0,549350000,-84.216835
24.542746,0.015,3332,1,4096,3330,0,549500000,-84.821114
24.559858,17.112,3333,1,4096,3331,0,549650000,-84.333900
24.559872,0.014,3334,1,4096,3332,0,549800000,-83.578743
24.576907,17.035,3335,1,4096,3333,0,549950000,-83.476509
24.576921,0.014,3336,1,4096,3334,0,550100000,-83.056358
24.591733,14.811,3337,1,4096,3335,0,550250000,-83.597359
24.591746,0.014,3338,1,4096,3336,0,550400000,-84.626213
24.591751,0.005,3339,1,4096,3337,0,550550000,-84.109306
24.606722,14.971,3340,1,4096,3338,0,550700000,-82.900978
24.606737,0.015,3341,1,4096,3339,0,550850000,-84.829018
24.624750,18.013,3342,1,4096,3340,0,551000000,-83.504539
24.624763,0.014,3343,1,4096,3341,0,551150000,-84.278221
24.639466,14.703,3344,1,4096,3342,0,551300000,-82.995430
24.639479,0.013,3345,1,4096,3343,0,551450000,-83.023277
24.654546,15.067,3346,1,4096,3344,0,551600000,-84.288429
24.654560,0.014,3347,1,4096,3345,0,551750000,-84.921516
24.671632,17.072,3348,1,4096,3346,0,551900000,-85.331078
24.671650,0.018,3349,1,4096,3347,0,552050000,-82.863838
24.689128,17.478,3350,1,4096,3348,0,552200000,-84.366951
24.689142,0.014,3351,1,4096,3349,0,552350000,-83.359657
24.689147,0.005,3352,1,4096,3350,0,552500000,-83.785881
24.703445,14.298,3353,1,4096,3351,0,552650000,-84.632195
24.703463,0.018,3354,1,4096,3352,0,552800000,-83.824837
24.721076,17.613,3355,1,4096,3353,0,552950000,-83.573814
24.721095,0.019,3356,1,4096,3354,0,553100000,-83.663551
24.736186,15.092,3357,1,4096,3355,0,553250000,-84.512505
24.736205,0.018,3358,1,4096,3356,0,553400000,-84.234505
24.753096,16.891,3359,1,4096,3357,0,553550000,-83.978157
24.753117,0.021,3360,1,4096,3358,0,553700000,-83.803169
24.767168,14.050,3361,1,4096,3359,0,553850000,-84.530327
24.767192,0.024,3362,1,4096,3360,0,554000000,-83.344337
24.784350,17.158,3363,1,4096,3361,0,554150000,-83.712486
24.784364,0.014,3364,1,4096,3362,0,554300000,-83.293053
24.784370,0.006,3365,1,4096,3363,0,554450000,-84.015633
24.799316,14.946,3366,1,4096,3364,0,554600000,-83.619438
24.799332,0.015,3367,1,4096,3365,0,554750000,-83.266670
24.816841,17.510,3368,1,4096,3366,0,554900000,-84.311440
24.816861,0.019,3369,1,4096,3367,0,555050000,-84.057381
24.831107,14.247,3370,1,4096,3368,0,555200000,-82.587761
24.831122,0.014,3371,1,4096,3369,0,555350000,-83.386177
24.848635,17.513,3372,1,4096,3370,0,555500000,-84.620506
24.848650,0.015,3373,1,4096,3371,0,555650000,-82.928871
24.862931,14.281,3374,1,4096,3372,0,555800000,-83.390663
24.862945,0.014,3375,1,4096,3373,0,555950000,-83.763405
24.880827,17.883,3376,1,4096,3374,0,556100000,-83.561958
24.880842,0.015,3377,1,4096,3375,0,556250000,-84.202766
24.880848,0.006,3378,1,4096,3376,0,556400000,-82.785622
24.895358,14.510,3379,1,4096,3377,0,556550000,-84.227440
24.895374,0.016,3380,1,4096,3378,0,556700000,-83.350090
24.913015,17.641,3381,1,4096,3379,0,556850000,-84.372963
24.913029,0.014,3382,1,4096,3380,0,557000000,-85.653755
24.927624,14.595,3383,1,4096,3381,0,557150000,-83.518654
24.927649,0.024,3384,1,4096,3382,0,557300000,-83.106789
24.945335,17.686,3385,1,4096,3383,0,557450000,-84.378365
24.945350,0.015,3386,1,4096,3384,0,557600000,-85.629372
24.959441,14.091,3387,1,4096,3385,0,557750000,-83.772408
24.959456,0.015,3388,1,4096,3386,0,557900000,-83.992134
24.975977,16.521,3389,1,4096,3387,0,558050000,-84.424080
24.975992,0.015,3390,1,4096,3388,0,558200000,-83.101097
24.975999,0.006,3391,1,4096,3389,0,558350000,-83.920708
24.990952,14.954,3392,1,4096,3390,0,558500000,-83.999702
24.990967,0.015,3393,1,4096,3391,0,558650000,-83.761497
25.008188,17.221,3394,1,4096,3392,0,558800000,-83.527901
25.008204,0.015,3395,1,4096,3393,0,558950000,-83.890785
25.023168,14.964,3396,1,4096,3394,0,559100000,-83.751183
25.023182,0.014,3397,1,4096,3395,0,559250000,-84.040901
25.041182,18.000,3398,1,4096,3396,0,559400000,-84.057533
25.041197,0.015,3399,1,4096,3397,0,559550000,-83.690742
25.056184,14.986,3400,1,4096,3398,0,559700000,-84.288246
25.056198,0.015,3401,1,4096,3399,0,559850000,-83.047554
25.072890,16.692,3402,1,4096,3400,0,560000000,-84.393623
25.072904,0.014,3403,1,4096,3401,0,560150000,-83.238258
25.072909,0.005,3404,1,4096,3402,0,560300000,-83.915779
25.087896,14.987,3405,1,4096,3403,0,560450000,-82.796532
25.087912,0.016,3406,1,4096,3404,0,560600000,-82.762779
25.102379,14.467,3407,1,4096,3405,0,560750000,-84.099922
25.102392,0.014,3408,1,4096,3406,0,560900000,-84.197227
25.120431,18.038,3409,1,4096,3407,0,561050000,-84.272392
25.120446,0.015,3410,1,4096,3408,0,561200000,-82.919518
25.134917,14.471,3411,1,4096,3409,0,561350000,-83.531029
25.134932,0.015,3412,1,4096,3410,0,561500000,-83.955818
25.152939,18.007,3413,1,4096,3411,0,561650000,-85.126900
25.152953,0.014,3414,1,4096,3412,0,561800000,-84.439507
25.166926,13.973,3415,1,4096,3413,0,561950000,-84.130608
25.166941,0.015,3416,1,4096,3414,0,562100000,-83.469231
25.183478,16.537,3417,1,4096,3415,0,562250000,-83.306725
25.183494,0.016,3418,1,4096,3416,0,562400000,-83.514763
25.183499,0.006,3419,1,4096,3417,0,562550000,-83.172874
25.198447,14.947,3420,1,4096,3418,0,562700000,-83.237999
25.198460,0.014,3421,1,4096,3419,0,562850000,-83.732399
25.215460,17.000,3422,1,4096,3420,0,563000000,-84.272621
25.215475,0.015,3423,1,4096,3421,0,563150000,-82.855431
25.230460,14.985,3424,1,4096,3422,0,563300000,-83.883766
25.230474,0.014,3425,1,4096,3423,0,563450000,-83.162956
25.247480,17.006,3426,1,4096,3424,0,563600000,-84.105598
25.247496,0.016,3427,1,4096,3425,0,563750000,-84.308495
25.262511,15.014,3428,1,4096,3426,0,563900000,-83.767570
25.262524,0.013,3429,1,4096,3427,0,564050000,-84.058861
25.278398,15.875,3430,1,4096,3428,0,564200000,-83.793373
25.278411,0.013,3431,1,4096,3429,0,564350000,-83.786949
25.278416,0.005,3432,1,4096,3430,0,564500000,-84.895424
25.295856,17.441,3433,1,4096,3431,0,564650000,-83.376534
25.295871,0.015,3434,1,4096,3432,0,564800000,-84.217201
25.310367,14.495,3435,1,4096,3433,0,564950000,-83.968056
25.310382,0.015,3436,1,4096,3434,0,565100000,-83.046272
25.327913,17.531,3437,1,4096,3435,0,565250000,-84.347252
25.327930,0.017,3438,1,4096,3436,0,565400000,-83.681633
25.342372,14.442,3439,1,4096,3437,0,565550000,-83.775383
25.342386,0.014,3440,1,4096,3438,0,565700000,-84.489143
25.359887,17.502,3441,1,4096,3439,0,565850000,-83.834389
25.359902,0.014,3442,1,4096,3440,0,566000000,-83.261147
25.374447,14.545,3443,1,4096,3441,0,566150000,-83.788200
25.374464,0.017,3444,1,4096,3442,0,566300000,-84.253258
25.374470,0.006,3445,1,4096,3443,0,566450000,-84.995369
25.391395,16.926,3446,1,4096,3444,0,566600000,-84.566597
25.391410,0.015,3447,1,4096,3445,0,566750000,-84.669441
25.408897,17.487,3448,1,4096,3446,0,566900000,-84.325615
25.408912,0.015,3449,1,4096,3447,0,567050000,-83.946709
25.423430,14.518,3450,1,4096,3448,0,567200000,-84.261894
25.423445,0.015,3451,1,4096,3449,0,567350000,-84.616493
25.440917,17.472,3452,1,4096,3450,0,567500000,-84.499840
25.440930,0.014,3453,1,4096,3451,0,567650000,-85.350334
25.455432,14.502,3454,1,4096,3452,0,567800000,-83.778954
25.455447,0.015,3455,1,4096,3453,0,567950000,-83.847908
25.471992,16.545,3456,1,4096,3454,0,568100000,-84.045647
25.472007,0.015,3457,1,4096,3455,0,568250000,-84.145470
25.472013,0.006,3458,1,4096,3456,0,568400000,-82.766060
25.486494,14.480,3459,1,4096,3457,0,568550000,-82.874763
25.486509,0.015,3460,1,4096,3458,0,568700000,-84.735466
25.504587,18.078,3461,1,4096,3459,0,568850000,-84.015205
25.504600,0.013,3462,1,4096,3460,0,569000000,-83.994820
25.519085,14.485,3463,1,4096,3461,0,569150000,-84.018059
25.519098,0.012,3464,1,4096,3462,0,569300000,-84.404625
25.536603,17.505,3465,1,4096,3463,0,569450000,-84.487312
25.536618,0.015,3466,1,4096,3464,0,569600000,-83.449684
25.551101,14.484,3467,1,4096,3465,0,569750000,-85.095940
25.551121,0.020,3468,1,4096,3466,0,569900000,-84.789421
25.568317,17.196,3469,1,4096,3467,0,570050000,-83.949120
25.568331,0.014,3470,1,4096,3468,0,570200000,-83.758415
25.568336,0.006,3471,1,4096,3469,0,570350000,-83.974205
25.582884,14.548,3472,1,4096,3470,0,570500000,-83.300972
25.582906,0.022,3473,1,4096,3471,0,570650000,-83.977211
25.600296,17.390,3474,1,4096,3472,0,570800000,-83.957314
25.600310,0.014,3475,1,4096,3473,0,570950000,-84.223930
25.614820,14.510,3476,1,4096,3474,0,571100000,-84.229485
25.614835,0.016,3477,1,4096,3475,0,571250000,-84.580635
25.632842,18.007,3478,1,4096,3476,0,571400000,-83.922173
25.632857,0.015,3479,1,4096,3477,0,571550000,-84.080559
25.647400,14.543,3480,1,4096,3478,0,571700000,-84.523949
25.647427,0.027,3481,1,4096,3479,0,571850000,-84.447456
25.664898,17.471,3482,1,4096,3480,0,572000000,-83.701469
25.664913,0.015,3483,1,4096,3481,0,572150000,-84.867821
25.664918,0.005,3484,1,4096,3482,0,572300000,-84.417641
25.678863,13.945,3485,1,4096,3483,0,572450000,-83.401161
25.678878,0.016,3486,1,4096,3484,0,572600000,-84.704338
25.695943,17.065,3487,1,4096,3485,0,572750000,-83.568886
25.695957,0.014,3488,1,4096,3486,0,572900000,-84.306969
25.710693,14.735,3489,1,4096,3487,0,573050000,-84.556389
25.710707,0.014,3490,1,4096,3488,0,573200000,-83.630928
25.728258,17.552,3491,1,4096,3489,0,573350000,-83.305061
25.728275,0.017,3492,1,4096,3490,0,573500000,-83.397926
25.742688,14.413,3493,1,4096,3491,0,573650000,-84.299675
25.742704,0.016,3494,1,4096,3492,0,573800000,-82.783272
25.758796,16.092,3495,1,4096,3493,0,573950000,-83.653313
25.758812,0.016,3496,1,4096,3494,0,574100000,-83.730309
25.758818,0.006,3497,1,4096,3495,0,574250000,-82.486275
25.776095,17.277,3498,1,4096,3496,0,574400000,-82.980965
25.776110,0.015,3499,1,4096,3497,0,574550000,-85.134834
25.793213,17.103,3500,1,4096,3498,0,574700000,-84.699455
25.793227,0.013,3501,1,4096,3499,0,574850000,-83.508247
25.807235,14.009,3502,1,4096,3500,0,575000000,-83.419044
25.807252,0.017,3503,1,4096,3501,0,575150000,-83.425011
25.825235,17.982,3504,1,4096,3502,0,575300000,-85.161278
25.825249,0.014,3505,1,4096,3503,0,575450000,-84.598686
25.839561,14.312,3506,1,4096,3504,0,575600000,-83.007515
25.839575,0.014,3507,1,4096,3505,0,575750000,-84.662727
25.854590,15.015,3508,1,4096,3506,0,575900000,-84.434486
25.854607,0.016,3509,1,4096,3507,0,576050000,-83.127129
25.854612,0.005,3510,1,4096,3508,0,576200000,-84.358940
25.871552,16.940,3511,1,4096,3509,0,576350000,-84.423805
25.871567,0.015,3512,1,4096,3510,0,576500000,-83.015800
25.889122,17.555,3513,1,4096,3511,0,576650000,-83.594200
25.889139,0.017,3514,1,4096,3512,0,576800000,-83.322975
25.904540,15.401,3515,1,4096,3513,0,576950000,-84.232552
25.904555,0.015,3516,1,4096,3514,0,577100000,-83.821236
25.919526,14.971,3517,1,4096,3515,0,577250000,-82.766518
25.919541,0.014,3518,1,4096,3516,0,577400000,-84.443352
25.937253,17.712,3519,1,4096,3517,0,577550000,-83.918373
25.937266,0.014,3520,1,4096,3518,0,577700000,-84.016075
25.952276,15.010,3521,1,4096,3519,0,577850000,-83.576149
25.952292,0.016,3522,1,4096,3520,0,578000000,-84.359535
25.952298,0.006,3523,1,4096,3521,0,578150000,-83.853813
25.967551,15.253,3524,1,4096,3522,0,578300000,-83.372322
25.967568,0.017,3525,1,4096,3523,0,578450000,-84.594032
25.985024,17.456,3526,1,4096,3524,0,578600000,-82.932762
25.985038,0.014,3527,1,4096,3525,0,578750000,-84.139717
26.000029,14.991,3528,1,4096,3526,0,578900000,-85.474266
26.000043,0.014,3529,1,4096,3527,0,579050000,-82.326057
26.014305,14.261,3530,1,4096,3528,0,579200000,-83.876869
26.014319,0.014,3531,1,4096,3529,0,579350000,-83.978523
26.031613,17.294,3532,1,4096,3530,0,579500000,-83.336632
26.031628,0.014,3533,1,4096,3531,0,579650000,-84.051903
26.049151,17.524,3534,1,4096,3532,0,579800000,-84.282188
26.049166,0.015,3535,1,4096,3533,0,579950000,-83.445595
26.049171,0.005,3536,1,4096,3534,0,580100000,-83.757835
26.064138,14.967,3537,1,4096,3535,0,580250000,-84.643044
26.064154,0.015,3538,1,4096,3536,0,580400000,-84.217323
26.078721,14.567,3539,1,4096,3537,0,580550000,-83.579796
26.078735,0.014,3540,1,4096,3538,0,580700000,-84.775734
26.096518,17.784,3541,1,4096,3539,0,580850000,-84.209740
26.096533,0.015,3542,1,4096,3540,0,581000000,-83.757103
26.111527,14.994,3543,1,4096,3541,0,581150000,-84.298576
26.111542,0.016,3544,1,4096,3542,0,581300000,-84.222481
26.128734,17.192,3545,1,4096,3543,0,581450000,-84.028572
26.128747,0.013,3546,1,4096,3544,0,581600000,-83.499428
26.143638,14.891,3547,1,4096,3545,0,581750000,-84.461342
26.143653,0.014,3548,1,4096,3546,0,581900000,-83.078743
26.143658,0.006,3549,1,4096,3547,0,582050000,-83.861366
26.158632,14.974,3550,1,4096,3548,0,582200000,-84.395332
26.158646,0.014,3551,1,4096,3549,0,582350000,-84.584663
26.176154,17.508,3552,1,4096,3550,0,582500000,-83.943810
26.176169,0.014,3553,1,4096,3551,0,582650000,-83.987160
26.190904,14.735,3554,1,4096,3552,0,582800000,-83.376335
26.190918,0.015,3555,1,4096,3553,0,582950000,-82.496742
26.207659,16.740,3556,1,4096,3554,0,583100000,-83.062813
26.207674,0.016,3557,1,4096,3555,0,583250000,-83.337318
26.225144,17.470,3558,1,4096,3556,0,583400000,-83.593269
26.225159,0.015,3559,1,4096,3557,0,583550000,-84.027275
26.240554,15.395,3560,1,4096,3558,0,583700000,-83.307091
26.240568,0.015,3561,1,4096,3559,0,583850000,-83.722740
26.240574,0.006,3562,1,4096,3560,0,584000000,-84.767830
26.255538,14.964,3563,1,4096,3561,0,584150000,-83.238518
26.255551,0.014,3564,1,4096,3562,0,584300000,-83.512093
26.272151,16.599,3565,1,4096,3563,0,584450000,-83.414162
26.272175,0.024,3566,1,4096,3564,0,584600000,-84.390724
26.287153,14.977,3567,1,4096,3565,0,584750000,-82.624046
26.287173,0.020,3568,1,4096,3566,0,584900000,-84.487282
26.304174,17.001,3569,1,4096,3567,0,585050000,-84.273293
26.304191,0.017,3570,1,4096,3568,0,585200000,-83.574974
26.319181,14.990,3571,1,4096,3569,0,585350000,-83.813667
26.319196,0.015,3572,1,4096,3570,0,585500000,-83.403023
26.337101,17.905,3573,1,4096,3571,0,585650000,-83.423439
26.337115,0.014,3574,1,4096,3572,0,585800000,-83.161156
26.337120,0.006,3575,1,4096,3573,0,585950000,-84.783012
26.352081,14.961,3576,1,4096,3574,0,586100000,-84.207771
26.352095,0.014,3577,1,4096,3575,0,586250000,-83.986412
26.369215,17.120,3578,1,4096,3576,0,586400000,-84.372658
26.369232,0.017,3579,1,4096,3577,0,586550000,-82.579170
26.384228,14.997,3580,1,4096,3578,0,586700000,-84.611580
26.384246,0.018,3581,1,4096,3579,0,586850000,-83.430824
26.398736,14.490,3582,1,4096,3580,0,587000000,-84.457344
26.398751,0.015,3583,1,4096,3581,0,587150000,-83.517540
26.416741,17.990,3584,1,4096,3582,0,587300000,-83.645088
26.416756,0.014,3585,1,4096,3583,0,587450000,-83.764214
26.431754,14.999,3586,1,4096,3584,0,587600000,-84.219185
26.431769,0.014,3587,1,4096,3585,0,587750000,-83.950722
26.431774,0.006,3588,1,4096,3586,0,587900000,-83.935463
26.446734,14.960,3589,1,4096,3587,0,588050000,-83.186333
26.446748,0.014,3590,1,4096,3588,0,588200000,-84.052422
26.463569,16.820,3591,1,4096,3589,0,588350000,-83.989021
26.463582,0.013,3592,1,4096,3590,0,588500000,-83.883110
26.478573,14.992,3593,1,4096,3591,0,588650000,-84.177834
26.478588,0.014,3594,1,4096,3592,0,588800000,-83.918678
26.496079,17.492,3595,1,4096,3593,0,588950000,-82.682930
26.496094,0.015,3596,1,4096,3594,0,589100000,-83.353325
26.511087,14.993,3597,1,4096,3595,0,589250000,-83.139595
26.511100,0.014,3598,1,4096,3596,0,589400000,-84.453377
26.528127,17.027,3599,1,4096,3597,0,589550000,-83.880791
26.528142,0.015,3600,1,4096,3598,0,589700000,-84.473106
26.528148,0.006,3601,1,4096,3599,0,589850000,-85.086845
26.543098,14.950,3602,1,4096,3600,0,590000000,-84.301491
26.543111,0.013,3603,1,4096,3601,0,590150000,-84.262154
26.560605,17.494,3604,1,4096,3602,0,590300000,-85.217049
26.560618,0.013,3605,1,4096,3603,0,590450000,-83.256020
26.574966,14.348,3606,1,4096,3604,0,590600000,-83.920662
26.574979,0.013,3607,1,4096,3605,0,590750000,-83.417915
26.592075,17.096,3608,1,4096,3606,0,590900000,-84.196281
26.592089,0.015,3609,1,4096,3607,0,591050000,-82.544273
26.607146,15.057,3610,1,4096,3608,0,591200000,-84.145805
26.607164,0.018,3611,1,4096,3609,0,591350000,-83.288139
26.624463,17.299,3612,1,4096,3610,0,591500000,-84.834679
26.624476,0.013,3613,1,4096,3611,0,591650000,-82.952415
26.624481,0.005,3614,1,4096,3612,0,591800000,-82.098961
26.639448,14.967,3615,1,4096,3613,0,591950000,-83.517784
26.639462,0.014,3616,1,4096,3614,0,592100000,-83.301918
26.656468,17.006,3617,1,4096,3615,0,592250000,-83.994881
26.656483,0.015,3618,1,4096,3616,0,592400000,-82.900871
26.671475,14.992,3619,1,4096,3617,0,592550000,-84.093437
26.671490,0.015,3620,1,4096,3618,0,592700000,-83.687981
26.686493,15.003,3621,1,4096,3619,0,592850000,-83.692619
26.686508,0.015,3622,1,4096,3620,0,593000000,-84.407402
26.704491,17.983,3623,1,4096,3621,0,593150000,-83.804771
26.704506,0.015,3624,1,4096,3622,0,593300000,-84.091286
26.719517,15.012,3625,1,4096,3623,0,593450000,-83.500206
26.719532,0.015,3626,1,4096,3624,0,593600000,-84.766060
26.719537,0.005,3627,1,4096,3625,0,593750000,-83.641884
26.734496,14.959,3628,1,4096,3626,0,593900000,-83.723732
26.734509,0.014,3629,1,4096,3627,0,594050000,-83.520302
26.752064,17.555,3630,1,4096,3628,0,594200000,-82.612404
26.752079,0.015,3631,1,4096,3629,0,594350000,-84.457802
26.767067,14.988,3632,1,4096,3630,0,594500000,-83.434776
26.767092,0.025,3633,1,4096,3631,0,594650000,-83.169472
26.784205,17.114,3634,1,4096,3632,0,594800000,-83.905617
26.784220,0.014,3635,1,4096,3633,0,594950000,-82.818306
26.799221,15.001,3636,1,4096,3634,0,595100000,-83.689201
26.799235,0.014,3637,1,4096,3635,0,595250000,-85.358696
26.816738,17.502,3638,1,4096,3636,0,595400000,-83.826134
26.816752,0.014,3639,1,4096,3637,0,595550000,-83.969505
26.816758,0.006,3640,1,4096,3638,0,595700000,-84.122459
26.831670,14.913,3641,1,4096,3639,0,595850000,-83.630058
26.831684,0.014,3642,1,4096,3640,0,596000000,-83.294044
26.849191,17.508,3643,1,4096,3641,0,596150000,-83.851570
26.849206,0.014,3644,1,4096,3642,0,596300000,-84.449074
26.864189,14.983,3645,1,4096,3643,0,596450000,-84.632683
26.864203,0.014,3646,1,4096,3644,0,596600000,-84.642036
26.879192,14.989,3647,1,4096,3645,0,596750000,-84.338051
26.879206,0.015,3648,1,4096,3646,0,596900000,-83.125435
26.896918,17.711,3649,1,4096,3647,0,597050000,-83.935982
26.896931,0.013,3650,1,4096,3648,0,597200000,-83.656685
26.911447,14.516,3651,1,4096,3649,0,597350000,-84.090019
26.911461,0.014,3652,1,4096,3650,0,597500000,-83.865150
26.911468,0.006,3653,1,4096,3651,0,597650000,-84.320335
26.929120,17.653,3654,1,4096,3652,0,597800000,-82.801567
26.929133,0.013,3655,1,4096,3653,0,597950000,-83.349861
26.943639,14.505,3656,1,4096,3654,0,598100000,-84.348732
26.943653,0.014,3657,1,4096,3655,0,598250000,-83.665657
26.960671,17.018,3658,1,4096,3656,0,598400000,-83.923439
26.960686,0.015,3659,1,4096,3657,0,598550000,-85.747520
26.974290,13.604,3660,1,4096,3658,0,598700000,-83.871056
26.974305,0.015,3661,1,4096,3659,0,598850000,-83.626686
26.991348,17.043,3662,1,4096,3660,0,599000000,-83.950218
26.991392,0.044,3663,1,4096,3661,0,599150000,-83.770439
27.006371,14.979,3664,1,4096,3662,0,599300000,-82.755272
27.006385,0.015,3665,1,4096,3663,0,599450000,-83.948860
27.006391,0.006,3666,1,4096,3664,0,599600000,-83.219093
27.024349,17.959,3667,1,4096,3665,0,599750000,-84.897331
27.024363,0.013,3668,1,4096,3666,0,599900000,-83.415031
27.039860,15.497,3669,1,4096,3667,0,600050000,-84.451286
27.039874,0.015,3670,1,4096,3668,0,600200000,-83.924080
27.054349,14.474,3671,1,4096,3669,0,600350000,-84.182686
27.054363,0.014,3672,1,4096,3670,0,600500000,-84.790688
27.070884,16.521,3673,1,4096,3671,0,600650000,-83.434853
27.070898,0.015,3674,1,4096,3672,0,600800000,-84.470467
27.088642,17.744,3675,1,4096,3673,0,600950000,-84.468666
27.088656,0.013,3676,1,4096,3674,0,601100000,-83.665276
27.103670,15.014,3677,1,4096,3675,0,601250000,-83.831139
27.103684,0.014,3678,1,4096,3676,0,601400000,-83.885643
27.103689,0.005,3679,1,4096,3677,0,601550000,-83.590599
27.118652,14.963,3680,1,4096,3678,0,601700000,-84.438118
27.118666,0.014,3681,1,4096,3679,0,601850000,-84.548485
27.136651,17.985,3682,1,4096,3680,0,602000000,-83.899879
27.136665,0.013,3683,1,4096,3681,0,602150000,-84.623711
27.150451,13.786,3684,1,4096,3682,0,602300000,-83.653435
27.150465,0.014,3685,1,4096,3683,0,602450000,-82.423668
27.167966,17.500,3686,1,4096,3684,0,602600000,-84.543297
27.167982,0.017,3687,1,4096,3685,0,602750000,-84.450813
27.182466,14.484,3688,1,4096,3686,0,602900000,-84.414055
27.182480,0.013,3689,1,4096,3687,0,603050000,-83.997246
27.182484,0.004,3690,1,4096,3688,0,603200000,-84.147148
27.199972,17.488,3691,1,4096,3689,0,603350000,-83.795921
27.199987,0.015,3692,1,4096,3690,0,603500000,-84.809975
27.216045,16.058,3693,1,4096,3691,0,603650000,-83.871742
27.216059,0.014,3694,1,4096,3692,0,603800000,-82.652687
27.231051,14.992,3695,1,4096,3693,0,603950000,-83.635002
27.231064,0.013,3696,1,4096,3694,0,604100000,-84.281914
27.246495,15.432,3697,1,4096,3695,0,604250000,-83.281441
27.246509,0.013,3698,1,4096,3696,0,604400000,-84.708565
27.264032,17.523,3699,1,4096,3697,0,604550000,-84.050316
27.264047,0.015,3700,1,4096,3698,0,604700000,-84.356606
27.278708,14.661,3701,1,4096,3699,0,604850000,-82.412117
27.278722,0.014,3702,1,4096,3700,0,605000000,-80.445930
27.278727,0.005,3703,1,4096,3701,0,605150000,-83.414940
27.295281,16.554,3704,1,4096,3702,0,605300000,-84.071342
27.295297,0.016,3705,1,4096,3703,0,605450000,-85.341743
27.312702,17.405,3706,1,4096,3704,0,605600000,-83.247444
27.312717,0.015,3707,1,4096,3705,0,605750000,-83.752815
27.327703,14.985,3708,1,4096,3706,0,605900000,-84.349358
27.327720,0.017,3709,1,4096,3707,0,606050000,-83.690590
27.342189,14.469,3710,1,4096,3708,0,606200000,-84.692680
27.342202,0.013,3711,1,4096,3709,0,606350000,-83.188164
27.360202,18.000,3712,1,4096,3710,0,606500000,-83.784431
27.360217,0.014,3713,1,4096,3711,0,606650000,-84.063866
27.374232,14.015,3714,1,4096,3712,0,606800000,-84.073891
27.374246,0.014,3715,1,4096,3713,0,606950000,-84.111473
27.374252,0.006,3716,1,4096,3714,0,607100000,-83.640236
27.391585,17.333,3717,1,4096,3715,0,607250000,-83.520729
27.391598,0.013,3718,1,4096,3716,0,607400000,-83.026192
27.406603,15.005,3719,1,4096,3717,0,607550000,-85.012764
27.406617,0.014,3720,1,4096,3718,0,607700000,-83.212578
27.424088,17.471,3721,1,4096,3719,0,607850000,-83.249992
27.424102,0.014,3722,1,4096,3720,0,608000000,-82.789833
27.438175,14.074,3723,1,4096,3721,0,608150000,-83.324715
27.438187,0.012,3724,1,4096,3722,0,608300000,-83.705040
27.456187,18.000,3725,1,4096,3723,0,608450000,-83.612312
27.456200,0.013,3726,1,4096,3724,0,608600000,-85.073509
27.471205,15.005,3727,1,4096,3725,0,608750000,-84.340126
27.471218,0.013,3728,1,4096,3726,0,608900000,-83.127464
27.471223,0.005,3729,1,4096,3727,0,609050000,-83.949333
27.488011,16.788,3730,1,4096,3728,0,609200000,-84.226692
27.488027,0.016,3731,1,4096,3729,0,609350000,-83.035255
27.503011,14.984,3732,1,4096,3730,0,609500000,-83.583397
27.503024,0.013,3733,1,4096,3731,0,609650000,-82.110130
27.519973,16.949,3734,1,4096,3732,0,609800000,-84.535728
27.519986,0.014,3735,1,4096,3733,0,609950000,-82.969948
27.534970,14.983,3736,1,4096,3734,0,610100000,-83.860573
27.534983,0.013,3737,1,4096,3735,0,610250000,-83.571739
27.552049,17.066,3738,1,4096,3736,0,610400000,-82.998009
27.552064,0.015,3739,1,4096,3737,0,610550000,-83.169594
27.567054,14.991,3740,1,4096,3738,0,610700000,-83.642555
27.567067,0.013,3741,1,4096,3739,0,610850000,-83.443184
27.567071,0.004,3742,1,4096,3740,0,611000000,-84.326546
27.584284,17.213,3743,1,4096,3741,0,611150000,-83.591743
27.584300,0.016,3744,1,4096,3742,0,611300000,-84.337196
27.599284,14.984,3745,1,4096,3743,0,611450000,-84.408363
27.599297,0.014,3746,1,4096,3744,0,611600000,-83.466927
27.616791,17.493,3747,1,4096,3745,0,611750000,-83.900154
27.616805,0.014,3748,1,4096,3746,0,611900000,-83.946281
27.631795,14.990,3749,1,4096,3747,0,612050000,-84.142738
27.631809,0.014,3750,1,4096,3748,0,612200000,-83.830650
27.648182,16.373,3751,1,4096,3749,0,612350000,-83.888893
27.648200,0.018,3752,1,4096,3750,0,612500000,-83.812599
27.662687,14.487,3753,1,4096,3751,0,612650000,-84.787849
27.662700,0.013,3754,1,4096,3752,0,612800000,-84.200874
27.662704,0.004,3755,1,4096,3753,0,612950000,-83.898598
27.679435,16.731,3756,1,4096,3754,0,613100000,-84.595650
27.679448,0.013,3757,1,4096,3755,0,613250000,-85.193581
27.694493,15.045,3758,1,4096,3756,0,613400000,-83.991219
27.694507,0.014,3759,1,4096,3757,0,613550000,-83.855751
27.712510,18.002,3760,1,4096,3758,0,613700000,-83.430183
27.712524,0.014,3761,1,4096,3759,0,613850000,-84.493279
27.726824,14.300,3762,1,4096,3760,0,614000000,-84.480247
27.726836,0.012,3763,1,4096,3761,0,614150000,-83.715843
27.744809,17.973,3764,1,4096,3762,0,614300000,-83.164894
27.744823,0.014,3765,1,4096,3763,0,614450000,-84.450142
27.759116,14.293,3766,1,4096,3764,0,614600000,-83.513176
27.759128,0.012,3767,1,4096,3765,0,614750000,-83.260872
27.759133,0.005,3768,1,4096,3766,0,614900000,-84.504005
27.776660,17.527,3769,1,4096,3767,0,615050000,-84.509254
27.776673,0.014,3770,1,4096,3768,0,615200000,-83.736061
27.791712,15.039,3771,1,4096,3769,0,615350000,-84.184120
27.791726,0.014,3772,1,4096,3770,0,615500000,-85.226051
27.806731,15.005,3773,1,4096,3771,0,615650000,-83.820137
27.806746,0.015,3774,1,4096,3772,0,615800000,-84.600731
27.824000,17.255,3775,1,4096,3773,0,615950000,-83.861595
27.824014,0.014,3776,1,4096,3774,0,616100000,-83.455315
27.838495,14.481,3777,1,4096,3775,0,616250000,-83.145027
27.838510,0.015,3778,1,4096,3776,0,616400000,-84.454628
27.855501,16.991,3779,1,4096,3777,0,616550000,-84.589714
27.855515,0.014,3780,1,4096,3778,0,616700000,-83.937294
27.855520,0.005,3781,1,4096,3779,0,616850000,-82.602104
27.870482,14.962,3782,1,4096,3780,0,617000000,-84.273598
27.870496,0.014,3783,1,4096,3781,0,617150000,-83.376228
27.887414,16.918,3784,1,4096,3782,0,617300000,-84.636528
27.887429,0.015,3785,1,4096,3783,0,617450000,-82.917381
27.902183,14.754,3786,1,4096,3784,0,617600000,-83.969948
27.902196,0.013,3787,1,4096,3785,0,617750000,-84.317268
27.920085,17.889,3788,1,4096,3786,0,617900000,-84.262535
27.920099,0.014,3789,1,4096,3787,0,618050000,-85.018837
27.936820,16.721,3790,1,4096,3788,0,618200000,-83.621574
27.936833,0.013,3791,1,4096,3789,0,618350000,-83.248344
27.936837,0.005,3792,1,4096,3790,0,618500000,-82.643791
27.951801,14.964,3793,1,4096,3791,0,618650000,-83.299690
27.951814,0.013,3794,1,4096,3792,0,618800000,-84.180214
27.969031,17.217,3795,1,4096,3793,0,618950000,-83.976387
27.969046,0.015,3796,1,4096,3794,0,619100000,-84.630836
27.984030,14.984,3797,1,4096,3795,0,619250000,-85.300179
27.984044,0.014,3798,1,4096,3796,0,619400000,-82.950569
28.001119,17.074,3799,1,4096,3797,0,619550000,-83.917732
28.001133,0.015,3800,1,4096,3798,0,619700000,-84.876671
28.016031,14.898,3801,1,4096,3799,0,619850000,-83.384056
28.016046,0.014,3802,1,4096,3800,0,620000000,-83.480598
28.032270,16.225,3803,1,4096,3801,0,620150000,-84.297356
28.032284,0.014,3804,1,4096,3802,0,620300000,-83.560890
28.032290,0.006,3805,1,4096,3803,0,620450000,-84.343788
28.047241,14.951,3806,1,4096,3804,0,620600000,-83.424095
28.047256,0.014,3807,1,4096,3805,0,620750000,-83.665367
28.064743,17.487,3808,1,4096,3806,0,620900000,-83.311577
28.064756,0.013,3809,1,4096,3807,0,621050000,-83.806709
28.079808,15.052,3810,1,4096,3808,0,621200000,-83.668816
28.079824,0.016,3811,1,4096,3809,0,621350000,-83.524620
28.094750,14.926,3812,1,4096,3810,0,621500000,-84.798882
28.094764,0.014,3813,1,4096,3811,0,621650000,-83.105827
28.112744,17.980,3814,1,4096,3812,0,621800000,-82.771736
28.112758,0.014,3815,1,4096,3813,0,621950000,-83.434471
28.127268,14.510,3816,1,4096,3814,0,622100000,-84.133278
28.127281,0.013,3817,1,4096,3815,0,622250000,-84.731773
28.127286,0.005,3818,1,4096,3816,0,622400000,-84.585243
28.142282,14.996,3819,1,4096,3817,0,622550000,-83.655556
28.142297,0.015,3820,1,4096,3818,0,622700000,-83.484779
28.160280,17.984,3821,1,4096,3819,0,622850000,-83.947624
28.160294,0.014,3822,1,4096,3820,0,623000000,-83.579094
28.174863,14.568,3823,1,4096,3821,0,623150000,-84.751213
28.174876,0.013,3824,1,4096,3822,0,623300000,-84.184853
28.192441,17.565,3825,1,4096,3823,0,623450000,-83.967979
28.192456,0.016,3826,1,4096,3824,0,623600000,-84.417061
28.206393,13.937,3827,1,4096,3825,0,623750000,-83.844292
28.206407,0.014,3828,1,4096,3826,0,623900000,-84.535316
28.224426,18.019,3829,1,4096,3827,0,624050000,-83.625755
28.224441,0.014,3830,1,4096,3828,0,624200000,-84.671394
28.224446,0.006,3831,1,4096,3829,0,624350000,-83.739113
28.238880,14.434,3832,1,4096,3830,0,624500000,-83.689842
28.238892,0.013,3833,1,4096,3831,0,624650000,-82.465111
28.256462,17.569,3834,1,4096,3832,0,624800000,-83.824226
28.256476,0.015,3835,1,4096,3833,0,624950000,-83.455406
28.270950,14.474,3836,1,4096,3834,0,625100000,-84.623543
28.270963,0.014,3837,1,4096,3835,0,625250000,-84.229225
28.288781,17.818,3838,1,4096,3836,0,625400000,-82.878639
28.288797,0.016,3839,1,4096,3837,0,625550000,-83.349815
28.303077,14.279,3840,1,4096,3838,0,625700000,-83.724022
28.303090,0.013,3841,1,4096,3839,0,625850000,-85.465874
28.321058,17.968,3842,1,4096,3840,0,626000000,-83.609489
28.321071,0.013,3843,1,4096,3841,0,626150000,-83.266121
28.321076,0.005,3844,1,4096,3842,0,626300000,-83.823494
28.338239,17.163,3845,1,4096,3843,0,626450000,-82.530647
28.338258,0.019,3846,1,4096,3844,0,626600000,-83.590233
28.351278,13.021,3847,1,4096,3845,0,626750000,-83.061668
28.351297,0.019,3848,1,4096,3846,0,626900000,-83.861946
28.368321,17.024,3849,1,4096,3847,0,627050000,-83.876030
28.368342,0.021,3850,1,4096,3848,0,627200000,-82.796761
28.383143,14.801,3851,1,4096,3849,0,627350000,-83.326942
28.383157,0.014,3852,1,4096,3850,0,627500000,-84.246727
28.400185,17.028,3853,1,4096,3851,0,627650000,-84.848808
28.400201,0.015,3854,1,4096,3852,0,627800000,-83.661781
28.415221,15.021,3855,1,4096,3853,0,627950000,-83.720909
28.415237,0.016,3856,1,4096,3854,0,628100000,-83.888023
28.415243,0.006,3857,1,4096,3855,0,628250000,-83.268593
28.430145,14.902,3858,1,4096,3856,0,628400000,-84.735359
28.430161,0.016,3859,1,4096,3857,0,628550000,-84.878990
28.447771,17.610,3860,1,4096,3858,0,628700000,-83.550392
28.447789,0.018,3861,1,4096,3859,0,628850000,-83.687111
28.464795,17.007,3862,1,4096,3860,0,629000000,-84.289879
28.464810,0.015,3863,1,4096,3861,0,629150000,-83.523689
28.479185,14.375,3864,1,4096,3862,0,629300000,-83.675591
28.479201,0.016,3865,1,4096,3863,0,629450000,-83.806145
28.494201,15.000,3866,1,4096,3864,0,629600000,-83.267052
28.494217,0.016,3867,1,4096,3865,0,629750000,-84.129051
28.494222,0.006,3868,1,4096,3866,0,629900000,-84.494621
28.511362,17.139,3869,1,4096,3867,0,630050000,-83.077263
28.511375,0.013,3870,1,4096,3868,0,630200000,-83.748055
28.528593,17.218,3871,1,4096,3869,0,630350000,-84.142342
28.528611,0.018,3872,1,4096,3870,0,630500000,-82.966133
28.543588,14.976,3873,1,4096,3871,0,630650000,-84.783653
28.543601,0.014,3874,1,4096,3872,0,630800000,-82.314217
28.558095,14.494,3875,1,4096,3873,0,630950000,-83.902046
28.558110,0.015,3876,1,4096,3874,0,631100000,-82.939568
28.576097,17.987,3877,1,4096,3875,0,631250000,-83.289543
28.576113,0.016,3878,1,4096,3876,0,631400000,-84.057564
28.591389,15.277,3879,1,4096,3877,0,631550000,-83.532692
28.591404,0.015,3880,1,4096,3878,0,631700000,-84.302696
28.591410,0.006,3881,1,4096,3879,0,631850000,-84.083855
28.608893,17.483,3882,1,4096,3880,0,632000000,-84.466011
28.608906,0.013,3883,1,4096,3881,0,632150000,-83.182243
28.623921,15.015,3884,1,4096,3882,0,632300000,-84.111748
28.623936,0.015,3885,1,4096,3883,0,632450000,-83.097527
28.638413,14.477,3886,1,4096,3884,0,632600000,-84.591835
28.638428,0.015,3887,1,4096,3885,0,632750000,-82.861610
28.655925,17.496,3888,1,4096,3886,0,632900000,-84.660545
28.655947,0.022,3889,1,4096,3887,0,633050000,-84.734306
28.670609,14.662,3890,1,4096,3888,0,633200000,-83.293480
28.670624,0.014,3891,1,4096,3889,0,633350000,-84.956184
28.688669,18.046,3892,1,4096,3890,0,633500000,-84.255058
28.688685,0.016,3893,1,4096,3891,0,633650000,-83.449455
28.688690,0.004,3894,1,4096,3892,0,633800000,-83.884666
28.703118,14.429,3895,1,4096,3893,0,633950000,-83.694130
28.703133,0.014,3896,1,4096,3894,0,634100000,-84.924232
28.720245,17.113,3897,1,4096,3895,0,634250000,-84.373863
28.720260,0.015,3898,1,4096,3896,0,634400000,-83.671211
28.735230,14.970,3899,1,4096,3897,0,634550000,-83.223656
28.735246,0.015,3900,1,4096,3898,0,634700000,-82.904793
28.750237,14.991,3901,1,4096,3899,0,634850000,-83.917076
28.750252,0.015,3902,1,4096,3900,0,635000000,-83.956474
28.768341,18.089,3903,1,4096,3901,0,635150000,-84.193764
28.768362,0.021,3904,1,4096,3902,0,635300000,-83.271355
28.782773,14.411,3905,1,4096,3903,0,635450000,-83.939796
28.782786,0.014,3906,1,4096,3904,0,635600000,-82.914116
28.782791,0.005,3907,1,4096,3905,0,635750000,-83.773338
28.800754,17.963,3908,1,4096,3906,0,635900000,-83.710548
28.800767,0.013,3909,1,4096,3907,0,636050000,-83.733879
28.815001,14.234,3910,1,4096,3908,0,636200000,-84.551933
28.815014,0.013,3911,1,4096,3909,0,636350000,-84.256157
28.833015,18.001,3912,1,4096,3910,0,636500000,-85.092995
28.833029,0.014,3913,1,4096,3911,0,636650000,-84.619347
28.847528,14.499,3914,1,4096,3912,0,636800000,-84.536156
28.847543,0.015,3915,1,4096,3913,0,636950000,-84.159752
28.864389,16.845,3916,1,4096,3914,0,637100000,-84.347237
28.864401,0.012,3917,1,4096,3915,0,637250000,-83.079750
28.879013,14.613,3918,1,4096,3916,0,637400000,-82.874596
28.879026,0.013,3919,1,4096,3917,0,637550000,-83.531487
28.879031,0.005,3920,1,4096,3918,0,637700000,-84.296837
28.896439,17.407,3921,1,4096,3919,0,637850000,-83.842674
28.896454,0.015,3922,1,4096,3920,0,638000000,-83.927971
28.910928,14.474,3923,1,4096,3921,0,638150000,-84.508278
28.910941,0.013,3924,1,4096,3922,0,638300000,-83.675545
28.928021,17.080,3925,1,4096,3923,0,638450000,-83.507591
28.928042,0.021,3926,1,4096,3924,0,638600000,-84.121956
28.942999,14.957,3927,1,4096,3925,0,638750000,-84.286568
28.943012,0.014,3928,1,4096,3926,0,638900000,-84.416267
28.960804,17.791,3929,1,4096,3927,0,639050000,-84.048424
28.960818,0.015,3930,1,4096,3928,0,639200000,-83.829262
28.960824,0.006,3931,1,4096,3929,0,639350000,-83.237907
28.975779,14.955,3932,1,4096,3930,0,639500000,-83.829170
28.975794,0.015,3933,1,4096,3931,0,639650000,-84.210030
28.990290,14.496,3934,1,4096,3932,0,639800000,-83.307701
28.990304,0.014,3935,1,4096,3933,0,639950000,-83.282829
29.008193,17.889,3936,1,4096,3934,0,640100000,-83.693489
29.008208,0.016,3937,1,4096,3935,0,640250000,-83.928291
29.022323,14.114,3938,1,4096,3936,0,640400000,-83.465675
29.022336,0.014,3939,1,4096,3937,0,640550000,-83.711006
29.040033,17.697,3940,1,4096,3938,0,640700000,-83.918968
29.040046,0.013,3941,1,4096,3939,0,640850000,-84.508430
29.055063,15.017,3942,1,4096,3940,0,641000000,-84.067482
29.055077,0.014,3943,1,4096,3941,0,641150000,-83.724113
29.055082,0.005,3944,1,4096,3942,0,641300000,-83.226006
29.070048,14.966,3945,1,4096,3943,0,641450000,-82.968910
29.070061,0.014,3946,1,4096,3944,0,641600000,-83.370110
29.087527,17.466,3947,1,4096,3945,0,641750000,-83.152718
29.087543,0.015,3948,1,4096,3946,0,641900000,-83.470070
29.102144,14.601,3949,1,4096,3947,0,642050000,-84.111732
29.102158,0.014,3950,1,4096,3948,0,642200000,-82.507347
29.119636,17.478,3951,1,4096,3949,0,642350000,-83.464577
29.119651,0.015,3952,1,4096,3950,0,642500000,-84.924416
29.134166,14.516,3953,1,4096,3951,0,642650000,-85.636803
29.134180,0.014,3954,1,4096,3952,0,642800000,-84.160255
29.151545,17.366,3955,1,4096,3953,0,642950000,-84.150459
29.151560,0.015,3956,1,4096,3954,0,643100000,-83.499672
29.151567,0.006,3957,1,4096,3955,0,643250000,-84.397346
29.166070,14.504,3958,1,4096,3956,0,643400000,-84.250481
29.166084,0.014,3959,1,4096,3957,0,643550000,-83.719139
29.183120,17.036,3960,1,4096,3958,0,643700000,-83.932426
29.183134,0.014,3961,1,4096,3959,0,643850000,-83.569817
29.199944,16.811,3962,1,4096,3960,0,644000000,-84.259346
29.199960,0.015,3963,1,4096,3961,0,644150000,-85.054527
29.214046,14.086,3964,1,4096,3962,0,644300000,-85.195030
29.214063,0.017,3965,1,4096,3963,0,644450000,-84.023705
29.232036,17.973,3966,1,4096,3964,0,644600000,-84.344353
29.232051,0.015,3967,1,4096,3965,0,644750000,-84.130302
29.246690,14.639,3968,1,4096,3966,0,644900000,-84.838768
29.247671,0.981,3969,1,4096,3967,0,645050000,-83.787758
29.247683,0.012,3970,1,4096,3968,0,645200000,-83.768745
29.262612,14.929,3971,1,4096,3969,0,645350000,-84.285530
29.262632,0.020,3972,1,4096,3970,0,645500000,-83.020607
29.280049,17.417,3973,1,4096,3971,0,645650000,-82.473213
29.280062,0.014,3974,1,4096,3972,0,645800000,-83.445335
29.294115,14.053,3975,1,4096,3973,0,645950000,-84.281914
29.294130,0.015,3976,1,4096,3974,0,646100000,-83.622093
29.311697,17.567,3977,1,4096,3975,0,646250000,-83.277382
29.311711,0.014,3978,1,4096,3976,0,646400000,-83.751350
29.326750,15.039,3979,1,4096,3977,0,646550000,-84.678169
29.326765,0.015,3980,1,4096,3978,0,646700000,-84.045509
29.326770,0.006,3981,1,4096,3979,0,646850000,-83.399727
29.344248,17.477,3982,1,4096,3980,0,647000000,-83.446861
29.344263,0.016,3983,1,4096,3981,0,647150000,-83.796638
29.358730,14.467,3984,1,4096,3982,0,647300000,-84.671379
29.358744,0.014,3985,1,4096,3983,0,647450000,-83.834511
29.376303,17.559,3986,1,4096,3984,0,647600000,-84.168724
29.376322,0.019,3987,1,4096,3985,0,647750000,-83.635994
29.390252,13.930,3988,1,4096,3986,0,647900000,-85.128502
29.390268,0.015,3989,1,4096,3987,0,648050000,-84.424126
29.407502,17.234,3990,1,4096,3988,0,648200000,-84.524101
29.407515,0.013,3991,1,4096,3989,0,648350000,-83.735023
29.422009,14.494,3992,1,4096,3990,0,648500000,-84.221809
29.422025,0.016,3993,1,4096,3991,0,648650000,-83.882637
29.422030,0.005,3994,1,4096,3992,0,648800000,-83.311058
29.439245,17.216,3995,1,4096,3993,0,648950000,-83.892082
29.439261,0.015,3996,1,4096,3994,0,649100000,-83.524605
29.456025,16.765,3997,1,4096,3995,0,649250000,-84.285301
29.456040,0.015,3998,1,4096,3996,0,649400000,-83.045921
29.471410,15.370,3999,1,4096,3997,0,649550000,-84.446846
29.471440,0.030,4000,1,4096,3998,0,649700000,-84.067436
29.486672,15.232,4001,1,4096,3999,0,649850000,-83.354027
29.486691,0.018,4002,1,4096,4000,0,650000000,-84.020714
29.504097,17.407,4003,1,4096,4001,0,650150000,-83.684059
29.504117,0.020,4004,1,4096,4002,0,650300000,-83.389839
29.518570,14.453,4005,1,4096,4003,0,650450000,-83.719215
29.518585,0.015,4006,1,4096,4004,0,650600000,-84.767021
29.518591,0.006,4007,1,4096,4005,0,650750000,-83.515465
29.536552,17.961,4008,1,4096,4006,0,650900000,-84.405434
29.536567,0.015,4009,1,4096,4007,0,651050000,-84.231560
29.551051,14.484,4010,1,4096,4008,0,651200000,-82.569420
29.551065,0.014,4011,1,4096,4009,0,651350000,-83.277840
29.568573,17.508,4012,1,4096,4010,0,651500000,-84.062523
29.568589,0.016,4013,1,4096,4011,0,651650000,-83.689415
29.583053,14.464,4014,1,4096,4012,0,651800000,-84.244514
29.583066,0.013,4015,1,4096,4013,0,651950000,-84.022743
29.600596,17.530,4016,1,4096,4014,0,652100000,-83.067726
29.600611,0.015,4017,1,4096,4015,0,652250000,-85.508507
29.600617,0.006,4018,1,4096,4016,0,652400000,-84.123604
29.615088,14.472,4019,1,4096,4017,0,652550000,-84.965446
29.615103,0.015,4020,1,4096,4018,0,652700000,-83.678093
29.630087,14.984,4021,1,4096,4019,0,652850000,-81.943642
29.630100,0.013,4022,1,4096,4020,0,653000000,-83.672157
29.648200,18.100,4023,1,4096,4021,0,653150000,-83.884712
29.648224,0.024,4024,1,4096,4022,0,653300000,-83.529732
29.663190,14.966,4025,1,4096,4023,0,653450000,-84.277626
29.663203,0.013,4026,1,4096,4024,0,653600000,-84.676872
29.680689,17.486,4027,1,4096,4025,0,653750000,-84.641563
29.680703,0.014,4028,1,4096,4026,0,653900000,-83.987053
29.694731,14.028,4029,1,4096,4027,0,654050000,-84.729347
29.694746,0.015,4030,1,4096,4028,0,654200000,-84.039085
29.694752,0.006,4031,1,4096,4029,0,654350000,-83.601982
29.712719,17.967,4032,1,4096,4030,0,654500000,-82.923668
29.712733,0.014,4033,1,4096,4031,0,654650000,-84.246712
29.726645,13.913,4034,1,4096,4032,0,654800000,-83.613396
29.726660,0.014,4035,1,4096,4033,0,654950000,-82.848351
29.744683,18.023,4036,1,4096,4034,0,655100000,-85.232689
29.744697,0.014,4037,1,4096,4035,0,655250000,-84.210518
29.760143,15.446,4038,1,4096,4036,0,655400000,-84.532219
29.760157,0.014,4039,1,4096,4037,0,655550000,-83.739006
29.775145,14.987,4040,1,4096,4038,0,655700000,-83.425087
29.775160,0.016,4041,1,4096,4039,0,655850000,-84.153770
29.792497,17.337,4042,1,4096,4040,0,656000000,-83.977806
29.792512,0.015,4043,1,4096,4041,0,656150000,-83.590111
29.792518,0.006,4044,1,4096,4042,0,656300000,-83.232109
29.807477,14.959,4045,1,4096,4043,0,656450000,-84.416878
29.807492,0.015,4046,1,4096,4044,0,656600000,-83.397163
29.822076,14.584,4047,1,4096,4045,0,656750000,-83.973671
29.822093,0.018,4048,1,4096,4046,0,656900000,-84.728676
29.840091,17.998,4049,1,4096,4047,0,657050000,-82.999474
29.840108,0.016,4050,1,4096,4048,0,657200000,-83.320091
29.854077,13.970,4051,1,4096,4049,0,657350000,-83.941124
29.854091,0.014,4052,1,4096,4050,0,657500000,-84.137108
29.870717,16.626,4053,1,4096,4051,0,657650000,-83.819359
29.870731,0.014,4054,1,4096,4052,0,657800000,-84.742378
29.887851,17.119,4055,1,4096,4053,0,657950000,-83.344261
29.887865,0.015,4056,1,4096,4054,0,658100000,-84.814522
29.887870,0.005,4057,1,4096,4055,0,658250000,-83.837761
29.902808,14.938,4058,1,4096,4056,0,658400000,-82.867775
29.902826,0.018,4059,1,4096,4057,0,658550000,-83.379967
29.920406,17.580,4060,1,4096,4058,0,658700000,-84.119865
29.920427,0.022,4061,1,4096,4059,0,658850000,-83.550102
29.935337,14.910,4062,1,4096,4060,0,659000000,-83.431999
29.935352,0.015,4063,1,4096,4061,0,659150000,-83.772270
29.950499,15.147,4064,1,4096,4062,0,659300000,-84.305443
29.950513,0.014,4065,1,4096,4063,0,659450000,-83.965126
29.968563,18.051,4066,1,4096,4064,0,659600000,-84.001106
29.968584,0.020,4067,1,4096,4065,0,659750000,-83.437920
29.968589,0.006,4068,1,4096,4066,0,659900000,-84.500603
29.983044,14.455,4069,1,4096,4067,0,660050000,-84.013390
29.983059,0.015,4070,1,4096,4068,0,660200000,-84.500877
30.000743,17.684,4071,1,4096,4069,0,660350000,-83.491310
30.000765,0.022,4072,1,4096,4070,0,660500000,-84.599068
30.014910,14.145,4073,1,4096,4071,0,660650000,-83.916206
30.014925,0.016,4074,1,4096,4072,0,660800000,-83.752281
30.029943,15.017,4075,1,4096,4073,0,660950000,-82.976738
30.029958,0.016,4076,1,4096,4074,0,661100000,-83.515953
30.047206,17.248,4077,1,4096,4075,0,661250000,-83.629387
30.047224,0.018,4078,1,4096,4076,0,661400000,-83.355858
30.064672,17.449,4079,1,4096,4077,0,661550000,-83.581993
30.064688,0.016,4080,1,4096,4078,0,661700000,-83.451408
30.064695,0.007,4081,1,4096,4079,0,661850000,-83.487083
30.079618,14.923,4082,1,4096,4080,0,662000000,-83.580147
30.079633,0.015,4083,1,4096,4081,0,662150000,-84.280418
30.096879,17.246,4084,1,4096,4082,0,662300000,-83.846886
30.096895,0.016,4085,1,4096,4083,0,662450000,-83.237862
30.111372,14.477,4086,1,4096,4084,0,662600000,-83.158257
30.111385,0.014,4087,1,4096,4085,0,662750000,-83.974022
30.125949,14.564,4088,1,4096,4086,0,662900000,-83.584694
30.125965,0.016,4089,1,4096,4087,0,663050000,-83.886925
30.143961,17.996,4090,1,4096,4088,0,663200000,-83.564278
30.143974,0.014,4091,1,4096,4089,0,663350000,-83.955437
30.158128,14.153,4092,1,4096,4090,0,663500000,-83.865822
30.158141,0.013,4093,1,4096,4091,0,663650000,-83.293831
30.158146,0.005,4094,1,4096,4092,0,663800000,-83.346901
30.176131,17.985,4095,1,4096,4093,0,663950000,-83.413734
30.176149,0.018,4096,1,4096,4094,0,664100000,-82.878334
30.191368,15.219,4097,1,4096,4095,1,664250000,-83.174141
