ISO-10303-21;
HEADER;
FILE_DESCRIPTION (( 'STEP AP214' ),
    '1' );
FILE_NAME ('shell_1_1.STEP',
    '2026-05-13T01:43:30',
    ( '' ),
    ( '' ),
    'SwSTEP 2.0',
    'SolidWorks 2024',
    '' );
FILE_SCHEMA (( 'AUTOMOTIVE_DESIGN' ));
ENDSEC;

DATA;
#1 = VERTEX_POINT ( 'NONE', #1426 ) ;
#2 = CARTESIAN_POINT ( 'NONE',  ( 961.9633633353548703, 1023.331818312624932, 1055.083288978695919 ) ) ;
#3 = LINE ( 'NONE', #1245, #379 ) ;
#4 = DIRECTION ( 'NONE',  ( 1.000000000000000000, -0.000000000000000000, 0.000000000000000000 ) ) ;
#5 = CARTESIAN_POINT ( 'NONE',  ( 982.8633633353548475, 1017.831818312624932, 1051.083288978695919 ) ) ;
#6 = CARTESIAN_POINT ( 'NONE',  ( 924.0633633353548930, 1021.331818312624819, 1055.083288978695919 ) ) ;
#7 = CARTESIAN_POINT ( 'NONE',  ( 959.9633633353548703, 1031.231818312624682, 1055.083288978695919 ) ) ;
#8 = CARTESIAN_POINT ( 'NONE',  ( 959.9633633353548703, 1021.331818312624932, 1051.083288978695919 ) ) ;
#9 = VERTEX_POINT ( 'NONE', #453 ) ;
#10 = STYLED_ITEM ( 'NONE', ( #1158 ), #848 ) ;
#11 = AXIS2_PLACEMENT_3D ( 'NONE', #2731, #3254, #2714 ) ;
#12 = EDGE_CURVE ( 'NONE', #3318, #1124, #1731, .T. ) ;
#13 = CIRCLE ( 'NONE', #334, 1.099999999999989875 ) ;
#14 = ORIENTED_EDGE ( 'NONE', *, *, #2339, .T. ) ;
#15 = CARTESIAN_POINT ( 'NONE',  ( 931.7375285671641905, 998.4444294378467930, 1050.783288978695964 ) ) ;
#16 = ORIENTED_EDGE ( 'NONE', *, *, #722, .T. ) ;
#17 = CARTESIAN_POINT ( 'NONE',  ( 919.2885627257539909, 1041.631818312625001, 1055.083288978695919 ) ) ;
#18 = CARTESIAN_POINT ( 'NONE',  ( 980.8633633353548475, 1044.631818312624773, 1051.083288978695919 ) ) ;
#19 = AXIS2_PLACEMENT_3D ( 'NONE', #2525, #1295, #2342 ) ;
#20 = EDGE_CURVE ( 'NONE', #1150, #2023, #477, .T. ) ;
#21 = CARTESIAN_POINT ( 'NONE',  ( 934.1633633353549158, 1042.631818312624773, 1051.083288978695919 ) ) ;
#22 = DIRECTION ( 'NONE',  ( 0.000000000000000000, -0.000000000000000000, -1.000000000000000000 ) ) ;
#23 = DIRECTION ( 'NONE',  ( -0.000000000000000000, -0.000000000000000000, 1.000000000000000000 ) ) ;
#24 = CARTESIAN_POINT ( 'NONE',  ( 978.3510481207248404, 1036.119495477979854, 1050.783288978695964 ) ) ;
#25 = LINE ( 'NONE', #1064, #2780 ) ;
#26 = VERTEX_POINT ( 'NONE', #116 ) ;
#27 = ADVANCED_FACE ( 'NONE', ( #676 ), #1713, .F. ) ;
#28 = EDGE_LOOP ( 'NONE', ( #2258, #2884, #2006, #2355 ) ) ;
#29 = ORIENTED_EDGE ( 'NONE', *, *, #3234, .T. ) ;
#30 = CARTESIAN_POINT ( 'NONE',  ( 974.4010481207247949, 1038.119495477979854, 1055.083288978695919 ) ) ;
#31 = ORIENTED_EDGE ( 'NONE', *, *, #361, .T. ) ;
#32 = FACE_OUTER_BOUND ( 'NONE', #49, .T. ) ;
#33 = DIRECTION ( 'NONE',  ( 0.000000000000000000, -1.000000000000000000, 0.000000000000000000 ) ) ;
#34 = LINE ( 'NONE', #513, #2218 ) ;
#35 = LINE ( 'NONE', #2601, #2154 ) ;
#36 = FACE_OUTER_BOUND ( 'NONE', #3125, .T. ) ;
#37 = LINE ( 'NONE', #3122, #3229 ) ;
#38 = CARTESIAN_POINT ( 'NONE',  ( 887.8885627257538999, 1019.831818312624932, 1051.083288978695919 ) ) ;
#39 = EDGE_CURVE ( 'NONE', #90, #63, #3320, .T. ) ;
#40 = ORIENTED_EDGE ( 'NONE', *, *, #2152, .T. ) ;
#41 = AXIS2_PLACEMENT_3D ( 'NONE', #410, #1434, #1233 ) ;
#42 = ORIENTED_EDGE ( 'NONE', *, *, #3127, .T. ) ;
#43 = DIRECTION ( 'NONE',  ( 0.000000000000000000, 0.000000000000000000, -1.000000000000000000 ) ) ;
#44 = CIRCLE ( 'NONE', #2105, 2.000000000000001776 ) ;
#45 = ORIENTED_EDGE ( 'NONE', *, *, #1408, .F. ) ;
#46 = CARTESIAN_POINT ( 'NONE',  ( 976.4010481207247949, 1032.169495477979808, 1050.783288978695964 ) ) ;
#47 = DIRECTION ( 'NONE',  ( 1.000000000000000000, 0.000000000000000000, 0.000000000000000000 ) ) ;
#48 = EDGE_CURVE ( 'NONE', #1252, #1843, #237, .T. ) ;
#49 = EDGE_LOOP ( 'NONE', ( #1917, #230, #1661, #3091 ) ) ;
#50 = CARTESIAN_POINT ( 'NONE',  ( 976.4010481207247949, 1034.169495477979808, 1055.083288978695919 ) ) ;
#51 = DIRECTION ( 'NONE',  ( 0.000000000000000000, -0.000000000000000000, -1.000000000000000000 ) ) ;
#52 = CARTESIAN_POINT ( 'NONE',  ( 885.8885627257538999, 1017.831818312624932, 1051.083288978695919 ) ) ;
#53 = LINE ( 'NONE', #2147, #2771 ) ;
#54 = ORIENTED_EDGE ( 'NONE', *, *, #2013, .T. ) ;
#55 = EDGE_CURVE ( 'NONE', #592, #204, #3074, .T. ) ;
#56 = CARTESIAN_POINT ( 'NONE',  ( 980.8633633353548475, 1006.631818312624773, 1055.083288978695919 ) ) ;
#57 = ORIENTED_EDGE ( 'NONE', *, *, #675, .F. ) ;
#58 = VECTOR ( 'NONE', #2432, 1000.000000000000000 ) ;
#59 = EDGE_CURVE ( 'NONE', #1975, #646, #1508, .T. ) ;
#60 = DIRECTION ( 'NONE',  ( 0.000000000000000000, -1.000000000000000000, 0.000000000000000000 ) ) ;
#61 = CIRCLE ( 'NONE', #1206, 2.000000000000001776 ) ;
#62 = AXIS2_PLACEMENT_3D ( 'NONE', #2266, #972, #3045 ) ;
#63 = VERTEX_POINT ( 'NONE', #202 ) ;
#64 = ADVANCED_BREP_SHAPE_REPRESENTATION ( 'shell_1_1', ( #848, #2434 ), #2166 ) ;
#65 = LINE ( 'NONE', #2107, #173 ) ;
#66 = CARTESIAN_POINT ( 'NONE',  ( 926.0633633353548930, 1029.311818312624837, 1051.083288978695919 ) ) ;
#67 = ORIENTED_EDGE ( 'NONE', *, *, #2463, .F. ) ;
#68 = DIRECTION ( 'NONE',  ( 0.000000000000000000, 0.000000000000000000, 1.000000000000000000 ) ) ;
#69 = DIRECTION ( 'NONE',  ( 0.000000000000000000, 0.000000000000000000, -1.000000000000000000 ) ) ;
#70 = PLANE ( 'NONE',  #112 ) ;
#71 = AXIS2_PLACEMENT_3D ( 'NONE', #466, #1765, #452 ) ;
#72 = ORIENTED_EDGE ( 'NONE', *, *, #3036, .T. ) ;
#73 = EDGE_CURVE ( 'NONE', #2554, #1843, #2379, .T. ) ;
#74 = VECTOR ( 'NONE', #2498, 1000.000000000000000 ) ;
#75 = DIRECTION ( 'NONE',  ( 0.000000000000000000, -1.000000000000000000, 0.000000000000000000 ) ) ;
#76 = VERTEX_POINT ( 'NONE', #3093 ) ;
#77 = EDGE_CURVE ( 'NONE', #1915, #2228, #1767, .T. ) ;
#78 = VECTOR ( 'NONE', #533, 1000.000000000000000 ) ;
#79 = LINE ( 'NONE', #1859, #425 ) ;
#80 = EDGE_CURVE ( 'NONE', #3217, #1728, #1785, .T. ) ;
#81 = VERTEX_POINT ( 'NONE', #1278 ) ;
#82 = CARTESIAN_POINT ( 'NONE',  ( 963.4633633353547566, 1030.731818312624910, 1051.083288978695919 ) ) ;
#83 = EDGE_CURVE ( 'NONE', #1862, #96, #1241, .T. ) ;
#84 = CARTESIAN_POINT ( 'NONE',  ( 963.4633633353547566, 1023.331818312624932, 1051.083288978695919 ) ) ;
#85 = ORIENTED_EDGE ( 'NONE', *, *, #2138, .F. ) ;
#86 = DIRECTION ( 'NONE',  ( 0.000000000000000000, 1.000000000000000000, 0.000000000000000000 ) ) ;
#87 = VERTEX_POINT ( 'NONE', #469 ) ;
#88 = CARTESIAN_POINT ( 'NONE',  ( 921.4885627257539227, 1041.631818312625001, 1050.783288978695964 ) ) ;
#89 = DIRECTION ( 'NONE',  ( -0.000000000000000000, -0.000000000000000000, 1.000000000000000000 ) ) ;
#90 = VERTEX_POINT ( 'NONE', #216 ) ;
#91 = DIRECTION ( 'NONE',  ( -0.000000000000000000, -0.000000000000000000, 1.000000000000000000 ) ) ;
#92 = ORIENTED_EDGE ( 'NONE', *, *, #2419, .F. ) ;
#93 = CIRCLE ( 'NONE', #1997, 1.099999999999989875 ) ;
#94 = DIRECTION ( 'NONE',  ( 0.000000000000000000, 0.000000000000000000, -1.000000000000000000 ) ) ;
#95 = AXIS2_PLACEMENT_3D ( 'NONE', #166, #188, #1786 ) ;
#96 = VERTEX_POINT ( 'NONE', #986 ) ;
#97 = EDGE_CURVE ( 'NONE', #3288, #1254, #2294, .T. ) ;
#98 = CARTESIAN_POINT ( 'NONE',  ( 900.8633633353547339, 1044.631818312624773, 1051.083288978695919 ) ) ;
#99 = CARTESIAN_POINT ( 'NONE',  ( 981.3633633353547339, 994.1571142232169223, 1055.083288978695919 ) ) ;
#100 = VERTEX_POINT ( 'NONE', #2821 ) ;
#101 = FACE_BOUND ( 'NONE', #1442, .T. ) ;
#102 = VERTEX_POINT ( 'NONE', #1772 ) ;
#103 = DIRECTION ( 'NONE',  ( 1.000000000000000000, 0.000000000000000000, 0.000000000000000000 ) ) ;
#104 = FACE_OUTER_BOUND ( 'NONE', #1175, .T. ) ;
#105 = VERTEX_POINT ( 'NONE', #3098 ) ;
#106 = DIRECTION ( 'NONE',  ( -0.000000000000000000, 0.000000000000000000, 1.000000000000000000 ) ) ;
#107 = EDGE_CURVE ( 'NONE', #1150, #1898, #3344, .T. ) ;
#108 = CARTESIAN_POINT ( 'NONE',  ( 982.8633633353548475, 1010.131818312624887, 1051.083288978695919 ) ) ;
#109 = EDGE_LOOP ( 'NONE', ( #672, #3372, #3253, #1562 ) ) ;
#110 = DIRECTION ( 'NONE',  ( 1.000000000000000000, 0.000000000000000000, 0.000000000000000000 ) ) ;
#111 = DIRECTION ( 'NONE',  ( 0.000000000000000000, 1.000000000000000000, 0.000000000000000000 ) ) ;
#112 = AXIS2_PLACEMENT_3D ( 'NONE', #885, #1887, #2668 ) ;
#113 = VECTOR ( 'NONE', #1919, 1000.000000000000000 ) ;
#114 = DIRECTION ( 'NONE',  ( 1.000000000000000000, 0.000000000000000000, 0.000000000000000000 ) ) ;
#115 = VECTOR ( 'NONE', #2122, 1000.000000000000000 ) ;
#116 = CARTESIAN_POINT ( 'NONE',  ( 925.7633633353548248, 995.6571142232169223, 1055.083288978695919 ) ) ;
#117 = DIRECTION ( 'NONE',  ( 1.000000000000000000, 0.000000000000000000, 0.000000000000000000 ) ) ;
#118 = ORIENTED_EDGE ( 'NONE', *, *, #2181, .T. ) ;
#119 = CARTESIAN_POINT ( 'NONE',  ( 887.8885627257538999, 997.6571142232169223, 1051.083288978695919 ) ) ;
#120 = DIRECTION ( 'NONE',  ( -0.000000000000000000, 0.000000000000000000, 1.000000000000000000 ) ) ;
#121 = ORIENTED_EDGE ( 'NONE', *, *, #2034, .F. ) ;
#122 = EDGE_CURVE ( 'NONE', #1090, #2186, #34, .T. ) ;
#123 = LINE ( 'NONE', #3188, #3361 ) ;
#124 = ORIENTED_EDGE ( 'NONE', *, *, #560, .F. ) ;
#125 = CIRCLE ( 'NONE', #1703, 2.000000000000001776 ) ;
#126 = ORIENTED_EDGE ( 'NONE', *, *, #2438, .T. ) ;
#127 = CARTESIAN_POINT ( 'NONE',  ( 931.7375285671641905, 997.4444294378467930, 1051.083288978695919 ) ) ;
#128 = AXIS2_PLACEMENT_3D ( 'NONE', #3138, #479, #807 ) ;
#129 = LINE ( 'NONE', #2440, #234 ) ;
#130 = ORIENTED_EDGE ( 'NONE', *, *, #1593, .T. ) ;
#131 = DIRECTION ( 'NONE',  ( 0.000000000000000000, 0.000000000000000000, 1.000000000000000000 ) ) ;
#132 = VERTEX_POINT ( 'NONE', #2840 ) ;
#133 = CARTESIAN_POINT ( 'NONE',  ( 924.0633633353548930, 1029.311818312624837, 1051.083288978695919 ) ) ;
#134 = DIRECTION ( 'NONE',  ( -0.000000000000000000, -0.000000000000000000, -1.000000000000000000 ) ) ;
#135 = EDGE_CURVE ( 'NONE', #1931, #90, #1806, .T. ) ;
#136 = ORIENTED_EDGE ( 'NONE', *, *, #3245, .F. ) ;
#137 = DIRECTION ( 'NONE',  ( -1.000000000000000000, 0.000000000000000000, 0.000000000000000000 ) ) ;
#138 = FACE_OUTER_BOUND ( 'NONE', #172, .T. ) ;
#139 = ORIENTED_EDGE ( 'NONE', *, *, #2882, .F. ) ;
#140 = EDGE_CURVE ( 'NONE', #2327, #1339, #2350, .T. ) ;
#141 = VECTOR ( 'NONE', #3081, 1000.000000000000000 ) ;
#142 = VECTOR ( 'NONE', #530, 1000.000000000000000 ) ;
#143 = ORIENTED_EDGE ( 'NONE', *, *, #3334, .F. ) ;
#144 = AXIS2_PLACEMENT_3D ( 'NONE', #726, #3043, #1242 ) ;
#145 = PLANE ( 'NONE',  #1020 ) ;
#146 = ADVANCED_FACE ( 'NONE', ( #2026 ), #2581, .F. ) ;
#147 = DIRECTION ( 'NONE',  ( -0.000000000000000000, -0.000000000000000000, 1.000000000000000000 ) ) ;
#148 = EDGE_LOOP ( 'NONE', ( #710, #3044, #2605, #3291 ) ) ;
#149 = DIRECTION ( 'NONE',  ( -0.000000000000000000, -0.000000000000000000, 1.000000000000000000 ) ) ;
#150 = ORIENTED_EDGE ( 'NONE', *, *, #1889, .F. ) ;
#151 = CARTESIAN_POINT ( 'NONE',  ( 930.7375285671641905, 998.4444294378467930, 1051.083288978695919 ) ) ;
#152 = CARTESIAN_POINT ( 'NONE',  ( 919.2885627257539909, 998.6571142232169223, 1051.083288978695919 ) ) ;
#153 = EDGE_CURVE ( 'NONE', #2927, #3280, #2097, .T. ) ;
#154 = ORIENTED_EDGE ( 'NONE', *, *, #1201, .T. ) ;
#155 = DIRECTION ( 'NONE',  ( 0.000000000000000000, -1.000000000000000000, 0.000000000000000000 ) ) ;
#156 = DIRECTION ( 'NONE',  ( 1.000000000000000000, 0.000000000000000000, -0.000000000000000000 ) ) ;
#157 = ORIENTED_EDGE ( 'NONE', *, *, #824, .T. ) ;
#158 = ORIENTED_EDGE ( 'NONE', *, *, #3317, .F. ) ;
#159 = EDGE_CURVE ( 'NONE', #703, #1161, #787, .T. ) ;
#160 = ADVANCED_FACE ( 'NONE', ( #3135 ), #1316, .F. ) ;
#161 = ORIENTED_EDGE ( 'NONE', *, *, #269, .T. ) ;
#162 = DIRECTION ( 'NONE',  ( 0.000000000000000000, 0.000000000000000000, 1.000000000000000000 ) ) ;
#163 = DIRECTION ( 'NONE',  ( 1.000000000000000000, -0.000000000000000000, 0.000000000000000000 ) ) ;
#164 =( GEOMETRIC_REPRESENTATION_CONTEXT ( 3 ) GLOBAL_UNCERTAINTY_ASSIGNED_CONTEXT ( ( #249 ) ) GLOBAL_UNIT_ASSIGNED_CONTEXT ( ( #2635, #1365, #1174 ) ) REPRESENTATION_CONTEXT ( 'NONE', 'WORKASPACE' ) );
#165 = ORIENTED_EDGE ( 'NONE', *, *, #963, .T. ) ;
#166 = CARTESIAN_POINT ( 'NONE',  ( 904.3633633353547339, 1044.631818312624773, 1051.083288978695919 ) ) ;
#167 = VERTEX_POINT ( 'NONE', #2600 ) ;
#168 = CIRCLE ( 'NONE', #1745, 1.099999999999989875 ) ;
#169 = FACE_OUTER_BOUND ( 'NONE', #961, .T. ) ;
#170 = DIRECTION ( 'NONE',  ( -1.000000000000000000, 0.000000000000000000, 0.000000000000000000 ) ) ;
#171 = VECTOR ( 'NONE', #2297, 1000.000000000000000 ) ;
#172 = EDGE_LOOP ( 'NONE', ( #574, #2222, #3237, #2998 ) ) ;
#173 = VECTOR ( 'NONE', #2410, 1000.000000000000000 ) ;
#174 = EDGE_CURVE ( 'NONE', #945, #856, #953, .T. ) ;
#175 = FACE_OUTER_BOUND ( 'NONE', #3351, .T. ) ;
#176 = PLANE ( 'NONE',  #909 ) ;
#177 = ORIENTED_EDGE ( 'NONE', *, *, #181, .T. ) ;
#178 = EDGE_CURVE ( 'NONE', #3288, #3203, #2855, .T. ) ;
#179 = ORIENTED_EDGE ( 'NONE', *, *, #886, .T. ) ;
#180 = FACE_OUTER_BOUND ( 'NONE', #196, .T. ) ;
#181 = EDGE_CURVE ( 'NONE', #2460, #2559, #1300, .T. ) ;
#182 = VECTOR ( 'NONE', #1335, 1000.000000000000000 ) ;
#183 = EDGE_LOOP ( 'NONE', ( #720, #3244, #1900, #2740 ) ) ;
#184 = AXIS2_PLACEMENT_3D ( 'NONE', #1994, #2465, #2517 ) ;
#185 = EDGE_CURVE ( 'NONE', #844, #1199, #1836, .T. ) ;
#186 = DIRECTION ( 'NONE',  ( 0.000000000000000000, 0.000000000000000000, -1.000000000000000000 ) ) ;
#187 = DIRECTION ( 'NONE',  ( 0.000000000000000000, -1.000000000000000000, 0.000000000000000000 ) ) ;
#188 = DIRECTION ( 'NONE',  ( -0.000000000000000000, 1.000000000000000000, 0.000000000000000000 ) ) ;
#189 = VERTEX_POINT ( 'NONE', #2333 ) ;
#190 = EDGE_CURVE ( 'NONE', #3196, #167, #1584, .T. ) ;
#191 = PLANE ( 'NONE',  #62 ) ;
#192 = CARTESIAN_POINT ( 'NONE',  ( 932.1633633353549158, 1042.631818312624773, 1051.083288978695919 ) ) ;
#193 = CARTESIAN_POINT ( 'NONE',  ( 959.9633633353548703, 1031.231818312624682, 1055.083288978695919 ) ) ;
#194 = CARTESIAN_POINT ( 'NONE',  ( 980.8633633353548475, 1042.631818312624773, 1051.083288978695919 ) ) ;
#195 = LINE ( 'NONE', #3015, #631 ) ;
#196 = EDGE_LOOP ( 'NONE', ( #130, #1654, #231, #3223 ) ) ;
#197 = ORIENTED_EDGE ( 'NONE', *, *, #1172, .F. ) ;
#198 = ORIENTED_EDGE ( 'NONE', *, *, #824, .F. ) ;
#199 = DIRECTION ( 'NONE',  ( 1.000000000000000000, 0.000000000000000000, 0.000000000000000000 ) ) ;
#200 = CIRCLE ( 'NONE', #2374, 2.000000000000001776 ) ;
#201 = ADVANCED_FACE ( 'NONE', ( #1009 ), #3119, .F. ) ;
#202 = CARTESIAN_POINT ( 'NONE',  ( 980.8633633353548475, 995.6571142232169223, 1051.083288978695919 ) ) ;
#203 = CARTESIAN_POINT ( 'NONE',  ( 937.6633633353548021, 1044.631818312624773, 1051.083288978695919 ) ) ;
#204 = VERTEX_POINT ( 'NONE', #21 ) ;
#205 = LINE ( 'NONE', #17, #2077 ) ;
#206 = CARTESIAN_POINT ( 'NONE',  ( 984.3633633353547339, 1016.631818312624887, 1055.083288978695919 ) ) ;
#207 = CARTESIAN_POINT ( 'NONE',  ( 972.3633633353547339, 1041.631818312625001, 1055.083288978695919 ) ) ;
#208 = VECTOR ( 'NONE', #2526, 1000.000000000000000 ) ;
#209 = DIRECTION ( 'NONE',  ( -0.000000000000000000, 0.000000000000000000, 1.000000000000000000 ) ) ;
#210 = DIRECTION ( 'NONE',  ( 0.000000000000000000, 1.000000000000000000, 0.000000000000000000 ) ) ;
#211 = ORIENTED_EDGE ( 'NONE', *, *, #1309, .T. ) ;
#212 = ORIENTED_EDGE ( 'NONE', *, *, #1014, .T. ) ;
#213 = EDGE_LOOP ( 'NONE', ( #1632, #3111, #1987, #1036 ) ) ;
#214 = ORIENTED_EDGE ( 'NONE', *, *, #185, .T. ) ;
#215 = LINE ( 'NONE', #2541, #1858 ) ;
#216 = CARTESIAN_POINT ( 'NONE',  ( 980.8633633353548475, 995.6571142232169223, 1055.083288978695919 ) ) ;
#217 = CARTESIAN_POINT ( 'NONE',  ( 961.9633633353548703, 1031.231818312624682, 1051.083288978695919 ) ) ;
#218 = CARTESIAN_POINT ( 'NONE',  ( 929.5633633353547793, 1023.331818312624932, 1051.083288978695919 ) ) ;
#219 = CARTESIAN_POINT ( 'NONE',  ( 971.2633633353548248, 1041.631818312625001, 1055.083288978695919 ) ) ;
#220 = CIRCLE ( 'NONE', #2015, 2.000000000000001776 ) ;
#221 = PLANE ( 'NONE',  #3140 ) ;
#222 = DIRECTION ( 'NONE',  ( 0.000000000000000000, 0.000000000000000000, 1.000000000000000000 ) ) ;
#223 = DIRECTION ( 'NONE',  ( 0.000000000000000000, 1.000000000000000000, -0.000000000000000000 ) ) ;
#224 = DIRECTION ( 'NONE',  ( 1.000000000000000000, 0.000000000000000000, 0.000000000000000000 ) ) ;
#225 = ORIENTED_EDGE ( 'NONE', *, *, #1296, .T. ) ;
#226 = CARTESIAN_POINT ( 'NONE',  ( 931.2633633353547111, 997.6571142232169223, 1055.083288978695919 ) ) ;
#227 = VECTOR ( 'NONE', #2332, 1000.000000000000000 ) ;
#228 = ADVANCED_FACE ( 'NONE', ( #2548 ), #221, .F. ) ;
#229 = VECTOR ( 'NONE', #2177, 1000.000000000000000 ) ;
#230 = ORIENTED_EDGE ( 'NONE', *, *, #261, .F. ) ;
#231 = ORIENTED_EDGE ( 'NONE', *, *, #1114, .T. ) ;
#232 = PLANE ( 'NONE',  #2104 ) ;
#233 = ORIENTED_EDGE ( 'NONE', *, *, #2219, .F. ) ;
#234 = VECTOR ( 'NONE', #3005, 1000.000000000000000 ) ;
#235 = LINE ( 'NONE', #2019, #2564 ) ;
#236 = AXIS2_PLACEMENT_3D ( 'NONE', #644, #3295, #662 ) ;
#237 = LINE ( 'NONE', #2816, #1186 ) ;
#238 = CARTESIAN_POINT ( 'NONE',  ( 980.3510481207248404, 1034.169495477979808, 1051.083288978695919 ) ) ;
#239 = FACE_OUTER_BOUND ( 'NONE', #1895, .T. ) ;
#240 = DIRECTION ( 'NONE',  ( -0.000000000000000000, -0.000000000000000000, -1.000000000000000000 ) ) ;
#241 = DIRECTION ( 'NONE',  ( 0.000000000000000000, -0.000000000000000000, 1.000000000000000000 ) ) ;
#242 = DIRECTION ( 'NONE',  ( -1.000000000000000000, 0.000000000000000000, 0.000000000000000000 ) ) ;
#243 = DIRECTION ( 'NONE',  ( -0.000000000000000000, 0.000000000000000000, 1.000000000000000000 ) ) ;
#244 = VERTEX_POINT ( 'NONE', #495 ) ;
#245 = LINE ( 'NONE', #1572, #2137 ) ;
#246 = ORIENTED_EDGE ( 'NONE', *, *, #3207, .F. ) ;
#247 = EDGE_CURVE ( 'NONE', #2186, #189, #1665, .T. ) ;
#248 = VERTEX_POINT ( 'NONE', #1028 ) ;
#249 = UNCERTAINTY_MEASURE_WITH_UNIT (LENGTH_MEASURE( 1.000000000000000082E-05 ), #2635, 'distance_accuracy_value', 'NONE');
#250 = ORIENTED_EDGE ( 'NONE', *, *, #3290, .T. ) ;
#251 = LINE ( 'NONE', #760, #3000 ) ;
#252 = EDGE_CURVE ( 'NONE', #2111, #1517, #2133, .T. ) ;
#253 = CARTESIAN_POINT ( 'NONE',  ( 929.5633633353547793, 1023.331818312624932, 1051.083288978695919 ) ) ;
#254 = CARTESIAN_POINT ( 'NONE',  ( 974.4010481207247949, 1036.119495477979854, 1055.083288978695919 ) ) ;
#255 = CIRCLE ( 'NONE', #2537, 3.000000000000002665 ) ;
#256 = CIRCLE ( 'NONE', #1082, 1.000000000000000888 ) ;
#257 = DIRECTION ( 'NONE',  ( 0.000000000000000000, -0.000000000000000000, -1.000000000000000000 ) ) ;
#258 = CARTESIAN_POINT ( 'NONE',  ( 884.3885627257538999, 994.1571142232169223, 1055.083288978695919 ) ) ;
#259 = DIRECTION ( 'NONE',  ( 0.000000000000000000, -1.000000000000000000, 0.000000000000000000 ) ) ;
#260 = DIRECTION ( 'NONE',  ( 0.000000000000000000, 0.000000000000000000, 1.000000000000000000 ) ) ;
#261 = EDGE_CURVE ( 'NONE', #1898, #3313, #1640, .T. ) ;
#262 = VECTOR ( 'NONE', #1427, 1000.000000000000000 ) ;
#263 = CARTESIAN_POINT ( 'NONE',  ( 974.4010481207247949, 1034.169495477979808, 1050.783288978695964 ) ) ;
#264 = ORIENTED_EDGE ( 'NONE', *, *, #247, .F. ) ;
#265 = VERTEX_POINT ( 'NONE', #889 ) ;
#266 = CIRCLE ( 'NONE', #812, 2.000000000000001776 ) ;
#267 = ORIENTED_EDGE ( 'NONE', *, *, #1404, .T. ) ;
#268 = DIRECTION ( 'NONE',  ( 0.000000000000000000, -1.000000000000000000, 0.000000000000000000 ) ) ;
#269 = EDGE_CURVE ( 'NONE', #1, #2755, #1658, .T. ) ;
#270 = ORIENTED_EDGE ( 'NONE', *, *, #843, .F. ) ;
#271 = LINE ( 'NONE', #1770, #330 ) ;
#272 = CARTESIAN_POINT ( 'NONE',  ( 887.3885627257538999, 1043.131818312625001, 1050.783288978695964 ) ) ;
#273 = CARTESIAN_POINT ( 'NONE',  ( 978.3510481207248404, 1034.169495477979808, 1055.083288978695919 ) ) ;
#274 = DIRECTION ( 'NONE',  ( 1.000000000000000000, 0.000000000000000000, 0.000000000000000000 ) ) ;
#275 = LINE ( 'NONE', #2044, #1974 ) ;
#276 = CARTESIAN_POINT ( 'NONE',  ( 980.3510481207248404, 1038.119495477979854, 1055.083288978695919 ) ) ;
#277 = LINE ( 'NONE', #2553, #288 ) ;
#278 = EDGE_LOOP ( 'NONE', ( #1540, #2002, #3067, #2648, #2574 ) ) ;
#279 = VERTEX_POINT ( 'NONE', #1115 ) ;
#280 = AXIS2_PLACEMENT_3D ( 'NONE', #497, #2567, #532 ) ;
#281 = ORIENTED_EDGE ( 'NONE', *, *, #1551, .F. ) ;
#282 = APPLICATION_CONTEXT ( 'automotive_design' ) ;
#283 = FACE_OUTER_BOUND ( 'NONE', #2556, .T. ) ;
#284 = ADVANCED_FACE ( 'NONE', ( #362 ), #2926, .T. ) ;
#285 = ORIENTED_EDGE ( 'NONE', *, *, #1541, .F. ) ;
#286 = DIRECTION ( 'NONE',  ( 0.000000000000000000, 0.000000000000000000, -1.000000000000000000 ) ) ;
#287 = LINE ( 'NONE', #619, #1849 ) ;
#288 = VECTOR ( 'NONE', #2320, 1000.000000000000000 ) ;
#289 = DIRECTION ( 'NONE',  ( 1.000000000000000000, -0.000000000000000000, 0.000000000000000000 ) ) ;
#290 = DIRECTION ( 'NONE',  ( 0.000000000000000000, 0.000000000000000000, -1.000000000000000000 ) ) ;
#291 = CARTESIAN_POINT ( 'NONE',  ( 961.9633633353548703, 1021.331818312624932, 1051.083288978695919 ) ) ;
#292 = CYLINDRICAL_SURFACE ( 'NONE', #3008, 1.000000000000000888 ) ;
#293 = CYLINDRICAL_SURFACE ( 'NONE', #1159, 2.000000000000001776 ) ;
#294 = EDGE_LOOP ( 'NONE', ( #430, #54 ) ) ;
#295 = EDGE_CURVE ( 'NONE', #1292, #3113, #614, .T. ) ;
#296 = ORIENTED_EDGE ( 'NONE', *, *, #471, .T. ) ;
#297 = CIRCLE ( 'NONE', #2196, 2.000000000000001776 ) ;
#298 = CARTESIAN_POINT ( 'NONE',  ( 924.0633633353548930, 1021.331818312624819, 1051.083288978695919 ) ) ;
#299 = PRODUCT_DEFINITION ( 'æœ', '', #862, #3107 ) ;
#300 = ORIENTED_EDGE ( 'NONE', *, *, #2862, .F. ) ;
#301 = DIRECTION ( 'NONE',  ( -0.000000000000000000, 0.000000000000000000, 1.000000000000000000 ) ) ;
#302 = DIRECTION ( 'NONE',  ( -0.000000000000000000, -0.000000000000000000, -1.000000000000000000 ) ) ;
#303 = ADVANCED_FACE ( 'NONE', ( #326 ), #1098, .T. ) ;
#304 = ORIENTED_EDGE ( 'NONE', *, *, #2275, .T. ) ;
#305 = CARTESIAN_POINT ( 'NONE',  ( 926.0633633353548930, 1031.311818312624837, 1051.083288978695919 ) ) ;
#306 = DIRECTION ( 'NONE',  ( -1.000000000000000000, 0.000000000000000000, 0.000000000000000000 ) ) ;
#307 = CARTESIAN_POINT ( 'NONE',  ( 902.8633633353547339, 1031.311818312624837, 1051.083288978695919 ) ) ;
#308 = DIRECTION ( 'NONE',  ( -1.000000000000000000, -0.000000000000000000, -0.000000000000000000 ) ) ;
#309 = VECTOR ( 'NONE', #3357, 1000.000000000000000 ) ;
#310 = ORIENTED_EDGE ( 'NONE', *, *, #1615, .T. ) ;
#311 = ADVANCED_FACE ( 'NONE', ( #2435, #313, #2687, #1403 ), #2403, .T. ) ;
#312 = CIRCLE ( 'NONE', #534, 2.000000000000001776 ) ;
#313 = FACE_BOUND ( 'NONE', #2370, .T. ) ;
#314 = ORIENTED_EDGE ( 'NONE', *, *, #3197, .F. ) ;
#315 = CARTESIAN_POINT ( 'NONE',  ( 935.6633633353548021, 1033.131818312625001, 1051.083288978695919 ) ) ;
#316 = AXIS2_PLACEMENT_3D ( 'NONE', #273, #2870, #2617 ) ;
#317 = ORIENTED_EDGE ( 'NONE', *, *, #1237, .F. ) ;
#318 = CARTESIAN_POINT ( 'NONE',  ( 927.7633633353548248, 1006.131818312624887, 1055.083288978695919 ) ) ;
#319 = CARTESIAN_POINT ( 'NONE',  ( 959.9633633353548703, 1029.231818312624682, 1051.083288978695919 ) ) ;
#320 = EDGE_CURVE ( 'NONE', #2323, #2171, #1388, .T. ) ;
#321 = ORIENTED_EDGE ( 'NONE', *, *, #2688, .F. ) ;
#322 = LINE ( 'NONE', #1362, #1877 ) ;
#323 = DIRECTION ( 'NONE',  ( 1.000000000000000000, -0.000000000000000000, 0.000000000000000000 ) ) ;
#324 = LINE ( 'NONE', #307, #2343 ) ;
#325 = ORIENTED_EDGE ( 'NONE', *, *, #55, .T. ) ;
#326 = FACE_OUTER_BOUND ( 'NONE', #723, .T. ) ;
#327 = ORIENTED_EDGE ( 'NONE', *, *, #2240, .F. ) ;
#328 = EDGE_CURVE ( 'NONE', #1235, #689, #2182, .T. ) ;
#329 = MECHANICAL_DESIGN_GEOMETRIC_PRESENTATION_REPRESENTATION (  '', ( #10 ), #164 ) ;
#330 = VECTOR ( 'NONE', #491, 1000.000000000000000 ) ;
#331 = ADVANCED_FACE ( 'NONE', ( #1605 ), #1872, .F. ) ;
#332 = CARTESIAN_POINT ( 'NONE',  ( 885.8885627257538999, 1019.831818312624932, 1055.083288978695919 ) ) ;
#333 = AXIS2_PLACEMENT_3D ( 'NONE', #1072, #2108, #3149 ) ;
#334 = AXIS2_PLACEMENT_3D ( 'NONE', #2868, #543, #1342 ) ;
#335 = ORIENTED_EDGE ( 'NONE', *, *, #521, .F. ) ;
#336 = CARTESIAN_POINT ( 'NONE',  ( 978.3510481207248404, 1038.119495477979854, 1051.083288978695919 ) ) ;
#337 = CARTESIAN_POINT ( 'NONE',  ( 924.0633633353548930, 1029.311818312624837, 1055.083288978695919 ) ) ;
#338 = ORIENTED_EDGE ( 'NONE', *, *, #3264, .T. ) ;
#339 = DIRECTION ( 'NONE',  ( -0.000000000000000000, 1.000000000000000000, 0.000000000000000000 ) ) ;
#340 = EDGE_LOOP ( 'NONE', ( #936, #1003, #1741, #2750, #179, #609, #402, #1253 ) ) ;
#341 = FACE_OUTER_BOUND ( 'NONE', #2380, .T. ) ;
#342 = CARTESIAN_POINT ( 'NONE',  ( 926.0633633353548930, 1029.311818312624837, 1051.083288978695919 ) ) ;
#343 = AXIS2_PLACEMENT_3D ( 'NONE', #2293, #1798, #199 ) ;
#344 = ORIENTED_EDGE ( 'NONE', *, *, #135, .T. ) ;
#345 = EDGE_CURVE ( 'NONE', #1708, #2030, #1940, .T. ) ;
#346 = VECTOR ( 'NONE', #1976, 1000.000000000000000 ) ;
#347 = DIRECTION ( 'NONE',  ( 1.000000000000000000, -0.000000000000000000, -0.000000000000000000 ) ) ;
#348 = ORIENTED_EDGE ( 'NONE', *, *, #1445, .T. ) ;
#349 = ADVANCED_FACE ( 'NONE', ( #1672 ), #2908, .F. ) ;
#350 = VECTOR ( 'NONE', #2634, 1000.000000000000000 ) ;
#351 = DIRECTION ( 'NONE',  ( 0.000000000000000000, -1.000000000000000000, -0.000000000000000000 ) ) ;
#352 = ORIENTED_EDGE ( 'NONE', *, *, #2599, .F. ) ;
#353 = CARTESIAN_POINT ( 'NONE',  ( 926.0633633353548930, 1029.311818312624837, 1055.083288978695919 ) ) ;
#354 = DIRECTION ( 'NONE',  ( 1.000000000000000000, 0.000000000000000000, 0.000000000000000000 ) ) ;
#355 = ORIENTED_EDGE ( 'NONE', *, *, #2795, .F. ) ;
#356 = CARTESIAN_POINT ( 'NONE',  ( 937.6633633353548021, 1042.631818312624773, 1051.083288978695919 ) ) ;
#357 = ORIENTED_EDGE ( 'NONE', *, *, #785, .T. ) ;
#358 = CARTESIAN_POINT ( 'NONE',  ( 885.8885627257538999, 1023.331818312624932, 1055.083288978695919 ) ) ;
#359 = DIRECTION ( 'NONE',  ( 0.000000000000000000, 0.000000000000000000, -1.000000000000000000 ) ) ;
#360 = EDGE_LOOP ( 'NONE', ( #1367, #1485, #638, #503 ) ) ;
#361 = EDGE_CURVE ( 'NONE', #2460, #1199, #123, .T. ) ;
#362 = FACE_OUTER_BOUND ( 'NONE', #451, .T. ) ;
#363 = AXIS2_PLACEMENT_3D ( 'NONE', #732, #3047, #3310 ) ;
#364 = CARTESIAN_POINT ( 'NONE',  ( 973.4633633353547566, 1041.631818312625001, 1051.083288978695919 ) ) ;
#365 = EDGE_LOOP ( 'NONE', ( #2893, #214, #2866, #177 ) ) ;
#366 = FACE_OUTER_BOUND ( 'NONE', #2321, .T. ) ;
#367 = EDGE_CURVE ( 'NONE', #2093, #3087, #1891, .T. ) ;
#368 = DIRECTION ( 'NONE',  ( 0.000000000000000000, -1.000000000000000000, 0.000000000000000000 ) ) ;
#369 = AXIS2_PLACEMENT_3D ( 'NONE', #2506, #3242, #946 ) ;
#370 = ORIENTED_EDGE ( 'NONE', *, *, #2056, .T. ) ;
#371 = CARTESIAN_POINT ( 'NONE',  ( 887.3885627257538999, 994.1571142232169223, 1055.083288978695919 ) ) ;
#372 = VERTEX_POINT ( 'NONE', #56 ) ;
#373 = DIRECTION ( 'NONE',  ( 0.000000000000000000, -0.000000000000000000, 1.000000000000000000 ) ) ;
#374 = DIRECTION ( 'NONE',  ( -1.000000000000000000, 0.000000000000000000, 0.000000000000000000 ) ) ;
#375 = ORIENTED_EDGE ( 'NONE', *, *, #556, .T. ) ;
#376 = CARTESIAN_POINT ( 'NONE',  ( 932.1633633353549158, 1042.631818312624773, 1051.083288978695919 ) ) ;
#377 = ORIENTED_EDGE ( 'NONE', *, *, #2110, .F. ) ;
#378 = CARTESIAN_POINT ( 'NONE',  ( 904.3633633353547339, 1044.631818312624773, 1051.083288978695919 ) ) ;
#379 = VECTOR ( 'NONE', #1299, 1000.000000000000000 ) ;
#380 = ORIENTED_EDGE ( 'NONE', *, *, #1945, .T. ) ;
#381 = EDGE_CURVE ( 'NONE', #520, #2415, #1878, .T. ) ;
#382 = LINE ( 'NONE', #127, #1503 ) ;
#383 = VECTOR ( 'NONE', #147, 1000.000000000000000 ) ;
#384 = AXIS2_PLACEMENT_3D ( 'NONE', #2650, #870, #2366 ) ;
#385 = CARTESIAN_POINT ( 'NONE',  ( 982.8633633353548475, 1023.331818312624932, 1055.083288978695919 ) ) ;
#386 = EDGE_CURVE ( 'NONE', #704, #2075, #2167, .T. ) ;
#387 = ORIENTED_EDGE ( 'NONE', *, *, #431, .F. ) ;
#388 = DIRECTION ( 'NONE',  ( 0.000000000000000000, 0.000000000000000000, -1.000000000000000000 ) ) ;
#389 = ORIENTED_EDGE ( 'NONE', *, *, #1035, .T. ) ;
#390 = DIRECTION ( 'NONE',  ( -1.000000000000000000, 0.000000000000000000, 0.000000000000000000 ) ) ;
#391 = CARTESIAN_POINT ( 'NONE',  ( 982.8633633353548475, 1004.631818312624773, 1055.083288978695919 ) ) ;
#392 = ORIENTED_EDGE ( 'NONE', *, *, #2489, .T. ) ;
#393 = PLANE ( 'NONE',  #1430 ) ;
#394 = LINE ( 'NONE', #3083, #1112 ) ;
#395 = ORIENTED_EDGE ( 'NONE', *, *, #1462, .F. ) ;
#396 = AXIS2_PLACEMENT_3D ( 'NONE', #2205, #1966, #1439 ) ;
#397 = VECTOR ( 'NONE', #2368, 1000.000000000000000 ) ;
#398 = ORIENTED_EDGE ( 'NONE', *, *, #3097, .F. ) ;
#399 = EDGE_CURVE ( 'NONE', #1053, #3155, #1757, .T. ) ;
#400 = DIRECTION ( 'NONE',  ( 0.000000000000000000, -1.000000000000000000, -0.000000000000000000 ) ) ;
#401 = CARTESIAN_POINT ( 'NONE',  ( 920.3885627257540136, 1041.631818312625001, 1055.083288978695919 ) ) ;
#402 = ORIENTED_EDGE ( 'NONE', *, *, #2698, .T. ) ;
#403 = DIRECTION ( 'NONE',  ( 0.000000000000000000, -0.000000000000000000, -1.000000000000000000 ) ) ;
#404 = ORIENTED_EDGE ( 'NONE', *, *, #775, .T. ) ;
#405 = CARTESIAN_POINT ( 'NONE',  ( 885.8885627257538999, 1023.331818312624932, 1051.083288978695919 ) ) ;
#406 = CARTESIAN_POINT ( 'NONE',  ( 978.3510481207248404, 1036.119495477979854, 1051.083288978695919 ) ) ;
#407 = EDGE_CURVE ( 'NONE', #2738, #1769, #256, .T. ) ;
#408 = ORIENTED_EDGE ( 'NONE', *, *, #3207, .T. ) ;
#409 = FACE_OUTER_BOUND ( 'NONE', #580, .T. ) ;
#410 = CARTESIAN_POINT ( 'NONE',  ( 980.8633633353548475, 1004.631818312624773, 1051.083288978695919 ) ) ;
#411 = VERTEX_POINT ( 'NONE', #2518 ) ;
#412 = EDGE_CURVE ( 'NONE', #3196, #102, #2011, .T. ) ;
#413 = EDGE_LOOP ( 'NONE', ( #1144, #1446, #2844, #925 ) ) ;
#414 = AXIS2_PLACEMENT_3D ( 'NONE', #3064, #222, #2787 ) ;
#415 = EDGE_LOOP ( 'NONE', ( #1817, #622, #45, #389 ) ) ;
#416 = VECTOR ( 'NONE', #694, 1000.000000000000000 ) ;
#417 = DIRECTION ( 'NONE',  ( -0.000000000000000000, -0.000000000000000000, 1.000000000000000000 ) ) ;
#418 = DIRECTION ( 'NONE',  ( 0.000000000000000000, -0.000000000000000000, -1.000000000000000000 ) ) ;
#419 = CARTESIAN_POINT ( 'NONE',  ( 980.3510481207248404, 1032.169495477979808, 1055.083288978695919 ) ) ;
#420 = LINE ( 'NONE', #2681, #582 ) ;
#421 = EDGE_LOOP ( 'NONE', ( #2478, #2942, #2736, #997 ) ) ;
#422 = EDGE_CURVE ( 'NONE', #2168, #1090, #44, .T. ) ;
#423 = CARTESIAN_POINT ( 'NONE',  ( 929.5633633353547793, 1021.331818312624932, 1055.083288978695919 ) ) ;
#424 = LINE ( 'NONE', #713, #1146 ) ;
#425 = VECTOR ( 'NONE', #569, 1000.000000000000000 ) ;
#426 = EDGE_LOOP ( 'NONE', ( #3210, #1949, #161, #998 ) ) ;
#427 = CARTESIAN_POINT ( 'NONE',  ( 982.8633633353548475, 1008.131818312624887, 1051.083288978695919 ) ) ;
#428 = PLANE ( 'NONE',  #1075 ) ;
#429 = VERTEX_POINT ( 'NONE', #3312 ) ;
#430 = ORIENTED_EDGE ( 'NONE', *, *, #2766, .T. ) ;
#431 = EDGE_CURVE ( 'NONE', #2376, #1517, #960, .T. ) ;
#432 = LINE ( 'NONE', #378, #3315 ) ;
#434 = EDGE_CURVE ( 'NONE', #87, #2023, #1995, .T. ) ;
#433 = ORIENTED_EDGE ( 'NONE', *, *, #3330, .F. ) ;
#435 = CARTESIAN_POINT ( 'NONE',  ( 904.8633633353547339, 1031.311818312624837, 1051.083288978695919 ) ) ;
#436 = CIRCLE ( 'NONE', #2986, 1.000000000000000888 ) ;
#437 = ORIENTED_EDGE ( 'NONE', *, *, #2686, .F. ) ;
#438 = CYLINDRICAL_SURFACE ( 'NONE', #2325, 2.000000000000001776 ) ;
#439 = EDGE_LOOP ( 'NONE', ( #1422, #1178, #1957, #2655, #3060, #2852, #1851, #2165, #536, #1209, #3299, #3013 ) ) ;
#440 = VECTOR ( 'NONE', #323, 1000.000000000000000 ) ;
#441 = DIRECTION ( 'NONE',  ( 0.000000000000000000, 0.000000000000000000, -1.000000000000000000 ) ) ;
#442 = CARTESIAN_POINT ( 'NONE',  ( 924.0633633353548930, 1029.311818312624837, 1051.083288978695919 ) ) ;
#443 = AXIS2_PLACEMENT_3D ( 'NONE', #2024, #1041, #2078 ) ;
#444 = CYLINDRICAL_SURFACE ( 'NONE', #579, 1.000000000000000888 ) ;
#445 = CYLINDRICAL_SURFACE ( 'NONE', #2408, 2.000000000000001776 ) ;
#446 = DIRECTION ( 'NONE',  ( -1.000000000000000000, 0.000000000000000000, 0.000000000000000000 ) ) ;
#447 = ORIENTED_EDGE ( 'NONE', *, *, #1227, .T. ) ;
#448 = EDGE_LOOP ( 'NONE', ( #3163, #3265, #2716, #2638 ) ) ;
#449 = CIRCLE ( 'NONE', #1425, 1.000000000000000888 ) ;
#450 = EDGE_CURVE ( 'NONE', #486, #2226, #195, .T. ) ;
#451 = EDGE_LOOP ( 'NONE', ( #504, #1733, #2622, #1407 ) ) ;
#452 = DIRECTION ( 'NONE',  ( 1.000000000000000000, 0.000000000000000000, 0.000000000000000000 ) ) ;
#453 = CARTESIAN_POINT ( 'NONE',  ( 929.2633633353547111, 997.6571142232169223, 1051.083288978695919 ) ) ;
#454 = AXIS2_PLACEMENT_3D ( 'NONE', #2045, #260, #2843 ) ;
#455 = FACE_OUTER_BOUND ( 'NONE', #1921, .T. ) ;
#456 = ORIENTED_EDGE ( 'NONE', *, *, #73, .F. ) ;
#457 = CARTESIAN_POINT ( 'NONE',  ( 931.2633633353547111, 995.6571142232169223, 1055.083288978695919 ) ) ;
#458 = DIRECTION ( 'NONE',  ( 0.000000000000000000, 0.000000000000000000, -1.000000000000000000 ) ) ;
#459 = LINE ( 'NONE', #1495, #2371 ) ;
#460 = DIRECTION ( 'NONE',  ( 1.000000000000000000, 0.000000000000000000, 0.000000000000000000 ) ) ;
#461 = LINE ( 'NONE', #2285, #1782 ) ;
#462 = ORIENTED_EDGE ( 'NONE', *, *, #3127, .F. ) ;
#463 = ORIENTED_EDGE ( 'NONE', *, *, #2661, .F. ) ;
#464 = ORIENTED_EDGE ( 'NONE', *, *, #2599, .T. ) ;
#465 = ORIENTED_EDGE ( 'NONE', *, *, #2698, .F. ) ;
#466 = CARTESIAN_POINT ( 'NONE',  ( 980.8633633353548475, 1017.831818312624932, 1055.083288978695919 ) ) ;
#467 = VECTOR ( 'NONE', #652, 1000.000000000000000 ) ;
#468 = VECTOR ( 'NONE', #1687, 1000.000000000000000 ) ;
#469 = CARTESIAN_POINT ( 'NONE',  ( 885.8885627257538999, 1042.631818312624773, 1055.083288978695919 ) ) ;
#470 = CARTESIAN_POINT ( 'NONE',  ( 943.9633633353547566, 1031.231818312624682, 1055.083288978695919 ) ) ;
#471 = EDGE_CURVE ( 'NONE', #3333, #2860, #3143, .T. ) ;
#472 = ORIENTED_EDGE ( 'NONE', *, *, #39, .F. ) ;
#473 = CARTESIAN_POINT ( 'NONE',  ( 919.2885627257539909, 1041.631818312625001, 1051.083288978695919 ) ) ;
#474 = DIRECTION ( 'NONE',  ( -0.000000000000000000, -0.000000000000000000, -1.000000000000000000 ) ) ;
#475 = DIRECTION ( 'NONE',  ( 1.000000000000000000, -5.526962214019476441E-15, -0.000000000000000000 ) ) ;
#476 = CARTESIAN_POINT ( 'NONE',  ( 884.3885627257538999, 1046.131818312625001, 1050.783288978695964 ) ) ;
#477 = CIRCLE ( 'NONE', #2475, 2.000000000000001776 ) ;
#478 = LINE ( 'NONE', #1318, #3332 ) ;
#479 = DIRECTION ( 'NONE',  ( 0.000000000000000000, 0.000000000000000000, -1.000000000000000000 ) ) ;
#480 = ORIENTED_EDGE ( 'NONE', *, *, #1829, .F. ) ;
#481 = DIRECTION ( 'NONE',  ( -0.000000000000000000, 0.000000000000000000, -1.000000000000000000 ) ) ;
#482 = VECTOR ( 'NONE', #2120, 1000.000000000000000 ) ;
#483 = ORIENTED_EDGE ( 'NONE', *, *, #2363, .T. ) ;
#484 = ADVANCED_FACE ( 'NONE', ( #2719 ), #2255, .F. ) ;
#485 = CARTESIAN_POINT ( 'NONE',  ( 934.1633633353549158, 1033.131818312625001, 1051.083288978695919 ) ) ;
#486 = VERTEX_POINT ( 'NONE', #1956 ) ;
#487 = DIRECTION ( 'NONE',  ( 1.000000000000000000, 0.000000000000000000, 0.000000000000000000 ) ) ;
#488 = EDGE_CURVE ( 'NONE', #2732, #1915, #1448, .T. ) ;
#489 = CARTESIAN_POINT ( 'NONE',  ( 934.1633633353549158, 1044.631818312624773, 1051.083288978695919 ) ) ;
#490 = CARTESIAN_POINT ( 'NONE',  ( 0.000000000000000000, 0.000000000000000000, 1051.083288978695919 ) ) ;
#491 = DIRECTION ( 'NONE',  ( 0.000000000000000000, -0.000000000000000000, 1.000000000000000000 ) ) ;
#492 = FACE_OUTER_BOUND ( 'NONE', #1482, .T. ) ;
#493 = ADVANCED_FACE ( 'NONE', ( #1250 ), #428, .F. ) ;
#494 = AXIS2_PLACEMENT_3D ( 'NONE', #442, #458, #1494 ) ;
#495 = CARTESIAN_POINT ( 'NONE',  ( 924.0633633353548930, 1031.311818312624837, 1055.083288978695919 ) ) ;
#496 = DIRECTION ( 'NONE',  ( -1.000000000000000000, 0.000000000000000000, 0.000000000000000000 ) ) ;
#497 = CARTESIAN_POINT ( 'NONE',  ( 929.7633633353548248, 1006.131818312624887, 1051.083288978695919 ) ) ;
#498 = CYLINDRICAL_SURFACE ( 'NONE', #454, 1.000000000000000888 ) ;
#499 = VERTEX_POINT ( 'NONE', #2996 ) ;
#500 = CARTESIAN_POINT ( 'NONE',  ( 935.6633633353548021, 1033.131818312625001, 1055.083288978695919 ) ) ;
#501 = VECTOR ( 'NONE', #2819, 1000.000000000000000 ) ;
#502 = CIRCLE ( 'NONE', #384, 2.000000000000001776 ) ;
#503 = ORIENTED_EDGE ( 'NONE', *, *, #1801, .F. ) ;
#504 = ORIENTED_EDGE ( 'NONE', *, *, #1000, .F. ) ;
#505 = VERTEX_POINT ( 'NONE', #924 ) ;
#506 = AXIS2_PLACEMENT_3D ( 'NONE', #1523, #2577, #487 ) ;
#507 = DIRECTION ( 'NONE',  ( -1.000000000000000000, -0.000000000000000000, -0.000000000000000000 ) ) ;
#508 = PRODUCT_RELATED_PRODUCT_CATEGORY ( 'part', '', ( #1820 ) ) ;
#509 = AXIS2_PLACEMENT_3D ( 'NONE', #2085, #2101, #3139 ) ;
#510 = CARTESIAN_POINT ( 'NONE',  ( 929.5633633353547793, 1021.331818312624932, 1051.083288978695919 ) ) ;
#511 = DIRECTION ( 'NONE',  ( -0.000000000000000000, -0.000000000000000000, 1.000000000000000000 ) ) ;
#512 = AXIS2_PLACEMENT_3D ( 'NONE', #548, #243, #1285 ) ;
#513 = CARTESIAN_POINT ( 'NONE',  ( 974.4010481207247949, 1038.119495477979854, 1051.083288978695919 ) ) ;
#514 = CARTESIAN_POINT ( 'NONE',  ( 920.3885627257540136, 998.6571142232169223, 1051.083288978695919 ) ) ;
#515 = CARTESIAN_POINT ( 'NONE',  ( 984.3633633353547339, 1043.131818312625001, 1055.083288978695919 ) ) ;
#516 = CARTESIAN_POINT ( 'NONE',  ( 972.3633633353547339, 1041.631818312625001, 1055.083288978695919 ) ) ;
#517 = EDGE_LOOP ( 'NONE', ( #1001, #1471, #250, #1500 ) ) ;
#518 = LINE ( 'NONE', #1555, #397 ) ;
#519 = ORIENTED_EDGE ( 'NONE', *, *, #3131, .T. ) ;
#520 = VERTEX_POINT ( 'NONE', #1465 ) ;
#521 = EDGE_CURVE ( 'NONE', #167, #2014, #2964, .T. ) ;
#522 = VERTEX_POINT ( 'NONE', #977 ) ;
#523 = DIRECTION ( 'NONE',  ( 0.000000000000000000, 0.000000000000000000, -1.000000000000000000 ) ) ;
#524 = ORIENTED_EDGE ( 'NONE', *, *, #2349, .T. ) ;
#525 = PLANE ( 'NONE',  #3053 ) ;
#526 = ADVANCED_FACE ( 'NONE', ( #2484 ), #176, .F. ) ;
#527 = FACE_OUTER_BOUND ( 'NONE', #439, .T. ) ;
#528 = VECTOR ( 'NONE', #1061, 1000.000000000000000 ) ;
#529 = ADVANCED_FACE ( 'NONE', ( #138 ), #3328, .F. ) ;
#530 = DIRECTION ( 'NONE',  ( -0.000000000000000000, -0.000000000000000000, -1.000000000000000000 ) ) ;
#531 = DIRECTION ( 'NONE',  ( -0.000000000000000000, -0.000000000000000000, -1.000000000000000000 ) ) ;
#532 = DIRECTION ( 'NONE',  ( 1.000000000000000000, 0.000000000000000000, 0.000000000000000000 ) ) ;
#533 = DIRECTION ( 'NONE',  ( -0.000000000000000000, -0.000000000000000000, -1.000000000000000000 ) ) ;
#534 = AXIS2_PLACEMENT_3D ( 'NONE', #2477, #2227, #117 ) ;
#535 = CARTESIAN_POINT ( 'NONE',  ( 982.8633633353548475, 1016.631818312624887, 1055.083288978695919 ) ) ;
#536 = ORIENTED_EDGE ( 'NONE', *, *, #758, .T. ) ;
#537 = ORIENTED_EDGE ( 'NONE', *, *, #1023, .F. ) ;
#538 = AXIS2_PLACEMENT_3D ( 'NONE', #1405, #43, #616 ) ;
#539 = EDGE_CURVE ( 'NONE', #2303, #1958, #461, .T. ) ;
#540 = ORIENTED_EDGE ( 'NONE', *, *, #1391, .T. ) ;
#541 = LINE ( 'NONE', #798, #1760 ) ;
#542 = EDGE_LOOP ( 'NONE', ( #2176, #1336, #456, #2200 ) ) ;
#543 = DIRECTION ( 'NONE',  ( -0.000000000000000000, -0.000000000000000000, -1.000000000000000000 ) ) ;
#544 = CARTESIAN_POINT ( 'NONE',  ( 887.3885627257538999, 997.1571142232169223, 1055.083288978695919 ) ) ;
#545 = DIRECTION ( 'NONE',  ( 0.000000000000000000, 1.000000000000000000, -0.000000000000000000 ) ) ;
#546 = DIRECTION ( 'NONE',  ( 1.000000000000000000, 0.000000000000000000, 0.000000000000000000 ) ) ;
#547 = DIRECTION ( 'NONE',  ( -0.000000000000000000, -0.000000000000000000, -1.000000000000000000 ) ) ;
#548 = CARTESIAN_POINT ( 'NONE',  ( 961.4633633353547566, 1030.731818312624910, 1055.083288978695919 ) ) ;
#549 = CARTESIAN_POINT ( 'NONE',  ( 976.4010481207247949, 1038.119495477979854, 1050.483288978696010 ) ) ;
#550 = EDGE_LOOP ( 'NONE', ( #695, #310, #1604, #3051 ) ) ;
#551 = CIRCLE ( 'NONE', #2709, 2.000000000000001776 ) ;
#552 = ORIENTED_EDGE ( 'NONE', *, *, #2575, .F. ) ;
#553 = CIRCLE ( 'NONE', #2831, 2.000000000000001776 ) ;
#554 = VECTOR ( 'NONE', #2157, 1000.000000000000000 ) ;
#555 = DIRECTION ( 'NONE',  ( -0.000000000000000000, 1.000000000000000000, -0.000000000000000000 ) ) ;
#556 = EDGE_CURVE ( 'NONE', #1634, #1905, #1497, .T. ) ;
#557 = ORIENTED_EDGE ( 'NONE', *, *, #1164, .T. ) ;
#558 = AXIS2_PLACEMENT_3D ( 'NONE', #2585, #1536, #754 ) ;
#559 = DIRECTION ( 'NONE',  ( -0.000000000000000000, -0.000000000000000000, -1.000000000000000000 ) ) ;
#560 = EDGE_CURVE ( 'NONE', #685, #2680, #394, .T. ) ;
#561 = CARTESIAN_POINT ( 'NONE',  ( 980.3510481207248404, 1036.119495477979854, 1051.083288978695919 ) ) ;
#562 = VECTOR ( 'NONE', #1224, 1000.000000000000000 ) ;
#563 = ORIENTED_EDGE ( 'NONE', *, *, #83, .F. ) ;
#564 = FACE_OUTER_BOUND ( 'NONE', #426, .T. ) ;
#565 = CARTESIAN_POINT ( 'NONE',  ( 920.3885627257540136, 1041.631818312625001, 1055.083288978695919 ) ) ;
#566 = DIRECTION ( 'NONE',  ( 0.000000000000000000, 0.000000000000000000, 1.000000000000000000 ) ) ;
#567 = ORIENTED_EDGE ( 'NONE', *, *, #3241, .T. ) ;
#568 = ORIENTED_EDGE ( 'NONE', *, *, #252, .F. ) ;
#569 = DIRECTION ( 'NONE',  ( 1.000000000000000000, -0.000000000000000000, -0.000000000000000000 ) ) ;
#570 = EDGE_LOOP ( 'NONE', ( #3037, #2730, #809, #2428 ) ) ;
#571 = DIRECTION ( 'NONE',  ( 0.000000000000000000, 0.000000000000000000, -1.000000000000000000 ) ) ;
#572 = CARTESIAN_POINT ( 'NONE',  ( 943.9633633353547566, 1031.231818312624682, 1051.083288978695919 ) ) ;
#573 = ADVANCED_FACE ( 'NONE', ( #752 ), #498, .F. ) ;
#574 = ORIENTED_EDGE ( 'NONE', *, *, #1645, .T. ) ;
#575 = LINE ( 'NONE', #5, #1238 ) ;
#576 = DIRECTION ( 'NONE',  ( 0.000000000000000000, 0.000000000000000000, 1.000000000000000000 ) ) ;
#577 = DIRECTION ( 'NONE',  ( 1.000000000000000000, 0.000000000000000000, 0.000000000000000000 ) ) ;
#578 = CARTESIAN_POINT ( 'NONE',  ( 963.4633633353547566, 1023.331818312624932, 1055.083288978695919 ) ) ;
#579 = AXIS2_PLACEMENT_3D ( 'NONE', #749, #1807, #2566 ) ;
#580 = EDGE_LOOP ( 'NONE', ( #817, #2051, #2256, #1692 ) ) ;
#581 = ADVANCED_FACE ( 'NONE', ( #2367 ), #1031, .F. ) ;
#582 = VECTOR ( 'NONE', #1932, 1000.000000000000000 ) ;
#583 = DIRECTION ( 'NONE',  ( -0.000000000000000000, 1.000000000000000000, -0.000000000000000000 ) ) ;
#584 = VERTEX_POINT ( 'NONE', #1793 ) ;
#585 = CARTESIAN_POINT ( 'NONE',  ( 927.5633633353547793, 1030.811818312624837, 1051.083288978695919 ) ) ;
#586 = ORIENTED_EDGE ( 'NONE', *, *, #80, .F. ) ;
#587 = CARTESIAN_POINT ( 'NONE',  ( 887.8885627257538999, 1021.331818312624932, 1051.083288978695919 ) ) ;
#588 = CARTESIAN_POINT ( 'NONE',  ( 981.3633633353547339, 994.1571142232169223, 1055.083288978695919 ) ) ;
#589 = EDGE_CURVE ( 'NONE', #2030, #81, #1763, .T. ) ;
#590 = ORIENTED_EDGE ( 'NONE', *, *, #2071, .T. ) ;
#591 = DIRECTION ( 'NONE',  ( -1.000000000000000000, 0.000000000000000000, -0.000000000000000000 ) ) ;
#592 = VERTEX_POINT ( 'NONE', #2824 ) ;
#593 = LINE ( 'NONE', #291, #2932 ) ;
#594 = DIRECTION ( 'NONE',  ( 0.000000000000000000, 0.000000000000000000, 1.000000000000000000 ) ) ;
#595 = ADVANCED_FACE ( 'NONE', ( #1303 ), #1839, .F. ) ;
#596 = VERTEX_POINT ( 'NONE', #2336 ) ;
#597 = DIRECTION ( 'NONE',  ( 1.000000000000000000, 0.000000000000000000, 0.000000000000000000 ) ) ;
#598 = ORIENTED_EDGE ( 'NONE', *, *, #3262, .T. ) ;
#599 = VECTOR ( 'NONE', #2384, 1000.000000000000000 ) ;
#600 = DIRECTION ( 'NONE',  ( -0.000000000000000000, -0.000000000000000000, -1.000000000000000000 ) ) ;
#601 = VECTOR ( 'NONE', #474, 1000.000000000000000 ) ;
#602 = VECTOR ( 'NONE', #2885, 1000.000000000000000 ) ;
#603 = ORIENTED_EDGE ( 'NONE', *, *, #1201, .F. ) ;
#604 = CARTESIAN_POINT ( 'NONE',  ( 961.9633633353548703, 1029.231818312624682, 1051.083288978695919 ) ) ;
#605 = FACE_OUTER_BOUND ( 'NONE', #415, .T. ) ;
#606 = EDGE_CURVE ( 'NONE', #2536, #1214, #37, .T. ) ;
#607 = VERTEX_POINT ( 'NONE', #7 ) ;
#608 = CARTESIAN_POINT ( 'NONE',  ( 902.8633633353547339, 1031.311818312624837, 1055.083288978695919 ) ) ;
#609 = ORIENTED_EDGE ( 'NONE', *, *, #1545, .T. ) ;
#610 = CARTESIAN_POINT ( 'NONE',  ( 982.8633633353548475, 1021.331818312624932, 1051.083288978695919 ) ) ;
#611 = DIRECTION ( 'NONE',  ( 0.000000000000000000, -0.000000000000000000, -1.000000000000000000 ) ) ;
#612 = VECTOR ( 'NONE', #268, 1000.000000000000000 ) ;
#613 = VERTEX_POINT ( 'NONE', #1319 ) ;
#614 = LINE ( 'NONE', #874, #1501 ) ;
#615 = EDGE_CURVE ( 'NONE', #1520, #411, #790, .T. ) ;
#616 = DIRECTION ( 'NONE',  ( -1.000000000000000000, 0.000000000000000000, 0.000000000000000000 ) ) ;
#617 = ORIENTED_EDGE ( 'NONE', *, *, #1219, .F. ) ;
#618 = CARTESIAN_POINT ( 'NONE',  ( 927.5633633353547793, 1023.331818312624932, 1051.083288978695919 ) ) ;
#619 = CARTESIAN_POINT ( 'NONE',  ( 984.3633633353547339, 1046.131818312625001, 1050.783288978695964 ) ) ;
#620 = ORIENTED_EDGE ( 'NONE', *, *, #1964, .F. ) ;
#621 = CARTESIAN_POINT ( 'NONE',  ( 982.8633633353548475, 1004.631818312624773, 1051.083288978695919 ) ) ;
#622 = ORIENTED_EDGE ( 'NONE', *, *, #2184, .T. ) ;
#623 = FACE_OUTER_BOUND ( 'NONE', #1437, .T. ) ;
#624 = SURFACE_SIDE_STYLE ('',( #2955 ) ) ;
#625 = EDGE_LOOP ( 'NONE', ( #1171, #3016 ) ) ;
#626 = CARTESIAN_POINT ( 'NONE',  ( 929.5633633353547793, 1021.331818312624932, 1055.083288978695919 ) ) ;
#627 = ORIENTED_EDGE ( 'NONE', *, *, #2542, .F. ) ;
#628 = VECTOR ( 'NONE', #2058, 1000.000000000000000 ) ;
#629 = ADVANCED_FACE ( 'NONE', ( #1570 ), #2353, .F. ) ;
#630 = CIRCLE ( 'NONE', #414, 2.000000000000001776 ) ;
#631 = VECTOR ( 'NONE', #684, 1000.000000000000000 ) ;
#632 = DIRECTION ( 'NONE',  ( 1.000000000000000000, -0.000000000000000000, -0.000000000000000000 ) ) ;
#633 = EDGE_CURVE ( 'NONE', #96, #2732, #1277, .T. ) ;
#634 = ORIENTED_EDGE ( 'NONE', *, *, #2319, .F. ) ;
#635 = LINE ( 'NONE', #2706, #350 ) ;
#636 = CARTESIAN_POINT ( 'NONE',  ( 935.6633633353548021, 1033.131818312625001, 1051.083288978695919 ) ) ;
#637 = CARTESIAN_POINT ( 'NONE',  ( 926.0633633353548930, 1021.331818312624819, 1055.083288978695919 ) ) ;
#638 = ORIENTED_EDGE ( 'NONE', *, *, #1289, .F. ) ;
#639 = FACE_OUTER_BOUND ( 'NONE', #1086, .T. ) ;
#640 = ORIENTED_EDGE ( 'NONE', *, *, #606, .T. ) ;
#641 = DIRECTION ( 'NONE',  ( 0.000000000000000000, 0.000000000000000000, -1.000000000000000000 ) ) ;
#642 = CYLINDRICAL_SURFACE ( 'NONE', #494, 2.000000000000001776 ) ;
#643 = EDGE_LOOP ( 'NONE', ( #982, #3354, #1243, #408 ) ) ;
#644 = CARTESIAN_POINT ( 'NONE',  ( 929.2633633353547111, 1006.631818312624773, 1051.083288978695919 ) ) ;
#645 = DIRECTION ( 'NONE',  ( -0.000000000000000000, 0.000000000000000000, -1.000000000000000000 ) ) ;
#646 = VERTEX_POINT ( 'NONE', #1775 ) ;
#647 = ADVANCED_FACE ( 'NONE', ( #2584 ), #2100, .F. ) ;
#648 = DIRECTION ( 'NONE',  ( 0.000000000000000000, -0.000000000000000000, 1.000000000000000000 ) ) ;
#649 = AXIS2_PLACEMENT_3D ( 'NONE', #900, #3255, #2515 ) ;
#650 = ORIENTED_EDGE ( 'NONE', *, *, #3144, .F. ) ;
#651 = EDGE_CURVE ( 'NONE', #2559, #735, #2411, .T. ) ;
#652 = DIRECTION ( 'NONE',  ( 0.000000000000000000, 0.000000000000000000, 1.000000000000000000 ) ) ;
#653 = AXIS2_PLACEMENT_3D ( 'NONE', #2598, #1313, #1835 ) ;
#654 = DIRECTION ( 'NONE',  ( 0.000000000000000000, -0.000000000000000000, -1.000000000000000000 ) ) ;
#655 = ORIENTED_EDGE ( 'NONE', *, *, #2262, .F. ) ;
#656 = DIRECTION ( 'NONE',  ( -0.000000000000000000, 0.000000000000000000, 1.000000000000000000 ) ) ;
#657 = EDGE_CURVE ( 'NONE', #1680, #1862, #297, .T. ) ;
#658 = ORIENTED_EDGE ( 'NONE', *, *, #1368, .T. ) ;
#659 = DIRECTION ( 'NONE',  ( -1.000000000000000000, 0.000000000000000000, -0.000000000000000000 ) ) ;
#660 = LINE ( 'NONE', #1213, #1744 ) ;
#661 = ORIENTED_EDGE ( 'NONE', *, *, #1678, .T. ) ;
#662 = DIRECTION ( 'NONE',  ( -0.000000000000000000, 0.000000000000000000, 1.000000000000000000 ) ) ;
#663 = CARTESIAN_POINT ( 'NONE',  ( 980.3510481207248404, 1038.119495477979854, 1055.083288978695919 ) ) ;
#664 = EDGE_CURVE ( 'NONE', #1673, #1124, #1079, .T. ) ;
#665 = ORIENTED_EDGE ( 'NONE', *, *, #1674, .F. ) ;
#666 = AXIS2_PLACEMENT_3D ( 'NONE', #3301, #3287, #1985 ) ;
#667 = ORIENTED_EDGE ( 'NONE', *, *, #1323, .F. ) ;
#668 = AXIS2_PLACEMENT_3D ( 'NONE', #226, #3049, #1686 ) ;
#669 = CYLINDRICAL_SURFACE ( 'NONE', #1623, 2.000000000000001776 ) ;
#670 = ADVANCED_FACE ( 'NONE', ( #2551 ), #292, .F. ) ;
#671 = AXIS2_PLACEMENT_3D ( 'NONE', #2806, #1265, #224 ) ;
#672 = ORIENTED_EDGE ( 'NONE', *, *, #3282, .T. ) ;
#673 = FACE_OUTER_BOUND ( 'NONE', #737, .T. ) ;
#674 = FACE_OUTER_BOUND ( 'NONE', #926, .T. ) ;
#675 = EDGE_CURVE ( 'NONE', #3040, #613, #2257, .T. ) ;
#676 = FACE_OUTER_BOUND ( 'NONE', #421, .T. ) ;
#677 = CARTESIAN_POINT ( 'NONE',  ( 926.0633633353548930, 1021.331818312624819, 1051.083288978695919 ) ) ;
#678 = ORIENTED_EDGE ( 'NONE', *, *, #140, .F. ) ;
#679 = DIRECTION ( 'NONE',  ( -0.000000000000000000, -0.000000000000000000, -1.000000000000000000 ) ) ;
#680 = DIRECTION ( 'NONE',  ( -0.000000000000000000, 0.000000000000000000, 1.000000000000000000 ) ) ;
#681 = VERTEX_POINT ( 'NONE', #2302 ) ;
#682 = EDGE_CURVE ( 'NONE', #3189, #2035, #1546, .T. ) ;
#683 = DIRECTION ( 'NONE',  ( 0.000000000000000000, -0.000000000000000000, -1.000000000000000000 ) ) ;
#684 = DIRECTION ( 'NONE',  ( -0.000000000000000000, 0.000000000000000000, 1.000000000000000000 ) ) ;
#685 = VERTEX_POINT ( 'NONE', #1349 ) ;
#686 = EDGE_CURVE ( 'NONE', #978, #1958, #1602, .T. ) ;
#687 = VERTEX_POINT ( 'NONE', #893 ) ;
#688 = VECTOR ( 'NONE', #2649, 1000.000000000000000 ) ;
#689 = VERTEX_POINT ( 'NONE', #3169 ) ;
#690 = AXIS2_PLACEMENT_3D ( 'NONE', #490, #3305, #1258 ) ;
#691 = LINE ( 'NONE', #2188, #854 ) ;
#692 = PLANE ( 'NONE',  #887 ) ;
#693 = ORIENTED_EDGE ( 'NONE', *, *, #399, .F. ) ;
#694 = DIRECTION ( 'NONE',  ( -0.000000000000000000, 0.000000000000000000, 1.000000000000000000 ) ) ;
#695 = ORIENTED_EDGE ( 'NONE', *, *, #2013, .F. ) ;
#696 = DIRECTION ( 'NONE',  ( -1.000000000000000000, 0.000000000000000000, 0.000000000000000000 ) ) ;
#697 = FACE_OUTER_BOUND ( 'NONE', #1923, .T. ) ;
#698 = DIRECTION ( 'NONE',  ( 1.000000000000000000, 0.000000000000000000, 0.000000000000000000 ) ) ;
#699 = DIRECTION ( 'NONE',  ( 1.000000000000000000, 0.000000000000000000, 0.000000000000000000 ) ) ;
#700 = DIRECTION ( 'NONE',  ( 1.000000000000000000, 0.000000000000000000, 0.000000000000000000 ) ) ;
#701 = ORIENTED_EDGE ( 'NONE', *, *, #937, .T. ) ;
#702 = EDGE_CURVE ( 'NONE', #1128, #2732, #635, .T. ) ;
#703 = VERTEX_POINT ( 'NONE', #836 ) ;
#704 = VERTEX_POINT ( 'NONE', #52 ) ;
#705 = EDGE_CURVE ( 'NONE', #2415, #520, #786, .T. ) ;
#706 = PLANE ( 'NONE',  #1483 ) ;
#707 = AXIS2_PLACEMENT_3D ( 'NONE', #1461, #939, #3236 ) ;
#708 = ORIENTED_EDGE ( 'NONE', *, *, #381, .F. ) ;
#709 = FACE_OUTER_BOUND ( 'NONE', #2150, .T. ) ;
#710 = ORIENTED_EDGE ( 'NONE', *, *, #295, .T. ) ;
#711 = VECTOR ( 'NONE', #2461, 1000.000000000000000 ) ;
#712 = LINE ( 'NONE', #405, #1528 ) ;
#713 = CARTESIAN_POINT ( 'NONE',  ( 902.8633633353547339, 1033.311818312624837, 1051.083288978695919 ) ) ;
#714 = CIRCLE ( 'NONE', #2183, 3.000000000000002665 ) ;
#715 = ADVANCED_FACE ( 'NONE', ( #1093 ), #1927, .T. ) ;
#716 = DIRECTION ( 'NONE',  ( -0.000000000000000000, -0.000000000000000000, -1.000000000000000000 ) ) ;
#717 = DIRECTION ( 'NONE',  ( -1.000000000000000000, 0.000000000000000000, 0.000000000000000000 ) ) ;
#718 = CARTESIAN_POINT ( 'NONE',  ( 904.3633633353547339, 1044.631818312624773, 1051.083288978695919 ) ) ;
#719 = ORIENTED_EDGE ( 'NONE', *, *, #2941, .T. ) ;
#720 = ORIENTED_EDGE ( 'NONE', *, *, #2795, .T. ) ;
#721 = VECTOR ( 'NONE', #2047, 1000.000000000000000 ) ;
#722 = EDGE_CURVE ( 'NONE', #2075, #3288, #2091, .T. ) ;
#723 = EDGE_LOOP ( 'NONE', ( #314, #124, #2864, #2102 ) ) ;
#724 = DIRECTION ( 'NONE',  ( 0.000000000000000000, -1.000000000000000000, 0.000000000000000000 ) ) ;
#725 = CARTESIAN_POINT ( 'NONE',  ( 984.3633633353547339, 997.1571142232169223, 1055.083288978695919 ) ) ;
#726 = CARTESIAN_POINT ( 'NONE',  ( 927.7633633353548248, 1008.131818312624887, 1051.083288978695919 ) ) ;
#727 = EDGE_LOOP ( 'NONE', ( #1083, #1704, #2850, #1812 ) ) ;
#728 = DIRECTION ( 'NONE',  ( 0.000000000000000000, -0.000000000000000000, -1.000000000000000000 ) ) ;
#729 = LINE ( 'NONE', #2563, #2125 ) ;
#730 = EDGE_CURVE ( 'NONE', #3203, #2327, #551, .T. ) ;
#731 = CARTESIAN_POINT ( 'NONE',  ( 885.8885627257538999, 995.6571142232169223, 1051.083288978695919 ) ) ;
#732 = CARTESIAN_POINT ( 'NONE',  ( 902.8633633353547339, 1044.631818312624773, 1051.083288978695919 ) ) ;
#733 = CARTESIAN_POINT ( 'NONE',  ( 961.9633633353548703, 1021.331818312624932, 1055.083288978695919 ) ) ;
#734 = DIRECTION ( 'NONE',  ( 0.000000000000000000, 1.000000000000000000, -0.000000000000000000 ) ) ;
#735 = VERTEX_POINT ( 'NONE', #2651 ) ;
#736 = DIRECTION ( 'NONE',  ( 0.000000000000000000, 0.000000000000000000, -1.000000000000000000 ) ) ;
#737 = EDGE_LOOP ( 'NONE', ( #1885, #42, #2956, #540 ) ) ;
#738 = ORIENTED_EDGE ( 'NONE', *, *, #3193, .T. ) ;
#739 = VECTOR ( 'NONE', #496, 1000.000000000000000 ) ;
#740 = VECTOR ( 'NONE', #2081, 1000.000000000000000 ) ;
#741 = EDGE_CURVE ( 'NONE', #2306, #2418, #1619, .T. ) ;
#742 = CARTESIAN_POINT ( 'NONE',  ( 900.8633633353547339, 1044.631818312624773, 1055.083288978695919 ) ) ;
#743 = AXIS2_PLACEMENT_3D ( 'NONE', #2665, #339, #1916 ) ;
#744 = CARTESIAN_POINT ( 'NONE',  ( 980.8633633353548475, 1042.631818312624773, 1055.083288978695919 ) ) ;
#745 = DIRECTION ( 'NONE',  ( -1.000000000000000000, 0.000000000000000000, 0.000000000000000000 ) ) ;
#746 = DIRECTION ( 'NONE',  ( -1.000000000000000000, 0.000000000000000000, 0.000000000000000000 ) ) ;
#747 = DIRECTION ( 'NONE',  ( -0.000000000000000000, -0.000000000000000000, -1.000000000000000000 ) ) ;
#748 = CARTESIAN_POINT ( 'NONE',  ( 963.4633633353547566, 1023.331818312624932, 1051.083288978695919 ) ) ;
#749 = CARTESIAN_POINT ( 'NONE',  ( 968.1301148555324971, 998.4444294378467930, 1055.083288978695919 ) ) ;
#750 = VECTOR ( 'NONE', #767, 1000.000000000000000 ) ;
#751 = DIRECTION ( 'NONE',  ( 0.000000000000000000, 1.000000000000000000, 0.000000000000000000 ) ) ;
#752 = FACE_OUTER_BOUND ( 'NONE', #413, .T. ) ;
#753 = EDGE_LOOP ( 'NONE', ( #300, #121 ) ) ;
#754 = DIRECTION ( 'NONE',  ( -1.000000000000000000, 0.000000000000000000, 0.000000000000000000 ) ) ;
#755 = VECTOR ( 'NONE', #632, 1000.000000000000000 ) ;
#756 = ORIENTED_EDGE ( 'NONE', *, *, #901, .F. ) ;
#757 = DIRECTION ( 'NONE',  ( 1.000000000000000000, -0.000000000000000000, -0.000000000000000000 ) ) ;
#758 = EDGE_CURVE ( 'NONE', #1591, #1492, #324, .T. ) ;
#759 = EDGE_LOOP ( 'NONE', ( #1398, #2763, #198, #1290 ) ) ;
#760 = CARTESIAN_POINT ( 'NONE',  ( 884.3885627257538999, 1046.131818312625001, 1055.083288978695919 ) ) ;
#761 = EDGE_CURVE ( 'NONE', #2448, #1184, #3154, .T. ) ;
#762 = DIRECTION ( 'NONE',  ( 1.000000000000000000, 0.000000000000000000, 0.000000000000000000 ) ) ;
#763 = DIRECTION ( 'NONE',  ( -1.000000000000000000, 0.000000000000000000, 0.000000000000000000 ) ) ;
#764 = AXIS2_PLACEMENT_3D ( 'NONE', #1384, #2923, #594 ) ;
#765 = ADVANCED_FACE ( 'NONE', ( #1143 ), #2131, .F. ) ;
#766 = VECTOR ( 'NONE', #2562, 1000.000000000000000 ) ;
#767 = DIRECTION ( 'NONE',  ( 1.000000000000000000, 0.000000000000000000, 0.000000000000000000 ) ) ;
#768 = FACE_OUTER_BOUND ( 'NONE', #2046, .T. ) ;
#769 = CYLINDRICAL_SURFACE ( 'NONE', #280, 2.000000000000001776 ) ;
#770 = DIRECTION ( 'NONE',  ( 1.000000000000000000, 0.000000000000000000, 0.000000000000000000 ) ) ;
#771 = EDGE_LOOP ( 'NONE', ( #2012, #1971, #2948, #2260 ) ) ;
#772 = FACE_OUTER_BOUND ( 'NONE', #869, .T. ) ;
#773 = CIRCLE ( 'NONE', #1099, 2.000000000000001776 ) ;
#774 = ORIENTED_EDGE ( 'NONE', *, *, #1200, .T. ) ;
#775 = EDGE_CURVE ( 'NONE', #1339, #26, #875, .T. ) ;
#776 = EDGE_LOOP ( 'NONE', ( #2248, #16, #2915, #825, #1449, #1286, #902, #1337, #1828, #2693, #1476, #3141 ) ) ;
#777 = ORIENTED_EDGE ( 'NONE', *, *, #77, .F. ) ;
#778 = EDGE_CURVE ( 'NONE', #2607, #2174, #1350, .T. ) ;
#779 = AXIS2_PLACEMENT_3D ( 'NONE', #2328, #3374, #2072 ) ;
#780 = CARTESIAN_POINT ( 'NONE',  ( 973.4633633353547566, 998.6571142232169223, 1050.783288978695964 ) ) ;
#781 = ORIENTED_EDGE ( 'NONE', *, *, #1787, .F. ) ;
#782 = AXIS2_PLACEMENT_3D ( 'NONE', #2550, #223, #3065 ) ;
#783 = CARTESIAN_POINT ( 'NONE',  ( 904.3633633353547339, 1042.631818312624773, 1055.083288978695919 ) ) ;
#784 = CARTESIAN_POINT ( 'NONE',  ( 959.9633633353548703, 1031.231818312624682, 1051.083288978695919 ) ) ;
#785 = EDGE_CURVE ( 'NONE', #1574, #2595, #53, .T. ) ;
#786 = CIRCLE ( 'NONE', #1222, 1.099999999999989875 ) ;
#787 = LINE ( 'NONE', #2314, #914 ) ;
#788 = FACE_OUTER_BOUND ( 'NONE', #1271, .T. ) ;
#789 = CARTESIAN_POINT ( 'NONE',  ( 931.2633633353547111, 997.6571142232169223, 1051.083288978695919 ) ) ;
#790 = LINE ( 'NONE', #2084, #78 ) ;
#791 = PLANE ( 'NONE',  #2510 ) ;
#792 = ADVANCED_FACE ( 'NONE', ( #104 ), #70, .F. ) ;
#793 = PRODUCT_DEFINITION_SHAPE ( 'NONE', 'NONE',  #299 ) ;
#794 = ORIENTED_EDGE ( 'NONE', *, *, #2326, .F. ) ;
#795 = ORIENTED_EDGE ( 'NONE', *, *, #675, .T. ) ;
#796 = EDGE_CURVE ( 'NONE', #63, #3196, #2501, .T. ) ;
#797 = ORIENTED_EDGE ( 'NONE', *, *, #190, .F. ) ;
#798 = CARTESIAN_POINT ( 'NONE',  ( 929.2633633353547111, 1006.631818312624773, 1051.083288978695919 ) ) ;
#799 = EDGE_LOOP ( 'NONE', ( #756, #67 ) ) ;
#800 = DIRECTION ( 'NONE',  ( -1.000000000000000000, 0.000000000000000000, 0.000000000000000000 ) ) ;
#801 = CARTESIAN_POINT ( 'NONE',  ( 974.4010481207247949, 1034.169495477979808, 1051.083288978695919 ) ) ;
#802 = ADVANCED_FACE ( 'NONE', ( #1855 ), #2164, .F. ) ;
#803 = VECTOR ( 'NONE', #698, 1000.000000000000000 ) ;
#804 = DIRECTION ( 'NONE',  ( 0.000000000000000000, 0.000000000000000000, 1.000000000000000000 ) ) ;
#805 = DIRECTION ( 'NONE',  ( 0.000000000000000000, -0.000000000000000000, 1.000000000000000000 ) ) ;
#806 = CARTESIAN_POINT ( 'NONE',  ( 904.3633633353547339, 1044.631818312624773, 1051.083288978695919 ) ) ;
#807 = DIRECTION ( 'NONE',  ( -1.000000000000000000, 0.000000000000000000, 0.000000000000000000 ) ) ;
#808 = CARTESIAN_POINT ( 'NONE',  ( 982.0396265003764711, 1016.631818312624887, 1053.083288978695919 ) ) ;
#809 = ORIENTED_EDGE ( 'NONE', *, *, #2319, .T. ) ;
#810 = EDGE_CURVE ( 'NONE', #2482, #2442, #1415, .T. ) ;
#811 = ORIENTED_EDGE ( 'NONE', *, *, #1360, .F. ) ;
#812 = AXIS2_PLACEMENT_3D ( 'NONE', #1338, #2373, #1085 ) ;
#813 = DIRECTION ( 'NONE',  ( -1.000000000000000000, 0.000000000000000000, 0.000000000000000000 ) ) ;
#814 = ORIENTED_EDGE ( 'NONE', *, *, #2786, .T. ) ;
#815 = DIRECTION ( 'NONE',  ( 0.000000000000000000, 0.000000000000000000, -1.000000000000000000 ) ) ;
#816 = LINE ( 'NONE', #1630, #3331 ) ;
#817 = ORIENTED_EDGE ( 'NONE', *, *, #3220, .T. ) ;
#818 = LINE ( 'NONE', #2098, #528 ) ;
#819 = DIRECTION ( 'NONE',  ( 1.000000000000000000, 0.000000000000000000, 0.000000000000000000 ) ) ;
#820 = DIRECTION ( 'NONE',  ( -0.000000000000000000, -0.000000000000000000, -1.000000000000000000 ) ) ;
#821 = CARTESIAN_POINT ( 'NONE',  ( 925.7633633353548248, 997.6571142232169223, 1055.083288978695919 ) ) ;
#822 = VECTOR ( 'NONE', #308, 1000.000000000000000 ) ;
#823 = ORIENTED_EDGE ( 'NONE', *, *, #1360, .T. ) ;
#824 = EDGE_CURVE ( 'NONE', #1214, #2387, #1314, .T. ) ;
#825 = ORIENTED_EDGE ( 'NONE', *, *, #730, .T. ) ;
#826 = CIRCLE ( 'NONE', #2126, 2.000000000000001776 ) ;
#827 = CARTESIAN_POINT ( 'NONE',  ( 943.9633633353547566, 1031.231818312624682, 1051.083288978695919 ) ) ;
#828 = EDGE_CURVE ( 'NONE', #1628, #1292, #3170, .T. ) ;
#829 = ORIENTED_EDGE ( 'NONE', *, *, #3282, .F. ) ;
#830 = DIRECTION ( 'NONE',  ( 1.000000000000000000, 0.000000000000000000, 0.000000000000000000 ) ) ;
#831 = DIRECTION ( 'NONE',  ( 0.000000000000000000, -0.000000000000000000, -1.000000000000000000 ) ) ;
#832 = VECTOR ( 'NONE', #481, 1000.000000000000000 ) ;
#833 = ORIENTED_EDGE ( 'NONE', *, *, #381, .T. ) ;
#834 = DIRECTION ( 'NONE',  ( -1.000000000000000000, 0.000000000000000000, 0.000000000000000000 ) ) ;
#835 = DIRECTION ( 'NONE',  ( 0.000000000000000000, -0.000000000000000000, -1.000000000000000000 ) ) ;
#836 = CARTESIAN_POINT ( 'NONE',  ( 981.3633633353547339, 1046.131818312625001, 1055.083288978695919 ) ) ;
#837 = CARTESIAN_POINT ( 'NONE',  ( 968.1301148555324971, 998.4444294378467930, 1051.083288978695919 ) ) ;
#838 = EDGE_CURVE ( 'NONE', #2418, #3257, #1043, .T. ) ;
#839 = ORIENTED_EDGE ( 'NONE', *, *, #1551, .T. ) ;
#840 = CARTESIAN_POINT ( 'NONE',  ( 924.0633633353548930, 1021.331818312624819, 1051.083288978695919 ) ) ;
#841 = ORIENTED_EDGE ( 'NONE', *, *, #2587, .T. ) ;
#842 = DIRECTION ( 'NONE',  ( 0.000000000000000000, 0.000000000000000000, 1.000000000000000000 ) ) ;
#843 = EDGE_CURVE ( 'NONE', #2777, #2595, #436, .T. ) ;
#844 = VERTEX_POINT ( 'NONE', #578 ) ;
#845 = EDGE_CURVE ( 'NONE', #1750, #1389, #2178, .T. ) ;
#846 = CARTESIAN_POINT ( 'NONE',  ( 968.1301148555324971, 1003.844429437846998, 1050.783288978695964 ) ) ;
#847 = CARTESIAN_POINT ( 'NONE',  ( 921.4885627257539227, 1041.631818312625001, 1055.083288978695919 ) ) ;
#848 = MANIFOLD_SOLID_BREP ( 'ÇÐ³ý-À­Éì16', #2322 ) ;
#849 = ORIENTED_EDGE ( 'NONE', *, *, #2329, .T. ) ;
#850 = DIRECTION ( 'NONE',  ( -0.000000000000000000, 1.000000000000000000, 0.000000000000000000 ) ) ;
#851 = VERTEX_POINT ( 'NONE', #921 ) ;
#852 = DIRECTION ( 'NONE',  ( 0.000000000000000000, 0.000000000000000000, -1.000000000000000000 ) ) ;
#853 = DIRECTION ( 'NONE',  ( 1.000000000000000000, 0.000000000000000000, 0.000000000000000000 ) ) ;
#854 = VECTOR ( 'NONE', #3266, 1000.000000000000000 ) ;
#855 = AXIS2_PLACEMENT_3D ( 'NONE', #376, #2637, #2450 ) ;
#856 = VERTEX_POINT ( 'NONE', #973 ) ;
#857 = VECTOR ( 'NONE', #1732, 1000.000000000000000 ) ;
#858 = CARTESIAN_POINT ( 'NONE',  ( 904.8633633353547339, 1033.311818312624837, 1051.083288978695919 ) ) ;
#859 = EDGE_LOOP ( 'NONE', ( #3069, #392, #1657, #1502 ) ) ;
#860 = CARTESIAN_POINT ( 'NONE',  ( 925.7633633353548248, 995.6571142232169223, 1051.083288978695919 ) ) ;
#861 = ADVANCED_FACE ( 'NONE', ( #2765 ), #1400, .F. ) ;
#862 = PRODUCT_DEFINITION_FORMATION_WITH_SPECIFIED_SOURCE ( 'ä»', '', #1820, .NOT_KNOWN. ) ;
#863 = ORIENTED_EDGE ( 'NONE', *, *, #2087, .T. ) ;
#864 = EDGE_CURVE ( 'NONE', #204, #2927, #220, .T. ) ;
#865 = CARTESIAN_POINT ( 'NONE',  ( 982.8633633353548475, 1023.331818312624932, 1055.083288978695919 ) ) ;
#866 = LINE ( 'NONE', #1897, #3275 ) ;
#867 = ORIENTED_EDGE ( 'NONE', *, *, #912, .T. ) ;
#868 = CARTESIAN_POINT ( 'NONE',  ( 904.8633633353547339, 1031.311818312624837, 1055.083288978695919 ) ) ;
#869 = EDGE_LOOP ( 'NONE', ( #1275, #2090, #285, #2989 ) ) ;
#870 = DIRECTION ( 'NONE',  ( 0.000000000000000000, 0.000000000000000000, 1.000000000000000000 ) ) ;
#871 = CARTESIAN_POINT ( 'NONE',  ( 937.6633633353548021, 1042.631818312624773, 1055.083288978695919 ) ) ;
#872 = VERTEX_POINT ( 'NONE', #152 ) ;
#873 = EDGE_CURVE ( 'NONE', #2213, #1750, #1202, .T. ) ;
#874 = CARTESIAN_POINT ( 'NONE',  ( 934.1633633353549158, 1044.631818312624773, 1055.083288978695919 ) ) ;
#875 = CIRCLE ( 'NONE', #1904, 2.000000000000001776 ) ;
#876 = CARTESIAN_POINT ( 'NONE',  ( 919.2885627257539909, 998.6571142232169223, 1055.083288978695919 ) ) ;
#877 = AXIS2_PLACEMENT_3D ( 'NONE', #1879, #286, #2930 ) ;
#878 = EDGE_LOOP ( 'NONE', ( #1228, #2794, #2385, #1122 ) ) ;
#879 = DIRECTION ( 'NONE',  ( 0.000000000000000000, 0.000000000000000000, -1.000000000000000000 ) ) ;
#880 = CARTESIAN_POINT ( 'NONE',  ( 887.3885627257538999, 1046.131818312625001, 1055.083288978695919 ) ) ;
#881 = ORIENTED_EDGE ( 'NONE', *, *, #1918, .F. ) ;
#882 = DIRECTION ( 'NONE',  ( -0.000000000000000000, 1.000000000000000000, -0.000000000000000000 ) ) ;
#883 = ORIENTED_EDGE ( 'NONE', *, *, #2591, .T. ) ;
#884 = CARTESIAN_POINT ( 'NONE',  ( 906.3633633353547339, 1042.631818312624773, 1055.083288978695919 ) ) ;
#885 = CARTESIAN_POINT ( 'NONE',  ( 904.3633633353547339, 1032.811818312624837, 1051.083288978695919 ) ) ;
#886 = EDGE_CURVE ( 'NONE', #2454, #1128, #3212, .T. ) ;
#887 = AXIS2_PLACEMENT_3D ( 'NONE', #1153, #163, #186 ) ;
#888 = ORIENTED_EDGE ( 'NONE', *, *, #845, .F. ) ;
#889 = CARTESIAN_POINT ( 'NONE',  ( 927.5633633353547793, 1023.331818312624932, 1055.083288978695919 ) ) ;
#890 = ORIENTED_EDGE ( 'NONE', *, *, #1512, .T. ) ;
#891 = LINE ( 'NONE', #1592, #3090 ) ;
#892 = ORIENTED_EDGE ( 'NONE', *, *, #2897, .T. ) ;
#893 = CARTESIAN_POINT ( 'NONE',  ( 884.3885627257538999, 997.1571142232169223, 1055.083288978695919 ) ) ;
#894 = DIRECTION ( 'NONE',  ( 0.000000000000000000, 0.000000000000000000, -1.000000000000000000 ) ) ;
#895 = CARTESIAN_POINT ( 'NONE',  ( 959.9633633353548703, 1023.331818312624932, 1055.083288978695919 ) ) ;
#896 = ORIENTED_EDGE ( 'NONE', *, *, #1484, .T. ) ;
#897 = CARTESIAN_POINT ( 'NONE',  ( 931.7375285671641905, 1003.844429437846998, 1050.783288978695964 ) ) ;
#898 = ORIENTED_EDGE ( 'NONE', *, *, #845, .T. ) ;
#899 = CARTESIAN_POINT ( 'NONE',  ( 927.5633633353547793, 1023.331818312624932, 1051.083288978695919 ) ) ;
#900 = CARTESIAN_POINT ( 'NONE',  ( 931.7375285671641905, 1003.844429437846998, 1051.083288978695919 ) ) ;
#901 = EDGE_CURVE ( 'NONE', #2217, #1728, #2829, .T. ) ;
#902 = ORIENTED_EDGE ( 'NONE', *, *, #2652, .T. ) ;
#903 = FACE_OUTER_BOUND ( 'NONE', #3284, .T. ) ;
#904 = CARTESIAN_POINT ( 'NONE',  ( 943.9633633353547566, 1031.231818312624682, 1051.083288978695919 ) ) ;
#905 = ORIENTED_EDGE ( 'NONE', *, *, #1759, .F. ) ;
#906 = AXIS2_PLACEMENT_3D ( 'NONE', #2557, #2691, #1273 ) ;
#907 = VECTOR ( 'NONE', #2670, 1000.000000000000000 ) ;
#908 = AXIS2_PLACEMENT_3D ( 'NONE', #1514, #1755, #2009 ) ;
#909 = AXIS2_PLACEMENT_3D ( 'NONE', #2270, #156, #1197 ) ;
#910 = EDGE_CURVE ( 'NONE', #2213, #2190, #660, .T. ) ;
#911 = CARTESIAN_POINT ( 'NONE',  ( 884.3885627257538999, 994.1571142232169223, 1055.083288978695919 ) ) ;
#912 = EDGE_CURVE ( 'NONE', #522, #584, #2008, .T. ) ;
#913 = EDGE_LOOP ( 'NONE', ( #1416, #1352, #57, #627 ) ) ;
#914 = VECTOR ( 'NONE', #1282, 1000.000000000000000 ) ;
#915 = LINE ( 'NONE', #3021, #467 ) ;
#916 = CARTESIAN_POINT ( 'NONE',  ( 968.1301148555324971, 1004.844429437846884, 1051.083288978695919 ) ) ;
#917 = ORIENTED_EDGE ( 'NONE', *, *, #3070, .F. ) ;
#918 = CYLINDRICAL_SURFACE ( 'NONE', #3085, 2.000000000000001776 ) ;
#919 = EDGE_LOOP ( 'NONE', ( #2492, #348 ) ) ;
#920 = FACE_BOUND ( 'NONE', #2713, .T. ) ;
#921 = CARTESIAN_POINT ( 'NONE',  ( 969.1301148555324971, 1003.844429437846998, 1050.783288978695964 ) ) ;
#922 = ORIENTED_EDGE ( 'NONE', *, *, #556, .F. ) ;
#923 = CARTESIAN_POINT ( 'NONE',  ( 885.8885627257538999, 1017.831818312624932, 1055.083288978695919 ) ) ;
#924 = CARTESIAN_POINT ( 'NONE',  ( 924.0633633353548930, 1031.311818312624837, 1051.083288978695919 ) ) ;
#925 = ORIENTED_EDGE ( 'NONE', *, *, #3241, .F. ) ;
#926 = EDGE_LOOP ( 'NONE', ( #2653, #2586, #1322, #2065 ) ) ;
#927 = VECTOR ( 'NONE', #1194, 1000.000000000000000 ) ;
#928 = ORIENTED_EDGE ( 'NONE', *, *, #185, .F. ) ;
#929 = FACE_OUTER_BOUND ( 'NONE', #955, .T. ) ;
#930 = VECTOR ( 'NONE', #1613, 1000.000000000000000 ) ;
#931 = EDGE_CURVE ( 'NONE', #100, #1750, #1478, .T. ) ;
#932 = AXIS2_PLACEMENT_3D ( 'NONE', #1111, #2146, #69 ) ;
#933 = DIRECTION ( 'NONE',  ( 1.000000000000000000, 0.000000000000000000, 0.000000000000000000 ) ) ;
#934 = ORIENTED_EDGE ( 'NONE', *, *, #2918, .T. ) ;
#935 = DIRECTION ( 'NONE',  ( 0.000000000000000000, -1.000000000000000000, 0.000000000000000000 ) ) ;
#936 = ORIENTED_EDGE ( 'NONE', *, *, #422, .T. ) ;
#937 = EDGE_CURVE ( 'NONE', #87, #2111, #1637, .T. ) ;
#938 = DIRECTION ( 'NONE',  ( 0.000000000000000000, 0.000000000000000000, -1.000000000000000000 ) ) ;
#939 = DIRECTION ( 'NONE',  ( 0.000000000000000000, -1.000000000000000000, -0.000000000000000000 ) ) ;
#940 = EDGE_LOOP ( 'NONE', ( #1163, #1081, #667, #3068, #620, #2524, #317, #395 ) ) ;
#941 = DIRECTION ( 'NONE',  ( 0.000000000000000000, 0.000000000000000000, 1.000000000000000000 ) ) ;
#942 = CARTESIAN_POINT ( 'NONE',  ( 885.8885627257538999, 1044.631818312624773, 1055.083288978695919 ) ) ;
#943 = ORIENTED_EDGE ( 'NONE', *, *, #328, .T. ) ;
#944 = AXIS2_PLACEMENT_3D ( 'NONE', #401, #1424, #2261 ) ;
#945 = VERTEX_POINT ( 'NONE', #2480 ) ;
#946 = DIRECTION ( 'NONE',  ( 1.000000000000000000, 0.000000000000000000, 0.000000000000000000 ) ) ;
#947 = AXIS2_PLACEMENT_3D ( 'NONE', #3347, #820, #110 ) ;
#948 = VERTEX_POINT ( 'NONE', #3046 ) ;
#949 = ADVANCED_FACE ( 'NONE', ( #2230 ), #3274, .F. ) ;
#950 = DIRECTION ( 'NONE',  ( 0.000000000000000000, -1.000000000000000000, 0.000000000000000000 ) ) ;
#951 = DIRECTION ( 'NONE',  ( 0.000000000000000000, -0.000000000000000000, -1.000000000000000000 ) ) ;
#952 = EDGE_CURVE ( 'NONE', #1591, #1876, #424, .T. ) ;
#953 = LINE ( 'NONE', #1262, #1070 ) ;
#954 = CARTESIAN_POINT ( 'NONE',  ( 980.8633633353548475, 1019.831818312624932, 1051.083288978695919 ) ) ;
#955 = EDGE_LOOP ( 'NONE', ( #158, #3106, #2430, #352 ) ) ;
#956 = DIRECTION ( 'NONE',  ( -0.000000000000000000, -0.000000000000000000, -1.000000000000000000 ) ) ;
#957 = CARTESIAN_POINT ( 'NONE',  ( 969.1301148555324971, 1004.844429437846884, 1051.083288978695919 ) ) ;
#958 = DIRECTION ( 'NONE',  ( 1.000000000000000000, 0.000000000000000000, 0.000000000000000000 ) ) ;
#959 = LINE ( 'NONE', #923, #346 ) ;
#960 = LINE ( 'NONE', #2735, #2272 ) ;
#961 = EDGE_LOOP ( 'NONE', ( #327, #1621, #823, #962 ) ) ;
#962 = ORIENTED_EDGE ( 'NONE', *, *, #3264, .F. ) ;
#963 = EDGE_CURVE ( 'NONE', #1311, #2460, #2555, .T. ) ;
#964 = VECTOR ( 'NONE', #2516, 1000.000000000000000 ) ;
#965 = VERTEX_POINT ( 'NONE', #391 ) ;
#966 = ADVANCED_FACE ( 'NONE', ( #2267 ), #1754, .F. ) ;
#967 = FACE_OUTER_BOUND ( 'NONE', #776, .T. ) ;
#968 = ADVANCED_FACE ( 'NONE', ( #697 ), #642, .F. ) ;
#969 = ORIENTED_EDGE ( 'NONE', *, *, #1330, .F. ) ;
#970 = LINE ( 'NONE', #3289, #1129 ) ;
#971 = EDGE_LOOP ( 'NONE', ( #1218, #655, #1435, #1682 ) ) ;
#972 = DIRECTION ( 'NONE',  ( 0.000000000000000000, 0.000000000000000000, 1.000000000000000000 ) ) ;
#973 = CARTESIAN_POINT ( 'NONE',  ( 980.8633633353548475, 1008.131818312624887, 1051.083288978695919 ) ) ;
#974 = CIRCLE ( 'NONE', #3371, 2.000000000000001776 ) ;
#975 = DIRECTION ( 'NONE',  ( 1.000000000000000000, -0.000000000000000000, -0.000000000000000000 ) ) ;
#976 = DIRECTION ( 'NONE',  ( 0.000000000000000000, -0.000000000000000000, -1.000000000000000000 ) ) ;
#977 = CARTESIAN_POINT ( 'NONE',  ( 929.2633633353547111, 1004.631818312624773, 1055.083288978695919 ) ) ;
#978 = VERTEX_POINT ( 'NONE', #206 ) ;
#979 = EDGE_CURVE ( 'NONE', #1053, #2554, #2715, .T. ) ;
#980 = ORIENTED_EDGE ( 'NONE', *, *, #2463, .T. ) ;
#981 = APPLICATION_PROTOCOL_DEFINITION ( 'draft international standard', 'automotive_design', 1998, #282 ) ;
#982 = ORIENTED_EDGE ( 'NONE', *, *, #3144, .T. ) ;
#983 = CARTESIAN_POINT ( 'NONE',  ( 887.3885627257538999, 1043.131818312625001, 1055.083288978695919 ) ) ;
#984 = AXIS2_PLACEMENT_3D ( 'NONE', #2531, #1935, #3030 ) ;
#985 = AXIS2_PLACEMENT_3D ( 'NONE', #1717, #2348, #2313 ) ;
#986 = CARTESIAN_POINT ( 'NONE',  ( 978.3510481207248404, 1038.119495477979854, 1050.783288978695964 ) ) ;
#987 = DIRECTION ( 'NONE',  ( -0.000000000000000000, 0.000000000000000000, 1.000000000000000000 ) ) ;
#988 = ORIENTED_EDGE ( 'NONE', *, *, #12, .T. ) ;
#989 = AXIS2_PLACEMENT_3D ( 'NONE', #1824, #1515, #1048 ) ;
#990 = DIRECTION ( 'NONE',  ( 0.000000000000000000, 0.000000000000000000, -1.000000000000000000 ) ) ;
#991 = DIRECTION ( 'NONE',  ( 0.000000000000000000, 0.000000000000000000, 1.000000000000000000 ) ) ;
#992 = CIRCLE ( 'NONE', #2935, 1.000000000000000888 ) ;
#993 = FACE_OUTER_BOUND ( 'NONE', #2997, .T. ) ;
#994 = EDGE_CURVE ( 'NONE', #1797, #2391, #1366, .T. ) ;
#995 = CARTESIAN_POINT ( 'NONE',  ( 969.1301148555324971, 1004.844429437846884, 1050.783288978695964 ) ) ;
#996 = DIRECTION ( 'NONE',  ( -0.000000000000000000, -0.000000000000000000, 1.000000000000000000 ) ) ;
#997 = ORIENTED_EDGE ( 'NONE', *, *, #3353, .F. ) ;
#998 = ORIENTED_EDGE ( 'NONE', *, *, #1693, .T. ) ;
#999 = CIRCLE ( 'NONE', #779, 2.000000000000001776 ) ;
#1000 = EDGE_CURVE ( 'NONE', #1100, #1591, #2881, .T. ) ;
#1001 = ORIENTED_EDGE ( 'NONE', *, *, #1615, .F. ) ;
#1002 = CIRCLE ( 'NONE', #2089, 2.000000000000001776 ) ;
#1003 = ORIENTED_EDGE ( 'NONE', *, *, #122, .T. ) ;
#1004 = FACE_OUTER_BOUND ( 'NONE', #278, .T. ) ;
#1005 = DIRECTION ( 'NONE',  ( 0.000000000000000000, 0.000000000000000000, 1.000000000000000000 ) ) ;
#1006 = CARTESIAN_POINT ( 'NONE',  ( 884.3885627257538999, 1043.131818312625001, 1050.783288978695964 ) ) ;
#1007 = FACE_OUTER_BOUND ( 'NONE', #2207, .T. ) ;
#1008 = CARTESIAN_POINT ( 'NONE',  ( 976.4010481207247949, 1032.169495477979808, 1055.083288978695919 ) ) ;
#1009 = FACE_OUTER_BOUND ( 'NONE', #1522, .T. ) ;
#1010 = CARTESIAN_POINT ( 'NONE',  ( 980.3510481207248404, 1036.119495477979854, 1050.783288978695964 ) ) ;
#1011 = LINE ( 'NONE', #2335, #1421 ) ;
#1012 = CARTESIAN_POINT ( 'NONE',  ( 976.4010481207247949, 1036.119495477979854, 1050.783288978695964 ) ) ;
#1013 = ORIENTED_EDGE ( 'NONE', *, *, #3302, .F. ) ;
#1014 = EDGE_CURVE ( 'NONE', #584, #9, #1821, .T. ) ;
#1015 = DIRECTION ( 'NONE',  ( -0.000000000000000000, -0.000000000000000000, -1.000000000000000000 ) ) ;
#1016 = EDGE_LOOP ( 'NONE', ( #2290, #380, #3130, #2048 ) ) ;
#1017 = DIRECTION ( 'NONE',  ( 1.000000000000000000, -0.000000000000000000, 0.000000000000000000 ) ) ;
#1018 = EDGE_CURVE ( 'NONE', #3126, #2536, #1419, .T. ) ;
#1019 = ORIENTED_EDGE ( 'NONE', *, *, #633, .F. ) ;
#1020 = AXIS2_PLACEMENT_3D ( 'NONE', #2308, #1017, #3352 ) ;
#1021 = VECTOR ( 'NONE', #475, 1000.000000000000000 ) ;
#1022 = CARTESIAN_POINT ( 'NONE',  ( 904.3633633353547339, 1032.811818312624837, 1055.083288978695919 ) ) ;
#1023 = EDGE_CURVE ( 'NONE', #3113, #204, #3, .T. ) ;
#1024 = VECTOR ( 'NONE', #149, 1000.000000000000000 ) ;
#1025 = DIRECTION ( 'NONE',  ( 0.000000000000000000, -0.000000000000000000, -1.000000000000000000 ) ) ;
#1026 = FACE_OUTER_BOUND ( 'NONE', #2143, .T. ) ;
#1027 = DIRECTION ( 'NONE',  ( -1.000000000000000000, 0.000000000000000000, 0.000000000000000000 ) ) ;
#1028 = CARTESIAN_POINT ( 'NONE',  ( 884.3885627257538999, 997.1571142232169223, 1050.783288978695964 ) ) ;
#1029 = PLANE ( 'NONE',  #363 ) ;
#1030 = PLANE ( 'NONE',  #989 ) ;
#1031 = CYLINDRICAL_SURFACE ( 'NONE', #2791, 2.000000000000001776 ) ;
#1032 = EDGE_LOOP ( 'NONE', ( #2783, #568, #1411, #2494 ) ) ;
#1033 = CARTESIAN_POINT ( 'NONE',  ( 904.3633633353547339, 1044.631818312624773, 1055.083288978695919 ) ) ;
#1034 = VERTEX_POINT ( 'NONE', #1058 ) ;
#1035 = EDGE_CURVE ( 'NONE', #948, #87, #3133, .T. ) ;
#1036 = ORIENTED_EDGE ( 'NONE', *, *, #741, .F. ) ;
#1037 = EDGE_CURVE ( 'NONE', #1680, #2186, #1511, .T. ) ;
#1038 = LINE ( 'NONE', #1255, #1105 ) ;
#1039 = ORIENTED_EDGE ( 'NONE', *, *, #1237, .T. ) ;
#1040 = EDGE_CURVE ( 'NONE', #3348, #2217, #2079, .T. ) ;
#1041 = DIRECTION ( 'NONE',  ( 0.000000000000000000, 0.000000000000000000, -1.000000000000000000 ) ) ;
#1042 = DIRECTION ( 'NONE',  ( -0.000000000000000000, -0.000000000000000000, -1.000000000000000000 ) ) ;
#1043 = CIRCLE ( 'NONE', #2393, 2.000000000000001776 ) ;
#1044 = AXIS2_PLACEMENT_3D ( 'NONE', #1383, #3204, #1635 ) ;
#1045 = EDGE_CURVE ( 'NONE', #2442, #2168, #1582, .T. ) ;
#1046 = DIRECTION ( 'NONE',  ( 0.000000000000000000, 0.000000000000000000, -1.000000000000000000 ) ) ;
#1047 = CARTESIAN_POINT ( 'NONE',  ( 885.8885627257538999, 1019.831818312624932, 1051.083288978695919 ) ) ;
#1048 = DIRECTION ( 'NONE',  ( 0.000000000000000000, -0.000000000000000000, 1.000000000000000000 ) ) ;
#1049 = DIRECTION ( 'NONE',  ( 0.000000000000000000, 0.000000000000000000, -1.000000000000000000 ) ) ;
#1050 = CARTESIAN_POINT ( 'NONE',  ( 982.8407353286833086, 1009.831818312624932, 1055.083288978695919 ) ) ;
#1051 = AXIS2_PLACEMENT_3D ( 'NONE', #1847, #1087, #1896 ) ;
#1052 = ORIENTED_EDGE ( 'NONE', *, *, #269, .F. ) ;
#1053 = VERTEX_POINT ( 'NONE', #18 ) ;
#1054 = AXIS2_PLACEMENT_3D ( 'NONE', #2692, #3041, #933 ) ;
#1055 = CARTESIAN_POINT ( 'NONE',  ( 929.2633633353547111, 995.6571142232169223, 1051.083288978695919 ) ) ;
#1056 = ORIENTED_EDGE ( 'NONE', *, *, #2419, .T. ) ;
#1057 = DIRECTION ( 'NONE',  ( -0.000000000000000000, -0.000000000000000000, -1.000000000000000000 ) ) ;
#1058 = CARTESIAN_POINT ( 'NONE',  ( 927.7633633353548248, 1006.131818312624887, 1051.083288978695919 ) ) ;
#1059 = ADVANCED_FACE ( 'NONE', ( #2025 ), #1281, .F. ) ;
#1060 = CARTESIAN_POINT ( 'NONE',  ( 929.2633633353547111, 995.6571142232169223, 1055.083288978695919 ) ) ;
#1061 = DIRECTION ( 'NONE',  ( -1.000000000000000000, -0.000000000000000000, -0.000000000000000000 ) ) ;
#1062 = CARTESIAN_POINT ( 'NONE',  ( 931.2633633353547111, 995.6571142232169223, 1055.083288978695919 ) ) ;
#1063 = DIRECTION ( 'NONE',  ( -0.000000000000000000, -0.000000000000000000, -1.000000000000000000 ) ) ;
#1064 = CARTESIAN_POINT ( 'NONE',  ( 921.4885627257539227, 998.6571142232169223, 1055.083288978695919 ) ) ;
#1065 = EDGE_LOOP ( 'NONE', ( #1382, #1926, #1198, #2773 ) ) ;
#1066 = EDGE_CURVE ( 'NONE', #81, #9, #3062, .T. ) ;
#1067 = DIRECTION ( 'NONE',  ( -0.000000000000000000, -0.000000000000000000, 1.000000000000000000 ) ) ;
#1068 = EDGE_LOOP ( 'NONE', ( #794, #370, #375, #934, #480, #1135 ) ) ;
#1069 = EDGE_CURVE ( 'NONE', #2876, #2075, #2801, .T. ) ;
#1070 = VECTOR ( 'NONE', #3080, 1000.000000000000000 ) ;
#1071 = CARTESIAN_POINT ( 'NONE',  ( 924.0633633353548930, 1023.331818312624819, 1051.083288978695919 ) ) ;
#1072 = CARTESIAN_POINT ( 'NONE',  ( 885.8885627257538999, 1044.631818312624773, 1051.083288978695919 ) ) ;
#1073 = EDGE_CURVE ( 'NONE', #1843, #2470, #729, .T. ) ;
#1074 = AXIS2_PLACEMENT_3D ( 'NONE', #1047, #850, #805 ) ;
#1075 = AXIS2_PLACEMENT_3D ( 'NONE', #718, #2789, #1481 ) ;
#1076 = VERTEX_POINT ( 'NONE', #784 ) ;
#1077 = DIRECTION ( 'NONE',  ( 1.000000000000000000, 0.000000000000000000, 0.000000000000000000 ) ) ;
#1078 = DIRECTION ( 'NONE',  ( -0.000000000000000000, -0.000000000000000000, -1.000000000000000000 ) ) ;
#1079 = LINE ( 'NONE', #1587, #2849 ) ;
#1080 = LINE ( 'NONE', #3086, #3057 ) ;
#1081 = ORIENTED_EDGE ( 'NONE', *, *, #407, .F. ) ;
#1082 = AXIS2_PLACEMENT_3D ( 'NONE', #2769, #2752, #700 ) ;
#1083 = ORIENTED_EDGE ( 'NONE', *, *, #722, .F. ) ;
#1084 = ADVANCED_FACE ( 'NONE', ( #527 ), #3077, .F. ) ;
#1085 = DIRECTION ( 'NONE',  ( 1.000000000000000000, 0.000000000000000000, 0.000000000000000000 ) ) ;
#1086 = EDGE_LOOP ( 'NONE', ( #2592, #590, #2134, #2121, #1457, #126, #1371, #2970, #325, #3329, #2924, #1139, #1764, #296, #267, #2521, #2444, #2863, #1941, #863, #2497, #557, #774, #943, #304, #165, #31, #29 ) ) ;
#1087 = DIRECTION ( 'NONE',  ( -0.000000000000000000, -0.000000000000000000, -1.000000000000000000 ) ) ;
#1088 = ADVANCED_FACE ( 'NONE', ( #492 ), #1530, .F. ) ;
#1089 = DIRECTION ( 'NONE',  ( 0.000000000000000000, 0.000000000000000000, -1.000000000000000000 ) ) ;
#1090 = VERTEX_POINT ( 'NONE', #801 ) ;
#1091 = DIRECTION ( 'NONE',  ( 1.000000000000000000, 0.000000000000000000, 0.000000000000000000 ) ) ;
#1092 = DIRECTION ( 'NONE',  ( 0.000000000000000000, 0.000000000000000000, 1.000000000000000000 ) ) ;
#1093 = FACE_OUTER_BOUND ( 'NONE', #2360, .T. ) ;
#1094 = DIRECTION ( 'NONE',  ( -1.000000000000000000, 0.000000000000000000, -0.000000000000000000 ) ) ;
#1095 = AXIS2_PLACEMENT_3D ( 'NONE', #1230, #2462, #1684 ) ;
#1096 = ORIENTED_EDGE ( 'NONE', *, *, #686, .T. ) ;
#1097 = ADVANCED_FACE ( 'NONE', ( #239 ), #2869, .T. ) ;
#1098 = CYLINDRICAL_SURFACE ( 'NONE', #2802, 2.000000000000001776 ) ;
#1099 = AXIS2_PLACEMENT_3D ( 'NONE', #319, #2679, #1880 ) ;
#1100 = VERTEX_POINT ( 'NONE', #1548 ) ;
#1101 = AXIS2_PLACEMENT_3D ( 'NONE', #1212, #659, #1716 ) ;
#1102 = ADVANCED_FACE ( 'NONE', ( #2616 ), #2282, .F. ) ;
#1103 = DIRECTION ( 'NONE',  ( 1.000000000000000000, 0.000000000000000000, 0.000000000000000000 ) ) ;
#1104 = ORIENTED_EDGE ( 'NONE', *, *, #2080, .F. ) ;
#1105 = VECTOR ( 'NONE', #2835, 1000.000000000000000 ) ;
#1106 = DIRECTION ( 'NONE',  ( -0.000000000000000000, -0.000000000000000000, -1.000000000000000000 ) ) ;
#1107 = CARTESIAN_POINT ( 'NONE',  ( 978.3510481207248404, 1036.119495477979854, 1055.083288978695919 ) ) ;
#1108 = VECTOR ( 'NONE', #209, 1000.000000000000000 ) ;
#1109 = ORIENTED_EDGE ( 'NONE', *, *, #3343, .T. ) ;
#1110 = DIRECTION ( 'NONE',  ( -0.000000000000000000, -0.000000000000000000, -1.000000000000000000 ) ) ;
#1111 = CARTESIAN_POINT ( 'NONE',  ( 961.9633633353548703, 1021.331818312624932, 1051.083288978695919 ) ) ;
#1112 = VECTOR ( 'NONE', #2603, 1000.000000000000000 ) ;
#1113 = ORIENTED_EDGE ( 'NONE', *, *, #2980, .T. ) ;
#1114 = EDGE_CURVE ( 'NONE', #3087, #1217, #1848, .T. ) ;
#1115 = CARTESIAN_POINT ( 'NONE',  ( 930.7375285671641905, 998.4444294378467930, 1050.783288978695964 ) ) ;
#1116 = VERTEX_POINT ( 'NONE', #2886 ) ;
#1117 = CARTESIAN_POINT ( 'NONE',  ( 925.5633633353547793, 1030.811818312624837, 1051.083288978695919 ) ) ;
#1118 = EDGE_LOOP ( 'NONE', ( #2827, #3071, #3084, #719 ) ) ;
#1119 = DIRECTION ( 'NONE',  ( 1.000000000000000000, 0.000000000000000000, 0.000000000000000000 ) ) ;
#1120 = EDGE_CURVE ( 'NONE', #1810, #2035, #2629, .T. ) ;
#1121 = DIRECTION ( 'NONE',  ( -1.000000000000000000, 0.000000000000000000, 0.000000000000000000 ) ) ;
#1122 = ORIENTED_EDGE ( 'NONE', *, *, #261, .T. ) ;
#1123 = FACE_OUTER_BOUND ( 'NONE', #213, .T. ) ;
#1124 = VERTEX_POINT ( 'NONE', #2158 ) ;
#1125 = CARTESIAN_POINT ( 'NONE',  ( 982.8633633353548475, 1016.631818312624887, 1051.083288978695919 ) ) ;
#1126 = CARTESIAN_POINT ( 'NONE',  ( 980.3510481207248404, 1032.169495477979808, 1050.783288978695964 ) ) ;
#1127 = VECTOR ( 'NONE', #3228, 1000.000000000000000 ) ;
#1128 = VERTEX_POINT ( 'NONE', #561 ) ;
#1129 = VECTOR ( 'NONE', #2247, 1000.000000000000000 ) ;
#1130 = DIRECTION ( 'NONE',  ( -1.000000000000000000, 0.000000000000000000, 0.000000000000000000 ) ) ;
#1131 = EDGE_LOOP ( 'NONE', ( #2265, #928, #2919, #2263 ) ) ;
#1132 = ADVANCED_FACE ( 'NONE', ( #2427 ), #1329, .F. ) ;
#1133 = LINE ( 'NONE', #2912, #2977 ) ;
#1134 = VECTOR ( 'NONE', #2641, 1000.000000000000000 ) ;
#1135 = ORIENTED_EDGE ( 'NONE', *, *, #2406, .T. ) ;
#1136 = LINE ( 'NONE', #2677, #1748 ) ;
#1137 = DIRECTION ( 'NONE',  ( -0.000000000000000000, -0.000000000000000000, 1.000000000000000000 ) ) ;
#1138 = EDGE_CURVE ( 'NONE', #1769, #1116, #816, .T. ) ;
#1139 = ORIENTED_EDGE ( 'NONE', *, *, #3317, .T. ) ;
#1140 = DIRECTION ( 'NONE',  ( 0.000000000000000000, 0.000000000000000000, -1.000000000000000000 ) ) ;
#1141 = VERTEX_POINT ( 'NONE', #2412 ) ;
#1142 = PLANE ( 'NONE',  #1044 ) ;
#1143 = FACE_OUTER_BOUND ( 'NONE', #1234, .T. ) ;
#1144 = ORIENTED_EDGE ( 'NONE', *, *, #1267, .F. ) ;
#1145 = DIRECTION ( 'NONE',  ( 1.000000000000000000, 0.000000000000000000, 0.000000000000000000 ) ) ;
#1146 = VECTOR ( 'NONE', #2194, 1000.000000000000000 ) ;
#1147 = AXIS2_PLACEMENT_3D ( 'NONE', #1753, #990, #746 ) ;
#1148 = CARTESIAN_POINT ( 'NONE',  ( 965.4633633353547566, 1023.331818312624932, 1051.083288978695919 ) ) ;
#1149 = AXIS2_PLACEMENT_3D ( 'NONE', #1071, #571, #1612 ) ;
#1150 = VERTEX_POINT ( 'NONE', #1343 ) ;
#1151 = CARTESIAN_POINT ( 'NONE',  ( 984.3633633353547339, 1046.131818312625001, 1055.083288978695919 ) ) ;
#1152 = LINE ( 'NONE', #2456, #1179 ) ;
#1153 = CARTESIAN_POINT ( 'NONE',  ( 926.0633633353548930, 1021.331818312624819, 1051.083288978695919 ) ) ;
#1154 = EDGE_LOOP ( 'NONE', ( #150, #1056, #598, #2552 ) ) ;
#1155 = CARTESIAN_POINT ( 'NONE',  ( 927.5633633353547793, 1030.811818312624837, 1055.083288978695919 ) ) ;
#1156 = ORIENTED_EDGE ( 'NONE', *, *, #1200, .F. ) ;
#1157 = FACE_OUTER_BOUND ( 'NONE', #727, .T. ) ;
#1158 = PRESENTATION_STYLE_ASSIGNMENT (( #3186 ) ) ;
#1159 = AXIS2_PLACEMENT_3D ( 'NONE', #3367, #736, #1811 ) ;
#1160 = EDGE_CURVE ( 'NONE', #856, #3271, #1689, .T. ) ;
#1161 = VERTEX_POINT ( 'NONE', #1650 ) ;
#1162 = DIRECTION ( 'NONE',  ( 0.000000000000000000, -1.000000000000000000, 0.000000000000000000 ) ) ;
#1163 = ORIENTED_EDGE ( 'NONE', *, *, #1138, .F. ) ;
#1164 = EDGE_CURVE ( 'NONE', #1413, #1076, #773, .T. ) ;
#1165 = CARTESIAN_POINT ( 'NONE',  ( 904.3633633353547339, 1034.811818312624837, 1051.083288978695919 ) ) ;
#1166 = VERTEX_POINT ( 'NONE', #3181 ) ;
#1167 = CARTESIAN_POINT ( 'NONE',  ( 929.2633633353547111, 1004.631818312624773, 1055.083288978695919 ) ) ;
#1168 = CARTESIAN_POINT ( 'NONE',  ( 935.6633633353548021, 1044.631818312624773, 1055.083288978695919 ) ) ;
#1169 = VERTEX_POINT ( 'NONE', #2378 ) ;
#1170 = PLANE ( 'NONE',  #2749 ) ;
#1171 = ORIENTED_EDGE ( 'NONE', *, *, #682, .F. ) ;
#1172 = EDGE_CURVE ( 'NONE', #1673, #3276, #2917, .T. ) ;
#1173 = FACE_BOUND ( 'NONE', #1675, .T. ) ;
#1174 =( NAMED_UNIT ( * ) SI_UNIT ( $, .STERADIAN. ) SOLID_ANGLE_UNIT ( ) );
#1175 = EDGE_LOOP ( 'NONE', ( #2744, #2643, #890, #1671 ) ) ;
#1176 = CARTESIAN_POINT ( 'NONE',  ( 929.7633633353548248, 1006.131818312624887, 1051.083288978695919 ) ) ;
#1177 = DIRECTION ( 'NONE',  ( 0.000000000000000000, 0.000000000000000000, 1.000000000000000000 ) ) ;
#1178 = ORIENTED_EDGE ( 'NONE', *, *, #2138, .T. ) ;
#1179 = VECTOR ( 'NONE', #894, 1000.000000000000000 ) ;
#1180 = AXIS2_PLACEMENT_3D ( 'NONE', #2386, #106, #1145 ) ;
#1181 = VECTOR ( 'NONE', #1325, 1000.000000000000000 ) ;
#1182 = EDGE_CURVE ( 'NONE', #2938, #704, #2662, .T. ) ;
#1183 = CARTESIAN_POINT ( 'NONE',  ( 0.000000000000000000, 0.000000000000000000, 0.000000000000000000 ) ) ;
#1185 = EDGE_CURVE ( 'NONE', #2303, #646, #287, .T. ) ;
#1184 = VERTEX_POINT ( 'NONE', #66 ) ;
#1186 = VECTOR ( 'NONE', #3058, 1000.000000000000000 ) ;
#1187 = LINE ( 'NONE', #2439, #1908 ) ;
#1188 = VECTOR ( 'NONE', #2169, 1000.000000000000000 ) ;
#1189 = CARTESIAN_POINT ( 'NONE',  ( 887.8885627257538999, 995.6571142232169223, 1055.083288978695919 ) ) ;
#1190 = EDGE_LOOP ( 'NONE', ( #143, #3306, #3042, #2613 ) ) ;
#1191 = CARTESIAN_POINT ( 'NONE',  ( 904.8633633353547339, 1033.311818312624837, 1055.083288978695919 ) ) ;
#1192 = ORIENTED_EDGE ( 'NONE', *, *, #1185, .T. ) ;
#1193 = FACE_OUTER_BOUND ( 'NONE', #971, .T. ) ;
#1194 = DIRECTION ( 'NONE',  ( 0.000000000000000000, -1.000000000000000000, 0.000000000000000000 ) ) ;
#1195 = ORIENTED_EDGE ( 'NONE', *, *, #2733, .F. ) ;
#1196 = CARTESIAN_POINT ( 'NONE',  ( 902.8633633353547339, 1042.631818312624773, 1055.083288978695919 ) ) ;
#1197 = DIRECTION ( 'NONE',  ( -0.000000000000000000, 0.000000000000000000, -1.000000000000000000 ) ) ;
#1198 = ORIENTED_EDGE ( 'NONE', *, *, #2591, .F. ) ;
#1199 = VERTEX_POINT ( 'NONE', #84 ) ;
#1200 = EDGE_CURVE ( 'NONE', #1076, #1235, #2933, .T. ) ;
#1201 = EDGE_CURVE ( 'NONE', #520, #1440, #2645, .T. ) ;
#1202 = CIRCLE ( 'NONE', #649, 1.000000000000000888 ) ;
#1203 = AXIS2_PLACEMENT_3D ( 'NONE', #2872, #547, #1586 ) ;
#1204 = ORIENTED_EDGE ( 'NONE', *, *, #3200, .F. ) ;
#1205 = CARTESIAN_POINT ( 'NONE',  ( 968.1301148555324971, 997.4444294378467930, 1051.083288978695919 ) ) ;
#1206 = AXIS2_PLACEMENT_3D ( 'NONE', #337, #831, #354 ) ;
#1207 = CIRCLE ( 'NONE', #1051, 1.099999999999989875 ) ;
#1208 = DIRECTION ( 'NONE',  ( 0.000000000000000000, 1.000000000000000000, 0.000000000000000000 ) ) ;
#1209 = ORIENTED_EDGE ( 'NONE', *, *, #2724, .T. ) ;
#1210 = CARTESIAN_POINT ( 'NONE',  ( 968.1301148555324971, 1004.844429437846884, 1050.783288978695964 ) ) ;
#1211 = ORIENTED_EDGE ( 'NONE', *, *, #1724, .T. ) ;
#1212 = CARTESIAN_POINT ( 'NONE',  ( 935.6633633353548021, 1044.631818312624773, 1051.083288978695919 ) ) ;
#1213 = CARTESIAN_POINT ( 'NONE',  ( 930.7375285671641905, 1004.844429437846884, 1051.083288978695919 ) ) ;
#1214 = VERTEX_POINT ( 'NONE', #880 ) ;
#1215 = FACE_OUTER_BOUND ( 'NONE', #1543, .T. ) ;
#1216 = DIRECTION ( 'NONE',  ( -0.000000000000000000, 0.000000000000000000, -1.000000000000000000 ) ) ;
#1217 = VERTEX_POINT ( 'NONE', #588 ) ;
#1218 = ORIENTED_EDGE ( 'NONE', *, *, #2087, .F. ) ;
#1219 = EDGE_CURVE ( 'NONE', #244, #2448, #61, .T. ) ;
#1220 = CIRCLE ( 'NONE', #1274, 2.000000000000001776 ) ;
#1221 = CARTESIAN_POINT ( 'NONE',  ( 984.3633633353547339, 1009.831818312624932, 1053.083288978695919 ) ) ;
#1222 = AXIS2_PLACEMENT_3D ( 'NONE', #2130, #2400, #1869 ) ;
#1223 = ORIENTED_EDGE ( 'NONE', *, *, #48, .T. ) ;
#1224 = DIRECTION ( 'NONE',  ( -0.000000000000000000, -0.000000000000000000, -1.000000000000000000 ) ) ;
#1225 = VERTEX_POINT ( 'NONE', #1663 ) ;
#1226 = CYLINDRICAL_SURFACE ( 'NONE', #1881, 2.000000000000001776 ) ;
#1227 = EDGE_CURVE ( 'NONE', #2234, #613, #2362, .T. ) ;
#1228 = ORIENTED_EDGE ( 'NONE', *, *, #1924, .F. ) ;
#1229 = FACE_OUTER_BOUND ( 'NONE', #2068, .T. ) ;
#1230 = CARTESIAN_POINT ( 'NONE',  ( 972.3633633353547339, 1041.631818312625001, 1050.783288978695964 ) ) ;
#1231 = CARTESIAN_POINT ( 'NONE',  ( 978.3510481207248404, 1034.169495477979808, 1051.083288978695919 ) ) ;
#1232 = DIRECTION ( 'NONE',  ( 1.000000000000000000, 0.000000000000000000, 0.000000000000000000 ) ) ;
#1233 = DIRECTION ( 'NONE',  ( -1.000000000000000000, 0.000000000000000000, 0.000000000000000000 ) ) ;
#1234 = EDGE_LOOP ( 'NONE', ( #883, #1039, #72, #2513 ) ) ;
#1235 = VERTEX_POINT ( 'NONE', #572 ) ;
#1236 = DIRECTION ( 'NONE',  ( 1.000000000000000000, 0.000000000000000000, 0.000000000000000000 ) ) ;
#1237 = EDGE_CURVE ( 'NONE', #279, #499, #866, .T. ) ;
#1238 = VECTOR ( 'NONE', #2381, 1000.000000000000000 ) ;
#1239 = ORIENTED_EDGE ( 'NONE', *, *, #153, .T. ) ;
#1240 = CARTESIAN_POINT ( 'NONE',  ( 980.8633633353548475, 1021.331818312624932, 1055.083288978695919 ) ) ;
#1241 = LINE ( 'NONE', #2797, #2539 ) ;
#1242 = DIRECTION ( 'NONE',  ( 0.000000000000000000, 0.000000000000000000, -1.000000000000000000 ) ) ;
#1243 = ORIENTED_EDGE ( 'NONE', *, *, #328, .F. ) ;
#1244 = DIRECTION ( 'NONE',  ( -0.000000000000000000, -0.000000000000000000, -1.000000000000000000 ) ) ;
#1245 = CARTESIAN_POINT ( 'NONE',  ( 934.1633633353549158, 1042.631818312624773, 1051.083288978695919 ) ) ;
#1246 = AXIS2_PLACEMENT_3D ( 'NONE', #1117, #1390, #1875 ) ;
#1247 = ADVANCED_FACE ( 'NONE', ( #605 ), #1395, .F. ) ;
#1248 = LINE ( 'NONE', #258, #803 ) ;
#1249 = CARTESIAN_POINT ( 'NONE',  ( 885.8885627257538999, 1023.331818312624932, 1051.083288978695919 ) ) ;
#1250 = FACE_OUTER_BOUND ( 'NONE', #3157, .T. ) ;
#1251 = ORIENTED_EDGE ( 'NONE', *, *, #664, .T. ) ;
#1252 = VERTEX_POINT ( 'NONE', #385 ) ;
#1253 = ORIENTED_EDGE ( 'NONE', *, *, #3353, .T. ) ;
#1254 = VERTEX_POINT ( 'NONE', #1189 ) ;
#1255 = CARTESIAN_POINT ( 'NONE',  ( 982.8633633353548475, 1006.631818312624773, 1055.083288978695919 ) ) ;
#1256 = VECTOR ( 'NONE', #374, 1000.000000000000000 ) ;
#1257 = DIRECTION ( 'NONE',  ( 0.000000000000000000, -0.000000000000000000, -1.000000000000000000 ) ) ;
#1258 = DIRECTION ( 'NONE',  ( -1.000000000000000000, 0.000000000000000000, -0.000000000000000000 ) ) ;
#1259 = AXIS2_PLACEMENT_3D ( 'NONE', #119, #441, #2495 ) ;
#1260 = DIRECTION ( 'NONE',  ( 0.000000000000000000, 0.000000000000000000, -1.000000000000000000 ) ) ;
#1261 = CARTESIAN_POINT ( 'NONE',  ( 885.8885627257538999, 1042.631818312624773, 1055.083288978695919 ) ) ;
#1262 = CARTESIAN_POINT ( 'NONE',  ( 980.8633633353548475, 1008.131818312624887, 1051.083288978695919 ) ) ;
#1263 = LINE ( 'NONE', #1791, #739 ) ;
#1264 = CARTESIAN_POINT ( 'NONE',  ( 984.3633633353547339, 1016.631818312624887, 1053.083288978695919 ) ) ;
#1265 = DIRECTION ( 'NONE',  ( 0.000000000000000000, -0.000000000000000000, -1.000000000000000000 ) ) ;
#1266 = EDGE_LOOP ( 'NONE', ( #398, #2148, #3178, #2280 ) ) ;
#1267 = EDGE_CURVE ( 'NONE', #3184, #100, #3267, .T. ) ;
#1268 = CARTESIAN_POINT ( 'NONE',  ( 974.4010481207247949, 1036.119495477979854, 1050.783288978695964 ) ) ;
#1269 = ORIENTED_EDGE ( 'NONE', *, *, #3190, .T. ) ;
#1270 = AXIS2_PLACEMENT_3D ( 'NONE', #2457, #951, #114 ) ;
#1271 = EDGE_LOOP ( 'NONE', ( #3366, #2962, #781, #2488 ) ) ;
#1272 = ADVANCED_FACE ( 'NONE', ( #2224 ), #1948, .F. ) ;
#1273 = DIRECTION ( 'NONE',  ( 1.000000000000000000, 0.000000000000000000, 0.000000000000000000 ) ) ;
#1274 = AXIS2_PLACEMENT_3D ( 'NONE', #789, #23, #2602 ) ;
#1275 = ORIENTED_EDGE ( 'NONE', *, *, #1182, .F. ) ;
#1276 = DIRECTION ( 'NONE',  ( 1.000000000000000000, 0.000000000000000000, 0.000000000000000000 ) ) ;
#1277 = CIRCLE ( 'NONE', #2626, 2.000000000000001776 ) ;
#1278 = CARTESIAN_POINT ( 'NONE',  ( 929.2633633353547111, 1004.631818312624773, 1051.083288978695919 ) ) ;
#1279 = CARTESIAN_POINT ( 'NONE',  ( 943.9633633353547566, 1032.731818312624910, 1051.083288978695919 ) ) ;
#1280 = EDGE_CURVE ( 'NONE', #2226, #2813, #1594, .T. ) ;
#1281 = PLANE ( 'NONE',  #2076 ) ;
#1282 = DIRECTION ( 'NONE',  ( 0.000000000000000000, 0.000000000000000000, -1.000000000000000000 ) ) ;
#1283 = CARTESIAN_POINT ( 'NONE',  ( 887.8885627257538999, 1019.831818312624932, 1055.083288978695919 ) ) ;
#1284 = LINE ( 'NONE', #806, #1583 ) ;
#1285 = DIRECTION ( 'NONE',  ( 1.000000000000000000, 0.000000000000000000, 0.000000000000000000 ) ) ;
#1286 = ORIENTED_EDGE ( 'NONE', *, *, #1727, .T. ) ;
#1287 = DIRECTION ( 'NONE',  ( 0.000000000000000000, 0.000000000000000000, -1.000000000000000000 ) ) ;
#1288 = EDGE_LOOP ( 'NONE', ( #2720, #2848, #2274, #1815, #2160, #2309, #1933, #2728 ) ) ;
#1289 = EDGE_CURVE ( 'NONE', #1454, #1841, #3117, .T. ) ;
#1290 = ORIENTED_EDGE ( 'NONE', *, *, #606, .F. ) ;
#1291 = ADVANCED_FACE ( 'NONE', ( #674 ), #3230, .T. ) ;
#1292 = VERTEX_POINT ( 'NONE', #1679 ) ;
#1293 = VECTOR ( 'NONE', #975, 1000.000000000000000 ) ;
#1294 = VECTOR ( 'NONE', #347, 1000.000000000000000 ) ;
#1295 = DIRECTION ( 'NONE',  ( 0.000000000000000000, 0.000000000000000000, 1.000000000000000000 ) ) ;
#1296 = EDGE_CURVE ( 'NONE', #2171, #265, #1696, .T. ) ;
#1297 = VECTOR ( 'NONE', #1067, 1000.000000000000000 ) ;
#1298 = DIRECTION ( 'NONE',  ( 1.000000000000000000, 0.000000000000000000, 0.000000000000000000 ) ) ;
#1299 = DIRECTION ( 'NONE',  ( 0.000000000000000000, -0.000000000000000000, -1.000000000000000000 ) ) ;
#1300 = LINE ( 'NONE', #2565, #3256 ) ;
#1301 = CARTESIAN_POINT ( 'NONE',  ( 929.7633633353548248, 1008.131818312624887, 1051.083288978695919 ) ) ;
#1302 = PLANE ( 'NONE',  #782 ) ;
#1303 = FACE_OUTER_BOUND ( 'NONE', #1346, .T. ) ;
#1304 = CARTESIAN_POINT ( 'NONE',  ( 902.8633633353547339, 1033.311818312624837, 1051.083288978695919 ) ) ;
#1305 = CIRCLE ( 'NONE', #369, 2.000000000000001776 ) ;
#1306 = EDGE_LOOP ( 'NONE', ( #2106, #1113, #321, #1752, #969, #3269, #1357, #2421, #2702, #701, #233, #1308 ) ) ;
#1307 = EDGE_LOOP ( 'NONE', ( #1721, #14, #344, #1466 ) ) ;
#1308 = ORIENTED_EDGE ( 'NONE', *, *, #1289, .T. ) ;
#1309 = EDGE_CURVE ( 'NONE', #2975, #685, #2839, .T. ) ;
#1310 = CARTESIAN_POINT ( 'NONE',  ( 981.3633633353547339, 1043.131818312625001, 1050.783288978695964 ) ) ;
#1311 = VERTEX_POINT ( 'NONE', #3022 ) ;
#1312 = DIRECTION ( 'NONE',  ( 0.000000000000000000, 0.000000000000000000, -1.000000000000000000 ) ) ;
#1313 = DIRECTION ( 'NONE',  ( 0.000000000000000000, 0.000000000000000000, -1.000000000000000000 ) ) ;
#1314 = CIRCLE ( 'NONE', #1469, 3.000000000000002665 ) ;
#1315 = VECTOR ( 'NONE', #1510, 1000.000000000000000 ) ;
#1316 = PLANE ( 'NONE',  #2109 ) ;
#1317 = DIRECTION ( 'NONE',  ( -0.000000000000000000, -0.000000000000000000, -1.000000000000000000 ) ) ;
#1318 = CARTESIAN_POINT ( 'NONE',  ( 982.8633633353548475, 1021.331818312624932, 1051.083288978695919 ) ) ;
#1319 = CARTESIAN_POINT ( 'NONE',  ( 904.3633633353547339, 1034.811818312624837, 1055.083288978695919 ) ) ;
#1320 = CARTESIAN_POINT ( 'NONE',  ( 931.7375285671641905, 997.4444294378467930, 1051.083288978695919 ) ) ;
#1321 = AXIS2_PLACEMENT_3D ( 'NONE', #2628, #1863, #1119 ) ;
#1322 = ORIENTED_EDGE ( 'NONE', *, *, #2786, .F. ) ;
#1323 = EDGE_CURVE ( 'NONE', #851, #2738, #3250, .T. ) ;
#1324 = ORIENTED_EDGE ( 'NONE', *, *, #796, .F. ) ;
#1325 = DIRECTION ( 'NONE',  ( 0.000000000000000000, 0.000000000000000000, 1.000000000000000000 ) ) ;
#1326 = VECTOR ( 'NONE', #1208, 1000.000000000000000 ) ;
#1327 = ORIENTED_EDGE ( 'NONE', *, *, #2034, .T. ) ;
#1328 = LINE ( 'NONE', #604, #115 ) ;
#1329 = CYLINDRICAL_SURFACE ( 'NONE', #1420, 2.000000000000001776 ) ;
#1330 = EDGE_CURVE ( 'NONE', #429, #2448, #1712, .T. ) ;
#1331 = DIRECTION ( 'NONE',  ( 0.000000000000000000, 0.000000000000000000, -1.000000000000000000 ) ) ;
#1332 = DIRECTION ( 'NONE',  ( 1.000000000000000000, 0.000000000000000000, 0.000000000000000000 ) ) ;
#1333 = PLANE ( 'NONE',  #932 ) ;
#1334 = DIRECTION ( 'NONE',  ( 0.000000000000000000, 0.000000000000000000, 1.000000000000000000 ) ) ;
#1335 = DIRECTION ( 'NONE',  ( 0.000000000000000000, -1.000000000000000000, 0.000000000000000000 ) ) ;
#1336 = ORIENTED_EDGE ( 'NONE', *, *, #1073, .F. ) ;
#1337 = ORIENTED_EDGE ( 'NONE', *, *, #1160, .T. ) ;
#1338 = CARTESIAN_POINT ( 'NONE',  ( 906.3633633353547339, 1042.631818312624773, 1051.083288978695919 ) ) ;
#1339 = VERTEX_POINT ( 'NONE', #2491 ) ;
#1340 = CIRCLE ( 'NONE', #2588, 1.099999999999989875 ) ;
#1341 = VECTOR ( 'NONE', #1417, 1000.000000000000000 ) ;
#1342 = DIRECTION ( 'NONE',  ( 1.000000000000000000, 0.000000000000000000, 0.000000000000000000 ) ) ;
#1343 = CARTESIAN_POINT ( 'NONE',  ( 887.8885627257538999, 1021.331818312624932, 1055.083288978695919 ) ) ;
#1344 = EDGE_CURVE ( 'NONE', #1254, #2876, #2722, .T. ) ;
#1345 = CIRCLE ( 'NONE', #1781, 2.000000000000001776 ) ;
#1346 = EDGE_LOOP ( 'NONE', ( #661, #2017, #2810, #1355 ) ) ;
#1347 = CYLINDRICAL_SURFACE ( 'NONE', #3142, 1.099999999999989875 ) ;
#1348 = CYLINDRICAL_SURFACE ( 'NONE', #3108, 2.000000000000001776 ) ;
#1349 = CARTESIAN_POINT ( 'NONE',  ( 925.5633633353547793, 1032.811818312624837, 1055.083288978695919 ) ) ;
#1350 = LINE ( 'NONE', #2684, #599 ) ;
#1351 = EDGE_CURVE ( 'NONE', #3318, #1856, #129, .T. ) ;
#1352 = ORIENTED_EDGE ( 'NONE', *, *, #3177, .F. ) ;
#1353 = VECTOR ( 'NONE', #1527, 1000.000000000000000 ) ;
#1354 = CARTESIAN_POINT ( 'NONE',  ( 884.3885627257538999, 994.1571142232169223, 1050.783288978695964 ) ) ;
#1355 = ORIENTED_EDGE ( 'NONE', *, *, #1959, .F. ) ;
#1356 = CARTESIAN_POINT ( 'NONE',  ( 884.3885627257538999, 1046.131818312625001, 1055.083288978695919 ) ) ;
#1357 = ORIENTED_EDGE ( 'NONE', *, *, #107, .F. ) ;
#1358 = CARTESIAN_POINT ( 'NONE',  ( 931.7375285671641905, 998.4444294378467930, 1051.083288978695919 ) ) ;
#1359 = CARTESIAN_POINT ( 'NONE',  ( 982.8407353286833086, 1009.831818312624932, 1051.083288978695919 ) ) ;
#1360 = EDGE_CURVE ( 'NONE', #2418, #1628, #2985, .T. ) ;
#1361 = ORIENTED_EDGE ( 'NONE', *, *, #2339, .F. ) ;
#1362 = CARTESIAN_POINT ( 'NONE',  ( 961.9633633353548703, 1021.331818312624932, 1055.083288978695919 ) ) ;
#1363 = CARTESIAN_POINT ( 'NONE',  ( 920.3885627257540136, 998.6571142232169223, 1051.083288978695919 ) ) ;
#1364 = DIRECTION ( 'NONE',  ( 0.000000000000000000, 1.000000000000000000, 0.000000000000000000 ) ) ;
#1365 =( NAMED_UNIT ( * ) PLANE_ANGLE_UNIT ( ) SI_UNIT ( $, .RADIAN. ) );
#1366 = CIRCLE ( 'NONE', #985, 2.000000000000001776 ) ;
#1367 = ORIENTED_EDGE ( 'NONE', *, *, #2724, .F. ) ;
#1368 = EDGE_CURVE ( 'NONE', #3280, #3113, #2298, .T. ) ;
#1369 = DIRECTION ( 'NONE',  ( 0.000000000000000000, 0.000000000000000000, 1.000000000000000000 ) ) ;
#1370 = VECTOR ( 'NONE', #33, 1000.000000000000000 ) ;
#1371 = ORIENTED_EDGE ( 'NONE', *, *, #2240, .T. ) ;
#1372 = VECTOR ( 'NONE', #1886, 1000.000000000000000 ) ;
#1373 = ADVANCED_FACE ( 'NONE', ( #1456 ), #692, .F. ) ;
#1374 = CARTESIAN_POINT ( 'NONE',  ( 982.0396265003764711, 1009.831818312624932, 1053.083288978695919 ) ) ;
#1375 = EDGE_LOOP ( 'NONE', ( #603, #833, #1761, #1946 ) ) ;
#1376 = CIRCLE ( 'NONE', #3224, 1.099999999999989875 ) ;
#1377 = CARTESIAN_POINT ( 'NONE',  ( 980.8633633353548475, 1010.131818312624887, 1053.083288978695919 ) ) ;
#1378 = CARTESIAN_POINT ( 'NONE',  ( 980.8633633353548475, 1010.131818312624887, 1051.083288978695919 ) ) ;
#1379 = CIRCLE ( 'NONE', #509, 2.000000000000001776 ) ;
#1380 = EDGE_LOOP ( 'NONE', ( #1888, #1999, #1709, #2486 ) ) ;
#1381 = CARTESIAN_POINT ( 'NONE',  ( 963.4633633353547566, 1032.731818312624910, 1051.083288978695919 ) ) ;
#1382 = ORIENTED_EDGE ( 'NONE', *, *, #2580, .F. ) ;
#1383 = CARTESIAN_POINT ( 'NONE',  ( 926.0633633353548930, 1021.331818312624819, 1051.083288978695919 ) ) ;
#1384 = CARTESIAN_POINT ( 'NONE',  ( 930.7375285671641905, 1004.844429437846884, 1055.083288978695919 ) ) ;
#1385 = AXIS2_PLACEMENT_3D ( 'NONE', #516, #1553, #3101 ) ;
#1386 = EDGE_LOOP ( 'NONE', ( #2799, #524, #1616, #3368, #1938, #567, #1989, #3052 ) ) ;
#1387 = EDGE_CURVE ( 'NONE', #3348, #3217, #2135, .T. ) ;
#1388 = LINE ( 'NONE', #626, #907 ) ;
#1389 = VERTEX_POINT ( 'NONE', #1730 ) ;
#1390 = DIRECTION ( 'NONE',  ( -0.000000000000000000, -0.000000000000000000, -1.000000000000000000 ) ) ;
#1391 = EDGE_CURVE ( 'NONE', #2951, #1100, #2760, .T. ) ;
#1392 = ORIENTED_EDGE ( 'NONE', *, *, #2406, .F. ) ;
#1393 = LINE ( 'NONE', #865, #2614 ) ;
#1394 = ADVANCED_FACE ( 'NONE', ( #967, #2003 ), #706, .T. ) ;
#1395 = PLANE ( 'NONE',  #333 ) ;
#1396 = ORIENTED_EDGE ( 'NONE', *, *, #3023, .T. ) ;
#1397 = CARTESIAN_POINT ( 'NONE',  ( 931.2633633353547111, 1004.631818312624773, 1055.083288978695919 ) ) ;
#1398 = ORIENTED_EDGE ( 'NONE', *, *, #1018, .F. ) ;
#1399 = CARTESIAN_POINT ( 'NONE',  ( 931.2633633353547111, 1006.631818312624773, 1051.083288978695919 ) ) ;
#1400 = CYLINDRICAL_SURFACE ( 'NONE', #2123, 2.000000000000001776 ) ;
#1401 = VECTOR ( 'NONE', #950, 1000.000000000000000 ) ;
#1402 = EDGE_LOOP ( 'NONE', ( #2237, #2273, #3335, #2145 ) ) ;
#1403 = FACE_BOUND ( 'NONE', #1306, .T. ) ;
#1404 = EDGE_CURVE ( 'NONE', #2860, #2680, #215, .T. ) ;
#1405 = CARTESIAN_POINT ( 'NONE',  ( 968.1301148555324971, 1003.844429437846998, 1051.083288978695919 ) ) ;
#1406 = VECTOR ( 'NONE', #1909, 1000.000000000000000 ) ;
#1407 = ORIENTED_EDGE ( 'NONE', *, *, #952, .F. ) ;
#1408 = EDGE_CURVE ( 'NONE', #948, #1954, #235, .T. ) ;
#1409 = LINE ( 'NONE', #2741, #2239 ) ;
#1410 = DIRECTION ( 'NONE',  ( 1.000000000000000000, 0.000000000000000000, 0.000000000000000000 ) ) ;
#1411 = ORIENTED_EDGE ( 'NONE', *, *, #937, .F. ) ;
#1412 = LINE ( 'NONE', #608, #2159 ) ;
#1413 = VERTEX_POINT ( 'NONE', #3056 ) ;
#1414 = PLANE ( 'NONE',  #1906 ) ;
#1415 = LINE ( 'NONE', #1126, #1256 ) ;
#1416 = ORIENTED_EDGE ( 'NONE', *, *, #471, .F. ) ;
#1417 = DIRECTION ( 'NONE',  ( 0.000000000000000000, 1.000000000000000000, 0.000000000000000000 ) ) ;
#1418 = ORIENTED_EDGE ( 'NONE', *, *, #2219, .T. ) ;
#1419 = CIRCLE ( 'NONE', #1799, 3.000000000000002665 ) ;
#1420 = AXIS2_PLACEMENT_3D ( 'NONE', #1107, #2142, #2394 ) ;
#1421 = VECTOR ( 'NONE', #2083, 1000.000000000000000 ) ;
#1422 = ORIENTED_EDGE ( 'NONE', *, *, #1408, .T. ) ;
#1423 = CARTESIAN_POINT ( 'NONE',  ( 926.0633633353548930, 1031.311818312624837, 1051.083288978695919 ) ) ;
#1424 = DIRECTION ( 'NONE',  ( -0.000000000000000000, -0.000000000000000000, -1.000000000000000000 ) ) ;
#1425 = AXIS2_PLACEMENT_3D ( 'NONE', #15, #3337, #3092 ) ;
#1426 = CARTESIAN_POINT ( 'NONE',  ( 980.8633633353548475, 1019.831818312624932, 1055.083288978695919 ) ) ;
#1427 = DIRECTION ( 'NONE',  ( 0.000000000000000000, -0.000000000000000000, -1.000000000000000000 ) ) ;
#1428 = ORIENTED_EDGE ( 'NONE', *, *, #3036, .F. ) ;
#1429 = PLANE ( 'NONE',  #3272 ) ;
#1430 = AXIS2_PLACEMENT_3D ( 'NONE', #3311, #155, #2198 ) ;
#1431 = ORIENTED_EDGE ( 'NONE', *, *, #761, .F. ) ;
#1432 = ADVANCED_FACE ( 'NONE', ( #2593 ), #2036, .T. ) ;
#1433 = CARTESIAN_POINT ( 'NONE',  ( 984.3633633353547339, 1046.131818312625001, 1055.083288978695919 ) ) ;
#1434 = DIRECTION ( 'NONE',  ( -0.000000000000000000, -0.000000000000000000, 1.000000000000000000 ) ) ;
#1435 = ORIENTED_EDGE ( 'NONE', *, *, #1280, .F. ) ;
#1436 =( NAMED_UNIT ( * ) SI_UNIT ( $, .STERADIAN. ) SOLID_ANGLE_UNIT ( ) );
#1437 = EDGE_LOOP ( 'NONE', ( #2895, #154, #1327, #3201 ) ) ;
#1438 = DIRECTION ( 'NONE',  ( 0.000000000000000000, 0.000000000000000000, -1.000000000000000000 ) ) ;
#1439 = DIRECTION ( 'NONE',  ( -1.000000000000000000, 0.000000000000000000, 0.000000000000000000 ) ) ;
#1440 = VERTEX_POINT ( 'NONE', #780 ) ;
#1441 = DIRECTION ( 'NONE',  ( -0.000000000000000000, -0.000000000000000000, -1.000000000000000000 ) ) ;
#1442 = EDGE_LOOP ( 'NONE', ( #1866, #2197 ) ) ;
#1443 = CARTESIAN_POINT ( 'NONE',  ( 974.4010481207247949, 1036.119495477979854, 1051.083288978695919 ) ) ;
#1444 = DIRECTION ( 'NONE',  ( 1.000000000000000000, 0.000000000000000000, 0.000000000000000000 ) ) ;
#1445 = EDGE_CURVE ( 'NONE', #1810, #2288, #1376, .T. ) ;
#1446 = ORIENTED_EDGE ( 'NONE', *, *, #2402, .T. ) ;
#1447 = LINE ( 'NONE', #3278, #2894 ) ;
#1448 = LINE ( 'NONE', #1739, #1937 ) ;
#1449 = ORIENTED_EDGE ( 'NONE', *, *, #2594, .T. ) ;
#1450 = CIRCLE ( 'NONE', #2963, 2.000000000000001776 ) ;
#1451 = VECTOR ( 'NONE', #2149, 1000.000000000000000 ) ;
#1452 = EDGE_CURVE ( 'NONE', #1, #1905, #1813, .T. ) ;
#1453 = ORIENTED_EDGE ( 'NONE', *, *, #3094, .F. ) ;
#1454 = VERTEX_POINT ( 'NONE', #742 ) ;
#1455 = DIRECTION ( 'NONE',  ( -0.000000000000000000, 1.000000000000000000, -0.000000000000000000 ) ) ;
#1456 = FACE_OUTER_BOUND ( 'NONE', #1016, .T. ) ;
#1457 = ORIENTED_EDGE ( 'NONE', *, *, #399, .T. ) ;
#1458 = CARTESIAN_POINT ( 'NONE',  ( 965.4633633353547566, 1023.331818312624932, 1051.083288978695919 ) ) ;
#1459 = ORIENTED_EDGE ( 'NONE', *, *, #539, .F. ) ;
#1460 = CYLINDRICAL_SURFACE ( 'NONE', #2994, 2.000000000000001776 ) ;
#1461 = CARTESIAN_POINT ( 'NONE',  ( 961.9633633353548703, 1021.331818312624932, 1051.083288978695919 ) ) ;
#1462 = EDGE_CURVE ( 'NONE', #1116, #279, #449, .T. ) ;
#1463 = ORIENTED_EDGE ( 'NONE', *, *, #1470, .F. ) ;
#1464 = CARTESIAN_POINT ( 'NONE',  ( 973.4633633353547566, 1041.631818312625001, 1050.783288978695964 ) ) ;
#1465 = CARTESIAN_POINT ( 'NONE',  ( 973.4633633353547566, 998.6571142232169223, 1051.083288978695919 ) ) ;
#1466 = ORIENTED_EDGE ( 'NONE', *, *, #39, .T. ) ;
#1467 = ORIENTED_EDGE ( 'NONE', *, *, #931, .T. ) ;
#1468 = PLANE ( 'NONE',  #3038 ) ;
#1469 = AXIS2_PLACEMENT_3D ( 'NONE', #3205, #120, #1656 ) ;
#1470 = EDGE_CURVE ( 'NONE', #102, #965, #1038, .T. ) ;
#1471 = ORIENTED_EDGE ( 'NONE', *, *, #2766, .F. ) ;
#1472 = AXIS2_PLACEMENT_3D ( 'NONE', #1377, #3164, #830 ) ;
#1473 = DIRECTION ( 'NONE',  ( 1.000000000000000000, 0.000000000000000000, 0.000000000000000000 ) ) ;
#1474 = CARTESIAN_POINT ( 'NONE',  ( 887.8885627257538999, 1023.331818312624932, 1055.083288978695919 ) ) ;
#1475 = CARTESIAN_POINT ( 'NONE',  ( 978.3510481207248404, 1038.119495477979854, 1055.083288978695919 ) ) ;
#1476 = ORIENTED_EDGE ( 'NONE', *, *, #1861, .T. ) ;
#1477 = CARTESIAN_POINT ( 'NONE',  ( 982.8633633353548475, 1044.631818312624773, 1051.083288978695919 ) ) ;
#1478 = LINE ( 'NONE', #957, #2179 ) ;
#1479 = CARTESIAN_POINT ( 'NONE',  ( 943.9633633353547566, 1031.231818312624682, 1055.083288978695919 ) ) ;
#1480 = PLANE ( 'NONE',  #236 ) ;
#1481 = DIRECTION ( 'NONE',  ( -0.000000000000000000, 0.000000000000000000, 1.000000000000000000 ) ) ;
#1482 = EDGE_LOOP ( 'NONE', ( #3128, #2476, #2540, #678 ) ) ;
#1483 = AXIS2_PLACEMENT_3D ( 'NONE', #2189, #3112, #1749 ) ;
#1484 = EDGE_CURVE ( 'NONE', #703, #1214, #251, .T. ) ;
#1485 = ORIENTED_EDGE ( 'NONE', *, *, #2815, .F. ) ;
#1486 = FACE_OUTER_BOUND ( 'NONE', #28, .T. ) ;
#1487 = EDGE_CURVE ( 'NONE', #1166, #851, #3319, .T. ) ;
#1488 = ORIENTED_EDGE ( 'NONE', *, *, #539, .T. ) ;
#1489 = CARTESIAN_POINT ( 'NONE',  ( 969.1301148555324971, 1003.844429437846998, 1050.483288978696010 ) ) ;
#1490 = CARTESIAN_POINT ( 'NONE',  ( 984.3633633353547339, 1009.831818312624932, 1053.083288978695919 ) ) ;
#1491 = DIRECTION ( 'NONE',  ( 1.000000000000000000, 0.000000000000000000, 0.000000000000000000 ) ) ;
#1492 = VERTEX_POINT ( 'NONE', #3355 ) ;
#1493 = DIRECTION ( 'NONE',  ( 0.000000000000000000, 0.000000000000000000, 1.000000000000000000 ) ) ;
#1494 = DIRECTION ( 'NONE',  ( -1.000000000000000000, 0.000000000000000000, 0.000000000000000000 ) ) ;
#1495 = CARTESIAN_POINT ( 'NONE',  ( 884.3885627257538999, 997.1571142232169223, 1055.083288978695919 ) ) ;
#1496 = DIRECTION ( 'NONE',  ( 1.000000000000000000, -0.000000000000000000, -0.000000000000000000 ) ) ;
#1497 = LINE ( 'NONE', #2535, #2589 ) ;
#1498 = EDGE_LOOP ( 'NONE', ( #3102, #1554, #1223, #3322 ) ) ;
#1499 = EDGE_CURVE ( 'NONE', #3313, #2216, #1648, .T. ) ;
#1500 = ORIENTED_EDGE ( 'NONE', *, *, #1525, .T. ) ;
#1501 = VECTOR ( 'NONE', #583, 1000.000000000000000 ) ;
#1502 = ORIENTED_EDGE ( 'NONE', *, *, #1659, .T. ) ;
#1503 = VECTOR ( 'NONE', #417, 1000.000000000000000 ) ;
#1504 = ORIENTED_EDGE ( 'NONE', *, *, #589, .F. ) ;
#1505 = LINE ( 'NONE', #1022, #2245 ) ;
#1506 = AXIS2_PLACEMENT_3D ( 'NONE', #1822, #4, #1046 ) ;
#1507 = ADVANCED_FACE ( 'NONE', ( #1784 ), #2796, .F. ) ;
#1508 = LINE ( 'NONE', #725, #628 ) ;
#1509 = DIRECTION ( 'NONE',  ( 0.000000000000000000, 1.000000000000000000, 0.000000000000000000 ) ) ;
#1510 = DIRECTION ( 'NONE',  ( -1.000000000000000000, 0.000000000000000000, 0.000000000000000000 ) ) ;
#1511 = LINE ( 'NONE', #254, #171 ) ;
#1512 = EDGE_CURVE ( 'NONE', #3040, #685, #1505, .T. ) ;
#1513 = CARTESIAN_POINT ( 'NONE',  ( 982.8633633353548475, 1006.631818312624773, 1051.083288978695919 ) ) ;
#1514 = CARTESIAN_POINT ( 'NONE',  ( 920.3885627257540136, 998.6571142232169223, 1055.083288978695919 ) ) ;
#1515 = DIRECTION ( 'NONE',  ( -0.000000000000000000, 1.000000000000000000, 0.000000000000000000 ) ) ;
#1516 = DIRECTION ( 'NONE',  ( 1.000000000000000000, 0.000000000000000000, 0.000000000000000000 ) ) ;
#1517 = VERTEX_POINT ( 'NONE', #2057 ) ;
#1518 = LINE ( 'NONE', #3349, #182 ) ;
#1519 = EDGE_LOOP ( 'NONE', ( #3175, #2004, #2953, #1740 ) ) ;
#1520 = VERTEX_POINT ( 'NONE', #1240 ) ;
#1521 = CARTESIAN_POINT ( 'NONE',  ( 963.4633633353547566, 1030.731818312624910, 1055.083288978695919 ) ) ;
#1522 = EDGE_LOOP ( 'NONE', ( #777, #1396, #2529, #465 ) ) ;
#1523 = CARTESIAN_POINT ( 'NONE',  ( 0.000000000000000000, 0.000000000000000000, 1053.083288978695919 ) ) ;
#1524 = AXIS2_PLACEMENT_3D ( 'NONE', #2940, #89, #2697 ) ;
#1525 = EDGE_CURVE ( 'NONE', #1827, #2538, #2453, .T. ) ;
#1526 = VECTOR ( 'NONE', #1121, 1000.000000000000000 ) ;
#1527 = DIRECTION ( 'NONE',  ( -0.000000000000000000, -0.000000000000000000, -1.000000000000000000 ) ) ;
#1528 = VECTOR ( 'NONE', #956, 1000.000000000000000 ) ;
#1529 = LINE ( 'NONE', #1819, #766 ) ;
#1530 = CYLINDRICAL_SURFACE ( 'NONE', #653, 2.000000000000001776 ) ;
#1531 = CARTESIAN_POINT ( 'NONE',  ( 976.4010481207247949, 1036.119495477979854, 1051.083288978695919 ) ) ;
#1532 = DIRECTION ( 'NONE',  ( 0.000000000000000000, -0.000000000000000000, -1.000000000000000000 ) ) ;
#1533 = CARTESIAN_POINT ( 'NONE',  ( 976.4010481207247949, 1038.119495477979854, 1050.783288978695964 ) ) ;
#1534 = DIRECTION ( 'NONE',  ( 0.000000000000000000, 0.000000000000000000, 1.000000000000000000 ) ) ;
#1535 = EDGE_LOOP ( 'NONE', ( #693, #3350, #2070, #2358 ) ) ;
#1536 = DIRECTION ( 'NONE',  ( 0.000000000000000000, 0.000000000000000000, -1.000000000000000000 ) ) ;
#1537 = ADVANCED_FACE ( 'NONE', ( #1004 ), #1544, .T. ) ;
#1538 = EDGE_LOOP ( 'NONE', ( #1504, #3017, #1559, #1668 ) ) ;
#1539 = AXIS2_PLACEMENT_3D ( 'NONE', #2472, #2708, #1410 ) ;
#1540 = ORIENTED_EDGE ( 'NONE', *, *, #2326, .T. ) ;
#1541 = EDGE_CURVE ( 'NONE', #1141, #2755, #999, .T. ) ;
#1542 = AXIS2_PLACEMENT_3D ( 'NONE', #1433, #137, #2214 ) ;
#1543 = EDGE_LOOP ( 'NONE', ( #85, #3010, #1982, #1453 ) ) ;
#1544 = PLANE ( 'NONE',  #506 ) ;
#1545 = EDGE_CURVE ( 'NONE', #1128, #2228, #2851, .T. ) ;
#1546 = CIRCLE ( 'NONE', #947, 1.099999999999989875 ) ;
#1547 = CYLINDRICAL_SURFACE ( 'NONE', #443, 2.000000000000001776 ) ;
#1548 = CARTESIAN_POINT ( 'NONE',  ( 904.8633633353547339, 1031.311818312624837, 1051.083288978695919 ) ) ;
#1549 = DIRECTION ( 'NONE',  ( -0.000000000000000000, 0.000000000000000000, 1.000000000000000000 ) ) ;
#1550 = DIRECTION ( 'NONE',  ( -1.000000000000000000, 0.000000000000000000, 0.000000000000000000 ) ) ;
#1551 = EDGE_CURVE ( 'NONE', #1161, #2303, #2892, .T. ) ;
#1552 = DIRECTION ( 'NONE',  ( 1.000000000000000000, -0.000000000000000000, 0.000000000000000000 ) ) ;
#1553 = DIRECTION ( 'NONE',  ( -0.000000000000000000, -0.000000000000000000, -1.000000000000000000 ) ) ;
#1554 = ORIENTED_EDGE ( 'NONE', *, *, #2468, .T. ) ;
#1555 = CARTESIAN_POINT ( 'NONE',  ( 885.8885627257538999, 995.6571142232169223, 1055.083288978695919 ) ) ;
#1556 = ORIENTED_EDGE ( 'NONE', *, *, #2426, .F. ) ;
#1557 = EDGE_CURVE ( 'NONE', #2014, #2030, #541, .T. ) ;
#1558 = ORIENTED_EDGE ( 'NONE', *, *, #1037, .F. ) ;
#1559 = ORIENTED_EDGE ( 'NONE', *, *, #2959, .F. ) ;
#1560 = AXIS2_PLACEMENT_3D ( 'NONE', #1568, #290, #2398 ) ;
#1561 = CARTESIAN_POINT ( 'NONE',  ( 980.3510481207248404, 1038.119495477979854, 1051.083288978695919 ) ) ;
#1562 = ORIENTED_EDGE ( 'NONE', *, *, #2345, .T. ) ;
#1563 = VECTOR ( 'NONE', #882, 1000.000000000000000 ) ;
#1564 = ADVANCED_FACE ( 'NONE', ( #1832 ), #2865, .F. ) ;
#1565 = LINE ( 'NONE', #2837, #2663 ) ;
#1566 = DIRECTION ( 'NONE',  ( -0.000000000000000000, 0.000000000000000000, -1.000000000000000000 ) ) ;
#1567 = DIRECTION ( 'NONE',  ( 0.000000000000000000, -0.000000000000000000, 1.000000000000000000 ) ) ;
#1568 = CARTESIAN_POINT ( 'NONE',  ( 980.8633633353548475, 1023.331818312624932, 1051.083288978695919 ) ) ;
#1569 = LINE ( 'NONE', #1774, #2449 ) ;
#1570 = FACE_OUTER_BOUND ( 'NONE', #2624, .T. ) ;
#1571 = EDGE_CURVE ( 'NONE', #429, #1898, #2356, .T. ) ;
#1572 = CARTESIAN_POINT ( 'NONE',  ( 884.3885627257538999, 1043.131818312625001, 1055.083288978695919 ) ) ;
#1573 = VECTOR ( 'NONE', #555, 1000.000000000000000 ) ;
#1574 = VERTEX_POINT ( 'NONE', #1320 ) ;
#1575 = ORIENTED_EDGE ( 'NONE', *, *, #3220, .F. ) ;
#1576 = ORIENTED_EDGE ( 'NONE', *, *, #320, .F. ) ;
#1577 = CARTESIAN_POINT ( 'NONE',  ( 904.3633633353547339, 1034.811818312624837, 1051.083288978695919 ) ) ;
#1578 = DIRECTION ( 'NONE',  ( 1.000000000000000000, 0.000000000000000000, 0.000000000000000000 ) ) ;
#1579 = EDGE_CURVE ( 'NONE', #2975, #265, #1518, .T. ) ;
#1580 = ORIENTED_EDGE ( 'NONE', *, *, #3262, .F. ) ;
#1581 = DIRECTION ( 'NONE',  ( 1.000000000000000000, 0.000000000000000000, 0.000000000000000000 ) ) ;
#1582 = LINE ( 'NONE', #1008, #3109 ) ;
#1583 = VECTOR ( 'NONE', #2316, 1000.000000000000000 ) ;
#1584 = LINE ( 'NONE', #1513, #2640 ) ;
#1585 = CARTESIAN_POINT ( 'NONE',  ( 885.8885627257538999, 997.6571142232169223, 1055.083288978695919 ) ) ;
#1586 = DIRECTION ( 'NONE',  ( 1.000000000000000000, 0.000000000000000000, 0.000000000000000000 ) ) ;
#1587 = CARTESIAN_POINT ( 'NONE',  ( 982.0396265003764711, 1009.831818312624932, 1055.083288978695919 ) ) ;
#1588 = DIRECTION ( 'NONE',  ( 0.000000000000000000, 0.000000000000000000, -1.000000000000000000 ) ) ;
#1589 = AXIS2_PLACEMENT_3D ( 'NONE', #2377, #2658, #3198 ) ;
#1590 = ORIENTED_EDGE ( 'NONE', *, *, #1368, .F. ) ;
#1591 = VERTEX_POINT ( 'NONE', #1304 ) ;
#1592 = CARTESIAN_POINT ( 'NONE',  ( 971.2633633353548248, 998.6571142232169223, 1055.083288978695919 ) ) ;
#1593 = EDGE_CURVE ( 'NONE', #3028, #2093, #2604, .T. ) ;
#1594 = CIRCLE ( 'NONE', #2623, 2.000000000000001776 ) ;
#1595 = ORIENTED_EDGE ( 'NONE', *, *, #1844, .F. ) ;
#1596 = EDGE_CURVE ( 'NONE', #1794, #63, #277, .T. ) ;
#1597 = CARTESIAN_POINT ( 'NONE',  ( 884.3885627257538999, 1043.131818312625001, 1055.083288978695919 ) ) ;
#1598 = DIRECTION ( 'NONE',  ( -1.000000000000000000, 0.000000000000000000, 0.000000000000000000 ) ) ;
#1599 = ORIENTED_EDGE ( 'NONE', *, *, #153, .F. ) ;
#1600 = CARTESIAN_POINT ( 'NONE',  ( 920.3885627257540136, 1041.631818312625001, 1050.783288978695964 ) ) ;
#1601 = FACE_OUTER_BOUND ( 'NONE', #1758, .T. ) ;
#1602 = LINE ( 'NONE', #1151, #2678 ) ;
#1603 = FILL_AREA_STYLE ('',( #1920 ) ) ;
#1604 = ORIENTED_EDGE ( 'NONE', *, *, #2473, .T. ) ;
#1605 = FACE_OUTER_BOUND ( 'NONE', #2770, .T. ) ;
#1606 = ORIENTED_EDGE ( 'NONE', *, *, #2712, .T. ) ;
#1607 = DIRECTION ( 'NONE',  ( 0.000000000000000000, 0.000000000000000000, -1.000000000000000000 ) ) ;
#1608 = ADVANCED_FACE ( 'NONE', ( #2115 ), #791, .F. ) ;
#1609 = ORIENTED_EDGE ( 'NONE', *, *, #1674, .T. ) ;
#1610 = VECTOR ( 'NONE', #2062, 1000.000000000000000 ) ;
#1611 = AXIS2_PLACEMENT_3D ( 'NONE', #744, #1257, #2543 ) ;
#1612 = DIRECTION ( 'NONE',  ( -1.000000000000000000, 0.000000000000000000, 0.000000000000000000 ) ) ;
#1613 = DIRECTION ( 'NONE',  ( -0.000000000000000000, -0.000000000000000000, -1.000000000000000000 ) ) ;
#1614 = AXIS2_PLACEMENT_3D ( 'NONE', #2952, #2191, #388 ) ;
#1615 = EDGE_CURVE ( 'NONE', #132, #2538, #25, .T. ) ;
#1616 = ORIENTED_EDGE ( 'NONE', *, *, #910, .F. ) ;
#1617 = FACE_OUTER_BOUND ( 'NONE', #771, .T. ) ;
#1618 = DIRECTION ( 'NONE',  ( 0.000000000000000000, 1.000000000000000000, 0.000000000000000000 ) ) ;
#1619 = LINE ( 'NONE', #2890, #3105 ) ;
#1620 = CARTESIAN_POINT ( 'NONE',  ( 931.7375285671641905, 1004.844429437846884, 1050.483288978696010 ) ) ;
#1621 = ORIENTED_EDGE ( 'NONE', *, *, #741, .T. ) ;
#1622 = ADVANCED_FACE ( 'NONE', ( #772 ), #293, .F. ) ;
#1623 = AXIS2_PLACEMENT_3D ( 'NONE', #2001, #3039, #2757 ) ;
#1624 = DIRECTION ( 'NONE',  ( -0.000000000000000000, -0.000000000000000000, -1.000000000000000000 ) ) ;
#1625 = EDGE_LOOP ( 'NONE', ( #867, #212, #3231, #841 ) ) ;
#1626 = CARTESIAN_POINT ( 'NONE',  ( 982.8633633353548475, 997.6571142232169223, 1051.083288978695919 ) ) ;
#1627 = EDGE_CURVE ( 'NONE', #3280, #2607, #1840, .T. ) ;
#1628 = VERTEX_POINT ( 'NONE', #500 ) ;
#1629 = CARTESIAN_POINT ( 'NONE',  ( 980.8633633353548475, 1006.631818312624773, 1055.083288978695919 ) ) ;
#1630 = CARTESIAN_POINT ( 'NONE',  ( 969.1301148555324971, 997.4444294378467930, 1050.783288978695964 ) ) ;
#1631 = EDGE_CURVE ( 'NONE', #3260, #2975, #1080, .T. ) ;
#1632 = ORIENTED_EDGE ( 'NONE', *, *, #2438, .F. ) ;
#1633 = PLANE ( 'NONE',  #743 ) ;
#1634 = VERTEX_POINT ( 'NONE', #535 ) ;
#1635 = DIRECTION ( 'NONE',  ( 1.000000000000000000, -5.526962214019476441E-15, 0.000000000000000000 ) ) ;
#1636 = DIRECTION ( 'NONE',  ( 1.000000000000000000, 0.000000000000000000, 0.000000000000000000 ) ) ;
#1637 = CIRCLE ( 'NONE', #2611, 2.000000000000001776 ) ;
#1638 = VERTEX_POINT ( 'NONE', #8 ) ;
#1639 = CIRCLE ( 'NONE', #3213, 1.099999999999989875 ) ;
#1640 = LINE ( 'NONE', #840, #2961 ) ;
#1641 = VECTOR ( 'NONE', #1089, 1000.000000000000000 ) ;
#1642 = ORIENTED_EDGE ( 'NONE', *, *, #2793, .F. ) ;
#1643 = EDGE_CURVE ( 'NONE', #1517, #948, #125, .T. ) ;
#1644 = VECTOR ( 'NONE', #3061, 1000.000000000000000 ) ;
#1645 = EDGE_CURVE ( 'NONE', #2387, #3126, #245, .T. ) ;
#1646 = FACE_OUTER_BOUND ( 'NONE', #109, .T. ) ;
#1647 = ORIENTED_EDGE ( 'NONE', *, *, #3006, .T. ) ;
#1648 = CIRCLE ( 'NONE', #19, 2.000000000000001776 ) ;
#1649 = CARTESIAN_POINT ( 'NONE',  ( 971.2633633353548248, 998.6571142232169223, 1051.083288978695919 ) ) ;
#1650 = CARTESIAN_POINT ( 'NONE',  ( 981.3633633353547339, 1046.131818312625001, 1050.783288978695964 ) ) ;
#1651 = CIRCLE ( 'NONE', #1860, 2.000000000000001776 ) ;
#1652 = ORIENTED_EDGE ( 'NONE', *, *, #1512, .F. ) ;
#1653 = LINE ( 'NONE', #621, #262 ) ;
#1654 = ORIENTED_EDGE ( 'NONE', *, *, #367, .T. ) ;
#1655 = CARTESIAN_POINT ( 'NONE',  ( 931.7375285671641905, 1003.844429437846998, 1055.083288978695919 ) ) ;
#1656 = DIRECTION ( 'NONE',  ( 1.000000000000000000, 0.000000000000000000, 0.000000000000000000 ) ) ;
#1657 = ORIENTED_EDGE ( 'NONE', *, *, #2275, .F. ) ;
#1658 = LINE ( 'NONE', #2199, #2050 ) ;
#1659 = EDGE_CURVE ( 'NONE', #689, #2685, #2846, .T. ) ;
#1660 = LINE ( 'NONE', #1374, #1890 ) ;
#1661 = ORIENTED_EDGE ( 'NONE', *, *, #1571, .F. ) ;
#1662 = DIRECTION ( 'NONE',  ( -1.000000000000000000, -0.000000000000000000, -0.000000000000000000 ) ) ;
#1663 = CARTESIAN_POINT ( 'NONE',  ( 982.8633633353548475, 1016.631818312624887, 1053.083288978695919 ) ) ;
#1664 = EDGE_CURVE ( 'NONE', #1254, #26, #518, .T. ) ;
#1665 = CIRCLE ( 'NONE', #1930, 2.000000000000001776 ) ;
#1666 = VERTEX_POINT ( 'NONE', #263 ) ;
#1667 = FACE_OUTER_BOUND ( 'NONE', #2606, .T. ) ;
#1668 = ORIENTED_EDGE ( 'NONE', *, *, #2587, .F. ) ;
#1669 = CARTESIAN_POINT ( 'NONE',  ( 885.8885627257538999, 997.6571142232169223, 1051.083288978695919 ) ) ;
#1670 = CIRCLE ( 'NONE', #906, 3.000000000000002665 ) ;
#1671 = ORIENTED_EDGE ( 'NONE', *, *, #560, .T. ) ;
#1672 = FACE_OUTER_BOUND ( 'NONE', #3281, .T. ) ;
#1673 = VERTEX_POINT ( 'NONE', #1050 ) ;
#1674 = EDGE_CURVE ( 'NONE', #1673, #945, #1379, .T. ) ;
#1675 = EDGE_LOOP ( 'NONE', ( #2241, #2086 ) ) ;
#1676 = CARTESIAN_POINT ( 'NONE',  ( 925.7633633353548248, 997.6571142232169223, 1051.083288978695919 ) ) ;
#1677 = LINE ( 'NONE', #1729, #1127 ) ;
#1678 = EDGE_CURVE ( 'NONE', #189, #1862, #2875, .T. ) ;
#1679 = CARTESIAN_POINT ( 'NONE',  ( 934.1633633353549158, 1033.131818312625001, 1055.083288978695919 ) ) ;
#1680 = VERTEX_POINT ( 'NONE', #1268 ) ;
#1681 = FACE_BOUND ( 'NONE', #919, .T. ) ;
#1682 = ORIENTED_EDGE ( 'NONE', *, *, #450, .F. ) ;
#1683 = CARTESIAN_POINT ( 'NONE',  ( 976.4010481207247949, 1032.169495477979808, 1051.083288978695919 ) ) ;
#1684 = DIRECTION ( 'NONE',  ( 1.000000000000000000, 0.000000000000000000, 0.000000000000000000 ) ) ;
#1685 = ORIENTED_EDGE ( 'NONE', *, *, #994, .T. ) ;
#1686 = DIRECTION ( 'NONE',  ( 1.000000000000000000, 0.000000000000000000, 0.000000000000000000 ) ) ;
#1687 = DIRECTION ( 'NONE',  ( 0.000000000000000000, -1.000000000000000000, 0.000000000000000000 ) ) ;
#1688 = ORIENTED_EDGE ( 'NONE', *, *, #2754, .F. ) ;
#1689 = CIRCLE ( 'NONE', #2558, 2.000000000000001776 ) ;
#1690 = AXIS2_PLACEMENT_3D ( 'NONE', #1655, #1092, #2667 ) ;
#1691 =( LENGTH_UNIT ( ) NAMED_UNIT ( * ) SI_UNIT ( .MILLI., .METRE. ) );
#1692 = ORIENTED_EDGE ( 'NONE', *, *, #1762, .T. ) ;
#1693 = EDGE_CURVE ( 'NONE', #2755, #2938, #2621, .T. ) ;
#1694 = CARTESIAN_POINT ( 'NONE',  ( 980.8633633353548475, 1044.631818312624773, 1055.083288978695919 ) ) ;
#1695 = DIRECTION ( 'NONE',  ( -0.000000000000000000, 0.000000000000000000, 1.000000000000000000 ) ) ;
#1696 = CIRCLE ( 'NONE', #1054, 2.000000000000001776 ) ;
#1697 = EDGE_CURVE ( 'NONE', #1931, #584, #2304, .T. ) ;
#1698 = ORIENTED_EDGE ( 'NONE', *, *, #412, .F. ) ;
#1699 = PLANE ( 'NONE',  #2212 ) ;
#1700 = ORIENTED_EDGE ( 'NONE', *, *, #1120, .F. ) ;
#1701 = CARTESIAN_POINT ( 'NONE',  ( 959.9633633353548703, 1023.331818312624932, 1051.083288978695919 ) ) ;
#1702 = DIRECTION ( 'NONE',  ( 0.000000000000000000, -0.000000000000000000, -1.000000000000000000 ) ) ;
#1703 = AXIS2_PLACEMENT_3D ( 'NONE', #2826, #1795, #1777 ) ;
#1704 = ORIENTED_EDGE ( 'NONE', *, *, #1069, .F. ) ;
#1705 = FACE_OUTER_BOUND ( 'NONE', #2127, .T. ) ;
#1706 = DIRECTION ( 'NONE',  ( 1.000000000000000000, 0.000000000000000000, 0.000000000000000000 ) ) ;
#1707 = ORIENTED_EDGE ( 'NONE', *, *, #1280, .T. ) ;
#1708 = VERTEX_POINT ( 'NONE', #2010 ) ;
#1709 = ORIENTED_EDGE ( 'NONE', *, *, #2934, .T. ) ;
#1710 = ADVANCED_FACE ( 'NONE', ( #1215 ), #445, .F. ) ;
#1711 = DIRECTION ( 'NONE',  ( 0.000000000000000000, 1.000000000000000000, 0.000000000000000000 ) ) ;
#1712 = LINE ( 'NONE', #637, #1326 ) ;
#1713 = PLANE ( 'NONE',  #2811 ) ;
#1714 = LINE ( 'NONE', #3216, #1563 ) ;
#1715 = ORIENTED_EDGE ( 'NONE', *, *, #2441, .T. ) ;
#1716 = DIRECTION ( 'NONE',  ( -0.000000000000000000, 0.000000000000000000, 1.000000000000000000 ) ) ;
#1717 = CARTESIAN_POINT ( 'NONE',  ( 929.7633633353548248, 1006.131818312624887, 1055.083288978695919 ) ) ;
#1718 = ORIENTED_EDGE ( 'NONE', *, *, #873, .F. ) ;
#1719 = DIRECTION ( 'NONE',  ( 1.000000000000000000, 0.000000000000000000, 0.000000000000000000 ) ) ;
#1720 = DIRECTION ( 'NONE',  ( -0.000000000000000000, -0.000000000000000000, -1.000000000000000000 ) ) ;
#1721 = ORIENTED_EDGE ( 'NONE', *, *, #1596, .F. ) ;
#1722 = VECTOR ( 'NONE', #757, 1000.000000000000000 ) ;
#1723 = VECTOR ( 'NONE', #1907, 1000.000000000000000 ) ;
#1724 = EDGE_CURVE ( 'NONE', #372, #965, #1651, .T. ) ;
#1725 = EDGE_LOOP ( 'NONE', ( #797, #2162, #2404, #1647 ) ) ;
#1726 = AXIS2_PLACEMENT_3D ( 'NONE', #2103, #987, #1491 ) ;
#1727 = EDGE_CURVE ( 'NONE', #1034, #2781, #1002, .T. ) ;
#1728 = VERTEX_POINT ( 'NONE', #1464 ) ;
#1729 = CARTESIAN_POINT ( 'NONE',  ( 906.3633633353547339, 1032.811818312624837, 1055.083288978695919 ) ) ;
#1730 = CARTESIAN_POINT ( 'NONE',  ( 931.7375285671641905, 1004.844429437846884, 1050.783288978695964 ) ) ;
#1731 = LINE ( 'NONE', #1490, #1780 ) ;
#1732 = DIRECTION ( 'NONE',  ( 0.000000000000000000, 1.000000000000000000, 0.000000000000000000 ) ) ;
#1733 = ORIENTED_EDGE ( 'NONE', *, *, #1391, .F. ) ;
#1734 = ADVANCED_FACE ( 'NONE', ( #2734 ), #1480, .F. ) ;
#1735 = CYLINDRICAL_SURFACE ( 'NONE', #1259, 2.000000000000001776 ) ;
#1736 = DIRECTION ( 'NONE',  ( 0.000000000000000000, 0.000000000000000000, -1.000000000000000000 ) ) ;
#1737 = CARTESIAN_POINT ( 'NONE',  ( 969.1301148555324971, 998.4444294378467930, 1050.783288978695964 ) ) ;
#1738 = DIRECTION ( 'NONE',  ( 0.000000000000000000, -0.000000000000000000, -1.000000000000000000 ) ) ;
#1739 = CARTESIAN_POINT ( 'NONE',  ( 980.3510481207248404, 1038.119495477979854, 1050.783288978695964 ) ) ;
#1740 = ORIENTED_EDGE ( 'NONE', *, *, #422, .F. ) ;
#1741 = ORIENTED_EDGE ( 'NONE', *, *, #247, .T. ) ;
#1742 = ADVANCED_FACE ( 'NONE', ( #409 ), #2232, .F. ) ;
#1743 = DIRECTION ( 'NONE',  ( 0.000000000000000000, 0.000000000000000000, 1.000000000000000000 ) ) ;
#1744 = VECTOR ( 'NONE', #1953, 1000.000000000000000 ) ;
#1745 = AXIS2_PLACEMENT_3D ( 'NONE', #2633, #2113, #103 ) ;
#1747 = EDGE_CURVE ( 'NONE', #2323, #1638, #1447, .T. ) ;
#1746 = ORIENTED_EDGE ( 'NONE', *, *, #2652, .F. ) ;
#1748 = VECTOR ( 'NONE', #3179, 1000.000000000000000 ) ;
#1749 = DIRECTION ( 'NONE',  ( 1.000000000000000000, 0.000000000000000000, 0.000000000000000000 ) ) ;
#1750 = VERTEX_POINT ( 'NONE', #3033 ) ;
#1751 = FACE_BOUND ( 'NONE', #1386, .T. ) ;
#1752 = ORIENTED_EDGE ( 'NONE', *, *, #1219, .T. ) ;
#1753 = CARTESIAN_POINT ( 'NONE',  ( 980.8633633353548475, 1042.631818312624773, 1051.083288978695919 ) ) ;
#1754 = CYLINDRICAL_SURFACE ( 'NONE', #984, 2.000000000000001776 ) ;
#1755 = DIRECTION ( 'NONE',  ( -0.000000000000000000, -0.000000000000000000, -1.000000000000000000 ) ) ;
#1756 = CARTESIAN_POINT ( 'NONE',  ( 929.7633633353548248, 1008.131818312624887, 1055.083288978695919 ) ) ;
#1757 = LINE ( 'NONE', #3279, #2155 ) ;
#1758 = EDGE_LOOP ( 'NONE', ( #1428, #1833, #888, #1718 ) ) ;
#1759 = EDGE_CURVE ( 'NONE', #607, #76, #2252, .T. ) ;
#1760 = VECTOR ( 'NONE', #2610, 1000.000000000000000 ) ;
#1761 = ORIENTED_EDGE ( 'NONE', *, *, #3309, .T. ) ;
#1762 = EDGE_CURVE ( 'NONE', #704, #1141, #959, .T. ) ;
#1763 = CIRCLE ( 'NONE', #1979, 2.000000000000001776 ) ;
#1764 = ORIENTED_EDGE ( 'NONE', *, *, #3356, .T. ) ;
#1765 = DIRECTION ( 'NONE',  ( 0.000000000000000000, -0.000000000000000000, -1.000000000000000000 ) ) ;
#1766 = EDGE_CURVE ( 'NONE', #2470, #1053, #3173, .T. ) ;
#1767 = LINE ( 'NONE', #2561, #208 ) ;
#1768 = LINE ( 'NONE', #2817, #1181 ) ;
#1769 = VERTEX_POINT ( 'NONE', #3014 ) ;
#1770 = CARTESIAN_POINT ( 'NONE',  ( 980.8633633353548475, 1019.831818312624932, 1055.083288978695919 ) ) ;
#1771 = CARTESIAN_POINT ( 'NONE',  ( 929.2633633353547111, 1006.631818312624773, 1051.083288978695919 ) ) ;
#1772 = CARTESIAN_POINT ( 'NONE',  ( 982.8633633353548475, 997.6571142232169223, 1055.083288978695919 ) ) ;
#1773 = CARTESIAN_POINT ( 'NONE',  ( 980.8633633353548475, 997.6571142232169223, 1055.083288978695919 ) ) ;
#1774 = CARTESIAN_POINT ( 'NONE',  ( 926.0633633353548930, 1021.331818312624819, 1051.083288978695919 ) ) ;
#1775 = CARTESIAN_POINT ( 'NONE',  ( 984.3633633353547339, 997.1571142232169223, 1050.783288978695964 ) ) ;
#1776 = ORIENTED_EDGE ( 'NONE', *, *, #1185, .F. ) ;
#1777 = DIRECTION ( 'NONE',  ( -1.000000000000000000, 0.000000000000000000, 0.000000000000000000 ) ) ;
#1778 = ORIENTED_EDGE ( 'NONE', *, *, #1759, .T. ) ;
#1779 = AXIS2_PLACEMENT_3D ( 'NONE', #1381, #591, #1884 ) ;
#1780 = VECTOR ( 'NONE', #2968, 1000.000000000000000 ) ;
#1781 = AXIS2_PLACEMENT_3D ( 'NONE', #1397, #403, #2937 ) ;
#1782 = VECTOR ( 'NONE', #996, 1000.000000000000000 ) ;
#1783 = ORIENTED_EDGE ( 'NONE', *, *, #651, .T. ) ;
#1784 = FACE_OUTER_BOUND ( 'NONE', #1307, .T. ) ;
#1785 = LINE ( 'NONE', #2037, #1353 ) ;
#1786 = DIRECTION ( 'NONE',  ( 0.000000000000000000, -0.000000000000000000, 1.000000000000000000 ) ) ;
#1787 = EDGE_CURVE ( 'NONE', #1252, #1520, #3003, .T. ) ;
#1788 = LINE ( 'NONE', #1279, #1644 ) ;
#1789 = DIRECTION ( 'NONE',  ( -1.000000000000000000, 0.000000000000000000, 0.000000000000000000 ) ) ;
#1790 = DIRECTION ( 'NONE',  ( -0.000000000000000000, 1.000000000000000000, -0.000000000000000000 ) ) ;
#1791 = CARTESIAN_POINT ( 'NONE',  ( 926.0633633353548930, 1031.311818312624837, 1055.083288978695919 ) ) ;
#1792 = LINE ( 'NONE', #733, #3338 ) ;
#1793 = CARTESIAN_POINT ( 'NONE',  ( 929.2633633353547111, 997.6571142232169223, 1055.083288978695919 ) ) ;
#1794 = VERTEX_POINT ( 'NONE', #1955 ) ;
#1795 = DIRECTION ( 'NONE',  ( 0.000000000000000000, 0.000000000000000000, 1.000000000000000000 ) ) ;
#1796 = ORIENTED_EDGE ( 'NONE', *, *, #59, .T. ) ;
#1797 = VERTEX_POINT ( 'NONE', #1756 ) ;
#1798 = DIRECTION ( 'NONE',  ( -0.000000000000000000, -0.000000000000000000, -1.000000000000000000 ) ) ;
#1799 = AXIS2_PLACEMENT_3D ( 'NONE', #272, #1042, #3342 ) ;
#1800 = VECTOR ( 'NONE', #679, 1000.000000000000000 ) ;
#1801 = EDGE_CURVE ( 'NONE', #2376, #1454, #2483, .T. ) ;
#1802 = CIRCLE ( 'NONE', #1321, 1.099999999999989875 ) ;
#1803 = DIRECTION ( 'NONE',  ( 0.000000000000000000, -1.000000000000000000, 0.000000000000000000 ) ) ;
#1804 = CARTESIAN_POINT ( 'NONE',  ( 904.8633633353547339, 1033.311818312624837, 1051.083288978695919 ) ) ;
#1805 = ADVANCED_FACE ( 'NONE', ( #1705 ), #393, .F. ) ;
#1806 = LINE ( 'NONE', #1060, #750 ) ;
#1807 = DIRECTION ( 'NONE',  ( 0.000000000000000000, 0.000000000000000000, 1.000000000000000000 ) ) ;
#1808 = DIRECTION ( 'NONE',  ( -0.000000000000000000, -0.000000000000000000, -1.000000000000000000 ) ) ;
#1809 = CARTESIAN_POINT ( 'NONE',  ( 931.7375285671641905, 998.4444294378467930, 1055.083288978695919 ) ) ;
#1810 = VERTEX_POINT ( 'NONE', #2751 ) ;
#1811 = DIRECTION ( 'NONE',  ( -1.000000000000000000, 0.000000000000000000, 0.000000000000000000 ) ) ;
#1812 = ORIENTED_EDGE ( 'NONE', *, *, #97, .F. ) ;
#1813 = CIRCLE ( 'NONE', #71, 2.000000000000001776 ) ;
#1814 = ORIENTED_EDGE ( 'NONE', *, *, #295, .F. ) ;
#1815 = ORIENTED_EDGE ( 'NONE', *, *, #796, .T. ) ;
#1816 = DIRECTION ( 'NONE',  ( 0.000000000000000000, -0.000000000000000000, -1.000000000000000000 ) ) ;
#1817 = ORIENTED_EDGE ( 'NONE', *, *, #434, .T. ) ;
#1818 = ADVANCED_FACE ( 'NONE', ( #903 ), #1939, .F. ) ;
#1819 = CARTESIAN_POINT ( 'NONE',  ( 935.6633633353548021, 1044.631818312624773, 1051.083288978695919 ) ) ;
#1820 = PRODUCT ( 'shell_1_1', 'shell_1_1', '', ( #2469 ) ) ;
#1821 = LINE ( 'NONE', #3359, #3268 ) ;
#1822 = CARTESIAN_POINT ( 'NONE',  ( 902.8633633353547339, 1031.311818312624837, 1051.083288978695919 ) ) ;
#1823 = DIRECTION ( 'NONE',  ( -0.000000000000000000, -0.000000000000000000, -1.000000000000000000 ) ) ;
#1824 = CARTESIAN_POINT ( 'NONE',  ( 934.1633633353549158, 1033.131818312625001, 1051.083288978695919 ) ) ;
#1825 = DIRECTION ( 'NONE',  ( -1.000000000000000000, 0.000000000000000000, 0.000000000000000000 ) ) ;
#1826 = DIRECTION ( 'NONE',  ( -0.000000000000000000, 1.000000000000000000, 0.000000000000000000 ) ) ;
#1827 = VERTEX_POINT ( 'NONE', #3258 ) ;
#1828 = ORIENTED_EDGE ( 'NONE', *, *, #1829, .T. ) ;
#1829 = EDGE_CURVE ( 'NONE', #3271, #2423, #2995, .T. ) ;
#1830 = ORIENTED_EDGE ( 'NONE', *, *, #1267, .T. ) ;
#1831 = CIRCLE ( 'NONE', #2910, 2.000000000000001776 ) ;
#1832 = FACE_OUTER_BOUND ( 'NONE', #2153, .T. ) ;
#1833 = ORIENTED_EDGE ( 'NONE', *, *, #3002, .T. ) ;
#1834 = CARTESIAN_POINT ( 'NONE',  ( 981.3633633353547339, 997.1571142232169223, 1050.783288978695964 ) ) ;
#1835 = DIRECTION ( 'NONE',  ( -1.000000000000000000, 0.000000000000000000, 0.000000000000000000 ) ) ;
#1836 = LINE ( 'NONE', #748, #142 ) ;
#1837 = FACE_OUTER_BOUND ( 'NONE', #1519, .T. ) ;
#1838 = DIRECTION ( 'NONE',  ( 1.000000000000000000, -5.526962214019476441E-15, -0.000000000000000000 ) ) ;
#1839 = PLANE ( 'NONE',  #2520 ) ;
#1840 = LINE ( 'NONE', #1033, #721 ) ;
#1841 = VERTEX_POINT ( 'NONE', #1196 ) ;
#1842 = ADVANCED_FACE ( 'NONE', ( #175 ), #1302, .F. ) ;
#1843 = VERTEX_POINT ( 'NONE', #2028 ) ;
#1844 = EDGE_CURVE ( 'NONE', #2226, #76, #1792, .T. ) ;
#1845 = DIRECTION ( 'NONE',  ( 0.000000000000000000, 0.000000000000000000, -1.000000000000000000 ) ) ;
#1846 = ORIENTED_EDGE ( 'NONE', *, *, #828, .T. ) ;
#1847 = CARTESIAN_POINT ( 'NONE',  ( 972.3633633353547339, 1041.631818312625001, 1051.083288978695919 ) ) ;
#1848 = LINE ( 'NONE', #99, #2832 ) ;
#1849 = VECTOR ( 'NONE', #3214, 1000.000000000000000 ) ;
#1850 = CIRCLE ( 'NONE', #2717, 2.000000000000001776 ) ;
#1851 = ORIENTED_EDGE ( 'NONE', *, *, #2899, .T. ) ;
#1852 = FACE_OUTER_BOUND ( 'NONE', #365, .T. ) ;
#1853 = CYLINDRICAL_SURFACE ( 'NONE', #2016, 1.099999999999989875 ) ;
#1854 = DIRECTION ( 'NONE',  ( 1.000000000000000000, 0.000000000000000000, 0.000000000000000000 ) ) ;
#1855 = FACE_OUTER_BOUND ( 'NONE', #2907, .T. ) ;
#1856 = VERTEX_POINT ( 'NONE', #1264 ) ;
#1857 = ORIENTED_EDGE ( 'NONE', *, *, #3131, .F. ) ;
#1858 = VECTOR ( 'NONE', #2310, 1000.000000000000000 ) ;
#1859 = CARTESIAN_POINT ( 'NONE',  ( 982.8633633353548475, 1021.331818312624932, 1055.083288978695919 ) ) ;
#1860 = AXIS2_PLACEMENT_3D ( 'NONE', #2788, #1738, #460 ) ;
#1861 = EDGE_CURVE ( 'NONE', #3187, #2938, #275, .T. ) ;
#1862 = VERTEX_POINT ( 'NONE', #1533 ) ;
#1863 = DIRECTION ( 'NONE',  ( -0.000000000000000000, -0.000000000000000000, -1.000000000000000000 ) ) ;
#1864 = ADVANCED_FACE ( 'NONE', ( #2352 ), #3082, .F. ) ;
#1865 = DIRECTION ( 'NONE',  ( -0.000000000000000000, 0.000000000000000000, 1.000000000000000000 ) ) ;
#1866 = ORIENTED_EDGE ( 'NONE', *, *, #1387, .T. ) ;
#1867 = LINE ( 'NONE', #2920, #688 ) ;
#1868 = DIRECTION ( 'NONE',  ( -1.000000000000000000, 0.000000000000000000, 0.000000000000000000 ) ) ;
#1869 = DIRECTION ( 'NONE',  ( -1.000000000000000000, 0.000000000000000000, 0.000000000000000000 ) ) ;
#1870 = DIRECTION ( 'NONE',  ( -1.000000000000000000, 0.000000000000000000, 0.000000000000000000 ) ) ;
#1871 = ORIENTED_EDGE ( 'NONE', *, *, #488, .F. ) ;
#1872 = PLANE ( 'NONE',  #2911 ) ;
#1873 = ORIENTED_EDGE ( 'NONE', *, *, #1172, .T. ) ;
#1874 = EDGE_CURVE ( 'NONE', #9, #1794, #1220, .T. ) ;
#1875 = DIRECTION ( 'NONE',  ( 1.000000000000000000, 0.000000000000000000, 0.000000000000000000 ) ) ;
#1876 = VERTEX_POINT ( 'NONE', #2099 ) ;
#1877 = VECTOR ( 'NONE', #2351, 1000.000000000000000 ) ;
#1878 = CIRCLE ( 'NONE', #3192, 1.099999999999989875 ) ;
#1879 = CARTESIAN_POINT ( 'NONE',  ( 980.8633633353548475, 1017.831818312624932, 1051.083288978695919 ) ) ;
#1880 = DIRECTION ( 'NONE',  ( 1.000000000000000000, 0.000000000000000000, 0.000000000000000000 ) ) ;
#1881 = AXIS2_PLACEMENT_3D ( 'NONE', #3075, #1845, #3340 ) ;
#1882 = EDGE_CURVE ( 'NONE', #3126, #248, #2301, .T. ) ;
#1883 = ORIENTED_EDGE ( 'NONE', *, *, #174, .T. ) ;
#1884 = DIRECTION ( 'NONE',  ( -0.000000000000000000, 0.000000000000000000, 1.000000000000000000 ) ) ;
#1885 = ORIENTED_EDGE ( 'NONE', *, *, #2899, .F. ) ;
#1886 = DIRECTION ( 'NONE',  ( 0.000000000000000000, -1.000000000000000000, 0.000000000000000000 ) ) ;
#1887 = DIRECTION ( 'NONE',  ( 0.000000000000000000, -1.000000000000000000, 0.000000000000000000 ) ) ;
#1888 = ORIENTED_EDGE ( 'NONE', *, *, #758, .F. ) ;
#1889 = EDGE_CURVE ( 'NONE', #1856, #1225, #1011, .T. ) ;
#1890 = VECTOR ( 'NONE', #3160, 1000.000000000000000 ) ;
#1891 = LINE ( 'NONE', #1354, #1294 ) ;
#1892 = ORIENTED_EDGE ( 'NONE', *, *, #1964, .T. ) ;
#1893 = EDGE_CURVE ( 'NONE', #2929, #2470, #478, .T. ) ;
#1894 = CARTESIAN_POINT ( 'NONE',  ( 982.0396265003764711, 1016.631818312624887, 1055.083288978695919 ) ) ;
#1895 = EDGE_LOOP ( 'NONE', ( #3304, #2676, #1996, #1688 ) ) ;
#1896 = DIRECTION ( 'NONE',  ( 1.000000000000000000, 0.000000000000000000, 0.000000000000000000 ) ) ;
#1897 = CARTESIAN_POINT ( 'NONE',  ( 930.7375285671641905, 1004.844429437846884, 1050.783288978695964 ) ) ;
#1898 = VERTEX_POINT ( 'NONE', #6 ) ;
#1899 = DIRECTION ( 'NONE',  ( 0.000000000000000000, -0.000000000000000000, -1.000000000000000000 ) ) ;
#1900 = ORIENTED_EDGE ( 'NONE', *, *, #1747, .F. ) ;
#1901 = CARTESIAN_POINT ( 'NONE',  ( 887.3885627257538999, 994.1571142232169223, 1050.783288978695964 ) ) ;
#1902 = DIRECTION ( 'NONE',  ( 1.000000000000000000, 0.000000000000000000, 0.000000000000000000 ) ) ;
#1903 = ADVANCED_FACE ( 'NONE', ( #2823 ), #1030, .F. ) ;
#1904 = AXIS2_PLACEMENT_3D ( 'NONE', #821, #2906, #1636 ) ;
#1905 = VERTEX_POINT ( 'NONE', #3100 ) ;
#1906 = AXIS2_PLACEMENT_3D ( 'NONE', #2445, #762, #1312 ) ;
#1907 = DIRECTION ( 'NONE',  ( 0.000000000000000000, -1.000000000000000000, 0.000000000000000000 ) ) ;
#1908 = VECTOR ( 'NONE', #1965, 1000.000000000000000 ) ;
#1909 = DIRECTION ( 'NONE',  ( -0.000000000000000000, -0.000000000000000000, 1.000000000000000000 ) ) ;
#1910 = ADVANCED_FACE ( 'NONE', ( #2857 ), #769, .T. ) ;
#1911 = ORIENTED_EDGE ( 'NONE', *, *, #1138, .T. ) ;
#1912 = VECTOR ( 'NONE', #368, 1000.000000000000000 ) ;
#1913 = CARTESIAN_POINT ( 'NONE',  ( 887.3885627257538999, 1046.131818312625001, 1050.783288978695964 ) ) ;
#1914 = CARTESIAN_POINT ( 'NONE',  ( 887.8885627257538999, 1017.831818312624932, 1051.083288978695919 ) ) ;
#1915 = VERTEX_POINT ( 'NONE', #2583 ) ;
#1916 = DIRECTION ( 'NONE',  ( 0.000000000000000000, -0.000000000000000000, 1.000000000000000000 ) ) ;
#1917 = ORIENTED_EDGE ( 'NONE', *, *, #1499, .F. ) ;
#1918 = EDGE_CURVE ( 'NONE', #2927, #2174, #1284, .T. ) ;
#1919 = DIRECTION ( 'NONE',  ( 1.000000000000000000, -0.000000000000000000, -0.000000000000000000 ) ) ;
#1920 = FILL_AREA_STYLE_COLOUR ( '', #2931 ) ;
#1921 = EDGE_LOOP ( 'NONE', ( #665, #1873, #3182, #1392, #2118, #2437 ) ) ;
#1922 = CARTESIAN_POINT ( 'NONE',  ( 931.2633633353547111, 1006.631818312624773, 1051.083288978695919 ) ) ;
#1923 = EDGE_LOOP ( 'NONE', ( #377, #1431, #617, #462 ) ) ;
#1924 = EDGE_CURVE ( 'NONE', #2397, #3313, #1569, .T. ) ;
#1925 = CARTESIAN_POINT ( 'NONE',  ( 982.8633633353548475, 1021.331818312624932, 1051.083288978695919 ) ) ;
#1926 = ORIENTED_EDGE ( 'NONE', *, *, #1462, .T. ) ;
#1927 = CYLINDRICAL_SURFACE ( 'NONE', #3249, 3.000000000000002665 ) ;
#1928 = CARTESIAN_POINT ( 'NONE',  ( 906.3633633353547339, 1042.631818312624773, 1051.083288978695919 ) ) ;
#1929 = DIRECTION ( 'NONE',  ( 1.000000000000000000, 0.000000000000000000, 0.000000000000000000 ) ) ;
#1930 = AXIS2_PLACEMENT_3D ( 'NONE', #1531, #240, #3362 ) ;
#1931 = VERTEX_POINT ( 'NONE', #1062 ) ;
#1932 = DIRECTION ( 'NONE',  ( -0.000000000000000000, -0.000000000000000000, -1.000000000000000000 ) ) ;
#1933 = ORIENTED_EDGE ( 'NONE', *, *, #1557, .T. ) ;
#1934 = DIRECTION ( 'NONE',  ( 0.000000000000000000, 0.000000000000000000, 1.000000000000000000 ) ) ;
#1935 = DIRECTION ( 'NONE',  ( 0.000000000000000000, 0.000000000000000000, -1.000000000000000000 ) ) ;
#1936 = AXIS2_PLACEMENT_3D ( 'NONE', #207, #2841, #1550 ) ;
#1937 = VECTOR ( 'NONE', #3050, 1000.000000000000000 ) ;
#1938 = ORIENTED_EDGE ( 'NONE', *, *, #931, .F. ) ;
#1939 = PLANE ( 'NONE',  #1542 ) ;
#1940 = LINE ( 'NONE', #1922, #1451 ) ;
#1941 = ORIENTED_EDGE ( 'NONE', *, *, #1747, .T. ) ;
#1942 = EDGE_CURVE ( 'NONE', #2093, #248, #2396, .T. ) ;
#1943 = VECTOR ( 'NONE', #1567, 1000.000000000000000 ) ;
#1944 = DIRECTION ( 'NONE',  ( 0.000000000000000000, 1.000000000000000000, 0.000000000000000000 ) ) ;
#1945 = EDGE_CURVE ( 'NONE', #2216, #429, #3364, .T. ) ;
#1946 = ORIENTED_EDGE ( 'NONE', *, *, #2862, .T. ) ;
#1947 = DIRECTION ( 'NONE',  ( 0.000000000000000000, 0.000000000000000000, -1.000000000000000000 ) ) ;
#1948 = CYLINDRICAL_SURFACE ( 'NONE', #944, 1.099999999999989875 ) ;
#1949 = ORIENTED_EDGE ( 'NONE', *, *, #2221, .T. ) ;
#1950 = LINE ( 'NONE', #2208, #1024 ) ;
#1951 = ORIENTED_EDGE ( 'NONE', *, *, #810, .F. ) ;
#1952 = FACE_BOUND ( 'NONE', #799, .T. ) ;
#1953 = DIRECTION ( 'NONE',  ( 0.000000000000000000, -1.000000000000000000, 0.000000000000000000 ) ) ;
#1954 = VERTEX_POINT ( 'NONE', #1249 ) ;
#1955 = CARTESIAN_POINT ( 'NONE',  ( 931.2633633353547111, 995.6571142232169223, 1051.083288978695919 ) ) ;
#1956 = CARTESIAN_POINT ( 'NONE',  ( 961.9633633353548703, 1023.331818312624932, 1051.083288978695919 ) ) ;
#1957 = ORIENTED_EDGE ( 'NONE', *, *, #1924, .T. ) ;
#1958 = VERTEX_POINT ( 'NONE', #515 ) ;
#1959 = EDGE_CURVE ( 'NONE', #189, #2454, #2805, .T. ) ;
#1960 = AXIS2_PLACEMENT_3D ( 'NONE', #3324, #991, #47 ) ;
#1961 = CIRCLE ( 'NONE', #2236, 2.000000000000001776 ) ;
#1962 = DIRECTION ( 'NONE',  ( 0.000000000000000000, -1.000000000000000000, 0.000000000000000000 ) ) ;
#1963 = ORIENTED_EDGE ( 'NONE', *, *, #828, .F. ) ;
#1964 = EDGE_CURVE ( 'NONE', #1389, #3184, #3327, .T. ) ;
#1965 = DIRECTION ( 'NONE',  ( -0.000000000000000000, -0.000000000000000000, -1.000000000000000000 ) ) ;
#1966 = DIRECTION ( 'NONE',  ( 0.000000000000000000, 0.000000000000000000, -1.000000000000000000 ) ) ;
#1967 = VECTOR ( 'NONE', #2277, 1000.000000000000000 ) ;
#1968 = ORIENTED_EDGE ( 'NONE', *, *, #3193, .F. ) ;
#1969 = LINE ( 'NONE', #677, #2054 ) ;
#1970 = ADVANCED_FACE ( 'NONE', ( #2683 ), #1348, .F. ) ;
#1971 = ORIENTED_EDGE ( 'NONE', *, *, #345, .T. ) ;
#1972 = CYLINDRICAL_SURFACE ( 'NONE', #2074, 2.000000000000001776 ) ;
#1973 = CARTESIAN_POINT ( 'NONE',  ( 980.8633633353548475, 1044.631818312624773, 1055.083288978695919 ) ) ;
#1974 = VECTOR ( 'NONE', #2063, 1000.000000000000000 ) ;
#1975 = VERTEX_POINT ( 'NONE', #2382 ) ;
#1976 = DIRECTION ( 'NONE',  ( 0.000000000000000000, 0.000000000000000000, 1.000000000000000000 ) ) ;
#1977 = DIRECTION ( 'NONE',  ( -0.000000000000000000, 0.000000000000000000, 1.000000000000000000 ) ) ;
#1978 = ORIENTED_EDGE ( 'NONE', *, *, #1697, .F. ) ;
#1979 = AXIS2_PLACEMENT_3D ( 'NONE', #2858, #2064, #2317 ) ;
#1980 = ORIENTED_EDGE ( 'NONE', *, *, #1227, .F. ) ;
#1981 = CARTESIAN_POINT ( 'NONE',  ( 982.8633633353548475, 1044.631818312624773, 1055.083288978695919 ) ) ;
#1982 = ORIENTED_EDGE ( 'NONE', *, *, #20, .F. ) ;
#1983 = EDGE_CURVE ( 'NONE', #2234, #2607, #2883, .T. ) ;
#1984 = CARTESIAN_POINT ( 'NONE',  ( 927.7633633353548248, 1006.631818312624773, 1051.083288978695919 ) ) ;
#1985 = DIRECTION ( 'NONE',  ( 1.000000000000000000, 0.000000000000000000, 0.000000000000000000 ) ) ;
#1986 = ADVANCED_FACE ( 'NONE', ( #1601 ), #2889, .F. ) ;
#1987 = ORIENTED_EDGE ( 'NONE', *, *, #838, .F. ) ;
#1988 = LINE ( 'NONE', #1577, #3031 ) ;
#1989 = ORIENTED_EDGE ( 'NONE', *, *, #2507, .F. ) ;
#1990 = FACE_BOUND ( 'NONE', #940, .T. ) ;
#1991 = DIRECTION ( 'NONE',  ( 1.000000000000000000, 0.000000000000000000, 0.000000000000000000 ) ) ;
#1992 = EDGE_CURVE ( 'NONE', #681, #411, #2399, .T. ) ;
#1993 = DIRECTION ( 'NONE',  ( 0.000000000000000000, -0.000000000000000000, -1.000000000000000000 ) ) ;
#1994 = CARTESIAN_POINT ( 'NONE',  ( 885.8885627257538999, 1019.831818312624932, 1051.083288978695919 ) ) ;
#1995 = LINE ( 'NONE', #942, #468 ) ;
#1996 = ORIENTED_EDGE ( 'NONE', *, *, #2523, .F. ) ;
#1997 = AXIS2_PLACEMENT_3D ( 'NONE', #2082, #531, #1332 ) ;
#1998 = ADVANCED_FACE ( 'NONE', ( #341 ), #1333, .F. ) ;
#1999 = ORIENTED_EDGE ( 'NONE', *, *, #952, .T. ) ;
#2000 = AXIS2_PLACEMENT_3D ( 'NONE', #217, #1509, #3059 ) ;
#2001 = CARTESIAN_POINT ( 'NONE',  ( 961.4633633353547566, 1030.731818312624910, 1051.083288978695919 ) ) ;
#2002 = ORIENTED_EDGE ( 'NONE', *, *, #2455, .T. ) ;
#2003 = FACE_BOUND ( 'NONE', #294, .T. ) ;
#2004 = ORIENTED_EDGE ( 'NONE', *, *, #2793, .T. ) ;
#2005 = PLANE ( 'NONE',  #2000 ) ;
#2006 = ORIENTED_EDGE ( 'NONE', *, *, #651, .F. ) ;
#2007 = FACE_OUTER_BOUND ( 'NONE', #1725, .T. ) ;
#2008 = LINE ( 'NONE', #2991, #927 ) ;
#2009 = DIRECTION ( 'NONE',  ( -1.000000000000000000, 0.000000000000000000, 0.000000000000000000 ) ) ;
#2010 = CARTESIAN_POINT ( 'NONE',  ( 931.2633633353547111, 1006.631818312624773, 1055.083288978695919 ) ) ;
#2011 = LINE ( 'NONE', #2215, #2973 ) ;
#2012 = ORIENTED_EDGE ( 'NONE', *, *, #2820, .T. ) ;
#2013 = EDGE_CURVE ( 'NONE', #132, #872, #1639, .T. ) ;
#2014 = VERTEX_POINT ( 'NONE', #2939 ) ;
#2015 = AXIS2_PLACEMENT_3D ( 'NONE', #192, #2972, #3308 ) ;
#2016 = AXIS2_PLACEMENT_3D ( 'NONE', #565, #1078, #390 ) ;
#2017 = ORIENTED_EDGE ( 'NONE', *, *, #83, .T. ) ;
#2018 = AXIS2_PLACEMENT_3D ( 'NONE', #218, #1260, #2059 ) ;
#2019 = CARTESIAN_POINT ( 'NONE',  ( 885.8885627257538999, 1044.631818312624773, 1051.083288978695919 ) ) ;
#2020 = DIRECTION ( 'NONE',  ( -0.000000000000000000, 1.000000000000000000, -0.000000000000000000 ) ) ;
#2021 = PLANE ( 'NONE',  #144 ) ;
#2022 = AXIS2_PLACEMENT_3D ( 'NONE', #2965, #3227, #577 ) ;
#2023 = VERTEX_POINT ( 'NONE', #358 ) ;
#2024 = CARTESIAN_POINT ( 'NONE',  ( 980.8633633353548475, 1004.631818312624773, 1051.083288978695919 ) ) ;
#2025 = FACE_OUTER_BOUND ( 'NONE', #1068, .T. ) ;
#2026 = FACE_OUTER_BOUND ( 'NONE', #1380, .T. ) ;
#2027 = CYLINDRICAL_SURFACE ( 'NONE', #908, 1.099999999999989875 ) ;
#2028 = CARTESIAN_POINT ( 'NONE',  ( 982.8633633353548475, 1042.631818312624773, 1055.083288978695919 ) ) ;
#2029 = DIRECTION ( 'NONE',  ( 1.000000000000000000, 0.000000000000000000, -0.000000000000000000 ) ) ;
#2030 = VERTEX_POINT ( 'NONE', #1399 ) ;
#2031 = AXIS2_PLACEMENT_3D ( 'NONE', #2244, #1695, #1929 ) ;
#2032 = EDGE_LOOP ( 'NONE', ( #1846, #1013, #2982, #338 ) ) ;
#2033 = ORIENTED_EDGE ( 'NONE', *, *, #1040, .T. ) ;
#2034 = EDGE_CURVE ( 'NONE', #1440, #105, #168, .T. ) ;
#2035 = VERTEX_POINT ( 'NONE', #88 ) ;
#2036 = CYLINDRICAL_SURFACE ( 'NONE', #2405, 3.000000000000002665 ) ;
#2037 = CARTESIAN_POINT ( 'NONE',  ( 973.4633633353547566, 1041.631818312625001, 1055.083288978695919 ) ) ;
#2038 = LINE ( 'NONE', #2798, #416 ) ;
#2039 = CARTESIAN_POINT ( 'NONE',  ( 971.2633633353548248, 1041.631818312625001, 1050.783288978695964 ) ) ;
#2040 = DIRECTION ( 'NONE',  ( 0.000000000000000000, -0.000000000000000000, -1.000000000000000000 ) ) ;
#2041 = EDGE_CURVE ( 'NONE', #3260, #2508, #3185, .T. ) ;
#2042 = CARTESIAN_POINT ( 'NONE',  ( 932.1633633353549158, 1044.631818312624773, 1055.083288978695919 ) ) ;
#2043 = FACE_OUTER_BOUND ( 'NONE', #2657, .T. ) ;
#2044 = CARTESIAN_POINT ( 'NONE',  ( 885.8885627257538999, 1019.831818312624932, 1051.083288978695919 ) ) ;
#2045 = CARTESIAN_POINT ( 'NONE',  ( 968.1301148555324971, 1003.844429437846998, 1055.083288978695919 ) ) ;
#2046 = EDGE_LOOP ( 'NONE', ( #387, #3166, #1418, #2704 ) ) ;
#2047 = DIRECTION ( 'NONE',  ( -1.000000000000000000, -0.000000000000000000, -0.000000000000000000 ) ) ;
#2048 = ORIENTED_EDGE ( 'NONE', *, *, #761, .T. ) ;
#2049 = VECTOR ( 'NONE', #1455, 1000.000000000000000 ) ;
#2050 = VECTOR ( 'NONE', #3239, 1000.000000000000000 ) ;
#2051 = ORIENTED_EDGE ( 'NONE', *, *, #1069, .T. ) ;
#2052 = LINE ( 'NONE', #3088, #1722 ) ;
#2053 = ADVANCED_FACE ( 'NONE', ( #3152 ), #1142, .F. ) ;
#2054 = VECTOR ( 'NONE', #86, 1000.000000000000000 ) ;
#2055 = ORIENTED_EDGE ( 'NONE', *, *, #1541, .T. ) ;
#2056 = EDGE_CURVE ( 'NONE', #1225, #1634, #2129, .T. ) ;
#2057 = CARTESIAN_POINT ( 'NONE',  ( 887.8885627257538999, 1044.631818312624773, 1051.083288978695919 ) ) ;
#2058 = DIRECTION ( 'NONE',  ( 0.000000000000000000, 0.000000000000000000, -1.000000000000000000 ) ) ;
#2059 = DIRECTION ( 'NONE',  ( -1.000000000000000000, 0.000000000000000000, 0.000000000000000000 ) ) ;
#2060 = DIRECTION ( 'NONE',  ( 0.000000000000000000, 0.000000000000000000, 1.000000000000000000 ) ) ;
#2061 = CARTESIAN_POINT ( 'NONE',  ( 926.0633633353548930, 1021.331818312624819, 1055.083288978695919 ) ) ;
#2062 = DIRECTION ( 'NONE',  ( -0.000000000000000000, 0.000000000000000000, 1.000000000000000000 ) ) ;
#2063 = DIRECTION ( 'NONE',  ( -1.000000000000000000, -0.000000000000000000, -0.000000000000000000 ) ) ;
#2064 = DIRECTION ( 'NONE',  ( -0.000000000000000000, -0.000000000000000000, 1.000000000000000000 ) ) ;
#2065 = ORIENTED_EDGE ( 'NONE', *, *, #1114, .F. ) ;
#2066 = DIRECTION ( 'NONE',  ( -0.000000000000000000, -0.000000000000000000, 1.000000000000000000 ) ) ;
#2067 = ORIENTED_EDGE ( 'NONE', *, *, #1874, .F. ) ;
#2068 = EDGE_LOOP ( 'NONE', ( #839, #1192, #1715, #3104, #2830, #2467, #2246, #3206 ) ) ;
#2069 = ADVANCED_FACE ( 'NONE', ( #623 ), #3168, .F. ) ;
#2070 = ORIENTED_EDGE ( 'NONE', *, *, #3330, .T. ) ;
#2071 = EDGE_CURVE ( 'NONE', #411, #2929, #1850, .T. ) ;
#2072 = DIRECTION ( 'NONE',  ( 1.000000000000000000, 0.000000000000000000, 0.000000000000000000 ) ) ;
#2073 = AXIS2_PLACEMENT_3D ( 'NONE', #2496, #3012, #1991 ) ;
#2074 = AXIS2_PLACEMENT_3D ( 'NONE', #1701, #641, #2971 ) ;
#2075 = VERTEX_POINT ( 'NONE', #1669 ) ;
#2076 = AXIS2_PLACEMENT_3D ( 'NONE', #3116, #2546, #2854 ) ;
#2077 = VECTOR ( 'NONE', #1057, 1000.000000000000000 ) ;
#2078 = DIRECTION ( 'NONE',  ( -1.000000000000000000, 0.000000000000000000, 0.000000000000000000 ) ) ;
#2079 = LINE ( 'NONE', #219, #501 ) ;
#2080 = EDGE_CURVE ( 'NONE', #486, #1413, #593, .T. ) ;
#2081 = DIRECTION ( 'NONE',  ( 1.000000000000000000, 0.000000000000000000, 0.000000000000000000 ) ) ;
#2082 = CARTESIAN_POINT ( 'NONE',  ( 920.3885627257540136, 1041.631818312625001, 1051.083288978695919 ) ) ;
#2083 = DIRECTION ( 'NONE',  ( -1.000000000000000000, -0.000000000000000000, -0.000000000000000000 ) ) ;
#2084 = CARTESIAN_POINT ( 'NONE',  ( 980.8633633353548475, 1021.331818312624932, 1051.083288978695919 ) ) ;
#2085 = CARTESIAN_POINT ( 'NONE',  ( 980.8633633353548475, 1010.131818312624887, 1055.083288978695919 ) ) ;
#2086 = ORIENTED_EDGE ( 'NONE', *, *, #2473, .F. ) ;
#2087 = EDGE_CURVE ( 'NONE', #1638, #486, #502, .T. ) ;
#2088 = VECTOR ( 'NONE', #2859, 1000.000000000000000 ) ;
#2089 = AXIS2_PLACEMENT_3D ( 'NONE', #1176, #976, #2768 ) ;
#2090 = ORIENTED_EDGE ( 'NONE', *, *, #1693, .F. ) ;
#2091 = CIRCLE ( 'NONE', #2022, 2.000000000000001776 ) ;
#2092 = DIRECTION ( 'NONE',  ( 1.000000000000000000, 0.000000000000000000, 0.000000000000000000 ) ) ;
#2093 = VERTEX_POINT ( 'NONE', #1901 ) ;
#2094 = LINE ( 'NONE', #457, #2346 ) ;
#2095 = CARTESIAN_POINT ( 'NONE',  ( 0.000000000000000000, 0.000000000000000000, 1051.083288978695919 ) ) ;
#2096 = ADVANCED_FACE ( 'NONE', ( #36 ), #1853, .F. ) ;
#2097 = LINE ( 'NONE', #2042, #1943 ) ;
#2098 = CARTESIAN_POINT ( 'NONE',  ( 929.2633633353547111, 1006.631818312624773, 1055.083288978695919 ) ) ;
#2099 = CARTESIAN_POINT ( 'NONE',  ( 902.8633633353547339, 1033.311818312624837, 1055.083288978695919 ) ) ;
#2100 = CYLINDRICAL_SURFACE ( 'NONE', #128, 2.000000000000001776 ) ;
#2101 = DIRECTION ( 'NONE',  ( 0.000000000000000000, -0.000000000000000000, -1.000000000000000000 ) ) ;
#2102 = ORIENTED_EDGE ( 'NONE', *, *, #1631, .F. ) ;
#2103 = CARTESIAN_POINT ( 'NONE',  ( 981.3633633353547339, 1043.131818312625001, 1055.083288978695919 ) ) ;
#2104 = AXIS2_PLACEMENT_3D ( 'NONE', #1423, #1711, #2242 ) ;
#2105 = AXIS2_PLACEMENT_3D ( 'NONE', #3296, #1720, #1706 ) ;
#2106 = ORIENTED_EDGE ( 'NONE', *, *, #2934, .F. ) ;
#2107 = CARTESIAN_POINT ( 'NONE',  ( 982.8633633353548475, 1010.131818312624887, 1055.083288978695919 ) ) ;
#2108 = DIRECTION ( 'NONE',  ( -1.000000000000000000, 0.000000000000000000, -0.000000000000000000 ) ) ;
#2109 = AXIS2_PLACEMENT_3D ( 'NONE', #2364, #3063, #257 ) ;
#2110 = EDGE_CURVE ( 'NONE', #1184, #505, #826, .T. ) ;
#2111 = VERTEX_POINT ( 'NONE', #2990 ) ;
#2112 = PLANE ( 'NONE',  #1074 ) ;
#2113 = DIRECTION ( 'NONE',  ( -0.000000000000000000, -0.000000000000000000, -1.000000000000000000 ) ) ;
#2114 = DIRECTION ( 'NONE',  ( 0.000000000000000000, 0.000000000000000000, -1.000000000000000000 ) ) ;
#2115 = FACE_OUTER_BOUND ( 'NONE', #1154, .T. ) ;
#2116 = ORIENTED_EDGE ( 'NONE', *, *, #1627, .F. ) ;
#2117 = ADVANCED_FACE ( 'NONE', ( #1157 ), #1735, .F. ) ;
#2118 = ORIENTED_EDGE ( 'NONE', *, *, #1160, .F. ) ;
#2119 = ADVANCED_FACE ( 'NONE', ( #2193 ), #1460, .F. ) ;
#2120 = DIRECTION ( 'NONE',  ( -1.000000000000000000, -0.000000000000000000, -0.000000000000000000 ) ) ;
#2121 = ORIENTED_EDGE ( 'NONE', *, *, #1766, .T. ) ;
#2122 = DIRECTION ( 'NONE',  ( 0.000000000000000000, -0.000000000000000000, -1.000000000000000000 ) ) ;
#2123 = AXIS2_PLACEMENT_3D ( 'NONE', #3293, #1736, #170 ) ;
#2124 = DIRECTION ( 'NONE',  ( -0.000000000000000000, 0.000000000000000000, 1.000000000000000000 ) ) ;
#2125 = VECTOR ( 'NONE', #2040, 1000.000000000000000 ) ;
#2126 = AXIS2_PLACEMENT_3D ( 'NONE', #133, #1934, #696 ) ;
#2127 = EDGE_LOOP ( 'NONE', ( #1251, #2979, #136, #197 ) ) ;
#2128 = DIRECTION ( 'NONE',  ( -1.000000000000000000, 0.000000000000000000, 0.000000000000000000 ) ) ;
#2129 = LINE ( 'NONE', #1125, #229 ) ;
#2130 = CARTESIAN_POINT ( 'NONE',  ( 972.3633633353547339, 998.6571142232169223, 1051.083288978695919 ) ) ;
#2131 = PLANE ( 'NONE',  #764 ) ;
#2132 = ORIENTED_EDGE ( 'NONE', *, *, #682, .T. ) ;
#2133 = LINE ( 'NONE', #2943, #2743 ) ;
#2134 = ORIENTED_EDGE ( 'NONE', *, *, #1893, .T. ) ;
#2135 = CIRCLE ( 'NONE', #666, 1.099999999999989875 ) ;
#2136 = CARTESIAN_POINT ( 'NONE',  ( 984.3633633353547339, 1046.131818312625001, 1055.083288978695919 ) ) ;
#2137 = VECTOR ( 'NONE', #1287, 1000.000000000000000 ) ;
#2138 = EDGE_CURVE ( 'NONE', #1954, #2397, #553, .T. ) ;
#2139 = EDGE_LOOP ( 'NONE', ( #1580, #1096, #519, #896, #157, #1269, #2357, #2413, #814, #2286, #2807, #1609, #2409, #1685, #917, #404, #2203, #3297, #1575, #2055, #1052, #3261, #922 ) ) ;
#2140 = CYLINDRICAL_SURFACE ( 'NONE', #877, 2.000000000000001776 ) ;
#2141 = ADVANCED_FACE ( 'NONE', ( #169 ), #3235, .F. ) ;
#2142 = DIRECTION ( 'NONE',  ( 0.000000000000000000, 0.000000000000000000, 1.000000000000000000 ) ) ;
#2143 = EDGE_LOOP ( 'NONE', ( #335, #2271, #2695, #1556 ) ) ;
#2144 = CARTESIAN_POINT ( 'NONE',  ( 959.9633633353548703, 1021.331818312624932, 1055.083288978695919 ) ) ;
#2145 = ORIENTED_EDGE ( 'NONE', *, *, #2705, .F. ) ;
#2146 = DIRECTION ( 'NONE',  ( 1.000000000000000000, -0.000000000000000000, 0.000000000000000000 ) ) ;
#2147 = CARTESIAN_POINT ( 'NONE',  ( 969.1301148555324971, 997.4444294378467930, 1051.083288978695919 ) ) ;
#2148 = ORIENTED_EDGE ( 'NONE', *, *, #633, .T. ) ;
#2149 = DIRECTION ( 'NONE',  ( -0.000000000000000000, 0.000000000000000000, -1.000000000000000000 ) ) ;
#2150 = EDGE_LOOP ( 'NONE', ( #3026, #2485, #881, #1239 ) ) ;
#2151 = DIRECTION ( 'NONE',  ( -0.000000000000000000, -0.000000000000000000, 1.000000000000000000 ) ) ;
#2152 = EDGE_CURVE ( 'NONE', #2666, #844, #2612, .T. ) ;
#2153 = EDGE_LOOP ( 'NONE', ( #2067, #3314, #1978, #1361 ) ) ;
#2154 = VECTOR ( 'NONE', #22, 1000.000000000000000 ) ;
#2155 = VECTOR ( 'NONE', #2499, 1000.000000000000000 ) ;
#2156 = ADVANCED_FACE ( 'NONE', ( #1193 ), #1972, .F. ) ;
#2157 = DIRECTION ( 'NONE',  ( 0.000000000000000000, 0.000000000000000000, 1.000000000000000000 ) ) ;
#2158 = CARTESIAN_POINT ( 'NONE',  ( 984.3633633353547339, 1009.831818312624932, 1055.083288978695919 ) ) ;
#2159 = VECTOR ( 'NONE', #3202, 1000.000000000000000 ) ;
#2160 = ORIENTED_EDGE ( 'NONE', *, *, #190, .T. ) ;
#2161 = DIRECTION ( 'NONE',  ( 1.000000000000000000, 0.000000000000000000, 0.000000000000000000 ) ) ;
#2162 = ORIENTED_EDGE ( 'NONE', *, *, #412, .T. ) ;
#2163 = DIRECTION ( 'NONE',  ( -0.000000000000000000, -0.000000000000000000, -1.000000000000000000 ) ) ;
#2164 = PLANE ( 'NONE',  #3325 ) ;
#2165 = ORIENTED_EDGE ( 'NONE', *, *, #1000, .T. ) ;
#2166 =( GEOMETRIC_REPRESENTATION_CONTEXT ( 3 ) GLOBAL_UNCERTAINTY_ASSIGNED_CONTEXT ( ( #2324 ) ) GLOBAL_UNIT_ASSIGNED_CONTEXT ( ( #1691, #2721, #1436 ) ) REPRESENTATION_CONTEXT ( 'NONE', 'WORKASPACE' ) );
#2167 = LINE ( 'NONE', #3208, #1723 ) ;
#2168 = VERTEX_POINT ( 'NONE', #1683 ) ;
#2169 = DIRECTION ( 'NONE',  ( -0.000000000000000000, -0.000000000000000000, 1.000000000000000000 ) ) ;
#2170 = ADVANCED_FACE ( 'NONE', ( #2696 ), #1429, .F. ) ;
#2171 = VERTEX_POINT ( 'NONE', #423 ) ;
#2172 = CARTESIAN_POINT ( 'NONE',  ( 982.8633633353548475, 1042.631818312624773, 1051.083288978695919 ) ) ;
#2173 = DIRECTION ( 'NONE',  ( 1.000000000000000000, 0.000000000000000000, 0.000000000000000000 ) ) ;
#2174 = VERTEX_POINT ( 'NONE', #2514 ) ;
#2175 = LINE ( 'NONE', #2429, #3195 ) ;
#2176 = ORIENTED_EDGE ( 'NONE', *, *, #1766, .F. ) ;
#2177 = DIRECTION ( 'NONE',  ( 0.000000000000000000, 0.000000000000000000, 1.000000000000000000 ) ) ;
#2178 = LINE ( 'NONE', #1620, #3159 ) ;
#2179 = VECTOR ( 'NONE', #2785, 1000.000000000000000 ) ;
#2180 = ORIENTED_EDGE ( 'NONE', *, *, #135, .F. ) ;
#2181 = EDGE_CURVE ( 'NONE', #265, #2508, #2250, .T. ) ;
#2182 = LINE ( 'NONE', #904, #1341 ) ;
#2183 = AXIS2_PLACEMENT_3D ( 'NONE', #1834, #559, #2392 ) ;
#2184 = EDGE_CURVE ( 'NONE', #2023, #1954, #712, .T. ) ;
#2185 = LINE ( 'NONE', #3209, #1406 ) ;
#2186 = VERTEX_POINT ( 'NONE', #1443 ) ;
#2187 = CARTESIAN_POINT ( 'NONE',  ( 981.3633633353547339, 1043.131818312625001, 1055.083288978695919 ) ) ;
#2188 = CARTESIAN_POINT ( 'NONE',  ( 943.9633633353547566, 1032.731818312624910, 1055.083288978695919 ) ) ;
#2189 = CARTESIAN_POINT ( 'NONE',  ( 0.000000000000000000, 0.000000000000000000, 1051.083288978695919 ) ) ;
#2190 = VERTEX_POINT ( 'NONE', #151 ) ;
#2191 = DIRECTION ( 'NONE',  ( 1.000000000000000000, 0.000000000000000000, 0.000000000000000000 ) ) ;
#2192 = EDGE_LOOP ( 'NONE', ( #1324, #472, #3150, #1698 ) ) ;
#2193 = FACE_OUTER_BOUND ( 'NONE', #1032, .T. ) ;
#2194 = DIRECTION ( 'NONE',  ( -0.000000000000000000, 0.000000000000000000, 1.000000000000000000 ) ) ;
#2195 = EDGE_CURVE ( 'NONE', #3257, #3155, #2764, .T. ) ;
#2196 = AXIS2_PLACEMENT_3D ( 'NONE', #1012, #3365, #1516 ) ;
#2197 = ORIENTED_EDGE ( 'NONE', *, *, #2388, .T. ) ;
#2198 = DIRECTION ( 'NONE',  ( 0.000000000000000000, -0.000000000000000000, -1.000000000000000000 ) ) ;
#2199 = CARTESIAN_POINT ( 'NONE',  ( 885.8885627257538999, 1019.831818312624932, 1055.083288978695919 ) ) ;
#2200 = ORIENTED_EDGE ( 'NONE', *, *, #979, .F. ) ;
#2201 = ADVANCED_FACE ( 'NONE', ( #1173, #920, #3011, #1229, #1990, #3029, #1952 ), #191, .F. ) ;
#2202 = DIRECTION ( 'NONE',  ( -1.000000000000000000, 0.000000000000000000, 0.000000000000000000 ) ) ;
#2203 = ORIENTED_EDGE ( 'NONE', *, *, #1664, .F. ) ;
#2204 = LINE ( 'NONE', #1984, #2049 ) ;
#2205 = CARTESIAN_POINT ( 'NONE',  ( 981.3633633353547339, 997.1571142232169223, 1055.083288978695919 ) ) ;
#2206 = CIRCLE ( 'NONE', #2424, 1.099999999999989875 ) ;
#2207 = EDGE_LOOP ( 'NONE', ( #3215, #2330, #2401, #1576 ) ) ;
#2208 = CARTESIAN_POINT ( 'NONE',  ( 930.7375285671641905, 1003.844429437846998, 1051.083288978695919 ) ) ;
#2209 = ORIENTED_EDGE ( 'NONE', *, *, #2733, .T. ) ;
#2210 = DIRECTION ( 'NONE',  ( 0.000000000000000000, 0.000000000000000000, 1.000000000000000000 ) ) ;
#2211 = ADVANCED_FACE ( 'NONE', ( #2007 ), #1414, .F. ) ;
#2212 = AXIS2_PLACEMENT_3D ( 'NONE', #2459, #131, #3252 ) ;
#2213 = VERTEX_POINT ( 'NONE', #2818 ) ;
#2214 = DIRECTION ( 'NONE',  ( 0.000000000000000000, 0.000000000000000000, 1.000000000000000000 ) ) ;
#2215 = CARTESIAN_POINT ( 'NONE',  ( 982.8633633353548475, 997.6571142232169223, 1055.083288978695919 ) ) ;
#2216 = VERTEX_POINT ( 'NONE', #3132 ) ;
#2217 = VERTEX_POINT ( 'NONE', #2039 ) ;
#2218 = VECTOR ( 'NONE', #545, 1000.000000000000000 ) ;
#2219 = EDGE_CURVE ( 'NONE', #1454, #2111, #2331, .T. ) ;
#2220 = VECTOR ( 'NONE', #2151, 1000.000000000000000 ) ;
#2221 = EDGE_CURVE ( 'NONE', #3187, #1, #271, .T. ) ;
#2222 = ORIENTED_EDGE ( 'NONE', *, *, #1882, .T. ) ;
#2223 = CARTESIAN_POINT ( 'NONE',  ( 921.4885627257539227, 998.6571142232169223, 1050.783288978695964 ) ) ;
#2224 = FACE_OUTER_BOUND ( 'NONE', #2253, .T. ) ;
#2225 = EDGE_CURVE ( 'NONE', #2508, #2323, #1961, .T. ) ;
#2226 = VERTEX_POINT ( 'NONE', #2 ) ;
#2227 = DIRECTION ( 'NONE',  ( -0.000000000000000000, -0.000000000000000000, -1.000000000000000000 ) ) ;
#2228 = VERTEX_POINT ( 'NONE', #238 ) ;
#2229 = CARTESIAN_POINT ( 'NONE',  ( 937.6633633353548021, 1044.631818312624773, 1051.083288978695919 ) ) ;
#2230 = FACE_OUTER_BOUND ( 'NONE', #183, .T. ) ;
#2231 = ORIENTED_EDGE ( 'NONE', *, *, #1579, .T. ) ;
#2232 = PLANE ( 'NONE',  #184 ) ;
#2233 = CARTESIAN_POINT ( 'NONE',  ( 884.3885627257538999, 1046.131818312625001, 1055.083288978695919 ) ) ;
#2234 = VERTEX_POINT ( 'NONE', #783 ) ;
#2235 = AXIS2_PLACEMENT_3D ( 'NONE', #406, #134, #2748 ) ;
#2236 = AXIS2_PLACEMENT_3D ( 'NONE', #253, #2281, #1298 ) ;
#2237 = ORIENTED_EDGE ( 'NONE', *, *, #1727, .F. ) ;
#2238 = VECTOR ( 'NONE', #259, 1000.000000000000000 ) ;
#2239 = VECTOR ( 'NONE', #111, 1000.000000000000000 ) ;
#2240 = EDGE_CURVE ( 'NONE', #2306, #2519, #1529, .T. ) ;
#2241 = ORIENTED_EDGE ( 'NONE', *, *, #1525, .F. ) ;
#2242 = DIRECTION ( 'NONE',  ( 0.000000000000000000, -0.000000000000000000, 1.000000000000000000 ) ) ;
#2243 = ADVANCED_FACE ( 'NONE', ( #3076 ), #3323, .F. ) ;
#2244 = CARTESIAN_POINT ( 'NONE',  ( 925.5633633353547793, 1030.811818312624837, 1055.083288978695919 ) ) ;
#2245 = VECTOR ( 'NONE', #2092, 1000.000000000000000 ) ;
#2246 = ORIENTED_EDGE ( 'NONE', *, *, #1018, .T. ) ;
#2247 = DIRECTION ( 'NONE',  ( 0.000000000000000000, 1.000000000000000000, -0.000000000000000000 ) ) ;
#2248 = ORIENTED_EDGE ( 'NONE', *, *, #386, .T. ) ;
#2249 = ADVANCED_FACE ( 'NONE', ( #1026 ), #1547, .F. ) ;
#2250 = LINE ( 'NONE', #899, #1800 ) ;
#2251 = CARTESIAN_POINT ( 'NONE',  ( 887.8885627257538999, 1042.631818312624773, 1055.083288978695919 ) ) ;
#2252 = CIRCLE ( 'NONE', #3285, 2.000000000000001776 ) ;
#2253 = EDGE_LOOP ( 'NONE', ( #1700, #139, #849, #2132 ) ) ;
#2254 = CARTESIAN_POINT ( 'NONE',  ( 959.9633633353548703, 1029.231818312624682, 1055.083288978695919 ) ) ;
#2255 = PLANE ( 'NONE',  #2375 ) ;
#2256 = ORIENTED_EDGE ( 'NONE', *, *, #386, .F. ) ;
#2257 = CIRCLE ( 'NONE', #671, 2.000000000000001776 ) ;
#2258 = ORIENTED_EDGE ( 'NONE', *, *, #963, .F. ) ;
#2259 = LINE ( 'NONE', #2960, #755 ) ;
#2260 = ORIENTED_EDGE ( 'NONE', *, *, #2426, .T. ) ;
#2261 = DIRECTION ( 'NONE',  ( -1.000000000000000000, 0.000000000000000000, 0.000000000000000000 ) ) ;
#2262 = EDGE_CURVE ( 'NONE', #2813, #1638, #2853, .T. ) ;
#2263 = ORIENTED_EDGE ( 'NONE', *, *, #2345, .F. ) ;
#2264 = FACE_OUTER_BOUND ( 'NONE', #1131, .T. ) ;
#2265 = ORIENTED_EDGE ( 'NONE', *, *, #3234, .F. ) ;
#2266 = CARTESIAN_POINT ( 'NONE',  ( 884.3885627257538999, 1046.131818312625001, 1050.783288978695964 ) ) ;
#2267 = FACE_OUTER_BOUND ( 'NONE', #1538, .T. ) ;
#2268 = DIRECTION ( 'NONE',  ( 1.000000000000000000, 0.000000000000000000, 0.000000000000000000 ) ) ;
#2269 = CARTESIAN_POINT ( 'NONE',  ( 900.8633633353547339, 1044.631818312624773, 1055.083288978695919 ) ) ;
#2270 = CARTESIAN_POINT ( 'NONE',  ( 969.1301148555324971, 1004.844429437846884, 1055.083288978695919 ) ) ;
#2271 = ORIENTED_EDGE ( 'NONE', *, *, #3006, .F. ) ;
#2272 = VECTOR ( 'NONE', #446, 1000.000000000000000 ) ;
#2273 = ORIENTED_EDGE ( 'NONE', *, *, #2941, .F. ) ;
#2274 = ORIENTED_EDGE ( 'NONE', *, *, #1596, .T. ) ;
#2275 = EDGE_CURVE ( 'NONE', #689, #1311, #1788, .T. ) ;
#2276 = AXIS2_PLACEMENT_3D ( 'NONE', #30, #813, #2493 ) ;
#2277 = DIRECTION ( 'NONE',  ( 0.000000000000000000, 0.000000000000000000, -1.000000000000000000 ) ) ;
#2278 = DIRECTION ( 'NONE',  ( 1.000000000000000000, -0.000000000000000000, 0.000000000000000000 ) ) ;
#2279 = LINE ( 'NONE', #470, #857 ) ;
#2280 = ORIENTED_EDGE ( 'NONE', *, *, #886, .F. ) ;
#2281 = DIRECTION ( 'NONE',  ( 0.000000000000000000, 0.000000000000000000, 1.000000000000000000 ) ) ;
#2282 = CYLINDRICAL_SURFACE ( 'NONE', #1960, 2.000000000000001776 ) ;
#2283 = LINE ( 'NONE', #476, #1293 ) ;
#2284 = CARTESIAN_POINT ( 'NONE',  ( 980.3510481207248404, 1038.119495477979854, 1051.083288978695919 ) ) ;
#2285 = CARTESIAN_POINT ( 'NONE',  ( 984.3633633353547339, 1043.131818312625001, 1055.083288978695919 ) ) ;
#2286 = ORIENTED_EDGE ( 'NONE', *, *, #3200, .T. ) ;
#2287 = ADVANCED_FACE ( 'NONE', ( #2800 ), #525, .F. ) ;
#2288 = VERTEX_POINT ( 'NONE', #473 ) ;
#2289 = VECTOR ( 'NONE', #2060, 1000.000000000000000 ) ;
#2290 = ORIENTED_EDGE ( 'NONE', *, *, #2946, .F. ) ;
#2291 = AXIS2_PLACEMENT_3D ( 'NONE', #884, #835, #2416 ) ;
#2292 = ORIENTED_EDGE ( 'NONE', *, *, #2363, .F. ) ;
#2293 = CARTESIAN_POINT ( 'NONE',  ( 920.3885627257540136, 998.6571142232169223, 1050.783288978695964 ) ) ;
#2294 = LINE ( 'NONE', #3339, #2647 ) ;
#2295 = FACE_BOUND ( 'NONE', #2458, .T. ) ;
#2296 = CARTESIAN_POINT ( 'NONE',  ( 969.1301148555324971, 998.4444294378467930, 1051.083288978695919 ) ) ;
#2297 = DIRECTION ( 'NONE',  ( -0.000000000000000000, -0.000000000000000000, 1.000000000000000000 ) ) ;
#2298 = CIRCLE ( 'NONE', #2945, 2.000000000000001776 ) ;
#2299 = CARTESIAN_POINT ( 'NONE',  ( 982.8633633353548475, 1021.331818312624932, 1051.083288978695919 ) ) ;
#2300 = CARTESIAN_POINT ( 'NONE',  ( 961.9633633353548703, 1031.231818312624682, 1055.083288978695919 ) ) ;
#2301 = LINE ( 'NONE', #3346, #2238 ) ;
#2302 = CARTESIAN_POINT ( 'NONE',  ( 965.4633633353547566, 1021.331818312624932, 1051.083288978695919 ) ) ;
#2303 = VERTEX_POINT ( 'NONE', #3358 ) ;
#2304 = CIRCLE ( 'NONE', #668, 2.000000000000001776 ) ;
#2305 = CARTESIAN_POINT ( 'NONE',  ( 924.0633633353548930, 1023.331818312624819, 1055.083288978695919 ) ) ;
#2306 = VERTEX_POINT ( 'NONE', #2347 ) ;
#2307 = ADVANCED_FACE ( 'NONE', ( #1007 ), #2545, .F. ) ;
#2308 = CARTESIAN_POINT ( 'NONE',  ( 943.9633633353547566, 1031.231818312624682, 1051.083288978695919 ) ) ;
#2309 = ORIENTED_EDGE ( 'NONE', *, *, #521, .T. ) ;
#2310 = DIRECTION ( 'NONE',  ( 1.000000000000000000, 0.000000000000000000, 0.000000000000000000 ) ) ;
#2311 = CARTESIAN_POINT ( 'NONE',  ( 980.8633633353548475, 995.6571142232169223, 1051.083288978695919 ) ) ;
#2312 = CARTESIAN_POINT ( 'NONE',  ( 943.9633633353547566, 1032.731818312624910, 1051.083288978695919 ) ) ;
#2313 = DIRECTION ( 'NONE',  ( 1.000000000000000000, 0.000000000000000000, 0.000000000000000000 ) ) ;
#2314 = CARTESIAN_POINT ( 'NONE',  ( 981.3633633353547339, 1046.131818312625001, 1055.083288978695919 ) ) ;
#2315 = CARTESIAN_POINT ( 'NONE',  ( 925.5633633353547793, 1032.811818312624837, 1051.083288978695919 ) ) ;
#2316 = DIRECTION ( 'NONE',  ( -1.000000000000000000, -0.000000000000000000, -0.000000000000000000 ) ) ;
#2317 = DIRECTION ( 'NONE',  ( -1.000000000000000000, 0.000000000000000000, 0.000000000000000000 ) ) ;
#2318 = ORIENTED_EDGE ( 'NONE', *, *, #901, .T. ) ;
#2319 = EDGE_CURVE ( 'NONE', #2738, #2777, #3095, .T. ) ;
#2320 = DIRECTION ( 'NONE',  ( 1.000000000000000000, 0.000000000000000000, 0.000000000000000000 ) ) ;
#2321 = EDGE_LOOP ( 'NONE', ( #1746, #2825, #1109, #1883 ) ) ;
#2322 = CLOSED_SHELL ( 'NONE', ( #2069, #2096, #2703, #629, #2776, #2913, #1272, #484, #595, #3180, #27, #1102, #2836, #201, #1132, #529, #3370, #1818, #160, #311, #526, #1842, #765, #331, #1864, #715, #1432, #1097, #1291, #3048, #949, #802, #792, #493, #3156, #2984, #1903, #2141, #2170, #228, #3300, #2874, #2287, #2646, #3073, #1998, #1394, #3054, #1742, #2828, #1059, #2630, #3118, #3158, #1507, #1734, #2925, #2211, #1247, #2673, #146, #2571, #1373, #2053, #1084, #1564, #966, #2117, #861, #1088, #1910, #3114, #2249, #2341, #1622, #2877, #2243, #3134, #3373, #1970, #2156, #2307, #2944, #2547, #647, #303, #1710, #2487, #349, #968, #284, #581, #2119, #670, #1986, #2737, #573, #1608, #1805, #1537, #2201 ) ) ;
#2323 = VERTEX_POINT ( 'NONE', #510 ) ;
#2324 = UNCERTAINTY_MEASURE_WITH_UNIT (LENGTH_MEASURE( 1.000000000000000082E-05 ), #1691, 'distance_accuracy_value', 'NONE');
#2325 = AXIS2_PLACEMENT_3D ( 'NONE', #1458, #2512, #745 ) ;
#2326 = EDGE_CURVE ( 'NONE', #1225, #596, #1565, .T. ) ;
#2327 = VERTEX_POINT ( 'NONE', #3341 ) ;
#2328 = CARTESIAN_POINT ( 'NONE',  ( 887.8885627257538999, 1017.831818312624932, 1055.083288978695919 ) ) ;
#2329 = EDGE_CURVE ( 'NONE', #2288, #3189, #205, .T. ) ;
#2330 = ORIENTED_EDGE ( 'NONE', *, *, #2181, .F. ) ;
#2331 = LINE ( 'NONE', #2578, #1315 ) ;
#2332 = DIRECTION ( 'NONE',  ( 0.000000000000000000, -1.000000000000000000, 0.000000000000000000 ) ) ;
#2333 = CARTESIAN_POINT ( 'NONE',  ( 976.4010481207247949, 1038.119495477979854, 1051.083288978695919 ) ) ;
#2334 = CARTESIAN_POINT ( 'NONE',  ( 943.9633633353547566, 1032.731818312624910, 1055.083288978695919 ) ) ;
#2335 = CARTESIAN_POINT ( 'NONE',  ( 982.0396265003764711, 1016.631818312624887, 1053.083288978695919 ) ) ;
#2336 = CARTESIAN_POINT ( 'NONE',  ( 982.8633633353548475, 1010.131818312624887, 1053.083288978695919 ) ) ;
#2337 = DIRECTION ( 'NONE',  ( 0.000000000000000000, 0.000000000000000000, 1.000000000000000000 ) ) ;
#2338 = ORIENTED_EDGE ( 'NONE', *, *, #3089, .T. ) ;
#2339 = EDGE_CURVE ( 'NONE', #1794, #1931, #2094, .T. ) ;
#2340 = ORIENTED_EDGE ( 'NONE', *, *, #1120, .T. ) ;
#2341 = ADVANCED_FACE ( 'NONE', ( #2530 ), #2140, .F. ) ;
#2342 = DIRECTION ( 'NONE',  ( -1.000000000000000000, 0.000000000000000000, 0.000000000000000000 ) ) ;
#2343 = VECTOR ( 'NONE', #1364, 1000.000000000000000 ) ;
#2344 = ORIENTED_EDGE ( 'NONE', *, *, #1664, .T. ) ;
#2345 = EDGE_CURVE ( 'NONE', #681, #2666, #2644, .T. ) ;
#2346 = VECTOR ( 'NONE', #1493, 1000.000000000000000 ) ;
#2347 = CARTESIAN_POINT ( 'NONE',  ( 935.6633633353548021, 1042.631818312624773, 1051.083288978695919 ) ) ;
#2348 = DIRECTION ( 'NONE',  ( -0.000000000000000000, 0.000000000000000000, 1.000000000000000000 ) ) ;
#2349 = EDGE_CURVE ( 'NONE', #1574, #2190, #2452, .T. ) ;
#2350 = LINE ( 'NONE', #2803, #3079 ) ;
#2351 = DIRECTION ( 'NONE',  ( 1.000000000000000000, -0.000000000000000000, -0.000000000000000000 ) ) ;
#2352 = FACE_OUTER_BOUND ( 'NONE', #1375, .T. ) ;
#2353 = CYLINDRICAL_SURFACE ( 'NONE', #1385, 1.099999999999989875 ) ;
#2354 = DIRECTION ( 'NONE',  ( 0.000000000000000000, -0.000000000000000000, 1.000000000000000000 ) ) ;
#2355 = ORIENTED_EDGE ( 'NONE', *, *, #181, .F. ) ;
#2356 = CIRCLE ( 'NONE', #3336, 2.000000000000001776 ) ;
#2357 = ORIENTED_EDGE ( 'NONE', *, *, #2523, .T. ) ;
#2358 = ORIENTED_EDGE ( 'NONE', *, *, #2195, .T. ) ;
#2359 = FACE_OUTER_BOUND ( 'NONE', #1288, .T. ) ;
#2360 = EDGE_LOOP ( 'NONE', ( #281, #2669, #1857, #1459 ) ) ;
#2361 = CARTESIAN_POINT ( 'NONE',  ( 978.3510481207248404, 1032.169495477979808, 1050.783288978695964 ) ) ;
#2362 = LINE ( 'NONE', #3199, #1370 ) ;
#2363 = EDGE_CURVE ( 'NONE', #76, #1413, #1328, .T. ) ;
#2364 = CARTESIAN_POINT ( 'NONE',  ( 884.3885627257538999, 1046.131818312625001, 1055.083288978695919 ) ) ;
#2365 = DIRECTION ( 'NONE',  ( -0.000000000000000000, -0.000000000000000000, -1.000000000000000000 ) ) ;
#2366 = DIRECTION ( 'NONE',  ( 1.000000000000000000, 0.000000000000000000, 0.000000000000000000 ) ) ;
#2367 = FACE_OUTER_BOUND ( 'NONE', #360, .T. ) ;
#2368 = DIRECTION ( 'NONE',  ( 1.000000000000000000, 0.000000000000000000, 0.000000000000000000 ) ) ;
#2369 = ORIENTED_EDGE ( 'NONE', *, *, #3089, .F. ) ;
#2370 = EDGE_LOOP ( 'NONE', ( #2180, #2671, #2746, #2987, #3019, #1211, #1463, #1606 ) ) ;
#2371 = VECTOR ( 'NONE', #241, 1000.000000000000000 ) ;
#2372 = AXIS2_PLACEMENT_3D ( 'NONE', #858, #2701, #2654 ) ;
#2373 = DIRECTION ( 'NONE',  ( 0.000000000000000000, 0.000000000000000000, 1.000000000000000000 ) ) ;
#2374 = AXIS2_PLACEMENT_3D ( 'NONE', #1773, #1532, #2268 ) ;
#2375 = AXIS2_PLACEMENT_3D ( 'NONE', #663, #3259, #645 ) ;
#2376 = VERTEX_POINT ( 'NONE', #98 ) ;
#2377 = CARTESIAN_POINT ( 'NONE',  ( 937.6633633353548021, 1042.631818312624773, 1051.083288978695919 ) ) ;
#2378 = CARTESIAN_POINT ( 'NONE',  ( 978.3510481207248404, 1032.169495477979808, 1051.083288978695919 ) ) ;
#2379 = CIRCLE ( 'NONE', #1611, 2.000000000000001776 ) ;
#2380 = EDGE_LOOP ( 'NONE', ( #2909, #483, #1104, #3001 ) ) ;
#2381 = DIRECTION ( 'NONE',  ( 0.000000000000000000, -0.000000000000000000, -1.000000000000000000 ) ) ;
#2382 = CARTESIAN_POINT ( 'NONE',  ( 984.3633633353547339, 997.1571142232169223, 1055.083288978695919 ) ) ;
#2383 = DIRECTION ( 'NONE',  ( -0.000000000000000000, 1.000000000000000000, -0.000000000000000000 ) ) ;
#2384 = DIRECTION ( 'NONE',  ( -0.000000000000000000, 0.000000000000000000, -1.000000000000000000 ) ) ;
#2385 = ORIENTED_EDGE ( 'NONE', *, *, #107, .T. ) ;
#2386 = CARTESIAN_POINT ( 'NONE',  ( 0.000000000000000000, 0.000000000000000000, 1055.083288978695919 ) ) ;
#2387 = VERTEX_POINT ( 'NONE', #1597 ) ;
#2388 = EDGE_CURVE ( 'NONE', #3217, #3348, #1207, .T. ) ;
#2389 = APPLICATION_CONTEXT ( 'automotive_design' ) ;
#2390 = LINE ( 'NONE', #827, #1188 ) ;
#2391 = VERTEX_POINT ( 'NONE', #318 ) ;
#2392 = DIRECTION ( 'NONE',  ( 1.000000000000000000, 0.000000000000000000, 0.000000000000000000 ) ) ;
#2393 = AXIS2_PLACEMENT_3D ( 'NONE', #871, #611, #1902 ) ;
#2394 = DIRECTION ( 'NONE',  ( 1.000000000000000000, 0.000000000000000000, 0.000000000000000000 ) ) ;
#2395 = VECTOR ( 'NONE', #302, 1000.000000000000000 ) ;
#2396 = CIRCLE ( 'NONE', #1203, 3.000000000000002665 ) ;
#2397 = VERTEX_POINT ( 'NONE', #587 ) ;
#2398 = DIRECTION ( 'NONE',  ( -1.000000000000000000, 0.000000000000000000, 0.000000000000000000 ) ) ;
#2399 = LINE ( 'NONE', #610, #113 ) ;
#2400 = DIRECTION ( 'NONE',  ( -0.000000000000000000, -0.000000000000000000, 1.000000000000000000 ) ) ;
#2401 = ORIENTED_EDGE ( 'NONE', *, *, #1296, .F. ) ;
#2402 = EDGE_CURVE ( 'NONE', #3184, #851, #992, .T. ) ;
#2403 = PLANE ( 'NONE',  #1180 ) ;
#2404 = ORIENTED_EDGE ( 'NONE', *, *, #1470, .T. ) ;
#2405 = AXIS2_PLACEMENT_3D ( 'NONE', #983, #523, #3072 ) ;
#2406 = EDGE_CURVE ( 'NONE', #3271, #596, #65, .T. ) ;
#2407 = CARTESIAN_POINT ( 'NONE',  ( 932.1633633353549158, 1044.631818312624773, 1055.083288978695919 ) ) ;
#2408 = AXIS2_PLACEMENT_3D ( 'NONE', #2976, #2718, #717 ) ;
#2409 = ORIENTED_EDGE ( 'NONE', *, *, #3343, .F. ) ;
#2410 = DIRECTION ( 'NONE',  ( -0.000000000000000000, 0.000000000000000000, 1.000000000000000000 ) ) ;
#2411 = CIRCLE ( 'NONE', #512, 2.000000000000001776 ) ;
#2412 = CARTESIAN_POINT ( 'NONE',  ( 885.8885627257538999, 1017.831818312624932, 1055.083288978695919 ) ) ;
#2413 = ORIENTED_EDGE ( 'NONE', *, *, #2779, .T. ) ;
#2414 = DIRECTION ( 'NONE',  ( -1.000000000000000000, 0.000000000000000000, 0.000000000000000000 ) ) ;
#2415 = VERTEX_POINT ( 'NONE', #1649 ) ;
#2416 = DIRECTION ( 'NONE',  ( 1.000000000000000000, 0.000000000000000000, 0.000000000000000000 ) ) ;
#2417 = CARTESIAN_POINT ( 'NONE',  ( 927.5633633353547793, 1032.811818312624837, 1051.083288978695919 ) ) ;
#2418 = VERTEX_POINT ( 'NONE', #3148 ) ;
#2419 = EDGE_CURVE ( 'NONE', #1856, #978, #1136, .T. ) ;
#2420 = CARTESIAN_POINT ( 'NONE',  ( 972.3633633353547339, 998.6571142232169223, 1051.083288978695919 ) ) ;
#2421 = ORIENTED_EDGE ( 'NONE', *, *, #20, .T. ) ;
#2422 = LINE ( 'NONE', #1356, #1134 ) ;
#2423 = VERTEX_POINT ( 'NONE', #2615 ) ;
#2424 = AXIS2_PLACEMENT_3D ( 'NONE', #1600, #2365, #2888 ) ;
#2425 = CARTESIAN_POINT ( 'NONE',  ( 965.4633633353547566, 1021.331818312624932, 1055.083288978695919 ) ) ;
#2426 = EDGE_CURVE ( 'NONE', #2014, #372, #2916, .T. ) ;
#2427 = FACE_OUTER_BOUND ( 'NONE', #1266, .T. ) ;
#2428 = ORIENTED_EDGE ( 'NONE', *, *, #2507, .T. ) ;
#2429 = CARTESIAN_POINT ( 'NONE',  ( 978.3510481207248404, 1032.169495477979808, 1050.483288978696010 ) ) ;
#2430 = ORIENTED_EDGE ( 'NONE', *, *, #1983, .F. ) ;
#2431 = CARTESIAN_POINT ( 'NONE',  ( 927.5633633353547793, 1032.811818312624837, 1051.083288978695919 ) ) ;
#2432 = DIRECTION ( 'NONE',  ( 0.000000000000000000, -0.000000000000000000, -1.000000000000000000 ) ) ;
#2433 = EDGE_LOOP ( 'NONE', ( #2576, #463, #640, #3226 ) ) ;
#2434 = AXIS2_PLACEMENT_3D ( 'NONE', #1183, #1743, #1236 ) ;
#2435 = FACE_OUTER_BOUND ( 'NONE', #2139, .T. ) ;
#2436 = LINE ( 'NONE', #1894, #482 ) ;
#2437 = ORIENTED_EDGE ( 'NONE', *, *, #174, .F. ) ;
#2438 = EDGE_CURVE ( 'NONE', #3155, #2306, #3277, .T. ) ;
#2439 = CARTESIAN_POINT ( 'NONE',  ( 961.4633633353547566, 1032.731818312624910, 1051.083288978695919 ) ) ;
#2440 = CARTESIAN_POINT ( 'NONE',  ( 984.3633633353547339, 1016.631818312624887, 1053.083288978695919 ) ) ;
#2441 = EDGE_CURVE ( 'NONE', #646, #3087, #714, .T. ) ;
#2442 = VERTEX_POINT ( 'NONE', #46 ) ;
#2443 = FACE_OUTER_BOUND ( 'NONE', #148, .T. ) ;
#2444 = ORIENTED_EDGE ( 'NONE', *, *, #2041, .T. ) ;
#2445 = CARTESIAN_POINT ( 'NONE',  ( 982.8633633353548475, 1006.631818312624773, 1051.083288978695919 ) ) ;
#2446 = DIRECTION ( 'NONE',  ( -0.000000000000000000, 0.000000000000000000, 1.000000000000000000 ) ) ;
#2447 = VECTOR ( 'NONE', #680, 1000.000000000000000 ) ;
#2448 = VERTEX_POINT ( 'NONE', #353 ) ;
#2449 = VECTOR ( 'NONE', #1838, 1000.000000000000000 ) ;
#2450 = DIRECTION ( 'NONE',  ( -1.000000000000000000, 0.000000000000000000, 0.000000000000000000 ) ) ;
#2451 = ORIENTED_EDGE ( 'NONE', *, *, #97, .T. ) ;
#2452 = CIRCLE ( 'NONE', #2774, 1.000000000000000888 ) ;
#2453 = CIRCLE ( 'NONE', #343, 1.099999999999989875 ) ;
#2454 = VERTEX_POINT ( 'NONE', #336 ) ;
#2455 = EDGE_CURVE ( 'NONE', #596, #3276, #2505, .T. ) ;
#2456 = CARTESIAN_POINT ( 'NONE',  ( 974.4010481207247949, 1034.169495477979808, 1050.483288978696010 ) ) ;
#2457 = CARTESIAN_POINT ( 'NONE',  ( 900.8633633353547339, 1042.631818312624773, 1055.083288978695919 ) ) ;
#2458 = EDGE_LOOP ( 'NONE', ( #2792, #708 ) ) ;
#2459 = CARTESIAN_POINT ( 'NONE',  ( 0.000000000000000000, 0.000000000000000000, 1051.083288978695919 ) ) ;
#2460 = VERTEX_POINT ( 'NONE', #82 ) ;
#2461 = DIRECTION ( 'NONE',  ( 0.000000000000000000, -0.000000000000000000, -1.000000000000000000 ) ) ;
#2462 = DIRECTION ( 'NONE',  ( -0.000000000000000000, -0.000000000000000000, -1.000000000000000000 ) ) ;
#2463 = EDGE_CURVE ( 'NONE', #1728, #2217, #1802, .T. ) ;
#2464 = ORIENTED_EDGE ( 'NONE', *, *, #2686, .T. ) ;
#2465 = DIRECTION ( 'NONE',  ( -1.000000000000000000, 0.000000000000000000, -0.000000000000000000 ) ) ;
#2466 = CARTESIAN_POINT ( 'NONE',  ( 906.3633633353547339, 1034.811818312624837, 1051.083288978695919 ) ) ;
#2467 = ORIENTED_EDGE ( 'NONE', *, *, #1882, .F. ) ;
#2468 = EDGE_CURVE ( 'NONE', #2929, #1252, #1393, .T. ) ;
#2469 = PRODUCT_CONTEXT ( 'NONE', #282, 'mechanical' ) ;
#2470 = VERTEX_POINT ( 'NONE', #2172 ) ;
#2471 = FACE_OUTER_BOUND ( 'NONE', #643, .T. ) ;
#2472 = CARTESIAN_POINT ( 'NONE',  ( 887.8885627257538999, 997.6571142232169223, 1055.083288978695919 ) ) ;
#2473 = EDGE_CURVE ( 'NONE', #2538, #1827, #13, .T. ) ;
#2474 = CIRCLE ( 'NONE', #3191, 1.099999999999989875 ) ;
#2475 = AXIS2_PLACEMENT_3D ( 'NONE', #1474, #3007, #2511 ) ;
#2476 = ORIENTED_EDGE ( 'NONE', *, *, #2847, .F. ) ;
#2477 = CARTESIAN_POINT ( 'NONE',  ( 978.3510481207248404, 1034.169495477979808, 1050.783288978695964 ) ) ;
#2478 = ORIENTED_EDGE ( 'NONE', *, *, #3020, .T. ) ;
#2479 = DIRECTION ( 'NONE',  ( -1.000000000000000000, 0.000000000000000000, 0.000000000000000000 ) ) ;
#2480 = CARTESIAN_POINT ( 'NONE',  ( 980.8633633353548475, 1008.131818312624887, 1055.083288978695919 ) ) ;
#2481 = AXIS2_PLACEMENT_3D ( 'NONE', #897, #1441, #2694 ) ;
#2482 = VERTEX_POINT ( 'NONE', #2361 ) ;
#2483 = LINE ( 'NONE', #2269, #1108 ) ;
#2484 = FACE_OUTER_BOUND ( 'NONE', #570, .T. ) ;
#2485 = ORIENTED_EDGE ( 'NONE', *, *, #778, .T. ) ;
#2486 = ORIENTED_EDGE ( 'NONE', *, *, #2815, .T. ) ;
#2487 = ADVANCED_FACE ( 'NONE', ( #32 ), #2900, .F. ) ;
#2489 = EDGE_CURVE ( 'NONE', #735, #1311, #1187, .T. ) ;
#2488 = ORIENTED_EDGE ( 'NONE', *, *, #2468, .F. ) ;
#2490 = LINE ( 'NONE', #1167, #3078 ) ;
#2491 = CARTESIAN_POINT ( 'NONE',  ( 927.7633633353548248, 997.6571142232169223, 1055.083288978695919 ) ) ;
#2492 = ORIENTED_EDGE ( 'NONE', *, *, #2882, .T. ) ;
#2493 = DIRECTION ( 'NONE',  ( 0.000000000000000000, 0.000000000000000000, 1.000000000000000000 ) ) ;
#2494 = ORIENTED_EDGE ( 'NONE', *, *, #1035, .F. ) ;
#2495 = DIRECTION ( 'NONE',  ( -1.000000000000000000, 0.000000000000000000, 0.000000000000000000 ) ) ;
#2496 = CARTESIAN_POINT ( 'NONE',  ( 961.4633633353547566, 1030.731818312624910, 1051.083288978695919 ) ) ;
#2497 = ORIENTED_EDGE ( 'NONE', *, *, #2080, .T. ) ;
#2498 = DIRECTION ( 'NONE',  ( 0.000000000000000000, 1.000000000000000000, 0.000000000000000000 ) ) ;
#2499 = DIRECTION ( 'NONE',  ( -1.000000000000000000, 0.000000000000000000, 0.000000000000000000 ) ) ;
#2500 = ORIENTED_EDGE ( 'NONE', *, *, #1351, .F. ) ;
#2501 = CIRCLE ( 'NONE', #1524, 2.000000000000001776 ) ;
#2502 = VECTOR ( 'NONE', #2619, 1000.000000000000000 ) ;
#2503 = ORIENTED_EDGE ( 'NONE', *, *, #657, .T. ) ;
#2504 = AXIS2_PLACEMENT_3D ( 'NONE', #2095, #1566, #1789 ) ;
#2505 = CIRCLE ( 'NONE', #1472, 2.000000000000001776 ) ;
#2506 = CARTESIAN_POINT ( 'NONE',  ( 980.8633633353548475, 1017.831818312624932, 1051.083288978695919 ) ) ;
#2507 = EDGE_CURVE ( 'NONE', #2777, #1166, #1409, .T. ) ;
#2508 = VERTEX_POINT ( 'NONE', #618 ) ;
#2509 = DIRECTION ( 'NONE',  ( 1.000000000000000000, 0.000000000000000000, 0.000000000000000000 ) ) ;
#2510 = AXIS2_PLACEMENT_3D ( 'NONE', #808, #1826, #2354 ) ;
#2511 = DIRECTION ( 'NONE',  ( 1.000000000000000000, 0.000000000000000000, 0.000000000000000000 ) ) ;
#2512 = DIRECTION ( 'NONE',  ( 0.000000000000000000, 0.000000000000000000, -1.000000000000000000 ) ) ;
#2513 = ORIENTED_EDGE ( 'NONE', *, *, #910, .T. ) ;
#2514 = CARTESIAN_POINT ( 'NONE',  ( 906.3633633353547339, 1044.631818312624773, 1051.083288978695919 ) ) ;
#2515 = DIRECTION ( 'NONE',  ( -1.000000000000000000, 0.000000000000000000, 0.000000000000000000 ) ) ;
#2516 = DIRECTION ( 'NONE',  ( 0.000000000000000000, 0.000000000000000000, 1.000000000000000000 ) ) ;
#2517 = DIRECTION ( 'NONE',  ( -0.000000000000000000, 0.000000000000000000, 1.000000000000000000 ) ) ;
#2518 = CARTESIAN_POINT ( 'NONE',  ( 980.8633633353548475, 1021.331818312624932, 1051.083288978695919 ) ) ;
#2519 = VERTEX_POINT ( 'NONE', #636 ) ;
#2520 = AXIS2_PLACEMENT_3D ( 'NONE', #276, #734, #1534 ) ;
#2521 = ORIENTED_EDGE ( 'NONE', *, *, #3197, .T. ) ;
#2522 = EDGE_CURVE ( 'NONE', #1090, #1666, #1152, .T. ) ;
#2523 = EDGE_CURVE ( 'NONE', #687, #3028, #1670, .T. ) ;
#2524 = ORIENTED_EDGE ( 'NONE', *, *, #3002, .F. ) ;
#2525 = CARTESIAN_POINT ( 'NONE',  ( 924.0633633353548930, 1023.331818312624819, 1051.083288978695919 ) ) ;
#2526 = DIRECTION ( 'NONE',  ( -0.000000000000000000, -0.000000000000000000, 1.000000000000000000 ) ) ;
#2527 = FACE_OUTER_BOUND ( 'NONE', #3240, .T. ) ;
#2528 = EDGE_CURVE ( 'NONE', #2685, #735, #691, .T. ) ;
#2529 = ORIENTED_EDGE ( 'NONE', *, *, #3020, .F. ) ;
#2530 = FACE_OUTER_BOUND ( 'NONE', #1190, .T. ) ;
#2531 = CARTESIAN_POINT ( 'NONE',  ( 931.2633633353547111, 1004.631818312624773, 1051.083288978695919 ) ) ;
#2532 = VECTOR ( 'NONE', #2020, 1000.000000000000000 ) ;
#2533 = LINE ( 'NONE', #193, #1610 ) ;
#2534 = DIRECTION ( 'NONE',  ( 0.000000000000000000, -0.000000000000000000, -1.000000000000000000 ) ) ;
#2535 = CARTESIAN_POINT ( 'NONE',  ( 982.8633633353548475, 1008.131818312624887, 1055.083288978695919 ) ) ;
#2536 = VERTEX_POINT ( 'NONE', #1913 ) ;
#2537 = AXIS2_PLACEMENT_3D ( 'NONE', #2767, #3326, #274 ) ;
#2538 = VERTEX_POINT ( 'NONE', #2223 ) ;
#2539 = VECTOR ( 'NONE', #2278, 1000.000000000000000 ) ;
#2540 = ORIENTED_EDGE ( 'NONE', *, *, #775, .F. ) ;
#2541 = CARTESIAN_POINT ( 'NONE',  ( 904.3633633353547339, 1032.811818312624837, 1051.083288978695919 ) ) ;
#2542 = EDGE_CURVE ( 'NONE', #2860, #3040, #1677, .T. ) ;
#2543 = DIRECTION ( 'NONE',  ( 1.000000000000000000, 0.000000000000000000, 0.000000000000000000 ) ) ;
#2544 = PLANE ( 'NONE',  #690 ) ;
#2545 = CYLINDRICAL_SURFACE ( 'NONE', #2018, 2.000000000000001776 ) ;
#2546 = DIRECTION ( 'NONE',  ( 1.000000000000000000, -0.000000000000000000, 0.000000000000000000 ) ) ;
#2547 = ADVANCED_FACE ( 'NONE', ( #929 ), #3004, .F. ) ;
#2548 = FACE_OUTER_BOUND ( 'NONE', #1498, .T. ) ;
#2549 = LINE ( 'NONE', #3099, #964 ) ;
#2550 = CARTESIAN_POINT ( 'NONE',  ( 969.1301148555324971, 1004.844429437846884, 1055.083288978695919 ) ) ;
#2551 = FACE_OUTER_BOUND ( 'NONE', #1065, .T. ) ;
#2552 = ORIENTED_EDGE ( 'NONE', *, *, #2056, .F. ) ;
#2553 = CARTESIAN_POINT ( 'NONE',  ( 929.2633633353547111, 995.6571142232169223, 1051.083288978695919 ) ) ;
#2554 = VERTEX_POINT ( 'NONE', #1694 ) ;
#2555 = CIRCLE ( 'NONE', #2073, 2.000000000000001776 ) ;
#2556 = EDGE_LOOP ( 'NONE', ( #2887, #2338, #2627, #2690 ) ) ;
#2557 = CARTESIAN_POINT ( 'NONE',  ( 887.3885627257538999, 997.1571142232169223, 1055.083288978695919 ) ) ;
#2558 = AXIS2_PLACEMENT_3D ( 'NONE', #1378, #2124, #2173 ) ;
#2559 = VERTEX_POINT ( 'NONE', #1521 ) ;
#2560 = DIRECTION ( 'NONE',  ( -0.000000000000000000, -0.000000000000000000, -1.000000000000000000 ) ) ;
#2561 = CARTESIAN_POINT ( 'NONE',  ( 980.3510481207248404, 1034.169495477979808, 1055.083288978695919 ) ) ;
#2562 = DIRECTION ( 'NONE',  ( 0.000000000000000000, -1.000000000000000000, 0.000000000000000000 ) ) ;
#2563 = CARTESIAN_POINT ( 'NONE',  ( 982.8633633353548475, 1042.631818312624773, 1051.083288978695919 ) ) ;
#2564 = VECTOR ( 'NONE', #724, 1000.000000000000000 ) ;
#2565 = CARTESIAN_POINT ( 'NONE',  ( 963.4633633353547566, 1030.731818312624910, 1051.083288978695919 ) ) ;
#2566 = DIRECTION ( 'NONE',  ( 1.000000000000000000, 0.000000000000000000, 0.000000000000000000 ) ) ;
#2567 = DIRECTION ( 'NONE',  ( 0.000000000000000000, 0.000000000000000000, 1.000000000000000000 ) ) ;
#2568 = DIRECTION ( 'NONE',  ( -0.000000000000000000, -0.000000000000000000, 1.000000000000000000 ) ) ;
#2569 = EDGE_LOOP ( 'NONE', ( #552, #1783, #2699, #650, #1195, #1778, #1595, #1707, #355, #225, #3172, #211, #1652, #795, #1980, #2753, #2116, #658, #1814, #1963, #811, #2834, #433, #2921, #2993, #2878, #829, #40 ) ) ;
#2570 = VECTOR ( 'NONE', #2066, 1000.000000000000000 ) ;
#2571 = ADVANCED_FACE ( 'NONE', ( #673 ), #232, .F. ) ;
#2572 = CARTESIAN_POINT ( 'NONE',  ( 887.3885627257538999, 994.1571142232169223, 1055.083288978695919 ) ) ;
#2573 = ORIENTED_EDGE ( 'NONE', *, *, #3177, .T. ) ;
#2574 = ORIENTED_EDGE ( 'NONE', *, *, #1889, .T. ) ;
#2575 = EDGE_CURVE ( 'NONE', #2559, #844, #2707, .T. ) ;
#2576 = ORIENTED_EDGE ( 'NONE', *, *, #159, .T. ) ;
#2577 = DIRECTION ( 'NONE',  ( -0.000000000000000000, 0.000000000000000000, 1.000000000000000000 ) ) ;
#2578 = CARTESIAN_POINT ( 'NONE',  ( 902.8633633353547339, 1044.631818312624773, 1055.083288978695919 ) ) ;
#2579 = CARTESIAN_POINT ( 'NONE',  ( 885.8885627257538999, 997.6571142232169223, 1051.083288978695919 ) ) ;
#2580 = EDGE_CURVE ( 'NONE', #1116, #1574, #382, .T. ) ;
#2581 = PLANE ( 'NONE',  #1506 ) ;
#2582 = CARTESIAN_POINT ( 'NONE',  ( 969.1301148555324971, 998.4444294378467930, 1051.083288978695919 ) ) ;
#2583 = CARTESIAN_POINT ( 'NONE',  ( 980.3510481207248404, 1034.169495477979808, 1050.783288978695964 ) ) ;
#2584 = FACE_OUTER_BOUND ( 'NONE', #913, .T. ) ;
#2585 = CARTESIAN_POINT ( 'NONE',  ( 931.2633633353547111, 997.6571142232169223, 1051.083288978695919 ) ) ;
#2586 = ORIENTED_EDGE ( 'NONE', *, *, #59, .F. ) ;
#2587 = EDGE_CURVE ( 'NONE', #81, #522, #2490, .T. ) ;
#2588 = AXIS2_PLACEMENT_3D ( 'NONE', #2903, #1110, #546 ) ;
#2589 = VECTOR ( 'NONE', #210, 1000.000000000000000 ) ;
#2590 = ORIENTED_EDGE ( 'NONE', *, *, #657, .F. ) ;
#2591 = EDGE_CURVE ( 'NONE', #2190, #279, #3211, .T. ) ;
#2592 = ORIENTED_EDGE ( 'NONE', *, *, #1992, .T. ) ;
#2593 = FACE_OUTER_BOUND ( 'NONE', #759, .T. ) ;
#2594 = EDGE_CURVE ( 'NONE', #2327, #1034, #2204, .T. ) ;
#2595 = VERTEX_POINT ( 'NONE', #1205 ) ;
#2596 = VECTOR ( 'NONE', #2202, 1000.000000000000000 ) ;
#2597 = DIRECTION ( 'NONE',  ( 0.000000000000000000, -1.000000000000000000, 0.000000000000000000 ) ) ;
#2598 = CARTESIAN_POINT ( 'NONE',  ( 925.7633633353548248, 997.6571142232169223, 1051.083288978695919 ) ) ;
#2599 = EDGE_CURVE ( 'NONE', #2790, #2234, #915, .T. ) ;
#2600 = CARTESIAN_POINT ( 'NONE',  ( 982.8633633353548475, 1004.631818312624773, 1051.083288978695919 ) ) ;
#2601 = CARTESIAN_POINT ( 'NONE',  ( 902.8633633353547339, 1042.631818312624773, 1051.083288978695919 ) ) ;
#2602 = DIRECTION ( 'NONE',  ( -1.000000000000000000, 0.000000000000000000, 0.000000000000000000 ) ) ;
#2603 = DIRECTION ( 'NONE',  ( -0.000000000000000000, -0.000000000000000000, -1.000000000000000000 ) ) ;
#2604 = LINE ( 'NONE', #2572, #2088 ) ;
#2605 = ORIENTED_EDGE ( 'NONE', *, *, #55, .F. ) ;
#2606 = EDGE_LOOP ( 'NONE', ( #3035, #2451, #2344, #2710 ) ) ;
#2607 = VERTEX_POINT ( 'NONE', #2949 ) ;
#2608 = DIRECTION ( 'NONE',  ( -0.000000000000000000, -0.000000000000000000, -1.000000000000000000 ) ) ;
#2609 = EDGE_CURVE ( 'NONE', #2519, #592, #2759, .T. ) ;
#2610 = DIRECTION ( 'NONE',  ( -1.000000000000000000, -0.000000000000000000, -0.000000000000000000 ) ) ;
#2611 = AXIS2_PLACEMENT_3D ( 'NONE', #2251, #1702, #1444 ) ;
#2612 = CIRCLE ( 'NONE', #11, 2.000000000000001776 ) ;
#2613 = ORIENTED_EDGE ( 'NONE', *, *, #2221, .F. ) ;
#2614 = VECTOR ( 'NONE', #301, 1000.000000000000000 ) ;
#2615 = CARTESIAN_POINT ( 'NONE',  ( 982.8633633353548475, 1017.831818312624932, 1051.083288978695919 ) ) ;
#2616 = FACE_OUTER_BOUND ( 'NONE', #3294, .T. ) ;
#2617 = DIRECTION ( 'NONE',  ( 1.000000000000000000, 0.000000000000000000, 0.000000000000000000 ) ) ;
#2618 = CYLINDRICAL_SURFACE ( 'NONE', #1560, 2.000000000000001776 ) ;
#2619 = DIRECTION ( 'NONE',  ( -0.000000000000000000, 0.000000000000000000, 1.000000000000000000 ) ) ;
#2620 = DIRECTION ( 'NONE',  ( 1.000000000000000000, 0.000000000000000000, 0.000000000000000000 ) ) ;
#2621 = LINE ( 'NONE', #38, #832 ) ;
#2622 = ORIENTED_EDGE ( 'NONE', *, *, #2980, .F. ) ;
#2623 = AXIS2_PLACEMENT_3D ( 'NONE', #895, #654, #2509 ) ;
#2624 = EDGE_LOOP ( 'NONE', ( #3251, #3369, #980, #3233 ) ) ;
#2625 = DIRECTION ( 'NONE',  ( -0.000000000000000000, -0.000000000000000000, -1.000000000000000000 ) ) ;
#2626 = AXIS2_PLACEMENT_3D ( 'NONE', #24, #1063, #770 ) ;
#2627 = ORIENTED_EDGE ( 'NONE', *, *, #1037, .T. ) ;
#2628 = CARTESIAN_POINT ( 'NONE',  ( 972.3633633353547339, 1041.631818312625001, 1050.783288978695964 ) ) ;
#2629 = LINE ( 'NONE', #847, #2395 ) ;
#2630 = ADVANCED_FACE ( 'NONE', ( #366 ), #3248, .F. ) ;
#2631 = ORIENTED_EDGE ( 'NONE', *, *, #686, .F. ) ;
#2632 = LINE ( 'NONE', #305, #2861 ) ;
#2633 = CARTESIAN_POINT ( 'NONE',  ( 972.3633633353547339, 998.6571142232169223, 1050.783288978695964 ) ) ;
#2634 = DIRECTION ( 'NONE',  ( 0.000000000000000000, 0.000000000000000000, -1.000000000000000000 ) ) ;
#2635 =( LENGTH_UNIT ( ) NAMED_UNIT ( * ) SI_UNIT ( .MILLI., .METRE. ) );
#2636 = ORIENTED_EDGE ( 'NONE', *, *, #1164, .F. ) ;
#2637 = DIRECTION ( 'NONE',  ( 0.000000000000000000, 0.000000000000000000, -1.000000000000000000 ) ) ;
#2638 = ORIENTED_EDGE ( 'NONE', *, *, #1545, .F. ) ;
#2639 = AXIS2_PLACEMENT_3D ( 'NONE', #1928, #1947, #2966 ) ;
#2640 = VECTOR ( 'NONE', #1790, 1000.000000000000000 ) ;
#2641 = DIRECTION ( 'NONE',  ( 0.000000000000000000, -1.000000000000000000, 0.000000000000000000 ) ) ;
#2642 = CIRCLE ( 'NONE', #2808, 2.000000000000001776 ) ;
#2643 = ORIENTED_EDGE ( 'NONE', *, *, #2542, .T. ) ;
#2644 = LINE ( 'NONE', #2425, #554 ) ;
#2645 = LINE ( 'NONE', #2950, #930 ) ;
#2646 = ADVANCED_FACE ( 'NONE', ( #2471 ), #145, .F. ) ;
#2647 = VECTOR ( 'NONE', #1005, 1000.000000000000000 ) ;
#2648 = ORIENTED_EDGE ( 'NONE', *, *, #1351, .T. ) ;
#2649 = DIRECTION ( 'NONE',  ( -0.000000000000000000, -0.000000000000000000, -1.000000000000000000 ) ) ;
#2650 = CARTESIAN_POINT ( 'NONE',  ( 959.9633633353548703, 1023.331818312624932, 1051.083288978695919 ) ) ;
#2651 = CARTESIAN_POINT ( 'NONE',  ( 961.4633633353547566, 1032.731818312624910, 1055.083288978695919 ) ) ;
#2652 = EDGE_CURVE ( 'NONE', #2781, #856, #2052, .T. ) ;
#2653 = ORIENTED_EDGE ( 'NONE', *, *, #2441, .F. ) ;
#2654 = DIRECTION ( 'NONE',  ( 1.000000000000000000, 0.000000000000000000, 0.000000000000000000 ) ) ;
#2655 = ORIENTED_EDGE ( 'NONE', *, *, #1499, .T. ) ;
#2656 = LINE ( 'NONE', #315, #2220 ) ;
#2657 = EDGE_LOOP ( 'NONE', ( #634, #2898, #1968, #270 ) ) ;
#2658 = DIRECTION ( 'NONE',  ( 0.000000000000000000, 0.000000000000000000, 1.000000000000000000 ) ) ;
#2659 = PRESENTATION_LAYER_ASSIGNMENT (  '', '', ( #10 ) ) ;
#2660 = DIRECTION ( 'NONE',  ( 1.000000000000000000, 0.000000000000000000, 0.000000000000000000 ) ) ;
#2661 = EDGE_CURVE ( 'NONE', #2536, #1161, #2283, .T. ) ;
#2662 = CIRCLE ( 'NONE', #2992, 2.000000000000001776 ) ;
#2663 = VECTOR ( 'NONE', #2597, 1000.000000000000000 ) ;
#2664 = ORIENTED_EDGE ( 'NONE', *, *, #3023, .F. ) ;
#2665 = CARTESIAN_POINT ( 'NONE',  ( 929.2633633353547111, 1006.631818312624773, 1051.083288978695919 ) ) ;
#2666 = VERTEX_POINT ( 'NONE', #2822 ) ;
#2667 = DIRECTION ( 'NONE',  ( 1.000000000000000000, 0.000000000000000000, 0.000000000000000000 ) ) ;
#2668 = DIRECTION ( 'NONE',  ( 0.000000000000000000, -0.000000000000000000, -1.000000000000000000 ) ) ;
#2669 = ORIENTED_EDGE ( 'NONE', *, *, #159, .F. ) ;
#2670 = DIRECTION ( 'NONE',  ( 0.000000000000000000, 0.000000000000000000, 1.000000000000000000 ) ) ;
#2671 = ORIENTED_EDGE ( 'NONE', *, *, #1697, .T. ) ;
#2672 = AXIS2_PLACEMENT_3D ( 'NONE', #1310, #3129, #1578 ) ;
#2673 = ADVANCED_FACE ( 'NONE', ( #768 ), #1029, .F. ) ;
#2674 = PLANE ( 'NONE',  #2867 ) ;
#2675 = AXIS2_PLACEMENT_3D ( 'NONE', #3238, #683, #1719 ) ;
#2676 = ORIENTED_EDGE ( 'NONE', *, *, #1593, .F. ) ;
#2677 = CARTESIAN_POINT ( 'NONE',  ( 984.3633633353547339, 1016.631818312624887, 1053.083288978695919 ) ) ;
#2678 = VECTOR ( 'NONE', #2383, 1000.000000000000000 ) ;
#2679 = DIRECTION ( 'NONE',  ( 0.000000000000000000, 0.000000000000000000, 1.000000000000000000 ) ) ;
#2680 = VERTEX_POINT ( 'NONE', #2315 ) ;
#2681 = CARTESIAN_POINT ( 'NONE',  ( 927.7633633353548248, 1006.131818312624887, 1051.083288978695919 ) ) ;
#2682 = EDGE_LOOP ( 'NONE', ( #2636, #2292, #905, #437 ) ) ;
#2683 = FACE_OUTER_BOUND ( 'NONE', #2682, .T. ) ;
#2684 = CARTESIAN_POINT ( 'NONE',  ( 906.3633633353547339, 1044.631818312624773, 1051.083288978695919 ) ) ;
#2685 = VERTEX_POINT ( 'NONE', #2334 ) ;
#2686 = EDGE_CURVE ( 'NONE', #1076, #607, #2533, .T. ) ;
#2687 = FACE_BOUND ( 'NONE', #2569, .T. ) ;
#2688 = EDGE_CURVE ( 'NONE', #244, #2951, #1263, .T. ) ;
#2689 = CARTESIAN_POINT ( 'NONE',  ( 887.8885627257538999, 995.6571142232169223, 1051.083288978695919 ) ) ;
#2690 = ORIENTED_EDGE ( 'NONE', *, *, #122, .F. ) ;
#2691 = DIRECTION ( 'NONE',  ( -0.000000000000000000, 0.000000000000000000, 1.000000000000000000 ) ) ;
#2692 = CARTESIAN_POINT ( 'NONE',  ( 929.5633633353547793, 1023.331818312624932, 1055.083288978695919 ) ) ;
#2693 = ORIENTED_EDGE ( 'NONE', *, *, #3334, .T. ) ;
#2694 = DIRECTION ( 'NONE',  ( 1.000000000000000000, 0.000000000000000000, 0.000000000000000000 ) ) ;
#2695 = ORIENTED_EDGE ( 'NONE', *, *, #1724, .F. ) ;
#2696 = FACE_OUTER_BOUND ( 'NONE', #1535, .T. ) ;
#2697 = DIRECTION ( 'NONE',  ( -1.000000000000000000, 0.000000000000000000, 0.000000000000000000 ) ) ;
#2698 = EDGE_CURVE ( 'NONE', #2228, #1169, #1831, .T. ) ;
#2699 = ORIENTED_EDGE ( 'NONE', *, *, #2528, .F. ) ;
#2700 = VECTOR ( 'NONE', #2981, 1000.000000000000000 ) ;
#2701 = DIRECTION ( 'NONE',  ( -0.000000000000000000, 0.000000000000000000, 1.000000000000000000 ) ) ;
#2702 = ORIENTED_EDGE ( 'NONE', *, *, #434, .F. ) ;
#2703 = ADVANCED_FACE ( 'NONE', ( #2804 ), #2027, .F. ) ;
#2704 = ORIENTED_EDGE ( 'NONE', *, *, #252, .T. ) ;
#2705 = EDGE_CURVE ( 'NONE', #2781, #1797, #2549, .T. ) ;
#2706 = CARTESIAN_POINT ( 'NONE',  ( 980.3510481207248404, 1036.119495477979854, 1050.483288978696010 ) ) ;
#2707 = LINE ( 'NONE', #3286, #1401 ) ;
#2708 = DIRECTION ( 'NONE',  ( 0.000000000000000000, -0.000000000000000000, -1.000000000000000000 ) ) ;
#2709 = AXIS2_PLACEMENT_3D ( 'NONE', #1676, #3153, #1854 ) ;
#2710 = ORIENTED_EDGE ( 'NONE', *, *, #2847, .T. ) ;
#2711 = CARTESIAN_POINT ( 'NONE',  ( 906.3633633353547339, 1032.811818312624837, 1055.083288978695919 ) ) ;
#2712 = EDGE_CURVE ( 'NONE', #102, #90, #200, .T. ) ;
#2713 = EDGE_LOOP ( 'NONE', ( #1951, #2664, #1871, #1019, #563, #2590, #2369, #1642 ) ) ;
#2714 = DIRECTION ( 'NONE',  ( 1.000000000000000000, 0.000000000000000000, 0.000000000000000000 ) ) ;
#2715 = LINE ( 'NONE', #1973, #2447 ) ;
#2716 = ORIENTED_EDGE ( 'NONE', *, *, #77, .T. ) ;
#2717 = AXIS2_PLACEMENT_3D ( 'NONE', #2904, #576, #819 ) ;
#2718 = DIRECTION ( 'NONE',  ( 0.000000000000000000, 0.000000000000000000, -1.000000000000000000 ) ) ;
#2719 = FACE_OUTER_BOUND ( 'NONE', #448, .T. ) ;
#2720 = ORIENTED_EDGE ( 'NONE', *, *, #1066, .T. ) ;
#2721 =( NAMED_UNIT ( * ) PLANE_ANGLE_UNIT ( ) SI_UNIT ( $, .RADIAN. ) );
#2722 = CIRCLE ( 'NONE', #1539, 2.000000000000001776 ) ;
#2723 = ORIENTED_EDGE ( 'NONE', *, *, #2041, .F. ) ;
#2724 = EDGE_CURVE ( 'NONE', #1492, #2376, #630, .T. ) ;
#2725 = AXIS2_PLACEMENT_3D ( 'NONE', #3137, #1808, #242 ) ;
#2726 = CARTESIAN_POINT ( 'NONE',  ( 930.7375285671641905, 998.4444294378467930, 1050.483288978696010 ) ) ;
#2727 = CARTESIAN_POINT ( 'NONE',  ( 969.1301148555324971, 1004.844429437846884, 1050.783288978695964 ) ) ;
#2728 = ORIENTED_EDGE ( 'NONE', *, *, #589, .T. ) ;
#2729 = CARTESIAN_POINT ( 'NONE',  ( 932.1633633353549158, 1044.631818312624773, 1051.083288978695919 ) ) ;
#2730 = ORIENTED_EDGE ( 'NONE', *, *, #1323, .T. ) ;
#2731 = CARTESIAN_POINT ( 'NONE',  ( 965.4633633353547566, 1023.331818312624932, 1055.083288978695919 ) ) ;
#2732 = VERTEX_POINT ( 'NONE', #1010 ) ;
#2733 = EDGE_CURVE ( 'NONE', #607, #2758, #3345, .T. ) ;
#2734 = FACE_OUTER_BOUND ( 'NONE', #1625, .T. ) ;
#2735 = CARTESIAN_POINT ( 'NONE',  ( 902.8633633353547339, 1044.631818312624773, 1051.083288978695919 ) ) ;
#2736 = ORIENTED_EDGE ( 'NONE', *, *, #1045, .T. ) ;
#2737 = ADVANCED_FACE ( 'NONE', ( #2043 ), #444, .F. ) ;
#2738 = VERTEX_POINT ( 'NONE', #1737 ) ;
#2739 = LINE ( 'NONE', #1981, #2596 ) ;
#2740 = ORIENTED_EDGE ( 'NONE', *, *, #320, .T. ) ;
#2741 = CARTESIAN_POINT ( 'NONE',  ( 969.1301148555324971, 1004.844429437846884, 1051.083288978695919 ) ) ;
#2742 = CARTESIAN_POINT ( 'NONE',  ( 932.1633633353549158, 1042.631818312624773, 1055.083288978695919 ) ) ;
#2743 = VECTOR ( 'NONE', #3174, 1000.000000000000000 ) ;
#2744 = ORIENTED_EDGE ( 'NONE', *, *, #1404, .F. ) ;
#2745 = DIRECTION ( 'NONE',  ( 0.000000000000000000, 0.000000000000000000, -1.000000000000000000 ) ) ;
#2746 = ORIENTED_EDGE ( 'NONE', *, *, #912, .F. ) ;
#2747 = CARTESIAN_POINT ( 'NONE',  ( 887.8885627257538999, 1042.631818312624773, 1051.083288978695919 ) ) ;
#2748 = DIRECTION ( 'NONE',  ( 1.000000000000000000, 0.000000000000000000, 0.000000000000000000 ) ) ;
#2749 = AXIS2_PLACEMENT_3D ( 'NONE', #3270, #935, #1899 ) ;
#2750 = ORIENTED_EDGE ( 'NONE', *, *, #1959, .T. ) ;
#2751 = CARTESIAN_POINT ( 'NONE',  ( 921.4885627257539227, 1041.631818312625001, 1051.083288978695919 ) ) ;
#2752 = DIRECTION ( 'NONE',  ( -0.000000000000000000, -0.000000000000000000, -1.000000000000000000 ) ) ;
#2753 = ORIENTED_EDGE ( 'NONE', *, *, #1983, .T. ) ;
#2754 = EDGE_CURVE ( 'NONE', #248, #687, #459, .T. ) ;
#2755 = VERTEX_POINT ( 'NONE', #1283 ) ;
#2756 = VECTOR ( 'NONE', #60, 1000.000000000000000 ) ;
#2757 = DIRECTION ( 'NONE',  ( 1.000000000000000000, 0.000000000000000000, 0.000000000000000000 ) ) ;
#2758 = VERTEX_POINT ( 'NONE', #1479 ) ;
#2759 = LINE ( 'NONE', #485, #3303 ) ;
#2760 = LINE ( 'NONE', #435, #562 ) ;
#2761 = ORIENTED_EDGE ( 'NONE', *, *, #1445, .F. ) ;
#2762 = CARTESIAN_POINT ( 'NONE',  ( 981.3633633353547339, 994.1571142232169223, 1050.783288978695964 ) ) ;
#2763 = ORIENTED_EDGE ( 'NONE', *, *, #1645, .F. ) ;
#2764 = LINE ( 'NONE', #2229, #711 ) ;
#2765 = FACE_OUTER_BOUND ( 'NONE', #2192, .T. ) ;
#2766 = EDGE_CURVE ( 'NONE', #872, #132, #2474, .T. ) ;
#2767 = CARTESIAN_POINT ( 'NONE',  ( 981.3633633353547339, 997.1571142232169223, 1055.083288978695919 ) ) ;
#2768 = DIRECTION ( 'NONE',  ( 1.000000000000000000, 0.000000000000000000, 0.000000000000000000 ) ) ;
#2769 = CARTESIAN_POINT ( 'NONE',  ( 968.1301148555324971, 998.4444294378467930, 1050.783288978695964 ) ) ;
#2770 = EDGE_LOOP ( 'NONE', ( #738, #1911, #3298, #357 ) ) ;
#2771 = VECTOR ( 'NONE', #853, 1000.000000000000000 ) ;
#2772 = VECTOR ( 'NONE', #1244, 1000.000000000000000 ) ;
#2773 = ORIENTED_EDGE ( 'NONE', *, *, #2349, .F. ) ;
#2774 = AXIS2_PLACEMENT_3D ( 'NONE', #1358, #815, #800 ) ;
#2775 = CARTESIAN_POINT ( 'NONE',  ( 971.2633633353548248, 1041.631818312625001, 1051.083288978695919 ) ) ;
#2776 = ADVANCED_FACE ( 'NONE', ( #993 ), #3363, .F. ) ;
#2777 = VERTEX_POINT ( 'NONE', #2582 ) ;
#2778 = CARTESIAN_POINT ( 'NONE',  ( 920.3885627257540136, 1041.631818312625001, 1051.083288978695919 ) ) ;
#2779 = EDGE_CURVE ( 'NONE', #3028, #1217, #1248, .T. ) ;
#2780 = VECTOR ( 'NONE', #1015, 1000.000000000000000 ) ;
#2781 = VERTEX_POINT ( 'NONE', #1301 ) ;
#2782 = LINE ( 'NONE', #1475, #1297 ) ;
#2783 = ORIENTED_EDGE ( 'NONE', *, *, #1643, .F. ) ;
#2784 = CARTESIAN_POINT ( 'NONE',  ( 959.9633633353548703, 1021.331818312624932, 1051.083288978695919 ) ) ;
#2785 = DIRECTION ( 'NONE',  ( -1.000000000000000000, 0.000000000000000000, 0.000000000000000000 ) ) ;
#2786 = EDGE_CURVE ( 'NONE', #1217, #1975, #255, .T. ) ;
#2787 = DIRECTION ( 'NONE',  ( -1.000000000000000000, 0.000000000000000000, 0.000000000000000000 ) ) ;
#2788 = CARTESIAN_POINT ( 'NONE',  ( 980.8633633353548475, 1004.631818312624773, 1055.083288978695919 ) ) ;
#2789 = DIRECTION ( 'NONE',  ( -1.000000000000000000, 0.000000000000000000, -0.000000000000000000 ) ) ;
#2790 = VERTEX_POINT ( 'NONE', #3136 ) ;
#2791 = AXIS2_PLACEMENT_3D ( 'NONE', #2873, #1049, #1825 ) ;
#2792 = ORIENTED_EDGE ( 'NONE', *, *, #705, .F. ) ;
#2793 = EDGE_CURVE ( 'NONE', #2442, #1666, #1450, .T. ) ;
#2794 = ORIENTED_EDGE ( 'NONE', *, *, #3094, .T. ) ;
#2795 = EDGE_CURVE ( 'NONE', #2171, #2813, #322, .T. ) ;
#2796 = PLANE ( 'NONE',  #3283 ) ;
#2797 = CARTESIAN_POINT ( 'NONE',  ( 980.3510481207248404, 1038.119495477979854, 1050.783288978695964 ) ) ;
#2798 = CARTESIAN_POINT ( 'NONE',  ( 924.0633633353548930, 1031.311818312624837, 1055.083288978695919 ) ) ;
#2799 = ORIENTED_EDGE ( 'NONE', *, *, #785, .F. ) ;
#2800 = FACE_OUTER_BOUND ( 'NONE', #859, .T. ) ;
#2801 = LINE ( 'NONE', #2579, #601 ) ;
#2802 = AXIS2_PLACEMENT_3D ( 'NONE', #2978, #1369, #597 ) ;
#2803 = CARTESIAN_POINT ( 'NONE',  ( 927.7633633353548248, 997.6571142232169223, 1055.083288978695919 ) ) ;
#2804 = FACE_OUTER_BOUND ( 'NONE', #550, .T. ) ;
#2805 = LINE ( 'NONE', #2284, #2833 ) ;
#2806 = CARTESIAN_POINT ( 'NONE',  ( 906.3633633353547339, 1034.811818312624837, 1055.083288978695919 ) ) ;
#2807 = ORIENTED_EDGE ( 'NONE', *, *, #664, .F. ) ;
#2808 = AXIS2_PLACEMENT_3D ( 'NONE', #1191, #656, #2161 ) ;
#2809 = CARTESIAN_POINT ( 'NONE',  ( 943.9633633353547566, 1032.731818312624910, 1051.083288978695919 ) ) ;
#2810 = ORIENTED_EDGE ( 'NONE', *, *, #3097, .T. ) ;
#2811 = AXIS2_PLACEMENT_3D ( 'NONE', #419, #187, #1025 ) ;
#2812 = VECTOR ( 'NONE', #600, 1000.000000000000000 ) ;
#2813 = VERTEX_POINT ( 'NONE', #2144 ) ;
#2814 = DIRECTION ( 'NONE',  ( 0.000000000000000000, -1.000000000000000000, 0.000000000000000000 ) ) ;
#2815 = EDGE_CURVE ( 'NONE', #1841, #1492, #35, .T. ) ;
#2816 = CARTESIAN_POINT ( 'NONE',  ( 982.8633633353548475, 1021.331818312624932, 1055.083288978695919 ) ) ;
#2817 = CARTESIAN_POINT ( 'NONE',  ( 887.8885627257538999, 1021.331818312624932, 1055.083288978695919 ) ) ;
#2818 = CARTESIAN_POINT ( 'NONE',  ( 930.7375285671641905, 1003.844429437846998, 1051.083288978695919 ) ) ;
#2819 = DIRECTION ( 'NONE',  ( -0.000000000000000000, -0.000000000000000000, -1.000000000000000000 ) ) ;
#2820 = EDGE_CURVE ( 'NONE', #372, #1708, #818, .T. ) ;
#2821 = CARTESIAN_POINT ( 'NONE',  ( 968.1301148555324971, 1004.844429437846884, 1051.083288978695919 ) ) ;
#2822 = CARTESIAN_POINT ( 'NONE',  ( 965.4633633353547566, 1021.331818312624932, 1055.083288978695919 ) ) ;
#2823 = FACE_OUTER_BOUND ( 'NONE', #2032, .T. ) ;
#2824 = CARTESIAN_POINT ( 'NONE',  ( 934.1633633353549158, 1033.131818312625001, 1051.083288978695919 ) ) ;
#2825 = ORIENTED_EDGE ( 'NONE', *, *, #2705, .T. ) ;
#2826 = CARTESIAN_POINT ( 'NONE',  ( 887.8885627257538999, 1042.631818312624773, 1051.083288978695919 ) ) ;
#2827 = ORIENTED_EDGE ( 'NONE', *, *, #2594, .F. ) ;
#2828 = ADVANCED_FACE ( 'NONE', ( #564 ), #2112, .F. ) ;
#2829 = CIRCLE ( 'NONE', #1095, 1.099999999999989875 ) ;
#2830 = ORIENTED_EDGE ( 'NONE', *, *, #1942, .T. ) ;
#2831 = AXIS2_PLACEMENT_3D ( 'NONE', #3273, #2210, #2479 ) ;
#2832 = VECTOR ( 'NONE', #1137, 1000.000000000000000 ) ;
#2833 = VECTOR ( 'NONE', #1552, 1000.000000000000000 ) ;
#2834 = ORIENTED_EDGE ( 'NONE', *, *, #838, .T. ) ;
#2835 = DIRECTION ( 'NONE',  ( -0.000000000000000000, 1.000000000000000000, -0.000000000000000000 ) ) ;
#2836 = ADVANCED_FACE ( 'NONE', ( #1837 ), #3151, .F. ) ;
#2837 = CARTESIAN_POINT ( 'NONE',  ( 982.8633633353548475, 1008.131818312624887, 1053.083288978695919 ) ) ;
#2838 = DIRECTION ( 'NONE',  ( -0.000000000000000000, -0.000000000000000000, -1.000000000000000000 ) ) ;
#2839 = CIRCLE ( 'NONE', #2031, 2.000000000000001776 ) ;
#2840 = CARTESIAN_POINT ( 'NONE',  ( 921.4885627257539227, 998.6571142232169223, 1051.083288978695919 ) ) ;
#2841 = DIRECTION ( 'NONE',  ( -0.000000000000000000, -0.000000000000000000, -1.000000000000000000 ) ) ;
#2842 = CARTESIAN_POINT ( 'NONE',  ( 926.0633633353548930, 1023.331818312624819, 1055.083288978695919 ) ) ;
#2843 = DIRECTION ( 'NONE',  ( 1.000000000000000000, 0.000000000000000000, 0.000000000000000000 ) ) ;
#2844 = ORIENTED_EDGE ( 'NONE', *, *, #1487, .F. ) ;
#2845 = AXIS2_PLACEMENT_3D ( 'NONE', #194, #941, #1232 ) ;
#2846 = LINE ( 'NONE', #2809, #2570 ) ;
#2847 = EDGE_CURVE ( 'NONE', #26, #3203, #1867, .T. ) ;
#2848 = ORIENTED_EDGE ( 'NONE', *, *, #1874, .T. ) ;
#2849 = VECTOR ( 'NONE', #2620, 1000.000000000000000 ) ;
#2850 = ORIENTED_EDGE ( 'NONE', *, *, #1344, .F. ) ;
#2851 = LINE ( 'NONE', #1561, #612 ) ;
#2852 = ORIENTED_EDGE ( 'NONE', *, *, #2110, .T. ) ;
#2853 = LINE ( 'NONE', #2784, #2772 ) ;
#2854 = DIRECTION ( 'NONE',  ( 0.000000000000000000, 0.000000000000000000, -1.000000000000000000 ) ) ;
#2855 = LINE ( 'NONE', #731, #740 ) ;
#2856 = CARTESIAN_POINT ( 'NONE',  ( 976.4010481207247949, 1034.169495477979808, 1050.783288978695964 ) ) ;
#2857 = FACE_OUTER_BOUND ( 'NONE', #1402, .T. ) ;
#2858 = CARTESIAN_POINT ( 'NONE',  ( 931.2633633353547111, 1004.631818312624773, 1051.083288978695919 ) ) ;
#2859 = DIRECTION ( 'NONE',  ( -0.000000000000000000, 0.000000000000000000, -1.000000000000000000 ) ) ;
#2860 = VERTEX_POINT ( 'NONE', #2871 ) ;
#2861 = VECTOR ( 'NONE', #834, 1000.000000000000000 ) ;
#2862 = EDGE_CURVE ( 'NONE', #105, #1440, #1340, .T. ) ;
#2863 = ORIENTED_EDGE ( 'NONE', *, *, #2225, .T. ) ;
#2864 = ORIENTED_EDGE ( 'NONE', *, *, #1309, .F. ) ;
#2865 = CYLINDRICAL_SURFACE ( 'NONE', #558, 2.000000000000001776 ) ;
#2866 = ORIENTED_EDGE ( 'NONE', *, *, #361, .F. ) ;
#2867 = AXIS2_PLACEMENT_3D ( 'NONE', #1925, #351, #94 ) ;
#2868 = CARTESIAN_POINT ( 'NONE',  ( 920.3885627257540136, 998.6571142232169223, 1050.783288978695964 ) ) ;
#2869 = CYLINDRICAL_SURFACE ( 'NONE', #3161, 3.000000000000002665 ) ;
#2870 = DIRECTION ( 'NONE',  ( 0.000000000000000000, 0.000000000000000000, 1.000000000000000000 ) ) ;
#2871 = CARTESIAN_POINT ( 'NONE',  ( 906.3633633353547339, 1032.811818312624837, 1051.083288978695919 ) ) ;
#2872 = CARTESIAN_POINT ( 'NONE',  ( 887.3885627257538999, 997.1571142232169223, 1050.783288978695964 ) ) ;
#2873 = CARTESIAN_POINT ( 'NONE',  ( 900.8633633353547339, 1042.631818312624773, 1051.083288978695919 ) ) ;
#2874 = ADVANCED_FACE ( 'NONE', ( #1852 ), #3167, .F. ) ;
#2875 = LINE ( 'NONE', #549, #3123 ) ;
#2876 = VERTEX_POINT ( 'NONE', #1585 ) ;
#2877 = ADVANCED_FACE ( 'NONE', ( #788 ), #2618, .F. ) ;
#2878 = ORIENTED_EDGE ( 'NONE', *, *, #1787, .T. ) ;
#2879 = AXIS2_PLACEMENT_3D ( 'NONE', #1804, #747, #1027 ) ;
#2880 = FACE_OUTER_BOUND ( 'NONE', #1118, .T. ) ;
#2881 = CIRCLE ( 'NONE', #2879, 2.000000000000001776 ) ;
#2882 = EDGE_CURVE ( 'NONE', #2288, #1810, #93, .T. ) ;
#2883 = CIRCLE ( 'NONE', #2291, 2.000000000000001776 ) ;
#2884 = ORIENTED_EDGE ( 'NONE', *, *, #2489, .F. ) ;
#2885 = DIRECTION ( 'NONE',  ( 0.000000000000000000, -0.000000000000000000, 1.000000000000000000 ) ) ;
#2886 = CARTESIAN_POINT ( 'NONE',  ( 931.7375285671641905, 997.4444294378467930, 1050.783288978695964 ) ) ;
#2887 = ORIENTED_EDGE ( 'NONE', *, *, #2522, .T. ) ;
#2888 = DIRECTION ( 'NONE',  ( 1.000000000000000000, 0.000000000000000000, 0.000000000000000000 ) ) ;
#2889 = CYLINDRICAL_SURFACE ( 'NONE', #1690, 1.000000000000000888 ) ;
#2890 = CARTESIAN_POINT ( 'NONE',  ( 935.6633633353548021, 1042.631818312624773, 1055.083288978695919 ) ) ;
#2891 = CARTESIAN_POINT ( 'NONE',  ( 934.1633633353549158, 1033.131818312625001, 1055.083288978695919 ) ) ;
#2892 = CIRCLE ( 'NONE', #2672, 3.000000000000002665 ) ;
#2893 = ORIENTED_EDGE ( 'NONE', *, *, #2575, .T. ) ;
#2894 = VECTOR ( 'NONE', #1496, 1000.000000000000000 ) ;
#2895 = ORIENTED_EDGE ( 'NONE', *, *, #705, .T. ) ;
#2896 = CARTESIAN_POINT ( 'NONE',  ( 937.6633633353548021, 1044.631818312624773, 1055.083288978695919 ) ) ;
#2897 = EDGE_CURVE ( 'NONE', #2035, #3189, #2206, .T. ) ;
#2898 = ORIENTED_EDGE ( 'NONE', *, *, #407, .T. ) ;
#2899 = EDGE_CURVE ( 'NONE', #505, #1100, #2632, .T. ) ;
#2900 = CYLINDRICAL_SURFACE ( 'NONE', #1149, 2.000000000000001776 ) ;
#2901 = DIRECTION ( 'NONE',  ( 0.000000000000000000, 1.000000000000000000, -0.000000000000000000 ) ) ;
#2902 = ORIENTED_EDGE ( 'NONE', *, *, #1631, .T. ) ;
#2903 = CARTESIAN_POINT ( 'NONE',  ( 972.3633633353547339, 998.6571142232169223, 1050.783288978695964 ) ) ;
#2904 = CARTESIAN_POINT ( 'NONE',  ( 980.8633633353548475, 1023.331818312624932, 1051.083288978695919 ) ) ;
#2905 = DIRECTION ( 'NONE',  ( -1.000000000000000000, 0.000000000000000000, 0.000000000000000000 ) ) ;
#2906 = DIRECTION ( 'NONE',  ( 0.000000000000000000, -0.000000000000000000, -1.000000000000000000 ) ) ;
#2907 = EDGE_LOOP ( 'NONE', ( #2231, #118, #2723, #2902 ) ) ;
#2908 = CYLINDRICAL_SURFACE ( 'NONE', #855, 2.000000000000001776 ) ;
#2909 = ORIENTED_EDGE ( 'NONE', *, *, #1844, .T. ) ;
#2910 = AXIS2_PLACEMENT_3D ( 'NONE', #1231, #716, #958 ) ;
#2911 = AXIS2_PLACEMENT_3D ( 'NONE', #2957, #75, #3222 ) ;
#2912 = CARTESIAN_POINT ( 'NONE',  ( 968.1301148555324971, 997.4444294378467930, 1050.483288978696010 ) ) ;
#2913 = ADVANCED_FACE ( 'NONE', ( #3120 ), #1347, .F. ) ;
#2914 = CIRCLE ( 'NONE', #1726, 3.000000000000002665 ) ;
#2915 = ORIENTED_EDGE ( 'NONE', *, *, #178, .T. ) ;
#2916 = LINE ( 'NONE', #1629, #602 ) ;
#2917 = LINE ( 'NONE', #1359, #1641 ) ;
#2918 = EDGE_CURVE ( 'NONE', #1905, #2423, #575, .T. ) ;
#2919 = ORIENTED_EDGE ( 'NONE', *, *, #2152, .F. ) ;
#2920 = CARTESIAN_POINT ( 'NONE',  ( 925.7633633353548248, 995.6571142232169223, 1051.083288978695919 ) ) ;
#2921 = ORIENTED_EDGE ( 'NONE', *, *, #73, .T. ) ;
#2922 = CARTESIAN_POINT ( 'NONE',  ( 972.3633633353547339, 998.6571142232169223, 1055.083288978695919 ) ) ;
#2923 = DIRECTION ( 'NONE',  ( -1.000000000000000000, 0.000000000000000000, 0.000000000000000000 ) ) ;
#2924 = ORIENTED_EDGE ( 'NONE', *, *, #1918, .T. ) ;
#2925 = ADVANCED_FACE ( 'NONE', ( #1617 ), #1633, .F. ) ;
#2926 = CYLINDRICAL_SURFACE ( 'NONE', #2372, 2.000000000000001776 ) ;
#2927 = VERTEX_POINT ( 'NONE', #2729 ) ;
#2928 = LINE ( 'NONE', #876, #2812 ) ;
#2929 = VERTEX_POINT ( 'NONE', #2988 ) ;
#2930 = DIRECTION ( 'NONE',  ( -1.000000000000000000, 0.000000000000000000, 0.000000000000000000 ) ) ;
#2931 = COLOUR_RGB ( '',0.7921568627450980005, 0.8196078431372548767, 0.9333333333333333481 ) ;
#2932 = VECTOR ( 'NONE', #1618, 1000.000000000000000 ) ;
#2933 = LINE ( 'NONE', #3165, #1526 ) ;
#2934 = EDGE_CURVE ( 'NONE', #1876, #1841, #1412, .T. ) ;
#2935 = AXIS2_PLACEMENT_3D ( 'NONE', #846, #1106, #1581 ) ;
#2936 = ORIENTED_EDGE ( 'NONE', *, *, #2329, .F. ) ;
#2937 = DIRECTION ( 'NONE',  ( 1.000000000000000000, 0.000000000000000000, 0.000000000000000000 ) ) ;
#2938 = VERTEX_POINT ( 'NONE', #3232 ) ;
#2939 = CARTESIAN_POINT ( 'NONE',  ( 980.8633633353548475, 1006.631818312624773, 1051.083288978695919 ) ) ;
#2940 = CARTESIAN_POINT ( 'NONE',  ( 980.8633633353548475, 997.6571142232169223, 1051.083288978695919 ) ) ;
#2941 = EDGE_CURVE ( 'NONE', #2391, #1034, #420, .T. ) ;
#2942 = ORIENTED_EDGE ( 'NONE', *, *, #810, .T. ) ;
#2943 = CARTESIAN_POINT ( 'NONE',  ( 887.8885627257538999, 1044.631818312624773, 1051.083288978695919 ) ) ;
#2944 = ADVANCED_FACE ( 'NONE', ( #1123 ), #918, .F. ) ;
#2945 = AXIS2_PLACEMENT_3D ( 'NONE', #2742, #418, #1473 ) ;
#2946 = EDGE_CURVE ( 'NONE', #2216, #1184, #1969, .T. ) ;
#2947 = LINE ( 'NONE', #2136, #1573 ) ;
#2948 = ORIENTED_EDGE ( 'NONE', *, *, #1557, .F. ) ;
#2949 = CARTESIAN_POINT ( 'NONE',  ( 906.3633633353547339, 1044.631818312624773, 1055.083288978695919 ) ) ;
#2950 = CARTESIAN_POINT ( 'NONE',  ( 973.4633633353547566, 998.6571142232169223, 1055.083288978695919 ) ) ;
#2951 = VERTEX_POINT ( 'NONE', #868 ) ;
#2952 = CARTESIAN_POINT ( 'NONE',  ( 934.1633633353549158, 1044.631818312624773, 1051.083288978695919 ) ) ;
#2953 = ORIENTED_EDGE ( 'NONE', *, *, #2522, .F. ) ;
#2954 = DIRECTION ( 'NONE',  ( 1.000000000000000000, 0.000000000000000000, 0.000000000000000000 ) ) ;
#2955 = SURFACE_STYLE_FILL_AREA ( #1603 ) ;
#2956 = ORIENTED_EDGE ( 'NONE', *, *, #2688, .T. ) ;
#2957 = CARTESIAN_POINT ( 'NONE',  ( 969.1301148555324971, 997.4444294378467930, 1055.083288978695919 ) ) ;
#2958 = ORIENTED_EDGE ( 'NONE', *, *, #1387, .F. ) ;
#2959 = EDGE_CURVE ( 'NONE', #522, #1708, #1345, .T. ) ;
#2960 = CARTESIAN_POINT ( 'NONE',  ( 982.8633633353548475, 1008.131818312624887, 1055.083288978695919 ) ) ;
#2961 = VECTOR ( 'NONE', #1624, 1000.000000000000000 ) ;
#2962 = ORIENTED_EDGE ( 'NONE', *, *, #615, .F. ) ;
#2963 = AXIS2_PLACEMENT_3D ( 'NONE', #2856, #1317, #1077 ) ;
#2964 = CIRCLE ( 'NONE', #41, 2.000000000000001776 ) ;
#2965 = CARTESIAN_POINT ( 'NONE',  ( 887.8885627257538999, 997.6571142232169223, 1051.083288978695919 ) ) ;
#2966 = DIRECTION ( 'NONE',  ( -1.000000000000000000, 0.000000000000000000, 0.000000000000000000 ) ) ;
#2967 = DIRECTION ( 'NONE',  ( 0.000000000000000000, -1.000000000000000000, 0.000000000000000000 ) ) ;
#2968 = DIRECTION ( 'NONE',  ( -0.000000000000000000, -0.000000000000000000, 1.000000000000000000 ) ) ;
#2969 = PLANE ( 'NONE',  #1614 ) ;
#2970 = ORIENTED_EDGE ( 'NONE', *, *, #2609, .T. ) ;
#2971 = DIRECTION ( 'NONE',  ( -1.000000000000000000, 0.000000000000000000, 0.000000000000000000 ) ) ;
#2972 = DIRECTION ( 'NONE',  ( 0.000000000000000000, 0.000000000000000000, 1.000000000000000000 ) ) ;
#2973 = VECTOR ( 'NONE', #1977, 1000.000000000000000 ) ;
#2974 = CIRCLE ( 'NONE', #1246, 2.000000000000001776 ) ;
#2975 = VERTEX_POINT ( 'NONE', #1155 ) ;
#2976 = CARTESIAN_POINT ( 'NONE',  ( 887.8885627257538999, 1023.331818312624932, 1051.083288978695919 ) ) ;
#2977 = VECTOR ( 'NONE', #1607, 1000.000000000000000 ) ;
#2978 = CARTESIAN_POINT ( 'NONE',  ( 925.5633633353547793, 1030.811818312624837, 1051.083288978695919 ) ) ;
#2979 = ORIENTED_EDGE ( 'NONE', *, *, #12, .F. ) ;
#2980 = EDGE_CURVE ( 'NONE', #1876, #2951, #2642, .T. ) ;
#2981 = DIRECTION ( 'NONE',  ( -1.000000000000000000, 0.000000000000000000, 0.000000000000000000 ) ) ;
#2982 = ORIENTED_EDGE ( 'NONE', *, *, #2609, .F. ) ;
#2983 = CARTESIAN_POINT ( 'NONE',  ( 982.8633633353548475, 1008.131818312624887, 1051.083288978695919 ) ) ;
#2984 = ADVANCED_FACE ( 'NONE', ( #2443 ), #2969, .F. ) ;
#2985 = LINE ( 'NONE', #1168, #1912 ) ;
#2986 = AXIS2_PLACEMENT_3D ( 'NONE', #837, #359, #1870 ) ;
#2987 = ORIENTED_EDGE ( 'NONE', *, *, #2959, .T. ) ;
#2988 = CARTESIAN_POINT ( 'NONE',  ( 982.8633633353548475, 1023.331818312624932, 1051.083288978695919 ) ) ;
#2989 = ORIENTED_EDGE ( 'NONE', *, *, #1762, .F. ) ;
#2990 = CARTESIAN_POINT ( 'NONE',  ( 887.8885627257538999, 1044.631818312624773, 1055.083288978695919 ) ) ;
#2991 = CARTESIAN_POINT ( 'NONE',  ( 929.2633633353547111, 1006.631818312624773, 1055.083288978695919 ) ) ;
#2992 = AXIS2_PLACEMENT_3D ( 'NONE', #1914, #1865, #2660 ) ;
#2993 = ORIENTED_EDGE ( 'NONE', *, *, #48, .F. ) ;
#2994 = AXIS2_PLACEMENT_3D ( 'NONE', #2747, #938, #3307 ) ;
#2995 = LINE ( 'NONE', #427, #74 ) ;
#2996 = CARTESIAN_POINT ( 'NONE',  ( 930.7375285671641905, 1003.844429437846998, 1050.783288978695964 ) ) ;
#2997 = EDGE_LOOP ( 'NONE', ( #586, #2958, #2033, #2318 ) ) ;
#2998 = ORIENTED_EDGE ( 'NONE', *, *, #3190, .F. ) ;
#2999 = SHAPE_DEFINITION_REPRESENTATION ( #793, #64 ) ;
#3000 = VECTOR ( 'NONE', #507, 1000.000000000000000 ) ;
#3001 = ORIENTED_EDGE ( 'NONE', *, *, #450, .T. ) ;
#3002 = EDGE_CURVE ( 'NONE', #499, #1389, #3246, .T. ) ;
#3003 = CIRCLE ( 'NONE', #2675, 2.000000000000001776 ) ;
#3004 = CYLINDRICAL_SURFACE ( 'NONE', #2639, 2.000000000000001776 ) ;
#3005 = DIRECTION ( 'NONE',  ( -0.000000000000000000, 1.000000000000000000, -0.000000000000000000 ) ) ;
#3006 = EDGE_CURVE ( 'NONE', #965, #167, #1653, .T. ) ;
#3007 = DIRECTION ( 'NONE',  ( 0.000000000000000000, -0.000000000000000000, -1.000000000000000000 ) ) ;
#3008 = AXIS2_PLACEMENT_3D ( 'NONE', #1809, #1334, #3066 ) ;
#3009 = FACE_BOUND ( 'NONE', #340, .T. ) ;
#3010 = ORIENTED_EDGE ( 'NONE', *, *, #2184, .F. ) ;
#3011 = FACE_BOUND ( 'NONE', #753, .T. ) ;
#3012 = DIRECTION ( 'NONE',  ( -0.000000000000000000, -0.000000000000000000, -1.000000000000000000 ) ) ;
#3013 = ORIENTED_EDGE ( 'NONE', *, *, #1643, .T. ) ;
#3014 = CARTESIAN_POINT ( 'NONE',  ( 968.1301148555324971, 997.4444294378467930, 1050.783288978695964 ) ) ;
#3015 = CARTESIAN_POINT ( 'NONE',  ( 961.9633633353548703, 1023.331818312624932, 1055.083288978695919 ) ) ;
#3016 = ORIENTED_EDGE ( 'NONE', *, *, #2897, .F. ) ;
#3017 = ORIENTED_EDGE ( 'NONE', *, *, #345, .F. ) ;
#3018 = CARTESIAN_POINT ( 'NONE',  ( 980.3510481207248404, 1032.169495477979808, 1051.083288978695919 ) ) ;
#3019 = ORIENTED_EDGE ( 'NONE', *, *, #2820, .F. ) ;
#3020 = EDGE_CURVE ( 'NONE', #1169, #2482, #2175, .T. ) ;
#3021 = CARTESIAN_POINT ( 'NONE',  ( 904.3633633353547339, 1042.631818312624773, 1055.083288978695919 ) ) ;
#3022 = CARTESIAN_POINT ( 'NONE',  ( 961.4633633353547566, 1032.731818312624910, 1051.083288978695919 ) ) ;
#3023 = EDGE_CURVE ( 'NONE', #1915, #2482, #312, .T. ) ;
#3024 = VECTOR ( 'NONE', #879, 1000.000000000000000 ) ;
#3025 = AXIS2_PLACEMENT_3D ( 'NONE', #2466, #1177, #3034 ) ;
#3026 = ORIENTED_EDGE ( 'NONE', *, *, #1627, .T. ) ;
#3027 = CARTESIAN_POINT ( 'NONE',  ( 934.1633633353549158, 1042.631818312624773, 1055.083288978695919 ) ) ;
#3028 = VERTEX_POINT ( 'NONE', #371 ) ;
#3029 = FACE_BOUND ( 'NONE', #625, .T. ) ;
#3030 = DIRECTION ( 'NONE',  ( -1.000000000000000000, 0.000000000000000000, 0.000000000000000000 ) ) ;
#3031 = VECTOR ( 'NONE', #2608, 1000.000000000000000 ) ;
#3032 = DIRECTION ( 'NONE',  ( 1.000000000000000000, 0.000000000000000000, 0.000000000000000000 ) ) ;
#3033 = CARTESIAN_POINT ( 'NONE',  ( 931.7375285671641905, 1004.844429437846884, 1051.083288978695919 ) ) ;
#3034 = DIRECTION ( 'NONE',  ( 1.000000000000000000, 0.000000000000000000, 0.000000000000000000 ) ) ;
#3035 = ORIENTED_EDGE ( 'NONE', *, *, #178, .F. ) ;
#3036 = EDGE_CURVE ( 'NONE', #499, #2213, #1950, .T. ) ;
#3037 = ORIENTED_EDGE ( 'NONE', *, *, #1487, .T. ) ;
#3038 = AXIS2_PLACEMENT_3D ( 'NONE', #911, #1944, #648 ) ;
#3039 = DIRECTION ( 'NONE',  ( 0.000000000000000000, 0.000000000000000000, 1.000000000000000000 ) ) ;
#3040 = VERTEX_POINT ( 'NONE', #2711 ) ;
#3041 = DIRECTION ( 'NONE',  ( 0.000000000000000000, -0.000000000000000000, -1.000000000000000000 ) ) ;
#3042 = ORIENTED_EDGE ( 'NONE', *, *, #1452, .F. ) ;
#3043 = DIRECTION ( 'NONE',  ( 1.000000000000000000, 0.000000000000000000, 0.000000000000000000 ) ) ;
#3044 = ORIENTED_EDGE ( 'NONE', *, *, #1023, .T. ) ;
#3045 = DIRECTION ( 'NONE',  ( 1.000000000000000000, 0.000000000000000000, -0.000000000000000000 ) ) ;
#3046 = CARTESIAN_POINT ( 'NONE',  ( 885.8885627257538999, 1042.631818312624773, 1051.083288978695919 ) ) ;
#3047 = DIRECTION ( 'NONE',  ( 0.000000000000000000, 1.000000000000000000, 0.000000000000000000 ) ) ;
#3048 = ADVANCED_FACE ( 'NONE', ( #639, #3009, #1681, #101 ), #1699, .T. ) ;
#3049 = DIRECTION ( 'NONE',  ( 0.000000000000000000, -0.000000000000000000, -1.000000000000000000 ) ) ;
#3050 = DIRECTION ( 'NONE',  ( 0.000000000000000000, -1.000000000000000000, 0.000000000000000000 ) ) ;
#3051 = ORIENTED_EDGE ( 'NONE', *, *, #3290, .F. ) ;
#3052 = ORIENTED_EDGE ( 'NONE', *, *, #843, .T. ) ;
#3053 = AXIS2_PLACEMENT_3D ( 'NONE', #2312, #1803, #728 ) ;
#3054 = ADVANCED_FACE ( 'NONE', ( #1667 ), #1170, .F. ) ;
#3055 = ORIENTED_EDGE ( 'NONE', *, *, #864, .F. ) ;
#3056 = CARTESIAN_POINT ( 'NONE',  ( 961.9633633353548703, 1029.231818312624682, 1051.083288978695919 ) ) ;
#3057 = VECTOR ( 'NONE', #2337, 1000.000000000000000 ) ;
#3058 = DIRECTION ( 'NONE',  ( 0.000000000000000000, 1.000000000000000000, 0.000000000000000000 ) ) ;
#3059 = DIRECTION ( 'NONE',  ( 0.000000000000000000, -0.000000000000000000, 1.000000000000000000 ) ) ;
#3060 = ORIENTED_EDGE ( 'NONE', *, *, #2946, .T. ) ;
#3061 = DIRECTION ( 'NONE',  ( 1.000000000000000000, 0.000000000000000000, 0.000000000000000000 ) ) ;
#3062 = LINE ( 'NONE', #1771, #227 ) ;
#3063 = DIRECTION ( 'NONE',  ( 0.000000000000000000, -1.000000000000000000, 0.000000000000000000 ) ) ;
#3064 = CARTESIAN_POINT ( 'NONE',  ( 900.8633633353547339, 1042.631818312624773, 1051.083288978695919 ) ) ;
#3065 = DIRECTION ( 'NONE',  ( 0.000000000000000000, 0.000000000000000000, 1.000000000000000000 ) ) ;
#3066 = DIRECTION ( 'NONE',  ( 1.000000000000000000, 0.000000000000000000, 0.000000000000000000 ) ) ;
#3067 = ORIENTED_EDGE ( 'NONE', *, *, #3245, .T. ) ;
#3068 = ORIENTED_EDGE ( 'NONE', *, *, #2402, .F. ) ;
#3069 = ORIENTED_EDGE ( 'NONE', *, *, #2528, .T. ) ;
#3070 = EDGE_CURVE ( 'NONE', #1339, #2391, #1714, .T. ) ;
#3071 = ORIENTED_EDGE ( 'NONE', *, *, #140, .T. ) ;
#3072 = DIRECTION ( 'NONE',  ( -1.000000000000000000, 0.000000000000000000, 0.000000000000000000 ) ) ;
#3073 = ADVANCED_FACE ( 'NONE', ( #2527 ), #2005, .F. ) ;
#3074 = LINE ( 'NONE', #489, #2532 ) ;
#3075 = CARTESIAN_POINT ( 'NONE',  ( 980.8633633353548475, 1010.131818312624887, 1051.083288978695919 ) ) ;
#3076 = FACE_OUTER_BOUND ( 'NONE', #542, .T. ) ;
#3077 = PLANE ( 'NONE',  #2504 ) ;
#3078 = VECTOR ( 'NONE', #162, 1000.000000000000000 ) ;
#3079 = VECTOR ( 'NONE', #1549, 1000.000000000000000 ) ;
#3080 = DIRECTION ( 'NONE',  ( -0.000000000000000000, -0.000000000000000000, -1.000000000000000000 ) ) ;
#3081 = DIRECTION ( 'NONE',  ( -1.000000000000000000, 0.000000000000000000, 0.000000000000000000 ) ) ;
#3082 = CYLINDRICAL_SURFACE ( 'NONE', #2725, 1.099999999999989875 ) ;
#3083 = CARTESIAN_POINT ( 'NONE',  ( 925.5633633353547793, 1032.811818312624837, 1051.083288978695919 ) ) ;
#3084 = ORIENTED_EDGE ( 'NONE', *, *, #3070, .T. ) ;
#3085 = AXIS2_PLACEMENT_3D ( 'NONE', #356, #1140, #2414 ) ;
#3086 = CARTESIAN_POINT ( 'NONE',  ( 927.5633633353547793, 1030.811818312624837, 1051.083288978695919 ) ) ;
#3087 = VERTEX_POINT ( 'NONE', #2762 ) ;
#3088 = CARTESIAN_POINT ( 'NONE',  ( 982.8633633353548475, 1008.131818312624887, 1051.083288978695919 ) ) ;
#3089 = EDGE_CURVE ( 'NONE', #1666, #1680, #970, .T. ) ;
#3090 = VECTOR ( 'NONE', #2625, 1000.000000000000000 ) ;
#3091 = ORIENTED_EDGE ( 'NONE', *, *, #1945, .F. ) ;
#3092 = DIRECTION ( 'NONE',  ( 1.000000000000000000, 0.000000000000000000, 0.000000000000000000 ) ) ;
#3093 = CARTESIAN_POINT ( 'NONE',  ( 961.9633633353548703, 1029.231818312624682, 1055.083288978695919 ) ) ;
#3094 = EDGE_CURVE ( 'NONE', #2397, #1150, #1768, .T. ) ;
#3095 = LINE ( 'NONE', #2296, #3110 ) ;
#3096 = DIRECTION ( 'NONE',  ( -0.000000000000000000, 0.000000000000000000, -1.000000000000000000 ) ) ;
#3097 = EDGE_CURVE ( 'NONE', #96, #2454, #2782, .T. ) ;
#3098 = CARTESIAN_POINT ( 'NONE',  ( 971.2633633353548248, 998.6571142232169223, 1050.783288978695964 ) ) ;
#3099 = CARTESIAN_POINT ( 'NONE',  ( 929.7633633353548248, 1008.131818312624887, 1051.083288978695919 ) ) ;
#3100 = CARTESIAN_POINT ( 'NONE',  ( 982.8633633353548475, 1017.831818312624932, 1055.083288978695919 ) ) ;
#3101 = DIRECTION ( 'NONE',  ( -1.000000000000000000, 0.000000000000000000, 0.000000000000000000 ) ) ;
#3102 = ORIENTED_EDGE ( 'NONE', *, *, #1893, .F. ) ;
#3103 = DIRECTION ( 'NONE',  ( 0.000000000000000000, -0.000000000000000000, -1.000000000000000000 ) ) ;
#3104 = ORIENTED_EDGE ( 'NONE', *, *, #367, .F. ) ;
#3105 = VECTOR ( 'NONE', #566, 1000.000000000000000 ) ;
#3106 = ORIENTED_EDGE ( 'NONE', *, *, #778, .F. ) ;
#3108 = AXIS2_PLACEMENT_3D ( 'NONE', #3218, #852, #306 ) ;
#3107 = PRODUCT_DEFINITION_CONTEXT ( 'detailed design', #2389, 'design' ) ;
#3109 = VECTOR ( 'NONE', #511, 1000.000000000000000 ) ;
#3110 = VECTOR ( 'NONE', #3115, 1000.000000000000000 ) ;
#3111 = ORIENTED_EDGE ( 'NONE', *, *, #2195, .F. ) ;
#3112 = DIRECTION ( 'NONE',  ( -0.000000000000000000, 0.000000000000000000, 1.000000000000000000 ) ) ;
#3113 = VERTEX_POINT ( 'NONE', #3027 ) ;
#3114 = ADVANCED_FACE ( 'NONE', ( #455 ), #1226, .F. ) ;
#3115 = DIRECTION ( 'NONE',  ( -0.000000000000000000, -0.000000000000000000, 1.000000000000000000 ) ) ;
#3116 = CARTESIAN_POINT ( 'NONE',  ( 982.8633633353548475, 1008.131818312624887, 1051.083288978695919 ) ) ;
#3117 = CIRCLE ( 'NONE', #1270, 2.000000000000001776 ) ;
#3118 = ADVANCED_FACE ( 'NONE', ( #2880 ), #2021, .F. ) ;
#3119 = CYLINDRICAL_SURFACE ( 'NONE', #316, 2.000000000000001776 ) ;
#3120 = FACE_OUTER_BOUND ( 'NONE', #517, .T. ) ;
#3121 = DIRECTION ( 'NONE',  ( 0.000000000000000000, 1.000000000000000000, 0.000000000000000000 ) ) ;
#3122 = CARTESIAN_POINT ( 'NONE',  ( 887.3885627257538999, 1046.131818312625001, 1055.083288978695919 ) ) ;
#3123 = VECTOR ( 'NONE', #1588, 1000.000000000000000 ) ;
#3124 = DIRECTION ( 'NONE',  ( 1.000000000000000000, 0.000000000000000000, 0.000000000000000000 ) ) ;
#3125 = EDGE_LOOP ( 'NONE', ( #2761, #2340, #892, #2936 ) ) ;
#3126 = VERTEX_POINT ( 'NONE', #1006 ) ;
#3127 = EDGE_CURVE ( 'NONE', #505, #244, #2038, .T. ) ;
#3128 = ORIENTED_EDGE ( 'NONE', *, *, #730, .F. ) ;
#3129 = DIRECTION ( 'NONE',  ( -0.000000000000000000, -0.000000000000000000, -1.000000000000000000 ) ) ;
#3130 = ORIENTED_EDGE ( 'NONE', *, *, #1330, .T. ) ;
#3131 = EDGE_CURVE ( 'NONE', #1958, #703, #2914, .T. ) ;
#3132 = CARTESIAN_POINT ( 'NONE',  ( 926.0633633353548930, 1023.331818312624819, 1051.083288978695919 ) ) ;
#3133 = LINE ( 'NONE', #1261, #2289 ) ;
#3134 = ADVANCED_FACE ( 'NONE', ( #2264 ), #438, .F. ) ;
#3135 = FACE_OUTER_BOUND ( 'NONE', #2433, .T. ) ;
#3136 = CARTESIAN_POINT ( 'NONE',  ( 904.3633633353547339, 1042.631818312624773, 1051.083288978695919 ) ) ;
#3137 = CARTESIAN_POINT ( 'NONE',  ( 972.3633633353547339, 998.6571142232169223, 1055.083288978695919 ) ) ;
#3138 = CARTESIAN_POINT ( 'NONE',  ( 906.3633633353547339, 1034.811818312624837, 1051.083288978695919 ) ) ;
#3139 = DIRECTION ( 'NONE',  ( 1.000000000000000000, 0.000000000000000000, 0.000000000000000000 ) ) ;
#3140 = AXIS2_PLACEMENT_3D ( 'NONE', #2299, #289, #1331 ) ;
#3141 = ORIENTED_EDGE ( 'NONE', *, *, #1182, .T. ) ;
#3142 = AXIS2_PLACEMENT_3D ( 'NONE', #3183, #1823, #2128 ) ;
#3143 = CIRCLE ( 'NONE', #3025, 2.000000000000001776 ) ;
#3144 = EDGE_CURVE ( 'NONE', #2758, #2685, #2279, .T. ) ;
#3145 = PLANE ( 'NONE',  #2276 ) ;
#3146 = ORIENTED_EDGE ( 'NONE', *, *, #1678, .F. ) ;
#3147 = CIRCLE ( 'NONE', #538, 1.000000000000000888 ) ;
#3148 = CARTESIAN_POINT ( 'NONE',  ( 935.6633633353548021, 1042.631818312624773, 1055.083288978695919 ) ) ;
#3149 = DIRECTION ( 'NONE',  ( -0.000000000000000000, 0.000000000000000000, 1.000000000000000000 ) ) ;
#3150 = ORIENTED_EDGE ( 'NONE', *, *, #2712, .F. ) ;
#3151 = CYLINDRICAL_SURFACE ( 'NONE', #3243, 2.000000000000001776 ) ;
#3152 = FACE_OUTER_BOUND ( 'NONE', #878, .T. ) ;
#3153 = DIRECTION ( 'NONE',  ( -0.000000000000000000, 0.000000000000000000, 1.000000000000000000 ) ) ;
#3154 = LINE ( 'NONE', #342, #58 ) ;
#3155 = VERTEX_POINT ( 'NONE', #203 ) ;
#3156 = ADVANCED_FACE ( 'NONE', ( #709 ), #3321, .F. ) ;
#3157 = EDGE_LOOP ( 'NONE', ( #3221, #464, #447, #2573 ) ) ;
#3158 = ADVANCED_FACE ( 'NONE', ( #2359, #2295, #1751 ), #2544, .F. ) ;
#3159 = VECTOR ( 'NONE', #3219, 1000.000000000000000 ) ;
#3160 = DIRECTION ( 'NONE',  ( 1.000000000000000000, 0.000000000000000000, 0.000000000000000000 ) ) ;
#3161 = AXIS2_PLACEMENT_3D ( 'NONE', #544, #3096, #763 ) ;
#3162 = AXIS2_PLACEMENT_3D ( 'NONE', #2922, #2163, #1868 ) ;
#3163 = ORIENTED_EDGE ( 'NONE', *, *, #702, .T. ) ;
#3164 = DIRECTION ( 'NONE',  ( 0.000000000000000000, -0.000000000000000000, -1.000000000000000000 ) ) ;
#3165 = CARTESIAN_POINT ( 'NONE',  ( 961.9633633353548703, 1031.231818312624682, 1051.083288978695919 ) ) ;
#3166 = ORIENTED_EDGE ( 'NONE', *, *, #1801, .T. ) ;
#3167 = PLANE ( 'NONE',  #1779 ) ;
#3168 = CYLINDRICAL_SURFACE ( 'NONE', #3162, 1.099999999999989875 ) ;
#3169 = CARTESIAN_POINT ( 'NONE',  ( 943.9633633353547566, 1032.731818312624910, 1051.083288978695919 ) ) ;
#3170 = LINE ( 'NONE', #2891, #822 ) ;
#3171 = VECTOR ( 'NONE', #2967, 1000.000000000000000 ) ;
#3172 = ORIENTED_EDGE ( 'NONE', *, *, #1579, .F. ) ;
#3173 = CIRCLE ( 'NONE', #2845, 2.000000000000001776 ) ;
#3174 = DIRECTION ( 'NONE',  ( 0.000000000000000000, -0.000000000000000000, -1.000000000000000000 ) ) ;
#3175 = ORIENTED_EDGE ( 'NONE', *, *, #1045, .F. ) ;
#3176 = LINE ( 'NONE', #332, #2756 ) ;
#3177 = EDGE_CURVE ( 'NONE', #613, #3333, #1988, .T. ) ;
#3178 = ORIENTED_EDGE ( 'NONE', *, *, #702, .F. ) ;
#3179 = DIRECTION ( 'NONE',  ( -0.000000000000000000, -0.000000000000000000, 1.000000000000000000 ) ) ;
#3180 = ADVANCED_FACE ( 'NONE', ( #283 ), #3145, .F. ) ;
#3181 = CARTESIAN_POINT ( 'NONE',  ( 969.1301148555324971, 1003.844429437846998, 1051.083288978695919 ) ) ;
#3182 = ORIENTED_EDGE ( 'NONE', *, *, #2455, .F. ) ;
#3183 = CARTESIAN_POINT ( 'NONE',  ( 920.3885627257540136, 998.6571142232169223, 1055.083288978695919 ) ) ;
#3184 = VERTEX_POINT ( 'NONE', #1210 ) ;
#3185 = LINE ( 'NONE', #2431, #1372 ) ;
#3186 = SURFACE_STYLE_USAGE ( .BOTH. , #624 ) ;
#3187 = VERTEX_POINT ( 'NONE', #954 ) ;
#3188 = CARTESIAN_POINT ( 'NONE',  ( 963.4633633353547566, 1032.731818312624910, 1051.083288978695919 ) ) ;
#3189 = VERTEX_POINT ( 'NONE', #3194 ) ;
#3190 = EDGE_CURVE ( 'NONE', #2387, #687, #2422, .T. ) ;
#3191 = AXIS2_PLACEMENT_3D ( 'NONE', #514, #1993, #3032 ) ;
#3192 = AXIS2_PLACEMENT_3D ( 'NONE', #2420, #91, #1130 ) ;
#3193 = EDGE_CURVE ( 'NONE', #2595, #1769, #1133, .T. ) ;
#3194 = CARTESIAN_POINT ( 'NONE',  ( 919.2885627257539909, 1041.631818312625001, 1050.783288978695964 ) ) ;
#3195 = VECTOR ( 'NONE', #2745, 1000.000000000000000 ) ;
#3196 = VERTEX_POINT ( 'NONE', #1626 ) ;
#3197 = EDGE_CURVE ( 'NONE', #2680, #3260, #2974, .T. ) ;
#3198 = DIRECTION ( 'NONE',  ( 1.000000000000000000, 0.000000000000000000, 0.000000000000000000 ) ) ;
#3199 = CARTESIAN_POINT ( 'NONE',  ( 904.3633633353547339, 1044.631818312624773, 1055.083288978695919 ) ) ;
#3200 = EDGE_CURVE ( 'NONE', #1975, #1124, #2947, .T. ) ;
#3201 = ORIENTED_EDGE ( 'NONE', *, *, #3309, .F. ) ;
#3202 = DIRECTION ( 'NONE',  ( 0.000000000000000000, 1.000000000000000000, 0.000000000000000000 ) ) ;
#3203 = VERTEX_POINT ( 'NONE', #860 ) ;
#3204 = DIRECTION ( 'NONE',  ( -5.526962214019476441E-15, -1.000000000000000000, 0.000000000000000000 ) ) ;
#3205 = CARTESIAN_POINT ( 'NONE',  ( 887.3885627257538999, 1043.131818312625001, 1055.083288978695919 ) ) ;
#3206 = ORIENTED_EDGE ( 'NONE', *, *, #2661, .T. ) ;
#3207 = EDGE_CURVE ( 'NONE', #1235, #2758, #2390, .T. ) ;
#3208 = CARTESIAN_POINT ( 'NONE',  ( 885.8885627257538999, 1019.831818312624932, 1051.083288978695919 ) ) ;
#3209 = CARTESIAN_POINT ( 'NONE',  ( 934.1633633353549158, 1033.131818312625001, 1051.083288978695919 ) ) ;
#3210 = ORIENTED_EDGE ( 'NONE', *, *, #1861, .F. ) ;
#3211 = LINE ( 'NONE', #2726, #3024 ) ;
#3212 = CIRCLE ( 'NONE', #2235, 2.000000000000001776 ) ;
#3213 = AXIS2_PLACEMENT_3D ( 'NONE', #1363, #51, #2954 ) ;
#3214 = DIRECTION ( 'NONE',  ( 0.000000000000000000, -1.000000000000000000, 0.000000000000000000 ) ) ;
#3215 = ORIENTED_EDGE ( 'NONE', *, *, #2225, .F. ) ;
#3216 = CARTESIAN_POINT ( 'NONE',  ( 927.7633633353548248, 1008.131818312624887, 1055.083288978695919 ) ) ;
#3217 = VERTEX_POINT ( 'NONE', #364 ) ;
#3218 = CARTESIAN_POINT ( 'NONE',  ( 959.9633633353548703, 1029.231818312624682, 1051.083288978695919 ) ) ;
#3219 = DIRECTION ( 'NONE',  ( 0.000000000000000000, 0.000000000000000000, -1.000000000000000000 ) ) ;
#3220 = EDGE_CURVE ( 'NONE', #1141, #2876, #3176, .T. ) ;
#3221 = ORIENTED_EDGE ( 'NONE', *, *, #3356, .F. ) ;
#3222 = DIRECTION ( 'NONE',  ( 0.000000000000000000, -0.000000000000000000, -1.000000000000000000 ) ) ;
#3223 = ORIENTED_EDGE ( 'NONE', *, *, #2779, .F. ) ;
#3224 = AXIS2_PLACEMENT_3D ( 'NONE', #2778, #2560, #1276 ) ;
#3225 = CARTESIAN_POINT ( 'NONE',  ( 982.8407353286833086, 1009.831818312624932, 1053.083288978695919 ) ) ;
#3226 = ORIENTED_EDGE ( 'NONE', *, *, #1484, .F. ) ;
#3227 = DIRECTION ( 'NONE',  ( -0.000000000000000000, 0.000000000000000000, 1.000000000000000000 ) ) ;
#3228 = DIRECTION ( 'NONE',  ( 0.000000000000000000, 0.000000000000000000, 1.000000000000000000 ) ) ;
#3229 = VECTOR ( 'NONE', #2568, 1000.000000000000000 ) ;
#3230 = CYLINDRICAL_SURFACE ( 'NONE', #396, 3.000000000000002665 ) ;
#3231 = ORIENTED_EDGE ( 'NONE', *, *, #1066, .F. ) ;
#3232 = CARTESIAN_POINT ( 'NONE',  ( 887.8885627257538999, 1019.831818312624932, 1051.083288978695919 ) ) ;
#3233 = ORIENTED_EDGE ( 'NONE', *, *, #1040, .F. ) ;
#3234 = EDGE_CURVE ( 'NONE', #1199, #681, #974, .T. ) ;
#3235 = PLANE ( 'NONE',  #1101 ) ;
#3236 = DIRECTION ( 'NONE',  ( 0.000000000000000000, 0.000000000000000000, -1.000000000000000000 ) ) ;
#3237 = ORIENTED_EDGE ( 'NONE', *, *, #2754, .T. ) ;
#3238 = CARTESIAN_POINT ( 'NONE',  ( 980.8633633353548475, 1023.331818312624932, 1055.083288978695919 ) ) ;
#3239 = DIRECTION ( 'NONE',  ( -1.000000000000000000, -0.000000000000000000, -0.000000000000000000 ) ) ;
#3240 = EDGE_LOOP ( 'NONE', ( #1156, #2464, #2209, #246 ) ) ;
#3241 = EDGE_CURVE ( 'NONE', #100, #1166, #3147, .T. ) ;
#3242 = DIRECTION ( 'NONE',  ( -0.000000000000000000, 0.000000000000000000, 1.000000000000000000 ) ) ;
#3243 = AXIS2_PLACEMENT_3D ( 'NONE', #50, #68, #1091 ) ;
#3245 = EDGE_CURVE ( 'NONE', #3276, #3318, #1660, .T. ) ;
#3244 = ORIENTED_EDGE ( 'NONE', *, *, #2262, .T. ) ;
#3246 = CIRCLE ( 'NONE', #2481, 1.000000000000000888 ) ;
#3247 = AXIS2_PLACEMENT_3D ( 'NONE', #2233, #2029, #1216 ) ;
#3248 = PLANE ( 'NONE',  #3360 ) ;
#3249 = AXIS2_PLACEMENT_3D ( 'NONE', #2187, #2114, #2905 ) ;
#3250 = LINE ( 'NONE', #2727, #3171 ) ;
#3251 = ORIENTED_EDGE ( 'NONE', *, *, #2388, .F. ) ;
#3252 = DIRECTION ( 'NONE',  ( 1.000000000000000000, 0.000000000000000000, -0.000000000000000000 ) ) ;
#3253 = ORIENTED_EDGE ( 'NONE', *, *, #1992, .F. ) ;
#3254 = DIRECTION ( 'NONE',  ( 0.000000000000000000, -0.000000000000000000, -1.000000000000000000 ) ) ;
#3255 = DIRECTION ( 'NONE',  ( 0.000000000000000000, 0.000000000000000000, -1.000000000000000000 ) ) ;
#3256 = VECTOR ( 'NONE', #804, 1000.000000000000000 ) ;
#3257 = VERTEX_POINT ( 'NONE', #2896 ) ;
#3258 = CARTESIAN_POINT ( 'NONE',  ( 919.2885627257539909, 998.6571142232169223, 1050.783288978695964 ) ) ;
#3259 = DIRECTION ( 'NONE',  ( 1.000000000000000000, 0.000000000000000000, -0.000000000000000000 ) ) ;
#3260 = VERTEX_POINT ( 'NONE', #585 ) ;
#3261 = ORIENTED_EDGE ( 'NONE', *, *, #1452, .T. ) ;
#3262 = EDGE_CURVE ( 'NONE', #978, #1634, #2436, .T. ) ;
#3263 = APPLICATION_PROTOCOL_DEFINITION ( 'draft international standard', 'automotive_design', 1998, #2389 ) ;
#3264 = EDGE_CURVE ( 'NONE', #2519, #1628, #2656, .T. ) ;
#3265 = ORIENTED_EDGE ( 'NONE', *, *, #488, .T. ) ;
#3266 = DIRECTION ( 'NONE',  ( 1.000000000000000000, 0.000000000000000000, 0.000000000000000000 ) ) ;
#3267 = LINE ( 'NONE', #916, #383 ) ;
#3268 = VECTOR ( 'NONE', #2838, 1000.000000000000000 ) ;
#3269 = ORIENTED_EDGE ( 'NONE', *, *, #1571, .T. ) ;
#3270 = CARTESIAN_POINT ( 'NONE',  ( 885.8885627257538999, 995.6571142232169223, 1051.083288978695919 ) ) ;
#3271 = VERTEX_POINT ( 'NONE', #108 ) ;
#3272 = AXIS2_PLACEMENT_3D ( 'NONE', #1477, #3292, #373 ) ;
#3273 = CARTESIAN_POINT ( 'NONE',  ( 887.8885627257538999, 1023.331818312624932, 1051.083288978695919 ) ) ;
#3274 = PLANE ( 'NONE',  #707 ) ;
#3275 = VECTOR ( 'NONE', #2901, 1000.000000000000000 ) ;
#3276 = VERTEX_POINT ( 'NONE', #3225 ) ;
#3277 = CIRCLE ( 'NONE', #1589, 2.000000000000001776 ) ;
#3278 = CARTESIAN_POINT ( 'NONE',  ( 961.9633633353548703, 1021.331818312624932, 1051.083288978695919 ) ) ;
#3279 = CARTESIAN_POINT ( 'NONE',  ( 982.8633633353548475, 1044.631818312624773, 1051.083288978695919 ) ) ;
#3280 = VERTEX_POINT ( 'NONE', #2407 ) ;
#3281 = EDGE_LOOP ( 'NONE', ( #3055, #537, #1590, #1599 ) ) ;
#3282 = EDGE_CURVE ( 'NONE', #2666, #1520, #79, .T. ) ;
#3283 = AXIS2_PLACEMENT_3D ( 'NONE', #1055, #2814, #1816 ) ;
#3284 = EDGE_LOOP ( 'NONE', ( #1796, #1776, #1488, #2631, #92, #2500, #988, #1204 ) ) ;
#3285 = AXIS2_PLACEMENT_3D ( 'NONE', #2254, #2534, #699 ) ;
#3286 = CARTESIAN_POINT ( 'NONE',  ( 963.4633633353547566, 1032.731818312624910, 1055.083288978695919 ) ) ;
#3287 = DIRECTION ( 'NONE',  ( -0.000000000000000000, -0.000000000000000000, -1.000000000000000000 ) ) ;
#3288 = VERTEX_POINT ( 'NONE', #2689 ) ;
#3289 = CARTESIAN_POINT ( 'NONE',  ( 974.4010481207247949, 1038.119495477979854, 1050.783288978695964 ) ) ;
#3290 = EDGE_CURVE ( 'NONE', #872, #1827, #2928, .T. ) ;
#3291 = ORIENTED_EDGE ( 'NONE', *, *, #3302, .T. ) ;
#3292 = DIRECTION ( 'NONE',  ( 0.000000000000000000, 1.000000000000000000, 0.000000000000000000 ) ) ;
#3293 = CARTESIAN_POINT ( 'NONE',  ( 980.8633633353548475, 997.6571142232169223, 1051.083288978695919 ) ) ;
#3294 = EDGE_LOOP ( 'NONE', ( #1558, #2503, #3146, #264 ) ) ;
#3295 = DIRECTION ( 'NONE',  ( -1.000000000000000000, 0.000000000000000000, -0.000000000000000000 ) ) ;
#3296 = CARTESIAN_POINT ( 'NONE',  ( 976.4010481207247949, 1034.169495477979808, 1051.083288978695919 ) ) ;
#3297 = ORIENTED_EDGE ( 'NONE', *, *, #1344, .T. ) ;
#3298 = ORIENTED_EDGE ( 'NONE', *, *, #2580, .T. ) ;
#3299 = ORIENTED_EDGE ( 'NONE', *, *, #431, .T. ) ;
#3300 = ADVANCED_FACE ( 'NONE', ( #1646 ), #2674, .F. ) ;
#3301 = CARTESIAN_POINT ( 'NONE',  ( 972.3633633353547339, 1041.631818312625001, 1051.083288978695919 ) ) ;
#3302 = EDGE_CURVE ( 'NONE', #592, #1292, #2185, .T. ) ;
#3303 = VECTOR ( 'NONE', #1662, 1000.000000000000000 ) ;
#3304 = ORIENTED_EDGE ( 'NONE', *, *, #1942, .F. ) ;
#3305 = DIRECTION ( 'NONE',  ( 0.000000000000000000, 0.000000000000000000, -1.000000000000000000 ) ) ;
#3306 = ORIENTED_EDGE ( 'NONE', *, *, #2918, .F. ) ;
#3307 = DIRECTION ( 'NONE',  ( -1.000000000000000000, 0.000000000000000000, 0.000000000000000000 ) ) ;
#3308 = DIRECTION ( 'NONE',  ( 1.000000000000000000, 0.000000000000000000, 0.000000000000000000 ) ) ;
#3309 = EDGE_CURVE ( 'NONE', #2415, #105, #891, .T. ) ;
#3310 = DIRECTION ( 'NONE',  ( 0.000000000000000000, -0.000000000000000000, 1.000000000000000000 ) ) ;
#3311 = CARTESIAN_POINT ( 'NONE',  ( 982.0396265003764711, 1009.831818312624932, 1053.083288978695919 ) ) ;
#3312 = CARTESIAN_POINT ( 'NONE',  ( 926.0633633353548930, 1023.331818312624819, 1055.083288978695919 ) ) ;
#3313 = VERTEX_POINT ( 'NONE', #298 ) ;
#3314 = ORIENTED_EDGE ( 'NONE', *, *, #1014, .F. ) ;
#3315 = VECTOR ( 'NONE', #1962, 1000.000000000000000 ) ;
#3316 = LINE ( 'NONE', #3018, #2700 ) ;
#3317 = EDGE_CURVE ( 'NONE', #2174, #2790, #266, .T. ) ;
#3318 = VERTEX_POINT ( 'NONE', #1221 ) ;
#3319 = LINE ( 'NONE', #1489, #1967 ) ;
#3320 = LINE ( 'NONE', #2311, #309 ) ;
#3321 = PLANE ( 'NONE',  #95 ) ;
#3322 = ORIENTED_EDGE ( 'NONE', *, *, #1073, .T. ) ;
#3323 = CYLINDRICAL_SURFACE ( 'NONE', #1147, 2.000000000000001776 ) ;
#3324 = CARTESIAN_POINT ( 'NONE',  ( 976.4010481207247949, 1036.119495477979854, 1055.083288978695919 ) ) ;
#3325 = AXIS2_PLACEMENT_3D ( 'NONE', #2417, #1094, #2446 ) ;
#3326 = DIRECTION ( 'NONE',  ( -0.000000000000000000, 0.000000000000000000, 1.000000000000000000 ) ) ;
#3327 = LINE ( 'NONE', #995, #440 ) ;
#3328 = PLANE ( 'NONE',  #3247 ) ;
#3329 = ORIENTED_EDGE ( 'NONE', *, *, #864, .T. ) ;
#3330 = EDGE_CURVE ( 'NONE', #2554, #3257, #2739, .T. ) ;
#3331 = VECTOR ( 'NONE', #1598, 1000.000000000000000 ) ;
#3332 = VECTOR ( 'NONE', #751, 1000.000000000000000 ) ;
#3333 = VERTEX_POINT ( 'NONE', #1165 ) ;
#3334 = EDGE_CURVE ( 'NONE', #2423, #3187, #1305, .T. ) ;
#3335 = ORIENTED_EDGE ( 'NONE', *, *, #994, .F. ) ;
#3336 = AXIS2_PLACEMENT_3D ( 'NONE', #2305, #3103, #3124 ) ;
#3337 = DIRECTION ( 'NONE',  ( -0.000000000000000000, -0.000000000000000000, -1.000000000000000000 ) ) ;
#3338 = VECTOR ( 'NONE', #3121, 1000.000000000000000 ) ;
#3339 = CARTESIAN_POINT ( 'NONE',  ( 887.8885627257538999, 995.6571142232169223, 1055.083288978695919 ) ) ;
#3340 = DIRECTION ( 'NONE',  ( -1.000000000000000000, 0.000000000000000000, 0.000000000000000000 ) ) ;
#3341 = CARTESIAN_POINT ( 'NONE',  ( 927.7633633353548248, 997.6571142232169223, 1051.083288978695919 ) ) ;
#3342 = DIRECTION ( 'NONE',  ( 1.000000000000000000, 0.000000000000000000, 0.000000000000000000 ) ) ;
#3343 = EDGE_CURVE ( 'NONE', #1797, #945, #2259, .T. ) ;
#3344 = LINE ( 'NONE', #2061, #1021 ) ;
#3345 = LINE ( 'NONE', #2300, #141 ) ;
#3346 = CARTESIAN_POINT ( 'NONE',  ( 884.3885627257538999, 1046.131818312625001, 1050.783288978695964 ) ) ;
#3347 = CARTESIAN_POINT ( 'NONE',  ( 920.3885627257540136, 1041.631818312625001, 1050.783288978695964 ) ) ;
#3348 = VERTEX_POINT ( 'NONE', #2775 ) ;
#3349 = CARTESIAN_POINT ( 'NONE',  ( 927.5633633353547793, 1032.811818312624837, 1055.083288978695919 ) ) ;
#3350 = ORIENTED_EDGE ( 'NONE', *, *, #979, .T. ) ;
#3351 = EDGE_LOOP ( 'NONE', ( #898, #1892, #1830, #1467 ) ) ;
#3352 = DIRECTION ( 'NONE',  ( 0.000000000000000000, 0.000000000000000000, -1.000000000000000000 ) ) ;
#3353 = EDGE_CURVE ( 'NONE', #1169, #2168, #3316, .T. ) ;
#3354 = ORIENTED_EDGE ( 'NONE', *, *, #1659, .F. ) ;
#3355 = CARTESIAN_POINT ( 'NONE',  ( 902.8633633353547339, 1042.631818312624773, 1051.083288978695919 ) ) ;
#3356 = EDGE_CURVE ( 'NONE', #2790, #3333, #432, .T. ) ;
#3357 = DIRECTION ( 'NONE',  ( -0.000000000000000000, -0.000000000000000000, -1.000000000000000000 ) ) ;
#3358 = CARTESIAN_POINT ( 'NONE',  ( 984.3633633353547339, 1043.131818312625001, 1050.783288978695964 ) ) ;
#3359 = CARTESIAN_POINT ( 'NONE',  ( 929.2633633353547111, 997.6571142232169223, 1051.083288978695919 ) ) ;
#3360 = AXIS2_PLACEMENT_3D ( 'NONE', #2983, #400, #1438 ) ;
#3361 = VECTOR ( 'NONE', #1162, 1000.000000000000000 ) ;
#3362 = DIRECTION ( 'NONE',  ( 1.000000000000000000, 0.000000000000000000, 0.000000000000000000 ) ) ;
#3363 = CYLINDRICAL_SURFACE ( 'NONE', #1936, 1.099999999999989875 ) ;
#3364 = LINE ( 'NONE', #2842, #2502 ) ;
#3365 = DIRECTION ( 'NONE',  ( -0.000000000000000000, -0.000000000000000000, -1.000000000000000000 ) ) ;
#3366 = ORIENTED_EDGE ( 'NONE', *, *, #2071, .F. ) ;
#3367 = CARTESIAN_POINT ( 'NONE',  ( 887.8885627257538999, 1017.831818312624932, 1051.083288978695919 ) ) ;
#3368 = ORIENTED_EDGE ( 'NONE', *, *, #873, .T. ) ;
#3369 = ORIENTED_EDGE ( 'NONE', *, *, #80, .T. ) ;
#3370 = ADVANCED_FACE ( 'NONE', ( #180 ), #1468, .F. ) ;
#3371 = AXIS2_PLACEMENT_3D ( 'NONE', #1148, #842, #1103 ) ;
#3372 = ORIENTED_EDGE ( 'NONE', *, *, #615, .T. ) ;
#3373 = ADVANCED_FACE ( 'NONE', ( #1486 ), #669, .T. ) ;
#3374 = DIRECTION ( 'NONE',  ( 0.000000000000000000, -0.000000000000000000, -1.000000000000000000 ) ) ;
ENDSEC;
END-ISO-10303-21;
