ISO-10303-21;
HEADER;
FILE_DESCRIPTION (( 'STEP AP214' ),
    '1' );
FILE_NAME ('shell_2_1.STEP',
    '2026-05-13T05:39:18',
    ( '' ),
    ( '' ),
    'SwSTEP 2.0',
    'SolidWorks 2024',
    '' );
FILE_SCHEMA (( 'AUTOMOTIVE_DESIGN' ));
ENDSEC;

DATA;
#1 = ORIENTED_EDGE ( 'NONE', *, *, #891, .F. ) ;
#2 = DIRECTION ( 'NONE',  ( 0.000000000000000000, 0.000000000000000000, -1.000000000000000000 ) ) ;
#3 = VECTOR ( 'NONE', #968, 1000.000000000000000 ) ;
#4 = PRODUCT_DEFINITION_CONTEXT ( 'detailed design', #202, 'design' ) ;
#5 = EDGE_CURVE ( 'NONE', #178, #551, #1717, .T. ) ;
#6 = CARTESIAN_POINT ( 'NONE',  ( 49.67145907973952745, 3.000000000000000000, 18.51796683128186771 ) ) ;
#7 = ORIENTED_EDGE ( 'NONE', *, *, #50, .T. ) ;
#8 = CIRCLE ( 'NONE', #460, 1.000000000000000888 ) ;
#9 = DIRECTION ( 'NONE',  ( -1.000000000000000000, 0.000000000000000000, -0.000000000000000000 ) ) ;
#10 = ORIENTED_EDGE ( 'NONE', *, *, #852, .F. ) ;
#11 = CIRCLE ( 'NONE', #1519, 1.999999999999998224 ) ;
#12 = CARTESIAN_POINT ( 'NONE',  ( -45.82854092026047255, 4.300000000000001599, -28.98203316871813229 ) ) ;
#13 = LINE ( 'NONE', #1200, #128 ) ;
#14 = ORIENTED_EDGE ( 'NONE', *, *, #803, .F. ) ;
#15 = ADVANCED_FACE ( 'NONE', ( #313 ), #1430, .F. ) ;
#16 = FACE_OUTER_BOUND ( 'NONE', #596, .T. ) ;
#17 = CARTESIAN_POINT ( 'NONE',  ( 49.67145907973953456, 3.000000000000000000, -30.48203316871812874 ) ) ;
#18 = VERTEX_POINT ( 'NONE', #159 ) ;
#19 = EDGE_LOOP ( 'NONE', ( #1802, #889, #1848, #743 ) ) ;
#20 = CARTESIAN_POINT ( 'NONE',  ( -16.32854092026047610, 4.300000000000001599, -12.98203316871812874 ) ) ;
#21 = LINE ( 'NONE', #848, #345 ) ;
#22 = CARTESIAN_POINT ( 'NONE',  ( 47.67145907973953456, 0.000000000000000000, -28.48203316871812518 ) ) ;
#23 = VERTEX_POINT ( 'NONE', #1149 ) ;
#24 = DIRECTION ( 'NONE',  ( 0.000000000000000000, 0.000000000000000000, -1.000000000000000000 ) ) ;
#25 = DIRECTION ( 'NONE',  ( 0.000000000000000000, 0.000000000000000000, -1.000000000000000000 ) ) ;
#26 = EDGE_LOOP ( 'NONE', ( #1004, #773, #1094, #270 ) ) ;
#27 = ADVANCED_FACE ( 'NONE', ( #1171 ), #1449, .F. ) ;
#28 = CARTESIAN_POINT ( 'NONE',  ( -13.32854092026047610, 4.300000000000001599, -9.982033168718126959 ) ) ;
#29 = CARTESIAN_POINT ( 'NONE',  ( 47.67145907973952745, 3.000000000000000000, 18.51796683128186771 ) ) ;
#30 = AXIS2_PLACEMENT_3D ( 'NONE', #286, #1322, #141 ) ;
#31 = DIRECTION ( 'NONE',  ( 0.000000000000000000, 1.000000000000000000, 0.000000000000000000 ) ) ;
#32 = CIRCLE ( 'NONE', #1514, 2.000000000000000000 ) ;
#33 = CARTESIAN_POINT ( 'NONE',  ( 35.93141406157385376, 3.000000000000000000, 10.31902871037429570 ) ) ;
#34 = VECTOR ( 'NONE', #1309, 1000.000000000000000 ) ;
#35 = CARTESIAN_POINT ( 'NONE',  ( -11.32854092026047610, 4.300000000000001599, -11.98203316871812874 ) ) ;
#36 = ORIENTED_EDGE ( 'NONE', *, *, #1843, .T. ) ;
#37 = VECTOR ( 'NONE', #221, 1000.000000000000000 ) ;
#38 = ORIENTED_EDGE ( 'NONE', *, *, #1188, .F. ) ;
#39 = AXIS2_PLACEMENT_3D ( 'NONE', #1813, #1547, #697 ) ;
#40 = EDGE_CURVE ( 'NONE', #169, #224, #583, .T. ) ;
#41 = FACE_OUTER_BOUND ( 'NONE', #19, .T. ) ;
#42 = CARTESIAN_POINT ( 'NONE',  ( 39.17145907973952745, 4.300000000000001599, 15.51796683128186771 ) ) ;
#43 = DIRECTION ( 'NONE',  ( 0.000000000000000000, 0.000000000000000000, -1.000000000000000000 ) ) ;
#44 = FACE_OUTER_BOUND ( 'NONE', #90, .T. ) ;
#45 = VERTEX_POINT ( 'NONE', #1700 ) ;
#46 = ORIENTED_EDGE ( 'NONE', *, *, #469, .F. ) ;
#47 = ORIENTED_EDGE ( 'NONE', *, *, #1348, .T. ) ;
#48 = EDGE_CURVE ( 'NONE', #1415, #1770, #1731, .T. ) ;
#49 = PRESENTATION_STYLE_ASSIGNMENT (( #392 ) ) ;
#50 = EDGE_CURVE ( 'NONE', #837, #451, #1710, .T. ) ;
#51 = FACE_OUTER_BOUND ( 'NONE', #119, .T. ) ;
#52 = CARTESIAN_POINT ( 'NONE',  ( -12.82854092026047788, 4.300000000000001599, -28.58203316871813016 ) ) ;
#53 = FACE_OUTER_BOUND ( 'NONE', #389, .T. ) ;
#54 = ORIENTED_EDGE ( 'NONE', *, *, #495, .F. ) ;
#55 = VERTEX_POINT ( 'NONE', #1313 ) ;
#56 = ORIENTED_EDGE ( 'NONE', *, *, #1580, .F. ) ;
#57 = FACE_BOUND ( 'NONE', #1015, .T. ) ;
#58 = LINE ( 'NONE', #327, #811 ) ;
#59 = CARTESIAN_POINT ( 'NONE',  ( 47.67145907973953456, 3.000000000000000000, -28.48203316871812518 ) ) ;
#60 = EDGE_CURVE ( 'NONE', #855, #45, #100, .T. ) ;
#61 = AXIS2_PLACEMENT_3D ( 'NONE', #1202, #906, #656 ) ;
#62 = CARTESIAN_POINT ( 'NONE',  ( -11.32854092026047432, 8.599999999999999645, -9.982033168718126959 ) ) ;
#63 = AXIS2_PLACEMENT_3D ( 'NONE', #361, #698, #246 ) ;
#64 = ORIENTED_EDGE ( 'NONE', *, *, #426, .F. ) ;
#65 = CARTESIAN_POINT ( 'NONE',  ( -47.32854092026047965, 3.000000000000000000, -30.48203316871813939 ) ) ;
#66 = AXIS2_PLACEMENT_3D ( 'NONE', #427, #1153, #1690 ) ;
#67 = ORIENTED_EDGE ( 'NONE', *, *, #1702, .F. ) ;
#68 = EDGE_LOOP ( 'NONE', ( #1227, #1592, #10, #1761 ) ) ;
#69 = VECTOR ( 'NONE', #1239, 1000.000000000000000 ) ;
#70 = CIRCLE ( 'NONE', #225, 2.000000000000001776 ) ;
#71 = FACE_BOUND ( 'NONE', #484, .T. ) ;
#72 = CIRCLE ( 'NONE', #1605, 2.000000000000000000 ) ;
#73 = CARTESIAN_POINT ( 'NONE',  ( -11.32854092026047432, 4.300000000000001599, -9.982033168718126959 ) ) ;
#74 = DIRECTION ( 'NONE',  ( 0.000000000000000000, -1.000000000000000000, 0.000000000000000000 ) ) ;
#75 = ORIENTED_EDGE ( 'NONE', *, *, #1395, .T. ) ;
#76 = LINE ( 'NONE', #97, #1598 ) ;
#77 = CYLINDRICAL_SURFACE ( 'NONE', #798, 2.000000000000000000 ) ;
#78 = EDGE_CURVE ( 'NONE', #1482, #1055, #1301, .T. ) ;
#79 = VERTEX_POINT ( 'NONE', #1009 ) ;
#80 = CARTESIAN_POINT ( 'NONE',  ( 47.67145907973952745, 0.000000000000000000, 18.51796683128186771 ) ) ;
#81 = VERTEX_POINT ( 'NONE', #1566 ) ;
#82 = ORIENTED_EDGE ( 'NONE', *, *, #1821, .T. ) ;
#83 = CARTESIAN_POINT ( 'NONE',  ( 34.93141406157385376, 3.000000000000000000, 10.31902871037429570 ) ) ;
#84 = CARTESIAN_POINT ( 'NONE',  ( 0.000000000000000000, 3.000000000000000000, 0.000000000000000000 ) ) ;
#85 = CARTESIAN_POINT ( 'NONE',  ( -45.82854092026046544, 0.000000000000000000, 20.01796683128186771 ) ) ;
#86 = DIRECTION ( 'NONE',  ( 0.000000000000000000, 0.000000000000000000, -1.000000000000000000 ) ) ;
#87 = CYLINDRICAL_SURFACE ( 'NONE', #302, 2.000000000000000000 ) ;
#88 = ORIENTED_EDGE ( 'NONE', *, *, #695, .T. ) ;
#89 = DIRECTION ( 'NONE',  ( 0.000000000000000000, -1.000000000000000000, 0.000000000000000000 ) ) ;
#90 = EDGE_LOOP ( 'NONE', ( #365, #485, #626, #1782, #454, #1300, #1762, #1508 ) ) ;
#91 = ORIENTED_EDGE ( 'NONE', *, *, #788, .F. ) ;
#92 = EDGE_CURVE ( 'NONE', #420, #1316, #1724, .T. ) ;
#93 = DIRECTION ( 'NONE',  ( 0.000000000000000000, 0.000000000000000000, -1.000000000000000000 ) ) ;
#94 = DIRECTION ( 'NONE',  ( 0.000000000000000000, -1.000000000000000000, 0.000000000000000000 ) ) ;
#95 = EDGE_LOOP ( 'NONE', ( #1195, #910, #320, #575 ) ) ;
#96 = APPLICATION_PROTOCOL_DEFINITION ( 'draft international standard', 'automotive_design', 1998, #1361 ) ;
#97 = CARTESIAN_POINT ( 'NONE',  ( -45.82854092026046544, 8.599999999999999645, 20.01796683128186771 ) ) ;
#98 = DIRECTION ( 'NONE',  ( 0.000000000000000000, 0.000000000000000000, 1.000000000000000000 ) ) ;
#99 = CYLINDRICAL_SURFACE ( 'NONE', #1046, 2.000000000000000000 ) ;
#100 = CIRCLE ( 'NONE', #1362, 1.100000000000000311 ) ;
#101 = ORIENTED_EDGE ( 'NONE', *, *, #241, .F. ) ;
#102 = ORIENTED_EDGE ( 'NONE', *, *, #695, .F. ) ;
#103 = AXIS2_PLACEMENT_3D ( 'NONE', #42, #1475, #1487 ) ;
#104 = AXIS2_PLACEMENT_3D ( 'NONE', #1328, #31, #1750 ) ;
#105 = EDGE_CURVE ( 'NONE', #1087, #584, #876, .T. ) ;
#106 = VECTOR ( 'NONE', #1413, 1000.000000000000000 ) ;
#107 = CARTESIAN_POINT ( 'NONE',  ( -12.82854092026047788, 3.000000000000000000, -27.48203316871812874 ) ) ;
#108 = CIRCLE ( 'NONE', #1746, 2.000000000000000000 ) ;
#109 = DIRECTION ( 'NONE',  ( 0.000000000000000000, 0.000000000000000000, 1.000000000000000000 ) ) ;
#110 = CARTESIAN_POINT ( 'NONE',  ( 51.17145907973952745, 0.000000000000000000, 17.01796683128185705 ) ) ;
#111 = DIRECTION ( 'NONE',  ( 0.000000000000000000, 0.000000000000000000, 1.000000000000000000 ) ) ;
#112 = EDGE_LOOP ( 'NONE', ( #1694, #820 ) ) ;
#113 = ORIENTED_EDGE ( 'NONE', *, *, #549, .T. ) ;
#114 = EDGE_LOOP ( 'NONE', ( #245, #701, #1141, #1394 ) ) ;
#115 = EDGE_CURVE ( 'NONE', #1502, #1635, #1294, .T. ) ;
#116 = FACE_OUTER_BOUND ( 'NONE', #942, .T. ) ;
#117 = DIRECTION ( 'NONE',  ( 0.000000000000000000, 0.000000000000000000, -1.000000000000000000 ) ) ;
#118 = DIRECTION ( 'NONE',  ( 0.000000000000000000, 0.000000000000000000, -1.000000000000000000 ) ) ;
#119 = EDGE_LOOP ( 'NONE', ( #1092, #1828, #543, #1185 ) ) ;
#120 = ORIENTED_EDGE ( 'NONE', *, *, #1506, .T. ) ;
#121 = CARTESIAN_POINT ( 'NONE',  ( -1.700620124022944601, 8.599999999999999645, 10.31902871037429037 ) ) ;
#122 = PLANE ( 'NONE',  #744 ) ;
#123 = EDGE_LOOP ( 'NONE', ( #289, #793, #1075, #1535 ) ) ;
#124 = LINE ( 'NONE', #163, #1604 ) ;
#125 = EDGE_CURVE ( 'NONE', #55, #1314, #429, .T. ) ;
#126 = ORIENTED_EDGE ( 'NONE', *, *, #1157, .F. ) ;
#127 = ORIENTED_EDGE ( 'NONE', *, *, #1131, .T. ) ;
#128 = VECTOR ( 'NONE', #599, 1000.000000000000000 ) ;
#129 = CIRCLE ( 'NONE', #745, 1.100000000000000311 ) ;
#130 = DIRECTION ( 'NONE',  ( 0.000000000000000000, 1.000000000000000000, -0.000000000000000000 ) ) ;
#131 = AXIS2_PLACEMENT_3D ( 'NONE', #789, #1229, #649 ) ;
#132 = LINE ( 'NONE', #291, #491 ) ;
#133 = CARTESIAN_POINT ( 'NONE',  ( 25.67145907973953101, 3.000000000000000000, -12.71289677044096322 ) ) ;
#134 = EDGE_CURVE ( 'NONE', #1770, #595, #1855, .T. ) ;
#135 = CARTESIAN_POINT ( 'NONE',  ( 49.67145907973954166, 1.000000000000000000, -2.482033168718152272 ) ) ;
#136 = VERTEX_POINT ( 'NONE', #1588 ) ;
#137 = EDGE_CURVE ( 'NONE', #1116, #529, #740, .T. ) ;
#138 = DIRECTION ( 'NONE',  ( 0.000000000000000000, 1.000000000000000000, 0.000000000000000000 ) ) ;
#139 = DIRECTION ( 'NONE',  ( -0.000000000000000000, -1.000000000000000000, -0.000000000000000000 ) ) ;
#140 = CARTESIAN_POINT ( 'NONE',  ( -48.82854092026047255, 4.300000000000001599, -28.98203316871812163 ) ) ;
#141 = DIRECTION ( 'NONE',  ( 0.000000000000000000, 0.000000000000000000, 1.000000000000000000 ) ) ;
#142 = ORIENTED_EDGE ( 'NONE', *, *, #469, .T. ) ;
#143 = EDGE_CURVE ( 'NONE', #468, #1614, #475, .T. ) ;
#144 = EDGE_LOOP ( 'NONE', ( #1601, #1125, #384, #603 ) ) ;
#145 = EDGE_CURVE ( 'NONE', #1393, #346, #645, .T. ) ;
#146 = CARTESIAN_POINT ( 'NONE',  ( 34.93141406157385376, 4.300000000000001599, 10.31902871037429570 ) ) ;
#147 = LINE ( 'NONE', #442, #458 ) ;
#148 = EDGE_LOOP ( 'NONE', ( #211, #142, #1264, #1226 ) ) ;
#149 = DIRECTION ( 'NONE',  ( -1.000000000000000000, 0.000000000000000000, 0.000000000000000000 ) ) ;
#150 = ORIENTED_EDGE ( 'NONE', *, *, #1188, .T. ) ;
#151 = ADVANCED_FACE ( 'NONE', ( #1221 ), #1053, .F. ) ;
#152 = DIRECTION ( 'NONE',  ( -0.000000000000000000, -1.000000000000000000, -0.000000000000000000 ) ) ;
#153 = VECTOR ( 'NONE', #728, 1000.000000000000000 ) ;
#154 = CIRCLE ( 'NONE', #1186, 2.000000000000000000 ) ;
#155 = LINE ( 'NONE', #1341, #1480 ) ;
#156 = ORIENTED_EDGE ( 'NONE', *, *, #1606, .F. ) ;
#157 = VECTOR ( 'NONE', #152, 1000.000000000000000 ) ;
#158 = CIRCLE ( 'NONE', #1253, 1.100000000000000311 ) ;
#159 = CARTESIAN_POINT ( 'NONE',  ( -47.32854092026047965, 0.000000000000000000, -28.48203316871813584 ) ) ;
#160 = VERTEX_POINT ( 'NONE', #1649 ) ;
#161 = CIRCLE ( 'NONE', #131, 1.100000000000000311 ) ;
#162 = DIRECTION ( 'NONE',  ( 0.000000000000000000, 0.000000000000000000, -1.000000000000000000 ) ) ;
#163 = CARTESIAN_POINT ( 'NONE',  ( -16.32854092026047610, 3.000000000000000000, -9.982033168718128735 ) ) ;
#164 = PLANE ( 'NONE',  #716 ) ;
#165 = DIRECTION ( 'NONE',  ( 1.000000000000000000, 0.000000000000000000, 3.469446951953614682E-16 ) ) ;
#166 = CYLINDRICAL_SURFACE ( 'NONE', #776, 1.100000000000000311 ) ;
#167 = ADVANCED_FACE ( 'NONE', ( #44 ), #1768, .F. ) ;
#168 = CARTESIAN_POINT ( 'NONE',  ( -12.82854092026047788, 3.000000000000000000, 15.51796683128187126 ) ) ;
#169 = VERTEX_POINT ( 'NONE', #1477 ) ;
#170 = ORIENTED_EDGE ( 'NONE', *, *, #1553, .F. ) ;
#171 = DIRECTION ( 'NONE',  ( 0.000000000000000000, 0.000000000000000000, -1.000000000000000000 ) ) ;
#172 = FACE_OUTER_BOUND ( 'NONE', #1156, .T. ) ;
#173 = DIRECTION ( 'NONE',  ( 0.000000000000000000, 0.000000000000000000, 1.000000000000000000 ) ) ;
#174 = CARTESIAN_POINT ( 'NONE',  ( 39.17145907973952745, 8.599999999999999645, -27.48203316871813229 ) ) ;
#175 = FACE_OUTER_BOUND ( 'NONE', #982, .T. ) ;
#176 = EDGE_CURVE ( 'NONE', #1211, #1687, #1760, .T. ) ;
#177 = ORIENTED_EDGE ( 'NONE', *, *, #1797, .F. ) ;
#178 = VERTEX_POINT ( 'NONE', #1612 ) ;
#179 = DIRECTION ( 'NONE',  ( 0.000000000000000000, 1.000000000000000000, 0.000000000000000000 ) ) ;
#180 = CARTESIAN_POINT ( 'NONE',  ( 39.17145907973952745, 3.000000000000000000, -26.38203316871813087 ) ) ;
#181 = AXIS2_PLACEMENT_3D ( 'NONE', #915, #322, #1642 ) ;
#182 = LINE ( 'NONE', #1458, #340 ) ;
#183 = VECTOR ( 'NONE', #805, 1000.000000000000000 ) ;
#184 = DIRECTION ( 'NONE',  ( 0.000000000000000000, -1.000000000000000000, 0.000000000000000000 ) ) ;
#185 = AXIS2_PLACEMENT_3D ( 'NONE', #1409, #1578, #1845 ) ;
#186 = DIRECTION ( 'NONE',  ( 1.000000000000000000, -0.000000000000000000, 1.073024830501117676E-16 ) ) ;
#187 = VERTEX_POINT ( 'NONE', #1194 ) ;
#188 = CIRCLE ( 'NONE', #1836, 2.000000000000000000 ) ;
#189 = ADVANCED_FACE ( 'NONE', ( #777 ), #1343, .F. ) ;
#190 = EDGE_LOOP ( 'NONE', ( #216, #1844, #998, #571 ) ) ;
#191 = AXIS2_PLACEMENT_3D ( 'NONE', #954, #337, #1516 ) ;
#192 = EDGE_CURVE ( 'NONE', #1786, #178, #1448, .T. ) ;
#193 = DIRECTION ( 'NONE',  ( 0.000000000000000000, -1.000000000000000000, 0.000000000000000000 ) ) ;
#194 = CARTESIAN_POINT ( 'NONE',  ( 25.67145907973953101, 3.000000000000000000, -9.712896770440963223 ) ) ;
#195 = DIRECTION ( 'NONE',  ( 0.000000000000000000, 1.000000000000000000, -0.000000000000000000 ) ) ;
#196 = CARTESIAN_POINT ( 'NONE',  ( 51.17145907973952745, 1.000000000000000000, 4.317966831281869311 ) ) ;
#197 = DIRECTION ( 'NONE',  ( 0.000000000000000000, 1.000000000000000000, 0.000000000000000000 ) ) ;
#198 = VERTEX_POINT ( 'NONE', #1184 ) ;
#199 = ORIENTED_EDGE ( 'NONE', *, *, #817, .T. ) ;
#200 = ADVANCED_FACE ( 'NONE', ( #175 ), #622, .F. ) ;
#201 = FILL_AREA_STYLE_COLOUR ( '', #994 ) ;
#202 = APPLICATION_CONTEXT ( 'automotive_design' ) ;
#203 = DIRECTION ( 'NONE',  ( -0.000000000000000000, -0.000000000000000000, 1.000000000000000000 ) ) ;
#204 = DIRECTION ( 'NONE',  ( 0.000000000000000000, 0.000000000000000000, -1.000000000000000000 ) ) ;
#205 = ORIENTED_EDGE ( 'NONE', *, *, #143, .T. ) ;
#206 = DIRECTION ( 'NONE',  ( 0.000000000000000000, 0.000000000000000000, -1.000000000000000000 ) ) ;
#207 = CARTESIAN_POINT ( 'NONE',  ( 49.67145907973953456, 0.000000000000000000, -30.48203316871812874 ) ) ;
#208 = VERTEX_POINT ( 'NONE', #1468 ) ;
#209 = DIRECTION ( 'NONE',  ( 0.000000000000000000, 1.000000000000000000, 0.000000000000000000 ) ) ;
#210 = ORIENTED_EDGE ( 'NONE', *, *, #872, .T. ) ;
#211 = ORIENTED_EDGE ( 'NONE', *, *, #545, .F. ) ;
#212 = CARTESIAN_POINT ( 'NONE',  ( 49.67145907973953456, 3.000000000000000000, -30.48203316871812874 ) ) ;
#213 = CARTESIAN_POINT ( 'NONE',  ( 39.17145907973952745, 3.000000000000000000, 16.61796683128186913 ) ) ;
#214 = EDGE_CURVE ( 'NONE', #420, #1794, #650, .T. ) ;
#215 = CARTESIAN_POINT ( 'NONE',  ( -12.82854092026047788, 8.599999999999999645, 16.61796683128187269 ) ) ;
#216 = ORIENTED_EDGE ( 'NONE', *, *, #252, .T. ) ;
#217 = VECTOR ( 'NONE', #293, 1000.000000000000000 ) ;
#218 = DIRECTION ( 'NONE',  ( 0.000000000000000000, 0.000000000000000000, 1.000000000000000000 ) ) ;
#219 = VECTOR ( 'NONE', #1464, 1000.000000000000000 ) ;
#220 = ORIENTED_EDGE ( 'NONE', *, *, #1520, .F. ) ;
#221 = DIRECTION ( 'NONE',  ( -0.000000000000000000, -1.000000000000000000, -0.000000000000000000 ) ) ;
#222 = AXIS2_PLACEMENT_3D ( 'NONE', #107, #74, #945 ) ;
#223 = VERTEX_POINT ( 'NONE', #483 ) ;
#224 = VERTEX_POINT ( 'NONE', #1071 ) ;
#225 = AXIS2_PLACEMENT_3D ( 'NONE', #657, #669, #1224 ) ;
#226 = FACE_BOUND ( 'NONE', #1500, .T. ) ;
#227 = DIRECTION ( 'NONE',  ( 0.000000000000000000, 1.000000000000000000, -0.000000000000000000 ) ) ;
#228 = CARTESIAN_POINT ( 'NONE',  ( -45.82854092026046544, 8.599999999999999645, 17.01796683128186771 ) ) ;
#229 = CARTESIAN_POINT ( 'NONE',  ( -16.32854092026047610, 8.599999999999999645, -14.98203316871812874 ) ) ;
#230 = EDGE_LOOP ( 'NONE', ( #563, #586, #1178, #150, #778, #399, #1623, #1766 ) ) ;
#231 = PLANE ( 'NONE',  #257 ) ;
#232 = EDGE_CURVE ( 'NONE', #1325, #1363, #343, .T. ) ;
#233 = EDGE_LOOP ( 'NONE', ( #269, #1324, #729, #250, #1744, #366, #668, #1492 ) ) ;
#234 = ORIENTED_EDGE ( 'NONE', *, *, #1481, .F. ) ;
#235 = PLANE ( 'NONE',  #774 ) ;
#236 = CARTESIAN_POINT ( 'NONE',  ( 35.93141406157385376, 3.000000000000000000, 9.319028710374293922 ) ) ;
#237 = CYLINDRICAL_SURFACE ( 'NONE', #63, 2.000000000000000000 ) ;
#238 = DIRECTION ( 'NONE',  ( -0.000000000000000000, -0.000000000000000000, -1.000000000000000000 ) ) ;
#239 = VERTEX_POINT ( 'NONE', #1330 ) ;
#240 = DIRECTION ( 'NONE',  ( 0.000000000000000000, -1.000000000000000000, 0.000000000000000000 ) ) ;
#241 = EDGE_CURVE ( 'NONE', #1314, #208, #249, .T. ) ;
#242 = VERTEX_POINT ( 'NONE', #35 ) ;
#243 = LINE ( 'NONE', #1215, #894 ) ;
#244 = CARTESIAN_POINT ( 'NONE',  ( 34.93141406157385376, 3.000000000000000000, 16.71839037503022851 ) ) ;
#245 = ORIENTED_EDGE ( 'NONE', *, *, #145, .T. ) ;
#246 = DIRECTION ( 'NONE',  ( 0.000000000000000000, 0.000000000000000000, 1.000000000000000000 ) ) ;
#247 = LINE ( 'NONE', #816, #1569 ) ;
#248 = FACE_OUTER_BOUND ( 'NONE', #1668, .T. ) ;
#249 = CIRCLE ( 'NONE', #526, 2.999999999999999112 ) ;
#250 = ORIENTED_EDGE ( 'NONE', *, *, #790, .F. ) ;
#251 = EDGE_LOOP ( 'NONE', ( #1799, #1587, #1583, #542, #1510, #829, #14, #298 ) ) ;
#252 = EDGE_CURVE ( 'NONE', #198, #1732, #1509, .T. ) ;
#253 = CIRCLE ( 'NONE', #66, 1.100000000000000311 ) ;
#254 = DIRECTION ( 'NONE',  ( -6.938893903907229364E-16, 0.000000000000000000, -1.000000000000000000 ) ) ;
#255 = VECTOR ( 'NONE', #1283, 1000.000000000000000 ) ;
#256 = EDGE_CURVE ( 'NONE', #1196, #1669, #1658, .T. ) ;
#257 = AXIS2_PLACEMENT_3D ( 'NONE', #1532, #819, #1244 ) ;
#258 = CARTESIAN_POINT ( 'NONE',  ( -14.32854092026047432, 8.599999999999999645, -9.982033168718128735 ) ) ;
#259 = DIRECTION ( 'NONE',  ( -0.000000000000000000, -1.000000000000000000, -0.000000000000000000 ) ) ;
#260 = CARTESIAN_POINT ( 'NONE',  ( 47.67145907973952745, 3.000000000000000000, 16.51796683128186416 ) ) ;
#261 = DIRECTION ( 'NONE',  ( -0.000000000000000000, -1.000000000000000000, 0.000000000000000000 ) ) ;
#262 = ORIENTED_EDGE ( 'NONE', *, *, #1121, .F. ) ;
#263 = ADVANCED_BREP_SHAPE_REPRESENTATION ( 'shell_2_1', ( #1295, #39 ), #1662 ) ;
#264 = EDGE_CURVE ( 'NONE', #160, #941, #784, .T. ) ;
#265 = CARTESIAN_POINT ( 'NONE',  ( -48.82854092026047255, 8.599999999999999645, -31.98203316871812874 ) ) ;
#266 = DIRECTION ( 'NONE',  ( -0.000000000000000000, -1.000000000000000000, -0.000000000000000000 ) ) ;
#267 = DIRECTION ( 'NONE',  ( 0.000000000000000000, 0.000000000000000000, 1.000000000000000000 ) ) ;
#268 = CARTESIAN_POINT ( 'NONE',  ( 23.67145907973953456, 3.000000000000000000, -11.71289677044096322 ) ) ;
#269 = ORIENTED_EDGE ( 'NONE', *, *, #241, .T. ) ;
#270 = ORIENTED_EDGE ( 'NONE', *, *, #455, .F. ) ;
#271 = ADVANCED_FACE ( 'NONE', ( #53 ), #494, .F. ) ;
#272 = LINE ( 'NONE', #1838, #1424 ) ;
#273 = CARTESIAN_POINT ( 'NONE',  ( 48.17145907973952745, 0.000000000000000000, -31.98203316871812874 ) ) ;
#274 = EDGE_CURVE ( 'NONE', #187, #18, #247, .T. ) ;
#275 = CARTESIAN_POINT ( 'NONE',  ( 39.17145907973952745, 8.599999999999999645, 16.61796683128186913 ) ) ;
#276 = ORIENTED_EDGE ( 'NONE', *, *, #830, .T. ) ;
#277 = VECTOR ( 'NONE', #977, 1000.000000000000000 ) ;
#278 = VERTEX_POINT ( 'NONE', #1791 ) ;
#279 = AXIS2_PLACEMENT_3D ( 'NONE', #1790, #1549, #86 ) ;
#280 = AXIS2_PLACEMENT_3D ( 'NONE', #1369, #851, #1688 ) ;
#281 = CARTESIAN_POINT ( 'NONE',  ( 51.17145907973952745, 8.599999999999999645, -28.98203316871813229 ) ) ;
#282 = AXIS2_PLACEMENT_3D ( 'NONE', #1699, #714, #755 ) ;
#283 = LINE ( 'NONE', #1440, #1077 ) ;
#284 = VERTEX_POINT ( 'NONE', #969 ) ;
#285 = DIRECTION ( 'NONE',  ( 0.000000000000000000, 0.000000000000000000, -1.000000000000000000 ) ) ;
#286 = CARTESIAN_POINT ( 'NONE',  ( -45.32854092026047965, 3.000000000000000000, -28.48203316871813584 ) ) ;
#287 = ADVANCED_FACE ( 'NONE', ( #1684 ), #77, .F. ) ;
#288 = ORIENTED_EDGE ( 'NONE', *, *, #1609, .F. ) ;
#289 = ORIENTED_EDGE ( 'NONE', *, *, #1151, .T. ) ;
#290 = DIRECTION ( 'NONE',  ( -0.000000000000000000, 1.000000000000000000, -0.000000000000000000 ) ) ;
#291 = CARTESIAN_POINT ( 'NONE',  ( -16.32854092026047610, 3.000000000000000000, -14.98203316871812874 ) ) ;
#292 = DIRECTION ( 'NONE',  ( 0.000000000000000000, 0.000000000000000000, 1.000000000000000000 ) ) ;
#293 = DIRECTION ( 'NONE',  ( -0.000000000000000000, 1.000000000000000000, -0.000000000000000000 ) ) ;
#294 = ORIENTED_EDGE ( 'NONE', *, *, #1048, .T. ) ;
#295 = ADVANCED_FACE ( 'NONE', ( #1538 ), #1557, .F. ) ;
#296 = LINE ( 'NONE', #1065, #890 ) ;
#297 = FACE_OUTER_BOUND ( 'NONE', #1306, .T. ) ;
#298 = ORIENTED_EDGE ( 'NONE', *, *, #1085, .F. ) ;
#299 = ORIENTED_EDGE ( 'NONE', *, *, #594, .F. ) ;
#300 = ORIENTED_EDGE ( 'NONE', *, *, #972, .T. ) ;
#301 = VERTEX_POINT ( 'NONE', #1373 ) ;
#302 = AXIS2_PLACEMENT_3D ( 'NONE', #1823, #1529, #988 ) ;
#303 = CARTESIAN_POINT ( 'NONE',  ( -45.32854092026047965, 3.000000000000000000, 16.51796683128185350 ) ) ;
#304 = AXIS2_PLACEMENT_3D ( 'NONE', #1122, #1537, #505 ) ;
#305 = EDGE_CURVE ( 'NONE', #1773, #779, #769, .T. ) ;
#306 = DIRECTION ( 'NONE',  ( 0.000000000000000000, 1.000000000000000000, -0.000000000000000000 ) ) ;
#307 = AXIS2_PLACEMENT_3D ( 'NONE', #857, #1433, #434 ) ;
#308 = DIRECTION ( 'NONE',  ( 0.000000000000000000, 0.000000000000000000, -1.000000000000000000 ) ) ;
#309 = ORIENTED_EDGE ( 'NONE', *, *, #1795, .F. ) ;
#310 = VECTOR ( 'NONE', #1230, 1000.000000000000000 ) ;
#311 = CARTESIAN_POINT ( 'NONE',  ( -2.700620124022945490, 4.300000000000001599, 10.31902871037429037 ) ) ;
#312 = AXIS2_PLACEMENT_3D ( 'NONE', #1816, #1667, #530 ) ;
#313 = FACE_OUTER_BOUND ( 'NONE', #1068, .T. ) ;
#314 = EDGE_LOOP ( 'NONE', ( #1114, #477, #1613, #879 ) ) ;
#315 = AXIS2_PLACEMENT_3D ( 'NONE', #174, #341, #1311 ) ;
#316 = CARTESIAN_POINT ( 'NONE',  ( 25.67145907973953101, 3.000000000000000000, -12.71289677044096322 ) ) ;
#317 = DIRECTION ( 'NONE',  ( -0.000000000000000000, 1.000000000000000000, -0.000000000000000000 ) ) ;
#318 = EDGE_CURVE ( 'NONE', #1614, #169, #1254, .T. ) ;
#319 = DIRECTION ( 'NONE',  ( 1.000000000000000000, -0.000000000000000000, -0.000000000000000000 ) ) ;
#320 = ORIENTED_EDGE ( 'NONE', *, *, #1096, .F. ) ;
#321 = DIRECTION ( 'NONE',  ( 0.000000000000000000, 1.000000000000000000, -0.000000000000000000 ) ) ;
#322 = DIRECTION ( 'NONE',  ( 1.000000000000000000, -0.000000000000000000, 1.416100796715761110E-16 ) ) ;
#323 = ORIENTED_EDGE ( 'NONE', *, *, #1431, .F. ) ;
#324 = EDGE_LOOP ( 'NONE', ( #394, #766, #64, #120, #832, #467, #344, #519 ) ) ;
#325 = ORIENTED_EDGE ( 'NONE', *, *, #830, .F. ) ;
#326 = CARTESIAN_POINT ( 'NONE',  ( -1.700620124022945490, 4.300000000000001599, 15.71839037503022496 ) ) ;
#327 = CARTESIAN_POINT ( 'NONE',  ( 35.93141406157385376, 3.000000000000000000, 9.319028710374293922 ) ) ;
#328 = LINE ( 'NONE', #913, #1772 ) ;
#329 = EDGE_CURVE ( 'NONE', #1531, #1258, #1232, .T. ) ;
#330 = DIRECTION ( 'NONE',  ( -0.000000000000000000, 1.000000000000000000, -0.000000000000000000 ) ) ;
#331 = DIRECTION ( 'NONE',  ( -0.000000000000000000, -1.000000000000000000, 0.000000000000000000 ) ) ;
#332 = ORIENTED_EDGE ( 'NONE', *, *, #115, .T. ) ;
#333 = EDGE_CURVE ( 'NONE', #208, #652, #961, .T. ) ;
#334 = ORIENTED_EDGE ( 'NONE', *, *, #780, .T. ) ;
#335 = EDGE_LOOP ( 'NONE', ( #1659, #1132, #294, #1666 ) ) ;
#336 = LINE ( 'NONE', #457, #1252 ) ;
#337 = DIRECTION ( 'NONE',  ( 0.000000000000000000, 1.000000000000000000, 0.000000000000000000 ) ) ;
#338 = VECTOR ( 'NONE', #1210, 1000.000000000000000 ) ;
#339 = DIRECTION ( 'NONE',  ( 1.000000000000000000, 0.000000000000000000, 8.980751402542323212E-17 ) ) ;
#340 = VECTOR ( 'NONE', #319, 1000.000000000000000 ) ;
#341 = DIRECTION ( 'NONE',  ( -0.000000000000000000, -1.000000000000000000, -0.000000000000000000 ) ) ;
#342 = CIRCLE ( 'NONE', #222, 1.100000000000000311 ) ;
#343 = LINE ( 'NONE', #765, #1596 ) ;
#344 = ORIENTED_EDGE ( 'NONE', *, *, #860, .F. ) ;
#345 = VECTOR ( 'NONE', #727, 1000.000000000000000 ) ;
#346 = VERTEX_POINT ( 'NONE', #699 ) ;
#347 = ADVANCED_FACE ( 'NONE', ( #1522 ), #87, .F. ) ;
#348 = ORIENTED_EDGE ( 'NONE', *, *, #40, .F. ) ;
#349 = CIRCLE ( 'NONE', #1405, 1.000000000000000888 ) ;
#350 = DIRECTION ( 'NONE',  ( -0.000000000000000000, 1.000000000000000000, -0.000000000000000000 ) ) ;
#351 = CARTESIAN_POINT ( 'NONE',  ( -45.32854092026047965, 0.000000000000000000, -30.48203316871813939 ) ) ;
#352 = DIRECTION ( 'NONE',  ( 0.000000000000000000, 0.000000000000000000, -1.000000000000000000 ) ) ;
#353 = DIRECTION ( 'NONE',  ( -1.000000000000000000, 0.000000000000000000, 0.000000000000000000 ) ) ;
#354 = ORIENTED_EDGE ( 'NONE', *, *, #105, .T. ) ;
#355 = ORIENTED_EDGE ( 'NONE', *, *, #256, .F. ) ;
#356 = VERTEX_POINT ( 'NONE', #547 ) ;
#357 = VERTEX_POINT ( 'NONE', #417 ) ;
#358 = EDGE_CURVE ( 'NONE', #356, #1718, #675, .T. ) ;
#359 =( NAMED_UNIT ( * ) SI_UNIT ( $, .STERADIAN. ) SOLID_ANGLE_UNIT ( ) );
#360 = CARTESIAN_POINT ( 'NONE',  ( 49.67145907973953456, 0.000000000000000000, -28.48203316871812518 ) ) ;
#361 = CARTESIAN_POINT ( 'NONE',  ( -13.32854092026047610, 8.599999999999999645, -11.98203316871812696 ) ) ;
#362 = DIRECTION ( 'NONE',  ( 1.000000000000000000, 0.000000000000000000, -0.000000000000000000 ) ) ;
#363 = ORIENTED_EDGE ( 'NONE', *, *, #1269, .T. ) ;
#364 = DIRECTION ( 'NONE',  ( 0.000000000000000000, -1.000000000000000000, 0.000000000000000000 ) ) ;
#365 = ORIENTED_EDGE ( 'NONE', *, *, #1333, .F. ) ;
#366 = ORIENTED_EDGE ( 'NONE', *, *, #406, .F. ) ;
#367 = ORIENTED_EDGE ( 'NONE', *, *, #232, .F. ) ;
#368 = EDGE_CURVE ( 'NONE', #451, #908, #1801, .T. ) ;
#369 =( NAMED_UNIT ( * ) PLANE_ANGLE_UNIT ( ) SI_UNIT ( $, .RADIAN. ) );
#370 = FACE_OUTER_BOUND ( 'NONE', #123, .T. ) ;
#371 = EDGE_CURVE ( 'NONE', #926, #584, #1267, .T. ) ;
#372 = DIRECTION ( 'NONE',  ( -0.000000000000000000, -1.000000000000000000, -0.000000000000000000 ) ) ;
#373 = AXIS2_PLACEMENT_3D ( 'NONE', #260, #388, #98 ) ;
#374 = DIRECTION ( 'NONE',  ( -1.000000000000000000, -0.000000000000000000, -0.000000000000000000 ) ) ;
#375 = VECTOR ( 'NONE', #1411, 1000.000000000000000 ) ;
#376 = EDGE_LOOP ( 'NONE', ( #425, #1832, #75, #1320 ) ) ;
#377 = LINE ( 'NONE', #80, #1143 ) ;
#378 = AXIS2_PLACEMENT_3D ( 'NONE', #1031, #1607, #881 ) ;
#379 = VERTEX_POINT ( 'NONE', #110 ) ;
#380 = CIRCLE ( 'NONE', #692, 1.000000000000000888 ) ;
#381 = AXIS2_PLACEMENT_3D ( 'NONE', #504, #1120, #1089 ) ;
#382 = CARTESIAN_POINT ( 'NONE',  ( 34.93141406157385376, 5.599999999999999645, 9.319028710374293922 ) ) ;
#383 = LINE ( 'NONE', #1119, #1546 ) ;
#384 = ORIENTED_EDGE ( 'NONE', *, *, #143, .F. ) ;
#385 =( NAMED_UNIT ( * ) SI_UNIT ( $, .STERADIAN. ) SOLID_ANGLE_UNIT ( ) );
#386 = ADVANCED_FACE ( 'NONE', ( #1550 ), #1665, .F. ) ;
#387 = CARTESIAN_POINT ( 'NONE',  ( 23.67145907973953456, 3.000000000000000000, -14.71289677044096322 ) ) ;
#388 = DIRECTION ( 'NONE',  ( 0.000000000000000000, 1.000000000000000000, 0.000000000000000000 ) ) ;
#389 = EDGE_LOOP ( 'NONE', ( #1011, #850, #440, #604 ) ) ;
#390 = CARTESIAN_POINT ( 'NONE',  ( 49.67145907973952745, 3.000000000000000000, 16.51796683128186416 ) ) ;
#391 = EDGE_LOOP ( 'NONE', ( #334, #1054, #409, #1414 ) ) ;
#392 = SURFACE_STYLE_USAGE ( .BOTH. , #1365 ) ;
#393 = CARTESIAN_POINT ( 'NONE',  ( -45.82854092026047255, 0.000000000000000000, -28.98203316871813229 ) ) ;
#394 = ORIENTED_EDGE ( 'NONE', *, *, #1771, .F. ) ;
#395 = DIRECTION ( 'NONE',  ( 0.000000000000000000, 1.000000000000000000, 0.000000000000000000 ) ) ;
#396 = CARTESIAN_POINT ( 'NONE',  ( -14.32854092026047432, 8.599999999999999645, -11.98203316871812874 ) ) ;
#397 = EDGE_CURVE ( 'NONE', #838, #1245, #1273, .T. ) ;
#398 = LINE ( 'NONE', #1539, #1370 ) ;
#399 = ORIENTED_EDGE ( 'NONE', *, *, #252, .F. ) ;
#400 = EDGE_CURVE ( 'NONE', #1103, #160, #847, .T. ) ;
#401 = EDGE_LOOP ( 'NONE', ( #1, #786, #288, #1472, #870, #863, #91, #1792 ) ) ;
#402 = FACE_OUTER_BOUND ( 'NONE', #670, .T. ) ;
#403 = FACE_OUTER_BOUND ( 'NONE', #376, .T. ) ;
#404 = CARTESIAN_POINT ( 'NONE',  ( -1.700620124022944379, 3.000000000000000000, 9.319028710374288593 ) ) ;
#405 = CYLINDRICAL_SURFACE ( 'NONE', #722, 1.000000000000000888 ) ;
#406 = EDGE_CURVE ( 'NONE', #908, #1678, #1675, .T. ) ;
#407 = VECTOR ( 'NONE', #1287, 1000.000000000000000 ) ;
#408 = ORIENTED_EDGE ( 'NONE', *, *, #1005, .T. ) ;
#409 = ORIENTED_EDGE ( 'NONE', *, *, #1431, .T. ) ;
#410 = AXIS2_PLACEMENT_3D ( 'NONE', #1372, #1402, #109 ) ;
#411 = DIRECTION ( 'NONE',  ( -1.416100796715761110E-16, 0.000000000000000000, 1.000000000000000000 ) ) ;
#412 = EDGE_CURVE ( 'NONE', #1363, #284, #707, .T. ) ;
#413 = AXIS2_PLACEMENT_3D ( 'NONE', #544, #1562, #1851 ) ;
#414 = VECTOR ( 'NONE', #648, 1000.000000000000000 ) ;
#415 = CARTESIAN_POINT ( 'NONE',  ( -47.32854092026047965, 3.000000000000000000, -28.48203316871813584 ) ) ;
#416 = DIRECTION ( 'NONE',  ( -4.625929269271486900E-15, 0.000000000000000000, 1.000000000000000000 ) ) ;
#417 = CARTESIAN_POINT ( 'NONE',  ( -16.32854092026047610, 4.300000000000001599, -11.98203316871812874 ) ) ;
#418 = CARTESIAN_POINT ( 'NONE',  ( 47.67145907973952745, 3.000000000000000000, 16.51796683128186416 ) ) ;
#419 = ORIENTED_EDGE ( 'NONE', *, *, #1715, .T. ) ;
#420 = VERTEX_POINT ( 'NONE', #1240 ) ;
#421 = EDGE_CURVE ( 'NONE', #1130, #753, #1331, .T. ) ;
#422 = CARTESIAN_POINT ( 'NONE',  ( 48.17145907973952745, 8.599999999999999645, -31.98203316871812874 ) ) ;
#423 = CARTESIAN_POINT ( 'NONE',  ( 25.67145907973953456, 4.300000000000001599, -12.71289677044096322 ) ) ;
#424 = DIRECTION ( 'NONE',  ( 0.000000000000000000, 1.000000000000000000, -0.000000000000000000 ) ) ;
#425 = ORIENTED_EDGE ( 'NONE', *, *, #176, .T. ) ;
#426 = EDGE_CURVE ( 'NONE', #1407, #787, #947, .T. ) ;
#427 = CARTESIAN_POINT ( 'NONE',  ( -12.82854092026047788, 3.000000000000000000, -27.48203316871812874 ) ) ;
#428 = ORIENTED_EDGE ( 'NONE', *, *, #1445, .T. ) ;
#429 = LINE ( 'NONE', #1020, #556 ) ;
#430 = ORIENTED_EDGE ( 'NONE', *, *, #1574, .F. ) ;
#431 = AXIS2_PLACEMENT_3D ( 'NONE', #229, #518, #1137 ) ;
#432 = AXIS2_PLACEMENT_3D ( 'NONE', #1434, #139, #733 ) ;
#433 = VECTOR ( 'NONE', #290, 1000.000000000000000 ) ;
#434 = DIRECTION ( 'NONE',  ( 1.000000000000000000, 0.000000000000000000, 3.469446951953614189E-16 ) ) ;
#435 = AXIS2_PLACEMENT_3D ( 'NONE', #268, #306, #617 ) ;
#436 = AXIS2_PLACEMENT_3D ( 'NONE', #783, #1489, #1641 ) ;
#437 = DIRECTION ( 'NONE',  ( 0.000000000000000000, 1.000000000000000000, -0.000000000000000000 ) ) ;
#438 = ADVANCED_FACE ( 'NONE', ( #987 ), #1521, .F. ) ;
#439 = DIRECTION ( 'NONE',  ( 0.000000000000000000, 0.000000000000000000, -1.000000000000000000 ) ) ;
#440 = ORIENTED_EDGE ( 'NONE', *, *, #1069, .T. ) ;
#441 = LINE ( 'NONE', #1585, #1305 ) ;
#442 = CARTESIAN_POINT ( 'NONE',  ( -14.32854092026047432, 3.000000000000000000, -14.98203316871812874 ) ) ;
#443 = CARTESIAN_POINT ( 'NONE',  ( 35.93141406157385376, 4.300000000000001599, 15.71839037503022851 ) ) ;
#444 = VERTEX_POINT ( 'NONE', #1381 ) ;
#445 = ORIENTED_EDGE ( 'NONE', *, *, #1073, .F. ) ;
#446 = ORIENTED_EDGE ( 'NONE', *, *, #137, .F. ) ;
#447 = ADVANCED_FACE ( 'NONE', ( #403 ), #1674, .F. ) ;
#448 = CARTESIAN_POINT ( 'NONE',  ( 25.67145907973953101, 3.000000000000000000, -11.71289677044096322 ) ) ;
#449 = CARTESIAN_POINT ( 'NONE',  ( -48.82854092026047255, 8.599999999999999645, -31.98203316871812874 ) ) ;
#450 = DIRECTION ( 'NONE',  ( 0.000000000000000000, 0.000000000000000000, -1.000000000000000000 ) ) ;
#451 = VERTEX_POINT ( 'NONE', #674 ) ;
#452 = CYLINDRICAL_SURFACE ( 'NONE', #315, 1.100000000000000311 ) ;
#453 = ORIENTED_EDGE ( 'NONE', *, *, #934, .T. ) ;
#454 = ORIENTED_EDGE ( 'NONE', *, *, #472, .F. ) ;
#455 = EDGE_CURVE ( 'NONE', #55, #837, #76, .T. ) ;
#456 = VECTOR ( 'NONE', #149, 1000.000000000000000 ) ;
#457 = CARTESIAN_POINT ( 'NONE',  ( 35.93141406157385376, 4.300000000000001599, 16.71839037503022851 ) ) ;
#458 = VECTOR ( 'NONE', #1846, 1000.000000000000000 ) ;
#459 = CARTESIAN_POINT ( 'NONE',  ( -14.32854092026047432, 3.000000000000000000, -14.98203316871812874 ) ) ;
#460 = AXIS2_PLACEMENT_3D ( 'NONE', #146, #1473, #1455 ) ;
#461 = CYLINDRICAL_SURFACE ( 'NONE', #1019, 1.100000000000000311 ) ;
#462 = CIRCLE ( 'NONE', #533, 2.000000000000000000 ) ;
#463 = LINE ( 'NONE', #1498, #1281 ) ;
#464 = VECTOR ( 'NONE', #1327, 1000.000000000000000 ) ;
#465 = CARTESIAN_POINT ( 'NONE',  ( 20.67145907973953101, 8.599999999999999645, -9.712896770440963223 ) ) ;
#466 = EDGE_LOOP ( 'NONE', ( #1559, #1387, #1285, #1303 ) ) ;
#467 = ORIENTED_EDGE ( 'NONE', *, *, #718, .T. ) ;
#468 = VERTEX_POINT ( 'NONE', #387 ) ;
#469 = EDGE_CURVE ( 'NONE', #595, #1101, #154, .T. ) ;
#470 = DIRECTION ( 'NONE',  ( 0.000000000000000000, 0.000000000000000000, -1.000000000000000000 ) ) ;
#471 = DIRECTION ( 'NONE',  ( 0.000000000000000000, 1.000000000000000000, -0.000000000000000000 ) ) ;
#472 = EDGE_CURVE ( 'NONE', #856, #1087, #1220, .T. ) ;
#473 = CARTESIAN_POINT ( 'NONE',  ( -12.82854092026047788, 8.599999999999999645, 14.41796683128186984 ) ) ;
#474 = CARTESIAN_POINT ( 'NONE',  ( -13.32854092026047610, 3.000000000000000000, -11.98203316871812696 ) ) ;
#475 = LINE ( 'NONE', #1083, #888 ) ;
#476 = EDGE_LOOP ( 'NONE', ( #1739, #1028, #1552, #1576 ) ) ;
#477 = ORIENTED_EDGE ( 'NONE', *, *, #1297, .T. ) ;
#478 = DIRECTION ( 'NONE',  ( -0.000000000000000000, 1.000000000000000000, -0.000000000000000000 ) ) ;
#479 = ADVANCED_FACE ( 'NONE', ( #825 ), #1390, .F. ) ;
#480 = CARTESIAN_POINT ( 'NONE',  ( 22.67145907973953101, 3.000000000000000000, -9.712896770440963223 ) ) ;
#481 = DIRECTION ( 'NONE',  ( 0.000000000000000000, 1.000000000000000000, 0.000000000000000000 ) ) ;
#482 = EDGE_CURVE ( 'NONE', #678, #451, #1814, .T. ) ;
#483 = CARTESIAN_POINT ( 'NONE',  ( -1.700620124022945490, 4.300000000000001599, 16.71839037503022496 ) ) ;
#484 = EDGE_LOOP ( 'NONE', ( #1271, #323 ) ) ;
#485 = ORIENTED_EDGE ( 'NONE', *, *, #905, .T. ) ;
#486 = EDGE_LOOP ( 'NONE', ( #234, #408, #1203, #1420, #156, #643, #1701, #1345 ) ) ;
#487 = CARTESIAN_POINT ( 'NONE',  ( -13.32854092026047610, 4.300000000000001599, -12.98203316871812874 ) ) ;
#488 = LINE ( 'NONE', #194, #1371 ) ;
#489 = AXIS2_PLACEMENT_3D ( 'NONE', #1648, #1241, #815 ) ;
#490 = CARTESIAN_POINT ( 'NONE',  ( 23.67145907973953456, 3.000000000000000000, -12.71289677044096322 ) ) ;
#491 = VECTOR ( 'NONE', #1006, 1000.000000000000000 ) ;
#492 = CARTESIAN_POINT ( 'NONE',  ( 39.17145907973952745, 4.300000000000001599, 14.41796683128186629 ) ) ;
#493 = VECTOR ( 'NONE', #478, 1000.000000000000000 ) ;
#494 = PLANE ( 'NONE',  #1249 ) ;
#495 = EDGE_CURVE ( 'NONE', #1258, #79, #1780, .T. ) ;
#496 = EDGE_LOOP ( 'NONE', ( #1003, #1523, #1682, #1150 ) ) ;
#497 = AXIS2_PLACEMENT_3D ( 'NONE', #65, #677, #827 ) ;
#498 = ORIENTED_EDGE ( 'NONE', *, *, #1426, .T. ) ;
#499 = VERTEX_POINT ( 'NONE', #1664 ) ;
#500 = AXIS2_PLACEMENT_3D ( 'NONE', #84, #1638, #912 ) ;
#501 = FACE_BOUND ( 'NONE', #112, .T. ) ;
#502 = CYLINDRICAL_SURFACE ( 'NONE', #809, 1.000000000000000888 ) ;
#503 = DIRECTION ( 'NONE',  ( 0.000000000000000000, 0.000000000000000000, 1.000000000000000000 ) ) ;
#504 = CARTESIAN_POINT ( 'NONE',  ( 22.67145907973953101, 8.599999999999999645, -11.71289677044096322 ) ) ;
#505 = DIRECTION ( 'NONE',  ( 0.000000000000000000, 0.000000000000000000, -1.000000000000000000 ) ) ;
#506 = CARTESIAN_POINT ( 'NONE',  ( -12.82854092026047788, 8.599999999999999645, 15.51796683128187126 ) ) ;
#507 = ORIENTED_EDGE ( 'NONE', *, *, #1661, .T. ) ;
#508 = CARTESIAN_POINT ( 'NONE',  ( 22.67145907973953101, 8.599999999999999645, -12.71289677044096322 ) ) ;
#509 = ADVANCED_FACE ( 'NONE', ( #1231 ), #666, .T. ) ;
#510 = ORIENTED_EDGE ( 'NONE', *, *, #1757, .T. ) ;
#511 = ORIENTED_EDGE ( 'NONE', *, *, #1169, .T. ) ;
#512 = EDGE_CURVE ( 'NONE', #356, #1753, #1364, .T. ) ;
#513 = DIRECTION ( 'NONE',  ( 0.000000000000000000, 0.000000000000000000, -1.000000000000000000 ) ) ;
#514 = CARTESIAN_POINT ( 'NONE',  ( 34.93141406157385376, 8.599999999999999645, 15.71839037503022851 ) ) ;
#515 = LINE ( 'NONE', #236, #864 ) ;
#516 = ORIENTED_EDGE ( 'NONE', *, *, #1574, .T. ) ;
#517 = CARTESIAN_POINT ( 'NONE',  ( -1.700620124022944601, 4.300000000000001599, 10.31902871037429037 ) ) ;
#518 = DIRECTION ( 'NONE',  ( 0.000000000000000000, 0.000000000000000000, -1.000000000000000000 ) ) ;
#519 = ORIENTED_EDGE ( 'NONE', *, *, #629, .T. ) ;
#520 = FACE_OUTER_BOUND ( 'NONE', #795, .T. ) ;
#521 = ORIENTED_EDGE ( 'NONE', *, *, #318, .T. ) ;
#522 = ADVANCED_FACE ( 'NONE', ( #1090 ), #237, .F. ) ;
#523 = LINE ( 'NONE', #1527, #1600 ) ;
#524 = ORIENTED_EDGE ( 'NONE', *, *, #1395, .F. ) ;
#525 =( LENGTH_UNIT ( ) NAMED_UNIT ( * ) SI_UNIT ( .MILLI., .METRE. ) );
#526 = AXIS2_PLACEMENT_3D ( 'NONE', #948, #197, #1490 ) ;
#527 = CARTESIAN_POINT ( 'NONE',  ( -48.82854092026046544, 8.599999999999999645, 17.01796683128187126 ) ) ;
#528 = AXIS2_PLACEMENT_3D ( 'NONE', #1032, #259, #416 ) ;
#529 = VERTEX_POINT ( 'NONE', #834 ) ;
#530 = DIRECTION ( 'NONE',  ( 0.000000000000000000, 0.000000000000000000, -1.000000000000000000 ) ) ;
#531 = CIRCLE ( 'NONE', #1400, 2.000000000000000000 ) ;
#532 = ORIENTED_EDGE ( 'NONE', *, *, #137, .T. ) ;
#533 = AXIS2_PLACEMENT_3D ( 'NONE', #770, #1462, #171 ) ;
#534 = CIRCLE ( 'NONE', #1812, 2.000000000000000000 ) ;
#535 = CARTESIAN_POINT ( 'NONE',  ( -45.32854092026044412, 3.000000000000000000, 18.51796683128185705 ) ) ;
#536 = EDGE_CURVE ( 'NONE', #278, #1786, #1425, .T. ) ;
#537 = DIRECTION ( 'NONE',  ( -0.000000000000000000, -1.000000000000000000, -0.000000000000000000 ) ) ;
#538 = EDGE_CURVE ( 'NONE', #1635, #1407, #283, .T. ) ;
#539 = CARTESIAN_POINT ( 'NONE',  ( -45.82854092026047255, 8.599999999999999645, -31.98203316871812874 ) ) ;
#540 = CARTESIAN_POINT ( 'NONE',  ( -13.32854092026047610, 3.000000000000000000, -9.982033168718126959 ) ) ;
#541 = CARTESIAN_POINT ( 'NONE',  ( 23.67145907973953456, 3.000000000000000000, -9.712896770440963223 ) ) ;
#542 = ORIENTED_EDGE ( 'NONE', *, *, #1131, .F. ) ;
#543 = ORIENTED_EDGE ( 'NONE', *, *, #868, .T. ) ;
#544 = CARTESIAN_POINT ( 'NONE',  ( -14.32854092026047432, 4.300000000000001599, -11.98203316871812874 ) ) ;
#545 = EDGE_CURVE ( 'NONE', #595, #1482, #147, .T. ) ;
#546 = CARTESIAN_POINT ( 'NONE',  ( -14.32854092026047432, 4.300000000000001599, -12.98203316871812874 ) ) ;
#547 = CARTESIAN_POINT ( 'NONE',  ( -1.700620124022944601, 4.300000000000001599, 9.319028710374290370 ) ) ;
#548 = FACE_OUTER_BOUND ( 'NONE', #1622, .T. ) ;
#549 = EDGE_CURVE ( 'NONE', #379, #1021, #653, .T. ) ;
#550 = EDGE_LOOP ( 'NONE', ( #907, #126, #367, #56, #1707, #647, #325, #1525 ) ) ;
#551 = VERTEX_POINT ( 'NONE', #874 ) ;
#552 = DIRECTION ( 'NONE',  ( 0.000000000000000000, 0.000000000000000000, 1.000000000000000000 ) ) ;
#553 = LINE ( 'NONE', #422, #375 ) ;
#554 = CARTESIAN_POINT ( 'NONE',  ( 20.67145907973953101, 3.000000000000000000, -11.71289677044096322 ) ) ;
#555 = DIRECTION ( 'NONE',  ( 1.000000000000000000, 0.000000000000000000, -0.000000000000000000 ) ) ;
#556 = VECTOR ( 'NONE', #869, 1000.000000000000000 ) ;
#557 = EDGE_CURVE ( 'NONE', #1572, #1288, #1266, .T. ) ;
#558 = AXIS2_PLACEMENT_3D ( 'NONE', #706, #1722, #725 ) ;
#559 = ORIENTED_EDGE ( 'NONE', *, *, #400, .T. ) ;
#560 = EDGE_LOOP ( 'NONE', ( #1442, #877, #1421, #354 ) ) ;
#561 = VECTOR ( 'NONE', #1399, 1000.000000000000000 ) ;
#562 = AXIS2_PLACEMENT_3D ( 'NONE', #83, #1637, #93 ) ;
#563 = ORIENTED_EDGE ( 'NONE', *, *, #1013, .T. ) ;
#564 = CARTESIAN_POINT ( 'NONE',  ( 48.17145907973953456, 0.000000000000000000, 20.01796683128186771 ) ) ;
#565 = AXIS2_PLACEMENT_3D ( 'NONE', #1321, #1627, #24 ) ;
#566 = LINE ( 'NONE', #853, #1835 ) ;
#567 = CARTESIAN_POINT ( 'NONE',  ( -12.82854092026047788, 3.000000000000000000, -26.38203316871812731 ) ) ;
#568 = CARTESIAN_POINT ( 'NONE',  ( -13.32854092026047610, 8.599999999999999645, -14.98203316871812874 ) ) ;
#569 = ORIENTED_EDGE ( 'NONE', *, *, #305, .T. ) ;
#570 = EDGE_CURVE ( 'NONE', #1794, #136, #712, .T. ) ;
#571 = ORIENTED_EDGE ( 'NONE', *, *, #1457, .T. ) ;
#572 = ADVANCED_FACE ( 'NONE', ( #116 ), #1000, .F. ) ;
#573 = LINE ( 'NONE', #1146, #588 ) ;
#574 = DIRECTION ( 'NONE',  ( 0.000000000000000000, -0.000000000000000000, 1.000000000000000000 ) ) ;
#575 = ORIENTED_EDGE ( 'NONE', *, *, #1179, .F. ) ;
#576 = DIRECTION ( 'NONE',  ( 0.000000000000000000, -1.000000000000000000, 0.000000000000000000 ) ) ;
#577 = ORIENTED_EDGE ( 'NONE', *, *, #943, .F. ) ;
#578 = VERTEX_POINT ( 'NONE', #1299 ) ;
#579 = ADVANCED_FACE ( 'NONE', ( #1168 ), #1698, .F. ) ;
#580 = DIRECTION ( 'NONE',  ( 0.000000000000000000, -1.000000000000000000, 0.000000000000000000 ) ) ;
#581 = CARTESIAN_POINT ( 'NONE',  ( -12.82854092026047788, 8.599999999999999645, -27.48203316871812874 ) ) ;
#582 = CARTESIAN_POINT ( 'NONE',  ( -16.32854092026047610, 4.300000000000001599, -9.982033168718128735 ) ) ;
#583 = LINE ( 'NONE', #1177, #153 ) ;
#584 = VERTEX_POINT ( 'NONE', #1712 ) ;
#585 = AXIS2_PLACEMENT_3D ( 'NONE', #506, #806, #25 ) ;
#586 = ORIENTED_EDGE ( 'NONE', *, *, #333, .F. ) ;
#587 = AXIS2_PLACEMENT_3D ( 'NONE', #22, #902, #173 ) ;
#588 = VECTOR ( 'NONE', #732, 1000.000000000000000 ) ;
#589 = DIRECTION ( 'NONE',  ( 0.000000000000000000, 0.000000000000000000, -1.000000000000000000 ) ) ;
#590 = PRESENTATION_LAYER_ASSIGNMENT (  '', '', ( #804 ) ) ;
#591 = AXIS2_PLACEMENT_3D ( 'NONE', #1728, #471, #936 ) ;
#592 = DIRECTION ( 'NONE',  ( 0.000000000000000000, 1.000000000000000000, 0.000000000000000000 ) ) ;
#593 = CARTESIAN_POINT ( 'NONE',  ( -45.32854092026047965, 0.000000000000000000, 16.51796683128185350 ) ) ;
#594 = EDGE_CURVE ( 'NONE', #726, #1531, #553, .T. ) ;
#595 = VERTEX_POINT ( 'NONE', #1274 ) ;
#596 = EDGE_LOOP ( 'NONE', ( #1784, #210, #1235, #102 ) ) ;
#597 = DIRECTION ( 'NONE',  ( 0.000000000000000000, 1.000000000000000000, 0.000000000000000000 ) ) ;
#598 = PLANE ( 'NONE',  #1693 ) ;
#599 = DIRECTION ( 'NONE',  ( 0.000000000000000000, -1.000000000000000000, 0.000000000000000000 ) ) ;
#600 = EDGE_LOOP ( 'NONE', ( #1204, #638 ) ) ;
#601 = DIRECTION ( 'NONE',  ( 0.000000000000000000, 0.000000000000000000, -1.000000000000000000 ) ) ;
#602 = CARTESIAN_POINT ( 'NONE',  ( -14.32854092026047432, 3.000000000000000000, -12.98203316871812874 ) ) ;
#603 = ORIENTED_EDGE ( 'NONE', *, *, #718, .F. ) ;
#604 = ORIENTED_EDGE ( 'NONE', *, *, #1606, .T. ) ;
#605 = ORIENTED_EDGE ( 'NONE', *, *, #329, .F. ) ;
#606 = CARTESIAN_POINT ( 'NONE',  ( 51.17145907973952745, 0.000000000000000000, -31.98203316871812874 ) ) ;
#607 = PLANE ( 'NONE',  #1166 ) ;
#608 = DIRECTION ( 'NONE',  ( 0.000000000000000000, 1.000000000000000000, 0.000000000000000000 ) ) ;
#609 = CARTESIAN_POINT ( 'NONE',  ( 49.67145907973952745, 0.000000000000000000, 16.51796683128186416 ) ) ;
#610 = CARTESIAN_POINT ( 'NONE',  ( 35.93141406157385376, 5.599999999999999645, 15.71839037503022851 ) ) ;
#611 = ORIENTED_EDGE ( 'NONE', *, *, #1696, .T. ) ;
#612 = EDGE_CURVE ( 'NONE', #1732, #1223, #272, .T. ) ;
#613 = VECTOR ( 'NONE', #117, 1000.000000000000000 ) ;
#614 = EDGE_CURVE ( 'NONE', #1465, #1589, #253, .T. ) ;
#615 = FACE_OUTER_BOUND ( 'NONE', #909, .T. ) ;
#616 = CIRCLE ( 'NONE', #1135, 2.000000000000000000 ) ;
#617 = DIRECTION ( 'NONE',  ( 0.000000000000000000, 0.000000000000000000, -1.000000000000000000 ) ) ;
#618 = VECTOR ( 'NONE', #94, 1000.000000000000000 ) ;
#619 = DIRECTION ( 'NONE',  ( -8.980751402542323212E-17, 0.000000000000000000, 1.000000000000000000 ) ) ;
#620 = CIRCLE ( 'NONE', #435, 2.000000000000000000 ) ;
#621 = CARTESIAN_POINT ( 'NONE',  ( -45.32854092026047965, 3.000000000000000000, 18.51796683128185705 ) ) ;
#622 = PLANE ( 'NONE',  #1804 ) ;
#623 = EDGE_LOOP ( 'NONE', ( #355, #992 ) ) ;
#624 = DIRECTION ( 'NONE',  ( -0.000000000000000000, -1.000000000000000000, 0.000000000000000000 ) ) ;
#625 = ORIENTED_EDGE ( 'NONE', *, *, #192, .T. ) ;
#626 = ORIENTED_EDGE ( 'NONE', *, *, #371, .T. ) ;
#627 = EDGE_CURVE ( 'NONE', #1482, #1415, #132, .T. ) ;
#628 = CARTESIAN_POINT ( 'NONE',  ( 49.67145907973954166, 1.000000000000000000, -2.482033168718152272 ) ) ;
#629 = EDGE_CURVE ( 'NONE', #224, #1353, #616, .T. ) ;
#630 = CARTESIAN_POINT ( 'NONE',  ( -45.32854092026047965, 3.000000000000000000, 16.51796683128185350 ) ) ;
#631 = FACE_OUTER_BOUND ( 'NONE', #849, .T. ) ;
#632 = VERTEX_POINT ( 'NONE', #1556 ) ;
#633 = CARTESIAN_POINT ( 'NONE',  ( 20.67145907973953101, 3.000000000000000000, -9.712896770440963223 ) ) ;
#634 = DIRECTION ( 'NONE',  ( -0.000000000000000000, 1.000000000000000000, -0.000000000000000000 ) ) ;
#635 = ORIENTED_EDGE ( 'NONE', *, *, #426, .T. ) ;
#636 = ORIENTED_EDGE ( 'NONE', *, *, #1236, .T. ) ;
#637 = ORIENTED_EDGE ( 'NONE', *, *, #1269, .F. ) ;
#638 = ORIENTED_EDGE ( 'NONE', *, *, #214, .F. ) ;
#639 = PLANE ( 'NONE',  #1776 ) ;
#640 = DIRECTION ( 'NONE',  ( 1.000000000000000000, -0.000000000000000000, 1.347112710381348297E-16 ) ) ;
#641 = EDGE_CURVE ( 'NONE', #1245, #838, #1544, .T. ) ;
#642 = CARTESIAN_POINT ( 'NONE',  ( 35.93141406157385376, 8.599999999999999645, 16.71839037503022851 ) ) ;
#643 = ORIENTED_EDGE ( 'NONE', *, *, #997, .T. ) ;
#644 = CARTESIAN_POINT ( 'NONE',  ( 47.67145907973953456, 3.000000000000000000, -30.48203316871812874 ) ) ;
#645 = LINE ( 'NONE', #207, #1043 ) ;
#646 = ORIENTED_EDGE ( 'NONE', *, *, #916, .T. ) ;
#647 = ORIENTED_EDGE ( 'NONE', *, *, #1209, .F. ) ;
#648 = DIRECTION ( 'NONE',  ( -0.000000000000000000, -1.000000000000000000, -0.000000000000000000 ) ) ;
#649 = DIRECTION ( 'NONE',  ( 0.000000000000000000, 0.000000000000000000, -1.000000000000000000 ) ) ;
#650 = CIRCLE ( 'NONE', #61, 1.100000000000000311 ) ;
#651 = DIRECTION ( 'NONE',  ( 0.000000000000000000, 0.000000000000000000, -1.000000000000000000 ) ) ;
#652 = VERTEX_POINT ( 'NONE', #1571 ) ;
#653 = CIRCLE ( 'NONE', #528, 2.999999999999999112 ) ;
#654 = CIRCLE ( 'NONE', #1660, 0.9999999999999991118 ) ;
#655 = DIRECTION ( 'NONE',  ( 0.000000000000000000, -1.000000000000000000, 0.000000000000000000 ) ) ;
#656 = DIRECTION ( 'NONE',  ( 0.000000000000000000, 0.000000000000000000, -1.000000000000000000 ) ) ;
#657 = CARTESIAN_POINT ( 'NONE',  ( 47.67145907973952745, 0.000000000000000000, 16.51796683128186416 ) ) ;
#658 = EDGE_CURVE ( 'NONE', #1223, #632, #566, .T. ) ;
#659 = VECTOR ( 'NONE', #350, 1000.000000000000000 ) ;
#660 = ORIENTED_EDGE ( 'NONE', *, *, #264, .T. ) ;
#661 = AXIS2_PLACEMENT_3D ( 'NONE', #418, #261, #1039 ) ;
#662 = DIRECTION ( 'NONE',  ( 0.000000000000000000, 1.000000000000000000, 0.000000000000000000 ) ) ;
#663 = FACE_BOUND ( 'NONE', #486, .T. ) ;
#664 = DIRECTION ( 'NONE',  ( 0.000000000000000000, -1.000000000000000000, 0.000000000000000000 ) ) ;
#665 = VERTEX_POINT ( 'NONE', #867 ) ;
#666 = CYLINDRICAL_SURFACE ( 'NONE', #304, 2.999999999999999112 ) ;
#667 = DIRECTION ( 'NONE',  ( 0.000000000000000000, 1.000000000000000000, 0.000000000000000000 ) ) ;
#668 = ORIENTED_EDGE ( 'NONE', *, *, #1438, .T. ) ;
#669 = DIRECTION ( 'NONE',  ( 0.000000000000000000, 1.000000000000000000, 0.000000000000000000 ) ) ;
#670 = EDGE_LOOP ( 'NONE', ( #1488, #1849, #973, #1582 ) ) ;
#671 = CARTESIAN_POINT ( 'NONE',  ( -45.82854092026047255, 0.000000000000000000, -31.98203316871812874 ) ) ;
#672 = FACE_BOUND ( 'NONE', #810, .T. ) ;
#673 = LINE ( 'NONE', #937, #310 ) ;
#674 = CARTESIAN_POINT ( 'NONE',  ( -48.82854092026046544, 0.000000000000000000, 17.01796683128185705 ) ) ;
#675 = LINE ( 'NONE', #404, #1737 ) ;
#676 = EDGE_LOOP ( 'NONE', ( #1344, #1095, #1335, #177 ) ) ;
#677 = DIRECTION ( 'NONE',  ( -1.000000000000000000, 0.000000000000000000, 0.000000000000000000 ) ) ;
#678 = VERTEX_POINT ( 'NONE', #1703 ) ;
#679 = ORIENTED_EDGE ( 'NONE', *, *, #40, .T. ) ;
#680 = ADVANCED_FACE ( 'NONE', ( #1418 ), #1014, .F. ) ;
#681 = DIRECTION ( 'NONE',  ( 0.000000000000000000, 0.000000000000000000, 1.000000000000000000 ) ) ;
#682 = ADVANCED_FACE ( 'NONE', ( #1025 ), #122, .F. ) ;
#683 = LINE ( 'NONE', #824, #1275 ) ;
#684 = VECTOR ( 'NONE', #1830, 1000.000000000000000 ) ;
#685 = DIRECTION ( 'NONE',  ( 0.000000000000000000, 0.000000000000000000, -1.000000000000000000 ) ) ;
#686 = DIRECTION ( 'NONE',  ( 0.000000000000000000, 1.000000000000000000, 0.000000000000000000 ) ) ;
#687 = AXIS2_PLACEMENT_3D ( 'NONE', #756, #608, #1618 ) ;
#688 = CARTESIAN_POINT ( 'NONE',  ( -13.32854092026047610, 3.000000000000000000, -14.98203316871812874 ) ) ;
#689 = AXIS2_PLACEMENT_3D ( 'NONE', #12, #1756, #1624 ) ;
#690 = ORIENTED_EDGE ( 'NONE', *, *, #629, .F. ) ;
#691 = ORIENTED_EDGE ( 'NONE', *, *, #767, .F. ) ;
#692 = AXIS2_PLACEMENT_3D ( 'NONE', #1360, #1404, #700 ) ;
#693 = CIRCLE ( 'NONE', #661, 2.000000000000000000 ) ;
#694 = EDGE_CURVE ( 'NONE', #1773, #1465, #155, .T. ) ;
#695 = EDGE_CURVE ( 'NONE', #753, #855, #1207, .T. ) ;
#696 = CARTESIAN_POINT ( 'NONE',  ( -14.32854092026047432, 3.000000000000000000, -9.982033168718128735 ) ) ;
#697 = DIRECTION ( 'NONE',  ( 1.000000000000000000, 0.000000000000000000, 0.000000000000000000 ) ) ;
#698 = DIRECTION ( 'NONE',  ( 0.000000000000000000, 1.000000000000000000, 0.000000000000000000 ) ) ;
#699 = CARTESIAN_POINT ( 'NONE',  ( 47.67145907973953456, 0.000000000000000000, -30.48203316871812874 ) ) ;
#700 = DIRECTION ( 'NONE',  ( 0.000000000000000000, 0.000000000000000000, -1.000000000000000000 ) ) ;
#701 = ORIENTED_EDGE ( 'NONE', *, *, #1850, .T. ) ;
#702 = ORIENTED_EDGE ( 'NONE', *, *, #60, .F. ) ;
#703 = LINE ( 'NONE', #711, #1022 ) ;
#704 = EDGE_CURVE ( 'NONE', #1021, #1314, #328, .T. ) ;
#705 = UNCERTAINTY_MEASURE_WITH_UNIT (LENGTH_MEASURE( 1.000000000000000082E-05 ), #1796, 'distance_accuracy_value', 'NONE');
#706 = CARTESIAN_POINT ( 'NONE',  ( 39.17145907973952745, 4.300000000000001599, -27.48203316871813229 ) ) ;
#707 = LINE ( 'NONE', #554, #277 ) ;
#708 = FACE_OUTER_BOUND ( 'NONE', #496, .T. ) ;
#709 = EDGE_LOOP ( 'NONE', ( #702, #309 ) ) ;
#710 = ORIENTED_EDGE ( 'NONE', *, *, #557, .F. ) ;
#711 = CARTESIAN_POINT ( 'NONE',  ( -2.700620124022945490, 3.000000000000000000, 15.71839037503022496 ) ) ;
#712 = LINE ( 'NONE', #1293, #1138 ) ;
#713 = PRODUCT_RELATED_PRODUCT_CATEGORY ( 'part', '', ( #1349 ) ) ;
#714 = DIRECTION ( 'NONE',  ( 0.000000000000000000, 1.000000000000000000, 0.000000000000000000 ) ) ;
#715 = VECTOR ( 'NONE', #374, 1000.000000000000000 ) ;
#716 = AXIS2_PLACEMENT_3D ( 'NONE', #642, #619, #339 ) ;
#717 = ORIENTED_EDGE ( 'NONE', *, *, #1470, .F. ) ;
#718 = EDGE_CURVE ( 'NONE', #1560, #468, #32, .T. ) ;
#719 = ORIENTED_EDGE ( 'NONE', *, *, #1408, .T. ) ;
#720 = CIRCLE ( 'NONE', #689, 2.999999999999999112 ) ;
#721 = PRODUCT_DEFINITION_SHAPE ( 'NONE', 'NONE',  #1289 ) ;
#722 = AXIS2_PLACEMENT_3D ( 'NONE', #1392, #209, #1255 ) ;
#723 = CIRCLE ( 'NONE', #565, 1.100000000000000311 ) ;
#724 = CARTESIAN_POINT ( 'NONE',  ( -14.32854092026047432, 3.000000000000000000, -11.98203316871812874 ) ) ;
#725 = DIRECTION ( 'NONE',  ( 0.000000000000000000, 0.000000000000000000, -1.000000000000000000 ) ) ;
#726 = VERTEX_POINT ( 'NONE', #750 ) ;
#727 = DIRECTION ( 'NONE',  ( 1.000000000000000000, 0.000000000000000000, 0.000000000000000000 ) ) ;
#728 = DIRECTION ( 'NONE',  ( 0.000000000000000000, -1.000000000000000000, 0.000000000000000000 ) ) ;
#729 = ORIENTED_EDGE ( 'NONE', *, *, #748, .T. ) ;
#730 = ADVANCED_FACE ( 'NONE', ( #51 ), #164, .F. ) ;
#731 = ORIENTED_EDGE ( 'NONE', *, *, #1481, .T. ) ;
#732 = DIRECTION ( 'NONE',  ( -0.000000000000000000, -0.000000000000000000, -1.000000000000000000 ) ) ;
#733 = DIRECTION ( 'NONE',  ( 0.000000000000000000, 0.000000000000000000, -1.000000000000000000 ) ) ;
#734 = DIRECTION ( 'NONE',  ( 0.000000000000000000, 0.000000000000000000, -1.000000000000000000 ) ) ;
#735 = ORIENTED_EDGE ( 'NONE', *, *, #358, .T. ) ;
#736 = ADVANCED_FACE ( 'NONE', ( #631 ), #782, .F. ) ;
#737 = FACE_OUTER_BOUND ( 'NONE', #95, .T. ) ;
#738 = EDGE_CURVE ( 'NONE', #278, #187, #13, .T. ) ;
#739 = DIRECTION ( 'NONE',  ( 0.000000000000000000, 0.000000000000000000, -1.000000000000000000 ) ) ;
#740 = LINE ( 'NONE', #885, #985 ) ;
#741 = ORIENTED_EDGE ( 'NONE', *, *, #274, .F. ) ;
#742 = AXIS2_PLACEMENT_3D ( 'NONE', #833, #1820, #685 ) ;
#743 = ORIENTED_EDGE ( 'NONE', *, *, #614, .T. ) ;
#744 = AXIS2_PLACEMENT_3D ( 'NONE', #1310, #882, #1446 ) ;
#745 = AXIS2_PLACEMENT_3D ( 'NONE', #1721, #781, #2 ) ;
#746 = DIRECTION ( 'NONE',  ( 0.000000000000000000, 0.000000000000000000, -1.000000000000000000 ) ) ;
#747 = VECTOR ( 'NONE', #317, 1000.000000000000000 ) ;
#748 = EDGE_CURVE ( 'NONE', #652, #726, #1107, .T. ) ;
#749 = AXIS2_PLACEMENT_3D ( 'NONE', #1730, #1193, #43 ) ;
#750 = CARTESIAN_POINT ( 'NONE',  ( 48.17145907973952745, 4.300000000000001599, -31.98203316871812874 ) ) ;
#751 = ORIENTED_EDGE ( 'NONE', *, *, #860, .T. ) ;
#752 = ORIENTED_EDGE ( 'NONE', *, *, #1018, .T. ) ;
#753 = VERTEX_POINT ( 'NONE', #1586 ) ;
#754 = CARTESIAN_POINT ( 'NONE',  ( 39.17145907973952745, 8.599999999999999645, -28.58203316871813371 ) ) ;
#755 = DIRECTION ( 'NONE',  ( 0.000000000000000000, 0.000000000000000000, 1.000000000000000000 ) ) ;
#756 = CARTESIAN_POINT ( 'NONE',  ( 48.17145907973952745, 4.300000000000001599, -28.98203316871813229 ) ) ;
#757 = ADVANCED_FACE ( 'NONE', ( #297 ), #461, .F. ) ;
#758 = DIRECTION ( 'NONE',  ( -0.000000000000000000, -1.000000000000000000, -0.000000000000000000 ) ) ;
#759 = ORIENTED_EDGE ( 'NONE', *, *, #1843, .F. ) ;
#760 = EDGE_LOOP ( 'NONE', ( #1640, #300, #970, #1315 ) ) ;
#761 = CARTESIAN_POINT ( 'NONE',  ( 35.93141406157385376, 3.000000000000000000, 15.71839037503022851 ) ) ;
#762 = PLANE ( 'NONE',  #1548 ) ;
#763 = CYLINDRICAL_SURFACE ( 'NONE', #104, 2.000000000000000000 ) ;
#764 = DIRECTION ( 'NONE',  ( 0.000000000000000000, 0.000000000000000000, -1.000000000000000000 ) ) ;
#765 = CARTESIAN_POINT ( 'NONE',  ( 20.67145907973953101, 4.300000000000001599, -9.712896770440963223 ) ) ;
#766 = ORIENTED_EDGE ( 'NONE', *, *, #1593, .T. ) ;
#767 = EDGE_CURVE ( 'NONE', #1732, #856, #1040, .T. ) ;
#768 = EDGE_LOOP ( 'NONE', ( #1072, #1213, #507, #1533 ) ) ;
#769 = CIRCLE ( 'NONE', #1543, 1.100000000000000311 ) ;
#770 = CARTESIAN_POINT ( 'NONE',  ( 23.67145907973953456, 4.300000000000001599, -12.71289677044096322 ) ) ;
#771 = VECTOR ( 'NONE', #1681, 1000.000000000000000 ) ;
#772 = LINE ( 'NONE', #1067, #989 ) ;
#773 = ORIENTED_EDGE ( 'NONE', *, *, #368, .F. ) ;
#774 = AXIS2_PLACEMENT_3D ( 'NONE', #1247, #1237, #1536 ) ;
#775 = FACE_OUTER_BOUND ( 'NONE', #1154, .T. ) ;
#776 = AXIS2_PLACEMENT_3D ( 'NONE', #1467, #758, #1751 ) ;
#777 = FACE_OUTER_BOUND ( 'NONE', #230, .T. ) ;
#778 = ORIENTED_EDGE ( 'NONE', *, *, #612, .F. ) ;
#779 = VERTEX_POINT ( 'NONE', #895 ) ;
#780 = EDGE_CURVE ( 'NONE', #1794, #420, #1806, .T. ) ;
#781 = DIRECTION ( 'NONE',  ( 0.000000000000000000, 1.000000000000000000, 0.000000000000000000 ) ) ;
#782 = CYLINDRICAL_SURFACE ( 'NONE', #1740, 2.000000000000001776 ) ;
#783 = CARTESIAN_POINT ( 'NONE',  ( -45.32854092026047965, 0.000000000000000000, -28.48203316871813584 ) ) ;
#784 = LINE ( 'NONE', #1352, #338 ) ;
#785 = ORIENTED_EDGE ( 'NONE', *, *, #1248, .F. ) ;
#786 = ORIENTED_EDGE ( 'NONE', *, *, #1248, .T. ) ;
#787 = VERTEX_POINT ( 'NONE', #480 ) ;
#788 = EDGE_CURVE ( 'NONE', #1461, #81, #1610, .T. ) ;
#789 = CARTESIAN_POINT ( 'NONE',  ( 39.17145907973952745, 3.000000000000000000, -27.48203316871813229 ) ) ;
#790 = EDGE_CURVE ( 'NONE', #79, #726, #182, .T. ) ;
#791 = CARTESIAN_POINT ( 'NONE',  ( 22.67145907973953101, 8.599999999999999645, -9.712896770440963223 ) ) ;
#792 = DIRECTION ( 'NONE',  ( -0.000000000000000000, 1.000000000000000000, -0.000000000000000000 ) ) ;
#793 = ORIENTED_EDGE ( 'NONE', *, *, #232, .T. ) ;
#794 = FACE_OUTER_BOUND ( 'NONE', #1818, .T. ) ;
#795 = EDGE_LOOP ( 'NONE', ( #348, #1007, #1386, #690 ) ) ;
#796 = VECTOR ( 'NONE', #1436, 1000.000000000000000 ) ;
#797 = SURFACE_STYLE_FILL_AREA ( #1670 ) ;
#798 = AXIS2_PLACEMENT_3D ( 'NONE', #396, #1100, #267 ) ;
#799 = LINE ( 'NONE', #73, #865 ) ;
#800 = VECTOR ( 'NONE', #978, 1000.000000000000000 ) ;
#801 = CYLINDRICAL_SURFACE ( 'NONE', #280, 1.000000000000000888 ) ;
#802 = AXIS2_PLACEMENT_3D ( 'NONE', #393, #976, #1080 ) ;
#803 = EDGE_CURVE ( 'NONE', #1437, #356, #772, .T. ) ;
#804 = STYLED_ITEM ( 'NONE', ( #49 ), #1295 ) ;
#805 = DIRECTION ( 'NONE',  ( 1.020425574104001041E-15, -0.000000000000000000, -1.000000000000000000 ) ) ;
#806 = DIRECTION ( 'NONE',  ( -0.000000000000000000, -1.000000000000000000, -0.000000000000000000 ) ) ;
#807 = ORIENTED_EDGE ( 'NONE', *, *, #1013, .F. ) ;
#808 = LINE ( 'NONE', #1384, #1081 ) ;
#809 = AXIS2_PLACEMENT_3D ( 'NONE', #514, #227, #1474 ) ;
#810 = EDGE_LOOP ( 'NONE', ( #1172, #933 ) ) ;
#811 = VECTOR ( 'NONE', #640, 1000.000000000000000 ) ;
#812 = DIRECTION ( 'NONE',  ( 1.073024830501117553E-16, 0.000000000000000000, -1.000000000000000000 ) ) ;
#813 = FACE_BOUND ( 'NONE', #709, .T. ) ;
#814 = DIRECTION ( 'NONE',  ( 0.000000000000000000, 0.000000000000000000, -1.000000000000000000 ) ) ;
#815 = DIRECTION ( 'NONE',  ( -1.000000000000000000, 0.000000000000000000, -1.387778780781457351E-14 ) ) ;
#816 = CARTESIAN_POINT ( 'NONE',  ( -47.32854092026047965, 0.000000000000000000, -30.48203316871813939 ) ) ;
#817 = EDGE_CURVE ( 'NONE', #926, #346, #1398, .T. ) ;
#818 = ORIENTED_EDGE ( 'NONE', *, *, #1085, .T. ) ;
#819 = DIRECTION ( 'NONE',  ( -1.000000000000000000, 0.000000000000000000, 0.000000000000000000 ) ) ;
#820 = ORIENTED_EDGE ( 'NONE', *, *, #421, .F. ) ;
#821 = ADVANCED_FACE ( 'NONE', ( #1626 ), #763, .F. ) ;
#822 = VERTEX_POINT ( 'NONE', #925 ) ;
#823 = FACE_OUTER_BOUND ( 'NONE', #233, .T. ) ;
#824 = CARTESIAN_POINT ( 'NONE',  ( 49.67145907973953456, 1.000000000000000000, 4.317966831281869311 ) ) ;
#825 = FACE_OUTER_BOUND ( 'NONE', #946, .T. ) ;
#826 = CARTESIAN_POINT ( 'NONE',  ( 20.67145907973953101, 4.300000000000001599, -14.71289677044096322 ) ) ;
#827 = DIRECTION ( 'NONE',  ( 0.000000000000000000, 0.000000000000000000, 1.000000000000000000 ) ) ;
#828 = EDGE_CURVE ( 'NONE', #178, #1393, #1088, .T. ) ;
#829 = ORIENTED_EDGE ( 'NONE', *, *, #512, .F. ) ;
#830 = EDGE_CURVE ( 'NONE', #529, #1503, #673, .T. ) ;
#831 = LINE ( 'NONE', #215, #1427 ) ;
#832 = ORIENTED_EDGE ( 'NONE', *, *, #1646, .F. ) ;
#833 = CARTESIAN_POINT ( 'NONE',  ( -12.82854092026047788, 4.300000000000001599, 15.51796683128187126 ) ) ;
#834 = CARTESIAN_POINT ( 'NONE',  ( 25.67145907973953101, 4.300000000000001599, -11.71289677044096322 ) ) ;
#835 = DIRECTION ( 'NONE',  ( 1.000000000000000000, 0.000000000000000000, -6.938893903907228378E-16 ) ) ;
#836 = CARTESIAN_POINT ( 'NONE',  ( -16.32854092026047610, 8.599999999999999645, -9.982033168718128735 ) ) ;
#837 = VERTEX_POINT ( 'NONE', #85 ) ;
#838 = VERTEX_POINT ( 'NONE', #1819 ) ;
#839 =( GEOMETRIC_REPRESENTATION_CONTEXT ( 3 ) GLOBAL_UNCERTAINTY_ASSIGNED_CONTEXT ( ( #705 ) ) GLOBAL_UNIT_ASSIGNED_CONTEXT ( ( #1796, #369, #359 ) ) REPRESENTATION_CONTEXT ( 'NONE', 'WORKASPACE' ) );
#840 = LINE ( 'NONE', #1826, #1809 ) ;
#841 = CIRCLE ( 'NONE', #1837, 2.000000000000000000 ) ;
#842 = EDGE_CURVE ( 'NONE', #856, #632, #683, .T. ) ;
#843 = ORIENTED_EDGE ( 'NONE', *, *, #916, .F. ) ;
#844 = CARTESIAN_POINT ( 'NONE',  ( -13.32854092026047610, 3.000000000000000000, -12.98203316871812874 ) ) ;
#845 = EDGE_LOOP ( 'NONE', ( #887, #807, #1634, #299 ) ) ;
#846 = DIRECTION ( 'NONE',  ( 0.000000000000000000, 0.000000000000000000, -1.000000000000000000 ) ) ;
#847 = LINE ( 'NONE', #540, #1423 ) ;
#848 = CARTESIAN_POINT ( 'NONE',  ( -48.82854092026046544, 0.000000000000000000, 20.01796683128186771 ) ) ;
#849 = EDGE_LOOP ( 'NONE', ( #1243, #974, #1471, #1491 ) ) ;
#850 = ORIENTED_EDGE ( 'NONE', *, *, #1323, .T. ) ;
#851 = DIRECTION ( 'NONE',  ( -0.000000000000000000, 1.000000000000000000, 0.000000000000000000 ) ) ;
#852 = EDGE_CURVE ( 'NONE', #787, #1502, #1251, .T. ) ;
#853 = CARTESIAN_POINT ( 'NONE',  ( 51.17145907973952745, 0.000000000000000000, 4.317966831281869311 ) ) ;
#854 = CARTESIAN_POINT ( 'NONE',  ( 22.67145907973953101, 4.300000000000001599, -12.71289677044096322 ) ) ;
#855 = VERTEX_POINT ( 'NONE', #1671 ) ;
#856 = VERTEX_POINT ( 'NONE', #1109 ) ;
#857 = CARTESIAN_POINT ( 'NONE',  ( -16.32854092026047610, 8.599999999999999645, -9.982033168718128735 ) ) ;
#858 = DIRECTION ( 'NONE',  ( -0.000000000000000000, -1.000000000000000000, -0.000000000000000000 ) ) ;
#859 = LINE ( 'NONE', #1268, #106 ) ;
#860 = EDGE_CURVE ( 'NONE', #224, #468, #523, .T. ) ;
#861 = AXIS2_PLACEMENT_3D ( 'NONE', #581, #266, #846 ) ;
#862 = DIRECTION ( 'NONE',  ( -0.000000000000000000, -1.000000000000000000, -0.000000000000000000 ) ) ;
#863 = ORIENTED_EDGE ( 'NONE', *, *, #1036, .T. ) ;
#864 = VECTOR ( 'NONE', #503, 1000.000000000000000 ) ;
#865 = VECTOR ( 'NONE', #254, 1000.000000000000000 ) ;
#866 = CARTESIAN_POINT ( 'NONE',  ( -16.32854092026047610, 8.599999999999999645, -12.98203316871812874 ) ) ;
#867 = CARTESIAN_POINT ( 'NONE',  ( -11.32854092026047610, 3.000000000000000000, -11.98203316871812874 ) ) ;
#868 = EDGE_CURVE ( 'NONE', #239, #1461, #1217, .T. ) ;
#869 = DIRECTION ( 'NONE',  ( 1.000000000000000000, -0.000000000000000000, -0.000000000000000000 ) ) ;
#870 = ORIENTED_EDGE ( 'NONE', *, *, #1058, .F. ) ;
#871 = EDGE_LOOP ( 'NONE', ( #752, #1233, #559, #660 ) ) ;
#872 = EDGE_CURVE ( 'NONE', #1130, #45, #831, .T. ) ;
#873 = DIRECTION ( 'NONE',  ( -1.334402673828313339E-16, 0.000000000000000000, -1.000000000000000000 ) ) ;
#874 = CARTESIAN_POINT ( 'NONE',  ( 47.67145907973953456, 3.000000000000000000, -30.48203316871812874 ) ) ;
#875 = CARTESIAN_POINT ( 'NONE',  ( -2.700620124022945490, 4.300000000000001599, 15.71839037503022496 ) ) ;
#876 = LINE ( 'NONE', #135, #407 ) ;
#877 = ORIENTED_EDGE ( 'NONE', *, *, #1376, .F. ) ;
#878 = ADVANCED_FACE ( 'NONE', ( #1357 ), #956, .F. ) ;
#879 = ORIENTED_EDGE ( 'NONE', *, *, #997, .F. ) ;
#880 = EDGE_CURVE ( 'NONE', #551, #1164, #1165, .T. ) ;
#881 = DIRECTION ( 'NONE',  ( 0.000000000000000000, 0.000000000000000000, -1.000000000000000000 ) ) ;
#882 = DIRECTION ( 'NONE',  ( 0.000000000000000000, -0.000000000000000000, 1.000000000000000000 ) ) ;
#883 = EDGE_LOOP ( 'NONE', ( #101, #1842, #1540, #577 ) ) ;
#884 = CLOSED_SHELL ( 'NONE', ( #579, #878, #680, #1785, #447, #1561, #1443, #730, #1356, #981, #271, #295, #1620, #200, #1725, #15, #151, #757, #1723, #1222, #821, #479, #1852, #1385, #347, #1493, #522, #287, #995, #1278, #189, #1584, #572, #167, #1291, #1417, #1534, #1654, #438, #682, #1810, #509, #1677, #1108, #955, #736, #386, #1197, #27, #1663, #959, #1029, #1397, #1259 ) ) ;
#885 = CARTESIAN_POINT ( 'NONE',  ( 25.67145907973953101, 8.599999999999999645, -11.71289677044096322 ) ) ;
#886 = AXIS2_PLACEMENT_3D ( 'NONE', #1061, #353, #1091 ) ;
#887 = ORIENTED_EDGE ( 'NONE', *, *, #748, .F. ) ;
#888 = VECTOR ( 'NONE', #634, 1000.000000000000000 ) ;
#889 = ORIENTED_EDGE ( 'NONE', *, *, #1629, .T. ) ;
#890 = VECTOR ( 'NONE', #1167, 1000.000000000000000 ) ;
#891 = EDGE_CURVE ( 'NONE', #1841, #1211, #515, .T. ) ;
#892 = DIRECTION ( 'NONE',  ( 0.000000000000000000, 0.000000000000000000, 1.000000000000000000 ) ) ;
#893 = DIRECTION ( 'NONE',  ( -1.000000000000000000, 0.000000000000000000, -1.347112710381348790E-16 ) ) ;
#894 = VECTOR ( 'NONE', #681, 1000.000000000000000 ) ;
#895 = CARTESIAN_POINT ( 'NONE',  ( -12.82854092026047788, 4.300000000000001599, -26.38203316871812731 ) ) ;
#896 = CARTESIAN_POINT ( 'NONE',  ( -13.32854092026047610, 4.300000000000001599, -14.98203316871812874 ) ) ;
#897 = DIRECTION ( 'NONE',  ( -0.000000000000000000, -1.000000000000000000, -0.000000000000000000 ) ) ;
#898 = ORIENTED_EDGE ( 'NONE', *, *, #803, .T. ) ;
#899 = VERTEX_POINT ( 'NONE', #1098 ) ;
#900 = DIRECTION ( 'NONE',  ( 0.000000000000000000, -1.000000000000000000, 0.000000000000000000 ) ) ;
#901 = LINE ( 'NONE', #1847, #1307 ) ;
#902 = DIRECTION ( 'NONE',  ( 0.000000000000000000, 1.000000000000000000, 0.000000000000000000 ) ) ;
#903 = ORIENTED_EDGE ( 'NONE', *, *, #176, .F. ) ;
#904 = PLANE ( 'NONE',  #749 ) ;
#905 = EDGE_CURVE ( 'NONE', #1164, #926, #383, .T. ) ;
#906 = DIRECTION ( 'NONE',  ( 0.000000000000000000, 1.000000000000000000, 0.000000000000000000 ) ) ;
#907 = ORIENTED_EDGE ( 'NONE', *, *, #115, .F. ) ;
#908 = VERTEX_POINT ( 'NONE', #1380 ) ;
#909 = EDGE_LOOP ( 'NONE', ( #262, #54, #843, #1290 ) ) ;
#910 = ORIENTED_EDGE ( 'NONE', *, *, #512, .T. ) ;
#911 = CYLINDRICAL_SURFACE ( 'NONE', #1483, 2.999999999999999112 ) ;
#912 = DIRECTION ( 'NONE',  ( 0.000000000000000000, -0.000000000000000000, -1.000000000000000000 ) ) ;
#913 = CARTESIAN_POINT ( 'NONE',  ( 48.17145907973953456, 8.599999999999999645, 20.01796683128186771 ) ) ;
#914 = FACE_OUTER_BOUND ( 'NONE', #68, .T. ) ;
#915 = CARTESIAN_POINT ( 'NONE',  ( 49.67145907973953456, 3.000000000000000000, -30.48203316871812874 ) ) ;
#916 = EDGE_CURVE ( 'NONE', #678, #1258, #957, .T. ) ;
#917 = ORIENTED_EDGE ( 'NONE', *, *, #1312, .F. ) ;
#918 = DIRECTION ( 'NONE',  ( 0.000000000000000000, 0.000000000000000000, -1.000000000000000000 ) ) ;
#919 = VERTEX_POINT ( 'NONE', #1798 ) ;
#920 = VECTOR ( 'NONE', #792, 1000.000000000000000 ) ;
#921 = CARTESIAN_POINT ( 'NONE',  ( -12.82854092026047788, 4.300000000000001599, 16.61796683128187269 ) ) ;
#922 = VECTOR ( 'NONE', #1738, 1000.000000000000000 ) ;
#923 = CARTESIAN_POINT ( 'NONE',  ( 34.93141406157385376, 3.000000000000000000, 9.319028710374293922 ) ) ;
#924 = AXIS2_PLACEMENT_3D ( 'NONE', #326, #597, #589 ) ;
#925 = CARTESIAN_POINT ( 'NONE',  ( -2.700620124022945490, 3.000000000000000000, 15.71839037503022496 ) ) ;
#926 = VERTEX_POINT ( 'NONE', #360 ) ;
#927 = AXIS2_PLACEMENT_3D ( 'NONE', #212, #812, #952 ) ;
#928 = CARTESIAN_POINT ( 'NONE',  ( -2.700620124022945490, 3.000000000000000000, 10.31902871037429037 ) ) ;
#929 = AXIS2_PLACEMENT_3D ( 'NONE', #1052, #1741, #352 ) ;
#930 = CARTESIAN_POINT ( 'NONE',  ( -45.32854092026047965, 3.000000000000000000, -28.48203316871813584 ) ) ;
#931 = ORIENTED_EDGE ( 'NONE', *, *, #256, .T. ) ;
#932 = ORIENTED_EDGE ( 'NONE', *, *, #842, .F. ) ;
#933 = ORIENTED_EDGE ( 'NONE', *, *, #934, .F. ) ;
#934 = EDGE_CURVE ( 'NONE', #1589, #1465, #342, .T. ) ;
#935 = CARTESIAN_POINT ( 'NONE',  ( -48.82854092026047255, 4.300000000000001599, 20.01796683128186771 ) ) ;
#936 = DIRECTION ( 'NONE',  ( 0.000000000000000000, 0.000000000000000000, -1.000000000000000000 ) ) ;
#937 = CARTESIAN_POINT ( 'NONE',  ( 25.67145907973953101, 4.300000000000001599, -9.712896770440963223 ) ) ;
#938 = DIRECTION ( 'NONE',  ( 0.000000000000000000, -0.000000000000000000, -1.000000000000000000 ) ) ;
#939 = DIRECTION ( 'NONE',  ( 0.000000000000000000, 1.000000000000000000, -0.000000000000000000 ) ) ;
#940 = ORIENTED_EDGE ( 'NONE', *, *, #828, .F. ) ;
#941 = VERTEX_POINT ( 'NONE', #696 ) ;
#942 = EDGE_LOOP ( 'NONE', ( #38, #113, #717, #7, #1541, #646, #605, #428, #1257, #170, #1086, #199, #1453, #419, #741, #1279, #637, #498, #1270, #1713 ) ) ;
#943 = EDGE_CURVE ( 'NONE', #208, #379, #1655, .T. ) ;
#944 = PLANE ( 'NONE',  #1219 ) ;
#945 = DIRECTION ( 'NONE',  ( 0.000000000000000000, 0.000000000000000000, -1.000000000000000000 ) ) ;
#946 = EDGE_LOOP ( 'NONE', ( #1720, #510, #446, #1074 ) ) ;
#947 = LINE ( 'NONE', #1822, #3 ) ;
#948 = CARTESIAN_POINT ( 'NONE',  ( 48.17145907973952745, 4.300000000000001599, 17.01796683128187126 ) ) ;
#949 = CARTESIAN_POINT ( 'NONE',  ( 51.17145907973952745, 1.000000000000000000, -2.482033168718131400 ) ) ;
#950 = ORIENTED_EDGE ( 'NONE', *, *, #397, .F. ) ;
#951 = ORIENTED_EDGE ( 'NONE', *, *, #1036, .F. ) ;
#952 = DIRECTION ( 'NONE',  ( -1.000000000000000000, 0.000000000000000000, -1.073024830501117553E-16 ) ) ;
#953 = VECTOR ( 'NONE', #1113, 1000.000000000000000 ) ;
#954 = CARTESIAN_POINT ( 'NONE',  ( -12.82854092026047788, 4.300000000000001599, -27.48203316871812874 ) ) ;
#955 = ADVANCED_FACE ( 'NONE', ( #1518 ), #1639, .T. ) ;
#956 = CYLINDRICAL_SURFACE ( 'NONE', #1451, 1.100000000000000311 ) ;
#957 = CIRCLE ( 'NONE', #802, 2.999999999999999112 ) ;
#958 = APPLICATION_PROTOCOL_DEFINITION ( 'draft international standard', 'automotive_design', 1998, #202 ) ;
#959 = ADVANCED_FACE ( 'NONE', ( #1507 ), #801, .F. ) ;
#960 = AXIS2_PLACEMENT_3D ( 'NONE', #1803, #1115, #1676 ) ;
#961 = LINE ( 'NONE', #1128, #1478 ) ;
#962 = ORIENTED_EDGE ( 'NONE', *, *, #305, .F. ) ;
#963 = DIRECTION ( 'NONE',  ( 0.000000000000000000, 0.000000000000000000, 1.000000000000000000 ) ) ;
#964 = VECTOR ( 'NONE', #330, 1000.000000000000000 ) ;
#965 = ORIENTED_EDGE ( 'NONE', *, *, #1646, .T. ) ;
#966 = DIRECTION ( 'NONE',  ( -1.000000000000000000, 0.000000000000000000, -1.073024830501117923E-16 ) ) ;
#967 = DIRECTION ( 'NONE',  ( 1.000000000000000000, 0.000000000000000000, 0.000000000000000000 ) ) ;
#968 = DIRECTION ( 'NONE',  ( -1.000000000000000000, -0.000000000000000000, -0.000000000000000000 ) ) ;
#969 = CARTESIAN_POINT ( 'NONE',  ( 20.67145907973953101, 3.000000000000000000, -11.71289677044096322 ) ) ;
#970 = ORIENTED_EDGE ( 'NONE', *, *, #1018, .F. ) ;
#971 = DIRECTION ( 'NONE',  ( 0.000000000000000000, 0.000000000000000000, -1.000000000000000000 ) ) ;
#972 = EDGE_CURVE ( 'NONE', #357, #899, #1079, .T. ) ;
#973 = ORIENTED_EDGE ( 'NONE', *, *, #1347, .T. ) ;
#974 = ORIENTED_EDGE ( 'NONE', *, *, #1850, .F. ) ;
#975 = LINE ( 'NONE', #1494, #414 ) ;
#976 = DIRECTION ( 'NONE',  ( -0.000000000000000000, -1.000000000000000000, -0.000000000000000000 ) ) ;
#977 = DIRECTION ( 'NONE',  ( 0.000000000000000000, -1.000000000000000000, 0.000000000000000000 ) ) ;
#978 = DIRECTION ( 'NONE',  ( -0.000000000000000000, 1.000000000000000000, -0.000000000000000000 ) ) ;
#979 = DIRECTION ( 'NONE',  ( -6.938893903907228378E-16, 0.000000000000000000, -1.000000000000000000 ) ) ;
#980 = CARTESIAN_POINT ( 'NONE',  ( 20.67145907973953101, 4.300000000000001599, -11.71289677044096322 ) ) ;
#981 = ADVANCED_FACE ( 'NONE', ( #1568 ), #999, .F. ) ;
#982 = EDGE_LOOP ( 'NONE', ( #1469, #332, #1010, #635 ) ) ;
#983 = ORIENTED_EDGE ( 'NONE', *, *, #1673, .F. ) ;
#984 = LINE ( 'NONE', #866, #433 ) ;
#985 = VECTOR ( 'NONE', #939, 1000.000000000000000 ) ;
#986 = UNCERTAINTY_MEASURE_WITH_UNIT (LENGTH_MEASURE( 1.000000000000000082E-05 ), #525, 'distance_accuracy_value', 'NONE');
#987 = FACE_OUTER_BOUND ( 'NONE', #560, .T. ) ;
#988 = DIRECTION ( 'NONE',  ( 0.000000000000000000, 0.000000000000000000, 1.000000000000000000 ) ) ;
#989 = VECTOR ( 'NONE', #1319, 1000.000000000000000 ) ;
#990 = DIRECTION ( 'NONE',  ( -1.073024830501117799E-16, 0.000000000000000000, 1.000000000000000000 ) ) ;
#991 = VECTOR ( 'NONE', #1697, 1000.000000000000000 ) ;
#992 = ORIENTED_EDGE ( 'NONE', *, *, #1661, .F. ) ;
#993 = ORIENTED_EDGE ( 'NONE', *, *, #421, .T. ) ;
#994 = COLOUR_RGB ( '',0.7921568627450980005, 0.8196078431372548767, 0.9333333333333333481 ) ;
#995 = ADVANCED_FACE ( 'NONE', ( #402 ), #1422, .F. ) ;
#996 = VECTOR ( 'NONE', #1161, 1000.000000000000000 ) ;
#997 = EDGE_CURVE ( 'NONE', #23, #1415, #531, .T. ) ;
#998 = ORIENTED_EDGE ( 'NONE', *, *, #472, .T. ) ;
#999 = PLANE ( 'NONE',  #307 ) ;
#1000 = PLANE ( 'NONE',  #1250 ) ;
#1001 = CARTESIAN_POINT ( 'NONE',  ( 39.17145907973952745, 4.300000000000001599, -27.48203316871813229 ) ) ;
#1002 = DIRECTION ( 'NONE',  ( -0.000000000000000000, 1.000000000000000000, -0.000000000000000000 ) ) ;
#1003 = ORIENTED_EDGE ( 'NONE', *, *, #495, .T. ) ;
#1004 = ORIENTED_EDGE ( 'NONE', *, *, #1438, .F. ) ;
#1005 = EDGE_CURVE ( 'NONE', #301, #941, #1808, .T. ) ;
#1006 = DIRECTION ( 'NONE',  ( 1.000000000000000000, 0.000000000000000000, 0.000000000000000000 ) ) ;
#1007 = ORIENTED_EDGE ( 'NONE', *, *, #1580, .T. ) ;
#1008 = CYLINDRICAL_SURFACE ( 'NONE', #282, 2.000000000000000000 ) ;
#1009 = CARTESIAN_POINT ( 'NONE',  ( -45.82854092026047255, 4.300000000000001599, -31.98203316871812874 ) ) ;
#1010 = ORIENTED_EDGE ( 'NONE', *, *, #538, .T. ) ;
#1011 = ORIENTED_EDGE ( 'NONE', *, *, #1542, .T. ) ;
#1012 = CARTESIAN_POINT ( 'NONE',  ( -16.32854092026047610, 3.000000000000000000, -12.98203316871812874 ) ) ;
#1013 = EDGE_CURVE ( 'NONE', #578, #652, #1545, .T. ) ;
#1014 = CYLINDRICAL_SURFACE ( 'NONE', #432, 1.100000000000000311 ) ;
#1015 = EDGE_LOOP ( 'NONE', ( #950, #1833 ) ) ;
#1016 = AXIS2_PLACEMENT_3D ( 'NONE', #602, #424, #1163 ) ;
#1017 = CARTESIAN_POINT ( 'NONE',  ( 48.17145907973952745, 8.599999999999999645, -28.98203316871813229 ) ) ;
#1018 = EDGE_CURVE ( 'NONE', #941, #899, #1158, .T. ) ;
#1019 = AXIS2_PLACEMENT_3D ( 'NONE', #1758, #1175, #450 ) ;
#1020 = CARTESIAN_POINT ( 'NONE',  ( -48.82854092026047255, 4.300000000000001599, 20.01796683128186771 ) ) ;
#1021 = VERTEX_POINT ( 'NONE', #564 ) ;
#1022 = VECTOR ( 'NONE', #1265, 1000.000000000000000 ) ;
#1023 = AXIS2_PLACEMENT_3D ( 'NONE', #836, #1824, #111 ) ;
#1024 = AXIS2_PLACEMENT_3D ( 'NONE', #1351, #1767, #1176 ) ;
#1025 = FACE_OUTER_BOUND ( 'NONE', #1084, .T. ) ;
#1026 = EDGE_CURVE ( 'NONE', #1055, #1101, #984, .T. ) ;
#1027 = DIRECTION ( 'NONE',  ( 0.000000000000000000, 1.000000000000000000, 0.000000000000000000 ) ) ;
#1028 = ORIENTED_EDGE ( 'NONE', *, *, #134, .T. ) ;
#1029 = ADVANCED_FACE ( 'NONE', ( #737 ), #1439, .F. ) ;
#1030 = ORIENTED_EDGE ( 'NONE', *, *, #134, .F. ) ;
#1031 = CARTESIAN_POINT ( 'NONE',  ( 22.67145907973953101, 4.300000000000001599, -11.71289677044096322 ) ) ;
#1032 = CARTESIAN_POINT ( 'NONE',  ( 48.17145907973952745, 0.000000000000000000, 17.01796683128187126 ) ) ;
#1033 = LINE ( 'NONE', #582, #996 ) ;
#1034 = DIRECTION ( 'NONE',  ( 1.000000000000000000, 0.000000000000000000, 0.000000000000000000 ) ) ;
#1035 = ORIENTED_EDGE ( 'NONE', *, *, #536, .T. ) ;
#1036 = EDGE_CURVE ( 'NONE', #822, #81, #1714, .T. ) ;
#1037 = EDGE_LOOP ( 'NONE', ( #220, #1644, #511, #931 ) ) ;
#1038 = CARTESIAN_POINT ( 'NONE',  ( -45.82854092026047255, 8.599999999999999645, -28.98203316871813229 ) ) ;
#1039 = DIRECTION ( 'NONE',  ( 0.000000000000000000, 0.000000000000000000, -1.000000000000000000 ) ) ;
#1040 = LINE ( 'NONE', #1597, #922 ) ;
#1041 = CARTESIAN_POINT ( 'NONE',  ( -1.700620124022944601, 3.000000000000000000, 9.319028710374288593 ) ) ;
#1042 = ORIENTED_EDGE ( 'NONE', *, *, #658, .T. ) ;
#1043 = VECTOR ( 'NONE', #186, 1000.000000000000000 ) ;
#1044 = VERTEX_POINT ( 'NONE', #1709 ) ;
#1045 = ORIENTED_EDGE ( 'NONE', *, *, #570, .T. ) ;
#1046 = AXIS2_PLACEMENT_3D ( 'NONE', #508, #1129, #963 ) ;
#1047 = CARTESIAN_POINT ( 'NONE',  ( 20.67145907973953101, 8.599999999999999645, -12.71289677044096322 ) ) ;
#1048 = EDGE_CURVE ( 'NONE', #1704, #822, #703, .T. ) ;
#1049 = CARTESIAN_POINT ( 'NONE',  ( 49.67145907973952745, 3.000000000000000000, 18.51796683128186771 ) ) ;
#1050 = CIRCLE ( 'NONE', #436, 1.999999999999998224 ) ;
#1051 = DIRECTION ( 'NONE',  ( 0.000000000000000000, 1.000000000000000000, 0.000000000000000000 ) ) ;
#1052 = CARTESIAN_POINT ( 'NONE',  ( 39.17145907973952745, 3.000000000000000000, 15.51796683128186771 ) ) ;
#1053 = CYLINDRICAL_SURFACE ( 'NONE', #585, 1.100000000000000311 ) ;
#1054 = ORIENTED_EDGE ( 'NONE', *, *, #92, .T. ) ;
#1055 = VERTEX_POINT ( 'NONE', #1012 ) ;
#1056 = LINE ( 'NONE', #754, #157 ) ;
#1057 = LINE ( 'NONE', #1495, #1779 ) ;
#1058 = EDGE_CURVE ( 'NONE', #822, #1755, #573, .T. ) ;
#1059 = CARTESIAN_POINT ( 'NONE',  ( 47.67145907973953456, 3.000000000000000000, -28.48203316871812518 ) ) ;
#1060 = FACE_OUTER_BOUND ( 'NONE', #190, .T. ) ;
#1061 = CARTESIAN_POINT ( 'NONE',  ( 51.17145907973952745, 8.599999999999999645, -31.98203316871812874 ) ) ;
#1062 = ORIENTED_EDGE ( 'NONE', *, *, #214, .T. ) ;
#1063 = ORIENTED_EDGE ( 'NONE', *, *, #60, .T. ) ;
#1064 = ORIENTED_EDGE ( 'NONE', *, *, #1696, .F. ) ;
#1065 = CARTESIAN_POINT ( 'NONE',  ( 35.93141406157385376, 4.300000000000001599, 9.319028710374293922 ) ) ;
#1066 = DIRECTION ( 'NONE',  ( 0.000000000000000000, 0.000000000000000000, 1.000000000000000000 ) ) ;
#1067 = CARTESIAN_POINT ( 'NONE',  ( 35.93141406157385376, 4.300000000000001599, 9.319028710374293922 ) ) ;
#1068 = EDGE_LOOP ( 'NONE', ( #205, #521, #679, #751 ) ) ;
#1069 = EDGE_CURVE ( 'NONE', #444, #23, #1292, .T. ) ;
#1070 = LINE ( 'NONE', #644, #1191 ) ;
#1071 = CARTESIAN_POINT ( 'NONE',  ( 22.67145907973953101, 3.000000000000000000, -14.71289677044096322 ) ) ;
#1072 = ORIENTED_EDGE ( 'NONE', *, *, #397, .T. ) ;
#1073 = EDGE_CURVE ( 'NONE', #18, #1786, #1133, .T. ) ;
#1074 = ORIENTED_EDGE ( 'NONE', *, *, #1506, .F. ) ;
#1075 = ORIENTED_EDGE ( 'NONE', *, *, #412, .T. ) ;
#1076 = FACE_BOUND ( 'NONE', #600, .T. ) ;
#1077 = VECTOR ( 'NONE', #1853, 1000.000000000000000 ) ;
#1078 = PLANE ( 'NONE',  #500 ) ;
#1079 = CIRCLE ( 'NONE', #413, 2.000000000000000000 ) ;
#1080 = DIRECTION ( 'NONE',  ( 0.000000000000000000, 0.000000000000000000, 1.000000000000000000 ) ) ;
#1081 = VECTOR ( 'NONE', #240, 1000.000000000000000 ) ;
#1082 = PLANE ( 'NONE',  #1454 ) ;
#1083 = CARTESIAN_POINT ( 'NONE',  ( 23.67145907973953456, 8.599999999999999645, -14.71289677044096322 ) ) ;
#1084 = EDGE_LOOP ( 'NONE', ( #1042, #932, #691, #1591 ) ) ;
#1085 = EDGE_CURVE ( 'NONE', #1044, #1437, #8, .T. ) ;
#1086 = ORIENTED_EDGE ( 'NONE', *, *, #371, .F. ) ;
#1087 = VERTEX_POINT ( 'NONE', #628 ) ;
#1088 = LINE ( 'NONE', #351, #618 ) ;
#1089 = DIRECTION ( 'NONE',  ( 0.000000000000000000, 0.000000000000000000, 1.000000000000000000 ) ) ;
#1090 = FACE_OUTER_BOUND ( 'NONE', #676, .T. ) ;
#1091 = DIRECTION ( 'NONE',  ( 0.000000000000000000, 0.000000000000000000, 1.000000000000000000 ) ) ;
#1092 = ORIENTED_EDGE ( 'NONE', *, *, #1466, .T. ) ;
#1093 = LINE ( 'NONE', #1124, #1338 ) ;
#1094 = ORIENTED_EDGE ( 'NONE', *, *, #50, .F. ) ;
#1095 = ORIENTED_EDGE ( 'NONE', *, *, #1711, .T. ) ;
#1096 = EDGE_CURVE ( 'NONE', #1755, #1753, #441, .T. ) ;
#1097 = LINE ( 'NONE', #1515, #1517 ) ;
#1098 = CARTESIAN_POINT ( 'NONE',  ( -14.32854092026047432, 4.300000000000001599, -9.982033168718128735 ) ) ;
#1099 = DIRECTION ( 'NONE',  ( 0.000000000000000000, 1.000000000000000000, 0.000000000000000000 ) ) ;
#1100 = DIRECTION ( 'NONE',  ( 0.000000000000000000, 1.000000000000000000, 0.000000000000000000 ) ) ;
#1101 = VERTEX_POINT ( 'NONE', #20 ) ;
#1102 = PLANE ( 'NONE',  #497 ) ;
#1103 = VERTEX_POINT ( 'NONE', #28 ) ;
#1104 = ORIENTED_EDGE ( 'NONE', *, *, #536, .F. ) ;
#1105 = EDGE_CURVE ( 'NONE', #223, #239, #336, .T. ) ;
#1106 = VECTOR ( 'NONE', #862, 1000.000000000000000 ) ;
#1107 = CIRCLE ( 'NONE', #687, 2.999999999999999112 ) ;
#1108 = ADVANCED_FACE ( 'NONE', ( #615 ), #911, .T. ) ;
#1109 = CARTESIAN_POINT ( 'NONE',  ( 49.67145907973952745, 1.000000000000000000, 4.317966831281869311 ) ) ;
#1110 = CIRCLE ( 'NONE', #924, 1.000000000000000888 ) ;
#1111 = PRODUCT_CONTEXT ( 'NONE', #1361, 'mechanical' ) ;
#1112 = CARTESIAN_POINT ( 'NONE',  ( -48.82854092026047255, 0.000000000000000000, -31.98203316871812874 ) ) ;
#1113 = DIRECTION ( 'NONE',  ( -0.000000000000000000, 1.000000000000000000, -0.000000000000000000 ) ) ;
#1114 = ORIENTED_EDGE ( 'NONE', *, *, #1069, .F. ) ;
#1115 = DIRECTION ( 'NONE',  ( -0.000000000000000000, -1.000000000000000000, -0.000000000000000000 ) ) ;
#1116 = VERTEX_POINT ( 'NONE', #448 ) ;
#1117 = ORIENTED_EDGE ( 'NONE', *, *, #972, .F. ) ;
#1118 = FACE_BOUND ( 'NONE', #251, .T. ) ;
#1119 = CARTESIAN_POINT ( 'NONE',  ( 49.67145907973953456, 0.000000000000000000, -28.48203316871812518 ) ) ;
#1120 = DIRECTION ( 'NONE',  ( 0.000000000000000000, 1.000000000000000000, -0.000000000000000000 ) ) ;
#1121 = EDGE_CURVE ( 'NONE', #79, #1678, #720, .T. ) ;
#1122 = CARTESIAN_POINT ( 'NONE',  ( 48.17145907973952745, 8.599999999999999645, 17.01796683128187126 ) ) ;
#1123 = DIRECTION ( 'NONE',  ( 0.000000000000000000, -1.000000000000000000, 0.000000000000000000 ) ) ;
#1124 = CARTESIAN_POINT ( 'NONE',  ( -16.32854092026047610, 3.000000000000000000, -11.98203316871812874 ) ) ;
#1125 = ORIENTED_EDGE ( 'NONE', *, *, #1209, .T. ) ;
#1126 =( NAMED_UNIT ( * ) PLANE_ANGLE_UNIT ( ) SI_UNIT ( $, .RADIAN. ) );
#1127 = CARTESIAN_POINT ( 'NONE',  ( 49.67145907973954166, 1.000000000000000000, -2.482033168718152272 ) ) ;
#1128 = CARTESIAN_POINT ( 'NONE',  ( 51.17145907973952745, 4.300000000000001599, 20.01796683128186771 ) ) ;
#1129 = DIRECTION ( 'NONE',  ( 0.000000000000000000, 1.000000000000000000, 0.000000000000000000 ) ) ;
#1130 = VERTEX_POINT ( 'NONE', #921 ) ;
#1131 = EDGE_CURVE ( 'NONE', #1704, #223, #1110, .T. ) ;
#1132 = ORIENTED_EDGE ( 'NONE', *, *, #1282, .T. ) ;
#1133 = LINE ( 'NONE', #415, #991 ) ;
#1134 = AXIS2_PLACEMENT_3D ( 'NONE', #1621, #1499, #1628 ) ;
#1135 = AXIS2_PLACEMENT_3D ( 'NONE', #1284, #437, #739 ) ;
#1136 = DIRECTION ( 'NONE',  ( -0.000000000000000000, -1.000000000000000000, -0.000000000000000000 ) ) ;
#1137 = DIRECTION ( 'NONE',  ( -1.000000000000000000, 0.000000000000000000, -0.000000000000000000 ) ) ;
#1138 = VECTOR ( 'NONE', #858, 1000.000000000000000 ) ;
#1139 = FACE_OUTER_BOUND ( 'NONE', #314, .T. ) ;
#1140 = FACE_OUTER_BOUND ( 'NONE', #845, .T. ) ;
#1141 = ORIENTED_EDGE ( 'NONE', *, *, #5, .F. ) ;
#1142 = ORIENTED_EDGE ( 'NONE', *, *, #872, .F. ) ;
#1143 = VECTOR ( 'NONE', #89, 1000.000000000000000 ) ;
#1144 = EDGE_CURVE ( 'NONE', #1687, #1044, #296, .T. ) ;
#1145 = CIRCLE ( 'NONE', #1024, 2.000000000000000000 ) ;
#1146 = CARTESIAN_POINT ( 'NONE',  ( -2.700620124022945490, 3.000000000000000000, 9.319028710374288593 ) ) ;
#1147 = DIRECTION ( 'NONE',  ( -0.000000000000000000, -0.000000000000000000, -1.000000000000000000 ) ) ;
#1148 = LINE ( 'NONE', #1318, #1429 ) ;
#1149 = CARTESIAN_POINT ( 'NONE',  ( -11.32854092026047610, 3.000000000000000000, -12.98203316871813051 ) ) ;
#1150 = ORIENTED_EDGE ( 'NONE', *, *, #329, .T. ) ;
#1151 = EDGE_CURVE ( 'NONE', #1353, #1325, #1485, .T. ) ;
#1152 = EDGE_CURVE ( 'NONE', #753, #1130, #129, .T. ) ;
#1153 = DIRECTION ( 'NONE',  ( 0.000000000000000000, -1.000000000000000000, 0.000000000000000000 ) ) ;
#1154 = EDGE_LOOP ( 'NONE', ( #532, #276, #1554, #965 ) ) ;
#1155 = CARTESIAN_POINT ( 'NONE',  ( -45.82854092026046544, 0.000000000000000000, 17.01796683128186771 ) ) ;
#1156 = EDGE_LOOP ( 'NONE', ( #710, #47, #363, #36 ) ) ;
#1157 = EDGE_CURVE ( 'NONE', #1363, #1502, #1187, .T. ) ;
#1158 = LINE ( 'NONE', #258, #255 ) ;
#1159 = DIRECTION ( 'NONE',  ( -1.000000000000000000, 0.000000000000000000, -1.073024830501117923E-16 ) ) ;
#1160 = VECTOR ( 'NONE', #1034, 1000.000000000000000 ) ;
#1161 = DIRECTION ( 'NONE',  ( 0.000000000000000000, 0.000000000000000000, 1.000000000000000000 ) ) ;
#1162 = VECTOR ( 'NONE', #1182, 1000.000000000000000 ) ;
#1163 = DIRECTION ( 'NONE',  ( 0.000000000000000000, 0.000000000000000000, -1.000000000000000000 ) ) ;
#1164 = VERTEX_POINT ( 'NONE', #1444 ) ;
#1165 = CIRCLE ( 'NONE', #1742, 2.000000000000001776 ) ;
#1166 = AXIS2_PLACEMENT_3D ( 'NONE', #1049, #990, #1608 ) ;
#1167 = DIRECTION ( 'NONE',  ( 0.000000000000000000, 0.000000000000000000, -1.000000000000000000 ) ) ;
#1168 = FACE_OUTER_BOUND ( 'NONE', #1304, .T. ) ;
#1169 = EDGE_CURVE ( 'NONE', #838, #1196, #1056, .T. ) ;
#1170 = CARTESIAN_POINT ( 'NONE',  ( -13.32854092026047610, 4.300000000000001599, -11.98203316871812696 ) ) ;
#1171 = FACE_OUTER_BOUND ( 'NONE', #1246, .T. ) ;
#1172 = ORIENTED_EDGE ( 'NONE', *, *, #614, .F. ) ;
#1173 = CARTESIAN_POINT ( 'NONE',  ( 39.17145907973952745, 3.000000000000000000, -28.58203316871813371 ) ) ;
#1174 = DIRECTION ( 'NONE',  ( 0.000000000000000000, 0.000000000000000000, 1.000000000000000000 ) ) ;
#1175 = DIRECTION ( 'NONE',  ( -0.000000000000000000, -1.000000000000000000, -0.000000000000000000 ) ) ;
#1176 = DIRECTION ( 'NONE',  ( 0.000000000000000000, 0.000000000000000000, -1.000000000000000000 ) ) ;
#1177 = CARTESIAN_POINT ( 'NONE',  ( 22.67145907973953101, 3.000000000000000000, -14.71289677044096322 ) ) ;
#1178 = ORIENTED_EDGE ( 'NONE', *, *, #943, .T. ) ;
#1179 = EDGE_CURVE ( 'NONE', #1718, #1755, #654, .T. ) ;
#1180 = CYLINDRICAL_SURFACE ( 'NONE', #1689, 1.999999999999998224 ) ;
#1181 = LINE ( 'NONE', #1736, #1484 ) ;
#1182 = DIRECTION ( 'NONE',  ( -1.000000000000000000, 0.000000000000000000, -8.980751402542323212E-17 ) ) ;
#1183 = CARTESIAN_POINT ( 'NONE',  ( 0.000000000000000000, 1.000000000000000000, 0.000000000000000000 ) ) ;
#1184 = CARTESIAN_POINT ( 'NONE',  ( 51.17145907973952745, 1.000000000000000000, -2.482033168718131400 ) ) ;
#1185 = ORIENTED_EDGE ( 'NONE', *, *, #788, .T. ) ;
#1186 = AXIS2_PLACEMENT_3D ( 'NONE', #546, #395, #1800 ) ;
#1187 = CIRCLE ( 'NONE', #378, 2.000000000000000000 ) ;
#1188 = EDGE_CURVE ( 'NONE', #379, #1223, #1317, .T. ) ;
#1189 = CARTESIAN_POINT ( 'NONE',  ( -12.82854092026047788, 8.599999999999999645, -27.48203316871812874 ) ) ;
#1190 = LINE ( 'NONE', #1428, #747 ) ;
#1191 = VECTOR ( 'NONE', #1208, 1000.000000000000000 ) ;
#1192 = CARTESIAN_POINT ( 'NONE',  ( 35.93141406157385376, 3.000000000000000000, 16.71839037503022851 ) ) ;
#1193 = DIRECTION ( 'NONE',  ( 1.000000000000000000, -0.000000000000000000, 0.000000000000000000 ) ) ;
#1194 = CARTESIAN_POINT ( 'NONE',  ( -47.32854092026047965, 0.000000000000000000, 16.51796683128185350 ) ) ;
#1195 = ORIENTED_EDGE ( 'NONE', *, *, #358, .F. ) ;
#1196 = VERTEX_POINT ( 'NONE', #1173 ) ;
#1197 = ADVANCED_FACE ( 'NONE', ( #1727 ), #1180, .F. ) ;
#1198 = DIRECTION ( 'NONE',  ( 1.000000000000000000, 0.000000000000000000, 8.980751402542324444E-17 ) ) ;
#1199 = EDGE_CURVE ( 'NONE', #1503, #1560, #1339, .T. ) ;
#1200 = CARTESIAN_POINT ( 'NONE',  ( -47.32854092026047965, 0.000000000000000000, 16.51796683128185350 ) ) ;
#1201 = CARTESIAN_POINT ( 'NONE',  ( 34.93141406157385376, 4.300000000000001599, 15.71839037503022851 ) ) ;
#1202 = CARTESIAN_POINT ( 'NONE',  ( 39.17145907973952745, 4.300000000000001599, 15.51796683128186771 ) ) ;
#1203 = ORIENTED_EDGE ( 'NONE', *, *, #264, .F. ) ;
#1204 = ORIENTED_EDGE ( 'NONE', *, *, #780, .F. ) ;
#1205 = DIRECTION ( 'NONE',  ( 0.000000000000000000, -1.000000000000000000, -0.000000000000000000 ) ) ;
#1206 = DIRECTION ( 'NONE',  ( 6.938893903907227392E-16, -0.000000000000000000, 1.000000000000000000 ) ) ;
#1207 = LINE ( 'NONE', #473, #219 ) ;
#1208 = DIRECTION ( 'NONE',  ( -0.000000000000000000, 1.000000000000000000, -0.000000000000000000 ) ) ;
#1209 = EDGE_CURVE ( 'NONE', #1503, #1614, #462, .T. ) ;
#1210 = DIRECTION ( 'NONE',  ( -1.000000000000000000, -0.000000000000000000, -3.469446951953613696E-16 ) ) ;
#1211 = VERTEX_POINT ( 'NONE', #761 ) ;
#1212 = ORIENTED_EDGE ( 'NONE', *, *, #1348, .F. ) ;
#1213 = ORIENTED_EDGE ( 'NONE', *, *, #1520, .T. ) ;
#1214 = AXIS2_PLACEMENT_3D ( 'NONE', #1155, #897, #1460 ) ;
#1215 = CARTESIAN_POINT ( 'NONE',  ( -2.700620124022945490, 4.300000000000001599, 9.319028710374288593 ) ) ;
#1216 = FACE_BOUND ( 'NONE', #623, .T. ) ;
#1217 = LINE ( 'NONE', #244, #69 ) ;
#1218 = CIRCLE ( 'NONE', #960, 2.999999999999999112 ) ;
#1219 = AXIS2_PLACEMENT_3D ( 'NONE', #1764, #1625, #1066 ) ;
#1220 = LINE ( 'NONE', #1127, #183 ) ;
#1221 = FACE_OUTER_BOUND ( 'NONE', #1346, .T. ) ;
#1222 = ADVANCED_FACE ( 'NONE', ( #41 ), #1326, .F. ) ;
#1223 = VERTEX_POINT ( 'NONE', #1378 ) ;
#1224 = DIRECTION ( 'NONE',  ( 0.000000000000000000, 0.000000000000000000, 1.000000000000000000 ) ) ;
#1225 = ORIENTED_EDGE ( 'NONE', *, *, #5, .T. ) ;
#1226 = ORIENTED_EDGE ( 'NONE', *, *, #78, .F. ) ;
#1227 = ORIENTED_EDGE ( 'NONE', *, *, #412, .F. ) ;
#1228 = FACE_BOUND ( 'NONE', #1410, .T. ) ;
#1229 = DIRECTION ( 'NONE',  ( 0.000000000000000000, -1.000000000000000000, 0.000000000000000000 ) ) ;
#1230 = DIRECTION ( 'NONE',  ( 0.000000000000000000, 0.000000000000000000, -1.000000000000000000 ) ) ;
#1231 = FACE_OUTER_BOUND ( 'NONE', #883, .T. ) ;
#1232 = LINE ( 'NONE', #1656, #715 ) ;
#1233 = ORIENTED_EDGE ( 'NONE', *, *, #1312, .T. ) ;
#1234 = CARTESIAN_POINT ( 'NONE',  ( 34.93141406157385376, 4.300000000000001599, 9.319028710374293922 ) ) ;
#1235 = ORIENTED_EDGE ( 'NONE', *, *, #1795, .T. ) ;
#1236 = EDGE_CURVE ( 'NONE', #1631, #1437, #1526, .T. ) ;
#1237 = DIRECTION ( 'NONE',  ( 0.000000000000000000, 0.000000000000000000, -1.000000000000000000 ) ) ;
#1238 = CARTESIAN_POINT ( 'NONE',  ( -45.32854092026044412, 0.000000000000000000, 18.51796683128185705 ) ) ;
#1239 = DIRECTION ( 'NONE',  ( 0.000000000000000000, -1.000000000000000000, 0.000000000000000000 ) ) ;
#1240 = CARTESIAN_POINT ( 'NONE',  ( 39.17145907973952745, 4.300000000000001599, 16.61796683128186913 ) ) ;
#1241 = DIRECTION ( 'NONE',  ( 1.387778780781457351E-14, 0.000000000000000000, -1.000000000000000000 ) ) ;
#1242 = DIRECTION ( 'NONE',  ( 0.000000000000000000, -1.000000000000000000, 0.000000000000000000 ) ) ;
#1243 = ORIENTED_EDGE ( 'NONE', *, *, #880, .F. ) ;
#1244 = DIRECTION ( 'NONE',  ( 0.000000000000000000, 0.000000000000000000, 1.000000000000000000 ) ) ;
#1245 = VERTEX_POINT ( 'NONE', #1777 ) ;
#1246 = EDGE_LOOP ( 'NONE', ( #1633, #445, #1280, #940 ) ) ;
#1247 = CARTESIAN_POINT ( 'NONE',  ( -48.82854092026046544, 8.599999999999999645, 20.01796683128186771 ) ) ;
#1248 = EDGE_CURVE ( 'NONE', #1841, #1631, #1603, .T. ) ;
#1249 = AXIS2_PLACEMENT_3D ( 'NONE', #62, #835, #979 ) ;
#1250 = AXIS2_PLACEMENT_3D ( 'NONE', #1829, #592, #574 ) ;
#1251 = LINE ( 'NONE', #791, #561 ) ;
#1252 = VECTOR ( 'NONE', #1198, 1000.000000000000000 ) ;
#1253 = AXIS2_PLACEMENT_3D ( 'NONE', #1650, #364, #971 ) ;
#1254 = LINE ( 'NONE', #826, #1834 ) ;
#1255 = DIRECTION ( 'NONE',  ( 0.000000000000000000, 0.000000000000000000, 1.000000000000000000 ) ) ;
#1256 = AXIS2_PLACEMENT_3D ( 'NONE', #1017, #1435, #285 ) ;
#1257 = ORIENTED_EDGE ( 'NONE', *, *, #1563, .F. ) ;
#1258 = VERTEX_POINT ( 'NONE', #671 ) ;
#1259 = ADVANCED_FACE ( 'NONE', ( #1076, #226, #823, #1118, #1228, #1504, #57, #501 ), #639, .F. ) ;
#1260 = CARTESIAN_POINT ( 'NONE',  ( 51.17145907973952745, 8.599999999999999645, 17.01796683128187126 ) ) ;
#1261 = EDGE_CURVE ( 'NONE', #779, #1589, #975, .T. ) ;
#1262 = DIRECTION ( 'NONE',  ( -1.000000000000000000, 0.000000000000000000, 0.000000000000000000 ) ) ;
#1263 = CARTESIAN_POINT ( 'NONE',  ( -48.82854092026047255, 8.599999999999999645, -28.98203316871813229 ) ) ;
#1264 = ORIENTED_EDGE ( 'NONE', *, *, #1026, .F. ) ;
#1265 = DIRECTION ( 'NONE',  ( 0.000000000000000000, -1.000000000000000000, 0.000000000000000000 ) ) ;
#1266 = LINE ( 'NONE', #6, #1570 ) ;
#1267 = LINE ( 'NONE', #1391, #684 ) ;
#1268 = CARTESIAN_POINT ( 'NONE',  ( 49.67145907973953456, 0.000000000000000000, -30.48203316871812874 ) ) ;
#1269 = EDGE_CURVE ( 'NONE', #499, #1615, #1388, .T. ) ;
#1270 = ORIENTED_EDGE ( 'NONE', *, *, #1530, .F. ) ;
#1271 = ORIENTED_EDGE ( 'NONE', *, *, #1748, .F. ) ;
#1272 = DIRECTION ( 'NONE',  ( 0.000000000000000000, 0.000000000000000000, -1.000000000000000000 ) ) ;
#1273 = CIRCLE ( 'NONE', #1630, 1.100000000000000311 ) ;
#1274 = CARTESIAN_POINT ( 'NONE',  ( -14.32854092026047432, 4.300000000000001599, -14.98203316871812874 ) ) ;
#1275 = VECTOR ( 'NONE', #1389, 1000.000000000000000 ) ;
#1276 = CARTESIAN_POINT ( 'NONE',  ( 22.67145907973953101, 4.300000000000001599, -9.712896770440963223 ) ) ;
#1277 = VECTOR ( 'NONE', #900, 1000.000000000000000 ) ;
#1278 = ADVANCED_FACE ( 'NONE', ( #1653 ), #235, .F. ) ;
#1279 = ORIENTED_EDGE ( 'NONE', *, *, #1702, .T. ) ;
#1280 = ORIENTED_EDGE ( 'NONE', *, *, #1715, .F. ) ;
#1281 = VECTOR ( 'NONE', #1342, 1000.000000000000000 ) ;
#1282 = EDGE_CURVE ( 'NONE', #1753, #1704, #243, .T. ) ;
#1283 = DIRECTION ( 'NONE',  ( -0.000000000000000000, 1.000000000000000000, -0.000000000000000000 ) ) ;
#1284 = CARTESIAN_POINT ( 'NONE',  ( 22.67145907973953101, 3.000000000000000000, -12.71289677044096322 ) ) ;
#1285 = ORIENTED_EDGE ( 'NONE', *, *, #455, .T. ) ;
#1286 = LINE ( 'NONE', #1692, #464 ) ;
#1287 = DIRECTION ( 'NONE',  ( -0.000000000000000000, -1.000000000000000000, -0.000000000000000000 ) ) ;
#1288 = VERTEX_POINT ( 'NONE', #535 ) ;
#1289 = PRODUCT_DEFINITION ( 'æœ', '', #1308, #4 ) ;
#1290 = ORIENTED_EDGE ( 'NONE', *, *, #1347, .F. ) ;
#1291 = ADVANCED_FACE ( 'NONE', ( #1354 ), #1787, .F. ) ;
#1292 = LINE ( 'NONE', #1827, #1636 ) ;
#1293 = CARTESIAN_POINT ( 'NONE',  ( 39.17145907973952745, 8.599999999999999645, 14.41796683128186629 ) ) ;
#1294 = LINE ( 'NONE', #1706, #1160 ) ;
#1295 = MANIFOLD_SOLID_BREP ( 'ÇÐ³ý-À­Éì5', #884 ) ;
#1296 = EDGE_LOOP ( 'NONE', ( #524, #818, #1726, #785 ) ) ;
#1297 = EDGE_CURVE ( 'NONE', #444, #1770, #188, .T. ) ;
#1298 = DIRECTION ( 'NONE',  ( 0.000000000000000000, 0.000000000000000000, -1.000000000000000000 ) ) ;
#1299 = CARTESIAN_POINT ( 'NONE',  ( 51.17145907973952745, 0.000000000000000000, -28.98203316871813229 ) ) ;
#1300 = ORIENTED_EDGE ( 'NONE', *, *, #842, .T. ) ;
#1301 = CIRCLE ( 'NONE', #1016, 2.000000000000000000 ) ;
#1302 = VECTOR ( 'NONE', #1147, 1000.000000000000000 ) ;
#1303 = ORIENTED_EDGE ( 'NONE', *, *, #1470, .T. ) ;
#1304 = EDGE_LOOP ( 'NONE', ( #569, #1332, #453, #1432 ) ) ;
#1305 = VECTOR ( 'NONE', #1735, 1000.000000000000000 ) ;
#1306 = EDGE_LOOP ( 'NONE', ( #1686, #1062, #1045, #1754 ) ) ;
#1307 = VECTOR ( 'NONE', #1595, 1000.000000000000000 ) ;
#1308 = PRODUCT_DEFINITION_FORMATION_WITH_SPECIFIED_SOURCE ( 'ä»', '', #1349, .NOT_KNOWN. ) ;
#1309 = DIRECTION ( 'NONE',  ( -0.000000000000000000, -0.000000000000000000, -1.000000000000000000 ) ) ;
#1310 = CARTESIAN_POINT ( 'NONE',  ( 51.17145907973952745, 1.000000000000000000, 4.317966831281869311 ) ) ;
#1311 = DIRECTION ( 'NONE',  ( 0.000000000000000000, 0.000000000000000000, -1.000000000000000000 ) ) ;
#1312 = EDGE_CURVE ( 'NONE', #899, #1103, #1097, .T. ) ;
#1313 = CARTESIAN_POINT ( 'NONE',  ( -45.82854092026046544, 4.300000000000001599, 20.01796683128186771 ) ) ;
#1314 = VERTEX_POINT ( 'NONE', #1505 ) ;
#1315 = ORIENTED_EDGE ( 'NONE', *, *, #1005, .F. ) ;
#1316 = VERTEX_POINT ( 'NONE', #213 ) ;
#1317 = LINE ( 'NONE', #606, #34 ) ;
#1318 = CARTESIAN_POINT ( 'NONE',  ( -1.700620124022945490, 5.599999999999999645, 16.71839037503022496 ) ) ;
#1319 = DIRECTION ( 'NONE',  ( -1.000000000000000000, 0.000000000000000000, -1.347112710381348790E-16 ) ) ;
#1320 = ORIENTED_EDGE ( 'NONE', *, *, #891, .T. ) ;
#1321 = CARTESIAN_POINT ( 'NONE',  ( -12.82854092026047788, 3.000000000000000000, 15.51796683128187126 ) ) ;
#1322 = DIRECTION ( 'NONE',  ( 0.000000000000000000, 1.000000000000000000, 0.000000000000000000 ) ) ;
#1323 = EDGE_CURVE ( 'NONE', #242, #444, #799, .T. ) ;
#1324 = ORIENTED_EDGE ( 'NONE', *, *, #333, .T. ) ;
#1325 = VERTEX_POINT ( 'NONE', #1680 ) ;
#1326 = CYLINDRICAL_SURFACE ( 'NONE', #1575, 1.100000000000000311 ) ;
#1327 = DIRECTION ( 'NONE',  ( -0.000000000000000000, -0.000000000000000000, -1.000000000000000000 ) ) ;
#1328 = CARTESIAN_POINT ( 'NONE',  ( 23.67145907973953456, 8.599999999999999645, -12.71289677044096322 ) ) ;
#1329 = DIRECTION ( 'NONE',  ( 0.000000000000000000, 0.000000000000000000, -1.000000000000000000 ) ) ;
#1330 = CARTESIAN_POINT ( 'NONE',  ( 34.93141406157385376, 4.300000000000001599, 16.71839037503022851 ) ) ;
#1331 = CIRCLE ( 'NONE', #742, 1.100000000000000311 ) ;
#1332 = ORIENTED_EDGE ( 'NONE', *, *, #1261, .T. ) ;
#1333 = EDGE_CURVE ( 'NONE', #1164, #1359, #840, .T. ) ;
#1334 = VECTOR ( 'NONE', #1683, 1000.000000000000000 ) ;
#1335 = ORIENTED_EDGE ( 'NONE', *, *, #1542, .F. ) ;
#1336 = AXIS2_PLACEMENT_3D ( 'NONE', #228, #1496, #204 ) ;
#1337 = EDGE_CURVE ( 'NONE', #1461, #1211, #380, .T. ) ;
#1338 = VECTOR ( 'NONE', #1375, 1000.000000000000000 ) ;
#1339 = LINE ( 'NONE', #316, #1277 ) ;
#1340 = FACE_OUTER_BOUND ( 'NONE', #1679, .T. ) ;
#1341 = CARTESIAN_POINT ( 'NONE',  ( -12.82854092026047788, 8.599999999999999645, -28.58203316871813016 ) ) ;
#1342 = DIRECTION ( 'NONE',  ( -0.000000000000000000, 1.000000000000000000, -0.000000000000000000 ) ) ;
#1343 = PLANE ( 'NONE',  #886 ) ;
#1344 = ORIENTED_EDGE ( 'NONE', *, *, #400, .F. ) ;
#1345 = ORIENTED_EDGE ( 'NONE', *, *, #78, .T. ) ;
#1346 = EDGE_LOOP ( 'NONE', ( #1142, #993, #88, #1063 ) ) ;
#1347 = EDGE_CURVE ( 'NONE', #1678, #678, #1685, .T. ) ;
#1348 = EDGE_CURVE ( 'NONE', #1572, #499, #377, .T. ) ;
#1349 = PRODUCT ( 'shell_2_1', 'shell_2_1', '', ( #1111 ) ) ;
#1350 = DIRECTION ( 'NONE',  ( -0.000000000000000000, -1.000000000000000000, -0.000000000000000000 ) ) ;
#1351 = CARTESIAN_POINT ( 'NONE',  ( 23.67145907973953456, 4.300000000000001599, -11.71289677044096322 ) ) ;
#1352 = CARTESIAN_POINT ( 'NONE',  ( -16.32854092026047610, 3.000000000000000000, -9.982033168718128735 ) ) ;
#1353 = VERTEX_POINT ( 'NONE', #1783 ) ;
#1354 = FACE_OUTER_BOUND ( 'NONE', #114, .T. ) ;
#1355 = CARTESIAN_POINT ( 'NONE',  ( 23.67145907973953456, 4.300000000000001599, -14.71289677044096322 ) ) ;
#1356 = ADVANCED_FACE ( 'NONE', ( #248 ), #1501, .F. ) ;
#1357 = FACE_OUTER_BOUND ( 'NONE', #768, .T. ) ;
#1358 = DIRECTION ( 'NONE',  ( 0.000000000000000000, 0.000000000000000000, 1.000000000000000000 ) ) ;
#1359 = VERTEX_POINT ( 'NONE', #390 ) ;
#1360 = CARTESIAN_POINT ( 'NONE',  ( 34.93141406157385376, 3.000000000000000000, 15.71839037503022851 ) ) ;
#1361 = APPLICATION_CONTEXT ( 'automotive_design' ) ;
#1362 = AXIS2_PLACEMENT_3D ( 'NONE', #168, #576, #439 ) ;
#1363 = VERTEX_POINT ( 'NONE', #980 ) ;
#1364 = CIRCLE ( 'NONE', #1632, 0.9999999999999991118 ) ;
#1365 = SURFACE_SIDE_STYLE ('',( #797 ) ) ;
#1366 = AXIS2_PLACEMENT_3D ( 'NONE', #121, #138, #552 ) ;
#1367 = CARTESIAN_POINT ( 'NONE',  ( 23.67145907973953456, 4.300000000000001599, -9.712896770440963223 ) ) ;
#1368 = VECTOR ( 'NONE', #664, 1000.000000000000000 ) ;
#1369 = CARTESIAN_POINT ( 'NONE',  ( 34.93141406157385376, 8.599999999999999645, 10.31902871037429570 ) ) ;
#1370 = VECTOR ( 'NONE', #1463, 1000.000000000000000 ) ;
#1371 = VECTOR ( 'NONE', #203, 1000.000000000000000 ) ;
#1372 = CARTESIAN_POINT ( 'NONE',  ( 23.67145907973953456, 8.599999999999999645, -11.71289677044096322 ) ) ;
#1373 = CARTESIAN_POINT ( 'NONE',  ( -16.32854092026047610, 3.000000000000000000, -11.98203316871812874 ) ) ;
#1374 = EDGE_LOOP ( 'NONE', ( #983, #759, #67, #1383 ) ) ;
#1375 = DIRECTION ( 'NONE',  ( 0.000000000000000000, -1.000000000000000000, 0.000000000000000000 ) ) ;
#1376 = EDGE_CURVE ( 'NONE', #198, #919, #1793, .T. ) ;
#1377 = ORIENTED_EDGE ( 'NONE', *, *, #1333, .T. ) ;
#1378 = CARTESIAN_POINT ( 'NONE',  ( 51.17145907973952745, 0.000000000000000000, 4.317966831281869311 ) ) ;
#1379 = FACE_BOUND ( 'NONE', #324, .T. ) ;
#1380 = CARTESIAN_POINT ( 'NONE',  ( -48.82854092026046544, 4.300000000000001599, 17.01796683128187126 ) ) ;
#1381 = CARTESIAN_POINT ( 'NONE',  ( -11.32854092026047610, 4.300000000000001599, -12.98203316871813051 ) ) ;
#1382 = CARTESIAN_POINT ( 'NONE',  ( -12.82854092026047788, 4.300000000000001599, -27.48203316871812874 ) ) ;
#1383 = ORIENTED_EDGE ( 'NONE', *, *, #738, .F. ) ;
#1384 = CARTESIAN_POINT ( 'NONE',  ( 35.93141406157385376, 3.000000000000000000, 10.31902871037429570 ) ) ;
#1385 = ADVANCED_FACE ( 'NONE', ( #520 ), #99, .F. ) ;
#1386 = ORIENTED_EDGE ( 'NONE', *, *, #1151, .F. ) ;
#1387 = ORIENTED_EDGE ( 'NONE', *, *, #125, .F. ) ;
#1388 = LINE ( 'NONE', #1807, #1401 ) ;
#1389 = DIRECTION ( 'NONE',  ( -0.000000000000000000, -1.000000000000000000, -0.000000000000000000 ) ) ;
#1390 = CYLINDRICAL_SURFACE ( 'NONE', #410, 2.000000000000000000 ) ;
#1391 = CARTESIAN_POINT ( 'NONE',  ( 49.67145907973953456, 0.000000000000000000, -30.48203316871812874 ) ) ;
#1392 = CARTESIAN_POINT ( 'NONE',  ( -1.700620124022945490, 8.599999999999999645, 15.71839037503022496 ) ) ;
#1393 = VERTEX_POINT ( 'NONE', #1524 ) ;
#1394 = ORIENTED_EDGE ( 'NONE', *, *, #828, .T. ) ;
#1395 = EDGE_CURVE ( 'NONE', #1044, #1841, #808, .T. ) ;
#1396 = AXIS2_PLACEMENT_3D ( 'NONE', #930, #331, #1743 ) ;
#1397 = ADVANCED_FACE ( 'NONE', ( #548 ), #405, .F. ) ;
#1398 = CIRCLE ( 'NONE', #587, 2.000000000000001776 ) ;
#1399 = DIRECTION ( 'NONE',  ( 0.000000000000000000, 1.000000000000000000, -0.000000000000000000 ) ) ;
#1400 = AXIS2_PLACEMENT_3D ( 'NONE', #844, #130, #1272 ) ;
#1401 = VECTOR ( 'NONE', #966, 1000.000000000000000 ) ;
#1402 = DIRECTION ( 'NONE',  ( 0.000000000000000000, 1.000000000000000000, -0.000000000000000000 ) ) ;
#1403 = DIRECTION ( 'NONE',  ( 0.000000000000000000, 0.000000000000000000, -1.000000000000000000 ) ) ;
#1404 = DIRECTION ( 'NONE',  ( 0.000000000000000000, 1.000000000000000000, -0.000000000000000000 ) ) ;
#1405 = AXIS2_PLACEMENT_3D ( 'NONE', #1201, #1759, #1329 ) ;
#1406 = ORIENTED_EDGE ( 'NONE', *, *, #1629, .F. ) ;
#1407 = VERTEX_POINT ( 'NONE', #541 ) ;
#1408 = EDGE_CURVE ( 'NONE', #357, #301, #1093, .T. ) ;
#1409 = CARTESIAN_POINT ( 'NONE',  ( -1.700620124022945490, 3.000000000000000000, 15.71839037503022496 ) ) ;
#1410 = EDGE_LOOP ( 'NONE', ( #1734, #1854, #917, #1117, #1064, #46, #1030, #1672 ) ) ;
#1411 = DIRECTION ( 'NONE',  ( 0.000000000000000000, -1.000000000000000000, 0.000000000000000000 ) ) ;
#1412 = CARTESIAN_POINT ( 'NONE',  ( -48.82854092026047255, 4.300000000000001599, 20.01796683128186771 ) ) ;
#1413 = DIRECTION ( 'NONE',  ( -1.416100796715761110E-16, 0.000000000000000000, 1.000000000000000000 ) ) ;
#1414 = ORIENTED_EDGE ( 'NONE', *, *, #570, .F. ) ;
#1415 = VERTEX_POINT ( 'NONE', #688 ) ;
#1416 = DIRECTION ( 'NONE',  ( 0.000000000000000000, 1.000000000000000000, -0.000000000000000000 ) ) ;
#1417 = ADVANCED_FACE ( 'NONE', ( #794 ), #1102, .F. ) ;
#1418 = FACE_OUTER_BOUND ( 'NONE', #391, .T. ) ;
#1419 = CARTESIAN_POINT ( 'NONE',  ( 34.93141406157385376, 3.000000000000000000, 16.71839037503022851 ) ) ;
#1420 = ORIENTED_EDGE ( 'NONE', *, *, #1797, .T. ) ;
#1421 = ORIENTED_EDGE ( 'NONE', *, *, #1457, .F. ) ;
#1422 = PLANE ( 'NONE',  #1573 ) ;
#1423 = VECTOR ( 'NONE', #1123, 1000.000000000000000 ) ;
#1424 = VECTOR ( 'NONE', #1136, 1000.000000000000000 ) ;
#1425 = LINE ( 'NONE', #1579, #1302 ) ;
#1426 = EDGE_CURVE ( 'NONE', #499, #1805, #70, .T. ) ;
#1427 = VECTOR ( 'NONE', #372, 1000.000000000000000 ) ;
#1428 = CARTESIAN_POINT ( 'NONE',  ( -11.32854092026047610, 8.599999999999999645, -11.98203316871812874 ) ) ;
#1429 = VECTOR ( 'NONE', #1002, 1000.000000000000000 ) ;
#1430 = PLANE ( 'NONE',  #1512 ) ;
#1431 = EDGE_CURVE ( 'NONE', #1316, #136, #158, .T. ) ;
#1432 = ORIENTED_EDGE ( 'NONE', *, *, #694, .F. ) ;
#1433 = DIRECTION ( 'NONE',  ( -3.469446951953614189E-16, 0.000000000000000000, 1.000000000000000000 ) ) ;
#1434 = CARTESIAN_POINT ( 'NONE',  ( 39.17145907973952745, 8.599999999999999645, 15.51796683128186771 ) ) ;
#1435 = DIRECTION ( 'NONE',  ( 0.000000000000000000, -1.000000000000000000, 0.000000000000000000 ) ) ;
#1436 = DIRECTION ( 'NONE',  ( 1.000000000000000000, -0.000000000000000000, 1.073024830501117676E-16 ) ) ;
#1437 = VERTEX_POINT ( 'NONE', #1234 ) ;
#1438 = EDGE_CURVE ( 'NONE', #908, #55, #1745, .T. ) ;
#1439 = CYLINDRICAL_SURFACE ( 'NONE', #1366, 0.9999999999999991118 ) ;
#1440 = CARTESIAN_POINT ( 'NONE',  ( 23.67145907973953456, 3.000000000000000000, -9.712896770440963223 ) ) ;
#1441 = CARTESIAN_POINT ( 'NONE',  ( -16.32854092026047610, 4.300000000000001599, -14.98203316871812874 ) ) ;
#1442 = ORIENTED_EDGE ( 'NONE', *, *, #1553, .T. ) ;
#1443 = ADVANCED_FACE ( 'NONE', ( #1657 ), #231, .F. ) ;
#1444 = CARTESIAN_POINT ( 'NONE',  ( 49.67145907973953456, 3.000000000000000000, -28.48203316871812518 ) ) ;
#1445 = EDGE_CURVE ( 'NONE', #1531, #578, #1218, .T. ) ;
#1446 = DIRECTION ( 'NONE',  ( 1.000000000000000000, 0.000000000000000000, -0.000000000000000000 ) ) ;
#1447 = EDGE_LOOP ( 'NONE', ( #1513, #82, #903, #1708 ) ) ;
#1448 = CIRCLE ( 'NONE', #1396, 1.999999999999998224 ) ;
#1449 = CYLINDRICAL_SURFACE ( 'NONE', #30, 1.999999999999998224 ) ;
#1450 = ORIENTED_EDGE ( 'NONE', *, *, #880, .T. ) ;
#1451 = AXIS2_PLACEMENT_3D ( 'NONE', #1811, #537, #814 ) ;
#1452 = MECHANICAL_DESIGN_GEOMETRIC_PRESENTATION_REPRESENTATION (  '', ( #804 ), #839 ) ;
#1453 = ORIENTED_EDGE ( 'NONE', *, *, #145, .F. ) ;
#1454 = AXIS2_PLACEMENT_3D ( 'NONE', #1183, #184, #938 ) ;
#1455 = DIRECTION ( 'NONE',  ( 0.000000000000000000, 0.000000000000000000, -1.000000000000000000 ) ) ;
#1456 = DIRECTION ( 'NONE',  ( -0.000000000000000000, -1.000000000000000000, -0.000000000000000000 ) ) ;
#1457 = EDGE_CURVE ( 'NONE', #1087, #198, #398, .T. ) ;
#1458 = CARTESIAN_POINT ( 'NONE',  ( -48.82854092026047255, 4.300000000000001599, -31.98203316871812874 ) ) ;
#1459 = LINE ( 'NONE', #633, #1577 ) ;
#1460 = DIRECTION ( 'NONE',  ( 0.000000000000000000, 0.000000000000000000, 1.000000000000000000 ) ) ;
#1461 = VERTEX_POINT ( 'NONE', #1419 ) ;
#1462 = DIRECTION ( 'NONE',  ( 0.000000000000000000, 1.000000000000000000, 0.000000000000000000 ) ) ;
#1463 = DIRECTION ( 'NONE',  ( 1.000000000000000000, -0.000000000000000000, 1.387778780781457508E-14 ) ) ;
#1464 = DIRECTION ( 'NONE',  ( -0.000000000000000000, -1.000000000000000000, -0.000000000000000000 ) ) ;
#1465 = VERTEX_POINT ( 'NONE', #1839 ) ;
#1466 = EDGE_CURVE ( 'NONE', #81, #223, #1148, .T. ) ;
#1467 = CARTESIAN_POINT ( 'NONE',  ( -12.82854092026047788, 8.599999999999999645, 15.51796683128187126 ) ) ;
#1468 = CARTESIAN_POINT ( 'NONE',  ( 51.17145907973952745, 4.300000000000001599, 17.01796683128187126 ) ) ;
#1469 = ORIENTED_EDGE ( 'NONE', *, *, #852, .T. ) ;
#1470 = EDGE_CURVE ( 'NONE', #837, #1021, #21, .T. ) ;
#1471 = ORIENTED_EDGE ( 'NONE', *, *, #817, .F. ) ;
#1472 = ORIENTED_EDGE ( 'NONE', *, *, #1179, .T. ) ;
#1473 = DIRECTION ( 'NONE',  ( 0.000000000000000000, 1.000000000000000000, 0.000000000000000000 ) ) ;
#1474 = DIRECTION ( 'NONE',  ( 0.000000000000000000, 0.000000000000000000, 1.000000000000000000 ) ) ;
#1475 = DIRECTION ( 'NONE',  ( 0.000000000000000000, 1.000000000000000000, 0.000000000000000000 ) ) ;
#1476 = CYLINDRICAL_SURFACE ( 'NONE', #381, 2.000000000000000000 ) ;
#1477 = CARTESIAN_POINT ( 'NONE',  ( 22.67145907973953101, 4.300000000000001599, -14.71289677044096322 ) ) ;
#1478 = VECTOR ( 'NONE', #1691, 1000.000000000000000 ) ;
#1479 = EDGE_LOOP ( 'NONE', ( #636, #898, #735, #1497 ) ) ;
#1480 = VECTOR ( 'NONE', #1350, 1000.000000000000000 ) ;
#1481 = EDGE_CURVE ( 'NONE', #301, #1055, #124, .T. ) ;
#1482 = VERTEX_POINT ( 'NONE', #459 ) ;
#1483 = AXIS2_PLACEMENT_3D ( 'NONE', #1038, #193, #162 ) ;
#1484 = VECTOR ( 'NONE', #1456, 1000.000000000000000 ) ;
#1485 = LINE ( 'NONE', #1047, #493 ) ;
#1486 = CIRCLE ( 'NONE', #591, 2.000000000000000000 ) ;
#1487 = DIRECTION ( 'NONE',  ( 0.000000000000000000, 0.000000000000000000, -1.000000000000000000 ) ) ;
#1488 = ORIENTED_EDGE ( 'NONE', *, *, #368, .T. ) ;
#1489 = DIRECTION ( 'NONE',  ( 0.000000000000000000, 1.000000000000000000, 0.000000000000000000 ) ) ;
#1490 = DIRECTION ( 'NONE',  ( 0.000000000000000000, 0.000000000000000000, -1.000000000000000000 ) ) ;
#1491 = ORIENTED_EDGE ( 'NONE', *, *, #905, .F. ) ;
#1492 = ORIENTED_EDGE ( 'NONE', *, *, #125, .T. ) ;
#1493 = ADVANCED_FACE ( 'NONE', ( #1139 ), #1008, .F. ) ;
#1494 = CARTESIAN_POINT ( 'NONE',  ( -12.82854092026047788, 8.599999999999999645, -26.38203316871812731 ) ) ;
#1495 = CARTESIAN_POINT ( 'NONE',  ( -11.32854092026047432, 3.000000000000000000, -9.982033168718126959 ) ) ;
#1496 = DIRECTION ( 'NONE',  ( 0.000000000000000000, -1.000000000000000000, 0.000000000000000000 ) ) ;
#1497 = ORIENTED_EDGE ( 'NONE', *, *, #1609, .T. ) ;
#1498 = CARTESIAN_POINT ( 'NONE',  ( 49.67145907973952745, 3.000000000000000000, 16.51796683128186416 ) ) ;
#1499 = DIRECTION ( 'NONE',  ( 0.000000000000000000, -1.000000000000000000, 0.000000000000000000 ) ) ;
#1500 = EDGE_LOOP ( 'NONE', ( #962, #1406 ) ) ;
#1501 = PLANE ( 'NONE',  #1023 ) ;
#1502 = VERTEX_POINT ( 'NONE', #1276 ) ;
#1503 = VERTEX_POINT ( 'NONE', #423 ) ;
#1504 = FACE_BOUND ( 'NONE', #550, .T. ) ;
#1505 = CARTESIAN_POINT ( 'NONE',  ( 48.17145907973952745, 4.300000000000001599, 20.01796683128186771 ) ) ;
#1506 = EDGE_CURVE ( 'NONE', #1407, #1116, #620, .T. ) ;
#1507 = FACE_OUTER_BOUND ( 'NONE', #1296, .T. ) ;
#1508 = ORIENTED_EDGE ( 'NONE', *, *, #1733, .T. ) ;
#1509 = LINE ( 'NONE', #1752, #1769 ) ;
#1510 = ORIENTED_EDGE ( 'NONE', *, *, #1282, .F. ) ;
#1511 = DIRECTION ( 'NONE',  ( 0.000000000000000000, -1.000000000000000000, 0.000000000000000000 ) ) ;
#1512 = AXIS2_PLACEMENT_3D ( 'NONE', #1581, #734, #9 ) ;
#1513 = ORIENTED_EDGE ( 'NONE', *, *, #868, .F. ) ;
#1514 = AXIS2_PLACEMENT_3D ( 'NONE', #490, #195, #308 ) ;
#1515 = CARTESIAN_POINT ( 'NONE',  ( -16.32854092026047610, 4.300000000000001599, -9.982033168718128735 ) ) ;
#1516 = DIRECTION ( 'NONE',  ( 0.000000000000000000, 0.000000000000000000, -1.000000000000000000 ) ) ;
#1517 = VECTOR ( 'NONE', #165, 1000.000000000000000 ) ;
#1518 = FACE_OUTER_BOUND ( 'NONE', #26, .T. ) ;
#1519 = AXIS2_PLACEMENT_3D ( 'NONE', #593, #1027, #292 ) ;
#1520 = EDGE_CURVE ( 'NONE', #1245, #1669, #1181, .T. ) ;
#1521 = PLANE ( 'NONE',  #489 ) ;
#1522 = FACE_OUTER_BOUND ( 'NONE', #148, .T. ) ;
#1523 = ORIENTED_EDGE ( 'NONE', *, *, #790, .T. ) ;
#1524 = CARTESIAN_POINT ( 'NONE',  ( -45.32854092026047965, 0.000000000000000000, -30.48203316871813939 ) ) ;
#1525 = ORIENTED_EDGE ( 'NONE', *, *, #1757, .F. ) ;
#1526 = LINE ( 'NONE', #382, #659 ) ;
#1527 = CARTESIAN_POINT ( 'NONE',  ( 20.67145907973953101, 3.000000000000000000, -14.71289677044096322 ) ) ;
#1528 = DIRECTION ( 'NONE',  ( 0.000000000000000000, 0.000000000000000000, -1.000000000000000000 ) ) ;
#1529 = DIRECTION ( 'NONE',  ( 0.000000000000000000, 1.000000000000000000, 0.000000000000000000 ) ) ;
#1530 = EDGE_CURVE ( 'NONE', #632, #1805, #859, .T. ) ;
#1531 = VERTEX_POINT ( 'NONE', #273 ) ;
#1532 = CARTESIAN_POINT ( 'NONE',  ( -2.700620124022945490, 8.599999999999999645, 9.319028710374288593 ) ) ;
#1533 = ORIENTED_EDGE ( 'NONE', *, *, #1169, .F. ) ;
#1534 = ADVANCED_FACE ( 'NONE', ( #172 ), #607, .F. ) ;
#1535 = ORIENTED_EDGE ( 'NONE', *, *, #1771, .T. ) ;
#1536 = DIRECTION ( 'NONE',  ( -1.000000000000000000, 0.000000000000000000, -0.000000000000000000 ) ) ;
#1537 = DIRECTION ( 'NONE',  ( 0.000000000000000000, -1.000000000000000000, 0.000000000000000000 ) ) ;
#1538 = FACE_OUTER_BOUND ( 'NONE', #476, .T. ) ;
#1539 = CARTESIAN_POINT ( 'NONE',  ( 51.17145907973952745, 1.000000000000000000, -2.482033168718131400 ) ) ;
#1540 = ORIENTED_EDGE ( 'NONE', *, *, #549, .F. ) ;
#1541 = ORIENTED_EDGE ( 'NONE', *, *, #482, .F. ) ;
#1542 = EDGE_CURVE ( 'NONE', #665, #242, #1190, .T. ) ;
#1543 = AXIS2_PLACEMENT_3D ( 'NONE', #1382, #667, #1403 ) ;
#1544 = CIRCLE ( 'NONE', #558, 1.100000000000000311 ) ;
#1545 = LINE ( 'NONE', #281, #771 ) ;
#1546 = VECTOR ( 'NONE', #1647, 1000.000000000000000 ) ;
#1547 = DIRECTION ( 'NONE',  ( 0.000000000000000000, 0.000000000000000000, 1.000000000000000000 ) ) ;
#1548 = AXIS2_PLACEMENT_3D ( 'NONE', #1558, #1551, #893 ) ;
#1549 = DIRECTION ( 'NONE',  ( 1.000000000000000000, 0.000000000000000000, 0.000000000000000000 ) ) ;
#1550 = FACE_OUTER_BOUND ( 'NONE', #1651, .T. ) ;
#1551 = DIRECTION ( 'NONE',  ( 1.347112710381348790E-16, 0.000000000000000000, -1.000000000000000000 ) ) ;
#1552 = ORIENTED_EDGE ( 'NONE', *, *, #545, .T. ) ;
#1553 = EDGE_CURVE ( 'NONE', #584, #919, #901, .T. ) ;
#1554 = ORIENTED_EDGE ( 'NONE', *, *, #1199, .T. ) ;
#1555 = DIRECTION ( 'NONE',  ( 1.000000000000000000, 0.000000000000000000, -1.334402673828313339E-16 ) ) ;
#1556 = CARTESIAN_POINT ( 'NONE',  ( 49.67145907973953456, 0.000000000000000000, 4.317966831281869311 ) ) ;
#1557 = PLANE ( 'NONE',  #431 ) ;
#1558 = CARTESIAN_POINT ( 'NONE',  ( 35.93141406157385376, 8.599999999999999645, 9.319028710374293922 ) ) ;
#1559 = ORIENTED_EDGE ( 'NONE', *, *, #704, .T. ) ;
#1560 = VERTEX_POINT ( 'NONE', #133 ) ;
#1561 = ADVANCED_FACE ( 'NONE', ( #1831 ), #762, .F. ) ;
#1562 = DIRECTION ( 'NONE',  ( 0.000000000000000000, 1.000000000000000000, 0.000000000000000000 ) ) ;
#1563 = EDGE_CURVE ( 'NONE', #919, #578, #1286, .T. ) ;
#1564 = DIRECTION ( 'NONE',  ( -1.000000000000000000, 0.000000000000000000, 0.000000000000000000 ) ) ;
#1565 = DIRECTION ( 'NONE',  ( 0.000000000000000000, 0.000000000000000000, -1.000000000000000000 ) ) ;
#1566 = CARTESIAN_POINT ( 'NONE',  ( -1.700620124022944601, 3.000000000000000000, 16.71839037503022496 ) ) ;
#1567 = ORIENTED_EDGE ( 'NONE', *, *, #1733, .F. ) ;
#1568 = FACE_OUTER_BOUND ( 'NONE', #871, .T. ) ;
#1569 = VECTOR ( 'NONE', #238, 1000.000000000000000 ) ;
#1570 = VECTOR ( 'NONE', #1159, 1000.000000000000000 ) ;
#1571 = CARTESIAN_POINT ( 'NONE',  ( 51.17145907973952745, 4.300000000000001599, -28.98203316871812163 ) ) ;
#1572 = VERTEX_POINT ( 'NONE', #29 ) ;
#1573 = AXIS2_PLACEMENT_3D ( 'NONE', #265, #1555, #873 ) ;
#1574 = EDGE_CURVE ( 'NONE', #1359, #1572, #693, .T. ) ;
#1575 = AXIS2_PLACEMENT_3D ( 'NONE', #1189, #1747, #470 ) ;
#1576 = ORIENTED_EDGE ( 'NONE', *, *, #627, .T. ) ;
#1577 = VECTOR ( 'NONE', #601, 1000.000000000000000 ) ;
#1578 = DIRECTION ( 'NONE',  ( 0.000000000000000000, 1.000000000000000000, -0.000000000000000000 ) ) ;
#1579 = CARTESIAN_POINT ( 'NONE',  ( -47.32854092026047965, 3.000000000000000000, -30.48203316871813939 ) ) ;
#1580 = EDGE_CURVE ( 'NONE', #169, #1325, #72, .T. ) ;
#1581 = CARTESIAN_POINT ( 'NONE',  ( 20.67145907973953101, 8.599999999999999645, -14.71289677044096322 ) ) ;
#1582 = ORIENTED_EDGE ( 'NONE', *, *, #482, .T. ) ;
#1583 = ORIENTED_EDGE ( 'NONE', *, *, #1105, .F. ) ;
#1584 = ADVANCED_FACE ( 'NONE', ( #708 ), #598, .F. ) ;
#1585 = CARTESIAN_POINT ( 'NONE',  ( -2.700620124022945490, 5.599999999999999645, 10.31902871037429037 ) ) ;
#1586 = CARTESIAN_POINT ( 'NONE',  ( -12.82854092026047788, 4.300000000000001599, 14.41796683128186984 ) ) ;
#1587 = ORIENTED_EDGE ( 'NONE', *, *, #1821, .F. ) ;
#1588 = CARTESIAN_POINT ( 'NONE',  ( 39.17145907973952745, 3.000000000000000000, 14.41796683128186629 ) ) ;
#1589 = VERTEX_POINT ( 'NONE', #567 ) ;
#1590 = ORIENTED_EDGE ( 'NONE', *, *, #1048, .F. ) ;
#1591 = ORIENTED_EDGE ( 'NONE', *, *, #612, .T. ) ;
#1592 = ORIENTED_EDGE ( 'NONE', *, *, #1157, .T. ) ;
#1593 = EDGE_CURVE ( 'NONE', #284, #787, #1486, .T. ) ;
#1594 = CARTESIAN_POINT ( 'NONE',  ( -1.700620124022944601, 3.000000000000000000, 10.31902871037429037 ) ) ;
#1595 = DIRECTION ( 'NONE',  ( 1.000000000000000000, -0.000000000000000000, 1.387778780781457508E-14 ) ) ;
#1596 = VECTOR ( 'NONE', #1358, 1000.000000000000000 ) ;
#1597 = CARTESIAN_POINT ( 'NONE',  ( 51.17145907973952745, 1.000000000000000000, 4.317966831281869311 ) ) ;
#1598 = VECTOR ( 'NONE', #655, 1000.000000000000000 ) ;
#1599 = FACE_OUTER_BOUND ( 'NONE', #1037, .T. ) ;
#1600 = VECTOR ( 'NONE', #967, 1000.000000000000000 ) ;
#1601 = ORIENTED_EDGE ( 'NONE', *, *, #1199, .F. ) ;
#1602 = ORIENTED_EDGE ( 'NONE', *, *, #1466, .F. ) ;
#1603 = CIRCLE ( 'NONE', #562, 1.000000000000000888 ) ;
#1604 = VECTOR ( 'NONE', #1565, 1000.000000000000000 ) ;
#1605 = AXIS2_PLACEMENT_3D ( 'NONE', #854, #1749, #118 ) ;
#1606 = EDGE_CURVE ( 'NONE', #23, #665, #1057, .T. ) ;
#1607 = DIRECTION ( 'NONE',  ( 0.000000000000000000, 1.000000000000000000, 0.000000000000000000 ) ) ;
#1608 = DIRECTION ( 'NONE',  ( 1.000000000000000000, 0.000000000000000000, 1.073024830501117799E-16 ) ) ;
#1609 = EDGE_CURVE ( 'NONE', #1718, #1631, #58, .T. ) ;
#1610 = LINE ( 'NONE', #1192, #1162 ) ;
#1611 = CARTESIAN_POINT ( 'NONE',  ( -47.32854092026047965, 3.000000000000000000, -28.48203316871813584 ) ) ;
#1612 = CARTESIAN_POINT ( 'NONE',  ( -45.32854092026047965, 3.000000000000000000, -30.48203316871813939 ) ) ;
#1613 = ORIENTED_EDGE ( 'NONE', *, *, #48, .F. ) ;
#1614 = VERTEX_POINT ( 'NONE', #1355 ) ;
#1615 = VERTEX_POINT ( 'NONE', #1238 ) ;
#1616 = DIRECTION ( 'NONE',  ( 0.000000000000000000, 1.000000000000000000, -0.000000000000000000 ) ) ;
#1617 = FACE_BOUND ( 'NONE', #401, .T. ) ;
#1618 = DIRECTION ( 'NONE',  ( 0.000000000000000000, 0.000000000000000000, -1.000000000000000000 ) ) ;
#1619 = LINE ( 'NONE', #621, #964 ) ;
#1620 = ADVANCED_FACE ( 'NONE', ( #370 ), #944, .F. ) ;
#1621 = CARTESIAN_POINT ( 'NONE',  ( 39.17145907973952745, 3.000000000000000000, -27.48203316871813229 ) ) ;
#1622 = EDGE_LOOP ( 'NONE', ( #1590, #127, #1602, #951 ) ) ;
#1623 = ORIENTED_EDGE ( 'NONE', *, *, #1376, .T. ) ;
#1624 = DIRECTION ( 'NONE',  ( 0.000000000000000000, 0.000000000000000000, -1.000000000000000000 ) ) ;
#1625 = DIRECTION ( 'NONE',  ( -1.000000000000000000, 0.000000000000000000, 0.000000000000000000 ) ) ;
#1626 = FACE_OUTER_BOUND ( 'NONE', #144, .T. ) ;
#1627 = DIRECTION ( 'NONE',  ( 0.000000000000000000, -1.000000000000000000, 0.000000000000000000 ) ) ;
#1628 = DIRECTION ( 'NONE',  ( 0.000000000000000000, 0.000000000000000000, -1.000000000000000000 ) ) ;
#1629 = EDGE_CURVE ( 'NONE', #779, #1773, #1840, .T. ) ;
#1630 = AXIS2_PLACEMENT_3D ( 'NONE', #1001, #686, #1815 ) ;
#1631 = VERTEX_POINT ( 'NONE', #923 ) ;
#1632 = AXIS2_PLACEMENT_3D ( 'NONE', #517, #1099, #1528 ) ;
#1633 = ORIENTED_EDGE ( 'NONE', *, *, #192, .F. ) ;
#1634 = ORIENTED_EDGE ( 'NONE', *, *, #1445, .F. ) ;
#1635 = VERTEX_POINT ( 'NONE', #1367 ) ;
#1636 = VECTOR ( 'NONE', #580, 1000.000000000000000 ) ;
#1637 = DIRECTION ( 'NONE',  ( 0.000000000000000000, 1.000000000000000000, -0.000000000000000000 ) ) ;
#1638 = DIRECTION ( 'NONE',  ( 0.000000000000000000, -1.000000000000000000, 0.000000000000000000 ) ) ;
#1639 = CYLINDRICAL_SURFACE ( 'NONE', #1336, 2.999999999999999112 ) ;
#1640 = ORIENTED_EDGE ( 'NONE', *, *, #1408, .F. ) ;
#1641 = DIRECTION ( 'NONE',  ( 0.000000000000000000, 0.000000000000000000, 1.000000000000000000 ) ) ;
#1642 = DIRECTION ( 'NONE',  ( 1.416100796715761110E-16, 0.000000000000000000, -1.000000000000000000 ) ) ;
#1643 = ORIENTED_EDGE ( 'NONE', *, *, #738, .T. ) ;
#1644 = ORIENTED_EDGE ( 'NONE', *, *, #641, .T. ) ;
#1645 = ORIENTED_EDGE ( 'NONE', *, *, #1026, .T. ) ;
#1646 = EDGE_CURVE ( 'NONE', #1560, #1116, #488, .T. ) ;
#1647 = DIRECTION ( 'NONE',  ( 0.000000000000000000, -1.000000000000000000, 0.000000000000000000 ) ) ;
#1648 = CARTESIAN_POINT ( 'NONE',  ( 51.17145907973952745, 1.000000000000000000, -2.482033168718131400 ) ) ;
#1649 = CARTESIAN_POINT ( 'NONE',  ( -13.32854092026047610, 3.000000000000000000, -9.982033168718126959 ) ) ;
#1650 = CARTESIAN_POINT ( 'NONE',  ( 39.17145907973952745, 3.000000000000000000, 15.51796683128186771 ) ) ;
#1651 = EDGE_LOOP ( 'NONE', ( #430, #1567, #1695, #1212 ) ) ;
#1652 = ORIENTED_EDGE ( 'NONE', *, *, #1673, .T. ) ;
#1653 = FACE_OUTER_BOUND ( 'NONE', #466, .T. ) ;
#1654 = ADVANCED_FACE ( 'NONE', ( #672, #1216, #71, #813, #1379, #663, #1617, #1340 ), #1078, .T. ) ;
#1655 = LINE ( 'NONE', #1260, #1368 ) ;
#1656 = CARTESIAN_POINT ( 'NONE',  ( -48.82854092026047255, 0.000000000000000000, -31.98203316871812874 ) ) ;
#1657 = FACE_OUTER_BOUND ( 'NONE', #335, .T. ) ;
#1658 = CIRCLE ( 'NONE', #1134, 1.100000000000000311 ) ;
#1659 = ORIENTED_EDGE ( 'NONE', *, *, #1096, .T. ) ;
#1660 = AXIS2_PLACEMENT_3D ( 'NONE', #1594, #1616, #746 ) ;
#1661 = EDGE_CURVE ( 'NONE', #1669, #1196, #161, .T. ) ;
#1662 =( GEOMETRIC_REPRESENTATION_CONTEXT ( 3 ) GLOBAL_UNCERTAINTY_ASSIGNED_CONTEXT ( ( #986 ) ) GLOBAL_UNIT_ASSIGNED_CONTEXT ( ( #525, #1126, #385 ) ) REPRESENTATION_CONTEXT ( 'NONE', 'WORKASPACE' ) );
#1663 = ADVANCED_FACE ( 'NONE', ( #1778 ), #502, .F. ) ;
#1664 = CARTESIAN_POINT ( 'NONE',  ( 47.67145907973952745, 0.000000000000000000, 18.51796683128186771 ) ) ;
#1665 = CYLINDRICAL_SURFACE ( 'NONE', #373, 2.000000000000001776 ) ;
#1666 = ORIENTED_EDGE ( 'NONE', *, *, #1058, .T. ) ;
#1667 = DIRECTION ( 'NONE',  ( 0.000000000000000000, 1.000000000000000000, 0.000000000000000000 ) ) ;
#1668 = EDGE_LOOP ( 'NONE', ( #1645, #611, #719, #731 ) ) ;
#1669 = VERTEX_POINT ( 'NONE', #180 ) ;
#1670 = FILL_AREA_STYLE ('',( #201 ) ) ;
#1671 = CARTESIAN_POINT ( 'NONE',  ( -12.82854092026047788, 3.000000000000000000, 14.41796683128186984 ) ) ;
#1672 = ORIENTED_EDGE ( 'NONE', *, *, #1297, .F. ) ;
#1673 = EDGE_CURVE ( 'NONE', #1288, #278, #841, .T. ) ;
#1674 = PLANE ( 'NONE',  #279 ) ;
#1675 = LINE ( 'NONE', #1412, #613 ) ;
#1676 = DIRECTION ( 'NONE',  ( 0.000000000000000000, 0.000000000000000000, 1.000000000000000000 ) ) ;
#1677 = ADVANCED_FACE ( 'NONE', ( #1140 ), #1705, .T. ) ;
#1678 = VERTEX_POINT ( 'NONE', #140 ) ;
#1679 = EDGE_LOOP ( 'NONE', ( #1225, #1450, #1377, #516, #1817, #1652, #1035, #625 ) ) ;
#1680 = CARTESIAN_POINT ( 'NONE',  ( 20.67145907973953101, 4.300000000000001599, -12.71289677044096322 ) ) ;
#1681 = DIRECTION ( 'NONE',  ( -0.000000000000000000, 1.000000000000000000, -0.000000000000000000 ) ) ;
#1682 = ORIENTED_EDGE ( 'NONE', *, *, #594, .T. ) ;
#1683 = DIRECTION ( 'NONE',  ( 1.334402673828313339E-16, 0.000000000000000000, 1.000000000000000000 ) ) ;
#1684 = FACE_OUTER_BOUND ( 'NONE', #760, .T. ) ;
#1685 = LINE ( 'NONE', #1263, #1716 ) ;
#1686 = ORIENTED_EDGE ( 'NONE', *, *, #92, .F. ) ;
#1687 = VERTEX_POINT ( 'NONE', #443 ) ;
#1688 = DIRECTION ( 'NONE',  ( 0.000000000000000000, 0.000000000000000000, 1.000000000000000000 ) ) ;
#1689 = AXIS2_PLACEMENT_3D ( 'NONE', #303, #179, #892 ) ;
#1690 = DIRECTION ( 'NONE',  ( 0.000000000000000000, 0.000000000000000000, -1.000000000000000000 ) ) ;
#1691 = DIRECTION ( 'NONE',  ( 0.000000000000000000, 0.000000000000000000, -1.000000000000000000 ) ) ;
#1692 = CARTESIAN_POINT ( 'NONE',  ( 51.17145907973952745, 0.000000000000000000, -31.98203316871812874 ) ) ;
#1693 = AXIS2_PLACEMENT_3D ( 'NONE', #449, #1174, #555 ) ;
#1694 = ORIENTED_EDGE ( 'NONE', *, *, #1152, .F. ) ;
#1695 = ORIENTED_EDGE ( 'NONE', *, *, #1426, .F. ) ;
#1696 = EDGE_CURVE ( 'NONE', #1101, #357, #1033, .T. ) ;
#1697 = DIRECTION ( 'NONE',  ( -0.000000000000000000, 1.000000000000000000, -0.000000000000000000 ) ) ;
#1698 = CYLINDRICAL_SURFACE ( 'NONE', #861, 1.100000000000000311 ) ;
#1699 = CARTESIAN_POINT ( 'NONE',  ( -13.32854092026047610, 8.599999999999999645, -12.98203316871812874 ) ) ;
#1700 = CARTESIAN_POINT ( 'NONE',  ( -12.82854092026047788, 3.000000000000000000, 16.61796683128187269 ) ) ;
#1701 = ORIENTED_EDGE ( 'NONE', *, *, #627, .F. ) ;
#1702 = EDGE_CURVE ( 'NONE', #187, #1615, #11, .T. ) ;
#1703 = CARTESIAN_POINT ( 'NONE',  ( -48.82854092026047255, 0.000000000000000000, -28.98203316871813229 ) ) ;
#1704 = VERTEX_POINT ( 'NONE', #875 ) ;
#1705 = CYLINDRICAL_SURFACE ( 'NONE', #1256, 2.999999999999999112 ) ;
#1706 = CARTESIAN_POINT ( 'NONE',  ( 20.67145907973953101, 4.300000000000001599, -9.712896770440963223 ) ) ;
#1707 = ORIENTED_EDGE ( 'NONE', *, *, #318, .F. ) ;
#1708 = ORIENTED_EDGE ( 'NONE', *, *, #1337, .F. ) ;
#1709 = CARTESIAN_POINT ( 'NONE',  ( 35.93141406157385376, 4.300000000000001599, 10.31902871037429570 ) ) ;
#1710 = CIRCLE ( 'NONE', #1214, 2.999999999999999112 ) ;
#1711 = EDGE_CURVE ( 'NONE', #1103, #242, #534, .T. ) ;
#1712 = CARTESIAN_POINT ( 'NONE',  ( 49.67145907973954166, 0.000000000000000000, -2.482033168718152272 ) ) ;
#1713 = ORIENTED_EDGE ( 'NONE', *, *, #658, .F. ) ;
#1714 = CIRCLE ( 'NONE', #185, 1.000000000000000888 ) ;
#1715 = EDGE_CURVE ( 'NONE', #1393, #18, #1050, .T. ) ;
#1716 = VECTOR ( 'NONE', #1511, 1000.000000000000000 ) ;
#1717 = LINE ( 'NONE', #17, #796 ) ;
#1718 = VERTEX_POINT ( 'NONE', #1041 ) ;
#1719 = CIRCLE ( 'NONE', #929, 1.100000000000000311 ) ;
#1720 = ORIENTED_EDGE ( 'NONE', *, *, #538, .F. ) ;
#1721 = CARTESIAN_POINT ( 'NONE',  ( -12.82854092026047788, 4.300000000000001599, 15.51796683128187126 ) ) ;
#1722 = DIRECTION ( 'NONE',  ( 0.000000000000000000, 1.000000000000000000, 0.000000000000000000 ) ) ;
#1723 = ADVANCED_FACE ( 'NONE', ( #1599 ), #452, .F. ) ;
#1724 = LINE ( 'NONE', #275, #1106 ) ;
#1725 = ADVANCED_FACE ( 'NONE', ( #775 ), #904, .F. ) ;
#1726 = ORIENTED_EDGE ( 'NONE', *, *, #1236, .F. ) ;
#1727 = FACE_OUTER_BOUND ( 'NONE', #1374, .T. ) ;
#1728 = CARTESIAN_POINT ( 'NONE',  ( 22.67145907973953101, 3.000000000000000000, -11.71289677044096322 ) ) ;
#1729 = DIRECTION ( 'NONE',  ( -0.000000000000000000, 1.000000000000000000, -0.000000000000000000 ) ) ;
#1730 = CARTESIAN_POINT ( 'NONE',  ( 25.67145907973953101, 8.599999999999999645, -9.712896770440963223 ) ) ;
#1731 = LINE ( 'NONE', #568, #217 ) ;
#1732 = VERTEX_POINT ( 'NONE', #196 ) ;
#1733 = EDGE_CURVE ( 'NONE', #1805, #1359, #463, .T. ) ;
#1734 = ORIENTED_EDGE ( 'NONE', *, *, #1323, .F. ) ;
#1735 = DIRECTION ( 'NONE',  ( -0.000000000000000000, 1.000000000000000000, -0.000000000000000000 ) ) ;
#1736 = CARTESIAN_POINT ( 'NONE',  ( 39.17145907973952745, 8.599999999999999645, -26.38203316871813087 ) ) ;
#1737 = VECTOR ( 'NONE', #1242, 1000.000000000000000 ) ;
#1738 = DIRECTION ( 'NONE',  ( -1.000000000000000000, 0.000000000000000000, 0.000000000000000000 ) ) ;
#1739 = ORIENTED_EDGE ( 'NONE', *, *, #48, .T. ) ;
#1740 = AXIS2_PLACEMENT_3D ( 'NONE', #1059, #1051, #1765 ) ;
#1741 = DIRECTION ( 'NONE',  ( 0.000000000000000000, -1.000000000000000000, 0.000000000000000000 ) ) ;
#1742 = AXIS2_PLACEMENT_3D ( 'NONE', #59, #1788, #651 ) ;
#1743 = DIRECTION ( 'NONE',  ( 0.000000000000000000, 0.000000000000000000, -1.000000000000000000 ) ) ;
#1744 = ORIENTED_EDGE ( 'NONE', *, *, #1121, .T. ) ;
#1745 = CIRCLE ( 'NONE', #312, 2.999999999999999112 ) ;
#1746 = AXIS2_PLACEMENT_3D ( 'NONE', #474, #321, #764 ) ;
#1747 = DIRECTION ( 'NONE',  ( -0.000000000000000000, -1.000000000000000000, -0.000000000000000000 ) ) ;
#1748 = EDGE_CURVE ( 'NONE', #136, #1316, #1719, .T. ) ;
#1749 = DIRECTION ( 'NONE',  ( 0.000000000000000000, 1.000000000000000000, 0.000000000000000000 ) ) ;
#1750 = DIRECTION ( 'NONE',  ( 0.000000000000000000, 0.000000000000000000, 1.000000000000000000 ) ) ;
#1751 = DIRECTION ( 'NONE',  ( 0.000000000000000000, 0.000000000000000000, -1.000000000000000000 ) ) ;
#1752 = CARTESIAN_POINT ( 'NONE',  ( 51.17145907973952745, 1.000000000000000000, -2.482033168718131400 ) ) ;
#1753 = VERTEX_POINT ( 'NONE', #311 ) ;
#1754 = ORIENTED_EDGE ( 'NONE', *, *, #1748, .T. ) ;
#1755 = VERTEX_POINT ( 'NONE', #928 ) ;
#1756 = DIRECTION ( 'NONE',  ( 0.000000000000000000, 1.000000000000000000, 0.000000000000000000 ) ) ;
#1757 = EDGE_CURVE ( 'NONE', #1635, #529, #1145, .T. ) ;
#1758 = CARTESIAN_POINT ( 'NONE',  ( 39.17145907973952745, 8.599999999999999645, 15.51796683128186771 ) ) ;
#1759 = DIRECTION ( 'NONE',  ( 0.000000000000000000, 1.000000000000000000, 0.000000000000000000 ) ) ;
#1760 = LINE ( 'NONE', #610, #920 ) ;
#1761 = ORIENTED_EDGE ( 'NONE', *, *, #1593, .F. ) ;
#1762 = ORIENTED_EDGE ( 'NONE', *, *, #1530, .T. ) ;
#1763 = DIRECTION ( 'NONE',  ( 0.000000000000000000, 0.000000000000000000, -1.000000000000000000 ) ) ;
#1764 = CARTESIAN_POINT ( 'NONE',  ( 20.67145907973953101, 8.599999999999999645, -9.712896770440963223 ) ) ;
#1765 = DIRECTION ( 'NONE',  ( 0.000000000000000000, 0.000000000000000000, 1.000000000000000000 ) ) ;
#1766 = ORIENTED_EDGE ( 'NONE', *, *, #1563, .T. ) ;
#1767 = DIRECTION ( 'NONE',  ( 0.000000000000000000, 1.000000000000000000, 0.000000000000000000 ) ) ;
#1768 = PLANE ( 'NONE',  #181 ) ;
#1769 = VECTOR ( 'NONE', #218, 1000.000000000000000 ) ;
#1770 = VERTEX_POINT ( 'NONE', #896 ) ;
#1771 = EDGE_CURVE ( 'NONE', #284, #1353, #1459, .T. ) ;
#1772 = VECTOR ( 'NONE', #1729, 1000.000000000000000 ) ;
#1773 = VERTEX_POINT ( 'NONE', #52 ) ;
#1774 = ORIENTED_EDGE ( 'NONE', *, *, #274, .T. ) ;
#1775 = AXIS2_PLACEMENT_3D ( 'NONE', #724, #1416, #1298 ) ;
#1776 = AXIS2_PLACEMENT_3D ( 'NONE', #935, #1205, #1763 ) ;
#1777 = CARTESIAN_POINT ( 'NONE',  ( 39.17145907973952745, 4.300000000000001599, -26.38203316871813087 ) ) ;
#1778 = FACE_OUTER_BOUND ( 'NONE', #1447, .T. ) ;
#1779 = VECTOR ( 'NONE', #1206, 1000.000000000000000 ) ;
#1780 = LINE ( 'NONE', #539, #800 ) ;
#1781 = DIRECTION ( 'NONE',  ( 0.000000000000000000, 0.000000000000000000, 1.000000000000000000 ) ) ;
#1782 = ORIENTED_EDGE ( 'NONE', *, *, #105, .F. ) ;
#1783 = CARTESIAN_POINT ( 'NONE',  ( 20.67145907973953101, 3.000000000000000000, -12.71289677044096322 ) ) ;
#1784 = ORIENTED_EDGE ( 'NONE', *, *, #1152, .T. ) ;
#1785 = ADVANCED_FACE ( 'NONE', ( #16 ), #166, .F. ) ;
#1786 = VERTEX_POINT ( 'NONE', #1611 ) ;
#1787 = PLANE ( 'NONE',  #927 ) ;
#1788 = DIRECTION ( 'NONE',  ( -0.000000000000000000, -1.000000000000000000, 0.000000000000000000 ) ) ;
#1789 = SHAPE_DEFINITION_REPRESENTATION ( #721, #263 ) ;
#1790 = CARTESIAN_POINT ( 'NONE',  ( 35.93141406157385376, 8.599999999999999645, 9.319028710374293922 ) ) ;
#1791 = CARTESIAN_POINT ( 'NONE',  ( -47.32854092026047965, 3.000000000000000000, 16.51796683128185350 ) ) ;
#1792 = ORIENTED_EDGE ( 'NONE', *, *, #1337, .T. ) ;
#1793 = LINE ( 'NONE', #949, #37 ) ;
#1794 = VERTEX_POINT ( 'NONE', #492 ) ;
#1795 = EDGE_CURVE ( 'NONE', #45, #855, #723, .T. ) ;
#1796 =( LENGTH_UNIT ( ) NAMED_UNIT ( * ) SI_UNIT ( .MILLI., .METRE. ) );
#1797 = EDGE_CURVE ( 'NONE', #160, #665, #108, .T. ) ;
#1798 = CARTESIAN_POINT ( 'NONE',  ( 51.17145907973952745, 0.000000000000000000, -2.482033168718131400 ) ) ;
#1799 = ORIENTED_EDGE ( 'NONE', *, *, #1144, .F. ) ;
#1800 = DIRECTION ( 'NONE',  ( 0.000000000000000000, 0.000000000000000000, -1.000000000000000000 ) ) ;
#1801 = LINE ( 'NONE', #527, #953 ) ;
#1802 = ORIENTED_EDGE ( 'NONE', *, *, #1261, .F. ) ;
#1803 = CARTESIAN_POINT ( 'NONE',  ( 48.17145907973952745, 0.000000000000000000, -28.98203316871813229 ) ) ;
#1804 = AXIS2_PLACEMENT_3D ( 'NONE', #465, #1781, #362 ) ;
#1805 = VERTEX_POINT ( 'NONE', #609 ) ;
#1806 = CIRCLE ( 'NONE', #103, 1.100000000000000311 ) ;
#1807 = CARTESIAN_POINT ( 'NONE',  ( 49.67145907973952745, 0.000000000000000000, 18.51796683128186771 ) ) ;
#1808 = CIRCLE ( 'NONE', #1775, 2.000000000000000000 ) ;
#1809 = VECTOR ( 'NONE', #411, 1000.000000000000000 ) ;
#1810 = ADVANCED_FACE ( 'NONE', ( #1060 ), #1082, .T. ) ;
#1811 = CARTESIAN_POINT ( 'NONE',  ( 39.17145907973952745, 8.599999999999999645, -27.48203316871813229 ) ) ;
#1812 = AXIS2_PLACEMENT_3D ( 'NONE', #1170, #481, #206 ) ;
#1813 = CARTESIAN_POINT ( 'NONE',  ( 0.000000000000000000, 0.000000000000000000, 0.000000000000000000 ) ) ;
#1814 = LINE ( 'NONE', #1112, #1334 ) ;
#1815 = DIRECTION ( 'NONE',  ( 0.000000000000000000, 0.000000000000000000, -1.000000000000000000 ) ) ;
#1816 = CARTESIAN_POINT ( 'NONE',  ( -45.82854092026046544, 4.300000000000001599, 17.01796683128186771 ) ) ;
#1817 = ORIENTED_EDGE ( 'NONE', *, *, #557, .T. ) ;
#1818 = EDGE_LOOP ( 'NONE', ( #1104, #1643, #1774, #1825 ) ) ;
#1819 = CARTESIAN_POINT ( 'NONE',  ( 39.17145907973952745, 4.300000000000001599, -28.58203316871813371 ) ) ;
#1820 = DIRECTION ( 'NONE',  ( 0.000000000000000000, 1.000000000000000000, 0.000000000000000000 ) ) ;
#1821 = EDGE_CURVE ( 'NONE', #239, #1687, #349, .T. ) ;
#1822 = CARTESIAN_POINT ( 'NONE',  ( 20.67145907973953101, 3.000000000000000000, -9.712896770440963223 ) ) ;
#1823 = CARTESIAN_POINT ( 'NONE',  ( -14.32854092026047432, 8.599999999999999645, -12.98203316871812874 ) ) ;
#1824 = DIRECTION ( 'NONE',  ( -1.000000000000000000, 0.000000000000000000, 0.000000000000000000 ) ) ;
#1825 = ORIENTED_EDGE ( 'NONE', *, *, #1073, .T. ) ;
#1826 = CARTESIAN_POINT ( 'NONE',  ( 49.67145907973953456, 3.000000000000000000, -30.48203316871812874 ) ) ;
#1827 = CARTESIAN_POINT ( 'NONE',  ( -11.32854092026047610, 3.000000000000000000, -12.98203316871813051 ) ) ;
#1828 = ORIENTED_EDGE ( 'NONE', *, *, #1105, .T. ) ;
#1829 = CARTESIAN_POINT ( 'NONE',  ( 0.000000000000000000, 0.000000000000000000, 0.000000000000000000 ) ) ;
#1830 = DIRECTION ( 'NONE',  ( -1.416100796715761110E-16, 0.000000000000000000, 1.000000000000000000 ) ) ;
#1831 = FACE_OUTER_BOUND ( 'NONE', #1479, .T. ) ;
#1832 = ORIENTED_EDGE ( 'NONE', *, *, #1144, .T. ) ;
#1833 = ORIENTED_EDGE ( 'NONE', *, *, #641, .F. ) ;
#1834 = VECTOR ( 'NONE', #1262, 1000.000000000000000 ) ;
#1835 = VECTOR ( 'NONE', #1564, 1000.000000000000000 ) ;
#1836 = AXIS2_PLACEMENT_3D ( 'NONE', #487, #662, #513 ) ;
#1837 = AXIS2_PLACEMENT_3D ( 'NONE', #630, #624, #918 ) ;
#1838 = CARTESIAN_POINT ( 'NONE',  ( 51.17145907973952745, 1.000000000000000000, 4.317966831281869311 ) ) ;
#1839 = CARTESIAN_POINT ( 'NONE',  ( -12.82854092026047788, 3.000000000000000000, -28.58203316871813016 ) ) ;
#1840 = CIRCLE ( 'NONE', #191, 1.100000000000000311 ) ;
#1841 = VERTEX_POINT ( 'NONE', #33 ) ;
#1842 = ORIENTED_EDGE ( 'NONE', *, *, #704, .F. ) ;
#1843 = EDGE_CURVE ( 'NONE', #1615, #1288, #1619, .T. ) ;
#1844 = ORIENTED_EDGE ( 'NONE', *, *, #767, .T. ) ;
#1845 = DIRECTION ( 'NONE',  ( 0.000000000000000000, 0.000000000000000000, -1.000000000000000000 ) ) ;
#1846 = DIRECTION ( 'NONE',  ( 0.000000000000000000, -1.000000000000000000, 0.000000000000000000 ) ) ;
#1847 = CARTESIAN_POINT ( 'NONE',  ( 51.17145907973952745, 0.000000000000000000, -2.482033168718131400 ) ) ;
#1848 = ORIENTED_EDGE ( 'NONE', *, *, #694, .T. ) ;
#1849 = ORIENTED_EDGE ( 'NONE', *, *, #406, .T. ) ;
#1850 = EDGE_CURVE ( 'NONE', #346, #551, #1070, .T. ) ;
#1851 = DIRECTION ( 'NONE',  ( 0.000000000000000000, 0.000000000000000000, -1.000000000000000000 ) ) ;
#1852 = ADVANCED_FACE ( 'NONE', ( #914 ), #1476, .F. ) ;
#1853 = DIRECTION ( 'NONE',  ( -0.000000000000000000, -1.000000000000000000, 0.000000000000000000 ) ) ;
#1854 = ORIENTED_EDGE ( 'NONE', *, *, #1711, .F. ) ;
#1855 = LINE ( 'NONE', #1441, #456 ) ;
ENDSEC;
END-ISO-10303-21;
