freq_hz,freq_over_rbw,magnitude_db
0,0,-9.64327466553287e-16
625,0.000625,-1.73201353177596e-06
1250,0.00125,-6.92792720308275e-06
1875,0.001875,-1.5587360013512e-05
2500,0.0025,-2.77096770884147e-05
3125,0.003125,-4.32939894446081e-05
3750,0.00375,-6.23391539686364e-05
4375,0.004375,-8.48437734880099e-05
5000,0.005,-0.000110806196395395
5625,0.005625,-0.000140224516799735
6250,0.00625,-0.000173096574158957
6875,0.006875,-0.00020941995325639
7500,0.0075,-0.000249191984054152
8125,0.008125,-0.000292409741368535
8750,0.00875,-0.00033907004479653
9375,0.009375,-0.000389169458336089
10000,0.01,-0.000442704290285497
10625,0.010625,-0.000499670592908813
11250,0.01125,-0.000560064162201048
11875,0.011875,-0.000623880537437736
12500,0.0125,-0.000691115001082697
13125,0.013125,-0.000761762578287323
13750,0.01375,-0.000835818036666086
14375,0.014375,-0.000913275885820761
15000,0.015,-0.000994130376965361
15625,0.015625,-0.00107837550267976
16250,0.01625,-0.0011660049962963
16875,0.016875,-0.00125701233158965
17500,0.0175,-0.00135139072230313
18125,0.018125,-0.00144913312174298
18750,0.01875,-0.00155023222218983
19375,0.019375,-0.00165468045456038
20000,0.02,-0.00176246998777441
20625,0.020625,-0.00187359272832087
21250,0.02125,-0.00198804031975022
21875,0.021875,-0.0021058041420823
22500,0.0225,-0.00222687531125127
23125,0.023125,-0.00235124467856846
23750,0.02375,-0.00247890283022029
24375,0.024375,-0.00260984008652275
25000,0.025,-0.00274404650148779
25625,0.025625,-0.00288151186211147
26250,0.02625,-0.00302222568784686
26875,0.026875,-0.00316617722988928
27500,0.0275,-0.00331335547060961
28125,0.028125,-0.00346374912285698
28750,0.02875,-0.00361734662943551
29375,0.029375,-0.00377413616227004
30000,0.03,-0.00393410562192542
30625,0.030625,-0.00409724263671924
31250,0.03125,-0.00426353456230685
31875,0.031875,-0.00443296848080187
32500,0.0325,-0.00460553120019058
33125,0.033125,-0.004781209253606
33750,0.03375,-0.00495998889864695
34375,0.034375,-0.00514185611673526
35000,0.035,-0.00532679661225746
35625,0.035625,-0.00551479581205929
36250,0.03625,-0.00570583886465032
36875,0.036875,-0.00589991063951155
37500,0.0375,-0.00609699572641031
38125,0.038125,-0.00629707843464063
38750,0.03875,-0.00650014279244367
39375,0.039375,-0.00670617254623975
40000,0.04,-0.00691515115984944
40625,0.040625,-0.007127061813975
41250,0.04125,-0.00734188740538229
41875,0.041875,-0.00755961054632483
42500,0.0425,-0.00778021356374269
43125,0.043125,-0.00800367849868697
43750,0.04375,-0.00822998710562935
44375,0.044375,-0.00845912085175983
45000,0.045,-0.00869106091638949
45625,0.045625,-0.00892578819033683
46250,0.04625,-0.00916328327524243
46875,0.046875,-0.00940352648293959
47500,0.0475,-0.00964649783484516
48125,0.048125,-0.00989217706147869
48750,0.04875,-0.0101405436017103
49375,0.049375,-0.0103915766022392
50000,0.05,-0.0106452549170822
50625,0.050625,-0.0109015571070731
51250,0.05125,-0.011160461439147
51875,0.051875,-0.0114219458859923
52500,0.0525,-0.0116859881255629
53125,0.053125,-0.0119525655404354
53750,0.05375,-0.0122216552175403
54375,0.054375,-0.0124932339476601
55000,0.055,-0.0127672782248986
55625,0.055625,-0.0130437642464737
56250,0.05625,-0.0133226679121879
56875,0.056875,-0.0136039648241425
57500,0.0575,-0.0138876302863401
58125,0.058125,-0.014173639304583
58750,0.05875,-0.0144619665858645
59375,0.059375,-0.0147525865384064
60000,0.06,-0.0150454732712247
60625,0.060625,-0.0153406005940811
61250,0.06125,-0.0156379420172186
61875,0.061875,-0.0159374707513116
62500,0.0625,-0.0162391597071194
63125,0.063125,-0.0165429814957204
63750,0.06375,-0.016848908428242
64375,0.064375,-0.0171569125159382
65000,0.065,-0.0174669654701464
65625,0.065625,-0.0177790387023328
66250,0.06625,-0.0180931033243261
66875,0.066875,-0.0184091301481388
67500,0.0675,-0.0187270896864907
68125,0.068125,-0.0190469521526638
68750,0.06875,-0.0193686874609391
69375,0.069375,-0.019692265226826
70000,0.07,-0.0200176547673961
70625,0.070625,-0.0203448251015042
71250,0.07125,-0.0206737449503612
71875,0.071875,-0.0210043827378672
72500,0.0725,-0.0213367065910832
73125,0.073125,-0.0216706843408835
73750,0.07375,-0.0220062835222993
74375,0.074375,-0.0223434713753998
75000,0.075,-0.0226822148457365
75625,0.075625,-0.0230224805851841
76250,0.07625,-0.0233642349526044
76875,0.076875,-0.0237074440147659
77500,0.0775,-0.0240520735471195
78125,0.078125,-0.0243980890347395
78750,0.07875,-0.0247454556733256
79375,0.079375,-0.0250941383700288
80000,0.08,-0.0254441017448534
80625,0.080625,-0.0257953101314478
81250,0.08125,-0.0261477275785017
81875,0.081875,-0.0265013178508349
82500,0.0825,-0.0268560444308143
83125,0.083125,-0.0272118705196373
83750,0.08375,-0.027568759038715
84375,0.084375,-0.0279266726311655
85000,0.085,-0.0282855736633043
85625,0.085625,-0.0286454242263944
86250,0.08625,-0.0290061861380114
86875,0.086875,-0.0293678209439644
87500,0.0875,-0.0297302899200125
88125,0.088125,-0.0300935540736888
88750,0.08875,-0.0304575741461941
89375,0.089375,-0.0308223106143783
90000,0.09,-0.0311877236927991
90625,0.090625,-0.0315537733357161
91250,0.09125,-0.0319204192393658
91875,0.091875,-0.0322876208442217
92500,0.0925,-0.0326553373370922
93125,0.093125,-0.0330235276537064
93750,0.09375,-0.03339215048107
94375,0.094375,-0.0337611642600055
95000,0.095,-0.0341305271876921
95625,0.095625,-0.0345001972203089
96250,0.09625,-0.0348701320757904
96875,0.096875,-0.035240289236723
97500,0.0975,-0.0356106259530654
98125,0.098125,-0.0359810992451016
98750,0.09875,-0.0363516659066208
99375,0.099375,-0.036722282507923
100000,0.1,-0.0370929053988865
100625,0.100625,-0.0374634907124282
101250,0.10125,-0.0378339943676979
101875,0.101875,-0.0382043720735398
102500,0.1025,-0.0385745793319405
103125,0.103125,-0.0389445714416109
103750,0.10375,-0.0393143035017259
104375,0.104375,-0.0396837304154083
105000,0.105,-0.0400528068938429
105625,0.105625,-0.0404214874599234
106250,0.10625,-0.0407897264523314
106875,0.106875,-0.0411574780295988
107500,0.1075,-0.0415246961741115
108125,0.108125,-0.0418913346965582
108750,0.10875,-0.042257347240011
109375,0.109375,-0.042622687284368
110000,0.11,-0.0429873081509268
110625,0.110625,-0.0433511630067864
111250,0.11125,-0.0437142048696008
111875,0.111875,-0.0440763866121758
112500,0.1125,-0.0444376609673814
113125,0.113125,-0.0447979805330532
113750,0.11375,-0.045157297776882
114375,0.114375,-0.0455155650415205
115000,0.115,-0.0458727345497558
115625,0.115625,-0.046228758409761
116250,0.11625,-0.0465835886202802
116875,0.116875,-0.0469371770762535
117500,0.1175,-0.0472894755741412
118125,0.118125,-0.047640435817651
118750,0.11875,-0.0479900094232202
119375,0.119375,-0.0483381479260286
120000,0.12,-0.0486848027856143
120625,0.120625,-0.0490299253919825
121250,0.12125,-0.0493734670715189
121875,0.121875,-0.049715379093147
122500,0.1225,-0.0500556126745998
123125,0.123125,-0.050394118988504
123750,0.12375,-0.0507308491690653
124375,0.124375,-0.0510657543182485
125000,0.125,-0.05139878551251
125625,0.125625,-0.0517298938093659
126250,0.12625,-0.0520590302541328
126875,0.126875,-0.0523861458868064
127500,0.1275,-0.0527111917488868
128125,0.128125,-0.0530341188904722
128750,0.12875,-0.0533548783771837
129375,0.129375,-0.0536734212975398
130000,0.13,-0.0539896987700875
130625,0.130625,-0.0543036619507718
131250,0.13125,-0.0546152620403765
131875,0.131875,-0.0549244502921166
132500,0.1325,-0.0552311780190811
133125,0.133125,-0.0555353966020348
133750,0.13375,-0.0558370574973176
134375,0.134375,-0.056136112244471
135000,0.135,-0.0564325124743316
135625,0.135625,-0.0567262099170478
136250,0.13625,-0.0570171564102209
136875,0.136875,-0.0573053039070151
137500,0.1375,-0.0575906044846595
138125,0.138125,-0.0578730103525621
138750,0.13875,-0.0581524738609604
139375,0.139375,-0.0584289475093725
140000,0.14,-0.0587023839551993
140625,0.140625,-0.0589727360226136
141250,0.14125,-0.0592399567110039
141875,0.141875,-0.0595039992041694
142500,0.1425,-0.0597648168791338
143125,0.143125,-0.0600223633151517
143750,0.14375,-0.0602765923028082
144375,0.144375,-0.0605274578532679
145000,0.145,-0.0607749142074722
145625,0.145625,-0.0610189158454757
146250,0.14625,-0.0612594174959983
146875,0.146875,-0.0614963741456189
147500,0.1475,-0.0617297410486869
148125,0.148125,-0.0619594737366795
148750,0.14875,-0.0621855280280314
149375,0.149375,-0.0624078600379847
150000,0.15,-0.062626426188264
150625,0.150625,-0.0628411832171808
151250,0.15125,-0.0630520881895271
151875,0.151875,-0.0632590985065909
152500,0.1525,-0.0634621719164997
153125,0.153125,-0.0636612665241455
153750,0.15375,-0.0638563408015942
154375,0.154375,-0.0640473535984983
155000,0.155,-0.0642342641522656
155625,0.155625,-0.0644170320986854
156250,0.15625,-0.0645956174824479
156875,0.156875,-0.0647699807676338
157500,0.1575,-0.0649400828483607
158125,0.158125,-0.0651058850596128
158750,0.15875,-0.0652673491878097
159375,0.159375,-0.0654244374817536
160000,0.16,-0.0655771126634147
160625,0.160625,-0.0657253379389767
161250,0.16125,-0.0658690770096374
161875,0.161875,-0.0660082940827744
162500,0.1625,-0.066142953882955
163125,0.163125,-0.0662730216630847
163750,0.16375,-0.0663984632155858
164375,0.164375,-0.0665192448836115
165000,0.165,-0.0666353335723182
165625,0.165625,-0.0667466967601287
166250,0.16625,-0.0668533025101806
166875,0.166875,-0.0669551194817092
167500,0.1675,-0.067052116941327
168125,0.168125,-0.0671442647747291
168750,0.16875,-0.0672315334980394
169375,0.169375,-0.0673138942694569
170000,0.17,-0.0673913189006969
170625,0.170625,-0.067463779868871
171250,0.17125,-0.0675312503277832
171875,0.171875,-0.0675937041199132
172500,0.1725,-0.0676511157879436
173125,0.173125,-0.0677034605866173
173750,0.17375,-0.0677507144942972
174375,0.174375,-0.0677928542250022
175000,0.175,-0.0678298572400227
175625,0.175625,-0.0678617017598185
176250,0.17625,-0.0678883667758213
176875,0.176875,-0.0679098320624007
177500,0.1775,-0.0679260781885741
178125,0.178125,-0.0679370865300413
178750,0.17875,-0.0679428392810734
179375,0.179375,-0.0679433194663104
180000,0.18,-0.0679385109528145
180625,0.180625,-0.0679283984619369
181250,0.18125,-0.0679129675812584
181875,0.181875,-0.0678922047765933
182500,0.1825,-0.0678660974038697
183125,0.183125,-0.0678346337210289
183750,0.18375,-0.067797802900111
184375,0.184375,-0.0677555950390577
185000,0.185,-0.0677080011737605
185625,0.185625,-0.0676550132898238
186250,0.18625,-0.0675966243347992
186875,0.186875,-0.0675328282296602
187500,0.1875,-0.0674636198811193
188125,0.188125,-0.0673889951932656
188750,0.18875,-0.0673089510795398
189375,0.189375,-0.0672234854744947
190000,0.19,-0.0671325973457159
190625,0.190625,-0.0670362867056943
191250,0.19125,-0.0669345546234775
191875,0.191875,-0.0668274032364193
192500,0.1925,-0.0667148357621698
193125,0.193125,-0.0665968565100629
193750,0.19375,-0.0664734708931065
194375,0.194375,-0.0663446854393234
195000,0.195,-0.0662105078036932
195625,0.195625,-0.0660709467794673
196250,0.19625,-0.0659260123098421
196875,0.196875,-0.065775715499502
197500,0.1975,-0.0656200686259948
198125,0.198125,-0.0654590851511954
198750,0.19875,-0.0652927797326388
199375,0.199375,-0.0651211682349682
200000,0.2,-0.0649442677410547
200625,0.200625,-0.0647620965634147
201250,0.20125,-0.0645746742551771
201875,0.201875,-0.0643820216214497
202500,0.2025,-0.0641841607301241
203125,0.203125,-0.0639811149231942
203750,0.20375,-0.0637729088274245
204375,0.204375,-0.0635595683653701
205000,0.205,-0.0633411207662165
205625,0.205625,-0.0631175945765719
206250,0.20625,-0.0628890196710636
206875,0.206875,-0.0626554272629921
207500,0.2075,-0.0624168499149779
208125,0.208125,-0.0621733215493606
208750,0.20875,-0.0619248774586174
209375,0.209375,-0.0616715543157159
210000,0.21,-0.0614133901843538
210625,0.210625,-0.0611504245292199
211250,0.21125,-0.0608826982260198
211875,0.211875,-0.0606102535713499
212500,0.2125,-0.0603331342929497
213125,0.213125,-0.0600513855593141
213750,0.21375,-0.0597650539894234
214375,0.214375,-0.0594741876625288
215000,0.215,-0.0591788361278118
215625,0.215625,-0.0588790504135098
216250,0.21625,-0.0585748830367062
216875,0.216875,-0.0582663880123435
217500,0.2175,-0.057953620862609
218125,0.218125,-0.0576366386257764
218750,0.21875,-0.057315499865528
219375,0.219375,-0.0569902646795764
220000,0.22,-0.0566609947084959
220625,0.220625,-0.0563277531445006
221250,0.22125,-0.0559906047399679
221875,0.221875,-0.0556496158158646
222500,0.2225,-0.0553048542700737
223125,0.223125,-0.0549563895856881
223750,0.22375,-0.0546042928392045
224375,0.224375,-0.054248636708306
225000,0.225,-0.0538894954800578
225625,0.225625,-0.0535269450583946
226250,0.22625,-0.053161062971954
226875,0.226875,-0.052791928381561
227500,0.2275,-0.0524196220876939
228125,0.228125,-0.0520442265375784
228750,0.22875,-0.0516658258327195
229375,0.229375,-0.0512845057354739
230000,0.23,-0.0509003536764393
230625,0.230625,-0.0505134587608374
231250,0.23125,-0.0501239117754371
231875,0.231875,-0.0497318051949899
232500,0.2325,-0.0493372331885472
233125,0.233125,-0.0489402916258532
233750,0.23375,-0.048541078083419
234375,0.234375,-0.0481396918504247
235000,0.235,-0.0477362339347635
235625,0.235625,-0.0473308070685652
236250,0.23625,-0.0469235157139253
236875,0.236875,-0.0465144660681907
237500,0.2375,-0.0461037660694378
238125,0.238125,-0.0456915254015453
238750,0.23875,-0.0452778554991636
239375,0.239375,-0.0448628695526577
240000,0.24,-0.044446682512809
240625,0.240625,-0.0440294110954464
241250,0.24125,-0.0436111737858274
241875,0.241875,-0.0431920908429013
242500,0.2425,-0.0427722843036354
243125,0.243125,-0.0423518779868427
243750,0.24375,-0.0419309974970465
244375,0.244375,-0.0415097702282732
245000,0.245,-0.0410883253675543
245625,0.245625,-0.0406667938983833
246250,0.24625,-0.0402453086038415
246875,0.246875,-0.0398240040698569
247500,0.2475,-0.0394030166880528
248125,0.248125,-0.0389824846586123
248750,0.24875,-0.0385625479928749
249375,0.249375,-0.0381433485159038
250000,0.25,-0.0377250298687442
250625,0.250625,-0.0373077375106634
251250,0.25125,-0.0368916187211498
251875,0.251875,-0.0364768226018741
252500,0.2525,-0.0360635000783363
253125,0.253125,-0.0356518039014493
253750,0.25375,-0.0352418886489731
254375,0.254375,-0.0348339107268689
255000,0.255,-0.034428028370212
255625,0.255625,-0.0340244016442609
256250,0.25625,-0.0336231924453744
256875,0.256875,-0.0332245645013933
257500,0.2575,-0.0328286833723387
258125,0.258125,-0.0324357164506623
258750,0.25875,-0.0320458329614632
259375,0.259375,-0.0316592039624774
260000,0.26,-0.0312760023440042
260625,0.260625,-0.0308964028284816
261250,0.26125,-0.0305205819702179
261875,0.261875,-0.0301487181547648
262500,0.2625,-0.0297809915981119
263125,0.263125,-0.0294175843457466
263750,0.26375,-0.0290586802717943
264375,0.264375,-0.0287044650775966
265000,0.265,-0.0283551262904993
265625,0.265625,-0.0280108532622379
266250,0.26625,-0.0276718371673984
266875,0.266875,-0.0273382710014979
267500,0.2675,-0.0270103495790631
268125,0.268125,-0.0266882695315328
268750,0.26875,-0.0263722293050162
269375,0.269375,-0.0260624291577658
270000,0.27,-0.025759071157786
270625,0.270625,-0.0254623591800253
271250,0.27125,-0.0251724989035479
271875,0.271875,-0.0248896978084596
272500,0.2725,-0.0246141651729968
273125,0.273125,-0.0243461120699096
273750,0.27375,-0.0240857513632951
274375,0.274375,-0.0238332977049384
275000,0.275,-0.0235889675305294
275625,0.275625,-0.0233529790558566
276250,0.27625,-0.0231255522728997
276875,0.276875,-0.0229069089455276
277500,0.2775,-0.0226972726053128
278125,0.278125,-0.0224968685471168
278750,0.27875,-0.0223059238245346
279375,0.279375,-0.0221246672451906
280000,0.28,-0.0219533293659289
280625,0.280625,-0.0217921424878582
281250,0.28125,-0.0216413406513519
281875,0.281875,-0.0215011596306126
282500,0.2825,-0.0213718369286115
283125,0.283125,-0.0212536117714096
283750,0.28375,-0.0211467251025705
284375,0.284375,-0.0210514195775681
285000,0.285,-0.0209679395578222
285625,0.285625,-0.0208965311047161
286250,0.28625,-0.0208374419735843
286875,0.286875,-0.0207909216073798
287500,0.2875,-0.0207572211304529
288125,0.288125,-0.0207365933420541
288750,0.28875,-0.0207292927096396
289375,0.289375,-0.0207355753623912
290000,0.29,-0.020755699084263
290625,0.290625,-0.0207899233071528
291250,0.29125,-0.0208385091037715
291875,0.291875,-0.0209017191806011
292500,0.2925,-0.0209798178706751
293125,0.293125,-0.0210730711260226
293750,0.29375,-0.0211817465105558
294375,0.294375,-0.0213061131921135
295000,0.295,-0.0214464419351334
295625,0.295625,-0.0216030050926931
296250,0.29625,-0.0217760765987378
296875,0.296875,-0.021965931960062
297500,0.2975,-0.0221728482483376
298125,0.298125,-0.0223971040918305
298750,0.29875,-0.0226389796673025
299375,0.299375,-0.0228987566915576
300000,0.3,-0.0231767184131588
300625,0.300625,-0.023473149603794
301250,0.30125,-0.0237883365497359
301875,0.301875,-0.0241225670431274
302500,0.3025,-0.0244761303733094
303125,0.303125,-0.0248493173178527
303750,0.30375,-0.0252424201337293
304375,0.304375,-0.0256557325483271
305000,0.305,-0.0260895497502784
305625,0.305625,-0.0265441683804427
306250,0.30625,-0.0270198865225656
306875,0.306875,-0.0275170036940769
307500,0.3075,-0.0280358208366856
308125,0.308125,-0.0285766403070089
308750,0.30875,-0.0291397658669868
309375,0.309375,-0.0297255026744823
310000,0.31,-0.0303341572735223
310625,0.310625,-0.0309660375847281
311250,0.31125,-0.0316214528954847
311875,0.311875,-0.0323007138503344
312500,0.3125,-0.0330041324409378
313125,0.313125,-0.0337320219962588
313750,0.31375,-0.034484697172715
314375,0.314375,-0.0352624739440439
315000,0.315,-0.0360656695913902
315625,0.315625,-0.036894602693126
316250,0.31625,-0.0377495931148158
316875,0.316875,-0.038630961998989
317500,0.3175,-0.0395390317549926
318125,0.318125,-0.0404741260486448
318750,0.31875,-0.0414365697921494
319375,0.319375,-0.0424266891335731
320000,0.32,-0.0434448114466843
320625,0.320625,-0.0444912653204491
321250,0.32125,-0.0455663805487248
321875,0.321875,-0.0466704881197662
322500,0.3225,-0.0478039202057747
323125,0.323125,-0.0489670101525687
323750,0.32375,-0.0501600924688667
324375,0.324375,-0.0513835028159086
325000,0.325,-0.0526375779969485
325625,0.325625,-0.0539226559466105
326250,0.32625,-0.0552390757203757
326875,0.326875,-0.0565871774841105
327500,0.3275,-0.0579673025032474
328125,0.328125,-0.059379793132432
328750,0.32875,-0.0608249928048051
329375,0.329375,-0.062303246021377
330000,0.33,-0.0638148983406013
330625,0.330625,-0.0653602963674788
331250,0.33125,-0.0669397877431626
331875,0.331875,-0.0685537211344165
332500,0.3325,-0.0702024462227453
333125,0.333125,-0.0718863136939939
333750,0.33375,-0.0736056752277455
334375,0.334375,-0.0753608834866951
335000,0.335,-0.0771522921061114
335625,0.335625,-0.0789802556832601
336250,0.33625,-0.0808451297668892
336875,0.336875,-0.0827472708465962
337500,0.3375,-0.0846870363425723
338125,0.338125,-0.0866647845947623
338750,0.33875,-0.088680874852654
339375,0.339375,-0.0907356672647637
340000,0.34,-0.0928295228681416
340625,0.340625,-0.094962803578079
341250,0.34125,-0.0971358721776446
341875,0.341875,-0.0993490923073858
342500,0.3425,-0.101602828454978
343125,0.343125,-0.103897445944974
343750,0.34375,-0.10623331092854
344375,0.344375,-0.10861079037319
345000,0.345,-0.111030252052777
345625,0.345625,-0.113492064537081
346250,0.34625,-0.115996597181913
346875,0.346875,-0.118544220118968
347500,0.3475,-0.121135304245768
348125,0.348125,-0.123770221215836
348750,0.34875,-0.126449343428495
349375,0.349375,-0.129173044019258
350000,0.35,-0.131941696849777
350625,0.350625,-0.134755676498176
351250,0.35125,-0.137615358249222
351875,0.351875,-0.140521118084676
352500,0.3525,-0.143473332673589
353125,0.353125,-0.146472379362878
353750,0.35375,-0.149518636167573
354375,0.354375,-0.152612481761458
355000,0.355,-0.155754295467715
355625,0.355625,-0.15894445724939
356250,0.35625,-0.162183347700209
356875,0.356875,-0.16547134803543
357500,0.3575,-0.16880884008241
358125,0.358125,-0.172196206271716
358750,0.35875,-0.17563382962797
359375,0.359375,-0.179122093760953
360000,0.36,-0.182661382856563
360625,0.360625,-0.186252081668031
361250,0.36125,-0.189894575507233
361875,0.361875,-0.193589250235878
362500,0.3625,-0.197336492256801
363125,0.363125,-0.201136688505605
363750,0.36375,-0.204990226442021
364375,0.364375,-0.208897494041479
365000,0.365,-0.21285887978689
365625,0.365625,-0.216874772660281
366250,0.36625,-0.220945562134623
366875,0.366875,-0.225071638165754
367500,0.3675,-0.22925339118435
368125,0.368125,-0.233491212087898
368750,0.36875,-0.237785492232973
369375,0.369375,-0.242136623427304
370000,0.37,-0.2465449979222
370625,0.370625,-0.251011008404772
371250,0.37125,-0.255535047990582
371875,0.371875,-0.260117510216073
372500,0.3725,-0.264758789031275
373125,0.373125,-0.269459278792392
373750,0.37375,-0.274219374254822
374375,0.374375,-0.279039470565953
375000,0.375,-0.283919963258031
375625,0.375625,-0.288861248241453
376250,0.37625,-0.293863721797889
376875,0.376875,-0.298927780573392
377500,0.3775,-0.304053821571865
378125,0.378125,-0.309242242148573
378750,0.37875,-0.314493440003563
379375,0.379375,-0.319807813175351
380000,0.38,-0.325185760034627
380625,0.380625,-0.330627679278148
381250,0.38125,-0.336133969922503
381875,0.381875,-0.341705031298361
382500,0.3825,-0.347341263044329
383125,0.383125,-0.353043065101375
383750,0.38375,-0.358810837707023
384375,0.384375,-0.364644981389759
385000,0.385,-0.370545896963612
385625,0.385625,-0.376513985522688
386250,0.38625,-0.38254964843587
386875,0.386875,-0.388653287341747
387500,0.3875,-0.394825304143338
388125,0.388125,-0.401066101003235
388750,0.38875,-0.407376080338693
389375,0.389375,-0.413755644816807
390000,0.39,-0.420205197349868
390625,0.390625,-0.426725141090704
391250,0.39125,-0.433315879428361
391875,0.391875,-0.439977815983528
392500,0.3925,-0.446711354604501
393125,0.393125,-0.453516899362768
393750,0.39375,-0.460394854549161
394375,0.394375,-0.467345624669792
395000,0.395,-0.474369614442206
395625,0.395625,-0.481467228791724
396250,0.39625,-0.488638872847737
396875,0.396875,-0.495884951940153
397500,0.3975,-0.503205871596075
398125,0.398125,-0.510602037536393
398750,0.39875,-0.518073855672626
399375,0.399375,-0.525621732103805
400000,0.4,-0.533246073113508
400625,0.400625,-0.540947285166884
401250,0.40125,-0.548725774908084
401875,0.401875,-0.556581949157339
402500,0.4025,-0.564516214908638
403125,0.403125,-0.572528979327071
403750,0.40375,-0.580620649746617
404375,0.404375,-0.588791633667981
405000,0.405,-0.597042338756234
405625,0.405625,-0.605373172839056
406250,0.40625,-0.613784543904706
406875,0.406875,-0.622276860100205
407500,0.4075,-0.630850529729836
408125,0.408125,-0.639505961253278
408750,0.40875,-0.648243563284475
409375,0.409375,-0.657063744589965
410000,0.41,-0.665966914087989
410625,0.410625,-0.674953480847052
411250,0.41125,-0.684023854085067
411875,0.411875,-0.693178443168401
412500,0.4125,-0.702417657611174
413125,0.413125,-0.711741907074383
413750,0.41375,-0.721151601365555
414375,0.414375,-0.730647150438139
415000,0.415,-0.74022896439118
415625,0.415625,-0.749897453469142
416250,0.41625,-0.7596530280617
416875,0.416875,-0.769496098703782
417500,0.4175,-0.77942707607567
418125,0.418125,-0.789446371003212
418750,0.41875,-0.799554394458021
419375,0.419375,-0.809751557558103
420000,0.42,-0.820038271568328
420625,0.420625,-0.830414947900964
421250,0.42125,-0.840881998116663
421875,0.421875,-0.85143983392521
422500,0.4225,-0.862088867186453
423125,0.423125,-0.872829509911575
423750,0.42375,-0.883662174264205
424375,0.424375,-0.894587272561759
425000,0.425,-0.905605217276944
425625,0.425625,-0.916716421039181
426250,0.42625,-0.927921296636482
426875,0.426875,-0.939220257016952
427500,0.4275,-0.950613715290923
428125,0.428125,-0.962102084732821
428750,0.42875,-0.97368577878338
429375,0.429375,-0.985365211051808
430000,0.43,-0.997140795318056
430625,0.430625,-1.00901294553542
431250,0.43125,-1.02098207583305
431875,0.431875,-1.03304860051859
432500,0.4325,-1.04521293408098
433125,0.433125,-1.05747549119345
433750,0.43375,-1.06983668671637
434375,0.434375,-1.08229693570051
435000,0.435,-1.09485665339026
435625,0.435625,-1.107516255227
436250,0.43625,-1.12027615685244
436875,0.436875,-1.13313677411239
437500,0.4375,-1.14609852306032
438125,0.438125,-1.15916181996121
438750,0.43875,-1.1723270812955
439375,0.439375,-1.18559472376304
440000,0.44,-1.19896516428732
440625,0.440625,-1.2124388200197
441250,0.44125,-1.22601610834379
441875,0.441875,-1.23969744687985
442500,0.4425,-1.25348325348952
443125,0.443125,-1.26737394628056
443750,0.44375,-1.28136994361142
444375,0.444375,-1.29547166409645
445000,0.445,-1.30967952661092
445625,0.445625,-1.32399395029597
446250,0.44625,-1.33841535456426
446875,0.446875,-1.35294415910495
447500,0.4475,-1.36758078388955
448125,0.448125,-1.38232564917736
448750,0.44875,-1.39717917552126
449375,0.449375,-1.41214178377364
450000,0.45,-1.42721389509221
450625,0.450625,-1.44239593094624
451250,0.45125,-1.45768831312265
451875,0.451875,-1.47309146373241
452500,0.4525,-1.4886058052169
453125,0.453125,-1.50423176035453
453750,0.45375,-1.51996975226732
454375,0.454375,-1.53582020442773
455000,0.455,-1.55178354066563
455625,0.455625,-1.56786018517513
456250,0.45625,-1.58405056252186
456875,0.456875,-1.60035509765014
457500,0.4575,-1.61677421589043
458125,0.458125,-1.63330834296671
458750,0.45875,-1.64995790500413
459375,0.459375,-1.66672332853677
460000,0.46,-1.68360504051537
460625,0.460625,-1.70060346831539
461250,0.46125,-1.71771903974504
461875,0.461875,-1.73495218305346
462500,0.4625,-1.75230332693906
463125,0.463125,-1.76977290055793
463750,0.46375,-1.78736133353247
464375,0.464375,-1.80506905595994
465000,0.465,-1.8228964984214
465625,0.465625,-1.84084409199047
466250,0.46625,-1.85891226824255
466875,0.466875,-1.87710145926376
467500,0.4675,-1.89541209766053
468125,0.468125,-1.91384461656877
468750,0.46875,-1.9323994496634
469375,0.469375,-1.95107703116814
470000,0.47,-1.96987779586527
470625,0.470625,-1.98880217910552
471250,0.47125,-2.00785061681803
471875,0.471875,-2.02702354552061
472500,0.4725,-2.04632140232997
473125,0.473125,-2.06574462497224
473750,0.47375,-2.08529365179334
474375,0.474375,-2.10496892176985
475000,0.475,-2.12477087451963
475625,0.475625,-2.14469995031292
476250,0.47625,-2.16475659008328
476875,0.476875,-2.18494123543881
477500,0.4775,-2.2052543286736
478125,0.478125,-2.22569631277903
478750,0.47875,-2.24626763145538
479375,0.479375,-2.26696872912371
480000,0.48,-2.28780005093754
480625,0.480625,-2.30876204279498
481250,0.48125,-2.32985515135085
481875,0.481875,-2.35107982402887
482500,0.4825,-2.3724365090341
483125,0.483125,-2.3939256553656
483750,0.48375,-2.41554771282904
484375,0.484375,-2.43730313204948
485000,0.485,-2.45919236448443
485625,0.485625,-2.481215862437
486250,0.48625,-2.50337407906898
486875,0.486875,-2.52566746841449
487500,0.4875,-2.54809648539338
488125,0.488125,-2.5706615858249
488750,0.48875,-2.59336322644175
489375,0.489375,-2.61620186490379
490000,0.49,-2.63917795981246
490625,0.490625,-2.66229197072489
491250,0.49125,-2.68554435816842
491875,0.491875,-2.70893558365521
492500,0.4925,-2.73246610969702
493125,0.493125,-2.75613639982009
493750,0.49375,-2.77994691858019
494375,0.494375,-2.80389813157786
495000,0.495,-2.82799050547391
495625,0.495625,-2.85222450800482
496250,0.49625,-2.87660060799856
496875,0.496875,-2.90111927539039
497500,0.4975,-2.92578098123901
498125,0.498125,-2.95058619774268
498750,0.49875,-2.97553539825555
499375,0.499375,-3.00062905730445
500000,0.5,-3.02586765060532
500625,0.500625,-3.05125165508024
501250,0.50125,-3.07678154887463
501875,0.501875,-3.10245781137424
502500,0.5025,-3.12828092322273
503125,0.503125,-3.15425136633923
503750,0.50375,-3.18036962393615
504375,0.504375,-3.20663618053714
505000,0.505,-3.23305152199526
505625,0.505625,-3.25961613551119
506250,0.50625,-3.28633050965205
506875,0.506875,-3.3131951343698
507500,0.5075,-3.34021050102026
508125,0.508125,-3.36737710238241
508750,0.50875,-3.39469543267739
509375,0.509375,-3.42216598758819
510000,0.51,-3.44978926427932
510625,0.510625,-3.47756576141671
511250,0.51125,-3.50549597918773
511875,0.511875,-3.53358041932175
512500,0.5125,-3.56181958511045
513125,0.513125,-3.59021398142847
513750,0.51375,-3.61876411475483
514375,0.514375,-3.64747049319349
515000,0.515,-3.67633362649523
515625,0.515625,-3.70535402607907
516250,0.51625,-3.73453220505401
516875,0.516875,-3.76386867824134
517500,0.5175,-3.79336396219671
518125,0.518125,-3.82301857523274
518750,0.51875,-3.85283303744186
519375,0.519375,-3.88280787071916
520000,0.52,-3.91294359878576
520625,0.520625,-3.94324074721225
521250,0.52125,-3.97369984344235
521875,0.521875,-4.00432141681703
522500,0.5225,-4.03510599859858
523125,0.523125,-4.06605412199531
523750,0.52375,-4.09716632218615
524375,0.524375,-4.12844313634555
525000,0.525,-4.15988510366903
525625,0.525625,-4.19149276539855
526250,0.52625,-4.2232666648484
526875,0.526875,-4.25520734743123
527500,0.5275,-4.2873153606844
528125,0.528125,-4.31959125429682
528750,0.52875,-4.35203558013562
529375,0.529375,-4.38464889227367
530000,0.53,-4.4174317470168
530625,0.530625,-4.45038470293192
531250,0.53125,-4.48350832087497
531875,0.531875,-4.51680316401944
532500,0.5325,-4.55026979788497
533125,0.533125,-4.58390879036667
533750,0.53375,-4.6177207117642
534375,0.534375,-4.65170613481174
535000,0.535,-4.6858656347078
535625,0.535625,-4.72019978914575
536250,0.53625,-4.75470917834438
536875,0.536875,-4.78939438507914
537500,0.5375,-4.82425599471315
538125,0.538125,-4.85929459522945
538750,0.53875,-4.89451077726264
539375,0.539375,-4.92990513413162
540000,0.54,-4.96547826187222
540625,0.540625,-5.00123075927061
541250,0.54125,-5.03716322789663
541875,0.541875,-5.07327627213785
542500,0.5425,-5.10957049923403
543125,0.543125,-5.14604651931162
543750,0.54375,-5.1827049454191
544375,0.544375,-5.21954639356232
545000,0.545,-5.25657148274064
545625,0.545625,-5.29378083498321
546250,0.54625,-5.33117507538572
546875,0.546875,-5.36875483214771
547500,0.5475,-5.40652073661011
548125,0.548125,-5.44447342329348
548750,0.54875,-5.48261352993647
549375,0.549375,-5.52094169753473
550000,0.55,-5.55945857038061
550625,0.550625,-5.59816479610289
551250,0.55125,-5.63706102570736
551875,0.551875,-5.67614791361753
552500,0.5525,-5.71542611771619
553125,0.553125,-5.75489629938718
553750,0.55375,-5.79455912355791
554375,0.554375,-5.83441525874215
555000,0.555,-5.87446537708355
555625,0.555625,-5.91471015439959
556250,0.55625,-5.95515027022606
556875,0.556875,-5.99578640786219
557500,0.5575,-6.03661925441618
558125,0.558125,-6.07764950085143
558750,0.55875,-6.11887784203331
559375,0.559375,-6.1603049767765
560000,0.56,-6.20193160789286
560625,0.560625,-6.24375844224007
561250,0.56125,-6.28578619077076
561875,0.561875,-6.32801556858222
562500,0.5625,-6.3704472949669
563125,0.563125,-6.41308209346342
563750,0.56375,-6.45592069190832
564375,0.564375,-6.49896382248836
565000,0.565,-6.54221222179363
565625,0.565625,-6.5856666308714
566250,0.56625,-6.62932779528031
566875,0.566875,-6.6731964651457
567500,0.5675,-6.71727339521555
568125,0.568125,-6.76155934491691
568750,0.56875,-6.80605507841336
569375,0.569375,-6.8507613646631
570000,0.57,-6.89567897747793
570625,0.570625,-6.94080869558275
571250,0.57125,-6.98615130267629
571875,0.571875,-7.03170758749221
572500,0.5725,-7.07747834386123
573125,0.573125,-7.1234643707743
573750,0.57375,-7.16966647244607
574375,0.574375,-7.21608545838003
575000,0.575,-7.26272214343365
575625,0.575625,-7.30957734788516
576250,0.57625,-7.35665189750092
576875,0.576875,-7.40394662360364
577500,0.5775,-7.4514623631418
578125,0.578125,-7.49919995875969
578750,0.57875,-7.54716025886911
579375,0.579375,-7.59534411772106
580000,0.58,-7.64375239547952
580625,0.580625,-7.69238595829526
581250,0.58125,-7.74124567838179
581875,0.581875,-7.79033243409127
582500,0.5825,-7.83964710999245
583125,0.583125,-7.88919059694906
583750,0.58375,-7.93896379219981
584375,0.584375,-7.98896759943936
585000,0.585,-8.03920292890023
585625,0.585625,-8.08967069743642
586250,0.58625,-8.1403718286079
586875,0.586875,-8.19130725276641
587500,0.5875,-8.24247790714251
588125,0.588125,-8.29388473593407
588750,0.58875,-8.34552869039599
589375,0.589375,-8.39741072893114
590000,0.59,-8.44953181718291
590625,0.590625,-8.50189292812896
591250,0.59125,-8.55449504217648
591875,0.591875,-8.60733914725903
592500,0.5925,-8.66042623893446
593125,0.593125,-8.71375732048483
593750,0.59375,-8.7673334030175
594375,0.594375,-8.82115550556803
595000,0.595,-8.87522465520443
595625,0.595625,-8.92954188713336
596250,0.59625,-8.98410824480764
596875,0.596875,-9.03892478003569
597500,0.5975,-9.09399255309272
598125,0.598125,-9.14931263283343
598750,0.59875,-9.20488609680681
599375,0.599375,-9.26071403137257
600000,0.6,-9.31679753181946
600625,0.600625,-9.37313770248571
601250,0.60125,-9.42973565688101
601875,0.601875,-9.48659251781092
602500,0.6025,-9.54370941750304
603125,0.603125,-9.60108749773522
603750,0.60375,-9.65872790996607
604375,0.604375,-9.71663181546755
605000,0.605,-9.7748003854596
605625,0.605625,-9.83323480124729
606250,0.60625,-9.89193625436002
606875,0.606875,-9.95090594669321
607500,0.6075,-10.0101450906524
608125,0.608125,-10.0696549092994
608750,0.60875,-10.1294366365018
609375,0.609375,-10.1894915170839
610000,0.61,-10.2498208069812
610625,0.610625,-10.3104257733969
611250,0.61125,-10.3713076949616
611875,0.611875,-10.4324678618954
612500,0.6125,-10.4939075761729
613125,0.613125,-10.5556281516912
613750,0.61375,-10.617630914441
614375,0.614375,-10.6799172026804
615000,0.615,-10.7424883671115
615625,0.615625,-10.8053457710613
616250,0.61625,-10.8684907906648
616875,0.616875,-10.9319248150513
617500,0.6175,-10.995649246535
618125,0.618125,-11.0596655008082
618750,0.61875,-11.1239750071385
619375,0.619375,-11.1885792085692
620000,0.62,-11.2534795621239
620625,0.620625,-11.3186775390142
621250,0.62125,-11.3841746248518
621875,0.621875,-11.4499723198649
622500,0.6225,-11.516072139117
623125,0.623125,-11.5824756127321
623750,0.62375,-11.6491842861221
624375,0.624375,-11.7161997202198
625000,0.625,-11.7835234917159
625625,0.625625,-11.8511571933003
626250,0.62625,-11.9191024339086
626875,0.626875,-11.9873608389728
627500,0.6275,-12.0559340506772
628125,0.628125,-12.1248237282189
628750,0.62875,-12.1940315480741
629375,0.629375,-12.2635592042689
630000,0.63,-12.3334084086555
630625,0.630625,-12.4035808911945
631250,0.63125,-12.4740784002424
631875,0.631875,-12.5449027028445
632500,0.6325,-12.6160555850342
633125,0.633125,-12.6875388521384
633750,0.63375,-12.7593543290888
634375,0.634375,-12.8315038607391
635000,0.635,-12.9039893121902
635625,0.635625,-12.9768125691201
636250,0.63625,-13.0499755381223
636875,0.636875,-13.1234801470502
637500,0.6375,-13.197328345369
638125,0.638125,-13.2715221045154
638750,0.63875,-13.3460634182638
639375,0.639375,-13.4209543031016
640000,0.64,-13.4961967986114
640625,0.640625,-13.5717929678619
641250,0.64125,-13.6477448978068
641875,0.641875,-13.724054699693
642500,0.6425,-13.8007245094768
643125,0.643125,-13.87775648825
643750,0.64375,-13.9551528226745
644375,0.644375,-14.032915725427
645000,0.645,-14.1110474356533
645625,0.645625,-14.1895502194333
646250,0.64625,-14.268426370255
646875,0.646875,-14.347678209501
647500,0.6475,-14.427308086944
648125,0.648125,-14.5073183812553
648750,0.64875,-14.5877115005239
649375,0.649375,-14.6684898827872
650000,0.65,-14.7496559965753
650625,0.650625,-14.8312123414664
651250,0.65125,-14.9131614486557
651875,0.651875,-14.9955058815379
652500,0.6525,-15.0782482363031
653125,0.653125,-15.1613911425468
653750,0.65375,-15.244937263894
654375,0.654375,-15.3288892986392
655000,0.655,-15.4132499804007
655625,0.655625,-15.4980220787914
656250,0.65625,-15.5832084001053
656875,0.656875,-15.6688117880216
657500,0.6575,-15.7548351243249
658125,0.658125,-15.8412813296441
658750,0.65875,-15.9281533642094
659375,0.659375,-16.0154542286279
660000,0.66,-16.1031869646787
660625,0.660625,-16.1913546561284
661250,0.66125,-16.279960429567
661875,0.661875,-16.3690074552648
662500,0.6625,-16.4584989480519
663125,0.663125,-16.54843816822
663750,0.66375,-16.6388284224474
664375,0.664375,-16.7296730647486
665000,0.665,-16.8209754974482
665625,0.665625,-16.9127391721812
666250,0.66625,-17.004967590919
666875,0.666875,-17.0976643070235
667500,0.6675,-17.1908329263291
668125,0.668125,-17.2844771082535
668750,0.66875,-17.3786005669399
669375,0.669375,-17.4732070724292
670000,0.67,-17.5683004518645
670625,0.670625,-17.6638845907296
671250,0.67125,-17.7599634341215
671875,0.671875,-17.8565409880582
672500,0.6725,-17.9536213208236
673125,0.673125,-18.0512085643509
673750,0.67375,-18.1493069156444
674375,0.674375,-18.2479206382429
675000,0.675,-18.347054063725
675625,0.675625,-18.446711593258
676250,0.67625,-18.546897699192
676875,0.676875,-18.6476169267013
677500,0.6775,-18.7488738954737
678125,0.678125,-18.8506733014502
678750,0.67875,-18.9530199186175
679375,0.679375,-19.0559186008534
680000,0.68,-19.1593742838293
680625,0.680625,-19.2633919869699
681250,0.68125,-19.3679768154735
681875,0.681875,-19.4731339623953
682500,0.6825,-19.5788687107944
683125,0.683125,-19.6851864359499
683750,0.68375,-19.7920926076447
684375,0.684375,-19.8995927925241
685000,0.685,-20.0076926565281
685625,0.685625,-20.1163979674034
686250,0.68625,-20.2257145972962
686875,0.686875,-20.3356485254295
687500,0.6875,-20.4462058408692
688125,0.688125,-20.5573927453814
688750,0.68875,-20.6692155563847
689375,0.689375,-20.7816807100025
690000,0.69,-20.8947947642177
690625,0.690625,-21.0085644021359
691250,0.69125,-21.1229964353595
691875,0.691875,-21.2380978074794
692500,0.6925,-21.3538755976882
693125,0.693125,-21.4703370245195
693750,0.69375,-21.5874894497205
694375,0.694375,-21.7053403822618
695000,0.695,-21.8238974824911
695625,0.695625,-21.9431685664376
696250,0.69625,-22.0631616102732
696875,0.696875,-22.1838847549367
697500,0.6975,-22.3053463109306
698125,0.698125,-22.4275547632956
698750,0.69875,-22.5505187767727
699375,0.699375,-22.6742472011604
700000,0.7,-22.7987490768776
700625,0.700625,-22.9240336407395
701250,0.70125,-23.0501103319583
701875,0.701875,-23.176988798379
702500,0.7025,-23.3046789029605
703125,0.703125,-23.4331907305156
703750,0.70375,-23.5625345947204
704375,0.704375,-23.6927210454077
705000,0.705,-23.8237608761588
705625,0.705625,-23.9556651322061
706250,0.70625,-24.0884451186653
706875,0.706875,-24.2221124091114
707500,0.7075,-24.3566788545175
708125,0.708125,-24.4921565925739
708750,0.70875,-24.6285580574088
709375,0.709375,-24.7658959897297
710000,0.71,-24.9041834474093
710625,0.710625,-25.0434338165394
711250,0.71125,-25.183660822977
711875,0.711875,-25.3248785444103
712500,0.7125,-25.4671014229731
713125,0.713125,-25.6103442784368
713750,0.71375,-25.7546223220145
714375,0.714375,-25.8999511708088
715000,0.715,-26.0463468629427
715625,0.715625,-26.1938258734112
716250,0.71625,-26.3424051306959
716875,0.716875,-26.4921020341875
717500,0.7175,-26.6429344724638
718125,0.718125,-26.7949208424747
718750,0.71875,-26.9480800696888
719375,0.719375,-27.1024316292598
720000,0.72,-27.2579955682767
720625,0.720625,-27.4147925291653
721250,0.72125,-27.5728437743116
721875,0.721875,-27.7321712119874
722500,0.7225,-27.8927974236612
723125,0.723125,-28.0547456927829
723750,0.72375,-28.218040035142
724375,0.724375,-28.3827052309018
725000,0.725,-28.5487668584237
725625,0.725625,-28.7162513300023
726250,0.72625,-28.8851859296441
726875,0.726875,-29.0555988530314
727500,0.7275,-29.2275192498251
728125,0.728125,-29.4009772684745
728750,0.72875,-29.5760041037134
729375,0.729375,-29.7526320469404
730000,0.73,-29.9308945396957
730625,0.730625,-30.1108262304669
731250,0.73125,-30.2924630350761
731875,0.731875,-30.4758422009238
732500,0.7325,-30.66100237539
733125,0.733125,-30.8479836787192
733750,0.73375,-31.0368277817505
734375,0.734375,-31.2275779888813
735000,0.735,-31.4202793266989
735625,0.735625,-31.6149786387492
736250,0.73625,-31.8117246869612
736875,0.736875,-32.0105682602987
737500,0.7375,-32.2115622912674
738125,0.738125,-32.414761980968
738750,0.73875,-32.6202249334643
739375,0.739375,-32.8280113003093
740000,0.74,-33.0381839361694
740625,0.740625,-33.2508085665867
741250,0.74125,-33.4659539690337
741875,0.741875,-33.6836921685489
742500,0.7425,-33.9040986493876
743125,0.743125,-34.1272525842882
743750,0.74375,-34.3532370831472
744375,0.744375,-34.5821394631111
745000,0.745,-34.8140515423404
745625,0.745625,-35.0490699599819
746250,0.74625,-35.2872965252123
746875,0.746875,-35.5288385985824
747500,0.7475,-35.7738095093211
748125,0.748125,-36.0223290127531
748750,0.74875,-36.2745237925492
749375,0.749375,-36.530528013196
750000,0.75,-36.7904839288374
750625,0.750625,-37.0545425555404
751250,0.75125,-37.322864415088
751875,0.751875,-37.5956203596409
752500,0.7525,-37.8729924880547
753125,0.753125,-38.1551751663694
753750,0.75375,-38.4423761670191
754375,0.754375,-38.7348179437422
755000,0.755,-39.0327390620713
755625,0.755625,-39.336395808773
756250,0.75625,-39.6460640077977
756875,0.756875,-39.962041075393
757500,0.7575,-40.2846483532182
758125,0.758125,-40.6142337658579
758750,0.75875,-40.9511748584325
759375,0.759375,-41.2958822814867
760000,0.76,-41.6488038046154
760625,0.760625,-42.0104289581329
761250,0.76125,-42.3812944245665
761875,0.761875,-42.7619903302211
762500,0.7625,-43.1531676234064
763125,0.763125,-43.5555467726692
763750,0.76375,-43.9699280790078
764375,0.764375,-44.3972039753844
765000,0.765,-44.8383737916481
765625,0.765625,-45.2945616028052
766250,0.76625,-45.7670379671777
766875,0.766875,-46.2572466184013
767500,0.7675,-46.7668375309978
768125,0.768125,-47.2977082778919
768750,0.76875,-47.8520563076222
769375,0.769375,-48.4324457949764
770000,0.77,-49.0418942297526
770625,0.770625,-49.6839861785324
771250,0.77125,-50.3630251418033
771875,0.771875,-51.0842399209098
772500,0.7725,-51.8540708035395
773125,0.773125,-52.6805757441094
773750,0.77375,-53.5740224867427
774375,0.774375,-54.5477791658276
775000,0.775,-55.61970438331
775625,0.775625,-56.814415873254
776250,0.77625,-58.1672018464379
776875,0.776875,-59.7312479050379
777500,0.7775,-61.5922543441741
778125,0.778125,-63.9019047696196
778750,0.77875,-66.9698730903926
779375,0.779375,-71.607505653503
780000,0.78,-81.7477861541859
780625,0.780625,-80.4559357909961
781250,0.78125,-71.4625897160132
781875,0.781875,-67.224756285096
782500,0.7825,-64.4502141370175
783125,0.783125,-62.3985810179756
783750,0.78375,-60.7795376995679
784375,0.784375,-59.4488516947064
785000,0.785,-58.3243067860365
785625,0.785625,-57.354568154599
786250,0.78625,-56.5054247842772
786875,0.786875,-55.752930971514
787500,0.7875,-55.0796711799393
788125,0.788125,-54.4725830003963
788750,0.78875,-53.9216179786914
789375,0.789375,-53.4188808588496
790000,0.79,-52.9580557545571
790625,0.790625,-52.5340116137183
791250,0.79125,-52.1425236883452
791875,0.791875,-51.7800723430938
792500,0.7925,-51.4436947840399
793125,0.793125,-51.1308738361043
793750,0.79375,-50.8394531876557
794375,0.794375,-50.5675718870975
795000,0.795,-50.3136130716326
795625,0.795625,-50.076163372076
796250,0.79625,-49.8539804329395
796875,0.796875,-49.6459666761966
797500,0.7975,-49.4511479221545
798125,0.798125,-49.2686558273488
798750,0.79875,-49.0977133503274
799375,0.799375,-48.9376226402201
800000,0.8,-48.7877548795836
800625,0.800625,-48.6475417154326
801250,0.80125,-48.5164679900062
801875,0.801875,-48.3940655421673
802500,0.8025,-48.2799078961445
803125,0.803125,-48.1736056899565
803750,0.80375,-48.0748027237769
804375,0.804375,-47.9831725305681
805000,0.805,-47.8984153888285
805625,0.805625,-47.8202557113381
806250,0.80625,-47.7484397550732
806875,0.806875,-47.6827336066086
807500,0.8075,-47.6229214047699
808125,0.808125,-47.5688037683881
808750,0.80875,-47.5201964020241
809375,0.809375,-47.4769288566694
810000,0.81,-47.4388434258643
810625,0.810625,-47.4057941605472
811250,0.81125,-47.3776459883433
811875,0.811875,-47.3542739250204
812500,0.8125,-47.3355623675419
813125,0.813125,-47.3214044595887
813750,0.81375,-47.3117015216528
814375,0.814375,-47.3063625388435
815000,0.815,-47.3053037004542
815625,0.815625,-47.3084479861008
816250,0.81625,-47.315724793913
816875,0.816875,-47.327069606834
817500,0.8175,-47.3424236935849
818125,0.818125,-47.3617338412896
818750,0.81875,-47.3849521171372
819375,0.819375,-47.4120356568004
820000,0.82,-47.4429464776231
820625,0.820625,-47.4776513148615
821250,0.82125,-47.5161214794979
821875,0.821875,-47.5583327363679
822500,0.8225,-47.6042652015258
823125,0.823125,-47.6539032579711
823750,0.82375,-47.7072354890041
824375,0.824375,-47.7642546286526
825000,0.825,-47.824957528748
825625,0.825625,-47.8893451423736
826250,0.82625,-47.9574225235508
826875,0.826875,-48.0291988431507
827500,0.8275,-48.104687421173
828125,0.828125,-48.1839057756505
828750,0.82875,-48.2668756885999
829375,0.829375,-48.3536232895664
830000,0.83,-48.444179157481
830625,0.830625,-48.5385784417054
831250,0.83125,-48.6368610033224
831875,0.831875,-48.7390715779229
832500,0.8325,-48.8452599613581
833125,0.833125,-48.9554812201553
833750,0.83375,-49.0697959285714
834375,0.834375,-49.1882704345457
835000,0.835,-49.3109771571552
835625,0.835625,-49.4379949185536
836250,0.83625,-49.5694093138107
836875,0.836875,-49.7053131225689
837500,0.8375,-49.8458067669955
838125,0.838125,-49.9909988211813
838750,0.83875,-50.1410065778972
839375,0.839375,-50.2959566794993
840000,0.84,-50.4559858208301
840625,0.840625,-50.6212415331552
841250,0.84125,-50.7918830596313
841875,0.841875,-50.9680823344578
842500,0.8425,-51.1500250798901
843125,0.843125,-51.3379120376487
843750,0.84375,-51.5319603541037
844375,0.844375,-51.7324051420154
845000,0.845,-51.9395012457096
845625,0.845625,-52.153525241516
846250,0.84625,-52.3747777113306
846875,0.846875,-52.6035858345142
847500,0.8475,-52.8403063523845
848125,0.848125,-53.0853289707043
848750,0.84875,-53.3390802794288
849375,0.849375,-53.6020282862825
850000,0.85,-53.8746876824969
850625,0.850625,-54.1576259865911
851250,0.85125,-54.4514707472072
851875,0.851875,-54.7569180311561
852500,0.8525,-55.0747424813006
853125,0.853125,-55.4058093053349
853750,0.85375,-55.7510886573152
854375,0.854375,-56.1116730081139
855000,0.855,-56.4887982818484
855625,0.855625,-56.8838697818015
856250,0.85625,-57.2984942693775
856875,0.856875,-57.7345200352809
857500,0.8575,-58.1940874772874
858125,0.858125,-58.6796936732231
858750,0.85875,-59.1942758688253
859375,0.859375,-59.7413209441357
860000,0.86,-60.3250112050715
860625,0.860625,-60.950421998541
861250,0.86125,-61.6237949587099
861875,0.861875,-62.3529245179062
862500,0.8625,-63.1477191546567
863125,0.863125,-64.0210416809455
863750,0.86375,-64.990013611142
864375,0.864375,-66.0781298076655
865000,0.865,-67.3188742375036
865625,0.865625,-68.7623304322196
866250,0.86625,-70.4883652998838
866875,0.866875,-72.6362254345581
867500,0.8675,-75.4834746917526
868125,0.868125,-79.7251985377272
868750,0.86875,-88.2892083014346
869375,0.869375,-91.7322608081545
870000,0.87,-80.9145964620333
870625,0.870625,-76.262094096476
871250,0.87125,-73.2625156605839
871875,0.871875,-71.0482664654502
872500,0.8725,-69.294855739212
873125,0.873125,-67.8450009720602
873750,0.87375,-66.6104185012956
874375,0.874375,-65.5365665490343
875000,0.875,-64.5873773260646
875625,0.875625,-63.7377537501787
876250,0.87625,-62.9695267962909
876875,0.876875,-62.269118902969
877500,0.8775,-61.6261163121662
878125,0.878125,-61.0323565118692
878750,0.87875,-60.481322694041
879375,0.879375,-59.9677290556329
880000,0.88,-59.4872290270404
880625,0.880625,-59.0362051378991
881250,0.88125,-58.6116145563059
881875,0.881875,-58.2108734883237
882500,0.8825,-57.8317692656019
883125,0.883125,-57.4723925254854
883750,0.88375,-57.1310842130586
884375,0.884375,-56.806393680194
885000,0.885,-56.4970452050674
885625,0.885625,-56.201910979738
886250,0.88625,-55.9199891219537
886875,0.886875,-55.6503856299126
887500,0.8875,-55.3922994608292
888125,0.888125,-55.1450101060653
888750,0.88875,-54.9078671777916
889375,0.889375,-54.6802816286383
890000,0.89,-54.4617183063916
890625,0.890625,-54.2516896073412
891250,0.89125,-54.0497500393326
891875,0.891875,-53.8554915424341
892500,0.8925,-53.6685394439922
893125,0.893125,-53.4885489476253
893750,0.89375,-53.3152020737784
894375,0.894375,-53.1482049839337
895000,0.895,-52.9872856321849
895625,0.895625,-52.8321916973009
896250,0.89625,-52.6826887560478
896875,0.896875,-52.5385586648056
897500,0.8975,-52.3995981216455
898125,0.898125,-52.2656173852921
898750,0.89875,-52.1364391309037
899375,0.899375,-52.011897425547
900000,0.9,-51.8918368086845
900625,0.900625,-51.776111465071
901250,0.90125,-51.6645844791605
901875,0.901875,-51.5571271616348
902500,0.9025,-51.4536184398649
903125,0.903125,-51.3539443052202
903750,0.90375,-51.2579973110153
904375,0.904375,-51.1656761156801
905000,0.905,-51.0768850663948
905625,0.905625,-50.9915338190191
906250,0.90625,-50.9095369906272
906875,0.906875,-50.8308138414021
907500,0.9075,-50.755287983016
908125,0.908125,-50.6828871109447
908750,0.90875,-50.6135427584502
909375,0.909375,-50.5471900702194
910000,0.91,-50.4837675938571
910625,0.910625,-50.4232170876309
911250,0.91125,-50.3654833430291
911875,0.911875,-50.3105140208455
912500,0.9125,-50.2582594996342
913125,0.913125,-50.2086727354977
913750,0.91375,-50.161709132269
914375,0.914375,-50.1173264212497
915000,0.915,-50.0754845497412
915625,0.915625,-50.0361455776802
916250,0.91625,-49.9992735817599
916875,0.916875,-49.9648345664735
917500,0.9175,-49.9327963815661
918125,0.918125,-49.903128645439
918750,0.91875,-49.8758026740818
919375,0.919375,-49.8507914151513
920000,0.92,-49.8280693868533
920625,0.920625,-49.807612621312
921250,0.92125,-49.7893986121384
921875,0.921875,-49.773406265941
922500,0.9225,-49.7596158575406
923125,0.923125,-49.7480089886763
923750,0.92375,-49.7385685500078
924375,0.924375,-49.7312786862353
925000,0.925,-49.726124764183
925625,0.925625,-49.7230933436974
926250,0.92625,-49.7221721512327
926875,0.926875,-49.7233500560094
927500,0.9275,-49.7266170486376
928125,0.928125,-49.7319642221201
928750,0.92875,-49.7393837551473
929375,0.929375,-49.748868897619
930000,0.93,-49.7604139583299
930625,0.930625,-49.7740142947696
931250,0.93125,-49.7896663049916
931875,0.931875,-49.8073674215234
932500,0.9325,-49.8271161072888
933125,0.933125,-49.8489118535295
933750,0.93375,-49.8727551797136
934375,0.934375,-49.8986476354366
935000,0.935,-49.9265918043211
935625,0.935625,-49.9565913099291
936250,0.93625,-49.9886508237166
936875,0.936875,-50.0227760750634
937500,0.9375,-50.0589738634174
938125,0.938125,-50.0972520726082
938750,0.93875,-50.1376196873903
939375,0.939375,-50.1800868122868
940000,0.94,-50.224664692816
940625,0.940625,-50.2713657391915
941250,0.94125,-50.3202035526016
941875,0.941875,-50.3711929541882
942500,0.9425,-50.424350016847
943125,0.943125,-50.4796921000047
943750,0.94375,-50.5372378875258
944375,0.944375,-50.5970074289288
945000,0.945,-50.6590221841125
945625,0.945625,-50.7233050717993
946250,0.94625,-50.7898805219424
946875,0.946875,-50.8587745323539
947500,0.9475,-50.9300147298448
948125,0.948125,-51.0036304361911
948750,0.94875,-51.0796527392788
949375,0.949375,-51.1581145698097
950000,0.95,-51.239050783993
950625,0.950625,-51.3224982526886
951250,0.95125,-51.4084959575155
951875,0.951875,-51.4970850944957
952500,0.9525,-51.5883091858592
953125,0.953125,-51.6822142007037
953750,0.95375,-51.7788486852762
954375,0.954375,-51.87826390373
955000,0.955,-51.9805139902983
955625,0.955625,-52.0856561139351
956250,0.95625,-52.1937506565897
956875,0.956875,-52.3048614064159
957500,0.9575,-52.4190557673703
958125,0.958125,-52.5364049868154
958750,0.95875,-52.6569844029498
959375,0.959375,-52.7808737141056
960000,0.96,-52.908157272195
960625,0.960625,-53.0389244028922
961250,0.96125,-53.1732697554534
961875,0.961875,-53.3112936854688
962500,0.9625,-53.4531026742645
963125,0.963125,-53.5988097891901
963750,0.96375,-53.7485351895967
964375,0.964375,-53.9024066840062
965000,0.965,-54.0605603447342
965625,0.965625,-54.223141187183
966250,0.96625,-54.3903039220631
966875,0.966875,-54.5622137900999
967500,0.9675,-54.7390474902451
968125,0.968125,-54.9209942142019
968750,0.96875,-55.1082568021463
969375,0.969375,-55.3010530370374
970000,0.97,-55.4996170978813
970625,0.970625,-55.7042011959093
971250,0.97125,-55.9150774219414
971875,0.971875,-56.132539838452
972500,0.9725,-56.3569068562401
973125,0.973125,-56.588523943387
973750,0.97375,-56.8277667238021
974375,0.974375,-57.0750445345263
975000,0.975,-57.3308045257084
975625,0.975625,-57.595536405685
976250,0.97625,-57.8697779568476
976875,0.976875,-58.1541214775412
977500,0.9775,-58.4492213429878
978125,0.978125,-58.7558029268308
978750,0.97875,-59.0746731880628
979375,0.979375,-59.4067333108194
980000,0.98,-59.752993893966
980625,0.980625,-60.1145933336897
981250,0.98125,-60.4928202399111
981875,0.981875,-60.8891409975969
982500,0.9825,-61.3052339583233
983125,0.983125,-61.743032273162
983750,0.98375,-62.2047781276713
984375,0.984375,-62.6930922270098
985000,0.985,-63.2110639850151
985625,0.985625,-63.7623702916543
986250,0.98625,-64.3514344651898
986875,0.986875,-64.9836428964468
987500,0.9875,-65.6656464929128
988125,0.988125,-66.4057901624609
988750,0.98875,-67.2147417084532
989375,0.989375,-68.1064427202429
990000,0.99,-69.0996020985166
990625,0.990625,-70.2201522514221
991250,0.99125,-71.5055242842153
991875,0.991875,-73.0126444127444
992500,0.9925,-74.8343745432438
993125,0.993125,-77.1380398095445
993750,0.99375,-80.2752459998108
994375,0.994375,-85.2208530025963
995000,0.995,-97.815454303837
995625,0.995625,-90.7523395036408
996250,0.99625,-83.0060636241752
996875,0.996875,-78.9869393167523
997500,0.9975,-76.2570700689303
998125,0.998125,-74.1891992962518
998750,0.99875,-72.5255161524318
999375,0.999375,-71.1346322170568
1000000,1,-69.9404241974062
1000625,1.000625,-68.8948174568121
1001250,1.00125,-67.9655014657953
1001875,1.001875,-67.1297117090161
1002500,1.0025,-66.3708041204439
1003125,1.003125,-65.6762403788296
1003750,1.00375,-65.0363395301805
1004375,1.004375,-64.4434707497313
1005000,1.005,-63.8915124660455
1005625,1.005625,-63.3754788764693
1006250,1.00625,-62.8912552955805
1006875,1.006875,-62.4354063668417
1007500,1.0075,-62.0050343160688
1008125,1.008125,-61.5976723523806
1008750,1.00875,-61.2112032507362
1009375,1.009375,-60.8437962986831
1010000,1.01,-60.4938578505562
1010625,1.010625,-60.1599921105403
1011250,1.01125,-59.8409697059331
1011875,1.011875,-59.5357022643928
1012500,1.0125,-59.2432216692478
1013125,1.013125,-58.9626629964778
1013750,1.01375,-58.6932503761
1014375,1.014375,-58.4342851964062
1015000,1.015,-58.1851362001148
1015625,1.015625,-57.9452311196104
1016250,1.01625,-57.7140495729073
1016875,1.016875,-57.4911169989995
1017500,1.0175,-57.2759994553025
1018125,1.018125,-57.0682991342108
1018750,1.01875,-56.8676504827146
1019375,1.019375,-56.6737168302932
1020000,1.02,-56.4861874472627
1020625,1.020625,-56.3047749692804
1021250,1.02125,-56.1292131346737
1021875,1.021875,-55.9592547900909
1022500,1.0225,-55.7946701271937
1023125,1.023125,-55.6352451190206
1023750,1.02375,-55.4807801295069
1024375,1.024375,-55.3310886736709
1025000,1.025,-55.185996309309
1025625,1.025625,-55.0453396438281
1026250,1.02625,-54.9089654421738
1026875,1.026875,-54.7767298237743
1027500,1.0275,-54.6484975380654
1028125,1.028125,-54.5241413095712
1028750,1.02875,-54.4035412446964
1029375,1.029375,-54.2865842934042
1030000,1.03,-54.1731637598107
1030625,1.030625,-54.0631788564906
1031250,1.03125,-53.9565342979011
1031875,1.031875,-53.8531399289034
1032500,1.0325,-53.7529103848279
1033125,1.033125,-53.6557647799439
1033750,1.03375,-53.5616264215564
1034375,1.034375,-53.4704225472635
1035000,1.035,-53.3820840831811
1035625,1.035625,-53.2965454211833
1036250,1.03625,-53.2137442134131
1036875,1.036875,-53.1336211825099
1037500,1.0375,-53.0561199461519
1038125,1.038125,-52.9811868546644
1038750,1.03875,-52.9087708405712
1039375,1.039375,-52.8388232790721
1040000,1.04,-52.7712978585359
1040625,1.040625,-52.706150460188
1041250,1.04125,-52.6433390462417
1041875,1.041875,-52.5828235558054
1042500,1.0425,-52.5245658079525
1043125,1.043125,-52.4685294113975
1043750,1.04375,-52.4146796802822
1044375,1.044375,-52.3629835556036
1045000,1.045,-52.313409531875
1045625,1.045625,-52.2659275886376
1046250,1.04625,-52.220509126474
1046875,1.046875,-52.1771269072092
1047500,1.0475,-52.1357549980108
1048125,1.048125,-52.0963687191178
1048750,1.04875,-52.0589445949647
1049375,1.049375,-52.0234603084684
1050000,1.05,-51.9898946582864
1050625,1.050625,-51.9582275188457
1051250,1.05125,-51.9284398029859
1051875,1.051875,-51.9005134270463
1052500,1.0525,-51.8744312782622
1053125,1.053125,-51.8501771843321
1053750,1.05375,-51.8277358850391
1054375,1.054375,-51.8070930058093
1055000,1.055,-51.7882350331099
1055625,1.055625,-51.7711492915912
1056250,1.05625,-51.755823922885
1056875,1.056875,-51.7422478659839
1057500,1.0575,-51.7304108391274
1058125,1.058125,-51.7203033231295
1058750,1.05875,-51.7119165460892
1059375,1.059375,-51.7052424694286
1060000,1.06,-51.7002737752111
1060625,1.060625,-51.6970038546926
1061250,1.06125,-51.6954267980721
1061875,1.061875,-51.6955373853999
1062500,1.0625,-51.6973310786176
1063125,1.063125,-51.7008040147008
1063750,1.06375,-51.7059529998826
1064375,1.064375,-51.7127755049386
1065000,1.065,-51.7212696615155
1065625,1.065625,-51.731434259496
1066250,1.06625,-51.7432687453869
1066875,1.066875,-51.7567732217269
1067500,1.0675,-51.7719484475122
1068125,1.068125,-51.7887958396432
1068750,1.06875,-51.8073174753916
1069375,1.069375,-51.8275160959038
1070000,1.07,-51.8493951107463
1070625,1.070625,-51.8729586035119
1071250,1.07125,-51.8982113385017
1071875,1.071875,-51.9251587685107
1072500,1.0725,-51.9538070437388
1073125,1.073125,-51.9841630218605
1073750,1.07375,-52.0162342792856
1074375,1.074375,-52.0500291236505
1075000,1.075,-52.0855566075858
1075625,1.075625,-52.1228265438057
1076250,1.07625,-52.1618495215735
1076875,1.076875,-52.2026369246029
1077500,1.0775,-52.2452009504598
1078125,1.078125,-52.2895546315365
1078750,1.07875,-52.335711857674
1079375,1.079375,-52.3836874005196
1080000,1.08,-52.4334969397138
1080625,1.080625,-52.4851570910043
1081250,1.08125,-52.5386854364008
1081875,1.081875,-52.5941005564905
1082500,1.0825,-52.6514220650453
1083125,1.083125,-52.710670646062
1083750,1.08375,-52.7718680933973
1084375,1.084375,-52.8350373531569
1085000,1.085,-52.900202569036
1085625,1.085625,-52.9673891308026
1086250,1.08625,-53.0366237261506
1086875,1.086875,-53.1079343961593
1087500,1.0875,-53.1813505946234
1088125,1.088125,-53.2569032515379
1088750,1.08875,-53.3346248410589
1089375,1.089375,-53.4145494542723
1090000,1.09,-53.4967128771583
1090625,1.090625,-53.5811526741588
1091250,1.09125,-53.6679082778014
1091875,1.091875,-53.7570210848825
1092500,1.0925,-53.8485345597558
1093125,1.093125,-53.9424943453297
1093750,1.09375,-54.0389483824445
1094375,1.094375,-54.1379470383662
1095000,1.095,-54.239543245209
1095625,1.095625,-54.3437926491944
1096250,1.09625,-54.4507537717461
1096875,1.096875,-54.5604881835363
1097500,1.0975,-54.6730606927227
1098125,1.098125,-54.7885395487527
1098750,1.09875,-54.9069966632835
1099375,1.099375,-55.0285078499376
1100000,1.1,-55.1531530848257
1100625,1.100625,-55.281016790006
1101250,1.10125,-55.4121881423166
1101875,1.101875,-55.5467614103321
1102500,1.1025,-55.6848363225347
1103125,1.103125,-55.8265184702261
1103750,1.10375,-55.9719197491414
1104375,1.104375,-56.121158844301
1105000,1.105,-56.2743617632496
1105625,1.105625,-56.4316624235608
1106250,1.10625,-56.5932033013566
1106875,1.106875,-56.7591361485718
1107500,1.1075,-56.9296227878696
1108125,1.108125,-57.1048359954971
1108750,1.10875,-57.2849604839865
1109375,1.109375,-57.4701939985453
1110000,1.11,-57.6607485432557
1110625,1.110625,-57.8568517559571
1111250,1.11125,-58.0587484539465
1111875,1.111875,-58.2667023765967
1112500,1.1125,-58.4809981557394
1113125,1.113125,-58.7019435504917
1113750,1.11375,-58.9298719902401
1114375,1.114375,-59.1651454782057
1115000,1.115,-59.4081579187049
1115625,1.115625,-59.6593389445011
1116250,1.11625,-59.9191583372214
1116875,1.116875,-60.1881311546098
1117500,1.1175,-60.4668237047217
1118125,1.118125,-60.7558605406461
1118750,1.11875,-61.0559326923514
1119375,1.119375,-61.3678074078308
1120000,1.12,-61.6923397482768
1120625,1.120625,-62.0304864775076
1121250,1.12125,-62.3833228128686
1121875,1.121875,-62.7520627755011
1122500,1.1225,-63.13808410988
1123125,1.123125,-63.5429590618209
1123750,1.12375,-63.9684927495715
1124375,1.124375,-64.416771493039
1125000,1.125,-64.8902243729183
1125625,1.125625,-65.3917026186017
1126250,1.12625,-65.9245834041608
1126875,1.126875,-66.4929076509804
1127500,1.1275,-67.1015661501978
1128125,1.128125,-67.7565558802598
1128750,1.12875,-68.4653408986494
1129375,1.129375,-69.2373735905941
1130000,1.13,-70.0848701904718
1130625,1.130625,-71.0240056714937
1131250,1.13125,-72.0768335033058
1131875,1.131875,-73.2745317565764
1132500,1.1325,-74.6632541678703
1133125,1.133125,-76.3155831210651
1133750,1.13375,-78.3555806312771
1134375,1.134375,-81.0230385622779
1135000,1.135,-84.8857752290779
1135625,1.135625,-92.0005965550781
1136250,1.13625,-103.492184515437
1136875,1.136875,-88.3053326827827
1137500,1.1375,-83.0837119838073
1138125,1.138125,-79.8515499720844
1138750,1.13875,-77.5063530309572
1139375,1.139375,-75.6659927723332
1140000,1.14,-74.1521312613825
1140625,1.140625,-72.8669625652644
1141250,1.14125,-71.7510106389919
1141875,1.141875,-70.765395687851
1142500,1.1425,-69.8833010254184
1143125,1.143125,-69.085447206841
1143750,1.14375,-68.3575078549561
1144375,1.144375,-67.688546073519
1145000,1.145,-67.0700229776049
1145625,1.145625,-66.4951441761242
1146250,1.14625,-65.9584147521805
1146875,1.146875,-65.455327684068
1147500,1.1475,-64.982140396387
1148125,1.148125,-64.5357111230638
1148750,1.14875,-64.1133768424047
1149375,1.149375,-63.7128607210239
1150000,1.15,-63.3322008995963
1150625,1.150625,-62.9696949746079
1151250,1.15125,-62.6238561994194
1151875,1.151875,-62.2933785559554
1152500,1.1525,-61.9771086247924
1153125,1.153125,-61.6740227251308
1153750,1.15375,-61.3832081825893
1154375,1.154375,-61.1038478615104
1155000,1.155,-60.8352073020288
1155625,1.155625,-60.5766239526468
1156250,1.15625,-60.3274981015739
1156875,1.156875,-60.08728519505
1157500,1.1575,-59.8554892956459
1158125,1.158125,-59.6316574833887
1158750,1.15875,-59.4153750412209
1159375,1.159375,-59.206261296552
1160000,1.16,-59.0039660144594
1160625,1.160625,-58.8081662570099
1161250,1.16125,-58.618563638245
1161875,1.161875,-58.4348819165017
1162500,1.1625,-58.2568648755257
1163125,1.163125,-58.0842744537953
1163750,1.16375,-57.9168890879846
1164375,1.164375,-57.7545022418151
1165000,1.165,-57.596921095963
1165625,1.165625,-57.4439653783309
1166250,1.16625,-57.295466317032
1166875,1.166875,-57.1512657009647
1167500,1.1675,-57.0112150350052
1168125,1.168125,-56.8751747786083
1168750,1.16875,-56.7430136581528
1169375,1.169375,-56.6146080446335
1170000,1.17,-56.4898413893996
1170625,1.170625,-56.3686037115856
1171250,1.17125,-56.2507911316613
1171875,1.171875,-56.1363054462271
1172500,1.1725,-56.0250537397744
1173125,1.173125,-55.9169480296323
1173750,1.17375,-55.8119049407679
1174375,1.174375,-55.7098454075027
1175000,1.175,-55.6106943995216
1175625,1.175625,-55.5143806698623
1176250,1.17625,-55.420836522815
1176875,1.176875,-55.3299975998942
1177500,1.1775,-55.2418026822344
1178125,1.178125,-55.1561935079408
1178750,1.17875,-55.0731146030689
1179375,1.179375,-54.9925131250583
1180000,1.18,-54.9143387175419
1180625,1.180625,-54.8385433755797
1181250,1.18125,-54.7650813204498
1181875,1.181875,-54.6939088832086
1182500,1.1825,-54.6249843963172
1183125,1.183125,-54.5582680926929
1183750,1.18375,-54.4937220115994
1184375,1.184375,-54.431309910852
1185000,1.185,-54.3709971848551
1185625,1.185625,-54.3127507880342
1186250,1.18625,-54.2565391632649
1186875,1.186875,-54.2023321749326
1187500,1.1875,-54.1501010462953
1188125,1.188125,-54.0998183008398
1188750,1.18875,-54.0514577073566
1189375,1.189375,-54.0049942284795
1190000,1.19,-53.9604039724522
1190625,1.190625,-53.9176641479147
1191250,1.19125,-53.8767530215034
1191875,1.191875,-53.8376498780926
1192500,1.1925,-53.8003349835068
1193125,1.193125,-53.7647895495528
1193750,1.19375,-53.7309957012272
1194375,1.194375,-53.6989364459759
1195000,1.195,-53.6685956448807
1195625,1.195625,-53.6399579856658
1196250,1.19625,-53.6130089574232
1196875,1.196875,-53.5877348269609
1197500,1.1975,-53.5641226166917
1198125,1.198125,-53.5421600839811
1198750,1.19875,-53.5218357018811
1199375,1.199375,-53.5031386411849
1200000,1.2,-53.4860587537386
1200625,1.200625,-53.4705865569538
1201250,1.20125,-53.4567132194721
1201875,1.201875,-53.4444305479283
1202500,1.2025,-53.4337309747756
1203125,1.203125,-53.4246075471266
1203750,1.20375,-53.41705391658
1204375,1.204375,-53.4110643299969
1205000,1.205,-53.4066336212003
1205625,1.205625,-53.4037572035673
1206250,1.20625,-53.4024310634984
1206875,1.206875,-53.4026517547349
1207500,1.2075,-53.4044163935137
1208125,1.208125,-53.4077226545417
1208750,1.20875,-53.4125687677789
1209375,1.209375,-53.4189535160179
1210000,1.21,-53.4268762332542
1210625,1.210625,-53.4363368038459
1211250,1.21125,-53.4473356624518
1211875,1.211875,-53.4598737947559
1212500,1.2125,-53.4739527389763
1213125,1.213125,-53.4895745881651
1213750,1.21375,-53.5067419933035
1214375,1.214375,-53.5254581672047
1215000,1.215,-53.5457268892356
1215625,1.215625,-53.5675525108704
1216250,1.21625,-53.5909399620947
1216875,1.216875,-53.6158947586789
1217500,1.2175,-53.6424230103474
1218125,1.218125,-53.6705314298603
1218750,1.21875,-53.7002273430474
1219375,1.219375,-53.731518699818
1220000,1.22,-53.7644140861877
1220625,1.220625,-53.7989227373547
1221250,1.22125,-53.8350545518771
1221875,1.221875,-53.8728201069897
1222500,1.2225,-53.9122306751169
1223125,1.223125,-53.9532982416363
1223750,1.22375,-53.9960355239529
1224375,1.224375,-54.0404559919523
1225000,1.225,-54.0865738899032
1225625,1.225625,-54.1344042598884
1226250,1.22625,-54.1839629668492
1226875,1.226875,-54.2352667253365
1227500,1.2275,-54.2883331280662
1228125,1.228125,-54.3431806763915
1228750,1.22875,-54.3998288128068
1229375,1.229375,-54.4582979556133
1230000,1.23,-54.5186095358855
1230625,1.230625,-54.5807860368889
1231250,1.23125,-54.6448510361134
1231875,1.231875,-54.7108292501047
1232500,1.2325,-54.7787465822809
1233125,1.233125,-54.8486301739561
1233750,1.23375,-54.9205084587921
1234375,1.234375,-54.9944112209379
1235000,1.235,-55.0703696571293
1235625,1.235625,-55.1484164430453
1236250,1.23625,-55.2285858042589
1236875,1.236875,-55.3109135921325
1237500,1.2375,-55.3954373650569
1238125,1.238125,-55.4821964754688
1238750,1.23875,-55.5712321631142
1239375,1.239375,-55.6625876550877
1240000,1.24,-55.7563082732192
1240625,1.240625,-55.8524415494366
1241250,1.24125,-55.9510373498191
1241875,1.241875,-56.0521480080916
1242500,1.2425,-56.1558284694361
1243125,1.243125,-56.2621364455559
1243750,1.24375,-56.3711325820489
1244375,1.244375,-56.4828806392581
1245000,1.245,-56.5974476879035
1245625,1.245625,-56.7149043209449
1246250,1.24625,-56.8353248833002
1246875,1.246875,-56.9587877212355
1247500,1.2475,-57.0853754534583
1248125,1.248125,-57.2151752662081
1248750,1.24875,-57.3482792349096
1249375,1.249375,-57.4847846752976
1250000,1.25,-57.6247945272904
1250625,1.250625,-57.7684177753269
1251250,1.25125,-57.915769909387
1251875,1.251875,-58.0669734314883
1252500,1.2525,-58.2221584131371
1253125,1.253125,-58.3814631099845
1253750,1.25375,-58.5450346408681
1254375,1.254375,-58.7130297394772
1255000,1.255,-58.8856155881521
1255625,1.255625,-59.0629707448045
1256250,1.25625,-59.2452861757082
1256875,1.256875,-59.4327664089839
1257500,1.2575,-59.6256308260965
1258125,1.258125,-59.8241151116403
1258750,1.25875,-60.0284728852595
1259375,1.259375,-60.238977543854
1260000,1.26,-60.4559243474152
1260625,1.260625,-60.6796327882036
1261250,1.26125,-60.9104492907172
1261875,1.261875,-61.1487502994377
1262500,1.2625,-61.3949458231731
1263125,1.263125,-61.6494835194385
1263750,1.26375,-61.9128534207315
1264375,1.264375,-62.1855934276562
1265000,1.265,-62.4682957232062
1265625,1.265625,-62.761614299999
1266250,1.26625,-63.0662738405219
1266875,1.266875,-63.3830802531292
1267500,1.2675,-63.7129332486183
1268125,1.268125,-64.0568414507951
1268750,1.26875,-64.4159406794838
1269375,1.269375,-64.7915162403816
1270000,1.27,-65.1850303239798
1270625,1.270625,-65.5981559865649
1271250,1.27125,-66.0328197069207
1271875,1.271875,-66.4912552544882
1272500,1.2725,-66.9760726803125
1273125,1.273125,-67.490347830085
1273750,1.27375,-68.0377401705469
1274375,1.274375,-68.6226504061053
1275000,1.275,-69.2504351857484
1275625,1.275625,-69.9277056660592
1276250,1.27625,-70.6627525866866
1276875,1.276875,-71.4661681941549
1277500,1.2775,-72.3517856733238
1278125,1.278125,-73.3381529505491
1278750,1.27875,-74.4509530037332
1279375,1.279375,-75.7272091015751
1280000,1.28,-77.2231323889342
1280625,1.280625,-79.0302069775216
1281250,1.28125,-81.3127197232895
1281875,1.281875,-84.4140004911658
1282500,1.2825,-89.2755692977224
1283125,1.283125,-101.288824780587
1283750,1.28375,-95.3433271445558
1284375,1.284375,-87.3779909421885
1285000,1.285,-83.2998503130239
1285625,1.285625,-80.5404232440084
1286250,1.28625,-78.4535084730931
1286875,1.286875,-76.7756948225736
1287500,1.2875,-75.3733478969009
1288125,1.288125,-74.1692686327257
1288750,1.28875,-73.1148026507344
1289375,1.289375,-72.1772994554159
1290000,1.29,-71.3337820667304
1290625,1.290625,-70.5674668610248
1291250,1.29125,-69.8657201077095
1291875,1.291875,-69.2187934474837
1292500,1.2925,-68.6190071090495
1293125,1.293125,-68.06020314075
1293750,1.29375,-67.5373681533275
1294375,1.294375,-67.0463661760987
1295000,1.295,-66.5837451769151
1295625,1.295625,-66.1465941397477
1296250,1.29625,-65.7324356309413
1296875,1.296875,-65.339143778087
1297500,1.2975,-64.9648807728128
1298125,1.298125,-64.6080470935157
1298750,1.29875,-64.2672420375557
1299375,1.299375,-63.9412321022513
1300000,1.3,-63.6289254130955
1300625,1.300625,-63.3293508623343
1301250,1.30125,-63.0416409536229
1301875,1.301875,-62.7650175897384
1302500,1.3025,-62.4987802175385
1303125,1.303125,-62.2422958760423
1303750,1.30375,-61.9949907924072
1304375,1.304375,-61.7563432456029
1305000,1.305,-61.5258774750317
1305625,1.305625,-61.3031584557189
1306250,1.30625,-61.087787396225
1306875,1.306875,-60.8793978425621
1307500,1.3075,-60.6776522927924
1308125,1.308125,-60.4822392440591
1308750,1.30875,-60.2928706074134
1309375,1.309375,-60.109279436823
1310000,1.31,-59.9312179276372
1310625,1.310625,-59.7584556470444
1311250,1.31125,-59.590777964998
1311875,1.311875,-59.4279846589763
1312500,1.3125,-59.2698886699754
1313125,1.313125,-59.116314990498
1313750,1.31375,-58.9670996680903
1314375,1.314375,-58.8220889103314
1315000,1.315,-58.6811382791284
1315625,1.315625,-58.5441119638664
1316250,1.31625,-58.4108821243186
1316875,1.316875,-58.281328295469
1317500,1.3175,-58.1553368473754
1318125,1.318125,-58.0328004940971
1318750,1.31875,-57.9136178464434
1319375,1.319375,-57.7976930039491
1320000,1.32,-57.6849351820338
1320625,1.320625,-57.5752583707762
1321250,1.32125,-57.4685810221579
1321875,1.321875,-57.3648257629849
1322500,1.3225,-57.2639191310145
1323125,1.323125,-57.1657913320826
1323750,1.32375,-57.0703760162766
1324375,1.324375,-56.9776100713996
1325000,1.325,-56.8874334321662
1325625,1.325625,-56.7997889037252
1326250,1.32625,-56.7146219982541
1326875,1.326875,-56.6318807834957
1327500,1.3275,-56.5515157422196
1328125,1.328125,-56.4734796416933
1328750,1.32875,-56.3977274123334
1329375,1.329375,-56.3242160347936
1330000,1.33,-56.2529044348039
1330625,1.330625,-56.183753385158
1331250,1.33125,-56.1167254142804
1331875,1.331875,-56.0517847208782
1332500,1.3325,-55.9888970942044
1333125,1.333125,-55.9280298395267
1333750,1.33375,-55.869151708402
1334375,1.334375,-55.8122328334269
1335000,1.335,-55.7572446671257
1335625,1.335625,-55.7041599246963
1336250,1.33625,-55.6529525303404
1336875,1.336875,-55.603597566933
1337500,1.3375,-55.5560712288099
1338125,1.338125,-55.5103507774604
1338750,1.33875,-55.4664144999383
1339375,1.339375,-55.4242416698185
1340000,1.34,-55.3838125105364
1340625,1.340625,-55.3451081609565
1341250,1.34125,-55.3081106430467
1341875,1.341875,-55.2728028315195
1342500,1.3425,-55.2391684253311
1343125,1.343125,-55.2071919209323
1343750,1.34375,-55.1768585871655
1344375,1.344375,-55.1481544417248
1345000,1.345,-55.1210662290921
1345625,1.345625,-55.0955813998673
1346250,1.34625,-55.0716880914296
1346875,1.346875,-55.0493751098554
1347500,1.3475,-55.0286319130379
1348125,1.348125,-55.0094485949499
1348750,1.34875,-54.9918158709962
1349375,1.349375,-54.975725064414
1350000,1.35,-54.9611680936702
1350625,1.350625,-54.9481374608225
1351250,1.35125,-54.9366262408033
1351875,1.351875,-54.9266280715944
1352500,1.3525,-54.9181371452631
1353125,1.353125,-54.9111481998326
1353750,1.35375,-54.905656511959
1354375,1.354375,-54.9016578903973
1355000,1.355,-54.8991486702339
1355625,1.355625,-54.8981257078695
1356250,1.35625,-54.8985863767358
1356875,1.356875,-54.9005285637386
1357500,1.3575,-54.9039506664097
1358125,1.358125,-54.9088515907655
1358750,1.35875,-54.9152307498608
1359375,1.359375,-54.9230880630406
1360000,1.36,-54.9324239558776
1360625,1.360625,-54.9432393608074
1361250,1.36125,-54.9555357184511
1361875,1.361875,-54.9693149796396
1362500,1.3625,-54.9845796081379
1363125,1.363125,-55.0013325840819
1363750,1.36375,-55.0195774081354
1364375,1.364375,-55.0393181063818
1365000,1.365,-55.060559235961
1365625,1.365625,-55.0833058914727
1366250,1.36625,-55.1075637121637
1366875,1.366875,-55.133338889918
1367500,1.3675,-55.1606381780799
1368125,1.368125,-55.1894689011276
1368750,1.36875,-55.2198389652406
1369375,1.369375,-55.2517568697784
1370000,1.37,-55.2852317197191
1370625,1.370625,-55.3202732390897
1371250,1.37125,-55.3568917854342
1371875,1.371875,-55.3950983653653
1372500,1.3725,-55.4349046512523
1373125,1.373125,-55.4763229990962
1373750,1.37375,-55.5193664676592
1374375,1.374375,-55.5640488389062
1375000,1.375,-55.6103846398347
1375625,1.375625,-55.6583891657671
1376250,1.37625,-55.7080785051874
1376875,1.376875,-55.759469566215
1377500,1.3775,-55.8125801048127
1378125,1.378125,-55.8674287548308
1378750,1.37875,-55.9240350600068
1379375,1.379375,-55.9824195080411
1380000,1.38,-56.0426035668872
1380625,1.380625,-56.1046097233959
1381250,1.38125,-56.1684615244815
1381875,1.381875,-56.234183620974
1382500,1.3825,-56.3018018143489
1383125,1.383125,-56.37134310654
1383750,1.38375,-56.4428357530527
1384375,1.384375,-56.516309319624
1385000,1.385,-56.5917947426926
1385625,1.385625,-56.6693243939657
1386250,1.38625,-56.7489321493979
1386875,1.386875,-56.830653462931
1387500,1.3875,-56.9145254453653
1388125,1.388125,-57.0005869487803
1388750,1.38875,-57.0888786569623
1389375,1.389375,-57.1794431823271
1390000,1.39,-57.2723251698984
1390625,1.390625,-57.3675714089414
1391250,1.39125,-57.4652309529132
1391875,1.391875,-57.5653552484786
1392500,1.3925,-57.6679982743924
1393125,1.393125,-57.7732166911574
1393750,1.39375,-57.8810700024581
1394375,1.394375,-57.9916207294754
1395000,1.395,-58.1049345993266
1395625,1.395625,-58.221080748998
1396250,1.39625,-58.340131946313
1396875,1.396875,-58.4621648296575
1397500,1.3975,-58.5872601683766
1398125,1.398125,-58.7155031460144
1398750,1.39875,-58.8469836688204
1399375,1.399375,-58.9817967022564
1400000,1.4,-59.1200426386028
1400625,1.400625,-59.2618276991478
1401250,1.40125,-59.4072643749337
1401875,1.401875,-59.5564719105526
1402500,1.4025,-59.7095768361377
1403125,1.403125,-59.8667135533884
1403750,1.40375,-60.0280249823646
1404375,1.404375,-60.1936632767204
1405000,1.405,-60.3637906162715
1405625,1.405625,-60.5385800871088
1406250,1.40625,-60.7182166611273
1406875,1.406875,-60.9028982887238
1407500,1.4075,-61.0928371207196
1408125,1.408125,-61.2882608782705
1408750,1.40875,-61.4894143927845
1409375,1.409375,-61.6965613417985
1410000,1.41,-61.9099862114983
1410625,1.410625,-62.1299965223295
1411250,1.41125,-62.3569253611732
1411875,1.411875,-62.5911342721744
1412500,1.4125,-62.833016568948
1413125,1.413125,-63.0830011440693
1413750,1.41375,-63.3415568681978
1414375,1.414375,-63.6091976918397
1415000,1.415,-63.8864885888556
1415625,1.415625,-64.1740525140562
1416250,1.41625,-64.4725785898502
1416875,1.416875,-64.782831792021
1417500,1.4175,-65.1056644766016
1418125,1.418125,-65.4420301844259
1418750,1.41875,-65.7930002857103
1419375,1.419375,-66.1597841959697
1420000,1.42,-66.5437541241835
1420625,1.420625,-66.9464756299507
1421250,1.42125,-67.3697457067734
1421875,1.421875,-67.8156407315905
1422500,1.4225,-68.2865775162036
1423125,1.423125,-68.7853920061872
1423750,1.42375,-69.3154421262568
1424375,1.424375,-69.8807442469947
1425000,1.425,-70.4861573907664
1425625,1.425625,-71.1376367347444
1426250,1.42625,-71.8425902576555
1426875,1.426875,-72.6103933864995
1427500,1.4275,-73.4531538763635
1428125,1.428125,-74.3868888079602
1428750,1.42875,-75.433412700652
1429375,1.429375,-76.6235240761117
1430000,1.43,-78.0027354534988
1430625,1.430625,-79.642454118006
1431250,1.43125,-81.6643317757868
1431875,1.431875,-84.3023138725994
1432500,1.4325,-88.1054236657726
1433125,1.433125,-95.0183959005945
1433750,1.43375,-108.370651937216
1434375,1.434375,-91.9218881833086
1435000,1.435,-86.5868651922788
1435625,1.435625,-83.3107253085402
1436250,1.43625,-80.9412822153713
1436875,1.436875,-79.0849875103657
1437500,1.4375,-77.5594586854965
1438125,1.438125,-76.2650942869126
1438750,1.43875,-75.1414993588657
1439375,1.439375,-74.1492750551208
1440000,1.44,-73.2612893624309
1440625,1.440625,-72.4580602308456
1441250,1.44125,-71.7251251756335
1441875,1.441875,-71.0514524873882
1442500,1.4425,-70.4284352132591
1443125,1.443125,-69.8492288357614
1443750,1.44375,-69.308300711355
1444375,1.444375,-68.8011148835345
1445000,1.445,-68.3239062158765
1445625,1.445625,-67.8735150928756
1446250,1.44625,-67.4472641866982
1446875,1.446875,-67.042865063542
1447500,1.4475,-66.6583463582589
1448125,1.448125,-66.2919978030556
1448750,1.44875,-65.9423260878695
1449375,1.449375,-65.6080196724832
1450000,1.45,-65.2879204565091
1450625,1.450625,-64.9810007633766
1451250,1.45125,-64.6863444853483
1451875,1.451875,-64.4031315182668
1452500,1.4525,-64.1306248204333
1453125,1.453125,-63.8681595820284
1453750,1.45375,-63.6151341050582
1454375,1.454375,-63.3710020795537
1455000,1.455,-63.1352660071377
1455625,1.455625,-62.9074715733115
1456250,1.45625,-62.6872028088611
1456875,1.456875,-62.474077911202
1457500,1.4575,-62.2677456205478
1458125,1.458125,-62.067882064788
1458750,1.45875,-61.8741880021675
1459375,1.459375,-61.6863864030823
1460000,1.46,-61.504220322144
1460625,1.460625,-61.3274510197003
1461250,1.46125,-61.1558562985305
1461875,1.461875,-60.989229026817
1462500,1.4625,-60.827375822913
1463125,1.463125,-60.6701158811094
1463750,1.46375,-60.5172799206591
1464375,1.464375,-60.3687092428548
1465000,1.465,-60.2242548831134
1465625,1.465625,-60.0837768468263
1466250,1.46625,-59.9471434192376
1466875,1.466875,-59.8142305409294
1467500,1.4675,-59.6849212415757
1468125,1.468125,-59.5591051255787
1468750,1.46875,-59.4366779039938
1469375,1.469375,-59.317540967846
1470000,1.47,-59.2016009985362
1470625,1.470625,-59.0887696115464
1471250,1.47125,-58.9789630300973
1471875,1.471875,-58.8721017858036
1472500,1.4725,-58.7681104436973
1473125,1.473125,-58.6669173492955
1473750,1.47375,-58.5684543956372
1474375,1.474375,-58.472656808437
1475000,1.475,-58.3794629477074
1475625,1.475625,-58.2888141243726
1476250,1.47625,-58.2006544305446
1476875,1.476875,-58.1149305822736
1477500,1.4775,-58.0315917737053
1478125,1.478125,-57.950589541676
1478750,1.47875,-57.8718776398797
1479375,1.479375,-57.7954119218207
1480000,1.48,-57.7211502318393
1480625,1.480625,-57.6490523035684
1481250,1.48125,-57.5790796652361
1481875,1.481875,-57.5111955512829
1482500,1.4825,-57.4453648198114
1483125,1.483125,-57.3815538754293
1483750,1.48375,-57.3197305970851
1484375,1.484375,-57.2598642705287
1485000,1.485,-57.2019255250658
1485625,1.485625,-57.1458862742988
1486250,1.48625,-57.0917196605753
1486875,1.486875,-57.0394000028856
1487500,1.4875,-56.9889027479779
1488125,1.488125,-56.9402044244718
1488750,1.48875,-56.8932825997735
1489375,1.489375,-56.8481158396107
1490000,1.49,-56.8046836700174
1490625,1.490625,-56.7629665416168
1491250,1.49125,-56.7229457960567
1491875,1.491875,-56.6846036344706
1492500,1.4925,-56.6479230878372
1493125,1.493125,-56.6128879891332
1493750,1.49375,-56.5794829471723
1494375,1.494375,-56.547693322035
1495000,1.495,-56.5175052020036
1495625,1.495625,-56.4889053819196
1496250,1.49625,-56.4618813428871
1496875,1.496875,-56.4364212332567
1497500,1.4975,-56.4125138508226
1498125,1.498125,-56.3901486261742
1498750,1.49875,-56.3693156071486
1499375,1.499375,-56.3500054443342
1500000,1.5,-56.3322093775773
1500625,1.500625,-56.3159192234506
1501250,1.50125,-56.301127363644
1501875,1.501875,-56.2878267342404
1502500,1.5025,-56.2760108158501
1503125,1.503125,-56.2656736245607
1503750,1.50375,-56.2568097036921
1504375,1.504375,-56.2494141163195
1505000,1.505,-56.2434824385456
1505625,1.505625,-56.2390107535053
1506250,1.50625,-56.2359956460827
1506875,1.506875,-56.2344341983253
1507500,1.5075,-56.2343239855422
1508125,1.508125,-56.2356630730761
1508750,1.50875,-56.2384500137393
1509375,1.509375,-56.2426838459049
1510000,1.51,-56.2483640922514
1510625,1.510625,-56.2554907591517
1511250,1.51125,-56.2640643367121
1511875,1.511875,-56.2740857994539
1512500,1.5125,-56.2855566076439
1513125,1.513125,-56.2984787092767
1513750,1.51375,-56.3128545427155
1514375,1.514375,-56.3286870399951
1515000,1.515,-56.345979630802
1515625,1.515625,-56.364736247139
1516250,1.51625,-56.3849613286888
1516875,1.516875,-56.4066598288932
1517500,1.5175,-56.4298372217647
1518125,1.518125,-56.4544995094503
1518750,1.51875,-56.48065323057
1519375,1.519375,-56.508305469358
1520000,1.52,-56.5374638656247
1520625,1.520625,-56.5681366255851
1521250,1.52125,-56.6003325335691
1521875,1.521875,-56.6340609646655
1522500,1.5225,-56.6693318983281
1523125,1.523125,-56.7061559329925
1523750,1.52375,-56.7445443017505
1524375,1.524375,-56.7845088891288
1525000,1.525,-56.826062249032
1525625,1.525625,-56.8692176239057
1526250,1.52625,-56.913988965186
1526875,1.526875,-56.9603909551077
1527500,1.5275,-57.0084390299405
1528125,1.528125,-57.0581494047432
1528750,1.52875,-57.1095390997182
1529375,1.529375,-57.1626259682665
1530000,1.53,-57.2174287268466
1530625,1.530625,-57.2739669867471
1531250,1.53125,-57.3322612879006
1531875,1.531875,-57.3923331348659
1532500,1.5325,-57.4542050351267
1533125,1.533125,-57.5179005398612
1533750,1.53375,-57.5834442873502
1534375,1.534375,-57.6508620492116
1535000,1.535,-57.7201807796588
1535625,1.535625,-57.7914286680027
1536250,1.53625,-57.8646351946334
1536875,1.536875,-57.9398311907433
1537500,1.5375,-58.0170489020714
1538125,1.538125,-58.0963220569783
1538750,1.53875,-58.1776859391928
1539375,1.539375,-58.2611774655946
1540000,1.54,-58.3468352694434
1540625,1.540625,-58.4346997894951
1541250,1.54125,-58.5248133654957
1541875,1.541875,-58.6172203405893
1542500,1.5425,-58.7119671712297
1543125,1.543125,-58.80910254525
1543750,1.54375,-58.9086775088097
1544375,1.544375,-59.0107456030096
1545000,1.545,-59.1153630110634
1545625,1.545625,-59.2225887169953
1546250,1.54625,-59.3324846769502
1546875,1.546875,-59.4451160043219
1547500,1.5475,-59.5605511700436
1548125,1.548125,-59.6788622195332
1548750,1.54875,-59.800125007975
1549375,1.549375,-59.9244194558083
1550000,1.55,-60.0518298265258
1550625,1.550625,-60.1824450291457
1551250,1.55125,-60.3163589480218
1551875,1.551875,-60.4536708029883
1552500,1.5525,-60.5944855432431
1553125,1.553125,-60.7389142788102
1553750,1.55375,-60.8870747539572
1554375,1.554375,-61.0390918675449
1555000,1.555,-61.1950982459848
1555625,1.555625,-61.3552348753067
1556250,1.55625,-61.5196517997936
1556875,1.556875,-61.6885088957577
1557500,1.5575,-61.8619767303561
1558125,1.558125,-62.0402375168993
1558750,1.55875,-62.2234861799409
1559375,1.559375,-62.4119315456333
1560000,1.56,-62.605797675432
1560625,1.560625,-62.8053253643702
1561250,1.56125,-63.0107738288582
1561875,1.561875,-63.2224226135262
1562500,1.5625,-63.440573752094
1563125,1.563125,-63.6655542240018
1563750,1.56375,-63.8977187567057
1564375,1.564375,-64.1374530336952
1565000,1.565,-64.3851773808104
1565625,1.565625,-64.6413510190402
1566250,1.56625,-64.9064769915817
1566875,1.566875,-65.1811078976212
1567500,1.5675,-65.4658525967196
1568125,1.568125,-65.7613840878466
1568750,1.56875,-66.0684488190427
1569375,1.569375,-66.3878777511555
1570000,1.57,-66.7205995878222
1570625,1.570625,-67.0676567014613
1571250,1.57125,-67.4302244426266
1571875,1.571875,-67.809634733663
1572500,1.5725,-68.2074051405021
1573125,1.573125,-68.6252750235867
1573750,1.57375,-69.0652509428141
1574375,1.574375,-69.5296643132256
1575000,1.575,-70.0212455052552
1575625,1.575625,-70.5432203601888
1576250,1.57625,-71.0994377843971
1576875,1.576875,-71.6945412631695
1577500,1.5775,-72.3342037853218
1578125,1.578125,-73.0254565733851
1578750,1.57875,-73.7771604986785
1579375,1.579375,-74.6007016253901
1580000,1.58,-75.5110523201118
1580625,1.580625,-76.5284558627416
1581250,1.58125,-77.6812334660793
1581875,1.581875,-79.0107510593594
1582500,1.5825,-80.5809089242527
1583125,1.583125,-82.4982211234961
1583750,1.58375,-84.9608595563542
1584375,1.584375,-88.4080303093194
1585000,1.585,-94.2015712041284
1585625,1.585625,-119.789932443844
1586250,1.58625,-95.1768012562336
1586875,1.586875,-88.9104703988572
1587500,1.5875,-85.3126592703796
1588125,1.588125,-82.7797883932737
1588750,1.58875,-80.8243939909595
1589375,1.589375,-79.2322261992595
1590000,1.59,-77.8898818276495
1590625,1.590625,-76.7300163829225
1591250,1.59125,-75.7093505807234
1591875,1.591875,-74.7984152147991
1592500,1.5925,-73.9762364578086
1593125,1.593125,-73.2273548960566
1593750,1.59375,-72.5400472601906
1594375,1.594375,-71.905211798486
1595000,1.595,-71.3156406233507
1595625,1.595625,-70.7655282282618
1596250,1.59625,-70.2501297726463
1596875,1.596875,-69.7655175007355
1597500,1.5975,-69.3084033049181
1598125,1.598125,-68.8760069855498
1598750,1.59875,-68.4659567741335
1599375,1.599375,-68.0762130793442
1600000,1.6,-67.7050092394672
1600625,1.600625,-67.350804923544
1601250,1.60125,-67.0122490730846
1601875,1.601875,-66.6881501322822
1602500,1.6025,-66.3774519114867
1603125,1.603125,-66.0792138512963
1603750,1.60375,-65.792594758265
1604375,1.604375,-65.516839304271
1605000,1.605,-65.2512667445105
1605625,1.605625,-64.9952614304936
1606250,1.60625,-64.7482647858948
1606875,1.606875,-64.5097684826685
1607500,1.6075,-64.2793086082407
1608125,1.608125,-64.0564606559287
1608750,1.60875,-63.8408352029909
1609375,1.609375,-63.6320741660817
1610000,1.61,-63.4298475439516
1610625,1.610625,-63.2338505732556
1611250,1.61125,-63.0438012361627
1611875,1.611875,-62.8594380688181
1612500,1.6125,-62.6805182281149
1613125,1.613125,-62.5068157810961
1613750,1.61375,-62.3381201869243
1614375,1.614375,-62.1742349459831
1615000,1.615,-62.0149763945267
1615625,1.615625,-61.8601726264578
1616250,1.61625,-61.7096625264922
1616875,1.616875,-61.5632949011976
1617500,1.6175,-61.420927696252
1618125,1.618125,-61.2824272898807
1618750,1.61875,-61.1476678537489
1619375,1.619375,-61.0165307737401
1620000,1.62,-60.8889041240216
1620625,1.620625,-60.7646821886368
1621250,1.62125,-60.6437650255672
1621875,1.621875,-60.5260580688353
1622500,1.6225,-60.4114717647454
1623125,1.623125,-60.2999212388161
1623750,1.62375,-60.1913259903645
1624375,1.624375,-60.0856096120412
1625000,1.625,-59.9826995319249
1625625,1.625625,-59.8825267760438
1626250,1.62625,-59.7850257494264
1626875,1.626875,-59.6901340339869
1627500,1.6275,-59.5977922017269
1628125,1.628125,-59.5079436418936
1628750,1.62875,-59.4205344008804
1629375,1.629375,-59.3355130337643
1630000,1.63,-59.2528304665004
1630625,1.630625,-59.1724398678754
1631250,1.63125,-59.0942965304254
1631875,1.631875,-59.0183577595801
1632500,1.6325,-58.9445827703792
1633125,1.633125,-58.8729325911668
1633750,1.63375,-58.8033699737114
1634375,1.634375,-58.7358593092705
1635000,1.635,-58.6703665501372
1635625,1.635625,-58.6068591362719
1636250,1.63625,-58.5453059266357
1636875,1.636875,-58.4856771348897
1637500,1.6375,-58.4279442691462
1638125,1.638125,-58.372080075486
1638750,1.63875,-58.3180584849814
1639375,1.639375,-58.2658545639824
1640000,1.64,-58.2154444674492
1640625,1.640625,-58.1668053951241
1641250,1.64125,-58.1199155503627
1641875,1.641875,-58.0747541014452
1642500,1.6425,-58.0313011452181
1643125,1.643125,-57.9895376729163
1643750,1.64375,-57.9494455380317
1644375,1.644375,-57.9110074261064
1645000,1.645,-57.8742068263366
1645625,1.645625,-57.8390280048798
1646250,1.64625,-57.8054559797689
1646875,1.646875,-57.7734764973447
1647500,1.6475,-57.7430760101233
1648125,1.648125,-57.7142416560175
1648750,1.64875,-57.686961238848
1649375,1.649375,-57.6612232100752
1650000,1.65,-57.6370166516894
1650625,1.650625,-57.6143312602054
1651250,1.65125,-57.5931573317131
1651875,1.651875,-57.5734857479283
1652500,1.6525,-57.5553079632084
1653125,1.653125,-57.5386159924862
1653750,1.65375,-57.5234024000896
1654375,1.654375,-57.5096602894085
1655000,1.655,-57.4973832933821
1655625,1.655625,-57.4865655657751
1656250,1.65625,-57.4772017732179
1656875,1.656875,-57.4692870879886
1657500,1.6575,-57.4628171815142
1658125,1.658125,-57.4577882185724
1658750,1.65875,-57.4541968521779
1659375,1.659375,-57.4520402191399
1660000,1.66,-57.4513159362734
1660625,1.660625,-57.4520220972605
1661250,1.66125,-57.4541572701465
1661875,1.661875,-57.4577204954667
1662500,1.6625,-57.4627112850006
1663125,1.663125,-57.4691296211445
1663750,1.66375,-57.4769759569067
1664375,1.664375,-57.4862512165207
1665000,1.665,-57.4969567966813
1665625,1.665625,-57.5090945684057
1666250,1.66625,-57.5226668795232
1666875,1.666875,-57.5376765578057
1667500,1.6675,-57.55412691474
1668125,1.668125,-57.5720217499605
1668750,1.66875,-57.5913653563504
1669375,1.669375,-57.6121625258256
1670000,1.67,-57.6344185558209
1670625,1.670625,-57.6581392564955
1671250,1.67125,-57.6833309586784
1671875,1.671875,-57.7100005225777
1672500,1.6725,-57.7381553472794
1673125,1.673125,-57.767803381066
1673750,1.67375,-57.7989531325804
1674375,1.674375,-57.8316136828767
1675000,1.675,-57.865794698389
1675625,1.675625,-57.9015064448609
1676250,1.67625,-57.9387598022803
1676875,1.676875,-57.9775662808644
1677500,1.6775,-58.0179380381509
1678125,1.678125,-58.0598878972449
1678750,1.67875,-58.1034293662892
1679375,1.679375,-58.1485766592185
1680000,1.68,-58.1953447178695
1680625,1.680625,-58.2437492355251
1681250,1.68125,-58.2938066819734
1681875,1.681875,-58.3455343301753
1682500,1.6825,-58.3989502846301
1683125,1.683125,-58.4540735115552
1683750,1.68375,-58.5109238709826
1684375,1.684375,-58.5695221509053
1685000,1.685,-58.6298901036011
1685625,1.685625,-58.6920504842801
1686250,1.68625,-58.7560270922176
1686875,1.686875,-58.821844814536
1687500,1.6875,-58.8895296728286
1688125,1.688125,-58.9591088728254
1688750,1.68875,-59.0306108573168
1689375,1.689375,-59.1040653625812
1690000,1.69,-59.1795034785758
1690625,1.690625,-59.2569577131717
1691250,1.69125,-59.3364620607534
1691875,1.691875,-59.4180520755141
1692500,1.6925,-59.5017649498271
1693125,1.693125,-59.5876395981009
1693750,1.69375,-59.6757167465618
1694375,1.694375,-59.766039029464
1695000,1.695,-59.858651092264
1695625,1.695625,-59.9535997023594
1696250,1.69625,-60.0509338680453
1696875,1.696875,-60.1507049664242
1697500,1.6975,-60.2529668810602
1698125,1.698125,-60.3577761502783
1698750,1.69875,-60.4651921270889
1699375,1.699375,-60.5752771518322
1700000,1.7,-60.6880967387645
1700625,1.700625,-60.8037197779398
1701250,1.70125,-60.9222187539028
1701875,1.701875,-61.0436699828847
1702500,1.7025,-61.1681538703999
1703125,1.703125,-61.2957551913658
1703750,1.70375,-61.4265633951411
1704375,1.704375,-61.5606729381728
1705000,1.705,-61.6981836472887
1705625,1.705625,-61.8392011170778
1706250,1.70625,-61.9838371452476
1706875,1.706875,-62.1322102103897
1707500,1.7075,-62.28444599719
1708125,1.708125,-62.4406779748411
1708750,1.70875,-62.6010480352377
1709375,1.709375,-62.7657071985165
1710000,1.71,-62.934816394632
1710625,1.710625,-63.1085473310103
1711250,1.71125,-63.287083457887
1711875,1.711875,-63.4706210448313
1712500,1.7125,-63.6593703841527
1713125,1.713125,-63.8535571395732
1713750,1.71375,-64.0534238616975
1714375,1.714375,-64.2592316956581
1715000,1.715,-64.4712623109221
1715625,1.715625,-64.6898200888565
1716250,1.71625,-64.9152346104829
1716875,1.716875,-65.1478634952379
1717500,1.7175,-65.3880956518818
1718125,1.718125,-65.6363550154957
1718750,1.71875,-65.8931048604586
1719375,1.719375,-66.1588527993255
1720000,1.72,-66.4341566027841
1720625,1.720625,-66.7196310080312
1721250,1.72125,-67.0159557240806
1721875,1.721875,-67.3238848957391
1722500,1.7225,-67.6442583572583
1723125,1.723125,-67.9780150977957
1723750,1.72375,-68.3262094817308
1724375,1.724375,-68.6900309290979
1725000,1.725,-69.0708279814815
1725625,1.725625,-69.4701379809433
1726250,1.72625,-69.8897240101344
1726875,1.726875,-70.3316213355492
1727500,1.7275,-70.7981964475095
1728125,1.728125,-71.2922230330596
1728750,1.72875,-71.8169810660194
1729375,1.729375,-72.376388005179
1730000,1.73,-72.9751754558742
1730625,1.730625,-73.6191316170072
1731250,1.73125,-74.3154412926805
1731875,1.731875,-75.0731747385179
1732500,1.7325,-75.9040110886627
1733125,1.733125,-76.82334592314
1733750,1.73375,-77.8520571510788
1734375,1.734375,-79.019462899359
1735000,1.735,-80.3685898710681
1735625,1.735625,-81.9663259832438
1736250,1.73625,-83.9251557405912
1736875,1.736875,-86.457165404848
1737500,1.7375,-90.0432207731448
1738125,1.738125,-96.2525692296011
1738750,1.73875,-123.587357264877
1739375,1.739375,-95.5453176643351
1740000,1.74,-89.7037992363786
1740625,1.740625,-86.2465162701293
1741250,1.74125,-83.7835674171552
1741875,1.741875,-81.8699189212357
1742500,1.7425,-80.3054252335007
1743125,1.743125,-78.9827186685544
1743750,1.74375,-77.837469536406
1744375,1.744375,-76.8280722979532
1745000,1.745,-75.9260614859565
1745625,1.745625,-75.1111017674108
1746250,1.74625,-74.3681592602938
1746875,1.746875,-73.6858052205786
1747500,1.7475,-73.0551482285033
1748125,1.748125,-72.4691346133611
1748750,1.74875,-71.9220745143985
1749375,1.749375,-71.4093115149195
1750000,1.75,-70.9269866256985
1750625,1.750625,-70.4718660231622
1751250,1.75125,-70.0412129309903
1751875,1.751875,-69.6326907299141
1752500,1.7525,-69.2442885846954
1753125,1.753125,-68.8742635866615
1753750,1.75375,-68.521095197324
1754375,1.754375,-68.1834489822932
1755000,1.755,-67.8601474508279
1755625,1.755625,-67.5501463931913
1756250,1.75625,-67.2525155170597
1756875,1.756875,-66.9664224784895
1757500,1.7575,-66.6911196174842
1758125,1.758125,-66.4259328664461
1758750,1.75875,-66.1702524179238
1759375,1.759375,-65.9235248270606
1760000,1.76,-65.6852462919662
1760625,1.760625,-65.454956907283
1761250,1.76125,-65.2322357265823
1761875,1.761875,-65.0166965007152
1762500,1.7625,-64.8079839840411
1763125,1.763125,-64.6057707200904
1763750,1.76375,-64.4097542338861
1764375,1.764375,-64.2196545707223
1765000,1.765,-64.0352121313358
1765625,1.765625,-63.8561857616638
1766250,1.76625,-63.6823510620907
1766875,1.766875,-63.5134988866142
1767500,1.7675,-63.3494340069017
1768125,1.768125,-63.1899739199776
1768750,1.76875,-63.0349477814133
1769375,1.769375,-62.8841954484986
1770000,1.77,-62.737566620086
1770625,1.770625,-62.5949200616172
1771250,1.77125,-62.45612290543
1771875,1.771875,-62.3210500177363
1772500,1.7725,-62.1895834248139
1773125,1.773125,-62.0616117918847
1773750,1.77375,-61.9370299490091
1774375,1.774375,-61.8157384589881
1775000,1.775,-61.6976432229109
1775625,1.775625,-61.5826551194837
1776250,1.77625,-61.4706896747411
1776875,1.776875,-61.3616667591324
1777500,1.7775,-61.2555103093137
1778125,1.778125,-61.1521480722794
1778750,1.77875,-61.0515113697298
1779375,1.779375,-60.9535348807927
1780000,1.78,-60.8581564414227
1780625,1.780625,-60.7653168589815
1781250,1.78125,-60.6749597406483
1781875,1.781875,-60.5870313344573
1782500,1.7825,-60.501480381875
1783125,1.783125,-60.4182579809389
1783750,1.78375,-60.3373174590788
1784375,1.784375,-60.258614254819
1785000,1.785,-60.1821058076457
1785625,1.785625,-60.1077514553816
1786250,1.78625,-60.0355123384815
1786875,1.786875,-59.9653513107063
1787500,1.7875,-59.8972328556882
1788125,1.788125,-59.8311230089425
1788750,1.78875,-59.7669892849159
1789375,1.789375,-59.7048006087089
1790000,1.79,-59.6445272521262
1790625,1.790625,-59.586140773748
1791250,1.79125,-59.5296139627422
1791875,1.791875,-59.4749207861504
1792500,1.7925,-59.4220363394197
1793125,1.793125,-59.3709367999511
1793750,1.79375,-59.3215993834722
1794375,1.794375,-59.2740023030433
1795000,1.795,-59.2281247305308
1795625,1.795625,-59.1839467603898
1796250,1.79625,-59.1414493756116
1796875,1.796875,-59.1006144157024
1797500,1.7975,-59.0614245465731
1798125,1.798125,-59.0238632322215
1798750,1.79875,-58.9879147081108
1799375,1.799375,-58.9535639561369
1800000,1.8,-58.9207966811042
1800625,1.800625,-58.8895992886239
1801250,1.80125,-58.8599588643549
1801875,1.801875,-58.8318631545247
1802500,1.8025,-58.8053005476578
1803125,1.803125,-58.7802600574519
1803750,1.80375,-58.7567313067519
1804375,1.804375,-58.7347045125647
1805000,1.805,-58.7141704720666
1805625,1.805625,-58.6951205495662
1806250,1.80625,-58.6775466643726
1806875,1.806875,-58.6614412795414
1807500,1.8075,-58.6467973914588
1808125,1.808125,-58.6336085202321
1808750,1.80875,-58.6218687008624
1809375,1.809375,-58.6115724751686
1810000,1.81,-58.6027148844437
1810625,1.810625,-58.5952914628173
1811250,1.81125,-58.5892982313114
1811875,1.811875,-58.5847316925639
1812500,1.8125,-58.5815888262146
1813125,1.813125,-58.5798670849331
1813750,1.81375,-58.5795643910811
1814375,1.814375,-58.5806791339993
1815000,1.815,-58.5832101679082
1815625,1.815625,-58.5871568104247
1816250,1.81625,-58.5925188416801
1816875,1.816875,-58.5992965040451
1817500,1.8175,-58.6074905024575
1818125,1.818125,-58.6171020053542
1818750,1.81875,-58.6281326462108
1819375,1.819375,-58.6405845256909
1820000,1.82,-58.6544602144134
1820625,1.820625,-58.6697627563456
1821250,1.82125,-58.6864956728289
1821875,1.821875,-58.7046629672517
1822500,1.8225,-58.7242691303799
1823125,1.823125,-58.745319146364
1823750,1.82375,-58.7678184994346
1824375,1.824375,-58.7917731813096
1825000,1.825,-58.8171896993348
1825625,1.825625,-58.8440750853781
1826250,1.82625,-58.8724369055069
1826875,1.826875,-58.9022832704763
1827500,1.8275,-58.9336228470601
1828125,1.828125,-58.9664648702564
1828750,1.82875,-59.0008191564105
1829375,1.829375,-59.0366961172884
1830000,1.83,-59.0741067751541
1830625,1.830625,-59.11306277889
1831250,1.83125,-59.1535764212158
1831875,1.831875,-59.1956606570659
1832500,1.8325,-59.2393291231786
1833125,1.833125,-59.284596158969
1833750,1.83375,-59.3314768287527
1834375,1.834375,-59.3799869454009
1835000,1.835,-59.4301430955069
1835625,1.835625,-59.4819626661563
1836250,1.83625,-59.5354638733949
1836875,1.836875,-59.590665792507
1837500,1.8375,-59.6475883902072
1838125,1.838125,-59.7062525588813
1838750,1.83875,-59.7666801530016
1839375,1.839375,-59.8288940278647
1840000,1.84,-59.8929180808118
1840625,1.840625,-59.958777295099
1841250,1.84125,-60.0264977866075
1841875,1.841875,-60.0961068535912
1842500,1.8425,-60.1676330296887
1843125,1.843125,-60.2411061404327
1843750,1.84375,-60.3165573635235
1844375,1.844375,-60.3940192931497
1845000,1.845,-60.4735260086706
1845625,1.845625,-60.5551131479962
1846250,1.84625,-60.6388179860454
1846875,1.846875,-60.7246795186854
1847500,1.8475,-60.8127385526046
1848125,1.848125,-60.9030378016141
1848750,1.84875,-60.9956219899127
1849375,1.849375,-61.0905379629223
1850000,1.85,-61.1878348063446
1850625,1.850625,-61.287563974174
1851250,1.85125,-61.3897794264577
1851875,1.851875,-61.4945377777122
1852500,1.8525,-61.6018984569615
1853125,1.853125,-61.7119238805131
1853750,1.85375,-61.8246796386739
1854375,1.854375,-61.9402346977771
1855000,1.855,-62.058661619029
1855625,1.855625,-62.1800367958662
1856250,1.85625,-62.3044407117326
1856875,1.856875,-62.4319582203903
1857500,1.8575,-62.562678851168
1858125,1.858125,-62.6966971418358
1858750,1.85875,-62.8341130021481
1859375,1.859375,-62.9750321114979
1860000,1.86,-63.1195663545782
1860625,1.860625,-63.267834299483
1861250,1.86125,-63.419961723288
1861875,1.861875,-63.576082190879
1862500,1.8625,-63.7363376936101
1863125,1.863125,-63.900879355361
1863750,1.86375,-64.0698682146987
1864375,1.864375,-64.2434760931858
1865000,1.865,-64.4218865614687
1865625,1.865625,-64.6052960166415
1866250,1.86625,-64.7939148866218
1866875,1.866875,-64.9879689799227
1867500,1.8675,-65.1877010023872
1868125,1.868125,-65.3933722662918
1868750,1.86875,-65.6052646218368
1869375,1.869375,-65.8236826466667
1870000,1.87,-66.0489561358999
1870625,1.870625,-66.2814429435636
1871250,1.87125,-66.5215322366287
1871875,1.871875,-66.7696482357131
1872500,1.8725,-67.0262545324589
1873125,1.873125,-67.2918590936473
1873750,1.87375,-67.5670200874565
1874375,1.874375,-67.8523526994257
1875000,1.875,-68.1485371469868
1875625,1.875625,-68.4563281547146
1876250,1.87625,-68.7765662218513
1876875,1.876875,-69.1101911049722
1877500,1.8775,-69.4582580598226
1878125,1.878125,-69.8219575488819
1878750,1.87875,-70.2026393418137
1879375,1.879375,-70.6018422388253
1880000,1.88,-71.021331068582
1880625,1.880625,-71.4631432075544
1881250,1.88125,-71.9296477215061
1881875,1.881875,-72.4236214758377
1882500,1.8825,-72.9483484147424
1883125,1.883125,-73.5077510243899
1883750,1.88375,-74.1065673734098
1884375,1.884375,-74.7505941142989
1885000,1.885,-75.4470273276901
1885625,1.885625,-76.2049526572748
1886250,1.88625,-77.0360708020978
1886875,1.886875,-77.9558085329011
1887500,1.8875,-78.9850906256329
1888125,1.888125,-80.1533090196686
1888750,1.88875,-81.5036138000536
1889375,1.889375,-83.1031158526169
1890000,1.89,-85.0647481294456
1890625,1.890625,-87.6016523042581
1891250,1.89125,-91.1979086750382
1891875,1.891875,-97.4394391714332
1892500,1.8925,-123.350895883133
1893125,1.893125,-96.6099794368013
1893750,1.89375,-90.7965534444378
1894375,1.894375,-87.3487019667546
1895000,1.895,-84.8903624067636
1895625,1.895625,-82.9793668876995
1896250,1.89625,-81.4165392908968
1896875,1.896875,-80.094930920081
1897500,1.8975,-78.9504227464472
1898125,1.898125,-77.9415267294108
1898750,1.89875,-77.0398481113164
1899375,1.899375,-76.2250966611867
1900000,1.9,-75.4822686214851
1900625,1.900625,-74.7999561357949
1901250,1.90125,-74.1692827232963
1901875,1.901875,-73.5832056804156
1902500,1.9025,-73.0360433792933
1903125,1.903125,-72.5231457038323
1903750,1.90375,-72.0406585684103
1904375,1.904375,-71.5853520226908
1905000,1.905,-71.1544923901309
1905625,1.905625,-70.74574556143
1906250,1.90625,-70.3571027551753
1906875,1.906875,-69.9868227592389
1907500,1.9075,-69.6333864485946
1908125,1.908125,-69.2954605756435
1908750,1.90875,-68.9718686531868
1909375,1.909375,-68.6615673255686
1910000,1.91,-68.3636270316392
1910625,1.910625,-68.0772160567913
1911250,1.91125,-67.8015872853866
1911875,1.911875,-67.5360671228149
1912500,1.9125,-67.2800461742873
1913125,1.913125,-67.0329713563345
1913750,1.91375,-66.7943391846251
1914375,1.914375,-66.5636900337091
1915000,1.915,-66.3406032045545
1915625,1.915625,-66.1246926672097
1916250,1.91625,-65.9156033706636
1916875,1.916875,-65.7130080315739
1917500,1.9175,-65.5166043292009
1918125,1.918125,-65.3261124464093
1918750,1.91875,-65.1412729067478
1919375,1.919375,-64.9618446658477
1920000,1.92,-64.7876034220822
1920625,1.920625,-64.61834011696
1921250,1.92125,-64.4538596002437
1921875,1.921875,-64.2939794385643
1922500,1.9225,-64.1385288494195
1923125,1.923125,-63.9873477450557
1923750,1.92375,-63.8402858729327
1924375,1.924375,-63.6972020412987
1925000,1.925,-63.5579634199789
1925625,1.925625,-63.422444907779
1926250,1.92625,-63.2905285590532
1926875,1.926875,-63.1621030629218
1927500,1.9275,-63.0370632694545
1928125,1.928125,-62.9153097578405
1928750,1.92875,-62.796748442169
1929375,1.929375,-62.681290210966
1930000,1.93,-62.5688505970921
1930625,1.930625,-62.4593494749923
1931250,1.93125,-62.3527107826355
1931875,1.931875,-62.2488622657777
1932500,1.9325,-62.1477352424446
1933125,1.933125,-62.0492643857563
1933750,1.93375,-61.9533875234198
1934375,1.934375,-61.8600454523869
1935000,1.935,-61.7691817673374
1935625,1.935625,-61.6807427017789
1936250,1.93625,-61.5946769806782
1936875,1.936875,-61.5109356836474
1937500,1.9375,-61.4294721178032
1938125,1.938125,-61.3502416995066
1938750,1.93875,-61.2732018442546
1939375,1.939375,-61.1983118640819
1940000,1.94,-61.1255328718714
1940625,1.940625,-61.0548276920422
1941250,1.94125,-60.9861607771245
1941875,1.941875,-60.919498129775
1942500,1.9425,-60.8548072298287
1943125,1.943125,-60.7920569660156
1943750,1.94375,-60.7312175720058
1944375,1.944375,-60.6722605664719
1945000,1.945,-60.6151586968862
1945625,1.945625,-60.5598858867938
1946250,1.94625,-60.5064171863202
1946875,1.946875,-60.454728725702
1947500,1.9475,-60.4047976716311
1948125,1.948125,-60.356602186233
1948750,1.94875,-60.3101213885098
1949375,1.949375,-60.2653353180867
1950000,1.95,-60.2222249011242
1950625,1.950625,-60.1807719182543
1951250,1.95125,-60.1409589744285
1951875,1.951875,-60.1027694705544
1952500,1.9525,-60.0661875768214
1953125,1.953125,-60.03119820762
1953750,1.95375,-59.9977869979589
1954375,1.954375,-59.9659402813036
1955000,1.955,-59.9356450687589
1955625,1.955625,-59.9068890295197
1956250,1.95625,-59.8796604725314
1956875,1.956875,-59.8539483292947
1957500,1.9575,-59.8297421377603
1958125,1.958125,-59.807032027264
1958750,1.95875,-59.7858087044488
1959375,1.959375,-59.7660634401382
1960000,1.96,-59.7477880571122
1960625,1.960625,-59.7309749187527
1961250,1.96125,-59.715616918526
1961875,1.961875,-59.7017074702644
1962500,1.9625,-59.6892404992251
1963125,1.963125,-59.6782104338953
1963750,1.96375,-59.6686121985241
1964375,1.964375,-59.6604412063535
1965000,1.965,-59.653693353535
1965625,1.965625,-59.6483650137128
1966250,1.96625,-59.6444530332538
1966875,1.966875,-59.6419547271213
1967500,1.9675,-59.6408678753673
1968125,1.968125,-59.6411907202453
1968750,1.96875,-59.6429219639298
1969375,1.969375,-59.6460607668361
1970000,1.97,-59.6506067465397
1970625,1.970625,-59.656559977286
1971250,1.97125,-59.6639209900961
1971875,1.971875,-59.6726907734624
1972500,1.9725,-59.6828707746418
1973125,1.973125,-59.6944629015454
1973750,1.97375,-59.7074695252311
1974375,1.974375,-59.7218934830095
1975000,1.975,-59.7377380821667
1975625,1.975625,-59.7550071043166
1976250,1.97625,-59.7737048103955
1976875,1.976875,-59.7938359463146
1977500,1.9775,-59.8154057492797
1978125,1.978125,-59.8384199548041
1978750,1.97875,-59.8628848044324
1979375,1.979375,-59.8888070541933
1980000,1.98,-59.9161939838122
1980625,1.980625,-59.9450534067066
1981250,1.98125,-59.9753936807965
1981875,1.981875,-60.00722372016
1982500,1.9825,-60.0405530075707
1983125,1.983125,-60.075391607957
1983750,1.98375,-60.1117501828201
1984375,1.984375,-60.1496400056612
1985000,1.985,-60.189072978466
1985625,1.985625,-60.2300616492949
1986250,1.98625,-60.2726192310444
1986875,1.986875,-60.3167596214336
1987500,1.9875,-60.3624974242897
1988125,1.988125,-60.4098479722007
1988750,1.98875,-60.458827350618
1989375,1.989375,-60.5094524234879
1990000,1.99,-60.5617408605123
1990625,1.990625,-60.6157111661296
1991250,1.99125,-60.67138271033
1991875,1.991875,-60.7287757614185
1992500,1.9925,-60.7879115208523
1993125,1.993125,-60.84881216029
1993750,1.99375,-60.911500861003
1994375,1.994375,-60.9760018558053
1995000,1.995,-61.0423404736826
1995625,1.995625,-61.1105431873063
1996250,1.99625,-61.1806376636433
1996875,1.996875,-61.2526528178817
1997500,1.9975,-61.3266188709243
1998125,1.998125,-61.4025674107127
1998750,1.99875,-61.4805314576745
1999375,1.999375,-61.5605455346169
2000000,2,-61.6426457414103
2000625,2.000625,-61.7268698348492
2001250,2.00125,-61.8132573141054
2001875,2.001875,-61.9018495122379
2002500,2.0025,-61.9926896942606
2003125,2.003125,-62.0858231623267
2003750,2.00375,-62.1812973686406
2004375,2.004375,-62.2791620367764
2005000,2.005,-62.3794692921417
2005625,2.005625,-62.4822738024219
2006250,2.00625,-62.5876329289087
2006875,2.006875,-62.6956068897357
2007500,2.0075,-62.8062589361407
2008125,2.008125,-62.9196555430112
2008750,2.00875,-63.0358666151082
2009375,2.009375,-63.1549657105312
2010000,2.01,-63.2770302831627
2010625,2.010625,-63.4021419460491
2011250,2.01125,-63.530386757914
2011875,2.011875,-63.6618555352629
2012500,2.0125,-63.7966441928674
2013125,2.013125,-63.9348541157601
2013750,2.01375,-64.0765925662988
2014375,2.014375,-64.2219731303224
2015000,2.015,-64.3711162069837
2015625,2.015625,-64.5241495474714
2016250,2.01625,-64.6812088485921
2016875,2.016875,-64.8424384080282
2017500,2.0175,-65.0079918491223
2018125,2.018125,-65.1780329242116
2018750,2.01875,-65.3527364069467
2019375,2.019375,-65.5322890856641
2020000,2.02,-65.716890871865
2020625,2.020625,-65.9067560401647
2021250,2.02125,-66.1021146188567
2021875,2.021875,-66.3032139535954
2022500,2.0225,-66.510320470688
2023125,2.023125,-66.7237216713769
2023750,2.02375,-66.9437283943769
2024375,2.024375,-67.17067739115
2025000,2.025,-67.4049342672676
2025625,2.025625,-67.6468968541029
2026250,2.02625,-67.896999088697
2026875,2.026875,-68.1557154965252
2027500,2.0275,-68.4235663932121
2028125,2.028125,-68.7011239481261
2028750,2.02875,-68.9890192870951
2029375,2.029375,-69.2879508555273
2030000,2.03,-69.5986943202202
2030625,2.030625,-69.9221143625625
2031250,2.03125,-70.2591788139518
2031875,2.031875,-70.610975714773
2032500,2.0325,-70.9787340539508
2033125,2.033125,-71.3638491851333
2033750,2.03375,-71.7679142449302
2034375,2.034375,-72.1927593587543
2035000,2.035,-72.6405010719463
2035625,2.035625,-73.1136053833852
2036250,2.03625,-73.6149691362295
2036875,2.036875,-74.148026580048
2037500,2.0375,-74.71689106537
2038125,2.038125,-75.3265467572788
2038750,2.03875,-75.983113176926
2039375,2.039375,-76.6942185195936
2040000,2.04,-77.4695402707636
2040625,2.040625,-78.3216120235574
2041250,2.04125,-79.2670711454556
2041875,2.041875,-80.3286722178364
2042500,2.0425,-81.5387102020082
2043125,2.043125,-82.9452336058169
2043750,2.04375,-84.6243178087126
2044375,2.044375,-86.707252078077
2045000,2.045,-89.4516018027355
2045625,2.045625,-93.4837999676937
2046250,2.04625,-101.236174334336
2046875,2.046875,-108.365552881709
2047500,2.0475,-95.758931293876
2048125,2.048125,-90.82469123009
2048750,2.04875,-87.7009070139115
2049375,2.049375,-85.4112005617678
2050000,2.05,-83.6035916614002
2050625,2.050625,-82.1106176580484
2051250,2.05125,-80.8393538860135
2051875,2.051875,-79.7328411112182
2052500,2.0525,-78.7536289564686
2053125,2.053125,-77.8757728045174
2053750,2.05375,-77.0805554714985
2054375,2.054375,-76.3540294030237
2055000,2.055,-75.6855222658357
2055625,2.055625,-75.0666855443985
2056250,2.05625,-74.4908653337332
2056875,2.056875,-73.9526726582349
2057500,2.0575,-73.4476818983833
2058125,2.058125,-72.9722140594072
2058750,2.05875,-72.5231777589238
2059375,2.059375,-72.0979504168602
2060000,2.06,-71.6942880355668
2060625,2.060625,-71.3102556919814
2061250,2.06125,-70.9441732855674
2061875,2.061875,-70.5945726923714
2062500,2.0625,-70.2601635633104
2063125,2.063125,-69.9398057548203
2063750,2.06375,-69.6324869059747
2064375,2.064375,-69.3373040506076
2065000,2.065,-69.0534484233088
2065625,2.065625,-68.7801928158949
2066250,2.06625,-68.5168809872646
2066875,2.066875,-68.2629187390202
2067500,2.0675,-68.0177663520278
2068125,2.068125,-67.780932142228
2068750,2.06875,-67.551966942658
2069375,2.069375,-67.3304593564025
2070000,2.07,-67.1160316547457
2070625,2.070625,-66.9083362180767
2071250,2.07125,-66.7070524356018
2071875,2.071875,-66.5118839946778
2072500,2.0725,-66.3225565024666
2073125,2.073125,-66.1388153921865
2073750,2.07375,-65.9604240740713
2074375,2.074375,-65.787162297502
2075000,2.075,-65.6188246960346
2075625,2.075625,-65.4552194913537
2076250,2.07625,-65.2961673357807
2076875,2.076875,-65.1415002759455
2077500,2.0775,-64.9910608227221
2078125,2.078125,-64.8447011146273
2078750,2.07875,-64.7022821636439
2079375,2.079375,-64.5636731739257
2080000,2.08,-64.4287509250992
2080625,2.080625,-64.2973992129652
2081250,2.08125,-64.1695083413109
2081875,2.081875,-64.0449746593474
2082500,2.0825,-63.9237001399472
2083125,2.083125,-63.8055919944572
2083750,2.08375,-63.6905623203463
2084375,2.084375,-63.578527778412
2085000,2.085,-63.4694092966129
2085625,2.085625,-63.3631317979625
2086250,2.08625,-63.2596239501757
2086875,2.086875,-63.158817935032
2087500,2.0875,-63.0606492356316
2088125,2.088125,-62.9650564399147
2088750,2.08875,-62.8719810589891
2089375,2.089375,-62.781367358953
2090000,2.09,-62.6931622050521
2090625,2.090625,-62.6073149170993
2091250,2.09125,-62.5237771352152
2091875,2.091875,-62.4425026950304
2092500,2.0925,-62.3634475115715
2093125,2.093125,-62.2865694711276
2093750,2.09375,-62.2118283304661
2094375,2.094375,-62.139185622814
2095000,2.095,-62.0686045700862
2095625,2.095625,-62.0000500008799
2096250,2.09625,-61.9334882738015
2096875,2.096875,-61.8688872057312
2097500,2.0975,-61.8062160046593
2098125,2.098125,-61.7454452067719
2098750,2.09875,-61.6865466174712
2099375,2.099375,-61.6294932560676
2100000,2.1,-61.5742593038781
2100625,2.100625,-61.5208200555035
2101250,2.10125,-61.4691518730716
2101875,2.101875,-61.4192321432447
2102500,2.1025,-61.3710392368172
2103125,2.103125,-61.3245524707299
2103750,2.10375,-61.2797520723538
2104375,2.104375,-61.2366191458976
2105000,2.105,-61.1951356408106
2105625,2.105625,-61.1552843220609
2106250,2.10625,-61.1170487421764
2106875,2.106875,-61.0804132149456
2107500,2.1075,-61.0453627906855
2108125,2.108125,-61.0118832329883
2108750,2.10875,-60.9799609968628
2109375,2.109375,-60.9495832081989
2110000,2.11,-60.9207376444849
2110625,2.110625,-60.8934127167116
2111250,2.11125,-60.8675974524074
2111875,2.111875,-60.8432814797451
2112500,2.1125,-60.8204550126732
2113125,2.113125,-60.7991088370234
2113750,2.11375,-60.7792342975511
2114375,2.114375,-60.7608232858693
2115000,2.115,-60.7438682292381
2115625,2.115625,-60.7283620801796
2116250,2.11625,-60.7142983068816
2116875,2.116875,-60.7016708843677
2117500,2.1175,-60.6904742864041
2118125,2.118125,-60.6807034781207
2118750,2.11875,-60.6723539093256
2119375,2.119375,-60.6654215084944
2120000,2.12,-60.6599026774164
2120625,2.120625,-60.6557942864823
2121250,2.12125,-60.6530936706016
2121875,2.121875,-60.6517986257369
2122500,2.1225,-60.6519074060468
2123125,2.123125,-60.6534187216273
2123750,2.12375,-60.6563317368497
2124375,2.124375,-60.6606460692841
2125000,2.125,-60.6663617892125
2125625,2.125625,-60.6734794197237
2126250,2.12625,-60.6819999373968
2126875,2.126875,-60.6919247735681
2127500,2.1275,-60.7032558161908
2128125,2.128125,-60.7159954122907
2128750,2.12875,-60.7301463710216
2129375,2.129375,-60.7457119673348
2130000,2.13,-60.7626959462679
2130625,2.130625,-60.7811025278661
2131250,2.13125,-60.8009364127531
2131875,2.131875,-60.8222027883604
2132500,2.1325,-60.8449073358417
2133125,2.133125,-60.8690562376829
2133750,2.13375,-60.8946561860372
2134375,2.134375,-60.9217143918058
2135000,2.135,-60.950238594489
2135625,2.135625,-60.9802370728432
2136250,2.13625,-61.0117186563684
2136875,2.136875,-61.0446927376666
2137500,2.1375,-61.0791692857021
2138125,2.138125,-61.1151588600159
2138750,2.13875,-61.1526726259246
2139375,2.139375,-61.1917223707631
2140000,2.14,-61.2323205212167
2140625,2.140625,-61.2744801618035
2141250,2.14125,-61.3182150545627
2141875,2.141875,-61.3635396600207
2142500,2.1425,-61.410469159502
2143125,2.143125,-61.4590194788625
2143750,2.14375,-61.5092073137297
2144375,2.144375,-61.5610501563404
2145000,2.145,-61.6145663240715
2145625,2.145625,-61.6697749897689
2146250,2.14625,-61.7266962139914
2146875,2.146875,-61.7853509792921
2147500,2.1475,-61.8457612266675
2148125,2.148125,-61.9079498943276
2148750,2.14875,-61.9719409589357
2149375,2.149375,-62.0377594794953
2150000,2.15,-62.1054316440661
2150625,2.150625,-62.1749848195158
2151250,2.15125,-62.2464476045223
2151875,2.151875,-62.319849886067
2152500,2.1525,-62.3952228996879
2153125,2.153125,-62.4725992937659
2153750,2.15375,-62.5520131981628
2154375,2.154375,-62.6335002975532
2155000,2.155,-62.7170979098156
2155625,2.155625,-62.802845069901
2156250,2.15625,-62.8907826196158
2156875,2.156875,-62.9809533038229
2157500,2.1575,-63.0734018735951
2158125,2.158125,-63.1681751969157
2158750,2.15875,-63.2653223775921
2159375,2.159375,-63.3648948830965
2160000,2.16,-63.4669466821465
2160625,2.160625,-63.5715343929063
2161250,2.16125,-63.6787174427941
2161875,2.161875,-63.7885582409972
2162500,2.1625,-63.9011223648964
2163125,2.163125,-64.0164787617697
2163750,2.16375,-64.1346999672734
2164375,2.164375,-64.2558623424036
2165000,2.165,-64.3800463308185
2165625,2.165625,-64.5073367386529
2166250,2.16625,-64.637823039206
2166875,2.166875,-64.7715997051944
2167500,2.1675,-64.9087665715978
2168125,2.168125,-65.0494292325361
2168750,2.16875,-65.193699476053
2169375,2.169375,-65.3416957612417
2170000,2.17,-65.4935437427234
2170625,2.170625,-65.6493768482334
2171250,2.17125,-65.8093369158835
2171875,2.171875,-65.973574898636
2172500,2.1725,-66.1422516446768
2173125,2.173125,-66.3155387636905
2173750,2.17375,-66.4936195906309
2174375,2.174375,-66.6766902604504
2175000,2.175,-66.8649609094502
2175625,2.175625,-67.0586570215846
2176250,2.17625,-67.2580209412078
2176875,2.176875,-67.4633135775667
2177500,2.1775,-67.6748163309502
2178125,2.178125,-67.8928332760006
2178750,2.17875,-68.1176936444969
2179375,2.179375,-68.3497546582845
2180000,2.18,-68.5894047733198
2180625,2.180625,-68.8370674085445
2181250,2.18125,-69.0932052492147
2181875,2.181875,-69.3583252342526
2182500,2.1825,-69.6329843623618
2183125,2.183125,-69.9177964836932
2183750,2.18375,-70.2134402848537
2184375,2.184375,-70.5206687280508
2185000,2.185,-70.8403202741839
2185625,2.185625,-71.1733323103849
2186250,2.18625,-71.5207573229145
2186875,2.186875,-71.8837825177932
2187500,2.1875,-72.2637538105392
2188125,2.188125,-72.6622054071494
2188750,2.18875,-73.0808966168183
2189375,2.189375,-73.5218581275105
2190000,2.19,-73.9874508222254
2190625,2.190625,-74.4804414490939
2191250,2.19125,-75.0041012948086
2191875,2.191875,-75.5623367991733
2192500,2.1925,-76.1598653823088
2193125,2.193125,-76.8024566711825
2193750,2.19375,-77.4972706788269
2194375,2.194375,-78.2533438156383
2195000,2.195,-79.0823077746577
2195625,2.195625,-79.9994895180401
2196250,2.19625,-81.0256638698215
2196875,2.196875,-82.1899866674458
2197500,2.1975,-83.5352135069857
2198125,2.198125,-85.1277428299145
2198750,2.19875,-87.0790760303793
2199375,2.199375,-89.5989906021719
2200000,2.2,-93.1613472548976
2200625,2.200625,-99.2993950915346
2201250,2.20125,-130.849939414971
2201875,2.201875,-98.8593531939857
2202500,2.2025,-92.9532670130165
2203125,2.203125,-89.473501085366
2203750,2.20375,-86.9988473980089
2204375,2.204375,-85.0778443772498
2205000,2.205,-83.5081800982242
2205625,2.205625,-82.1815525401095
2206250,2.20625,-81.0331629012927
2206875,2.206875,-80.0211442547137
2207500,2.2075,-79.1168739531352
2208125,2.208125,-78.2999164675943
2208750,2.20875,-77.5551710264677
2209375,2.209375,-76.8711625248663
2210000,2.21,-76.2389663963586
2210625,2.210625,-75.6515046425043
2211250,2.21125,-75.1030691432727
2211875,2.211875,-74.5889895095079
2212500,2.2125,-74.1053958774991
2213125,2.213125,-73.6490458330546
2213750,2.21375,-73.2171957228333
2214375,2.214375,-72.8075033565491
2215000,2.215,-72.4179533373282
2215625,2.215625,-72.0467989849124
2216250,2.21625,-71.6925166146814
2216875,2.216875,-71.3537691464254
2217500,2.2175,-71.0293768475949
2218125,2.218125,-70.7182935957276
2218750,2.21875,-70.4195874559569
2219375,2.219375,-70.1324246652543
2220000,2.22,-69.8560563306011
2220625,2.220625,-69.5898073072765
2221250,2.22125,-69.3330668420836
2221875,2.221875,-69.0852806557271
2222500,2.2225,-68.8459442066542
2223125,2.223125,-68.6145969309191
2223750,2.22375,-68.3908172931507
2224375,2.224375,-68.1742185153264
2225000,2.225,-67.9644448749343
2225625,2.225625,-67.7611684838009
2226250,2.22625,-67.5640864746058
2226875,2.226875,-67.3729185346916
2227500,2.2275,-67.1874047369786
2228125,2.228125,-67.0073036260561
2228750,2.22875,-66.8323905242536
2229375,2.229375,-66.6624560280565
2230000,2.23,-66.4973046697661
2230625,2.230625,-66.3367537230893
2231250,2.23125,-66.1806321344938
2231875,2.231875,-66.0287795647639
2232500,2.2325,-65.8810455274168
2233125,2.233125,-65.7372886124698
2233750,2.23375,-65.5973757856241
2234375,2.234375,-65.4611817542486
2235000,2.235,-65.3285883926751
2235625,2.235625,-65.1994842202869
2236250,2.23625,-65.0737639266877
2236875,2.236875,-64.9513279389628
2237500,2.2375,-64.8320820266422
2238125,2.238125,-64.7159369405003
2238750,2.23875,-64.6028080817869
2239375,2.239375,-64.4926151988755
2240000,2.24,-64.3852821086522
2240625,2.240625,-64.2807364402836
2241250,2.24125,-64.178909399244
2241875,2.241875,-64.079735549722
2242500,2.2425,-63.9831526137362
2243125,2.243125,-63.8891012854401
2243750,2.24375,-63.7975250592856
2244375,2.244375,-63.7083700708222
2245000,2.245,-63.6215849490558
2245625,2.245625,-63.5371206793781
2246250,2.24625,-63.4549304761889
2246875,2.246875,-63.374969664412
2247500,2.2475,-63.2971955691813
2248125,2.248125,-63.2215674130464
2248750,2.24875,-63.1480462201001
2249375,2.249375,-63.0765947264941
2250000,2.25,-63.0071772968466
2250625,2.250625,-62.9397598461058
2251250,2.25125,-62.8743097664498
2251875,2.251875,-62.8107958588629
2252500,2.2525,-62.7491882690434
2253125,2.253125,-62.6894584273342
2253750,2.25375,-62.6315789923937
2254375,2.254375,-62.5755237983432
2255000,2.255,-62.5212678051588
2255625,2.255625,-62.4687870520801
2256250,2.25625,-62.4180586138419
2256875,2.256875,-62.3690605595391
2257500,2.2575,-62.3217719139577
2258125,2.258125,-62.2761726212106
2258750,2.25875,-62.23224351054
2259375,2.259375,-62.1899662641451
2260000,2.26,-62.1493233869198
2260625,2.260625,-62.110298177978
2261250,2.26125,-62.0728747038736
2261875,2.261875,-62.0370377734026
2262500,2.2625,-62.0027729139132
2263125,2.263125,-61.9700663490274
2263750,2.26375,-61.9389049777087
2264375,2.264375,-61.9092763545957
2265000,2.265,-61.8811686715409
2265625,2.265625,-61.8545707402952
2266250,2.26625,-61.8294719762758
2266875,2.266875,-61.8058623833713
2267500,2.2675,-61.783732539734
2268125,2.268125,-61.7630735845153
2268750,2.26875,-61.7438772055015
2269375,2.269375,-61.7261356276163
2270000,2.27,-61.7098416022505
2270625,2.270625,-61.694988397393
2271250,2.27125,-61.6815697885256
2271875,2.271875,-61.6695800502658
2272500,2.2725,-61.6590139487233
2273125,2.273125,-61.6498667345542
2273750,2.27375,-61.6421341366908
2274375,2.274375,-61.6358123567308
2275000,2.275,-61.6308980639685
2275625,2.275625,-61.6273883910537
2276250,2.27625,-61.6252809302693
2276875,2.276875,-61.6245737304133
2277500,2.2775,-61.6252652942801
2278125,2.278125,-61.6273545767313
2278750,2.27875,-61.6308409833526
2279375,2.279375,-61.6357243696924
2280000,2.28,-61.6420050410793
2280625,2.280625,-61.649683753021
2281250,2.28125,-61.65876171218
2281875,2.281875,-61.6692405779361
2282500,2.2825,-61.6811224645335
2283125,2.283125,-61.6944099438214
2283750,2.28375,-61.7091060485968
2284375,2.284375,-61.7252142765553
2285000,2.285,-61.7427385948644
2285625,2.285625,-61.7616834453691
2286250,2.28625,-61.7820537504472
2286875,2.286875,-61.8038549195294
2287500,2.2875,-61.8270928562994
2288125,2.288125,-61.8517739666048
2288750,2.28875,-61.8779051670862
2289375,2.289375,-61.9054938945662
2290000,2.29,-61.9345481162121
2290625,2.290625,-61.9650763405101
2291250,2.29125,-61.9970876290826
2291875,2.291875,-62.0305916093832
2292500,2.2925,-62.0655984883057
2293125,2.293125,-62.102119066758
2293750,2.29375,-62.1401647552343
2294375,2.294375,-62.1797475904459
2295000,2.295,-62.2208802530578
2295625,2.295625,-62.2635760865907
2296250,2.29625,-62.3078491175512
2296875,2.296875,-62.3537140768586
2297500,2.2975,-62.4011864226386
2298125,2.298125,-62.450282364467
2298750,2.29875,-62.5010188891448
2299375,2.299375,-62.5534137881014
2300000,2.3,-62.6074856865191
2300625,2.300625,-62.6632540742982
2301250,2.30125,-62.7207393389661
2301875,2.301875,-62.7799628006697
2302500,2.3025,-62.8409467493798
2303125,2.303125,-62.9037144844625
2303750,2.30375,-62.9682903567746
2304375,2.304375,-63.0346998134637
2305000,2.305,-63.1029694456594
2305625,2.305625,-63.1731270392668
2306250,2.30625,-63.2452016290853
2306875,2.306875,-63.3192235565045
2307500,2.3075,-63.395224531037
2308125,2.308125,-63.4732376959919
2308750,2.30875,-63.5532976986002
2309375,2.309375,-63.6354407649501
2310000,2.31,-63.7197047801109
2310625,2.310625,-63.8061293738678
2311250,2.31125,-63.8947560125336
2311875,2.311875,-63.9856280973353
2312500,2.3125,-64.078791069946
2313125,2.313125,-64.1742925257649
2313750,2.31375,-64.2721823356366
2314375,2.314375,-64.372512776746
2315000,2.315,-64.4753386735266
2315625,2.315625,-64.580717549499
2316250,2.31625,-64.6887097910522
2316875,2.316875,-64.7993788243066
2317500,2.3175,-64.9127913063122
2318125,2.318125,-65.0290173319877
2318750,2.31875,-65.1481306583667
2319375,2.319375,-65.2702089479017
2320000,2.32,-65.3953340327916
2320625,2.320625,-65.523592202536
2321250,2.32125,-65.6550745171924
2321875,2.321875,-65.7898771491336
2322500,2.3225,-65.9281017564581
2323125,2.323125,-66.0698558916257
2323750,2.32375,-66.2152534493648
2324375,2.324375,-66.3644151584626
2325000,2.325,-66.517469122676
2325625,2.325625,-66.6745514167709
2326250,2.32625,-66.8358067445424
2326875,2.326875,-67.0013891667171
2327500,2.3275,-67.1714629078081
2328125,2.328125,-67.3462032524272
2328750,2.32875,-67.525797543198
2329375,2.329375,-67.710446294408
2330000,2.33,-67.9003644378747
2330625,2.330625,-68.0957827202992
2331250,2.33125,-68.2969492747586
2331875,2.331875,-68.5041313930215
2332500,2.3325,-68.7176175302842
2333125,2.333125,-68.9377195798722
2333750,2.33375,-69.1647754627234
2334375,2.334375,-69.3991520854119
2335000,2.335,-69.6412487314753
2335625,2.335625,-69.8915009645082
2336250,2.33625,-70.1503851385648
2336875,2.336875,-70.4184236329085
2337500,2.3375,-70.6961909553157
2338125,2.338125,-70.9843208928155
2338750,2.33875,-71.2835149332374
2339375,2.339375,-71.5945522385913
2340000,2.34,-71.9183015265686
2340625,2.340625,-72.2557353157149
2341250,2.34125,-72.6079471219958
2341875,2.341875,-72.9761723723377
2342500,2.3425,-73.3618140429582
2343125,2.343125,-73.7664743642311
2343750,2.34375,-74.1919944005616
2344375,2.344375,-74.6405039757318
2345000,2.345,-75.1144853685054
2345625,2.345625,-75.6168556035952
2346250,2.34625,-76.1510742586314
2346875,2.346875,-76.7212869125665
2347500,2.3475,-77.3325193827454
2348125,2.348125,-77.9909459845806
2348750,2.34875,-78.7042684789035
2349375,2.349375,-79.4822654818159
2350000,2.35,-80.3376135303987
2350625,2.350625,-81.2871588543724
2351250,2.35125,-82.3539737690844
2351875,2.351875,-83.5708614149506
2352500,2.3525,-84.9867367693032
2353125,2.353125,-86.6792833151682
2353750,2.35375,-88.7831495766748
2354375,2.354375,-91.5642867786949
2355000,2.355,-95.6775620693644
2355625,2.355625,-103.7527540657
2356250,2.35625,-109.225803526667
2356875,2.356875,-97.4601097728641
2357500,2.3575,-92.6434935434274
2358125,2.358125,-89.5664409235807
2358750,2.35875,-87.3017300247584
2359375,2.359375,-85.5096214200569
2360000,2.36,-84.0271538052844
2360625,2.360625,-82.7634462918216
2361250,2.36125,-81.6626016079989
2361875,2.361875,-80.6877758816601
2362500,2.3625,-79.8133960710083
2363125,2.363125,-79.020985345485
2363750,2.36375,-78.2967585091704
2364375,2.364375,-77.6301568552209
2365000,2.365,-77.0129137699172
2365625,2.365625,-76.4384358749021
2366250,2.36625,-75.9013798920251
2366875,2.366875,-75.3973553492374
2367500,2.3675,-74.9227107274829
2368125,2.368125,-74.4743764329902
2368750,2.36875,-74.0497473860351
2369375,2.369375,-73.646593806333
2370000,2.37,-73.2629924403295
2370625,2.370625,-72.897272855171
2371250,2.37125,-72.5479750041327
2371875,2.371875,-72.2138153388018
2372500,2.3725,-71.8936594820971
2373125,2.373125,-71.5864999945332
2373750,2.37375,-71.2914381354222
2374375,2.374375,-71.0076687874586
2375000,2.375,-70.734467908302
2375625,2.375625,-70.4711820173351
2376250,2.37625,-70.2172193339118
2376875,2.376875,-69.9720422652666
2377500,2.3775,-69.735161004698
2378125,2.378125,-69.5061280487675
2378750,2.37875,-69.284533479615
2379375,2.379375,-69.0700008877536
2380000,2.38,-68.8621838337581
2380625,2.380625,-68.6607627655915
2381250,2.38125,-68.4654423229313
2381875,2.381875,-68.2759489716301
2382500,2.3825,-68.0920289209688
2383125,2.383125,-67.9134462840838
2383750,2.38375,-67.7399814482901
2384375,2.384375,-67.5714296272093
2385000,2.385,-67.4075995709054
2385625,2.385625,-67.2483124137912
2386250,2.38625,-67.0934006430255
2386875,2.386875,-66.9427071725954
2387500,2.3875,-66.7960845103711
2388125,2.388125,-66.6533940071513
2388750,2.38875,-66.5145051782238
2389375,2.389375,-66.3792950891973
2390000,2.39,-66.2476477989495
2390625,2.390625,-66.1194538534496
2391250,2.39125,-65.9946098249793
2391875,2.391875,-65.8730178919744
2392500,2.3925,-65.7545854552673
2393125,2.393125,-65.6392247870272
2393750,2.39375,-65.5268527091195
2394375,2.394375,-65.4173902979823
2395000,2.395,-65.31076261346
2395625,2.395625,-65.2068984492996
2396250,2.39625,-65.1057301032804
2396875,2.396875,-65.0071931651669
2397500,2.3975,-64.9112263208569
2398125,2.398125,-64.8177711712822
2398750,2.39875,-64.7267720647529
2399375,2.399375,-64.6381759415827
2400000,2.4,-64.5519321899409
2400625,2.400625,-64.4679925119856
2401250,2.40125,-64.386310799421
2401875,2.401875,-64.3068430177071
2402500,2.4025,-64.2295470982246
2403125,2.403125,-64.1543828377582
2403750,2.40375,-64.0813118047271
2404375,2.404375,-64.0102972516329
2405000,2.405,-63.9413040332624
2405625,2.405625,-63.8742985301973
2406250,2.40625,-63.8092485772489
2406875,2.406875,-63.7461233964479
2407500,2.4075,-63.6848935342668
2408125,2.408125,-63.625530802769
2408750,2.40875,-63.5680082244112
2409375,2.409375,-63.5122999802449
2410000,2.41,-63.4583813612847
2410625,2.410625,-63.4062287228311
2411250,2.41125,-63.355819441552
2411875,2.411875,-63.3071318751401
2412500,2.4125,-63.2601453243842
2413125,2.413125,-63.2148399974978
2413750,2.41375,-63.1711969765672
2414375,2.414375,-63.1291981859856
2415000,2.415,-63.0888263627566
2415625,2.415625,-63.0500650285537
2416250,2.41625,-63.0128984634346
2416875,2.416875,-62.9773116811148
2417500,2.4175,-62.9432904057154
2418125,2.418125,-62.9108210498978
2418750,2.41875,-62.8798906943205
2419375,2.419375,-62.8504870683369
2420000,2.42,-62.8225985318812
2420625,2.420625,-62.7962140584739
2421250,2.42125,-62.7713232192983
2421875,2.421875,-62.7479161682936
2422500,2.4225,-62.7259836282196
2423125,2.423125,-62.70551687765
2423750,2.42375,-62.686507738852
2424375,2.424375,-62.6689485665187
2425000,2.425,-62.6528322373179
2425625,2.425625,-62.6381521402277
2426250,2.42625,-62.6249021676306
2426875,2.426875,-62.6130767071386
2427500,2.4275,-62.6026706341275
2428125,2.428125,-62.593679304959
2428750,2.42875,-62.5860985508686
2429375,2.429375,-62.5799246725072
2430000,2.43,-62.5751544351138
2430625,2.430625,-62.5717850643153
2431250,2.43125,-62.5698142425314
2431875,2.431875,-62.5692401059824
2432500,2.4325,-62.5700612422894
2433125,2.433125,-62.5722766886583
2433750,2.43375,-62.5758859306448
2434375,2.434375,-62.5808889014973
2435000,2.435,-62.5872859820742
2435625,2.435625,-62.5950780013353
2436250,2.43625,-62.6042662374129
2436875,2.436875,-62.6148524192575
2437500,2.4375,-62.6268387288714
2438125,2.438125,-62.6402278041304
2438750,2.43875,-62.655022742203
2439375,2.439375,-62.6712271035775
2440000,2.44,-62.6888449167067
2440625,2.440625,-62.7078806832847
2441250,2.44125,-62.728339384169
2441875,2.441875,-62.7502264859663
2442500,2.4425,-62.7735479482973
2443125,2.443125,-62.798310231767
2443750,2.44375,-62.8245203066575
2444375,2.444375,-62.8521856623737
2445000,2.445,-62.8813143176624
2445625,2.445625,-62.9119148316459
2446250,2.44625,-62.9439963156918
2446875,2.446875,-62.9775684461626
2447500,2.4475,-63.01264147808
2448125,2.448125,-63.0492262597489
2448750,2.44875,-63.0873342483846
2449375,2.449375,-63.1269775267927
2450000,2.45,-63.1681688211598
2450625,2.450625,-63.2109215200058
2451250,2.45125,-63.2552496943659
2451875,2.451875,-63.3011681192696
2452500,2.4525,-63.3486922965863
2453125,2.453125,-63.3978384793218
2453750,2.45375,-63.4486236974467
2454375,2.454375,-63.5010657853535
2455000,2.455,-63.555183411038
2455625,2.455625,-63.6109961071185
2456250,2.45625,-63.6685243038052
2456875,2.456875,-63.7277893639516
2457500,2.4575,-63.788813620319
2458125,2.458125,-63.8516204152145
2458750,2.45875,-63.9162341426516
2459375,2.459375,-63.9826802932174
2460000,2.46,-64.0509855018394
2460625,2.460625,-64.1211775986519
2461250,2.46125,-64.1932856631964
2461875,2.461875,-64.267340082198
2462500,2.4625,-64.3433726111902
2463125,2.463125,-64.4214164402795
2463750,2.46375,-64.5015062643715
2464375,2.464375,-64.5836783582105
2465000,2.465,-64.6679706566177
2465625,2.465625,-64.7544228403465
2466250,2.46625,-64.84307642802
2466875,2.466875,-64.9339748746616
2467500,2.4675,-65.0271636773706
2468125,2.468125,-65.1226904887691
2468750,2.46875,-65.2206052388879
2469375,2.469375,-65.3209602662548
2470000,2.47,-65.4238104590062
2470625,2.470625,-65.5292134069437
2471250,2.47125,-65.6372295655618
2471875,2.471875,-65.7479224331695
2472500,2.4725,-65.8613587423796
2473125,2.473125,-65.9776086673613
2473750,2.47375,-66.0967460484318
2474375,2.474375,-66.2188486357402
2475000,2.475,-66.3439983540154
2475625,2.475625,-66.4722815905785
2476250,2.47625,-66.6037895091128
2476875,2.476875,-66.7386183919867
2477500,2.4775,-66.8768700142898
2478125,2.478125,-67.0186520531694
2478750,2.47875,-67.1640785365145
2479375,2.479375,-67.3132703356148
2480000,2.48,-67.4663557070482
2480625,2.480625,-67.6234708898109
2481250,2.48125,-67.7847607645685
2481875,2.481875,-67.9503795829464
2482500,2.4825,-68.1204917759513
2483125,2.483125,-68.2952728520643
2483750,2.48375,-68.4749103971742
2484375,2.484375,-68.6596051905401
2485000,2.485,-68.8495724532887
2485625,2.485625,-69.0450432488008
2486250,2.48625,-69.2462660576821
2486875,2.486875,-69.4535085541061
2487500,2.4875,-69.667059615212
2488125,2.488125,-69.8872316012337
2488750,2.48875,-70.1143629513248
2489375,2.489375,-70.3488211490182
2490000,2.49,-70.5910061223142
2490625,2.490625,-70.8413541571511
2491250,2.49125,-71.100342420146
2491875,2.491875,-71.368494208094
2492500,2.4925,-71.6463850690189
2493125,2.493125,-71.9346499743616
2493750,2.49375,-72.2339917666456
2494375,2.494375,-72.5451911648424
2495000,2.495,-72.8691186853494
2495625,2.495625,-73.2067489362539
2496250,2.49625,-73.5591778754343
2496875,2.496875,-73.9276438019555
2497500,2.4975,-74.313553093824
2498125,2.498125,-74.718512041189
2498750,2.49875,-75.1443665937384
2499375,2.499375,-75.5932525074915
2500000,2.5,-76.0676593371463
2500625,2.500625,-76.5705131307833
2501250,2.50125,-77.1052847954053
2501875,2.501875,-77.6761343328076
2502500,2.5025,-78.2881062104104
2503125,2.503125,-78.947399292746
2503750,2.50375,-79.6617483221652
2504375,2.504375,-80.440977290182
2505000,2.505,-81.2978269295694
2505625,2.505625,-82.2492373735656
2506250,2.50625,-83.3184239833787
2506875,2.506875,-84.5384190752944
2507500,2.5075,-85.9585292472191
2508125,2.508125,-87.6571669794846
2508750,2.50875,-89.7705102080995
2509375,2.509375,-92.5683541588801
2510000,2.51,-96.7187681054078
2510625,2.510625,-104.946858042689
2511250,2.51125,-109.7154663995
2511875,2.511875,-98.2835715239234
2512500,2.5125,-93.5174152329596
2513125,2.513125,-90.4607077794524
2513750,2.51375,-88.2069628793704
2514375,2.514375,-86.4216932357122
2515000,2.515,-84.9438848124793
2515625,2.515625,-83.683545240173
2516250,2.51625,-82.585240478446
2516875,2.516875,-81.6123918584362
2517500,2.5175,-80.7395891158619
2518125,2.518125,-79.948460866032
2518750,2.51875,-79.2252932254927
2519375,2.519375,-78.559577443875
2520000,2.52,-77.9430829454521
2520625,2.520625,-77.369243003018
2521250,2.52125,-76.8327344720686
2521875,2.521875,-76.3291823741638
2522500,2.5225,-75.854947307625
2523125,2.523125,-75.4069692918944
2523750,2.52375,-74.9826509713278
2524375,2.524375,-74.5797688428356
2525000,2.525,-74.1964048067302
2525625,2.525625,-73.8308927011413
2526250,2.52625,-73.4817760486479
2526875,2.526875,-73.1477743068027
2527500,2.5275,-72.827755647986
2528125,2.528125,-72.5207148090848
2528750,2.52875,-72.225754918449
2529375,2.529375,-71.9420724727986
2530000,2.53,-71.6689448307854
2530625,2.530625,-71.4057197336951
2531250,2.53125,-71.1518064713448
2531875,2.531875,-70.9066683926732
2532500,2.5325,-70.6698165226359
2533125,2.533125,-70.4408040949479
2533750,2.53375,-70.2192218473722
2534375,2.534375,-70.0046939554033
2535000,2.535,-69.7968745031468
2535625,2.535625,-69.5954444084291
2536250,2.53625,-69.4001087337494
2536875,2.536875,-69.210594326411
2537500,2.5375,-69.0266477406338
2538125,2.538125,-68.8480334021732
2538750,2.53875,-68.6745319822646
2539375,2.539375,-68.5059389528932
2540000,2.54,-68.3420632996684
2540625,2.540625,-68.1827263721167
2541250,2.54125,-68.0277608541706
2541875,2.541875,-67.8770098400886
2542500,2.5425,-67.7303260031275
2543125,2.543125,-67.5875708460176
2543750,2.54375,-67.4486140237834
2544375,2.544375,-67.3133327307007
2545000,2.545,-67.1816111442417
2545625,2.545625,-67.0533399197823
2546250,2.54625,-66.9284157306215
2546875,2.546875,-66.8067408485287
2547500,2.5475,-66.6882227606257
2548125,2.548125,-66.5727738188963
2548750,2.54875,-66.4603109190601
2549375,2.549375,-66.3507552059141
2550000,2.55,-66.2440318025815
2550625,2.550625,-66.1400695613872
2551250,2.55125,-66.0388008343297
2551875,2.551875,-65.940161261344
2552500,2.5525,-65.8440895747303
2553125,2.553125,-65.7505274183099
2553750,2.55375,-65.659419180003
2554375,2.554375,-65.5707118366647
2555000,2.555,-65.4843548101306
2555625,2.555625,-65.4002998335234
2556250,2.55625,-65.3185008269743
2556875,2.556875,-65.2389137819764
2557500,2.5575,-65.1614966536837
2558125,2.558125,-65.086209260519
2558750,2.55875,-65.0130131905122
2559375,2.559375,-64.9418717138555
2560000,2.56,-64.8727497011947
2560625,2.560625,-64.8056135472288
2561250,2.56125,-64.7404310992188
2561875,2.561875,-64.6771715900529
2562500,2.5625,-64.6158055755299
2563125,2.563125,-64.5563048755711
2563750,2.56375,-64.4986425190753
2564375,2.564375,-64.4427926921686
2565000,2.565,-64.3887306896185
2565625,2.565625,-64.3364328691966
2566250,2.56625,-64.2858766087959
2566875,2.566875,-64.2370402661212
2567500,2.5675,-64.1899031407884
2568125,2.568125,-64.1444454386808
2568750,2.56875,-64.1006482384181
2569375,2.569375,-64.0584934598103
2570000,2.57,-64.0179638341786
2570625,2.570625,-63.9790428764293
2571250,2.57125,-63.9417148587793
2571875,2.571875,-63.9059647860397
2572500,2.5725,-63.8717783723679
2573125,2.573125,-63.839142019413
2573750,2.57375,-63.8080427957669
2574375,2.574375,-63.7784684176703
2575000,2.575,-63.7504072308914
2575625,2.575625,-63.723848193731
2576250,2.57625,-63.6987808610909
2576875,2.576875,-63.6751953695612
2577500,2.5775,-63.6530824234752
2578125,2.578125,-63.6324332818894
2578750,2.57875,-63.613239746452
2579375,2.579375,-63.5954941501181
2580000,2.58,-63.5791893466819
2580625,2.580625,-63.5643187010926
2581250,2.58125,-63.5508760805275
2581875,2.581875,-63.5388558461935
2582500,2.5825,-63.5282528458355
2583125,2.583125,-63.5190624069315
2583750,2.58375,-63.5112803305513
2584375,2.584375,-63.5049028858635
2585000,2.585,-63.4999268052774
2585625,2.585625,-63.4963492802034
2586250,2.58625,-63.4941679574198
2586875,2.586875,-63.4933809360391
2587500,2.5875,-63.4939867650634
2588125,2.588125,-63.4959844415205
2588750,2.58875,-63.4993734091813
2589375,2.589375,-63.5041535578459
2590000,2.59,-63.5103252232082
2590625,2.590625,-63.5178891872861
2591250,2.59125,-63.5268466794281
2591875,2.591875,-63.5371993778958
2592500,2.5925,-63.5489494120243
2593125,2.593125,-63.5620993649693
2593750,2.59375,-63.5766522770487
2594375,2.594375,-63.592611649685
2595000,2.595,-63.609981449963
2595625,2.595625,-63.6287661158124
2596250,2.59625,-63.648970561831
2596875,2.596875,-63.6706001857672
2597500,2.5975,-63.693660875674
2598125,2.598125,-63.7181590177626
2598750,2.59875,-63.744101504972
2599375,2.599375,-63.771495746282
2600000,2.6,-63.8003496767973
2600625,2.600625,-63.8306717686319
2601250,2.60125,-63.8624710426249
2601875,2.601875,-63.8957570809236
2602500,2.6025,-63.9305400404763
2603125,2.603125,-63.9668306674679
2603750,2.60375,-64.0046403127528
2604375,2.604375,-64.0439809483256
2605000,2.605,-64.0848651848891
2605625,2.605625,-64.127306290572
2606250,2.60625,-64.1713182108608
2606875,2.606875,-64.2169155898101
2607500,2.6075,-64.2641137926074
2608125,2.608125,-64.3129289295642
2608750,2.60875,-64.3633778816245
2609375,2.609375,-64.4154783274762
2610000,2.61,-64.4692487723685
2610625,2.610625,-64.5247085787357
2611250,2.61125,-64.5818779987503
2611875,2.611875,-64.6407782089255
2612500,2.6125,-64.7014313469025
2613125,2.613125,-64.7638605505718
2613750,2.61375,-64.8280899996857
2614375,2.614375,-64.8941449601364
2615000,2.615,-64.9620518310859
2615625,2.615625,-65.0318381951551
2616250,2.61625,-65.1035328718892
2616875,2.616875,-65.1771659747483
2617500,2.6175,-65.252768971882
2618125,2.618125,-65.3303747509784
2618750,2.61875,-65.4100176885038
2619375,2.619375,-65.4917337236739
2620000,2.62,-65.5755604375368
2620625,2.620625,-65.6615371375804
2621250,2.62125,-65.7497049483158
2621875,2.621875,-65.8401069083367
2622500,2.6225,-65.9327880744035
2623125,2.623125,-66.0277956331497
2623750,2.62375,-66.1251790210857
2624375,2.624375,-66.2249900536248
2625000,2.625,-66.3272830639476
2625625,2.625625,-66.4321150526088
2626250,2.62625,-66.5395458488743
2626875,2.626875,-66.6496382849055
2627500,2.6275,-66.762458384015
2628125,2.628125,-66.8780755643751
2628750,2.62875,-66.9965628597059
2629375,2.629375,-67.1179971586565
2630000,2.63,-67.2424594648016
2630625,2.630625,-67.3700351794063
2631250,2.63125,-67.5008144093745
2631875,2.631875,-67.6348923031218
2632500,2.6325,-67.7723694174332
2633125,2.633125,-67.9133521188096
2633750,2.63375,-68.0579530232332
2634375,2.634375,-68.2062914788554
2635000,2.635,-68.3584940967066
2635625,2.635625,-68.5146953352765
2636250,2.63625,-68.6750381456378
2636875,2.636875,-68.8396746847896
2637500,2.6375,-69.0087671060528
2638125,2.638125,-69.1824884367065
2638750,2.63875,-69.3610235546654
2639375,2.639375,-69.5445702779215
2640000,2.64,-69.7333405827076
2640625,2.640625,-69.9275619690837
2641250,2.64125,-70.1274789958505
2641875,2.641875,-70.3333550106348
2642500,2.6425,-70.5454741056779
2643125,2.643125,-70.7641433355938
2643750,2.64375,-70.9896952403601
2644375,2.644375,-71.2224907253582
2645000,2.645,-71.4629223608646
2645625,2.645625,-71.7114181764721
2646250,2.64625,-71.968446042294
2646875,2.646875,-72.2345187492956
2647500,2.6475,-72.5101999270483
2648125,2.648125,-72.796110970186
2648750,2.64875,-73.0929391871876
2649375,2.649375,-73.4014474398035
2650000,2.65,-73.7224856127926
2650625,2.650625,-74.057004347523
2651250,2.65125,-74.4060715977147
2651875,2.651875,-74.7708927331645
2652500,2.6525,-75.1528351448687
2653125,2.653125,-75.5534586179357
2653750,2.65375,-75.974553174869
2654375,2.654375,-76.4181867086451
2655000,2.655,-76.8867656112128
2655625,2.655625,-77.3831128987366
2656250,2.65625,-77.9105702659485
2656875,2.656875,-78.4731334419472
2657500,2.6575,-79.0756348034468
2658125,2.658125,-79.7239945407028
2658750,2.65875,-80.4255737825019
2659375,2.659375,-81.1896837712256
2660000,2.66,-82.0283419336233
2660625,2.660625,-82.9574340882111
2661250,2.66125,-83.9985764448325
2661875,2.661875,-85.1822531380814
2662500,2.6625,-86.5534467925613
2663125,2.663125,-88.1825965237252
2663750,2.66375,-90.1893764737038
2664375,2.664375,-92.8029661162152
2665000,2.665,-96.5572444037124
2665625,2.665625,-103.309414611768
2666250,2.66625,-118.452976139644
2666875,2.666875,-100.710438885787
2667500,2.6675,-95.2762848445025
2668125,2.668125,-91.9623659160281
2668750,2.66875,-89.5722665632795
2669375,2.669375,-87.7024765478407
2670000,2.67,-86.1671172460818
2670625,2.670625,-84.8650434527648
2671250,2.67125,-83.7350729463881
2671875,2.671875,-82.7373633012471
2672500,2.6725,-81.8445135210053
2673125,2.673125,-81.0368689638722
2673750,2.67375,-80.2998513181698
2674375,2.674375,-79.6223482488001
2675000,2.675,-78.9956949500673
2675625,2.675625,-78.4130043140258
2676250,2.67625,-77.8687116466136
2676875,2.676875,-77.3582564092253
2677500,2.6775,-76.877854294881
2678125,2.678125,-76.4243305162127
2678750,2.67875,-75.9949955797728
2679375,2.679375,-75.5875511813327
2680000,2.68,-75.2000178619255
2680625,2.680625,-74.8306786523051
2681250,2.68125,-74.4780346444745
2681875,2.681875,-74.1407695838263
2682500,2.6825,-73.8177213695899
2683125,2.683125,-73.5078589067343
2683750,2.68375,-73.2102631470193
2684375,2.684375,-72.9241114411668
2685000,2.685,-72.6486645315826
2685625,2.685625,-72.3832556683473
2686250,2.68625,-72.1272814456958
2686875,2.686875,-71.8801940426037
2687500,2.6875,-71.6414946169863
2688125,2.688125,-71.4107276536259
2688750,2.68875,-71.1874761052429
2689375,2.689375,-70.9713571967879
2690000,2.69,-70.7620187872256
2690625,2.690625,-70.5591362022207
2691250,2.69125,-70.3624094664436
2691875,2.691875,-70.1715608764865
2692500,2.6925,-69.9863328653113
2693125,2.693125,-69.8064861171919
2693750,2.69375,-69.6317978987249
2694375,2.694375,-69.4620605768518
2695000,2.695,-69.297080299318
2695625,2.695625,-69.136675816664
2696250,2.69625,-68.9806774279303
2696875,2.696875,-68.8289260348153
2697500,2.6975,-68.6812722911753
2698125,2.698125,-68.5375758365789
2698750,2.69875,-68.3977046041422
2699375,2.699375,-68.2615341941911
2700000,2.7,-68.1289473063806
2700625,2.700625,-67.9998332238576
2701250,2.70125,-67.874087343861
2701875,2.701875,-67.7516107498361
2702500,2.7025,-67.6323098207482
2703125,2.703125,-67.5160958737939
2703750,2.70375,-67.4028848371457
2704375,2.704375,-67.2925969497713
2705000,2.705,-67.1851564856849
2705625,2.705625,-67.0804915003016
2706250,2.70625,-66.978533596807
2706875,2.706875,-66.8792177106952
2707500,2.7075,-66.7824819108079
2708125,2.708125,-66.688267215402
2708750,2.70875,-66.5965174219093
2709375,2.709375,-66.5071789491974
2710000,2.71,-66.4202006912566
2710625,2.710625,-66.3355338813503
2711250,2.71125,-66.2531319657494
2711875,2.711875,-66.1729504862691
2712500,2.7125,-66.0949469708897
2713125,2.713125,-66.019080831821
2713750,2.71375,-65.9453132704183
2714375,2.714375,-65.8736071884208
2715000,2.715,-65.8039271050292
2715625,2.715625,-65.7362390793769
2716250,2.71625,-65.6705106379984
2716875,2.716875,-65.6067107069244
2717500,2.7175,-65.5448095480673
2718125,2.718125,-65.4847786995948
2718750,2.71875,-65.4265909200067
2719375,2.719375,-65.3702201356593
2720000,2.72,-65.3156413914992
2720625,2.720625,-65.262830804794
2721250,2.72125,-65.2117655216558
2721875,2.721875,-65.162423676177
2722500,2.7225,-65.114784352008
2723125,2.723125,-65.0688275462234
2723750,2.72375,-65.0245341353323
2724375,2.724375,-64.9818858432976
2725000,2.725,-64.9408652114497
2725625,2.725625,-64.9014555701727
2726250,2.72625,-64.8636410122672
2726875,2.726875,-64.8274063678862
2727500,2.7275,-64.7927371809635
2728125,2.728125,-64.7596196870418
2728750,2.72875,-64.7280407924351
2729375,2.729375,-64.697988054646
2730000,2.73,-64.6694496639798
2730625,2.730625,-64.6424144262887
2731250,2.73125,-64.6168717467961
2731875,2.731875,-64.5928116149452
2732500,2.7325,-64.5702245902258
2733125,2.733125,-64.5491017889361
2733750,2.73375,-64.5294348718373
2734375,2.734375,-64.5112160326632
2735000,2.735,-64.4944379874549
2735625,2.735625,-64.4790939646796
2736250,2.73625,-64.4651776961161
2736875,2.736875,-64.4526834084707
2737500,2.7375,-64.4416058157056
2738125,2.738125,-64.4319401120525
2738750,2.73875,-64.4236819656976
2739375,2.739375,-64.4168275131159
2740000,2.74,-64.4113733540387
2740625,2.740625,-64.4073165470444
2741250,2.74125,-64.4046546057553
2741875,2.741875,-64.4033854956331
2742500,2.7425,-64.4035076313636
2743125,2.743125,-64.4050198748234
2743750,2.74375,-64.4079215336217
2744375,2.744375,-64.4122123602176
2745000,2.745,-64.4178925516025
2745625,2.745625,-64.424962749556
2746250,2.74625,-64.433424041469
2746875,2.746875,-64.4432779617405
2747500,2.7475,-64.4545264937487
2748125,2.748125,-64.4671720724039
2748750,2.74875,-64.4812175872901
2749375,2.749375,-64.4966663864033
2750000,2.75,-64.5135222804961
2750625,2.750625,-64.5317895480419
2751250,2.75125,-64.5514729408336
2751875,2.751875,-64.5725776902283
2752500,2.7525,-64.5951095140606
2753125,2.753125,-64.6190746242401
2753750,2.75375,-64.6444797350585
2754375,2.754375,-64.6713320722256
2755000,2.755,-64.6996393826668
2755625,2.755625,-64.7294099451033
2756250,2.75625,-64.7606525814529
2756875,2.756875,-64.7933766690833
2757500,2.7575,-64.8275921539523
2758125,2.758125,-64.8633095646796
2758750,2.75875,-64.9005400275924
2759375,2.759375,-64.9392952827885
2760000,2.76,-64.9795877012754
2760625,2.760625,-65.0214303032328
2761250,2.76125,-65.064836777464
2761875,2.761875,-65.1098215020988
2762500,2.7625,-65.1563995666167
2763125,2.763125,-65.2045867952689
2763750,2.76375,-65.2543997719763
2764375,2.764375,-65.3058558667979
2765000,2.765,-65.3589732640588
2765625,2.765625,-65.4137709922444
2766250,2.76625,-65.4702689557729
2766875,2.766875,-65.5284879687659
2767500,2.7675,-65.5884497909466
2768125,2.768125,-65.6501771658126
2768750,2.76875,-65.7136938612315
2769375,2.769375,-65.7790247126321
2770000,2.77,-65.8461956689669
2770625,2.770625,-65.9152338416498
2771250,2.77125,-65.9861675566792
2771875,2.771875,-66.059026410184
2772500,2.7725,-66.1338413276424
2773125,2.773125,-66.2106446270579
2773750,2.77375,-66.2894700863933
2774375,2.774375,-66.3703530155944
2775000,2.775,-66.4533303335682
2775625,2.775625,-66.5384406505116
2776250,2.77625,-66.6257243560309
2776875,2.776875,-66.7152237135292
2777500,2.7775,-66.8069829613868
2778125,2.778125,-66.9010484215208
2778750,2.77875,-66.9974686159548
2779375,2.779375,-67.0962943921148
2780000,2.78,-67.1975790576197
2780625,2.780625,-67.3013785254391
2781250,2.78125,-67.4077514703683
2781875,2.781875,-67.5167594978863
2782500,2.7825,-67.6284673265749
2783125,2.783125,-67.7429429854115
2783750,2.78375,-67.8602580274069
2784375,2.784375,-67.9804877612168
2785000,2.785,-68.1037115025709
2785625,2.785625,-68.2300128475627
2786250,2.78625,-68.35947997012
2786875,2.786875,-68.4922059462463
2787500,2.7875,-68.6282891079678
2788125,2.788125,-68.7678334303007
2788750,2.78875,-68.9109489549873
2789375,2.789375,-69.0577522552694
2790000,2.79,-69.2083669465334
2790625,2.790625,-69.3629242483769
2791250,2.79125,-69.5215636044047
2791875,2.791875,-69.6844333670213
2792500,2.7925,-69.8516915555453
2793125,2.793125,-70.0235066972768
2793750,2.79375,-70.2000587626232
2794375,2.794375,-70.381540207192
2795000,2.795,-70.5681571358614
2795625,2.795625,-70.7601306063561
2796250,2.79625,-70.957698092874
2796875,2.796875,-71.1611151339204
2797500,2.7975,-71.3706571928841
2798125,2.798125,-71.5866217651633
2798750,2.79875,-71.8093307721094
2799375,2.799375,-72.0391332899352
2800000,2.8,-72.2764086714389
2800625,2.800625,-72.5215701303928
2801250,2.80125,-72.7750688733887
2801875,2.801875,-73.0373988826343
2802500,2.8025,-73.3091024767594
2803125,2.803125,-73.5907768066059
2803750,2.80375,-73.8830814812211
2804375,2.804375,-74.1867475685316
2805000,2.805,-74.5025882792179
2805625,2.805625,-74.8315117262019
2806250,2.80625,-75.1745362632669
2806875,2.806875,-75.5328090548278
2807500,2.8075,-75.9076287296763
2808125,2.808125,-76.3004732462892
2808750,2.80875,-76.7130344780609
2809375,2.809375,-77.1472615621078
2810000,2.81,-77.6054158192426
2810625,2.810625,-78.0901411616287
2811250,2.81125,-78.6045555441199
2811875,2.811875,-79.1523714892992
2812500,2.8125,-79.7380575354015
2813125,2.813125,-80.3670585035468
2813750,2.81375,-81.0461023345388
2814375,2.814375,-81.7836378332132
2815000,2.815,-82.5904766447685
2815625,2.815625,-83.4807656829843
2816250,2.81625,-84.4735177982612
2816875,2.816875,-85.5951357244964
2817500,2.8175,-86.883819740061
2818125,2.818125,-88.3978470639517
2818750,2.81875,-90.2326920477351
2819375,2.819375,-92.5614762300355
2820000,2.82,-95.7517660186291
2820625,2.820625,-100.844232637007
2821250,2.82125,-114.685942582022
2821875,2.821875,-105.383512087766
2822500,2.8225,-97.9940416259928
2823125,2.823125,-94.0635330064872
2823750,2.82375,-91.370366207347
2824375,2.824375,-89.3202117181865
2825000,2.825,-87.6651546665953
2825625,2.825625,-86.2778113695442
2826250,2.82625,-85.0839882432176
2826875,2.826875,-84.0366553003035
2827500,2.8275,-83.1041169235869
2828125,2.828125,-82.2639942208875
2828750,2.82875,-81.4998972791455
2829375,2.829375,-80.7994621334868
2830000,2.83,-80.1531314636138
2830625,2.830625,-79.5533645780038
2831250,2.83125,-78.99410718642
2831875,2.831875,-78.4704247423398
2832500,2.8325,-77.9782423066314
2833125,2.833125,-77.5141558271742
2833750,2.83375,-77.0752925267944
2834375,2.834375,-76.6592058205644
2835000,2.835,-76.2637949957811
2835625,2.835625,-75.8872429663362
2836250,2.83625,-75.5279674302104
2836875,2.836875,-75.1845821094041
2837500,2.8375,-74.855865673456
2838125,2.838125,-74.5407365882821
2838750,2.83875,-74.2382325842765
2839375,2.839375,-73.9474937615904
2840000,2.84,-73.6677485858229
2840625,2.840625,-73.3983022003035
2841250,2.84125,-73.1385266098188
2841875,2.841875,-72.8878523873363
2842500,2.8425,-72.6457616287026
2843125,2.843125,-72.411781936535
2843750,2.84375,-72.1854812580178
2844375,2.844375,-71.9664634351832
2845000,2.845,-71.7543643528365
2845625,2.845625,-71.5488485903393
2846250,2.84625,-71.349606500179
2846875,2.846875,-71.1563516496807
2847500,2.8475,-70.9688185730135
2848125,2.848125,-70.7867607894048
2848750,2.84875,-70.609949050623
2849375,2.849375,-70.4381697866268
2850000,2.85,-70.2712237230948
2850625,2.850625,-70.1089246485355
2851250,2.85125,-69.9510983119769
2851875,2.851875,-69.7975814349861
2852500,2.8525,-69.6482208241033
2853125,2.853125,-69.5028725716851
2853750,2.85375,-69.3614013348131
2854375,2.854375,-69.2236796832981
2855000,2.855,-69.089587509
2855625,2.855625,-68.9590114896787
2856250,2.85625,-68.8318446014561
2856875,2.856875,-68.7079856747048
2857500,2.8575,-68.5873389888154
2858125,2.858125,-68.4698139018346
2858750,2.85875,-68.3553245114543
2859375,2.859375,-68.2437893442191
2860000,2.86,-68.1351310702017
2860625,2.860625,-68.029276240686
2861250,2.86125,-67.9261550466825
2861875,2.861875,-67.8257010963311
2862500,2.8625,-67.7278512094566
2863125,2.863125,-67.6325452277291
2863750,2.86375,-67.539725839038
2864375,2.864375,-67.4493384148334
2865000,2.865,-67.3613308593129
2865625,2.865625,-67.2756534694528
2866250,2.86625,-67.1922588049608
2866875,2.866875,-67.1111015673451
2867500,2.8675,-67.0321384873431
2868125,2.868125,-66.9553282200475
2868750,2.86875,-66.880631247115
2869375,2.869375,-66.8080097855066
2870000,2.87,-66.737427702255
2870625,2.870625,-66.6688504348005
2871250,2.87125,-66.6022449164818
2871875,2.871875,-66.5375795067956
2872500,2.8725,-66.4748239260817
2873125,2.873125,-66.4139491943129
2873750,2.87375,-66.3549275737023
2874375,2.874375,-66.2977325148539
2875000,2.875,-66.242338606222
2875625,2.875625,-66.1887215266467
2876250,2.87625,-66.1368580007642
2876875,2.876875,-66.0867257570997
2877500,2.8775,-66.0383034886677
2878125,2.878125,-65.9915708159253
2878750,2.87875,-65.9465082519192
2879375,2.879375,-65.9030971695027
2880000,2.88,-65.8613197704837
2880625,2.880625,-65.8211590566009
2881250,2.88125,-65.7825988022068
2881875,2.881875,-65.7456235285696
2882500,2.8825,-65.7102184796961
2883125,2.883125,-65.676369599591
2883750,2.88375,-65.6440635108761
2884375,2.884375,-65.6132874946954
2885000,2.885,-65.5840294718387
2885625,2.885625,-65.5562779850215
2886250,2.88625,-65.5300221822645
2886875,2.886875,-65.5052518013174
2887500,2.8875,-65.4819571550797
2888125,2.888125,-65.4601291179732
2888750,2.88875,-65.4397591132205
2889375,2.889375,-65.4208391009974
2890000,2.89,-65.4033615674155
2890625,2.890625,-65.3873195143096
2891250,2.89125,-65.3727064497944
2891875,2.891875,-65.3595163795647
2892500,2.8925,-65.347743798918
2893125,2.893125,-65.3373836854663
2893750,2.89375,-65.3284314925288
2894375,2.894375,-65.3208831431782
2895000,2.895,-65.3147350249255
2895625,2.895625,-65.3099839850323
2896250,2.89625,-65.306627326433
2896875,2.896875,-65.3046628042575
2897500,2.8975,-65.3040886229455
2898125,2.898125,-65.3049034339426
2898750,2.89875,-65.3071063339752
2899375,2.899375,-65.3106968638947
2900000,2.9,-65.3156750080925
2900625,2.900625,-65.3220411944817
2901250,2.90125,-65.329796295046
2901875,2.901875,-65.3389416269563
2902500,2.9025,-65.3494789542617
2903125,2.903125,-65.3614104901522
2903750,2.90375,-65.3747388998104
2904375,2.904375,-65.3894673038471
2905000,2.905,-65.4055992823406
2905625,2.905625,-65.4231388794858
2906250,2.90625,-65.4420906088669
2906875,2.906875,-65.4624594593688
2907500,2.9075,-65.4842509017444
2908125,2.908125,-65.5074708958541
2908750,2.90875,-65.532125898601
2909375,2.909375,-65.5582228725818
2910000,2.91,-65.5857692954811
2910625,2.910625,-65.6147731702349
2911250,2.91125,-65.6452430359914
2911875,2.911875,-65.6771879799089
2912500,2.9125,-65.7106176498147
2913125,2.913125,-65.7455422677762
2913750,2.91375,-65.7819726446154
2914375,2.914375,-65.81992019542
2915000,2.915,-65.8593969560947
2915625,2.915625,-65.9004156010078
2916250,2.91625,-65.9429894617923
2916875,2.916875,-65.9871325473595
2917500,2.9175,-66.0328595651938
2918125,2.918125,-66.0801859440049
2918750,2.91875,-66.1291278578078
2919375,2.919375,-66.1797022515228
2920000,2.92,-66.2319268681802
2920625,2.920625,-66.2858202778366
2921250,2.92125,-66.3414019083009
2921875,2.921875,-66.3986920777919
2922500,2.9225,-66.4577120296512
2923125,2.923125,-66.5184839692465
2923750,2.92375,-66.5810311032137
2924375,2.924375,-66.6453776811963
2925000,2.925,-66.7115490402578
2925625,2.925625,-66.7795716521536
2926250,2.92625,-66.8494731736695
2926875,2.926875,-66.9212825002455
2927500,2.9275,-66.9950298231372
2928125,2.928125,-67.0707466903688
2928750,2.92875,-67.1484660717739
2929375,2.929375,-67.2282224284423
2930000,2.93,-67.3100517869092
2930625,2.930625,-67.3939918184746
2931250,2.93125,-67.480081924065
2931875,2.931875,-67.5683633250892
2932500,2.9325,-67.6588791607926
2933125,2.933125,-67.7516745926584
2933750,2.93375,-67.8467969164593
2934375,2.934375,-67.9442956826351
2935000,2.935,-68.0442228257202
2935625,2.935625,-68.1466328036545
2936250,2.93625,-68.2515827478654
2936875,2.936875,-68.3591326251295
2937500,2.9375,-68.4693454123297
2938125,2.938125,-68.5822872853384
2938750,2.93875,-68.6980278234104
2939375,2.939375,-68.8166402306269
2940000,2.94,-68.9382015761067
2940625,2.940625,-69.0627930549188
2941250,2.94125,-69.1905002718537
2941875,2.941875,-69.3214135504964
2942500,2.9425,-69.4556282703304
2943125,2.943125,-69.5932452349791
2943750,2.94375,-69.7343710750752
2944375,2.944375,-69.8791186897418
2945000,2.945,-70.0276077311807
2945625,2.945625,-70.1799651375243
2946250,2.94625,-70.336325719808
2946875,2.946875,-70.4968328097955
2947500,2.9475,-70.6616389763644
2948125,2.948125,-70.8309068193374
2948750,2.94875,-71.0048098510189
2949375,2.949375,-71.1835334773089
2950000,2.95,-71.3672760921855
2950625,2.950625,-71.5562503016552
2951250,2.95125,-71.7506842959501
2951875,2.951875,-71.9508233920703
2952500,2.9525,-72.1569317726612
2953125,2.953125,-72.3692944519881
2953750,2.95375,-72.5882195055498
2954375,2.954375,-72.8140406068958
2955000,2.955,-73.0471199238874
2955625,2.955625,-73.2878514372691
2956250,2.95625,-73.5366647576742
2956875,2.956875,-73.794029533658
2957500,2.9575,-74.0604605640782
2958125,2.958125,-74.3365237543544
2958750,2.95875,-74.6228430894303
2959375,2.959375,-74.9201088390932
2960000,2.96,-75.2290872665797
2960625,2.960625,-75.5506321835612
2961250,2.96125,-75.8856987895894
2961875,2.961875,-76.2353603603354
2962500,2.9625,-76.6008285186273
2963125,2.963125,-76.983478052879
2963750,2.96375,-77.3848775647398
2964375,2.964375,-77.8068276702469
2965000,2.965,-78.2514091048014
2965625,2.965625,-78.7210439823637
2966250,2.96625,-79.2185747762355
2966875,2.966875,-79.7473675532191
2967500,2.9675,-80.3114489865616
2968125,2.968125,-80.9156913452606
2968750,2.96875,-81.5660671472236
2969375,2.969375,-82.270007540149
2970000,2.97,-83.0369196442947
2970625,2.970625,-83.8789557763044
2971250,2.97125,-84.8121977470829
2971875,2.971875,-85.8585578792854
2972500,2.9725,-87.0489898347218
2973125,2.973125,-88.4292679042825
2973750,2.97375,-90.071278483593
2974375,2.974375,-92.0976544986579
2975000,2.975,-94.744716231566
2975625,2.975625,-98.5690922734091
2976250,2.97625,-105.560400182147
2976875,2.976875,-118.116388904309
2977500,2.9775,-102.21309323148
2978125,2.978125,-96.9220330726173
2978750,2.97875,-93.6608864765789
2979375,2.979375,-91.2982235525551
2980000,2.98,-89.4452361562953
2980625,2.980625,-87.9212158555373
2981250,2.98125,-86.6273031630489
2981875,2.981875,-85.5034824578589
2982500,2.9825,-84.5105690233899
2983125,2.983125,-83.6215608803665
2983750,2.98375,-82.8170595124231
2984375,2.984375,-82.0826585493782
2985000,2.985,-81.4073653747181
2985625,2.985625,-80.7826011059759
2986250,2.98625,-80.2015419020806
2986875,2.986875,-79.6586706852176
2987500,2.9875,-79.149463439972
2988125,2.988125,-78.6701643420712
2988750,2.98875,-78.2176211435082
2989375,2.989375,-77.7891624201417
2990000,2.99,-77.3825045227248
2990625,2.990625,-76.9956800029566
2991250,2.99125,-76.6269818285422
2991875,2.991875,-76.2749193836833
2992500,2.9925,-75.9381833879214
2993125,2.993125,-75.6156176483786
2993750,2.99375,-75.306196107853
2994375,2.994375,-75.0090040402794
2995000,2.995,-74.7232225255395
2995625,2.995625,-74.4481155404378
2996250,2.99625,-74.1830191540342
2996875,2.996875,-73.9273324286615
2997500,2.9975,-73.6805097133847
2998125,2.998125,-73.4420540817747
2998750,2.99875,-73.2115117159915
2999375,2.999375,-72.9884670779987
3000000,3,-72.7725387391456
3000625,3.000625,-72.5633757632547
3001250,3.00125,-72.3606545573568
3001875,3.001875,-72.1640761193407
3002500,3.0025,-71.9733636239851
3003125,3.003125,-71.7882602986465
3003750,3.00375,-71.6085275478924
3004375,3.004375,-71.4339432928688
3005000,3.005,-71.2643004965837
3005625,3.005625,-71.0994058506744
3006250,3.00625,-70.9390786029091
3006875,3.006875,-70.7831495077138
3007500,3.0075,-70.6314598845586
3008125,3.008125,-70.48386077119
3008750,3.00875,-70.3402121604692
3009375,3.009375,-70.2003823111209
3010000,3.01,-70.0642471239744
3010625,3.010625,-69.9316895763773
3011250,3.01125,-69.8025992084052
3011875,3.011875,-69.6768716552867
3012500,3.0125,-69.5544082211493
3013125,3.013125,-69.4351154898003
3013750,3.01375,-69.3189049687509
3014375,3.014375,-69.2056927631474
3015000,3.015,-69.0953992766538
3015625,3.015625,-68.9879489366694
3016250,3.01625,-68.8832699415526
3016875,3.016875,-68.781294027781
3017500,3.0175,-68.6819562552026
3018125,3.018125,-68.5851948087291
3018750,3.01875,-68.4909508149913
3019375,3.019375,-68.3991681726375
3020000,3.02,-68.3097933950871
3020625,3.020625,-68.2227754646669
3021250,3.02125,-68.1380656971677
3021875,3.021875,-68.0556176159562
3022500,3.0225,-67.9753868348543
3023125,3.023125,-67.8973309490749
3023750,3.02375,-67.8214094335745
3024375,3.024375,-67.7475835482349
3025000,3.025,-67.6758162493445
3025625,3.025625,-67.6060721068995
3026250,3.02625,-67.5383172272818
3026875,3.026875,-67.4725191809171
3027500,3.0275,-67.4086469345425
3028125,3.028125,-67.3466707877552
3028750,3.02875,-67.2865623135326
3029375,3.029375,-67.2282943024444
3030000,3.03,-67.1718407103042
3030625,3.030625,-67.1171766090185
3031250,3.03125,-67.0642781404228
3031875,3.031875,-67.0131224729029
3032500,3.0325,-66.9636877606216
3033125,3.033125,-66.915953105178
3033750,3.03375,-66.8698985195498
3034375,3.034375,-66.8255048941716
3035000,3.035,-66.7827539650188
3035625,3.035625,-66.7416282835788
3036250,3.03625,-66.7021111885889
3036875,3.036875,-66.6641867794457
3037500,3.0375,-66.6278398911864
3038125,3.038125,-66.5930560709523
3038750,3.03875,-66.5598215558531
3039375,3.039375,-66.528123252158
3040000,3.04,-66.4979487157405
3040625,3.040625,-66.4692861337135
3041250,3.04125,-66.4421243071943
3041875,3.041875,-66.4164526351429
3042500,3.0425,-66.392261099225
3043125,3.043125,-66.3695402496457
3043750,3.04375,-66.3482811919195
3044375,3.044375,-66.3284755745265
3045000,3.045,-66.3101155774251
3045625,3.045625,-66.2931939013791
3046250,3.04625,-66.277703758076
3046875,3.046875,-66.2636388610018
3047500,3.0475,-66.250993417046
3048125,3.048125,-66.2397621188151
3048750,3.04875,-66.2299401376314
3049375,3.049375,-66.2215231171979
3050000,3.05,-66.2145071679079
3050625,3.050625,-66.20888886179
3051250,3.05125,-66.2046652280694
3051875,3.051875,-66.2018337493325
3052500,3.0525,-66.2003923582895
3053125,3.053125,-66.2003394351207
3053750,3.05375,-66.2016738054026
3054375,3.054375,-66.2043947386058
3055000,3.055,-66.208501947164
3055625,3.055625,-66.2139955861058
3056250,3.05625,-66.2208762532563
3056875,3.056875,-66.2291449900003
3057500,3.0575,-66.2388032826168
3058125,3.058125,-66.2498530641834
3058750,3.05875,-66.262296717058
3059375,3.059375,-66.276137075944
3060000,3.06,-66.2913774315476
3060625,3.060625,-66.3080215348366
3061250,3.06125,-66.326073601915
3061875,3.061875,-66.3455383195212
3062500,3.0625,-66.3664208511735
3063125,3.063125,-66.3887268439714
3063750,3.06375,-66.4124624360798
3064375,3.064375,-66.4376342649102
3065000,3.065,-66.4642494760295
3065625,3.065625,-66.4923157328158
3066250,3.06625,-66.5218412268937
3066875,3.066875,-66.5528346893797
3067500,3.0675,-66.5853054029682
3068125,3.068125,-66.6192632148969
3068750,3.06875,-66.6547185508326
3069375,3.069375,-66.6916824297174
3070000,3.07,-66.7301664796229
3070625,3.070625,-66.7701829546631
3071250,3.07125,-66.8117447530207
3071875,3.071875,-66.8548654361442
3072500,3.0725,-66.8995592491815
3073125,3.073125,-66.9458411427153
3073750,3.07375,-66.9937267958792
3074375,3.074375,-67.0432326409311
3075000,3.075,-67.0943758893705
3075625,3.075625,-67.1471745596972
3076250,3.07625,-67.2016475069083
3076875,3.076875,-67.2578144538471
3077500,3.0775,-67.3156960245187
3078125,3.078125,-67.3753137795055
3078750,3.07875,-67.4366902536185
3079375,3.079375,-67.4998489959373
3080000,3.08,-67.5648146124026
3080625,3.080625,-67.6316128111409
3081250,3.08125,-67.7002704507111
3081875,3.081875,-67.7708155914897
3082500,3.0825,-67.843277550418
3083125,3.083125,-67.917686959367
3083750,3.08375,-67.9940758273885
3084375,3.084375,-68.0724776071508
3085000,3.085,-68.1529272658881
3085625,3.085625,-68.2354613612144
3086250,3.08625,-68.3201181221945
3086875,3.086875,-68.4069375361002
3087500,3.0875,-68.4959614413191
3088125,3.088125,-68.5872336269329
3088750,3.08875,-68.6807999395313
3089375,3.089375,-68.7767083978901
3090000,3.09,-68.875009316197
3090625,3.090625,-68.9757554365949
3091250,3.09125,-69.079002071878
3091875,3.091875,-69.1848072592816
3092500,3.0925,-69.2932319263953
3093125,3.093125,-69.4043400703574
3093750,3.09375,-69.5181989516068
3094375,3.094375,-69.6348793036276
3095000,3.095,-69.7544555602752
3095625,3.095625,-69.8770061024732
3096250,3.09625,-70.0026135262882
3096875,3.096875,-70.1313649346172
3097500,3.0975,-70.2633522550249
3098125,3.098125,-70.3986725865849
3098750,3.09875,-70.53742857893
3099375,3.099375,-70.6797288471774
3100000,3.1,-70.8256884268496
3100625,3.100625,-70.9754292735059
3101250,3.10125,-71.1290808124453
3101875,3.101875,-71.2867805446136
3102500,3.1025,-71.4486747157415
3103125,3.103125,-71.6149190567851
3103750,3.10375,-71.7856796049754
3104375,3.104375,-71.9611336162251
3105000,3.105,-72.1414705813556
3105625,3.105625,-72.3268933606394
3106250,3.10625,-72.5176194535676
3106875,3.106875,-72.7138824236391
3107500,3.1075,-72.9159335014436
3108125,3.108125,-73.1240433934828
3108750,3.10875,-73.3385043292358
3109375,3.109375,-73.5596323851351
3110000,3.11,-73.787770131634
3110625,3.110625,-74.0232896588012
3111250,3.11125,-74.2665960473023
3111875,3.111875,-74.518131365813
3112500,3.1125,-74.7783792936691
3113125,3.113125,-75.0478704898871
3113750,3.11375,-75.3271888579904
3114375,3.114375,-75.6169788921897
3115000,3.115,-75.9179543369003
3115625,3.115625,-76.2309084518334
3116250,3.11625,-76.5567262536601
3116875,3.116875,-76.8963992093125
3117500,3.1175,-77.2510429947357
3118125,3.118125,-77.6219191200969
3118750,3.11875,-78.0104614777553
3119375,3.119375,-78.4183092221078
3120000,3.12,-78.8473478847227
3120625,3.120625,-79.2997613310382
3121250,3.12125,-79.7780981810729
3121875,3.121875,-80.285357812396
3122500,3.1225,-80.8251033096932
3123125,3.123125,-81.4016121738496
3123750,3.12375,-82.0200810305013
3124375,3.124375,-82.6869093603791
3125000,3.125,-83.4101019417418
3125625,3.125625,-84.1998550951178
3126250,3.12625,-85.0694376838224
3126875,3.126875,-86.0365647944716
3127500,3.1275,-87.125636841167
3128125,3.128125,-88.3715939498227
3128750,3.12875,-89.8270234651204
3129375,3.129375,-91.5764976594667
3130000,3.13,-93.7692796668274
3130625,3.130625,-96.7087169924418
3131250,3.13125,-101.182660730895
3131875,3.131875,-110.9016975503
3132500,3.1325,-110.394983933264
3133125,3.133125,-101.023432028009
3133750,3.13375,-96.6247406739165
3134375,3.134375,-93.72168143043
3135000,3.135,-91.552320047829
3135625,3.135625,-89.8203768163509
3136250,3.13625,-88.3793069231279
3136875,3.136875,-87.145806630347
3137500,3.1375,-86.0679601648795
3138125,3.138125,-85.1112162025671
3138750,3.13875,-84.2514150142857
3139375,3.139375,-83.4709984804758
3140000,3.14,-82.7568044742583
3140625,3.140625,-82.0987117848933
3141250,3.14125,-81.4887700230411
3141875,3.141875,-80.9206200601642
3142500,3.1425,-80.3890958396723
3143125,3.143125,-79.88994344175
3143750,3.14375,-79.4196182634495
3144375,3.144375,-78.9751356171337
3145000,3.145,-78.5539587057279
3145625,3.145625,-78.1539132864964
3146250,3.14625,-77.7731217392642
3146875,3.146875,-77.4099514738286
3147500,3.1475,-77.0629740897615
3148125,3.148125,-76.7309327067987
3148750,3.14875,-76.4127155795195
3149375,3.149375,-76.1073345992977
3150000,3.15,-75.8139076359217
3150625,3.150625,-75.5316439242777
3151250,3.15125,-75.2598318869083
3151875,3.151875,-74.997828920934
3152500,3.1525,-74.7450527809292
3153125,3.153125,-74.5009742675484
3153750,3.15375,-74.2651109914568
3154375,3.154375,-74.037022028201
3155000,3.155,-73.8163033155213
3155625,3.155625,-73.6025836727124
3156250,3.15625,-73.3955213437992
3156875,3.156875,-73.1948009839454
3157500,3.1575,-73.0001310226161
3158125,3.158125,-72.8112413483484
3158750,3.15875,-72.6278812692018
3159375,3.159375,-72.449817710411
3160000,3.16,-72.2768336169084
3160625,3.160625,-72.1087265333984
3161250,3.16125,-71.9453073388247
3161875,3.161875,-71.7863991155329
3162500,3.1625,-71.6318361362829
3163125,3.163125,-71.4814629546931
3163750,3.16375,-71.3351335867023
3164375,3.164375,-71.1927107723481
3165000,3.165,-71.0540653085908
3165625,3.165625,-70.9190754451539
3166250,3.16625,-70.7876263363699
3166875,3.166875,-70.6596095429354
3167500,3.1675,-70.5349225782242
3168125,3.168125,-70.4134684944727
3168750,3.16875,-70.2951555047193
3169375,3.169375,-70.1798966368606
3170000,3.17,-70.0676094166173
3170625,3.170625,-69.9582155765695
3171250,3.17125,-69.8516407887428
3171875,3.171875,-69.7478144185019
3172500,3.1725,-69.6466692977626
3173125,3.173125,-69.5481415157384
3173750,3.17375,-69.452170225629
3174375,3.174375,-69.3586974658354
3175000,3.175,-69.2676679944115
3175625,3.175625,-69.1790291356141
3176250,3.17625,-69.0927306375119
3176875,3.176875,-69.008724539727
3177500,3.1775,-68.9269650504642
3178125,3.178125,-68.8474084320729
3178750,3.17875,-68.7700128944486
3179375,3.179375,-68.6947384956553
3180000,3.18,-68.6215470492001
3180625,3.180625,-68.5504020374474
3181250,3.18125,-68.4812685307037
3181875,3.181875,-68.4141131115469
3182500,3.1825,-68.3489038040107
3183125,3.183125,-68.2856100072716
3183750,3.18375,-68.2242024335119
3184375,3.184375,-68.1646530496591
3185000,3.185,-68.1069350227353
3185625,3.185625,-68.0510226685643
3186250,3.18625,-67.9968914036059
3186875,3.186875,-67.9445176997097
3187500,3.1875,-67.8938790415947
3188125,3.188125,-67.8449538868747
3188750,3.18875,-67.7977216284686
3189375,3.189375,-67.7521625592431
3190000,3.19,-67.7082578387486
3190625,3.190625,-67.6659894619197
3191250,3.19125,-67.625340229624
3191875,3.191875,-67.5862937209458
3192500,3.1925,-67.5488342671066
3193125,3.193125,-67.5129469269275
3193750,3.19375,-67.4786174637485
3194375,3.194375,-67.4458323237205
3195000,3.195,-67.4145786154027
3195625,3.195625,-67.384844090589
3196250,3.19625,-67.3566171263067
3196875,3.196875,-67.3298867079261
3197500,3.1975,-67.304642413323
3198125,3.198125,-67.2808743980531
3198750,3.19875,-67.2585733814807
3199375,3.199375,-67.2377306338293
3200000,3.2,-67.2183379641056
3200625,3.200625,-67.2003877088672
3201250,3.20125,-67.1838727217977
3201875,3.201875,-67.1687863640558
3202500,3.2025,-67.1551224953776
3203125,3.203125,-67.1428754658971
3203750,3.20375,-67.1320401086685
3204375,3.204375,-67.1226117328653
3205000,3.205,-67.1145861176397
3205625,3.205625,-67.1079595066207
3206250,3.20625,-67.1027286030416
3206875,3.206875,-67.0988905654761
3207500,3.2075,-67.0964430041805
3208125,3.208125,-67.0953839780205
3208750,3.20875,-67.0957119919856
3209375,3.209375,-67.0974259952759
3210000,3.21,-67.1005253799603
3210625,3.210625,-67.1050099802019
3211250,3.21125,-67.1108800720459
3211875,3.211875,-67.1181363737751
3212500,3.2125,-67.126780046826
3213125,3.213125,-67.1368126972765
3213750,3.21375,-67.1482363779015
3214375,3.214375,-67.1610535908093
3215000,3.215,-67.1752672906581
3215625,3.215625,-67.1908808884696
3216250,3.21625,-67.2078982560441
3216875,3.216875,-67.2263237309905
3217500,3.2175,-67.2461621223898
3218125,3.218125,-67.2674187170988
3218750,3.21875,-67.2900992867239
3219375,3.219375,-67.3142100952701
3220000,3.22,-67.3397579075031
3220625,3.220625,-67.366749998034
3221250,3.22125,-67.3951941611631
3221875,3.221875,-67.4250987215068
3222500,3.2225,-67.4564725454392
3223125,3.223125,-67.4893250533863
3223750,3.22375,-67.5236662330055
3224375,3.224375,-67.5595066532927
3225000,3.225,-67.5968574796608
3225625,3.225625,-67.6357304900383
3226250,3.22625,-67.6761380920357
3226875,3.226875,-67.7180933412381
3227500,3.2275,-67.7616099606832
3228125,3.228125,-67.806702361589
3228750,3.22875,-67.8533856653995
3229375,3.229375,-67.9016757272296
3230000,3.23,-67.9515891607829
3230625,3.230625,-68.0031433648363
3231250,3.23125,-68.0563565513867
3231875,3.231875,-68.1112477755591
3232500,3.2325,-68.1678369673912
3233125,3.233125,-68.2261449656168
3233750,3.23375,-68.2861935535726
3234375,3.234375,-68.3480054973794
3235000,3.235,-68.4116045865435
3235625,3.235625,-68.4770156771512
3236250,3.23625,-68.5442647378342
3236875,3.236875,-68.613378898708
3237500,3.2375,-68.6843865034919
3238125,3.238125,-68.757317165051
3238750,3.23875,-68.8322018246092
3239375,3.239375,-68.9090728149161
3240000,3.24,-68.9879639276696
3240625,3.240625,-69.0689104855253
3241250,3.24125,-69.1519494190568
3241875,3.241875,-69.2371193490663
3242500,3.2425,-69.324460674679
3243125,3.243125,-69.4140156677026
3243750,3.24375,-69.5058285737793
3244375,3.244375,-69.5999457209077
3245000,3.245,-69.6964156359735
3245625,3.245625,-69.7952891700006
3246250,3.24625,-69.8966196328909
3246875,3.246875,-70.0004629385257
3247500,3.2475,-70.1068777611782
3248125,3.248125,-70.2159257043005
3248750,3.24875,-70.327671482863
3249375,3.249375,-70.4421831205627
3250000,3.25,-70.5595321633602
3250625,3.250625,-70.6797939109871
3251250,3.25125,-70.8030476682483
3251875,3.251875,-70.929377018183
3252500,3.2525,-71.0588701193812
3253125,3.253125,-71.1916200300591
3253750,3.25375,-71.3277250618181
3254375,3.254375,-71.4672891664027
3255000,3.255,-71.6104223592049
3255625,3.255625,-71.7572411837685
3256250,3.25625,-71.9078692221464
3256875,3.256875,-72.0624376566272
3257500,3.2575,-72.2210858891631
3258125,3.258125,-72.383962225734
3258750,3.25875,-72.5512246339879
3259375,3.259375,-72.723041583759
3260000,3.26,-72.8995929815803
3260625,3.260625,-73.0810712120699
3261250,3.26125,-73.2676823011949
3261875,3.261875,-73.4596472189247
3262500,3.2625,-73.6572033417954
3263125,3.263125,-73.8606060995174
3263750,3.26375,-74.0701308341364
3264375,3.264375,-74.2860749055033
3265000,3.265,-74.5087600833075
3265625,3.265625,-74.7385352737294
3266250,3.26625,-74.9757796385212
3266875,3.266875,-75.2209061762757
3267500,3.2675,-75.4743658505664
3268125,3.268125,-75.7366523683327
3268750,3.26875,-76.0083077353931
3269375,3.269375,-76.2899287458598
3270000,3.27,-76.5821746004005
3270625,3.270625,-76.8857758974786
3271250,3.27125,-77.2015453056385
3271875,3.271875,-77.5303903086504
3272500,3.2725,-77.8733285262366
3273125,3.273125,-78.2315062613313
3273750,3.27375,-78.606221125255
3274375,3.274375,-78.9989498663743
3275000,3.275,-79.4113829078391
3275625,3.275625,-79.8454676340915
3276250,3.27625,-80.3034632280721
3276875,3.276875,-80.7880109673354
3277500,3.2775,-81.3022255226708
3278125,3.278125,-81.8498152703972
3278750,3.27875,-82.4352434379817
3279375,3.279375,-83.0639479321852
3280000,3.28,-83.7426475218535
3280625,3.280625,-84.4797785796949
3281250,3.28125,-85.2861354696363
3281875,3.281875,-86.1758403563312
3282500,3.2825,-87.1678693518435
3283125,3.283125,-88.288568203589
3283750,3.28375,-89.5760437783051
3284375,3.284375,-91.0884088221083
3285000,3.285,-92.920818713026
3285625,3.285625,-95.2456844237641
3286250,3.28625,-98.4286031749808
3286875,3.286875,-103.502016868006
3287500,3.2875,-117.177289256554
3288125,3.288125,-108.157115605112
3288750,3.28875,-100.725766072979
3289375,3.289375,-96.783907059566
3290000,3.29,-94.0854408637916
3290625,3.290625,-92.0322089681591
3291250,3.29125,-90.3751349788452
3291875,3.291875,-88.9863628429318
3292500,3.2925,-87.7914706703573
3293125,3.293125,-86.7433046345903
3293750,3.29375,-85.8100961279051
3294375,3.294375,-84.969420447532
3295000,3.295,-84.2048574756253
3295625,3.295625,-83.5040225243796
3296250,3.29625,-82.8573435823354
3296875,3.296875,-82.2572692527245
3297500,3.2975,-81.6977372598778
3298125,3.298125,-81.1738069793353
3298750,3.29875,-80.6813987638954
3299375,3.299375,-80.2171048577272
3300000,3.3,-79.7780495298988
3300625,3.300625,-79.3617838108406
3301250,3.30125,-78.9662050414139
3301875,3.301875,-78.5894945308876
3302500,3.3025,-78.2300686424165
3303125,3.303125,-77.8865399784103
3303750,3.30375,-77.5576862622109
3304375,3.304375,-77.2424251544793
3305000,3.305,-76.9397936958534
3305625,3.305625,-76.6489313921077
3306250,3.30625,-76.3690661937767
3306875,3.306875,-76.0995027955013
3307500,3.3075,-75.8396128092754
3308125,3.308125,-75.5888264625974
3308750,3.30875,-75.3466255461276
3309375,3.309375,-75.1125373917536
3310000,3.31,-74.886129705536
3310625,3.310625,-74.6670061139284
3311250,3.31125,-74.4548023082939
3311875,3.311875,-74.2491826937988
3312500,3.3125,-74.0498374655345
3313125,3.313125,-73.8564800481377
3313750,3.31375,-73.6688448460073
3314375,3.314375,-73.4866852599793
3315000,3.315,-73.3097719334783
3315625,3.315625,-73.1378911970189
3316250,3.31625,-72.9708436847343
3316875,3.316875,-72.8084431006102
3317500,3.3175,-72.6505151154123
3318125,3.318125,-72.4968963780364
3318750,3.31875,-72.3474336273505
3319375,3.319375,-72.2019828925176
3320000,3.32,-72.0604087714425
3320625,3.320625,-71.9225837783666
3321250,3.32125,-71.7883877528238
3321875,3.321875,-71.6577073231647
3322500,3.3225,-71.5304354187298
3323125,3.323125,-71.4064708254742
3323750,3.32375,-71.2857177805007
3324375,3.324375,-71.1680856014904
3325000,3.325,-71.0534883474942
3325625,3.325625,-70.9418445079735
3326250,3.32625,-70.8330767173132
3326875,3.326875,-70.7271114923655
3327500,3.3275,-70.6238789908342
3328125,3.328125,-70.5233127885564
3328750,3.32875,-70.4253496739524
3329375,3.329375,-70.3299294580814
3330000,3.33,-70.2369947989259
3330625,3.330625,-70.1464910386468
3331250,3.33125,-70.0583660526927
3331875,3.331875,-69.9725701097534
3332500,3.3325,-69.8890557416502
3333125,3.333125,-69.8077776223357
3333750,3.33375,-69.7286924552658
3334375,3.334375,-69.6517588684692
3335000,3.335,-69.5769373167026
3335625,3.335625,-69.5041899901402
3336250,3.33625,-69.4334807290957
3336875,3.336875,-69.3647749443122
3337500,3.3375,-69.2980395424083
3338125,3.338125,-69.2332428560989
3338750,3.33875,-69.1703545788384
3339375,3.339375,-69.1093457035754
3340000,3.34,-69.0501884653179
3340625,3.340625,-68.9928562872529
3341250,3.34125,-68.937323730168
3341875,3.341875,-68.8835664449532
3342500,3.3425,-68.8315611279779
3343125,3.343125,-68.7812854791482
3343750,3.34375,-68.732718162479
3344375,3.344375,-68.6858387690095
3345000,3.345,-68.6406277819228
3345625,3.345625,-68.5970665437244
3346250,3.34625,-68.5551372253649
3346875,3.346875,-68.5148227971781
3347500,3.3475,-68.4761070015338
3348125,3.348125,-68.4389743271075
3348750,3.34875,-68.4034099846671
3349375,3.349375,-68.3693998843008
3350000,3.35,-68.3369306140007
3350625,3.350625,-68.3059894195336
3351250,3.35125,-68.276564185528
3351875,3.351875,-68.2486434177183
3352500,3.3525,-68.2222162262853
3353125,3.353125,-68.1972723102439
3353750,3.35375,-68.1738019428226
3354375,3.354375,-68.1517959577961
3355000,3.355,-68.131245736721
3355625,3.355625,-68.1121431970468
3356250,3.35625,-68.094480781052
3356875,3.356875,-68.0782514455858
3357500,3.3575,-68.0634486525778
3358125,3.358125,-68.0500663602884
3358750,3.35875,-68.0380990152783
3359375,3.359375,-68.0275415450692
3360000,3.36,-68.0183893514803
3360625,3.360625,-68.0106383046152
3361250,3.36125,-68.0042847374893
3361875,3.361875,-67.9993254412778
3362500,3.3625,-67.9957576611727
3363125,3.363125,-67.9935790928379
3363750,3.36375,-67.9927878794515
3364375,3.364375,-67.9933826093294
3365000,3.365,-67.9953623141208
3365625,3.365625,-67.998726467572
3366250,3.36625,-68.0034749848559
3366875,3.366875,-68.0096082224658
3367500,3.3675,-68.0171269786698
3368125,3.368125,-68.0260324945304
3368750,3.36875,-68.0363264554927
3369375,3.369375,-68.0480109935405
3370000,3.37,-68.0610886899327
3370625,3.370625,-68.0755625785234
3371250,3.37125,-68.0914361496734
3371875,3.371875,-68.1087133547706
3372500,3.3725,-68.1273986113628
3373125,3.373125,-68.1474968089258
3373750,3.37375,-68.1690133152754
3374375,3.374375,-68.1919539836471
3375000,3.375,-68.2163251604607
3375625,3.375625,-68.2421336937926
3376250,3.37625,-68.2693869425789
3376875,3.376875,-68.2980927865809
3377500,3.3775,-68.3282596371333
3378125,3.378125,-68.3598964487185
3378750,3.37875,-68.3930127313903
3379375,3.379375,-68.4276185640929
3380000,3.38,-68.4637246089125
3380625,3.380625,-68.5013421263052
3381250,3.38125,-68.5404829913522
3381875,3.381875,-68.5811597110901
3382500,3.3825,-68.6233854429753
3383125,3.383125,-68.6671740145419
3383750,3.38375,-68.7125399443197
3384375,3.384375,-68.7594984640785
3385000,3.385,-68.8080655424845
3385625,3.385625,-68.8582579102392
3386250,3.38625,-68.9100930868004
3386875,3.386875,-68.9635894087766
3387500,3.3875,-69.0187660601004
3388125,3.388125,-69.0756431040925
3388750,3.38875,-69.1342415175439
3389375,3.389375,-69.1945832269391
3390000,3.39,-69.2566911469761
3390625,3.390625,-69.3205892215282
3391250,3.39125,-69.3863024672238
3391875,3.391875,-69.4538570198251
3392500,3.3925,-69.5232801836063
3393125,3.393125,-69.5946004839472
3393750,3.39375,-69.6678477233824
3394375,3.394375,-69.743053041361
3395000,3.395,-69.8202489779989
3395625,3.395625,-69.8994695421332
3396250,3.39625,-69.9807502840122
3396875,3.396875,-70.064128372992
3397500,3.3975,-70.1496426806399
3398125,3.398125,-70.2373338696879
3398750,3.39875,-70.3272444893239
3399375,3.399375,-70.4194190773513
3400000,3.4,-70.5139042698065
3400625,3.400625,-70.6107489186834
3401250,3.40125,-70.7100042184768
3401875,3.401875,-70.8117238423387
3402500,3.4025,-70.9159640887202
3403125,3.403125,-71.0227840394713
3403750,3.40375,-71.1322457304705
3404375,3.404375,-71.2444143359895
3405000,3.405,-71.3593583681185
3405625,3.405625,-71.4771498927444
3406250,3.40625,-71.597864763744
3406875,3.406875,-71.7215828772506
3407500,3.4075,-71.8483884480876
3408125,3.408125,-71.9783703107061
3408750,3.40875,-72.1116222472759
3409375,3.409375,-72.2482433459031
3410000,3.41,-72.3883383923502
3410625,3.410625,-72.5320182990678
3411250,3.41125,-72.6794005758812
3411875,3.411875,-72.83060984726
3412500,3.4125,-72.9857784218093
3413125,3.413125,-73.1450469204158
3413750,3.41375,-73.30856497045
3414375,3.414375,-73.4764919745133
3415000,3.415,-73.648997963544
3415625,3.415625,-73.8262645456188
3416250,3.41625,-74.008485963618
3416875,3.416875,-74.1958702770826
3417500,3.4175,-74.3886406861649
3418125,3.418125,-74.5870370186703
3418750,3.41875,-74.7913174048948
3419375,3.419375,-75.001760169439
3420000,3.42,-75.2186659746137
3420625,3.420625,-75.4423602566802
3421250,3.42125,-75.6731960042617
3421875,3.421875,-75.9115569382576
3422500,3.4225,-76.1578611649426
3423125,3.423125,-76.41256538933
3423750,3.42375,-76.6761697951687
3424375,3.424375,-76.9492237222625
3425000,3.425,-77.2323323027312
3425625,3.425625,-77.5261642573672
3426250,3.42625,-77.8314611042761
3426875,3.426875,-78.1490480983588
3427500,3.4275,-78.479847307305
3428125,3.428125,-78.824893345222
3428750,3.42875,-79.1853524396299
3429375,3.429375,-79.5625457168988
3430000,3.43,-79.9579778781287
3430625,3.430625,-80.3733728358826
3431250,3.43125,-80.8107184432909
3431875,3.431875,-81.2723232497042
3432500,3.4325,-81.7608893848597
3433125,3.433125,-82.2796074046972
3433750,3.43375,-82.8322815519558
3434375,3.434375,-83.4234979424235
3435000,3.435,-84.058854636454
3435625,3.435625,-84.7452831070253
3436250,3.43625,-85.4915084628351
3436875,3.436875,-86.3087271433806
3437500,3.4375,-87.2116383947857
3438125,3.438125,-88.2200772620286
3438750,3.43875,-89.3617262912191
3439375,3.439375,-90.6768930472804
3440000,3.44,-92.2275872659795
3440625,3.440625,-94.1165822918999
3441250,3.44125,-96.5334627006708
3441875,3.441875,-99.8923901516628
3442500,3.4425,-105.437993995404
3443125,3.443125,-124.848494301754
3443750,3.44375,-107.538102927982
3444375,3.444375,-100.949388629917
3445000,3.445,-97.2495845755227
3445625,3.445625,-94.6660679341782
3446250,3.44625,-92.6800040881505
3446875,3.446875,-91.0669983197329
3447500,3.4475,-89.7093735324886
3448125,3.448125,-88.5376720588793
3448750,3.44875,-87.5074499041434
3449375,3.449375,-86.5885431722888
3450000,3.45,-85.7595379979256
3450625,3.450625,-85.0046826919367
3451250,3.45125,-84.3120522525473
3451875,3.451875,-83.6724011966849
3452500,3.4525,-83.0784164580464
3453125,3.453125,-82.5242137890597
3453750,3.45375,-82.0049882288619
3454375,3.454375,-81.5167653236739
3455000,3.455,-81.0562201409119
3455625,3.455625,-80.6205430492304
3456250,3.45625,-80.2073384734031
3456875,3.456875,-79.8145473562477
3457500,3.4575,-79.440386963218
3458125,3.458125,-79.0833035735401
3458750,3.45875,-78.7419348829043
3459375,3.459375,-78.4150798194667
3460000,3.46,-78.1016740854584
3460625,3.460625,-77.8007701685842
3461250,3.46125,-77.5115208774796
3461875,3.461875,-77.2331656809894
3462500,3.4625,-76.9650192971348
3463125,3.463125,-76.7064621013396
3463750,3.46375,-76.4569320166019
3464375,3.464375,-76.2159176190842
3465000,3.465,-75.9829522468951
3465625,3.465625,-75.7576089418488
3466250,3.46625,-75.5394960867565
3466875,3.466875,-75.3282536265704
3467500,3.4675,-75.1235497820518
3468125,3.468125,-74.9250781809081
3468750,3.46875,-74.7325553443399
3469375,3.469375,-74.5457184774457
3470000,3.47,-74.3643235204607
3470625,3.470625,-74.1881434247315
3471250,3.47125,-74.0169666230499
3471875,3.471875,-73.8505956686293
3472500,3.4725,-73.6888460209136
3473125,3.473125,-73.5315449596177
3473750,3.47375,-73.3785306110905
3474375,3.474375,-73.2296510733616
3475000,3.475,-73.0847636281064
3475625,3.475625,-72.9437340293918
3476250,3.47625,-72.8064358603968
3476875,3.476875,-72.6727499504777
3477500,3.4775,-72.5425638459139
3478125,3.478125,-72.4157713285267
3478750,3.47875,-72.2922719770695
3479375,3.479375,-72.1719707669278
3480000,3.48,-72.054777704188
3480625,3.480625,-71.9406074906064
3481250,3.48125,-71.8293792164109
3481875,3.481875,-71.7210160782131
3482500,3.4825,-71.6154451196257
3483125,3.483125,-71.5125969924294
3483750,3.48375,-71.4124057363847
3484375,3.484375,-71.3148085759771
3485000,3.485,-71.2197457325655
3485625,3.485625,-71.1271602505706
3486250,3.48625,-71.0369978364726
3486875,3.486875,-70.9492067095086
3487500,3.4875,-70.863737463087
3488125,3.488125,-70.7805429360072
3488750,3.48875,-70.6995780926899
3489375,3.489375,-70.6207999116712
3490000,3.49,-70.5441672817101
3490625,3.490625,-70.4696409048978
3491250,3.49125,-70.397183206227
3491875,3.491875,-70.3267582491254
3492500,3.4925,-70.2583316564977
3493125,3.493125,-70.1918705368668
3493750,3.49375,-70.127343415237
3494375,3.494375,-70.0647201683354
3495000,3.495,-70.0039719639178
3495625,3.495625,-69.9450712038526
3496250,3.49625,-69.8879914707146
3496875,3.496875,-69.8327074776547
3497500,3.4975,-69.779195021317
3498125,3.498125,-69.7274309376002
3498750,3.49875,-69.6773930600803
3499375,3.499375,-69.6290601809169
3500000,3.5,-69.5824120140857
3500625,3.500625,-69.5374291607945
3501250,3.50125,-69.4940930769392
3501875,3.501875,-69.4523860424837
3502500,3.5025,-69.4122911326442
3503125,3.503125,-69.3737921907711
3503750,3.50375,-69.3368738028323
3504375,3.504375,-69.3015212734053
3505000,3.505,-69.2677206030942
3505625,3.505625,-69.2354584672945
3506250,3.50625,-69.2047221962342
3506875,3.506875,-69.1754997562214
3507500,3.5075,-69.1477797320395
3508125,3.508125,-69.1215513104342
3508750,3.50875,-69.0968042646349
3509375,3.509375,-69.0735289398659
3510000,3.51,-69.0517162398
3510625,3.510625,-69.031357613914
3511250,3.51125,-69.0124450457083
3511875,3.511875,-68.9949710417509
3512500,3.5125,-68.97892862152
3513125,3.513125,-68.9643113080103
3513750,3.51375,-68.9511131190767
3514375,3.514375,-68.939328559493
3515000,3.515,-68.9289526136974
3515625,3.515625,-68.919980739211
3516250,3.51625,-68.9124088607041
3516875,3.516875,-68.9062333647002
3517500,3.5175,-68.9014510948971
3518125,3.518125,-68.8980593480956
3518750,3.51875,-68.8960558707244
3519375,3.519375,-68.8954388559486
3520000,3.52,-68.89620694136
3520625,3.520625,-68.8983592072362
3521250,3.52125,-68.9018951753669
3521875,3.521875,-68.9068148084457
3522500,3.5225,-68.9131185100235
3523125,3.523125,-68.9208071250235
3523750,3.52375,-68.9298819408179
3524375,3.524375,-68.9403446888769
3525000,3.525,-68.9521975469804
3525625,3.525625,-68.965443142014
3526250,3.52625,-68.9800845533454
3526875,3.526875,-68.9961253167952
3527500,3.5275,-69.0135694292129
3528125,3.528125,-69.0324213536705
3528750,3.52875,-69.0526860252876
3529375,3.529375,-69.0743688577045
3530000,3.53,-69.0974757502219
3530625,3.530625,-69.1220130956263
3531250,3.53125,-69.147987788726
3531875,3.531875,-69.1754072356197
3532500,3.5325,-69.2042793637248
3533125,3.533125,-69.2346126325964
3533750,3.53375,-69.2664160455698
3534375,3.534375,-69.2996991622574
3535000,3.535,-69.3344721119414
3535625,3.535625,-69.3707456079031
3536250,3.53625,-69.4085309627329
3536875,3.536875,-69.4478401046668
3537500,3.5375,-69.4886855950064
3538125,3.538125,-69.5310806466738
3538750,3.53875,-69.5750391439668
3539375,3.539375,-69.6205756635746
3540000,3.54,-69.6677054969327
3540625,3.540625,-69.7164446739864
3541250,3.54125,-69.7668099884488
3541875,3.541875,-69.8188190246474
3542500,3.5425,-69.8724901860473
3543125,3.543125,-69.9278427255654
3543750,3.54375,-69.9848967777818
3544375,3.544375,-70.0436733931778
3545000,3.545,-70.1041945745265
3545625,3.545625,-70.1664833155911
3546250,3.54625,-70.2305636422735
3546875,3.546875,-70.2964606563988
3547500,3.5475,-70.3642005823083
3548125,3.548125,-70.433810816469
3548750,3.54875,-70.5053199803159
3549375,3.549375,-70.5787579765653
3550000,3.55,-70.6541560492606
3550625,3.550625,-70.7315468478318
3551250,3.55125,-70.8109644954785
3551875,3.551875,-70.8924446622182
3552500,3.5525,-70.9760246429644
3553125,3.553125,-71.0617434410458
3553750,3.55375,-71.1496418576103
3554375,3.554375,-71.2397625874004
3555000,3.555,-71.3321503214389
3555625,3.555625,-71.4268518572224
3556250,3.55625,-71.5239162170634
3556875,3.556875,-71.6233947753144
3557500,3.5575,-71.725341395261
3558125,3.558125,-71.8298125765687
3558750,3.55875,-71.9368676142634
3559375,3.559375,-72.0465687703262
3560000,3.56,-72.1589814591138
3560625,3.560625,-72.2741744479414
3561250,3.56125,-72.3922200743386
3561875,3.561875,-72.513194481645
3562500,3.5625,-72.6371778748274
3563125,3.563125,-72.7642547986204
3563750,3.56375,-72.8945144403607
3564375,3.564375,-73.0280509601754
3565000,3.565,-73.1649638515328
3565625,3.565625,-73.3053583355568
3566250,3.56625,-73.4493457929511
3566875,3.566875,-73.5970442379182
3567500,3.5675,-73.7485788390506
3568125,3.568125,-73.904082492881
3568750,3.56875,-74.0636964565994
3569375,3.569375,-74.2275710474021
3570000,3.57,-74.3958664170596
3570625,3.570625,-74.5687534116192
3571250,3.57125,-74.7464145276932
3571875,3.571875,-74.9290449786624
3572500,3.5725,-75.1168538862812
3573125,3.573125,-75.3100656158016
3573750,3.57375,-75.5089212758661
3574375,3.574375,-75.7136804081565
3575000,3.575,-75.9246228963645
3575625,3.575625,-76.1420511295246
3576250,3.57625,-76.3662924614938
3576875,3.576875,-76.5977020165783
3577500,3.5775,-76.8366659014526
3578125,3.578125,-77.0836048960675
3578750,3.57875,-77.3389787118962
3579375,3.579375,-77.6032909254683
3580000,3.58,-77.8770947199195
3580625,3.580625,-78.1609995987133
3581250,3.58125,-78.4556792760233
3581875,3.581875,-78.7618810002263
3582500,3.5825,-79.0804366346516
3583125,3.583125,-79.4122759086342
3583750,3.58375,-79.7584423698203
3584375,3.584375,-80.1201127266801
3585000,3.585,-80.4986204843076
3585625,3.585625,-80.8954850703965
3586250,3.58625,-81.3124480565058
3586875,3.586875,-81.7515186555061
3587500,3.5875,-82.2150315005059
3588125,3.588125,-82.7057209116753
3588750,3.58875,-83.2268176405431
3589375,3.589375,-83.7821767842782
3590000,3.59,-84.3764497562108
3590625,3.590625,-85.0153198770835
3591250,3.59125,-85.7058321037551
3591875,3.591875,-86.4568659849193
3592500,3.5925,-87.279833665478
3593125,3.593125,-88.1897450872982
3593750,3.59375,-89.2068997402294
3594375,3.594375,-90.3597068975392
3595000,3.595,-91.6896787193933
3595625,3.595625,-93.2609774730169
3596250,3.59625,-95.1806378315355
3596875,3.596875,-97.6480347516155
3597500,3.5975,-101.105923419915
3598125,3.598125,-106.933196510711
3598750,3.59875,-133.932964796466
3599375,3.599375,-107.753676260362
3600000,3.6,-101.526859218982
3600625,3.600625,-97.9407628770028
3601250,3.60125,-95.4129150012779
3601875,3.601875,-93.4598987486333
3602500,3.6025,-91.8687900521066
3603125,3.603125,-90.5267483558331
3603750,3.60375,-89.3667086828386
3604375,3.604375,-88.3455463321627
3605000,3.605,-87.4338845344279
3605625,3.605625,-86.6108081319089
3606250,3.60625,-85.8608967421644
3606875,3.606875,-85.172454070837
3607500,3.6075,-84.5363976056693
3608125,3.608125,-83.9455335495102
3608750,3.60875,-83.3940669507183
3609375,3.609375,-82.8772610303204
3610000,3.61,-82.3911942947264
3610625,3.610625,-81.9325835732342
3611250,3.61125,-81.4986526093817
3611875,3.611875,-81.0870328206908
3612500,3.6125,-80.6956872166059
3613125,3.613125,-80.3228512778807
3613750,3.61375,-79.9669864528668
3614375,3.614375,-79.6267431714758
3615000,3.615,-79.3009311309449
3615625,3.615625,-78.9884952024804
3616250,3.61625,-78.6884957292444
3616875,3.616875,-78.400092288931
3617500,3.6175,-78.1225302146127
3618125,3.618125,-77.8551293300455
3618750,3.61875,-77.5972744767109
3619375,3.619375,-77.3484075011581
3620000,3.62,-77.1080204405659
3620625,3.620625,-76.8756496977596
3621250,3.62125,-76.6508710381365
3621875,3.621875,-76.4332952731637
3622500,3.6225,-76.2225645204078
3623125,3.623125,-76.0183489501025
3623750,3.62375,-75.8203439442336
3624375,3.624375,-75.6282676069381
3625000,3.625,-75.4418585753501
3625625,3.625625,-75.2608740884137
3626250,3.62625,-75.0850882780436
3626875,3.626875,-74.9142906526036
3627500,3.6275,-74.7482847473224
3628125,3.628125,-74.5868869200668
3628750,3.62875,-74.4299252741082
3629375,3.629375,-74.2772386921386
3630000,3.63,-74.1286759680456
3630625,3.630625,-73.9840950248245
3631250,3.63125,-73.8433622085689
3631875,3.631875,-73.7063516498529
3632500,3.6325,-73.5729446849369
3633125,3.633125,-73.4430293301972
3633750,3.63375,-73.3164998040367
3634375,3.634375,-73.1932560912232
3635000,3.635,-73.0732035452243
3635625,3.635625,-72.9562525246506
3636250,3.63625,-72.8423180603555
3636875,3.636875,-72.7313195501618
3637500,3.6375,-72.6231804785117
3638125,3.638125,-72.5178281586523
3638750,3.63875,-72.4151934952311
3639375,3.639375,-72.3152107653971
3640000,3.64,-72.2178174167205
3640625,3.640625,-72.1229538804141
3641250,3.64125,-72.0305633984932
3641875,3.641875,-71.9405918636648
3642500,3.6425,-71.8529876708413
3643125,3.643125,-71.7677015792957
3643750,3.64375,-71.6846865845677
3644375,3.644375,-71.6038977993208
3645000,3.645,-71.5252923424106
3645625,3.645625,-71.4488292355246
3646250,3.64625,-71.3744693067772
3646875,3.646875,-71.3021751007322
3647500,3.6475,-71.2319107943494
3648125,3.648125,-71.1636421184123
3648750,3.64875,-71.0973362840242
3649375,3.649375,-71.0329619137987
3650000,3.65,-70.97048897741
3650625,3.650625,-70.909888731179
3651250,3.65125,-70.8511336614193
3651875,3.651875,-70.7941974312792
3652500,3.6525,-70.7390548308354
3653125,3.653125,-70.6856817302228
3653750,3.65375,-70.6340550355941
3654375,3.654375,-70.5841526477265
3655000,3.655,-70.5359534230994
3655625,3.655625,-70.4894371372898
3656250,3.65625,-70.444584450534
3656875,3.656875,-70.4013768753304
3657500,3.6575,-70.3597967459481
3658125,3.658125,-70.319827189734
3658750,3.65875,-70.2814521001129
3659375,3.659375,-70.2446561111795
3660000,3.66,-70.2094245737917
3660625,3.660625,-70.1757435330853
3661250,3.66125,-70.1435997073298
3661875,3.661875,-70.1129804680532
3662500,3.6625,-70.0838738213711
3663125,3.663125,-70.0562683904595
3663750,3.66375,-70.0301533991122
3664375,3.664375,-70.0055186563293
3665000,3.665,-69.9823545418943
3665625,3.665625,-69.9606519928877
3666250,3.66625,-69.9404024911008
3666875,3.666875,-69.9215980513078
3667500,3.6675,-69.9042312103651
3668125,3.668125,-69.8882950171001
3668750,3.66875,-69.8737830229662
3669375,3.669375,-69.8606892734302
3670000,3.67,-69.8490083000731
3670625,3.670625,-69.8387351133777
3671250,3.67125,-69.8298651961838
3671875,3.671875,-69.8223944977929
3672500,3.6725,-69.8163194287073
3673125,3.673125,-69.811636855984
3673750,3.67375,-69.8083440991972
3674375,3.674375,-69.8064389269938
3675000,3.675,-69.8059195542319
3675625,3.675625,-69.8067846397
3676250,3.67625,-69.8090332844034
3676875,3.676875,-69.812665030419
3677500,3.6775,-69.8176798603114
3678125,3.678125,-69.824078197112
3678750,3.67875,-69.8318609048583
3679375,3.679375,-69.8410292896963
3680000,3.68,-69.8515851015489
3680625,3.680625,-69.8635305363544
3681250,3.68125,-69.8768682388815
3681875,3.681875,-69.891601306129
3682500,3.6825,-69.907733291317
3683125,3.683125,-69.9252682084857
3683750,3.68375,-69.9442105377075
3684375,3.684375,-69.9645652309341
3685000,3.685,-69.9863377184897
3685625,3.685625,-70.0095339162309
3686250,3.68625,-70.0341602333923
3686875,3.686875,-70.0602235811434
3687500,3.6875,-70.0877313818767
3688125,3.688125,-70.1166915792557
3688750,3.68875,-70.1471126490584
3689375,3.689375,-70.1790036108358
3690000,3.69,-70.2123740404325
3690625,3.690625,-70.2472340834015
3691250,3.69125,-70.2835944693541
3691875,3.691875,-70.3214665272929
3692500,3.6925,-70.3608622019724
3693125,3.693125,-70.4017940713409
3693750,3.69375,-70.4442753651218
3694375,3.694375,-70.4883199845924
3695000,3.695,-70.5339425236282
3695625,3.695625,-70.581158291082
3696250,3.69625,-70.6299833345783
3696875,3.696875,-70.6804344658013
3697500,3.6975,-70.7325292873694
3698125,3.698125,-70.7862862213954
3698750,3.69875,-70.8417245398296
3699375,3.699375,-70.8988643967133
3700000,3.7,-70.9577268624488
3700625,3.700625,-71.0183339602359
3701250,3.70125,-71.0807087048066
3701875,3.701875,-71.1448751436242
3702500,3.7025,-71.2108584007127
3703125,3.703125,-71.2786847233006
3703750,3.70375,-71.3483815314861
3704375,3.704375,-71.4199774711371
3705000,3.705,-71.4935024702646
3705625,3.705625,-71.568987799137
3706250,3.70625,-71.6464661344089
3706875,3.706875,-71.7259716275821
3707500,3.7075,-71.8075399781347
3708125,3.708125,-71.8912085116875
3708750,3.70875,-71.9770162636199
3709375,3.709375,-72.0650040685745
3710000,3.71,-72.1552146563448
3710625,3.710625,-72.2476927546836
3711250,3.71125,-72.3424851996221
3711875,3.711875,-72.4396410539588
3712500,3.7125,-72.5392117346348
3713125,3.713125,-72.6412511497954
3713750,3.71375,-72.7458158464216
3714375,3.714375,-72.8529651695091
3715000,3.715,-72.9627614338824
3715625,3.715625,-73.0752701098536
3716250,3.71625,-73.1905600240723
3716875,3.716875,-73.3087035770657
3717500,3.7175,-73.4297769791567
3718125,3.718125,-73.553860506628
3718750,3.71875,-73.6810387802536
3719375,3.719375,-73.8114010685607
3720000,3.72,-73.9450416184942
3720625,3.720625,-74.0820600164933
3721250,3.72125,-74.2225615833955
3721875,3.721875,-74.3666578070151
3722500,3.7225,-74.5144668167943
3723125,3.723125,-74.6661139055132
3723750,3.72375,-74.8217321037592
3724375,3.724375,-74.9814628136796
3725000,3.725,-75.1454565094947
3725625,3.725625,-75.3138735133844
3726250,3.72625,-75.4868848566818
3726875,3.726875,-75.6646732378593
3727500,3.7275,-75.8474340906649
3728125,3.728125,-76.035376777931
3728750,3.72875,-76.2287259292339
3729375,3.729375,-76.4277229436923
3730000,3.73,-76.6326276829764
3730625,3.730625,-76.8437203841606
3731250,3.73125,-77.0613038275725
3731875,3.731875,-77.285705801541
3732500,3.7325,-77.5172819141884
3733125,3.733125,-77.7564188126062
3733750,3.73375,-78.003537882337
3734375,3.734375,-78.2590995157964
3735000,3.735,-78.5236080579548
3735625,3.735625,-78.7976175624546
3736250,3.73625,-79.0817385229175
3736875,3.736875,-79.3766457846709
3737500,3.7375,-79.6830878943167
3738125,3.738125,-80.0018982125747
3738750,3.73875,-80.3340082051114
3739375,3.739375,-80.6804634445582
3740000,3.74,-81.0424430156666
3740625,3.740625,-81.4212832308337
3741250,3.74125,-81.8185068585088
3741875,3.741875,-82.2358594775743
3742500,3.7425,-82.6753551498704
3743125,3.743125,-83.1393344324052
3743750,3.74375,-83.630538959644
3744375,3.744375,-84.1522086212607
3745000,3.745,-84.7082100828226
3745625,3.745625,-85.3032096218916
3746250,3.74625,-85.9429099831645
3746875,3.746875,-86.6343820009945
3747500,3.7475,-87.3865404783012
3748125,3.748125,-88.2108468613329
3748750,3.74875,-89.1223822111136
3749375,3.749375,-90.14155252525
3750000,3.75,-91.2969341125402
3750625,3.750625,-92.6303168144434
3751250,3.75125,-94.2063610248485
3751875,3.751875,-96.1330929168474
3752500,3.7525,-98.6121841840267
3753125,3.753125,-102.093193427694
3753750,3.75375,-107.988021504138
3754375,3.754375,-138.615369776906
3755000,3.755,-108.522329470599
3755625,3.755625,-102.37134732274
3756250,3.75625,-98.8099020746077
3756875,3.756875,-96.2942832687369
3757500,3.7575,-94.3485851416508
3758125,3.758125,-92.7623549110915
3758750,3.75875,-91.423803318319
3759375,3.759375,-90.2663884885743
3760000,3.76,-89.2472753328809
3760625,3.760625,-88.3372604007611
3761250,3.76125,-87.5155386067446
3761875,3.761875,-86.7667628317508
3762500,3.7625,-86.0792874352612
3763125,3.763125,-85.4440660464472
3763750,3.76375,-84.8539313471269
3764375,3.764375,-84.3031082289565
3765000,3.765,-83.7868750767019
3765625,3.765625,-83.3013221836027
3766250,3.76625,-82.8431756793507
3766875,3.766875,-82.4096667442321
3767500,3.7675,-81.9984328134229
3768125,3.768125,-81.6074418180005
3768750,3.76875,-81.2349333029871
3769375,3.769375,-80.8793721025484
3770000,3.77,-80.5394114898467
3770625,3.770625,-80.2138635672984
3771250,3.77125,-79.9016752544474
3771875,3.771875,-79.6019086497654
3772500,3.7725,-79.3137248438087
3773125,3.773125,-79.0363704805219
3773750,3.77375,-78.7691665251552
3774375,3.774375,-78.5114988178063
3775000,3.775,-78.2628100824281
3775625,3.775625,-78.0225931302333
3776250,3.77625,-77.7903850494911
3776875,3.776875,-77.5657622147684
3777500,3.7775,-77.3483359807388
3778125,3.778125,-77.1377489509002
3778750,3.77875,-76.9336717314875
3779375,3.779375,-76.735800096803
3780000,3.78,-76.5438525049443
3780625,3.780625,-76.3575679132147
3781250,3.78125,-76.1767038508692
3781875,3.781875,-76.0010347136675
3782500,3.7825,-75.8303502502915
3783125,3.783125,-75.6644542153154
3783750,3.78375,-75.5031631672128
3784375,3.784375,-75.3463053930708
3785000,3.785,-75.1937199443182
3785625,3.785625,-75.0452557700085
3786250,3.78625,-74.9007709360561
3786875,3.786875,-74.7601319204053
3787500,3.7875,-74.623212975455
3788125,3.788125,-74.4898955501883
3788750,3.78875,-74.3600677654272
3789375,3.789375,-74.2336239364818
3790000,3.79,-74.110464138144
3790625,3.790625,-73.9904938076154
3791250,3.79125,-73.8736233814802
3791875,3.791875,-73.7597679632828
3792500,3.7925,-73.6488470186813
3793125,3.793125,-73.5407840954902
3793750,3.79375,-73.4355065662144
3794375,3.794375,-73.3329453909639
3795000,3.795,-73.2330348988435
3795625,3.795625,-73.1357125861358
3796250,3.79625,-73.0409189297584
3796875,3.796875,-72.9485972146457
3797500,3.7975,-72.858693373834
3798125,3.798125,-72.7711558401567
3798750,3.79875,-72.6859354085664
3799375,3.799375,-72.6029851081942
3800000,3.8,-72.5222600833423
3800625,3.800625,-72.4437174826847
3801250,3.80125,-72.3673163560222
3801875,3.801875,-72.2930175579869
3802500,3.8025,-72.220783658163
3803125,3.803125,-72.1505788571275
3803750,3.80375,-72.0823689079602
3804375,3.804375,-72.0161210428191
3805000,3.805,-71.9518039042056
3805625,3.805625,-71.8893874805769
3806250,3.80625,-71.8288430459986
3806875,3.806875,-71.7701431035456
3807500,3.8075,-71.7132613321977
3808125,3.808125,-71.6581725369833
3808750,3.80875,-71.6048526021544
3809375,3.809375,-71.5532784471887
3810000,3.81,-71.5034279854356
3810625,3.810625,-71.4552800852308
3811250,3.81125,-71.4088145333252
3811875,3.811875,-71.3640120004797
3812500,3.8125,-71.3208540090953
3813125,3.813125,-71.2793229027495
3813750,3.81375,-71.2394018175307
3814375,3.814375,-71.2010746550588
3815000,3.815,-71.1643260571016
3815625,3.815625,-71.1291413816875
3816250,3.81625,-71.095506680638
3816875,3.816875,-71.0634086784424
3817500,3.8175,-71.0328347523984
3818125,3.818125,-71.0037729139559
3818750,3.81875,-70.9762117912039
3819375,3.819375,-70.9501406124385
3820000,3.82,-70.9255491907668
3820625,3.820625,-70.9024279096924
3821250,3.82125,-70.8807677096385
3821875,3.821875,-70.8605600753711
3822500,3.8225,-70.8417970242796
3823125,3.823125,-70.8244710954823
3823750,3.82375,-70.8085753397228
3824375,3.824375,-70.7941033100297
3825000,3.825,-70.7810490531095
3825625,3.825625,-70.7694071014521
3826250,3.82625,-70.7591724661202
3826875,3.826875,-70.7503406302094
3827500,3.8275,-70.7429075429551
3828125,3.828125,-70.7368696144714
3828750,3.82875,-70.732223711108
3829375,3.829375,-70.728967151413
3830000,3.83,-70.7270977026855
3830625,3.830625,-70.7266135781176
3831250,3.83125,-70.727513434509
3831875,3.831875,-70.7297963705526
3832500,3.8325,-70.7334619256857
3833125,3.833125,-70.7385100795047
3833750,3.83375,-70.7449412517381
3834375,3.834375,-70.7527563027831
3835000,3.835,-70.7619565348012
3835625,3.835625,-70.7725436933826
3836250,3.83625,-70.7845199697765
3836875,3.836875,-70.7978880037
3837500,3.8375,-70.8126508867285
3838125,3.838125,-70.8288121662804
3838750,3.83875,-70.8463758502038
3839375,3.839375,-70.86534641198
3840000,3.84,-70.8857287965596
3840625,3.840625,-70.9075284268421
3841250,3.84125,-70.9307512108236
3841875,3.841875,-70.95540354943
3842500,3.8425,-70.9814923450564
3843125,3.843125,-71.0090250108396
3843750,3.84375,-71.0380094806924
3844375,3.844375,-71.0684542201221
3845000,3.845,-71.1003682378757
3845625,3.845625,-71.1337610984364
3846250,3.84625,-71.1686429354156
3846875,3.846875,-71.2050244658809
3847500,3.8475,-71.2429170056613
3848125,3.848125,-71.2823324856819
3848750,3.84875,-71.3232834693759
3849375,3.849375,-71.365783171235
3850000,3.85,-71.4098454765559
3850625,3.850625,-71.4554849624472
3851250,3.85125,-71.5027169201723
3851875,3.851875,-71.5515573789024
3852500,3.8525,-71.6020231309619
3853125,3.853125,-71.654131758656
3853750,3.85375,-71.7079016627819
3854375,3.854375,-71.7633520929201
3855000,3.855,-71.8205031796282
3855625,3.855625,-71.8793759686537
3856250,3.85625,-71.939992457304
3856875,3.856875,-72.0023756331108
3857500,3.8575,-72.0665495149564
3858125,3.858125,-72.1325391968205
3858750,3.85875,-72.2003708943404
3859375,3.859375,-72.270071994382
3860000,3.86,-72.3416711078387
3860625,3.860625,-72.4151981259018
3861250,3.86125,-72.4906842800546
3861875,3.861875,-72.5681622060796
3862500,3.8625,-72.6476660123824
3863125,3.863125,-72.7292313529771
3863750,3.86375,-72.8128955054948
3864375,3.864375,-72.8986974546281
3865000,3.865,-72.9866779814533
3865625,3.865625,-73.0768797591149
3866250,3.86625,-73.1693474554188
3866875,3.866875,-73.2641278429136
3867500,3.8675,-73.3612699171233
3868125,3.868125,-73.4608250236399
3868750,3.86875,-73.5628469948815
3869375,3.869375,-73.6673922973874
3870000,3.87,-73.7745201906324
3870625,3.870625,-73.8842928984405
3871250,3.87125,-73.9967757942032
3871875,3.871875,-74.1120376012474
3872500,3.8725,-74.2301506098449
3873125,3.873125,-74.3511909125448
3873750,3.87375,-74.475238659693
3874375,3.874375,-74.6023783372497
3875000,3.875,-74.7326990692617
3875625,3.875625,-74.8662949476509
3876250,3.87625,-75.0032653923191
3876875,3.876875,-75.1437155449647
3877500,3.8775,-75.2877567004576
3878125,3.878125,-75.4355067801378
3878750,3.87875,-75.5870908520131
3879375,3.879375,-75.7426417035316
3880000,3.88,-75.9023004734252
3880625,3.880625,-76.0662173500683
3881250,3.88125,-76.2345523449347
3881875,3.881875,-76.4074761510285
3882500,3.8825,-76.5851710977425
3883125,3.883125,-76.7678322154198
3883750,3.88375,-76.9556684250868
3884375,3.884375,-77.148903871435
3885000,3.885,-77.3477794202433
3885625,3.885625,-77.5525543451844
3886250,3.88625,-77.7635082334991
3886875,3.886875,-77.9809431454979
3887500,3.8875,-78.2051860695777
3888125,3.888125,-78.4365917226163
3888750,3.88875,-78.6755457557402
3889375,3.889375,-78.9224684379609
3890000,3.89,-79.1778189057923
3890625,3.890625,-79.4421000864872
3891250,3.89125,-79.715864427226
3891875,3.891875,-79.9997205939434
3892500,3.8925,-80.2943413436084
3893125,3.893125,-80.6004728256111
3893750,3.89375,-80.9189456353161
3894375,3.894375,-81.2506880314014
3895000,3.895,-81.5967418460431
3895625,3.895625,-81.9582817743417
3896250,3.89625,-82.3366389425995
3896875,3.896875,-82.7333299475159
3897500,3.8975,-83.1500929647319
3898125,3.898125,-83.5889330980303
3898750,3.89875,-84.0521799607737
3899375,3.899375,-84.5425616757421
3900000,3.9,-85.063301252669
3900625,3.900625,-85.6182439895659
3901250,3.90125,-86.2120287113056
3901875,3.901875,-86.8503222925084
3902500,3.9025,-87.5401477860624
3903125,3.903125,-88.2903549101028
3903750,3.90375,-89.1123141102898
3904375,3.904375,-90.0209752060618
3905000,3.905,-91.0365477040364
3905625,3.905625,-92.187299866892
3906250,3.90625,-93.5145096717495
3906875,3.906875,-95.0819198490085
3907500,3.9075,-96.9957315615374
3908125,3.908125,-99.453394471556
3908750,3.90875,-102.891988658172
3909375,3.909375,-108.66318890591
3910000,3.91,-133.505457097593
3910625,3.910625,-109.727600027108
3911250,3.91125,-103.434870663518
3911875,3.911875,-99.8276612575198
3912500,3.9125,-97.2894417763144
3913125,3.913125,-95.3302802407153
3913750,3.91375,-93.735120168005
3914375,3.914375,-92.3902165458992
3915000,3.915,-91.2280552301447
3915625,3.915625,-90.2052631824278
3916250,3.91625,-89.2923151679089
3916875,3.916875,-88.468201815903
3917500,3.9175,-87.7174400765146
3918125,3.918125,-87.0282903501325
3918750,3.91875,-86.3916392396815
3919375,3.919375,-85.8002703285682
3920000,3.92,-85.248371719443
3920625,3.920625,-84.7311936872873
3921250,3.92125,-84.2448046777768
3921875,3.921875,-83.7859135833213
3922500,3.9225,-83.3517378020122
3923125,3.923125,-82.9399036174715
3923750,3.92375,-82.548369840748
3924375,3.924375,-82.1753684858415
3925000,3.925,-81.8193581132214
3925625,3.925625,-81.478986727749
3926250,3.92625,-81.1530619752452
3926875,3.926875,-80.8405269797885
3927500,3.9275,-80.5404405872581
3928125,3.928125,-80.2519610847364
3928750,3.92875,-79.9743326868437
3929375,3.929375,-79.706874243214
3930000,3.93,-79.4489697429405
3930625,3.930625,-79.2000602834344
3931250,3.93125,-78.9596372407674
3931875,3.931875,-78.727236432087
3932500,3.9325,-78.5024331020396
3933125,3.933125,-78.2848375974732
3933750,3.93375,-78.0740916200613
3934375,3.934375,-77.8698649666076
3935000,3.935,-77.6718526828056
3935625,3.935625,-77.4797725690969
3936250,3.93625,-77.2933629876186
3936875,3.936875,-77.1123809276703
3937500,3.9375,-76.9366002939796
3938125,3.938125,-76.7658103876742
3938750,3.93875,-76.5998145545169
3939375,3.939375,-76.4384289787795
3940000,3.94,-76.2814816043442
3940625,3.940625,-76.1288111672601
3941250,3.94125,-75.9802663262329
3941875,3.941875,-75.8357048794034
3942500,3.9425,-75.6949930573352
3943125,3.943125,-75.5580048835103
3943750,3.94375,-75.424621594738
3944375,3.944375,-75.2947311148853
3945000,3.945,-75.1682275761559
3945625,3.945625,-75.0450108828644
3946250,3.94625,-74.9249863132688
3946875,3.946875,-74.8080641555564
3947500,3.9475,-74.694159374538
3948125,3.948125,-74.5831913060022
3948750,3.94875,-74.475083376034
3949375,3.949375,-74.3697628428997
3950000,3.95,-74.2671605593642
3950625,3.950625,-74.1672107535482
3951250,3.95125,-74.0698508266187
3951875,3.951875,-73.9750211658022
3952500,3.9525,-73.8826649713614
3953125,3.953125,-73.7927280963063
3953750,3.95375,-73.7051588977524
3954375,3.954375,-73.6199080989309
3955000,3.955,-73.5369286609621
3955625,3.955625,-73.4561756635869
3956250,3.95625,-73.377606194126
3956875,3.956875,-73.3011792440127
3957500,3.9575,-73.226855612292
3958125,3.958125,-73.1545978155537
3958750,3.95875,-73.0843700037965
3959375,3.959375,-73.0161378817774
3960000,3.96,-72.9498686354378
3960625,3.960625,-72.8855308630267
3961250,3.96125,-72.823094510587
3961875,3.961875,-72.762530811485
3962500,3.9625,-72.7038122297018
3963125,3.963125,-72.6469124066228
3963750,3.96375,-72.5918061110834
3964375,3.964375,-72.5384691924546
3965000,3.965,-72.4868785365586
3965625,3.965625,-72.4370120242349
3966250,3.96625,-72.3888484923803
3966875,3.966875,-72.3423676973056
3967500,3.9675,-72.2975502802675
3968125,3.968125,-72.2543777350319
3968750,3.96875,-72.2128323773545
3969375,3.969375,-72.1728973162582
3970000,3.97,-72.1345564270016
3970625,3.970625,-72.0977943256437
3971250,3.97125,-72.0625963451112
3971875,3.971875,-72.0289485126848
3972500,3.9725,-71.9968375288305
3973125,3.973125,-71.9662507473004
3973750,3.97375,-71.937176156436
3974375,3.974375,-71.9096023616175
3975000,3.975,-71.8835185687976
3975625,3.975625,-71.8589145690681
3976250,3.97625,-71.8357807242128
3976875,3.976875,-71.8141079531993
3977500,3.9775,-71.79388771957
3978125,3.978125,-71.7751120196921
3978750,3.97875,-71.7577733718339
3979375,3.979375,-71.7418648060326
3980000,3.98,-71.7273798547244
3980625,3.980625,-71.7143125441122
3981250,3.98125,-71.7026573862406
3981875,3.981875,-71.6924093717629
3982500,3.9825,-71.6835639633698
3983125,3.983125,-71.6761170898734
3983750,3.98375,-71.6700651409191
3984375,3.984375,-71.6654049623166
3985000,3.985,-71.6621338519751
3985625,3.985625,-71.6602495564334
3986250,3.98625,-71.6597502679722
3986875,3.986875,-71.660634622304
3987500,3.9875,-71.6629016968319
3988125,3.988125,-71.6665510094747
3988750,3.98875,-71.6715825180522
3989375,3.989375,-71.6779966202325
3990000,3.99,-71.6857941540381
3990625,3.990625,-71.6949763989154
3991250,3.99125,-71.7055450773663
3991875,3.991875,-71.7175023571501
3992500,3.9925,-71.7308508540601
3993125,3.993125,-71.7455936352818
3993750,3.99375,-71.7617342233443
3994375,3.994375,-71.7792766006724
3995000,3.995,-71.7982252147544
3995625,3.995625,-71.8185849839398
3996250,3.99625,-71.8403613038829
3996875,3.996875,-71.8635600546474
3997500,3.9975,-71.8881876084985
3998125,3.998125,-71.9142508383998
3998750,3.99875,-71.9417571272376
3999375,3.999375,-71.9707143778081
4000000,4,-72.0011310235871
4000625,4.000625,-72.0330160403188
4001250,4.00125,-72.0663789584598
4001875,4.001875,-72.1012298765117
4002500,4.0025,-72.1375794752861
4003125,4.003125,-72.1754390331464
4003750,4.00375,-72.2148204422731
4004375,4.004375,-72.2557362260034
4005000,4.005,-72.2981995573064
4005625,4.005625,-72.3422242784445
4006250,4.00625,-72.3878249218986
4006875,4.006875,-72.4350167326179
4007500,4.0075,-72.4838156916752
4008125,4.008125,-72.5342385414108
4008750,4.00875,-72.5863028121503
4009375,4.009375,-72.6400268505985
4010000,4.01,-72.6954298500083
4010625,4.010625,-72.7525318822398
4011250,4.01125,-72.8113539318347
4011875,4.011875,-72.8719179322317
4012500,4.0125,-72.934246804274
4013125,4.013125,-72.9983644971591
4013750,4.01375,-73.0642960320034
4014375,4.014375,-73.1320675482027
4015000,4.015,-73.2017063527903
4015625,4.015625,-73.2732409730093
4016250,4.01625,-73.3467012123353
4016875,4.016875,-73.4221182102062
4017500,4.0175,-73.499524505747
4018125,4.018125,-73.5789541057842
4018750,4.01875,-73.6604425575005
4019375,4.019375,-73.7440270260847
4020000,4.02,-73.829746377792
4020625,4.020625,-73.9176412688405
4021250,4.02125,-74.007754240648
4021875,4.021875,-74.1001298219259
4022500,4.0225,-74.1948146382284
4023125,4.023125,-74.2918575295989
4023750,4.02375,-74.3913096770298
4024375,4.024375,-74.493224738525
4025000,4.025,-74.5976589956406
4025625,4.025625,-74.7046715114703
4026250,4.02625,-74.8143243011543
4026875,4.026875,-74.9266825161031
4027500,4.0275,-75.0418146432745
4028125,4.028125,-75.1597927209859
4028750,4.02875,-75.2806925729209
4029375,4.029375,-75.404594062196
4030000,4.03,-75.5315813675642
4030625,4.030625,-75.6617432841049
4031250,4.03125,-75.7951735510355
4031875,4.031875,-75.9319712096207
4032500,4.0325,-76.0722409945445
4033125,4.033125,-76.2160937625597
4033750,4.03375,-76.3636469627395
4034375,4.034375,-76.5150251532658
4035000,4.035,-76.6703605703772
4035625,4.035625,-76.8297937559021
4036250,4.03625,-76.9934742507712
4036875,4.036875,-77.1615613629854
4037500,4.0375,-77.3342250198381
4038125,4.038125,-77.5116467157078
4038750,4.03875,-77.6940205685827
4039375,4.039375,-77.8815545006045
4040000,4.04,-78.0744715605209
4040625,4.040625,-78.2730114090014
4041250,4.04125,-78.4774319914845
4041875,4.041875,-78.6880114276838
4042500,4.0425,-78.9050501523235
4043125,4.043125,-79.1288733482507
4043750,4.04375,-79.3598337211922
4044375,4.044375,-79.5983146753701
4045000,4.045,-79.8447339615221
4045625,4.045625,-80.0995478842395
4046250,4.04625,-80.3632561747712
4046875,4.046875,-80.636407659722
4047500,4.0475,-80.9196068869153
4048125,4.048125,-81.2135219091329
4048750,4.04875,-81.5188934773466
4049375,4.049375,-81.8365459612507
4050000,4.05,-82.1674004017815
4050625,4.050625,-82.5124902154355
4051250,4.05125,-82.8729802243462
4051875,4.051875,-83.250189894794
4052500,4.0525,-83.6456219528202
4053125,4.053125,-84.0609979427399
4053750,4.05375,-84.4983028534762
4054375,4.054375,-84.9598417374214
4055000,4.055,-85.448312409902
4055625,4.055625,-85.966900041526
4056250,4.05625,-86.5194020648084
4056875,4.056875,-87.1103958560541
4057500,4.0575,-87.7454680719504
4058125,4.058125,-88.4315350190212
4058750,4.05875,-89.1773011855894
4059375,4.059375,-89.9939342435977
4060000,4.06,-90.8960920601726
4060625,4.060625,-91.9035479288929
4061250,4.06125,-93.0438879753864
4061875,4.061875,-94.3572603730696
4062500,4.0625,-95.905391058231
4063125,4.063125,-97.7904943647073
4063750,4.06375,-100.200880285539
4064375,4.064375,-103.547036497109
4065000,4.065,-109.056853349856
4065625,4.065625,-127.855164149372
4066250,4.06625,-111.331921630922
4066875,4.066875,-104.691003925576
4067500,4.0675,-100.975428328711
4068125,4.068125,-98.3843672327722
4068750,4.06875,-96.3939229999974
4069375,4.069375,-94.778084973467
4070000,4.07,-93.418500280775
4070625,4.070625,-92.2453787233379
4071250,4.07125,-91.2140936459083
4071875,4.071875,-90.2943724797964
4072500,4.0725,-89.4647326577583
4073125,4.073125,-88.7093769299966
4073750,4.07375,-88.0163488884377
4074375,4.074375,-87.3763806974314
4075000,4.075,-86.7821429485501
4075625,4.075625,-86.2277391694814
4076250,4.07625,-85.7083550720264
4076875,4.076875,-85.2200089619876
4077500,4.0775,-84.7593702004318
4078125,4.078125,-84.3236245977915
4078750,4.07875,-83.9103728937087
4079375,4.079375,-83.5175530193882
4080000,4.08,-83.1433797549481
4080625,4.080625,-82.7862973103109
4081250,4.08125,-82.4449416442621
4081875,4.081875,-82.1181102161987
4082500,4.0825,-81.8047374778241
4083125,4.083125,-81.5038748453901
4083750,4.08375,-81.2146742041235
4084375,4.084375,-80.9363742227092
4085000,4.085,-80.6682889222814
4085625,4.085625,-80.4097980684313
4086250,4.08625,-80.1603390481194
4086875,4.086875,-79.9193999643584
4087500,4.0875,-79.6865137359604
4088125,4.088125,-79.4612530317734
4088750,4.08875,-79.2432259016757
4089375,4.089375,-79.0320719924146
4090000,4.09,-78.8274592567943
4090625,4.090625,-78.6290810810023
4091250,4.09125,-78.4366537679079
4091875,4.091875,-78.2499143246771
4092500,4.0925,-78.0686185116227
4093125,4.093125,-77.8925391161037
4093750,4.09375,-77.7214644210725
4094375,4.094375,-77.5551968424888
4095000,4.095,-77.3935517137736
4095625,4.095625,-77.2363561986565
4096250,4.09625,-77.083448316499
4096875,4.096875,-76.9346760664192
4097500,4.0975,-76.7898966384499
4098125,4.098125,-76.6489757015646
4098750,4.09875,-76.5117867597635
4099375,4.099375,-76.3782105685705
4100000,4.1,-76.248134605281
4100625,4.100625,-76.1214525871197
4101250,4.10125,-75.9980640322377
4101875,4.101875,-75.877873859045
4102500,4.1025,-75.7607920199541
4103125,4.103125,-75.6467331660567
4103750,4.10375,-75.5356163396585
4104375,4.104375,-75.4273646919535
4105000,4.105,-75.3219052234218
4105625,4.105625,-75.2191685448026
4106250,4.10625,-75.1190886567207
4106875,4.106875,-75.0216027462719
4107500,4.1075,-74.9266509990206
4108125,4.108125,-74.8341764250504
4108750,4.10875,-74.7441246978358
4109375,4.109375,-74.6564440048253
4110000,4.11,-74.5710849087468
4110625,4.110625,-74.4880002187329
4111250,4.11125,-74.4071448704559
4111875,4.111875,-74.3284758145431
4112500,4.1125,-74.2519519126
4113125,4.113125,-74.177533840253
4113750,4.11375,-74.1051839966477
4114375,4.114375,-74.0348664199191
4115000,4.115,-73.9665467081769
4115625,4.115625,-73.900191945588
4116250,4.11625,-73.8357706331904
4116875,4.116875,-73.7732526240836
4117500,4.1175,-73.7126090626891
4118125,4.118125,-73.6538123277879
4118750,4.11875,-73.5968359790769
4119375,4.119375,-73.5416547069944
4120000,4.12,-73.4882442856003
4120625,4.120625,-73.4365815283022
4121250,4.12125,-73.3866442462415
4121875,4.121875,-73.3384112091672
4122500,4.1225,-73.2918621086345
4123125,4.123125,-73.2469775233887
4123750,4.12375,-73.2037388867928
4124375,4.124375,-73.162128456174
4125000,4.125,-73.1221292839812
4125625,4.125625,-73.0837251906362
4126250,4.12625,-73.0469007389895
4126875,4.126875,-73.0116412102828
4127500,4.1275,-72.9779325815405
4128125,4.128125,-72.9457615043045
4128750,4.12875,-72.9151152846479
4129375,4.129375,-72.8859818643957
4130000,4.13,-72.858349803492
4130625,4.130625,-72.8322082634584
4131250,4.13125,-72.807546991888
4131875,4.131875,-72.7843563079276
4132500,4.1325,-72.7626270887027
4133125,4.133125,-72.7423507566443
4133750,4.13375,-72.723519267676
4134375,4.134375,-72.706125100232
4135000,4.135,-72.6901612450654
4135625,4.135625,-72.6756211958229
4136250,4.13625,-72.6624989403575
4136875,4.136875,-72.6507889527517
4137500,4.1375,-72.64048618603
4138125,4.138125,-72.6315860655403
4138750,4.13875,-72.6240844829862
4139375,4.139375,-72.6179777910895
4140000,4.14,-72.6132627988744
4140625,4.140625,-72.6099367675547
4141250,4.14125,-72.6079974070168
4141875,4.141875,-72.6074428728836
4142500,4.1425,-72.60827176416
4143125,4.143125,-72.6104831214436
4143750,4.14375,-72.6140764257029
4144375,4.144375,-72.6190515976159
4145000,4.145,-72.6254089974702
4145625,4.145625,-72.6331494256219
4146250,4.14625,-72.6422741235149
4146875,4.146875,-72.6527847752646
4147500,4.1475,-72.6646835098098
4148125,4.148125,-72.6779729036377
4148750,4.14875,-72.6926559840904
4149375,4.149375,-72.708736233263
4150000,4.15,-72.7262175924991
4150625,4.150625,-72.7451044675052
4151250,4.15125,-72.765401734087
4151875,4.151875,-72.7871147445344
4152500,4.1525,-72.8102493346634
4153125,4.153125,-72.8348118315435
4153750,4.15375,-72.8608090619257
4154375,4.154375,-72.8882483614005
4155000,4.155,-72.9171375843082
4155625,4.155625,-72.9474851144343
4156250,4.15625,-72.9792998765187
4156875,4.156875,-73.0125913486149
4157500,4.1575,-73.0473695753354
4158125,4.158125,-73.0836451820262
4158750,4.15875,-73.1214293899099
4159375,4.159375,-73.16073403225
4160000,4.16,-73.2015715715833
4160625,4.160625,-73.2439551180798
4161250,4.16125,-73.2878984490885
4161875,4.161875,-73.3334160299318
4162500,4.1625,-73.3805230360228
4163125,4.163125,-73.4292353763799
4163750,4.16375,-73.4795697186164
4164375,4.164375,-73.5315435155019
4165000,4.165,-73.5851750331836
4165625,4.165625,-73.640483381174
4166250,4.16625,-73.6974885442183
4166875,4.166875,-73.7562114161615
4167500,4.1675,-73.8166738359445
4168125,4.168125,-73.8788986258778
4168750,4.16875,-73.942909632339
4169375,4.169375,-74.0087317690682
4170000,4.17,-74.0763910632426
4170625,4.170625,-74.1459147045244
4171250,4.17125,-74.2173310973014
4171875,4.171875,-74.2906699163539
4172500,4.1725,-74.3659621662026
4173125,4.173125,-74.443240244417
4173750,4.17375,-74.5225380091897
4174375,4.174375,-74.6038908515065
4175000,4.175,-74.6873357722831
4175625,4.175625,-74.7729114648587
4176250,4.17625,-74.8606584032909
4176875,4.176875,-74.9506189369317
4177500,4.1775,-75.0428373918088
4178125,4.178125,-75.1373601793995
4178750,4.17875,-75.2342359134326
4179375,4.179375,-75.3335155354321
4180000,4.18,-75.4352524497769
4180625,4.180625,-75.5395026691485
4181250,4.18125,-75.6463249713222
4181875,4.181875,-75.755781068366
4182500,4.1825,-75.8679357894324
4183125,4.183125,-75.9828572784592
4183750,4.18375,-76.10061720825
4184375,4.184375,-76.2212910125751
4185000,4.185,-76.3449581381348
4185625,4.185625,-76.4717023184386
4186250,4.18625,-76.6016118719244
4186875,4.186875,-76.7347800269193
4187500,4.1875,-76.8713052763808
4188125,4.188125,-77.0112917657483
4188750,4.18875,-77.1548497176597
4189375,4.189375,-77.3020958978195
4190000,4.19,-77.4531541268706
4190625,4.190625,-77.6081558438281
4191250,4.19125,-77.7672407274193
4191875,4.191875,-77.9305573826034
4192500,4.1925,-78.0982641006486
4193125,4.193125,-78.2705297024082
4193750,4.19375,-78.4475344759623
4194375,4.194375,-78.6294712215662
4195000,4.195,-78.816546418987
4195625,4.195625,-79.0089815348153
4196250,4.19625,-79.20701449038
4196875,4.196875,-79.4109013145362
4197500,4.1975,-79.6209180099534
4198125,4.198125,-79.8373626668871
4198750,4.19875,-80.0605578648586
4199375,4.199375,-80.2908534106198
4200000,4.2,-80.5286294705118
4200625,4.200625,-80.7743001674126
4201250,4.20125,-81.0283177274789
4201875,4.201875,-81.2911772806856
4202500,4.2025,-81.5634224429116
4203125,4.203125,-81.8456518373582
4203750,4.20375,-82.1385267516232
4204375,4.204375,-82.4427801762964
4205000,4.205,-82.759227535423
4205625,4.205625,-83.0887795036558
4206250,4.20625,-83.4324574168086
4206875,4.206875,-83.7914119321241
4207500,4.2075,-84.1669457969343
4208125,4.208125,-84.5605418613363
4208750,4.20875,-84.9738978544673
4209375,4.209375,-85.4089699839258
4210000,4.21,-85.8680281887855
4210625,4.210625,-86.3537269961781
4211250,4.21125,-86.8691975873853
4211875,4.211875,-87.4181691796318
4212500,4.2125,-88.0051316916638
4213125,4.213125,-88.6355577803559
4213750,4.21375,-89.3162123140166
4214375,4.214375,-90.0555941603117
4215000,4.215,-90.8645845748227
4215625,4.215625,-91.757430204115
4216250,4.21625,-92.753292026287
4216875,4.216875,-93.8788027077697
4217500,4.2175,-95.1725397857479
4218125,4.218125,-96.693445572683
4218750,4.21875,-98.5382865668876
4219375,4.219375,-100.88307040414
4220000,4.22,-104.103397355446
4220625,4.220625,-109.273834696402
4221250,4.22125,-123.834776542904
4221875,4.221875,-113.353326732156
4222500,4.2225,-106.126858596514
4223125,4.223125,-102.241292959642
4223750,4.22375,-99.5692746899298
4224375,4.224375,-97.5314782083893
4225000,4.225,-95.8845682031124
4225625,4.225625,-94.5030296596719
4226250,4.22625,-93.3135740950784
4226875,4.226875,-92.269663207425
4227500,4.2275,-91.33989149887
4228125,4.228125,-90.5020623185374
4228750,4.22875,-89.7399059935268
4229375,4.229375,-89.0411410981327
4230000,4.23,-88.3962688522816
4230625,4.230625,-87.7977912368521
4231250,4.23125,-87.2396858011442
4231875,4.231875,-86.7170422375006
4232500,4.2325,-86.2258043850517
4233125,4.233125,-85.7625829648399
4233750,4.23375,-85.3245169812581
4234375,4.234375,-84.909169359878
4235000,4.235,-84.5144471492721
4235625,4.235625,-84.1385396596259
4236250,4.23625,-83.7798699074467
4236875,4.236875,-83.4370560730923
4237500,4.2375,-83.1088805912002
4238125,4.238125,-82.7942651290149
4238750,4.23875,-82.49225015597
4239375,4.239375,-82.2019781292995
4240000,4.24,-81.9226795538371
4240625,4.240625,-81.6536613459179
4241250,4.24125,-81.3942970589635
4241875,4.241875,-81.1440186243974
4242500,4.2425,-80.9023093344569
4243125,4.243125,-80.668697849346
4243750,4.24375,-80.4427530543902
4244375,4.244375,-80.2240796265036
4245000,4.245,-80.0123141957465
4245625,4.245625,-79.807122008613
4246250,4.24625,-79.6081940163769
4246875,4.246875,-79.4152443251364
4247500,4.2475,-79.2280079549561
4248125,4.248125,-79.0462388642117
4248750,4.24875,-78.8697082023686
4249375,4.249375,-78.6982027602055
4250000,4.25,-78.5315235913299
4250625,4.250625,-78.3694847827507
4251250,4.25125,-78.2119123555977
4251875,4.251875,-78.0586432798035
4252500,4.2525,-77.9095245888664
4253125,4.253125,-77.7644125827548
4253750,4.25375,-77.6231721086321
4254375,4.254375,-77.4856759104731
4255000,4.255,-77.3518040398117
4255625,4.255625,-77.221443320865
4256250,4.25625,-77.0944868641248
4256875,4.256875,-76.9708336232624
4257500,4.2575,-76.850387990798
4258125,4.258125,-76.7330594285552
4258750,4.25875,-76.6187621293736
4259375,4.259375,-76.5074147069757
4260000,4.26,-76.3989399112301
4260625,4.260625,-76.2932643663693
4261250,4.26125,-76.190318329984
4261875,4.261875,-76.0900354708601
4262500,4.2625,-75.9923526639293
4263125,4.263125,-75.8972098007841
4263750,4.26375,-75.8045496143767
4264375,4.264375,-75.7143175166497
4265000,4.265,-75.6264614479953
4265625,4.265625,-75.540931737521
4266250,4.26625,-75.4576809732272
4266875,4.266875,-75.376663881272
4267500,4.2675,-75.2978372135854
4268125,4.268125,-75.2211596431552
4268750,4.26875,-75.1465916663896
4269375,4.269375,-75.0740955119905
4270000,4.27,-75.0036350558439
4270625,4.270625,-74.935175741469
4271250,4.27125,-74.8686845056075
4271875,4.271875,-74.8041297085749
4272500,4.2725,-74.741481069027
4273125,4.273125,-74.680709602823
4273750,4.27375,-74.6217875656956
4274375,4.274375,-74.5646883994636
4275000,4.275,-74.5093866815396
4275625,4.275625,-74.4558580775089
4276250,4.27625,-74.4040792965803
4276875,4.276875,-74.3540280497108
4277500,4.2775,-74.3056830102335
4278125,4.278125,-74.259023776832
4278750,4.27875,-74.2140308387065
4279375,4.279375,-74.1706855428008
4280000,4.28,-74.1289700629619
4280625,4.280625,-74.0888673709163
4281250,4.28125,-74.050361208956
4281875,4.281875,-74.0134360642331
4282500,4.2825,-73.9780771445763
4283125,4.283125,-73.9442703557367
4283750,4.28375,-73.9120022799924
4284375,4.284375,-73.8812601560326
4285000,4.285,-73.8520318600582
4285625,4.285625,-73.8243058880346
4286250,4.28625,-73.7980713390393
4286875,4.286875,-73.7733178996535
4287500,4.2875,-73.7500358293427
4288125,4.288125,-73.7282159467868
4288750,4.28875,-73.707849617116
4289375,4.289375,-73.6889287400085
4290000,4.29,-73.6714457386245
4290625,4.290625,-73.655393549333
4291250,4.29125,-73.6407656122077
4291875,4.291875,-73.6275558622624
4292500,4.2925,-73.6157587213997
4293125,4.293125,-73.6053690910533
4293750,4.29375,-73.5963823454974
4294375,4.294375,-73.5887943258097
4295000,4.295,-73.5826013344683
4295625,4.295625,-73.5778001305681
4296250,4.29625,-73.5743879256435
4296875,4.296875,-73.5723623800866
4297500,4.2975,-73.571721600149
4298125,4.298125,-73.5724641355206
4298750,4.29875,-73.574588977481
4299375,4.299375,-73.5780955576128
4300000,4.3,-73.5829837470781
4300625,4.300625,-73.589253856455
4301250,4.30125,-73.5969066361333
4301875,4.301875,-73.6059432772701
4302500,4.3025,-73.6163654133082
4303125,4.303125,-73.6281751220624
4303750,4.30375,-73.6413749283783
4304375,4.304375,-73.6559678073707
4305000,4.305,-73.6719571882502
4305625,4.305625,-73.6893469587524
4306250,4.30625,-73.7081414701729
4306875,4.306875,-73.7283455430345
4307500,4.3075,-73.74996447339
4308125,4.308125,-73.7730040397871
4308750,4.30875,-73.797470510913
4309375,4.309375,-73.8233706539348
4310000,4.31,-73.8507117435693
4310625,4.310625,-73.8795015719018
4311250,4.31125,-73.9097484589824
4311875,4.311875,-73.9414612642366
4312500,4.3125,-73.9746493987176
4313125,4.313125,-74.0093228382423
4313750,4.31375,-74.0454921374487
4314375,4.314375,-74.0831684448179
4315000,4.315,-74.1223635187103
4315625,4.315625,-74.163089744464
4316250,4.31625,-74.2053601526121
4316875,4.316875,-74.2491884382776
4317500,4.3175,-74.2945889818109
4318125,4.318125,-74.3415768707395
4318750,4.31875,-74.3901679231027
4319375,4.319375,-74.4403787122563
4320000,4.32,-74.4922265932326
4320625,4.320625,-74.545729730748
4321250,4.32125,-74.6009071289676
4321875,4.321875,-74.6577786631307
4322500,4.3225,-74.7163651131606
4323125,4.323125,-74.7766881993912
4323750,4.32375,-74.8387706205434
4324375,4.324375,-74.9026360941144
4325000,4.325,-74.9683093993392
4325625,4.325625,-75.0358164229054
4326250,4.32625,-75.1051842076185
4326875,4.326875,-75.1764410042317
4327500,4.3275,-75.2496163266707
4328125,4.328125,-75.3247410109046
4328750,4.32875,-75.4018472777443
4329375,4.329375,-75.4809687998641
4330000,4.33,-75.5621407733783
4330625,4.330625,-75.6453999943317
4331250,4.33125,-75.7307849405033
4331875,4.331875,-75.8183358589462
4332500,4.3325,-75.9080948597492
4333125,4.333125,-76.0001060165342
4333750,4.33375,-76.0944154742721
4334375,4.334375,-76.1910715650378
4335000,4.335,-76.2901249324197
4335625,4.335625,-76.3916286653386
4336250,4.33625,-76.4956384421446
4336875,4.336875,-76.6022126859285
4337500,4.3375,-76.7114127321045
4338125,4.338125,-76.823303009426
4338750,4.33875,-76.9379512357406
4339375,4.339375,-77.0554286299324
4340000,4.34,-77.1758101416629
4340625,4.340625,-77.2991747007389
4341250,4.34125,-77.4256054881176
4341875,4.341875,-77.5551902308545
4342500,4.3425,-77.6880215235395
4343125,4.343125,-77.8241971791324
4343750,4.34375,-77.9638206124612
4344375,4.344375,-78.1070012600969
4345000,4.345,-78.253855040802
4345625,4.345625,-78.4045048613456
4346250,4.34625,-78.5590811731387
4346875,4.346875,-78.7177225859319
4347500,4.3475,-78.880576545727
4348125,4.348125,-79.0478000851249
4348750,4.34875,-79.2195606555895
4349375,4.349375,-79.3960370525799
4350000,4.35,-79.577420446264
4350625,4.350625,-79.7639155325912
4351250,4.35125,-79.9557418219854
4351875,4.351875,-80.1531350858667
4352500,4.3525,-80.3563489847741
4353125,4.353125,-80.5656569061348
4353750,4.35375,-80.7813540449189
4354375,4.354375,-81.0037597667342
4355000,4.355,-81.2332203006389
4355625,4.355625,-81.4701118184596
4356250,4.35625,-81.7148439691313
4356875,4.356875,-81.9678639511963
4357500,4.3575,-82.2296612248826
4358125,4.358125,-82.5007729881814
4358750,4.35875,-82.7817905705713
4359375,4.359375,-83.0733669352972
4360000,4.36,-83.3762255291517
4360625,4.360625,-83.6911707810368
4361250,4.36125,-84.019100632198
4361875,4.361875,-84.3610215889937
4362500,4.3625,-84.7180669332252
4363125,4.363125,-85.0915189197479
4363750,4.36375,-85.482836057192
4364375,4.364375,-85.8936869358594
4365000,4.365,-86.3259925838125
4365625,4.365625,-86.781980068756
4366250,4.36625,-87.2642511305668
4366875,4.366875,-87.7758712043116
4367500,4.3675,-88.3204865649849
4368125,4.368125,-88.9024809773198
4368750,4.36875,-89.5271890011657
4369375,4.369375,-90.2011924717865
4370000,4.37,-90.9327423910888
4370625,4.370625,-91.7323758204059
4371250,4.37125,-92.613847050782
4371875,4.371875,-93.5955872054377
4372500,4.3725,-94.7030987492944
4373125,4.373125,-95.9731105312135
4373750,4.37375,-97.4613188274765
4374375,4.374375,-99.258218777865
4375000,4.375,-101.525925565601
4375625,4.375625,-104.601893277486
4376250,4.37625,-109.404295104545
4376875,4.376875,-121.03064858051
4377500,4.3775,-115.872039014657
4378125,4.378125,-107.739203535921
4378750,4.37875,-103.61767879218
4379375,4.379375,-100.837066892499
4380000,4.38,-98.7368349321617
4380625,4.380625,-97.0493782266237
4381250,4.38125,-95.6393895895782
4381875,4.381875,-94.4288713410986
4382500,4.3825,-93.3687396218193
4383125,4.383125,-92.4260924185388
4383750,4.38375,-91.5777956789154
4384375,4.384375,-90.8069626314123
4385000,4.385,-90.1008890134518
4385625,4.385625,-89.4497766043118
4386250,4.38625,-88.8459093872795
4386875,4.386875,-88.2831024305122
4387500,4.3875,-87.7563218464688
4388125,4.388125,-87.2614158106383
4388750,4.38875,-86.7949198350692
4389375,4.389375,-86.3539129799929
4390000,4.39,-85.9359098056807
4390625,4.390625,-85.5387779071295
4391250,4.39125,-85.1606740903133
4391875,4.391875,-84.7999943511832
4392500,4.3925,-84.4553342234427
4393125,4.393125,-84.1254570182345
4393750,4.39375,-83.8092681428584
4394375,4.394375,-83.5057941535866
4395000,4.395,-83.2141655325117
4395625,4.395625,-82.9336024211502
4396250,4.39625,-82.6634027218802
4396875,4.396875,-82.4029321107262
4397500,4.3975,-82.1516156045221
4398125,4.398125,-81.9089304008903
4398750,4.39875,-81.6743997672555
4399375,4.399375,-81.4475877997142
4400000,4.4,-81.2280949072827
4400625,4.400625,-81.0155539043099
4401250,4.40125,-80.8096266153522
4401875,4.401875,-80.6100009139163
4402500,4.4025,-80.4163881302254
4403125,4.403125,-80.228520774158
4403750,4.40375,-80.0461505284774
4404375,4.404375,-79.8690464747635
4405000,4.405,-79.6969935203978
4405625,4.405625,-79.5297909998836
4406250,4.40625,-79.3672514278223
4406875,4.406875,-79.2091993842494
4407500,4.4075,-79.0554705158223
4408125,4.408125,-78.9059106387244
4408750,4.40875,-78.7603749311101
4409375,4.409375,-78.6187272045822
4410000,4.41,-78.4808392456176
4410625,4.410625,-78.3465902190329
4411250,4.41125,-78.2158661266301
4411875,4.411875,-78.0885593150076
4412500,4.4125,-77.9645680272877
4413125,4.413125,-77.8437959941572
4413750,4.41375,-77.7261520601573
4414375,4.414375,-77.6115498416549
4415000,4.415,-77.4999074133362
4415625,4.415625,-77.3911470204228
4416250,4.41625,-77.2851948141348
4416875,4.416875,-77.1819806081877
4417500,4.4175,-77.0814376543687
4418125,4.418125,-76.9835024354236
4418750,4.41875,-76.8881144737018
4419375,4.419375,-76.7952161541443
4420000,4.42,-76.7047525603568
4420625,4.420625,-76.6166713226405
4421250,4.42125,-76.5309224769555
4421875,4.421875,-76.4474583339002
4422500,4.4225,-76.3662333568784
4423125,4.423125,-76.2872040487008
4423750,4.42375,-76.2103288459474
4424375,4.424375,-76.1355680204694
4425000,4.425,-76.0628835874752
4425625,4.425625,-75.992239219691
4426250,4.42625,-75.9236001671355
4426875,4.426875,-75.8569331820859
4427500,4.4275,-75.792206448849
4428125,4.428125,-75.7293895179936
4428750,4.42875,-75.6684532447131
4429375,4.429375,-75.6093697310342
4430000,4.43,-75.5521122715961
4430625,4.430625,-75.4966553027566
4431250,4.43125,-75.4429743548001
4431875,4.431875,-75.3910460070332
4432500,4.4325,-75.3408478455842
4433125,4.433125,-75.2923584237278
4433750,4.43375,-75.2455572245683
4434375,4.434375,-75.2004246259397
4435000,4.435,-75.1569418673789
4435625,4.435625,-75.1150910190499
4436250,4.43625,-75.0748549524945
4436875,4.436875,-75.0362173131102
4437500,4.4375,-74.9991624942459
4438125,4.438125,-74.9636756128301
4438750,4.43875,-74.929742486442
4439375,4.439375,-74.8973496117463
4440000,4.44,-74.8664841442208
4440625,4.440625,-74.8371338791033
4441250,4.44125,-74.8092872335049
4441875,4.441875,-74.7829332296197
4442500,4.4425,-74.7580614789841
4443125,4.443125,-74.7346621677376
4443750,4.44375,-74.712726042832
4444375,4.444375,-74.6922443991534
4445000,4.445,-74.6732090675125
4445625,4.445625,-74.6556124034724
4446250,4.44625,-74.6394472769754
4446875,4.446875,-74.6247070627405
4447500,4.4475,-74.6113856314065
4448125,4.448125,-74.5994773413877
4448750,4.44875,-74.5889770314287
4449375,4.449375,-74.5798800138269
4450000,4.45,-74.5721820683123
4450625,4.450625,-74.5658794365611
4451250,4.45125,-74.5609688173331
4451875,4.451875,-74.5574473622131
4452500,4.4525,-74.5553126719525
4453125,4.453125,-74.5545627933939
4453750,4.45375,-74.5551962169737
4454375,4.454375,-74.5572118747961
4455000,4.455,-74.5606091392738
4455625,4.455625,-74.565387822327
4456250,4.45625,-74.5715481751442
4456875,4.456875,-74.5790908885038
4457500,4.4575,-74.5880170936522
4458125,4.458125,-74.5983283637463
4458750,4.45875,-74.6100267158608
4459375,4.459375,-74.6231146135686
4460000,4.46,-74.6375949700993
4460625,4.460625,-74.6534711520835
4461250,4.46125,-74.6707469838974
4461875,4.461875,-74.6894267526147
4462500,4.4625,-74.7095152135827
4463125,4.463125,-74.7310175966361
4463750,4.46375,-74.7539396129693
4464375,4.464375,-74.7782874626821
4465000,4.465,-74.8040678430229
4465625,4.465625,-74.8312879573528
4466250,4.46625,-74.8599555248574
4466875,4.466875,-74.890078791032
4467500,4.4675,-74.9216665389726
4468125,4.468125,-74.9547281015093
4468750,4.46875,-74.9892733742113
4469375,4.469375,-75.025312829313
4470000,4.47,-75.0628575305942
4470625,4.470625,-75.101919149269
4471250,4.47125,-75.1425099809279
4471875,4.471875,-75.1846429635939
4472500,4.4725,-75.2283316969412
4473125,4.473125,-75.2735904627546
4473750,4.47375,-75.3204342466821
4474375,4.474375,-75.368878761369
4475000,4.475,-75.4189404710451
4475625,4.475625,-75.4706366176539
4476250,4.47625,-75.5239852486189
4476875,4.476875,-75.5790052463477
4477500,4.4775,-75.6357163595823
4478125,4.478125,-75.694139236715
4478750,4.47875,-75.7542954612009
4479375,4.479375,-75.8162075892015
4480000,4.48,-75.8798991896153
4480625,4.480625,-75.9453948866577
4481250,4.48125,-76.0127204051646
4481875,4.481875,-76.0819026188227
4482500,4.4825,-76.1529696015238
4483125,4.483125,-76.2259506820873
4483750,4.48375,-76.3008765025856
4484375,4.484375,-76.3777790805582
4485000,4.485,-76.4566918754023
4485625,4.485625,-76.5376498592687
4486250,4.48625,-76.6206895928205
4486875,4.486875,-76.7058493062395
4487500,4.4875,-76.7931689859101
4488125,4.488125,-76.8826904672493
4488750,4.48875,-76.9744575341957
4489375,4.489375,-77.0685160259279
4490000,4.49,-77.1649139514308
4490625,4.490625,-77.2637016126044
4491250,4.49125,-77.3649317366736
4491875,4.491875,-77.4686596187399
4492500,4.4925,-77.5749432754069
4493125,4.493125,-77.6838436105173
4493750,4.49375,-77.7954245941503
4494375,4.494375,-77.9097534561555
4495000,4.495,-78.0269008956552
4495625,4.495625,-78.1469413081046
4496250,4.49625,-78.2699530316963
4496875,4.496875,-78.3960186151018
4497500,4.4975,-78.5252251087972
4498125,4.498125,-78.6576643824985
4498750,4.49875,-78.793433471547
4499375,4.499375,-78.9326349554618
4500000,4.5,-79.0753773723001
4500625,4.500625,-79.2217756729516
4501250,4.50125,-79.3719517200669
4501875,4.501875,-79.5260348369686
4502500,4.5025,-79.6841624126685
4503125,4.503125,-79.8464805700059
4503750,4.50375,-80.0131449049494
4504375,4.504375,-80.1843213063682
4505000,4.505,-80.3601868669739
4505625,4.505625,-80.5409308978916
4506250,4.50625,-80.7267560613042
4506875,4.506875,-80.9178796380468
4507500,4.5075,-81.1145349499021
4508125,4.508125,-81.3169729598108
4508750,4.50875,-81.5254640773636
4509375,4.509375,-81.7403002020162
4510000,4.51,-81.9617970425679
4510625,4.510625,-82.1902967589778
4511250,4.51125,-82.4261709817961
4511875,4.511875,-82.669824275869
4512500,4.5125,-82.9216981291351
4513125,4.513125,-83.1822755650171
4513750,4.51375,-83.4520864991635
4514375,4.514375,-83.7317139894992
4515000,4.515,-84.0218015645094
4515625,4.515625,-84.3230618609651
4516250,4.51625,-84.6362868622798
4516875,4.516875,-84.962360107148
4517500,4.5175,-85.3022713417236
4518125,4.518125,-85.6571342267592
4518750,4.51875,-86.0282078974207
4519375,4.519375,-86.4169234276079
4520000,4.52,-86.8249166016695
4520625,4.520625,-87.2540688881046
4521250,4.52125,-87.7065592089593
4521875,4.521875,-88.1849301089768
4522500,4.5225,-88.692173415488
4523125,4.523125,-89.2318427120512
4523750,4.52375,-89.8082033745501
4524375,4.524375,-90.4264363075039
4525000,4.525,-91.0929202352464
4525625,4.525625,-91.8156319538248
4526250,4.52625,-92.6047291326373
4526875,4.526875,-93.4734256956226
4527500,4.5275,-94.439355912484
4528125,4.528125,-95.5267962348566
4528750,4.52875,-96.7704864553341
4529375,4.529375,-98.2226676960094
4530000,4.53,-99.9672577601071
4530625,4.530625,-102.152115810338
4531250,4.53125,-105.076932562419
4531875,4.531875,-109.516103983005
4532500,4.5325,-119.057544836529
4533125,4.533125,-119.075236719755
4533750,4.53375,-109.532743953445
4534375,4.534375,-105.09980775625
4535000,4.535,-102.182267245801
4535625,4.535625,-100.005032442208
4536250,4.53625,-98.2682233531526
4536875,4.536875,-96.8239080169671
4537500,4.5375,-95.5881346573898
4538125,4.538125,-94.5086441663878
4538750,4.53875,-93.5506863383095
4539375,4.539375,-92.6899782751746
4540000,4.54,-91.9088815030025
4540625,4.540625,-91.1941792388206
4541250,4.54125,-90.5357118011889
4541875,4.541875,-89.9255009369574
4542500,4.5425,-89.3571668406054
4543125,4.543125,-88.8255277884299
4543750,4.54375,-88.3263177725126
4544375,4.544375,-87.855982713825
4545000,4.545,-87.411530391109
4545625,4.545625,-86.990417942477
4546250,4.54625,-86.5904661876604
4546875,4.546875,-86.2097934457633
4547500,4.5475,-85.8467637561197
4548125,4.548125,-85.4999458972235
4548750,4.54875,-85.1680806093852
4549375,4.549375,-84.850054126056
4550000,4.55,-84.5448766106054
4550625,4.550625,-84.2516644464941
4551250,4.55125,-83.9696255829544
4551875,4.551875,-83.6980473246311
4552500,4.5525,-83.4362860918297
4553125,4.553125,-83.1837587816611
4553750,4.55375,-82.9399354388156
4554375,4.554375,-82.7043330047515
4555000,4.555,-82.4765099603073
4555625,4.555625,-82.256061712779
4556250,4.55625,-82.0426166066725
4556875,4.556875,-81.8358324596164
4557500,4.5575,-81.6353935426158
4558125,4.558125,-81.4410079379553
4558750,4.55875,-81.2524052194885
4559375,4.559375,-81.0693344092245
4560000,4.56,-80.8915621716555
4560625,4.560625,-80.718871213402
4561250,4.56125,-80.5510588607847
4561875,4.561875,-80.3879357921158
4562500,4.5625,-80.2293249049548
4563125,4.563125,-80.0750603014546
4563750,4.56375,-79.9249863773359
4564375,4.564375,-79.7789570020549
4565000,4.565,-79.6368347794379
4565625,4.565625,-79.4984903794913
4566250,4.56625,-79.3638019333386
4566875,4.566875,-79.2326544842648
4567500,4.5675,-79.104939488752
4568125,4.568125,-78.9805543621515
4568750,4.56875,-78.8594020642952
4569375,4.569375,-78.7413907209121
4570000,4.57,-78.626433277221
4570625,4.570625,-78.5144471804744
4571250,4.57125,-78.4053540886112
4571875,4.571875,-78.2990796024968
4572500,4.5725,-78.1955530195046
4573125,4.573125,-78.0947071064383
4573750,4.57375,-77.9964778900179
4574375,4.574375,-77.9008044633324
4575000,4.575,-77.8076288068313
4575625,4.575625,-77.7168956225781
4576250,4.57625,-77.628552180614
4576875,4.576875,-77.5425481763982
4577500,4.5775,-77.4588355983892
4578125,4.578125,-77.37736860493
4578750,4.57875,-77.298103409673
4579375,4.579375,-77.2209981748569
4580000,4.58,-77.1460129118106
4580625,4.580625,-77.0731093881183
4581250,4.58125,-77.0022510409294
4581875,4.581875,-76.9334028959487
4582500,4.5825,-76.8665314916717
4583125,4.583125,-76.8016048084866
4583750,4.58375,-76.7385922022754
4584375,4.584375,-76.6774643422012
4585000,4.585,-76.6181931523756
4585625,4.585625,-76.5607517571343
4586250,4.58625,-76.505114429678
4586875,4.586875,-76.4512565438414
4587500,4.5875,-76.3991545287846
4588125,4.588125,-76.3487858264112
4588750,4.58875,-76.300128851334
4589375,4.589375,-76.2531629532305
4590000,4.59,-76.2078683814257
4590625,4.590625,-76.1642262515754
4591250,4.59125,-76.1222185143126
4591875,4.591875,-76.0818279257402
4592500,4.5925,-76.0430380196646
4593125,4.593125,-76.005833081462
4593750,4.59375,-75.9701981234897
4594375,4.594375,-75.9361188619504
4595000,4.595,-75.9035816951353
4595625,4.595625,-75.8725736829657
4596250,4.59625,-75.8430825277687
4596875,4.596875,-75.8150965562203
4597500,4.5975,-75.7886047024018
4598125,4.598125,-75.7635964919076
4598750,4.59875,-75.7400620269622
4599375,4.599375,-75.7179919724937
4600000,4.6,-75.6973775431243
4600625,4.600625,-75.6782104910354
4601250,4.60125,-75.660483094675
4601875,4.601875,-75.6441881482682
4602500,4.6025,-75.6293189521039
4603125,4.603125,-75.6158693035687
4603750,4.60375,-75.6038334888996
4604375,4.604375,-75.5932062756357
4605000,4.605,-75.5839829057446
4605625,4.605625,-75.5761590894038
4606250,4.60625,-75.5697309994224
4606875,4.606875,-75.5646952662862
4607500,4.6075,-75.5610489738094
4608125,4.608125,-75.5587896553871
4608750,4.60875,-75.5579152908328
4609375,4.609375,-75.5584243037958
4610000,4.61,-75.5603155597482
4610625,4.610625,-75.5635883645403
4611250,4.61125,-75.5682424635162
4611875,4.611875,-75.5742780411899
4612500,4.6125,-75.5816957214798
4613125,4.613125,-75.5904965685035
4613750,4.61375,-75.6006820879332
4614375,4.614375,-75.6122542289171
4615000,4.615,-75.6252153865708
4615625,4.615625,-75.6395684050461
4616250,4.61625,-75.655316581186
4616875,4.616875,-75.6724636687748
4617500,4.6175,-75.6910138833952
4618125,4.618125,-75.7109719079072
4618750,4.61875,-75.7323428985626
4619375,4.619375,-75.7551324917726
4620000,4.62,-75.7793468115476
4620625,4.620625,-75.8049924776305
4621250,4.62125,-75.8320766143475
4621875,4.621875,-75.8606068601995
4622500,4.6225,-75.8905913782243
4623125,4.623125,-75.9220388671625
4623750,4.62375,-75.9549585734515
4624375,4.624375,-75.9893603040953
4625000,4.625,-76.0252544404406
4625625,4.625625,-76.0626519529046
4626250,4.62625,-76.1015644167027
4626875,4.626875,-76.14200402862
4627500,4.6275,-76.1839836248877
4628125,4.628125,-76.2275167002166
4628750,4.62875,-76.272617428053
4629375,4.629375,-76.3193006821246
4630000,4.63,-76.3675820593503
4630625,4.630625,-76.4174779041914
4631250,4.63125,-76.4690053345318
4631875,4.631875,-76.5221822691789
4632500,4.6325,-76.5770274570836
4633125,4.633125,-76.6335605083931
4633750,4.63375,-76.6918019274453
4634375,4.634375,-76.7517731478407
4635000,4.635,-76.8134965697226
4635625,4.635625,-76.8769955994189
4636250,4.63625,-76.9422946916052
4636875,4.636875,-77.0094193941663
4637500,4.6375,-77.0783963959452
4638125,4.638125,-77.1492535775909
4638750,4.63875,-77.2220200657267
4639375,4.639375,-77.296726290689
4640000,4.64,-77.3734040481039
4640625,4.640625,-77.4520865645931
4641250,4.64125,-77.5328085679341
4641875,4.641875,-77.6156063620196
4642500,4.6425,-77.7005179070038
4643125,4.643125,-77.7875829050556
4643750,4.64375,-77.8768428921781
4644375,4.644375,-77.9683413366062
4645000,4.645,-78.0621237443327
4645625,4.645625,-78.1582377723883
4646250,4.64625,-78.2567333505423
4646875,4.646875,-78.3576628121823
4647500,4.6475,-78.4610810351951
4648125,4.648125,-78.5670455937656
4648750,4.64875,-78.6756169221186
4649375,4.649375,-78.7868584913268
4650000,4.65,-78.9008370004445
4650625,4.650625,-79.0176225833715
4651250,4.65125,-79.1372890330103
4651875,4.651875,-79.2599140444706
4652500,4.6525,-79.3855794792768
4653125,4.653125,-79.5143716527898
4653750,4.65375,-79.6463816473089
4654375,4.654375,-79.781705653656
4655000,4.655,-79.9204453443871
4655625,4.655625,-80.062708282201
4656250,4.65625,-80.2086083675915
4656875,4.656875,-80.3582663303457
4657500,4.6575,-80.5118102701283
4658125,4.658125,-80.6693762521396
4658750,4.65875,-80.8311089647191
4659375,4.659375,-80.997162446755
4660000,4.66,-81.1677008939935
4660625,4.660625,-81.3428995547177
4661250,4.66125,-81.5229457269419
4661875,4.661875,-81.7080398712409
4662500,4.6625,-81.898396855664
4663125,4.663125,-82.0942473520046
4663750,4.66375,-82.2958394060268
4664375,4.664375,-82.5034402083288
4665000,4.665,-82.717338097383
4665625,4.665625,-82.9378448322605
4666250,4.66625,-83.165298179811
4666875,4.666875,-83.4000648699688
4667500,4.6675,-83.64254398388
4668125,4.668125,-83.8931708532067
4668750,4.66875,-84.1524215660197
4669375,4.669375,-84.4208181961421
4670000,4.67,-84.6989348999644
4670625,4.670625,-84.987405059322
4671250,4.67125,-85.2869296934828
4671875,4.671875,-85.5982874207979
4672500,4.6725,-85.9223463257406
4673125,4.673125,-86.2600781860934
4673750,4.67375,-86.6125756469471
4674375,4.674375,-86.9810731057215
4675000,4.675,-87.3669723140439
4675625,4.675625,-87.7718740355935
4676250,4.67625,-88.1976175645852
4676875,4.676875,-88.6463305699812
4677500,4.6775,-89.1204926823859
4678125,4.678125,-89.6230176371402
4678750,4.67875,-90.157360876746
4679375,4.679375,-90.7276627109711
4680000,4.68,-91.3389421389692
4680625,4.680625,-91.9973644972466
4681250,4.68125,-92.7106194804487
4681875,4.681875,-93.4884691028972
4682500,4.6825,-94.3435664160241
4683125,4.683125,-95.2927233040045
4683750,4.68375,-96.35895978461
4684375,4.684375,-97.5749952632432
4685000,4.685,-98.9896017532928
4685625,4.685625,-100.680196938458
4686250,4.68625,-102.780872709857
4686875,4.686875,-105.556185289226
4687500,4.6875,-109.656236883817
4688125,4.688125,-117.676978894869
4688750,4.68875,-123.413679747011
4689375,4.689375,-111.519764441635
4690000,4.69,-106.684559726479
4690625,4.690625,-103.600197249014
4691250,4.69125,-101.331663458576
4691875,4.691875,-99.5372591820013
4692500,4.6925,-98.05329899322
4693125,4.693125,-96.7885722760771
4693750,4.69375,-95.687010095727
4694375,4.694375,-94.7116704016007
4695000,4.695,-93.8369199380249
4695625,4.695625,-93.0442428917428
4696250,4.69625,-92.319827715358
4696875,4.696875,-91.653097248682
4697500,4.6975,-91.035771569462
4698125,4.698125,-90.4612474589441
4698750,4.69875,-89.9241742055359
4699375,4.699375,-89.4201556166371
4700000,4.7,-88.9455356984772
4700625,4.700625,-88.4972413062106
4701250,4.70125,-88.07266450551
4701875,4.701875,-87.6695731946479
4702500,4.7025,-87.2860422123283
4703125,4.703125,-86.9203995429
4703750,4.70375,-86.5711838148981
4704375,4.704375,-86.2371103621789
4705000,4.705,-85.917043857512
4705625,4.705625,-85.6099760480723
4706250,4.70625,-85.3150074923767
4706875,4.706875,-85.0313324655611
4707500,4.7075,-84.7582263954824
4708125,4.708125,-84.495035336945
4708750,4.70875,-84.2411670997489
4709375,4.709375,-83.9960837282265
4710000,4.71,-83.75929509252
4710625,4.710625,-83.5303534000387
4711250,4.71125,-83.3088484729857
4711875,4.711875,-83.0944036671246
4712500,4.7125,-82.8866723300715
4713125,4.713125,-82.6853347157434
4713750,4.71375,-82.4900952862243
4714375,4.714375,-82.3006803441311
4715000,4.715,-82.1168359480578
4715625,4.715625,-81.9383260714466
4716250,4.71625,-81.7649309715618
4716875,4.716875,-81.5964457404443
4717500,4.7175,-81.4326790140258
4718125,4.718125,-81.2734518191386
4718750,4.71875,-81.1185965411233
4719375,4.719375,-80.9679559972202
4720000,4.72,-80.8213826030077
4720625,4.720625,-80.6787376209053
4721250,4.72125,-80.5398904812476
4721875,4.721875,-80.4047181676816
4722500,4.7225,-80.2731046597314
4723125,4.723125,-80.1449404262669
4723750,4.72375,-80.0201219644123
4724375,4.724375,-79.898551379104
4725000,4.725,-79.780135999073
4725625,4.725625,-79.6647880255511
4726250,4.72625,-79.5524242104125
4726875,4.726875,-79.4429655608585
4727500,4.7275,-79.3363370680633
4728125,4.728125,-79.2324674575061
4728750,4.72875,-79.1312889589446
4729375,4.729375,-79.0327370942221
4730000,4.73,-78.9367504812815
4730625,4.730625,-78.8432706529367
4731250,4.73125,-78.7522418891004
4731875,4.731875,-78.6636110612925
4732500,4.7325,-78.5773274883874
4733125,4.733125,-78.4933428026422
4733750,4.73375,-78.4116108251564
4734375,4.734375,-78.332087449987
4735000,4.735,-78.2547305362206
4735625,4.735625,-78.1794998073708
4736250,4.73625,-78.1063567575162
4736875,4.736875,-78.0352645636703
4737500,4.7375,-77.9661880038957
4738125,4.738125,-77.8990933807344
4738750,4.73875,-77.833948449559
4739375,4.739375,-77.770722351484
4740000,4.74,-77.7093855505055
4740625,4.740625,-77.6499097745709
4741250,4.74125,-77.5922679603003
4741875,4.741875,-77.5364342011059
4742500,4.7425,-77.4823836984793
4743125,4.743125,-77.43009271623
4743750,4.74375,-77.379538537484
4744375,4.744375,-77.330699424255
4745000,4.745,-77.2835545794288
4745625,4.745625,-77.2380841110036
4746250,4.74625,-77.1942689984456
4746875,4.746875,-77.1520910610328
4747500,4.7475,-77.1115329280603
4748125,4.748125,-77.0725780108044
4748750,4.74875,-77.0352104761346
4749375,4.749375,-76.9994152216846
4750000,4.75,-76.965177852492
4750625,4.750625,-76.9324846590247
4751250,4.75125,-76.9013225965215
4751875,4.751875,-76.8716792655749
4752500,4.7525,-76.8435428938922
4753125,4.753125,-76.8169023191769
4753750,4.75375,-76.7917469730737
4754375,4.754375,-76.7680668661255
4755000,4.755,-76.7458525736983
4755625,4.755625,-76.725095222827
4756250,4.75625,-76.7057864799433
4756875,4.756875,-76.6879185394502
4757500,4.7575,-76.6714841131059
4758125,4.758125,-76.6564764201885
4758750,4.75875,-76.6428891784103
4759375,4.759375,-76.630716595558
4760000,4.76,-76.619953361833
4760625,4.760625,-76.6105946428692
4761250,4.76125,-76.6026360734124
4761875,4.761875,-76.596073751638
4762500,4.7625,-76.5909042340962
4763125,4.763125,-76.5871245312673
4763750,4.76375,-76.5847321037173
4764375,4.764375,-76.5837248588412
4765000,4.765,-76.584101148186
4765625,4.765625,-76.5858597653467
4766250,4.76625,-76.5889999444284
4766875,4.766875,-76.5935213590711
4767500,4.7675,-76.5994241220342
4768125,4.768125,-76.6067087853406
4768750,4.76875,-76.6153763409782
4769375,4.769375,-76.6254282221643
4770000,4.77,-76.6368663051728
4770625,4.770625,-76.6496929117328
4771250,4.77125,-76.6639108120006
4771875,4.771875,-76.6795232281175
4772500,4.7725,-76.6965338383618
4773125,4.773125,-76.714946781904
4773750,4.77375,-76.7347666641822
4774375,4.774375,-76.7559985629103
4775000,4.775,-76.7786480347352
4775625,4.775625,-76.8027211225648
4776250,4.77625,-76.8282243635842
4776875,4.776875,-76.8551647979852
4777500,4.7775,-76.8835499784326
4778125,4.778125,-76.9133879802972
4778750,4.77875,-76.9446874126833
4779375,4.779375,-76.9774574302846
4780000,4.78,-77.0117077461033
4780625,4.780625,-77.0474486450732
4781250,4.78125,-77.0846909986253
4781875,4.781875,-77.1234462802442
4782500,4.7825,-77.1637265820628
4783125,4.783125,-77.2055446325483
4783750,4.78375,-77.2489138153393
4784375,4.784375,-77.2938481892911
4785000,4.785,-77.3403625098019
4785625,4.785625,-77.3884722514881
4786250,4.78625,-77.4381936322874
4786875,4.786875,-77.4895436390779
4787500,4.7875,-77.5425400548995
4788125,4.788125,-77.597201487878
4788750,4.78875,-77.6535474019633
4789375,4.789375,-77.7115981495895
4790000,4.79,-77.7713750063875
4790625,4.790625,-77.8329002080863
4791250,4.79125,-77.8961969897458
4791875,4.791875,-77.9612896274861
4792500,4.7925,-78.0282034828818
4793125,4.793125,-78.0969650502126
4793750,4.79375,-78.1676020067757
4794375,4.794375,-78.2401432664793
4795000,4.795,-78.3146190369639
4795625,4.795625,-78.3910608805134
4796250,4.79625,-78.4695017790473
4796875,4.796875,-78.549976203508
4797500,4.7975,-78.632520187987
4798125,4.798125,-78.7171714089743
4798750,4.79875,-78.8039692701342
4799375,4.799375,-78.892954993076
4800000,4.8,-78.9841717146038
4800625,4.800625,-79.0776645910071
4801250,4.80125,-79.1734809099907
4801875,4.801875,-79.2716702109098
4802500,4.8025,-79.372284414052
4803125,4.803125,-79.4753779597739
4803750,4.80375,-79.5810079584003
4804375,4.804375,-79.6892343518801
4805000,4.805,-79.8001200883148
4805625,4.805625,-79.9137313105906
4806250,4.80625,-80.0301375604936
4806875,4.806875,-80.1494119998438
4807500,4.8075,-80.2716316503658
4808125,4.808125,-80.3968776542211
4808750,4.80875,-80.5252355573599
4809375,4.809375,-80.6567956181238
4810000,4.81,-80.7916531438304
4810625,4.810625,-80.9299088584314
4811250,4.81125,-81.0716693047377
4811875,4.811875,-81.217047285169
4812500,4.8125,-81.3661623455334
4813125,4.813125,-81.5191413069637
4813750,4.81375,-81.6761188518672
4814375,4.814375,-81.8372381705912
4815000,4.815,-82.0026516765035
4815625,4.815625,-82.1725217983448
4816250,4.81625,-82.3470218600865
4816875,4.816875,-82.5263370601342
4817500,4.8175,-82.7106655636342
4818125,4.818125,-82.9002197239257
4818750,4.81875,-83.0952274518837
4819375,4.819375,-83.2959337551628
4820000,4.82,-83.502602473274
4820625,4.820625,-83.7155182391511
4821250,4.82125,-83.9349887036334
4821875,4.821875,-84.161347066298
4822500,4.8225,-84.3949549646975
4823125,4.823125,-84.6362057846634
4823750,4.82375,-84.8855284675286
4824375,4.824375,-85.1433919065328
4825000,4.825,-85.4103100453166
4825625,4.825625,-85.6868478174808
4826250,4.82625,-85.9736280993935
4826875,4.826875,-86.2713398909889
4827500,4.8275,-86.5807479943699
4828125,4.828125,-86.9027045318255
4828750,4.82875,-87.2381627393512
4829375,4.829375,-87.5881935974108
4830000,4.83,-87.9540060293745
4830625,4.830625,-88.3369716273805
4831250,4.83125,-88.7386551807414
4831875,4.831875,-89.1608527217482
4832500,4.8325,-89.6056394257659
4833125,4.833125,-90.0754305965652
4833750,4.83375,-90.5730602755201
4834375,4.834375,-91.1018839632597
4835000,4.835,-91.6659149125584
4835625,4.835625,-92.2700080849665
4836250,4.83625,-92.9201132878933
4836875,4.836875,-93.6236312697184
4837500,4.8375,-94.3899275090809
4838125,4.838125,-95.2310957136594
4838750,4.83875,-96.1631324976639
4839375,4.839375,-97.207821395941
4840000,4.84,-98.3959117252473
4840625,4.840625,-99.7728329434954
4841250,4.84125,-101.409840339248
4841875,4.841875,-103.428274583969
4842500,4.8425,-106.061329589984
4843125,4.843125,-109.855629850987
4843750,4.84375,-116.741882809003
4844375,4.844375,-130.356411111301
4845000,4.845,-113.720893869739
4845625,4.845625,-108.369452644861
4846250,4.84625,-105.086251835953
4846875,4.846875,-102.712363949755
4847500,4.8475,-100.852710179136
4848125,4.848125,-99.3243690200984
4848750,4.84875,-98.0275005361864
4849375,4.849375,-96.9015879962933
4850000,4.85,-95.907163882246
4850625,4.850625,-95.0170545150216
4851250,4.85125,-94.2117510999158
4851875,4.851875,-93.476773199145
4852500,4.8525,-92.8010766039912
4853125,4.853125,-92.1760453909829
4853750,4.85375,-91.5948284368048
4854375,4.854375,-91.0518881247009
4855000,4.855,-90.5426846811916
4855625,4.855625,-90.0634499899823
4856250,4.85625,-89.6110220735415
4856875,4.856875,-89.182721705775
4857500,4.8575,-88.7762589079764
4858125,4.858125,-88.3896610428972
4858750,4.85875,-88.021216783754
4859375,4.859375,-87.6694319297086
4860000,4.86,-87.3329941837868
4860625,4.860625,-87.0107447964933
4861250,4.86125,-86.7016555292508
4861875,4.861875,-86.4048097832284
4862500,4.8625,-86.1193870212257
4863125,4.863125,-85.8446498162347
4863750,4.86375,-85.5799330125266
4864375,4.864375,-85.3246345988017
4865000,4.865,-85.0782079788197
4865625,4.865625,-84.8401553903567
4866250,4.86625,-84.6100222736722
4866875,4.866875,-84.3873924297043
4867500,4.8675,-84.1718838387232
4868125,4.868125,-83.9631450342159
4868750,4.86875,-83.7608519458179
4869375,4.869375,-83.564705140333
4870000,4.87,-83.3744274020929
4870625,4.870625,-83.1897616037834
4871250,4.87125,-83.0104688268855
4871875,4.871875,-82.8363266974255
4872500,4.8725,-82.6671279081167
4873125,4.873125,-82.5026789023916
4873750,4.87375,-82.342798699516
4874375,4.874375,-82.1873178430244
4875000,4.875,-82.0360774572728
4875625,4.875625,-81.8889283990477
4876250,4.87625,-81.7457304929775
4876875,4.876875,-81.6063518410138
4877500,4.8775,-81.4706681975468
4878125,4.878125,-81.3385624028197
4878750,4.87875,-81.2099238682433
4879375,4.879375,-81.0846481080199
4880000,4.88,-80.9626363121747
4880625,4.880625,-80.8437949566916
4881250,4.88125,-80.7280354469566
4881875,4.881875,-80.6152737911655
4882500,4.8825,-80.5054303007328
4883125,4.883125,-80.3984293150795
4883750,4.88375,-80.2941989484668
4884375,4.884375,-80.1926708568019
4885000,4.885,-80.093780022564
4885625,4.885625,-79.9974645562014
4886250,4.88625,-79.9036655125166
4886875,4.886875,-79.812326720716
4887500,4.8875,-79.7233946269333
4888125,4.888125,-79.6368181481538
4888750,4.88875,-79.5525485365775
4889375,4.889375,-79.4705392535499
4890000,4.89,-79.3907458522728
4890625,4.890625,-79.3131258685848
4891250,4.89125,-79.2376387191673
4891875,4.891875,-79.1642456065904
4892500,4.8925,-79.0929094306668
4893125,4.893125,-79.0235947056333
4893750,4.89375,-78.956267482715
4894375,4.894375,-78.8908952776761
4895000,4.895,-78.8274470029874
4895625,4.895625,-78.7658929042782
4896250,4.89625,-78.7062045007636
4896875,4.896875,-78.6483545293714
4897500,4.8975,-78.5923168923063
4898125,4.898125,-78.5380666078198
4898750,4.89875,-78.4855797639676
4899375,4.899375,-78.4348334751556
4900000,4.9,-78.3858058412914
4900625,4.900625,-78.3384759093732
4901250,4.90125,-78.2928236373614
4901875,4.901875,-78.2488298601877
4902500,4.9025,-78.2064762577721
4903125,4.903125,-78.1657453249247
4903750,4.90375,-78.1266203430198
4904375,4.904375,-78.0890853533378
4905000,4.905,-78.0531251319806
4905625,4.905625,-78.0187251662694
4906250,4.90625,-77.9858716325434
4906875,4.906875,-77.9545513752837
4907500,4.9075,-77.9247518874917
4908125,4.908125,-77.8964612922564
4908750,4.90875,-77.8696683254505
4909375,4.909375,-77.8443623194999
4910000,4.91,-77.820533188174
4910625,4.910625,-77.7981714123498
4911250,4.91125,-77.7772680267058
4911875,4.911875,-77.757814607304
4912500,4.9125,-77.7398032600232
4913125,4.913125,-77.723226609809
4913750,4.91375,-77.7080777907088
4914375,4.914375,-77.6943504366611
4915000,4.915,-77.6820386730153
4915625,4.915625,-77.671137108754
4916250,4.91625,-77.6616408293994
4916875,4.916875,-77.6535453905805
4917500,4.9175,-77.6468468122443
4918125,4.918125,-77.6415415734959
4918750,4.91875,-77.6376266080516
4919375,4.919375,-77.6350993002926
4920000,4.92,-77.6339574819098
4920625,4.920625,-77.6341994291287
4921250,4.92125,-77.6358238605091
4921875,4.921875,-77.6388299353098
4922500,4.9225,-77.6432172524196
4923125,4.923125,-77.6489858498455
4923750,4.92375,-77.656136204762
4924375,4.924375,-77.6646692341171
4925000,4.925,-77.6745862958006
4925625,4.925625,-77.6858891903755
4926250,4.92625,-77.6985801633775
4926875,4.926875,-77.7126619081891
4927500,4.9275,-77.7281375694969
4928125,4.928125,-77.7450107473406
4928750,4.92875,-77.7632855017641
4929375,4.929375,-77.7829663580841
4930000,4.93,-77.8040583127876
4930625,4.930625,-77.8265668400783
4931250,4.93125,-77.8504978990866
4931875,4.931875,-77.8758579417666
4932500,4.9325,-77.9026539215015
4933125,4.933125,-77.9308933024412
4933750,4.93375,-77.9605840696019
4934375,4.934375,-77.9917347397539
4935000,4.935,-78.0243543731338
4935625,4.935625,-78.0584525860116
4936250,4.93625,-78.0940395641553
4936875,4.936875,-78.1311260772317
4937500,4.9375,-78.1697234941881
4938125,4.938125,-78.2098437996653
4938750,4.93875,-78.2514996114912
4939375,4.939375,-78.2947041993153
4940000,4.94,-78.3394715044414
4940625,4.940625,-78.3858161609279
4941250,4.94125,-78.4337535180245
4941875,4.941875,-78.4832996640252
4942500,4.9425,-78.5344714516173
4943125,4.943125,-78.5872865248211
4943750,4.94375,-78.6417633476132
4944375,4.944375,-78.6979212343426
4945000,4.945,-78.7557803820512
4945625,4.945625,-78.8153619048234
4946250,4.94625,-78.876687870299
4946875,4.946875,-78.9397813384933
4947500,4.9475,-79.0046664030826
4948125,4.948125,-79.0713682353263
4948750,4.94875,-79.1399131308114
4949375,4.949375,-79.2103285592194
4950000,4.95,-79.2826432173376
4950625,4.950625,-79.356887085553
4951250,4.95125,-79.4330914880903
4951875,4.951875,-79.5112891572769
4952500,4.9525,-79.5915143021475
4953125,4.953125,-79.6738026817281
4953750,4.95375,-79.7581916833699
4954375,4.954375,-79.8447204065428
4955000,4.955,-79.9334297525342
4955625,4.955625,-80.0243625205445
4956250,4.95625,-80.1175635107197
4956875,4.956875,-80.2130796347173
4957500,4.9575,-80.3109600344567
4958125,4.958125,-80.4112562097835
4958750,4.95875,-80.5140221558433
4959375,4.959375,-80.6193145110546
4960000,4.96,-80.7271927166582
4960625,4.960625,-80.8377191889396
4961250,4.96125,-80.9509595053312
4961875,4.961875,-81.0669826057503
4962500,4.9625,-81.1858610106774
4963125,4.963125,-81.3076710576603
4963750,4.96375,-81.4324931581325
4964375,4.964375,-81.5604120766598
4965000,4.965,-81.6915172349971
4965625,4.965625,-81.825903043632
4966250,4.96625,-81.9636692638413
4966875,4.966875,-82.104921403678
4967500,4.9675,-82.2497711517647
4968125,4.968125,-82.3983368532979
4968750,4.96875,-82.5507440332721
4969375,4.969375,-82.7071259726516
4970000,4.97,-82.8676243440327
4970625,4.970625,-83.0323899143158
4971250,4.97125,-83.2015833230266
4971875,4.971875,-83.3753759462691
4972500,4.9725,-83.5539508578516
4973125,4.973125,-83.7375039009903
4973750,4.97375,-83.9262448862077
4974375,4.974375,-84.1203989336668
4975000,4.975,-84.3202079813524
4975625,4.975625,-84.5259324842868
4976250,4.97625,-84.7378533345713
4976875,4.976875,-84.9562740375859
4977500,4.9775,-85.181523186477
4978125,4.978125,-85.4139572853652
4978750,4.97875,-85.6539639819422
4979375,4.979375,-85.9019657828148
4980000,4.98,-86.1584243407622
4980625,4.980625,-86.4238454228975
4981250,4.98125,-86.6987846937516
4981875,4.981875,-86.9838544791339
4982500,4.9825,-87.279731717371
4983125,4.983125,-87.5871673571736
4983750,4.98375,-87.9069975299097
4984375,4.984375,-88.2401569141237
4985000,4.985,-88.5876948296449
4985625,4.985625,-88.9507947588554
4986250,4.98625,-89.330798209957
4986875,4.986875,-89.7292341353084
4987500,4.9875,-90.1478555326831
4988125,4.988125,-90.5886854425398
4988750,4.98875,-91.0540753931681
4989375,4.989375,-91.5467805685574
4990000,4.99,-92.0700577911196
4990625,4.990625,-92.6277951690089
4991250,4.99125,-93.2246865411719
4991875,4.991875,-93.8664706831796
4992500,4.9925,-94.5602664542939
4993125,4.993125,-95.3150541207659
4993750,4.99375,-96.1423867366831
4994375,4.994375,-97.0574776158386
4995000,4.995,-98.0809310087523
4995625,4.995625,-99.2416345187588
4996250,4.99625,-100.581896288323
4996875,4.996875,-102.167308402222
4997500,4.9975,-104.107756910246
4998125,4.998125,-106.609240813501
4998750,4.99875,-110.134235986565
4999375,4.999375,-116.158466639606
5000000,5,-366.189079067123
