freq_hz,magnitude_db
0,-9.64327466553287e-16
83.3333333333333,-5.28031774465266e-06
166.666666666667,-2.111575091512e-05
250,-4.74897454690691e-05
333.333333333333,-8.43747321465002e-05
416.666666666667,-0.000131732158173214
500,-0.000189512530678374
583.333333333333,-0.000257655473304785
666.666666666667,-0.000336089794782596
750,-0.000424733569860962
833.333333333333,-0.000523494232859999
916.666666666667,-0.000632268682530398
1000,-0.000750943399956287
1083.33333333333,-0.00087939457730975
1166.66666666667,-0.0010174882591401
1250,-0.00116508049474352
1333.33333333333,-0.00132201750234378
1416.66666666667,-0.0014881358441573
1500,-0.00166326261260777
1583.33333333333,-0.0018472156276509
1666.66666666667,-0.00203980364421677
1750,-0.0022408265705222
1833.33333333333,-0.00245007569628049
1916.66666666667,-0.00266733393091437
2000,-0.00289237605128812
2083.33333333333,-0.00312496895897633
2166.66666666667,-0.00336487194652936
2250,-0.00361183697245344
2333.33333333333,-0.00386560894485233
2416.66666666667,-0.0041259260131802
2500,-0.00439251986753745
2583.33333333333,-0.00466511604604385
2666.66666666667,-0.00494343424881344
2750,-0.00522718865924547
2833.33333333333,-0.00551608827139712
2916.66666666667,-0.00580983722351954
3000,-0.0061081351377011
3083.33333333333,-0.00641067746396627
3166.66666666667,-0.00671715583043357
3250,-0.00702725839724868
3333.33333333333,-0.00734067021483052
3416.66666666667,-0.00765707358604968
3500,-0.00797614843157777
3583.33333333333,-0.00829757265831492
3666.66666666667,-0.00862102253001375
3750,-0.0089461730406027
3833.33333333333,-0.00927269828825004
3916.66666666667,-0.00960027185160334
4000,-0.00992856716618753
4083.33333333333,-0.0102572579014412
4166.66666666667,-0.0105860183376897
4250,-0.0109145237425013
4333.33333333333,-0.0112424507462317
4416.66666666667,-0.0115694777160292
4500,-0.011895285128301
4583.33333333333,-0.0122195559388679
4666.66666666667,-0.0125419759500558
4750,-0.0128622341755827
4833.33333333333,-0.0131800232009405
4916.66666666667,-0.0134950395404821
5000,-0.0138069839899372
5083.33333333333,-0.0141155619744322
5166.66666666667,-0.0144204838907459
5250,-0.0147214654446762
5333.33333333333,-0.015018227981886
5416.66666666667,-0.0153104988128095
5500,-0.0155980115306473
5583.33333333333,-0.015880506322023
5666.66666666667,-0.0161577302705672
5750,-0.0164294376523744
5833.33333333333,-0.0166953902233149
5916.66666666667,-0.0169553574976604
6000,-0.0172091170185365
6083.33333333333,-0.0174564546178695
6166.66666666667,-0.0176971646682726
6250,-0.017931050324092
6333.33333333333,-0.0181579237527001
6416.66666666667,-0.01837760635565
6500,-0.0185899289787595
6583.33333333333,-0.0187947321115057
6666.66666666667,-0.0189918660754065
6750,-0.0191811912008837
6833.33333333333,-0.0193625779923147
6916.66666666667,-0.0195359072820272
7000,-0.019701070371478
7083.33333333333,-0.0198579691607527
7166.66666666667,-0.0200065162658972
7250,-0.0201466351232876
7333.33333333333,-0.0202782600821634
7416.66666666667,-0.0204013364836299
7500,-0.0205158207275163
7583.33333333333,-0.0206216803263436
7666.66666666667,-0.0207188939457745
7750,-0.0208074514329276
7833.33333333333,-0.0208873538308992
7916.66666666667,-0.0209586133806713
8000,-0.0210212535101091
8083.33333333333,-0.0210753088092187
8166.66666666667,-0.0211208249933153
8250,-0.0211578588525201
8333.33333333333,-0.0211864781886966
8416.66666666667,-0.0212067617392071
8500,-0.0212187990885756
8583.33333333333,-0.0212226905667781
8666.66666666667,-0.0212185471351888
8750,-0.0212064902606332
8833.33333333333,-0.021186651776384
8916.66666666667,-0.021159173731815
9000,-0.0211242082295999
9083.33333333333,-0.0210819172514104
9166.66666666667,-0.0210324724723239
9250,-0.0209760550634221
9333.33333333333,-0.0209128554837808
9416.66666666667,-0.020843073261429
9500,-0.0207669167639649
9583.33333333333,-0.0206846029584072
9666.66666666667,-0.0205963571616941
9750,-0.0205024127808113
9833.33333333333,-0.0204030110441474
9916.66666666667,-0.0202984007232115
10000,-0.020188837846126
10083.3333333333,-0.0200745854020277
10166.6666666667,-0.0199559130380328
10250,-0.0198330967481717
10333.3333333333,-0.0197064185549795
10416.6666666667,-0.0195761661840126
10500,-0.0194426327321334
10583.3333333333,-0.0193061163292583
10666.6666666667,-0.0191669197941589
10750,-0.0190253502851244
10833.3333333333,-0.0188817189459257
10916.6666666667,-0.0187363405461065
11000,-0.0185895331181987
11083.3333333333,-0.0184416175908337
11166.6666666667,-0.0182929174180423
11250,-0.0181437582064242
11333.3333333333,-0.017994467339185
11416.6666666667,-0.017845373598775
11500,-0.017696806786976
11583.3333333333,-0.0175490973450647
11666.6666666667,-0.0174025759720585
11750,-0.0172575732435148
11833.3333333333,-0.0171144192300258
11916.6666666667,-0.0169734431165173
12000,-0.0168349728224861
12083.3333333333,-0.0166993346235323
12166.6666666667,-0.0165668527751282
12250,-0.0164378491385377
12333.3333333333,-0.0163126428092056
12416.6666666667,-0.0161915497488195
12500,-0.0160748824207179
12583.3333333333,-0.0159629494290644
12666.6666666667,-0.0158560551627487
12750,-0.0157544994440827
12833.3333333333,-0.015658577182544
12916.6666666667,-0.015568578034102
13000,-0.0154847860668317
13083.3333333333,-0.0154074794325011
13166.6666666667,-0.0153369300450949
13250,-0.0152734032666199
13333.3333333333,-0.0152171575996341
13416.6666666667,-0.0151684443887902
13500,-0.0151275075291331
13583.3333333333,-0.0150945831839877
13666.6666666667,-0.0150698995109099
13750,-0.0150536763970385
13833.3333333333,-0.0150461252037893
13916.6666666667,-0.015047448521189
14000,-0.0150578399320403
14083.3333333333,-0.0150774837865139
14166.6666666667,-0.0151065549869946
14250,-0.0151452187837616
14333.3333333333,-0.0151936305817072
14416.6666666667,-0.0152519357577972
14500,-0.0153202694902753
14583.3333333333,-0.0153987565992759
14666.6666666667,-0.0154875113994101
14750,-0.0155866375635229
14833.3333333333,-0.0156962279994953
14916.6666666667,-0.0158163647385472
15000,-0.0159471188358901
15083.3333333333,-0.0160885502843459
15166.6666666667,-0.0162407079399171
15250,-0.0164036294601385
15333.3333333333,-0.0165773412555543
15416.6666666667,-0.0167618584530875
15500,-0.0169571848731992
15583.3333333333,-0.0171633130191987
15666.6666666667,-0.0173802240795644
15750,-0.0176078879433464
15833.3333333333,-0.0178462632282132
15916.6666666667,-0.0180952973212759
16000,-0.0183549264329332
16083.3333333333,-0.018625075663202
16166.6666666667,-0.0189056590810169
16250,-0.0191965798157303
16333.3333333333,-0.0194977301615438
16416.6666666667,-0.019808991693853
16500,-0.0201302353985923
16583.3333333333,-0.0204613218126284
16666.6666666667,-0.0208021011774255
16750,-0.0211524136033682
16833.3333333333,-0.021512089246608
16916.6666666667,-0.0218809484970036
17000,-0.0222588021771503
17083.3333333333,-0.0226454517529525
17166.6666666667,-0.0230406895546248
17250,-0.0234442990084422
17333.3333333333,-0.0238560548789534
17416.6666666667,-0.0242757235208967
17500,-0.0247030631415715
17583.3333333333,-0.0251378240719624
17666.6666666667,-0.0255797490477779
17750,-0.026028573499045
17833.3333333333,-0.0264840258483207
17916.6666666667,-0.0269458278174629
18000,-0.027413694742039
18083.3333333333,-0.0278873358935543
18166.6666666667,-0.0283664548087388
18250,-0.0288507496259287
18333.3333333333,-0.0293399134278347
18416.6666666667,-0.0298336345905022
18500,-0.0303315971379259
18583.3333333333,-0.0308334811020871
18666.6666666667,-0.0313389628880706
18750,-0.0318477156433097
18833.3333333333,-0.0323594096315226
18916.6666666667,-0.0328737126099696
19000,-0.0333902902097684
19083.3333333333,-0.0339088063200021
19166.6666666667,-0.034428923472891
19250,-0.0349503032322866
19333.3333333333,-0.0354726065825755
19416.6666666667,-0.0359954943195535
19500,-0.036518627441175
19583.3333333333,-0.0370416675392804
19666.6666666667,-0.0375642771903441
19750,-0.0380861203459895
19833.3333333333,-0.0386068627221876
19916.6666666667,-0.0391261721866902
20000,-0.0396437191448937
20083.3333333333,-0.0401591769225792
20166.6666666667,-0.0406722221461717
20250,-0.0411825351192003
20333.3333333333,-0.0416898001955376
20416.6666666667,-0.0421937061476331
20500,-0.0426939465303817
20583.3333333333,-0.0431902200402583
20666.6666666667,-0.0436822308679234
20750,-0.0441696890458552
20833.3333333333,-0.0446523107889284
20916.6666666667,-0.0451298188283803
21000,-0.0456019427388294
21083.3333333333,-0.0460684192573925
21166.6666666667,-0.0465289925947514
21250,-0.0469834147382862
21333.3333333333,-0.0474314457463447
21416.6666666667,-0.0478728540329005
21500,-0.048307416643902
21583.3333333333,-0.0487349195227809
21666.6666666667,-0.0491551577666087
21750,-0.0495679358715478
21833.3333333333,-0.049973067967634
21916.6666666667,-0.0503703780429062
22000,-0.0507597001557009
22083.3333333333,-0.0511408786360827
22166.6666666667,-0.0515137682751048
22250,-0.0518782345022371
22333.3333333333,-0.0522341535504317
22416.6666666667,-0.0525814126091194
22500,-0.052919909964129
22583.3333333333,-0.0532495551250842
22666.6666666667,-0.0535702689399861
22750,-0.0538819836964105
22833.3333333333,-0.054184643209415
22916.6666666667,-0.0544782028966338
23000,-0.0547626298393736
23083.3333333333,-0.0550379028302097
23166.6666666667,-0.0553040124074637
23250,-0.0555609608754954
23333.3333333333,-0.0558087623117455
23416.6666666667,-0.0560474425595115
23500,-0.0562770392078177
23583.3333333333,-0.0564976015567259
23666.6666666667,-0.0567091905696034
23750,-0.0569118788118047
23833.3333333333,-0.0571057503751269
23916.6666666667,-0.0572909007896092
24000,-0.0574674369214416
24083.3333333333,-0.0576354768578778
24166.6666666667,-0.0577951497787144
24250,-0.0579465958153564
24333.3333333333,-0.0580899658963795
24416.6666666667,-0.0582254215806349
24500,-0.0583531348784321
24583.3333333333,-0.0584732880597304
24666.6666666667,-0.0585860734505933
24750,-0.0586916932177962
24833.3333333333,-0.0587903591421764
24916.6666666667,-0.05888229238017
25000,-0.058967723214683
25083.3333333333,-0.0590468907951176
25166.6666666667,-0.0591200428668996
25250,-0.0591874354911345
25333.3333333333,-0.0592493327542564
25416.6666666667,-0.0593060064681184
25500,-0.0593577358614687
25583.3333333333,-0.0594048072618167
25666.6666666667,-0.0594475137698968
25750,-0.0594861549255654
25833.3333333333,-0.0595210363658839
25916.6666666667,-0.0595524694766703
26000,-0.0595807710365452
26083.3333333333,-0.059606262854987
26166.6666666667,-0.0596292714043374
26250,-0.0596501274459484
26333.3333333333,-0.0596691656516147
26416.6666666667,-0.0596867242201724
26500,-0.0597031444895379
26583.3333333333,-0.0597187705454734
26666.6666666667,-0.0597339488266582
26750,-0.0597490277267991
26833.3333333333,-0.0597643571945477
26916.6666666667,-0.0597802883313868
27000,-0.0597971729877408
27083.3333333333,-0.0598153633584953
27166.6666666667,-0.0598352115772208
27250,-0.0598570693112595
27333.3333333333,-0.0598812873561187
27416.6666666667,-0.0599082152312662
27500,-0.059938200777288
27583.3333333333,-0.0599715897540483
27666.6666666667,-0.0600087254419982
27750,-0.0600499482453874
27833.3333333333,-0.060095595298756
27916.6666666667,-0.0601460000771011
28000,-0.0602014920100275
28083.3333333333,-0.0602623960998189
28166.6666666667,-0.0603290325453371
28250,-0.0604017163700914
28333.3333333333,-0.0604807570567353
28416.6666666667,-0.0605664581874069
28500,-0.0606591170908891
28583.3333333333,-0.0607590244958362
28666.6666666667,-0.0608664641927017
28750,-0.0609817127019222
28833.3333333333,-0.0611050389512471
28916.6666666667,-0.0612367039607617
29000,-0.0613769605372786
29083.3333333333,-0.0615260529775765
29166.6666666667,-0.0616842167810009
29250,-0.0618516783721745
29333.3333333333,-0.0620286548336046
29416.6666666667,-0.0622153536489398
29500,-0.0624119724564298
29583.3333333333,-0.0626186988141507
29666.6666666667,-0.0628357099757634
29750,-0.063063172678413
29833.3333333333,-0.0633012429417903
29916.6666666667,-0.0635500658796653
30000,-0.0638097755234212
30083.3333333333,-0.0640804946581411
30166.6666666667,-0.0643623346711514
30250,-0.0646553954132668
30333.3333333333,-0.0649597650735087
30416.6666666667,-0.0652755200662191
30500,-0.0656027249320145
30583.3333333333,-0.0659414322518139
30666.6666666667,-0.0662916825741641
30750,-0.0666535043565977
30833.3333333333,-0.0670269139203612
30916.6666666667,-0.067411915418758
31000,-0.0678085008193418
31083.3333333333,-0.0682166499001241
31166.6666666667,-0.0686363302591649
31250,-0.0690674973382931
31333.3333333333,-0.0695100944605983
31416.6666666667,-0.0699640528814562
31500,-0.0704292918537296
31583.3333333333,-0.0709057187061755
31666.6666666667,-0.0713932289358
31750,-0.071891706313519
31833.3333333333,-0.0724010230034912
31916.6666666667,-0.07292103969557
32000,-0.0734516057510335
32083.3333333333,-0.0739925593611066
32166.6666666667,-0.0745437277188256
32250,-0.0751049272033048
32333.3333333333,-0.0756759635765203
32416.6666666667,-0.0762566321922902
32500,-0.0768467182181368
32583.3333333333,-0.0774459968675553
32666.6666666667,-0.0780542336456703
32750,-0.0786711846048282
32833.3333333333,-0.0792965966120276
32916.6666666667,-0.0799302076270429
33000,-0.0805717469911507
33083.3333333333,-0.0812209357258549
33166.6666666667,-0.0818774868417505
33250,-0.0825411056569106
33333.3333333333,-0.0832114901244414
33416.6666666667,-0.0838883311690503
33500,-0.0845713130320006
33583.3333333333,-0.0852601136244423
33666.6666666667,-0.0859544048881427
33750,-0.0866538531640556
33833.3333333333,-0.0873581195674364
33916.6666666667,-0.0880668603697665
34000,-0.0887797273868083
34083.3333333333,-0.0894963683722774
34166.6666666667,-0.0902164274167524
34250,-0.0909395453516345
34333.3333333333,-0.09166536015735
34416.6666666667,-0.0923935073753433
34500,-0.0931236205237494
34583.3333333333,-0.0938553315160609
34666.6666666667,-0.0945882710821487
34750,-0.095322069191371
34833.3333333333,-0.0960563554775279
34916.6666666667,-0.0967907596643992
35000,-0.09752491199227
35083.3333333333,-0.098258443644583
35166.6666666667,-0.0989909871738644
35250,-0.099722176927012
35333.3333333333,-0.100451649469299
35416.6666666667,-0.101179044006415
35500,-0.101904002804037
35583.3333333333,-0.102626171604705
35666.6666666667,-0.103345200041449
35750,-0.10406074204752
35833.3333333333,-0.104772456261698
35916.6666666667,-0.105480006429072
36000,-0.106183061796247
36083.3333333333,-0.10688129750137
36166.6666666667,-0.10757439495744
36250,-0.108262042229104
36333.3333333333,-0.108943934402795
36416.6666666667,-0.109619773948584
36500,-0.110289271074802
36583.3333333333,-0.110952144073713
36666.6666666667,-0.111608119658817
36750,-0.112256933292399
36833.3333333333,-0.112898329504002
36916.6666666667,-0.113532062198572
37000,-0.114157894954256
37083.3333333333,-0.114775601309212
37166.6666666667,-0.115384965038065
37250,-0.115985780415756
37333.3333333333,-0.116577852470597
37416.6666666667,-0.117160997224627
37500,-0.11773504192205
37583.3333333333,-0.118299825244075
37666.6666666667,-0.118855197512044
37750,-0.11940102087627
37833.3333333333,-0.119937169491767
37916.6666666667,-0.120463529680509
38000,-0.120980000079346
38083.3333333333,-0.121486491774142
38166.6666666667,-0.121982928419447
38250,-0.122469246343534
38333.3333333333,-0.122945394639622
38416.6666666667,-0.123411335241072
38500,-0.123867042983189
38583.3333333333,-0.124312505648802
38666.6666666667,-0.124747723999903
38750,-0.125172711793351
38833.3333333333,-0.125587495782179
38916.6666666667,-0.125992115701405
39000,-0.126386624238757
39083.3333333333,-0.126771086990276
39166.6666666667,-0.127145582401184
39250,-0.127510201691309
39333.3333333333,-0.127865048765555
39416.6666666667,-0.128210240110225
39500,-0.128545904673493
39583.3333333333,-0.12887218373217
39666.6666666667,-0.129189230743534
39750,-0.129497211183173
39833.3333333333,-0.129796302368199
39916.6666666667,-0.130086693266895
40000,-0.1303685842946
40083.3333333333,-0.130642187095953
40166.6666666667,-0.130907724313913
40250,-0.131165429345936
40333.3333333333,-0.13141554608704
40416.6666666667,-0.131658328660871
40500,-0.131894041138382
40583.3333333333,-0.132122957244797
40666.6666666667,-0.132345360054962
40750,-0.132561541677776
40833.3333333333,-0.13277180292966
40916.6666666667,-0.13297645299783
41000,-0.13317580909317
41083.3333333333,-0.133370196094291
41166.6666666667,-0.133559946181146
41250,-0.133745398461271
41333.3333333333,-0.133926898586432
41416.6666666667,-0.134104798362437
41500,-0.134279455350339
41583.3333333333,-0.134451232461863
41666.6666666667,-0.134620497547271
41750,-0.134787622977484
41833.3333333333,-0.134952985221243
41916.6666666667,-0.135116964415966
42000,-0.135279943935026
42083.3333333333,-0.135442309950384
42166.6666666667,-0.13560445099181
42250,-0.135766757502832
42333.3333333333,-0.135929621394348
42416.6666666667,-0.136093435595811
42500,-0.136258593605144
42583.3333333333,-0.136425489037227
42666.6666666667,-0.136594515172411
42750,-0.136766064504417
42833.3333333333,-0.136940528288836
42916.6666666667,-0.137118296093129
43000,-0.137299755347409
43083.3333333333,-0.137485290897794
43166.6666666667,-0.137675284561943
43250,-0.137870114687827
43333.3333333333,-0.138070155716235
43416.6666666667,-0.138275777746561
43500,-0.138487346108176
43583.3333333333,-0.138705220935954
43666.6666666667,-0.13892975675162
43750,-0.139161302051392
43833.3333333333,-0.139400198899309
43916.6666666667,-0.139646782528382
44000,-0.139901380948209
44083.3333333333,-0.140164314561182
44166.6666666667,-0.1404358957863
44250,-0.140716428692287
44333.3333333333,-0.14100620863899
44416.6666666667,-0.141305521929261
44500,-0.141614645469708
44583.3333333333,-0.141933846442692
44666.6666666667,-0.142263381988183
44750,-0.142603498897232
44833.3333333333,-0.142954433316405
44916.6666666667,-0.143316410464123
45000,-0.143689644359083
45083.3333333333,-0.144074337561005
45166.6666666667,-0.144470680923941
45250,-0.144878853362507
45333.3333333333,-0.145299021631631
45416.6666666667,-0.145731340119473
45500,-0.146175950654032
45583.3333333333,-0.146632982324177
45666.6666666667,-0.147102551314178
45750,-0.147584760753089
45833.3333333333,-0.148079700578615
45916.6666666667,-0.148587447415401
46000,-0.149108064468911
46083.3333333333,-0.149641601433157
46166.6666666667,-0.150188094414861
46250,-0.150747565872022
46333.3333333333,-0.15132002456793
46416.6666666667,-0.151905465541148
46500,-0.152503870089945
46583.3333333333,-0.153115205773335
46666.6666666667,-0.153739426426826
46750,-0.154376472194229
46833.3333333333,-0.155026269574744
46916.6666666667,-0.155688731485337
47000,-0.156363757339164
47083.3333333333,-0.157051233139098
47166.6666666667,-0.157751031586275
47250,-0.158463012204223
47333.3333333333,-0.15918702147828
47416.6666666667,-0.159922893009449
47500,-0.160670447683616
47583.3333333333,-0.161429493855275
47666.6666666667,-0.162199827545692
47750,-0.16298123265546
47833.3333333333,-0.163773481191368
47916.6666666667,-0.164576333506726
48000,-0.165389538555755
48083.3333333333,-0.166212834161219
48166.6666666667,-0.167045947295151
48250,-0.167888594372546
48333.3333333333,-0.168740481557313
48416.6666666667,-0.169601305081098
48500,-0.170470751573084
48583.3333333333,-0.171348498402041
48666.6666666667,-0.172234214029444
48750,-0.173127558373231
48833.3333333333,-0.1740281831821
48916.6666666667,-0.174935732419925
49000,-0.175849842659841
49083.3333333333,-0.176770143487201
49166.6666666667,-0.177696257911642
49250,-0.178627802787491
49333.3333333333,-0.17956438924208
49416.6666666667,-0.180505623110811
49500,-0.181451105380436
49583.3333333333,-0.182400432637387
49666.6666666667,-0.183353197523148
49750,-0.184308989194373
49833.3333333333,-0.185267393788485
49916.6666666667,-0.186227994893225
50000,-0.187190374020263
50083.3333333333,-0.188154111082294
50166.6666666667,-0.189118784873011
50250,-0.190083973548899
50333.3333333333,-0.19104925511325
50416.6666666667,-0.192014207901216
50500,-0.192978411065289
50583.3333333333,-0.193941445061007
50666.6666666667,-0.194902892132435
50750,-0.195862336795993
50833.3333333333,-0.196819366323026
50916.6666666667,-0.19777357122023
51000,-0.198724545707171
51083.3333333333,-0.199671888190631
51166.6666666667,-0.200615201734824
51250,-0.201554094527688
51333.3333333333,-0.20248818034141
51416.6666666667,-0.203417078988505
51500,-0.204340416770512
51583.3333333333,-0.205257826921348
51666.6666666667,-0.206168950042442
51750,-0.207073434531072
51833.3333333333,-0.207970936999816
51916.6666666667,-0.208861122687671
52000,-0.209743665861814
52083.3333333333,-0.210618250209842
52166.6666666667,-0.211484569221338
52250,-0.212342326559406
52333.3333333333,-0.213191236420678
52416.6666666667,-0.214031023883766
52500,-0.214861425245784
52583.3333333333,-0.215682188346376
52666.6666666667,-0.216493072879016
52750,-0.2172938506888
52833.3333333333,-0.218084306056943
52916.6666666667,-0.21886423597081
53000,-0.219633450380305
53083.3333333333,-0.220391772438694
53166.6666666667,-0.2211390387293
53250,-0.221875099476135
53333.3333333333,-0.222599818739748
53416.6666666667,-0.223313074596352
53500,-0.224014759301534
53583.3333333333,-0.224704779437634
53666.6666666667,-0.225383056044024
53750,-0.22604952473125
53833.3333333333,-0.226704135778269
53916.6666666667,-0.227346854212448
54000,-0.227977659872369
54083.3333333333,-0.228596547453816
54166.6666666667,-0.229203526537944
54250,-0.229798621602426
54333.3333333333,-0.230381872014998
54416.6666666667,-0.230953332009451
54500,-0.231513070644665
54583.3333333333,-0.232061171745538
54666.6666666667,-0.232597733827028
54750,-0.233122870000629
54833.3333333333,-0.233636707864035
54916.6666666667,-0.23413938937285
55000,-0.23463107069641
55083.3333333333,-0.235111922055663
55166.6666666667,-0.235582127545324
55250,-0.236041884938998
55333.3333333333,-0.236491405478096
55416.6666666667,-0.236930913644999
55500,-0.237360646920022
55583.3333333333,-0.237780855523212
55666.6666666667,-0.238191802140996
55750,-0.238593761637342
55833.3333333333,-0.238987020750983
55916.6666666667,-0.239371877778078
56000,-0.239748642241061
56083.3333333333,-0.240117634543977
56166.6666666667,-0.240479185614684
56250,-0.240833636534485
56333.3333333333,-0.241181338155266
56416.6666666667,-0.241522650705009
56500,-0.241857943381898
56583.3333333333,-0.242187593937494
56666.6666666667,-0.242511988249426
56750,-0.242831519884256
56833.3333333333,-0.243146589650945
56916.6666666667,-0.243457605145352
57000,-0.243764980286202
57083.3333333333,-0.244069134843759
57166.6666666667,-0.244370493960528
57250,-0.244669487665766
57333.3333333333,-0.244966550383594
57416.6666666667,-0.245262120435306
57500,-0.245556639537413
57583.3333333333,-0.245850552294291
57666.6666666667,-0.246144305687654
57750,-0.246438348562582
57833.3333333333,-0.24673313111081
57916.6666666667,-0.247029104352188
58000,-0.247326719614503
58083.3333333333,-0.247626428012429
58166.6666666667,-0.247928679926421
58250,-0.248233924481846
58333.3333333333,-0.2485426090292
58416.6666666667,-0.248855178625606
58500,-0.249172075519
58583.3333333333,-0.249493738634405
58666.6666666667,-0.249820603064257
58750,-0.250153099562369
58833.3333333333,-0.250491654042229
58916.6666666667,-0.250836687080867
59000,-0.251188613428136
59083.3333333333,-0.251547841522373
59166.6666666667,-0.251914773012775
59250,-0.252289802289369
59333.3333333333,-0.252673316020807
59416.6666666667,-0.253065692700474
59500,-0.253467302201943
59583.3333333333,-0.253878505343705
59666.6666666667,-0.254299653463823
59750,-0.254731088005558
59833.3333333333,-0.255173140113385
59916.6666666667,-0.255626130241118
60000,-0.256090367771567
60083.3333333333,-0.256566150648489
60166.6666666667,-0.257053765021898
60250,-0.25755348490606
60333.3333333333,-0.258065571851483
60416.6666666667,-0.258590274630572
60500,-0.259127828938349
60583.3333333333,-0.259678457107159
60666.6666666667,-0.260242367837071
60750,-0.260819755941469
60833.3333333333,-0.261410802108318
60916.6666666667,-0.262015672677935
61000,-0.262634519436415
61083.3333333333,-0.263267479426203
61166.6666666667,-0.263914674773259
61250,-0.264576212531048
61333.3333333333,-0.265252184542221
61416.6666666667,-0.265942667317608
61500,-0.266647721932525
61583.3333333333,-0.267367393941049
61666.6666666667,-0.268101713308397
61750,-0.268850694360788
61833.3333333333,-0.269614335753689
61916.6666666667,-0.270392620458447
62000,-0.271185515766403
62083.3333333333,-0.271992973311986
62166.6666666667,-0.272814929113601
62250,-0.273651303632959
62333.3333333333,-0.274502001852377
62416.6666666667,-0.275366913370291
62500,-0.276245912515236
62583.3333333333,-0.277138858476966
62666.6666666667,-0.278045595456345
62750,-0.278965952832338
62833.3333333333,-0.279899745346812
62916.6666666667,-0.280846773306878
63000,-0.281806822804061
63083.3333333333,-0.282779665950867
63166.6666666667,-0.283765061133841
63250,-0.284762753283337
63333.3333333333,-0.285772474159347
63416.6666666667,-0.286793942653318
63500,-0.287826865105814
63583.3333333333,-0.288870935639108
63666.6666666667,-0.289925836504917
63750,-0.290991238446853
63833.3333333333,-0.292066801076912
63916.6666666667,-0.293152173265545
64000,-0.294246993545703
64083.3333333333,-0.29535089052913
64166.6666666667,-0.296463483335532
64250,-0.297584382033738
64333.3333333333,-0.298713188094017
64416.6666666667,-0.299849494851964
64500,-0.300992887982297
64583.3333333333,-0.302142945983077
64666.6666666667,-0.303299240668891
64750,-0.304461337673233
64833.3333333333,-0.305628796958983
64916.6666666667,-0.30680117333638
65000,-0.307978016988487
65083.3333333333,-0.309158874002686
65166.6666666667,-0.310343286908103
65250,-0.311530795218597
65333.3333333333,-0.312720935979552
65416.6666666667,-0.31391324431935
65500,-0.315107254003448
65583.3333333333,-0.316302497991556
65666.6666666667,-0.317498508996112
65750,-0.318694820042608
65833.3333333333,-0.319890965029843
65916.6666666667,-0.321086479290578
66000,-0.322280900150619
66083.3333333333,-0.323473767487081
66166.6666666667,-0.324664624283966
66250,-0.325853017184758
66333.3333333333,-0.327038497041528
66416.6666666667,-0.328220619459761
66500,-0.329398945337718
66583.3333333333,-0.330573041400463
66666.6666666667,-0.33174248072735
66750,-0.332906843272128
66833.3333333333,-0.334065716375599
66916.6666666667,-0.33521869526965
67000,-0.336365383571876
67083.3333333333,-0.337505393770664
67166.6666666667,-0.338638347700119
67250,-0.339763877002882
67333.3333333333,-0.340881623582351
67416.6666666667,-0.34199124004185
67500,-0.343092390110909
67583.3333333333,-0.34418474905829
67666.6666666667,-0.34526800409055
67750,-0.34634185473596
67833.3333333333,-0.347406013213465
67916.6666666667,-0.348460204785459
68000,-0.349504168094606
68083.3333333333,-0.350537655483553
68166.6666666667,-0.351560433297813
68250,-0.352572282170397
68333.3333333333,-0.35357299728902
68416.6666666667,-0.354562388643839
68500,-0.355540281257203
68583.3333333333,-0.356506515393312
68666.6666666667,-0.357460946748671
68750,-0.358403446622579
68833.3333333333,-0.359333902067065
68916.6666666667,-0.360252216016467
69000,-0.361158307396339
69083.3333333333,-0.362052111211146
69166.6666666667,-0.36293357861104
69250,-0.363802676937169
69333.3333333333,-0.364659389745354
69416.6666666667,-0.365503716808371
69500,-0.366335674096696
69583.3333333333,-0.367155293737403
69666.6666666667,-0.367962623951202
69750,-0.368757728967876
69833.3333333333,-0.369540688920285
69916.6666666667,-0.37031159971635
70000,-0.37107057288971
70083.3333333333,-0.371817735429224
70166.6666666667,-0.372553229586579
70250,-0.373277212663723
70333.3333333333,-0.373989856778674
70416.6666666667,-0.374691348611192
70500,-0.375381889127936
70583.3333333333,-0.376061693287735
70666.6666666667,-0.376730989726899
70750,-0.377390020425579
70833.3333333333,-0.378039040354578
70916.6666666667,-0.378678317104301
71000,-0.379308130494946
71083.3333333333,-0.379928772169429
71166.6666666667,-0.380540545169046
71250,-0.381143763492407
71333.3333333333,-0.381738751638184
71416.6666666667,-0.382325844132639
71500,-0.382905385041637
71583.3333333333,-0.383477727468865
71666.6666666667,-0.38404323303985
71750,-0.384602271373229
71833.3333333333,-0.385155219539336
71916.6666666667,-0.385702461507433
72000,-0.386244387581422
72083.3333333333,-0.386781393825849
72166.6666666667,-0.387313881482019
72250,-0.387842256375328
72333.3333333333,-0.388366928315089
72416.6666666667,-0.388888310486577
72500,-0.389406818837025
72583.3333333333,-0.389922871456265
72666.6666666667,-0.390436887952143
72750,-0.390949288822734
72833.3333333333,-0.391460494825045
72916.6666666667,-0.391970926341922
73000,-0.392481002747476
73083.3333333333,-0.392991141772494
73166.6666666667,-0.39350175887006
73250,-0.39401326658291
73333.3333333333,-0.394526073912744
73416.6666666667,-0.395040585693527
73500,-0.395557201968054
73583.3333333333,-0.396076317370407
73666.6666666667,-0.396598320513949
73750,-0.397123593386439
73833.3333333333,-0.397652510752949
73916.6666666667,-0.398185439567582
74000,-0.398722738394901
74083.3333333333,-0.399264756841713
74166.6666666667,-0.399811835000745
74250,-0.400364302906358
74333.3333333333,-0.400922480003746
74416.6666666667,-0.401486674632116
74500,-0.402057183523211
74583.3333333333,-0.402634291315513
74666.6666666667,-0.403218270085338
74750,-0.403809378895424
74833.3333333333,-0.404407863362113
74916.6666666667,-0.405013955241752
75000,-0.405627872037312
75083.3333333333,-0.40624981662565
75166.6666666667,-0.406879976906683
75250,-0.407518525474824
75333.3333333333,-0.408165619313642
75416.6666666667,-0.408821399514597
75500,-0.409485991019926
75583.3333333333,-0.410159502391537
75666.6666666667,-0.410842025605054
75750,-0.411533635871254
75833.3333333333,-0.412234391484219
75916.6666666667,-0.412944333697439
76000,-0.413663486628594
76083.3333333333,-0.414391857193051
76166.6666666667,-0.415129435066666
76250,-0.415876192679425
76333.3333333333,-0.416632085238434
76416.6666666667,-0.417397050782725
76500,-0.41817101026893
76583.3333333333,-0.41895386768897
76666.6666666667,-0.41974551021957
76750,-0.420545808404493
76833.3333333333,-0.421354616369148
76916.6666666667,-0.422171772068541
77000,-0.422997097568177
77083.3333333333,-0.423830399358533
77166.6666666667,-0.424671468702989
77250,-0.425520082019616
77333.3333333333,-0.426376001296611
77416.6666666667,-0.427238974541849
77500,-0.428108736265833
77583.3333333333,-0.428985007999373
77666.6666666667,-0.429867498844188
77750,-0.430755906057609
77833.3333333333,-0.431649915671346
77916.6666666667,-0.432549203142851
78000,-0.433453434040704
78083.3333333333,-0.434362264762536
78166.6666666667,-0.435275343285816
78250,-0.436192309951154
78333.3333333333,-0.437112798277488
78416.6666666667,-0.438036435809122
78500,-0.438962844993544
78583.3333333333,-0.439891644090473
78666.6666666667,-0.440822448110826
78750,-0.441754869785445
78833.3333333333,-0.442688520562633
78916.6666666667,-0.443623011634372
79000,-0.444557954990023
79083.3333333333,-0.445492964497138
79166.6666666667,-0.446427657008517
79250,-0.447361653494518
79333.3333333333,-0.44829458020016
79416.6666666667,-0.449226069825699
79500,-0.450155762730431
79583.3333333333,-0.45108330815763
79666.6666666667,-0.452008365481006
79750,-0.452930605470599
79833.3333333333,-0.453849711577741
79916.6666666667,-0.454765381237177
80000,-0.455677327186401
80083.3333333333,-0.456585278799916
80166.6666666667,-0.457488983437665
80250,-0.458388207806931
80333.3333333333,-0.459282739335423
80416.6666666667,-0.460172387555049
80500,-0.461056985494993
80583.3333333333,-0.461936391082429
80666.6666666667,-0.462810488549754
80750,-0.463679189847031
80833.3333333333,-0.464542436058172
80916.6666666667,-0.46540019881949
81000,-0.466252481738889
81083.3333333333,-0.467099321814951
81166.6666666667,-0.46794079085393
81250,-0.468776996882977
81333.3333333333,-0.469608085559063
81416.6666666667,-0.470434241571187
81500,-0.471255690034677
81583.3333333333,-0.472072697876544
81666.6666666667,-0.472885575209728
81750,-0.473694676695252
81833.3333333333,-0.474500402890573
81916.6666666667,-0.475303201582898
82000,-0.476103569105529
82083.3333333333,-0.476902051636579
82166.6666666667,-0.477699246477658
82250,-0.478495803312131
82333.3333333333,-0.479292425440891
82416.6666666667,-0.480089870994123
82500,-0.480888954118532
82583.3333333333,-0.48169054613785
82666.6666666667,-0.482495576685886
82750,-0.483305034810417
82833.3333333333,-0.484119970047148
82916.6666666667,-0.484941493462365
83000,-0.485770778662616
83083.3333333333,-0.486609062771102
83166.6666666667,-0.487457647369289
83250,-0.48831789940281
83333.3333333333,-0.48919125205006
83416.6666666667,-0.490079205553612
83500,-0.490983328012789
83583.3333333333,-0.491905256136604
83666.6666666667,-0.492846695956534
83750,-0.493809423497895
83833.3333333333,-0.494795285409866
83916.6666666667,-0.495806199552726
84000,-0.496844155542093
84083.3333333333,-0.497911215249872
84166.6666666667,-0.499009513260643
84250,-0.500141257283818
84333.3333333333,-0.501308728521308
84416.6666666667,-0.502514281989328
84500,-0.503760346795295
84583.3333333333,-0.505049426369055
84666.6666666667,-0.506384098648207
84750,-0.507767016218127
84833.3333333333,-0.509200906405385
84916.6666666667,-0.510688571326485
85000,-0.512232887890223
85083.3333333333,-0.513836807754846
85166.6666666667,-0.515503357240224
85250,-0.517235637194827
85333.3333333333,-0.519036822818494
85416.6666666667,-0.52091016344065
85500,-0.52285898225536
85583.3333333333,-0.524886676012863
85666.6666666667,-0.526996714668592
85750,-0.529192640990551
85833.3333333333,-0.531478070125011
85916.6666666667,-0.533856689121917
86000,-0.536332256420543
86083.3333333333,-0.538908601296191
86166.6666666667,-0.541589623268498
86250,-0.544379291473304
86333.3333333333,-0.547281643997448
86416.6666666667,-0.550300787178974
86500,-0.553440894872855
86583.3333333333,-0.556706207683737
86666.6666666667,-0.56010103216634
86750,-0.56362973999519
86833.3333333333,-0.567296767104714
86916.6666666667,-0.571106612800382
87000,-0.575063838842776
87083.3333333333,-0.579173068505149
87166.6666666667,-0.583438985606687
87250,-0.587866333521364
87333.3333333333,-0.592459914165074
87416.6666666667,-0.597224586961388
87500,-0.602165267787469
87583.3333333333,-0.607286927901957
87666.6666666667,-0.612594592854884
87750,-0.618093341383157
87833.3333333333,-0.623788304289756
87916.6666666667,-0.629684663311612
88000,-0.635787649974219
88083.3333333333,-0.642102544436817
88166.6666666667,-0.648634674327272
88250,-0.655389413570502
88333.3333333333,-0.66237218120888
88416.6666666667,-0.669588440218257
88500,-0.677043696319924
88583.3333333333,-0.684743496789364
88666.6666666667,-0.692693429264035
88750,-0.700899120550402
88833.3333333333,-0.709366235432534
88916.6666666667,-0.718100475482026
89000,-0.727107577872268
89083.3333333333,-0.736393314196002
89166.6666666667,-0.74596348928946
89250,-0.755823940062653
89333.3333333333,-0.765980534337601
89416.6666666667,-0.776439169695341
89500,-0.787205772332589
89583.3333333333,-0.798286295929658
89666.6666666667,-0.809686720529728
89750,-0.821413051430977
89833.3333333333,-0.833471318092321
89916.6666666667,-0.845867573053968
90000,-0.858607890872509
90083.3333333333,-0.87169836707328
90166.6666666667,-0.885145117118539
90250,-0.898954275394168
90333.3333333333,-0.913131994214413
90416.6666666667,-0.927684442845577
90500,-0.942617806549754
90583.3333333333,-0.957938285649024
90666.6666666667,-0.973652094609889
90750,-0.989765461150294
90833.3333333333,-1.00628462536791
90916.6666666667,-1.02321583889095
91000,-1.0405653640529
91083.3333333333,-1.05833947308949
91166.6666666667,-1.07654444736045
91250,-1.09518657659534
91333.3333333333,-1.11427215816345
91416.6666666667,-1.13380749636948
91500,-1.15379890177406
91583.3333333333,-1.17425269053936
91666.6666666667,-1.19517518380136
91750,-1.21657270706771
91833.3333333333,-1.23845158964099
91916.6666666667,-1.26081816406993
92000,-1.2836787656258
92083.3333333333,-1.30703973180587
92166.6666666667,-1.33090740186389
92250,-1.35528811636726
92333.3333333333,-1.38018821678065
92416.6666666667,-1.40561404507726
92500,-1.43157194337689
92583.3333333333,-1.4580682536107
92666.6666666667,-1.48510931721302
92750,-1.51270147484097
92833.3333333333,-1.54085106611961
92916.6666666667,-1.56956442941535
93000,-1.59884790163551
93083.3333333333,-1.6287078180545
93166.6666666667,-1.65915051216736
93250,-1.69018231556941
93333.3333333333,-1.7218095578627
93416.6666666667,-1.75403856658841
93500,-1.78687566718611
93583.3333333333,-1.82032718297885
93666.6666666667,-1.85439943518423
93750,-1.88909874295159
93833.3333333333,-1.92443142342473
93916.6666666667,-1.96040379183026
94000,-1.99702216159186
94083.3333333333,-2.03429284446892
94166.6666666667,-2.07222215072117
94250,-2.11081638929815
94333.3333333333,-2.15008186805306
94416.6666666667,-2.19002489398173
94500,-2.23065177348646
94583.3333333333,-2.27196881266316
94666.6666666667,-2.31398231761402
94750,-2.35669859478327
94833.3333333333,-2.40012395131771
94916.6666666667,-2.44426469545022
95000,-2.48912713690815
95083.3333333333,-2.53471758734376
95166.6666666667,-2.58104236078955
95250,-2.62810777413624
95333.3333333333,-2.67592014763391
95416.6666666667,-2.72448580541664
95500,-2.77381107605029
95583.3333333333,-2.82390229310257
95666.6666666667,-2.87476579573699
95750,-2.92640792932929
95833.3333333333,-2.9788350461061
95916.6666666667,-3.03205350580746
96000,-3.08606967637173
96083.3333333333,-3.14088993464278
96166.6666666667,-3.19652066710023
96250,-3.25296827061344
96333.3333333333,-3.31023915321654
96416.6666666667,-3.36833973490775
96500,-3.42727644847149
96583.3333333333,-3.48705574032263
96666.6666666667,-3.54768407137479
96750,-3.60916791793199
96833.3333333333,-3.67151377260239
96916.6666666667,-3.7347281452371
97000,-3.79881756389191
97083.3333333333,-3.86378857581279
97166.6666666667,-3.9296477484459
97250,-3.99640167047199
97333.3333333333,-4.06405695286456
97416.6666666667,-4.13262022997391
97500,-4.2020981606361
97583.3333333333,-4.27249742930652
97666.6666666667,-4.34382474722045
97750,-4.41608685357953
97833.3333333333,-4.48929051676412
97916.6666666667,-4.56344253557332
98000,-4.63854974049299
98083.3333333333,-4.71461899498988
98166.6666666667,-4.79165719683647
98250,-4.86967127946359
98333.3333333333,-4.94866821334216
98416.6666666667,-5.02865500739644
98500,-5.10963871044745
98583.3333333333,-5.19162641268745
98666.6666666667,-5.27462524718714
98750,-5.35864239143618
98833.3333333333,-5.44368506891657
98916.6666666667,-5.52976055071104
99000,-5.61687615714771
99083.3333333333,-5.7050392594791
99166.6666666667,-5.79425728160034
99250,-5.88453770180562
99333.3333333333,-5.97588805458209
99416.6666666667,-6.06831593244665
99500,-6.16182898782324
99583.3333333333,-6.25643493496257
99666.6666666667,-6.35214155190671
99750,-6.44895668249924
99833.3333333333,-6.54688823844133
99916.6666666667,-6.64594420139697
100000,-6.74613262514781
100083.333333333,-6.84746163779906
100166.666666667,-6.94993944403857
100250,-7.05357432745146
100333.333333333,-7.15837465289006
100416.666666667,-7.26434886890325
100500,-7.37150551022664
100583.333333333,-7.47985320033402
100666.666666667,-7.58940065405495
100750,-7.70015668025895
100833.333333333,-7.81213018460861
100916.666666667,-7.92533017238503
101000,-8.03976575138876
101083.333333333,-8.15544613491578
101166.666666667,-8.27238064481535
101250,-8.39057871463124
101333.333333333,-8.51004989282721
101416.666666667,-8.63080384610378
101500,-8.75285036280806
101583.333333333,-8.8761993564382
101666.666666667,-9.00086086924994
101750,-9.12684507596754
101833.333333333,-9.25416228760115
101916.666666667,-9.38282295537881
102000,-9.51283767479547
102083.333333333,-9.64421718978262
102166.666666667,-9.77697239700663
102250,-9.91111435029903
102333.333333333,-10.0466542652235
102416.666666667,-10.1836035237876
102500,-10.3219736793047
102583.333333333,-10.46177646141
102666.666666667,-10.6030237812412
102750,-10.7457277367891
102833.333333333,-10.8899006184239
102916.666666667,-11.0355549146085
103000,-11.1827033178049
103083.333333333,-11.3313587305813
103166.666666667,-11.4815342719327
103250,-11.6332432838217
103333.333333333,-11.7864993379488
103416.666666667,-11.9413162427674
103500,-12.0977080507508
103583.333333333,-12.2556890659232
103666.666666667,-12.4152738516708
103750,-12.5764772388433
103833.333333333,-12.7393143341598
103916.666666667,-12.9038005289364
104000,-13.0699515081503
104083.333333333,-13.2377832598552
104166.666666667,-13.4073120849687
104250,-13.5785546074495
104333.333333333,-13.7515277848834
104416.666666667,-13.9262489194997
104500,-14.1027356696431
104583.333333333,-14.2810060617191
104666.666666667,-14.4610785026452
104750,-14.6429717928306
104833.333333333,-14.8267051397126
104916.666666667,-15.0122981718838
105000,-15.1997709538414
105083.333333333,-15.3891440013887
105166.666666667,-15.5804382977341
105250,-15.7736753103218
105333.333333333,-15.9688770084344
105416.666666667,-16.1660658816196
105500,-16.3652649589837
105583.333333333,-16.5664978294026
105666.666666667,-16.7697886627117
105750,-16.9751622319279
105833.333333333,-17.1826439365689
105916.666666667,-17.3922598271393
106000,-17.6040366308565
106083.333333333,-17.818001778691
106166.666666667,-18.0341834338119
106250,-18.2526105215247
106333.333333333,-18.4733127607973
106416.666666667,-18.6963206974856
106500,-18.9216657393696
106583.333333333,-19.1493801931184
106666.666666667,-19.3794973033267
106750,-19.6120512937595
106833.333333333,-19.8470774109601
106916.666666667,-20.0846119703953
107000,-20.3246924053187
107083.333333333,-20.5673573185454
107166.666666667,-20.8126465373628
107250,-21.0606011718078
107333.333333333,-21.3112636765629
107416.666666667,-21.5646779167575
107500,-21.8208892379746
107583.333333333,-22.0799445407916
107666.666666667,-22.3418923602275
107750,-22.6067829504892
107833.333333333,-22.8746683754523
107916.666666667,-23.1456026053597
108000,-23.4196416202657
108083.333333333,-23.6968435207979
108166.666666667,-23.9772686468853
108250,-24.2609797051547
108333.333333333,-24.5480419057696
108416.666666667,-24.8385231095825
108500,-25.1324939865544
108583.333333333,-25.4300281864956
108666.666666667,-25.7312025233194
108750,-26.0360971741178
108833.333333333,-26.3447958945188
108916.666666667,-26.6573862519755
109000,-26.9739598788154
109083.333333333,-27.2946127470997
109166.666666667,-27.6194454676172
109250,-27.9485636156059
109333.333333333,-28.2820780861357
109416.666666667,-28.6201054824794
109500,-28.9627685412262
109583.333333333,-29.3101965984048
109666.666666667,-29.6625261014826
109750,-30.0199011727842
109833.333333333,-30.3824742306656
109916.666666667,-30.75040667573
110000,-31.1238696504454
110083.333333333,-31.5030448818092
110166.666666667,-31.8881256182316
110250,-32.2793176735822
110333.333333333,-32.6768405934716
110416.666666667,-33.0809289613846
110500,-33.4918338652998
110583.333333333,-33.9098245490674
110666.666666667,-34.3351902772292
110750,-34.7682424472742
110833.333333333,-35.2093169898123
110916.666666667,-35.6587771051007
111000,-36.1170163941214
111083.333333333,-36.5844624544913
111166.666666667,-37.0615810265632
111250,-37.5488807938971
111333.333333333,-38.046918966049
111416.666666667,-38.5563078017993
111500,-39.0777222694917
111583.333333333,-39.6119090908581
111666.666666667,-40.1596974793205
111750,-40.7220119684506
111833.333333333,-41.299887838401
111916.666666667,-41.8944897981414
112000,-42.5071347841629
112083.333333333,-43.1393200139567
112166.666666667,-43.7927578175497
112250,-44.4694193116493
112333.333333333,-45.1715897538447
112416.666666667,-45.9019395366439
112500,-46.6636164411613
112583.333333333,-47.4603672765452
112666.666666667,-48.2967009020694
112750,-49.1781107612329
112833.333333333,-50.1113850553895
112916.666666667,-51.1050495253307
113000,-52.1700172561778
113083.333333333,-53.320573690951
113166.666666667,-54.5759283492458
113250,-55.9627756740286
113333.333333333,-57.5197710915627
113416.666666667,-59.3059459487447
113500,-61.4181181761783
113583.333333333,-64.0320172702966
113666.666666667,-67.5206436598451
113750,-72.9309682649148
113833.333333333,-85.7436958071488
113916.666666667,-77.1343160450975
114000,-70.4842331621986
114083.333333333,-66.9311035684417
114166.666666667,-64.5587788637169
114250,-62.8117362238913
114333.333333333,-61.452690532211
114416.666666667,-60.3583114139896
114500,-59.4562744037214
114583.333333333,-58.7005243462547
114666.666666667,-58.0599186954511
114750,-57.5124110144768
114833.333333333,-57.041818753073
114916.666666667,-56.6359095235817
115000,-56.2852089686448
115083.333333333,-55.9822265214455
115166.666666667,-55.7209347308607
115250,-55.4964085854348
115333.333333333,-55.3045692213428
115416.666666667,-55.1419977197985
115500,-55.0057971629069
115583.333333333,-54.8934886588785
115666.666666667,-54.8029317516767
115750,-54.7322626439318
115833.333333333,-54.6798456393511
115916.666666667,-54.6442345364163
116000,-54.6241416110398
116083.333333333,-54.6184124559442
116166.666666667,-54.6260053897939
116250,-54.6459744685201
116333.333333333,-54.6774553633931
116416.666666667,-54.7196535413474
116500,-54.7718343102977
116583.333333333,-54.8333143880257
116666.666666667,-54.9034547260516
116750,-54.9816543758725
116833.333333333,-55.0673452282508
116916.666666667,-55.1599874900723
117000,-55.2590657899202
117083.333333333,-55.3640858245796
117166.666666667,-55.4745714754951
117250,-55.5900623376396
117333.333333333,-55.7101116140474
117416.666666667,-55.8342843379376
117500,-55.9621558913081
117583.333333333,-56.0933107944354
117666.666666667,-56.2273417451196
117750,-56.3638488898847
117833.333333333,-56.5024393119797
117916.666666667,-56.6427267228201
118000,-56.7843313448172
118083.333333333,-56.9268799741987
118166.666666667,-57.0700062127102
118250,-57.2133508569049
118333.333333333,-57.3565624332971
118416.666666667,-57.4992978668887
118500,-57.6412232696717
118583.333333333,-57.7820148346547
118666.666666667,-57.9213598198665
118750,-58.0589576056775
118833.333333333,-58.1945208077956
118916.666666667,-58.3277764274046
119000,-58.4584670192631
119083.333333333,-58.5863518581459
119166.666666667,-58.7112080839336
119250,-58.8328318057981
119333.333333333,-58.9510391465241
119416.666666667,-59.0656672088672
119500,-59.1765749470731
119583.333333333,-59.2836439282357
119666.666666667,-59.3867789699887
119750,-59.4859086431215
119833.333333333,-59.5809856299857
119916.666666667,-59.6719869320299
120000,-59.7589139223394
120083.333333333,-59.8417922416737
120166.666666667,-59.9206715391269
120250,-59.9956250610731
120333.333333333,-60.0667490945455
120416.666666667,-60.1341622735263
120500,-60.1980047587172
120583.333333333,-60.2584373033115
120666.666666667,-60.3156402189051
120750,-60.3698122570321
120833.333333333,-60.4211694228635
120916.666666667,-60.469943738326
121000,-60.5163819722654
121083.333333333,-60.5607443553667
121166.666666667,-60.6033032972651
121250,-60.6443421227761
121333.333333333,-60.6841538433391
121416.666666667,-60.7230399787716
121500,-60.7613094432302
121583.333333333,-60.7992775079392
121666.666666667,-60.837264851838
121750,-60.8755967098645
121833.333333333,-60.9146021271775
121916.666666667,-60.9546133262104
122000,-60.9959651922822
122083.333333333,-61.0389948822656
122166.666666667,-61.0840415599684
122250,-61.1314462610652
122333.333333333,-61.1815518899246
122416.666666667,-61.2347033503746
122500,-61.2912478123964
122583.333333333,-61.3515351169523
122666.666666667,-61.4159183216254
122750,-61.4847543905113
122833.333333333,-61.5584050328249
122916.666666667,-61.6372376960024
123000,-61.7216267207727
123083.333333333,-61.8119546675827
123166.666666667,-61.908613826132
123250,-62.0120079224967
123333.333333333,-62.1225540414371
123416.666666667,-62.24068478515
123500,-62.3668506938363
123583.333333333,-62.5015229582113
123666.666666667,-62.6451964593746
123750,-62.7983931775497
123833.333333333,-62.9616660177518
123916.666666667,-63.135603107822
124000,-63.3208326319228
124083.333333333,-63.5180282704199
124166.666666667,-63.7279153243583
124250,-63.9512776082812
124333.333333333,-64.1889651969625
124416.666666667,-64.4419031063245
124500,-64.7111009706432
124583.333333333,-64.9976637376177
124666.666666667,-65.3028033242118
124750,-65.6278510329384
124833.333333333,-65.974270276475
124916.666666667,-66.3436687244093
125000,-66.7378082446196
125083.333333333,-67.1586097520746
125166.666666667,-67.6081479390437
125250,-68.0886272267051
125333.333333333,-68.6023240978549
125416.666666667,-69.1514704684011
125500,-69.73803500714
125583.333333333,-70.3633297732891
125666.666666667,-71.0273220564384
125750,-71.7274606512955
125833.333333333,-72.4567390458875
125916.666666667,-73.2006708064047
126000,-73.9330389172299
126083.333333333,-74.6111730480662
126166.666666667,-75.1737674357015
126250,-75.5473965417324
126333.333333333,-75.6671879399107
126416.666666667,-75.5053832471889
126500,-75.086259039108
126583.333333333,-74.4730093268381
126666.666666667,-73.739342075097
126750,-72.9478260087562
126833.333333333,-72.1424839439911
126916.666666667,-71.3505915536056
127000,-70.5873555653782
127083.333333333,-69.8602406147577
127166.666666667,-69.1720817241609
127250,-68.5230881512522
127333.333333333,-67.9120614348136
127416.666666667,-67.3371110317008
127500,-66.7960642029283
127583.333333333,-66.2866944963181
127666.666666667,-65.806844164893
127750,-65.3544852599978
127833.333333333,-64.9277457223836
127916.666666667,-64.5249158897831
128000,-64.1444444211844
128083.333333333,-63.7849288640557
128166.666666667,-63.4451038697498
128250,-63.1238287541403
128333.333333333,-62.8200753306859
128416.666666667,-62.5329164919074
128500,-62.2615157533388
128583.333333333,-62.0051178247052
128666.666666667,-61.7630401907241
128750,-61.5346656411671
128833.333333333,-61.3194356703601
128916.666666667,-61.1168446600813
129000,-60.9264347611815
129083.333333333,-60.747791394408
129166.666666667,-60.5805392979337
129250,-60.4243390566977
129333.333333333,-60.2788840562341
129416.666666667,-60.1438978107411
129500,-60.0191316216496
129583.333333333,-59.9043625288356
129666.666666667,-59.7993915217806
129750,-59.7040419825959
129833.333333333,-59.6181583369008
129916.666666667,-59.5416048920493
130000,-59.4742648453968
130083.333333333,-59.4160394480433
130166.666666667,-59.3668473119838
130250,-59.3266238507998
130333.333333333,-59.2953208460612
130416.666666667,-59.2729061334779
130500,-59.2593634045287
130583.333333333,-59.2546921210032
130666.666666667,-59.2589075414677
130750,-59.2720408602509
130833.333333333,-59.2941394611954
130916.666666667,-59.3252672900551
131000,-59.3655053512293
131083.333333333,-59.414952336404
131166.666666667,-59.4737253948209
131250,-59.5419610571949
131333.333333333,-59.6198163279871
131416.666666667,-59.7074699637703
131500,-59.8051239589077
131583.333333333,-59.9130052638589
131666.666666667,-60.0313677661703
131750,-60.1604945698246
131833.333333333,-60.3007006152401
131916.666666667,-60.4523356900644
132000,-60.6157878902419
132083.333333333,-60.7914876019729
132166.666666667,-60.9799120883871
132250,-61.1815907805887
132333.333333333,-61.3971113914037
132416.666666667,-61.6271269923484
132500,-61.8723642202434
132583.333333333,-62.1336328098464
132666.666666667,-62.4118366826721
132750,-62.7079868587175
132833.333333333,-63.0232164945724
132916.666666667,-63.3587983824973
133000,-63.7161652593106
133083.333333333,-64.0969332491174
133166.666666667,-64.5029286591856
133250,-64.9362180863965
133333.333333333,-65.3991412295185
133416.666666667,-65.8943446720789
133500,-66.4248126977231
133583.333333333,-66.9938869694543
133666.666666667,-67.6052588204187
133750,-68.2629024607839
133833.333333333,-68.9708878720407
133916.666666667,-69.7329558016018
134000,-70.5516310506934
134083.333333333,-71.4264573407047
134166.666666667,-72.350619387246
134250,-73.3048286877427
134333.333333333,-74.2474035421576
134416.666666667,-75.101894556864
134500,-75.7521700725627
134583.333333333,-76.0675061695822
134666.666666667,-75.9683176320205
134750,-75.4824511422167
134833.333333333,-74.7242099219417
134916.666666667,-73.8231324846208
135000,-72.8765294262664
135083.333333333,-71.9423283387512
135166.666666667,-71.0497420712571
135250,-70.2109557505809
135333.333333333,-69.4291045399756
135416.666666667,-68.7028855820109
135500,-68.0290279237263
135583.333333333,-67.403557857547
135666.666666667,-66.8224215961837
135750,-66.2817737418256
135833.333333333,-65.7780950262118
135916.666666667,-65.3082247592493
136000,-64.8693523490354
136083.333333333,-64.4589907704969
136166.666666667,-64.0749436202129
136250,-63.7152715098921
136333.333333333,-63.3782604761297
136416.666666667,-63.0623934918927
136500,-62.7663253583202
136583.333333333,-62.4888608645854
136666.666666667,-62.2289359315302
136750,-61.9856013962709
136833.333333333,-61.7580090929791
136916.666666667,-61.5453999095193
137000,-61.3470935345584
137083.333333333,-61.162479646919
137166.666666667,-60.9910103343729
137250,-60.8321935611021
137333.333333333,-60.6855875310609
137416.666666667,-60.5507958185475
137500,-60.4274631577732
137583.333333333,-60.3152718005329
137666.666666667,-60.2139383656012
137750,-60.1232111157721
137833.333333333,-60.0428676087337
137916.666666667,-59.9727126766989
138000,-59.9125766970221
138083.333333333,-59.8623141223471
138166.666666667,-59.8218022441388
138250,-59.790940168101
138333.333333333,-59.7696479839932
138416.666666667,-59.7578661159004
138500,-59.7555548421968
138583.333333333,-59.762693977328
138666.666666667,-59.7792827102008
138750,-59.8053395965375
138833.333333333,-59.8409027050036
138916.666666667,-59.8860299193969
139000,-59.9407994016979
139083.333333333,-60.0053102234521
139166.666666667,-60.0796831757392
139250,-60.1640617711476
139333.333333333,-60.2586134545796
139416.666666667,-60.3635310436209
139500,-60.479034423685
139583.333333333,-60.60537252827
139666.666666667,-60.7428256406657
139750,-60.8917080604538
139833.333333333,-61.0523711864086
139916.666666667,-61.2252070771087
140000,-61.4106525620747
140083.333333333,-61.6091939897856
140166.666666667,-61.8213727149252
140250,-62.0477914458516
140333.333333333,-62.2891215950389
140416.666666667,-62.5461117999716
140500,-62.8195978095725
140583.333333333,-63.1105139606205
140666.666666667,-63.4199064973156
140750,-63.7489490103347
140833.333333333,-64.0989602795161
140916.666666667,-64.4714247789114
141000,-64.8680160107414
141083.333333333,-65.2906226147692
141166.666666667,-65.7413767398998
141250,-66.222683259878
141333.333333333,-66.7372466853253
141416.666666667,-67.2880893637264
141500,-67.8785484433496
141583.333333333,-68.5122276104355
141666.666666667,-69.1928580857826
141750,-69.9239830131539
141833.333333333,-70.7083044042266
141916.666666667,-71.5463964051105
142000,-72.4342612906662
142083.333333333,-73.3588918626335
142166.666666667,-74.2908392818119
142250,-75.1737823387285
142333.333333333,-75.9158067617936
142416.666666667,-76.3972895691082
142500,-76.5137203520202
142583.333333333,-76.238048202838
142666.666666667,-75.6401468155855
142750,-74.8392501966744
142833.333333333,-73.9449599898063
142916.666666667,-73.0320411315648
143000,-72.1428618767468
143083.333333333,-71.2980443767486
143166.666666667,-70.5056654483479
143250,-69.7671796502486
143333.333333333,-69.0808012074638
143416.666666667,-68.4433233580207
143500,-67.8510601276818
143583.333333333,-67.3003148696576
143666.666666667,-66.7875989585261
143750,-66.3097207478465
143833.333333333,-65.8638086606506
143916.666666667,-65.4473021840869
144000,-65.0579285041089
144083.333333333,-64.693673969043
144166.666666667,-64.3527550113351
144250,-64.0335907296507
144333.333333333,-63.734778052465
144416.666666667,-63.4550697415661
144500,-63.1933551646663
144583.333333333,-62.9486436162455
144666.666666667,-62.7200499102151
144750,-62.5067819611711
144833.333333333,-62.3081300875952
144916.666666667,-62.1234577969961
145000,-61.9521938424147
145083.333333333,-61.7938253684826
145166.666666667,-61.6478919915465
145250,-61.5139806817382
145333.333333333,-61.3917213351344
145416.666666667,-61.2807829415525
145500,-61.180870268325
145583.333333333,-61.0917209929584
145666.666666667,-61.0131032282353
145750,-60.9448133922968
145833.333333333,-60.8866743839592
145916.666666667,-60.8385340299834
146000,-60.8002637766629
146083.333333333,-60.7717576028999
146166.666666667,-60.7529311361646
146250,-60.7437209564036
146333.333333333,-60.7440840763417
146416.666666667,-60.7539975895389
146500,-60.7734584804179
146583.333333333,-60.8024835930476
146666.666666667,-60.8411097580456
146750,-60.8893940794505
146833.333333333,-60.9474143859862
146916.666666667,-61.015269853801
147000,-61.0930818105784
147083.333333333,-61.1809947340123
147166.666666667,-61.2791774610103
147250,-61.387824627803
147333.333333333,-61.5071583654181
147416.666666667,-61.6374302799347
147500,-61.7789237525585
147583.333333333,-61.9319566011422
147666.666666667,-62.0968841523307
147750,-62.2741027823522
147833.333333333,-62.4640539946104
147916.666666667,-62.6672291139687
148000,-62.8841746909294
148083.333333333,-63.115498723815
148166.666666667,-63.3618778233499
148250,-63.6240654609217
148333.333333333,-63.9029014578487
148416.666666667,-64.1993228854743
148500,-64.5143765493599
148583.333333333,-64.8492332162861
148666.666666667,-65.2052036933666
148750,-65.5837567554719
148833.333333333,-65.9865386894099
148916.666666667,-66.4153937911638
149000,-66.8723843574456
149083.333333333,-67.359807272756
149166.666666667,-67.8802017026812
149250,-68.4363377527708
149333.333333333,-69.0311675942344
149416.666666667,-69.667705525908
149500,-70.3487764659015
149583.333333333,-71.0765244448394
149666.666666667,-71.8514898691175
149750,-72.6709305006677
149833.333333333,-73.5258788270169
149916.666666667,-74.3963014232491
150000,-75.2440941806176
150083.333333333,-76.0056842783709
150166.666666667,-76.5912291779044
150250,-76.903075744784
150333.333333333,-76.8776355416517
150416.666666667,-76.5232603151009
150500,-75.9148260637481
150583.333333333,-75.1511983903956
150666.666666667,-74.3173088286473
150750,-73.470837254897
150833.333333333,-72.645364999603
150916.666666667,-71.8580449996899
151000,-71.1161841447518
151083.333333333,-70.4216296081318
151166.666666667,-69.7733900512047
151250,-69.1691173101499
151333.333333333,-68.605915265888
151416.666666667,-68.0807675764604
151500,-67.5907540585106
151583.333333333,-67.13315154304
151666.666666667,-66.7054725739141
151750,-66.3054714946717
151833.333333333,-65.931134206539
151916.666666667,-65.5806605056259
152000,-65.2524438021619
152083.333333333,-64.9450507384693
152166.666666667,-64.6572019527473
152250,-64.3877545364818
152333.333333333,-64.13568635511
152416.666666667,-63.9000822041469
152500,-63.680121676799
152583.333333333,-63.4750685790495
152666.666666667,-63.2842617184974
152750,-63.1071068993019
152833.333333333,-62.9430699690904
152916.666666667,-62.7916707801409
153000,-62.6524779439702
153083.333333333,-62.5251042744962
153166.666666667,-62.4092028295031
153250,-62.3044634731046
153333.333333333,-62.2106098932946
153416.666666667,-62.1273970184838
153500,-62.0546087854668
153583.333333333,-61.9920562186004
153666.666666667,-61.9395757862999
153750,-61.8970280064188
153833.333333333,-61.8642962768708
153916.666666667,-61.8412859119498
154000,-61.8279233685237
154083.333333333,-61.8241556495105
154166.666666667,-61.8299498750178
154250,-61.84529301423
154333.333333333,-61.870191773686
154416.666666667,-61.9046726400182
154500,-61.9487820775801
154583.333333333,-62.0025868838108
154666.666666667,-62.0661747075834
154750,-62.1396547383558
154833.333333333,-62.2231585766489
154916.666666667,-62.3168412993399
155000,-62.4208827364957
155083.333333333,-62.5354889800925
155166.666666667,-62.6608941490225
155250,-62.7973624393946
155333.333333333,-62.9451904942821
155416.666666667,-63.1047101330022
155500,-63.2762914866071
155583.333333333,-63.4603465936909
155666.666666667,-63.6573335188197
155750,-63.8677610647154
155833.333333333,-64.0921941584581
155916.666666667,-64.3312600008234
156000,-64.5856550751914
156083.333333333,-64.8561531161772
156166.666666667,-65.1436141346852
156250,-65.4489945792379
156333.333333333,-65.7733586729364
156416.666666667,-66.1178908837713
156500,-66.4839093340173
156583.333333333,-66.872879682405
156666.666666667,-67.2864285370478
156750,-67.7263546341567
156833.333333333,-68.1946346020071
156916.666666667,-68.6934176978782
157000,-69.2249997253571
157083.333333333,-69.7917591462372
157166.666666667,-70.3960260334006
157250,-71.0398333676939
157333.333333333,-71.7244646168617
157416.666666667,-72.4496539162179
157500,-73.2122094382853
157583.333333333,-74.0037281524721
157666.666666667,-74.807031214442
157750,-75.5912465878572
157833.333333333,-76.3067358510484
157916.666666667,-76.8840491387751
158000,-77.2445057296619
158083.333333333,-77.3267631314059
158166.666666667,-77.1170181269076
158250,-76.6568580758347
158333.333333333,-76.0207615880837
158416.666666667,-75.28492273553
158500,-74.5088375354006
158583.333333333,-73.731820796653
158666.666666667,-72.9769221992972
158750,-72.2562066564099
158833.333333333,-71.5750017068791
158916.666666667,-70.9347533557902
159000,-70.3347900775204
159083.333333333,-69.7733635103115
159166.666666667,-69.2482444634384
159250,-68.7570553571419
159333.333333333,-68.297449456717
159416.666666667,-67.8672021684022
159500,-67.4642524719351
159583.333333333,-67.0867165632075
159666.666666667,-66.7328864565347
159750,-66.4012208775494
159833.333333333,-66.0903326274545
159916.666666667,-65.7989747657131
160000,-65.5260268913701
160083.333333333,-65.2704821842896
160166.666666667,-65.0314355114832
160250,-64.8080727022775
160333.333333333,-64.5996609853566
160416.666666667,-64.4055405233496
160500,-64.2251169540974
160583.333333333,-64.0578548388609
160666.666666667,-63.9032719185504
160750,-63.7609340850473
160833.333333333,-63.6304509829306
160916.666666667,-63.5114721660362
161000,-63.4036837423154
161083.333333333,-63.3068054489271
161166.666666667,-63.2205881073228
161250,-63.1448114150235
161333.333333333,-63.079282037038
161416.666666667,-63.0238319653051
161500,-62.9783171194156
161583.333333333,-62.9426161661097
161666.666666667,-62.9166295388028
161750,-62.900278641771
161833.333333333,-62.8935052266218
161916.666666667,-62.8962709314217
162000,-62.9085569753563
162083.333333333,-62.9303640041682
162166.666666667,-62.961712083843
162250,-63.002640842209
162333.333333333,-63.0532097602558
162416.666666667,-63.1134986171912
162500,-63.1836080954787
162583.333333333,-63.2636605545021
162666.666666667,-63.3538009840236
162750,-63.4541981513395
162833.333333333,-63.5650459590274
162916.666666667,-63.6865650334859
163000,-63.8190045680576
163083.333333333,-63.9626444485341
163166.666666667,-64.1177976931985
163250,-64.2848132442752
163333.333333333,-64.4640791526359
163416.666666667,-64.6560262027065
163500,-64.8611320293741
163583.333333333,-65.0799257827353
163666.666666667,-65.3129933988085
163750,-65.5609835331391
163833.333333333,-65.8246142070435
163916.666666667,-66.104680198576
164000,-66.4020611752956
164083.333333333,-66.7177305021454
164166.666666667,-67.0527645468887
164250,-67.4083521176214
164333.333333333,-67.7858033530139
164416.666666667,-68.1865568656809
164500,-68.6121830798239
164583.333333333,-69.0643802859344
164666.666666667,-69.5449575925419
164750,-70.0557950812424
164833.333333333,-70.5987650693965
164916.666666667,-71.175587847143
165000,-71.7875781056163
165083.333333333,-72.4352110611841
165166.666666667,-73.1173963625727
165250,-73.830293303954
165333.333333333,-74.5654492907471
165416.666666667,-75.3070621356885
165500,-76.0284413699775
165583.333333333,-76.6886395738701
165666.666666667,-77.2320616098777
165750,-77.5957525906774
165833.333333333,-77.7272160065335
165916.666666667,-77.6062576792843
166000,-77.2549587160904
166083.333333333,-76.7268139696969
166166.666666667,-76.0847538346761
166250,-75.3837717342931
166333.333333333,-74.6641001168268
166416.666666667,-73.9518363572955
166500,-73.2623643118789
166583.333333333,-72.6038668265664
166666.666666667,-71.9800203389119
166750,-71.3918196093543
166833.333333333,-70.8387364903454
166916.666666667,-70.3194290987442
167000,-69.8321651374625
167083.333333333,-69.3750690286945
167166.666666667,-68.9462622997992
167250,-68.5439400084526
167333.333333333,-68.1664092231463
167416.666666667,-67.8121052783909
167500,-67.4795952704355
167583.333333333,-67.1675744757686
167666.666666667,-66.874859086159
167750,-66.6003772685716
167833.333333333,-66.3431597189357
167916.666666667,-66.1023303706015
168000,-65.877097611764
168083.333333333,-65.6667461828132
168166.666666667,-65.4706298163508
168250,-65.288164620622
168333.333333333,-65.1188231730211
168416.666666667,-64.9621292734081
168500,-64.8176532999888
168583.333333333,-64.6850081096624
168666.666666667,-64.5638454270194
168750,-64.4538526703035
168833.333333333,-64.3547501675053
168916.666666667,-64.2662887208274
169000,-64.1882474826844
169083.333333333,-64.1204321111215
169166.666666667,-64.0626731767991
169250,-64.0148247976488
169333.333333333,-63.9767634808444
169416.666666667,-63.9483871549733
169500,-63.9296143781685
169583.333333333,-63.9203837106402
169666.666666667,-63.920653242471
169750,-63.930400269754
169833.333333333,-63.949621114313
169916.666666667,-63.9783310842198
170000,-64.0165645742726
170083.333333333,-64.0643753075436
170166.666666667,-64.1218367210019
170250,-64.1890425001916
170333.333333333,-64.2661072699848
170416.666666667,-64.3531674505562
170500,-64.4503822899979
170583.333333333,-64.5579350873711
170666.666666667,-64.6760346226177
170750,-64.8049168124366
170833.333333333,-64.9448466141746
170916.666666667,-65.0961202027218
171000,-65.2590674484335
171083.333333333,-65.4340547268851
171166.666666667,-65.6214880935981
171250,-65.8218168582347
171333.333333333,-66.0355375923185
171416.666666667,-66.263198601072
171500,-66.5054048814974
171583.333333333,-66.7628235722379
171666.666666667,-67.0361898711542
171750,-67.3263133464566
171833.333333333,-67.6340844844985
171916.666666667,-67.9604811832357
172000,-68.3065746850031
172083.333333333,-68.6735340980991
172166.666666667,-69.0626281079406
172250,-69.4752216037142
172333.333333333,-69.9127635505985
172416.666666667,-70.3767602086611
172500,-70.8687242412449
172583.333333333,-71.3900845931217
172666.666666667,-71.9420330846703
172750,-72.5252698320574
172833.333333333,-73.1395889645487
172916.666666667,-73.7832176057348
173000,-74.4517881923141
173083.333333333,-75.1368049364016
173166.666666667,-75.8235144104354
173250,-76.4883350473168
173333.333333333,-77.0966499014096
173416.666666667,-77.6029300749796
173500,-77.9561846153878
173583.333333333,-78.1124638948459
173666.666666667,-78.0505948492377
173750,-77.7812955029501
173833.333333333,-77.3424399401602
173916.666666667,-76.7843441235396
174000,-76.1553572122791
174083.333333333,-75.494019789668
174166.666666667,-74.8274791142347
174250,-74.1731930254784
174333.333333333,-73.5415158154441
174416.666666667,-72.9380168021364
174500,-72.3652127648039
174583.333333333,-71.8237521578508
174666.666666667,-71.3131857523111
174750,-70.8324533866426
174833.333333333,-70.3801849992137
174916.666666667,-69.9548832986114
175000,-69.555032123916
175083.333333333,-69.1791586077254
175166.666666667,-68.8258668594261
175250,-68.4938542654226
175333.333333333,-68.1819173336664
175416.666666667,-67.8889513963814
175500,-67.6139468483659
175583.333333333,-67.3559835730285
175666.666666667,-67.1142245652483
175750,-66.8879093568414
175833.333333333,-66.6763475977646
175916.666666667,-66.4789129884724
176000,-66.2950376612741
176083.333333333,-66.1242070488886
176166.666666667,-65.9659552429089
176250,-65.8198608244864
176333.333333333,-65.6855431387585
176416.666666667,-65.5626589795929
176500,-65.4508996499493
176583.333333333,-65.3499883639675
176666.666666667,-65.2596779589473
176750,-65.1797488880515
176833.333333333,-65.1100074674651
176916.666666667,-65.0502843547428
177000,-65.0004332379513
177083.333333333,-64.9603297179513
177166.666666667,-64.9298703687589
177250,-64.9089719633052
177333.333333333,-64.8975708541266
177416.666666667,-64.8956225006292
177500,-64.9031011364787
177583.333333333,-64.9199995725147
177666.666666667,-64.946329132367
177750,-64.9821197196217
177833.333333333,-65.0274200170782
177916.666666667,-65.0822978202958
178000,-65.1468405092932
178083.333333333,-65.2211556639866
178166.666666667,-65.3053718306976
178250,-65.3996394488671
178333.333333333,-65.5041319490007
178416.666666667,-65.6190470347585
178500,-65.7446081640725
178583.333333333,-65.8810662460508
178666.666666667,-66.0287015721847
178750,-66.1878260018496
178833.333333333,-66.3587854229472
178916.666666667,-66.5419625084748
179000,-66.7377797880943
179083.333333333,-66.946703049507
179166.666666667,-67.1692450761299
179250,-67.4059697130035
179333.333333333,-67.6574962285904
179416.666666667,-67.9245039010094
179500,-68.2077366953528
179583.333333333,-68.5080078018588
179666.666666667,-68.8262036541715
179750,-69.1632868136959
179833.333333333,-69.5202967452565
179916.666666667,-69.8983469510228
180000,-70.2986160652307
180083.333333333,-70.7223291725294
180166.666666667,-71.1707235375285
180250,-71.6449897259036
180333.333333333,-72.146174174582
180416.666666667,-72.675021818416
180500,-73.2317264116583
180583.333333333,-73.8155408692911
180666.666666667,-74.4241808114312
180750,-75.0529365701955
180833.333333333,-75.6934091785136
180916.666666667,-76.3318471788274
181000,-76.9472691706909
181083.333333333,-77.5100288059192
181166.666666667,-77.982226372811
181250,-78.321925141724
181333.333333333,-78.4922162846525
181416.666666667,-78.4727372536075
181500,-78.267365327598
181583.333333333,-77.9026813342733
181666.666666667,-77.4183455525233
181750,-76.8558004390455
181833.333333333,-76.2506456080271
181916.666666667,-75.6297890724678
182000,-75.0117992696866
182083.333333333,-74.4085870935545
182166.666666667,-73.8272592695012
182250,-73.2716649284145
182333.333333333,-72.7435369792992
182416.666666667,-72.2432809404542
182500,-71.7704995958323
182583.333333333,-71.3243335112795
182666.666666667,-70.9036781030706
182750,-70.5073197535175
182833.333333333,-70.1340195335854
182916.666666667,-69.782563311539
183000,-69.4517904521749
183083.333333333,-69.1406089905471
183166.666666667,-68.8480023566681
183250,-68.5730309130531
183333.333333333,-68.3148303960055
183416.666666667,-68.0726085956215
183500,-67.8456411214063
183583.333333333,-67.6332667847297
183666.666666667,-67.4348829254381
183750,-67.249940878372
183833.333333333,-67.0779416910369
183916.666666667,-66.9184321497889
184000,-66.7710011380756
184083.333333333,-66.6352763293745
184166.666666667,-66.5109212051387
184250,-66.397632381165
184333.333333333,-66.2951372224114
184416.666666667,-66.2031917251779
184500,-66.1215786457812
184583.333333333,-66.0501058559367
184666.666666667,-65.9886049065819
184750,-65.9369297836598
184833.333333333,-65.8949558412456
184916.666666667,-65.8625788992803
185000,-65.8397144949973
185083.333333333,-65.8262972789296
185166.666666667,-65.8222805480267
185250,-65.8276359100868
185333.333333333,-65.8423530752215
185416.666666667,-65.8664397715755
185500,-65.8999217839809
185583.333333333,-65.9428431156501
185666.666666667,-65.995266274391
185750,-66.0572726862589
185833.333333333,-66.128963240916
185916.666666667,-66.2104589744078
186000,-66.3019018964194
186083.333333333,-66.4034559704662
186166.666666667,-66.5153082568152
186250,-66.6376702290991
186333.333333333,-66.7707792766432
186416.666666667,-66.9149004051602
186500,-67.0703281486077
186583.333333333,-67.2373887041738
186666.666666667,-67.4164423002766
186750,-67.6078858030835
186833.333333333,-67.8121555597002
186916.666666667,-68.0297304638307
187000,-68.2611352102991
187083.333333333,-68.5069436745555
187166.666666667,-68.7677823070157
187250,-69.0443333616991
187333.333333333,-69.3373376722358
187416.666666667,-69.6475965277652
187500,-69.9759719593099
187583.333333333,-70.3233843822741
187666.666666667,-70.6908059901212
187750,-71.0792474628773
187833.333333333,-71.4897342989011
187916.666666667,-71.9232671873526
188000,-72.3807580048117
188083.333333333,-72.8629288190437
188166.666666667,-73.3701551841034
188250,-73.9022264887527
188333.333333333,-74.4579850557702
188416.666666667,-75.0347934626353
188500,-75.6277716101826
188583.333333333,-76.2287561364796
188666.666666667,-76.824997257543
188750,-77.3977787429865
188833.333333333,-77.921488749018
188916.666666667,-78.364155747012
189000,-78.6907614011041
189083.333333333,-78.8699784883097
189166.666666667,-78.8827754969688
189250,-78.7287729366197
189333.333333333,-78.4263784524183
189416.666666667,-78.0066094247736
189500,-77.5044870592383
189583.333333333,-76.9521805847704
189666.666666667,-76.3755667905299
189750,-75.7936124122196
189833.333333333,-75.2192692969517
189916.666666667,-74.6608497176957
190000,-74.1233374240958
190083.333333333,-73.6094391527704
190166.666666667,-73.1203574357286
190250,-72.6563309537285
190333.333333333,-72.2170009728128
190416.666666667,-71.8016548299188
190500,-71.4093852312081
190583.333333333,-71.0391929777498
190666.666666667,-70.6900521114081
190750,-70.360950291731
190833.333333333,-70.0509129520916
190916.666666667,-69.7590169059014
191000,-69.4843971531611
191083.333333333,-69.2262493625682
191166.666666667,-68.9838296598816
191250,-68.7564527938594
191333.333333333,-68.543489380571
191416.666666667,-68.3443626809047
191500,-68.1585452031886
191583.333333333,-67.9855553146779
191666.666666667,-67.8249539741734
191750,-67.6763416509649
191833.333333333,-67.5393554645824
191916.666666667,-67.4136665599929
192000,-67.29897772039
192083.333333333,-67.1950212120987
192166.666666667,-67.1015568516908
192250,-67.0183702832079
192333.333333333,-66.9452714524996
192416.666666667,-66.882093265731
192500,-66.8286904197555
192583.333333333,-66.784938392966
192666.666666667,-66.750732586415
192750,-66.7259876062236
192833.333333333,-66.7106366796223
192916.666666667,-66.7046311982119
193000,-66.7079403833786
193083.333333333,-66.7205510700016
193166.666666667,-66.742467605838
193250,-66.7737118651876
193333.333333333,-66.8143233765759
193416.666666667,-66.8643595653837
193500,-66.9238961134638
193583.333333333,-66.9930274388642
193666.666666667,-67.0718672999023
193750,-67.1605495287732
193833.333333333,-67.2592289008529
193916.666666667,-67.3680821466299
194000,-67.4873091137492
194083.333333333,-67.6171340869209
194166.666666667,-67.7578072731398
194250,-67.9096064586261
194333.333333333,-68.072838841726
194416.666666667,-68.2478430420689
194500,-68.4349912799664
194583.333333333,-68.6346917099308
194666.666666667,-68.8473908768785
194750,-69.0735762403353
194833.333333333,-69.3137786773933
194916.666666667,-69.5685748238422
195000,-69.8385890370576
195083.333333333,-70.1244946524374
195166.666666667,-70.4270140403326
195250,-70.7469167273386
195333.333333333,-71.0850144872199
195416.666666667,-71.4421517771374
195500,-71.8191891132515
195583.333333333,-72.2169758276113
195666.666666667,-72.6363069574397
195750,-73.0778565575131
195833.333333333,-73.5420762021333
195916.666666667,-74.0290425356044
196000,-74.5382312375624
196083.333333333,-75.0681870033266
196166.666666667,-75.6160518614776
196250,-76.1769125435593
196333.333333333,-76.7429438396314
196416.666666667,-77.3023828079038
196500,-77.8385053930647
196583.333333333,-78.3290251381497
196666.666666667,-78.7466550980229
196750,-79.0617342597168
196833.333333333,-79.2473385249059
196916.666666667,-79.2858390744617
197000,-79.1741416530208
197083.333333333,-78.9246812007764
197166.666666667,-78.5615597600954
197250,-78.1141067533416
197333.333333333,-77.6109784911512
197416.666666667,-77.0765598074956
197500,-76.5297027511111
197583.333333333,-75.9839815596546
197666.666666667,-75.4486195478034
197750,-74.9295453194902
197833.333333333,-74.4303244113797
197916.666666667,-73.9528901637898
198000,-73.498081170073
198083.333333333,-73.0660214216905
198166.666666667,-72.6563825873887
198250,-72.2685618841147
198333.333333333,-71.9018010816867
198416.666666667,-71.5552651094697
198500,-71.2280932199469
198583.333333333,-70.9194316402094
198666.666666667,-70.6284538074646
198750,-70.3543723267495
198833.333333333,-70.0964454513332
198916.666666667,-69.8539799774839
199000,-69.6263318294925
199083.333333333,-69.4129051937187
199166.666666667,-69.2131507778627
199250,-69.0265635800092
199333.333333333,-68.8526804221076
199416.666666667,-68.6910774143025
199500,-68.5413674568472
199583.333333333,-68.4031978459912
199666.666666667,-68.2762480230804
199750,-68.1602274880461
199833.333333333,-68.0548738865918
199916.666666667,-67.959951272688
200000,-67.8752485432591
200083.333333333,-67.8005780391247
200166.666666667,-67.7357743047841
200250,-67.6806929990599
200333.333333333,-67.6352099486458
200416.666666667,-67.5992203369736
200500,-67.5726380214951
200583.333333333,-67.5553949732586
200666.666666667,-67.5474408335555
200750,-67.5487425833512
200833.333333333,-67.5592843221659
200916.666666667,-67.5790671540424
201000,-67.6081091791707
201083.333333333,-67.6464455907009
201166.666666667,-67.6941288771558
201250,-67.7512291317469
201333.333333333,-67.817834470731
201416.666666667,-67.8940515636897
201500,-67.9800062792907
201583.333333333,-68.0758444506074
201666.666666667,-68.1817327644055
201750,-68.2978597787716
201833.333333333,-68.4244370730851
201916.666666667,-68.5617005331984
202000,-68.7099117727037
202083.333333333,-68.869359687809
202166.666666667,-69.0403621380375
202250,-69.2232677369228
202333.333333333,-69.4184577248389
202416.666666667,-69.6263478783985
202500,-69.8473903850078
202583.333333333,-70.082075573544
202666.666666667,-70.3309333377813
202750,-70.5945340104339
202833.333333333,-70.873488331968
202916.666666667,-71.1684459937395
203000,-71.4800919970074
203083.333333333,-71.8091397246423
203166.666666667,-72.1563191233488
203250,-72.5223576727466
203333.333333333,-72.9079507778299
203416.666666667,-73.3137167328607
203500,-73.7401292995996
203583.333333333,-74.1874180273662
203666.666666667,-74.6554225511632
203750,-75.1433822472809
203833.333333333,-75.6496373482217
203916.666666667,-76.1712137641888
204000,-76.7032660304616
204083.333333333,-77.2383707067633
204166.666666667,-77.765713538485
204250,-78.2703217222127
204333.333333333,-78.7326734750349
204416.666666667,-79.1292332948223
204500,-79.4345482856176
204583.333333333,-79.6251923314125
204666.666666667,-79.6848580652985
204750,-79.608695341107
204833.333333333,-79.4047240057205
204916.666666667,-79.0915278053413
205000,-78.693503721933
205083.333333333,-78.2359218824789
205166.666666667,-77.7414307947549
205250,-77.2284065034791
205333.333333333,-76.7107122789276
205416.666666667,-76.1982278543723
205500,-75.6976515435864
205583.333333333,-75.2132950720935
205666.666666667,-74.7477537252154
205750,-74.3024257570016
205833.333333333,-73.8778955438331
205916.666666667,-73.4742075992039
206000,-73.0910585502014
206083.333333333,-72.7279296703192
206166.666666667,-72.3841772876763
206250,-72.0590937533814
206333.333333333,-71.7519480197514
206416.666666667,-71.4620121854383
206500,-71.1885784327933
206583.333333333,-70.9309694218869
206666.666666667,-70.6885442570182
206750,-70.4607014840078
206833.333333333,-70.2468801220469
206916.666666667,-70.0465594198637
207000,-69.8592578091847
207083.333333333,-69.6845313784878
207166.666666667,-69.5219720864194
207250,-69.3712058625332
207333.333333333,-69.2318906934058
207416.666666667,-69.1037147580008
207500,-68.9863946525922
207583.333333333,-68.8796737294919
207666.666666667,-68.7833205629008
207750,-68.6971275479126
207833.333333333,-68.6209096339723
207916.666666667,-68.5545031910464
208000,-68.4977650049988
208083.333333333,-68.4505713977305
208166.666666667,-68.4128174672753
208250,-68.3844164430728
208333.333333333,-68.3652991519669
208416.666666667,-68.3554135909257
208500,-68.3547246030894
208583.333333333,-68.3632136544028
208666.666666667,-68.3808787087752
208750,-68.4077342004388
208833.333333333,-68.4438111028413
208916.666666667,-68.4891570941378
209000,-68.543836819932
209083.333333333,-68.6079322545293
209166.666666667,-68.6815431624438
209250,-68.7647876622429
209333.333333333,-68.8578028949948
209416.666666667,-68.960745799492
209500,-69.0737939959296
209583.333333333,-69.1971467787427
209666.666666667,-69.3310262175484
209750,-69.4756783623134
209833.333333333,-69.6313745445907
209916.666666667,-69.7984127602917
210000,-69.9771191100742
210083.333333333,-70.1678492600057
210166.666666667,-70.3709898657604
210250,-70.5869598760261
210333.333333333,-70.8162115914576
210416.666666667,-71.0592312996547
210500,-71.316539227122
210583.333333333,-71.5886884362686
210666.666666667,-71.8762621347896
210750,-72.1798686360843
210833.333333333,-72.500132883926
210916.666666667,-72.8376829918609
211000,-73.1931295915184
211083.333333333,-73.5670348581016
211166.666666667,-73.9598667870036
211250,-74.3719325148203
211333.333333333,-74.8032820933222
211416.666666667,-75.2535710766952
211500,-75.7218667108043
211583.333333333,-76.2063790642407
211666.666666667,-76.7040968706308
211750,-77.2103120827358
211833.333333333,-77.7180347682686
211916.666666667,-78.2173434910408
212000,-78.6948011771539
212083.333333333,-79.1331993615572
212166.666666667,-79.5120421612338
212250,-79.8092295171379
212333.333333333,-80.0041465497501
212416.666666667,-80.0816827220358
212500,-80.0358494784671
212583.333333333,-79.8713672404874
212666.666666667,-79.6024071868441
212750,-79.2491382211599
212833.333333333,-78.8336710177905
212916.666666667,-78.3768130191425
213000,-77.8962162402585
213083.333333333,-77.4057710966821
213166.666666667,-76.9157969918605
213250,-76.4336037269912
213333.333333333,-75.964142319255
213416.666666667,-75.5106015687273
213500,-75.0748974422885
213583.333333333,-74.6580500496806
213666.666666667,-74.260462988977
213750,-73.8821251983267
213833.333333333,-73.5227543171097
213916.666666667,-73.1818972135638
214000,-72.858999729944
214083.333333333,-72.553454570785
214166.666666667,-72.2646337957571
214250,-71.9919105305047
214333.333333333,-71.7346731622483
214416.666666667,-71.4923343220063
214500,-71.264336270841
214583.333333333,-71.0501538246868
214666.666666667,-70.8492956126664
214750,-70.6613042250852
214833.333333333,-70.4857556396277
214916.666666667,-70.3222581963416
215000,-70.1704513091245
215083.333333333,-70.0300040430114
215166.666666667,-69.9006136455832
215250,-69.78200409195
215333.333333333,-69.6739246825481
215416.666666667,-69.5761487188564
215500,-69.4884722723964
215583.333333333,-69.410713055604
215666.666666667,-69.342709398657
215750,-69.2843193333289
215833.333333333,-69.2354197830419
215916.666666667,-69.1959058571565
216000,-69.1656902469711
216083.333333333,-69.1447027206634
216166.666666667,-69.1328897145177
216250,-69.1302140179696
216333.333333333,-69.1366545503959
216416.666666667,-69.1522062279829
216500,-69.1768799194828
216583.333333333,-69.2107024901455
216666.666666667,-69.2537169335708
216750,-69.3059825916343
216833.333333333,-69.3675754630055
216916.666666667,-69.438588600991
217000,-69.5191326015434
217083.333333333,-69.6093361820906
217166.666666667,-69.7093468514646
217250,-69.8193316702411
217333.333333333,-69.9394780994202
217416.666666667,-70.0699949330022
217500,-70.2111133066404
217583.333333333,-70.3630877694641
217666.666666667,-70.5261973990169
217750,-70.7007469289333
217833.333333333,-70.8870678444957
217916.666666667,-71.0855193808678
218000,-71.2964893301472
218083.333333333,-71.5203945233694
218166.666666667,-71.757680797484
218250,-72.008822178771
218333.333333333,-72.2743189040993
218416.666666667,-72.5546937470887
218500,-72.8504858999991
218583.333333333,-73.1622413590077
218666.666666667,-73.4904983368956
218750,-73.8357656369107
218833.333333333,-74.1984911055257
218916.666666667,-74.5790161668571
219000,-74.9775109483128
219083.333333333,-75.3938825727871
219166.666666667,-75.827646828355
219250,-76.2777508428531
219333.333333333,-76.7423322530472
219416.666666667,-77.2184002513634
219500,-77.7014290738577
219583.333333333,-78.184870836946
219666.666666667,-78.6596311061058
219750,-79.1136171617948
219833.333333333,-79.5315676359532
219916.666666667,-79.8954764912898
220000,-80.1859520953873
220083.333333333,-80.3846685788679
220166.666666667,-80.4775845087137
220250,-80.4579820624923
220333.333333333,-80.3280926689421
220416.666666667,-80.0985447751285
220500,-79.785900706606
220583.333333333,-79.4093784389515
220666.666666667,-78.9879285238203
220750,-78.5383147253384
220833.333333333,-78.074251342256
220916.666666667,-77.6063148645532
221000,-77.1422855017413
221083.333333333,-76.6876538758663
221166.666666667,-76.2461359720509
221250,-75.8201232968614
221333.333333333,-75.4110459319694
221416.666666667,-75.0196514834436
221500,-74.6462128622756
221583.333333333,-74.2906798693133
221666.666666667,-73.9527881726424
221750,-73.6321367822345
221833.333333333,-73.3282426036644
221916.666666667,-73.0405784895332
222000,-72.7685994944172
222083.333333333,-72.5117607413167
222166.666666667,-72.2695293489532
222250,-72.0413921723722
222333.333333333,-71.8268606073503
222416.666666667,-71.6254733494069
222500,-71.4367977413918
222583.333333333,-71.2604301602938
222666.666666667,-71.0959957631761
222750,-70.9431478188632
222833.333333333,-70.8015667853902
222916.666666667,-70.6709592456741
223000,-70.5510567798964
223083.333333333,-70.4416148288433
223166.666666667,-70.3424115851842
223250,-70.2532469373972
223333.333333333,-70.1739414823839
223416.666666667,-70.1043356167465
223500,-70.0442887124554
223583.333333333,-69.9936783797965
223666.666666667,-69.9523998185716
223750,-69.9203652573
223833.333333333,-69.8975034794824
223916.666666667,-69.8837594356028
224000,-69.8790939394618
224083.333333333,-69.883483447449
224166.666666667,-69.8969199195873
224250,-69.9194107613463
224333.333333333,-69.9509788455608
224416.666666667,-69.9916626139499
224500,-70.0415162580431
224583.333333333,-70.1006099793673
224666.666666667,-70.1690303288114
224750,-70.2468806249224
224833.333333333,-70.3342814504557
224916.666666667,-70.4313712257697
225000,-70.5383068564665
225083.333333333,-70.6552644507564
225166.666666667,-70.782440099382
225250,-70.9200507069492
225333.333333333,-71.0683348579403
225416.666666667,-71.2275536929342
225500,-71.3979917596075
225583.333333333,-71.5799577879946
225666.666666667,-71.7737853185773
225750,-71.979833082821
225833.333333333,-72.1984849957616
225916.666666667,-72.4301495650219
226000,-72.6752584441559
226083.333333333,-72.9342637525614
226166.666666667,-73.2076336379306
226250,-73.4958453550803
226333.333333333,-73.7993748557686
226416.666666667,-74.1186814998431
226500,-74.454185971948
226583.333333333,-74.8062387741732
226666.666666667,-75.1750757111742
226750,-75.5607555398146
226833.333333333,-75.9630733959028
226916.666666667,-76.3814417908265
227000,-76.8147291332375
227083.333333333,-77.2610445117202
227166.666666667,-77.7174582580276
227250,-78.1796532573543
227333.333333333,-78.6415166019862
227416.666666667,-79.09471145516
227500,-79.5283213704153
227583.333333333,-79.9287335533026
227666.666666667,-80.2800026326361
227750,-80.5649536442237
227833.333333333,-80.7671492445788
227916.666666667,-80.8735000694048
228000,-80.8768363713853
228083.333333333,-80.7774976557039
228166.666666667,-80.5832545033066
228250,-80.3075979276576
228333.333333333,-79.9671275435379
228416.666666667,-79.578976647792
228500,-79.1589181178254
228583.333333333,-78.7203343698451
228666.666666667,-78.2739063990533
228750,-77.8277601135065
228833.333333333,-77.3878338009549
228916.666666667,-76.9583072854813
229000,-76.5420060737006
229083.333333333,-76.1407440746825
229166.666666667,-75.7555970958586
229250,-75.3871129106206
229333.333333333,-75.0354685826941
229416.666666667,-74.7005862575533
229500,-74.3822173166789
229583.333333333,-74.0800029366773
229666.666666667,-73.7935172922786
229750,-73.5222981098468
229833.333333333,-73.2658680606252
229916.666666667,-73.0237495520132
230000,-72.7954747799592
230083.333333333,-72.5805923934221
230166.666666667,-72.3786717480972
230250,-72.1893054551624
230333.333333333,-72.0121107342487
230416.666666667,-71.8467299376747
230500,-71.6928305102501
230583.333333333,-71.5501045746487
230666.666666667,-71.4182682785907
230750,-71.2970610012075
230833.333333333,-71.1862444877955
230916.666666667,-71.085601961824
231000,-70.9949372483371
231083.333333333,-70.9140739323052
231166.666666667,-70.8428545678525
231250,-70.7811399488659
231333.333333333,-70.7288084476432
231416.666666667,-70.6857554255417
231500,-70.6518927177798
231583.333333333,-70.6271481932711
231666.666666667,-70.6114653896279
231750,-70.6048032229993
231833.333333333,-70.6071357721385
231916.666666667,-70.6184521360517
232000,-70.6387563645376
232083.333333333,-70.6680674610154
232166.666666667,-70.7064194570592
232250,-70.7538615581167
232333.333333333,-70.8104583597879
232416.666666667,-70.8762901338861
232500,-70.9514531831284
232583.333333333,-71.0360602626499
232666.666666667,-71.130241065562
232750,-71.2341427682769
232833.333333333,-71.3479306291551
232916.666666667,-71.4717886309882
233000,-71.6059201535161
233083.333333333,-71.7505486562383
233166.666666667,-71.9059183435857
233250,-72.0722947732247
233333.333333333,-72.2499653529114
233416.666666667,-72.4392396501746
233500,-72.6404494104075
233583.333333333,-72.8539481395405
233666.666666667,-73.0801100538469
233750,-73.3193281259659
233833.333333333,-73.5720108558627
233916.666666667,-73.8385772583546
234000,-74.1194493715413
234083.333333333,-74.4150413354496
234166.666666667,-74.7257437442292
234250,-75.0519015091334
234333.333333333,-75.3937828486511
234416.666666667,-75.751536209727
234500,-76.1251308908369
234583.333333333,-76.5142758852695
234666.666666667,-76.9183100706428
234750,-77.3360555872137
234833.333333333,-77.7656256564633
234916.666666667,-78.2041793762797
235000,-78.6476213437633
235083.333333333,-79.0902567749949
235166.666666667,-79.5244377914187
235250,-79.9402779560867
235333.333333333,-80.325568749393
235416.666666667,-80.6660870811406
235500,-80.9464945948681
235583.333333333,-81.151931934785
235666.666666667,-81.2701590440386
235750,-81.2937456276543
235833.333333333,-81.2215850445789
235916.666666667,-81.0591314990553
236000,-80.8172602163844
236083.333333333,-80.5102173925024
236166.666666667,-80.1533921131415
236250,-79.7615087193645
236333.333333333,-79.3475001690875
236416.666666667,-78.9220253227449
236500,-78.4934462228718
236583.333333333,-78.0680646461963
236666.666666667,-77.6504643263767
236750,-77.2438643655609
236833.333333333,-76.8504364220227
236916.666666667,-76.4715683382313
237000,-76.1080731642882
237083.333333333,-75.7603498713115
237166.666666667,-75.4285043682047
237250,-75.1124392936557
237333.333333333,-74.8119199131644
237416.666666667,-74.5266220547938
237500,-74.2561667040304
237583.333333333,-74.0001447698573
237666.666666667,-73.7581346511459
237750,-73.5297145522829
237833.333333333,-73.3144709837701
237916.666666667,-73.1120045013865
238000,-72.9219334552655
238083.333333333,-72.7438963127873
238166.666666667,-72.5775529671545
238250,-72.4225853322419
238333.333333333,-72.2786974429087
238416.666666667,-72.1456152203761
238500,-72.0230860187156
238583.333333333,-71.9108780365405
238666.666666667,-71.8087796546441
238750,-71.7165987432113
238833.333333333,-71.6341619697116
238916.666666667,-71.5613141294596
239000,-71.4979175141661
239083.333333333,-71.4438513289881
239166.666666667,-71.3990111651225
239250,-71.3633085325103
239333.333333333,-71.3366704554629
239416.666666667,-71.3190391328543
239500,-71.3103716636533
239583.333333333,-71.31063983807
239666.666666667,-71.3198299942343
239750,-71.3379429400943
239833.333333333,-71.3649939400903
239916.666666667,-71.4010127660017
240000,-71.4460438112335
240083.333333333,-71.5001462675574
240166.666666667,-71.5633943629656
240250,-71.6358776587468
240333.333333333,-71.7177014030582
240416.666666667,-71.8089869370712
240500,-71.9098721480618
240583.333333333,-72.0205119614197
240666.666666667,-72.1410788602412
240750,-72.2717634166242
240833.333333333,-72.4127748125824
240916.666666667,-72.5643413200687
241000,-72.7267106981871
241083.333333333,-72.9001504501985
241166.666666667,-73.0849478620699
241250,-73.2814097160428
241333.333333333,-73.4898615345478
241416.666666667,-73.710646158149
241500,-73.9441213913879
241583.333333333,-74.1906563559813
241666.666666667,-74.4506260632021
241750,-74.7244035451012
241833.333333333,-75.0123486526957
241916.666666667,-75.3147923193833
242000,-75.632014676793
242083.333333333,-75.9642148721235
242166.666666667,-76.3114697458859
242250,-76.6736776729761
242333.333333333,-77.0504828660107
242416.666666667,-77.4411743790706
242500,-77.8445531729091
242583.333333333,-78.2587604291411
242666.666666667,-78.6810618302961
242750,-79.1075874909982
242833.333333333,-79.5330383094902
242916.666666667,-79.9503901297789
243000,-80.3506600675123
243083.333333333,-80.7228431273646
243166.666666667,-81.0541691475471
243250,-81.3308389946712
243333.333333333,-81.5393276000597
243416.666666667,-81.6681554890699
243500,-81.7097656670144
243583.333333333,-81.6619422722808
243666.666666667,-81.5282537227277
243750,-81.3173450114735
243833.333333333,-81.0413561817556
243916.666666667,-80.7140240454997
244000,-80.3489993914866
244083.333333333,-79.9586786949145
244166.666666667,-79.5535942571152
244250,-79.142248446324
244333.333333333,-78.7312298450246
244416.666666667,-78.3254697508064
244500,-77.9285418771026
244583.333333333,-77.5429498995007
244666.666666667,-77.1703774079614
244750,-76.8118928620485
244833.333333333,-76.4681114832777
244916.666666667,-76.1393199636167
245000,-75.825570868101
245083.333333333,-75.5267532001091
245166.666666667,-75.2426446431245
245250,-74.9729499309483
245333.333333333,-74.7173288250063
245416.666666667,-74.4754163608458
245500,-74.2468373738776
245583.333333333,-74.0312168088092
245666.666666667,-73.8281869325706
245750,-73.6373922811631
245833.333333333,-73.4584929550494
245916.666666667,-73.291166717248
246000,-73.1351102295621
246083.333333333,-72.9900396744202
246166.666666667,-72.8556909448298
246250,-72.7318195369106
246333.333333333,-72.6182002438781
246416.666666667,-72.5146267241024
246500,-72.4209109963538
246583.333333333,-72.3368829009911
246666.666666667,-72.2623895551654
246750,-72.1972948222714
246833.333333333,-72.1414788100794
246916.666666667,-72.0948374077142
247000,-72.0572818685619
247083.333333333,-72.0287384438913
247166.666666667,-72.0091480703828
247250,-71.9984661135414
247333.333333333,-71.9966621681813
247416.666666667,-72.0037199165392
247500,-72.0196370441361
247583.333333333,-72.0444252131893
247666.666666667,-72.0781100930176
247750,-72.1207314466062
247833.333333333,-72.1723432720773
247916.666666667,-72.2330139972946
248000,-72.3028267251405
248083.333333333,-72.3818795259725
248166.666666667,-72.4702857724594
248250,-72.5681745100443
248333.333333333,-72.6756908537927
248416.666666667,-72.7929963988226
248500,-72.920269626866
248583.333333333,-73.0577062851233
248666.666666667,-73.2055197051104
248750,-73.3639410177302
248833.333333333,-73.5332192055679
248916.666666667,-73.7136209129019
249000,-73.9054299065128
249083.333333333,-74.1089460436951
249166.666666667,-74.3244835546299
249250,-74.5523683804349
249333.333333333,-74.7929342199487
249416.666666667,-75.0465168203193
249500,-75.3134458889792
249583.333333333,-75.5940337953094
249666.666666667,-75.8885599538288
249750,-76.1972494192835
249833.333333333,-76.5202437583393
249916.666666667,-76.8575616770259
250000,-77.2090461739707
250083.333333333,-77.5742941847154
250166.666666667,-77.9525638765112
250250,-78.3426541696649
250333.333333333,-78.7427511562428
250416.666666667,-79.1502376963999
250500,-79.5614669953762
250583.333333333,-79.9715104731006
250666.666666667,-80.3739072651721
250750,-80.7604691319796
250833.333333333,-81.1212288866442
250916.666666667,-81.4446529090313
251000,-81.7182458208154
251083.333333333,-81.9296232642104
251166.666666667,-82.0679901429589
251250,-82.1257572697363
251333.333333333,-82.0998570666326
251416.666666667,-81.9923167622306
251500,-81.8098768732653
251583.333333333,-81.5627974770075
251666.666666667,-81.2632644351144
251750,-80.9238534267182
251833.333333333,-80.5563617670127
251916.666666667,-80.1711096808006
252000,-79.7766564003129
252083.333333333,-79.3798077064737
252166.666666667,-78.98578970653
252250,-78.5984933109955
252333.333333333,-78.2207289998261
252416.666666667,-77.8544598565722
252500,-77.500999729644
252583.333333333,-77.1611742362163
252666.666666667,-76.8354476884261
252750,-76.5240210985872
252833.333333333,-76.2269067443101
252916.666666667,-75.9439842840983
253000,-75.6750426301166
253083.333333333,-75.4198109688916
253166.666666667,-75.1779815879264
253250,-74.9492265546944
253333.333333333,-74.7332098049737
253416.666666667,-74.5295958159912
253500,-74.3380557472851
253583.333333333,-74.1582717103072
253666.666666667,-73.9899396607253
253750,-73.8327712819979
253833.333333333,-73.6864951351495
253916.666666667,-73.5508572795476
254000,-73.4256215173334
254083.333333333,-73.3105693750252
254166.666666667,-73.2054999067541
254250,-73.1102293817804
254333.333333333,-73.0245909027127
254416.666666667,-72.9484339886776
254500,-72.8816241486297
254583.333333333,-72.8240424632361
254666.666666667,-72.7755851886974
254750,-72.7361633921427
254833.333333333,-72.7057026254384
254916.666666667,-72.6841426421977
255000,-72.6714371612466
255083.333333333,-72.6675536786792
255166.666666667,-72.6724733297711
255250,-72.6861908013798
255333.333333333,-72.7087142949124
255416.666666667,-72.7400655394709
255500,-72.7802798542906
255583.333333333,-72.8294062590677
255666.666666667,-72.8875076301012
255750,-72.9546608993273
255833.333333333,-73.0309572921981
255916.666666667,-73.1165025988716
256000,-73.2114174711439
256083.333333333,-73.3158377348891
256166.666666667,-73.4299147041554
256250,-73.5538154782659
256333.333333333,-73.6877231969183
256416.666666667,-73.8318372197482
256500,-73.9863731855863
256583.333333333,-74.151562891645
256666.666666667,-74.327653913015
256750,-74.5149088564769
256833.333333333,-74.7136041075443
256916.666666667,-74.9240278831804
257000,-75.1464773407562
257083.333333333,-75.3812544118618
257166.666666667,-75.6286599209337
257250,-75.8889854052123
257333.333333333,-76.162501863928
257416.666666667,-76.4494444185678
257500,-76.7499915485696
257583.333333333,-77.0642371641947
257666.666666667,-77.3921532811801
257750,-77.7335404736561
257833.333333333,-78.0879626357216
257916.666666667,-78.4546619706164
258000,-78.8324497527966
258083.333333333,-79.2195686666491
258166.666666667,-79.6135241141734
258250,-80.0108859305906
258333.333333333,-80.4070700688256
258416.666666667,-80.7961239098569
258500,-81.170560234155
258583.333333333,-81.5213121929905
258666.666666667,-81.8379073185162
258750,-82.108965432905
258833.333333333,-82.3230873087004
258916.666666667,-82.4700967580816
259000,-82.5424395118898
259083.333333333,-82.5363950659454
259166.666666667,-82.4527270527301
259250,-82.2965468481223
259333.333333333,-82.076438958343
259416.666666667,-81.8031428350574
259500,-81.4881741417444
259583.333333333,-81.1426876956726
259666.666666667,-80.7767221515237
259750,-80.3988211420521
259833.333333333,-80.0159446276651
259916.666666667,-79.6335642745628
260000,-79.255852409572
260083.333333333,-78.8859017258435
260166.666666667,-78.5259386801268
260250,-78.1775124210288
260333.333333333,-77.8416529788487
260416.666666667,-77.518998997518
260500,-77.209898356201
260583.333333333,-76.9144860692284
260666.666666667,-76.6327438396831
260750,-76.3645451562598
260833.333333333,-76.1096891841931
260916.666666667,-75.8679260677535
261000,-75.638975702478
261083.333333333,-75.4225415702649
261166.666666667,-75.2183208577745
261250,-75.0260117865793
261333.333333333,-74.8453188582116
261416.666666667,-74.6759565449954
261500,-74.5176518268525
261583.333333333,-74.3701458753234
261666.666666667,-74.2331951114638
261750,-74.1065718080438
261833.333333333,-73.9900643641588
261916.666666667,-73.8834773484653
262000,-73.7866313832507
262083.333333333,-73.6993629234727
262166.666666667,-73.6215239712578
262250,-73.5529817560673
262333.333333333,-73.4936184030297
262416.666666667,-73.4433306060758
262500,-73.4020293181195
262583.333333333,-73.3696394672452
262666.666666667,-73.3460997053439
262750,-73.3313621937728
262833.333333333,-73.3253924291935
262916.666666667,-73.3281691116141
263000,-73.3396840558327
263083.333333333,-73.3599421467198
263166.666666667,-73.3889613381671
263250,-73.4267726948727
263333.333333333,-73.4734204754894
263416.666666667,-73.5289622548603
263500,-73.5934690821009
263583.333333333,-73.6670256700642
263666.666666667,-73.7497306101124
263750,-73.841696604
263833.333333333,-73.943050701933
263916.666666667,-74.0539345321667
264000,-74.1745045027152
264083.333333333,-74.3049319493727
264166.666666667,-74.445403195872
264250,-74.596119480982
264333.333333333,-74.7572966928081
264416.666666667,-74.9291648314095
264500,-75.1119670956423
264583.333333333,-75.3059584568635
264666.666666667,-75.511403538352
264750,-75.7285735615677
264833.333333333,-75.9577420445061
264916.666666667,-76.1991788377071
265000,-76.4531419531437
265083.333333333,-76.7198664716155
265166.666666667,-76.9995495954616
265250,-77.292330634656
265333.333333333,-77.5982643660526
265416.666666667,-77.9172857827503
265500,-78.2491637614742
265583.333333333,-78.5934406555738
265666.666666667,-78.9493543570935
265750,-79.3157391452749
265833.333333333,-79.6909019892058
265916.666666667,-80.0724724810413
266000,-80.4572281558849
266083.333333333,-80.8409038776818
266166.666666667,-81.2180056826205
266250,-81.5816669028951
266333.333333333,-81.9236063947597
266416.666666667,-82.2342694612157
266500,-82.503238522745
266583.333333333,-82.7199730299679
266666.666666667,-82.8748592817203
266750,-82.960425666144
266833.333333333,-82.9724536055769
266916.666666667,-82.9106682082822
267000,-82.7787848187501
267083.333333333,-82.5838956981484
267166.666666667,-82.3353977073857
267250,-82.0437731949111
267333.333333333,-81.7195064546455
267416.666666667,-81.3722986189797
267500,-81.0106150040469
267583.333333333,-80.6415128082746
267666.666666667,-80.2706633659467
267750,-79.902486280729
267833.333333333,-79.5403325456982
267916.666666667,-79.1866760669202
268000,-78.8432911927641
268083.333333333,-78.5114063034611
268166.666666667,-78.1918309998831
268250,-77.8850583786579
268333.333333333,-77.591345606707
268416.666666667,-77.3107764741962
268500,-77.0433094321815
268583.333333333,-76.7888141758105
268666.666666667,-76.5470993146253
268750,-76.3179331752181
268833.333333333,-76.1010593490713
268916.666666667,-75.8962082400435
269000,-75.7031055784271
269083.333333333,-75.5214786422632
269166.666666667,-75.3510607509578
269250,-75.1915944611427
269333.333333333,-75.042833791377
269416.666666667,-74.9045457235265
269500,-74.7765111687739
269583.333333333,-74.6585255407172
269666.666666667,-74.5503990435522
269750,-74.451956757088
269833.333333333,-74.3630385804869
269916.666666667,-74.2834990815147
270000,-74.2132072866297
270083.333333333,-74.1520464385051
270166.666666667,-74.0999137409725
270250,-74.0567201063119
270333.333333333,-74.0223899160162
270416.666666667,-73.9968608031878
270500,-73.9800834625278
270583.333333333,-73.9720214921156
270666.666666667,-73.9726512698789
270750,-73.9819618665072
270833.333333333,-73.9999549957181
270916.666666667,-74.0266450019625
271000,-74.0620588848777
271083.333333333,-74.1062363590253
271166.666666667,-74.1592299465416
271250,-74.221105099255
271333.333333333,-74.2919403455146
271416.666666667,-74.3718274552841
271500,-74.4608716148576
271583.333333333,-74.5591915997745
271666.666666667,-74.6669199308036
271750,-74.7842029930619
271833.333333333,-74.9112010920883
271916.666666667,-75.0480884124652
272000,-75.1950528338892
272083.333333333,-75.3522955455573
272166.666666667,-75.5200303814238
272250,-75.6984827748637
272333.333333333,-75.8878881999243
272416.666666667,-76.0884899252537
272500,-76.3005358531378
272583.333333333,-76.524274146017
272666.666666667,-76.7599472516302
272750,-77.0077838196975
272833.333333333,-77.2679878506715
272916.666666667,-77.540724222566
273000,-77.8260994970102
273083.333333333,-78.1241366037541
273166.666666667,-78.4347416424542
273250,-78.7576606321794
273333.333333333,-79.0924236181979
273416.666666667,-79.4382731925093
273500,-79.7940743603238
273583.333333333,-80.1582030788616
273666.666666667,-80.5284121920198
273750,-80.9016766273826
273833.333333333,-81.2740256207742
273916.666666667,-81.6403795065002
274000,-81.9944229419856
274083.333333333,-82.3285643852446
274166.666666667,-82.6340487303352
274250,-82.9012962500712
274333.333333333,-83.1205212050479
274416.666666667,-83.2826235407538
274500,-83.3802481685826
274583.333333333,-83.4088000402777
274666.666666667,-83.3671493746742
274750,-83.2578133290617
274833.333333333,-83.0865556125743
274916.666666667,-82.8615311494948
275000,-82.5922235478171
275083.333333333,-82.2884306347394
275166.666666667,-81.9594714884999
275250,-81.6136789984174
275333.333333333,-81.2581562302318
275416.666666667,-80.8987314807496
275500,-80.5400391042639
275583.333333333,-80.1856651831624
275666.666666667,-79.8383153829
275750,-79.4999791755131
275833.333333333,-79.1720771786166
275916.666666667,-78.8555865151441
276000,-78.5511438033334
276083.333333333,-78.2591277511871
276166.666666667,-77.9797242680592
276250,-77.7129771552029
276333.333333333,-77.458827198868
276416.666666667,-77.2171420966949
276500,-76.9877392254268
276583.333333333,-76.7704028657488
276666.666666667,-76.5648971616764
276750,-76.3709758126055
276833.333333333,-76.1883892715195
276916.666666667,-76.0168900456025
277000,-75.8562365571126
277083.333333333,-75.7061959153568
277166.666666667,-75.5665458681211
277250,-75.437076137688
277333.333333333,-75.3175892981307
277416.666666667,-75.2079013135355
277500,-75.1078418284874
277583.333333333,-75.0172542805113
277666.666666667,-74.9359958876146
277750,-74.8639375514265
277833.333333333,-74.8009637067126
277916.666666667,-74.7469721406691
278000,-74.7018737996786
278083.333333333,-74.665592596846
278166.666666667,-74.6380652303001
278250,-74.6192410196075
278333.333333333,-74.6090817656528
278416.666666667,-74.6075616377424
278500,-74.6146670903604
278583.333333333,-74.6303968109913
278666.666666667,-74.6547616993979
278750,-74.687784877901
278833.333333333,-74.7295017312889
278916.666666667,-74.7799599739308
279000,-74.839219740611
279083.333333333,-74.9073536961058
279166.666666667,-74.9844471568317
279250,-75.0705982156687
279333.333333333,-75.1659178582095
279416.666666667,-75.2705300550263
279500,-75.3845718098131
279583.333333333,-75.508193137118
279666.666666667,-75.6415569354074
279750,-75.7848387108315
279833.333333333,-75.9382260936888
279916.666666667,-76.1019180720149
280000,-76.2761238440867
280083.333333333,-76.4610611620734
280166.666666667,-76.6569540006871
280250,-76.8640293349097
280333.333333333,-77.0825127463509
280416.666666667,-77.3126224944008
280500,-77.5545615811801
280583.333333333,-77.8085072024417
280666.666666667,-78.0745968034986
280750,-78.3529097438399
280833.333333333,-78.6434433118187
280916.666666667,-78.9460815223187
281000,-79.2605547878417
281083.333333333,-79.586388210614
281166.666666667,-79.9228359737932
281250,-80.2687992542226
281333.333333333,-80.622725485248
281416.666666667,-80.9824880702069
281500,-81.3452483927294
281583.333333333,-81.7073069992301
281666.666666667,-82.0639590208261
281750,-82.4093807779357
281833.333333333,-82.736589324233
281916.666666667,-83.0375309720532
282000,-83.3033609117369
282083.333333333,-83.5249620499157
282166.666666667,-83.6937054894408
282250,-83.802376490027
282333.333333333,-83.8460997132828
282416.666666667,-83.8230412135604
282500,-83.7346883647383
282583.333333333,-83.5856221202832
282666.666666667,-83.3828515113085
282750,-83.1349010989152
282833.333333333,-82.8508757944482
282916.666666667,-82.5396777072638
283000,-82.2094607729342
283083.333333333,-81.8673276378055
283166.666666667,-81.5192238516872
283250,-81.1699675557878
283333.333333333,-80.8233574171406
283416.666666667,-80.4823154242537
283500,-80.1490361429148
283583.333333333,-79.825126286185
283666.666666667,-79.5117270217124
283750,-79.2096167624435
283833.333333333,-78.9192951322988
283916.666666667,-78.6410501936474
284000,-78.3750114985681
284083.333333333,-78.1211915050672
284166.666666667,-77.8795176443125
284250,-77.6498569855178
284333.333333333,-77.4320351004425
284416.666666667,-77.2258504166048
284500,-77.0310850809346
284583.333333333,-76.8475131354241
284666.666666667,-76.6749066290109
284750,-76.5130401496391
284833.333333333,-76.3616941503138
284916.666666667,-76.2206573574208
285000,-76.0897284832214
285083.333333333,-75.9687174132409
285166.666666667,-75.8574459998431
285250,-75.7557485628839
285333.333333333,-75.66347217501
285416.666666667,-75.58047679114
285500,-75.5066352678704
285583.333333333,-75.441833307881
285666.666666667,-75.3859693561605
285750,-75.3389544686068
285833.333333333,-75.3007121685684
285916.666666667,-75.27117830317
286000,-75.2503009082472
286083.333333333,-75.2380400884244
286166.666666667,-75.2343679170225
286250,-75.2392683589477
286333.333333333,-75.2527372185168
286416.666666667,-75.2747821130172
286500,-75.3054224718098
286583.333333333,-75.3446895597396
286666.666666667,-75.3926265225564
286750,-75.4492884507916
286833.333333333,-75.5147424570679
286916.666666667,-75.5890677600789
287000,-75.6723557661568
287083.333333333,-75.7647101365885
287166.666666667,-75.8662468251448
287250,-75.9770940657071
287333.333333333,-76.09739228383
287416.666666667,-76.2272938984263
287500,-76.3669629697808
287583.333333333,-76.5165746372637
287666.666666667,-76.6763142735465
287750,-76.8463762606524
287833.333333333,-77.026962265509
287916.666666667,-77.2182788568739
288000,-77.4205342594484
288083.333333333,-77.633933981549
288166.666666667,-77.8586749766796
288250,-78.0949379021613
288333.333333333,-78.3428769149873
288416.666666667,-78.6026062909401
288500,-78.8741829630927
288583.333333333,-79.157583847167
288666.666666667,-79.4526765562271
288750,-79.7591818180255
288833.333333333,-80.076625627238
288916.666666667,-80.4042789573897
289000,-80.7410828467764
289083.333333333,-81.0855570700956
289166.666666667,-81.4356917518359
289250,-81.7888236680681
289333.333333333,-82.1415032769278
289416.666666667,-82.4893654169057
289500,-82.8270265287379
289583.333333333,-83.1480436117324
289666.666666667,-83.4449822345413
289750,-83.7096468198354
289833.333333333,-83.9335167827321
289916.666666667,-84.1083972272131
290000,-84.2272302568936
290083.333333333,-84.2849368015501
290166.666666667,-84.2791031660109
290250,-84.2103307402348
290333.333333333,-84.0821474267599
290416.666666667,-83.9005070153962
290500,-83.6730178071542
290583.333333333,-83.4080927715984
290666.666666667,-83.1141902240532
290750,-82.7992452908151
290833.333333333,-82.4703185381484
290916.666666667,-82.1334358617464
291000,-81.7935697238355
291083.333333333,-81.4547095660672
291166.666666667,-81.1199785242127
291250,-80.7917662855979
291333.333333333,-80.4718594991531
291416.666666667,-80.1615598684626
291500,-79.8617858535642
291583.333333333,-79.5731573650808
291666.666666667,-79.2960646629584
291750,-79.0307234718047
291833.333333333,-78.7772185289521
291916.666666667,-78.5355376737631
292000,-78.3055983392848
292083.333333333,-78.087268017503
292166.666666667,-77.880379987397
292250,-77.6847453435165
292333.333333333,-77.5001621495166
292416.666666667,-77.3264223658056
292500,-77.1633170591749
292583.333333333,-77.0106402900885
292666.666666667,-76.8681919850372
292750,-76.7357800322558
292833.333333333,-76.6132217853982
292916.666666667,-76.5003451180067
293000,-76.3969891392453
293083.333333333,-76.3030046563535
293166.666666667,-76.2182544498721
293250,-76.1426134126559
293333.333333333,-76.0759685921133
293416.666666667,-76.0182191660374
293500,-75.9692763754582
293583.333333333,-75.929063432438
293666.666666667,-75.8975154165503
293750,-75.8745791704038
293833.333333333,-75.8602132019859
293916.666666667,-75.854387599474
294000,-75.8570839624719
294083.333333333,-75.8682953521955
294166.666666667,-75.8880262618646
294250,-75.9162926074482
294333.333333333,-75.9531217377461
294416.666666667,-75.9985524616438
294500,-76.0526350890692
294583.333333333,-76.1154314806504
294666.666666667,-76.1870150992785
294750,-76.2674710545185
294833.333333333,-76.3568961279767
294916.666666667,-76.4553987642133
295000,-76.5630990071999
295083.333333333,-76.680128356581
295166.666666667,-76.806629510511
295250,-76.9427559523994
295333.333333333,-77.0886713266012
295416.666666667,-77.2445485324097
295500,-77.410568445569
295583.333333333,-77.5869181505262
295666.666666667,-77.7737885334511
295750,-77.9713710433013
295833.333333333,-78.1798533737638
295916.666666667,-78.3994137493225
296000,-78.6302134106845
296083.333333333,-78.8723867841187
296166.666666667,-79.1260286817776
296250,-79.391177712092
296333.333333333,-79.6677948794478
296416.666666667,-79.9557361233141
296500,-80.2547173014848
296583.333333333,-80.564269889317
296666.666666667,-80.8836855057669
296750,-81.2119473944732
296833.333333333,-81.5476473647602
296916.666666667,-81.8888877173758
297000,-82.2331697574033
297083.333333333,-82.577274168758
297166.666666667,-82.9171443615937
297250,-83.2477922437824
297333.333333333,-83.5632562713945
297416.666666667,-83.8566520199494
297500,-84.1203612312695
297583.333333333,-84.3463989165186
297666.666666667,-84.5269715215952
297750,-84.6551891035046
297833.333333333,-84.725830141423
297916.666666667,-84.7360044367792
298000,-84.6855505908992
298083.333333333,-84.5770588170352
298166.666666667,-84.4155125816803
298250,-84.2076483243558
298333.333333333,-83.9611938140049
298416.666666667,-83.6841435450877
298500,-83.3841798432683
298583.333333333,-83.068283735131
298666.666666667,-82.7425271661222
298750,-82.4120088787517
298833.333333333,-82.0808879527403
298916.666666667,-81.7524737537991
299000,-81.4293411802288
299083.333333333,-81.1134506452315
299166.666666667,-80.8062608542772
299250,-80.5088285526458
299333.333333333,-80.2218933111016
299416.666666667,-79.9459476491348
299500,-79.6812939130909
299583.333333333,-79.428089760208
299666.666666667,-79.1863841474767
299750,-78.9561455770937
299833.333333333,-78.7372841219656
299916.666666667,-78.5296685088045
300000,-78.3331393045631
300083.333333333,-78.1475190483809
300166.666666667,-77.9726199996465
300250,-77.8082500319467
300333.333333333,-77.6542170890934
300416.666666667,-77.5103325290015
300500,-77.3764136097498
300583.333333333,-77.2522853160301
300666.666666667,-77.1377816803158
300750,-77.0327467188125
300833.333333333,-76.937035075592
300916.666666667,-76.8505124474794
301000,-76.7730558461618
301083.333333333,-76.7045537413012
301166.666666667,-76.6449061187081
301250,-76.5940244798995
301333.333333333,-76.5518318034254
301416.666666667,-76.5182624836261
301500,-76.4932622588057
301583.333333333,-76.4767881378609
301666.666666667,-76.4688083320616
301750,-76.4693021967441
301833.333333333,-76.4782601861075
301916.666666667,-76.4956838228765
302000,-76.5215856833312
302083.333333333,-76.5559893970079
302166.666666667,-76.5989296590888
302250,-76.6504522521557
302333.333333333,-76.7106140724181
302416.666666667,-76.7794831536911
302500,-76.8571386801544
302583.333333333,-76.9436709761165
302666.666666667,-77.0391814575676
302750,-77.1437825258483
302833.333333333,-77.2575973781959
302916.666666667,-77.3807597028121
303000,-77.5134132169588
303083.333333333,-77.6557109950865
303166.666666667,-77.8078145190484
303250,-77.9698923635983
303333.333333333,-78.142118406084
303416.666666667,-78.3246694183551
303500,-78.5177218594461
303583.333333333,-78.7214476375119
303666.666666667,-78.9360085459765
303750,-79.1615489989993
303833.333333333,-79.398186591633
303916.666666667,-79.6459998870823
304000,-79.9050126845657
304083.333333333,-80.1751738456519
304166.666666667,-80.4563315580491
304250,-80.7482007057137
304333.333333333,-81.0503218194687
304416.666666667,-81.3620099554219
304500,-81.6822918820563
304583.333333333,-82.0098303054678
304666.666666667,-82.3428347654071
304750,-82.6789606379851
304833.333333333,-83.0152008277351
304916.666666667,-83.3477796921726
305000,-83.6720658024851
305083.333333333,-83.9825289802803
305166.666666667,-84.272776050101
305250,-84.535705254414
305333.333333333,-84.763815357293
305416.666666667,-84.9496852980752
305500,-85.0866002193791
305583.333333333,-85.169245441995
305666.666666667,-85.1943403723822
305750,-85.161066719325
305833.333333333,-85.0711796537448
305916.666666667,-84.9287714461625
306000,-84.73975161029
306083.333333333,-84.5111738991435
306166.666666667,-84.2505546679704
306250,-83.9652946031039
306333.333333333,-83.6622615424066
306416.666666667,-83.3475416110465
306500,-83.0263331397151
306583.333333333,-82.7029443554405
306666.666666667,-82.3808561864672
306750,-82.0628188914592
306833.333333333,-81.7509604652151
306916.666666667,-81.4468930582421
307000,-81.1518099285465
307083.333333333,-80.866569687558
307166.666666667,-80.5917671986546
307250,-80.3277919118213
307333.333333333,-80.0748750828255
307416.666666667,-79.8331275352664
307500,-79.6025695840798
307583.333333333,-79.3831545791496
307666.666666667,-79.1747873227565
307750,-78.9773384065275
307833.333333333,-78.7906553223303
307916.666666667,-78.6145710357151
308000,-78.4489105712717
308083.333333333,-78.2934960453078
308166.666666667,-78.1481504891842
308250,-78.0127007331913
308333.333333333,-77.8869795626185
308416.666666667,-77.7708273117301
308500,-77.6640930253335
308583.333333333,-77.5666352892979
308666.666666667,-77.4783228092464
308750,-77.3990347993377
308833.333333333,-77.3286612294342
308916.666666667,-77.2671029684108
309000,-77.2142718529396
309083.333333333,-77.1700907046408
309166.666666667,-77.1344933132676
309250,-77.107424399564
309333.333333333,-77.0888395681704
309416.666666667,-77.078705258365
309500,-77.076998698275
309583.333333333,-77.0837078664214
309666.666666667,-77.0988314629386
309750,-77.1223788914015
309833.333333333,-77.1543702508708
309916.666666667,-77.1948363364822
310000,-77.2438186454212
310083.333333333,-77.3013693835911
310166.666666667,-77.3675514663947
310250,-77.4424385048349
310333.333333333,-77.5261147653711
310416.666666667,-77.6186750886267
310500,-77.7202247477002
310583.333333333,-77.8308792214948
310666.666666667,-77.9507638516647
310750,-78.0800133431042
310833.333333333,-78.2187710569349
310916.666666667,-78.3671880309465
311000,-78.5254216446982
311083.333333333,-78.6936338238396
311166.666666667,-78.8719886494986
311250,-79.0606492021615
311333.333333333,-79.2597734233817
311416.666666667,-79.469508720694
311500,-79.6899849684644
311583.333333333,-79.9213054674744
311666.666666667,-80.1635353157399
311750,-80.4166865105922
311833.333333333,-80.6806989470687
311916.666666667,-80.9554163039158
312000,-81.2405556271998
312083.333333333,-81.5356692569703
312166.666666667,-81.8400976405206
312250,-82.1529116172573
312333.333333333,-82.4728430773508
312416.666666667,-82.7982036918827
312500,-83.1267929762156
312583.333333333,-83.4557996506919
312666.666666667,-83.7817044963955
312750,-84.1001989174975
312833.333333333,-84.4061409849144
312916.666666667,-84.6935786002212
313000,-84.9558747019116
313083.333333333,-85.1859673574461
313166.666666667,-85.3767823972127
313250,-85.5217842360971
313333.333333333,-85.6156048511499
313416.666666667,-85.6546454060584
313500,-85.6375220458636
313583.333333333,-85.5652463128155
313666.666666667,-85.4410927427841
313750,-85.2701886255674
313833.333333333,-85.0589282695542
313916.666666667,-84.8143403619667
314000,-84.5435196384556
314083.333333333,-84.253190553485
314166.666666667,-83.9494237919885
314250,-83.6374918518712
314333.333333333,-83.321832230606
314416.666666667,-83.0060829882871
314500,-82.6931599473088
314583.333333333,-82.3853524877064
314666.666666667,-82.0844226248963
314750,-81.7916983477489
314833.333333333,-81.5081566986639
314916.666666667,-81.2344949952962
315000,-80.9711903100656
315083.333333333,-80.7185482183548
315166.666666667,-80.4767422031056
315250,-80.2458451778155
315333.333333333,-80.0258545042731
315416.666666667,-79.8167117227854
315500,-79.6183180319685
315583.333333333,-79.430546379245
315666.666666667,-79.2532508648812
315750,-79.0862740263075
315833.333333333,-78.9294524557993
315916.666666667,-78.7826211116564
316000,-78.6456166078179
316083.333333333,-78.5182797067435
316166.666666667,-78.4004571926737
316250,-78.2920032644643
316333.333333333,-78.1927805574615
316416.666666667,-78.102660880303
316500,-78.021525734123
316583.333333333,-77.9492666670757
316666.666666667,-77.8857855056408
316750,-77.8309944952436
316833.333333333,-77.7848163755403
316916.666666667,-77.7471844101909
317000,-77.7180423864309
317083.333333333,-77.6973445962206
317166.666666667,-77.6850558078873
317250,-77.6811512348215
317333.333333333,-77.6856165058289
317416.666666667,-77.6984476400688
317500,-77.7196510280086
317583.333333333,-77.7492434183912
317666.666666667,-77.7872519098175
317750,-77.8337139441095
317833.333333333,-77.8886772969416
317916.666666667,-77.9522000594125
318000,-78.0243506019881
318083.333333333,-78.1052075095847
318166.666666667,-78.1948594732115
318250,-78.2934051195196
318333.333333333,-78.4009527543897
318416.666666667,-78.5176199902152
318500,-78.643533218286
318583.333333333,-78.7788268773329
318666.666666667,-78.9236424560649
318750,-79.0781271509356
318833.333333333,-79.2424320792479
318916.666666667,-79.4167099210212
319000,-79.6011118294129
319083.333333333,-79.7957834070942
319166.666666667,-80.0008594929776
319250,-80.2164574375746
319333.333333333,-80.4426684639394
319416.666666667,-80.6795466119696
319500,-80.9270946455311
319583.333333333,-81.1852461644972
319666.666666667,-81.4538430110011
319750,-81.7326069015829
319833.333333333,-82.0211040759439
319916.666666667,-82.3187016694746
320000,-82.6245145604196
320083.333333333,-82.9373417270463
320166.666666667,-83.2555918480823
320250,-83.5771992355777
320333.333333333,-83.8995335150381
320416.666666667,-84.2193100951141
320500,-84.5325136201607
320583.333333333,-84.8343531166092
320666.666666667,-85.1192744655788
320750,-85.3810608791368
320833.333333333,-85.6130513572971
320916.666666667,-85.8084957989524
321000,-85.9610398943133
321083.333333333,-86.0652945489093
321166.666666667,-86.1174034064721
321250,-86.1154960715664
321333.333333333,-86.0599219655564
321416.666666667,-85.9532059206451
321500,-85.7997369269104
321583.333333333,-85.6052669628651
321666.666666667,-85.3763315339413
321750,-85.1196990928702
321833.333333333,-84.8419236470321
321916.666666667,-84.5490329057228
322000,-84.2463493075187
322083.333333333,-83.9384203230951
322166.666666667,-83.6290269338875
322250,-83.3212407741908
322333.333333333,-83.0175063937214
322416.666666667,-82.7197320666182
322500,-82.4293787208794
322583.333333333,-82.1475412312985
322666.666666667,-81.8750195089354
322750,-81.6123788078449
322833.333333333,-81.3599997904404
322916.666666667,-81.1181194394554
323000,-80.88686409869
323083.333333333,-80.6662759189967
323166.666666667,-80.4563338787118
323250,-80.2569703983117
323333.333333333,-80.0680844112166
323416.666666667,-79.8895516040241
323500,-79.7212324077642
323583.333333333,-79.5629782094855
323666.666666667,-79.4146361601571
323750,-79.2760528783683
323833.333333333,-79.1470772877087
323916.666666667,-79.0275627760714
324000,-78.9173688257736
324083.333333333,-78.8163622319756
324166.666666667,-78.7244180021275
324250,-78.6414200095236
324333.333333333,-78.5672614585693
324416.666666667,-78.5018452071045
324500,-78.4450839814662
324583.333333333,-78.3969005123207
324666.666666667,-78.3572276131683
324750,-78.3260082186708
324833.333333333,-78.3031953959669
324916.666666667,-78.2887523391248
325000,-78.282652354212
325083.333333333,-78.2848788404167
325166.666666667,-78.2954252707616
325250,-78.3142951743652
325333.333333333,-78.3415021206957
325416.666666667,-78.37706970478
325500,-78.4210315308113
325583.333333333,-78.4734311899757
325666.666666667,-78.5343222264197
325750,-78.6037680831024
325833.333333333,-78.6818420166526
325916.666666667,-78.7686269671401
326000,-78.8642153646694
326083.333333333,-78.9687088497781
326166.666666667,-79.0822178784068
326250,-79.2048611744101
326333.333333333,-79.3367649827554
326416.666666667,-79.4780620641877
326500,-79.6288903565355
326583.333333333,-79.7893912081471
326666.666666667,-79.9597070642006
326750,-80.1399784555015
326833.333333333,-80.3303401003932
326916.666666667,-80.5309158818492
327000,-80.7418124015801
327083.333333333,-80.9631107392239
327166.666666667,-81.1948559552737
327250,-81.4370437703245
327333.333333333,-81.6896037308203
327416.666666667,-81.9523780363274
327500,-82.2250950650628
327583.333333333,-82.5073365122224
327666.666666667,-82.7984969852295
327750,-83.0977349422807
327833.333333333,-83.4039141128357
327916.666666667,-83.7155351486587
328000,-84.03065842935
328083.333333333,-84.3468209515438
328166.666666667,-84.6609533506061
328250,-84.9693075375987
328333.333333333,-85.2674110851985
328416.666666667,-85.5500706239952
328500,-85.8114513088149
328583.333333333,-86.045259738732
328666.666666667,-86.2450494517299
328750,-86.4046477998102
328833.333333333,-86.5186708498943
328916.666666667,-86.5830560385493
329000,-86.5955150244106
329083.333333333,-86.5558078877894
329166.666666667,-86.4657726570562
329250,-86.329102794479
329333.333333333,-86.1509269351568
329416.666666667,-85.93728525151
329500,-85.6946030802423
329583.333333333,-85.4292397566927
329666.666666667,-85.1471544091488
329750,-84.8536963102809
329833.333333333,-84.5535041507426
329916.666666667,-84.250487824126
330000,-83.9478650578658
330083.333333333,-83.6482293288577
330166.666666667,-83.353631532999
330250,-83.0656637337784
330333.333333333,-82.7855380511652
330416.666666667,-82.5141571593754
330500,-82.2521750967379
330583.333333333,-82.0000484299934
330666.666666667,-81.7580785335566
330750,-81.5264460627962
330833.333333333,-81.3052387803162
330916.666666667,-81.0944738429413
331000,-80.894115542885
331083.333333333,-80.7040893596867
331166.666666667,-80.5242930425909
331250,-80.3546053172319
331333.333333333,-80.1948927005716
331416.666666667,-80.0450148149147
331500,-79.9048285146292
331583.333333333,-79.7741910760681
331666.666666667,-79.6529626501596
331750,-79.5410081361026
331833.333333333,-79.4381986018482
331916.666666667,-79.3444123509184
332000,-79.2595357144306
332083.333333333,-79.1834636306617
332166.666666667,-79.1161000614735
332250,-79.0573582845652
332333.333333333,-79.0071610922423
332416.666666667,-78.9654409208758
332500,-78.9321399299904
332583.333333333,-78.9072100456791
332666.666666667,-78.8906129797058
332750,-78.8823202327993
332833.333333333,-78.882313088398
332916.666666667,-78.8905826010808
333000,-78.9071295821945
333083.333333333,-78.9319645835931
333166.666666667,-78.9651078788672
333250,-79.0065894398492
333333.333333333,-79.0564489045528
333416.666666667,-79.1147355307949
333500,-79.1815081276031
333583.333333333,-79.2568349539462
333666.666666667,-79.3407935711868
333750,-79.4334706318651
333833.333333333,-79.5349615826313
333916.666666667,-79.6453702532928
334000,-79.7648082964913
334083.333333333,-79.8933944333331
334166.666666667,-80.0312534485723
334250,-80.1785148644394
334333.333333333,-80.3353112037708
334416.666666667,-80.5017757301669
334500,-80.6780395240883
334583.333333333,-80.8642277178835
334666.666666667,-81.0604546682258
334750,-81.2668177894294
334833.333333333,-81.4833897040339
334916.666666667,-81.710208286233
335000,-81.9472640781775
335083.333333333,-82.1944844496288
335166.666666667,-82.4517137511173
335250,-82.7186885883168
335333.333333333,-82.9950072380731
335416.666666667,-83.2800921655528
335500,-83.5731446402165
335583.333333333,-83.8730906698477
335666.666666667,-84.1785180031911
335750,-84.4876049702825
335833.333333333,-84.7980436617277
335916.666666667,-85.1069626399324
336000,-85.4108582091662
336083.333333333,-85.7055481966617
336166.666666667,-85.9861676492203
336250,-86.2472303961609
336333.333333333,-86.4827815077722
336416.666666667,-86.6866598023609
336500,-86.8528734882681
336583.333333333,-86.9760651637658
336666.666666667,-87.052009584476
336750,-87.0780601903345
336833.333333333,-87.0534528112885
336916.666666667,-86.9793967715036
337000,-86.8589313764263
337083.333333333,-86.6965822417346
337166.666666667,-86.4978948685702
337250,-86.2689377238233
337333.333333333,-86.0158538211414
337416.666666667,-85.7445098892441
337500,-85.4602599768015
337583.333333333,-85.1678157492965
337666.666666667,-84.8712021840962
337750,-84.5737734024215
337833.333333333,-84.2782655292336
337916.666666667,-83.9868684080754
338000,-83.7013034191128
338083.333333333,-83.4228993509208
338166.666666667,-83.1526618425826
338250,-82.8913343653497
338333.333333333,-82.6394502608812
338416.666666667,-82.3973762422163
338500,-82.1653482106811
338583.333333333,-81.943500412157
338666.666666667,-81.7318889658049
338750,-81.5305107229848
338833.333333333,-81.3393183012363
338916.666666667,-81.1582320151492
339000,-80.9871493075423
339083.333333333,-80.825952177751
339166.666666667,-80.6745130118067
339250,-80.5326991415872
339333.333333333,-80.4003763958953
339416.666666667,-80.2774118539416
339500,-80.1636759693243
339583.333333333,-80.0590441983453
339666.666666667,-79.9633982392272
339750,-79.8766269668977
339833.333333333,-79.7986271305531
339916.666666667,-79.7293038674261
340000,-79.6685710750137
340083.333333333,-79.6163516752702
340166.666666667,-79.5725777972475
340250,-79.5371908989769
340333.333333333,-79.5101418448816
340416.666666667,-79.4913909513368
340500,-79.4809080099792
340583.333333333,-79.4786722958581
340666.666666667,-79.4846725654189
340750,-79.4989070474104
340833.333333333,-79.5213834281705
340916.666666667,-79.552118831067
341000,-79.5911397883391
341083.333333333,-79.6384822017855
341166.666666667,-79.6941912869952
341250,-79.7583214935693
341333.333333333,-79.8309363913635
341416.666666667,-79.9121085096849
341500,-80.0019191127548
341583.333333333,-80.1004578901876
341666.666666667,-80.2078225356122
341750,-80.3241181795838
341833.333333333,-80.4494566341794
341916.666666667,-80.5839553957422
342000,-80.7277363385671
342083.333333333,-80.8809240152378
342166.666666667,-81.0436434578959
342250,-81.2160173481525
342333.333333333,-81.3981623901915
342416.666666667,-81.590184680686
342500,-81.7921738188844
342583.333333333,-82.004195439056
342666.666666667,-82.2262817741439
342750,-82.4584197731503
342833.333333333,-82.7005361961956
342916.666666667,-82.9524790033405
343000,-83.2139942440286
343083.333333333,-83.4846975585334
343166.666666667,-83.7640393484457
343250,-84.051262706123
343333.333333333,-84.3453533856085
343416.666666667,-84.6449815588464
343500,-84.9484359835248
343583.333333333,-85.2535527074538
343666.666666667,-85.5576427637263
343750,-85.85742663921
343833.333333333,-86.148987611697
343916.666666667,-86.4277609220271
344000,-86.6885800414501
344083.333333333,-86.925802919436
344166.666666667,-87.1335370962188
344250,-87.3059699589042
344333.333333333,-87.4377880712353
344416.666666667,-87.5246405600708
344500,-87.5635748095477
344583.333333333,-87.5533607131754
344666.666666667,-87.4946325319163
344750,-87.3898152293588
344833.333333333,-87.2428526395346
344916.666666667,-87.0587986040395
345000,-86.8433536786674
345083.333333333,-86.6024252441943
345166.666666667,-86.341765465876
345250,-86.0667120908313
345333.333333333,-85.7820319865994
345416.666666667,-85.4918515451698
345500,-85.1996515863157
345583.333333333,-84.9083045560191
345666.666666667,-84.6201355265053
345750,-84.3369933561963
345833.333333333,-84.0603229348831
345916.666666667,-83.7912331009427
346000,-83.530557455618
346083.333333333,-83.2789070425828
346166.666666667,-83.0367149191692
346250,-82.8042732237831
346333.333333333,-82.581763609376
346416.666666667,-82.3692819877129
346500,-82.1668584968217
346583.333333333,-81.9744735180471
346666.666666667,-81.7920704621763
346750,-81.6195659347058
346833.333333333,-81.4568577882042
346916.666666667,-81.3038314792845
347000,-81.1603650702398
347083.333333333,-81.0263331503793
347166.666666667,-80.9016098985373
347250,-80.7860714643774
347333.333333333,-80.6795978107021
347416.666666667,-80.5820741303219
347500,-80.4933919281187
347583.333333333,-80.4134498405205
347666.666666667,-80.3421542499214
347750,-80.2794197397959
347833.333333333,-80.2251694268805
347916.666666667,-80.1793351992366
348000,-80.1418578829786
348083.333333333,-80.1126873555696
348166.666666667,-80.0917826196358
348250,-80.0791118480058
348333.333333333,-80.0746524079877
348416.666666667,-80.0783908706411
348500,-80.0903230087721
348583.333333333,-80.110453785653
348666.666666667,-80.1387973347432
348750,-80.1753769290198
348833.333333333,-80.2202249368697
348916.666666667,-80.2733827595596
349000,-80.3349007431986
349083.333333333,-80.404838055729
349166.666666667,-80.4832625164368
349250,-80.5702503620579
349333.333333333,-80.6658859291273
349416.666666667,-80.7702612269486
349500,-80.8834753688768
349583.333333333,-81.005633821417
349666.666666667,-81.1368474203309
349750,-81.277231090184
349833.333333333,-81.4269021877761
349916.666666667,-81.5859783700462
350000,-81.7545748623502
350083.333333333,-81.9328009724422
350166.666666667,-82.1207556578139
350250,-82.3185219079505
350333.333333333,-82.5261596471981
350416.666666667,-82.7436967971138
350500,-82.9711180589418
350583.333333333,-83.2083508875871
350666.666666667,-83.4552480313307
350750,-83.7115659131092
350833.333333333,-83.9769380432517
350916.666666667,-84.2508426038001
351000,-84.5325633711568
351083.333333333,-84.8211433097698
351166.666666667,-85.1153305686973
351250,-85.4135173772246
351333.333333333,-85.7136736338908
351416.666666667,-86.0132790041292
351500,-86.3092602414035
351583.333333333,-86.5979442378483
351666.666666667,-86.8750416772197
351750,-87.1356802065449
351833.333333333,-87.3745080546554
351916.666666667,-87.5858864980312
352000,-87.7641797946279
352083.333333333,-87.9041327073913
352166.666666667,-88.0013003796023
352250,-88.0524698289022
352333.333333333,-88.0559973488737
352416.666666667,-88.0119916583519
352500,-87.9223015518166
352583.333333333,-87.7903108982309
352666.666666667,-87.6205868514559
352750,-87.4184534070231
352833.333333333,-87.1895651275571
352916.666666667,-86.9395389842455
353000,-86.6736762615837
353083.333333333,-86.3967816937413
353166.666666667,-86.1130695550422
353250,-85.8261376561773
353333.333333333,-85.5389883764878
353416.666666667,-85.2540782440037
353500,-84.9733817319706
353583.333333333,-84.6984592709967
353666.666666667,-84.4305231663083
353750,-84.170497896751
353833.333333333,-83.9190731948699
353916.666666667,-83.6767495303665
354000,-83.4438763303825
354083.333333333,-83.2206836345084
354166.666666667,-83.0073080269752
354250,-82.8038137028653
354333.333333333,-82.6102094693195
354416.666666667,-82.4264623941284
354500,-82.2525087153581
354583.333333333,-82.0882625291368
354666.666666667,-81.9336226848051
354750,-81.7884782396978
354833.333333333,-81.6527127604603
354916.666666667,-81.5262077031592
355000,-81.4088450594508
355083.333333333,-81.3005094193507
355166.666666667,-81.2010895713247
355250,-81.1104797363952
355333.333333333,-81.02858051358
355416.666666667,-80.9552995984659
355500,-80.8905523242231
355583.333333333,-80.8342620643779
355666.666666667,-80.7863605286101
355750,-80.7467879764001
355833.333333333,-80.7154933680866
355916.666666667,-80.6924344686978
356000,-80.6775779163982
356083.333333333,-80.6708992645484
356166.666666667,-80.672383003903
356250,-80.6820225694013
356333.333333333,-80.6998203340814
356416.666666667,-80.7257875909361
356500,-80.7599445217907
356583.333333333,-80.8023201505463
356666.666666667,-80.8529522762771
356750,-80.9118873795647
356833.333333333,-80.9791804930877
356916.666666667,-81.0548950246086
357000,-81.139102517169
357083.333333333,-81.2318823270854
357166.666666667,-81.3333211953375
357250,-81.4435126816038
357333.333333333,-81.5625564224821
357416.666666667,-81.690557165761
357500,-81.8276235206168
357583.333333333,-81.9738663487444
357666.666666667,-82.1293967029197
357750,-82.2943231965928
357833.333333333,-82.468748659886
357916.666666667,-82.6527659025593
358000,-82.8464523622601
358083.333333333,-83.0498633650891
358166.666666667,-83.2630236645734
358250,-83.4859168537872
358333.333333333,-83.7184721643474
358416.666666667,-83.9605480777763
358500,-84.2119120855654
358583.333333333,-84.4722158557798
358666.666666667,-84.7409650175716
358750,-85.0174827949314
358833.333333333,-85.300866862478
358916.666666667,-85.5899391404363
359000,-85.8831889071901
359083.333333333,-86.1787107337388
359166.666666667,-86.4741405013429
359250,-86.7665952974178
359333.333333333,-87.0526263289701
359416.666666667,-87.3281979180916
359500,-87.588709442264
359583.333333333,-87.8290793577748
359666.666666667,-88.0439090714628
359750,-88.2277369574047
359833.333333333,-88.3753775980627
359916.666666667,-88.4823192633113
360000,-88.5451287359304
360083.333333333,-88.5617957682003
360166.666666667,-88.5319492651173
360250,-88.4568983469939
360333.333333333,-88.3394890493841
360416.666666667,-88.183808441995
360500,-87.9947974232581
360583.333333333,-87.7778424878292
360666.666666667,-87.5384062043942
360750,-87.2817340901549
360833.333333333,-87.0126518138032
360916.666666667,-86.7354481138362
361000,-86.453828054141
361083.333333333,-86.1709174851773
361166.666666667,-85.8893005537573
361250,-85.6110754531636
361333.333333333,-85.3379175986007
361416.666666667,-85.0711430628311
361500,-84.8117680025105
361583.333333333,-84.5605618889201
361666.666666667,-84.3180937384606
361750,-84.0847713831165
361833.333333333,-83.8608742882307
361916.666666667,-83.6465806433083
362000,-83.4419895166089
362083.333333333,-83.2471388416618
362166.666666667,-83.0620199359839
362250,-82.8865891659974
362333.333333333,-82.7207772823812
362416.666666667,-82.5644968654713
362500,-82.417648244607
362583.333333333,-82.2801241897416
362666.666666667,-82.1518136183049
362750,-82.032604514221
362833.333333333,-81.9223862179949
362916.666666667,-81.8210512159193
363000,-81.728496531232
363083.333333333,-81.6446247997989
363166.666666667,-81.5693450964764
363250,-81.5025735651569
363333.333333333,-81.4442338948277
363416.666666667,-81.3942576754725
363500,-81.3525846607147
363583.333333333,-81.319162958541
363666.666666667,-81.2939491668764
363750,-81.2769084670955
363833.333333333,-81.2680146854406
363916.666666667,-81.2672503297274
364000,-81.2746066065138
364083.333333333,-81.2900834218596
364166.666666667,-81.3136893670498
364250,-81.3454416888393
364333.333333333,-81.385366242044
364416.666666667,-81.4334974203986
364500,-81.4898780595985
364583.333333333,-81.5545593040217
364666.666666667,-81.6276004259804
364750,-81.7090685829933
364833.333333333,-81.7990384947036
364916.666666667,-81.8975920161652
365000,-82.0048175783292
365083.333333333,-82.120809459251
365166.666666667,-82.2456668404047
365250,-82.3794925913664
365333.333333333,-82.5223917121189
365416.666666667,-82.6744693450892
365500,-82.8358282477174
365583.333333333,-83.0065655902397
365666.666666667,-83.1867689112207
365750,-83.3765110244561
365833.333333333,-83.5758436237701
365916.666666667,-83.7847892764109
366000,-84.003331430437
366083.333333333,-84.2314019876417
366166.666666667,-84.4688659129246
366250,-84.7155022695738
366333.333333333,-84.9709809976462
366416.666666667,-85.2348347080409
366500,-85.5064247784431
366583.333333333,-85.7849011564595
366666.666666667,-86.0691555710251
366750,-86.3577684249434
366833.333333333,-86.6489506182235
366916.666666667,-86.9404830825138
367000,-87.2296590264193
367083.333333333,-87.5132368500658
367166.666666667,-87.7874152234118
367250,-88.0478453823673
367333.333333333,-88.2896981408002
367416.666666667,-88.5078026458193
367500,-88.6968683255258
367583.333333333,-88.851789060007
367666.666666667,-88.968009536923
367750,-89.0419116499964
367833.333333333,-89.0711610025948
367916.666666667,-89.0549489320711
368000,-88.9940797026493
368083.333333333,-88.8908837568413
368166.666666667,-88.748976039179
368250,-88.5729096822558
368333.333333333,-88.367789628016
368416.666666667,-88.1389061549392
368500,-87.8914305086562
368583.333333333,-87.6301927307499
368666.666666667,-87.3595426968239
368750,-87.0832829376048
368833.333333333,-86.8046562226388
368916.666666667,-86.5263704050198
369000,-86.2506454646529
369083.333333333,-85.9792712458688
369166.666666667,-85.7136679225035
369250,-85.4549441837725
369333.333333333,-85.2039503559189
369416.666666667,-84.9613252066283
369500,-84.7275361574774
369583.333333333,-84.5029132021878
369666.666666667,-84.2876771248718
369750,-84.0819627319308
369833.333333333,-83.8858378250305
369916.666666667,-83.6993185981415
370000,-83.5223820693628
370083.333333333,-83.354976076788
370166.666666667,-83.1970272870829
370250,-83.0484475915166
370333.333333333,-82.9091391988845
370416.666666667,-82.7789986788833
370500,-82.6579201624174
370583.333333333,-82.545797866339
370666.666666667,-82.4425280779644
370750,-82.3480107085955
370833.333333333,-82.2621505039199
370916.666666667,-82.1848579820014
371000,-82.1160501555889
371083.333333333,-82.0556510842636
371166.666666667,-82.0035922928616
371250,-81.9598130852468
371333.333333333,-81.9242607765849
371416.666666667,-81.8968908624066
371500,-81.877667138782
371583.333333333,-81.8665617846311
371666.666666667,-81.8635554144557
371750,-81.8686371073671
371833.333333333,-81.881804416234
371916.666666667,-81.9030633588599
372000,-81.9324283912847
372083.333333333,-81.9699223614912
372166.666666667,-82.0155764399827
372250,-82.0694300215675
372333.333333333,-82.1315305905036
372416.666666667,-82.2019335384071
372500,-82.2807019212534
372583.333333333,-82.3679061379982
372666.666666667,-82.4636235087456
372750,-82.5679377248002
372833.333333333,-82.6809381360221
372916.666666667,-82.8027188323636
373000,-82.9333774659814
373083.333333333,-83.0730137472902
373166.666666667,-83.2217275322923
373250,-83.3796163987386
373333.333333333,-83.5467725844228
373416.666666667,-83.7232791312429
373500,-83.9092050426408
373583.333333333,-84.1045992187821
373666.666666667,-84.3094828824105
373750,-84.523840148495
373833.333333333,-84.7476063229205
373916.666666667,-84.9806534416369
374000,-85.2227724865802
374083.333333333,-85.4736516474714
374166.666666667,-85.7328499553109
374250,-85.9997656205418
374333.333333333,-86.2735985080032
374416.666666667,-86.5533064336075
374500,-86.8375554613161
374583.333333333,-87.1246652268079
374666.666666667,-87.4125516493912
374750,-87.698671342155
374833.333333333,-87.9799746539138
374916.666666667,-88.2528774677688
375000,-88.5132652097365
375083.333333333,-88.7565450604308
375166.666666667,-88.9777625925045
375250,-89.1717950248902
375333.333333333,-89.3336232514018
375416.666666667,-89.4586684406291
375500,-89.5431588094711
375583.333333333,-89.5844740737657
375666.666666667,-89.5814070585244
375750,-89.5342903402171
375833.333333333,-89.4449609572283
375916.666666667,-89.3165708106328
376000,-89.1532822534693
376083.333333333,-88.9599068029553
376166.666666667,-88.74154578813
376250,-88.5032784271524
376333.333333333,-88.2499229118546
376416.666666667,-87.9858769958657
376500,-87.7150308222864
376583.333333333,-87.4407374216076
376666.666666667,-87.1658243527348
376750,-86.8926314020025
376833.333333333,-86.6230622841402
376916.666666667,-86.358641639847
377000,-86.1005716021236
377083.333333333,-85.8497845382095
377166.666666667,-85.6069902461986
377250,-85.3727169950909
377333.333333333,-85.1473464773871
377416.666666667,-84.9311431215303
377500,-84.7242783891681
377583.333333333,-84.5268507358064
377666.666666667,-84.3389018948042
377750,-84.1604300885509
377833.333333333,-83.9914006986376
377916.666666667,-83.8317548514097
378000,-83.6814163036396
378083.333333333,-83.5402969485263
378166.666666667,-83.4083012059391
378250,-83.2853295130666
378333.333333333,-83.1712810915274
378416.666666667,-83.0660561338242
378500,-82.9695575248008
378583.333333333,-82.8816921915086
378666.666666667,-82.802372156808
378750,-82.7315153573517
378833.333333333,-82.669046274709
378916.666666667,-82.6148964187919
379000,-82.5690046949345
379083.333333333,-82.5313176796257
379166.666666667,-82.5017898247857
379250,-82.4803836061882
379333.333333333,-82.4670696281575
379416.666666667,-82.4618266937507
379500,-82.4646418470757
379583.333333333,-82.4755103922502
379666.666666667,-82.4944358915105
379750,-82.5214301430872
379833.333333333,-82.5565131376743
379916.666666667,-82.5997129904182
380000,-82.6510658433309
380083.333333333,-82.7106157308111
380166.666666667,-82.7784143983561
380250,-82.8545210615521
380333.333333333,-82.9390020888135
380416.666666667,-83.0319305869508
380500,-83.1333858633871
380583.333333333,-83.2434527322654
380666.666666667,-83.362220623709
380750,-83.4897824456385
380833.333333333,-83.6262331353597
380916.666666667,-83.7716678231856
381000,-83.926179511971
381083.333333333,-84.0898561538599
381166.666666667,-84.2627769780981
381250,-84.4450078904366
381333.333333333,-84.6365957246947
381416.666666667,-84.8375610796899
381500,-85.0478894195823
381583.333333333,-85.2675200532369
381666.666666667,-85.4963325400767
381750,-85.7341300002798
381833.333333333,-85.9806187441838
381916.666666667,-86.2353835930936
382000,-86.4978582649461
382083.333333333,-86.7672902792726
382166.666666667,-87.0427000509688
382250,-87.3228342676219
382333.333333333,-87.6061143810023
382416.666666667,-87.8905822090298
382500,-88.1738463580335
382583.333333333,-88.4530355060372
382666.666666667,-88.7247674715839
382750,-88.9851460993034
382833.333333333,-89.2298005720649
382916.666666667,-89.4539825281768
383000,-89.6527335939684
383083.333333333,-89.8211279394034
383166.666666667,-89.9545805388857
383250,-90.0491935644321
383333.333333333,-90.102095442955
383416.666666667,-90.1117166223245
383500,-90.0779495553221
383583.333333333,-90.0021598904685
383666.666666667,-89.8870464942735
383750,-89.7363793955681
383833.333333333,-89.5546662916527
383916.666666667,-89.3468040475447
384000,-89.1177627983865
384083.333333333,-88.8723329725099
384166.666666667,-88.6149469873359
384250,-88.3495726555213
384333.333333333,-88.0796664868013
384416.666666667,-87.8081716437996
384500,-87.5375456832307
384583.333333333,-87.2698056236277
384666.666666667,-87.0065809697539
384750,-86.7491682679715
384833.333333333,-86.4985831860345
384916.666666667,-86.2556079106377
385000,-86.0208328939008
385083.333333333,-85.7946927698971
385166.666666667,-85.5774967256446
385250,-85.3694538508916
385333.333333333,-85.1706940876041
385416.666666667,-84.9812854101077
385500,-84.8012478288593
385583.333333333,-84.6305647496794
385666.666666667,-84.4691921509984
385750,-84.317065973058
385833.333333333,-84.174108049498
385916.666666667,-84.0402308555721
386000,-83.9153412987448
386083.333333333,-83.7993437364139
386166.666666667,-83.6921423713026
386250,-83.5936431467815
386333.333333333,-83.5037552411862
386416.666666667,-83.4223922412365
386500,-83.3494730592363
386583.333333333,-83.2849226461844
386666.666666667,-83.2286725427862
386750,-83.180661302026
386833.333333333,-83.1408348103257
386916.666666667,-83.1091465287363
387000,-83.0855576711794
387083.333333333,-83.0700373329909
387166.666666667,-83.0625625799203
387250,-83.0631185050891
387333.333333333,-83.0716982591046
387416.666666667,-83.0883030564405
387500,-83.1129421593038
387583.333333333,-83.1456328383328
387666.666666667,-83.1864003075356
387750,-83.2352776289814
387833.333333333,-83.2923055804469
387916.666666667,-83.3575324767847
388000,-83.4310139328752
388083.333333333,-83.5128125525299
388166.666666667,-83.6029975236015
388250,-83.7016440945035
388333.333333333,-83.8088329011881
388416.666666667,-83.9246491060959
388500,-84.049181301332
388583.333333333,-84.1825201169537
388666.666666667,-84.3247564612328
388750,-84.4759793026663
388833.333333333,-84.6362728825195
388916.666666667,-84.8057132211186
389000,-84.9843637503611
389083.333333333,-85.1722698677886
389166.666666667,-85.3694521638796
389250,-85.5758980231715
389333.333333333,-85.7915512421557
389416.666666667,-86.0162992436341
389500,-86.2499574024607
389583.333333333,-86.492249937909
389666.666666667,-86.7427867857454
389750,-87.0010358586087
389833.333333333,-87.2662901682343
389916.666666667,-87.5376294646561
390000,-87.8138764130266
390083.333333333,-88.0935479668817
390166.666666667,-88.3748036151364
390250,-88.6553936888161
390333.333333333,-88.9326129876061
390416.666666667,-89.2032675946292
390500,-89.4636656421456
390583.333333333,-89.7096453652861
390666.666666667,-89.9366549589359
390750,-90.1398970145559
390833.333333333,-90.314544038285
390916.666666667,-90.4560198047083
391000,-90.5603249632308
391083.333333333,-90.6243679979282
391166.666666667,-90.646250444716
391250,-90.6254546502657
391333.333333333,-90.5628966195746
391416.666666667,-90.4608329563313
391500,-90.322641127419
391583.333333333,-90.1525159706263
391666.666666667,-89.955135441254
391750,-89.7353441919909
391833.333333333,-89.4978892541775
391916.666666667,-89.2472245166054
392000,-88.9873854092909
392083.333333333,-88.7219249972539
392166.666666667,-88.4538978283624
392250,-88.1858771277604
392333.333333333,-87.9199926380804
392416.666666667,-87.6579791556324
392500,-87.401228670002
392583.333333333,-87.1508414863124
392666.666666667,-86.9076736219951
392750,-86.6723791310348
392833.333333333,-86.4454469092217
392916.666666667,-86.2272320854476
393000,-86.0179824100493
393083.333333333,-85.8178601942308
393166.666666667,-85.6269603961057
393250,-85.445325431177
393333.333333333,-85.272957236398
393416.666666667,-85.1098270548974
393500,-84.9558833434902
393583.333333333,-84.8110581432982
393666.666666667,-84.6752721977567
393750,-84.5484390534187
393833.333333333,-84.4304683370612
393916.666666667,-84.3212683674604
394000,-84.220748230852
394083.333333333,-84.1288194249732
394166.666666667,-84.0453971567241
394250,-83.9704013622951
394333.333333333,-83.90375750541
394416.666666667,-83.8453971985459
394500,-83.7952586833118
394583.333333333,-83.7532871989699
394666.666666667,-83.7194352622804
394750,-83.6936628771237
394833.333333333,-83.6759376882868
394916.666666667,-83.6662350906339
395000,-83.6645383019735
395083.333333333,-83.6708384055666
395166.666666667,-83.6851343660561
395250,-83.7074330206034
395333.333333333,-83.7377490451207
395416.666666667,-83.7761048935802
395500,-83.8225307064178
395583.333333333,-83.8770641818407
395666.666666667,-83.9397504014905
395750,-84.0106415990206
395833.333333333,-84.0897968569421
395916.666666667,-84.1772817130384
396000,-84.2731676529702
396083.333333333,-84.3775314598029
396166.666666667,-84.490454384145
396250,-84.6120210898588
396333.333333333,-84.74231831966
396416.666666667,-84.8814332118575
396500,-85.0294511834379
396583.333333333,-85.1864532752391
396666.666666667,-85.352512831197
396750,-85.5276913549495
396833.333333333,-85.7120333528311
396916.666666667,-85.9055599316159
397000,-86.108260872206
397083.333333333,-86.3200848467274
397166.666666667,-86.5409273878276
397250,-86.7706161581107
397333.333333333,-87.0088930109768
397416.666666667,-87.255392292006
397500,-87.5096148204834
397583.333333333,-87.7708970411329
397666.666666667,-88.0383749882733
397750,-88.3109430176559
397833.333333333,-88.5872078142475
397916.666666667,-88.8654390740164
398000,-89.1435195873958
398083.333333333,-89.418899299626
398166.666666667,-89.6885602838465
398250,-89.9490022542155
398333.333333333,-90.1962607839939
398416.666666667,-90.4259718762479
398500,-90.633495633032
398583.333333333,-90.8141069599005
398666.666666667,-90.9632514362965
398750,-91.0768500032732
398833.333333333,-91.1516196554354
398916.666666667,-91.1853640417634
399000,-91.1771839398222
399083.333333333,-91.1275671201341
399166.666666667,-91.0383393202871
399250,-90.912486373082
399333.333333333,-90.7538824648823
399416.666666667,-90.5669731960819
399500,-90.3564619530409
399583.333333333,-90.1270369898021
399666.666666667,-89.8831604728917
399750,-89.6289252662708
399833.333333333,-89.3679739042573
399916.666666667,-89.1034679689667
400000,-88.8380941750978
400083.333333333,-88.5740943906784
400166.666666667,-88.3133091599367
400250,-88.0572270077553
400333.333333333,-87.8070342949731
400416.666666667,-87.5636624010776
400500,-87.3278304893252
400583.333333333,-87.1000831201438
400666.666666667,-86.8808226215557
400750,-86.6703365008386
400833.333333333,-86.4688203748922
400916.666666667,-86.2763969725062
401000,-86.0931317666112
401083.333333333,-85.9190457600505
401166.666666667,-85.7541258946327
401250,-85.5983334928537
401333.333333333,-85.4516110818831
401416.666666667,-85.313887894026
401500,-85.1850842886803
401583.333333333,-85.0651152981938
401666.666666667,-84.9538934639215
401750,-84.8513310985025
401833.333333333,-84.7573420851835
401916.666666667,-84.6718433044025
402000,-84.594755760733
402083.333333333,-84.5260054695133
402166.666666667,-84.4655241510613
402250,-84.4132497711625
402333.333333333,-84.3691269589637
402416.666666667,-84.3331073272359
402500,-84.3051497148823
402583.333333333,-84.2852203673991
402666.666666667,-84.2732930674714
402750,-84.2693492249793
402833.333333333,-84.2733779330888
402916.666666667,-84.2853759948766
403000,-84.3053479229192
403083.333333333,-84.3333059122572
403166.666666667,-84.3692697853201
403250,-84.4132669053246
403333.333333333,-84.4653320526112
403416.666666667,-84.5255072559796
403500,-84.5938415683682
403583.333333333,-84.6703907731059
403666.666666667,-84.7552170031255
403750,-84.8483882510858
403833.333333333,-84.9499777427719
403916.666666667,-85.06006313953
404000,-85.1787255272593
404083.333333333,-85.3060481395446
404166.666666667,-85.4421147502261
404250,-85.5870076557784
404333.333333333,-85.7408051496804
404416.666666667,-85.9035783688058
404500,-86.0753873651946
404583.333333333,-86.2562762247243
404666.666666667,-86.4462670163334
404750,-86.6453523116372
404833.333333333,-86.8534859647211
404916.666666667,-87.0705717870419
405000,-87.2964496950543
405083.333333333,-87.530878854025
405166.666666667,-87.773517299328
405250,-88.0238975022976
405333.333333333,-88.281397385335
405416.666666667,-88.5452064171565
405500,-88.8142866860691
405583.333333333,-89.0873293274215
405666.666666667,-89.3627074587113
405750,-89.6384279479335
405833.333333333,-89.9120859877065
405916.666666667,-90.1808285848097
406000,-90.4413355732117
406083.333333333,-90.6898292346127
406166.666666667,-90.9221253141725
406250,-91.133737992785
406333.333333333,-91.3200478107998
406416.666666667,-91.4765334535806
406500,-91.5990556039097
406583.333333333,-91.6841656434781
406666.666666667,-91.7293981298885
406750,-91.7334993985163
406833.333333333,-91.6965500071359
406916.666666667,-91.6199567334914
407000,-91.5063157466342
407083.333333333,-91.3591739414302
407166.666666667,-91.1827320571437
407250,-90.9815370085976
407333.333333333,-90.760203119737
407416.666666667,-90.5231876171126
407500,-90.2746304614114
407583.333333333,-90.0182563870196
407666.666666667,-89.7573295094487
407750,-89.4946477649725
407833.333333333,-89.2325645227361
407916.666666667,-88.9730265584087
408000,-88.7176200885054
408083.333333333,-88.4676190337963
408166.666666667,-88.2240317620661
408250,-87.9876441480046
408333.333333333,-87.7590579083002
408416.666666667,-87.5387239066399
408500,-87.3269705720995
408583.333333333,-87.1240278212504
408666.666666667,-86.9300469875811
408750,-86.7451172916251
408833.333333333,-86.5692793664957
408916.666666667,-86.4025363093565
409000,-86.2448626743584
409083.333333333,-86.096211765383
409166.666666667,-85.9565215325021
409250,-85.8257193267909
409333.333333333,-85.7037257249199
409416.666666667,-85.5904575979392
409500,-85.485830567431
409583.333333333,-85.3897609660429
409666.666666667,-85.3021673978792
409750,-85.2229719763958
409833.333333333,-85.152101302818
409916.666666667,-85.0894872361957
410000,-85.0350674964188
410083.333333333,-84.9887861335399
410166.666666667,-84.9505938901938
410250,-84.9204484785564
410333.333333333,-84.8983147888228
410416.666666667,-84.8841650425069
410500,-84.8779789007327
410583.333333333,-84.8797435350112
410666.666666667,-84.8894536656628
410750,-84.9071115709096
410833.333333333,-84.9327270676822
410916.666666667,-84.9663174632458
411000,-85.0079074747546
411083.333333333,-85.0575291117849
411166.666666667,-85.1152215145653
411250,-85.1810307379876
411333.333333333,-85.2550094685175
411416.666666667,-85.3372166574249
411500,-85.4277170495775
411583.333333333,-85.5265805817183
411666.666666667,-85.6338816179774
411750,-85.749697982552
411833.333333333,-85.8741097402145
411916.666666667,-86.0071976637636
412000,-86.1490413136151
412083.333333333,-86.2997166376686
412166.666666667,-86.4592929789802
412250,-86.6278293538965
412333.333333333,-86.8053698336013
412416.666666667,-86.991937826765
412500,-87.1875290201132
412583.333333333,-87.3921026869968
412666.666666667,-87.6055710224916
412750,-87.8277861094903
412833.333333333,-88.0585240680769
412916.666666667,-88.2974658984111
413000,-88.5441745087358
413083.333333333,-88.7980674464763
413166.666666667,-89.0583849535727
413250,-89.3241531937628
413333.333333333,-89.5941429122474
413416.666666667,-89.8668244665009
413500,-90.1403212004376
413583.333333333,-90.4123646026687
413666.666666667,-90.6802566242148
413750,-90.9408468463213
413833.333333333,-91.1905345849564
413916.666666667,-91.4253078751354
414000,-91.640831593813
414083.333333333,-91.832594463052
414166.666666667,-91.9961181125297
414250,-92.1272203478473
414333.333333333,-92.2223105154172
414416.666666667,-92.2786808400867
414500,-92.2947490048046
414583.333333333,-92.2702089542998
414666.666666667,-92.2060608258779
414750,-92.1045140305527
414833.333333333,-91.9687825983922
414916.666666667,-91.802810785215
415000,-91.6109743742686
415083.333333333,-91.3977988099816
415166.666666667,-91.1677231143903
415250,-90.9249238303429
415333.333333333,-90.6732004173843
415416.666666667,-90.4159148548337
415500,-90.1559739301098
415583.333333333,-89.895841856246
415666.666666667,-89.6375721490358
415750,-89.3828499392563
415833.333333333,-89.133038302487
415916.666666667,-88.8892243221591
416000,-88.6522622879805
416083.333333333,-88.4228126596687
416166.666666667,-88.2013762583008
416250,-87.988323673131
416333.333333333,-87.7839201760683
416416.666666667,-87.588346589817
416500,-87.4017166130737
416583.333333333,-87.2240911051644
416666.666666667,-87.0554897993561
416750,-86.8959008652566
416833.333333333,-86.745288686809
416916.666666667,-86.6036001692783
417000,-86.4707698394375
417083.333333333,-86.3467239595717
417166.666666667,-86.2313838379866
417250,-86.124668486548
417333.333333333,-86.0264967486966
417416.666666667,-85.9367889988637
417500,-85.855468495599
417583.333333333,-85.782462455369
417666.666666667,-85.7177029014281
417750,-85.6611273318549
417833.333333333,-85.6126792423852
417916.666666667,-85.5723085327798
418000,-85.5399718197819
418083.333333333,-85.515632674966
418166.666666667,-85.499261801953
418250,-85.4908371641053
418333.333333333,-85.4903440710369
418416.666666667,-85.4977752298359
418500,-85.5131307646497
418583.333333333,-85.5364182063149
418666.666666667,-85.5676524516696
418750,-85.6068556902835
418833.333333333,-85.6540572942072
418916.666666667,-85.7092936641368
419000,-85.7726080228218
419083.333333333,-85.8440501436572
419166.666666667,-85.9236759989402
419250,-86.0115473082135
419333.333333333,-86.1077309622002
419416.666666667,-86.2122982918579
419500,-86.3253241448815
419583.333333333,-86.4468857231439
419666.666666667,-86.5770611238237
419750,-86.715927513878
419833.333333333,-86.8635588515842
419916.666666667,-87.0200230496346
420000,-87.1853784510089
420083.333333333,-87.3596694610826
420166.666666667,-87.5429211466161
420250,-87.7351325738807
420333.333333333,-87.9362686145054
420416.666666667,-88.1462498990519
420500,-88.3649405469966
420583.333333333,-88.5921332515741
420666.666666667,-88.8275312556775
420750,-89.0707267327337
420833.333333333,-89.3211751026445
420916.666666667,-89.5781648958668
421000,-89.8407829696787
421083.333333333,-90.1078752356346
421166.666666667,-90.3780036484558
421250,-90.6494011173305
421333.333333333,-90.9199273098734
421416.666666667,-91.1870300698796
421500,-91.4477193116874
421583.333333333,-91.6985625565164
421666.666666667,-91.9357132308987
421750,-92.1549835933663
421833.333333333,-92.3519725215137
421916.666666667,-92.5222531688071
422000,-92.6616160299814
422083.333333333,-92.7663499396213
422166.666666667,-92.8335296872244
422250,-92.8612688293323
422333.333333333,-92.84889485306
422416.666666667,-92.7970139075325
422500,-92.7074523938288
422583.333333333,-92.5830868953943
422666.666666667,-92.4275943971597
422750,-92.2451654057522
422833.333333333,-92.0402217174087
422916.666666667,-91.8171708155981
423000,-91.5802151090677
423083.333333333,-91.3332210779029
423166.666666667,-91.0796437064936
423250,-90.8224961458547
423333.333333333,-90.5643527544932
423416.666666667,-90.3073743197974
423500,-90.0533461778762
423583.333333333,-89.8037222498114
423666.666666667,-89.5596701698962
423750,-89.3221144551669
423833.333333333,-89.091775997393
423916.666666667,-88.8692070883317
424000,-88.6548217948869
424083.333333333,-88.4489218662382
424166.666666667,-88.2517185529689
424250,-88.063350805684
424333.333333333,-87.8839003395352
424416.666666667,-87.7134040302087
424500,-87.5518640653951
424583.333333333,-87.3992562257738
424666.666666667,-87.2555366180752
424750,-87.1206471340932
424833.333333333,-86.9945198655048
424916.666666667,-86.8770806656989
425000,-86.7682520167266
425083.333333333,-86.6679553314422
425166.666666667,-86.5761127974506
425250,-86.4926488500132
425333.333333333,-86.4174913449757
425416.666666667,-86.3505724895671
425500,-86.2918295780129
425583.333333333,-86.2412055700494
425666.666666667,-86.198649543056
425750,-86.1641170425429
425833.333333333,-86.1375703507323
425916.666666667,-86.1189786888711
426000,-86.1083183654006
426083.333333333,-86.1055728791973
426166.666666667,-86.1107329845237
426250,-86.1237967220151
426333.333333333,-86.1447694180148
426416.666666667,-86.1736636524675
426500,-86.2104991936907
426583.333333333,-86.2553028962549
426666.666666667,-86.3081085559638
426750,-86.3689567135439
426833.333333333,-86.4378943957769
426916.666666667,-86.5149747795697
427000,-86.6002567605543
427083.333333333,-86.6938044031759
427166.666666667,-86.795686243569
427250,-86.9059744097582
427333.333333333,-87.024743515371
427416.666666667,-87.1520692730124
427500,-87.2880267611464
427583.333333333,-87.4326882634336
427666.666666667,-87.5861205814083
427750,-87.7483816997065
427833.333333333,-87.9195166570125
427916.666666667,-88.099552445175
428000,-88.2884917230346
428083.333333333,-88.4863050903446
428166.666666667,-88.6929216214136
428250,-88.9082173091753
428333.333333333,-89.1320010218427
428416.666666667,-89.3639975319955
428500,-89.6038271522847
428583.333333333,-89.850981519221
428666.666666667,-90.1047951316637
428750,-90.3644124101682
428833.333333333,-90.6287503474341
428916.666666667,-90.8964573344703
429000,-91.165869548742
429083.333333333,-91.4349674575737
429166.666666667,-91.701336573511
429250,-91.9621385758543
429333.333333333,-92.2141011123435
429416.666666667,-92.4535366038888
429500,-92.6764014584456
429583.333333333,-92.8784062057026
429666.666666667,-93.055183016286
429750,-93.2025090451231
429833.333333333,-93.3165723002126
429916.666666667,-93.3942533320615
430000,-93.4333849058352
430083.333333333,-93.4329477497487
430166.666666667,-93.3931669433767
430250,-93.3154903876437
430333.333333333,-93.2024535627275
430416.666666667,-93.0574561866133
430500,-92.8844898323092
430583.333333333,-92.6878580388025
430666.666666667,-92.4719233248315
430750,-92.240903021678
430833.333333333,-91.9987226700915
430916.666666667,-91.7489251894461
431000,-91.4946274735511
431083.333333333,-91.2385132776384
431166.666666667,-90.9828512121201
431250,-90.7295281802267
431333.333333333,-90.4800907405935
431416.666666667,-90.2357890288591
431500,-89.9976197184458
431583.333333333,-89.7663659322238
431666.666666667,-89.5426330445767
431750,-89.3268800026618
431833.333333333,-89.1194462261625
431916.666666667,-88.9205743903192
432000,-88.7304295176618
432083.333333333,-88.5491148447076
432166.666666667,-88.3766849230474
432250,-88.2131563809912
432333.333333333,-88.0585167265865
432416.666666667,-87.9127315234954
432500,-87.7757502232465
432583.333333333,-87.6475108930789
432666.666666667,-87.5279440393588
432750,-87.4169756924962
432833.333333333,-87.3145298902745
432916.666666667,-87.2205306721577
433000,-87.1349036767814
433083.333333333,-87.0575774179481
433166.666666667,-86.988484300585
433250,-86.9275614266261
433333.333333333,-86.8747512314028
433416.666666667,-86.8300019834046
433500,-86.7932681738556
433583.333333333,-86.7645108173677
433666.666666667,-86.7436976805049
433750,-86.7308034514783
433833.333333333,-86.7258098610458
433916.666666667,-86.7287057620615
434000,-86.7394871727117
434083.333333333,-86.7581572863298
434166.666666667,-86.7847264486729
434250,-86.8192121015202
434333.333333333,-86.8616386894203
434416.666666667,-86.9120375242795
434500,-86.9704466000517
434583.333333333,-87.0369103471138
434666.666666667,-87.1114793127609
434750,-87.1942097505818
434833.333333333,-87.2851630970136
434916.666666667,-87.3844053081183
435000,-87.4920060231457
435083.333333333,-87.6080375136981
435166.666666667,-87.7325733677545
435250,-87.8656868464038
435333.333333333,-88.0074488370252
435416.666666667,-88.1579253098593
435500,-88.3171741644781
435583.333333333,-88.485241328354
435666.666666667,-88.6621559408807
435750,-88.8479244224137
435833.333333333,-89.0425231892393
435916.666666667,-89.2458897319247
436000,-89.4579117279497
436083.333333333,-89.6784138123497
436166.666666667,-89.9071415878474
436250,-90.1437424272777
436333.333333333,-90.3877426205952
436416.666666667,-90.6385204681088
436500,-90.8952750534792
436583.333333333,-91.1569906891365
436666.666666667,-91.4223974730255
436750,-91.6899291003396
436833.333333333,-91.9576801130632
436916.666666667,-92.2233662008797
437000,-92.4842929894674
437083.333333333,-92.7373408428035
437166.666666667,-92.9789752337319
437250,-93.2052935797192
437333.333333333,-93.4121191617305
437416.666666667,-93.5951497219311
437500,-93.7501616413422
437583.333333333,-93.8732601392887
437666.666666667,-93.9611531685303
437750,-94.0114149180035
437833.333333333,-94.0226985944822
437916.666666667,-93.994861338205
438000,-93.9289777516693
438083.333333333,-93.8272394220203
438166.666666667,-93.6927595574183
438250,-93.5293176045498
438333.333333333,-93.3410843759684
438416.666666667,-93.1323638849419
438500,-92.9073771883893
438583.333333333,-92.6701006451876
438666.666666667,-92.4241598041925
438750,-92.1727725301893
438833.333333333,-91.9187311657565
438916.666666667,-91.6644127125571
439000,-91.4118070756976
439083.333333333,-91.1625553508728
439166.666666667,-90.9179922489299
439250,-90.6791886542706
439333.333333333,-90.4469918385351
439416.666666667,-90.2220619770912
439500,-90.0049043917918
439583.333333333,-89.7958974428273
439666.666666667,-89.5953162893758
439750,-89.4033528954991
439833.333333333,-89.2201327230099
439916.666666667,-89.0457285617907
440000,-88.8801719243486
440083.333333333,-88.723462391379
440166.666666667,-88.5755752484619
440250,-88.4364677070192
440333.333333333,-88.3060839583018
440416.666666667,-88.1843592693737
440500,-88.0712232951063
440583.333333333,-87.9666027502315
440666.666666667,-87.8704235602025
440750,-87.7826125883255
440833.333333333,-87.7030990189803
440916.666666667,-87.6318154621118
441000,-87.5686988321735
441083.333333333,-87.5136910446833
441166.666666667,-87.4667395654799
441250,-87.4277978409921
441333.333333333,-87.3968256322807
441416.666666667,-87.3737892710127
441500,-87.3586618516647
441583.333333333,-87.3514233709856
441666.666666667,-87.3520608229722
441750,-87.360568255078
441833.333333333,-87.3769467892692
441916.666666667,-87.4012046093545
442000,-87.4333569140877
442083.333333333,-87.4734258334608
442166.666666667,-87.5214403035187
442250,-87.5774358926623
442333.333333333,-87.6414545698161
442416.666666667,-87.7135444018312
442500,-87.7937591639569
442583.333333333,-87.882157843057
442666.666666667,-87.978804008158
442750,-88.0837650169232
442833.333333333,-88.1971110192496
442916.666666667,-88.3189137102923
443000,-88.4492447743642
443083.333333333,-88.5881739480886
443166.666666667,-88.7357666152521
443250,-88.8920808267374
443333.333333333,-89.0571636160613
443416.666666667,-89.2310464539169
443500,-89.4137396533643
443583.333333333,-89.605225500736
443666.666666667,-89.805449846203
443750,-90.0143118432625
443833.333333333,-90.2316514807919
443916.666666667,-90.4572345089199
444000,-90.6907343288165
444083.333333333,-90.9317104090738
444166.666666667,-91.1795828268243
444250,-91.4336026391456
444333.333333333,-91.6928180097598
444416.666666667,-91.9560364017323
444500,-92.2217837653008
444583.333333333,-92.4882625739834
444666.666666667,-92.7533118533981
444750,-93.0143740233484
444833.333333333,-93.2684753512323
444916.666666667,-93.5122288330083
445000,-93.7418698546866
445083.333333333,-93.9533352170413
445166.666666667,-94.1423939748132
445250,-94.3048330609241
445333.333333333,-94.4366914656335
445416.666666667,-94.5345247629647
445500,-94.5956697298382
445583.333333333,-94.6184708294447
445666.666666667,-94.6024305597114
445750,-94.5482560582992
445833.333333333,-94.4577930455347
445916.666666667,-94.3338596968092
446000,-94.1800105833109
446083.333333333,-94.0002694437164
446166.666666667,-93.7988681080341
446250,-93.5800198807605
446333.333333333,-93.3477433844681
446416.666666667,-93.1057412302985
446500,-92.8573293115897
446583.333333333,-92.6054076768156
446666.666666667,-92.3524623000993
446750,-92.1005875986229
446833.333333333,-91.8515212186564
446916.666666667,-91.6066846523872
447000,-91.3672251850714
447083.333333333,-91.1340562828526
447166.666666667,-90.9078947554403
447250,-90.6892938929996
447333.333333333,-90.4786723490729
447416.666666667,-90.2763388933222
447500,-90.0825133541844
447583.333333333,-89.8973441637497
447666.666666667,-89.7209229433335
447750,-89.5532965554681
447833.333333333,-89.3944770141267
447916.666666667,-89.2444496016296
448000,-89.1031794949418
448083.333333333,-88.97061715989
448166.666666667,-88.8467027314656
448250,-88.7313695626489
448333.333333333,-88.6245470932095
448416.666666667,-88.5261631636889
448500,-88.4361458775367
448583.333333333,-88.354425095917
448666.666666667,-88.2809336343031
448750,-88.2156082173514
448833.333333333,-88.1583902379912
448916.666666667,-88.1092263581262
449000,-88.0680689811765
449083.333333333,-88.0348766208526
449166.666666667,-88.0096141856618
449250,-87.9922531945966
449333.333333333,-87.9827719360107
449416.666666667,-87.9811555787596
449500,-87.9873962421132
449583.333333333,-88.0014930286713
449666.666666667,-88.0234520223775
449750,-88.0532862516974
449833.333333333,-88.0910156160332
449916.666666667,-88.136666771282
450000,-88.1902729682387
450083.333333333,-88.2518738349907
450166.666666667,-88.3215150915596
450250,-88.3992481816945
450333.333333333,-88.4851298027425
450416.666666667,-88.5792213097577
450500,-88.6815879642608
450583.333333333,-88.7922979911947
450666.666666667,-88.9114213991389
450750,-89.0390285087442
450833.333333333,-89.1751881219658
450916.666666667,-89.3199652497815
451000,-89.4734182981217
451083.333333333,-89.6355955902476
451166.666666667,-89.8065310783221
451250,-89.9862390669126
451333.333333333,-90.1747077366243
451416.666666667,-90.371891216871
451500,-90.577699914103
451583.333333333,-90.7919887573117
451666.666666667,-91.0145429804504
451750,-91.2450610279567
451833.333333333,-91.4831341561371
451916.666666667,-91.7282223264183
452000,-91.9796260722393
452083.333333333,-92.2364542056814
452166.666666667,-92.4975875617927
452250,-92.7616395198197
452333.333333333,-93.0269148607982
452416.666666667,-93.2913696844625
452500,-93.5525766467228
452583.333333333,-93.8077016413643
452666.666666667,-94.0535000357364
452750,-94.2863422466944
452833.333333333,-94.5022790886554
452916.666666667,-94.6971559642134
453000,-94.8667805876073
453083.333333333,-95.0071409512591
453166.666666667,-95.114659168315
453250,-95.1864547832504
453333.333333333,-95.2205818405694
453416.666666667,-95.2162016234687
453500,-95.1736602187338
453583.333333333,-95.094456277872
453666.666666667,-94.9811051119617
453750,-94.8369240933184
453833.333333333,-94.6657756443701
453916.666666667,-94.4718055746312
454000,-94.2592076480828
454083.333333333,-94.0320338532051
454166.666666667,-93.7940580059745
454250,-93.5486908935991
454333.333333333,-93.2989393040386
454416.666666667,-93.0473987737615
454500,-92.7962698201035
454583.333333333,-92.5473887746652
454666.666666667,-92.3022662591823
454750,-92.0621282956127
454833.333333333,-91.8279567289005
454916.666666667,-91.6005269609061
455000,-91.3804419510382
455083.333333333,-91.1681620885127
455166.666666667,-90.9640309525261
455250,-90.768297215962
455333.333333333,-90.5811330700918
455416.666666667,-90.4026495935621
455500,-90.2329094882876
455583.333333333,-90.0719375782226
455666.666666667,-89.9197294273898
455750,-89.7762583894443
455833.333333333,-89.6414813572362
455916.666666667,-89.5153434400646
456000,-89.3977817597469
456083.333333333,-89.2887285247352
456166.666666667,-89.1881135142027
456250,-89.0958660808593
456333.333333333,-89.0119167619474
456416.666666667,-88.9361985716761
456500,-88.8686480350278
456583.333333333,-88.8092060118387
456666.666666667,-88.7578183509103
456750,-88.7144364064646
456833.333333333,-88.6790174429749
456916.666666667,-88.6515249493244
457000,-88.6319288789208
457083.333333333,-88.6202058287841
457166.666666667,-88.6163391675766
457250,-88.6203191198464
457333.333333333,-88.6321428113817
457416.666666667,-88.651814278446
457500,-88.6793444415479
457583.333333333,-88.7147510424162
457666.666666667,-88.7580585407558
457750,-88.80929796513
457833.333333333,-88.8685067098887
457916.666666667,-88.9357282672796
458000,-89.0110118806448
458083.333333333,-89.0944121008624
458166.666666667,-89.1859882236415
458250,-89.2858035798829
458333.333333333,-89.3939246447809
458416.666666667,-89.5104199234245
458500,-89.635358561076
458583.333333333,-89.7688086147
458666.666666667,-89.9108349082922
458750,-90.0614963776519
458833.333333333,-90.2208427900402
458916.666666667,-90.3889107000598
459000,-90.56571847487
459083.333333333,-90.7512601889711
459166.666666667,-90.9454981515977
459250,-91.1483537886672
459333.333333333,-91.3596965580269
459416.666666667,-91.579330534624
459500,-91.8069782669852
459583.333333333,-92.0422614875529
459666.666666667,-92.2846782720471
459750,-92.5335763096427
459833.333333333,-92.7881220988049
459916.666666667,-93.0472661677634
460000,-93.3097048905403
460083.333333333,-93.5738401960041
460166.666666667,-93.8377395138435
460250,-94.0990997096532
460333.333333333,-94.3552205084598
460416.666666667,-94.6029948419869
460500,-94.8389253258447
460583.333333333,-95.0591770542585
460666.666666667,-95.2596761996175
460750,-95.4362605159689
460833.333333333,-95.584881033968
460916.666666667,-95.7018441328911
461000,-95.7840713831799
461083.333333333,-95.8293442930532
461166.666666667,-95.8364964602728
461250,-95.8055198711581
461333.333333333,-95.7375656402026
461416.666666667,-95.6348390499704
461500,-95.5004083615883
461583.333333333,-95.3379605288273
461666.666666667,-95.1515413216411
461750,-94.9453128351334
461833.333333333,-94.7233511487772
461916.666666667,-94.4894951044226
462000,-94.2472470322034
462083.333333333,-93.9997193938158
462166.666666667,-93.749617881532
462250,-93.4992507814311
462333.333333333,-93.2505553742437
462416.666666667,-93.0051339123634
462500,-92.764293648156
462583.333333333,-92.5290871397898
462666.666666667,-92.3003504740535
462750,-92.0787380968058
462833.333333333,-91.8647536720762
462916.666666667,-91.6587768659242
463000,-91.4610862372819
463083.333333333,-91.2718785725935
463166.666666667,-91.0912850686142
463250,-90.919384780882
463333.333333333,-90.7562157368567
463416.666666667,-90.6017840776479
463500,-90.4560715501831
463583.333333333,-90.3190416283937
463666.666666667,-90.1906445009674
463750,-90.0708211258362
463833.333333333,-89.9595065187411
463916.666666667,-89.8566324148548
464000,-89.7621294183129
464083.333333333,-89.6759287342472
464166.666666667,-89.5979635609612
464250,-89.5281702058402
464333.333333333,-89.4664889769233
464416.666666667,-89.4128648924973
464500,-89.3672482430803
464583.333333333,-89.3295950336746
464666.666666667,-89.2998673286637
464750,-89.2780335172677
464833.333333333,-89.264068513626
464916.666666667,-89.2579539023669
465000,-89.2596780377592
465083.333333333,-89.2692361020339
465166.666666667,-89.2866301262938
465250,-89.3118689752976
465333.333333333,-89.3449682953932
465416.666666667,-89.385950422799
465500,-89.4348442472584
465583.333333333,-89.4916850237192
465666.666666667,-89.5565141220296
465750,-89.6293787015297
465833.333333333,-89.7103312938621
465916.666666667,-89.7994292730061
466000,-89.896734186436
466083.333333333,-90.0023109151331
466166.666666667,-90.1162266227008
466250,-90.238549444839
466333.333333333,-90.3693468594602
466416.666666667,-90.5086836645596
466500,-90.6566194750109
466583.333333333,-90.8132056304301
466666.666666667,-90.9784813834624
466750,-91.1524692111781
466833.333333333,-91.3351690610503
466916.666666667,-91.5265513074689
467000,-91.726548155304
467083.333333333,-91.9350431849431
467166.666666667,-92.1518586912767
467250,-92.376740432378
467333.333333333,-92.6093393801138
467416.666666667,-92.8491900681268
467500,-93.0956851823641
467583.333333333,-93.3480461647342
467666.666666667,-93.6052898418066
467750,-93.8661915005196
467833.333333333,-94.1292454743769
467916.666666667,-94.3926252426453
468000,-94.6541463311731
468083.333333333,-94.9112369357786
468166.666666667,-95.1609230613102
468250,-95.3998367966022
468333.333333333,-95.6242575937688
468416.666666667,-95.8301962832628
468500,-96.0135290562635
468583.333333333,-96.1701829412053
468666.666666667,-96.2963652202269
468750,-96.3888178874604
468833.333333333,-96.4450673682714
468916.666666667,-96.4636331834295
469000,-96.4441606685705
469083.333333333,-96.3874536345379
469166.666666667,-96.2954008187532
469250,-96.1708098581198
469333.333333333,-96.0171781617904
469416.666666667,-95.838437236968
469500,-95.6387050094404
469583.333333333,-95.4220719613159
469666.666666667,-95.1924354255519
469750,-94.9533856815039
469833.333333333,-94.7081396832078
469916.666666667,-94.4595138699503
470000,-94.2099260482633
470083.333333333,-93.9614168494993
470166.666666667,-93.7156828226204
470250,-93.4741151151393
470333.333333333,-93.2378394958815
470416.666666667,-93.0077549759367
470500,-92.7845694310334
470583.333333333,-92.5688314440813
470666.666666667,-92.3609581299203
470750,-92.1612590414395
470833.333333333,-91.9699564467031
470916.666666667,-91.7872023585495
471000,-91.6130927266837
471083.333333333,-91.4476791931607
471166.666666667,-91.2909787822437
471250,-91.1429818560395
471333.333333333,-91.0036586248621
471416.666666667,-90.872964460039
471500,-90.7508442188037
471583.333333333,-90.6372357570748
471666.666666667,-90.5320727765332
471750,-90.4352871272552
471833.333333333,-90.3468106659207
471916.666666667,-90.2665767518442
472000,-90.1945214482607
472083.333333333,-90.1305844840354
472166.666666667,-90.0747100208053
472250,-90.0268472622015
472333.333333333,-89.9869509348444
472416.666666667,-89.9549816650848
472500,-89.9309062706789
472583.333333333,-89.9146979825979
472666.666666667,-89.9063366087642
472750,-89.9058086486221
472833.333333333,-89.9131073648875
472916.666666667,-89.9282328165309
473000,-89.9511918549257
473083.333333333,-89.9819980830452
473166.666666667,-90.0206717755243
473250,-90.0672397552921
473333.333333333,-90.1217352201352
473416.666666667,-90.184197509996
473500,-90.2546718028633
473583.333333333,-90.3332087236626
473666.666666667,-90.4198638464977
473750,-90.514697065748
473833.333333333,-90.6177718056914
473916.666666667,-90.729154031267
474000,-90.8489110141063
474083.333333333,-90.977109797638
474166.666666667,-91.1138152926196
474250,-91.2590879194666
474333.333333333,-91.4129806957328
474416.666666667,-91.5755356456328
474500,-91.7467793831392
474583.333333333,-91.9267176906074
474666.666666667,-92.1153288809091
474750,-92.312555693085
474833.333333333,-92.5182954305938
474916.666666667,-92.7323880095363
475000,-92.9546015461598
475083.333333333,-93.1846150855371
475166.666666667,-93.4219980681801
475250,-93.666186166186
475333.333333333,-93.9164532213144
475416.666666667,-94.1718792206875
475500,-94.4313145999508
475583.333333333,-94.6933417285178
475666.666666667,-94.9562352716055
475750,-95.2179242950607
475833.333333333,-95.475960498272
475916.666666667,-95.727498757855
476000,-95.9692980167471
476083.333333333,-96.1977520084073
476166.666666667,-96.4089596447394
476250,-96.5988431864802
476333.333333333,-96.7633176487077
476416.666666667,-96.8985068545957
476500,-97.0009908165663
476583.333333333,-97.0680579174072
476666.666666667,-97.0979272713667
476750,-97.0899054816224
476833.333333333,-97.0444499633397
476916.666666667,-96.9631270241056
477000,-96.8484725541126
477083.333333333,-96.7037804065643
477166.666666667,-96.5328533762623
477250,-96.3397523138394
477333.333333333,-96.1285719629183
477416.666666667,-95.9032612195508
477500,-95.6674944461962
477583.333333333,-95.4245917739782
477666.666666667,-95.1774809712568
477750,-94.9286912026329
477833.333333333,-94.6803689986214
477916.666666667,-94.4343080487293
478000,-94.1919862459942
478083.333333333,-93.9546052446539
478166.666666667,-93.7231293790107
478250,-93.4983220353322
478333.333333333,-93.2807784733395
478416.666666667,-93.0709547101435
478500,-92.8691924719835
478583.333333333,-92.6757404491607
478666.666666667,-92.4907722082109
478750,-92.3144011613586
478833.333333333,-92.1466929946658
478916.666666667,-91.9876759325019
479000,-91.8373491791968
479083.333333333,-91.6956898375286
479166.666666667,-91.5626585622608
479250,-91.438204168286
479333.333333333,-91.3222673780774
479416.666666667,-91.2147838626666
479500,-91.1156867041589
479583.333333333,-91.0249083855483
479666.666666667,-90.9423823949197
479750,-90.8680445155578
479833.333333333,-90.8018338604999
479916.666666667,-90.7436936994032
480000,-90.6935721166905
480083.333333333,-90.6514225326542
480166.666666667,-90.6172041131118
480250,-90.590882088172
480333.333333333,-90.5724279964594
480416.666666667,-90.5618198675892
480500,-90.559042352632
480583.333333333,-90.5640868096793
480666.666666667,-90.5769513492378
480750,-90.597640842026
480833.333333333,-90.6261668896597
480916.666666667,-90.6625477566905
481000,-90.706808260325
481083.333333333,-90.7589796119221
481166.666666667,-90.819099201851
481250,-90.887210316486
481333.333333333,-90.9633617728202
481416.666666667,-91.0476074523166
481500,-91.1400057110296
481583.333333333,-91.2406186375081
481666.666666667,-91.3495111233315
481750,-91.466749703122
481833.333333333,-91.5924011111226
481916.666666667,-91.7265304897225
482000,-91.8691991711272
482083.333333333,-92.0204619363643
482166.666666667,-92.1803636355296
482250,-92.3489350290922
482333.333333333,-92.5261876819517
482416.666666667,-92.7121077094449
482500,-92.9066481379507
482583.333333333,-93.1097196028386
482666.666666667,-93.3211790651909
482750,-93.5408161895836
482833.333333333,-93.768336994356
482916.666666667,-94.003344373493
483000,-94.2453151107805
483083.333333333,-94.4935730860351
483166.666666667,-94.7472585422158
483250,-95.0052935865003
483333.333333333,-95.2663445930688
483416.666666667,-95.5287829248508
483500,-95.7906464546849
483583.333333333,-96.049605774952
483666.666666667,-96.3029406994434
483750,-96.547534511493
483833.333333333,-96.7798950230146
483916.666666667,-96.9962122454571
484000,-97.1924614613667
484083.333333333,-97.3645567851961
484166.666666667,-97.508553304551
484250,-97.6208858961204
484333.333333333,-97.6986215449067
484416.666666667,-97.7396926787986
484500,-97.7430755296489
484583.333333333,-97.7088826775946
484666.666666667,-97.6383527361051
484750,-97.5337391110095
484833.333333333,-97.3981181427712
484916.666666667,-97.2351492155229
485000,-97.0488227582702
485083.333333333,-96.8432271399453
485166.666666667,-96.6223554570766
485250,-96.3899619838248
485333.333333333,-96.1494685585775
485416.666666667,-95.9039148437959
485500,-95.6559432883567
485583.333333333,-95.4078090279257
485666.666666667,-95.1614059292268
485750,-94.9183016831507
485833.333333333,-94.6797766973761
485916.666666667,-94.4468632022686
486000,-94.2203823248005
486083.333333333,-94.0009778832379
486166.666666667,-93.7891463496993
486250,-93.5852628803586
486333.333333333,-93.3896035865221
486416.666666667,-93.2023643683429
486500,-93.0236766982709
486583.333333333,-92.8536207548797
486666.666666667,-92.6922362906118
486750,-92.5395315839368
486833.333333333,-92.3954907863857
486916.666666667,-92.2600799337321
487000,-92.1332518511957
487083.333333333,-92.0149501467599
487166.666666667,-91.9051124550652
487250,-91.8036730670144
487333.333333333,-91.7105650569343
487416.666666667,-91.6257219995062
487500,-91.5490793522758
487583.333333333,-91.4805755658942
487666.666666667,-91.4201529729086
487750,-91.3677584965841
487833.333333333,-91.3233442134718
487916.666666667,-91.2868677970422
488000,-91.2582928643783
488083.333333333,-91.2375892434805
488166.666666667,-91.2247331749931
488250,-91.2197074589915
488333.333333333,-91.2225015546951
488416.666666667,-91.2331116385465
488500,-91.251540623866
488583.333333333,-91.2777981431996
488666.666666667,-91.3119004924342
488750,-91.3538705336622
488833.333333333,-91.4037375515785
488916.666666667,-91.4615370557789
489000,-91.5273105186043
489083.333333333,-91.6011050350458
489166.666666667,-91.6829728875578
489250,-91.7729709942436
489333.333333333,-91.8711602136894
489416.666666667,-91.977604473413
489500,-92.0923696813145
489583.333333333,-92.2155223703514
489666.666666667,-92.3471280155678
489750,-92.4872489492126
489833.333333333,-92.6359417836412
489916.666666667,-92.7932542324184
490000,-92.9592211972279
490083.333333333,-93.1338599613672
490166.666666667,-93.3171642995368
490250,-93.509097278371
490333.333333333,-93.7095824833419
490416.666666667,-93.9184933667271
490500,-94.1356403713607
490583.333333333,-94.3607554511689
490666.666666667,-94.5934735907434
490750,-94.8333109362902
490833.333333333,-95.0796392098216
490916.666666667,-95.3316562172632
491000,-95.5883525200003
491083.333333333,-95.8484747708857
491166.666666667,-96.1104868813899
491250,-96.372531148641
491333.333333333,-96.6323927717823
491416.666666667,-96.8874728131011
491500,-97.1347764864442
491583.333333333,-97.3709253769712
491666.666666667,-97.5922032602321
491750,-97.7946447873097
491833.333333333,-97.9741734932786
491916.666666667,-98.1267896153926
492000,-98.2487990436218
492083.333333333,-98.337063633506
492166.666666667,-98.3892428881022
492250,-98.4039914516092
492333.333333333,-98.3810792651622
492416.666666667,-98.3214125966502
492500,-98.226952012159
492583.333333333,-98.1005424290793
492666.666666667,-97.9456848518026
492750,-97.7662854635959
492833.333333333,-97.5664150814195
492916.666666667,-97.3501031596268
493000,-97.1211793706474
493083.333333333,-96.883165612338
493166.666666667,-96.6392139799434
493250,-96.392082224272
493333.333333333,-96.144136960873
493416.666666667,-95.8973754793947
493500,-95.6534585410214
493583.333333333,-95.4137483860033
493666.666666667,-95.1793479036344
493750,-94.9511383549099
493833.333333333,-94.7298141331724
493916.666666667,-94.5159138260225
494000,-94.3098473595636
494083.333333333,-94.111919327411
494166.666666667,-93.9223487883521
494250,-93.7412859037882
494333.333333333,-93.5688258130942
494416.666666667,-93.4050201358758
494500,-93.2498864611124
494583.333333333,-93.1034161448893
494666.666666667,-92.9655806974435
494750,-92.8363370002897
494833.333333333,-92.7156315574023
494916.666666667,-92.6034039516505
495000,-92.4995896491669
495083.333333333,-92.4041222699233
495166.666666667,-92.3169354221829
495250,-92.2379641811745
495333.333333333,-92.1671462779408
495416.666666667,-92.1044230523513
495500,-92.0497402143573
495583.333333333,-92.0030484493942
495666.666666667,-91.9643038970431
495750,-91.9334685264599
495833.333333333,-91.9105104273777
495916.666666667,-91.8954040315674
496000,-91.8881302763052
496083.333333333,-91.8886767185166
496166.666666667,-91.8970376057473
496250,-91.9132139078294
496333.333333333,-91.937213310986
496416.666666667,-91.9690501740678
496500,-92.0087454445416
496583.333333333,-92.0563265296973
496666.666666667,-92.1118271161883
496750,-92.1752869284116
496833.333333333,-92.2467514132252
496916.666666667,-92.3262713350119
497000,-92.4139022609485
497083.333333333,-92.5097039114043
497166.666666667,-92.6137393444528
497250,-92.7260739362933
497333.333333333,-92.8467741107475
497416.666666667,-92.9759057604875
497500,-93.1135322900291
497583.333333333,-93.2597121952945
497666.666666667,-93.414496076332
497750,-93.5779229580462
497833.333333333,-93.7500157682757
497916.666666667,-93.9307757927435
498000,-94.1201758924541
498083.333333333,-94.3181522312847
498166.666666667,-94.5245942210587
498250,-94.7393323508191
498333.333333333,-94.9621235307896
498416.666666667,-95.1926335573157
498500,-95.4304163048878
498583.333333333,-95.6748892936499
498666.666666667,-95.9253053924077
498750,-96.1807206352828
498833.333333333,-96.4399585039761
498916.666666667,-96.7015716162967
499000,-96.963802628683
499083.333333333,-97.2245473564729
499166.666666667,-97.4813246489956
499250,-97.7312593425147
499333.333333333,-97.9710864082578
499416.666666667,-98.1971857419919
499500,-98.4056571704634
499583.333333333,-98.5924432551461
499666.666666667,-98.7535025000118
499750,-98.8850273092747
499833.333333333,-98.9836903208405
499916.666666667,-99.0468919111918
500000,-99.0729743271825
