freq_hz,freq_over_rbw,magnitude_db
0,0,1.54292394648526e-14
6.25,0.00625,-0.000145428776460352
12.5,0.0125,-0.000580682098542266
18.75,0.01875,-0.00130264630265882
25,0.025,-0.00230608384212245
31.25,0.03125,-0.00358356353891514
37.5,0.0375,-0.00512536771852534
43.75,0.04375,-0.00691938090279925
50,0.05,-0.00895096591262033
56.25,0.05625,-0.0112028343162898
62.5,0.0625,-0.0136549190799884
68.75,0.06875,-0.016284258073804
75,0.075,-0.0190648976840961
81.25,0.08125,-0.0219678262050517
87.5,0.0875,-0.024960946890497
93.75,0.09375,-0.0280091005370827
100,0.1,-0.0310741472306867
106.25,0.10625,-0.034115116402769
112.5,0.1125,-0.0370884336269233
118.75,0.11875,-0.039948231606126
125,0.125,-0.042646751600081
131.25,0.13125,-0.045134840080024
137.5,0.1375,-0.0473625437410062
143.75,0.14375,-0.0492798041139004
150,0.15,-0.0508372509841358
156.25,0.15625,-0.0519870916188582
162.5,0.1625,-0.0526840905145622
168.75,0.16875,-0.0528866320385671
175,0.175,-0.0525578559894235
181.25,0.18125,-0.0516668538402076
187.5,0.1875,-0.0501899112901148
193.75,0.19375,-0.0481117808361845
200,0.2,-0.0454269664254478
206.25,0.20625,-0.0421410009658417
212.5,0.2125,-0.0382716965890506
218.75,0.21875,-0.03385034715192
225,0.225,-0.0289228625589357
231.25,0.23125,-0.0235508151161683
237.5,0.2375,-0.0178123793023607
243.75,0.24375,-0.0118031480264525
250,0.25,-0.00563681064231524
256.25,0.25625,0.000554319401208558
262.5,0.2625,0.00661893640133143
268.75,0.26875,0.0123865396094235
275,0.275,0.01766739824614
281.25,0.28125,0.0222526832790422
287.5,0.2875,0.0259147614682627
293.75,0.29375,0.0284076439051284
300,0.3,0.0294675782314064
306.25,0.30625,0.0288137710475093
312.5,0.3125,0.0261492247337593
318.75,0.31875,0.0211616711129573
325,0.325,0.0135245830568231
331.25,0.33125,0.00289824433908926
337.5,0.3375,-0.0110691422758527
343.75,0.34375,-0.0287403285679633
350,0.35,-0.0504878952972448
356.25,0.35625,-0.0766931458749139
362.5,0.3625,-0.107745036350294
368.75,0.36875,-0.144039157315877
375,0.375,-0.185976781678824
381.25,0.38125,-0.233963990511396
387.5,0.3875,-0.288410887419385
393.75,0.39375,-0.349730910125444
400,0.4,-0.41834024631099
406.25,0.40625,-0.494657359227979
412.5,0.4125,-0.57910262721769
418.75,0.41875,-0.67209810009988
425,0.425,-0.774067374419323
431.25,0.43125,-0.885435588790652
437.5,0.4375,-1.00662954006352
443.75,0.44375,-1.13807792074128
450,0.45,-1.28021167804499
456.25,0.45625,-1.43346449518954
462.5,0.4625,-1.59827339586408
468.75,0.46875,-1.77507947356085
475,0.475,-1.96432874828602
481.25,0.48125,-2.16647315432736
487.5,0.4875,-2.38197166414255
493.75,0.49375,-2.61129155511703
500,0.5,-2.85490982791369
506.25,0.50625,-3.11331478747135
512.5,0.5125,-3.38700780043384
518.75,0.51875,-3.67650524600361
525,0.525,-3.98234068095848
531.25,0.53125,-4.30506724401905
537.5,0.5375,-4.64526033001334
543.75,0.54375,-5.0035205705577
550,0.55,-5.3804771655094
556.25,0.55625,-5.77679161855223
562.5,0.5625,-6.19316194134684
568.75,0.56875,-6.63032740424962
575,0.575,-7.08907392835039
581.25,0.58125,-7.57024023438779
587.5,0.5875,-8.07472489016623
593.75,0.59375,-8.60349443099777
600,0.6,-9.15759276953643
606.25,0.60625,-9.73815216506883
612.5,0.6125,-10.346406091823
618.75,0.61875,-10.983704436657
625,0.625,-11.6515315763153
631.25,0.63125,-12.3515280442447
637.5,0.6375,-13.0855167125251
643.75,0.64375,-13.8555347088643
650,0.65,-14.6638726959871
656.25,0.65625,-15.5131237126874
662.5,0.6625,-16.4062445914841
668.75,0.66875,-17.3466341512393
675,0.675,-18.338234112893
681.25,0.68125,-19.3856613282611
687.5,0.6875,-20.4943839943276
693.75,0.69375,-21.6709610004133
700,0.7,-22.923374130917
706.25,0.70625,-24.2615007039465
712.5,0.7125,-25.6978055567192
718.75,0.71875,-27.2483887522658
725,0.725,-28.934636426779
731.25,0.73125,-30.7859506102482
737.5,0.7375,-32.8445408883858
743.75,0.74375,-35.1744990474427
750,0.75,-37.8808008843634
756.25,0.75625,-41.155086910035
762.5,0.7625,-45.4122251005494
768.75,0.76875,-51.8881073296458
775,0.775,-71.8360512145656
781.25,0.78125,-56.2083259262829
787.5,0.7875,-50.7206636105725
793.75,0.79375,-48.2267190097693
800,0.8,-46.9436199378556
806.25,0.80625,-46.3633495429569
812.5,0.8125,-46.2798162447294
818.75,0.81875,-46.6016791303165
825,0.825,-47.2976872401722
831.25,0.83125,-48.3813550215396
837.5,0.8375,-49.9166755798162
843.75,0.84375,-52.0512496270312
850,0.85,-55.1235273096474
856.25,0.85625,-60.1027847370507
862.5,0.8625,-72.8887640755955
868.75,0.86875,-65.8530742682809
875,0.875,-58.3971537142003
881.25,0.88125,-54.7208900557737
887.5,0.8875,-52.4028386742775
893.75,0.89375,-50.8187453105416
900,0.9,-49.7132264724581
906.25,0.90625,-48.958171798238
912.5,0.9125,-48.4820665146683
918.75,0.91875,-48.2431760681845
925,0.925,-48.2177833079611
931.25,0.93125,-48.3947428911993
937.5,0.9375,-48.7732581033605
943.75,0.94375,-49.362815923442
950,0.95,-50.1852581547577
956.25,0.95625,-51.2799902965115
962.5,0.9625,-52.7152793260102
968.75,0.96875,-54.6139407079323
975,0.975,-57.2205268534404
981.25,0.98125,-61.1275074325364
987.5,0.9875,-68.5603756407952
993.75,0.99375,-77.8847697495441
1000,1,-64.2326623948412
1006.25,1.00625,-59.3502777620014
1012.5,1.0125,-56.4243229346753
1018.75,1.01875,-54.4169002934192
1025,1.025,-52.962256847009
1031.25,1.03125,-51.8894114678076
1037.5,1.0375,-51.1056615901357
1043.75,1.04375,-50.5563250895502
1050,1.05,-50.2078318332471
1056.25,1.05625,-50.0397259856662
1062.5,1.0625,-50.0406567260545
1068.75,1.06875,-50.2064367549851
1075,1.075,-50.5393899836798
1081.25,1.08125,-51.0487517401565
1087.5,1.0875,-51.7522668854477
1093.75,1.09375,-52.6796102475773
1100,1.1,-53.8791956705621
1106.25,1.10625,-55.4323112388662
1112.5,1.1125,-57.4857065842198
1118.75,1.11875,-60.3409991698108
1125,1.125,-64.7856425782391
1131.25,1.13125,-74.5395252586141
1137.5,1.1375,-74.0611135594948
1143.75,1.14375,-64.8259560193036
1150,1.15,-60.6041062788471
1156.25,1.15625,-57.9282449473157
1162.5,1.1625,-56.0384869896217
1168.75,1.16875,-54.6402879420964
1175,1.175,-53.589175117496
1181.25,1.18125,-52.8044550180744
1187.5,1.1875,-52.2375093922452
1193.75,1.19375,-51.8579427813258
1200,1.2,-51.6468357617745
1206.25,1.20625,-51.5932692837855
1212.5,1.2125,-51.6925693504825
1218.75,1.21875,-51.9456155285493
1225,1.225,-52.3589806012575
1231.25,1.23125,-52.9459474852018
1237.5,1.2375,-53.7287560791004
1243.75,1.24375,-54.7429675511047
1250,1.25,-56.0460499562405
1256.25,1.25625,-57.7355788720013
1262.5,1.2625,-59.9930946751492
1268.75,1.26875,-63.2138687924178
1275,1.275,-68.5632378242807
1281.25,1.28125,-85.4398886250952
1287.5,1.2875,-71.6080854467725
1293.75,1.29375,-64.8779113565011
1300,1.3,-61.2694375447848
1306.25,1.30625,-58.8679663597783
1312.5,1.3125,-57.1306088567266
1318.75,1.31875,-55.8265324243137
1325,1.325,-54.8367607261212
1331.25,1.33125,-54.0927949352371
1337.5,1.3375,-53.5525641415952
1343.75,1.34375,-53.1894710130063
1350,1.35,-52.9869064402415
1356.25,1.35625,-52.9353768672422
1362.5,1.3625,-53.0310514628306
1368.75,1.36875,-53.2752167916734
1375,1.375,-53.6744640426788
1381.25,1.38125,-54.2416679371173
1387.5,1.3875,-54.9980845562413
1393.75,1.39375,-55.9773674905776
1400,1.4,-57.2333649774153
1406.25,1.40625,-58.8563826121
1412.5,1.4125,-61.0114823610673
1418.75,1.41875,-64.0477518046496
1425,1.425,-68.9345556462674
1431.25,1.43125,-81.4493907374561
1437.5,1.4375,-74.5840998965964
1443.75,1.44375,-66.9052288649141
1450,1.45,-63.0218511054006
1456.25,1.45625,-60.4801458079386
1462.5,1.4625,-58.651448650362
1468.75,1.46875,-57.278658896307
1475,1.475,-56.2319835452611
1481.25,1.48125,-55.4375698836001
1487.5,1.4875,-54.8503006328532
1493.75,1.49375,-54.4416116088866
1500,1.5,-54.1934455860447
1506.25,1.50625,-54.0950797772811
1512.5,1.5125,-54.1414767437792
1518.75,1.51875,-54.3325705359509
1525,1.525,-54.6732602327426
1531.25,1.53125,-55.1741089578288
1537.5,1.5375,-55.8529712900479
1543.75,1.54375,-56.7381281366887
1550,1.55,-57.874258329535
1556.25,1.55625,-59.3344536597267
1562.5,1.5625,-61.2469874423365
1568.75,1.56875,-63.8652785308704
1575,1.575,-67.8057906545757
1581.25,1.58125,-75.4406814893548
1587.5,1.5875,-83.1621469900942
1593.75,1.59375,-70.3269405117322
1600,1.6,-65.475959447002
1606.25,1.60625,-62.5071531709457
1612.5,1.6125,-60.4282967425249
1618.75,1.61875,-58.8845624090913
1625,1.625,-57.7086585832655
1631.25,1.63125,-56.8091275982804
1637.5,1.6375,-56.1313629557771
1643.75,1.64375,-55.6410919147016
1650,1.65,-55.3164558276727
1656.25,1.65625,-55.1439139529727
1662.5,1.6625,-55.1160719566297
1668.75,1.66875,-55.2306133212752
1675,1.675,-55.489982478161
1681.25,1.68125,-55.9017228489611
1687.5,1.6875,-56.4795732813679
1693.75,1.69375,-57.2456845569278
1700,1.7,-58.2347995654216
1706.25,1.70625,-59.5023495119842
1712.5,1.7125,-61.1413933675671
1718.75,1.71875,-63.3227939171835
1725,1.725,-66.4112578239944
1731.25,1.73125,-71.4399322509596
1737.5,1.7375,-85.146030191643
1743.75,1.74375,-76.1154338062131
1750,1.75,-68.7839689806402
1756.25,1.75625,-64.9829371919242
1762.5,1.7625,-62.4717912108726
1768.75,1.76875,-60.6541650877815
1775,1.775,-59.2826271506318
1781.25,1.78125,-58.2312601787478
1787.5,1.7875,-57.4280321613956
1793.75,1.79375,-56.8287516511875
1800,1.8,-56.4053233056211
1806.25,1.80625,-56.1398864202649
1812.5,1.8125,-56.0217210475994
1818.75,1.81875,-56.0456235475115
1825,1.825,-56.2111807274757
1831.25,1.83125,-56.5227149266052
1837.5,1.8375,-56.9898835727763
1843.75,1.84375,-57.6291189111899
1850,1.85,-58.4664016371852
1856.25,1.85625,-59.5424921382697
1862.5,1.8625,-60.9232766569747
1868.75,1.86875,-62.7222330533909
1875,1.875,-65.1568881241837
1881.25,1.88125,-68.7282935599029
1887.5,1.8875,-75.1173148116955
1893.75,1.89375,-95.6179857845565
1900,1.9,-73.687850872843
1906.25,1.90625,-68.1273932812767
1912.5,1.9125,-64.8814296140505
1918.75,1.91875,-62.6469875718128
1925,1.925,-60.9982745966042
1931.25,1.93125,-59.7428442170724
1937.5,1.9375,-58.7779873576306
1943.75,1.94375,-58.0432293409606
1950,1.95,-57.5008490612313
1956.25,1.95625,-57.1267294019663
1962.5,1.9625,-56.9056739848363
1968.75,1.96875,-56.8289134857052
1975,1.975,-56.8928254769034
1981.25,1.98125,-57.0984396386353
1987.5,1.9875,-57.4515773886569
1993.75,1.99375,-57.9636676945903
2000,2,-58.6534962889188
2006.25,2.00625,-59.550511414577
2012.5,2.0125,-60.7011022494379
2018.75,2.01875,-62.1812795647922
2025,2.025,-64.125167767007
2031.25,2.03125,-66.8005349945087
2037.5,2.0375,-70.8722066615912
2043.75,2.04375,-79.0483078840596
2050,2.05,-83.9539261705586
2056.25,2.05625,-72.533974629037
2062.5,2.0625,-67.8721157317633
2068.75,2.06875,-64.9716118254751
2075,2.075,-62.9234408691944
2081.25,2.08125,-61.3934920386208
2087.5,2.0875,-60.2220756849803
2093.75,2.09375,-59.3211591074785
2100,2.1,-58.6378789791168
2106.25,2.10625,-58.1389105031977
2112.5,2.1125,-57.8029143806751
2118.75,2.11875,-57.6166061945732
2125,2.125,-57.5726599372939
2131.25,2.13125,-57.6686657059652
2137.5,2.1375,-57.9068047256207
2143.75,2.14375,-58.2941441763114
2150,2.15,-58.8436401688621
2156.25,2.15625,-59.576171386004
2162.5,2.1625,-60.524353932883
2168.75,2.16875,-61.7398543335949
2175,2.175,-63.3084558683565
2181.25,2.18125,-65.3849849748076
2187.5,2.1875,-68.2905928625861
2193.75,2.19375,-72.8840397696838
2200,2.2,-83.591225827019
2206.25,2.20625,-80.4782137225485
2212.5,2.2125,-71.941343472927
2218.75,2.21875,-67.8273974879638
2225,2.225,-65.1635668656045
2231.25,2.23125,-63.2498322469144
2237.5,2.2375,-61.8082742146906
2243.75,2.24375,-60.7007180830584
2250,2.25,-59.8491886039235
2256.25,2.25625,-59.2061970607263
2262.5,2.2625,-58.7415981826215
2268.75,2.26875,-58.4361059206835
2275,2.275,-58.2778815379388
2281.25,2.28125,-58.2607190503765
2287.5,2.2875,-58.3831783030387
2293.75,2.29375,-58.6483923233619
2300,2.3,-59.0644916991826
2306.25,2.30625,-59.6457738389238
2312.5,2.3125,-60.4150005835991
2318.75,2.31875,-61.4076999640166
2325,2.325,-62.6804946144137
2331.25,2.33125,-64.3285787791651
2337.5,2.3375,-66.5274068327637
2343.75,2.34375,-69.6542759502315
2350,2.35,-74.7952490631468
2356.25,2.35625,-89.6212701592441
2362.5,2.3625,-78.7364647357001
2368.75,2.36875,-71.6460612501586
2375,2.375,-67.9027089648296
2381.25,2.38125,-65.4116683668425
2387.5,2.3875,-63.5998172292885
2393.75,2.39375,-62.2268062994509
2400,2.4,-61.1695844722919
2406.25,2.40625,-60.3574754580841
2412.5,2.4125,-59.7469826453707
2418.75,2.41875,-59.3103679926354
2425,2.425,-59.0299282234323
2431.25,2.43125,-58.8949607382769
2437.5,2.4375,-58.900159653811
2443.75,2.44375,-59.0448844794398
2450,2.45,-59.333074953691
2456.25,2.45625,-59.7737868705347
2462.5,2.4625,-60.3825114983862
2468.75,2.46875,-61.1837195767992
2475,2.475,-62.2156284048557
2481.25,2.48125,-63.5395219794464
2487.5,2.4875,-65.2596434443686
2493.75,2.49375,-67.5719042991863
2500,2.5,-70.9121806818362
2506.25,2.50625,-76.6310224549604
2512.5,2.5125,-101.444159077156
2518.75,2.51875,-77.7327704275254
2525,2.525,-71.525137495909
2531.25,2.53125,-68.0499073558998
2537.5,2.5375,-65.6908617192138
2543.75,2.54375,-63.9590667730613
2550,2.55,-62.6408932665953
2556.25,2.55625,-61.6244633300936
2562.5,2.5625,-60.8446295145692
2568.75,2.56875,-60.2609759996344
2575,2.575,-59.8476519267523
2581.25,2.58125,-59.5882139321204
2587.5,2.5875,-59.4728790349038
2593.75,2.59375,-59.4970842344091
2600,2.6,-59.6608638396529
2606.25,2.60625,-59.9688542851489
2612.5,2.6125,-60.4309278578914
2618.75,2.61875,-61.0636491958244
2625,2.625,-61.8930501175761
2631.25,2.63125,-62.9598411560677
2637.5,2.6375,-64.3296967728476
2643.75,2.64375,-66.1155525698252
2650,2.65,-68.5335346175724
2656.25,2.65625,-72.080242606668
2662.5,2.6625,-78.4124987592919
2668.75,2.66875,-99.9795487201794
2675,2.675,-77.1221874896485
2681.25,2.68125,-71.5131745145305
2687.5,2.6875,-68.2413528425131
2693.75,2.69375,-65.9866159977072
2700,2.7,-64.319501547956
2706.25,2.70625,-63.0462778355944
2712.5,2.7125,-62.0636408669661
2718.75,2.71875,-61.3107721785075
2725,2.725,-60.7497054414208
2731.25,2.73125,-60.356110307997
2737.5,2.7375,-60.1145719805292
2743.75,2.74375,-60.0160693139745
2750,2.75,-60.0566653492747
2756.25,2.75625,-60.2369741365447
2762.5,2.7625,-60.5622426050549
2768.75,2.76875,-61.0430716005578
2775,2.775,-61.696998496674
2781.25,2.78125,-62.5514888844603
2787.5,2.7875,-63.6495724569577
2793.75,2.79375,-65.061064876629
2800,2.8,-66.9072473578195
2806.25,2.80625,-69.4241652192258
2812.5,2.8125,-73.1710330308171
2818.75,2.81875,-80.1583536088745
2825,2.825,-92.3598857394206
2831.25,2.83125,-76.7471204563011
2837.5,2.8375,-71.5722504854727
2843.75,2.84375,-68.460282889309
2850,2.85,-66.2901751004743
2856.25,2.85625,-64.6764848049018
2862.5,2.8625,-63.4408327210436
2868.75,2.86875,-62.4866931147776
2875,2.875,-61.7567273625239
2881.25,2.88125,-61.2149637192731
2887.5,2.8875,-60.8383241423064
2893.75,2.89375,-60.6122507833207
2900,2.9,-60.5283655112901
2906.25,2.90625,-60.5832678350558
2912.5,2.9125,-60.7780770612198
2918.75,2.91875,-61.118581312359
2925,2.925,-61.6160373191759
2931.25,2.93125,-62.2888697350426
2937.5,2.9375,-63.1658670097082
2943.75,2.94375,-64.2922224007643
2950,2.95,-65.7416631592233
2956.25,2.95625,-67.6434812989231
2962.5,2.9625,-70.2533077727348
2968.75,2.96875,-74.1946400086135
2975,2.975,-81.8860436483442
2981.25,2.98125,-89.1430898961565
2987.5,2.9875,-76.5238553231513
2993.75,2.99375,-71.6789798462367
3000,3,-68.6961108099895
3006.25,3.00625,-66.5961247382212
3012.5,3.0125,-65.0273592925932
3018.75,3.01875,-63.8236188709651
3025,3.025,-62.8938665161806
3031.25,3.03125,-62.1836212339614
3037.5,3.0375,-61.6585673981902
3043.75,3.04375,-61.2966771212608
3050,3.05,-61.0841185370277
3056.25,3.05625,-61.0130646091082
3062.5,3.0625,-61.0805808824348
3068.75,3.06875,-61.2882321778194
3075,3.075,-61.6422909368549
3081.25,3.08125,-62.1546086804834
3087.5,3.0875,-62.8444238178423
3093.75,3.09375,-63.7417501341332
3100,3.1,-64.8938046199021
3106.25,3.10625,-66.3780143486208
3112.5,3.1125,-68.3313607344876
3118.75,3.11875,-71.0286995686724
3125,3.125,-75.1592813980729
3131.25,3.13125,-83.612913615966
3137.5,3.1375,-87.282833578939
3143.75,3.14375,-76.403425600533
3150,3.15,-71.8182634479041
3156.25,3.15625,-68.9419437054401
3162.5,3.1625,-66.9010659122844
3168.75,3.16875,-65.37064301106
3175,3.175,-64.1943718274197
3181.25,3.18125,-63.2857483791117
3187.5,3.1875,-62.5926801464868
3193.75,3.19375,-62.0822490372767
3200,3.2,-61.7333211182089
3206.25,3.20625,-61.5326881757592
3212.5,3.2125,-61.4730015530883
3218.75,3.21875,-61.5517362756146
3225,3.225,-61.7708538304348
3231.25,3.23125,-62.1370635110727
3237.5,3.2375,-62.6627595526428
3243.75,3.24375,-63.3679301853033
3250,3.25,-64.2837281296431
3256.25,3.25625,-65.4592678649013
3262.5,3.2625,-66.9754807227763
3268.75,3.26875,-68.9767301971182
3275,3.275,-71.7567175082507
3281.25,3.28125,-76.0717409735121
3287.5,3.2875,-85.3573428870875
3293.75,3.29375,-86.074936940442
3300,3.3,-76.3551943156168
3306.25,3.30625,-71.9800010074402
3312.5,3.3125,-69.1931906087828
3318.75,3.31875,-67.2028550173978
3325,3.325,-65.7055679693294
3331.25,3.33125,-64.5532114523755
3337.5,3.3375,-63.6630871128114
3343.75,3.34375,-62.9851285932261
3350,3.35,-62.4876133344465
3356.25,3.35625,-62.1501781052353
3362.5,3.3625,-61.9601567854545
3368.75,3.36875,-61.9106204806263
3375,3.375,-61.9994074749674
3381.25,3.38125,-62.2288353348009
3387.5,3.3875,-62.6060100326281
3393.75,3.39375,-63.1438236176152
3400,3.4,-63.8629580504365
3406.25,3.40625,-64.7956279506952
3412.5,3.4125,-65.9927308484159
3418.75,3.41875,-67.5385214785383
3425,3.425,-69.5844523556054
3431.25,3.43125,-72.4426787434056
3437.5,3.4375,-76.9376849619098
3443.75,3.44375,-87.140132345094
3450,3.45,-85.2432036031092
3456.25,3.45625,-76.3590128730524
3462.5,3.4625,-72.1572451159549
3468.75,3.46875,-69.4467433959772
3475,3.475,-67.5001507037237
3481.25,3.48125,-66.0318064617444
3487.5,3.4875,-64.900473385876
3493.75,3.49375,-64.0266928463053
3500,3.5,-63.3621391134075
3506.25,3.50625,-62.8761243471128
3512.5,3.5125,-62.5489570098766
3518.75,3.51875,-62.3684469572937
3525,3.525,-62.3280370389511
3531.25,3.53125,-62.4258904505124
3537.5,3.5375,-62.6646466524519
3543.75,3.54375,-63.0517738940012
3550,3.55,-63.6006229499391
3556.25,3.55625,-64.3325199317037
3562.5,3.5625,-65.2806722903292
3568.75,3.56875,-66.4976564961616
3575,3.575,-68.0708831920239
3581.25,3.58125,-70.1586149799973
3587.5,3.5875,-73.0910629596637
3593.75,3.59375,-77.761896018287
3600,3.6,-88.9864271676617
3606.25,3.60625,-84.6516220908325
3612.5,3.6125,-76.4011113369201
3618.75,3.61875,-72.3451096570994
3625,3.625,-69.7004753429916
3631.25,3.63125,-67.7921345704193
3637.5,3.6375,-66.3493040803764
3643.75,3.64375,-65.2366092549486
3650,3.65,-64.3773824773674
3656.25,3.65625,-63.7248096692305
3662.5,3.6625,-63.2491075815253
3668.75,3.66875,-62.9311756013697
3675,3.675,-62.7592451695039
3681.25,3.68125,-62.7270909947222
3687.5,3.6875,-62.8331689563055
3693.75,3.69375,-63.0804112784932
3700,3.7,-63.4766187291045
3706.25,3.70625,-64.0355664974448
3712.5,3.7125,-64.7791807360109
3718.75,3.71875,-65.7415995034411
3725,3.725,-66.9769831852403
3731.25,3.73125,-68.5757429797195
3737.5,3.7375,-70.702686425348
3743.75,3.74375,-73.7056794360302
3750,3.75,-78.5484490594706
3756.25,3.75625,-90.9286979380115
3762.5,3.7625,-84.2237658327369
3768.75,3.76875,-76.4717876266868
3775,3.775,-72.5400965797305
3781.25,3.78125,-69.9529238777144
3787.5,3.7875,-68.0783341947202
3793.75,3.79375,-66.6581755652106
3800,3.8,-65.5621268607395
3806.25,3.80625,-64.7159498288757
3812.5,3.8125,-64.07415563027
3818.75,3.81875,-63.6077588076033
3825,3.825,-63.2981828924205
3831.25,3.83125,-63.1340355925363
3837.5,3.8375,-63.1093899448393
3843.75,3.84375,-63.2229671220861
3850,3.85,-63.4779670375664
3856.25,3.85625,-63.8824970121101
3862.5,3.8625,-64.4507263156967
3868.75,3.86875,-65.2051416755775
3875,3.875,-66.1807554576894
3881.25,3.88125,-67.4332249699609
3887.5,3.8875,-69.0558176620787
3893.75,3.89375,-71.2196341648407
3900,3.9,-74.2897944860128
3906.25,3.90625,-79.3008454044481
3912.5,3.9125,-93.0118301621897
3918.75,3.91875,-83.9127823634019
3925,3.925,-76.564034539173
3931.25,3.93125,-72.7396659212253
3937.5,3.9375,-70.2030842138916
3943.75,3.94375,-68.3585083842581
3950,3.95,-66.9586387135688
3956.25,3.95625,-65.8775541704709
3962.5,3.9625,-65.0431502071437
3968.75,3.96875,-64.4111094478224
3975,3.975,-63.9531554788214
3981.25,3.98125,-63.6511801073033
3987.5,3.9875,-63.4941291237662
3993.75,3.99375,-63.4763454037085
4000,4,-63.5967919051234
4006.25,4.00625,-63.8589144556316
4012.5,4.0125,-64.271104100202
4018.75,4.01875,-64.8478972031318
4025,4.025,-65.6123055770714
4031.25,4.03125,-66.6001647567929
4037.5,4.0375,-67.8685491130667
4043.75,4.04375,-69.5134481072359
4050,4.05,-71.7120163723219
4056.25,4.05625,-74.8462300046535
4062.5,4.0625,-80.0221165159012
4068.75,4.06875,-95.3026857672933
4075,4.075,-83.6881113686325
4081.25,4.08125,-76.6726868498031
4087.5,4.0875,-72.9419529702991
4093.75,4.09375,-70.450271895114
4100,4.1,-68.6325713232123
4106.25,4.10625,-67.2509719008271
4112.5,4.1125,-66.1834177535979
4118.75,4.11875,-65.3596932826304
4125,4.125,-64.7365242389802
4131.25,4.13125,-64.2862686913471
4137.5,4.1375,-63.9912394924934
4143.75,4.14375,-63.8406880213821
4150,4.15,-63.8292025586554
4156.25,4.15625,-63.955967495525
4162.5,4.1625,-64.2246555175617
4168.75,4.16875,-64.6439211881524
4175,4.175,-65.2286438239862
4181.25,4.18125,-66.0023282665075
4187.5,4.1875,-67.0015866058719
4193.75,4.19375,-68.284836776116
4200,4.2,-69.9506651909497
4206.25,4.20625,-72.1820535544722
4212.5,4.2125,-75.3774406229745
4218.75,4.21875,-80.7149052381501
4225,4.225,-97.9101783360164
4231.25,4.23125,-83.5288702786427
4237.5,4.2375,-76.7938716601425
4243.75,4.24375,-73.1455774663533
4250,4.25,-70.694029355885
4256.25,4.25625,-68.9005416158754
4262.5,4.2625,-67.5354865487323
4268.75,4.26875,-66.4802301084625
4275,4.275,-65.6662407716593
4281.25,4.28125,-65.0511791980809
4287.5,4.2875,-64.6079746823179
4293.75,4.29375,-64.3193208233835
4300,4.3,-64.1747466914693
4306.25,4.30625,-64.1690648422376
4312.5,4.3125,-64.3016633444076
4318.75,4.31875,-64.5764249487888
4325,4.325,-65.0022497466581
4331.25,4.33125,-65.5943383024679
4337.5,4.3375,-66.3766594132507
4343.75,4.34375,-67.386559099019
4350,4.35,-68.6837310490004
4356.25,4.35625,-70.3692419559923
4362.5,4.3625,-72.6316852111082
4368.75,4.36875,-75.8855748024702
4375,4.375,-81.3815301421263
4381.25,4.38125,-101.034122052288
4387.5,4.3875,-83.4202633600669
4393.75,4.39375,-76.9246430676399
4400,4.4,-73.3495120504411
4406.25,4.40625,-70.9340612781712
4412.5,4.4125,-69.1625076003664
4418.75,4.41875,-67.8125092185734
4425,4.425,-66.7684825146687
4431.25,4.43125,-65.9634068489116
4437.5,4.4375,-65.3557856905111
4443.75,4.44375,-64.9190654235046
4450,4.45,-64.6362857203289
4456.25,4.45625,-64.4972292015857
4462.5,4.4625,-64.4969142877997
4468.75,4.46875,-64.6349171275843
4475,4.475,-64.9153156476308
4481.25,4.48125,-65.3472393635313
4487.5,4.4875,-65.9461904868652
4493.75,4.49375,-66.7365753058293
4500,4.5,-67.7564346762249
4506.25,4.50625,-69.0666753448784
4512.5,4.5125,-70.7707352820649
4518.75,4.51875,-73.0626151171655
4525,4.525,-76.3725237180452
4531.25,4.53125,-82.0240370252565
4537.5,4.5375,-105.11363648806
4543.75,4.54375,-83.3514990121395
4550,4.55,-77.0627328708274
4556.25,4.55625,-73.5529898281785
4562.5,4.5625,-71.1701891836632
4568.75,4.56875,-69.4186034871817
4575,4.575,-68.0823699891535
4581.25,4.58125,-67.0486413364241
4587.5,4.5875,-66.251760061396
4593.75,4.59375,-65.6509934088783
4600,4.6,-65.2202581554899
4606.25,4.60625,-64.9429099909566
4612.5,4.6125,-64.808964046669
4618.75,4.61875,-64.8136284596637
4625,4.625,-64.9566536714953
4631.25,4.63125,-65.2422995097003
4637.5,4.6375,-65.6799104304195
4643.75,4.64375,-66.2852725201073
4650,4.65,-67.0832053874595
4656.25,4.65625,-68.1124087708671
4662.5,4.6625,-69.4349443803515
4668.75,4.66875,-71.1565194907871
4675,4.675,-73.4763478560368
4681.25,4.68125,-76.8399607457419
4687.5,4.6875,-82.6442405282786
4693.75,4.69375,-111.50195109766
4700,4.7,-83.31451688921
4706.25,4.70625,-77.2063765467285
4712.5,4.7125,-73.7554383232414
4718.75,4.71875,-71.4023191147184
4725,4.725,-69.6689928128363
4731.25,4.73125,-68.3453949847654
4737.5,4.7375,-67.3211464789747
4743.75,4.74375,-66.5318260106089
4750,4.75,-65.9373962682584
4756.25,4.75625,-65.512203854116
4762.5,4.7625,-65.2398942438125
4768.75,4.76875,-65.1106966240192
4775,4.775,-65.119994597539
4781.25,4.78125,-65.2677006439806
4787.5,4.7875,-65.5582445965415
4793.75,4.79375,-66.0011727683361
4800,4.8,-66.6125389468371
4806.25,4.80625,-67.4175539173859
4812.5,4.8125,-68.4555431523879
4818.75,4.81875,-69.7896693890166
4825,4.825,-71.5278136833023
4831.25,4.83125,-73.8742185532732
4837.5,4.8375,-77.2893736428011
4843.75,4.84375,-83.2437580643174
4850,4.85,-136.91842307343
4856.25,4.85625,-83.3031761608257
4862.5,4.8625,-77.3541893428353
4868.75,4.86875,-73.9564315867087
4875,4.875,-71.63041836806
4881.25,4.88125,-69.9138569042005
4887.5,4.8875,-68.6019016667701
4893.75,4.89375,-67.5864111770296
4900,4.9,-66.8040903664045
4906.25,4.90625,-66.2155378853837
4912.5,4.9125,-65.7954946915271
4918.75,4.91875,-65.5278730114459
4925,4.925,-65.4030998030636
4931.25,4.93125,-65.4167214891788
4937.5,4.9375,-65.5688016387941
4943.75,4.94375,-65.8639293833906
4950,4.95,-66.3118410274672
4956.25,4.95625,-66.9288432905512
4962.5,4.9625,-67.7405177898479
4968.75,4.96875,-68.7867850967316
4975,4.975,-70.1318588063082
4981.25,4.98125,-71.8857041590997
4987.5,4.9875,-74.2574172724885
4993.75,4.99375,-77.7220909865043
5000,5,-83.8240377073495
5006.25,5.00625,-113.741029037411
5012.5,5.0125,-83.3127192685104
5018.75,5.01875,-77.5050765012234
5025,5.025,-74.1556550144248
5031.25,5.03125,-71.8544985812723
5037.5,5.0375,-70.1533868152534
5043.75,5.04375,-68.8521959757768
5050,5.05,-67.8448225912936
5056.25,5.05625,-67.0690019556309
5062.5,5.0625,-66.4859165812401
5068.75,5.06875,-66.0706705839382
5075,5.075,-65.8074225991798
5081.25,5.08125,-65.6867829108767
5087.5,5.0875,-65.7044494835613
5093.75,5.09375,-65.860627148442
5100,5.1,-66.1600546569478
5106.25,5.10625,-66.6126475049013
5112.5,5.1125,-67.2349518158666
5118.75,5.11875,-68.0529012976675
5125,5.125,-69.1069832458942
5131.25,5.13125,-70.4624153652774
5137.5,5.1375,-72.2311629387733
5143.75,5.14375,-74.6270091820631
5150,5.15,-78.1393040600451
5156.25,5.15625,-84.3863812897775
5162.5,5.1625,-108.004427965157
5168.75,5.16875,-83.3394069897611
5175,5.175,-77.658167200481
5181.25,5.18125,-74.3528791977921
5187.5,5.1875,-72.0746033355263
5193.75,5.19375,-70.3877776942844
5200,5.2,-69.0965707161422
5206.25,5.20625,-68.0967428773012
5212.5,5.2125,-67.3269757779291
5218.75,5.21875,-66.7489898988985
5225,5.225,-66.3382249269166
5231.25,5.23125,-66.0790678492139
5237.5,5.2375,-65.962299398484
5243.75,5.24375,-65.9837589757522
5250,5.25,-66.1437838162321
5256.25,5.25625,-66.447253509687
5262.5,5.2625,-66.9042528802494
5268.75,5.26875,-67.5315550285583
5275,5.275,-68.3554284465286
5281.25,5.28125,-69.4169008181689
5287.5,5.2875,-70.782150323832
5293.75,5.29375,-72.5650631742885
5300,5.3,-74.9839513419806
5306.25,5.30625,-78.5420850962962
5312.5,5.3125,-84.9319636667806
5318.75,5.31875,-104.936179754148
5325,5.325,-83.3802636928088
5331.25,5.33125,-77.8127652753173
5337.5,5.3375,-74.5479402857537
5343.75,5.34375,-72.290799006226
5350,5.35,-70.6172248664071
5356.25,5.35625,-69.3353047733903
5362.5,5.3625,-68.3425105109616
5368.75,5.36875,-67.5783958679864
5375,5.375,-67.0051786562236
5381.25,5.38125,-66.5986096165849
5387.5,5.3875,-66.3432879831471
5393.75,5.39375,-66.2301534060172
5400,5.4,-66.2551776299337
5406.25,5.40625,-66.4188222780328
5412.5,5.4125,-66.7260997824197
5418.75,5.41875,-67.1872552605041
5425,5.425,-67.8192773440504
5431.25,5.43125,-68.6487532907409
5437.5,5.4375,-69.71722668189
5443.75,5.44375,-71.0917953811296
5450,5.45,-72.8881920528215
5456.25,5.45625,-75.3291067678508
5462.5,5.4625,-78.9314025845928
5468.75,5.46875,-85.4618488890321
5475,5.475,-102.920444320864
5481.25,5.48125,-83.4328955595605
5487.5,5.4875,-77.9683119954685
5493.75,5.49375,-74.7407250992132
5500,5.5,-72.5031679735815
5506.25,5.50625,-70.8419211348217
5512.5,5.5125,-69.568662886827
5518.75,5.51875,-68.5824417329646
5525,5.525,-67.8236179642333
5531.25,5.53125,-67.2548705667448
5537.5,5.5375,-66.852239447833
5543.75,5.54375,-66.600521661536
5550,5.55,-66.4908054060357
5556.25,5.55625,-66.5191865558533
5562.5,5.5625,-66.6862438417753
5568.75,5.56875,-66.9971152339295
5575,5.575,-67.4621978428167
5581.25,5.58125,-68.0986852627672
5587.5,5.5875,-68.9334686593526
5593.75,5.59375,-70.0085846935853
5600,5.6,-71.3920127185638
5606.25,5.60625,-73.2012616671826
5612.5,5.6125,-75.663256285033
5618.75,5.61875,-79.3081341911974
5625,5.625,-85.9770038629583
5631.25,5.63125,-101.468204272572
5637.5,5.6375,-83.4953583621873
5643.75,5.64375,-78.1243576379447
5650,5.65,-74.9311597538894
5656.25,5.65625,-72.7118035637805
5662.5,5.6625,-71.0620549524066
5668.75,5.66875,-69.7968957877518
5675,5.675,-68.816832024695
5681.25,5.68125,-68.0629719686602
5687.5,5.6875,-67.4984234674872
5693.75,5.69375,-67.0994959711997
5700,5.7,-66.8511713776262
5706.25,5.70625,-66.7446770725289
5712.5,5.7125,-66.7762256131998
5718.75,5.71875,-66.9465062038992
5725,5.725,-67.260775660204
5731.25,5.73125,-67.7295754403515
5737.5,5.7375,-68.3702943201915
5743.75,5.74375,-69.2101135638519
5750,5.75,-70.2915416165534
5756.25,5.75625,-71.6834035081206
5762.5,5.7625,-73.5049182249342
5768.75,5.76875,-75.98710857641
5775,5.775,-79.6730777271242
5781.25,5.78125,-86.4783099544731
5787.5,5.7875,-100.365280911609
5793.75,5.79375,-83.5660596436993
5800,5.8,-78.2805395551651
5806.25,5.80625,-75.1192009002075
5812.5,5.8125,-72.9168062696404
5818.75,5.81875,-71.2778092170395
5825,5.825,-70.0202405733333
5831.25,5.83125,-69.0459575613989
5837.5,5.8375,-68.2967641970655
5843.75,5.84375,-67.7361681935455
5850,5.85,-67.3407308804032
5856.25,5.85625,-67.0956072839107
5862.5,5.8625,-66.9921554972691
5868.75,5.86875,-67.0266979860225
5875,5.875,-67.2000283636777
5881.25,5.88125,-67.517516142014
5887.5,5.8875,-67.9898400673865
5893.75,5.89375,-68.6345750252852
5900,5.9,-69.4791795192105
5906.25,5.90625,-70.5666138708705
5912.5,5.9125,-71.9665151601769
5918.75,5.91875,-73.7997498914755
5925,5.925,-76.301308744212
5931.25,5.93125,-80.0269605078224
5937.5,5.9375,-86.9665728987895
5943.75,5.94375,-99.4987434433989
5950,5.95,-83.6436852551579
5956.25,5.95625,-78.4365650987753
5962.5,5.9625,-75.3048289336397
5968.75,5.96875,-73.1182809239781
5975,5.975,-71.4893605145013
5981.25,5.98125,-70.2389212268166
5987.5,5.9875,-69.2700766099436
5993.75,5.99375,-68.5252794273786
6000,6,-67.9684111376347
6006.25,6.00625,-67.5762689931366
6012.5,6.0125,-67.3341705344655
6018.75,6.01875,-67.2335968539889
6025,6.025,-67.2709741433723
6031.25,6.03125,-67.4471948660477
6037.5,6.0375,-67.7677355652171
6043.75,6.04375,-68.2434057414916
6050,6.05,-68.8919579587147
6056.25,6.05625,-69.7411159638506
6062.5,6.0625,-70.8342733155575
6068.75,6.06875,-72.2418475280314
6075,6.075,-74.0862935028051
6081.25,6.08125,-76.606445641646
6087.5,6.0875,-80.3704473799513
6093.75,6.09375,-87.442531305501
6100,6.1,-98.8018281229407
6106.25,6.10625,-83.7271434390471
6112.5,6.1125,-78.5921982126845
6118.75,6.11875,-75.4880427016795
6125,6.125,-73.3163345869996
6131.25,6.13125,-71.6968786825349
6137.5,6.1375,-70.4531492228567
6143.75,6.14375,-69.4894308527769
6150,6.15,-68.7487827582923
6156.25,6.15625,-68.1954365301723
6162.5,6.1625,-67.806410879387
6168.75,6.16875,-67.5671762129185
6175,6.175,-67.4693295937815
6181.25,6.18125,-67.509395281668
6187.5,6.1875,-67.6883594796873
6193.75,6.19375,-68.0118005312234
6200,6.2,-68.4906526307632
6206.25,6.20625,-69.1428381695172
6212.5,6.2125,-69.9963349283386
6218.75,6.21875,-71.0949522246986
6225,6.225,-72.5098582441844
6231.25,6.23125,-74.3650403377909
6237.5,6.2375,-76.9030581804965
6243.75,6.24375,-80.7041476373497
6250,6.25,-87.90686399289
6256.25,6.25625,-98.2318530949282
6262.5,6.2625,-83.8155217502141
6268.75,6.26875,-78.7472488260382
6275,6.275,-75.6688553563071
6281.25,6.28125,-73.5110749715376
6287.5,6.2875,-71.9005266045013
6293.75,6.29375,-70.6631241759474
6300,6.3,-69.7042466288076
6306.25,6.30625,-68.9675212924448
6312.5,6.3125,-68.4175084720982
6318.75,6.31875,-68.0314351839101
6325,6.325,-67.7949159047832
6331.25,6.33125,-67.6996572409772
6337.5,6.3375,-67.7422763275039
6343.75,6.34375,-67.9238483978059
6350,6.35,-68.2500487535027
6356.25,6.35625,-68.7319306502684
6362.5,6.3625,-69.3875789828186
6368.75,6.36875,-70.2452150742459
6375,6.375,-71.3490475884926
6381.25,6.38125,-72.7709673299344
6387.5,6.3875,-74.6364411034342
6393.75,6.39375,-77.1916407813121
6400,6.4,-81.0286210057126
6406.25,6.40625,-88.3601963400492
6412.5,6.4125,-97.7599304725702
6418.75,6.41875,-83.9080535028941
6425,6.425,-78.9015644026793
6431.25,6.43125,-75.8472910897559
6437.5,6.4375,-73.7026092755092
6443.75,6.44375,-72.1004601663039
6450,6.45,-70.8690345036083
6456.25,6.45625,-69.914736088072
6462.5,6.4625,-69.1817256591694
6468.75,6.46875,-68.6348727494108
6475,6.475,-68.2516006830937
6481.25,6.48125,-68.0176599638509
6487.5,6.4875,-67.9248608474121
6493.75,6.49375,-67.9699085662534
6500,6.5,-68.1539630339332
6506.25,6.50625,-68.4827920190499
6512.5,6.5125,-68.9675625932182
6518.75,6.51875,-69.6265153108169
6525,6.525,-70.4881052024829
6531.25,6.53125,-71.596924846241
6537.5,6.5375,-73.0255611938724
6543.75,6.54375,-74.9009102583983
6550,6.55,-77.4726481024118
6556.25,6.55625,-81.3443828431334
6562.5,6.5625,-88.8031058119523
6568.75,6.56875,-97.3656395675631
6575,6.575,-84.0040913760884
6581.25,6.58125,-79.0550231650338
6587.5,6.5875,-76.02338255562
6593.75,6.59375,-73.8910433235909
6600,6.6,-72.2968283280285
6606.25,6.60625,-71.0710580851301
6612.5,6.6125,-70.1210982605888
6618.75,6.61875,-69.3916113914544
6625,6.625,-68.8477584549843
6631.25,6.63125,-68.4671481106075
6637.5,6.6375,-68.2356595144747
6643.75,6.64375,-68.1452011534558
6650,6.65,-68.1925619507044
6656.25,6.65625,-68.3789824724467
6662.5,6.6625,-68.7103187798477
6668.75,6.66875,-69.197846867139
6675,6.675,-69.859956542704
6681.25,6.68125,-70.7253273124582
6687.5,6.6875,-71.8389211388166
6693.75,6.69375,-73.2739961137491
6700,6.7,-75.1588297772007
6706.25,6.70625,-77.7464991588893
6712.5,6.7125,-81.6519086763627
6718.75,6.71875,-89.2361267832663
6725,6.725,-97.03404206011
6731.25,6.73125,-84.1030864615733
6737.5,6.7375,-79.2075286288292
6743.75,6.74375,-76.1971688252468
6750,6.75,-74.0764809446281
6756.25,6.75625,-72.4897732750626
6762.5,6.7625,-71.2693629035293
6768.75,6.76875,-70.323520042419
6775,6.775,-69.5973801712349
6781.25,6.78125,-69.0563794404122
6787.5,6.7875,-68.6783017815814
6793.75,6.79375,-68.4491482254061
6800,6.8,-68.3609204966156
6806.25,6.80625,-68.4104871352569
6812.5,6.8125,-68.5991656237425
6818.75,6.81875,-68.9328964284684
6825,6.825,-69.42305989344
6831.25,6.83125,-70.0881890762781
6837.5,6.8375,-70.9571792794406
6843.75,6.84375,-72.0753481530444
6850,6.85,-73.5166012798352
6856.25,6.85625,-75.4105524397469
6862.5,6.8625,-78.0135809237986
6868.75,6.86875,-81.9516381727206
6875,6.875,-89.6597547664594
6881.25,6.88125,-96.7539033460846
6887.5,6.8875,-84.2045714931477
6893.75,6.89375,-79.3590051706845
6900,6.9,-76.3686937641493
6906.25,6.90625,-74.2590235288343
6912.5,6.9125,-72.6794306226376
6918.75,6.91875,-71.4641076626551
6925,6.925,-70.5221771029873
6931.25,6.93125,-69.7992209559826
6937.5,6.9375,-69.2609356176879
6943.75,6.94375,-68.8852710406813
6950,6.95,-68.6583438852647
6956.25,6.95625,-68.572244501961
6962.5,6.9625,-68.6239172736833
6968.75,6.96875,-68.8147531256027
6975,6.975,-69.1507733028149
6981.25,6.98125,-69.6434582187813
6987.5,6.9875,-70.3114785431595
6993.75,6.99375,-71.1839372057946
7000,7,-72.3064946177907
7006.25,7.00625,-73.7536814642315
7012.5,7.0125,-75.6564047159789
7018.75,7.01875,-78.2742514874114
7025,7.025,-82.2439786294825
7031.25,7.03125,-90.074450130012
7037.5,7.0375,-96.5165790423187
7043.75,7.04375,-84.3081473201491
7050,7.05,-79.5093944157145
7056.25,7.05625,-76.5380047399802
7062.5,7.0625,-74.4387697224671
7068.75,7.06875,-72.8659296550016
7075,7.075,-71.65544237488
7081.25,7.08125,-70.7172347187368
7087.5,7.0875,-69.9973109986427
7093.75,7.09375,-69.4616141282628
7100,7.1,-69.0882515561069
7106.25,7.10625,-68.8634498054576
7112.5,7.1125,-68.7793835835221
7118.75,7.11875,-68.8330696126483
7125,7.125,-69.0259690258214
7131.25,7.13125,-69.3641804578088
7137.5,7.1375,-69.8592803788489
7143.75,7.14375,-70.5300717711252
7150,7.15,-71.4058574926815
7156.25,7.15625,-72.532628501755
7162.5,7.1625,-73.9855193699946
7168.75,7.16875,-75.8966893040612
7175,7.175,-78.528842838082
7181.25,7.18125,-82.5293080498154
7187.5,7.1875,-90.4806413797067
7193.75,7.19375,-96.3152890976017
7200,7.2,-84.4134719203968
7206.25,7.20625,-79.6586522796517
7212.5,7.2125,-76.7051515931952
7218.75,7.21875,-74.6158152274529
7225,7.225,-73.0493935852905
7231.25,7.23125,-71.8435089168136
7237.5,7.2375,-70.9088485382514
7243.75,7.24375,-70.1918167717893
7250,7.25,-69.658590394743
7256.25,7.25625,-69.2874264783532
7262.5,7.2625,-69.0646560724746
7268.75,7.26875,-68.9825342812888
7275,7.275,-69.0381469081066
7281.25,7.28125,-69.2330222755274
7287.5,7.2875,-69.5733332357775
7293.75,7.29375,-70.0707485485752
7300,7.3,-70.7441985199522
7306.25,7.30625,-71.6231786711525
7312.5,7.3125,-72.7539989546981
7318.75,7.31875,-74.2123777050098
7325,7.325,-76.1316873706769
7331.25,7.33125,-78.7776633177274
7337.5,7.3375,-82.8079778626144
7343.75,7.34375,-90.8787280632921
7350,7.35,-96.1446282935322
7356.25,7.35625,-84.5202514174822
7362.5,7.3625,-79.8067465367064
7368.75,7.36875,-76.8701858167905
7375,7.375,-74.7902526810606
7381.25,7.38125,-73.2299398261204
7387.5,7.3875,-72.0284415521118
7393.75,7.39375,-71.0971652841515
7400,7.4,-70.382894805807
7406.25,7.40625,-69.8520290686345
7412.5,7.4125,-69.4829674800964
7418.75,7.41875,-69.2621406683975
7425,7.425,-69.1818804548682
7431.25,7.43125,-69.2393386876385
7437.5,7.4375,-69.4361080581866
7443.75,7.44375,-69.7784326623608
7450,7.45,-70.2780700074868
7456.25,7.45625,-70.9540730214207
7462.5,7.4625,-71.8361230253977
7468.75,7.46875,-72.9708380271887
7475,7.475,-74.4345010183573
7481.25,7.48125,-76.3616605344139
7487.5,7.4875,-79.0209997964412
7493.75,7.49375,-83.0803153345744
7500,7.5,-91.2690833494518
7506.25,7.50625,-96.0002265341245
7512.5,7.5125,-84.628232692285
7518.75,7.51875,-79.953654811948
7525,7.525,-77.0331599030683
7531.25,7.53125,-74.9621715964752
7537.5,7.5375,-73.4076802636086
7543.75,7.54375,-72.2103674214918
7550,7.55,-71.2823233968656
7556.25,7.55625,-70.5706924499732
7562.5,7.5625,-70.0420848858823
7568.75,7.56875,-69.675035691327
7575,7.575,-69.456070475789
7581.25,7.58125,-69.3775943517833
7587.5,7.5875,-69.4368223783748
7593.75,7.59375,-69.6354089755119
7600,7.6,-69.9796666907098
7606.25,7.60625,-70.4814384445283
7612.5,7.6125,-71.1598953494355
7618.75,7.61875,-72.0448980358413
7625,7.625,-73.1833621985427
7631.25,7.63125,-74.6521173310952
7637.5,7.6375,-76.5868526267384
7643.75,7.64375,-79.2591196039184
7650,7.65,-83.3466257154925
7656.25,7.65625,-91.6520563242454
7662.5,7.6625,-95.8785071950886
7668.75,7.66875,-84.7371972714745
7675,7.675,-80.0993629181558
7681.25,7.68125,-77.194126824218
7687.5,7.6875,-75.1316583493999
7693.75,7.69375,-73.5827215296661
7700,7.7,-72.3894070006919
7706.25,7.70625,-71.4644536251498
7712.5,7.7125,-70.7553485643031
7718.75,7.71875,-70.2289034404818
7725,7.725,-69.8637825419607
7731.25,7.73125,-69.6466021808959
7737.5,7.7375,-69.5698375658162
7743.75,7.74375,-69.6307643172865
7750,7.75,-69.8310961083549
7756.25,7.75625,-70.1772113133318
7762.5,7.7625,-70.6810351229993
7768.75,7.76875,-71.3618526422569
7775,7.775,-72.2496976655506
7781.25,7.78125,-73.3917737380085
7787.5,7.7875,-74.8654395883883
7793.75,7.79375,-76.8074912597264
7800,7.8,-79.492272249504
7806.25,7.80625,-83.607194151341
7812.5,7.8125,-92.0279740415953
7818.75,7.81875,-95.7765115011243
7825,7.825,-84.8469562457509
7831.25,7.83125,-80.2438634735336
7837.5,7.8375,-77.35313962046
7843.75,7.84375,-75.2987961992744
7850,7.85,-73.7551652689059
7856.25,7.85625,-72.5656745276363
7862.5,7.8625,-71.6436795679264
7868.75,7.86875,-70.936994149254
7875,7.875,-70.4126218851924
7881.25,7.88125,-70.0493505225879
7887.5,7.8875,-69.8338830871828
7893.75,7.89375,-69.7587618986703
7900,7.9,-69.8213206582596
7906.25,7.90625,-70.0233299680637
7912.5,7.9125,-70.3712315581332
7918.75,7.91875,-70.8770299232301
7925,7.925,-71.5601201956025
7931.25,7.93125,-72.4507035099307
7937.5,7.9375,-73.5962619205846
7943.75,7.94375,-75.0746669559866
7950,7.95,-77.0237892254822
7956.25,7.95625,-79.7206909579944
7962.5,7.9625,-83.8622873947348
7968.75,7.96875,-92.3971433588295
7975,7.975,-95.6917684667334
7981.25,7.98125,-84.9573460235724
7987.5,7.9875,-80.3871547494847
7993.75,7.99375,-77.5102510748286
8000,8,-75.4636653361546
8006.25,8.00625,-73.9251083976783
8012.5,8.0125,-72.7392784002644
8018.75,8.01875,-71.8201181716926
8025,8.025,-71.1157529195609
8031.25,8.03125,-70.5933695672685
8037.5,8.0375,-70.2318738726051
8043.75,8.04375,-70.018051849613
8050,8.05,-69.9445101363819
8056.25,8.05625,-70.0086381883059
8062.5,8.0625,-70.2122613516017
8068.75,8.06875,-70.5618823828383
8075,8.075,-71.0695822780814
8081.25,8.08125,-71.7548624426511
8087.5,8.0875,-72.6480858267891
8093.75,8.09375,-73.7970041156885
8100,8.1,-75.2799859805789
8106.25,8.10625,-77.2359457483439
8112.5,8.1125,-79.9445940443121
8118.75,8.11875,-84.1121553378664
8125,8.125,-92.7598525838501
8131.25,8.13125,-95.6221969656684
8137.5,8.1375,-85.0682247667842
8143.75,8.14375,-80.5292397075266
8150,8.15,-77.6655134579258
8156.25,8.15625,-75.6263429464471
8162.5,8.1625,-74.092643353589
8168.75,8.16875,-72.9103215466893
8175,8.175,-71.9938801874289
8181.25,8.18125,-71.2917418278648
8187.5,8.1875,-70.7712686061902
8193.75,8.19375,-70.4114792038248
8200,8.2,-70.1992391387237
8206.25,8.20625,-70.1272167504004
8212.5,8.2125,-70.1928550636581
8218.75,8.21875,-70.3980321118933
8225,8.225,-70.74930947999
8231.25,8.23125,-71.2588420142517
8237.5,8.2375,-71.9462338347379
8243.75,8.24375,-72.8420044614032
8250,8.25,-73.9941667643179
8256.25,8.25625,-75.4815716308565
8262.5,8.2625,-77.4441476081283
8268.75,8.26875,-80.1641861469035
8275,8.275,-84.3570323897941
8281.25,8.28125,-93.116372957109
8287.5,8.2875,-95.5660308925114
8293.75,8.29375,-85.1794693856467
8300,8.3,-80.6701251923249
8306.25,8.30625,-77.8189783291826
8312.5,8.3125,-75.7869032920231
8318.75,8.31875,-74.2578583344459
8325,8.325,-73.0789017693436
8331.25,8.33125,-72.1650705905595
8337.5,8.3375,-71.4650715430893
8343.75,8.34375,-70.9464344194936
8350,8.35,-70.5882860666092
8356.25,8.35625,-70.3775682423449
8362.5,8.3625,-70.3070085318838
8368.75,8.36875,-70.374101474939
8375,8.375,-70.5807758532423
8381.25,8.38125,-70.9336500030324
8387.5,8.3875,-71.4449501104981
8393.75,8.39375,-72.1343796345239
8400,8.4,-73.0326096791477
8406.25,8.40625,-74.1879062580755
8412.5,8.4125,-75.6795882336159
8418.75,8.41875,-77.6485701499103
8425,8.425,-80.3796593368133
8431.25,8.43125,-84.5971387163349
8437.5,8.4375,-93.4669599873713
8443.75,8.44375,-95.5217612089443
8450,8.45,-85.2909729954485
8456.25,8.45625,-80.8098212541849
8462.5,8.4625,-77.9706963839772
8468.75,8.46875,-75.9454177986888
8475,8.475,-74.4208375261302
8481.25,8.48125,-73.2451120648752
8487.5,8.4875,-72.3337889673171
8493.75,8.49375,-71.6358468880965
8500,8.5,-71.1189762021614
8506.25,8.50625,-70.7624074647456
8512.5,8.5125,-70.5531556118645
8518.75,8.51875,-70.4840051667426
8525,8.525,-70.5525002495019
8531.25,8.53125,-70.7606185604652
8537.5,8.5375,-71.1150332226209
8543.75,8.54375,-71.6280393825097
8550,8.55,-72.3194366319513
8556.25,8.55625,-73.2200429166114
8562.5,8.5625,-74.3783697317307
8568.75,8.56875,-75.874190317417
8575,8.575,-77.8493781938767
8581.25,8.58125,-80.5911941172597
8587.5,8.5875,-84.8326813590258
8593.75,8.59375,-93.8118546590875
8600,8.6,-95.4880905251102
8606.25,8.60625,-85.4026427553375
8612.5,8.6125,-80.9483405789837
8618.75,8.61875,-78.1207173377613
8625,8.625,-76.1019551506945
8631.25,8.63125,-74.5816613190777
8637.5,8.6375,-73.4090409213778
8643.75,8.64375,-72.5001298704029
8650,8.65,-71.804167240536
8656.25,8.65625,-71.2889973642811
8662.5,8.6625,-70.9339503244523
8668.75,8.66875,-70.7261113589919
8675,8.675,-70.6583197578776
8681.25,8.68125,-70.7281673978791
8687.5,8.6875,-70.9376791691135
8693.75,8.69375,-71.2935811210159
8700,8.7,-71.8082351027138
8706.25,8.70625,-72.5015337917676
8712.5,8.7125,-73.4044374605194
8718.75,8.71875,-74.5656957792179
8725,8.725,-76.065523374449
8731.25,8.73125,-78.0467268567801
8737.5,8.7375,-80.7989603262697
8743.75,8.74375,-85.0638552467283
8750,8.75,-94.1512845253187
8756.25,8.75625,-95.4638971186359
8762.5,8.7625,-85.5143980256911
8768.75,8.76875,-81.085698007884
8775,8.775,-78.2690898402921
8781.25,8.78125,-76.2565813888733
8787.5,8.7875,-74.7404065134895
8793.75,8.79375,-73.5707725946357
8800,8.8,-72.6641831467596
8806.25,8.80625,-71.9701269005043
8812.5,8.8125,-71.4565959312554
8818.75,8.81875,-71.1030159223453
8825,8.825,-70.8965397083255
8831.25,8.83125,-70.8300593003677
8837.5,8.8375,-70.9012126104747
8843.75,8.84375,-71.1120700833377
8850,8.85,-71.4694089314746
8856.25,8.85625,-71.9856555623502
8862.5,8.8625,-72.6807928403662
8868.75,8.86875,-73.5859190626802
8875,8.875,-74.7500151018548
8881.25,8.88125,-76.2537245499587
8887.5,8.8875,-78.2407622951465
8893.75,8.89375,-81.0031179534774
8900,8.9,-85.2908441121416
8906.25,8.90625,-94.4854646993008
8912.5,8.9125,-95.4482061480806
8918.75,8.91875,-85.6261687915446
8925,8.925,-81.2219101320425
8931.25,8.93125,-78.415861414184
8937.5,8.9375,-76.4093600104845
8943.75,8.94375,-74.8971465133736
8950,8.95,-73.7303873648675
8956.25,8.95625,-72.8260342398515
8962.5,8.9625,-72.133815428158
8968.75,8.96875,-71.6218649102762
8975,8.975,-71.2697002765521
8981.25,8.98125,-71.0645394103442
8987.5,8.9875,-70.9993251145868
8993.75,8.99375,-71.0717397098518
9000,9,-71.2838976470377
9006.25,9.00625,-71.642625628634
9012.5,9.0125,-72.1604125821406
9018.75,9.01875,-72.8573287986434
9025,9.025,-73.7646064980642
9031.25,9.03125,-74.9314510963125
9037.5,9.0375,-76.4389232673734
9043.75,9.04375,-78.4316223789708
9050,9.05,-81.2038178807104
9056.25,9.05625,-85.513821323788
9062.5,9.0625,-94.8145987560322
9068.75,9.06875,-95.4401664140428
9075,9.075,-85.7378943094479
9081.25,9.08125,-81.3569949501628
9087.5,9.0875,-78.5610784131257
9093.75,9.09375,-76.5603520692594
9100,9.1,-75.0519515097633
9106.25,9.10625,-73.8879617753964
9112.5,9.1125,-72.9857644687069
9118.75,9.11875,-72.2953179541
9125,9.125,-71.7848926263627
9131.25,9.13125,-71.4340945046731
9137.5,9.1375,-71.2302041188514
9143.75,9.14375,-71.1662132415936
9150,9.15,-71.23984706323
9156.25,9.15625,-71.453262573248
9162.5,9.1625,-71.8133343751128
9168.75,9.16875,-72.3326119770633
9175,9.175,-73.0312504666802
9181.25,9.18125,-73.9406120721446
9187.5,9.1875,-75.1101203888795
9193.75,9.19375,-76.6212417960762
9200,9.2,-78.6194373034973
9206.25,9.20625,-81.4012025545668
9212.5,9.2125,-85.7329506423969
9218.75,9.21875,-95.1388795529792
9225,9.225,-95.4390314443724
9231.25,9.23125,-85.849521942715
9237.5,9.2375,-81.4909715791364
9243.75,9.24375,-78.704785996058
9250,9.25,-76.7096162746654
9256.25,9.25625,-75.2048886535441
9262.5,9.2625,-74.0435688546526
9268.75,9.26875,-73.1434512857805
9275,9.275,-72.4547154651472
9281.25,9.28125,-71.9457630309799
9287.5,9.2875,-71.5962851519573
9293.75,9.29375,-71.3936227365484
9300,9.3,-71.3308148047498
9306.25,9.30625,-71.4056279594264
9312.5,9.3125,-71.6202603361882
9318.75,9.31875,-71.9816329289951
9325,9.325,-72.5023539801711
9331.25,9.33125,-73.2026608654619
9337.5,9.3375,-74.1140420830435
9343.75,9.34375,-75.2861333218979
9350,9.35,-76.8007957681637
9356.25,9.35625,-78.8043301458871
9362.5,9.3625,-81.5954065985251
9368.75,9.36875,-85.9483869101555
9375,9.375,-95.4584899792468
9381.25,9.38125,-95.4441439805455
9387.5,9.3875,-85.9610061557245
9393.75,9.39375,-81.623860009052
9400,9.4,-78.8470281140687
9406.25,9.40625,-76.8572090894042
9412.5,9.4125,-75.356022218226
9418.75,9.41875,-74.1972783226841
9425,9.425,-73.2991685153995
9431.25,9.43125,-72.6120850676501
9437.5,9.4375,-72.1045559857598
9443.75,9.44375,-71.756354492505
9450,9.45,-71.5548797318063
9456.25,9.45625,-71.4932163408729
9462.5,9.4625,-71.5691709537312
9468.75,9.46875,-71.7849815297153
9475,9.475,-72.1476140161666
9481.25,9.48125,-72.6697336296129
9487.5,9.4875,-73.3716576400378
9493.75,9.49375,-74.2849972430955
9500,9.5,-75.4595943972889
9506.25,9.50625,-76.9776946494325
9512.5,9.5125,-78.9864173724455
9518.75,9.51875,-81.7865573707629
9525,9.525,-86.1602766793593
9531.25,9.53125,-95.7736036396756
9537.5,9.5375,-95.4549231653821
9543.75,9.54375,-86.0723076436244
9550,9.55,-81.7556808961108
9556.25,9.55625,-78.9878475076855
9562.5,9.5625,-77.0031848247222
9568.75,9.56875,-75.5054137532732
9575,9.575,-74.3491567834375
9581.25,9.58125,-73.4529865745542
9587.5,9.5875,-72.7675002305204
9593.75,9.59375,-72.2613475237905
9600,9.6,-71.9143808062095
9606.25,9.60625,-71.7140554295711
9612.5,9.6125,-71.6535001040322
9618.75,9.61875,-71.7305601840514
9625,9.625,-71.9475121956785
9631.25,9.63125,-72.3113656711627
9637.5,9.6375,-72.834841122732
9643.75,9.64375,-73.5383334281787
9650,9.65,-74.4535730641762
9656.25,9.65625,-75.6306026817524
9662.5,9.6625,-77.1520421694969
9668.75,9.66875,-79.1658093017496
9675,9.675,-81.9747754735158
9681.25,9.68125,-86.3687587872192
9687.5,9.6875,-96.0843854815545
9693.75,9.69375,-95.4708538918469
9700,9.7,-86.1833925768782
9706.25,9.70625,-81.886455387275
9712.5,9.7125,-79.1272857122785
9718.75,9.71875,-77.1475957329293
9725,9.725,-75.6531222283579
9731.25,9.73125,-74.4992679038191
9737.5,9.7375,-73.6049726774484
9743.75,9.74375,-72.9210310096941
9750,9.75,-72.4162100904462
9756.25,9.75625,-72.0704386336557
9762.5,9.7625,-71.8712262787975
9768.75,9.76875,-71.8117443446006
9775,9.775,-71.8898756610728
9781.25,9.78125,-72.1079341250789
9787.5,9.7875,-72.4729715496047
9793.75,9.79375,-72.9977621404643
9800,9.8,-73.7027761979478
9806.25,9.80625,-74.6198602103468
9812.5,9.8125,-75.7992521774639
9818.75,9.81875,-77.3239367151301
9825,9.825,-79.3426105280496
9831.25,9.83125,-82.1601752188431
9837.5,9.8375,-86.5739648819044
9843.75,9.84375,-96.390992368903
9850,9.85,-95.4914778954353
9856.25,9.85625,-86.2942319442025
9862.5,9.8625,-82.0162049720392
9868.75,9.86875,-79.2653830700195
9875,9.875,-77.2904920969409
9881.25,9.88125,-75.7992041690917
9887.5,9.8875,-74.6476725805599
9893.75,9.89375,-73.7551910252289
9900,9.9,-73.072744255737
9906.25,9.90625,-72.5692127657055
9912.5,9.9125,-72.2245990110672
9918.75,9.91875,-72.0264650987081
9925,9.925,-71.9680235659553
9931.25,9.93125,-72.0471935349827
9937.5,9.9375,-72.266325134733
9943.75,9.94375,-72.6325112150539
9950,9.95,-73.1585781450222
9956.25,9.95625,-73.865069557317
9962.5,9.9625,-74.7839448211507
9968.75,9.96875,-75.965632161743
9975,9.975,-77.4934716905572
9981.25,9.98125,-79.5169203090128
9987.5,9.9875,-82.3428650551419
9993.75,9.99375,-86.7760199047916
10000,10,-96.6935736097938
10006.25,10.00625,-95.516386262865
10012.5,10.0125,-86.4048009797522
10018.75,10.01875,-82.1449513571935
10025,10.025,-79.4021787469778
10031.25,10.03125,-77.4319223166224
10037.5,10.0375,-75.9437137847141
10043.75,10.04375,-74.7944290958424
10050,10.05,-73.9037029821336
10056.25,10.05625,-73.2227038060631
10062.5,10.0625,-72.7204214696108
10068.75,10.06875,-72.376929687165
10075,10.075,-72.1798413058187
10081.25,10.08125,-72.1224087609646
10087.5,10.0875,-72.2025863410115
10093.75,10.09375,-72.422759321803
10100,10.1,-72.7900604027718
10106.25,10.10625,-73.3173666534635
10112.5,10.1125,-74.0252930385634
10118.75,10.11875,-74.9459088084455
10125,10.125,-76.1298274988044
10131.25,10.13125,-77.6607358480004
10137.5,10.1375,-79.6888329213808
10143.75,10.14375,-82.5229479584502
10150,10.15,-86.9750425333274
10156.25,10.15625,-96.9922714415283
10162.5,10.1625,-95.5452130983742
10168.75,10.16875,-86.5150786625037
10175,10.175,-82.2727163610918
10181.25,10.18125,-79.537710754153
10187.5,10.1875,-77.5719329917676
10193.75,10.19375,-76.0867030881741
10200,10.2,-74.9395932624745
10206.25,10.20625,-74.0505672391442
10212.5,10.2125,-73.3709706630692
10218.75,10.21875,-72.869899152345
10225,10.225,-72.5274953235298
10231.25,10.23125,-72.3314211235205
10237.5,10.2375,-72.2749676300924
10243.75,10.24375,-72.3561232257404
10250,10.25,-72.577307298243
10256.25,10.25625,-72.9456912625328
10262.5,10.2625,-73.474201489419
10268.75,10.26875,-74.1835223598409
10275,10.275,-75.1058301292838
10281.25,10.28125,-76.2919189262276
10287.5,10.2875,-77.8258135913164
10293.75,10.29375,-79.8584379875536
10300,10.3,-82.7005217917609
10306.25,10.30625,-87.1711455880804
10312.5,10.3125,-97.2872214769963
10318.75,10.31875,-95.5776301430073
10325,10.325,-86.6250472781068
10331.25,10.33125,-82.3995218246548
10337.5,10.3375,-79.6720159716053
10343.75,10.34375,-77.7105690017593
10350,10.35,-76.2282220091117
10356.25,10.35625,-75.0832185594752
10362.5,10.3625,-74.1958399662179
10368.75,10.36875,-73.5176031594429
10375,10.375,-73.0177059703305
10381.25,10.38125,-72.6763576799969
10387.5,10.3875,-72.4812677757984
10393.75,10.39375,-72.4257647828616
10400,10.4,-72.5078701559974
10406.25,10.40625,-72.7300364070909
10412.5,10.4125,-73.0994725825234
10418.75,10.41875,-73.6291530150885
10425,10.425,-74.3398296661307
10431.25,10.43125,-75.2637830371783
10437.5,10.4375,-76.4519833186265
10443.75,10.44375,-77.9887852553648
10450,10.45,-80.0258207760263
10456.25,10.45625,-82.8756796355989
10462.5,10.4625,-87.3644364075879
10468.75,10.46875,-97.5785531167101
10475,10.475,-95.6133421819575
10481.25,10.48125,-86.7346920344369
10487.5,10.4875,-82.5253895365372
10493.75,10.49375,-79.8051301748224
10500,10.5,-77.8478735818167
10506.25,10.50625,-76.3683185001242
10512.5,10.5125,-75.2253562587182
10518.75,10.51875,-74.3395749539838
10525,10.525,-73.6626571116675
10531.25,10.53125,-73.1638994495022
10537.5,10.5375,-72.8235757863608
10543.75,10.54375,-72.629441666497
10550,10.55,-72.5748619241404
10556.25,10.55625,-72.657890111895
10562.5,10.5625,-72.8810109222228
10568.75,10.56875,-73.2514699960106
10575,10.575,-73.7822883452934
10581.25,10.58125,-74.4942837514671
10587.5,10.5875,-75.4198383137399
10593.75,10.59375,-76.6100939306269
10600,10.6,-78.1497273633502
10606.25,10.60625,-80.1910624780744
10612.5,10.6125,-83.0485100924707
10618.75,10.61875,-87.5550171938971
10625,10.625,-97.8663899291194
10631.25,10.63125,-95.6520831078457
10637.5,10.6375,-86.8440007237557
10643.75,10.64375,-82.6503411704492
10650,10.65,-79.9370880627592
10656.25,10.65625,-77.9838883959074
10662.5,10.6625,-76.507038636758
10668.75,10.66875,-75.3660555433438
10675,10.675,-74.4818237457628
10681.25,10.68125,-73.8061859627572
10687.5,10.6875,-73.3085346368961
10693.75,10.69375,-72.9692061016053
10700,10.7,-72.7760005454064
10706.25,10.70625,-72.7223180266056
10712.5,10.7125,-72.8062432654398
10718.75,10.71875,-73.0302922330812
10725,10.725,-73.401746172379
10731.25,10.73125,-73.9336715452407
10737.5,10.7375,-74.6469502641603
10743.75,10.74375,-75.5740634824999
10750,10.75,-76.7663206210664
10756.25,10.75625,-78.3087128642086
10762.5,10.7625,-80.35424046289
10768.75,10.76875,-83.2190975676033
10775,10.775,-87.7429853314691
10781.25,10.78125,-98.1508500020409
10787.5,10.7875,-95.6936125326062
10793.75,10.79375,-86.9529634253662
10800,10.8,-82.7743982328997
10806.25,10.80625,-80.0679232870201
10812.5,10.8125,-78.1186536064075
10818.75,10.81875,-76.6444267116295
10825,10.825,-75.5053636185528
10831.25,10.83125,-74.6226357606909
10837.5,10.8375,-73.9482409150909
10843.75,10.84375,-73.4516642415229
10850,10.85,-73.1133026617297
10856.25,10.85625,-72.9209996623306
10862.5,10.8625,-72.8681894906245
10868.75,10.86875,-72.952987146008
10875,10.875,-73.1779390157271
10881.25,10.88125,-73.5503609939339
10887.5,10.8875,-74.0833638134775
10893.75,10.89375,-74.7978918965621
10900,10.9,-75.7265230065598
10906.25,10.90625,-76.9207300601622
10912.5,10.9125,-78.465811351871
10918.75,10.91875,-80.5154285131928
10925,10.925,-83.387522528224
10931.25,10.93125,-87.9284336819833
10937.5,10.9375,-98.4320462683334
10943.75,10.94375,-95.7377128600173
10950,10.95,-87.0615722433609
10956.25,10.95625,-82.8975820197707
10962.5,10.9625,-80.1976684817489
10968.75,10.96875,-78.2522079405339
10975,10.975,-76.7805253230089
10981.25,10.98125,-75.6433258153052
10987.5,10.9875,-74.762058408626
10993.75,10.99375,-74.0888710541382
11000,11,-73.5933387654153
11006.25,11.00625,-73.2559172171166
11012.5,11.0125,-73.0644919101451
11018.75,11.01875,-73.0125302926059
11025,11.025,-73.0981767938034
11031.25,11.03125,-73.3240073913945
11037.5,11.0375,-73.6973717197129
11043.75,11.04375,-74.2314236513227
11050,11.05,-74.947168560758
11056.25,11.05625,-75.8772784714924
11062.5,11.0625,-77.0733859211364
11068.75,11.06875,-78.62108926801
11075,11.075,-80.6746970430544
11081.25,11.08125,-83.5538617432582
11087.5,11.0875,-88.1114508570741
11093.75,11.09375,-98.7100868075981
11100,11.1,-95.7841867474076
11106.25,11.10625,-87.1698210750455
11112.5,11.1125,-83.0199135805096
11118.75,11.11875,-80.3263552939091
11125,11.125,-78.3845887536919
11131.25,11.13125,-76.9153754582515
11137.5,11.1375,-75.7799856874841
11143.75,11.14375,-74.9001371974826
11150,11.15,-74.2281234638366
11156.25,11.15625,-73.7336066256516
11162.5,11.1625,-73.3970993603318
11168.75,11.16875,-73.2065279577758
11175,11.175,-73.1553921228147
11181.25,11.18125,-73.2418649023409
11187.5,11.1875,-73.4685510736265
11193.75,11.19375,-73.8428331374397
11200,11.2,-74.3779070199773
11206.25,11.20625,-75.0948375513829
11212.5,11.2125,-76.0263887547908
11218.75,11.21875,-77.2243490576917
11225,11.225,-78.7746100897492
11231.25,11.23125,-80.8321132994808
11237.5,11.2375,-83.718188505147
11243.75,11.24375,-88.2921214709553
11250,11.25,-98.9850751259082
11256.25,11.25625,-95.8328548972213
11262.5,11.2625,-87.2777054061727
11268.75,11.26875,-83.1414136888717
11275,11.275,-80.4540144136921
11281.25,11.28125,-78.5158320898462
11287.5,11.2875,-77.0490165724141
11293.75,11.29375,-75.9153851029833
11300,11.3,-75.0369158336031
11306.25,11.30625,-74.3660433342728
11312.5,11.3125,-73.8725142681316
11318.75,11.31875,-73.5368966451513
11325,11.325,-73.3471563739703
11331.25,11.33125,-73.2968245135694
11337.5,11.3375,-73.3841019509069
11343.75,11.34375,-73.6116215050074
11350,11.35,-73.9867977046588
11356.25,11.35625,-74.5228674863774
11362.5,11.3625,-75.2409536967459
11368.75,11.36875,-76.17391018308
11375,11.375,-77.373677668604
11381.25,11.38125,-78.9264345036977
11387.5,11.3875,-80.9877415492973
11393.75,11.39375,-83.8805728355078
11400,11.4,-88.4705263748476
11406.25,11.40625,-99.2571104163002
11412.5,11.4125,-95.8835541288823
11418.75,11.41875,-87.3852221294687
11425,11.425,-83.2621028191524
11431.25,11.43125,-80.5806756047386
11437.5,11.4375,-78.6459727389658
11443.75,11.44375,-77.1814866622826
11450,11.45,-76.0495643291241
11456.25,11.45625,-75.1724363156169
11462.5,11.4625,-74.5026740622359
11468.75,11.46875,-74.0101062736671
11475,11.475,-73.6753546974763
11481.25,11.48125,-73.4864237425513
11487.5,11.4875,-73.4368749585322
11493.75,11.49375,-73.5249363277682
11500,11.5,-73.7532679842788
11506.25,11.50625,-74.1293156799026
11512.5,11.5125,-74.666356358707
11518.75,11.51875,-75.3855694991609
11525,11.525,-76.3198966780435
11531.25,11.53125,-77.521427450444
11537.5,11.5375,-79.0766205673633
11543.75,11.54375,-81.1416432524021
11550,11.55,-84.0410816757721
11556.25,11.55625,-88.6467428743777
11562.5,11.5625,-99.5262878001153
11568.75,11.56875,-95.9361356911354
11575,11.575,-87.4923693839404
11581.25,11.58125,-83.3820011273104
11587.5,11.5875,-80.7063677342029
11593.75,11.59375,-78.7750442917815
11600,11.6,-77.3128223362437
11606.25,11.60625,-76.182562112897
11612.5,11.6125,-75.3067390224086
11618.75,11.61875,-74.6380573452852
11625,11.625,-74.1464254571376
11631.25,11.63125,-73.8125173188868
11637.5,11.6375,-73.624374769933
11643.75,11.64375,-73.5755890239491
11650,11.65,-73.6644144449942
11656.25,11.65625,-73.8935377847489
11662.5,11.6625,-74.2704352448194
11668.75,11.66875,-74.8084228125093
11675,11.675,-75.5287352655135
11681.25,11.68125,-76.4643998921565
11687.5,11.6875,-77.667651739596
11693.75,11.69375,-79.2252238592059
11700,11.7,-81.2938772228149
11706.25,11.70625,-84.1997790644088
11712.5,11.7125,-88.8208449319545
11718.75,11.71875,-99.792698552772
11725,11.725,-95.9904637793716
11731.25,11.73125,-87.599146411919
11737.5,11.7375,-83.5011284360587
11743.75,11.74375,-80.831118802219
11750,11.75,-78.9030791918127
11756.25,11.75625,-77.4430588801111
11762.5,11.7625,-76.3144157562618
11768.75,11.76875,-75.4398627954799
11775,11.775,-74.7722332697065
11781.25,11.78125,-74.2815129600912
11787.5,11.7875,-73.9484265832883
11793.75,11.79375,-73.7610523854205
11800,11.8,-73.7130104523456
11806.25,11.80625,-73.8025808454528
11812.5,11.8125,-74.0324762645946
11818.75,11.81875,-74.4102026178925
11825,11.825,-74.9491140080808
11831.25,11.83125,-75.670499228744
11837.5,11.8375,-76.6074693349241
11843.75,11.84375,-77.812401644261
11850,11.85,-79.3722976180863
11856.25,11.85625,-81.4444997782701
11862.5,11.8625,-84.356726301516
11868.75,11.86875,-88.9929033547024
11875,11.875,-100.056430313169
11881.25,11.88125,-96.0464142305748
11887.5,11.8875,-87.7055534322733
11893.75,11.89375,-83.6195042235545
11900,11.9,-80.9549559709838
11906.25,11.90625,-79.0301087849506
11912.5,11.9125,-77.5722303192909
11918.75,11.91875,-76.4451611869885
11925,11.925,-75.5718450162554
11931.25,11.93125,-74.9052403929418
11937.5,11.9375,-74.4154083374461
11943.75,11.94375,-74.0831229273161
11950,11.95,-73.8964978349515
11956.25,11.95625,-73.849181259405
11962.5,11.9625,-73.9394783027201
11968.75,11.96875,-74.1701269698028
11975,11.975,-74.5486621605299
11981.25,11.98125,-75.0884751999503
11987.5,11.9875,-75.810907661104
11993.75,11.99375,-76.749152490532
12000,12,-77.9557261674829
12006.25,12.00625,-79.5178928731498
12012.5,12.0125,-81.5935648795593
12018.75,12.01875,-84.5119821021351
12025,12.025,-89.1629859698215
12031.25,12.03125,-100.31756727978
12037.5,12.0375,-96.1038733705625
12043.75,12.04375,-87.8115915273875
12050,12.05,-83.7371476149991
12056.25,12.05625,-81.0779055931037
12062.5,12.0625,-79.1561633665728
12068.75,12.06875,-77.7003694774294
12075,12.075,-76.5748330252432
12081.25,12.08125,-75.7027216785958
12087.5,12.0875,-75.037115820805
12093.75,12.09375,-74.5481496386248
12100,12.1,-74.2166452348738
12106.25,12.10625,-74.0307507687219
12112.5,12.1125,-73.9841418244707
12118.75,12.11875,-74.0751479143682
12125,12.125,-74.3065317302621
12131.25,12.13125,-74.6858564760664
12137.5,12.1375,-75.226549838993
12143.75,12.14375,-75.9500049797624
12150,12.15,-76.8894949275153
12156.25,12.15625,-78.0976723217472
12162.5,12.1625,-79.6620585648143
12168.75,12.16875,-81.7411242602403
12175,12.175,-84.6656027389727
12181.25,12.18125,-89.3311577877683
12187.5,12.1875,-100.576190393369
12193.75,12.19375,-96.1627369940207
12200,12.2,-87.9172625426253
12206.25,12.20625,-83.8540773768704
12212.5,12.2125,-81.1999932393165
12218.75,12.21875,-79.2812722264008
12225,12.225,-77.8275080318243
12231.25,12.23125,-76.7034646462897
12237.5,12.2375,-75.8325274569426
12243.75,12.24375,-75.1678952799452
12250,12.25,-74.6797734836151
12256.25,12.25625,-74.3490309163356
12262.5,12.2625,-74.1638493232117
12268.75,12.26875,-74.1179309752285
12275,12.275,-74.2096291892287
12281.25,12.28125,-74.4417307496007
12287.5,12.2875,-74.8218265022741
12293.75,12.29375,-75.3633796678375
12300,12.3,-76.0878338454367
12306.25,12.30625,-77.0285404011399
12312.5,12.3125,-78.2382852359617
12318.75,12.31875,-79.804841657639
12325,12.325,-81.887227547668
12331.25,12.33125,-84.8176421755354
12337.5,12.3375,-89.4974811547193
12343.75,12.34375,-100.832377507936
12350,12.35,-96.2229094591749
12356.25,12.35625,-88.0225689966405
12362.5,12.3625,-83.9703119132572
12368.75,12.36875,-81.3212437254448
12375,12.375,-79.4054636911659
12381.25,12.38125,-77.9536765657684
12387.5,12.3875,-76.8310882395138
12393.75,12.39375,-75.9612957703464
12400,12.4,-75.2976131858511
12406.25,12.40625,-74.8103151342977
12412.5,12.4125,-74.480315982755
12418.75,12.41875,-74.2958301980105
12425,12.425,-74.2505860669803
12431.25,12.43125,-74.3429601290344
12437.5,12.4375,-74.5757626892153
12443.75,12.44375,-74.9566115978728
12450,12.45,-75.4990048100376
12456.25,12.45625,-76.2244352545449
12462.5,12.4625,-77.1663309490446
12468.75,12.46875,-78.3776082553428
12475,12.475,-79.9462872457167
12481.25,12.48125,-82.0319223759221
12487.5,12.4875,-84.968152190381
12493.75,12.49375,-89.6620158948793
12500,12.5,-101.086203550725
12506.25,12.50625,-96.2843028828608
12512.5,12.5125,-88.1275140013877
12518.75,12.51875,-84.0858692641065
12525,12.525,-81.4416811385982
12531.25,12.53125,-79.5287651651816
12537.5,12.5375,-78.0789046180217
12543.75,12.54375,-76.9577348640574
12550,12.55,-76.0890588427072
12556.25,12.55625,-75.4263027067508
12562.5,12.5625,-74.939808561396
12568.75,12.56875,-74.6105351154789
12575,12.575,-74.4267287278433
12581.25,12.58125,-74.3821430569228
12587.5,12.5875,-74.4751773048942
12593.75,12.59375,-74.7086647469542
12600,12.6,-75.0902496235034
12606.25,12.60625,-75.6334638535137
12612.5,12.6125,-76.3598486254161
12618.75,12.61875,-77.302906980663
12625,12.625,-78.5156830347829
12631.25,12.63125,-80.0864386511226
12637.5,12.6375,-82.1752544913153
12643.75,12.64375,-85.1171824931478
12650,12.65,-89.8248194434632
12656.25,12.65625,-101.337740671792
12662.5,12.6625,-96.3468364230382
12668.75,12.66875,-88.2321011907214
12675,12.675,-84.2007671050188
12681.25,12.68125,-81.5613288625914
12687.5,12.6875,-79.6512031689974
12693.75,12.69375,-78.2032207296306
12700,12.7,-77.0834345012867
12706.25,12.70625,-76.2158477594772
12712.5,12.7125,-75.5539958236932
12718.75,12.71875,-75.0682865073816
12725,12.725,-74.7397217315148
12731.25,12.73125,-74.5565789501523
12737.5,12.7375,-74.51263657383
12743.75,12.74375,-74.6063159290064
12750,12.75,-74.840472730858
12756.25,12.75625,-75.2227770175878
12762.5,12.7625,-75.7667939287055
12768.75,12.76875,-76.4941118790044
12775,12.775,-77.438307360945
12781.25,12.78125,-78.6525496262387
12787.5,12.7875,-80.2253375160505
12793.75,12.79375,-82.3172678510801
12800,12.8,-85.2647808331339
12806.25,12.80625,-89.9859469712622
12812.5,12.8125,-101.587058384586
12818.75,12.81875,-96.410435637829
12825,12.825,-88.3363346564991
12831.25,12.83125,-84.3150227483569
12837.5,12.8375,-81.6802096025273
12843.75,12.84375,-79.7728033761074
12850,12.85,-78.326652488176
12856.25,12.85625,-77.2082161042711
12862.5,12.8625,-76.341692521059
12868.75,12.86875,-75.6807233870562
12875,12.875,-75.1957805455867
12881.25,12.88125,-74.8679080449107
12887.5,12.8875,-74.6854136685521
12893.75,12.89375,-74.6420999834284
12900,12.9,-74.7364099219079
12906.25,12.90625,-74.9712211283073
12912.5,12.9125,-75.3542288674455
12918.75,12.91875,-75.8990307818089
12925,12.925,-76.6272615145022
12931.25,12.93125,-77.5725694887431
12937.5,12.9375,-78.78824656052
12943.75,12.94375,-80.3630238890106
12950,12.95,-82.4580047156797
12956.25,12.95625,-85.4109931007988
12962.5,12.9625,-90.1454515010627
12968.75,12.96875,-101.834223697391
12975,12.975,-96.4750319121478
12981.25,12.98125,-88.4402188916254
12987.5,12.9875,-84.4286531455389
12993.75,12.99375,-81.7983454086362
13000,13,-79.8935906479733
13006.25,13.00625,-78.4492265697154
13012.5,13.0125,-77.3321076445253
13018.75,13.01875,-76.4666220931636
13025,13.025,-75.8065151697849
13031.25,13.03125,-75.3223211358531
13037.5,13.0375,-74.9951251245047
13043.75,13.04375,-74.8132645124674
13050,13.05,-74.7705654498354
13056.25,13.05625,-74.865491975656
13062.5,13.0625,-75.1009431709548
13068.75,13.06875,-75.4846389760529
13075,13.075,-76.0302088435003
13081.25,13.08125,-76.7593326802797
13087.5,13.0875,-77.7057293703361
13093.75,13.09375,-78.9228109239906
13100,13.1,-80.499536305641
13106.25,13.10625,-82.5975057353391
13112.5,13.1125,-85.5558634229287
13118.75,13.11875,-90.303384017012
13125,13.125,-102.079301237173
13131.25,13.13125,-96.5405619432398
13137.5,13.1375,-88.5437587389132
13143.75,13.14375,-84.5416748901906
13150,13.15,-81.9157576992414
13156.25,13.15625,-80.0135890672773
13162.5,13.1625,-78.5709687784533
13168.75,13.16875,-77.4551361561402
13175,13.175,-76.5906644542698
13181.25,13.18125,-75.9313999175197
13187.5,13.1875,-75.4479376768845
13193.75,13.19375,-75.1214029482288
13200,13.2,-74.9401619932171
13206.25,13.20625,-74.8980639932958
13212.5,13.2125,-74.9935936131796
13218.75,13.21875,-75.2296708956974
13225,13.225,-75.6140399247012
13231.25,13.23125,-76.1603612934329
13237.5,13.2375,-76.8903592404319
13243.75,13.24375,-77.8378216883904
13250,13.25,-79.0562784304725
13256.25,13.25625,-80.6349118644457
13262.5,13.2625,-82.735810031089
13268.75,13.26875,-85.6994342517688
13275,13.275,-90.4597935669221
13281.25,13.28125,-102.322353365623
13287.5,13.2875,-96.6069672787809
13293.75,13.29375,-88.6469593455033
13300,13.3,-84.6541042221788
13306.25,13.30625,-82.0324672830012
13312.5,13.3125,-80.1328219696595
13318.75,13.31875,-78.6919040843732
13325,13.325,-77.5773277775154
13331.25,13.33125,-76.7138466404635
13337.5,13.3375,-76.0554053958897
13343.75,13.34375,-75.5726585556069
13350,13.35,-75.2467704542742
13356.25,13.35625,-75.0661355568058
13362.5,13.3625,-75.0246255445164
13368.75,13.36875,-75.1207452441131
13375,13.375,-75.3574352020254
13381.25,13.38125,-75.7424631319284
13387.5,13.3875,-76.2895201208682
13393.75,13.39375,-77.0203738373257
13400,13.4,-77.9688798667333
13406.25,13.40625,-79.1886834887863
13412.5,13.4125,-80.7691862979174
13418.75,13.41875,-82.8729552708971
13425,13.425,-85.8417464486993
13431.25,13.43125,-90.614727358557
13437.5,13.4375,-102.563440288443
13443.75,13.44375,-96.674193900912
13450,13.45,-88.7498261218651
13456.25,13.45625,-84.7659570321982
13462.5,13.4625,-82.148494380295
13468.75,13.46875,-80.2513119738769
13475,13.475,-78.812056658874
13481.25,13.48125,-77.6987077908062
13487.5,13.4875,-76.8361947877257
13493.75,13.49375,-76.1785584351012
13500,13.5,-75.6965111936787
13506.25,13.50625,-75.3712555892697
13512.5,13.5125,-75.1912136336297
13518.75,13.51875,-75.1502789958048
13525,13.525,-75.2469762173253
13531.25,13.53125,-75.4842659059517
13537.5,13.5375,-75.8699389089136
13543.75,13.54375,-76.4177161816501
13550,13.55,-77.1494079503549
13556.25,13.55625,-78.0989361312127
13562.5,13.5625,-79.3200592661594
13568.75,13.56875,-80.9023940392769
13575,13.575,-83.0089777410535
13581.25,13.58125,-85.9828393627389
13587.5,13.5875,-90.7682308498323
13593.75,13.59375,-102.802620158084
13600,13.6,-96.7421918515539
13606.25,13.60625,-88.8523647052842
13612.5,13.6125,-84.8772488669955
13618.75,13.61875,-82.2638586439164
13625,13.625,-80.3690810105866
13631.25,13.63125,-78.9314499086011
13637.5,13.6375,-77.8193006592754
13643.75,13.64375,-76.9577341719626
13650,13.65,-76.3008849720749
13656.25,13.65625,-75.8195220913968
13662.5,13.6625,-75.4948853537459
13668.75,13.66875,-75.3154236853535
13675,13.675,-75.2750522492674
13681.25,13.68125,-75.372314870421
13687.5,13.6875,-75.610191790825
13693.75,13.69375,-75.9964965116471
13700,13.7,-76.5449792518651
13706.25,13.70625,-77.2774919512593
13712.5,13.7125,-78.2280215669533
13718.75,13.71875,-79.450437747904
13725,13.725,-81.0345682852816
13731.25,13.73125,-83.1439124133522
13737.5,13.7375,-86.1227509043816
13743.75,13.74375,-90.920347833851
13750,13.75,-103.039949170774
13756.25,13.75625,-96.8109148936968
13762.5,13.7625,-88.9545809269579
13768.75,13.76875,-84.9879949349512
13775,13.775,-82.3785791789369
13781.25,13.78125,-80.4861503497093
13787.5,13.7875,-79.0501065075072
13793.75,13.79375,-77.9391300626297
13800,13.8,-77.0784892467879
13806.25,13.80625,-76.4224100902024
13812.5,13.8125,-75.941716869114
13818.75,13.81875,-75.6176858450028
13825,13.825,-75.4387922490865
13831.25,13.83125,-75.3989722622387
13837.5,13.8375,-75.4967885763668
13843.75,13.84375,-75.7352406551689
13850,13.85,-76.1221641900505
13856.25,13.85625,-76.671338078325
13862.5,13.8625,-77.4046551561616
13868.75,13.86875,-78.3561661722187
13875,13.875,-79.5798497934978
13881.25,13.88125,-81.1657410552289
13887.5,13.8875,-83.2777930081643
13893.75,13.89375,-86.2615176149222
13900,13.9,-91.0711205186736
13906.25,13.90625,-103.275481657464
13912.5,13.9125,-96.8803202054141
13918.75,13.91875,-89.0564807827069
13925,13.925,-85.0982101120561
13931.25,13.93125,-82.4926745619128
13937.5,13.9375,-80.6025406265806
13943.75,13.94375,-79.1680484273353
13950,13.95,-78.0582189305307
13956.25,13.95625,-77.1984836793282
13962.5,13.9625,-76.5431580569853
13968.75,13.96875,-76.0631203064074
13975,13.975,-75.7396822976184
13981.25,13.98125,-75.561344979122
13987.5,13.9875,-75.5220650901574
13993.75,13.99375,-75.6204237875013
14000,14,-75.8594393578268
14006.25,14.00625,-76.2469692343043
14012.5,14.0125,-76.7968204261903
14018.75,14.01875,-77.5309258746347
14025,14.025,-78.4833989091775
14031.25,14.03125,-79.708325189463
14037.5,14.0375,-81.2959432465647
14043.75,14.04375,-83.4106520539057
14050,14.05,-86.399174731813
14056.25,14.05625,-91.220589602626
14062.5,14.0625,-103.509270170414
14068.75,14.06875,-96.9503681023385
14075,14.075,-89.1580704065385
14081.25,14.08125,-85.2079089481157
14087.5,14.0875,-82.6061628592956
14093.75,14.09375,-80.7182718667933
14100,14.1,-79.2852969665151
14106.25,14.10625,-78.1765894743114
14112.5,14.1125,-77.3177403840684
14118.75,14.11875,-76.6631523595817
14125,14.125,-76.1837563790606
14131.25,14.13125,-75.8608991216842
14137.5,14.1375,-75.6831066863069
14143.75,14.14375,-75.6443559270213
14150,14.15,-75.7432460770347
14156.25,14.15625,-75.9828138605269
14162.5,14.1625,-76.3709380185161
14168.75,14.16875,-76.9214531238322
14175,14.175,-77.6563314559195
14181.25,14.18125,-78.6097477517082
14187.5,14.1875,-79.8358926991207
14193.75,14.19375,-81.425204687207
14200,14.2,-83.5425209429279
14206.25,14.20625,-86.5357562500829
14212.5,14.2125,-91.368794345048
14218.75,14.21875,-103.741365563821
14225,14.225,-97.0210217863323
14231.25,14.23125,-89.2593560471731
14237.5,14.2375,-85.3171056732638
14243.75,14.24375,-82.719061645245
14250,14.25,-80.8333635099839
14256.25,14.25625,-79.401872777674
14262.5,14.2625,-78.2942632171122
14268.75,14.26875,-77.4362815549638
14275,14.275,-76.7824157384983
14281.25,14.28125,-76.3036482940872
14287.5,14.2875,-75.9813599390008
14293.75,14.29375,-75.8041013753021
14300,14.3,-75.7658691436458
14306.25,14.30625,-75.8652801782839
14312.5,14.3125,-76.1053892680989
14318.75,14.31875,-76.4940960419807
14325,14.325,-77.0452621052183
14331.25,14.33125,-77.7808983325716
14337.5,14.3375,-78.7352397305438
14343.75,14.34375,-79.9625801095828
14350,14.35,-81.5535541849304
14356.25,14.35625,-83.6734299843099
14362.5,14.3625,-86.6712949803124
14368.75,14.36875,-91.5157726331695
14375,14.375,-103.971817071259
14381.25,14.38125,-97.0922471166642
14387.5,14.3875,-89.3603440468103
14393.75,14.39375,-85.4258142044917
14400,14.4,-82.8313880186612
14406.25,14.40625,-80.9478344324195
14412.5,14.4125,-79.5177958937295
14418.75,14.41875,-78.411261022417
14425,14.425,-77.5541286958237
14431.25,14.43125,-76.900970219458
14437.5,14.4375,-76.4228185228383
14443.75,14.44375,-76.10108761727
14450,14.45,-75.9243522797691
14456.25,14.45625,-75.8866283237899
14462.5,14.4625,-75.9865500217166
14468.75,14.46875,-76.2271898664474
14475,14.475,-76.6164679681118
14481.25,14.48125,-77.1682724498975
14487.5,14.4875,-77.9046520616336
14493.75,14.49375,-78.8599009758277
14500,14.5,-80.0884142760219
14506.25,14.50625,-81.6810195739033
14512.5,14.5125,-83.8034084535317
14518.75,14.51875,-86.8058226032439
14525,14.525,-91.6615610450488
14531.25,14.53125,-104.200672377735
14537.5,14.5375,-97.1640124022582
14543.75,14.54375,-89.461040822289
14550,14.55,-85.5340481524042
14556.25,14.55625,-82.9431586196765
14562.5,14.5625,-81.0617029686285
14568.75,14.56875,-79.6330857527547
14575,14.575,-78.5276031211818
14581.25,14.58125,-77.6713026491574
14587.5,14.5875,-77.0188371436226
14593.75,14.59375,-76.5412888323895
14600,14.6,-76.2201043024994
14606.25,14.60625,-76.0438818956982
14612.5,14.6125,-76.0066562983539
14618.75,14.61875,-76.1070787700052
14625,14.625,-76.3482391584652
14631.25,14.63125,-76.7380776612669
14637.5,14.6375,-77.2905084207993
14643.75,14.64375,-78.0276173635464
14650,14.65,-78.9837567573293
14656.25,14.65625,-80.2134211635072
14662.5,14.6625,-81.8076277586316
14668.75,14.66875,-83.9324846394315
14675,14.675,-86.9393697213104
14681.25,14.68125,-91.8061949090841
14687.5,14.6875,-104.427977688431
14693.75,14.69375,-97.2362882123326
14700,14.7,-89.5614528481314
14706.25,14.70625,-85.641820827992
14712.5,14.7125,-83.0543896454546
14718.75,14.71875,-81.1749869320104
14725,14.725,-79.7477612216101
14731.25,14.73125,-78.6433091375956
14737.5,14.7375,-77.7878236235386
14743.75,14.74375,-77.1360371962419
14750,14.75,-76.6590803152681
14756.25,14.75625,-76.338431449685
14762.5,14.7625,-76.1627120129585
14768.75,14.76875,-76.125975177754
14775,14.775,-76.226888851193
14781.25,14.78125,-76.4685598980161
14787.5,14.7875,-76.8589482215769
14793.75,14.79375,-77.4119934999932
14800,14.8,-78.1498181589391
14806.25,14.80625,-79.1068315224779
14812.5,14.8125,-80.3376258865489
14818.75,14.81875,-81.9334047554947
14825,14.825,-84.0606858885298
14831.25,14.83125,-87.0719659073621
14837.5,14.8375,-91.9497083602103
14843.75,14.84375,-104.653777794028
14850,14.85,-97.3090472034601
14856.25,14.85625,-89.6615866413477
14862.5,14.8625,-85.7491452494092
14868.75,14.86875,-83.1650968653725
14875,14.875,-81.2877036344883
14881.25,14.88125,-79.8618406184202
14887.5,14.8875,-78.7583981135304
14893.75,14.89375,-77.903711219554
14900,14.9,-77.2525904338094
14906.25,14.90625,-76.7762134176244
14912.5,14.9125,-76.4560898518659
14918.75,14.91875,-76.2808637451624
14925,14.925,-76.2446063825462
14931.25,14.93125,-76.3460019900784
14937.5,14.9375,-76.5881741220681
14943.75,14.94375,-76.979102017871
14950,14.95,-77.5327504224681
14956.25,14.95625,-78.2712776033966
14962.5,14.9625,-79.2291489322561
14968.75,14.96875,-80.4610527464231
14975,14.975,-82.0583757319328
14981.25,14.98125,-84.1880386468555
14987.5,14.9875,-87.2036397505393
14993.75,14.99375,-92.0921343928918
15000,15,-104.878116131465
15006.25,15.00625,-97.3822639621375
15012.5,15.0125,-89.7614487479703
15018.75,15.01875,-85.8560341488418
15025,15.025,-83.2752956357025
15031.25,15.03125,-81.39986990535
15037.5,15.0375,-79.9753417340355
15043.75,15.04375,-78.8728885318483
15050,15.05,-78.0189844545097
15056.25,15.05625,-77.3685163098848
15062.5,15.0625,-76.8927079659992
15068.75,15.06875,-76.5730996677221
15075,15.075,-76.3983575580231
15081.25,15.08125,-76.3625706725075
15087.5,15.0875,-76.4644392379879
15093.75,15.09375,-76.7071031811869
15100,15.1,-77.0985607189148
15106.25,15.10625,-77.6528012081908
15112.5,15.1125,-78.3920181204244
15118.75,15.11875,-79.3507318952603
15125,15.125,-80.5837252665662
15131.25,15.13125,-82.1825650436131
15137.5,15.1375,-84.3145684996105
15143.75,15.14375,-87.3344188998745
15150,15.15,-92.233504911509
15156.25,15.15625,-105.10103484325
15162.5,15.1625,-97.4559148601841
15168.75,15.16875,-89.8610457308502
15175,15.175,-85.9624999792251
15181.25,15.18125,-83.3850009136175
15187.5,15.1875,-81.5115021091354
15193.75,15.19375,-80.0882818523853
15200,15.2,-78.9867983384935
15206.25,15.20625,-78.1336617858296
15212.5,15.2125,-77.4838336995492
15218.75,15.21875,-77.0085831926659
15225,15.225,-76.6894804477048
15231.25,15.23125,-76.5152132961938
15237.5,15.2375,-76.4798881741403
15243.75,15.24375,-76.5822210009438
15250,15.25,-76.8253677683607
15256.25,15.25625,-77.2173453229395
15262.5,15.2625,-77.7721671923846
15268.75,15.26875,-78.512061432587
15275,15.275,-79.4716025998497
15281.25,15.28125,-80.7056662259824
15287.5,15.2875,-82.3059962694732
15293.75,15.29375,-84.4403002085432
15300,15.3,-87.4643301052702
15306.25,15.30625,-92.3738507776612
15312.5,15.3125,-105.322574831632
15318.75,15.31875,-97.5299779231729
15325,15.325,-89.9603841589832
15331.25,15.33125,-86.0685549210667
15337.5,15.3375,-83.4942272707848
15343.75,15.34375,-81.6226161628637
15350,15.35,-80.2006777699915
15356.25,15.35625,-79.1001449635937
15362.5,15.3625,-78.2477611333873
15368.75,15.36875,-77.5985609227219
15375,15.375,-77.1238577597769
15381.25,15.38125,-76.8052511588991
15387.5,15.3875,-76.6314502087997
15393.75,15.39375,-76.5965784068394
15400,15.4,-76.6993670664465
15406.25,15.40625,-76.9429879464156
15412.5,15.4125,-77.3354761857087
15418.75,15.41875,-77.8908690543212
15425,15.425,-78.6314285911136
15431.25,15.43125,-79.5917825447133
15437.5,15.4375,-80.8268976909967
15443.75,15.44375,-82.4286922450572
15450,15.45,-84.5652577475163
15456.25,15.45625,-87.5933992565658
15462.5,15.4625,-92.5132018554187
15468.75,15.46875,-105.542775812283
15475,15.475,-97.6044327089402
15481.25,15.48125,-90.0594705976952
15487.5,15.4875,-86.1742108890196
15493.75,15.49375,-83.602988906286
15500,15.5,-81.7332275523463
15506.25,15.50625,-80.3125458144331
15512.5,15.5125,-79.2129453414719
15518.75,15.51875,-78.3612999006569
15525,15.525,-77.7127157662291
15531.25,15.53125,-77.2385497822134
15537.5,15.5375,-76.9204302085712
15543.75,15.54375,-76.7470869736062
15550,15.55,-76.7126603076528
15556.25,15.55625,-76.8158966288155
15562.5,15.5625,-77.0599831739353
15568.75,15.56875,-77.4529730470562
15575,15.575,-78.0089268445205
15581.25,15.58125,-78.750140003857
15587.5,15.5875,-79.7112925677109
15593.75,15.59375,-80.9474410452078
15600,15.6,-82.5506750939125
15606.25,15.60625,-84.6894643359523
15612.5,15.6125,-87.721651420214
15618.75,15.61875,-92.6515870535974
15625,15.625,-105.761676362694
15631.25,15.63125,-97.6792601972303
15637.5,15.6375,-90.158311600314
15643.75,15.64375,-86.2794795386371
15650,15.65,-83.711299659241
15656.25,15.65625,-81.8433513479589
15662.5,15.6625,-80.4239018621246
15668.75,15.66875,-79.3252159298078
15675,15.675,-78.4742949949537
15681.25,15.68125,-77.8263155049149
15687.5,15.6875,-77.3526768494201
15693.75,15.69375,-77.035035466637
15700,15.7,-76.8621417200778
15706.25,15.70625,-76.8281522548891
15712.5,15.7125,-76.9318283133424
15718.75,15.71875,-77.1763723299781
15725,15.725,-77.5698550561838
15731.25,15.73125,-78.126360010686
15737.5,15.7375,-78.8682154619427
15743.75,15.74375,-79.8301528733886
15750,15.75,-81.0673170180638
15756.25,15.75625,-82.6719662575752
15762.5,15.7625,-84.8129424708413
15768.75,15.76875,-87.8491108744315
15775,15.775,-92.7890343665817
15781.25,15.78125,-105.979313971133
15787.5,15.7875,-97.7544426870573
15793.75,15.79375,-90.2569137002426
15800,15.8,-86.3843722726856
15806.25,15.80625,-83.8191730206997
15812.5,15.8125,-81.9530022195331
15818.75,15.81875,-80.5347613550921
15825,15.825,-79.4369727277598
15831.25,15.83125,-78.5867628465708
15837.5,15.8375,-77.9393769215886
15843.75,15.84375,-77.4662560460459
15850,15.85,-77.1490842869081
15856.25,15.85625,-76.9766320511755
15862.5,15.8625,-76.9430720904443
15868.75,15.86875,-77.0471801991282
15875,15.875,-77.2921737374218
15881.25,15.88125,-77.6861407955518
15887.5,15.8875,-78.2431874221909
15893.75,15.89375,-78.9856741649263
15900,15.9,-79.9483830589158
15906.25,15.90625,-81.1865457117826
15912.5,15.9125,-82.7925865237665
15918.75,15.91875,-84.935713956745
15925,15.925,-87.9758011420654
15931.25,15.93125,-92.9255709122145
15937.5,15.9375,-106.195725079892
15943.75,15.94375,-97.8299637037783
15950,15.95,-90.3552834045252
15956.25,15.95625,-86.4889002477726
15962.5,15.9625,-83.9266221453506
15968.75,15.96875,-82.0621944508032
15975,15.975,-80.6451393171808
15981.25,15.98125,-79.5482312934128
15987.5,15.9875,-78.6987194271577
15993.75,15.99375,-78.0519163261586
16000,16,-77.5793039717157
16006.25,16.00625,-77.2625935274321
16012.5,16.0125,-77.0905750642114
16018.75,16.01875,-77.0574371411486
16025,16.025,-77.1619698409079
16031.25,16.03125,-77.4074051852854
16037.5,16.0375,-77.8018483037155
16043.75,16.04375,-78.3594273934709
16050,16.05,-79.1025347448281
16056.25,16.05625,-80.0660021388869
16062.5,16.0625,-81.3051466270799
16068.75,16.06875,-82.9125560534003
16075,16.075,-85.0577999345959
16081.25,16.08125,-88.1017450222337
16087.5,16.0875,-93.0612229685276
16093.75,16.09375,-106.410945129682
16100,16.1,-97.9058079122301
16106.25,16.10625,-90.4534271875636
16112.5,16.1125,-86.5930743804487
16118.75,16.11875,-84.0336598625312
16125,16.125,-82.1709419530513
16131.25,16.13125,-80.7550503693604
16137.5,16.1375,-79.6590067602497
16143.75,16.14375,-78.8101802670949
16150,16.15,-78.1639495737338
16156.25,16.15625,-77.6918367597398
16162.5,16.1625,-77.375579569735
16168.75,16.16875,-77.2039873705841
16175,16.175,-77.1712642389531
16181.25,16.18125,-77.2762142897012
16187.5,16.1875,-77.5220839498377
16193.75,16.19375,-77.9169950969141
16200,16.2,-78.4750977061414
16206.25,16.20625,-79.2188152888451
16212.5,16.2125,-80.1830285687264
16218.75,16.21875,-81.4231386874826
16225,16.225,-83.0318944060158
16231.25,16.23125,-85.1792209087711
16237.5,16.2375,-88.2269646199702
16243.75,16.24375,-93.1960160079676
16250,16.25,-106.625008599017
16256.25,16.25625,-97.9819610378312
16262.5,16.2625,-90.5513514860434
16268.75,16.26875,-86.6969053535472
16275,16.275,-84.1402986870202
16281.25,16.28125,-82.2792582783174
16287.5,16.2875,-80.8645087444751
16293.75,16.29375,-79.7693138530023
16300,16.3,-78.9211604721739
16306.25,16.30625,-78.2754920819698
16312.5,16.3125,-77.8038700950269
16318.75,16.31875,-77.4880583372334
16325,16.325,-77.3168851146452
16331.25,16.33125,-77.2845697402468
16337.5,16.3375,-77.3899301125439
16343.75,16.34375,-77.6362268147594
16350,16.35,-78.0315981896935
16356.25,16.35625,-78.5902156301227
16362.5,16.3625,-79.3345333610388
16368.75,16.36875,-80.2994802670606
16375,16.375,-81.540540262503
16381.25,16.38125,-83.1506205640839
16387.5,16.3875,-85.2999967729989
16393.75,16.39375,-88.3514813746505
16400,16.4,-93.3299747303783
16406.25,16.40625,-106.837949043852
16412.5,16.4125,-98.0584097930691
16418.75,16.41875,-90.6490626941626
16425,16.425,-86.800403622135
16431.25,16.43125,-84.2465508292816
16437.5,16.4375,-82.3871566319391
16443.75,16.44375,-80.9735283012687
16450,16.45,-79.8791669027004
16456.25,16.45625,-79.0316747394312
16462.5,16.4625,-78.3865588475387
16468.75,16.46875,-77.9154192310955
16475,16.475,-77.6000453127183
16481.25,16.48125,-77.4292839916197
16487.5,16.4875,-77.3973695441708
16493.75,16.49375,-77.5031334112161
16500,16.5,-77.7498500902873
16506.25,16.50625,-78.1456741144777
16512.5,16.5125,-78.7047979436754
16518.75,16.51875,-79.4497060229104
16525,16.525,-80.4153746369178
16531.25,16.53125,-81.6573691896512
16537.5,16.5375,-83.2687529560519
16543.75,16.54375,-85.420146834866
16550,16.55,-88.4753160868481
16556.25,16.55625,-93.4631230941362
16562.5,16.5625,-107.049799134273
16568.75,16.56875,-98.1351418100639
16575,16.575,-90.7465671595618
16581.25,16.58125,-86.903579419504
16587.5,16.5875,-84.3524282053746
16593.75,16.59375,-82.4946498846299
16600,16.6,-81.0821225378025
16606.25,16.60625,-79.9885798610736
16612.5,16.6125,-79.1417373722938
16618.75,16.61875,-78.4971644618702
16625,16.625,-78.026499006308
16631.25,16.63125,-77.7115555550379
16637.5,16.6375,-77.541199264692
16643.75,16.64375,-77.509679110106
16650,16.65,-77.615839840099
16656.25,16.65625,-77.8629696314478
16662.5,16.6625,-78.2592389402125
16668.75,16.66875,-78.818860952491
16675,16.675,-79.5643498529847
16681.25,16.68125,-80.5307285859055
16687.5,16.6875,-81.7736427953413
16693.75,16.69375,-83.3863094782297
16700,16.7,-85.5396898391243
16706.25,16.70625,-88.5984889438771
16712.5,16.7125,-93.5954843456327
16718.75,16.71875,-107.260590689225
16725,16.725,-98.2121455783199
16731.25,16.73125,-90.8438711798331
16737.5,16.7375,-87.0064427630006
16743.75,16.74375,-84.4579424465476
16750,16.75,-82.6017505840532
16756.25,16.75625,-81.1903046043405
16762.5,16.7625,-80.0975663143338
16768.75,16.76875,-79.2513622950488
16775,16.775,-78.607323126185
16781.25,16.78125,-78.1371238593936
16787.5,16.7875,-77.8226037150359
16793.75,16.79375,-77.6526457813295
16800,16.8,-77.6215134743506
16806.25,16.80625,-77.7280646232188
16812.5,16.8125,-77.9756008554722
16818.75,16.81875,-78.3723082901604
16825,16.825,-78.9324205079024
16831.25,16.83125,-79.6784809655126
16837.5,16.8375,-80.6455585454861
16843.75,16.84375,-81.889377914879
16850,16.85,-83.5033075157248
16856.25,16.85625,-85.6586439899736
16862.5,16.8625,-88.7210195442273
16868.75,16.86875,-93.7270810477372
16875,16.875,-107.470354711162
16881.25,16.88125,-98.2894103867769
16887.5,16.8875,-90.9409809992705
16893.75,16.89375,-87.1090034596162
16900,16.9,-84.5631049083123
16906.25,16.90625,-82.7084709658482
16912.5,16.9125,-81.2980873155813
16918.75,16.91875,-80.2061394962781
16925,16.925,-79.3605630666138
16931.25,16.93125,-78.7170486657898
16937.5,16.9375,-78.2473078441819
16943.75,16.94375,-77.9332040506818
16950,16.95,-77.7636379887803
16956.25,16.95625,-77.7328872659655
16962.5,16.9625,-77.8398225704264
16968.75,16.96875,-78.0877587583192
16975,16.975,-78.4848973587826
16981.25,16.98125,-79.0454920241703
16987.5,16.9875,-79.7921150281865
16993.75,16.99375,-80.7598804892183
17000,17,-82.0045909113684
17006.25,17.00625,-83.6197639622197
17012.5,17.0125,-85.777026972084
17018.75,17.01875,-88.842926920564
17025,17.025,-93.8579351063383
17031.25,17.03125,-107.679121416763
17037.5,17.0375,-98.3669262708292
17043.75,17.04375,-91.0379028063481
17050,17.05,-87.2112711116356
17056.25,17.05625,-84.6679266793837
17062.5,17.0625,-82.8148229643108
17068.75,17.06875,-81.4054831624779
17075,17.075,-80.3143123009156
17081.25,17.08125,-79.4693528937706
17087.5,17.0875,-78.8263545438151
17093.75,17.09375,-78.3570646437663
17100,17.1,-78.0433704416076
17106.25,17.10625,-77.8741899489411
17112.5,17.1125,-77.8438147219688
17118.75,17.11875,-77.9511280929111
17125,17.125,-78.1994579305101
17131.25,17.13125,-78.5970209279279
17137.5,17.1375,-79.1580904950326
17143.75,17.14375,-79.9052672791341
17150,17.15,-80.8737099502641
17156.25,17.15625,-82.1192976938496
17162.5,17.1625,-83.7356952389528
17168.75,17.16875,-85.8948559707989
17175,17.175,-88.9642295618918
17181.25,17.18125,-93.9880677961278
17187.5,17.1875,-107.88692026862
17193.75,17.19375,-98.444683962648
17200,17.2,-91.1346427312777
17206.25,17.20625,-87.3132551219635
17212.5,17.2125,-84.7724185900949
17218.75,17.21875,-82.9208182225169
17225,17.225,-81.5125043234559
17231.25,17.23125,-80.4220972944482
17237.5,17.2375,-79.5777446437353
17243.75,17.24375,-78.935253874254
17250,17.25,-78.4664075839427
17256.25,17.25625,-78.1531164029015
17262.5,17.2625,-77.9843153524856
17268.75,17.26875,-77.9543097017671
17275,17.275,-78.061995217937
17281.25,17.28125,-78.3107125721747
17287.5,17.2875,-78.7086933821885
17293.75,17.29375,-79.2702305094299
17300,17.3,-80.0179525430336
17306.25,17.30625,-80.9870620379796
17312.5,17.3125,-82.2335137344791
17318.75,17.31875,-83.8511173127012
17325,17.325,-86.0121476912499
17331.25,17.33125,-89.0849454344583
17337.5,17.3375,-94.1174997847811
17343.75,17.34375,-108.093780003874
17350,17.35,-98.522674845623
17356.25,17.35625,-91.2312068441405
17362.5,17.3625,-87.4149646994539
17368.75,17.36875,-84.8765912206406
17375,17.375,-83.0264681021481
17381.25,17.38125,-81.6191626752286
17387.5,17.3875,-80.5295067268
17393.75,17.39375,-79.6857508562385
17400,17.4,-79.0437594344928
17406.25,17.40625,-78.5753496461146
17412.5,17.4125,-78.2624550983396
17418.75,17.41875,-78.0940275323973
17425,17.425,-78.0643857009833
17431.25,17.43125,-78.1724376029482
17437.5,17.4375,-78.4215365074493
17443.75,17.44375,-78.8199287236176
17450,17.45,-79.3819262665428
17456.25,17.45625,-80.1301852465438
17462.5,17.4625,-81.0999514537904
17468.75,17.46875,-82.3472540849898
17475,17.475,-83.9660457129742
17481.25,17.48125,-86.1289183766351
17487.5,17.4875,-89.2050920017852
17493.75,17.49375,-94.2462511562326
17500,17.5,-108.299728662129
17506.25,17.50625,-98.6008909118927
17512.5,17.5125,-91.3276011531934
17518.75,17.51875,-87.5164088640438
17525,17.525,-84.9804549089424
17531.25,17.53125,-83.1317836928447
17537.5,17.5375,-81.7254698031228
17543.75,17.54375,-80.6365525426394
17550,17.55,-79.7933837550627
17556.25,17.55625,-79.151883677255
17562.5,17.5625,-78.6839034795975
17568.75,17.56875,-78.3713993530148
17575,17.575,-78.2033394768811
17581.25,17.58125,-78.1740558646396
17587.5,17.5875,-78.2824685490358
17593.75,17.59375,-78.5319431982132
17600,17.6,-78.9307405857467
17606.25,17.60625,-79.4931915901413
17612.5,17.6125,-80.2419794330041
17618.75,17.61875,-81.2123925063379
17625,17.625,-82.4605333923631
17631.25,17.63125,-84.0804955484184
17637.5,17.6375,-86.2451838256508
17643.75,17.64375,-89.3246862437583
17650,17.65,-94.3743414328281
17656.25,17.65625,-108.504793612716
17662.5,17.6625,-98.6793247228518
17668.75,17.66875,-91.4238316034732
17675,17.675,-87.6175964517419
17681.25,17.68125,-85.0840197582171
17687.5,17.6875,-83.236775821189
17693.75,17.69375,-81.8314370109723
17700,17.7,-80.7432463919012
17706.25,17.70625,-79.9006552590564
17712.5,17.7125,-79.2596387420284
17718.75,17.71875,-78.792081413382
17725,17.725,-78.4799616653857
17731.25,17.73125,-78.3122638416977
17737.5,17.7375,-78.2833329997511
17743.75,17.74375,-78.3921010137743
17750,17.75,-78.6419457571945
17756.25,17.75625,-79.0411422469668
17762.5,17.7625,-79.6040399422565
17768.75,17.76875,-80.3533487764547
17775,17.775,-81.3243991258915
17781.25,17.78125,-82.5733659137461
17787.5,17.7875,-84.1944815224053
17793.75,17.79375,-86.3609594090546
17800,17.8,-89.4437446747267
17806.25,17.80625,-94.5017895962548
17812.5,17.8125,-108.709001579203
17818.75,17.81875,-98.7579693729496
17825,17.825,-91.5199040757753
17831.25,17.83125,-87.7185361195773
17837.5,17.8375,-85.1872956443587
17843.75,17.84375,-83.3414550594108
17850,17.85,-81.9370753306582
17856.25,17.85625,-80.8495996399344
17862.5,17.8625,-80.0075769927504
17868.75,17.86875,-79.3670364660474
17875,17.875,-78.8998954674293
17881.25,17.88125,-78.5881542188634
17887.5,17.8875,-78.4208129619979
17893.75,17.89375,-78.3922295874112
17900,17.9,-78.5013476235544
17906.25,17.90625,-78.751556960538
17912.5,17.9125,-79.1511466433646
17918.75,17.91875,-79.7144844363093
17925,17.925,-80.464306595093
17931.25,17.93125,-81.4359848781988
17937.5,17.9375,-82.6857655308031
17943.75,17.94375,-84.3080179480305
17950,17.95,-86.4762600856112
17956.25,17.95625,-89.5622833609921
17962.5,17.9625,-94.6286141079676
17968.75,17.96875,-108.912378665291
17975,17.975,-98.8368184552105
17981.25,17.98125,-91.6158243855764
17987.5,17.9875,-87.8192363502561
17993.75,17.99375,-85.2902922228907
18000,18,-83.4458317336087
18006.25,18.00625,-82.0423955311524
18012.5,18.0125,-80.9556233771306
18018.75,18.01875,-80.1141602964204
18025,18.025,-79.4740883947141
18031.25,18.03125,-79.0073573634028
18037.5,18.0375,-78.6959888928087
18043.75,18.04375,-78.5289988635713
18050,18.05,-78.5007577942648
18056.25,18.05625,-78.6102206852871
18062.5,18.0625,-78.8607892597546
18068.75,18.06875,-79.2607663809129
18075,18.075,-79.8245378495618
18081.25,18.08125,-80.5748658640233
18087.5,18.0875,-81.5471629776056
18093.75,18.09375,-82.7977457632759
18100,18.1,-84.4211187622818
18106.25,18.10625,-86.5911004171134
18112.5,18.1125,-89.6803179372071
18118.75,18.11875,-94.7548329280785
18125,18.125,-109.114950376566
18131.25,18.13125,-98.9158660302121
18137.5,18.1375,-91.7115982825696
18143.75,18.14375,-87.9197054569077
18150,18.15,-85.3930189358634
18156.25,18.15625,-83.5499159318144
18162.5,18.1625,-82.1474081273356
18168.75,18.16875,-81.0613284282683
18175,18.175,-80.2204162358483
18181.25,18.18125,-79.5808057916943
18187.5,18.1875,-79.1144785350406
18193.75,18.19375,-78.8034772731532
18200,18.2,-78.6368332736965
18206.25,18.20625,-78.608929483588
18212.5,18.2125,-78.7187321976969
18218.75,18.21875,-78.9696547932292
18225,18.225,-79.3700137472112
18231.25,18.23125,-79.9342126351271
18237.5,18.2375,-80.6850392275715
18243.75,18.24375,-81.6579462997087
18250,18.25,-82.9093197820867
18256.25,18.25625,-84.5337975397313
18262.5,18.2625,-86.7054945829474
18268.75,18.26875,-89.7978636223253
18275,18.275,-94.8804635339815
18281.25,18.28125,-109.316741644387
18287.5,18.2875,-98.9951065962748
18293.75,18.29375,-91.807231449966
18300,18.3,-88.0199515874983
18306.25,18.30625,-85.4954850183177
18312.5,18.3125,-83.6537175115938
18318.75,18.31875,-82.2521233883323
18325,18.325,-81.1667253613748
18331.25,18.33125,-80.3263556115747
18337.5,18.3375,-79.6871996484938
18343.75,18.34375,-79.2212701380114
18350,18.35,-78.9106306624949
18356.25,18.35625,-78.7443276314579
18362.5,18.3625,-78.7167562258106
18368.75,18.36875,-78.8268938620558
18375,18.375,-79.0781653971684
18381.25,18.38125,-79.4789007226597
18387.5,18.3875,-80.0435209333783
18393.75,18.39375,-80.7948390109639
18400,18.4,-81.7683473933778
18406.25,18.40625,-83.0205004217712
18412.5,18.4125,-84.6460675055169
18418.75,18.41875,-86.819456393858
18425,18.425,-89.9149352346662
18431.25,18.43125,-95.005522937802
18437.5,18.4375,-109.517776846785
18443.75,18.44375,-99.0745350622746
18450,18.45,-91.9027295042328
18456.25,18.45625,-88.1199827292368
18462.5,18.4625,-85.5976995046256
18468.75,18.46875,-83.7572461074447
18475,18.475,-82.3565513455736
18481.25,18.48125,-81.2718244962728
18487.5,18.4875,-80.4319889678268
18493.75,18.49375,-79.7932806936787
18500,18.5,-79.3277430593839
18506.25,18.50625,-79.0174600897999
18512.5,18.5125,-78.8514930976572
18518.75,18.51875,-78.8242493086227
18525,18.525,-78.934717092481
18531.25,18.53125,-79.1863326160971
18537.5,18.5375,-79.5874389911667
18543.75,18.54375,-80.1524745828875
18550,18.55,-80.9042772315293
18556.25,18.55625,-81.8783784922644
18562.5,18.5625,-83.1313001923824
18568.75,18.56875,-84.7579415477719
18575,18.575,-86.9329993051378
18581.25,18.58125,-90.0315472063014
18587.5,18.5875,-95.1300277030846
18593.75,18.59375,-109.718079828513
18600,18.6,-99.1541467222859
18606.25,18.60625,-91.9980979949661
18612.5,18.6125,-88.2198067128948
18618.75,18.61875,-85.6996712346135
18625,18.625,-83.8605111379093
18631.25,18.63125,-82.4607018005689
18637.5,18.6375,-81.3766359128059
18643.75,18.64375,-80.5373266010821
18650,18.65,-79.8990594017377
18656.25,18.65625,-79.4339079267359
18662.5,18.6625,-79.1239763197227
18668.75,18.66875,-78.9583405643258
18675,18.675,-78.9314197466855
18681.25,18.68125,-79.0422130258358
18687.5,18.6875,-79.2941677129472
18693.75,18.69375,-79.695639950436
18700,18.7,-80.2610851309404
18706.25,18.70625,-81.0133656094754
18712.5,18.7125,-81.9880515258783
18718.75,18.71875,-83.2417312909383
18725,18.725,-84.869432229586
18731.25,18.73125,-87.046136429329
18737.5,18.7375,-90.1477135969889
18743.75,18.74375,-95.2539939610365
18750,18.75,-109.917673922415
18756.25,18.75625,-99.2339372314589
18762.5,18.7625,-92.0933424046647
18768.75,18.76875,-88.3194312168342
18775,18.775,-85.8014088593454
18781.25,18.78125,-83.9635218123368
18787.5,18.7875,-82.5645843322773
18793.75,18.79375,-81.481169458655
18800,18.8,-80.6423785682375
18806.25,18.80625,-80.0045460015119
18812.5,18.8125,-79.5397751168144
18818.75,18.81875,-79.2301898614696
18825,18.825,-79.0648806637876
18831.25,18.83125,-79.0382782908606
18837.5,18.8375,-79.1493925311323
18843.75,18.84375,-79.4016816786447
18850,18.85,-79.8035147217462
18856.25,18.85625,-80.3693638435146
18862.5,18.8625,-81.1221155780894
18868.75,18.86875,-82.0973781300767
18875,18.875,-83.3518056122774
18881.25,18.88125,-84.9805518003168
18887.5,18.8875,-87.1588805482061
18893.75,18.89375,-90.2634481072086
18900,18.9,-95.3774374255833
18906.25,18.90625,-110.116581966441
18912.5,18.9125,-99.3139025843966
18918.75,18.91875,-92.1884681490014
18925,18.925,-88.418863771191
18931.25,18.93125,-85.9029208469011
18937.5,18.9375,-84.0662871375189
18943.75,18.94375,-82.6682083043219
18950,18.95,-81.5854347569615
18956.25,18.95625,-80.7471546945346
18962.5,18.9625,-80.1097504843817
18968.75,18.96875,-79.6453547639421
18975,18.975,-79.3361109774049
18981.25,18.98125,-79.1711237774313
18987.5,18.9875,-79.1448354371632
18993.75,18.99375,-79.2562662186517
19000,19,-79.5088852413995
19006.25,19.00625,-79.9110741594206
19012.5,19.0125,-80.4773217149589
19018.75,19.01875,-81.2305382936595
19025,19.025,-82.2063696572561
19031.25,19.03125,-83.4615347595818
19037.5,19.0375,-85.0913122065951
19043.75,19.04375,-87.2712441244742
19050,19.05,-90.3787640910193
19056.25,19.05625,-95.5003734083966
19062.5,19.0625,-110.314826323958
19068.75,19.06875,-99.3940390938431
19075,19.075,-92.2834805767611
19081.25,19.08125,-88.5181117616191
19087.5,19.0875,-86.0042154876986
19093.75,19.09375,-84.1688159239155
19100,19.1,-82.7715828717748
19106.25,19.10625,-81.6894412135097
19112.5,19.1125,-80.8516645810527
19118.75,19.11875,-80.2146826120073
19125,19.125,-79.7506567679672
19131.25,19.13125,-79.4417496911777
19137.5,19.1375,-79.2770800440143
19143.75,19.14375,-79.2511014352219
19150,19.15,-79.3628444485697
19156.25,19.15625,-79.6157888754924
19162.5,19.1625,-80.0183288597851
19168.75,19.16875,-80.5849694771303
19175,19.175,-81.3386446448188
19181.25,19.18125,-82.3150371859462
19187.5,19.1875,-83.5709300543006
19193.75,19.19375,-85.2017251026528
19200,19.2,-87.3832393126811
19206.25,19.20625,-90.4936745679119
19212.5,19.2125,-95.6228168325612
19218.75,19.21875,-110.512428899204
19225,19.225,-99.4743433720539
19231.25,19.23125,-92.3783849703735
19237.5,19.2375,-88.6171824332865
19243.75,19.24375,-86.105300899915
19250,19.25,-84.2711167918401
19256.25,19.25625,-82.8747169878465
19262.5,19.2625,-81.7931980237812
19268.75,19.26875,-80.9559176120464
19275,19.275,-80.319351923895
19281.25,19.28125,-79.8556908020211
19287.5,19.2875,-79.5471157956607
19293.75,19.29375,-79.3827593677614
19300,19.3,-79.3570862965335
19306.25,19.30625,-79.4691373393561
19312.5,19.3125,-79.7224028098289
19318.75,19.31875,-80.125289169895
19325,19.325,-80.6923176083089
19331.25,19.33125,-81.4464452616686
19337.5,19.3375,-82.4233915301927
19343.75,19.34375,-83.6800025458436
19350,19.35,-85.311801860461
19356.25,19.35625,-87.4948779700082
19362.5,19.3625,-90.6081922346429
19368.75,19.36875,-95.7447822464682
19375,19.375,-110.709411156495
19381.25,19.38125,-99.5548123120505
19387.5,19.3875,-92.4731865459466
19393.75,19.39375,-88.7160828943798
19400,19.4,-86.2061850344287
19406.25,19.40625,-84.3731981771953
19412.5,19.4125,-82.9776194101357
19418.75,19.41875,-81.8967141795756
19425,19.425,-81.0599229618372
19431.25,19.43125,-80.4237677445116
19437.5,19.4375,-79.9604663198305
19443.75,19.44375,-79.6522188604277
19450,19.45,-79.4881714259943
19456.25,19.45625,-79.4627998022362
19462.5,19.4625,-79.5751547756954
19468.75,19.46875,-79.8287370360133
19475,19.475,-80.2319651957498
19481.25,19.48125,-80.7993763415796
19487.5,19.4875,-81.5539505243564
19493.75,19.49375,-82.5314432483543
19500,19.5,-83.7887630206632
19506.25,19.50625,-85.4215535791722
19512.5,19.5125,-87.6061716662297
19518.75,19.51875,-90.7223294760739
19525,19.525,-95.8662838362177
19531.25,19.53125,-110.905794133761
19537.5,19.5375,-99.6354430714971
19543.75,19.54375,-92.5678904540522
19550,19.55,-88.8148201199152
19556.25,19.55625,-86.3068756798802
19562.5,19.5625,-84.4750683372432
19568.75,19.56875,-83.080298706859
19575,19.575,-81.9999984755506
19581.25,19.58125,-81.1636896016125
19587.5,19.5875,-80.5279391902914
19593.75,19.59375,-80.0649925628932
19600,19.6,-79.7570682390842
19606.25,19.60625,-79.5933256766088
19612.5,19.6125,-79.56825151073
19618.75,19.61875,-79.6809064162447
19625,19.625,-79.9348013162425
19631.25,19.63125,-80.3383668103493
19637.5,19.6375,-80.9061556730535
19643.75,19.64375,-81.661170571487
19650,19.65,-82.6392026517529
19656.25,19.65625,-83.8972220111963
19662.5,19.6625,-85.5309910944777
19668.75,19.66875,-87.7171316936784
19675,19.675,-90.8360983760942
19681.25,19.68125,-95.9873354385196
19687.5,19.6875,-111.101598461202
19693.75,19.69375,-99.7162330561645
19700,19.7,-92.6625017798406
19706.25,19.70625,-88.9134009549964
19712.5,19.7125,-86.4073804672461
19718.75,19.71875,-84.5767353558948
19725,19.725,-83.1827632625979
19731.25,19.73125,-82.1030595153143
19737.5,19.7375,-81.2672263057701
19743.75,19.74375,-80.6318751761832
19750,19.75,-80.1692785672043
19756.25,19.75625,-79.8616730761494
19762.5,19.7625,-79.6982313650973
19768.75,19.76875,-79.6734507648277
19775,19.775,-79.7864017009161
19781.25,19.78125,-80.0406051907175
19787.5,19.7875,-80.4445036612402
19793.75,19.79375,-81.0126653695714
19800,19.8,-81.7681153079966
19806.25,19.80625,-82.7466798127429
19812.5,19.8125,-84.0053898041926
19818.75,19.81875,-85.6401249872523
19825,19.825,-87.8277690763522
19831.25,19.83125,-90.9495107275181
19837.5,19.8375,-96.1079505520024
19843.75,19.84375,-111.296844373228
19850,19.85,-99.7971799059552
19856.25,19.85625,-92.7570255439648
19862.5,19.8625,-89.0118321184611
19868.75,19.86875,-86.5077068746018
19875,19.875,-84.6782071490898
19881.25,19.88125,-83.2850212840877
19887.5,19.8875,-82.2059057175031
19893.75,19.89375,-81.3705416582146
19900,19.9,-80.7355844221325
19906.25,19.90625,-80.2733331698922
19912.5,19.9125,-79.9660423138344
19918.75,19.91875,-79.8028975314554
19925,19.925,-79.7784066987893
19931.25,19.93125,-79.891649858035
19937.5,19.9375,-80.1461579849401
19943.75,19.94375,-80.5503851779505
19950,19.95,-81.1189149762827
19956.25,19.95625,-81.8747944129074
19962.5,19.9625,-82.8538845726869
19968.75,19.96875,-84.1132764489555
19975,19.975,-85.748965592175
19981.25,19.98125,-87.9380945790931
19987.5,19.9875,-91.0625780421459
19993.75,19.99375,-96.2281423490757
20000,20,-111.491551725964
20006.25,20.00625,-99.8782814803227
20012.5,20.0125,-92.851466702858
20018.75,20.01875,-89.1101202059532
20025,20.025,-86.6078622313623
20031.25,20.03125,-84.7794914697142
20037.5,20.0375,-83.3870808055564
20043.75,20.04375,-82.3085453214167
20050,20.05,-81.4736440582339
20056.25,20.05625,-80.8390754591454
20062.5,20.0625,-80.3771650154423
20068.75,20.06875,-80.0701846983984
20075,20.075,-79.9073330166681
20081.25,20.08125,-79.8831282449314
20087.5,20.0875,-79.9966599110651
20093.75,20.09375,-80.251468816552
20100,20.1,-80.6560205789558
20106.25,20.10625,-81.2249138237549
20112.5,20.1125,-81.9812173465984
20118.75,20.11875,-82.9608265494035
20125,20.125,-84.220891765022
20131.25,20.13125,-85.8575230057106
20137.5,20.1375,-88.0481187159913
20143.75,20.14375,-91.1753115598816
20150,20.15,-96.3479236863713
20156.25,20.15625,-111.685740008442
20162.5,20.1625,-99.9595358460909
20168.75,20.16875,-92.9458301496708
20175,20.175,-89.2082716933262
20181.25,20.18125,-86.7078537227265
20187.5,20.1875,-84.8805959125836
20193.75,20.19375,-83.4889496940792
20200,20.2,-82.4109863926395
20206.25,20.20625,-81.5765417263157
20212.5,20.2125,-80.9423566352684
20218.75,20.21875,-80.480782561818
20225,20.225,-80.1741087864072
20231.25,20.23125,-80.0115464690868
20237.5,20.2375,-79.9876241401097
20243.75,20.24375,-80.1014406852134
20250,20.25,-80.356546602056
20256.25,20.25625,-80.7614188785234
20262.5,20.2625,-81.3306710349558
20268.75,20.26875,-82.087393357943
20275,20.275,-83.0675151445029
20281.25,20.28125,-84.3282453497443
20287.5,20.2875,-85.9658070940226
20293.75,20.29375,-88.1578517588012
20300,20.3,-91.2877222579755
20306.25,20.30625,-96.467307115642
20312.5,20.3125,-111.879428358511
20318.75,20.31875,-100.040941264624
20325,20.325,-93.0401207147222
20331.25,20.33125,-89.3062929395986
20337.5,20.3375,-86.8076883936726
20343.75,20.34375,-84.9815279190326
20350,20.35,-83.5906356545436
20356.25,20.35625,-82.5132368282847
20362.5,20.3625,-81.6792427096016
20368.75,20.36875,-81.0454361212148
20375,20.375,-80.5841940862358
20381.25,20.38125,-80.2778229506262
20387.5,20.3875,-80.1155463504356
20393.75,20.39375,-80.0919029318488
20400,20.4,-80.2060008136559
20406.25,20.40625,-80.461400063156
20412.5,20.4125,-80.8665888931704
20418.75,20.41875,-81.4361955318362
20425,20.425,-82.1933314910329
20431.25,20.43125,-83.1739595502824
20437.5,20.4375,-84.4353465853948
20443.75,20.44375,-86.0738275003651
20450,20.45,-88.2673037447404
20456.25,20.45625,-91.3998208594724
20462.5,20.4625,-96.5863048934317
20468.75,20.46875,-112.072635574114
20475,20.475,-100.122496180968
20481.25,20.48125,-93.1343431664153
20487.5,20.4875,-89.4041901900963
20493.75,20.49375,-86.9073731530256
20500,20.5,-85.0822947815192
20506.25,20.50625,-83.6921462345956
20512.5,20.5125,-82.6153043621663
20518.75,20.51875,-81.7817548872543
20525,20.525,-81.1483219158841
20531.25,20.53125,-80.6874076908069
20537.5,20.5375,-80.3813353857825
20543.75,20.54375,-80.2193409416827
20550,20.55,-80.1959729843037
20556.25,20.55625,-80.3103487436129
20562.5,20.5625,-80.5660377329333
20568.75,20.56875,-80.97153924795
20575,20.575,-81.5414960417448
20581.25,20.58125,-82.2990405917409
20587.5,20.5875,-83.2801687564533
20593.75,20.59375,-84.5422046461142
20600,20.6,-86.1815936523222
20606.25,20.60625,-88.3764844841589
20612.5,20.6125,-91.5116178416125
20618.75,20.61875,-96.7049289909578
20625,20.625,-112.265380126668
20631.25,20.63125,-100.204199213024
20637.5,20.6375,-93.228502211906
20643.75,20.64375,-89.5019695793532
20650,20.65,-87.0069147773022
20656.25,20.65625,-85.1829036479702
20662.5,20.6625,-83.7934888293171
20668.75,20.66875,-82.7171965697325
20675,20.675,-81.8840859755635
20681.25,20.68125,-81.2510218516155
20687.5,20.6875,-80.7904313079266
20693.75,20.69375,-80.4846541140697
20700,20.7,-80.3229383486525
20706.25,20.70625,-80.2998424839804
20712.5,20.7125,-80.4144927421593
20718.75,20.71875,-80.6704679617622
20725,20.725,-81.0762783824778
20731.25,20.73125,-81.6465811035644
20737.5,20.7375,-82.4045293139925
20743.75,20.74375,-83.3861515565807
20750,20.75,-84.6488285045595
20756.25,20.75625,-86.2891147687261
20762.5,20.7625,-88.4854035678615
20768.75,20.76875,-91.6231234437957
20775,20.775,-96.8231911033215
20781.25,20.78125,-112.457680173366
20787.5,20.7875,-100.286049141451
20793.75,20.79375,-93.3226024978718
20800,20.8,-89.5996371339367
20806.25,20.80625,-87.1063199144147
20812.5,20.8125,-85.2833615259694
20818.75,20.81875,-83.8946706857367
20825,20.825,-82.8189208728014
20831.25,20.83125,-81.9862435328649
20837.5,20.8375,-81.3535435992558
20843.75,20.84375,-80.8932727054584
20850,20.85,-80.5877869904353
20856.25,20.85625,-80.4263465074079
20862.5,20.8625,-80.4035194452088
20868.75,20.86875,-80.5184409018001
20875,20.875,-80.774698922975
20881.25,20.88125,-81.1808145566942
20887.5,20.8875,-81.7514590735929
20893.75,20.89375,-82.5098061257666
20900,20.9,-83.4919165542382
20906.25,20.90625,-84.755226938235
20912.5,20.9125,-86.3963998662536
20918.75,20.91875,-88.5940703740707
20925,20.925,-91.7343476751818
20931.25,20.93125,-96.9411026582869
20937.5,20.9375,-112.649553567916
20943.75,20.94375,-100.368044900546
20950,20.95,-93.4166486114383
20956.25,20.95625,-89.6971987753272
20962.5,20.9625,-87.2055950873343
20968.75,20.96875,-85.3836752868978
20975,20.975,-83.9956989072604
20981.25,20.98125,-82.9204845441947
20987.5,20.9875,-82.0882349643376
20993.75,20.99375,-81.4558946730826
21000,21,-80.9959394917762
21006.25,21.00625,-80.6907417077276
21012.5,21.0125,-80.5295731894944
21018.75,21.01875,-80.5070117154819
21025,21.025,-80.6222011458912
21031.25,21.03125,-80.8787386183845
21037.5,21.0375,-81.2851558564878
21043.75,21.04375,-81.8561381312703
21050,21.05,-82.6148793149588
21056.25,21.05625,-83.5974721690124
21062.5,21.0625,-84.8614085357045
21068.75,21.06875,-86.5034577658951
21075,21.075,-88.7024940752841
21081.25,21.08125,-91.8453003221558
21087.5,21.0875,-97.0586748251256
21093.75,21.09375,-112.841017873692
21100,21.1,-100.450185569015
21106.25,21.10625,-93.5106450808126
21112.5,21.1125,-89.7946603224705
21118.75,21.11875,-87.304746697496
21125,21.125,-85.4838516697719
21131.25,21.13125,-84.0965804578075
21137.5,21.1375,-83.0218947121028
21143.75,21.14375,-82.1900675265289
21150,21.15,-81.5580824354674
21156.25,21.15625,-81.0984391205331
21162.5,21.1625,-80.7935258015679
21168.75,21.16875,-80.6326260069024
21175,21.175,-80.6103269804992
21181.25,21.18125,-80.7257812337716
21187.5,21.1875,-80.9825948834958
21193.75,21.19375,-81.3893101989981
21200,21.2,-81.9606262845873
21206.25,21.20625,-82.719756994891
21212.5,21.2125,-83.7028266421597
21218.75,21.21875,-84.9673817024104
21225,21.225,-86.6102970989895
21231.25,21.23125,-88.8106836446381
21237.5,21.2375,-91.9559909552592
21243.75,21.24375,-97.175918522435
21250,21.25,-113.0320903723
21256.25,21.25625,-100.532470362275
21262.5,21.2625,-93.6045963763824
21268.75,21.26875,-89.8920274945866
21275,21.275,-87.4037810282979
21281.25,21.28125,-85.5838972851519
21287.5,21.2875,-84.197322165985
21293.75,21.29375,-83.1231583644278
21300,21.3,-82.2917483318457
21306.25,21.30625,-81.6601141014831
21312.5,21.3125,-81.2007788953824
21318.75,21.31875,-80.8961466551523
21325,21.325,-80.7355124169591
21331.25,21.33125,-80.7134727691431
21337.5,21.3375,-80.8291887658263
21343.75,21.34375,-81.086275392655
21350,21.35,-81.493285337856
21356.25,21.35625,-82.0649313754227
21362.5,21.3625,-82.82444710978
21368.75,21.36875,-83.8079880422089
21375,21.375,-85.0731546664574
21381.25,21.38125,-86.7169263132725
21387.5,21.3875,-88.9186478623231
21393.75,21.39375,-92.0664289361913
21400,21.4,-97.2928444265344
21406.25,21.40625,-113.222788077041
21412.5,21.4125,-100.614898623982
21418.75,21.41875,-93.6985069112832
21425,21.425,-89.9893059135067
21431.25,21.43125,-87.5027042482223
21437.5,21.4375,-85.6838186186938
21443.75,21.44375,-84.2979307289071
21450,21.45,-83.2242823528176
21456.25,21.45625,-82.3932843527396
21462.5,21.4625,-81.7619967432182
21468.75,21.46875,-81.3029659743834
21475,21.475,-80.9986115037621
21481.25,21.48125,-80.8382397269139
21487.5,21.4875,-80.8164564581466
21493.75,21.49375,-80.9324311882243
21500,21.5,-81.1897876638701
21506.25,21.50625,-81.5970888680866
21512.5,21.5125,-82.1690610845373
21518.75,21.51875,-82.9289574398244
21525,21.525,-83.9129642701709
21531.25,21.53125,-85.1787354839716
21537.5,21.5375,-86.8233536784199
21543.75,21.54375,-89.0263953214141
21550,21.55,-92.1766234241333
21556.25,21.55625,-97.4094629785798
21562.5,21.5625,-113.4131277403
21568.75,21.56875,-100.697469819468
21575,21.575,-93.7923810425542
21581.25,21.58125,-90.0865011063795
21587.5,21.5875,-87.601522414148
21593.75,21.59375,-85.7836220348109
21600,21.6,-84.3984127161026
21606.25,21.60625,-83.3252733967283
21612.5,21.6125,-82.4946824259032
21618.75,21.61875,-81.8637372940685
21625,21.625,-81.4050073743957
21631.25,21.63125,-81.1009274392324
21637.5,21.6375,-80.9408150984922
21643.75,21.64375,-80.9192852767214
21650,21.65,-81.0355157976272
21656.25,21.65625,-81.2931390635928
21662.5,21.6625,-81.7007282309756
21668.75,21.66875,-82.2730229365353
21675,21.675,-83.0332956062767
21681.25,21.68125,-84.0177630647448
21687.5,21.6875,-85.2841320444843
21693.75,21.69375,-86.9295872916726
21700,21.7,-89.1339344338378
21706.25,21.70625,-92.2865833822785
21712.5,21.7125,-97.5257843923475
21718.75,21.71875,-113.603125866228
21725,21.725,-100.780183528203
21731.25,21.73125,-93.8862230717571
21737.5,21.7375,-90.1836185078844
21743.75,21.74375,-87.7002414742892
21750,21.75,-85.8833137800044
21756.25,21.75625,-84.4987745730839
21762.5,21.7625,-83.426138087189
21768.75,21.76875,-82.5959492561643
21775,21.775,-81.9653425527571
21781.25,21.78125,-81.5069099751906
21787.5,21.7875,-81.2031014141537
21793.75,21.79375,-81.043245552171
21800,21.8,-81.0219663109026
21806.25,21.80625,-81.1384497456041
21812.5,21.8125,-81.396336811212
21818.75,21.81875,-81.8042107186386
21825,21.825,-82.3768243045152
21831.25,21.83125,-83.1374690761923
21837.5,21.8375,-84.1223920071778
21843.75,21.84375,-85.3893520759209
21850,21.85,-87.0356350830104
21856.25,21.85625,-89.2412734358212
21862.5,21.8625,-92.3963175837331
21868.75,21.86875,-97.6418186609679
21875,21.875,-113.792798718579
21881.25,21.88125,-100.863039437764
21887.5,21.8875,-93.9800372460365
21893.75,21.89375,-90.2806634626972
21900,21.9,-87.7988672712254
21906.25,21.90625,-85.9828999862301
21912.5,21.9125,-84.5990226249466
21918.75,21.91875,-83.5268828905442
21925,21.925,-82.6970914203619
21931.25,21.93125,-82.066819187306
21937.5,21.9375,-81.6086805235064
21943.75,21.94375,-81.3051402459982
21950,21.95,-81.1455379713782
21956.25,21.95625,-81.12450650782
21962.5,21.9625,-81.2412400429723
21968.75,21.96875,-81.4993879834562
21975,21.975,-81.9075434785011
21981.25,21.98125,-82.4804724146348
21987.5,21.9875,-83.2414851670814
21993.75,21.99375,-84.2268585260337
22000,22,-85.4944031495243
22006.25,22.00625,-87.1415048202699
22012.5,22.0125,-89.3484203932979
22018.75,22.01875,-92.505834617406
22025,22.025,-97.7575755638112
22031.25,22.03125,-113.982162330753
22037.5,22.0375,-100.946037337645
22043.75,22.04375,-94.0738277589519
22050,22.05,-90.3776412277436
22056.25,22.05625,-87.8974055447859
22062.5,22.0625,-86.0823866741098
22068.75,22.06875,-84.6991630797889
22075,22.075,-83.6275141520413
22081.25,22.08125,-82.7981153710527
22087.5,22.0875,-82.1681737388315
22093.75,22.09375,-81.7103256369321
22100,22.1,-81.407050621086
22106.25,22.10625,-81.2476991065265
22112.5,22.1125,-81.226912679798
22118.75,22.11875,-81.3438935639605
22125,22.125,-81.6022995186373
22131.25,22.13125,-82.0107335176092
22137.5,22.1375,-82.5839743505025
22143.75,22.14375,-83.3453510514044
22150,22.15,-84.3311699017968
22156.25,22.15625,-85.5992926845964
22162.5,22.1625,-87.2472041140849
22168.75,22.16875,-89.455383207141
22175,22.175,-92.6151428937329
22181.25,22.18125,-97.8730646731938
22187.5,22.1875,-114.171232515702
22193.75,22.19375,-101.029177113294
22200,22.2,-94.1675987512647
22206.25,22.20625,-90.4745569743461
22212.5,22.2125,-87.995861934752
22218.75,22.21875,-86.1817797559751
22225,22.225,-84.7992020319727
22231.25,22.23125,-83.728038099241
22237.5,22.2375,-82.8990274400288
22243.75,22.24375,-82.2694126251782
22250,22.25,-81.8118518076238
22256.25,22.25625,-81.5088390983659
22262.5,22.2625,-81.3497355788635
22268.75,22.26875,-81.3291915082722
22275,22.275,-81.446417050189
22281.25,22.28125,-81.7050782206809
22287.5,22.2875,-82.1137877067337
22293.75,22.29375,-82.6873370573498
22300,22.3,-83.4490737608218
22306.25,22.30625,-84.4353332712255
22312.5,22.3125,-85.704027952974
22318.75,22.31875,-87.3527404225247
22325,22.325,-89.5621696180385
22331.25,22.33125,-92.7242506499252
22337.5,22.3375,-97.9882953603789
22343.75,22.34375,-114.360024873224
22350,22.35,-101.112458741164
22356.25,22.35625,-94.2613543120102
22362.5,22.3625,-90.5714157904879
22368.75,22.36875,-88.0942419836472
22375,22.375,-86.2810850389418
22381.25,22.38125,-84.899145465387
22387.5,22.3875,-83.8284608454157
22393.75,22.39375,-82.9998338418393
22400,22.4,-82.370542144509
22406.25,22.40625,-81.9132654059668
22412.5,22.4125,-81.6105121131505
22418.75,22.41875,-81.4516538842662
22425,22.425,-81.4313495476359
22431.25,22.43125,-81.5488171145809
22437.5,22.4375,-81.8077307631102
22443.75,22.44375,-82.2167127844169
22450,22.45,-82.790567346161
22456.25,22.45625,-83.5526601904064
22462.5,22.4625,-84.5393556316654
22468.75,22.46875,-85.8086160834843
22475,22.475,-87.4581210557295
22481.25,22.48125,-89.6687872113941
22487.5,22.4875,-92.8331659553467
22493.75,22.49375,-98.1032768019028
22500,22.5,-114.548554800124
22506.25,22.50625,-101.195882283264
22512.5,22.5125,-94.3550984792156
22518.75,22.51875,-90.6682226828152
22525,22.525,-88.1925511392835
22531.25,22.53125,-86.3803082277438
22537.5,22.5375,-84.998999256491
22543.75,22.54375,-83.9287883927395
22550,22.55,-83.1005406770768
22556.25,22.55625,-82.4715684786919
22562.5,22.5625,-82.0145726840387
22568.75,22.56875,-81.7120759806454
22575,22.575,-81.5534603968327
22581.25,22.58125,-81.5333932289027
22587.5,22.5875,-81.6511002450753
22593.75,22.59375,-81.9102636928119
22600,22.6,-82.319515360802
22606.25,22.60625,-82.8936718975625
22612.5,22.6125,-83.6561171026212
22618.75,22.61875,-84.6432438451203
22625,22.625,-85.9130640661251
22631.25,22.63125,-87.5633531802523
22637.5,22.6375,-89.7752434219153
22643.75,22.64375,-92.9418967164818
22650,22.65,-98.218017985325
22656.25,22.65625,-114.736837497979
22662.5,22.6625,-101.279447882531
22668.75,22.66875,-94.4488352408724
22675,22.675,-90.7649825787179
22681.25,22.68125,-88.290794757317
22687.5,22.6875,-86.4794549275889
22693.75,22.69375,-85.0987691773233
22700,22.7,-84.0290266354247
22706.25,22.70625,-83.2011539356218
22712.5,22.7125,-82.572497696619
22718.75,22.71875,-82.1157797790007
22725,22.725,-81.8135368994009
22731.25,22.73125,-81.6551613723946
22737.5,22.7375,-81.6353288632627
22743.75,22.74375,-81.7532728082451
22750,22.75,-82.0126834337144
22756.25,22.75625,-82.4222019213725
22762.5,22.7625,-82.9966572656342
22768.75,22.76875,-83.7594511311973
22775,22.775,-84.7470046422307
22781.25,22.78125,-86.0173787561639
22787.5,22.7875,-87.6684438233187
22793.75,22.79375,-89.8815455380912
22800,22.8,-93.0504506818045
22806.25,22.80625,-98.3325277148827
22812.5,22.8125,-114.92488798131
22818.75,22.81875,-101.363155758337
22825,22.825,-94.542568535789
22831.25,22.83125,-90.8617003283078
22837.5,22.8375,-88.3889781036965
22843.75,22.84375,-86.5785306468584
22850,22.85,-85.1984608984008
22856.25,22.85625,-84.1291813627413
22862.5,22.8625,-83.3016794997527
22868.75,22.86875,-82.6733357574026
22875,22.875,-82.2168927163573
22881.25,22.88125,-81.9149009546358
22887.5,22.8875,-81.756762951895
22893.75,22.89375,-81.7371626455211
22900,22.9,-81.8553410527845
22906.25,22.90625,-82.1149962903291
22912.5,22.9125,-82.5247788305498
22918.75,22.91875,-83.0995298815728
22925,22.925,-83.8626687848772
22931.25,22.93125,-84.8506446260936
22937.5,22.9375,-86.1215668780715
22943.75,22.94375,-87.7733998769086
22950,22.95,-89.9877007065178
22956.25,22.95625,-93.1588354464819
22962.5,22.9625,-98.4468146169641
22968.75,22.96875,-115.112721085836
22975,22.975,-101.447006202183
22981.25,22.98125,-94.6363022544627
22987.5,22.9875,-90.9583807063248
22993.75,22.99375,-88.487106357045
23000,23,-86.6775407997364
23006.25,23.00625,-85.2980799915041
23012.5,23.0125,-84.2292582619335
23018.75,23.01875,-83.4021231471597
23025,23.025,-82.7740885134613
23031.25,23.03125,-82.3179174131127
23037.5,23.0375,-82.0161741214488
23043.75,23.04375,-81.85827116465
23050,23.05,-81.8389006574104
23056.25,23.05625,-81.9573111128748
23062.5,23.0625,-82.2172084511684
23068.75,23.06875,-82.6272523351685
23075,23.075,-83.2022960572232
23081.25,23.08125,-83.9657764510153
23087.5,23.0875,-84.9541702759556
23093.75,23.09375,-86.2256350293234
23100,23.1,-87.8782281017067
23106.25,23.10625,-90.0937159360439
23112.5,23.1125,-93.267058456873
23118.75,23.11875,-98.5608871453296
23125,23.125,-115.30035147627
23131.25,23.13125,-101.530999573705
23137.5,23.1375,-94.7300402399386
23143.75,23.14375,-91.0550284140199
23150,23.15,-88.5851846109508
23156.25,23.15625,-86.7764907087679
23162.5,23.1625,-85.3976319323986
23168.75,23.16875,-84.3292629210448
23175,23.175,-83.5024905538597
23181.25,23.18125,-82.8747617135071
23187.5,23.1875,-82.4188596808168
23193.75,23.19375,-82.1173622679177
23200,23.2,-81.9596919315073
23206.25,23.20625,-81.940548870796
23212.5,23.2125,-82.0591890114366
23218.75,23.21875,-82.3193259920458
23225,23.225,-82.7296285678297
23231.25,23.23125,-83.3049619884922
23237.5,23.2375,-84.068780399059
23243.75,23.24375,-85.0575879507764
23250,23.25,-86.3295896840548
23256.25,23.25625,-87.9829351308943
23262.5,23.2625,-90.1995981017863
23268.75,23.26875,-93.3751270149049
23275,23.275,-98.6747535861985
23281.25,23.28125,-115.487793653596
23287.5,23.2875,-101.615136296981
23293.75,23.29375,-94.8237862887142
23300,23.3,-91.1516480810069
23306.25,23.30625,-88.683217876234
23312.5,23.3125,-86.8753856073421
23318.75,23.31875,-85.4971221034621
23325,23.325,-84.4292008316637
23331.25,23.33125,-83.6027872970224
23337.5,23.3375,-82.9753610054434
23343.75,23.34375,-82.5197252285238
23350,23.35,-82.2184711581196
23356.25,23.35625,-82.0610310679056
23362.5,23.3625,-82.0421131507828
23368.75,23.36875,-82.160980663288
23375,23.375,-82.4213548792871
23381.25,23.38125,-82.8319135501618
23387.5,23.3875,-83.4075337586717
23393.75,23.39375,-84.171686783936
23400,23.4,-85.1609038926868
23406.25,23.40625,-86.4334371966427
23412.5,23.4125,-88.0875274738688
23418.75,23.41875,-90.3053539490371
23425,23.425,-93.4830482823006
23431.25,23.43125,-98.7884220631861
23437.5,23.4375,-115.675061963201
23443.75,23.44375,-101.699416856833
23450,23.45,-94.9175441515277
23456.25,23.45625,-91.2482442669807
23462.5,23.4625,-88.7812110830833
23468.75,23.46875,-86.9742306420501
23475,23.475,-85.5965557962075
23481.25,23.48125,-84.5290773915492
23487.5,23.4875,-83.7030188576849
23493.75,23.49375,-83.0758919391454
23500,23.5,-82.6205196656294
23506.25,23.50625,-82.3195064550125
23512.5,23.5125,-82.1622942868149
23518.75,23.51875,-82.1435992587039
23525,23.525,-82.2626918781695
23531.25,23.53125,-82.5233009727967
23537.5,23.5375,-82.9341131959392
23543.75,23.54375,-83.5100173416031
23550,23.55,-84.2745016492862
23556.25,23.55625,-85.2641242303065
23562.5,23.5625,-86.5371838050905
23568.75,23.56875,-88.1920115197579
23575,23.575,-90.4109900969694
23581.25,23.58125,-93.5908292846055
23587.5,23.5875,-98.9019005419356
23593.75,23.59375,-115.862170601434
23600,23.6,-101.783841795581
23606.25,23.60625,-95.0113175342689
23612.5,23.6125,-91.3448214634958
23618.75,23.61875,-88.8791690831864
23625,23.625,-87.0730308750474
23631.25,23.63125,-85.6959382137641
23637.5,23.6375,-84.6288979072146
23643.75,23.64375,-83.8031906234072
23650,23.65,-83.1763599691815
23656.25,23.65625,-82.7212485046498
23662.5,23.6625,-82.4204737232628
23668.75,23.66875,-82.2634872015979
23675,23.675,-82.2450128550243
23681.25,23.68125,-82.3643283636995
23687.5,23.6875,-82.6251700290619
23693.75,23.69375,-83.0362333141295
23700,23.7,-83.6124186047838
23706.25,23.70625,-84.3772309306176
23712.5,23.7125,-85.3672549819639
23718.75,23.71875,-86.6408356343632
23725,23.725,-88.2963935408752
23731.25,23.73125,-90.5165130422895
23737.5,23.7375,-93.6984769151635
23743.75,23.74375,-99.0151968347751
23750,23.75,-116.049133623443
23756.25,23.75625,-101.868411709834
23762.5,23.7625,-95.1051100987834
23768.75,23.76875,-91.4413840956162
23775,23.775,-88.9770966517613
23781.25,23.78125,-87.171791286273
23787.5,23.7875,-85.7952744732515
23793.75,23.79375,-84.7286675963984
23800,23.8,-83.9033078908251
23806.25,23.80625,-83.2767704574226
23812.5,23.8125,-82.82191716388
23818.75,23.81875,-82.5213784319559
23825,23.825,-82.3646153287728
23831.25,23.83125,-82.3463595021423
23837.5,23.8375,-82.4658957282151
23843.75,23.84375,-82.7269677040319
23850,23.85,-83.1382796118245
23856.25,23.85625,-83.7147433123426
23862.5,23.8625,-84.4798804583527
23868.75,23.86875,-85.470302058817
23875,23.875,-86.7443986995815
23881.25,23.88125,-88.4006796960397
23887.5,23.8875,-90.6219291627247
23893.75,23.89375,-93.8059979388926
23900,23.9,-99.1283186050957
23906.25,23.90625,-116.235964949693
23912.5,23.9125,-101.953127247456
23918.75,23.91875,-95.1989254636993
23925,23.925,-91.5379365235507
23931.25,23.93125,-89.0749984895398
23937.5,23.9375,-87.2705167756432
23943.75,23.94375,-85.8945696080853
23950,23.95,-84.8283915904626
23956.25,23.95625,-84.0033758681148
23962.5,23.9625,-83.3771286755767
23968.75,23.96875,-82.9225309699822
23975,23.975,-82.6222259572243
23981.25,23.98125,-82.4656840906802
23987.5,23.9875,-82.4476446671016
23993.75,23.99375,-82.5673994835224
24000,24,-82.8286995559129
24006.25,24.00625,-83.2402576970693
24012.5,24.0125,-83.8169971279238
24018.75,24.01875,-84.5824559607601
24025,24.025,-85.5732712678474
24031.25,24.03125,-86.8478789091075
24037.5,24.0375,-88.5048760337732
24043.75,24.04375,-90.7272447203842
24050,24.05,-93.9133989959291
24056.25,24.05625,-99.2412733715683
24062.5,24.0625,-116.422678372874
24068.75,24.06875,-102.037989104845
24075,24.075,-95.2927672052702
24081.25,24.08125,-91.6344830442702
24087.5,24.0875,-89.1728792246992
24093.75,24.09375,-87.3692121651633
24100,24.1,-85.9938285702275
24106.25,24.10625,-84.9280749367368
24112.5,24.1125,-84.1033996774101
24118.75,24.11875,-83.4774398076492
24125,24.125,-83.0230951604942
24131.25,24.13125,-82.7230215848031
24137.5,24.1375,-82.5666988180783
24143.75,24.14375,-82.5488737242218
24150,24.15,-82.6688450475624
24156.25,24.15625,-82.9303710478708
24162.5,24.1625,-83.3421730816185
24168.75,24.16875,-83.919185617483
24175,24.175,-84.6849630668036
24181.25,24.18125,-85.6761683147774
24187.5,24.1875,-86.9512820675431
24193.75,24.19375,-88.6089884954039
24200,24.2,-90.8324658650408
24206.25,24.20625,-94.0206866051898
24212.5,24.2125,-99.354068512277
24218.75,24.21875,-116.609287564694
24225,24.225,-102.122998024217
24231.25,24.23125,-95.3866388582102
24237.5,24.2375,-91.7310278930462
24243.75,24.24375,-89.2707434147448
24250,24.25,-87.467882200992
24256.25,24.25625,-86.0930562323659
24262.5,24.2625,-85.0277226007742
24268.75,24.26875,-84.2033843571234
24275,24.275,-83.57770895233
24281.25,24.28125,-83.1236148862603
24287.5,24.2875,-82.8237705125021
24293.75,24.29375,-82.6676647526532
24300,24.3,-82.6500519576479
24306.25,24.30625,-82.7702377470059
24312.5,24.3125,-83.031987550665
24318.75,24.31875,-83.4440311836017
24325,24.325,-84.0213142520014
24331.25,24.33125,-84.7874073089142
24337.5,24.3375,-85.7789988069042
24343.75,24.34375,-87.0546138786398
24350,24.35,-88.7130229181057
24356.25,24.35625,-90.9375986373199
24362.5,24.3625,-94.1278671678544
24368.75,24.36875,-99.4667112688313
24375,24.375,-116.795806083107
24381.25,24.38125,-102.208154790978
24387.5,24.3875,-95.4805439163952
24393.75,24.39375,-91.8275752449205
24400,24.4,-89.36859554828
24406.25,24.40625,-87.5665315553982
24412.5,24.4125,-86.1922573899761
24418.75,24.41875,-85.1273394685128
24425,24.425,-84.3033348641723
24431.25,24.43125,-83.6779411252693
24437.5,24.4375,-83.2240952137565
24443.75,24.44375,-82.9244778525719
24450,24.45,-82.7685870494254
24456.25,24.45625,-82.751184563789
24462.5,24.4625,-82.8715828197208
24468.75,24.46875,-83.1335543451553
24475,24.475,-83.5458373300702
24481.25,24.48125,-84.1233884100739
24487.5,24.4875,-84.8897941256201
24493.75,24.49375,-85.881768255788
24500,24.5,-87.1578799480708
24506.25,24.50625,-88.8169850377392
24512.5,24.5125,-91.0426489717048
24518.75,24.51875,-94.2349469705694
24525,24.525,-99.5792087499824
24531.25,24.53125,-116.982247377634
24537.5,24.5375,-102.293460231562
24543.75,24.54375,-95.574485833784
24550,24.55,-91.9241292162476
24556.25,24.55625,-89.4664400468261
24562.5,24.5625,-87.6651648287312
24568.75,24.56875,-86.2914367634147
24575,24.575,-85.2269303484295
24581.25,24.58125,-84.4032560761962
24587.5,24.5875,-83.7781412613383
24593.75,24.59375,-83.3245411273933
24600,24.6,-83.0251486340424
24606.25,24.60625,-82.8694707791203
24612.5,24.6125,-82.8522766537284
24618.75,24.61875,-82.9728854172173
24625,24.625,-83.2350766247748
24631.25,24.63125,-83.6475967595145
24637.5,24.6375,-84.2254133804716
24643.75,24.64375,-84.9921288641598
24650,24.65,-85.984482079921
24656.25,24.65625,-87.2610857861599
24662.5,24.6625,-88.9208804917094
24668.75,24.66875,-91.147622699524
24675,24.675,-94.3419321887489
24681.25,24.68125,-99.6915679355325
24687.5,24.6875,-117.168624796901
24693.75,24.69375,-102.378915210997
24700,24.7,-95.6684680250983
24706.25,24.70625,-92.0206938660532
24712.5,24.7125,-89.5642812664973
24718.75,24.71875,-87.7637865512645
24725,24.725,-86.3905989998644
24731.25,24.73125,-85.3264999735747
24737.5,24.7375,-84.5031527936481
24743.75,24.74375,-83.8783142167807
24750,24.75,-83.4249575317062
24756.25,24.75625,-83.1257878049506
24762.5,24.7625,-82.9703209304337
24768.75,24.76875,-82.9533332555167
24775,24.775,-83.0741506069772
24781.25,24.78125,-83.3365594978993
24787.5,24.7875,-83.7493146242605
24793.75,24.79375,-84.3273943645697
24800,24.8,-85.0944167829575
24806.25,24.80625,-86.08714560726
24812.5,24.8125,-87.3642368104953
24818.75,24.81875,-89.0247148216594
24825,24.825,-91.252525551794
24831.25,24.83125,-94.4488288896107
24837.5,24.8375,-99.8037956798182
24843.75,24.84375,-117.354951594019
24850,24.85,-102.464520630935
24856.25,24.85625,-95.7624938666806
24862.5,24.8625,-92.1172731975027
24868.75,24.86875,-89.6621234996949
24875,24.875,-87.8624011850468
24881.25,24.88125,-86.4897486752801
24887.5,24.8875,-85.4260530035852
24893.75,24.89375,-84.6030297418651
24900,24.9,-83.9784647713178
24906.25,24.90625,-83.5253492535046
24912.5,24.9125,-83.2264002345301
24918.75,24.91875,-83.0711424122497
24925,24.925,-83.0543593164271
24931.25,24.93125,-83.1753833747372
24937.5,24.9375,-83.4380079901621
24943.75,24.94375,-83.850995992822
24950,24.95,-84.4293364787471
24956.25,24.95625,-85.1966630540666
24962.5,24.9625,-86.1897640777279
24968.75,24.96875,-87.4673383484945
24975,24.975,-89.1284934761332
24981.25,24.98125,-91.3573631620349
24987.5,24.9875,-94.5556430352505
24993.75,24.99375,-99.9158987153308
25000,25,-117.541240933894
25006.25,25.00625,-102.550277427486
25012.5,25.0125,-95.8565666971465
25018.75,25.01875,-92.2138711591692
25025,25.025,-89.7599709766878
25031.25,25.03125,-87.9610131256253
25037.5,25.0375,-86.5888902962205
25043.75,25.04375,-85.5255940265914
25050,25.05,-84.7028915730295
25056.25,25.05625,-84.0785976301677
25062.5,25.0625,-83.6257210439241
25068.75,25.06875,-83.3269907152922
25075,25.075,-83.1719400557615
25081.25,25.08125,-83.1553597051001
25087.5,25.0875,-83.276588626663
25093.75,25.09375,-83.5394270466562
25100,25.1,-83.9526458521411
25106.25,25.10625,-84.5312447566581
25112.5,25.1125,-85.2988727654808
25118.75,25.11875,-86.2923426455632
25125,25.125,-87.5703956398188
25131.25,25.13125,-89.2322218130724
25137.5,25.1375,-91.4621410688653
25143.75,25.14375,-94.6623804854435
25150,25.15,-100.027883655871
25156.25,25.15625,-117.727505897864
25162.5,25.1625,-102.636186569554
25168.75,25.16875,-95.9506898182922
25175,25.175,-92.3104916464625
25181.25,25.18125,-89.8578278672425
25187.5,25.1875,-88.0596267038182
25193.75,25.19375,-86.6880283017038
25200,25.2,-85.6251275611344
25206.25,25.20625,-84.8027428681425
25212.5,25.2125,-84.1787174260452
25218.75,25.21875,-83.7260775804713
25225,25.225,-83.427563965107
25231.25,25.23125,-83.2727186165735
25237.5,25.2375,-83.2563392136805
25243.75,25.24375,-83.3777711915216
25250,25.25,-83.640821534141
25256.25,25.25625,-84.0542691098189
25262.5,25.2625,-84.6331241515024
25268.75,25.26875,-85.401050923448
25275,25.275,-86.3948863816965
25281.25,25.28125,-87.673413838814
25287.5,25.2875,-89.3359051023538
25293.75,25.29375,-91.5668647187036
25300,25.3,-94.7690470005728
25306.25,25.30625,-100.139757000088
25312.5,25.3125,-117.913759491703
25318.75,25.31875,-102.722249056743
25325,25.325,-96.0448664956417
25331.25,25.33125,-92.4071385028131
25337.5,25.3375,-89.9556982820837
25343.75,25.34375,-88.1582461873238
25350,25.35,-86.7871670649149
25356.25,25.35625,-85.7246580579474
25362.5,25.3625,-84.9025881388471
25368.75,25.36875,-84.2788287210474
25375,25.375,-83.8264234689365
25381.25,25.38125,-83.5281246291463
25387.5,25.3875,-83.373482776682
25393.75,25.39375,-83.3573025598247
25400,25.4,-83.47893582271
25406.25,25.40625,-83.7421962430972
25412.5,25.4125,-84.1558705962083
25418.75,25.41875,-84.7349795381481
25425,25.425,-85.5032024546311
25431.25,25.43125,-86.4974002759525
25437.5,25.4375,-87.7763980167779
25443.75,25.44375,-89.4395485281237
25450,25.45,-91.6715394682026
25456.25,25.45625,-94.8756482442658
25462.5,25.4625,-100.2515251344
25468.75,25.46875,-118.100014649898
25475,25.475,-102.808465917946
25481.25,25.48125,-96.1390999593381
25487.5,25.4875,-92.5038155210079
25493.75,25.49375,-90.0535862744431
25500,25.5,-88.2568757823775
25506.25,25.50625,-86.8863108949483
25512.5,25.5125,-85.8241899017482
25518.75,25.51875,-85.0024318292837
25525,25.525,-84.3789360085293
25531.25,25.53125,-83.9267632453106
25537.5,25.5375,-83.6286772818305
25543.75,25.54375,-83.4742371464454
25550,25.55,-83.4582543886989
25556.25,25.55625,-83.5800872002843
25562.5,25.5625,-83.8435558897837
25568.75,25.56875,-84.257455066496
25575,25.575,-84.8368157152494
25581.25,25.58125,-85.6053322082659
25587.5,25.5875,-86.5998892392572
25593.75,25.59375,-87.8793531642069
25600,25.6,-89.5431571911432
25606.25,25.60625,-91.7761705867117
25612.5,25.6125,-94.9821897860619
25618.75,25.61875,-100.36319433616
25625,25.625,-118.28628424235
25631.25,25.63125,-102.894838209655
25637.5,25.6375,-96.2333934047958
25643.75,25.64375,-92.6005264443821
25650,25.65,-90.1514958414777
25656.25,25.65625,-88.3555196353213
25662.5,25.6625,-86.9854640384516
25668.75,25.66875,-85.9237274129609
25675,25.675,-85.1022783178427
25681.25,25.68125,-84.4790437149092
25687.5,25.6875,-84.0271013776174
25693.75,25.69375,-83.7292264286946
25700,25.7,-83.5749862664796
25706.25,25.70625,-83.5591992748964
25712.5,25.7125,-83.6812299329034
25718.75,25.71875,-83.9449051182108
25725,25.725,-84.3590272027065
25731.25,25.73125,-84.9386374072843
25737.5,25.7375,-85.7074449582339
25743.75,25.74375,-86.7023581057477
25750,25.75,-87.9822841929905
25756.25,25.75625,-89.6467361110447
25762.5,25.7625,-91.8807632586634
25768.75,25.76875,-95.0886771039923
25775,25.775,-100.474770776684
25781.25,25.78125,-118.472581080659
25787.5,25.7875,-102.981367014316
25793.75,25.79375,-96.3277499933685
25800,25.8,-92.6972749679975
25806.25,25.80625,-90.2494309256647
25812.5,25.8125,-88.4541818341089
25818.75,25.81875,-87.0846306812249
25825,25.825,-86.0232748493589
25831.25,25.83125,-85.2021319188674
25837.5,25.8375,-84.579156201395
25843.75,25.84375,-84.1274422676805
25850,25.85,-83.8297765081772
25856.25,25.85625,-83.6757346094718
25862.5,25.8625,-83.6601417242854
25868.75,25.86875,-83.7823685596983
25875,25.875,-84.0462485020316
25881.25,25.88125,-84.4605916156238
25887.5,25.8875,-85.0404492664986
25893.75,25.89375,-85.8095454050407
25900,25.9,-86.8048116348022
25906.25,25.90625,-88.0851959384701
25912.5,25.9125,-89.7502902284667
25918.75,25.91875,-91.9853225858056
25925,25.925,-95.1951155869866
25931.25,25.93125,-100.58626052392
25937.5,25.9375,-118.658917922961
25943.75,25.94375,-103.068053439211
25950,25.95,-96.4221728531667
25956.25,25.95625,-92.7940647398704
25962.5,25.9625,-90.3473954162234
25968.75,25.96875,-88.5528664098383
25975,25.975,-87.1838149498205
25981.25,25.98125,-86.1228364077216
25987.5,25.9875,-85.3019968843424
25993.75,25.99375,-84.6792777657257
26000,26,-84.2277902528803
26006.25,26.00625,-83.9303318934137
26012.5,26.0125,-83.7764865820014
26018.75,26.01875,-83.7610861758451
26025,26.025,-83.8835075521394
26031.25,26.03125,-84.1475905464375
26037.5,26.0375,-84.5621528467059
26043.75,26.04375,-85.1422558748639
26050,26.05,-85.9116381778133
26056.25,26.05625,-86.9072545130761
26062.5,26.0625,-88.1880931615503
26068.75,26.06875,-89.8538244072463
26075,26.075,-92.0898535895131
26081.25,26.08125,-95.3015105374004
26087.5,26.0875,-100.697669545548
26093.75,26.09375,-118.845307481377
26100,26.1,-103.15489861469
26106.25,26.10625,-96.5166650795554
26112.5,26.1125,-92.8908993619909
26118.75,26.11875,-90.4453931503542
26125,26.125,-88.6515773381249
26131.25,26.13125,-87.2830209129983
26137.5,26.1375,-86.2224162253573
26143.75,26.14375,-85.4018774054661
26150,26.15,-84.7794126437624
26156.25,26.15625,-84.3281496077955
26162.5,26.1625,-84.0308968938904
26168.75,26.16875,-83.8772465262197
26175,26.175,-83.8620370033758
26181.25,26.18125,-83.98465131576
26187.5,26.1875,-84.2489356899054
26193.75,26.19375,-84.6637153698667
26200,26.2,-85.2440617458722
26206.25,26.20625,-86.0137278361169
26212.5,26.2125,-87.0096913563531
26218.75,26.21875,-88.2909805505738
26225,26.225,-89.9573434363467
26231.25,26.23125,-92.1943612127909
26237.5,26.2375,-95.407867173144
26243.75,26.24375,-100.809003711257
26250,26.25,-119.031762425056
26256.25,26.25625,-103.241903693431
26262.5,26.2625,-96.6112297360844
26268.75,26.26875,-92.9877823916019
26275,26.275,-90.5434279146719
26281.25,26.28125,-88.7503185406135
26287.5,26.2875,-87.3822525832983
26293.75,26.29375,-86.3220183817082
26300,26.3,-85.5017776142912
26306.25,26.30625,-84.8795650111698
26312.5,26.3125,-84.428524545891
26318.75,26.31875,-84.1314757571736
26325,26.325,-83.9780187215951
26331.25,26.33125,-83.9629985172622
26337.5,26.3375,-84.0858041919535
26343.75,26.34375,-84.3502883060178
26350,26.35,-84.7652835933149
26356.25,26.35625,-85.3458713264176
26362.5,26.3625,-86.1158188718804
26368.75,26.36875,-87.1121267115166
26375,26.375,-88.3938627233741
26381.25,26.38125,-90.0608520319968
26387.5,26.3875,-92.298850322567
26393.75,26.39375,-95.5141906302052
26400,26.4,-100.920268795877
26406.25,26.40625,-119.218295390011
26412.5,26.4125,-103.329069848583
26418.75,26.41875,-96.7058698548316
26425,26.425,-93.08471734206
26431.25,26.43125,-90.6415034463033
26437.5,26.4375,-88.8490938862105
26443.75,26.44375,-87.4815139183593
26450,26.45,-86.4216468997361
26456.25,26.45625,-85.6017015851542
26462.5,26.4625,-84.9797389848799
26468.75,26.46875,-84.5289192210284
26475,26.475,-84.2320726704329
26481.25,26.48125,-84.0788073864703
26487.5,26.4875,-84.0639749660553
26493.75,26.49375,-84.1869704595669
26500,26.5,-84.4516527050768
26506.25,26.50625,-84.8668618611932
26512.5,26.5125,-85.4476889984477
26518.75,26.51875,-86.2179157110732
26525,26.525,-87.2145650582553
26531.25,26.53125,-88.4967442289959
26537.5,26.5375,-90.1643548394567
26543.75,26.54375,-92.4033257114743
26550,26.55,-95.6204859645243
26556.25,26.55625,-101.031470481325
26562.5,26.5625,-119.404918979986
26568.75,26.56875,-103.416398273387
26575,26.575,-96.8005884374368
26581.25,26.58125,-93.1817076841413
26587.5,26.5875,-90.7396234342992
26593.75,26.59375,-88.9479071925684
26600,26.6,-87.5808088224449
26606.25,26.60625,-86.5213057474841
26612.5,26.6125,-85.7016533362709
26618.75,26.61875,-85.0799386247075
26625,26.625,-84.6293377290909
26631.25,26.63125,-84.3326917620959
26637.5,26.6375,-84.1796166797306
26643.75,26.64375,-84.1649705381599
26650,26.65,-84.2881543366187
26656.25,26.65625,-84.5530331358468
26662.5,26.6625,-84.9684544553485
26668.75,26.66875,-85.5495190807727
26675,26.675,-86.3200227155421
26681.25,26.68125,-87.3170108109504
26687.5,26.6875,-88.5996295496558
26693.75,26.69375,-90.2678564350558
26700,26.7,-92.5077921000697
26706.25,26.70625,-95.7267581544623
26712.5,26.7125,-101.142614359723
26718.75,26.71875,-119.591645777426
26725,26.725,-103.503890179261
26731.25,26.73125,-96.8953884553187
26737.5,26.7375,-93.2787568467849
26743.75,26.74375,-90.8377915206257
26750,26.75,-89.0467622272105
26756.25,26.75625,-87.6801411476644
26762.5,26.7625,-86.6209988393592
26768.75,26.76875,-85.8016368310557
26775,26.775,-85.180167934713
26781.25,26.78125,-84.7297841093885
26787.5,26.7875,-84.4333371032747
26793.75,26.79375,-84.2804507022524
26800,26.8,-84.2659893633057
26806.25,26.80625,-84.3893599817816
26812.5,26.8125,-84.6544337870557
26818.75,26.81875,-85.0700655968474
26825,26.825,-85.6513658305934
26831.25,26.83125,-86.4221441845699
26837.5,26.8375,-87.4194683202465
26843.75,26.84375,-88.7025231023299
26850,26.85,-90.3713613278259
26856.25,26.85625,-92.6122541384819
26862.5,26.8625,-95.8330121024868
26868.75,26.86875,-101.253705935066
26875,26.875,-119.778488343722
26881.25,26.88125,-103.591546795713
26887.5,26.8875,-96.9902728507776
26893.75,26.89375,-93.3758682184146
26900,26.9,-90.936011301569
26906.25,26.90625,-89.1456627089803
26912.5,26.9125,-87.7795146954493
26918.75,26.91875,-86.7207300376296
26925,26.925,-85.901655979652
26931.25,26.93125,-85.2804308647506
26937.5,26.9375,-84.8302623462142
26943.75,26.94375,-84.5340127093432
26950,26.95,-84.3813134985045
26956.25,26.95625,-84.3670355141683
26962.5,26.9625,-84.4905914960277
26968.75,26.96875,-84.7558587890643
26975,26.975,-85.1716994476759
26981.25,26.98125,-85.7532334452356
26987.5,26.9875,-86.5242843566385
26993.75,26.99375,-87.521941874872
27000,27,-88.8054292406495
27006.25,27.00625,-90.4748739614796
27012.5,27.0125,-92.7167164085376
27018.75,27.01875,-95.9392526375693
27025,27.025,-101.364750626323
27031.25,27.03125,-119.965459230839
27037.5,27.0375,-103.679369368369
27043.75,27.04375,-97.085244537112
27050,27.05,-93.4730451475803
27056.25,27.05625,-91.0342863286111
27062.5,27.0625,-89.2446123090627
27068.75,27.06875,-87.8789332176646
27075,27.075,-86.8205031536096
27081.25,27.08125,-86.0017146401628
27087.5,27.0875,-85.3807313117325
27093.75,27.09375,-84.9307763701459
27100,27.1,-84.6347225412616
27106.25,27.10625,-84.4822090578916
27112.5,27.1125,-84.4681130077277
27118.75,27.11875,-84.5918529240073
27125,27.125,-84.8573122152565
27131.25,27.13125,-85.2733601121423
27137.5,27.1375,-85.8551260635696
27143.75,27.14375,-86.6264474108708
27150,27.15,-87.6244357030956
27156.25,27.15625,-88.908352256363
27162.5,27.1625,-90.5783987158888
27168.75,27.16875,-92.8211834252676
27175,27.175,-96.045484516728
27181.25,27.18125,-101.47575376887
27187.5,27.1875,-120.152570980953
27193.75,27.19375,-103.767359159116
27200,27.2,-97.1803063997283
27206.25,27.20625,-93.5702909442403
27212.5,27.2125,-91.1326201097907
27218.75,27.21875,-89.343614652379
27225,27.225,-87.9784004180388
27231.25,27.23125,-86.9203219491029
27237.5,27.2375,-86.1018166201023
27243.75,27.24375,-85.4810731211047
27250,27.25,-85.0313300595357
27256.25,27.25625,-84.7354705070836
27262.5,27.2625,-84.5831413162779
27268.75,27.26875,-84.5692258068132
27275,27.275,-84.6931482556095
27281.25,27.28125,-84.9587980836285
27287.5,27.2875,-85.3750516384912
27293.75,27.29375,-85.9570477676477
27300,27.3,-86.7286374687022
27306.25,27.30625,-87.7269539744369
27312.5,27.3125,-89.0112963811189
27318.75,27.31875,-90.681939908963
27325,27.325,-92.9256596389146
27331.25,27.33125,-96.1517124272622
27337.5,27.3375,-101.586720617392
27343.75,27.34375,-120.339836137946
27350,27.35,-103.855517444307
27356.25,27.35625,-97.2754612963401
27362.5,27.3625,-93.6676088804108
27368.75,27.36875,-91.2310161105729
27375,27.375,-89.4426733185832
27381.25,27.38125,-88.0779199532308
27387.5,27.3875,-87.020190137532
27393.75,27.39375,-86.2019656775841
27400,27.4,-85.5814600880615
27406.25,27.40625,-85.1319272417545
27412.5,27.4125,-84.8362604632243
27418.75,27.41875,-84.6841141572757
27425,27.425,-84.6703778214123
27431.25,27.43125,-84.7944814272875
27437.5,27.4375,-85.0603203581251
27443.75,27.44375,-85.4767780202611
27450,27.45,-86.0590025840843
27456.25,27.45625,-86.8308585952757
27462.5,27.4625,-87.829500801089
27468.75,27.46875,-89.1142657879042
27475,27.475,-90.7855017981148
27481.25,27.48125,-93.0301494364539
27487.5,27.4875,-96.2579409883383
27493.75,27.49375,-101.697656347526
27500,27.5,-120.52726724891
27506.25,27.50625,-103.943845514606
27512.5,27.5125,-97.3707120578093
27518.75,27.51875,-93.7650021912795
27525,27.525,-91.3294777550388
27531.25,27.53125,-89.5417918433024
27537.5,27.5375,-88.1774954341167
27543.75,27.54375,-87.1201113852459
27550,27.55,-86.3021655226413
27556.25,27.55625,-85.6818959588909
27562.5,27.5625,-85.2325716945475
27568.75,27.56875,-84.9370962158345
27575,27.575,-84.7851314136368
27581.25,27.58125,-84.7715729100744
27587.5,27.5875,-84.8958563234814
27593.75,27.59375,-85.161882950084
27600,27.6,-85.5785431977413
27606.25,27.60625,-86.1609944855352
27612.5,27.6125,-86.9331148009523
27618.75,27.61875,-87.93208023946
27625,27.625,-89.2172645926296
27631.25,27.63125,-90.8890885819086
27637.5,27.6375,-93.1346571433121
27643.75,27.64375,-96.3641747528874
27650,27.65,-101.808566058122
27656.25,27.65625,-120.714876872233
27662.5,27.6625,-104.032344673922
27668.75,27.66875,-97.4660614886339
27675,27.675,-93.8624740759886
27681.25,27.68125,-91.4280084268424
27687.5,27.6875,-89.6409737191913
27693.75,27.69375,-88.2771304268942
27700,27.7,-87.2200893126798
27706.25,27.70625,-86.4024198184174
27712.5,27.7125,-85.7823844321905
27718.75,27.71875,-85.3332671472828
27725,27.725,-85.0379815220642
27731.25,27.73125,-84.8861968685333
27737.5,27.7375,-84.8728148812082
27743.75,27.74375,-84.997276777935
27750,27.75,-85.2634897195668
27756.25,27.75625,-85.6803510593283
27762.5,27.7625,-86.263027392067
27768.75,27.76875,-87.0354100427015
27775,27.775,-88.0346962915916
27781.25,27.78125,-89.3202968555903
27787.5,27.7875,-90.9927044015602
27793.75,27.79375,-93.2391870249519
27800,27.8,-96.4704182092932
27806.25,27.80625,-101.919454773208
27812.5,27.8125,-120.902677582741
27818.75,27.81875,-104.121016238765
27825,27.825,-97.5615123675288
27831.25,27.83125,-93.9600276985402
27837.5,27.8375,-91.5266114702307
27843.75,27.84375,-89.7402223970184
27850,27.85,-88.3768284542271
27856.25,27.85625,-87.3201274955171
27862.5,27.8625,-86.5027321823639
27868.75,27.86875,-85.8829291600857
27875,27.875,-85.434017282184
27881.25,27.88125,-85.1389200913164
27887.5,27.8875,-84.9873142568261
27893.75,27.89375,-84.9741074943746
27900,27.9,-85.0987465749966
27906.25,27.90625,-85.3651444766797
27912.5,27.9125,-85.7822054428555
27918.75,27.91875,-86.3651051725153
27925,27.925,-87.1377482254808
27931.25,27.93125,-88.1373529065631
27937.5,27.9375,-89.4233665828959
27943.75,27.94375,-91.0963533424203
27950,27.95,-93.3437432884335
27956.25,27.95625,-96.5766757830748
27962.5,27.9625,-102.030327443902
27968.75,27.96875,-121.090681977801
27975,27.975,-104.209861537588
27981.25,27.98125,-97.6570674479993
27987.5,27.9875,-94.0576661886428
27993.75,27.99375,-91.6252901910301
28000,28,-89.839541286722
28006.25,28.00625,-88.4765929963367
28012.5,28.0125,-87.4202294658344
28018.75,28.01875,-86.6031061874054
28025,28.025,-85.9835337494187
28031.25,28.03125,-85.5348257355359
28037.5,28.0375,-85.2399155864692
28043.75,28.04375,-85.088487266309
28050,28.05,-85.0754544615319
28056.25,28.05625,-85.2002694508886
28062.5,28.0625,-85.4668509828547
28068.75,28.06875,-85.8841101368993
28075,28.075,-86.4672316458069
28081.25,28.08125,-87.2401332035809
28087.5,28.0875,-88.2400539818658
28093.75,28.09375,-89.5264777278877
28100,28.1,-91.2000394354419
28106.25,28.10625,-93.4483300839368
28112.5,28.1125,-96.6829518385432
28118.75,28.11875,-102.141188950378
28125,28.125,-121.278902683356
28131.25,28.13125,-104.298881910055
28137.5,28.1375,-97.7527294588858
28143.75,28.14375,-94.1553926425186
28150,28.15,-91.7240478575615
28156.25,28.15625,-89.9389337584077
28162.5,28.1625,-88.5764274920606
28168.75,28.16875,-87.5203987131788
28175,28.175,-86.70354536305
28181.25,28.18125,-86.0842017628787
28187.5,28.1875,-85.6356960988397
28193.75,28.19375,-85.3409716250482
28200,28.2,-85.1897195388888
28206.25,28.20625,-85.1768594482438
28212.5,28.2125,-85.3018490949239
28218.75,28.21875,-85.5686129520845
28225,28.225,-85.9860688820288
28231.25,28.23125,-86.569410582222
28237.5,28.2375,-87.3425687819111
28243.75,28.24375,-88.3428033647127
28250,28.25,-89.6296341924703
28256.25,28.25625,-91.3037666585464
28262.5,28.2625,-93.5529515061954
28268.75,28.26875,-96.789250680334
28275,28.275,-102.252044103573
28281.25,28.28125,-121.467352359406
28287.5,28.2875,-104.388078706581
28293.75,28.29375,-97.848501104931
28300,28.3,-94.2532101237441
28306.25,28.30625,-91.8228877016134
28312.5,28.3125,-90.0384031433748
28318.75,28.31875,-88.6763353399134
28325,28.325,-87.6206386856687
28331.25,28.33125,-86.8040531965067
28337.5,28.3375,-86.1849367201455
28343.75,28.34375,-85.7366319199699
28350,28.35,-85.4420917803978
28356.25,28.35625,-85.2910146717757
28362.5,28.3625,-85.2783260748777
28368.75,28.36875,-85.4034891507209
28375,28.375,-85.6704340521529
28381.25,28.38125,-86.0880853720465
28387.5,28.3875,-86.6716457046631
28393.75,28.39375,-87.4450587172812
28400,28.4,-88.4456048533463
28406.25,28.40625,-89.7328398284552
28412.5,28.4125,-91.4075389380184
28418.75,28.41875,-93.6576115959701
28425,28.425,-96.8955765549977
28431.25,28.43125,-102.362897647118
28437.5,28.4375,-121.656043707202
28443.75,28.44375,-104.477453287613
28450,28.45,-97.9443850672852
28456.25,28.45625,-94.3511216640186
28462.5,28.4625,-91.921812919302
28468.75,28.46875,-90.1379527350567
28475,28.475,-88.7763198990732
28481.25,28.48125,-87.7209527910143
28487.5,28.4875,-86.9046331337392
28493.75,28.49375,-86.2857420989586
28500,28.5,-85.8376367042583
28506.25,28.50625,-85.5432795827834
28512.5,28.5125,-85.3923762185992
28518.75,28.51875,-85.3798579177385
28525,28.525,-85.5051932173514
28531.25,28.53125,-85.7723179057922
28537.5,28.5375,-86.190163255167
28543.75,28.54375,-86.7739406898407
28550,28.55,-87.5476067196176
28556.25,28.55625,-88.5484621982717
28562.5,28.5625,-89.8360984388331
28568.75,28.56875,-91.5113601498137
28575,28.575,-93.7623143413977
28581.25,28.58125,-97.001933652456
28587.5,28.5875,-102.473754258891
28593.75,28.59375,-121.844989473768
28600,28.6,-104.567007023283
28606.25,28.60625,-98.0403840040921
28612.5,28.6125,-94.4491302639707
28618.75,28.61875,-92.0208266720135
28625,28.625,-90.2375857900085
28631.25,28.63125,-88.8763844904099
28637.5,28.6375,-87.8213443975671
28643.75,28.64375,-87.0052885805307
28650,28.65,-86.3866213362003
28656.25,28.65625,-85.9387139156047
28662.5,28.6625,-85.6445385205138
28668.75,28.66875,-85.4938076905478
28675,28.675,-85.4814585102115
28681.25,28.68125,-85.6069648504989
28687.5,28.6875,-85.8742680918626
28693.75,28.69375,-86.2923061352098
28700,28.7,-86.8762991694859
28706.25,28.70625,-87.6502164531869
28712.5,28.7125,-88.6513791035176
28718.75,28.71875,-89.9394137790529
28725,28.725,-91.6152341208868
28731.25,28.73125,-93.867063679401
28737.5,28.7375,-97.1083261075267
28743.75,28.74375,-102.584618552942
28750,28.75,-122.034202460059
28756.25,28.75625,-104.656741292647
28762.5,28.7625,-98.1365005509101
28768.75,28.76875,-94.5472388938585
28775,28.775,-92.1199320871901
28781.25,28.78125,-90.3373055287747
28787.5,28.7875,-88.9765323973978
28793.75,28.79375,-87.9218168352727
28800,28.8,-87.1060229034723
28806.25,28.80625,-86.4875778289084
28812.5,28.8125,-86.0398669774935
28818.75,28.81875,-85.7458720409756
28825,28.825,-85.5953125574115
28831.25,28.83125,-85.5831313438351
28837.5,28.8375,-85.7088075635397
28843.75,28.84375,-85.9762881464401
28850,28.85,-86.3945175727019
28856.25,28.85625,-86.9787247314731
28862.5,28.8625,-87.75289153774
28868.75,28.86875,-88.7543592277925
28875,28.875,-90.0427895582035
28881.25,28.88125,-91.7191646304081
28887.5,28.8875,-93.9718634969542
28893.75,28.89375,-97.2147580012795
28900,28.9,-102.695495080903
28906.25,28.90625,-122.223695526406
28912.5,28.9125,-104.746657483402
28918.75,28.91875,-98.2327373212976
28925,28.925,-94.6454504943447
28931.25,28.93125,-92.2191322592258
28937.5,28.9375,-90.4371151368273
28943.75,28.94375,-89.0767668670942
28950,28.95,-88.0223733966717
28956.25,28.95625,-87.2068394309705
28962.5,28.9625,-86.5886149352988
28968.75,28.96875,-86.14109927404
28975,28.975,-85.8472835516921
28981.25,28.98125,-85.6968942486566
28987.5,28.9875,-85.6848798693738
28993.75,28.99375,-85.8107248286301
29000,29,-86.0783815639216
29006.25,29.00625,-86.4968010859936
29012.5,29.0125,-87.0812209209453
29018.75,29.01875,-87.8556355496533
29025,29.025,-88.8574061856445
29031.25,29.03125,-90.1462294402224
29037.5,29.0375,-91.823155410998
29043.75,29.04375,-94.0767176323674
29050,29.05,-97.3212333624178
29056.25,29.05625,-102.806388333708
29062.5,29.0625,-122.413481598049
29068.75,29.06875,-104.836756991423
29075,29.075,-98.3290969073221
29081.25,29.08125,-94.7437679772424
29087.5,29.0875,-92.3184302502938
29093.75,29.09375,-90.5370177654552
29100,29.1,-89.177091111051
29106.25,29.10625,-88.1230173378371
29112.5,29.1125,-87.3077414542168
29118.75,29.11875,-86.6897359757508
29125,29.125,-86.2424141509889
29131.25,29.13125,-85.9487764213341
29137.5,29.1375,-85.7985561544482
29143.75,29.14375,-85.786707497861
29150,29.15,-85.9127200777649
29156.25,29.15625,-86.1805517980911
29162.5,29.1625,-86.5991601523423
29168.75,29.16875,-87.1837912414164
29175,29.175,-87.9584520230525
29181.25,29.18125,-88.9605235486121
29187.5,29.1875,-90.2497370450481
29193.75,29.19375,-91.9272101499431
29200,29.2,-94.181629876573
29206.25,29.20625,-97.4277561686542
29212.5,29.2125,-102.917302743087
29218.75,29.21875,-122.603573673106
29225,29.225,-104.927041220309
29231.25,29.23125,-98.4255818800283
29237.5,29.2375,-94.8421942261893
29243.75,29.24375,-92.4178290911158
29250,29.25,-90.6370165325962
29256.25,29.25625,-89.2775083062017
29262.5,29.2625,-88.2237518792947
29268.75,29.26875,-87.4087322281253
29275,29.275,-86.79094423377
29281.25,29.28125,-86.3438149166851
29287.5,29.2875,-86.0503539807088
29293.75,29.29375,-85.9003016266544
29300,29.3,-85.8886176016085
29306.25,29.30625,-86.0147967037961
29312.5,29.3125,-86.2828022631554
29318.75,29.31875,-86.7015982089602
29325,29.325,-87.2864391558334
29331.25,29.33125,-88.0613444508866
29337.5,29.3375,-89.0637148463225
29343.75,29.34375,-90.3533159497588
29350,29.35,-92.0313324903473
29356.25,29.35625,-94.2866039743222
29362.5,29.3625,-97.5343303480287
29368.75,29.36875,-103.028242683163
29375,29.375,-122.793984829019
29381.25,29.38125,-105.017511580899
29387.5,29.3875,-98.522194789886
29393.75,29.39375,-94.9407320973238
29400,29.4,-92.5173317817588
29406.25,29.40625,-90.7371145236714
29412.5,29.4125,-89.3780215957293
29418.75,29.41875,-88.3245802069141
29425,29.425,-87.5098149722469
29431.25,29.43125,-86.8922429569057
29437.5,29.4375,-86.4453048430207
29443.75,29.44375,-86.1520195237137
29450,29.45,-86.0021339798064
29456.25,29.45625,-85.9906135151847
29462.5,29.4625,-86.1169580614202
29468.75,29.46875,-86.3851363347432
29475,29.475,-86.8041186540249
29481.25,29.48125,-87.3891680875982
29487.5,29.4875,-88.1643162859711
29493.75,29.49375,-89.1669835675451
29500,29.5,-90.4569696896505
29506.25,29.50625,-92.1355260322508
29512.5,29.5125,-94.3916436253572
29518.75,29.51875,-97.64095978015
29525,29.525,-103.139212471866
29531.25,29.53125,-122.984728229039
29537.5,29.5375,-105.108169491036
29543.75,29.54375,-98.6189381673227
29550,29.55,-95.0393844200008
29556.25,29.55625,-92.6169412923996
29562.5,29.5625,-90.8373147924235
29568.75,29.56875,-89.4786340899279
29575,29.575,-88.42550547279
29581.25,29.58125,-87.610992871665
29587.5,29.5875,-86.9936353576749
29593.75,29.59375,-86.5468871663605
29600,29.6,-86.253776308276
29606.25,29.60625,-86.1040564920578
29612.5,29.6125,-86.09269853638
29618.75,29.61875,-86.2192074681586
29625,29.625,-86.4875573508931
29631.25,29.63125,-86.9067248476783
29637.5,29.6375,-87.4919814215846
29643.75,29.64375,-88.2673709420153
29650,29.65,-89.2703331612452
29656.25,29.65625,-90.5607017593096
29662.5,29.6625,-92.2397943337434
29668.75,29.66875,-94.4967524855755
29675,29.675,-97.7476482974314
29681.25,29.68125,-103.250216372313
29687.5,29.6875,-123.175817129131
29693.75,29.69375,-105.199016375159
29700,29.7,-98.715814523186
29706.25,29.70625,-95.1381539974372
29712.5,29.7125,-92.7166605640913
29718.75,29.71875,-90.9376203617099
29725,29.725,-89.5793488670351
29731.25,29.73125,-88.5265307961059
29737.5,29.7375,-87.7122690778793
29743.75,29.74375,-87.0951246144575
29750,29.75,-86.6485650884499
29756.25,29.75625,-86.3556275572778
29762.5,29.7625,-86.2060724061119
29768.75,29.76875,-86.1948759271484
29775,29.775,-86.321548205309
29781.25,29.78125,-86.5900686130146
29787.5,29.7875,-87.0094201130053
29793.75,29.79375,-87.5948825051256
29800,29.8,-88.370511794628
29806.25,29.80625,-89.3737670376005
29812.5,29.8125,-90.6645156136564
29818.75,29.81875,-92.344140912028
29825,29.825,-94.6019341681368
29831.25,29.83125,-97.8543996863106
29837.5,29.8375,-103.361258594258
29843.75,29.84375,-123.367264884599
29850,29.85,-105.290053664065
29856.25,29.85625,-98.8128263492223
29862.5,29.8625,-95.2370436073782
29868.75,29.86875,-92.8164925094902
29875,29.875,-91.038034224288
29881.25,29.88125,-89.6801689740498
29887.5,29.8875,-88.6276592639719
29893.75,29.89375,-87.8136467096681
29900,29.9,-87.1967138723703
29906.25,29.90625,-86.7503417773099
29912.5,29.9125,-86.4575764594535
29918.75,29.91875,-86.3081849301345
29925,29.925,-86.2971489145288
29931.25,29.93125,-86.4239835188753
29937.5,29.9375,-86.6926733868394
29943.75,29.94375,-87.1122077369889
29950,29.95,-87.6978746489839
29956.25,29.95625,-88.4737421823072
29962.5,29.9625,-89.4772885690172
29968.75,29.96875,-90.7684146689886
29975,29.975,-92.4485692445079
29981.25,29.98125,-94.7071922446107
29987.5,29.9875,-97.9612176884786
29993.75,29.99375,-103.472343295537
30000,30,-123.55908495934
30006.25,30.00625,-105.381282794338
30012.5,30.0125,-98.9099761184254
30018.75,30.01875,-95.3360560026705
30025,30.025,-92.9164400135232
30031.25,30.03125,-91.1385593435416
30037.5,30.0375,-89.7810974274939
30043.75,30.04375,-88.7288939322123
30050,30.05,-87.9151288538839
30056.25,30.05625,-87.298406244081
30062.5,30.0625,-86.8522203680601
30068.75,30.06875,-86.5596261702326
30075,30.075,-86.4103972386101
30081.25,30.08125,-86.3995206915094
30087.5,30.0875,-86.5265166204447
30093.75,30.09375,-86.7953749032958
30100,30.1,-87.2150909714026
30106.25,30.10625,-87.8009611282551
30112.5,30.1125,-88.577065407345
30118.75,30.11875,-89.5809010910482
30125,30.125,-90.872402303911
30131.25,30.13125,-92.5530827697363
30137.5,30.1375,-94.812530245956
30143.75,30.14375,-98.0681060019082
30150,30.15,-103.583474583172
30156.25,30.15625,-123.751290930306
30162.5,30.1625,-105.472705208462
30168.75,30.16875,-99.0072662856613
30175,30.175,-95.4351939119904
30181.25,30.18125,-93.0165059341806
30187.5,30.1875,-91.2391986542918
30193.75,30.19375,-89.8821372142435
30200,30.2,-88.8302378262104
30206.25,30.20625,-88.016718566322
30212.5,30.2125,-87.4002048106914
30218.75,30.21875,-86.9542039638108
30225,30.225,-86.6617798126375
30231.25,30.23125,-86.5127124732401
30237.5,30.2375,-86.501994417945
30243.75,30.24375,-86.6291506881113
30250,30.25,-86.8981763594492
30256.25,30.25625,-87.3180730337587
30262.5,30.2625,-87.9041451833332
30268.75,30.26875,-88.6804847368223
30275,30.275,-89.6846079034042
30281.25,30.28125,-90.9764818603793
30287.5,30.2875,-92.6576848885088
30293.75,30.29375,-94.9179516636761
30300,30.3,-98.1750682821422
30306.25,30.30625,-103.694656514959
30312.5,30.3125,-123.943896498491
30318.75,30.31875,-105.564322354099
30325,30.325,-99.1046992879041
30331.25,30.33125,-95.5344600403058
30337.5,30.3375,-93.1166931030857
30343.75,30.34375,-91.3399550634394
30350,30.35,-89.9832912922086
30356.25,30.35625,-88.9316939416207
30362.5,30.3625,-88.1184188724528
30368.75,30.36875,-87.5021126224795
30375,30.375,-87.0562956364202
30381.25,30.38125,-86.7640404780555
30387.5,30.3875,-86.6151337437383
30393.75,30.39375,-86.6045732213458
30400,30.4,-86.7318888672771
30406.25,30.40625,-87.0010809193169
30412.5,30.4125,-87.4211571081291
30418.75,30.41875,-88.0074300207336
30425,30.425,-88.78400340343
30431.25,30.43125,-89.7884122707931
30437.5,30.4375,-91.080656644549
30443.75,30.44375,-92.7623789647049
30450,30.45,-95.023459950677
30456.25,30.45625,-98.2821081431369
30462.5,30.4625,-103.805893100333
30468.75,30.46875,-124.136915492421
30475,30.475,-105.656135684381
30481.25,30.48125,-99.2022775449215
30487.5,30.4875,-95.6338570696706
30493.75,30.49375,-93.2170043263011
30500,30.5,-91.4408314507868
30506.25,30.50625,-90.0845625911755
30512.5,30.5125,-89.0332652452238
30518.75,30.51875,-88.2202327682756
30525,30.525,-87.6041326997694
30531.25,30.53125,-87.1584984273776
30537.5,30.5375,-86.8664112271242
30543.75,30.54375,-86.7176641287132
30550,30.55,-86.7072601977843
30556.25,30.55625,-86.8347342715687
30562.5,30.5625,-87.1040917147826
30568.75,30.56875,-87.5243463460805
30575,30.575,-88.1108188140493
30581.25,30.58125,-88.8876246064557
30587.5,30.5875,-89.8923174239233
30593.75,30.59375,-91.1849299278127
30600,30.6,-92.8671683263987
30606.25,30.60625,-95.1290585224651
30612.5,30.6125,-98.3892291586488
30618.75,30.61875,-103.917188302091
30625,30.625,-124.330361881765
30631.25,30.63125,-105.748146657011
30637.5,30.6375,-99.3000034593837
30643.75,30.64375,-95.7333876595672
30650,30.65,-93.317442384821
30656.25,30.65625,-91.541830669601
30662.5,30.6625,-90.1859540134102
30668.75,30.66875,-89.1349546755529
30675,30.675,-88.3221632209843
30681.25,30.68125,-87.7062680336127
30687.5,30.6875,-87.2608153484906
30693.75,30.69375,-86.968895090439
30700,30.7,-86.8203066763947
30706.25,30.70625,-86.8100584126219
30712.5,30.7125,-86.9376899835703
30718.75,30.71875,-87.2072118463511
30725,30.725,-87.6276438674275
30731.25,30.73125,-88.2143147047073
30737.5,30.7375,-88.9913515125351
30743.75,30.74375,-89.9963265602637
30750,30.75,-91.2893049475709
30756.25,30.75625,-92.9720562666173
30762.5,30.7625,-95.2347507578863
30768.75,30.76875,-98.4964348629451
30775,30.775,-104.028546037041
30781.25,30.78125,-124.524249779732
30787.5,30.7875,-105.840356734753
30793.75,30.79375,-99.3978794176138
30800,30.8,-95.8330544477144
30806.25,30.80625,-93.4180100353745
30812.5,30.8125,-91.6429555474222
30818.75,30.81875,-90.2874684344775
30825,30.825,-89.236765143731
30831.25,30.83125,-88.424213169801
30837.5,30.8375,-87.8085215866251
30843.75,30.84375,-87.3632493827365
30850,30.85,-87.0714950694077
30856.25,30.85625,-86.9230644054881
30862.5,30.8625,-86.9129709013762
30868.75,30.86875,-87.0407590557036
30875,30.875,-87.3104443840249
30881.25,30.88125,-87.7310527611309
30887.5,30.8875,-88.3179208028835
30893.75,30.89375,-89.0951872565921
30900,30.9,-90.1004428450121
30906.25,30.90625,-91.3937849082186
30912.5,30.9125,-93.0770460443801
30918.75,30.91875,-95.3405400002663
30925,30.925,-98.6037287520755
30931.25,30.93125,-104.139970177668
30937.5,30.9375,-124.718593456504
30943.75,30.94375,-105.932767384595
30950,30.95,-99.4959077897121
30956.25,30.95625,-95.9328600504331
30962.5,30.9625,-93.5187100109167
30968.75,30.96875,-91.7442088866252
30975,30.975,-90.3891087038419
30981.25,30.98125,-89.3386995340944
30987.5,30.9875,-88.5263855266241
30993.75,30.99375,-87.910896293658
31000,31,-87.4658034849428
31006.25,31.00625,-87.1742141369435
31012.5,31.0125,-87.0259403058835
31018.75,31.01875,-87.0160006704355
31025,31.025,-87.1439445109431
31031.25,31.03125,-87.4137923680433
31037.5,31.0375,-87.8345760860308
31043.75,31.04375,-88.4216401882432
31050,31.05,-89.1991349425841
31056.25,31.05625,-90.2046694118374
31062.5,31.0625,-91.4983729819117
31068.75,31.06875,-93.1821408854765
31075,31.075,-95.446429558177
31081.25,31.08125,-98.7111142846595
31087.5,31.0875,-104.251464552879
31093.75,31.09375,-124.913407344187
31100,31.1,-106.025380078078
31106.25,31.10625,-99.5940909301992
31112.5,31.1125,-96.0328070633452
31118.75,31.11875,-93.6195450213436
31125,31.125,-91.8455934651519
31131.25,31.13125,-90.4908776456137
31137.5,31.1375,-89.4407607049494
31143.75,31.14375,-88.6286831767947
31150,31.15,-88.0133950625682
31156.25,31.15625,-87.5684805825674
31162.5,31.1625,-87.2770552382478
31168.75,31.16875,-87.1289373394453
31175,31.175,-87.1191506978589
31181.25,31.18125,-87.2472493436338
31187.5,31.1875,-87.5172588096927
31193.75,31.19375,-87.938216871681
31200,31.2,-88.5254759107843
31206.25,31.20625,-89.3031976443621
31212.5,31.2125,-90.3090093637704
31218.75,31.21875,-91.6030723094747
31225,31.225,-93.2873439834062
31231.25,31.23125,-95.5524227064464
31237.5,31.2375,-98.8185948830222
31243.75,31.24375,-104.363032949383
31250,31.25,-125.108706048519
31256.25,31.25625,-106.118196290737
31262.5,31.2625,-99.6924311782325
31268.75,31.26875,-96.1328980618
31275,31.275,-93.7205177540255
31281.25,31.28125,-91.9471120370845
31287.5,31.2875,-90.5927780591528
31293.75,31.29375,-89.5429514892049
31300,31.3,-88.7311089797437
31306.25,31.30625,-88.1160207748815
31312.5,31.3125,-87.6712835763723
31318.75,31.31875,-87.3800212915039
31325,31.325,-87.2320584407102
31331.25,31.33125,-87.2224239340818
31337.5,31.3375,-87.350676520197
31343.75,31.34375,-87.6208466920308
31350,31.35,-88.0419781190746
31356.25,31.35625,-88.6294309915733
31362.5,31.3625,-89.4073784064146
31368.75,31.36875,-90.4134657739513
31375,31.375,-91.7078860011593
31381.25,31.38125,-93.3926585001558
31387.5,31.3875,-95.6585226869546
31393.75,31.39375,-98.9261739339757
31400,31.4,-104.474679112592
31406.25,31.40625,-125.304504356157
31412.5,31.4125,-106.211217502207
31418.75,31.41875,-99.7909308581319
31425,31.425,-96.233135601486
31431.25,31.43125,-93.8216308744322
31437.5,31.4375,-92.0487673333161
31443.75,31.44375,-90.6948127197643
31450,31.45,-89.6452746950676
31456.25,31.45625,-88.8336657697047
31462.5,31.4625,-88.2187762865129
31468.75,31.46875,-87.7742153411515
31475,31.475,-87.4831151886015
31481.25,31.48125,-87.3353065176268
31487.5,31.4875,-87.3258233026601
31493.75,31.49375,-87.454228979887
31500,31.5,-87.7245589706484
31506.25,31.50625,-88.1458628014145
31512.5,31.5125,-88.7335084235306
31518.75,31.51875,-89.5116802446618
31525,31.525,-90.5180416864427
31531.25,31.53125,-91.8128171374823
31537.5,31.5375,-93.4980875670683
31543.75,31.54375,-95.7647327095521
31550,31.55,-99.0338547898699
31556.25,31.55625,-104.586406747791
31562.5,31.5625,-125.500817246113
31568.75,31.56875,-106.304445195869
31575,31.575,-99.8895922796691
31581.25,31.58125,-96.3335222188773
31587.5,31.5875,-93.9228870266852
31593.75,31.59375,-92.1505620621245
31600,31.6,-90.7969843792896
31606.25,31.60625,-89.7477331066704
31612.5,31.6125,-88.9363563563507
31618.75,31.61875,-88.3216644284166
31625,31.625,-87.8772787263925
31631.25,31.63125,-87.5863397958171
31637.5,31.6375,-87.4386844522355
31643.75,31.64375,-87.4293517009637
31650,31.65,-87.5579096354881
31656.25,31.65625,-87.8283985743741
31662.5,31.6625,-88.2498738648246
31668.75,31.66875,-88.8377111721434
31675,31.675,-89.6161061471834
31681.25,31.68125,-90.6227401169646
31687.5,31.6875,-91.9178687699779
31693.75,31.69375,-93.6036342856054
31700,31.7,-95.8710559528501
31706.25,31.70625,-99.1416407694074
31712.5,31.7125,-104.698219521137
31718.75,31.71875,-125.697659897984
31725,31.725,-106.397880858864
31731.25,31.73125,-99.9884177385167
31737.5,31.7375,-96.4340604317909
31743.75,31.74375,-94.0242888341416
31750,31.75,-92.2524989097923
31756.25,31.75625,-90.8992957667523
31762.5,31.7625,-89.8503294847195
31768.75,31.76875,-89.0391835254526
31775,31.775,-88.4246880072523
31781.25,31.78125,-87.9804765569525
31787.5,31.7875,-87.6896979544883
31793.75,31.79375,-87.5421951013568
31800,31.8,-87.5330120008648
31806.25,31.80625,-87.6617213740174
31812.5,31.8125,-87.9323684059812
31818.75,31.81875,-88.3540142290717
31825,31.825,-88.9420421761969
31831.25,31.83125,-89.7206590749629
31837.5,31.8375,-90.7275640536566
31843.75,31.84375,-92.0230439219655
31850,31.85,-93.7093017281532
31856.25,31.85625,-95.9774955650448
31862.5,31.8625,-99.2495351585158
31868.75,31.86875,-104.810121060589
31875,31.875,-125.895047702718
31881.25,31.88125,-106.491525981963
31887.5,31.8875,-100.087409516609
31893.75,31.89375,-96.5347527398872
31900,31.9,-94.1258388999389
31906.25,31.90625,-92.3545805411885
31912.5,31.9125,-91.0017495889601
31918.75,31.91875,-89.9530665671182
31925,31.925,-89.1421500395177
31931.25,31.93125,-88.5278498060397
31937.5,31.9375,-88.0838116337155
31943.75,31.94375,-87.7931924816873
31950,31.95,-87.645841297268
31956.25,31.95625,-87.6368070494269
31962.5,31.9625,-87.7656670574095
31968.75,31.96875,-88.0364713428886
31975,31.975,-88.4582867882628
31981.25,31.98125,-89.0465043484911
31987.5,31.9875,-89.8253419625993
31993.75,31.99375,-90.8325164578005
32000,32,-92.1283455892996
32006.25,32.00625,-93.8150929387749
32012.5,32.0125,-96.0840546647361
32018.75,32.01875,-99.3575412112604
32025,32.025,-104.922114957011
32031.25,32.03125,-126.092996273774
32037.5,32.0375,-106.58538205934
32043.75,32.04375,-100.186569882504
32050,32.05,-96.6356016251134
32056.25,32.05625,-94.2275398075511
32062.5,32.0625,-92.4568096003408
32068.75,32.06875,-91.1043485310929
32075,32.075,-90.0559470695732
32081.25,32.08125,-89.2452586384079
32087.5,32.0875,-88.6311525847765
32093.75,32.09375,-88.187286734225
32100,32.1,-87.8968261708567
32106.25,32.10625,-87.7496258483485
32112.5,32.1125,-87.7407396695571
32118.75,32.11875,-87.8697495231841
32125,32.125,-88.1407102378249
32131.25,32.13125,-88.5626944115324
32137.5,32.1375,-89.1511005765207
32143.75,32.14375,-89.930157719021
32150,32.15,-90.9376002645429
32156.25,32.15625,-92.2337767411025
32162.5,32.1625,-93.9210109339924
32168.75,32.16875,-96.1907363417034
32175,32.175,-99.4656621506537
32181.25,32.18125,-105.034204765105
32187.5,32.1875,-126.29152145797
32193.75,32.19375,-106.679450588496
32200,32.2,-100.285901091722
32206.25,32.20625,-96.7366095522046
32212.5,32.2125,-94.3293941212614
32218.75,32.21875,-92.5591887109744
32225,32.225,-91.2070952572774
32231.25,32.23125,-90.1589736861671
32237.5,32.2375,-89.3485120399304
32243.75,32.24375,-88.7345990810453
32250,32.25,-88.2909046133021
32256.25,32.25625,-88.0006017924341
32262.5,32.2625,-87.8535515397108
32268.75,32.26875,-87.8448126606386
32275,32.275,-87.9739715850839
32281.25,32.28125,-88.24508791948
32287.5,32.2875,-88.6672399436877
32293.75,32.29375,-89.2558337231368
32300,32.3,-90.0351092281344
32306.25,32.30625,-91.0428183835571
32312.5,32.3125,-92.3393403204403
32318.75,32.31875,-94.0270587034479
32325,32.325,-96.2975436576298
32331.25,32.33125,-99.5739011694192
32337.5,32.3375,-105.146394004208
32343.75,32.34375,-126.490639345276
32350,32.35,-106.773733070359
32356.25,32.35625,-100.385405387179
32362.5,32.3625,-96.8377789691959
32368.75,32.36875,-94.4314043867824
32375,32.375,-92.6617204771144
32381.25,32.38125,-91.3099924111829
32387.5,32.3875,-90.2621490899937
32393.75,32.39375,-89.4519129404647
32400,32.4,-88.8381920106539
32406.25,32.40625,-88.3946680036787
32412.5,32.4125,-88.1045220944959
32418.75,32.41875,-87.95762113385
32425,32.425,-87.9490287991918
32431.25,32.43125,-88.078336033741
32437.5,32.4375,-88.3496071931762
32443.75,32.44375,-88.7719262058901
32450,32.45,-89.3607066272389
32456.25,32.45625,-90.1401993495385
32462.5,32.4625,-91.1481736997716
32468.75,32.46875,-92.4450392450698
32475,32.475,-94.1332392106979
32481.25,32.48125,-96.4044796469052
32487.5,32.4875,-99.6822614308768
32493.75,32.49375,-105.258686159461
32500,32.5,-126.690366283199
32506.25,32.50625,-106.868231008878
32512.5,32.5125,-100.485084999453
32518.75,32.51875,-96.9391123078081
32525,32.525,-94.5335731316735
32531.25,32.53125,-92.7644074835599
32537.5,32.5375,-91.4130426165441
32543.75,32.54375,-90.3654759336759
32550,32.55,-89.5554640155132
32556.25,32.55625,-88.9419340681846
32562.5,32.5625,-88.498579616572
32568.75,32.56875,-88.2085898033371
32575,32.575,-88.0618373712302
32581.25,32.58125,-88.0533908394647
32587.5,32.5875,-88.1828456372712
32593.75,32.59375,-88.4542708414695
32600,32.6,-88.8767559962685
32606.25,32.60625,-89.4657221043912
32612.5,32.6125,-90.245430919143
32618.75,32.61875,-91.2536690739995
32625,32.625,-92.55087640807
32631.25,32.63125,-94.2395553938526
32637.5,32.6375,-96.5115473173059
32643.75,32.64375,-99.7907460696531
32650,32.65,-105.371084682455
32656.25,32.65625,-126.89071888662
32662.5,32.6625,-106.962945911241
32668.75,32.66875,-100.584942147216
32675,32.675,-97.0406119839704
32681.25,32.68125,-94.6359028658999
32687.5,32.6875,-92.8672522964708
32693.75,32.69375,-91.5162484777386
32700,32.7,-90.4689568499655
32706.25,32.70625,-89.6591679202976
32712.5,32.7125,-89.0458279276069
32718.75,32.71875,-88.6026421422954
32725,32.725,-88.3128076240863
32731.25,32.73125,-88.1662029709082
32737.5,32.7375,-88.157901514063
32743.75,32.74375,-88.2875031419163
32750,32.75,-88.5590816247945
32756.25,32.75625,-88.9817320905671
32762.5,32.7625,-89.5708829474822
32768.75,32.76875,-90.3508067498413
32775,32.775,-91.3593073436153
32781.25,32.78125,-92.656854678554
32787.5,32.7875,-94.3460101663068
32793.75,32.79375,-96.6187496507536
32800,32.8,-99.8993581924932
32806.25,32.80625,-105.483592992285
32812.5,32.8125,-127.091714052576
32818.75,32.81875,-107.057879287595
32825,32.825,-100.684979037497
32831.25,32.83125,-97.1422803981988
32837.5,32.8375,-94.7383960822847
32843.75,32.84375,-92.9702574638338
32850,32.85,-91.6196125802958
32856.25,32.85625,-90.5725944522598
32862.5,32.8625,-89.7630272902938
32868.75,32.86875,-89.1498762428188
32875,32.875,-88.7068582508059
32881.25,32.88125,-88.417178241266
32887.5,32.8875,-88.2707206310967
32893.75,32.89375,-88.2625635345185
32900,32.9,-88.3923112726122
32906.25,32.90625,-88.6640422820455
32912.5,32.9125,-89.0868572427308
32918.75,32.91875,-89.6761919273067
32925,32.925,-90.4563296320997
32931.25,32.93125,-91.4650913231599
32937.5,32.9375,-92.7629769022653
32943.75,32.94375,-94.4526064173511
32950,32.95,-96.7260896039397
32956.25,32.95625,-100.008100878942
32962.5,32.9625,-105.596214476236
32968.75,32.96875,-127.293368970867
32975,32.975,-107.153032651202
32981.25,32.98125,-100.785197866135
32987.5,32.9875,-97.244119936128
32993.75,32.99375,-94.8410552570457
33000,33,-93.0734255160315
33006.25,33.00625,-91.7231374914608
33012.5,33.0125,-90.6763913351809
33018.75,33.01875,-89.8670447418151
33025,33.025,-89.2540816482295
33031.25,33.03125,-88.8112305923057
33037.5,33.0375,-88.5217043193935
33043.75,33.04375,-88.3753930297706
33050,33.05,-88.3673795919045
33056.25,33.05625,-88.4972727336133
33062.5,33.0625,-88.7691555312008
33068.75,33.06875,-89.1921341855427
33075,33.075,-89.7816517932288
33081.25,33.08125,-90.5620023346264
33087.5,33.0875,-91.5710238050193
33093.75,33.09375,-92.8692459022851
33100,33.1,-94.5593470129167
33106.25,33.10625,-96.8335701091189
33112.5,33.1125,-100.116977182192
33118.75,33.11875,-105.708952490889
33125,33.125,-127.495701141401
33131.25,33.13125,-107.248407518066
33137.5,33.1375,-100.885600817948
33143.75,33.14375,-97.3461329688187
33150,33.15,-94.9438828501831
33156.25,33.15625,-93.1767589662638
33162.5,33.1625,-91.8268257606508
33168.75,33.16875,-90.7803500750457
33175,33.175,-89.9712228724958
33181.25,33.18125,-89.3584467592737
33187.5,33.1875,-88.9157617977446
33193.75,33.19375,-88.626388503494
33200,33.2,-88.4802228251921
33206.25,33.20625,-88.4723523573607
33212.5,33.2125,-88.6023902090227
33218.75,33.21875,-88.8744240698624
33225,33.225,-89.2975656311633
33231.25,33.23125,-89.8872652737086
33237.5,33.2375,-90.6678276049127
33243.75,33.24375,-91.6771075599716
33250,33.25,-92.975664479581
33256.25,33.25625,-94.6662347961105
33262.5,33.2625,-96.941194074652
33268.75,33.26875,-100.225990129626
33275,33.275,-105.821810362569
33281.25,33.28125,-127.698728384401
33287.5,33.2875,-107.344005407316
33293.75,33.29375,-100.986190067237
33300,33.3,-97.4483218532996
33306.25,33.30625,-95.0468813060356
33312.5,33.3125,-93.2802603111112
33318.75,33.31875,-91.9306799200264
33325,33.325,-90.8844732304439
33331.25,33.33125,-90.0755642618775
33337.5,33.3375,-89.4629741729807
33343.75,33.34375,-89.0204544794104
33350,33.35,-88.7312334196957
33356.25,33.35625,-88.5852126565029
33362.5,33.3625,-88.5774844826967
33368.75,33.36875,-88.7076663633977
33375,33.375,-88.9798505758668
33381.25,33.38125,-89.4031542717494
33387.5,33.3875,-89.9930350769415
33393.75,33.39375,-90.7738081698689
33400,33.4,-91.7833453378406
33406.25,33.40625,-93.0822354136791
33412.5,33.4125,-94.7732725879263
33418.75,33.41875,-97.0489643857517
33425,33.425,-100.335142723674
33431.25,33.43125,-105.934791388498
33437.5,33.4375,-127.902468858866
33443.75,33.44375,-107.439827840795
33450,33.45,-101.086967778005
33456.25,33.45625,-97.5506889328965
33462.5,33.4625,-95.1500530536784
33468.75,33.46875,-93.3839320309693
33475,33.475,-92.0347024849385
33481.25,33.48125,-90.9887633427059
33487.5,33.4875,-90.1800714718839
33493.75,33.49375,-89.5676664684711
33500,33.5,-89.1253112314263
33506.25,33.50625,-88.8362416757349
33512.5,33.5125,-88.69036514424
33518.75,33.51875,-88.682778600909
33525,33.525,-88.8131038422802
33531.25,33.53125,-89.0854377078155
33537.5,33.5375,-89.5089027799933
33543.75,33.54375,-90.0989638913986
33550,33.55,-90.8799467363826
33556.25,33.55625,-91.8897398680555
33562.5,33.5625,-93.1889614632329
33568.75,33.56875,-94.8804631878255
33575,33.575,-97.1568839050942
33581.25,33.58125,-100.444437942409
33587.5,33.5875,-106.047898837337
33593.75,33.59375,-128.106941075768
33600,33.6,-107.53587634325
33606.25,33.60625,-101.187936104298
33612.5,33.6125,-97.6532365376878
33618.75,33.61875,-95.2534005073863
33625,33.625,-93.4877765905334
33631.25,33.63125,-92.1388959544365
33637.5,33.6375,-91.0932229364136
33643.75,33.64375,-90.2847470473427
33650,33.65,-89.6725262074807
33656.25,33.65625,-89.2303346302868
33662.5,33.6625,-88.9414158614918
33668.75,33.66875,-88.7956828908793
33675,33.675,-88.7882373267308
33681.25,33.68125,-88.9187052727442
33687.5,33.6875,-89.1911881056342
33693.75,33.69375,-89.6148138096852
33700,33.7,-90.2050543863974
33706.25,33.70625,-90.9862459918934
33712.5,33.7125,-91.9962938602362
33718.75,33.71875,-93.2958453666262
33725,33.725,-94.9878093743467
33731.25,33.73125,-97.2649554734429
33737.5,33.7375,-100.553878740269
33743.75,33.74375,-106.161135950128
33750,33.75,-128.312163915747
33756.25,33.75625,-107.632152442181
33762.5,33.7625,-101.289097190535
33768.75,33.76875,-97.7559669848675
33775,33.775,-95.356926067069
33781.25,33.78125,-93.5917964392501
33787.5,33.7875,-92.2432628117304
33793.75,33.79375,-91.1978545198775
33800,33.8,-90.3895935164754
33806.25,33.80625,-89.7775559348596
33812.5,33.8125,-89.335527235352
33818.75,33.81875,-89.0467585494991
33825,33.825,-88.9011684813405
33831.25,33.83125,-88.8938632571435
33837.5,33.8375,-89.0244732639118
33843.75,33.84375,-89.2971043910961
33850,33.85,-89.7208899962386
33856.25,33.85625,-90.3113092126265
33862.5,33.8625,-91.0927086049229
33868.75,33.86875,-92.1030100047333
33875,33.875,-93.4028898425107
33881.25,33.88125,-95.0953139056732
33887.5,33.8875,-97.3731819102285
33893.75,33.89375,-100.663468048609
33900,33.9,-106.274505940799
33906.25,33.90625,-128.518156643846
33912.5,33.9125,-107.728657668015
33918.75,33.91875,-101.390453171869
33925,33.925,-97.85888257922
33931.25,33.93125,-95.4606321187391
33937.5,33.9375,-93.6959940118147
33943.75,33.94375,-92.3478055246986
33950,33.95,-91.3026605856568
33956.25,33.95625,-90.4946133914124
33962.5,33.9625,-89.882758179094
33968.75,33.96875,-89.4408915893872
33975,33.975,-89.1522722954788
33981.25,33.98125,-89.0068244835362
33987.5,33.9875,-88.9996589719297
33993.75,33.99375,-89.1304104075191
34000,34,-89.4031891683826
34006.25,34.00625,-89.8271339572657
34012.5,34.0125,-90.4177310027412
34018.75,34.01875,-91.1993372256815
34025,34.025,-92.2098909732474
34031.25,34.03125,-93.510097590452
34037.5,34.0375,-95.2029795202873
34043.75,34.04375,-97.4815660142658
34050,34.05,-100.773208776556
34056.25,34.05625,-106.388011997336
34062.5,34.0625,-128.724938931833
34068.75,34.06875,-107.825393553712
34075,34.075,-101.49200617431
34081.25,34.08125,-97.961985613347
34087.5,34.0875,-95.5645210348418
34093.75,34.09375,-93.800371728524
34100,34.1,-92.4525265462693
34106.25,34.10625,-91.4076436109435
34112.5,34.1125,-90.5998091686079
34118.75,34.11875,-89.9881354527282
34125,34.125,-89.5464302189821
34131.25,34.13125,-89.2579596387713
34137.5,34.1375,-89.112653448808
34143.75,34.14375,-89.1056270341108
34150,34.15,-89.2365192783509
34156.25,34.15625,-89.5094450245313
34162.5,34.1625,-89.9335482930204
34168.75,34.16875,-90.5243223717947
34175,34.175,-91.3061344864989
34181.25,34.18125,-92.3169394192571
34187.5,34.1875,-93.6174712913564
34193.75,34.19375,-95.3108089374028
34200,34.2,-97.5901105641509
34206.25,34.20625,-100.88310381132
34212.5,34.2125,-106.501657281852
34218.75,34.21875,-128.932530869322
34225,34.225,-107.9223616354
34231.25,34.23125,-101.593758315369
34237.5,34.2375,-98.0652783682935
34243.75,34.24375,-95.6685951748278
34250,34.25,-93.9049319958488
34256.25,34.25625,-92.557428314987
34262.5,34.2625,-91.5128060581466
34268.75,34.26875,-90.7051833294061
34275,34.275,-90.0936902529327
34281.25,34.28125,-89.6521456351291
34287.5,34.2875,-89.3638231029172
34293.75,34.29375,-89.2186579125011
34300,34.3,-89.2117699905362
34306.25,34.30625,-89.3428024348352
34312.5,34.3125,-89.6158745300325
34318.75,34.31875,-90.0401355870105
34325,34.325,-90.6310859178728
34331.25,34.33125,-91.413103002475
34337.5,34.3375,-92.4241579786913
34343.75,34.34375,-93.7250136081632
34350,34.35,-95.4188048576947
34356.25,34.35625,-97.698818319075
34362.5,34.3625,-100.993156019174
34368.75,34.36875,-106.615444932044
34375,34.375,-129.140952991496
34381.25,34.38125,-108.019563451599
34387.5,34.3875,-101.695711703934
34393.75,34.39375,-98.1687631136411
34400,34.4,-95.7728568853803
34406.25,34.40625,-94.0096772067133
34412.5,34.4125,-92.6625132553307
34418.75,34.41875,-91.6181503752208
34425,34.425,-90.8107383403949
34431.25,34.43125,-90.1994250618735
34437.5,34.4375,-89.7580403335997
34443.75,34.44375,-89.4698651960429
34450,34.45,-89.3248403943691
34456.25,34.45625,-89.3180903722766
34462.5,34.4625,-89.4492624194462
34468.75,34.46875,-89.7224802392397
34475,34.475,-90.1468984063997
34481.25,34.48125,-90.7380242224906
34487.5,34.4875,-91.5202453718754
34493.75,34.49375,-92.5315492703225
34500,34.5,-93.8327271862328
34506.25,34.50625,-95.5269699636773
34512.5,34.5125,-97.8076920191723
34518.75,34.51875,-101.103368245734
34525,34.525,-106.729378061219
34531.25,34.53125,-129.350226292428
34537.5,34.5375,-108.1170005439
34543.75,34.54375,-101.797868440957
34550,34.55,-98.2724421081225
34556.25,34.55625,-95.8773085009785
34562.5,34.5625,-94.1146097410523
34568.75,34.56875,-92.7677837782506
34575,34.575,-91.7236789962072
34581.25,34.58125,-90.9164766539494
34587.5,34.5875,-90.3053423472531
34593.75,34.59375,-89.8641167954828
34600,34.6,-89.5760884113952
34606.25,34.60625,-89.4312033991035
34612.5,34.6125,-89.4245906951742
34618.75,34.61875,-89.5559017592514
34625,34.625,-89.8292646909172
34631.25,34.63125,-90.2538393025731
34637.5,34.6375,-90.8451398511654
34643.75,34.64375,-91.627564176715
34650,34.65,-92.6391158963634
34656.25,34.65625,-93.9406146539797
34662.5,34.6625,-95.6353069203563
34668.75,34.66875,-97.9167343862196
34675,34.675,-101.213743316782
34681.25,34.68125,-106.843459759408
34687.5,34.6875,-129.560372250435
34693.75,34.69375,-108.214674456572
34700,34.7,-101.900230619493
34706.25,34.70625,-98.3763175998443
34712.5,34.7125,-95.9819523441949
34718.75,34.71875,-94.2197319661398
34725,34.725,-92.8732422815411
34731.25,34.73125,-91.8293943416192
34737.5,34.7375,-91.0224007086237
34743.75,34.74375,-90.4114445627132
34750,34.75,-89.9703774876061
34756.25,34.75625,-89.6824952277703
34762.5,34.7625,-89.5377494167753
34768.75,34.76875,-89.5312734602751
34775,34.775,-89.6627229663584
34781.25,34.78125,-89.936230408692
34787.5,34.7875,-90.3609608115866
34793.75,34.79375,-90.9524353538757
34800,34.8,-91.7350619832265
34806.25,34.80625,-92.7468604429345
34812.5,34.8125,-94.0486786233221
34818.75,34.81875,-95.7438183757091
34825,34.825,-98.025948124141
34831.25,34.83125,-101.324284038738
34837.5,34.8375,-106.95769309386
34843.75,34.84375,-129.771412849009
34850,34.85,-108.31258673671
34856.25,34.85625,-102.002800325084
34862.5,34.8625,-98.4803918266769
34868.75,34.86875,-96.0867907261108
34875,34.875,-94.3250462370239
34881.25,34.88125,-92.9788911502683
34887.5,34.8875,-91.9352988188819
34893.75,34.89375,-91.1285129296018
34900,34.9,-90.5177341482907
34906.25,34.90625,-90.0768248629781
34912.5,34.9125,-89.7890881099726
34918.75,34.91875,-89.6444809232825
34925,34.925,-89.6381411542943
34931.25,34.93125,-89.7697285383721
34937.5,34.9375,-90.043379901516
34943.75,34.94375,-90.4682654546378
34950,34.95,-91.0599132655308
34956.25,34.95625,-91.8427413423198
34962.5,34.9625,-92.8547854805466
34968.75,34.96875,-94.1569216901863
34975,34.975,-95.8525069611785
34981.25,34.98125,-98.1353359194891
34987.5,34.9875,-101.434993199201
34993.75,34.99375,-107.072081109603
35000,35,-129.983370598737
35006.25,35.00625,-108.410738934354
35012.5,35.0125,-102.105579636089
35018.75,35.01875,-98.5846670166595
35025,35.025,-96.191825946748
35031.25,35.03125,-94.4305548969626
35037.5,35.0375,-93.0847327572272
35043.75,35.04375,-92.0413948227853
35050,35.05,-91.2348157291524
35056.25,35.05625,-90.6242135308727
35062.5,35.0625,-90.1834613612696
35068.75,35.06875,-89.8958695092796
35075,35.075,-89.7514003808393
35081.25,35.08125,-89.7451962500958
35087.5,35.0875,-89.8769209588873
35093.75,35.09375,-90.1507156641676
35100,35.1,-90.5757557385666
35106.25,35.10625,-91.1675761064814
35112.5,35.1125,-91.9506047901234
35118.75,35.11875,-92.9628935646336
35125,35.125,-94.2653464350528
35131.25,35.13125,-95.9613752922448
35137.5,35.1375,-98.2449004420858
35143.75,35.14375,-101.54587356765
35150,35.15,-107.186626830393
35156.25,35.15625,-130.196268565371
35162.5,35.1625,-108.509132602245
35168.75,35.16875,-102.208570623824
35175,35.175,-98.6891453882488
35181.25,35.18125,-96.2970602953501
35187.5,35.1875,-94.5362602777473
35193.75,35.19375,-93.1907694632781
35200,35.2,-92.1476847358458
35206.25,35.20625,-91.341311506999
35212.5,35.2125,-90.730885124585
35218.75,35.21875,-90.290289409193
35225,35.225,-90.0028418638403
35231.25,35.23125,-89.8585102383663
35237.5,35.2375,-89.8524412070952
35243.75,35.24375,-89.9843026978941
35250,35.25,-90.2582401776508
35256.25,35.25625,-90.683434156264
35262.5,35.2625,-91.2754263829332
35268.75,35.26875,-92.0586548483785
35275,35.275,-93.071187235964
35281.25,35.28125,-94.3739554233654
35287.5,35.2875,-96.0704259688462
35293.75,35.29375,-98.3546443454138
35300,35.3,-101.656927895816
35306.25,35.30625,-107.301333258933
35312.5,35.3125,-130.410130391086
35318.75,35.31875,-108.607769296214
35325,35.325,-102.311775353034
35331.25,35.33125,-98.7938291507706
35337.5,35.3375,-96.4024960508613
35343.75,35.34375,-94.6421647001656
35350,35.35,-93.2970036178114
35356.25,35.35625,-92.2541709287728
35362.5,35.3625,-91.4480026507941
35368.75,35.36875,-90.8377513312575
35375,35.375,-90.3973114209732
35381.25,35.38125,-90.1100075991499
35387.5,35.3875,-89.9658129319677
35393.75,35.39375,-89.9598784717394
35400,35.4,-90.0918762122567
35406.25,35.40625,-90.3659559096873
35412.5,35.4125,-90.7913031871679
35418.75,35.41875,-91.3834665874452
35425,35.425,-92.1668940249604
35431.25,35.43125,-93.1796690211658
35437.5,35.4375,-94.4827512060753
35443.75,35.44375,-96.1796615759324
35450,35.45,-98.4645702672219
35456.25,35.45625,-101.76815891837
35462.5,35.4625,-107.416203377846
35468.75,35.46875,-130.624980326017
35475,35.475,-108.706650574857
35481.25,35.48125,-102.415195881983
35487.5,35.4875,-98.898720504664
35493.75,35.49375,-96.5081354822038
35500,35.5,-94.7482704743314
35506.25,35.50625,-93.4034375590952
35512.5,35.5125,-92.3608557608222
35518.75,35.51875,-91.5548915364789
35525,35.525,-90.9448145408028
35531.25,35.53125,-90.5045297987353
35537.5,35.5375,-90.217369128432
35543.75,35.54375,-90.0733108853286
35550,35.55,-90.0675104779037
35556.25,35.55625,-90.1996439461207
35562.5,35.5625,-90.4738653151249
35568.75,35.56875,-90.8993652976698
35575,35.575,-91.4916991993415
35581.25,35.58125,-92.2753248142916
35587.5,35.5875,-93.2883414331388
35593.75,35.59375,-94.5917363200532
35600,35.6,-96.2890846838872
35606.25,35.60625,-98.5746808299413
35612.5,35.6125,-101.879569353344
35618.75,35.61875,-107.53124015001
35625,35.625,-130.840843252878
35631.25,35.63125,-108.80577799985
35637.5,35.6375,-102.518834262878
35643.75,35.64375,-99.0038216418888
35650,35.65,-96.6139808487077
35656.25,35.65625,-94.8545799000979
35662.5,35.6625,-93.5100736147059
35668.75,35.66875,-92.4677415802336
35675,35.675,-91.6619805287251
35681.25,35.68125,-91.052077131646
35687.5,35.6875,-90.6119469329417
35693.75,35.69375,-90.3249288530899
35700,35.7,-90.1810065101565
35706.25,35.70625,-90.1753396473417
35712.5,35.7125,-90.3076083313621
35718.75,35.71875,-90.5819708363871
35725,35.725,-91.0076229415782
35731.25,35.73125,-91.6001266851795
35737.5,35.7375,-92.3839496978073
35743.75,35.74375,-93.3972069715413
35750,35.75,-94.7009132885964
35756.25,35.75625,-96.3986978490527
35762.5,35.7625,-98.6849786412466
35768.75,35.76875,-101.991161902724
35775,35.775,-107.646446519338
35781.25,35.78125,-131.05774471894
35787.5,35.7875,-108.90515313584
35793.75,35.79375,-102.622692542037
35800,35.8,-99.1091347462112
35806.25,35.80625,-96.7200344004178
35812.5,35.8125,-94.9610952674109
35818.75,35.81875,-93.6169141018682
35825,35.825,-92.5748307245858
35831.25,35.83125,-91.769271981301
35837.5,35.8375,-91.1595414711137
35843.75,35.84375,-90.7195652027752
35850,35.85,-90.4326891630899
35856.25,35.85625,-90.2889022065775
35862.5,35.8625,-90.283368390084
35868.75,35.86875,-90.4157717879909
35875,35.875,-90.6902749038837
35881.25,35.88125,-91.1160785605263
35887.5,35.8875,-91.7087514991619
35893.75,35.89375,-92.4927711443855
35900,35.9,-93.5062681232101
35906.25,35.90625,-94.8102846218445
35912.5,35.9125,-96.5085036141483
35918.75,35.91875,-98.795466294478
35925,35.925,-102.102939252911
35931.25,35.93125,-107.761825411237
35937.5,35.9375,-131.275710967309
35943.75,35.94375,-109.004777550548
35950,35.95,-102.726772760225
35956.25,35.95625,-99.2146619935385
35962.5,35.9625,-96.826298378473
35968.75,35.96875,-95.0678188566728
35975,35.975,-93.723961327864
35981.25,35.98125,-92.6821255212071
35987.5,35.9875,-91.8767682374819
35993.75,35.99375,-91.2672099158379
36000,36,-90.8273869765547
36006.25,36.00625,-90.540652437378
36012.5,36.0125,-90.3970003635558
36018.75,36.01875,-90.3915991048571
36025,36.025,-90.5241367245755
36031.25,36.03125,-90.7987799364416
36037.5,36.0375,-91.2247345844051
36043.75,36.04375,-91.8175760835753
36050,36.05,-92.6017916107823
36056.25,36.05625,-93.6155273626164
36062.5,36.0625,-94.9198528172461
36068.75,36.06875,-96.6185045087569
36075,36.075,-98.9061463691544
36081.25,36.08125,-102.214904075264
36087.5,36.0875,-107.877379733287
36093.75,36.09375,-131.494768970029
36100,36.1,-109.104652814784
36106.25,36.10625,-102.831076952852
36112.5,36.1125,-99.3204055522405
36118.75,36.11875,-96.9327750154269
36125,36.125,-95.1747529391085
36131.25,36.13125,-93.8312175903827
36137.5,36.1375,-92.7896282875307
36143.75,36.14375,-91.9844716304169
36150,36.15,-91.3750848121337
36156.25,36.15625,-90.935414612115
36162.5,36.1625,-90.6488210442685
36168.75,36.16875,-90.5053033592801
36175,36.175,-90.5000341794793
36181.25,36.18125,-90.6327055386393
36187.5,36.1875,-90.9074883416944
36193.75,36.19375,-91.3335934317652
36200,36.2,-91.9266028691953
36206.25,36.20625,-92.7110135420403
36212.5,36.2125,-93.7249871522712
36218.75,36.21875,-95.029620359974
36225,36.225,-96.7287030497459
36231.25,36.23125,-99.0170214314038
36237.5,36.2375,-102.327059026536
36243.75,36.24375,-107.993112375664
36250,36.25,-131.714946462938
36256.25,36.25625,-109.204780502572
36262.5,36.2625,-102.935607150314
36268.75,36.26875,-99.426367583486
36275,36.275,-97.0394665356281
36281.25,36.28125,-95.2818997771303
36287.5,36.2875,-93.9386851779006
36293.75,36.29375,-92.8973413314911
36300,36.3,-92.0923844835225
36306.25,36.30625,-91.483168496392
36312.5,36.3125,-91.0436504572065
36318.75,36.31875,-90.7571973418441
36325,36.325,-90.6138135615724
36331.25,36.33125,-90.6086759912701
36337.5,36.3375,-90.7414806170712
36343.75,36.34375,-91.0164025165129
36350,36.35,-91.4426575102415
36356.25,36.35625,-92.0358342757138
36362.5,36.3625,-92.8204393719277
36368.75,36.36875,-93.8346499431776
36375,36.375,-95.1395897233876
36381.25,36.38125,-96.8391017417315
36387.5,36.3875,-99.1280940344507
36393.75,36.39375,-102.439406749433
36400,36.4,-108.109026211815
36406.25,36.40625,-131.936271983308
36412.5,36.4125,-109.305162191108
36418.75,36.41875,-103.040365378186
36425,36.425,-99.5325502414977
36431.25,36.43125,-97.1463751555125
36437.5,36.4375,-95.3892616246708
36443.75,36.44375,-94.046366370028
36450,36.45,-93.0052669518694
36456.25,36.45625,-92.2005091108428
36462.5,36.4625,-91.5914632954509
36468.75,36.46875,-91.152096849866
36475,36.475,-90.8657836783293
36481.25,36.48125,-90.7225333282648
36487.5,36.4875,-90.7175269074283
36493.75,36.49375,-90.8504643365152
36500,36.5,-91.1255248473777
36506.25,36.50625,-91.5519292169392
36512.5,36.5125,-92.1452727121336
36518.75,36.51875,-92.93007152333
36525,36.525,-93.9445181752161
36531.25,36.53125,-95.2497633694253
36537.5,36.5375,-96.9497030775024
36543.75,36.54375,-99.2393667190434
36550,36.55,-102.551949873022
36556.25,36.55625,-108.22512409893
36562.5,36.5625,-132.158774908482
36568.75,36.56875,-109.405799460844
36575,36.575,-103.145353657507
36581.25,36.58125,-99.6389556739229
36587.5,36.5875,-97.2535030839564
36593.75,36.59375,-95.4968407275329
36600,36.6,-94.1542634378678
36606.25,36.60625,-93.1134074386632
36612.5,36.6125,-92.3088478174195
36618.75,36.61875,-91.6999715269645
36625,36.625,-91.2607561187898
36631.25,36.63125,-90.9745823924729
36637.5,36.6375,-90.8314650075805
36643.75,36.64375,-90.8265892854186
36650,36.65,-90.9596590637517
36656.25,36.65625,-91.2348577107856
36662.5,36.6625,-91.6614109388297
36668.75,36.66875,-92.2549205771625
36675,36.675,-93.039912408658
36681.25,36.68125,-94.0545942775705
36687.5,36.6875,-95.360143749023
36693.75,36.69375,-97.060509538429
36700,36.7,-99.3508420138935
36706.25,36.70625,-102.664691013231
36712.5,36.7125,-108.341408878489
36718.75,36.71875,-132.382485496412
36725,36.725,-109.506693895649
36731.25,36.73125,-103.25057400506
36737.5,36.7375,-99.745586022116
36743.75,36.74375,-97.3608525226156
36750,36.75,-95.6046393237469
36756.25,36.75625,-94.2623786443799
36762.5,36.7625,-93.2217650734491
36768.75,36.76875,-92.417402899664
36775,36.775,-91.8086954997805
36781.25,36.78125,-91.3696305837204
36787.5,36.7875,-91.0835958139295
36793.75,36.79375,-90.9406109385244
36800,36.8,-90.9358654733656
36806.25,36.80625,-91.0690671560991
36812.5,36.8125,-91.3444034736351
36818.75,36.81875,-91.771105053156
36825,36.825,-92.3647802596281
36831.25,36.83125,-93.1499644302568
36837.5,36.8375,-94.1648806691371
36843.75,36.84375,-95.4707333025569
36850,36.85,-97.1715235949276
36856.25,36.85625,-99.4625224361372
36862.5,36.8625,-102.777632773341
36868.75,36.86875,-108.457883376853
36875,36.875,-132.607434932096
36881.25,36.88125,-109.607847082673
36887.5,36.8875,-103.35602843355
36893.75,36.89375,-99.852443421405
36900,36.9,-97.4684256661996
36906.25,36.90625,-95.7126596438672
36912.5,36.9125,-94.3707142446859
36918.75,36.91875,-93.3303421297123
36925,36.925,-92.526176645687
36931.25,36.93125,-91.9176375142783
36937.5,36.9375,-91.4787225557788
36943.75,36.94375,-91.1928262636039
36950,36.95,-91.0499734512266
36956.25,36.95625,-91.0453578103984
36962.5,36.9625,-91.1786909617589
36968.75,36.96875,-91.4541644935852
36975,36.975,-91.8810139277853
36981.25,36.98125,-92.4748541388272
36987.5,36.9875,-93.2602299807655
36993.75,36.99375,-94.275379758888
37000,37,-95.5815344601894
37006.25,37.00625,-97.2827477068053
37012.5,37.0125,-99.574410491703
37018.75,37.01875,-102.890777744327
37025,37.025,-108.574550405571
37031.25,37.03125,-132.833655369073
37037.5,37.0375,-109.709260612745
37043.75,37.04375,-103.461718951964
37050,37.05,-99.9595300014697
37056.25,37.05625,-97.576224702883
37062.5,37.0625,-95.820903911367
37068.75,37.06875,-94.479272486477
37075,37.075,-93.4391408732378
37081.25,37.08125,-92.6351713356954
37087.5,37.0875,-92.0267998627614
37093.75,37.09375,-91.5880343378735
37100,37.1,-91.3022760540547
37106.25,37.10625,-91.1595548673502
37112.5,37.1125,-91.1550686270625
37118.75,37.11875,-91.2885328202346
37125,37.125,-91.5641431194784
37131.25,37.13125,-91.9911399216344
37137.5,37.1375,-92.5851445849624
37143.75,37.14375,-93.3707114435597
37150,37.15,-94.3860939463257
37156.25,37.15625,-95.6925496423432
37162.5,37.1625,-97.3941843237569
37168.75,37.16875,-99.6865086758436
37175,37.175,-103.004128505486
37181.25,37.18125,-108.691412762252
37187.5,37.1875,-133.061179986042
37193.75,37.19375,-109.810936079939
37200,37.2,-103.567647565651
37206.25,37.20625,-100.066847886505
37212.5,37.2125,-97.6842518144807
37218.75,37.21875,-95.9293743428745
37225,37.225,-94.5880556102562
37231.25,37.23125,-93.5481635623775
37237.5,37.2375,-92.7443892422709
37243.75,37.24375,-92.1361848297519
37250,37.25,-91.6975682249848
37256.25,37.25625,-91.4119474897906
37262.5,37.2625,-91.2693575003908
37268.75,37.26875,-91.265000245622
37275,37.275,-91.3985950626297
37281.25,37.28125,-91.6743416916349
37287.5,37.2875,-92.101485384971
37293.75,37.29375,-92.6956539594422
37300,37.3,-93.4814111930486
37306.25,37.30625,-94.4970256217745
37312.5,37.3125,-95.8037812599927
37318.75,37.31875,-97.5058358856492
37325,37.325,-99.7988194733892
37331.25,37.33125,-103.117687624652
37337.5,37.3375,-108.808473230559
37343.75,37.34375,-133.290043029082
37350,37.35,-109.912875082281
37356.25,37.35625,-103.673816276825
37362.5,37.3625,-100.174399195687
37368.75,37.36875,-97.7925091769293
37375,37.375,-96.038073148615
37381.25,37.38125,-94.6970658497776
37387.5,37.3875,-93.6574124484859
37393.75,37.39375,-92.8538326307974
37400,37.4,-92.2457946924106
37406.25,37.40625,-91.8073265045982
37412.5,37.4125,-91.5218428676975
37418.75,37.41875,-91.3793836561082
37425,37.425,-91.3751549804931
37431.25,37.43125,-91.5088800120943
37437.5,37.4375,-91.7847625423054
37443.75,37.44375,-92.2120526598698
37450,37.45,-92.8063846153452
37456.25,37.45625,-93.5923315951499
37462.5,37.4625,-94.6081771668728
37468.75,37.46875,-95.9152317151766
37475,37.475,-97.6177048230551
37481.25,37.48125,-99.9113453593466
37487.5,37.4875,-103.231457658884
37493.75,37.49375,-108.925734581295
37500,37.5,-133.520279877371
37506.25,37.50625,-110.015079221145
37512.5,37.5125,-103.780227084477
37518.75,37.51875,-100.282186043255
37525,37.525,-97.9009989604062
37531.25,37.53125,-96.14700253259
37537.5,37.5375,-94.8063054322579
37543.75,37.54375,-93.7668897761438
37550,37.55,-92.9635037597037
37556.25,37.55625,-92.3556317207904
37562.5,37.5625,-91.9173114569578
37568.75,37.56875,-91.6319644773043
37575,37.575,-91.4896356327888
37581.25,37.58125,-91.4855351385117
37587.5,37.5875,-91.6193899840832
37593.75,37.59375,-91.8954079959359
37600,37.6,-92.3228440804762
37606.25,37.60625,-92.9173388976764
37612.5,37.6125,-93.7034750075484
37618.75,37.61875,-94.719550954821
37625,37.625,-96.0269034012239
37631.25,37.63125,-97.7297935574822
37637.5,37.6375,-100.024088799087
37643.75,37.64375,-103.345441154586
37650,37.65,-109.043199572206
37656.25,37.65625,-133.75192709041
37662.5,37.6625,-110.117550102046
37668.75,37.66875,-103.886881984997
37675,37.675,-100.390210539026
37681.25,37.68125,-98.0097233298416
37687.5,37.6875,-96.2561646930493
37693.75,37.69375,-94.9157765788288
37700,37.7,-93.8765977836047
37706.25,37.70625,-93.0734048809039
37712.5,37.7125,-92.4656981782753
37718.75,37.71875,-92.0275253555058
37725,37.725,-91.7423146012169
37731.25,37.73125,-91.6001157216906
37737.5,37.7375,-91.5961430193805
37743.75,37.74375,-91.7301272868157
37750,37.75,-92.0062803696231
37756.25,37.75625,-92.4338619734703
37762.5,37.7625,-93.0285191438508
37768.75,37.76875,-93.8148437801837
37775,37.775,-94.8311493508915
37781.25,37.78125,-96.1387987033073
37787.5,37.7875,-97.8421045019474
37793.75,37.79375,-100.137052248977
37800,37.8,-103.459640648296
37806.25,37.80625,-109.160870949243
37812.5,37.8125,-133.985022483781
37818.75,37.81875,-110.220289333937
37825,37.825,-103.993782971991
37831.25,37.83125,-100.498474788414
37837.5,37.8375,-98.1186844449917
37843.75,37.84375,-96.3655618226289
37850,37.85,-95.0254815047066
37856.25,37.85625,-93.9865387029876
37862.5,37.8625,-93.1835382400058
37868.75,37.86875,-92.575996321801
37875,37.875,-92.1379704671097
37881.25,37.88125,-91.8528955153579
37887.5,37.8875,-91.7108262072823
37893.75,37.89375,-91.7069809159051
37900,37.9,-91.8410942215108
37906.25,37.90625,-92.1173819733573
37912.5,37.9125,-92.5451086583062
37918.75,37.91875,-93.1399276839216
37925,37.925,-93.9264402554804
37931.25,37.93125,-94.9429747126511
37937.5,37.9375,-96.2509199986338
37943.75,37.94375,-97.9546400611435
37950,37.95,-100.250238156545
37956.25,37.95625,-103.574058666712
37962.5,37.9625,-109.278751446227
37968.75,37.96875,-134.219605181211
37975,37.975,-110.323298530083
37981.25,37.98125,-104.100932036937
37987.5,37.9875,-100.606980892973
37993.75,37.99375,-98.2278844609517
38000,38,-96.4751961088249
38006.25,38.00625,-95.1354224196592
38012.5,38.0125,-94.0967147607299
38018.75,38.01875,-93.2939060767481
38025,38.025,-92.6865284022856
38031.25,38.03125,-92.2486490524992
38037.5,38.0375,-91.9637094893941
38043.75,38.04375,-91.8217693676679
38050,38.05,-91.8180511144329
38056.25,38.05625,-91.9522930828255
38062.5,38.0625,-92.228715110462
38068.75,38.06875,-92.656586447663
38075,38.075,-93.2515668410432
38081.25,38.08125,-94.0382667688116
38087.5,38.0875,-95.0550293904383
38093.75,38.09375,-96.3632696569573
38100,38.1,-98.0674026320027
38106.25,38.10625,-100.36364896105
38112.5,38.1125,-103.688697727423
38118.75,38.11875,-109.39684378594
38125,38.125,-134.455715697244
38131.25,38.13125,-110.426579307496
38137.5,38.1375,-104.208331169082
38143.75,38.14375,-100.715730950445
38150,38.15,-98.3373255282748
38156.25,38.15625,-96.5850697341662
38162.5,38.1625,-95.2456015281896
38168.75,38.16875,-94.2071281777954
38175,38.175,-93.4045106252402
38181.25,38.18125,-92.7972966648811
38187.5,38.1875,-92.3595633665088
38193.75,38.19375,-92.0747587869925
38200,38.2,-91.9329474748563
38206.25,38.20625,-91.9293558951107
38212.5,38.2125,-92.0637261591206
38218.75,38.21875,-92.3402820778633
38225,38.225,-92.7682976477068
38231.25,38.23125,-93.3634389317295
38237.5,38.2375,-94.1503256487744
38243.75,38.24375,-95.1673157276278
38250,38.25,-96.4758500408315
38256.25,38.25625,-98.1803946039221
38262.5,38.2625,-100.477287093716
38268.75,38.26875,-103.803560339089
38275,38.275,-109.515150680169
38281.25,38.28125,-134.693396003593
38287.5,38.2875,-110.530133287503
38293.75,38.29375,-104.315982355915
38300,38.3,-100.824727055208
38306.25,38.30625,-98.4470097933926
38312.5,38.3125,-96.695184876618
38318.75,38.31875,-95.3560210299424
38325,38.325,-94.3177811700683
38331.25,38.33125,-93.5153541143357
38337.5,38.3375,-92.9083033493418
38343.75,38.34375,-92.4707156584661
38350,38.35,-92.1860456662055
38356.25,38.35625,-92.0443627951391
38362.5,38.3625,-92.0408975322782
38368.75,38.36875,-92.1753957328552
38375,38.375,-92.4520851664811
38381.25,38.38125,-92.8802445584954
38387.5,38.3875,-93.4755462662709
38393.75,38.39375,-94.2626192175925
38400,38.4,-95.2798360610561
38406.25,38.40625,-96.5886635060562
38412.5,38.4125,-98.2936183592407
38418.75,38.41875,-100.591154978245
38425,38.425,-103.918649002002
38431.25,38.43125,-109.633674830474
38437.5,38.4375,-134.93268961619
38443.75,38.44375,-110.63396209541
38450,38.45,-104.42388758321
38456.25,38.45625,-100.933971298403
38462.5,38.4625,-98.5569393987961
38468.75,38.46875,-96.8055437097802
38475,38.475,-95.4666831199221
38481.25,38.48125,-94.4286759485946
38487.5,38.4875,-93.626438767892
38493.75,38.49375,-93.0195506902964
38500,38.5,-92.5821081724556
38506.25,38.50625,-92.2975723797411
38512.5,38.5125,-92.1560175893674
38518.75,38.51875,-92.1526782947399
38525,38.525,-92.287304080855
38531.25,38.53125,-92.5641266615118
38537.5,38.5375,-92.9924294742526
38543.75,38.54375,-93.5878911490028
38550,38.55,-94.3751497914007
38556.25,38.55625,-95.392592721301
38562.5,38.5625,-96.7017124019395
38568.75,38.56875,-98.4070762734899
38575,38.575,-100.705255031051
38581.25,38.58125,-104.033966208325
38587.5,38.5875,-109.752418928312
38593.75,38.59375,-135.17364167504
38600,38.6,-110.738067360999
38606.25,38.60625,-104.532048835432
38612.5,38.6125,-101.043465768322
38618.75,38.61875,-98.6671164834021
38625,38.625,-96.9161484032752
38631.25,38.63125,-95.5775899888697
38637.5,38.6375,-94.5398147199448
38643.75,38.64375,-93.7377668051326
38650,38.65,-93.1310409176091
38656.25,38.65625,-92.6937431476805
38662.5,38.6625,-92.4093411753225
38668.75,38.66875,-92.2679141133146
38675,38.675,-92.264700446129
38681.25,38.68125,-92.3994534746883
38687.5,38.6875,-92.6764088427939
38693.75,38.69375,-93.1048546837464
38700,38.7,-93.7004758786883
38706.25,38.70625,-94.4879196806272
38712.5,38.7125,-95.5055880330613
38718.75,38.71875,-96.8149990717073
38725,38.725,-98.5207707158288
38731.25,38.73125,-100.819589661713
38737.5,38.7375,-104.149514442571
38743.75,38.74375,-109.87138565569
38750,38.75,-135.416299038663
38756.25,38.75625,-110.84245071839
38762.5,38.7625,-104.640468095858
38768.75,38.76875,-101.15321255061
38775,38.775,-98.7775431828082
38781.25,38.78125,-97.0270011229912
38787.5,38.7875,-95.6887438235244
38793.75,38.79375,-94.6511996864982
38800,38.8,-93.8493404409336
38806.25,38.80625,-93.2427762566665
38812.5,38.8125,-92.8056228187593
38818.75,38.81875,-92.5213542959938
38825,38.825,-92.3800546179837
38831.25,38.83125,-92.3769662452249
38837.5,38.8375,-92.5118461809761
38843.75,38.84375,-92.7889339851326
38850,38.85,-93.2175224706091
38856.25,38.85625,-93.8133027488486
38862.5,38.8625,-94.6009311903276
38868.75,38.86875,-95.6188243155142
38875,38.875,-96.9285258528531
38881.25,38.88125,-98.6347040493993
38887.5,38.8875,-100.934161273373
38893.75,38.89375,-104.26529618206
38900,38.9,-109.990577685708
38906.25,38.90625,-135.660710385051
38912.5,38.9125,-110.947113805986
38918.75,38.91875,-104.749147346732
38925,38.925,-101.263213728468
38931.25,38.93125,-98.8882216295045
38937.5,38.9375,-97.1381040313252
38943.75,38.94375,-95.8001468068846
38950,38.95,-94.7628330466933
38956.25,38.95625,-93.9611618860835
38962.5,38.9625,-93.3547589286492
38968.75,38.96875,-92.917749416001
38975,38.975,-92.6336139803897
38981.25,38.98125,-92.4924413498791
38987.5,38.9875,-92.4894779462164
38993.75,38.99375,-92.6244844616665
39000,39,-92.9017043585635
39006.25,39.00625,-93.3304351136079
39012.5,39.0125,-93.9263740480218
39018.75,39.01875,-94.7141866204443
39025,39.025,-95.7323038825571
39031.25,39.03125,-97.0422950773771
39037.5,39.0375,-98.7488786315453
39043.75,39.04375,-101.048972262902
39050,39.05,-104.381313897002
39056.25,39.05625,-110.109997682414
39062.5,39.0625,-135.906926305596
39068.75,39.06875,-111.052058267193
39075,39.075,-104.858088569798
39081.25,39.08125,-101.373471383115
39087.5,39.0875,-98.9991539533197
39093.75,39.09375,-97.2494592876112
39100,39.1,-95.9118011186032
39106.25,39.10625,-94.8747169954396
39112.5,39.1125,-94.0732333476875
39118.75,39.11875,-93.4669911509292
39125,39.125,-93.0301251657974
39131.25,39.13125,-92.7461224631367
39137.5,39.1375,-92.6050765514099
39143.75,39.14375,-92.6022377991143
39150,39.15,-92.7373705744448
39156.25,39.15625,-93.0147222287733
39162.5,39.1625,-93.4435948870673
39168.75,39.16875,-94.0396920602074
39175,39.175,-94.8276882662615
39181.25,39.18125,-95.8460290432826
39187.5,39.1875,-97.1563090722931
39193.75,39.19375,-98.8632968143742
39200,39.2,-101.164025021549
39206.25,39.20625,-104.497570051306
39212.5,39.2125,-110.229648302092
39218.75,39.21875,-136.15499943312
39225,39.225,-111.157285749543
39231.25,39.23125,-104.96729374607
39237.5,39.2375,-101.483987593756
39243.75,39.24375,-99.1103422814588
39250,39.25,-97.3610690482123
39256.25,39.25625,-96.023708935129
39262.5,39.2625,-94.9868537242631
39268.75,39.26875,-94.1855570293339
39275,39.275,-93.579475137246
39281.25,39.28125,-93.1427522908106
39287.5,39.2875,-92.8588819750388
39293.75,39.29375,-92.7179624610765
39300,39.3,-92.7152480499445
39306.25,39.30625,-92.8505067729253
39312.5,39.3125,-93.1279898572951
39318.75,39.31875,-93.557004061062
39325,39.325,-94.1532590650448
39331.25,39.33125,-94.9414384185714
39337.5,39.3375,-95.9600021021371
39343.75,39.34375,-97.2705701597613
39350,39.35,-98.9779609448396
39356.25,39.35625,-101.279321934962
39362.5,39.3625,-104.614067102487
39368.75,39.36875,-110.349532192762
39375,39.375,-136.404984545617
39381.25,39.38125,-111.262797905888
39387.5,39.3875,-105.076764856535
39393.75,39.39375,-101.594764438145
39400,39.4,-99.2217887390229
39406.25,39.40625,-97.4729354669939
39412.5,39.4125,-96.1358724301595
39418.75,39.41875,-95.0992454217471
39425,39.425,-94.2981351315205
39431.25,39.43125,-93.6922130981298
39437.5,39.4375,-93.2556330103898
39443.75,39.44375,-92.9718947435019
39450,39.45,-92.831101313899
39456.25,39.45625,-92.8285109411661
39462.5,39.4625,-92.9638953070791
39468.75,39.46875,-93.2415095019343
39475,39.475,-93.6706649018525
39481.25,39.48125,-94.2670773382614
39487.5,39.4875,-95.0554393641501
39493.75,39.49375,-96.0742253594104
39500,39.5,-97.3850806576037
39506.25,39.50625,-99.092873365327
39512.5,39.5125,-101.394865383839
39518.75,39.51875,-104.73080750245
39525,39.525,-110.469651995432
39531.25,39.53125,-136.656938710604
39537.5,39.5375,-111.3685963935
39543.75,39.54375,-105.186503881936
39550,39.55,-101.705803992556
39556.25,39.55625,-99.3334954490491
39562.5,39.5625,-97.5850606954224
39568.75,39.56875,-96.2482937747624
39575,39.575,-95.2118942736824
39581.25,39.58125,-94.410969851822
39587.5,39.5875,-93.8052072410813
39593.75,39.59375,-93.3687695407642
39600,39.6,-93.0851629927222
39606.25,39.60625,-92.9444953416104
39612.5,39.6125,-92.9420287118749
39618.75,39.61875,-93.0775384234361
39625,39.625,-93.3552834169727
39631.25,39.63125,-93.7845796720894
39637.5,39.6375,-94.3811491518713
39643.75,39.64375,-95.169693385937
39650,39.65,-96.1887011114092
39656.25,39.65625,-97.4998428794696
39662.5,39.6625,-99.20803641377
39668.75,39.66875,-101.510657744022
39675,39.675,-104.8477936975
39681.25,39.68125,-110.59001034379
39687.5,39.6875,-136.910921411426
39693.75,39.69375,-111.474682874958
39700,39.7,-105.296512803347
39706.25,39.70625,-101.817108332269
39712.5,39.7125,-99.4454645329583
39718.75,39.71875,-97.6974468829838
39725,39.725,-96.3609751377848
39731.25,39.73125,-95.3248024634616
39737.5,39.7375,-94.5240633852791
39743.75,39.74375,-93.9184597709526
39750,39.75,-93.4821640954158
39756.25,39.75625,-93.1986889440655
39762.5,39.7625,-93.0581467730314
39768.75,39.76875,-93.05580359818
39775,39.775,-93.191438365462
39781.25,39.78125,-93.4693138535501
39787.5,39.7875,-93.8987506311919
39793.75,39.79375,-94.4954767745676
39800,39.8,-95.284202763437
39806.25,39.80625,-96.3034316508706
39812.5,39.8125,-97.6148591352662
39818.75,39.81875,-99.3234524241163
39825,39.825,-101.626701386985
39831.25,39.83125,-104.965028128918
39837.5,39.8375,-110.710609865066
39843.75,39.84375,-137.166994705218
39850,39.85,-111.581059017784
39856.25,39.85625,-105.406793602174
39862.5,39.8625,-101.928679531663
39868.75,39.86875,-99.5576981107191
39875,39.875,-97.8100961773708
39881.25,39.88125,-96.4739186860596
39887.5,39.8875,-95.4379721722977
39893.75,39.89375,-94.6374179246254
39900,39.9,-94.0319728901891
39906.25,39.90625,-93.5958188853272
39912.5,39.9125,-93.3124748163175
39918.75,39.91875,-93.1720578343257
39925,39.925,-93.1698378334618
39931.25,39.93125,-93.3055973738195
39937.5,39.9375,-93.5836030599248
39943.75,39.94375,-94.0131800356179
39950,39.95,-94.6100624719844
39956.25,39.95625,-95.3989697729914
39962.5,39.9625,-96.418419267233
39968.75,39.96875,-97.730131731419
39975,39.975,-99.4391237265893
39981.25,39.98125,-101.742998680113
39987.5,39.9875,-105.082513233225
39993.75,39.99375,-110.831453180235
40000,40,-137.425223379733
40006.25,40.00625,-111.68772649475
40012.5,40.0125,-105.517348260477
40018.75,40.01875,-102.040519664552
40025,40.025,-99.670198301147
40031.25,40.03125,-97.9230107247967
40037.5,40.0375,-96.5871265847073
40043.75,40.04375,-95.5514055795371
40050,40.05,-94.7510356605956
40056.25,40.05625,-94.1457487991271
40062.5,40.0625,-93.7097361192884
40068.75,40.06875,-93.4265228259906
40075,40.075,-93.2862307493147
40081.25,40.08125,-93.2841336486797
40087.5,40.0875,-93.4200176866807
40093.75,40.09375,-93.6981532817935
40100,40.1,-94.1278701391793
40106.25,40.10625,-94.7249085070247
40112.5,40.1125,-95.513996688098
40118.75,40.11875,-96.5336662469612
40125,40.125,-97.8456629712204
40131.25,40.13125,-99.5550526480378
40137.5,40.1375,-101.859551987043
40143.75,40.14375,-105.20025144256
40150,40.15,-110.952542904492
40156.25,40.15625,-137.68567512921
40162.5,40.1625,-111.794686983897
40168.75,40.16875,-105.62817876112
40175,40.175,-102.152630804362
40181.25,40.18125,-99.7829672221283
40187.5,40.1875,-98.0361926702306
40193.75,40.19375,-96.7006009973974
40200,40.2,-95.6651048629071
40206.25,40.20625,-94.8649187821915
40212.5,40.2125,-94.259789696272
40218.75,40.21875,-93.8239180041681
40225,40.225,-93.5408351875978
40231.25,40.23125,-93.4006677397427
40237.5,40.2375,-93.3986932726521
40243.75,40.24375,-93.5347015400048
40250,40.25,-93.8129667625634
40256.25,40.25625,-94.2428231933245
40262.5,40.2625,-94.8400171401295
40268.75,40.26875,-95.6292857796952
40275,40.275,-96.6491748738304
40281.25,40.28125,-97.9614551550944
40287.5,40.2875,-99.6712415122116
40293.75,40.29375,-101.97636366796
40300,40.3,-105.318245184979
40306.25,40.30625,-111.073881647457
40312.5,40.3125,-137.94842073794
40318.75,40.31875,-111.901942168794
40325,40.325,-105.739287088099
40331.25,40.33125,-102.265015024483
40337.5,40.3375,-99.8960069909532
40343.75,40.34375,-98.14964415771
40350,40.35,-96.8143440866534
40356.25,40.35625,-95.7790721988393
40362.5,40.3625,-94.9790694769909
40368.75,40.36875,-94.3740977786063
40375,40.375,-93.9383667452285
40381.25,40.38125,-93.6554141139672
40387.5,40.3875,-93.5153710256022
40393.75,40.39375,-93.5135189323768
40400,40.4,-93.6496511678625
40406.25,40.40625,-93.9280457436836
40412.5,40.4125,-94.3580414474635
40418.75,40.41875,-94.9553906296258
40425,40.425,-95.7448393165033
40431.25,40.43125,-96.7649474292751
40437.5,40.4375,-98.0775105809774
40443.75,40.44375,-99.7876926401577
40450,40.45,-102.093436080003
40456.25,40.45625,-105.436496884892
40462.5,40.4625,-111.195472013919
40468.75,40.46875,-138.213534290374
40475,40.475,-112.009493738353
40481.25,40.48125,-105.850675226582
40487.5,40.4875,-102.377674398354
40493.75,40.49375,-100.009319724471
40500,40.5,-98.2633673305398
40506.25,40.50625,-96.9283580140585
40512.5,40.5125,-95.8933097626755
40518.75,40.51875,-95.0934899313747
40525,40.525,-94.4886752418189
40531.25,40.53125,-94.0530845463545
40537.5,40.5375,-93.7702618164852
40543.75,40.54375,-93.6303428253705
40550,40.55,-93.6286128532682
40556.25,40.55625,-93.7648688026757
40562.5,40.5625,-94.0433924648851
40568.75,40.56875,-94.473527149214
40575,40.575,-95.0710312319586
40581.25,40.58125,-95.8606595652593
40587.5,40.5875,-96.8809861926294
40593.75,40.59375,-98.1938315445277
40600,40.6,-99.904408350413
40606.25,40.60625,-102.210771577457
40612.5,40.6125,-105.555008963234
40618.75,40.61875,-111.317316603734
40625,40.625,-138.481093380735
40631.25,40.63125,-112.117343387395
40637.5,40.6375,-105.962345163349
40643.75,40.64375,-102.490610999907
40650,40.65,-100.122907539459
40656.25,40.65625,-98.3773643316363
40662.5,40.6625,-97.0426449406089
40668.75,40.66875,-96.0078197290204
40675,40.675,-95.2081823308619
40681.25,40.68125,-94.6035242806451
40687.5,40.6875,-94.1680736103983
40693.75,40.69375,-93.8853805054231
40700,40.7,-93.7455853563488
40706.25,40.70625,-93.7439772595032
40712.5,40.7125,-93.8803566755622
40718.75,40.71875,-94.1590091645291
40725,40.725,-94.5892825447544
40731.25,40.73125,-95.1869412020516
40737.5,40.7375,-95.9767487910895
40743.75,40.74375,-96.9972934414908
40750,40.75,-98.3104203395345
40756.25,40.75625,-100.021390959436
40762.5,40.7625,-102.32837251221
40768.75,40.76875,-105.673783837993
40775,40.775,-111.439418012665
40781.25,40.78125,-138.751179360031
40787.5,40.7875,-112.225492816301
40793.75,40.79375,-106.074298886774
40800,40.8,-102.603826903599
40806.25,40.80625,-100.236772552767
40812.5,40.8125,-98.4916373037062
40818.75,40.81875,-97.1572070268949
40825,40.825,-96.1226042719367
40831.25,40.83125,-95.3231488603259
40837.5,40.8375,-94.7186470890832
40843.75,40.84375,-94.2833361393969
40850,40.85,-94.0007723901731
40856.25,40.85625,-93.8611008348933
40862.5,40.8625,-93.8596143742468
40868.75,40.86875,-93.9961170165678
40875,40.875,-94.2748980798366
40881.25,40.88125,-94.7053098790492
40887.5,40.8875,-95.3031227935401
40893.75,40.89375,-96.0931092577315
40900,40.9,-97.1138714519576
40906.25,40.90625,-98.4272792581263
40912.5,40.9125,-100.138642781816
40918.75,40.91875,-102.446241233961
40925,40.925,-105.792823924375
40931.25,40.93125,-111.561778832362
40937.5,40.9375,-139.023877587031
40943.75,40.94375,-112.333943731503
40950,40.95,-106.186538387246
40956.25,40.95625,-102.717324184838
40962.5,40.9625,-100.350916881665
40968.75,40.96875,-98.6061883895818
40975,40.975,-97.272046433442
40981.25,40.98125,-96.237665565275
40987.5,40.9875,-95.4383917043157
40993.75,40.99375,-94.8340458607159
41000,41,-94.3988743348981
41006.25,41.00625,-94.1164396795685
41012.5,41.0125,-93.9768914767358
41018.75,41.01875,-93.9755264199824
41025,41.025,-94.1121520549962
41031.25,41.03125,-94.3910614472249
41037.5,41.0375,-94.8216113961923
41043.75,41.04375,-95.4195782591062
41050,41.05,-96.2097432278864
41056.25,41.05625,-97.2307224989839
41062.5,41.0625,-98.5444105911499
41068.75,41.06875,-100.25616613066
41075,41.075,-102.564380090617
41081.25,41.08125,-105.9121316353
41087.5,41.0875,-111.684401651108
41093.75,41.09375,-139.299277715205
41100,41.1,-112.442697845277
41106.25,41.10625,-106.299065657192
41112.5,41.1125,-102.831104920051
41118.75,41.11875,-100.465342643999
41125,41.125,-98.7210197324017
41131.25,41.13125,-97.3871653208922
41137.5,41.1375,-96.3530057828777
41143.75,41.14375,-95.5539130472702
41150,41.15,-94.9497227889358
41156.25,41.15625,-94.5146903981813
41162.5,41.1625,-94.2323845821098
41168.75,41.16875,-94.0929594972144
41175,41.175,-94.0917156187398
41181.25,41.18125,-94.2284640196333
41187.5,41.1875,-94.507501502534
41193.75,41.19375,-94.9381893396317
41200,41.2,-95.5363098507127
41206.25,41.20625,-96.3266529634427
41212.5,41.2125,-97.3478488565936
41218.75,41.21875,-98.6618166283702
41225,41.225,-100.373963317788
41231.25,41.23125,-102.68279142848
41237.5,41.2375,-106.031709381487
41243.75,41.24375,-111.807289053691
41250,41.25,-139.577473988702
41256.25,41.25625,-112.551756876276
41262.5,41.2625,-106.411882691547
41268.75,41.26875,-102.945171187115
41275,41.275,-100.580051958564
41281.25,41.28125,-98.8361334759706
41287.5,41.2875,-97.5025658503718
41293.75,41.29375,-96.4686270989259
41300,41.3,-95.6697150738642
41306.25,41.30625,-95.0656800672784
41312.5,41.3125,-94.6307865306008
41318.75,41.31875,-94.348609306305
41325,41.325,-94.2093071116173
41331.25,41.33125,-94.2081841924413
41337.5,41.3375,-94.3450551391049
41343.75,41.34375,-94.6242204813806
41350,41.35,-95.0550459525299
41356.25,41.35625,-95.6533198199672
41362.5,41.3625,-96.4438407258502
41368.75,41.36875,-97.4652527982755
41375,41.375,-98.7794996588916
41381.25,41.38125,-100.492036654182
41387.5,41.3875,-102.801477592748
41393.75,41.39375,-106.151559572101
41400,41.4,-111.93044362243
41406.25,41.40625,-139.858565588404
41412.5,41.4125,-112.661122549101
41418.75,41.41875,-106.524991487605
41425,41.425,-103.059525065376
41431.25,41.43125,-100.695046945195
41437.5,41.4375,-98.9515317648779
41443.75,41.44375,-97.6182501836238
41450,41.45,-96.584531688102
41456.25,41.45625,-95.7857999691715
41462.5,41.4625,-95.1819198896079
41468.75,41.46875,-94.7471649337671
41475,41.475,-94.4651160608613
41481.25,41.48125,-94.3259365353729
41487.5,41.4875,-94.3249343630936
41493.75,41.49375,-94.4619276420627
41500,41.5,-94.7412206193507
41506.25,41.50625,-95.1721834779532
41512.5,41.5125,-95.7706104183062
41518.75,41.51875,-96.5613087763062
41525,41.525,-97.5829365971541
41531.25,41.53125,-98.897461971312
41537.5,41.5375,-100.610388450121
41543.75,41.54375,-102.920440927609
41550,41.55,-106.271684614733
41556.25,41.55625,-112.053867936825
41562.5,41.5625,-140.142656980441
41568.75,41.56875,-112.770796595044
41575,41.575,-106.638394045611
41581.25,41.58125,-103.174168636086
41587.5,41.5875,-100.810329725175
41593.75,41.59375,-99.0672167448914
41600,41.6,-97.7342204833854
41606.25,41.60625,-96.7007217259494
41612.5,41.6125,-95.9021699190311
41618.75,41.61875,-95.2984444504638
41625,41.625,-94.8638278098998
41631.25,41.63125,-94.5819070550299
41637.5,41.6375,-94.4428499843968
41643.75,41.64375,-94.4419683531354
41650,41.65,-94.5790837575396
41656.25,41.65625,-94.8585041523526
41662.5,41.6625,-95.2896041592327
41668.75,41.66875,-95.888183897364
41675,41.675,-96.6790593761186
41681.25,41.68125,-97.7009025263776
41687.5,41.6875,-99.015705854128
41693.75,41.69375,-100.729021015603
41700,41.7,-103.039683776702
41706.25,41.70625,-106.392086915987
41712.5,41.7125,-112.177564574441
41718.75,41.71875,-140.429858324987
41725,41.725,-112.880780751693
41731.25,41.73125,-106.752092368688
41737.5,41.7375,-103.289103982496
41743.75,41.74375,-100.92590242136
41750,41.75,-99.1831905631067
41756.25,41.75625,-97.850478913562
41762.5,41.7625,-96.8171993890624
41768.75,41.76875,-96.0188271102403
41775,41.775,-95.4152559452719
41781.25,41.78125,-94.9807773620406
41787.5,41.7875,-94.698984498826
41793.75,41.79375,-94.560049675316
41800,41.8,-94.559288385664
41806.25,41.80625,-94.6965257151705
41812.5,41.8125,-94.9760733168481
41818.75,41.81875,-95.4073102401893
41825,41.825,-96.0060425091984
41831.25,41.83125,-96.7970947869455
41837.5,41.8375,-97.8191528593385
41843.75,41.84375,-99.1342335959507
41850,41.85,-100.847936660567
41856.25,41.85625,-103.159208483334
41862.5,41.8625,-106.512768881631
41868.75,41.86875,-112.301536111007
41875,41.875,-140.720285904752
41881.25,41.88125,-112.991076763406
41887.5,41.8875,-106.866088463211
41893.75,41.89375,-103.40433319016
41900,41.9,-101.041767158489
41906.25,41.90625,-99.299455368249
41912.5,41.9125,-97.9670276395266
41918.75,41.91875,-96.9339668553761
41925,41.925,-96.1357737308438
41931.25,41.93125,-95.5323565706353
41937.5,41.9375,-95.0980157943393
41943.75,41.94375,-94.8163506033179
41950,41.95,-94.6775378257544
41956.25,41.95625,-94.6768966847266
41962.5,41.9625,-94.8142557454902
41968.75,41.96875,-95.0939303501365
41975,41.975,-95.5253039654295
41981.25,41.98125,-96.1241885065852
41987.5,41.9875,-96.9154172710889
41993.75,41.99375,-97.9376898699744
42000,42,-99.2530474858134
42006.25,42.00625,-100.967137695203
42012.5,42.0125,-103.279017390809
42018.75,42.01875,-106.633732916997
42025,42.025,-112.425785120803
42031.25,42.03125,-141.01406260379
42037.5,42.0375,-113.101686381247
42043.75,42.04375,-106.980384338944
42050,42.05,-103.519858347161
42056.25,42.05625,-101.157926063408
42062.5,42.0625,-99.4160133109228
42068.75,42.06875,-98.0838688283609
42075,42.075,-97.0510263044299
42081.25,42.08125,-96.2530119703998
42087.5,42.0875,-95.6497485245856
42093.75,42.09375,-95.215545312317
42100,42.1,-94.9340075808882
42106.25,42.10625,-94.7953166546013
42112.5,42.1125,-94.7947954755819
42118.75,42.11875,-94.9322760801942
42125,42.125,-95.2120774906348
42131.25,42.13125,-95.6435875806131
42137.5,42.1375,-96.2426241432958
42143.75,42.14375,-97.0340290917642
42150,42.15,-98.0565158330575
42156.25,42.15625,-99.3721498134726
42162.5,42.1625,-101.086626430246
42168.75,42.16875,-103.399112842707
42175,42.175,-106.754981427216
42181.25,42.18125,-112.550314177001
42187.5,42.1875,-141.311318429386
42193.75,42.19375,-113.212611363304
42200,42.2,-107.09498200934
42206.25,42.20625,-103.635681544354
42212.5,42.2125,-101.274381265334
42218.75,42.21875,-99.5328665438551
42225,42.225,-98.2010046491239
42231.25,42.23125,-97.1683799176222
42237.5,42.2375,-96.3705440202432
42243.75,42.24375,-95.7674340068703
42250,42.25,-95.3333681231465
42256.25,42.25625,-95.0519576455178
42262.5,42.2625,-94.9133883822941
42268.75,42.26875,-94.9129869849897
42275,42.275,-95.0505889524379
42281.25,42.28125,-95.3305169781668
42287.5,42.2875,-95.7621633327613
42293.75,42.29375,-96.3613516744009
42300,42.3,-97.1529325134233
42306.25,42.30625,-98.1756330245044
42312.5,42.3125,-99.491542869707
42318.75,42.31875,-101.20640517732
42325,42.325,-103.519497183275
42331.25,42.33125,-106.876516817735
42337.5,42.3375,-112.6751258523
42343.75,42.34375,-141.612191101098
42350,42.35,-113.323853474315
42356.25,42.35625,-107.209883491489
42362.5,42.3625,-103.75180487548
42368.75,42.36875,-101.391134895998
42375,42.375,-99.650017222078
42381.25,42.38125,-98.3184372730311
42387.5,42.3875,-97.2860298784027
42393.75,42.39375,-96.4883720736714
42400,42.4,-95.885415219129
42406.25,42.40625,-95.4514864358384
42412.5,42.4125,-95.1702030129747
42418.75,42.41875,-95.0317552310092
42425,42.425,-95.0314734414046
42431.25,42.43125,-95.1691965970148
42437.5,42.4375,-95.449251054142
42443.75,42.44375,-95.881033470426
42450,42.45,-96.4803733564336
42456.25,42.45625,-97.2721298019055
42462.5,42.4625,-98.2950437215224
42468.75,42.46875,-99.6112289464708
42475,42.475,-101.326476249034
42481.25,42.48125,-103.640172757465
42487.5,42.4875,-106.998341494146
42493.75,42.49375,-112.800222718443
42500,42.5,-141.91682666074
42506.25,42.50625,-113.435414486922
42512.5,42.5125,-107.325090806865
42518.75,42.51875,-103.868230437688
42525,42.525,-101.508189090118
42531.25,42.53125,-99.7674675033642
42537.5,42.5375,-98.436168873879
42543.75,42.54375,-97.4039783726842
42550,42.55,-96.6064983263655
42556.25,42.55625,-96.0036943653135
42562.5,42.5625,-95.5699024616528
42568.75,42.56875,-95.2887459012207
42575,42.575,-95.15041942507
42581.25,42.58125,-95.1502570753794
42587.5,42.5875,-95.2881012507785
42593.75,42.59375,-95.5682819619911
42600,42.6,-96.0002002441269
42606.25,42.60625,-96.599691447852
42612.5,42.6125,-97.3916232249088
42618.75,42.61875,-98.4147502031117
42625,42.625,-99.7312103374124
42631.25,42.63125,-101.446841959571
42637.5,42.6375,-103.761141911628
42643.75,42.64375,-107.120457863194
42650,42.65,-112.925607347844
42656.25,42.65625,-142.225380212732
42662.5,42.6625,-113.547296180226
42668.75,42.66875,-107.440605980812
42675,42.675,-103.984960331357
42681.25,42.68125,-101.625545985327
42687.5,42.6875,-99.8852195482092
42693.75,42.69375,-98.554201628059
42700,42.7,-97.5222275888899
42706.25,42.70625,-96.7249249764355
42712.5,42.7125,-96.1222736517481
42718.75,42.71875,-95.6886184141734
42725,42.725,-95.4075885305002
42731.25,42.73125,-95.269383191037
42737.5,42.7375,-95.2693401196644
42743.75,42.74375,-95.4073051527363
42750,42.75,-95.6876119472458
42756.25,42.75625,-96.1196659064385
42762.5,42.7625,-96.7193082091037
42768.75,42.76875,-97.5114150520556
42775,42.775,-98.5347547501034
42781.25,42.78125,-99.8514893378966
42787.5,42.7875,-101.567504624662
42793.75,42.79375,-103.882406993379
42800,42.8,-107.242868332382
42806.25,42.80625,-113.051282312548
42812.5,42.8125,-142.538016667614
42818.75,42.81875,-113.659500341481
42825,42.825,-107.556431043463
42831.25,42.83125,-104.101996660723
42837.5,42.8375,-101.743207722699
42843.75,42.84375,-100.003275520324
42850,42.85,-98.6725377150293
42856.25,42.85625,-97.6407797183926
42862.5,42.8625,-96.8436542248686
42868.75,42.86875,-96.2411552875615
42875,42.875,-95.8076365097317
42881.25,42.88125,-95.5267331237498
42887.5,42.8875,-95.3886487581197
42893.75,42.89375,-95.3887248096132
42900,42.9,-95.5268105444537
42906.25,42.90625,-95.8072432579569
42912.5,42.9125,-96.2394327124065
42918.75,42.91875,-96.839225903056
42925,42.925,-97.6315075553284
42931.25,42.93125,-98.6550596456112
42937.5,42.9375,-99.9720682454761
42943.75,42.94375,-101.688466562089
42950,42.95,-104.00397035222
42956.25,42.95625,-107.365575310807
42962.5,42.9625,-113.177250185676
42968.75,42.96875,-142.854911633975
42975,42.975,-113.772028765088
42981.25,42.98125,-107.672568029428
42987.5,42.9875,-104.219341533839
42993.75,42.99375,-101.861176446798
43000,43,-100.121637586718
43006.25,43.00625,-98.7911793174138
43012.5,43.0125,-97.7596369556448
43018.75,43.01875,-96.9626882756469
43025,43.025,-96.3603414848253
43031.25,43.03125,-95.926958967551
43037.5,43.0375,-95.6461819067607
43043.75,43.04375,-95.5082183583366
43050,43.05,-95.5084133833529
43056.25,43.05625,-95.6466196702296
43062.5,43.0625,-95.9271781448643
43068.75,43.06875,-96.3595029197178
43075,43.075,-96.9594467951694
43081.25,43.08125,-97.7519030092345
43087.5,43.0875,-98.7756671752067
43093.75,43.09375,-100.092949360059
43100,43.1,-101.809730091856
43106.25,43.10625,-104.12583433962
43112.5,43.1125,-107.488581209102
43118.75,43.11875,-113.303513541073
43125,43.125,-143.176252362331
43131.25,43.13125,-113.884883253416
43137.5,43.1375,-107.789018978312
43143.75,43.14375,-104.336997062932
43150,43.15,-101.979454306024
43156.25,43.15625,-100.240307918023
43162.5,43.1625,-98.9101286213281
43168.75,43.16875,-97.8788014984934
43175,43.175,-97.0820293360854
43181.25,43.18125,-96.4798344588794
43187.5,43.1875,-96.0465880100711
43193.75,43.19375,-95.7659371084895
43200,43.2,-95.6280942268363
43206.25,43.20625,-95.6284080820935
43212.5,43.2125,-95.7667347774089
43218.75,43.21875,-96.0474188617148
43225,43.225,-96.4798787890233
43231.25,43.23125,-97.0799731538125
43237.5,43.2375,-97.8726036911365
43243.75,43.24375,-98.8965796272362
43250,43.25,-100.21413498423
43256.25,43.25625,-101.931297536505
43262.5,43.2625,-104.248001309415
43268.75,43.26875,-107.61188843996
43275,43.275,-113.430074953948
43281.25,43.28125,-143.50223882967
43287.5,43.2875,-113.998065616598
43293.75,43.29375,-107.905785934787
43300,43.3,-104.454965364614
43306.25,43.30625,-102.098043452806
43312.5,43.3125,-100.359288688713
43318.75,43.31875,-99.0293878166068
43325,43.325,-97.9982755484043
43331.25,43.33125,-97.201679617043
43337.5,43.3375,-96.5996364285527
43343.75,43.34375,-96.1665258631765
43350,43.35,-95.8860009612956
43356.25,43.35625,-95.7482786021269
43362.5,43.3625,-95.7487111503744
43368.75,43.36875,-95.8871581166265
43375,43.375,-96.1679676655014
43381.25,43.38125,-96.6005625841797
43387.5,43.3875,-97.200807250516
43393.75,43.39375,-97.9936118814992
43400,43.4,-99.0177992930794
43406.25,43.40625,-100.335627423523
43412.5,43.4125,-102.053171221404
43418.75,43.41875,-104.370473618047
43425,43.425,-107.735499418315
43431.25,43.43125,-113.556937001145
43437.5,43.4375,-143.833084930793
43443.75,43.44375,-114.111577672828
43450,43.45,-108.022870948825
43456.25,43.45625,-104.573248560071
43462.5,43.4625,-102.21694604384
43468.75,43.46875,-100.478582077353
43475,43.475,-99.1489590970421
43481.25,43.48125,-98.1180613107262
43487.5,43.4875,-97.321641333188
43493.75,43.49375,-96.7197496164313
43500,43.5,-96.2867747564572
43506.25,43.50625,-96.0063757012058
43512.5,43.5125,-95.8687737263473
43518.75,43.51875,-95.869324836324
43525,43.525,-96.0078919420686
43531.25,43.53125,-96.2888268167363
43537.5,43.5375,-96.721556572516
43543.75,43.54375,-97.3219513602348
43550,43.55,-98.1149298641558
43556.25,43.55625,-99.1393284674174
43562.5,43.5625,-100.457428986673
43568.75,43.56875,-102.175353474996
43575,43.575,-104.493253624867
43581.25,43.58125,-107.859416561706
43587.5,43.5875,-113.684102261478
43593.75,43.59375,-144.169019825421
43600,43.6,-114.225421248454
43606.25,43.60625,-108.140276075958
43612.5,43.6125,-104.691848775349
43618.75,43.61875,-102.336164240361
43625,43.625,-100.598190266843
43631.25,43.63125,-99.2688446606468
43637.5,43.6375,-98.2381609949309
43643.75,43.64375,-97.4419167032528
43650,43.65,-96.8401762491069
43656.25,43.65625,-96.407336923468
43662.5,43.6625,-96.1270635681693
43668.75,43.66875,-95.9895818455193
43675,43.675,-95.9902513919227
43681.25,43.68125,-96.1289385117391
43687.5,43.6875,-96.4099985797075
43693.75,43.69375,-96.8428630251055
43700,43.7,-97.4434077616201
43706.25,43.70625,-98.2365599265871
43712.5,43.7125,-99.2611694485105
43718.75,43.71875,-100.579541985919
43725,43.725,-102.297846629093
43731.25,43.73125,-104.616343692393
43737.5,43.7375,-107.983642290506
43743.75,43.74375,-113.811573315956
43750,43.75,-144.510289444618
43756.25,43.75625,-114.339598178198
43762.5,43.7625,-108.258003377439
43768.75,43.76875,-104.810768141555
43775,43.775,-102.45570020835
43781.25,43.78125,-100.718115444662
43787.5,43.7875,-99.3890467099026
43793.75,43.79375,-98.3585768148787
43800,43.8,-97.5625079502943
43806.25,43.80625,-96.960918557444
43812.5,43.8125,-96.528214601991
43818.75,43.81875,-96.2480668063222
43825,43.825,-96.1107052098223
43831.25,43.83125,-96.1114930732691
43837.5,43.8375,-96.2503000877287
43843.75,43.84375,-96.5314852227572
43850,43.85,-96.9644842170277
43856.25,43.85625,-97.5651787372919
43862.5,43.8625,-98.3585043601866
43868.75,43.86875,-99.3833245384721
43875,43.875,-100.701968737261
43881.25,43.88125,-102.420653019182
43887.5,43.8875,-104.739746186653
43893.75,43.89375,-108.108179028312
43900,43.9,-113.939352748345
43906.25,43.90625,-144.857158195526
43912.5,43.9125,-114.454110305131
43918.75,43.91875,-108.376054920467
43925,43.925,-104.930008795072
43931.25,43.93125,-102.575556118776
43937.5,43.9375,-100.838359803111
43943.75,43.94375,-99.5095674519828
43950,43.95,-98.4793109890428
43956.25,43.95625,-97.6834173019165
43962.5,43.9625,-97.081978776809
43968.75,43.96875,-96.6494100342669
43975,43.975,-96.3693876642298
43981.25,43.98125,-96.2321460738226
43987.5,43.9875,-96.2330521408216
43993.75,43.99375,-96.3719789364498
44000,44,-96.6532890185167
44006.25,44.00625,-97.0864224276215
44012.5,44.0125,-97.6872665740841
44018.75,44.01875,-98.4807654605133
44025,44.025,-99.5057960435168
44031.25,44.03125,-100.824711560729
44037.5,44.0375,-102.543774984634
44043.75,44.04375,-104.863463477374
44050,44.05,-108.233029202112
44056.25,44.05625,-114.067443145205
44062.5,44.0625,-145.209910872695
44068.75,44.06875,-114.568959481068
44075,44.075,-108.494432778435
44081.25,44.08125,-105.049572877844
44087.5,44.0875,-102.695734147866
44093.75,44.09375,-100.958925539565
44100,44.1,-99.6304090990451
44106.25,44.10625,-98.6003657407989
44112.5,44.1125,-97.8046469905667
44118.75,44.11875,-97.2033591473605
44125,44.125,-96.7709254672875
44131.25,44.13125,-96.4910283951633
44137.5,44.1375,-96.3539066967654
44143.75,44.14375,-96.3549308596822
44150,44.15,-96.4939773289329
44156.25,44.15625,-96.775412244199
44162.5,44.1625,-97.2086799407698
44168.75,44.16875,-97.8096735633329
44175,44.175,-98.6033455275836
44181.25,44.18125,-99.6285862742569
44187.5,44.1875,-100.947772780669
44193.75,44.19375,-102.66721486906
44200,44.2,-104.987497938373
44206.25,44.20625,-108.358195242736
44212.5,44.2125,-114.19584709647
44218.75,44.21875,-145.568854847287
44225,44.225,-114.684147566543
44231.25,44.23125,-108.613139031088
44237.5,44.2375,-105.169462537553
44243.75,44.24375,-102.816236477302
44250,44.25,-101.079814856708
44256.25,44.25625,-99.7515738684304
44262.5,44.2625,-98.7217432986325
44268.75,44.26875,-97.9261992537455
44275,44.275,-97.3250619142648
44281.25,44.28125,-96.8927631530199
44287.5,44.2875,-96.6129912573384
44293.75,44.29375,-96.4759893428088
44300,44.3,-96.4771314998374
44306.25,44.30625,-96.6162975410594
44312.5,44.3125,-96.8978571818401
44318.75,44.31875,-97.3312590451457
44325,44.325,-97.9324020011315
44331.25,44.33125,-98.7262468661229
44337.5,44.3375,-99.751697545961
44343.75,44.34375,-101.071154726004
44350,44.35,-102.790975020519
44356.25,44.35625,-105.111851947759
44362.5,44.3625,-108.483679585001
44368.75,44.36875,-114.324567195615
44375,44.375,-145.934322532206
44381.25,44.38125,-114.799676430986
44387.5,44.3875,-108.732175764763
44393.75,44.39375,-105.28967992786
44400,44.4,-102.93706529448
44406.25,44.40625,-101.201029962775
44412.5,44.4125,-99.8730639829433
44418.75,44.41875,-98.843445896421
44425,44.425,-98.0480763342901
44431.25,44.43125,-97.4470893279779
44437.5,44.4375,-97.0149253486729
44443.75,44.44375,-96.7352785141846
44450,44.45,-96.5983962812911
44456.25,44.45625,-96.599656336426
44462.5,44.4625,-96.7389418538346
44468.75,44.46875,-97.0206261185693
44475,44.475,-97.4541620344796
44481.25,44.48125,-98.0554541885912
44487.5,44.4875,-98.8494717858323
44493.75,44.49375,-99.8751321788178
44500,44.5,-101.194859730515
44506.25,44.50625,-102.91505779185
44512.5,44.5125,-105.236527888263
44518.75,44.51875,-108.609484668135
44525,44.525,-114.453606040121
44531.25,44.53125,-146.306674212917
44537.5,44.5375,-114.915547952939
44543.75,44.54375,-108.85154507261
44550,44.55,-105.410227208644
44556.25,44.55625,-103.058222792749
44562.5,44.5625,-101.322573071791
44568.75,44.56875,-99.994881671074
44575,44.575,-98.9654757736494
44581.25,44.58125,-98.1702804805906
44587.5,44.5875,-97.5694436444707
44593.75,44.59375,-97.1374143169444
44600,44.6,-96.8578924345795
44606.25,44.60625,-96.721129786973
44612.5,44.6125,-96.7225076499787
44618.75,44.61875,-96.8619125536304
44625,44.625,-97.1437213468511
44631.25,44.63125,-97.577391207812
44637.5,44.6375,-98.1788324320936
44643.75,44.64375,-98.9730226016402
44650,44.65,-99.9988924981874
44656.25,44.65625,-101.318890133074
44662.5,44.6625,-103.039465540864
44668.75,44.66875,-105.361528147436
44675,44.675,-108.735612935899
44681.25,44.68125,-114.582966231485
44687.5,44.6875,-146.686301272311
44693.75,44.69375,-115.031764020306
44700,44.7,-108.971249054863
44706.25,44.70625,-105.531106546294
44712.5,44.7125,-103.179711171683
44718.75,44.71875,-101.444446403874
44725,44.725,-100.117029167298
44731.25,44.73125,-99.0878351757274
44737.5,44.7375,-98.2928139469083
44743.75,44.74375,-97.6921271255351
44750,44.75,-97.2602323263096
44756.25,44.75625,-96.9808352931558
44762.5,44.7625,-96.8441921403411
44768.75,44.76875,-96.8456877267278
44775,44.775,-96.9852119324913
44781.25,44.78125,-97.2671451647995
44787.5,44.7875,-97.7009488697966
44793.75,44.79375,-98.3025390436076
44800,44.8,-99.096901634023
44806.25,44.80625,-100.122980834934
44812.5,44.8125,-101.443248278013
44818.75,44.81875,-103.16420063076
44825,44.825,-105.486855118106
44831.25,44.83125,-108.862066837139
44837.5,44.8375,-114.712650376112
44843.75,44.84375,-147.073629920317
44850,44.85,-115.148326530146
44856.25,44.85625,-109.091289818886
44862.5,44.8625,-105.652320113798
44868.75,44.86875,-103.301532637224
44875,44.875,-101.566652185357
44881.25,44.88125,-100.239508712232
44887.5,44.8875,-99.2105263541385
44893.75,44.89375,-98.415678993531
44900,44.9,-97.8151420389615
44906.25,44.90625,-97.3833816512166
44912.5,44.9125,-97.1041093704859
44918.75,44.91875,-96.9675856277957
44925,44.925,-96.9691988587943
44931.25,44.93125,-97.1088422883272
44937.5,44.9375,-97.3908998763652
44943.75,44.94375,-97.8248373308995
44950,44.95,-98.4265763408778
44956.25,44.95625,-99.2211112091942
44962.5,44.9625,-100.247399525603
44968.75,44.96875,-101.567936515256
44975,44.975,-103.289265430233
44981.25,44.98125,-105.612511198425
44987.5,44.9875,-108.988848825775
44993.75,44.99375,-114.842661084967
45000,45,-147.469125466292
45006.25,45.00625,-115.265237389326
45012.5,45.0125,-109.211669479609
45018.75,45.01875,-105.773870091122
45025,45.025,-103.423689402057
45031.25,45.03125,-101.689192649173
45037.5,45.0375,-100.362322552991
45043.75,45.04375,-99.3335515667927
45050,45.05,-98.5388778871251
45056.25,45.05625,-97.9384906588676
45062.5,45.0625,-97.5068645724036
45068.75,45.06875,-97.2277169534068
45075,45.075,-97.0913125419764
45081.25,45.08125,-97.0930433445138
45087.5,45.0875,-97.2328059252377
45093.75,45.09375,-97.5149877916652
45100,45.1,-97.9490589077262
45106.25,45.10625,-98.5509466477569
45112.5,45.1125,-99.3456536594393
45118.75,45.11875,-100.372150912778
45125,45.125,-101.692957200731
45131.25,45.13125,-103.4146623139
45137.5,45.1375,-105.73849879238
45143.75,45.14375,-109.115961361387
45150,45.15,-114.973000974486
45156.25,45.15625,-147.873297301834
45162.5,45.1625,-115.38249851428
45168.75,45.16875,-109.332390159542
45175,45.175,-105.895758665338
45181.25,45.18125,-103.546183685713
45187.5,45.1875,-101.81207003498
45193.75,45.19375,-100.485472943331
45200,45.2,-99.4569130781912
45206.25,45.20625,-98.6624129009009
45212.5,45.2125,-98.0621752658929
45218.75,45.21875,-97.6306833771027
45225,45.225,-97.3516603352195
45231.25,45.23125,-97.2153751819627
45237.5,45.2375,-97.2172234886389
45243.75,45.24375,-97.357105153718
45250,45.25,-97.6394112271862
45256.25,45.25625,-98.0736159232244
45262.5,45.2625,-98.6756522944117
45268.75,45.26875,-99.4705313233226
45275,45.275,-100.497237345261
45281.25,45.28125,-101.8183126965
45287.5,45.2875,-103.540393662425
45293.75,45.29375,-105.864820309855
45300,45.3,-109.243406909197
45306.25,45.30625,-115.103672666402
45312.5,45.3125,-148.286704668387
45318.75,45.31875,-115.500111831532
45325,45.325,-109.453453989225
45331.25,45.33125,-106.017988030981
45337.5,45.3375,-103.669017714965
45343.75,45.34375,-101.935286589533
45350,45.35,-100.608962144013
45356.25,45.35625,-99.5806131597725
45362.5,45.3625,-98.786286314958
45368.75,45.36875,-98.186198147516
45375,45.375,-97.7548403593549
45381.25,45.38125,-97.4759418160137
45387.5,45.3875,-97.3397758536001
45393.75,45.39375,-97.3417416026679
45400,45.4,-97.4817422909855
45406.25,45.40625,-97.7641725061191
45412.5,45.4125,-98.1985107070234
45418.75,45.41875,-98.8006956176652
45425,45.425,-99.5957465460309
45431.25,45.43125,-100.622661178459
45437.5,45.4375,-101.9440053712
45443.75,45.44375,-103.666461862992
45450,45.45,-105.991478167159
45456.25,45.45625,-109.37118794076
45462.5,45.4625,-115.234678788627
45468.75,45.46875,-148.709963446501
45475,45.475,-115.618079277363
45481.25,45.48125,-109.574863107119
45487.5,45.4875,-106.140560390065
45493.75,45.49375,-103.792193723863
45500,45.5,-102.058844566754
45506.25,45.50625,-100.732792422903
45512.5,45.5125,-99.7046540900317
45518.75,45.51875,-98.9105004164197
45525,45.525,-98.3105615982203
45531.25,45.53125,-97.8793378201793
45537.5,45.5375,-97.6005637028293
45543.75,45.54375,-97.464516869664
45550,45.55,-97.4666000050061
45556.25,45.55625,-97.6067196611477
45562.5,45.5625,-97.8892739585183
45568.75,45.56875,-98.3237455955908
45575,45.575,-98.9260789611457
45581.25,45.58125,-99.7213016795279
45587.5,45.5875,-100.748424774489
45593.75,45.59375,-102.070037600107
45600,45.6,-103.792869309319
45606.25,45.60625,-106.118474787009
45612.5,45.6125,-109.499306933746
45618.75,45.61875,-115.366021974827
45625,45.625,-149.143754073657
45631.25,45.63125,-115.736402798727
45637.5,45.6375,-109.696619660254
45643.75,45.64375,-106.263477952654
45650,45.65,-103.915713954239
45656.25,45.65625,-102.182746228211
45662.5,45.6625,-100.856966055411
45668.75,45.66875,-99.8290381549418
45675,45.675,-99.035057499835
45681.25,45.68125,-98.4352679198698
45687.5,45.6875,-98.0041780679496
45693.75,45.69375,-97.7255283100396
45700,45.7,-97.5896005502387
45706.25,45.70625,-97.591801021351
45712.5,45.7125,-97.7320395955817
45718.75,45.71875,-98.014717921693
45725,45.725,-98.4493229326295
45731.25,45.73125,-99.0518046757016
45737.5,45.7375,-99.8471990829646
45743.75,45.74375,-100.874530502641
45750,45.75,-102.196411765643
45756.25,45.75625,-103.91961840223
45762.5,45.7625,-106.245812599153
45768.75,45.76875,-109.627766372791
45775,45.775,-115.497704865664
45781.25,45.78125,-149.588830981153
45787.5,45.7875,-115.855084352509
45793.75,45.79375,-109.818725803997
45800,45.8,-106.386742936695
45806.25,45.80625,-104.039580655674
45812.5,45.8125,-102.306993843115
45818.75,45.81875,-100.981485324537
45825,45.825,-99.9537676480273
45831.25,45.83125,-99.1599598672781
45837.5,45.8375,-98.5603194218337
45843.75,45.84375,-98.1293634185181
45850,45.85,-97.8508379594763
45856.25,45.85625,-97.7150292228529
45862.5,45.8625,-97.7173469848248
45868.75,45.86875,-97.8577044330733
45875,45.875,-98.1405067403375
45881.25,45.88125,-98.5752450692068
45887.5,45.8875,-99.1778751195147
45893.75,45.89375,-99.9734411227944
45900,45.9,-101.000980739458
45906.25,45.90625,-102.32313025741
45912.5,45.9125,-104.046711549651
45918.75,45.91875,-106.373494040301
45925,45.925,-109.756568749289
45931.25,45.93125,-115.629730108166
45937.5,45.9375,-150.046033729124
45943.75,45.94375,-115.974125906609
45950,45.95,-109.941183702693
45956.25,45.95625,-106.510357568652
45962.5,45.9625,-104.163796085993
45968.75,45.96875,-102.431589688797
45975,45.975,-101.106352521314
45981.25,45.98125,-100.078844870783
45987.5,45.9875,-99.2852098287432
45993.75,45.99375,-98.6857184213643
46000,46,-98.2548961956005
46006.25,46.00625,-97.9764949808108
46012.5,46.0125,-97.8408052228529
46018.75,46.01875,-97.8432402363517
46025,46.025,-97.9837165201921
46031.25,46.03125,-98.2666427669177
46037.5,46.0375,-98.7015143641418
46043.75,46.04375,-99.3042926584991
46050,46.05,-100.100030173189
46056.25,46.05625,-101.127777869176
46062.5,46.0625,-102.450195472682
46068.75,46.06875,-104.174151167117
46075,46.075,-106.50152155473
46081.25,46.08125,-109.885716562072
46087.5,46.0875,-115.762100356886
46093.75,46.09375,-150.5163004056
46100,46.1,-116.093529439361
46106.25,46.10625,-110.063995529516
46112.5,46.1125,-106.634324083403
46118.75,46.11875,-104.288362511293
46125,46.125,-102.556536050771
46131.25,46.13125,-101.231569944899
46137.5,46.1375,-100.204272132789
46143.75,46.14375,-99.4108097022861
46150,46.15,-98.8114672437561
46156.25,46.15625,-98.3807787309265
46162.5,46.1625,-98.1025017117145
46168.75,46.16875,-97.966930893571
46175,46.175,-97.969483124823
46181.25,46.18125,-98.1100782114616
46187.5,46.1875,-98.3931283618336
46193.75,46.19375,-98.8281331841691
46200,46.2,-99.431059666466
46206.25,46.20625,-100.226968616173
46212.5,46.2125,-101.254924283847
46218.75,46.21875,-102.57760981649
46225,46.225,-104.301939677871
46231.25,46.23125,-106.629897594301
46237.5,46.2375,-110.015212317418
46243.75,46.24375,-115.894818273583
46250,46.25,-151.000683692034
46256.25,46.25625,-116.213296940284
46262.5,46.2625,-110.18716346704
46268.75,46.26875,-106.758644724757
46275,46.275,-104.413282206386
46281.25,46.28125,-102.681835223136
46287.5,46.2875,-101.357139902959
46293.75,46.29375,-100.330051752082
46300,46.3,-99.5367618143792
46306.25,46.30625,-98.9375682226877
46312.5,46.3125,-98.5070133645921
46318.75,46.31875,-98.2288604982025
46325,46.325,-98.0934085866664
46331.25,46.33125,-98.0960780074462
46337.5,46.3375,-98.2367918697035
46343.75,46.34375,-98.5199658937697
46350,46.35,-98.955103904294
46356.25,46.35625,-99.5581785254757
46362.5,46.3625,-100.354258842018
46368.75,46.36875,-101.382422383752
46375,46.375,-102.70537570207
46381.25,46.38125,-104.430079513306
46387.5,46.3875,-106.758624618962
46393.75,46.39375,-110.145058529601
46400,46.4,-116.027886528067
46406.25,46.40625,-151.500370414402
46412.5,46.4125,-116.33343040976
46418.75,46.41875,-110.310689707117
46425,46.425,-106.883321745452
46431.25,46.43125,-104.53855745485
46437.5,46.4375,-102.807489508678
46443.75,46.44375,-101.483064711798
46450,46.45,-100.456186055307
46456.25,46.45625,-99.6630685000716
46462.5,46.4625,-99.0640237003909
46468.75,46.46875,-98.6336024452307
46475,46.475,-98.3555736948145
46481.25,46.48125,-98.2202406623065
46487.5,46.4875,-98.2230272499199
46493.75,46.49375,-98.3638598662209
46500,46.5,-98.6471577398747
46506.25,46.50625,-99.0824289079679
46512.5,46.5125,-99.6856516260139
46518.75,46.51875,-100.481903249386
46525,46.525,-101.510274577513
46531.25,46.53125,-102.833495550953
46537.5,46.5375,-104.558573113042
46543.75,46.54375,-106.887705096816
46550,46.55,-110.275257720865
46556.25,46.55625,-116.161307797954
46562.5,46.5625,-152.016705369369
46568.75,46.56875,-116.453931859848
46575,46.575,-110.434576451529
46581.25,46.58125,-107.008357407664
46587.5,46.5875,-104.664190549497
46593.75,46.59375,-102.93350121931
46600,46.6,-101.609346696763
46606.25,46.60625,-100.582677378088
46612.5,46.6125,-99.7897321033608
46618.75,46.61875,-99.1908360280284
46625,46.625,-98.7605483303796
46631.25,46.63125,-98.4826436649745
46637.5,46.6375,-98.347429489531
46643.75,46.64375,-98.3503332268056
46650,46.65,-98.4912845811638
46656.25,46.65625,-98.7747062861384
46662.5,46.6625,-99.2101105874696
46668.75,46.66875,-99.8134813673879
46675,46.675,-100.609904245743
46681.25,46.68125,-101.638483282559
46687.5,46.6875,-102.961971793448
46693.75,46.69375,-104.687422925459
46700,46.7,-107.017141504647
46706.25,46.70625,-110.405812422131
46712.5,46.7125,-116.295084769681
46718.75,46.71875,-152.551220789378
46725,46.725,-116.574803313639
46731.25,46.73125,-110.558825911705
46737.5,46.7375,-107.133753982932
46743.75,46.74375,-104.790183792385
46750,46.75,-103.059872676099
46756.25,46.75625,-101.735988192329
46762.5,46.7625,-100.709528065158
46768.75,46.76875,-99.9167549773329
46775,46.775,-99.3180075658235
46781.25,46.78125,-98.887853386626
46787.5,46.7875,-98.6100727811497
46793.75,46.79375,-98.474977446411
46800,46.8,-98.477998321681
46806.25,46.80625,-98.6190684036907
46812.5,46.8125,-98.9026139275409
46818.75,46.81875,-99.3381513440567
46825,46.825,-99.9416701578561
46831.25,46.83125,-100.738264247492
46837.5,46.8375,-101.767050925208
46843.75,46.84375,-103.090806868724
46850,46.85,-104.816631407733
46856.25,46.85625,-107.146936327977
46862.5,46.8625,-110.536725172902
46868.75,46.86875,-116.42922013817
46875,46.875,-153.105672901364
46881.25,46.88125,-116.696046806284
46887.5,46.8875,-110.683440309437
46893.75,46.89375,-107.259513752714
46900,46.9,-104.916539495275
46906.25,46.90625,-103.186606209735
46912.5,46.9125,-101.862991542508
46918.75,46.91875,-100.836740470737
46925,46.925,-100.044139484526
46931.25,46.93125,-99.4455406834318
46937.5,46.9375,-99.0155199899734
46943.75,46.94375,-98.7378634252005
46950,46.95,-98.6028869203998
46956.25,46.95625,-98.6060249274981
46962.5,46.9625,-98.7472137323231
46968.75,46.96875,-99.0308830684167
46975,46.975,-99.4665535883305
46981.25,46.98125,-100.070220415016
46987.5,46.9875,-100.866985680358
46993.75,46.99375,-101.895979941095
47000,47,-103.220003225234
47006.25,47.00625,-104.946201026286
47012.5,47.0125,-107.277092061529
47018.75,47.01875,-110.667998521821
47025,47.025,-116.563716607641
47031.25,47.03125,-153.682087953037
47037.5,47.0375,-116.81766438454
47043.75,47.04375,-110.808421876755
47050,47.05,-107.3856390084
47056.25,47.05625,-105.043259979741
47062.5,47.0625,-103.313704160632
47068.75,47.06875,-101.990359101005
47075,47.075,-100.964316958713
47081.25,47.08125,-100.171887997121
47087.5,47.0875,-99.5734377601414
47093.75,47.09375,-99.1435505260386
47100,47.1,-98.8660179885966
47106.25,47.10625,-98.7311603085466
47112.5,47.1125,-98.7344154467982
47118.75,47.11875,-98.8757229751588
47125,47.125,-99.1595161226698
47131.25,47.13125,-99.5953197404478
47137.5,47.1375,-100.199134566007
47143.75,47.14375,-100.996070979586
47150,47.15,-102.025272775352
47156.25,47.15625,-103.3495633209
47162.5,47.1625,-105.076134256991
47168.75,47.16875,-107.407611209404
47175,47.175,-110.799635026853
47181.25,47.18125,-116.698576891692
47187.5,47.1875,-154.282820647358
47193.75,47.19375,-116.939658107366
47200,47.2,-110.933772856387
47206.25,47.20625,-107.512132051683
47212.5,47.2125,-105.170347577506
47218.75,47.21875,-103.441168879265
47225,47.225,-102.118093231529
47231.25,47.23125,-101.092259902934
47237.5,47.2375,-100.300002897241
47243.75,47.24375,-99.7017011851549
47250,47.25,-99.2719473903459
47256.25,47.25625,-98.9945388727021
47262.5,47.2625,-98.8598000177887
47268.75,47.26875,-98.8631722919953
47275,47.275,-99.0045985501666
47281.25,47.28125,-99.2885155140629
47287.5,47.2875,-99.7244522304183
47293.75,47.29375,-100.328415047807
47300,47.3,-101.125522590254
47306.25,47.30625,-102.154931882919
47312.5,47.3125,-103.479489623434
47318.75,47.31875,-105.206433585442
47325,47.325,-107.538496285385
47331.25,47.33125,-110.931637255557
47337.5,47.3375,-116.833803713522
47343.75,47.34375,-154.910629301192
47350,47.35,-117.062030046014
47356.25,47.35625,-111.059495501933
47362.5,47.3625,-107.638995194818
47368.75,47.36875,-105.297804630688
47375,47.375,-103.569002726432
47381.25,47.38125,-102.246196308067
47387.5,47.3875,-101.220571687503
47393.75,47.39375,-100.428486577236
47400,47.4,-99.830333357889
47406.25,47.40625,-99.4007129886175
47412.5,47.4125,-99.1234284890667
47418.75,47.41875,-98.9888084652416
47425,47.425,-98.9922978856801
47431.25,47.43125,-99.133842885484
47437.5,47.4375,-99.4178836765227
47443.75,47.44375,-99.8539534984069
47450,47.45,-100.458064307542
47456.25,47.45625,-101.255342967576
47462.5,47.4625,-102.284959728868
47468.75,47.46875,-103.609784610665
47475,47.475,-105.337101507365
47481.25,47.48125,-107.669749813368
47487.5,47.4875,-111.064007785607
47493.75,47.49375,-116.969399806847
47500,47.5,-155.568773867569
47506.25,47.50625,-117.184782283889
47512.5,47.5125,-111.185592077951
47518.75,47.51875,-107.766230760708
47525,47.525,-105.425633491961
47531.25,47.53125,-103.697208073425
47537.5,47.5375,-102.374670715051
47543.75,47.54375,-101.349254706944
47550,47.55,-100.557341439865
47556.25,47.55625,-99.9593366881599
47562.5,47.5625,-99.5298497369664
47568.75,47.56875,-99.2526892596273
47575,47.575,-99.1181880783983
47581.25,47.58125,-99.1217946608144
47587.5,47.5875,-99.2634584196101
47593.75,47.59375,-99.5476230543335
47600,47.6,-99.9838259949283
47606.25,47.60625,-100.588084802682
47612.5,47.6125,-101.385534577093
47618.75,47.61875,-102.415358788577
47625,47.625,-103.740450770693
47631.25,47.63125,-105.468140528696
47637.5,47.6375,-107.801374327379
47643.75,47.64375,-111.196749204708
47650,47.65,-117.10536791532
47656.25,47.65625,-156.26114552026
47662.5,47.6625,-117.307916917408
47668.75,47.66875,-111.312064860491
47675,47.675,-107.893841083404
47681.25,47.68125,-105.553836524979
47687.5,47.6875,-103.825787302435
47693.75,47.69375,-102.503518847777
47700,47.7,-101.478311366599
47706.25,47.70625,-100.686569898679
47712.5,47.7125,-100.088713596556
47718.75,47.71875,-99.6593600622638
47725,47.725,-99.3823236170704
47731.25,47.73125,-99.2479412954979
47737.5,47.7375,-99.2516650610991
47743.75,47.74375,-99.3934476017808
47750,47.75,-99.6777361025048
47756.25,47.75625,-100.114072181219
47762.5,47.7625,-100.718479001409
47768.75,47.76875,-101.516099895056
47775,47.775,-102.546131548125
47781.25,47.78125,-103.871490602318
47787.5,47.7875,-105.599553166072
47793.75,47.79375,-107.933372372154
47800,47.8,-111.329864111309
47806.25,47.80625,-117.241710793731
47812.5,47.8125,-156.992441160556
47818.75,47.81875,-117.431436055593
47825,47.825,-111.438916137058
47831.25,47.83125,-108.021828508158
47837.5,47.8375,-105.682416104487
47843.75,47.84375,-103.954742806681
47850,47.85,-102.632743112522
47856.25,47.85625,-101.607744082787
47862.5,47.8625,-100.816174378196
47868.75,47.86875,-100.218466514626
47875,47.875,-99.789246402341
47881.25,47.88125,-99.5123340050304
47887.5,47.8875,-99.3780705657226
47893.75,47.89375,-99.3819115411755
47900,47.9,-99.5238128921688
47906.25,47.90625,-99.8082252869898
47912.5,47.9125,-100.244694529453
47918.75,47.91875,-100.849249382836
47925,47.925,-101.647041408639
47931.25,47.93125,-102.677280504503
47937.5,47.9375,-104.002906615226
47943.75,47.94375,-105.731341946981
47950,47.95,-108.065746503246
47956.25,47.95625,-111.463355114603
47962.5,47.9625,-117.378431207769
47968.75,47.96875,-157.768402584321
47975,47.975,-117.555341820594
47981.25,47.98125,-111.566148207019
47987.5,47.9875,-108.150195391769
47993.75,47.99375,-105.811374616662
48000,48,-104.084076990756
48006.25,48.00625,-102.762345926915
48012.5,48.0125,-101.737555283142
48018.75,48.01875,-100.946157314225
48025,48.025,-100.348597885196
48031.25,48.03125,-99.9195112062913
48037.5,48.0375,-99.6427228784085
48043.75,48.04375,-99.5085783495163
48050,48.05,-99.5125365669433
48056.25,48.05625,-99.6545567622032
48062.5,48.0625,-99.939093084985
48068.75,48.06875,-100.375695523046
48075,48.075,-100.980398437319
48081.25,48.08125,-101.77836161625
48087.5,48.0875,-102.808808165929
48093.75,48.09375,-104.134701330333
48100,48.1,-105.863509410138
48106.25,48.10625,-108.198499287399
48112.5,48.1125,-111.59722483502
48118.75,48.11875,-117.515531934682
48125,48.125,-158.596151647038
48131.25,48.13125,-117.679636347813
48137.5,48.1375,-111.693763381798
48143.75,48.14375,-108.278944102822
48150,48.15,-105.940714459351
48156.25,48.15625,-104.213792270857
48162.5,48.1625,-102.892329720143
48168.75,48.16875,-101.867747406842
48175,48.175,-101.076521154116
48181.25,48.18125,-100.479110162628
48187.5,48.1875,-100.050156934744
48193.75,48.19375,-99.773492703631
48200,48.2,-99.6394671188461
48206.25,48.20625,-99.6435426158231
48212.5,48.2125,-99.7856816948326
48218.75,48.21875,-100.07034198521
48225,48.225,-100.507077656935
48231.25,48.23125,-101.111928666728
48237.5,48.2375,-101.910063027811
48243.75,48.24375,-102.94071705213
48250,48.25,-104.266877280043
48256.25,48.25625,-105.996058105723
48262.5,48.2625,-108.331633302831
48268.75,48.26875,-111.731475904428
48275,48.275,-117.653015763413
48281.25,48.28125,-159.484671588201
48287.5,48.2875,-117.804321786087
48293.75,48.29375,-111.821763985092
48300,48.3,-108.408077021941
48306.25,48.30625,-106.070438042336
48312.5,48.3125,-104.343891075078
48318.75,48.31875,-103.022696933257
48325,48.325,-101.998322904911
48331.25,48.33125,-101.207268357045
48337.5,48.3375,-100.610005813096
48343.75,48.34375,-100.181186060132
48350,48.35,-99.9046459589282
48356.25,48.35625,-99.7707393574818
48362.5,48.3625,-99.7749321770392
48368.75,48.36875,-99.9171901848075
48375,48.375,-100.201974488186
48381.25,48.38125,-100.638843437857
48387.5,48.3875,-101.243842584733
48393.75,48.39375,-102.042148165038
48400,48.4,-103.073009694625
48406.25,48.40625,-104.399437008557
48412.5,48.4125,-106.128990595711
48418.75,48.41875,-108.46515113954
48425,48.425,-111.86611096651
48431.25,48.43125,-117.79088549506
48437.5,48.4375,-160.445518395362
48443.75,48.44375,-117.92940029796
48450,48.45,-111.950152353201
48456.25,48.45625,-108.537596542061
48462.5,48.4625,-106.200547787611
48468.75,48.46875,-104.474375843653
48475,48.475,-103.153450019429
48481.25,48.48125,-102.129284240475
48487.5,48.4875,-101.33840139428
48493.75,48.49375,-100.741287314871
48500,48.5,-100.312601066982
48506.25,48.50625,-100.036185134622
48512.5,48.5125,-99.9023975612852
48518.75,48.51875,-99.9067077519061
48525,48.525,-100.049084738971
48531.25,48.53125,-100.333993106527
48537.5,48.5375,-100.770995384642
48543.75,48.54375,-101.376142717099
48550,48.55,-102.174619561745
48556.25,48.55625,-103.205688637019
48562.5,48.5625,-104.532383072148
48568.75,48.56875,-106.262309454149
48575,48.575,-108.599055399578
48581.25,48.58125,-112.001132677027
48587.5,48.5875,-117.929143943197
48593.75,48.59375,-161.493908302035
48600,48.6,-118.054874059794
48606.25,48.60625,-112.078930835191
48612.5,48.6125,-108.667505068676
48618.75,48.61875,-106.331046129638
48625,48.625,-104.605249029254
48631.25,48.63125,-103.28459144424
48637.5,48.6375,-102.260633889048
48643.75,48.64375,-101.469922749477
48650,48.65,-100.872957158594
48656.25,48.65625,-100.444404452193
48662.5,48.6625,-100.168112733403
48668.75,48.66875,-100.034444238486
48675,48.675,-100.038871854109
48681.25,48.68125,-100.181367876536
48687.5,48.6875,-100.46640036522
48693.75,48.69375,-100.903536028496
48700,48.7,-101.508831601965
48706.25,48.70625,-102.307479764118
48712.5,48.7125,-103.338756435304
48718.75,48.71875,-104.665718039482
48725,48.725,-106.396017267464
48731.25,48.73125,-108.733348697405
48737.5,48.7375,-112.136543704188
48743.75,48.74375,-118.067793934193
48750,48.75,-162.650448443493
48756.25,48.75625,-118.180745262138
48762.5,48.7625,-112.208101793188
48768.75,48.76875,-108.797805020119
48775,48.775,-106.461935515611
48781.25,48.78125,-104.73651309724
48787.5,48.7875,-103.416123685933
48793.75,48.79375,-102.392374338803
48800,48.8,-101.601834918934
48806.25,48.80625,-101.005017847554
48812.5,48.8125,-100.576598725306
48818.75,48.81875,-100.300431270611
48825,48.825,-100.166881909963
48831.25,48.83125,-100.171427009984
48837.5,48.8375,-100.314042129372
48843.75,48.84375,-100.599198801908
48850,48.85,-101.036467913284
48856.25,48.85625,-101.641911790134
48862.5,48.8625,-102.44073133101
48868.75,48.86875,-103.472215658123
48875,48.875,-104.79944449187
48881.25,48.88125,-106.530116634735
48887.5,48.8875,-108.868033660119
48893.75,48.89375,-112.272346728852
48900,48.9,-118.206838307522
48906.25,48.90625,-163.944029270585
48912.5,48.9125,-118.307016109862
48918.75,48.91875,-112.3376676027
48925,48.925,-108.928498827847
48931.25,48.93125,-106.593218405794
48937.5,48.9375,-104.868170525987
48943.75,48.94375,-103.548049235745
48950,48.95,-102.524508090885
48956.25,48.95625,-101.734140411918
48962.5,48.9625,-101.137471898003
48968.75,48.96875,-100.709186408826
48975,48.975,-100.433143274545
48981.25,48.98125,-100.299713109564
48987.5,48.9875,-100.304375758838
48993.75,48.99375,-100.447110042324
49000,49,-100.732390967216
49006.25,49.00625,-101.169793595856
49012.5,49.0125,-101.775385845396
49018.75,49.01875,-102.574376834269
49025,49.025,-103.606068887139
49031.25,49.03125,-104.933565023655
49037.5,49.0375,-106.664610168089
49043.75,49.04375,-109.003112927893
49050,49.05,-112.408544445068
49056.25,49.05625,-118.346279916314
49062.5,49.0625,-165.416961787641
49068.75,49.06875,-118.433688822216
49075,49.075,-112.467630652672
49081.25,49.08125,-109.059588936616
49087.5,49.0875,-106.724897273652
49093.75,49.09375,-105.000223807054
49100,49.1,-103.680370598087
49106.25,49.10625,-102.657037659618
49112.5,49.1125,-101.866841750878
49118.75,49.11875,-101.270321839375
49125,49.125,-100.842170038442
49131.25,49.13125,-100.566251286696
49137.5,49.1375,-100.432940384323
49143.75,49.14375,-100.437720653175
49150,49.15,-100.580574173433
49156.25,49.15625,-100.865979424972
49162.5,49.1625,-101.30351564627
49168.75,49.16875,-101.909256344757
49175,49.175,-102.708418858952
49181.25,49.18125,-103.740318717209
49187.5,49.1875,-105.068082242377
49193.75,49.19375,-106.79950049283
49200,49.2,-109.138589154086
49206.25,49.20625,-112.545139560071
49212.5,49.2125,-118.486121627326
49218.75,49.21875,-167.134840854479
49225,49.225,-118.560765633501
49231.25,49.23125,-112.597993346052
49237.5,49.2375,-109.191077804933
49243.75,49.24375,-106.856974606327
49250,49.25,-105.132675445633
49256.25,49.25625,-103.813090290972
49262.5,49.2625,-102.789965572905
49268.75,49.26875,-101.999941471826
49275,49.275,-101.403570214668
49281.25,49.28125,-100.975552163411
49287.5,49.2875,-100.69975786212
49293.75,49.29375,-100.566566294854
49300,49.3,-100.571464259076
49306.25,49.30625,-100.71443709433
49312.5,49.3125,-100.999966752598
49318.75,49.31875,-101.437636648186
49325,49.325,-102.043525878832
49331.25,49.33125,-102.842860003747
49337.5,49.3375,-103.874967756843
49343.75,49.34375,-105.202998769235
49350,49.35,-106.934790247972
49356.25,49.35625,-109.274465005807
49362.5,49.3625,-112.682134794983
49368.75,49.36875,-118.6263663218
49375,49.375,-169.207555340656
49381.25,49.38125,-118.688248792672
49387.5,49.3875,-112.728758099716
49393.75,49.39375,-109.322967905086
49400,49.4,-106.98945290471
49406.25,49.40625,-105.265527960641
49412.5,49.4125,-103.946210846138
49418.75,49.41875,-102.923294372387
49425,49.425,-102.133442124524
49431.25,49.43125,-101.537219580631
49437.5,49.4375,-101.109335346745
49443.75,49.44375,-100.833665569642
49450,49.45,-100.700593415536
49456.25,49.45625,-100.705609156399
49462.5,49.4625,-100.848701390428
49468.75,49.46875,-101.134355541304
49475,49.475,-101.572159199061
49481.25,49.48125,-102.178197052037
49487.5,49.4875,-102.97770288114
49493.75,49.49375,-104.010018628346
49500,49.5,-105.338317239236
49506.25,49.50625,-107.07048208632
49512.5,49.5125,-109.410743163964
49518.75,49.51875,-112.819532884785
49525,49.525,-118.76701689528
49531.25,49.53125,-171.841106978744
49537.5,49.5375,-118.81614056423
49543.75,49.54375,-112.859927345051
49550,49.55,-109.45526172369
49556.25,49.55625,-107.12233468391
49562.5,49.5625,-105.398783885181
49568.75,49.56875,-104.079734809494
49575,49.575,-103.057026613845
49581.25,49.58125,-102.267346272871
49587.5,49.5875,-101.671272508154
49593.75,49.59375,-101.243522165599
49600,49.6,-100.967976992231
49606.25,49.60625,-100.835024334905
49612.5,49.6125,-100.840157939165
49618.75,49.61875,-100.983369661308
49625,49.625,-101.269148396479
49631.25,49.63125,-101.707085910536
49637.5,49.6375,-102.313272482985
49643.75,49.64375,-103.112950117834
49650,49.65,-104.145473968262
49656.25,49.65625,-105.474040301642
49662.5,49.6625,-107.206578674967
49668.75,49.66875,-109.547426323803
49675,49.675,-112.957336578873
49681.25,49.68125,-118.908076258411
49687.5,49.6875,-175.497974371848
49693.75,49.69375,-118.944443227939
49700,49.7,-112.991503527972
49706.25,49.70625,-109.58796176174
49712.5,49.7125,-107.255622473397
49718.75,49.71875,-105.532445766707
49725,49.725,-104.213664741287
49731.25,49.73125,-103.19116486743
49737.5,49.7375,-102.401656495131
49743.75,49.74375,-101.805731582499
49750,49.75,-101.378115211508
49756.25,49.75625,-101.102694727242
49762.5,49.7625,-100.969861655891
49768.75,49.76875,-100.975113215798
49775,49.775,-101.118444520967
49781.25,49.78125,-101.404347937939
49787.5,49.7875,-101.842419408692
49793.75,49.79375,-102.448754804739
49800,49.8,-103.248604354982
49806.25,49.80625,-104.281336427594
49812.5,49.8125,-105.610170620184
49818.75,49.81875,-107.343082695497
49825,49.825,-109.684517195101
49831.25,49.83125,-113.095548641336
49837.5,49.8375,-119.049547337128
49843.75,49.84375,-181.653884478793
49850,49.85,-119.073159079261
49856.25,49.85625,-113.123489109341
49862.5,49.8625,-109.721070535011
49868.75,49.86875,-107.389318817368
49875,49.875,-105.666516167369
49881.25,49.88125,-104.348003216462
49887.5,49.8875,-103.325711717964
49893.75,49.89375,-102.536375384255
49900,49.9,-101.940599403616
49906.25,49.90625,-101.513117090703
49912.5,49.9125,-101.237821386738
49918.75,49.91875,-101.10510799614
49925,49.925,-101.110477609448
49931.25,49.93125,-101.253928598137
49937.5,49.9375,-101.539956800241
49943.75,49.94375,-101.978162334362
49950,49.95,-102.584646665125
49956.25,49.95625,-103.384668248526
49962.5,49.9625,-104.417608672147
49968.75,49.96875,-105.746710873416
49975,49.975,-107.479996844344
49981.25,49.98125,-109.822018502516
49987.5,49.9875,-113.234171851214
49993.75,49.99375,-119.191433072887
50000,50,-369.241245065304
