freq_hz,freq_over_rbw,magnitude_db
0,0,3.85730986621315e-15
62.5,0.000625,-5.72331803147868e-06
125,0.00125,-2.28898168729656e-05
187.5,0.001875,-5.14891327801422e-05
250,0.0025,-9.15040000702493e-05
312.5,0.003125,-0.000142910261662347
375,0.00375,-0.000205676884246103
437.5,0.004375,-0.000279765977543208
500,0.005,-0.000365132817606089
562.5,0.005625,-0.000461725874846317
625,0.00625,-0.000569486845798781
687.5,0.006875,-0.000688350689461287
750,0.0075,-0.000818245667628084
812.5,0.008125,-0.000959093389503113
875,0.00875,-0.00111080886035156
937.5,0.009375,-0.00127330053417042
1000,0.01,-0.00144647037085666
1062.5,0.010625,-0.00163021389686387
1125,0.01125,-0.00182442027043411
1187.5,0.011875,-0.00202897235018506
1250,0.0125,-0.00224374676833856
1312.5,0.013125,-0.00246861400717704
1375,0.01375,-0.00270343847997603
1437.5,0.014375,-0.00294807861502938
1500,0.015,-0.00320238694410269
1562.5,0.015625,-0.00346621019437476
1625,0.01625,-0.00373938938365446
1687.5,0.016875,-0.00402175991978069
1750,0.0175,-0.00431315170315365
1812.5,0.018125,-0.00461338923302481
1875,0.01875,-0.00492229171678989
1937.5,0.019375,-0.00523967318320496
2000,0.02,-0.00556534259832147
2062.5,0.020625,-0.00589910398511048
2125,0.02125,-0.00624075654593004
2187.5,0.021875,-0.00659009478813919
2250,0.0225,-0.00694690865282124
2312.5,0.023125,-0.00731098364613803
2375,0.02375,-0.00768210097416186
2437.5,0.024375,-0.00806003767955419
2500,0.025,-0.00844456678180553
2562.5,0.025625,-0.0088354574195172
2625,0.02625,-0.00923247499555514
2687.5,0.026875,-0.00963538132415079
2750,0.0275,-0.0100439347809797
2812.5,0.028125,-0.0104578904549942
2875,0.02875,-0.0108770003026856
2937.5,0.029375,-0.0113010133042707
3000,0.03,-0.0117296756218601
3062.5,0.030625,-0.012162730759548
3125,0.03125,-0.0125999197253671
3187.5,0.031875,-0.0130409811947325
3250,0.0325,-0.0134856516755535
3312.5,0.033125,-0.0139336656749264
3375,0.03375,-0.01438475586696
3437.5,0.034375,-0.0148386532622213
3500,0.035,-0.0152950873778016
3562.5,0.035625,-0.0157537864091825
3625,0.03625,-0.016214477402356
3687.5,0.036875,-0.0166768864273359
3750,0.0375,-0.0171407387520059
3812.5,0.038125,-0.0176057590166684
3875,0.03875,-0.0180716714095481
3937.5,0.039375,-0.018538199842084
4000,0.04,-0.0190050681247238
4062.5,0.040625,-0.019472000143274
4125,0.04125,-0.0199387200348415
4187.5,0.041875,-0.0204049523640223
4250,0.0425,-0.0208704222987582
4312.5,0.043125,-0.021334855786006
4375,0.04375,-0.0217979797272649
4437.5,0.044375,-0.0222595221530735
4500,0.045,-0.022719212397544
4562.5,0.045625,-0.0231767812717596
4625,0.04625,-0.0236319612364508
4687.5,0.046875,-0.0240844865737701
4750,0.0475,-0.0245340935579279
4812.5,0.048125,-0.0249805206250644
4875,0.04875,-0.0254235085410889
4937.5,0.049375,-0.0258628005688269
5000,0.05,-0.0262981426333788
5062.5,0.050625,-0.0267292834861586
5125,0.05125,-0.0271559748664879
5187.5,0.051875,-0.0275779716624825
5250,0.0525,-0.0279950320690296
5312.5,0.053125,-0.0284069177441611
5375,0.05375,-0.0288133939634985
5437.5,0.054375,-0.0292142297721422
5500,0.055,-0.0296091981341003
5562.5,0.055625,-0.0299980760798283
5625,0.05625,-0.0303806448507584
5687.5,0.056875,-0.0307566900412512
5750,0.0575,-0.0311260017380623
5812.5,0.058125,-0.0314883746569324
5875,0.05875,-0.031843608275872
5937.5,0.059375,-0.0321915069659574
6000,0.06,-0.0325318801186977
6062.5,0.060625,-0.0328645422704809
6125,0.06125,-0.0331893132235417
6187.5,0.061875,-0.0335060181636283
6250,0.0625,-0.0338144877741172
6312.5,0.063125,-0.0341145583470445
6375,0.06375,-0.0344060718901177
6437.5,0.064375,-0.0346888762301796
6500,0.065,-0.0349628251130614
6562.5,0.065625,-0.0352277782994734
6625,0.06625,-0.0354836016572953
6687.5,0.066875,-0.0357301672493315
6750,0.0675,-0.0359673534181372
6812.5,0.068125,-0.0361950448654297
6875,0.06875,-0.0364131327286817
6937.5,0.069375,-0.0366215146527072
7000,0.07,-0.0368200948573927
7062.5,0.070625,-0.0370087842009747
7125,0.07125,-0.0371875002393076
7187.5,0.071875,-0.03735616728048
7250,0.0725,-0.0375147164351875
7312.5,0.073125,-0.037663085662837
7375,0.07375,-0.0378012198125847
7437.5,0.074375,-0.0379290706609418
7500,0.075,-0.0380465969437939
7562.5,0.075625,-0.0381537643845777
7625,0.07625,-0.0382505457175129
7687.5,0.076875,-0.0383369207066726
7750,0.0775,-0.0384128761600458
7812.5,0.078125,-0.0384784059393106
7875,0.07875,-0.0385335109647313
7937.5,0.079375,-0.0385781992155933
8000,0.08,-0.0386124857263733
8062.5,0.080625,-0.0386363925773936
8125,0.08125,-0.0386499488818896
8187.5,0.081875,-0.0386531907678022
8250,0.0825,-0.0386461613552735
8312.5,0.083125,-0.0386289107295871
8375,0.08375,-0.0386014959093174
8437.5,0.084375,-0.0385639808101755
8500,0.085,-0.0385164362043012
8562.5,0.085625,-0.0384589396751823
8625,0.08625,-0.0383915755677136
8687.5,0.086875,-0.0383144349343136
8750,0.0875,-0.0382276154764299
8812.5,0.088125,-0.0381312214818342
8875,0.08875,-0.0380253637573837
8937.5,0.089375,-0.0379101595577393
9000,0.09,-0.0377857325099025
9062.5,0.090625,-0.0376522125333024
9125,0.09125,-0.0375097357562259
9187.5,0.091875,-0.0373584444279687
9250,0.0925,-0.0371984868266974
9312.5,0.093125,-0.0370300171640857
9375,0.09375,-0.0368531954855304
9437.5,0.094375,-0.0366681875667992
9500,0.095,-0.0364751648069243
9562.5,0.095625,-0.0362743041173761
9625,0.09625,-0.0360657878077641
9687.5,0.096875,-0.0358498034681717
9750,0.0975,-0.0356265438477918
9812.5,0.098125,-0.0353962067301962
9875,0.09875,-0.0351589948058652
9937.5,0.099375,-0.0349151155410368
10000,0.1,-0.0346647810435019
10062.5,0.100625,-0.0344082079259056
10125,0.10125,-0.034145617165508
10187.5,0.101875,-0.0338772339616144
10250,0.1025,-0.033603287590108
10312.5,0.103125,-0.0333240112554675
10375,0.10375,-0.0330396419401416
10437.5,0.104375,-0.032750420251511
10500,0.105,-0.0324565902669495
10562.5,0.105625,-0.0321583993760474
10625,0.10625,-0.0318560981211842
10687.5,0.106875,-0.0315499400359788
10750,0.1075,-0.0312401814817765
10812.5,0.108125,-0.0309270814827761
10875,0.10875,-0.0306109015586341
10937.5,0.109375,-0.0302919055563271
11000,0.11,-0.0299703594803763
11062.5,0.110625,-0.029646531321392
11125,0.11125,-0.0293206908838233
11187.5,0.111875,-0.0289931096122381
11250,0.1125,-0.0286640604169126
11312.5,0.113125,-0.0283338174983254
11375,0.11375,-0.0280026561710888
11437.5,0.114375,-0.027670852686907
11500,0.115,-0.0273386840572927
11562.5,0.115625,-0.0270064278758214
11625,0.11625,-0.0266743621397111
11687.5,0.116875,-0.0263427650719268
11750,0.1175,-0.026011914942375
11812.5,0.118125,-0.0256820898898253
11875,0.11875,-0.0253535677434092
11937.5,0.119375,-0.0250266258449945
12000,0.12,-0.024701540871244
12062.5,0.120625,-0.0243785886568325
12125,0.12125,-0.0240580440176715
12187.5,0.121875,-0.0237401805752707
12250,0.1225,-0.0234252705819206
12312.5,0.123125,-0.0231135847461963
12375,0.12375,-0.0228053920606286
12437.5,0.124375,-0.0225009596293182
12500,0.125,-0.0222005524977094
12562.5,0.125625,-0.0219044334832095
12625,0.12625,-0.0216128630075091
12687.5,0.126875,-0.0213260989306924
12750,0.1275,-0.0210443963863732
12812.5,0.128125,-0.0207680076193837
12875,0.12875,-0.0204971818247372
12937.5,0.129375,-0.0202321649890688
13000,0.13,-0.0199731997337973
13062.5,0.130625,-0.0197205251606927
13125,0.13125,-0.0194743766995685
13187.5,0.131875,-0.019234985958577
13250,0.1325,-0.0190025805765381
13312.5,0.133125,-0.0187773840783422
13375,0.13375,-0.018559615732929
13437.5,0.134375,-0.0183494904133873
13500,0.135,-0.0181472184606439
13562.5,0.135625,-0.0179530055497253
13625,0.13625,-0.0177670525589904
13687.5,0.136875,-0.0175895554423501
13750,0.1375,-0.0174207051051065
13812.5,0.138125,-0.0172606872821527
13875,0.13875,-0.0171096824204809
13937.5,0.139375,-0.0169678655641973
14000,0.14,-0.0168354062434482
14062.5,0.140625,-0.0167124683669675
14125,0.14125,-0.0165992101175074
14187.5,0.141875,-0.0164957838517699
14250,0.1425,-0.0164023360035991
14312.5,0.143125,-0.0163190069908159
14375,0.14375,-0.0162459311260338
14437.5,0.144375,-0.016183236531524
14500,0.145,-0.0161310450576574
14562.5,0.145625,-0.016089472205462
14625,0.14625,-0.0160586270536003
14687.5,0.146875,-0.0160386121882901
14750,0.1475,-0.0160295236389492
14812.5,0.148125,-0.0160314508164517
14875,0.14875,-0.0160444764565347
14937.5,0.149375,-0.0160686765672197
15000,0.15,-0.0161041203801868
15062.5,0.150625,-0.0161508703068495
15125,0.15125,-0.0162089818985188
15187.5,0.151875,-0.0162785038107977
15250,0.1525,-0.0163594777728484
15312.5,0.153125,-0.0164519385603006
15375,0.15375,-0.0165559139731669
15437.5,0.154375,-0.0166714248180653
15500,0.155,-0.0167984848945226
15562.5,0.155625,-0.0169371009861578
15625,0.15625,-0.0170872728562005
15687.5,0.156875,-0.0172489932471974
15750,0.1575,-0.0174222478855187
15812.5,0.158125,-0.0176070154902495
15875,0.15875,-0.0178032677862742
15937.5,0.159375,-0.0180109695222825
16000,0.16,-0.0182300784926955
16062.5,0.160625,-0.0184605455645027
16125,0.16125,-0.0187023147081759
16187.5,0.161875,-0.0189553230331481
16250,0.1625,-0.0192195008275555
16312.5,0.163125,-0.0194947716026006
16375,0.16375,-0.0197810521409176
16437.5,0.164375,-0.0200782525495404
16500,0.165,-0.0203862763169397
16562.5,0.165625,-0.020705020374443
16625,0.16625,-0.0210343751618206
16687.5,0.166875,-0.0213742246972587
16750,0.1675,-0.0217244466508931
16812.5,0.168125,-0.0220849124232601
16875,0.16875,-0.022455487227151
16937.5,0.169375,-0.0228360301738094
17000,0.17,-0.0232263943628571
17062.5,0.170625,-0.0236264269766488
17125,0.17125,-0.0240359693774689
17187.5,0.171875,-0.0244548572098342
17250,0.1725,-0.0248829205054228
17312.5,0.173125,-0.0253199837923875
17375,0.17375,-0.0257658662076606
17437.5,0.174375,-0.0262203816136568
17500,0.175,-0.0266833387175636
17562.5,0.175625,-0.0271545411946192
17625,0.17625,-0.0276337878145165
17687.5,0.176875,-0.0281208725710478
17750,0.1775,-0.0286155848150686
17812.5,0.178125,-0.0291177093903296
17875,0.17875,-0.0296270267726539
17937.5,0.179375,-0.0301433132117244
18000,0.18,-0.0306663408758589
18062.5,0.180625,-0.0311958779996072
18125,0.18125,-0.0317316890338047
18187.5,0.181875,-0.0322735347987063
18250,0.1825,-0.0328211726388235
18312.5,0.183125,-0.0333743565806997
18375,0.18375,-0.033932837493093
18437.5,0.184375,-0.0344963632486602
18500,0.185,-0.0350646788885932
18562.5,0.185625,-0.0356375267883809
18625,0.18625,-0.0362146468263494
18687.5,0.186875,-0.036795776553147
18750,0.1875,-0.037380651363202
18812.5,0.188125,-0.0379690046681101
18875,0.18875,-0.0385605680708857
18937.5,0.189375,-0.0391550715417607
19000,0.19,-0.0397522435953538
19062.5,0.190625,-0.0403518114688881
19125,0.19125,-0.0409535013010527
19187.5,0.191875,-0.0415570383121727
19250,0.1925,-0.0421621469850673
19312.5,0.193125,-0.042768551246099
19375,0.19375,-0.0433759746476047
19437.5,0.194375,-0.0439841405495554
19500,0.195,-0.0445927723026936
19562.5,0.195625,-0.0452015934308848
19625,0.19625,-0.0458103278139474
19687.5,0.196875,-0.0464186998703786
19750,0.1975,-0.04702643473979
19812.5,0.198125,-0.0476332584648349
19875,0.19875,-0.0482388981729359
19937.5,0.199375,-0.0488430822574066
20000,0.2,-0.0494455405574835
20062.5,0.200625,-0.0500460045382481
20125,0.20125,-0.0506442074686561
20187.5,0.201875,-0.0512398845993014
20250,0.2025,-0.0518327733384934
20312.5,0.203125,-0.0524226134273261
20375,0.20375,-0.053009147112806
20437.5,0.204375,-0.0535921193199259
20500,0.205,-0.0541712778218019
20562.5,0.205625,-0.0547463734081277
20625,0.20625,-0.0553171600511795
20687.5,0.206875,-0.0558833950707393
20750,0.2075,-0.0564448392956819
20812.5,0.208125,-0.0570012572243546
20875,0.20875,-0.0575524171816606
20937.5,0.209375,-0.0580980914743052
21000,0.21,-0.0586380565429009
21062.5,0.210625,-0.0591720931117316
21125,0.21125,-0.0596999863353502
21187.5,0.211875,-0.0602215259421032
21250,0.2125,-0.0607365063753525
21312.5,0.213125,-0.0612447269305586
21375,0.21375,-0.0617459918894825
21437.5,0.214375,-0.0622401106512506
21500,0.215,-0.0627268978597908
21562.5,0.215625,-0.0632061735271377
21625,0.21625,-0.0636777631541249
21687.5,0.216875,-0.0641414978463225
21750,0.2175,-0.0645972144269003
21812.5,0.218125,-0.0650447555447772
21875,0.21875,-0.0654839697796446
21937.5,0.219375,-0.0659147117420265
22000,0.22,-0.0663368421696671
22062.5,0.220625,-0.066750228019536
22125,0.22125,-0.0671547425556401
22187.5,0.221875,-0.0675502654319877
22250,0.2225,-0.067936682771573
22312.5,0.223125,-0.0683138872405516
22375,0.22375,-0.0686817781179844
22437.5,0.224375,-0.0690402613606982
22500,0.225,-0.069389249663756
22562.5,0.225625,-0.0697286625157113
22625,0.22625,-0.0700584262495889
22687.5,0.226875,-0.0703784740885427
22750,0.2275,-0.070688746187043
22812.5,0.228125,-0.0709891896664528
22875,0.22875,-0.0712797586467389
22937.5,0.229375,-0.0715604142717587
23000,0.23,-0.0718311247309602
23062.5,0.230625,-0.0720918652748721
23125,0.23125,-0.0723426182262034
23187.5,0.231875,-0.0725833729856653
23250,0.2325,-0.0728141260325529
23312.5,0.233125,-0.073034880920424
23375,0.23375,-0.0732456482675529
23437.5,0.234375,-0.0734464457421068
23500,0.235,-0.0736372980428618
23562.5,0.235625,-0.0738182368736726
23625,0.23625,-0.0739893009140964
23687.5,0.236875,-0.074150535783856
23750,0.2375,-0.0743019940031397
23812.5,0.238125,-0.0744437349471164
23875,0.23875,-0.0745758247959132
23937.5,0.239375,-0.0746983364792979
24000,0.24,-0.0748113496165306
24062.5,0.240625,-0.0749149504515333
24125,0.24125,-0.0750092317826297
24187.5,0.241875,-0.0750942928877315
24250,0.2425,-0.0751702394451192
24312.5,0.243125,-0.0752371834487742
24375,0.24375,-0.0752952431193185
24437.5,0.244375,-0.0753445428105297
24500,0.245,-0.0753852129110867
24562.5,0.245625,-0.0754173897418826
24625,0.24625,-0.0754412154486035
24687.5,0.246875,-0.0754568378905342
24750,0.2475,-0.0754644105245011
24812.5,0.248125,-0.0754640922850294
24875,0.24875,-0.0754560474599604
24937.5,0.249375,-0.075440445562599
25000,0.25,-0.0754174611991838
25062.5,0.250625,-0.0753872739331676
25125,0.25125,-0.0753500681452042
25187.5,0.251875,-0.0753060328899249
25250,0.2525,-0.0752553617487705
25312.5,0.253125,-0.0751982526794802
25375,0.25375,-0.075134907862288
25437.5,0.254375,-0.0750655335429501
25500,0.255,-0.0749903398721664
25562.5,0.255625,-0.0749095407424851
25625,0.25625,-0.0748233536222814
25687.5,0.256875,-0.0747319993863127
25750,0.2575,-0.0746357021443892
25812.5,0.258125,-0.0745346890670779
25875,0.25875,-0.074429190209025
25937.5,0.259375,-0.0743194383299362
26000,0.26,-0.0742056687135505
26062.5,0.260625,-0.0740881189841932
26125,0.26125,-0.0739670289220643
26187.5,0.261875,-0.073842640276233
26250,0.2625,-0.0737151965759592
26312.5,0.263125,-0.0735849429407573
26375,0.26375,-0.0734521258892441
26437.5,0.264375,-0.0733169931462188
26500,0.265,-0.073179793449146
26562.5,0.265625,-0.0730407763533992
26625,0.26625,-0.0729001920370167
26687.5,0.266875,-0.0727582911044842
26750,0.2675,-0.0726153243900148
26812.5,0.268125,-0.072471542760867
26875,0.26875,-0.0723271969200443
26937.5,0.269375,-0.0721825372088461
27000,0.27,-0.0720378134100595
27062.5,0.270625,-0.0718932745507179
27125,0.27125,-0.0717491687057949
27187.5,0.271875,-0.0716057428016888
27250,0.2725,-0.0714632424215687
27312.5,0.273125,-0.0713219116101267
27375,0.27375,-0.0711819926803889
27437.5,0.274375,-0.0710437260212792
27500,0.275,-0.0709073499061849
27562.5,0.275625,-0.070773100303248
27625,0.27625,-0.0706412106874734
27687.5,0.276875,-0.0705119118538538
27750,0.2775,-0.0703854317328447
27812.5,0.278125,-0.0702619952078824
27875,0.27875,-0.0701418239348348
27937.5,0.279375,-0.070025136163777
28000,0.28,-0.0699121465633129
28062.5,0.280625,-0.0698030660475083
28125,0.28125,-0.0696981016054884
28187.5,0.281875,-0.0695974561337329
28250,0.2825,-0.06950132827181
28312.5,0.283125,-0.0694099122408231
28375,0.28375,-0.0693233976855575
28437.5,0.284375,-0.0692419695194229
28500,0.285,-0.0691658077738717
28562.5,0.285625,-0.0690950874506004
28625,0.28625,-0.069029978378358
28687.5,0.286875,-0.0689706450729162
28750,0.2875,-0.0689172466019051
28812.5,0.288125,-0.0688699364533275
28875,0.28875,-0.068828862408654
28937.5,0.289375,-0.068794166420132
29000,0.29,-0.068765984493147
29062.5,0.290625,-0.06874444657283
29125,0.29125,-0.0687296764355573
29187.5,0.291875,-0.0687217915855279
29250,0.2925,-0.0687209031565355
29312.5,0.293125,-0.0687271158181361
29375,0.29375,-0.0687405276882653
29437.5,0.294375,-0.0687612302499582
29500,0.295,-0.068789308274608
29562.5,0.295625,-0.0688248397499644
29625,0.29625,-0.0688678958144531
29687.5,0.296875,-0.0689185406966943
29750,0.2975,-0.0689768316612926
29812.5,0.298125,-0.0690428189602414
29875,0.29875,-0.0691165457906714
29937.5,0.299375,-0.0691980482582833
30000,0.3,-0.069287355347583
30062.5,0.300625,-0.0693844888976161
30125,0.30125,-0.0694894635846327
30187.5,0.301875,-0.0696022869108792
30250,0.3025,-0.0697229592000356
30312.5,0.303125,-0.0698514735988573
30375,0.30375,-0.0699878160858203
30437.5,0.304375,-0.0701319654862368
30500,0.305,-0.0702838934939455
30562.5,0.305625,-0.0704435646999275
30625,0.30625,-0.0706109366276761
30687.5,0.306875,-0.0707859597754707
30750,0.3075,-0.0709685776652679
30812.5,0.308125,-0.0711587268990102
30875,0.30875,-0.0713563372212195
30937.5,0.309375,-0.071561331589338
31000,0.31,-0.0717736262502127
31062.5,0.310625,-0.0719931308244726
31125,0.31125,-0.0722197483970655
31187.5,0.311875,-0.0724533756158336
31250,0.3125,-0.0726939027960661
31312.5,0.313125,-0.0729412140328212
31375,0.31375,-0.0731951873203661
31437.5,0.314375,-0.0734556946781009
31500,0.315,-0.0737226022839639
31562.5,0.315625,-0.0739957706148098
31625,0.31625,-0.0742750545937158
31687.5,0.316875,-0.0745603037442346
31750,0.3175,-0.0748513623518695
31812.5,0.318125,-0.0751480696320263
31875,0.31875,-0.0754502599054803
31937.5,0.319375,-0.0757577627800278
32000,0.32,-0.0760704033396192
32062.5,0.320625,-0.076388002339591
32125,0.32125,-0.076710376409327
32187.5,0.321875,-0.0770373382608413
32250,0.3225,-0.0773686969045362
32312.5,0.323125,-0.0777042578714231
32375,0.32375,-0.0780438234412426
32437.5,0.324375,-0.0783871928777358
32500,0.325,-0.0787341626698326
32562.5,0.325625,-0.0790845267789162
32625,0.32625,-0.0794380768925376
32687.5,0.326875,-0.0797946026842202
32750,0.3275,-0.0801538920785833
32812.5,0.328125,-0.0805157315230493
32875,0.32875,-0.080879906265002
32937.5,0.329375,-0.0812462006342562
33000,0.33,-0.0816143983317388
33062.5,0.330625,-0.0819842827226707
33125,0.33125,-0.0823556371357011
33187.5,0.331875,-0.0827282451670478
33250,0.3325,-0.0831018909892291
33312.5,0.333125,-0.0834763596650622
33375,0.33375,-0.0838514374663502
33437.5,0.334375,-0.0842269121969586
33500,0.335,-0.0846025735203896
33562.5,0.335625,-0.0849782132916172
33625,0.33625,-0.0853536258932007
33687.5,0.336875,-0.0857286085748404
33750,0.3375,-0.0861029617975422
33812.5,0.338125,-0.0864764895804817
33875,0.33875,-0.0868489998518663
33937.5,0.339375,-0.0872203048030732
34000,0.34,-0.0875902212454151
34062.5,0.340625,-0.0879585709704511
34125,0.34125,-0.0883251811122815
34187.5,0.341875,-0.0886898845129977
34250,0.3425,-0.0890525200899765
34312.5,0.343125,-0.0894129332057444
34375,0.34375,-0.0897709760392083
34437.5,0.344375,-0.0901265079591509
34500,0.345,-0.0904793958991416
34562.5,0.345625,-0.0908295147331457
34625,0.34625,-0.0911767476533144
34687.5,0.346875,-0.0915209865475964
34750,0.3475,-0.0918621323787284
34812.5,0.348125,-0.0922000955635314
34875,0.34875,-0.0925347963521905
34937.5,0.349375,-0.0928661652077557
35000,0.35,-0.0931941431855587
35062.5,0.350625,-0.0935186823120089
35125,0.35125,-0.0938397459627066
35187.5,0.351875,-0.0941573092400538
35250,0.3525,-0.0944713593491396
35312.5,0.353125,-0.0947818959730994
35375,0.35375,-0.0950889316462037
35437.5,0.354375,-0.0953924921255701
35500,0.355,-0.0956926167609907
35562.5,0.355625,-0.0959893588618921
35625,0.35625,-0.0962827860627633
35687.5,0.356875,-0.0965729806853373
35750,0.3575,-0.0968600400977385
35812.5,0.358125,-0.0971440770710781
35875,0.35875,-0.0974252201321919
35937.5,0.359375,-0.0977036139131937
36000,0.36,-0.0979794194968897
36062.5,0.360625,-0.0982528147585256
36125,0.36125,-0.0985239947031284
36187.5,0.361875,-0.0987931717984403
36250,0.3625,-0.0990605763034036
36312.5,0.363125,-0.0993264565914402
36375,0.36375,-0.0995910794691046
36437.5,0.364375,-0.0998547304889816
36500,0.365,-0.100117714257787
36562.5,0.365625,-0.100380354738202
36625,0.36625,-0.100642995545253
36687.5,0.366875,-0.100906000236453
36750,0.3675,-0.101169752595842
36812.5,0.368125,-0.101434656911628
36875,0.36875,-0.101701138247288
36937.5,0.369375,-0.101969642705679
37000,0.37,-0.102240637686765
37062.5,0.370625,-0.102514612137475
37125,0.37125,-0.102792076795284
37187.5,0.371875,-0.103073564423642
37250,0.3725,-0.103359630040294
37312.5,0.373125,-0.103650851137483
37375,0.37375,-0.103947827895174
37437.5,0.374375,-0.104251183385467
37500,0.375,-0.104561563769234
37562.5,0.375625,-0.104879638484871
37625,0.37625,-0.105206100428553
37687.5,0.376875,-0.105541666125734
37750,0.3775,-0.10588707589472
37812.5,0.378125,-0.106243094001401
37875,0.37875,-0.10661050880518
37937.5,0.379375,-0.106990132896422
38000,0.38,-0.107382803224549
38062.5,0.380625,-0.10778938121807
38125,0.38125,-0.10821075289465
38187.5,0.381875,-0.108647828963055
38250,0.3825,-0.109101544915344
38312.5,0.383125,-0.109572861110457
38375,0.38375,-0.11006276284831
38437.5,0.384375,-0.110572260434876
38500,0.385,-0.111102389238133
38562.5,0.385625,-0.11165420973466
38625,0.38625,-0.112228807547167
38687.5,0.386875,-0.112827293472799
38750,0.3875,-0.113450803502057
38812.5,0.388125,-0.114100498828976
38875,0.38875,-0.114777565851525
38937.5,0.389375,-0.115483216163658
39000,0.39,-0.116218686537475
39062.5,0.390625,-0.11698523889682
39125,0.39125,-0.117784160281979
39187.5,0.391875,-0.11861676280491
39250,0.3925,-0.119484383596255
39312.5,0.393125,-0.120388384742853
39375,0.39375,-0.121330153217257
39437.5,0.394375,-0.122311100797989
39500,0.395,-0.123332663981482
39562.5,0.395625,-0.124396303885661
39625,0.39625,-0.125503506145009
39687.5,0.396875,-0.126655780797295
39750,0.3975,-0.127854662162427
39812.5,0.398125,-0.12910170871305
39875,0.39875,-0.130398502937188
39937.5,0.399375,-0.13174665119343
40000,0.4,-0.133147783558044
40062.5,0.400625,-0.134603553664911
40125,0.40125,-0.136115638537966
40187.5,0.401875,-0.137685738416352
40250,0.4025,-0.139315576572662
40312.5,0.403125,-0.141006899124039
40375,0.40375,-0.142761474836766
40437.5,0.404375,-0.144581094924268
40500,0.405,-0.146467572838265
40562.5,0.405625,-0.148422744054278
40625,0.40625,-0.15044846585078
40687.5,0.406875,-0.15254661708203
40750,0.4075,-0.154719097946251
40812.5,0.408125,-0.156967829746943
40875,0.40875,-0.159294754649991
40937.5,0.409375,-0.161701835434854
41000,0.41,-0.164191055241289
41062.5,0.410625,-0.166764417310828
41125,0.41125,-0.169423944723997
41187.5,0.411875,-0.172171680132973
41250,0.4125,-0.175009685490417
41312.5,0.413125,-0.177940041773408
41375,0.41375,-0.180964848704854
41437.5,0.414375,-0.184086224470177
41500,0.415,-0.18730630543095
41562.5,0.415625,-0.190627245836016
41625,0.41625,-0.194051217528336
41687.5,0.416875,-0.197580409650084
41750,0.4175,-0.201217028344788
41812.5,0.418125,-0.204963296456947
41875,0.41875,-0.208821453229599
41937.5,0.419375,-0.212793753999817
42000,0.42,-0.216882469892697
42062.5,0.420625,-0.221089887513141
42125,0.42125,-0.225418308636915
42187.5,0.421875,-0.229870049899987
42250,0.4225,-0.234447442487057
42312.5,0.423125,-0.239152831819382
42375,0.42375,-0.243988577241596
42437.5,0.424375,-0.248957051708657
42500,0.425,-0.254060641471949
42562.5,0.425625,-0.259301745765553
42625,0.42625,-0.264682776492873
42687.5,0.426875,-0.270206157913073
42750,0.4275,-0.27587432632847
42812.5,0.428125,-0.281689729771938
42875,0.42875,-0.287654827696064
42937.5,0.429375,-0.293772090662313
43000,0.43,-0.300044000031937
43062.5,0.430625,-0.306473047657927
43125,0.43125,-0.313061735578777
43187.5,0.431875,-0.31981257571334
43250,0.4325,-0.326728089558125
43312.5,0.433125,-0.333810807885871
43375,0.43375,-0.341063270446668
43437.5,0.434375,-0.348488025671186
43500,0.435,-0.356087630376236
43562.5,0.435625,-0.363864649472898
43625,0.43625,-0.371821655677057
43687.5,0.436875,-0.379961229223245
43750,0.4375,-0.388285957580652
43812.5,0.438125,-0.396798435172974
43875,0.43875,-0.405501263100614
43937.5,0.439375,-0.41439704886674
44000,0.44,-0.423488406106512
44062.5,0.440625,-0.432777954319557
44125,0.44125,-0.442268318606498
44187.5,0.441875,-0.451962129408672
44250,0.4425,-0.461862022252172
44312.5,0.443125,-0.471970637495112
44375,0.44375,-0.482290620079638
44437.5,0.444375,-0.492824619287143
44500,0.445,-0.503575288498527
44562.5,0.445625,-0.51454528495782
44625,0.44625,-0.525737269540666
44687.5,0.446875,-0.537153906527156
44750,0.4475,-0.548797863378611
44812.5,0.448125,-0.560671810519498
44875,0.44875,-0.57277842112346
44937.5,0.449375,-0.585120370904255
45000,0.45,-0.597700337911176
45062.5,0.450625,-0.610521002329248
45125,0.45125,-0.623585046284394
45187.5,0.451875,-0.636895153653123
45250,0.4525,-0.650454009877268
45312.5,0.453125,-0.664264301783768
45375,0.45375,-0.678328717409025
45437.5,0.454375,-0.692649945828538
45500,0.455,-0.707230676991551
45562.5,0.455625,-0.72207360156059
45625,0.45625,-0.73718141075607
45687.5,0.456875,-0.752556796206132
45750,0.4575,-0.768202449801401
45812.5,0.458125,-0.784121063555229
45875,0.45875,-0.800315329468536
45937.5,0.459375,-0.816787939400194
46000,0.46,-0.833541584942537
46062.5,0.460625,-0.850578957301706
46125,0.46125,-0.867902747183908
46187.5,0.461875,-0.885515644685902
46250,0.4625,-0.903420339191347
46312.5,0.463125,-0.921619519272022
46375,0.46375,-0.940115872594616
46437.5,0.464375,-0.958912085831865
46500,0.465,-0.978010844579959
46562.5,0.465625,-0.99741483327996
46625,0.46625,-1.01712673514541
46687.5,0.466875,-1.0371492320942
46750,0.4675,-1.05748500468634
46812.5,0.468125,-1.07813673206619
46875,0.46875,-1.09910709190998
46937.5,0.469375,-1.12039876037866
47000,0.47,-1.1420144120757
47062.5,0.470625,-1.16395672000954
47125,0.47125,-1.18622835556161
47187.5,0.471875,-1.208831988459
47250,0.4725,-1.2317702867522
47312.5,0.473125,-1.25504591679798
47375,0.47375,-1.27866154324667
47437.5,0.474375,-1.30261982903516
47500,0.475,-1.3269234353838
47562.5,0.475625,-1.35157502179914
47625,0.47625,-1.3765772460807
47687.5,0.476875,-1.40193276433301
47750,0.4775,-1.42764423098235
47812.5,0.478125,-1.45371429879805
47875,0.47875,-1.48014561891851
47937.5,0.479375,-1.50694084088228
48000,0.48,-1.53410261266363
48062.5,0.480625,-1.56163358071224
48125,0.48125,-1.58953638999838
48187.5,0.481875,-1.61781368406203
48250,0.4825,-1.64646810506675
48312.5,0.483125,-1.67550229385806
48375,0.48375,-1.70491889002664
48437.5,0.484375,-1.73472053197523
48500,0.485,-1.76490985699064
48562.5,0.485625,-1.79548950132027
48625,0.48625,-1.82646210025212
48687.5,0.486875,-1.85783028820039
48750,0.4875,-1.88959669879441
48812.5,0.488125,-1.92176396497247
48875,0.48875,-1.95433471907975
48937.5,0.489375,-1.98731159297039
49000,0.49,-2.02069721811415
49062.5,0.490625,-2.05449422570695
49125,0.49125,-2.08870524678573
49187.5,0.491875,-2.1233329123477
49250,0.4925,-2.15837985347345
49312.5,0.493125,-2.1938487014544
49375,0.49375,-2.22974208792417
49437.5,0.494375,-2.26606264499458
49500,0.495,-2.30281300539483
49562.5,0.495625,-2.33999580261595
49625,0.49625,-2.37761367105827
49687.5,0.496875,-2.41566924618341
49750,0.4975,-2.45416516467068
49812.5,0.498125,-2.49310406457671
49875,0.49875,-2.5324885854996
49937.5,0.499375,-2.57232136874745
50000,0.5,-2.61260505751003
50062.5,0.500625,-2.65334229703512
50125,0.50125,-2.69453573480906
50187.5,0.501875,-2.73618802074038
50250,0.5025,-2.77830180734851
50312.5,0.503125,-2.82087974995589
50375,0.50375,-2.86392450688419
50437.5,0.504375,-2.90743873965484
50500,0.505,-2.95142511319346
50562.5,0.505625,-2.99588629603782
50625,0.50625,-3.04082496055121
50687.5,0.506875,-3.08624378313807
50750,0.5075,-3.13214544446557
50812.5,0.508125,-3.17853262968778
50875,0.50875,-3.22540802867485
50937.5,0.509375,-3.27277433624626
51000,0.51,-3.3206342524078
51062.5,0.510625,-3.36899048259342
51125,0.51125,-3.41784573791046
51187.5,0.511875,-3.46720273539029
51250,0.5125,-3.51706419824191
51312.5,0.513125,-3.56743285611106
51375,0.51375,-3.61831144534318
51437.5,0.514375,-3.6697027092504
51500,0.515,-3.72160939838392
51562.5,0.515625,-3.77403427081008
51625,0.51625,-3.82698009239128
51687.5,0.516875,-3.88044963707144
51750,0.5175,-3.93444568716645
51812.5,0.518125,-3.98897103365856
51875,0.51875,-4.04402847649643
51937.5,0.519375,-4.09962082489921
52000,0.52,-4.15575089766618
52062.5,0.520625,-4.212421523491
52125,0.52125,-4.26963554128069
52187.5,0.521875,-4.32739580048059
52250,0.5225,-4.38570516140359
52312.5,0.523125,-4.44456649556529
52375,0.52375,-4.50398268602393
52437.5,0.524375,-4.56395662772634
52500,0.525,-4.62449122785893
52562.5,0.525625,-4.6855894062047
52625,0.52625,-4.74725409550561
52687.5,0.526875,-4.80948824183109
52750,0.5275,-4.87229480495219
52812.5,0.528125,-4.93567675872219
52875,0.52875,-4.9996370914629
52937.5,0.529375,-5.06417880635756
53000,0.53,-5.12930492184992
53062.5,0.530625,-5.19501847205028
53125,0.53125,-5.26132250714768
53187.5,0.531875,-5.32822009382925
53250,0.5325,-5.3957143157062
53312.5,0.533125,-5.46380827374756
53375,0.53375,-5.53250508672024
53437.5,0.534375,-5.60180789163748
53500,0.535,-5.67171984421401
53562.5,0.535625,-5.74224411932983
53625,0.53625,-5.81338391150118
53687.5,0.536875,-5.88514243536
53750,0.5375,-5.95752292614179
53812.5,0.538125,-6.03052864018186
53875,0.53875,-6.10416285542016
53937.5,0.539375,-6.1784288719153
54000,0.54,-6.25333001236747
54062.5,0.540625,-6.32886962265125
54125,0.54125,-6.40505107235711
54187.5,0.541875,-6.48187775534373
54250,0.5425,-6.55935309029994
54312.5,0.543125,-6.63748052131703
54375,0.54375,-6.71626351847192
54437.5,0.544375,-6.79570557842078
54500,0.545,-6.87581022500465
54562.5,0.545625,-6.95658100986579
54625,0.54625,-7.03802151307623
54687.5,0.546875,-7.12013534377833
54750,0.5475,-7.20292614083788
54812.5,0.548125,-7.28639757351006
54875,0.54875,-7.37055334211827
54937.5,0.549375,-7.45539717874673
55000,0.55,-7.54093284794703
55062.5,0.550625,-7.6271641474588
55125,0.55125,-7.71409490894513
55187.5,0.551875,-7.80172899874317
55250,0.5525,-7.89007031863016
55312.5,0.553125,-7.97912280660561
55375,0.55375,-8.06889043768992
55437.5,0.554375,-8.15937722473983
55500,0.555,-8.25058721928149
55562.5,0.555625,-8.34252451236132
55625,0.55625,-8.4351932354156
55687.5,0.556875,-8.52859756115911
55750,0.5575,-8.622741704493
55812.5,0.558125,-8.71762992343347
55875,0.55875,-8.81326652006106
55937.5,0.559375,-8.90965584149133
56000,0.56,-9.00680228086789
56062.5,0.560625,-9.10471027837819
56125,0.56125,-9.20338432229319
56187.5,0.561875,-9.30282895003061
56250,0.5625,-9.40304874924425
56312.5,0.563125,-9.5040483589384
56375,0.56375,-9.60583247060953
56437.5,0.564375,-9.70840582941513
56500,0.565,-9.81177323537147
56562.5,0.565625,-9.91593954458062
56625,0.56625,-10.0209096704875
56687.5,0.566875,-10.1266885851691
56750,0.5675,-10.2332813206554
56812.5,0.568125,-10.3406929702843
56875,0.56875,-10.4489286900909
56937.5,0.569375,-10.5579937002328
57000,0.57,-10.6678932864528
57062.5,0.570625,-10.7786328015792
57125,0.57125,-10.890217667066
57187.5,0.571875,-11.0026533745748
57250,0.5725,-11.1159454875985
57312.5,0.573125,-11.230099643129
57375,0.57375,-11.3451215533704
57437.5,0.574375,-11.4610170075003
57500,0.575,-11.5777918734784
57562.5,0.575625,-11.6954520999069
57625,0.57625,-11.8140037179432
57687.5,0.576875,-11.933452843266
57750,0.5775,-12.0538056780993
57812.5,0.578125,-12.1750685132935
57875,0.57875,-12.2972477304685
57937.5,0.579375,-12.420349804218
58000,0.58,-12.5443813043807
58062.5,0.580625,-12.6693488983783
58125,0.58125,-12.7952593536246
58187.5,0.581875,-12.9221195400071
58250,0.5825,-13.0499364324445
58312.5,0.583125,-13.1787171135238
58375,0.58375,-13.3084687762187
58437.5,0.584375,-13.4391987266938
58500,0.585,-13.5709143871966
58562.5,0.585625,-13.703623299043
58625,0.58625,-13.8373331256976
58687.5,0.586875,-13.9720516559545
58750,0.5875,-14.1077868072218
58812.5,0.588125,-14.2445466289147
58875,0.58875,-14.382339305961
58937.5,0.589375,-14.521173162424
59000,0.59,-14.6610566652485
59062.5,0.590625,-14.8019984281342
59125,0.59125,-14.9440072155418
59187.5,0.591875,-15.0870919468384
59250,0.5925,-15.2312617005885
59312.5,0.593125,-15.3765257189951
59375,0.59375,-15.5228934124997
59437.5,0.594375,-15.6703743645472
59500,0.595,-15.8189783365228
59562.5,0.595625,-15.9687152728703
59625,0.59625,-16.1195953063974
59687.5,0.596875,-16.2716287637795
59750,0.5975,-16.4248261712695
59812.5,0.598125,-16.5791982606224
59875,0.59875,-16.7347559752481
59937.5,0.599375,-16.8915104765993
60000,0.6,-17.0494731508084
60062.5,0.600625,-17.2086556155844
60125,0.60125,-17.369069727383
60187.5,0.601875,-17.5307275888624
60250,0.6025,-17.6936415566398
60312.5,0.603125,-17.8578242493636
60375,0.60375,-18.0232885561163
60437.5,0.604375,-18.1900476451661
60500,0.605,-18.3581149730846
60562.5,0.605625,-18.5275042942486
60625,0.60625,-18.6982296707478
60687.5,0.606875,-18.8703054827185
60750,0.6075,-19.0437464391264
60812.5,0.608125,-19.2185675890219
60875,0.60875,-19.3947843332948
60937.5,0.609375,-19.5724124369547
61000,0.61,-19.7514680419656
61062.5,0.610625,-19.9319676806673
61125,0.61125,-20.1139282898143
61187.5,0.611875,-20.2973672252694
61250,0.6125,-20.482302277388
61312.5,0.613125,-20.6687516871332
61375,0.61375,-20.8567341629655
61437.5,0.614375,-21.0462688985513
61500,0.615,-21.2373755913398
61562.5,0.615625,-21.4300744620606
61625,0.61625,-21.6243862751982
61687.5,0.616875,-21.8203323605017
61750,0.6175,-22.017934635597
61812.5,0.618125,-22.2172156297673
61875,0.61875,-22.4181985089795
61937.5,0.619375,-22.6209071022323
62000,0.62,-22.8253659293157
62062.5,0.620625,-23.0316002300718
62125,0.62125,-23.2396359952561
62187.5,0.621875,-23.4494999991093
62250,0.6225,-23.6612198337517
62312.5,0.623125,-23.8748239455282
62375,0.62375,-24.0903416734372
62437.5,0.624375,-24.3078032897904
62500,0.625,-24.5272400432618
62562.5,0.625625,-24.7486842044971
62625,0.62625,-24.9721691144701
62687.5,0.626875,-25.1977292357871
62750,0.6275,-25.4254002071613
62812.5,0.628125,-25.6552189012933
62875,0.62875,-25.8872234864209
62937.5,0.629375,-26.1214534918196
63000,0.63,-26.3579498775654
63062.5,0.630625,-26.5967551088982
63125,0.63125,-26.8379132355549
63187.5,0.631875,-27.0814699764796
63250,0.6325,-27.3274728103544
63312.5,0.633125,-27.5759710724406
63375,0.63375,-27.8270160582649
63437.5,0.634375,-28.0806611347436
63500,0.635,-28.3369618593953
63562.5,0.635625,-28.5959761083601
63625,0.63625,-28.8577642140209
63687.5,0.636875,-29.1223891131052
63750,0.6375,-29.3899165062415
63812.5,0.638125,-29.6604150300548
63875,0.63875,-29.9339564429997
63937.5,0.639375,-30.2106158262757
64000,0.64,-30.4904718013164
64062.5,0.640625,-30.7736067655238
64125,0.64125,-31.0601071481187
64187.5,0.641875,-31.3500636882034
64250,0.6425,-31.6435717373956
64312.5,0.643125,-31.9407315896859
64375,0.64375,-32.2416488415153
64437.5,0.644375,-32.5464347854573
64500,0.645,-32.8552068413433
64562.5,0.645625,-33.1680890291887
64625,0.64625,-33.4852124888787
64687.5,0.646875,-33.8067160522801
64750,0.6475,-34.1327468742515
64812.5,0.648125,-34.4634611299882
64875,0.64875,-34.7990247872437
64937.5,0.649375,-35.1396144632938
65000,0.65,-35.4854183780486
65062.5,0.650625,-35.836637416554
65125,0.65125,-36.1934863163034
65187.5,0.651875,-36.5561949973701
65250,0.6525,-36.9250100564837
65312.5,0.653125,-37.3001964499051
65375,0.65375,-37.6820393944644
65437.5,0.654375,-38.0708465215969
65500,0.655,-38.4669503258732
65562.5,0.655625,-38.8707109576852
65625,0.65625,-39.2825194197942
65687.5,0.656875,-39.7028012398977
65750,0.6575,-40.1320207068564
65812.5,0.658125,-40.5706857776523
65875,0.65875,-41.0193537866373
65937.5,0.659375,-41.4786381197507
66000,0.66,-41.9492160561983
66062.5,0.660625,-42.4318380314478
66125,0.66125,-42.927338642189
66187.5,0.661875,-43.4366498015745
66250,0.6625,-43.9608165692253
66312.5,0.663125,-44.5010163359952
66375,0.66375,-45.0585822540351
66437.5,0.664375,-45.6350320911432
66500,0.665,-46.232104088752
66562.5,0.665625,-46.8518019665095
66625,0.66625,-47.4964520220714
66687.5,0.666875,-48.168776446041
66750,0.6675,-48.871988706676
66812.5,0.668125,-49.6099194811889
66875,0.66875,-50.3871856655074
66937.5,0.669375,-51.2094214265946
67000,0.67,-52.0836007607543
67062.5,0.670625,-53.0184987247608
67125,0.67125,-54.0253694863789
67187.5,0.671875,-55.1189759301483
67250,0.6725,-56.3192142417233
67312.5,0.673125,-57.6537984312853
67375,0.67375,-59.1629548417668
67437.5,0.674375,-60.9082364410557
67500,0.675,-62.9906625292218
67562.5,0.675625,-65.5929028378369
67625,0.67625,-69.09510242345
67687.5,0.676875,-74.4571799090354
67750,0.6775,-82.0976344135256
67812.5,0.678125,-75.6795101319731
67875,0.67875,-70.3685506640972
67937.5,0.679375,-67.1094986275539
68000,0.68,-64.8209459184213
68062.5,0.680625,-63.0832341782163
68125,0.68125,-61.6988068152557
68187.5,0.681875,-60.5599279417401
68250,0.6825,-59.6015959284864
68312.5,0.683125,-58.7816391996252
68375,0.68375,-58.0711660463041
68437.5,0.684375,-57.4495269373662
68500,0.685,-56.9014554587447
68562.5,0.685625,-56.4153486143608
68625,0.68625,-55.9821823863934
68687.5,0.686875,-55.5948005598358
68750,0.6875,-55.2474326748789
68812.5,0.688125,-54.9353579370402
68875,0.68875,-54.654665106829
68937.5,0.689375,-54.402077268419
69000,0.69,-54.1748215262374
69062.5,0.690625,-53.9705304842753
69125,0.69125,-53.7871666396855
69187.5,0.691875,-53.6229635799456
69250,0.6925,-53.4763796925308
69312.5,0.693125,-53.346061321857
69375,0.69375,-53.2308131496719
69437.5,0.694375,-53.1295741625364
69500,0.695,-53.0413979866392
69562.5,0.695625,-52.9654366698505
69625,0.69625,-52.9009272093097
69687.5,0.696875,-52.8471802839538
69750,0.6975,-52.8035707715788
69812.5,0.698125,-52.7695297206043
69875,0.69875,-52.7445375156993
69937.5,0.699375,-52.728118029351
70000,0.7,-52.7198335924995
70062.5,0.700625,-52.7192806494059
70125,0.70125,-52.726085987084
70187.5,0.701875,-52.7399034496134
70250,0.7025,-52.7604110635548
70312.5,0.703125,-52.7873085134718
70375,0.70375,-52.8203149168562
70437.5,0.704375,-52.8591668561531
70500,0.705,-52.9036166323941
70562.5,0.705625,-52.9534307105591
70625,0.70625,-53.0083883314173
70687.5,0.706875,-53.0682802684201
70750,0.7075,-53.1329077114086
70812.5,0.708125,-53.2020812615596
70875,0.70875,-53.2756200242364
70937.5,0.709375,-53.3533507882884
71000,0.71,-53.4351072819361
71062.5,0.710625,-53.5207294967466
71125,0.71125,-53.6100630723403
71187.5,0.711875,-53.7029587354722
71250,0.7125,-53.7992717879725
71312.5,0.713125,-53.8988616387684
71375,0.71375,-54.0015913758401
71437.5,0.714375,-54.1073273745021
71500,0.715,-54.215938938906
71562.5,0.715625,-54.3272979740464
71625,0.71625,-54.4412786859423
71687.5,0.716875,-54.5577573079793
71750,0.7175,-54.6766118516713
71812.5,0.718125,-54.7977218803729
71875,0.71875,-54.9209683046673
71937.5,0.719375,-55.046233198376
72000,0.72,-55.1733996342891
72062.5,0.720625,-55.3023515388833
72125,0.72125,-55.4329735654111
72187.5,0.721875,-55.5651509848927
72250,0.7225,-55.6987695946107
72312.5,0.723125,-55.833715643828
72375,0.72375,-55.9698757765092
72437.5,0.724375,-56.107136990896
72500,0.725,-56.2453866158388
72562.5,0.725625,-56.3845123038322
72625,0.72625,-56.5244020407296
72687.5,0.726875,-56.6649441721261
72750,0.7275,-56.8060274464184
72812.5,0.728125,-56.9475410745465
72875,0.72875,-57.0893748063874
72937.5,0.729375,-57.2314190237808
73000,0.73,-57.3735648500945
73062.5,0.730625,-57.5157042762204
73125,0.73125,-57.6577303028057
73187.5,0.731875,-57.7995370984772
73250,0.7325,-57.9410201737009
73312.5,0.733125,-58.0820765698819
73375,0.73375,-58.2226050631285
73437.5,0.734375,-58.362506382067
73500,0.735,-58.5016834389211
73562.5,0.735625,-58.6400415729467
73625,0.73625,-58.7774888052037
73687.5,0.736875,-58.913936103458
73750,0.7375,-59.0492976559014
73812.5,0.738125,-59.183491152208
73875,0.73875,-59.3164380703113
73937.5,0.739375,-59.4480639671329
74000,0.74,-59.5782987713818
74062.5,0.740625,-59.7070770764117
74125,0.74125,-59.8343384310103
74187.5,0.741875,-59.9600276259286
74250,0.7425,-60.0840949738542
74312.5,0.743125,-60.2064965805655
74375,0.74375,-60.3271946048915
74437.5,0.744375,-60.4461575052105
74500,0.745,-60.5633602702424
74562.5,0.745625,-60.6787846319535
74625,0.74625,-60.792419258567
74687.5,0.746875,-60.9042599258029
74750,0.7475,-61.0143096646777
74812.5,0.748125,-61.1225788844325
74875,0.74875,-61.2290854694212
74937.5,0.749375,-61.3338548490879
75000,0.75,-61.436920040451
75062.5,0.750625,-61.5383216629258
75125,0.75125,-61.6381079255524
75187.5,0.751875,-61.7363345871651
75250,0.7525,-61.8330648903238
75312.5,0.753125,-61.9283694701967
75375,0.75375,-62.0223262399681
75437.5,0.754375,-62.1150202545681
75500,0.755,-62.2065435549264
75562.5,0.755625,-62.2969949951587
75625,0.75625,-62.3864800553222
75687.5,0.756875,-62.4751106426278
75750,0.7575,-62.563004884117
75812.5,0.758125,-62.650286913936
75875,0.75875,-62.7370866584659
75937.5,0.759375,-62.8235396225688
76000,0.76,-62.9097866802621
76062.5,0.760625,-62.9959738730926
76125,0.76125,-63.0822522194643
76187.5,0.761875,-63.1687775380782
76250,0.7625,-63.2557102885986
76312.5,0.763125,-63.3432154325146
76375,0.76375,-63.4314623171094
76437.5,0.764375,-63.520624585322
76500,0.765,-63.610880114184
76562.5,0.765625,-63.7024109844173
76625,0.76625,-63.7954034837364
76687.5,0.766875,-63.8900481462694
76750,0.7675,-63.9865398305481
76812.5,0.768125,-64.0850778384256
76875,0.76875,-64.1858660773808
76937.5,0.769375,-64.2891132686113
77000,0.77,-64.3950332034755
77062.5,0.770625,-64.5038450508729
77125,0.77125,-64.6157737183679
77187.5,0.771875,-64.7310502699033
77250,0.7725,-64.8499124032464
77312.5,0.773125,-64.9726049903733
77375,0.77375,-65.0993806843165
77437.5,0.774375,-65.2305005960091
77500,0.775,-65.3662350449256
77562.5,0.775625,-65.506864387233
77625,0.77625,-65.6526799251335
77687.5,0.776875,-65.8039849007691
77750,0.7775,-65.9610955773924
77812.5,0.778125,-66.1243424095593
77875,0.77875,-66.2940713022959
77937.5,0.779375,-66.4706449566938
78000,0.78,-66.6544442954989
78062.5,0.780625,-66.8458699566014
78125,0.78125,-67.0453438341654
78187.5,0.781875,-67.2533106354658
78250,0.7825,-67.470239404732
78312.5,0.783125,-67.6966249417236
78375,0.78375,-67.9329890091425
78437.5,0.784375,-68.1798811755885
78500,0.785,-68.4378790736701
78562.5,0.785625,-68.7075877579708
78625,0.78625,-68.9896377132619
78687.5,0.786875,-69.2846808730969
78750,0.7875,-69.5933837394767
78812.5,0.788125,-69.9164163128923
78875,0.78875,-70.2544350031256
78937.5,0.789375,-70.6080569333514
79000,0.79,-70.9778219919117
79062.5,0.790625,-71.3641375288456
79125,0.79125,-71.7671986313497
79187.5,0.791875,-72.1868743666225
79250,0.7925,-72.6225472967865
79312.5,0.793125,-73.0728903186733
79375,0.79375,-73.5355625690083
79437.5,0.794375,-74.0068073598389
79500,0.795,-74.4809451239452
79562.5,0.795625,-74.9497823623892
79625,0.79625,-75.4020166767218
79687.5,0.796875,-75.8228194758916
79750,0.7975,-76.1939129761856
79812.5,0.798125,-76.4945622892667
79875,0.79875,-76.703828518985
79937.5,0.799375,-76.8040011817567
80000,0.8,-76.7843730511708
80062.5,0.800625,-76.6438995170625
80125,0.80125,-76.3914768758565
80187.5,0.801875,-76.0436975160107
80250,0.8025,-75.6211767723836
80312.5,0.803125,-75.1449541250284
80375,0.80375,-74.6339681801081
80437.5,0.804375,-74.1038244008921
80500,0.805,-73.5665649913605
80562.5,0.805625,-73.0310146608341
80625,0.80625,-72.5033579838688
80687.5,0.806875,-71.9877405802389
80750,0.8075,-71.4867967207905
80812.5,0.808125,-71.0020731722363
80875,0.80875,-70.5343523728537
80937.5,0.809375,-70.0838908631788
81000,0.81,-69.6505913929421
81062.5,0.810625,-69.2341252636048
81125,0.81125,-68.8340182819788
81187.5,0.811875,-68.4497105350014
81250,0.8125,-68.0805975286379
81312.5,0.813125,-67.7260581545066
81375,0.81375,-67.385473394662
81437.5,0.814375,-67.0582385428847
81500,0.815,-66.7437709082433
81562.5,0.815625,-66.4415143880714
81625,0.81625,-66.1509418878595
81687.5,0.816875,-65.8715562758885
81750,0.8175,-65.6028903560475
81812.5,0.818125,-65.344506197885
81875,0.81875,-65.0959940609299
81937.5,0.819375,-64.8569710782465
82000,0.82,-64.6270798131833
82062.5,0.820625,-64.4059867671731
82125,0.82125,-64.1933808910415
82187.5,0.821875,-63.9889721342061
82250,0.8225,-63.7924900535921
82312.5,0.823125,-63.6036824952196
82375,0.82375,-63.4223143552685
82437.5,0.824375,-63.2481664232714
82500,0.825,-63.0810343071855
82562.5,0.825625,-62.9207274382862
82625,0.82625,-62.767068152613
82687.5,0.826875,-62.6198908450185
82750,0.8275,-62.4790411915164
82812.5,0.828125,-62.3443754354978
82875,0.82875,-62.2157597334134
82937.5,0.829375,-62.0930695556682
83000,0.83,-61.9761891386667
83062.5,0.830625,-61.8650109841922
83125,0.83125,-61.7594354025729
83187.5,0.831875,-61.659370096334
83250,0.8325,-61.5647297813411
83312.5,0.833125,-61.4754358426583
83375,0.83375,-61.3914160226301
83437.5,0.834375,-61.3126041389021
83500,0.835,-61.2389398303664
83562.5,0.835625,-61.1703683291685
83625,0.83625,-61.1068402571581
83687.5,0.836875,-61.048311445338
83750,0.8375,-60.9947427750237
83812.5,0.838125,-60.9461000396169
83875,0.83875,-60.9023538260262
83937.5,0.839375,-60.8634794149255
84000,0.84,-60.8294566991815
84062.5,0.840625,-60.8002701199093
84125,0.84125,-60.7759086197486
84187.5,0.841875,-60.7563656130745
84250,0.8425,-60.7416389729939
84312.5,0.843125,-60.7317310350759
84375,0.84375,-60.7266486179286
84437.5,0.844375,-60.7264030608247
84500,0.845,-60.7310102787286
84562.5,0.845625,-60.7404908352231
84625,0.84625,-60.7548700339472
84687.5,0.846875,-60.7741780293491
84750,0.8475,-60.7984499576871
84812.5,0.848125,-60.8277260894207
84875,0.84875,-60.8620520042991
84937.5,0.849375,-60.901478790695
85000,0.85,-60.9460632709465
85062.5,0.850625,-60.9958682547515
85125,0.85125,-61.0509628229369
85187.5,0.851875,-61.1114226442568
85250,0.8525,-61.1773303282708
85312.5,0.853125,-61.2487758177277
85375,0.85375,-61.3258568244016
85437.5,0.854375,-61.4086793128579
85500,0.855,-61.4973580372329
85562.5,0.855625,-61.5920171368485
85625,0.85625,-61.6927907972905
85687.5,0.856875,-61.7998239845228
85750,0.8575,-61.9132732607004
85812.5,0.858125,-62.0333076915985
85875,0.85875,-62.1601098570677
85937.5,0.859375,-62.2938769775474
86000,0.86,-62.434822171747
86062.5,0.860625,-62.5831758628098
86125,0.86125,-62.7391873530214
86187.5,0.861875,-62.9031265902319
86250,0.8625,-63.075286152842
86312.5,0.863125,-63.2559834845019
86375,0.86375,-63.445563414643
86437.5,0.864375,-63.6444010068895
86500,0.865,-63.8529047841477
86562.5,0.865625,-64.0715203871092
86625,0.86625,-64.3007347320348
86687.5,0.866875,-64.5410807440368
86750,0.8675,-64.7931427538076
86812.5,0.868125,-65.0575626585161
86875,0.86875,-65.3350469611381
86937.5,0.869375,-65.6263748157179
87000,0.87,-65.9324072173194
87062.5,0.870625,-66.2540974812606
87125,0.87125,-66.5925031508989
87187.5,0.871875,-66.9487994464084
87250,0.8725,-67.3242943008543
87312.5,0.873125,-67.7204448937993
87375,0.87375,-68.1388753331335
87437.5,0.874375,-68.5813946606388
87500,0.875,-69.0500135038374
87562.5,0.875625,-69.5469561822437
87625,0.87625,-70.0746623971722
87687.5,0.876875,-70.635767897791
87750,0.8775,-71.2330451324706
87812.5,0.878125,-71.8692700514249
87875,0.87875,-72.5469550471939
87937.5,0.879375,-73.2678424541863
88000,0.88,-74.0319763256594
88062.5,0.880625,-74.8360508350883
88125,0.88125,-75.6705822109739
88187.5,0.881875,-76.5153781538657
88250,0.8825,-77.3331983895485
88312.5,0.883125,-78.0634236803844
88375,0.88375,-78.6220904623983
88437.5,0.884375,-78.9190722828555
88500,0.885,-78.8952986243964
88562.5,0.885625,-78.556393151212
88625,0.88625,-77.9691791812921
88687.5,0.886875,-77.2248960173651
88750,0.8875,-76.4043742300216
88812.5,0.888125,-75.5642377902471
88875,0.88875,-74.7385483131752
88937.5,0.889375,-73.9454135348882
89000,0.89,-73.1930832852306
89062.5,0.890625,-72.4841803693391
89125,0.89125,-71.818305633633
89187.5,0.891875,-71.1935481818018
89250,0.8925,-70.6073299817932
89312.5,0.893125,-70.0568645393272
89375,0.89375,-69.5393970888158
89437.5,0.894375,-69.0523228925009
89500,0.895,-68.5932384538734
89562.5,0.895625,-68.1599565181178
89625,0.89625,-67.7505021771203
89687.5,0.896875,-67.3630997412987
89750,0.8975,-66.9961557147656
89812.5,0.898125,-66.6482407634932
89875,0.89875,-66.3180721832891
89937.5,0.899375,-66.0044975966268
90000,0.9,-65.7064801748705
90062.5,0.900625,-65.4230854475963
90125,0.90125,-65.1534696384873
90187.5,0.901875,-64.896869409091
90250,0.9025,-64.6525928692491
90312.5,0.903125,-64.420011710001
90375,0.90375,-64.1985543217884
90437.5,0.904375,-63.9876997725119
90500,0.905,-63.7869725334019
90562.5,0.905625,-63.5959378541002
90625,0.90625,-63.4141977010096
90687.5,0.906875,-63.241387184469
90750,0.9075,-63.0771714104712
90812.5,0.908125,-62.9212427016094
90875,0.90875,-62.7733181396132
90937.5,0.909375,-62.6331373885532
91000,0.91,-62.5004607634553
91062.5,0.910625,-62.3750675140288
91125,0.91125,-62.2567542973341
91187.5,0.911875,-62.1453338168587
91250,0.9125,-62.0406336085075
91312.5,0.913125,-61.9424949566574
91375,0.91375,-61.8507719256637
91437.5,0.914375,-61.7653304941693
91500,0.915,-61.6860477812194
91562.5,0.915625,-61.6128113546181
91625,0.91625,-61.5455186132418
91687.5,0.916875,-61.4840762360576
91750,0.9175,-61.4283996915848
91812.5,0.918125,-61.3784128023207
91875,0.91875,-61.3340473594019
91937.5,0.919375,-61.295242783385
92000,0.92,-61.2619458276111
92062.5,0.920625,-61.2341103211059
92125,0.92125,-61.2116969484241
92187.5,0.921875,-61.1946730642531
92250,0.9225,-61.1830125409431
92312.5,0.923125,-61.1766956475117
92375,0.92375,-61.1757089589269
92437.5,0.924375,-61.1800452948379
92500,0.925,-61.1897036871372
92562.5,0.925625,-61.2046893760881
92625,0.92625,-61.2250138349464
92687.5,0.926875,-61.2506948233308
92750,0.9275,-61.2817564698516
92812.5,0.928125,-61.3182293847756
92875,0.92875,-61.3601508038207
92937.5,0.929375,-61.4075647644757
93000,0.93,-61.4605223165718
93062.5,0.930625,-61.519081769198
93125,0.93125,-61.583308976459
93187.5,0.931875,-61.6532776649806
93250,0.9325,-61.7290698066162
93312.5,0.933125,-61.8107760402731
93375,0.93375,-61.8984961474925
93437.5,0.934375,-61.9923395870169
93500,0.935,-62.0924260944915
93562.5,0.935625,-62.1988863542336
93625,0.93625,-62.3118627511932
93687.5,0.936875,-62.4315102123228
93750,0.9375,-62.5579971480576
93812.5,0.938125,-62.6915065061998
93875,0.93875,-62.8322369523928
93937.5,0.939375,-62.9804041935914
94000,0.94,-63.1362424634935
94062.5,0.940625,-63.30000619192
94125,0.94125,-63.4719718836397
94187.5,0.941875,-63.6524402362934
94250,0.9425,-63.8417385318941
94312.5,0.943125,-64.0402233420895
94375,0.94375,-64.2482835940275
94437.5,0.944375,-64.4663440514492
94500,0.945,-64.6948692747354
94562.5,0.945625,-64.9343681341091
94625,0.94625,-65.185398962277
94687.5,0.946875,-65.4485754463806
94750,0.9475,-65.7245733741976
94812.5,0.948125,-66.014138365469
94875,0.94875,-66.3180947351064
94937.5,0.949375,-66.6373556486243
95000,0.95,-66.9729347376282
95062.5,0.950625,-67.325959337449
95125,0.95125,-67.6976854775826
95187.5,0.951875,-68.0895146766006
95250,0.9525,-68.5030124281767
95312.5,0.953125,-68.9399279467591
95375,0.95375,-69.4022141517546
95437.5,0.954375,-69.8920457990602
95500,0.955,-70.4118317454993
95562.5,0.955625,-70.9642138883723
95625,0.95625,-71.5520391569541
95687.5,0.956875,-72.1782798821073
95750,0.9575,-72.8458580680953
95812.5,0.958125,-73.557293804751
95875,0.95875,-74.3140362817363
95937.5,0.959375,-75.1152323460143
96000,0.96,-75.9555315062815
96062.5,0.960625,-76.821353402458
96125,0.96125,-77.685075268207
96187.5,0.961875,-78.4975618524176
96250,0.9625,-79.1828334753141
96312.5,0.963125,-79.6448398305656
96375,0.96375,-79.7975259697112
96437.5,0.964375,-79.6091586306509
96500,0.965,-79.1223733996297
96562.5,0.965625,-78.4276836726874
96625,0.96625,-77.6193371905058
96687.5,0.966875,-76.7691142300736
96750,0.9675,-75.9223138280033
96812.5,0.968125,-75.1039039463036
96875,0.96875,-74.3258580452833
96937.5,0.969375,-73.5926278226256
97000,0.97,-72.90459439783
97062.5,0.970625,-72.2600793749248
97125,0.97125,-71.6564668670147
97187.5,0.971875,-71.090810159924
97250,0.9725,-70.5601485767664
97312.5,0.973125,-70.0616641333408
97375,0.97375,-69.5927508459834
97437.5,0.974375,-69.151037279506
97500,0.975,-68.7343848372307
97562.5,0.975625,-68.3408742049225
97625,0.97625,-67.9687867301772
97687.5,0.976875,-67.6165843737926
97750,0.9775,-67.2828901136347
97812.5,0.978125,-66.9664697054175
97875,0.97875,-66.666215168306
97937.5,0.979375,-66.3811300750532
98000,0.98,-66.1103165783357
98062.5,0.980625,-65.8529640352747
98125,0.98125,-65.6083390658776
98187.5,0.981875,-65.3757768781162
98250,0.9825,-65.1546737011469
98312.5,0.983125,-64.9444801822885
98375,0.98375,-64.744695619442
98437.5,0.984375,-64.5548629164185
98500,0.985,-64.3745641635223
98562.5,0.985625,-64.2034167591495
98625,0.98625,-64.0410699998655
98687.5,0.986875,-63.8872020768283
98750,0.9875,-63.7415174251868
98812.5,0.988125,-63.6037443807588
98875,0.98875,-63.4736331047621
98937.5,0.989375,-63.3509537429296
99000,0.99,-63.2354947900781
99062.5,0.990625,-63.1270616352353
99125,0.99125,-63.0254752658384
99187.5,0.991875,-62.9305711125217
99250,0.9925,-62.8421980184527
99312.5,0.993125,-62.7602173193803
99375,0.99375,-62.6845020224016
99437.5,0.994375,-62.6149360730164
99500,0.995,-62.5514137014568
99562.5,0.995625,-62.4938388404382
99625,0.99625,-62.4421246075239
99687.5,0.996875,-62.3961928461992
99750,0.9975,-62.3559737205376
99812.5,0.998125,-62.3214053590218
99875,0.99875,-62.2924335437234
99937.5,0.999375,-62.2690114415677
100000,1,-62.2510993749073
100062.5,1.000625,-62.2386646290619
100125,1.00125,-62.2316812948912
100187.5,1.001875,-62.2301301448378
100250,1.0025,-62.2339985412
100312.5,1.003125,-62.2432803757467
100375,1.00375,-62.2579760400646
100437.5,1.004375,-62.2780924263537
100500,1.005,-62.3036429586531
100562.5,1.005625,-62.3346476548
100625,1.00625,-62.3711332196864
100687.5,1.006875,-62.4131331707366
100750,1.0075,-62.4606879967784
100812.5,1.008125,-62.5138453518953
100875,1.00875,-62.5726602861512
100937.5,1.009375,-62.6371955155024
101000,1.01,-62.7075217336536
101062.5,1.010625,-62.7837179690593
101125,1.01125,-62.8658719908493
101187.5,1.011875,-62.9540807680102
101250,1.0125,-63.0484509868792
101312.5,1.013125,-63.1490996327249
101375,1.01375,-63.2561546420993
101437.5,1.014375,-63.3697556336209
101500,1.015,-63.4900547260019
101562.5,1.015625,-63.6172174534333
101625,1.01625,-63.7514237899984
101687.5,1.016875,-63.8928692964762
101750,1.0175,-64.0417664049767
101812.5,1.018125,-64.1983458591786
101875,1.01875,-64.3628583306694
101937.5,1.019375,-64.5355762350495
102000,1.02,-64.7167957751518
102062.5,1.020625,-64.9068392429426
102125,1.02125,-65.1060576166246
102187.5,1.021875,-65.3148334951129
102250,1.0225,-65.5335844185061
102312.5,1.023125,-65.762766630538
102375,1.02375,-66.0028793472137
102437.5,1.024375,-66.2544696047856
102500,1.025,-66.5181377697056
102562.5,1.025625,-66.7945438026762
102625,1.02625,-67.0844143771785
102687.5,1.026875,-67.3885509582839
102750,1.0275,-67.7078389465613
102812.5,1.028125,-68.0432579790562
102875,1.02875,-68.395893445049
102937.5,1.029375,-68.7669492023454
103000,1.03,-69.1577613431606
103062.5,1.030625,-69.5698126108579
103125,1.03125,-70.0047466316446
103187.5,1.031875,-70.464380364419
103250,1.0325,-70.9507118567093
103312.5,1.033125,-71.4659181259627
103375,1.03375,-72.0123340709523
103437.5,1.034375,-72.5923965562749
103500,1.035,-73.2085261353026
103562.5,1.035625,-73.8628987984913
103625,1.03625,-74.5570260797249
103687.5,1.036875,-75.2910059461891
103750,1.0375,-76.062221646624
103812.5,1.038125,-76.863157586016
103875,1.03875,-77.6779368166962
103937.5,1.039375,-78.4774091750532
104000,1.04,-79.2137463845315
104062.5,1.040625,-79.8183796993073
104125,1.04125,-80.2109297412835
104187.5,1.041875,-80.3248960555037
104250,1.0425,-80.1398081028626
104312.5,1.043125,-79.6929380344541
104375,1.04375,-79.0585971934761
104437.5,1.044375,-78.3155001171381
104500,1.045,-77.5261355154432
104562.5,1.045625,-76.7321274021975
104625,1.04625,-75.9579751426783
104687.5,1.046875,-75.2165412087459
104750,1.0475,-74.5135420437473
104812.5,1.048125,-73.8505808396845
104875,1.04875,-73.2270202909161
104937.5,1.049375,-72.6410849355971
105000,1.05,-72.0904904829904
105062.5,1.050625,-71.5727935975344
105125,1.05125,-71.0855797694805
105187.5,1.051875,-70.6265586066699
105250,1.0525,-70.1936068414699
105312.5,1.053125,-69.7847823201382
105375,1.05375,-69.3983223593399
105437.5,1.054375,-69.0326341341412
105500,1.055,-68.6862814492665
105562.5,1.055625,-68.3579703249461
105625,1.05625,-68.0465347157599
105687.5,1.056875,-67.7509230379509
105750,1.0575,-67.4701858125006
105812.5,1.058125,-67.2034645239246
105875,1.05875,-66.9499816816916
105937.5,1.059375,-66.7090320130132
106000,1.06,-66.4799746893333
106062.5,1.060625,-66.2622264804993
106125,1.06125,-66.0552557319534
106187.5,1.061875,-65.8585770668927
106250,1.0625,-65.6717467241443
106312.5,1.063125,-65.494358452004
106375,1.06375,-65.326039887738
106437.5,1.064375,-65.1664493611075
106500,1.065,-65.0152730683023
106562.5,1.065625,-64.8722225697199
106625,1.06625,-64.7370325712099
106687.5,1.066875,-64.6094589538999
106750,1.0675,-64.4892770223412
106812.5,1.068125,-64.376279944842
106875,1.06875,-64.2702773633475
106937.5,1.069375,-64.1710941532136
107000,1.07,-64.0785693158893
107062.5,1.070625,-63.9925549897217
107125,1.07125,-63.912915566051
107187.5,1.071875,-63.839526899449
107250,1.0725,-63.7722756023877
107312.5,1.073125,-63.7110584159068
107375,1.07375,-63.6557816489172
107437.5,1.074375,-63.6063606797596
107500,1.075,-63.5627195144699
107562.5,1.075625,-63.5247903969067
107625,1.07625,-63.4925134666158
107687.5,1.076875,-63.4658364607958
107750,1.0775,-63.44471445733
107812.5,1.078125,-63.4291096562414
107875,1.07875,-63.4189911973973
107937.5,1.079375,-63.4143350126411
108000,1.08,-63.4151237109096
108062.5,1.080625,-63.4213464951943
108125,1.08125,-63.4329991105491
108187.5,1.081875,-63.4500838226177
108250,1.0825,-63.4726094264642
108312.5,1.083125,-63.5005912857754
108375,1.08375,-63.5340514027734
108437.5,1.084375,-63.5730185194965
108500,1.085,-63.6175282513871
108562.5,1.085625,-63.6676232544499
108625,1.08625,-63.7233534275824
108687.5,1.086875,-63.7847761520316
108750,1.0875,-63.8519565703243
108812.5,1.088125,-63.9249679074538
108875,1.08875,-64.0038918375717
108937.5,1.089375,-64.0888188999359
109000,1.09,-64.1798489685064
109062.5,1.090625,-64.2770917801835
109125,1.09125,-64.380667527451
109187.5,1.091875,-64.490707522037
109250,1.0925,-64.6073549371485
109312.5,1.093125,-64.7307656369269
109375,1.09375,-64.8611091030317
109437.5,1.094375,-64.9985694696541
109500,1.095,-65.1433466799145
109562.5,1.095625,-65.2956577784497
109625,1.09625,-65.4557383571049
109687.5,1.096875,-65.6238441730825
109750,1.0975,-65.8002529616722
109812.5,1.098125,-65.9852664687551
109875,1.09875,-66.1792127318411
109937.5,1.099375,-66.3824486422646
110000,1.1,-66.5953628254482
110062.5,1.100625,-66.8183788807433
110125,1.10125,-67.0519590270562
110187.5,1.101875,-67.2966082051265
110250,1.1025,-67.5528786912
110312.5,1.103125,-67.8213752793671
110375,1.10375,-68.1027610892588
110437.5,1.104375,-68.3977640500936
110500,1.105,-68.7071840971551
110562.5,1.105625,-69.0319010867948
110625,1.10625,-69.3728833808303
110687.5,1.106875,-69.7311969550247
110750,1.1075,-70.1080147228032
110812.5,1.108125,-70.5046254925572
110875,1.10875,-70.9224415250194
110937.5,1.109375,-71.3630029123128
111000,1.11,-71.827975773457
111062.5,1.110625,-72.3191392397665
111125,1.11125,-72.8383528691695
111187.5,1.111875,-73.3874906284488
111250,1.1125,-73.9683185359816
111312.5,1.113125,-74.5822783121693
111375,1.11375,-75.2301158455544
111437.5,1.114375,-75.9112573295529
111500,1.115,-76.6227860336617
111562.5,1.115625,-77.3578186506593
111625,1.11625,-78.1030688358247
111687.5,1.116875,-78.835556837005
111750,1.1175,-79.5190829514206
111812.5,1.118125,-80.102608882182
111875,1.11875,-80.5247420247562
111937.5,1.119375,-80.7282963688809
112000,1.12,-80.6819110442115
112062.5,1.120625,-80.3949361546651
112125,1.12125,-79.9127792989583
112187.5,1.121875,-79.2969401698628
112250,1.1225,-78.6053866151291
112312.5,1.123125,-77.8826776203733
112375,1.12375,-77.1587869718547
112437.5,1.124375,-76.4519648787177
112500,1.125,-75.7723110668008
112562.5,1.125625,-75.1247089603645
112625,1.12625,-74.5108810450534
112687.5,1.126875,-73.9307198135261
112750,1.1275,-73.3831128354017
112812.5,1.128125,-72.8664402993549
112875,1.12875,-72.3788684857276
112937.5,1.129375,-71.9185186981491
113000,1.13,-71.4835611319115
113062.5,1.130625,-71.0722639401729
113125,1.13125,-70.6830158556251
113187.5,1.131875,-70.3143334588667
113250,1.1325,-69.9648597748974
113312.5,1.133125,-69.6333582063858
113375,1.13375,-69.3187041912634
113437.5,1.134375,-69.0198759879805
113500,1.135,-68.7359453943213
113562.5,1.135625,-68.4660688437869
113625,1.13625,-68.2094791056488
113687.5,1.136875,-67.9654776850217
113750,1.1375,-67.7334279438228
113812.5,1.138125,-67.5127489207939
113875,1.13875,-67.3029098065448
113937.5,1.139375,-67.1034250192061
114000,1.14,-66.9138498232866
114062.5,1.140625,-66.7337764352952
114125,1.14125,-66.5628305629839
114187.5,1.141875,-66.4006683293498
114250,1.1425,-66.2469735372646
114312.5,1.143125,-66.1014552352861
114375,1.14375,-65.9638455496658
114437.5,1.144375,-65.8338977516821
114500,1.145,-65.7113845331646
114562.5,1.145625,-65.5960964664031
114625,1.14625,-65.4878406275843
114687.5,1.146875,-65.3864393655188
114750,1.1475,-65.2917291996798
114812.5,1.148125,-65.2035598336196
114875,1.14875,-65.1217932715302
114937.5,1.149375,-65.0463030272925
115000,1.15,-64.976973416657
115062.5,1.150625,-64.9136989244119
115125,1.15125,-64.8563836393819
115187.5,1.151875,-64.8049407510253
115250,1.1525,-64.7592921022096
115312.5,1.153125,-64.7193677933887
115375,1.15375,-64.6851058341053
115437.5,1.154375,-64.6564518382252
115500,1.155,-64.6333587598613
115562.5,1.155625,-64.615786667347
115625,1.15625,-64.603702553068
115687.5,1.156875,-64.5970801772876
115750,1.1575,-64.5958999444738
115812.5,1.158125,-64.6001488109481
115875,1.15875,-64.6098202229597
115937.5,1.159375,-64.6249140846015
116000,1.16,-64.6454367552345
116062.5,1.160625,-64.6714010763801
116125,1.16125,-64.7028264283043
116187.5,1.161875,-64.7397388167716
116250,1.1625,-64.7821709907686
116312.5,1.163125,-64.8301625922413
116375,1.16375,-64.8837603392249
116437.5,1.164375,-64.9430182440619
116500,1.165,-65.0079978687556
116562.5,1.165625,-65.0787686198714
116625,1.16625,-65.1554080858424
116687.5,1.166875,-65.2380024199559
116750,1.1675,-65.3266467728338
116812.5,1.168125,-65.4214457787619
116875,1.16875,-65.5225141008679
116937.5,1.169375,-65.6299770408267
117000,1.17,-65.743971219595
117062.5,1.170625,-65.8646453365498
117125,1.17125,-65.9921610153791
117187.5,1.171875,-66.1266937462568
117250,1.1725,-66.268433935037
117312.5,1.173125,-66.4175880716545
117375,1.17375,-66.5743800314733
117437.5,1.174375,-66.7390525250948
117500,1.175,-66.9118687140236
117562.5,1.175625,-67.0931140116988
117625,1.17625,-67.2830980915923
117687.5,1.176875,-67.4821571263414
117750,1.1775,-67.6906562841351
117812.5,1.178125,-67.9089925105379
117875,1.17875,-68.1375976254428
117937.5,1.179375,-68.3769417652387
118000,1.18,-68.6275371989732
118062.5,1.180625,-68.8899425429505
118125,1.18125,-69.1647673891085
118187.5,1.181875,-69.452677345726
118250,1.1825,-69.7543994601362
118312.5,1.183125,-70.0707279453676
118375,1.18375,-70.4025300552856
118437.5,1.184375,-70.750751829277
118500,1.185,-71.1164232317341
118562.5,1.185625,-71.5006619027389
118625,1.18625,-71.9046742493739
118687.5,1.186875,-72.3297518398038
118750,1.1875,-72.7772598518615
118812.5,1.188125,-73.2486124171106
118875,1.18875,-73.7452266862976
118937.5,1.189375,-74.268442699909
119000,1.19,-74.8193887504614
119062.5,1.190625,-75.398760588654
119125,1.19125,-76.0064660585453
119187.5,1.191875,-76.6410636408428
119250,1.1925,-77.2988962460927
119312.5,1.193125,-77.9728029640638
119375,1.19375,-78.6503197604179
119437.5,1.194375,-79.3114459019088
119500,1.195,-79.9265144745496
119562.5,1.195625,-80.4555923709422
119625,1.19625,-80.8518300278825
119687.5,1.196875,-81.0708476201429
119750,1.1975,-81.0845930594125
119812.5,1.198125,-80.8924248590092
119875,1.19875,-80.521385777454
119937.5,1.199375,-80.0154499070883
120000,1.2,-79.4215996478682
120062.5,1.200625,-78.7801740612366
120125,1.20125,-78.1212893370541
120187.5,1.201875,-77.4653236789464
120250,1.2025,-76.8250180553892
120312.5,1.203125,-76.2077212105857
120375,1.20375,-75.6172112981259
120437.5,1.204375,-75.055004873205
120500,1.205,-74.521238844327
120562.5,1.205625,-74.0152428496654
120625,1.20625,-73.5359018501628
120687.5,1.206875,-73.0818815872347
120750,1.2075,-72.6517661855329
120812.5,1.208125,-72.2441401494867
120875,1.20875,-71.8576354643228
120937.5,1.209375,-71.4909569743162
121000,1.21,-71.142894375868
121062.5,1.210625,-70.8123260881296
121125,1.21125,-70.4982183151617
121187.5,1.211875,-70.1996213791292
121250,1.2125,-69.9156646214472
121312.5,1.213125,-69.6455506723188
121375,1.21375,-69.3885495739502
121437.5,1.214375,-69.1439930431972
121500,1.215,-68.9112690332329
121562.5,1.215625,-68.6898166749993
121625,1.21625,-68.479121630338
121687.5,1.216875,-68.2787118592111
121750,1.2175,-68.0881537862262
121812.5,1.218125,-67.90704884226
121875,1.21875,-67.7350303525625
121937.5,1.219375,-67.5717607412069
122000,1.22,-67.4169290221922
122062.5,1.220625,-67.2702485489173
122125,1.22125,-67.1314549956853
122187.5,1.221875,-67.00030454721
122250,1.2225,-66.8765722742794
122312.5,1.223125,-66.7600506759838
122375,1.22375,-66.6505483710156
122437.5,1.224375,-66.5478889224415
122500,1.225,-66.4519097821025
122562.5,1.225625,-66.3624613424161
122625,1.22625,-66.2794060847245
122687.5,1.226875,-66.2026178146339
122750,1.2275,-66.1319809759144
122812.5,1.228125,-66.0673900355098
122875,1.22875,-66.0087489331291
122937.5,1.229375,-65.9559705896638
123000,1.23,-65.9089764693771
123062.5,1.230625,-65.8676961914451
123125,1.23125,-65.8320671870109
123187.5,1.231875,-65.8020343983656
123250,1.2325,-65.777550017377
123312.5,1.233125,-65.7585732606636
123375,1.23375,-65.7450701793985
123437.5,1.234375,-65.7370135019624
123500,1.235,-65.7343825079898
123562.5,1.235625,-65.7371629326454
123625,1.23625,-65.7453469002368
123687.5,1.236875,-65.7589328865554
123750,1.2375,-65.7779257095711
123812.5,1.238125,-65.8023365483752
123875,1.23875,-65.8321829905018
123937.5,1.239375,-65.8674891080223
124000,1.24,-65.9082855630438
124062.5,1.240625,-65.9546097435179
124125,1.24125,-66.006505930541
124187.5,1.241875,-66.0640254985953
124250,1.2425,-66.1272271505238
124312.5,1.243125,-66.1961771893182
124375,1.24375,-66.2709498292028
124437.5,1.244375,-66.3516275488376
124500,1.245,-66.4383014899438
124562.5,1.245625,-66.5310719050633
124625,1.24625,-66.6300486587363
124687.5,1.246875,-66.7353517869123
124750,1.2475,-66.8471121200562
124812.5,1.248125,-66.9654719760877
124875,1.24875,-67.0905859300847
124937.5,1.249375,-67.2226216684934
125000,1.25,-67.3617609364883
125062.5,1.250625,-67.5082005881663
125125,1.25125,-67.6621537502482
125187.5,1.251875,-67.8238511110902
125250,1.2525,-67.9935423479247
125312.5,1.253125,-68.1714977063363
125375,1.25375,-68.3580097469409
125437.5,1.254375,-68.5533952749645
125500,1.255,-68.7579974687358
125562.5,1.255625,-68.9721882226334
125625,1.25625,-69.1963707184718
125687.5,1.256875,-69.4309822358367
125750,1.2575,-69.676497205677
125812.5,1.258125,-69.9334305009262
125875,1.25875,-70.2023409409742
125937.5,1.259375,-70.4838349601326
126000,1.26,-70.7785703489242
126062.5,1.260625,-71.0872599138348
126125,1.26125,-71.410674804842
126187.5,1.261875,-71.7496471140051
126250,1.2625,-72.1050711270679
126312.5,1.263125,-72.4779022745888
126375,1.26375,-72.8691523207628
126437.5,1.264375,-73.2798785564115
126500,1.265,-73.7111635916465
126562.5,1.265625,-74.1640805682288
126625,1.26625,-74.6396359307323
126687.5,1.266875,-75.138677882106
126750,1.2675,-75.6617527417532
126812.5,1.268125,-76.208882999137
126875,1.26875,-76.7792295383667
126937.5,1.269375,-77.3705870907863
127000,1.27,-77.9786506920795
127062.5,1.270625,-78.5959943835673
127125,1.27125,-79.2107512643452
127187.5,1.271875,-79.8051325651779
127250,1.2725,-80.3542472325686
127312.5,1.273125,-80.8261953718183
127375,1.27375,-81.1848422626423
127437.5,1.274375,-81.3962652053594
127500,1.275,-81.4377796999145
127562.5,1.275625,-81.3054941988579
127625,1.27625,-81.0157243210228
127687.5,1.276875,-80.599293920922
127750,1.2775,-80.0924602965288
127812.5,1.278125,-79.529213919989
127875,1.27875,-78.9371800217623
127937.5,1.279375,-78.3366975218124
128000,1.28,-77.7416687995404
128062.5,1.280625,-77.1610066811188
128125,1.28125,-76.6000432619065
128187.5,1.281875,-76.0616662500787
128250,1.2825,-75.547154045182
128312.5,1.283125,-75.056758024381
128375,1.28375,-74.5900957965206
128437.5,1.284375,-74.1464112420673
128500,1.285,-73.7247437355845
128562.5,1.285625,-73.3240366398955
128625,1.28625,-72.9432056687268
128687.5,1.286875,-72.5811809391699
128750,1.2875,-72.2369318877903
128812.5,1.288125,-71.9094811038516
128875,1.28875,-71.5979110616456
128937.5,1.289375,-71.3013663660058
129000,1.29,-71.019053223571
129062.5,1.290625,-70.7502372585884
129125,1.29125,-70.4942404003157
129187.5,1.291875,-70.2504373107489
129250,1.2925,-70.0182516508054
129312.5,1.293125,-69.7971523706376
129375,1.29375,-69.5866501357174
129437.5,1.294375,-69.3862939519219
129500,1.295,-69.1956680213609
129562.5,1.295625,-69.0143888406257
129625,1.29625,-68.8421025404314
129687.5,1.296875,-68.6784824580861
129750,1.2975,-68.5232269298261
129812.5,1.298125,-68.3760572878706
129875,1.29875,-68.2367160462614
129937.5,1.299375,-68.1049652596036
130000,1.3,-67.9805850394004
130062.5,1.300625,-67.8633722136081
130125,1.30125,-67.7531391160618
130187.5,1.301875,-67.6497124935471
130250,1.3025,-67.5529325194007
130312.5,1.303125,-67.4626519035845
130375,1.30375,-67.3787350902124
130437.5,1.304375,-67.3010575344046
130500,1.305,-67.2295050512561
130562.5,1.305625,-67.1639732304568
130625,1.30625,-67.1043669108388
130687.5,1.306875,-67.0505997097521
130750,1.3075,-67.0025936027898
130812.5,1.308125,-66.9602785498853
130875,1.30875,-66.9235921642978
130937.5,1.309375,-66.8924794214394
131000,1.31,-66.8668924048888
131062.5,1.310625,-66.8467900872909
131125,1.31125,-66.8321381442077
131187.5,1.311875,-66.8229087992267
131250,1.3125,-66.8190806989959
131312.5,1.313125,-66.8206388170635
131375,1.31375,-66.8275743856659
131437.5,1.314375,-66.8398848548736
131500,1.315,-66.857573878692
131562.5,1.315625,-66.8806513279862
131625,1.31625,-66.9091333302875
131687.5,1.316875,-66.9430423367826
131750,1.3175,-66.9824072170038
131812.5,1.318125,-67.0272633819935
131875,1.31875,-67.0776529368943
131937.5,1.319375,-67.1336248642613
132000,1.32,-67.1952352395672
132062.5,1.320625,-67.2625474807025
132125,1.32125,-67.3356326335673
132187.5,1.321875,-67.4145696961549
132250,1.3225,-67.4994459838798
132312.5,1.323125,-67.5903575393041
132375,1.32375,-67.6874095897729
132437.5,1.324375,-67.7907170569497
132500,1.325,-67.9004051226817
132562.5,1.325625,-68.0166098561475
132625,1.32625,-68.1394789077501
132687.5,1.326875,-68.2691722758127
132750,1.3275,-68.405863152662
132812.5,1.328125,-68.5497388572883
132875,1.32875,-68.7010018623137
132937.5,1.329375,-68.8598709234726
133000,1.33,-69.0265823201761
133062.5,1.330625,-69.201391215872
133125,1.33125,-69.3845731467235
133187.5,1.331875,-69.5764256464524
133250,1.3325,-69.7772700136497
133312.5,1.333125,-69.9874532252666
133375,1.33375,-70.2073499955883
133437.5,1.334375,-70.43736497312
133500,1.335,-70.6779350573314
133562.5,1.335625,-70.929531801271
133625,1.33625,-71.1926638425591
133687.5,1.336875,-71.4678792704377
133750,1.3375,-71.7557677853428
133812.5,1.338125,-72.0569624325595
133875,1.33875,-72.3721405815953
133937.5,1.339375,-72.7020236621657
134000,1.34,-73.0473749320653
134062.5,1.340625,-73.4089942067667
134125,1.34125,-73.7877079740174
134187.5,1.341875,-74.1843525737858
134250,1.3425,-74.5997470368569
134312.5,1.343125,-75.0346505919839
134375,1.34375,-75.4896975666268
134437.5,1.344375,-75.9652991635383
134500,1.345,-76.4614971275391
134562.5,1.345625,-76.9777484817794
134625,1.34625,-77.512613655829
134687.5,1.346875,-78.063314116017
134750,1.3475,-78.6251247467365
134812.5,1.348125,-79.1905814833576
134875,1.34875,-79.7485368232106
134937.5,1.349375,-80.2832165610751
135000,1.35,-80.773648278034
135062.5,1.350625,-81.1941147757472
135125,1.35125,-81.5164399252323
135187.5,1.351875,-81.714535289802
135250,1.3525,-81.7704079268691
135312.5,1.353125,-81.6792668115666
135375,1.35375,-81.4510113161053
135437.5,1.354375,-81.1072148334789
135500,1.355,-80.6753588076235
135562.5,1.355625,-80.1831481862599
135625,1.35625,-79.6547601333009
135687.5,1.356875,-79.1092966288827
135750,1.3575,-78.5607873664333
135812.5,1.358125,-78.0189537677041
135875,1.35875,-77.490181744279
135937.5,1.359375,-76.9784214444176
136000,1.36,-76.4859137279911
136062.5,1.360625,-76.0137353539907
136125,1.36125,-75.5621907122339
136187.5,1.361875,-75.1310856604932
136250,1.3625,-74.7199154204527
136312.5,1.363125,-74.3279917121728
136375,1.36375,-73.954527716572
136437.5,1.364375,-73.5986941049344
136500,1.365,-73.2596553704343
136562.5,1.365625,-72.9365928268514
136625,1.36625,-72.6287186317967
136687.5,1.366875,-72.3352838058347
136750,1.3675,-72.0555822694011
136812.5,1.368125,-71.7889522711412
136875,1.36875,-71.5347761393389
136937.5,1.369375,-71.292478986718
137000,1.37,-71.0615267933032
137062.5,1.370625,-70.841424151654
137125,1.37125,-70.6317118628937
137187.5,1.371875,-70.43196450652
137250,1.3725,-70.2417880623372
137312.5,1.373125,-70.0608176325709
137375,1.37375,-69.8887152916632
137437.5,1.374375,-69.7251680776369
137500,1.375,-69.5698861297208
137562.5,1.375625,-69.4226009711477
137625,1.37625,-69.2830639323145
137687.5,1.376875,-69.1510447073276
137750,1.3775,-69.0263300357623
137812.5,1.378125,-68.9087225009905
137875,1.37875,-68.7980394363612
137937.5,1.379375,-68.6941119307816
138000,1.38,-68.5967839256085
138062.5,1.380625,-68.5059113953214
138125,1.38125,-68.4213616049527
138187.5,1.381875,-68.3430124378815
138250,1.3825,-68.270751788119
138312.5,1.383125,-68.2044770117666
138375,1.38375,-68.1440944328827
138437.5,1.384375,-68.0895188994306
138500,1.385,-68.0406733854698
138562.5,1.385625,-67.9974886361631
138625,1.38625,-67.9599028525463
138687.5,1.386875,-67.9278614134052
138750,1.3875,-67.9013166318606
138812.5,1.388125,-67.8802275446757
138875,1.38875,-67.8645597324664
138937.5,1.389375,-67.8542851693653
139000,1.39,-67.8493821008539
139062.5,1.390625,-67.8498349487646
139125,1.39125,-67.8556342426595
139187.5,1.391875,-67.8667765769869
139250,1.3925,-67.8832645936598
139312.5,1.393125,-67.9051069898554
139375,1.39375,-67.9323185510804
139437.5,1.394375,-67.9649202096911
139500,1.395,-68.0029391292997
139562.5,1.395625,-68.0464088156729
139625,1.39625,-68.0953692549431
139687.5,1.396875,-68.1498670801547
139750,1.3975,-68.2099557674114
139812.5,1.398125,-68.2756958630882
139875,1.39875,-68.3471552438457
139937.5,1.399375,-68.4244094114141
140000,1.4,-68.5075418243906
140062.5,1.400625,-68.5966442696001
140125,1.40125,-68.6918172757964
140187.5,1.401875,-68.7931705728929
140250,1.4025,-68.9008236001059
140312.5,1.403125,-69.0149060668163
140375,1.40375,-69.1355585701965
140437.5,1.404375,-69.2629332739713
140500,1.405,-69.3971946529343
140562.5,1.405625,-69.5385203079998
140625,1.40625,-69.6871018566808
140687.5,1.406875,-69.8431459037429
140750,1.4075,-70.0068750965016
140812.5,1.408125,-70.1785292684513
140875,1.40875,-70.3583666737404
140937.5,1.409375,-70.5466653129807
141000,1.41,-70.743724347814
141062.5,1.410625,-70.9498655971221
141125,1.41125,-71.1654351009337
141187.5,1.411875,-71.3908047284521
141250,1.4125,-71.6263737924253
141312.5,1.413125,-71.8725706121016
141375,1.41375,-72.1298539382442
141437.5,1.414375,-72.3987141130001
141500,1.415,-72.6796737793203
141562.5,1.415625,-72.9732878722655
141625,1.41625,-73.2801425072772
141687.5,1.416875,-73.6008522135653
141750,1.4175,-73.9360547232772
141812.5,1.418125,-74.2864021886494
141875,1.41875,-74.6525472181414
141937.5,1.419375,-75.0351214397564
142000,1.42,-75.4347033362768
142062.5,1.420625,-75.851770750931
142125,1.42125,-76.2866316118327
142187.5,1.421875,-76.7393239514026
142250,1.4225,-77.2094731520322
142312.5,1.423125,-77.6960907013424
142375,1.42375,-78.1972953135929
142437.5,1.424375,-78.709935994952
142500,1.425,-79.2291017544395
142562.5,1.425625,-79.7475223337858
142625,1.42625,-80.2549116977332
142687.5,1.426875,-80.7373967202534
142750,1.4275,-81.1773122153557
142812.5,1.428125,-81.5537908694578
142875,1.42875,-81.8446048798553
142937.5,1.429375,-82.0294176646821
143000,1.43,-82.0938718999826
143062.5,1.430625,-82.0330930836876
143125,1.43125,-81.8529925104298
143187.5,1.431875,-81.5686944739113
143250,1.4325,-81.2008980152342
143312.5,1.433125,-80.7718196934141
143375,1.43375,-80.3020699523719
143437.5,1.434375,-79.8089500118392
143500,1.435,-79.3059617966737
143562.5,1.435625,-78.8030659243656
143625,1.43625,-78.3072713220601
143687.5,1.436875,-77.8232905543825
143750,1.4375,-77.3541296056649
143812.5,1.438125,-76.9015667215693
143875,1.43875,-76.4665188507858
143937.5,1.439375,-76.0493119651494
144000,1.44,-75.649875745021
144062.5,1.440625,-75.2678814865769
144125,1.44125,-74.9028385800562
144187.5,1.441875,-74.5541612902483
144250,1.4425,-74.22121448963
144312.5,1.443125,-73.9033445877832
144375,1.44375,-73.5999001057713
144437.5,1.444375,-73.3102450407341
144500,1.445,-73.0337672342906
144562.5,1.445625,-72.7698832985932
144625,1.44625,-72.5180411888605
144687.5,1.446875,-72.2777211845446
144750,1.4475,-72.04843581175
144812.5,1.448125,-71.8297290783808
144875,1.44875,-71.621175280221
144937.5,1.449375,-71.4223775565875
145000,1.45,-71.2329663180548
145062.5,1.450625,-71.0525976295071
145125,1.45125,-70.8809516039682
145187.5,1.451875,-70.7177308432982
145250,1.4525,-70.5626589482811
145312.5,1.453125,-70.415479111206
145375,1.45375,-70.2759527975208
145437.5,1.454375,-70.1438585187913
145500,1.455,-70.0189906961888
145562.5,1.455625,-69.9011586118668
145625,1.45625,-69.7901854444083
145687.5,1.456875,-69.6859073838286
145750,1.4575,-69.5881728213413
145812.5,1.458125,-69.4968416089888
145875,1.45875,-69.4117843843388
145937.5,1.459375,-69.3328819556339
146000,1.46,-69.260024743034
146062.5,1.460625,-69.1931122718733
146125,1.46125,-69.1320527141982
146187.5,1.461875,-69.0767624750962
146250,1.4625,-69.0271658207319
146312.5,1.463125,-68.983194545201
146375,1.46375,-68.9447876736964
146437.5,1.464375,-68.9118911996883
146500,1.465,-68.8844578541182
146562.5,1.465625,-68.8624469048281
146625,1.46625,-68.8458239846977
146687.5,1.466875,-68.8345609471661
146750,1.4675,-68.828635748034
146812.5,1.468125,-68.8280323526221
146875,1.46875,-68.8327406675822
146937.5,1.469375,-68.842756496797
147000,1.47,-68.8580815210181
147062.5,1.470625,-68.8787233010425
147125,1.47125,-68.9046953044052
147187.5,1.471875,-68.9360169557223
147250,1.4725,-68.9727137110136
147312.5,1.473125,-69.0148171564554
147375,1.47375,-69.0623651322277
147437.5,1.474375,-69.1154018822868
147500,1.475,-69.1739782310291
147562.5,1.475625,-69.2381517880597
147625,1.47625,-69.307987182403
147687.5,1.476875,-69.383556327723
147750,1.4775,-69.4649387202898
147812.5,1.478125,-69.5522217716265
147875,1.47875,-69.645501177983
147937.5,1.479375,-69.7448813289013
148000,1.48,-69.8504757573997
148062.5,1.480625,-69.9624076343576
148125,1.48125,-70.0808103098353
148187.5,1.481875,-70.205827904092
148250,1.4825,-70.3376159510129
148312.5,1.483125,-70.4763420964882
148375,1.48375,-70.6221868539269
148437.5,1.484375,-70.7753444184809
148500,1.485,-70.9360235405725
148562.5,1.485625,-71.1044484578704
148625,1.48625,-71.2808598827077
148687.5,1.486875,-71.4655160388356
148750,1.4875,-71.6586937370263
148812.5,1.488125,-71.8606894728754
148875,1.48875,-72.0718205214822
148937.5,1.489375,-72.2924259917043
149000,1.49,-72.5228677859399
149062.5,1.490625,-72.76353138823
149125,1.49125,-73.0148263714155
149187.5,1.491875,-73.2771864694928
149250,1.4925,-73.5510689997356
149312.5,1.493125,-73.8369533335136
149375,1.49375,-74.1353379960353
149437.5,1.494375,-74.4467358103858
149500,1.495,-74.7716662726143
149562.5,1.495625,-75.1106440278009
149625,1.49625,-75.464161879686
149687.5,1.496875,-75.8326661663511
149750,1.4975,-76.2165215188205
149812.5,1.498125,-76.6159609297801
149875,1.49875,-77.0310156415877
149937.5,1.499375,-77.4614175997679
150000,1.5,-77.9064651989464
150062.5,1.500625,-78.3648411087848
150125,1.50125,-78.8343699547955
150187.5,1.501875,-79.3117053460475
150250,1.5025,-79.7919435844729
150312.5,1.503125,-80.2681809573584
150375,1.50375,-80.7310703394359
150437.5,1.504375,-81.1684971245732
150500,1.505,-81.5655794319992
150562.5,1.505625,-81.9052691822028
150625,1.50625,-82.1698097378745
150687.5,1.506875,-82.343088309109
150750,1.5075,-82.4134797509681
150812.5,1.508125,-82.3763049494599
150875,1.50875,-82.2349146058355
150937.5,1.509375,-81.9999076478612
151000,1.51,-81.6868413084413
151062.5,1.510625,-81.313380988437
151125,1.51125,-80.8968222615813
151187.5,1.511875,-80.4524753144964
151250,1.5125,-79.9929342910222
151312.5,1.513125,-79.5279962384201
151375,1.51375,-79.0649472553396
151437.5,1.514375,-78.6089963168542
151500,1.515,-78.1637234262737
151562.5,1.515625,-77.7314773877312
151625,1.51625,-77.313701314645
151687.5,1.516875,-76.9111862479712
151750,1.5175,-76.5242626213939
151812.5,1.518125,-76.1529417692985
151875,1.51875,-75.7970189600981
151937.5,1.519375,-75.4561475757295
152000,1.52,-75.1298920189545
152062.5,1.520625,-74.8177651131332
152125,1.52125,-74.5192542824333
152187.5,1.521875,-74.2338396585577
152250,1.5225,-73.9610064025082
152312.5,1.523125,-73.7002528973206
152375,1.52375,-73.4510960061578
152437.5,1.524375,-73.213074255522
152500,1.525,-72.9857495617273
152562.5,1.525625,-72.7687079446092
152625,1.52625,-72.5615595468696
152687.5,1.526875,-72.3639381871345
152750,1.5275,-72.1755006095201
152812.5,1.528125,-71.9959255455703
152875,1.52875,-71.8249126704395
152937.5,1.529375,-71.6621815107736
153000,1.53,-71.5074703440227
153062.5,1.530625,-71.3605351162727
153125,1.53125,-71.2211483964866
153187.5,1.531875,-71.0890983785541
153250,1.5325,-70.9641879378533
153312.5,1.533125,-70.8462337457908
153375,1.53375,-70.7350654434514
153437.5,1.534375,-70.6305248739731
153500,1.535,-70.5324653721709
153562.5,1.535625,-70.4407511093124
153625,1.53625,-70.3552564905136
153687.5,1.536875,-70.2758656020383
153750,1.5375,-70.202471705716
153812.5,1.538125,-70.1349767777232
153875,1.53875,-70.0732910890426
153937.5,1.539375,-70.0173328250803
154000,1.54,-69.9670277420341
154062.5,1.540625,-69.9223088578523
154125,1.54125,-69.8831161757255
154187.5,1.541875,-69.8493964382996
154250,1.5425,-69.8211029109558
154312.5,1.543125,-69.7981951926859
154375,1.54375,-69.7806390532847
154437.5,1.544375,-69.7684062957248
154500,1.545,-69.7614746427699
154562.5,1.545625,-69.7598276470303
154625,1.54625,-69.7634546238144
154687.5,1.546875,-69.7723506062938
154750,1.5475,-69.7865163226332
154812.5,1.548125,-69.8059581948831
154875,1.54875,-69.8306883595783
154937.5,1.549375,-69.8607247101089
155000,1.55,-69.896090961097
155062.5,1.550625,-69.9368167350959
155125,1.55125,-69.9829376721343
155187.5,1.551875,-70.0344955626933
155250,1.5525,-70.0915385048872
155312.5,1.553125,-70.1541210867233
155375,1.55375,-70.2223045944723
155437.5,1.554375,-70.2961572482644
155500,1.555,-70.3757544662037
155562.5,1.555625,-70.4611791583397
155625,1.55625,-70.5525220519744
155687.5,1.556875,-70.6498820498202
155750,1.5575,-70.7533666225669
155812.5,1.558125,-70.8630922374024
155875,1.55875,-70.9791848239152
155937.5,1.559375,-71.1017802786757
156000,1.56,-71.2310250094165
156062.5,1.560625,-71.3670765192919
156125,1.56125,-71.5101040309301
156187.5,1.561875,-71.6602891489263
156250,1.5625,-71.8178265579563
156312.5,1.563125,-71.9829247515478
156375,1.56375,-72.155806783653
156437.5,1.564375,-72.3367110312263
156500,1.565,-72.5258919505029
156562.5,1.565625,-72.7236208023463
156625,1.56625,-72.9301863119166
156687.5,1.566875,-73.1458952143654
156750,1.5675,-73.371072619702
156812.5,1.568125,-73.6060621050058
156875,1.56875,-73.8512254081767
156937.5,1.569375,-74.1069415513532
157000,1.57,-74.3736051596679
157062.5,1.570625,-74.6516236560669
157125,1.57125,-74.9414128978741
157187.5,1.571875,-75.2433906644521
157250,1.5725,-75.5579671940991
157312.5,1.573125,-75.8855316832751
157375,1.57375,-76.2264332796919
157437.5,1.574375,-76.5809545946617
157500,1.575,-76.9492750999687
157562.5,1.575625,-77.3314209348957
157625,1.57625,-77.7271966250595
157687.5,1.576875,-78.1360930544302
157750,1.5775,-78.5571648990311
157812.5,1.578125,-78.9888700188587
157875,1.57875,-79.4288638227453
157937.5,1.579375,-79.873744865346
158000,1.58,-80.3187563854206
158062.5,1.580625,-80.7574656962559
158125,1.58125,-81.1814731388321
158187.5,1.581875,-81.5802460324731
158250,1.5825,-81.9412232591581
158312.5,1.583125,-82.2503675329633
158375,1.58375,-82.4933076385569
158437.5,1.584375,-82.6570605373174
158500,1.585,-82.7320529356251
158562.5,1.585625,-82.7138881352173
158625,1.58625,-82.604234711374
158687.5,1.586875,-82.4104835466232
158750,1.5875,-82.1443125450236
158812.5,1.588125,-81.8197011570601
158875,1.58875,-81.4510182953856
158937.5,1.589375,-81.0516001184787
159000,1.59,-80.6329402503276
159062.5,1.590625,-80.2044030239422
159125,1.59125,-79.7732869001849
159187.5,1.591875,-79.3450733793955
159250,1.5925,-78.9237428694966
159312.5,1.593125,-78.5120874325488
159375,1.59375,-78.111986657485
159437.5,1.594375,-77.7246354310332
159500,1.595,-77.3507243296216
159562.5,1.595625,-76.9905785989835
159625,1.59625,-76.6442632116789
159687.5,1.596875,-76.311661207448
159750,1.5975,-75.9925315118028
159812.5,1.598125,-75.6865512498669
159875,1.59875,-75.3933464751983
159937.5,1.599375,-75.1125143080516
160000,1.6,-74.8436387380646
160062.5,1.600625,-74.5863017734215
160125,1.60125,-74.3400911839214
160187.5,1.601875,-74.1046057594804
160250,1.6025,-73.879458763172
160312.5,1.603125,-73.6642800786108
160375,1.60375,-73.4587174191048
160437.5,1.604375,-73.2624368684539
160500,1.605,-73.0751229513771
160562.5,1.605625,-72.8964783786907
160625,1.60625,-72.7262235732517
160687.5,1.606875,-72.5640960539862
160750,1.6075,-72.4098497340568
160812.5,1.608125,-72.2632541735659
160875,1.60875,-72.1240938156812
160937.5,1.609375,-71.9921672265197
161000,1.61,-71.8672863528773
161062.5,1.610625,-71.7492758073069
161125,1.61125,-71.6379721866861
161187.5,1.611875,-71.5332234279783
161250,1.6125,-71.4348882031224
161312.5,1.613125,-71.3428353537678
161375,1.61375,-71.2569433656559
161437.5,1.614375,-71.1770998818888
161500,1.615,-71.1032012539067
161562.5,1.615625,-71.0351521287675
161625,1.61625,-70.9728650712018
161687.5,1.616875,-70.9162602188275
161750,1.6175,-70.8652649689517
161812.5,1.618125,-70.8198136954337
161875,1.61875,-70.7798474941167
161937.5,1.619375,-70.7453139554855
162000,1.62,-70.7161669632819
162062.5,1.620625,-70.6923665179046
162125,1.62125,-70.6738785836184
162187.5,1.621875,-70.6606749586114
162250,1.6225,-70.6527331671455
162312.5,1.623125,-70.6500363731288
162375,1.62375,-70.6525733145637
162437.5,1.624375,-70.660338258432
162500,1.625,-70.673330975718
162562.5,1.625625,-70.6915567363613
162625,1.62625,-70.7150263240496
162687.5,1.626875,-70.7437560708667
162750,1.6275,-70.7777679119298
162812.5,1.628125,-70.8170894602409
162875,1.62875,-70.8617541020748
162937.5,1.629375,-70.9118011133516
163000,1.63,-70.9672757974913
163062.5,1.630625,-71.0282296453769
163125,1.63125,-71.0947205180994
163187.5,1.631875,-71.1668128532466
163250,1.6325,-71.2445778955287
163312.5,1.633125,-71.3280939525851
163375,1.63375,-71.4174466767852
163437.5,1.634375,-71.5127293738441
163500,1.635,-71.6140433389205
163562.5,1.635625,-71.7214982207605
163625,1.63625,-71.8352124141499
163687.5,1.636875,-71.9553134805846
163750,1.6375,-72.0819385964998
163812.5,1.638125,-72.215235027647
163875,1.63875,-72.3553606271462
163937.5,1.639375,-72.5024843533027
164000,1.64,-72.6567868013369
164062.5,1.640625,-72.8184607405549
164125,1.64125,-72.9877116450266
164187.5,1.641875,-73.1647582011164
164250,1.6425,-73.3498327691043
164312.5,1.643125,-73.5431817677509
164375,1.64375,-73.7450659398288
164437.5,1.644375,-73.9557604419001
164500,1.645,-74.1755546823507
164562.5,1.645625,-74.4047518057496
164625,1.64625,-74.6436676872925
164687.5,1.646875,-74.8926292553325
164750,1.6475,-75.1519718990273
164812.5,1.648125,-75.4220356370753
164875,1.64875,-75.7031596157944
164937.5,1.649375,-75.9956743618708
165000,1.65,-76.2998910266005
165062.5,1.650625,-76.6160866110357
165125,1.65125,-76.9444838404921
165187.5,1.651875,-77.2852239465232
165250,1.6525,-77.6383301027157
165312.5,1.653125,-78.003658646486
165375,1.65375,-78.3808345288176
165437.5,1.654375,-78.7691667506522
165500,1.655,-79.1675390595631
165562.5,1.655625,-79.5742712748699
165625,1.65625,-79.9869479754311
165687.5,1.656875,-80.402215065899
165750,1.6575,-80.8155526239435
165812.5,1.658125,-81.2210465004342
165875,1.65875,-81.6112030492089
165937.5,1.659375,-81.9768802493889
166000,1.66,-82.3074372701624
166062.5,1.660625,-82.5912157127703
166125,1.66125,-82.8164315364722
166187.5,1.661875,-82.9724518044902
166250,1.6625,-83.051261911271
166312.5,1.663125,-83.0487649741791
166375,1.66375,-82.9655093287083
166437.5,1.664375,-82.8065886746638
166500,1.665,-82.5807510729212
166562.5,1.665625,-82.2990236032701
166625,1.66625,-81.9732622656084
166687.5,1.666875,-81.6149537101499
166750,1.6675,-81.2344210244727
166812.5,1.668125,-80.8404284428734
166875,1.66875,-80.4400924413993
166937.5,1.669375,-80.038985657888
167000,1.67,-79.641337510807
167062.5,1.670625,-79.2502653225271
167125,1.67125,-78.8679973539689
167187.5,1.671875,-78.4960691872217
167250,1.6725,-78.135487348243
167312.5,1.673125,-77.7868608224382
167375,1.67375,-77.450504209128
167437.5,1.674375,-77.1265172500398
167500,1.675,-76.8148453796771
167562.5,1.675625,-76.5153253891725
167625,1.67625,-76.2277195984003
167687.5,1.676875,-75.9517412538974
167750,1.6775,-75.6870732785071
167812.5,1.678125,-75.4333820111023
167875,1.67875,-75.1903271864101
167937.5,1.679375,-74.9575691022974
168000,1.68,-74.7347736894128
168062.5,1.680625,-74.5216160211888
168125,1.68125,-74.3177826682634
168187.5,1.681875,-74.1229732004909
168250,1.6825,-73.93690106383
168312.5,1.683125,-73.7592940023322
168375,1.68375,-73.5898941526526
168437.5,1.684375,-73.4284579062843
168500,1.685,-73.2747556106288
168562.5,1.685625,-73.128571161728
168625,1.68625,-72.9897015279148
168687.5,1.686875,-72.857956233317
168750,1.6875,-72.733156822428
168812.5,1.688125,-72.6151363211378
168875,1.68875,-72.5037387052707
168937.5,1.689375,-72.3988183844126
169000,1.69,-72.3002397063562
169062.5,1.690625,-72.2078764856683
169125,1.69125,-72.1216115585791
169187.5,1.691875,-72.0413363653672
169250,1.6925,-71.9669505607393
169312.5,1.693125,-71.8983616521348
169375,1.69375,-71.8354846656253
169437.5,1.694375,-71.7782418387562
169500,1.695,-71.7265623395637
169562.5,1.695625,-71.6803820109311
169625,1.69625,-71.6396431393822
169687.5,1.696875,-71.604294247433
169750,1.6975,-71.5742899086407
169812.5,1.698125,-71.5495905845404
169875,1.69875,-71.5301624827164
169937.5,1.699375,-71.5159774353263
170000,1.7,-71.5070127974785
170062.5,1.700625,-71.5032513649226
170125,1.70125,-71.5046813106313
170187.5,1.701875,-71.5112961398974
170250,1.7025,-71.5230946636879
170312.5,1.703125,-71.5400809900415
170375,1.70375,-71.5622645334312
170437.5,1.704375,-71.5896600420313
170500,1.705,-71.622287642949
170562.5,1.705625,-71.6601729055603
170625,1.70625,-71.7033469230953
170687.5,1.706875,-71.7518464127614
170750,1.7075,-71.805713834702
170812.5,1.708125,-71.8649975301153
170875,1.70875,-71.9297518789518
170937.5,1.709375,-72.0000374775347
171000,1.71,-72.0759213365295
171062.5,1.710625,-72.1574770995516
171125,1.71125,-72.2447852827071
171187.5,1.711875,-72.3379335351652
171250,1.7125,-72.4370169206821
171312.5,1.713125,-72.5421382197241
171375,1.71375,-72.6534082513967
171437.5,1.714375,-72.7709462138753
171500,1.715,-72.8948800412575
171562.5,1.715625,-73.0253467737857
171625,1.71625,-73.162492937078
171687.5,1.716875,-73.306474924241
171750,1.7175,-73.4574593724616
171812.5,1.718125,-73.6156235227442
171875,1.71875,-73.7811555474136
171937.5,1.719375,-73.9542548249972
172000,1.72,-74.1351321353273
172062.5,1.720625,-74.3240097389351
172125,1.72125,-74.5211212933819
172187.5,1.721875,-74.726711544128
172250,1.7225,-74.9410357079556
172312.5,1.723125,-75.1643584412454
172375,1.72375,-75.396952251804
172437.5,1.724375,-75.6390951689555
172500,1.725,-75.8910674290432
172562.5,1.725625,-76.1531468583968
172625,1.72625,-76.4256025380841
172687.5,1.726875,-76.7086862079525
172750,1.7275,-77.002620704405
172812.5,1.728125,-77.3075845183441
172875,1.72875,-77.6236912986973
172937.5,1.729375,-77.9509628066232
173000,1.73,-78.2892934459782
173062.5,1.730625,-78.6384040719363
173125,1.73125,-78.9977823548031
173187.5,1.731875,-79.3666066470067
173250,1.7325,-79.7436502550077
173312.5,1.733125,-80.1271635889211
173375,1.73375,-80.5147333997869
173437.5,1.734375,-80.9031220423225
173500,1.735,-81.2880965049055
173562.5,1.735625,-81.6642679442987
173625,1.73625,-82.0249781132978
173687.5,1.736875,-82.3622877807694
173750,1.7375,-82.6671382663034
173812.5,1.738125,-82.9297588776361
173875,1.73875,-83.1403641335241
173937.5,1.739375,-83.2901128472846
174000,1.74,-83.3721940006785
174062.5,1.740625,-83.3828026789208
174125,1.74125,-83.3217373940769
174187.5,1.741875,-83.1924327343826
174250,1.7425,-83.0014167379044
174312.5,1.743125,-82.7573634079146
174375,1.74375,-82.4700059201466
174437.5,1.744375,-82.1491552339701
174500,1.745,-81.8039714907015
174562.5,1.745625,-81.4425264384593
174625,1.74625,-81.071618602923
174687.5,1.746875,-80.6967697695036
174750,1.7475,-80.322330516027
174812.5,1.748125,-79.9516376783004
174875,1.74875,-79.5871854240266
174937.5,1.749375,-79.2307877240075
175000,1.75,-78.8837215087332
175062.5,1.750625,-78.5468470056823
175125,1.75125,-78.2207057574922
175187.5,1.751875,-77.9055987287781
175250,1.7525,-77.6016475754919
175312.5,1.753125,-77.3088421520517
175375,1.75375,-77.0270770217533
175437.5,1.754375,-76.7561793157338
175500,1.755,-76.4959298590152
175562.5,1.755625,-76.2460790968805
175625,1.75625,-76.0063590278972
175687.5,1.756875,-75.7764920826459
175750,1.7575,-75.5561976739919
175812.5,1.758125,-75.3451969770215
175875,1.75875,-75.1432163666065
175937.5,1.759375,-74.9499898398942
176000,1.76,-74.7652606737422
176062.5,1.760625,-74.5887825079165
176125,1.76125,-74.4203199995508
176187.5,1.761875,-74.2596491597812
176250,1.7625,-74.1065574569695
176312.5,1.763125,-73.9608437508178
176375,1.76375,-73.8223181061158
176437.5,1.764375,-73.690801523169
176500,1.765,-73.5661256128613
176562.5,1.765625,-73.448132237416
176625,1.76625,-73.3366731326492
176687.5,1.766875,-73.2316095234515
176750,1.7675,-73.1328117411646
176812.5,1.768125,-73.0401588491669
176875,1.76875,-72.9535382811639
176937.5,1.769375,-72.8728454953677
177000,1.77,-72.79798364668
177062.5,1.770625,-72.7288632782428
177125,1.77125,-72.6654020331634
177187.5,1.771875,-72.6075243867569
177250,1.7725,-72.5551613993934
177312.5,1.773125,-72.5082504897875
177375,1.77375,-72.4667352284469
177437.5,1.774375,-72.4305651508751
177500,1.775,-72.3996955901098
177562.5,1.775625,-72.3740875281064
177625,1.77625,-72.3537074655375
177687.5,1.776875,-72.3385273095307
177750,1.7775,-72.328524278956
177812.5,1.778125,-72.3236808268652
177875,1.77875,-72.3239845797862
177937.5,1.779375,-72.3294282935588
178000,1.78,-72.3400098255102
178062.5,1.780625,-72.3557321227908
178125,1.78125,-72.3766032267521
178187.5,1.781875,-72.4026362932981
178250,1.7825,-72.4338496291945
178312.5,1.783125,-72.4702667443445
178375,1.78375,-72.5119164201261
178437.5,1.784375,-72.5588327938344
178500,1.785,-72.6110554593761
178562.5,1.785625,-72.6686295843063
178625,1.78625,-72.7316060433142
178687.5,1.786875,-72.8000415682036
178750,1.7875,-72.8739989143847
178812.5,1.788125,-72.9535470437321
178875,1.78875,-73.0387613235823
178937.5,1.789375,-73.1297237413454
179000,1.79,-73.2265231339888
179062.5,1.790625,-73.3292554312149
179125,1.79125,-73.438023910617
179187.5,1.791875,-73.5529394624571
179250,1.7925,-73.6741208607581
179312.5,1.793125,-73.8016950362726
179375,1.79375,-73.9357973453371
179437.5,1.794375,-74.076571826691
179500,1.795,-74.2241714358171
179562.5,1.795625,-74.3787582430447
179625,1.79625,-74.540503577527
179687.5,1.796875,-74.7095880937586
179750,1.7975,-74.8862017303262
179812.5,1.798125,-75.0705435216021
179875,1.79875,-75.2628212115548
179937.5,1.799375,-75.4632506038659
180000,1.8,-75.6720545633366
180062.5,1.800625,-75.8894615587523
180125,1.80125,-76.1157036053869
180187.5,1.801875,-76.3510134241531
180250,1.8025,-76.5956205815473
180312.5,1.803125,-76.8497463067094
180375,1.80375,-77.1135965955765
180437.5,1.804375,-77.3873531025165
180500,1.805,-77.6711611826603
180562.5,1.805625,-77.9651142782065
180625,1.80625,-78.2692336365631
180687.5,1.806875,-78.5834421073404
180750,1.8075,-78.907530497374
180812.5,1.808125,-79.2411146914774
180875,1.80875,-79.5835815217775
180937.5,1.809375,-79.9340212859539
181000,1.81,-80.2911450418234
181062.5,1.810625,-80.6531856161657
181125,1.81125,-81.0177830730821
181187.5,1.811875,-81.3818587579126
181250,1.8125,-81.741487626616
181312.5,1.813125,-82.0917869162989
181375,1.81375,-82.4268501952844
181437.5,1.814375,-82.7397677934757
181500,1.815,-83.0227832246465
181562.5,1.815625,-83.2676328400193
181625,1.81625,-83.466093120722
181687.5,1.816875,-83.610710711085
181750,1.8175,-83.6956206968165
181812.5,1.818125,-83.7172935208671
181875,1.81875,-83.6750277058107
181937.5,1.819375,-83.5710516096226
182000,1.82,-83.4102045155483
182062.5,1.820625,-83.1992885019145
182125,1.82125,-82.946261256384
182187.5,1.821875,-82.6594479272299
182250,1.8225,-82.34690011903
182312.5,1.823125,-82.015958461139
182375,1.82375,-81.673014399476
182437.5,1.824375,-81.3234317045086
182500,1.825,-80.9715772622869
182562.5,1.825625,-80.6209152558576
182625,1.82625,-80.2741299600087
182687.5,1.826875,-79.9332541634017
182750,1.8275,-79.5997899116352
182812.5,1.828125,-79.2748151200682
182875,1.82875,-78.9590739480039
182937.5,1.829375,-78.6530512951028
183000,1.83,-78.3570330027892
183062.5,1.830625,-78.0711538051729
183125,1.83125,-77.7954351116715
183187.5,1.831875,-77.5298145305999
183250,1.8325,-77.2741687850203
183312.5,1.833125,-77.0283313984169
183375,1.83375,-76.7921062723837
183437.5,1.834375,-76.5652780558193
183500,1.835,-76.3476200187033
183562.5,1.835625,-76.138899991318
183625,1.83625,-75.9388848077077
183687.5,1.836875,-75.7473435953986
183750,1.8375,-75.564050177306
183812.5,1.838125,-75.3887847922614
183875,1.83875,-75.221335294154
183937.5,1.839375,-75.0614979536977
184000,1.84,-74.9090779588226
184062.5,1.840625,-74.7638896879516
184125,1.84125,-74.6257568136356
184187.5,1.841875,-74.4945122809377
184250,1.8425,-74.3699981948249
184312.5,1.843125,-74.2520656429493
184375,1.84375,-74.1405744741481
184437.5,1.844375,-74.0353930482214
184500,1.845,-73.9363979688389
184562.5,1.845625,-73.8434738086581
184625,1.84625,-73.7565128334064
184687.5,1.846875,-73.6754147301069
184750,1.8475,-73.6000863431405
184812.5,1.848125,-73.5304414209663
184875,1.84875,-73.4664003754183
184937.5,1.849375,-73.4078900549699
185000,1.85,-73.3548435328635
185062.5,1.850625,-73.3071999106694
185125,1.85125,-73.264904137594
185187.5,1.851875,-73.2279068456327
185250,1.8525,-73.1961642005911
185312.5,1.853125,-73.1696377688336
185375,1.85375,-73.1482943996319
185437.5,1.854375,-73.132106122885
185500,1.855,-73.1210500620195
185562.5,1.855625,-73.1151083618419
185625,1.85625,-73.1142681311497
185687.5,1.856875,-73.1185213998998
185750,1.8575,-73.1278650907783
185812.5,1.858125,-73.1423010050263
185875,1.85875,-73.1618358223964
185937.5,1.859375,-73.1864811151591
186000,1.86,-73.2162533760728
186062.5,1.860625,-73.2511740602668
186125,1.86125,-73.2912696409766
186187.5,1.861875,-73.3365716790966
186250,1.8625,-73.3871169064598
186312.5,1.863125,-73.4429473227576
186375,1.86375,-73.5041103059377
186437.5,1.864375,-73.5706587358522
186500,1.865,-73.6426511307928
186562.5,1.865625,-73.7201517964034
186625,1.86625,-73.8032309862637
186687.5,1.866875,-73.891965073076
186750,1.8675,-73.9864367291597
186812.5,1.868125,-74.0867351142986
186875,1.86875,-74.1929560685141
186937.5,1.869375,-74.3052023064443
187000,1.87,-74.4235836090441
187062.5,1.870625,-74.5482170069687
187125,1.87125,-74.6792269484008
187187.5,1.871875,-74.8167454419008
187250,1.8725,-74.9609121622441
187312.5,1.873125,-75.1118745037069
187375,1.87375,-75.2697875610221
187437.5,1.874375,-75.4348140125872
187500,1.875,-75.607123873575
187562.5,1.875625,-75.7868940775756
187625,1.87625,-75.9743078341101
187687.5,1.876875,-76.1695536947816
187750,1.8775,-76.3728242424996
187812.5,1.878125,-76.5843142947536
187875,1.87875,-76.8042184822369
187937.5,1.879375,-77.0327280264298
188000,1.88,-77.2700264922158
188062.5,1.880625,-77.5162842318652
188125,1.88125,-77.7716511619514
188187.5,1.881875,-78.0362474225193
188250,1.8825,-78.3101513549986
188312.5,1.883125,-78.5933841005426
188375,1.88375,-78.8858899638212
188437.5,1.884375,-79.1875115134434
188500,1.885,-79.4979582123518
188562.5,1.885625,-79.8167672162145
188625,1.88625,-80.1432548958245
188687.5,1.886875,-80.4764577173734
188750,1.8875,-80.8150614933483
188812.5,1.888125,-81.1573189098806
188875,1.88875,-81.5009569437966
188937.5,1.889375,-81.8430786774918
189000,1.89,-82.1800684798786
189062.5,1.890625,-82.5075157402633
189125,1.89125,-82.8201799676055
189187.5,1.891875,-83.1120276493587
189250,1.8925,-83.37637566426
189312.5,1.893125,-83.6061723055472
189375,1.89375,-83.7944295089585
189437.5,1.894375,-83.9347857683664
189500,1.895,-84.0221330440087
189562.5,1.895625,-84.0531979951189
189625,1.89625,-84.0269505147196
189687.5,1.896875,-83.9447380746951
189750,1.8975,-83.8101105136121
189812.5,1.898125,-83.6283812033857
189875,1.89875,-83.406032216174
189937.5,1.899375,-83.1500904413309
190000,1.9,-82.8675795014957
190062.5,1.900625,-82.5651076670427
190125,1.90125,-82.2486067674583
190187.5,1.901875,-81.9232051839769
190250,1.9025,-81.5932026758343
190312.5,1.903125,-81.2621124899192
190375,1.90375,-80.9327412870923
190437.5,1.904375,-80.6072851472302
190500,1.905,-80.2874274044801
190562.5,1.905625,-79.9744300489454
190625,1.90625,-79.669214661438
190687.5,1.906875,-79.3724315592194
190750,1.9075,-79.0845174075914
190812.5,1.908125,-78.8057423602022
190875,1.90875,-78.5362481185148
190937.5,1.909375,-78.2760783502817
191000,1.91,-78.0252028108784
191062.5,1.910625,-77.7835363507079
191125,1.91125,-77.5509538133129
191187.5,1.911875,-77.3273016568867
191250,1.9125,-77.1124069779523
191312.5,1.913125,-76.9060844842079
191375,1.91375,-76.7081418536519
191437.5,1.914375,-76.5183838272968
191500,1.915,-76.3366153102727
191562.5,1.915625,-76.1626436982074
191625,1.91625,-75.9962805995641
191687.5,1.916875,-75.8373430882619
191750,1.9175,-75.6856545920577
191812.5,1.918125,-75.5410454995183
191875,1.91875,-75.4033535506074
191937.5,1.919375,-75.2724240618811
192000,1.92,-75.1481100262583
192062.5,1.920625,-75.0302721187256
192125,1.92125,-74.9187786324586
192187.5,1.921875,-74.81350536457
192250,1.9225,-74.7143354664157
192312.5,1.923125,-74.6211592701282
192375,1.92375,-74.5338741004192
192437.5,1.924375,-74.4523840786554
192500,1.925,-74.3765999245882
192562.5,1.925625,-74.3064387598757
192625,1.92625,-74.241823916518
192687.5,1.926875,-74.1826847525752
192750,1.9275,-74.1289564769146
192812.5,1.928125,-74.0805799842648
192875,1.92875,-74.0375017015154
192937.5,1.929375,-73.9996734458673
193000,1.93,-73.9670522952917
193062.5,1.930625,-73.9396004715443
193125,1.93125,-73.9172852358688
193187.5,1.931875,-73.9000787974958
193250,1.9325,-73.8879582348568
193312.5,1.933125,-73.8809054295502
193375,1.93375,-73.8789070129229
193437.5,1.934375,-73.8819543252179
193500,1.935,-73.8900433871656
193562.5,1.935625,-73.903174883927
193625,1.93625,-73.9213541612899
193687.5,1.936875,-73.9445912339807
193750,1.9375,-73.9729008060209
193812.5,1.938125,-74.0063023029523
193875,1.93875,-74.0448199158276
193937.5,1.939375,-74.0884826567684
194000,1.94,-74.1373244258624
194062.5,1.940625,-74.1913840891334
194125,1.94125,-74.2507055671882
194187.5,1.941875,-74.3153379340545
194250,1.9425,-74.3853355255526
194312.5,1.943125,-74.4607580563471
194375,1.94375,-74.541670744533
194437.5,1.944375,-74.6281444423186
194500,1.945,-74.7202557708766
194562.5,1.945625,-74.8180872569267
194625,1.94625,-74.9217274678868
194687.5,1.946875,-75.0312711415802
194750,1.9475,-75.1468193053324
194812.5,1.948125,-75.2684793779449
194875,1.94875,-75.3963652462484
194937.5,1.949375,-75.5305973057419
195000,1.95,-75.6713024520421
195062.5,1.950625,-75.8186140064083
195125,1.95125,-75.9726715542011
195187.5,1.951875,-76.1336206696521
195250,1.9525,-76.3016124933895
195312.5,1.953125,-76.4768031204575
195375,1.95375,-76.6593527456348
195437.5,1.954375,-76.849424499129
195500,1.955,-77.0471828883939
195562.5,1.955625,-77.2527917402656
195625,1.95625,-77.4664115104399
195687.5,1.956875,-77.6881957935968
195750,1.9575,-77.9182868255104
195812.5,1.958125,-78.1568097168022
195875,1.95875,-78.4038650947084
195937.5,1.959375,-78.6595197530304
196000,1.96,-78.9237948199663
196062.5,1.960625,-79.19665084933
196125,1.96125,-79.4779691251922
196187.5,1.961875,-79.7675283506195
196250,1.9625,-80.0649757827822
196312.5,1.963125,-80.3697918063749
196375,1.96375,-80.6812469517813
196437.5,1.964375,-80.9983505382721
196500,1.965,-81.3197905692474
196562.5,1.965625,-81.6438653873947
196625,1.96625,-81.9684091227926
196687.5,1.966875,-82.2907153737532
196750,1.9675,-82.6074670473087
196812.5,1.968125,-82.9146848695595
196875,1.96875,-83.2077123428811
196937.5,1.969375,-83.4812597035845
197000,1.97,-83.7295314923303
197062.5,1.970625,-83.9464584687014
197125,1.97125,-84.1260414452036
197187.5,1.971875,-84.2627907704642
197250,1.9725,-84.3522139128911
197312.5,1.973125,-84.3912744535973
197375,1.97375,-84.378732587402
197437.5,1.974375,-84.3152911237548
197500,1.975,-84.2035122054335
197562.5,1.975625,-84.0475247401269
197625,1.97625,-83.8525894542595
197687.5,1.976875,-83.6246105909977
197750,1.9775,-83.369676832454
197812.5,1.978125,-83.0936878921791
197875,1.97875,-82.8020913170896
197937.5,1.979375,-82.4997275300906
198000,1.98,-82.190765000258
198062.5,1.980625,-81.8787012598226
198125,1.98125,-81.5664062438766
198187.5,1.981875,-81.2561887197709
198250,1.9825,-80.9498718624108
198312.5,1.983125,-80.6488688733858
198375,1.98375,-80.354253345776
198437.5,1.984375,-80.0668217691465
198500,1.985,-79.7871473162515
198562.5,1.985625,-79.5156250905753
198625,1.98625,-79.2525095632621
198687.5,1.986875,-78.9979451645771
198750,1.9875,-78.7519910450464
198812.5,1.988125,-78.5146409689893
198875,1.98875,-78.2858392020646
198937.5,1.989375,-78.0654931360452
199000,1.99,-77.8534832766888
199062.5,1.990625,-77.6496711126781
199125,1.99125,-77.45390528925
199187.5,1.991875,-77.2660264300538
199250,1.9925,-77.0858708839399
199312.5,1.993125,-76.9132736187388
199375,1.99375,-76.7480704395281
199437.5,1.994375,-76.5900996729976
199500,1.995,-76.4392034307276
199562.5,1.995625,-76.2952285411329
199625,1.99625,-76.1580272214357
199687.5,1.996875,-76.027457546373
199750,1.9975,-75.9033837586841
199812.5,1.998125,-75.7856764571604
199875,1.99875,-75.674212690643
199937.5,1.999375,-75.5688759804702
200000,2,-75.4695562892759
200062.5,2.000625,-75.3761499502283
200125,2.00125,-75.2885595679322
200187.5,2.001875,-75.2066938997994
200250,2.0025,-75.1304677248652
200312.5,2.003125,-75.0598017055095
200375,2.00375,-74.9946222463584
200437.5,2.004375,-74.9348613537292
200500,2.005,-74.8804564981883
200562.5,2.005625,-74.8313504822362
200625,2.00625,-74.7874913146358
200687.5,2.006875,-74.7488320925573
200750,2.0075,-74.7153308923906
200812.5,2.008125,-74.6869506698848
200875,2.00875,-74.663659170049
200937.5,2.009375,-74.6454288471558
201000,2.01,-74.6322367950555
201062.5,2.010625,-74.6240646879347
201125,2.01125,-74.6208987315776
201187.5,2.011875,-74.6227296251635
201250,2.0125,-74.6295525335717
201312.5,2.013125,-74.6413670701443
201375,2.01375,-74.6581772898086
201437.5,2.014375,-74.6799916924791
201500,2.015,-74.7068232365657
201562.5,2.015625,-74.7386893624222
201625,2.01625,-74.7756120255185
201687.5,2.016875,-74.8176177390384
201750,2.0175,-74.8647376255701
201812.5,2.018125,-74.9170074774223
201875,2.01875,-74.9744678250085
201937.5,2.019375,-75.0371640125916
202000,2.02,-75.1051462804542
202062.5,2.020625,-75.1784698523556
202125,2.02125,-75.2571950267913
202187.5,2.021875,-75.3413872702421
202250,2.0225,-75.4311173100244
202312.5,2.023125,-75.5264612238538
202375,2.02375,-75.6275005223999
202437.5,2.024375,-75.7343222202325
202500,2.025,-75.8470188893377
202562.5,2.025625,-75.9656886879824
202625,2.02625,-76.0904353558759
202687.5,2.026875,-76.2213681643246
202750,2.0275,-76.3586018073086
202812.5,2.028125,-76.5022562159331
202875,2.02875,-76.6524562743428
202937.5,2.029375,-76.809331409911
203000,2.03,-76.9730150237005
203062.5,2.030625,-77.1436437190224
203125,2.03125,-77.3213562754421
203187.5,2.031875,-77.5062923028625
203250,2.0325,-77.6985904943356
203312.5,2.033125,-77.8983863765819
203375,2.03375,-78.1058094329213
203437.5,2.034375,-78.3209794435243
203500,2.035,-78.544001851469
203562.5,2.035625,-78.7749619192279
203625,2.03625,-79.0139173874912
203687.5,2.036875,-79.2608892865895
203750,2.0375,-79.5158504798956
203812.5,2.038125,-79.7787114402024
203875,2.03875,-80.0493026784509
203937.5,2.039375,-80.3273531673025
204000,2.04,-80.6124640456139
204062.5,2.040625,-80.9040768788713
204125,2.04125,-81.2014358264074
204187.5,2.041875,-81.5035432901007
204250,2.0425,-81.8091090803062
204312.5,2.043125,-82.1164939513509
204375,2.04375,-82.4236496744434
204437.5,2.044375,-82.728059775268
204500,2.045,-83.0266877575672
204562.5,2.045625,-83.3159429930542
204625,2.04625,-83.5916780906847
204687.5,2.046875,-83.8492345526861
204750,2.0475,-84.0835543143191
204812.5,2.048125,-84.2893712417044
204875,2.04875,-84.461486803558
204937.5,2.049375,-84.5951172638855
205000,2.05,-84.6862781338992
205062.5,2.050625,-84.7321513727377
205125,2.05125,-84.7313706399869
205187.5,2.051875,-84.6841671704182
205250,2.0525,-84.5923447242807
205312.5,2.053125,-84.4590891300853
205375,2.05375,-84.2886530019849
205437.5,2.054375,-84.085977152972
205500,2.055,-83.8563120205085
205562.5,2.055625,-83.6048884444656
205625,2.05625,-83.3366656717246
205687.5,2.056875,-83.0561637552635
205750,2.0575,-82.7673725797908
205812.5,2.058125,-82.473721859786
205875,2.05875,-82.1780943971466
205937.5,2.059375,-81.8828665045205
206000,2.06,-81.5899628081991
206062.5,2.060625,-81.300916265336
206125,2.06125,-81.01692742129
206187.5,2.061875,-80.7389194139223
206250,2.0625,-80.4675869936169
206312.5,2.063125,-80.2034389848931
206375,2.06375,-79.9468343165715
206437.5,2.064375,-79.6980121295834
206500,2.065,-79.4571166453871
206562.5,2.065625,-79.2242175234161
206625,2.06625,-78.9993264087105
206687.5,2.066875,-78.7824103063842
206750,2.0675,-78.5734023402631
206812.5,2.068125,-78.3722103716355
206875,2.06875,-78.1787238775526
206937.5,2.069375,-77.992819419836
207000,2.07,-77.8143649767894
207062.5,2.070625,-77.6432233596591
207125,2.07125,-77.4792548941546
207187.5,2.071875,-77.322319512932
207250,2.0725,-77.1722783768986
207312.5,2.073125,-77.0289951202626
207375,2.07375,-76.8923367957224
207437.5,2.074375,-76.7621745812635
207500,2.075,-76.638384297929
207562.5,2.075625,-76.5208467782287
207625,2.07625,-76.4094481170388
207687.5,2.076875,-76.304079830576
207750,2.0775,-76.2046389439455
207812.5,2.078125,-76.1110280237464
207875,2.07875,-76.0231551689374
207937.5,2.079375,-75.9409339704974
208000,2.08,-75.8642834484193
208062.5,2.080625,-75.7931279727167
208125,2.08125,-75.7273971739237
208187.5,2.081875,-75.6670258473324
208250,2.0825,-75.6119538544261
208312.5,2.083125,-75.5621260241842
208375,2.08375,-75.5174920564229
208437.5,2.084375,-75.4780064288316
208500,2.085,-75.4436283090289
208562.5,2.085625,-75.4143214726425
208625,2.08625,-75.390054228206
208687.5,2.086875,-75.3707993494488
208750,2.0875,-75.3565340154247
208812.5,2.088125,-75.3472397588015
208875,2.08875,-75.3429024225133
208937.5,2.089375,-75.3435121249256
209000,2.09,-75.3490632335616
209062.5,2.090625,-75.3595543474256
209125,2.09125,-75.3749882878394
209187.5,2.091875,-75.3953720977106
209250,2.0925,-75.4207170490762
209312.5,2.093125,-75.4510386587009
209375,2.09375,-75.4863567114452
209437.5,2.094375,-75.5266952910332
209500,2.095,-75.5720828177846
209562.5,2.095625,-75.6225520926877
209625,2.09625,-75.6781403471252
209687.5,2.096875,-75.7388892973315
209750,2.0975,-75.8048452024451
209812.5,2.098125,-75.8760589247715
209875,2.09875,-75.952585990489
209937.5,2.099375,-76.0344866486491
210000,2.1,-76.1218259257753
210062.5,2.100625,-76.2146736727566
210125,2.10125,-76.3131045998815
210187.5,2.101875,-76.4171982949815
210250,2.1025,-76.5270392183663
210312.5,2.103125,-76.6427166667847
210375,2.10375,-76.7643246968826
210437.5,2.104375,-76.891961996298
210500,2.105,-77.0257316878464
210562.5,2.105625,-77.1657410488136
210625,2.10625,-77.3121011232092
210687.5,2.106875,-77.4649261996387
210750,2.1075,-77.6243331211435
210812.5,2.108125,-77.7904403854738
210875,2.10875,-77.9633669847102
210937.5,2.109375,-78.1432309212737
211000,2.11,-78.3301473229561
211062.5,2.110625,-78.5242260618971
211125,2.11125,-78.7255687610458
211187.5,2.111875,-78.9342650456067
211250,2.1125,-79.1503878660044
211312.5,2.113125,-79.3739876819997
211375,2.11375,-79.6050852546531
211437.5,2.114375,-79.8436627437483
211500,2.115,-80.0896527540892
211562.5,2.115625,-80.3429249170512
211625,2.11625,-80.6032695388019
211687.5,2.116875,-80.8703778023055
211750,2.1175,-81.1438179909354
211812.5,2.118125,-81.4230072302124
211875,2.11875,-81.7071783552501
211937.5,2.119375,-81.9953417548447
212000,2.12,-82.2862424863957
212062.5,2.120625,-82.5783136844789
212125,2.12125,-82.8696283952029
212187.5,2.121875,-83.1578535427302
212250,2.1225,-83.4402118017401
212312.5,2.123125,-83.7134596073659
212375,2.12375,-83.9738920429119
212437.5,2.124375,-84.2173872128458
212500,2.125,-84.4395028347097
212562.5,2.125625,-84.6356347768092
212625,2.12625,-84.8012398791107
212687.5,2.126875,-84.9321133093712
212750,2.1275,-85.024695497704
212812.5,2.128125,-85.0763693162987
212875,2.12875,-85.0857002401367
212937.5,2.129375,-85.0525757260793
213000,2.13,-84.9782163673477
213062.5,2.130625,-84.8650565654777
213125,2.13125,-84.716518401917
213187.5,2.131875,-84.5367206052788
213250,2.1325,-84.3301701858191
213312.5,2.133125,-84.1014779963319
213375,2.13375,-83.8551257673081
213437.5,2.134375,-83.5952967570488
213500,2.135,-83.3257693800794
213562.5,2.135625,-83.0498649880731
213625,2.13625,-82.7704373140501
213687.5,2.136875,-82.4898907951159
213750,2.1375,-82.2102166535081
213812.5,2.138125,-81.9330380763546
213875,2.13875,-81.6596583326985
213937.5,2.139375,-81.3911078107583
214000,2.14,-81.1281876151685
214062.5,2.140625,-80.871508545687
214125,2.14125,-80.6215250641826
214187.5,2.141875,-80.3785643411379
214250,2.1425,-80.1428507443289
214312.5,2.143125,-79.914526261531
214375,2.14375,-79.6936673887272
214437.5,2.144375,-79.4802990021583
214500,2.145,-79.2744056912196
214562.5,2.145625,-79.0759409752659
214625,2.14625,-78.884834770339
214687.5,2.146875,-78.7009994168695
214750,2.1475,-78.5243345294411
214812.5,2.148125,-78.3547308856801
214875,2.14875,-78.1920735334718
214937.5,2.149375,-78.0362442637583
215000,2.15,-77.8871235694034
215062.5,2.150625,-77.7445921884462
215125,2.15125,-77.6085323118358
215187.5,2.151875,-77.4788285207694
215250,2.1525,-77.3553685065471
215312.5,2.153125,-77.2380436159041
215375,2.15375,-77.1267492566806
215437.5,2.154375,-77.0213851920735
215500,2.155,-76.9218557464508
215562.5,2.155625,-76.8280699412832
215625,2.15625,-76.7399415762597
215687.5,2.156875,-76.6573892678282
215750,2.1575,-76.5803364550308
215812.5,2.158125,-76.5087113806322
215875,2.15875,-76.4424470540435
215937.5,2.159375,-76.381481201258
216000,2.16,-76.3257562060222
216062.5,2.160625,-76.2752190456556
216125,2.16125,-76.2298212242478
216187.5,2.161875,-76.1895187054294
216250,2.1625,-76.1542718464676
216312.5,2.163125,-76.1240453350878
216375,2.16375,-76.0988081301137
216437.5,2.164375,-76.0785334067865
216500,2.165,-76.0631985074527
216562.5,2.165625,-76.0527848980969
216625,2.16625,-76.0472781310987
216687.5,2.166875,-76.0466678145035
216750,2.1675,-76.0509475879177
216812.5,2.168125,-76.0601151051402
216875,2.16875,-76.0741720235184
216937.5,2.169375,-76.0931239999425
217000,2.17,-76.1169806933169
217062.5,2.170625,-76.1457557732877
217125,2.17125,-76.1794669348773
217187.5,2.171875,-76.2181359186094
217250,2.1725,-76.2617885355816
217312.5,2.173125,-76.3104546967748
217375,2.17375,-76.3641684457628
217437.5,2.174375,-76.4229679937729
217500,2.175,-76.486895755753
217562.5,2.175625,-76.5559983858792
217625,2.17625,-76.6303268105133
217687.5,2.176875,-76.7099362562025
217750,2.1775,-76.7948862697517
217812.5,2.178125,-76.8852407267626
217875,2.17875,-76.9810678241864
217937.5,2.179375,-77.0824400514971
218000,2.18,-77.1894341338287
218062.5,2.180625,-77.3021309390022
218125,2.18125,-77.4206153385385
218187.5,2.181875,-77.5449760105295
218250,2.1825,-77.6753051696391
218312.5,2.183125,-77.8116982061158
218375,2.18375,-77.9542532117847
218437.5,2.184375,-78.103070366034
218500,2.185,-78.2582511488836
218562.5,2.185625,-78.4198973409455
218625,2.18625,-78.5881097612196
218687.5,2.186875,-78.7629866829682
218750,2.1875,-78.9446218549163
218812.5,2.188125,-79.133102039388
218875,2.18875,-79.3285039602005
218937.5,2.189375,-79.5308905309482
219000,2.19,-79.7403062080332
219062.5,2.190625,-79.9567712823849
219125,2.19125,-80.1802748893132
219187.5,2.191875,-80.4107664776512
219250,2.1925,-80.6481454389539
219312.5,2.193125,-80.8922485576242
219375,2.19375,-81.142834908583
219437.5,2.194375,-81.3995678087434
219500,2.195,-81.6619934351059
219562.5,2.195625,-81.9295157757045
219625,2.19625,-82.2013677081789
219687.5,2.196875,-82.4765782438829
219750,2.1975,-82.7539363838747
219812.5,2.198125,-83.031952667401
219875,2.19875,-83.3088204153226
219937.5,2.199375,-83.5823799256694
220000,2.2,-83.8500904605523
220062.5,2.200625,-84.1090166642149
220125,2.20125,-84.3558377896378
220187.5,2.201875,-84.5868892674054
220250,2.2025,-84.7982459498663
220312.5,2.203125,-84.9858538771818
220375,2.20375,-85.145711851971
220437.5,2.204375,-85.2740953387236
220500,2.205,-85.3678043116592
220562.5,2.205625,-85.4244062692143
220625,2.20625,-85.4424394110594
220687.5,2.206875,-85.4215423562636
220750,2.2075,-85.3624870823842
220812.5,2.208125,-85.2671089474611
220875,2.20875,-85.13814673167
220937.5,2.209375,-84.9790207596148
221000,2.21,-84.7935842586609
221062.5,2.210625,-84.5858814141967
221125,2.21125,-84.3599373839764
221187.5,2.211875,-84.1195945596326
221250,2.2125,-83.8683990227737
221312.5,2.213125,-83.6095334942973
221375,2.21375,-83.345788700155
221437.5,2.214375,-83.0795635323713
221500,2.215,-82.8128847824389
221562.5,2.215625,-82.5474386693535
221625,2.21625,-82.2846081918066
221687.5,2.216875,-82.0255120766787
221750,2.2175,-81.771042564382
221812.5,2.218125,-81.5219004018706
221875,2.21875,-81.2786262244192
221937.5,2.219375,-81.0416280516501
222000,2.22,-80.8112049649106
222062.5,2.220625,-80.5875672290317
222125,2.22125,-80.3708532188198
222187.5,2.221875,-80.161143543954
222250,2.2225,-79.9584727609897
222312.5,2.223125,-79.7628390344056
222375,2.22375,-79.5742120715624
222437.5,2.224375,-79.392539615993
222500,2.225,-79.2177527434737
222562.5,2.225625,-79.0497701684092
222625,2.22625,-78.8885017350037
222687.5,2.226875,-78.7338512387102
222750,2.2275,-78.5857186988936
222812.5,2.228125,-78.4440021825585
222875,2.22875,-78.3085992614731
222937.5,2.229375,-78.1794081704704
223000,2.23,-78.0563287224588
223062.5,2.230625,-77.9392630257844
223125,2.23125,-77.8281160412813
223187.5,2.231875,-77.7227960096187
223250,2.2325,-77.623214773995
223312.5,2.233125,-77.5292880186478
223375,2.23375,-77.4409354399912
223437.5,2.234375,-77.3580808640616
223500,2.235,-77.2806523215244
223562.5,2.235625,-77.2085820893785
223625,2.23625,-77.1418067069014
223687.5,2.236875,-77.0802669719266
223750,2.2375,-77.0239079224697
223812.5,2.238125,-76.9726788077677
223875,2.23875,-76.9265330520826
223937.5,2.239375,-76.8854282139318
224000,2.24,-76.8493259429609
224062.5,2.240625,-76.8181919362216
224125,2.24125,-76.7919958952718
224187.5,2.241875,-76.7707114852423
224250,2.2425,-76.7543162967766
224312.5,2.243125,-76.7427918115121
224375,2.24375,-76.7361233716774
224437.5,2.244375,-76.7343001541651
224500,2.245,-76.7373151493611
224562.5,2.245625,-76.7451651448593
224625,2.24625,-76.7578507141535
224687.5,2.246875,-76.7753762102092
224750,2.2475,-76.7977497638049
224812.5,2.248125,-76.8249832863854
224875,2.24875,-76.8570924770575
224937.5,2.249375,-76.8940968332818
225000,2.25,-76.9360196646145
225062.5,2.250625,-76.9828881087495
225125,2.25125,-77.0347331488987
225187.5,2.251875,-77.0915896313172
225250,2.2525,-77.1534962815505
225312.5,2.253125,-77.2204957176183
225375,2.25375,-77.2926344580043
225437.5,2.254375,-77.3699629218352
225500,2.255,-77.4525354180972
225562.5,2.255625,-77.5404101200225
225625,2.25625,-77.6336490200139
225687.5,2.256875,-77.7323178594566
225750,2.2575,-77.8364860265572
225812.5,2.258125,-77.9462264139299
225875,2.25875,-78.0616152258797
225937.5,2.259375,-78.1827317231697
226000,2.26,-78.3096578905565
226062.5,2.260625,-78.4424780091404
226125,2.26125,-78.5812781118973
226187.5,2.261875,-78.7261452961009
226250,2.2625,-78.8771668608434
226312.5,2.263125,-79.0344292311686
226375,2.26375,-79.1980166222878
226437.5,2.264375,-79.3680093877032
226500,2.265,-79.5444819835144
226562.5,2.265625,-79.7275004674678
226625,2.26625,-79.917119435127
226687.5,2.266875,-80.1133782765928
226750,2.2675,-80.3162966153903
226812.5,2.268125,-80.5258687663513
226875,2.26875,-80.7420570219655
226937.5,2.269375,-80.9647835475466
227000,2.27,-81.193920636299
227062.5,2.270625,-81.429279049016
227125,2.27125,-81.6705941445189
227187.5,2.271875,-81.9175095036988
227250,2.2725,-82.169557773839
227312.5,2.273125,-82.4261385271461
227375,2.27375,-82.6864930616103
227437.5,2.274375,-82.9496763035257
227500,2.275,-83.2145263373128
227562.5,2.275625,-83.4796326313981
227625,2.27625,-83.7433047879678
227687.5,2.276875,-84.0035446403618
227750,2.2775,-84.2580257325719
227812.5,2.278125,-84.5040855383397
227875,2.27875,-84.7387369864884
227937.5,2.279375,-84.9587065666677
228000,2.28,-85.160505946697
228062.5,2.280625,-85.3405420099197
228125,2.28125,-85.4952660130066
228187.5,2.281875,-85.621356117414
228250,2.2825,-85.7159196189849
228312.5,2.283125,-85.7766935386249
228375,2.28375,-85.8022173225426
228437.5,2.284375,-85.7919516174123
228500,2.285,-85.7463235708999
228562.5,2.285625,-85.6666908713089
228625,2.28625,-85.5552307216528
228687.5,2.286875,-85.4147721551051
228750,2.2875,-85.248597294913
228812.5,2.288125,-85.0602380869984
228875,2.28875,-84.853290607836
228937.5,2.289375,-84.6312615736531
229000,2.29,-84.3974536708459
229062.5,2.290625,-84.1548896498663
229125,2.29125,-83.9062706458053
229187.5,2.291875,-83.6539619320493
229250,2.2925,-83.399998806901
229312.5,2.293125,-83.1461059288658
229375,2.29375,-82.8937245903952
229437.5,2.294375,-82.644043743997
229500,2.295,-82.3980318257384
229562.5,2.295625,-82.1564674443817
229625,2.29625,-81.9199677906739
229687.5,2.296875,-81.6890141877025
229750,2.2975,-81.4639745879862
229812.5,2.298125,-81.2451230678798
229875,2.29875,-81.0326565136484
229937.5,2.299375,-80.8267087673688
230000,2.3,-80.6273625285863
230062.5,2.300625,-80.4346593070354
230125,2.30125,-80.2486077043524
230187.5,2.301875,-80.0691902769747
230250,2.3025,-79.8963692033516
230312.5,2.303125,-79.7300909492924
230375,2.30375,-79.5702900976999
230437.5,2.304375,-79.4168924837972
230500,2.305,-79.2698177548234
230562.5,2.305625,-79.1289814538334
230625,2.30625,-78.9942967108512
230687.5,2.306875,-78.8656756105128
230750,2.3075,-78.7430302936431
230812.5,2.308125,-78.626273840308
230875,2.30875,-78.5153209736875
230937.5,2.309375,-78.4100886172537
231000,2.31,-78.3104963321223
231062.5,2.310625,-78.2164666567104
231125,2.31125,-78.1279253669868
231187.5,2.311875,-78.044801672409
231250,2.3125,-77.9670283599676
231312.5,2.313125,-77.8945418965937
231375,2.31375,-77.8272824984102
231437.5,2.314375,-77.7651941737617
231500,2.315,-77.7082247457808
231562.5,2.315625,-77.6563258592315
231625,2.31625,-77.6094529754831
231687.5,2.316875,-77.5675653588366
231750,2.3175,-77.5306260568048
231812.5,2.318125,-77.4986018764918
231875,2.31875,-77.4714633588138
231937.5,2.319375,-77.4491847519634
232000,2.32,-77.4317439852648
232062.5,2.320625,-77.4191226443002
232125,2.32125,-77.4113059480155
232187.5,2.321875,-77.4082827283323
232250,2.3225,-77.4100454126197
232312.5,2.323125,-77.4165900092936
232375,2.32375,-77.4279160966311
232437.5,2.324375,-77.4440268148039
232500,2.325,-77.4649288610105
232562.5,2.325625,-77.4906324874627
232625,2.32625,-77.5211515018434
232687.5,2.326875,-77.5565032697621
232750,2.3275,-77.5967087185115
232812.5,2.328125,-77.6417923413255
232875,2.32875,-77.6917822010736
232937.5,2.329375,-77.7467099321465
233000,2.33,-77.8066107389604
233062.5,2.330625,-77.871523389219
233125,2.33125,-77.9414901996255
233187.5,2.331875,-78.0165570113508
233250,2.3325,-78.0967731518758
233312.5,2.333125,-78.1821913792837
233375,2.33375,-78.2728678041593
233437.5,2.334375,-78.3688617833257
233500,2.335,-78.4702357784744
233562.5,2.335625,-78.5770551713109
233625,2.33625,-78.6893880251419
233687.5,2.336875,-78.8073047808282
233750,2.3375,-78.9308778724902
233812.5,2.338125,-79.0601812454881
233875,2.33875,-79.195289755583
233937.5,2.339375,-79.3362784239824
234000,2.34,-79.4832215178249
234062.5,2.340625,-79.6361914196496
234125,2.34125,-79.7952572420399
234187.5,2.341875,-79.9604831351478
234250,2.3425,-80.1319262244912
234312.5,2.343125,-80.3096341046695
234375,2.34375,-80.4936418006155
234437.5,2.344375,-80.6839680922149
234500,2.345,-80.8806110800437
234562.5,2.345625,-81.083542850118
234625,2.34625,-81.2927030742472
234687.5,2.346875,-81.5079913608889
234750,2.3475,-81.7292581511389
234812.5,2.348125,-81.956293938478
234875,2.34875,-82.188816583874
234937.5,2.349375,-82.4264565065019
235000,2.35,-82.6687395647343
235062.5,2.350625,-82.915067515961
235125,2.35125,-83.1646960758004
235187.5,2.351875,-83.416710810568
235250,2.3525,-83.6700014194133
235312.5,2.353125,-83.9232354227259
235375,2.35375,-84.1748328950744
235437.5,2.354375,-84.4229446705598
235500,2.355,-84.6654373766096
235562.5,2.355625,-84.899889629174
235625,2.35625,-85.1236045676356
235687.5,2.356875,-85.3336443327966
235750,2.3575,-85.5268917034529
235812.5,2.358125,-85.7001424746568
235875,2.35875,-85.8502289526128
235937.5,2.359375,-85.974170141969
236000,2.36,-86.0693383420901
236062.5,2.360625,-86.1336261400277
236125,2.36125,-86.1655938828506
236187.5,2.361875,-86.1645773149883
236250,2.3625,-86.1307391175029
236312.5,2.363125,-86.0650561629981
236375,2.36375,-85.9692445337446
236437.5,2.364375,-85.8456340375058
236500,2.365,-85.6970106063132
236562.5,2.365625,-85.5264472402918
236625,2.36625,-85.3371422191763
236687.5,2.366875,-85.1322784693199
236750,2.3675,-84.9149120125679
236812.5,2.368125,-84.6878918737861
236875,2.36875,-84.4538096184395
236937.5,2.369375,-84.2149741245853
237000,2.37,-83.9734060974007
237062.5,2.370625,-83.7308468158838
237125,2.37125,-83.4887762325501
237187.5,2.371875,-83.2484364720343
237250,2.3725,-83.0108577480561
237312.5,2.373125,-82.7768845990792
237375,2.37375,-82.5472010677008
237437.5,2.374375,-82.3223540054554
237500,2.375,-82.1027740875954
237562.5,2.375625,-81.8887943988228
237625,2.37625,-81.680666629401
237687.5,2.376875,-81.478575027714
237750,2.3775,-81.2826483119731
237812.5,2.378125,-81.0929697665725
237875,2.37875,-80.9095857502441
237937.5,2.379375,-80.7325128318251
238000,2.38,-80.5617437514302
238062.5,2.380625,-80.3972523836825
238125,2.38125,-80.2389978579229
238187.5,2.381875,-80.0869279695735
238250,2.3825,-79.9409819975343
238312.5,2.383125,-79.8010930253895
238375,2.38375,-79.6671898490302
238437.5,2.384375,-79.5391985402534
238500,2.385,-79.417043724682
238562.5,2.385625,-79.3006496227968
238625,2.38625,-79.1899408948568
238687.5,2.386875,-79.0848433236617
238750,2.3875,-78.9852843634727
238812.5,2.388125,-78.8911935786193
238875,2.38875,-78.8025029913873
238937.5,2.389375,-78.7191473554692
239000,2.39,-78.6410643684847
239062.5,2.390625,-78.5681948348519
239125,2.39125,-78.5004827882924
239187.5,2.391875,-78.4378755817823
239250,2.3925,-78.3803239513332
239312.5,2.393125,-78.3277820589926
239375,2.39375,-78.2802075194369
239437.5,2.394375,-78.2375614138857
239500,2.395,-78.1998082943038
239562.5,2.395625,-78.1669161804523
239625,2.39625,-78.1388565517874
239687.5,2.396875,-78.115604335938
239750,2.3975,-78.0971378950863
239812.5,2.398125,-78.0834390113699
239875,2.39875,-78.0744928721592
239937.5,2.399375,-78.070288055881
240000,2.4,-78.0708165188663
240062.5,2.400625,-78.0760735835591
240125,2.40125,-78.0860579282812
240187.5,2.401875,-78.1007715785498
240250,2.4025,-78.1202198999352
240312.5,2.403125,-78.1444115921532
240375,2.40375,-78.1733586840871
240437.5,2.404375,-78.2070765291717
240500,2.405,-78.2455838004947
240562.5,2.405625,-78.288902484704
240625,2.40625,-78.3370578736477
240687.5,2.406875,-78.390078552428
240750,2.4075,-78.4479963822009
240812.5,2.408125,-78.5108464757991
240875,2.40875,-78.5786671637881
240937.5,2.409375,-78.6514999481153
241000,2.41,-78.7293894399635
241062.5,2.410625,-78.8123832777134
241125,2.41125,-78.9005320201312
241187.5,2.411875,-78.993889008989
241250,2.4125,-79.0925101940782
241312.5,2.413125,-79.1964539123438
241375,2.41375,-79.3057806111294
241437.5,2.414375,-79.4205525036563
241500,2.415,-79.5408331424907
241562.5,2.415625,-79.6666868940334
241625,2.41625,-79.7981782937279
241687.5,2.416875,-79.9353712577892
241750,2.4175,-80.0783281226252
241812.5,2.418125,-80.2271084775645
241875,2.41875,-80.3817677500552
241937.5,2.419375,-80.5423554948933
242000,2.42,-80.7089133300971
242062.5,2.420625,-80.8814724518415
242125,2.42125,-81.0600506490327
242187.5,2.421875,-81.2446487249212
242250,2.4225,-81.4352462183931
242312.5,2.423125,-81.631796301912
242375,2.42375,-81.834219716736
242437.5,2.424375,-82.0423975904656
242500,2.425,-82.2561629686747
242562.5,2.425625,-82.4752908842926
242625,2.42625,-82.6994867896678
242687.5,2.426875,-82.9283731928087
242750,2.4275,-83.1614743797216
242812.5,2.428125,-83.3981991801911
242875,2.42875,-83.6378218597208
242937.5,2.429375,-83.8794614131195
243000,2.43,-84.1220598157937
243062.5,2.430625,-84.3643601762364
243125,2.43125,-84.6048862409876
243187.5,2.431875,-84.8419253298532
243250,2.4325,-85.0735174932285
243312.5,2.433125,-85.2974544086353
243375,2.43375,-85.5112921280436
243437.5,2.434375,-85.7123820344251
243500,2.435,-85.8979239832397
243562.5,2.435625,-86.0650442905732
243625,2.43625,-86.2108987639408
243687.5,2.436875,-86.332797355557
243750,2.4375,-86.4283426265934
243812.5,2.438125,-86.495569867267
243875,2.43875,-86.5330735965197
243937.5,2.439375,-86.5401044720134
244000,2.44,-86.5166231346929
244062.5,2.440625,-86.4633030693221
244125,2.44125,-86.3814820520477
244187.5,2.441875,-86.2730693526579
244250,2.4425,-86.1404216987715
244312.5,2.443125,-85.9862038605769
244375,2.44375,-85.813249344928
244437.5,2.444375,-85.6244337761899
244500,2.445,-85.4225692695152
244562.5,2.445625,-85.2103236684029
244625,2.44625,-84.990164791653
244687.5,2.446875,-84.7643272381876
244750,2.4475,-84.5347978669695
244812.5,2.448125,-84.3033155991075
244875,2.44875,-84.071381382231
244937.5,2.449375,-83.840274725789
245000,2.45,-83.6110739348721
245062.5,2.450625,-83.3846778904772
245125,2.45125,-83.1618278621457
245187.5,2.451875,-82.9431283601182
245250,2.4525,-82.729066434327
245312.5,2.453125,-82.5200291187439
245375,2.45375,-82.3163189210001
245437.5,2.454375,-82.1181673890038
245500,2.455,-81.9257468663334
245562.5,2.455625,-81.7391805918449
245625,2.45625,-81.5585513176394
245687.5,2.456875,-81.3839086220899
245750,2.4575,-81.2152750873926
245812.5,2.458125,-81.0526514981888
245875,2.45875,-80.8960212023476
245937.5,2.459375,-80.7453537587384
246000,2.46,-80.6006079809647
246062.5,2.460625,-80.4617344712528
246125,2.46125,-80.3286777252009
246187.5,2.461875,-80.2013778762583
246250,2.4625,-80.079772138269
246312.5,2.463125,-79.9637959954901
246375,2.46375,-79.853384181635
246437.5,2.464375,-79.7484714829841
246500,2.465,-79.6489933949366
246562.5,2.465625,-79.554886656653
246625,2.46625,-79.4660896844577
246687.5,2.466875,-79.3825429213033
246750,2.4675,-79.3041891167662
246812.5,2.468125,-79.2309735497083
246875,2.46875,-79.1628442037203
246937.5,2.469375,-79.0997519038317
247000,2.47,-79.0416504215576
247062.5,2.470625,-78.9884965542086
247125,2.47125,-78.9402501833933
247187.5,2.471875,-78.8968743168421
247250,2.4725,-78.858335116945
247312.5,2.473125,-78.8246019189167
247375,2.47375,-78.795647240879
247437.5,2.474375,-78.7714467878532
247500,2.475,-78.7519794512286
247562.5,2.475625,-78.7372273050191
247625,2.47625,-78.7271755999198
247687.5,2.476875,-78.7218127559953
247750,2.4775,-78.7211303545617
247812.5,2.478125,-78.7251231297483
247875,2.47875,-78.7337889599521
247937.5,2.479375,-78.7471288592903
248000,2.48,-78.7651469690406
248062.5,2.480625,-78.7878505488329
248125,2.48125,-78.8152499672484
248187.5,2.481875,-78.8473586913103
248250,2.4825,-78.8841932741784
248312.5,2.483125,-78.925773340105
248375,2.48375,-78.972121565597
248437.5,2.484375,-79.023263655345
248500,2.485,-79.079228311285
248562.5,2.485625,-79.1400471927517
248625,2.48625,-79.205754865319
248687.5,2.486875,-79.2763887354264
248750,2.4875,-79.3519889673271
248812.5,2.488125,-79.4325983782662
248875,2.48875,-79.5182623069688
248937.5,2.489375,-79.6090284496377
249000,2.49,-79.7049466565208
249062.5,2.490625,-79.806068680832
249125,2.49125,-79.9124478702697
249187.5,2.491875,-80.0241387894946
249250,2.4925,-80.1411967598212
249312.5,2.493125,-80.2636772997793
249375,2.49375,-80.391635447131
249437.5,2.494375,-80.5251249394005
249500,2.495,-80.6641972257189
249562.5,2.495625,-80.8089002778456
249625,2.49625,-80.9592771624748
249687.5,2.496875,-81.1153643302129
249750,2.4975,-81.2771895689216
249812.5,2.498125,-81.4447695603026
249875,2.49875,-81.6181069687504
249937.5,2.499375,-81.7971869804523
250000,2.5,-81.9819731990261
250062.5,2.500625,-82.1724027915617
250125,2.50125,-82.3683807669079
250187.5,2.501875,-82.5697732571599
250250,2.5025,-82.7763996655153
250312.5,2.503125,-82.9880235414406
250375,2.50375,-83.2043420510642
250437.5,2.504375,-83.4249739324024
250500,2.505,-83.6494458679611
250562.5,2.505625,-83.8771772812477
250625,2.50625,-84.1074636798692
250687.5,2.506875,-84.3394588398253
250750,2.5075,-84.5721563676398
250812.5,2.508125,-84.8043715020931
250875,2.50875,-85.034724431803
250937.5,2.509375,-85.2616269030672
251000,2.51,-85.4832744443809
251062.5,2.510625,-85.6976470757325
251125,2.51125,-85.9025217909571
251187.5,2.511875,-86.0955002367513
251250,2.5125,-86.2740546571004
251312.5,2.513125,-86.4355941136964
251375,2.51375,-86.5775510815211
251437.5,2.514375,-86.6974857615444
251500,2.515,-86.7932021180172
251562.5,2.515625,-86.8628663120381
251625,2.51625,-86.9051156946563
251687.5,2.516875,-86.9191457141442
251750,2.5175,-86.9047635873956
251812.5,2.518125,-86.8624014131689
251875,2.51875,-86.7930868897629
251937.5,2.519375,-86.6983757142173
252000,2.52,-86.5802547083919
252062.5,2.520625,-86.4410276882063
252125,2.52125,-86.2831966595155
252187.5,2.521875,-86.1093493668119
252250,2.5225,-85.922061286558
252312.5,2.523125,-85.7238167346042
252375,2.52375,-85.516950593498
252437.5,2.524375,-85.3036097188645
252500,2.525,-85.0857315112453
252562.5,2.525625,-84.8650363758672
252625,2.52625,-84.6430306526677
252687.5,2.526875,-84.4210168665702
252750,2.5275,-84.2001086314062
252812.5,2.528125,-83.9812480969894
252875,2.52875,-83.7652243654936
252937.5,2.529375,-83.5526917712133
253000,2.53,-83.3441872976399
253062.5,2.530625,-83.1401466976716
253125,2.53125,-82.9409190960976
253187.5,2.531875,-82.746780002265
253250,2.5325,-82.5579427592461
253312.5,2.533125,-82.3745685165465
253375,2.53375,-82.1967748472742
253437.5,2.534375,-82.0246431458924
253500,2.535,-81.8582249456454
253562.5,2.535625,-81.697547289957
253625,2.53625,-81.5426172829127
253687.5,2.536875,-81.3934259324228
253750,2.5375,-81.2499513873753
253812.5,2.538125,-81.1121616578864
253875,2.53875,-80.980016896324
253937.5,2.539375,-80.8534713060965
254000,2.54,-80.7324747358255
254062.5,2.540625,-80.6169740081012
254125,2.54125,-80.5069140247089
254187.5,2.541875,-80.4022386838909
254250,2.5425,-80.3028916397824
254312.5,2.543125,-80.2088169294508
254375,2.54375,-80.1199594890828
254437.5,2.544375,-80.0362655774288
254500,2.545,-79.9576831218041
254562.5,2.545625,-79.8841619994983
254625,2.54625,-79.8156542654624
254687.5,2.546875,-79.7521143353546
254750,2.5475,-79.6934991316416
254812.5,2.548125,-79.6397681991762
254875,2.54875,-79.5908837956826
254937.5,2.549375,-79.5468109616708
255000,2.55,-79.5075175736062
255062.5,2.550625,-79.4729743834937
255125,2.55125,-79.4431550475446
255187.5,2.551875,-79.4180361461121
255250,2.5525,-79.3975971967401
255312.5,2.553125,-79.3818206617711
255375,2.55375,-79.3706919517446
255437.5,2.554375,-79.3641994255284
255500,2.555,-79.3623343878919
255562.5,2.555625,-79.3650910850709
255625,2.55625,-79.3724666986419
255687.5,2.556875,-79.3844613379031
255750,2.5575,-79.4010780307333
255812.5,2.558125,-79.4223227127976
255875,2.55875,-79.4482042147316
255937.5,2.559375,-79.4787342468381
256000,2.56,-79.5139273805673
256062.5,2.560625,-79.5538010258838
256125,2.56125,-79.5983754033922
256187.5,2.561875,-79.6476735098191
256250,2.5625,-79.7017210751383
256312.5,2.563125,-79.7605465093231
256375,2.56375,-79.8241808362553
256437.5,2.564375,-79.8926576118892
256500,2.565,-79.9660128232009
256562.5,2.565625,-80.0442847638177
256625,2.56625,-80.1275138814696
256687.5,2.566875,-80.2157425914823
256750,2.5675,-80.3090150495326
256812.5,2.568125,-80.4073768755942
256875,2.56875,-80.5108748195811
256937.5,2.569375,-80.6195563574471
257000,2.57,-80.7334692045212
257062.5,2.570625,-80.8526607303959
257125,2.57125,-80.9771772570237
257187.5,2.571875,-81.1070632182873
257250,2.5725,-81.2423601555803
257312.5,2.573125,-81.3831055195058
257375,2.57375,-81.5293312426755
257437.5,2.574375,-81.6810620427451
257500,2.575,-81.8383134081948
257562.5,2.575625,-82.0010892118221
257625,2.57625,-82.1693788887067
257687.5,2.576875,-82.3431541064254
257750,2.5775,-82.5223648458459
257812.5,2.578125,-82.7069348015127
257875,2.57875,-82.8967560017157
257937.5,2.579375,-83.0916825414725
258000,2.58,-83.2915233178638
258062.5,2.580625,-83.4960336592625
258125,2.58125,-83.7049057508798
258187.5,2.581875,-83.9177577834672
258250,2.5825,-84.1341217956117
258312.5,2.583125,-84.353430250325
258375,2.58375,-84.5750014927467
258437.5,2.584375,-84.7980243875727
258500,2.585,-85.0215426428188
258562.5,2.585625,-85.2444395986079
258625,2.58625,-85.4654245986998
258687.5,2.586875,-85.6830224597164
258750,2.5875,-85.8955679820357
258812.5,2.588125,-86.1012078536348
258875,2.58875,-86.2979125965621
258937.5,2.589375,-86.4835012714265
259000,2.59,-86.6556813372896
259062.5,2.590625,-86.812105209851
259125,2.59125,-86.9504435657275
259187.5,2.591875,-87.0684733147587
259250,2.5925,-87.1641755983454
259312.5,2.593125,-87.2358365804285
259375,2.59375,-87.2821417699865
259437.5,2.594375,-87.3022537898253
259500,2.595,-87.295864362989
259562.5,2.595625,-87.2632139244674
259625,2.59625,-87.20507628749
259687.5,2.596875,-87.1227103781161
259750,2.5975,-87.017785194452
259812.5,2.598125,-86.8922869860622
259875,2.59875,-86.7484187303831
259937.5,2.599375,-86.5885013466195
260000,2.6,-86.4148841755364
260062.5,2.600625,-86.2298696969698
260125,2.60125,-86.0356548630555
260187.5,2.601875,-85.8342892303159
260250,2.6025,-85.6276484967505
260312.5,2.603125,-85.417421120557
260375,2.60375,-85.2051053202874
260437.5,2.604375,-84.9920137832013
260500,2.605,-84.7792836854637
260562.5,2.605625,-84.5678900272301
260625,2.60625,-84.3586607154251
260687.5,2.606875,-84.152292230219
260750,2.6075,-83.9493650580342
260812.5,2.608125,-83.7503583544653
260875,2.60875,-83.5556635159462
260937.5,2.609375,-83.3655964972697
261000,2.61,-83.1804088232466
261062.5,2.610625,-83.0002973169516
261125,2.61125,-82.8254126135705
261187.5,2.611875,-82.6558665551414
261250,2.6125,-82.4917385739324
261312.5,2.613125,-82.3330811750517
261375,2.61375,-82.1799246258177
261437.5,2.614375,-82.0322809526937
261500,2.615,-81.8901473379564
261562.5,2.615625,-81.753508998947
261625,2.61625,-81.622341623214
261687.5,2.616875,-81.4966134239269
261750,2.6175,-81.3762868714843
261812.5,2.618125,-81.2613201497633
261875,2.61875,-81.1516683785711
261937.5,2.619375,-81.0472846380318
262000,2.62,-80.9481208253617
262062.5,2.620625,-80.8541283700108
262125,2.62125,-80.7652588292968
262187.5,2.621875,-80.6814643832741
262250,2.6225,-80.6026982448038
262312.5,2.623125,-80.5289149982944
262375,2.62375,-80.4600708785781
262437.5,2.624375,-80.3961239995903
262500,2.625,-80.3370345410345
262562.5,2.625625,-80.2827648999734
262625,2.62625,-80.2332798131754
262687.5,2.626875,-80.1885464551593
262750,2.6275,-80.1485345160886
262812.5,2.628125,-80.113216263008
262875,2.62875,-80.0825665873547
262937.5,2.629375,-80.0565630412024
263000,2.63,-80.0351858642475
263062.5,2.630625,-80.0184180032318
263125,2.63125,-80.0062451251668
263187.5,2.631875,-79.998655625431
263250,2.6325,-79.9956406316045
263312.5,2.633125,-79.9971940036633
263375,2.63375,-80.003312330967
263437.5,2.634375,-80.0139949262651
263500,2.635,-80.0292438167964
263562.5,2.635625,-80.0490637323576
263625,2.63625,-80.0734620900298
263687.5,2.636875,-80.1024489751056
263750,2.6375,-80.1360371175027
263812.5,2.638125,-80.1742418627872
263875,2.63875,-80.217081136666
263937.5,2.639375,-80.2645754015372
264000,2.64,-80.3167476034108
264062.5,2.640625,-80.3736231071505
264125,2.64125,-80.4352296175653
264187.5,2.641875,-80.5015970834972
264250,2.6425,-80.5727575814038
264312.5,2.643125,-80.6487451744097
264375,2.64375,-80.729595742026
264437.5,2.644375,-80.815346774861
264500,2.645,-80.906037127706
264562.5,2.645625,-81.0017067231447
264625,2.64625,-81.1023961965103
264687.5,2.646875,-81.208146471389
264750,2.6475,-81.3189982529783
264812.5,2.648125,-81.4349914244664
264875,2.64875,-81.5561643290074
264937.5,2.649375,-81.6825529169218
265000,2.65,-81.8141897343624
265062.5,2.650625,-81.9511027257226
265125,2.65125,-82.0933138175753
265187.5,2.651875,-82.2408372468691
265250,2.6525,-82.3936775903543
265312.5,2.653125,-82.5518274459152
265375,2.65375,-82.7152647096179
265437.5,2.654375,-82.8839493850202
265500,2.655,-83.0578198539402
265562.5,2.655625,-83.236788530738
265625,2.65625,-83.4207368161975
265687.5,2.656875,-83.6095092629438
265750,2.6575,-83.8029068638468
265812.5,2.658125,-84.0006793798717
265875,2.65875,-84.2025166372446
265937.5,2.659375,-84.4080387495217
266000,2.66,-84.6167852627328
266062.5,2.660625,-84.8282032875308
266125,2.66125,-85.0416347779976
266187.5,2.661875,-85.2563032500953
266250,2.6625,-85.4713004108885
266312.5,2.663125,-85.6855733975969
266375,2.66375,-85.8979136032124
266437.5,2.664375,-86.1069483836698
266500,2.665,-86.3111372768825
266562.5,2.665625,-86.5087746722071
266625,2.66625,-86.6980010818736
266687.5,2.666875,-86.8768251884097
266750,2.6675,-87.0431585626893
266812.5,2.668125,-87.1948642539514
266875,2.66875,-87.3298192735751
266937.5,2.669375,-87.4459893367878
267000,2.67,-87.5415122325662
267062.5,2.670625,-87.6147841564068
267125,2.67125,-87.6645416926255
267187.5,2.671875,-87.6899313456207
267250,2.6725,-87.6905589696376
267312.5,2.673125,-87.6665132592367
267375,2.67375,-87.6183604160811
267437.5,2.674375,-87.5471106529681
267500,2.675,-87.4541606040602
267562.5,2.675625,-87.3412182946305
267625,2.67625,-87.2102186438732
267687.5,2.676875,-87.0632374408763
267750,2.6775,-86.9024105791602
267812.5,2.678125,-86.7298634901319
267875,2.67875,-86.5476536515981
267937.5,2.679375,-86.357727150587
268000,2.68,-86.1618887887646
268062.5,2.680625,-85.9617842212685
268125,2.68125,-85.7588920897719
268187.5,2.681875,-85.5545239549009
268250,2.6825,-85.3498299379982
268312.5,2.683125,-85.1458082395179
268375,2.68375,-84.9433170262473
268437.5,2.684375,-84.7430875124025
268500,2.685,-84.5457373649781
268562.5,2.685625,-84.3517838236289
268625,2.68625,-84.1616561347592
268687.5,2.686875,-83.9757070604541
268750,2.6875,-83.7942233416251
268812.5,2.688125,-83.6174350785779
268875,2.68875,-83.445524048752
268937.5,2.689375,-83.2786310171534
269000,2.69,-83.116862115708
269062.5,2.690625,-82.960294377701
269125,2.69125,-82.80898051622
269187.5,2.691875,-82.6629530334015
269250,2.6925,-82.5222277424584
269312.5,2.693125,-82.3868067778031
269375,2.69375,-82.2566811614277
269437.5,2.694375,-82.1318329862854
269500,2.695,-82.0122372702842
269562.5,2.695625,-81.8978635278399
269625,2.69625,-81.788677099806
269687.5,2.696875,-81.6846402771569
269750,2.6975,-81.5857132488776
269812.5,2.698125,-81.4918549002598
269875,2.69875,-81.4030234840841
269937.5,2.699375,-81.3191771838713
270000,2.7,-81.2402745856388
270062.5,2.700625,-81.1662750721588
270125,2.70125,-81.0971391516448
270187.5,2.701875,-81.0328287310354
270250,2.7025,-80.9733073425133
270312.5,2.703125,-80.9185403305932
270375,2.70375,-80.8684950060343
270437.5,2.704375,-80.82314077185
270500,2.705,-80.7824492259052
270562.5,2.705625,-80.7463942438737
270625,2.70625,-80.7149520457706
270687.5,2.706875,-80.6881012487098
270750,2.7075,-80.6658229081535
270812.5,2.708125,-80.6481005495038
270875,2.70875,-80.6349201915404
270937.5,2.709375,-80.6262703629686
271000,2.71,-80.6221421130138
271062.5,2.710625,-80.6225290168213
271125,2.71125,-80.6274271761476
271187.5,2.711875,-80.6368352156905
271250,2.7125,-80.6507542751477
271312.5,2.713125,-80.6691879969603
271375,2.71375,-80.6921425094596
271437.5,2.714375,-80.7196264049912
271500,2.715,-80.7516507123257
271562.5,2.715625,-80.788228862505
271625,2.71625,-80.8293766469832
271687.5,2.716875,-80.8751121666913
271750,2.7175,-80.9254557703181
271812.5,2.718125,-80.9804299797858
271875,2.71875,-81.0400594005005
271937.5,2.719375,-81.1043706134892
272000,2.72,-81.1733920460424
272062.5,2.720625,-81.2471538168687
272125,2.72125,-81.3256875510401
272187.5,2.721875,-81.4090261592526
272250,2.7225,-81.4972035749126
272312.5,2.723125,-81.5902544415014
272375,2.72375,-81.6882137413796
272437.5,2.724375,-81.7911163556718
272500,2.725,-81.8989965431872
272562.5,2.725625,-82.0118873242976
272625,2.72625,-82.1298197533633
272687.5,2.726875,-82.2528220606844
272750,2.7275,-82.3809186418277
272812.5,2.728125,-82.5141288687496
272875,2.72875,-82.6524656931933
272937.5,2.729375,-82.7959340083972
273000,2.73,-82.9445287302861
273062.5,2.730625,-83.0982325540316
273125,2.73125,-83.257013336195
273187.5,2.731875,-83.4208210468446
273250,2.7325,-83.5895842303694
273312.5,2.733125,-83.7632059085429
273375,2.73375,-83.9415588554747
273437.5,2.734375,-84.1244801723199
273500,2.735,-84.3117650913437
273562.5,2.735625,-84.5031599461039
273625,2.73625,-84.6983542592857
273687.5,2.736875,-84.8969719257141
273750,2.7375,-85.0985615088475
273812.5,2.738125,-85.3025857296594
273875,2.73875,-85.5084103126696
273937.5,2.739375,-85.7152924705195
274000,2.74,-85.9223694609575
274062.5,2.740625,-86.1286478411991
274125,2.74125,-86.3329942729096
274187.5,2.741875,-86.5341289870981
274250,2.7425,-86.7306232819635
274312.5,2.743125,-86.9209026616745
274375,2.74375,-87.1032573763392
274437.5,2.744375,-87.2758621199808
274500,2.745,-87.4368064000131
274562.5,2.745625,-87.5841365266568
274625,2.74625,-87.7159092312171
274687.5,2.746875,-87.830255616474
274750,2.7475,-87.9254525742771
274812.5,2.748125,-87.9999971903401
274875,2.74875,-88.0526783091193
274937.5,2.749375,-88.0826387065895
275000,2.75,-88.0894215126002
275062.5,2.750625,-88.0729957663148
275125,2.75125,-88.0337581610531
275187.5,2.751875,-87.972510774355
275250,2.7525,-87.8904173586012
275312.5,2.753125,-87.7889430488579
275375,2.75375,-87.6697837330518
275437.5,2.754375,-87.5347916704608
275500,2.755,-87.3859033356934
275562.5,2.755625,-87.2250741854424
275625,2.75625,-87.0542234475745
275687.5,2.756875,-86.8751904413574
275750,2.7575,-86.6897025854935
275812.5,2.758125,-86.4993542563311
275875,2.75875,-86.3055950422128
275937.5,2.759375,-86.1097256551598
276000,2.76,-85.912899728756
276062.5,2.760625,-85.7161298658387
276125,2.76125,-85.5202965265269
276187.5,2.761875,-85.3261586093877
276250,2.7625,-85.1343648372259
276312.5,2.763125,-84.945465292019
276375,2.76375,-84.7599226402265
276437.5,2.764375,-84.5781227474633
276500,2.765,-84.4003845032486
276562.5,2.765625,-84.2269687661687
276625,2.76625,-84.0580864038975
276687.5,2.766875,-83.893905445721
276750,2.7675,-83.7345573930442
276812.5,2.768125,-83.5801427495382
276875,2.76875,-83.4307358407219
276937.5,2.769375,-83.286388995066
277000,2.77,-83.1471361573933
277062.5,2.770625,-83.0129960016857
277125,2.77125,-82.8839746053416
277187.5,2.771875,-82.7600677413163
277250,2.7725,-82.6412628387376
277312.5,2.773125,-82.5275406569224
277375,2.77375,-82.418876712317
277437.5,2.774375,-82.3152424929979
277500,2.775,-82.2166064908245
277562.5,2.775625,-82.1229350773968
277625,2.77625,-82.0341932463513
277687.5,2.776875,-81.9503452414845
277750,2.7775,-81.8713550874037
277812.5,2.778125,-81.7971870371098
277875,2.77875,-81.7278059487908
277937.5,2.779375,-81.6631776023959
278000,2.78,-81.6032689650115
278062.5,2.780625,-81.5480484127378
278125,2.78125,-81.4974859156489
278187.5,2.781875,-81.4515531914314
278250,2.7825,-81.4102238325045
278312.5,2.783125,-81.3734734106414
278375,2.78375,-81.341279562532
278437.5,2.784375,-81.3136220592133
278500,2.785,-81.2904828617673
278562.5,2.785625,-81.2718461653371
278625,2.78625,-81.2576984331297
278687.5,2.786875,-81.2480284217805
278750,2.7875,-81.2428271991651
278812.5,2.788125,-81.2420881554772
278875,2.78875,-81.2458070081949
278937.5,2.789375,-81.2539818013336
279000,2.79,-81.2666128991351
279062.5,2.790625,-81.2837029742243
279125,2.79125,-81.3052569899898
279187.5,2.791875,-81.331282176788
279250,2.7925,-81.3617880013308
279312.5,2.793125,-81.39678612844
279375,2.79375,-81.4362903740219
279437.5,2.794375,-81.4803166479538
279500,2.795,-81.5288828851659
279562.5,2.795625,-81.5820089629717
279625,2.79625,-81.6397166022238
279687.5,2.796875,-81.702029249472
279750,2.7975,-81.7689719368379
279812.5,2.798125,-81.8405711156512
279875,2.79875,-81.9168544593072
279937.5,2.799375,-81.9978506299845
280000,2.8,-82.08358900299
280062.5,2.800625,-82.1740993414424
280125,2.80125,-82.2694114128336
280187.5,2.801875,-82.3695545376047
280250,2.8025,-82.4745570582958
280312.5,2.803125,-82.5844457159859
280375,2.80375,-82.6992449186302
280437.5,2.804375,-82.8189758835239
280500,2.805,-82.9436556334057
280562.5,2.805625,-83.0732958225479
280625,2.80625,-83.2079013659171
280687.5,2.806875,-83.3474688404711
280750,2.8075,-83.4919846237079
280812.5,2.808125,-83.6414227299889
280875,2.80875,-83.795742300679
280937.5,2.809375,-83.9548846994583
281000,2.81,-84.1187701598611
281062.5,2.810625,-84.2872939285838
281125,2.81125,-84.4603218457552
281187.5,2.811875,-84.6376853034403
281250,2.8125,-84.8191755269824
281312.5,2.813125,-85.0045371322897
281375,2.81375,-85.1934609277184
281437.5,2.814375,-85.3855759546206
281500,2.815,-85.5804407991589
281562.5,2.815625,-85.7775342633419
281625,2.81625,-85.9762455599074
281687.5,2.816875,-86.1758642974101
281750,2.8175,-86.375570652583
281812.5,2.818125,-86.5744262874881
281875,2.81875,-86.7713667573838
281937.5,2.819375,-86.965196362328
282000,2.82,-87.1545866042423
282062.5,2.820625,-87.3380795914316
282125,2.82125,-87.5140978416532
282187.5,2.821875,-87.6809619159607
282250,2.8225,-87.8369171049466
282312.5,2.823125,-87.9801699254136
282375,2.82375,-88.10893443079
282437.5,2.824375,-88.2214872993362
282500,2.825,-88.3162294180708
282562.5,2.825625,-88.3917503865562
282625,2.82625,-88.4468912570799
282687.5,2.826875,-88.4808001744378
282750,2.8275,-88.4929756136267
282812.5,2.828125,-88.4832927589759
282875,2.82875,-88.4520101699608
282937.5,2.829375,-88.399755996544
283000,2.83,-88.3274952614502
283062.5,2.830625,-88.2364817009676
283125,2.83125,-88.1281990104465
283187.5,2.831875,-88.0042968978194
283250,2.8325,-87.8665271205681
283312.5,2.833125,-87.7166838388293
283375,2.83375,-87.5565514143662
283437.5,2.834375,-87.3878614847572
283500,2.835,-87.2122599547581
283562.5,2.835625,-87.0312836026643
283625,2.83625,-86.8463453489641
283687.5,2.836875,-86.6587268659016
283750,2.8375,-86.4695770704836
283812.5,2.838125,-86.2799150768184
283875,2.83875,-86.0906363234032
283937.5,2.839375,-85.9025207854269
284000,2.84,-85.7162423930825
284062.5,2.840625,-85.5323789788422
284125,2.84125,-85.3514222558269
284187.5,2.841875,-85.1737874795498
284250,2.8425,-84.9998225654338
284312.5,2.843125,-84.8298165271169
284375,2.84375,-84.6640071691558
284437.5,2.844375,-84.5025880167884
284500,2.845,-84.3457144989192
284562.5,2.845625,-84.1935094220676
284625,2.84625,-84.0460677858917
284687.5,2.846875,-83.9034609972657
284750,2.8475,-83.7657405420549
284812.5,2.848125,-83.6329411726931
284875,2.84875,-83.5050836669649
284937.5,2.849375,-83.3821772094222
285000,2.85,-83.2642214424761
285062.5,2.850625,-83.1512082295246
285125,2.85125,-83.0431231679231
285187.5,2.851875,-82.9399468852928
285250,2.8525,-82.8416561485867
285312.5,2.853125,-82.7482248116826
285375,2.85375,-82.6596246239392
285437.5,2.854375,-82.5758259192366
285500,2.855,-82.4967982023642
285562.5,2.855625,-82.4225106473708
285625,2.85625,-82.3529325204519
285687.5,2.856875,-82.2880335382285
285750,2.8575,-82.2277841707363
285812.5,2.858125,-82.1721558971383
285875,2.85875,-82.1211214210209
285937.5,2.859375,-82.0746548511692
286000,2.86,-82.0327318528537
286062.5,2.860625,-81.9953297738978
286125,2.86125,-81.9624277492164
286187.5,2.861875,-81.9340067868958
286250,2.8625,-81.9100498384494
286312.5,2.863125,-81.8905418554381
286375,2.86375,-81.8754698342715
286437.5,2.864375,-81.8648228507102
286500,2.865,-81.8585920852246
286562.5,2.865625,-81.8567708402116
286625,2.86625,-81.8593545497071
286687.5,2.866875,-81.8663407820792
286750,2.8675,-81.8777292359825
286812.5,2.868125,-81.893521729571
286875,2.86875,-81.9137221828525
286937.5,2.869375,-81.9383365927874
287000,2.87,-81.9673730005521
287062.5,2.870625,-82.0008414501733
287125,2.87125,-82.0387539374254
287187.5,2.871875,-82.081124347731
287250,2.8725,-82.1279683813731
287312.5,2.873125,-82.179303464107
287375,2.87375,-82.2351486408252
287437.5,2.874375,-82.2955244495145
287500,2.875,-82.3604527722799
287562.5,2.875625,-82.4299566596139
287625,2.87625,-82.504060123511
287687.5,2.876875,-82.5827878942214
287750,2.8775,-82.6661651346865
287812.5,2.878125,-82.7542171056264
287875,2.87875,-82.8469687732365
287937.5,2.879375,-82.9444443500996
288000,2.88,-83.046666758495
288062.5,2.880625,-83.1536570036071
288125,2.88125,-83.265433442244
288187.5,2.881875,-83.3820109304636
288250,2.8825,-83.5033998312136
288312.5,2.883125,-83.6296048602238
288375,2.88375,-83.7606237455021
288437.5,2.884375,-83.8964456725079
288500,2.885,-84.0370494834879
288562.5,2.885625,-84.1824015959205
288625,2.88625,-84.3324536011241
288687.5,2.886875,-84.4871395006428
288750,2.8875,-84.646372534769
288812.5,2.888125,-84.8100415552681
288875,2.88875,-84.9780068934256
288937.5,2.889375,-85.1500956758481
289000,2.89,-85.3260965450269
289062.5,2.890625,-85.5057537508847
289125,2.89125,-85.688760595377
289187.5,2.891875,-85.8747522365932
289250,2.8925,-86.0632978948135
289312.5,2.893125,-86.2538925533363
289375,2.89375,-86.445948314975
289437.5,2.894375,-86.6387856640971
289500,2.895,-86.831624995996
289562.5,2.895625,-87.0235789107222
289625,2.89625,-87.2136459245022
289687.5,2.896875,-87.4007064203869
289750,2.8975,-87.5835218259049
289812.5,2.898125,-87.7607381447873
289875,2.89875,-87.9308950478111
289937.5,2.899375,-88.0924417004476
290000,2.9,-88.2437603229169
290062.5,2.900625,-88.3831980955088
290125,2.90125,-88.5091074101548
290187.5,2.901875,-88.6198936341977
290250,2.9025,-88.7140685517707
290312.5,2.903125,-88.7903066025548
290375,2.90375,-88.8475001216189
290437.5,2.904375,-88.8848092031429
290500,2.905,-88.9017017504347
290562.5,2.905625,-88.8979798438224
290625,2.90625,-88.8737897411542
290687.5,2.906875,-88.8296144648109
290750,2.9075,-88.7662497520741
290812.5,2.908125,-88.6847658317866
290875,2.90875,-88.5864587552068
290937.5,2.909375,-88.4727956746697
291000,2.91,-88.3453584932105
291062.5,2.910625,-88.2057897949515
291125,2.91125,-88.0557440870126
291187.5,2.911875,-87.8968463450102
291250,2.9125,-87.7306588379799
291312.5,2.913125,-87.5586563434326
291375,2.91375,-87.3822092164624
291437.5,2.914375,-87.2025733609126
291500,2.915,-87.0208859411911
291562.5,2.915625,-86.8381656258347
291625,2.91625,-86.6553162192342
291687.5,2.916875,-86.4731326703613
291750,2.9175,-86.2923086113785
291812.5,2.918125,-86.1134447482034
291875,2.91875,-85.9370575837254
291937.5,2.919375,-85.7635880930734
292000,2.92,-85.5934100857265
292062.5,2.920625,-85.4268380817004
292125,2.92125,-85.2641345999027
292187.5,2.921875,-85.1055168097399
292250,2.9225,-84.9511625348455
292312.5,2.923125,-84.8012156238799
292375,2.92375,-84.6557907202146
292437.5,2.924375,-84.5149774724892
292500,2.925,-84.3788442331007
292562.5,2.925625,-84.2474412935447
292625,2.92625,-84.1208037047031
292687.5,2.926875,-83.9989537281576
292750,2.9275,-83.8819029614677
292812.5,2.928125,-83.7696541767948
292875,2.92875,-83.6622029085916
292937.5,2.929375,-83.5595388223083
293000,2.93,-83.4616468926095
293062.5,2.930625,-83.3685084161939
293125,2.93125,-83.2801018813619
293187.5,2.931875,-83.196403713658
293250,2.9325,-83.1173889144779
293312.5,2.933125,-83.043031607337
293375,2.93375,-82.9733055045312
293437.5,2.934375,-82.9081843052818
293500,2.935,-82.8476420348499
293562.5,2.935625,-82.7916533329197
293625,2.93625,-82.7401936983496
293687.5,2.936875,-82.693239696378
293750,2.9375,-82.6507691335778
293812.5,2.938125,-82.6127612050433
293875,2.93875,-82.5791966176603
293937.5,2.939375,-82.5500576927609
294000,2.94,-82.5253284509068
294062.5,2.940625,-82.5049946811945
294125,2.94125,-82.489043997025
294187.5,2.941875,-82.4774658799283
294250,2.9425,-82.4702517128111
294312.5,2.943125,-82.4673948036096
294375,2.94375,-82.468890400171
294437.5,2.944375,-82.4747356968838
294500,2.945,-82.484929833375
294562.5,2.945625,-82.4994738854175
294625,2.94625,-82.5183708478885
294687.5,2.946875,-82.5416256095065
294750,2.9475,-82.569244918774
294812.5,2.948125,-82.6012373403699
294875,2.94875,-82.6376132009784
294937.5,2.949375,-82.6783845232461
295000,2.95,-82.7235649463258
295062.5,2.950625,-82.7731696310834
295125,2.95125,-82.8272151476867
295187.5,2.951875,-82.8857193429403
295250,2.9525,-82.9487011841799
295312.5,2.953125,-83.0161805760648
295375,2.95375,-83.08817814601
295437.5,2.954375,-83.164714993238
295500,2.955,-83.2458123957383
295562.5,2.955625,-83.3314914684318
295625,2.95625,-83.4217727648628
295687.5,2.956875,-83.5166758135214
295750,2.9575,-83.6162185785926
295812.5,2.958125,-83.7204168333956
295875,2.95875,-83.8292834330413
295937.5,2.959375,-83.9428274709435
296000,2.96,-84.0610533016572
296062.5,2.960625,-84.1839594100878
296125,2.96125,-84.3115371046337
296187.5,2.961875,-84.4437690088644
296250,2.9625,-84.5806273235561
296312.5,2.963125,-84.7220718277287
296375,2.96375,-84.8680475844387
296437.5,2.964375,-85.0184823143256
296500,2.965,-85.1732833976174
296562.5,2.965625,-85.3323344640849
296625,2.96625,-85.4954915303989
296687.5,2.966875,-85.6625786467302
296750,2.9675,-85.8333830196747
296812.5,2.968125,-86.0076495883921
296875,2.96875,-86.1850750462982
296937.5,2.969375,-86.3653013240593
297000,2.97,-86.5479085828206
297062.5,2.970625,-86.7324078122747
297125,2.97125,-86.9182331887374
297187.5,2.971875,-87.1047344259564
297250,2.9725,-87.29116944771
297312.5,2.973125,-87.4766978255793
297375,2.97375,-87.6603755552005
297437.5,2.974375,-87.8411518820384
297500,2.975,-88.0178690209729
297562.5,2.975625,-88.1892657221121
297625,2.97625,-88.3539856909661
297687.5,2.976875,-88.5105918392319
297750,2.9775,-88.657587185049
297812.5,2.978125,-88.7934429034489
297875,2.97875,-88.9166335272087
297937.5,2.979375,-89.0256786208396
298000,2.98,-89.1191894397258
298062.5,2.980625,-89.195918233405
298125,2.98125,-89.2548070903022
298187.5,2.981875,-89.2950327087289
298250,2.9825,-89.3160433637049
298312.5,2.983125,-89.3175847164068
298375,2.98375,-89.2997119886225
298437.5,2.984375,-89.2627872960495
298500,2.985,-89.2074624066505
298562.5,2.985625,-89.1346486177553
298625,2.98625,-89.0454765943772
298687.5,2.986875,-88.9412497153143
298750,2.9875,-88.8233946696063
298812.5,2.988125,-88.693412774516
298875,2.98875,-88.5528348667111
298937.5,2.989375,-88.4031818065486
299000,2.99,-88.2459317841984
299062.5,2.990625,-88.0824948451206
299125,2.99125,-87.9141944350374
299187.5,2.991875,-87.7422553302689
299250,2.9925,-87.5677970616857
299312.5,2.993125,-87.391831832303
299375,2.99375,-87.2152659320407
299437.5,2.994375,-87.0389037314217
299500,2.995,-86.8634534556647
299562.5,2.995625,-86.6895340774228
299625,2.99625,-86.5176828025984
299687.5,2.996875,-86.3483627484858
299750,2.9975,-86.1819705216739
299812.5,2.998125,-86.0188434927169
299875,2.99875,-85.8592666357202
299937.5,2.999375,-85.7034788562148
300000,3,-85.5516787713733
300062.5,3.000625,-85.4040299362587
300125,3.00125,-85.2606655299752
300187.5,3.001875,-85.121692528984
300250,3.0025,-84.98719540271
300312.5,3.003125,-84.8572393708117
300375,3.00375,-84.7318732627944
300437.5,3.004375,-84.6111320202224
300500,3.005,-84.4950388800185
300562.5,3.005625,-84.3836072749715
300625,3.00625,-84.2768424846282
300687.5,3.006875,-84.1747430668002
300750,3.0075,-84.0773020968484
300812.5,3.008125,-83.9845082390673
300875,3.00875,-83.8963466716608
300937.5,3.009375,-83.812799884394
301000,3.01,-83.7338483656065
301062.5,3.010625,-83.65947119327
301125,3.01125,-83.5896465428674
301187.5,3.011875,-83.5243521232784
301250,3.0125,-83.4635655503571
301312.5,3.013125,-83.4072646666179
301375,3.01375,-83.3554278143285
301437.5,3.014375,-83.3080340683354
301500,3.015,-83.2650634340095
301562.5,3.015625,-83.2264970150765
301625,3.01625,-83.1923171552829
301687.5,3.016875,-83.1625075573773
301750,3.0175,-83.1370533823487
301812.5,3.018125,-83.1159413313811
301875,3.01875,-83.0991597126269
301937.5,3.019375,-83.0866984945439
302000,3.02,-83.0785493471829
302062.5,3.020625,-83.0747056725926
302125,3.02125,-83.0751626251808
302187.5,3.021875,-83.0799171226671
302250,3.0225,-83.0889678480079
302312.5,3.023125,-83.1023152424831
302375,3.02375,-83.1199614898648
302437.5,3.024375,-83.1419104914241
302500,3.025,-83.1681678312803
302562.5,3.025625,-83.1987407313495
302625,3.02625,-83.2336379949605
302687.5,3.026875,-83.2728699378674
302750,3.0275,-83.316448305166
302812.5,3.028125,-83.364386172242
302875,3.02875,-83.4166978275927
302937.5,3.029375,-83.4733986349036
303000,3.03,-83.5345048713422
303062.5,3.030625,-83.6000335385346
303125,3.03125,-83.6700021421037
303187.5,3.031875,-83.7444284349826
303250,3.0325,-83.8233301190003
303312.5,3.033125,-83.9067244983912
303375,3.03375,-83.9946280778946
303437.5,3.034375,-84.0870560970573
303500,3.035,-84.1840219911241
303562.5,3.035625,-84.2855367674834
303625,3.03625,-84.3916082851545
303687.5,3.036875,-84.5022404229887
303750,3.0375,-84.6174321204571
303812.5,3.038125,-84.737176272726
303875,3.03875,-84.861458459492
303937.5,3.039375,-84.9902554847134
304000,3.04,-85.1235337018218
304062.5,3.040625,-85.2612470965744
304125,3.04125,-85.4033350973524
304187.5,3.041875,-85.5497200806407
304250,3.0425,-85.7003045379861
304312.5,3.043125,-85.8549678701794
304375,3.04375,-86.0135627752614
304437.5,3.044375,-86.175911199988
304500,3.045,-86.3417998301513
304562.5,3.045625,-86.5109751050755
304625,3.04625,-86.6831377566741
304687.5,3.046875,-86.8579368955031
304750,3.0475,-87.034963696855
304812.5,3.048125,-87.2137447811581
304875,3.04875,-87.3937354368371
304937.5,3.049375,-87.5743129015782
305000,3.05,-87.7547700009177
305062.5,3.050625,-87.9343095401972
305125,3.05125,-88.112039954512
305187.5,3.051875,-88.2869728346521
305250,3.0525,-88.4580230544344
305312.5,3.053125,-88.6240123093364
305375,3.05375,-88.7836769158018
305437.5,3.054375,-88.9356806869224
305500,3.055,-89.078633563833
305562.5,3.055625,-89.2111164157071
305625,3.05625,-89.3317120084531
305687.5,3.056875,-89.4390415873764
305750,3.0575,-89.5318058558821
305812.5,3.058125,-89.6088284308709
305875,3.05875,-89.6690992180163
305937.5,3.059375,-89.711814700369
306000,3.06,-89.7364119894668
306062.5,3.060625,-89.7425937320947
306125,3.06125,-89.7303416147597
306187.5,3.061875,-89.699917197152
306250,3.0625,-89.651849995349
306312.5,3.063125,-89.5869139373987
306375,3.06375,-89.5060943385256
306437.5,3.064375,-89.4105482411338
306500,3.065,-89.3015612619549
306562.5,3.065625,-89.1805039909419
306625,3.06625,-89.0487905698769
306687.5,3.066875,-88.9078414585392
306750,3.0675,-88.7590516965347
306812.5,3.068125,-88.6037652961704
306875,3.06875,-88.4432558302724
306937.5,3.069375,-88.2787128469769
307000,3.07,-88.1112334587474
307062.5,3.070625,-87.9418183010922
307125,3.07125,-87.7713710112021
307187.5,3.071875,-87.6007004084954
307250,3.0725,-87.4305246389713
307312.5,3.073125,-87.2614766509465
307375,3.07375,-87.094110482962
307437.5,3.074375,-86.9289079543491
307500,3.075,-86.766285447795
307562.5,3.075625,-86.6066005580253
307625,3.07625,-86.4501584506052
307687.5,3.076875,-86.2972178303203
307750,3.0775,-86.1479964614125
307812.5,3.078125,-86.0026762138143
307875,3.07875,-85.8614076325976
307937.5,3.079375,-85.7243140436363
308000,3.08,-85.5914952190903
308062.5,3.080625,-85.463030632512
308125,3.08125,-85.3389823366722
308187.5,3.081875,-85.2193974983895
308250,3.0825,-85.1043106241447
308312.5,3.083125,-84.9937455089914
308375,3.08375,-84.8877169392122
308437.5,3.084375,-84.7862321768994
308500,3.085,-84.6892922521537
308562.5,3.085625,-84.5968930860862
308625,3.08625,-84.5090264654512
308687.5,3.086875,-84.4256808874494
308750,3.0875,-84.3468422911134
308812.5,3.088125,-84.2724946897839
308875,3.08875,-84.202620717426
308937.5,3.089375,-84.1372020999621
309000,3.09,-84.076220061408
309062.5,3.090625,-84.0196556733145
309125,3.09125,-83.967490154976
309187.5,3.091875,-83.9197051308239
309250,3.0925,-83.8762828506172
309312.5,3.093125,-83.8372063772658
309375,3.09375,-83.802459746437
309437.5,3.094375,-83.7720281015553
309500,3.095,-83.7458978072409
309562.5,3.095625,-83.7240565438216
309625,3.09625,-83.706493385092
309687.5,3.096875,-83.6931988611817
309750,3.0975,-83.6841650080466
309812.5,3.098125,-83.6793854047907
309875,3.09875,-83.6788551997816
309937.5,3.099375,-83.6825711262362
310000,3.1,-83.6905315077625
310062.5,3.100625,-83.7027362540572
310125,3.10125,-83.7191868467963
310187.5,3.101875,-83.7398863154748
310250,3.1025,-83.764839202793
310312.5,3.103125,-83.7940515188712
310375,3.10375,-83.8275306834304
310437.5,3.104375,-83.8652854547077
310500,3.105,-83.9073258436814
310562.5,3.105625,-83.9536630118106
310625,3.10625,-84.00430915019
310687.5,3.106875,-84.0592773375969
310750,3.1075,-84.1185813745253
310812.5,3.108125,-84.1822355897835
310875,3.10875,-84.2502546156961
310937.5,3.109375,-84.3226531273535
311000,3.11,-84.3994455406338
311062.5,3.110625,-84.4806456629506
311125,3.11125,-84.5662662898028
311187.5,3.111875,-84.6563187391625
311250,3.1125,-84.7508123146956
311312.5,3.113125,-84.8497536874513
311375,3.11375,-84.9531461843774
311437.5,3.114375,-85.0609889703665
311500,3.115,-85.1732761089616
311562.5,3.115625,-85.289995484921
311625,3.11625,-85.4111275699934
311687.5,3.116875,-85.5366440111577
311750,3.1175,-85.6665060185483
311812.5,3.118125,-85.8006625283011
311875,3.11875,-85.9390481136894
311937.5,3.119375,-86.0815806164978
312000,3.12,-86.2281584696883
312062.5,3.120625,-86.3786576825609
312125,3.12125,-86.5329284610005
312187.5,3.121875,-86.6907914389111
312250,3.1225,-86.8520335030817
312312.5,3.123125,-87.0164032035117
312375,3.12375,-87.183605755746
312437.5,3.124375,-87.3532976624217
312500,3.125,-87.5250810093702
312562.5,3.125625,-87.6984975288646
312625,3.12625,-87.8730225704223
312687.5,3.126875,-88.0480591791221
312750,3.1275,-88.222932552984
312812.5,3.128125,-88.3968852339013
312875,3.12875,-88.5690734776893
312937.5,3.129375,-88.7385653428721
313000,3.13,-88.9043411247086
313062.5,3.130625,-89.0652968275629
313125,3.13125,-89.2202513961246
313187.5,3.131875,-89.367958392295
313250,3.1325,-89.5071226858864
313312.5,3.133125,-89.6364225025135
313375,3.13375,-89.7545368287825
313437.5,3.134375,-89.8601777161963
313500,3.135,-89.9521264780498
313562.5,3.135625,-90.0292721917768
313625,3.13625,-90.0906503828027
313687.5,3.136875,-90.1354793719371
313750,3.1375,-90.1631916116947
313812.5,3.138125,-90.1734574883685
313875,3.13875,-90.1661995483153
313937.5,3.139375,-90.1415958793353
314000,3.14,-90.1000723401308
314062.5,3.140625,-90.0422843401814
314125,3.14125,-89.9690897746636
314187.5,3.141875,-89.8815153851684
314250,3.1425,-89.7807191688719
314312.5,3.143125,-89.6679514825725
314375,3.14375,-89.5445172267905
314437.5,3.144375,-89.4117410328742
314500,3.145,-89.2709368106895
314562.5,3.145625,-89.1233824380361
314625,3.14625,-88.97029985606
314687.5,3.146875,-88.8128404201991
314750,3.1475,-88.6520750603859
314812.5,3.148125,-88.4889886238462
314875,3.14875,-88.3244776913941
314937.5,3.149375,-88.1593511515803
315000,3.15,-87.994332862463
315062.5,3.150625,-87.8300658072661
315125,3.15125,-87.6671172413916
315187.5,3.151875,-87.5059844220025
315250,3.1525,-87.3471005997396
315312.5,3.153125,-87.1908410308115
315375,3.15375,-87.037528834544
315437.5,3.154375,-86.8874405762301
315500,3.155,-86.7408114986735
315562.5,3.155625,-86.5978403591726
315625,3.15625,-86.4586938538037
315687.5,3.156875,-86.3235106287756
315750,3.1575,-86.1924048912619
315812.5,3.158125,-86.0654696402345
315875,3.15875,-85.942779542872
315937.5,3.159375,-85.8243934847236
316000,3.16,-85.7103568225523
316062.5,3.160625,-85.6007033686082
316125,3.16125,-85.4954571338104
316187.5,3.161875,-85.3946338557996
316250,3.1625,-85.2982423357977
316312.5,3.163125,-85.2062856062881
316375,3.16375,-85.1187619493778
316437.5,3.164375,-85.0356657837446
316500,3.165,-84.9569884361936
316562.5,3.165625,-84.8827188120124
316625,3.16625,-84.81284397676
316687.5,3.166875,-84.7473496605695
316750,3.1675,-84.6862206947743
316812.5,3.168125,-84.6294413894198
316875,3.16875,-84.5769958591593
316937.5,3.169375,-84.5288683040984
317000,3.17,-84.48504325127
317062.5,3.170625,-84.4455057617364
317125,3.17125,-84.4102416075521
317187.5,3.171875,-84.3792374223335
317250,3.1725,-84.3524808286062
317312.5,3.173125,-84.3299605446384
317375,3.17375,-84.3116664730824
317437.5,3.174375,-84.2975897733559
317500,3.175,-84.2877229193587
317562.5,3.175625,-84.2820597438498
317625,3.17625,-84.2805954704848
317687.5,3.176875,-84.2833267342999
317750,3.1775,-84.290251591148
317812.5,3.178125,-84.3013695164099
317875,3.17875,-84.3166813930013
317937.5,3.179375,-84.3361894885544
318000,3.18,-84.3598974213789
318062.5,3.180625,-84.3878101145691
318125,3.18125,-84.4199337374145
318187.5,3.181875,-84.456275632976
318250,3.1825,-84.4968442304517
318312.5,3.183125,-84.541648940601
318375,3.18375,-84.5907000322112
318437.5,3.184375,-84.6440084872003
318500,3.185,-84.7015858315366
318562.5,3.185625,-84.7634439386923
318625,3.18625,-84.8295948018794
318687.5,3.186875,-84.9000502706331
318750,3.1875,-84.9748217468087
318812.5,3.188125,-85.0539198341645
318875,3.18875,-85.1373539350254
318937.5,3.189375,-85.2251317864969
319000,3.19,-85.3172589277414
319062.5,3.190625,-85.413738088679
319125,3.19125,-85.5145684891829
319187.5,3.191875,-85.6197450365337
319250,3.1925,-85.7292574073335
319312.5,3.193125,-85.8430889985611
319375,3.19375,-85.961215730708
319437.5,3.194375,-86.0836046842726
319500,3.195,-86.2102125491548
319562.5,3.195625,-86.3409838648947
319625,3.19625,-86.4758490283346
319687.5,3.196875,-86.6147220442822
319750,3.1975,-86.7574979943774
319812.5,3.198125,-86.9040502000039
319875,3.19875,-87.0542270569247
319937.5,3.199375,-87.2078485231261
320000,3.2,-87.3647022476878
320062.5,3.200625,-87.5245393380199
320125,3.20125,-87.6870697767439
320187.5,3.201875,-87.8519575187263
320250,3.2025,-88.0188153245602
320312.5,3.203125,-88.1871994205008
320375,3.20375,-88.35660411739
320437.5,3.204375,-88.5264565734365
320500,3.205,-88.696111947861
320562.5,3.205625,-88.8648492633405
320625,3.20625,-89.031868372324
320687.5,3.206875,-89.1962885003171
320750,3.2075,-89.3571489103872
320812.5,3.208125,-89.5134122855332
320875,3.20875,-89.663971444382
320937.5,3.209375,-89.8076599726624
321000,3.21,-89.9432672492945
321062.5,3.210625,-90.0695581549912
321125,3.21125,-90.1852974631599
321187.5,3.211875,-90.289278530607
321250,3.2125,-90.3803554500194
321312.5,3.213125,-90.4574773397532
321375,3.21375,-90.5197229924418
321437.5,3.214375,-90.5663337587092
321500,3.215,-90.5967423836603
321562.5,3.215625,-90.6105956011365
321625,3.21625,-90.6077686487588
321687.5,3.216875,-90.5883704721122
321750,3.2175,-90.552739166979
321812.5,3.218125,-90.5014280549196
321875,3.21875,-90.4351835761358
321937.5,3.219375,-90.3549168033713
322000,3.22,-90.261670756321
322062.5,3.220625,-90.1565858013628
322125,3.22125,-90.0408652773352
322187.5,3.221875,-89.9157431533275
322250,3.2225,-89.7824550749548
322312.5,3.223125,-89.6422136693276
322375,3.22375,-89.4961885196206
322437.5,3.224375,-89.3454908322112
322500,3.225,-89.1911625246125
322562.5,3.225625,-89.0341692652712
322625,3.22625,-88.8753968872075
322687.5,3.226875,-88.7156505605264
322750,3.2275,-88.5556561245321
322812.5,3.228125,-88.396063031124
322875,3.22875,-88.2374484211237
322937.5,3.229375,-88.080321933336
323000,3.23,-87.9251309233724
323062.5,3.230625,-87.7722658407132
323125,3.23125,-87.6220655753447
323187.5,3.231875,-87.4748226381946
323250,3.2325,-87.330788082856
323312.5,3.233125,-87.1901761102847
323375,3.23375,-87.0531683244464
323437.5,3.234375,-86.9199176265435
323500,3.235,-86.7905517496886
323562.5,3.235625,-86.6651764456686
323625,3.23625,-86.5438783419972
323687.5,3.236875,-86.4267274913487
323750,3.2375,-86.3137796374707
323812.5,3.238125,-86.2050782223618
323875,3.23875,-86.100656159163
323937.5,3.239375,-86.0005373942538
324000,3.24,-85.904738280727
324062.5,3.240625,-85.8132687837652
324125,3.24125,-85.7261335367872
324187.5,3.241875,-85.6433327654881
324250,3.2425,-85.5648630952261
324312.5,3.243125,-85.49071825562
324375,3.24375,-85.4208896946811
324437.5,3.244375,-85.3553671135026
324500,3.245,-85.2941389311784
324562.5,3.245625,-85.2371926885254
324625,3.24625,-85.1845153981523
324687.5,3.246875,-85.1360938474633
324750,3.2475,-85.0919148604043
324812.5,3.248125,-85.0519655229583
324875,3.24875,-85.0162333768039
324937.5,3.249375,-84.9847065849169
325000,3.25,-84.9573740724013
325062.5,3.250625,-84.9342256453729
325125,3.25125,-84.9152520902595
325187.5,3.251875,-84.9004452555969
325250,3.2525,-84.8897981179389
325312.5,3.253125,-84.8833048333311
325375,3.25375,-84.8809607753855
325437.5,3.254375,-84.8827625608255
325500,3.255,-84.8887080630708
325562.5,3.255625,-84.89879641423
325625,3.25625,-84.9130279956009
325687.5,3.256875,-84.931404416596
325750,3.2575,-84.9539284817392
325812.5,3.258125,-84.9806041451998
325875,3.25875,-85.0114364520262
325937.5,3.259375,-85.04643146503
326000,3.26,-85.0855961760097
326062.5,3.260625,-85.1289383996402
326125,3.26125,-85.1764666481155
326187.5,3.261875,-85.2281899842177
326250,3.2625,-85.28411785012
326312.5,3.263125,-85.344259868784
326375,3.26375,-85.4086256143322
326437.5,3.264375,-85.4772243472223
326500,3.265,-85.5500647094424
326562.5,3.265625,-85.6271543742926
326625,3.26625,-85.7084996444975
326687.5,3.266875,-85.7941049916377
326750,3.2675,-85.8839725288682
326812.5,3.268125,-85.9781014079225
326875,3.26875,-86.0764871302396
326937.5,3.269375,-86.1791207608484
327000,3.27,-86.2859880322956
327062.5,3.270625,-86.3970683245691
327125,3.27125,-86.5123335054793
327187.5,3.271875,-86.6317466145398
327250,3.2725,-86.7552603719909
327312.5,3.273125,-86.8828154933271
327375,3.27375,-87.014338788713
327437.5,3.274375,-87.1497410260334
327500,3.275,-87.2889145364135
327562.5,3.275625,-87.4317305419422
327625,3.27625,-87.578036187632
327687.5,3.276875,-87.727651263548
327750,3.2775,-87.8803646094781
327812.5,3.278125,-88.0359302036824
327875,3.27875,-88.1940629505677
327937.5,3.279375,-88.354434199958
328000,3.28,-88.5166670543629
328062.5,3.280625,-88.6803315510195
328125,3.28125,-88.8449398434949
328187.5,3.281875,-89.0099415537742
328250,3.2825,-89.174719519782
328312.5,3.283125,-89.3385862244612
328375,3.28375,-89.5007812578738
328437.5,3.284375,-89.6604702292728
328500,3.285,-89.8167456043709
328562.5,3.285625,-89.9686299846624
328625,3.28625,-90.1150823579472
328687.5,3.286875,-90.2550078175291
328750,3.2875,-90.3872711566352
328812.5,3.288125,-90.5107145811288
328875,3.28875,-90.6241795398146
328937.5,3.289375,-90.7265323503069
329000,3.29,-90.8166929157826
329062.5,3.290625,-90.8936654182916
329125,3.29125,-90.95656948729
329187.5,3.291875,-91.0046700398313
329250,3.2925,-91.0374038337172
329312.5,3.293125,-91.0544008187359
329375,3.29375,-91.0554986370543
329437.5,3.294375,-91.0407491006982
329500,3.295,-91.0104161092265
329562.5,3.295625,-90.9649651810912
329625,3.29625,-90.9050454579456
329687.5,3.296875,-90.8314656086033
329750,3.2975,-90.7451654382064
329812.5,3.298125,-90.647185165784
329875,3.29875,-90.5386342758752
329937.5,3.299375,-90.4206616162817
330000,3.3,-90.2944280625128
330062.5,3.300625,-90.1610826645823
330125,3.30125,-90.0217427896731
330187.5,3.301875,-89.8774784183178
330250,3.3025,-89.7293004665981
330312.5,3.303125,-89.5781528025822
330375,3.30375,-89.4249074980055
330437.5,3.304375,-89.2703627960489
330500,3.305,-89.1152432673994
330562.5,3.305625,-88.9602016550626
330625,3.30625,-88.8058219594815
330687.5,3.306875,-88.6526233782988
330750,3.3075,-88.5010647812326
330812.5,3.308125,-88.3515494642773
330875,3.30875,-88.2044299853809
330937.5,3.309375,-88.060012934025
331000,3.31,-87.9185635292815
331062.5,3.310625,-87.7803099751754
331125,3.31125,-87.645447529201
331187.5,3.311875,-87.5141422606178
331250,3.3125,-87.3865344906213
331312.5,3.313125,-87.2627419177201
331375,3.31375,-87.1428624393946
331437.5,3.314375,-87.0269766862341
331500,3.315,-86.9151502878014
331562.5,3.315625,-86.8074358910648
331625,3.31625,-86.703874952707
331687.5,3.316875,-86.6044993262842
331750,3.3175,-86.5093326644337
331812.5,3.318125,-86.4183916551531
331875,3.31875,-86.3316871098511
331937.5,3.319375,-86.2492249193948
332000,3.32,-86.1710068929916
332062.5,3.320625,-86.0970314932865
332125,3.32125,-86.0272944796927
332187.5,3.321875,-85.9617894707259
332250,3.3225,-85.9005084349238
332312.5,3.323125,-85.8434421188445
332375,3.32375,-85.7905804196558
332437.5,3.324375,-85.7419127089438
332500,3.325,-85.6974281135567
332562.5,3.325625,-85.6571157585684
332625,3.32625,-85.6209649768433
332687.5,3.326875,-85.5889654890443
332750,3.3275,-85.5611075574616
332812.5,3.328125,-85.537382116551
332875,3.32875,-85.5177808826349
332937.5,3.329375,-85.5022964449073
333000,3.33,-85.4909223394556
333062.5,3.330625,-85.4836531077771
333125,3.33125,-85.4804843409528
333187.5,3.331875,-85.4814127103485
333250,3.3325,-85.4864359855118
333312.5,3.333125,-85.4955530396861
333375,3.33375,-85.508763843064
333437.5,3.334375,-85.5260694437985
333500,3.335,-85.5474719364507
333562.5,3.335625,-85.5729744173581
333625,3.33625,-85.6025809262243
333687.5,3.336875,-85.6362963728624
333750,3.3375,-85.6741264478817
333812.5,3.338125,-85.7160775157313
333875,3.33875,-85.7621564882423
333937.5,3.339375,-85.8123706764544
334000,3.34,-85.8667276181653
334062.5,3.340625,-85.9252348781587
334125,3.34125,-85.9878998176998
334187.5,3.341875,-86.0547293292788
334250,3.3425,-86.1257295320908
334312.5,3.343125,-86.2009054230631
334375,3.34375,-86.2802604775442
334437.5,3.344375,-86.3637961930127
334500,3.345,-86.4515115682953
334562.5,3.345625,-86.5434025098471
334625,3.34625,-86.6394611556351
334687.5,3.346875,-86.739675106091
334750,3.3475,-86.8440265504104
334812.5,3.348125,-86.9524912752847
334875,3.34875,-87.0650375419341
334937.5,3.349375,-87.1816248160586
335000,3.35,-87.3022023342279
335062.5,3.350625,-87.4267074892264
335125,3.35125,-87.5550640161787
335187.5,3.351875,-87.6871799610183
335250,3.3525,-87.8229454131802
335312.5,3.353125,-87.9622299857027
335375,3.35375,-88.1048800283201
335437.5,3.354375,-88.250715563285
335500,3.355,-88.3995269398955
335562.5,3.355625,-88.551071212674
335625,3.35625,-88.7050682606039
335687.5,3.356875,-88.8611966815268
335750,3.3575,-89.0190895174362
335812.5,3.358125,-89.178329894024
335875,3.35875,-89.338446691752
335937.5,3.359375,-89.4989104065318
336000,3.36,-89.6591294054426
336062.5,3.360625,-89.818446835609
336125,3.36125,-89.9761385004092
336187.5,3.361875,-90.1314120720505
336250,3.3625,-90.2834080579167
336312.5,3.363125,-90.4312029710145
336375,3.36375,-90.5738151625153
336437.5,3.364375,-90.7102137440969
336500,3.365,-90.8393309477615
336562.5,3.365625,-90.960078129645
336625,3.36625,-91.0713654165212
336687.5,3.366875,-91.172124721155
336750,3.3675,-91.2613355286766
336812.5,3.368125,-91.3380525084839
336875,3.36875,-91.4014336741986
336937.5,3.369375,-91.4507675490233
337000,3.37,-91.4854976460921
337062.5,3.370625,-91.505242587135
337125,3.37125,-91.5098103807502
337187.5,3.371875,-91.4992057589054
337250,3.3725,-91.473629989468
337312.5,3.373125,-91.4334731797991
337375,3.37375,-91.3792996814773
337437.5,3.374375,-91.3118277199166
337500,3.375,-91.2319047415543
337562.5,3.375625,-91.1404801603297
337625,3.37625,-91.0385771899066
337687.5,3.376875,-90.9272652937916
337750,3.3775,-90.8076345154111
337812.5,3.378125,-90.680772616749
337875,3.37875,-90.5477456064631
337937.5,3.379375,-90.4095819166305
338000,3.38,-90.2672602176564
338062.5,3.380625,-90.1217006562508
338125,3.38125,-89.9737591636429
338187.5,3.381875,-89.8242244036528
338250,3.3825,-89.6738169023211
338312.5,3.383125,-89.5231899097866
338375,3.38375,-89.3729315791868
338437.5,3.384375,-89.2235680960893
338500,3.385,-89.0755674470652
338562.5,3.385625,-88.9293435719815
338625,3.38625,-88.7852606970386
338687.5,3.386875,-88.6436376926321
338750,3.3875,-88.5047523405767
338812.5,3.388125,-88.3688454288586
338875,3.38875,-88.2361246193595
338937.5,3.389375,-88.1067680553728
339000,3.39,-87.9809276922118
339062.5,3.390625,-87.8587323464825
339125,3.39125,-87.740290468373
339187.5,3.391875,-87.6256926475336
339250,3.3925,-87.5150138670158
339312.5,3.393125,-87.4083155222691
339375,3.39375,-87.3056472232685
339437.5,3.394375,-87.207048398241
339500,3.395,-87.1125497171221
339562.5,3.395625,-87.0221743521725
339625,3.39625,-86.9359390921796
339687.5,3.396875,-86.8538553255581
339750,3.3975,-86.7759299063941
339812.5,3.398125,-86.7021659163227
339875,3.39875,-86.6325633338239
339937.5,3.399375,-86.5671196214622
340000,3.4,-86.5058302404371
340062.5,3.400625,-86.4486891008366
340125,3.40125,-86.3956889550302
340187.5,3.401875,-86.3468217408231
340250,3.4025,-86.3020788801663
340312.5,3.403125,-86.2614515385622
340375,3.40375,-86.2249308496792
340437.5,3.404375,-86.1925081090574
340500,3.405,-86.164174940365
340562.5,3.405625,-86.139923437135
340625,3.40625,-86.1197462825253
340687.5,3.406875,-86.1036368492663
340750,3.4075,-86.0915892816302
340812.5,3.408125,-86.0835985609018
340875,3.40875,-86.0796605556074
340937.5,3.409375,-86.079772057421
341000,3.41,-86.0839308034902
341062.5,3.410625,-86.0921354855923
341125,3.41125,-86.1043857463924
341187.5,3.411875,-86.1206821627909
341250,3.4125,-86.1410262161233
341312.5,3.413125,-86.1654202487743
341375,3.41375,-86.1938674065007
341437.5,3.414375,-86.2263715655294
341500,3.415,-86.2629372432337
341562.5,3.415625,-86.3035694908863
341625,3.41625,-86.3482737667347
341687.5,3.416875,-86.3970557872619
341750,3.4175,-86.4499213541808
341812.5,3.418125,-86.5068761542785
341875,3.41875,-86.5679255288105
341937.5,3.419375,-86.6330742086725
342000,3.42,-86.7023260110071
342062.5,3.420625,-86.7756834923483
342125,3.42125,-86.8531475527446
342187.5,3.421875,-86.9347169845877
342250,3.4225,-87.020387959084
342312.5,3.423125,-87.1101534424865
342375,3.42375,-87.2040025332539
342437.5,3.424375,-87.3019197103696
342500,3.425,-87.4038839819927
342562.5,3.425625,-87.5098679226066
342625,3.42625,-87.6198365857371
342687.5,3.426875,-87.7337462783229
342750,3.4275,-87.8515431819144
342812.5,3.428125,-87.9731618051203
342875,3.42875,-88.0985232512947
342937.5,3.429375,-88.2275332854422
343000,3.43,-88.3600801849208
343062.5,3.430625,-88.4960323599767
343125,3.43125,-88.6352357327977
343187.5,3.431875,-88.7775108679011
343250,3.4325,-88.9226498527911
343312.5,3.433125,-89.070412936518
343375,3.43375,-89.2205249453927
343437.5,3.434375,-89.3726715107551
343500,3.435,-89.5264951634615
343562.5,3.435625,-89.6815913748658
343625,3.43625,-89.8375046544561
343687.5,3.436875,-89.9937248506023
343750,3.4375,-90.1496838423361
343812.5,3.438125,-90.3047528560412
343875,3.43875,-90.4582406888736
343937.5,3.439375,-90.6093931673337
344000,3.44,-90.757394209491
344062.5,3.440625,-90.9013688856715
344125,3.44125,-91.0403888764675
344187.5,3.441875,-91.173480698333
344250,3.4425,-91.2996369960157
344312.5,3.443125,-91.4178310784004
344375,3.44375,-91.527034695706
344437.5,3.444375,-91.6262388228136
344500,3.445,-91.7144769371551
344562.5,3.445625,-91.7908499818686
344625,3.44625,-91.8545519188913
344687.5,3.446875,-91.904894542912
344750,3.4475,-91.9413300886724
344812.5,3.448125,-91.9634701575957
344875,3.44875,-91.9710996370441
344937.5,3.449375,-91.9641845857054
345000,3.45,-91.9428734851661
345062.5,3.450625,-91.9074917612484
345125,3.45125,-91.8585299947303
345187.5,3.451875,-91.7966267028264
345250,3.4525,-91.7225469242659
345312.5,3.453125,-91.6371580458146
345375,3.45375,-91.5414043572107
345437.5,3.454375,-91.4362817279743
345500,3.455,-91.3228135962145
345562.5,3.455625,-91.2020291878219
345625,3.45625,-91.0749445866587
345687.5,3.456875,-90.9425469889682
345750,3.4575,-90.805782224285
345812.5,3.458125,-90.6655454255925
345875,3.45875,-90.5226745885018
345937.5,3.459375,-90.377946669925
346000,3.46,-90.2320758336084
346062.5,3.460625,-90.0857134430893
346125,3.46125,-89.9394494218395
346187.5,3.461875,-89.7938146362732
346250,3.4625,-89.6492840021295
346312.5,3.463125,-89.5062800627882
346375,3.46375,-89.3651768349914
346437.5,3.464375,-89.2263037607783
346500,3.465,-89.0899496427276
346562.5,3.465625,-88.956366472162
346625,3.46625,-88.8257730869669
346687.5,3.466875,-88.6983586174113
346750,3.4675,-88.5742856953451
346812.5,3.468125,-88.4536934153007
346875,3.46875,-88.3367000456103
346937.5,3.469375,-88.2234054947649
347000,3.47,-88.1138935429566
347062.5,3.470625,-88.0082338519655
347125,3.47125,-87.90648376837
347187.5,3.471875,-87.8086899359457
347250,3.4725,-87.7148897333648
347312.5,3.473125,-87.6251125528997
347375,3.47375,-87.5393809353101
347437.5,3.474375,-87.4577115751471
347500,3.475,-87.38011620976
347562.5,3.475625,-87.3066024042615
347625,3.47625,-87.2371742436137
347687.5,3.476875,-87.1718329419889
347750,3.4775,-87.1105773785719
347812.5,3.478125,-87.0534045679838
347875,3.47875,-87.0003100727462
347937.5,3.479375,-86.9512883642217
348000,3.48,-86.9063331379291
348062.5,3.480625,-86.8654375882892
348125,3.48125,-86.8285946473546
348187.5,3.481875,-86.7957971914549
348250,3.4825,-86.7670382192385
348312.5,3.483125,-86.7423110040865
348375,3.48375,-86.7216092235172
348437.5,3.484375,-86.7049270677766
348500,3.485,-86.6922593294856
348562.5,3.485625,-86.6836014759446
348625,3.48625,-86.6789497053092
348687.5,3.486875,-86.6783009877017
348750,3.4875,-86.6816530919654
348812.5,3.488125,-86.6890045986052
348875,3.48875,-86.7003548991737
348937.5,3.489375,-86.7157041821518
349000,3.49,-86.735053405174
349062.5,3.490625,-86.7584042531556
349125,3.49125,-86.7857590817309
349187.5,3.491875,-86.8171208450705
349250,3.4925,-86.8524930069827
349312.5,3.493125,-86.8918794338712
349375,3.49375,-86.9352842678583
349437.5,3.494375,-86.9827117780352
349500,3.495,-87.0341661875115
349562.5,3.495625,-87.089651473491
349625,3.49625,-87.1491711372449
349687.5,3.496875,-87.2127279403718
349750,3.4975,-87.2803236032248
349812.5,3.498125,-87.3519584608541
349875,3.49875,-87.4276310712249
349937.5,3.499375,-87.5073377697705
350000,3.5,-87.5910721636625
350062.5,3.500625,-87.6788245584036
350125,3.50125,-87.7705813085128
350187.5,3.501875,-87.8663240832223
350250,3.5025,-87.9660290372175
350312.5,3.503125,-88.069665875474
350375,3.50375,-88.177196800452
350437.5,3.504375,-88.2885753289883
350500,3.505,-88.4037449655303
350562.5,3.505625,-88.5226377178583
350625,3.50625,-88.6451724411449
350687.5,3.506875,-88.771252996456
350750,3.5075,-88.9007662106094
350812.5,3.508125,-89.0335796258503
350875,3.50875,-89.1695390306532
350937.5,3.509375,-89.3084657669966
351000,3.51,-89.4501538155072
351062.5,3.510625,-89.5943666681279
351125,3.51125,-89.7408340089289
351187.5,3.511875,-89.889248238265
351250,3.5125,-90.0392608936
351312.5,3.513125,-90.190479043189
351375,3.51375,-90.3424617561382
351437.5,3.514375,-90.4947167847442
351500,3.515,-90.6466976315506
351562.5,3.515625,-90.7978012137583
351625,3.51625,-90.9473663789315
351687.5,3.516875,-91.094673565765
351750,3.5175,-91.2389459369681
351812.5,3.518125,-91.3793523325213
351875,3.51875,-91.5150123928185
351937.5,3.519375,-91.6450041743268
352000,3.52,-91.768374517019
352062.5,3.520625,-91.8841523154155
352125,3.52125,-91.991364690283
352187.5,3.521875,-92.0890558569988
352250,3.5225,-92.1763082488333
352312.5,3.523125,-92.2522651967049
352375,3.52375,-92.316154218742
352437.5,3.524375,-92.3673097664597
352500,3.525,-92.4051941456493
352562.5,3.525625,-92.4294153104372
352625,3.52625,-92.4397403383294
352687.5,3.526875,-92.4361036343988
352750,3.5275,-92.4186092652441
352812.5,3.528125,-92.3875272494818
352875,3.52875,-92.3432840795174
352937.5,3.529375,-92.2864481627431
353000,3.53,-92.2177112000525
353062.5,3.530625,-92.1378667305783
353125,3.53125,-92.0477871507053
353187.5,3.531875,-91.9484004683639
353250,3.5325,-91.8406679041185
353312.5,3.533125,-91.7255632313501
353375,3.53375,-91.6040544947622
353437.5,3.534375,-91.4770884921285
353500,3.535,-91.3455781735124
353562.5,3.535625,-91.2103929212853
353625,3.53625,-91.0723515302726
353687.5,3.536875,-90.9322176107873
353750,3.5375,-90.7906970826751
353812.5,3.538125,-90.6484374090469
353875,3.53875,-90.5060282248482
353937.5,3.539375,-90.3640030399195
354000,3.54,-90.2228417316057
354062.5,3.540625,-90.082973582326
354125,3.54125,-89.9447806589686
354187.5,3.541875,-89.8086013702856
354250,3.5425,-89.6747340742942
354312.5,3.543125,-89.5434406387687
354375,3.54375,-89.4149498843602
354437.5,3.544375,-89.2894608614315
354500,3.545,-89.1671459291752
354562.5,3.545625,-89.0481536190952
354625,3.54625,-88.9326112753355
354687.5,3.546875,-88.8206274720622
354750,3.5475,-88.7122942135351
354812.5,3.548125,-88.6076889264132
354875,3.54875,-88.5068762562054
354937.5,3.549375,-88.4099096811938
355000,3.55,-88.3168329578783
355062.5,3.550625,-88.2276814119933
355125,3.55125,-88.1424830888737
355187.5,3.551875,-88.0612597763938
355250,3.5525,-87.9840279128616
355312.5,3.553125,-87.9107993915323
355375,3.55375,-87.8415822723123
355437.5,3.554375,-87.7763814105552
355500,3.555,-87.7151990116824
355562.5,3.555625,-87.658035119775
355625,3.55625,-87.6048880472257
355687.5,3.556875,-87.5557547520016
355750,3.5575,-87.5106311681765
355812.5,3.558125,-87.469512494893
355875,3.55875,-87.4323934482359
355937.5,3.559375,-87.3992684799847
356000,3.56,-87.3701319667562
356062.5,3.560625,-87.344978372527
356125,3.56125,-87.3238023872031
356187.5,3.561875,-87.3065990434802
356250,3.5625,-87.2933638138992
356312.5,3.563125,-87.2840926897399
356375,3.56375,-87.2787822430386
356437.5,3.564375,-87.2774296727899
356500,3.565,-87.2800328361593
356562.5,3.565625,-87.2865902651992
356625,3.56625,-87.2971011694776
356687.5,3.566875,-87.3115654246385
356750,3.5675,-87.3299835468244
356812.5,3.568125,-87.3523566525595
356875,3.56875,-87.3786864035676
356937.5,3.569375,-87.4089749356324
357000,3.57,-87.4432247704909
357062.5,3.570625,-87.4814387093817
357125,3.57125,-87.5236197066336
357187.5,3.571875,-87.569770721392
357250,3.5725,-87.619894545197
357312.5,3.573125,-87.6739936028158
357375,3.57375,-87.7320697233271
357437.5,3.574375,-87.7941238779925
357500,3.575,-87.860155881062
357562.5,3.575625,-87.9301640490306
357625,3.57625,-88.004144813431
357687.5,3.576875,-88.082092281535
357750,3.5775,-88.1639977387588
357812.5,3.578125,-88.2498490858237
357875,3.57875,-88.3396302029881
357937.5,3.579375,-88.433320232946
358000,3.58,-88.5308927730925
358062.5,3.580625,-88.6323149671738
358125,3.58125,-88.7375464855181
358187.5,3.581875,-88.8465383823619
358250,3.5825,-88.9592318182601
358312.5,3.583125,-89.0755566351571
358375,3.58375,-89.195429771701
358437.5,3.584375,-89.3187535067216
358500,3.585,-89.4454135197336
358562.5,3.585625,-89.5752767591266
358625,3.58625,-89.7081891114515
358687.5,3.586875,-89.8439728693115
358750,3.5875,-89.9824240012445
358812.5,3.588125,-90.123309234753
358875,3.58875,-90.2663629741676
358937.5,3.589375,-90.4112840883784
359000,3.59,-90.5577326203264
359062.5,3.590625,-90.7053264909314
359125,3.59125,-90.8536382948444
359187.5,3.591875,-91.0021923143358
359250,3.5925,-91.1504619101458
359312.5,3.593125,-91.2978674832793
359375,3.59375,-91.4437752376618
359437.5,3.594375,-91.5874970076833
359500,3.595,-91.7282914426307
359562.5,3.595625,-91.8653668568545
359625,3.59625,-91.9978860539812
359687.5,3.596875,-92.1249734080371
359750,3.5975,-92.2457244275135
359812.5,3.598125,-92.3592179336533
359875,3.59875,-92.4645308490921
359937.5,3.599375,-92.5607554181512
360000,3.6,-92.6470184739325
360062.5,3.600625,-92.7225021445217
360125,3.60125,-92.7864651735329
360187.5,3.601875,-92.8382638472968
360250,3.6025,-92.8773714018648
360312.5,3.603125,-92.9033947550859
360375,3.60375,-92.9160874898527
360437.5,3.604375,-92.9153582084434
360500,3.605,-92.9012736708805
360562.5,3.605625,-92.8740564926034
360625,3.60625,-92.8340775665312
360687.5,3.606875,-92.7818437440677
360750,3.6075,-92.7179816157732
360812.5,3.608125,-92.6432184428894
360875,3.60875,-92.5583613892849
360937.5,3.609375,-92.4642761915918
361000,3.61,-92.3618662985012
361062.5,3.610625,-92.2520533353266
361125,3.61125,-92.1357595360407
361187.5,3.611875,-92.0138925615982
361250,3.6125,-91.8873329132684
361312.5,3.613125,-91.756923969469
361375,3.61375,-91.6234645330156
361437.5,3.614375,-91.4877036748286
361500,3.615,-91.3503375977952
361562.5,3.615625,-91.2120082145709
361625,3.61625,-91.0733031293316
361687.5,3.616875,-90.9347567278363
361750,3.6175,-90.7968521071277
361812.5,3.618125,-90.6600236092753
361875,3.61875,-90.5246597597885
361937.5,3.619375,-90.391106446401
362000,3.62,-90.2596702072773
362062.5,3.620625,-90.1306215268716
362125,3.62125,-90.0041980633439
362187.5,3.621875,-89.8806077526208
362250,3.6225,-89.7600317516659
362312.5,3.623125,-89.6426271975063
362375,3.62375,-89.5285297692826
362437.5,3.624375,-89.4178560489864
362500,3.625,-89.310705682533
362562.5,3.625625,-89.2071633471842
362625,3.62625,-89.1073005343914
362687.5,3.626875,-89.0111771588825
362750,3.6275,-88.9188430060154
362812.5,3.628125,-88.8303390297833
362875,3.62875,-88.7456985138797
362937.5,3.629375,-88.6649481079465
363000,3.63,-88.5881087505566
363062.5,3.630625,-88.5151964898149
363125,3.63125,-88.4462232117378
363187.5,3.631875,-88.3811972857477
363250,3.6325,-88.3201241358473
363312.5,3.633125,-88.2630067452523
363375,3.63375,-88.2098461015339
363437.5,3.634375,-88.1606415885631
363500,3.635,-88.1153913309549
363562.5,3.635625,-88.0740924960553
363625,3.63625,-88.0367415579614
363687.5,3.636875,-88.0033345275222
363750,3.6375,-87.9738671518317
363812.5,3.638125,-87.9483350862608
363875,3.63875,-87.9267340416771
363937.5,3.639375,-87.9090599091439
364000,3.64,-87.8953088640597
364062.5,3.640625,-87.8854774513815
364125,3.64125,-87.8795626532779
364187.5,3.641875,-87.8775619403255
364250,3.6425,-87.8794733070641
364312.5,3.643125,-87.885295292535
364375,3.64375,-87.8950269861423
364437.5,3.644375,-87.9086680189933
364500,3.645,-87.9262185406472
364562.5,3.645625,-87.9476791809355
364625,3.64625,-87.9730509963546
364687.5,3.646875,-88.0023354002402
364750,3.6475,-88.035534075716
364812.5,3.648125,-88.072648870159
364875,3.64875,-88.1136816696103
364937.5,3.649375,-88.1586342513406
365000,3.65,-88.2075081123516
365062.5,3.650625,-88.2603042713907
365125,3.65125,-88.3170230415382
365187.5,3.651875,-88.3776637701565
365250,3.6525,-88.4422245424288
365312.5,3.653125,-88.5107018443478
365375,3.65375,-88.5830901803968
365437.5,3.654375,-88.6593816406833
365500,3.655,-88.7395654116233
365562.5,3.655625,-88.8236272237168
365625,3.65625,-88.9115487291842
365687.5,3.656875,-89.0033068016435
365750,3.6575,-89.0988727492496
365812.5,3.658125,-89.1982114320483
365875,3.65875,-89.3012802736718
365937.5,3.659375,-89.4080281569187
366000,3.66,-89.5183941923678
366062.5,3.660625,-89.632306348932
366125,3.66125,-89.7496799354021
366187.5,3.661875,-89.8704159224627
366250,3.6625,-89.9943990958138
366312.5,3.663125,-90.1214960328555
366375,3.66375,-90.2515528981306
366437.5,3.664375,-90.3843930568807
366500,3.665,-90.5198145116065
366562.5,3.665625,-90.6575871741063
366625,3.66625,-90.7974499951706
366687.5,3.666875,-90.9391079867974
366750,3.6675,-91.0822291871829
366812.5,3.668125,-91.2264416377867
366875,3.66875,-91.3713304642926
366937.5,3.669375,-91.5164351791184
367000,3.67,-91.6612473522194
367062.5,3.670625,-91.8052088279135
367125,3.67125,-91.9477106968671
367187.5,3.671875,-92.0880932616909
367250,3.6725,-92.2256472583207
367312.5,3.673125,-92.3596166087352
367375,3.67375,-92.4892029785962
367437.5,3.674375,-92.6135723894223
367500,3.675,-92.7318640835475
367562.5,3.675625,-92.8432017560419
367625,3.67625,-92.9467071486965
367687.5,3.676875,-93.0415158480329
367750,3.6775,-93.1267949492194
367812.5,3.678125,-93.2017620525648
367875,3.67875,-93.2657048686331
367937.5,3.679375,-93.3180005448826
368000,3.68,-93.3581337170975
368062.5,3.680625,-93.3857122557262
368125,3.68125,-93.4004797369643
368187.5,3.681875,-93.4023238256269
368250,3.6825,-93.3912800022097
368312.5,3.683125,-93.3675303764583
368375,3.68375,-93.3313976697963
368437.5,3.684375,-93.2833347793309
368500,3.685,-93.2239106188321
368562.5,3.685625,-93.1537931370231
368625,3.68625,-93.0737305243367
368687.5,3.686875,-92.9845316328323
368750,3.6875,-92.8870465615864
368812.5,3.688125,-92.7821482212967
368875,3.68875,-92.6707155123477
368937.5,3.689375,-92.5536185551214
369000,3.69,-92.4317062213059
369062.5,3.690625,-92.3057960467033
369125,3.69125,-92.1766664687823
369187.5,3.691875,-92.0450512301251
369250,3.6925,-91.9116357209948
369312.5,3.693125,-91.7770549967885
369375,3.69375,-91.6418931935556
369437.5,3.694375,-91.5066840708273
369500,3.695,-91.3719124300239
369562.5,3.695625,-91.2380161836378
369625,3.69625,-91.105388881016
369687.5,3.696875,-90.9743825281077
369750,3.6975,-90.8453105687528
369812.5,3.698125,-90.7184509226231
369875,3.69875,-90.5940489993498
369937.5,3.699375,-90.4723206290495
370000,3.7,-90.353454866825
370062.5,3.700625,-90.2376166428348
370125,3.70125,-90.1249492407281
370187.5,3.701875,-90.015576595837
370250,3.7025,-89.9096054111529
370312.5,3.703125,-89.807127093889
370375,3.70375,-89.7082195188644
370437.5,3.704375,-89.6129486272412
370500,3.705,-89.5213698706224
370562.5,3.705625,-89.4335295112896
370625,3.70625,-89.3494657896029
370687.5,3.706875,-89.2692099696195
370750,3.7075,-89.1927872735754
370812.5,3.708125,-89.1202177153995
370875,3.70875,-89.0515168428752
370937.5,3.709375,-88.9866963973222
371000,3.71,-88.9257648990405
371062.5,3.710625,-88.8687281660213
371125,3.71125,-88.8155897727765
371187.5,3.711875,-88.7663514554598
371250,3.7125,-88.7210134688607
371312.5,3.713125,-88.6795749002381
371375,3.71375,-88.6420339444545
371437.5,3.714375,-88.608388144347
371500,3.715,-88.5786345998143
371562.5,3.715625,-88.5527701487097
371625,3.71625,-88.5307915221451
371687.5,3.716875,-88.5126954765992
371750,3.7175,-88.4984789047487
371812.5,3.718125,-88.4881389267201
371875,3.71875,-88.4816729631593
371937.5,3.719375,-88.4790787912368
372000,3.72,-88.480354584457
372062.5,3.720625,-88.4854989369193
372125,3.72125,-88.4945108724436
372187.5,3.721875,-88.5073898386995
372250,3.7225,-88.5241356863745
372312.5,3.723125,-88.5447486330338
372375,3.72375,-88.5692292112577
372437.5,3.724375,-88.5975782003023
372500,3.725,-88.6297965403407
372562.5,3.725625,-88.66588522808
372625,3.72625,-88.7058451922889
372687.5,3.726875,-88.7496771474659
372750,3.7275,-88.7973814236081
372812.5,3.728125,-88.8489577697022
372875,3.72875,-88.9044051281594
372937.5,3.729375,-88.9637213771232
373000,3.73,-89.0269030370808
373062.5,3.730625,-89.0939449378085
373125,3.73125,-89.1648398411609
373187.5,3.731875,-89.2395780147648
373250,3.7325,-89.3181467510159
373312.5,3.733125,-89.4005298253472
373375,3.73375,-89.4867068869704
373437.5,3.734375,-89.5766527748073
373500,3.735,-89.6703367506681
373562.5,3.735625,-89.7677216410941
373625,3.73625,-89.8687628788461
373687.5,3.736875,-89.9734074344751
373750,3.7375,-90.0815926281635
373812.5,3.738125,-90.1932448119348
373875,3.73875,-90.3082779125111
373937.5,3.739375,-90.4265918257531
374000,3.74,-90.5480706547666
374062.5,3.740625,-90.6725807856538
374125,3.74125,-90.7999687977206
374187.5,3.741875,-90.9300592089089
374250,3.7425,-91.0626520626285
374312.5,3.743125,-91.1975203693855
374375,3.74375,-91.3344074258082
374437.5,3.744375,-91.4730240453943
374500,3.745,-91.6130457496966
374562.5,3.745625,-91.7541099860772
374625,3.74625,-91.8958134586246
374687.5,3.746875,-92.0377096822906
374750,3.7475,-92.1793068962027
374812.5,3.748125,-92.3200664996976
374875,3.74875,-92.4594022021881
374937.5,3.749375,-92.5966801033974
375000,3.75,-92.731219940562
375062.5,3.750625,-92.8622977500129
375125,3.75125,-92.9891501872816
375187.5,3.751875,-93.1109807274818
375250,3.7525,-93.2269679208897
375312.5,3.753125,-93.3362758035302
375375,3.75375,-93.438066456865
375437.5,3.754375,-93.5315145755861
375500,3.755,-93.6158237436938
375562.5,3.755625,-93.690243947192
375625,3.75625,-93.7540896827778
375687.5,3.756875,-93.8067578760959
375750,3.7575,-93.847744722044
375812.5,3.758125,-93.8766605237223
375875,3.75875,-93.8932416503035
375937.5,3.759375,-93.8973588628185
376000,3.76,-93.8890214635683
376062.5,3.760625,-93.8683769916963
376125,3.76125,-93.8357064854239
376187.5,3.761875,-93.7914156270571
376250,3.7625,-93.7360223470452
376312.5,3.763125,-93.6701416603779
376375,3.76375,-93.5944686259816
376437.5,3.764375,-93.5097603519957
376500,3.765,-93.4168179242079
376562.5,3.765625,-93.316469026512
376625,3.76625,-93.2095518719104
376687.5,3.766875,-93.096900892336
376750,3.7675,-92.9793344644981
376812.5,3.768125,-92.8576447929071
376875,3.76875,-92.7325899398833
376937.5,3.769375,-92.6048878908138
377000,3.77,-92.4752124717828
377062.5,3.770625,-92.3441908934993
377125,3.77125,-92.2124026759138
377187.5,3.771875,-92.0803797068781
377250,3.7725,-91.9486072004764
377312.5,3.773125,-91.8175253417622
377375,3.77375,-91.6875314303934
377437.5,3.774375,-91.5589823634095
377500,3.775,-91.432197324871
377562.5,3.775625,-91.3074605755443
377625,3.77625,-91.1850242590632
377687.5,3.776875,-91.0651111609362
377750,3.7775,-90.9479173738063
377812.5,3.778125,-90.8336148363851
377875,3.77875,-90.7223537248051
377937.5,3.779375,-90.6142646841263
378000,3.78,-90.5094608946273
378062.5,3.780625,-90.4080399726963
378125,3.78125,-90.3100857100026
378187.5,3.781875,-90.2156696572242
378250,3.7825,-90.1248525604624
378312.5,3.783125,-90.0376856595176
378375,3.78375,-89.9542118577872
378437.5,3.784375,-89.8744667736587
378500,3.785,-89.7984796832419
378562.5,3.785625,-89.7262743638545
378625,3.78625,-89.657869847279
378687.5,3.786875,-89.5932810912538
378750,3.7875,-89.5325195770221
378812.5,3.788125,-89.4755938402252
378875,3.78875,-89.4225099417178
378937.5,3.789375,-89.3732718843559
379000,3.79,-89.3278819812132
379062.5,3.790625,-89.2863411800895
379125,3.79125,-89.2486493487459
379187.5,3.791875,-89.21480552474
379250,3.7925,-89.1848081333517
379312.5,3.793125,-89.1586551766292
379375,3.79375,-89.1363443962563
379437.5,3.794375,-89.1178734125485
379500,3.795,-89.1032398415841
379562.5,3.795625,-89.0924413921565
379625,3.79625,-89.0854759439817
379687.5,3.796875,-89.0823416083107
379750,3.7975,-89.0830367718484
379812.5,3.798125,-89.0875601246369
379875,3.79875,-89.0959106723743
379937.5,3.799375,-89.1080877333595
380000,3.8,-89.1240909200705
380062.5,3.800625,-89.143920105164
380125,3.80125,-89.1675753714486
380187.5,3.801875,-89.1950569451654
380250,3.8025,-89.2263651116924
380312.5,3.803125,-89.2615001124934
380375,3.80375,-89.3004620219667
380437.5,3.804375,-89.3432506024599
380500,3.805,-89.3898651355244
380562.5,3.805625,-89.4403042271249
380625,3.80625,-89.4945655841592
380687.5,3.806875,-89.552645759367
380750,3.8075,-89.6145398611791
380812.5,3.808125,-89.6802412247934
380875,3.80875,-89.7497410401777
380937.5,3.809375,-89.823027932322
381000,3.81,-89.9000874884881
381062.5,3.810625,-89.9809017266921
381125,3.81125,-90.0654484991717
381187.5,3.811875,-90.1537008239236
381250,3.8125,-90.245626136951
381312.5,3.813125,-90.3411854573399
381375,3.81375,-90.4403324567502
381437.5,3.814375,-90.5430124247146
381500,3.815,-90.6491611207282
381562.5,3.815625,-90.7587035043582
381625,3.81625,-90.871552334696
381687.5,3.816875,-90.9876066313426
381750,3.8175,-91.1067499902746
381812.5,3.818125,-91.2288487499024
381875,3.81875,-91.3537500054277
381937.5,3.819375,-91.4812794734561
382000,3.82,-91.611239214138
382062.5,3.820625,-91.7434052248529
382125,3.82125,-91.8775249282644
382187.5,3.821875,-92.0133145884952
382250,3.8225,-92.1504567025631
382312.5,3.823125,-92.2885974302321
382375,3.82375,-92.4273441442077
382437.5,3.824375,-92.5662632037956
382500,3.825,-92.704878078582
382562.5,3.825625,-92.8426679732152
382625,3.82625,-92.9790671287719
382687.5,3.826875,-93.1134649983298
382750,3.8275,-93.2452075115829
382812.5,3.828125,-93.373599651765
382875,3.82875,-93.4979095643303
382937.5,3.829375,-93.6173743954185
383000,3.83,-93.7312080155237
383062.5,3.830625,-93.8386107160369
383125,3.83125,-93.9387808718373
383187.5,3.831875,-94.0309284428824
383250,3.8325,-94.1142900468615
383312.5,3.833125,-94.1881451821994
383375,3.83375,-94.2518330303211
383437.5,3.834375,-94.3047691348216
383500,3.835,-94.3464611620854
383562.5,3.835625,-94.3765229107292
383625,3.83625,-94.3946857690096
383687.5,3.836875,-94.4008069251853
383750,3.8375,-94.3948738119671
383812.5,3.838125,-94.3770044969294
383875,3.83875,-94.3474439934159
383937.5,3.839375,-94.3065567316384
384000,3.84,-94.2548156687613
384062.5,3.840625,-94.192788704432
384125,3.84125,-94.1211231883614
384187.5,3.841875,-94.040529352078
384250,3.8425,-93.9517634721657
384312.5,3.843125,-93.8556114885142
384375,3.84375,-93.7528736756796
384437.5,3.844375,-93.6443508172958
384500,3.845,-93.5308321799077
384562.5,3.845625,-93.4130854386872
384625,3.84625,-93.291848582819
384687.5,3.846875,-93.1678237287182
384750,3.8475,-93.041672696587
384812.5,3.848125,-92.9140141585126
384875,3.84875,-92.7854221413579
384937.5,3.849375,-92.6564256607127
385000,3.85,-92.5275092687579
385062.5,3.850625,-92.3991143145983
385125,3.85125,-92.2716407372224
385187.5,3.851875,-92.1454492351746
385250,3.8525,-92.0208636819107
385312.5,3.853125,-91.8981736793255
385375,3.85375,-91.7776371636837
385437.5,3.854375,-91.6594829974842
385500,3.855,-91.5439134972397
385562.5,3.855625,-91.431106861069
385625,3.85625,-91.3212194714118
385687.5,3.856875,-91.2143880572728
385750,3.8575,-91.1107317076461
385812.5,3.858125,-91.0103537331656
385875,3.85875,-90.9133433773274
385937.5,3.859375,-90.8197773814384
386000,3.86,-90.7297214096511
386062.5,3.860625,-90.6432313417483
386125,3.86125,-90.5603544421329
386187.5,3.861875,-90.4811304138936
386250,3.8625,-90.4055923468591
386312.5,3.863125,-90.3337675683743
386375,3.86375,-90.2656784052174
386437.5,3.864375,-90.2013428646819
386500,3.865,-90.1407752422317
386562.5,3.865625,-90.0839866627569
386625,3.86625,-90.0309855617673
386687.5,3.866875,-89.9817781124126
386750,3.8675,-89.9363686036138
386812.5,3.868125,-89.8947597741219
386875,3.86875,-89.8569531068421
386937.5,3.869375,-89.8229490872438
387000,3.87,-89.7927474293482
387062.5,3.870625,-89.7663472722664
387125,3.87125,-89.7437473500172
387187.5,3.871875,-89.7249461369371
387250,3.8725,-89.7099419706607
387312.5,3.873125,-89.6987331544297
387375,3.87375,-89.6913180401503
387437.5,3.874375,-89.6876950933695
387500,3.875,-89.6878629411054
387562.5,3.875625,-89.6918204032512
387625,3.87625,-89.6995665079863
387687.5,3.876875,-89.7111004914694
387750,3.8775,-89.726421781852
387812.5,3.878125,-89.745529967421
387875,3.87875,-89.7684247484779
387937.5,3.879375,-89.795105872321
388000,3.88,-89.8255730505198
388062.5,3.880625,-89.859825857353
388125,3.88125,-89.8978636080987
388187.5,3.881875,-89.9396852155803
388250,3.8825,-89.9852890230672
388312.5,3.883125,-90.0346726113823
388375,3.88375,-90.0878325776694
388437.5,3.884375,-90.1447642830212
388500,3.885,-90.20546156572
388562.5,3.885625,-90.2699164164923
388625,3.88625,-90.3381186117297
388687.5,3.886875,-90.4100553002411
388750,3.8875,-90.4857105385228
388812.5,3.888125,-90.5650647692013
388875,3.88875,-90.6480942366458
388937.5,3.889375,-90.7347703334028
389000,3.89,-90.8250588705127
389062.5,3.890625,-90.918919264416
389125,3.89125,-91.0163036327091
389187.5,3.891875,-91.1171557908146
389250,3.8925,-91.2214101414573
389312.5,3.893125,-91.3289904489508
389375,3.89375,-91.4398084907376
389437.5,3.894375,-91.5537625793038
389500,3.895,-91.6707359490124
389562.5,3.895625,-91.7905950042398
389625,3.89625,-91.9131874280244
389687.5,3.896875,-92.0383401542393
389750,3.8975,-92.1658572112931
389812.5,3.898125,-92.2955174519929
389875,3.89875,-92.4270721923314
389937.5,3.899375,-92.5602427924234
390000,3.9,-92.6947182250962
390062.5,3.900625,-92.8301526926591
390125,3.90125,-92.9661633694106
390187.5,3.901875,-93.102328366947
390250,3.9025,-93.2381850404307
390312.5,3.903125,-93.3732287760485
390375,3.90375,-93.5069124215692
390437.5,3.904375,-93.6386465413345
390500,3.905,-93.7678006917461
390562.5,3.905625,-93.8937059201707
390625,3.90625,-94.0156586853888
390687.5,3.906875,-94.1329263778902
390750,3.9075,-94.2447545787452
390812.5,3.908125,-94.3503761345825
390875,3.90875,-94.4490220409242
390937.5,3.909375,-94.5399340185151
391000,3.91,-94.6223785410415
391062.5,3.910625,-94.695661936191
391125,3.91125,-94.7591460468647
391187.5,3.911875,-94.8122638208193
391250,3.9125,-94.8545341110019
391312.5,3.913125,-94.8855749314884
391375,3.91375,-94.9051144364077
391437.5,3.914375,-94.91299897765
391500,3.915,-94.9091977476925
391562.5,3.915625,-94.8938037156395
391625,3.91625,-94.8670307967889
391687.5,3.916875,-94.8292074351989
391750,3.9175,-94.7807669982051
391812.5,3.918125,-94.7222355598842
391875,3.91875,-94.6542177705311
391937.5,3.919375,-94.5773815641241
392000,3.92,-94.4924424469187
392062.5,3.920625,-94.4001480465919
392125,3.92125,-94.3012634968996
392187.5,3.921875,-94.1965581038021
392250,3.9225,-94.0867936016316
392312.5,3.923125,-93.9727141752085
392375,3.92375,-93.8550383063692
392437.5,3.924375,-93.7344524065347
392500,3.925,-93.6116061240735
392562.5,3.925625,-93.4871091650522
392625,3.92625,-93.3615294369634
392687.5,3.926875,-93.2353923131519
392750,3.9275,-93.1091808172923
392812.5,3.928125,-92.9833365385251
392875,3.92875,-92.8582611053184
392937.5,3.929375,-92.7343180668849
393000,3.93,-92.6118350531681
393062.5,3.930625,-92.4911061060617
393125,3.93125,-92.3723940948444
393187.5,3.931875,-92.2559331472331
393250,3.9325,-92.141931043342
393312.5,3.933125,-92.0305715335928
393375,3.93375,-91.9220165528328
393437.5,3.934375,-91.8164083122665
393500,3.935,-91.7138712581335
393562.5,3.935625,-91.6145138917468
393625,3.93625,-91.5184304500183
393687.5,3.936875,-91.4257024487479
393750,3.9375,-91.3364000933225
393812.5,3.938125,-91.2505835630738
393875,3.93875,-91.1683041765496
393937.5,3.939375,-91.0896054455468
394000,3.94,-91.0145240259395
394062.5,3.940625,-90.9430905733787
394125,3.94125,-90.8753305116957
394187.5,3.941875,-90.8112647215181
394250,3.9425,-90.7509101562268
394312.5,3.943125,-90.6942803918875
394375,3.94375,-90.6413861173218
394437.5,3.944375,-90.5922355699604
394500,3.945,-90.5468349227056
394562.5,3.945625,-90.5051886264263
394625,3.94625,-90.467299712387
394687.5,3.946875,-90.4331700583872
394750,3.9475,-90.4028006220153
394812.5,3.948125,-90.3761916440373
394875,3.94875,-90.3533428245625
394937.5,3.949375,-90.3342534743477
395000,3.95,-90.3189226432059
395062.5,3.950625,-90.3073492273019
395125,3.95125,-90.2995320567168
395187.5,3.951875,-90.29546996456
395250,3.9525,-90.295161838501
395312.5,3.953125,-90.2986066555119
395375,3.95375,-90.3058035002705
395437.5,3.954375,-90.3167515675226
395500,3.955,-90.3314501484915
395562.5,3.955625,-90.34989860114
395625,3.95625,-90.3720963039786
395687.5,3.956875,-90.3980425928163
395750,3.9575,-90.4277366796501
395812.5,3.958125,-90.4611775526784
395875,3.95875,-90.4983638561576
395937.5,3.959375,-90.5392937485631
396000,3.96,-90.5839647372723
396062.5,3.960625,-90.6323734876577
396125,3.96125,-90.684515604223
396187.5,3.961875,-90.7403853810218
396250,3.9625,-90.7999755183189
396312.5,3.963125,-90.8632768020347
396375,3.96375,-90.9302777421198
396437.5,3.964375,-91.0009641656264
396500,3.965,-91.075318759775
396562.5,3.965625,-91.1533205598964
396625,3.96625,-91.2349443766594
396687.5,3.966875,-91.3201601565601
396750,3.9675,-91.4089322692591
396812.5,3.968125,-91.5012187148965
396875,3.96875,-91.596970244313
396937.5,3.969375,-91.6961293848097
397000,3.97,-91.7986293641246
397062.5,3.970625,-91.9043929253766
397125,3.97125,-92.0133310262835
397187.5,3.971875,-92.125341416722
397250,3.9725,-92.2403070900936
397312.5,3.973125,-92.3580946058318
397375,3.97375,-92.478552283241
397437.5,3.974375,-92.6015082704271
397500,3.975,-92.7267684970594
397562.5,3.975625,-92.8541145258841
397625,3.97625,-92.9833013257744
397687.5,3.976875,-93.1140549988017
397750,3.9775,-93.2460705054507
397812.5,3.978125,-93.3790094458964
397875,3.97875,-93.5124979711337
397937.5,3.979375,-93.6461249155082
398000,3.98,-93.7794402614541
398062.5,3.980625,-93.911954067192
398125,3.98125,-94.0431360074531
398187.5,3.981875,-94.1724156945783
398250,3.9825,-94.2991839599307
398312.5,3.983125,-94.42279528104
398375,3.98375,-94.5425715347344
398437.5,3.984375,-94.6578072375078
398500,3.985,-94.7677763980307
398562.5,3.985625,-94.8717410505666
398625,3.98625,-94.9689614608895
398687.5,3.986875,-95.0587078988817
398750,3.9875,-95.1402737583937
398812.5,3.988125,-95.2129896818654
398875,3.98875,-95.2762382251333
398937.5,3.989375,-95.329468490036
399000,3.99,-95.3722100729507
399062.5,3.990625,-95.4040856401354
399125,3.99125,-95.4248214567758
399187.5,3.991875,-95.434255270413
399250,3.9925,-95.4323410800305
399312.5,3.993125,-95.4191504990532
399375,3.99375,-95.3948706278792
399437.5,3.994375,-95.3597985674346
399500,3.995,-95.3143329077508
399562.5,3.995625,-95.2589626934956
399625,3.99625,-95.1942544869488
399687.5,3.996875,-95.1208382100423
399750,3.9975,-95.0393924506193
399812.5,3.998125,-94.9506298704473
399875,3.99875,-94.8552832655912
399937.5,3.999375,-94.7540927175995
400000,4,-94.6477941505881
400062.5,4.000625,-94.5371094875226
400125,4.00125,-94.4227384885815
400187.5,4.001875,-94.3053522611122
400250,4.0025,-94.1855883583564
400312.5,4.003125,-94.0640473323911
400375,4.00375,-93.9412905744567
400437.5,4.004375,-93.8178392602399
400500,4.005,-93.6941742150837
400562.5,4.005625,-93.5707365214394
400625,4.00625,-93.4479287047506
400687.5,4.006875,-93.3261163517847
400750,4.0075,-93.2056300350384
400812.5,4.008125,-93.0867674368172
400875,4.00875,-92.9697955853902
400937.5,4.009375,-92.8549531331843
401000,4.01,-92.7424526222252
401062.5,4.010625,-92.6324826955305
401125,4.01125,-92.5252102241914
401187.5,4.011875,-92.4207823292977
401250,4.0125,-92.3193282852015
401312.5,4.013125,-92.220961296662
401375,4.01375,-92.1257801469247
401437.5,4.014375,-92.0338707172755
401500,4.015,-91.9453073812001
401562.5,4.015625,-91.8601542780246
401625,4.01625,-91.7784664721762
401687.5,4.016875,-91.7002910049242
401750,4.0175,-91.6256678458433
401812.5,4.018125,-91.5546307513901
401875,4.01875,-91.4872080378404
401937.5,4.019375,-91.423423275686
402000,4.02,-91.3632959122204
402062.5,4.020625,-91.3068418286139
402125,4.02125,-91.2540738374678
402187.5,4.021875,-91.2050021262693
402250,4.0225,-91.1596346517868
402312.5,4.023125,-91.1179774899967
402375,4.02375,-91.0800351456766
402437.5,4.024375,-91.0458108254431
402500,4.025,-91.0153066775297
402562.5,4.025625,-90.9885240013607
402625,4.02625,-90.9654634294949
402687.5,4.026875,-90.9461250843099
402750,4.0275,-90.930508711403
402812.5,4.028125,-90.9186137914672
402875,4.02875,-90.9104396320808
402937.5,4.029375,-90.9059854406373
403000,4.03,-90.9052503793881
403062.5,4.030625,-90.9082336033216
403125,4.03125,-90.9149342814219
403187.5,4.031875,-90.9253516016049
403250,4.0325,-90.9394847594362
403312.5,4.033125,-90.9573329304901
403375,4.03375,-90.9788952260709
403437.5,4.034375,-91.0041706317289
403500,4.035,-91.0331579278123
403562.5,4.035625,-91.0658555911006
403625,4.03625,-91.102261676277
403687.5,4.036875,-91.1423736757876
403750,4.0375,-91.1861883563527
403812.5,4.038125,-91.2337015701242
403875,4.03875,-91.284908038214
403937.5,4.039375,-91.3398011039444
404000,4.04,-91.3983724529165
404062.5,4.040625,-91.4606117965529
404125,4.04125,-91.5265065155192
404187.5,4.041875,-91.596041258894
404250,4.0425,-91.6691974946882
404312.5,4.043125,-91.7459530068395
404375,4.04375,-91.8262813333897
404437.5,4.044375,-91.9101511402103
404500,4.045,-91.9975255242095
404562.5,4.045625,-92.0883612396588
404625,4.04625,-92.1826078410542
404687.5,4.046875,-92.2802067357306
404750,4.0475,-92.3810901395061
404812.5,4.048125,-92.485179928869
404875,4.04875,-92.5923863836893
404937.5,4.049375,-92.7026068153694
405000,4.05,-92.8157240766627
405062.5,4.050625,-92.9316049513953
405125,4.05125,-93.0500984249483
405187.5,4.051875,-93.1710338400266
405250,4.0525,-93.2942189469631
405312.5,4.053125,-93.41943786367
405375,4.05375,-93.5464489679518
405437.5,4.054375,-93.6749827539879
405500,4.055,-93.8047396956774
405562.5,4.055625,-93.9353881725442
405625,4.05625,-94.0665625284353
405687.5,4.056875,-94.197861349799
405750,4.0575,-94.328846067812
405812.5,4.058125,-94.4590400068033
405875,4.05875,-94.5879280188568
405937.5,4.059375,-94.714956859758
406000,4.06,-94.8395364724548
406062.5,4.060625,-94.9610423484656
406125,4.06125,-95.0788191322447
406187.5,4.061875,-95.192185615333
406250,4.0625,-95.3004412334838
406312.5,4.063125,-95.4028741281115
406375,4.06375,-95.4987707630619
406437.5,4.064375,-95.5874269989911
406500,4.065,-95.6681604244232
406562.5,4.065625,-95.7403236308285
406625,4.06625,-95.8033180080715
406687.5,4.066875,-95.8566075378343
406750,4.0675,-95.8997319888251
406812.5,4.068125,-95.9323188812391
406875,4.06875,-95.9540935984473
406937.5,4.069375,-95.9648870867269
407000,4.07,-95.9646406975789
407062.5,4.070625,-95.9534078841175
407125,4.07125,-95.9313526489808
407187.5,4.071875,-95.8987448376036
407250,4.0725,-95.8559525575391
407312.5,4.073125,-95.8034321631013
407375,4.07375,-95.7417163604725
407437.5,4.074375,-95.6714010536355
407500,4.075,-95.5931315642351
407562.5,4.075625,-95.5075888240868
407625,4.07625,-95.4154760666477
407687.5,4.076875,-95.3175064458656
407750,4.0775,-95.2143919001337
407812.5,4.078125,-95.1068334671569
407875,4.07875,-94.9955131517564
407937.5,4.079375,-94.8810873592662
408000,4.08,-94.7641818358504
408062.5,4.080625,-94.6453880045096
408125,4.08125,-94.5252605510887
408187.5,4.081875,-94.404316095826
408250,4.0825,-94.2830327799508
408312.5,4.083125,-94.1618506008667
408375,4.08375,-94.0411723401511
408437.5,4.084375,-93.9213649436797
408500,4.085,-93.8027612307205
408562.5,4.085625,-93.6856618268042
408625,4.08625,-93.5703372329425
408687.5,4.086875,-93.4570299601414
408750,4.0875,-93.3459566729856
408812.5,4.088125,-93.2373102989987
408875,4.08875,-93.1312620715337
408937.5,4.089375,-93.0279634831674
409000,4.09,-92.9275481340581
409062.5,4.090625,-92.8301334659057
409125,4.09125,-92.7358223767082
409187.5,4.091875,-92.6447047153681
409250,4.0925,-92.5568586577737
409312.5,4.093125,-92.4723519680616
409375,4.09375,-92.3912431501023
409437.5,4.094375,-92.3135824951686
409500,4.095,-92.2394130322694
409562.5,4.095625,-92.1687713878709
409625,4.09625,-92.1016885617564
409687.5,4.096875,-92.0381906256365
409750,4.0975,-91.9782993508783
409812.5,4.098125,-91.9220327714092
409875,4.09875,-91.869405687478
409937.5,4.099375,-91.8204301155369
410000,4.1,-91.775115689146
410062.5,4.100625,-91.7334700153415
410125,4.10125,-91.6954989905421
410187.5,4.101875,-91.6612070796676
410250,4.1025,-91.630597561765
410312.5,4.103125,-91.6036727451059
410375,4.10375,-91.580434154363
410437.5,4.104375,-91.5608826921637
410500,4.105,-91.5450187770541
410562.5,4.105625,-91.5328424595724
410625,4.10625,-91.5243535179219
410687.5,4.106875,-91.5195515344592
410750,4.1075,-91.5184359539874
410812.5,4.108125,-91.5210061245841
410875,4.10875,-91.5272613215775
410937.5,4.109375,-91.5372007548973
411000,4.11,-91.5508235600278
411062.5,4.110625,-91.5681287724081
411125,4.11125,-91.5891152850108
411187.5,4.111875,-91.6137817886135
411250,4.1125,-91.6421266940135
411312.5,4.113125,-91.6741480352979
411375,4.11375,-91.7098433529492
411437.5,4.114375,-91.749209555429
411500,4.115,-91.7922427575485
411562.5,4.115625,-91.8389380937178
411625,4.11625,-91.88928950385
411687.5,4.116875,-91.9432894894263
411750,4.1175,-92.000928836895
411812.5,4.118125,-92.0621963052288
411875,4.11875,-92.1270782741768
411937.5,4.119375,-92.1955583492812
412000,4.12,-92.267616919476
412062.5,4.120625,-92.3432306626009
412125,4.12125,-92.4223719938729
412187.5,4.121875,-92.505008451937
412250,4.1225,-92.5911020168134
412312.5,4.123125,-92.6806083538207
412375,4.12375,-92.7734759772584
412437.5,4.124375,-92.8696453276663
412500,4.125,-92.9690477564227
412562.5,4.125625,-93.0716044118457
412625,4.12625,-93.1772250213974
412687.5,4.126875,-93.2858065656226
412750,4.1275,-93.3972318407268
412812.5,4.128125,-93.5113679087087
412875,4.12875,-93.6280644365979
412937.5,4.129375,-93.7471519298692
413000,4.13,-93.8684398696254
413062.5,4.130625,-93.9917147689196
413125,4.13125,-94.1167381706837
413187.5,4.131875,-94.2432446184051
413250,4.1325,-94.3709396410323
413312.5,4.133125,-94.4994978055774
413375,4.13375,-94.6285609047238
413437.5,4.134375,-94.7577363617489
413500,4.135,-94.8865959514768
413562.5,4.135625,-95.014674952392
413625,4.13625,-95.1414718609333
413687.5,4.136875,-95.2664488126988
413750,4.1375,-95.3890328648549
413812.5,4.138125,-95.5086182974173
413875,4.13875,-95.6245700853668
413937.5,4.139375,-95.7362286763442
414000,4.14,-95.8429161769568
414062.5,4.140625,-95.9439440030814
414125,4.14125,-96.0386219844872
414187.5,4.141875,-96.1262688329307
414250,4.1425,-96.2062237884059
414312.5,4.143125,-96.2778591559779
414375,4.14375,-96.3405933439997
414437.5,4.144375,-96.3939039235056
414500,4.145,-96.4373401598957
414562.5,4.145625,-96.4705344324402
414625,4.14625,-96.4932119638987
414687.5,4.146875,-96.5051983361219
414750,4.1475,-96.5064243678833
414812.5,4.148125,-96.4969280712086
414875,4.14875,-96.4768535706542
414937.5,4.149375,-96.4464470495366
415000,4.15,-96.4060499601716
415062.5,4.150625,-96.3560898851311
415125,4.15125,-96.2970695490644
415187.5,4.151875,-96.2295545482806
415250,4.1525,-96.154160385187
415312.5,4.153125,-96.0715393706658
415375,4.15375,-95.9823678973118
415437.5,4.154375,-95.8873345006715
415500,4.155,-95.7871290259885
415562.5,4.155625,-95.6824331148963
415625,4.15625,-95.5739121291531
415687.5,4.156875,-95.4622085429513
415750,4.1575,-95.347936765585
415812.5,4.158125,-95.2316793034548
415875,4.15875,-95.113984134292
415937.5,4.159375,-94.9953631453304
416000,4.16,-94.8762914783461
416062.5,4.160625,-94.7572076255175
416125,4.16125,-94.6385141281311
416187.5,4.161875,-94.5205787428246
416250,4.1625,-94.4037359554892
416312.5,4.163125,-94.288288739366
416375,4.16375,-94.1745104703548
416437.5,4.164375,-94.0626469280096
416500,4.165,-93.9529183249255
416562.5,4.165625,-93.8455213196895
416625,4.16625,-93.7406309795049
416687.5,4.166875,-93.6384026675855
416750,4.1675,-93.5389738381394
416812.5,4.168125,-93.4424657276958
416875,4.16875,-93.3489849366026
416937.5,4.169375,-93.2586248981453
417000,4.17,-93.1714672357336
417062.5,4.170625,-93.0875830106861
417125,4.17125,-93.0070338647168
417187.5,4.171875,-92.9298730621846
417250,4.1725,-92.8561464379373
417312.5,4.173125,-92.785893256798
417375,4.17375,-92.7191469909805
417437.5,4.174375,-92.6559360216122
417500,4.175,-92.5962842703665
417562.5,4.175625,-92.5402117669912
417625,4.17625,-92.4877351581834
417687.5,4.176875,-92.4388681628624
417750,4.1775,-92.3936219786214
417812.5,4.178125,-92.3520056436632
417875,4.17875,-92.314026358209
417937.5,4.179375,-92.2796897689672
418000,4.18,-92.2490002199409
418062.5,4.180625,-92.221960972453
418125,4.18125,-92.1985743970071
418187.5,4.181875,-92.1788421392431
418250,4.1825,-92.1627652620207
418312.5,4.183125,-92.1503443653389
418375,4.18375,-92.1415796855369
418437.5,4.184375,-92.1364711750835
418500,4.185,-92.1350185638481
418562.5,4.185625,-92.137221402722
418625,4.18625,-92.1430790900712
418687.5,4.186875,-92.1525908814374
418750,4.1875,-92.1657558825729
418812.5,4.188125,-92.1825730258091
418875,4.18875,-92.2030410294392
418937.5,4.189375,-92.2271583397005
419000,4.19,-92.2549230546314
419062.5,4.190625,-92.2863328289556
419125,4.19125,-92.3213847588288
419187.5,4.191875,-92.3600752451357
419250,4.1925,-92.4023998337245
419312.5,4.193125,-92.4483530307065
419375,4.19375,-92.4979280907268
419437.5,4.194375,-92.551116775767
419500,4.195,-92.6079090817814
419562.5,4.195625,-92.6682929301094
419625,4.19625,-92.7322538203302
419687.5,4.196875,-92.7997744408306
419750,4.1975,-92.8708342330582
419812.5,4.198125,-92.9454089050225
419875,4.19875,-93.0234698893266
419937.5,4.199375,-93.1049837406469
420000,4.2,-93.1899114672964
420062.5,4.200625,-93.2782077912728
420125,4.20125,-93.3698203310304
420187.5,4.201875,-93.4646887011819
420250,4.2025,-93.5627435234376
420312.5,4.203125,-93.6639053434069
420375,4.20375,-93.7680834484836
420437.5,4.204375,-93.8751745829959
420500,4.205,-93.985061558135
420562.5,4.205625,-94.0976117561647
420625,4.20625,-94.2126755310246
420687.5,4.206875,-94.3300845107907
420750,4.2075,-94.4496498119652
420812.5,4.208125,-94.5711601810083
420875,4.20875,-94.6943800854042
420937.5,4.209375,-94.8190477847141
421000,4.21,-94.9448734219213
421062.5,4.210625,-95.071537186703
421125,4.21125,-95.1986876150467
421187.5,4.211875,-95.3259401038836
421250,4.2125,-95.4528757342913
421312.5,4.213125,-95.5790405122607
421375,4.21375,-95.7039451502473
421437.5,4.214375,-95.8270655253008
421500,4.215,-95.947843957859
421562.5,4.215625,-96.0656914580182
421625,4.21625,-96.1799910801445
421687.5,4.216875,-96.2901025102563
421750,4.2175,-96.3953679808506
421812.5,4.218125,-96.4951195632851
421875,4.21875,-96.5886878277507
421937.5,4.219375,-96.6754117857026
422000,4.22,-96.7546499426042
422062.5,4.220625,-96.8257921946631
422125,4.22125,-96.8882722092975
422187.5,4.221875,-96.9415798448776
422250,4.2225,-96.985273100795
422312.5,4.223125,-97.0189890545023
422375,4.22375,-97.0424532457398
422437.5,4.224375,-97.0554870145717
422500,4.225,-97.0580123890359
422562.5,4.225625,-97.0500542444736
422625,4.22625,-97.0317396095833
422687.5,4.226875,-97.0032941595503
422750,4.2275,-96.9650360976824
422812.5,4.228125,-96.9173677688666
422875,4.22875,-96.8607654572834
422937.5,4.229375,-96.7957678897035
423000,4.23,-96.7229639910925
423062.5,4.230625,-96.6429804234437
423125,4.23125,-96.5564693887675
423187.5,4.231875,-96.4640971016666
423250,4.2325,-96.3665332468618
423312.5,4.233125,-96.2644416419067
423375,4.23375,-96.1584722338055
423437.5,4.234375,-96.0492544765373
423500,4.235,-95.9373920684001
423562.5,4.235625,-95.8234589755093
423625,4.23625,-95.7079966306567
423687.5,4.236875,-95.5915121735562
423750,4.2375,-95.474477587619
423812.5,4.238125,-95.3573295867758
423875,4.23875,-95.240470111789
423937.5,4.239375,-95.1242673058899
424000,4.24,-95.0090568532729
424062.5,4.240625,-94.8951435789103
424125,4.24125,-94.7828032234322
424187.5,4.241875,-94.6722843214006
424250,4.2425,-94.5638101249522
424312.5,4.243125,-94.4575805268713
424375,4.24375,-94.3537739477478
424437.5,4.244375,-94.2525491608857
424500,4.245,-94.154047036179
424562.5,4.245625,-94.058392190354
424625,4.24625,-93.9656945358883
424687.5,4.246875,-93.8760507248707
424750,4.2475,-93.7895454870842
424812.5,4.248125,-93.7062528637884
424875,4.24875,-93.6262373404549
424937.5,4.249375,-93.5495548827319
425000,4.25,-93.4762538807697
425062.5,4.250625,-93.4063760074599
425125,4.25125,-93.3399569963358
425187.5,4.251875,-93.2770273449309
425250,4.2525,-93.2176129492998
425312.5,4.253125,-93.1617356751653
425375,4.25375,-93.1094138709296
425437.5,4.254375,-93.0606628274709
425500,4.255,-93.0154951892738
425562.5,4.255625,-92.97392132115
425625,4.25625,-92.935949634416
425687.5,4.256875,-92.9015868760576
425750,4.2575,-92.8708383840834
425812.5,4.258125,-92.8437083119315
425875,4.25875,-92.8201998245
425937.5,4.259375,-92.8003152680628
426000,4.26,-92.7840563160578
426062.5,4.260625,-92.7714240924724
426125,4.26125,-92.7624192742963
426187.5,4.261875,-92.7570421742823
426250,4.2625,-92.7552928050011
426312.5,4.263125,-92.7571709249994
426375,4.26375,-92.762676067606
426437.5,4.264375,-92.7718075527841
426500,4.265,-92.7845644821826
426562.5,4.265625,-92.8009457173289
426625,4.26625,-92.8209498407751
426687.5,4.266875,-92.8445750997157
426750,4.2675,-92.8718193314505
426812.5,4.268125,-92.9026798698495
426875,4.26875,-92.9371534317121
426937.5,4.269375,-92.9752359817573
427000,4.27,-93.0169225746667
427062.5,4.270625,-93.062207172426
427125,4.27125,-93.1110824348748
427187.5,4.271875,-93.1635394811646
427250,4.2725,-93.2195676194877
427312.5,4.273125,-93.279154042174
427375,4.27375,-93.3422834828949
427437.5,4.274375,-93.4089378324483
427500,4.275,-93.4790957092132
427562.5,4.275625,-93.5527319800755
427625,4.27625,-93.629817227301
427687.5,4.276875,-93.7103171565204
427750,4.2775,-93.794191940751
427812.5,4.278125,-93.8813954951714
427875,4.27875,-93.9718746772384
427937.5,4.279375,-94.0655684067259
428000,4.28,-94.1624067004287
428062.5,4.280625,-94.2623096166079
428125,4.28125,-94.3651861048875
428187.5,4.281875,-94.4709327582749
428250,4.2825,-94.579432465332
428312.5,4.283125,-94.6905529624891
428375,4.28375,-94.8041452890502
428437.5,4.284375,-94.920042150756
428500,4.285,-95.0380562020429
428562.5,4.285625,-95.1579782625178
428625,4.28625,-95.2795754896251
428687.5,4.286875,-95.4025895374397
428750,4.2875,-95.5267347407131
428812.5,4.288125,-95.6516963741363
428875,4.28875,-95.7771290488212
428937.5,4.289375,-95.9026553212201
429000,4.29,-96.0278646038709
429062.5,4.290625,-96.1523124812751
429125,4.29125,-96.2755205476908
429187.5,4.291875,-96.3969768947778
429250,4.2925,-96.5161373846019
429312.5,4.293125,-96.6324278454389
429375,4.29375,-96.7452473219509
429437.5,4.294375,-96.8539724954229
429500,4.295,-96.9579633616967
429562.5,4.295625,-97.0565702126023
429625,4.29625,-97.1491419106755
429687.5,4.296875,-97.2350353769717
429750,4.2975,-97.3136261310288
429812.5,4.298125,-97.3843196344714
429875,4.29875,-97.4465631025805
429937.5,4.299375,-97.4998573694207
430000,4.3,-97.5437683315151
430062.5,4.300625,-97.5779374614321
430125,4.30125,-97.602090884128
430187.5,4.301875,-97.6160465492118
430250,4.3025,-97.6197191124235
430312.5,4.303125,-97.6131222543688
430375,4.30375,-97.5963683049193
430437.5,4.304375,-97.569665194714
430500,4.305,-97.5333109060633
430562.5,4.305625,-97.4876857300701
430625,4.30625,-97.4332427426408
430687.5,4.306875,-97.3704969813981
430750,4.3075,-97.300013834933
430812.5,4.308125,-97.2223971468425
430875,4.30875,-97.1382774951752
430937.5,4.309375,-97.0483010412297
431000,4.31,-96.9531192597472
431062.5,4.310625,-96.853379774434
431125,4.31125,-96.7497184364508
431187.5,4.311875,-96.6427527054826
431250,4.3125,-96.5330763265858
431312.5,4.313125,-96.421255244051
431375,4.31375,-96.3078246555007
431437.5,4.314375,-96.1932870850096
431500,4.315,-96.0781113411654
431562.5,4.315625,-95.9627322224509
431625,4.31625,-95.8475508360616
431687.5,4.316875,-95.7329354050369
431750,4.3175,-95.6192224505008
431812.5,4.318125,-95.5067182494904
431875,4.31875,-95.3957004830246
431937.5,4.319375,-95.2864200028709
432000,4.32,-95.1791026585215
432062.5,4.320625,-95.073951137554
432125,4.32125,-94.9711467828949
432187.5,4.321875,-94.8708513594686
432250,4.3225,-94.7732087501072
432312.5,4.323125,-94.6783465668225
432375,4.32375,-94.5863776686231
432437.5,4.324375,-94.4974015809517
432500,4.325,-94.4115058149943
432562.5,4.325625,-94.3287670875089
432625,4.32625,-94.2492524435098
432687.5,4.326875,-94.1730202854774
432750,4.3275,-94.1001213135588
432812.5,4.328125,-94.0305993818307
432875,4.32875,-93.9644922758981
432937.5,4.329375,-93.9018324172991
433000,4.33,-93.8426475000652
433062.5,4.330625,-93.7869610646881
433125,4.33125,-93.7347930144791
433187.5,4.331875,-93.6861600790975
433250,4.3325,-93.6410762296524
433312.5,4.333125,-93.5995530495119
433375,4.33375,-93.5616000646026
433437.5,4.334375,-93.5272250366644
433500,4.335,-93.4964342225982
433562.5,4.335625,-93.4692326027496
433625,4.33625,-93.4456240806302
433687.5,4.336875,-93.4256116563733
433750,4.3375,-93.4091975758412
433812.5,4.338125,-93.3963834571485
433875,4.33875,-93.3871703960458
433937.5,4.339375,-93.38155905138
434000,4.34,-93.3795497117127
434062.5,4.340625,-93.381142343795
434125,4.34125,-93.3863366235615
434187.5,4.341875,-93.3951319499882
434250,4.3425,-93.4075274420054
434312.5,4.343125,-93.4235219184622
434375,4.34375,-93.4431138609043
434437.5,4.344375,-93.4663013587893
434500,4.345,-93.4930820364824
434562.5,4.345625,-93.5234529612626
434625,4.34625,-93.5574105312479
434687.5,4.346875,-93.5949503420286
434750,4.3475,-93.6360670304927
434812.5,4.348125,-93.6807540941072
434875,4.34875,-93.729003683692
434937.5,4.349375,-93.7808063674096
435000,4.35,-93.8361508634422
435062.5,4.350625,-93.8950237385477
435125,4.35125,-93.957409069372
435187.5,4.351875,-94.0232880630588
435250,4.3525,-94.092638633487
435312.5,4.353125,-94.1654349290115
435375,4.35375,-94.2416468074545
435437.5,4.354375,-94.3212392536758
435500,4.355,-94.404171734923
435562.5,4.355625,-94.4903974889432
435625,4.35625,-94.5798627397267
435687.5,4.356875,-94.6725058358511
435750,4.3575,-94.7682563064723
435812.5,4.358125,-94.8670338304542
435875,4.35875,-94.9687471147916
435937.5,4.359375,-95.0732926793354
436000,4.36,-95.1805535463838
436062.5,4.360625,-95.2903978354588
436125,4.36125,-95.4026772661879
436187.5,4.361875,-95.5172255754781
436250,4.3625,-95.6338568592774
436312.5,4.363125,-95.7523638544013
436375,4.36375,-95.872516182195
436437.5,4.364375,-95.9940585833579
436500,4.365,-96.1167091820564
436562.5,4.365625,-96.2401578278079
436625,4.36625,-96.364064574898
436687.5,4.366875,-96.4880583717107
436750,4.3675,-96.6117360455114
436812.5,4.368125,-96.7346616812858
436875,4.36875,-96.8563665057766
436937.5,4.369375,-96.9763493979883
437000,4.37,-97.0940781543145
437062.5,4.370625,-97.2089916379117
437125,4.37125,-97.320502935952
437187.5,4.371875,-97.4280036331882
437250,4.3725,-97.5308692835804
437312.5,4.373125,-97.6284661223219
437375,4.37375,-97.720159007865
437437.5,4.374375,-97.8053205181203
437500,4.375,-97.8833410493115
437562.5,4.375625,-97.9536396841719
437625,4.37625,-98.0156755143713
437687.5,4.376875,-98.0689590282447
437750,4.3775,-98.1130631172793
437812.5,4.378125,-98.1476332223011
437875,4.37875,-98.1723961397129
437937.5,4.379375,-98.1871670438561
438000,4.38,-98.1918543540809
438062.5,4.380625,-98.1864621803018
438125,4.38125,-98.1710902107223
438187.5,4.381875,-98.1459310479649
438250,4.3825,-98.1112651420105
438312.5,4.383125,-98.0674535963948
438375,4.38375,-98.0149292267756
438437.5,4.384375,-97.9541863203866
438500,4.385,-97.8857695774294
438562.5,4.385625,-97.8102627117405
438625,4.38625,-97.7282771531828
438687.5,4.386875,-97.6404412347781
438750,4.3875,-97.5473901727946
438812.5,4.388125,-97.4497570658341
438875,4.38875,-97.3481650575777
438937.5,4.389375,-97.2432207328715
439000,4.39,-97.1355087523777
439062.5,4.390625,-97.0255876796027
439125,4.39125,-96.9139869156152
439187.5,4.391875,-96.8012046313831
439250,4.3925,-96.6877065731531
439312.5,4.393125,-96.5739256111487
439375,4.39375,-96.4602619038629
439437.5,4.394375,-96.347083557362
439500,4.395,-96.2347276696192
439562.5,4.395625,-96.1235016622362
439625,4.39625,-96.0136848152896
439687.5,4.396875,-95.9055299340192
439750,4.3975,-95.7992650885626
439812.5,4.398125,-95.6950953792986
439875,4.39875,-95.5932046904239
439937.5,4.399375,-95.4937574031574
440000,4.4,-95.3969000474349
440062.5,4.400625,-95.3027628770417
440125,4.40125,-95.2114613583373
440187.5,4.401875,-95.123097566663
440250,4.4025,-95.0377614878246
440312.5,4.403125,-94.9555322243851
440375,4.40375,-94.8764791085266
440437.5,4.404375,-94.8006627243784
440500,4.405,-94.7281358438574
440562.5,4.405625,-94.6589442805285
440625,4.40625,-94.5931276664139
440687.5,4.406875,-94.530720156865
440750,4.4075,-94.4717510685614
440812.5,4.408125,-94.4162454556486
440875,4.40875,-94.36422462883
440937.5,4.409375,-94.3157066219949
441000,4.41,-94.2707066106732
441062.5,4.410625,-94.2292372863512
441125,4.41125,-94.1913091903393
441187.5,4.411875,-94.1569310105764
441250,4.4125,-94.1261098444953
441312.5,4.413125,-94.0988514307023
441375,4.41375,-94.075160351993
441437.5,4.414375,-94.0550402119388
441500,4.415,-94.0384937869743
441562.5,4.415625,-94.0255231557314
441625,4.41625,-94.016129807054
441687.5,4.416875,-94.0103147279524
441750,4.4175,-94.0080784724869
441812.5,4.418125,-94.0094212124357
441875,4.41875,-94.0143427702379
441937.5,4.419375,-94.0228426347639
442000,4.42,-94.0349199599401
442062.5,4.420625,-94.0505735463679
442125,4.42125,-94.0698018056754
442187.5,4.421875,-94.0926027072237
442250,4.4225,-94.1189737065955
442312.5,4.423125,-94.148911655067
442375,4.42375,-94.1824126890581
442437.5,4.424375,-94.2194720983521
442500,4.425,-94.2600841716237
442562.5,4.425625,-94.3042420176123
442625,4.42625,-94.3519373600013
442687.5,4.426875,-94.4031603038118
442750,4.4275,-94.4578990708744
442812.5,4.428125,-94.516139701625
442875,4.42875,-94.5778657202211
442937.5,4.429375,-94.6430577596522
443000,4.43,-94.7116931432465
443062.5,4.430625,-94.7837454186873
443125,4.43125,-94.8591838403636
443187.5,4.431875,-94.9379727956289
443250,4.4325,-95.0200711703611
443312.5,4.433125,-95.105431649045
443375,4.43375,-95.1939999445098
443437.5,4.434375,-95.2857139525625
443500,4.435,-95.3805028268952
443562.5,4.435625,-95.4782859700825
443625,4.43625,-95.5789719371298
443687.5,4.436875,-95.6824572490221
443750,4.4375,-95.7886251150851
443812.5,4.438125,-95.8973440648959
443875,4.43875,-96.0084664929013
443937.5,4.439375,-96.1218271221748
444000,4.44,-96.2372413976959
444062.5,4.440625,-96.3545038246179
444125,4.44125,-96.473386273012
444187.5,4.441875,-96.5936362778467
444250,4.4425,-96.7149753715266
444312.5,4.443125,-96.837097495965
444375,4.44375,-96.959667552192
444437.5,4.444375,-97.0823201572474
444500,4.445,-97.2046586906576
444562.5,4.445625,-97.3262547250908
444625,4.44625,-97.4466479474093
444687.5,4.446875,-97.5653466858526
444750,4.4475,-97.6818291652801
444812.5,4.448125,-97.7955456134474
444875,4.44875,-97.9059213354665
444937.5,4.449375,-98.0123608587686
445000,4.45,-98.1142532255612
445062.5,4.450625,-98.2109784722605
445125,4.45125,-98.3019152856271
445187.5,4.451875,-98.3864497635052
445250,4.4525,-98.4639851367302
445312.5,4.453125,-98.5339522316667
445375,4.45375,-98.5958203757372
445437.5,4.454375,-98.6491083782141
445500,4.455,-98.6933951637751
445562.5,4.455625,-98.7283296045345
445625,4.45625,-98.7536390940963
445687.5,4.456875,-98.7691364390702
445750,4.4575,-98.7747247097998
445812.5,4.458125,-98.770399789241
445875,4.45875,-98.7562504802041
445937.5,4.459375,-98.7324561648643
446000,4.46,-98.699282145307
446062.5,4.460625,-98.6570729162587
446125,4.46125,-98.606243720997
446187.5,4.461875,-98.5472708106697
446250,4.4625,-98.480680861928
446312.5,4.463125,-98.4070400087316
446375,4.46375,-98.3269429145676
446437.5,4.464375,-98.2410022582856
446500,4.465,-98.1498389376957
446562.5,4.465625,-98.0540732182506
446625,4.46625,-97.9543169768187
446687.5,4.466875,-97.8511671184568
446750,4.4675,-97.7452001814556
446812.5,4.468125,-97.6369680949442
446875,4.46875,-97.5269950148646
446937.5,4.469375,-97.4157751377501
447000,4.47,-97.3037713760559
447062.5,4.470625,-97.1914147722721
447125,4.47125,-97.0791045296016
447187.5,4.471875,-96.9672085426885
447250,4.4725,-96.8560643213962
447312.5,4.473125,-96.745980211796
447375,4.47375,-96.6372368311516
447437.5,4.474375,-96.5300886459944
447500,4.475,-96.4247656342806
447562.5,4.475625,-96.3214749838007
447625,4.47625,-96.2204027886768
447687.5,4.476875,-96.121715714512
447750,4.4775,-96.0255626101136
447812.5,4.478125,-95.9320760498623
447875,4.47875,-95.8413737958872
447937.5,4.479375,-95.7535601733798
448000,4.48,-95.668727355567
448062.5,4.480625,-95.5869565574574
448125,4.48125,-95.5083191393928
448187.5,4.481875,-95.4328776228253
448250,4.4825,-95.3606866218402
448312.5,4.483125,-95.2917936945036
448375,4.48375,-95.2262401186609
448437.5,4.484375,-95.16406159692
448500,4.485,-95.1052888956907
448562.5,4.485625,-95.0499484230561
448625,4.48625,-94.9980627501082
448687.5,4.486875,-94.9496510801928
448750,4.4875,-94.9047296702207
448812.5,4.488125,-94.8633122080152
448875,4.48875,-94.825410149265
448937.5,4.489375,-94.791033017447
449000,4.49,-94.7601886697678
449062.5,4.490625,-94.7328835318416
449125,4.49125,-94.7091228036239
449187.5,4.491875,-94.6889106387823
449250,4.4925,-94.6722502994451
449312.5,4.493125,-94.6591442880523
449375,4.49375,-94.6495944577512
449437.5,4.494375,-94.6436021025737
449500,4.495,-94.6411680284374
449562.5,4.495625,-94.6422926057297
449625,4.49625,-94.6469758041433
449687.5,4.496875,-94.6552172101149
449750,4.4975,-94.6670160271215
449812.5,4.498125,-94.6823710588073
449875,4.49875,-94.7012806748184
449937.5,4.499375,-94.7237427589474
450000,4.5,-94.7497546390296
450062.5,4.500625,-94.7793129978331
450125,4.50125,-94.8124137639547
450187.5,4.501875,-94.8490519815832
450250,4.5025,-94.8892216576573
450312.5,4.503125,-94.932915584842
450375,4.50375,-94.9801251384065
450437.5,4.504375,-95.030840044905
450500,4.505,-95.0850481202529
450562.5,4.505625,-95.1427349745485
450625,4.50625,-95.2038836807043
450687.5,4.506875,-95.2684744036836
450750,4.5075,-95.3364839868461
450812.5,4.508125,-95.4078854916214
450875,4.50875,-95.4826476865186
450937.5,4.509375,-95.5607344811861
451000,4.51,-95.6421043010886
451062.5,4.510625,-95.726709398234
451125,4.51125,-95.8144950933118
451187.5,4.511875,-95.9053989446892
451250,4.5125,-95.9993498399454
451312.5,4.513125,-96.0962670060023
451375,4.51375,-96.1960589346169
451437.5,4.514375,-96.2986222209617
451500,4.515,-96.4038403143993
451562.5,4.515625,-96.5115821824449
451625,4.51625,-96.6217008913051
451687.5,4.516875,-96.7340321095654
451750,4.5175,-96.8483925455139
451812.5,4.518125,-96.9645783334343
451875,4.51875,-97.0823633901329
451937.5,4.519375,-97.2014977699672
452000,4.52,-97.3217060548237
452062.5,4.520625,-97.4426858249041
452125,4.52125,-97.5641062665747
452187.5,4.521875,-97.6856069849131
452250,4.5225,-97.8067971004091
452312.5,4.523125,-97.9272547209759
452375,4.52375,-98.0465268914306
452437.5,4.524375,-98.1641301314378
452500,4.525,-98.2795516786904
452562.5,4.525625,-98.3922515548375
452625,4.52625,-98.5016655658792
452687.5,4.526875,-98.6072093344752
452750,4.5275,-98.7082834372362
452812.5,4.528125,-98.8042796844452
452875,4.52875,-98.8945885320891
452937.5,4.529375,-98.9786075574901
453000,4.53,-99.0557508620209
453062.5,4.530625,-99.1254591912127
453125,4.53125,-99.18721048913
453187.5,4.531875,-99.2405305371581
453250,4.5325,-99.2850032746414
453312.5,4.533125,-99.320280367638
453375,4.53375,-99.3460895887473
453437.5,4.534375,-99.362241599469
453500,4.535,-99.3686347878392
453562.5,4.535625,-99.3652579047657
453625,4.53625,-99.3521903563338
453687.5,4.536875,-99.3296001361183
453750,4.5375,-99.2977395098023
453812.5,4.538125,-99.256938682429
453875,4.53875,-99.2075977757334
453937.5,4.539375,-99.1501775120374
454000,4.54,-99.0851890377268
454062.5,4.540625,-99.0131833236553
454125,4.54125,-98.9347405550212
454187.5,4.541875,-98.8504598751076
454250,4.5425,-98.7609497833577
454312.5,4.543125,-98.6668194158059
454375,4.54375,-98.5686708620246
454437.5,4.544375,-98.4670926033283
454500,4.545,-98.3626540957572
454562.5,4.545625,-98.2559014710085
454625,4.54625,-98.1473542899698
454687.5,4.546875,-98.0375032563987
454750,4.5475,-97.9268087816795
454812.5,4.548125,-97.8157002839126
454875,4.54875,-97.704576103836
454937.5,4.549375,-97.593803924827
455000,4.55,-97.4837215923869
455062.5,4.550625,-97.3746382391755
455125,4.55125,-97.266835633152
455187.5,4.551875,-97.160569678377
455250,4.5525,-97.056072009436
455312.5,4.553125,-96.9535516311868
455375,4.55375,-96.8531965651558
455437.5,4.554375,-96.7551754724032
455500,4.555,-96.6596392300144
455562.5,4.555625,-96.5667224444649
455625,4.55625,-96.4765448903107
455687.5,4.556875,-96.3892128667223
455750,4.5575,-96.3048204677667
455812.5,4.558125,-96.2234507649044
455875,4.55875,-96.145176902186
455937.5,4.559375,-96.07006310611
456000,4.56,-95.9981656131712
456062.5,4.560625,-95.929533518898
456125,4.56125,-95.8642095526156
456187.5,4.561875,-95.8022307824585
456250,4.5625,-95.7436292552312
456312.5,4.563125,-95.6884325757418
456375,4.56375,-95.6366644300507
456437.5,4.564375,-95.5883450569852
456500,4.565,-95.5434916719489
456562.5,4.565625,-95.502118846899
456625,4.56625,-95.464238850018
456687.5,4.566875,-95.4298619483856
456750,4.5675,-95.3989966766219
456812.5,4.568125,-95.3716500742363
456875,4.56875,-95.3478278941516
456937.5,4.569375,-95.3275347845406
457000,4.57,-95.3107744459741
457062.5,4.570625,-95.2975497655137
457125,4.57125,-95.2878629292547
457187.5,4.571875,-95.2817155145215
457250,4.5725,-95.2791085627601
457312.5,4.573125,-95.2800426339336
457375,4.57375,-95.2845178430176
457437.5,4.574375,-95.2925338790551
457500,4.575,-95.304090006935
457562.5,4.575625,-95.3191850519872
457625,4.57625,-95.337817367197
457687.5,4.576875,-95.3599847826987
457750,4.5775,-95.3856845370364
457812.5,4.578125,-95.4149131893899
457875,4.57875,-95.4476665118896
457937.5,4.579375,-95.4839393608252
458000,4.58,-95.5237255253881
458062.5,4.580625,-95.567017552356
458125,4.58125,-95.6138065448735
458187.5,4.581875,-95.6640819332827
458250,4.5825,-95.717831215626
458312.5,4.583125,-95.7750396652751
458375,4.58375,-95.8356900028104
458437.5,4.584375,-95.8997620290121
458500,4.585,-95.9672322155834
458562.5,4.585625,-96.0380732499421
458625,4.58625,-96.1122535301674
458687.5,4.586875,-96.1897366060064
458750,4.5875,-96.2704805616215
458812.5,4.588125,-96.3544373356719
458875,4.58875,-96.4415519743069
458937.5,4.589375,-96.5317618126961
459000,4.59,-96.6249955809701
459062.5,4.590625,-96.7211724308868
459125,4.59125,-96.8202008801928
459187.5,4.591875,-96.9219776726435
459250,4.5925,-97.026386553019
459312.5,4.593125,-97.1332969583098
459375,4.59375,-97.2425626286473
459437.5,4.594375,-97.3540201446355
459500,4.595,-97.4674874015954
459562.5,4.595625,-97.5827620359629
459625,4.59625,-97.6996198248328
459687.5,4.596875,-97.8178130864396
459750,4.5975,-97.9370691173182
459812.5,4.598125,-98.0570887109093
459875,4.59875,-98.1775448124686
459937.5,4.599375,-98.2980813760208
460000,4.6,-98.4183125004308
460062.5,4.600625,-98.5378219329077
460125,4.60125,-98.6561630386309
460187.5,4.601875,-98.7728593436766
460250,4.6025,-98.8874057637127
460312.5,4.603125,-98.9992706315728
460375,4.60375,-99.1078986310443
460437.5,4.604375,-99.2127147304616
460500,4.605,-99.3131291862133
460562.5,4.605625,-99.4085436519991
460625,4.60625,-99.4983583843264
460687.5,4.606875,-99.5819804784461
460750,4.6075,-99.6588330042961
460812.5,4.608125,-99.7283648417609
460875,4.60875,-99.7900609443921
460937.5,4.609375,-99.8434526964544
461000,4.61,-99.8881279771133
461062.5,4.610625,-99.9237405149954
461125,4.61125,-99.9500181117407
461187.5,4.611875,-99.9667693391611
461250,4.6125,-99.9738883714672
461312.5,4.613125,-99.971357699541
461375,4.61375,-99.9592485819942
461437.5,4.614375,-99.9377192086002
461500,4.615,-99.9070106749481
461562.5,4.615625,-99.8674409812097
461625,4.61625,-99.8193973630901
461687.5,4.616875,-99.7633273317791
461750,4.6175,-99.6997288376171
461812.5,4.618125,-99.6291399796652
461875,4.61875,-99.5521286620285
461937.5,4.619375,-99.4692825541543
462000,4.62,-99.3811996522674
462062.5,4.620625,-99.2884796705228
462125,4.62125,-99.1917164194878
462187.5,4.621875,-99.0914912622358
462250,4.6225,-98.9883676785115
462312.5,4.623125,-98.8828869175718
462375,4.62375,-98.775564681726
462437.5,4.624375,-98.6668887549686
462500,4.625,-98.5573174737453
462562.5,4.625625,-98.4472789281162
462625,4.62625,-98.3371707799706
462687.5,4.626875,-98.2273605885601
462750,4.6275,-98.1181865410717
462812.5,4.628125,-98.0099584956404
462875,4.62875,-97.9029592553344
462937.5,4.629375,-97.79744600288
463000,4.63,-97.6936518371225
463062.5,4.630625,-97.5917873625967
463125,4.63125,-97.4920422930267
463187.5,4.631875,-97.394587038026
463250,4.6325,-97.2995742493911
463312.5,4.633125,-97.2071403096979
463375,4.63375,-97.1174067508782
463437.5,4.634375,-97.0304815947337
463500,4.635,-96.9464606106791
463562.5,4.635625,-96.8654284886745
463625,4.63625,-96.787459927342
463687.5,4.636875,-96.7126206388085
463750,4.6375,-96.640968272973
463812.5,4.638125,-96.5725532646348
463875,4.63875,-96.5074196074705
463937.5,4.639375,-96.4456055591698
464000,4.64,-96.3871442821028
464062.5,4.640625,-96.3320644240036
464125,4.64125,-96.2803906429759
464187.5,4.641875,-96.2321440810251
464250,4.6425,-96.1873427901354
464312.5,4.643125,-96.1460021145882
464375,4.64375,-96.1081350330695
464437.5,4.644375,-96.0737524637847
464500,4.645,-96.042863535528
464562.5,4.645625,-96.0154758274128
464625,4.64625,-95.9915955796948
464687.5,4.646875,-95.9712278778528
464750,4.6475,-95.9543768118494
464812.5,4.648125,-95.9410456122716
464875,4.64875,-95.9312367647964
464937.5,4.649375,-95.9249521042162
465000,4.65,-95.9221928890656
465062.5,4.650625,-95.9229598576475
465125,4.65125,-95.9272532660795
465187.5,4.651875,-95.9350729088291
465250,4.6525,-95.9464181218871
465312.5,4.653125,-95.9612877687313
465375,4.65375,-95.979680208833
465437.5,4.654375,-96.0015932484726
465500,4.655,-96.0270240732494
465562.5,4.655625,-96.0559691616392
465625,4.65625,-96.0884241786419
465687.5,4.656875,-96.1243838483989
465750,4.6575,-96.1638418044373
465812.5,4.658125,-96.2067904159991
465875,4.65875,-96.2532205886212
465937.5,4.659375,-96.3031215369757
466000,4.66,-96.3564805276592
466062.5,4.660625,-96.4132825894086
466125,4.66125,-96.4735101879454
466187.5,4.661875,-96.5371428623945
466250,4.6625,-96.6041568199548
466312.5,4.663125,-96.6745244852428
466375,4.66375,-96.7482140005349
466437.5,4.664375,-96.825188672876
466500,4.665,-96.9054063638769
466562.5,4.665625,-96.9888188179543
466625,4.66625,-97.0753709246778
466687.5,4.666875,-97.1649999110618
466750,4.6675,-97.2576344598173
466812.5,4.668125,-97.3531937500493
466875,4.66875,-97.4515864175565
466937.5,4.669375,-97.5527094328572
467000,4.67,-97.6564468964667
467062.5,4.670625,-97.762668752696
467125,4.67125,-97.8712294257064
467187.5,4.671875,-97.9819663844889
467250,4.6725,-98.0946986472736
467312.5,4.673125,-98.2092252404808
467375,4.67375,-98.3253236329435
467437.5,4.674375,-98.4427481727437
467500,4.675,-98.5612285617693
467562.5,4.675625,-98.6804684118156
467625,4.67625,-98.8001439358663
467687.5,4.676875,-98.9199028387395
467750,4.6775,-99.0393634821296
467812.5,4.678125,-99.158114410054
467875,4.67875,-99.2757143305663
467937.5,4.679375,-99.3916926577757
468000,4.68,-99.5055507232807
468062.5,4.680625,-99.6167637665815
468125,4.68125,-99.7247838084775
468187.5,4.681875,-99.8290434980457
468250,4.6825,-99.9289610012057
468312.5,4.683125,-100.023945965789
468375,4.68375,-100.113406554267
468437.5,4.684375,-100.196757481274
468500,4.685,-100.273428930542
468562.5,4.685625,-100.342876158353
468625,4.68625,-100.40458952266
468687.5,4.686875,-100.458104614829
468750,4.6875,-100.503012121134
468812.5,4.688125,-100.538967010656
468875,4.68875,-100.565696640823
468937.5,4.689375,-100.583007395268
469000,4.69,-100.590789522273
469062.5,4.690625,-100.589019923004
469125,4.69125,-100.577762741818
469187.5,4.691875,-100.557167726986
469250,4.6925,-100.527466449366
469312.5,4.693125,-100.488966577548
469375,4.69375,-100.442044501742
469437.5,4.694375,-100.387136666987
469500,4.695,-100.3247300159
469562.5,4.695625,-100.255351950568
469625,4.69625,-100.179560205337
469687.5,4.696875,-100.097932981873
469750,4.6975,-100.011059641271
469812.5,4.698125,-99.9195321823144
469875,4.69875,-99.8239376665381
469937.5,4.699375,-99.7248516850904
470000,4.7,-99.6228329035565
470062.5,4.700625,-99.5184186716019
470125,4.70125,-99.4121216455465
470187.5,4.701875,-99.3044273439625
470250,4.7025,-99.1957925383323
470312.5,4.703125,-99.0866443712075
470375,4.70375,-98.9773800919125
470437.5,4.704375,-98.868367302577
470500,4.705,-98.7599446140132
470562.5,4.705625,-98.6524226200753
470625,4.70625,-98.5460851096261
470687.5,4.706875,-98.4411904461776
470750,4.7075,-98.3379730561452
470812.5,4.708125,-98.2366449767594
470875,4.70875,-98.137397424097
470937.5,4.709375,-98.0404023499039
471000,4.71,-97.9458139631288
471062.5,4.710625,-97.8537701982212
471125,4.71125,-97.7643941173459
471187.5,4.711875,-97.6777952379541
471250,4.7125,-97.5940707804816
471312.5,4.713125,-97.5133068336995
471375,4.71375,-97.4355794373221
471437.5,4.714375,-97.3609555830608
471500,4.715,-97.2894941364992
471562.5,4.715625,-97.2212466829801
471625,4.71625,-97.1562583012727
471687.5,4.716875,-97.0945682690944
471750,4.7175,-97.0362107047676
471812.5,4.718125,-96.9812151492815
471875,4.71875,-96.929607093026
471937.5,4.719375,-96.8814084512758
472000,4.72,-96.8366379923373
472062.5,4.720625,-96.7953117220675
472125,4.72125,-96.7574432282035
472187.5,4.721875,-96.7230439876969
472250,4.7225,-96.6921236399906
472312.5,4.723125,-96.6646902289078
472375,4.72375,-96.6407504155518
472437.5,4.724375,-96.6203096644045
472500,4.725,-96.6033724045175
472562.5,4.725625,-96.5899421674886
472625,4.72625,-96.5800217036833
472687.5,4.726875,-96.5736130779259
472750,4.7275,-96.5707177457037
472812.5,4.728125,-96.5713366106977
472875,4.72875,-96.5754700642765
472937.5,4.729375,-96.5831180073733
473000,4.73,-96.5942798550071
473062.5,4.730625,-96.6089545235017
473125,4.73125,-96.6271404002571
473187.5,4.731875,-96.6488352957781
473250,4.7325,-96.6740363774449
473312.5,4.733125,-96.7027400843154
473375,4.73375,-96.7349420220725
473437.5,4.734375,-96.7706368370011
473500,4.735,-96.8098180676914
473562.5,4.735625,-96.8524779729221
473625,4.73625,-96.8986073339693
473687.5,4.736875,-96.9481952293413
473750,4.7375,-97.0012287796992
473812.5,4.738125,-97.0576928604621
473875,4.73875,-97.1175697793891
473937.5,4.739375,-97.1808389160721
474000,4.74,-97.247476320162
474062.5,4.740625,-97.3174542647682
474125,4.74125,-97.3907407513349
474187.5,4.741875,-97.4672989620826
474250,4.7425,-97.5470866558976
474312.5,4.743125,-97.6300555035496
474375,4.74375,-97.7161503580035
474437.5,4.744375,-97.8053084557689
474500,4.745,-97.8974585454679
474562.5,4.745625,-97.9925199401632
474625,4.74625,-98.0904014908119
474687.5,4.746875,-98.1910004790202
474750,4.7475,-98.2942014287471
474812.5,4.748125,-98.3998748383611
474875,4.74875,-98.5078758367428
474937.5,4.749375,-98.6180427702102
475000,4.75,-98.7301957306132
475062.5,4.750625,-98.8441350396244
475125,4.75125,-98.9596397096394
475187.5,4.751875,-99.0764659082809
475250,4.7525,-99.1943454609327
475312.5,4.753125,-99.3129844344303
475375,4.75375,-99.4320618544303
475437.5,4.754375,-99.5512286193267
475500,4.755,-99.6701066841982
475562.5,4.755625,-99.7882885987794
475625,4.75625,-99.9053374931856
475687.5,4.756875,-100.020787612963
475750,4.7575,-100.134145509935
475812.5,4.758125,-100.244891995812
475875,4.75875,-100.352484960099
475937.5,4.759375,-100.456363140848
476000,4.76,-100.555950914875
476062.5,4.760625,-100.650664142077
476125,4.76125,-100.739917055993
476187.5,4.761875,-100.82313014051
476250,4.7625,-100.89973887176
476312.5,4.763125,-100.969203138892
476375,4.76375,-101.031017091084
476437.5,4.764375,-101.0847190974
476500,4.765,-101.129901457121
476562.5,4.765625,-101.166219467662
476625,4.76625,-101.193399450705
476687.5,4.766875,-101.211245358732
476750,4.7675,-101.219643634749
476812.5,4.768125,-101.218566075456
476875,4.76875,-101.208070547326
476937.5,4.769375,-101.188299517535
477000,4.77,-101.159476477608
477062.5,4.770625,-101.121900446659
477125,4.77125,-101.075938833504
477187.5,4.771875,-101.022019005647
477250,4.7725,-100.960618953618
477312.5,4.773125,-100.89225745089
477375,4.77375,-100.817484094142
477437.5,4.774375,-100.736869571044
477500,4.775,-100.650996448982
477562.5,4.775625,-100.560450714627
477625,4.77625,-100.46581422785
477687.5,4.776875,-100.367658188988
477750,4.7775,-100.266537660576
477812.5,4.778125,-100.162987135428
477875,4.77875,-100.057517104239
477937.5,4.779375,-99.9506115473982
478000,4.78,-99.8427262570164
478062.5,4.780625,-99.7342878850017
478125,4.78125,-99.625693609781
478187.5,4.781875,-99.5173113164665
478250,4.7825,-99.4094801913503
478312.5,4.783125,-99.302511640213
478375,4.78375,-99.19669044999
478437.5,4.784375,-99.0922761240843
478500,4.785,-98.9895043320183
478562.5,4.785625,-98.888588424301
478625,4.78625,-98.7897209724823
478687.5,4.786875,-98.6930753026647
478750,4.7875,-98.5988069978805
478812.5,4.788125,-98.5070553508573
478875,4.78875,-98.4179447539388
478937.5,4.789375,-98.3315860170396
479000,4.79,-98.2480776081017
479062.5,4.790625,-98.1675068131305
479125,4.79125,-98.0899508151288
479187.5,4.791875,-98.0154776928236
479250,4.7925,-97.9441473412895
479312.5,4.793125,-97.8760123174828
479375,4.79375,-97.8111186142324
479437.5,4.794375,-97.7495063666417
479500,4.795,-97.6912104950317
479562.5,4.795625,-97.6362612886009
479625,4.79625,-97.5846849339788
479687.5,4.796875,-97.5365039926565
479750,4.7975,-97.4917378312041
479812.5,4.798125,-97.4504030078764
479875,4.79875,-97.4125136190508
479937.5,4.799375,-97.3780816086459
480000,4.8,-97.3471170434392
480062.5,4.800625,-97.3196283569404
480125,4.80125,-97.2956225642121
480187.5,4.801875,-97.2751054498062
480250,4.8025,-97.2580817307266
480312.5,4.803125,-97.2445551960793
480375,4.80375,-97.2345288249049
480437.5,4.804375,-97.228004883401
480500,4.805,-97.2249850025806
480562.5,4.805625,-97.2254702372018
480625,4.80625,-97.2294611065869
480687.5,4.806875,-97.2369576177961
480750,4.8075,-97.2479592713895
480812.5,4.808125,-97.2624650498557
480875,4.80875,-97.2804733885926
480937.5,4.809375,-97.3019821291187
481000,4.81,-97.3269884540488
481062.5,4.810625,-97.3554888031186
481125,4.81125,-97.3874787694016
481187.5,4.811875,-97.4229529746138
481250,4.8125,-97.4619049222267
481312.5,4.813125,-97.5043268268612
481375,4.81375,-97.550209418252
481437.5,4.814375,-97.5995417177794
481500,4.815,-97.6523107853913
481562.5,4.815625,-97.7085014344457
481625,4.81625,-97.7680959117657
481687.5,4.816875,-97.831073539968
481750,4.8175,-97.8974103188312
481812.5,4.818125,-97.9670784822916
481875,4.81875,-98.0400460073753
481937.5,4.819375,-98.1162760712203
482000,4.82,-98.195726452176
482062.5,4.820625,-98.2783488708886
482125,4.82125,-98.3640882672474
482187.5,4.821875,-98.4528820092111
482250,4.8225,-98.5446590297486
482312.5,4.823125,-98.6393388885872
482375,4.82375,-98.7368307560961
482437.5,4.824375,-98.8370323176681
482500,4.825,-98.9398285982371
482562.5,4.825625,-99.0450907083374
482625,4.82625,-99.1526745154821
482687.5,4.826875,-99.2624192474912
482750,4.8275,-99.3741460380892
482812.5,4.828125,-99.4876564295844
482875,4.82875,-99.6027308527672
482937.5,4.829375,-99.7191271106286
483000,4.83,-99.8365788998304
483062.5,4.830625,-99.9547944123021
483125,4.83125,-100.073455068681
483187.5,4.831875,-100.192214445328
483250,4.8325,-100.31069746716
483312.5,4.833125,-100.42849994877
483375,4.83375,-100.545188575923
483437.5,4.834375,-100.660301427152
483500,4.835,-100.773349140097
483562.5,4.835625,-100.883816827704
483625,4.83625,-100.991166844237
483687.5,4.836875,-101.09484248846
483750,4.8375,-101.194272709987
483812.5,4.838125,-101.288877853771
483875,4.83875,-101.378076436222
483937.5,4.839375,-101.461292895481
484000,4.84,-101.537966199068
484062.5,4.840625,-101.607559127857
484125,4.84125,-101.669567990578
484187.5,4.841875,-101.723532462839
484250,4.8425,-101.769045196373
484312.5,4.843125,-101.805760813055
484375,4.84375,-101.833403891075
484437.5,4.844375,-101.85177557011
484500,4.845,-101.860758450759
484562.5,4.845625,-101.860319538099
484625,4.84625,-101.850511075456
484687.5,4.846875,-101.831469224355
484750,4.8475,-101.803410660296
484812.5,4.848125,-101.76662726159
484875,4.84875,-101.721479160399
484937.5,4.849375,-101.668386494188
485000,4.85,-101.607820237577
485062.5,4.850625,-101.540292507987
485125,4.85125,-101.466346725166
485187.5,4.851875,-101.386547969493
485250,4.8525,-101.301473831952
485312.5,4.853125,-101.21170598731
485375,4.85375,-101.117822656581
485437.5,4.854375,-101.020392061677
485500,4.855,-100.919966917254
485562.5,4.855625,-100.81707995606
485625,4.85625,-100.712240444837
485687.5,4.856875,-100.605931619126
485750,4.8575,-100.498608946036
485812.5,4.858125,-100.390699113251
485875,4.85875,-100.282599638866
485937.5,4.859375,-100.174678998139
486000,4.86,-100.067277168949
486062.5,4.860625,-99.9607065060544
486125,4.86125,-99.8552528637589
486187.5,4.861875,-99.7511768973351
486250,4.8625,-99.6487154836452
486312.5,4.863125,-99.5480832115213
486375,4.86375,-99.4494739014781
486437.5,4.864375,-99.3530621226094
486500,4.865,-99.2590046815999
486562.5,4.865625,-99.167442065028
486625,4.86625,-99.0784998212123
486687.5,4.866875,-98.9922898722246
486750,4.8675,-98.9089117501017
486812.5,4.868125,-98.8284537541067
486875,4.86875,-98.7509940280589
486937.5,4.869375,-98.6766015584139
487000,4.87,-98.6053370949963
487062.5,4.870625,-98.5372539972477
487125,4.87125,-98.4723990093789
487187.5,4.871875,-98.4108129682856
487250,4.8725,-98.3525314482441
487312.5,4.873125,-98.2975853465041
487375,4.87375,-98.2460014138642
487437.5,4.874375,-98.1978027342127
487500,4.875,-98.1530091568425
487562.5,4.875625,-98.1116376851606
487625,4.87625,-98.0737028251858
487687.5,4.876875,-98.0392168969776
487750,4.8775,-98.0081903119047
487812.5,4.878125,-97.9806318183786
487875,4.87875,-97.9565487184869
487937.5,4.879375,-97.9359470576332
488000,4.88,-97.9188317891394
488062.5,4.880625,-97.9052069154648
488125,4.88125,-97.8950756075214
488187.5,4.881875,-97.8884403033212
488250,4.8825,-97.8853027869933
488312.5,4.883125,-97.8856642490158
488375,4.88375,-97.8895253283036
488437.5,4.884375,-97.8968861365921
488500,4.885,-97.9077462653919
488562.5,4.885625,-97.9221047755958
488625,4.88625,-97.939960169612
488687.5,4.886875,-97.9613103457525
488750,4.8875,-97.9861525343778
488812.5,4.888125,-98.0144832151423
488875,4.88875,-98.0462980144579
488937.5,4.889375,-98.0815915821101
489000,4.89,-98.120357445763
489062.5,4.890625,-98.1625878418343
489125,4.89125,-98.208273521054
489187.5,4.891875,-98.2574035267387
489250,4.8925,-98.3099649436064
489312.5,4.893125,-98.3659426147066
489375,4.89375,-98.4253188237817
489437.5,4.894375,-98.4880729401473
489500,4.895,-98.5541810229009
489562.5,4.895625,-98.6236153810707
489625,4.89625,-98.6963440860706
489687.5,4.896875,-98.7723304326448
489750,4.8975,-98.8515323443255
489812.5,4.898125,-98.9339017193758
489875,4.89875,-99.0193837131332
489937.5,4.899375,-99.107915952796
490000,4.9,-99.1994276809684
490062.5,4.900625,-99.293838824639
490125,4.90125,-99.3910589870194
490187.5,4.901875,-99.4909863605499
490250,4.9025,-99.5935065607429
490312.5,4.903125,-99.6984913822624
490375,4.90375,-99.8057974809183
490437.5,4.904375,-99.9152649881359
490500,4.905,-100.026716068066
490562.5,4.905625,-100.13995343193
490625,4.90625,-100.254758829471
490687.5,4.906875,-100.370891543698
490750,4.9075,-100.488086922414
490812.5,4.908125,-100.606054988276
490875,4.90875,-100.724479178403
490937.5,4.909375,-100.843015274371
491000,4.91,-100.961290593907
491062.5,4.910625,-101.078903525613
491125,4.91125,-101.195423497653
491187.5,4.911875,-101.310391478911
491250,4.9125,-101.423321116086
491312.5,4.913125,-101.533700610822
491375,4.91375,-101.640995436065
491437.5,4.914375,-101.744651978573
491500,4.915,-101.844102173869
491562.5,4.915625,-101.938769169437
491625,4.91625,-102.028074011494
491687.5,4.916875,-102.111443300548
491750,4.9175,-102.188317702647
491812.5,4.918125,-102.258161139937
491875,4.91875,-102.320470419848
491937.5,4.919375,-102.374785002725
492000,4.92,-102.420696559013
492062.5,4.920625,-102.457857935587
492125,4.92125,-102.485991142403
492187.5,4.921875,-102.504893988576
492250,4.9225,-102.514445043235
492312.5,4.923125,-102.514606669154
492375,4.92375,-102.505425971107
492437.5,4.924375,-102.48703360902
492500,4.925,-102.459640538393
492562.5,4.925625,-102.423532847394
492625,4.92625,-102.379064952016
492687.5,4.926875,-102.326651480455
492750,4.9275,-102.266758221054
492812.5,4.928125,-102.199892522923
492875,4.92875,-102.12659352724
492937.5,4.929375,-102.047422573292
493000,4.93,-101.962954073272
493062.5,4.930625,-101.873767089399
493125,4.93125,-101.78043778249
493187.5,4.931875,-101.683532838248
493250,4.9325,-101.583603919975
493312.5,4.933125,-101.48118314733
493375,4.93375,-101.376779561438
493437.5,4.934375,-101.270876507248
493500,4.935,-101.163929844467
493562.5,4.935625,-101.056366886978
493625,4.93625,-100.948585966429
493687.5,4.936875,-100.840956517007
493750,4.9375,-100.733819583467
493812.5,4.938125,-100.627488662642
493875,4.93875,-100.522250798093
493937.5,4.939375,-100.418367857829
494000,4.94,-100.316077935357
494062.5,4.940625,-100.215596824151
494125,4.94125,-100.11711952473
494187.5,4.941875,-100.020821751752
494250,4.9425,-99.926861415697
494312.5,4.943125,-99.8353800598877
494375,4.94375,-99.7465042387962
494437.5,4.944375,-99.660346827933
494500,4.945,-99.5770082591059
494562.5,4.945625,-99.49657767763
494625,4.94625,-99.4191340203498
494687.5,4.946875,-99.3447470149498
494750,4.9475,-99.2734781023545
494812.5,4.948125,-99.2053812849194
494875,4.94875,-99.1405039037616
494937.5,4.949375,-99.0788873489533
495000,4.95,-99.0205677065837
495062.5,4.950625,-98.965576346733
495125,4.95125,-98.913940456415
495187.5,4.951875,-98.8656835214374
495250,4.9525,-98.8208257609742
495312.5,4.953125,-98.7793845184589
495375,4.95375,-98.7413746121713
495437.5,4.954375,-98.7068086486739
495500,4.955,-98.6756973019757
495562.5,4.955625,-98.6480495610908
495625,4.95625,-98.6238729483782
495687.5,4.956875,-98.6031737108266
495750,4.9575,-98.5859569861988
495812.5,4.958125,-98.5722269457282
495875,4.95875,-98.5619869148347
495937.5,4.959375,-98.5552394731134
496000,4.96,-98.5519865346427
496062.5,4.960625,-98.5522294094544
496125,4.96125,-98.5559688468219
496187.5,4.961875,-98.5632050608251
496250,4.9625,-98.573937738459
496312.5,4.963125,-98.5881660303829
496375,4.96375,-98.6058885242067
496437.5,4.964375,-98.6271032000324
496500,4.965,-98.6518073677829
496562.5,4.965625,-98.6799975856562
496625,4.96625,-98.711669558851
496687.5,4.966875,-98.746818017501
496750,4.9675,-98.7854365725635
496812.5,4.968125,-98.8275175481774
496875,4.96875,-98.8730517887918
496937.5,4.969375,-98.9220284391401
497000,4.97,-98.9744346948792
497062.5,4.970625,-99.030255521507
497125,4.97125,-99.0894733388771
497187.5,4.971875,-99.1520676684163
497250,4.9725,-99.2180147399057
497312.5,4.973125,-99.2872870544088
497375,4.97375,-99.3598528997772
497437.5,4.974375,-99.4356758149054
497500,4.975,-99.5147139988126
497562.5,4.975625,-99.5969196604995
497625,4.97625,-99.682238305533
497687.5,4.976875,-99.7706079554283
497750,4.9775,-99.8619582960806
497812.5,4.978125,-99.9562097520023
497875,4.97875,-100.053272483703
497937.5,4.979375,-100.153045306504
498000,4.98,-100.255414530422
498062.5,4.980625,-100.360252722407
498125,4.98125,-100.467417394528
498187.5,4.981875,-100.576749624485
498250,4.9825,-100.688072618467
498312.5,4.983125,-100.801190230642
498375,4.98375,-100.915885458891
498437.5,4.984375,-101.031918942575
498500,4.985,-101.149027495394
498562.5,4.985625,-101.266922714556
498625,4.98625,-101.385289716662
498687.5,4.986875,-101.50378606057
498750,4.9875,-101.622040927702
498812.5,4.988125,-101.739654640555
498875,4.98875,-101.8561986095
498937.5,4.989375,-101.971215805833
499000,4.99,-102.08422186397
499062.5,4.990625,-102.194706916665
499125,4.99125,-102.302138262423
499187.5,4.991875,-102.405963952547
499250,4.9925,-102.505617365085
499312.5,4.993125,-102.600522803017
499375,4.99375,-102.690102114358
499437.5,4.994375,-102.773782282189
499500,4.995,-102.851003875028
499562.5,4.995625,-102.921230185056
499625,4.99625,-102.983956817556
499687.5,4.996875,-103.038721435345
499750,4.9975,-103.085113312569
499812.5,4.998125,-103.122782320084
499875,4.99875,-103.151446954563
499937.5,4.999375,-103.17090104017
500000,5,-103.181018776059
