mode,scheme_status,design_method,design_options,tap_index,coefficient
1K,SCHEME_B_ACCEPTED,kaiser,cutoff_hz=520;kaiser_beta=3,0,-6.25332326511099e-06
1K,SCHEME_B_ACCEPTED,kaiser,cutoff_hz=520;kaiser_beta=3,1,-1.20235956165793e-05
1K,SCHEME_B_ACCEPTED,kaiser,cutoff_hz=520;kaiser_beta=3,2,-1.79440827645496e-05
1K,SCHEME_B_ACCEPTED,kaiser,cutoff_hz=520;kaiser_beta=3,3,-2.40099300482846e-05
1K,SCHEME_B_ACCEPTED,kaiser,cutoff_hz=520;kaiser_beta=3,4,-3.02159575321897e-05
1K,SCHEME_B_ACCEPTED,kaiser,cutoff_hz=520;kaiser_beta=3,5,-3.65566614494518e-05
1K,SCHEME_B_ACCEPTED,kaiser,cutoff_hz=520;kaiser_beta=3,6,-4.30262161454855e-05
1K,SCHEME_B_ACCEPTED,kaiser,cutoff_hz=520;kaiser_beta=3,7,-4.96184765258394e-05
1K,SCHEME_B_ACCEPTED,kaiser,cutoff_hz=520;kaiser_beta=3,8,-5.63269810125701e-05
1K,SCHEME_B_ACCEPTED,kaiser,cutoff_hz=520;kaiser_beta=3,9,-6.31449550123891e-05
1K,SCHEME_B_ACCEPTED,kaiser,cutoff_hz=520;kaiser_beta=3,10,-7.00653148992385e-05
1K,SCHEME_B_ACCEPTED,kaiser,cutoff_hz=520;kaiser_beta=3,11,-7.70806725132255e-05
1K,SCHEME_B_ACCEPTED,kaiser,cutoff_hz=520;kaiser_beta=3,12,-8.4183340177157e-05
1K,SCHEME_B_ACCEPTED,kaiser,cutoff_hz=520;kaiser_beta=3,13,-9.13653362311865e-05
1K,SCHEME_B_ACCEPTED,kaiser,cutoff_hz=520;kaiser_beta=3,14,-9.86183910853648e-05
1K,SCHEME_B_ACCEPTED,kaiser,cutoff_hz=520;kaiser_beta=3,15,-0.000105933953789149
1K,SCHEME_B_ACCEPTED,kaiser,cutoff_hz=520;kaiser_beta=3,16,-0.000113303199116177
1K,SCHEME_B_ACCEPTED,kaiser,cutoff_hz=520;kaiser_beta=3,17,-0.000120717035161878
1K,SCHEME_B_ACCEPTED,kaiser,cutoff_hz=520;kaiser_beta=3,18,-0.000128166111450711
1K,SCHEME_B_ACCEPTED,kaiser,cutoff_hz=520;kaiser_beta=3,19,-0.000135640827549099
1K,SCHEME_B_ACCEPTED,kaiser,cutoff_hz=520;kaiser_beta=3,20,-0.000143131342179325
1K,SCHEME_B_ACCEPTED,kaiser,cutoff_hz=520;kaiser_beta=3,21,-0.000150627582828925
1K,SCHEME_B_ACCEPTED,kaiser,cutoff_hz=520;kaiser_beta=3,22,-0.000158119255849321
1K,SCHEME_B_ACCEPTED,kaiser,cutoff_hz=520;kaiser_beta=3,23,-0.000165595857036685
1K,SCHEME_B_ACCEPTED,kaiser,cutoff_hz=520;kaiser_beta=3,24,-0.000173046682687253
1K,SCHEME_B_ACCEPTED,kaiser,cutoff_hz=520;kaiser_beta=3,25,-0.000180460841118556
1K,SCHEME_B_ACCEPTED,kaiser,cutoff_hz=520;kaiser_beta=3,26,-0.000187827264647233
1K,SCHEME_B_ACCEPTED,kaiser,cutoff_hz=520;kaiser_beta=3,27,-0.000195134722013402
1K,SCHEME_B_ACCEPTED,kaiser,cutoff_hz=520;kaiser_beta=3,28,-0.000202371831240738
1K,SCHEME_B_ACCEPTED,kaiser,cutoff_hz=520;kaiser_beta=3,29,-0.000209527072920719
1K,SCHEME_B_ACCEPTED,kaiser,cutoff_hz=520;kaiser_beta=3,30,-0.000216588803908721
1K,SCHEME_B_ACCEPTED,kaiser,cutoff_hz=520;kaiser_beta=3,31,-0.000223545271418947
1K,SCHEME_B_ACCEPTED,kaiser,cutoff_hz=520;kaiser_beta=3,32,-0.000230384627504409
1K,SCHEME_B_ACCEPTED,kaiser,cutoff_hz=520;kaiser_beta=3,33,-0.000237094943907524
1K,SCHEME_B_ACCEPTED,kaiser,cutoff_hz=520;kaiser_beta=3,34,-0.000243664227266137
1K,SCHEME_B_ACCEPTED,kaiser,cutoff_hz=520;kaiser_beta=3,35,-0.000250080434659127
1K,SCHEME_B_ACCEPTED,kaiser,cutoff_hz=520;kaiser_beta=3,36,-0.000256331489475064
1K,SCHEME_B_ACCEPTED,kaiser,cutoff_hz=520;kaiser_beta=3,37,-0.000262405297586732
1K,SCHEME_B_ACCEPTED,kaiser,cutoff_hz=520;kaiser_beta=3,38,-0.000268289763813694
1K,SCHEME_B_ACCEPTED,kaiser,cutoff_hz=520;kaiser_beta=3,39,-0.000273972808654428
1K,SCHEME_B_ACCEPTED,kaiser,cutoff_hz=520;kaiser_beta=3,40,-0.000279442385268988
1K,SCHEME_B_ACCEPTED,kaiser,cutoff_hz=520;kaiser_beta=3,41,-0.00028468649669252
1K,SCHEME_B_ACCEPTED,kaiser,cutoff_hz=520;kaiser_beta=3,42,-0.000289693213259426
1K,SCHEME_B_ACCEPTED,kaiser,cutoff_hz=520;kaiser_beta=3,43,-0.000294450690217384
1K,SCHEME_B_ACCEPTED,kaiser,cutoff_hz=520;kaiser_beta=3,44,-0.000298947185509944
1K,SCHEME_B_ACCEPTED,kaiser,cutoff_hz=520;kaiser_beta=3,45,-0.000303171077705875
1K,SCHEME_B_ACCEPTED,kaiser,cutoff_hz=520;kaiser_beta=3,46,-0.000307110884053006
1K,SCHEME_B_ACCEPTED,kaiser,cutoff_hz=520;kaiser_beta=3,47,-0.000310755278633789
1K,SCHEME_B_ACCEPTED,kaiser,cutoff_hz=520;kaiser_beta=3,48,-0.000314093110599436
1K,SCHEME_B_ACCEPTED,kaiser,cutoff_hz=520;kaiser_beta=3,49,-0.000317113422459042
1K,SCHEME_B_ACCEPTED,kaiser,cutoff_hz=520;kaiser_beta=3,50,-0.000319805468399745
1K,SCHEME_B_ACCEPTED,kaiser,cutoff_hz=520;kaiser_beta=3,51,-0.000322158732613618
1K,SCHEME_B_ACCEPTED,kaiser,cutoff_hz=520;kaiser_beta=3,52,-0.00032416294760667
1K,SCHEME_B_ACCEPTED,kaiser,cutoff_hz=520;kaiser_beta=3,53,-0.000325808112465037
1K,SCHEME_B_ACCEPTED,kaiser,cutoff_hz=520;kaiser_beta=3,54,-0.00032708451105319
1K,SCHEME_B_ACCEPTED,kaiser,cutoff_hz=520;kaiser_beta=3,55,-0.000327982730118748
1K,SCHEME_B_ACCEPTED,kaiser,cutoff_hz=520;kaiser_beta=3,56,-0.000328493677278286
1K,SCHEME_B_ACCEPTED,kaiser,cutoff_hz=520;kaiser_beta=3,57,-0.00032860859885837
1K,SCHEME_B_ACCEPTED,kaiser,cutoff_hz=520;kaiser_beta=3,58,-0.000328319097565893
1K,SCHEME_B_ACCEPTED,kaiser,cutoff_hz=520;kaiser_beta=3,59,-0.000327617149961719
1K,SCHEME_B_ACCEPTED,kaiser,cutoff_hz=520;kaiser_beta=3,60,-0.00032649512371152
1K,SCHEME_B_ACCEPTED,kaiser,cutoff_hz=520;kaiser_beta=3,61,-0.000324945794587727
1K,SCHEME_B_ACCEPTED,kaiser,cutoff_hz=520;kaiser_beta=3,62,-0.000322962363196438
1K,SCHEME_B_ACCEPTED,kaiser,cutoff_hz=520;kaiser_beta=3,63,-0.000320538471403218
1K,SCHEME_B_ACCEPTED,kaiser,cutoff_hz=520;kaiser_beta=3,64,-0.000317668218431776
1K,SCHEME_B_ACCEPTED,kaiser,cutoff_hz=520;kaiser_beta=3,65,-0.00031434617660958
1K,SCHEME_B_ACCEPTED,kaiser,cutoff_hz=520;kaiser_beta=3,66,-0.000310567406734664
1K,SCHEME_B_ACCEPTED,kaiser,cutoff_hz=520;kaiser_beta=3,67,-0.00030632747303801
1K,SCHEME_B_ACCEPTED,kaiser,cutoff_hz=520;kaiser_beta=3,68,-0.000301622457716102
1K,SCHEME_B_ACCEPTED,kaiser,cutoff_hz=520;kaiser_beta=3,69,-0.000296448975008538
1K,SCHEME_B_ACCEPTED,kaiser,cutoff_hz=520;kaiser_beta=3,70,-0.0002908041847958
1K,SCHEME_B_ACCEPTED,kaiser,cutoff_hz=520;kaiser_beta=3,71,-0.00028468580569266
1K,SCHEME_B_ACCEPTED,kaiser,cutoff_hz=520;kaiser_beta=3,72,-0.000278092127613006
1K,SCHEME_B_ACCEPTED,kaiser,cutoff_hz=520;kaiser_beta=3,73,-0.000271022023782305
1K,SCHEME_B_ACCEPTED,kaiser,cutoff_hz=520;kaiser_beta=3,74,-0.000263474962174291
1K,SCHEME_B_ACCEPTED,kaiser,cutoff_hz=520;kaiser_beta=3,75,-0.00025545101634898
1K,SCHEME_B_ACCEPTED,kaiser,cutoff_hz=520;kaiser_beta=3,76,-0.000246950875669563
1K,SCHEME_B_ACCEPTED,kaiser,cutoff_hz=520;kaiser_beta=3,77,-0.000237975854876274
1K,SCHEME_B_ACCEPTED,kaiser,cutoff_hz=520;kaiser_beta=3,78,-0.000228527902995916
1K,SCHEME_B_ACCEPTED,kaiser,cutoff_hz=520;kaiser_beta=3,79,-0.000218609611566258
1K,SCHEME_B_ACCEPTED,kaiser,cutoff_hz=520;kaiser_beta=3,80,-0.00020822422215524
1K,SCHEME_B_ACCEPTED,kaiser,cutoff_hz=520;kaiser_beta=3,81,-0.000197375633155484
1K,SCHEME_B_ACCEPTED,kaiser,cutoff_hz=520;kaiser_beta=3,82,-0.000186068405835395
1K,SCHEME_B_ACCEPTED,kaiser,cutoff_hz=520;kaiser_beta=3,83,-0.000174307769628796
1K,SCHEME_B_ACCEPTED,kaiser,cutoff_hz=520;kaiser_beta=3,84,-0.000162099626645842
1K,SCHEME_B_ACCEPTED,kaiser,cutoff_hz=520;kaiser_beta=3,85,-0.000149450555388712
1K,SCHEME_B_ACCEPTED,kaiser,cutoff_hz=520;kaiser_beta=3,86,-0.000136367813656429
1K,SCHEME_B_ACCEPTED,kaiser,cutoff_hz=520;kaiser_beta=3,87,-0.000122859340623985
1K,SCHEME_B_ACCEPTED,kaiser,cutoff_hz=520;kaiser_beta=3,88,-0.000108933758081826
1K,SCHEME_B_ACCEPTED,kaiser,cutoff_hz=520;kaiser_beta=3,89,-9.46003708226484e-05
1K,SCHEME_B_ACCEPTED,kaiser,cutoff_hz=520;kaiser_beta=3,90,-7.98691661634196e-05
1K,SCHEME_B_ACCEPTED,kaiser,cutoff_hz=520;kaiser_beta=3,91,-6.47508125914299e-05
1K,SCHEME_B_ACCEPTED,kaiser,cutoff_hz=520;kaiser_beta=3,92,-4.92566575242362e-05
1K,SCHEME_B_ACCEPTED,kaiser,cutoff_hz=520;kaiser_beta=3,93,-3.33987241742773e-05
1K,SCHEME_B_ACCEPTED,kaiser,cutoff_hz=520;kaiser_beta=3,94,-1.71897075100511e-05
1K,SCHEME_B_ACCEPTED,kaiser,cutoff_hz=520;kaiser_beta=3,95,-6.42969306717991e-07
1K,SCHEME_B_ACCEPTED,kaiser,cutoff_hz=520;kaiser_beta=3,96,1.62274677199102e-05
1K,SCHEME_B_ACCEPTED,kaiser,cutoff_hz=520;kaiser_beta=3,97,3.34069267009228e-05
1K,SCHEME_B_ACCEPTED,kaiser,cutoff_hz=520;kaiser_beta=3,98,5.08800843273073e-05
1K,SCHEME_B_ACCEPTED,kaiser,cutoff_hz=520;kaiser_beta=3,99,6.86309794910753e-05
1K,SCHEME_B_ACCEPTED,kaiser,cutoff_hz=520;kaiser_beta=3,100,8.6643022856154e-05
1K,SCHEME_B_ACCEPTED,kaiser,cutoff_hz=520;kaiser_beta=3,101,0.000104899007359493
1K,SCHEME_B_ACCEPTED,kaiser,cutoff_hz=520;kaiser_beta=3,102,0.000123381119641655
1K,SCHEME_B_ACCEPTED,kaiser,cutoff_hz=520;kaiser_beta=3,103,0.000142070952405048
1K,SCHEME_B_ACCEPTED,kaiser,cutoff_hz=520;kaiser_beta=3,104,0.000160949517696713
1K,SCHEME_B_ACCEPTED,kaiser,cutoff_hz=520;kaiser_beta=3,105,0.00017999726111143
1K,SCHEME_B_ACCEPTED,kaiser,cutoff_hz=520;kaiser_beta=3,106,0.000199194076909696
1K,SCHEME_B_ACCEPTED,kaiser,cutoff_hz=520;kaiser_beta=3,107,0.000218519324043929
1K,SCHEME_B_ACCEPTED,kaiser,cutoff_hz=520;kaiser_beta=3,108,0.000237951843085037
1K,SCHEME_B_ACCEPTED,kaiser,cutoff_hz=520;kaiser_beta=3,109,0.000257469974040302
1K,SCHEME_B_ACCEPTED,kaiser,cutoff_hz=520;kaiser_beta=3,110,0.0002770515750523
1K,SCHEME_B_ACCEPTED,kaiser,cutoff_hz=520;kaiser_beta=3,111,0.000296674041967373
1K,SCHEME_B_ACCEPTED,kaiser,cutoff_hz=520;kaiser_beta=3,112,0.000316314328760988
1K,SCHEME_B_ACCEPTED,kaiser,cutoff_hz=520;kaiser_beta=3,113,0.000335948968806054
1K,SCHEME_B_ACCEPTED,kaiser,cutoff_hz=520;kaiser_beta=3,114,0.000355554096969149
1K,SCHEME_B_ACCEPTED,kaiser,cutoff_hz=520;kaiser_beta=3,115,0.000375105472518355
1K,SCHEME_B_ACCEPTED,kaiser,cutoff_hz=520;kaiser_beta=3,116,0.000394578502825237
1K,SCHEME_B_ACCEPTED,kaiser,cutoff_hz=520;kaiser_beta=3,117,0.000413948267842339
1K,SCHEME_B_ACCEPTED,kaiser,cutoff_hz=520;kaiser_beta=3,118,0.000433189545336393
1K,SCHEME_B_ACCEPTED,kaiser,cutoff_hz=520;kaiser_beta=3,119,0.000452276836856301
1K,SCHEME_B_ACCEPTED,kaiser,cutoff_hz=520;kaiser_beta=3,120,0.000471184394413789
1K,SCHEME_B_ACCEPTED,kaiser,cutoff_hz=520;kaiser_beta=3,121,0.000489886247853558
1K,SCHEME_B_ACCEPTED,kaiser,cutoff_hz=520;kaiser_beta=3,122,0.000508356232888618
1K,SCHEME_B_ACCEPTED,kaiser,cutoff_hz=520;kaiser_beta=3,123,0.000526568019775411
1K,SCHEME_B_ACCEPTED,kaiser,cutoff_hz=520;kaiser_beta=3,124,0.000544495142602311
1K,SCHEME_B_ACCEPTED,kaiser,cutoff_hz=520;kaiser_beta=3,125,0.00056211102916397
1K,SCHEME_B_ACCEPTED,kaiser,cutoff_hz=520;kaiser_beta=3,126,0.000579389031393072
1K,SCHEME_B_ACCEPTED,kaiser,cutoff_hz=520;kaiser_beta=3,127,0.000596302456319945
1K,SCHEME_B_ACCEPTED,kaiser,cutoff_hz=520;kaiser_beta=3,128,0.00061282459752963
1K,SCHEME_B_ACCEPTED,kaiser,cutoff_hz=520;kaiser_beta=3,129,0.000628928767084982
1K,SCHEME_B_ACCEPTED,kaiser,cutoff_hz=520;kaiser_beta=3,130,0.000644588327883531
1K,SCHEME_B_ACCEPTED,kaiser,cutoff_hz=520;kaiser_beta=3,131,0.00065977672641493
1K,SCHEME_B_ACCEPTED,kaiser,cutoff_hz=520;kaiser_beta=3,132,0.000674467525884963
1K,SCHEME_B_ACCEPTED,kaiser,cutoff_hz=520;kaiser_beta=3,133,0.000688634439671314
1K,SCHEME_B_ACCEPTED,kaiser,cutoff_hz=520;kaiser_beta=3,134,0.000702251365075479
1K,SCHEME_B_ACCEPTED,kaiser,cutoff_hz=520;kaiser_beta=3,135,0.000715292417334485
1K,SCHEME_B_ACCEPTED,kaiser,cutoff_hz=520;kaiser_beta=3,136,0.000727731963855397
1K,SCHEME_B_ACCEPTED,kaiser,cutoff_hz=520;kaiser_beta=3,137,0.000739544658634878
1K,SCHEME_B_ACCEPTED,kaiser,cutoff_hz=520;kaiser_beta=3,138,0.000750705476825504
1K,SCHEME_B_ACCEPTED,kaiser,cutoff_hz=520;kaiser_beta=3,139,0.000761189749409903
1K,SCHEME_B_ACCEPTED,kaiser,cutoff_hz=520;kaiser_beta=3,140,0.000770973197943276
1K,SCHEME_B_ACCEPTED,kaiser,cutoff_hz=520;kaiser_beta=3,141,0.000780031969324343
1K,SCHEME_B_ACCEPTED,kaiser,cutoff_hz=520;kaiser_beta=3,142,0.000788342670554306
1K,SCHEME_B_ACCEPTED,kaiser,cutoff_hz=520;kaiser_beta=3,143,0.000795882403443014
1K,SCHEME_B_ACCEPTED,kaiser,cutoff_hz=520;kaiser_beta=3,144,0.000802628799221138
1K,SCHEME_B_ACCEPTED,kaiser,cutoff_hz=520;kaiser_beta=3,145,0.000808560053016867
1K,SCHEME_B_ACCEPTED,kaiser,cutoff_hz=520;kaiser_beta=3,146,0.000813654958155323
1K,SCHEME_B_ACCEPTED,kaiser,cutoff_hz=520;kaiser_beta=3,147,0.000817892940238728
1K,SCHEME_B_ACCEPTED,kaiser,cutoff_hz=520;kaiser_beta=3,148,0.000821254090965111
1K,SCHEME_B_ACCEPTED,kaiser,cutoff_hz=520;kaiser_beta=3,149,0.00082371920164328
1K,SCHEME_B_ACCEPTED,kaiser,cutoff_hz=520;kaiser_beta=3,150,0.000825269796361661
1K,SCHEME_B_ACCEPTED,kaiser,cutoff_hz=520;kaiser_beta=3,151,0.000825888164768591
1K,SCHEME_B_ACCEPTED,kaiser,cutoff_hz=520;kaiser_beta=3,152,0.000825557394421702
1K,SCHEME_B_ACCEPTED,kaiser,cutoff_hz=520;kaiser_beta=3,153,0.00082426140266405
1K,SCHEME_B_ACCEPTED,kaiser,cutoff_hz=520;kaiser_beta=3,154,0.000821984967984832
1K,SCHEME_B_ACCEPTED,kaiser,cutoff_hz=520;kaiser_beta=3,155,0.000818713760822657
1K,SCHEME_B_ACCEPTED,kaiser,cutoff_hz=520;kaiser_beta=3,156,0.000814434373769606
1K,SCHEME_B_ACCEPTED,kaiser,cutoff_hz=520;kaiser_beta=3,157,0.000809134351134557
1K,SCHEME_B_ACCEPTED,kaiser,cutoff_hz=520;kaiser_beta=3,158,0.000802802217824629
1K,SCHEME_B_ACCEPTED,kaiser,cutoff_hz=520;kaiser_beta=3,159,0.000795427507503928
1K,SCHEME_B_ACCEPTED,kaiser,cutoff_hz=520;kaiser_beta=3,160,0.000787000789989267
1K,SCHEME_B_ACCEPTED,kaiser,cutoff_hz=520;kaiser_beta=3,161,0.000777513697842981
1K,SCHEME_B_ACCEPTED,kaiser,cutoff_hz=520;kaiser_beta=3,162,0.000766958952123501
1K,SCHEME_B_ACCEPTED,kaiser,cutoff_hz=520;kaiser_beta=3,163,0.000755330387254973
1K,SCHEME_B_ACCEPTED,kaiser,cutoff_hz=520;kaiser_beta=3,164,0.000742622974977799
1K,SCHEME_B_ACCEPTED,kaiser,cutoff_hz=520;kaiser_beta=3,165,0.000728832847342704
1K,SCHEME_B_ACCEPTED,kaiser,cutoff_hz=520;kaiser_beta=3,166,0.000713957318711666
1K,SCHEME_B_ACCEPTED,kaiser,cutoff_hz=520;kaiser_beta=3,167,0.000697994906729821
1K,SCHEME_B_ACCEPTED,kaiser,cutoff_hz=520;kaiser_beta=3,168,0.000680945352233326
1K,SCHEME_B_ACCEPTED,kaiser,cutoff_hz=520;kaiser_beta=3,169,0.000662809638059002
1K,SCHEME_B_ACCEPTED,kaiser,cutoff_hz=520;kaiser_beta=3,170,0.000643590006722579
1K,SCHEME_B_ACCEPTED,kaiser,cutoff_hz=520;kaiser_beta=3,171,0.000623289976933287
1K,SCHEME_B_ACCEPTED,kaiser,cutoff_hz=520;kaiser_beta=3,172,0.000601914358913586
1K,SCHEME_B_ACCEPTED,kaiser,cutoff_hz=520;kaiser_beta=3,173,0.000579469268493945
1K,SCHEME_B_ACCEPTED,kaiser,cutoff_hz=520;kaiser_beta=3,174,0.000555962139953599
1K,SCHEME_B_ACCEPTED,kaiser,cutoff_hz=520;kaiser_beta=3,175,0.000531401737579491
1K,SCHEME_B_ACCEPTED,kaiser,cutoff_hz=520;kaiser_beta=3,176,0.000505798165916706
1K,SCHEME_B_ACCEPTED,kaiser,cutoff_hz=520;kaiser_beta=3,177,0.000479162878685025
1K,SCHEME_B_ACCEPTED,kaiser,cutoff_hz=520;kaiser_beta=3,178,0.00045150868633746
1K,SCHEME_B_ACCEPTED,kaiser,cutoff_hz=520;kaiser_beta=3,179,0.000422849762237971
1K,SCHEME_B_ACCEPTED,kaiser,cutoff_hz=520;kaiser_beta=3,180,0.000393201647436954
1K,SCHEME_B_ACCEPTED,kaiser,cutoff_hz=520;kaiser_beta=3,181,0.000362581254024405
1K,SCHEME_B_ACCEPTED,kaiser,cutoff_hz=520;kaiser_beta=3,182,0.000331006867042209
1K,SCHEME_B_ACCEPTED,kaiser,cutoff_hz=520;kaiser_beta=3,183,0.000298498144938352
1K,SCHEME_B_ACCEPTED,kaiser,cutoff_hz=520;kaiser_beta=3,184,0.000265076118547425
1K,SCHEME_B_ACCEPTED,kaiser,cutoff_hz=520;kaiser_beta=3,185,0.000230763188583291
1K,SCHEME_B_ACCEPTED,kaiser,cutoff_hz=520;kaiser_beta=3,186,0.000195583121631322
1K,SCHEME_B_ACCEPTED,kaiser,cutoff_hz=520;kaiser_beta=3,187,0.00015956104462923
1K,SCHEME_B_ACCEPTED,kaiser,cutoff_hz=520;kaiser_beta=3,188,0.000122723437827064
1K,SCHEME_B_ACCEPTED,kaiser,cutoff_hz=520;kaiser_beta=3,189,8.50981262186466e-05
1K,SCHEME_B_ACCEPTED,kaiser,cutoff_hz=520;kaiser_beta=3,190,4.67142694383121e-05
1K,SCHEME_B_ACCEPTED,kaiser,cutoff_hz=520;kaiser_beta=3,191,7.60235011849382e-06
1K,SCHEME_B_ACCEPTED,kaiser,cutoff_hz=520;kaiser_beta=3,192,-3.22058392945692e-05
1K,SCHEME_B_ACCEPTED,kaiser,cutoff_hz=520;kaiser_beta=3,193,-7.26772112680926e-05
1K,SCHEME_B_ACCEPTED,kaiser,cutoff_hz=520;kaiser_beta=3,194,-0.000113777399452292
1K,SCHEME_B_ACCEPTED,kaiser,cutoff_hz=520;kaiser_beta=3,195,-0.000155470776489821
1K,SCHEME_B_ACCEPTED,kaiser,cutoff_hz=520;kaiser_beta=3,196,-0.000197720473360985
1K,SCHEME_B_ACCEPTED,kaiser,cutoff_hz=520;kaiser_beta=3,197,-0.000240488400258813
1K,SCHEME_B_ACCEPTED,kaiser,cutoff_hz=520;kaiser_beta=3,198,-0.000283735268986392
1K,SCHEME_B_ACCEPTED,kaiser,cutoff_hz=520;kaiser_beta=3,199,-0.000327420616867036
1K,SCHEME_B_ACCEPTED,kaiser,cutoff_hz=520;kaiser_beta=3,200,-0.000371502832156137
1K,SCHEME_B_ACCEPTED,kaiser,cutoff_hz=520;kaiser_beta=3,201,-0.000415939180941786
1K,SCHEME_B_ACCEPTED,kaiser,cutoff_hz=520;kaiser_beta=3,202,-0.00046068583551947
1K,SCHEME_B_ACCEPTED,kaiser,cutoff_hz=520;kaiser_beta=3,203,-0.000505697904224413
1K,SCHEME_B_ACCEPTED,kaiser,cutoff_hz=520;kaiser_beta=3,204,-0.000550929462703377
1K,SCHEME_B_ACCEPTED,kaiser,cutoff_hz=520;kaiser_beta=3,205,-0.000596333586605969
1K,SCHEME_B_ACCEPTED,kaiser,cutoff_hz=520;kaiser_beta=3,206,-0.000641862385673819
1K,SCHEME_B_ACCEPTED,kaiser,cutoff_hz=520;kaiser_beta=3,207,-0.000687467039204244
1K,SCHEME_B_ACCEPTED,kaiser,cutoff_hz=520;kaiser_beta=3,208,-0.000733097832863261
1K,SCHEME_B_ACCEPTED,kaiser,cutoff_hz=520;kaiser_beta=3,209,-0.000778704196821246
1K,SCHEME_B_ACCEPTED,kaiser,cutoff_hz=520;kaiser_beta=3,210,-0.000824234745182717
1K,SCHEME_B_ACCEPTED,kaiser,cutoff_hz=520;kaiser_beta=3,211,-0.000869637316680195
1K,SCHEME_B_ACCEPTED,kaiser,cutoff_hz=520;kaiser_beta=3,212,-0.000914859016600364
1K,SCHEME_B_ACCEPTED,kaiser,cutoff_hz=520;kaiser_beta=3,213,-0.000959846259909252
1K,SCHEME_B_ACCEPTED,kaiser,cutoff_hz=520;kaiser_beta=3,214,-0.00100454481554147
1K,SCHEME_B_ACCEPTED,kaiser,cutoff_hz=520;kaiser_beta=3,215,-0.00104889985181711
1K,SCHEME_B_ACCEPTED,kaiser,cutoff_hz=520;kaiser_beta=3,216,-0.00109285598294823
1K,SCHEME_B_ACCEPTED,kaiser,cutoff_hz=520;kaiser_beta=3,217,-0.0011363573165956
1K,SCHEME_B_ACCEPTED,kaiser,cutoff_hz=520;kaiser_beta=3,218,-0.00117934750243469
1K,SCHEME_B_ACCEPTED,kaiser,cutoff_hz=520;kaiser_beta=3,219,-0.00122176978168863
1K,SCHEME_B_ACCEPTED,kaiser,cutoff_hz=520;kaiser_beta=3,220,-0.00126356703758434
1K,SCHEME_B_ACCEPTED,kaiser,cutoff_hz=520;kaiser_beta=3,221,-0.001304681846687
1K,SCHEME_B_ACCEPTED,kaiser,cutoff_hz=520;kaiser_beta=3,222,-0.00134505653106631
1K,SCHEME_B_ACCEPTED,kaiser,cutoff_hz=520;kaiser_beta=3,223,-0.00138463321124702
1K,SCHEME_B_ACCEPTED,kaiser,cutoff_hz=520;kaiser_beta=3,224,-0.00142335385989503
1K,SCHEME_B_ACCEPTED,kaiser,cutoff_hz=520;kaiser_beta=3,225,-0.00146116035618899
1K,SCHEME_B_ACCEPTED,kaiser,cutoff_hz=520;kaiser_beta=3,226,-0.0014979945408264
1K,SCHEME_B_ACCEPTED,kaiser,cutoff_hz=520;kaiser_beta=3,227,-0.00153379827161205
1K,SCHEME_B_ACCEPTED,kaiser,cutoff_hz=520;kaiser_beta=3,228,-0.00156851347957572
1K,SCHEME_B_ACCEPTED,kaiser,cutoff_hz=520;kaiser_beta=3,229,-0.00160208222556503
1K,SCHEME_B_ACCEPTED,kaiser,cutoff_hz=520;kaiser_beta=3,230,-0.00163444675725836
1K,SCHEME_B_ACCEPTED,kaiser,cutoff_hz=520;kaiser_beta=3,231,-0.00166554956654221
1K,SCHEME_B_ACCEPTED,kaiser,cutoff_hz=520;kaiser_beta=3,232,-0.00169533344719613
1K,SCHEME_B_ACCEPTED,kaiser,cutoff_hz=520;kaiser_beta=3,233,-0.00172374155282802
1K,SCHEME_B_ACCEPTED,kaiser,cutoff_hz=520;kaiser_beta=3,234,-0.00175071745500176
1K,SCHEME_B_ACCEPTED,kaiser,cutoff_hz=520;kaiser_beta=3,235,-0.0017762052014984
1K,SCHEME_B_ACCEPTED,kaiser,cutoff_hz=520;kaiser_beta=3,236,-0.00180014937465194
1K,SCHEME_B_ACCEPTED,kaiser,cutoff_hz=520;kaiser_beta=3,237,-0.00182249514969975
1K,SCHEME_B_ACCEPTED,kaiser,cutoff_hz=520;kaiser_beta=3,238,-0.00184318835308778
1K,SCHEME_B_ACCEPTED,kaiser,cutoff_hz=520;kaiser_beta=3,239,-0.00186217552066988
1K,SCHEME_B_ACCEPTED,kaiser,cutoff_hz=520;kaiser_beta=3,240,-0.00187940395574066
1K,SCHEME_B_ACCEPTED,kaiser,cutoff_hz=520;kaiser_beta=3,241,-0.00189482178684069
1K,SCHEME_B_ACCEPTED,kaiser,cutoff_hz=520;kaiser_beta=3,242,-0.00190837802527317
1K,SCHEME_B_ACCEPTED,kaiser,cutoff_hz=520;kaiser_beta=3,243,-0.00192002262227043
1K,SCHEME_B_ACCEPTED,kaiser,cutoff_hz=520;kaiser_beta=3,244,-0.00192970652574938
1K,SCHEME_B_ACCEPTED,kaiser,cutoff_hz=520;kaiser_beta=3,245,-0.00193738173659438
1K,SCHEME_B_ACCEPTED,kaiser,cutoff_hz=520;kaiser_beta=3,246,-0.00194300136440653
1K,SCHEME_B_ACCEPTED,kaiser,cutoff_hz=520;kaiser_beta=3,247,-0.00194651968265833
1K,SCHEME_B_ACCEPTED,kaiser,cutoff_hz=520;kaiser_beta=3,248,-0.0019478921831931
1K,SCHEME_B_ACCEPTED,kaiser,cutoff_hz=520;kaiser_beta=3,249,-0.00194707563000856
1K,SCHEME_B_ACCEPTED,kaiser,cutoff_hz=520;kaiser_beta=3,250,-0.00194402811226479
1K,SCHEME_B_ACCEPTED,kaiser,cutoff_hz=520;kaiser_beta=3,251,-0.00193870909645667
1K,SCHEME_B_ACCEPTED,kaiser,cutoff_hz=520;kaiser_beta=3,252,-0.00193107947769203
1K,SCHEME_B_ACCEPTED,kaiser,cutoff_hz=520;kaiser_beta=3,253,-0.0019211016300168
1K,SCHEME_B_ACCEPTED,kaiser,cutoff_hz=520;kaiser_beta=3,254,-0.00190873945572935
1K,SCHEME_B_ACCEPTED,kaiser,cutoff_hz=520;kaiser_beta=3,255,-0.00189395843362699
1K,SCHEME_B_ACCEPTED,kaiser,cutoff_hz=520;kaiser_beta=3,256,-0.00187672566612821
1K,SCHEME_B_ACCEPTED,kaiser,cutoff_hz=520;kaiser_beta=3,257,-0.00185700992521509
1K,SCHEME_B_ACCEPTED,kaiser,cutoff_hz=520;kaiser_beta=3,258,-0.00183478169714144
1K,SCHEME_B_ACCEPTED,kaiser,cutoff_hz=520;kaiser_beta=3,259,-0.00181001322585301
1K,SCHEME_B_ACCEPTED,kaiser,cutoff_hz=520;kaiser_beta=3,260,-0.00178267855506706
1K,SCHEME_B_ACCEPTED,kaiser,cutoff_hz=520;kaiser_beta=3,261,-0.00175275356896014
1K,SCHEME_B_ACCEPTED,kaiser,cutoff_hz=520;kaiser_beta=3,262,-0.00172021603141342
1K,SCHEME_B_ACCEPTED,kaiser,cutoff_hz=520;kaiser_beta=3,263,-0.00168504562376679
1K,SCHEME_B_ACCEPTED,kaiser,cutoff_hz=520;kaiser_beta=3,264,-0.00164722398103384
1K,SCHEME_B_ACCEPTED,kaiser,cutoff_hz=520;kaiser_beta=3,265,-0.00160673472653121
1K,SCHEME_B_ACCEPTED,kaiser,cutoff_hz=520;kaiser_beta=3,266,-0.00156356350487746
1K,SCHEME_B_ACCEPTED,kaiser,cutoff_hz=520;kaiser_beta=3,267,-0.0015176980133177
1K,SCHEME_B_ACCEPTED,kaiser,cutoff_hz=520;kaiser_beta=3,268,-0.00146912803133208
1K,SCHEME_B_ACCEPTED,kaiser,cutoff_hz=520;kaiser_beta=3,269,-0.00141784544848748
1K,SCHEME_B_ACCEPTED,kaiser,cutoff_hz=520;kaiser_beta=3,270,-0.0013638442904937
1K,SCHEME_B_ACCEPTED,kaiser,cutoff_hz=520;kaiser_beta=3,271,-0.00130712074342685
1K,SCHEME_B_ACCEPTED,kaiser,cutoff_hz=520;kaiser_beta=3,272,-0.00124767317608439
1K,SCHEME_B_ACCEPTED,kaiser,cutoff_hz=520;kaiser_beta=3,273,-0.00118550216043827
1K,SCHEME_B_ACCEPTED,kaiser,cutoff_hz=520;kaiser_beta=3,274,-0.00112061049015406
1K,SCHEME_B_ACCEPTED,kaiser,cutoff_hz=520;kaiser_beta=3,275,-0.0010530031971461
1K,SCHEME_B_ACCEPTED,kaiser,cutoff_hz=520;kaiser_beta=3,276,-0.000982687566140528
1K,SCHEME_B_ACCEPTED,kaiser,cutoff_hz=520;kaiser_beta=3,277,-0.000909673147219792
1K,SCHEME_B_ACCEPTED,kaiser,cutoff_hz=520;kaiser_beta=3,278,-0.000833971766324537
1K,SCHEME_B_ACCEPTED,kaiser,cutoff_hz=520;kaiser_beta=3,279,-0.000755597533690482
1K,SCHEME_B_ACCEPTED,kaiser,cutoff_hz=520;kaiser_beta=3,280,-0.000674566850200058
1K,SCHEME_B_ACCEPTED,kaiser,cutoff_hz=520;kaiser_beta=3,281,-0.00059089841163068
1K,SCHEME_B_ACCEPTED,kaiser,cutoff_hz=520;kaiser_beta=3,282,-0.000504613210783506
1K,SCHEME_B_ACCEPTED,kaiser,cutoff_hz=520;kaiser_beta=3,283,-0.000415734537478779
1K,SCHEME_B_ACCEPTED,kaiser,cutoff_hz=520;kaiser_beta=3,284,-0.000324287976405896
1K,SCHEME_B_ACCEPTED,kaiser,cutoff_hz=520;kaiser_beta=3,285,-0.000230301402818587
1K,SCHEME_B_ACCEPTED,kaiser,cutoff_hz=520;kaiser_beta=3,286,-0.000133804976067715
1K,SCHEME_B_ACCEPTED,kaiser,cutoff_hz=520;kaiser_beta=3,287,-3.48311309664674e-05
1K,SCHEME_B_ACCEPTED,kaiser,cutoff_hz=520;kaiser_beta=3,288,6.65854330151345e-05
1K,SCHEME_B_ACCEPTED,kaiser,cutoff_hz=520;kaiser_beta=3,289,0.000170407764727178
1K,SCHEME_B_ACCEPTED,kaiser,cutoff_hz=520;kaiser_beta=3,290,0.000276596676486877
1K,SCHEME_B_ACCEPTED,kaiser,cutoff_hz=520;kaiser_beta=3,291,0.000385110761391923
1K,SCHEME_B_ACCEPTED,kaiser,cutoff_hz=520;kaiser_beta=3,292,0.000495906412794299
1K,SCHEME_B_ACCEPTED,kaiser,cutoff_hz=520;kaiser_beta=3,293,0.000608937845926339
1K,SCHEME_B_ACCEPTED,kaiser,cutoff_hz=520;kaiser_beta=3,294,0.000724157121668589
1K,SCHEME_B_ACCEPTED,kaiser,cutoff_hz=520;kaiser_beta=3,295,0.000841514172446824
1K,SCHEME_B_ACCEPTED,kaiser,cutoff_hz=520;kaiser_beta=3,296,0.000960956830243219
1K,SCHEME_B_ACCEPTED,kaiser,cutoff_hz=520;kaiser_beta=3,297,0.00108243085670455
1K,SCHEME_B_ACCEPTED,kaiser,cutoff_hz=520;kaiser_beta=3,298,0.001205879975328
1K,SCHEME_B_ACCEPTED,kaiser,cutoff_hz=520;kaiser_beta=3,299,0.00133124590570296
1K,SCHEME_B_ACCEPTED,kaiser,cutoff_hz=520;kaiser_beta=3,300,0.00145846839978494
1K,SCHEME_B_ACCEPTED,kaiser,cutoff_hz=520;kaiser_beta=3,301,0.00158748528017574
1K,SCHEME_B_ACCEPTED,kaiser,cutoff_hz=520;kaiser_beta=3,302,0.00171823248038153
1K,SCHEME_B_ACCEPTED,kaiser,cutoff_hz=520;kaiser_beta=3,303,0.00185064408701862
1K,SCHEME_B_ACCEPTED,kaiser,cutoff_hz=520;kaiser_beta=3,304,0.00198465238393451
1K,SCHEME_B_ACCEPTED,kaiser,cutoff_hz=520;kaiser_beta=3,305,0.00212018789820972
1K,SCHEME_B_ACCEPTED,kaiser,cutoff_hz=520;kaiser_beta=3,306,0.00225717944800369
1K,SCHEME_B_ACCEPTED,kaiser,cutoff_hz=520;kaiser_beta=3,307,0.0023955541922064
1K,SCHEME_B_ACCEPTED,kaiser,cutoff_hz=520;kaiser_beta=3,308,0.00253523768185483
1K,SCHEME_B_ACCEPTED,kaiser,cutoff_hz=520;kaiser_beta=3,309,0.00267615391327202
1K,SCHEME_B_ACCEPTED,kaiser,cutoff_hz=520;kaiser_beta=3,310,0.00281822538288404
1K,SCHEME_B_ACCEPTED,kaiser,cutoff_hz=520;kaiser_beta=3,311,0.00296137314366861
1K,SCHEME_B_ACCEPTED,kaiser,cutoff_hz=520;kaiser_beta=3,312,0.00310551686318728
1K,SCHEME_B_ACCEPTED,kaiser,cutoff_hz=520;kaiser_beta=3,313,0.00325057488315112
1K,SCHEME_B_ACCEPTED,kaiser,cutoff_hz=520;kaiser_beta=3,314,0.00339646428046835
1K,SCHEME_B_ACCEPTED,kaiser,cutoff_hz=520;kaiser_beta=3,315,0.00354310092972037
1K,SCHEME_B_ACCEPTED,kaiser,cutoff_hz=520;kaiser_beta=3,316,0.00369039956701138
1K,SCHEME_B_ACCEPTED,kaiser,cutoff_hz=520;kaiser_beta=3,317,0.00383827385513491
1K,SCHEME_B_ACCEPTED,kaiser,cutoff_hz=520;kaiser_beta=3,318,0.00398663644999908
1K,SCHEME_B_ACCEPTED,kaiser,cutoff_hz=520;kaiser_beta=3,319,0.00413539906825116
1K,SCHEME_B_ACCEPTED,kaiser,cutoff_hz=520;kaiser_beta=3,320,0.00428447255604033
1K,SCHEME_B_ACCEPTED,kaiser,cutoff_hz=520;kaiser_beta=3,321,0.00443376695885636
1K,SCHEME_B_ACCEPTED,kaiser,cutoff_hz=520;kaiser_beta=3,322,0.00458319159238051
1K,SCHEME_B_ACCEPTED,kaiser,cutoff_hz=520;kaiser_beta=3,323,0.00473265511428391
1K,SCHEME_B_ACCEPTED,kaiser,cutoff_hz=520;kaiser_beta=3,324,0.00488206559690739
1K,SCHEME_B_ACCEPTED,kaiser,cutoff_hz=520;kaiser_beta=3,325,0.00503133060075556
1K,SCHEME_B_ACCEPTED,kaiser,cutoff_hz=520;kaiser_beta=3,326,0.00518035724873724
1K,SCHEME_B_ACCEPTED,kaiser,cutoff_hz=520;kaiser_beta=3,327,0.00532905230108294
1K,SCHEME_B_ACCEPTED,kaiser,cutoff_hz=520;kaiser_beta=3,328,0.00547732223086973
1K,SCHEME_B_ACCEPTED,kaiser,cutoff_hz=520;kaiser_beta=3,329,0.00562507330008241
1K,SCHEME_B_ACCEPTED,kaiser,cutoff_hz=520;kaiser_beta=3,330,0.00577221163613983
1K,SCHEME_B_ACCEPTED,kaiser,cutoff_hz=520;kaiser_beta=3,331,0.00591864330881406
1K,SCHEME_B_ACCEPTED,kaiser,cutoff_hz=520;kaiser_beta=3,332,0.00606427440746958
1K,SCHEME_B_ACCEPTED,kaiser,cutoff_hz=520;kaiser_beta=3,333,0.00620901111854953
1K,SCHEME_B_ACCEPTED,kaiser,cutoff_hz=520;kaiser_beta=3,334,0.00635275980323507
1K,SCHEME_B_ACCEPTED,kaiser,cutoff_hz=520;kaiser_beta=3,335,0.00649542707520397
1K,SCHEME_B_ACCEPTED,kaiser,cutoff_hz=520;kaiser_beta=3,336,0.00663691987841409
1K,SCHEME_B_ACCEPTED,kaiser,cutoff_hz=520;kaiser_beta=3,337,0.00677714556483727
1K,SCHEME_B_ACCEPTED,kaiser,cutoff_hz=520;kaiser_beta=3,338,0.0069160119720689
1K,SCHEME_B_ACCEPTED,kaiser,cutoff_hz=520;kaiser_beta=3,339,0.00705342750073865
1K,SCHEME_B_ACCEPTED,kaiser,cutoff_hz=520;kaiser_beta=3,340,0.00718930119164754
1K,SCHEME_B_ACCEPTED,kaiser,cutoff_hz=520;kaiser_beta=3,341,0.00732354280255695
1K,SCHEME_B_ACCEPTED,kaiser,cutoff_hz=520;kaiser_beta=3,342,0.00745606288455529
1K,SCHEME_B_ACCEPTED,kaiser,cutoff_hz=520;kaiser_beta=3,343,0.00758677285792796
1K,SCHEME_B_ACCEPTED,kaiser,cutoff_hz=520;kaiser_beta=3,344,0.00771558508745731
1K,SCHEME_B_ACCEPTED,kaiser,cutoff_hz=520;kaiser_beta=3,345,0.00784241295707902
1K,SCHEME_B_ACCEPTED,kaiser,cutoff_hz=520;kaiser_beta=3,346,0.00796717094382217
1K,SCHEME_B_ACCEPTED,kaiser,cutoff_hz=520;kaiser_beta=3,347,0.00808977469096091
1K,SCHEME_B_ACCEPTED,kaiser,cutoff_hz=520;kaiser_beta=3,348,0.00821014108030608
1K,SCHEME_B_ACCEPTED,kaiser,cutoff_hz=520;kaiser_beta=3,349,0.00832818830356605
1K,SCHEME_B_ACCEPTED,kaiser,cutoff_hz=520;kaiser_beta=3,350,0.00844383593270678
1K,SCHEME_B_ACCEPTED,kaiser,cutoff_hz=520;kaiser_beta=3,351,0.00855700498924201
1K,SCHEME_B_ACCEPTED,kaiser,cutoff_hz=520;kaiser_beta=3,352,0.00866761801238545
1K,SCHEME_B_ACCEPTED,kaiser,cutoff_hz=520;kaiser_beta=3,353,0.00877559912599784
1K,SCHEME_B_ACCEPTED,kaiser,cutoff_hz=520;kaiser_beta=3,354,0.00888087410426298
1K,SCHEME_B_ACCEPTED,kaiser,cutoff_hz=520;kaiser_beta=3,355,0.00898337043602781
1K,SCHEME_B_ACCEPTED,kaiser,cutoff_hz=520;kaiser_beta=3,356,0.00908301738774312
1K,SCHEME_B_ACCEPTED,kaiser,cutoff_hz=520;kaiser_beta=3,357,0.00917974606494247
1K,SCHEME_B_ACCEPTED,kaiser,cutoff_hz=520;kaiser_beta=3,358,0.00927348947219863
1K,SCHEME_B_ACCEPTED,kaiser,cutoff_hz=520;kaiser_beta=3,359,0.00936418257149807
1K,SCHEME_B_ACCEPTED,kaiser,cutoff_hz=520;kaiser_beta=3,360,0.00945176233897559
1K,SCHEME_B_ACCEPTED,kaiser,cutoff_hz=520;kaiser_beta=3,361,0.00953616781995277
1K,SCHEME_B_ACCEPTED,kaiser,cutoff_hz=520;kaiser_beta=3,362,0.00961734018222561
1K,SCHEME_B_ACCEPTED,kaiser,cutoff_hz=520;kaiser_beta=3,363,0.00969522276754838
1K,SCHEME_B_ACCEPTED,kaiser,cutoff_hz=520;kaiser_beta=3,364,0.00976976114126238
1K,SCHEME_B_ACCEPTED,kaiser,cutoff_hz=520;kaiser_beta=3,365,0.00984090314002034
1K,SCHEME_B_ACCEPTED,kaiser,cutoff_hz=520;kaiser_beta=3,366,0.00990859891755868
1K,SCHEME_B_ACCEPTED,kaiser,cutoff_hz=520;kaiser_beta=3,367,0.00997280098847226
1K,SCHEME_B_ACCEPTED,kaiser,cutoff_hz=520;kaiser_beta=3,368,0.0100334642699478
1K,SCHEME_B_ACCEPTED,kaiser,cutoff_hz=520;kaiser_beta=3,369,0.0100905461214143
1K,SCHEME_B_ACCEPTED,kaiser,cutoff_hz=520;kaiser_beta=3,370,0.0101440063820709
1K,SCHEME_B_ACCEPTED,kaiser,cutoff_hz=520;kaiser_beta=3,371,0.0101938074062548
1K,SCHEME_B_ACCEPTED,kaiser,cutoff_hz=520;kaiser_beta=3,372,0.0102399140966135
1K,SCHEME_B_ACCEPTED,kaiser,cutoff_hz=520;kaiser_beta=3,373,0.0102822939350489
1K,SCHEME_B_ACCEPTED,kaiser,cutoff_hz=520;kaiser_beta=3,374,0.0103209170114013
1K,SCHEME_B_ACCEPTED,kaiser,cutoff_hz=520;kaiser_beta=3,375,0.0103557560498454
1K,SCHEME_B_ACCEPTED,kaiser,cutoff_hz=520;kaiser_beta=3,376,0.0103867864329719
1K,SCHEME_B_ACCEPTED,kaiser,cutoff_hz=520;kaiser_beta=3,377,0.0104139862235299
1K,SCHEME_B_ACCEPTED,kaiser,cutoff_hz=520;kaiser_beta=3,378,0.0104373361838085
1K,SCHEME_B_ACCEPTED,kaiser,cutoff_hz=520;kaiser_beta=3,379,0.0104568197926392
1K,SCHEME_B_ACCEPTED,kaiser,cutoff_hz=520;kaiser_beta=3,380,0.0104724232600005
1K,SCHEME_B_ACCEPTED,kaiser,cutoff_hz=520;kaiser_beta=3,381,0.010484135539211
1K,SCHEME_B_ACCEPTED,kaiser,cutoff_hz=520;kaiser_beta=3,382,0.0104919483366986
1K,SCHEME_B_ACCEPTED,kaiser,cutoff_hz=520;kaiser_beta=3,383,0.0104958561193363
1K,SCHEME_B_ACCEPTED,kaiser,cutoff_hz=520;kaiser_beta=3,384,0.0104958561193363
1K,SCHEME_B_ACCEPTED,kaiser,cutoff_hz=520;kaiser_beta=3,385,0.0104919483366986
1K,SCHEME_B_ACCEPTED,kaiser,cutoff_hz=520;kaiser_beta=3,386,0.010484135539211
1K,SCHEME_B_ACCEPTED,kaiser,cutoff_hz=520;kaiser_beta=3,387,0.0104724232600005
1K,SCHEME_B_ACCEPTED,kaiser,cutoff_hz=520;kaiser_beta=3,388,0.0104568197926392
1K,SCHEME_B_ACCEPTED,kaiser,cutoff_hz=520;kaiser_beta=3,389,0.0104373361838085
1K,SCHEME_B_ACCEPTED,kaiser,cutoff_hz=520;kaiser_beta=3,390,0.0104139862235299
1K,SCHEME_B_ACCEPTED,kaiser,cutoff_hz=520;kaiser_beta=3,391,0.0103867864329719
1K,SCHEME_B_ACCEPTED,kaiser,cutoff_hz=520;kaiser_beta=3,392,0.0103557560498454
1K,SCHEME_B_ACCEPTED,kaiser,cutoff_hz=520;kaiser_beta=3,393,0.0103209170114013
1K,SCHEME_B_ACCEPTED,kaiser,cutoff_hz=520;kaiser_beta=3,394,0.0102822939350489
1K,SCHEME_B_ACCEPTED,kaiser,cutoff_hz=520;kaiser_beta=3,395,0.0102399140966135
1K,SCHEME_B_ACCEPTED,kaiser,cutoff_hz=520;kaiser_beta=3,396,0.0101938074062548
1K,SCHEME_B_ACCEPTED,kaiser,cutoff_hz=520;kaiser_beta=3,397,0.0101440063820709
1K,SCHEME_B_ACCEPTED,kaiser,cutoff_hz=520;kaiser_beta=3,398,0.0100905461214143
1K,SCHEME_B_ACCEPTED,kaiser,cutoff_hz=520;kaiser_beta=3,399,0.0100334642699478
1K,SCHEME_B_ACCEPTED,kaiser,cutoff_hz=520;kaiser_beta=3,400,0.00997280098847226
1K,SCHEME_B_ACCEPTED,kaiser,cutoff_hz=520;kaiser_beta=3,401,0.00990859891755868
1K,SCHEME_B_ACCEPTED,kaiser,cutoff_hz=520;kaiser_beta=3,402,0.00984090314002034
1K,SCHEME_B_ACCEPTED,kaiser,cutoff_hz=520;kaiser_beta=3,403,0.00976976114126238
1K,SCHEME_B_ACCEPTED,kaiser,cutoff_hz=520;kaiser_beta=3,404,0.00969522276754838
1K,SCHEME_B_ACCEPTED,kaiser,cutoff_hz=520;kaiser_beta=3,405,0.00961734018222561
1K,SCHEME_B_ACCEPTED,kaiser,cutoff_hz=520;kaiser_beta=3,406,0.00953616781995277
1K,SCHEME_B_ACCEPTED,kaiser,cutoff_hz=520;kaiser_beta=3,407,0.00945176233897559
1K,SCHEME_B_ACCEPTED,kaiser,cutoff_hz=520;kaiser_beta=3,408,0.00936418257149807
1K,SCHEME_B_ACCEPTED,kaiser,cutoff_hz=520;kaiser_beta=3,409,0.00927348947219863
1K,SCHEME_B_ACCEPTED,kaiser,cutoff_hz=520;kaiser_beta=3,410,0.00917974606494247
1K,SCHEME_B_ACCEPTED,kaiser,cutoff_hz=520;kaiser_beta=3,411,0.00908301738774312
1K,SCHEME_B_ACCEPTED,kaiser,cutoff_hz=520;kaiser_beta=3,412,0.00898337043602781
1K,SCHEME_B_ACCEPTED,kaiser,cutoff_hz=520;kaiser_beta=3,413,0.00888087410426298
1K,SCHEME_B_ACCEPTED,kaiser,cutoff_hz=520;kaiser_beta=3,414,0.00877559912599784
1K,SCHEME_B_ACCEPTED,kaiser,cutoff_hz=520;kaiser_beta=3,415,0.00866761801238545
1K,SCHEME_B_ACCEPTED,kaiser,cutoff_hz=520;kaiser_beta=3,416,0.00855700498924201
1K,SCHEME_B_ACCEPTED,kaiser,cutoff_hz=520;kaiser_beta=3,417,0.00844383593270678
1K,SCHEME_B_ACCEPTED,kaiser,cutoff_hz=520;kaiser_beta=3,418,0.00832818830356605
1K,SCHEME_B_ACCEPTED,kaiser,cutoff_hz=520;kaiser_beta=3,419,0.00821014108030608
1K,SCHEME_B_ACCEPTED,kaiser,cutoff_hz=520;kaiser_beta=3,420,0.00808977469096091
1K,SCHEME_B_ACCEPTED,kaiser,cutoff_hz=520;kaiser_beta=3,421,0.00796717094382217
1K,SCHEME_B_ACCEPTED,kaiser,cutoff_hz=520;kaiser_beta=3,422,0.00784241295707902
1K,SCHEME_B_ACCEPTED,kaiser,cutoff_hz=520;kaiser_beta=3,423,0.00771558508745731
1K,SCHEME_B_ACCEPTED,kaiser,cutoff_hz=520;kaiser_beta=3,424,0.00758677285792796
1K,SCHEME_B_ACCEPTED,kaiser,cutoff_hz=520;kaiser_beta=3,425,0.00745606288455529
1K,SCHEME_B_ACCEPTED,kaiser,cutoff_hz=520;kaiser_beta=3,426,0.00732354280255695
1K,SCHEME_B_ACCEPTED,kaiser,cutoff_hz=520;kaiser_beta=3,427,0.00718930119164754
1K,SCHEME_B_ACCEPTED,kaiser,cutoff_hz=520;kaiser_beta=3,428,0.00705342750073865
1K,SCHEME_B_ACCEPTED,kaiser,cutoff_hz=520;kaiser_beta=3,429,0.0069160119720689
1K,SCHEME_B_ACCEPTED,kaiser,cutoff_hz=520;kaiser_beta=3,430,0.00677714556483727
1K,SCHEME_B_ACCEPTED,kaiser,cutoff_hz=520;kaiser_beta=3,431,0.00663691987841409
1K,SCHEME_B_ACCEPTED,kaiser,cutoff_hz=520;kaiser_beta=3,432,0.00649542707520397
1K,SCHEME_B_ACCEPTED,kaiser,cutoff_hz=520;kaiser_beta=3,433,0.00635275980323507
1K,SCHEME_B_ACCEPTED,kaiser,cutoff_hz=520;kaiser_beta=3,434,0.00620901111854953
1K,SCHEME_B_ACCEPTED,kaiser,cutoff_hz=520;kaiser_beta=3,435,0.00606427440746958
1K,SCHEME_B_ACCEPTED,kaiser,cutoff_hz=520;kaiser_beta=3,436,0.00591864330881406
1K,SCHEME_B_ACCEPTED,kaiser,cutoff_hz=520;kaiser_beta=3,437,0.00577221163613983
1K,SCHEME_B_ACCEPTED,kaiser,cutoff_hz=520;kaiser_beta=3,438,0.00562507330008241
1K,SCHEME_B_ACCEPTED,kaiser,cutoff_hz=520;kaiser_beta=3,439,0.00547732223086973
1K,SCHEME_B_ACCEPTED,kaiser,cutoff_hz=520;kaiser_beta=3,440,0.00532905230108294
1K,SCHEME_B_ACCEPTED,kaiser,cutoff_hz=520;kaiser_beta=3,441,0.00518035724873724
1K,SCHEME_B_ACCEPTED,kaiser,cutoff_hz=520;kaiser_beta=3,442,0.00503133060075556
1K,SCHEME_B_ACCEPTED,kaiser,cutoff_hz=520;kaiser_beta=3,443,0.00488206559690739
1K,SCHEME_B_ACCEPTED,kaiser,cutoff_hz=520;kaiser_beta=3,444,0.00473265511428391
1K,SCHEME_B_ACCEPTED,kaiser,cutoff_hz=520;kaiser_beta=3,445,0.00458319159238051
1K,SCHEME_B_ACCEPTED,kaiser,cutoff_hz=520;kaiser_beta=3,446,0.00443376695885636
1K,SCHEME_B_ACCEPTED,kaiser,cutoff_hz=520;kaiser_beta=3,447,0.00428447255604033
1K,SCHEME_B_ACCEPTED,kaiser,cutoff_hz=520;kaiser_beta=3,448,0.00413539906825116
1K,SCHEME_B_ACCEPTED,kaiser,cutoff_hz=520;kaiser_beta=3,449,0.00398663644999908
1K,SCHEME_B_ACCEPTED,kaiser,cutoff_hz=520;kaiser_beta=3,450,0.00383827385513491
1K,SCHEME_B_ACCEPTED,kaiser,cutoff_hz=520;kaiser_beta=3,451,0.00369039956701138
1K,SCHEME_B_ACCEPTED,kaiser,cutoff_hz=520;kaiser_beta=3,452,0.00354310092972037
1K,SCHEME_B_ACCEPTED,kaiser,cutoff_hz=520;kaiser_beta=3,453,0.00339646428046835
1K,SCHEME_B_ACCEPTED,kaiser,cutoff_hz=520;kaiser_beta=3,454,0.00325057488315112
1K,SCHEME_B_ACCEPTED,kaiser,cutoff_hz=520;kaiser_beta=3,455,0.00310551686318728
1K,SCHEME_B_ACCEPTED,kaiser,cutoff_hz=520;kaiser_beta=3,456,0.00296137314366861
1K,SCHEME_B_ACCEPTED,kaiser,cutoff_hz=520;kaiser_beta=3,457,0.00281822538288404
1K,SCHEME_B_ACCEPTED,kaiser,cutoff_hz=520;kaiser_beta=3,458,0.00267615391327202
1K,SCHEME_B_ACCEPTED,kaiser,cutoff_hz=520;kaiser_beta=3,459,0.00253523768185483
1K,SCHEME_B_ACCEPTED,kaiser,cutoff_hz=520;kaiser_beta=3,460,0.0023955541922064
1K,SCHEME_B_ACCEPTED,kaiser,cutoff_hz=520;kaiser_beta=3,461,0.00225717944800369
1K,SCHEME_B_ACCEPTED,kaiser,cutoff_hz=520;kaiser_beta=3,462,0.00212018789820972
1K,SCHEME_B_ACCEPTED,kaiser,cutoff_hz=520;kaiser_beta=3,463,0.00198465238393451
1K,SCHEME_B_ACCEPTED,kaiser,cutoff_hz=520;kaiser_beta=3,464,0.00185064408701862
1K,SCHEME_B_ACCEPTED,kaiser,cutoff_hz=520;kaiser_beta=3,465,0.00171823248038153
1K,SCHEME_B_ACCEPTED,kaiser,cutoff_hz=520;kaiser_beta=3,466,0.00158748528017574
1K,SCHEME_B_ACCEPTED,kaiser,cutoff_hz=520;kaiser_beta=3,467,0.00145846839978494
1K,SCHEME_B_ACCEPTED,kaiser,cutoff_hz=520;kaiser_beta=3,468,0.00133124590570296
1K,SCHEME_B_ACCEPTED,kaiser,cutoff_hz=520;kaiser_beta=3,469,0.001205879975328
1K,SCHEME_B_ACCEPTED,kaiser,cutoff_hz=520;kaiser_beta=3,470,0.00108243085670455
1K,SCHEME_B_ACCEPTED,kaiser,cutoff_hz=520;kaiser_beta=3,471,0.000960956830243219
1K,SCHEME_B_ACCEPTED,kaiser,cutoff_hz=520;kaiser_beta=3,472,0.000841514172446824
1K,SCHEME_B_ACCEPTED,kaiser,cutoff_hz=520;kaiser_beta=3,473,0.000724157121668589
1K,SCHEME_B_ACCEPTED,kaiser,cutoff_hz=520;kaiser_beta=3,474,0.000608937845926339
1K,SCHEME_B_ACCEPTED,kaiser,cutoff_hz=520;kaiser_beta=3,475,0.000495906412794299
1K,SCHEME_B_ACCEPTED,kaiser,cutoff_hz=520;kaiser_beta=3,476,0.000385110761391923
1K,SCHEME_B_ACCEPTED,kaiser,cutoff_hz=520;kaiser_beta=3,477,0.000276596676486877
1K,SCHEME_B_ACCEPTED,kaiser,cutoff_hz=520;kaiser_beta=3,478,0.000170407764727178
1K,SCHEME_B_ACCEPTED,kaiser,cutoff_hz=520;kaiser_beta=3,479,6.65854330151345e-05
1K,SCHEME_B_ACCEPTED,kaiser,cutoff_hz=520;kaiser_beta=3,480,-3.48311309664674e-05
1K,SCHEME_B_ACCEPTED,kaiser,cutoff_hz=520;kaiser_beta=3,481,-0.000133804976067715
1K,SCHEME_B_ACCEPTED,kaiser,cutoff_hz=520;kaiser_beta=3,482,-0.000230301402818587
1K,SCHEME_B_ACCEPTED,kaiser,cutoff_hz=520;kaiser_beta=3,483,-0.000324287976405896
1K,SCHEME_B_ACCEPTED,kaiser,cutoff_hz=520;kaiser_beta=3,484,-0.000415734537478779
1K,SCHEME_B_ACCEPTED,kaiser,cutoff_hz=520;kaiser_beta=3,485,-0.000504613210783506
1K,SCHEME_B_ACCEPTED,kaiser,cutoff_hz=520;kaiser_beta=3,486,-0.00059089841163068
1K,SCHEME_B_ACCEPTED,kaiser,cutoff_hz=520;kaiser_beta=3,487,-0.000674566850200058
1K,SCHEME_B_ACCEPTED,kaiser,cutoff_hz=520;kaiser_beta=3,488,-0.000755597533690482
1K,SCHEME_B_ACCEPTED,kaiser,cutoff_hz=520;kaiser_beta=3,489,-0.000833971766324537
1K,SCHEME_B_ACCEPTED,kaiser,cutoff_hz=520;kaiser_beta=3,490,-0.000909673147219792
1K,SCHEME_B_ACCEPTED,kaiser,cutoff_hz=520;kaiser_beta=3,491,-0.000982687566140528
1K,SCHEME_B_ACCEPTED,kaiser,cutoff_hz=520;kaiser_beta=3,492,-0.0010530031971461
1K,SCHEME_B_ACCEPTED,kaiser,cutoff_hz=520;kaiser_beta=3,493,-0.00112061049015406
1K,SCHEME_B_ACCEPTED,kaiser,cutoff_hz=520;kaiser_beta=3,494,-0.00118550216043827
1K,SCHEME_B_ACCEPTED,kaiser,cutoff_hz=520;kaiser_beta=3,495,-0.00124767317608439
1K,SCHEME_B_ACCEPTED,kaiser,cutoff_hz=520;kaiser_beta=3,496,-0.00130712074342685
1K,SCHEME_B_ACCEPTED,kaiser,cutoff_hz=520;kaiser_beta=3,497,-0.0013638442904937
1K,SCHEME_B_ACCEPTED,kaiser,cutoff_hz=520;kaiser_beta=3,498,-0.00141784544848748
1K,SCHEME_B_ACCEPTED,kaiser,cutoff_hz=520;kaiser_beta=3,499,-0.00146912803133208
1K,SCHEME_B_ACCEPTED,kaiser,cutoff_hz=520;kaiser_beta=3,500,-0.0015176980133177
1K,SCHEME_B_ACCEPTED,kaiser,cutoff_hz=520;kaiser_beta=3,501,-0.00156356350487746
1K,SCHEME_B_ACCEPTED,kaiser,cutoff_hz=520;kaiser_beta=3,502,-0.00160673472653121
1K,SCHEME_B_ACCEPTED,kaiser,cutoff_hz=520;kaiser_beta=3,503,-0.00164722398103384
1K,SCHEME_B_ACCEPTED,kaiser,cutoff_hz=520;kaiser_beta=3,504,-0.00168504562376679
1K,SCHEME_B_ACCEPTED,kaiser,cutoff_hz=520;kaiser_beta=3,505,-0.00172021603141342
1K,SCHEME_B_ACCEPTED,kaiser,cutoff_hz=520;kaiser_beta=3,506,-0.00175275356896014
1K,SCHEME_B_ACCEPTED,kaiser,cutoff_hz=520;kaiser_beta=3,507,-0.00178267855506706
1K,SCHEME_B_ACCEPTED,kaiser,cutoff_hz=520;kaiser_beta=3,508,-0.00181001322585301
1K,SCHEME_B_ACCEPTED,kaiser,cutoff_hz=520;kaiser_beta=3,509,-0.00183478169714144
1K,SCHEME_B_ACCEPTED,kaiser,cutoff_hz=520;kaiser_beta=3,510,-0.00185700992521509
1K,SCHEME_B_ACCEPTED,kaiser,cutoff_hz=520;kaiser_beta=3,511,-0.00187672566612821
1K,SCHEME_B_ACCEPTED,kaiser,cutoff_hz=520;kaiser_beta=3,512,-0.00189395843362699
1K,SCHEME_B_ACCEPTED,kaiser,cutoff_hz=520;kaiser_beta=3,513,-0.00190873945572935
1K,SCHEME_B_ACCEPTED,kaiser,cutoff_hz=520;kaiser_beta=3,514,-0.0019211016300168
1K,SCHEME_B_ACCEPTED,kaiser,cutoff_hz=520;kaiser_beta=3,515,-0.00193107947769203
1K,SCHEME_B_ACCEPTED,kaiser,cutoff_hz=520;kaiser_beta=3,516,-0.00193870909645667
1K,SCHEME_B_ACCEPTED,kaiser,cutoff_hz=520;kaiser_beta=3,517,-0.00194402811226479
1K,SCHEME_B_ACCEPTED,kaiser,cutoff_hz=520;kaiser_beta=3,518,-0.00194707563000856
1K,SCHEME_B_ACCEPTED,kaiser,cutoff_hz=520;kaiser_beta=3,519,-0.0019478921831931
1K,SCHEME_B_ACCEPTED,kaiser,cutoff_hz=520;kaiser_beta=3,520,-0.00194651968265833
1K,SCHEME_B_ACCEPTED,kaiser,cutoff_hz=520;kaiser_beta=3,521,-0.00194300136440653
1K,SCHEME_B_ACCEPTED,kaiser,cutoff_hz=520;kaiser_beta=3,522,-0.00193738173659438
1K,SCHEME_B_ACCEPTED,kaiser,cutoff_hz=520;kaiser_beta=3,523,-0.00192970652574938
1K,SCHEME_B_ACCEPTED,kaiser,cutoff_hz=520;kaiser_beta=3,524,-0.00192002262227043
1K,SCHEME_B_ACCEPTED,kaiser,cutoff_hz=520;kaiser_beta=3,525,-0.00190837802527317
1K,SCHEME_B_ACCEPTED,kaiser,cutoff_hz=520;kaiser_beta=3,526,-0.00189482178684069
1K,SCHEME_B_ACCEPTED,kaiser,cutoff_hz=520;kaiser_beta=3,527,-0.00187940395574066
1K,SCHEME_B_ACCEPTED,kaiser,cutoff_hz=520;kaiser_beta=3,528,-0.00186217552066988
1K,SCHEME_B_ACCEPTED,kaiser,cutoff_hz=520;kaiser_beta=3,529,-0.00184318835308778
1K,SCHEME_B_ACCEPTED,kaiser,cutoff_hz=520;kaiser_beta=3,530,-0.00182249514969975
1K,SCHEME_B_ACCEPTED,kaiser,cutoff_hz=520;kaiser_beta=3,531,-0.00180014937465194
1K,SCHEME_B_ACCEPTED,kaiser,cutoff_hz=520;kaiser_beta=3,532,-0.0017762052014984
1K,SCHEME_B_ACCEPTED,kaiser,cutoff_hz=520;kaiser_beta=3,533,-0.00175071745500176
1K,SCHEME_B_ACCEPTED,kaiser,cutoff_hz=520;kaiser_beta=3,534,-0.00172374155282802
1K,SCHEME_B_ACCEPTED,kaiser,cutoff_hz=520;kaiser_beta=3,535,-0.00169533344719613
1K,SCHEME_B_ACCEPTED,kaiser,cutoff_hz=520;kaiser_beta=3,536,-0.00166554956654221
1K,SCHEME_B_ACCEPTED,kaiser,cutoff_hz=520;kaiser_beta=3,537,-0.00163444675725836
1K,SCHEME_B_ACCEPTED,kaiser,cutoff_hz=520;kaiser_beta=3,538,-0.00160208222556503
1K,SCHEME_B_ACCEPTED,kaiser,cutoff_hz=520;kaiser_beta=3,539,-0.00156851347957572
1K,SCHEME_B_ACCEPTED,kaiser,cutoff_hz=520;kaiser_beta=3,540,-0.00153379827161205
1K,SCHEME_B_ACCEPTED,kaiser,cutoff_hz=520;kaiser_beta=3,541,-0.0014979945408264
1K,SCHEME_B_ACCEPTED,kaiser,cutoff_hz=520;kaiser_beta=3,542,-0.00146116035618899
1K,SCHEME_B_ACCEPTED,kaiser,cutoff_hz=520;kaiser_beta=3,543,-0.00142335385989503
1K,SCHEME_B_ACCEPTED,kaiser,cutoff_hz=520;kaiser_beta=3,544,-0.00138463321124702
1K,SCHEME_B_ACCEPTED,kaiser,cutoff_hz=520;kaiser_beta=3,545,-0.00134505653106631
1K,SCHEME_B_ACCEPTED,kaiser,cutoff_hz=520;kaiser_beta=3,546,-0.001304681846687
1K,SCHEME_B_ACCEPTED,kaiser,cutoff_hz=520;kaiser_beta=3,547,-0.00126356703758434
1K,SCHEME_B_ACCEPTED,kaiser,cutoff_hz=520;kaiser_beta=3,548,-0.00122176978168863
1K,SCHEME_B_ACCEPTED,kaiser,cutoff_hz=520;kaiser_beta=3,549,-0.00117934750243469
1K,SCHEME_B_ACCEPTED,kaiser,cutoff_hz=520;kaiser_beta=3,550,-0.0011363573165956
1K,SCHEME_B_ACCEPTED,kaiser,cutoff_hz=520;kaiser_beta=3,551,-0.00109285598294823
1K,SCHEME_B_ACCEPTED,kaiser,cutoff_hz=520;kaiser_beta=3,552,-0.00104889985181711
1K,SCHEME_B_ACCEPTED,kaiser,cutoff_hz=520;kaiser_beta=3,553,-0.00100454481554147
1K,SCHEME_B_ACCEPTED,kaiser,cutoff_hz=520;kaiser_beta=3,554,-0.000959846259909252
1K,SCHEME_B_ACCEPTED,kaiser,cutoff_hz=520;kaiser_beta=3,555,-0.000914859016600364
1K,SCHEME_B_ACCEPTED,kaiser,cutoff_hz=520;kaiser_beta=3,556,-0.000869637316680195
1K,SCHEME_B_ACCEPTED,kaiser,cutoff_hz=520;kaiser_beta=3,557,-0.000824234745182717
1K,SCHEME_B_ACCEPTED,kaiser,cutoff_hz=520;kaiser_beta=3,558,-0.000778704196821246
1K,SCHEME_B_ACCEPTED,kaiser,cutoff_hz=520;kaiser_beta=3,559,-0.000733097832863261
1K,SCHEME_B_ACCEPTED,kaiser,cutoff_hz=520;kaiser_beta=3,560,-0.000687467039204244
1K,SCHEME_B_ACCEPTED,kaiser,cutoff_hz=520;kaiser_beta=3,561,-0.000641862385673819
1K,SCHEME_B_ACCEPTED,kaiser,cutoff_hz=520;kaiser_beta=3,562,-0.000596333586605969
1K,SCHEME_B_ACCEPTED,kaiser,cutoff_hz=520;kaiser_beta=3,563,-0.000550929462703377
1K,SCHEME_B_ACCEPTED,kaiser,cutoff_hz=520;kaiser_beta=3,564,-0.000505697904224413
1K,SCHEME_B_ACCEPTED,kaiser,cutoff_hz=520;kaiser_beta=3,565,-0.00046068583551947
1K,SCHEME_B_ACCEPTED,kaiser,cutoff_hz=520;kaiser_beta=3,566,-0.000415939180941786
1K,SCHEME_B_ACCEPTED,kaiser,cutoff_hz=520;kaiser_beta=3,567,-0.000371502832156137
1K,SCHEME_B_ACCEPTED,kaiser,cutoff_hz=520;kaiser_beta=3,568,-0.000327420616867036
1K,SCHEME_B_ACCEPTED,kaiser,cutoff_hz=520;kaiser_beta=3,569,-0.000283735268986392
1K,SCHEME_B_ACCEPTED,kaiser,cutoff_hz=520;kaiser_beta=3,570,-0.000240488400258813
1K,SCHEME_B_ACCEPTED,kaiser,cutoff_hz=520;kaiser_beta=3,571,-0.000197720473360985
1K,SCHEME_B_ACCEPTED,kaiser,cutoff_hz=520;kaiser_beta=3,572,-0.000155470776489821
1K,SCHEME_B_ACCEPTED,kaiser,cutoff_hz=520;kaiser_beta=3,573,-0.000113777399452292
1K,SCHEME_B_ACCEPTED,kaiser,cutoff_hz=520;kaiser_beta=3,574,-7.26772112680926e-05
1K,SCHEME_B_ACCEPTED,kaiser,cutoff_hz=520;kaiser_beta=3,575,-3.22058392945692e-05
1K,SCHEME_B_ACCEPTED,kaiser,cutoff_hz=520;kaiser_beta=3,576,7.60235011849382e-06
1K,SCHEME_B_ACCEPTED,kaiser,cutoff_hz=520;kaiser_beta=3,577,4.67142694383121e-05
1K,SCHEME_B_ACCEPTED,kaiser,cutoff_hz=520;kaiser_beta=3,578,8.50981262186466e-05
1K,SCHEME_B_ACCEPTED,kaiser,cutoff_hz=520;kaiser_beta=3,579,0.000122723437827064
1K,SCHEME_B_ACCEPTED,kaiser,cutoff_hz=520;kaiser_beta=3,580,0.00015956104462923
1K,SCHEME_B_ACCEPTED,kaiser,cutoff_hz=520;kaiser_beta=3,581,0.000195583121631322
1K,SCHEME_B_ACCEPTED,kaiser,cutoff_hz=520;kaiser_beta=3,582,0.000230763188583291
1K,SCHEME_B_ACCEPTED,kaiser,cutoff_hz=520;kaiser_beta=3,583,0.000265076118547425
1K,SCHEME_B_ACCEPTED,kaiser,cutoff_hz=520;kaiser_beta=3,584,0.000298498144938352
1K,SCHEME_B_ACCEPTED,kaiser,cutoff_hz=520;kaiser_beta=3,585,0.000331006867042209
1K,SCHEME_B_ACCEPTED,kaiser,cutoff_hz=520;kaiser_beta=3,586,0.000362581254024405
1K,SCHEME_B_ACCEPTED,kaiser,cutoff_hz=520;kaiser_beta=3,587,0.000393201647436954
1K,SCHEME_B_ACCEPTED,kaiser,cutoff_hz=520;kaiser_beta=3,588,0.000422849762237971
1K,SCHEME_B_ACCEPTED,kaiser,cutoff_hz=520;kaiser_beta=3,589,0.00045150868633746
1K,SCHEME_B_ACCEPTED,kaiser,cutoff_hz=520;kaiser_beta=3,590,0.000479162878685025
1K,SCHEME_B_ACCEPTED,kaiser,cutoff_hz=520;kaiser_beta=3,591,0.000505798165916706
1K,SCHEME_B_ACCEPTED,kaiser,cutoff_hz=520;kaiser_beta=3,592,0.000531401737579491
1K,SCHEME_B_ACCEPTED,kaiser,cutoff_hz=520;kaiser_beta=3,593,0.000555962139953599
1K,SCHEME_B_ACCEPTED,kaiser,cutoff_hz=520;kaiser_beta=3,594,0.000579469268493945
1K,SCHEME_B_ACCEPTED,kaiser,cutoff_hz=520;kaiser_beta=3,595,0.000601914358913586
1K,SCHEME_B_ACCEPTED,kaiser,cutoff_hz=520;kaiser_beta=3,596,0.000623289976933287
1K,SCHEME_B_ACCEPTED,kaiser,cutoff_hz=520;kaiser_beta=3,597,0.000643590006722579
1K,SCHEME_B_ACCEPTED,kaiser,cutoff_hz=520;kaiser_beta=3,598,0.000662809638059002
1K,SCHEME_B_ACCEPTED,kaiser,cutoff_hz=520;kaiser_beta=3,599,0.000680945352233326
1K,SCHEME_B_ACCEPTED,kaiser,cutoff_hz=520;kaiser_beta=3,600,0.000697994906729821
1K,SCHEME_B_ACCEPTED,kaiser,cutoff_hz=520;kaiser_beta=3,601,0.000713957318711666
1K,SCHEME_B_ACCEPTED,kaiser,cutoff_hz=520;kaiser_beta=3,602,0.000728832847342704
1K,SCHEME_B_ACCEPTED,kaiser,cutoff_hz=520;kaiser_beta=3,603,0.000742622974977799
1K,SCHEME_B_ACCEPTED,kaiser,cutoff_hz=520;kaiser_beta=3,604,0.000755330387254973
1K,SCHEME_B_ACCEPTED,kaiser,cutoff_hz=520;kaiser_beta=3,605,0.000766958952123501
1K,SCHEME_B_ACCEPTED,kaiser,cutoff_hz=520;kaiser_beta=3,606,0.000777513697842981
1K,SCHEME_B_ACCEPTED,kaiser,cutoff_hz=520;kaiser_beta=3,607,0.000787000789989267
1K,SCHEME_B_ACCEPTED,kaiser,cutoff_hz=520;kaiser_beta=3,608,0.000795427507503928
1K,SCHEME_B_ACCEPTED,kaiser,cutoff_hz=520;kaiser_beta=3,609,0.000802802217824629
1K,SCHEME_B_ACCEPTED,kaiser,cutoff_hz=520;kaiser_beta=3,610,0.000809134351134557
1K,SCHEME_B_ACCEPTED,kaiser,cutoff_hz=520;kaiser_beta=3,611,0.000814434373769606
1K,SCHEME_B_ACCEPTED,kaiser,cutoff_hz=520;kaiser_beta=3,612,0.000818713760822657
1K,SCHEME_B_ACCEPTED,kaiser,cutoff_hz=520;kaiser_beta=3,613,0.000821984967984832
1K,SCHEME_B_ACCEPTED,kaiser,cutoff_hz=520;kaiser_beta=3,614,0.00082426140266405
1K,SCHEME_B_ACCEPTED,kaiser,cutoff_hz=520;kaiser_beta=3,615,0.000825557394421702
1K,SCHEME_B_ACCEPTED,kaiser,cutoff_hz=520;kaiser_beta=3,616,0.000825888164768591
1K,SCHEME_B_ACCEPTED,kaiser,cutoff_hz=520;kaiser_beta=3,617,0.000825269796361661
1K,SCHEME_B_ACCEPTED,kaiser,cutoff_hz=520;kaiser_beta=3,618,0.00082371920164328
1K,SCHEME_B_ACCEPTED,kaiser,cutoff_hz=520;kaiser_beta=3,619,0.000821254090965111
1K,SCHEME_B_ACCEPTED,kaiser,cutoff_hz=520;kaiser_beta=3,620,0.000817892940238728
1K,SCHEME_B_ACCEPTED,kaiser,cutoff_hz=520;kaiser_beta=3,621,0.000813654958155323
1K,SCHEME_B_ACCEPTED,kaiser,cutoff_hz=520;kaiser_beta=3,622,0.000808560053016867
1K,SCHEME_B_ACCEPTED,kaiser,cutoff_hz=520;kaiser_beta=3,623,0.000802628799221138
1K,SCHEME_B_ACCEPTED,kaiser,cutoff_hz=520;kaiser_beta=3,624,0.000795882403443014
1K,SCHEME_B_ACCEPTED,kaiser,cutoff_hz=520;kaiser_beta=3,625,0.000788342670554306
1K,SCHEME_B_ACCEPTED,kaiser,cutoff_hz=520;kaiser_beta=3,626,0.000780031969324343
1K,SCHEME_B_ACCEPTED,kaiser,cutoff_hz=520;kaiser_beta=3,627,0.000770973197943276
1K,SCHEME_B_ACCEPTED,kaiser,cutoff_hz=520;kaiser_beta=3,628,0.000761189749409903
1K,SCHEME_B_ACCEPTED,kaiser,cutoff_hz=520;kaiser_beta=3,629,0.000750705476825504
1K,SCHEME_B_ACCEPTED,kaiser,cutoff_hz=520;kaiser_beta=3,630,0.000739544658634878
1K,SCHEME_B_ACCEPTED,kaiser,cutoff_hz=520;kaiser_beta=3,631,0.000727731963855397
1K,SCHEME_B_ACCEPTED,kaiser,cutoff_hz=520;kaiser_beta=3,632,0.000715292417334485
1K,SCHEME_B_ACCEPTED,kaiser,cutoff_hz=520;kaiser_beta=3,633,0.000702251365075479
1K,SCHEME_B_ACCEPTED,kaiser,cutoff_hz=520;kaiser_beta=3,634,0.000688634439671314
1K,SCHEME_B_ACCEPTED,kaiser,cutoff_hz=520;kaiser_beta=3,635,0.000674467525884963
1K,SCHEME_B_ACCEPTED,kaiser,cutoff_hz=520;kaiser_beta=3,636,0.00065977672641493
1K,SCHEME_B_ACCEPTED,kaiser,cutoff_hz=520;kaiser_beta=3,637,0.000644588327883531
1K,SCHEME_B_ACCEPTED,kaiser,cutoff_hz=520;kaiser_beta=3,638,0.000628928767084982
1K,SCHEME_B_ACCEPTED,kaiser,cutoff_hz=520;kaiser_beta=3,639,0.00061282459752963
1K,SCHEME_B_ACCEPTED,kaiser,cutoff_hz=520;kaiser_beta=3,640,0.000596302456319945
1K,SCHEME_B_ACCEPTED,kaiser,cutoff_hz=520;kaiser_beta=3,641,0.000579389031393072
1K,SCHEME_B_ACCEPTED,kaiser,cutoff_hz=520;kaiser_beta=3,642,0.00056211102916397
1K,SCHEME_B_ACCEPTED,kaiser,cutoff_hz=520;kaiser_beta=3,643,0.000544495142602311
1K,SCHEME_B_ACCEPTED,kaiser,cutoff_hz=520;kaiser_beta=3,644,0.000526568019775411
1K,SCHEME_B_ACCEPTED,kaiser,cutoff_hz=520;kaiser_beta=3,645,0.000508356232888618
1K,SCHEME_B_ACCEPTED,kaiser,cutoff_hz=520;kaiser_beta=3,646,0.000489886247853558
1K,SCHEME_B_ACCEPTED,kaiser,cutoff_hz=520;kaiser_beta=3,647,0.000471184394413789
1K,SCHEME_B_ACCEPTED,kaiser,cutoff_hz=520;kaiser_beta=3,648,0.000452276836856301
1K,SCHEME_B_ACCEPTED,kaiser,cutoff_hz=520;kaiser_beta=3,649,0.000433189545336393
1K,SCHEME_B_ACCEPTED,kaiser,cutoff_hz=520;kaiser_beta=3,650,0.000413948267842339
1K,SCHEME_B_ACCEPTED,kaiser,cutoff_hz=520;kaiser_beta=3,651,0.000394578502825237
1K,SCHEME_B_ACCEPTED,kaiser,cutoff_hz=520;kaiser_beta=3,652,0.000375105472518355
1K,SCHEME_B_ACCEPTED,kaiser,cutoff_hz=520;kaiser_beta=3,653,0.000355554096969149
1K,SCHEME_B_ACCEPTED,kaiser,cutoff_hz=520;kaiser_beta=3,654,0.000335948968806054
1K,SCHEME_B_ACCEPTED,kaiser,cutoff_hz=520;kaiser_beta=3,655,0.000316314328760988
1K,SCHEME_B_ACCEPTED,kaiser,cutoff_hz=520;kaiser_beta=3,656,0.000296674041967373
1K,SCHEME_B_ACCEPTED,kaiser,cutoff_hz=520;kaiser_beta=3,657,0.0002770515750523
1K,SCHEME_B_ACCEPTED,kaiser,cutoff_hz=520;kaiser_beta=3,658,0.000257469974040302
1K,SCHEME_B_ACCEPTED,kaiser,cutoff_hz=520;kaiser_beta=3,659,0.000237951843085037
1K,SCHEME_B_ACCEPTED,kaiser,cutoff_hz=520;kaiser_beta=3,660,0.000218519324043929
1K,SCHEME_B_ACCEPTED,kaiser,cutoff_hz=520;kaiser_beta=3,661,0.000199194076909696
1K,SCHEME_B_ACCEPTED,kaiser,cutoff_hz=520;kaiser_beta=3,662,0.00017999726111143
1K,SCHEME_B_ACCEPTED,kaiser,cutoff_hz=520;kaiser_beta=3,663,0.000160949517696713
1K,SCHEME_B_ACCEPTED,kaiser,cutoff_hz=520;kaiser_beta=3,664,0.000142070952405048
1K,SCHEME_B_ACCEPTED,kaiser,cutoff_hz=520;kaiser_beta=3,665,0.000123381119641655
1K,SCHEME_B_ACCEPTED,kaiser,cutoff_hz=520;kaiser_beta=3,666,0.000104899007359493
1K,SCHEME_B_ACCEPTED,kaiser,cutoff_hz=520;kaiser_beta=3,667,8.6643022856154e-05
1K,SCHEME_B_ACCEPTED,kaiser,cutoff_hz=520;kaiser_beta=3,668,6.86309794910753e-05
1K,SCHEME_B_ACCEPTED,kaiser,cutoff_hz=520;kaiser_beta=3,669,5.08800843273073e-05
1K,SCHEME_B_ACCEPTED,kaiser,cutoff_hz=520;kaiser_beta=3,670,3.34069267009228e-05
1K,SCHEME_B_ACCEPTED,kaiser,cutoff_hz=520;kaiser_beta=3,671,1.62274677199102e-05
1K,SCHEME_B_ACCEPTED,kaiser,cutoff_hz=520;kaiser_beta=3,672,-6.42969306717991e-07
1K,SCHEME_B_ACCEPTED,kaiser,cutoff_hz=520;kaiser_beta=3,673,-1.71897075100511e-05
1K,SCHEME_B_ACCEPTED,kaiser,cutoff_hz=520;kaiser_beta=3,674,-3.33987241742773e-05
1K,SCHEME_B_ACCEPTED,kaiser,cutoff_hz=520;kaiser_beta=3,675,-4.92566575242362e-05
1K,SCHEME_B_ACCEPTED,kaiser,cutoff_hz=520;kaiser_beta=3,676,-6.47508125914299e-05
1K,SCHEME_B_ACCEPTED,kaiser,cutoff_hz=520;kaiser_beta=3,677,-7.98691661634196e-05
1K,SCHEME_B_ACCEPTED,kaiser,cutoff_hz=520;kaiser_beta=3,678,-9.46003708226484e-05
1K,SCHEME_B_ACCEPTED,kaiser,cutoff_hz=520;kaiser_beta=3,679,-0.000108933758081826
1K,SCHEME_B_ACCEPTED,kaiser,cutoff_hz=520;kaiser_beta=3,680,-0.000122859340623985
1K,SCHEME_B_ACCEPTED,kaiser,cutoff_hz=520;kaiser_beta=3,681,-0.000136367813656429
1K,SCHEME_B_ACCEPTED,kaiser,cutoff_hz=520;kaiser_beta=3,682,-0.000149450555388712
1K,SCHEME_B_ACCEPTED,kaiser,cutoff_hz=520;kaiser_beta=3,683,-0.000162099626645842
1K,SCHEME_B_ACCEPTED,kaiser,cutoff_hz=520;kaiser_beta=3,684,-0.000174307769628796
1K,SCHEME_B_ACCEPTED,kaiser,cutoff_hz=520;kaiser_beta=3,685,-0.000186068405835395
1K,SCHEME_B_ACCEPTED,kaiser,cutoff_hz=520;kaiser_beta=3,686,-0.000197375633155484
1K,SCHEME_B_ACCEPTED,kaiser,cutoff_hz=520;kaiser_beta=3,687,-0.00020822422215524
1K,SCHEME_B_ACCEPTED,kaiser,cutoff_hz=520;kaiser_beta=3,688,-0.000218609611566258
1K,SCHEME_B_ACCEPTED,kaiser,cutoff_hz=520;kaiser_beta=3,689,-0.000228527902995916
1K,SCHEME_B_ACCEPTED,kaiser,cutoff_hz=520;kaiser_beta=3,690,-0.000237975854876274
1K,SCHEME_B_ACCEPTED,kaiser,cutoff_hz=520;kaiser_beta=3,691,-0.000246950875669563
1K,SCHEME_B_ACCEPTED,kaiser,cutoff_hz=520;kaiser_beta=3,692,-0.00025545101634898
1K,SCHEME_B_ACCEPTED,kaiser,cutoff_hz=520;kaiser_beta=3,693,-0.000263474962174291
1K,SCHEME_B_ACCEPTED,kaiser,cutoff_hz=520;kaiser_beta=3,694,-0.000271022023782305
1K,SCHEME_B_ACCEPTED,kaiser,cutoff_hz=520;kaiser_beta=3,695,-0.000278092127613006
1K,SCHEME_B_ACCEPTED,kaiser,cutoff_hz=520;kaiser_beta=3,696,-0.00028468580569266
1K,SCHEME_B_ACCEPTED,kaiser,cutoff_hz=520;kaiser_beta=3,697,-0.0002908041847958
1K,SCHEME_B_ACCEPTED,kaiser,cutoff_hz=520;kaiser_beta=3,698,-0.000296448975008538
1K,SCHEME_B_ACCEPTED,kaiser,cutoff_hz=520;kaiser_beta=3,699,-0.000301622457716102
1K,SCHEME_B_ACCEPTED,kaiser,cutoff_hz=520;kaiser_beta=3,700,-0.00030632747303801
1K,SCHEME_B_ACCEPTED,kaiser,cutoff_hz=520;kaiser_beta=3,701,-0.000310567406734664
1K,SCHEME_B_ACCEPTED,kaiser,cutoff_hz=520;kaiser_beta=3,702,-0.00031434617660958
1K,SCHEME_B_ACCEPTED,kaiser,cutoff_hz=520;kaiser_beta=3,703,-0.000317668218431776
1K,SCHEME_B_ACCEPTED,kaiser,cutoff_hz=520;kaiser_beta=3,704,-0.000320538471403218
1K,SCHEME_B_ACCEPTED,kaiser,cutoff_hz=520;kaiser_beta=3,705,-0.000322962363196438
1K,SCHEME_B_ACCEPTED,kaiser,cutoff_hz=520;kaiser_beta=3,706,-0.000324945794587727
1K,SCHEME_B_ACCEPTED,kaiser,cutoff_hz=520;kaiser_beta=3,707,-0.00032649512371152
1K,SCHEME_B_ACCEPTED,kaiser,cutoff_hz=520;kaiser_beta=3,708,-0.000327617149961719
1K,SCHEME_B_ACCEPTED,kaiser,cutoff_hz=520;kaiser_beta=3,709,-0.000328319097565893
1K,SCHEME_B_ACCEPTED,kaiser,cutoff_hz=520;kaiser_beta=3,710,-0.00032860859885837
1K,SCHEME_B_ACCEPTED,kaiser,cutoff_hz=520;kaiser_beta=3,711,-0.000328493677278286
1K,SCHEME_B_ACCEPTED,kaiser,cutoff_hz=520;kaiser_beta=3,712,-0.000327982730118748
1K,SCHEME_B_ACCEPTED,kaiser,cutoff_hz=520;kaiser_beta=3,713,-0.00032708451105319
1K,SCHEME_B_ACCEPTED,kaiser,cutoff_hz=520;kaiser_beta=3,714,-0.000325808112465037
1K,SCHEME_B_ACCEPTED,kaiser,cutoff_hz=520;kaiser_beta=3,715,-0.00032416294760667
1K,SCHEME_B_ACCEPTED,kaiser,cutoff_hz=520;kaiser_beta=3,716,-0.000322158732613618
1K,SCHEME_B_ACCEPTED,kaiser,cutoff_hz=520;kaiser_beta=3,717,-0.000319805468399745
1K,SCHEME_B_ACCEPTED,kaiser,cutoff_hz=520;kaiser_beta=3,718,-0.000317113422459042
1K,SCHEME_B_ACCEPTED,kaiser,cutoff_hz=520;kaiser_beta=3,719,-0.000314093110599436
1K,SCHEME_B_ACCEPTED,kaiser,cutoff_hz=520;kaiser_beta=3,720,-0.000310755278633789
1K,SCHEME_B_ACCEPTED,kaiser,cutoff_hz=520;kaiser_beta=3,721,-0.000307110884053006
1K,SCHEME_B_ACCEPTED,kaiser,cutoff_hz=520;kaiser_beta=3,722,-0.000303171077705875
1K,SCHEME_B_ACCEPTED,kaiser,cutoff_hz=520;kaiser_beta=3,723,-0.000298947185509944
1K,SCHEME_B_ACCEPTED,kaiser,cutoff_hz=520;kaiser_beta=3,724,-0.000294450690217384
1K,SCHEME_B_ACCEPTED,kaiser,cutoff_hz=520;kaiser_beta=3,725,-0.000289693213259426
1K,SCHEME_B_ACCEPTED,kaiser,cutoff_hz=520;kaiser_beta=3,726,-0.00028468649669252
1K,SCHEME_B_ACCEPTED,kaiser,cutoff_hz=520;kaiser_beta=3,727,-0.000279442385268988
1K,SCHEME_B_ACCEPTED,kaiser,cutoff_hz=520;kaiser_beta=3,728,-0.000273972808654428
1K,SCHEME_B_ACCEPTED,kaiser,cutoff_hz=520;kaiser_beta=3,729,-0.000268289763813694
1K,SCHEME_B_ACCEPTED,kaiser,cutoff_hz=520;kaiser_beta=3,730,-0.000262405297586732
1K,SCHEME_B_ACCEPTED,kaiser,cutoff_hz=520;kaiser_beta=3,731,-0.000256331489475064
1K,SCHEME_B_ACCEPTED,kaiser,cutoff_hz=520;kaiser_beta=3,732,-0.000250080434659127
1K,SCHEME_B_ACCEPTED,kaiser,cutoff_hz=520;kaiser_beta=3,733,-0.000243664227266137
1K,SCHEME_B_ACCEPTED,kaiser,cutoff_hz=520;kaiser_beta=3,734,-0.000237094943907524
1K,SCHEME_B_ACCEPTED,kaiser,cutoff_hz=520;kaiser_beta=3,735,-0.000230384627504409
1K,SCHEME_B_ACCEPTED,kaiser,cutoff_hz=520;kaiser_beta=3,736,-0.000223545271418947
1K,SCHEME_B_ACCEPTED,kaiser,cutoff_hz=520;kaiser_beta=3,737,-0.000216588803908721
1K,SCHEME_B_ACCEPTED,kaiser,cutoff_hz=520;kaiser_beta=3,738,-0.000209527072920719
1K,SCHEME_B_ACCEPTED,kaiser,cutoff_hz=520;kaiser_beta=3,739,-0.000202371831240738
1K,SCHEME_B_ACCEPTED,kaiser,cutoff_hz=520;kaiser_beta=3,740,-0.000195134722013402
1K,SCHEME_B_ACCEPTED,kaiser,cutoff_hz=520;kaiser_beta=3,741,-0.000187827264647233
1K,SCHEME_B_ACCEPTED,kaiser,cutoff_hz=520;kaiser_beta=3,742,-0.000180460841118556
1K,SCHEME_B_ACCEPTED,kaiser,cutoff_hz=520;kaiser_beta=3,743,-0.000173046682687253
1K,SCHEME_B_ACCEPTED,kaiser,cutoff_hz=520;kaiser_beta=3,744,-0.000165595857036685
1K,SCHEME_B_ACCEPTED,kaiser,cutoff_hz=520;kaiser_beta=3,745,-0.000158119255849321
1K,SCHEME_B_ACCEPTED,kaiser,cutoff_hz=520;kaiser_beta=3,746,-0.000150627582828925
1K,SCHEME_B_ACCEPTED,kaiser,cutoff_hz=520;kaiser_beta=3,747,-0.000143131342179325
1K,SCHEME_B_ACCEPTED,kaiser,cutoff_hz=520;kaiser_beta=3,748,-0.000135640827549099
1K,SCHEME_B_ACCEPTED,kaiser,cutoff_hz=520;kaiser_beta=3,749,-0.000128166111450711
1K,SCHEME_B_ACCEPTED,kaiser,cutoff_hz=520;kaiser_beta=3,750,-0.000120717035161878
1K,SCHEME_B_ACCEPTED,kaiser,cutoff_hz=520;kaiser_beta=3,751,-0.000113303199116177
1K,SCHEME_B_ACCEPTED,kaiser,cutoff_hz=520;kaiser_beta=3,752,-0.000105933953789149
1K,SCHEME_B_ACCEPTED,kaiser,cutoff_hz=520;kaiser_beta=3,753,-9.86183910853648e-05
1K,SCHEME_B_ACCEPTED,kaiser,cutoff_hz=520;kaiser_beta=3,754,-9.13653362311865e-05
1K,SCHEME_B_ACCEPTED,kaiser,cutoff_hz=520;kaiser_beta=3,755,-8.4183340177157e-05
1K,SCHEME_B_ACCEPTED,kaiser,cutoff_hz=520;kaiser_beta=3,756,-7.70806725132255e-05
1K,SCHEME_B_ACCEPTED,kaiser,cutoff_hz=520;kaiser_beta=3,757,-7.00653148992385e-05
1K,SCHEME_B_ACCEPTED,kaiser,cutoff_hz=520;kaiser_beta=3,758,-6.31449550123891e-05
1K,SCHEME_B_ACCEPTED,kaiser,cutoff_hz=520;kaiser_beta=3,759,-5.63269810125701e-05
1K,SCHEME_B_ACCEPTED,kaiser,cutoff_hz=520;kaiser_beta=3,760,-4.96184765258394e-05
1K,SCHEME_B_ACCEPTED,kaiser,cutoff_hz=520;kaiser_beta=3,761,-4.30262161454855e-05
1K,SCHEME_B_ACCEPTED,kaiser,cutoff_hz=520;kaiser_beta=3,762,-3.65566614494518e-05
1K,SCHEME_B_ACCEPTED,kaiser,cutoff_hz=520;kaiser_beta=3,763,-3.02159575321897e-05
1K,SCHEME_B_ACCEPTED,kaiser,cutoff_hz=520;kaiser_beta=3,764,-2.40099300482846e-05
1K,SCHEME_B_ACCEPTED,kaiser,cutoff_hz=520;kaiser_beta=3,765,-1.79440827645496e-05
1K,SCHEME_B_ACCEPTED,kaiser,cutoff_hz=520;kaiser_beta=3,766,-1.20235956165793e-05
1K,SCHEME_B_ACCEPTED,kaiser,cutoff_hz=520;kaiser_beta=3,767,-6.25332326511099e-06
10K,PASS,kaiser,cutoff_hz=5200;kaiser_beta=5,0,-6.67819602678087e-05
10K,PASS,kaiser,cutoff_hz=5200;kaiser_beta=5,1,-4.78119122187722e-05
10K,PASS,kaiser,cutoff_hz=5200;kaiser_beta=5,2,-1.82279773922163e-05
10K,PASS,kaiser,cutoff_hz=5200;kaiser_beta=5,3,2.00263207330563e-05
10K,PASS,kaiser,cutoff_hz=5200;kaiser_beta=5,4,6.34341884274228e-05
10K,PASS,kaiser,cutoff_hz=5200;kaiser_beta=5,5,0.000107146368923737
10K,PASS,kaiser,cutoff_hz=5200;kaiser_beta=5,6,0.000145443578005367
10K,PASS,kaiser,cutoff_hz=5200;kaiser_beta=5,7,0.000172385531002432
10K,PASS,kaiser,cutoff_hz=5200;kaiser_beta=5,8,0.000182581619967642
10K,PASS,kaiser,cutoff_hz=5200;kaiser_beta=5,9,0.000171993918195981
10K,PASS,kaiser,cutoff_hz=5200;kaiser_beta=5,10,0.000138668200986364
10K,PASS,kaiser,cutoff_hz=5200;kaiser_beta=5,11,8.32860634929493e-05
10K,PASS,kaiser,cutoff_hz=5200;kaiser_beta=5,12,9.44261265442821e-06
10K,PASS,kaiser,cutoff_hz=5200;kaiser_beta=5,13,-7.64204685840093e-05
10K,PASS,kaiser,cutoff_hz=5200;kaiser_beta=5,14,-0.0001654593674561
10K,PASS,kaiser,cutoff_hz=5200;kaiser_beta=5,15,-0.000247237353882198
10K,PASS,kaiser,cutoff_hz=5200;kaiser_beta=5,16,-0.000310837210622381
10K,PASS,kaiser,cutoff_hz=5200;kaiser_beta=5,17,-0.000346169381005266
10K,PASS,kaiser,cutoff_hz=5200;kaiser_beta=5,18,-0.000345331466323954
10K,PASS,kaiser,cutoff_hz=5200;kaiser_beta=5,19,-0.000303852562964232
10K,PASS,kaiser,cutoff_hz=5200;kaiser_beta=5,20,-0.000221652788654812
10K,PASS,kaiser,cutoff_hz=5200;kaiser_beta=5,21,-0.000103566447634229
10K,PASS,kaiser,cutoff_hz=5200;kaiser_beta=5,22,4.06836351675437e-05
10K,PASS,kaiser,cutoff_hz=5200;kaiser_beta=5,23,0.00019711596813475
10K,PASS,kaiser,cutoff_hz=5200;kaiser_beta=5,24,0.000348710140889093
10K,PASS,kaiser,cutoff_hz=5200;kaiser_beta=5,25,0.000477127547426924
10K,PASS,kaiser,cutoff_hz=5200;kaiser_beta=5,26,0.000564773432131468
10K,PASS,kaiser,cutoff_hz=5200;kaiser_beta=5,27,0.000596982924503435
10K,PASS,kaiser,cutoff_hz=5200;kaiser_beta=5,28,0.000564077437418095
10K,PASS,kaiser,cutoff_hz=5200;kaiser_beta=5,29,0.000463029313242915
10K,PASS,kaiser,cutoff_hz=5200;kaiser_beta=5,30,0.000298495436888499
10K,PASS,kaiser,cutoff_hz=5200;kaiser_beta=5,31,8.30346600780429e-05
10K,PASS,kaiser,cutoff_hz=5200;kaiser_beta=5,32,-0.000163594584796565
10K,PASS,kaiser,cutoff_hz=5200;kaiser_beta=5,33,-0.00041605872416142
10K,PASS,kaiser,cutoff_hz=5200;kaiser_beta=5,34,-0.000645887172859474
10K,PASS,kaiser,cutoff_hz=5200;kaiser_beta=5,35,-0.000824508574339938
10K,PASS,kaiser,cutoff_hz=5200;kaiser_beta=5,36,-0.000926578984779889
10K,PASS,kaiser,cutoff_hz=5200;kaiser_beta=5,37,-0.000933234178474792
10K,PASS,kaiser,cutoff_hz=5200;kaiser_beta=5,38,-0.000834875328085558
10K,PASS,kaiser,cutoff_hz=5200;kaiser_beta=5,39,-0.000633119044080229
10K,PASS,kaiser,cutoff_hz=5200;kaiser_beta=5,40,-0.000341610174338908
10K,PASS,kaiser,cutoff_hz=5200;kaiser_beta=5,41,1.44954892915234e-05
10K,PASS,kaiser,cutoff_hz=5200;kaiser_beta=5,42,0.000400431006179059
10K,PASS,kaiser,cutoff_hz=5200;kaiser_beta=5,43,0.000774994998174062
10K,PASS,kaiser,cutoff_hz=5200;kaiser_beta=5,44,0.00109474146362666
10K,PASS,kaiser,cutoff_hz=5200;kaiser_beta=5,45,0.00131877907764595
10K,PASS,kaiser,cutoff_hz=5200;kaiser_beta=5,46,0.00141367286646721
10K,PASS,kaiser,cutoff_hz=5200;kaiser_beta=5,47,0.00135788888989413
10K,PASS,kaiser,cutoff_hz=5200;kaiser_beta=5,48,0.00114523156171767
10K,PASS,kaiser,cutoff_hz=5200;kaiser_beta=5,49,0.00078679703330271
10K,PASS,kaiser,cutoff_hz=5200;kaiser_beta=5,50,0.000311100874696657
10K,PASS,kaiser,cutoff_hz=5200;kaiser_beta=5,51,-0.000237777082856716
10K,PASS,kaiser,cutoff_hz=5200;kaiser_beta=5,52,-0.000803971238439288
10K,PASS,kaiser,cutoff_hz=5200;kaiser_beta=5,53,-0.00132524669416783
10K,PASS,kaiser,cutoff_hz=5200;kaiser_beta=5,54,-0.00173955878371656
10K,PASS,kaiser,cutoff_hz=5200;kaiser_beta=5,55,-0.00199209281625756
10K,PASS,kaiser,cutoff_hz=5200;kaiser_beta=5,56,-0.00204201726434428
10K,PASS,kaiser,cutoff_hz=5200;kaiser_beta=5,57,-0.00186816015575471
10K,PASS,kaiser,cutoff_hz=5200;kaiser_beta=5,58,-0.0014728837578687
10K,PASS,kaiser,cutoff_hz=5200;kaiser_beta=5,59,-0.000883585456784554
10K,PASS,kaiser,cutoff_hz=5200;kaiser_beta=5,60,-0.000151481588818873
10K,PASS,kaiser,cutoff_hz=5200;kaiser_beta=5,61,0.000652385043336189
10K,PASS,kaiser,cutoff_hz=5200;kaiser_beta=5,62,0.0014436627623184
10K,PASS,kaiser,cutoff_hz=5200;kaiser_beta=5,63,0.00213317906838188
10K,PASS,kaiser,cutoff_hz=5200;kaiser_beta=5,64,0.00263658303887483
10K,PASS,kaiser,cutoff_hz=5200;kaiser_beta=5,65,0.00288413891680538
10K,PASS,kaiser,cutoff_hz=5200;kaiser_beta=5,66,0.00282958121616832
10K,PASS,kaiser,cutoff_hz=5200;kaiser_beta=5,67,0.00245697209718184
10K,PASS,kaiser,cutoff_hz=5200;kaiser_beta=5,68,0.00178465337598399
10K,PASS,kaiser,cutoff_hz=5200;kaiser_beta=5,69,0.000865649181305121
10K,PASS,kaiser,cutoff_hz=5200;kaiser_beta=5,70,-0.000215771380882885
10K,PASS,kaiser,cutoff_hz=5200;kaiser_beta=5,71,-0.00135125295798472
10K,PASS,kaiser,cutoff_hz=5200;kaiser_beta=5,72,-0.00241869254483343
10K,PASS,kaiser,cutoff_hz=5200;kaiser_beta=5,73,-0.00329482611299305
10K,PASS,kaiser,cutoff_hz=5200;kaiser_beta=5,74,-0.00386881934308288
10K,PASS,kaiser,cutoff_hz=5200;kaiser_beta=5,75,-0.00405542425482547
10K,PASS,kaiser,cutoff_hz=5200;kaiser_beta=5,76,-0.00380621604844374
10K,PASS,kaiser,cutoff_hz=5200;kaiser_beta=5,77,-0.00311753822218788
10K,PASS,kaiser,cutoff_hz=5200;kaiser_beta=5,78,-0.00203405648823701
10K,PASS,kaiser,cutoff_hz=5200;kaiser_beta=5,79,-0.000647232980098128
10K,PASS,kaiser,cutoff_hz=5200;kaiser_beta=5,80,0.000911454916636631
10K,PASS,kaiser,cutoff_hz=5200;kaiser_beta=5,81,0.00248216207394315
10K,PASS,kaiser,cutoff_hz=5200;kaiser_beta=5,82,0.00389224249001342
10K,PASS,kaiser,cutoff_hz=5200;kaiser_beta=5,83,0.00497429866136878
10K,PASS,kaiser,cutoff_hz=5200;kaiser_beta=5,84,0.00558491225242209
10K,PASS,kaiser,cutoff_hz=5200;kaiser_beta=5,85,0.00562206315204986
10K,PASS,kaiser,cutoff_hz=5200;kaiser_beta=5,86,0.00503925605654307
10K,PASS,kaiser,cutoff_hz=5200;kaiser_beta=5,87,0.0038546003774895
10K,PASS,kaiser,cutoff_hz=5200;kaiser_beta=5,88,0.00215351888214968
10K,PASS,kaiser,cutoff_hz=5200;kaiser_beta=5,89,8.43589148650887e-05
10K,PASS,kaiser,cutoff_hz=5200;kaiser_beta=5,90,-0.00215310677611952
10K,PASS,kaiser,cutoff_hz=5200;kaiser_beta=5,91,-0.00432554399913564
10K,PASS,kaiser,cutoff_hz=5200;kaiser_beta=5,92,-0.00618881421554238
10K,PASS,kaiser,cutoff_hz=5200;kaiser_beta=5,93,-0.00751353832703536
10K,PASS,kaiser,cutoff_hz=5200;kaiser_beta=5,94,-0.00811094833377264
10K,PASS,kaiser,cutoff_hz=5200;kaiser_beta=5,95,-0.00785631381533036
10K,PASS,kaiser,cutoff_hz=5200;kaiser_beta=5,96,-0.00670730776458039
10K,PASS,kaiser,cutoff_hz=5200;kaiser_beta=5,97,-0.00471503267715859
10K,PASS,kaiser,cutoff_hz=5200;kaiser_beta=5,98,-0.00202604128236086
10K,PASS,kaiser,cutoff_hz=5200;kaiser_beta=5,99,0.00112549254422077
10K,PASS,kaiser,cutoff_hz=5200;kaiser_beta=5,100,0.0044353416568239
10K,PASS,kaiser,cutoff_hz=5200;kaiser_beta=5,101,0.00755542217335034
10K,PASS,kaiser,cutoff_hz=5200;kaiser_beta=5,102,0.0101265653426273
10K,PASS,kaiser,cutoff_hz=5200;kaiser_beta=5,103,0.0118150226084399
10K,PASS,kaiser,cutoff_hz=5200;kaiser_beta=5,104,0.0123493145981483
10K,PASS,kaiser,cutoff_hz=5200;kaiser_beta=5,105,0.0115537960545017
10K,PASS,kaiser,cutoff_hz=5200;kaiser_beta=5,106,0.00937541703368496
10K,PASS,kaiser,cutoff_hz=5200;kaiser_beta=5,107,0.00590062141995075
10K,PASS,kaiser,cutoff_hz=5200;kaiser_beta=5,108,0.00136010737522322
10K,PASS,kaiser,cutoff_hz=5200;kaiser_beta=5,109,-0.00387978214451925
10K,PASS,kaiser,cutoff_hz=5200;kaiser_beta=5,110,-0.00933905831636806
10K,PASS,kaiser,cutoff_hz=5200;kaiser_beta=5,111,-0.0144582243162621
10K,PASS,kaiser,cutoff_hz=5200;kaiser_beta=5,112,-0.0186420948272473
10K,PASS,kaiser,cutoff_hz=5200;kaiser_beta=5,113,-0.0213098152264604
10K,PASS,kaiser,cutoff_hz=5200;kaiser_beta=5,114,-0.0219468610517833
10K,PASS,kaiser,cutoff_hz=5200;kaiser_beta=5,115,-0.0201544287064602
10K,PASS,kaiser,cutoff_hz=5200;kaiser_beta=5,116,-0.015691673927585
10K,PASS,kaiser,cutoff_hz=5200;kaiser_beta=5,117,-0.00850672407835318
10K,PASS,kaiser,cutoff_hz=5200;kaiser_beta=5,118,0.00124674790319226
10K,PASS,kaiser,cutoff_hz=5200;kaiser_beta=5,119,0.0132094161324969
10K,PASS,kaiser,cutoff_hz=5200;kaiser_beta=5,120,0.0268332855983855
10K,PASS,kaiser,cutoff_hz=5200;kaiser_beta=5,121,0.0414148941080112
10K,PASS,kaiser,cutoff_hz=5200;kaiser_beta=5,122,0.0561424046364999
10K,PASS,kaiser,cutoff_hz=5200;kaiser_beta=5,123,0.0701529842933817
10K,PASS,kaiser,cutoff_hz=5200;kaiser_beta=5,124,0.0825958896259668
10K,PASS,kaiser,cutoff_hz=5200;kaiser_beta=5,125,0.0926960956858344
10K,PASS,kaiser,cutoff_hz=5200;kaiser_beta=5,126,0.0998131770681551
10K,PASS,kaiser,cutoff_hz=5200;kaiser_beta=5,127,0.103490490125578
10K,PASS,kaiser,cutoff_hz=5200;kaiser_beta=5,128,0.103490490125578
10K,PASS,kaiser,cutoff_hz=5200;kaiser_beta=5,129,0.0998131770681551
10K,PASS,kaiser,cutoff_hz=5200;kaiser_beta=5,130,0.0926960956858344
10K,PASS,kaiser,cutoff_hz=5200;kaiser_beta=5,131,0.0825958896259668
10K,PASS,kaiser,cutoff_hz=5200;kaiser_beta=5,132,0.0701529842933817
10K,PASS,kaiser,cutoff_hz=5200;kaiser_beta=5,133,0.0561424046364999
10K,PASS,kaiser,cutoff_hz=5200;kaiser_beta=5,134,0.0414148941080112
10K,PASS,kaiser,cutoff_hz=5200;kaiser_beta=5,135,0.0268332855983855
10K,PASS,kaiser,cutoff_hz=5200;kaiser_beta=5,136,0.0132094161324969
10K,PASS,kaiser,cutoff_hz=5200;kaiser_beta=5,137,0.00124674790319226
10K,PASS,kaiser,cutoff_hz=5200;kaiser_beta=5,138,-0.00850672407835318
10K,PASS,kaiser,cutoff_hz=5200;kaiser_beta=5,139,-0.015691673927585
10K,PASS,kaiser,cutoff_hz=5200;kaiser_beta=5,140,-0.0201544287064602
10K,PASS,kaiser,cutoff_hz=5200;kaiser_beta=5,141,-0.0219468610517833
10K,PASS,kaiser,cutoff_hz=5200;kaiser_beta=5,142,-0.0213098152264604
10K,PASS,kaiser,cutoff_hz=5200;kaiser_beta=5,143,-0.0186420948272473
10K,PASS,kaiser,cutoff_hz=5200;kaiser_beta=5,144,-0.0144582243162621
10K,PASS,kaiser,cutoff_hz=5200;kaiser_beta=5,145,-0.00933905831636806
10K,PASS,kaiser,cutoff_hz=5200;kaiser_beta=5,146,-0.00387978214451925
10K,PASS,kaiser,cutoff_hz=5200;kaiser_beta=5,147,0.00136010737522322
10K,PASS,kaiser,cutoff_hz=5200;kaiser_beta=5,148,0.00590062141995075
10K,PASS,kaiser,cutoff_hz=5200;kaiser_beta=5,149,0.00937541703368496
10K,PASS,kaiser,cutoff_hz=5200;kaiser_beta=5,150,0.0115537960545017
10K,PASS,kaiser,cutoff_hz=5200;kaiser_beta=5,151,0.0123493145981483
10K,PASS,kaiser,cutoff_hz=5200;kaiser_beta=5,152,0.0118150226084399
10K,PASS,kaiser,cutoff_hz=5200;kaiser_beta=5,153,0.0101265653426273
10K,PASS,kaiser,cutoff_hz=5200;kaiser_beta=5,154,0.00755542217335034
10K,PASS,kaiser,cutoff_hz=5200;kaiser_beta=5,155,0.0044353416568239
10K,PASS,kaiser,cutoff_hz=5200;kaiser_beta=5,156,0.00112549254422077
10K,PASS,kaiser,cutoff_hz=5200;kaiser_beta=5,157,-0.00202604128236086
10K,PASS,kaiser,cutoff_hz=5200;kaiser_beta=5,158,-0.00471503267715859
10K,PASS,kaiser,cutoff_hz=5200;kaiser_beta=5,159,-0.00670730776458039
10K,PASS,kaiser,cutoff_hz=5200;kaiser_beta=5,160,-0.00785631381533036
10K,PASS,kaiser,cutoff_hz=5200;kaiser_beta=5,161,-0.00811094833377264
10K,PASS,kaiser,cutoff_hz=5200;kaiser_beta=5,162,-0.00751353832703536
10K,PASS,kaiser,cutoff_hz=5200;kaiser_beta=5,163,-0.00618881421554238
10K,PASS,kaiser,cutoff_hz=5200;kaiser_beta=5,164,-0.00432554399913564
10K,PASS,kaiser,cutoff_hz=5200;kaiser_beta=5,165,-0.00215310677611952
10K,PASS,kaiser,cutoff_hz=5200;kaiser_beta=5,166,8.43589148650887e-05
10K,PASS,kaiser,cutoff_hz=5200;kaiser_beta=5,167,0.00215351888214968
10K,PASS,kaiser,cutoff_hz=5200;kaiser_beta=5,168,0.0038546003774895
10K,PASS,kaiser,cutoff_hz=5200;kaiser_beta=5,169,0.00503925605654307
10K,PASS,kaiser,cutoff_hz=5200;kaiser_beta=5,170,0.00562206315204986
10K,PASS,kaiser,cutoff_hz=5200;kaiser_beta=5,171,0.00558491225242209
10K,PASS,kaiser,cutoff_hz=5200;kaiser_beta=5,172,0.00497429866136878
10K,PASS,kaiser,cutoff_hz=5200;kaiser_beta=5,173,0.00389224249001342
10K,PASS,kaiser,cutoff_hz=5200;kaiser_beta=5,174,0.00248216207394315
10K,PASS,kaiser,cutoff_hz=5200;kaiser_beta=5,175,0.000911454916636631
10K,PASS,kaiser,cutoff_hz=5200;kaiser_beta=5,176,-0.000647232980098128
10K,PASS,kaiser,cutoff_hz=5200;kaiser_beta=5,177,-0.00203405648823701
10K,PASS,kaiser,cutoff_hz=5200;kaiser_beta=5,178,-0.00311753822218788
10K,PASS,kaiser,cutoff_hz=5200;kaiser_beta=5,179,-0.00380621604844374
10K,PASS,kaiser,cutoff_hz=5200;kaiser_beta=5,180,-0.00405542425482547
10K,PASS,kaiser,cutoff_hz=5200;kaiser_beta=5,181,-0.00386881934308288
10K,PASS,kaiser,cutoff_hz=5200;kaiser_beta=5,182,-0.00329482611299305
10K,PASS,kaiser,cutoff_hz=5200;kaiser_beta=5,183,-0.00241869254483343
10K,PASS,kaiser,cutoff_hz=5200;kaiser_beta=5,184,-0.00135125295798472
10K,PASS,kaiser,cutoff_hz=5200;kaiser_beta=5,185,-0.000215771380882885
10K,PASS,kaiser,cutoff_hz=5200;kaiser_beta=5,186,0.000865649181305121
10K,PASS,kaiser,cutoff_hz=5200;kaiser_beta=5,187,0.00178465337598399
10K,PASS,kaiser,cutoff_hz=5200;kaiser_beta=5,188,0.00245697209718184
10K,PASS,kaiser,cutoff_hz=5200;kaiser_beta=5,189,0.00282958121616832
10K,PASS,kaiser,cutoff_hz=5200;kaiser_beta=5,190,0.00288413891680538
10K,PASS,kaiser,cutoff_hz=5200;kaiser_beta=5,191,0.00263658303887483
10K,PASS,kaiser,cutoff_hz=5200;kaiser_beta=5,192,0.00213317906838188
10K,PASS,kaiser,cutoff_hz=5200;kaiser_beta=5,193,0.0014436627623184
10K,PASS,kaiser,cutoff_hz=5200;kaiser_beta=5,194,0.000652385043336189
10K,PASS,kaiser,cutoff_hz=5200;kaiser_beta=5,195,-0.000151481588818873
10K,PASS,kaiser,cutoff_hz=5200;kaiser_beta=5,196,-0.000883585456784554
10K,PASS,kaiser,cutoff_hz=5200;kaiser_beta=5,197,-0.0014728837578687
10K,PASS,kaiser,cutoff_hz=5200;kaiser_beta=5,198,-0.00186816015575471
10K,PASS,kaiser,cutoff_hz=5200;kaiser_beta=5,199,-0.00204201726434428
10K,PASS,kaiser,cutoff_hz=5200;kaiser_beta=5,200,-0.00199209281625756
10K,PASS,kaiser,cutoff_hz=5200;kaiser_beta=5,201,-0.00173955878371656
10K,PASS,kaiser,cutoff_hz=5200;kaiser_beta=5,202,-0.00132524669416783
10K,PASS,kaiser,cutoff_hz=5200;kaiser_beta=5,203,-0.000803971238439288
10K,PASS,kaiser,cutoff_hz=5200;kaiser_beta=5,204,-0.000237777082856716
10K,PASS,kaiser,cutoff_hz=5200;kaiser_beta=5,205,0.000311100874696657
10K,PASS,kaiser,cutoff_hz=5200;kaiser_beta=5,206,0.00078679703330271
10K,PASS,kaiser,cutoff_hz=5200;kaiser_beta=5,207,0.00114523156171767
10K,PASS,kaiser,cutoff_hz=5200;kaiser_beta=5,208,0.00135788888989413
10K,PASS,kaiser,cutoff_hz=5200;kaiser_beta=5,209,0.00141367286646721
10K,PASS,kaiser,cutoff_hz=5200;kaiser_beta=5,210,0.00131877907764595
10K,PASS,kaiser,cutoff_hz=5200;kaiser_beta=5,211,0.00109474146362666
10K,PASS,kaiser,cutoff_hz=5200;kaiser_beta=5,212,0.000774994998174062
10K,PASS,kaiser,cutoff_hz=5200;kaiser_beta=5,213,0.000400431006179059
10K,PASS,kaiser,cutoff_hz=5200;kaiser_beta=5,214,1.44954892915234e-05
10K,PASS,kaiser,cutoff_hz=5200;kaiser_beta=5,215,-0.000341610174338908
10K,PASS,kaiser,cutoff_hz=5200;kaiser_beta=5,216,-0.000633119044080229
10K,PASS,kaiser,cutoff_hz=5200;kaiser_beta=5,217,-0.000834875328085558
10K,PASS,kaiser,cutoff_hz=5200;kaiser_beta=5,218,-0.000933234178474792
10K,PASS,kaiser,cutoff_hz=5200;kaiser_beta=5,219,-0.000926578984779889
10K,PASS,kaiser,cutoff_hz=5200;kaiser_beta=5,220,-0.000824508574339938
10K,PASS,kaiser,cutoff_hz=5200;kaiser_beta=5,221,-0.000645887172859474
10K,PASS,kaiser,cutoff_hz=5200;kaiser_beta=5,222,-0.00041605872416142
10K,PASS,kaiser,cutoff_hz=5200;kaiser_beta=5,223,-0.000163594584796565
10K,PASS,kaiser,cutoff_hz=5200;kaiser_beta=5,224,8.30346600780429e-05
10K,PASS,kaiser,cutoff_hz=5200;kaiser_beta=5,225,0.000298495436888499
10K,PASS,kaiser,cutoff_hz=5200;kaiser_beta=5,226,0.000463029313242915
10K,PASS,kaiser,cutoff_hz=5200;kaiser_beta=5,227,0.000564077437418095
10K,PASS,kaiser,cutoff_hz=5200;kaiser_beta=5,228,0.000596982924503435
10K,PASS,kaiser,cutoff_hz=5200;kaiser_beta=5,229,0.000564773432131468
10K,PASS,kaiser,cutoff_hz=5200;kaiser_beta=5,230,0.000477127547426924
10K,PASS,kaiser,cutoff_hz=5200;kaiser_beta=5,231,0.000348710140889093
10K,PASS,kaiser,cutoff_hz=5200;kaiser_beta=5,232,0.00019711596813475
10K,PASS,kaiser,cutoff_hz=5200;kaiser_beta=5,233,4.06836351675437e-05
10K,PASS,kaiser,cutoff_hz=5200;kaiser_beta=5,234,-0.000103566447634229
10K,PASS,kaiser,cutoff_hz=5200;kaiser_beta=5,235,-0.000221652788654812
10K,PASS,kaiser,cutoff_hz=5200;kaiser_beta=5,236,-0.000303852562964232
10K,PASS,kaiser,cutoff_hz=5200;kaiser_beta=5,237,-0.000345331466323954
10K,PASS,kaiser,cutoff_hz=5200;kaiser_beta=5,238,-0.000346169381005266
10K,PASS,kaiser,cutoff_hz=5200;kaiser_beta=5,239,-0.000310837210622381
10K,PASS,kaiser,cutoff_hz=5200;kaiser_beta=5,240,-0.000247237353882198
10K,PASS,kaiser,cutoff_hz=5200;kaiser_beta=5,241,-0.0001654593674561
10K,PASS,kaiser,cutoff_hz=5200;kaiser_beta=5,242,-7.64204685840093e-05
10K,PASS,kaiser,cutoff_hz=5200;kaiser_beta=5,243,9.44261265442821e-06
10K,PASS,kaiser,cutoff_hz=5200;kaiser_beta=5,244,8.32860634929493e-05
10K,PASS,kaiser,cutoff_hz=5200;kaiser_beta=5,245,0.000138668200986364
10K,PASS,kaiser,cutoff_hz=5200;kaiser_beta=5,246,0.000171993918195981
10K,PASS,kaiser,cutoff_hz=5200;kaiser_beta=5,247,0.000182581619967642
10K,PASS,kaiser,cutoff_hz=5200;kaiser_beta=5,248,0.000172385531002432
10K,PASS,kaiser,cutoff_hz=5200;kaiser_beta=5,249,0.000145443578005367
10K,PASS,kaiser,cutoff_hz=5200;kaiser_beta=5,250,0.000107146368923737
10K,PASS,kaiser,cutoff_hz=5200;kaiser_beta=5,251,6.34341884274228e-05
10K,PASS,kaiser,cutoff_hz=5200;kaiser_beta=5,252,2.00263207330563e-05
10K,PASS,kaiser,cutoff_hz=5200;kaiser_beta=5,253,-1.82279773922163e-05
10K,PASS,kaiser,cutoff_hz=5200;kaiser_beta=5,254,-4.78119122187722e-05
10K,PASS,kaiser,cutoff_hz=5200;kaiser_beta=5,255,-6.67819602678087e-05
30K,PASS,kaiser,cutoff_hz=15600;kaiser_beta=5,0,-6.47377633091271e-05
30K,PASS,kaiser,cutoff_hz=15600;kaiser_beta=5,1,-4.49385049096041e-05
30K,PASS,kaiser,cutoff_hz=15600;kaiser_beta=5,2,-1.47312954974448e-05
30K,PASS,kaiser,cutoff_hz=15600;kaiser_beta=5,3,2.3817272993766e-05
30K,PASS,kaiser,cutoff_hz=15600;kaiser_beta=5,4,6.70929100931668e-05
30K,PASS,kaiser,cutoff_hz=15600;kaiser_beta=5,5,0.000110191699239651
30K,PASS,kaiser,cutoff_hz=15600;kaiser_beta=5,6,0.000147396048525631
30K,PASS,kaiser,cutoff_hz=15600;kaiser_beta=5,7,0.000172831191905509
30K,PASS,kaiser,cutoff_hz=15600;kaiser_beta=5,8,0.000181235600091062
30K,PASS,kaiser,cutoff_hz=15600;kaiser_beta=5,9,0.000168755156398861
30K,PASS,kaiser,cutoff_hz=15600;kaiser_beta=5,10,0.000133657034843033
30K,PASS,kaiser,cutoff_hz=15600;kaiser_beta=5,11,7.68577456534297e-05
30K,PASS,kaiser,cutoff_hz=15600;kaiser_beta=5,12,2.17226525404352e-06
30K,PASS,kaiser,cutoff_hz=15600;kaiser_beta=5,13,-8.37826823194245e-05
30K,PASS,kaiser,cutoff_hz=15600;kaiser_beta=5,14,-0.000172060333131775
30K,PASS,kaiser,cutoff_hz=15600;kaiser_beta=5,15,-0.00025221406765202
30K,PASS,kaiser,cutoff_hz=15600;kaiser_beta=5,16,-0.00031342121558149
30K,PASS,kaiser,cutoff_hz=15600;kaiser_beta=5,17,-0.000345790602185003
30K,PASS,kaiser,cutoff_hz=15600;kaiser_beta=5,18,-0.000341708402964581
30K,PASS,kaiser,cutoff_hz=15600;kaiser_beta=5,19,-0.000297056292404055
30K,PASS,kaiser,cutoff_hz=15600;kaiser_beta=5,20,-0.000212134359809554
30K,PASS,kaiser,cutoff_hz=15600;kaiser_beta=5,21,-9.21408585924706e-05
30K,PASS,kaiser,cutoff_hz=15600;kaiser_beta=5,22,5.28989062424808e-05
30K,PASS,kaiser,cutoff_hz=15600;kaiser_beta=5,23,0.000208804483404482
30K,PASS,kaiser,cutoff_hz=15600;kaiser_beta=5,24,0.000358493228056172
30K,PASS,kaiser,cutoff_hz=15600;kaiser_beta=5,25,0.000483720583614724
30K,PASS,kaiser,cutoff_hz=15600;kaiser_beta=5,26,0.000567144536642613
30K,PASS,kaiser,cutoff_hz=15600;kaiser_beta=5,27,0.000594495233169507
30K,PASS,kaiser,cutoff_hz=15600;kaiser_beta=5,28,0.000556596621573974
30K,PASS,kaiser,cutoff_hz=15600;kaiser_beta=5,29,0.000450980762615998
30K,PASS,kaiser,cutoff_hz=15600;kaiser_beta=5,30,0.000282860374023293
30K,PASS,kaiser,cutoff_hz=15600;kaiser_beta=5,31,6.52809520234805e-05
30K,PASS,kaiser,cutoff_hz=15600;kaiser_beta=5,32,-0.000181643677688648
30K,PASS,kaiser,cutoff_hz=15600;kaiser_beta=5,33,-0.000432407009768187
30K,PASS,kaiser,cutoff_hz=15600;kaiser_beta=5,34,-0.000658581504310395
30K,PASS,kaiser,cutoff_hz=15600;kaiser_beta=5,35,-0.00083186545005154
30K,PASS,kaiser,cutoff_hz=15600;kaiser_beta=5,36,-0.000927396056952993
30K,PASS,kaiser,cutoff_hz=15600;kaiser_beta=5,37,-0.000926960999305382
30K,PASS,kaiser,cutoff_hz=15600;kaiser_beta=5,38,-0.000821720748567396
30K,PASS,kaiser,cutoff_hz=15600;kaiser_beta=5,39,-0.000614078629594597
30K,PASS,kaiser,cutoff_hz=15600;kaiser_beta=5,40,-0.000318405282901722
30K,PASS,kaiser,cutoff_hz=15600;kaiser_beta=5,41,3.95655471242588e-05
30K,PASS,kaiser,cutoff_hz=15600;kaiser_beta=5,42,0.000424712109287234
30K,PASS,kaiser,cutoff_hz=15600;kaiser_beta=5,43,0.000795755598771213
30K,PASS,kaiser,cutoff_hz=15600;kaiser_beta=5,44,0.00110947561849436
30K,PASS,kaiser,cutoff_hz=15600;kaiser_beta=5,45,0.00132550189911028
30K,PASS,kaiser,cutoff_hz=15600;kaiser_beta=5,46,0.00141117413811102
30K,PASS,kaiser,cutoff_hz=15600;kaiser_beta=5,47,0.00134591348682407
30K,PASS,kaiser,cutoff_hz=15600;kaiser_beta=5,48,0.00112456200416012
30K,PASS,kaiser,cutoff_hz=15600;kaiser_beta=5,49,0.000759223405167039
30K,PASS,kaiser,cutoff_hz=15600;kaiser_beta=5,50,0.000279275469095279
30K,PASS,kaiser,cutoff_hz=15600;kaiser_beta=5,51,-0.000270589967686133
30K,PASS,kaiser,cutoff_hz=15600;kaiser_beta=5,52,-0.000834227405715127
30K,PASS,kaiser,cutoff_hz=15600;kaiser_beta=5,53,-0.00134950260195714
30K,PASS,kaiser,cutoff_hz=15600;kaiser_beta=5,54,-0.00175485990878232
30K,PASS,kaiser,cutoff_hz=15600;kaiser_beta=5,55,-0.00199632632665511
30K,PASS,kaiser,cutoff_hz=15600;kaiser_beta=5,56,-0.00203418748086689
30K,PASS,kaiser,cutoff_hz=15600;kaiser_beta=5,57,-0.00184855210530166
30K,PASS,kaiser,cutoff_hz=15600;kaiser_beta=5,58,-0.00144309121932619
30K,PASS,kaiser,cutoff_hz=15600;kaiser_beta=5,59,-0.000846394186604273
30K,PASS,kaiser,cutoff_hz=15600;kaiser_beta=5,60,-0.000110614388982379
30K,PASS,kaiser,cutoff_hz=15600;kaiser_beta=5,61,0.000692638845976059
30K,PASS,kaiser,cutoff_hz=15600;kaiser_beta=5,62,0.00147889684215997
30K,PASS,kaiser,cutoff_hz=15600;kaiser_beta=5,63,0.00215935160695825
30K,PASS,kaiser,cutoff_hz=15600;kaiser_beta=5,64,0.00265047765021609
30K,PASS,kaiser,cutoff_hz=15600;kaiser_beta=5,65,0.00288375263107921
30K,PASS,kaiser,cutoff_hz=15600;kaiser_beta=5,66,0.00281439329361143
30K,PASS,kaiser,cutoff_hz=15600;kaiser_beta=5,67,0.00242805904048622
30K,PASS,kaiser,cutoff_hz=15600;kaiser_beta=5,68,0.00174463145510273
30K,PASS,kaiser,cutoff_hz=15600;kaiser_beta=5,69,0.000818444429477303
30K,PASS,kaiser,cutoff_hz=15600;kaiser_beta=5,70,-0.000265306414736811
30K,PASS,kaiser,cutoff_hz=15600;kaiser_beta=5,71,-0.00139783857335122
30K,PASS,kaiser,cutoff_hz=15600;kaiser_beta=5,72,-0.00245718595665929
30K,PASS,kaiser,cutoff_hz=15600;kaiser_beta=5,73,-0.00332078981398959
30K,PASS,kaiser,cutoff_hz=15600;kaiser_beta=5,74,-0.00387903084398868
30K,PASS,kaiser,cutoff_hz=15600;kaiser_beta=5,75,-0.00404826875510897
30K,PASS,kaiser,cutoff_hz=15600;kaiser_beta=5,76,-0.00378191475771667
30K,PASS,kaiser,cutoff_hz=15600;kaiser_beta=5,77,-0.00307818186916649
30K,PASS,kaiser,cutoff_hz=15600;kaiser_beta=5,78,-0.00198343429858429
30K,PASS,kaiser,cutoff_hz=15600;kaiser_beta=5,79,-0.000590469860381178
30K,PASS,kaiser,cutoff_hz=15600;kaiser_beta=5,80,0.00096841855893683
30K,PASS,kaiser,cutoff_hz=15600;kaiser_beta=5,81,0.00253319497387381
30K,PASS,kaiser,cutoff_hz=15600;kaiser_beta=5,82,0.00393168564695549
30K,PASS,kaiser,cutoff_hz=15600;kaiser_beta=5,83,0.00499759487084174
30K,PASS,kaiser,cutoff_hz=15600;kaiser_beta=5,84,0.00558913176689925
30K,PASS,kaiser,cutoff_hz=15600;kaiser_beta=5,85,0.00560626485340229
30K,PASS,kaiser,cutoff_hz=15600;kaiser_beta=5,86,0.00500464018191169
30K,PASS,kaiser,cutoff_hz=15600;kaiser_beta=5,87,0.00380443080589806
30K,PASS,kaiser,cutoff_hz=15600;kaiser_beta=5,88,0.00209281793450741
30K,PASS,kaiser,cutoff_hz=15600;kaiser_beta=5,89,1.94028290117449e-05
30K,PASS,kaiser,cutoff_hz=15600;kaiser_beta=5,90,-0.00221544086934577
30K,PASS,kaiser,cutoff_hz=15600;kaiser_beta=5,91,-0.00437851123919626
30K,PASS,kaiser,cutoff_hz=15600;kaiser_beta=5,92,-0.00622653661982477
30K,PASS,kaiser,cutoff_hz=15600;kaiser_beta=5,93,-0.00753166031577719
30K,PASS,kaiser,cutoff_hz=15600;kaiser_beta=5,94,-0.00810713969702788
30K,PASS,kaiser,cutoff_hz=15600;kaiser_beta=5,95,-0.00783056197633936
30K,PASS,kaiser,cutoff_hz=15600;kaiser_beta=5,96,-0.00666196325800777
30K,PASS,kaiser,cutoff_hz=15600;kaiser_beta=5,97,-0.00465459823397679
30K,PASS,kaiser,cutoff_hz=15600;kaiser_beta=5,98,-0.00195672293508437
30K,PASS,kaiser,cutoff_hz=15600;kaiser_beta=5,99,0.0011964274363069
30K,PASS,kaiser,cutoff_hz=15600;kaiser_beta=5,100,0.00450033257950905
30K,PASS,kaiser,cutoff_hz=15600;kaiser_beta=5,101,0.0076074279771624
30K,PASS,kaiser,cutoff_hz=15600;kaiser_beta=5,102,0.010159833084758
30K,PASS,kaiser,cutoff_hz=15600;kaiser_beta=5,103,0.0118257281267807
30K,PASS,kaiser,cutoff_hz=15600;kaiser_beta=5,104,0.0123360030384055
30K,PASS,kaiser,cutoff_hz=15600;kaiser_beta=5,105,0.0115175714754471
30K,PASS,kaiser,cutoff_hz=15600;kaiser_beta=5,106,0.00931985701179515
30K,PASS,kaiser,cutoff_hz=15600;kaiser_beta=5,107,0.00583142237747185
30K,PASS,kaiser,cutoff_hz=15600;kaiser_beta=5,108,0.00128449590814108
30K,PASS,kaiser,cutoff_hz=15600;kaiser_beta=5,109,-0.00395381062946863
30K,PASS,kaiser,cutoff_hz=15600;kaiser_beta=5,110,-0.00940359275107867
30K,PASS,kaiser,cutoff_hz=15600;kaiser_beta=5,111,-0.0145062910803354
30K,PASS,kaiser,cutoff_hz=15600;kaiser_beta=5,112,-0.0186684180393841
30K,PASS,kaiser,cutoff_hz=15600;kaiser_beta=5,113,-0.0213114006673725
30K,PASS,kaiser,cutoff_hz=15600;kaiser_beta=5,114,-0.0219233386515909
30K,PASS,kaiser,cutoff_hz=15600;kaiser_beta=5,115,-0.0201081143164041
30K,PASS,kaiser,cutoff_hz=15600;kaiser_beta=5,116,-0.015627341406102
30K,PASS,kaiser,cutoff_hz=15600;kaiser_beta=5,117,-0.00843111025215435
30K,PASS,kaiser,cutoff_hz=15600;kaiser_beta=5,118,0.0013256535545754
30K,PASS,kaiser,cutoff_hz=15600;kaiser_beta=5,119,0.0132832214146626
30K,PASS,kaiser,cutoff_hz=15600;kaiser_beta=5,120,0.0268940938396521
30K,PASS,kaiser,cutoff_hz=15600;kaiser_beta=5,121,0.0414561536127987
30K,PASS,kaiser,cutoff_hz=15600;kaiser_beta=5,122,0.0561596171035405
30K,PASS,kaiser,cutoff_hz=15600;kaiser_beta=5,123,0.0701441948938599
30K,PASS,kaiser,cutoff_hz=15600;kaiser_beta=5,124,0.0825619048964357
30K,PASS,kaiser,cutoff_hz=15600;kaiser_beta=5,125,0.0926404048186518
30K,PASS,kaiser,cutoff_hz=15600;kaiser_beta=5,126,0.0997415843655318
30K,PASS,kaiser,cutoff_hz=15600;kaiser_beta=5,127,0.103410497796227
30K,PASS,kaiser,cutoff_hz=15600;kaiser_beta=5,128,0.103410497796227
30K,PASS,kaiser,cutoff_hz=15600;kaiser_beta=5,129,0.0997415843655318
30K,PASS,kaiser,cutoff_hz=15600;kaiser_beta=5,130,0.0926404048186518
30K,PASS,kaiser,cutoff_hz=15600;kaiser_beta=5,131,0.0825619048964357
30K,PASS,kaiser,cutoff_hz=15600;kaiser_beta=5,132,0.0701441948938599
30K,PASS,kaiser,cutoff_hz=15600;kaiser_beta=5,133,0.0561596171035405
30K,PASS,kaiser,cutoff_hz=15600;kaiser_beta=5,134,0.0414561536127987
30K,PASS,kaiser,cutoff_hz=15600;kaiser_beta=5,135,0.0268940938396521
30K,PASS,kaiser,cutoff_hz=15600;kaiser_beta=5,136,0.0132832214146626
30K,PASS,kaiser,cutoff_hz=15600;kaiser_beta=5,137,0.0013256535545754
30K,PASS,kaiser,cutoff_hz=15600;kaiser_beta=5,138,-0.00843111025215435
30K,PASS,kaiser,cutoff_hz=15600;kaiser_beta=5,139,-0.015627341406102
30K,PASS,kaiser,cutoff_hz=15600;kaiser_beta=5,140,-0.0201081143164041
30K,PASS,kaiser,cutoff_hz=15600;kaiser_beta=5,141,-0.0219233386515909
30K,PASS,kaiser,cutoff_hz=15600;kaiser_beta=5,142,-0.0213114006673725
30K,PASS,kaiser,cutoff_hz=15600;kaiser_beta=5,143,-0.0186684180393841
30K,PASS,kaiser,cutoff_hz=15600;kaiser_beta=5,144,-0.0145062910803354
30K,PASS,kaiser,cutoff_hz=15600;kaiser_beta=5,145,-0.00940359275107867
30K,PASS,kaiser,cutoff_hz=15600;kaiser_beta=5,146,-0.00395381062946863
30K,PASS,kaiser,cutoff_hz=15600;kaiser_beta=5,147,0.00128449590814108
30K,PASS,kaiser,cutoff_hz=15600;kaiser_beta=5,148,0.00583142237747185
30K,PASS,kaiser,cutoff_hz=15600;kaiser_beta=5,149,0.00931985701179515
30K,PASS,kaiser,cutoff_hz=15600;kaiser_beta=5,150,0.0115175714754471
30K,PASS,kaiser,cutoff_hz=15600;kaiser_beta=5,151,0.0123360030384055
30K,PASS,kaiser,cutoff_hz=15600;kaiser_beta=5,152,0.0118257281267807
30K,PASS,kaiser,cutoff_hz=15600;kaiser_beta=5,153,0.010159833084758
30K,PASS,kaiser,cutoff_hz=15600;kaiser_beta=5,154,0.0076074279771624
30K,PASS,kaiser,cutoff_hz=15600;kaiser_beta=5,155,0.00450033257950905
30K,PASS,kaiser,cutoff_hz=15600;kaiser_beta=5,156,0.0011964274363069
30K,PASS,kaiser,cutoff_hz=15600;kaiser_beta=5,157,-0.00195672293508437
30K,PASS,kaiser,cutoff_hz=15600;kaiser_beta=5,158,-0.00465459823397679
30K,PASS,kaiser,cutoff_hz=15600;kaiser_beta=5,159,-0.00666196325800777
30K,PASS,kaiser,cutoff_hz=15600;kaiser_beta=5,160,-0.00783056197633936
30K,PASS,kaiser,cutoff_hz=15600;kaiser_beta=5,161,-0.00810713969702788
30K,PASS,kaiser,cutoff_hz=15600;kaiser_beta=5,162,-0.00753166031577719
30K,PASS,kaiser,cutoff_hz=15600;kaiser_beta=5,163,-0.00622653661982477
30K,PASS,kaiser,cutoff_hz=15600;kaiser_beta=5,164,-0.00437851123919626
30K,PASS,kaiser,cutoff_hz=15600;kaiser_beta=5,165,-0.00221544086934577
30K,PASS,kaiser,cutoff_hz=15600;kaiser_beta=5,166,1.94028290117449e-05
30K,PASS,kaiser,cutoff_hz=15600;kaiser_beta=5,167,0.00209281793450741
30K,PASS,kaiser,cutoff_hz=15600;kaiser_beta=5,168,0.00380443080589806
30K,PASS,kaiser,cutoff_hz=15600;kaiser_beta=5,169,0.00500464018191169
30K,PASS,kaiser,cutoff_hz=15600;kaiser_beta=5,170,0.00560626485340229
30K,PASS,kaiser,cutoff_hz=15600;kaiser_beta=5,171,0.00558913176689925
30K,PASS,kaiser,cutoff_hz=15600;kaiser_beta=5,172,0.00499759487084174
30K,PASS,kaiser,cutoff_hz=15600;kaiser_beta=5,173,0.00393168564695549
30K,PASS,kaiser,cutoff_hz=15600;kaiser_beta=5,174,0.00253319497387381
30K,PASS,kaiser,cutoff_hz=15600;kaiser_beta=5,175,0.00096841855893683
30K,PASS,kaiser,cutoff_hz=15600;kaiser_beta=5,176,-0.000590469860381178
30K,PASS,kaiser,cutoff_hz=15600;kaiser_beta=5,177,-0.00198343429858429
30K,PASS,kaiser,cutoff_hz=15600;kaiser_beta=5,178,-0.00307818186916649
30K,PASS,kaiser,cutoff_hz=15600;kaiser_beta=5,179,-0.00378191475771667
30K,PASS,kaiser,cutoff_hz=15600;kaiser_beta=5,180,-0.00404826875510897
30K,PASS,kaiser,cutoff_hz=15600;kaiser_beta=5,181,-0.00387903084398868
30K,PASS,kaiser,cutoff_hz=15600;kaiser_beta=5,182,-0.00332078981398959
30K,PASS,kaiser,cutoff_hz=15600;kaiser_beta=5,183,-0.00245718595665929
30K,PASS,kaiser,cutoff_hz=15600;kaiser_beta=5,184,-0.00139783857335122
30K,PASS,kaiser,cutoff_hz=15600;kaiser_beta=5,185,-0.000265306414736811
30K,PASS,kaiser,cutoff_hz=15600;kaiser_beta=5,186,0.000818444429477303
30K,PASS,kaiser,cutoff_hz=15600;kaiser_beta=5,187,0.00174463145510273
30K,PASS,kaiser,cutoff_hz=15600;kaiser_beta=5,188,0.00242805904048622
30K,PASS,kaiser,cutoff_hz=15600;kaiser_beta=5,189,0.00281439329361143
30K,PASS,kaiser,cutoff_hz=15600;kaiser_beta=5,190,0.00288375263107921
30K,PASS,kaiser,cutoff_hz=15600;kaiser_beta=5,191,0.00265047765021609
30K,PASS,kaiser,cutoff_hz=15600;kaiser_beta=5,192,0.00215935160695825
30K,PASS,kaiser,cutoff_hz=15600;kaiser_beta=5,193,0.00147889684215997
30K,PASS,kaiser,cutoff_hz=15600;kaiser_beta=5,194,0.000692638845976059
30K,PASS,kaiser,cutoff_hz=15600;kaiser_beta=5,195,-0.000110614388982379
30K,PASS,kaiser,cutoff_hz=15600;kaiser_beta=5,196,-0.000846394186604273
30K,PASS,kaiser,cutoff_hz=15600;kaiser_beta=5,197,-0.00144309121932619
30K,PASS,kaiser,cutoff_hz=15600;kaiser_beta=5,198,-0.00184855210530166
30K,PASS,kaiser,cutoff_hz=15600;kaiser_beta=5,199,-0.00203418748086689
30K,PASS,kaiser,cutoff_hz=15600;kaiser_beta=5,200,-0.00199632632665511
30K,PASS,kaiser,cutoff_hz=15600;kaiser_beta=5,201,-0.00175485990878232
30K,PASS,kaiser,cutoff_hz=15600;kaiser_beta=5,202,-0.00134950260195714
30K,PASS,kaiser,cutoff_hz=15600;kaiser_beta=5,203,-0.000834227405715127
30K,PASS,kaiser,cutoff_hz=15600;kaiser_beta=5,204,-0.000270589967686133
30K,PASS,kaiser,cutoff_hz=15600;kaiser_beta=5,205,0.000279275469095279
30K,PASS,kaiser,cutoff_hz=15600;kaiser_beta=5,206,0.000759223405167039
30K,PASS,kaiser,cutoff_hz=15600;kaiser_beta=5,207,0.00112456200416012
30K,PASS,kaiser,cutoff_hz=15600;kaiser_beta=5,208,0.00134591348682407
30K,PASS,kaiser,cutoff_hz=15600;kaiser_beta=5,209,0.00141117413811102
30K,PASS,kaiser,cutoff_hz=15600;kaiser_beta=5,210,0.00132550189911028
30K,PASS,kaiser,cutoff_hz=15600;kaiser_beta=5,211,0.00110947561849436
30K,PASS,kaiser,cutoff_hz=15600;kaiser_beta=5,212,0.000795755598771213
30K,PASS,kaiser,cutoff_hz=15600;kaiser_beta=5,213,0.000424712109287234
30K,PASS,kaiser,cutoff_hz=15600;kaiser_beta=5,214,3.95655471242588e-05
30K,PASS,kaiser,cutoff_hz=15600;kaiser_beta=5,215,-0.000318405282901722
30K,PASS,kaiser,cutoff_hz=15600;kaiser_beta=5,216,-0.000614078629594597
30K,PASS,kaiser,cutoff_hz=15600;kaiser_beta=5,217,-0.000821720748567396
30K,PASS,kaiser,cutoff_hz=15600;kaiser_beta=5,218,-0.000926960999305382
30K,PASS,kaiser,cutoff_hz=15600;kaiser_beta=5,219,-0.000927396056952993
30K,PASS,kaiser,cutoff_hz=15600;kaiser_beta=5,220,-0.00083186545005154
30K,PASS,kaiser,cutoff_hz=15600;kaiser_beta=5,221,-0.000658581504310395
30K,PASS,kaiser,cutoff_hz=15600;kaiser_beta=5,222,-0.000432407009768187
30K,PASS,kaiser,cutoff_hz=15600;kaiser_beta=5,223,-0.000181643677688648
30K,PASS,kaiser,cutoff_hz=15600;kaiser_beta=5,224,6.52809520234805e-05
30K,PASS,kaiser,cutoff_hz=15600;kaiser_beta=5,225,0.000282860374023293
30K,PASS,kaiser,cutoff_hz=15600;kaiser_beta=5,226,0.000450980762615998
30K,PASS,kaiser,cutoff_hz=15600;kaiser_beta=5,227,0.000556596621573974
30K,PASS,kaiser,cutoff_hz=15600;kaiser_beta=5,228,0.000594495233169507
30K,PASS,kaiser,cutoff_hz=15600;kaiser_beta=5,229,0.000567144536642613
30K,PASS,kaiser,cutoff_hz=15600;kaiser_beta=5,230,0.000483720583614724
30K,PASS,kaiser,cutoff_hz=15600;kaiser_beta=5,231,0.000358493228056172
30K,PASS,kaiser,cutoff_hz=15600;kaiser_beta=5,232,0.000208804483404482
30K,PASS,kaiser,cutoff_hz=15600;kaiser_beta=5,233,5.28989062424808e-05
30K,PASS,kaiser,cutoff_hz=15600;kaiser_beta=5,234,-9.21408585924706e-05
30K,PASS,kaiser,cutoff_hz=15600;kaiser_beta=5,235,-0.000212134359809554
30K,PASS,kaiser,cutoff_hz=15600;kaiser_beta=5,236,-0.000297056292404055
30K,PASS,kaiser,cutoff_hz=15600;kaiser_beta=5,237,-0.000341708402964581
30K,PASS,kaiser,cutoff_hz=15600;kaiser_beta=5,238,-0.000345790602185003
30K,PASS,kaiser,cutoff_hz=15600;kaiser_beta=5,239,-0.00031342121558149
30K,PASS,kaiser,cutoff_hz=15600;kaiser_beta=5,240,-0.00025221406765202
30K,PASS,kaiser,cutoff_hz=15600;kaiser_beta=5,241,-0.000172060333131775
30K,PASS,kaiser,cutoff_hz=15600;kaiser_beta=5,242,-8.37826823194245e-05
30K,PASS,kaiser,cutoff_hz=15600;kaiser_beta=5,243,2.17226525404352e-06
30K,PASS,kaiser,cutoff_hz=15600;kaiser_beta=5,244,7.68577456534297e-05
30K,PASS,kaiser,cutoff_hz=15600;kaiser_beta=5,245,0.000133657034843033
30K,PASS,kaiser,cutoff_hz=15600;kaiser_beta=5,246,0.000168755156398861
30K,PASS,kaiser,cutoff_hz=15600;kaiser_beta=5,247,0.000181235600091062
30K,PASS,kaiser,cutoff_hz=15600;kaiser_beta=5,248,0.000172831191905509
30K,PASS,kaiser,cutoff_hz=15600;kaiser_beta=5,249,0.000147396048525631
30K,PASS,kaiser,cutoff_hz=15600;kaiser_beta=5,250,0.000110191699239651
30K,PASS,kaiser,cutoff_hz=15600;kaiser_beta=5,251,6.70929100931668e-05
30K,PASS,kaiser,cutoff_hz=15600;kaiser_beta=5,252,2.3817272993766e-05
30K,PASS,kaiser,cutoff_hz=15600;kaiser_beta=5,253,-1.47312954974448e-05
30K,PASS,kaiser,cutoff_hz=15600;kaiser_beta=5,254,-4.49385049096041e-05
30K,PASS,kaiser,cutoff_hz=15600;kaiser_beta=5,255,-6.47377633091271e-05
100K,PASS,hamming_sinc,cutoff_hz=54000,0,0.000108407206604088
100K,PASS,hamming_sinc,cutoff_hz=54000,1,0.000234672871044721
100K,PASS,hamming_sinc,cutoff_hz=54000,2,0.000344093878713384
100K,PASS,hamming_sinc,cutoff_hz=54000,3,0.000426217887390794
100K,PASS,hamming_sinc,cutoff_hz=54000,4,0.000470257572030137
100K,PASS,hamming_sinc,cutoff_hz=54000,5,0.000465850364167537
100K,PASS,hamming_sinc,cutoff_hz=54000,6,0.000404498747480643
100K,PASS,hamming_sinc,cutoff_hz=54000,7,0.000281564279797623
100K,PASS,hamming_sinc,cutoff_hz=54000,8,9.84990445653938e-05
100K,PASS,hamming_sinc,cutoff_hz=54000,9,-0.000135151126851183
100K,PASS,hamming_sinc,cutoff_hz=54000,10,-0.000400510292271385
100K,PASS,hamming_sinc,cutoff_hz=54000,11,-0.000669412840162124
100K,PASS,hamming_sinc,cutoff_hz=54000,12,-0.000906091597121241
100K,PASS,hamming_sinc,cutoff_hz=54000,13,-0.00107064580220016
100K,PASS,hamming_sinc,cutoff_hz=54000,14,-0.00112411319299561
100K,PASS,hamming_sinc,cutoff_hz=54000,15,-0.00103463951744555
100K,PASS,hamming_sinc,cutoff_hz=54000,16,-0.00078394082570941
100K,PASS,hamming_sinc,cutoff_hz=54000,17,-0.000373045924209549
100K,PASS,hamming_sinc,cutoff_hz=54000,18,0.00017376299449718
100K,PASS,hamming_sinc,cutoff_hz=54000,19,0.000807793000299483
100K,PASS,hamming_sinc,cutoff_hz=54000,20,0.0014582703044259
100K,PASS,hamming_sinc,cutoff_hz=54000,21,0.00203842764879921
100K,PASS,hamming_sinc,cutoff_hz=54000,22,0.00245507787530518
100K,PASS,hamming_sinc,cutoff_hz=54000,23,0.00262082367802353
100K,PASS,hamming_sinc,cutoff_hz=54000,24,0.00246752264351146
100K,PASS,hamming_sinc,cutoff_hz=54000,25,0.0019592306967122
100K,PASS,hamming_sinc,cutoff_hz=54000,26,0.00110266245280341
100K,PASS,hamming_sinc,cutoff_hz=54000,27,-4.67130258234904e-05
100K,PASS,hamming_sinc,cutoff_hz=54000,28,-0.00138445808376834
100K,PASS,hamming_sinc,cutoff_hz=54000,29,-0.0027637216040291
100K,PASS,hamming_sinc,cutoff_hz=54000,30,-0.00400861683905306
100K,PASS,hamming_sinc,cutoff_hz=54000,31,-0.00493353164961545
100K,PASS,hamming_sinc,cutoff_hz=54000,32,-0.00536654816049152
100K,PASS,hamming_sinc,cutoff_hz=54000,33,-0.00517435792155262
100K,PASS,hamming_sinc,cutoff_hz=54000,34,-0.00428553316212054
100K,PASS,hamming_sinc,cutoff_hz=54000,35,-0.0027088534092153
100K,PASS,hamming_sinc,cutoff_hz=54000,36,-0.000543647842656218
100K,PASS,hamming_sinc,cutoff_hz=54000,37,0.00202019624974355
100K,PASS,hamming_sinc,cutoff_hz=54000,38,0.00471383996500481
100K,PASS,hamming_sinc,cutoff_hz=54000,39,0.00721265279281716
100K,PASS,hamming_sinc,cutoff_hz=54000,40,0.00916939763806094
100K,PASS,hamming_sinc,cutoff_hz=54000,41,0.0102544981878811
100K,PASS,hamming_sinc,cutoff_hz=54000,42,0.0101992691187382
100K,PASS,hamming_sinc,cutoff_hz=54000,43,0.00883721805641033
100K,PASS,hamming_sinc,cutoff_hz=54000,44,0.00613829051797906
100K,PASS,hamming_sinc,cutoff_hz=54000,45,0.00223129566375047
100K,PASS,hamming_sinc,cutoff_hz=54000,46,-0.00258927886575725
100K,PASS,hamming_sinc,cutoff_hz=54000,47,-0.00787435587624407
100K,PASS,hamming_sinc,cutoff_hz=54000,48,-0.0130496720852088
100K,PASS,hamming_sinc,cutoff_hz=54000,49,-0.0174618424036305
100K,PASS,hamming_sinc,cutoff_hz=54000,50,-0.0204374187322546
100K,PASS,hamming_sinc,cutoff_hz=54000,51,-0.0213495570565259
100K,PASS,hamming_sinc,cutoff_hz=54000,52,-0.01968569734951
100K,PASS,hamming_sinc,cutoff_hz=54000,53,-0.0151091298136243
100K,PASS,hamming_sinc,cutoff_hz=54000,54,-0.00750756322563631
100K,PASS,hamming_sinc,cutoff_hz=54000,55,0.00297716554236197
100K,PASS,hamming_sinc,cutoff_hz=54000,56,0.0159423807238363
100K,PASS,hamming_sinc,cutoff_hz=54000,57,0.0307427444872935
100K,PASS,hamming_sinc,cutoff_hz=54000,58,0.0465326642668262
100K,PASS,hamming_sinc,cutoff_hz=54000,59,0.06232970863419
100K,PASS,hamming_sinc,cutoff_hz=54000,60,0.077093512245137
100K,PASS,hamming_sinc,cutoff_hz=54000,61,0.0898128828630324
100K,PASS,hamming_sinc,cutoff_hz=54000,62,0.0995927938865469
100K,PASS,hamming_sinc,cutoff_hz=54000,63,0.105732782237436
100K,PASS,hamming_sinc,cutoff_hz=54000,64,0.107789005897645
100K,PASS,hamming_sinc,cutoff_hz=54000,65,0.105613778819369
100K,PASS,hamming_sinc,cutoff_hz=54000,66,0.0993686303115298
100K,PASS,hamming_sinc,cutoff_hz=54000,67,0.0895095923293359
100K,PASS,hamming_sinc,cutoff_hz=54000,68,0.0767462135663121
100K,PASS,hamming_sinc,cutoff_hz=54000,69,0.0619784302625517
100K,PASS,hamming_sinc,cutoff_hz=54000,70,0.0462176056328529
100K,PASS,hamming_sinc,cutoff_hz=54000,71,0.0304995498186384
100K,PASS,hamming_sinc,cutoff_hz=54000,72,0.0157979952861993
100K,PASS,hamming_sinc,cutoff_hz=54000,73,0.00294676867586898
100K,PASS,hamming_sinc,cutoff_hz=54000,74,-0.00742218988402767
100K,PASS,hamming_sinc,cutoff_hz=54000,75,-0.0149196194514254
100K,PASS,hamming_sinc,cutoff_hz=54000,76,-0.019415520089527
100K,PASS,hamming_sinc,cutoff_hz=54000,77,-0.021031060949586
100K,PASS,hamming_sinc,cutoff_hz=54000,78,-0.0201078687247846
100K,PASS,hamming_sinc,cutoff_hz=54000,79,-0.0171589523079701
100K,PASS,hamming_sinc,cutoff_hz=54000,80,-0.0128071775137124
100K,PASS,hamming_sinc,cutoff_hz=54000,81,-0.00771816044306798
100K,PASS,hamming_sinc,cutoff_hz=54000,82,-0.00253462486726834
100K,PASS,hamming_sinc,cutoff_hz=54000,83,0.00218131604693102
100K,PASS,hamming_sinc,cutoff_hz=54000,84,0.00599273871445631
100K,PASS,hamming_sinc,cutoff_hz=54000,85,0.00861586766924157
100K,PASS,hamming_sinc,cutoff_hz=54000,86,0.00992993550517356
100K,PASS,hamming_sinc,cutoff_hz=54000,87,0.00996949920818913
100K,PASS,hamming_sinc,cutoff_hz=54000,88,0.00890160129850147
100K,PASS,hamming_sinc,cutoff_hz=54000,89,0.00699160373959509
100K,PASS,hamming_sinc,cutoff_hz=54000,90,0.00456243078823169
100K,PASS,hamming_sinc,cutoff_hz=54000,91,0.00195226642535162
100K,PASS,hamming_sinc,cutoff_hz=54000,92,-0.000524530584018308
100K,PASS,hamming_sinc,cutoff_hz=54000,93,-0.00260932985124856
100K,PASS,hamming_sinc,cutoff_hz=54000,94,-0.00412117019834308
100K,PASS,hamming_sinc,cutoff_hz=54000,95,-0.00496735779596574
100K,PASS,hamming_sinc,cutoff_hz=54000,96,-0.00514277601964413
100K,PASS,hamming_sinc,cutoff_hz=54000,97,-0.00471925811183737
100K,PASS,hamming_sinc,cutoff_hz=54000,98,-0.00382738936145276
100K,PASS,hamming_sinc,cutoff_hz=54000,99,-0.00263374247024848
100K,PASS,hamming_sinc,cutoff_hz=54000,100,-0.00131676463579705
100K,PASS,hamming_sinc,cutoff_hz=54000,101,-4.43398438973958e-05
100K,PASS,hamming_sinc,cutoff_hz=54000,102,0.00104449294740574
100K,PASS,hamming_sinc,cutoff_hz=54000,103,0.00185197528087984
100K,PASS,hamming_sinc,cutoff_hz=54000,104,0.0023274427293789
100K,PASS,hamming_sinc,cutoff_hz=54000,105,0.00246665266081431
100K,PASS,hamming_sinc,cutoff_hz=54000,106,0.00230555546228857
100K,PASS,hamming_sinc,cutoff_hz=54000,107,0.00191002318997099
100K,PASS,hamming_sinc,cutoff_hz=54000,108,0.00136337215467371
100K,PASS,hamming_sinc,cutoff_hz=54000,109,0.00075356214183602
100K,PASS,hamming_sinc,cutoff_hz=54000,110,0.00016174881056813
100K,PASS,hamming_sinc,cutoff_hz=54000,111,-0.00034653712456084
100K,PASS,hamming_sinc,cutoff_hz=54000,112,-0.000726833358279593
100K,PASS,hamming_sinc,cutoff_hz=54000,113,-0.000957619308953281
100K,PASS,hamming_sinc,cutoff_hz=54000,114,-0.00103893766781253
100K,PASS,hamming_sinc,cutoff_hz=54000,115,-0.000988480922263718
100K,PASS,hamming_sinc,cutoff_hz=54000,116,-0.000836102002271453
100K,PASS,hamming_sinc,cutoff_hz=54000,117,-0.000617778720146818
100K,PASS,hamming_sinc,cutoff_hz=54000,118,-0.000369971311331579
100K,PASS,hamming_sinc,cutoff_hz=54000,119,-0.000125094933631127
100K,PASS,hamming_sinc,cutoff_hz=54000,120,9.14661661996095e-05
100K,PASS,hamming_sinc,cutoff_hz=54000,121,0.000262692937139138
100K,PASS,hamming_sinc,cutoff_hz=54000,122,0.000379789494348491
100K,PASS,hamming_sinc,cutoff_hz=54000,123,0.000440950787769713
100K,PASS,hamming_sinc,cutoff_hz=54000,124,0.000449536401691797
100K,PASS,hamming_sinc,cutoff_hz=54000,125,0.000412150363266337
100K,PASS,hamming_sinc,cutoff_hz=54000,126,0.000337035591234141
100K,PASS,hamming_sinc,cutoff_hz=54000,127,0.000233033340099945
300K,PASS,hamming_sinc,cutoff_hz=162000,0,0.000170443058270894
300K,PASS,hamming_sinc,cutoff_hz=162000,1,0.000285832200660335
300K,PASS,hamming_sinc,cutoff_hz=162000,2,0.000378864018259198
300K,PASS,hamming_sinc,cutoff_hz=162000,3,0.000440048515620416
300K,PASS,hamming_sinc,cutoff_hz=162000,4,0.000459940899901886
300K,PASS,hamming_sinc,cutoff_hz=162000,5,0.00042999824140052
300K,PASS,hamming_sinc,cutoff_hz=162000,6,0.000344056505073467
300K,PASS,hamming_sinc,cutoff_hz=162000,7,0.000200252124330825
300K,PASS,hamming_sinc,cutoff_hz=162000,8,3.04258735122509e-06
300K,PASS,hamming_sinc,cutoff_hz=162000,9,-0.000235139485572668
300K,PASS,hamming_sinc,cutoff_hz=162000,10,-0.000493103697481904
300K,PASS,hamming_sinc,cutoff_hz=162000,11,-0.000741435694991277
300K,PASS,hamming_sinc,cutoff_hz=162000,12,-0.000944631117077968
300K,PASS,hamming_sinc,cutoff_hz=162000,13,-0.00106486666376044
300K,PASS,hamming_sinc,cutoff_hz=162000,14,-0.00106714668549659
300K,PASS,hamming_sinc,cutoff_hz=162000,15,-0.000925259666433695
300K,PASS,hamming_sinc,cutoff_hz=162000,16,-0.000627722457695054
300K,PASS,hamming_sinc,cutoff_hz=162000,17,-0.00018273228434914
300K,PASS,hamming_sinc,cutoff_hz=162000,18,0.000378871849392075
300K,PASS,hamming_sinc,cutoff_hz=162000,19,0.00100349308893073
300K,PASS,hamming_sinc,cutoff_hz=162000,20,0.00161805606579995
300K,PASS,hamming_sinc,cutoff_hz=162000,21,0.00213679295699336
300K,PASS,hamming_sinc,cutoff_hz=162000,22,0.00247112593627099
300K,PASS,hamming_sinc,cutoff_hz=162000,23,0.00254170118519719
300K,PASS,hamming_sinc,cutoff_hz=162000,24,0.00229116228713885
300K,PASS,hamming_sinc,cutoff_hz=162000,25,0.00169592951076684
300K,PASS,hamming_sinc,cutoff_hz=162000,26,0.000775142008681034
300K,PASS,hamming_sinc,cutoff_hz=162000,27,-0.000404935961011651
300K,PASS,hamming_sinc,cutoff_hz=162000,28,-0.00173233681820964
300K,PASS,hamming_sinc,cutoff_hz=162000,29,-0.00305728953837198
300K,PASS,hamming_sinc,cutoff_hz=162000,30,-0.00420643480156343
300K,PASS,hamming_sinc,cutoff_hz=162000,31,-0.00500230343847139
300K,PASS,hamming_sinc,cutoff_hz=162000,32,-0.00528615560342438
300K,PASS,hamming_sinc,cutoff_hz=162000,33,-0.00494158670908575
300K,PASS,hamming_sinc,cutoff_hz=162000,34,-0.00391588430957827
300K,PASS,hamming_sinc,cutoff_hz=162000,35,-0.00223605190787313
300K,PASS,hamming_sinc,cutoff_hz=162000,36,-1.67453506139657e-05
300K,PASS,hamming_sinc,cutoff_hz=162000,37,0.00254190967356993
300K,PASS,hamming_sinc,cutoff_hz=162000,38,0.00516759145486683
300K,PASS,hamming_sinc,cutoff_hz=162000,39,0.00753983021892713
300K,PASS,hamming_sinc,cutoff_hz=162000,40,0.00932313704328002
300K,PASS,hamming_sinc,cutoff_hz=162000,41,0.0102062248739778
300K,PASS,hamming_sinc,cutoff_hz=162000,42,0.00994328671700052
300K,PASS,hamming_sinc,cutoff_hz=162000,43,0.00839265004207385
300K,PASS,hamming_sinc,cutoff_hz=162000,44,0.00554799157136111
300K,PASS,hamming_sinc,cutoff_hz=162000,45,0.00155772827318563
300K,PASS,hamming_sinc,cutoff_hz=162000,46,-0.0032708122816569
300K,PASS,hamming_sinc,cutoff_hz=162000,47,-0.00848437556128259
300K,PASS,hamming_sinc,cutoff_hz=162000,48,-0.0135140537635076
300K,PASS,hamming_sinc,cutoff_hz=162000,49,-0.017721045473552
300K,PASS,hamming_sinc,cutoff_hz=162000,50,-0.0204542331156356
300K,PASS,hamming_sinc,cutoff_hz=162000,51,-0.0211143435097895
300K,PASS,hamming_sinc,cutoff_hz=162000,52,-0.0192183854723913
300K,PASS,hamming_sinc,cutoff_hz=162000,53,-0.0144576309875948
300K,PASS,hamming_sinc,cutoff_hz=162000,54,-0.00674270328500615
300K,PASS,hamming_sinc,cutoff_hz=162000,55,0.00376964434063133
300K,PASS,hamming_sinc,cutoff_hz=162000,56,0.0166718151472048
300K,PASS,hamming_sinc,cutoff_hz=162000,57,0.0313243385331392
300K,PASS,hamming_sinc,cutoff_hz=162000,58,0.046897743814756
300K,PASS,hamming_sinc,cutoff_hz=162000,59,0.0624341625416177
300K,PASS,hamming_sinc,cutoff_hz=162000,60,0.0769233505504727
300K,PASS,hamming_sinc,cutoff_hz=162000,61,0.0893861925473613
300K,PASS,hamming_sinc,cutoff_hz=162000,62,0.0989578177826308
300K,PASS,hamming_sinc,cutoff_hz=162000,63,0.104962330501894
300K,PASS,hamming_sinc,cutoff_hz=162000,64,0.106971869826349
300K,PASS,hamming_sinc,cutoff_hz=162000,65,0.104844194235793
300K,PASS,hamming_sinc,cutoff_hz=162000,66,0.0987350834125586
300K,PASS,hamming_sinc,cutoff_hz=162000,67,0.0890843429108884
300K,PASS,hamming_sinc,cutoff_hz=162000,68,0.0765768184333211
300K,PASS,hamming_sinc,cutoff_hz=162000,69,0.0620822954876428
300K,PASS,hamming_sinc,cutoff_hz=162000,70,0.0465802133372836
300K,PASS,hamming_sinc,cutoff_hz=162000,71,0.0310765430855482
300K,PASS,hamming_sinc,cutoff_hz=162000,72,0.0165208234372506
300K,PASS,hamming_sinc,cutoff_hz=162000,73,0.00373115626392958
300K,PASS,hamming_sinc,cutoff_hz=162000,74,-0.0066660276588921
300K,PASS,hamming_sinc,cutoff_hz=162000,75,-0.0142762922262768
300K,PASS,hamming_sinc,cutoff_hz=162000,76,-0.0189546218557899
300K,PASS,hamming_sinc,cutoff_hz=162000,77,-0.0207993563561612
300K,PASS,hamming_sinc,cutoff_hz=162000,78,-0.0201244119790059
300K,PASS,hamming_sinc,cutoff_hz=162000,79,-0.0174136592863091
300K,PASS,hamming_sinc,cutoff_hz=162000,80,-0.0132629298536375
300K,PASS,hamming_sinc,cutoff_hz=162000,81,-0.00831607980009897
300K,PASS,hamming_sinc,cutoff_hz=162000,82,-0.00320177260738184
300K,PASS,hamming_sinc,cutoff_hz=162000,83,0.00152283614146706
300K,PASS,hamming_sinc,cutoff_hz=162000,84,0.00541643699981135
300K,PASS,hamming_sinc,cutoff_hz=162000,85,0.00818243498069065
300K,PASS,hamming_sinc,cutoff_hz=162000,86,0.00968071286871576
300K,PASS,hamming_sinc,cutoff_hz=162000,87,0.00992256753431121
300K,PASS,hamming_sinc,cutoff_hz=162000,88,0.00905085067595768
300K,PASS,hamming_sinc,cutoff_hz=162000,89,0.00730875402834594
300K,PASS,hamming_sinc,cutoff_hz=162000,90,0.00500160771891274
300K,PASS,hamming_sinc,cutoff_hz=162000,91,0.00245643704794375
300K,PASS,hamming_sinc,cutoff_hz=162000,92,-1.61565039865137e-05
300K,PASS,hamming_sinc,cutoff_hz=162000,93,-0.00215389912658464
300K,PASS,hamming_sinc,cutoff_hz=162000,94,-0.00376569848051482
300K,PASS,hamming_sinc,cutoff_hz=162000,95,-0.00474389859301659
300K,PASS,hamming_sinc,cutoff_hz=162000,96,-0.00506573563869936
300K,PASS,hamming_sinc,cutoff_hz=162000,97,-0.00478504299890692
300K,PASS,hamming_sinc,cutoff_hz=162000,98,-0.00401626407700061
300K,PASS,hamming_sinc,cutoff_hz=162000,99,-0.0029135037658344
300K,PASS,hamming_sinc,cutoff_hz=162000,100,-0.00164763374655504
300K,PASS,hamming_sinc,cutoff_hz=162000,101,-0.000384363825360885
300K,PASS,hamming_sinc,cutoff_hz=162000,102,0.000734250412940836
300K,PASS,hamming_sinc,cutoff_hz=162000,103,0.00160308815971772
300K,PASS,hamming_sinc,cutoff_hz=162000,104,0.00216109425421112
300K,PASS,hamming_sinc,cutoff_hz=162000,105,0.00239218458076112
300K,PASS,hamming_sinc,cutoff_hz=162000,106,0.00232062614293419
300K,PASS,hamming_sinc,cutoff_hz=162000,107,0.00200219227914624
300K,PASS,hamming_sinc,cutoff_hz=162000,108,0.00151275972507788
300K,PASS,hamming_sinc,cutoff_hz=162000,109,0.000936123983659092
300K,PASS,hamming_sinc,cutoff_hz=162000,110,0.00035267619077496
300K,PASS,hamming_sinc,cutoff_hz=162000,111,-0.000169747251674071
300K,PASS,hamming_sinc,cutoff_hz=162000,112,-0.000581994975936025
300K,PASS,hamming_sinc,cutoff_hz=162000,113,-0.000856381867725446
300K,PASS,hamming_sinc,cutoff_hz=162000,114,-0.000986287587008169
300K,PASS,hamming_sinc,cutoff_hz=162000,115,-0.000983145293913942
300K,PASS,hamming_sinc,cutoff_hz=162000,116,-0.000871664598707372
300K,PASS,hamming_sinc,cutoff_hz=162000,117,-0.000684246203900039
300K,PASS,hamming_sinc,cutoff_hz=162000,118,-0.000455504452944778
300K,PASS,hamming_sinc,cutoff_hz=162000,119,-0.000217643456085716
300K,PASS,hamming_sinc,cutoff_hz=162000,120,2.82534517539633e-06
300K,PASS,hamming_sinc,cutoff_hz=162000,121,0.000186830583576249
300K,PASS,hamming_sinc,cutoff_hz=162000,122,0.000323039433133013
300K,PASS,hamming_sinc,cutoff_hz=162000,123,0.000407014951300887
300K,PASS,hamming_sinc,cutoff_hz=162000,124,0.000439674317715251
300K,PASS,hamming_sinc,cutoff_hz=162000,125,0.000425524505032034
300K,PASS,hamming_sinc,cutoff_hz=162000,126,0.000371092502048524
300K,PASS,hamming_sinc,cutoff_hz=162000,127,0.000283835247472224
1M,PASS,kaiser,cutoff_hz=540000;kaiser_beta=4,0,-0.000234735566862731
1M,PASS,kaiser,cutoff_hz=540000;kaiser_beta=4,1,-4.89394303252759e-05
1M,PASS,kaiser,cutoff_hz=540000;kaiser_beta=4,2,0.000223637627726349
1M,PASS,kaiser,cutoff_hz=540000;kaiser_beta=4,3,0.000560687729965278
1M,PASS,kaiser,cutoff_hz=540000;kaiser_beta=4,4,0.000921678952186746
1M,PASS,kaiser,cutoff_hz=540000;kaiser_beta=4,5,0.00125078505188693
1M,PASS,kaiser,cutoff_hz=540000;kaiser_beta=4,6,0.00148308778814081
1M,PASS,kaiser,cutoff_hz=540000;kaiser_beta=4,7,0.00155360156724864
1M,PASS,kaiser,cutoff_hz=540000;kaiser_beta=4,8,0.00140812721719691
1M,PASS,kaiser,cutoff_hz=540000;kaiser_beta=4,9,0.00101447981775847
1M,PASS,kaiser,cutoff_hz=540000;kaiser_beta=4,10,0.000372339755760464
1M,PASS,kaiser,cutoff_hz=540000;kaiser_beta=4,11,-0.000480084333020803
1M,PASS,kaiser,cutoff_hz=540000;kaiser_beta=4,12,-0.00146417676108413
1M,PASS,kaiser,cutoff_hz=540000;kaiser_beta=4,13,-0.0024649224543432
1M,PASS,kaiser,cutoff_hz=540000;kaiser_beta=4,14,-0.0033411712934117
1M,PASS,kaiser,cutoff_hz=540000;kaiser_beta=4,15,-0.00394163971645582
1M,PASS,kaiser,cutoff_hz=540000;kaiser_beta=4,16,-0.00412519697885266
1M,PASS,kaiser,cutoff_hz=540000;kaiser_beta=4,17,-0.0037831399670092
1M,PASS,kaiser,cutoff_hz=540000;kaiser_beta=4,18,-0.00286054137752712
1M,PASS,kaiser,cutoff_hz=540000;kaiser_beta=4,19,-0.00137347785342469
1M,PASS,kaiser,cutoff_hz=540000;kaiser_beta=4,20,0.00058091330154625
1M,PASS,kaiser,cutoff_hz=540000;kaiser_beta=4,21,0.00282401066589034
1M,PASS,kaiser,cutoff_hz=540000;kaiser_beta=4,22,0.00510637690475383
1M,PASS,kaiser,cutoff_hz=540000;kaiser_beta=4,23,0.00712965498104188
1M,PASS,kaiser,cutoff_hz=540000;kaiser_beta=4,24,0.00857833691815863
1M,PASS,kaiser,cutoff_hz=540000;kaiser_beta=4,25,0.00915857437245265
1M,PASS,kaiser,cutoff_hz=540000;kaiser_beta=4,26,0.00863994234784137
1M,PASS,kaiser,cutoff_hz=540000;kaiser_beta=4,27,0.00689521573442199
1M,PASS,kaiser,cutoff_hz=540000;kaiser_beta=4,28,0.00393292316419982
1M,PASS,kaiser,cutoff_hz=540000;kaiser_beta=4,29,-8.22079171856402e-05
1M,PASS,kaiser,cutoff_hz=540000;kaiser_beta=4,30,-0.00482479738582443
1M,PASS,kaiser,cutoff_hz=540000;kaiser_beta=4,31,-0.00982264981544458
1M,PASS,kaiser,cutoff_hz=540000;kaiser_beta=4,32,-0.0144891784998163
1M,PASS,kaiser,cutoff_hz=540000;kaiser_beta=4,33,-0.0181725065841676
1M,PASS,kaiser,cutoff_hz=540000;kaiser_beta=4,34,-0.0202171927817757
1M,PASS,kaiser,cutoff_hz=540000;kaiser_beta=4,35,-0.0200327189205095
1M,PASS,kaiser,cutoff_hz=540000;kaiser_beta=4,36,-0.0171616438116903
1M,PASS,kaiser,cutoff_hz=540000;kaiser_beta=4,37,-0.011339858445119
1M,PASS,kaiser,cutoff_hz=540000;kaiser_beta=4,38,-0.00254177145948548
1M,PASS,kaiser,cutoff_hz=540000;kaiser_beta=4,39,0.00899549092149885
1M,PASS,kaiser,cutoff_hz=540000;kaiser_beta=4,40,0.0227727783286802
1M,PASS,kaiser,cutoff_hz=540000;kaiser_beta=4,41,0.0380558557673981
1M,PASS,kaiser,cutoff_hz=540000;kaiser_beta=4,42,0.0539271199488286
1M,PASS,kaiser,cutoff_hz=540000;kaiser_beta=4,43,0.0693578569755853
1M,PASS,kaiser,cutoff_hz=540000;kaiser_beta=4,44,0.0832944216233972
1M,PASS,kaiser,cutoff_hz=540000;kaiser_beta=4,45,0.0947500053602772
1M,PASS,kaiser,cutoff_hz=540000;kaiser_beta=4,46,0.102892834314896
1M,PASS,kaiser,cutoff_hz=540000;kaiser_beta=4,47,0.107121814214597
1M,PASS,kaiser,cutoff_hz=540000;kaiser_beta=4,48,0.107121814214597
1M,PASS,kaiser,cutoff_hz=540000;kaiser_beta=4,49,0.102892834314896
1M,PASS,kaiser,cutoff_hz=540000;kaiser_beta=4,50,0.0947500053602772
1M,PASS,kaiser,cutoff_hz=540000;kaiser_beta=4,51,0.0832944216233972
1M,PASS,kaiser,cutoff_hz=540000;kaiser_beta=4,52,0.0693578569755853
1M,PASS,kaiser,cutoff_hz=540000;kaiser_beta=4,53,0.0539271199488286
1M,PASS,kaiser,cutoff_hz=540000;kaiser_beta=4,54,0.0380558557673981
1M,PASS,kaiser,cutoff_hz=540000;kaiser_beta=4,55,0.0227727783286802
1M,PASS,kaiser,cutoff_hz=540000;kaiser_beta=4,56,0.00899549092149885
1M,PASS,kaiser,cutoff_hz=540000;kaiser_beta=4,57,-0.00254177145948548
1M,PASS,kaiser,cutoff_hz=540000;kaiser_beta=4,58,-0.011339858445119
1M,PASS,kaiser,cutoff_hz=540000;kaiser_beta=4,59,-0.0171616438116903
1M,PASS,kaiser,cutoff_hz=540000;kaiser_beta=4,60,-0.0200327189205095
1M,PASS,kaiser,cutoff_hz=540000;kaiser_beta=4,61,-0.0202171927817757
1M,PASS,kaiser,cutoff_hz=540000;kaiser_beta=4,62,-0.0181725065841676
1M,PASS,kaiser,cutoff_hz=540000;kaiser_beta=4,63,-0.0144891784998163
1M,PASS,kaiser,cutoff_hz=540000;kaiser_beta=4,64,-0.00982264981544458
1M,PASS,kaiser,cutoff_hz=540000;kaiser_beta=4,65,-0.00482479738582443
1M,PASS,kaiser,cutoff_hz=540000;kaiser_beta=4,66,-8.22079171856402e-05
1M,PASS,kaiser,cutoff_hz=540000;kaiser_beta=4,67,0.00393292316419982
1M,PASS,kaiser,cutoff_hz=540000;kaiser_beta=4,68,0.00689521573442199
1M,PASS,kaiser,cutoff_hz=540000;kaiser_beta=4,69,0.00863994234784137
1M,PASS,kaiser,cutoff_hz=540000;kaiser_beta=4,70,0.00915857437245265
1M,PASS,kaiser,cutoff_hz=540000;kaiser_beta=4,71,0.00857833691815863
1M,PASS,kaiser,cutoff_hz=540000;kaiser_beta=4,72,0.00712965498104188
1M,PASS,kaiser,cutoff_hz=540000;kaiser_beta=4,73,0.00510637690475383
1M,PASS,kaiser,cutoff_hz=540000;kaiser_beta=4,74,0.00282401066589034
1M,PASS,kaiser,cutoff_hz=540000;kaiser_beta=4,75,0.00058091330154625
1M,PASS,kaiser,cutoff_hz=540000;kaiser_beta=4,76,-0.00137347785342469
1M,PASS,kaiser,cutoff_hz=540000;kaiser_beta=4,77,-0.00286054137752712
1M,PASS,kaiser,cutoff_hz=540000;kaiser_beta=4,78,-0.0037831399670092
1M,PASS,kaiser,cutoff_hz=540000;kaiser_beta=4,79,-0.00412519697885266
1M,PASS,kaiser,cutoff_hz=540000;kaiser_beta=4,80,-0.00394163971645582
1M,PASS,kaiser,cutoff_hz=540000;kaiser_beta=4,81,-0.0033411712934117
1M,PASS,kaiser,cutoff_hz=540000;kaiser_beta=4,82,-0.0024649224543432
1M,PASS,kaiser,cutoff_hz=540000;kaiser_beta=4,83,-0.00146417676108413
1M,PASS,kaiser,cutoff_hz=540000;kaiser_beta=4,84,-0.000480084333020803
1M,PASS,kaiser,cutoff_hz=540000;kaiser_beta=4,85,0.000372339755760464
1M,PASS,kaiser,cutoff_hz=540000;kaiser_beta=4,86,0.00101447981775847
1M,PASS,kaiser,cutoff_hz=540000;kaiser_beta=4,87,0.00140812721719691
1M,PASS,kaiser,cutoff_hz=540000;kaiser_beta=4,88,0.00155360156724864
1M,PASS,kaiser,cutoff_hz=540000;kaiser_beta=4,89,0.00148308778814081
1M,PASS,kaiser,cutoff_hz=540000;kaiser_beta=4,90,0.00125078505188693
1M,PASS,kaiser,cutoff_hz=540000;kaiser_beta=4,91,0.000921678952186746
1M,PASS,kaiser,cutoff_hz=540000;kaiser_beta=4,92,0.000560687729965278
1M,PASS,kaiser,cutoff_hz=540000;kaiser_beta=4,93,0.000223637627726349
1M,PASS,kaiser,cutoff_hz=540000;kaiser_beta=4,94,-4.89394303252759e-05
1M,PASS,kaiser,cutoff_hz=540000;kaiser_beta=4,95,-0.000234735566862731
