freq_hz,freq_over_rbw,magnitude_db
0,0,1.92865493310657e-15
6.25,0.00625,-0.000141282888546496
12.5,0.0125,-0.000560297821810256
18.75,0.01875,-0.00124268045701193
25,0.025,-0.00216494413883875
31.25,0.03125,-0.00329515275672196
37.5,0.0375,-0.00459384648919191
43.75,0.04375,-0.0060152036863527
50,0.05,-0.007508416725662
56.25,0.05625,-0.00901925396466111
62.5,0.0625,-0.0104917739102089
68.75,0.06875,-0.0118701516658882
75,0.075,-0.0131005717388529
81.25,0.08125,-0.0141331357349335
87.5,0.0875,-0.014923728645559
93.75,0.09375,-0.0154357837153107
100,0.1,-0.0156418836540297
106.25,0.10625,-0.0155251355649193
112.5,0.1125,-0.0150802587448658
118.75,0.11875,-0.0143143286599846
125,0.125,-0.0132471271007957
131.25,0.13125,-0.0119110577238102
137.5,0.1375,-0.01035059784993
143.75,0.14375,-0.00862127119574056
150,0.15,-0.0067881418860941
156.25,0.15625,-0.00492384708923728
162.5,0.1625,-0.00310620347045865
168.75,0.16875,-0.00141544077975659
175,0.175,6.88663406537027e-05
181.25,0.18125,0.00127108034391105
187.5,0.1875,0.00212289314218574
193.75,0.19375,0.00256671191489273
200,0.2,0.00255891035836074
206.25,0.20625,0.00207280911239266
212.5,0.2125,0.00110124413084065
218.75,0.21875,-0.000341419539812197
225,0.225,-0.00221796827920273
231.25,0.23125,-0.00446784699655761
237.5,0.2375,-0.00700761265219192
243.75,0.24375,-0.00973243605437782
250,0.25,-0.0125187300120675
256.25,0.25625,-0.0152279520595877
262.5,0.2625,-0.0177115941989954
268.75,0.26875,-0.0198173308182384
275,0.275,-0.0213962501528977
281.25,0.28125,-0.0223110458548865
287.5,0.2875,-0.0224449955983055
293.75,0.29375,-0.0217115058799415
300,0.3,-0.0200639594654875
306.25,0.30625,-0.0175055676872907
312.5,0.3125,-0.0140989074035334
318.75,0.31875,-0.00997481476278496
325,0.325,-0.00534031715705745
331.25,0.33125,-0.000485311772287508
337.5,0.3375,0.00421225647156496
343.75,0.34375,0.00828290506527832
350,0.35,0.0111639279786236
356.25,0.35625,0.0121995505324087
362.5,0.3625,0.0106428810265978
368.75,0.36875,0.00565953766463976
375,0.375,-0.0036672394246815
381.25,0.38125,-0.0183302371507488
387.5,0.3875,-0.0393909655675364
393.75,0.39375,-0.0679717101403314
400,0.4,-0.105247254950398
406.25,0.40625,-0.15243658171999
412.5,0.4125,-0.210794826525014
418.75,0.41875,-0.281605743177852
425,0.425,-0.366174882988784
431.25,0.43125,-0.465823658465208
437.5,0.4375,-0.581884416584983
443.75,0.44375,-0.715696608199415
450,0.45,-0.868604105881666
456.25,0.45625,-1.04195369444289
462.5,0.4625,-1.23709473721483
468.75,0.46875,-1.45538000730475
475,0.475,-1.69816766632417
481.25,0.48125,-1.96682437332722
487.5,0.4875,-2.26272951348849
493.75,0.49375,-2.58728054914412
500,0.5,-2.94189951498858
506.25,0.50625,-3.32804070460669
512.5,0.5125,-3.7471996275201
518.75,0.51875,-4.20092335548908
525,0.525,-4.69082242535478
531.25,0.53125,-5.21858452560965
537.5,0.5375,-5.78599026840682
543.75,0.54375,-6.39493144262675
550,0.55,-7.04743226366253
556.25,0.55625,-7.74567429130521
562.5,0.5625,-8.49202589215155
568.75,0.56875,-9.28907739707534
575,0.575,-10.1396834763465
581.25,0.58125,-11.0470147678667
587.5,0.5875,-12.014621512589
593.75,0.59375,-13.0465129754742
600,0.6,-14.1472579175112
606.25,0.60625,-15.322113587502
612.5,0.6125,-16.5771940392465
618.75,0.61875,-17.9196937597393
625,0.625,-19.3581908597957
631.25,0.63125,-20.9030676860923
637.5,0.6375,-22.5671099264206
643.75,0.64375,-24.3663865366067
650,0.65,-26.3215897401803
656.25,0.65625,-28.4601661382973
662.5,0.6625,-30.8198906488064
668.75,0.66875,-33.4552719792771
675,0.675,-36.4500628952892
681.25,0.68125,-39.9446976904907
687.5,0.6875,-44.2073996410067
693.75,0.69375,-49.8750947326185
700,0.7,-59.3669108679337
706.25,0.70625,-68.7761808403171
712.5,0.7125,-58.1801288453984
718.75,0.71875,-55.6694777904591
725,0.725,-55.3398345563001
731.25,0.73125,-56.3621572817547
737.5,0.7375,-58.6981089118603
743.75,0.74375,-63.0001715945688
750,0.75,-73.144061463665
756.25,0.75625,-71.9681395874596
762.5,0.7625,-63.4638713355848
768.75,0.76875,-59.9137748643356
775,0.775,-58.0488177271205
781.25,0.78125,-57.1453982816726
787.5,0.7875,-56.9433222439808
793.75,0.79375,-57.3504327068921
800,0.8,-58.3749758660446
806.25,0.80625,-60.1335102272998
812.5,0.8125,-62.9496215479861
818.75,0.81875,-67.8018473379871
825,0.825,-80.9000686624986
831.25,0.83125,-73.1302812466133
837.5,0.8375,-65.886765860536
843.75,0.84375,-62.4185194601381
850,0.85,-60.3856891373647
856.25,0.85625,-59.1853172219201
862.5,0.8625,-58.5809003867478
868.75,0.86875,-58.46940472173
875,0.875,-58.8168674922338
881.25,0.88125,-59.6417854726045
887.5,0.8875,-61.0248059153914
893.75,0.89375,-63.1568714608878
900,0.9,-66.5061824238421
906.25,0.90625,-72.6441570404578
912.5,0.9125,-98.961593094461
918.75,0.91875,-72.083465337332
925,0.925,-66.5909529657036
931.25,0.93125,-63.6121255297862
937.5,0.9375,-61.7736357162407
943.75,0.94375,-60.6429783542646
950,0.95,-60.0364642232017
956.25,0.95625,-59.8703055893051
962.5,0.9625,-60.1150361058515
968.75,0.96875,-60.7825948602055
975,0.975,-61.9316654428965
981.25,0.98125,-63.6969350982474
987.5,0.9875,-66.3809822529252
993.75,0.99375,-70.810040491879
1000,1,-81.1506832954723
1006.25,1.00625,-78.9720140714483
1012.5,1.0125,-70.3573006697267
1018.75,1.01875,-66.4313564308222
1025,1.025,-64.0745860893246
1031.25,1.03125,-62.5747676640564
1037.5,1.0375,-61.6590159517412
1043.75,1.04375,-61.2024130495432
1050,1.05,-61.148623415336
1056.25,1.05625,-61.4836528195443
1062.5,1.0625,-62.2302541583405
1068.75,1.06875,-63.4574461081192
1075,1.075,-65.3148811234495
1081.25,1.08125,-68.1387579969494
1087.5,1.0875,-72.8795197830494
1093.75,1.09375,-85.1419776913716
1100,1.1,-78.7332865641624
1106.25,1.10625,-71.0963604253873
1112.5,1.1125,-67.3931035156285
1118.75,1.11875,-65.1266589493454
1125,1.125,-63.6682465433172
1131.25,1.13125,-62.7688679078098
1137.5,1.1375,-62.3127050511824
1143.75,1.14375,-62.2471382001601
1150,1.15,-62.5591412566099
1156.25,1.15625,-63.270216521793
1162.5,1.1625,-64.4450485873644
1168.75,1.16875,-66.2223763793869
1175,1.175,-68.9078870072297
1181.25,1.18125,-73.3314968550705
1187.5,1.1875,-83.6803056350263
1193.75,1.19375,-81.4071927219154
1200,1.2,-72.7777470360634
1206.25,1.20625,-68.8153280586084
1212.5,1.2125,-66.4125363488556
1218.75,1.21875,-64.85815125676
1225,1.225,-63.8787075836666
1231.25,1.23125,-63.3477510505028
1237.5,1.2375,-63.2062251933265
1243.75,1.24375,-63.43549607538
1250,1.25,-64.0501220785899
1256.25,1.25625,-65.1035063619736
1262.5,1.2625,-66.7117264487102
1268.75,1.26875,-69.1234565028102
1275,1.275,-72.9657066115956
1281.25,1.28125,-80.7229593289192
1287.5,1.2875,-87.3737213705979
1293.75,1.29375,-75.1888102224885
1300,1.3,-70.567463753419
1306.25,1.30625,-67.8615504740751
1312.5,1.3125,-66.1162724041513
1318.75,1.31875,-64.9929627535489
1325,1.325,-64.339271821393
1331.25,1.33125,-64.08247793668
1337.5,1.3375,-64.1941985780423
1343.75,1.34375,-64.679157163232
1350,1.35,-65.5769790176913
1356.25,1.35625,-66.9786401213826
1362.5,1.3625,-69.0748870627468
1368.75,1.36875,-72.3112204163661
1375,1.375,-78.1163897546455
1381.25,1.38125,-112.524135544774
1387.5,1.3875,-78.5527919678579
1393.75,1.39375,-72.6786118509532
1400,1.4,-69.4850097880904
1406.25,1.40625,-67.4587134847341
1412.5,1.4125,-66.1370043874588
1418.75,1.41875,-65.3230335120891
1425,1.425,-64.9227484470896
1431.25,1.43125,-64.8943428449305
1437.5,1.4375,-65.2308974265746
1443.75,1.44375,-65.957807072364
1450,1.45,-67.1426865256611
1456.25,1.45625,-68.9272491278667
1462.5,1.4625,-71.622132683808
1468.75,1.46875,-76.0729329009948
1475,1.475,-86.6231078300339
1481.25,1.48125,-83.7968489578716
1487.5,1.4875,-75.2906843062251
1493.75,1.49375,-71.3359717538216
1500,1.5,-68.9194483324411
1506.25,1.50625,-67.3414731072356
1512.5,1.5125,-66.3314590090842
1518.75,1.51875,-65.7634965180031
1525,1.525,-65.5779153485493
1531.25,1.53125,-65.7543904257821
1537.5,1.5375,-66.3042016904521
1543.75,1.54375,-67.2744574960239
1550,1.55,-68.7680809342651
1556.25,1.55625,-71.0014734846434
1562.5,1.5625,-74.496284125153
1568.75,1.56875,-81.0798975385481
1575,1.575,-96.8005397999569
1581.25,1.58125,-78.7398847259699
1587.5,1.5875,-73.5123488160764
1593.75,1.59375,-70.5472973553922
1600,1.6,-68.640576046842
1606.25,1.60625,-67.3943200218141
1612.5,1.6125,-66.6340232182633
1618.75,1.61875,-66.2756991905442
1625,1.625,-66.2831420592963
1631.25,1.63125,-66.6533742564675
1637.5,1.6375,-67.4155556486861
1643.75,1.64375,-68.6423920792392
1650,1.65,-70.4850932405442
1656.25,1.65625,-73.2783343362313
1662.5,1.6625,-77.9600564688545
1668.75,1.66875,-89.953084851019
1675,1.675,-83.9687894120129
1681.25,1.68125,-76.1936167987468
1687.5,1.6875,-72.4132234496413
1693.75,1.69375,-70.0749276314848
1700,1.7,-68.5412782251372
1706.25,1.70625,-67.5597640324392
1712.5,1.7125,-67.0117649946631
1718.75,1.71875,-66.8412369234277
1725,1.725,-67.0300281093347
1731.25,1.73125,-67.5910556281456
1737.5,1.7375,-68.5731127788474
1743.75,1.74375,-70.0816144658656
1750,1.75,-72.3381768408643
1756.25,1.75625,-75.8802009866595
1762.5,1.7625,-82.6243112939298
1768.75,1.76875,-96.4079797416037
1775,1.775,-79.7598311757107
1781.25,1.78125,-74.6300123912695
1787.5,1.7875,-71.6976862344322
1793.75,1.79375,-69.8052317456888
1800,1.8,-68.5652063540072
1806.25,1.80625,-67.8067297139039
1812.5,1.8125,-67.4473692129033
1818.75,1.81875,-67.4516353545739
1825,1.825,-67.8168276648691
1831.25,1.83125,-68.5720494432655
1837.5,1.8375,-69.7895285804863
1843.75,1.84375,-71.6191430386297
1850,1.85,-74.3917166636922
1856.25,1.85625,-79.0295835582462
1862.5,1.8625,-90.755512985456
1868.75,1.86875,-85.2925076918279
1875,1.875,-77.4016540174176
1881.25,1.88125,-73.5862322945326
1887.5,1.8875,-71.2269239230505
1893.75,1.89375,-69.6767470623416
1900,1.9,-68.6802785642744
1906.25,1.90625,-68.1175764955811
1912.5,1.9125,-67.9317369755729
1918.75,1.91875,-68.1037962958224
1925,1.925,-68.6456162366597
1931.25,1.93125,-69.6042679826579
1937.5,1.9375,-71.0818092612765
1943.75,1.94375,-73.2919298502276
1950,1.95,-76.7471569233502
1956.25,1.95625,-83.2229378937352
1962.5,1.9625,-100.298074638193
1968.75,1.96875,-81.1741230410486
1975,1.975,-75.8669401464388
1981.25,1.98125,-72.8623617762024
1987.5,1.9875,-70.926090117486
1993.75,1.99375,-69.6534328073121
2000,2,-68.8672648269566
2006.25,2.00625,-68.4821041511224
2012.5,2.0125,-68.4604720064656
2018.75,2.01875,-68.7978595270332
2025,2.025,-69.5210833039618
2031.25,2.03125,-70.6985933970482
2037.5,2.0375,-72.4724917443542
2043.75,2.04375,-75.1532095959359
2050,2.05,-79.5842244432856
2056.25,2.05625,-90.0838308788301
2062.5,2.0625,-87.3254833968678
2068.75,2.06875,-78.7775406940748
2075,2.075,-74.7967925520087
2081.25,2.08125,-72.3551967528206
2087.5,2.0875,-70.7510608665767
2093.75,2.09375,-69.7129612351928
2100,2.1,-69.1142980758079
2106.25,2.10625,-68.894546687017
2112.5,2.1125,-69.0321128316849
2118.75,2.11875,-69.5361907000522
2125,2.125,-70.4501356715201
2131.25,2.13125,-71.8693175516984
2137.5,2.1375,-73.9922742234452
2143.75,2.14375,-77.2855794260491
2150,2.15,-83.2806918041239
2156.25,2.15625,-114.296261358674
2162.5,2.1625,-82.8700678842059
2168.75,2.16875,-77.1754845135497
2175,2.175,-74.024826629027
2181.25,2.18125,-72.0053030101619
2187.5,2.1875,-70.6741768556732
2193.75,2.19375,-69.8409911251385
2200,2.2,-69.4140176935157
2206.25,2.20625,-69.3519769978961
2212.5,2.2125,-69.6472238166874
2218.75,2.21875,-70.3229550963859
2225,2.225,-71.4419959775882
2231.25,2.23125,-73.1353002377222
2237.5,2.2375,-75.6849961580174
2243.75,2.24375,-79.8304969180197
2250,2.25,-88.9079851991144
2256.25,2.25625,-90.0909321667848
2262.5,2.2625,-80.2857207101757
2268.75,2.26875,-76.0315652649639
2275,2.275,-73.4610975870285
2281.25,2.28125,-71.7758360902849
2287.5,2.2875,-70.6773414738098
2293.75,2.29375,-70.0281327902048
2300,2.3,-69.7619956215938
2306.25,2.30625,-69.8534336159929
2312.5,2.3125,-70.3079483911085
2318.75,2.31875,-71.164045146795
2325,2.325,-72.508711487743
2331.25,2.33125,-74.5221057266453
2337.5,2.3375,-77.6173286817319
2343.75,2.34375,-83.066900650735
2350,2.35,-103.794758270333
2356.25,2.35625,-84.849672296527
2362.5,2.3625,-78.5473886863064
2368.75,2.36875,-75.1863812132964
2375,2.375,-73.0520029408558
2381.25,2.38125,-71.6427381338715
2387.5,2.3875,-70.7483754168922
2393.75,2.39375,-70.2682407904854
2400,2.4,-70.1558360672754
2406.25,2.40625,-70.3994461501737
2412.5,2.4125,-71.0178402592887
2418.75,2.41875,-72.0672750234032
2425,2.425,-73.6661381309907
2431.25,2.43125,-76.0658145888284
2437.5,2.4375,-79.8994233653552
2443.75,2.44375,-87.6887864899597
2450,2.45,-93.9925601962926
2456.25,2.45625,-81.9326329838686
2462.5,2.4625,-77.2935182496655
2468.75,2.46875,-74.5523568574071
2475,2.475,-72.7633856370157
2481.25,2.48125,-71.5897124724414
2487.5,2.4875,-70.8789616716284
2493.75,2.49375,-70.5574113871818
2500,2.5,-70.5946534399324
2506.25,2.50625,-70.9918004925351
2512.5,2.5125,-71.7818908764872
2518.75,2.51875,-73.0428419452477
2525,2.525,-74.93562853772
2531.25,2.53125,-77.8201256363844
2537.5,2.5375,-82.7356607676951
2543.75,2.54375,-96.6020672266484
2550,2.55,-87.1919947108574
2556.25,2.55625,-79.9920049274532
2562.5,2.5625,-76.3547841944858
2568.75,2.56875,-74.0765949837988
2575,2.575,-72.5724137188249
2581.25,2.58125,-71.6054453881782
2587.5,2.5875,-71.0634288869751
2593.75,2.59375,-70.8933782491871
2600,2.6,-71.0787777893654
2606.25,2.60625,-71.6334657243794
2612.5,2.6125,-72.6067292738592
2618.75,2.61875,-74.1041295716866
2625,2.625,-76.346929132534
2631.25,2.63125,-79.8707232211465
2637.5,2.6375,-86.5807147883101
2643.75,2.64375,-100.577734278842
2650,2.65,-83.7520002838036
2656.25,2.65625,-78.5931673042012
2662.5,2.6625,-75.6386391485084
2668.75,2.66875,-73.7249816247816
2675,2.675,-72.463293319984
2681.25,2.68125,-71.681979538116
2687.5,2.6875,-71.2980054154646
2693.75,2.69375,-71.2751469458168
2700,2.7,-71.609609011959
2706.25,2.70625,-72.328649034721
2712.5,2.7125,-73.5010130630129
2718.75,2.71875,-75.2690309129225
2725,2.725,-77.9433783523148
2731.25,2.73125,-82.3680808796179
2737.5,2.7375,-92.866391454266
2743.75,2.74375,-90.0828689161189
2750,2.75,-81.5301790183607
2756.25,2.75625,-77.5407203205686
2762.5,2.7625,-75.0892763752043
2768.75,2.76875,-73.4744559551071
2775,2.775,-72.4248404177858
2781.25,2.78125,-71.8137193292116
2787.5,2.7875,-71.5803526823411
2793.75,2.79375,-71.7027821249248
2800,2.8,-72.1895800311442
2806.25,2.80625,-73.0829740996297
2812.5,2.8125,-74.4760753585273
2818.75,2.81875,-76.5621503733977
2825,2.825,-79.7919363472765
2831.25,2.83125,-85.6171871639207
2837.5,2.8375,-126.86892702006
2843.75,2.84375,-85.8075414262208
2850,2.85,-79.9460539366066
2856.25,2.85625,-76.7302906890486
2862.5,2.8625,-74.670686316887
2868.75,2.86875,-73.3088882448958
2875,2.875,-72.4490292045348
2881.25,2.88125,-71.9968034831352
2887.5,2.8875,-71.9092735623606
2893.75,2.89375,-72.177300496634
2900,2.9,-72.8222128468963
2906.25,2.90625,-73.9038037498994
2912.5,2.9125,-75.5469604461176
2918.75,2.91875,-78.0186239871003
2925,2.925,-82.0046305921211
2931.25,2.93125,-90.4096190211681
2937.5,2.9375,-93.957612867156
2943.75,2.94375,-83.1944085016745
2950,2.95,-78.7568919372105
2956.25,2.95625,-76.0998161631064
2962.5,2.9625,-74.358473850733
2968.75,2.96875,-73.2167240481572
2975,2.975,-72.5300877598503
2981.25,2.98125,-72.2287021736072
2987.5,2.9875,-72.2845372134068
2993.75,2.99375,-72.7006454965859
3000,3,-73.5122687897999
3006.25,3.00625,-74.8007583071498
3012.5,3.0125,-76.7341036262962
3018.75,3.01875,-79.6911814899851
3025,3.025,-84.7916954095849
3031.25,3.03125,-100.483854626715
3037.5,3.0375,-88.2118088088932
3043.75,3.04375,-81.3727995280455
3050,3.05,-77.8381804384707
3056.25,3.05625,-75.6095968612692
3062.5,3.0625,-74.1355139237352
3068.75,3.06875,-73.1895639627438
3075,3.075,-72.663917550735
3081.25,3.08125,-72.5079586248694
3087.5,3.0875,-72.7067874880426
3093.75,3.09375,-73.2757343987057
3100,3.1,-74.2660111547937
3106.25,3.10625,-75.7865279661082
3112.5,3.1125,-78.0661586003594
3118.75,3.11875,-81.6643965107344
3125,3.125,-88.6272456891664
3131.25,3.13125,-100.186678067154
3137.5,3.1375,-85.0335520749248
3143.75,3.14375,-80.0182125840678
3150,3.15,-77.1177428035411
3156.25,3.15625,-75.2328738061185
3162.5,3.1625,-73.9894748981227
3168.75,3.16875,-73.221271415048
3175,3.175,-72.8477140934295
3181.25,3.18125,-72.8340290034557
3187.5,3.1875,-73.177517635597
3193.75,3.19375,-73.9065804413335
3200,3.2,-75.0916197983821
3206.25,3.20625,-76.8781613031316
3212.5,3.2125,-79.5850269828074
3218.75,3.21875,-84.0871680771627
3225,3.225,-95.0436179542689
3231.25,3.23125,-91.1796040116327
3237.5,3.2375,-82.9008403181649
3243.75,3.24375,-78.9739946281041
3250,3.25,-76.5501835054581
3256.25,3.25625,-74.9509059717474
3262.5,3.2625,-73.9113269097831
3268.75,3.26875,-73.3073947732554
3275,3.275,-73.0797186743404
3281.25,3.28125,-73.2071940198237
3287.5,3.2875,-73.6991046641652
3293.75,3.29375,-74.5985045268432
3300,3.3,-75.9998304239916
3306.25,3.30625,-78.0991759494809
3312.5,3.3125,-81.3555026289012
3318.75,3.31875,-87.2613587054987
3325,3.325,-127.102372275328
3331.25,3.33125,-87.1241708380862
3337.5,3.3375,-81.3426865719297
3343.75,3.34375,-78.152684941675
3350,3.35,-76.1052513324238
3356.25,3.35625,-74.7501962562348
3362.5,3.3625,-73.8944043089383
3368.75,3.36875,-73.4447856583992
3375,3.375,-73.3590600300595
3381.25,3.38125,-73.6285278398679
3387.5,3.3875,-74.2749054586222
3393.75,3.39375,-75.3584665652198
3400,3.4,-77.0049291660062
3406.25,3.40625,-79.4831862274463
3412.5,3.4125,-83.4857493871692
3418.75,3.41875,-91.9684214942326
3425,3.425,-95.1999534861807
3431.25,3.43125,-84.5681391117665
3437.5,3.4375,-80.1508076001619
3443.75,3.44375,-77.5006398404235
3450,3.45,-75.7619161611266
3456.25,3.45625,-74.6208347826177
3462.5,3.4625,-73.9337970003027
3468.75,3.46875,-73.6313454290533
3475,3.475,-73.6856618315342
3481.25,3.48125,-74.0999183700146
3487.5,3.4875,-74.9094257470719
3493.75,3.49375,-76.195570300596
3500,3.5,-78.1263429138243
3506.25,3.50625,-81.0805542450935
3512.5,3.5125,-86.1775407980418
3518.75,3.51875,-101.857319477542
3525,3.525,-89.5965874056665
3531.25,3.53125,-82.7530137126301
3537.5,3.5375,-79.2148039726102
3543.75,3.54375,-76.9827300289658
3550,3.55,-75.5050959000901
3556.25,3.55625,-74.5554635790659
3562.5,3.5625,-74.0259464437478
3568.75,3.56875,-73.865859573382
3575,3.575,-74.0602024303482
3581.25,3.58125,-74.6241399243923
3587.5,3.5875,-75.6085845462592
3593.75,3.59375,-77.1218360028335
3600,3.6,-79.3912900981424
3606.25,3.60625,-82.9716810878542
3612.5,3.6125,-89.880354201304
3618.75,3.61875,-101.880890302211
3625,3.625,-86.4303651196055
3631.25,3.63125,-81.383939056438
3637.5,3.6375,-78.4692385625468
3643.75,3.64375,-76.5748298332713
3650,3.65,-75.323730500168
3656.25,3.65625,-74.5486065573188
3662.5,3.6625,-74.1683747777012
3668.75,3.66875,-74.1478959776945
3675,3.675,-74.4841206670493
3681.25,3.68125,-75.2049863311309
3687.5,3.6875,-76.380114033779
3693.75,3.69375,-78.1534099747602
3700,3.7,-80.8394526436793
3706.25,3.70625,-85.2969020731738
3712.5,3.7125,-96.0048337760565
3718.75,3.71875,-92.7030838916756
3725,3.725,-84.2793100534844
3731.25,3.73125,-80.3153333772183
3737.5,3.7375,-77.8722661199298
3743.75,3.74375,-76.259777793409
3750,3.75,-75.2095916259994
3756.25,3.75625,-74.5962247852873
3762.5,3.7625,-74.3595045881607
3768.75,3.76875,-74.4777531571088
3775,3.775,-74.9596674395467
3781.25,3.78125,-75.8474813361011
3787.5,3.7875,-77.234163561988
3793.75,3.79375,-79.3125264665214
3800,3.8,-82.5318372768521
3806.25,3.80625,-88.3364270452958
3812.5,3.8125,-126.672446773665
3818.75,3.81875,-88.5755563439351
3825,3.825,-82.6922331007498
3831.25,3.83125,-79.4647138027024
3837.5,3.8375,-77.3956317280342
3843.75,3.84375,-76.0250484261718
3850,3.85,-75.1565182923704
3856.25,3.85625,-74.6954169431547
3862.5,3.8625,-74.5985437291582
3868.75,3.86875,-74.856451412427
3875,3.875,-75.4900084954488
3881.25,3.88125,-76.5581959868622
3887.5,3.8875,-78.1842278577022
3893.75,3.89375,-80.630847291002
3900,3.9,-84.5693198962745
3906.25,3.90625,-92.7943404784056
3912.5,3.9125,-97.0480901903763
3918.75,3.91875,-85.9638873506509
3925,3.925,-81.4672870644816
3931.25,3.93125,-78.7809424625403
3937.5,3.9375,-77.0194765196102
3943.75,3.94375,-75.8613360325726
3950,3.95,-75.1599116993187
3956.25,3.95625,-74.8442175190079
3962.5,3.9625,-74.8854199923294
3968.75,3.96875,-75.2857652078613
3975,3.975,-76.079390810241
3981.25,3.98125,-77.3457233708213
3987.5,3.9875,-79.2486169210178
3993.75,3.99375,-82.1555160969191
4000,4,-87.137198452795
4006.25,4.00625,-101.667274031099
4012.5,4.0125,-91.1577548477652
4018.75,4.01875,-84.1000556483816
4025,4.025,-80.4967073107285
4031.25,4.03125,-78.2302444297926
4037.5,4.0375,-76.7294224070902
4043.75,4.04375,-75.7616561133122
4050,4.05,-75.2163949415012
4056.25,4.05625,-75.0414640518761
4062.5,4.0625,-75.2207573202999
4068.75,4.06875,-75.7683000037823
4075,4.075,-76.7333945850163
4081.25,4.08125,-78.2213969108828
4087.5,4.0875,-80.4528825914654
4093.75,4.09375,-83.9610818738173
4100,4.1,-90.6372787633902
4106.25,4.10625,-104.908790517122
4112.5,4.1125,-87.8702826776514
4118.75,4.11875,-82.6864537249853
4125,4.125,-79.7162790006688
4131.25,4.13125,-77.7892574476948
4137.5,4.1375,-76.5148350274202
4143.75,4.14375,-75.7207563386543
4150,4.15,-75.3235821539305
4156.25,4.15625,-75.2867160860641
4162.5,4.1625,-75.6058903778179
4168.75,4.16875,-76.307622358724
4175,4.175,-77.4593079996267
4181.25,4.18125,-79.2004042629274
4187.5,4.1875,-81.8340478337739
4193.75,4.19375,-86.1757817798576
4200,4.2,-96.2581179273159
4206.25,4.20625,-94.4895612536179
4212.5,4.2125,-85.6406116705929
4218.75,4.21875,-81.5763349313371
4225,4.225,-79.0847610582149
4231.25,4.23125,-77.4412576727421
4237.5,4.2375,-76.3677389921186
4243.75,4.24375,-75.7347213036704
4250,4.25,-75.4799236298078
4256.25,4.25625,-75.58021584129
4262.5,4.2625,-76.0429187464868
4268.75,4.26875,-76.9084595675361
4275,4.275,-78.2666872258341
4281.25,4.28125,-80.3035772711702
4287.5,4.2875,-83.4485162778766
4293.75,4.29375,-89.049711011591
4300,4.3,-113.969526268048
4306.25,4.30625,-90.1021321332093
4312.5,4.3125,-83.9928874485595
4318.75,4.31875,-80.6865922169526
4325,4.325,-78.5742008233606
4331.25,4.33125,-77.1739674435119
4337.5,4.3375,-76.2821151608905
4343.75,4.34375,-75.8007038463794
4350,4.35,-75.6846065103039
4356.25,4.35625,-75.9228858143393
4362.5,4.3625,-76.5348066980064
4368.75,4.36875,-77.5769963066259
4375,4.375,-79.1682093895276
4381.25,4.38125,-81.5604062581804
4387.5,4.3875,-85.3883153976328
4393.75,4.39375,-93.1844071273441
4400,4.4,-99.3885237579646
4406.25,4.40625,-87.3618668203076
4412.5,4.4125,-82.71696206202
4418.75,4.41875,-79.9656938929663
4425,4.425,-78.1648822302571
4431.25,4.43125,-76.9782132816311
4437.5,4.4375,-76.2534326470156
4443.75,4.44375,-75.9167426280073
4450,4.45,-75.9374988722992
4456.25,4.45625,-76.3163627670072
4462.5,4.4625,-77.0855403965856
4468.75,4.46875,-78.3213139871287
4475,4.475,-80.1810112677298
4481.25,4.48125,-83.0144322538355
4487.5,4.4875,-87.8190795501574
4493.75,4.49375,-100.847494296152
4500,4.5,-92.8485841024371
4506.25,4.50625,-85.4132896606281
4512.5,4.5125,-81.7014475583981
4518.75,4.51875,-79.3795858000427
4525,4.525,-77.8424807340466
4531.25,4.53125,-76.8470697099094
4537.5,4.5375,-76.2783314078156
4543.75,4.54375,-76.0816413645571
4550,4.55,-76.2391306403306
4556.25,4.55625,-76.7630716779538
4562.5,4.5625,-77.7003628523328
4568.75,4.56875,-79.1520500108864
4575,4.575,-81.3288768327088
4581.25,4.58125,-84.7336838339272
4587.5,4.5875,-91.087922465356
4593.75,4.59375,-109.834988719588
4600,4.6,-89.3380862504653
4606.25,4.60625,-83.9353370023029
4612.5,4.6125,-80.8802640827949
4618.75,4.61875,-78.9046903927833
4625,4.625,-77.596363180286
4631.25,4.63125,-76.7752952702339
4637.5,4.6375,-76.3544055398663
4643.75,4.64375,-76.294894733807
4650,4.65,-76.5907090199733
4656.25,4.65625,-77.2663480564298
4662.5,4.6625,-78.3861202562766
4668.75,4.66875,-80.0834115335454
4675,4.675,-82.6460028525641
4681.25,4.68125,-86.833139239337
4687.5,4.6875,-96.1516023815364
4693.75,4.69375,-96.5195322998122
4700,4.7,-86.9850778049589
4706.25,4.70625,-82.7722706823838
4712.5,4.7125,-80.2110906470672
4718.75,4.71875,-78.5241074497148
4725,4.725,-77.4185233879953
4731.25,4.73125,-76.7589523472308
4737.5,4.7375,-76.4800569486162
4743.75,4.74375,-76.5566522994145
4750,4.75,-76.9941699697933
4756.25,4.75625,-77.8306235691283
4762.5,4.7625,-79.1517756225547
4768.75,4.76875,-81.1347890311779
4775,4.775,-84.1839304604519
4781.25,4.78125,-89.5309520795735
4787.5,4.7875,-108.601976758758
4793.75,4.79375,-91.6950332412763
4800,4.8,-85.2533495818787
4806.25,4.80625,-81.8367658072281
4812.5,4.8125,-79.6652899794121
4818.75,4.81875,-78.2254081369435
4825,4.825,-77.3028909158381
4831.25,4.83125,-76.7951475227515
4837.5,4.8375,-76.6544007803057
4843.75,4.84375,-76.8677163399929
4850,4.85,-77.4522713344242
4856.25,4.85625,-78.4616998203677
4862.5,4.8625,-80.0091850611104
4868.75,4.86875,-82.333442477511
4875,4.875,-86.0254818126958
4881.25,4.88125,-93.3267337547728
4887.5,4.8875,-102.335322113872
4893.75,4.89375,-88.7638864878858
4900,4.9,-83.9132245014284
4906.25,4.90625,-81.0750282120592
4912.5,4.9125,-79.2226789755194
4918.75,4.91875,-77.9992847821969
4925,4.925,-77.2448695633329
4931.25,4.93125,-76.8818543439305
4937.5,4.9375,-76.8772114389367
4943.75,4.94375,-77.2295732177265
4950,4.95,-77.9687384781807
4956.25,4.95625,-79.1671511614091
4962.5,4.9625,-80.9743054019149
4968.75,4.96875,-83.7192378059168
4975,4.975,-88.3163875393602
4981.25,4.98125,-99.8884875641383
4987.5,4.9875,-94.6746044488244
4993.75,4.99375,-86.7009294872393
5000,5,-82.845054033959
5006.25,5.00625,-80.451665307004
5012.5,5.0125,-78.8685942512771
5018.75,5.01875,-77.8386892942447
5025,5.025,-77.241023458315
5031.25,5.03125,-77.0177951132114
5037.5,5.0375,-77.1489031003976
5043.75,5.04375,-77.6444615948428
5050,5.05,-78.5484807592357
5056.25,5.05625,-79.9569248933265
5062.5,5.0625,-82.0691468061123
5068.75,5.06875,-85.353643937048
5075,5.075,-91.3510274094435
5081.25,5.08125,-121.149458518793
5087.5,5.0875,-90.8387755245529
5093.75,5.09375,-85.1425379810983
5100,5.1,-81.978642036334
5106.25,5.10625,-79.9422449409432
5112.5,5.1125,-78.5921434064768
5118.75,5.11875,-77.738265301705
5125,5.125,-77.288861918067
5131.25,5.13125,-77.2023673813525
5137.5,5.1375,-77.4705425302961
5143.75,5.14375,-78.1154851118532
5150,5.15,-79.1979089150949
5156.25,5.15625,-80.8442568202814
5162.5,5.1625,-83.3250902590596
5168.75,5.16875,-87.3386064190346
5175,5.175,-95.8846337693697
5181.25,5.18125,-98.8487041759647
5187.5,5.1875,-88.3211536785991
5193.75,5.19375,-83.9172340671152
5200,5.2,-81.2693705491685
5206.25,5.20625,-79.5292859385564
5212.5,5.2125,-78.3851123643812
5218.75,5.21875,-77.6939649133841
5225,5.225,-77.3866933180709
5231.25,5.23125,-77.4356067798351
5237.5,5.2375,-77.8438954903596
5243.75,5.24375,-78.6467829750738
5250,5.25,-79.9254029263583
5256.25,5.25625,-81.8471145147298
5262.5,5.2625,-84.7888931021561
5268.75,5.26875,-89.8620559695403
5275,5.275,-105.336244183981
5281.25,5.28125,-93.3672658179339
5287.5,5.2875,-86.4846313169051
5293.75,5.29375,-82.9305002457486
5300,5.3,-80.6872074868161
5306.25,5.30625,-79.1999427907933
5312.5,5.3125,-78.2412567163314
5318.75,5.31875,-77.7027864083131
5325,5.325,-77.5335296256698
5331.25,5.33125,-77.7181821056538
5337.5,5.3375,-78.2715117357376
5343.75,5.34375,-79.2437806469964
5350,5.35,-80.7420140359894
5356.25,5.35625,-82.9905716938247
5362.5,5.3625,-86.5344993775954
5368.75,5.36875,-93.3336242679074
5375,5.375,-106.293630699914
5381.25,5.38125,-90.1800053514332
5387.5,5.3875,-85.0686853137566
5393.75,5.39375,-82.1247730105665
5400,5.4,-80.2110641362181
5406.25,5.40625,-78.9445944115938
5412.5,5.4125,-78.1558288300846
5418.75,5.41875,-77.762594457719
5425,5.425,-77.7290304932319
5431.25,5.43125,-78.0514220696139
5437.5,5.4375,-78.7568582880318
5443.75,5.44375,-79.9135568947135
5450,5.45,-81.6625473878658
5456.25,5.45625,-84.3109329676146
5462.5,5.4625,-88.6890258061194
5468.75,5.46875,-98.9775745372385
5475,5.475,-96.6727138441961
5481.25,5.48125,-87.9737220029712
5487.5,5.4875,-83.9410453459712
5493.75,5.49375,-81.4624816782101
5500,5.5,-79.825655513282
5506.25,5.50625,-78.7559464502967
5512.5,5.5125,-78.1252560077473
5518.75,5.51875,-77.8719992648804
5525,5.525,-77.9734807367807
5531.25,5.53125,-78.4373765068094
5537.5,5.5375,-79.3045173370305
5543.75,5.54375,-80.6653873195156
5550,5.55,-82.7072939421552
5556.25,5.55625,-85.8634190836185
5562.5,5.5625,-91.4999830312935
5568.75,5.56875,-117.804948948794
5575,5.575,-92.38708476493
5581.25,5.58125,-86.3196569913114
5587.5,5.5875,-83.0253747352324
5593.75,5.59375,-80.9178381399368
5600,5.6,-79.5196414814029
5606.25,5.60625,-78.6284409007129
5612.5,5.6125,-78.1469194193831
5618.75,5.61875,-78.0302800911315
5625,5.625,-78.2677987600804
5631.25,5.63125,-78.8789187594385
5637.5,5.6375,-79.9204754503638
5643.75,5.64375,-81.5115670601966
5650,5.65,-83.9049340947716
5656.25,5.65625,-87.7378740505501
5662.5,5.6625,-95.5606385406745
5668.75,5.66875,-101.615725151925
5675,5.675,-89.6603876040829
5681.25,5.68125,-85.0233961969864
5687.5,5.6875,-82.2736973005337
5693.75,5.69375,-80.4724649712453
5700,5.7,-79.2844711155862
5706.25,5.70625,-78.5578580607084
5712.5,5.7125,-78.2190031537002
5718.75,5.71875,-78.2373445645574
5725,5.725,-78.6135767642628
5731.25,5.73125,-79.3799011687624
5737.5,5.7375,-80.6125477582136
5743.75,5.74375,-82.4686953228488
5750,5.75,-85.2977056387581
5756.25,5.75625,-90.0952485823968
5762.5,5.7625,-103.086203430305
5768.75,5.76875,-95.1464917360568
5775,5.775,-87.6978898537797
5781.25,5.78125,-83.9802563358399
5787.5,5.7875,-81.6539799405828
5793.75,5.79375,-80.1128936336842
5800,5.8,-79.1136360403028
5806.25,5.80625,-78.5410439511796
5812.5,5.8125,-78.340394444105
5818.75,5.81875,-78.4937193775783
5825,5.825,-79.0131570161253
5831.25,5.83125,-79.9453833517093
5837.5,5.8375,-81.3910101718551
5843.75,5.84375,-83.5597636325612
5850,5.85,-86.9513429793387
5856.25,5.85625,-93.2701323033267
5862.5,5.8625,-112.624819813233
5868.75,5.86875,-91.6246130356306
5875,5.875,-86.1945702420947
5881.25,5.88125,-83.1274640747763
5887.5,5.8875,-81.1438594592601
5893.75,5.89375,-79.829050318184
5900,5.9,-79.002173445298
5906.25,5.90625,-78.5757229456202
5912.5,5.9125,-78.5106235082119
5918.75,5.91875,-78.8005713618962
5925,5.925,-79.4697526905874
5931.25,5.93125,-80.5819652434388
5937.5,5.9375,-82.2695661222726
5943.75,5.94375,-84.8177296626881
5950,5.95,-88.9762849282473
5956.25,5.95625,-98.1697268605836
5962.5,5.9625,-98.9134075892081
5968.75,5.96875,-89.2431962731205
5975,5.975,-85.0007143082374
5981.25,5.98125,-82.4244930843894
5987.5,5.9875,-80.7271937606109
5993.75,5.99375,-79.6132980730824
6000,6,-78.9463282154993
6006.25,6.00625,-78.6603708533965
6012.5,6.0125,-78.7298364137309
6018.75,6.01875,-79.1597611236995
6025,6.025,-79.9876277457204
6031.25,6.03125,-81.2982775396539
6037.5,6.0375,-83.266876765666
6043.75,6.04375,-86.2920489120758
6050,6.05,-91.5800963292091
6056.25,6.05625,-109.759470090089
6062.5,6.0625,-94.0049957716315
6068.75,6.06875,-87.4774362779484
6075,6.075,-84.0317338919071
6081.25,6.08125,-81.8437456190237
6087.5,6.0875,-80.3920389051118
6093.75,6.09375,-79.4598093990459
6100,6.1,-78.9433206333266
6106.25,6.10625,-78.7941331593939
6112.5,6.1125,-78.9987980873684
6118.75,6.11875,-79.5739350207338
6125,6.125,-80.5723593744151
6131.25,6.13125,-82.1057185705637
6137.5,6.1375,-84.4090926789578
6143.75,6.14375,-88.0616849632394
6150,6.15,-95.2302578727867
6156.25,6.15625,-105.12452169719
6162.5,6.1625,-91.0160913417558
6168.75,6.16875,-86.1012132012674
6175,6.175,-83.2352333451636
6181.25,6.18125,-81.3656674120168
6187.5,6.1875,-80.1294006531666
6193.75,6.19375,-79.3641443599393
6200,6.2,-78.9911870656256
6206.25,6.20625,-78.9767792370348
6212.5,6.2125,-79.3189257522721
6218.75,6.21875,-80.0466659679452
6225,6.225,-81.2312213455085
6231.25,6.23125,-83.0195940761842
6237.5,6.2375,-85.734284762148
6243.75,6.24375,-90.2642514885695
6250,6.25,-101.428019730223
6256.25,6.25625,-97.0763609616436
6262.5,6.2625,-88.9040086175935
6268.75,6.26875,-84.9963136594592
6275,6.275,-82.5765908525991
6281.25,6.28125,-80.9759854097634
6287.5,6.2875,-79.9324323845241
6293.75,6.29375,-79.3229619037607
6300,6.3,-79.0886734828344
6306.25,6.30625,-79.2086876293784
6312.5,6.3125,-79.6923563018507
6318.75,6.31875,-80.5826604156183
6325,6.325,-81.9737518029323
6331.25,6.33125,-84.0609485249316
6337.5,6.3375,-87.3007811844443
6343.75,6.34375,-93.1734583133795
6350,6.35,-140.153182635348
6356.25,6.35625,-93.115745546588
6362.5,6.3625,-87.300870061886
6368.75,6.36875,-84.0932072570579
6375,6.375,-82.0318193205058
6381.25,6.38125,-80.664051531039
6387.5,6.3875,-79.7959034164454
6393.75,6.39375,-79.3338210548937
6400,6.4,-79.2351694199975
6406.25,6.40625,-79.4908608456693
6412.5,6.4125,-80.1220549902133
6418.75,6.41875,-81.1880596006425
6425,6.425,-82.8126144102249
6431.25,6.43125,-85.2596533574964
6437.5,6.4375,-89.2044340836402
6443.75,6.44375,-97.4712627523975
6450,6.45,-101.522659177927
6456.25,6.45625,-90.5213826784352
6462.5,6.4625,-86.0336180249388
6468.75,6.46875,-83.3476084085795
6475,6.475,-81.5837002893781
6481.25,6.48125,-80.4218025721971
6487.5,6.4875,-79.7158384157993
6493.75,6.49375,-79.3950453625166
6500,6.5,-79.4306751558413
6506.25,6.50625,-79.8249711914673
6512.5,6.5125,-80.6119781347706
6518.75,6.51875,-81.8708810111702
6525,6.525,-83.7649473708018
6531.25,6.53125,-86.6599456057438
6537.5,6.5375,-91.6194946901467
6543.75,6.54375,-105.986196349263
6550,6.55,-95.722796179047
6556.25,6.55625,-88.6258837439326
6562.5,6.5625,-85.0069893803234
6568.75,6.56875,-82.7296543551297
6575,6.575,-81.2195425690699
6581.25,6.58125,-80.2430827603771
6587.5,6.5875,-79.6892695286343
6593.75,6.59375,-79.5056341140293
6600,6.6,-79.675798650356
6606.25,6.60625,-80.2134424968602
6612.5,6.6125,-81.1673105220775
6618.75,6.61875,-82.6416770550995
6625,6.625,-84.8545665783564
6631.25,6.63125,-88.331188095372
6637.5,6.6375,-94.9169789890006
6643.75,6.64375,-110.183228098972
6650,6.65,-92.4033653773993
6656.25,6.65625,-87.1598176460301
6662.5,6.6625,-84.1630055636796
6668.75,6.66875,-82.2183385883659
6675,6.675,-80.9298116351023
6681.25,6.68125,-80.123189998284
6687.5,6.6875,-79.7140658274299
6693.75,6.69375,-79.6652102947357
6700,6.7,-79.9717819082981
6706.25,6.70625,-80.6595768687448
6712.5,6.7125,-81.7948110383878
6718.75,6.71875,-83.5145446709156
6725,6.725,-86.1157587367229
6731.25,6.73125,-90.391150679969
6737.5,6.7375,-100.152437394533
6743.75,6.74375,-99.2248506065899
6750,6.75,-90.1137479094151
6756.25,6.75625,-85.9873250162224
6762.5,6.7625,-83.4638338797194
6768.75,6.76875,-81.7984084455047
6775,6.775,-80.7072553832645
6781.25,6.78125,-80.05856598778
6787.5,6.7875,-79.7888181957576
6793.75,6.79375,-79.8739997229481
6800,6.8,-80.3205595024225
6806.25,6.80625,-81.1677416797594
6812.5,6.8125,-82.503321715654
6818.75,6.81875,-84.5087290821614
6825,6.825,-87.6002682953561
6831.25,6.83125,-93.064749474922
6837.5,6.8375,-114.427469408012
6843.75,6.84375,-94.6759714747916
6850,6.85,-88.396668983276
6856.25,6.85625,-85.0303264627992
6862.5,6.8625,-82.883503310705
6868.75,6.86875,-81.4585258205029
6875,6.875,-80.5463277351524
6881.25,6.88125,-80.0465826590363
6887.5,6.8875,-79.9127661249105
6893.75,6.89375,-80.1328391856927
6900,6.9,-80.7248555571203
6906.25,6.90625,-81.7436414131933
6912.5,6.9125,-83.3045337666677
6918.75,6.91875,-85.6512897557132
6925,6.925,-89.3913612079129
6931.25,6.93125,-96.8727901109654
6937.5,6.9375,-104.746465584036
6943.75,6.94375,-91.8211055969718
6950,6.95,-87.0480319408285
6956.25,6.95625,-84.2398836904774
6962.5,6.9625,-82.4034978524811
6968.75,6.96875,-81.1901223581438
6975,6.975,-80.442799111555
6981.25,6.98125,-80.085395777487
6987.5,6.9875,-80.0857583773044
6993.75,6.99375,-80.4432144006305
7000,7,-81.1883302650478
7006.25,7.00625,-82.3947143816896
7012.5,7.0125,-84.2141756614219
7018.75,7.01875,-86.981795053691
7025,7.025,-91.6357946984924
7031.25,7.03125,-103.599329581009
7037.5,7.0375,-97.5830651918448
7043.75,7.04375,-89.7745843182359
7050,7.05,-85.9589401965525
7056.25,7.05625,-83.5833783653581
7062.5,7.0625,-82.0102367255536
7068.75,7.06875,-80.9866589482944
7075,7.075,-80.393489007552
7081.25,7.08125,-80.17384766164
7087.5,7.0875,-80.3082433779139
7093.75,7.09375,-80.8073317795732
7100,7.1,-81.7157940577435
7106.25,7.10625,-83.1307208029436
7112.5,7.1125,-85.2539291756072
7118.75,7.11875,-88.5612270512637
7125,7.125,-94.6307148205569
7131.25,7.13125,-120.711602835403
7137.5,7.1375,-93.8398412912432
7143.75,7.14375,-88.2074038421243
7150,7.15,-85.0644781818585
7156.25,7.15625,-83.0380623365626
7162.5,7.1625,-81.693550120855
7168.75,7.16875,-80.8431322351123
7175,7.175,-80.3960815941707
7181.25,7.18125,-80.3114079287397
7187.5,7.1875,-80.5812883357175
7193.75,7.19375,-81.2282318532535
7200,7.2,-82.3135186990283
7206.25,7.20625,-83.9646364244439
7212.5,7.2125,-86.4546762811774
7218.75,7.21875,-90.4906278877794
7225,7.225,-99.1415923266353
7231.25,7.23125,-101.704720152738
7237.5,7.2375,-91.3381188680447
7243.75,7.24375,-86.960758350465
7250,7.25,-84.3229040130162
7256.25,7.25625,-82.5875229264669
7262.5,7.2625,-81.4457152121932
7268.75,7.26875,-80.7557386162914
7275,7.275,-80.4490002439105
7281.25,7.28125,-80.4981459003017
7287.5,7.2875,-80.9066290591009
7293.75,7.29375,-81.7099576380981
7300,7.3,-82.9896931578956
7306.25,7.30625,-84.9140564857318
7312.5,7.3125,-87.8623592130898
7318.75,7.31875,-92.9559452998992
7325,7.325,-108.677503535676
7331.25,7.33125,-96.3346197767882
7337.5,7.3375,-89.4904977789416
7343.75,7.34375,-85.9458395766582
7350,7.35,-83.7058699961973
7356.25,7.35625,-82.2196145870901
7362.5,7.3625,-81.2608247428831
7368.75,7.36875,-80.7216427386305
7375,7.375,-80.5513260279474
7381.25,7.38125,-80.7347318010606
7387.5,7.3875,-81.2867557450487
7393.75,7.39375,-82.2577994608474
7400,7.4,-83.7551046119972
7406.25,7.40625,-86.0034974710125
7412.5,7.4125,-89.5494609814848
7418.75,7.41875,-96.3612246856661
7425,7.425,-109.170891120835
7431.25,7.43125,-93.1566017160239
7437.5,7.4375,-88.0513284976934
7443.75,7.44375,-85.1080142598478
7450,7.45,-83.1933267095511
7456.25,7.45625,-81.9251847523801
7462.5,7.4625,-81.1343622687858
7468.75,7.46875,-80.7388181871313
7475,7.475,-80.7027511483531
7481.25,7.48125,-81.02246686668
7487.5,7.4875,-81.725044330582
7493.75,7.49375,-82.8786510553429
7500,7.5,-84.6241845772848
7506.25,7.50625,-87.2683798713592
7512.5,7.5125,-91.6401348821856
7518.75,7.51875,-101.905725471459
7525,7.525,-99.6491462879119
7531.25,7.53125,-90.9330766818753
7537.5,7.5375,-86.8943156186622
7543.75,7.54375,-84.4113544562864
7550,7.55,-82.7706547291416
7556.25,7.55625,-81.6972563177533
7562.5,7.5625,-81.0629112109479
7568.75,7.56875,-80.8059403406834
7575,7.575,-80.90356239126
7581.25,7.58125,-81.3633454761417
7587.5,7.5875,-82.2259492227841
7593.75,7.59375,-83.5815343027504
7600,7.6,-85.6166757483452
7606.25,7.60625,-88.7624124685887
7612.5,7.6125,-94.3747102584424
7618.75,7.61875,-119.859358018474
7625,7.625,-95.3470731655129
7631.25,7.63125,-89.251571426811
7637.5,7.6375,-85.9459663604813
7643.75,7.64375,-83.8310518180458
7650,7.65,-82.4269509195124
7656.25,7.65625,-81.5304861329584
7662.5,7.6625,-81.0439540496836
7668.75,7.66875,-80.9223190237569
7675,7.675,-81.1546528973922
7681.25,7.68125,-81.7601559953816
7687.5,7.6875,-82.7952829230562
7693.75,7.69375,-84.3783901041895
7700,7.7,-86.7604138953501
7706.25,7.70625,-90.5725866962599
7712.5,7.7125,-98.323112135192
7718.75,7.71875,-104.725404444239
7725,7.725,-92.5888966377554
7731.25,7.73125,-87.9232434055451
7737.5,7.7375,-85.159814602217
7743.75,7.74375,-83.3493391400986
7750,7.75,-82.1539551791772
7756.25,7.75625,-81.4207977745486
7762.5,7.7625,-81.0757348147848
7768.75,7.76875,-81.0878636585612
7775,7.775,-81.4575634482934
7781.25,7.78125,-82.2166318664648
7787.5,7.7875,-83.4406240133883
7793.75,7.79375,-85.2853078862177
7800,7.8,-88.0962519915834
7806.25,7.80625,-92.8536868718755
7812.5,7.8125,-105.555517444866
7818.75,7.81875,-98.131948425027
7825,7.825,-90.5906819114179
7831.25,7.83125,-86.8458107763489
7837.5,7.8375,-84.5046906772151
7843.75,7.84375,-82.9531389377362
7850,7.85,-81.9453527857078
7856.25,7.85625,-81.3651288713024
7862.5,7.8625,-81.1571681934448
7868.75,7.86875,-81.3030772945446
7875,7.875,-81.8145575855129
7881.25,7.88125,-82.7376717046015
7887.5,7.8875,-84.1719224973556
7893.75,7.89375,-86.3245147731642
7900,7.9,-89.6874637605412
7906.25,7.90625,-95.9239055372599
7912.5,7.9125,-116.956999043218
7918.75,7.91875,-94.5444606646609
7925,7.925,-89.0502907911738
7931.25,7.93125,-85.9576887430432
7937.5,7.9375,-83.9587504646268
7943.75,7.94375,-82.6326317347156
7950,7.95,-81.7963076726267
7956.25,7.95625,-81.3612567803914
7962.5,7.9625,-81.2877850515936
7968.75,7.96875,-81.5690789005839
7975,7.975,-82.2287387938354
7981.25,7.98125,-83.3296586610009
7987.5,7.9875,-85.0024212895264
7993.75,7.99375,-87.5277602718143
8000,8,-91.6396170251535
8006.25,8.00625,-100.627151112097
8012.5,8.0125,-102.023241311515
8018.75,8.01875,-92.1112788594945
8025,8.025,-87.8190819619372
8031.25,8.03125,-85.2189935285943
8037.5,8.0375,-83.5061738732992
8043.75,8.04375,-82.3803458717564
8050,8.05,-81.703143775656
8056.25,8.05625,-81.4076802176701
8062.5,8.0625,-81.4677085837933
8068.75,8.06875,-81.8876562055847
8075,8.075,-82.7042235057874
8081.25,8.08125,-84.0009285554597
8087.5,8.0875,-85.9501075936967
8093.75,8.09375,-88.9424576452894
8100,8.1,-94.1490154650656
8106.25,8.10625,-111.224193557408
8112.5,8.1125,-96.952855173236
8118.75,8.11875,-90.2996345634811
8125,8.125,-86.8129405093326
8131.25,8.13125,-84.6024946170425
8137.5,8.1375,-83.1352194965163
8143.75,8.14375,-82.1905588593495
8150,8.15,-81.663125150985
8156.25,8.15625,-81.5035429440989
8162.5,8.1625,-81.6976586381135
8168.75,8.16875,-82.2613546843933
8175,8.175,-83.2463921381138
8181.25,8.18125,-84.7624700442199
8187.5,8.1875,-87.040100235205
8193.75,8.19375,-90.6438009078258
8200,8.2,-97.6497288020524
8206.25,8.20625,-108.754731408234
8212.5,8.2125,-93.8792934305636
8218.75,8.21875,-88.8808492983403
8225,8.225,-85.9796982237609
8231.25,8.23125,-84.0888538724013
8237.5,8.2375,-82.8370196012651
8243.75,8.24375,-82.0588933905635
8250,8.25,-81.6743047039571
8256.25,8.25625,-81.6485911500818
8262.5,8.2625,-81.9789846522917
8268.75,8.26875,-82.6936126475809
8275,8.275,-83.8622540816309
8281.25,8.28125,-85.6290022756531
8287.5,8.2875,-88.3087980503824
8293.75,8.29375,-92.7615494231568
8300,8.3,-103.479598726227
8306.25,8.30625,-100.127017374474
8312.5,8.3125,-91.7056949739763
8318.75,8.31875,-87.7356173005966
8325,8.325,-85.2848448443303
8331.25,8.33125,-83.663925735064
8337.5,8.3375,-82.6048035509684
8343.75,8.34375,-81.9820400329092
8350,8.35,-81.7354227934349
8356.25,8.35625,-81.8431600858131
8362.5,8.3625,-82.3137306051275
8368.75,8.36875,-83.1889587563764
8375,8.375,-84.5609859066927
8381.25,8.38125,-86.6206964809204
8387.5,8.3875,-89.811613866921
8393.75,8.39375,-95.5498022875165
8400,8.4,-127.507735963699
8406.25,8.40625,-96.0050367973879
8412.5,8.4125,-90.0513818040288
8418.75,8.41875,-86.7938497736091
8425,8.425,-84.7044443643429
8431.25,8.43125,-83.3171346517022
8437.5,8.4375,-82.4333816323366
8443.75,8.44375,-81.9575656757846
8450,8.45,-81.8458441508732
8456.25,8.45625,-82.0881885712262
8462.5,8.4625,-82.704738973281
8468.75,8.46875,-83.7532982423132
8475,8.475,-85.3547436860826
8481.25,8.48125,-87.7660590327024
8487.5,8.4875,-91.6387961618126
8493.75,8.49375,-99.6237738899438
8500,8.5,-104.889869652624
8506.25,8.50625,-93.3199901315608
8512.5,8.5125,-88.7386843073867
8518.75,8.51875,-86.0109356161352
8525,8.525,-84.2212952482635
8531.25,8.53125,-83.040454118318
8537.5,8.5375,-82.3187941115972
8543.75,8.54375,-81.9837825048697
8550,8.55,-82.0055263519257
8556.25,8.55625,-82.3852628622332
8562.5,8.5625,-83.1558056094367
8568.75,8.56875,-84.394330555172
8575,8.575,-86.2599284674761
8581.25,8.58125,-89.1070570541791
8587.5,8.5875,-93.9522303017844
8593.75,8.59375,-107.34136923465
8600,8.6,-98.6951877630356
8606.25,8.60625,-91.3589162694543
8612.5,8.6125,-87.6702562385347
8618.75,8.61875,-85.3568014251112
8625,8.625,-83.8227025579924
8631.25,8.63125,-82.8277405344565
8637.5,8.6375,-82.2580693898659
8643.75,8.64375,-82.0596618136114
8650,8.65,-82.2150165883804
8656.25,8.65625,-82.7366944553482
8662.5,8.6625,-83.6719048475399
8668.75,8.66875,-85.1221696191879
8675,8.675,-87.2992392365644
8681.25,8.68125,-90.7089633107243
8687.5,8.6875,-97.0890949504555
8693.75,8.69375,-115.286017777312
8700,8.7,-95.2248811461619
8706.25,8.70625,-89.8393166221741
8712.5,8.7125,-86.7870292569621
8718.75,8.71875,-84.8102919615449
8725,8.725,-83.4991146488871
8731.25,8.73125,-82.6742862691613
8737.5,8.7375,-82.2490571194128
8743.75,8.74375,-82.1847830793938
8750,8.75,-82.47547641028
8756.25,8.75625,-83.1456403645075
8762.5,8.7625,-84.2595159476524
8768.75,8.76875,-85.9502895257039
8775,8.775,-88.5051784419911
8781.25,8.78125,-92.6813269920689
8787.5,8.7875,-101.966914581409
8793.75,8.79375,-102.413825586701
8800,8.8,-92.8445446257885
8806.25,8.80625,-88.6201582415434
8812.5,8.8125,-86.0505363673766
8818.75,8.81875,-84.3560414230196
8825,8.825,-83.2432529883393
8831.25,8.83125,-82.5765138962783
8837.5,8.8375,-82.2903151167681
8843.75,8.84375,-82.3593129429828
8850,8.85,-82.7887369705925
8856.25,8.85625,-83.6162800279527
8862.5,8.8625,-84.9271018193976
8868.75,8.86875,-86.8970172869276
8875,8.875,-89.9264416271934
8881.25,8.88125,-95.2296825113091
8887.5,8.8875,-113.676363885811
8893.75,8.89375,-97.5646701911711
8900,8.9,-91.0609903890134
8906.25,8.90625,-87.6208914058701
8912.5,8.9125,-85.434405079867
8918.75,8.91875,-83.9826199417987
8925,8.925,-83.0495380071104
8931.25,8.93125,-82.5317649927014
8937.5,8.9375,-82.381036941197
8943.75,8.94375,-82.5840119434285
8950,8.95,-83.1573906233093
8956.25,8.95625,-84.1540716531566
8962.5,8.9625,-85.685825844468
8968.75,8.96875,-87.9879951892736
8975,8.975,-91.6406007434823
8981.25,8.98125,-98.815481717918
8987.5,8.9875,-108.643879742311
8993.75,8.99375,-94.5715280145013
9000,9,-89.6582456752202
9006.25,9.00625,-86.791239766014
9012.5,9.0125,-84.9198468732055
9018.75,9.01875,-83.6813805258979
9025,9.025,-82.9137007162669
9031.25,9.03125,-82.5381549054313
9037.5,9.0375,-82.5210122785892
9043.75,9.04375,-82.8602696893401
9050,9.05,-83.5849291421192
9056.25,9.05625,-84.766124885505
9062.5,9.0625,-86.5506570572572
9068.75,9.06875,-89.2604751356023
9075,9.075,-93.7823782122624
9081.25,9.08125,-104.909859652207
9087.5,9.0875,-100.629543301422
9093.75,9.09375,-92.4370521775572
9100,9.1,-88.5223340265288
9106.25,9.10625,-86.0977895801552
9112.5,9.1125,-84.4930843203184
9118.75,9.11875,-83.4457134118134
9125,9.125,-82.8325156932103
9131.25,9.13125,-82.5944757032583
9137.5,9.1375,-82.7106160215074
9143.75,9.14375,-83.1901720974336
9150,9.15,-84.0759453115782
9156.25,9.15625,-85.4617507193815
9162.5,9.1625,-87.5421397382047
9168.75,9.16875,-90.7713627823442
9175,9.175,-96.6182453798456
9181.25,9.18125,-158.663452764333
9187.5,9.1875,-96.6449394443959
9193.75,9.19375,-90.8042638671016
9200,9.2,-87.5857931563633
9206.25,9.20625,-85.5172838044606
9212.5,9.2125,-84.1437976408107
9218.75,9.21875,-83.2705491200631
9225,9.225,-82.8036165475607
9231.25,9.23125,-82.7001363529482
9237.5,9.2375,-82.9508249356441
9243.75,9.24375,-83.5766079388016
9250,9.25,-84.6364248347978
9256.25,9.25625,-86.2532925610511
9262.5,9.2625,-88.6893655643933
9268.75,9.26875,-92.6137792900159
9275,9.275,-100.805254199864
9281.25,9.28125,-105.158916136959
9287.5,9.2875,-94.0172318583353
9293.75,9.29375,-89.5040252054279
9300,9.3,-86.805455632664
9306.25,9.30625,-85.0329635444893
9312.5,9.3125,-83.8641436251794
9318.75,9.31875,-83.1520199244045
9325,9.325,-82.8253698411342
9331.25,9.33125,-82.8551337557661
9337.5,9.3375,-83.2432636060691
9343.75,9.34375,-84.0234269315884
9350,9.35,-85.2741723805095
9356.25,9.35625,-87.1574232510595
9362.5,9.3625,-90.0352775962862
9368.75,9.36875,-94.9559374179578
9375,9.375,-108.989503800384
9381.25,9.38125,-99.2594144880528
9387.5,9.3875,-92.0856747546789
9393.75,9.39375,-88.4428135498241
9400,9.4,-86.152106912471
9406.25,9.40625,-84.6324346638815
9412.5,9.4125,-83.6481136307136
9418.75,9.41875,-83.0872262989662
9425,9.425,-82.896792512903
9431.25,9.43125,-83.0600516744214
9437.5,9.4375,-83.5902844607966
9443.75,9.44375,-84.5356691565584
9450,9.45,-85.9994448772461
9456.25,9.45625,-88.1972542074278
9462.5,9.4625,-91.646908537039
9468.75,9.46875,-98.152224169656
9475,9.475,-114.435570585598
9481.25,9.48125,-95.8806001110792
9487.5,9.4875,-90.5827409984715
9493.75,9.49375,-87.5635292535578
9500,9.5,-85.6051344242408
9506.25,9.50625,-84.3063570943273
9512.5,9.5125,-83.4911018730986
9518.75,9.51875,-83.0740757578394
9525,9.525,-83.017503712392
9531.25,9.53125,-83.3160874405451
9537.5,9.5375,-83.9950906588141
9543.75,9.54375,-85.1198976552948
9550,9.55,-86.8259184511876
9556.25,9.55625,-89.4059478442911
9562.5,9.5625,-93.6373386236588
9568.75,9.56875,-103.189280845598
9575,9.575,-102.843480089612
9581.25,9.58125,-93.5423333216287
9587.5,9.5875,-89.3733055050952
9593.75,9.59375,-86.8288217840609
9600,9.6,-85.1495319504176
9606.25,9.60625,-84.0476055745565
9612.5,9.6125,-83.3896096184316
9618.75,9.61875,-83.111173855335
9625,9.625,-83.1877060030855
9631.25,9.63125,-83.6251091729389
9637.5,9.6375,-84.4619163453173
9643.75,9.64375,-85.7846864146176
9650,9.65,-87.7722176337782
9656.25,9.65625,-90.8333279946039
9662.5,9.6625,-96.2203829251685
9668.75,9.66875,-116.076793704171
9675,9.675,-98.1645603056535
9681.25,9.68125,-91.7813854705332
9687.5,9.6875,-88.3796192660681
9693.75,9.69375,-86.2129987023227
9700,9.7,-84.7741173096069
9706.25,9.70625,-83.8507145138006
9712.5,9.7125,-83.3410407144975
9718.75,9.71875,-83.1977547984226
9725,9.725,-83.4081940245072
9731.25,9.73125,-83.9897495678634
9737.5,9.7375,-84.9962876035148
9743.75,9.74375,-86.5413518184808
9750,9.75,-88.8644440663939
9756.25,9.75625,-92.5590704355336
9762.5,9.7625,-99.8825562464127
9768.75,9.76875,-108.707766840917
9775,9.775,-95.235344409598
9781.25,9.78125,-90.3916495915776
9787.5,9.7875,-87.5529043152312
9793.75,9.79375,-85.6977092153827
9800,9.8,-84.4704197642875
9806.25,9.80625,-83.7115017644233
9812.5,9.8125,-83.3435610637963
9818.75,9.81875,-83.3336441928257
9825,9.825,-83.6803914879402
9831.25,9.83125,-84.4135467915489
9837.5,9.8375,-85.6054018375065
9843.75,9.84375,-87.4050820949859
9850,9.85,-90.1406005025463
9856.25,9.85625,-94.7223241170317
9862.5,9.8625,-106.223033033563
9868.75,9.86875,-101.141789273598
9875,9.875,-93.132425537138
9881.25,9.88125,-89.2633475541926
9887.5,9.8875,-86.8606207801147
9893.75,9.89375,-85.2694703570255
9900,9.9,-84.2319585681132
9906.25,9.90625,-83.6268096574411
9912.5,9.9125,-83.396004983562
9918.75,9.91875,-83.5192500793307
9925,9.925,-84.00642032268
9931.25,9.93125,-84.901149601586
9937.5,9.9375,-86.2986879714834
9943.75,9.94375,-88.396749377099
9950,9.95,-91.658912015264
9956.25,9.95625,-97.6007389655527
9962.5,9.9625,-131.232352951696
9968.75,9.96875,-97.265582981553
9975,9.975,-91.5171601714212
9981.25,9.98125,-88.331105977869
9987.5,9.9875,-86.2800554459017
9993.75,9.99375,-84.9181677682388
10000,10,-84.0537611190953
10006.25,10.00625,-83.594325978524
10012.5,10.0125,-83.4978179558503
10018.75,10.01875,-83.7555813530499
10025,10.025,-84.3892094245106
10031.25,10.03125,-85.4586142253448
10037.5,10.0375,-87.0886540462744
10043.75,10.04375,-89.5459609699126
10050,10.05,-93.5150538193541
10056.25,10.05625,-101.890109316809
10062.5,10.0625,-105.489994887676
10068.75,10.06875,-94.6841272438155
10075,10.075,-90.2271386941721
10081.25,10.08125,-87.5529135502268
10087.5,10.0875,-85.7948054984631
10093.75,10.09375,-84.6361060460296
10100,10.1,-83.9320342093807
10106.25,10.10625,-83.6124617892489
10112.5,10.1125,-83.6490297132137
10118.75,10.11875,-84.0442954344166
10125,10.125,-84.8326555238719
10131.25,10.13125,-86.0938377911415
10137.5,10.1375,-87.9922121695631
10143.75,10.14375,-90.8965224607335
10150,10.15,-95.8829147483285
10156.25,10.15625,-110.524451953599
10162.5,10.1625,-99.8181641811901
10168.75,10.16875,-92.7766583400937
10175,10.175,-89.1718888717977
10181.25,10.18125,-86.9002472232656
10187.5,10.1875,-85.3927197349107
10193.75,10.19375,-84.417385833783
10200,10.2,-83.8639370290578
10206.25,10.20625,-83.6802717203786
10212.5,10.2125,-83.8502549126212
10218.75,10.21875,-84.3877801695544
10225,10.225,-85.3418563634155
10231.25,10.23125,-86.8172031336095
10237.5,10.2375,-89.0328375557764
10243.75,10.24375,-92.5170289266052
10250,10.25,-99.1325519586054
10256.25,10.25625,-114.00456710459
10262.5,10.2625,-96.512880825776
10268.75,10.26875,-91.2874381953179
10275,10.275,-88.2958941238493
10281.25,10.28125,-86.3529332908368
10287.5,10.2875,-85.0646296079602
10293.75,10.29375,-84.257484196125
10300,10.3,-83.8474245494304
10306.25,10.30625,-83.7974080124444
10312.5,10.3125,-84.1027214644613
10318.75,10.31875,-84.7892789640233
10325,10.325,-85.9234487052831
10331.25,10.33125,-87.6425645512585
10337.5,10.3375,-90.2442762421297
10343.75,10.34375,-94.5237155636845
10350,10.35,-104.315568504037
10356.25,10.35625,-103.294201791292
10362.5,10.3625,-94.2089750972015
10368.75,10.36875,-90.0860631625597
10375,10.375,-87.562706990563
10381.25,10.38125,-85.8962574759162
10387.5,10.3875,-84.8035345869768
10393.75,10.39375,-84.152966739001
10400,10.4,-83.8811417842994
10406.25,10.40625,-83.9641035204144
10412.5,10.4125,-84.4083294108152
10418.75,10.41875,-85.253073954436
10425,10.425,-86.5861044965525
10431.25,10.43125,-88.5888094064642
10437.5,10.4375,-91.6773532689949
10443.75,10.44375,-97.137870665758
10450,10.45,-118.465755363222
10456.25,10.45625,-98.7505224795609
10462.5,10.4625,-92.4666732322689
10468.75,10.46875,-89.0970436785156
10475,10.475,-86.9471876906036
10481.25,10.48125,-85.5192394193327
10487.5,10.4875,-84.6040622116835
10493.75,10.49375,-84.1012885202671
10500,10.5,-83.9643568387511
10506.25,10.50625,-84.181181959877
10512.5,10.5125,-84.7697465920973
10518.75,10.51875,-85.7847510070304
10525,10.525,-87.3412752900696
10531.25,10.53125,-89.682445980867
10537.5,10.5375,-93.4136202860997
10543.75,10.54375,-100.869034973677
10550,10.55,-108.879004684719
10556.25,10.55625,-95.873435022468
10562.5,10.5625,-91.0877517671007
10568.75,10.56875,-88.2728186572711
10575,10.575,-86.4313425739491
10581.25,10.58125,-85.2135525122424
10587.5,10.5875,-84.4621016078477
10593.75,10.59375,-84.1006572982055
10600,10.6,-84.0969255698846
10606.25,10.60625,-84.4500964294301
10612.5,10.6125,-85.1905518615958
10618.75,10.61875,-86.39158503337
10625,10.625,-88.2043432690365
10631.25,10.63125,-90.962143511979
10637.5,10.6375,-95.5962012516386
10643.75,10.64375,-107.439320814648
10650,10.65,-101.655830433261
10656.25,10.65625,-93.7965756260201
10662.5,10.6625,-89.9658269364051
10668.75,10.66875,-87.5815615366002
10675,10.675,-86.0019297805455
10681.25,10.68125,-84.9728218961096
10687.5,10.6875,-84.3745509942805
10693.75,10.69375,-84.149942639661
10700,10.7,-84.2792842278339
10706.25,10.70625,-84.7730001813988
10712.5,10.7125,-85.6754433036399
10718.75,10.71875,-87.083109316045
10725,10.725,-89.1964711798408
10731.25,10.73125,-92.4873025551486
10737.5,10.7375,-98.5128997918656
10743.75,10.74375,-126.455140814261
10750,10.75,-97.8674692961636
10756.25,10.75625,-92.1959073946247
10762.5,10.7625,-89.0372274539658
10768.75,10.76875,-87.0010048508157
10775,10.775,-85.6490037190665
10781.25,10.78125,-84.7921547924054
10787.5,10.7875,-84.3391431042093
10793.75,10.79375,-84.2486207604653
10800,10.8,-84.5124693352487
10806.25,10.80625,-85.1528572752697
10812.5,10.8125,-86.2305395032525
10818.75,10.81875,-87.8719778182547
10825,10.825,-90.3477243854926
10831.25,10.83125,-94.355885670578
10837.5,10.8375,-102.895482825637
10843.75,10.84375,-105.859087242844
10850,10.85,-95.3241893025895
10856.25,10.85625,-90.9144646878937
10862.5,10.8625,-88.2608893993971
10868.75,10.86875,-86.5150386910386
10875,10.875,-85.3649908290525
10881.25,10.88125,-84.6678196632459
10887.5,10.8875,-84.3543261668586
10893.75,10.89375,-84.3967492913068
10900,10.9,-84.7981668195507
10906.25,10.90625,-85.5936058754331
10912.5,10.9125,-86.863819531035
10918.75,10.91875,-88.7753150550546
10925,10.925,-91.7026769048847
10931.25,10.93125,-96.746905270321
10937.5,10.9375,-111.965152389945
10943.75,10.94375,-100.368471201683
10950,10.95,-93.4368113419891
10956.25,10.95625,-89.8642669422411
10962.5,10.9625,-87.6088588916653
10968.75,10.96875,-86.1117123409233
10975,10.975,-85.1440821609967
10981.25,10.98125,-84.5970245345719
10987.5,10.9875,-84.4191865371086
10993.75,10.99375,-84.5949694024901
11000,11,-85.1387955293401
11006.25,11.00625,-86.1003947494724
11012.5,11.0125,-87.5857779996863
11018.75,11.01875,-89.8169197852931
11025,11.025,-93.3313212606393
11031.25,11.03125,-100.044752814549
11037.5,11.0375,-113.81817479449
11043.75,11.04375,-97.1236759641708
11050,11.05,-91.9591234949837
11056.25,11.05625,-88.991099144626
11062.5,11.0625,-87.0613247857745
11068.75,11.06875,-85.7819992528479
11075,11.075,-84.9818235811901
11081.25,11.08125,-84.5777640783219
11087.5,11.0875,-84.5334045476021
11093.75,11.09375,-84.8445355004786
11100,11.1,-85.537634328179
11106.25,11.10625,-86.6799260770774
11112.5,11.1125,-88.4104276278763
11118.75,11.11875,-91.0310582892226
11125,11.125,-95.3527307055759
11131.25,11.13125,-105.362179008396
11137.5,11.1375,-103.755767796175
11143.75,11.14375,-94.8484316291568
11150,11.15,-90.7645839546724
11156.25,11.15625,-88.2592599561929
11162.5,11.1625,-86.6038147704976
11168.75,11.16875,-85.5190024914269
11175,11.175,-84.8748343588765
11181.25,11.18125,-84.6087165397977
11187.5,11.1875,-84.6972390068541
11193.75,11.19375,-85.147375528452
11200,11.2,-85.9990078365091
11206.25,11.20625,-87.3409589054274
11212.5,11.2125,-89.3568898421731
11218.75,11.21875,-92.4694508263703
11225,11.225,-97.994976050954
11231.25,11.23125,-120.885443793426
11237.5,11.2375,-99.3222797336323
11243.75,11.24375,-93.1218261217504
11250,11.25,-89.7795657034627
11256.25,11.25625,-87.644067986276
11262.5,11.2625,-86.2255162686032
11268.75,11.26875,-85.3174272120989
11275,11.275,-84.8206124782295
11281.25,11.28125,-84.689178790332
11287.5,11.2875,-84.9115387766477
11293.75,11.29375,-85.5061882645843
11300,11.3,-86.5285550216153
11306.25,11.30625,-88.0950651607315
11312.5,11.3125,-90.452035743046
11318.75,11.31875,-94.2153335160806
11325,11.325,-101.78883123265
11331.25,11.33125,-109.119550305282
11337.5,11.3375,-96.4885961132056
11343.75,11.34375,-91.7520829373741
11350,11.35,-88.9575163455358
11356.25,11.35625,-87.1278267914811
11362.5,11.3625,-85.9182228491063
11368.75,11.36875,-85.1732221665992
11375,11.375,-84.8174009864305
11381.25,11.38125,-84.8190325752139
11387.5,11.3875,-85.177782596207
11393.75,11.39375,-85.9245885783412
11400,11.4,-87.1336198019287
11406.25,11.40625,-88.9578000051833
11412.5,11.4125,-91.73513067572
11418.75,11.41875,-96.4154222557591
11425,11.425,-108.574464623292
11431.25,11.43125,-102.167470504141
11437.5,11.4375,-94.4336799161482
11443.75,11.44375,-90.635621292885
11450,11.45,-88.2672031051724
11456.25,11.45625,-86.6974957536169
11462.5,11.4625,-85.675648219628
11468.75,11.46875,-85.0833325312422
11475,11.475,-84.8640993686685
11481.25,11.48125,-84.9987384998558
11487.5,11.4875,-85.4981512593432
11493.75,11.49375,-86.4073183944799
11500,11.5,-87.8238285353182
11506.25,11.50625,-89.9505857877291
11512.5,11.5125,-93.2666300106458
11518.75,11.51875,-99.3667896327616
11525,11.525,-124.192561242748
11531.25,11.53125,-98.4518565058068
11537.5,11.5375,-92.8454081517066
11543.75,11.54375,-89.7101846114326
11550,11.55,-87.6867308620224
11556.25,11.55625,-86.3432705453616
11562.5,11.5625,-85.4929665919624
11568.75,11.56875,-85.0455289941724
11575,11.575,-84.9602101234109
11581.25,11.58125,-85.2293571494235
11587.5,11.5875,-85.8756399379219
11593.75,11.59375,-86.9605518773403
11600,11.6,-88.6119655209545
11606.25,11.60625,-91.1038978599723
11612.5,11.6125,-95.1465583948027
11618.75,11.61875,-103.834697096962
11625,11.625,-106.251949122989
11631.25,11.63125,-95.9406916214843
11637.5,11.6375,-91.5713132048772
11643.75,11.64375,-88.9355001531367
11650,11.65,-87.2002351136071
11656.25,11.65625,-86.0576798839571
11662.5,11.6625,-85.3664983792375
11668.75,11.66875,-85.0582913527852
11675,11.675,-85.1058149351186
11681.25,11.68125,-85.5125994804159
11687.5,11.6875,-86.3142236303204
11693.75,11.69375,-87.5923412805058
11700,11.7,-89.5153452690287
11706.25,11.70625,-92.4629998090796
11712.5,11.7125,-97.5585797437689
11718.75,11.71875,-113.32655125331
11725,11.725,-100.909210992284
11731.25,11.73125,-94.0703791990121
11737.5,11.7375,-90.5254896194208
11743.75,11.74375,-88.2840911285323
11750,11.75,-86.7959335820244
11756.25,11.75625,-85.8349909390858
11762.5,11.7625,-85.293492925448
11768.75,11.76875,-85.1207330866132
11775,11.775,-85.3015780274177
11781.25,11.78125,-85.8509117485837
11787.5,11.7875,-86.8190966188049
11793.75,11.79375,-88.3132812020783
11800,11.8,-90.5580564244245
11806.25,11.80625,-94.0991426167145
11812.5,11.8125,-100.900254860441
11818.75,11.81875,-113.786581158881
11825,11.825,-97.7151385265104
11831.25,11.83125,-92.6025689279906
11837.5,11.8375,-89.65481231284
11843.75,11.84375,-87.7364512459925
11850,11.85,-86.4649193406975
11856.25,11.85625,-85.6708076977572
11862.5,11.8625,-85.2719786609977
11868.75,11.86875,-85.2325587264089
11875,11.875,-85.5487770330846
11881.25,11.88125,-86.2476043335953
11887.5,11.8875,-87.3970195765243
11893.75,11.89375,-89.1375262646562
11900,11.9,-91.7748323584629
11906.25,11.90625,-96.133968343816
11912.5,11.9125,-106.341992915346
11918.75,11.91875,-104.222246610945
11925,11.925,-95.4642258251401
11931.25,11.93125,-91.4139386609419
11937.5,11.9375,-88.9242073220501
11943.75,11.94375,-87.2783122065564
11950,11.95,-86.2003829635436
11956.25,11.95625,-85.5617949326828
11962.5,11.9625,-85.3006622538377
11968.75,11.96875,-85.3940496145391
11975,11.975,-85.8493645318861
11981.25,11.98125,-86.7070397691744
11987.5,11.9875,-88.0568295690145
11993.75,11.99375,-90.0844078617503
12000,12,-93.21819930064
12006.25,12.00625,-98.8017357010663
12012.5,12.0125,-123.385350248703
12018.75,12.01875,-99.8804079588396
12025,12.025,-93.751063310332
12031.25,12.03125,-90.4324244349439
12037.5,12.0375,-88.3093799663845
12043.75,12.04375,-86.8990032622264
12050,12.05,-85.9970953636404
12056.25,12.05625,-85.5054871857996
12062.5,12.0625,-85.3788653422197
12068.75,12.06875,-85.6060766204186
12075,12.075,-86.206066785146
12081.25,12.08125,-87.23490454737
12087.5,12.0875,-88.8102064987596
12093.75,12.09375,-91.1811231198602
12100,12.1,-94.9729157012553
12106.25,12.10625,-102.652869819876
12112.5,12.1125,-109.406545350366
12118.75,12.11875,-97.0834982643463
12125,12.125,-92.3892481579493
12131.25,12.13125,-89.6123243236532
12137.5,12.1375,-87.7928852380991
12143.75,12.14375,-86.5904198305543
12150,12.15,-85.8510559757197
12156.25,12.15625,-85.5001577101781
12162.5,12.1625,-85.5064921232781
12168.75,12.16875,-85.8701410923733
12175,12.175,-86.6225308065796
12181.25,12.18125,-87.8386044742188
12187.5,12.1875,-89.672860901489
12193.75,12.19375,-92.4674742175862
12200,12.2,-97.1889619374691
12206.25,12.20625,-109.640968505234
12212.5,12.2125,-102.674581566284
12218.75,12.21875,-95.0473657910004
12225,12.225,-91.2775551943371
12231.25,12.23125,-88.9229080020293
12237.5,12.2375,-87.3618532009924
12243.75,12.24375,-86.3463508779648
12250,12.25,-85.7592500416351
12256.25,12.25625,-85.5447317497226
12262.5,12.2625,-85.6840244863936
12268.75,12.26875,-86.1884482685169
12275,12.275,-87.103537782606
12281.25,12.28125,-88.5278495108212
12287.5,12.2875,-90.6664486514352
12293.75,12.29375,-94.0048692541986
12300,12.3,-100.171911681489
12306.25,12.30625,-122.903792715656
12312.5,12.3125,-99.0203019442205
12318.75,12.31875,-93.4697956839115
12325,12.325,-90.3549233245674
12331.25,12.33125,-88.3425963501657
12337.5,12.3375,-87.0065996310065
12343.75,12.34375,-86.1620277070947
12350,12.35,-85.7194807759582
12356.25,12.35625,-85.6387345804414
12362.5,12.3625,-85.9125442028897
12368.75,12.36875,-86.5640210805632
12375,12.375,-87.6553117741128
12381.25,12.38125,-89.3155411846517
12387.5,12.3875,-91.8218145672526
12393.75,12.39375,-95.8952031411105
12400,12.4,-104.718302008909
12406.25,12.40625,-106.659838817062
12412.5,12.4125,-96.536590608994
12418.75,12.41875,-92.20210202974
12425,12.425,-89.5817510918249
12431.25,12.43125,-87.855733669836
12437.5,12.4375,-86.719740416153
12443.75,12.44375,-86.0338151508397
12450,12.45,-85.7302551673414
12456.25,12.45625,-85.7822688812668
12462.5,12.4625,-86.1937844178685
12468.75,12.46875,-87.0008675239876
12475,12.475,-88.2859708523071
12481.25,12.48125,-90.2191651210397
12487.5,12.4875,-93.1848450971287
12493.75,12.49375,-98.3263851791687
12500,12.5,-114.620667094929
12506.25,12.50625,-101.440246342351
12512.5,12.5125,-94.6810007903151
12518.75,12.51875,-91.1601358095414
12525,12.525,-88.9309677855257
12531.25,12.53125,-87.4506813379722
12537.5,12.5375,-86.4956077717429
12543.75,12.54375,-85.9589980158545
12550,12.55,-85.7907101958251
12556.25,12.55625,-85.9760191440595
12562.5,12.5625,-86.5302158256424
12568.75,12.56875,-87.5042227738232
12575,12.575,-89.0061996646276
12581.25,12.58125,-91.2630714403397
12587.5,12.5875,-94.8279315470366
12593.75,12.59375,-101.708125207414
12600,12.6,-113.858675007595
12606.25,12.60625,-98.2893987325342
12612.5,12.6125,-93.2217848340737
12618.75,12.61875,-90.291698819466
12625,12.625,-88.3833272809706
12631.25,12.63125,-87.1186346839207
12637.5,12.6375,-86.329855494121
12643.75,12.64375,-85.9356338352765
12650,12.65,-85.9005714935333
12656.25,12.65625,-86.221283564828
12662.5,12.6625,-86.9251770379973
12668.75,12.66875,-88.080900167191
12675,12.675,-89.8302807985243
12681.25,12.68125,-92.4824156210256
12687.5,12.6875,-96.8750542759649
12693.75,12.69375,-107.265304492233
12700,12.7,-104.690183634715
12706.25,12.70625,-96.0594535272286
12712.5,12.7125,-92.0383481761971
12718.75,12.71875,-89.5622524981762
12725,12.725,-87.9247357972498
12731.25,12.73125,-86.8528592656462
12737.5,12.7375,-86.2191874812212
12743.75,12.74375,-85.9624539056808
12750,12.75,-86.0601401887129
12756.25,12.75625,-86.5200366710973
12762.5,12.7625,-87.3830646684915
12768.75,12.76875,-88.7398071228966
12775,12.775,-90.7777352420191
12781.25,12.78125,-93.930454049498
12787.5,12.7875,-99.5661448989679
12793.75,12.79375,-126.030598052058
12800,12.8,-100.425888756545
12806.25,12.80625,-94.3579754524527
12812.5,12.8125,-91.0599584733831
12818.75,12.81875,-88.9478331168291
12825,12.825,-87.5446441807419
12831.25,12.83125,-86.6481824870991
12837.5,12.8375,-86.1611698291204
12843.75,12.84375,-86.0388014514433
12850,12.85,-86.2703066084091
12856.25,12.85625,-86.8750293342603
12862.5,12.8625,-87.9096080354462
12868.75,12.86875,-89.4927210377092
12875,12.875,-91.8760549759862
12881.25,12.88125,-95.6933290469832
12887.5,12.8875,-103.469879461547
12893.75,12.89375,-109.725617883921
12900,12.9,-97.6605993344622
12906.25,12.90625,-93.0031129741097
12912.5,12.9125,-90.2416412591266
12918.75,12.91875,-88.4312113695237
12925,12.925,-87.2350353601274
12931.25,12.93125,-86.5006474495369
12937.5,12.9375,-86.1541019791721
12943.75,12.94375,-86.1646003631905
12950,12.95,-86.5325922196318
12956.25,12.95625,-87.2899374671941
12962.5,12.9625,-88.5122688153056
12968.75,12.96875,-90.3554929111643
12975,12.975,-93.1655286504023
12981.25,12.98125,-97.9240035825405
12987.5,12.9875,-110.648929285265
12993.75,12.99375,-103.176216150082
13000,13,-95.6407744481157
13006.25,13.00625,-91.8956500996913
13012.5,13.0125,-89.5530973170662
13018.75,13.01875,-87.9996640653491
13025,13.025,-86.989763116765
13031.25,13.03125,-86.4072740286167
13037.5,13.0375,-86.1969316231259
13043.75,13.04375,-86.3403513236819
13050,13.05,-86.8492241342598
13056.25,13.05625,-87.7695776587657
13062.5,13.0625,-89.2008325497337
13068.75,13.06875,-91.3499900189613
13075,13.075,-94.7084300095411
13081.25,13.08125,-100.935882491998
13087.5,13.0875,-122.121300459141
13093.75,13.09375,-99.5744371038607
13100,13.1,-94.0725744890273
13106.25,13.10625,-90.9755502435156
13112.5,13.1125,-88.9730193483898
13118.75,13.11875,-87.6436104574576
13125,13.125,-86.8041080471591
13131.25,13.13125,-86.3658936648603
13137.5,13.1375,-86.2892040019401
13143.75,13.14375,-86.5671549330532
13150,13.15,-87.2232502375357
13156.25,13.15625,-88.3202190582909
13162.5,13.1625,-89.9883068741849
13168.75,13.16875,-92.5073921904823
13175,13.175,-96.6083596447633
13181.25,13.18125,-105.554788669959
13187.5,13.1875,-107.077268874009
13193.75,13.19375,-97.1145188867384
13200,13.2,-92.8105401159301
13206.25,13.20625,-90.2037892346681
13212.5,13.2125,-88.4859316643955
13218.75,13.21875,-87.3557416982948
13225,13.225,-86.6744734488867
13231.25,13.23125,-86.375037049782
13237.5,13.2375,-86.4310403116784
13243.75,13.24375,-86.8467641731466
13250,13.25,-87.6587082891199
13256.25,13.25625,-88.9500393069311
13262.5,13.2625,-90.8923324862797
13268.75,13.26875,-93.8741518381634
13275,13.275,-99.05712063959
13281.25,13.28125,-115.85732297135
13287.5,13.2875,-101.961968896966
13293.75,13.29375,-95.2718017509577
13300,13.3,-91.7720296355888
13306.25,13.30625,-89.5536465386228
13312.5,13.3125,-88.0803197401097
13318.75,13.31875,-87.1304462929558
13325,13.325,-86.5981749402266
13331.25,13.33125,-86.4338617549117
13337.5,13.3375,-86.6231430345691
13343.75,13.34375,-87.181671695995
13350,13.35,-88.1608704438802
13356.25,13.35625,-89.669804657417
13362.5,13.3625,-91.9374967953548
13368.75,13.36875,-95.5236993934356
13375,13.375,-102.475674435781
13381.25,13.38125,-114.003251796678
13387.5,13.3875,-98.848466347287
13393.75,13.39375,-93.8201661234891
13400,13.4,-90.905643488177
13406.25,13.40625,-89.0061008980002
13412.5,13.4125,-87.7474674178633
13418.75,13.41875,-86.963421252301
13425,13.425,-86.573295439656
13431.25,13.43125,-86.5421120078865
13437.5,13.4375,-86.8668287298672
13443.75,13.44375,-87.5752415806648
13450,13.45,-88.7365977520094
13456.25,13.45625,-90.4939137979029
13462.5,13.4625,-93.159338998782
13468.75,13.46875,-97.5821547821193
13475,13.475,-108.140466536824
13481.25,13.48125,-105.157603331607
13487.5,13.4875,-96.6368244035574
13493.75,13.49375,-92.6413598413623
13500,13.5,-90.1773058485137
13506.25,13.50625,-88.5472096800139
13512.5,13.5125,-87.4807052972776
13518.75,13.51875,-86.8514045185056
13525,13.525,-86.5985878243516
13531.25,13.53125,-86.7001064790021
13537.5,13.5375,-87.1640916303837
13543.75,13.54375,-88.0319012749233
13550,13.55,-89.3948614614187
13556.25,13.55625,-91.4420599429854
13562.5,13.5625,-94.611780727983
13568.75,13.56875,-100.294673951405
13575,13.575,-128.91763071638
13581.25,13.58125,-100.95987461852
13587.5,13.5875,-94.9456332771603
13593.75,13.59375,-91.6657997040867
13600,13.6,-89.5633397247541
13606.25,13.60625,-88.1665292464636
13612.5,13.6125,-87.2749098941526
13618.75,13.61875,-86.7919897377313
13625,13.625,-86.6734143312567
13631.25,13.63125,-86.9087528507627
13637.5,13.6375,-87.5177048018117
13643.75,13.64375,-88.5574189296425
13650,13.65,-90.1475275267115
13656.25,13.65625,-92.5420033013827
13662.5,13.6625,-96.3822290635224
13668.75,13.66875,-104.246940469755
13675,13.675,-110.067421219634
13681.25,13.68125,-98.2221218313285
13687.5,13.6875,-93.596949035257
13693.75,13.69375,-90.8491412110306
13700,13.7,-89.0467030877667
13706.25,13.70625,-87.8561186123276
13712.5,13.7125,-87.1261623694536
13718.75,13.71875,-86.7834993074471
13725,13.725,-86.7977162944583
13731.25,13.73125,-87.1695906361923
13737.5,13.7375,-87.931370309742
13743.75,13.74375,-89.1593069632786
13750,13.75,-91.0105746806413
13756.25,13.75625,-93.8344758639543
13762.5,13.7625,-98.6263853362673
13768.75,13.76875,-111.606616853538
13775,13.775,-103.672111565741
13781.25,13.78125,-96.2166292151061
13787.5,13.7875,-92.4932912523339
13793.75,13.79375,-90.161459483367
13800,13.8,-88.6148003973758
13806.25,13.80625,-87.6098880276574
13812.5,13.8125,-87.031512875103
13818.75,13.81875,-86.8249006872139
13825,13.825,-86.972011140548
13831.25,13.83125,-87.4848666631816
13837.5,13.8375,-88.4099368639071
13843.75,13.84375,-89.8474196475976
13850,13.85,-92.0060626789418
13856.25,13.85625,-95.382542173532
13862.5,13.8625,-101.664898185488
13868.75,13.86875,-121.642459717231
13875,13.875,-100.115857761644
13881.25,13.88125,-94.6567353635526
13887.5,13.8875,-91.5755119861884
13893.75,13.89375,-89.5816837707875
13900,13.9,-88.2581410852822
13906.25,13.90625,-87.4231611323357
13912.5,13.9125,-86.9888176116535
13918.75,13.91875,-86.9157567898535
13925,13.925,-87.1974163406927
13931.25,13.93125,-87.8576513976708
13937.5,13.9375,-88.9597146001006
13943.75,13.94375,-90.634861216113
13950,13.95,-93.1654768318578
13956.25,13.95625,-97.2913663113988
13962.5,13.9625,-106.351088656155
13968.75,13.96875,-107.500751946005
13975,13.975,-97.6768072589712
13981.25,13.98125,-93.3997687861361
13987.5,13.9875,-90.8050893173203
13993.75,13.99375,-89.0944953384059
14000,14,-87.9694820191125
14006.25,14.00625,-87.2923748979266
14012.5,14.0125,-86.996628146796
14018.75,14.01875,-87.0562052923955
14025,14.025,-87.4757027427829
14031.25,14.03125,-88.2920096144956
14037.5,14.0375,-89.5889353870263
14043.75,14.04375,-91.539413698492
14050,14.05,-94.5357866181859
14056.25,14.05625,-99.7563389390773
14062.5,14.0625,-117.044663658718
14068.75,14.06875,-102.475045380667
14075,14.075,-95.8454777396347
14081.25,14.08125,-92.3643967639469
14087.5,14.0875,-90.1556081029503
14093.75,14.09375,-88.6884880592695
14100,14.1,-87.7432609515618
14106.25,14.10625,-87.2148719979494
14112.5,14.1125,-87.0541202717388
14118.75,14.11875,-87.2469647791892
14125,14.125,-87.8093828618414
14131.25,14.13125,-88.7932471080791
14137.5,14.1375,-90.3084398504531
14143.75,14.14375,-92.5858810428376
14150,14.15,-96.1913742857037
14156.25,14.15625,-103.208880469992
14162.5,14.1625,-114.200259290323
14168.75,14.16875,-99.3941935312536
14175,14.175,-94.4006082751137
14181.25,14.18125,-91.4999157402453
14187.5,14.1875,-89.6082435893001
14193.75,14.19375,-88.3550232273603
14200,14.2,-87.5752127872504
14206.25,14.20625,-87.1887577196875
14212.5,14.2125,-87.1610547516273
14218.75,14.21875,-87.4893683329081
14225,14.225,-88.2018438945
14231.25,14.23125,-89.3682684033137
14237.5,14.2375,-91.1327326027637
14243.75,14.24375,-93.8101531580282
14250,14.25,-98.2603268894657
14256.25,14.25625,-108.974346911406
14262.5,14.2625,-105.623435792759
14268.75,14.26875,-97.1987101356982
14275,14.275,-93.2259820678117
14281.25,14.28125,-90.7726542331204
14287.5,14.2875,-89.1491854639948
14293.75,14.29375,-88.0874884609381
14300,14.3,-87.4621053990613
14306.25,14.30625,-87.2128040342447
14312.5,14.3125,-87.3177659414711
14318.75,14.31875,-87.7854280012048
14325,14.325,-88.6575413514869
14331.25,14.33125,-90.0261029814029
14337.5,14.3375,-92.0816641658093
14343.75,14.34375,-95.2667609410591
14350,14.35,-100.99263191566
14356.25,14.35625,-132.209310838814
14362.5,14.3625,-101.483564411585
14368.75,14.36875,-95.5166779721472
14375,14.375,-92.2530186889771
14381.25,14.38125,-90.1591863436182
14387.5,14.3875,-88.7680826180392
14393.75,14.39375,-87.8808034162386
14400,14.4,-87.4015567282562
14406.25,14.40625,-87.2863900779889
14412.5,14.4125,-87.5251771244211
14418.75,14.41875,-88.1379369930018
14425,14.425,-89.1822787944195
14431.25,14.43125,-90.7786976779995
14437.5,14.4375,-93.1832400619509
14443.75,14.44375,-97.044273074982
14450,14.45,-104.989872832352
14456.25,14.45625,-110.425721339896
14462.5,14.4625,-98.7700589480608
14468.75,14.46875,-94.1735476755623
14475,14.475,-91.4379250468489
14481.25,14.48125,-89.6426343420644
14487.5,14.4875,-88.4570609029888
14493.75,14.49375,-87.7310827629263
14500,14.5,-87.3919094887154
14506.25,14.50625,-87.4094727679536
14512.5,14.5125,-87.7848441152972
14518.75,14.51875,-88.5506211821678
14525,14.525,-89.7836149797381
14531.25,14.53125,-91.6421480081893
14537.5,14.5375,-94.4785984190917
14543.75,14.54375,-99.3009163881951
14550,14.55,-112.520889772895
14556.25,14.55625,-104.16240385326
14562.5,14.5625,-96.7772985778356
14568.75,14.56875,-93.0733545940779
14575,14.575,-90.7511046956213
14581.25,14.58125,-89.2105148656131
14587.5,14.5875,-88.2100802628985
14593.75,14.59375,-87.6354033795295
14600,14.6,-87.4321487067115
14606.25,14.60625,-87.5825845663746
14612.5,14.6125,-88.0990316285017
14618.75,14.61875,-89.0283585863973
14625,14.625,-90.4714670162005
14631.25,14.63125,-92.6386899062556
14637.5,14.6375,-96.0315298083016
14643.75,14.64375,-102.364065940237
14650,14.65,-121.362259079912
14656.25,14.65625,-100.646072917507
14662.5,14.6625,-95.2248479698748
14668.75,14.66875,-92.1577297060406
14675,14.675,-90.1716948304922
14681.25,14.68125,-88.853416722621
14687.5,14.6875,-88.0225022935481
14693.75,14.69375,-87.5916433917899
14700,14.7,-87.5218530717101
14706.25,14.70625,-87.8068581707388
14712.5,14.7125,-88.4708306863455
14718.75,14.71875,-89.5774968018431
14725,14.725,-91.2590275430671
14731.25,14.73125,-93.8000886740858
14737.5,14.7375,-97.9486381814851
14743.75,14.74375,-107.112931567116
14750,14.75,-107.928067839077
14756.25,14.75625,-98.2255164184743
14762.5,14.7625,-93.9724708873448
14768.75,14.76875,-91.3885925078307
14775,14.775,-89.6845149273197
14781.25,14.78125,-88.5641547210704
14787.5,14.7875,-87.8907937291313
14793.75,14.79375,-87.5983729204882
14800,14.8,-87.6611750468256
14806.25,14.80625,-88.0840806267981
14812.5,14.8125,-88.9043307224741
14818.75,14.81875,-90.206317323214
14825,14.825,-92.164208069444
14831.25,14.83125,-95.1737885438864
14837.5,14.8375,-100.428633652261
14843.75,14.84375,-118.189529804186
14850,14.85,-102.980274324987
14856.25,14.85625,-96.4043651488891
14862.5,14.8625,-92.9399831302769
14868.75,14.86875,-90.7397968254168
14875,14.875,-89.278254464194
14881.25,14.88125,-88.3372101131763
14887.5,14.8875,-87.8123212204696
14893.75,14.89375,-87.6547840162029
14900,14.9,-87.850847734724
14906.25,14.90625,-88.4167825272788
14912.5,14.9125,-89.4048682975793
14918.75,14.91875,-90.9257289103656
14925,14.925,-93.2120111540536
14931.25,14.93125,-96.835047763779
14937.5,14.9375,-103.912692757786
14943.75,14.94375,-114.43630160468
14950,14.95,-99.928266983011
14956.25,14.95625,-94.965599002655
14962.5,14.9625,-92.077293734293
14968.75,14.96875,-90.1926912802909
14975,14.975,-88.9443431534652
14981.25,14.98125,-88.1683513425514
14987.5,14.9875,-87.7852099417784
14993.75,14.99375,-87.7606522699234
15000,15,-88.0922191866863
15006.25,15.00625,-88.8083721730537
15012.5,15.0125,-89.9793877567741
15018.75,15.01875,-91.750333309672
15025,15.025,-94.4386488421335
15031.25,15.03125,-98.913770011939
15037.5,15.0375,-109.772659073008
15043.75,15.04375,-106.087175338671
15050,15.05,-97.7471910565694
15056.25,15.05625,-93.7947879419684
15062.5,15.0625,-91.3510879432784
15068.75,15.06875,-89.7335824921466
15075,15.075,-88.6762190646562
15081.25,15.08125,-88.0543728353539
15087.5,15.0875,-87.8082489019589
15093.75,15.09375,-87.9163261655084
15100,15.1,-88.3873176561263
15106.25,15.10625,-89.2633307532608
15112.5,15.1125,-90.6369719809258
15118.75,15.11875,-92.7001254451389
15125,15.125,-95.8992127022467
15131.25,15.13125,-101.66442866078
15137.5,15.1375,-136.231312912835
15143.75,15.14375,-101.998137965551
15150,15.15,-96.0733950377528
15156.25,15.15625,-92.8242351426402
15162.5,15.1625,-90.7381618035883
15168.75,15.16875,-89.3522012442803
15175,15.175,-88.468840094642
15181.25,15.18125,-87.9929141459956
15187.5,15.1875,-87.8808323798746
15193.75,15.19375,-88.1227431061901
15200,15.2,-88.738954739126
15206.25,15.20625,-89.787494287544
15212.5,15.2125,-91.3896420468833
15218.75,15.21875,-93.8033362999482
15225,15.225,-97.6833431324758
15231.25,15.23125,-105.703517291551
15237.5,15.2375,-110.796282767385
15243.75,15.24375,-99.3061924630816
15250,15.25,-94.7353087892183
15256.25,15.25625,-92.0106347110273
15262.5,15.2625,-90.2217830502553
15268.75,15.26875,-89.040732631787
15275,15.275,-88.3183506769314
15281.25,15.28125,-87.9823361203153
15287.5,15.2875,-88.0029313185069
15293.75,15.29375,-88.3814737262194
15300,15.3,-89.1508781007183
15306.25,15.30625,-90.3884640618637
15312.5,15.3125,-92.2536007676882
15318.75,15.31875,-95.1014778363709
15325,15.325,-99.9516059136351
15331.25,15.33125,-113.397499353745
15337.5,15.3375,-104.647458478237
15343.75,15.34375,-97.324851018633
15350,15.35,-93.6383042679903
15356.25,15.35625,-91.3246809980326
15362.5,15.3625,-89.789567786766
15368.75,15.36875,-88.7931807190478
15375,15.375,-88.2218514867511
15381.25,15.38125,-88.0216395209473
15387.5,15.3875,-88.1750917764836
15393.75,15.39375,-88.694799061728
15400,15.4,-89.6279926380703
15406.25,15.40625,-91.076214918167
15412.5,15.4125,-93.2512461182779
15418.75,15.41875,-96.6590102527514
15425,15.425,-103.037644782933
15431.25,15.43125,-121.219957923115
15437.5,15.4375,-101.166484209881
15443.75,15.44375,-95.7791349582795
15450,15.45,-92.7247015133294
15456.25,15.45625,-90.7456956338558
15462.5,15.4625,-89.4321753060964
15468.75,15.46875,-88.604940861785
15475,15.475,-88.177240226399
15481.25,15.48125,-88.1104172288996
15487.5,15.4875,-88.3984602819756
15493.75,15.49375,-89.0658289506524
15500,15.5,-90.1766803556968
15506.25,15.50625,-91.8640207972463
15512.5,15.5125,-94.4146012474545
15518.75,15.51875,-98.5838692759381
15525,15.525,-107.845106439026
15531.25,15.53125,-108.357818680507
15537.5,15.5375,-98.7624700945155
15543.75,15.54375,-94.5309557645188
15550,15.55,-91.9568114425128
15556.25,15.55625,-90.2586208650452
15562.5,15.5625,-89.1424719429933
15568.75,15.56875,-88.4725063219737
15575,15.575,-88.1831036368416
15581.25,15.58125,-88.2488350668818
15587.5,15.5875,-88.6748386536471
15593.75,15.59375,-89.4986754507744
15600,15.6,-90.8052683843838
15606.25,15.60625,-92.7699123962166
15612.5,15.6125,-95.7915482961089
15618.75,15.61875,-101.077848503009
15625,15.625,-119.297734256209
15631.25,15.63125,-103.478504428889
15637.5,15.6375,-96.9504998655706
15643.75,15.64375,-93.5011461579587
15650,15.65,-91.3087268355608
15656.25,15.65625,-89.85223121474
15662.5,15.6625,-88.9149776969776
15668.75,15.66875,-88.3932651740239
15675,15.675,-88.2386483887876
15681.25,15.68125,-88.4376393138781
15687.5,15.6875,-89.00677402801
15693.75,15.69375,-89.9987034005258
15700,15.7,-91.524728200921
15706.25,15.70625,-93.8190752952052
15712.5,15.7125,-97.4581552864019
15718.75,15.71875,-104.591255014317
15725,15.725,-114.702155039623
15731.25,15.73125,-100.452213907448
15737.5,15.7375,-95.5172908441138
15743.75,15.74375,-92.6401590812161
15750,15.75,-90.761950586126
15756.25,15.75625,-89.5180173421853
15762.5,15.7625,-88.7454909414386
15768.75,15.76875,-88.3653604121284
15775,15.775,-88.3436634594479
15781.25,15.78125,-88.6781916634981
15787.5,15.7875,-89.3976940720719
15793.75,15.79375,-90.5728937933154
15800,15.8,-92.3497510439396
15806.25,15.80625,-95.0480187829472
15812.5,15.8125,-99.5460104430409
15818.75,15.81875,-110.540206092538
15825,15.825,-106.548671394818
15831.25,15.83125,-98.2840980203275
15837.5,15.8375,-94.3499956970468
15843.75,15.84375,-91.9149971732622
15850,15.85,-90.3028935098321
15856.25,15.85625,-89.2494623252746
15862.5,15.8625,-88.6308298488741
15868.75,15.86875,-88.3875963631947
15875,15.875,-88.4985101449244
15881.25,15.88125,-88.9725351939841
15887.5,15.8875,-89.8521035875621
15893.75,15.89375,-91.2303787078787
15900,15.9,-93.3004650065669
15906.25,15.90625,-96.5123526644587
15912.5,15.9125,-102.313767458814
15918.75,15.91875,-141.836979584436
15925,15.925,-102.50472301969
15931.25,15.93125,-96.6177742365866
15937.5,15.9375,-93.3817029182294
15943.75,15.94375,-91.3026542909987
15950,15.95,-89.9213594614423
15956.25,15.95625,-89.0415582314716
15962.5,15.9625,-88.5686533504983
15968.75,15.96875,-88.4593809714099
15975,15.975,-88.704138707247
15981.25,15.98125,-89.3234983733708
15987.5,15.9875,-90.3758684872799
15993.75,15.99375,-91.9832476827245
16000,16,-94.4053092257514
16006.25,16.00625,-98.3027102873408
16012.5,16.0125,-106.391942850853
16018.75,16.01875,-111.176191295174
16025,16.025,-99.8321145492987
16031.25,16.03125,-95.2843107905767
16037.5,16.0375,-92.5695406675646
16043.75,16.04375,-90.7865280059394
16050,16.05,-89.6095864710468
16056.25,16.05625,-88.8904761400254
16062.5,16.0625,-88.5573385958394
16068.75,16.06875,-88.5806978893172
16075,16.075,-88.9621333295629
16081.25,16.08125,-89.734848910438
16087.5,16.0875,-90.9766292726279
16093.75,16.09375,-92.8478025641045
16100,16.1,-95.7061412834853
16106.25,16.10625,-100.581832079836
16112.5,16.1125,-114.241316319885
16118.75,16.11875,-105.127768280182
16125,16.125,-97.8611014728127
16131.25,16.13125,-94.1902683202782
16137.5,16.1375,-91.8844628577911
16143.75,16.14375,-90.3543233203346
16150,16.15,-89.3616180830226
16156.25,16.15625,-88.7933380761336
16162.5,16.1625,-88.5959005449217
16168.75,16.16875,-88.752105547398
16175,16.175,-89.2747900207804
16181.25,16.18125,-90.2115164712457
16187.5,16.1875,-91.6644140710482
16193.75,16.19375,-93.8465910312122
16200,16.2,-97.2680416117981
16206.25,16.20625,-103.689223819704
16212.5,16.2125,-121.177695008409
16218.75,16.21875,-101.678381114718
16225,16.225,-96.3215313683079
16231.25,16.23125,-93.2785814262908
16237.5,16.2375,-91.3059559989955
16243.75,16.24375,-89.9967626057809
16250,16.25,-89.1728799122129
16256.25,16.25625,-88.7480593510809
16262.5,16.2625,-88.6839449309146
16268.75,16.26875,-88.9747631099314
16275,16.275,-89.6452359269714
16281.25,16.28125,-90.7599148106299
16287.5,16.2875,-92.4525719268865
16293.75,16.29375,-95.0118747267991
16300,16.3,-99.2001826905357
16306.25,16.30625,-108.55165636116
16312.5,16.3125,-108.789150411761
16318.75,16.31875,-99.2892861627821
16325,16.325,-95.0772259571905
16331.25,16.33125,-92.5119108702185
16337.5,16.3375,-90.8190722406662
16343.75,16.34375,-89.7067583718644
16350,16.35,-89.0398890425462
16356.25,16.35625,-88.7532417001907
16362.5,16.3625,-88.8216497237082
16368.75,16.36875,-89.2504859414002
16375,16.375,-90.0776039614252
16381.25,16.38125,-91.388413214657
16387.5,16.3875,-93.3592437359131
16393.75,16.39375,-96.3919414334247
16400,16.4,-101.707232963234
16406.25,16.40625,-120.374269949324
16412.5,16.4125,-103.970588180932
16418.75,16.41875,-97.4856656651499
16425,16.425,-94.0499256394544
16431.25,16.43125,-91.8645633650542
16437.5,16.4375,-90.4126623344861
16443.75,16.44375,-89.4788653920721
16450,16.45,-88.9600528299066
16456.25,16.45625,-88.8081050293822
16462.5,16.4625,-89.0097732313538
16468.75,16.46875,-89.5818363946257
16475,16.475,-90.5772850716645
16481.25,16.48125,-92.1080411455267
16487.5,16.4875,-94.4097844649471
16493.75,16.49375,-98.0636107840693
16500,16.5,-105.248071271109
16506.25,16.50625,-114.991315023333
16512.5,16.5125,-100.967414021081
16518.75,16.51875,-96.0575589271462
16525,16.525,-93.1905700444219
16531.25,16.53125,-91.3181801189634
16537.5,16.5375,-90.0782716374832
16543.75,16.54375,-89.3089089451221
16550,16.55,-88.9315303486591
16556.25,16.55625,-88.9124504794763
16562.5,16.5625,-89.2496896491065
16568.75,16.56875,-89.972259992144
16575,16.575,-91.1512941296776
16581.25,16.58125,-92.9335726518783
16587.5,16.5875,-95.6409788376839
16593.75,16.59375,-100.16003906961
16600,16.6,-111.281063937007
16606.25,16.60625,-107.007997424356
16612.5,16.6125,-98.8110487079103
16618.75,16.61875,-94.893531818175
16625,16.625,-92.4664463519279
16631.25,16.63125,-90.8592654851925
16637.5,16.6375,-89.8094236752182
16643.75,16.64375,-89.1937285918585
16650,16.65,-88.953139790458
16656.25,16.65625,-89.0666510343902
16662.5,16.6625,-89.5434556859916
16668.75,16.66875,-90.4262833472973
16675,16.675,-91.808808738055
16681.25,16.68125,-93.8852591618893
16687.5,16.6875,-97.1089176358896
16693.75,16.69375,-102.943789024494
16700,16.7,-153.333478876094
16706.25,16.70625,-103.004380105472
16712.5,16.7125,-97.151558224406
16718.75,16.71875,-93.9273761556511
16725,16.725,-91.8547260246832
16731.25,16.73125,-90.4776889954683
16737.5,16.7375,-89.601141268689
16743.75,16.74375,-89.1310007560813
16750,16.75,-89.0243015108483
16756.25,16.75625,-89.2716687316492
16762.5,16.7625,-89.8939153658025
16768.75,16.76875,-90.9498000249183
16775,16.775,-92.5619818375847
16781.25,16.78125,-94.9917327938333
16787.5,16.7875,-98.9051577824964
16793.75,16.79375,-107.058602588019
16800,16.8,-111.563427554605
16806.25,16.80625,-100.349249781629
16812.5,16.8125,-95.8223660852769
16818.75,16.81875,-93.1166096796012
16825,16.825,-91.3389233624466
16831.25,16.83125,-90.1657363172181
16837.5,16.8375,-89.4496195190291
16843.75,16.84375,-89.1191173451622
16850,16.85,-89.145010748577
16856.25,16.85625,-89.5291002057709
16862.5,16.8625,-90.3048549174673
16868.75,16.86875,-91.5504868410822
16875,16.875,-93.4272070646338
16881.25,16.88125,-96.2951719705086
16887.5,16.8875,-101.194468963673
16893.75,16.89375,-115.056502582475
16900,16.9,-105.603891247513
16906.25,16.90625,-98.3876502065519
16912.5,16.9125,-94.7310980885438
16918.75,16.91875,-92.4324196633214
16925,16.925,-90.9068233878379
16931.25,16.93125,-89.9174865712428
16937.5,16.9375,-89.3519997375188
16943.75,16.94375,-89.157106210291
16950,16.95,-89.3158372555476
16956.25,16.95625,-89.8412552676578
16962.5,16.9625,-90.781226931036
16968.75,16.96875,-92.2384213112321
16975,16.975,-94.4271709790051
16981.25,16.98125,-97.8612338757476
16987.5,16.9875,-104.321856382393
16993.75,16.99375,-121.210553782941
17000,17,-102.182944139018
17006.25,17.00625,-96.8537324110001
17012.5,17.0125,-93.8212409588685
17018.75,17.01875,-91.8544410598763
17025,17.025,-90.5492053181939
17031.25,17.03125,-89.7283926803568
17037.5,17.0375,-89.3062131793429
17043.75,17.04375,-89.2445847943404
17050,17.05,-89.5379518012998
17056.25,17.05625,-90.2112770573251
17062.5,17.0625,-91.3294745831031
17068.75,17.06875,-93.0270221455572
17075,17.075,-95.5943567120652
17081.25,17.08125,-99.8002438062517
17087.5,17.0875,-109.236025714185
17093.75,17.09375,-109.221573841517
17100,17.1,-99.8074044555549
17106.25,17.10625,-95.6130300049281
17112.5,17.1125,-93.0557703627688
17118.75,17.11875,-91.3678250873797
17125,17.125,-90.2590233266142
17131.25,17.13125,-89.5949932646972
17137.5,17.1375,-89.3108751938634
17143.75,17.14375,-89.3817421753447
17150,17.15,-89.813182232198
17156.25,17.15625,-90.6433177973073
17162.5,17.1625,-91.9580062619017
17168.75,17.16875,-93.9345325440328
17175,17.175,-96.9774292828152
17181.25,17.18125,-102.319559787947
17187.5,17.1875,-121.423468914818
17193.75,17.19375,-104.457356041796
17200,17.2,-98.0114339691458
17206.25,17.20625,-94.5880994131165
17212.5,17.2125,-92.4091858732041
17218.75,17.21875,-90.961491290353
17225,17.225,-90.0308636049469
17231.25,17.23125,-89.5147131469798
17237.5,17.2375,-89.365217741217
17243.75,17.24375,-89.5693477015743
17250,17.25,-90.1441049607146
17256.25,17.25625,-91.1427926432519
17262.5,17.2625,-92.6779052595147
17268.75,17.26875,-94.9864648707179
17275,17.275,-98.6539085990528
17281.25,17.28125,-105.88613164526
17287.5,17.2875,-115.299106422361
17293.75,17.29375,-101.47511365902
17300,17.3,-96.5880472256585
17306.25,17.30625,-93.7303187907997
17312.5,17.3125,-91.863253549183
17318.75,17.31875,-90.6270344452063
17325,17.325,-89.8605757782074
17331.25,17.33125,-89.4857260037184
17337.5,17.3375,-89.4690530787137
17343.75,17.34375,-89.8087870819137
17350,17.35,-90.5341820443268
17356.25,17.35625,-91.7167479142439
17362.5,17.3625,-93.5040225603274
17368.75,17.36875,-96.2198600788962
17375,17.375,-100.758415822721
17381.25,17.38125,-111.998721254695
17387.5,17.3875,-107.465367285222
17393.75,17.39375,-99.3294785778329
17400,17.4,-95.4270810007273
17406.25,17.40625,-93.0072321387701
17412.5,17.4125,-91.4045622738989
17418.75,17.41875,-90.3580146662139
17425,17.425,-89.7450187956068
17431.25,17.43125,-89.5068626519624
17437.5,17.4375,-89.6227649099544
17443.75,17.44375,-90.1021296166251
17450,17.45,-90.9879603287921
17456.25,17.45625,-92.3744035067535
17462.5,17.4625,-94.4567242727674
17468.75,17.46875,-97.6912570477422
17475,17.475,-103.557180941776
17481.25,17.48125,-151.516082228937
17487.5,17.4875,-103.498097386072
17493.75,17.49375,-97.6762820959721
17500,17.5,-94.4629613375854
17506.25,17.50625,-92.3961714452052
17512.5,17.5125,-91.0230409974102
17518.75,17.51875,-90.1494826316907
17525,17.525,-89.6818849713644
17531.25,17.53125,-89.5775547850013
17537.5,17.5375,-89.8273261105795
17543.75,17.54375,-90.4522337349908
17550,17.55,-91.511359062097
17556.25,17.55625,-93.1279713117128
17562.5,17.5625,-95.564822126882
17568.75,17.56875,-99.4930748849205
17575,17.575,-107.706452433947
17581.25,17.58125,-111.956590504878
17587.5,17.5875,-100.858875707427
17593.75,17.59375,-96.3510653956076
17600,17.6,-93.6535579736898
17606.25,17.60625,-91.880756638149
17612.5,17.6125,-90.7110185334959
17618.75,17.61875,-89.9976552361793
17625,17.625,-89.6695796520007
17631.25,17.63125,-89.6978082614518
17637.5,17.6375,-90.0843448119908
17643.75,17.64375,-90.8629028500996
17650,17.65,-92.1120888227451
17656.25,17.65625,-93.9939303752273
17662.5,17.6625,-96.8707935163434
17668.75,17.66875,-101.791983333018
17675,17.675,-115.84664334868
17681.25,17.68125,-106.076412412756
17687.5,17.6875,-98.905915194674
17693.75,17.69375,-95.2624152578698
17700,17.7,-92.97026935336
17706.25,17.70625,-91.4488452307652
17712.5,17.7125,-90.4626062647882
17718.75,17.71875,-89.8996913199867
17725,17.725,-89.7071424614097
17731.25,17.73125,-89.8682032464577
17737.5,17.7375,-90.3961436043089
17743.75,17.74375,-91.3391108542466
17750,17.75,-92.8002730808227
17756.25,17.75625,-94.9950965926457
17762.5,17.7625,-98.4408339156625
17768.75,17.76875,-104.93816251284
17775,17.775,-121.301446886687
17781.25,17.78125,-102.681251824871
17787.5,17.7875,-97.377232106808
17793.75,17.79375,-94.3543176990568
17800,17.8,-92.3928649278673
17806.25,17.80625,-91.0912679924246
17812.5,17.8125,-90.2732819119239
17818.75,17.81875,-89.8535366610246
17825,17.825,-89.7942015700993
17831.25,17.83125,-90.0899212194216
17837.5,17.8375,-90.7658804695483
17843.75,17.84375,-91.8873282956674
17850,17.85,-93.5893954179353
17856.25,17.85625,-96.1641595681642
17862.5,17.8625,-100.386346964963
17868.75,17.86875,-109.901173179567
17875,17.875,-109.654847147644
17881.25,17.88125,-100.318111020023
17887.5,17.8875,-96.1399046175573
17893.75,17.89375,-93.5900336530392
17900,17.9,-91.9065857775425
17906.25,17.90625,-90.8010169220763
17912.5,17.9125,-90.1396036827862
17918.75,17.91875,-89.8578190404689
17925,17.925,-89.9309562666326
17931.25,17.93125,-90.3648015798009
17937.5,17.9375,-91.1977255798582
17943.75,17.94375,-92.5159999727054
17950,17.95,-94.4977943702509
17956.25,17.95625,-97.55013643125
17962.5,17.9625,-102.917215108745
17968.75,17.96875,-122.449125764669
17975,17.975,-104.939602768437
17981.25,17.98125,-98.5291965396927
17987.5,17.9875,-95.1172275458459
17993.75,17.99375,-92.9442376432867
18000,18,-91.5004139124448
18006.25,18.00625,-90.5727067710452
18012.5,18.0125,-90.0590123166667
18018.75,18.01875,-89.9117814576839
18025,18.025,-90.1181860814111
18031.25,18.03125,-90.6954337863164
18037.5,18.0375,-91.6971166243824
18043.75,18.04375,-93.2362593398653
18050,18.05,-95.5511291053081
18056.25,18.05625,-99.2312018488749
18062.5,18.0625,-106.50800896842
18068.75,18.06875,-115.62211796229
18075,18.075,-101.976440027001
18081.25,18.08125,-97.11020585553
18087.5,18.0875,-94.2609766641141
18093.75,18.09375,-92.3988091180007
18100,18.1,-91.1659890300674
18106.25,18.10625,-90.4022093263087
18112.5,18.1125,-90.0296948257664
18118.75,18.11875,-90.015246382524
18125,18.125,-90.3572873753186
18131.25,18.13125,-91.0852952702375
18137.5,18.1375,-92.2711292237197
18143.75,18.14375,-94.0630291276555
18150,18.15,-96.786679812118
18156.25,18.15625,-101.343350044088
18162.5,18.1625,-112.696187458018
18168.75,18.16875,-107.921081114568
18175,18.175,-99.8406670416265
18181.25,18.18125,-95.9521260648345
18187.5,18.1875,-93.5389291974402
18193.75,18.19375,-91.940413811157
18200,18.2,-90.8969045401317
18206.25,18.20625,-90.2864012148945
18212.5,18.2125,-90.0504935873084
18218.75,18.21875,-90.1686073988878
18225,18.225,-90.6503411296066
18231.25,18.23125,-91.5389517180658
18237.5,18.2375,-92.9290227150464
18243.75,18.24375,-95.0167824714976
18250,18.25,-98.2614043208918
18256.25,18.25625,-104.156261970146
18262.5,18.2625,-143.678473714367
18268.75,18.26875,-103.986790956182
18275,18.275,-98.1933056766108
18281.25,18.28125,-94.9899586798217
18287.5,18.2875,-92.9285630939559
18293.75,18.29375,-91.5590347479106
18300,18.3,-90.688236502408
18306.25,18.30625,-90.2229892676335
18312.5,18.3125,-90.120850705882
18318.75,18.31875,-90.372847403865
18325,18.325,-91.0002191679488
18331.25,18.33125,-92.0623463224826
18337.5,18.3375,-93.6830640024923
18343.75,18.34375,-96.1264988765928
18350,18.35,-100.068529362917
18356.25,18.35625,-108.338042961331
18362.5,18.3625,-112.354713606428
18368.75,18.36875,-101.362141359095
18375,18.375,-96.8718134576689
18381.25,18.38125,-94.1818933975803
18387.5,18.3875,-92.4135944301202
18393.75,18.39375,-91.2470400490952
18400,18.4,-90.5362216964416
18406.25,18.40625,-90.2103911363643
18412.5,18.4125,-90.2407818227211
18418.75,18.41875,-90.629585190607
18425,18.425,-91.4107409100758
18431.25,18.43125,-92.6632211679677
18437.5,18.4375,-94.5498118949893
18443.75,18.44375,-97.43493531681
18450,18.45,-102.37650946929
18456.25,18.45625,-116.614850066719
18462.5,18.4625,-106.545920623751
18468.75,18.46875,-99.4171590650379
18475,18.475,-95.7856495002461
18481.25,18.48125,-93.4995208809137
18487.5,18.4875,-91.9819467699362
18493.75,18.49375,-90.998570521344
18500,18.5,-90.4380349836753
18506.25,18.50625,-90.2476572527804
18512.5,18.5125,-90.4108767258132
18518.75,18.51875,-90.9411552300266
18525,18.525,-91.8869001180618
18531.25,18.53125,-93.3517426406678
18537.5,18.5375,-95.5522031670591
18543.75,18.54375,-99.0087913887556
18550,18.55,-105.540408319813
18556.25,18.55625,-121.438271582069
18562.5,18.5625,-103.174289307128
18568.75,18.56875,-97.8933547151352
18575,18.575,-94.8792540214278
18581.25,18.58125,-92.9227331495256
18587.5,18.5875,-91.6244979013379
18593.75,18.59375,-90.8091265304244
18600,18.6,-90.3916354419665
18606.25,18.60625,-90.3344256644419
18612.5,18.6125,-90.632326821579
18618.75,18.61875,-91.3107293308147
18625,18.625,-92.4351928978664
18631.25,18.63125,-94.1414549464082
18637.5,18.6375,-96.7231205762258
18643.75,18.64375,-100.960482727163
18650,18.65,-110.549659607553
18656.25,18.65625,-110.088897318541
18662.5,18.6625,-100.82255901364
18668.75,18.66875,-96.6592086371049
18675,18.675,-94.1161478722476
18681.25,18.68125,-92.4368532589524
18687.5,18.6875,-91.3342743582481
18693.75,18.69375,-90.6752841980246
18700,18.7,-90.395662264264
18706.25,18.70625,-90.4709050899083
18712.5,18.7125,-90.9069822473327
18718.75,18.71875,-91.7424944135345
18725,18.725,-93.0640980734823
18731.25,18.73125,-95.0507857794236
18737.5,18.7375,-98.1119110401217
18743.75,18.74375,-103.502268412429
18750,18.75,-123.45459495109
18756.25,18.75625,-105.418080949465
18762.5,18.7625,-99.0401924444051
18768.75,18.76875,-95.638687731597
18775,18.775,-93.4711651809479
18781.25,18.78125,-92.0309202570273
18787.5,18.7875,-91.1059169962323
18793.75,18.79375,-90.5944988451691
18800,18.8,-90.4493686103621
18806.25,18.80625,-90.6578844922177
18812.5,18.8125,-91.2374446151634
18818.75,18.81875,-92.2419092184347
18825,18.825,-93.7847960101934
18831.25,18.83125,-96.1055317081498
18837.5,18.8375,-99.7973634609844
18843.75,18.84375,-107.115933987209
18850,18.85,-115.957831227382
18856.25,18.85625,-102.47241467105
18862.5,18.8625,-97.62532135824
18868.75,18.86875,-94.7839303540888
18875,18.875,-92.9262889496013
18881.25,18.88125,-91.6966148985842
18887.5,18.8875,-90.9353178851811
18893.75,18.89375,-90.5649697265118
18900,18.9,-90.5525863770099
18906.25,18.90625,-90.8967701284752
18912.5,18.9125,-91.6272057042415
18918.75,18.91875,-92.8160767657024
18925,18.925,-94.6122765793828
18931.25,18.93125,-97.3431970548417
18937.5,18.9375,-101.916763126718
18943.75,18.94375,-113.376077336
18950,18.95,-108.375489982491
18956.25,18.95625,-100.345759533
18962.5,18.9625,-96.4699801253639
18968.75,18.96875,-94.0629267062126
18975,18.975,-92.4682551647265
18981.25,18.98125,-91.4275610562944
18987.5,18.9875,-90.8193698557666
18993.75,18.99375,-90.5855498571917
19000,19,-90.7057182959087
19006.25,19.00625,-91.1896538594789
19012.5,19.0125,-92.0808488095066
19018.75,19.01875,-93.4742933014842
19025,19.025,-95.5671131458596
19031.25,19.03125,-98.8211326549122
19037.5,19.0375,-104.743047826943
19043.75,19.04375,-140.276371828597
19050,19.05,-104.471308033424
19056.25,19.05625,-98.7038400231602
19062.5,19.0625,-95.5096953586119
19068.75,19.06875,-93.4532881778075
19075,19.075,-92.0870963296273
19081.25,19.08125,-91.2188580387409
19087.5,19.0875,-90.7557930687727
19093.75,19.09375,-90.6556909482145
19100,19.1,-90.9097565698686
19106.25,19.10625,-91.5394200101359
19112.5,19.1125,-92.6043395263703
19118.75,19.11875,-94.228877246533
19125,19.125,-96.6784424654608
19131.25,19.13125,-100.633324179726
19137.5,19.1375,-108.955591192357
19143.75,19.14375,-112.757139978161
19150,19.15,-101.860083582665
19156.25,19.15625,-97.3858579926921
19162.5,19.1625,-94.7029491890178
19168.75,19.16875,-92.9388188352721
19175,19.175,-91.7752165650063
19181.25,19.18125,-91.0667608639551
19187.5,19.1875,-90.7430164994506
19193.75,19.19375,-90.7754176932713
19200,19.2,-91.1663299190221
19206.25,19.20625,-91.9499029640177
19212.5,19.2125,-93.2054494415596
19218.75,19.21875,-95.0964621531072
19225,19.225,-97.9892838278387
19231.25,19.23125,-102.949907739083
19237.5,19.2375,-117.363841614383
19243.75,19.24375,-107.012994612351
19250,19.25,-99.9225115548975
19256.25,19.25625,-96.3020688507968
19262.5,19.2625,-94.021508185846
19268.75,19.26875,-92.5075027443449
19275,19.275,-91.5267836536638
19281.25,19.28125,-90.968459110945
19287.5,19.2875,-90.7801005490689
19293.75,19.29375,-90.945328811062
19300,19.3,-91.4777839017399
19306.25,19.30625,-92.4261150818438
19312.5,19.3125,-93.8943851563167
19318.75,19.31875,-96.1000981510845
19325,19.325,-99.5668104744454
19331.25,19.33125,-106.130568179128
19337.5,19.3375,-121.612230739994
19343.75,19.34375,-103.662957221831
19350,19.35,-98.4032804616919
19356.25,19.35625,-95.397328234263
19362.5,19.3625,-93.4453766547639
19368.75,19.36875,-92.1502608004232
19375,19.375,-91.3373187469478
19381.25,19.38125,-90.9219240981027
19387.5,19.3875,-90.8666924008487
19393.75,19.39375,-91.166624946831
19400,19.4,-91.8473032543446
19406.25,19.40625,-92.9745764155247
19412.5,19.4125,-94.6847477223405
19418.75,19.41875,-97.2728492875748
19425,19.425,-101.524390702041
19431.25,19.43125,-111.183717145032
19437.5,19.4375,-110.523766830533
19443.75,19.44375,-101.321786590931
19450,19.45,-97.1721506109175
19456.25,19.45625,-94.6353950649123
19462.5,19.4625,-92.9599528198275
19468.75,19.46875,-91.8601512296903
19475,19.475,-91.2034144318551
19481.25,19.48125,-90.925805543955
19487.5,19.4875,-91.0030095203729
19493.75,19.49375,-91.4411662563205
19500,19.5,-92.2790905796838
19506.25,19.50625,-93.6037976935971
19512.5,19.5125,-95.5950484912392
19518.75,19.51875,-98.6643723571319
19525,19.525,-104.076527550088
19531.25,19.53125,-124.442868398676
19537.5,19.5375,-105.893498815822
19543.75,19.54375,-99.5455303856685
19550,19.55,-96.1537039079887
19556.25,19.55625,-93.9912498301522
19562.5,19.5625,-92.5543280767774
19568.75,19.56875,-91.6318388682394
19575,19.575,-91.1225394537895
19581.25,19.58125,-90.9793660028665
19587.5,19.5875,-91.1898496448981
19593.75,19.59375,-91.7715657145577
19600,19.6,-92.7786243511541
19606.25,19.60625,-94.3250032970265
19612.5,19.6125,-96.6512130525869
19618.75,19.61875,-100.354034279401
19625,19.625,-107.71185457601
19631.25,19.63125,-116.304370732459
19637.5,19.6375,-102.963965774054
19643.75,19.64375,-98.1345414635699
19650,19.65,-95.300411066344
19656.25,19.65625,-93.4469705853441
19662.5,19.6625,-92.2202208954727
19668.75,19.66875,-91.4612344412342
19675,19.675,-91.0929043598357
19681.25,19.68125,-91.0824461115015
19687.5,19.6875,-91.4286282613947
19693.75,19.69375,-92.1613285381068
19700,19.7,-93.3530332956372
19706.25,19.70625,-95.153246134717
19712.5,19.7125,-97.8909563869086
19718.75,19.71875,-102.48033791574
19725,19.725,-114.040678038372
19731.25,19.73125,-108.828972687515
19737.5,19.7375,-100.845786111945
19743.75,19.74375,-96.9818127361807
19750,19.75,-94.5804577646768
19756.25,19.75625,-92.9893578597496
19762.5,19.7625,-91.9512831581651
19768.75,19.76875,-91.3452457036704
19775,19.775,-91.1133719992974
19781.25,19.78125,-91.23545710633
19787.5,19.7875,-91.7214474009823
19793.75,19.79375,-92.6150545343417
19800,19.8,-94.0116483123453
19806.25,19.80625,-96.1091937387425
19812.5,19.8125,-99.3719991490168
19818.75,19.81875,-105.319303111083
19825,19.825,-138.268552126633
19831.25,19.83125,-104.952431566333
19837.5,19.8375,-99.2089692916525
19843.75,19.84375,-96.0233524248667
19850,19.85,-93.9715780000025
19856.25,19.85625,-92.6084896524802
19862.5,19.8625,-91.7426355727012
19868.75,19.86875,-91.2816051145156
19875,19.875,-91.1834029860296
19881.25,19.88125,-91.4393998653008
19887.5,19.8875,-92.0712030972418
19893.75,19.89375,-93.1387303281437
19900,19.9,-94.7668362207109
19906.25,19.90625,-97.2221307207958
19912.5,19.9125,-101.189042352864
19918.75,19.91875,-109.561037408052
19925,19.925,-113.163436040512
19931.25,19.93125,-102.353641282523
19937.5,19.9375,-97.8943133952717
19943.75,19.94375,-95.2179112779203
19950,19.95,-93.4576567586434
19956.25,19.95625,-92.2968032157152
19962.5,19.9625,-91.5905499653905
19968.75,19.96875,-91.2687521165657
19975,19.975,-91.3030304256544
19981.25,19.98125,-91.695912385762
19987.5,19.9875,-92.4817437700507
19993.75,19.99375,-93.740155221853
20000,20,-95.6353008367935
20006.25,20.00625,-98.5353232558648
20012.5,20.0125,-103.513810965978
20018.75,20.01875,-118.096009020368
20025,20.025,-107.478194934035
20031.25,20.03125,-100.42298828171
20037.5,20.0375,-96.8128044291883
20043.75,20.04375,-94.5374176347055
20050,20.05,-93.0267337939207
20056.25,20.05625,-92.0484911827515
20062.5,20.0625,-91.4922294985073
20068.75,20.06875,-91.3057563480365
20075,20.075,-91.4728613582095
20081.25,20.08125,-92.0073506097989
20087.5,20.0875,-92.9580992461783
20093.75,20.09375,-94.4295736214631
20100,20.1,-96.6401989255997
20106.25,20.10625,-100.116390945652
20112.5,20.1125,-106.710374030904
20118.75,20.11875,-121.816793373207
20125,20.125,-104.148080341325
20131.25,20.13125,-98.908066731259
20137.5,20.1375,-95.9096798629474
20143.75,20.14375,-93.9619791641102
20150,20.15,-92.669769711826
20156.25,20.15625,-91.8590938736038
20162.5,20.1625,-91.4456568072202
20168.75,20.16875,-91.3922734777622
20175,20.175,-91.6941050596594
20181.25,20.18125,-92.3769114017607
20187.5,20.1875,-93.5068120855697
20193.75,20.19375,-95.2206400502062
20200,20.2,-97.8147652165295
20206.25,20.20625,-102.079601507126
20212.5,20.2125,-111.805304204301
20218.75,20.21875,-110.959577006721
20225,20.225,-101.816732178251
20231.25,20.23125,-97.6798113512296
20237.5,20.2375,-95.1489177345069
20243.75,20.24375,-93.4770633451852
20250,20.25,-92.3798519590358
20256.25,20.25625,-91.7252190790252
20262.5,20.2625,-91.4494913609809
20268.75,20.26875,-91.5285291173704
20275,20.275,-91.9686310662716
20281.25,20.28125,-92.8088120965591
20287.5,20.2875,-94.1364230270004
20293.75,20.29375,-96.1319446005367
20300,20.3,-99.2089485548604
20306.25,20.30625,-104.641582454052
20312.5,20.3125,-125.416638272623
20318.75,20.31875,-106.366520553336
20325,20.325,-100.046207276945
20331.25,20.33125,-96.6633695855299
20337.5,20.3375,-94.5056333817771
20343.75,20.34375,-93.0718098428795
20350,20.35,-92.1516675034799
20356.25,20.35625,-91.6443479591228
20362.5,20.3625,-91.5030044374656
20368.75,20.36875,-91.7153291970994
20375,20.375,-92.299063013286
20381.25,20.38125,-93.3085497245315
20387.5,20.3875,-94.8581978798178
20393.75,20.39375,-97.1895343872661
20400,20.4,-100.902661394951
20406.25,20.40625,-108.297482860441
20412.5,20.4125,-116.660331662755
20418.75,20.41875,-103.451939165864
20425,20.425,-98.6388954768611
20431.25,20.43125,-95.8115182549681
20437.5,20.4375,-93.9619925182686
20443.75,20.44375,-92.7379719319644
20450,20.45,-91.9811443065169
20456.25,20.45625,-91.6147015226265
20462.5,20.4625,-91.6060448089985
20468.75,20.46875,-91.9540978431829
20475,20.475,-92.6889187430066
20481.25,20.48125,-93.8832772063076
20487.5,20.4875,-95.687248920187
20493.75,20.49375,-98.4313229818531
20500,20.5,-103.035558087409
20506.25,20.50625,-114.692002649713
20512.5,20.5125,-109.281920521447
20518.75,20.51875,-101.341677172454
20525,20.525,-97.4886713046069
20531.25,20.53125,-95.092623292889
20537.5,20.5375,-93.50485524365
20543.75,20.54375,-92.4692273660398
20550,20.55,-91.8652039306116
20556.25,20.55625,-91.6351517486041
20562.5,20.5625,-91.7590316495435
20568.75,20.56875,-92.2469466268529
20575,20.575,-93.1428135968269
20581.25,20.58125,-94.5423580767099
20587.5,20.5875,-96.6443324214693
20593.75,20.59375,-99.9153800662737
20600,20.6,-105.886582722231
20606.25,20.60625,-136.947395712902
20612.5,20.6125,-105.430885413246
20618.75,20.61875,-99.70966888376
20625,20.625,-96.531986787569
20631.25,20.63125,-94.484531866088
20637.5,20.6375,-93.124341580968
20643.75,20.64375,-92.2607166380598
20650,20.65,-91.8015902302535
20656.25,20.65625,-91.7051675351831
20662.5,20.6625,-91.9629739537815
20668.75,20.66875,-92.5967825840047
20675,20.675,-93.6667540012156
20681.25,20.68125,-95.2982047630902
20687.5,20.6875,-97.7588724342826
20693.75,20.69375,-101.737082823652
20700,20.7,-110.156090553188
20706.25,20.70625,-113.573330824279
20712.5,20.7125,-102.8436677777
20718.75,20.71875,-98.3981802412675
20725,20.725,-95.7278405521444
20731.25,20.73125,-93.9712037157806
20737.5,20.7375,-92.8129194106997
20743.75,20.74375,-92.1087271327958
20750,20.75,-91.7887523655109
20756.25,20.75625,-91.8247898351101
20762.5,20.7625,-92.2195184191188
20768.75,20.76875,-93.0074673425755
20775,20.775,-94.2685653752796
20781.25,20.78125,-96.1675873330894
20787.5,20.7875,-99.0743681792831
20793.75,20.79375,-104.069661525973
20800,20.8,-118.813467573721
20806.25,20.80625,-107.94205963198
20812.5,20.8125,-100.919506491061
20818.75,20.81875,-97.318870718021
20825,20.825,-95.0483103801923
20831.25,20.83125,-93.5407300804994
20837.5,20.8375,-92.5648043595376
20843.75,20.84375,-92.0104746029129
20850,20.85,-91.8257685676049
20856.25,20.85625,-91.9946334705678
20862.5,20.8625,-92.5310307444303
20868.75,20.86875,-93.4840471824329
20875,20.875,-94.9585277709143
20881.25,20.88125,-97.1737631630505
20887.5,20.8875,-100.658861109452
20893.75,20.89375,-107.281354849171
20900,20.9,-122.047025486529
20906.25,20.90625,-104.630415635579
20912.5,20.9125,-99.4086656348838
20918.75,20.91875,-96.41733034423
20925,20.925,-94.4735995133642
20931.25,20.93125,-93.1841083086802
20937.5,20.9375,-92.3755545017141
20943.75,20.94375,-91.9639521901983
20950,20.95,-91.9123024179458
20956.25,20.95625,-92.2159158083879
20962.5,20.9625,-92.9007192080533
20968.75,20.96875,-94.0330858839369
20975,20.975,-95.750346158459
20981.25,20.98125,-98.3501281474826
20987.5,20.9875,-102.627470434086
20993.75,20.99375,-112.416149603049
21000,21,-111.396502592282
21006.25,21.00625,-102.308247516215
21012.5,21.0125,-98.1831625286157
21018.75,21.01875,-95.6577397273544
21025,21.025,-93.9892395173169
21031.25,21.03125,-92.8944529055412
21037.5,21.0375,-92.2417917267106
21043.75,21.04375,-91.9678284341822
21050,21.05,-92.048587142864
21056.25,21.05625,-92.4905151974269
21062.5,21.0625,-93.332815027009
21068.75,21.06875,-94.663152498495
21075,21.075,-96.6626849616143
21081.25,21.08125,-99.7469071693105
21087.5,21.0875,-105.19884023067
21093.75,21.09375,-126.378348394705
21100,21.1,-106.837768035703
21106.25,21.10625,-100.543123772534
21112.5,21.1125,-97.1686670162476
21118.75,21.11875,-95.0153389958309
21125,21.125,-93.5844147577082
21131.25,21.13125,-92.6664713518631
21137.5,21.1375,-92.161008723251
21143.75,21.14375,-92.0213827441755
21150,21.15,-92.2354363497642
21156.25,21.15625,-92.8210653056131
21162.5,21.1625,-93.8328327346902
21168.75,21.16875,-95.3855519430841
21175,21.175,-97.7217060915195
21181.25,21.18125,-101.444528990245
21187.5,21.1875,-108.874333087255
21193.75,21.19375,-117.024658770588
21200,21.2,-103.937108073936
21206.25,21.20625,-99.1393111758822
21212.5,21.2125,-96.3182390899015
21218.75,21.21875,-94.4723750503224
21225,21.225,-93.2509107659816
21231.25,21.23125,-92.4961076012353
21237.5,21.2375,-92.1314362314845
21243.75,21.24375,-92.1244714942917
21250,21.25,-92.4742822788008
21256.25,21.25625,-93.211095875081
21262.5,21.2625,-94.40794808902
21268.75,21.26875,-96.215452567386
21275,21.275,-98.965510868199
21281.25,21.28125,-103.583739849717
21287.5,21.2875,-115.331833443543
21293.75,21.29375,-109.734727326618
21300,21.3,-101.834276739072
21306.25,21.30625,-97.9914987617817
21312.5,21.3125,-95.6004116170724
21318.75,21.31875,-94.0157632051381
21325,21.325,-92.9824292924353
21331.25,21.33125,-92.3802960427175
21337.5,21.3375,-92.1519547393308
21343.75,21.34375,-92.2775212928561
21350,21.35,-92.7672454786699
21356.25,21.35625,-93.6652369042578
21362.5,21.3625,-95.0675554495921
21368.75,21.36875,-97.1736945124837
21375,21.375,-100.452499294107
21381.25,21.38125,-106.446265220961
21387.5,21.3875,-136.033187901913
21393.75,21.39375,-105.907339614166
21400,21.4,-100.206820590852
21406.25,21.40625,-97.0365493107328
21412.5,21.4125,-94.9931366668135
21418.75,21.41875,-93.6356624634811
21425,21.425,-92.7741291987261
21431.25,21.43125,-92.3167911325819
21437.5,21.4375,-92.2220408828292
21443.75,21.44375,-92.4815487548332
21450,21.45,-93.1172433559136
21456.25,21.45625,-94.1895135198119
21462.5,21.4625,-95.8241103455588
21468.75,21.46875,-98.2898337024799
21475,21.475,-102.278689415746
21481.25,21.48125,-110.742264869309
21487.5,21.4875,-113.986672726859
21493.75,21.49375,-103.330941493448
21500,21.5,-98.8983614632196
21506.25,21.50625,-96.2336911625792
21512.5,21.5125,-94.4804433284032
21518.75,21.51875,-93.324569137131
21525,21.525,-92.6223123296839
21531.25,21.53125,-92.3040510867898
21537.5,21.5375,-92.3417429612412
21543.75,21.54375,-92.7382087627441
21550,21.55,-93.5281500040878
21556.25,21.55625,-94.7917758216585
21562.5,21.5625,-96.694445490331
21568.75,21.56875,-99.6075899503709
21575,21.575,-104.618741305984
21581.25,21.58125,-119.518099160534
21587.5,21.5875,-108.405102265634
21593.75,21.59375,-101.412898323332
21600,21.6,-97.8211823205293
21606.25,21.60625,-95.5551407304817
21612.5,21.6125,-94.050470636904
21618.75,21.61875,-93.076720214835
21625,21.625,-92.5242061547116
21631.25,21.63125,-92.3411621608054
21637.5,21.6375,-92.5116830997485
21643.75,21.64375,-93.0498762116795
21650,21.65,-94.0050272471359
21656.25,21.65625,-95.4823375677011
21662.5,21.6625,-97.7019134543781
21668.75,21.66875,-101.195404476776
21675,21.675,-107.844868539232
21681.25,21.68125,-122.29914506111
21687.5,21.6875,-105.110659636345
21693.75,21.69375,-99.9059386608398
21700,21.7,-96.9212000958136
21706.25,21.70625,-94.9811899890943
21712.5,21.7125,-93.6942500752986
21718.75,21.71875,-92.887690280971
21725,21.725,-92.4778136079168
21731.25,21.73125,-92.4277953409998
21737.5,21.7375,-92.7330862747223
21743.75,21.74375,-93.4197701539941
21750,21.75,-94.5544589289347
21756.25,21.75625,-96.2749514556465
21762.5,21.7625,-98.8800627309198
21768.75,21.76875,-103.169204713636
21775,21.775,-113.017788330696
21781.25,21.78125,-111.834753982763
21787.5,21.7875,-102.797108809912
21793.75,21.79375,-98.6830821030688
21800,21.8,-96.1627834408228
21806.25,21.80625,-94.4974300486808
21812.5,21.8125,-93.4049213060908
21818.75,21.81875,-92.7541143506305
21825,21.825,-92.4818116974711
21831.25,21.83125,-92.5641909964451
21837.5,21.8375,-93.0078391399593
21843.75,21.84375,-93.8521349258374
21850,21.85,-95.1850408870738
21856.25,21.85625,-97.1883522726586
21862.5,21.8625,-100.279379811489
21868.75,21.86875,-105.74955358987
21875,21.875,-127.330236899717
21881.25,21.88125,-107.307823318976
21887.5,21.8875,-101.037097316926
21893.75,21.89375,-97.6704830611075
21900,21.9,-95.5212884329505
21906.25,21.90625,-94.0930868367882
21912.5,21.9125,-93.1772108977043
21918.75,21.91875,-92.6734958596726
21925,21.925,-92.5354874404115
21931.25,21.93125,-92.7511699522183
21937.5,21.9375,-93.3385848338436
21943.75,21.94375,-94.3525016165189
21950,21.95,-95.9081150580933
21956.25,21.95625,-98.2488106671174
21962.5,21.9625,-101.980783389898
21968.75,21.96875,-109.443752335076
21975,21.975,-117.396559745573
21981.25,21.98125,-104.420181704429
21987.5,21.9875,-99.6366289037968
21993.75,21.99375,-96.821464547537
22000,22,-94.9790374668376
22006.25,22.00625,-93.7599758980032
22012.5,22.0125,-93.0070776994528
22018.75,22.01875,-92.6440746343083
22025,22.025,-92.6387043384905
22031.25,22.03125,-92.9901720928376
22037.5,22.0375,-93.7288643464819
22043.75,22.04375,-94.9280676006879
22050,22.05,-96.7389028994428
22056.25,22.05625,-99.4946059352112
22062.5,22.0625,-104.126057693194
22068.75,22.06875,-115.961757104671
22075,22.075,-110.187783102971
22081.25,22.08125,-102.324353760001
22087.5,22.0875,-98.4911482463681
22093.75,22.09375,-96.1047146459017
22100,22.1,-94.5229972361696
22106.25,22.10625,-93.4918213276001
22112.5,22.1125,-92.8914680615872
22118.75,22.11875,-92.6647391217303
22125,22.125,-92.7918959866233
22131.25,22.13125,-93.2833264407543
22137.5,22.1375,-94.1833215451515
22143.75,22.14375,-95.5882564327123
22150,22.15,-97.6983240295829
22156.25,22.15625,-100.984451520496
22162.5,22.1625,-106.999579939743
22168.75,22.16875,-135.386876319583
22175,22.175,-106.382415492613
22181.25,22.18125,-100.701225302743
22187.5,22.1875,-97.5378998202591
22193.75,22.19375,-95.4982830459785
22200,22.2,-94.1433630413992
22206.25,22.20625,-93.2837991062513
22212.5,22.2125,-92.8281463403121
22218.75,22.21875,-92.7349732107104
22225,22.225,-92.9960861765041
22231.25,22.23125,-93.6335602058438
22237.5,22.2375,-94.7079992651149
22243.75,22.24375,-96.3455644855264
22250,22.25,-98.8160594246214
22256.25,22.25625,-102.814974422709
22262.5,22.2625,-111.320909707318
22268.75,22.26875,-114.403398332893
22275,22.275,-103.81617520804
22281.25,22.28125,-99.395675850364
22287.5,22.2875,-96.7363256856002
22293.75,22.29375,-94.9862634192215
22300,22.3,-93.8326576879124
22306.25,22.30625,-93.1322245690349
22312.5,22.3125,-92.8155792220149
22318.75,22.31875,-92.8548321016787
22325,22.325,-93.2529375149327
22331.25,22.33125,-94.0447592799396
22337.5,22.3375,-95.3107709938922
22343.75,22.34375,-97.21688386823
22350,22.35,-100.13603825159
22356.25,22.35625,-105.162196111831
22362.5,22.3625,-120.211586951001
22368.75,22.36875,-108.867811430876
22375,22.375,-101.903922039262
22381.25,22.38125,-98.3205679058892
22387.5,22.3875,-96.0587713560303
22393.75,22.39375,-94.5568393425398
22400,22.4,-93.5851380859253
22406.25,22.40625,-93.0343361292591
22412.5,22.4125,-92.8528604814502
22418.75,22.41875,-93.0249447950439
22425,22.425,-93.5648335899487
22431.25,22.43125,-94.5220002124071
22437.5,22.4375,-96.0019824464948
22443.75,22.44375,-98.2256574587353
22450,22.45,-101.727081543519
22456.25,22.45625,-108.402127938983
22462.5,22.4625,-122.57021782093
22468.75,22.46875,-105.589455079002
22475,22.475,-100.400668966001
22481.25,22.48125,-97.4221226985198
22487.5,22.4875,-95.4856115039242
22493.75,22.49375,-94.2010741309053
22500,22.5,-93.3963942306308
22506.25,22.50625,-92.9881458808578
22512.5,22.5125,-92.939668058583
22518.75,22.51875,-93.2465434462194
22525,22.525,-93.935003652697
22531.25,22.53125,-95.0718858682911
22537.5,22.5375,-96.7954315953205
22543.75,22.54375,-99.405578616321
22550,22.55,-103.705885787664
22556.25,22.55625,-113.611590771579
22562.5,22.5625,-112.274564744672
22568.75,22.56875,-103.284026283185
22575,22.575,-99.1803672157144
22581.25,22.58125,-96.664884108216
22587.5,22.5875,-95.0024927723705
22593.75,22.59375,-93.9121309235419
22600,22.6,-93.2630734013517
22606.25,22.60625,-92.9923387666287
22612.5,22.6125,-93.0762490439926
22618.75,22.61875,-93.5215225582446
22625,22.625,-94.3677044711153
22631.25,22.63125,-95.7030374943731
22637.5,22.6375,-97.7099200097989
22643.75,22.64375,-100.807382402054
22650,22.65,-106.294844074958
22656.25,22.65625,-128.274372132231
22662.5,22.6625,-107.777231491526
22668.75,22.66875,-101.528873164525
22675,22.675,-98.16962241569
22681.25,22.68125,-96.0243163522422
22687.5,22.6875,-94.598679876668
22693.75,22.69375,-93.6847541160365
22700,22.7,-93.1826890888041
22706.25,22.70625,-93.046208945578
22712.5,22.7125,-93.2634310696738
22718.75,22.71875,-93.8525342347076
22725,22.725,-94.8684828367285
22731.25,22.73125,-96.4268321626652
22737.5,22.7375,-98.7718216040244
22743.75,22.74375,-102.512453576353
22750,22.75,-110.006945625596
22756.25,22.75625,-117.775442298566
22762.5,22.7625,-104.901812771859
22768.75,22.76875,-100.131613396349
22775,22.775,-97.3220028063508
22781.25,22.78125,-95.4828122858126
22787.5,22.7875,-94.2660163896543
22793.75,22.79375,-93.5149164823353
22800,22.8,-93.1534896323533
22806.25,22.80625,-93.1496266242934
22812.5,22.8125,-93.5026612434484
22818.75,22.81875,-94.2431301266193
22825,22.825,-95.4445566396152
22831.25,22.83125,-97.2585417604664
22837.5,22.8375,-100.019584817929
22843.75,22.84375,-104.66356548555
22850,22.85,-116.583193646014
22856.25,22.85625,-110.641470008929
22862.5,22.8625,-102.812611732734
22868.75,22.86875,-98.9883953866977
22875,22.875,-96.606341327803
22881.25,22.88125,-95.0273865883538
22887.5,22.8875,-93.9982472890449
22893.75,22.89375,-93.3995755664514
22900,22.9,-93.1743709495428
22906.25,22.90625,-93.303031983867
22912.5,22.9125,-93.7960766085892
22918.75,22.91875,-94.6979672591393
22925,22.925,-96.1053771568723
22931.25,22.93125,-98.2191614166781
22937.5,22.9375,-101.512221263517
22943.75,22.94375,-107.547629196698
22950,22.95,-134.929474729146
22956.25,22.95625,-106.856690454216
22962.5,22.9625,-101.19361373199
22968.75,22.96875,-98.0368196348287
22975,22.975,-96.0007788473299
22981.25,22.98125,-94.6482684821168
22987.5,22.9875,-93.7905645672586
22993.75,22.99375,-93.3365050015936
23000,23,-93.2448237496611
23006.25,23.00625,-93.5074555954325
23012.5,23.0125,-94.1466136677209
23018.75,23.01875,-95.2231052813117
23025,23.025,-96.8634795655901
23031.25,23.03125,-99.3384909923962
23037.5,23.0375,-103.346937979881
23043.75,23.04375,-111.893233987111
23050,23.05,-114.823509701236
23056.25,23.05625,-104.300024056327
23062.5,23.0625,-99.8908693859424
23068.75,23.06875,-97.2365277711162
23075,23.075,-95.4894693971741
23081.25,23.08125,-94.3380055485997
23087.5,23.0875,-93.6392961889819
23093.75,23.09375,-93.3241794236116
23100,23.1,-93.3649097362114
23106.25,23.10625,-93.7645673758429
23112.5,23.1125,-94.5581695088378
23118.75,23.11875,-95.8264398997452
23125,23.125,-97.7358124323771
23131.25,23.13125,-100.660658838794
23137.5,23.1375,-105.70105571634
23143.75,23.14375,-120.895444037127
23150,23.15,-109.330651208766
23156.25,23.15625,-102.393271561642
23162.5,23.1625,-98.8177818913533
23168.75,23.16875,-96.5599859685968
23175,23.175,-95.0606382115121
23181.25,23.18125,-94.0908733419564
23187.5,23.1875,-93.5416908251406
23193.75,23.19375,-93.3616996767828
23200,23.2,-93.5352644018498
23206.25,23.20625,-94.0767591532054
23212.5,23.2125,-95.0358346677848
23218.75,23.21875,-96.5183472060289
23225,23.225,-98.7459045230326
23231.25,23.23125,-102.254847723709
23237.5,23.2375,-108.954222185417
23243.75,23.24375,-122.857944261384
23250,23.25,-106.067396846072
23256.25,23.25625,-100.893571746343
23262.5,23.2625,-97.9208567596899
23268.75,23.26875,-95.9876462466277
23275,23.275,-94.7053783944301
23281.25,23.28125,-93.9024762918522
23287.5,23.2875,-93.4957691664965
23293.75,23.29375,-93.448750251186
23300,23.3,-93.7571266941153
23306.25,23.30625,-94.4472698583318
23312.5,23.3125,-95.5862300883578
23318.75,23.31875,-97.3126682285695
23325,23.325,-99.9275870631641
23331.25,23.33125,-104.238487648465
23337.5,23.3375,-114.198786766004
23343.75,23.34375,-112.716182836945
23350,23.35,-103.769652388449
23356.25,23.35625,-99.675745026861
23362.5,23.3625,-97.1648017395774
23368.75,23.36875,-95.5052072223077
23375,23.375,-94.4168750704079
23381.25,23.38125,-93.7694731766709
23387.5,23.3875,-93.5002236149821
23393.75,23.39375,-93.5855845821837
23400,23.4,-94.0323985555978
23406.25,23.40625,-94.8803680706359
23412.5,23.4125,-96.2180011817885
23418.75,23.41875,-98.2282680790743
23425,23.425,-101.33183187136
23431.25,23.43125,-106.835721194116
23437.5,23.4375,-129.212683301788
23443.75,23.44375,-108.246503636059
23450,23.45,-102.019133732912
23456.25,23.45625,-98.6668187069222
23462.5,23.4625,-96.5251822585778
23468.75,23.46875,-95.1019699349761
23475,23.475,-94.189889341738
23481.25,23.48125,-93.6893869254324
23487.5,23.4875,-93.5543550552233
23493.75,23.49375,-93.7730367396043
23500,23.5,-94.3637405990321
23506.25,23.50625,-95.3816155116178
23512.5,23.5125,-96.9425584501289
23518.75,23.51875,-99.2916189824668
23525,23.525,-103.040468125713
23531.25,23.53125,-110.564996618255
23537.5,23.5375,-118.160867841432
23543.75,23.54375,-105.38260409737
23550,23.55,-100.624963765038
23556.25,23.55625,-97.8205904733809
23562.5,23.5625,-95.9844571631374
23568.75,23.56875,-94.7698042224823
23575,23.575,-94.0204070436824
23581.25,23.58125,-93.6604738803183
23587.5,23.5875,-93.6580400205427
23593.75,23.59375,-94.0125606760309
23600,23.6,-94.7547146063817
23606.25,23.60625,-95.9582495906368
23612.5,23.6125,-97.7752217864446
23618.75,23.61875,-100.541330519411
23625,23.625,-105.197213886139
23631.25,23.63125,-117.19742032045
23637.5,23.6375,-111.096159988457
23643.75,23.64375,-103.299696941828
23650,23.65,-99.4839486397318
23656.25,23.65625,-97.1060289235034
23662.5,23.6625,-95.5296861022975
23668.75,23.66875,-94.5024746442727
23675,23.675,-93.9053962306136
23681.25,23.68125,-93.6816369926224
23687.5,23.6875,-93.8117249189376
23693.75,23.69375,-94.3063010472128
23700,23.7,-95.2099901177394
23706.25,23.70625,-96.6197479749097
23712.5,23.7125,-98.7370582367126
23718.75,23.71875,-102.03669861789
23725,23.725,-108.091406639112
23731.25,23.73125,-134.611983342693
23737.5,23.7375,-107.330702420208
23743.75,23.74375,-101.684655511111
23750,23.75,-98.5340220969517
23756.25,23.75625,-96.5013603751527
23762.5,23.7625,-95.1511301073832
23768.75,23.76875,-94.2951882189291
23775,23.775,-93.842639257237
23781.25,23.78125,-93.7523734052989
23787.5,23.7875,-94.0164467436283
23793.75,23.79375,-94.6572031872415
23800,23.8,-95.7356427859083
23806.25,23.80625,-97.3786827979742
23812.5,23.8125,-99.8579809569433
23818.75,23.81875,-103.875484095409
23825,23.825,-112.460326413904
23831.25,23.83125,-115.247057678418
23837.5,23.8375,-104.783092469922
23843.75,23.84375,-100.384624825271
23850,23.85,-97.7350127636428
23856.25,23.85625,-95.9907954667115
23862.5,23.8625,-94.8413600076413
23868.75,23.86875,-94.1442847741889
23875,23.875,-93.8306182438627
23881.25,23.88125,-93.8727509681189
23887.5,23.8875,-94.2738823483735
23893.75,23.89375,-95.0691748359424
23900,23.9,-96.3395894784804
23906.25,23.90625,-98.2520564215447
23912.5,23.9125,-101.182308257512
23918.75,23.91875,-106.236250452932
23925,23.925,-121.571037255406
23931.25,23.93125,-109.794062173902
23937.5,23.9375,-102.881584621798
23943.75,23.94375,-99.3135142891195
23950,23.95,-97.0594999633423
23956.25,23.95625,-95.5625985215874
23962.5,23.9625,-94.5946688629971
23968.75,23.96875,-94.0470226262251
23975,23.975,-93.8684407016938
23981.25,23.98125,-94.0434113215384
23987.5,23.9875,-94.5864313922029
23993.75,23.99375,-95.5473198463763
24000,24,-97.0322352310051
24006.25,24.00625,-99.2634794915146
24012.5,24.0125,-102.779568224878
24018.75,24.01875,-109.502134401948
24025,24.025,-123.160507484267
24031.25,24.03125,-106.545037264798
24037.5,24.0375,-101.385303036296
24043.75,24.04375,-98.4180959017
24050,24.05,-96.4880082992287
24056.25,24.05625,-95.207890613642
24062.5,24.0625,-94.4066746675327
24068.75,24.06875,-94.0014305601045
24075,24.075,-93.9557973095386
24081.25,24.08125,-94.2655998570005
24087.5,24.0875,-94.9573420164197
24093.75,24.09375,-96.0982763875797
24100,24.1,-97.8274621167055
24106.25,24.10625,-100.446914749309
24112.5,24.1125,-104.767892054505
24118.75,24.11875,-114.780485569635
24125,24.125,-113.159864440494
24131.25,24.13125,-104.25458888254
24137.5,24.1375,-100.169881881253
24143.75,24.14375,-97.6632311678584
24150,24.15,-96.0062851913149
24156.25,24.15625,-94.9198775226577
24162.5,24.1625,-94.2740470154656
24168.75,24.16875,-94.0062080111358
24175,24.175,-94.0929475087282
24181.25,24.18125,-94.5412255864393
24187.5,24.1875,-95.3908940498181
24193.75,24.19375,-96.7307129062159
24200,24.2,-98.7441958499607
24206.25,24.20625,-101.853560043836
24212.5,24.2125,-107.373098292394
24218.75,24.21875,-130.146987079169
24225,24.225,-108.716119759738
24231.25,24.23125,-102.508506581033
24237.5,24.2375,-99.1627438616817
24243.75,24.24375,-97.0245805519688
24250,24.25,-95.6036658070133
24256.25,24.25625,-94.6933360585228
24262.5,24.2625,-94.1943177236823
24268.75,24.26875,-94.0606622168571
24275,24.275,-94.2807314749953
24281.25,24.28125,-94.872957219753
24287.5,24.2875,-95.8926634444175
24293.75,24.29375,-97.456071787986
24300,24.3,-99.8090024699917
24306.25,24.30625,-103.565669290761
24312.5,24.3125,-111.118884788218
24318.75,24.31875,-118.552516979964
24325,24.325,-105.863114392837
24331.25,24.33125,-101.117321972052
24337.5,24.3375,-98.3179020533712
24343.75,24.34375,-96.4846649059822
24350,24.35,-95.2720446756265
24356.25,24.35625,-94.5242643465015
24362.5,24.3625,-94.165750680215
24368.75,24.36875,-94.1646756973505
24375,24.375,-94.5206096637334
24381.25,24.38125,-95.2643661895503
24387.5,24.3875,-96.469906224938
24393.75,24.39375,-98.2897187312885
24400,24.4,-101.060645428865
24406.25,24.40625,-105.727864828449
24412.5,24.4125,-117.805591537167
24418.75,24.41875,-111.552213498432
24425,24.425,-103.786205536124
24431.25,24.43125,-99.9784580454625
24437.5,24.4375,-97.6044525088444
24443.75,24.44375,-96.0305861577397
24450,24.45,-95.0052047774582
24456.25,24.45625,-94.4096403408086
24462.5,24.4625,-94.1872554790821
24468.75,24.46875,-94.3187007644663
24475,24.475,-94.8147339742684
24481.25,24.48125,-95.7201339683164
24487.5,24.4875,-97.1321252396722
24493.75,24.49375,-99.25278943686
24500,24.5,-102.558692378422
24506.25,24.50625,-108.631812498609
24512.5,24.5125,-134.402036050071
24518.75,24.51875,-107.804953881097
24525,24.525,-102.174966950394
24531.25,24.53125,-99.0301614786445
24537.5,24.5375,-97.0007018857253
24543.75,24.54375,-95.6526352610312
24550,24.55,-94.7983672764528
24556.25,24.55625,-94.3472546203648
24562.5,24.5625,-94.2583353494852
24568.75,24.56875,-94.5237805110648
24575,24.575,-95.1660581543751
24581.25,24.58125,-96.2463514775566
24587.5,24.5875,-97.8919279009701
24593.75,24.59375,-100.375305276994
24600,24.6,-104.401434013234
24606.25,24.60625,-113.023172307815
24612.5,24.6125,-115.674129548194
24618.75,24.61875,-105.265940208256
24625,24.625,-100.877569833317
24631.25,24.63125,-98.2324366768497
24637.5,24.6375,-96.4909140755403
24643.75,24.64375,-95.3434049272651
24650,24.65,-94.6478831778404
24656.25,24.65625,-94.3355963731603
24662.5,24.6625,-94.3790639664137
24668.75,24.66875,-94.7815983905597
24675,24.675,-95.5785001021165
24681.25,24.68125,-96.8509557851659
24687.5,24.6875,-98.7663679471402
24693.75,24.69375,-101.701766134358
24700,24.7,-106.768625046099
24706.25,24.70625,-122.239607128242
24712.5,24.7125,-110.258462726757
24718.75,24.71875,-103.369449747753
24725,24.725,-99.8083990568159
24731.25,24.73125,-97.5579694086627
24737.5,24.7375,-96.0633901963375
24743.75,24.74375,-95.0972047046687
24750,24.75,-94.5510198949831
24756.25,24.75625,-94.3737794160486
24762.5,24.7625,-94.55008880774
24768.75,24.76875,-95.0945615226008
24775,24.775,-96.0571763806052
24781.25,24.78125,-97.5443795696022
24787.5,24.7875,-99.7791342621866
24793.75,24.79375,-103.302030475797
24800,24.8,-110.046756445841
24806.25,24.80625,-123.476462492143
24812.5,24.8125,-107.022890816032
24818.75,24.81875,-101.876467213386
24825,24.825,-98.914477222264
24831.25,24.83125,-96.9873526038822
24837.5,24.8375,-95.7092776646572
24843.75,24.84375,-94.9096653729427
24850,24.85,-94.5058138565725
24856.25,24.85625,-94.4615002913712
24862.5,24.8625,-94.7726613940267
24868.75,24.86875,-95.4659268334299
24875,24.875,-96.6087416087223
24881.25,24.88125,-98.340544121024
24887.5,24.8875,-100.96431532824
24893.75,24.89375,-105.294901240826
24900,24.9,-115.357692515753
24906.25,24.90625,-113.605869651108
24912.5,24.9125,-104.739392948499
24918.75,24.91875,-100.663391104465
24925,24.925,-98.1608105543993
24931.25,24.93125,-96.5063796497409
24937.5,24.9375,-95.4218017258416
24943.75,24.94375,-94.7774667304263
24950,24.95,-94.510971149338
24956.25,24.95625,-94.5990241412829
24962.5,24.9625,-95.0486974716785
24968.75,24.96875,-95.8999848912614
24975,24.975,-97.2418862429589
24981.25,24.98125,-99.2584330842749
24987.5,24.9875,-102.373325263141
24993.75,24.99375,-107.907805813723
25000,25,-131.07901113329
25006.25,25.00625,-109.18653160651
25012.5,25.0125,-102.997571246651
25018.75,25.01875,-99.6580160625946
25025,25.025,-97.5231490326802
25031.25,25.03125,-96.1044178763114
25037.5,25.0375,-95.1957540024728
25043.75,25.04375,-94.6981489880858
25050,25.05,-94.5658050282966
25056.25,25.05625,-94.7871969474332
25062.5,25.0625,-95.380873474026
25068.75,25.06875,-96.4023252429309
25075,25.075,-97.9680831464375
25081.25,25.08125,-100.324702222422
25087.5,25.0875,-104.088824792088
25093.75,25.09375,-111.66949978134
25100,25.1,-118.950163533231
25106.25,25.10625,-106.34386333741
25112.5,25.1125,-101.609280063897
25118.75,25.11875,-98.8145579838736
25125,25.125,-96.9840719477333
25131.25,25.13125,-95.7733850956854
25137.5,25.1375,-95.0271442189776
25143.75,25.14375,-94.6699831698189
25150,25.15,-94.6702036943692
25156.25,25.15625,-95.0274853589653
25162.5,25.1625,-95.7727700486932
25168.75,25.16875,-96.9802217072384
25175,25.175,-98.8027418220935
25181.25,25.18125,-101.578262243344
25187.5,25.1875,-106.256303646418
25193.75,25.19375,-118.408755556631
25200,25.2,-112.009978983145
25206.25,25.20625,-104.272689634524
25212.5,25.2125,-100.472522682514
25218.75,25.21875,-98.1022330350145
25225,25.225,-96.5307210959055
25231.25,25.23125,-95.5070816684214
25237.5,25.2375,-94.9129596813586
25243.75,25.24375,-94.6918851604758
25250,25.25,-94.8246250712759
25256.25,25.25625,-95.3220481840536
25262.5,25.2625,-96.2290800708567
25268.75,25.26875,-97.6432012135474
25275,25.275,-99.7670636565095
25281.25,25.28125,-103.078941052099
25287.5,25.2875,-109.169666365181
25293.75,25.29375,-134.277225550141
25300,25.3,-108.279915577274
25306.25,25.30625,-102.665117686555
25312.5,25.3125,-99.5258405563773
25318.75,25.31875,-97.499423636429
25325,25.325,-96.1534156632404
25331.25,25.33125,-95.3007421143942
25337.5,25.3375,-94.850998746532
25343.75,25.34375,-94.7633639628642
25350,25.35,-95.0301180601935
25356.25,25.35625,-95.6738472052574
25362.5,25.3625,-96.7559090626918
25368.75,25.36875,-98.4039049269519
25375,25.375,-100.891173615238
25381.25,25.38125,-104.925537426121
25387.5,25.3875,-113.582667704067
25393.75,25.39375,-116.104839841003
25400,25.4,-105.749087615032
25406.25,25.40625,-101.370283936686
25412.5,25.4125,-98.7294038226471
25418.75,25.41875,-96.9904439273711
25425,25.425,-95.8447690186073
25431.25,25.43125,-95.1507280008757
25437.5,25.4375,-94.8397572952144
25443.75,25.44375,-94.8844987873305
25450,25.45,-95.2883724084144
25456.25,25.45625,-96.0868100301935
25462.5,25.4625,-97.3612134181925
25468.75,25.46875,-99.2794357607469
25475,25.475,-102.219745512824
25481.25,25.48125,-107.298950217962
25487.5,25.4875,-122.902284674721
25493.75,25.49375,-110.724250591857
25500,25.5,-103.857412284629
25506.25,25.50625,-100.303021218344
25512.5,25.5125,-98.0559986853325
25518.75,25.51875,-96.5636297628751
25525,25.525,-95.5991062856748
25531.25,25.53125,-95.0543153461634
25537.5,25.5375,-94.8783551246504
25543.75,25.54375,-95.0559426686213
25550,25.55,-95.601802360266
25556.25,25.55625,-96.5660653798589
25562.5,25.5625,-98.0554522745496
25568.75,25.56875,-100.293557520521
25575,25.575,-103.822954576962
25581.25,25.58125,-110.588901283167
25587.5,25.5875,-123.804654374435
25593.75,25.59375,-107.501438319167
25600,25.6,-102.367623433089
25606.25,25.60625,-99.4105885030108
25612.5,25.6125,-97.4862825826118
25618.75,25.61875,-96.2101534421559
25625,25.625,-95.4120703304475
25631.25,25.63125,-95.0095478172623
25637.5,25.6375,-94.9664943473133
25643.75,25.64375,-95.2789529712727
25650,25.65,-95.9736732401817
25656.25,25.65625,-97.118283617324
25662.5,25.6625,-98.8525844744088
25668.75,25.66875,-101.480479167237
25675,25.675,-105.820248609194
25681.25,25.68125,-115.931323020807
25687.5,25.6875,-114.054459501359
25693.75,25.69375,-105.224582508978
25700,25.7,-101.156839669965
25706.25,25.70625,-98.6581286316023
25712.5,25.7125,-97.0060923240997
25718.75,25.71875,-95.9232586078869
25725,25.725,-95.2803506056731
25731.25,25.73125,-95.0151378083377
25737.5,25.7375,-95.1044455304219
25743.75,25.74375,-95.5554518723473
25750,25.75,-96.4082858919189
25756.25,25.75625,-97.7521762750122
25762.5,25.7625,-99.7716491588186
25768.75,25.76875,-102.891822187641
25775,25.775,-108.440602451517
25781.25,25.78125,-132.010415353299
25787.5,25.7875,-109.658165311645
25793.75,25.79375,-103.486865135402
25800,25.8,-100.153206543326
25806.25,25.80625,-98.0214761430153
25812.5,25.8125,-96.6048256376854
25818.75,25.81875,-95.697750891362
25825,25.825,-95.2014952722193
25831.25,25.83125,-95.0704042894126
25837.5,25.8375,-95.2930601899865
25843.75,25.84375,-95.8881231890751
25850,25.85,-96.9112428785294
25856.25,25.85625,-98.4792454126133
25862.5,25.8625,-100.839388086872
25868.75,25.86875,-104.610637756125
25875,25.875,-112.2176534905
25881.25,25.88125,-119.353654781326
25887.5,25.8875,-106.825336039375
25893.75,25.89375,-102.101386377066
25900,25.9,-99.311131492159
25906.25,25.90625,-97.483265563196
25912.5,25.9125,-96.2744223525075
25918.75,25.91875,-95.5296509948857
25925,25.925,-95.1737821205263
25931.25,25.93125,-95.175240865734
25937.5,25.9375,-95.5338108884481
25943.75,25.94375,-96.2805563877148
25950,25.95,-97.4898350647161
25956.25,25.95625,-99.3149425141464
25962.5,25.9625,-102.094853189415
25968.75,25.96875,-106.783249293091
25975,25.975,-119.007868569572
25981.25,25.98125,-112.469792852389
25987.5,25.9875,-104.759662615994
25993.75,25.99375,-100.96669705265
26000,26,-98.5999442050612
26006.25,26.00625,-97.0306763913083
26012.5,26.0125,-96.0086992740236
26018.75,26.01875,-95.4159550832482
26025,26.025,-95.1961330090257
26031.25,26.03125,-95.3301108087753
26037.5,26.0375,-95.8288630389179
26043.75,26.04375,-96.7374552639971
26050,26.05,-98.153612458679
26056.25,26.05625,-100.280531945627
26062.5,26.0625,-103.598122157864
26068.75,26.06875,-109.705717951776
26075,26.075,-134.221463151409
26081.25,26.08125,-108.756029827802
26087.5,26.0875,-103.155636408839
26093.75,26.09375,-100.021617090494
26100,26.1,-97.9980987518356
26106.25,26.10625,-96.6540545258592
26112.5,26.1125,-95.8029035677318
26118.75,26.11875,-95.3544688892596
26125,26.125,-95.2680624316491
26131.25,26.13125,-95.5360685637745
26137.5,26.1375,-96.1811861139701
26143.75,26.14375,-97.2649393320483
26150,26.15,-98.9152485869766
26156.25,26.15625,-101.406238049194
26162.5,26.1625,-105.448481945403
26168.75,26.16875,-114.139631242267
26175,26.175,-116.539323464164
26181.25,26.18125,-106.233020212694
26187.5,26.1875,-101.863304493869
26193.75,26.19375,-99.2264733330397
26200,26.2,-97.4899568171096
26206.25,26.20625,-96.3460328914927
26212.5,26.2125,-95.6534068089271
26218.75,26.21875,-95.343694648269
26225,26.225,-95.3896548718903
26231.25,26.23125,-95.794809894285
26237.5,26.2375,-96.5947170222907
26243.75,26.24375,-97.8709835151313
26250,26.25,-99.7918935302202
26256.25,26.25625,-102.736901598816
26262.5,26.2625,-107.827932488979
26268.75,26.26875,-123.56010566031
26275,26.275,-111.19180438351
26281.25,26.28125,-104.345979605223
26287.5,26.2875,-100.797922969939
26293.75,26.29375,-98.5541470156484
26300,26.3,-97.0638871415847
26306.25,26.30625,-96.1009513656159
26312.5,26.3125,-95.5574931772573
26318.75,26.31875,-95.3827578440978
26325,26.325,-95.5615686670669
26331.25,26.33125,-96.1087558637101
26337.5,26.3375,-97.0745961395675
26343.75,26.34375,-98.56607232928
26350,26.35,-100.807382989852
26356.25,26.35625,-104.343002144527
26362.5,26.3625,-111.129313438982
26368.75,26.36875,-124.144156981657
26375,26.375,-107.98113065195
26381.25,26.38125,-102.859291173418
26387.5,26.3875,-99.9069743851707
26393.75,26.39375,-97.9853566493138
26400,26.4,-96.7110855929004
26406.25,26.40625,-95.9144642706832
26412.5,26.4125,-95.5132132124631
26418.75,26.41875,-95.4713658940158
26425,26.425,-95.7850667668593
26431.25,26.43125,-96.481179842594
26437.5,26.4375,-97.6275089297003
26443.75,26.44375,-99.364200651279
26450,26.45,-101.996041602947
26456.25,26.45625,-106.344607773837
26462.5,26.4625,-116.502214423902
26468.75,26.46875,-114.50589394406
26475,26.475,-105.710640856561
26481.25,26.48125,-101.650753931343
26487.5,26.4875,-99.1557309055444
26493.75,26.49375,-97.5059801748296
26500,26.5,-96.4248132488886
26506.25,26.50625,-95.7832702182497
26512.5,26.5125,-95.5192853054355
26518.75,26.51875,-95.6097945404133
26525,26.525,-96.0620775026771
26531.25,26.53125,-96.9163925274489
26537.5,26.5375,-98.2621871490727
26543.75,26.54375,-100.28446089687
26550,26.55,-103.409690096782
26556.25,26.55625,-108.972184584722
26562.5,26.5625,-132.942811466339
26568.75,26.56875,-110.131423875334
26575,26.575,-103.976888615595
26581.25,26.58125,-100.648845423324
26587.5,26.5875,-98.5201071676751
26593.75,26.59375,-97.1054441282533
26600,26.6,-96.1998890250345
26606.25,26.60625,-95.7049249183724
26612.5,26.6125,-95.5750338676973
26618.75,26.61875,-95.7989005872233
26625,26.625,-96.3952917665709
26631.25,26.63125,-97.4200089698675
26637.5,26.6375,-98.990160885158
26643.75,26.64375,-101.353677417868
26650,26.65,-105.131755141359
26656.25,26.65625,-112.764090273076
26662.5,26.6625,-119.762896329608
26668.75,26.66875,-107.307986968666
26675,26.675,-102.59415089003
26681.25,26.68125,-99.8081544798547
26687.5,26.6875,-97.982790046925
26693.75,26.69375,-96.7757092149909
26700,26.7,-96.0323440411957
26706.25,26.70625,-95.6777125944324
26712.5,26.7125,-95.6803576583236
26718.75,26.71875,-96.0401622552428
26725,26.725,-96.7883074821417
26731.25,26.73125,-97.9993363977421
26737.5,26.7375,-99.8269219384301
26743.75,26.74375,-102.611037857679
26750,26.75,-107.309363005511
26756.25,26.75625,-119.603806643378
26762.5,26.7625,-112.931979792273
26768.75,26.76875,-105.247603720853
26775,26.775,-101.461496576309
26781.25,26.78125,-99.0981183728578
26787.5,26.7875,-97.5309947933005
26793.75,26.79375,-96.5106078420067
26800,26.8,-95.9191828760478
26806.25,26.80625,-95.7005607916066
26812.5,26.8125,-95.8357250569843
26818.75,26.81875,-96.3357512859321
26825,26.825,-97.2458389260073
26831.25,26.83125,-98.6639469833653
26837.5,26.8375,-100.793795182992
26843.75,26.84375,-104.116860127807
26850,26.85,-110.240656220455
26856.25,26.85625,-134.222856396881
26862.5,26.8625,-109.23371353556
26868.75,26.86875,-103.647015814571
26875,26.875,-100.51800939759
26881.25,26.88125,-98.4972591134329
26887.5,26.8875,-97.1550926470262
26893.75,26.89375,-96.3053991793771
26900,26.9,-95.858218274909
26906.25,26.90625,-95.7729892389997
26912.5,26.9125,-96.0421958127158
26918.75,26.91875,-96.6886445275345
26925,26.925,-97.7740190484633
26931.25,26.93125,-99.4265453440844
26937.5,26.9375,-101.921100485089
26943.75,26.94375,-105.970901146886
26950,26.95,-114.694814249723
26956.25,26.95625,-116.977730553573
26962.5,26.9625,-106.718192731801
26968.75,26.96875,-102.357131848557
26975,26.975,-99.7241647661695
26981.25,26.98125,-97.9899834945057
26987.5,26.9875,-96.8477350947725
26993.75,26.99375,-96.1564643104055
27000,27,-95.8479585221703
27006.25,27.00625,-95.8950874556105
27012.5,27.0125,-96.3014714528608
27018.75,27.01875,-97.1027878173886
27025,27.025,-98.380840574748
27031.25,27.03125,-100.304326894178
27037.5,27.0375,-103.25383920537
27043.75,27.04375,-108.356222504038
27050,27.05,-124.21402274942
27056.25,27.05625,-111.661485175218
27062.5,27.0625,-104.835625639593
27068.75,27.06875,-101.293608943449
27075,27.075,-99.0529340744403
27081.25,27.08125,-97.5646914716275
27087.5,27.0875,-96.6032760256407
27093.75,27.09375,-96.0610951750589
27100,27.1,-95.8875345220606
27106.25,27.10625,-96.0675188501633
27112.5,27.1125,-96.6159795812871
27118.75,27.11875,-97.5833327263835
27125,27.125,-99.0768124131174
27131.25,27.13125,-101.321196465857
27137.5,27.1375,-104.862783839269
27143.75,27.14375,-111.668677874725
27150,27.15,-124.494226377161
27156.25,27.15625,-108.462392060463
27162.5,27.1625,-103.351955035898
27168.75,27.16875,-100.404141688918
27175,27.175,-98.4850938058657
27181.25,27.18125,-97.212601294483
27187.5,27.1875,-96.4173806496823
27193.75,27.19375,-96.017348855252
27200,27.2,-95.9766587560964
27206.25,27.20625,-96.2915517220733
27212.5,27.2125,-96.9890012935534
27218.75,27.21875,-98.1369792317056
27225,27.225,-99.8759640872545
27231.25,27.23125,-102.511589981932
27237.5,27.2375,-106.86860026186
27243.75,27.24375,-117.071136054255
27250,27.25,-114.960430530453
27256.25,27.25625,-106.198020703987
27262.5,27.2625,-102.145624575886
27268.75,27.26875,-99.6541249965121
27275,27.275,-98.0065609636388
27281.25,27.28125,-96.9269906069312
27287.5,27.2875,-96.2867562892739
27293.75,27.29375,-96.0239494572687
27300,27.3,-96.1156119149098
27306.25,27.30625,-96.5691203053927
27312.5,27.3125,-97.4248567529462
27318.75,27.31875,-98.7724785353388
27325,27.325,-100.797439257052
27331.25,27.33125,-103.927519975641
27337.5,27.3375,-109.503194308773
27343.75,27.34375,-133.877781623124
27350,27.35,-110.606689452877
27356.25,27.35625,-104.468109446858
27362.5,27.3625,-101.145426744533
27368.75,27.36875,-99.0195495717522
27375,27.375,-97.6067894559079
27381.25,27.38125,-96.702690953817
27387.5,27.3875,-96.2089658411124
27393.75,27.39375,-96.080226586108
27400,27.4,-96.3052558661995
27406.25,27.40625,-96.9029222850462
27412.5,27.4125,-97.9291730175856
27418.75,27.41875,-99.5013876842226
27425,27.425,-101.868141755309
27431.25,27.43125,-105.652774925847
27437.5,27.4375,-113.309495648642
27443.75,27.44375,-120.177840420371
27450,27.45,-107.792243430723
27456.25,27.45625,-103.088049860992
27462.5,27.4625,-100.306122599483
27468.75,27.46875,-98.4831520321538
27475,27.475,-97.2777598333207
27481.25,27.48125,-96.5357433658642
27487.5,27.4875,-96.1822996594056
27493.75,27.49375,-96.186083927262
27500,27.5,-96.5470742569186
27506.25,27.50625,-97.2965637121226
27512.5,27.5125,-98.5092730546053
27518.75,27.51875,-100.339237273361
27525,27.525,-103.1273898973
27531.25,27.53125,-107.835255694649
27537.5,27.5375,-120.197375913867
27543.75,27.54375,-113.396853294083
27550,27.55,-105.736962070416
27556.25,27.55625,-101.95740234764
27562.5,27.5625,-99.5972516308766
27568.75,27.56875,-98.032181614208
27575,27.575,-97.0133193417768
27581.25,27.58125,-96.4231604330173
27587.5,27.5875,-96.205690716077
27593.75,27.59375,-96.3419947508186
27600,27.6,-96.843244904679
27606.25,27.60625,-97.7547689424796
27612.5,27.6125,-99.1747503641145
27618.75,27.61875,-101.307410424806
27625,27.625,-104.6357330593
27631.25,27.63125,-110.775117163969
27637.5,27.6375,-134.27240428417
27643.75,27.64375,-109.713360897939
27650,27.65,-104.139716918121
27656.25,27.65625,-101.015501167756
27662.5,27.6625,-98.9974004391655
27668.75,27.66875,-97.6570336603051
27675,27.675,-96.8087385759429
27681.25,27.68125,-96.3627615839823
27687.5,27.6875,-96.2786637430456
27693.75,27.69375,-96.5490238908331
27700,27.7,-97.1967517464149
27706.25,27.70625,-98.283683854599
27712.5,27.7125,-99.9383394922283
27718.75,27.71875,-102.436319004338
27725,27.725,-106.493381446431
27731.25,27.73125,-115.248909342695
27737.5,27.7375,-117.420222612717
27743.75,27.74375,-107.205032656593
27750,27.75,-102.852233799965
27756.25,27.75625,-100.222962950475
27762.5,27.7625,-98.4910187214516
27768.75,27.76875,-97.3503773199977
27775,27.775,-96.6604076744427
27781.25,27.78125,-96.3530608751429
27787.5,27.7875,-96.4013130788228
27793.75,27.79375,-96.808878408244
27800,27.8,-97.611549207858
27806.25,27.80625,-98.8913183105531
27812.5,27.8125,-100.81727950947
27818.75,27.81875,-103.771119126385
27825,27.825,-108.884422146611
27831.25,27.83125,-124.864915925831
27837.5,27.8375,-112.133638033019
27843.75,27.84375,-105.326794829775
27850,27.85,-101.790550766376
27856.25,27.85625,-99.5528448367141
27862.5,27.8625,-98.0665361363429
27868.75,27.86875,-97.1065798224332
27875,27.875,-96.5656259742394
27881.25,27.88125,-96.3931943894793
27887.5,27.8875,-96.5743069930738
27893.75,27.89375,-97.1239921930424
27900,27.9,-98.0927996349731
27906.25,27.90625,-99.5882047082762
27912.5,27.9125,-101.835541848515
27918.75,27.91875,-105.382865812567
27925,27.925,-112.207627571384
27931.25,27.93125,-124.854265108926
27937.5,27.9375,-108.945623110442
27943.75,27.94375,-103.846068922795
27950,27.95,-100.902564019003
27956.25,27.95625,-98.9859784770737
27962.5,27.9625,-97.715192241726
27968.75,27.96875,-96.9213167501896
27975,27.975,-96.5224567998254
27981.25,27.98125,-96.4828794543197
27987.5,27.9875,-96.7989189205212
27993.75,27.99375,-97.4976537725921
28000,28,-98.6472169810705
28006.25,28.00625,-100.388405949213
28012.5,28.0125,-103.027669699266
28018.75,28.01875,-107.39280210597
28025,28.025,-117.638797839999
28031.25,28.03125,-115.418323592037
28037.5,28.0375,-106.687147740292
28043.75,28.04375,-102.641910926324
28050,28.05,-100.153785261266
28056.25,28.05625,-98.5083180638976
28062.5,28.0625,-97.4302804601347
28068.75,28.06875,-96.7913037302158
28075,28.075,-96.5296297172679
28081.25,28.08125,-96.6224015017759
28087.5,28.0875,-97.0770887678936
28093.75,28.09375,-97.9341924237958
28100,28.1,-99.2835711811901
28106.25,28.10625,-101.311115078598
28112.5,28.1125,-104.445860591725
28118.75,28.11875,-110.034226309694
28125,28.125,-134.816896507344
28131.25,28.13125,-111.084325464428
28137.5,28.1375,-104.960966647067
28143.75,28.14375,-101.643412841336
28150,28.15,-99.5202776204769
28156.25,28.15625,-98.1093435771373
28162.5,28.1625,-97.2066443727535
28168.75,28.16875,-96.7141105173464
28175,28.175,-96.5864792999766
28181.25,28.18125,-96.8126272593414
28187.5,28.1875,-97.4115207557245
28193.75,28.19375,-98.4392467706635
28200,28.2,-100.013445264352
28206.25,28.20625,-102.383312561569
28212.5,28.2125,-106.174252272297
28218.75,28.21875,-113.854503742831
28225,28.225,-120.598476850478
28231.25,28.23125,-108.278508644681
28237.5,28.2375,-103.583529866527
28243.75,28.24375,-100.805499656629
28250,28.25,-98.9848250943096
28256.25,28.25625,-97.7810544782028
28262.5,28.2625,-97.0403344616004
28268.75,28.26875,-96.6880333221999
28275,28.275,-96.6929139527816
28281.25,28.28125,-97.0550455880867
28287.5,28.2875,-97.8058287608233
28293.75,28.29375,-99.0201549483589
28300,28.3,-100.8524072266
28306.25,28.30625,-103.644442768422
28312.5,28.3125,-108.361494283344
28318.75,28.31875,-120.789321326168
28325,28.325,-113.864716320397
28331.25,28.33125,-106.228160193193
28337.5,28.3375,-102.454865269212
28343.75,28.34375,-100.09780822115
28350,28.35,-98.5347093069833
28356.25,28.35625,-97.517312160705
28362.5,28.3625,-96.9283709627144
28368.75,28.36875,-96.7120103072485
28375,28.375,-96.8494116378197
28381.25,28.38125,-97.3518401514493
28387.5,28.3875,-98.2647468508683
28393.75,28.39375,-99.6865310193062
28400,28.4,-101.821896368278
28406.25,28.40625,-105.155278517559
28412.5,28.4125,-111.309690478654
28418.75,28.41875,-134.36315978678
28425,28.425,-110.195345852273
28431.25,28.43125,-104.63417281466
28437.5,28.4375,-101.514545650121
28443.75,28.44375,-99.4989866869606
28450,28.45,-98.1603485793256
28456.25,28.45625,-97.3133981179456
28462.5,28.4625,-96.8685796894438
28468.75,28.46875,-96.7855709959224
28475,28.475,-97.0570420746845
28481.25,28.48125,-97.7060017127658
28487.5,28.4875,-98.794433367611
28493.75,28.49375,-100.451138394393
28500,28.5,-102.952413326256
28506.25,28.50625,-107.016468008252
28512.5,28.5125,-115.802557802256
28518.75,28.51875,-117.866969620623
28525,28.525,-107.693943356414
28531.25,28.53125,-103.349049499644
28537.5,28.5375,-100.723322192058
28543.75,28.54375,-98.9935256568007
28550,28.55,-97.8544289082271
28556.25,28.55625,-97.165711132983
28562.5,28.5625,-96.859480218334
28568.75,28.56875,-96.9088143494328
28575,28.575,-97.3175176476071
28581.25,28.58125,-98.1214929747492
28587.5,28.5875,-99.40291470086
28593.75,28.59375,-101.331258263916
28600,28.6,-104.289263623623
28606.25,28.60625,-109.413090650435
28612.5,28.6125,-125.513601476405
28618.75,28.61875,-112.608593490172
28625,28.625,-105.819905598178
28631.25,28.63125,-102.289191032392
28637.5,28.6375,-100.054333787533
28643.75,28.64375,-98.5698831212116
28650,28.65,-97.6113302535564
28656.25,28.65625,-97.0715576099904
28662.5,28.6625,-96.9002135914778
28668.75,28.66875,-97.0824133066135
28675,28.675,-97.6332783003482
28681.25,28.68125,-98.6034866740415
28687.5,28.6875,-100.100745911815
28693.75,28.69375,-102.350926343078
28700,28.7,-105.903775256322
28706.25,28.70625,-112.746750044327
28712.5,28.7125,-125.223794501722
28718.75,28.71875,-109.431203323351
28725,28.725,-104.34205968825
28731.25,28.73125,-101.402685772173
28737.5,28.7375,-99.4884647091771
28743.75,28.74375,-98.2193189716321
28750,28.75,-97.4267381025997
28756.25,28.75625,-97.0290068435246
28762.5,28.7625,-96.9905017828526
28768.75,28.76875,-97.3076462414921
28775,28.775,-98.0076197235547
28781.25,28.78125,-99.158710247813
28787.5,28.7875,-100.902022116615
28793.75,28.79375,-103.544789405516
28800,28.8,-107.917749518874
28806.25,28.80625,-118.205857705196
28812.5,28.8125,-115.879823791165
28818.75,28.81875,-107.178423766895
28825,28.825,-103.14004469546
28831.25,28.83125,-100.655156814455
28837.5,28.8375,-99.0117046389974
28843.75,28.84375,-97.9351416949086
28850,28.85,-97.2973760182686
28856.25,28.85625,-97.0367936273558
28862.5,28.8625,-97.1306347779407
28868.75,28.86875,-97.5864585236909
28875,28.875,-98.4448799848793
28881.25,28.88125,-99.7959517119524
28887.5,28.8875,-101.825984043138
28893.75,28.89375,-104.965223736288
28900,28.9,-110.565833780629
28906.25,28.90625,-135.761733514336
28912.5,28.9125,-111.564678533332
28918.75,28.91875,-105.455873883808
28925,28.925,-102.14323815058
28931.25,28.93125,-100.02273639771
28937.5,28.9375,-98.6135584476609
28943.75,28.94375,-97.7122063695382
28950,28.95,-97.2208203144963
28956.25,28.95625,-97.0942572979392
28962.5,28.9625,-97.3214839774353
28968.75,28.96875,-97.9215606735305
28975,28.975,-98.9507088701601
28981.25,28.98125,-100.526819181426
28987.5,28.9875,-102.899686177305
28993.75,28.99375,-106.696704845058
29000,29,-114.399703692591
29006.25,29.00625,-121.024825875318
29012.5,29.0125,-108.767164479518
29018.75,29.01875,-104.0810113351
29025,29.025,-101.306721446607
29031.25,29.03125,-99.4882537557725
29037.5,29.0375,-98.2860436591192
29043.75,29.04375,-97.5465725116141
29050,29.05,-97.1953728090634
29056.25,29.05625,-97.2013107910286
29062.5,29.0625,-97.5645432631034
29068.75,29.06875,-98.316574117667
29075,29.075,-99.5324591596438
29081.25,29.08125,-101.366916776627
29087.5,29.0875,-104.162694711944
29093.75,29.09375,-108.888607171278
29100,29.1,-121.380334170062
29106.25,29.10625,-114.33586205274
29112.5,29.1125,-106.721597131245
29118.75,29.11875,-102.954309665009
29125,29.125,-100.600224378853
29131.25,29.13125,-99.0390214481214
29137.5,29.1375,-98.0230351864352
29143.75,29.14375,-97.4352676710918
29150,29.15,-97.2199766397627
29156.25,29.15625,-97.3584365796532
29162.5,29.1625,-97.8620019333743
29168.75,29.16875,-98.7762422988698
29175,29.175,-100.199764776292
29181.25,29.18125,-102.33773807869
29187.5,29.1875,-105.675998549047
29193.75,29.19375,-111.844925316757
29200,29.2,-134.489672751766
29206.25,29.20625,-110.680024285028
29212.5,29.2125,-105.130791983228
29218.75,29.21875,-102.015569307636
29225,29.225,-100.002453891795
29231.25,29.23125,-98.6654797530689
29237.5,29.2375,-97.8198249435358
29243.75,29.24375,-97.3761237742637
29250,29.25,-97.2941659290725
29256.25,29.25625,-97.5667090867813
29262.5,29.2625,-98.2168573379792
29268.75,29.26875,-99.3067355962794
29275,29.275,-100.965417020598
29281.25,29.28125,-103.469869535452
29287.5,29.2875,-107.540669849212
29293.75,29.29375,-116.356355933026
29300,29.3,-118.318147875494
29306.25,29.30625,-108.185306861448
29312.5,29.3125,-103.847992864573
29318.75,29.31875,-101.225669947351
29325,29.325,-99.4979396775313
29331.25,29.33125,-98.3603307734181
29337.5,29.3375,-97.6728199841643
29343.75,29.34375,-97.3676656884581
29350,29.35,-97.4180440812312
29356.25,29.35625,-97.8278458275371
29362.5,29.3625,-98.6330801712677
29368.75,29.36875,-99.916096368978
29375,29.375,-101.846737793702
29381.25,29.38125,-104.808761175782
29387.5,29.3875,-109.942749879141
29393.75,29.39375,-126.160839777513
29400,29.4,-113.086668949544
29406.25,29.40625,-106.315353402114
29412.5,29.4125,-102.789946775266
29418.75,29.41875,-100.557828596241
29425,29.425,-99.0751668122436
29431.25,29.43125,-98.1179666458326
29437.5,29.4375,-97.5793334797377
29443.75,29.44375,-97.4090392148561
29450,29.45,-97.5922885292501
29456.25,29.45625,-98.1442925868882
29462.5,29.4625,-99.1158532084295
29468.75,29.46875,-100.614901583915
29475,29.475,-102.867824967869
29481.25,29.48125,-106.426005205702
29487.5,29.4875,-113.286592967218
29493.75,29.49375,-125.602432982903
29500,29.5,-109.919493539081
29506.25,29.50625,-104.84033034552
29512.5,29.5125,-101.90492564224
29518.75,29.51875,-99.9929798349689
29525,29.525,-98.7254146344766
29531.25,29.53125,-97.9340823366235
29537.5,29.5375,-97.5374404466972
29543.75,29.54375,-97.4999707923637
29550,29.55,-97.8181824071769
29556.25,29.55625,-98.5193519728036
29562.5,29.5625,-99.6719169191948
29568.75,29.56875,-101.417277505374
29575,29.575,-104.063425521755
29581.25,29.58125,-108.443943805186
29587.5,29.5875,-118.772927964578
29593.75,29.59375,-116.345177934871
29600,29.6,-107.672229472247
29606.25,29.60625,-103.640433277931
29612.5,29.6125,-101.15865904404
29618.75,29.61875,-99.5171472894697
29625,29.625,-98.4420060454913
29631.25,29.63125,-97.8054090091119
29637.5,29.6375,-97.5458806949295
29643.75,29.64375,-97.6407547880065
29650,29.65,-98.0976763554816
29656.25,29.65625,-98.957370547689
29662.5,29.6625,-100.310076802149
29668.75,29.66875,-102.342510982037
29675,29.675,-105.486088768079
29681.25,29.68125,-111.098533539618
29687.5,29.6875,-136.713895524075
29693.75,29.69375,-112.048080266645
29700,29.7,-105.953222462918
29706.25,29.70625,-102.645312550322
29712.5,29.7125,-100.52734531941
29718.75,29.71875,-99.1198596467884
29725,29.725,-98.2198071306518
29731.25,29.73125,-97.7295292641218
29737.5,29.7375,-97.6039981367893
29743.75,29.74375,-97.8322671052369
29750,29.75,-98.4334869784616
29756.25,29.75625,-99.4640088889307
29762.5,29.7625,-101.041965236468
29768.75,29.76875,-103.41772812495
29775,29.775,-107.220617420048
29781.25,29.78125,-114.945645186737
29787.5,29.7875,-121.456932638249
29793.75,29.79375,-109.258573894403
29800,29.8,-104.580891653342
29806.25,29.80625,-101.810199114783
29812.5,29.8125,-99.9938569873911
29818.75,29.81875,-98.7931517213106
29825,29.825,-98.0548860602196
29831.25,29.83125,-97.7047502993889
29837.5,29.8375,-97.7117100669024
29843.75,29.84375,-98.0760064695339
29850,29.85,-98.829242999772
29856.25,29.85625,-100.046633942249
29862.5,29.8625,-101.883221295741
29868.75,29.86875,-104.682613065843
29875,29.875,-109.417088972613
29881.25,29.88125,-121.971058610765
29887.5,29.8875,-114.81057468202
29893.75,29.89375,-107.217651188187
29900,29.9,-103.456136452648
29906.25,29.90625,-101.104911698142
29912.5,29.9125,-99.5455362206262
29918.75,29.91875,-98.5309113734797
29925,29.925,-97.9442773953819
29931.25,29.93125,-97.7300200316557
29937.5,29.9375,-97.8695033035446
29943.75,29.94375,-98.3741676211629
29950,29.95,-99.2896969284375
29956.25,29.95625,-100.714898847309
29962.5,29.9625,-102.855391100827
29968.75,29.96875,-106.198364035742
29975,29.975,-112.381335271302
29981.25,29.98125,-134.647607963932
29987.5,29.9875,-111.167736030556
29993.75,29.99375,-105.629961198654
30000,30,-102.51897502406
30006.25,30.00625,-100.508213525885
30012.5,30.0125,-99.1728443254968
30018.75,30.01875,-98.3284405026473
30025,30.025,-97.8858189278668
30031.25,30.03125,-97.8048770068765
30037.5,30.0375,-98.0784568065545
30043.75,30.04375,-98.7297542764408
30050,30.05,-99.8210307904977
30056.25,30.05625,-101.481621899659
30062.5,30.0625,-103.989144194251
30068.75,30.06875,-108.066464271644
30075,30.075,-116.910860572642
30081.25,30.08125,-118.773938398638
30087.5,30.0875,-108.679486332874
30093.75,30.09375,-104.34945558098
30100,30.1,-101.730410044896
30106.25,30.10625,-100.004671725498
30112.5,30.1125,-98.8684988353397
30118.75,30.11875,-98.1821540926163
30125,30.125,-97.878040606549
30131.25,30.13125,-97.929428908158
30137.5,30.1375,-98.3402930457694
30143.75,30.14375,-99.1467448597439
30150,30.15,-100.431302402038
30156.25,30.15625,-102.364164418497
30162.5,30.1625,-105.330070610421
30168.75,30.16875,-110.473888910096
30175,30.175,-126.80734207942
30181.25,30.18125,-113.5681700093
30187.5,30.1875,-106.813513436389
30193.75,30.19375,-103.293212523265
30200,30.2,-101.063733339381
30206.25,30.20625,-99.5827973234876
30212.5,30.2125,-98.6269035588428
30218.75,30.21875,-98.0893718085312
30225,30.225,-97.9200928090337
30231.25,30.23125,-98.1043575025283
30237.5,30.2375,-98.6574634525495
30243.75,30.24375,-99.6303318617139
30250,30.25,-101.131109940511
30256.25,30.25625,-103.386684482291
30262.5,30.2625,-106.950018718278
30268.75,30.26875,-113.827669054474
30275,30.275,-125.989878977778
30281.25,30.28125,-110.410838037745
30287.5,30.2875,-105.341262896217
30293.75,30.29375,-102.409679699868
30300,30.3,-100.49992768843
30306.25,30.30625,-99.2338882979467
30312.5,30.3125,-98.4437625534896
30318.75,30.31875,-98.0481741624409
30325,30.325,-98.0117062732746
30331.25,30.33125,-98.3309505201246
30337.5,30.3375,-99.0332773267978
30343.75,30.34375,-100.187268370758
30350,30.35,-101.934609839758
30356.25,30.35625,-104.584026173543
30362.5,30.3625,-108.971855633268
30368.75,30.36875,-119.340580872796
30375,30.375,-116.81462898557
30381.25,30.38125,-108.168926899091
30387.5,30.3875,-104.14346265121
30393.75,30.39375,-101.664688700467
30400,30.4,-100.025049253208
30406.25,30.40625,-98.9512813720482
30412.5,30.4125,-98.3158142769208
30418.75,30.41875,-98.0573057871577
30425,30.425,-98.1531795906468
30431.25,30.43125,-98.6111636962282
30437.5,30.4375,-99.4720894541294
30443.75,30.44375,-100.826376819138
30450,30.45,-102.861133635597
30456.25,30.45625,-106.008906573883
30462.5,30.4625,-111.632810480889
30468.75,30.46875,-137.675030899936
30475,30.475,-112.534848888694
30481.25,30.48125,-106.453383973265
30487.5,30.4875,-103.15002429922
30493.75,30.49375,-101.034501220391
30500,30.5,-99.6286495578743
30506.25,30.50625,-98.7298531909688
30512.5,30.5125,-98.2406473686155
30518.75,30.51875,-98.1161150000499
30525,30.525,-98.3453930114765
30531.25,30.53125,-98.9477195213854
30537.5,30.5375,-99.9795708638286
30543.75,30.54375,-101.559313096205
30550,30.55,-103.937876865233
30556.25,30.55625,-107.746445902499
30562.5,30.5625,-115.492843283116
30568.75,30.56875,-121.894862782706
30575,30.575,-109.753083122768
30581.25,30.58125,-105.083547909361
30587.5,30.5875,-102.316322114016
30593.75,30.59375,-100.502031285157
30600,30.6,-99.3027800030835
30606.25,30.60625,-98.565680232435
30612.5,30.6125,-98.2165741986917
30618.75,30.61875,-98.2245232971709
30625,30.625,-98.5898499426832
30631.25,30.63125,-99.3442537841371
30637.5,30.6375,-100.563102226727
30643.75,30.64375,-102.401750153416
30650,30.65,-105.204638033034
30656.25,30.65625,-109.947404643564
30662.5,30.6625,-122.562097372919
30668.75,30.66875,-115.289130217254
30675,30.675,-107.716682371213
30681.25,30.68125,-103.960725942249
30687.5,30.6875,-101.612260094359
30693.75,30.69375,-100.054649475246
30700,30.7,-99.0413408751623
30706.25,30.70625,-98.4558037929445
30712.5,30.7125,-98.2425472837393
30718.75,30.71875,-98.3830216907443
30725,30.725,-98.8887503896167
30731.25,30.73125,-99.8055277767362
30737.5,30.7375,-101.232355308576
30743.75,30.74375,-103.375285053335
30750,30.75,-106.722818496727
30756.25,30.75625,-112.919402717793
30762.5,30.7625,-134.83347646745
30768.75,30.76875,-111.658806683765
30775,30.775,-106.132048110519
30781.25,30.78125,-103.025144931769
30787.5,30.7875,-101.016655455961
30793.75,30.79375,-99.6828372769627
30800,30.8,-98.8396436614929
30806.25,30.80625,-98.3980673034136
30812.5,30.8125,-98.3181094324299
30818.75,30.81875,-98.592693524756
30825,30.825,-99.2451042333161
30831.25,30.83125,-100.337734813461
30837.5,30.8375,-102.00017457843
30843.75,30.84375,-104.510667938742
30850,30.85,-108.594300733282
30856.25,30.85625,-117.46659389049
30862.5,30.8625,-119.234525767502
30868.75,30.86875,-109.176828269251
30875,30.875,-104.853809760079
30881.25,30.88125,-102.23792552532
30887.5,30.8875,-100.514111253157
30893.75,30.89375,-99.379327038206
30900,30.9,-98.6941109652653
30906.25,30.90625,-98.3910056033196
30912.5,30.9125,-98.4433724567335
30918.75,30.91875,-98.8552660624906
30925,30.925,-99.6628973883408
30931.25,30.93125,-100.948947697304
30937.5,30.9375,-102.883959586794
30943.75,30.94375,-105.85362471703
30950,30.95,-111.006968034334
30956.25,30.95625,-127.453776443172
30962.5,30.9625,-114.053391710997
30968.75,30.96875,-107.314743035114
30975,30.975,-103.799362997785
30981.25,30.98125,-101.572431341796
30987.5,30.9875,-100.09316342667
30993.75,30.99375,-99.1385337788821
31000,31,-98.6020686954934
31006.25,31.00625,-98.4337734796573
31012.5,31.0125,-98.6190223110311
31018.75,31.01875,-99.1731962029857
31025,31.025,-100.147331764223
31031.25,31.03125,-101.649785177933
31037.5,31.0375,-103.90792682695
31043.75,31.04375,-107.476252528587
31050,31.05,-114.370460320364
31056.25,31.05625,-126.385897316787
31062.5,31.0625,-110.905566452448
31068.75,31.06875,-105.845220838542
31075,31.075,-102.91732411244
31081.25,31.08125,-101.009691438859
31087.5,31.0875,-99.745127857013
31093.75,31.09375,-98.9561702935346
31100,31.1,-98.5616026531336
31106.25,31.10625,-98.5261058177055
31112.5,31.1125,-98.8463511713128
31118.75,31.11875,-99.5497997313267
31125,31.125,-100.705172688091
31131.25,31.13125,-102.454432960137
31137.5,31.1375,-105.107014637149
31143.75,31.14375,-109.501928770784
31150,31.15,-119.909353467793
31156.25,31.15625,-117.288416210413
31162.5,31.1625,-108.668861646414
31168.75,31.16875,-104.649499943665
31175,31.175,-102.173622624045
31181.25,31.18125,-100.53579322694
31187.5,31.1875,-99.4633545483495
31193.75,31.19375,-98.8289820545754
31200,31.2,-98.57146211733
31206.25,31.20625,-98.6683052892982
31212.5,31.2125,-99.1273197063167
31218.75,31.21875,-99.989439407112
31225,31.225,-101.345259021808
31231.25,31.23125,-103.382265950386
31237.5,31.2375,-106.53410303788
31243.75,31.24375,-112.169121465834
31250,31.25,-138.646855392575
31256.25,31.25625,-113.025290742152
31262.5,31.2625,-106.95671263806
31268.75,31.26875,-103.65774263709
31275,31.275,-101.544581079767
31281.25,31.28125,-100.14031017322
31287.5,31.2875,-99.242730297372
31293.75,31.29375,-98.754563513329
31300,31.3,-98.630999654192
31306.25,31.30625,-98.8612563488669
31312.5,31.3125,-99.464656111476
31318.75,31.31875,-100.497796399772
31325,31.325,-102.079269472523
31331.25,31.33125,-104.4605470925
31337.5,31.3375,-108.274620845757
31343.75,31.34375,-116.04178261582
31350,31.35,-122.338698990238
31356.25,31.35625,-110.25102363554
31362.5,31.3625,-105.589339327635
31368.75,31.36875,-102.825460820789
31375,31.375,-101.013153387333
31381.25,31.38125,-99.8153096214514
31387.5,31.3875,-99.0793395725539
31393.75,31.39375,-98.731232022572
31400,31.4,-98.7401408171073
31406.25,31.40625,-99.1064669360273
31412.5,31.4125,-99.8620030272374
31418.75,31.41875,-101.082264700943
31425,31.425,-102.922909882069
31431.25,31.43125,-105.729185988033
31437.5,31.4375,-110.479993097858
31443.75,31.44375,-123.154016717852
31450,31.45,-115.771797292655
31456.25,31.45625,-108.219034569831
31462.5,31.4625,-104.468440317359
31468.75,31.46875,-102.122640423517
31475,31.475,-100.56673743403
31481.25,31.48125,-99.5547038073725
31487.5,31.4875,-98.9702301534825
31493.75,31.49375,-98.7579445348621
31500,31.5,-98.8993806736203
31506.25,31.50625,-99.406142159044
31512.5,31.5125,-100.3241302692
31518.75,31.51875,-101.752534160012
31525,31.525,-103.89782678701
31531.25,31.53125,-107.249781423758
31537.5,31.5375,-113.459582614914
31543.75,31.54375,-135.044442316547
31550,31.55,-112.153549248659
31556.25,31.55625,-106.637403538046
31562.5,31.5625,-103.534442917418
31568.75,31.56875,-101.528150558786
31575,31.575,-100.195834111265
31581.25,31.58125,-99.3538134433127
31587.5,31.5875,-98.9132509034645
31593.75,31.59375,-98.8342479745141
31600,31.6,-99.1098068119465
31606.25,31.60625,-99.7632978785182
31612.5,31.6125,-100.857242110599
31618.75,31.61875,-102.521474665113
31625,31.625,-105.034848639209
31631.25,31.63125,-109.124604242487
31637.5,31.6375,-118.024047586831
31643.75,31.64375,-119.70009728085
31650,31.65,-109.67766448606
31656.25,31.65625,-105.361410297804
31662.5,31.6625,-102.748581157297
31668.75,31.66875,-101.026628829375
31675,31.675,-99.8931900185727
31681.25,31.68125,-99.2090684678666
31687.5,31.6875,-98.9069413779611
31693.75,31.69375,-98.9602581450359
31700,31.7,-99.3731511409599
31706.25,31.70625,-100.181927279066
31712.5,31.7125,-101.469425909734
31718.75,31.71875,-103.406522908153
31725,31.725,-106.379833423136
31731.25,31.73125,-111.542422265691
31737.5,31.7375,-128.100772969106
31743.75,31.74375,-114.542619710923
31750,31.75,-107.819383815447
31756.25,31.75625,-104.308755508878
31762.5,31.7625,-102.084287693241
31768.75,31.76875,-100.60663514315
31775,31.775,-99.6532309657714
31781.25,31.78125,-99.1178008053835
31787.5,31.7875,-98.9504606204166
31793.75,31.79375,-99.1366650536745
31800,31.8,-99.6918758633652
31806.25,31.80625,-100.667241416744
31812.5,31.8125,-102.171320402136
31818.75,31.81875,-104.431952151657
31825,31.825,-108.005120260172
31831.25,31.83125,-114.915421812668
31837.5,31.8375,-126.790308362019
31843.75,31.84375,-111.403995499633
31850,31.85,-106.352551401212
31856.25,31.85625,-103.428217557797
31862.5,31.8625,-101.522636101614
31868.75,31.86875,-100.259502609301
31875,31.875,-99.4716781607778
31881.25,31.88125,-99.0781013567029
31887.5,31.8875,-99.043547524561
31893.75,31.89375,-99.3647651846147
31900,31.9,-100.069303059685
31906.25,31.90625,-101.226017508522
31912.5,31.9125,-102.977139738305
31918.75,31.91875,-105.63279237358
31925,31.925,-110.034583367574
31931.25,31.93125,-120.479751817479
31937.5,31.9375,-117.766775432064
31943.75,31.94375,-109.172364843513
31950,31.95,-105.158895719224
31956.25,31.95625,-102.685820165025
31962.5,31.9625,-101.049743866483
31968.75,31.96875,-99.9785940183732
31975,31.975,-99.3452838351089
31981.25,31.98125,-99.0887238857147
31987.5,31.9875,-99.1865087108977
31993.75,31.99375,-99.6465239920642
32000,32,-100.509803234765
32006.25,32.00625,-101.867110383034
32012.5,32.0125,-103.906300986194
32018.75,32.01875,-107.06208209637
32025,32.025,-112.707898740729
32031.25,32.03125,-139.631176761674
32037.5,32.0375,-113.519701669703
32043.75,32.04375,-107.463547415331
32050,32.05,-104.168820097018
32056.25,32.05625,-102.057944439394
32062.5,32.0625,-100.655205580246
32068.75,32.06875,-99.7588059450292
32075,32.075,-99.2716480443077
32081.25,32.08125,-99.149025064047
32087.5,32.0875,-99.3802327069511
32093.75,32.09375,-99.9846752097487
32100,32.1,-101.019067411748
32106.25,32.10625,-102.602220929061
32112.5,32.1125,-104.986132640944
32118.75,32.11875,-108.805550549804
32125,32.125,-116.592921091232
32131.25,32.13125,-122.788538240915
32137.5,32.1375,-110.75271391139
32143.75,32.14375,-106.098609439547
32150,32.15,-103.337968860087
32156.25,32.15625,-101.527582685603
32162.5,32.1625,-100.331103941708
32168.75,32.16875,-99.5962305589343
32175,32.175,-99.2490929503201
32181.25,32.18125,-99.2589343705838
32187.5,32.1875,-99.6262318487854
32193.75,32.19375,-100.382868134701
32200,32.2,-101.604502531948
32206.25,32.20625,-103.447086972041
32212.5,32.2125,-106.25665239272
32218.75,32.21875,-111.015270388467
32225,32.225,-123.747350816645
32231.25,32.23125,-116.258837965108
32237.5,32.2375,-108.725037509562
32243.75,32.24375,-104.979625845243
32250,32.25,-102.636406810639
32256.25,32.25625,-101.082159090398
32262.5,32.2625,-100.071362699948
32268.75,32.26875,-99.4879218918126
32275,32.275,-99.2765797914977
32281.25,32.28125,-99.4189508010239
32287.5,32.2875,-99.9267161986442
32293.75,32.29375,-100.845880867096
32300,32.3,-102.275816030045
32306.25,32.30625,-104.423403174132
32312.5,32.3125,-107.779651223164
32318.75,32.31875,-114.002305848263
32325,32.325,-135.278180847893
32331.25,32.33125,-112.652265641857
32337.5,32.3375,-107.146363521632
32343.75,32.34375,-104.047216853033
32350,32.35,-102.043053046017
32356.25,32.35625,-100.712193241559
32362.5,32.3625,-99.8713114601683
32368.75,32.36875,-99.4317340502408
32375,32.375,-99.3536594732317
32381.25,32.38125,-99.6301660596519
32387.5,32.3875,-100.284707426909
32393.75,32.39375,-101.379928336955
32400,32.4,-103.045902520509
32406.25,32.40625,-105.562074192067
32412.5,32.4125,-109.657778352677
32418.75,32.41875,-118.583686586733
32425,32.425,-120.170842380138
32431.25,32.43125,-110.182313898897
32437.5,32.4375,-105.872596981221
32443.75,32.44375,-103.262725677245
32450,32.45,-101.542578455881
32456.25,32.45625,-100.410445474848
32462.5,32.4625,-99.7273872361875
32468.75,32.46875,-99.4262111454827
32475,32.475,-99.4804516644516
32481.25,32.48125,-99.8943165650219
32487.5,32.4875,-100.704205785865
32493.75,32.49375,-101.993112061119
32500,32.5,-103.932234835148
32506.25,32.50625,-106.909086599946
32512.5,32.5125,-112.080664433679
32518.75,32.51875,-128.748928420092
32525,32.525,-115.036131380068
32531.25,32.53125,-108.327763600508
32537.5,32.5375,-104.821732092427
32543.75,32.54375,-102.59965148894
32550,32.55,-101.123566048895
32556.25,32.55625,-100.171352004724
32562.5,32.5625,-99.6369277587791
32568.75,32.56875,-99.4705163376693
32575,32.575,-99.6576503022638
32581.25,32.58125,-100.213869673262
32587.5,32.5875,-101.190431228299
32593.75,32.59375,-102.696090222836
32600,32.6,-104.959141494649
32606.25,32.60625,-108.537015263434
32612.5,32.6125,-115.462984902847
32618.75,32.61875,-127.20297925632
32625,32.625,-111.906430550159
32631.25,32.63125,-106.86358754272
32637.5,32.6375,-103.942703376768
32643.75,32.64375,-102.039110773768
32650,32.65,-100.777365545924
32656.25,32.65625,-99.990642155894
32662.5,32.6625,-99.5980288553578
32668.75,32.66875,-99.5643924015222
32675,32.675,-99.8865560525947
32681.25,32.68125,-100.592153586018
32687.5,32.6875,-101.75017254048
32693.75,32.69375,-103.503104660114
32700,32.7,-106.161741713462
32706.25,32.70625,-110.570218855336
32712.5,32.7125,-121.052254762109
32718.75,32.71875,-118.249939351621
32725,32.725,-109.679754927519
32731.25,32.73125,-105.671986019535
32737.5,32.7375,-103.201625341553
32743.75,32.74375,-101.567250013258
32750,32.75,-100.497352071116
32756.25,32.75625,-99.8650746849519
32762.5,32.7625,-99.6094486265725
32768.75,32.76875,-99.7081497854115
32775,32.775,-100.169139019342
32781.25,32.78125,-101.033546343346
32787.5,32.7875,-102.392300092682
32793.75,32.79375,-104.433613491764
32800,32.8,-107.593228440729
32806.25,32.80625,-113.249552954141
32812.5,32.8125,-140.629923134593
32818.75,32.81875,-114.018368289111
32825,32.825,-107.974213883165
32831.25,32.83125,-104.683594571294
32837.5,32.8375,-102.574935560696
32843.75,32.84375,-101.173684176329
32850,32.85,-100.27843163514
32856.25,32.85625,-99.7922550615471
32862.5,32.8625,-99.6705477184072
32868.75,32.86875,-99.9026809698722
32875,32.875,-100.50813832172
32881.25,32.88125,-101.543748559167
32887.5,32.8875,-103.128536371202
32893.75,32.89375,-105.515009060319
32900,32.9,-109.339623803062
32906.25,32.90625,-117.146693148567
32912.5,32.9125,-123.244489648995
32918.75,32.91875,-111.258461040733
32925,32.925,-106.611688028402
32931.25,32.93125,-103.854185182311
32937.5,32.9375,-102.045663375713
32943.75,32.94375,-100.850510778194
32950,32.95,-100.116703843542
32956.25,32.95625,-99.7705100977644
32962.5,32.9625,-99.7812594143034
32968.75,32.96875,-100.149502562338
32975,32.975,-100.907209733924
32981.25,32.98125,-102.130179783563
32987.5,32.9875,-103.974650352081
32993.75,32.99375,-106.78741438119
33000,33,-111.553632522577
33006.25,33.00625,-124.342605614494
33012.5,33.0125,-116.750508493097
33018.75,33.01875,-109.235008511447
33025,33.025,-105.494614855601
33031.25,33.03125,-103.153898729488
33037.5,33.0375,-101.601258350359
33043.75,33.04375,-100.591664681972
33050,33.05,-100.009228768719
33056.25,33.05625,-99.7988051802214
33062.5,33.0625,-99.9420865215578
33068.75,33.06875,-100.450829442445
33075,33.075,-101.37113942157
33081.25,33.08125,-102.802564578914
33087.5,33.0875,-104.952383584843
33093.75,33.09375,-108.312807824171
33100,33.1,-114.547982187808
33106.25,33.10625,-135.532772945991
33112.5,33.1125,-113.155248068143
33118.75,33.11875,-107.659251165476
33125,33.125,-104.563800592236
33131.25,33.13125,-102.561702540797
33137.5,33.1375,-101.232258119398
33143.75,33.14375,-100.392484081385
33150,33.15,-99.9538655870821
33156.25,33.15625,-99.8766950718951
33162.5,33.1625,-100.154124742819
33168.75,33.16875,-100.809688934323
33175,33.175,-101.906152693792
33181.25,33.18125,-103.573821649636
33187.5,33.1875,-106.092714998237
33193.75,33.19375,-110.194207815555
33200,33.2,-119.145952302299
33206.25,33.20625,-120.646952273941
33212.5,33.2125,-110.691084137907
33218.75,33.21875,-106.387696378841
33225,33.225,-103.78069379369
33231.25,33.23125,-102.062299637398
33237.5,33.2375,-100.931436282938
33243.75,33.24375,-100.249412827391
33250,33.25,-99.9491628192199
33256.25,33.25625,-100.004303191768
33262.5,33.2625,-100.419114881941
33268.75,33.26875,-101.23008817248
33275,33.275,-102.520364862042
33281.25,33.28125,-104.461459048133
33287.5,33.2875,-107.441756554129
33293.75,33.29375,-112.622087924839
33300,33.3,-129.398810337156
33306.25,33.30625,-115.534196835833
33312.5,33.3125,-108.840198151816
33318.75,33.31875,-105.338621426168
33325,33.325,-103.118857834265
33331.25,33.33125,-101.644295334474
33337.5,33.3375,-100.693239106636
33343.75,33.34375,-100.159794265337
33350,33.35,-99.9942876134086
33356.25,33.35625,-100.18232729363
33362.5,33.3625,-100.739529310189
33368.75,33.36875,-101.717255776668
33375,33.375,-103.2244530626
33381.25,33.38125,-105.489859165061
33387.5,33.3875,-109.072313135385
33393.75,33.39375,-116.013560199454
33400,33.4,-127.623816845566
33406.25,33.40625,-112.41316706155
33412.5,33.4125,-107.378649749166
33418.75,33.41875,-104.461111502545
33425,33.425,-102.559450634677
33431.25,33.43125,-101.299055399562
33437.5,33.4375,-100.513403760556
33443.75,33.44375,-100.121728990682
33450,33.45,-100.088986508793
33456.25,33.45625,-100.412072109393
33462.5,33.4625,-101.118702190581
33468.75,33.46875,-102.277991808405
33475,33.475,-104.032686125096
33481.25,33.48125,-106.69422824505
33487.5,33.4875,-111.109216521864
33493.75,33.49375,-121.627317227151
33500,33.5,-118.738137923357
33506.25,33.50625,-110.191339251902
33512.5,33.5125,-106.189094198897
33518.75,33.51875,-103.721368773892
33525,33.525,-102.088646687423
33531.25,33.53125,-101.019966875285
33537.5,33.5375,-100.388695311688
33543.75,33.54375,-100.133979305039
33550,33.55,-100.233573670716
33556.25,33.55625,-100.69551226796
33562.5,33.5625,-101.561018905494
33568.75,33.56875,-102.921181789169
33575,33.575,-104.964562199247
33581.25,33.58125,-108.127909922174
33587.5,33.5875,-113.794475834996
33593.75,33.59375,-141.645176418021
33600,33.6,-114.521569172065
33606.25,33.60625,-108.489025939703
33612.5,33.6125,-105.20239116639
33618.75,33.61875,-103.09588535777
33625,33.625,-101.696080651804
33631.25,33.63125,-100.80194489493
33637.5,33.6375,-100.316724469619
33643.75,33.64375,-100.195909708562
33650,33.65,-100.428945422647
33656.25,33.65625,-101.035392133842
33662.5,33.6625,-102.072189418303
33668.75,33.66875,-103.658569266542
33675,33.675,-106.047535910674
33681.25,33.68125,-109.877212321024
33687.5,33.6875,-117.703512651769
33693.75,33.69375,-123.706672756371
33700,33.7,-111.768562185124
33706.25,33.70625,-107.128892880823
33712.5,33.7125,-104.374435927916
33718.75,33.71875,-102.567726385595
33725,33.725,-101.373864365519
33731.25,33.73125,-100.6410962566
33737.5,33.7375,-100.29582255066
33743.75,33.74375,-100.307457178209
33750,33.75,-100.676622528495
33756.25,33.75625,-101.435373793614
33762.5,33.7625,-102.659645574758
33768.75,33.76875,-104.505953602256
33775,33.775,-107.321833062958
33781.25,33.78125,-112.095457964855
33787.5,33.7875,-124.940262262807
33793.75,33.79375,-117.247060093543
33800,33.8,-109.749254084197
33806.25,33.80625,-106.013727520801
33812.5,33.8125,-103.675442869683
33818.75,33.81875,-102.124365952532
33825,33.825,-101.115943439775
33831.25,33.83125,-100.534486879605
33837.5,33.8375,-100.324958963677
33843.75,33.84375,-100.469128226081
33850,33.85,-100.978824560046
33856.25,33.85625,-101.900251277284
33862.5,33.8625,-103.33312864497
33868.75,33.86875,-105.485122096532
33875,33.875,-108.849615002441
33881.25,33.88125,-115.09700291521
33887.5,33.8875,-135.806624980082
33893.75,33.89375,-113.662780285389
33900,33.9,-108.176378301719
33906.25,33.90625,-105.084515766211
33912.5,33.9125,-103.084425942812
33918.75,33.91875,-101.756359144902
33925,33.925,-100.917664377722
33931.25,33.93125,-100.479980851143
33937.5,33.9375,-100.40369221597
33943.75,33.94375,-100.682022445218
33950,33.95,-101.338584352029
33956.25,33.95625,-102.436260018235
33962.5,33.9625,-104.105580839099
33968.75,33.96875,-106.627126175999
33975,33.975,-110.734260946381
33981.25,33.98125,-119.711265534182
33987.5,33.9875,-121.128619714643
33993.75,33.99375,-111.204273014401
34000,34,-106.907023544298
34006.25,34.00625,-104.302807989215
34012.5,34.0125,-102.58611924036
34018.75,34.01875,-101.456492394313
34025,34.025,-100.775477649019
34031.25,34.03125,-100.476130966671
34037.5,34.0375,-100.532149370659
34043.75,34.04375,-100.947884910484
34050,34.05,-101.759915750801
34056.25,34.05625,-103.051528788304
34062.5,34.0625,-104.994544586121
34068.75,34.06875,-107.978200251443
34075,34.075,-113.167069123105
34081.25,34.08125,-130.050960714125
34087.5,34.0875,-116.037079913243
34093.75,34.09375,-109.356992738602
34100,34.1,-105.859740556625
34106.25,34.10625,-103.642229647933
34112.5,34.1125,-102.169149655913
34118.75,34.11875,-101.219221693741
34125,34.125,-100.686732037898
34131.25,34.13125,-100.522108244978
34137.5,34.1375,-100.711031894603
34143.75,34.14375,-101.269192881678
34150,34.15,-102.248055832476
34156.25,34.15625,-103.756753223071
34162.5,34.1625,-106.024454872891
34168.75,34.16875,-109.611373968845
34175,34.175,-116.567540141196
34181.25,34.18125,-128.052761928515
34187.5,34.1875,-112.924491889645
34193.75,34.19375,-107.898047659485
34200,34.2,-104.983760198975
34206.25,34.20625,-103.083978745717
34212.5,34.2125,-101.824898485168
34218.75,34.21875,-101.040291809417
34225,34.225,-100.649532762254
34231.25,34.23125,-100.61766288252
34237.5,34.2375,-100.941648479349
34243.75,34.24375,-101.64928633642
34250,34.25,-102.8098156638
34256.25,34.25625,-104.566228504905
34262.5,34.2625,-107.230602949409
34268.75,34.26875,-111.651941808354
34275,34.275,-122.20537317163
34281.25,34.28125,-119.231598765533
34287.5,34.2875,-110.70741554865
34293.75,34.29375,-106.710532581252
34300,34.3,-104.245369426945
34306.25,34.30625,-102.614256881301
34312.5,34.3125,-101.546764308558
34318.75,34.31875,-100.916473921939
34325,34.325,-100.662646200193
34331.25,34.33125,-100.763112659947
34337.5,34.3375,-101.225978164458
34343.75,34.34375,-102.092557822448
34350,34.35,-103.454095559215
34356.25,34.35625,-105.499491878562
34362.5,34.3625,-108.666479701996
34368.75,34.36875,-114.343042581554
34375,34.375,-142.679212452241
34381.25,34.38125,-115.029575938478
34387.5,34.3875,-109.008287344041
34393.75,34.39375,-105.725523877287
34400,34.4,-103.621113139154
34406.25,34.40625,-102.222717774834
34412.5,34.4125,-101.329671094465
34418.75,34.41875,-100.845383820999
34425,34.425,-100.725440595747
34431.25,34.43125,-100.959357642653
34437.5,34.4375,-101.566770431121
34443.75,34.44375,-102.604726431155
34450,34.45,-104.192659635473
34456.25,34.45625,-106.584058817343
34462.5,34.4625,-110.418672926625
34468.75,34.46875,-118.263775467013
34475,34.475,-124.175216192121
34481.25,34.48125,-112.28330591168
34487.5,34.4875,-107.650531371993
34493.75,34.49375,-104.899036110301
34500,34.5,-103.094091113022
34506.25,34.50625,-101.901487133528
34512.5,34.5125,-101.169732610465
34518.75,34.51875,-100.825357193418
34525,34.525,-100.837856517679
34531.25,34.53125,-101.207922645762
34537.5,34.5375,-101.967693527209
34543.75,34.54375,-103.193236016802
34550,34.55,-105.041336938359
34556.25,34.55625,-107.86025558603
34562.5,34.5625,-112.64110987491
34568.75,34.56875,-125.54078018053
34575,34.575,-117.748739675499
34581.25,34.58125,-110.268071372509
34587.5,34.5875,-106.53727346611
34593.75,34.59375,-104.201354821925
34600,34.6,-102.651801199139
34606.25,34.60625,-101.644520980752
34612.5,34.6125,-101.064020444869
34618.75,34.61875,-100.855367354589
34625,34.625,-101.000404084802
34631.25,34.63125,-101.511031818212
34637.5,34.6375,-102.433549162571
34643.75,34.64375,-103.867844171831
34650,34.65,-106.021959475946
34656.25,34.65625,-109.39042246185
34662.5,34.6625,-115.649743171647
34668.75,34.66875,-136.098407339404
34675,34.675,-114.175138770845
34681.25,34.68125,-108.698047000043
34687.5,34.6875,-105.60967340719
34693.75,34.69375,-103.611539111551
34700,34.7,-102.284815389109
34706.25,34.70625,-101.447173873132
34712.5,34.7125,-101.010403449862
34718.75,34.71875,-100.934976452336
34725,34.725,-101.214186681594
34731.25,34.73125,-101.871723374094
34737.5,34.7375,-102.970582661166
34743.75,34.74375,-104.641516076371
34750,34.75,-107.165649545693
34756.25,34.75625,-111.27829174122
34762.5,34.7625,-120.280029058491
34768.75,34.76875,-121.616038903489
34775,34.775,-111.722169862027
34781.25,34.78125,-107.430883561394
34787.5,34.7875,-104.829380150261
34793.75,34.79375,-103.114353171753
34800,34.8,-101.985932548814
34806.25,34.80625,-101.305902698549
34812.5,34.8125,-101.007438572376
34818.75,34.81875,-101.064315096722
34825,34.825,-101.48095354911
34831.25,34.83125,-102.294017715342
34837.5,34.8375,-103.58693594862
34843.75,34.84375,-105.531827761818
34850,34.85,-108.51876131267
34856.25,34.85625,-113.715969595759
34862.5,34.8625,-130.705899308961
34868.75,34.86875,-116.545039078757
34875,34.875,-109.87844356578
34881.25,34.88125,-106.385396463241
34887.5,34.8875,-104.170079292246
34893.75,34.89375,-102.698444806253
34900,34.9,-101.749618101337
34906.25,34.90625,-101.21806151893
34912.5,34.9125,-101.054300593816
34918.75,34.91875,-101.244088372678
34925,34.925,-101.803186719553
34931.25,34.93125,-102.783160181334
34937.5,34.9375,-104.293322743749
34943.75,34.94375,-106.563265643287
34950,34.95,-110.154544370921
34956.25,34.95625,-117.125301317311
34962.5,34.9625,-128.489784566986
34968.75,34.96875,-113.440684494762
34975,34.975,-108.422081541955
34981.25,34.98125,-105.510957634886
34987.5,34.9875,-103.613007677839
34993.75,34.99375,-102.355210363036
35000,35,-101.571624180385
35006.25,35.00625,-101.181760040992
35012.5,35.0125,-101.150743269674
35018.75,35.01875,-101.475608833817
35025,35.025,-102.184231850558
35031.25,35.03125,-103.34597259638
35037.5,35.0375,-105.104063995774
35043.75,35.04375,-107.771204119763
35050,35.05,-112.198746370523
35056.25,35.05625,-122.786838225
35062.5,35.0625,-119.730547596225
35068.75,35.06875,-111.228273264395
35075,35.075,-107.236603964326
35081.25,35.08125,-104.773936188534
35087.5,35.0875,-103.144393181647
35093.75,35.09375,-102.078059611035
35100,35.1,-101.448727899631
35106.25,35.10625,-101.19576860521
35112.5,35.1125,-101.297087902749
35118.75,35.11875,-101.760859825597
35125,35.125,-102.628488493067
35131.25,35.13125,-103.991369739532
35137.5,35.1375,-106.038735186609
35143.75,35.14375,-109.20927818444
35150,35.15,-114.895614003034
35156.25,35.15625,-143.734550172638
35162.5,35.1625,-115.542654276344
35168.75,35.16875,-109.532293120501
35175,35.175,-106.253297107123
35181.25,35.18125,-104.150928185804
35187.5,35.1875,-102.753908006782
35193.75,35.19375,-101.861925089796
35200,35.2,-101.378549982205
35206.25,35.20625,-101.259459098309
35212.5,35.2125,-101.49423820771
35218.75,35.21875,-102.102595827933
35225,35.225,-103.141684663461
35231.25,35.23125,-104.731135845582
35237.5,35.2375,-107.124911321696
35243.75,35.24375,-110.964349510536
35250,35.25,-118.827861772726
35256.25,35.25625,-124.65025662759
35262.5,35.2625,-112.802973418586
35268.75,35.26875,-108.176901907937
35275,35.275,-105.428291142676
35281.25,35.28125,-103.625067000042
35287.5,35.2875,-102.433691314107
35293.75,35.29375,-101.702927331582
35300,35.3,-101.359430362704
35306.25,35.30625,-101.372775587531
35312.5,35.3125,-101.743722954374
35318.75,35.31875,-102.504491111523
35325,35.325,-103.731275961314
35331.25,35.33125,-105.581129001292
35337.5,35.3375,-108.403016994841
35343.75,35.34375,-113.190938118111
35350,35.35,-126.144599800445
35356.25,35.35625,-118.255790549991
35362.5,35.3625,-110.791749481082
35368.75,35.36875,-107.06555323388
35375,35.375,-104.731940607156
35381.25,35.38125,-103.183873524894
35387.5,35.3875,-102.177709230847
35393.75,35.39375,-101.598143430476
35400,35.4,-101.390346156932
35406.25,35.40625,-101.536231708501
35412.5,35.4125,-102.047770763447
35418.75,35.41875,-102.971354896941
35425,35.425,-104.407035948219
35431.25,35.43125,-106.563224967005
35437.5,35.4375,-109.935567709384
35443.75,35.44375,-116.206564066433
35450,35.45,-136.407006687918
35456.25,35.45625,-114.692593802036
35462.5,35.4625,-109.224550945017
35468.75,35.46875,-106.139575424394
35475,35.475,-104.14334839414
35481.25,35.48125,-102.817936155741
35487.5,35.4875,-101.981324132133
35493.75,35.49375,-101.54544686984
35500,35.5,-101.470863058016
35506.25,35.50625,-101.750934546409
35512.5,35.5125,-102.409425108117
35518.75,35.51875,-103.509442184581
35525,35.525,-105.181952283356
35531.25,35.53125,-107.708615420597
35537.5,35.5375,-111.826641784054
35543.75,35.54375,-120.852629949852
35550,35.55,-122.10940549124
35556.25,35.55625,-112.245056767844
35562.5,35.5625,-107.959572951713
35568.75,35.56875,-105.36071304833
35575,35.575,-103.647307902925
35581.25,35.58125,-102.520065828095
35587.5,35.5875,-101.840999140136
35593.75,35.59375,-101.54339863495
35600,35.6,-101.601115133919
35606.25,35.60625,-102.018637412516
35612.5,35.6125,-102.832712802817
35618.75,35.61875,-104.126907773106
35625,35.625,-106.073633891537
35631.25,35.63125,-109.063771814311
35637.5,35.6375,-114.269138060606
35643.75,35.64375,-131.36412663735
35650,35.65,-117.058328294032
35656.25,35.65625,-110.404839080884
35662.5,35.6625,-106.915887483237
35668.75,35.66875,-104.70271005529
35675,35.675,-103.232487233655
35681.25,35.68125,-102.284737122143
35687.5,35.6875,-101.754093446389
35693.75,35.69375,-101.591177170701
35700,35.7,-101.781811000401
35706.25,35.70625,-102.341827004893
35712.5,35.7125,-103.322887273105
35718.75,35.71875,-104.834483083238
35725,35.725,-107.106617546232
35731.25,35.73125,-110.70215928378
35737.5,35.7375,-117.687206553952
35743.75,35.74375,-128.934880254084
35750,35.75,-113.962018057431
35756.25,35.75625,-108.951043643357
35762.5,35.7625,-106.043003318111
35768.75,35.76875,-104.146840991784
35775,35.775,-102.890297349912
35781.25,35.78125,-102.107709329368
35787.5,35.7875,-101.718721124038
35793.75,35.79375,-101.688539701717
35800,35.8,-102.014266983955
35806.25,35.80625,-102.723854538107
35812.5,35.8125,-103.886780874296
35818.75,35.81875,-105.646514294832
35825,35.825,-108.316359096475
35831.25,35.83125,-112.749969937838
35837.5,35.8375,-123.37211205811
35843.75,35.84375,-120.235208686858
35850,35.85,-111.754194787742
35856.25,35.85625,-107.767602992792
35862.5,35.8625,-105.307369306896
35868.75,35.86875,-103.67935924555
35875,35.875,-102.614158888218
35881.25,35.88125,-101.985765330655
35887.5,35.8875,-101.733656371098
35893.75,35.89375,-101.835810967414
35900,35.9,-102.300470639846
35906.25,35.90625,-103.169126417709
35912.5,35.9125,-104.533322549287
35918.75,35.91875,-106.58261434146
35925,35.925,-109.756634764201
35931.25,35.93125,-115.452538451216
35937.5,35.9375,-144.814012901562
35943.75,35.94375,-116.061064895698
35950,35.95,-110.061330844821
35956.25,35.95625,-106.786007053636
35962.5,35.9625,-104.685631188396
35968.75,35.96875,-103.289954972066
35975,35.975,-102.399012716996
35981.25,35.98125,-101.916530647955
35987.5,35.9875,-101.798274624175
35993.75,35.99375,-102.033898246828
36000,36,-102.64318133868
36006.25,36.00625,-103.683379399151
36012.5,36.0125,-105.274316237888
36018.75,36.01875,-107.670416556575
36025,36.025,-111.514574802765
36031.25,36.03125,-119.396138140215
36037.5,36.0375,-125.131937971946
36043.75,36.04375,-113.327839667025
36050,36.05,-108.708295245304
36056.25,36.05625,-105.962498231385
36062.5,36.0625,-104.160954967679
36068.75,36.06875,-102.970780404095
36075,36.075,-102.240985945294
36081.25,36.08125,-101.898349351156
36087.5,36.0875,-101.91252336355
36093.75,36.09375,-102.284334176156
36100,36.1,-103.046079247303
36106.25,36.10625,-104.274080586535
36112.5,36.1125,-106.125648479417
36118.75,36.11875,-108.950441912832
36125,36.125,-113.745281082355
36131.25,36.13125,-126.752145044657
36137.5,36.1375,-118.768453117368
36143.75,36.14375,-111.320570691887
36150,36.15,-107.598859622453
36156.25,36.15625,-105.267498072126
36162.5,36.1625,-103.720883927178
36168.75,36.16875,-102.715811489582
36175,36.175,-102.137161023144
36181.25,36.18125,-101.930202259124
36187.5,36.1875,-102.076919659258
36193.75,36.19375,-102.589351751399
36200,36.2,-103.513980942275
36206.25,36.20625,-104.951019187451
36212.5,36.2125,-107.109237912317
36218.75,36.21875,-110.485377753018
36225,36.225,-116.767814580882
36231.25,36.23125,-136.731488469786
36237.5,36.2375,-115.215410463818
36243.75,36.24375,-109.756176699721
36250,36.25,-106.674515953462
36256.25,36.25625,-104.680152019912
36262.5,36.2625,-103.356022405418
36268.75,36.26875,-102.520418206382
36275,36.275,-102.085415942222
36281.25,36.28125,-102.011658522906
36287.5,36.2875,-102.292574214052
36293.75,36.29375,-102.951999594692
36300,36.3,-104.053150904412
36306.25,36.30625,-105.727204890926
36312.5,36.3125,-108.256344231737
36318.75,36.31875,-112.379641973846
36325,36.325,-121.429441677987
36331.25,36.33125,-122.608916657788
36337.5,36.3375,-112.773209708965
36343.75,36.34375,-108.493380964679
36350,36.35,-105.897101694159
36356.25,36.35625,-104.185281860944
36362.5,36.3625,-103.059193072811
36368.75,36.36875,-102.381069742179
36375,36.375,-102.084315622425
36381.25,36.38125,-102.142855586837
36387.5,36.3875,-102.561244321576
36393.75,36.39375,-103.376310802127
36400,36.4,-104.671756548669
36406.25,36.40625,-106.620278866818
36412.5,36.4125,-109.613553922295
36418.75,36.41875,-114.826912166318
36425,36.425,-132.026126695265
36431.25,36.43125,-117.577197835745
36437.5,36.4375,-110.93646117692
36443.75,36.44375,-107.451504617111
36450,36.45,-105.240417506374
36456.25,36.45625,-103.771575428187
36462.5,36.4625,-102.824879416017
36468.75,36.46875,-102.29513028226
36475,36.475,-102.133042081302
36481.25,36.48125,-102.324505517669
36487.5,36.4875,-102.885421248355
36493.75,36.49375,-103.86754672357
36500,36.5,-105.380546649062
36506.25,36.50625,-107.654827269039
36512.5,36.5125,-111.254543637394
36518.75,36.51875,-118.253606802282
36525,36.525,-129.388066770987
36531.25,36.53125,-114.488760514402
36537.5,36.5375,-109.485219428192
36543.75,36.54375,-106.580189408687
36550,36.55,-104.6857745917
36556.25,36.55625,-103.430457899684
36562.5,36.5625,-102.64884769167
36568.75,36.56875,-102.260718153813
36575,36.575,-102.231355930131
36581.25,36.58125,-102.55792833304
36587.5,36.5875,-103.268461653252
36593.75,36.59375,-104.432550038103
36600,36.6,-106.193892125799
36606.25,36.60625,-108.866385844129
36612.5,36.6125,-113.305942000313
36618.75,36.61875,-123.961580526671
36625,36.625,-120.745805327284
36631.25,36.63125,-112.285456582908
36637.5,36.6375,-108.303817418719
36643.75,36.64375,-105.845961707305
36650,36.65,-104.219451150587
36656.25,36.65625,-103.155360484909
36662.5,36.6625,-102.527886395684
36668.75,36.66875,-102.27661131629
36675,36.675,-102.379585266619
36681.25,36.68125,-102.845115710137
36687.5,36.6875,-103.714778660558
36693.75,36.69375,-105.080263577547
36700,36.7,-107.131442646253
36706.25,36.70625,-110.308869414823
36712.5,36.7125,-116.01415357103
36718.75,36.71875,-145.920806066241
36725,36.725,-116.585064425643
36731.25,36.73125,-110.595681829641
36737.5,36.7375,-107.323942981875
36743.75,36.74375,-105.225515564368
36750,36.75,-103.831154803681
36756.25,36.75625,-102.941232158852
36762.5,36.7625,-102.459625725454
36768.75,36.76875,-102.342188671242
36775,36.775,-102.578640856611
36781.25,36.78125,-103.188831811644
36787.5,36.7875,-104.230117595111
36793.75,36.79375,-105.822510609589
36800,36.8,-108.220888772437
36806.25,36.80625,-112.069671983598
36812.5,36.8125,-119.968959418809
36818.75,36.81875,-125.620410763605
36825,36.825,-113.858174432158
36831.25,36.83125,-109.244995705781
36837.5,36.8375,-106.50194765455
36843.75,36.84375,-104.702048730768
36850,36.85,-103.51305050485
36856.25,36.85625,-102.784206434674
36862.5,36.8625,-102.442413782761
36868.75,36.86875,-102.457401033523
36875,36.875,-102.830059121696
36881.25,36.88125,-103.59276258458
36887.5,36.8875,-104.821956845301
36893.75,36.89375,-106.67520558837
36900,36.9,-109.502846075281
36906.25,36.90625,-114.304467329667
36912.5,36.9125,-127.363825571373
36918.75,36.91875,-119.286965532764
36925,36.925,-111.85481158923
36931.25,36.93125,-108.137478917482
36937.5,36.9375,-105.808318170134
36943.75,36.94375,-104.263126277075
36950,36.95,-103.259123762997
36956.25,36.95625,-102.681370980984
36962.5,36.9625,-102.475235000429
36968.75,36.96875,-102.622768832304
36975,36.975,-103.136077345118
36981.25,36.98125,-104.061731820259
36987.5,36.9875,-105.500100969749
36993.75,36.99375,-107.660309232468
37000,37,-111.040170648433
37006.25,37.00625,-117.333833297507
37012.5,37.0125,-137.071067184255
37018.75,37.01875,-115.743849590832
37025,37.025,-110.293204871653
37031.25,37.03125,-107.214782597229
37037.5,37.0375,-105.22224138078
37043.75,37.04375,-103.899368061953
37050,37.05,-103.064751960577
37056.25,37.05625,-102.63060818509
37062.5,37.0625,-102.55766190742
37068.75,37.06875,-102.839406311857
37075,37.075,-103.499749197371
37081.25,37.08125,-104.602013301008
37087.5,37.0875,-106.277581277309
37093.75,37.09375,-108.809148010548
37100,37.1,-112.93761409744
37106.25,37.10625,-122.010826009115
37112.5,37.1125,-123.114771255885
37118.75,37.11875,-113.306899608136
37125,37.125,-109.032590766896
37131.25,37.13125,-106.438834583068
37137.5,37.1375,-104.728566706547
37143.75,37.14375,-103.603608183227
37150,37.15,-102.926410195815
37156.25,37.15625,-102.630486806328
37162.5,37.1625,-102.689835249691
37168.75,37.16875,-103.109074667852
37175,37.175,-103.925113936604
37181.25,37.18125,-105.221786823563
37187.5,37.1875,-107.172070591047
37193.75,37.19375,-110.168421383413
37200,37.2,-115.389620113906
37206.25,37.20625,-132.692369459437
37212.5,37.2125,-118.101895074838
37218.75,37.21875,-111.473586305291
37225,37.225,-107.992532731293
37231.25,37.23125,-105.78349074252
37237.5,37.2375,-104.316001195825
37243.75,37.24375,-103.370338804105
37250,37.25,-102.841467523245
37256.25,37.25625,-102.680192351811
37262.5,37.2625,-102.872470472107
37268.75,37.26875,-103.434269646458
37275,37.275,-104.417440689453
37281.25,37.28125,-105.931818197402
37287.5,37.2875,-108.208203553633
37293.75,37.29375,-111.812013857668
37300,37.3,-118.824842855407
37306.25,37.30625,-129.849381611416
37312.5,37.3125,-115.021175527038
37318.75,37.31875,-110.024888724094
37325,37.325,-107.122801929008
37331.25,37.33125,-105.230097970665
37337.5,37.3375,-103.975983872549
37343.75,37.34375,-103.195332969396
37350,37.35,-102.808046420878
37356.25,37.35625,-102.779488743759
37362.5,37.3625,-103.106891208577
37368.75,37.36875,-103.818353247802
37375,37.375,-104.983582269483
37381.25,37.38125,-106.746502635621
37387.5,37.3875,-109.421594393634
37393.75,37.39375,-113.86698334737
37400,37.4,-124.555617618766
37406.25,37.40625,-121.262560300438
37412.5,37.4125,-112.822330243276
37418.75,37.41875,-108.845529265996
37425,37.425,-106.390000205678
37431.25,37.43125,-104.764958637776
37437.5,37.4375,-103.701956248976
37443.75,37.44375,-103.075384650647
37450,37.45,-102.824928521777
37456.25,37.45625,-102.928707366814
37462.5,37.4625,-103.395093178226
37468.75,37.46875,-104.265745191309
37475,37.475,-105.632495147093
37481.25,37.48125,-107.685525885426
37487.5,37.4875,-110.866294142002
37493.75,37.49375,-116.580787898198
37500,37.5,-147.058617513288
37506.25,37.50625,-117.11490626075
37512.5,37.5125,-111.135622222563
37518.75,37.51875,-107.867388398913
37525,37.525,-105.770868671609
37531.25,37.53125,-104.377797381939
37537.5,37.5375,-103.488875202274
37543.75,37.54375,-103.008128607278
37550,37.55,-102.891496114411
37556.25,37.55625,-103.128762402439
37562.5,37.5625,-103.739845245553
37568.75,37.56875,-104.782199216138
37575,37.575,-106.376021573681
37581.25,37.58125,-108.776634735201
37587.5,37.5875,-112.629956156265
37593.75,37.59375,-120.546670452596
37600,37.6,-126.115831725269
37606.25,37.60625,-114.394243284752
37612.5,37.6125,-109.787282300647
37618.75,37.61875,-107.046923942781
37625,37.625,-105.248636010428
37631.25,37.63125,-104.060791556443
37637.5,37.6375,-103.332880491565
37643.75,37.64375,-102.991916878501
37650,37.65,-103.007703276679
37656.25,37.65625,-103.381193984002
37662.5,37.6625,-104.144839032327
37668.75,37.66875,-105.375204794658
37675,37.675,-107.230103428742
37681.25,37.68125,-110.060537733779
37687.5,37.6875,-114.868817105862
37693.75,37.69375,-127.980038822788
37700,37.7,-119.811564352816
37706.25,37.70625,-112.394744106257
37712.5,37.7125,-108.681692031341
37718.75,37.71875,-106.354686143895
37725,37.725,-104.810888528936
37731.25,37.73125,-103.807935992349
37737.5,37.7375,-103.231064877788
37743.75,37.74375,-103.025737429203
37750,37.75,-103.174073727827
37756.25,37.75625,-103.688243601358
37762.5,37.7625,-104.61490541561
37768.75,37.76875,-106.054581567438
37775,37.775,-108.216742783939
37781.25,37.78125,-111.600256916585
37787.5,37.7875,-117.904949979916
37793.75,37.79375,-137.425082603498
37800,37.8,-116.278168654528
37806.25,37.80625,-110.83591119497
37812.5,37.8125,-107.760657573702
37818.75,37.81875,-105.769902213918
37825,37.825,-104.448261217884
37831.25,37.83125,-103.614615295249
37837.5,37.8375,-103.181315040818
37843.75,37.84375,-103.109166093286
37850,37.85,-103.391725184463
37856.25,37.85625,-104.052969881944
37862.5,37.8625,-105.156327316551
37868.75,37.86875,-106.83338209016
37875,37.875,-109.367331750098
37881.25,37.88125,-113.500872270713
37887.5,37.8875,-122.597134741364
37893.75,37.89375,-123.627170007103
37900,37.9,-113.846393319784
37906.25,37.90625,-109.577480545249
37912.5,37.9125,-106.986194847319
37918.75,37.91875,-105.277448515099
37925,37.925,-104.153599320132
37931.25,37.93125,-103.477310331567
37937.5,37.9375,-103.182203492118
37943.75,37.94375,-103.242346849902
37950,37.95,-103.662422670896
37956.25,37.95625,-104.479418136963
37962.5,37.9625,-105.777296700129
37968.75,37.96875,-107.729310300442
37975,37.975,-110.728680894914
37981.25,37.98125,-115.957582141772
37987.5,37.9875,-133.36331319388
37993.75,37.99375,-118.632665221954
38000,38,-112.016486512202
38006.25,38.00625,-108.539251673261
38012.5,38.0125,-106.332213542076
38018.75,38.01875,-104.866050836258
38025,38.025,-103.921403464416
38031.25,38.03125,-103.393394910933
38037.5,38.0375,-103.232919152274
38043.75,38.04375,-103.425998455432
38050,38.05,-103.988666331938
38056.25,38.05625,-104.972865135407
38062.5,38.0625,-106.488596121941
38068.75,38.06875,-108.767048518584
38075,38.075,-112.374879251177
38081.25,38.08125,-119.401246918854
38087.5,38.0875,-130.318879873544
38093.75,38.09375,-115.559523391954
38100,38.1,-110.570326787232
38106.25,38.10625,-107.671121886004
38112.5,38.1125,-105.780095363979
38118.75,38.11875,-104.527161709224
38125,38.125,-103.747453321612
38131.25,38.13125,-103.360995567838
38137.5,38.1375,-103.333229185505
38143.75,38.14375,-103.661448092041
38150,38.15,-104.373823415525
38156.25,38.15625,-105.540173653504
38162.5,38.1625,-107.304644681522
38168.75,38.16875,-109.982288169597
38175,38.175,-114.433407481537
38181.25,38.18125,-125.154587238497
38187.5,38.1875,-121.785696361401
38193.75,38.19375,-113.365083475586
38200,38.2,-109.393015911873
38206.25,38.20625,-106.939766633469
38212.5,38.2125,-105.316166262431
38218.75,38.21875,-104.254232700643
38225,38.225,-103.628548210725
38231.25,38.23125,-103.378897528184
38237.5,38.2375,-103.483468197805
38243.75,38.24375,-103.950695447538
38250,38.25,-104.822320123295
38256.25,38.25625,-106.190313572106
38262.5,38.2625,-108.245163610917
38268.75,38.26875,-111.429214320249
38275,38.275,-117.15276232396
38281.25,38.28125,-148.231749237791
38287.5,38.2875,-117.650841366336
38293.75,38.29375,-111.681424031063
38300,38.3,-108.416622145786
38306.25,38.30625,-106.321972934601
38312.5,38.3125,-104.930167482629
38318.75,38.31875,-104.042228402858
38325,38.325,-103.562327349669
38331.25,38.33125,-103.446486396392
38337.5,38.3375,-103.68455372179
38343.75,38.34375,-104.296514006538
38350,38.35,-105.339918468282
38356.25,38.35625,-106.935145814169
38362.5,38.3625,-109.337955015474
38368.75,38.36875,-113.19573570301
38375,38.375,-121.129607656013
38381.25,38.38125,-126.618363449796
38387.5,38.3875,-114.936308512634
38393.75,38.39375,-110.335429777769
38400,38.4,-107.597706975867
38406.25,38.40625,-105.800999658821
38412.5,38.4125,-104.614288481585
38418.75,38.41875,-103.887294675528
38425,38.425,-103.547146628204
38431.25,38.43125,-103.563719447744
38437.5,38.4375,-103.938029535119
38443.75,38.44375,-104.702600969276
38450,38.45,-105.934118824346
38456.25,38.45625,-107.79063923941
38462.5,38.4625,-110.623818951099
38468.75,38.46875,-115.438643728796
38475,38.475,-128.601171901585
38481.25,38.48125,-120.342485166988
38487.5,38.4875,-112.940636504686
38493.75,38.49375,-109.231775564414
38500,38.5,-106.906882625021
38506.25,38.50625,-105.364453843268
38512.5,38.5125,-104.362533194037
38518.75,38.51875,-103.786529256678
38525,38.525,-103.58199746885
38531.25,38.53125,-103.731123628988
38537.5,38.5375,-104.246141261435
38543.75,38.54375,-105.173794181931
38550,38.55,-106.614755670344
38556.25,38.55625,-108.778836613564
38562.5,38.5625,-112.165940851209
38568.75,38.56875,-118.4814870255
38575,38.575,-137.792980600914
38581.25,38.58125,-116.818622602593
38587.5,38.5875,-111.384567541258
38593.75,38.59375,-108.312418784764
38600,38.6,-106.323415701194
38606.25,38.60625,-105.002985254097
38612.5,38.6125,-104.170293281679
38618.75,38.61875,-103.73782302386
38625,38.625,-103.666458943267
38631.25,38.63125,-103.949820065572
38637.5,38.6375,-104.611952401485
38643.75,38.64375,-105.716385556185
38650,38.65,-107.394902469596
38656.25,38.65625,-109.931194662931
38662.5,38.6625,-114.069724267641
38668.75,38.66875,-123.188711298534
38675,38.675,-124.146315740665
38681.25,38.68125,-114.39195455662
38687.5,38.6875,-110.128324536529
38693.75,38.69375,-107.539461329071
38700,38.7,-105.832208874854
38706.25,38.70625,-104.709450020755
38712.5,38.7125,-104.034055249236
38718.75,38.71875,-103.739752161247
38725,38.725,-103.800678201825
38731.25,38.73125,-104.221577544124
38737.5,38.7375,-105.039514221038
38743.75,38.74375,-106.338579032048
38750,38.75,-108.292293786432
38756.25,38.75625,-111.29463336999
38762.5,38.7625,-116.531111893965
38768.75,38.76875,-134.039406593039
38775,38.775,-119.169752044231
38781.25,38.78125,-112.56543041024
38787.5,38.7875,-109.091937312365
38793.75,38.79375,-106.886865439509
38800,38.8,-105.422006239083
38806.25,38.80625,-104.478357043699
38812.5,38.8125,-103.951197556597
38818.75,38.81875,-103.791508933125
38825,38.825,-103.985377251529
38831.25,38.83125,-104.548900534343
38837.5,38.8375,-105.534111009344
38843.75,38.84375,-107.051173648717
38850,38.85,-109.331658883629
38856.25,38.85625,-112.943443285741
38862.5,38.8625,-119.983144058946
38868.75,38.86875,-130.796632527686
38875,38.875,-116.104061900624
38881.25,38.88125,-111.121805298556
38887.5,38.8875,-108.225426317685
38893.75,38.89375,-106.336046823282
38900,38.9,-105.084273523589
38906.25,38.90625,-104.305492471301
38912.5,38.9125,-103.919850708393
38918.75,38.91875,-103.892863682755
38925,38.925,-104.221886760908
38931.25,38.93125,-104.935161447061
38937.5,38.9375,-106.102615349407
38943.75,38.94375,-107.86861202371
38950,38.95,-110.548765218751
38956.25,38.95625,-115.005521923458
38962.5,38.9625,-125.75884484288
38968.75,38.96875,-122.315436724205
38975,38.975,-113.913981026696
38981.25,38.98125,-109.946551099287
38987.5,38.9875,-107.495538888121
38993.75,38.99375,-105.873354467477
39000,39,-104.812472122013
39006.25,39.00625,-104.187660852918
39012.5,39.0125,-103.938803449836
39018.75,39.01875,-104.044154178057
39025,39.025,-104.512210320242
39031.25,39.03125,-105.384792864189
39037.5,39.0375,-106.754010326358
39043.75,39.04375,-108.810650335858
39050,39.05,-111.997929931838
39056.25,39.05625,-117.730391449136
39062.5,39.0625,-149.445293770328
39068.75,39.06875,-118.193119045795
39075,39.075,-112.233356083508
39081.25,39.08125,-108.971919417993
39087.5,39.0875,-106.879106895336
39093.75,39.09375,-105.488545847517
39100,39.1,-104.60157417001
39106.25,39.10625,-104.122505769783
39112.5,39.1125,-104.007444636112
39118.75,39.11875,-104.246301243713
39125,39.125,-104.859125959715
39131.25,39.13125,-105.903564944909
39137.5,39.1375,-107.500175251541
39143.75,39.14375,-109.905145184157
39150,39.15,-113.767313539891
39156.25,39.15625,-121.718100464335
39162.5,39.1625,-127.128174204484
39168.75,39.16875,-115.484629993342
39175,39.175,-110.88970960433
39181.25,39.18125,-108.154573009094
39187.5,39.1875,-106.359418710207
39193.75,39.19375,-105.173822253686
39200,39.2,-104.447731495101
39206.25,39.20625,-104.108386883269
39212.5,39.2125,-104.125734680504
39218.75,39.21875,-104.500852240937
39225,39.225,-105.266336371396
39231.25,39.23125,-106.498988800072
39237.5,39.2375,-108.357105563063
39243.75,39.24375,-111.192986803997
39250,39.25,-116.014254875347
39256.25,39.25625,-129.227603311642
39262.5,39.2625,-120.879963211415
39268.75,39.26875,-113.492754296299
39275,39.275,-109.788002799007
39281.25,39.28125,-107.465184661913
39287.5,39.2875,-105.924101635578
39293.75,39.29375,-104.923196523484
39300,39.3,-104.34804670631
39306.25,39.30625,-104.144299004994
39312.5,39.3125,-104.294203699804
39318.75,39.31875,-104.810056860504
39325,39.325,-105.738686264338
39331.25,39.33125,-107.180913525706
39337.5,39.3375,-109.346884124223
39343.75,39.34375,-112.737521731692
39350,39.35,-119.063760807605
39356.25,39.35625,-138.174297602515
39362.5,39.3625,-117.365464660008
39368.75,39.36875,-111.939442870834
39375,39.375,-108.870340818433
39381.25,39.38125,-106.883059498459
39387.5,39.3875,-105.563819886951
39393.75,39.39375,-104.732067222542
39400,39.4,-104.300414792849
39406.25,39.40625,-104.229824383844
39412.5,39.4125,-104.513976171334
39418.75,39.41875,-105.176983401559
39425,39.425,-106.282476407589
39431.25,39.43125,-107.962433187351
39437.5,39.4375,-110.501031351328
39443.75,39.44375,-114.644472754468
39450,39.45,-123.78589220466
39456.25,39.45625,-124.672413667826
39462.5,39.4625,-114.943844765603
39468.75,39.46875,-110.68539399451
39475,39.475,-108.098909586024
39481.25,39.48125,-106.393125915097
39487.5,39.4875,-105.271440242595
39493.75,39.49375,-104.59692637413
39500,39.5,-104.303415538275
39506.25,39.50625,-104.365113284248
39512.5,39.5125,-104.786824583197
39518.75,39.51875,-105.605688994546
39525,39.525,-106.905922540726
39531.25,39.53125,-108.861312534445
39537.5,39.5375,-111.866575115082
39543.75,39.54375,-117.110517689914
39550,39.55,-134.721090790477
39556.25,39.55625,-119.713398557442
39562.5,39.5625,-113.12068409459
39568.75,39.56875,-109.650862517369
39575,39.575,-107.447722732985
39581.25,39.58125,-105.984145910385
39587.5,39.5875,-105.041479698024
39593.75,39.59375,-104.515156993279
39600,39.6,-104.356244487669
39606.25,39.60625,-104.550890909254
39612.5,39.6125,-105.115257663897
39618.75,39.61875,-106.101465339444
39625,39.625,-107.619839950431
39631.25,39.63125,-109.902327110308
39637.5,39.6375,-113.51800478109
39643.75,39.64375,-120.570853543116
39650,39.65,-131.282725011989
39656.25,39.65625,-116.655047158818
39662.5,39.6625,-111.679593303239
39668.75,39.66875,-108.785989276918
39675,39.675,-106.898229224745
39681.25,39.68125,-105.64759812728
39687.5,39.6875,-104.869730742569
39693.75,39.69375,-104.484893475387
39700,39.7,-104.458675105544
39706.25,39.70625,-104.788491357157
39712.5,39.7125,-105.502652910012
39718.75,39.71875,-106.671194684909
39725,39.725,-108.438694439416
39731.25,39.73125,-111.121319356119
39737.5,39.7375,-115.583629427125
39743.75,39.74375,-126.368738963009
39750,39.75,-122.852005550635
39756.25,39.75625,-114.46928556007
39762.5,39.7625,-110.50640588928
39768.75,39.76875,-108.05759191947
39775,39.775,-106.436800590285
39781.25,39.78125,-105.376953578467
39787.5,39.7875,-104.753003049089
39793.75,39.79375,-104.504928018131
39800,39.8,-104.611048267988
39806.25,39.80625,-105.079922061059
39812.5,39.8125,-105.953449191925
39818.75,39.81875,-107.323873134663
39825,39.825,-109.382276648724
39831.25,39.83125,-112.572736721093
39837.5,39.8375,-118.313984841371
39843.75,39.84375,-150.705375113329
39850,39.85,-118.741987679656
39856.25,39.85625,-112.791684938247
39862.5,39.8625,-109.533552727008
39868.75,39.86875,-107.442546201641
39875,39.875,-106.053210190036
39881.25,39.88125,-105.167191785583
39887.5,39.8875,-104.688944475182
39893.75,39.89375,-104.574652668113
39900,39.9,-104.814288038215
39906.25,39.90625,-105.427965529417
39912.5,39.9125,-106.473424699913
39918.75,39.91875,-108.071398133466
39925,39.925,-110.478496930291
39931.25,39.93125,-114.344988288179
39937.5,39.9375,-122.312472683957
39943.75,39.94375,-127.645437824244
39950,39.95,-116.039466022614
39956.25,39.95625,-111.450390893442
39962.5,39.9625,-108.717795638856
39968.75,39.96875,-106.924169368689
39975,39.975,-105.739670899763
39981.25,39.98125,-105.01447042256
39987.5,39.9875,-104.675918381687
39993.75,39.99375,-104.694030922543
40000,40,-105.0699453059
40006.25,40.00625,-105.836329867853
40012.5,40.0125,-107.070101133507
40018.75,40.01875,-108.929791335964
40025,40.025,-111.768334505917
40031.25,40.03125,-116.595953778877
40037.5,40.0375,-129.859704566298
40043.75,40.04375,-121.42423397626
40050,40.05,-114.051361118484
40056.25,40.05625,-110.350644638534
40062.5,40.0625,-108.029866688893
40068.75,40.06875,-106.490108563964
40075,40.075,-105.490204276145
40081.25,40.08125,-104.915896872757
40087.5,40.0875,-104.712922907141
40093.75,40.09375,-104.863596016404
40100,40.1,-105.380273769091
40106.25,40.10625,-106.309866552995
40112.5,40.1125,-107.753342007375
40118.75,40.11875,-109.921175167323
40125,40.125,-113.315294958272
40131.25,40.13125,-119.652082929324
40137.5,40.1375,-138.56864785428
40143.75,40.14375,-117.918947093928
40150,40.15,-112.500804131727
40156.25,40.15625,-109.434695893533
40162.5,40.1625,-107.449108704556
40168.75,40.16875,-106.131042153313
40175,40.175,-105.300215649125
40181.25,40.18125,-104.86937015806
40187.5,40.1875,-104.799543422182
40193.75,40.19375,-105.084475726919
40200,40.2,-105.748346457309
40206.25,40.20625,-106.854885090859
40212.5,40.2125,-108.536261714006
40218.75,40.21875,-111.077132902225
40225,40.225,-115.225416441384
40231.25,40.23125,-124.389008450972
40237.5,40.2375,-125.205671693317
40243.75,40.24375,-115.502323963787
40250,40.25,-111.248958105944
40256.25,40.25625,-108.664812841321
40262.5,40.2625,-106.960475275925
40268.75,40.26875,-105.839847347142
40275,40.275,-105.16620245187
40281.25,40.28125,-104.873473595362
40287.5,40.2875,-104.935933254207
40293.75,40.29375,-105.358446189486
40300,40.3,-106.178226285673
40306.25,40.30625,-107.479612863941
40312.5,40.3125,-109.436654792767
40318.75,40.31875,-112.44479893357
40325,40.325,-117.696103711594
40331.25,40.33125,-135.408801268275
40337.5,40.3375,-120.263847696735
40343.75,40.34375,-113.68251201264
40350,40.35,-110.216298080618
40356.25,40.35625,-108.01505943559
40362.5,40.3625,-106.552745940955
40368.75,40.36875,-105.611049073472
40375,40.375,-105.085552166794
40381.25,40.38125,-104.927405952432
40387.5,40.3875,-105.122820752003
40393.75,40.39375,-105.68802033104
40400,40.4,-106.675212265491
40406.25,40.40625,-108.194881193345
40412.5,40.4125,-110.479342472511
40418.75,40.41875,-114.098859024231
40425,40.425,-121.164690090886
40431.25,40.43125,-131.777256095117
40437.5,40.4375,-117.212734371219
40443.75,40.44375,-112.243958101714
40450,40.45,-109.353082761918
40456.25,40.45625,-107.466917221273
40462.5,40.4625,-106.217411996577
40468.75,40.46875,-105.440446038829
40475,40.475,-105.056403008651
40481.25,40.48125,-105.030943763498
40487.5,40.4875,-105.361543393501
40493.75,40.49375,-106.076580665485
40500,40.5,-107.246196185484
40506.25,40.50625,-109.015178769795
40512.5,40.5125,-111.700241240712
40518.75,40.51875,-116.168029117676
40525,40.525,-126.98461262006
40531.25,40.53125,-123.395628445463
40537.5,40.5375,-115.03125849179
40543.75,40.54375,-111.072849564469
40550,40.55,-108.626198663469
40556.25,40.55625,-107.006779814564
40562.5,40.5625,-105.947953883476
40568.75,40.56875,-105.324852941199
40575,40.575,-105.077550565997
40581.25,40.58125,-105.184430963394
40587.5,40.5875,-105.654112400126
40593.75,40.59375,-106.528572268502
40600,40.6,-107.900187000645
40606.25,40.60625,-109.960330261576
40612.5,40.6125,-113.153927278991
40618.75,40.61875,-118.903848212888
40625,40.625,-152.019485506469
40631.25,40.63125,-119.297695438919
40637.5,40.6375,-113.356675748001
40643.75,40.64375,-110.101792811454
40650,40.65,-108.012564542434
40656.25,40.65625,-106.624436146048
40662.5,40.6625,-105.739358366312
40668.75,40.66875,-105.261921835964
40675,40.675,-105.148390023613
40681.25,40.68125,-105.388794806182
40687.5,40.6875,-106.003314698841
40693.75,40.69375,-107.049781259064
40700,40.7,-108.649100061703
40706.25,40.70625,-111.0582991123
40712.5,40.7125,-114.929055373479
40718.75,40.71875,-122.913043753105
40725,40.725,-128.170333690718
40731.25,40.73125,-116.601074109269
40737.5,40.7375,-112.017741285728
40743.75,40.74375,-109.287646718831
40750,40.75,-107.49552594406
40756.25,40.75625,-106.312110449828
40762.5,40.7625,-105.587788853947
40768.75,40.76875,-105.250019717223
40775,40.775,-105.268887913127
40781.25,40.78125,-105.645589659898
40787.5,40.7875,-106.4128637381
40793.75,40.79375,-107.647739792045
40800,40.8,-109.508982915581
40806.25,40.80625,-112.350152464676
40812.5,40.8125,-117.184040355036
40818.75,40.81875,-130.497841702301
40825,40.825,-121.975533800946
40831.25,40.83125,-114.616719568762
40837.5,40.8375,-110.919970499081
40843.75,40.84375,-108.601201444683
40850,40.85,-107.062749464204
40856.25,40.85625,-106.063832834664
40862.5,40.8625,-105.490357416476
40868.75,40.86875,-105.288147994453
40875,40.875,-105.439580541399
40881.25,40.88125,-105.957073176602
40887.5,40.8875,-106.887617677314
40893.75,40.89375,-108.332325623882
40900,40.9,-110.501997071655
40906.25,40.90625,-113.899553118909
40912.5,40.9125,-120.246761395406
40918.75,40.91875,-138.9757129991
40925,40.925,-118.479321954976
40931.25,40.93125,-113.068917118617
40937.5,40.9375,-110.005754758886
40943.75,40.94375,-108.021836781968
40950,40.95,-106.704927345444
40956.25,40.95625,-105.875015267031
40962.5,40.9625,-105.444967036286
40968.75,40.96875,-105.375895109533
40975,40.975,-105.661598938509
40981.25,40.98125,-106.326323055048
40987.5,40.9875,-107.43389465172
40993.75,40.99375,-109.116673228086
41000,41,-111.659787921553
41006.25,41.00625,-115.812851169122
41012.5,41.0125,-124.998386783765
41018.75,41.01875,-125.746300747048
41025,41.025,-116.067651537226
41031.25,41.03125,-111.819284861682
41037.5,41.0375,-109.237442885492
41043.75,41.04375,-107.534531028186
41050,41.05,-106.414947032434
41056.25,41.05625,-105.742160490902
41062.5,41.0625,-105.450204503534
41068.75,41.06875,-105.513417406583
41075,41.075,-105.936722838462
41081.25,41.08125,-106.757407923391
41087.5,41.0875,-108.059933546726
41093.75,41.09375,-110.018606581358
41100,41.1,-113.029595165526
41106.25,41.10625,-118.288171117966
41112.5,41.1125,-136.102969657075
41118.75,41.11875,-120.821342975464
41125,41.125,-114.251177797252
41131.25,41.13125,-110.788513599642
41137.5,41.1375,-108.589148180632
41143.75,41.14375,-107.128080926704
41150,41.15,-106.187341237752
41156.25,41.15625,-105.662660376571
41162.5,41.1625,-105.505271756379
41168.75,41.16875,-105.70144633526
41175,41.175,-106.267469312974
41181.25,41.18125,-107.255634016061
41187.5,41.1875,-108.776581528552
41193.75,41.19375,-111.062992069264
41200,41.2,-114.686298823168
41206.25,41.20625,-121.76496505243
41212.5,41.2125,-132.280336955437
41218.75,41.21875,-117.777378596358
41225,41.225,-112.815166100004
41231.25,41.23125,-109.926977602151
41237.5,41.2375,-108.04238414805
41243.75,41.24375,-106.793990191155
41250,41.25,-106.017914771769
41256.25,41.25625,-105.634656892732
41262.5,41.2625,-105.609948351708
41268.75,41.26875,-105.941322707602
41275,41.275,-106.657225831667
41281.25,41.28125,-107.827902549375
41287.5,41.2875,-109.598349910772
41293.75,41.29375,-112.285819392227
41300,41.3,-116.759017563831
41306.25,41.30625,-127.606804652819
41312.5,41.3125,-123.946532959337
41318.75,41.31875,-115.600160794039
41325,41.325,-111.646150492237
41331.25,41.33125,-109.20163093229
41337.5,41.3375,-107.583566076721
41343.75,41.34375,-106.52574851659
41350,41.35,-105.90348726864
41356.25,41.35625,-105.656948963537
41362.5,41.3625,-105.764581239133
41368.75,41.36875,-106.235061485199
41375,41.375,-107.110443602022
41381.25,41.38125,-108.483235181468
41387.5,41.3875,-110.545097003267
41393.75,41.39375,-113.741792069246
41400,41.4,-119.500284531839
41406.25,41.40625,-153.396968286808
41412.5,41.4125,-119.860490978219
41418.75,41.41875,-113.928593087801
41425,41.425,-110.676909507006
41431.25,41.43125,-108.589434539181
41437.5,41.4375,-107.202498179346
41443.75,41.44375,-106.318349779762
41450,41.45,-105.841714909503
41456.25,41.45625,-105.728934863248
41462.5,41.4625,-105.970100820206
41468.75,41.46875,-106.585453959615
41475,41.475,-107.632916580034
41481.25,41.48125,-109.233564966244
41487.5,41.4875,-111.644838753937
41493.75,41.49375,-115.519808065017
41500,41.5,-123.520129927697
41506.25,41.50625,-128.70304678507
41512.5,41.5125,-117.169711742642
41518.75,41.51875,-112.592027793795
41525,41.525,-109.864397235328
41531.25,41.53125,-108.073761744788
41537.5,41.5375,-106.891415842015
41543.75,41.54375,-106.167963023685
41550,41.55,-105.830968262332
41556.25,41.55625,-105.850584113963
41562.5,41.5625,-106.22806489717
41568.75,41.56875,-106.996218859917
41575,41.575,-108.232187258331
41581.25,41.58125,-110.094965056275
41587.5,41.5875,-112.938729285269
41593.75,41.59375,-117.778812266502
41600,41.6,-131.142376707853
41606.25,41.60625,-122.534100464639
41612.5,41.6125,-115.189092007398
41618.75,41.61875,-111.496249163037
41625,41.625,-109.179460850214
41631.25,41.63125,-107.642298242556
41637.5,41.6375,-106.64435757249
41643.75,41.64375,-106.071704924792
41650,41.65,-105.870251956181
41656.25,41.65625,-106.022436052094
41662.5,41.6625,-106.54073502788
41668.75,41.66875,-107.472220952268
41675,41.675,-108.91814747744
41681.25,41.68125,-111.089635621248
41687.5,41.6875,-114.490587001863
41693.75,41.69375,-120.848101722195
41700,41.7,-139.395233453556
41706.25,41.70625,-119.046841795107
41712.5,41.7125,-113.644047296415
41718.75,41.71875,-110.583787553266
41725,41.725,-108.60151643623
41731.25,41.73125,-107.285749903264
41737.5,41.7375,-106.456741858225
41743.75,41.74375,-106.027482361195
41750,41.75,-105.959157459274
41756.25,41.75625,-106.24562491917
41762.5,41.7625,-106.911193526676
41768.75,41.76875,-108.019786906334
41775,41.775,-109.703951575078
41781.25,41.78125,-112.249283515891
41787.5,41.7875,-116.407070937141
41793.75,41.79375,-125.614350914193
41800,41.8,-126.294515149417
41806.25,41.80625,-116.640087014401
41812.5,41.8125,-112.396641894122
41818.75,41.81875,-109.817070941055
41825,41.825,-108.115566554154
41831.25,41.83125,-106.997014224977
41837.5,41.8375,-106.32507666341
41843.75,41.84375,-106.033885541468
41850,41.85,-106.097844090491
41856.25,41.85625,-106.521934003961
41862.5,41.8625,-107.3435146708
41868.75,41.86875,-108.647166986161
41875,41.875,-110.607452653173
41881.25,41.88125,-113.62125267747
41887.5,41.8875,-118.88701910373
41893.75,41.89375,-136.804025488805
41900,41.9,-121.386129128944
41906.25,41.90625,-114.826945067848
41912.5,41.9125,-111.367778321919
41918.75,41.91875,-109.170261088183
41925,41.925,-107.710424848921
41931.25,41.93125,-106.770631570575
41937.5,41.9375,-106.246758174395
41943.75,41.94375,-106.090119527279
41950,41.95,-106.287046360456
41956.25,41.95625,-106.853884475625
41962.5,41.9625,-107.843011840102
41968.75,41.96875,-109.365224036231
41975,41.975,-111.653561788236
41981.25,41.98125,-115.280615507023
41987.5,41.9875,-122.371987521069
41993.75,41.99375,-132.792090466076
42000,42,-118.349235481819
42006.25,42.00625,-113.393483629429
42012.5,42.0125,-110.507944309512
42018.75,42.01875,-108.624902891172
42025,42.025,-107.377607234556
42031.25,42.03125,-106.602412751
42037.5,42.0375,-106.219932054383
42043.75,42.04375,-106.195966855656
42050,42.05,-106.528108374582
42056.25,42.05625,-107.244868704767
42062.5,42.0625,-108.416595578999
42068.75,42.06875,-110.188491758947
42075,42.075,-112.878341160603
42081.25,42.08125,-117.35688979889
42087.5,42.0875,-128.235650978773
42093.75,42.09375,-124.504949095457
42100,42.1,-116.176253770512
42106.25,42.10625,-112.226576954379
42112.5,42.1125,-109.784160268365
42118.75,42.11875,-108.167432934647
42125,42.125,-107.110612502776
42131.25,42.13125,-106.489182256051
42137.5,42.1375,-106.243400513384
42143.75,42.14375,-106.3517774518
42150,42.15,-106.823048792032
42156.25,42.15625,-107.699343965983
42162.5,42.1625,-109.07330011848
42168.75,42.16875,-111.136861766759
42175,42.175,-114.336620405299
42181.25,42.18125,-120.103595075981
42187.5,42.1875,-154.849730612084
42193.75,42.19375,-120.430624116858
42200,42.2,-114.507701755315
42206.25,42.20625,-111.259172584099
42212.5,42.2125,-109.17342860293
42218.75,42.21875,-107.787670451192
42225,42.225,-106.90444152331
42231.25,42.23125,-106.428600327318
42237.5,42.2375,-106.316564871265
42243.75,42.24375,-106.558484826041
42250,42.25,-107.17466322127
42256.25,42.25625,-108.223111971486
42262.5,42.2625,-109.825076037246
42268.75,42.26875,-112.238401996415
42275,42.275,-116.11753846764
42281.25,42.28125,-124.134045410925
42287.5,42.2875,-129.243767795433
42293.75,42.29375,-117.745637136008
42300,42.3,-113.173517615599
42306.25,42.30625,-110.448318148725
42312.5,42.3125,-108.659149935497
42318.75,42.31875,-107.477861791158
42325,42.325,-106.755268881825
42331.25,42.33125,-106.419041052913
42337.5,42.3375,-106.439397601104
42343.75,42.34375,-106.817650175541
42350,42.35,-107.586675617018
42356.25,42.35625,-108.823725448186
42362.5,42.3625,-110.688021841796
42368.75,42.36875,-113.534352726735
42375,42.375,-118.380565935637
42381.25,42.38125,-131.793668873564
42387.5,42.3875,-123.10017377703
42393.75,42.39375,-115.768741335915
42400,42.4,-112.079749603081
42406.25,42.40625,-109.764916854137
42412.5,42.4125,-108.229028734641
42418.75,42.41875,-107.232053722557
42425,42.425,-106.660215788559
42431.25,42.43125,-106.459512235499
42437.5,42.4375,-106.612441031405
42443.75,42.44375,-107.131538921664
42450,42.45,-108.063957285676
42456.25,42.45625,-109.511090182762
42462.5,42.4625,-111.684375991392
42468.75,42.46875,-115.08868656341
42475,42.475,-121.456407994442
42481.25,42.48125,-139.827001262098
42487.5,42.4875,-119.621760369546
42493.75,42.49375,-114.226460597053
42500,42.5,-111.169064634913
42506.25,42.50625,-109.188420462973
42512.5,42.5125,-107.873784273084
42518.75,42.51875,-107.045671148667
42525,42.525,-106.617192958495
42531.25,42.53125,-106.549608329103
42537.5,42.5375,-106.836832578099
42543.75,42.54375,-107.503237946777
42550,42.55,-108.612843347948
42556.25,42.55625,-110.298380186945
42562.5,42.5625,-112.845906232621
42568.75,42.56875,-117.008368886647
42575,42.575,-126.237222670343
42581.25,42.58125,-126.850532998446
42587.5,42.5875,-117.219890817968
42593.75,42.59375,-112.981297286396
42600,42.6,-110.40396849649
42606.25,42.60625,-108.703855396008
42612.5,42.6125,-107.586323938472
42618.75,42.61875,-106.91522717218
42625,42.625,-106.624793969521
42631.25,42.63125,-106.689491590171
42637.5,42.6375,-107.114359046299
42643.75,42.64375,-107.936827121466
42650,42.65,-109.241595338127
42656.25,42.65625,-111.203477415822
42662.5,42.6625,-114.220059809921
42668.75,42.66875,-119.492945909634
42675,42.675,-137.512397893115
42681.25,42.68125,-121.958452752518
42687.5,42.6875,-115.410078208427
42693.75,42.69375,-111.95436196216
42700,42.7,-109.758670601739
42706.25,42.70625,-108.30005192336
42712.5,42.7125,-107.361195621908
42718.75,42.71875,-106.83812223028
42725,42.725,-106.682226964469
42731.25,42.73125,-106.879899554613
42737.5,42.7375,-107.447545660683
42743.75,42.74375,-108.43762690271
42750,42.75,-109.961091632976
42756.25,42.75625,-112.251337230683
42762.5,42.7625,-115.8820998848
42768.75,42.76875,-122.986065396014
42775,42.775,-133.312650639304
42781.25,42.78125,-118.928561982369
42787.5,42.7875,-113.979177740655
42793.75,42.79375,-111.096253901049
42800,42.8,-109.214746726276
42806.25,42.80625,-107.968537963629
42812.5,42.8125,-107.194216041805
42818.75,42.81875,-106.812505627493
42825,42.825,-106.789277422867
42831.25,42.83125,-107.122179585578
42837.5,42.8375,-107.839789645322
42843.75,42.84375,-109.012557076724
42850,42.85,-110.7858881205
42856.25,42.85625,-113.478093656493
42862.5,42.8625,-117.961940298054
42868.75,42.86875,-128.871485794384
42875,42.875,-125.071109826588
42881.25,42.88125,-116.759799812466
42887.5,42.8875,-112.814397951535
42893.75,42.89375,-110.374058770857
42900,42.9,-108.758654407522
42906.25,42.90625,-107.702821261741
42912.5,42.9125,-107.082214470386
42918.75,42.91875,-106.83718281463
42925,42.925,-106.946298210302
42931.25,42.93125,-107.418354002009
42937.5,42.9375,-108.295554285053
42943.75,42.94375,-109.670664333472
42950,42.95,-111.735909420689
42956.25,42.95625,-114.938701389162
42962.5,42.9625,-120.714080442777
42968.75,42.96875,-156.393332250593
42975,42.975,-121.008346508225
42981.25,42.98125,-115.094267548183
42987.5,42.9875,-111.848852559215
42993.75,42.99375,-109.764819763171
43000,43,-108.380227660634
43006.25,43.00625,-107.49790957309
43012.5,43.0125,-107.022855151244
43018.75,43.01875,-106.911558118309
43025,43.025,-107.154225912065
43031.25,43.03125,-107.771222687944
43037.5,43.0375,-108.820648978478
43043.75,43.04375,-110.423916622142
43050,43.05,-112.839275013586
43056.25,43.05625,-116.722538473047
43062.5,43.0625,-124.755103429333
43068.75,43.06875,-129.792693288095
43075,43.075,-118.32910995585
43081.25,43.08125,-113.762478925949
43087.5,43.0875,-111.03968121013
43093.75,43.09375,-109.251964368043
43100,43.1,-108.071723629819
43106.25,43.10625,-107.349982942964
43112.5,43.1125,-107.014515644067
43118.75,43.11875,-107.035606927209
43125,43.125,-107.414625085455
43131.25,43.13125,-108.184514775657
43137.5,43.1375,-109.422636596744
43143.75,43.14375,-111.288437584859
43150,43.15,-114.137310624396
43156.25,43.15625,-118.989597518595
43162.5,43.1625,-132.452076094217
43168.75,43.16875,-123.673996166961
43175,43.175,-116.355931755503
43181.25,43.18125,-112.670741781949
43187.5,43.1875,-110.357842252399
43193.75,43.19375,-108.823215537283
43200,43.2,-107.827197218064
43206.25,43.20625,-107.25616705027
43212.5,43.2125,-107.05620688423
43218.75,43.21875,-107.209874529033
43225,43.225,-107.729764978639
43231.25,43.23125,-108.663108054366
43237.5,43.2375,-110.111436753664
43243.75,43.24375,-112.286503650931
43250,43.25,-115.694141858972
43256.25,43.25625,-122.071983878041
43262.5,43.2625,-140.270854165725
43268.75,43.26875,-120.204333328857
43275,43.275,-114.816424196387
43281.25,43.28125,-111.761857387955
43287.5,43.2875,-109.782822570239
43293.75,43.29375,-108.469305740434
43300,43.3,-107.642079649235
43306.25,43.30625,-107.214376393727
43312.5,43.3125,-107.147526275219
43318.75,43.31875,-107.43550148132
43325,43.325,-108.102737000474
43331.25,43.33125,-109.213346023421
43337.5,43.3375,-110.900242970639
43343.75,43.34375,-113.449942967433
43350,43.35,-117.617038247398
43356.25,43.35625,-126.867323102407
43362.5,43.3625,-127.414576580817
43368.75,43.36875,-117.807325000694
43375,43.375,-113.573520360552
43381.25,43.38125,-110.998408116746
43387.5,43.3875,-109.299672079594
43393.75,43.39375,-108.183152106912
43400,43.4,-107.512889091152
43406.25,43.40625,-107.223207876861
43412.5,43.4125,-107.288638978427
43418.75,43.41875,-107.714278072276
43425,43.425,-108.537626566948
43431.25,43.43125,-109.843501394337
43437.5,43.4375,-111.806965822277
43443.75,43.44375,-114.826305291634
43450,43.45,-120.106249794439
43456.25,43.45625,-138.22851725825
43462.5,43.4625,-122.538562936825
43468.75,43.46875,-116.000843128451
43475,43.475,-112.548535498518
43481.25,43.48125,-110.35465030216
43487.5,43.4875,-108.897237425441
43493.75,43.49375,-107.959309945546
43500,43.5,-107.43703017296
43506.25,43.50625,-107.281872685673
43512.5,43.5125,-107.48028552344
43518.75,43.51875,-108.048733545508
43525,43.525,-109.039761153124
43531.25,43.53125,-110.564467950447
43537.5,43.5375,-112.856604606401
43543.75,43.54375,-116.491043171242
43550,43.55,-123.607506405613
43556.25,43.55625,-133.842162211585
43562.5,43.5625,-119.515617066135
43568.75,43.56875,-114.572516979111
43575,43.575,-111.692178700364
43581.25,43.58125,-109.812190134407
43587.5,43.5875,-108.567058354199
43593.75,43.59375,-107.793601798483
43600,43.6,-107.412655793017
43606.25,43.60625,-107.390159209028
43612.5,43.6125,-107.723816500192
43618.75,43.61875,-108.442269937667
43625,43.625,-109.616069713033
43631.25,43.63125,-111.390823591409
43637.5,43.6375,-114.085364651126
43643.75,43.64375,-118.574463921048
43650,43.65,-129.514642726927
43656.25,43.65625,-125.645251623633
43662.5,43.6625,-117.351063140866
43668.75,43.66875,-113.409883989194
43675,43.675,-110.971599901489
43681.25,43.68125,-109.357505793733
43687.5,43.6875,-108.302651434576
43693.75,43.69375,-107.682861654574
43700,43.7,-107.438574602758
43706.25,43.70625,-107.548423221927
43712.5,43.7125,-108.021257854669
43718.75,43.71875,-108.899356495083
43725,43.725,-110.275611298288
43731.25,43.73125,-112.342525693056
43737.5,43.7375,-115.548324820182
43743.75,43.74375,-121.332041524163
43750,43.75,-158.048717504076
43756.25,43.75625,-121.593912304241
43762.5,43.7625,-115.688558025634
43768.75,43.76875,-112.446221487291
43775,43.775,-110.363882476296
43781.25,43.78125,-108.980445863426
43787.5,43.7875,-108.099031210766
43793.75,43.79375,-107.624757706854
43800,43.8,-107.514193900943
43806.25,43.80625,-107.757604354906
43812.5,43.8125,-108.375413710702
43818.75,43.81875,-109.425810242781
43825,43.825,-111.030371096655
43831.25,43.83125,-113.447744899797
43837.5,43.8375,-117.335100680996
43843.75,43.84375,-125.383617271227
43850,43.85,-130.350025928087
43856.25,43.85625,-118.920392040232
43862.5,43.8625,-114.359181651297
43868.75,43.86875,-111.638759759031
43875,43.875,-109.852480392359
43881.25,43.88125,-108.673278128279
43887.5,43.8875,-107.952383113419
43893.75,43.89375,-107.617670943576
43900,43.9,-107.639491961002
43906.25,43.90625,-108.019270495628
43912.5,43.9125,-108.790018337317
43918.75,43.91875,-110.029204119891
43925,43.925,-111.896497700919
43931.25,43.93125,-114.747891784393
43937.5,43.9375,-119.606203847885
43943.75,43.94375,-133.11795612679
43950,43.95,-124.255813275503
43956.25,43.95625,-116.95092951252
43962.5,43.9625,-113.269497435561
43968.75,43.96875,-110.958511489306
43975,43.975,-109.425134820791
43981.25,43.98125,-108.430065512953
43987.5,43.9875,-107.859837231231
43993.75,43.99375,-107.660615396045
44000,44,-107.815017000606
44006.25,44.00625,-108.33569468697
44012.5,44.0125,-109.269955957062
44018.75,44.01875,-110.719471465684
44025,44.025,-112.896305239233
44031.25,44.03125,-116.307243946685
44037.5,44.0375,-122.695133599429
44043.75,44.04375,-140.726670664681
44050,44.05,-120.794818905276
44056.25,44.05625,-115.414207277257
44062.5,44.0625,-112.362439012192
44068.75,44.06875,-110.384998182687
44075,44.075,-109.072591243976
44081.25,44.08125,-108.246245477032
44087.5,44.0875,-107.819311799886
44093.75,44.09375,-107.753191385827
44100,44.1,-108.041912691151
44106.25,44.10625,-108.709972829519
44112.5,44.1125,-109.821578387379
44118.75,44.11875,-111.50982517314
44125,44.125,-114.061681846835
44131.25,44.13125,-118.233373256898
44137.5,44.1375,-127.5049735511
44143.75,44.14375,-127.986872805627
44150,44.15,-118.402653971477
44156.25,44.15625,-114.173582450914
44162.5,44.1625,-111.600664237134
44168.75,44.16875,-109.903292920466
44175,44.175,-108.78777639922
44181.25,44.18125,-108.118341186902
44187.5,44.1875,-107.829407008965
44193.75,44.19375,-107.895566949937
44200,44.2,-108.321972774579
44206.25,44.20625,-109.146195843149
44212.5,44.2125,-110.453169437465
44218.75,44.21875,-112.41820423857
44225,44.225,-115.440279129128
44231.25,44.23125,-120.727229977807
44237.5,44.2375,-138.95281687685
44243.75,44.24375,-123.126711903895
44250,44.25,-116.599508012221
44256.25,44.25625,-113.150571954191
44262.5,44.2625,-110.958475705369
44268.75,44.26875,-109.50225849821
44275,44.275,-108.565252914763
44281.25,44.28125,-108.043761411937
44287.5,44.2875,-107.889337054887
44293.75,44.29375,-108.088485584994
44300,44.3,-108.657730483032
44306.25,44.30625,-109.649698172023
44312.5,44.3125,-111.175638192476
44318.75,44.31875,-113.469651605739
44325,44.325,-117.107737887617
44331.25,44.33125,-124.236619098148
44337.5,44.3375,-134.3807803567
44343.75,44.34375,-120.110662415776
44350,44.35,-115.173772148356
44356.25,44.35625,-112.295993124673
44362.5,44.3625,-110.417509602342
44368.75,44.36875,-109.173446330429
44375,44.375,-108.400849080729
44381.25,44.38125,-108.020662601393
44387.5,44.3875,-107.998893206114
44393.75,44.39375,-108.333301080473
44400,44.4,-109.052592630506
44406.25,44.40625,-110.227417875144
44412.5,44.4125,-112.003584417203
44418.75,44.41875,-114.700443454381
44425,44.425,-119.194756830354
44431.25,44.43125,-130.165455953236
44437.5,44.4375,-126.227614995188
44443.75,44.44375,-117.950310539137
44450,44.45,-114.013307850392
44456.25,44.45625,-111.577059275644
44462.5,44.4625,-109.964264473125
44468.75,44.46875,-108.91038169404
44475,44.475,-108.291403544319
44481.25,44.48125,-108.047856572271
44487.5,44.4875,-108.158434120585
44493.75,44.49375,-108.632042981927
44500,44.5,-109.51103438423
44506.25,44.50625,-110.888426284788
44512.5,44.5125,-112.956998034084
44518.75,44.51875,-116.165782081038
44525,44.525,-121.957780453376
44531.25,44.53125,-159.845108749309
44537.5,44.5375,-122.187578819927
44543.75,44.54375,-116.290843260794
44550,44.55,-113.05155374202
44556.25,44.55625,-110.970893420412
44562.5,44.5625,-109.588603276409
44568.75,44.56875,-108.708085835166
44575,44.575,-108.234588401153
44581.25,44.58125,-108.124753564998
44587.5,44.5875,-108.368902448478
44593.75,44.59375,-108.987519622769
44600,44.6,-110.038880345578
44606.25,44.60625,-111.644725717527
44612.5,44.6125,-114.064100538169
44618.75,44.61875,-117.955519298781
44625,44.625,-126.01990129747
44631.25,44.63125,-130.915974743197
44637.5,44.6375,-119.519748110459
44643.75,44.64375,-114.963898233278
44650,44.65,-112.245829508008
44656.25,44.65625,-110.460975653311
44662.5,44.6625,-109.282804299896
44668.75,44.66875,-108.56274950327
44675,44.675,-108.228788029739
44681.25,44.68125,-108.25133471065
44687.5,44.6875,-108.631869382139
44693.75,44.69375,-109.403470374256
44700,44.7,-110.643713457847
44706.25,44.70625,-112.512489563094
44712.5,44.7125,-115.366386857543
44718.75,44.71875,-120.230683350129
44725,44.725,-133.791667808122
44731.25,44.73125,-124.845874558954
44737.5,44.7375,-117.554003638044
44743.75,44.74375,-113.876290846394
44750,44.75,-111.567201447129
44756.25,44.75625,-110.035065128805
44762.5,44.7625,-109.04093838923
44768.75,44.76875,-108.471507145084
44775,44.775,-108.273019525602
44781.25,44.78125,-108.428151132321
44787.5,44.7875,-108.949611732833
44793.75,44.79375,-109.884785851912
44800,44.8,-111.335480702576
44806.25,44.80625,-113.514069426283
44812.5,44.8125,-116.928285772574
44818.75,44.81875,-123.326162903008
44825,44.825,-141.194365874651
44831.25,44.83125,-121.393478595246
44837.5,44.8375,-116.020081782837
44843.75,44.84375,-112.971085301366
44850,44.85,-110.995225233392
44856.25,44.85625,-109.683920176283
44862.5,44.8625,-108.858449163056
44868.75,44.86875,-108.432280690971
44875,44.875,-108.36688610016
44881.25,44.88125,-108.656349590768
44887.5,44.8875,-109.325229862938
44893.75,44.89375,-110.437826140232
44900,44.9,-112.127414229563
44906.25,44.90625,-114.681413092302
44912.5,44.9125,-118.85767005774
44918.75,44.91875,-128.150496683366
44925,44.925,-128.567653668479
44931.25,44.93125,-119.006145218576
44937.5,44.9375,-114.781757669989
44943.75,44.94375,-112.21101394774
44950,44.95,-110.514996819307
44956.25,44.95625,-109.400477022473
44962.5,44.9625,-108.731864728185
44968.75,44.96875,-108.443673582744
44975,44.975,-108.510558641754
44981.25,44.98125,-108.937727257937
44987.5,44.9875,-109.762820162946
44993.75,44.99375,-111.070886081988
45000,45,-113.037481296452
45006.25,45.00625,-116.062273479891
45012.5,45.0125,-121.356187564446
45018.75,45.01875,-139.685734607965
45025,45.025,-123.723155645217
45031.25,45.03125,-117.20634406128
45037.5,45.0375,-113.760747169652
45043.75,45.04375,-111.570425049556
45050,45.05,-110.115394949199
45056.25,45.05625,-109.179305526294
45062.5,45.0625,-108.658597947405
45068.75,45.06875,-108.504902997725
45075,45.075,-108.704783590423
45081.25,45.08125,-109.274821328326
45087.5,45.0875,-110.267724004983
45093.75,45.09375,-111.794889977555
45100,45.1,-114.090768255901
45106.25,45.10625,-117.732478744506
45112.5,45.1125,-124.873713808899
45118.75,45.11875,-134.9286705144
45125,45.125,-120.713963129004
45131.25,45.13125,-115.783217067295
45137.5,45.1375,-112.907974463628
45143.75,45.14375,-111.030984413511
45150,45.15,-109.787982564051
45156.25,45.15625,-109.016239659338
45162.5,45.1625,-108.636808783862
45168.75,45.16875,-108.615763059007
45175,45.175,-108.950917912946
45181.25,45.18125,-109.671043364989
45187.5,45.1875,-110.846888502572
45193.75,45.19375,-112.624459338945
45200,45.2,-115.323621777774
45206.25,45.20625,-119.82311739161
45212.5,45.2125,-130.824261292184
45218.75,45.21875,-126.818445042718
45225,45.225,-118.557812082972
45231.25,45.23125,-114.624945362189
45237.5,45.2375,-112.190715445547
45243.75,45.24375,-110.57921070049
45250,45.25,-109.526293545456
45256.25,45.25625,-108.908122675038
45262.5,45.2625,-108.665312189018
45268.75,45.26875,-108.776615284436
45275,45.275,-109.250994731258
45281.25,45.28125,-110.130874422586
45287.5,45.2875,-111.509397202733
45293.75,45.29375,-113.579616466259
45300,45.3,-116.791367009479
45306.25,45.30625,-122.591601534519
45312.5,45.3125,-161.825144761264
45318.75,45.31875,-122.789607200064
45325,45.325,-116.901396587773
45331.25,45.33125,-113.665126788804
45337.5,45.3375,-111.586132281916
45343.75,45.34375,-110.204981072964
45350,45.35,-109.32535576448
45356.25,45.35625,-108.85263053048
45362.5,45.3625,-108.743521318704
45368.75,45.36875,-108.988405322339
45375,45.375,-109.607826563625
45381.25,45.38125,-110.660146638426
45387.5,45.3875,-112.267269462675
45393.75,45.39375,-114.688633455123
45400,45.4,-118.584091024453
45406.25,45.40625,-126.66427192763
45412.5,45.4125,-131.490755441437
45418.75,45.41875,-120.127446484769
45425,45.425,-115.576904388945
45431.25,45.43125,-112.861169322048
45437.5,45.4375,-111.077730881156
45443.75,45.44375,-109.900584199263
45450,45.45,-109.181365230679
45456.25,45.45625,-108.848150961116
45462.5,45.4625,-108.871420138683
45468.75,45.46875,-109.252707648737
45475,45.475,-110.025157855897
45481.25,45.48125,-111.266452909177
45487.5,45.4875,-113.136703346894
45493.75,45.49375,-115.993089202412
45500,45.5,-120.863336951545
45506.25,45.50625,-134.473572266873
45512.5,45.5125,-125.444433897129
45518.75,45.51875,-118.165426682987
45525,45.525,-114.4913996105
45531.25,45.53125,-112.184192228559
45537.5,45.5375,-110.65328817031
45543.75,45.54375,-109.660098756057
45550,45.55,-109.091460702686
45556.25,45.55625,-108.893704098634
45562.5,45.5625,-109.049562656194
45568.75,45.56875,-109.571802821124
45575,45.575,-110.507885583567
45581.25,45.58125,-111.959753791699
45587.5,45.5875,-114.140087760349
45593.75,45.59375,-117.557563040945
45600,45.6,-123.965379987372
45606.25,45.60625,-141.673888110362
45612.5,45.6125,-122.000577849643
45618.75,45.61875,-116.634323169714
45625,45.625,-113.588075418517
45631.25,45.63125,-111.613784951258
45637.5,45.6375,-110.303575179427
45643.75,45.64375,-109.478974454124
45650,45.65,-109.053567769339
45656.25,45.65625,-108.98889602092
45662.5,45.6625,-109.279098701815
45668.75,45.66875,-109.948795640415
45675,45.675,-111.062378058585
45681.25,45.68125,-112.753300603134
45687.5,45.6875,-115.309429875686
45693.75,45.69375,-119.490227585456
45700,45.7,-128.80421751757
45706.25,45.70625,-129.157156732548
45712.5,45.7125,-119.618070030785
45718.75,45.71875,-115.39832366974
45725,45.725,-112.82973777222
45731.25,45.73125,-111.135066051202
45737.5,45.7375,-110.021537518604
45743.75,45.74375,-109.353744288544
45750,45.75,-109.066293094413
45756.25,45.75625,-109.13390044623
45762.5,45.7625,-109.561828857311
45768.75,45.76875,-110.387787940396
45775,45.775,-111.696941105931
45781.25,45.78125,-113.665088736008
45787.5,45.7875,-116.692583513697
45793.75,45.79375,-121.993426451783
45800,45.8,-140.427714533049
45806.25,45.80625,-124.32815457251
45812.5,45.8125,-117.821626238121
45818.75,45.81875,-114.379340573234
45825,45.825,-112.190780079363
45831.25,45.83125,-110.736930043389
45837.5,45.8375,-109.801752199881
45843.75,45.84375,-109.281825175308
45850,45.85,-109.128856811521
45856.25,45.85625,-109.329466739096
45862.5,45.8625,-109.900294259191
45868.75,45.86875,-110.894127989536
45875,45.875,-112.422514174513
45881.25,45.88125,-114.720247769748
45887.5,45.8875,-118.365563515809
45893.75,45.89375,-125.519103615707
45900,45.9,-135.486008309715
45906.25,45.90625,-121.325788421634
45912.5,45.9125,-116.401129325698
45918.75,45.91875,-113.528403655042
45925,45.925,-111.652897435113
45931.25,45.93125,-110.41095126926
45937.5,45.9375,-109.640058817189
45943.75,45.94375,-109.261380558738
45950,45.95,-109.241055876722
45956.25,45.95625,-109.576955024996
45962.5,45.9625,-110.297911196801
45968.75,45.96875,-111.474771916234
45975,45.975,-113.253740431992
45981.25,45.98125,-115.955194589136
45987.5,45.9875,-120.459847063324
45993.75,45.99375,-131.491397280259
46000,46,-127.417992033355
46006.25,46.00625,-119.173841871973
46012.5,46.0125,-115.245076160957
46018.75,46.01875,-112.812850681157
46025,46.025,-111.202628395979
46031.25,46.03125,-110.150672124054
46037.5,46.0375,-109.533305184848
46043.75,46.04375,-109.291228498234
46050,46.05,-109.403254648813
46056.25,46.05625,-109.878401983864
46062.5,46.0625,-110.759166586393
46068.75,46.06875,-112.138815431764
46075,46.075,-114.210674427594
46081.25,46.08125,-117.425376761858
46087.5,46.0875,-123.233812160255
46093.75,46.09375,-164.054745153149
46100,46.1,-123.400263094867
46106.25,46.10625,-117.520495350719
46112.5,46.1125,-114.287221957528
46118.75,46.11875,-112.209882540726
46125,46.125,-110.829864176481
46131.25,46.13125,-109.951127035983
46137.5,46.1375,-109.479171085561
46143.75,46.14375,-109.370785042674
46150,46.15,-109.616401756676
46156.25,46.15625,-110.236624299432
46162.5,46.1625,-111.28990007021
46168.75,46.16875,-112.898294866902
46175,46.175,-115.321638669834
46181.25,46.18125,-119.221115923818
46187.5,46.1875,-127.317048618309
46193.75,46.19375,-132.074590763074
46200,46.2,-120.743759794001
46206.25,46.20625,-116.19847987034
46212.5,46.2125,-113.485061996215
46218.75,46.21875,-111.703030679667
46225,46.225,-110.526903717714
46231.25,46.23125,-109.808517223207
46237.5,46.2375,-109.476047582912
46243.75,46.24375,-109.5000369732
46250,46.25,-109.882074943058
46256.25,46.25625,-110.655371470718
46262.5,46.2625,-111.897714459689
46268.75,46.26875,-113.769432869037
46275,46.275,-116.628295740608
46281.25,46.28125,-121.504468972014
46287.5,46.2875,-135.164034107751
46293.75,46.29375,-126.051750221597
46300,46.3,-118.78547545929
46306.25,46.30625,-115.115105407212
46312.5,46.3125,-112.809767940241
46318.75,46.31875,-111.280089611991
46325,46.325,-110.287833448621
46331.25,46.33125,-109.719985716356
46337.5,46.3375,-109.522957821103
46343.75,46.34375,-109.679541164024
46350,46.35,-110.202558494664
46356.25,46.35625,-111.13954680848
46362.5,46.3625,-112.592583837279
46368.75,46.36875,-114.774655513236
46375,46.375,-118.195375082
46381.25,46.38125,-124.613096438145
46387.5,46.3875,-142.165215996081
46393.75,46.39375,-122.616386767089
46400,46.4,-117.2572111612
46406.25,46.40625,-114.213692670641
46412.5,46.4125,-112.240962647396
46418.75,46.41875,-110.931842939179
46425,46.425,-110.108109113117
46431.25,46.43125,-109.683461731076
46437.5,46.4375,-109.619510724469
46443.75,46.44375,-109.910450499508
46450,46.45,-110.58096163276
46456.25,46.45625,-111.6955268222
46462.5,46.4625,-113.387778620994
46468.75,46.46875,-115.946029169041
46475,46.475,-120.131348447858
46481.25,46.48125,-129.466464430401
46487.5,46.4875,-129.75562564486
46493.75,46.49375,-120.238704226808
46500,46.5,-116.023562407234
46506.25,46.50625,-113.457120449302
46512.5,46.5125,-111.763787056623
46518.75,46.51875,-110.651245562236
46525,46.525,-109.984268549693
46531.25,46.53125,-109.69755512775
46537.5,46.5375,-109.765882824024
46543.75,46.54375,-110.194568955887
46550,46.55,-111.021391614441
46556.25,46.55625,-112.331628281854
46562.5,46.5625,-114.301322247041
46568.75,46.56875,-117.331508272249
46575,46.575,-122.639254235088
46581.25,46.58125,-141.179208669434
46587.5,46.5875,-124.941974177021
46593.75,46.59375,-118.445634013005
46600,46.6,-115.006635953487
46606.25,46.60625,-112.819826831156
46612.5,46.6125,-111.36715129677
46618.75,46.61875,-110.432881578109
46625,46.625,-109.913732692397
46631.25,46.63125,-109.761488975181
46637.5,46.6375,-109.962826393227
46643.75,46.64375,-110.534441595935
46650,46.65,-111.529203581022
46656.25,46.65625,-113.05880573635
46662.5,46.6625,-115.358387391854
46668.75,46.66875,-119.007293908411
46675,46.675,-126.173105285013
46681.25,46.68125,-136.052979571081
46687.5,46.6875,-121.946412340053
46693.75,46.69375,-117.027791044943
46700,46.7,-114.157566064146
46706.25,46.70625,-112.283535907883
46712.5,46.7125,-111.042640999757
46718.75,46.71875,-110.272596151996
46725,46.725,-109.894668439066
46731.25,46.73125,-109.875063044795
46737.5,46.7375,-110.211704702009
46743.75,46.74375,-110.933489418708
46750,46.75,-112.111362647617
46756.25,46.75625,-113.891723944406
46762.5,46.7625,-116.595460966129
46768.75,46.76875,-121.105251283807
46775,46.775,-132.167206240376
46781.25,46.78125,-128.02651199325
46787.5,46.7875,-119.798678768255
46793.75,46.79375,-115.873984462293
46800,46.8,-113.443751754539
46806.25,46.80625,-111.834805938427
46812.5,46.8125,-110.78380699481
46818.75,46.81875,-110.167241619718
46825,46.825,-109.925896934471
46831.25,46.83125,-110.03864452086
46837.5,46.8375,-110.514557974239
46843.75,46.84375,-111.396205183311
46850,46.85,-112.776976653963
46856.25,46.85625,-114.850469614954
46862.5,46.8625,-118.068112675694
46868.75,46.86875,-123.884723726453
46875,46.875,-166.64412141783
46881.25,46.88125,-124.0198173471
46887.5,46.8875,-118.148421658747
46893.75,46.89375,-114.918125219673
46900,46.9,-112.842432259144
46906.25,46.90625,-111.463542057002
46912.5,46.9125,-110.585690208626
46918.75,46.91875,-110.114501559097
46925,46.925,-110.006837102153
46931.25,46.93125,-110.253184999216
46937.5,46.9375,-110.874207045087
46943.75,46.94375,-111.928436015342
46950,46.95,-113.538098858358
46956.25,46.95625,-115.96341554347
46962.5,46.9625,-119.86689830549
46968.75,46.96875,-127.978554834018
46975,46.975,-132.667710882179
46981.25,46.98125,-121.368965708424
46987.5,46.9875,-116.82890923136
46993.75,46.99375,-114.117795039111
47000,47,-112.337164319356
47006.25,47.00625,-111.162053383381
47012.5,47.0125,-110.444497023345
47018.75,47.01875,-110.11277033732
47025,47.025,-110.13747852285
47031.25,47.03125,-110.520265476392
47037.5,47.0375,-111.29440645141
47043.75,47.04375,-112.537794614372
47050,47.05,-114.410976428937
47056.25,47.05625,-117.272307814511
47062.5,47.0625,-122.154388020786
47068.75,47.06875,-135.863422608954
47075,47.075,-126.6680881572
47081.25,47.08125,-119.414431787431
47087.5,47.0875,-115.747694773938
47093.75,47.09375,-113.444217480876
47100,47.1,-111.915759874725
47106.25,47.10625,-110.924434030786
47112.5,47.1125,-110.357374707682
47118.75,47.11875,-110.16107409168
47125,47.125,-110.318380924491
47131.25,47.13125,-110.842173956166
47137.5,47.1375,-111.780065822619
47143.75,47.14375,-113.234268555585
47150,47.15,-115.418072526507
47156.25,47.15625,-118.842025718519
47162.5,47.1625,-125.269628155438
47168.75,47.16875,-142.668356097734
47175,47.175,-123.241180803108
47181.25,47.18125,-117.889030510546
47187.5,47.1875,-114.84822529131
47193.75,47.19375,-112.877048508395
47200,47.2,-111.56901498558
47206.25,47.20625,-110.746145725136
47212.5,47.2125,-110.322256077037
47218.75,47.21875,-110.259024576413
47225,47.225,-110.550700232817
47231.25,47.23125,-111.22202406724
47237.5,47.2375,-112.337569845596
47243.75,47.24375,-114.031147314322
47250,47.25,-116.59151259846
47256.25,47.25625,-120.781339807735
47262.5,47.2625,-130.137570166985
47268.75,47.26875,-130.363310676767
47275,47.275,-120.868328893841
47281.25,47.28125,-116.657760917306
47287.5,47.2875,-114.093451720625
47293.75,47.29375,-112.401451238437
47300,47.3,-111.289893764158
47306.25,47.30625,-110.623731110216
47312.5,47.3125,-110.337754167506
47318.75,47.31875,-110.406801122024
47325,47.325,-110.836243807754
47331.25,47.33125,-111.663928476997
47337.5,47.3375,-112.975246211765
47343.75,47.34375,-114.946482313798
47350,47.35,-117.979351530866
47356.25,47.35625,-123.293983111909
47362.5,47.3625,-141.940678723236
47368.75,47.36875,-125.56488570762
47375,47.375,-119.078652121836
47381.25,47.38125,-115.642922240451
47387.5,47.3875,-113.457856426323
47393.75,47.39375,-112.006351277484
47400,47.4,-111.072987333397
47406.25,47.40625,-110.554615108159
47412.5,47.4125,-110.403094965646
47418.75,47.41875,-110.605158898874
47425,47.425,-111.17756062726
47431.25,47.43125,-112.173249184359
47437.5,47.4375,-113.70406453968
47443.75,47.44375,-116.005489249705
47450,47.45,-119.657976436057
47456.25,47.45625,-126.836040220861
47462.5,47.4625,-136.629780427217
47468.75,47.46875,-122.576114486467
47475,47.475,-117.663489648005
47481.25,47.48125,-114.79575227127
47487.5,47.4875,-112.923192243738
47493.75,47.49375,-111.68334545327
47500,47.5,-110.914146386252
47506.25,47.50625,-110.53696804734
47512.5,47.5125,-110.518081044426
47518.75,47.51875,-110.855464311165
47525,47.525,-111.578076389487
47531.25,47.53125,-112.756960274027
47537.5,47.5375,-114.538711140904
47543.75,47.54375,-117.244724954557
47550,47.55,-121.759640361584
47556.25,47.55625,-132.852035352265
47562.5,47.5625,-128.644267324308
47568.75,47.56875,-120.432607147103
47575,47.575,-116.511959840826
47581.25,47.58125,-114.083710733372
47587.5,47.5875,-112.476036967315
47593.75,47.59375,-111.425992960568
47600,47.6,-110.810227746655
47606.25,47.60625,-110.56961413935
47612.5,47.6125,-110.683082401716
47618.75,47.61875,-111.159761117088
47625,47.625,-112.042289684817
47631.25,47.63125,-113.424181693267
47637.5,47.6375,-115.499304833701
47643.75,47.64375,-118.719881137816
47650,47.65,-124.544652550335
47656.25,47.65625,-169.799596932517
47662.5,47.6625,-124.648546695468
47668.75,47.66875,-118.785463152537
47675,47.675,-115.558127975753
47681.25,47.68125,-113.484074880334
47687.5,47.6875,-112.106309537068
47693.75,47.69375,-111.229341174482
47700,47.7,-110.75891876203
47706.25,47.70625,-110.651975167734
47712.5,47.7125,-110.89905359045
47718.75,47.71875,-111.520874294318
47725,47.725,-112.57605510974
47731.25,47.73125,-114.18698360234
47737.5,47.7375,-116.614268635344
47743.75,47.74375,-120.521747601846
47750,47.75,-128.649119021794
47756.25,47.75625,-133.270353849605
47762.5,47.7625,-122.003347678581
47768.75,47.76875,-117.468482606118
47775,47.775,-114.759661466964
47781.25,47.78125,-112.980426540758
47787.5,47.7875,-111.806329170981
47793.75,47.79375,-111.089601603478
47800,47.8,-110.758617083081
47806.25,47.80625,-110.784043500767
47812.5,47.8125,-111.167578852192
47818.75,47.81875,-111.942563408593
47825,47.825,-113.186995237572
47831.25,47.83125,-115.061637657961
47837.5,47.8375,-117.925432051874
47843.75,47.84375,-122.813407897435
47850,47.85,-136.57211292615
47856.25,47.85625,-127.293718685407
47862.5,47.8625,-120.052583257909
47868.75,47.86875,-116.389459893128
47875,47.875,-114.087835340635
47881.25,47.88125,-112.560594940946
47887.5,47.8875,-111.570197608403
47893.75,47.89375,-111.003925725719
47900,47.9,-110.808351824364
47906.25,47.90625,-110.966381710159
47912.5,47.9125,-111.490949899988
47918.75,47.91875,-112.429744398732
47925,47.925,-113.885111119295
47931.25,47.93125,-116.070644066578
47937.5,47.9375,-119.497824140961
47943.75,47.94375,-125.935296288222
47950,47.95,-143.183340958701
47956.25,47.95625,-123.875241495395
47962.5,47.9625,-118.53007177707
47968.75,47.96875,-115.491967235267
47975,47.975,-113.522338401092
47981.25,47.98125,-112.215388504548
47987.5,47.9875,-111.393382514567
47993.75,47.99375,-110.970249934536
48000,48,-110.907737557672
48006.25,48.00625,-111.200148755029
48012.5,48.0125,-111.87228476306
48018.75,48.01875,-112.988810119492
48025,48.025,-114.683711267958
48031.25,48.03125,-117.246187306732
48037.5,48.0375,-121.440514273239
48043.75,48.04375,-130.817872856554
48050,48.05,-130.980469295714
48056.25,48.05625,-121.50723114169
48062.5,48.0625,-117.301212098911
48068.75,48.06875,-114.739027131319
48075,48.075,-113.048355771067
48081.25,48.08125,-111.937780486751
48087.5,48.0875,-111.272431306067
48093.75,48.09375,-110.987190424359
48100,48.1,-111.056956402653
48106.25,48.10625,-111.487155371751
48112.5,48.1125,-112.315701512019
48118.75,48.11875,-113.628099172722
48125,48.125,-115.600875069997
48131.25,48.13125,-118.636422669932
48137.5,48.1375,-123.957930795044
48143.75,48.14375,-142.712597912521
48150,48.15,-126.19716686925
48156.25,48.15625,-119.72097133894
48162.5,48.1625,-116.288494300687
48168.75,48.16875,-114.105165877645
48175,48.175,-112.6548284196
48181.25,48.18125,-111.722368987403
48187.5,48.1875,-111.204772868976
48193.75,48.19375,-111.053976086426
48200,48.2,-111.256766418802
48206.25,48.20625,-111.829954447872
48212.5,48.2125,-112.826568997163
48218.75,48.21875,-114.358596235284
48225,48.225,-116.661861215479
48231.25,48.23125,-120.317923303053
48237.5,48.2375,-127.5082354213
48243.75,48.24375,-137.216617483523
48250,48.25,-123.215180762125
48256.25,48.25625,-118.308518645036
48262.5,48.2625,-115.443258873806
48268.75,48.26875,-113.572164837222
48275,48.275,-112.333364289572
48281.25,48.28125,-111.565010190435
48287.5,48.2875,-111.188580943201
48293.75,48.29375,-111.170412284522
48300,48.3,-111.5085371379
48306.25,48.30625,-112.231976375317
48312.5,48.3125,-113.411870266086
48318.75,48.31875,-115.1950091588
48325,48.325,-117.903296438185
48331.25,48.33125,-122.423330375944
48337.5,48.3375,-133.546237732428
48343.75,48.34375,-129.271527447862
48350,48.35,-121.07591766479
48356.25,48.35625,-117.159298025542
48362.5,48.3625,-114.733025789151
48368.75,48.36875,-113.126621199041
48375,48.375,-112.077530884235
48381.25,48.38125,-111.462565380763
48387.5,48.3875,-111.222682792978
48393.75,48.39375,-111.33687182224
48400,48.4,-111.814315847599
48406.25,48.40625,-112.697725571738
48412.5,48.4125,-114.08073736777
48418.75,48.41875,-116.157488859873
48425,48.425,-119.380994464352
48431.25,48.43125,-125.213920799333
48437.5,48.4375,-173.98397189606
48443.75,48.44375,-125.286734499253
48450,48.45,-119.431913787943
48456.25,48.45625,-116.20752785856
48462.5,48.4625,-114.135110042118
48468.75,48.46875,-112.758467612505
48475,48.475,-111.882381984982
48481.25,48.48125,-111.412725654361
48487.5,48.4875,-111.306503050473
48493.75,48.49375,-111.554312203059
48500,48.5,-112.17693166389
48506.25,48.50625,-113.233064100701
48512.5,48.5125,-114.845257358816
48518.75,48.51875,-117.274508572321
48525,48.525,-121.185979262589
48531.25,48.53125,-129.329075597294
48537.5,48.5375,-133.882766078527
48543.75,48.54375,-122.647195694918
48550,48.55,-118.117496503983
48556.25,48.55625,-115.410960613611
48562.5,48.5625,-113.633118373267
48568.75,48.56875,-112.4600333269
48575,48.575,-111.744134196005
48581.25,48.58125,-111.413891930023
48587.5,48.5875,-111.440036863358
48593.75,48.59375,-111.824320909282
48600,48.6,-112.600149178992
48606.25,48.60625,-113.845624407316
48612.5,48.6125,-115.721726382477
48618.75,48.61875,-118.587981243607
48625,48.625,-123.481848504446
48631.25,48.63125,-137.290487311375
48637.5,48.6375,-127.928919835295
48643.75,48.64375,-120.700224012498
48650,48.65,-117.040699397164
48656.25,48.65625,-114.740922417858
48662.5,48.6625,-113.214897178829
48668.75,48.66875,-112.225427659091
48675,48.675,-111.659943181458
48681.25,48.68125,-111.465096287298
48687.5,48.6875,-111.623849640552
48693.75,48.69375,-112.149193359759
48700,48.7,-113.088890639328
48706.25,48.70625,-114.545421017494
48712.5,48.7125,-116.732681695125
48718.75,48.71875,-120.163085797339
48725,48.725,-126.610428183213
48731.25,48.73125,-143.710227481176
48737.5,48.7375,-124.518857209658
48743.75,48.74375,-119.180632120307
48750,48.75,-116.14521899027
48756.25,48.75625,-114.177134694239
48762.5,48.7625,-112.871267166315
48768.75,48.76875,-112.050124178664
48775,48.775,-111.62774889545
48781.25,48.78125,-111.565956106806
48787.5,48.7875,-111.859103370365
48793.75,48.79375,-112.532051982762
48800,48.8,-113.649557067984
48806.25,48.80625,-115.345781485372
48812.5,48.8125,-117.910366830875
48818.75,48.81875,-122.109190801917
48825,48.825,-131.507717038998
48831.25,48.83125,-131.607366774632
48837.5,48.8375,-122.155704878746
48843.75,48.84375,-117.954215520963
48850,48.85,-115.394148849306
48856.25,48.85625,-113.704804428028
48862.5,48.8625,-112.595210677397
48868.75,48.86875,-111.930675048797
48875,48.875,-111.646170677494
48881.25,48.88125,-111.716656290646
48887.5,48.8875,-112.147612162688
48893.75,48.89375,-112.97702025177
48900,48.9,-114.290497979547
48906.25,48.90625,-116.26481317071
48912.5,48.9125,-119.303037562875
48918.75,48.91875,-124.631421441489
48925,48.925,-143.495452890595
48931.25,48.93125,-126.839102545313
48937.5,48.9375,-120.372889269961
48943.75,48.94375,-116.943653751341
48950,48.95,-114.762058914332
48956.25,48.95625,-113.312887855324
48962.5,48.9625,-112.381332748677
48968.75,48.96875,-111.864513100345
48975,48.975,-111.714440314041
48981.25,48.98125,-111.917957783209
48987.5,48.9875,-112.491932813783
48993.75,48.99375,-113.489473870501
49000,49,-115.022713115935
49006.25,49.00625,-117.327817784775
49012.5,49.0125,-120.987453304028
49018.75,49.01875,-128.190024449668
49025,49.025,-137.813708075978
49031.25,49.03125,-123.863904133906
49037.5,49.0375,-118.963178439514
49043.75,49.04375,-116.100389308161
49050,49.05,-114.23075889651
49056.25,49.05625,-112.99300396781
49062.5,49.0625,-112.22549502536
49068.75,49.06875,-111.849815470191
49075,49.075,-111.832365952611
49081.25,49.08125,-112.171233241124
49087.5,49.0875,-112.895500409868
49093.75,49.09375,-114.07640485372
49100,49.1,-115.860931882222
49106.25,49.10625,-118.57149202646
49112.5,49.1125,-123.096644095241
49118.75,49.11875,-134.250173535005
49125,49.125,-129.908569477868
49131.25,49.13125,-121.728908048292
49137.5,49.1375,-117.816301715765
49143.75,49.14375,-115.392002025617
49150,49.15,-113.786865263083
49156.25,49.15625,-112.738728530636
49162.5,49.1625,-112.124563231798
49168.75,49.16875,-111.885412464799
49175,49.175,-112.000323198017
49181.25,49.18125,-112.478533480899
49187.5,49.1875,-113.362825198817
49193.75,49.19375,-114.746957360768
49200,49.2,-116.825337320791
49206.25,49.20625,-120.051771798425
49212.5,49.2125,-125.892857436228
49218.75,49.21875,-180.673295624801
49225,49.225,-125.934671489142
49231.25,49.23125,-120.088074642281
49237.5,49.2375,-116.86662955811
49243.75,49.24375,-114.795844411952
49250,49.25,-113.420324294168
49256.25,49.25625,-112.545121697822
49262.5,49.2625,-112.076232196542
49268.75,49.26875,-111.970731557459
49275,49.275,-112.219272501719
49281.25,49.28125,-112.842691758022
49287.5,49.2875,-113.899776716898
49293.75,49.29375,-115.513235359845
49300,49.3,-117.944452937856
49306.25,49.30625,-121.859915667334
49312.5,49.3125,-130.018765950089
49318.75,49.31875,-134.505202874557
49325,49.325,-123.300807071557
49331.25,49.33125,-118.776254627265
49337.5,49.3375,-116.071998962507
49343.75,49.34375,-114.295547975602
49350,49.35,-113.123475215752
49356.25,49.35625,-112.408405144772
49362.5,49.3625,-112.078906094795
49368.75,49.36875,-112.105770670205
49375,49.375,-112.490804586063
49381.25,49.38125,-113.267477694503
49387.5,49.3875,-114.513997290503
49393.75,49.39375,-116.391559507591
49400,49.4,-119.260275241982
49406.25,49.40625,-124.160036780177
49412.5,49.4125,-138.018936366367
49418.75,49.41875,-128.573977402081
49425,49.425,-121.357655548533
49431.25,49.43125,-117.701719195726
49437.5,49.4375,-115.403786857747
49443.75,49.44375,-113.878976188347
49450,49.45,-112.890434883784
49456.25,49.45625,-112.325738703987
49462.5,49.4625,-112.131619963079
49468.75,49.46875,-112.291098046645
49475,49.475,-112.817218577331
49481.25,49.48125,-113.757819850851
49487.5,49.4875,-115.215514936591
49493.75,49.49375,-117.404504160108
49500,49.5,-120.838133303155
49506.25,49.50625,-127.295358352156
49512.5,49.5125,-144.249095630136
49518.75,49.51875,-125.172323913254
49525,49.525,-119.841016119102
49531.25,49.53125,-116.808288412865
49537.5,49.5375,-114.841747103652
49543.75,49.54375,-113.536961976976
49550,49.55,-112.71668274421
49556.25,49.55625,-112.295065877242
49562.5,49.5625,-112.233993985188
49568.75,49.56875,-112.527878703366
49575,49.575,-113.201641306254
49581.25,49.58125,-114.320127428243
49587.5,49.5875,-116.017676276086
49593.75,49.59375,-118.584372001896
49600,49.6,-122.787695626913
49606.25,49.60625,-132.207454715884
49612.5,49.6125,-132.244276835513
49618.75,49.61875,-122.814051613072
49625,49.625,-118.617078252367
49631.25,49.63125,-116.059126508348
49637.5,49.6375,-114.371108432914
49643.75,49.64375,-113.262496725301
49650,49.65,-112.598775687096
49656.25,49.65625,-112.315009140362
49662.5,49.6625,-112.386215842943
49668.75,49.66875,-112.817930125547
49675,49.675,-113.648201656001
49681.25,49.68125,-114.962760870196
49687.5,49.6875,-116.938616686749
49693.75,49.69375,-119.979519486192
49700,49.7,-125.314786602504
49706.25,49.70625,-144.289745773187
49712.5,49.7125,-127.490985550408
49718.75,49.71875,-121.034711170822
49725,49.725,-117.608709799373
49731.25,49.73125,-115.428846831789
49737.5,49.7375,-113.980842271723
49743.75,49.74375,-113.050192374676
49750,49.75,-112.534150473399
49756.25,49.75625,-112.384803168706
49762.5,49.7625,-112.589049364514
49768.75,49.76875,-113.163813021585
49775,49.775,-114.162282193514
49781.25,49.78125,-115.696735008048
49787.5,49.7875,-118.003680979015
49793.75,49.79375,-121.666892747252
49800,49.8,-128.881748429425
49806.25,49.80625,-138.421280594494
49812.5,49.8125,-124.522585428711
49818.75,49.81875,-119.627777160482
49825,49.825,-116.767454697178
49831.25,49.83125,-114.899287299554
49837.5,49.8375,-113.662578608786
49843.75,49.84375,-112.89591600935
49850,49.85,-112.520987627233
49856.25,49.85625,-112.504258890437
49862.5,49.8625,-112.843870333038
49868.75,49.86875,-113.568967178803
49875,49.875,-114.750883916484
49881.25,49.88125,-116.536800840428
49887.5,49.8875,-119.249635966035
49893.75,49.89375,-123.779911918001
49900,49.9,-134.964211077321
49906.25,49.90625,-130.555678929902
49912.5,49.9125,-122.391883913185
49918.75,49.91875,-118.483281424078
49925,49.925,-116.060952333591
49931.25,49.93125,-114.457083564374
49937.5,49.9375,-113.409901434471
49943.75,49.94375,-112.796537776749
49950,49.95,-112.558120490334
49956.25,49.95625,-112.673754710232
49962.5,49.9625,-113.152733097258
49968.75,49.96875,-114.037908684983
49975,49.975,-115.423163117555
49981.25,49.98125,-117.503173601338
49987.5,49.9875,-120.732540033689
49993.75,49.99375,-126.58179919051
50000,50,-376.399822778151
